STATE,COUNTY,MONTH,DAY,HOUR,MINUTE,VE_TOTAL,PERSONS,PEDS,NHS,ROAD_FNC,ROUTE,SP_JUR,HARM_EV,MAN_COLL,REL_JUNC,REL_ROAD,TRAF_FLO,NO_LANES,SP_LIMIT,ALIGNMNT,PROFILE,PAVE_TYP,SUR_COND,TRA_CONT,T_CONT_F,LGT_COND,WEATHER1,WEATHER2,WRK_ZONE,NOT_HOUR,NOT_MIN,ARR_HOUR,ARR_MIN,HOSP_HR,HOSP_MN,SCH_BUS,CF1,CF2,CF3,FATALS,DAY_WEEK,DRUNK_DR,ST_CASE,CITY,YEAR,MILEPT,TWAY_ID,TWAY_ID2,RAIL,LATITUDE,LONGITUD,VE_FORMS,WEATHER
1,47,4,18,1,30,2,4,0,0,3,3,0,12,11,10,1,1,2,40,1,1,2,1,20,3,2,1,0,0,99,99,3,56,88,88,0,0,0,0,3,7,1,10214,0,2009,22,SR-219,7415,0000000,32.24900833,-87.04646944,2,1
1,15,4,18,6,40,2,3,0,0,4,4,0,12,2,1,1,1,2,40,2,1,2,1,0,0,1,1,0,0,99,99,6,45,99,99,0,0,0,0,2,7,0,10215,0,2009,0,1287,99999999999999999999,0000000,33.86859722,-85.89986667,2,1
1,115,4,20,20,25,2,3,0,1,1,1,0,12,1,1,1,3,3,70,1,2,2,1,0,0,2,1,0,0,99,99,20,55,99,99,0,0,0,0,1,2,0,10216,0,2009,1441,I-20,99999999999999999999,0000000,33.56421389,-86.53321389,2,1
1,49,4,24,18,40,1,4,0,0,6,4,0,32,0,1,4,1,2,45,2,1,2,1,0,0,1,1,0,0,99,99,19,10,99,99,0,0,0,0,1,6,0,10217,0,2009,0,1469,99999999999999999999,0000000,34.83008056,-85.62100278,1,1
1,121,4,25,2,25,1,2,1,0,4,4,0,8,0,1,1,1,2,55,1,1,2,1,0,0,2,1,0,0,99,99,2,35,99,99,0,0,0,0,1,7,0,10218,0,2009,0,1399,99999999999999999999,0000000,33.58011944,-86.07440556,1,1
1,129,4,25,12,45,1,2,0,0,4,4,0,35,0,1,4,1,2,45,1,2,2,1,0,0,1,1,0,0,99,99,13,18,99,99,0,0,0,0,1,7,0,10219,0,2009,0,1168,99999999999999999999,0000000,31.56343333,-88.11751944,1,1
1,95,4,25,14,0,1,1,0,0,6,4,0,1,0,1,1,1,2,45,2,2,2,1,0,0,1,1,0,0,99,99,14,8,99,99,0,0,0,0,1,7,0,10220,0,2009,0,1811,99999999999999999999,0000000,34.35094722,-86.44360556,1,1
1,89,4,26,1,30,1,1,0,0,6,4,0,42,0,2,4,1,2,40,1,1,2,1,20,3,3,1,0,0,99,99,1,50,88,88,0,0,0,0,1,1,1,10221,0,2009,0,1046,8041,0000000,34.78643889,-86.70521667,1,1
1,7,4,28,9,5,2,2,0,0,3,3,0,12,2,1,1,1,2,55,1,1,2,1,0,0,1,1,0,0,99,99,9,30,88,88,0,0,0,0,1,3,0,10222,0,2009,1052,SR-25,99999999999999999999,0000000,33.044825,-86.95189444,2,1
1,79,4,29,10,24,2,2,0,0,4,3,0,12,5,4,1,1,2,55,1,2,2,1,0,0,1,1,0,0,99,99,10,29,88,88,0,0,0,0,1,4,0,10223,0,2009,33,SR-36,99999999999999999999,0000000,34.42323056,-87.23431944,2,1
1,1,4,29,2,30,2,2,0,1,1,1,0,12,5,1,1,2,2,70,1,2,2,1,0,0,2,1,0,0,99,99,3,6,88,88,0,0,0,0,1,4,0,10224,0,2009,1830,I-65,99999999999999999999,0000000,32.50121944,-86.41764167,2,1
1,75,4,30,11,55,1,1,0,0,6,4,0,42,0,1,4,1,2,45,2,2,2,1,0,0,1,1,0,0,99,99,12,0,88,88,0,0,0,0,1,5,1,10225,0,2009,0,1083,99999999999999999999,0000000,33.82329722,-88.14451111,1,1
1,103,4,2,16,30,1,4,0,0,12,2,0,42,0,1,3,2,2,55,2,1,2,2,0,0,1,2,0,0,99,99,16,36,99,99,0,0,0,0,1,5,0,10226,1590,2009,0,US-SR 3,99999999999999999999,0000000,34.47231944,-86.95846667,1,2
1,55,4,16,12,55,3,7,0,1,12,3,0,12,4,1,1,2,2,50,1,1,2,1,0,0,1,1,0,0,99,99,13,1,99,99,0,0,0,0,1,5,0,10227,1280,2009,0,SR-25,99999999999999999999,0000000,34.02359722,-85.98784444,3,1
1,73,4,18,22,27,2,4,0,1,11,1,0,12,3,1,1,3,4,60,1,1,2,1,0,0,3,1,0,0,99,99,22,38,88,88,0,0,0,0,1,7,1,10228,350,2009,1295,I-20,99999999999999999999,0000000,33.54959444,-86.77688611,2,1
1,81,4,25,0,50,1,2,1,1,11,1,0,8,0,1,1,2,2,70,1,1,2,1,0,0,2,1,0,0,99,99,1,11,88,88,0,0,0,0,1,7,0,10229,200,2009,567,I-85,99999999999999999999,0000000,32.60319444,-85.43234722,1,1
1,97,5,18,3,3,2,3,2,1,11,1,0,12,5,1,1,3,4,65,1,1,2,1,0,0,3,1,0,0,99,99,3,15,99,99,0,19,0,0,1,2,0,10230,2100,2009,40,I-65,99999999999999999999,0000000,30.68802778,-88.12657778,2,1
1,91,5,1,7,7,1,3,0,1,2,2,0,34,0,1,4,1,2,55,1,1,2,1,0,0,1,1,0,0,99,99,7,14,99,99,0,0,0,0,1,6,0,10231,0,2009,1146,US-SR 13,99999999999999999999,0000000,32.23458333,-87.79346389,1,1
1,103,5,2,8,25,3,3,0,1,1,1,0,26,0,1,3,2,4,70,1,1,2,2,0,0,1,2,0,0,99,99,8,28,99,99,0,0,0,0,1,7,0,10232,0,2009,3190,I-65,99999999999999999999,0000000,34.3243,-86.90039722,3,2
1,1,5,2,21,45,1,1,0,0,3,2,0,42,0,1,4,1,2,55,1,2,2,2,0,0,2,1,0,0,99,99,21,20,99,99,0,0,0,0,1,7,1,10233,0,2009,2050,US-SR 3,99999999999999999999,0000000,32.646025,-86.48746389,1,1
1,51,5,2,20,20,1,1,0,0,4,4,0,38,0,2,4,1,2,45,1,1,2,1,20,3,2,1,0,0,99,99,20,35,99,99,0,0,0,0,1,7,1,10234,0,2009,0,1189,7831,0000000,32.58035278,-85.99947222,1,1
1,103,5,4,1,0,1,1,0,0,6,4,0,42,0,1,4,1,2,45,2,2,2,2,0,0,2,1,0,0,88,88,88,88,88,88,0,0,0,0,1,2,1,10235,0,2009,0,1412,99999999999999999999,0000000,34.38343056,-86.62239167,1,1
1,99,5,5,21,35,2,3,0,1,2,2,0,12,2,1,1,1,2,55,1,1,2,1,0,0,2,1,0,0,99,99,21,57,99,99,0,0,0,0,1,3,0,10236,0,2009,701,US-SR 12,99999999999999999999,0000000,31.50428889,-87.43718056,2,1
1,127,5,6,7,30,1,2,0,0,6,4,0,42,0,1,4,1,2,35,2,2,2,2,0,0,1,1,0,0,99,99,8,4,99,99,0,0,0,0,1,4,0,10237,0,2009,0,1165,99999999999999999999,0000000,33.86933333,-87.41790278,1,1
1,73,5,6,11,0,1,1,0,1,4,3,0,42,0,1,4,1,2,55,1,2,2,2,0,0,1,1,0,0,99,99,11,20,99,99,0,0,0,0,1,4,0,10238,0,2009,134,SR-269,99999999999999999999,0000000,33.53652222,-87.07648889,1,1
1,133,5,6,6,50,2,3,0,0,6,4,0,12,5,8,1,1,2,35,1,3,2,2,0,0,1,2,0,0,99,99,7,10,88,88,0,0,0,0,1,4,0,10239,0,2009,0,1224,99999999999999999999,0000000,34.18841944,-87.42372778,2,2
1,61,5,6,21,15,1,2,1,0,4,4,0,8,0,1,1,1,2,45,1,2,2,1,0,0,2,1,0,0,88,88,88,88,88,88,0,0,0,0,1,4,0,10240,0,2009,0,1200,99999999999999999999,0000000,31.01106667,-85.64057222,1,1
1,45,5,9,16,30,1,1,0,0,6,4,0,42,0,1,4,1,2,45,2,2,2,1,0,0,1,1,0,0,99,99,16,40,99,99,0,0,0,0,1,7,1,10241,0,2009,0,1237,99999999999999999999,0000000,31.58906389,-85.64673056,1,1
1,121,5,9,16,20,2,5,0,0,4,4,0,12,5,1,1,1,2,45,1,2,2,1,0,0,1,1,0,0,99,99,16,41,88,88,0,0,0,0,1,7,0,10242,0,2009,0,1303,99999999999999999999,0000000,33.34540833,-86.16104722,2,1
1,55,5,9,15,30,1,2,0,1,11,1,0,34,0,1,3,2,2,70,1,1,1,1,0,0,1,1,0,0,99,99,15,33,99,99,0,0,0,0,1,7,0,10243,2587,2009,1867,I-59,99999999999999999999,0000000,34.05518333,-86.04015833,1,1
1,17,5,9,4,45,1,1,0,0,2,2,0,27,0,1,4,1,2,55,1,1,2,1,0,0,2,1,0,0,99,99,5,10,99,99,0,0,0,0,1,7,0,10244,0,2009,1548,US-SR 1,99999999999999999999,0000000,32.83268611,-85.43865556,1,1
1,53,5,11,10,18,1,1,0,1,1,1,0,24,0,1,4,3,2,70,1,1,2,1,0,0,1,1,0,0,99,99,10,30,88,88,0,0,0,0,1,2,0,10245,0,2009,652,I-65,99999999999999999999,0000000,31.165075,-87.36401111,1,1
1,81,5,11,15,25,1,1,0,0,3,3,0,53,0,1,4,1,2,55,2,2,2,1,0,0,1,1,0,0,99,99,17,0,99,99,0,0,0,0,1,2,0,10246,0,2009,168,SR-169,99999999999999999999,0000000,32.52011111,-85.25094444,1,1
1,21,5,11,16,10,1,2,1,0,6,4,0,9,0,8,1,1,2,45,1,2,2,1,0,0,1,1,0,0,99,99,16,25,88,88,0,0,0,0,1,2,0,10247,0,2009,0,1096,99999999999999999999,0000000,32.80015278,-86.63401111,1,1
1,113,5,12,6,40,2,2,0,0,4,4,0,12,2,1,1,1,2,45,2,2,2,2,0,0,1,2,0,0,99,99,6,58,99,99,0,0,0,0,1,3,0,10248,0,2009,0,1141,99999999999999999999,0000000,32.41036389,-85.11960278,2,2
1,85,5,13,15,5,1,2,0,0,3,3,0,1,0,1,1,1,2,55,1,2,2,1,0,0,1,1,0,0,99,99,15,21,99,99,0,0,0,0,1,4,0,10249,0,2009,222,SR-97,99999999999999999999,0000000,32.21657778,-86.59346667,1,1
1,51,5,15,4,57,3,4,0,1,1,1,0,12,4,1,1,3,3,70,1,2,1,1,0,0,1,1,0,0,99,99,5,0,88,88,0,0,0,0,1,6,1,10250,0,2009,1792,I-65,99999999999999999999,0000000,32.46029444,-86.38835278,3,1
1,121,5,16,11,20,3,6,0,1,2,2,0,12,5,2,1,2,2,65,1,1,2,2,0,0,1,2,0,0,99,99,11,30,99,99,0,14,0,0,2,7,0,10251,0,2009,459,US-SR 38,8460,0000000,33.12357222,-86.24224722,3,2
1,83,5,16,18,10,2,3,0,0,6,4,0,12,2,1,1,1,2,45,1,1,2,2,0,0,1,2,0,0,99,99,18,20,99,99,0,0,0,0,2,7,1,10252,0,2009,0,1048,99999999999999999999,0000000,34.75381389,-87.06712222,2,2
1,53,5,17,12,25,1,1,0,1,1,1,0,51,0,1,1,2,4,70,1,2,2,1,0,0,1,1,0,0,99,99,12,38,99,99,0,0,0,0,1,1,0,10253,0,2009,644,I-65,99999999999999999999,0000000,31.15846389,-87.3777,1,1
1,39,5,17,14,45,2,5,0,0,2,2,0,12,5,1,1,1,2,55,1,2,2,2,0,0,1,2,0,0,99,99,15,12,99,99,0,0,0,0,1,1,0,10254,0,2009,292,US-SR 9,99999999999999999999,0000000,31.36778333,-86.27460556,2,2
1,101,5,20,19,30,1,3,0,0,4,4,0,1,0,1,1,1,2,55,1,1,2,1,0,0,5,1,0,0,99,99,19,48,99,99,0,0,0,0,1,4,0,10255,0,2009,0,1254,99999999999999999999,0000000,32.24961111,-86.20336667,1,1
1,55,5,20,0,50,1,1,0,1,11,1,0,24,0,1,4,3,2,70,1,1,2,1,0,0,2,1,0,0,99,99,1,5,88,88,0,0,0,0,1,4,0,10256,0,2009,1773,I-59,99999999999999999999,0000000,33.96019722,-86.13251111,1,1
1,19,5,20,2,20,1,1,0,0,3,3,0,32,0,1,4,1,2,55,1,1,2,1,0,0,2,1,0,0,88,88,88,88,88,88,0,0,0,0,1,4,1,10257,610,2009,0,SR-68,99999999999999999999,0000000,34.24859167,-85.59862778,1,1
1,15,5,20,19,0,1,1,0,0,4,4,0,35,0,1,4,1,2,45,2,2,2,1,0,0,5,1,0,0,99,99,19,18,99,99,0,0,0,0,1,4,0,10258,0,2009,0,1002,99999999999999999999,0000000,33.930125,-85.71971944,1,1
1,55,5,22,19,10,1,1,0,0,16,4,0,1,0,1,1,1,2,35,1,2,2,1,0,0,5,1,0,0,99,99,19,47,88,88,0,0,0,0,1,6,0,10259,0,2009,0,1099,99999999999999999999,0000000,33.96478333,-85.99653611,1,1
1,3,3,19,20,48,1,1,0,0,14,2,0,44,0,1,1,3,4,55,1,1,2,1,0,0,2,1,0,1,99,99,20,53,88,88,0,0,0,0,1,5,0,10260,2823,2009,0,US-SR 16,99999999999999999999,0000000,30.67425833,-87.96418056,1,1
1,1,4,29,16,21,1,1,0,0,4,4,0,42,0,1,4,1,2,45,2,1,2,1,0,0,1,1,0,0,99,99,16,28,88,88,0,0,0,0,1,4,1,10261,2540,2009,0,1130,99999999999999999999,0000000,32.48490833,-86.514,1,1
1,97,4,18,9,0,1,1,0,0,14,4,0,34,0,1,4,1,2,45,1,2,2,1,0,0,1,1,0,0,99,99,9,28,88,88,0,0,0,0,1,7,1,10262,0,2009,0,1552,99999999999999999999,0000000,30.70003611,-88.27639167,1,1
1,89,4,25,14,50,1,1,0,0,2,4,0,34,0,1,4,1,2,40,1,1,2,1,0,0,1,1,0,0,99,99,14,45,88,88,0,0,0,0,1,7,1,10263,0,2009,0,2120,99999999999999999999,0000000,34.90178889,-86.66569167,1,1
1,31,5,2,21,50,1,2,1,0,14,3,0,8,0,1,1,1,2,40,1,1,2,1,0,0,2,1,0,0,99,99,21,55,99,99,0,0,0,0,1,7,0,10264,1030,2009,0,SR-248,99999999999999999999,0000000,31.32374444,-85.82765278,1,1
1,81,5,25,12,35,2,2,0,1,12,3,0,12,2,1,1,1,2,55,2,1,2,1,0,0,1,1,0,0,99,99,12,40,99,99,0,0,0,0,2,2,0,10265,2340,2009,0,SR-169,99999999999999999999,0000000,32.61815833,-85.3645,2,1
1,51,5,7,6,37,2,4,0,0,3,3,0,12,5,1,1,1,4,50,1,1,2,2,0,0,1,2,0,0,99,99,6,48,99,99,0,0,0,0,1,5,0,10266,2940,2009,0,SR-14,99999999999999999999,0000000,32.55340556,-85.92259167,2,2
1,81,5,17,16,46,2,5,0,1,11,1,0,12,1,1,1,2,2,70,1,1,2,2,0,0,1,2,0,0,99,99,17,5,99,99,0,0,0,0,2,1,0,10267,200,2009,520,I-85,99999999999999999999,0000000,32.56706944,-85.49148611,2,2
1,95,5,1,11,45,1,1,0,0,5,4,0,30,0,1,4,1,2,40,2,2,2,2,0,0,1,2,0,0,99,99,12,0,99,99,0,0,0,0,1,6,0,10268,0,2009,0,1426,99999999999999999999,0000000,34.34455278,-86.226775,1,2
1,95,5,6,14,55,4,6,0,0,6,4,0,12,5,1,1,1,2,45,1,2,2,1,0,0,1,1,0,0,99,99,15,8,99,99,0,0,0,0,1,4,0,10269,0,2009,0,1543,99999999999999999999,0000000,34.25881389,-86.116075,4,1
1,43,5,9,19,25,3,9,0,0,5,4,0,12,1,2,1,1,2,55,1,2,2,2,0,0,5,2,0,0,99,99,19,39,99,99,0,0,0,0,2,7,0,10270,0,2009,0,1180,9497,0000000,34.07879722,-86.90165556,3,2
1,71,5,10,10,48,1,3,0,0,4,4,0,42,0,1,4,1,2,45,2,2,2,1,0,0,1,1,0,0,99,99,10,59,99,99,0,0,0,0,1,1,0,10271,0,2009,0,1069,99999999999999999999,0000000,34.53881944,-85.99116944,1,1
1,95,5,11,20,10,1,1,0,0,3,3,0,34,0,1,4,1,2,55,1,2,2,1,0,0,2,1,0,0,99,99,20,24,88,88,0,0,0,0,1,2,1,10272,0,2009,9,SR-68,99999999999999999999,0000000,34.284525,-86.12010833,1,1
1,77,5,12,18,40,2,3,0,0,4,4,0,12,5,2,1,1,2,45,1,1,2,1,20,3,5,1,0,0,99,99,18,52,99,99,0,0,0,0,1,3,1,10273,0,2009,0,1279,8112,0000000,34.86295278,-87.33751389,2,1
1,95,5,14,22,10,1,1,0,0,4,4,0,42,0,1,4,1,2,45,2,2,2,2,0,0,2,1,0,0,99,99,22,39,88,88,0,0,0,0,1,5,1,10274,0,2009,0,1372,99999999999999999999,0000000,34.31678611,-86.11129167,1,1
1,3,5,14,13,25,1,1,0,0,6,4,0,34,0,1,4,1,2,45,1,1,2,1,0,0,1,1,0,0,99,99,13,40,88,88,0,0,0,0,1,5,1,10275,0,2009,0,1569,99999999999999999999,0000000,30.465625,-87.49818611,1,1
1,105,5,15,23,30,1,4,0,0,5,4,0,1,0,1,4,1,2,45,1,1,2,1,0,0,2,1,0,0,99,99,23,55,99,99,0,0,0,0,1,6,0,10276,0,2009,0,1081,99999999999999999999,0000000,32.61956944,-87.48323056,1,1
1,107,5,17,16,0,2,5,0,0,3,3,0,12,5,8,1,1,2,55,2,2,2,2,0,0,1,1,0,0,99,99,16,39,99,99,0,0,0,0,1,1,0,10277,0,2009,1939,SR-17,99999999999999999999,0000000,33.169025,-88.10915,2,1
1,51,5,21,1,0,1,1,0,0,4,4,0,52,0,1,4,1,2,45,1,2,2,1,0,0,2,1,0,0,99,99,9,0,88,88,0,0,0,0,1,5,1,10278,0,2009,0,1332,99999999999999999999,0000000,32.70884167,-86.31202778,1,1
1,93,6,1,10,28,1,1,0,1,4,3,0,1,0,1,4,1,2,45,2,2,2,1,0,0,1,1,0,0,99,99,10,26,99,99,0,0,0,0,1,2,0,10279,1510,2009,166,SR-172,99999999999999999999,0000000,34.27105,-87.81193889,1,1
1,47,6,1,6,0,1,1,0,0,16,6,0,43,0,1,4,1,2,25,2,1,2,1,0,0,9,1,0,0,88,88,88,88,88,88,0,0,0,0,1,2,1,10280,2760,2009,0,5150,99999999999999999999,0000000,32.40578056,-87.021225,1,1
1,55,6,6,17,59,2,3,0,0,12,2,0,12,2,1,1,1,2,55,1,1,2,1,0,0,1,1,0,0,99,99,18,0,99,99,0,0,0,0,2,7,0,10281,1280,2009,0,US-SR 25,99999999999999999999,0000000,34.04674444,-85.96468611,2,1
1,69,6,12,22,25,1,3,1,1,14,3,0,8,0,2,1,2,2,50,1,1,2,1,3,3,3,1,0,0,99,99,22,31,99,99,0,0,0,0,1,6,0,10282,930,2009,0,SR-1,2089,0000000,31.25100278,-85.38245,1,1
1,95,6,15,15,58,2,3,0,1,12,2,0,12,5,2,1,2,2,35,1,1,2,1,20,3,1,1,0,0,99,99,16,4,99,99,0,0,0,0,1,2,0,10283,50,2009,0,US-SR 1,166,0000000,34.25078333,-86.17875833,2,1
1,117,5,22,16,0,2,8,0,0,4,4,0,12,2,1,1,1,2,50,2,1,2,1,0,0,1,1,0,0,99,99,16,15,99,99,0,0,0,0,1,6,0,10284,0,2009,0,1141,99999999999999999999,0000000,33.1992,-86.69605556,2,1
1,9,5,22,1,5,2,3,2,1,1,1,0,25,0,1,4,3,3,70,2,2,2,1,0,0,2,1,0,0,99,99,1,20,99,99,0,19,0,0,2,6,0,10285,0,2009,2861,I-65,99999999999999999999,0000000,33.87230278,-86.83610833,1,1
1,125,5,23,14,55,2,3,0,0,3,3,0,12,5,1,1,1,2,55,2,2,2,2,0,0,1,2,0,0,99,99,15,15,99,99,0,0,0,0,2,7,0,10286,0,2009,71,SR-171,99999999999999999999,0000000,33.33565556,-87.66390278,2,2
1,103,5,23,1,50,1,1,0,0,6,4,0,42,0,1,4,1,2,45,2,2,2,1,0,0,2,1,0,0,99,99,2,0,88,88,0,0,0,0,1,7,1,10287,0,2009,0,1527,99999999999999999999,0000000,34.55923611,-86.60793611,1,1
1,23,5,24,12,10,2,3,0,0,16,3,0,12,2,1,1,1,2,40,1,1,2,1,0,0,1,1,0,0,99,99,12,32,99,99,0,0,0,0,1,1,0,10288,2415,2009,51,SR-114,99999999999999999999,0000000,32.19881944,-88.05456111,2,1
1,43,5,24,13,45,2,5,0,1,2,2,0,12,7,1,1,3,2,65,1,2,2,1,0,0,1,1,0,0,99,99,13,58,99,99,0,0,0,0,1,1,0,10289,0,2009,839,US-SR 74,99999999999999999999,0000000,34.18212778,-86.76804444,2,1
1,127,5,27,7,50,1,1,0,1,3,3,0,42,0,1,4,1,2,55,1,1,2,2,0,0,1,1,0,0,99,99,8,20,88,88,0,0,0,0,1,4,0,10290,0,2009,1855,SR-5,99999999999999999999,0000000,33.96998611,-87.45451944,1,1
1,73,5,27,20,45,3,5,1,1,12,2,0,8,0,1,1,2,2,50,1,2,2,1,0,0,2,1,0,0,99,99,20,57,88,88,0,0,0,0,1,4,0,10291,20,2009,0,US-SR 5,99999999999999999999,0000000,33.57649444,-86.91232778,3,1
1,9,5,28,18,9,2,3,0,1,3,2,0,12,5,2,1,1,3,55,1,2,2,1,0,0,1,1,0,0,99,99,18,19,99,99,0,0,0,0,1,5,0,10292,0,2009,2463,US-SR 53,7502,0000000,33.91629722,-86.3561,2,1
1,97,5,29,19,25,1,4,0,0,16,4,0,42,0,1,4,1,2,45,1,1,2,1,0,0,1,1,0,0,99,99,19,30,99,99,0,0,0,0,2,6,1,10293,0,2009,0,1161,99999999999999999999,0000000,30.50864444,-88.31019167,1,1
1,61,5,30,1,20,1,1,0,0,6,4,0,34,0,1,4,1,2,45,1,2,2,1,0,0,2,1,0,0,99,99,1,39,88,88,0,0,0,0,1,7,1,10294,0,2009,0,7803,99999999999999999999,0000000,31.18061667,-85.79985278,1,1
1,49,5,31,1,35,1,1,0,0,5,4,0,42,0,1,4,1,2,45,2,2,2,1,0,0,2,1,0,0,99,99,1,49,88,88,0,20,0,0,1,1,1,10295,0,2009,0,1037,99999999999999999999,0000000,34.26285556,-85.926475,1,1
1,79,5,16,18,40,2,3,0,1,5,4,0,12,4,1,1,1,2,45,1,2,2,2,0,0,1,1,0,0,99,99,19,5,99,99,0,0,0,0,1,7,0,10296,0,2009,0,1136,99999999999999999999,0000000,34.59121111,-87.44022778,2,1
1,3,5,30,9,45,2,2,0,0,16,4,0,12,5,2,1,1,2,45,1,1,2,1,20,3,1,1,0,0,99,99,9,52,99,99,0,0,0,0,1,7,0,10297,0,2009,0,1567,9551,0000000,30.39341389,-87.455525,2,1
1,127,6,2,15,45,2,2,0,1,3,3,0,12,2,1,1,1,2,55,1,1,2,1,0,0,1,1,0,0,99,99,15,55,99,99,0,0,0,0,1,3,0,10298,0,2009,1875,SR-5,99999999999999999999,0000000,33.98831389,-87.47859444,2,1
1,75,6,3,6,20,1,1,0,0,4,4,0,1,0,1,4,1,2,45,2,1,2,1,0,0,1,1,0,0,99,99,6,50,88,88,0,0,0,0,1,4,0,10299,0,2009,0,1153,99999999999999999999,0000000,33.68228333,-88.06778056,1,1
1,83,6,3,8,35,2,2,0,0,6,2,0,12,1,2,1,1,2,60,2,2,2,1,0,0,1,1,0,0,99,99,8,50,99,99,0,0,0,0,1,4,0,10300,0,2009,0,US-SR 2,7533,0000000,34.80008611,-87.15214444,2,1
1,33,6,3,21,4,1,3,0,0,6,4,0,32,0,1,4,1,2,40,2,2,2,1,0,0,3,1,0,0,99,99,21,17,88,88,0,0,0,0,3,4,0,10301,0,2009,0,1186,99999999999999999999,0000000,34.65040278,-87.69304167,1,1
1,9,6,4,14,30,2,3,0,1,2,3,0,12,2,1,1,1,2,55,2,2,2,1,0,0,1,1,0,0,99,99,14,45,99,99,0,0,0,0,1,5,0,10302,1932,2009,285,SR-79,99999999999999999999,0000000,33.90048333,-86.63105833,2,1
1,83,6,6,23,40,1,2,0,0,4,4,0,35,0,1,4,1,2,40,1,2,2,1,0,0,3,1,0,0,99,99,0,10,99,99,0,0,0,0,1,7,1,10303,0,2009,0,1625,99999999999999999999,0000000,34.97732778,-87.20868889,1,1
1,131,6,6,18,20,1,3,1,0,4,4,0,8,0,1,1,1,2,45,1,2,2,1,0,0,1,1,0,0,88,88,88,88,88,88,0,0,0,0,1,7,0,10304,0,2009,0,1125,99999999999999999999,0000000,32.18433056,-87.37195,1,1
1,99,5,22,21,10,2,5,0,1,2,2,0,12,2,1,1,1,2,55,2,2,2,2,0,0,2,2,0,0,99,99,21,17,99,99,0,0,0,0,1,6,1,10305,0,2009,648,US-SR 12,99999999999999999999,0000000,31.53553056,-87.51108056,2,2
1,43,6,6,21,5,1,3,0,0,4,4,0,42,0,1,4,1,2,50,2,1,2,1,0,0,3,1,0,0,99,99,21,10,99,99,0,0,0,0,2,7,1,10306,0,2009,0,1607,99999999999999999999,0000000,34.25836944,-86.76096389,1,1
1,125,6,9,16,53,2,3,0,1,2,2,0,12,8,1,1,1,2,55,2,2,2,1,0,0,1,1,0,0,99,99,17,27,99,99,0,0,0,0,1,3,0,10307,0,2009,2181,US-SR 13,99999999999999999999,0000000,33.50046389,-87.63768333,2,1
1,63,6,11,16,34,1,2,0,1,1,1,0,1,0,1,1,2,2,70,1,1,2,1,0,0,1,1,0,0,99,99,17,0,99,99,0,0,0,0,1,5,0,10308,0,2009,348,I-59,99999999999999999999,0000000,32.81295833,-88.00769722,1,1
1,97,3,6,3,25,1,4,0,1,11,1,0,25,0,1,3,3,4,65,1,1,2,1,0,0,2,1,0,0,99,99,3,37,99,99,0,0,0,0,1,6,0,10309,2100,2009,178,I-10,99999999999999999999,0000000,30.60234722,-88.15030556,1,1
1,73,2,15,10,7,1,1,0,1,11,1,0,34,0,1,3,2,2,60,1,1,2,1,0,0,1,1,0,0,99,99,10,14,99,99,0,0,0,0,1,1,0,10310,350,2009,1349,I-59,99999999999999999999,0000000,33.58618333,-86.68247222,1,1
1,123,4,15,7,30,2,2,0,1,5,4,0,12,2,1,1,1,2,45,2,2,2,1,0,0,1,1,0,0,99,99,7,55,99,99,0,0,0,0,1,4,0,10311,0,2009,0,1086,99999999999999999999,0000000,32.63388056,-85.76734444,2,1
1,95,5,1,10,58,1,1,0,1,12,2,0,34,0,1,4,2,2,65,2,1,2,2,0,0,1,2,0,0,99,99,11,2,99,99,0,0,0,0,1,6,0,10312,1500,2009,0,US-SR 1,99999999999999999999,0000000,34.3934,-86.27484167,1,2
1,97,5,2,12,40,1,1,0,0,16,6,0,34,0,1,4,1,2,20,2,1,2,1,0,0,1,1,0,0,99,99,12,40,99,99,0,0,0,0,1,7,0,10313,2550,2009,0,8195,99999999999999999999,0000000,30.77605833,-88.10867778,1,1
1,71,5,9,9,42,2,2,0,1,2,3,0,12,5,2,1,1,4,55,1,1,2,2,20,3,1,2,0,0,99,99,9,50,99,99,0,0,0,0,1,7,0,10314,2720,2009,0,SR-35,316,0000000,34.65660556,-86.00185556,2,2
1,85,5,23,19,40,1,1,0,0,15,4,0,42,0,1,4,1,2,45,1,1,2,2,0,0,5,2,0,0,88,88,88,88,88,88,0,0,0,0,1,7,0,10315,3271,2009,0,1085,99999999999999999999,0000000,32.32677778,-86.69764167,1,2
1,121,5,2,13,8,2,3,0,1,12,3,0,12,2,1,1,1,2,55,1,1,2,1,0,0,1,1,0,0,99,99,13,17,99,99,0,0,0,0,1,7,0,10316,2900,2009,0,SR-21,99999999999999999999,0000000,33.21605278,-86.23201111,2,1
1,117,5,9,23,5,1,1,0,0,6,4,0,26,0,1,4,1,2,45,1,1,2,2,0,0,2,2,0,0,99,99,23,14,99,99,0,0,0,0,1,7,1,10317,530,2009,0,5065,99999999999999999999,0000000,33.08525833,-86.735425,1,2
1,43,5,13,6,45,2,2,0,0,3,3,0,12,5,2,1,1,2,55,1,1,2,2,20,3,1,2,0,0,99,99,7,11,88,88,0,0,0,0,1,4,0,10318,0,2009,2225,SR-69,7069,0000000,33.95195278,-87.03313056,2,2
1,11,5,16,20,30,1,2,1,0,4,3,0,49,0,1,1,1,2,55,1,2,2,2,0,0,2,2,0,0,99,99,20,50,99,99,0,0,0,0,1,7,0,10319,0,2009,625,SR-51,99999999999999999999,0000000,32.19784167,-85.49800833,1,2