STATE,COUNTY,MONTH,DAY,HOUR,MINUTE,VE_TOTAL,PERSONS,PEDS,NHS,ROAD_FNC,ROUTE,SP_JUR,HARM_EV,MAN_COLL,REL_JUNC,REL_ROAD,TRAF_FLO,NO_LANES,SP_LIMIT,ALIGNMNT,PROFILE,PAVE_TYP,SUR_COND,TRA_CONT,T_CONT_F,LGT_COND,WEATHER1,WEATHER2,WRK_ZONE,NOT_HOUR,NOT_MIN,ARR_HOUR,ARR_MIN,HOSP_HR,HOSP_MN,SCH_BUS,CF1,CF2,CF3,FATALS,DAY_WEEK,DRUNK_DR,ST_CASE,CITY,YEAR,MILEPT,TWAY_ID,TWAY_ID2,RAIL,LATITUDE,LONGITUD,VE_FORMS,WEATHER
1,107,5,22,7,5,2,2,0,0,4,3,0,12,2,1,1,1,2,55,2,2,2,1,0,0,1,1,0,0,99,99,7,20,99,99,0,0,0,0,1,6,0,10320,0,2009,158,SR-86,99999999999999999999,0000000,33.26050833,-88.07134167,2,1
1,3,5,23,5,50,1,2,0,0,16,3,0,30,0,1,4,1,2,50,2,1,2,2,0,0,3,2,0,0,99,99,6,10,99,99,0,20,0,0,1,7,1,10321,2355,2009,0,SR-180,99999999999999999999,0000000,30.29029167,-87.61701944,1,2
1,49,5,30,12,35,1,1,0,0,3,3,0,32,0,1,4,1,2,55,2,2,2,1,0,0,1,1,0,0,99,99,12,42,88,88,0,0,0,0,1,7,0,10322,0,2009,145,SR-117,99999999999999999999,0000000,34.63335,-85.64005833,1,1
1,97,5,30,0,20,4,2,0,0,16,4,0,14,5,1,4,1,2,40,2,1,2,1,0,0,2,1,0,0,99,99,0,30,88,88,0,0,0,0,2,7,1,10323,0,2009,0,1384,99999999999999999999,0000000,30.55217222,-88.1873,1,1
1,117,6,16,12,45,1,1,0,0,16,6,0,42,0,1,5,1,2,25,2,2,2,1,0,0,1,1,0,0,99,99,12,59,99,99,0,0,0,0,1,3,0,10324,0,2009,0,5776,99999999999999999999,0000000,33.39485,-86.699575,1,1
1,81,6,24,19,25,1,1,0,0,15,6,0,32,0,1,4,1,2,45,2,2,2,1,0,0,1,1,0,0,99,99,19,35,88,88,0,0,0,0,1,4,1,10325,2340,2009,0,1164,99999999999999999999,0000000,32.69434722,-85.34055278,1,1
1,73,6,1,15,44,2,2,0,1,12,3,0,12,5,8,1,1,4,40,2,1,2,1,0,0,1,1,0,0,99,99,15,50,99,99,0,0,0,0,1,2,0,10326,1716,2009,0,SR-150,99999999999999999999,0000000,33.37451389,-86.80938056,2,1
1,73,6,12,21,7,3,5,0,0,16,2,0,12,5,2,1,5,4,50,1,1,2,2,0,0,2,2,0,0,99,99,21,10,99,99,0,0,0,0,1,6,1,10327,0,2009,1387,US-SR 4,10790,0000000,33.56201111,-86.89339722,3,2
1,73,6,21,6,10,1,1,0,0,16,4,0,42,0,1,4,1,2,25,2,2,2,1,0,0,1,1,0,0,99,99,6,16,88,88,0,0,0,0,1,1,0,10328,0,2009,0,8208,99999999999999999999,0000000,33.6384,-86.67884722,1,1
1,115,6,1,20,40,1,2,0,0,16,6,0,34,0,1,4,1,2,35,2,1,2,1,0,0,3,1,0,0,99,99,20,50,88,88,0,0,0,0,1,2,0,10329,2560,2009,0,5047,99999999999999999999,0000000,33.708775,-86.16156667,1,1
1,87,6,9,19,0,1,1,0,0,3,2,0,1,0,1,4,1,2,55,1,2,2,1,0,0,1,1,0,0,99,99,20,18,88,88,0,0,0,0,1,3,1,10330,0,2009,1613,US-SR 15,99999999999999999999,0000000,32.38394722,-85.65928333,1,1
1,95,6,10,12,50,2,2,0,1,15,4,0,12,5,1,1,1,2,55,1,1,2,1,0,0,1,1,0,0,99,99,13,0,99,99,0,0,0,0,1,4,1,10331,0,2009,0,1414,99999999999999999999,0000000,34.30654167,-86.15924722,2,1
1,121,6,12,15,50,2,4,0,1,2,3,0,12,1,1,1,2,2,65,1,3,2,1,0,0,1,1,0,0,99,99,16,0,99,99,0,0,0,0,1,6,0,10332,0,2009,693,SR-77,99999999999999999999,0000000,33.48443056,-86.12766389,2,1
1,109,6,12,22,45,1,1,0,0,4,4,0,27,0,1,4,1,2,45,2,2,2,2,0,0,3,2,0,0,88,88,88,88,88,88,0,0,0,0,1,6,1,10333,0,2009,0,1056,99999999999999999999,0000000,31.69763889,-85.76956667,1,2
1,77,6,13,1,35,1,2,0,0,16,6,0,33,0,1,4,1,2,45,1,2,2,2,0,0,3,2,0,0,99,99,1,41,99,99,0,0,0,0,1,7,1,10334,1200,2009,0,5145,99999999999999999999,0000000,34.79500278,-87.67475,1,2
1,31,6,13,15,30,1,2,0,0,6,4,0,1,0,1,1,1,2,45,1,2,2,1,0,0,1,1,0,0,99,99,16,4,99,99,0,0,0,0,1,7,0,10335,0,2009,0,1091,99999999999999999999,0000000,31.28295278,-86.01762778,1,1
1,83,6,16,22,55,1,2,0,0,4,4,0,35,0,1,4,1,2,45,2,2,2,1,0,0,3,1,0,0,99,99,23,15,99,99,0,0,0,0,1,3,1,10336,0,2009,0,1112,99999999999999999999,0000000,34.83550556,-87.100725,1,1
1,55,6,19,12,40,1,1,0,0,6,4,0,42,0,1,4,1,2,35,1,3,2,1,0,0,1,1,0,0,99,99,12,50,99,99,0,0,0,0,1,6,0,10337,0,2009,0,1178,99999999999999999999,0000000,34.05109444,-86.14051667,1,1
1,53,6,19,16,45,2,2,0,1,1,1,0,1,0,1,3,2,4,70,1,1,2,1,0,0,1,1,0,0,99,99,17,30,99,99,0,14,0,0,1,6,0,10338,0,2009,680,I-65,99999999999999999999,0000000,31.19268611,-87.32465833,2,1
1,69,6,19,10,45,1,1,0,0,3,3,0,34,0,1,4,1,2,55,1,1,2,1,0,0,1,1,0,0,99,99,11,0,99,99,0,0,0,0,1,6,0,10339,9997,2009,41,SR-109,99999999999999999999,0000000,31.050325,-85.468825,1,1
1,61,6,19,19,30,1,1,0,0,4,4,0,34,0,1,4,1,2,45,2,2,2,1,0,0,1,1,0,0,99,99,19,35,88,88,0,0,0,0,1,6,1,10340,0,2009,0,1387,99999999999999999999,0000000,31.18590278,-85.51035833,1,1
1,87,6,20,1,30,1,2,0,1,1,1,0,34,0,1,4,3,2,70,1,1,2,1,0,0,3,1,0,0,99,99,3,5,99,99,0,0,0,0,1,7,0,10341,0,2009,447,I-85,99999999999999999999,0000000,32.50708333,-85.60366667,1,1
1,21,6,20,10,5,1,1,0,0,4,3,0,42,0,1,4,1,2,55,1,2,2,1,0,0,1,1,0,0,99,99,10,25,88,88,0,0,0,0,1,7,0,10342,0,2009,10,SR-155,99999999999999999999,0000000,32.992575,-86.76546944,1,1
1,15,6,21,9,0,2,2,0,0,14,6,0,12,2,1,1,1,2,35,2,1,2,1,0,0,1,1,0,0,99,99,9,4,99,99,0,0,0,0,2,1,0,10343,100,2009,0,5022,99999999999999999999,0000000,33.64508056,-85.82956667,2,1
1,125,6,22,1,45,1,1,0,1,1,1,0,34,0,1,4,2,3,70,1,1,2,1,0,0,3,1,0,0,99,99,2,10,99,99,0,0,0,0,1,2,1,10344,0,2009,892,I-59,99999999999999999999,0000000,33.191725,-87.25153056,1,1
1,133,6,22,3,55,1,1,0,0,6,4,0,53,0,1,4,1,2,35,1,1,4,1,0,0,3,1,0,0,99,99,6,9,88,88,0,0,0,0,1,2,1,10345,0,2009,0,1566,99999999999999999999,0000000,34.10167778,-87.33448611,1,1
1,119,6,22,20,55,1,1,0,0,99,3,0,1,0,1,4,1,2,55,1,2,2,1,0,0,3,1,0,0,99,99,21,10,88,88,0,0,0,0,1,2,1,10346,0,2009,145,SR-28,99999999999999999999,0000000,32.53668333,-88.11571667,1,1
1,39,6,26,8,40,2,2,0,0,12,3,0,12,5,2,1,2,2,65,1,1,2,1,20,3,1,1,0,0,99,99,9,0,99,99,0,0,0,0,1,6,0,10347,2350,2009,8,SR-299,8634,0000000,31.260275,-86.29769444,2,1
1,99,6,27,0,45,1,1,0,0,6,4,0,42,0,1,4,1,2,35,2,1,5,1,0,0,3,1,0,0,99,99,1,4,88,88,0,0,0,0,1,7,1,10348,0,2009,0,1153,99999999999999999999,0000000,31.63142222,-87.20393611,1,1
1,21,6,30,7,45,1,2,0,0,3,3,0,42,0,1,4,1,2,55,2,1,2,1,0,0,1,1,0,0,99,99,8,5,99,99,0,0,0,0,1,3,0,10349,0,2009,565,SR-22,99999999999999999999,0000000,32.80743889,-86.79139167,1,1
1,123,3,13,22,13,1,2,1,1,12,2,0,8,0,2,1,2,2,55,1,3,2,1,0,0,2,1,0,0,99,99,22,17,88,88,0,0,0,0,1,6,0,10350,60,2009,0,US-SR 38,356,0000000,32.933625,-85.97150556,1,1
1,95,5,13,12,54,2,2,0,0,15,6,0,12,5,2,1,5,2,35,1,1,2,1,20,3,1,1,0,0,99,99,13,1,88,88,0,0,0,0,1,4,0,10351,50,2009,0,1426,606,0000000,34.27278889,-86.21264167,2,1
1,121,5,23,8,5,1,2,0,0,16,6,0,42,0,1,4,1,2,40,2,3,2,1,0,0,1,1,0,0,99,99,8,11,99,99,0,0,0,0,1,7,1,10352,1870,2009,0,1354,99999999999999999999,0000000,33.58531667,-86.18475,1,1
1,97,6,7,18,39,1,1,0,0,16,6,0,42,0,1,4,1,2,20,1,1,2,1,0,0,1,1,0,0,99,99,18,43,88,88,0,0,0,0,1,1,1,10353,2713,2009,0,8633,99999999999999999999,0000000,30.82963611,-88.06194167,1,1
1,31,6,13,21,30,2,4,0,0,14,3,0,12,7,8,1,1,2,55,1,1,2,1,0,0,2,1,0,0,99,99,21,33,99,99,0,0,0,0,2,7,1,10354,1030,2009,0,SR-51,99999999999999999999,0000000,31.35055278,-85.87415556,2,1
1,95,6,27,22,5,1,1,0,0,6,3,0,30,0,1,4,1,2,50,2,1,2,1,0,0,2,1,0,0,99,99,22,11,88,88,0,0,0,0,1,7,1,10355,1500,2009,0,SR-227,99999999999999999999,0000000,34.43138056,-86.18037222,1,1
1,15,6,20,19,28,1,1,0,0,14,2,0,42,0,1,4,1,2,55,1,1,2,1,0,0,1,1,0,0,99,99,19,36,88,88,0,0,0,0,1,7,0,10356,2370,2009,0,US-SR 4,99999999999999999999,0000000,33.59165278,-85.88769167,1,1
1,113,6,27,20,4,1,1,0,0,14,4,0,30,0,1,4,1,2,45,2,2,2,1,0,0,5,1,0,0,99,99,20,24,88,88,0,0,0,0,1,7,1,10357,0,2009,0,1141,99999999999999999999,0000000,32.44023056,-85.04618611,1,1
1,15,6,27,10,5,2,5,0,0,14,2,0,12,5,10,1,2,2,45,1,1,2,1,3,3,1,1,0,0,99,99,10,10,99,99,0,0,0,0,1,7,0,10358,2370,2009,0,US-SR 4,490,0000000,33.60613611,-85.83871944,2,1
1,55,6,30,8,35,2,2,0,1,2,2,0,12,1,2,1,1,2,55,1,2,2,1,0,0,1,1,0,0,99,99,8,46,88,88,0,0,0,0,1,3,0,10359,1670,2009,1439,US-SR 74,8037,0000000,33.98301389,-85.81621944,2,1
1,5,7,4,21,45,1,2,1,0,3,3,0,8,0,1,1,1,2,40,1,2,2,1,0,0,3,1,0,0,99,99,22,0,99,99,0,0,0,0,1,7,0,10360,720,2009,345,SR-51,99999999999999999999,0000000,31.712375,-85.60898333,1,1
1,121,5,21,11,35,2,4,0,0,15,6,0,12,5,2,1,1,2,35,1,1,2,1,20,3,1,1,0,0,99,99,11,40,99,99,0,0,0,0,1,5,0,10361,2900,2009,0,5105,736,0000000,33.17783611,-86.24747222,2,1
1,73,5,30,13,0,2,6,0,1,11,1,0,12,7,1,1,3,3,70,1,2,2,1,0,0,1,1,0,0,99,99,13,15,99,99,0,0,0,0,2,7,0,10362,0,2009,2828,I-65,99999999999999999999,0000000,33.81787778,-86.82546667,2,1
1,73,6,1,22,0,1,1,0,0,16,6,0,42,0,1,4,1,2,30,2,2,2,1,0,0,2,1,0,0,99,99,13,56,88,88,0,18,0,0,1,2,0,10363,2170,2009,0,1203,99999999999999999999,0000000,33.49393333,-86.73459167,1,1
1,73,6,26,13,14,2,4,1,0,6,4,0,12,5,2,1,1,2,25,1,1,2,1,20,3,1,1,0,0,99,99,13,18,99,99,0,0,0,0,1,6,0,10364,0,2009,0,1265,07841,0000000,33.65286389,-86.63402778,2,1
1,89,7,7,3,38,1,2,1,0,15,6,0,8,0,2,1,1,2,40,1,1,2,1,0,0,3,1,0,0,99,99,3,49,88,88,0,0,0,0,1,3,0,10365,1730,2009,0,6178,03758,0000000,34.77140278,-86.63161389,1,1
1,83,7,7,6,28,1,3,0,1,11,1,0,1,0,1,1,2,3,70,1,1,2,1,0,0,1,1,0,0,99,99,6,41,99,99,0,0,0,0,1,3,0,10366,9997,2009,15,I-565,99999999999999999999,0000000,34.6313,-86.88722222,1,1
1,81,6,14,20,45,1,1,0,0,6,4,0,38,0,1,4,1,2,45,2,2,2,1,0,0,3,1,0,0,99,99,21,25,88,88,0,0,0,0,1,1,1,10367,0,2009,0,1158,99999999999999999999,0000000,32.56893056,-85.56336944,1,1
1,97,6,21,6,5,1,1,0,0,12,4,0,32,0,1,4,1,2,45,1,2,2,1,0,0,1,1,0,0,99,99,6,20,88,88,0,0,0,0,1,1,1,10368,0,2009,0,8860,99999999999999999999,0000000,30.63656389,-88.21877778,1,1
1,71,6,22,11,24,2,2,0,0,5,4,0,12,2,1,1,1,2,40,2,3,2,1,0,0,1,1,0,0,99,99,11,35,99,99,0,0,0,0,1,2,0,10369,0,2009,0,1095,99999999999999999999,0000000,34.72256667,-86.14895,2,1
1,1,6,25,19,30,1,3,0,0,4,4,0,1,0,1,4,1,2,45,2,1,2,1,0,0,1,1,0,0,99,99,19,45,99,99,0,0,0,0,1,5,0,10370,0,2009,0,1216,99999999999999999999,0000000,32.48833333,-86.69079722,1,1
1,79,6,25,14,0,1,2,1,0,4,4,0,9,0,1,1,1,2,45,1,1,2,1,0,0,1,1,0,0,99,99,14,9,88,88,0,0,0,0,1,5,0,10371,0,2009,0,1400,99999999999999999999,0000000,34.64953333,-87.16813889,1,1
1,57,6,26,8,40,1,1,0,1,2,3,0,1,0,1,4,1,2,55,2,2,2,1,0,0,1,1,0,0,99,99,8,55,99,99,0,0,0,0,1,6,0,10372,0,2009,1,SR-13,99999999999999999999,0000000,33.81323333,-87.66359167,1,1
1,47,6,26,19,40,1,1,0,0,4,4,0,42,0,1,4,1,2,45,2,2,2,1,0,0,5,1,0,0,88,88,88,88,88,88,0,0,0,0,1,6,1,10373,0,2009,0,1298,99999999999999999999,0000000,32.62034722,-86.9193,1,1
1,105,6,27,22,30,2,2,0,0,3,3,0,12,8,1,1,1,2,55,1,1,2,1,0,0,3,1,0,0,99,99,23,0,99,99,0,0,0,0,2,7,0,10374,0,2009,810,SR-14,99999999999999999999,0000000,32.50199722,-87.15346944,2,1
1,71,6,28,17,0,1,2,0,0,6,4,0,43,0,1,4,1,2,45,1,1,2,1,0,0,1,1,0,0,99,99,17,10,99,99,0,0,0,0,1,1,0,10375,0,2009,0,1367,99999999999999999999,0000000,34.70791944,-85.74133889,1,1
1,47,6,28,3,7,1,2,1,0,15,4,0,8,0,1,1,1,2,45,1,1,2,1,0,0,3,1,0,0,88,88,88,88,88,88,0,0,0,0,1,1,0,10376,0,2009,0,1378,99999999999999999999,0000000,32.41245556,-86.99344722,1,1
1,43,6,28,1,20,1,1,0,0,6,4,0,1,0,1,4,1,2,45,2,2,2,1,0,0,3,1,0,0,99,99,1,31,88,88,0,0,0,0,1,1,1,10377,0,2009,0,8712,99999999999999999999,0000000,34.3102,-86.98775556,1,1
1,53,6,28,16,30,1,2,0,0,3,3,0,1,0,1,4,1,2,55,1,1,2,1,0,0,1,1,0,0,99,99,16,46,99,99,0,0,0,0,1,1,1,10378,0,2009,128,SR-41,99999999999999999999,0000000,31.14090833,-87.12265556,1,1
1,121,6,29,18,35,1,1,0,0,6,4,0,43,0,1,4,1,2,25,2,2,2,1,0,0,1,1,0,0,99,99,18,46,88,88,0,0,0,0,1,2,0,10379,0,2009,0,1471,99999999999999999999,0000000,33.55004722,-85.94606111,1,1
1,97,6,30,8,5,3,4,0,0,12,2,0,12,2,1,1,5,2,55,1,2,2,1,0,0,1,1,0,0,99,99,8,12,99,99,0,0,0,0,1,3,0,10380,0,2009,141,US-SR 16,99999999999999999999,0000000,30.53528056,-88.18768611,3,1
1,3,7,1,13,59,2,2,0,1,1,1,0,13,2,1,1,2,4,70,1,2,2,1,0,0,1,1,0,0,88,88,88,88,88,88,0,0,0,0,2,4,0,10381,0,2009,439,I-10,99999999999999999999,0000000,30.65179444,-87.75097778,2,1
1,131,7,3,8,59,1,2,0,0,6,3,0,1,0,1,1,1,2,55,2,2,2,1,0,0,1,1,0,0,99,99,9,25,99,99,0,0,0,0,1,6,0,10382,0,2009,760,SR-21,99999999999999999999,0000000,31.88218611,-87.09862222,1,1
1,109,7,5,5,30,1,3,0,0,6,4,0,1,0,1,1,1,2,45,2,2,2,1,0,0,4,1,0,0,99,99,6,10,99,99,0,0,0,0,1,1,1,10383,0,2009,0,1134,99999999999999999999,0000000,31.75254722,-85.88785278,1,1
1,115,7,6,16,45,1,1,0,1,3,3,0,53,0,1,4,1,2,55,1,2,2,1,0,0,1,1,0,0,99,99,17,10,99,99,0,0,0,0,1,2,1,10384,0,2009,25,SR-144,99999999999999999999,0000000,33.679425,-86.23768611,1,1
1,99,7,6,14,52,2,2,0,0,6,3,0,12,2,1,1,1,2,55,1,2,2,1,0,0,1,1,0,0,88,88,88,88,88,88,0,0,0,0,2,2,2,10385,0,2009,550,SR-41,99999999999999999999,0000000,31.60274444,-87.40884444,2,1
1,109,7,8,13,0,1,1,0,1,4,4,0,30,0,1,4,1,2,45,1,1,2,1,0,0,1,1,0,0,99,99,13,18,99,99,0,0,0,0,1,4,1,10386,0,2009,0,1047,99999999999999999999,0000000,31.70407222,-85.83549444,1,1
1,83,7,9,19,45,1,2,0,0,6,4,0,35,0,1,4,1,2,35,1,2,2,1,0,0,9,1,0,0,99,99,20,0,99,99,0,0,0,0,1,5,1,10387,0,2009,0,1235,99999999999999999999,0000000,34.98528333,-86.96863056,1,1
1,95,7,10,15,40,3,3,0,1,3,3,0,12,8,1,1,1,2,55,1,2,2,1,0,0,1,1,0,0,99,99,15,54,99,99,0,0,0,0,1,6,0,10388,0,2009,0,SR-69,99999999999999999999,0000000,34.30653889,-86.54289444,3,1
1,89,7,10,8,50,1,1,0,1,3,4,0,34,0,1,4,1,2,55,2,1,2,1,0,0,3,1,0,0,99,99,20,58,88,88,0,0,0,0,1,6,1,10389,0,2009,0,1305,99999999999999999999,0000000,34.94678889,-86.42279722,1,1
1,125,7,10,21,40,1,1,0,0,6,4,0,35,0,1,4,1,2,25,2,1,2,1,0,0,3,1,0,0,99,99,21,55,99,99,0,0,0,0,1,6,1,10390,0,2009,0,1220,99999999999999999999,0000000,33.10117778,-87.40448056,1,1
1,125,7,14,10,25,2,2,0,1,13,3,0,12,5,10,1,1,2,45,1,1,2,1,3,3,1,1,0,0,99,99,10,25,99,99,0,0,0,0,1,3,0,10391,3050,2009,0,SR-215,241,0000000,33.21150278,-87.55720556,2,1
1,47,7,14,1,15,1,3,0,0,4,4,0,32,0,1,4,1,2,45,2,1,2,1,0,0,3,1,0,0,99,99,1,58,99,99,0,0,0,0,1,3,1,10392,0,2009,0,1045,99999999999999999999,0000000,32.26957222,-86.91631667,1,1
1,121,7,14,16,10,2,3,0,1,11,1,0,13,5,1,1,2,4,70,1,1,2,1,0,0,1,1,0,0,99,99,16,30,99,99,0,0,0,0,2,3,0,10393,1870,2009,1671,I-20,99999999999999999999,0000000,33.59152778,-86.13598889,2,1
1,133,6,24,10,49,1,1,0,0,16,4,0,24,0,1,4,1,2,15,1,2,2,1,0,0,1,1,0,0,99,99,10,58,88,88,0,0,0,0,1,4,0,10394,1530,2009,0,1158,99999999999999999999,0000000,34.25601389,-87.60738889,1,1
1,7,7,18,13,58,1,2,0,0,16,6,0,30,0,1,4,1,2,35,1,1,2,1,0,0,1,1,0,0,99,99,14,16,99,99,0,0,0,0,1,7,0,10395,3240,2009,0,1064,99999999999999999999,0000000,33.12609722,-87.12857778,1,1
1,95,7,18,12,20,2,5,0,1,14,3,0,12,1,8,1,1,2,50,1,1,2,1,0,0,1,1,0,0,99,99,12,36,99,99,0,0,0,0,1,7,0,10396,110,2009,0,SR-69,99999999999999999999,0000000,34.31478056,-86.51357222,2,1
1,3,6,4,19,15,1,2,0,1,3,2,0,30,0,3,4,1,2,55,1,1,2,1,0,0,5,1,0,0,99,99,19,30,99,99,0,0,0,0,1,5,0,10397,0,2009,673,US-SR 16,8154,0000000,30.56044167,-87.59478611,1,1
1,25,6,26,11,20,2,4,0,1,2,2,0,12,2,1,1,1,2,55,2,1,2,1,0,0,1,1,0,0,99,99,11,47,99,99,0,0,0,0,1,6,0,10398,0,2009,962,US-SR 13,99999999999999999999,0000000,31.96785556,-87.75072222,2,1
1,93,7,5,0,30,1,1,0,1,2,3,0,35,0,2,4,1,2,55,1,1,2,1,20,3,3,1,0,0,99,99,8,25,88,88,0,0,0,0,1,1,1,10399,0,2009,145,SR-233,7424,0000000,34.10044167,-87.69078889,1,1
1,101,7,13,6,27,1,1,0,0,4,4,0,53,0,1,4,1,2,55,1,2,2,2,0,0,1,2,0,0,99,99,6,31,88,88,0,0,0,0,1,2,0,10400,0,2009,0,1086,99999999999999999999,0000000,32.25440278,-86.23804167,1,2
1,103,7,15,12,15,2,2,0,1,2,2,0,12,5,2,1,2,2,65,1,2,2,1,20,3,1,1,0,0,99,99,12,25,99,99,0,0,0,0,1,4,0,10401,0,2009,3004,US-SR 53,8391,0000000,34.53371111,-86.590075,2,1
1,97,7,15,22,10,1,1,0,1,6,2,0,43,0,1,4,1,2,55,2,2,2,1,0,0,3,1,0,0,99,99,22,29,88,88,0,0,0,0,1,4,1,10402,0,2009,23,US-SR 42,99999999999999999999,0000000,30.83271389,-88.38754167,1,1
1,105,7,16,17,30,1,4,0,0,4,4,0,42,0,1,4,1,2,45,2,2,2,1,0,0,1,1,0,0,99,99,18,25,99,99,0,0,0,0,3,5,1,10403,0,2009,0,1113,99999999999999999999,0000000,32.72487222,-87.35004167,1,1
1,87,7,17,21,30,1,1,0,1,4,3,0,1,0,1,4,1,2,55,2,2,2,1,0,0,3,1,0,0,99,99,22,0,88,88,0,0,0,0,1,6,0,10404,0,2009,63,SR-81,99999999999999999999,0000000,32.500025,-85.69035556,1,1
1,23,7,17,7,30,1,1,0,0,4,4,0,42,0,1,4,1,2,45,1,1,2,1,0,0,1,1,0,0,99,99,7,55,88,88,0,0,0,0,1,6,0,10405,0,2009,0,1160,99999999999999999999,0000000,32.15301667,-88.29754722,1,1
1,125,7,18,9,39,1,1,0,0,15,4,0,34,0,1,4,1,2,45,2,2,2,1,0,0,1,1,0,0,99,99,10,5,99,99,0,0,0,0,1,7,1,10406,0,2009,0,1295,99999999999999999999,0000000,33.27948889,-87.74359722,1,1
1,65,7,18,19,30,2,2,0,0,4,3,0,12,2,1,1,1,2,55,2,1,2,1,0,0,1,1,0,0,99,99,20,10,99,99,0,0,0,0,1,7,0,10407,0,2009,75,SR-61,99999999999999999999,0000000,32.557375,-87.52996389,2,1
1,1,7,18,15,0,2,3,0,0,3,2,0,12,5,8,1,1,3,55,1,3,2,1,0,0,1,1,0,0,99,99,15,10,99,99,0,0,0,0,1,7,0,10408,0,2009,0,US-SR 3,99999999999999999999,0000000,32.51768611,-86.45729444,2,1
1,125,7,19,14,40,1,1,0,0,4,4,0,34,0,1,4,1,2,45,1,1,2,1,0,0,1,1,0,0,99,99,19,36,88,88,0,0,0,0,1,1,0,10409,0,2009,0,1528,99999999999999999999,0000000,33.25462222,-87.70179722,1,1
1,27,7,20,13,30,2,2,0,0,3,3,0,12,2,1,1,1,2,55,2,2,2,1,0,0,1,1,0,0,99,99,14,0,88,88,0,0,0,0,2,2,0,10410,0,2009,53,SR-148,99999999999999999999,0000000,33.17714444,-86.16049167,2,1
1,21,7,24,15,15,1,1,0,0,6,4,0,34,0,1,4,1,2,45,1,2,2,1,0,0,1,1,0,0,99,99,15,35,99,99,0,0,0,0,1,6,0,10411,0,2009,0,1115,99999999999999999999,0000000,32.81670833,-86.5448,1,1
1,83,7,25,11,23,1,2,0,1,6,1,0,24,0,1,3,3,3,70,1,1,2,1,0,0,1,1,0,0,99,99,11,29,99,99,0,0,0,0,1,7,0,10412,0,2009,3548,I-65,99999999999999999999,0000000,34.76879722,-86.93966389,1,1
1,125,7,25,0,29,2,2,0,1,14,2,0,12,5,1,1,2,3,50,1,1,2,1,0,0,3,1,0,0,99,99,0,31,99,99,0,0,0,0,1,7,0,10413,2260,2009,0,US-SR 6,99999999999999999999,0000000,33.23900278,-87.57664444,2,1
1,77,7,25,4,0,1,1,0,0,4,4,0,34,0,1,4,1,2,45,2,2,2,1,0,0,3,1,0,0,88,88,88,88,88,88,0,0,0,0,1,7,0,10414,0,2009,0,1373,99999999999999999999,0000000,34.95224444,-87.59794167,1,1
1,23,7,26,4,10,1,1,0,1,2,2,0,1,0,1,1,1,2,55,1,2,2,1,0,0,3,1,0,0,99,99,5,16,88,88,0,0,0,0,1,1,1,10415,0,2009,154,US-SR-12,99999999999999999999,0000000,31.77028056,-88.20081667,1,1
1,121,7,28,17,38,2,2,0,1,12,3,0,12,5,1,1,1,4,55,1,1,2,2,0,0,1,2,0,0,99,99,17,43,88,88,0,0,0,0,1,3,0,10416,1870,2009,750,SR-77,99999999999999999999,0000000,33.57824167,-86.1271,2,2
1,101,6,11,18,45,2,4,0,1,13,2,0,12,5,10,1,2,2,55,2,2,2,1,3,3,1,1,0,0,99,99,18,55,99,99,0,0,0,0,1,5,0,10417,2130,2009,0,US-SR 8,4345,0000000,32.33016389,-86.23213333,2,1
1,79,6,11,14,1,3,4,0,1,2,3,0,12,1,3,1,2,2,55,1,1,2,1,3,3,1,1,0,0,99,99,14,2,88,88,0,0,0,0,1,5,0,10418,2150,2009,0,SR-157,8161,0000000,34.51539167,-87.29170833,3,1
1,73,7,3,11,53,1,3,0,0,16,6,0,42,0,1,4,1,2,35,2,2,2,1,0,0,1,1,0,0,99,99,11,57,99,99,0,0,0,0,1,6,0,10419,350,2009,0,5828,99999999999999999999,0000000,33.53451111,-86.86985,1,1
1,97,7,12,21,13,1,2,1,0,12,2,0,8,0,1,2,1,2,35,1,1,2,1,0,0,3,1,0,0,99,99,21,16,99,99,0,0,0,0,1,1,0,10420,690,2009,330,US-SR 17,99999999999999999999,0000000,31.09881389,-88.23810556,1,1
1,51,7,12,4,58,1,3,0,0,14,3,0,40,0,1,4,1,2,45,1,1,2,1,0,0,2,1,0,0,99,99,5,5,99,99,0,0,0,0,1,1,1,10421,2063,2009,2930,SR-143,99999999999999999999,0000000,32.49790833,-86.36813889,1,1
1,17,7,21,17,55,2,2,0,1,2,2,0,12,2,1,1,1,2,55,1,1,2,1,0,0,1,1,0,0,99,99,18,0,88,88,0,0,0,0,1,3,1,10422,0,2009,1570,US-SR 1,99999999999999999999,0000000,32.85399444,-85.42028889,2,1
1,125,7,23,6,0,1,3,1,1,11,1,0,8,0,1,1,3,3,70,2,1,2,1,0,0,1,1,0,0,99,99,6,7,88,88,0,0,0,0,1,5,0,10423,3050,2009,717,I-59,99999999999999999999,0000000,33.17153889,-87.54756111,1,1
1,57,7,24,4,0,1,1,0,0,6,4,0,1,0,2,1,1,2,45,1,1,2,1,20,3,3,1,0,0,99,99,5,50,88,88,0,0,0,0,1,6,0,10424,0,2009,0,1176,7580,0000000,33.62361944,-87.67647778,1,1