STATE,COUNTY,MONTH,DAY,HOUR,MINUTE,VE_TOTAL,PERSONS,PEDS,NHS,ROAD_FNC,ROUTE,SP_JUR,HARM_EV,MAN_COLL,REL_JUNC,REL_ROAD,TRAF_FLO,NO_LANES,SP_LIMIT,ALIGNMNT,PROFILE,PAVE_TYP,SUR_COND,TRA_CONT,T_CONT_F,LGT_COND,WEATHER1,WEATHER2,WRK_ZONE,NOT_HOUR,NOT_MIN,ARR_HOUR,ARR_MIN,HOSP_HR,HOSP_MN,SCH_BUS,CF1,CF2,CF3,FATALS,DAY_WEEK,DRUNK_DR,ST_CASE,CITY,YEAR,MILEPT,TWAY_ID,TWAY_ID2,RAIL,LATITUDE,LONGITUD,VE_FORMS,WEATHER
1,115,7,31,13,0,1,1,0,1,3,2,0,35,0,1,4,1,2,55,1,2,2,1,0,0,1,1,0,0,99,99,13,10,88,88,0,0,0,0,1,6,0,10425,0,2009,1243,US-SR 4,99999999999999999999,0000000,33.57945278,-86.41076944,1,1
1,39,7,31,6,15,1,3,0,1,2,3,0,42,0,1,4,1,2,55,2,2,2,2,0,0,1,2,0,0,99,99,6,30,99,99,0,0,0,0,1,6,0,10426,2350,2009,293,SR-9,99999999999999999999,0000000,31.31129722,-86.257375,1,2
1,33,7,31,12,10,2,3,0,1,2,2,0,12,5,2,1,2,2,65,1,1,2,1,20,3,1,1,0,0,99,99,12,30,99,99,0,0,0,0,1,6,1,10427,0,2009,63,US-SR 2,7662,0000000,34.76211667,-88.02403889,2,1
1,95,7,23,18,57,2,4,0,0,6,4,0,12,5,1,1,1,2,45,2,2,2,1,0,0,1,1,0,0,99,99,19,13,88,88,0,0,0,0,2,5,0,10428,0,2009,0,1079,99999999999999999999,0000000,34.21355,-86.33682222,2,1
1,3,7,25,0,15,1,1,0,0,6,4,0,53,0,1,4,1,2,45,2,1,2,1,0,0,3,1,0,0,99,99,0,30,99,99,0,0,0,0,1,7,0,10429,0,2009,0,1567,99999999999999999999,0000000,30.40165,-87.45089167,1,1
1,81,7,31,21,10,2,3,0,0,14,4,0,12,2,1,1,1,2,45,2,2,2,1,0,0,3,1,0,0,99,99,21,42,88,88,0,0,0,0,1,6,1,10430,0,2009,0,1240,99999999999999999999,0000000,32.4929,-85.07013611,2,1
1,101,8,4,16,50,1,1,0,0,16,4,0,32,0,1,4,1,2,55,2,1,2,1,0,0,1,1,0,0,99,99,17,2,99,99,0,0,0,0,1,3,0,10431,0,2009,0,1801,99999999999999999999,0000000,32.37492222,-86.10115278,1,1
1,79,8,6,19,20,2,3,0,1,2,3,0,12,5,2,1,2,2,65,1,1,2,1,0,0,1,1,0,0,99,99,19,30,88,88,0,0,0,0,2,5,0,10432,0,2009,351,SR-157,7415,0000000,34.46198611,-87.24856944,2,1
1,89,5,9,16,15,2,2,0,1,12,2,0,12,1,1,1,2,2,35,2,2,2,1,0,0,1,1,0,0,99,99,16,22,99,99,0,0,0,0,1,7,0,10433,1730,2009,0,US-SR 2,99999999999999999999,0000000,34.75665278,-86.71794167,2,1
1,81,6,13,0,57,1,1,0,1,12,3,0,42,0,1,4,1,2,55,2,1,2,2,0,0,2,1,0,0,99,99,1,15,99,99,0,0,0,0,1,7,0,10434,200,2009,0,SR-147,99999999999999999999,0000000,32.58390278,-85.50217222,1,1
1,71,7,29,14,20,1,5,1,1,2,3,0,9,0,1,2,2,2,55,1,1,2,1,0,0,1,1,0,0,99,99,14,22,88,88,0,0,0,0,1,4,0,10435,2720,2009,0,SR-35,99999999999999999999,0000000,34.656775,-86.00219444,1,1
1,81,7,23,3,15,2,2,1,1,11,1,0,12,1,1,1,2,2,70,1,1,2,1,0,0,2,1,0,0,99,99,3,25,99,99,0,0,0,0,1,5,0,10436,200,2009,565,I-85,99999999999999999999,0000000,32.60171111,-85.43603889,2,1
1,97,4,13,20,56,2,2,0,0,16,6,0,12,8,1,1,1,4,20,2,1,2,1,0,0,3,1,0,0,99,99,20,58,99,99,0,0,0,0,1,2,0,10437,2550,2009,0,7456,99999999999999999999,0000000,30.74068889,-88.08419167,2,1
1,49,6,8,1,23,3,3,0,1,11,1,0,12,1,1,1,3,2,70,1,1,2,1,0,0,2,1,0,0,99,99,1,30,99,99,0,0,0,0,1,2,0,10438,1230,2009,2201,I-59,99999999999999999999,0000000,34.46064167,-85.72691944,3,1
1,73,7,11,11,3,1,1,0,0,15,6,0,42,0,1,4,1,2,30,1,1,2,1,0,0,1,1,0,0,99,99,11,34,88,88,0,0,0,0,1,7,0,10439,330,2009,0,1110,99999999999999999999,0000000,33.362075,-86.88151389,1,1
1,73,7,16,0,50,1,2,1,0,16,4,0,8,0,1,1,1,2,50,1,2,2,2,0,0,2,2,0,0,99,99,1,6,99,99,0,0,0,0,1,5,0,10440,0,2009,0,1028,99999999999999999999,0000000,33.33298333,-87.01657222,1,2
1,45,7,29,21,20,2,2,0,1,2,2,0,12,2,1,1,2,2,65,1,2,2,1,0,0,3,1,0,0,99,99,21,31,99,99,0,20,0,0,1,4,0,10441,0,2009,505,US-SR 53,99999999999999999999,0000000,31.52620278,-85.71868056,2,1
1,95,7,30,22,25,1,1,0,0,4,4,0,34,0,1,4,1,2,40,2,2,2,2,0,0,3,1,0,0,99,99,22,49,88,88,0,0,0,0,1,5,1,10442,0,2009,0,1162,99999999999999999999,0000000,34.25051667,-86.335325,1,1
1,15,8,1,0,53,1,2,0,0,16,6,0,42,0,1,4,1,2,30,2,2,2,1,0,0,3,1,0,0,99,99,0,55,88,88,0,20,0,0,1,7,1,10443,100,2009,0,5882,99999999999999999999,0000000,33.72585556,-85.81929444,1,1
1,15,8,1,0,15,1,1,0,1,12,2,0,32,0,1,4,2,2,65,2,2,2,1,0,0,3,1,0,0,88,88,88,88,88,88,0,20,0,0,1,7,1,10444,0,2009,2642,US-SR 21,99999999999999999999,0000000,33.77525833,-85.76431111,1,1
1,3,8,2,11,5,1,3,0,1,1,1,0,42,0,1,4,2,2,70,1,1,2,1,0,0,1,1,0,0,99,99,11,30,99,99,0,0,0,0,1,1,0,10445,0,2009,392,I-65,99999999999999999999,0000000,30.970875,-87.73647222,1,1
1,55,8,5,23,5,2,5,0,0,16,4,0,12,2,1,1,1,2,30,1,2,2,1,0,0,3,1,0,0,99,99,23,34,99,99,0,0,0,0,1,4,1,10446,0,2009,0,1272,99999999999999999999,0000000,34.04798333,-85.983275,2,1
1,127,8,7,19,30,1,2,0,0,6,4,0,42,0,1,4,1,2,35,2,2,2,1,0,0,3,1,0,0,99,99,19,40,88,88,0,0,0,0,2,6,1,10447,0,2009,0,1557,99999999999999999999,0000000,33.96255556,-87.3235,1,1
1,121,8,9,17,45,2,3,0,0,5,4,0,12,5,8,1,1,2,45,2,1,2,1,0,0,1,1,0,0,99,99,18,18,88,88,0,0,0,0,1,1,1,10448,0,2009,0,1207,99999999999999999999,0000000,33.33653333,-86.227225,2,1
1,109,8,9,17,30,1,1,0,1,3,3,0,27,0,1,4,1,2,55,2,2,2,1,0,0,1,1,0,0,99,99,17,57,88,88,0,0,0,0,1,1,0,10449,0,2009,100,SR-223,99999999999999999999,0000000,31.941275,-85.82013056,1,1
1,99,8,12,16,45,2,3,0,0,3,3,0,12,2,2,1,1,2,55,2,2,2,1,0,0,1,1,0,0,99,99,17,5,99,99,0,0,0,0,1,4,1,10450,0,2009,610,SR-41,7558,0000000,31.673325,-87.396025,2,1
1,37,7,9,17,6,1,1,0,0,6,4,0,35,0,1,4,1,2,35,2,2,2,1,0,0,1,1,0,0,99,99,17,21,99,99,0,0,0,0,1,5,0,10451,0,2009,0,1063,99999999999999999999,0000000,32.84371944,-86.33640278,1,1
1,97,7,17,4,45,1,2,1,1,2,2,0,15,0,1,1,1,2,45,1,1,2,1,0,0,3,1,0,0,99,99,5,0,99,99,0,0,0,0,1,6,0,10452,0,2009,113,US-SR 42,99999999999999999999,0000000,30.77875,-88.25999722,1,1
1,33,8,4,14,20,1,2,0,0,6,4,0,10,0,6,1,1,2,45,1,3,2,1,61,3,1,1,0,0,99,99,14,34,99,99,0,0,0,0,1,3,0,10453,0,2009,0,1106,7673,731-993,34.76228056,-88.02404444,1,1
1,43,8,7,13,37,1,2,0,0,6,4,0,32,0,1,4,1,2,45,2,2,2,1,0,0,1,1,0,0,99,99,13,45,99,99,0,0,0,0,2,6,0,10454,0,2009,0,1540,99999999999999999999,0000000,34.13550833,-86.78726111,1,1
1,101,8,11,19,45,1,1,0,0,6,4,0,34,0,1,4,1,2,35,2,2,2,2,0,0,3,2,0,0,99,99,20,10,88,88,0,0,0,0,1,3,1,10455,0,2009,0,1200,99999999999999999999,0000000,32.399775,-86.03727222,1,2
1,95,8,11,5,20,3,3,0,0,3,3,0,12,5,10,1,1,2,55,1,1,2,1,20,3,3,1,0,0,99,99,5,53,88,88,0,0,0,0,1,3,0,10456,0,2009,626,SR-75,7628,0000000,34.30096111,-86.14479444,3,1
1,51,8,13,4,30,1,2,0,0,3,3,0,1,0,1,4,1,2,55,1,2,2,1,0,0,3,1,0,0,99,99,4,55,88,88,0,0,0,0,1,5,1,10457,0,2009,89,SR-170,99999999999999999999,0000000,32.62694167,-86.09255833,1,1
1,79,8,14,22,10,1,1,0,0,6,4,0,34,0,1,4,1,2,45,2,2,2,1,0,0,3,1,0,0,99,99,22,29,88,88,0,0,0,0,1,6,1,10458,0,2009,0,1372,99999999999999999999,0000000,34.58495,-87.16953889,1,1
1,71,8,16,15,35,1,1,0,0,6,4,0,17,0,1,4,1,2,45,2,2,2,1,0,0,1,1,0,0,99,99,15,47,88,88,0,0,0,0,1,1,1,10459,0,2009,0,1334,99999999999999999999,0000000,34.84535833,-85.92222778,1,1
1,29,8,16,13,10,2,6,0,0,4,3,0,12,5,1,1,1,2,45,2,2,2,1,0,0,1,1,0,0,99,99,13,35,88,88,0,0,0,0,1,1,0,10460,0,2009,4822,SR-281,99999999999999999999,0000000,33.55756111,-85.71245556,2,1
1,1,8,16,18,50,1,1,0,0,6,4,0,18,0,1,4,1,2,40,1,1,2,1,0,0,1,1,0,0,99,99,18,55,88,88,0,0,0,0,1,1,1,10461,0,2009,0,1163,99999999999999999999,0000000,32.65675556,-86.568875,1,1
1,123,8,17,14,53,2,3,0,0,3,3,0,24,0,1,4,1,2,55,2,2,2,2,0,0,1,8,0,0,99,99,15,0,99,99,0,0,0,0,1,2,0,10462,0,2009,268,SR-49,99999999999999999999,0000000,32.79788056,-85.78936111,2,8
1,97,8,18,3,0,2,2,0,0,3,3,0,12,2,1,1,1,2,55,1,1,2,1,0,0,3,1,0,0,99,99,3,15,88,88,0,0,0,0,1,3,1,10463,0,2009,28,SR-188,99999999999999999999,0000000,30.47263611,-88.32537778,2,1
1,121,8,21,1,25,1,2,0,0,15,4,0,41,0,1,4,1,2,45,1,1,2,1,0,0,3,1,0,0,99,99,1,40,99,99,0,0,0,0,1,6,1,10464,0,2009,0,1135,99999999999999999999,0000000,33.57223333,-85.79657222,1,1
1,101,8,16,16,44,1,1,0,0,16,6,0,33,0,1,4,1,2,30,1,1,2,2,0,0,1,2,0,0,99,99,17,0,99,99,0,0,0,0,1,1,0,10465,2130,2009,0,6365,99999999999999999999,0000000,32.38575278,-86.25743611,1,2
1,109,8,12,17,20,1,5,1,0,16,6,0,8,0,1,1,1,2,25,1,2,2,1,0,0,1,1,0,0,99,99,17,29,99,99,0,0,0,0,1,4,0,10466,3040,2009,0,5014,99999999999999999999,0000000,31.772175,-85.96244167,1,1
1,103,8,26,19,16,2,2,0,1,12,3,0,12,2,1,1,5,4,45,1,1,2,1,0,0,3,1,0,0,99,99,19,24,99,99,0,0,0,0,1,4,1,10467,890,2009,0,SR-20,99999999999999999999,0000000,34.62015556,-86.99817222,2,1
1,117,5,23,11,35,2,3,0,0,6,2,0,12,5,10,1,2,2,55,2,2,2,1,20,3,1,1,0,0,99,99,11,48,99,99,0,0,0,0,1,7,0,10468,0,2009,189,US-SR 38,7821,0000000,33.34873333,-86.55976111,2,1
1,83,7,27,5,26,1,1,0,0,12,2,0,34,0,1,4,2,2,60,2,1,2,1,0,0,2,1,0,0,99,99,5,38,88,88,0,0,0,0,1,2,0,10469,170,2009,0,US-SR 3,99999999999999999999,0000000,34.69445,-86.95543611,1,1
1,77,7,27,5,21,1,1,0,0,15,6,0,42,0,1,4,1,2,30,1,2,2,1,0,0,1,1,0,0,99,99,5,29,88,88,0,0,0,0,1,2,0,10470,1200,2009,0,1126,99999999999999999999,0000000,34.83632778,-87.64738611,1,1
1,89,7,30,9,47,1,1,0,1,11,1,0,37,0,13,4,6,1,45,2,2,2,1,0,0,1,1,0,0,99,99,9,52,88,88,0,0,0,0,1,5,0,10471,1730,2009,140,I-565,99999999999999999999,0000000,34.7079,-86.67093889,1,1
1,73,8,30,12,50,2,3,0,1,16,2,0,12,5,1,1,2,4,55,1,2,2,2,0,0,1,2,0,0,99,99,12,57,99,99,0,0,0,0,1,1,0,10472,350,2009,0,US-SR 4,99999999999999999999,0000000,33.54281111,-86.87348056,2,2
1,3,8,4,15,44,1,1,0,1,1,1,0,1,0,13,4,6,1,70,1,1,2,1,0,0,1,1,0,0,99,99,15,48,88,88,0,0,0,0,1,3,0,10473,860,2009,388,I-10,99999999999999999999,0000000,30.66331944,-87.84841944,1,1
1,125,8,11,21,23,1,2,1,0,16,6,0,53,0,1,4,1,2,25,1,2,2,2,0,0,3,2,0,0,99,99,21,28,88,88,0,15,0,0,1,3,1,10474,3050,2009,0,5625,99999999999999999999,0000000,33.20825278,-87.50452222,1,2
1,3,8,18,6,49,2,2,0,0,14,3,0,12,5,10,1,2,2,45,1,1,2,1,3,3,1,1,0,0,99,99,6,53,99,99,0,0,0,0,1,3,0,10475,860,2009,0,SR-181,I-10,0000000,30.66435,-87.85225278,2,1
1,89,8,22,8,29,5,8,0,1,12,3,0,12,1,3,1,2,4,45,1,1,2,1,0,0,1,1,0,0,99,99,8,33,99,99,0,0,0,0,1,7,0,10476,1730,2009,0,SR-53,02356,0000000,34.735475,-86.62726944,5,1
1,3,7,23,22,10,1,2,1,1,12,2,0,8,0,1,1,2,2,45,1,1,2,1,0,0,3,1,0,0,99,99,22,12,88,88,0,0,0,0,1,5,0,10477,240,2009,0,US-SR 3,99999999999999999999,0000000,30.86965,-87.780375,1,1
1,9,8,19,7,30,2,2,0,0,3,3,0,12,5,2,1,2,4,65,1,1,2,1,20,3,1,1,0,0,99,99,7,30,88,88,0,0,0,0,1,4,0,10478,0,2009,201,SR-75,4685,0000000,33.84056389,-86.57646944,2,1
1,115,8,20,17,50,3,3,0,1,1,1,0,12,2,1,1,2,2,70,1,1,2,2,0,0,5,2,0,0,99,99,18,10,99,99,0,0,0,0,2,5,2,10479,0,2009,1550,I-59,99999999999999999999,0000000,33.77224444,-86.45143611,3,2
1,15,8,22,9,9,1,1,0,1,2,2,0,35,0,1,4,2,2,65,1,1,2,1,0,0,1,1,0,0,99,99,9,17,99,99,0,0,0,0,1,7,0,10480,0,2009,2425,US-SR 1,99999999999999999999,0000000,33.78555,-85.89744444,1,1
1,51,8,22,10,30,2,2,0,0,6,3,0,12,2,2,1,1,2,55,1,1,2,1,0,0,1,1,0,0,99,99,10,35,99,99,0,0,0,0,1,7,0,10481,0,2009,81,SR-170,7803,0000000,32.62415556,-86.09682222,2,1
1,115,8,23,22,10,1,1,0,1,3,2,0,42,0,1,4,1,2,55,2,2,2,1,0,0,3,1,0,0,99,99,22,35,88,88,0,0,0,0,1,1,1,10482,0,2009,2098,US-SR 53,99999999999999999999,0000000,33.48563056,-86.35204444,1,1
1,91,8,23,15,30,1,3,0,0,6,4,0,1,0,1,5,1,2,35,1,1,5,1,0,0,1,1,0,0,99,99,16,23,88,88,0,0,0,0,1,1,0,10483,0,2009,0,1017,99999999999999999999,0000000,32.06243611,-87.87871667,1,1
1,33,8,24,14,50,1,2,0,0,4,4,0,34,0,1,4,1,2,45,2,2,2,1,0,0,1,1,0,0,99,99,15,0,99,99,0,0,0,0,1,2,1,10484,0,2009,0,1149,99999999999999999999,0000000,34.69100833,-87.73123611,1,1
1,9,7,19,9,25,2,3,0,0,16,3,0,12,2,2,1,1,2,45,1,1,2,1,0,0,1,1,0,0,99,99,9,30,99,99,0,0,0,0,1,1,0,10485,715,2009,345,SR-79,48,0000000,33.98712222,-86.58724722,2,1
1,29,8,2,14,30,1,3,0,1,11,1,0,29,0,1,4,2,2,70,1,1,2,2,0,0,1,2,0,0,99,99,14,39,99,99,0,0,0,0,2,1,0,10486,1620,2009,1995,I-20,99999999999999999999,0000000,33.62164167,-85.59443889,1,2
1,91,8,20,21,30,1,1,0,0,4,4,0,52,0,1,4,1,2,45,2,1,2,2,0,0,3,2,0,0,99,99,22,6,88,88,0,0,0,0,1,5,1,10487,0,2009,0,1148,99999999999999999999,0000000,32.44994722,-87.830875,1,2
1,45,8,26,23,35,1,1,0,1,3,3,0,34,0,1,4,1,2,55,2,2,2,1,0,0,3,1,0,0,99,99,23,53,99,99,0,0,0,0,1,4,1,10488,2380,2009,210,SR-123,99999999999999999999,0000000,31.38942778,-85.60931944,1,1
1,9,8,30,19,15,3,4,0,1,3,2,0,12,7,1,1,1,3,55,1,2,2,2,0,0,3,2,0,0,99,99,19,33,99,99,0,0,0,0,1,1,0,10489,0,2009,2510,US-SR 53,99999999999999999999,0000000,33.94417778,-86.42118333,3,2
1,35,8,30,1,15,1,1,0,0,6,4,0,34,0,1,4,1,2,45,1,2,2,1,0,0,3,1,0,0,99,99,2,19,88,88,0,0,0,0,1,1,1,10490,0,2009,0,1232,99999999999999999999,0000000,31.51035278,-87.01661111,1,1
1,41,8,31,7,50,2,3,0,1,2,2,0,12,5,2,1,1,2,55,1,1,2,1,20,3,1,1,0,0,99,99,8,5,99,99,0,0,0,0,1,2,0,10491,0,2009,670,US-SR 9,7585,0000000,31.88316111,-86.29671111,2,1
1,73,8,13,18,38,1,1,0,0,16,4,0,32,0,1,4,1,2,25,1,1,2,1,0,0,1,1,0,0,99,99,18,44,99,99,0,0,0,0,1,5,0,10492,1717,2009,0,5087,99999999999999999999,0000000,33.43899444,-86.97735556,1,1
1,101,8,14,11,3,3,10,0,1,2,2,0,12,5,10,1,2,2,55,1,1,2,1,3,3,1,1,0,0,99,99,11,10,99,99,0,0,0,0,1,6,0,10493,2130,2009,0,US-SR 8,5459,0000000,32.30770556,-86.389875,2,1
1,73,8,30,14,50,2,2,0,0,16,6,0,12,5,1,1,1,2,25,2,2,2,2,0,0,1,2,0,0,99,99,14,58,99,99,0,0,0,0,1,1,0,10494,350,2009,0,4294,99999999999999999999,0000000,33.48488889,-86.81877222,2,2
1,97,6,29,21,1,1,3,1,1,14,2,0,8,0,1,1,2,2,45,1,1,2,1,0,0,3,1,0,0,99,99,21,4,88,88,0,0,0,0,1,2,1,10495,0,2009,177,US-SR 16,99999999999999999999,0000000,30.58683333,-88.169675,1,1
1,97,8,26,11,56,2,4,0,0,16,6,0,12,2,1,1,1,4,35,1,1,2,1,0,0,1,1,0,0,99,99,12,1,99,99,0,20,0,0,1,4,0,10496,2100,2009,0,5702,99999999999999999999,0000000,30.70976389,-88.07655,2,1
1,7,9,5,19,54,1,1,0,1,13,3,0,25,0,1,4,2,2,25,2,2,2,2,0,0,3,1,0,0,99,99,19,59,99,99,0,0,0,0,1,7,0,10497,620,2009,0,SR-6,99999999999999999999,0000000,32.957275,-87.13409167,1,1
1,89,8,22,0,51,2,5,0,0,15,6,0,12,5,2,1,1,2,35,1,1,2,1,4,3,3,1,0,0,99,99,0,56,99,99,0,0,0,0,1,7,0,10498,1970,2009,0,1005,197,0000000,34.74766389,-86.74987222,2,1
1,31,8,24,19,25,1,2,1,0,14,3,0,8,0,1,1,1,4,50,1,1,2,1,0,0,5,1,0,0,99,99,19,31,99,99,0,16,0,0,1,2,0,10499,1030,2009,0,SR-248,99999999999999999999,0000000,31.33549444,-85.79300833,1,1
1,131,8,31,7,0,1,1,0,0,6,4,0,42,0,1,4,1,2,45,1,1,2,1,0,0,1,5,0,0,99,99,7,40,99,99,0,0,0,0,1,2,0,10500,0,2009,0,1031,99999999999999999999,0000000,32.06095556,-87.58662222,1,5
1,133,8,31,15,0,1,1,0,0,6,4,0,42,0,1,4,1,2,45,2,1,2,1,0,0,1,1,0,0,99,99,15,15,88,88,0,0,0,0,1,2,1,10501,0,2009,0,1098,99999999999999999999,0000000,34.06064167,-87.35965556,1,1
1,133,9,3,9,45,2,3,0,0,6,4,0,12,2,1,1,1,2,55,2,2,2,1,0,0,1,1,0,0,99,99,9,57,99,99,0,0,0,0,2,5,0,10502,0,2009,0,1195,99999999999999999999,0000000,34.02089722,-87.21679444,2,1
1,21,9,5,21,15,2,3,0,0,3,3,0,12,2,1,1,1,2,55,1,2,2,2,0,0,3,2,0,0,99,99,21,40,99,99,0,0,0,0,3,7,0,10503,0,2009,92,SR-145,99999999999999999999,0000000,32.95221667,-86.61818611,2,2
1,63,9,7,16,15,1,1,0,0,6,4,0,42,0,1,4,1,2,45,1,2,2,1,0,0,1,1,0,0,99,99,16,39,88,88,0,0,0,0,1,2,1,10504,0,2009,0,1167,99999999999999999999,0000000,32.90695556,-87.88191389,1,1
1,51,9,7,5,10,1,1,0,0,4,3,0,42,0,1,4,1,2,45,1,2,2,1,0,0,3,1,0,0,99,99,5,50,88,88,0,0,0,0,1,2,1,10505,0,2009,3,SR-50,99999999999999999999,0000000,32.67993056,-85.93452222,1,1
1,31,9,11,22,45,2,7,0,0,3,3,0,12,5,4,1,1,4,55,1,1,2,1,0,0,3,1,0,0,99,99,22,48,99,99,0,0,0,0,1,6,1,10506,0,2009,248,SR-27,99999999999999999999,0000000,31.28581389,-85.87394722,2,1
1,73,5,22,19,40,1,2,1,0,16,2,0,8,0,1,1,1,2,45,1,2,2,1,0,0,3,1,0,0,99,99,19,48,88,88,0,0,0,0,1,6,0,10507,350,2009,0,US-SR 4,99999999999999999999,0000000,33.52557222,-86.85013611,1,1
1,73,7,18,16,30,1,1,0,0,15,6,0,34,0,1,4,1,2,45,1,2,2,1,0,0,1,1,0,0,99,99,16,45,88,88,0,0,0,0,1,7,1,10508,350,2009,0,8353,99999999999999999999,0000000,33.61780833,-86.709825,1,1
1,101,7,30,13,38,2,2,0,0,13,6,0,12,5,2,1,2,2,40,1,1,2,2,3,3,1,1,0,0,99,99,13,45,99,99,0,0,0,0,1,5,0,10509,2130,2009,0,8192,1152,0000000,32.38241111,-86.26869444,2,1
1,73,8,29,15,9,1,2,0,1,11,1,0,1,0,1,1,2,2,70,1,1,2,2,0,0,1,2,0,0,99,99,15,14,99,99,0,0,0,0,1,7,0,10510,330,2009,10,I-459,99999999999999999999,0000000,33.33216944,-86.99628056,1,2
1,49,7,28,14,0,2,4,0,0,4,3,0,12,5,1,1,1,2,55,1,2,2,2,0,0,1,1,0,0,99,99,14,20,99,99,0,0,0,0,1,3,0,10511,0,2009,13,SR-117,99999999999999999999,0000000,34.54216111,-85.52619444,2,1
1,79,9,9,22,2,2,1,0,0,15,4,0,14,1,1,4,1,2,45,1,1,2,1,0,0,3,1,0,0,99,99,22,8,88,88,0,0,0,0,1,4,0,10512,2150,2009,0,1460,99999999999999999999,0000000,34.49345833,-87.25871389,1,1
1,71,2,25,0,11,1,2,0,0,3,3,0,35,0,1,4,1,2,55,2,1,2,1,0,0,2,1,0,0,99,99,0,19,99,99,0,0,0,0,1,4,1,10513,0,2009,52,SR-40,99999999999999999999,0000000,34.63391389,-85.905275,1,1
1,3,9,15,17,0,2,2,0,0,6,3,0,12,5,2,1,1,2,55,1,2,2,1,0,0,1,1,0,0,99,99,17,25,99,99,0,0,0,0,1,3,0,10514,0,2009,689,SR-59,9881,0000000,31.16656389,-87.78671389,2,1
1,81,9,11,11,3,3,3,0,1,11,1,0,12,5,1,1,2,4,70,1,2,2,1,0,0,1,1,0,0,99,99,11,11,99,99,0,0,0,0,1,6,0,10515,2340,2009,594,I-85,99999999999999999999,0000000,32.62032778,-85.39434722,3,1
1,97,9,13,16,45,3,5,0,1,13,2,0,12,1,1,1,5,4,50,2,2,2,2,0,0,1,2,0,0,99,99,16,51,99,99,0,0,0,0,1,1,0,10516,2100,2009,0,US-SR 42,99999999999999999999,0000000,30.74423333,-88.180775,3,2
1,35,9,11,12,45,1,6,0,1,1,1,0,1,0,1,3,2,2,70,1,2,2,1,0,0,1,1,0,0,99,99,12,58,99,99,0,0,0,0,1,6,0,10517,0,2009,866,I-65,99999999999999999999,0000000,31.35153056,-87.08111389,1,1
1,11,7,18,13,26,2,3,0,0,4,3,0,12,99,2,1,1,2,45,1,1,2,1,9,3,1,1,0,0,99,99,1,37,99,99,0,0,0,0,1,7,0,10518,3090,2009,1970,SR-6,4,0000000,32.139825,-85.72143611,2,1
1,89,8,16,2,45,2,2,0,1,2,2,0,12,2,1,1,2,2,45,1,1,2,1,0,0,3,1,0,4,99,99,2,50,88,88,0,0,0,0,2,1,2,10519,0,2009,3514,US-SR 1,99999999999999999999,0000000,34.97461389,-86.56912222,2,1
1,77,8,21,21,50,1,1,0,0,12,3,0,23,0,1,2,2,4,65,2,2,2,1,0,0,3,1,0,0,99,99,21,56,88,88,0,0,0,0,1,6,1,10520,0,2009,155,SR-133,99999999999999999999,0000000,34.83143611,-87.702925,1,1
1,113,8,22,13,50,1,2,0,1,12,2,0,1,0,1,4,1,2,55,1,1,2,1,0,0,1,1,0,0,99,99,14,9,99,99,0,0,0,0,1,7,1,10521,0,2009,2081,US-SR 8,99999999999999999999,0000000,32.46128889,-85.13623333,1,1
1,89,8,22,4,45,1,1,0,0,2,3,0,37,0,1,4,1,2,55,1,1,2,1,0,0,3,1,0,0,99,99,4,54,88,88,0,0,0,0,1,7,1,10522,0,2009,3340,SR-53,99999999999999999999,0000000,34.90521111,-86.75372222,1,1
1,103,8,28,16,45,1,3,1,0,4,4,0,9,0,1,1,1,2,45,2,1,2,1,0,0,1,1,0,0,99,99,17,0,99,99,0,0,0,0,1,6,0,10523,0,2009,0,1333,99999999999999999999,0000000,34.51973056,-86.79170833,1,1
1,53,9,2,16,0,1,1,0,0,5,4,0,5,0,1,1,1,2,45,1,1,2,1,0,0,1,1,0,0,99,99,16,11,99,99,0,0,0,0,1,4,0,10524,0,2009,0,1085,99999999999999999999,0000000,31.04451389,-87.01626667,1,1
1,23,9,13,3,36,1,1,0,0,4,4,0,42,0,1,4,1,2,45,2,1,2,1,0,0,3,1,0,0,99,99,4,1,88,88,0,0,0,0,1,1,1,10525,0,2009,0,1108,99999999999999999999,0000000,31.91475833,-88.42953333,1,1
1,7,9,12,20,45,1,1,0,0,4,4,0,42,0,1,4,1,2,45,2,1,2,1,0,0,3,1,0,0,99,99,20,45,99,99,0,0,0,0,1,7,0,10526,3240,2009,0,1064,99999999999999999999,0000000,33.11566944,-87.13006944,1,1
1,119,9,18,12,23,1,1,0,1,1,1,0,1,0,1,4,2,2,70,1,1,2,1,0,0,1,1,0,0,99,99,12,44,88,88,0,0,0,0,1,6,0,10527,0,2009,209,I-59,99999999999999999999,0000000,32.67203889,-88.17124722,1,1
1,79,9,5,14,50,1,1,0,1,14,3,0,32,0,1,4,2,2,65,1,1,2,1,0,0,1,1,0,0,99,99,14,55,88,88,0,0,0,0,1,7,0,10528,0,2009,588,SR-20,99999999999999999999,0000000,34.64315556,-87.14649167,1,1
1,97,9,17,20,9,1,2,0,0,4,4,0,1,0,1,4,1,2,45,1,2,2,1,0,0,6,1,0,0,99,99,20,35,99,99,0,0,0,0,1,5,0,10529,690,2009,0,1762,99999999999999999999,0000000,31.10940556,-88.18674167,1,1
1,15,6,21,14,15,1,1,0,0,16,4,0,42,0,1,4,1,2,20,1,2,2,1,0,0,1,1,0,0,99,99,2,25,99,99,0,0,0,0,1,1,0,10530,0,2009,0,1172,99999999999999999999,0000000,33.78167222,-85.94623889,1,1