STATE,COUNTY,MONTH,DAY,HOUR,MINUTE,VE_TOTAL,PERSONS,PEDS,NHS,ROAD_FNC,ROUTE,SP_JUR,HARM_EV,MAN_COLL,REL_JUNC,REL_ROAD,TRAF_FLO,NO_LANES,SP_LIMIT,ALIGNMNT,PROFILE,PAVE_TYP,SUR_COND,TRA_CONT,T_CONT_F,LGT_COND,WEATHER1,WEATHER2,WRK_ZONE,NOT_HOUR,NOT_MIN,ARR_HOUR,ARR_MIN,HOSP_HR,HOSP_MN,SCH_BUS,CF1,CF2,CF3,FATALS,DAY_WEEK,DRUNK_DR,ST_CASE,CITY,YEAR,MILEPT,TWAY_ID,TWAY_ID2,RAIL,LATITUDE,LONGITUD,VE_FORMS,WEATHER
1,73,5,2,2,17,1,1,0,1,11,1,0,25,0,1,3,3,4,70,1,1,2,1,0,0,2,1,0,0,99,99,2,25,88,88,0,0,0,0,1,7,0,10531,350,2009,1205,I-59,99999999999999999999,0000000,33.50653056,-86.88564444,1,1
1,73,7,23,1,30,1,2,1,1,12,2,0,8,0,1,1,2,3,40,1,1,2,2,0,0,3,1,0,0,99,99,1,36,88,88,0,0,0,0,1,5,1,10532,350,2009,0,US-SR 15,99999999999999999999,0000000,33.61279722,-86.687075,1,1
1,51,8,14,5,26,2,2,0,0,2,2,0,12,5,10,1,1,2,50,1,2,2,1,3,3,3,1,0,0,99,99,5,36,88,88,0,0,0,0,1,6,1,10533,3270,2009,0,US-SR 21,305,0000000,32.56030556,-86.19145,2,1
1,73,8,14,9,20,3,3,0,0,14,2,0,12,5,1,1,1,2,45,1,1,2,1,0,0,1,1,0,0,99,99,9,25,99,99,0,14,0,0,2,6,0,10534,1850,2009,0,US-SR 4,99999999999999999999,0000000,33.5432,-86.52418611,2,1
1,73,8,21,9,53,1,1,0,0,6,4,0,35,0,1,4,1,2,40,2,2,2,2,0,0,1,2,0,0,99,99,10,2,88,88,0,0,0,0,1,6,0,10535,0,2009,0,1457,99999999999999999999,0000000,33.62990556,-87.09199167,1,2
1,121,9,21,17,55,1,1,0,0,4,4,0,42,0,1,4,1,2,25,2,1,2,2,0,0,5,1,0,0,99,99,18,18,88,88,0,0,0,0,1,2,0,10536,0,2009,0,1005,99999999999999999999,0000000,33.46696111,-86.04964167,1,1
1,101,9,9,18,29,1,5,0,0,16,6,0,30,0,1,4,1,2,25,2,3,2,1,0,0,1,1,0,0,99,99,18,34,99,99,0,0,0,0,1,4,1,10537,2130,2009,0,6031,99999999999999999999,0000000,32.37031944,-86.28444444,1,1
1,109,9,26,18,50,2,6,0,1,2,2,0,12,5,2,1,2,2,65,2,1,2,2,0,0,3,2,0,0,99,99,18,59,99,99,0,0,0,0,1,7,0,10538,3040,2009,791,US-SR 53,632,0000000,31.83280278,-85.99077222,2,2
1,123,5,28,20,22,1,2,1,1,12,2,0,8,0,1,1,3,2,65,2,2,2,1,0,0,2,1,0,0,99,99,20,30,99,99,0,0,0,0,1,5,0,10539,0,2009,745,US-SR 38,99999999999999999999,0000000,32.88490278,-85.86003056,1,1
1,43,6,29,14,12,1,2,1,0,6,4,0,8,0,1,1,1,2,50,1,1,2,1,0,0,1,1,0,0,99,99,14,19,99,99,0,0,0,0,1,2,0,10540,0,2009,0,1152,99999999999999999999,0000000,34.23752778,-86.82291389,1,1
1,95,8,2,2,10,3,9,0,1,12,2,0,12,4,1,1,5,2,55,1,2,2,2,0,0,3,2,0,0,99,99,2,15,99,99,0,14,0,0,1,1,2,10541,1500,2009,0,US-SR 1,99999999999999999999,0000000,34.30625556,-86.29076111,3,2
1,15,9,1,5,49,3,4,0,0,6,3,0,12,5,10,1,5,4,55,1,1,2,1,20,3,3,1,0,0,99,99,5,59,88,88,0,0,0,0,1,3,0,10542,2370,2009,35,SR-202,8984,0000000,33.61338611,-85.96027222,3,1
1,47,9,8,5,10,1,1,0,1,2,2,0,1,0,1,1,2,2,45,1,1,2,1,0,0,3,5,0,0,99,99,5,34,99,99,0,0,0,0,1,3,1,10543,0,2009,691,US-SR 8,99999999999999999999,0000000,32.43988611,-87.26551944,1,5
1,97,9,12,6,15,1,2,1,1,12,2,0,8,0,1,1,1,2,50,1,2,2,2,0,0,1,2,0,0,99,99,17,15,88,88,0,0,0,0,1,7,0,10544,0,2009,83,US-SR 42,99999999999999999999,0000000,30.79578333,-88.317675,1,2
1,115,9,22,1,0,1,1,0,0,4,4,0,42,0,1,4,1,2,55,1,2,2,1,0,0,6,1,0,0,99,99,8,5,88,88,0,0,0,0,1,3,1,10545,0,2009,0,1275,99999999999999999999,0000000,33.75771667,-86.21703333,1,1
1,89,9,24,20,20,1,1,0,0,4,4,0,30,0,1,4,1,2,45,9,4,2,2,0,0,3,2,0,0,99,99,20,36,88,88,0,0,0,0,1,5,0,10546,0,2009,0,1154,99999999999999999999,0000000,34.9322,-86.5336,1,2
1,23,9,25,6,15,1,1,0,0,5,4,0,42,0,2,4,1,2,45,2,1,2,1,20,3,4,1,0,0,99,99,6,59,88,88,0,0,0,0,1,6,0,10547,0,2009,0,1208,7574,0000000,32.26549444,-88.38217222,1,1
1,1,9,25,23,32,1,2,0,0,3,2,0,42,0,1,4,1,2,55,2,2,2,1,0,0,3,1,0,0,99,99,0,5,88,88,0,0,0,0,2,6,0,10548,0,2009,1932,US-SR 3,99999999999999999999,0000000,32.500025,-86.45562222,1,1
1,31,9,28,15,0,1,1,0,0,4,4,0,11,0,1,1,1,2,45,1,2,2,1,0,0,1,1,0,0,99,99,15,12,99,99,0,0,0,0,1,2,0,10549,0,2009,0,1079,99999999999999999999,0000000,31.25936667,-85.91857778,1,1
1,125,9,29,13,2,1,1,0,0,4,2,0,30,0,1,4,1,2,55,1,1,2,1,0,0,1,1,0,0,99,99,13,12,99,99,0,0,0,0,1,3,0,10550,0,2009,739,US-SR 7,99999999999999999999,0000000,33.16891667,-87.621075,1,1
1,69,10,2,20,40,1,2,1,0,16,6,0,8,0,1,1,1,2,30,1,1,2,1,0,0,3,1,0,0,99,99,20,47,88,88,0,0,0,0,1,6,0,10551,930,2009,0,6109,99999999999999999999,0000000,31.20999444,-85.40223333,1,1
1,25,6,10,17,0,1,1,0,0,6,4,0,1,0,1,1,1,2,45,2,1,2,1,0,0,1,1,0,0,99,99,17,4,99,99,0,0,0,0,1,4,0,10552,0,2009,0,1210,99999999999999999999,0000000,31.77762222,-88.10375278,1,1
1,23,7,13,7,30,1,1,0,0,6,4,0,42,0,1,4,1,2,45,2,2,2,1,0,0,1,1,0,0,99,99,7,52,99,99,0,0,0,0,1,2,0,10553,0,2009,0,1144,99999999999999999999,0000000,32.25219167,-88.18243889,1,1
1,3,9,21,21,45,1,1,0,0,15,4,0,1,0,1,1,1,2,55,1,1,2,1,0,0,3,1,0,0,99,99,22,5,88,88,0,0,0,0,1,2,1,10554,0,2009,0,1025,99999999999999999999,0000000,30.3616,-87.71718333,1,1
1,1,9,30,7,37,2,2,0,0,15,4,0,12,7,4,1,1,2,45,1,1,2,1,20,3,1,1,0,0,99,99,7,43,88,88,0,0,0,0,1,4,0,10555,2540,2009,0,1138,99999999999999999999,0000000,32.45008056,-86.41817778,2,1
1,29,10,9,20,35,3,5,0,1,1,1,0,34,0,1,3,2,4,70,2,2,2,2,0,0,3,2,0,0,99,99,20,46,88,88,0,14,0,0,1,6,0,10556,0,2009,2052,I-20,99999999999999999999,0000000,33.64592222,-85.50163611,3,2
1,69,10,8,9,45,2,2,0,0,5,2,0,12,5,10,1,2,2,65,1,1,2,1,20,3,1,1,0,0,99,99,9,56,88,88,0,0,0,0,1,5,0,10557,140,2009,0,US-SR 12,1047,0000000,31.17428611,-85.23462778,2,1
1,3,9,22,17,55,1,1,0,0,16,4,0,42,0,1,4,1,2,45,1,1,2,1,0,0,1,1,0,0,99,99,18,18,99,99,0,0,0,0,1,3,0,10558,0,2009,0,1567,99999999999999999999,0000000,30.40423889,-87.44553889,1,1
1,73,10,2,14,21,2,3,0,0,4,4,0,12,8,1,1,1,2,40,1,1,2,1,0,0,1,1,0,0,99,99,14,31,99,99,0,0,0,0,1,6,0,10559,0,2009,0,1398,99999999999999999999,0000000,33.82088056,-86.92024444,2,1
1,67,10,4,2,20,1,1,0,0,5,4,0,32,0,1,4,1,2,45,1,1,2,1,0,0,3,1,0,0,99,99,2,30,88,88,0,0,0,0,1,1,1,10560,0,2009,0,1065,99999999999999999999,0000000,31.40081111,-85.33651944,1,1
1,73,9,4,17,50,1,1,0,0,15,6,0,30,0,1,4,1,2,30,2,1,2,1,0,0,1,1,0,0,99,99,18,5,88,88,0,0,0,0,1,6,1,10561,330,2009,0,2523,99999999999999999999,0000000,33.39633333,-86.98112222,1,1
1,89,9,2,21,7,1,2,1,0,14,6,0,8,0,1,1,1,2,40,1,1,2,1,0,0,3,1,0,0,99,99,21,8,88,88,0,0,0,0,1,4,0,10562,1730,2009,0,5420,99999999999999999999,0000000,34.69186944,-86.56825833,1,1
1,71,9,4,0,5,2,2,0,1,12,2,0,12,5,8,1,2,2,60,1,1,2,1,20,3,3,1,0,0,99,99,0,16,99,99,0,0,0,0,1,6,1,10563,2720,2009,0,US-SR 2,99999999999999999999,0000000,34.65925556,-86.01864722,2,1
1,3,9,3,14,12,2,2,0,0,5,4,0,12,5,2,1,2,2,55,1,1,2,1,20,3,1,1,0,0,99,99,14,15,99,99,0,0,0,0,1,5,1,10564,1210,2009,0,1025,7506,0000000,30.42124722,-87.71713889,2,1
1,1,10,3,14,52,2,3,0,1,12,2,0,12,2,10,1,2,4,55,1,1,2,1,3,3,1,1,0,0,99,99,15,2,99,99,0,0,0,0,1,7,0,10565,2540,2009,0,US-SR 6,1466,0000000,32.44007778,-86.41803333,2,1
1,103,10,9,22,36,1,1,0,0,14,6,0,19,0,2,4,1,2,40,2,1,2,2,3,3,3,1,0,0,99,99,22,42,88,88,0,0,0,0,1,6,1,10566,890,2009,0,5434,1759,0000000,34.60558333,-86.97243889,1,1
1,103,10,9,11,19,2,2,0,0,14,6,0,12,5,2,1,1,2,40,1,1,2,1,3,3,1,1,0,0,88,88,88,88,88,88,0,0,0,0,1,6,0,10567,890,2009,0,1205,120,0000000,34.55565833,-87.000175,2,1
1,97,10,10,22,27,2,3,0,0,15,6,0,12,5,1,1,1,2,40,1,2,2,1,0,0,3,1,0,0,99,99,22,35,88,88,0,0,0,0,2,7,0,10568,2100,2009,0,5271,99999999999999999999,0000000,30.61822222,-88.18316944,2,1
1,81,10,28,17,4,3,4,0,0,3,3,0,12,7,1,1,1,2,45,1,2,2,1,0,0,5,1,0,0,99,99,17,12,99,99,0,0,0,0,1,4,1,10569,2340,2009,0,SR-51,99999999999999999999,0000000,32.62274167,-85.37141944,3,1
1,3,10,27,16,30,1,1,0,0,3,3,0,32,0,1,4,1,2,55,2,2,2,1,0,0,1,1,0,0,99,99,16,40,99,99,0,0,0,0,1,3,0,10570,0,2009,150,SR-225,99999999999999999999,0000000,30.86867222,-87.86410278,1,1
1,89,10,16,0,4,1,2,1,0,16,6,0,8,0,1,1,1,2,99,1,1,2,1,0,0,3,1,0,0,99,99,0,11,88,88,0,0,0,0,1,6,0,10571,1730,2009,0,6133,99999999999999999999,0000000,34.75790833,-86.59283333,1,1
1,89,10,24,14,55,4,4,0,0,14,6,0,12,5,10,1,1,2,40,1,1,2,1,3,3,1,1,0,0,99,99,14,59,99,99,0,0,0,0,1,7,0,10572,1730,2009,0,5190,00604,0000000,34.65856111,-86.53956667,4,1
1,9,9,19,11,37,2,3,0,0,3,3,0,12,5,1,1,1,2,55,1,1,2,2,0,0,1,2,0,0,99,99,11,44,99,99,0,0,0,0,1,7,0,10573,0,2009,16,SR-160,99999999999999999999,0000000,33.85888889,-86.80235556,2,2
1,71,10,5,6,43,1,1,0,0,4,3,0,1,0,1,4,1,2,55,1,1,2,2,0,0,1,2,0,0,99,99,7,6,88,88,0,0,0,0,1,2,0,10574,3310,2009,658,SR-35,99999999999999999999,0000000,34.62921667,-86.27005556,1,2
1,119,10,8,7,0,2,38,0,0,5,4,0,12,2,1,1,1,2,45,2,1,2,1,0,0,1,1,0,0,99,99,7,18,99,99,1,0,0,0,1,5,0,10575,0,2009,0,1064,99999999999999999999,0000000,32.50237778,-88.31763333,2,1
1,65,10,9,4,15,1,1,0,0,3,3,0,32,0,1,4,1,2,55,2,2,2,1,0,0,3,1,0,0,99,99,4,54,99,99,0,0,0,0,1,6,0,10576,1450,2009,956,SR-69,99999999999999999999,0000000,32.54556389,-87.67771111,1,1
1,43,10,9,22,35,1,2,0,1,3,2,0,30,0,1,4,2,2,55,1,1,1,2,0,0,3,1,0,0,99,99,22,43,88,88,0,0,0,0,2,6,0,10577,3144,2009,3315,US-SR 3,99999999999999999999,0000000,34.2425,-86.86688333,1,1
1,37,10,9,17,58,1,1,0,0,3,3,0,42,0,1,4,1,2,55,1,1,2,2,0,0,1,1,0,0,88,88,88,88,88,88,0,0,0,0,1,6,1,10578,0,2009,950,SR-22,99999999999999999999,0000000,32.88650556,-86.23495,1,1
1,69,10,10,0,48,1,3,0,0,16,6,0,33,0,1,2,1,2,30,2,2,2,1,0,0,3,1,0,0,99,99,0,54,99,99,0,0,0,0,1,7,1,10579,930,2009,0,1267,99999999999999999999,0000000,31.26352222,-85.44301389,1,1
1,115,10,11,5,45,2,3,0,0,3,2,0,24,0,1,4,1,2,55,1,2,2,1,0,0,3,1,0,0,99,99,6,10,99,99,0,0,0,0,1,1,1,10580,0,2009,2443,US-SR 53,99999999999999999999,0000000,33.91343889,-86.32358056,2,1
1,15,10,12,17,1,3,6,0,0,14,6,0,12,5,1,1,1,2,45,1,2,2,2,0,0,1,2,0,0,99,99,17,4,99,99,0,0,0,0,2,2,0,10581,100,2009,0,5408,99999999999999999999,0000000,33.65181944,-85.79781667,3,2
1,121,10,13,23,0,1,1,0,0,6,4,0,42,0,1,4,1,2,10,2,1,5,5,0,0,3,2,0,0,99,99,23,35,88,88,0,0,0,0,1,3,1,10582,0,2009,0,1864,99999999999999999999,0000000,33.51266667,-85.96670833,1,2
1,127,10,14,8,10,1,1,0,0,4,3,0,42,0,1,4,1,2,55,1,1,2,2,0,0,1,2,0,0,99,99,8,25,99,99,0,0,0,0,1,4,0,10583,0,2009,577,SR-18,99999999999999999999,0000000,33.700475,-87.46157778,1,2
1,41,10,14,21,0,1,1,0,0,6,4,0,1,0,1,4,1,2,45,1,2,2,1,0,0,3,1,0,0,99,99,21,21,88,88,0,0,0,0,1,4,1,10584,0,2009,0,1268,99999999999999999999,0000000,31.9172,-86.385175,1,1
1,101,10,15,13,10,2,3,0,0,4,4,0,12,2,3,1,1,2,40,1,1,2,1,0,0,1,1,0,0,99,99,13,25,99,99,0,0,0,0,1,5,0,10585,0,2009,0,1287,7833,0000000,32.44936111,-86.25884444,2,1
1,113,10,16,23,46,2,3,0,1,12,2,0,12,5,2,1,2,2,55,1,2,2,1,0,0,3,1,0,0,99,99,23,57,99,99,0,0,0,0,1,6,0,10586,2440,2009,1114,US-SR 1,174,0000000,32.44798333,-85.01705833,2,1
1,25,10,17,0,35,1,2,0,0,6,4,0,1,0,1,4,1,2,45,2,1,2,1,0,0,3,1,0,0,99,99,1,15,99,99,0,0,0,0,1,7,1,10587,0,2009,0,1235,99999999999999999999,0000000,31.83928611,-87.78206944,1,1
1,15,10,18,2,35,1,1,0,1,11,1,0,1,0,5,4,2,2,70,1,1,2,1,0,0,3,1,0,0,99,99,2,45,99,99,0,0,0,0,1,1,0,10588,2370,2009,1880,I-20,847,0000000,33.610725,-85.79022778,1,1
1,89,10,18,20,50,2,2,0,1,12,2,0,12,2,2,1,2,2,50,1,1,2,1,3,3,3,1,0,0,99,99,21,2,99,99,0,0,0,0,1,1,2,10589,0,2009,3449,US-SR 1,8648,0000000,34.85873333,-86.57140833,2,1
1,89,10,19,17,25,2,3,0,0,6,4,0,12,5,2,1,1,2,45,1,1,2,1,20,3,1,1,0,0,99,99,17,55,99,99,0,0,0,0,1,2,0,10590,0,2009,0,1290,7461,0000000,34.88202222,-86.74873333,2,1
1,125,10,19,18,34,2,2,0,0,12,2,0,12,5,10,1,2,2,45,2,2,2,1,20,3,5,1,0,0,99,99,18,38,99,99,0,0,0,0,1,2,0,10591,3050,2009,0,US-SR 7,82,0000000,33.17472222,-87.473125,2,1
1,97,10,20,18,25,1,1,0,0,14,4,0,27,0,1,4,1,2,40,2,2,2,1,0,0,1,1,0,0,99,99,18,28,88,88,0,0,0,0,1,3,1,10592,0,2009,0,1585,99999999999999999999,0000000,30.75699444,-88.24656389,1,1
1,91,10,20,5,25,2,2,0,1,2,2,0,12,4,1,1,1,2,45,1,1,2,1,0,0,1,1,0,0,99,99,5,46,99,99,0,0,0,0,1,3,0,10593,0,2009,1268,US-SR 13,99999999999999999999,0000000,32.40087222,-87.78604167,2,1
1,9,10,20,18,45,4,2,0,1,2,2,0,12,3,2,1,1,2,55,1,2,2,1,20,3,3,1,0,0,99,99,19,3,99,99,0,0,0,0,1,3,1,10594,0,2009,983,US-SR 74,2,0000000,34.16679167,-86.516525,2,1
1,69,10,21,17,25,2,2,0,0,6,4,0,12,5,8,1,1,2,45,1,1,2,1,0,0,1,1,0,0,99,99,17,41,99,99,0,0,0,0,1,4,0,10595,0,2009,0,1480,99999999999999999999,0000000,31.13484722,-85.33498333,2,1
1,79,10,21,19,0,1,1,0,0,4,3,0,34,0,1,4,1,2,55,2,1,2,1,40,3,3,1,0,0,99,99,19,15,88,88,0,0,0,0,1,4,1,10596,0,2009,141,SR-33,99999999999999999999,0000000,34.33549722,-87.34983889,1,1
1,113,10,21,20,4,1,1,1,0,3,3,0,8,0,1,2,1,2,55,1,2,2,1,0,0,3,1,0,0,99,99,20,17,99,99,0,0,0,0,1,4,0,10597,0,2009,10,SR-26,99999999999999999999,0000000,32.29663611,-85.19828889,1,1
1,97,10,23,6,25,2,2,0,0,14,3,0,12,2,1,1,1,2,45,1,2,2,2,0,0,3,1,0,0,99,99,6,55,99,99,0,0,0,0,1,6,0,10598,0,2009,101,SR-217,99999999999999999999,0000000,30.82416389,-88.26167222,2,1
1,89,10,24,17,55,2,3,0,0,2,3,0,12,5,8,1,1,2,55,1,1,2,1,0,0,3,1,0,0,99,99,18,2,99,99,0,0,0,0,1,7,0,10599,0,2009,3370,SR-53,99999999999999999999,0000000,34.93356389,-86.77417222,2,1
1,113,10,29,12,48,2,3,0,1,12,2,0,12,5,10,1,2,2,50,1,2,2,1,3,3,1,1,0,0,99,99,13,4,99,99,0,0,0,0,2,5,0,10600,2440,2009,1150,US-SR 1,1511,0000000,32.48978333,-85.03491667,2,1
1,81,10,19,13,16,1,2,0,1,11,1,0,34,0,1,3,2,4,70,1,2,2,1,0,0,1,1,0,0,99,99,13,31,99,99,0,0,0,0,2,2,0,10601,200,2009,545,I-85,99999999999999999999,0000000,32.58399444,-85.46496389,1,1
1,13,11,6,23,15,2,2,0,1,1,1,0,12,2,1,1,2,2,70,1,1,2,1,0,0,3,1,0,0,99,99,23,31,99,99,0,0,0,0,1,6,0,10603,0,2009,1227,I-65,99999999999999999999,0000000,31.76072222,-86.70126944,2,1
1,83,10,25,19,5,1,3,1,1,2,2,0,8,0,1,1,2,2,60,1,2,2,1,0,0,3,1,0,0,99,99,19,10,99,99,0,0,0,0,1,1,0,10604,0,2009,855,US-SR 2,99999999999999999999,0000000,34.748775,-86.79385833,1,1
1,89,10,25,18,0,2,5,0,0,4,4,0,12,1,2,1,1,2,45,1,2,2,1,0,0,1,1,0,0,99,99,18,11,99,99,0,0,0,0,1,1,1,10605,0,2009,0,1154,27269,0000000,34.93998056,-86.51843333,2,1
1,65,10,25,22,30,1,1,0,0,5,4,0,42,0,1,4,1,2,45,2,2,2,1,0,0,3,1,0,0,99,99,23,1,99,99,0,0,0,0,1,1,1,10606,0,2009,0,1254,99999999999999999999,0000000,32.960425,-87.5876,1,1
1,15,10,27,6,45,2,3,0,0,14,3,0,12,5,2,1,2,2,55,1,2,2,2,0,0,4,2,0,0,99,99,6,58,88,88,0,0,0,0,1,3,0,10607,0,2009,43,SR-202,9335,0000000,33.63687222,-85.90573333,2,2
1,61,10,29,11,0,1,1,0,0,4,4,0,1,0,1,1,1,2,40,1,1,2,1,0,0,1,1,0,0,99,99,11,18,88,88,0,0,0,0,1,5,0,10608,0,2009,0,1264,99999999999999999999,0000000,31.03995,-85.61605278,1,1
1,29,10,29,13,30,3,4,0,1,2,2,0,12,2,1,1,1,2,55,2,2,2,1,0,0,1,1,0,0,99,99,13,45,99,99,0,0,0,0,1,5,0,10609,0,2009,2180,US-SR 1,99999999999999999999,0000000,33.59020556,-85.68555,3,1
1,77,10,30,17,45,1,1,0,0,6,4,0,34,0,1,4,1,2,45,1,2,2,2,0,0,3,2,0,0,99,99,18,5,99,99,0,0,0,0,1,6,0,10610,0,2009,0,2115,99999999999999999999,0000000,34.87713056,-87.77805833,1,2
1,97,11,8,21,8,2,2,0,1,2,2,0,12,5,2,1,2,2,65,1,1,2,1,0,0,3,1,0,0,99,99,21,23,88,88,0,0,0,0,1,1,1,10611,2175,2009,231,US-SR 13,1831,0000000,31.05745556,-88.02425,2,1
1,125,11,8,13,15,3,3,0,0,12,2,0,12,1,2,1,1,2,55,1,1,2,1,0,0,1,1,0,0,99,99,13,21,99,99,0,0,0,0,1,1,0,10612,3050,2009,0,US-SR 7,9215,0000000,33.18179722,-87.46570556,3,1
1,101,11,8,11,20,2,5,0,0,6,4,0,12,5,8,1,1,2,40,2,1,2,1,0,0,1,1,0,0,99,99,11,30,88,88,0,0,0,0,1,1,1,10613,0,2009,0,1293,99999999999999999999,0000000,32.44085556,-86.28326389,2,1
1,13,11,8,8,25,1,1,0,0,4,3,0,32,0,1,4,1,2,55,1,2,2,1,0,0,1,1,0,0,99,99,8,42,88,88,0,0,0,0,1,1,0,10614,0,2009,215,SR-106,99999999999999999999,0000000,31.63669444,-86.58755556,1,1
1,121,11,8,1,45,1,2,0,1,2,3,0,24,0,1,2,2,2,65,1,2,2,1,0,0,6,1,0,0,99,99,14,0,99,99,0,0,0,0,1,1,1,10615,0,2009,689,SR-77,99999999999999999999,0000000,33.49160833,-86.12883333,1,1
1,115,11,9,15,55,1,1,0,0,4,4,0,42,0,1,4,1,2,45,2,1,2,1,0,0,1,1,0,0,99,99,16,6,88,88,0,0,0,0,1,2,1,10616,0,2009,0,1014,99999999999999999999,0000000,33.92516667,-86.31625278,1,1
1,127,3,8,9,50,2,2,0,0,4,4,0,12,5,2,1,1,2,45,1,1,2,1,20,3,1,1,0,0,99,99,10,25,99,99,0,0,0,0,1,1,0,10617,0,2009,0,1636,1722,0000000,33.71934722,-87.36340278,2,1
1,89,10,23,22,7,1,2,0,0,16,6,0,34,0,1,4,1,2,35,1,2,2,1,0,0,2,1,0,0,99,99,22,13,99,99,0,0,0,0,1,6,1,10618,1730,2009,0,6809,99999999999999999999,0000000,34.62077222,-86.51611111,1,1
1,83,10,28,11,30,2,3,0,0,12,2,0,12,5,2,1,2,2,60,1,1,2,1,20,3,1,1,0,0,99,99,11,45,99,99,0,0,0,0,2,4,0,10619,170,2009,0,US-SR 3,1686,0000000,,,2,1
1,71,10,10,22,54,2,5,0,0,2,2,0,54,11,1,1,2,2,65,1,1,2,1,0,0,2,1,0,0,99,99,23,17,88,88,0,14,0,0,1,7,1,10620,0,2009,1301,US-SR 2,99999999999999999999,0000000,34.61988889,-86.13773889,2,1
1,89,11,10,12,59,2,1,0,1,11,1,0,12,1,1,1,3,4,70,2,1,2,2,0,0,1,2,0,0,99,99,13,6,88,88,0,0,0,0,1,3,0,10621,1730,2009,144,I-565,99999999999999999999,0000000,34.67269444,-86.75390556,2,2
1,57,11,7,21,40,1,1,0,0,4,4,0,1,0,1,4,1,2,40,1,1,2,1,0,0,3,1,0,0,99,99,21,52,99,99,0,0,0,0,1,7,1,10622,0,2009,0,1075,99999999999999999999,0000000,33.63901667,-87.80956944,1,1
1,61,11,14,12,35,1,1,0,0,4,4,0,30,0,1,4,1,2,45,2,2,2,1,0,0,1,1,0,0,99,99,13,33,99,99,0,0,0,0,1,7,0,10623,0,2009,0,1040,99999999999999999999,0000000,31.08642222,-86.08092778,1,1
1,69,11,21,23,35,1,1,0,1,12,2,0,42,0,2,4,1,2,25,1,2,2,2,20,3,3,2,0,0,99,99,23,41,88,88,0,0,0,0,1,7,1,10624,930,2009,0,US-SR 12,1324,0000000,31.22830556,-85.42171111,1,2
1,93,10,25,3,47,1,1,0,0,15,6,0,38,0,2,4,1,2,45,1,1,2,1,0,0,3,1,0,0,99,99,3,58,99,99,0,0,0,0,1,1,0,10625,1540,2009,0,1086,632,0000000,34.15689722,-88.02705278,1,1
1,43,11,17,19,20,1,1,0,0,6,4,0,42,0,1,4,1,2,30,2,2,2,1,0,0,3,1,0,0,99,99,19,33,99,99,0,0,0,0,1,3,0,10626,0,2009,0,1610,99999999999999999999,0000000,34.22046111,-86.83578611,1,1
1,103,11,19,19,55,2,2,0,0,2,3,0,12,2,1,1,1,2,55,1,3,2,1,0,0,3,1,0,0,99,99,20,6,99,99,0,0,0,0,1,5,0,10627,0,2009,295,SR-36,99999999999999999999,0000000,34.44683889,-86.79660556,2,1
1,97,11,28,21,15,1,1,0,1,11,1,0,42,0,1,3,2,2,70,1,1,2,1,0,0,3,1,0,0,99,99,21,21,88,88,0,0,0,0,1,7,0,10628,2716,2009,180,I-65,99999999999999999999,0000000,30.86556111,-88.06373056,1,1
1,91,11,15,22,30,2,3,0,1,2,2,0,12,2,1,1,1,2,55,1,1,2,1,0,0,3,1,0,0,99,99,22,49,99,99,0,0,0,0,1,1,1,10629,0,2009,1277,US-SR 13,99999999999999999999,0000000,32.416475,-87.78017222,2,1
1,103,11,28,17,20,1,1,0,0,6,6,0,42,0,1,4,1,2,45,1,1,2,1,0,0,3,1,0,0,99,99,17,30,88,88,0,0,0,0,1,7,0,10630,2545,2009,0,1365,99999999999999999999,0000000,34.53629444,-86.87634167,1,1
1,51,11,8,21,30,1,1,0,0,6,4,0,38,0,1,4,1,2,45,2,2,2,1,0,0,3,1,0,0,99,99,23,55,88,88,0,0,0,0,1,1,1,10631,0,2009,0,1054,99999999999999999999,0000000,32.58715,-86.39671944,1,1
1,33,11,24,15,0,1,1,0,0,6,4,0,34,0,1,4,1,2,35,1,2,2,1,0,0,1,1,0,0,99,99,15,26,88,88,0,0,0,0,1,3,1,10632,0,2009,0,1456,99999999999999999999,0000000,34.78537222,-87.43740278,1,1
1,83,11,26,12,0,1,2,0,0,3,4,0,34,0,1,4,1,2,35,2,2,2,1,0,0,1,1,0,0,99,99,12,28,88,88,0,0,0,0,1,5,0,10633,0,2009,0,1262,99999999999999999999,0000000,34.91910278,-86.80446389,1,1
1,97,11,27,5,25,2,2,0,1,2,2,0,12,5,2,1,1,2,50,1,3,2,1,3,3,3,1,0,0,99,99,5,43,88,88,0,0,0,0,1,6,0,10634,0,2009,80,US-SR 42,9604,0000000,30.79601944,-88.31866944,2,1
1,123,11,28,13,35,1,1,0,0,3,3,0,42,0,1,4,1,2,55,1,1,2,1,0,0,1,1,0,0,99,99,13,51,99,99,0,0,0,0,1,7,0,10635,0,2009,1377,SR-22,99999999999999999999,0000000,33.04345833,-85.66795278,1,1
1,73,11,29,15,55,4,6,0,1,12,1,0,24,0,1,3,3,4,70,1,1,2,1,0,0,1,1,0,0,99,99,16,6,99,99,0,14,0,0,1,1,1,10636,0,2009,1170,I-59,99999999999999999999,0000000,33.47702222,-86.92491111,4,1
1,97,12,1,21,30,2,2,0,1,11,1,0,12,5,13,1,3,3,65,1,1,2,2,0,0,3,2,0,0,99,99,21,28,88,88,0,0,0,0,1,3,0,10637,2100,2009,35,I-65,99999999999999999999,0000000,30.675825,-88.12717222,2,2