STATE,COUNTY,MONTH,DAY,HOUR,MINUTE,VE_TOTAL,PERSONS,PEDS,NHS,ROAD_FNC,ROUTE,SP_JUR,HARM_EV,MAN_COLL,REL_JUNC,REL_ROAD,TRAF_FLO,NO_LANES,SP_LIMIT,ALIGNMNT,PROFILE,PAVE_TYP,SUR_COND,TRA_CONT,T_CONT_F,LGT_COND,WEATHER1,WEATHER2,WRK_ZONE,NOT_HOUR,NOT_MIN,ARR_HOUR,ARR_MIN,HOSP_HR,HOSP_MN,SCH_BUS,CF1,CF2,CF3,FATALS,DAY_WEEK,DRUNK_DR,ST_CASE,CITY,YEAR,MILEPT,TWAY_ID,TWAY_ID2,RAIL,LATITUDE,LONGITUD,VE_FORMS,WEATHER
1,97,10,4,4,48,2,2,0,1,11,1,0,12,2,1,1,3,4,65,2,1,2,1,0,0,2,1,0,0,99,99,4,58,88,88,0,0,0,0,1,1,1,10638,670,2009,103,I-65,99999999999999999999,0000000,30.763325,-88.09283611,2,1
1,117,7,13,7,5,4,7,0,0,3,3,0,12,1,3,1,1,2,55,1,2,2,2,0,0,1,2,0,0,99,99,7,16,99,99,0,0,0,0,1,2,0,10639,0,2009,258,SR-119,8575,0000000,33.38017222,-86.70156389,4,2
1,73,11,1,7,38,2,4,0,0,15,6,0,12,5,2,1,1,2,45,1,1,2,1,3,3,1,1,0,0,99,99,7,47,99,99,0,0,0,0,1,1,0,10640,350,2009,0,4107,1050,0000000,33.50369444,-86.80760278,2,1
1,73,11,5,9,28,1,1,0,0,14,6,0,30,0,2,4,1,2,45,1,1,2,1,3,3,1,1,0,0,99,99,9,40,88,88,0,0,0,0,1,5,0,10641,350,2009,0,3466,1627,0000000,33.52246944,-86.87912222,1,1
1,103,11,13,17,36,2,2,0,0,15,6,0,12,2,1,1,1,2,45,1,1,2,1,0,0,2,1,0,0,99,99,17,37,99,99,0,0,0,0,1,6,0,10642,1590,2009,0,1055,99999999999999999999,0000000,34.41858889,-86.95883611,2,1
1,95,11,13,12,4,2,4,0,0,15,6,0,12,5,1,1,1,2,35,2,2,2,1,0,0,1,1,0,0,99,99,12,12,99,99,0,0,0,0,2,6,0,10643,1500,2009,0,5071,99999999999999999999,0000000,34.34113611,-86.32343611,2,1
1,51,11,30,11,18,4,5,0,1,12,2,0,12,5,2,1,5,4,55,1,1,2,2,20,3,1,2,0,0,88,88,88,88,88,88,0,0,0,0,1,2,0,10644,3270,2009,1191,US-SR 9,7896,0000000,32.50390833,-86.21555833,4,2
1,55,12,1,18,3,1,2,0,0,16,6,0,24,0,1,4,1,2,25,1,2,2,1,0,0,3,1,0,0,99,99,18,12,99,99,0,0,0,0,1,3,1,10645,1280,2009,0,6304,99999999999999999999,0000000,33.97025278,-85.951075,1,1
1,45,12,5,22,32,2,2,0,1,2,2,0,12,2,1,1,2,2,65,1,1,2,1,0,0,3,1,0,0,99,99,23,0,99,99,0,0,0,0,1,7,0,10646,845,2009,0,US-SR 12,99999999999999999999,0000000,31.288225,-85.701675,2,1
1,9,12,2,12,25,3,4,0,0,3,3,0,21,0,1,4,1,2,55,1,2,1,2,0,0,1,2,0,0,99,99,12,35,99,99,0,0,0,0,1,4,0,10647,0,2009,160,SR-160,99999999999999999999,0000000,33.98285,-86.60878611,3,2
1,9,11,30,14,30,1,1,0,0,3,3,0,24,0,1,4,1,2,55,2,1,2,2,0,0,1,2,0,0,99,99,14,40,88,88,0,0,0,0,1,2,1,10648,2330,2009,324,SR-75,99999999999999999999,0000000,33.98345556,-86.44199722,1,2
1,73,11,18,23,10,2,2,0,1,11,1,0,12,1,1,1,3,4,50,1,1,2,1,0,0,3,1,0,0,99,99,23,15,99,99,0,0,0,0,1,4,1,10649,350,2009,1230,I-59,99999999999999999999,0000000,33.52014444,-86.85533611,2,1
1,59,11,23,16,46,3,4,0,1,2,2,0,12,7,10,1,2,4,55,1,2,2,1,0,0,5,1,0,0,99,99,16,49,99,99,0,0,0,0,1,2,1,10650,2690,2009,0,US-SR 13,800,0000000,34.53735,-87.71186389,3,1
1,89,11,20,10,55,2,2,0,0,14,6,0,12,5,8,1,2,4,45,1,1,2,1,0,0,1,1,0,0,99,99,11,4,99,99,0,0,0,0,1,6,0,10651,1970,2009,0,8076,99999999999999999999,0000000,34.67919722,-86.74564722,2,1
1,117,12,4,12,45,2,2,0,1,1,1,0,14,1,1,4,3,2,70,1,1,2,1,0,0,1,1,0,0,99,99,12,55,88,88,0,0,0,0,1,6,0,10652,0,2009,2339,I-65,99999999999999999999,0000000,33.17193611,-86.77699444,1,1
1,33,11,25,17,45,1,4,0,0,4,4,0,42,0,1,4,1,2,45,2,2,2,1,0,0,3,1,0,0,99,99,18,27,99,99,0,0,0,0,1,4,1,10653,0,2009,0,1149,99999999999999999999,0000000,34.59254722,-87.76259722,1,1
1,51,12,3,20,12,1,2,1,0,14,3,0,8,0,2,1,1,2,55,1,1,2,1,0,0,3,1,0,0,99,99,20,16,88,88,0,0,0,0,1,5,0,10654,2063,2009,0,SR-14,8170,0000000,32.49755833,-86.39909722,1,1
1,81,12,3,17,12,3,3,0,0,4,4,0,12,8,1,1,1,2,45,1,1,2,1,0,0,3,1,0,0,99,99,17,30,99,99,0,0,0,0,1,5,0,10655,0,2009,0,1240,99999999999999999999,0000000,32.51022222,-85.19215,3,1
1,85,12,5,20,45,1,2,0,0,4,3,0,34,0,1,4,1,2,55,2,2,2,1,0,0,3,1,0,0,99,99,21,23,99,99,0,0,0,0,1,7,1,10656,0,2009,222,SR-185,99999999999999999999,0000000,31.98551944,-86.50506111,1,1
1,125,12,7,19,52,1,1,0,0,6,4,0,34,0,1,4,1,2,45,1,2,2,1,0,0,3,1,0,0,88,88,88,88,88,88,0,0,0,0,1,2,1,10657,0,2009,0,1221,99999999999999999999,0000000,33.09290278,-87.44449722,1,1
1,21,12,8,19,5,2,2,0,0,3,2,0,12,2,1,1,1,2,55,1,1,2,2,0,0,3,2,0,0,99,99,19,20,99,99,0,0,0,0,1,3,0,10658,0,2009,1390,US-SR 3,99999999999999999999,0000000,33.04912222,-86.76188611,2,2
1,101,12,8,13,4,1,1,0,0,4,4,0,52,0,1,4,1,2,55,2,1,2,2,0,0,1,2,0,0,99,99,13,10,99,99,0,0,0,0,1,3,0,10659,0,2009,0,1104,99999999999999999999,0000000,32.30191667,-85.98298333,1,2
1,97,12,8,7,10,4,5,0,1,12,2,0,12,5,1,1,5,4,50,1,2,2,2,0,0,1,2,0,0,99,99,8,25,99,99,0,0,0,0,1,3,0,10660,0,2009,130,US-SR 42,99999999999999999999,0000000,30.77220556,-88.23888333,4,2
1,113,12,11,21,50,2,3,0,1,12,2,0,12,2,10,1,2,4,65,1,2,2,1,4,3,3,1,0,0,99,99,21,58,99,99,0,0,0,0,1,6,0,10661,2440,2009,1092,US-SR 1,7617,0000000,32.42237222,-85.04003611,2,1
1,77,12,11,22,50,2,3,0,0,3,3,0,12,5,1,1,1,2,55,1,1,2,1,0,0,3,1,0,0,99,99,22,53,99,99,0,0,0,0,1,6,1,10662,0,2009,148,SR-20,99999999999999999999,0000000,34.85396944,-87.75636389,2,1
1,69,12,12,0,20,1,2,1,1,2,2,0,8,0,1,1,2,2,60,1,1,2,2,0,0,3,2,0,0,99,99,0,35,88,88,0,0,0,0,1,7,0,10663,0,2009,1955,US-SR 12,99999999999999999999,0000000,31.24245278,-85.63164722,1,2
1,109,12,13,0,50,1,1,0,0,4,4,0,1,0,1,4,1,2,45,2,1,2,2,0,0,3,2,0,0,99,99,1,9,99,99,0,0,0,0,1,1,0,10664,0,2009,0,1113,99999999999999999999,0000000,31.83286667,-86.03041667,1,2
1,63,12,17,19,15,2,2,0,1,1,1,0,12,1,1,1,2,2,70,1,1,2,1,0,0,3,1,0,0,88,88,88,88,88,88,0,0,0,0,1,5,0,10665,0,2009,360,I-59,99999999999999999999,0000000,32.82193889,-87.99100278,2,1
1,77,12,11,16,20,1,2,1,0,4,4,0,8,0,1,1,1,2,45,1,1,2,1,0,0,5,1,0,0,99,99,16,34,99,99,0,0,0,0,1,6,0,10666,0,2009,0,1257,99999999999999999999,0000000,34.97661667,-87.50191944,1,1
1,83,12,12,18,30,4,8,0,0,3,4,0,12,4,1,1,1,2,45,1,1,2,1,0,0,3,1,0,0,99,99,18,55,99,99,0,0,0,0,2,7,2,10667,0,2009,0,1001,99999999999999999999,0000000,34.75280833,-86.78606944,4,1
1,109,12,18,17,30,1,2,0,0,4,4,0,42,0,1,4,1,2,45,1,1,2,1,0,0,3,1,0,0,99,99,18,16,99,99,0,0,0,0,1,6,0,10668,0,2009,0,1117,99999999999999999999,0000000,32.04013056,-85.98188056,1,1
1,53,12,20,11,22,1,2,0,0,6,4,0,42,0,1,4,1,2,45,1,1,2,1,20,3,1,1,0,0,99,99,11,38,99,99,0,0,0,0,1,1,0,10669,0,2009,0,1048,99999999999999999999,0000000,30.99785278,-87.32581111,1,1
1,125,12,21,9,13,3,3,0,1,3,3,0,12,5,10,1,2,4,55,1,1,2,1,20,3,1,1,0,0,99,99,9,19,88,88,0,0,0,0,1,2,0,10670,3050,2009,0,SR-215,9198,0000000,33.14825556,-87.526075,3,1
1,95,12,22,22,50,1,1,0,0,6,4,0,34,0,1,4,1,2,45,2,2,2,1,0,0,3,1,0,0,88,88,88,88,88,88,0,0,0,0,1,3,1,10671,0,2009,0,1562,99999999999999999999,0000000,34.34165556,-86.11513056,1,1
1,87,12,23,18,55,1,3,0,0,4,4,0,42,0,1,4,1,2,45,2,2,2,1,0,0,3,1,0,0,99,99,19,45,88,88,0,0,0,0,1,4,1,10672,0,2009,0,1050,99999999999999999999,0000000,32.26216944,-85.43475278,1,1
1,71,12,24,17,45,1,1,0,0,4,4,0,42,0,1,4,1,2,40,2,2,2,2,0,0,3,6,0,0,99,99,18,0,88,88,0,0,0,0,1,5,1,10673,0,2009,0,1407,99999999999999999999,0000000,34.93695833,-85.61885833,1,6
1,69,12,26,3,30,1,2,0,0,4,4,0,34,0,1,4,1,2,45,2,2,2,1,0,0,3,1,0,0,99,99,4,40,99,99,0,0,0,0,1,7,1,10674,0,2009,0,1305,99999999999999999999,0000000,31.22171667,-85.56056667,1,1
1,73,11,17,19,8,2,3,0,0,2,3,0,12,7,8,1,2,4,55,1,2,2,1,0,0,3,1,0,0,99,99,19,13,99,99,0,0,0,0,2,3,0,10675,0,2009,79,SR-75,99999999999999999999,0000000,33.69749722,-86.67919444,2,1
1,117,12,24,20,40,1,1,0,0,16,6,0,42,0,1,4,1,2,40,2,2,2,2,0,0,2,2,0,0,99,99,20,51,88,88,0,0,0,0,1,5,0,10676,2405,2009,0,1429,99999999999999999999,0000000,33.32525833,-86.785175,1,2
1,5,11,25,12,25,1,1,0,1,12,2,0,34,0,1,3,2,4,65,1,1,2,1,0,0,1,1,0,0,99,99,12,33,88,88,0,0,0,0,1,4,1,10677,1050,2009,0,US-SR 1,99999999999999999999,0000000,31.803025,-85.16436944,1,1
1,73,11,27,20,30,2,4,0,0,12,2,0,12,1,2,1,1,4,30,1,1,2,1,3,3,3,1,0,0,99,99,20,34,99,99,0,0,0,0,1,6,1,10678,350,2009,0,US-SR 7,04624,0000000,33.53911944,-86.75368611,2,1
1,73,12,4,23,0,1,2,1,0,14,2,0,8,0,2,1,5,2,40,1,2,2,2,0,0,3,4,0,0,99,99,23,11,88,88,0,0,0,0,1,6,0,10679,350,2009,0,US-SR 4,00622,0000000,33.51050278,-86.84919444,1,4
1,73,11,5,10,30,2,3,0,1,11,1,0,12,1,1,1,2,2,70,1,1,2,1,0,0,1,1,0,0,99,99,10,34,99,99,0,0,0,0,1,5,0,10680,330,2009,1115,I-59,99999999999999999999,0000000,33.50735278,-86.88396111,2,1
1,101,10,2,23,49,2,2,0,0,15,2,0,12,1,2,1,1,2,45,1,1,2,1,3,3,3,1,0,0,99,99,23,55,88,88,0,0,0,0,1,6,1,10681,2130,2009,0,US-SR 3,5347,0000000,32.30039722,-86.34971667,2,1
1,101,11,20,23,59,1,3,0,1,11,1,0,24,0,1,4,2,4,70,1,1,2,1,0,0,3,1,0,0,99,99,0,4,99,99,0,0,0,0,3,6,1,10682,2130,2009,80,I-85,99999999999999999999,0000000,32.36145833,-86.17835556,1,1
1,15,12,13,12,35,1,1,0,1,1,1,0,42,0,1,4,2,2,70,2,1,1,2,0,0,1,2,0,0,99,99,12,48,99,99,0,0,0,0,1,1,0,10683,0,2009,1839,I-20,99999999999999999999,0000000,33.59515833,-85.85522778,1,2
1,81,12,17,14,42,2,3,0,0,3,4,0,12,2,1,1,1,2,45,2,2,2,1,0,0,1,1,0,0,99,99,15,16,99,99,0,0,0,0,1,5,0,10684,0,2009,0,1240,99999999999999999999,0000000,,,2,1
1,15,12,21,17,40,1,2,1,1,11,1,0,8,0,1,1,2,2,70,2,2,1,1,0,0,3,1,0,0,88,88,88,88,88,88,0,0,0,0,1,2,0,10685,2370,2009,1849,I-20,99999999999999999999,0000000,33.604325,-85.84118056,1,1
1,1,12,21,0,30,2,3,0,1,1,1,0,12,1,1,1,2,2,70,1,1,2,1,0,0,3,1,0,0,99,99,0,50,99,99,0,0,0,0,1,2,0,10686,0,2009,1965,I-65,99999999999999999999,0000000,32.68651389,-86.51451667,2,1
1,43,12,22,11,45,2,3,0,0,9,4,0,12,2,1,1,1,2,45,1,2,2,1,0,0,1,1,0,0,99,99,11,55,99,99,0,0,0,0,2,3,0,10687,0,2009,0,1851,99999999999999999999,0000000,34.29504722,-86.55653056,2,1
1,73,12,25,9,25,2,2,0,1,11,1,0,12,7,1,1,2,2,70,1,1,2,2,0,0,1,1,0,0,99,99,9,41,88,88,0,0,0,0,1,6,0,10688,3080,2009,1434,I-59,99999999999999999999,0000000,33.65705278,-86.59539167,2,1
1,125,12,25,10,46,2,2,0,0,14,4,0,12,4,1,1,1,4,40,1,2,2,1,0,0,1,1,0,0,99,99,11,0,99,99,0,0,0,0,1,6,1,10689,0,2009,0,2118,99999999999999999999,0000000,33.20555,-87.48868056,2,1
1,115,12,26,23,10,1,4,0,0,4,4,0,42,0,1,4,1,2,30,1,3,2,1,0,0,3,1,0,0,99,99,23,40,99,99,0,0,0,0,1,7,0,10690,2560,2009,0,1300,99999999999999999999,0000000,33.75517222,-86.14494722,1,1
1,125,12,26,3,35,1,1,0,0,6,4,0,42,0,1,4,1,2,25,2,1,2,1,0,0,3,1,0,0,99,99,3,47,88,88,0,20,0,0,1,7,1,10691,0,2009,0,1091,99999999999999999999,0000000,33.00481389,-87.59311389,1,1
1,77,12,27,1,23,1,1,0,0,6,4,0,34,0,1,4,1,2,45,1,2,2,1,0,0,3,1,0,0,88,88,88,88,88,88,0,0,0,0,1,1,1,10692,0,2009,0,1573,99999999999999999999,0000000,34.89912222,-87.29813611,1,1
1,21,12,27,18,20,1,1,0,0,3,3,0,42,0,10,4,1,2,55,1,1,2,1,20,3,3,1,0,0,99,99,18,30,99,99,0,0,0,0,1,1,0,10693,0,2009,0,SR-191,7573,0000000,32.80331944,-86.82720556,1,1
1,43,12,29,20,5,2,3,0,0,4,4,0,12,2,1,1,1,2,40,2,1,2,1,0,0,3,1,0,0,99,99,20,31,99,99,0,0,0,0,1,3,2,10694,0,2009,0,1400,99999999999999999999,0000000,34.24027778,-87.03018333,2,1
1,117,12,31,19,12,2,2,0,0,12,2,0,12,2,1,1,2,4,55,1,1,2,1,0,0,3,1,0,0,99,99,19,19,99,99,0,0,0,0,1,5,0,10695,655,2009,146,US-SR 38,99999999999999999999,0000000,33.34760278,-86.63600556,2,1
1,97,11,12,17,55,1,2,1,0,15,6,0,8,0,1,2,1,2,40,1,1,2,1,0,0,3,1,0,0,99,99,18,3,99,99,0,0,0,0,1,5,0,10696,2100,2009,0,5194,99999999999999999999,0000000,30.64738333,-88.20780278,1,1
1,93,12,30,15,38,1,1,0,0,16,6,0,42,0,1,4,1,2,45,2,1,2,2,0,0,1,2,0,0,99,99,15,43,99,99,0,0,0,0,1,4,0,10697,1540,2009,0,7498,99999999999999999999,0000000,34.17043333,-88.05566111,1,2
1,89,11,12,14,25,3,4,0,0,15,6,0,12,8,1,1,1,2,30,1,2,2,1,0,0,1,1,0,0,99,99,14,27,88,88,0,0,0,0,1,5,0,10698,1730,2009,0,7207,99999999999999999999,0000000,34.67221667,-86.55750278,3,1
1,5,12,17,1,22,1,1,0,0,14,2,0,42,0,1,4,1,2,55,1,1,2,1,0,0,3,1,0,0,99,99,1,30,88,88,0,20,0,0,1,5,1,10699,1050,2009,2266,US-SR 6,99999999999999999999,0000000,31.92633333,-85.15613333,1,1
1,125,12,22,0,1,3,4,0,0,14,6,0,12,2,1,1,1,4,25,2,1,2,1,0,0,3,1,0,0,99,99,12,6,99,99,0,0,0,0,1,3,1,10700,2260,2009,0,1356,99999999999999999999,0000000,33.20989444,-87.577075,3,1
1,79,12,26,19,40,2,1,0,0,6,4,0,14,5,1,4,1,2,45,2,1,2,1,0,0,3,1,0,0,99,99,19,55,88,88,0,0,0,0,1,7,1,10701,0,2009,0,1369,99999999999999999999,0000000,34.583625,-87.16078611,1,1
1,59,12,29,14,15,2,3,0,0,4,3,0,12,5,1,1,1,2,55,1,1,2,1,0,0,1,1,0,0,99,99,14,41,99,99,0,0,0,0,1,3,0,10702,0,2009,153,SR-243,99999999999999999999,0000000,34.43147778,-87.69318333,2,1
1,51,12,29,1,0,1,3,0,0,4,4,0,42,0,1,4,1,2,50,1,2,2,1,0,0,3,1,0,0,99,99,1,29,99,99,0,0,0,0,2,3,0,10703,0,2009,0,1040,99999999999999999999,0000000,32.58091667,-86.30816111,1,1
1,113,12,31,23,29,1,1,0,0,4,4,0,18,0,1,4,1,2,25,1,2,2,1,0,0,3,1,0,0,99,99,23,44,99,99,0,0,0,0,1,5,1,10704,0,2009,0,1516,99999999999999999999,0000000,32.43965556,-85.08806389,1,1
1,55,12,27,2,0,1,2,0,0,4,4,0,1,0,1,4,1,2,45,2,1,2,1,0,0,3,1,0,0,99,99,2,20,99,99,0,0,0,0,1,1,1,10705,2562,2009,0,5551,99999999999999999999,0000000,33.932625,-86.15068611,1,1
1,101,12,14,20,13,1,2,1,1,12,6,0,8,0,1,1,1,2,30,1,2,2,2,0,0,3,2,0,0,99,99,20,20,99,99,0,0,0,0,1,2,0,10706,2130,2009,0,5089,99999999999999999999,0000000,32.32651389,-86.29011944,1,2
1,73,12,10,23,12,1,1,0,1,14,2,0,33,0,11,2,2,2,35,1,1,2,1,0,0,3,1,0,0,23,16,23,21,99,99,0,0,0,0,1,5,0,10707,1710,2009,0,US-SR 38,13037,0000000,33.48423333,-86.78822778,1,1
1,115,12,16,17,30,2,4,0,0,14,2,0,12,5,2,1,5,2,40,1,1,2,1,20,3,3,1,0,0,99,99,17,16,99,99,0,0,0,0,1,4,0,10708,2136,2009,1740,US-SR 25,98,0000000,33.591925,-86.49421111,2,1
1,117,4,12,9,8,2,3,0,0,15,3,0,12,3,3,1,1,2,35,1,1,2,1,3,3,1,1,0,0,99,99,9,9,99,99,0,0,0,0,1,1,0,10709,47,2009,0,SR-119,0035,0000000,33.23187778,-86.82306667,2,1
1,71,9,23,13,16,2,2,0,1,12,2,0,12,1,1,1,2,2,65,1,1,2,1,0,0,1,1,0,0,99,99,13,29,88,88,0,0,0,0,1,4,0,10710,2850,2009,1521,US-SR 2,99999999999999999999,0000000,34.81523056,-85.85230833,2,1
1,127,9,3,4,10,1,1,0,0,6,4,0,42,0,1,4,1,2,45,1,1,2,1,0,0,3,1,0,0,99,99,4,30,99,99,0,0,0,0,1,5,0,10711,0,2009,0,1435,99999999999999999999,0000000,33.83006667,-86.99511667,1,1
1,89,10,24,2,0,1,2,1,0,14,6,0,9,0,1,1,1,2,99,1,1,2,1,0,0,2,1,0,0,99,99,2,16,88,88,0,0,0,0,1,7,0,10712,1730,2009,0,5932,99999999999999999999,0000000,34.74926667,-86.58963333,1,1
1,73,10,4,13,54,2,3,0,0,14,2,0,12,5,10,1,2,2,50,1,1,2,1,3,3,1,1,0,0,99,99,13,59,99,99,0,0,0,0,1,1,0,10713,1315,2009,0,US-SR 3,252,0000000,33.65186389,-86.81015556,2,1
1,45,11,8,13,0,1,1,0,0,4,4,0,34,0,1,4,1,2,45,2,1,2,1,0,0,1,1,0,0,99,99,13,12,99,99,0,0,0,0,1,1,0,10714,0,2009,0,1185,99999999999999999999,0000000,31.54112778,-85.53750278,1,1
1,5,11,9,10,45,2,2,0,0,3,3,0,12,8,1,1,1,2,55,2,1,2,1,0,0,1,1,0,0,99,99,11,6,88,88,0,0,0,0,1,2,0,10715,0,2009,300,SR-51,99999999999999999999,0000000,31.66967222,-85.64500556,2,1
1,15,11,10,19,45,1,1,0,0,4,4,0,41,0,1,4,1,2,35,1,1,2,2,0,0,3,2,0,0,99,99,20,5,88,88,0,0,0,0,1,3,1,10716,0,2009,0,1041,99999999999999999999,0000000,33.9571,-85.63289167,1,2
1,101,11,10,23,2,1,2,0,1,11,1,0,24,0,1,4,2,2,70,1,1,2,2,0,0,3,1,0,0,99,99,23,16,99,99,0,0,0,0,1,3,0,10717,0,2009,130,I-85,99999999999999999999,0000000,32.36774722,-86.11268611,1,1
1,95,11,12,10,22,1,1,0,0,3,3,0,24,0,1,4,1,2,55,1,1,2,1,0,0,1,1,0,0,99,99,10,40,88,88,0,0,0,0,1,5,0,10718,0,2009,721,SR-79,99999999999999999999,0000000,34.42750556,-86.259725,1,1
1,127,11,12,5,15,2,4,0,1,2,3,0,12,4,1,1,1,2,55,1,2,2,1,0,0,3,1,0,0,99,99,5,42,99,99,0,0,0,0,1,5,0,10719,0,2009,2443,SR-13,99999999999999999999,0000000,33.88191389,-87.63372778,2,1
1,125,11,7,13,51,2,3,0,0,16,6,0,12,5,2,1,1,2,35,1,1,2,1,20,3,1,1,0,0,99,99,13,53,99,99,0,0,0,0,1,7,0,10720,3050,2009,0,6100,2355,0000000,33.16157222,-87.52866667,2,1
1,73,12,29,22,20,1,1,0,0,14,6,0,42,0,1,4,1,2,50,2,1,2,1,0,0,3,1,0,0,99,99,22,26,99,99,0,0,0,0,1,3,0,10721,350,2009,0,3463,99999999999999999999,0000000,33.55648889,-86.865925,1,1
1,117,12,8,16,57,2,3,0,0,13,2,0,12,8,8,1,1,2,55,1,1,2,2,0,0,3,2,0,0,99,99,17,0,99,99,0,0,0,0,1,3,0,10722,47,2009,0,US-SR 3,99999999999999999999,0000000,33.19445,-86.76814167,2,2
1,31,12,2,12,50,1,1,0,0,4,4,0,37,0,1,4,1,2,45,2,2,2,2,0,0,1,1,0,0,99,99,13,19,99,99,0,0,0,0,1,4,0,10723,0,2009,0,1294,99999999999999999999,0000000,31.59564722,-85.99878333,1,1
1,73,4,19,19,10,2,6,0,1,12,3,0,12,1,2,1,2,4,65,1,1,2,2,3,3,5,2,0,0,99,99,19,15,99,99,0,0,0,0,1,1,0,10724,0,2009,96,SR-79,08761,0000000,33.64113889,-86.72514722,2,2
1,73,9,5,1,25,2,2,0,0,5,4,0,31,0,1,5,1,2,0,2,2,5,1,0,0,2,1,0,0,99,99,1,57,99,99,0,0,0,0,1,7,0,10725,0,2009,0,3279,99999999999999999999,0000000,33.34771944,-87.08370833,2,1
1,73,12,10,5,30,1,2,0,1,12,2,0,23,0,13,2,6,2,55,2,2,2,1,0,0,3,1,0,0,99,99,5,34,88,88,0,0,0,0,1,5,0,10726,0,2009,11,US-SR 3,99999999999999999999,0000000,33.48375,-86.78499722,1,1
1,51,3,11,17,30,2,3,0,0,14,3,0,12,5,2,1,1,4,45,1,1,2,1,20,3,1,1,0,0,99,99,17,41,99,99,0,0,0,0,1,4,0,10727,2940,2009,0,SR-14,46,0000000,32.55021111,-85.91653333,2,1
1,101,6,6,16,58,2,4,0,0,14,2,0,12,5,2,1,2,2,55,1,1,2,1,20,3,1,1,0,0,99,99,17,3,99,99,0,0,0,0,1,7,0,10728,2130,2009,0,US-SR 8,8511,0000000,32.38190556,-86.16140556,2,1
1,117,11,23,18,18,3,8,0,0,14,3,0,12,8,1,1,1,2,55,1,1,2,1,0,0,2,1,0,0,99,99,18,30,99,99,0,0,0,0,1,2,0,10729,2120,2009,0,SR-119,99999999999999999999,0000000,33.11711389,-86.85313611,3,1
1,121,5,23,20,40,1,2,1,1,12,2,0,8,0,1,1,2,2,55,1,1,2,1,0,0,3,1,0,0,99,99,20,52,99,99,0,0,0,0,1,7,0,10730,2900,2009,0,US-SR 38,99999999999999999999,0000000,33.17691111,-86.29317778,1,1
1,117,10,14,7,23,2,2,0,0,15,4,0,12,4,1,1,1,2,40,2,1,2,2,0,0,1,2,0,0,99,99,7,26,99,99,0,0,0,0,1,4,0,10731,2120,2009,0,1124,99999999999999999999,0000000,33.15068056,-86.86686944,2,2
1,83,4,17,14,55,1,1,0,1,12,2,0,27,0,1,3,2,2,55,1,2,2,1,0,0,1,1,0,0,99,99,15,2,88,88,0,0,0,0,1,6,0,10732,9997,2009,0,US-SR 3,99999999999999999999,0000000,34.61995556,-86.96541389,1,1
1,81,6,24,18,25,2,3,0,0,15,6,0,13,5,1,1,1,2,55,1,1,2,1,0,0,1,1,0,0,99,99,18,38,99,99,0,0,0,0,1,4,0,10733,200,2009,0,1053,99999999999999999999,0000000,32.60268333,-85.52326667,2,1
1,83,8,24,17,28,1,1,0,1,12,2,0,1,0,1,4,2,4,60,1,1,2,1,0,0,1,1,0,0,99,99,17,28,99,99,0,0,0,0,1,2,0,10734,170,2009,0,US-SR 2,99999999999999999999,0000000,34.765475,-86.877125,1,1
1,73,2,27,9,10,2,2,0,1,11,1,0,13,5,1,1,2,4,60,2,1,2,2,0,0,1,2,0,0,99,99,9,21,99,99,0,0,0,0,1,6,0,10735,350,2009,1320,I-59,99999999999999999999,0000000,33.57226667,-86.71815556,2,2
1,73,7,1,6,15,2,2,0,1,11,1,0,12,1,1,1,3,5,50,1,3,2,1,0,0,1,1,0,0,99,99,6,23,99,99,0,0,0,0,1,4,0,10736,350,2009,1260,I-59,99999999999999999999,0000000,33.53117222,-86.80032222,2,1
1,73,10,18,1,35,1,2,0,0,16,6,0,42,0,1,4,1,2,35,2,1,2,1,0,0,2,1,0,0,99,99,1,44,99,99,0,0,0,0,1,1,1,10737,350,2009,0,6623,99999999999999999999,0000000,33.56997778,-86.78920278,1,1
1,73,1,31,0,35,1,1,0,0,15,6,0,39,0,1,4,1,4,35,1,1,2,1,0,0,3,1,0,0,99,99,0,55,88,88,0,0,0,0,1,7,1,10738,350,2009,0,6056,99999999999999999999,0000000,33.52979167,-86.82045,1,1
1,73,3,10,8,6,1,2,0,1,12,2,0,30,0,1,4,2,2,45,2,1,2,1,0,0,1,1,0,0,99,99,8,7,99,99,0,0,0,0,1,3,0,10739,350,2009,0,US-SR 7,99999999999999999999,0000000,33.57986389,-86.71191667,1,1
1,73,3,15,11,10,2,1,0,1,11,1,0,14,1,1,4,3,3,70,1,1,2,1,0,0,1,1,0,0,99,99,11,22,88,88,0,0,0,0,1,1,0,10740,350,2009,190,I-459,99999999999999999999,0000000,33.43688611,-86.73625,1,1
1,73,5,14,15,5,3,3,0,1,12,2,0,12,2,2,1,1,2,35,1,1,2,1,3,3,1,1,0,0,99,99,15,9,99,99,0,0,0,0,1,5,0,10741,350,2009,0,US-SR 7,11756,0000000,33.59455833,-86.64729444,3,1
1,73,6,6,3,40,1,4,0,1,12,6,0,33,0,1,4,1,2,40,2,1,2,1,0,0,3,1,0,0,99,99,3,48,99,99,0,0,0,0,1,7,1,10742,350,2009,0,6344,99999999999999999999,0000000,33.50719167,-86.82606389,1,1