STATE,COUNTY,MONTH,DAY,HOUR,MINUTE,VE_TOTAL,PERSONS,PEDS,NHS,ROAD_FNC,ROUTE,SP_JUR,HARM_EV,MAN_COLL,REL_JUNC,REL_ROAD,TRAF_FLO,NO_LANES,SP_LIMIT,ALIGNMNT,PROFILE,PAVE_TYP,SUR_COND,TRA_CONT,T_CONT_F,LGT_COND,WEATHER1,WEATHER2,WRK_ZONE,NOT_HOUR,NOT_MIN,ARR_HOUR,ARR_MIN,HOSP_HR,HOSP_MN,SCH_BUS,CF1,CF2,CF3,FATALS,DAY_WEEK,DRUNK_DR,ST_CASE,CITY,YEAR,MILEPT,TWAY_ID,TWAY_ID2,RAIL,LATITUDE,LONGITUD,VE_FORMS,WEATHER
1,73,6,9,3,47,1,2,0,0,14,6,0,1,0,1,4,1,4,35,2,1,2,1,0,0,3,1,0,0,99,99,3,55,88,88,0,0,0,0,2,3,0,10743,350,2009,0,3555,99999999999999999999,0000000,33.50099167,-86.87020556,1,1
1,73,6,21,3,36,1,1,0,1,12,2,0,24,0,1,4,3,4,45,2,1,1,1,0,0,3,1,0,0,99,99,3,46,88,88,0,0,0,0,1,1,0,10744,350,2009,1260,US-SR 3,99999999999999999999,0000000,33.52392778,-86.800075,1,1
1,73,6,26,6,15,2,2,0,0,16,6,0,12,4,8,1,1,4,35,1,1,2,1,0,0,4,1,0,0,99,99,6,21,88,88,0,0,0,0,1,6,0,10745,350,2009,0,4238,99999999999999999999,0000000,33.50517222,-86.82845833,2,1
1,73,7,31,21,44,1,1,0,1,11,1,0,1,0,13,4,6,2,70,1,2,2,1,0,0,2,1,0,0,99,99,21,56,99,99,0,0,0,0,1,6,0,10746,350,2009,315,I-459,20612,0000000,33.572125,-86.63934722,1,1
1,73,11,26,7,25,1,2,0,0,14,6,0,42,0,1,4,1,2,40,2,2,2,1,0,0,9,1,0,0,99,99,7,25,99,99,0,0,0,0,1,5,0,10747,350,2009,0,7579,99999999999999999999,0000000,33.58905,-86.747,1,1
1,73,12,17,4,40,1,1,0,1,11,1,0,34,0,1,3,2,2,60,2,1,1,1,0,0,3,1,0,0,99,99,4,52,88,88,0,0,0,0,1,5,0,10748,350,2009,1330,I-59,99999999999999999999,0000000,33.57073889,-86.71920833,1,1
1,121,6,23,7,46,2,2,0,1,12,2,0,12,8,1,1,5,4,45,1,1,2,1,0,0,1,1,0,0,99,99,7,48,88,88,0,0,0,0,1,3,0,10749,680,2009,0,US-SR 38,99999999999999999999,0000000,33.28284722,-86.36173889,2,1
1,39,12,7,14,14,2,2,0,0,14,3,0,12,2,1,1,2,4,55,1,1,2,1,0,0,1,1,0,0,99,99,14,17,99,99,0,0,0,0,1,2,1,10750,90,2009,0,SR-55,99999999999999999999,0000000,31.29235833,-86.50250556,2,1
1,93,12,14,7,50,2,4,0,1,2,3,0,12,2,1,1,1,2,55,1,1,2,2,0,0,1,1,0,0,99,99,8,1,99,99,0,0,0,0,2,2,0,10751,270,2009,2752,SR-13,99999999999999999999,0000000,34.25585,-87.69086389,2,1
1,73,4,18,21,45,1,2,1,1,14,2,0,8,0,1,1,1,2,50,1,1,2,1,0,0,2,1,0,0,99,99,22,7,99,99,0,0,0,0,1,7,0,10752,350,2009,0,US-SR 4,99999999999999999999,0000000,33.544525,-86.87540833,1,1
1,17,9,3,9,19,2,2,0,0,14,2,0,12,2,1,1,2,4,45,2,1,2,1,0,0,1,1,0,0,99,99,9,23,99,99,0,0,0,0,1,5,1,10753,3111,2009,0,US-SR 15,99999999999999999999,0000000,32.81138056,-85.17024167,2,1
1,73,12,7,17,50,1,1,0,0,16,6,0,42,0,1,4,1,2,30,2,2,2,1,0,0,2,1,0,0,99,99,18,7,88,88,0,0,0,0,1,2,0,10754,350,2009,0,1975,99999999999999999999,0000000,33.42896944,-86.71886111,1,1
1,73,6,21,19,14,2,3,0,0,14,3,0,12,2,2,1,2,2,40,1,1,2,1,3,3,1,1,0,0,99,99,19,19,99,99,0,0,0,0,1,1,0,10755,1710,2009,0,SR-149,207,0000000,33.45847778,-86.81628889,2,1
1,59,1,25,9,42,2,2,0,1,12,2,0,12,5,10,1,2,2,45,1,2,2,1,3,3,1,1,0,0,99,99,9,48,99,99,0,0,0,0,1,1,0,10756,2690,2009,0,US-SR 13,140,0000000,34.49935833,-87.71898889,2,1
1,1,2,7,3,0,1,1,0,0,15,4,0,1,0,1,4,1,2,45,1,1,2,1,0,0,2,1,0,0,99,99,3,15,99,99,0,0,0,0,1,7,1,10757,0,2009,0,1130,99999999999999999999,0000000,32.50339167,-86.52093889,1,1
1,73,2,11,19,35,1,2,1,0,15,4,0,8,0,1,1,1,2,30,1,1,2,1,0,0,2,1,0,0,99,99,19,40,99,99,0,0,0,0,1,4,0,10758,2510,2009,0,5122,99999999999999999999,0000000,33.47851667,-86.96231111,1,1
1,109,2,20,7,47,1,1,0,0,5,4,0,1,0,1,5,1,2,45,2,2,2,1,0,0,1,1,0,0,99,99,8,13,99,99,0,0,0,0,1,6,0,10759,0,2009,0,1014,99999999999999999999,0000000,31.67807222,-86.08191389,1,1
1,75,2,21,17,39,1,1,0,0,3,3,0,42,0,1,4,1,4,55,2,2,2,2,0,0,1,2,0,0,99,99,17,43,88,88,0,0,0,0,1,7,1,10760,2870,2009,2520,SR-17,99999999999999999999,0000000,33.86793889,-88.12419167,1,2
1,73,3,27,10,25,1,3,0,0,5,4,0,32,0,1,4,1,2,40,1,1,2,1,0,0,1,1,0,0,99,99,10,30,99,99,0,0,0,0,1,6,0,10761,0,2009,0,1398,99999999999999999999,0000000,33.67796111,-86.86534444,1,1
1,73,4,10,23,45,1,1,0,1,14,1,0,34,0,1,4,2,2,70,2,1,2,1,0,0,2,1,0,0,99,99,11,55,99,99,0,0,0,0,1,6,0,10762,0,2009,1152,I-59,99999999999999999999,0000000,33.45388611,-86.95269444,1,1
1,73,5,8,14,48,2,3,0,0,16,6,0,12,5,8,1,1,2,40,1,1,2,1,0,0,1,1,0,0,99,99,14,55,88,88,0,0,0,0,1,6,0,10763,1750,2009,0,1180,99999999999999999999,0000000,33.52114722,-86.66056389,2,1
1,71,5,10,9,46,2,3,0,0,9,2,0,12,5,2,1,2,2,65,1,2,2,1,0,0,1,1,0,0,99,99,9,55,99,99,0,0,0,0,1,1,0,10764,480,2009,0,US-SR 2,8356,0000000,34.94586111,-85.75184167,2,1
1,29,5,31,18,0,1,1,0,0,6,4,0,42,0,1,4,1,2,35,2,2,5,1,0,0,1,1,0,0,99,99,18,20,99,99,0,0,0,0,1,1,0,10765,0,2009,0,1265,99999999999999999999,0000000,33.77834167,-85.47911389,1,1
1,73,6,21,16,8,1,2,0,0,15,4,0,42,0,1,4,1,2,35,1,1,2,1,0,0,1,1,0,0,99,99,16,16,99,99,0,0,0,0,1,1,0,10766,0,2009,0,3866,99999999999999999999,0000000,33.70914167,-86.62241111,1,1
1,89,6,26,13,30,2,2,0,0,15,6,0,12,5,2,1,2,2,25,1,1,2,1,20,3,1,1,0,0,99,99,13,35,99,99,0,0,0,0,1,6,0,10767,1730,2009,0,3122,60227,0000000,34.67912222,-86.55066944,2,1
1,73,6,27,3,40,1,2,1,0,16,2,0,8,0,2,1,1,2,55,1,1,2,1,0,0,3,1,0,0,99,99,3,46,99,99,0,0,0,0,1,7,0,10768,350,2009,0,US-SR 4,1747,0000000,33.54181111,-86.87912778,1,1
1,97,7,15,3,12,1,2,1,1,12,2,0,8,0,1,1,1,2,99,1,1,2,1,0,0,3,1,0,0,99,99,3,30,99,99,0,0,0,0,1,4,0,10769,2550,2009,0,US-SR 17,99999999999999999999,0000000,30.73155,-88.09974167,1,1
1,77,7,21,10,28,3,4,0,1,12,3,0,12,5,2,1,1,4,50,1,2,2,1,3,3,1,1,0,0,99,99,10,32,99,99,0,0,0,0,1,3,0,10770,1200,2009,0,SR-133,1669,0000000,34.84148056,-87.63896944,3,1
1,3,8,4,12,10,1,1,0,1,12,3,0,1,0,1,1,1,2,45,1,1,2,1,0,0,1,1,0,0,99,99,12,13,99,99,0,0,0,0,1,3,0,10771,240,2009,0,SR-59,99999999999999999999,0000000,,,1,1
1,73,8,24,11,55,1,1,0,0,14,6,0,42,0,10,4,1,2,45,1,2,2,1,3,3,1,1,0,0,99,99,11,45,88,88,0,0,0,0,1,2,0,10772,1110,2009,0,5067,170,0000000,33.47758611,-86.92653611,1,1
1,73,9,16,22,25,1,2,1,0,6,3,0,8,0,1,1,2,2,60,1,1,2,1,0,0,6,1,0,0,99,99,22,35,88,88,0,0,0,0,1,4,0,10773,2960,2009,0,SR-79,99999999999999999999,0000000,33.60785556,-86.74924722,1,1
1,73,11,2,9,20,2,2,0,0,15,4,0,12,5,2,1,2,2,40,1,1,2,1,3,3,1,1,0,0,99,99,9,31,99,99,0,0,0,0,1,2,0,10774,3080,2009,0,1229,07785,0000000,33.64169722,-86.62486389,2,1
1,73,11,20,14,34,3,4,0,1,12,3,0,12,1,1,1,2,4,45,1,1,2,1,0,0,1,1,0,0,99,99,14,37,99,99,0,0,0,0,1,6,0,10775,350,2009,0,SR-75,99999999999999999999,0000000,33.594675,-86.69482778,3,1
1,73,12,12,16,32,2,3,0,0,16,4,0,12,5,1,1,1,2,25,1,2,2,2,0,0,2,2,0,0,99,99,16,40,99,99,0,0,0,0,1,7,0,10776,0,2009,0,8277,99999999999999999999,0000000,33.63831944,-86.65089167,2,2
2,122,1,15,11,40,2,3,0,1,2,6,0,12,5,1,1,1,4,45,2,2,2,4,0,0,1,2,1,0,11,40,11,44,12,16,0,0,0,0,1,5,1,20001,1240,2009,102,KENAI SPUR HWY,99999999999999999999,0000000,60.56130833,-151.2217861,2,2
2,110,1,31,15,9,2,2,0,0,14,3,0,12,5,1,1,1,2,55,2,2,2,4,0,0,1,4,1,0,15,9,15,19,15,40,0,0,0,0,1,7,0,20002,1130,2009,139,SR-7 GLACIER HIGHWAY,99999999999999999999,0000000,58.38025833,-134.7346444,2,4
2,170,2,4,20,3,2,2,0,1,1,3,0,12,5,2,1,1,2,55,1,1,2,4,0,0,2,1,0,0,20,3,20,10,20,49,0,0,0,0,1,4,0,20003,292,2009,173,SR-#3 PARKS HWY,FOREST LAKE DRIVE,0000000,61.57780833,-149.7282889,2,1
2,70,2,6,21,50,1,5,1,0,5,8,8,8,0,1,1,1,2,45,1,2,4,3,0,0,2,4,0,0,99,99,99,99,88,88,0,0,0,0,1,6,0,20004,90,2009,161,ALEKNAGIK LAKE ROAD,99999999999999999999,0000000,59.22625833,-158.6715028,1,4
2,122,2,16,15,19,2,9,0,1,1,3,0,12,2,1,1,1,2,55,1,2,2,2,0,0,1,1,0,0,99,99,99,99,99,99,0,0,0,0,1,2,0,20005,2455,2009,511,SR-1 STERLING HWY,99999999999999999999,0000000,60.51438056,-150.8969389,2,1
2,110,2,3,19,5,2,4,0,0,14,6,0,12,4,1,1,1,2,45,1,2,2,4,0,0,2,1,0,0,19,5,19,13,19,21,0,0,0,0,1,3,0,20006,1130,2009,20,N DOUGLAS HWY,99999999999999999999,0000000,58.32127778,-134.4786222,2,1
2,130,2,27,1,50,1,1,0,0,14,8,0,27,0,1,4,1,2,50,2,1,2,1,0,0,2,1,0,0,1,50,2,5,2,54,0,0,0,0,1,6,1,20007,1250,2009,83,N TONGASS HWY,99999999999999999999,0000000,55.42732778,-131.7889667,1,1
2,201,3,14,6,0,1,2,0,0,5,8,0,37,0,1,2,1,2,35,2,2,2,6,0,0,9,2,0,0,99,99,99,99,99,99,0,0,0,0,1,7,1,20008,1060,2009,1,HYDABURG HIGHWAY,99999999999999999999,0000000,55.20973333,-132.8250889,1,2
2,170,4,19,0,37,1,2,0,0,4,9,0,5,0,1,1,1,2,50,1,1,2,1,0,0,3,1,0,0,0,37,0,48,0,59,0,0,0,0,1,1,1,20009,2790,2009,29,BOGARD ROAD,99999999999999999999,0000000,61.61276389,-149.3303778,1,1
2,170,4,25,6,1,1,2,0,0,4,8,0,1,0,1,2,1,2,55,2,1,2,1,0,0,4,1,0,0,6,2,6,12,6,50,0,0,0,0,1,7,1,20010,2000,2009,99,OLD GLENN HIGHWAY,99999999999999999999,0000000,61.51726111,-149.0471806,1,1
2,20,4,14,12,52,1,2,1,1,13,6,0,8,0,4,1,3,3,45,1,1,2,1,0,0,1,1,0,0,12,54,12,56,13,9,0,0,0,0,1,3,0,20011,130,2009,57,MINNESOTA DRIVE,DRIVEWAY,0000000,61.18653056,-149.9132972,1,1
2,90,5,8,23,20,1,1,0,1,13,6,0,38,0,1,4,3,3,55,2,1,2,1,0,0,5,1,0,0,23,31,23,36,23,58,0,13,0,0,1,6,0,20012,770,2009,18,JOHANSEN EXPRESSWAY,99999999999999999999,0000000,64.85262222,-147.7420056,1,1
2,20,5,3,17,58,3,4,0,1,1,3,0,5,0,1,1,1,2,55,1,1,2,1,0,0,1,1,0,0,99,99,99,99,99,99,0,14,0,0,1,1,0,20013,0,2009,1098,SR-1 SEWARD HWY,99999999999999999999,0000000,61.01414444,-149.7179028,3,1
2,170,5,12,18,32,2,2,0,1,1,3,0,12,1,8,1,1,3,55,1,1,2,1,0,0,1,1,0,0,18,32,18,53,88,88,0,0,0,0,1,3,0,20014,2475,2009,516,SR-1 GLENN HIGHWAY,DRIVEWAY,0000000,61.70567222,-148.9477333,2,1
2,20,5,17,20,36,1,2,0,1,11,3,0,1,0,1,1,2,2,65,1,1,2,1,0,0,1,1,0,0,20,40,20,43,20,58,0,0,0,0,2,1,1,20015,130,2009,1227,SR-1 SEWARD HIGHWAY,99999999999999999999,0000000,61.16318611,-149.8566389,1,1
2,90,5,25,12,8,1,1,0,0,15,8,0,34,0,1,4,1,2,40,1,1,2,1,0,0,1,1,0,0,12,8,12,16,12,42,0,0,0,0,1,2,0,20016,1895,2009,5,NELSON ROAD,99999999999999999999,0000000,64.74305556,-147.2575,1,1
2,110,6,5,2,27,1,3,0,0,14,8,0,1,0,1,4,1,2,45,2,1,2,1,0,0,4,1,0,0,99,99,99,99,99,99,0,0,0,0,1,6,1,20017,1130,2009,359,GLACIER HIGHWAY,99999999999999999999,0000000,58.6311,-134.9415,1,1
2,90,6,10,99,99,1,2,0,0,4,9,0,5,0,1,1,1,2,55,1,9,2,1,0,0,1,1,0,0,88,88,88,88,88,88,0,0,0,0,1,4,1,20018,9999,2009,358,CHENA HOT SPRINGS RD,99999999999999999999,0000000,64.90763889,-146.4724306,1,1
2,20,6,19,9,45,2,2,0,1,13,6,0,12,5,4,1,2,2,40,1,2,2,1,2,3,1,1,0,0,9,46,9,50,10,1,0,0,0,0,1,6,0,20019,130,2009,12,MULDOON ROAD,DRIVEWAY,0000000,61.19712222,-149.7335444,2,1
2,122,6,19,16,10,1,2,1,0,5,6,0,9,0,2,2,1,2,25,1,1,2,1,20,3,1,1,0,0,99,99,99,99,99,99,0,0,0,0,1,6,0,20020,2300,2009,0,HEMLOCK STREET,SR-9 SEWARD HWY,0000000,60.135275,-149.4253806,1,1
2,20,6,30,17,2,1,3,1,0,14,6,0,9,0,2,1,1,3,45,1,1,2,1,2,3,1,1,0,0,17,3,17,5,17,16,0,0,0,0,1,3,0,20021,130,2009,33,ELMORE ROAD,TUDOR ROAD,0000000,61.18083611,-149.8082194,1,1
2,170,7,10,14,13,2,2,0,0,4,8,0,54,11,1,1,1,2,45,2,1,2,1,0,0,1,1,0,0,14,13,14,22,88,88,0,14,0,0,1,6,0,20022,2790,2009,69,WASILLA FISHHOOK RD,99999999999999999999,0000000,61.65708611,-149.3107111,2,1
2,20,7,19,4,1,1,1,0,1,11,3,0,1,0,1,1,2,3,65,2,1,2,2,0,0,4,2,0,0,4,2,4,8,88,88,0,0,0,0,1,1,1,20023,130,2009,14,SR-1 GLENN HIGHWAY,99999999999999999999,0000000,61.22469444,-149.7791972,1,2
2,122,7,22,21,31,2,6,0,1,2,8,0,12,2,1,1,1,2,55,2,1,2,1,0,0,1,1,0,0,21,32,21,36,22,13,0,0,0,0,1,4,0,20024,1815,2009,196,KENAI SPUR HIGHWAY,99999999999999999999,0000000,60.65349167,-151.3590944,2,1
2,180,4,27,12,10,1,2,1,0,6,5,0,8,0,1,2,1,2,0,2,2,4,2,0,0,1,2,4,0,88,88,88,88,88,88,0,0,0,0,1,2,0,20025,1870,2009,1,MCCLAIN STREET,99999999999999999999,0000000,64.50343611,-165.4220556,1,4
2,20,7,24,20,10,2,11,0,1,1,3,0,12,8,1,1,1,2,65,1,1,2,1,0,0,1,1,0,0,99,99,99,99,99,99,0,0,0,0,1,6,0,20026,850,2009,751,SR-1 SEWARD HWY,99999999999999999999,0000000,60.82755278,-149.0188111,2,1
2,20,7,26,19,49,2,3,0,1,1,3,0,12,2,1,1,1,2,65,2,1,2,1,0,0,1,1,0,0,99,99,99,99,99,99,0,0,0,0,1,1,1,20027,850,2009,873,SR-1 SEWARD HWY,99999999999999999999,0000000,60.91708333,-149.1188917,2,1
2,20,8,6,12,1,4,10,0,1,1,3,0,12,8,1,1,1,2,55,2,1,2,1,0,0,1,1,0,0,99,99,99,99,99,99,0,0,0,0,2,5,0,20028,0,2009,1103,SR-9 SEWARD HWY,99999999999999999999,0000000,61.01301667,-149.7114111,4,1
2,20,8,20,21,16,2,2,0,1,11,3,0,12,7,3,1,2,4,45,1,2,2,1,0,0,1,1,0,0,21,18,21,22,88,88,0,0,0,0,1,5,1,20029,130,2009,1250,SR-1 SEWARD HWY,FIREWEED LANE,0000000,61.19791389,-149.8679139,2,1
2,170,8,20,18,5,1,1,0,0,6,8,0,10,0,6,1,1,2,35,1,1,2,1,60,3,1,1,0,0,18,6,18,16,88,88,0,0,0,0,1,5,0,20030,2823,2009,13,WILLOW STATION ROAD,ALASKA RAILROAD,868331M,61.74383611,-150.0395972,1,1
2,90,8,29,15,0,1,1,0,1,2,3,0,24,0,1,4,1,2,55,2,2,2,1,0,0,1,1,0,0,88,88,88,88,88,88,0,0,0,0,1,7,0,20031,0,2009,25,SR-2 ELLIOTT HWY,99999999999999999999,0000000,64.99471111,-147.6319694,1,1
2,170,9,2,22,8,1,1,0,0,9,8,0,1,0,4,1,1,2,25,2,1,5,1,0,0,2,1,0,0,22,8,22,18,88,88,0,0,0,0,1,4,1,20032,2790,2009,99999,SWAN DRIVE,DRIVEWAY,0000000,61.5786,-149.6599028,1,1
2,122,9,6,0,39,2,4,0,1,2,8,0,12,2,1,1,1,2,55,1,2,2,1,0,0,2,1,0,0,0,40,0,44,1,32,0,0,0,0,1,1,0,20033,1815,2009,189,KENAI SPUR HIGHWAY,99999999999999999999,0000000,60.63620556,-151.3487944,2,1
2,68,9,8,9,0,1,1,0,1,1,3,0,42,0,1,4,2,2,65,1,9,2,1,0,0,1,1,0,0,99,99,9,45,88,88,0,0,0,0,1,3,1,20034,950,2009,2298,SR-3 PARKS HIGHWAY,99999999999999999999,0000000,64.08522778,-149.2171444,1,1
2,20,8,14,22,19,1,2,1,0,14,6,0,8,0,1,1,2,2,35,1,2,2,2,0,0,2,2,0,0,23,4,23,7,88,88,0,0,0,0,1,6,0,20035,130,2009,15,ARCTIC BLVD,99999999999999999999,0000000,61.18799722,-149.8980083,1,2
2,261,7,7,13,59,2,2,0,1,2,3,0,12,2,1,1,1,2,55,1,1,2,1,0,0,1,1,0,0,13,59,14,7,88,88,0,0,0,0,1,3,1,20036,2750,2009,49,SR-4 RICHARDSON HWY,99999999999999999999,0000000,61.10692778,-146.2315472,2,1
2,122,5,16,99,99,1,1,0,0,6,8,0,42,0,1,4,1,2,35,1,2,4,1,0,0,1,1,0,0,88,88,88,88,88,88,0,0,0,0,1,7,1,20037,1850,2009,168,OIL WELL ROAD,99999999999999999999,0000000,60.01058889,-151.3008583,1,1
2,290,7,4,99,99,1,1,0,0,3,8,0,1,0,1,4,1,2,50,1,1,4,9,0,0,9,9,0,0,88,88,88,88,88,88,0,99,99,99,1,7,0,20038,0,2009,878,STEESE HIGHWAY,99999999999999999999,0000000,65.40606944,-145.8114472,1,9
2,122,7,4,12,1,4,10,0,1,1,3,0,12,8,1,1,1,3,65,1,2,2,1,0,0,1,1,0,0,99,99,99,99,99,99,0,14,0,0,1,7,0,20039,0,2009,73.599999905,SR-1 SEWARD HWY,99999999999999999999,0000000,60.83897222,-149.0822417,4,1
2,20,8,10,12,18,1,2,1,0,14,6,0,8,0,2,1,5,4,45,1,1,2,1,0,0,1,1,0,0,12,21,12,27,88,88,0,0,0,0,1,2,0,20040,130,2009,35,OLD SEWARD HWY,LINGONBERRY CT,0000000,61.12785833,-149.8639278,1,1
2,20,8,30,23,58,2,3,0,1,11,3,0,12,1,1,1,3,2,65,1,3,2,1,0,0,2,1,0,1,0,1,0,7,88,88,0,0,0,0,1,1,0,20041,130,2009,193,SR-1 GLENN HWY,99999999999999999999,0000000,61.36666111,-149.5350306,2,1
2,20,9,4,20,0,1,1,0,1,11,8,0,7,0,13,4,6,1,30,2,2,2,1,0,0,1,1,0,0,20,12,20,19,20,29,0,0,0,0,1,6,0,20042,130,2009,0,MULDOON SB RAMP,99999999999999999999,0000000,61.22737778,-149.7363361,1,1
2,20,9,17,17,13,3,3,0,1,13,6,0,12,5,2,1,2,3,45,1,1,2,1,2,3,1,1,0,0,17,15,17,18,88,88,0,0,0,0,1,5,0,20043,130,2009,2,TUDOR ROAD,MINNESOTA DRIVE,0000000,61.18072778,-149.9134583,3,1
2,20,10,4,0,16,1,3,1,1,11,3,0,8,0,1,1,2,2,65,1,1,2,1,0,0,2,1,0,0,0,17,0,23,0,47,0,0,0,0,1,1,0,20044,130,2009,195,SR-1 GLENN HIGHWAY,99999999999999999999,0000000,61.40493611,-149.4594556,1,1
2,20,10,5,22,52,1,2,1,0,14,6,0,15,0,2,1,5,4,45,1,1,2,1,0,0,3,1,0,0,22,55,22,59,23,6,0,0,0,0,1,2,0,20045,130,2009,9,DEBARR ROAD,NORTHWAY DRIVE,0000000,61.20975278,-149.8124556,1,1
2,20,10,9,20,18,2,7,0,0,14,6,0,12,5,2,1,2,2,45,2,1,2,2,2,3,3,2,0,0,20,20,20,24,21,7,0,0,0,0,3,6,1,20046,130,2009,11,DIMOND BLVD,ARCTIC BLVD,0000000,61.14443611,-149.8921833,2,2
2,90,7,6,22,15,1,2,0,0,4,9,0,42,0,1,4,1,2,55,2,2,2,1,0,0,1,1,0,0,22,15,99,99,99,99,0,0,0,0,1,2,1,20047,770,2009,10,CHENA RIDGE ROAD,99999999999999999999,0000000,64.84348333,-147.8964472,1,1
2,20,11,5,17,50,2,3,0,1,11,3,0,12,2,1,1,1,2,60,1,1,2,1,0,0,3,1,0,0,17,52,17,59,18,25,0,0,0,0,1,5,1,20048,130,2009,1144,SR-1 SEWARD HIGHWAY,99999999999999999999,0000000,61.05464167,-149.7991639,2,1
2,122,11,10,17,25,1,2,0,1,2,6,0,11,0,1,1,1,2,55,1,1,2,4,0,0,2,1,0,0,99,99,99,99,99,99,0,0,0,0,1,3,0,20049,1240,2009,49,KENAI SPUR HIGHWAY,99999999999999999999,0000000,60.55021667,-151.1041111,1,1
2,170,11,18,21,56,1,4,2,1,1,3,0,8,0,1,1,1,2,55,1,1,2,3,0,0,2,1,0,0,21,56,22,4,22,25,0,0,0,0,1,4,0,20050,2790,2009,135,SR-3 PARKS HIGHWAY,99999999999999999999,0000000,61.58254167,-149.6306361,1,1
2,170,11,23,19,45,1,2,0,1,1,3,0,52,0,1,2,1,2,55,1,1,2,3,0,0,2,4,0,0,19,51,20,22,21,31,0,0,0,0,1,2,0,20051,0,2009,1044,SR-1 GLENN HIGHWAY,99999999999999999999,0000000,61.80785278,-147.5197361,1,4
2,270,11,26,14,5,1,3,1,0,6,8,0,8,0,1,2,1,2,20,1,2,9,3,0,0,1,1,0,0,88,88,88,88,88,88,0,0,0,0,1,5,0,20052,2217,2009,99999,YUPIK ROAD,99999999999999999999,0000000,62.05190556,-163.1724861,1,1
2,122,12,1,99,99,1,1,0,0,6,8,0,34,0,1,4,1,2,25,1,1,9,3,0,0,9,2,4,0,88,88,88,88,88,88,0,0,0,0,1,3,1,20053,1230,2009,2,TEAL DRIVE,99999999999999999999,0000000,60.33476944,-151.2211417,1,4
2,122,12,3,5,6,1,2,0,1,1,3,0,34,0,1,4,1,2,65,1,1,2,3,0,0,2,1,0,0,5,6,99,99,88,88,0,0,0,0,2,5,1,20054,0,2009,751,SR-1 SEWARD HIGHWAY,99999999999999999999,0000000,60.83768056,-149.0407528,1,1
2,20,12,7,11,5,3,4,0,0,14,6,0,12,5,4,1,5,4,45,1,1,2,3,0,0,1,1,0,0,11,8,11,12,11,36,0,0,0,0,1,2,0,20055,130,2009,27,LAKE OTIS PARKWAY,99999999999999999999,0000000,61.16771667,-149.8381528,3,1
2,170,12,13,15,14,1,1,0,0,5,8,0,1,0,1,4,1,2,45,2,2,2,4,0,0,1,1,0,0,15,20,15,24,16,2,0,0,0,0,1,1,1,20056,292,2009,8,BEAVER LAKE ROAD,99999999999999999999,0000000,61.56255,-149.8257722,1,1
2,261,12,13,7,10,1,1,0,1,2,3,0,1,0,1,4,1,2,55,2,2,2,4,0,0,2,1,0,0,88,88,88,88,88,88,0,0,0,0,1,1,1,20057,2638,2009,905,SR-4 RICHARDSON HWY,99999999999999999999,0000000,61.76561111,-145.1620972,1,1
2,20,12,14,22,18,2,3,0,1,11,3,0,12,9,1,2,2,3,65,1,1,2,4,0,0,3,1,0,0,22,19,22,28,22,42,0,23,0,0,1,2,0,20058,130,2009,61,SR-1 GLENN HIGHWAY,99999999999999999999,0000000,61.25285833,-149.6611694,2,1
2,180,9,6,5,30,1,4,1,0,4,8,0,8,0,1,1,1,2,25,1,2,2,1,0,0,2,1,0,0,88,88,88,88,88,88,0,0,0,0,1,1,1,20059,1870,2009,10,NOME COUNCIL ROAD,99999999999999999999,0000000,64.48901667,-165.3426944,1,1
4,13,1,1,2,29,1,2,1,0,13,6,0,8,0,2,1,5,4,35,1,1,2,1,0,0,3,1,0,0,2,35,2,39,3,2,0,0,0,0,1,5,0,40001,290,2009,0,UNIVERSITY DR,LEWIS,0000000,33.42234444,-111.8297861,1,1
4,19,1,3,17,30,1,1,0,0,5,9,0,36,0,1,6,1,2,99,2,2,9,5,0,0,1,1,0,0,99,99,99,98,88,88,0,0,0,0,1,7,0,40002,0,2009,0,REDDINGTON RD,99999999999999999999,0000000,32.39915,-110.5082778,1,1
4,25,1,4,9,1,1,5,0,1,1,1,0,1,0,1,4,2,2,75,1,1,2,4,0,0,1,4,0,0,9,4,9,22,99,99,0,0,0,0,1,1,0,40003,0,2009,1455,I-40,99999999999999999999,0000000,35.21920556,-112.4881167,1,4
4,17,1,4,19,34,1,6,0,1,1,1,0,1,0,1,4,2,2,75,1,1,2,4,0,0,2,4,0,0,19,53,20,2,99,99,0,0,0,0,2,1,0,40004,0,2009,2801,I-40,99999999999999999999,0000000,34.927575,-110.2675222,1,4
4,5,1,5,18,30,2,7,0,1,2,2,3,12,2,1,1,1,2,65,1,1,2,9,0,0,2,9,0,0,18,34,18,50,99,99,0,0,0,0,1,2,0,40005,0,2009,3418,US-160,99999999999999999999,0000000,36.30405,-110.9714194,2,9
4,21,1,6,7,7,2,2,0,0,4,9,0,12,2,1,1,1,2,50,1,1,2,1,0,0,3,1,0,0,7,7,7,7,88,88,0,0,0,0,1,3,0,40006,70,2009,0,MARICOPA CASA GRANDE,99999999999999999999,0000000,32.96957222,-111.9057083,2,1
4,13,1,6,14,28,2,3,0,0,14,6,0,12,4,8,1,5,4,45,1,1,2,1,0,0,1,1,0,0,14,29,14,35,99,99,0,0,0,0,1,3,0,40007,290,2009,0,BROADWAY RD,99999999999999999999,0000000,33.40843333,-111.7111111,2,1
4,21,1,7,13,22,1,1,0,1,1,1,3,24,0,1,3,2,2,75,1,1,2,1,0,0,1,1,0,0,13,22,13,29,88,88,0,0,0,0,1,4,1,40008,0,2009,1774,I-10,99999999999999999999,0000000,33.09833611,-111.8271417,1,1