STATE,COUNTY,MONTH,DAY,HOUR,MINUTE,VE_TOTAL,PERSONS,PEDS,NHS,ROAD_FNC,ROUTE,SP_JUR,HARM_EV,MAN_COLL,REL_JUNC,REL_ROAD,TRAF_FLO,NO_LANES,SP_LIMIT,ALIGNMNT,PROFILE,PAVE_TYP,SUR_COND,TRA_CONT,T_CONT_F,LGT_COND,WEATHER1,WEATHER2,WRK_ZONE,NOT_HOUR,NOT_MIN,ARR_HOUR,ARR_MIN,HOSP_HR,HOSP_MN,SCH_BUS,CF1,CF2,CF3,FATALS,DAY_WEEK,DRUNK_DR,ST_CASE,CITY,YEAR,MILEPT,TWAY_ID,TWAY_ID2,RAIL,LATITUDE,LONGITUD,VE_FORMS,WEATHER
4,13,1,9,5,22,1,1,0,1,1,1,0,1,0,1,4,2,2,75,1,1,2,1,0,0,2,1,0,0,5,32,5,35,88,88,0,0,0,0,1,6,0,40009,0,2009,798,I-10,99999999999999999999,0000000,33.54236111,-113.1796611,1,1
4,7,1,10,15,0,1,1,0,0,3,2,0,37,0,1,4,1,2,35,2,2,2,1,40,3,1,1,0,0,16,21,18,0,88,88,0,0,0,0,1,7,0,40010,0,2009,2909,US-60,99999999999999999999,0000000,33.798425,-110.4885639,1,1
4,21,1,10,21,50,2,2,0,1,1,1,0,12,1,1,1,2,2,65,1,1,2,1,0,0,2,1,0,1,21,50,22,1,99,99,0,0,0,0,1,7,0,40011,0,2009,2305,I-10,99999999999999999999,0000000,32.59089167,-111.3379278,2,1
4,13,1,12,20,58,1,1,0,0,16,6,0,33,0,3,4,1,2,25,2,1,2,1,0,0,3,1,0,0,21,8,21,11,21,31,0,0,0,0,1,2,1,40012,200,2009,0,53RD AVE,EVA ST,0000000,33.56924167,-112.1737778,1,1
4,13,1,14,16,14,2,4,0,0,13,6,0,12,6,8,1,5,5,45,1,1,2,1,0,0,1,1,0,0,16,15,16,20,17,6,0,0,0,0,1,4,0,40013,290,2009,0,MCKELLIPS RD,99999999999999999999,0000000,33.45189722,-111.7032444,2,1
4,13,1,14,18,51,2,2,0,0,14,6,0,12,7,1,1,2,3,40,1,1,1,1,0,0,3,1,0,0,18,53,18,55,88,88,0,0,0,0,1,4,1,40014,200,2009,0,UNION HILLS DR,99999999999999999999,0000000,33.65427778,-112.1857333,2,1
4,19,1,15,6,40,1,2,1,0,15,9,0,8,0,3,1,1,2,35,1,1,2,1,0,0,2,1,0,0,6,40,6,45,88,88,0,0,0,0,1,5,0,40015,0,2009,0,CAMINO DE OESTE,BALD EAGLE AVE,0000000,32.37068889,-111.0671417,1,1
4,13,1,15,20,53,1,3,0,1,11,1,0,1,0,15,8,3,5,65,1,1,2,1,0,0,3,1,0,0,20,53,20,55,21,21,0,0,0,0,1,5,0,40016,370,2009,1369,I-10,99999999999999999999,0000000,33.46248611,-112.2167361,1,1
4,13,1,18,18,56,2,3,0,0,15,6,0,12,4,2,1,2,3,45,1,1,2,1,2,3,3,1,0,0,19,0,19,10,99,99,0,0,0,0,1,1,0,40017,290,2009,0,ELLSWORTH RD,GUADALUPE RD,0000000,33.36471111,-111.6360333,2,1
4,13,1,22,9,12,1,5,0,1,13,3,0,1,0,1,4,1,2,50,1,1,2,1,0,0,1,1,0,0,9,12,9,30,99,99,0,0,0,0,1,5,0,40020,0,2009,150,SR-303,99999999999999999999,0000000,33.62164167,-112.4184611,1,1
4,15,1,25,15,37,2,9,0,1,2,2,0,12,7,1,1,2,2,65,1,2,2,1,0,0,1,1,0,0,15,37,16,13,99,99,0,0,0,0,3,1,0,40022,0,2009,1451,US-93,99999999999999999999,0000000,34.49385833,-113.3914583,2,1
4,21,1,25,19,42,1,2,0,1,1,1,3,18,0,1,1,2,2,75,1,1,2,1,0,0,2,1,0,0,19,46,19,59,20,30,0,0,0,0,1,1,0,40023,0,2009,1705,I-10,99999999999999999999,0000000,33.18233889,-111.8919222,1,1
4,5,1,28,16,50,1,1,0,1,1,1,0,1,0,1,4,2,2,75,1,1,2,1,0,0,1,1,0,0,16,51,17,2,88,88,0,0,0,0,1,4,0,40024,0,2009,2482,I-40,99999999999999999999,0000000,35.053625,-110.7887611,1,1
4,25,1,30,6,53,1,1,0,0,16,6,0,24,0,1,4,2,2,50,2,2,2,1,0,0,2,1,0,0,6,53,6,58,88,88,0,0,0,0,1,6,0,40025,386,2009,0,PRESCOTT LAKES PKWY,99999999999999999999,0000000,34.565,-112.4208222,1,1
4,13,1,27,6,5,2,2,0,1,1,1,0,12,6,15,1,3,2,55,1,1,2,1,99,9,6,1,0,1,6,5,6,20,6,45,0,0,0,0,1,3,0,40027,0,2009,2240,I-17,99999999999999999999,0000000,33.79363333,-112.1346778,2,1
4,19,1,11,17,48,1,3,1,0,14,6,0,8,0,3,1,5,4,35,1,1,2,1,0,0,1,1,0,0,99,99,99,99,99,99,0,0,0,0,1,1,0,40028,530,2009,0,PIMA ST,ROOK AVE,0000000,32.24335833,-110.8601889,1,1
4,13,1,11,11,46,1,2,0,0,15,6,0,33,0,3,4,2,1,35,2,2,2,1,20,3,1,1,0,0,11,46,11,55,99,99,0,0,0,0,2,1,0,40029,192,2009,0,SUNRIDGE DR,EASTRIDGE DR,0000000,33.60266944,-111.7577778,1,1
4,13,1,9,22,1,3,8,0,0,15,6,0,12,6,2,1,1,2,50,1,1,2,2,20,3,3,1,0,0,21,57,22,4,99,99,0,0,0,0,2,6,0,40030,0,2009,0,ELLIOT RD,SOSSAMAN RD,0000000,33.35046111,-111.6705861,3,1
4,13,1,1,13,20,3,4,0,0,14,6,0,12,4,2,1,5,5,40,1,1,2,1,2,3,1,1,0,0,13,20,13,24,13,41,0,0,0,0,1,5,0,40031,370,2009,0,67TH AVE,OSBORN RD,0000000,33.487575,-112.20325,3,1
4,19,1,1,3,7,1,2,1,1,11,1,0,8,0,15,1,3,2,55,1,1,1,1,0,0,3,1,0,0,3,7,3,9,88,88,0,0,0,0,1,5,0,40032,530,2009,620,I-19,99999999999999999999,0000000,32.17999722,-110.9854306,1,1
4,5,1,4,19,56,1,1,0,0,4,8,3,1,0,1,1,9,9,99,9,9,2,4,0,0,6,9,0,0,99,99,99,99,88,88,0,0,0,0,1,1,0,40033,0,2009,0,BIA-2,99999999999999999999,0000000,,,1,9
4,21,1,5,0,55,1,2,0,0,15,9,0,35,0,2,6,1,2,55,1,1,2,2,20,3,2,2,0,0,88,88,88,88,88,88,0,20,0,0,1,2,1,40034,0,2009,0,JIMMIE KERR BLVD,HENNESS RD,0000000,32.84563056,-111.7057111,1,2
4,13,1,7,8,25,1,2,1,0,15,6,0,8,0,1,1,5,4,45,1,1,2,1,0,0,1,1,0,0,8,25,8,30,9,0,0,0,0,0,1,4,0,40035,370,2009,0,LOWER BUCKEYE RD,99999999999999999999,0000000,33.42268056,-112.2412889,1,1
4,3,1,10,4,37,2,1,0,0,16,6,0,1,0,3,6,1,2,25,2,1,2,1,0,0,3,1,0,0,4,37,4,44,5,50,0,0,0,0,1,7,1,40036,130,2009,0,9TH ST,DALLAS AVE,0000000,31.34333333,-109.5308472,1,1
4,13,1,15,17,3,2,6,0,0,14,6,0,12,6,2,1,5,5,45,1,1,2,1,20,3,1,1,0,0,17,3,17,3,99,99,0,0,0,0,1,5,0,40037,370,2009,0,UNION HILLS DR,45TH AVE,0000000,33.65458611,-112.1562778,2,1
4,13,1,16,15,33,2,4,0,0,13,6,0,12,6,2,1,5,6,45,1,1,2,1,2,3,1,1,0,0,15,33,15,36,15,44,0,0,0,0,1,6,0,40038,290,2009,0,MCKELLIPS RD,HORNE,0000000,33.45151667,-111.8136361,2,1
4,21,1,18,3,3,1,2,0,0,6,9,0,35,0,1,6,1,2,99,1,9,2,1,0,0,2,1,0,0,99,99,99,99,99,99,0,0,0,0,1,1,1,40039,0,2009,0,IVAR RD,99999999999999999999,0000000,33.15081111,-111.5929833,1,1
4,5,1,20,8,43,1,1,0,0,4,3,3,31,0,1,4,1,2,55,2,2,2,1,0,0,1,1,0,0,8,43,9,7,88,88,0,20,0,0,1,3,0,40040,0,2009,648,SR-99,99999999999999999999,0000000,35.20211111,-110.9469806,1,1
4,19,1,20,22,30,1,2,0,0,3,3,3,1,0,1,1,1,2,50,2,1,2,1,0,0,2,1,0,0,99,99,99,99,99,99,0,0,0,0,1,3,0,40041,0,2009,660,SR-86,99999999999999999999,0000000,32.20456389,-112.5484194,1,1
4,13,1,24,11,5,1,1,0,0,13,6,0,3,0,1,6,9,9,99,1,9,9,9,0,0,1,9,0,0,99,99,99,99,99,99,0,0,0,0,1,7,0,40042,370,2009,0,INDIAN SCHOOL RD,99999999999999999999,0000000,33.49423889,-112.2574,1,9
4,13,1,30,16,9,2,3,0,0,14,6,0,12,6,2,1,2,3,40,1,1,2,1,2,3,1,1,0,0,16,9,16,18,88,88,0,0,0,0,1,6,1,40043,200,2009,0,67TH AVE,SACK DR,0000000,33.65636667,-112.2028833,2,1
4,1,1,31,14,30,1,3,0,0,5,8,3,1,0,9,99,9,9,99,9,9,9,9,0,0,1,9,0,0,99,99,99,99,99,99,0,0,0,0,1,7,0,40044,0,2009,0,BIA-35,99999999999999999999,0000000,,,1,9
4,13,2,4,0,55,1,1,0,0,16,6,0,30,0,1,6,1,2,35,1,1,2,1,0,0,2,1,0,0,0,55,1,4,88,88,0,0,0,0,1,4,1,40045,0,2009,0,76TH ST,99999999999999999999,0000000,33.46294444,-111.6671889,1,1
4,13,2,1,23,53,1,2,0,1,2,2,0,31,0,1,3,2,2,55,1,1,2,1,0,0,2,1,0,0,0,19,0,32,99,99,0,18,0,0,1,1,1,40046,0,2009,1199,US-60,99999999999999999999,0000000,33.86992222,-112.6411167,1,1
4,19,2,2,18,29,2,2,0,0,15,6,0,12,2,2,1,5,4,40,1,1,2,1,0,0,3,1,0,0,18,29,18,33,18,46,0,0,0,0,1,2,0,40047,530,2009,0,1ST AVE,HOLAWAY AVE,0000000,32.26885278,-110.9610444,2,1
4,15,2,4,11,26,1,1,0,0,6,9,0,17,0,1,1,1,2,99,1,2,5,1,0,0,1,9,0,0,11,26,11,59,88,88,0,0,0,0,1,4,1,40048,0,2009,0,MIKES RD,99999999999999999999,0000000,35.54596667,-113.840525,1,9
4,21,2,5,6,10,2,2,0,0,3,2,0,12,2,1,1,1,2,65,1,1,2,1,0,0,2,1,0,0,6,12,6,20,99,99,0,0,0,0,1,5,0,40049,0,2009,2237,US-60,99999999999999999999,0000000,33.282675,-111.1493583,2,1
4,21,2,6,18,55,2,3,0,1,11,1,0,13,2,1,1,2,2,75,1,1,2,1,0,0,2,1,0,0,18,57,19,2,99,99,0,0,0,0,2,6,0,40050,70,2009,1944,I-10,99999999999999999999,0000000,32.88696944,-111.6870389,2,1
4,21,2,7,4,20,1,2,0,0,4,3,0,11,0,1,1,1,2,65,2,1,2,1,0,0,2,1,0,0,4,24,4,52,99,99,0,0,0,0,1,7,0,40051,0,2009,1319,SR-77,99999999999999999999,0000000,32.95271667,-110.7449083,1,1
4,13,2,8,5,55,2,5,0,0,14,6,0,12,1,3,1,5,4,45,1,1,2,2,2,3,3,2,0,0,5,56,6,1,6,43,0,0,0,0,1,1,1,40054,420,2009,0,CACTUS RD,SCOTTSDALE RD,0000000,33.5967,-111.926075,2,2
4,13,2,8,16,11,1,2,0,1,2,3,0,36,0,1,4,2,2,65,1,2,2,3,0,0,1,3,0,0,16,11,16,27,99,99,0,0,0,0,1,1,0,40055,0,2009,2165,SR-87,99999999999999999999,0000000,33.84419167,-111.4681167,1,3
4,25,2,8,20,47,1,1,0,0,16,6,0,44,0,3,1,1,2,25,1,9,2,2,20,3,2,2,0,0,20,47,20,52,21,15,0,0,0,0,1,1,0,40056,386,2009,0,GOODWIN ST,PLEASANT ST,0000000,34.53990278,-112.4645806,1,2
4,23,2,10,99,99,1,1,0,0,6,6,0,1,0,1,4,1,2,25,2,2,2,9,0,0,9,9,0,0,10,7,10,11,88,88,0,0,0,0,1,3,1,40057,0,2009,0,CALLE CHIAPAS,99999999999999999999,0000000,31.45744722,-110.9550583,1,9
4,19,2,13,18,28,1,1,0,0,14,6,0,1,0,3,1,5,4,45,1,1,2,1,0,0,5,1,0,0,18,28,18,34,88,88,0,0,0,0,1,6,0,40058,0,2009,0,WETMORE RD,SCHAFER DR,0000000,32.28673611,-110.990275,1,1
4,3,2,14,6,22,2,4,0,1,1,1,0,12,1,1,1,2,2,75,1,2,2,1,0,0,2,1,0,0,6,22,6,33,99,99,0,0,0,0,1,7,0,40059,0,2009,3162,I-10,99999999999999999999,0000000,32.01361111,-110.1209333,2,1
4,13,2,14,16,48,1,2,0,1,2,2,0,35,0,1,4,2,2,55,1,1,2,1,0,0,1,1,0,0,16,51,16,55,17,59,0,0,0,0,1,7,0,40060,0,2009,1204,US-60,99999999999999999999,0000000,33.86895556,-112.6394694,1,1
4,13,2,16,14,15,2,4,0,1,12,3,0,12,1,15,1,3,3,65,1,1,2,1,0,0,1,1,0,0,14,16,14,24,15,45,0,0,0,0,1,2,0,40061,190,2009,423,SR-202,99999999999999999999,0000000,33.29484444,-111.7441111,2,1
4,3,2,16,21,30,1,8,0,0,6,9,0,1,0,1,6,1,2,45,1,1,5,1,0,0,2,1,0,0,23,19,23,30,99,99,0,0,0,0,1,2,0,40062,0,2009,0,BROOKS RD,99999999999999999999,0000000,31.39725556,-109.6644333,1,1
4,3,2,20,18,30,2,4,0,0,4,2,0,12,2,1,1,1,2,65,1,1,2,1,0,0,2,1,0,0,18,40,18,57,99,99,0,0,0,0,2,6,0,40063,0,2009,119,US-191,99999999999999999999,0000000,31.51024722,-109.6404583,2,1
4,13,2,21,1,52,1,1,0,0,16,6,0,43,0,1,4,2,1,25,2,1,2,1,0,0,3,1,0,0,99,99,99,99,99,99,0,0,0,0,1,7,1,40064,200,2009,0,95TH AVE,99999999999999999999,0000000,33.526975,-112.2644,1,1
4,7,2,21,16,5,2,2,0,1,2,3,0,24,0,1,3,2,2,65,2,2,2,1,0,0,1,1,0,0,16,5,16,35,99,99,0,0,0,0,1,7,2,40065,0,2009,2308,SR-87,99999999999999999999,0000000,33.98562778,-111.3831056,2,1
4,19,2,22,3,58,3,9,0,1,13,6,0,12,6,2,1,2,2,45,1,1,2,1,2,3,3,1,0,0,3,59,4,4,99,99,0,0,0,0,3,1,1,40066,530,2009,0,GRANT RD,I-10 FRONTAGE RD,0000000,32.25044722,-110.9937278,3,1
4,25,2,22,10,59,3,6,0,0,4,3,0,12,7,1,1,1,2,65,1,1,2,1,0,0,1,1,0,0,11,5,11,17,88,88,0,0,0,0,1,1,0,40067,0,2009,2615,SR-89,99999999999999999999,0000000,34.07115556,-112.8216833,3,1
4,17,2,22,22,42,1,2,0,0,6,6,0,40,0,3,6,1,2,25,2,2,2,1,0,0,2,1,0,0,22,43,22,50,88,88,0,0,0,0,1,1,1,40068,430,2009,0,7TH SOUTH,FRONTIER PKWY,0000000,34.49966111,-110.1058389,1,1
4,19,2,23,8,35,1,1,0,0,15,9,0,1,0,1,1,1,2,50,1,1,2,1,0,0,1,1,0,0,8,35,8,43,9,22,0,0,0,0,1,2,0,40069,0,2009,0,LINDA VISTA BLVD,99999999999999999999,0000000,32.38077778,-111.0594528,1,1
4,13,2,25,19,25,1,4,1,0,14,6,0,8,0,3,1,5,4,45,1,1,2,1,2,3,3,1,0,0,19,26,19,28,19,37,0,0,0,0,1,4,1,40070,290,2009,0,UNIVERSITY DR,80TH ST,0000000,33.42240278,-111.6586583,1,1
4,17,2,26,3,43,1,1,0,1,1,1,0,31,0,15,4,2,2,75,2,2,2,1,0,0,2,1,0,0,3,45,3,52,88,88,0,0,0,0,1,5,0,40071,240,2009,2871,I-40,99999999999999999999,0000000,34.91347778,-110.1531861,1,1
4,19,2,27,9,47,1,1,0,0,4,9,0,1,0,1,1,1,2,25,2,3,2,1,0,0,1,1,0,0,9,47,9,55,10,45,0,0,0,0,1,6,0,40072,0,2009,0,PICTURE ROCKS RD,99999999999999999999,0000000,32.32526389,-111.1441167,1,1
4,3,2,28,2,43,2,5,0,1,1,1,0,12,2,1,1,2,2,75,1,1,2,1,40,3,3,1,0,0,2,43,2,56,88,88,0,0,0,0,1,7,0,40073,0,2009,3841,I-10,99999999999999999999,0000000,32.25458333,-109.1655944,2,1
4,25,2,28,18,56,4,7,0,1,1,1,0,12,99,15,4,2,2,75,1,1,2,1,28,3,5,1,0,0,18,56,19,2,99,99,0,14,0,0,1,7,1,40074,0,2009,2627,I-17,99999999999999999999,0000000,34.32868611,-112.1209278,4,1
4,19,2,20,19,37,2,3,0,1,13,6,0,12,4,2,1,2,2,40,1,1,2,1,2,3,1,1,0,0,19,41,19,44,20,6,0,0,0,0,1,6,0,40075,530,2009,0,AJO WAY,KINO PKWY,0000000,32.17790833,-110.9414417,2,1
4,13,2,27,4,47,2,3,1,1,12,2,0,8,0,15,1,3,5,65,1,1,2,1,0,0,2,1,0,0,4,47,5,6,88,88,0,0,0,0,1,6,0,40076,490,2009,1754,US-60,99999999999999999999,0000000,33.38580833,-111.9095083,2,1
4,13,2,1,4,20,1,1,0,0,13,6,0,1,0,1,6,2,3,45,1,1,2,1,0,0,3,1,0,0,4,23,4,27,4,54,0,0,0,0,1,1,0,40077,370,2009,0,GREENWAY RD,99999999999999999999,0000000,33.62643333,-111.9918972,1,1
4,5,2,2,5,0,1,2,1,0,3,3,0,8,0,1,1,9,9,99,9,9,2,1,0,0,2,1,0,0,99,99,5,4,99,99,0,0,0,0,1,2,1,40079,0,2009,3935,SR-89A,99999999999999999999,0000000,35.08230556,-111.7293694,1,1
4,21,2,3,18,26,2,4,0,0,3,3,3,12,2,2,1,1,2,55,1,1,2,1,99,9,5,1,0,0,18,26,18,38,19,17,0,0,0,0,2,3,0,40080,0,2009,2217,SR-587,SESAME RD,0000000,33.16119444,-111.8409806,2,1
4,13,2,6,19,24,1,3,1,0,13,6,0,8,0,3,1,5,6,45,1,1,2,1,2,3,3,1,0,0,19,24,19,28,19,46,0,0,0,0,1,6,0,40082,370,2009,0,7TH ST,UNION HILLS DR,0000000,33.65484444,-112.0655694,1,1
4,13,2,7,15,52,2,2,0,0,16,6,0,14,9,1,2,2,1,25,2,1,2,1,0,0,1,1,0,0,16,0,16,11,16,25,0,0,0,0,1,7,0,40083,200,2009,0,UTOPIA RD,99999999999999999999,0000000,33.66151389,-112.1932833,1,1
4,13,2,8,17,21,1,1,0,0,16,6,0,42,0,3,6,1,2,25,1,1,2,1,0,0,2,1,0,0,17,21,17,29,17,44,0,0,0,0,1,1,1,40084,370,2009,0,ALTADENA AVE,41ST AVE,0000000,33.59120833,-112.1475361,1,1
4,21,2,8,3,43,1,3,0,0,6,8,3,33,0,1,6,1,2,25,1,1,2,2,0,0,3,2,0,0,3,43,3,55,99,99,0,0,0,0,1,1,1,40085,0,2009,0,SEED FARM RD,99999999999999999999,0000000,,,1,2
4,13,2,10,14,27,1,2,1,0,16,6,0,8,0,4,4,1,2,25,2,1,2,2,0,0,1,1,0,0,14,28,14,33,14,54,0,0,0,0,1,3,0,40086,370,2009,0,CATALINA DR,99999999999999999999,0000000,33.48206111,-112.1877556,1,1
4,19,2,10,16,26,2,3,0,0,5,8,3,12,9,1,1,1,2,55,1,1,2,1,0,0,1,1,0,0,99,99,99,99,99,99,0,0,0,0,1,3,1,40087,0,2009,0,BIA-19,99999999999999999999,0000000,31.64110556,-111.7728861,2,1
4,13,2,12,10,37,1,1,0,0,4,3,0,1,0,1,6,1,2,55,2,1,2,1,0,0,1,1,0,0,10,37,10,43,99,99,0,0,0,0,1,5,0,40088,0,2009,125,SR-238,99999999999999999999,0000000,33.00715278,-112.4094917,1,1
4,13,2,14,15,33,2,2,0,0,13,6,0,12,5,8,1,5,5,40,1,1,2,1,0,0,1,1,0,0,15,33,15,36,88,88,0,0,0,0,1,7,0,40089,370,2009,0,35TH AVE,99999999999999999999,0000000,33.64102778,-112.1344056,2,1
4,21,2,13,16,8,2,4,0,0,4,3,0,12,2,1,1,1,2,50,1,1,2,1,0,0,1,1,0,0,99,99,99,99,99,99,0,0,0,0,1,6,0,40090,70,2009,99999,SR-238,99999999999999999999,0000000,32.90878333,-111.8078389,2,1
4,21,2,15,21,32,1,1,0,0,4,8,3,1,0,1,6,1,2,55,1,1,2,1,0,0,2,1,0,0,99,99,99,99,88,88,0,0,0,0,1,1,1,40091,0,2009,0,SACATON RD,99999999999999999999,0000000,33.11283333,-111.7376833,1,1
4,13,2,17,16,55,1,2,0,0,13,6,0,33,0,1,3,2,3,45,2,1,2,1,0,0,1,1,0,0,16,57,17,0,17,21,0,0,0,0,1,3,0,40093,370,2009,0,GREENWAY PKWY,99999999999999999999,0000000,33.63362222,-112.0752333,1,1
4,13,2,19,15,3,2,2,0,0,15,6,0,12,5,8,1,2,3,45,1,1,2,1,20,3,1,1,0,0,15,2,15,8,15,17,0,0,0,0,1,5,0,40094,0,2009,0,POWER RD,99999999999999999999,0000000,33.26492222,-111.6859278,2,1
4,13,2,20,20,23,2,4,0,0,15,6,0,12,5,2,1,1,2,30,1,1,2,1,2,3,3,1,0,0,20,23,20,29,20,41,0,0,0,0,1,6,0,40095,370,2009,0,ROOSEVELT ST,11TH ST,0000000,33.45866389,-112.0589278,2,1
4,13,2,22,11,46,1,1,0,0,16,6,0,25,0,3,10,1,2,30,1,1,2,1,20,3,1,1,0,0,11,47,11,52,12,12,0,0,0,0,1,1,0,40096,370,2009,0,ORANGEWOOD AVE,I-17 FRONTAGE ROAD,0000000,33.54585556,-112.1120972,1,1
4,13,2,22,19,27,1,1,0,0,4,6,0,33,0,1,3,2,2,30,2,2,2,1,0,0,3,1,0,0,19,27,19,30,19,45,0,0,0,0,1,1,1,40097,0,2009,0,CAVE CREEK RD,99999999999999999999,0000000,33.83303333,-111.9399722,1,1
4,13,2,24,16,8,2,2,0,0,13,6,0,12,7,1,1,5,4,45,1,1,2,1,0,0,1,1,0,0,16,8,16,14,99,99,0,0,0,0,1,3,0,40098,290,2009,0,MCKELLIPS RD,99999999999999999999,0000000,33.451875,-111.7512556,2,1
4,13,3,2,9,30,2,3,0,1,11,1,0,60,0,15,1,3,3,55,1,1,2,1,0,0,1,1,0,0,9,29,9,34,9,53,0,14,0,0,1,2,0,40099,370,2009,1950,I-17,99999999999999999999,0000000,33.42726944,-112.0494861,2,1
4,13,3,5,6,54,1,1,0,0,16,6,0,31,0,1,4,1,2,25,1,1,2,1,0,0,2,1,0,0,6,54,7,0,88,88,0,0,0,0,1,5,1,40100,290,2009,0,MADERO AVE,99999999999999999999,0000000,33.371575,-111.6103222,1,1
4,3,3,5,11,26,2,3,0,1,1,1,0,12,7,1,1,2,2,75,1,1,2,1,0,0,1,1,0,0,11,26,11,44,88,88,0,0,0,0,2,5,0,40101,0,2009,3243,I-10,99999999999999999999,0000000,32.09945278,-110.0320472,2,1
4,19,3,8,23,18,1,1,0,1,12,3,0,39,0,13,8,6,1,55,2,1,2,2,0,0,3,2,0,0,23,18,23,24,88,88,0,0,0,0,1,1,1,40102,530,2009,99999,SR-210 RAMP,99999999999999999999,0000000,32.20596667,-110.9397944,1,2
4,21,3,9,17,33,1,3,2,1,11,1,0,8,0,1,2,2,2,75,1,1,2,1,0,0,1,1,0,0,17,33,17,42,18,36,0,0,0,0,1,2,0,40103,0,2009,2093,I-10,99999999999999999999,0000000,32.73252778,-111.5424306,1,1
4,19,3,10,11,36,1,1,0,0,4,9,0,27,0,1,6,1,2,45,2,2,2,1,0,0,1,1,0,0,11,36,12,0,88,88,0,0,0,0,1,3,0,40104,0,2009,0,ARIVACA RD,99999999999999999999,0000000,31.60397778,-111.3140778,1,1
4,19,3,10,14,23,1,4,1,0,4,4,0,9,0,1,2,1,2,50,1,1,2,1,0,0,1,1,0,0,14,23,14,29,88,88,0,0,0,0,1,3,0,40105,0,2009,0,OLD SPANISH TRL,99999999999999999999,0000000,32.11489444,-110.7054722,1,1
4,19,3,10,14,27,2,1,0,0,16,9,0,53,0,1,6,1,2,25,1,1,2,1,0,0,1,1,0,0,14,27,14,33,88,88,0,20,0,0,1,3,0,40106,0,2009,0,TETAKUSIM RD,99999999999999999999,0000000,32.11569444,-111.043925,1,1
4,17,3,12,6,52,1,1,0,0,4,3,0,1,0,1,4,1,2,65,1,1,2,1,0,0,4,1,0,0,6,52,7,5,88,88,0,0,0,0,1,5,1,40107,0,2009,3374,SR-87,99999999999999999999,0000000,34.96423056,-110.7380778,1,1
4,13,3,12,13,55,2,2,0,0,13,6,0,1,0,2,1,5,4,25,1,1,2,1,20,3,1,1,0,0,13,59,14,3,14,26,0,0,0,0,1,5,0,40108,200,2009,0,67TH AVE,DESERT COVE AVE,0000000,33.58532222,-112.2027944,2,1
4,21,3,15,7,34,1,1,0,0,14,2,0,31,0,15,4,2,2,65,2,2,1,1,0,0,1,1,0,0,7,35,7,44,8,32,0,0,0,0,1,1,0,40110,22,2009,1988,US-60,99999999999999999999,0000000,33.38738333,-111.5056111,1,1
4,7,3,15,18,31,1,1,0,0,16,6,0,1,0,1,1,1,2,25,1,1,2,1,0,0,1,1,0,0,18,31,18,38,99,99,0,0,0,0,1,1,1,40111,210,2009,0,BEER TREE CROSSING,99999999999999999999,0000000,33.38214444,-110.7691972,1,1
4,13,3,18,16,30,1,1,0,1,2,3,0,1,0,1,4,2,2,65,2,2,2,1,0,0,1,1,0,0,16,33,17,5,88,88,0,0,0,0,1,4,0,40113,0,2009,2135,SR-87,99999999999999999999,0000000,33.80871389,-111.4884417,1,1
4,19,3,20,21,19,1,2,1,0,14,6,0,8,0,2,1,5,4,45,1,1,2,1,0,0,2,1,0,0,21,19,21,23,21,40,0,0,0,0,1,6,0,40114,0,2009,0,FLOWING WELLS RD,ALLEGHENY DR,0000000,32.29126389,-110.9951222,1,1
4,1,3,21,14,37,1,3,0,1,1,1,3,1,0,1,3,2,2,75,1,1,2,1,0,0,1,1,0,0,14,37,14,42,99,99,0,0,0,0,1,7,0,40116,0,2009,3422,I-40,99999999999999999999,0000000,35.24220278,-109.29785,1,1
4,13,3,27,0,31,1,1,0,1,11,1,0,44,0,1,1,3,4,65,2,1,2,1,0,0,3,1,0,0,0,32,0,39,88,88,0,0,0,0,1,6,1,40118,370,2009,1476,I-10,99999999999999999999,0000000,33.45911389,-112.0374917,1,1
4,19,3,28,19,19,1,2,1,1,11,1,0,8,0,15,1,2,2,65,1,1,2,1,0,0,2,1,0,0,19,19,19,25,19,50,0,0,0,0,1,7,0,40119,530,2009,2628,I-10,99999999999999999999,0000000,32.17568889,-110.9413417,1,1
4,13,3,29,13,37,1,1,0,1,12,3,0,1,0,15,10,3,3,55,1,1,2,1,0,0,1,1,0,1,13,37,13,47,14,16,0,0,0,0,1,1,0,40120,370,2009,348,SR-101,99999999999999999999,0000000,33.65772778,-111.92165,1,1
4,13,3,30,0,7,2,5,0,0,13,6,0,12,5,8,1,5,4,40,1,1,2,1,0,0,3,1,0,0,0,11,0,14,99,99,0,0,0,0,1,2,1,40121,290,2009,0,BROADWAY RD,99999999999999999999,0000000,33.40774167,-111.8479667,2,1
4,21,1,18,10,26,1,1,0,0,4,3,0,1,0,1,6,1,2,50,1,1,2,1,0,0,1,1,0,0,10,26,10,37,11,10,0,0,0,0,1,1,0,40122,70,2009,99999,SR-238,99999999999999999999,0000000,,,1,1
4,21,2,28,18,20,1,1,0,0,6,9,0,1,0,1,1,1,2,0,9,9,5,9,0,0,1,9,0,0,99,99,99,99,88,88,0,0,0,0,1,7,1,40123,0,2009,0,CHARLOULEAU GAP TRL,99999999999999999999,0000000,32.51674722,-110.7833861,1,9
4,13,1,12,19,4,1,2,1,0,14,6,0,8,0,1,1,5,5,40,1,1,2,1,0,0,3,1,0,0,19,4,19,7,88,88,0,0,0,0,1,2,0,40124,370,2009,0,27TH AVE,99999999999999999999,0000000,33.50283611,-112.1170222,1,1
4,13,1,21,22,30,2,2,0,0,15,6,0,12,1,1,1,1,4,50,1,1,2,1,0,0,3,1,0,0,99,99,99,99,88,88,0,0,0,0,1,4,1,40125,370,2009,0,CAVE CREEK RD,99999999999999999999,0000000,33.73206667,-112.0051444,2,1