STATE,COUNTY,MONTH,DAY,HOUR,MINUTE,VE_TOTAL,PERSONS,PEDS,NHS,ROAD_FNC,ROUTE,SP_JUR,HARM_EV,MAN_COLL,REL_JUNC,REL_ROAD,TRAF_FLO,NO_LANES,SP_LIMIT,ALIGNMNT,PROFILE,PAVE_TYP,SUR_COND,TRA_CONT,T_CONT_F,LGT_COND,WEATHER1,WEATHER2,WRK_ZONE,NOT_HOUR,NOT_MIN,ARR_HOUR,ARR_MIN,HOSP_HR,HOSP_MN,SCH_BUS,CF1,CF2,CF3,FATALS,DAY_WEEK,DRUNK_DR,ST_CASE,CITY,YEAR,MILEPT,TWAY_ID,TWAY_ID2,RAIL,LATITUDE,LONGITUD,VE_FORMS,WEATHER
4,19,3,16,0,47,1,2,0,0,16,6,0,40,0,1,6,1,2,25,1,1,2,1,0,0,3,1,0,0,0,49,0,50,99,99,0,0,0,0,1,2,0,40126,530,2009,0,11TH AVE,99999999999999999999,0000000,32.16227222,-110.9763778,1,1
4,19,3,21,15,21,1,2,1,1,13,6,0,8,0,3,1,2,4,40,1,1,2,1,2,3,1,1,0,0,15,21,99,99,99,99,0,0,0,0,1,7,0,40127,530,2009,0,BROADWAY BLVD,CRAYCROFT RD,0000000,32.22173611,-110.8747972,1,1
4,13,3,27,23,11,1,3,0,1,12,3,0,25,0,13,4,6,1,65,2,2,2,1,40,3,3,1,0,0,23,11,23,20,99,99,0,0,0,0,1,6,0,40128,490,2009,90,SR-202 RAMP,99999999999999999999,0000000,33.43354444,-111.8887667,1,1
4,1,3,30,6,49,2,4,0,0,4,3,0,12,2,1,1,1,2,65,1,1,2,3,0,0,1,4,0,0,6,50,7,3,99,99,0,0,0,0,1,2,0,40129,0,2009,3568,SR-61,99999999999999999999,0000000,34.30829722,-109.7754667,2,4
4,7,3,15,14,19,2,2,0,1,2,3,0,24,0,1,4,3,2,65,2,2,2,1,0,0,1,1,0,0,14,20,14,45,15,36,0,0,0,0,1,1,0,40130,0,2009,2308,SR-87,99999999999999999999,0000000,33.9856,-111.3827111,2,1
4,25,3,14,11,6,2,3,0,1,2,3,0,12,6,2,1,2,2,50,1,1,2,1,20,3,1,1,0,0,11,6,11,9,12,21,0,0,0,0,1,7,0,40131,299,2009,2707,SR-69,CENTRAL AVE,0000000,34.39915556,-112.2288278,2,1
4,13,2,11,3,10,2,2,0,0,13,6,0,12,2,1,1,5,4,35,1,1,2,1,0,0,3,1,0,0,3,45,99,99,88,88,0,0,0,0,1,4,0,40134,370,2009,0,7TH AVE,99999999999999999999,0000000,33.43186111,-112.0824778,2,1
4,21,3,2,16,35,1,1,0,0,5,6,0,33,0,1,3,2,3,25,2,1,2,1,0,0,1,1,0,1,99,99,99,99,99,99,0,0,0,0,1,2,1,40135,0,2009,0,GANTZEL RD,99999999999999999999,0000000,33.21323611,-111.5635444,1,1
4,13,3,3,21,2,2,6,0,0,13,6,0,12,6,2,1,5,5,45,1,1,2,1,0,0,3,1,0,0,21,8,21,15,21,33,0,0,0,0,1,3,0,40136,370,2009,0,48TH ST,CARSON RD,0000000,33.38395,-111.9784028,2,1
4,17,3,3,14,35,2,5,0,0,4,9,0,12,1,8,1,1,2,35,2,2,2,1,0,0,1,1,0,0,14,37,14,42,99,99,0,0,0,0,1,3,0,40137,430,2009,0,CONCHO HWY,99999999999999999999,0000000,34.52356667,-110.0436556,2,1
4,21,3,7,6,33,1,1,0,0,5,8,3,1,0,1,6,9,9,99,1,9,2,9,0,0,9,9,0,0,99,99,99,99,88,88,0,0,0,0,1,7,1,40138,0,2009,0,NELSON RD,99999999999999999999,0000000,33.13234167,-111.8711611,1,9
4,21,3,8,20,55,2,2,0,0,6,6,0,12,2,2,1,1,2,35,1,4,2,1,20,3,2,1,0,0,20,55,21,7,99,99,0,0,0,0,1,1,1,40139,0,2009,0,SUNLAND GIN RD,ALSDORF RD,0000000,32.7484,-111.6711389,2,1
4,23,3,8,8,15,1,1,0,0,4,9,0,42,0,1,4,1,2,45,2,2,2,1,0,0,1,1,0,0,99,99,99,99,99,99,0,0,0,0,1,1,0,40140,0,2009,0,ARIVACA RD,99999999999999999999,0000000,31.727,-111.1102306,1,1
4,13,3,9,19,5,1,6,1,0,14,6,0,8,0,3,1,5,4,40,1,1,2,1,2,3,5,1,0,0,19,5,19,11,19,27,0,0,0,0,1,2,0,40141,370,2009,0,SOUTHERN AVE,20TH ST,0000000,33.3929,-112.0387361,1,1
4,13,3,10,16,7,2,2,0,0,13,6,0,12,6,2,1,5,5,40,1,1,2,1,2,3,1,1,0,0,16,8,16,18,99,99,0,0,0,0,1,3,0,40142,370,2009,0,PEORIA AVE,43RD AVE,0000000,33.58192222,-112.1515417,2,1
4,5,3,12,22,30,2,3,0,0,4,8,3,12,2,9,99,9,9,99,9,9,2,9,0,0,2,9,0,0,99,99,99,99,99,99,0,0,0,0,1,5,0,40144,0,2009,0,BIA-15,99999999999999999999,0000000,35.304025,-111.1652889,2,9
4,17,3,14,16,9,1,1,0,0,6,8,3,1,0,9,99,9,9,99,9,9,9,9,0,0,1,9,0,0,99,99,99,99,88,88,0,0,0,0,1,7,0,40145,0,2009,0,BIA-6810,99999999999999999999,0000000,,,1,9
4,19,3,15,23,24,1,3,1,0,4,3,0,8,0,1,1,1,2,55,1,1,2,1,0,0,2,1,0,0,23,24,23,28,88,88,0,0,0,0,1,1,0,40146,407,2009,510,SR-19B,99999999999999999999,0000000,31.99413611,-110.9522583,1,1
4,13,3,15,17,10,2,3,0,0,13,6,0,12,1,4,1,5,6,40,1,1,2,1,0,0,1,1,0,0,17,13,17,16,17,56,0,0,0,0,1,1,0,40147,370,2009,0,35TH AVE,99999999999999999999,0000000,33.63004444,-112.1336639,2,1
4,13,3,18,19,23,2,3,0,0,15,6,0,12,1,1,1,2,3,45,1,1,2,1,0,0,3,1,0,0,99,99,99,99,99,99,0,0,0,0,1,4,1,40148,370,2009,0,DEER VALLEY RD,99999999999999999999,0000000,33.68381667,-112.0738167,2,1
4,13,3,19,20,55,5,5,0,1,12,3,3,12,7,1,1,3,5,65,1,1,2,1,0,0,3,1,0,0,20,54,21,2,21,28,0,0,0,0,1,5,0,40151,0,2009,472,SR-101,99999999999999999999,0000000,33.50228056,-111.8879833,5,1
4,13,3,20,18,15,3,3,0,0,4,8,3,12,2,1,1,1,2,55,1,1,2,1,0,0,1,1,0,0,18,15,18,25,19,0,0,0,0,0,1,6,0,40152,0,2009,0,RIGGS RD,99999999999999999999,0000000,33.21926667,-112.0561278,3,1
4,13,3,21,19,52,1,3,1,0,13,6,0,8,0,1,1,5,5,40,1,1,2,1,0,0,3,1,0,0,19,52,19,56,20,28,0,0,0,0,1,7,0,40153,370,2009,0,THOMAS RD,99999999999999999999,0000000,33.48037778,-112.2007028,1,1
4,1,3,24,99,99,1,2,1,0,4,2,3,8,0,9,99,9,9,99,9,9,2,9,0,0,9,9,0,0,99,99,99,99,99,99,0,0,0,0,1,3,0,40154,0,2009,99999,US-191,99999999999999999999,0000000,36.16057222,-109.5833028,1,9
4,13,3,28,16,54,3,7,0,0,13,6,0,12,1,1,4,5,5,45,1,1,2,1,0,0,1,1,0,0,16,55,17,0,17,27,0,0,0,0,2,7,0,40155,370,2009,0,19TH AVE,99999999999999999999,0000000,33.628025,-112.0997,3,1
4,13,3,28,19,5,2,2,0,0,13,6,0,12,1,1,1,5,5,45,1,1,2,1,0,0,5,1,0,0,19,6,19,12,88,88,0,0,0,0,1,7,1,40156,370,2009,0,51ST AVE,99999999999999999999,0000000,33.45916667,-112.1691444,2,1
4,13,3,28,3,49,1,1,0,0,15,6,0,41,0,1,6,5,4,45,2,1,2,1,0,0,3,1,0,0,3,50,3,55,88,88,0,0,0,0,1,7,1,40157,370,2009,0,PINNACLE PEAK RD,99999999999999999999,0000000,33.69944444,-112.1188806,1,1
4,13,3,29,21,59,1,2,1,0,13,9,3,8,0,1,2,1,2,50,1,1,2,1,0,0,2,1,0,0,21,59,22,12,88,88,0,0,0,0,1,1,0,40158,0,2009,0,51ST AVE,99999999999999999999,0000000,33.32574167,-112.1690167,1,1
4,13,3,29,15,53,1,1,0,0,4,3,0,1,0,1,6,1,2,25,2,2,2,1,0,0,1,1,0,0,15,53,16,16,88,88,0,0,0,0,1,1,0,40159,0,2009,2076,SR-88,99999999999999999999,0000000,33.52816667,-111.4537889,1,1
4,13,4,1,15,2,1,2,0,1,1,1,0,24,0,1,4,3,2,75,1,2,2,1,0,0,1,1,0,0,15,12,15,35,99,99,0,0,0,0,2,4,0,40160,0,2009,2316,I-17,99999999999999999999,0000000,33.90773333,-112.1461417,1,1
4,19,4,1,18,29,1,2,1,1,13,6,0,8,0,3,1,2,3,40,1,1,2,1,3,3,1,1,0,0,18,29,18,33,18,55,0,0,0,0,1,4,0,40161,530,2009,0,GOLF LINKS RD,CAMINO SECO,0000000,32.19193056,-110.8115472,1,1
4,13,4,2,13,23,1,1,0,1,12,3,0,25,0,15,3,3,3,55,1,2,2,1,40,3,1,1,0,1,13,23,13,26,88,88,0,0,0,0,1,5,1,40162,420,2009,357,SR-101,99999999999999999999,0000000,33.65396389,-111.9055194,1,1
4,13,4,2,17,28,1,2,1,0,15,6,0,9,0,1,1,1,2,35,1,1,2,1,0,0,1,1,0,0,17,28,17,33,18,1,0,0,0,0,1,5,0,40164,290,2009,0,HORNE,99999999999999999999,0000000,33.407075,-111.8141278,1,1
4,13,4,2,19,26,1,2,1,0,14,6,0,8,0,1,1,5,4,40,1,1,2,1,0,0,6,1,0,0,19,26,19,31,19,48,0,0,0,0,1,5,0,40166,370,2009,0,VAN BUREN ST,99999999999999999999,0000000,33.45108333,-111.9758222,1,1
4,21,4,3,2,18,1,1,0,1,1,1,0,41,0,1,4,2,2,55,1,1,2,1,0,0,2,1,0,1,2,19,2,39,88,88,0,0,0,0,1,6,1,40167,0,2009,2271,I-10,99999999999999999999,0000000,32.56537778,-111.3160833,1,1
4,7,4,3,14,8,1,1,0,0,4,3,0,1,0,1,6,1,2,55,2,2,2,1,0,0,1,1,0,0,14,7,14,14,15,12,0,0,0,0,1,6,0,40168,0,2009,2570,SR-188,99999999999999999999,0000000,33.80871389,-111.2838639,1,1
4,13,4,4,3,16,2,7,0,1,1,1,0,12,1,1,1,2,2,75,1,1,2,1,0,0,2,1,0,0,3,19,3,40,99,99,0,0,0,0,1,7,1,40169,0,2009,885,I-10,99999999999999999999,0000000,33.51470556,-113.0329667,2,1
4,7,4,4,22,21,2,3,0,0,4,3,0,12,1,1,1,1,2,55,1,1,2,1,0,0,2,1,0,0,22,21,22,40,88,88,0,0,0,0,1,7,2,40170,0,2009,2230,SR-188,99999999999999999999,0000000,33.59611389,-110.9958389,2,1
4,5,4,4,22,45,1,6,0,0,4,2,0,1,0,1,6,1,2,65,1,1,2,1,0,0,2,1,0,0,22,48,23,49,0,27,0,0,0,0,1,7,0,40171,0,2009,5611,US-89A,99999999999999999999,0000000,36.70933611,-111.9661111,1,1
4,15,4,7,14,46,1,1,0,1,1,1,0,36,0,1,4,3,2,75,2,2,2,1,0,0,1,1,0,0,14,47,15,4,15,19,0,0,0,0,1,3,0,40172,0,2009,260,I-15,99999999999999999999,0000000,36.980625,-113.67205,1,1
4,13,4,7,15,41,4,8,0,0,13,6,0,12,5,2,1,1,4,55,1,1,2,1,2,3,1,1,0,0,15,41,15,48,99,99,0,0,0,0,1,3,0,40173,0,2009,0,BUCKEYE RD,91ST AVE,0000000,33.43581111,-112.2551667,4,1
4,25,4,8,99,99,1,1,0,0,4,4,0,1,0,1,99,1,2,35,2,3,2,1,0,0,2,9,0,0,99,99,99,99,88,88,0,0,0,0,1,4,1,40174,0,2009,0,THOMPSON VALLEY RD,99999999999999999999,0000000,,,1,9
4,13,4,8,11,27,1,1,0,0,4,3,0,11,0,1,1,1,2,45,1,1,2,1,0,0,1,1,0,0,11,30,11,42,12,38,0,0,0,0,1,4,1,40175,0,2009,2021,SR-88,99999999999999999999,0000000,33.47639167,-111.4752417,1,1
4,13,4,10,7,4,1,3,2,0,16,6,0,8,0,1,1,5,4,35,1,2,2,1,0,0,1,1,0,0,7,4,7,8,88,88,0,0,0,0,2,6,0,40176,420,2009,0,90TH ST,99999999999999999999,0000000,33.62707222,-111.8867917,1,1
4,9,4,11,17,55,2,8,0,0,13,2,0,12,2,1,1,5,4,35,1,1,2,2,0,0,1,1,0,0,17,57,18,9,99,99,0,0,0,0,2,7,0,40177,410,2009,99999,US-70,99999999999999999999,0000000,32.83492222,-109.7237306,2,1
4,13,4,12,18,42,2,6,0,0,13,6,0,12,6,2,1,5,4,45,1,1,2,1,2,3,1,1,0,0,18,43,18,46,99,99,0,0,0,0,3,1,0,40178,290,2009,0,GILBERT RD,8TH AVE,0000000,33.40084167,-111.7883889,2,1
4,13,4,13,1,46,1,2,0,0,15,6,0,33,0,1,4,5,4,45,1,1,2,1,0,0,3,1,0,0,1,48,2,16,2,45,0,0,0,0,1,2,1,40179,190,2009,0,PECOS RD,99999999999999999999,0000000,33.29210833,-111.7679667,1,1
4,15,4,13,99,99,1,1,0,0,6,9,0,18,0,1,6,1,2,25,1,2,8,1,0,0,2,1,0,0,99,98,99,98,88,88,0,0,0,0,1,2,1,40180,0,2009,0,HALMAR RD,99999999999999999999,0000000,35.08944722,-113.875,1,1
4,9,4,17,99,99,1,2,0,0,6,9,0,1,0,1,6,1,2,0,2,9,5,1,0,0,6,9,0,0,88,88,88,88,88,88,0,0,0,0,2,6,1,40182,0,2009,0,TWILIGHT CAMPGROUND,99999999999999999999,0000000,32.61682222,-109.816675,1,9
4,15,4,19,8,41,1,1,0,1,1,1,0,37,0,1,4,2,2,75,1,1,2,1,0,0,1,1,0,0,8,41,8,45,88,88,0,0,0,0,1,1,0,40185,0,2009,572,I-40,99999999999999999999,0000000,35.206075,-113.9479639,1,1
4,19,4,20,16,18,2,3,0,0,14,3,0,12,2,1,1,1,2,55,1,1,2,1,0,0,1,1,0,0,16,18,16,22,17,16,0,0,0,0,2,2,0,40186,0,2009,1657,SR-86,99999999999999999999,0000000,32.16567778,-111.0920667,2,1
4,9,4,21,0,11,1,1,0,0,6,9,0,35,0,1,4,1,2,99,1,1,5,1,0,0,2,1,0,0,88,88,88,88,88,88,0,0,0,0,1,3,1,40187,0,2009,0,POWERLINE RD,99999999999999999999,0000000,32.77322222,-109.70765,1,1
4,25,4,23,10,43,3,5,0,1,2,2,0,12,2,1,1,1,2,65,1,1,2,1,0,0,1,1,0,0,10,45,11,0,99,99,0,0,0,0,2,5,0,40188,0,2009,1919,US-93,99999999999999999999,0000000,34.03971111,-112.8303583,3,1
4,27,4,23,15,45,1,4,0,0,6,9,0,35,0,2,4,1,2,65,1,1,5,5,0,0,1,1,0,0,15,52,16,10,99,99,0,0,0,0,1,5,0,40189,0,2009,0,GLENDALE RD,CAMINO DEL SAGUARO,0000000,32.83279444,-113.5345167,1,1
4,25,4,25,23,56,1,2,0,1,1,1,0,1,0,1,4,2,2,75,1,2,2,1,0,0,2,1,0,0,23,57,0,11,1,21,0,0,0,0,1,7,1,40190,0,2009,2567,I-17,99999999999999999999,0000000,34.244725,-112.1138194,1,1
4,13,4,26,10,46,1,1,0,0,16,6,0,33,0,3,4,2,1,25,1,1,2,1,0,0,1,1,0,0,10,49,10,54,11,33,0,0,0,0,1,1,0,40191,158,2009,0,ACOMA DR,127TH AVE,0000000,33.61609722,-112.3355111,1,1
4,17,4,27,15,9,3,3,0,0,4,9,0,12,2,8,1,1,2,50,1,1,2,1,0,0,1,1,0,0,15,10,15,19,88,88,0,0,0,0,1,2,0,40192,430,2009,0,SNOWFLAKE BLVD,99999999999999999999,0000000,,,3,1
4,5,4,28,22,20,2,3,0,1,1,1,0,12,2,1,1,2,2,75,1,1,2,1,0,0,2,1,0,0,22,20,22,34,23,15,0,0,0,0,1,3,1,40193,0,2009,2125,I-40,99999999999999999999,0000000,35.19325833,-111.3867111,2,1
4,5,4,29,1,40,1,5,1,1,11,1,0,8,0,1,1,2,2,65,1,1,2,1,0,0,2,1,0,0,1,42,1,56,99,99,0,0,0,0,1,4,0,40194,170,2009,2002,I-40,99999999999999999999,0000000,35.21039444,-111.5961806,1,1
4,13,4,29,18,26,3,11,0,1,12,3,0,29,0,13,8,6,1,65,1,1,2,1,0,0,1,1,0,0,18,26,18,32,99,99,0,14,0,0,1,4,0,40195,370,2009,490,SR-202 RAMP,99999999999999999999,0000000,33.28742778,-111.8709694,3,1
4,1,2,4,21,35,1,2,0,0,5,3,3,1,0,1,2,9,9,99,9,9,2,9,0,0,6,9,0,0,99,99,99,99,99,99,0,0,0,0,1,4,1,40196,0,2009,4248,SR-61,99999999999999999999,0000000,34.98041389,-109.1283778,1,9
4,21,4,25,12,35,2,3,0,0,3,3,0,12,2,1,1,1,3,55,2,2,2,1,40,3,1,1,0,0,12,40,12,55,99,99,0,0,0,0,1,7,0,40197,0,2009,1065,SR-77,99999999999999999999,0000000,32.64550833,-110.7211917,2,1
4,17,4,27,15,35,2,5,0,0,4,3,3,12,2,1,1,1,2,55,1,1,2,1,0,0,1,1,0,0,16,50,16,57,18,0,0,0,0,0,2,2,1,40198,0,2009,3571,SR-73,99999999999999999999,0000000,34.07157222,-109.9081694,2,1
4,21,4,14,16,56,1,1,0,0,6,6,0,33,0,1,4,2,1,35,2,1,2,1,40,3,1,7,0,0,16,57,16,57,88,88,0,0,0,0,1,3,0,40199,297,2009,0,RANCHO MIRAGE BLVD,99999999999999999999,0000000,33.05639722,-111.9712194,1,7
4,19,4,1,10,5,2,4,0,0,13,9,0,12,1,3,1,2,2,45,1,2,2,1,2,3,1,1,0,0,10,5,10,10,88,88,0,0,0,0,1,4,0,40200,0,2009,0,SWAN RD,RIVER RD,0000000,32.2791,-110.8925667,2,1
4,13,4,1,7,27,2,2,0,0,15,9,0,12,6,8,1,1,2,45,1,1,2,1,0,0,1,1,0,0,7,27,7,39,99,99,0,0,0,0,1,4,0,40201,0,2009,0,JACKRABBIT TRL,99999999999999999999,0000000,33.44005556,-112.4788306,2,1
4,21,4,13,6,28,2,2,0,0,3,2,0,12,2,1,1,2,2,65,1,1,2,1,40,3,4,1,0,0,6,29,6,44,7,33,0,0,0,0,1,2,0,40202,0,2009,2000,US-60,99999999999999999999,0000000,33.37916389,-111.4904444,2,1
4,21,3,10,99,99,1,1,1,0,6,9,0,8,0,1,1,1,2,99,9,9,5,1,0,0,6,9,0,0,99,99,99,97,99,97,0,0,0,0,1,3,0,40203,0,2009,0,GAS LINE RD,99999999999999999999,0000000,,,1,9
4,13,4,1,13,42,2,3,0,0,13,6,0,12,6,2,1,5,5,40,1,1,2,1,20,3,1,1,0,0,99,99,99,99,99,99,0,0,0,0,1,4,0,40204,370,2009,0,51ST AVE,VERNON AVE,0000000,33.47358056,-112.1690528,2,1
4,13,4,3,8,1,1,4,0,0,16,8,3,1,0,9,99,1,2,99,1,9,9,9,0,0,1,9,0,0,99,99,99,99,99,99,0,0,0,0,1,6,0,40205,0,2009,0,MESA DR,99999999999999999999,0000000,33.50958889,-111.8220667,1,9
4,13,4,5,14,34,2,6,0,0,13,6,0,12,5,2,1,5,5,45,1,1,2,1,2,3,1,1,0,0,99,99,99,99,99,99,0,0,0,0,3,1,0,40206,370,2009,0,51ST AVE,VAN BUREN AVE,0000000,33.45123056,-112.169125,2,1
4,13,4,5,3,7,2,3,0,0,14,6,0,12,6,2,1,5,4,40,1,1,2,1,2,3,3,1,0,0,3,7,3,11,99,99,0,0,0,0,1,1,1,40207,370,2009,0,7TH AVE,ROESER RD,0000000,33.39926667,-112.0819667,2,1
4,13,4,7,22,41,1,2,1,0,14,6,0,8,0,1,1,5,5,40,1,1,2,1,0,0,3,1,0,0,22,41,22,46,22,59,0,0,0,0,1,3,0,40208,370,2009,0,NORTHERN AVE,99999999999999999999,0000000,33.55306944,-112.1193778,1,1
4,19,4,3,1,53,1,1,0,0,16,6,0,33,0,2,4,1,2,99,2,1,2,9,0,0,6,9,0,0,99,99,99,99,88,88,0,0,0,0,1,6,1,40210,530,2009,0,PLACITA SACRA,AVENIDA ORGULLO,0000000,32.25366667,-110.8361278,1,9
4,13,4,12,15,19,1,2,1,0,6,8,3,9,0,1,1,9,9,45,1,1,2,1,0,0,1,1,0,0,15,20,15,20,88,88,0,0,0,0,1,1,1,40213,0,2009,0,MARICOPA RD,99999999999999999999,0000000,,,1,1
4,13,4,15,14,38,1,2,1,0,13,6,0,8,0,1,1,5,5,40,1,1,2,1,0,0,1,1,0,0,14,38,14,42,14,54,0,0,0,0,1,4,1,40214,370,2009,0,19TH AVE,99999999999999999999,0000000,33.50958056,-112.0998972,1,1
4,13,4,15,22,46,2,3,0,0,14,6,0,12,5,10,1,2,3,40,1,1,1,1,2,3,3,1,0,0,22,47,22,58,99,99,0,0,0,0,1,4,0,40215,370,2009,0,43RD AVE,I-10 RAMP,0000000,33.46252778,-112.1517861,2,1
4,13,4,16,19,54,2,6,0,0,16,9,0,12,2,1,1,1,2,50,1,1,2,1,0,0,2,1,0,0,19,54,20,0,99,99,0,0,0,0,1,5,0,40216,0,2009,0,BELOAT RD,99999999999999999999,0000000,33.36295556,-112.4915889,2,1
4,13,4,16,18,28,1,3,0,0,14,6,0,33,0,1,4,5,4,45,1,1,2,1,0,0,1,1,0,0,18,29,18,34,18,50,0,0,0,0,3,5,1,40217,370,2009,0,40TH ST,99999999999999999999,0000000,33.39770278,-111.9954972,1,1
4,19,4,18,5,0,1,13,0,1,11,1,0,1,0,15,1,2,2,65,1,1,2,2,0,0,4,1,0,0,5,1,5,15,6,0,0,0,0,0,5,7,0,40218,0,2009,393,I-19,99999999999999999999,0000000,31.84951111,-110.9942722,1,1
4,21,4,18,13,33,2,4,0,1,1,1,3,12,6,1,1,2,2,75,1,1,2,1,0,0,1,1,0,0,13,33,13,43,99,99,0,0,0,0,1,7,0,40219,0,2009,1671,I-10,99999999999999999999,0000000,33.22375,-111.9238722,2,1
4,15,1,30,99,99,1,1,0,0,4,3,3,1,0,1,4,1,2,99,1,9,2,9,0,0,6,9,0,0,99,98,99,98,88,88,0,0,0,0,1,6,1,40220,0,2009,986,SR-66,99999999999999999999,0000000,35.51311944,-113.5051639,1,9
4,13,2,26,10,8,1,2,1,0,13,6,0,9,0,1,1,5,7,35,1,1,2,1,0,0,1,1,0,0,10,6,10,12,10,22,0,16,0,0,1,5,0,40221,370,2009,0,INDIAN SCHOOL RD,99999999999999999999,0000000,33.49499722,-112.0954528,1,1
4,13,4,24,10,24,2,3,0,0,3,6,0,12,5,2,1,5,4,45,1,1,2,1,2,3,1,1,0,0,10,25,10,28,10,49,0,0,0,0,1,6,0,40222,370,2009,0,UNION HILLS DR,7TH AVE,0000000,33.65462222,-112.0828167,2,1
4,13,4,24,18,56,2,2,0,0,13,6,0,12,2,2,1,5,6,40,1,1,2,1,2,3,5,1,0,0,18,57,19,1,19,10,0,0,0,0,1,6,0,40223,370,2009,0,19TH AVE,NORTHERN AVE,0000000,33.55311667,-112.0996972,2,1
4,21,4,18,10,30,2,5,0,0,16,6,0,12,5,8,1,5,2,25,1,1,2,1,0,0,1,1,0,0,10,30,10,40,99,99,0,0,0,0,2,7,0,40224,70,2009,0,MCCARTNEY RD,99999999999999999999,0000000,32.93847778,-111.752425,2,1
4,13,5,2,3,28,1,4,0,0,16,6,0,33,0,9,4,9,9,30,1,1,2,1,20,3,3,1,0,0,3,30,3,40,99,99,0,0,0,0,1,7,0,40226,30,2009,0,119TH AVE,ENCANTO BLVD,0000000,33.47146944,-112.3152583,1,1
4,19,5,2,10,36,1,2,0,0,4,6,0,35,0,1,6,1,2,35,1,4,5,5,0,0,1,1,0,0,10,36,99,99,99,99,0,0,0,0,1,7,0,40227,530,2009,0,WILMOT RD,99999999999999999999,0000000,32.03725833,-110.8590889,1,1
4,13,5,3,2,38,2,2,0,1,12,3,0,12,2,1,1,3,3,65,2,1,2,1,0,0,3,1,0,0,2,38,3,2,99,99,0,0,0,0,1,1,1,40228,370,2009,8,SR-51,99999999999999999999,0000000,33.46176111,-112.0371889,2,1
4,13,5,6,15,6,1,2,0,1,1,1,0,1,0,1,4,2,2,75,1,1,2,1,0,0,1,1,0,0,15,10,15,20,99,99,0,0,0,0,1,4,0,40229,0,2009,1071,I-10,99999999999999999999,0000000,33.44911111,-112.7205472,1,1
4,13,5,8,12,49,1,1,0,1,2,2,0,35,0,1,4,2,2,65,1,1,2,1,0,0,1,1,0,0,12,53,13,1,14,13,0,0,0,0,1,6,1,40230,0,2009,1138,US-60,99999999999999999999,0000000,33.95550278,-112.709775,1,1
4,25,5,8,16,18,2,3,0,0,3,3,0,12,2,1,1,1,2,55,1,1,2,1,0,0,1,1,0,0,16,18,16,27,99,99,0,0,0,0,1,6,1,40231,65,2009,99999,SR-260,99999999999999999999,0000000,34.53299722,-111.8117778,2,1
4,25,5,8,23,33,1,1,0,0,3,3,0,52,0,3,4,1,2,25,2,2,2,1,0,0,2,1,0,0,23,33,23,33,88,88,0,0,0,0,1,6,1,40232,65,2009,99999,SR-260,7TH ST,0000000,34.55793611,-111.8610222,1,1
4,19,5,9,2,23,1,1,0,0,16,6,0,27,0,3,6,1,2,35,2,1,2,1,40,3,2,1,0,0,2,23,2,30,99,99,0,0,0,0,1,7,1,40233,0,2009,0,CAMINO DE LA TIERRA,HIGHWAY DR,0000000,32.30556111,-111.0374667,1,1
4,21,5,9,8,53,2,5,0,0,3,3,0,52,0,1,4,1,2,65,2,2,2,1,0,0,1,1,0,0,8,53,9,19,10,8,0,0,0,0,3,7,0,40234,0,2009,1044,SR-79,99999999999999999999,0000000,32.68641944,-111.0759944,2,1
4,3,5,10,14,14,1,2,0,1,1,1,0,1,0,1,4,2,2,75,1,2,2,1,0,0,1,1,0,0,14,24,15,2,99,99,0,0,0,0,1,1,0,40236,0,2009,3851,I-10,99999999999999999999,0000000,32.25041944,-109.1489972,1,1
4,25,5,11,2,50,1,2,0,0,15,6,0,33,0,3,4,1,2,25,1,1,2,1,0,0,2,1,0,0,2,57,3,5,3,39,0,0,0,0,1,2,1,40237,386,2009,0,ROBINSON DR,FLATAU DR,0000000,34.54365833,-112.4503972,1,1
4,5,5,14,11,47,1,1,0,0,4,3,3,5,0,1,2,1,2,65,2,2,2,1,0,0,1,1,0,0,11,47,12,15,99,99,0,0,0,0,1,5,0,40238,0,2009,3292,SR-98,99999999999999999999,0000000,36.57645556,-111.1176972,1,1
4,25,5,15,13,54,1,1,0,1,1,1,0,24,0,1,4,3,2,65,2,2,2,1,0,0,1,1,0,0,13,55,14,10,88,88,0,0,0,0,1,6,0,40239,0,2009,2495,I-17,99999999999999999999,0000000,34.15496667,-112.1463194,1,1
4,13,5,16,10,27,2,2,0,1,11,1,0,12,1,1,1,3,7,65,1,1,2,1,0,0,1,1,0,0,99,99,99,99,99,99,0,0,0,0,1,7,0,40240,490,2009,1539,I-10,99999999999999999999,0000000,33.40270278,-111.9679028,2,1
4,19,5,17,19,15,2,2,0,0,14,6,0,12,4,2,1,2,2,45,1,1,2,1,2,3,5,1,0,0,19,15,19,22,20,14,0,0,0,0,1,1,0,40241,0,2009,0,PALO VERDE RD,BENSON HWY,0000000,32.15213056,-110.9176722,2,1
4,21,5,21,99,99,1,1,0,0,3,3,0,31,0,1,4,1,3,55,2,2,2,1,0,0,2,1,0,0,4,0,4,11,88,88,0,0,0,0,1,5,1,40242,0,2009,1035,SR-77,99999999999999999999,0000000,32.625125,-110.7468556,1,1
4,15,5,21,7,41,2,4,1,1,1,1,0,8,0,1,1,2,2,75,1,1,2,1,0,0,1,1,0,0,7,55,8,0,88,88,0,0,0,0,1,5,0,40243,0,2009,642,I-40,99999999999999999999,0000000,35.19233611,-113.826375,2,1
4,13,5,21,14,13,2,2,0,0,14,6,0,12,5,2,1,5,2,45,1,1,2,1,2,3,1,1,0,0,14,13,14,17,14,42,0,0,0,0,1,5,0,40244,0,2009,0,OLIVE AVE,107TH AVE,0000000,33.56565278,-112.2898278,2,1
4,15,5,25,15,5,1,11,0,1,1,1,0,1,0,1,3,2,2,75,1,1,2,1,0,0,1,1,0,0,15,5,15,20,99,99,0,0,0,0,1,2,0,40247,0,2009,265,I-15,99999999999999999999,0000000,36.98071667,-113.6641917,1,1