STATE,COUNTY,MONTH,DAY,HOUR,MINUTE,VE_TOTAL,PERSONS,PEDS,NHS,ROAD_FNC,ROUTE,SP_JUR,HARM_EV,MAN_COLL,REL_JUNC,REL_ROAD,TRAF_FLO,NO_LANES,SP_LIMIT,ALIGNMNT,PROFILE,PAVE_TYP,SUR_COND,TRA_CONT,T_CONT_F,LGT_COND,WEATHER1,WEATHER2,WRK_ZONE,NOT_HOUR,NOT_MIN,ARR_HOUR,ARR_MIN,HOSP_HR,HOSP_MN,SCH_BUS,CF1,CF2,CF3,FATALS,DAY_WEEK,DRUNK_DR,ST_CASE,CITY,YEAR,MILEPT,TWAY_ID,TWAY_ID2,RAIL,LATITUDE,LONGITUD,VE_FORMS,WEATHER
4,13,5,25,21,25,4,11,0,1,1,1,0,12,2,15,1,2,2,55,1,1,2,1,0,0,2,1,0,1,21,29,21,35,22,29,0,0,0,0,2,2,1,40248,0,2009,2244,I-17,99999999999999999999,0000000,33.80425556,-112.13655,4,1
4,17,5,25,21,47,1,2,0,1,1,1,0,52,0,15,4,2,2,75,1,2,2,1,0,0,2,1,0,0,21,51,22,8,99,99,0,0,0,0,1,2,0,40249,0,2009,3037,I-40,99999999999999999999,0000000,35.00131944,-109.8972167,1,1
4,13,1,18,1,8,1,2,0,0,13,6,3,33,0,3,3,2,2,45,1,1,2,1,2,3,3,1,0,0,1,8,1,22,1,53,0,0,0,0,1,1,1,40252,0,2009,0,MCDOWELL RD,SR-51 RAMP,0000000,33.465775,-111.8869389,1,1
4,13,2,25,17,19,1,1,0,0,14,6,0,33,0,1,3,2,2,40,1,1,2,1,0,0,1,1,0,0,99,99,99,99,99,99,0,0,0,0,1,4,1,40253,200,2009,0,CACTUS RD,99999999999999999999,0000000,33.59638889,-112.1869639,1,1
4,21,5,11,21,30,2,2,0,0,3,3,0,12,5,2,1,2,3,99,1,1,2,1,2,3,3,1,0,0,21,23,21,30,22,19,0,0,0,0,1,2,1,40254,297,2009,1746,SR-347,SMITH ENKE RD,0000000,33.07246667,-112.0442972,2,1
4,5,5,12,12,47,1,2,0,1,1,1,0,27,0,1,3,2,2,75,1,1,2,1,0,0,1,1,0,0,12,47,12,56,14,55,0,0,0,0,1,3,0,40255,0,2009,2457,I-40,99999999999999999999,0000000,35.06577778,-110.830275,1,1
4,5,5,20,17,40,2,2,0,1,2,3,0,12,5,1,1,1,2,45,2,2,2,1,0,0,1,1,0,0,17,39,17,44,19,2,0,0,0,0,1,4,1,40256,0,2009,1859,SR-64,99999999999999999999,0000000,35.27261944,-112.1485028,2,1
4,5,5,27,12,57,1,2,0,0,4,3,0,42,0,1,6,1,2,55,1,1,2,1,0,0,1,1,0,0,12,57,13,0,15,18,0,0,0,0,2,4,0,40257,0,2009,3041,SR-87,99999999999999999999,0000000,34.63011944,-111.1161639,1,1
4,7,5,29,13,30,1,2,0,0,3,2,0,31,0,1,6,1,2,55,1,2,2,1,0,0,1,1,0,0,13,36,13,40,15,10,0,0,0,0,1,6,0,40258,0,2009,2423,US-60,99999999999999999999,0000000,33.38350833,-110.8924333,1,1
4,9,4,5,4,1,2,3,0,0,3,2,3,12,2,1,1,1,2,65,1,2,2,1,0,0,2,1,0,0,99,99,99,99,99,99,0,0,0,0,1,1,1,40260,0,2009,2860,US-70,99999999999999999999,0000000,33.22120556,-110.2226111,2,1
4,7,5,29,0,55,1,3,1,0,6,8,3,8,0,1,1,1,2,35,9,9,2,1,0,0,2,1,0,0,99,99,99,99,88,88,0,0,0,0,1,6,0,40261,416,2009,0,ARAVAIPA RD,99999999999999999999,0000000,,,1,1
4,13,1,2,8,4,1,1,0,1,12,3,0,25,0,15,3,3,4,65,1,1,2,1,0,0,1,1,0,0,8,4,8,8,8,30,0,0,0,0,1,6,0,40262,370,2009,70,SR-51,99999999999999999999,0000000,33.55851667,-112.0380389,1,1
4,3,5,17,11,41,2,3,0,1,1,1,0,12,7,1,1,2,2,75,2,1,2,1,0,0,1,1,0,0,11,41,99,99,99,99,0,0,0,0,1,1,0,40263,0,2009,3018,I-10,99999999999999999999,0000000,31.96213056,-110.356175,2,1
4,13,5,24,1,38,2,3,0,1,13,3,0,12,2,1,1,1,2,50,1,1,2,1,0,0,2,1,0,0,99,99,99,99,99,99,0,0,0,0,1,1,1,40264,220,2009,66,SR-303,99999999999999999999,0000000,33.49978611,-112.4191167,2,1
4,21,3,18,20,32,1,4,1,0,13,3,0,8,0,1,1,5,4,45,1,2,2,1,0,0,6,1,0,0,99,99,99,99,99,99,0,0,0,0,1,4,0,40265,70,2009,99999,SR-287,99999999999999999999,0000000,32.87962222,-111.6904972,1,1
4,13,3,21,1,14,3,1,0,0,14,6,0,33,0,1,3,2,1,25,2,1,2,1,0,0,3,1,0,0,1,14,1,23,88,88,0,0,0,0,1,7,1,40266,0,2009,0,PEORIA AVE,99999999999999999999,0000000,33.58042778,-112.2738889,1,1
4,25,4,7,10,55,2,4,0,0,14,9,0,12,2,2,1,1,4,45,1,1,2,1,3,3,1,1,0,0,10,57,11,2,11,33,0,0,0,0,1,3,0,40267,0,2009,0,WILLOW CREEK RD,PIONEER PKWY,0000000,34.62916944,-112.4392361,2,1
4,13,4,23,16,51,2,2,0,0,13,6,0,12,2,2,1,2,2,40,1,1,2,1,2,3,1,1,0,0,16,52,16,55,17,14,0,0,0,0,1,5,0,40268,200,2009,0,59TH AVE,BETHANY HOME RD,0000000,33.524075,-112.1863056,2,1
4,13,5,17,19,2,1,1,0,0,5,9,0,24,0,1,4,1,2,45,2,1,2,1,40,3,1,1,0,0,19,2,19,12,99,99,0,0,0,0,1,1,1,40269,0,2009,0,NEW RIVER RD,99999999999999999999,0000000,33.91561667,-112.0980389,1,1
4,13,5,20,16,9,2,3,0,0,6,9,0,12,7,1,2,1,2,45,1,1,2,1,0,0,1,1,0,0,16,9,16,15,17,0,0,0,0,0,1,4,0,40270,0,2009,0,27TH AVE,99999999999999999999,0000000,33.93857222,-112.1173722,2,1
4,19,5,29,7,2,1,2,1,1,13,6,0,9,0,1,2,2,2,99,1,1,2,2,0,0,1,1,0,0,99,99,99,99,88,88,0,0,0,0,1,6,1,40271,530,2009,0,ALVERNON WAY,99999999999999999999,0000000,32.22002222,-110.909725,1,1
4,13,5,9,8,12,1,3,2,0,13,6,0,33,0,1,4,5,5,40,1,1,2,1,0,0,1,1,0,0,8,13,8,16,8,35,0,0,0,0,1,7,0,40272,370,2009,0,GREENWAY RD,99999999999999999999,0000000,33.62559167,-112.1003472,1,1
4,13,5,15,21,36,2,5,0,0,13,6,0,12,6,8,1,2,3,45,1,2,2,1,0,0,3,1,0,0,21,40,21,42,21,53,0,0,0,0,1,6,1,40273,370,2009,0,7TH ST,99999999999999999999,0000000,33.59481667,-112.0658,2,1
4,13,3,11,16,20,2,4,0,0,13,6,0,12,4,2,1,2,3,40,1,1,2,1,2,3,1,1,0,0,99,99,99,99,99,99,0,0,0,0,1,4,0,40274,370,2009,0,DUNLAP AVE,43RD AVE,0000000,33.56753333,-112.1516389,2,1
4,5,4,12,1,48,1,2,0,0,6,9,3,99,99,9,99,9,9,99,9,9,9,9,0,0,6,9,0,0,99,99,99,99,99,99,0,0,0,0,2,1,0,40275,0,2009,0,BIA-608,99999999999999999999,0000000,,,1,9
4,13,4,13,20,56,2,3,0,0,14,6,0,12,5,8,1,5,4,40,1,1,2,1,0,0,3,1,0,0,20,57,21,5,21,28,0,0,0,0,1,2,0,40276,370,2009,0,91ST AVE,99999999999999999999,0000000,33.46614722,-112.2552444,2,1
4,13,4,19,3,0,1,1,0,0,15,6,0,33,0,1,3,2,2,40,1,1,2,1,0,0,3,1,0,0,3,1,99,99,88,88,0,0,0,0,1,1,1,40277,220,2009,0,LITCHFIELD RD,99999999999999999999,0000000,33.48607778,-112.3624778,1,1
4,7,5,1,21,7,1,3,0,0,4,8,3,37,0,1,4,1,2,55,9,9,2,1,0,0,2,1,0,0,99,99,99,99,99,99,0,0,0,0,1,6,1,40278,0,2009,0,BIA-6,99999999999999999999,0000000,33.36637778,-110.5655472,1,1
4,19,5,3,17,0,1,2,0,0,6,8,3,1,0,1,6,1,2,50,1,1,2,1,0,0,1,1,0,0,99,99,99,99,88,88,0,0,0,0,2,1,1,40279,0,2009,0,BIA-1,99999999999999999999,0000000,32.01761111,-112.5817972,1,1
4,13,5,5,10,47,2,2,0,0,14,6,0,12,2,2,1,5,5,35,1,1,2,1,0,0,1,1,0,0,10,47,10,50,11,7,0,0,0,0,1,3,0,40280,370,2009,0,16TH ST,MEDLOCK DR,0000000,33.511025,-112.0475389,2,1
4,21,5,7,5,58,2,3,0,0,3,3,3,12,4,2,1,1,2,55,1,1,2,1,0,0,1,1,0,0,5,58,6,8,6,53,0,0,0,0,1,5,0,40281,0,2009,2217,SR-587,SESAME RD,0000000,33.16118056,-111.8409806,2,1
4,13,5,9,19,38,1,4,1,0,14,6,0,8,0,3,1,5,5,40,1,1,2,1,2,3,3,1,0,0,19,39,19,42,88,88,0,0,0,0,1,7,1,40282,370,2009,0,67TH AVE,CAMPBELL AVE,0000000,33.50211111,-112.2031917,1,1
4,13,5,9,15,28,4,6,0,0,14,6,0,12,1,1,1,5,5,40,1,1,2,1,0,0,1,1,0,0,15,28,15,37,88,88,0,14,0,0,1,7,1,40283,370,2009,0,NORTHERN AVE,99999999999999999999,0000000,33.55308889,-112.1425333,4,1
4,12,5,27,21,34,1,1,0,1,1,1,0,1,0,1,4,2,2,75,1,2,2,1,0,0,2,1,0,0,21,31,21,56,23,19,0,0,0,0,1,4,0,40284,0,2009,395,I-10,99999999999999999999,0000000,33.64425833,-113.8679667,1,1
4,13,5,13,12,33,3,3,0,0,13,6,0,12,2,1,1,5,5,40,1,1,2,1,0,0,1,1,0,0,99,99,99,99,99,99,0,0,0,0,1,4,0,40285,370,2009,0,51ST AVE,99999999999999999999,0000000,33.64161944,-112.1690972,3,1
4,1,5,10,12,26,1,6,0,0,3,3,3,1,0,9,1,9,9,99,9,9,2,9,0,0,1,9,0,0,99,99,99,99,99,99,0,0,0,0,2,1,0,40286,0,2009,4200,SR-264,99999999999999999999,0000000,,,1,9
4,3,5,14,15,48,1,2,0,0,6,9,0,35,0,1,4,1,2,35,1,1,5,1,0,0,1,1,0,0,15,48,16,15,99,99,0,0,0,0,1,5,0,40287,0,2009,0,RANCH HOUSE RD,99999999999999999999,0000000,32.39861667,-109.9287333,1,1
4,13,5,18,14,32,2,2,0,0,3,6,0,12,2,2,1,5,4,40,1,1,2,1,2,3,1,1,0,0,14,33,14,38,14,56,0,0,0,0,1,2,1,40288,370,2009,0,40TH ST,THUNDERBIRD RD,0000000,33.611875,-111.9959333,2,1
4,13,5,21,19,40,1,2,1,0,14,6,0,8,0,1,1,5,5,45,1,1,2,2,0,0,3,2,0,0,19,41,19,46,20,7,0,0,0,0,1,5,0,40289,370,2009,0,MCDOWELL RD,99999999999999999999,0000000,33.46596389,-112.15885,1,2
4,13,5,22,22,51,2,2,0,0,13,6,0,12,6,2,1,5,4,45,1,1,2,1,2,3,3,1,0,0,22,51,22,53,99,99,0,0,0,0,1,6,0,40290,370,2009,0,19TH AVE,DEER VALLEY RD,0000000,33.68368056,-112.0998972,2,1
4,13,5,30,2,5,1,1,0,0,14,6,0,30,0,1,6,5,4,35,1,1,2,1,0,0,3,1,0,0,2,8,2,12,2,20,0,0,0,0,1,7,1,40291,370,2009,0,16TH ST,99999999999999999999,0000000,33.47067778,-112.0477583,1,1
4,13,5,31,17,53,2,7,0,0,13,6,0,12,1,1,1,2,2,45,1,1,2,1,0,0,1,1,0,0,99,99,99,99,99,99,0,0,0,0,1,1,0,40292,370,2009,0,CAVE CREEK RD,99999999999999999999,0000000,33.682025,-112.0311778,2,1
4,19,6,1,15,23,1,1,0,1,1,1,0,1,0,1,3,2,2,75,1,1,2,1,0,0,1,1,0,0,15,23,15,32,88,88,0,0,0,0,1,2,0,40293,0,2009,330,I-19,99999999999999999999,0000000,31.76584722,-111.0360222,1,1
4,21,6,2,5,0,1,1,0,0,3,3,3,29,0,8,6,2,2,45,1,1,2,1,3,3,3,1,0,0,5,6,5,9,6,10,0,0,0,0,1,3,0,40294,0,2009,1712,SR-347,99999999999999999999,0000000,33.02406389,-112.0480806,1,1
4,19,6,3,1,43,4,2,0,1,11,1,0,14,1,15,2,3,3,65,1,2,2,1,0,0,2,1,0,0,1,46,2,2,99,99,0,0,0,0,1,4,0,40295,530,2009,2501,I-10,99999999999999999999,0000000,32.32228611,-111.05075,1,1
4,3,6,3,14,2,1,17,0,1,1,1,0,1,0,1,1,3,2,75,1,1,2,1,0,0,1,1,0,0,14,2,14,7,99,99,0,0,0,0,6,4,0,40296,0,2009,3174,I-10,99999999999999999999,0000000,32.02638333,-110.1074972,1,1
4,3,6,4,9,2,1,2,0,1,1,1,0,32,0,1,4,2,2,75,1,1,2,1,0,0,1,1,0,0,9,3,9,13,9,45,0,0,0,0,1,5,0,40297,0,2009,3469,I-10,99999999999999999999,0000000,32.33175,-109.7668778,1,1
4,23,6,6,23,55,1,27,0,0,4,3,0,1,0,1,1,1,2,65,1,2,2,2,0,0,2,1,0,0,99,99,99,99,99,99,0,0,0,0,11,7,0,40299,0,2009,355,SR-82,99999999999999999999,0000000,31.69311944,-110.6060917,1,1
4,25,6,6,5,44,1,2,0,1,1,1,0,24,0,1,3,3,2,75,2,2,2,1,40,3,4,1,0,0,5,43,6,1,99,99,0,0,0,0,1,7,0,40300,0,2009,3007,I-17,99999999999999999999,0000000,34.71050833,-111.7336111,1,1
4,25,6,8,8,25,1,1,0,0,4,3,0,24,0,1,4,3,2,45,2,2,2,1,0,0,1,1,0,0,8,32,8,50,88,88,0,0,0,0,1,2,0,40301,0,2009,2745,SR-89,99999999999999999999,0000000,34.20112778,-112.7663861,1,1
4,19,6,8,23,6,1,2,1,0,14,9,0,8,0,1,1,5,4,45,1,1,2,1,0,0,2,1,0,0,23,6,23,10,99,99,0,0,0,0,1,2,0,40302,0,2009,0,PALO VERDE RD,99999999999999999999,0000000,32.15613611,-110.9176083,1,1
4,25,6,9,22,15,1,2,1,1,1,1,0,8,0,1,1,3,2,75,1,1,2,1,0,0,2,1,0,0,22,15,23,8,88,88,0,0,0,0,1,3,0,40303,0,2009,1023,I-40,99999999999999999999,0000000,35.24135,-113.1981667,1,1
4,17,6,10,15,29,2,7,0,1,2,2,0,12,7,1,1,1,2,65,1,2,2,1,40,3,1,1,0,0,15,29,15,39,99,99,0,0,0,0,2,4,0,40304,0,2009,3483,US-60,99999999999999999999,0000000,34.27226389,-109.9155722,2,1
4,19,6,10,21,22,1,4,1,0,14,6,0,8,0,1,1,5,4,35,1,1,2,1,0,0,3,1,0,0,21,22,21,26,21,44,0,0,0,0,1,4,0,40305,530,2009,0,12TH AVE,99999999999999999999,0000000,32.15126667,-110.977575,1,1
4,5,6,11,8,55,1,2,0,1,1,1,0,1,0,1,4,2,2,75,2,2,2,1,0,0,1,1,0,0,9,1,9,20,99,99,0,0,0,0,1,5,0,40306,0,2009,1756,I-40,99999999999999999999,0000000,35.24821389,-111.9832667,1,1
4,25,6,11,14,12,1,1,0,1,1,1,0,1,0,1,4,2,2,75,2,1,2,1,0,0,1,1,0,0,14,14,14,22,99,99,0,0,0,0,1,5,1,40307,0,2009,2906,I-17,99999999999999999999,0000000,34.614375,-111.851625,1,1
4,19,6,12,20,7,1,3,1,0,15,6,0,8,0,1,1,1,2,45,1,1,2,1,0,0,2,1,0,0,20,8,20,10,20,32,0,0,0,0,1,6,0,40308,530,2009,0,CALLE SANTA CRUZ,99999999999999999999,0000000,32.15963611,-110.9908722,1,1
4,13,6,14,21,33,1,4,0,0,13,4,0,18,0,1,1,1,2,25,2,1,2,1,40,3,2,1,0,1,21,33,21,46,22,25,0,0,0,0,1,1,1,40309,0,2009,0,MC-85,99999999999999999999,0000000,33.37845833,-112.4595583,1,1
4,19,6,17,18,48,1,1,0,0,6,9,0,1,0,1,6,1,2,99,1,9,2,1,0,0,1,1,0,0,18,48,19,15,19,53,0,0,0,0,1,4,1,40310,0,2009,0,ANWAY RD,99999999999999999999,0000000,32.40419444,-111.3213556,1,1
4,25,6,18,12,20,2,4,0,0,3,3,0,12,5,2,1,2,2,35,1,1,2,1,3,3,1,1,0,0,12,20,12,24,99,99,0,0,0,0,1,5,0,40311,65,2009,2186,SR-260,I-17 RAMP,0000000,34.57902222,-111.8846806,2,1
4,21,6,20,3,29,1,1,0,0,6,9,0,24,0,1,4,1,2,45,2,1,2,1,0,0,2,1,0,0,3,31,3,38,88,88,0,0,0,0,1,7,1,40313,297,2009,0,HONEYCUTT RD,99999999999999999999,0000000,33.05835,-111.9941556,1,1
4,7,6,20,4,35,2,3,0,0,3,2,3,12,2,1,1,1,2,65,9,9,2,1,0,0,6,1,0,0,99,99,99,99,99,99,0,0,0,0,1,7,1,40314,0,2009,2690,US-70,99999999999999999999,0000000,33.30861667,-110.4982556,2,1
4,1,6,22,16,44,1,3,0,0,5,3,3,1,0,1,2,1,2,55,1,2,2,1,0,0,1,1,0,0,16,41,17,13,99,99,0,0,0,0,2,2,0,40315,0,2009,4224,SR-61,99999999999999999999,0000000,34.95736111,-109.1595972,1,1
4,19,6,24,16,28,4,5,0,1,13,6,0,33,0,2,3,2,2,45,2,1,2,1,0,0,1,1,0,0,16,28,16,31,88,88,0,14,0,0,1,4,0,40316,0,2009,0,RIVER RD,15TH AVE,0000000,32.29745556,-110.9827583,4,1
4,13,6,25,21,29,2,2,0,0,14,6,0,12,99,2,1,5,4,45,1,1,2,1,2,3,3,1,0,0,21,29,99,99,99,99,0,0,0,0,1,5,1,40317,190,2009,0,ELLIOT RD,LINDSAY RD,0000000,33.35007778,-111.7730306,2,1
4,3,6,26,3,10,2,3,0,1,1,1,0,12,2,1,1,2,2,75,1,1,2,1,0,0,2,1,0,0,3,16,3,30,88,88,0,0,0,0,1,6,1,40318,0,2009,3157,I-10,99999999999999999999,0000000,32.00931667,-110.1303,2,1
4,13,6,27,13,47,1,3,0,1,1,1,0,24,0,1,4,3,2,75,1,1,2,1,0,0,1,1,0,0,13,47,13,59,15,0,0,0,0,0,2,7,0,40319,0,2009,2392,I-17,99999999999999999999,0000000,34.01356111,-112.13705,1,1
4,13,6,28,20,15,1,1,0,1,11,1,0,18,0,15,1,2,2,75,1,1,2,1,0,0,3,1,0,0,20,15,20,23,21,10,0,0,0,0,1,1,0,40320,0,2009,1201,I-10,99999999999999999999,0000000,33.46110833,-112.5060194,1,1
4,19,6,30,11,59,1,1,0,1,11,1,0,1,0,1,3,2,2,65,1,1,2,1,0,0,1,1,0,0,11,59,12,3,88,88,0,0,0,0,1,3,0,40321,0,2009,430,I-19,99999999999999999999,0000000,31.90225,-110.9857028,1,1
4,5,6,21,11,51,2,3,0,1,2,2,3,12,6,1,1,1,2,65,1,1,2,1,0,0,1,1,0,0,11,54,12,11,99,99,0,0,0,0,1,1,0,40322,0,2009,5288,US-89,99999999999999999999,0000000,36.67716944,-111.6145444,2,1
4,13,1,20,15,4,1,1,0,1,12,3,0,27,0,1,4,3,3,65,1,1,2,1,0,0,1,1,0,0,99,99,99,99,99,99,0,0,0,0,1,3,0,40323,370,2009,212,SR-101,99999999999999999999,0000000,33.66943333,-112.1518167,1,1
4,13,5,21,15,44,2,3,0,0,4,8,3,12,5,1,1,1,2,55,1,1,2,1,0,0,1,1,0,0,15,44,15,48,88,88,0,0,0,0,1,5,1,40324,0,2009,0,BELTLINE RD,99999999999999999999,0000000,33.25781667,-112.13565,2,1
4,21,5,31,2,35,1,1,0,0,4,8,3,37,0,1,6,1,2,55,1,1,2,1,0,0,2,1,0,0,2,55,2,57,88,88,0,0,0,0,1,1,1,40325,0,2009,0,CASA BLANCA RD,99999999999999999999,0000000,33.08990556,-111.7770917,1,1
4,13,6,16,23,29,2,2,0,0,4,9,3,11,0,1,1,1,2,55,1,1,2,1,0,0,2,1,0,0,23,26,23,29,88,88,0,0,0,0,1,3,0,40326,0,2009,0,RIGGS RD,99999999999999999999,0000000,33.21921389,-111.9846083,2,1
4,17,7,1,18,3,3,7,0,0,14,3,0,12,6,2,1,5,4,50,1,1,2,1,3,2,5,1,0,0,18,2,18,3,99,99,0,0,0,0,1,4,0,40328,379,2009,3551,SR-260,BUCK SPRINGS RD,0000000,34.1154,-109.9154972,3,1
4,5,7,1,21,18,1,2,1,0,4,2,0,8,0,1,1,1,2,55,1,1,2,1,0,0,2,1,0,0,21,18,21,23,88,88,0,0,0,0,1,4,0,40329,186,2009,6120,US-89A,99999999999999999999,0000000,36.98522222,-112.5298806,1,1
4,19,7,2,17,2,1,2,1,1,13,6,0,9,0,1,1,5,4,35,1,1,2,1,0,0,1,1,0,0,17,2,17,5,88,88,0,0,0,0,1,5,0,40330,530,2009,0,22ND ST,99999999999999999999,0000000,32.20685833,-110.9684111,1,1
4,15,7,3,18,0,2,3,0,1,1,1,0,1,0,1,3,2,2,75,1,2,2,2,0,0,1,2,0,0,18,0,18,14,99,99,0,0,0,0,1,6,0,40331,0,2009,580,I-40,99999999999999999999,0000000,35.20241111,-113.93435,2,2
4,13,7,3,19,59,1,2,1,0,14,6,0,8,0,2,1,2,2,45,2,1,2,1,0,0,3,1,0,0,20,1,20,7,20,36,0,0,0,0,1,6,0,40332,190,2009,0,WARNER RD,COPPER KEY CT,0000000,33.3369,-111.8157472,1,1
4,25,7,4,15,39,1,6,0,0,6,9,0,34,0,1,6,1,2,25,2,1,5,5,0,0,1,1,0,0,15,39,16,39,88,88,0,6,0,0,1,7,0,40333,0,2009,0,BLOODY BASIN RD,99999999999999999999,0000000,34.21091389,-111.9127889,1,1
4,19,7,5,6,41,1,1,0,0,4,3,0,24,0,1,4,1,2,45,2,2,2,1,0,0,1,1,0,0,99,99,99,99,88,88,0,0,0,0,1,1,1,40334,0,2009,480,SR-83,99999999999999999999,0000000,31.86706111,-110.685925,1,1
4,13,7,5,19,25,2,2,0,0,15,6,0,12,5,2,1,2,3,45,1,1,2,1,20,3,5,1,0,0,19,25,19,28,99,99,0,0,0,0,1,1,0,40335,60,2009,0,YUMA RD,223RD LN,0000000,33.43513889,-112.677375,2,1
4,3,7,6,7,17,1,2,0,0,6,9,0,35,0,1,4,1,2,25,2,2,5,1,0,0,1,9,0,0,99,98,99,98,88,88,0,6,0,0,1,2,0,40336,0,2009,0,THREE LINKS RD,99999999999999999999,0000000,32.20001944,-110.2047167,1,9
4,17,7,8,11,50,2,2,0,1,1,1,0,12,1,1,1,2,2,75,1,1,2,1,0,0,1,1,0,0,11,51,11,55,99,99,0,0,0,0,1,4,0,40337,0,2009,2940,I-40,99999999999999999999,0000000,34.97870833,-110.0666361,2,1
4,13,7,11,18,1,1,2,0,1,12,3,0,1,0,15,3,3,3,65,1,2,2,1,0,0,1,1,0,0,18,2,18,5,99,99,0,0,0,0,1,7,0,40338,190,2009,374,SR-202,99999999999999999999,0000000,33.32846111,-111.6862028,1,1
4,13,7,12,2,0,2,5,0,0,15,6,0,12,5,2,1,1,2,50,1,1,2,1,20,3,2,1,0,0,2,0,2,19,2,45,0,0,0,0,1,1,1,40339,0,2009,0,BROADWAY RD,AVONDALE BLVD,0000000,33.40616944,-112.3062583,2,1
4,5,7,14,7,25,2,2,0,1,2,2,0,12,5,2,1,2,2,65,1,1,2,1,20,3,1,1,0,0,7,29,7,37,8,28,0,0,0,0,1,3,0,40340,0,2009,4304,US-89,FOREST ROAD 545,0000000,35.37242222,-111.5754306,2,1
4,3,7,14,9,38,1,2,1,1,13,3,0,8,0,1,1,1,4,50,1,1,2,1,0,0,1,1,0,0,9,38,9,42,11,0,0,0,0,0,1,3,0,40341,431,2009,3180,SR-90,99999999999999999999,0000000,31.56946667,-110.30325,1,1
4,5,7,16,1,45,2,2,0,1,2,2,3,12,2,1,1,1,2,65,2,2,2,1,0,0,2,1,0,0,1,45,1,50,99,99,0,0,0,0,1,5,0,40343,0,2009,3234,US-160,99999999999999999999,0000000,36.12508333,-111.2021528,2,1
4,17,7,16,6,23,1,1,0,0,14,9,0,34,0,1,6,1,2,25,2,1,2,1,0,0,1,1,0,0,6,23,6,23,88,88,0,0,0,0,1,5,1,40344,379,2009,0,PORTER MOUNTAIN RD,99999999999999999999,0000000,34.15821944,-109.9724278,1,1
4,13,7,18,11,12,2,5,0,0,13,6,0,12,2,1,1,2,2,40,1,1,2,1,0,0,1,1,0,0,11,13,11,16,11,38,0,0,0,0,1,7,1,40345,420,2009,0,INDIAN SCHOOL RD,99999999999999999999,0000000,33.49487222,-111.8965778,2,1
4,5,7,19,22,32,2,2,1,1,2,2,0,12,1,1,1,5,4,65,1,2,2,1,0,0,2,1,0,0,22,32,22,40,99,99,0,0,0,0,1,1,0,40346,0,2009,4275,US-89,99999999999999999999,0000000,35.33627222,-111.5520917,2,1
4,13,7,20,8,16,2,2,0,1,12,2,0,12,7,1,1,3,6,55,1,1,2,1,0,0,1,1,0,1,8,18,8,25,99,99,0,0,0,0,1,2,0,40347,490,2009,1757,US-60,99999999999999999999,0000000,33.38581111,-111.9043028,2,1
4,7,7,24,20,17,2,3,0,1,2,3,0,11,0,1,1,5,4,55,2,2,2,1,0,0,2,1,0,0,20,17,20,21,22,12,0,0,0,0,1,6,0,40349,0,2009,2550,SR-260,99999999999999999999,0000000,34.25225833,-111.2715472,2,1
4,13,7,25,5,57,2,3,0,1,1,1,0,12,1,1,1,2,2,75,1,1,2,1,0,0,1,1,0,0,5,58,6,18,8,15,0,0,0,0,1,7,0,40350,0,2009,872,I-10,99999999999999999999,0000000,33.51778333,-113.0548083,2,1
4,13,7,26,0,35,2,12,0,1,11,1,0,12,7,1,1,3,6,65,1,1,2,1,0,0,3,1,0,0,0,35,0,40,99,99,0,0,0,0,2,1,0,40352,370,2009,1381,I-10,99999999999999999999,0000000,33.46268889,-112.1950972,2,1
4,21,7,29,23,3,1,4,0,0,6,8,3,1,0,1,6,1,2,45,1,1,2,1,0,0,2,1,0,0,99,99,99,99,99,99,0,0,0,0,2,4,1,40354,0,2009,0,MOFFETT RD,99999999999999999999,0000000,33.13219722,-111.7742583,1,1
4,19,7,30,18,31,2,2,0,0,16,9,0,12,6,2,1,5,4,45,1,1,2,1,3,9,1,1,0,0,18,31,18,35,19,6,0,0,0,0,1,5,1,40355,0,2009,0,PALO VERDE RD,BROADMONT DR,0000000,32.18433333,-110.9177806,2,1
4,3,7,31,23,47,1,2,1,1,13,3,0,8,0,1,1,5,4,45,1,1,2,1,0,0,2,1,0,0,23,47,23,54,0,25,0,0,0,0,1,6,0,40356,431,2009,3217,SR-90,99999999999999999999,0000000,31.55464444,-110.2536306,1,1
4,27,7,12,19,0,1,4,0,1,1,1,0,1,0,1,4,2,2,75,1,1,2,1,0,0,1,1,0,0,19,5,19,30,99,99,0,0,0,0,1,1,0,40357,0,2009,582,I-8,99999999999999999999,0000000,32.74219167,-113.6834111,1,1
4,21,7,24,9,7,1,2,0,1,1,1,0,25,0,1,4,2,2,55,1,1,2,1,0,0,1,1,0,1,9,8,9,25,99,99,0,0,0,0,1,6,0,40358,0,2009,2225,I-10,99999999999999999999,0000000,32.61993889,-111.36225,1,1
4,21,7,29,10,14,2,2,0,1,1,1,0,12,1,1,1,2,2,75,1,1,2,1,0,0,1,1,0,0,10,16,10,21,88,88,0,0,0,0,1,4,0,40359,0,2009,2068,I-10,99999999999999999999,0000000,32.75146944,-111.5783722,2,1
4,19,7,31,23,48,1,1,0,1,11,1,0,21,0,15,3,2,2,65,1,1,2,1,0,0,2,1,0,0,23,50,23,59,88,88,0,0,0,0,1,6,0,40360,530,2009,2705,I-10,99999999999999999999,0000000,32.1039,-110.8411167,1,1
4,13,2,19,11,8,1,2,1,0,16,6,0,8,0,8,1,1,2,25,1,1,2,1,0,0,1,1,0,0,11,8,11,10,99,99,0,0,0,0,1,5,0,40361,370,2009,0,LATHAM ST,99999999999999999999,0000000,33.46085833,-112.1493556,1,1