STATE,COUNTY,MONTH,DAY,HOUR,MINUTE,VE_TOTAL,PERSONS,PEDS,NHS,ROAD_FNC,ROUTE,SP_JUR,HARM_EV,MAN_COLL,REL_JUNC,REL_ROAD,TRAF_FLO,NO_LANES,SP_LIMIT,ALIGNMNT,PROFILE,PAVE_TYP,SUR_COND,TRA_CONT,T_CONT_F,LGT_COND,WEATHER1,WEATHER2,WRK_ZONE,NOT_HOUR,NOT_MIN,ARR_HOUR,ARR_MIN,HOSP_HR,HOSP_MN,SCH_BUS,CF1,CF2,CF3,FATALS,DAY_WEEK,DRUNK_DR,ST_CASE,CITY,YEAR,MILEPT,TWAY_ID,TWAY_ID2,RAIL,LATITUDE,LONGITUD,VE_FORMS,WEATHER
4,13,4,2,20,25,1,2,1,0,13,6,0,8,0,3,1,5,4,45,1,1,2,1,0,0,6,1,0,0,20,23,20,27,20,59,0,0,0,0,1,5,0,40362,490,2009,0,RURAL RD,WATSON DR,0000000,33.36956667,-111.9286083,1,1
4,13,5,16,13,55,1,3,0,0,16,6,0,33,0,1,4,2,2,50,1,1,2,1,0,0,1,1,0,0,13,56,14,0,14,29,0,0,0,0,1,7,0,40363,370,2009,0,PECOS RD,99999999999999999999,0000000,33.29100556,-112.0117361,1,1
4,21,6,6,12,36,2,3,0,0,6,9,0,12,7,8,1,1,2,50,1,1,2,1,0,0,1,1,0,0,12,38,12,50,99,99,0,0,0,0,1,7,0,40364,0,2009,0,CACTUS FOREST RD,99999999999999999999,0000000,32.96928333,-111.4144139,2,1
4,17,6,13,9,15,3,4,0,1,2,3,0,12,2,1,1,1,2,65,1,1,2,1,0,0,1,6,0,0,9,17,9,22,88,88,0,14,0,0,3,7,0,40365,0,2009,3457,SR-77,99999999999999999999,0000000,34.30505278,-110.0368417,3,6
4,21,6,27,21,25,1,4,0,0,6,9,0,35,0,1,4,1,2,25,2,2,5,1,0,0,3,1,0,0,21,25,21,57,99,99,0,0,0,0,1,7,1,40366,0,2009,0,ARNETT RD,99999999999999999999,0000000,33.25526944,-111.1081278,1,1
4,13,7,8,10,32,1,2,0,1,12,3,0,25,0,1,3,3,6,65,1,1,2,1,0,0,1,1,0,0,10,33,10,48,99,99,0,0,0,0,1,4,0,40367,420,2009,510,SR-101,99999999999999999999,0000000,33.44476389,-111.8907194,1,1
4,13,4,29,19,47,2,2,0,0,15,6,0,12,5,8,1,2,2,40,2,1,2,1,0,0,2,1,0,0,19,49,19,56,20,31,0,0,0,0,1,4,0,40368,200,2009,0,83RD AVE,99999999999999999999,0000000,33.64630556,-112.2369944,2,1
4,19,7,12,3,5,1,1,0,1,11,1,0,33,0,13,4,6,1,25,2,2,2,1,0,0,2,1,0,0,2,58,3,7,88,88,0,0,0,0,1,1,1,40369,530,2009,2630,I-10 RAMP,99999999999999999999,0000000,32.1775,-110.9458861,1,1
4,19,5,17,19,2,2,3,0,1,13,6,0,12,5,2,1,2,3,45,1,1,2,1,2,3,1,1,0,0,19,9,19,16,19,40,0,0,0,0,1,1,0,40370,0,2009,0,ALVERNON WAY,IRVINGTON RD,0000000,32.16314444,-110.9092528,2,1
4,21,6,10,10,33,3,4,0,1,1,1,0,12,7,1,1,2,2,75,1,1,2,1,0,0,1,1,0,0,10,36,10,45,88,88,0,0,0,0,1,4,0,40371,0,2009,2140,I-10,99999999999999999999,0000000,32.69945278,-111.4726806,3,1
4,7,5,18,21,49,2,2,0,0,13,2,0,33,0,1,4,5,4,45,2,2,2,1,0,0,2,1,0,0,21,49,21,52,88,88,0,14,0,0,1,2,0,40372,210,2009,2486,US-60,99999999999999999999,0000000,33.41624444,-110.8018611,2,1
4,11,5,17,0,25,1,1,0,0,6,9,0,1,0,1,6,1,2,99,2,2,5,1,0,0,2,1,0,0,0,44,0,51,88,88,0,0,0,0,1,1,1,40373,100,2009,0,EMERGENCY ACCESS RD,99999999999999999999,0000000,,,1,1
4,17,4,23,21,23,1,1,0,0,6,9,3,34,0,9,6,9,9,99,9,9,9,9,0,0,6,9,0,0,99,98,99,98,88,88,0,0,0,0,1,5,0,40374,0,2009,0,UNKNOWN RD,99999999999999999999,0000000,,,1,9
4,13,4,27,19,41,1,2,1,0,15,6,0,15,0,1,1,1,4,45,1,1,2,1,0,0,2,1,0,0,19,41,19,50,20,15,0,0,0,0,1,2,0,40375,220,2009,0,AVONDALE BLVD,99999999999999999999,0000000,33.4157,-112.3063444,1,1
4,1,5,1,18,55,1,3,0,0,5,8,3,1,0,9,6,9,9,99,9,9,9,9,0,0,1,9,0,0,99,99,99,99,99,99,0,0,0,0,1,6,0,40376,0,2009,0,BIA-27,99999999999999999999,0000000,35.72183056,-109.5161833,1,9
4,13,6,1,22,20,1,1,0,0,13,6,0,33,0,1,3,2,3,45,1,1,2,1,0,0,3,1,0,0,22,20,22,24,22,49,0,0,0,0,1,2,0,40377,370,2009,0,BELL RD,99999999999999999999,0000000,33.63973889,-112.1248972,1,1
4,1,6,2,99,99,1,2,0,0,6,8,3,1,0,9,99,9,9,99,9,9,9,9,0,0,9,9,0,0,99,99,99,99,99,99,0,0,0,0,1,3,0,40378,0,2009,0,BIA-7,99999999999999999999,0000000,,,1,9
4,17,6,3,20,57,1,2,0,0,4,2,3,1,0,9,99,9,9,99,9,9,2,9,0,0,6,9,0,0,99,99,99,99,88,88,0,0,0,0,1,4,0,40379,0,2009,3972,US-163,99999999999999999999,0000000,36.74846111,-110.2266556,1,9
4,13,7,11,3,36,1,3,1,0,14,6,0,9,0,1,1,5,4,40,1,1,2,1,0,0,2,1,0,0,3,37,3,43,99,99,0,0,0,0,1,7,1,40380,370,2009,0,16TH ST,99999999999999999999,0000000,33.42191389,-112.0478667,1,1
4,13,6,7,23,24,1,1,0,0,15,6,0,33,0,2,4,2,2,45,2,1,2,1,2,3,3,1,0,0,23,25,23,30,88,88,0,0,0,0,1,1,1,40381,370,2009,0,TATUM BLVD,DIXILETA DR,0000000,33.74993611,-111.979625,1,1
4,17,6,7,11,23,1,1,0,0,6,8,3,99,0,1,6,1,2,99,1,1,9,9,0,0,1,9,0,0,99,99,99,99,99,99,0,0,0,0,1,1,1,40382,0,2009,0,BIA 8059,99999999999999999999,0000000,35.94069722,-110.112125,1,9
4,13,6,8,22,1,1,2,1,0,14,6,0,9,0,1,1,5,5,40,1,1,2,1,0,0,3,1,0,0,22,4,22,4,22,26,0,0,0,0,1,2,0,40383,370,2009,0,BROADWAY RD,99999999999999999999,0000000,33.40683333,-112.0397278,1,1
4,13,6,9,7,25,2,2,0,0,16,6,0,12,2,1,1,1,2,25,1,1,2,1,0,0,1,1,0,0,7,26,7,31,7,45,0,0,0,0,1,3,0,40384,370,2009,0,10TH ST,99999999999999999999,0000000,33.4654,-112.0607611,2,1
4,5,6,15,10,33,1,2,1,1,2,2,3,8,0,1,1,5,4,45,1,2,2,1,0,0,1,1,0,0,10,33,10,34,10,43,0,0,0,0,1,2,0,40385,528,2009,3222,US-160,99999999999999999999,0000000,36.121475,-111.2231833,1,1
4,13,6,12,8,11,1,2,1,0,13,6,0,8,0,3,1,2,3,40,1,1,2,1,2,3,1,1,0,0,8,12,8,16,8,38,0,0,0,0,1,6,1,40386,370,2009,0,INDIAN SCHOOL RD,51ST AVE,0000000,33.49495556,-112.1687,1,1
4,19,6,13,9,0,1,3,0,0,3,3,3,1,0,1,1,1,2,65,1,1,2,1,0,0,1,1,0,0,99,99,99,99,99,99,0,0,0,0,1,7,0,40387,0,2009,1080,SR-86,99999999999999999999,0000000,31.97119444,-111.9602861,1,1
4,1,6,15,3,55,1,1,0,0,5,8,3,1,0,9,2,9,9,99,9,9,9,9,0,0,6,9,0,0,99,99,99,99,88,88,0,0,0,0,1,2,0,40388,0,2009,0,BIA-112,99999999999999999999,0000000,,,1,9
4,13,6,19,1,36,1,2,1,0,13,3,0,8,0,3,1,5,5,35,1,1,2,1,0,0,3,1,0,0,1,36,1,41,99,99,0,0,0,0,1,6,1,40389,80,2009,1660,SR-87,FAIRVIEW ST,0000000,33.29526667,-111.8416194,1,1
4,12,7,29,3,40,2,3,0,1,1,1,0,12,1,15,1,2,2,75,1,1,2,1,0,0,2,1,0,0,3,43,4,24,88,88,0,0,0,0,1,4,0,40390,0,2009,694,I-10,99999999999999999999,0000000,33.56946944,-113.3581028,2,1
4,21,7,11,1,48,1,4,0,0,6,9,0,41,0,1,6,1,2,99,1,1,2,1,0,0,2,1,0,0,1,48,2,3,3,12,0,0,0,0,1,7,1,40391,0,2009,0,STEELE RD,99999999999999999999,0000000,32.87951944,-111.5142194,1,1
4,21,7,18,18,22,1,1,0,0,6,9,0,34,0,1,6,1,2,35,1,1,5,1,0,0,1,7,0,0,18,22,18,35,88,88,0,0,0,0,1,7,1,40392,0,2009,0,HATFIELD RD,99999999999999999999,0000000,32.83944722,-111.7142944,1,7
4,21,7,26,23,29,1,2,0,0,6,9,0,53,0,1,6,1,2,35,1,1,5,1,0,0,2,1,0,0,23,41,23,47,99,99,0,0,0,0,1,1,1,40393,0,2009,0,CLAYTON RD,99999999999999999999,0000000,32.89414722,-111.8175167,1,1
4,13,7,4,15,3,1,2,1,0,14,6,0,8,0,1,1,5,5,40,1,1,2,1,0,0,1,1,0,0,15,3,15,7,15,19,0,0,0,0,1,7,0,40394,370,2009,0,32ND ST,99999999999999999999,0000000,33.45806667,-112.0129417,1,1
4,13,7,5,17,27,1,2,1,0,14,6,0,8,0,3,1,5,4,25,1,1,2,1,0,0,1,1,0,0,17,27,17,27,17,41,0,0,0,0,1,1,0,40395,370,2009,0,VAN BUREN ST,4TH AVE,0000000,33.45141944,-112.0789667,1,1
4,1,7,6,18,28,1,4,0,0,5,8,3,38,0,1,4,1,2,99,9,9,2,1,0,0,1,1,0,0,99,99,99,99,99,99,0,0,0,0,1,2,0,40396,0,2009,0,BIA 27,99999999999999999999,0000000,,,1,1
4,13,7,6,13,37,1,1,0,0,15,6,0,1,0,1,1,1,2,40,1,1,2,1,0,0,1,1,0,0,13,39,13,45,99,99,0,0,0,0,1,2,1,40397,370,2009,0,27TH AVE,99999999999999999999,0000000,33.646475,-112.1170833,1,1
4,13,7,12,15,38,1,2,0,1,13,2,0,43,0,1,6,2,3,45,1,1,2,1,0,0,1,1,0,0,99,99,99,99,88,88,0,0,0,0,2,1,1,40398,370,2009,1587,US-60,99999999999999999999,0000000,33.49870278,-112.1386194,1,1
4,13,7,12,20,26,1,2,1,0,13,6,0,8,0,1,1,5,5,40,1,1,2,1,0,0,3,1,0,0,20,27,20,30,20,47,0,0,0,0,1,1,0,40399,370,2009,0,THOMAS RD,99999999999999999999,0000000,33.48045,-112.1222528,1,1
4,13,7,12,4,17,2,3,0,0,14,6,0,12,1,3,1,5,5,45,1,1,2,1,2,3,3,1,0,0,4,17,4,23,5,14,0,0,0,0,1,1,2,40400,370,2009,0,CACTUS RD,51ST AVE,0000000,33.59635556,-112.1683556,2,1
4,25,7,25,9,16,2,2,0,0,5,9,0,12,2,1,2,1,2,30,1,2,2,1,0,0,1,1,0,0,9,15,9,21,10,30,0,0,0,0,1,7,1,40401,0,2009,0,SALT MINE RD,99999999999999999999,0000000,34.52519167,-111.8566556,2,1
4,13,7,13,9,36,2,3,0,0,13,6,0,12,5,2,1,5,5,40,1,1,2,1,2,3,1,1,0,0,9,36,9,43,10,10,0,0,0,0,1,2,0,40402,370,2009,0,51ST AVE,CACTUS RD,0000000,33.59636389,-112.1686722,2,1
4,13,7,20,16,9,4,5,0,0,13,6,0,13,8,1,1,2,3,45,1,1,2,1,0,0,1,1,0,0,16,10,16,13,99,99,0,0,0,0,1,2,1,40404,370,2009,0,GREENWAY RD,99999999999999999999,0000000,33.62624444,-112.0148722,4,1
4,3,7,26,99,99,2,3,0,0,13,3,0,99,99,1,99,9,9,99,9,9,2,9,0,0,1,9,0,0,99,99,99,99,99,99,0,0,0,0,1,1,0,40405,50,2009,3538,SR-92,99999999999999999999,0000000,31.41128611,-109.9008528,2,9
4,19,7,28,4,30,1,2,1,0,3,3,3,8,0,1,1,9,9,99,9,9,2,9,0,0,6,9,0,0,99,99,99,99,88,88,0,0,0,0,1,3,0,40406,0,2009,900,SR-86,99999999999999999999,0000000,32.17021944,-112.1470417,1,9
4,13,7,30,21,38,1,4,0,1,1,1,0,1,0,1,3,2,2,75,1,1,2,1,0,0,2,1,0,0,21,38,21,55,99,99,0,0,0,0,1,5,0,40407,0,2009,782,I-10,99999999999999999999,0000000,33.54711667,-113.2073083,1,1
4,13,7,31,4,37,1,2,1,0,13,6,0,9,0,1,11,5,4,40,1,1,2,1,0,0,3,1,0,0,4,38,4,42,5,6,0,0,0,0,1,6,0,40408,370,2009,0,7TH ST,99999999999999999999,0000000,33.42620278,-112.0651333,1,1
4,19,8,1,1,43,2,2,0,1,11,1,0,12,2,13,1,6,2,55,2,2,1,1,0,0,3,1,0,0,1,43,1,54,88,88,0,0,0,0,2,7,2,40409,530,2009,2600,I-10 RAMP,99999999999999999999,0000000,32.19696944,-110.9792722,2,1
4,19,8,1,2,14,1,2,0,0,15,9,0,35,0,1,4,1,2,45,1,3,2,1,0,0,2,1,0,0,2,14,2,20,99,99,0,0,0,0,1,7,1,40410,0,2009,0,OLD SPANISH TRL,99999999999999999999,0000000,32.17805833,-110.7380444,1,1
4,25,8,1,9,7,1,1,0,0,4,3,0,24,0,1,4,2,2,45,2,2,2,1,40,3,1,1,0,0,9,16,9,27,88,88,0,0,0,0,1,7,0,40411,0,2009,2750,SR-89,99999999999999999999,0000000,34.20106667,-112.7605722,1,1
4,17,8,2,3,27,1,17,0,0,6,8,3,17,0,1,6,1,2,35,1,2,2,1,0,0,2,1,0,0,3,28,3,35,99,99,0,0,0,0,1,1,1,40412,565,2009,0,BIA-61,99999999999999999999,0000000,33.8901,-109.9413667,1,1
4,25,8,2,18,51,2,4,0,1,2,2,0,12,2,1,1,1,2,65,1,1,2,1,0,0,1,1,0,0,18,53,19,21,20,55,0,0,0,0,3,1,0,40413,0,2009,1860,US-93,99999999999999999999,0000000,34.09468611,-112.9092083,2,1
4,13,8,2,19,7,3,12,0,1,1,1,0,54,11,1,1,2,2,75,1,2,2,1,0,0,1,1,0,0,19,7,19,15,99,99,0,14,0,0,1,1,0,40414,0,2009,1050,I-10,99999999999999999999,0000000,33.45666667,-112.755625,3,1
4,12,8,3,5,13,2,4,0,1,1,1,0,12,11,1,1,2,2,75,1,1,2,1,0,0,4,1,0,0,5,7,5,45,99,99,0,19,0,0,1,2,0,40415,0,2009,585,I-10,99999999999999999999,0000000,33.59731111,-113.5429167,2,1
4,13,8,13,3,56,2,2,0,1,11,1,0,20,0,15,8,3,5,65,1,1,2,2,0,0,3,2,0,0,3,59,4,8,88,88,0,14,0,0,1,5,0,40416,370,2009,1440,I-10,99999999999999999999,0000000,33.46111944,-112.0871444,2,2
4,12,8,14,5,26,1,1,0,1,1,1,0,1,0,1,4,2,2,75,1,1,2,1,0,0,2,1,0,0,5,23,5,54,7,38,0,0,0,0,1,6,0,40417,0,2009,460,I-10,99999999999999999999,0000000,33.62905556,-113.7562472,1,1
4,13,8,15,2,10,1,2,1,0,5,9,0,9,0,1,1,1,2,45,1,1,2,1,0,0,2,1,0,0,2,10,2,18,88,88,0,0,0,0,1,7,1,40418,388,2009,0,OCOTILLO RD,99999999999999999999,0000000,33.24856389,-111.5924528,1,1
4,13,8,15,2,58,1,2,0,0,6,6,0,1,0,1,3,2,2,45,1,2,2,1,0,0,2,1,0,0,3,4,3,10,99,99,0,0,0,0,1,7,1,40419,368,2009,0,VISTANCIA BLVD,99999999999999999999,0000000,33.73563611,-112.3168806,1,1
4,15,8,15,20,12,1,2,1,0,16,9,0,11,0,1,1,1,2,25,1,1,2,1,0,0,2,1,0,0,20,30,20,30,20,53,0,0,0,0,1,7,0,40420,0,2009,0,THOMPSON WAY,99999999999999999999,0000000,35.26529722,-113.9981472,1,1
4,19,8,15,20,20,1,1,0,0,16,9,0,33,0,1,4,1,2,25,1,1,2,1,0,0,2,1,0,0,22,20,22,20,23,18,0,0,0,0,1,7,1,40421,0,2009,0,INDIAN RUINS RD,99999999999999999999,0000000,32.25317778,-110.8452,1,1
4,9,8,18,18,53,1,2,1,0,4,9,0,9,0,1,1,1,2,55,1,1,2,1,0,0,5,1,0,0,18,55,19,7,19,50,0,0,0,0,1,3,0,40422,0,2009,0,AIRPORT RD,99999999999999999999,0000000,32.85674722,-109.6698083,1,1
4,9,8,21,8,55,2,2,0,0,3,2,0,12,2,1,1,1,2,55,2,1,2,1,0,0,1,1,0,0,8,55,9,0,99,99,0,0,0,0,1,6,0,40423,439,2009,3449,US-70,99999999999999999999,0000000,32.81432778,-109.6229472,2,1
4,19,8,22,22,8,1,2,1,0,14,3,0,8,0,1,1,2,2,55,1,1,2,1,0,0,2,1,0,0,22,8,22,15,99,99,0,0,0,0,1,7,0,40424,530,2009,1693,SR-86,99999999999999999999,0000000,32.17645833,-111.0209861,1,1
4,13,8,23,17,37,2,3,0,0,2,3,0,12,5,8,1,1,4,45,1,1,2,1,3,3,1,1,0,0,99,99,99,99,88,88,0,0,0,0,1,1,1,40425,0,2009,291,SR-74,99999999999999999999,0000000,33.79822778,-112.1648,2,1
4,5,8,28,11,56,1,3,0,0,4,3,0,42,0,1,6,1,2,55,2,2,2,1,0,0,1,1,0,0,11,56,12,20,99,99,0,0,0,0,1,6,0,40426,0,2009,2843,SR-87,99999999999999999999,0000000,34.49140833,-111.3708111,1,1
4,21,8,30,9,36,1,1,0,0,6,9,0,1,0,2,6,1,2,40,2,1,2,1,40,3,1,1,0,0,9,35,9,38,10,50,0,0,0,0,1,1,0,40427,0,2009,0,QUEEN VALLEY RD,WHITLOW DAM RD,0000000,33.29066389,-111.2806472,1,1
4,19,8,31,23,50,1,2,1,0,14,9,0,8,0,1,1,2,2,40,1,1,2,1,0,0,2,1,0,0,23,50,23,50,88,88,0,0,0,0,1,2,0,40429,0,2009,0,VALENCIA RD,99999999999999999999,0000000,32.13393333,-111.0205833,1,1
4,19,8,2,20,58,2,3,0,1,1,1,0,12,2,1,1,3,2,75,1,1,2,1,0,0,2,1,0,0,21,0,21,32,99,99,0,0,0,0,1,1,1,40430,0,2009,2928,I-10,99999999999999999999,0000000,31.97571944,-110.5069583,2,1
4,21,8,19,23,35,2,2,0,0,3,3,3,12,1,1,1,2,2,65,1,1,2,1,0,0,2,1,0,0,23,40,23,51,88,88,0,0,0,0,1,4,1,40431,0,2009,1833,SR-347,99999999999999999999,0000000,33.19141111,-111.9979444,2,1
4,23,8,27,18,30,2,3,0,1,11,1,0,12,7,1,1,2,2,75,1,1,2,1,0,0,5,1,0,0,18,30,18,32,19,45,0,0,0,0,1,5,0,40432,392,2009,74,I-19,99999999999999999999,0000000,31.42571389,-110.9645639,2,1
4,13,6,19,21,35,1,2,1,0,14,6,0,8,0,2,1,2,3,40,1,1,2,1,0,0,3,1,0,0,21,35,21,39,88,88,0,0,0,0,1,6,0,40433,370,2009,0,43RD AVE,CULVER ST,0000000,33.46374722,-112.15185,1,1
4,13,7,21,5,10,1,1,0,0,14,6,0,29,0,2,4,1,4,45,1,1,2,2,2,3,4,2,0,0,5,10,5,14,99,99,0,0,0,0,1,3,0,40434,290,2009,0,SOUTHERN AVE,HIGLEY RD,0000000,33.39388056,-111.7193694,1,2
4,13,8,10,5,4,1,1,0,1,12,3,0,27,0,15,8,3,5,65,1,2,2,1,0,0,3,1,0,0,5,5,5,15,88,88,0,0,0,0,1,2,0,40435,370,2009,69,SR-51,99999999999999999999,0000000,33.55688611,-112.0382528,1,1
4,13,8,20,17,8,2,2,0,0,16,6,0,12,9,8,1,1,2,30,1,1,2,1,20,3,1,1,0,0,17,8,17,12,17,37,0,0,0,0,1,5,0,40436,370,2009,0,31ST AVE,99999999999999999999,0000000,33.66693889,-112.1259361,2,1
4,9,8,21,10,1,1,2,0,0,5,3,0,1,0,1,6,1,2,25,2,2,2,1,0,0,1,1,0,0,10,1,10,22,11,42,0,0,0,0,1,6,0,40437,0,2009,1212,SR-366,99999999999999999999,0000000,32.66883611,-109.7929972,1,1
4,19,8,29,12,54,2,2,0,1,11,7,0,12,5,10,1,4,9,40,1,1,9,1,2,3,1,1,0,0,12,53,12,57,13,23,0,0,0,0,1,7,0,40438,530,2009,0,I-10 FRONTAGE RD,ST MARYS RD,0000000,32.22938056,-110.9818833,2,1
4,13,8,8,0,12,1,2,1,0,15,6,0,9,0,1,1,2,3,45,2,1,2,1,0,0,3,1,0,0,0,14,99,99,88,88,0,0,0,0,1,7,0,40439,370,2009,0,CAVE CREEK RD,99999999999999999999,0000000,33.69231667,-112.0306417,1,1
4,13,6,20,6,29,2,6,0,0,15,6,0,12,5,2,1,3,2,45,1,1,1,1,20,3,1,1,0,0,6,30,6,35,99,99,0,0,0,0,3,7,1,40440,370,2009,0,LOWER BUCKEYE RD,87TH AVE,0000000,33.42208333,-112.2470667,2,1
4,13,6,21,3,13,1,1,0,0,14,6,0,25,0,10,4,2,3,99,1,1,9,1,2,3,3,1,0,0,3,20,3,25,3,55,0,0,0,0,1,1,1,40441,370,2009,0,16TH ST,I-10 RAMP,0000000,33.46157778,-112.0476917,1,1
4,13,8,6,21,26,2,2,0,0,13,6,0,12,6,10,1,2,2,45,1,1,1,1,2,3,3,1,0,0,21,26,99,99,99,99,0,0,0,0,1,5,0,40442,370,2009,0,19TH AVE,SR-101 FRONTAGE RD,0000000,33.66887222,-112.099825,2,1
4,13,8,7,12,58,1,3,1,0,13,6,0,8,0,1,1,2,5,40,1,1,2,1,0,0,1,1,0,0,12,59,13,4,13,25,0,0,0,0,1,6,0,40443,370,2009,0,75TH AVE,99999999999999999999,0000000,33.487575,-112.2205417,1,1
4,13,8,28,12,0,3,7,0,0,13,6,0,12,5,2,1,5,4,45,1,1,2,1,2,3,1,1,0,0,12,2,12,6,12,19,0,0,0,0,1,6,0,40444,370,2009,0,24TH ST,SOUTHERN AVE,0000000,33.39322778,-112.0300778,3,1
4,19,8,30,2,24,3,5,0,1,11,1,0,14,1,15,2,3,4,65,1,1,2,1,0,0,3,1,0,0,2,27,2,27,3,0,0,0,0,0,1,1,1,40445,530,2009,2560,I-10,99999999999999999999,0000000,32.25261389,-110.9946694,2,1
4,13,8,20,7,40,1,2,0,0,15,6,0,6,0,1,1,9,9,45,1,1,2,1,0,0,1,1,0,0,7,40,8,1,8,42,0,0,0,0,1,5,0,40446,388,2009,0,RITTENHOUSE RD,99999999999999999999,0000000,33.25656111,-111.6356639,1,1
4,21,6,3,99,99,1,1,0,0,6,6,0,99,99,9,99,9,9,99,9,9,9,9,0,0,9,9,0,0,99,99,99,99,99,99,0,0,0,0,1,4,1,40447,297,2009,0,FARRELL RD,99999999999999999999,0000000,,,1,9
4,13,6,23,18,24,1,2,1,0,14,6,0,9,0,3,1,2,9,40,1,1,2,1,2,3,1,1,0,0,18,24,18,27,19,5,0,0,0,0,1,3,0,40448,200,2009,0,59TH AVE,MOHAWK LN,0000000,33.67250556,-112.1868139,1,1
4,13,8,7,19,59,1,2,1,0,13,6,0,8,0,1,1,5,5,40,1,1,2,1,0,0,3,1,0,0,19,59,20,2,20,25,0,0,0,0,1,6,0,40449,370,2009,0,GLENDALE AVE,99999999999999999999,0000000,33.538275,-112.0617917,1,1
4,13,8,8,11,49,1,2,1,0,13,6,0,15,0,4,4,5,4,99,1,1,2,1,0,0,1,1,0,0,99,99,99,99,99,99,0,0,0,0,1,7,0,40450,370,2009,0,INDIAN SCHOOL RD,99999999999999999999,0000000,33.49495278,-112.1405306,1,1
4,21,8,12,13,8,1,1,0,0,14,3,0,46,0,6,1,5,4,45,1,1,2,1,60,3,1,1,0,0,13,9,13,12,13,25,0,0,0,0,1,4,0,40451,70,2009,1763,SR-84,99999999999999999999,748156T,32.87946667,-111.8579806,1,1
4,13,8,14,10,58,2,3,0,0,13,6,0,12,2,2,1,9,9,40,1,1,2,1,2,3,1,1,0,0,99,99,99,99,99,99,0,0,0,0,1,6,0,40452,200,2009,0,51ST AVE,PEORIA AVE,0000000,33.58193333,-112.1688556,2,1
4,13,8,16,7,45,1,3,0,0,5,9,0,1,0,1,1,1,2,50,1,1,2,1,0,0,1,1,0,0,7,45,7,54,99,99,0,0,0,0,2,1,0,40453,0,2009,0,SOUTHERN AVE,99999999999999999999,0000000,33.39210833,-112.6857389,1,1
4,17,9,1,19,18,3,4,0,1,1,1,0,12,2,1,1,2,2,75,1,1,2,1,0,0,2,1,0,0,19,25,19,36,99,99,0,0,0,0,2,3,0,40455,0,2009,2764,I-40,99999999999999999999,0000000,34.95514722,-110.3221417,3,1
4,15,9,2,99,99,2,5,0,0,4,3,0,12,6,1,1,1,2,65,1,2,2,2,0,0,2,2,0,0,19,27,19,34,20,27,0,0,0,0,1,4,0,40456,0,2009,102,SR-389,99999999999999999999,0000000,36.88068611,-112.8934472,2,2
4,19,9,3,9,35,1,2,1,0,16,9,0,9,0,1,2,2,1,35,2,1,2,1,0,0,1,1,0,0,9,35,9,35,9,35,0,0,0,0,1,5,0,40457,0,2009,0,DESERT BELL DR,99999999999999999999,0000000,31.87432778,-111.0030972,1,1
4,19,9,4,12,33,1,2,0,1,1,1,0,35,0,1,6,2,2,65,1,1,2,1,0,0,1,1,0,0,12,33,12,47,99,99,0,0,0,0,1,6,0,40458,0,2009,2722,I-10,99999999999999999999,0000000,32.09003611,-110.8187167,1,1
4,25,9,4,17,28,2,2,0,1,2,2,0,12,1,1,1,1,3,65,1,1,2,2,0,0,3,2,0,0,17,34,18,5,88,88,0,0,0,0,2,6,0,40459,0,2009,1749,US-93,99999999999999999999,0000000,34.22095,-113.0688333,2,2
4,3,9,4,17,28,1,2,0,0,4,3,0,42,0,1,6,1,2,65,1,1,2,1,0,0,1,1,0,0,17,27,17,31,19,1,0,0,0,0,1,6,1,40460,0,2009,3493,SR-92,99999999999999999999,0000000,31.37780278,-109.9656139,1,1
4,21,9,5,10,53,1,3,0,1,1,1,0,1,0,1,3,2,2,75,1,1,2,2,0,0,1,2,0,0,10,53,11,19,99,99,0,0,0,0,2,7,0,40461,0,2009,1487,I-8,99999999999999999999,0000000,32.83531667,-112.1844639,1,2
4,23,9,6,9,32,1,5,0,1,1,1,0,1,0,1,3,2,2,75,2,1,2,1,0,0,1,1,0,0,9,32,9,39,99,99,0,0,0,0,1,1,0,40462,0,2009,165,I-19,99999999999999999999,0000000,31.53620833,-111.0353,1,1
4,5,9,10,23,14,1,1,0,0,3,3,3,1,0,1,2,1,2,65,2,1,2,1,0,0,2,1,0,0,23,16,23,23,88,88,0,0,0,0,1,5,1,40464,528,2009,3336,SR-264,99999999999999999999,0000000,36.01873611,-111.1110944,1,1
4,25,9,12,10,4,1,1,0,0,4,3,0,1,0,1,1,3,1,30,2,2,2,1,0,0,1,1,0,0,10,4,10,17,88,88,0,0,0,0,1,7,0,40465,0,2009,2739,SR-89,99999999999999999999,0000000,34.20325,-112.7710528,1,1
4,1,9,12,11,45,1,2,0,1,2,2,3,1,0,1,4,2,2,55,1,1,2,1,0,0,1,1,0,0,99,99,99,99,99,99,0,0,0,0,1,7,1,40466,0,2009,4845,US-160,99999999999999999999,0000000,,,1,1
4,13,9,13,5,48,1,1,0,1,12,2,0,18,0,15,4,3,4,55,1,1,2,1,0,0,3,1,0,1,5,49,5,55,88,88,0,0,0,0,1,1,0,40467,490,2009,1753,US-60,99999999999999999999,0000000,33.38579167,-111.9112333,1,1
4,13,9,14,21,45,1,5,0,0,6,8,3,5,0,1,1,1,2,35,1,1,2,1,0,0,3,1,0,0,99,99,99,99,88,88,0,0,0,0,1,2,1,40468,0,2009,0,PECOS RD,99999999999999999999,0000000,33.29046944,-112.1567583,1,1
4,7,9,15,15,48,2,4,0,0,3,2,0,12,2,1,1,1,2,55,2,2,2,1,0,0,1,1,0,0,15,53,16,25,99,99,0,0,0,0,1,3,0,40469,0,2009,3011,US-60,99999999999999999999,0000000,33.85048056,-110.4217806,2,1