STATE,COUNTY,MONTH,DAY,HOUR,MINUTE,VE_TOTAL,PERSONS,PEDS,NHS,ROAD_FNC,ROUTE,SP_JUR,HARM_EV,MAN_COLL,REL_JUNC,REL_ROAD,TRAF_FLO,NO_LANES,SP_LIMIT,ALIGNMNT,PROFILE,PAVE_TYP,SUR_COND,TRA_CONT,T_CONT_F,LGT_COND,WEATHER1,WEATHER2,WRK_ZONE,NOT_HOUR,NOT_MIN,ARR_HOUR,ARR_MIN,HOSP_HR,HOSP_MN,SCH_BUS,CF1,CF2,CF3,FATALS,DAY_WEEK,DRUNK_DR,ST_CASE,CITY,YEAR,MILEPT,TWAY_ID,TWAY_ID2,RAIL,LATITUDE,LONGITUD,VE_FORMS,WEATHER
4,3,9,17,13,0,1,1,0,0,13,6,0,1,0,1,4,1,2,50,2,1,2,1,0,0,1,1,0,0,13,0,13,10,88,88,0,0,0,0,1,5,0,40470,431,2009,0,BUFFALO SOLDIER TRL,99999999999999999999,0000000,31.53329444,-110.2969139,1,1
4,19,9,19,1,28,1,2,0,0,6,9,0,37,0,1,3,2,1,35,2,2,2,1,0,0,2,1,0,0,1,28,1,45,99,99,0,0,0,0,1,7,1,40471,0,2009,0,NAVAJO TRL,99999999999999999999,0000000,31.961175,-110.4560667,1,1
4,17,9,20,6,28,1,2,0,0,3,2,0,42,0,1,6,1,2,55,2,2,2,1,0,0,1,1,0,0,6,31,6,37,99,99,0,0,0,0,1,1,0,40472,429,2009,3380,US-60,99999999999999999999,0000000,34.21927222,-110.0723389,1,1
4,19,9,25,5,26,1,2,1,0,13,6,0,8,0,3,1,5,4,40,1,1,2,1,2,3,3,1,0,0,5,26,5,32,5,44,0,0,0,0,1,6,0,40474,530,2009,0,CAMPBELL AVE,FORT LOWELL RD,0000000,32.26483611,-110.9438028,1,1
4,21,9,25,23,45,1,5,0,0,6,8,3,1,0,1,1,1,2,99,1,1,2,1,0,0,2,1,0,0,99,99,99,99,99,99,0,0,0,0,1,6,0,40475,0,2009,0,BIA 42,99999999999999999999,0000000,32.55978056,-111.9662833,1,1
4,15,9,29,4,55,1,2,0,0,4,3,0,52,0,1,4,1,2,65,1,1,2,1,0,0,2,1,0,0,4,55,5,10,99,99,0,0,0,0,1,3,0,40477,0,2009,694,SR-66,99999999999999999999,0000000,35.36201111,-113.8721639,1,1
4,19,9,22,6,13,2,9,0,0,3,3,0,12,2,1,1,1,2,65,1,1,2,1,0,0,4,1,0,0,6,20,6,25,99,99,1,0,0,0,3,3,0,40478,0,2009,1608,SR-86,99999999999999999999,0000000,32.13949444,-111.1542139,2,1
4,5,10,2,9,20,2,3,0,1,2,2,3,12,2,2,1,1,2,50,1,2,2,1,0,0,1,1,0,0,9,21,9,47,99,99,0,0,0,0,1,6,0,40479,64,2009,4661,US-89,SR-64,0000000,35.85495278,-111.425025,2,1
4,13,10,2,18,56,2,2,0,0,14,6,0,12,2,2,1,1,2,45,1,1,2,1,2,3,3,1,0,0,18,56,19,0,88,88,0,0,0,0,1,6,0,40480,0,2009,0,BROWN RD,SIGNAL BUTTE RD,0000000,33.43683056,-111.5979667,2,1
4,13,10,3,12,49,1,2,0,1,1,1,0,1,0,1,3,2,2,75,1,1,2,1,0,0,1,1,0,0,12,49,13,10,14,55,0,0,0,0,1,7,0,40482,0,2009,718,I-10,99999999999999999999,0000000,33.56315833,-113.3160556,1,1
4,1,10,3,14,10,1,1,0,0,4,2,3,1,0,1,4,1,2,65,2,1,2,1,40,3,1,1,0,0,14,14,14,24,88,88,0,0,0,0,1,7,1,40483,0,2009,4254,US-191,99999999999999999999,0000000,35.86561389,-109.5959611,1,1
4,1,10,4,15,30,2,5,0,1,2,2,3,12,6,1,1,1,2,65,1,2,2,1,0,0,1,6,0,0,15,30,15,45,99,99,0,0,0,0,1,1,1,40484,0,2009,4624,US-160,99999999999999999999,0000000,36.93387778,-109.1350306,2,6
4,17,10,7,5,59,1,1,0,1,1,1,0,1,0,1,4,2,2,75,1,1,2,2,0,0,4,1,0,0,5,59,6,10,88,88,0,0,0,0,1,4,0,40485,0,2009,2605,I-40,99999999999999999999,0000000,34.99948889,-110.5963278,1,1
4,13,10,8,14,50,4,4,0,1,12,3,0,57,0,1,3,3,4,65,1,1,2,1,0,0,1,1,0,0,14,55,14,59,88,88,0,14,0,0,1,5,0,40486,370,2009,561,SR-202,99999999999999999999,0000000,33.29392778,-111.9818194,4,1
4,25,10,15,14,58,2,2,0,1,13,3,0,12,7,1,1,5,4,45,1,1,2,1,0,0,1,1,0,1,99,99,99,99,99,99,0,0,0,0,1,5,0,40487,373,2009,2890,SR-69,99999999999999999999,0000000,34.58225556,-112.3469639,2,1
4,5,10,17,11,49,1,1,0,0,4,3,0,42,0,1,6,1,2,55,2,2,2,1,0,0,1,1,0,0,11,55,12,17,88,88,0,0,0,0,1,7,0,40488,0,2009,2452,SR-260,99999999999999999999,0000000,34.52142222,-111.5099583,1,1
4,7,10,17,14,58,1,1,0,1,2,3,0,24,0,1,4,1,2,55,2,2,2,1,0,0,1,1,0,0,14,58,15,5,88,88,0,0,0,0,1,7,0,40489,0,2009,2703,SR-260,99999999999999999999,0000000,,,1,1
4,13,10,17,19,0,1,2,1,1,11,1,0,8,0,15,1,3,4,55,1,1,2,1,0,0,3,1,0,0,19,3,19,13,19,21,0,0,0,0,1,7,0,40490,370,2009,2021,I-17,99999999999999999999,0000000,33.48306667,-112.113025,1,1
4,13,10,24,3,12,2,4,0,1,13,2,0,12,2,1,1,2,2,45,1,1,2,1,0,0,3,1,0,0,3,14,99,99,99,99,0,0,0,0,1,7,2,40491,158,2009,1447,US-60,99999999999999999999,0000000,33.61950556,-112.3257306,2,1
4,19,10,26,13,22,1,2,1,1,13,9,0,8,0,3,1,2,3,45,1,2,2,1,2,3,1,1,0,0,13,27,13,47,14,0,0,0,0,0,1,2,0,40492,0,2009,0,LA CHOLLA BLVD,HOSPITAL DR,0000000,32.319325,-111.0120861,1,1
4,25,10,16,19,28,1,2,0,1,1,1,0,1,0,1,3,3,2,75,1,2,2,1,40,3,2,1,0,0,19,28,20,16,99,99,0,0,0,0,1,6,0,40493,0,2009,1052,I-40,99999999999999999999,0000000,35.26454167,-113.1553389,1,1
4,25,10,17,20,24,1,2,0,0,4,3,0,11,0,1,1,2,2,65,1,1,2,1,0,0,2,1,0,0,20,24,20,32,99,99,0,0,0,0,1,7,0,40494,0,2009,3199,SR-89A,99999999999999999999,0000000,34.63351667,-112.3931944,1,1
4,3,10,24,6,44,1,8,0,1,1,1,0,1,0,1,1,2,2,75,1,1,2,1,0,0,1,1,0,0,6,48,7,8,8,37,0,0,0,0,1,7,0,40497,0,2009,3618,I-10,99999999999999999999,0000000,32.33433889,-109.5299583,1,1
4,23,10,24,3,28,1,1,0,1,1,7,0,1,0,1,1,1,2,55,2,1,2,1,0,0,2,1,0,0,3,12,3,18,5,0,0,0,0,0,1,7,1,40498,529,2009,400,I-19 FRONTAGE RD,99999999999999999999,0000000,31.64753056,-111.0580278,1,1
4,13,10,9,9,6,1,2,1,1,11,1,0,9,0,11,1,6,1,65,1,3,2,1,2,3,1,1,0,0,9,6,9,11,88,88,0,0,0,0,1,6,0,40499,370,2009,1380,I-10 RAMP,59TH AVE,0000000,33.46233056,-112.1865889,1,1
4,25,10,24,15,0,1,2,1,0,16,9,0,8,0,1,1,1,2,25,1,2,2,1,0,0,1,1,0,0,15,0,15,10,88,88,0,0,0,0,1,7,0,40500,120,2009,0,VILLA DR,99999999999999999999,0000000,34.69818889,-111.9846944,1,1
4,13,10,26,12,8,2,4,0,0,14,6,0,12,4,2,1,5,4,45,1,1,2,1,2,3,1,1,0,0,12,9,12,13,12,35,0,0,0,0,1,2,0,40501,490,2009,0,GUADALUPE RD,KYRENE RD,0000000,33.36365278,-111.9458833,2,1
4,13,9,19,4,30,1,1,0,1,12,3,0,27,0,13,4,6,1,65,1,2,2,1,0,0,3,1,0,0,4,32,99,99,5,17,0,0,0,0,1,7,1,40502,368,2009,100,SR-101 RAMP,99999999999999999999,0000000,33.5783,-112.2584306,1,1
4,3,10,15,20,32,1,1,0,0,4,3,0,1,0,1,4,1,2,65,2,2,2,1,0,0,2,1,0,0,20,35,20,53,99,99,0,0,0,0,1,5,1,40503,0,2009,622,SR-82,99999999999999999999,0000000,31.72736389,-110.1794333,1,1
4,11,10,27,14,0,2,2,0,0,4,2,0,31,0,1,4,1,2,30,2,2,2,1,40,3,1,6,0,0,14,50,15,10,99,99,0,18,0,0,1,3,0,40504,0,2009,2084,US-191,99999999999999999999,0000000,33.44865278,-109.3611333,1,6
4,13,7,13,19,30,2,2,0,0,13,6,0,1,0,2,1,2,2,35,1,1,2,1,2,3,1,1,0,0,99,99,99,99,99,99,0,0,0,0,1,2,0,40505,370,2009,0,BUCKEYE RD,I-17 FRONTAGE RD,0000000,33.43679444,-112.1086972,2,1
4,13,8,25,11,44,1,1,0,0,16,6,0,42,0,1,4,1,2,25,2,1,2,1,0,0,1,1,0,0,11,41,11,45,12,3,0,0,0,0,1,3,1,40506,370,2009,0,LEWIS AVE,99999999999999999999,0000000,33.47493333,-111.9953694,1,1
4,13,9,12,14,5,1,1,0,0,13,6,0,1,0,1,1,3,3,35,1,2,2,1,0,0,1,1,0,0,14,6,14,10,14,27,0,0,0,0,1,7,0,40507,370,2009,0,7TH ST,99999999999999999999,0000000,33.446025,-112.0652139,1,1
4,13,9,16,7,58,1,3,2,0,14,6,0,15,0,4,4,5,6,40,1,1,2,1,0,0,1,1,0,0,99,99,99,99,99,99,0,0,0,0,1,4,0,40508,370,2009,0,NORTHERN AVE,99999999999999999999,0000000,33.55309444,-112.1019806,1,1
4,25,10,22,15,21,1,1,0,0,5,9,0,41,0,1,6,1,2,50,1,2,2,1,0,0,1,1,0,0,15,23,15,45,99,99,0,0,0,0,1,5,0,40509,0,2009,0,BEAVERHEAD FLAT RD,99999999999999999999,0000000,34.72992222,-111.8067889,1,1
4,25,3,4,15,56,1,2,1,0,6,9,0,8,0,1,6,1,2,25,1,1,2,1,0,0,1,1,0,0,15,56,15,58,17,5,0,0,0,0,1,4,0,40510,33,2009,0,MURPHY DR,99999999999999999999,0000000,,,1,1
4,19,10,14,20,17,1,2,0,0,5,3,0,31,0,1,4,1,2,55,2,2,2,1,0,0,2,1,0,0,20,17,20,35,99,99,0,0,0,0,1,4,1,40511,0,2009,360,SR-286,99999999999999999999,0000000,31.95592222,-111.3882889,1,1
4,25,4,8,20,59,1,2,1,0,3,3,0,8,0,1,1,1,2,99,9,9,2,1,0,0,6,1,0,0,21,2,21,10,21,30,0,0,0,0,1,4,0,40512,65,2009,2140,SR-260,99999999999999999999,0000000,34.62895556,-111.9338472,1,1
4,13,6,8,17,18,1,2,1,0,13,6,0,8,0,3,1,5,4,40,1,1,2,1,0,0,1,1,0,0,17,20,17,27,17,49,0,0,0,0,1,2,0,40513,370,2009,0,35TH AVE,ROYAL PALM LN,0000000,33.555575,-112.1342639,1,1
4,5,6,14,5,25,1,3,1,1,2,2,3,8,0,1,1,1,2,65,1,1,2,1,0,0,2,1,0,0,99,99,99,99,99,99,0,0,0,0,1,1,0,40514,0,2009,3555,US-160,99999999999999999999,0000000,36.42663611,-110.7851444,1,1
4,13,6,19,22,39,2,3,0,0,6,9,0,12,5,2,1,1,2,45,1,1,2,1,20,3,2,1,0,0,99,99,99,99,99,99,0,0,0,0,1,6,0,40516,0,2009,0,TURNER RD,HAZEN RD,0000000,33.35561389,-112.6424139,2,1
4,19,6,20,7,0,1,2,0,1,11,1,0,5,0,1,1,2,2,99,1,1,2,1,0,0,1,1,0,0,99,99,99,99,88,88,0,0,0,0,1,7,0,40517,219,2009,399,I-19,99999999999999999999,0000000,31.85821389,-110.9922778,1,1
4,17,6,20,15,1,1,1,0,0,3,3,3,1,0,1,4,1,2,55,1,1,2,1,0,0,1,1,0,0,99,99,99,99,88,88,0,0,0,0,1,7,0,40518,0,2009,3893,SR-264,99999999999999999999,0000000,35.81151389,-110.4110111,1,1
4,1,6,21,9,8,1,2,0,0,4,8,3,1,0,9,99,9,9,99,9,9,2,9,0,0,1,9,0,0,99,99,99,99,99,99,0,0,0,0,1,1,0,40520,0,2009,0,BIA-15,99999999999999999999,0000000,,,1,9
4,25,6,23,12,58,2,3,0,0,13,3,0,12,6,2,1,5,4,50,1,1,2,1,2,3,1,1,0,0,99,99,99,99,99,99,0,0,0,0,1,3,0,40521,386,2009,3155,SR-89,PRESCOTT LAKES PKWY,0000000,34.57699167,-112.4322806,2,1
4,5,6,23,99,99,1,2,1,1,2,2,3,8,0,9,99,9,9,99,9,9,2,9,0,0,9,9,0,0,99,99,99,99,99,99,0,0,0,0,1,3,0,40522,0,2009,3200,US-160,99999999999999999999,0000000,36.10684444,-111.2540361,1,9
4,1,6,23,19,30,1,2,0,0,6,9,3,47,0,9,99,9,9,99,9,9,9,9,0,0,6,9,0,0,99,99,99,99,99,99,0,0,0,0,1,3,0,40523,0,2009,0,UNKNOWN RD,99999999999999999999,0000000,,,1,9
4,5,6,24,3,14,1,2,0,0,3,3,3,1,0,9,99,9,9,99,9,9,9,9,0,0,6,9,0,0,99,99,99,99,99,99,0,0,0,0,1,4,0,40524,0,2009,3335,SR-264,99999999999999999999,0000000,36.01906389,-111.1128444,1,9
4,1,6,29,6,59,2,2,0,0,3,3,3,12,1,9,1,9,9,99,9,9,9,9,0,0,1,9,0,0,99,99,99,99,99,99,0,0,0,0,1,2,0,40526,0,2009,4750,SR-264,99999999999999999999,0000000,35.66193333,-109.0656556,2,9
4,17,7,23,20,11,1,2,1,0,15,3,3,8,0,1,1,1,4,99,9,9,2,2,0,0,6,2,0,0,99,99,99,99,88,88,0,0,0,0,1,5,0,40527,565,2009,3393,SR-73,99999999999999999999,0000000,33.8403,-109.964275,1,2
4,17,8,14,2,59,1,2,1,0,16,8,3,8,0,1,1,1,2,99,9,9,2,9,0,0,6,9,0,0,99,99,99,99,99,99,0,0,0,0,1,6,0,40528,565,2009,0,3RD AVE,99999999999999999999,0000000,,,1,9
4,1,8,25,10,29,2,3,0,0,4,8,3,12,2,9,99,9,9,99,9,9,9,9,0,0,1,9,0,0,99,99,99,99,99,99,0,0,0,0,1,3,0,40529,0,2009,0,BIA-12,99999999999999999999,0000000,36.30326389,-109.1979639,2,9
4,5,8,27,99,99,1,1,0,0,6,8,0,99,99,9,99,1,2,99,9,9,9,9,0,0,9,9,0,0,99,99,99,99,99,99,0,0,0,0,1,5,0,40530,0,2009,0,FOREST ROUTE 230,99999999999999999999,0000000,,,1,9
4,5,8,28,20,0,1,2,0,0,6,8,3,37,0,9,99,9,9,99,9,9,9,9,0,0,6,9,0,0,99,99,99,99,99,99,0,0,0,0,1,6,0,40531,0,2009,0,BIA 20,99999999999999999999,0000000,,,1,9
4,1,6,15,99,99,1,2,0,0,6,9,3,1,0,9,99,9,9,99,9,9,9,9,0,0,9,9,0,0,99,99,99,99,99,99,0,0,0,0,1,2,0,40533,0,2009,0,UNKNOWN RD,99999999999999999999,0000000,,,1,9
4,13,8,1,5,27,1,4,0,0,15,9,3,1,0,1,99,9,9,99,9,9,9,9,0,0,6,9,0,0,99,99,99,99,99,99,0,0,0,0,1,7,1,40534,0,2009,0,BASELINE RD,99999999999999999999,0000000,33.37730278,-112.2361111,1,9
4,25,8,19,9,16,1,1,0,1,1,1,0,36,0,1,6,2,2,65,1,2,2,1,0,0,1,1,0,0,9,19,9,23,10,17,0,0,0,0,1,4,0,40535,0,2009,2439,I-17,99999999999999999999,0000000,34.07087222,-112.1410444,1,1
4,13,8,23,18,43,1,1,0,0,14,9,0,1,0,1,1,3,3,35,2,2,2,1,0,0,1,1,0,0,99,99,99,99,99,99,0,0,0,0,1,1,1,40537,370,2009,0,SKY HARBOR BLVD,99999999999999999999,0000000,33.43631111,-111.9818194,1,1
4,13,8,24,16,45,2,3,0,0,13,9,3,12,2,9,1,1,9,99,9,9,9,9,0,0,1,9,0,0,99,99,99,99,99,99,0,0,0,0,3,2,0,40538,0,2009,0,MCKELLIPS RD,99999999999999999999,0000000,33.4535,-111.8662694,2,9
4,13,8,25,11,8,3,3,0,0,13,6,0,12,6,2,1,2,3,40,1,1,2,1,2,3,1,1,0,0,11,15,11,20,11,39,0,0,0,0,1,3,0,40539,370,2009,0,GREENWAY PKWY,7TH AVE,0000000,33.63302778,-112.0828194,3,1
4,19,8,27,6,48,1,1,0,0,3,3,3,1,0,1,4,1,2,65,1,1,2,1,0,0,1,1,0,0,99,99,99,99,99,99,0,0,0,0,1,5,0,40540,0,2009,780,SR-86,99999999999999999999,0000000,32.18249444,-112.3459861,1,1
4,21,8,31,14,2,1,1,0,0,6,9,0,35,0,1,4,1,2,35,1,1,5,1,0,0,1,1,0,0,99,99,99,99,99,99,0,0,0,0,1,2,0,40541,0,2009,0,GREEN RD,99999999999999999999,0000000,32.97071389,-112.0653222,1,1
4,19,8,27,12,2,1,4,0,0,5,8,3,37,0,1,6,1,2,50,2,2,1,2,0,0,1,1,0,0,99,99,99,99,99,99,0,0,0,0,2,5,1,40542,0,2009,0,BIA 19,99999999999999999999,0000000,,,1,1
4,3,10,22,7,45,2,4,0,1,13,3,0,12,2,1,1,1,2,45,2,2,2,1,0,0,1,1,0,0,7,50,7,53,99,99,0,0,0,0,2,5,0,40543,0,2009,3397,SR-80,99999999999999999999,0000000,31.44067222,-109.9120167,2,1
4,13,10,20,21,22,1,3,1,1,1,1,0,8,0,1,1,2,2,75,1,1,2,1,0,0,2,1,0,0,21,28,21,40,88,88,0,0,0,0,1,3,0,40544,0,2009,860,I-10,99999999999999999999,0000000,33.52126389,-113.0751833,1,1
4,17,9,1,99,99,1,1,0,0,4,8,3,1,0,9,99,9,9,99,2,9,9,9,0,0,9,9,0,0,99,99,99,99,88,88,0,0,0,0,1,3,0,40545,0,2009,0,BIA 15,99999999999999999999,0000000,,,1,9
4,19,9,4,2,31,1,2,1,0,14,8,3,8,0,1,1,1,2,45,1,1,2,1,0,0,3,1,0,0,99,99,99,99,88,88,0,0,0,0,1,6,0,40546,0,2009,0,SAN XAVIER RD,99999999999999999999,0000000,32.10639722,-110.993425,1,1
4,13,9,5,2,25,2,9,0,0,13,2,0,12,6,2,1,2,3,45,1,1,2,1,2,3,3,1,0,0,2,26,2,30,3,1,0,0,0,0,2,7,1,40547,370,2009,1590,US-60,35TH AVE,0000000,33.49492778,-112.1342361,2,1
4,13,9,6,8,27,2,3,0,0,13,6,0,12,6,2,1,2,3,40,1,1,2,1,2,3,1,1,0,0,8,27,8,34,8,46,0,0,0,0,1,1,0,40548,370,2009,0,CACTUS RD,CAVE CREEK RD,0000000,33.59687222,-112.0379944,2,1
4,1,9,7,20,10,1,6,1,0,4,8,3,8,0,1,1,1,2,55,1,1,2,1,0,0,2,1,0,0,99,99,99,99,88,88,0,0,0,0,1,2,0,40549,0,2009,0,BIA 12,99999999999999999999,0000000,,,1,1
4,13,9,10,10,46,1,2,1,0,13,6,0,8,0,1,1,5,5,40,1,1,2,1,0,0,1,1,0,0,11,51,11,53,99,99,0,0,0,0,1,5,0,40550,370,2009,0,THOMAS RD,99999999999999999999,0000000,33.480475,-112.1339333,1,1
4,13,9,11,18,54,2,4,0,0,13,6,0,12,6,10,1,3,3,45,1,1,1,1,2,3,3,1,0,0,18,55,18,59,19,21,0,0,0,0,1,6,0,40551,490,2009,0,BASELINE RD,I-10 RAMP,0000000,33.37836667,-111.9673444,2,1
4,17,9,14,99,99,1,2,0,0,4,3,3,99,99,9,99,9,9,99,9,9,9,9,0,0,9,9,0,0,99,99,99,99,99,99,0,0,0,0,1,2,0,40552,0,2009,99999,SR-87,99999999999999999999,0000000,35.3697,-110.4249583,1,9
4,21,9,14,5,57,1,2,1,0,4,4,0,9,0,1,1,1,2,45,1,1,2,1,0,0,4,1,0,0,5,57,6,8,6,41,0,0,0,0,1,2,0,40553,0,2009,0,HUNT HWY,99999999999999999999,0000000,33.19970278,-111.6198278,1,1
4,13,9,14,17,26,1,1,0,0,15,6,0,1,0,1,1,2,2,99,2,1,2,1,0,0,1,1,0,0,99,99,99,99,88,88,0,0,0,0,1,2,1,40554,420,2009,0,PINNACLE PEAK RD,99999999999999999999,0000000,33.69855556,-111.8888528,1,1
4,25,9,15,13,11,3,5,0,0,14,3,0,12,2,2,1,5,4,45,1,1,2,1,3,3,1,1,0,0,13,14,13,18,13,40,0,0,0,0,1,3,0,40555,120,2009,3523,SR-89A,6TH ST,0000000,34.72974444,-112.0227917,3,1
4,13,9,15,20,58,1,2,1,0,13,6,0,8,0,1,1,5,7,35,1,1,2,1,0,0,3,1,0,0,20,58,21,0,99,99,0,0,0,0,1,3,0,40556,370,2009,0,INDIAN SCHOOL RD,99999999999999999999,0000000,33.49501667,-112.1070083,1,1
4,13,9,17,7,36,1,2,1,0,13,6,0,9,0,3,1,2,3,40,1,1,2,1,2,3,1,1,0,0,7,36,8,40,88,88,0,0,0,0,1,5,0,40557,370,2009,0,INDIAN SCHOOL RD,31ST AVE,0000000,33.49496111,-112.1256278,1,1
4,21,9,17,18,54,1,2,0,0,6,9,0,35,0,1,4,1,2,35,1,1,5,1,0,0,5,1,0,0,18,54,19,5,99,99,0,0,0,0,1,5,1,40558,0,2009,0,HIDDEN VALLEY RD,99999999999999999999,0000000,33.03070278,-112.1510556,1,1
4,13,9,19,19,25,1,3,1,0,13,6,0,15,0,1,1,5,5,40,1,1,2,1,0,0,3,1,0,0,99,99,99,99,88,88,0,0,0,0,1,7,1,40559,370,2009,0,INDIAN SCHOOL RD,99999999999999999999,0000000,33.49500278,-112.0226194,1,1
4,13,9,19,21,22,3,6,0,0,13,6,0,12,5,2,1,5,6,40,1,1,2,1,2,3,3,1,0,0,21,22,21,24,88,88,0,0,0,0,1,7,1,40560,370,2009,0,INDIAN SCHOOL RD,67TH AVE,0000000,33.49485556,-112.20325,3,1
4,13,9,20,0,50,1,4,3,0,13,6,0,8,0,1,1,5,5,40,1,1,2,1,0,0,3,1,0,0,1,0,1,3,99,99,0,0,0,0,1,1,1,40561,370,2009,0,THOMAS RD,99999999999999999999,0000000,33.48047222,-112.1505722,1,1
4,13,9,21,5,46,1,2,1,0,13,6,0,8,0,3,1,5,5,35,1,1,2,1,2,3,4,1,0,0,99,99,99,99,99,99,0,0,0,0,1,2,0,40562,370,2009,0,19TH AVE,THOMAS RD,0000000,33.48076111,-112.0999639,1,1
4,17,9,21,21,5,1,2,1,0,6,6,0,8,0,1,1,9,9,99,9,9,2,1,0,0,3,1,0,0,99,99,99,99,88,88,0,0,0,0,1,2,0,40563,240,2009,0,HOPI DR,99999999999999999999,0000000,34.90277778,-110.1684,1,1
4,13,9,23,7,22,2,3,0,0,14,6,0,12,6,2,1,5,4,45,1,1,2,1,2,3,1,1,0,0,99,99,99,99,99,99,1,0,0,0,2,4,0,40564,370,2009,0,UNION HILLS DR,12TH ST,0000000,33.65485278,-112.0568889,2,1
4,13,9,25,15,42,3,4,0,0,15,6,0,12,5,2,1,5,4,35,1,1,2,1,2,3,1,1,0,0,15,44,15,49,16,1,0,0,0,0,2,6,0,40566,370,2009,0,3RD ST,OSBORN RD,0000000,33.48749167,-112.069425,3,1
4,13,9,25,18,13,2,4,0,0,13,6,0,12,5,2,1,5,5,45,1,1,2,1,2,3,1,1,0,0,99,99,99,99,99,99,0,0,0,0,1,6,1,40567,370,2009,0,19TH AVE,MARYLAND AVE,0000000,33.53138889,-112.0996333,2,1
4,13,9,29,7,30,2,4,0,1,1,1,0,12,1,1,1,2,2,75,1,1,2,1,0,0,1,1,0,0,7,30,7,45,8,20,0,0,0,0,1,3,0,40568,0,2009,857,I-8,99999999999999999999,0000000,32.85655278,-113.2360417,2,1
4,25,10,18,18,55,1,2,1,0,14,3,0,8,0,1,1,5,4,45,1,1,2,1,0,0,2,1,0,0,18,55,19,6,88,88,0,0,0,0,1,1,0,40569,0,2009,2087,SR-260,99999999999999999999,0000000,34.69314444,-111.9832778,1,1
4,21,11,1,6,51,1,1,0,1,1,1,0,31,0,1,4,2,2,75,1,1,2,1,0,0,1,1,0,0,6,51,6,59,88,88,0,0,0,0,1,1,1,40570,0,2009,1865,I-10,99999999999999999999,0000000,32.98809444,-111.7410639,1,1
4,3,11,2,21,46,1,2,1,1,13,3,0,8,0,1,1,5,4,45,1,1,2,1,0,0,2,1,0,0,21,50,21,52,21,57,0,0,0,0,1,2,0,40571,431,2009,3221,SR-90,99999999999999999999,0000000,31.55463611,-110.2472583,1,1
4,19,11,4,19,45,2,2,0,0,14,9,0,12,2,2,1,5,5,45,1,1,2,1,0,0,3,1,0,0,19,45,19,45,20,15,0,0,0,0,1,4,0,40572,530,2009,0,NOGALES HWY,PAN TAK ST,0000000,32.11765556,-110.9607222,2,1
4,25,11,5,18,0,2,2,0,1,2,3,0,12,2,1,1,2,2,65,1,1,2,1,0,0,5,1,0,0,18,2,18,12,19,13,0,0,0,0,1,5,1,40573,0,2009,2772,SR-69,99999999999999999999,0000000,34.47894167,-112.2596861,2,1
4,3,11,7,0,43,1,2,1,0,13,3,0,8,0,1,1,5,4,45,1,1,2,1,0,0,2,1,0,0,0,44,0,48,88,88,0,0,0,0,1,7,0,40574,431,2009,3221,SR-92,99999999999999999999,0000000,31.54173889,-110.2573722,1,1
4,13,11,8,99,99,1,2,0,0,16,6,0,5,0,1,1,9,9,99,9,9,2,9,0,0,6,9,0,0,99,99,99,99,99,99,0,0,0,0,1,1,0,40575,290,2009,0,ADAIR CIR,99999999999999999999,0000000,33.45702778,-111.6294611,1,9
4,17,11,9,12,55,1,2,0,0,4,3,0,1,0,1,4,1,2,65,1,1,2,1,0,0,1,1,0,0,12,55,13,5,15,30,0,0,0,0,1,2,1,40576,0,2009,4037,SR-77,99999999999999999999,0000000,35.09513889,-110.0966333,1,1
4,19,11,11,21,5,1,1,0,0,4,9,0,21,0,15,4,1,2,45,1,1,2,1,0,0,2,1,0,0,21,5,21,15,88,88,0,0,0,0,1,4,0,40577,295,2009,0,AVRA VALLEY RD,99999999999999999999,0000000,32.40093333,-111.1310972,1,1
4,13,11,13,10,3,1,1,0,1,12,3,0,21,0,1,4,3,2,65,1,1,2,1,0,0,1,1,0,0,10,4,10,14,88,88,0,0,0,0,1,6,0,40578,370,2009,233,SR-101,99999999999999999999,0000000,33.66862222,-112.1154194,1,1
4,13,11,14,0,41,2,5,0,1,11,1,0,12,1,1,1,3,6,65,1,1,2,1,0,0,3,1,0,0,0,54,1,4,1,45,0,23,0,0,2,7,0,40579,370,2009,1351,I-10,99999999999999999999,0000000,33.46211944,-112.247925,2,1
4,21,11,14,13,4,3,6,0,1,1,1,0,13,6,1,1,2,2,65,1,1,2,2,0,0,1,2,0,0,13,4,13,10,99,99,0,0,0,0,1,7,0,40580,0,2009,2225,I-10,99999999999999999999,0000000,32.63152222,-111.3722694,3,2
4,25,11,14,17,18,1,2,0,1,1,1,0,1,0,15,3,2,2,75,1,1,2,1,0,0,1,1,0,0,17,18,17,35,99,99,0,0,0,0,1,7,0,40581,0,2009,3062,I-17,99999999999999999999,0000000,34.76305,-111.6577556,1,1
4,13,11,14,22,4,2,3,0,1,12,3,0,12,1,1,1,3,5,65,1,1,2,1,0,0,3,1,0,0,22,7,22,18,22,37,0,0,0,0,1,7,0,40582,490,2009,555,SR-101,99999999999999999999,0000000,33.39405278,-111.8913056,2,1
4,5,11,15,7,28,1,2,0,1,1,1,0,1,0,1,3,2,2,75,1,1,2,1,0,0,1,1,0,0,7,30,7,45,99,99,0,0,0,0,1,1,1,40583,0,2009,2439,I-40,99999999999999999999,0000000,35.07485,-110.8602167,1,1
4,5,11,16,11,16,1,2,1,0,14,6,0,9,0,2,1,5,4,99,1,1,2,1,2,3,1,1,0,0,11,16,11,23,11,31,0,0,0,0,1,2,0,40584,170,2009,0,BUTLER AVE,BABBITT DR,0000000,35.19135833,-111.6307278,1,1
4,5,11,17,16,20,1,2,1,0,13,3,0,8,0,2,1,5,4,25,1,1,2,1,2,3,1,1,0,0,16,20,16,23,16,47,0,0,0,0,1,3,0,40585,170,2009,4031,SR-89A,PLAZA WAY,0000000,35.18928889,-111.6615194,1,1