STATE,COUNTY,MONTH,DAY,HOUR,MINUTE,VE_TOTAL,PERSONS,PEDS,NHS,ROAD_FNC,ROUTE,SP_JUR,HARM_EV,MAN_COLL,REL_JUNC,REL_ROAD,TRAF_FLO,NO_LANES,SP_LIMIT,ALIGNMNT,PROFILE,PAVE_TYP,SUR_COND,TRA_CONT,T_CONT_F,LGT_COND,WEATHER1,WEATHER2,WRK_ZONE,NOT_HOUR,NOT_MIN,ARR_HOUR,ARR_MIN,HOSP_HR,HOSP_MN,SCH_BUS,CF1,CF2,CF3,FATALS,DAY_WEEK,DRUNK_DR,ST_CASE,CITY,YEAR,MILEPT,TWAY_ID,TWAY_ID2,RAIL,LATITUDE,LONGITUD,VE_FORMS,WEATHER
4,13,11,18,5,40,1,2,1,0,14,6,0,9,0,3,1,5,4,45,1,1,2,1,2,3,3,1,0,0,99,99,99,99,99,99,0,0,0,0,1,4,0,40586,290,2009,0,BROADWAY RD,24TH ST,0000000,33.40813056,-111.7796556,1,1
4,13,11,18,12,5,2,6,5,1,1,1,0,38,0,1,5,2,2,75,1,1,2,1,0,0,1,1,0,0,12,11,12,25,99,99,0,15,0,0,1,4,0,40587,0,2009,863,I-10,99999999999999999999,0000000,33.51975278,-113.0625333,1,1
4,13,11,19,17,27,2,2,0,1,13,2,0,12,2,2,1,2,2,45,1,1,2,1,2,3,6,1,0,0,17,29,17,38,17,55,0,0,0,0,1,5,0,40588,486,2009,1409,US-60,REEMS RD,0000000,33.65680833,-112.3736889,2,1
4,25,11,21,19,21,1,2,1,0,14,3,0,8,0,2,1,5,4,45,1,1,2,1,2,3,3,1,0,0,19,21,19,26,19,37,0,0,0,0,1,7,0,40590,120,2009,3523,SR-89A,6TH ST,0000000,34.72975278,-112.0228361,1,1
4,13,11,22,1,22,1,1,0,0,14,6,0,29,0,1,3,2,9,45,1,1,2,1,0,0,3,1,0,0,1,22,1,26,88,88,0,0,0,0,1,1,0,40591,290,2009,0,SOUTHERN AVE,99999999999999999999,0000000,33.39302222,-111.8597361,1,1
4,25,11,22,18,27,1,2,0,1,1,1,0,37,0,1,4,2,2,65,2,2,2,1,0,0,2,1,0,0,18,27,18,37,19,46,0,0,0,0,1,1,0,40592,0,2009,2512,I-17,99999999999999999999,0000000,34.17409444,-112.1370861,1,1
4,12,11,25,18,56,1,2,0,0,5,4,0,1,0,1,6,1,2,35,2,1,2,1,0,0,2,1,0,0,99,99,99,99,99,99,0,0,0,0,1,4,0,40593,0,2009,0,CENTENIAL PARK RD,99999999999999999999,0000000,33.79136389,-113.5580889,1,1
4,13,11,25,21,49,1,2,1,0,13,6,0,8,0,3,1,5,5,45,1,1,2,1,0,0,3,1,0,0,21,51,21,58,22,25,0,0,0,0,1,4,0,40595,490,2009,0,BASELINE RD,ASH AVE,0000000,33.37821667,-111.9415167,1,1
4,23,11,26,21,30,1,1,0,1,11,1,0,37,0,1,4,2,2,75,1,1,2,1,0,0,2,1,0,0,21,34,21,42,88,88,0,0,0,0,1,5,0,40597,0,2009,64,I-19,99999999999999999999,0000000,31.41117222,-110.9620278,1,1
4,21,11,28,10,27,2,5,0,1,1,1,0,12,1,1,1,2,2,75,1,1,2,1,0,0,1,7,0,0,10,27,10,37,99,99,0,0,0,0,2,7,0,40598,0,2009,2138,I-10,99999999999999999999,0000000,32.70096944,-111.4757278,2,7
4,19,11,9,2,46,1,1,0,1,11,1,0,28,0,1,3,3,5,65,1,1,2,1,0,0,3,1,0,0,2,48,2,49,88,88,0,0,0,0,1,2,1,40599,530,2009,2548,I-10,99999999999999999999,0000000,32.265775,-111.0072861,1,1
4,5,11,15,0,12,1,1,0,1,1,1,0,1,0,1,4,2,2,75,1,2,2,1,0,0,2,1,0,0,0,17,0,24,88,88,0,0,0,0,1,1,1,40600,0,2009,1547,I-40,99999999999999999999,0000000,35.22271944,-112.3290139,1,1
4,13,12,1,19,57,1,2,1,0,13,6,0,8,0,3,1,5,4,40,1,1,2,1,2,3,3,1,0,0,19,56,20,4,20,18,0,0,0,0,1,3,0,40601,490,2009,0,UNIVERSITY DR,52ND ST,0000000,33.42195,-111.969675,1,1
4,19,12,2,8,18,1,1,0,1,11,1,0,1,0,1,1,2,2,65,1,1,2,1,0,0,1,1,0,0,8,18,8,25,88,88,0,0,0,0,1,4,1,40602,0,2009,578,I-19,99999999999999999999,0000000,32.119575,-110.9891972,1,1
4,13,12,4,2,9,1,3,1,0,13,6,0,8,0,1,1,2,3,50,1,1,2,1,0,0,2,1,0,0,2,10,2,18,3,13,0,0,0,0,1,6,0,40603,0,2009,0,APACHE TRL,99999999999999999999,0000000,33.41534167,-111.5814722,1,1
4,13,12,4,6,0,1,3,1,1,2,2,0,9,0,3,1,3,2,65,1,1,2,1,2,3,3,1,0,0,6,2,6,10,88,88,0,0,0,0,1,6,0,40604,486,2009,1378,US-60,163RD AVE,0000000,33.68678056,-112.4122167,1,1
4,25,12,6,99,99,2,2,0,0,4,3,0,12,2,1,1,1,9,65,1,1,2,1,0,0,4,1,0,0,6,53,7,0,99,99,0,0,0,0,1,1,0,40606,82,2009,99999,SR-89,99999999999999999999,0000000,34.82465556,-112.4570306,2,1
4,7,12,19,22,0,1,1,0,0,4,3,0,42,0,1,6,1,2,55,1,1,2,1,0,0,2,1,0,0,7,55,7,55,88,88,0,18,0,0,1,7,0,40607,0,2009,2603,SR-87,99999999999999999999,0000000,34.31859444,-111.3771639,1,1
4,13,12,24,12,5,2,3,0,0,13,6,0,12,6,2,1,9,9,45,1,1,2,1,2,3,1,1,0,0,99,99,99,99,88,88,0,0,0,0,1,5,0,40609,290,2009,0,MCKELLIPS RD,HIGLEY RD,0000000,33.45188889,-111.7188,2,1
4,13,10,21,14,0,1,2,0,0,13,6,0,1,0,1,1,2,3,40,1,1,2,1,0,0,1,1,0,0,99,99,99,99,99,99,0,0,0,0,1,4,0,40612,370,2009,0,BELL RD,99999999999999999999,0000000,33.64013611,-112.0826222,1,1
4,21,12,18,15,58,2,7,0,0,3,3,0,12,6,2,1,2,2,65,1,1,2,1,0,0,1,1,0,0,16,1,16,8,16,55,0,0,0,0,1,6,0,40613,0,2009,1687,SR-347,PAPAGO RD,0000000,32.98561111,-112.0481028,2,1
4,3,12,17,17,48,2,2,0,0,4,4,0,12,1,1,1,1,2,55,1,1,2,1,0,0,5,1,0,0,17,48,18,12,99,99,0,0,0,0,1,5,0,40614,0,2009,0,KANSAS SETTLEMENT RD,99999999999999999999,0000000,32.00014167,-109.7627306,2,1
4,13,12,30,21,25,1,2,0,0,13,6,0,29,0,1,6,9,9,45,1,1,2,1,0,0,3,1,0,0,21,25,21,30,99,99,0,0,0,0,1,4,1,40615,290,2009,0,ALMA SCHOOL RD,99999999999999999999,0000000,33.43159722,-111.8562917,1,1
4,13,9,29,16,39,1,2,0,0,14,6,0,33,0,1,4,5,5,45,1,1,2,1,0,0,1,1,0,0,16,39,16,50,17,13,0,0,0,0,1,3,0,40616,370,2009,0,UNION HILLS DR,99999999999999999999,0000000,33.65466389,-112.1317333,1,1
4,13,10,11,0,26,1,1,0,0,16,6,0,44,0,1,1,1,2,30,1,2,2,1,0,0,3,1,0,0,0,26,0,29,88,88,0,0,0,0,1,1,1,40617,370,2009,0,20TH ST,99999999999999999999,0000000,33.37503333,-112.0401833,1,1
4,19,10,22,0,17,1,1,0,1,11,1,0,33,0,13,4,6,1,40,2,2,2,1,0,0,3,1,0,0,99,99,99,99,99,99,0,0,0,0,1,5,0,40618,530,2009,2630,I-10 RAMP,99999999999999999999,0000000,32.17751944,-110.9459222,1,1
4,1,11,11,4,13,1,1,0,1,1,1,3,1,0,1,4,2,2,75,2,2,2,1,0,0,2,1,0,0,99,99,99,99,88,88,0,0,0,0,1,4,0,40619,0,2009,3324,I-40,99999999999999999999,0000000,35.184775,-109.4525111,1,1
4,3,11,10,19,15,1,2,1,1,2,3,0,8,0,1,1,2,2,65,1,1,2,1,0,0,2,1,0,0,19,16,19,23,88,88,0,0,0,0,1,3,0,40620,0,2009,3629,SR-80,99999999999999999999,0000000,31.35535833,-109.6131944,1,1
4,21,12,9,16,26,1,1,0,0,3,3,0,31,0,1,6,1,2,65,1,1,2,1,0,0,1,1,0,0,16,26,16,33,88,88,0,0,0,0,1,4,0,40621,110,2009,1379,SR-87,99999999999999999999,0000000,33.00250833,-111.5802167,1,1
4,12,11,16,15,27,1,2,0,0,4,3,0,30,0,1,4,1,2,55,1,1,2,1,0,0,1,1,0,0,15,27,15,48,99,99,0,0,0,0,1,2,0,40623,0,2009,304,SR-72,99999999999999999999,0000000,33.89634722,-113.9673694,1,1
4,13,11,30,20,35,1,2,1,1,2,3,0,8,0,1,1,2,2,65,1,1,2,1,0,0,2,1,0,0,20,35,20,52,88,88,0,0,0,0,1,2,0,40624,0,2009,2002,SR-87,99999999999999999999,0000000,33.63886111,-111.5460556,1,1
4,5,12,5,3,9,1,1,0,1,1,1,0,1,0,1,1,2,2,75,2,2,2,1,0,0,2,1,0,0,3,11,3,27,88,88,0,0,0,0,1,7,1,40625,0,2009,1654,I-40,99999999999999999999,0000000,35.264,-112.1611833,1,1
4,13,9,25,12,46,2,2,0,0,16,6,0,12,5,2,1,1,2,25,1,1,2,1,20,3,1,1,0,0,12,46,12,48,99,99,0,0,0,0,1,6,0,40626,0,2009,0,58TH ST,ALBANY ST,0000000,33.41814444,-111.7061833,2,1
4,21,9,26,99,99,1,2,0,0,4,8,3,99,99,9,99,9,9,99,9,9,9,9,0,0,9,9,0,0,99,99,99,99,99,99,0,0,0,0,1,7,0,40627,0,2009,0,BIA 15,99999999999999999999,0000000,,,1,9
4,13,9,29,18,55,1,5,4,0,14,6,0,8,0,9,1,9,9,99,9,9,2,9,0,0,9,9,0,0,99,99,99,99,99,99,0,0,0,0,1,3,0,40628,370,2009,0,43RD AVE,99999999999999999999,0000000,33.47686111,-112.1517,1,9
4,13,9,30,21,7,2,2,0,1,11,7,0,12,1,1,1,4,2,45,1,1,2,1,0,0,2,1,0,0,99,99,99,99,99,99,0,0,0,0,1,4,0,40629,370,2009,99999,I-17 FRONTAGE RD,99999999999999999999,0000000,33.61741667,-112.1170222,2,1
4,25,12,21,23,51,1,2,1,0,13,3,0,8,0,1,1,5,2,35,1,1,2,1,0,0,2,1,0,1,23,51,0,0,88,88,0,3,0,0,1,2,0,40630,0,2009,3132,SR-89,99999999999999999999,0000000,34.55547778,-112.4488556,1,1
4,3,10,4,20,58,1,15,0,0,6,9,0,1,0,1,1,1,2,0,2,2,5,1,0,0,2,1,0,0,21,57,22,18,99,99,0,0,0,0,1,1,0,40631,0,2009,0,DRAGOON RANCH RD,99999999999999999999,0000000,31.94548056,-110.1243472,1,1
4,13,10,6,8,30,2,3,0,0,16,6,0,12,6,2,1,2,3,45,2,1,2,1,2,3,1,1,0,0,8,30,8,35,99,99,0,0,0,0,1,3,0,40632,370,2009,0,GREENWAY PKWY,66TH ST,0000000,33.62464444,-111.9391722,2,1
4,13,10,9,16,18,2,4,0,0,13,6,0,12,5,2,1,2,2,50,1,1,2,1,20,3,1,1,0,0,99,99,99,99,99,99,0,0,0,0,1,6,0,40633,0,2009,0,APACHE TRL,102ND ST,0000000,33.41508611,-111.611025,2,1
4,17,10,11,17,50,1,1,0,0,3,3,3,99,99,9,99,9,9,99,9,9,9,9,0,0,9,9,0,0,99,99,99,99,88,88,0,0,0,0,1,1,0,40634,0,2009,3096,SR-264,99999999999999999999,0000000,,,1,9
4,5,10,12,99,99,1,2,0,0,6,8,3,10,0,6,99,9,9,99,9,9,9,9,99,9,9,9,0,0,99,99,99,99,99,99,0,0,0,0,1,2,0,40635,0,2009,0,UNKNOWN RD,99999999999999999999,874931D,36.48131111,-111.1304861,1,9
4,13,10,17,1,39,2,7,0,0,14,6,0,12,1,1,1,5,5,40,1,1,2,1,0,0,3,1,0,0,1,41,1,49,99,99,0,0,0,0,1,7,1,40636,370,2009,0,43RD AVE,99999999999999999999,0000000,33.47022778,-112.1517639,2,1
4,13,10,17,23,35,1,2,1,0,13,6,0,9,0,3,1,2,3,45,2,1,2,1,2,3,6,1,0,0,23,36,23,40,88,88,0,0,0,0,1,7,1,40637,370,2009,0,GREENWAY PKWY,16TH ST,0000000,33.63644444,-112.0482306,1,1
4,1,10,17,99,99,1,2,0,0,4,8,3,99,99,9,99,9,9,99,9,9,9,9,0,0,9,9,0,0,99,99,99,99,99,99,0,0,0,0,1,7,0,40638,0,2009,0,BIA 12,99999999999999999999,0000000,,,1,9
4,3,10,19,99,99,1,3,2,0,3,3,0,8,0,9,1,9,9,35,9,9,9,9,0,0,9,9,0,0,99,99,99,99,99,99,0,0,0,0,2,2,0,40639,520,2009,3169,SR-80,99999999999999999999,0000000,31.71366667,-110.0666278,1,9
4,13,10,21,18,25,2,3,1,0,13,6,0,8,0,1,1,5,4,45,1,2,2,1,0,0,5,1,0,0,18,25,18,26,88,88,0,0,0,0,1,4,0,40640,370,2009,0,CAVE CREEK RD,99999999999999999999,0000000,33.59538611,-112.039325,2,1
4,13,10,22,11,26,2,2,0,0,13,6,0,12,5,2,1,2,3,45,1,1,2,1,20,3,1,1,0,0,11,26,11,28,99,99,0,0,0,0,1,5,0,40641,370,2009,0,THOMAS RD,79TH AVE,0000000,33.48005556,-112.2270472,2,1
4,21,10,23,14,45,2,2,0,0,6,9,0,12,2,1,1,1,2,35,2,3,2,1,0,0,1,1,0,0,14,45,14,56,15,41,0,0,0,0,1,6,0,40642,0,2009,0,OLD WEBB RD,99999999999999999999,0000000,32.59986667,-110.6836083,2,1
4,9,10,23,4,5,1,1,0,0,3,2,3,52,0,1,4,1,2,55,1,9,2,1,0,0,2,1,0,0,99,99,99,99,88,88,0,0,0,0,1,6,1,40643,0,2009,2763,US-70,99999999999999999999,0000000,33.28631389,-110.371725,1,1
4,3,10,24,99,99,1,1,0,0,3,3,0,1,0,9,99,9,9,99,9,9,2,9,0,0,6,9,0,0,99,99,99,99,88,88,0,0,0,0,1,7,1,40644,0,2009,2962,SR-80,99999999999999999999,0000000,31.92873611,-110.2791194,1,9
4,13,10,24,13,0,2,3,0,0,15,6,0,12,6,8,1,5,9,40,1,1,2,1,0,0,1,1,0,0,99,99,99,99,99,99,0,0,0,0,1,7,0,40645,370,2009,0,DEER VALLEY RD,99999999999999999999,0000000,33.68790556,-112.0467222,2,1
4,17,10,27,99,99,2,2,0,0,3,3,3,12,99,9,99,9,9,99,9,9,9,9,0,0,9,9,0,0,99,99,99,99,88,88,0,0,0,0,2,3,0,40646,0,2009,3620,SR-264,99999999999999999999,0000000,35.98268611,-110.7188194,2,9
4,13,10,28,18,22,1,4,1,0,14,6,0,8,0,1,1,9,9,99,9,9,2,9,0,0,9,9,0,0,99,99,99,99,99,99,0,0,0,0,1,4,0,40647,200,2009,0,67TH AVE,99999999999999999999,0000000,33.52524722,-112.2031111,1,9
4,13,10,31,1,11,1,3,0,0,16,6,0,33,0,1,4,1,2,25,2,1,2,1,0,0,3,1,0,0,99,99,99,99,99,99,0,0,0,0,1,7,1,40648,200,2009,0,64TH LN,99999999999999999999,0000000,33.58297778,-112.1975778,1,1
4,3,12,26,7,39,1,4,0,0,3,3,0,35,0,1,4,1,2,65,2,1,2,1,0,0,1,1,0,0,7,39,99,99,99,99,0,0,0,0,1,7,0,40649,0,2009,3077,SR-80,99999999999999999999,0000000,31.83081944,-110.1811583,1,1
4,13,11,5,17,20,1,1,0,0,16,6,0,43,0,3,5,1,2,25,1,1,2,1,20,3,1,1,0,0,17,20,17,23,17,49,0,0,0,0,1,5,1,40650,370,2009,0,HARTFORD AVE,42ND PL,0000000,33.64468056,-111.9902361,1,1
4,13,11,21,15,15,1,2,1,0,14,6,0,8,0,1,1,5,5,40,1,1,2,1,0,0,1,1,0,0,99,99,99,99,99,99,0,0,0,0,1,7,0,40651,370,2009,0,32ND ST,99999999999999999999,0000000,33.48543333,-112.0129472,1,1
4,13,12,1,19,24,1,2,1,0,13,6,0,8,0,1,1,9,9,45,1,1,2,1,0,0,3,1,0,0,19,24,19,26,88,88,0,0,0,0,1,3,0,40652,290,2009,0,MAIN ST,99999999999999999999,0000000,33.41550278,-111.6812611,1,1
4,13,11,19,3,2,1,1,0,1,12,3,0,38,0,1,4,3,4,65,1,1,2,1,0,0,3,1,0,0,3,3,3,7,3,30,0,0,0,0,1,5,0,40653,370,2009,95,SR-51,99999999999999999999,0000000,33.58239722,-112.010075,1,1
4,13,11,22,3,4,1,1,0,1,1,1,0,1,0,15,4,3,2,55,2,1,2,1,0,0,2,1,0,1,3,20,3,30,88,88,0,0,0,0,1,1,1,40654,0,2009,2271,I-17,99999999999999999999,0000000,33.84601389,-112.143675,1,1
4,17,12,16,17,46,1,2,1,1,2,3,0,8,0,1,1,5,2,55,1,1,2,1,0,0,5,1,0,0,17,47,17,52,88,88,0,0,0,0,1,4,0,40655,0,2009,3349,SR-260,99999999999999999999,0000000,34.28544722,-110.1208639,1,1
4,19,12,10,6,20,1,2,1,0,14,6,0,8,0,2,1,5,4,35,1,1,2,1,0,0,2,1,0,0,99,99,99,99,99,99,0,0,0,0,1,5,0,40657,530,2009,0,CRAYCROFT RD,SILVER ST,0000000,32.25359444,-110.8753528,1,1
4,19,12,3,17,16,1,1,0,0,6,9,0,1,0,3,6,1,2,25,1,1,5,1,0,0,2,1,0,0,17,16,17,16,88,88,0,20,0,0,1,5,0,40658,0,2009,0,CORTEL RD,WILTBANK RD,0000000,32.08869167,-111.2554,1,1
4,13,12,14,18,55,2,2,0,1,12,3,0,54,11,1,1,3,4,55,2,1,2,1,0,0,3,1,0,1,18,55,19,5,19,21,0,14,0,0,1,2,0,40659,370,2009,40,SR-202,99999999999999999999,0000000,33.45603333,-111.9749639,2,1
4,7,11,26,8,33,1,1,0,1,2,3,0,34,0,1,4,3,2,65,2,2,2,1,0,0,1,1,0,0,8,44,9,45,10,5,0,0,0,0,1,5,0,40660,0,2009,2290,SR-87,99999999999999999999,0000000,33.96119167,-111.3922306,1,1
4,7,12,21,1,47,1,1,0,1,2,3,0,24,0,1,4,3,2,55,2,2,2,1,0,0,2,1,0,0,1,51,2,3,88,88,0,20,0,0,1,2,0,40661,0,2009,2450,SR-87,99999999999999999999,0000000,34.15503611,-111.3169111,1,1
4,21,12,22,99,99,13,18,0,1,1,1,0,12,1,1,1,2,2,75,1,1,2,1,0,0,1,7,0,0,99,99,99,99,99,99,0,0,0,0,3,3,0,40662,0,2009,1920,I-10,99999999999999999999,0000000,32.92151111,-111.6891139,13,7
4,17,12,27,18,14,1,2,0,0,4,3,0,1,0,1,1,1,2,65,1,1,2,1,0,0,2,1,0,0,18,15,18,35,99,99,0,0,0,0,1,1,0,40663,0,2009,3577,SR-87,99999999999999999999,0000000,35.130125,-110.4971361,1,1
4,13,12,29,0,43,1,1,0,1,12,3,0,39,0,1,4,3,4,65,1,2,2,1,0,0,3,1,0,0,0,43,0,52,1,34,0,0,0,0,1,3,1,40664,290,2009,306,SR-202,99999999999999999999,0000000,33.40189167,-111.6401972,1,1
4,13,10,26,19,32,1,2,0,0,15,6,0,5,0,1,1,2,9,35,1,1,2,1,0,0,2,1,0,0,99,99,99,99,99,99,0,0,0,0,1,2,0,40665,192,2009,0,FOUNTAIN HILLS BLVD,99999999999999999999,0000000,33.61660556,-111.7239306,1,1
4,13,11,18,8,18,2,2,0,0,13,6,0,12,5,2,1,2,3,50,1,1,2,1,20,3,1,1,0,0,8,18,8,25,88,88,0,0,0,0,1,4,0,40666,0,2009,0,MAIN ST,80TH ST,0000000,33.41543056,-111.658725,2,1
4,13,12,17,21,35,1,2,1,1,12,3,0,8,0,15,1,3,3,65,1,1,2,1,0,0,3,1,0,0,21,36,21,43,22,5,0,20,0,0,1,5,0,40667,370,2009,262,SR-101,99999999999999999999,0000000,33.66906111,-112.0654333,1,1
4,13,12,16,8,19,2,2,0,1,13,3,0,12,5,2,1,1,2,50,1,1,2,1,3,3,1,1,0,0,8,19,8,35,88,88,0,0,0,0,1,4,0,40668,0,2009,112,SR-303,OLIVE AVE,0000000,33.56627222,-112.4179361,2,1
4,21,11,10,8,7,1,5,0,0,6,9,0,31,0,1,4,1,2,99,9,9,5,1,0,0,1,1,0,0,8,16,8,21,9,25,0,20,0,0,2,3,0,40669,0,2009,0,STOREY RD,99999999999999999999,0000000,32.89421944,-111.5639306,1,1
4,13,11,14,4,37,2,2,0,0,13,6,0,12,2,1,1,5,5,40,1,1,2,1,0,0,3,1,0,0,4,40,4,43,5,1,0,0,0,0,1,7,1,40670,370,2009,0,CAMELBACK RD,99999999999999999999,0000000,33.50948333,-112.1183528,2,1
4,13,12,7,9,14,1,4,1,0,13,6,0,9,0,4,4,5,5,40,1,1,2,2,0,0,1,1,0,0,9,15,9,20,9,40,0,16,0,0,1,2,0,40671,370,2009,0,GLENDALE AVE,99999999999999999999,0000000,33.53863056,-112.1267333,1,1
4,13,12,24,22,23,1,1,0,1,1,1,0,1,0,1,3,2,2,75,1,1,2,1,0,0,2,1,0,0,22,30,99,99,88,88,0,0,0,0,1,5,1,40672,0,2009,1281,I-8,99999999999999999999,0000000,32.90403889,-112.5257167,1,1
4,3,11,3,99,99,1,2,1,0,16,6,0,8,0,9,99,9,9,99,9,9,9,9,99,9,9,9,0,0,99,99,99,99,99,99,0,0,0,0,1,3,0,40673,130,2009,0,2ND ST,99999999999999999999,0000000,,,1,9
4,17,11,3,16,27,1,3,1,0,5,3,0,8,0,1,1,1,2,45,1,1,2,1,0,0,1,1,0,0,16,32,16,38,88,88,0,0,0,0,1,3,1,40674,430,2009,3335,SR-277,99999999999999999999,0000000,34.512975,-110.1304556,1,1
4,5,11,3,21,20,1,2,1,1,2,2,3,8,0,9,99,9,9,99,9,9,9,9,99,9,6,9,0,0,99,99,99,99,99,99,0,0,0,0,1,3,0,40675,0,2009,3330,US-160,99999999999999999999,0000000,36.19939722,-111.0596861,1,9
4,1,11,6,23,23,1,2,1,0,3,3,3,8,0,9,99,9,9,99,9,9,9,9,99,9,6,9,0,0,99,99,99,99,88,88,0,0,0,0,1,6,0,40676,0,2009,4665,SR-264,99999999999999999999,0000000,35.67855,-109.2040417,1,9
4,13,11,16,16,10,2,4,0,0,15,6,0,12,5,2,1,5,4,40,1,1,2,1,20,3,1,1,0,0,16,10,16,17,17,6,0,0,0,0,1,2,0,40677,0,2009,0,LITCHFIELD RD,SOLANO DR,0000000,33.44472778,-112.3583056,2,1
4,13,11,22,1,19,1,1,0,0,14,6,0,33,0,2,4,2,1,45,2,1,2,1,20,3,3,1,0,0,1,21,1,29,88,88,0,0,0,0,1,1,1,40678,370,2009,0,43RD AVE,SR-101 FRONTAGE RD,0000000,33.66913056,-112.15195,1,1
4,1,11,30,99,99,1,2,0,1,1,1,3,99,99,99,99,9,9,99,9,9,9,9,0,0,6,9,0,0,99,99,99,99,99,99,0,0,0,0,1,2,0,40679,0,2009,3404,I-40,99999999999999999999,0000000,35.22369444,-109.3208417,1,9
4,21,11,2,5,50,1,2,0,0,6,9,3,1,0,1,6,1,2,25,2,1,2,1,0,0,6,9,0,0,5,52,6,12,99,99,0,0,0,0,1,2,1,40680,0,2009,0,CHIN RD,99999999999999999999,0000000,,,1,9
4,13,11,2,16,8,2,3,0,0,13,6,0,12,6,8,1,2,3,45,1,1,2,1,0,0,1,1,0,0,16,9,16,14,16,33,0,0,0,0,1,2,1,40681,370,2009,0,BELL RD,99999999999999999999,0000000,33.62519722,-112.1493389,2,1
4,13,11,6,19,52,3,6,0,0,13,6,0,12,7,1,1,5,5,40,1,1,2,1,0,0,3,1,0,0,19,53,19,56,99,99,0,0,0,0,3,6,0,40682,370,2009,0,19TH AVE,99999999999999999999,0000000,33.55991111,-112.0996694,3,1
4,17,11,20,5,45,1,1,0,0,4,8,3,99,99,9,99,9,9,99,9,9,9,9,0,0,6,9,0,0,99,99,99,99,99,99,0,0,0,0,1,6,0,40683,0,2009,0,BIA 6,99999999999999999999,0000000,,,1,9
4,13,11,27,2,8,1,2,1,0,13,6,0,8,0,1,1,2,3,45,2,2,2,1,0,0,3,1,0,0,2,10,2,14,2,31,0,0,0,0,1,6,0,40684,370,2009,0,THUNDERBIRD RD,99999999999999999999,0000000,33.60771111,-112.0609194,1,1
4,17,11,29,4,6,1,1,0,0,4,3,3,41,0,1,4,1,2,65,2,2,2,2,0,0,2,2,4,0,99,99,4,17,88,88,0,0,0,0,1,1,1,40685,0,2009,3525,SR-98,99999999999999999999,0000000,36.56018611,-110.7488833,1,4
4,19,12,3,23,44,1,2,0,0,3,3,3,1,0,1,1,1,2,65,1,1,2,1,0,0,2,1,0,0,99,99,99,99,99,99,0,0,0,0,1,5,1,40686,0,2009,1075,SR-86,99999999999999999999,0000000,31.98831667,-111.9759111,1,1
4,13,12,3,22,53,2,7,0,0,14,6,0,12,6,2,1,5,4,45,1,1,2,1,2,3,3,1,0,0,22,54,23,1,99,99,0,0,0,0,1,5,1,40687,370,2009,0,40TH ST,SOUTHERN AVE,0000000,33.39264444,-111.9956167,2,1
4,13,12,4,8,30,2,3,0,0,15,9,0,12,6,8,1,5,4,35,1,1,2,1,0,0,1,1,0,0,8,14,8,16,99,99,0,0,0,0,1,6,0,40688,0,2009,0,111TH AVE,99999999999999999999,0000000,33.59618056,-112.2987389,2,1
4,13,12,6,17,58,1,2,1,0,14,6,0,8,0,2,1,5,5,40,1,1,2,1,0,0,6,1,0,0,17,59,18,2,18,16,0,0,0,0,1,1,0,40689,370,2009,0,16TH ST,HIDALGO AVE,0000000,33.39423889,-112.0473278,1,1
4,19,12,6,21,30,1,1,0,0,6,9,0,1,0,1,6,1,2,99,9,9,5,1,0,0,2,1,0,0,99,99,99,99,88,88,0,6,0,0,1,1,1,40690,0,2009,0,HIGH RISE RD,99999999999999999999,0000000,32.00612778,-110.4515056,1,1
4,13,12,12,23,25,1,2,1,0,15,6,0,8,0,1,2,5,2,45,1,1,2,1,0,0,2,1,0,0,23,28,23,33,88,88,0,0,0,0,1,7,1,40691,80,2009,0,OCOTILLO RD,99999999999999999999,0000000,33.24776944,-111.83095,1,1
4,19,12,12,17,26,2,3,0,0,13,6,0,12,2,2,1,2,9,40,1,1,2,1,2,3,1,1,0,0,17,27,17,27,18,9,0,0,0,0,1,7,0,40692,530,2009,0,BROADWAY BLVD,HARRISON RD,0000000,32.22086111,-110.7896833,2,1
4,13,12,13,2,30,1,3,1,0,14,9,0,8,0,1,1,5,4,50,1,1,2,1,0,0,2,1,0,0,7,34,99,99,88,88,0,0,0,0,1,1,0,40693,0,2009,0,INDIAN SCHOOL RD,99999999999999999999,0000000,33.49321667,-112.3126111,1,1
4,13,12,18,20,31,2,2,0,0,16,6,0,12,6,8,1,2,1,35,1,1,2,2,0,0,3,1,0,0,20,28,20,31,20,58,0,0,0,0,1,6,1,40694,370,2009,0,27TH AVE,99999999999999999999,0000000,33.66441667,-112.1172694,2,1
4,13,12,19,99,99,1,2,0,1,13,2,0,99,99,99,99,9,9,99,9,9,9,9,99,9,6,9,0,0,99,99,99,99,99,99,0,0,0,0,1,7,0,40695,368,2009,99999,US-60,99999999999999999999,0000000,,,1,9
4,13,12,19,18,26,1,2,1,0,14,6,0,8,0,1,1,5,5,40,1,1,2,1,0,0,3,1,0,0,18,26,99,99,88,88,0,0,0,0,1,7,0,40696,370,2009,0,27TH AVE,99999999999999999999,0000000,33.53076111,-112.1169222,1,1
4,19,12,22,18,31,1,2,1,0,14,6,0,8,0,3,1,2,2,45,1,1,2,2,0,0,2,2,0,0,18,29,18,33,88,88,0,0,0,0,1,3,0,40697,530,2009,0,MISSION RD,VIA INGRESSO,0000000,32.16949167,-111.0050167,1,2
4,13,12,23,10,57,3,5,0,0,15,6,0,12,2,1,1,2,3,50,1,1,2,1,0,0,1,1,0,0,99,99,99,99,99,99,0,0,0,0,1,4,0,40698,370,2009,0,CAVE CREEK RD,99999999999999999999,0000000,33.71087778,-112.0182056,3,1