STATE,COUNTY,MONTH,DAY,HOUR,MINUTE,VE_TOTAL,PERSONS,PEDS,NHS,ROAD_FNC,ROUTE,SP_JUR,HARM_EV,MAN_COLL,REL_JUNC,REL_ROAD,TRAF_FLO,NO_LANES,SP_LIMIT,ALIGNMNT,PROFILE,PAVE_TYP,SUR_COND,TRA_CONT,T_CONT_F,LGT_COND,WEATHER1,WEATHER2,WRK_ZONE,NOT_HOUR,NOT_MIN,ARR_HOUR,ARR_MIN,HOSP_HR,HOSP_MN,SCH_BUS,CF1,CF2,CF3,FATALS,DAY_WEEK,DRUNK_DR,ST_CASE,CITY,YEAR,MILEPT,TWAY_ID,TWAY_ID2,RAIL,LATITUDE,LONGITUD,VE_FORMS,WEATHER
4,13,12,24,12,50,2,2,0,0,13,6,0,12,5,3,1,5,4,50,1,1,2,1,2,3,1,1,0,0,12,50,12,53,99,99,0,0,0,0,1,5,0,40699,0,2009,0,99TH AVE,THOMAS RD,0000000,33.479275,-112.2724722,2,1
4,19,12,25,8,0,1,2,0,0,3,3,3,1,0,1,6,1,2,65,1,1,2,1,0,0,1,1,0,0,99,99,99,99,99,99,0,0,0,0,1,6,1,40701,0,2009,938,SR-86,99999999999999999999,0000000,32.15985278,-112.1116083,1,1
4,13,12,29,18,59,1,2,1,0,16,6,0,8,0,1,2,1,2,30,1,1,2,1,0,0,3,1,0,0,18,59,19,8,99,99,0,0,0,0,1,3,0,40702,370,2009,0,RANGER DR,99999999999999999999,0000000,33.692075,-111.962125,1,1
4,13,12,30,18,21,2,4,1,0,14,6,0,8,0,3,1,5,5,40,1,1,2,1,0,0,3,1,0,0,99,99,99,99,99,99,0,0,0,0,1,4,0,40703,370,2009,0,32ND ST,WILLETTE ST,0000000,33.46399722,-112.0129028,2,1
4,13,12,30,18,27,1,2,1,0,14,6,0,8,0,3,1,5,5,40,1,1,2,1,0,0,3,1,0,0,18,27,18,31,99,99,0,0,0,0,1,4,0,40704,370,2009,0,43RD AVE,MISSOURI AVE,0000000,33.51653056,-112.1515306,1,1
4,13,12,30,21,14,2,2,0,0,14,6,0,1,0,3,1,5,5,45,1,1,2,1,2,3,3,1,0,0,21,15,21,18,88,88,0,14,0,0,1,4,1,40705,370,2009,0,59TH AVE,THOMAS RD,0000000,33.48053056,-112.1864111,2,1
4,999,3,1,99,99,1,2,0,9,99,9,9,99,99,99,99,9,9,99,9,9,9,9,0,0,9,9,0,0,99,99,99,99,99,99,0,0,0,0,1,1,0,40707,9999,2009,0,UNKNOWN RD,99999999999999999999,0000000,,,1,9
4,1,8,8,16,8,1,2,0,0,4,8,3,99,99,9,99,9,9,99,9,9,9,9,0,0,1,9,0,0,99,99,99,99,99,99,0,0,0,0,1,7,0,40708,0,2009,0,BIA 15,99999999999999999999,0000000,,,1,9
4,17,9,10,99,99,1,2,1,0,6,9,3,8,0,9,99,9,9,99,9,9,9,9,0,0,9,9,0,0,99,99,99,99,99,99,0,0,0,0,1,5,0,40709,0,2009,0,UNKNOWN RD,99999999999999999999,0000000,,,1,9
4,27,10,7,18,5,1,1,0,0,4,9,0,24,0,1,4,1,2,45,1,1,2,1,0,0,1,1,0,0,99,99,99,99,99,99,0,0,0,0,1,4,0,40710,0,2009,0,OLD HWY 80,99999999999999999999,0000000,32.69635556,-113.9577694,1,1
4,1,10,24,99,99,1,2,0,0,6,8,3,99,0,9,99,9,9,99,9,9,9,9,0,0,9,9,0,0,99,99,99,99,99,99,0,0,0,0,1,7,0,40711,0,2009,0,LOGGING ROAD 9000,99999999999999999999,0000000,,,1,9
4,5,11,1,18,0,1,2,1,0,6,6,3,8,0,9,99,9,9,99,9,9,9,9,0,0,6,9,0,0,99,99,99,99,99,99,0,0,0,0,1,1,0,40712,528,2009,0,EAGLE POINT LN,99999999999999999999,0000000,36.14260556,-111.2279778,1,9
4,1,11,11,99,99,1,2,0,0,6,9,3,1,0,9,99,9,9,99,9,9,9,9,0,0,6,9,0,0,99,99,99,99,99,99,0,0,0,0,1,4,0,40713,0,2009,0,UNKNOWN RD,99999999999999999999,0000000,,,1,9
4,13,11,18,99,99,1,2,0,0,19,9,0,99,99,99,99,9,9,99,9,9,9,9,0,0,9,9,0,0,99,99,99,99,99,99,0,0,0,0,1,4,0,40714,290,2009,0,UNKNOWN RD,99999999999999999999,0000000,,,1,9
4,21,11,20,0,53,1,1,0,0,6,9,0,1,0,1,5,1,2,99,2,1,5,1,0,0,3,1,0,0,0,53,1,5,88,88,0,0,0,0,1,6,1,40715,0,2009,0,CANAL RD,99999999999999999999,0000000,,,1,1
4,15,12,1,3,6,1,2,0,0,6,8,3,10,0,6,1,9,9,99,9,9,9,9,60,9,6,1,0,0,99,99,99,99,99,99,0,0,0,0,1,3,0,40717,0,2009,0,DIAMOND CREEK RD,99999999999999999999,025215V,35.52776389,-113.4244944,1,1
4,1,12,11,21,0,1,2,0,0,4,2,3,1,0,9,99,9,9,99,9,9,2,9,0,0,6,9,0,0,99,99,99,99,99,99,0,0,0,0,1,6,0,40718,0,2009,4890,US-191,99999999999999999999,0000000,36.63541389,-109.5867667,1,9
4,17,12,21,99,99,1,2,0,0,6,8,3,99,99,9,99,9,9,99,9,9,9,9,0,0,9,9,0,0,99,99,99,99,99,99,0,0,0,0,1,2,0,40719,0,2009,0,BIA 65,99999999999999999999,0000000,,,1,9
4,19,12,25,11,46,2,3,0,1,13,6,0,12,6,3,1,2,3,40,1,1,2,1,0,0,1,1,0,0,99,99,99,99,99,99,0,0,0,0,1,6,0,40720,530,2009,0,GOLF LINKS RD,PANTANO PKWY,0000000,32.19190833,-110.8090472,2,1
4,1,12,29,23,3,1,8,0,0,4,8,3,32,0,1,4,1,2,55,1,1,2,4,0,0,2,4,0,0,99,99,99,99,99,99,0,0,0,0,1,3,0,40721,0,2009,0,BIA 15,99999999999999999999,0000000,35.73024444,-109.6461417,1,4
4,19,12,31,17,54,2,6,0,1,13,6,0,12,5,2,1,2,2,35,1,1,2,1,2,3,3,1,0,0,17,54,99,99,99,99,0,0,0,0,1,5,0,40722,530,2009,0,SPEEDWAY BLVD,I-10 FRONTAGE RD,0000000,32.23565,-110.9844778,2,1
4,1,12,5,0,42,1,5,0,0,4,8,3,1,0,1,6,9,9,55,1,1,9,1,0,0,2,1,0,0,0,45,1,26,99,99,0,0,0,0,1,7,0,40723,0,2009,0,BIA 59,99999999999999999999,0000000,,,1,1
4,19,2,5,99,99,1,1,0,9,19,9,0,99,99,99,99,9,9,99,9,9,9,9,0,0,9,9,0,0,99,99,99,99,99,99,0,0,0,0,1,5,0,40724,530,2009,0,UNKNOWN RD,99999999999999999999,0000000,,,1,9
4,1,12,19,4,57,1,2,0,0,4,8,3,99,99,9,99,9,9,99,9,9,9,9,0,0,1,9,0,0,99,99,99,99,99,99,0,0,0,0,1,7,0,40725,0,2009,0,BIA 15,99999999999999999999,0000000,35.78279722,-109.61875,1,9
5,15,1,1,1,0,1,3,0,0,3,3,0,27,0,1,4,1,2,45,2,2,2,1,0,0,6,1,0,0,1,0,1,29,99,99,0,0,0,0,1,5,1,50001,0,2009,166,SR-21-06,99999999999999999999,0000000,36.49166389,-93.40348611,1,1
5,67,1,1,1,15,1,1,0,0,3,3,0,42,0,1,4,1,2,55,1,1,2,1,0,0,6,1,0,0,1,27,1,34,99,99,0,0,0,0,1,5,1,50002,0,2009,24,SR-69-05,99999999999999999999,0000000,35.60678889,-91.27836111,1,1
5,25,1,2,3,0,1,1,0,0,4,3,0,42,0,1,4,1,2,55,1,1,2,1,0,0,6,1,0,0,6,4,6,19,88,88,0,0,0,0,1,6,0,50003,0,2009,15,SR-35-06,99999999999999999999,0000000,33.73426111,-91.97668056,1,1
5,87,1,2,19,40,2,3,0,1,2,2,0,12,2,1,1,1,2,55,1,2,2,1,0,0,6,1,0,0,19,44,20,13,99,99,0,0,0,0,1,6,0,50004,0,2009,91,US-412-03,99999999999999999999,0000000,36.11740556,-93.79745,2,1
5,125,1,2,10,48,1,1,0,0,14,3,0,1,0,1,4,1,2,50,1,1,2,1,0,0,1,1,0,0,88,88,88,88,88,88,0,20,0,0,1,6,0,50005,570,2009,72,SR-5-08,99999999999999999999,0000000,34.64598889,-92.44806389,1,1
5,85,1,4,11,4,2,4,0,1,1,1,0,12,7,1,1,2,2,70,1,1,1,2,0,0,1,1,0,0,11,4,11,19,99,99,0,0,0,0,1,1,0,50006,2350,2009,17,I-40-41,99999999999999999999,0000000,34.80175278,-91.99453333,2,1
5,143,1,5,6,55,1,1,0,0,12,2,0,52,0,1,4,2,2,60,1,1,2,4,0,0,1,3,0,0,7,5,7,12,99,99,0,0,0,0,1,2,0,50007,1310,2009,229,US-71-16,99999999999999999999,0000000,36.11429444,-94.15523611,1,3
5,33,1,5,23,52,7,9,1,1,1,1,0,39,0,1,4,3,2,70,2,2,1,4,0,0,6,2,0,0,99,99,99,99,99,99,0,0,0,0,1,2,0,50008,0,2009,269,I-540-03,99999999999999999999,0000000,35.45318889,-94.32106111,6,2
5,53,1,7,5,50,1,1,0,1,2,2,0,1,0,1,2,1,4,55,1,1,2,4,0,0,6,1,0,0,99,99,99,99,88,88,0,0,0,0,1,4,0,50009,0,2009,87,US-167-11,99999999999999999999,0000000,34.33797778,-92.39441944,1,1
5,33,1,5,23,52,3,1,0,1,1,1,0,39,0,1,4,3,2,70,2,2,1,4,0,0,6,2,0,0,99,99,99,99,88,88,0,19,0,0,1,2,0,50010,0,2009,269,I-540-03,99999999999999999999,0000000,35.45318889,-94.32106111,1,2
5,49,1,7,15,50,2,2,0,1,2,2,0,12,2,1,1,1,3,55,2,1,2,1,0,0,1,1,0,0,15,55,16,4,99,99,0,0,0,0,1,4,0,50011,2510,2009,42,US-63-01,99999999999999999999,0000000,36.495975,-91.53705556,2,1
5,85,1,10,8,40,2,2,0,0,3,3,0,12,8,1,1,1,2,55,1,1,2,1,0,0,1,1,0,0,88,88,88,88,88,88,0,0,0,0,1,7,1,50012,2350,2009,28,SR-89-01,99999999999999999999,0000000,34.80346389,-91.91431667,2,1
5,119,1,10,21,12,1,2,1,1,12,2,0,8,0,1,1,3,2,65,2,1,2,1,0,0,1,1,0,0,21,24,21,27,99,99,0,0,0,0,1,7,0,50013,2036,2009,81,US-67-10,99999999999999999999,0000000,34.86724444,-92.12782778,1,1
5,145,1,10,21,33,1,1,0,0,4,3,0,23,0,1,4,1,2,45,2,1,2,1,0,0,9,1,0,0,88,88,88,88,88,88,0,0,0,0,1,7,1,50014,0,2009,15,SR-385-01,99999999999999999999,0000000,35.28304167,-91.63970833,1,1
5,119,1,13,99,99,1,1,0,0,13,2,0,34,0,1,4,1,2,45,2,1,2,1,0,0,6,1,0,0,2,15,2,31,88,88,0,0,0,0,1,3,1,50015,2880,2009,65,US-70-13,99999999999999999999,0000000,34.77102778,-92.16212778,1,1
5,45,1,14,18,58,3,4,0,0,13,2,0,12,5,2,1,1,4,30,1,1,2,1,3,3,2,1,0,0,18,59,19,0,99,99,0,0,0,0,1,4,0,50016,860,2009,16,US-65-09B,US-64,0000000,35.09175278,-92.42308611,3,1
5,107,1,15,20,0,1,1,0,0,4,3,0,34,0,1,4,1,2,55,1,1,2,1,0,0,6,1,0,0,88,88,88,88,88,88,0,0,0,0,1,5,1,50017,0,2009,40,SR-316-02,99999999999999999999,0000000,34.60495556,-90.8214,1,1
5,9,1,16,21,30,1,2,0,0,6,4,0,1,0,1,2,1,2,45,2,1,2,1,0,0,6,1,0,0,21,50,22,0,99,99,0,0,0,0,1,6,1,50018,2960,2009,0,OLD SPRINGFIELD RD.,99999999999999999999,0000000,36.48893611,-93.19338333,1,1
5,91,1,17,3,5,1,2,1,1,1,1,0,8,0,1,1,2,2,70,1,1,2,1,0,0,6,1,0,0,3,9,3,29,99,99,0,0,0,0,1,7,0,50019,3810,2009,51,I-30-11,99999999999999999999,0000000,33.51019722,-93.94640833,1,1
5,31,1,17,9,45,3,4,0,0,3,3,0,12,2,1,1,1,2,55,1,1,2,1,0,0,1,7,0,0,9,47,10,0,99,99,0,0,0,0,1,7,0,50020,0,2009,84,SR-226-02,99999999999999999999,0000000,35.79348611,-90.866975,3,7
5,91,1,17,13,55,1,1,0,1,2,2,0,1,0,1,2,1,2,55,1,1,2,1,0,0,1,1,0,0,13,55,14,9,99,99,0,0,0,0,1,7,0,50021,0,2009,146,US-71-01,99999999999999999999,0000000,33.33052778,-93.95095833,1,1
5,53,1,17,18,15,2,3,0,0,2,2,0,12,1,1,1,1,2,55,1,1,2,1,0,0,6,1,0,0,18,17,18,24,99,99,0,0,0,0,1,7,0,50022,0,2009,96,US-270-10,99999999999999999999,0000000,34.31132778,-92.24588889,2,1
5,9,1,18,21,49,1,1,0,1,2,2,0,1,0,1,4,1,3,55,2,1,2,1,0,0,6,1,0,0,21,49,22,5,99,99,0,0,0,0,1,1,1,50023,0,2009,117,US-65-01,99999999999999999999,0000000,36.34057222,-93.20732222,1,1
5,31,1,19,0,2,1,2,1,0,16,6,0,8,0,1,1,1,3,35,1,1,2,1,0,0,3,1,0,0,0,5,0,8,88,88,0,0,0,0,1,2,0,50024,2070,2009,0,S. CARAWAY RD.,99999999999999999999,0000000,35.78976111,-90.67872778,1,1
5,85,1,21,14,32,3,3,0,0,14,3,0,12,4,2,1,3,4,55,1,1,2,1,3,3,1,1,0,0,14,32,14,35,99,99,0,0,0,0,1,4,0,50025,600,2009,27,SR-5-12,SR-89,0000000,34.98275278,-92.07203889,3,1
5,59,1,23,0,40,1,1,0,1,1,1,0,42,0,5,5,6,1,70,2,3,2,1,20,3,6,1,0,0,88,88,88,88,88,88,0,0,0,0,1,6,0,50026,3412,2009,997,I-30-21,US-270,0000000,34.39639444,-92.82906667,1,1
5,107,1,23,13,45,2,2,0,0,16,6,0,12,5,4,1,1,5,45,1,1,2,1,0,0,1,1,0,0,13,48,13,56,99,99,0,0,0,0,1,6,0,50027,4110,2009,0,N. SEBASTIAN,HAYS PARKING LOT,0000000,34.55251944,-90.650125,2,1
5,131,1,23,18,14,2,2,0,1,11,1,0,12,7,5,1,3,2,65,1,2,2,1,0,0,3,1,0,0,18,16,18,24,99,99,0,0,0,0,1,6,1,50028,1370,2009,67,I-540-01,ROGERS AVE.,0000000,35.35968333,-94.36515833,2,1
5,61,1,23,20,57,1,3,0,0,16,6,0,1,0,1,4,1,2,30,1,1,2,2,0,0,2,1,0,0,21,16,21,35,99,99,0,0,0,0,1,6,1,50029,2650,2009,0,BLUFF SPRINGS RD.,99999999999999999999,0000000,33.87839167,-93.93441389,1,1
5,7,1,26,14,35,1,1,0,1,2,2,0,34,0,1,4,1,2,55,2,1,2,4,0,0,1,2,0,0,14,37,14,48,88,88,0,0,0,0,1,2,0,50030,0,2009,101,US-62-02,99999999999999999999,0000000,36.43896111,-94.0349,1,2
5,119,1,27,3,50,1,2,0,1,11,1,0,1,0,1,5,3,3,65,1,1,1,4,0,0,6,2,0,0,88,88,88,88,88,88,0,0,0,0,2,3,0,50031,2320,2009,39,I-440-01,99999999999999999999,0000000,34.71462222,-92.19811389,1,2
5,53,1,28,6,34,3,3,0,1,2,2,0,12,5,1,1,1,4,55,2,1,2,4,0,0,1,1,0,0,6,35,6,55,99,99,0,0,0,0,1,4,0,50032,0,2009,83,US-167-11,99999999999999999999,0000000,34.42278889,-92.36879722,3,1
5,53,1,28,6,50,2,2,0,1,2,2,0,23,0,1,2,1,2,55,1,1,2,4,0,0,4,1,0,0,88,88,88,88,88,88,0,19,0,0,1,4,0,50033,0,2009,6,US-167-10,99999999999999999999,0000000,34.13761389,-92.40531944,1,1
5,51,1,29,6,12,1,1,0,0,2,2,0,42,0,1,4,1,4,55,2,2,2,4,0,0,6,1,0,0,6,12,6,30,99,99,0,0,0,0,1,5,0,50034,0,2009,77,US-270-06,99999999999999999999,0000000,34.47268889,-92.97770278,1,1
5,9,1,30,13,0,1,2,1,0,4,3,0,8,0,1,1,1,2,55,1,2,2,2,40,2,1,1,0,0,13,0,13,17,88,88,0,0,0,0,1,6,1,50035,0,2009,143,SR-7-20,99999999999999999999,0000000,36.36576944,-92.96068611,1,1
5,33,1,30,16,16,2,4,0,0,4,3,0,12,4,1,1,1,2,55,1,3,2,1,0,0,1,1,0,0,16,16,16,32,99,99,0,0,0,0,1,6,1,50036,9997,2009,3,SR-348-01,99999999999999999999,0000000,35.51689444,-94.34921389,2,1
5,121,2,4,3,37,2,1,0,0,6,4,0,34,0,1,5,1,2,55,2,1,2,1,0,0,2,1,0,0,3,37,3,40,99,99,0,0,0,0,1,4,0,50037,0,2009,0,COUNTRY CLUB RD.,99999999999999999999,0000000,36.30636667,-91.00521667,1,1
5,63,2,4,99,99,1,1,0,0,6,4,0,1,0,1,4,1,2,45,1,2,4,1,0,0,2,1,0,0,8,56,9,23,88,88,0,0,0,0,1,4,1,50038,865,2009,0,BLUEBERRY RD.,99999999999999999999,0000000,35.81943889,-91.33690833,1,1
5,47,2,5,4,48,1,1,0,0,3,3,0,34,0,1,4,1,2,55,2,2,2,1,0,0,2,1,0,0,88,88,88,88,88,88,0,0,0,0,1,5,0,50039,0,2009,58,SR-22-02,99999999999999999999,0000000,35.29626667,-93.99288611,1,1
5,141,2,5,18,49,3,4,0,1,2,2,0,12,2,1,1,1,3,55,2,2,2,1,0,0,2,1,0,0,18,55,19,28,99,99,0,0,0,0,1,5,0,50040,0,2009,66,US-65-08,99999999999999999999,0000000,35.55735,-92.44941389,3,1
5,79,2,6,18,35,2,5,0,1,2,2,0,12,4,1,1,1,2,55,1,1,2,1,0,0,3,1,0,0,18,50,19,1,99,99,0,0,0,0,2,6,0,50041,0,2009,95,US-65-16,99999999999999999999,0000000,34.01641944,-91.58765278,2,1
5,93,2,6,19,40,1,1,0,0,4,2,0,35,0,2,4,1,2,55,1,1,2,1,20,3,6,1,0,0,19,40,19,45,99,99,0,0,0,0,1,6,0,50042,0,2009,208,US-61-03,SR-150,0000000,35.98179167,-89.90112222,1,1
5,59,2,7,13,30,2,8,0,0,3,2,0,12,2,1,1,1,2,55,1,1,2,1,0,0,1,1,0,0,88,88,88,88,88,88,0,0,0,0,1,7,0,50043,0,2009,21,US-70-07,99999999999999999999,0000000,34.38716667,-93.37511944,2,1
5,143,2,9,6,30,1,2,1,1,2,2,0,8,0,1,1,3,2,55,1,1,2,1,0,0,6,1,0,0,88,88,88,88,88,88,0,0,0,0,1,2,0,50044,0,2009,175,US-412-02,99999999999999999999,0000000,36.16743333,-94.03610278,1,1
5,143,2,9,6,54,3,7,0,1,13,2,0,12,5,2,1,1,4,45,1,1,2,1,3,3,1,1,0,0,6,55,6,55,99,99,0,0,0,0,1,2,0,50045,3670,2009,141,US-412-02,BUTTERFIELD COACH,0000000,36.166375,-94.09446667,3,1
5,59,2,10,6,5,1,1,0,0,4,3,0,24,0,8,4,1,2,55,2,1,2,2,0,0,1,2,5,0,88,88,88,88,88,88,0,0,0,0,1,3,0,50046,0,2009,43,SR-171-01,99999999999999999999,0000000,34.41123056,-92.90528333,1,2
5,5,2,13,23,0,1,3,0,0,6,4,0,1,0,1,5,1,2,99,2,9,9,1,0,0,6,1,0,0,23,2,23,15,99,99,0,0,0,0,1,6,0,50047,0,2009,0,CR 390,99999999999999999999,0000000,36.351425,-92.325625,1,1
5,69,2,14,21,11,1,2,1,1,13,2,0,8,0,1,1,1,5,45,1,1,2,1,0,0,3,1,0,0,21,13,21,20,88,88,0,0,0,0,1,7,0,50048,3150,2009,5,US-79-09B,99999999999999999999,0000000,34.19826111,-92.05274722,1,1
5,71,2,15,9,9,2,2,0,1,1,1,0,13,5,1,1,2,4,70,1,1,2,1,0,0,1,1,0,0,88,88,88,88,88,88,0,0,0,0,1,1,0,50049,0,2009,518,I-40-21,99999999999999999999,0000000,35.47037778,-93.532425,2,1
5,75,2,15,1,51,1,2,0,0,4,3,0,23,0,1,2,1,2,55,1,1,2,1,0,0,2,1,0,0,1,51,1,54,99,99,0,0,0,0,1,1,1,50050,0,2009,36,SR-91-01,99999999999999999999,0000000,36.02057222,-90.94061944,1,1
5,75,2,18,5,29,1,1,0,0,3,3,0,36,0,1,5,1,2,45,1,1,2,1,0,0,6,1,0,0,88,88,88,88,88,88,0,0,0,0,1,4,0,50051,2395,2009,107,SR-25-06,99999999999999999999,0000000,35.99141111,-91.26960833,1,1
5,51,2,18,7,16,2,3,0,0,3,2,0,12,5,1,1,1,4,55,2,1,2,2,0,0,1,1,0,0,7,20,7,32,99,99,0,0,0,0,1,4,0,50052,0,2009,99,US-70-08,99999999999999999999,0000000,34.445175,-93.19534722,2,1
5,95,2,18,10,45,2,3,0,0,2,2,0,12,5,2,1,1,2,55,1,1,1,1,20,3,1,1,0,0,11,11,11,25,99,99,0,0,0,0,1,4,0,50053,0,2009,98,US-79-14,US-49,0000000,34.69787222,-91.14583889,2,1
5,33,2,18,22,19,1,1,0,1,11,1,0,24,0,1,4,2,2,70,1,2,1,1,0,0,6,1,0,0,88,88,88,88,88,88,0,0,0,0,1,4,0,50054,0,2009,391,I-540-03,99999999999999999999,0000000,35.67000556,-94.16496667,1,1
5,29,2,19,14,26,2,3,1,1,1,1,0,8,0,1,1,2,2,65,1,1,2,1,0,0,1,1,0,0,14,26,14,32,88,88,0,0,0,0,1,5,0,50055,0,2009,1034,I-40-31,99999999999999999999,0000000,35.19401944,-92.79536667,2,1
5,7,2,20,10,35,2,3,0,0,4,3,0,12,5,2,1,1,2,55,1,1,2,1,20,3,1,1,0,0,10,35,10,45,99,99,0,0,0,0,2,6,0,50056,9999,2009,129,SR-12-02,REGIONAL AVE.,0000000,36.30053056,-94.30713333,2,1
5,63,2,21,20,57,2,2,0,0,4,3,0,12,2,1,1,1,2,55,2,2,2,1,0,0,6,1,0,0,20,57,21,1,99,99,0,0,0,0,1,7,1,50057,0,2009,24,SR-106-01,99999999999999999999,0000000,35.77665278,-91.70933889,2,1
5,119,2,21,13,20,1,1,0,0,13,2,0,19,0,2,5,1,4,40,1,1,2,1,0,0,1,1,0,0,13,24,13,31,88,88,0,0,0,0,1,7,0,50058,2320,2009,39,US-70-12,MARY ST.,0000000,34.72076944,-92.33116111,1,1
5,143,2,22,9,50,1,1,0,0,6,4,0,37,0,2,5,1,2,50,2,1,2,1,0,0,1,1,0,0,9,50,10,2,99,99,0,0,0,0,1,1,0,50059,0,2009,0,GREASEY VALLEY RD.,HUNTON RD.,0000000,35.90695278,-94.35554167,1,1
5,119,2,22,12,17,2,3,0,0,16,6,0,12,5,1,1,1,2,35,2,2,2,1,0,0,1,1,0,0,12,20,12,34,99,99,0,0,0,0,1,1,0,50060,2036,2009,0,W. MAIN ST.,99999999999999999999,0000000,34.87397778,-92.14815,2,1
5,113,2,23,14,30,2,3,0,1,2,2,0,12,2,1,1,1,4,55,2,4,2,1,0,0,1,1,0,0,14,32,14,40,99,99,0,0,0,0,2,2,0,50061,0,2009,282,US-71-08,99999999999999999999,0000000,34.55506389,-94.29277778,2,1
5,145,2,24,1,30,1,1,0,0,4,3,0,34,0,2,4,1,2,55,1,2,2,1,0,0,6,1,0,0,1,31,1,40,99,99,0,0,0,0,1,3,0,50062,0,2009,73,SR-31-04,PINEWOOD LN,0000000,35.12205,-91.89115,1,1
5,61,2,24,17,27,1,1,0,0,4,3,0,1,0,1,4,1,2,55,2,2,2,1,0,0,1,1,0,0,88,88,88,88,88,88,0,0,0,0,1,3,0,50063,0,2009,51,SR-355-00,99999999999999999999,0000000,33.94691944,-93.93971389,1,1
5,105,2,24,23,5,1,4,0,0,4,3,0,27,0,1,4,1,2,55,2,2,2,1,0,0,6,1,0,0,23,17,23,32,99,99,0,0,0,0,3,3,1,50064,0,2009,34,SR-113-03,99999999999999999999,0000000,34.87917222,-92.65989167,1,1
5,35,2,25,21,5,2,2,0,0,3,2,0,12,2,1,1,1,2,55,1,1,2,1,0,0,6,1,0,0,21,15,21,40,99,99,0,0,0,0,1,4,0,50065,0,2009,92,US-64-17,99999999999999999999,0000000,35.24870278,-90.36040278,2,1
5,79,2,26,7,30,2,2,0,1,2,2,0,12,2,1,1,1,2,55,1,1,2,1,0,0,1,1,0,1,7,37,7,51,99,99,0,0,0,0,2,5,0,50066,0,2009,78,US-65-16,99999999999999999999,0000000,34.03525278,-91.61089167,2,1
5,3,2,27,15,25,2,2,0,1,2,2,0,12,7,1,1,1,2,45,1,1,2,2,0,0,1,2,0,0,88,88,88,88,88,88,0,0,0,0,1,6,0,50067,1700,2009,224,US-82-08,99999999999999999999,0000000,33.13374167,-91.82064167,2,2
5,55,2,27,15,39,2,2,0,1,13,2,0,12,2,1,1,1,4,55,1,1,2,1,0,0,1,1,0,0,15,41,15,48,99,99,0,0,0,0,1,6,0,50068,3030,2009,205,US-49-02,99999999999999999999,0000000,35.99448333,-90.53691389,2,1
5,35,2,28,13,53,3,8,0,1,1,1,0,1,0,1,4,2,4,70,1,1,2,4,0,0,1,4,0,0,13,53,14,15,99,99,0,0,0,0,1,7,0,50069,0,2009,241,I-55-11,99999999999999999999,0000000,35.39401667,-90.26936389,3,4
5,143,2,28,15,38,2,3,0,1,1,1,0,12,3,1,1,2,2,65,1,2,1,4,0,0,1,4,0,0,15,38,16,50,99,99,0,0,0,0,1,7,0,50070,0,2009,459,I-540-04,99999999999999999999,0000000,35.81869167,-94.19186389,2,4
5,117,2,28,23,34,2,2,1,1,1,1,0,12,99,1,1,3,2,65,1,3,1,4,0,0,6,4,0,0,88,88,88,88,88,88,0,0,0,0,1,7,0,50071,0,2009,1973,I-40-42,99999999999999999999,0000000,34.83955,-91.45733056,2,4
5,83,2,28,23,40,1,2,0,0,4,3,0,32,0,1,4,1,2,30,1,2,2,1,0,0,6,1,0,0,88,88,88,88,88,88,0,0,0,0,1,7,0,50072,480,2009,97,SR-217-00,99999999999999999999,0000000,35.1227,-93.89660556,1,1
5,87,3,1,4,25,1,3,0,0,6,4,0,1,0,1,4,1,2,55,2,2,4,3,0,0,6,1,0,0,4,30,5,1,99,99,0,0,0,0,2,1,1,50073,0,2009,0,CR 5395,99999999999999999999,0000000,35.91029167,-93.80798611,1,1
5,143,3,6,8,5,2,2,0,0,3,3,0,12,5,2,1,1,2,55,1,1,2,5,0,0,1,1,0,0,88,88,88,88,88,88,0,0,0,0,1,6,0,50074,1310,2009,36,SR-16-03,STONEBRIDGE RD.,0000000,36.05447778,-94.12246944,2,1
5,89,3,6,9,50,2,4,0,1,2,2,0,12,2,1,1,1,2,55,2,2,2,1,0,0,1,1,0,0,10,3,10,12,99,99,0,0,0,0,2,6,0,50075,0,2009,108,US-62-09,99999999999999999999,0000000,36.26238889,-92.56942778,2,1
5,133,3,7,14,28,2,2,0,0,6,4,0,12,5,1,1,1,2,45,1,1,2,1,0,0,1,1,0,0,14,52,16,0,99,99,0,0,0,0,1,7,1,50076,0,2009,0,OAK GROVE RD.,99999999999999999999,0000000,33.88270833,-94.13416389,2,1
5,51,3,7,99,99,1,1,0,0,6,6,0,42,0,2,4,1,2,25,2,2,2,1,0,0,6,1,0,0,20,25,20,28,88,88,0,0,0,0,1,7,0,50077,1907,2009,0,COY ST.,COY CT.,0000000,34.51631667,-93.03990833,1,1
5,131,3,7,23,6,1,4,0,0,14,3,0,42,0,1,4,1,2,55,2,1,2,1,0,0,6,1,0,0,23,9,23,29,99,99,0,0,0,0,2,7,1,50078,1370,2009,55,SR-255-05,99999999999999999999,0000000,35.43007778,-94.37208611,1,1
5,43,3,9,19,23,2,3,0,0,3,2,0,12,1,1,1,1,4,55,1,3,2,1,0,0,5,1,0,0,88,88,88,88,88,88,0,0,0,0,1,2,1,50079,0,2009,87,US-278-14,99999999999999999999,0000000,33.63459444,-91.83381667,2,1
5,119,3,10,6,25,2,3,0,0,3,3,0,12,2,2,1,1,2,55,2,1,2,1,0,0,6,1,0,0,6,25,6,30,99,99,1,0,0,0,1,3,0,50080,0,2009,20,SR-89-02,KEENER RD.,0000000,34.98315833,-92.10669167,2,1
5,93,3,11,99,99,1,1,0,0,6,4,0,1,0,1,2,1,2,50,2,1,2,2,0,0,3,1,0,0,7,11,7,30,88,88,0,0,0,0,1,4,1,50081,0,2009,0,CR 447,99999999999999999999,0000000,35.57613056,-90.04449167,1,1