STATE,COUNTY,MONTH,DAY,HOUR,MINUTE,VE_TOTAL,PERSONS,PEDS,NHS,ROAD_FNC,ROUTE,SP_JUR,HARM_EV,MAN_COLL,REL_JUNC,REL_ROAD,TRAF_FLO,NO_LANES,SP_LIMIT,ALIGNMNT,PROFILE,PAVE_TYP,SUR_COND,TRA_CONT,T_CONT_F,LGT_COND,WEATHER1,WEATHER2,WRK_ZONE,NOT_HOUR,NOT_MIN,ARR_HOUR,ARR_MIN,HOSP_HR,HOSP_MN,SCH_BUS,CF1,CF2,CF3,FATALS,DAY_WEEK,DRUNK_DR,ST_CASE,CITY,YEAR,MILEPT,TWAY_ID,TWAY_ID2,RAIL,LATITUDE,LONGITUD,VE_FORMS,WEATHER
5,9,3,11,16,54,3,3,0,0,6,4,0,12,5,2,1,1,2,55,1,1,2,1,20,3,1,1,0,0,16,54,17,0,88,88,0,0,0,0,1,4,0,50082,342,2009,0,ZINC RD,DANIELS RD.,0000000,36.30161944,-92.99667222,3,1
5,119,3,11,23,23,1,3,0,0,16,6,0,42,0,1,5,1,2,45,2,1,2,2,0,0,6,2,0,0,23,31,23,37,99,99,0,0,0,0,1,4,0,50083,2320,2009,0,CHENAL BLVD.,99999999999999999999,0000000,34.75591111,-92.43923333,1,2
5,81,3,12,15,38,1,3,0,0,6,6,0,10,0,6,1,1,2,45,1,2,2,1,70,3,1,1,0,0,15,41,15,48,99,99,0,0,0,0,1,5,1,50084,0,2009,0,HINTON RD,99999999999999999999,330570X,33.72680278,-94.14830556,1,1
5,59,3,13,16,15,1,1,0,0,2,2,0,32,0,2,4,1,5,50,1,1,2,1,3,3,1,1,0,0,16,17,16,26,99,99,0,0,0,0,1,6,1,50085,3412,2009,72,US-270-07,SR-51,0000000,34.39731389,-92.82741389,1,1
5,31,3,13,16,14,1,1,0,0,3,3,0,52,0,1,2,1,2,55,1,1,2,1,0,0,1,1,0,0,88,88,88,88,88,88,0,0,0,0,1,6,0,50086,0,2009,113,SR-226-02,99999999999999999999,0000000,35.79310278,-90.83719167,1,1
5,13,3,13,21,50,1,4,0,1,2,2,0,35,0,1,4,1,2,55,1,1,2,2,0,0,1,2,0,0,22,0,22,35,99,99,0,0,0,0,1,6,0,50087,0,2009,99,US-167-03,99999999999999999999,0000000,33.488725,-92.471775,1,2
5,35,3,14,2,13,3,7,0,1,1,1,0,13,4,1,1,2,2,65,1,1,2,2,0,0,6,2,0,0,2,20,2,30,99,99,0,0,0,0,4,7,1,50088,2550,2009,127,I-55-11,99999999999999999999,0000000,35.24442778,-90.21817222,3,2
5,49,3,14,20,45,1,4,0,0,3,3,0,35,0,1,4,1,2,55,1,1,2,1,0,0,6,1,0,0,20,48,21,6,99,99,0,0,0,0,1,7,1,50089,0,2009,127,SR-9-15,99999999999999999999,0000000,36.46436667,-91.65078056,1,1
5,99,3,15,7,25,1,3,0,1,1,1,0,42,0,1,4,2,2,70,1,1,2,2,0,0,1,2,0,0,7,25,7,35,99,99,0,0,0,0,1,1,0,50090,0,2009,417,I-30-13,99999999999999999999,0000000,33.81106944,-93.42306389,1,2
5,95,3,16,6,50,1,3,1,0,4,2,0,8,0,1,1,1,2,55,1,1,2,1,0,0,6,1,0,0,7,8,7,15,88,88,0,0,0,0,1,2,0,50091,0,2009,147,US-70-17,99999999999999999999,0000000,34.89233889,-91.16515278,1,1
5,5,3,18,7,21,2,4,0,0,3,3,0,12,2,1,1,1,2,55,2,1,2,1,0,0,1,1,0,0,7,21,7,32,99,99,0,0,0,0,1,4,0,50092,0,2009,146,SR-5-18,99999999999999999999,0000000,36.29306111,-92.31835,2,1
5,131,3,18,10,1,1,3,1,0,15,3,0,8,0,1,2,1,2,40,2,2,2,1,0,0,1,1,0,0,10,4,10,13,99,99,0,0,0,0,1,4,0,50093,1370,2009,14,SR-45-02,99999999999999999999,0000000,35.30679167,-94.38311667,1,1
5,111,3,18,22,30,1,1,0,0,3,2,0,1,0,1,4,1,2,55,1,1,2,1,0,0,2,1,0,0,88,88,88,88,88,88,0,0,0,0,1,4,1,50094,0,2009,186,US-49-05,99999999999999999999,0000000,35.460425,-90.98233333,1,1
5,25,3,20,17,18,1,1,0,0,4,3,0,34,0,1,4,1,2,55,2,1,2,1,0,0,1,1,0,0,17,18,17,33,99,99,0,0,0,0,1,6,0,50095,0,2009,126,SR-189-01,99999999999999999999,0000000,33.73186944,-92.177825,1,1
5,143,3,21,17,35,1,1,0,1,1,1,0,27,0,1,3,2,2,65,2,2,1,1,0,0,1,1,0,0,17,45,17,53,99,99,0,0,0,0,1,7,0,50096,0,2009,568,I-540-04,99999999999999999999,0000000,35.98119167,-94.19895556,1,1
5,17,3,22,20,12,1,4,0,0,4,3,0,36,0,1,4,1,2,55,2,1,2,1,0,0,6,1,0,0,20,22,20,35,99,99,0,0,0,0,2,1,1,50097,0,2009,42,SR-35-11,99999999999999999999,0000000,33.49770833,-91.297975,1,1
5,31,3,23,15,45,1,1,0,0,4,3,0,1,0,1,4,1,2,55,1,1,2,1,0,0,1,1,0,0,88,88,88,88,88,88,0,0,0,0,1,2,0,50098,0,2009,20,SR-158-05,99999999999999999999,0000000,35.74795833,-90.59961389,1,1
5,75,3,23,18,40,1,2,0,0,4,3,0,42,0,1,4,1,2,55,2,1,2,1,0,0,1,1,0,0,88,88,88,88,88,88,0,0,0,0,1,2,1,50099,0,2009,86,SR-115-02,99999999999999999999,0000000,36.10907778,-91.26446944,1,1
5,15,3,24,13,15,2,2,0,0,4,3,0,12,4,1,1,1,2,55,1,1,8,2,0,0,1,2,0,0,13,20,13,28,99,99,0,0,0,0,1,3,0,50100,0,2009,78,SR-103-04,99999999999999999999,0000000,36.18863333,-93.45605833,2,2
5,1,3,26,7,48,4,6,0,0,13,2,0,12,1,2,1,1,4,40,1,1,2,1,20,3,1,1,0,0,7,51,7,55,99,99,0,0,0,0,1,5,0,50101,3730,2009,480,US-165-05,E. 10TH ST.,0000000,34.49373611,-91.54048889,4,1
5,35,3,26,17,30,1,2,1,0,4,2,0,8,0,2,1,1,2,35,1,9,2,1,0,0,1,1,0,0,17,30,17,51,99,99,0,0,0,0,1,5,0,50102,1170,2009,91,US-149-04,LINCOLN ST.,0000000,35.26605,-90.45608333,1,1
5,143,3,28,8,39,2,2,0,0,4,3,0,12,2,1,1,1,2,55,2,1,2,4,0,0,1,3,0,0,8,39,8,42,99,99,0,0,0,0,1,7,0,50103,1534,2009,94,SR-45-05,99999999999999999999,0000000,36.10189167,-93.99001111,2,3
5,85,3,28,20,40,1,1,0,0,3,3,0,28,0,2,4,1,2,50,1,1,2,2,98,3,6,2,0,0,20,50,21,15,88,88,0,0,0,0,1,7,0,50104,0,2009,127,SR-38-00,SALEM CEMETERY RD.,0000000,34.97944722,-91.80304444,1,2
5,119,3,29,2,30,1,1,0,0,13,3,0,23,0,1,2,1,2,40,1,1,2,1,0,0,6,1,0,0,10,59,11,7,88,88,0,0,0,0,1,1,0,50105,2320,2009,56,SR-5-09,99999999999999999999,0000000,34.70618889,-92.381425,1,1
5,15,3,29,7,57,1,1,0,0,4,3,0,42,0,1,4,1,2,55,1,1,2,1,98,3,1,1,0,0,7,58,8,6,88,88,0,0,0,0,1,1,1,50106,0,2009,110,SR-23-11,99999999999999999999,0000000,36.41175,-93.73393611,1,1
5,105,3,29,14,11,2,3,0,0,4,3,0,12,5,1,1,1,2,55,2,1,2,1,0,0,1,1,0,0,88,88,88,88,88,88,0,0,0,0,2,1,1,50107,0,2009,64,SR-216-01,99999999999999999999,0000000,35.01003333,-92.72855833,2,1
5,87,3,31,21,3,2,2,0,1,2,2,0,12,5,2,1,1,2,65,1,1,2,1,98,3,6,1,0,0,21,3,21,18,99,99,0,0,0,0,1,3,0,50108,0,2009,31,US-412-03,SR-45,0000000,36.13690556,-93.86032222,2,1
5,51,3,27,22,5,2,4,0,1,2,2,0,12,2,2,1,1,2,55,1,3,2,2,0,0,6,2,0,0,22,14,22,20,88,88,0,0,0,0,1,6,1,50109,0,2009,154,US-270-05,PEACOCK LN.,0000000,34.509475,-93.15234722,2,2
5,119,1,31,16,17,1,1,0,0,6,4,0,30,0,1,4,1,2,45,1,1,2,1,0,0,1,1,0,0,16,19,16,25,99,99,0,0,0,0,1,7,0,50110,0,2009,0,W. REPUBLICAN RD.,99999999999999999999,0000000,34.94139167,-92.08705833,1,1
5,85,3,28,21,20,1,3,0,0,6,4,0,1,0,1,5,1,2,35,1,1,2,1,0,0,6,1,0,0,21,31,21,39,99,99,0,2,3,0,1,7,1,50111,2350,2009,0,PANOLA RD.,99999999999999999999,0000000,34.82230278,-92.01191389,1,1
5,119,2,13,13,30,2,2,0,0,13,3,0,12,5,2,1,2,2,45,1,3,2,1,21,3,1,1,0,0,13,32,13,33,99,99,0,0,0,0,1,6,0,50112,2592,2009,17,SR-100-00,COMMERCIAL PARK DR.,0000000,34.86114444,-92.40229444,2,1
5,59,4,1,8,34,2,3,0,0,4,2,0,12,4,1,1,1,2,45,2,1,2,1,0,0,1,1,0,0,8,49,8,54,88,88,0,0,0,0,1,4,0,50113,0,2009,161,US-67-07,99999999999999999999,0000000,34.34669167,-92.82562222,2,1
5,125,4,2,16,40,1,2,0,1,11,1,0,52,0,1,4,3,2,55,1,1,2,2,0,0,1,2,0,0,16,40,16,44,99,99,0,0,0,0,1,5,0,50114,330,2009,1204,I-30-22,99999999999999999999,0000000,34.60290556,-92.541275,1,2
5,119,4,3,0,45,1,1,0,0,16,6,0,1,0,1,4,1,2,35,2,1,2,1,0,0,2,1,0,0,1,0,1,2,88,88,0,0,0,0,1,6,1,50115,2320,2009,0,MABELVALE RD WEST,99999999999999999999,0000000,34.65565278,-92.39128611,1,1
5,55,4,3,21,5,2,3,0,0,3,2,0,12,2,1,1,1,2,55,1,1,2,1,0,0,6,1,0,0,21,18,21,24,88,88,0,0,0,0,3,6,0,50116,0,2009,126,US-49-02,99999999999999999999,0000000,36.10521944,-90.45136111,2,1
5,145,4,4,20,58,1,1,0,0,4,3,0,1,0,1,4,1,2,55,2,1,2,1,0,0,6,1,0,0,88,88,88,88,88,88,0,0,0,0,1,7,1,50117,0,2009,23,SR-36-03,99999999999999999999,0000000,35.32380833,-92.03775,1,1
5,101,4,5,16,0,3,6,0,1,2,2,0,12,2,1,1,1,2,55,1,1,2,1,0,0,1,1,0,0,16,5,16,16,99,99,0,0,0,0,1,1,1,50118,0,2009,24,US-65-03,99999999999999999999,0000000,36.09509444,-92.95618056,3,1
5,1,4,6,17,15,1,1,0,0,4,3,0,32,0,1,4,1,2,55,1,1,2,1,0,0,1,1,0,0,88,88,88,88,88,88,0,0,0,0,1,2,0,50119,0,2009,142,SR-276-01,99999999999999999999,0000000,34.23855833,-91.34359444,1,1
5,7,4,9,2,19,1,1,0,1,2,2,0,38,0,1,5,1,2,55,1,3,2,1,0,0,6,1,0,0,88,88,88,88,88,88,0,0,0,0,1,5,0,50120,0,2009,171,US-62-02,99999999999999999999,0000000,36.4459,-93.98181389,1,1
5,31,4,9,16,9,2,5,0,1,13,2,0,12,2,1,1,1,4,55,1,1,2,1,0,0,1,1,0,0,16,12,16,17,99,99,0,0,0,0,1,5,0,50121,2070,2009,81,US-49-03,99999999999999999999,0000000,35.86429167,-90.62021389,2,1
5,131,4,9,17,20,1,1,0,0,6,4,0,1,0,1,4,1,2,35,2,3,2,1,0,0,1,1,0,0,17,21,17,45,88,88,0,0,0,0,1,5,1,50123,0,2009,0,OLD HIGHWAY 10,99999999999999999999,0000000,35.16728333,-94.07526389,1,1
5,35,4,11,6,0,2,1,0,1,1,1,0,14,1,1,2,2,2,70,1,1,2,1,0,0,1,1,0,0,6,5,6,20,88,88,0,0,0,0,1,7,0,50124,0,2009,2706,I-40-52,99999999999999999999,0000000,35.14807778,-90.30572222,1,1
5,71,4,11,13,46,1,1,0,0,6,4,0,35,0,1,4,1,2,40,2,2,8,1,0,0,1,1,0,0,88,88,88,88,88,88,0,0,0,0,1,7,1,50125,0,2009,0,CR-3201,99999999999999999999,0000000,35.49118889,-93.59957778,1,1
5,123,4,11,18,35,1,2,0,0,4,3,0,27,0,2,4,1,2,45,1,1,2,1,0,0,1,1,0,0,18,35,18,45,99,99,0,0,0,0,1,7,1,50126,850,2009,141,SR-306-02,COWAN ST.,0000000,35.13240278,-90.82054167,1,1
5,95,4,12,2,5,2,3,0,0,4,3,0,12,2,1,1,1,2,35,1,1,2,1,0,0,2,1,0,0,2,6,2,37,99,99,0,0,0,0,1,1,1,50127,1880,2009,110,SR-86-03,99999999999999999999,0000000,34.59619444,-91.20051389,2,1
5,19,4,13,10,12,4,5,0,0,3,3,0,12,4,1,1,1,2,55,1,1,2,2,0,0,1,8,0,0,10,14,10,22,99,99,0,0,0,0,1,2,0,50129,0,2009,44,SR-7-07,99999999999999999999,0000000,34.23589722,-93.10170556,4,8
5,143,4,15,9,45,1,1,0,0,4,4,0,42,0,1,4,1,2,50,2,1,2,1,0,0,1,1,0,0,9,48,9,54,99,99,0,0,0,0,1,4,0,50130,0,2009,0,GOOSE CREEK RD/CR66,99999999999999999999,0000000,36.05748611,-94.29398056,1,1
5,63,4,16,8,0,1,2,1,0,5,4,0,8,0,1,1,1,2,40,1,3,2,1,0,0,1,1,0,0,8,0,8,14,99,99,0,0,0,0,1,5,0,50131,0,2009,0,GAINSBORO RD.,99999999999999999999,0000000,35.811375,-91.52602778,1,1
5,105,4,16,13,28,1,1,0,0,3,3,0,42,0,1,4,1,3,55,2,2,2,1,0,0,1,1,0,0,13,28,13,35,88,88,0,0,0,0,1,5,0,50132,0,2009,97,SR-9-06,99999999999999999999,0000000,34.954425,-92.80205,1,1
5,33,4,16,13,29,2,2,0,0,6,2,0,12,3,2,1,1,2,50,1,1,2,1,0,0,1,1,0,0,13,29,13,39,88,88,0,0,0,0,1,5,0,50133,0,2009,23,US-71-15,NEWBERRY,0000000,35.52115556,-94.22208611,2,1
5,111,4,17,11,39,1,1,0,0,6,6,0,42,0,1,5,1,2,35,1,1,2,1,0,0,1,1,0,0,11,39,11,50,99,99,0,0,0,0,1,6,0,50134,3860,2009,0,MAIN ST.,99999999999999999999,0000000,35.67133889,-90.52127222,1,1
5,143,4,17,12,43,3,5,0,0,3,2,0,12,1,1,1,1,4,55,1,1,2,1,0,0,1,1,0,0,12,53,13,1,99,99,0,0,0,0,1,6,1,50135,0,2009,187,US-71-16,99999999999999999999,0000000,35.99655,-94.17386111,3,1
5,95,4,18,2,51,2,3,0,1,1,1,0,12,1,1,1,2,2,70,1,1,2,2,40,3,6,2,0,1,88,88,88,88,88,88,0,3,0,0,1,7,0,50136,0,2009,2171,I-40-43,99999999999999999999,0000000,34.90599444,-91.22518889,2,2
5,123,4,18,4,51,9,14,0,1,1,1,0,12,1,1,1,2,2,70,1,1,2,2,0,0,6,2,0,1,4,51,5,35,88,88,0,19,14,0,2,7,0,50137,0,2009,2189,I-40-51,99999999999999999999,0000000,34.92967778,-91.10858889,9,2
5,131,4,18,14,16,2,2,0,0,13,3,0,12,5,4,1,1,5,40,1,1,2,1,0,0,1,1,0,0,14,19,14,24,99,99,0,0,0,0,1,7,0,50138,1370,2009,61,SR-255-03,99999999999999999999,0000000,35.32781944,-94.40969444,2,1
5,15,4,18,19,54,1,1,0,0,6,4,0,1,0,1,4,1,2,35,1,1,5,1,0,0,6,1,0,0,88,88,88,88,88,88,0,0,0,0,1,7,0,50139,0,2009,0,COUNTY RD 608,99999999999999999999,0000000,36.37509167,-93.50795278,1,1
5,123,4,22,13,20,1,1,0,0,14,3,0,32,0,1,5,1,2,30,2,2,2,1,0,0,1,1,0,0,13,23,13,28,99,99,0,0,0,0,1,4,0,50140,1360,2009,107,SR-284-03,99999999999999999999,0000000,35.02193889,-90.78351944,1,1
5,131,4,24,4,47,1,2,0,0,13,3,0,39,0,1,5,1,4,30,1,1,2,1,0,0,6,1,0,0,4,51,4,57,99,99,0,0,0,0,1,6,1,50141,1370,2009,0,SR-22-01,99999999999999999999,0000000,35.38481944,-94.42163056,1,1
5,7,4,24,13,19,2,2,0,0,16,3,0,12,5,2,1,1,2,50,1,1,2,1,0,0,1,1,0,0,13,19,13,23,99,99,0,0,0,0,1,6,0,50142,3610,2009,2,SR-16-01S,EASTGATE ST.,0000000,36.17394722,-94.51868611,2,1
5,133,4,24,18,38,2,3,0,0,6,4,0,12,5,2,1,1,2,45,1,2,2,1,0,0,1,1,0,0,88,88,88,88,88,88,0,0,0,0,1,6,0,50143,0,2009,0,W. 9TH ST.,AVON RD.,0000000,34.09997222,-94.34381667,2,1
5,93,4,25,16,10,1,1,0,0,4,3,0,34,0,1,5,1,2,55,2,1,2,1,0,0,1,1,0,0,16,19,16,25,88,88,0,0,0,0,1,7,0,50144,0,2009,20,SR-150-00,99999999999999999999,0000000,35.98175556,-89.90082222,1,1
5,63,4,26,6,2,1,1,0,0,3,3,0,34,0,1,4,1,2,55,2,2,2,1,0,0,4,1,0,0,6,3,6,13,88,88,0,0,0,0,1,1,0,50145,0,2009,106,SR-69-02,99999999999999999999,0000000,35.81640278,-91.71355556,1,1
5,125,4,27,0,51,1,1,0,1,1,1,0,42,0,1,5,2,2,65,1,1,1,1,0,0,6,1,0,0,88,88,88,88,88,88,0,0,0,0,1,2,0,50146,0,2009,1057,I-30-22,99999999999999999999,0000000,34.47571389,-92.73490833,1,1
5,119,4,27,21,0,1,4,1,0,13,2,0,8,0,1,1,3,2,35,1,1,2,1,0,0,6,1,0,0,21,0,21,10,99,99,0,0,0,0,1,2,0,50147,2320,2009,28,US-70-12,99999999999999999999,0000000,34.71166944,-92.34338611,1,1
5,111,4,28,6,0,1,1,0,0,3,3,0,42,0,1,4,1,2,55,1,1,2,2,0,0,6,2,0,0,88,88,88,88,88,88,0,0,0,0,1,3,0,50148,0,2009,35,SR-14-13,99999999999999999999,0000000,35.56560556,-90.93049167,1,2
5,141,4,28,11,59,2,3,0,1,2,2,0,12,2,1,1,1,3,55,1,2,2,1,0,0,1,1,0,0,12,0,12,11,99,99,0,0,0,0,1,3,0,50149,0,2009,79,US-65-08,99999999999999999999,0000000,35.46881389,-92.41426389,2,1
5,7,4,28,12,45,2,4,0,1,2,2,0,12,5,1,2,1,2,55,1,2,2,1,0,0,1,1,0,0,12,47,13,18,99,99,0,0,0,0,1,3,0,50150,0,2009,171,US-62-02,99999999999999999999,0000000,36.45015556,-93.96557222,2,1
5,25,4,28,16,10,2,3,0,0,3,2,0,12,4,2,1,1,2,55,1,1,2,1,20,3,1,8,0,0,16,23,16,29,99,99,0,0,0,0,1,3,0,50151,0,2009,49,US-63-15,CR-91,0000000,33.93794722,-92.03109722,2,8
5,7,4,30,10,40,1,1,0,0,4,3,0,32,0,1,4,1,2,55,2,1,2,2,0,0,1,2,0,0,88,88,88,88,88,88,0,0,0,0,1,5,0,50152,0,2009,2,SR-43-00,99999999999999999999,0000000,36.421975,-94.60532778,1,2
5,125,4,30,20,30,2,2,0,0,6,4,0,12,2,1,1,1,2,45,1,1,2,1,0,0,6,1,0,0,20,37,20,52,99,99,0,0,0,0,1,5,0,50153,0,2009,0,E. LAWSON,99999999999999999999,0000000,34.713625,-92.57746389,2,1
5,139,4,30,21,50,1,2,0,0,4,3,0,1,0,1,1,1,2,55,2,2,2,1,0,0,2,1,0,0,22,14,22,54,88,88,0,0,0,0,2,5,1,50154,0,2009,116,SR-129-01,99999999999999999999,0000000,33.07091944,-92.30913333,1,1
5,19,4,30,22,0,1,1,0,0,4,3,0,1,0,1,4,1,2,55,1,2,2,1,0,0,6,1,0,0,88,88,88,88,88,88,0,0,0,0,1,5,1,50155,0,2009,68,SR-84-04,99999999999999999999,0000000,34.26814167,-93.46078056,1,1
5,145,4,17,9,54,1,1,0,0,6,4,0,32,0,1,2,1,2,35,2,3,2,1,0,0,1,1,0,0,9,54,10,3,99,99,0,0,0,0,1,6,0,50156,0,2009,0,STONEY POINT CHURCH,99999999999999999999,0000000,35.09850278,-91.94541667,1,1
5,125,3,26,21,25,1,2,0,1,11,1,0,25,0,1,4,3,3,65,1,2,1,1,0,0,3,1,0,0,21,26,21,28,99,99,0,0,0,0,1,5,0,50157,570,2009,1226,I-30-22,99999999999999999999,0000000,34.61701667,-92.50187778,1,1
5,107,1,24,12,44,2,2,0,0,4,3,0,12,3,1,1,1,2,55,1,1,2,1,0,0,1,1,0,0,99,99,99,99,99,99,0,0,0,0,1,7,0,50158,1830,2009,196,SR-20-01,99999999999999999999,0000000,34.45151111,-90.61750833,2,1
5,101,5,1,17,50,1,1,0,0,3,3,0,42,0,1,4,1,2,55,2,2,2,2,40,3,1,2,0,0,17,50,17,59,99,99,0,0,0,0,1,6,0,50159,0,2009,249,SR-7-18,99999999999999999999,0000000,36.11423333,-93.12801389,1,2
5,67,5,2,9,13,2,3,0,1,2,2,0,12,5,2,1,2,2,35,1,1,2,2,20,3,1,2,0,0,9,32,9,45,99,99,0,0,0,0,1,7,0,50160,3790,2009,188,US-67-15,WALNUT ST.,0000000,35.82613056,-91.13171111,2,2
5,139,5,2,19,0,1,4,0,0,4,3,0,42,0,1,4,1,2,55,2,2,2,1,0,0,1,8,0,0,19,5,19,17,99,99,0,0,0,0,1,7,1,50161,0,2009,37,SR-7-01,99999999999999999999,0000000,33.13611389,-92.63174167,1,8
5,119,5,3,13,8,2,4,0,0,13,3,0,12,2,1,1,1,4,40,1,2,2,2,98,3,1,2,0,0,13,10,13,16,99,99,0,0,0,0,1,1,0,50162,2320,2009,29,SR-338-01,99999999999999999999,0000000,34.67006389,-92.36673889,2,2
5,139,5,3,18,54,2,5,0,0,6,4,0,12,2,1,1,1,2,45,2,1,2,1,99,9,1,1,0,0,18,54,19,13,99,99,0,0,0,0,1,1,1,50163,3925,2009,0,URBANA RD.,99999999999999999999,0000000,33.15742222,-92.44424444,2,1
5,119,5,4,14,25,2,3,0,0,16,6,0,12,5,2,1,1,3,35,2,2,2,1,20,3,1,1,0,0,14,33,14,35,99,99,0,0,0,0,1,2,0,50164,2320,2009,0,SHACKELFORD RD.,WALNUT VALLY DR.,0000000,34.76763333,-92.39583611,2,1
5,9,5,9,13,18,2,3,0,0,4,3,0,12,2,1,1,1,2,45,2,2,2,1,40,3,1,1,0,0,13,20,13,30,99,99,0,0,0,0,1,7,0,50165,0,2009,43,SR-392-01,99999999999999999999,0000000,36.23451111,-93.15290556,2,1
5,63,5,9,16,25,1,3,0,0,6,4,0,42,0,2,4,1,2,40,2,2,2,1,0,0,1,1,0,0,16,55,17,10,99,99,0,20,0,0,1,7,1,50166,0,2009,0,CLEGHORN CHAPEL RD.,OAK GROVE RD.,0000000,35.70318889,-91.47937778,1,1
5,11,5,10,5,15,1,2,0,0,3,2,0,34,0,1,5,1,5,55,1,1,2,2,0,0,6,2,0,0,5,26,5,34,99,99,0,0,0,0,1,1,0,50167,0,2009,56,US-278-13,99999999999999999999,0000000,33.61161667,-91.977025,1,2
5,67,5,11,20,52,2,3,0,1,2,2,0,12,1,1,1,2,2,70,1,1,1,1,0,0,6,1,0,0,21,6,21,13,99,99,0,0,0,0,1,2,1,50168,0,2009,120,US-67-14,99999999999999999999,0000000,35.57057222,-91.26105556,2,1
5,45,5,13,18,22,2,2,0,0,4,3,0,12,4,2,1,1,2,55,1,3,2,1,0,0,1,1,0,0,18,23,18,29,88,88,0,0,0,0,1,4,0,50169,0,2009,142,SR-36-01,HAWTHICKET RD,0000000,35.191275,-92.15023056,2,1
5,119,5,14,22,18,1,2,0,0,16,6,0,30,0,2,4,1,4,40,1,3,2,1,20,3,6,1,0,0,22,19,22,23,99,99,0,0,0,0,1,5,0,50170,2320,2009,0,N. MISSISSIPPI AVE.,HARMON DR.,0000000,34.76646944,-92.35841389,1,1
5,51,5,15,14,40,2,5,0,0,3,2,0,12,4,1,1,1,5,50,1,2,2,1,0,0,1,1,0,0,14,46,14,57,99,99,0,0,0,0,1,6,0,50171,0,2009,112,US-70-08,99999999999999999999,0000000,34.45140556,-93.17346111,2,1
5,57,5,15,15,55,2,4,0,0,6,4,0,12,2,1,1,1,2,50,2,1,2,1,0,0,1,1,0,0,15,59,16,7,99,99,0,0,0,0,1,6,0,50172,0,2009,0,CR 3,99999999999999999999,0000000,33.60214444,-93.56875556,2,1
5,139,5,15,21,31,2,12,0,1,2,2,0,12,4,2,1,1,4,55,1,1,2,1,0,0,6,1,0,0,21,41,21,44,99,99,0,0,0,0,1,6,1,50173,0,2009,104,US-167-01,SR-7,0000000,33.25462222,-92.64856389,2,1
5,39,5,15,22,25,1,1,0,0,3,3,0,37,0,1,4,1,2,55,2,1,2,1,0,0,6,1,0,0,88,88,88,88,88,88,0,0,0,0,1,6,1,50174,0,2009,92,SR-9-03,99999999999999999999,0000000,34.09744722,-92.6594,1,1
5,49,5,17,12,35,3,7,0,1,2,2,0,12,5,4,1,1,2,55,1,1,2,1,0,0,1,1,0,0,12,44,13,5,99,99,0,0,0,0,2,1,0,50175,0,2009,122,US-63-01,99999999999999999999,0000000,36.38059167,-91.48808889,3,1
5,15,5,19,18,20,2,4,0,0,3,2,0,12,5,2,1,1,5,55,2,2,2,1,20,3,1,1,0,3,18,21,18,28,99,99,0,0,0,0,1,3,0,50176,0,2009,73,US-62-04,HOMESTYLE DR.,0000000,36.39715833,-93.63675278,2,1
5,5,5,20,99,99,1,1,0,0,6,4,0,42,0,1,4,1,2,35,2,2,2,9,0,0,6,9,0,0,6,39,6,55,99,99,0,0,0,0,1,4,1,50177,0,2009,0,CR 25,99999999999999999999,0000000,36.41974444,-92.44055278,1,9
5,119,5,21,0,30,1,1,0,0,16,6,0,42,0,2,4,1,2,30,1,2,2,1,3,3,2,1,0,0,0,30,0,36,88,88,0,0,0,0,1,5,1,50178,2320,2009,0,SOUTH WALKER,TWENTY FOURTH ST,0000000,34.73145556,-92.36613889,1,1
5,45,5,21,13,52,2,3,0,1,2,2,0,12,5,2,1,1,4,55,1,2,2,1,0,0,1,1,0,0,13,52,14,12,99,99,0,0,0,0,1,5,0,50179,0,2009,78,US-65-09,SR-25,0000000,35.26496389,-92.38712222,2,1
5,89,5,21,18,45,1,1,0,1,2,2,0,34,0,1,4,1,2,55,2,2,2,1,0,0,1,1,0,0,18,50,18,54,99,99,0,0,0,0,1,5,0,50180,0,2009,43,US-62-09,99999999999999999999,0000000,36.24586667,-92.63023889,1,1
5,81,5,22,22,25,2,2,0,0,4,3,0,12,2,1,1,1,2,55,1,1,2,1,0,0,6,1,0,0,22,32,22,41,99,99,0,0,0,0,1,6,0,50181,0,2009,79,SR-32-03,99999999999999999999,0000000,33.66356667,-94.22115278,2,1
5,9,5,24,6,0,1,1,0,0,6,4,0,42,0,2,4,1,2,40,2,1,2,1,0,0,4,1,0,0,6,46,6,56,88,88,0,0,0,0,1,1,1,50182,1750,2009,0,WOLF SPRINGS RD.,OAKLAWN ESTATES LN,0000000,36.28416944,-93.14601667,1,1
5,59,5,24,10,41,1,1,0,0,4,2,0,43,0,1,4,1,4,55,2,1,2,2,0,0,1,2,0,0,88,88,88,88,88,88,0,0,0,0,1,1,0,50183,0,2009,49,US-67-08,99999999999999999999,0000000,34.38987778,-92.74619444,1,2
5,119,5,24,16,17,3,5,0,1,11,1,0,13,2,1,1,2,6,65,1,2,1,2,0,0,1,2,0,0,16,17,16,23,99,99,0,0,0,0,1,1,0,50184,2320,2009,17,I-430-21,99999999999999999999,0000000,34.68668611,-92.40540556,3,2
5,119,5,24,17,30,2,2,0,0,6,6,0,12,2,1,1,1,2,35,2,1,2,1,0,0,1,1,0,0,17,36,17,46,99,99,0,99,99,99,1,1,1,50185,2320,2009,0,KANIS RD,99999999999999999999,0000000,34.75183889,-92.43862222,2,1