STATE,COUNTY,MONTH,DAY,HOUR,MINUTE,VE_TOTAL,PERSONS,PEDS,NHS,ROAD_FNC,ROUTE,SP_JUR,HARM_EV,MAN_COLL,REL_JUNC,REL_ROAD,TRAF_FLO,NO_LANES,SP_LIMIT,ALIGNMNT,PROFILE,PAVE_TYP,SUR_COND,TRA_CONT,T_CONT_F,LGT_COND,WEATHER1,WEATHER2,WRK_ZONE,NOT_HOUR,NOT_MIN,ARR_HOUR,ARR_MIN,HOSP_HR,HOSP_MN,SCH_BUS,CF1,CF2,CF3,FATALS,DAY_WEEK,DRUNK_DR,ST_CASE,CITY,YEAR,MILEPT,TWAY_ID,TWAY_ID2,RAIL,LATITUDE,LONGITUD,VE_FORMS,WEATHER
5,63,5,26,14,56,2,3,0,0,13,3,0,12,2,1,1,1,3,35,2,2,2,1,0,0,1,1,0,1,14,56,14,59,99,99,0,0,0,0,1,3,0,50186,250,2009,12,SR-69-03,99999999999999999999,0000000,35.76466667,-91.61649167,2,1
5,119,5,26,15,42,2,2,0,0,3,3,0,43,0,2,1,1,2,55,2,2,2,1,20,3,1,1,0,0,88,88,88,88,88,88,0,0,0,0,1,3,0,50187,0,2009,186,SR-107-01,SR-89,0000000,34.97858611,-92.14499444,2,1
5,31,5,27,14,19,2,11,0,1,2,2,0,12,2,1,1,2,2,70,1,1,2,1,0,0,1,1,0,0,99,99,99,99,99,99,0,0,0,0,5,4,0,50188,2070,2009,69,US-63-07,99999999999999999999,0000000,35.756125,-90.57858333,2,1
5,101,5,29,12,22,1,2,0,0,4,3,0,37,0,1,4,1,2,55,2,2,2,1,0,0,1,1,0,0,13,0,14,50,99,99,0,0,0,0,1,6,0,50189,0,2009,39,SR-21-03,99999999999999999999,0000000,35.88925833,-93.38061389,1,1
5,19,5,29,21,38,2,6,0,0,3,3,0,12,2,1,1,1,2,55,2,2,2,1,0,0,6,1,0,0,21,38,21,48,99,99,0,0,0,0,1,6,0,50190,0,2009,27,SR-7-07,99999999999999999999,0000000,34.07016944,-92.98838889,2,1
5,7,5,30,18,20,2,2,0,0,6,4,0,12,5,4,1,1,2,45,1,2,2,1,0,0,1,1,0,0,18,32,19,39,99,99,0,0,0,0,1,7,1,50191,0,2009,0,PATTERSON RD,99999999999999999999,0000000,36.45643889,-94.10524444,2,1
5,119,2,23,10,0,2,3,1,0,16,6,0,9,0,2,1,3,4,35,1,1,2,1,3,3,1,1,0,1,10,4,10,8,88,88,0,0,0,0,1,2,0,50192,2320,2009,0,UNIVERSITY AVE.,ST. VINCENTS DR,0000000,34.74868333,-92.34123611,2,1
5,69,2,20,17,8,2,2,0,0,2,3,0,12,5,2,1,1,5,40,1,1,2,1,20,3,1,1,0,0,17,9,17,15,99,99,0,0,0,0,1,6,1,50193,4156,2009,164,SR-365-14,MICHELLE ST.,0000000,34.25583333,-92.07620278,2,1
5,145,6,1,20,27,1,2,0,0,6,4,0,37,0,1,4,1,2,40,1,2,4,1,0,0,5,1,0,0,20,34,20,56,88,88,0,0,0,0,1,2,1,50194,0,2009,0,CROCKETT RD,99999999999999999999,0000000,35.29379167,-92.01055833,1,1
5,5,6,2,14,0,1,1,0,0,4,3,0,42,0,1,4,1,2,55,2,3,2,2,0,0,1,1,0,0,88,88,88,88,88,88,0,0,0,0,1,3,0,50195,0,2009,72,SR-101-01,99999999999999999999,0000000,36.37333611,-92.27108056,1,1
5,143,6,5,10,31,2,2,1,0,6,4,0,8,0,2,1,1,2,35,2,2,2,1,50,3,1,1,0,1,99,99,10,37,99,99,0,0,0,0,1,6,0,50196,1310,2009,0,E. BLACKOAK RD,MOUNTAIN SPRINGS DR.,0000000,36.00083611,-94.10087778,1,1
5,101,6,5,12,35,2,3,0,0,3,3,0,12,2,1,1,1,2,55,2,2,2,1,21,3,1,1,0,0,12,35,12,47,88,88,0,99,99,99,1,6,0,50197,9999,2009,247,SR-7-18,99999999999999999999,0000000,36.11298611,-93.13050278,2,1
5,123,6,5,16,29,1,1,0,1,1,1,0,42,0,1,5,2,2,70,1,1,2,1,0,0,1,1,0,0,16,29,99,99,99,99,0,0,0,0,1,6,0,50198,1360,2009,23910,I-40-51,99999999999999999999,0000000,35.02683333,-90.81547778,1,1
5,71,6,6,9,29,1,5,0,0,4,3,0,1,0,1,2,1,2,55,2,2,2,1,0,0,1,1,0,0,9,33,9,55,99,99,0,0,0,0,1,7,0,50199,0,2009,125,SR-21-01,99999999999999999999,0000000,35.59059722,-93.43786111,1,1
5,23,6,6,16,20,2,5,0,0,3,3,0,12,5,1,1,1,2,55,1,1,2,1,0,0,1,1,0,0,16,20,16,29,99,99,0,0,0,0,1,7,0,50200,0,2009,31,SR-16-12,99999999999999999999,0000000,35.44808056,-91.987675,2,1
5,119,6,7,20,50,1,2,1,0,16,6,0,9,0,2,1,1,2,30,1,1,2,1,3,3,3,1,0,0,20,50,20,57,99,99,0,0,0,0,1,1,0,50201,2320,2009,0,WOODROW ST,SEVENTH ST,0000000,34.74524444,-92.30551944,1,1
5,49,6,8,12,30,1,2,0,1,2,2,0,38,0,1,1,1,3,55,2,2,2,1,0,0,1,1,0,0,12,50,13,10,99,99,0,0,0,0,1,2,0,50202,0,2009,58,US-62-12,99999999999999999999,0000000,36.39735556,-92.04494722,1,1
5,63,6,8,12,55,2,4,0,0,3,3,0,12,2,2,1,1,2,55,2,1,2,1,40,3,1,1,0,0,88,88,88,88,88,88,0,0,0,0,1,2,0,50203,9997,2009,67,SR-25-05,WATSON RD.,0000000,35.79765278,-91.53169167,2,1
5,13,6,9,17,40,1,1,0,1,2,2,0,1,0,1,1,2,2,65,1,1,2,1,0,0,1,1,0,0,17,45,18,7,99,99,0,0,0,0,1,3,0,50204,0,2009,1,US-79-05,99999999999999999999,0000000,33.72823056,-92.60723611,1,1
5,5,6,9,18,51,1,1,0,0,3,3,0,34,0,2,4,1,3,35,1,2,2,1,0,0,6,1,0,0,18,53,19,0,99,99,0,0,0,0,1,3,0,50205,2730,2009,5,SR-5-19,BROADMORE DR,0000000,36.34702778,-92.39449167,1,1
5,67,6,10,16,31,1,1,0,1,2,2,0,1,0,1,4,2,2,70,1,1,1,1,0,0,1,1,0,0,16,32,16,39,99,99,0,0,0,0,1,4,0,50206,0,2009,141,US-67-14,99999999999999999999,0000000,35.58194167,-91.25381389,1,1
5,7,6,11,1,19,2,8,0,0,4,3,0,12,2,1,1,1,2,35,1,1,2,1,0,0,6,1,0,0,88,88,88,88,88,88,0,0,0,0,1,5,0,50207,710,2009,48,SR-264-02,99999999999999999999,0000000,36.25955278,-94.21555278,2,1
5,49,6,11,14,15,1,1,0,1,2,2,0,34,0,1,4,1,3,55,2,2,2,1,40,3,1,1,0,0,88,88,88,88,88,88,0,0,0,0,1,5,0,50208,0,2009,49,US-63-01,99999999999999999999,0000000,36.44886944,-91.497425,1,1
5,3,6,11,15,43,2,3,0,1,2,2,0,12,1,2,1,1,2,55,1,1,2,1,0,0,1,1,0,0,15,48,15,54,99,99,0,0,0,0,1,5,0,50209,0,2009,30,US-82-09,ASHLEY 69 RD,0000000,33.24611667,-91.75184722,2,1
5,115,6,12,14,1,2,3,0,0,3,3,0,12,2,1,1,1,2,55,2,1,2,2,0,0,1,2,0,0,14,1,14,18,99,99,0,0,0,0,1,6,0,50210,0,2009,101,SR-7-15,99999999999999999999,0000000,35.41318611,-93.13522222,2,2
5,119,6,12,15,59,2,2,0,0,13,2,0,12,2,1,1,1,4,35,1,1,2,2,0,0,1,2,0,0,16,0,16,4,99,99,0,0,0,0,1,6,0,50211,2320,2009,40,US-70-12,99999999999999999999,0000000,34.72339722,-92.32425278,2,2
5,103,6,12,17,40,1,1,0,0,3,2,0,23,0,1,4,1,2,50,1,1,2,1,0,0,1,1,0,0,17,42,17,47,88,88,0,0,0,0,1,6,0,50212,0,2009,29,US-79-04B,99999999999999999999,0000000,33.569075,-92.83799167,1,1
5,93,6,12,19,3,2,2,0,0,2,3,0,12,2,4,1,1,4,55,1,1,2,1,0,0,1,1,0,0,19,10,19,20,99,99,0,0,0,0,1,6,0,50213,0,2009,110,SR-18-06,99999999999999999999,0000000,35.88167778,-89.99364722,2,1
5,107,6,12,20,50,1,1,0,0,4,3,0,36,0,1,5,1,2,55,2,1,2,1,0,0,6,1,0,0,20,55,20,58,99,99,0,0,0,0,1,6,1,50214,0,2009,17,SR-242-00,99999999999999999999,0000000,34.5166,-90.66121944,1,1
5,119,6,13,15,56,2,3,0,0,13,3,0,12,2,1,1,1,4,55,1,1,2,1,0,0,1,1,0,0,15,56,16,2,99,99,0,0,0,0,2,7,1,50215,3570,2009,80,SR-107-01,99999999999999999999,0000000,34.84836111,-92.22932222,2,1
5,93,6,14,9,43,1,1,0,0,16,6,0,30,0,2,4,1,2,30,1,1,1,2,0,0,1,1,0,0,9,43,9,55,99,99,0,0,0,0,1,1,1,50216,450,2009,0,HENDERSON ST,10TH ST,0000000,35.91505278,-89.91343889,1,1
5,15,6,15,16,22,2,3,0,0,3,2,0,12,2,1,1,1,2,55,1,1,2,1,0,0,1,1,0,0,16,22,16,28,99,99,0,0,0,0,2,2,1,50217,0,2009,28,US-62-05,99999999999999999999,0000000,36.35626389,-93.55467778,2,1
5,85,6,16,99,99,1,1,0,1,12,2,0,34,0,1,4,1,2,35,2,2,2,9,0,0,9,9,0,0,10,14,10,18,88,88,0,0,0,0,1,3,1,50218,600,2009,5,US-67-11,99999999999999999999,0000000,34.94483889,-92.069025,1,9
5,85,6,16,20,40,1,4,0,1,2,2,0,42,0,1,4,1,2,55,1,1,2,1,0,0,6,1,0,0,20,44,20,50,99,99,0,0,0,0,1,3,0,50219,0,2009,24,US-165-08,99999999999999999999,0000000,34.535975,-91.69189444,1,1
5,87,6,17,11,27,2,5,0,0,3,3,0,12,2,1,1,1,2,55,2,2,8,1,0,0,1,1,0,0,11,28,11,33,99,99,0,0,0,0,2,4,0,50220,0,2009,236,SR-23-08,99999999999999999999,0000000,36.05523889,-93.72535278,2,1
5,85,6,18,11,34,1,1,0,0,3,3,0,32,0,2,4,1,2,55,2,1,2,1,0,0,1,1,0,0,12,5,12,10,88,88,0,0,0,0,1,5,1,50221,600,2009,61,SR-5-12,HILLTOP RD,0000000,35.029575,-92.06937778,1,1
5,119,6,18,18,35,3,6,0,0,16,6,0,12,5,2,1,1,2,30,1,2,2,1,20,3,1,1,0,0,18,39,18,44,99,99,0,0,0,0,3,5,0,50222,2320,2009,0,TWENTY SECOND ST.,COMMERCE ST,0000000,34.72753056,-92.26886667,2,1
5,131,6,19,1,51,1,2,0,0,16,6,0,30,0,1,5,1,5,35,2,2,2,1,0,0,3,1,0,0,1,57,1,58,99,99,0,0,0,0,1,6,1,50223,1370,2009,0,OLD GREENWOOD RD.,99999999999999999999,0000000,35.342575,-94.39330833,1,1
5,77,6,19,12,56,2,3,0,1,2,3,0,12,5,2,1,1,2,55,1,1,2,1,0,0,1,1,0,0,13,1,13,9,99,99,0,0,0,0,2,6,0,50224,0,2009,10,SR-1-09,SR-121,0000000,34.65700278,-90.76792778,2,1
5,7,6,19,14,26,2,5,0,0,2,2,0,12,2,1,1,1,2,55,2,2,2,1,0,0,1,1,0,0,14,26,14,34,99,99,0,0,0,0,1,6,0,50225,0,2009,197,US-62-02,99999999999999999999,0000000,36.48783333,-93.926925,2,1
5,47,6,19,14,28,1,1,0,0,3,3,0,7,0,2,1,1,2,55,2,2,1,9,98,3,1,1,0,0,14,29,14,33,99,99,0,0,0,0,1,6,0,50226,0,2009,1000,SR-23-07,RIVERVIEW RD,0000000,35.59946111,-93.847875,1,1
5,35,6,20,1,56,1,1,0,0,4,3,0,1,0,1,4,1,2,55,2,1,2,1,0,0,6,1,0,0,2,10,2,13,99,99,0,0,0,0,1,7,1,50227,0,2009,58,SR-77-05,99999999999999999999,0000000,35.31053889,-90.236925,1,1
5,75,6,20,17,38,2,3,0,0,6,4,0,14,8,1,5,1,2,35,2,1,2,1,0,0,1,1,0,0,17,38,17,46,99,99,0,0,0,0,1,7,1,50228,0,2009,0,COUNTRY CLUB RD.,99999999999999999999,0000000,36.13349167,-90.92132778,1,1
5,69,6,21,2,29,1,2,0,0,4,3,0,1,0,1,4,1,2,45,2,1,2,1,0,0,6,1,0,0,3,2,3,24,99,99,0,0,0,0,1,1,1,50229,4255,2009,22,SR-256-02,99999999999999999999,0000000,34.44913889,-92.06491389,1,1
5,29,6,21,17,55,1,1,0,0,4,3,0,1,0,1,4,1,2,55,2,1,2,1,0,0,1,1,0,0,18,5,18,30,88,88,0,0,0,0,1,1,0,50230,0,2009,22,SR-124-04,99999999999999999999,0000000,35.40150278,-92.71070556,1,1
5,149,6,21,18,14,2,6,0,0,3,3,0,12,2,1,1,1,2,55,1,1,2,1,0,0,1,1,0,0,18,14,18,16,99,99,0,0,0,0,1,1,1,50231,980,2009,173,SR-27-10,99999999999999999999,0000000,35.21746944,-93.18260278,2,1
5,45,6,22,18,58,2,3,0,0,6,6,0,12,5,2,1,1,2,35,2,1,2,1,20,3,1,1,0,0,19,0,19,8,99,99,0,0,0,0,1,2,0,50232,860,2009,0,NUTTER CHAPEL RD,FREDRICK DR,0000000,35.06737778,-92.46415556,2,1
5,61,6,22,21,32,1,1,0,0,6,4,0,1,0,1,1,1,2,0,2,2,4,1,0,0,6,1,0,0,21,34,21,54,88,88,0,0,0,0,1,2,0,50233,0,2009,0,C0RNBRIDGE RD,99999999999999999999,0000000,33.88637778,-93.99876667,1,1
5,51,6,22,23,40,1,1,0,0,6,4,0,42,0,1,2,1,2,35,2,1,2,1,0,0,6,1,0,0,23,46,23,55,99,99,0,0,0,0,1,2,1,50234,0,2009,0,MAJESTIC LODGE,99999999999999999999,0000000,34.47417778,-93.13555556,1,1
5,113,6,23,15,30,2,9,0,1,2,2,0,12,5,2,1,1,2,55,2,2,2,1,0,0,1,1,0,0,15,45,16,6,99,99,0,0,0,0,1,3,0,50235,0,2009,114,US-71-08,POLK CO RD 13,0000000,34.32819722,-94.37152778,2,1
5,7,6,23,23,49,1,1,0,0,6,4,0,1,0,1,5,1,2,35,2,2,2,1,0,0,6,1,0,0,23,52,0,2,88,88,0,0,0,0,1,3,1,50236,0,2009,0,PLEASURE HEIGHTS RD,99999999999999999999,0000000,36.21075278,-94.02916111,1,1
5,119,6,25,1,50,2,6,0,1,11,1,0,13,5,1,1,2,2,70,1,1,1,1,0,0,6,1,0,0,2,5,2,26,99,99,0,0,0,0,1,5,1,50237,2880,2009,1588,I-40-33,99999999999999999999,0000000,34.78145278,-92.15658056,2,1
5,119,6,25,5,35,2,2,0,0,3,3,0,12,5,2,1,1,2,55,1,1,2,1,0,0,4,1,0,0,99,99,99,99,99,99,0,0,0,0,1,5,0,50238,0,2009,133,SR-107-01,OAK HILL,0000000,34.81940556,-92.23344444,2,1
5,21,6,25,22,53,1,3,0,0,4,3,0,36,0,1,4,1,2,55,2,1,2,1,0,0,6,1,0,0,22,53,23,33,99,99,0,0,0,0,1,5,1,50239,0,2009,28,SR-211-01,99999999999999999999,0000000,36.4527,-90.72479722,1,1
5,131,6,26,19,25,1,1,0,0,4,3,0,27,0,1,4,1,2,45,2,1,2,1,0,0,1,1,0,0,88,88,88,88,88,88,0,0,0,0,1,6,1,50240,0,2009,34,SR-253-03,99999999999999999999,0000000,35.12341944,-94.33968611,1,1
5,69,6,27,17,40,2,2,0,1,2,2,0,12,8,1,1,1,2,55,1,1,2,1,0,0,1,1,0,0,17,42,17,46,99,99,0,0,0,0,2,7,1,50241,0,2009,54,US-270-11,99999999999999999999,0000000,34.27078333,-92.12625,2,1
5,143,6,27,18,3,2,3,0,0,13,3,0,12,2,1,1,1,2,55,2,2,2,1,40,3,1,1,0,0,18,3,18,20,88,88,0,0,0,0,1,7,1,50242,1310,2009,54,SR-16-03,99999999999999999999,0000000,36.04665833,-94.09228333,2,1
5,73,6,27,21,0,1,1,0,0,6,4,0,42,0,1,4,1,2,40,1,1,4,1,0,0,6,1,0,0,21,15,21,36,99,99,0,0,0,0,1,7,1,50243,0,2009,0,CR 25,99999999999999999999,0000000,33.45296389,-93.61990833,1,1
5,91,6,28,5,0,1,2,0,1,2,2,0,42,0,1,5,1,2,55,2,1,2,1,0,0,6,1,0,0,5,8,5,21,99,99,0,0,0,0,1,1,1,50244,0,2009,106,US-71-01,99999999999999999999,0000000,33.16679722,-93.88396667,1,1
5,119,6,29,13,5,1,1,0,0,14,3,0,42,0,1,5,1,2,30,1,1,2,1,98,3,1,1,0,0,13,11,13,14,99,99,0,0,0,0,1,2,1,50245,2036,2009,2,SR-294-01,99999999999999999999,0000000,34.85158333,-92.11405278,1,1
5,67,6,29,18,13,2,3,0,0,4,3,0,12,5,2,1,1,2,55,1,1,2,1,20,3,1,1,0,0,88,88,88,88,88,88,0,0,0,0,1,2,0,50246,0,2009,89,SR-18-01,CR 214,0000000,35.65143889,-91.1261,2,1
5,5,6,29,20,8,1,1,0,0,4,3,0,37,0,1,5,1,2,45,2,1,2,1,0,0,1,1,0,0,20,8,20,17,99,99,0,0,0,0,1,2,1,50247,0,2009,76,SR-178-02,99999999999999999999,0000000,36.34209167,-92.38261667,1,1
5,51,6,30,18,23,1,2,0,0,13,3,0,7,0,1,1,1,4,45,2,2,2,2,0,0,1,2,0,0,18,23,18,32,99,99,0,0,0,0,1,3,0,50248,0,2009,44,SR-7-09,99999999999999999999,0000000,34.50528333,-93.05514444,1,2
5,1,6,30,23,30,2,4,0,1,2,2,0,12,2,1,1,1,2,55,2,1,2,1,0,0,6,1,0,0,23,30,23,35,99,99,0,0,0,0,2,3,1,50249,0,2009,76,US-79-11,99999999999999999999,0000000,34.46676111,-91.59939167,2,1
5,95,7,1,16,0,1,1,0,0,3,3,0,32,0,1,4,1,2,55,2,1,8,1,0,0,1,1,0,0,88,88,88,88,88,88,0,0,0,0,1,4,0,50250,0,2009,78,SR-302-02,99999999999999999999,0000000,34.69222778,-91.30488333,1,1
5,77,7,1,20,50,1,2,0,0,4,3,0,42,0,1,4,1,2,55,1,1,2,1,0,0,6,1,0,0,20,50,21,0,99,99,0,0,0,0,2,4,1,50251,0,2009,85,SR-238-02,99999999999999999999,0000000,34.77546111,-90.98859722,1,1
5,145,7,2,11,43,1,1,0,1,2,2,0,32,0,1,4,1,2,55,1,1,2,1,0,0,1,1,0,0,11,45,11,50,88,88,0,0,0,0,1,5,1,50252,0,2009,94,US-64-10,99999999999999999999,0000000,35.06878333,-91.92758611,1,1
5,57,7,2,15,55,2,4,0,0,6,4,0,12,2,1,1,1,2,40,1,1,4,1,0,0,1,1,0,0,16,5,16,25,99,99,0,0,0,0,2,5,0,50253,0,2009,0,HEMPSTEAD 15,99999999999999999999,0000000,33.69728056,-93.69295,2,1
5,63,7,3,6,0,1,1,0,1,2,2,0,42,0,1,5,1,4,55,2,1,2,1,28,3,1,1,0,0,88,88,88,88,88,88,0,0,0,0,1,6,0,50254,0,2009,118,US-167-17,99999999999999999999,0000000,35.690625,-91.61868056,1,1
5,127,7,3,18,8,2,4,0,1,2,2,0,12,5,2,1,1,2,55,1,2,2,1,20,3,1,1,0,0,18,8,18,48,99,99,0,0,0,0,1,6,0,50255,2530,2009,40,US-71-12,DAYTON RD,0000000,35.06723889,-94.22810556,2,1
5,119,7,4,0,22,2,7,1,0,16,6,0,8,0,5,1,3,5,45,1,1,2,1,3,3,3,1,0,0,0,23,0,24,99,99,0,0,0,0,1,7,1,50256,2320,2009,0,UNIVERSITY AVE.,I-30 OFF RAMP,0000000,34.74445,-92.34133333,2,1
5,69,7,4,3,30,1,1,0,0,3,2,0,32,0,2,4,1,2,55,2,1,2,1,0,0,6,1,0,0,88,88,88,88,88,88,0,0,0,0,1,7,0,50257,0,2009,78,US-63-14,MISTY CREEK RD,0000000,34.07967778,-92.02440278,1,1
5,69,7,4,4,0,1,3,0,0,3,3,0,37,0,1,4,1,2,55,1,1,2,1,0,0,6,1,0,0,4,22,4,50,99,99,0,0,0,0,1,7,1,50258,0,2009,47,SR-31-01,99999999999999999999,0000000,34.37794167,-91.94372222,1,1
5,125,7,4,21,5,1,1,0,0,4,3,0,21,0,1,4,1,2,55,2,2,2,1,0,0,6,1,0,0,88,88,88,88,88,88,0,0,0,0,1,7,1,50259,0,2009,47,SR-9-05,99999999999999999999,0000000,34.64154167,-92.77093611,1,1
5,125,7,5,7,46,1,2,0,0,4,3,0,42,0,1,4,1,2,55,2,2,2,2,0,0,1,1,0,0,99,99,7,50,99,99,0,0,0,0,1,1,0,50260,0,2009,77,SR-5-07,99999999999999999999,0000000,34.61371389,-92.76941389,1,1
5,115,7,5,99,99,1,2,0,0,6,4,0,1,0,1,4,1,1,45,2,1,5,5,0,0,6,9,0,0,11,56,12,31,99,99,0,0,0,0,1,1,1,50261,0,2009,0,WHITE OAK MOUNTIN RD,99999999999999999999,0000000,35.47050833,-92.85992222,1,9
5,43,7,6,20,7,1,2,0,0,4,3,0,1,0,1,5,1,2,55,1,1,2,1,0,0,1,1,0,0,20,10,20,20,99,99,0,0,0,0,1,2,0,50262,2680,2009,42,SR-138-03,99999999999999999999,0000000,33.64163333,-91.75892778,1,1
5,79,7,9,1,0,1,1,0,0,6,4,0,23,0,1,4,1,2,35,1,1,4,1,0,0,6,1,0,0,88,88,88,88,88,88,0,0,0,0,1,5,1,50263,0,2009,0,LANCASTER RD,99999999999999999999,0000000,33.92513056,-91.85288611,1,1
5,23,7,9,8,30,1,1,0,0,4,3,0,1,0,1,4,1,3,55,2,1,2,1,0,0,1,1,0,0,99,99,99,99,99,99,0,0,0,0,1,5,0,50264,0,2009,84,SR-25-02,99999999999999999999,0000000,35.49128611,-92.03727778,1,1
5,7,7,9,12,39,1,1,0,1,11,1,0,1,0,5,1,2,4,70,1,1,2,1,29,3,1,1,0,0,12,39,12,47,99,99,0,0,0,0,1,5,0,50265,2380,2009,780,I-540-05,SR-264,0000000,36.25389444,-94.15034167,1,1
5,123,7,10,2,33,2,4,0,1,1,1,0,12,7,1,1,2,2,65,1,1,2,1,0,0,6,1,0,0,2,39,2,48,99,99,0,0,0,0,1,6,0,50266,0,2009,2346,I-40-51,99999999999999999999,0000000,34.99147222,-90.88624444,2,1
5,119,7,10,5,45,1,1,0,0,4,3,0,32,0,1,4,1,2,55,2,2,2,1,0,0,4,1,0,0,88,88,88,88,88,88,0,0,0,0,1,6,1,50267,3405,2009,105,SR-300-02,99999999999999999999,0000000,34.91719444,-92.49544167,1,1
5,131,7,10,22,7,1,1,0,0,6,6,0,24,0,1,4,1,2,30,2,2,2,1,0,0,6,1,0,0,22,12,22,15,88,88,0,0,0,0,1,6,1,50268,1370,2009,0,LEIGH AVE,99999999999999999999,0000000,35.33695278,-94.37478889,1,1
5,7,7,11,13,25,1,1,0,0,6,4,0,7,0,1,1,1,2,35,1,2,2,1,0,0,1,1,0,0,13,25,13,32,99,99,0,0,0,0,1,7,0,50269,0,2009,0,BEAVERS SHORES RD,99999999999999999999,0000000,36.32824722,-94.025525,1,1
5,9,7,12,0,30,1,2,0,0,6,4,0,1,0,1,1,1,2,35,2,1,2,1,0,0,6,1,0,0,88,88,88,88,88,88,0,0,0,0,1,1,1,50270,0,2009,0,UNION RD.,99999999999999999999,0000000,36.17138333,-93.07445556,1,1
5,33,7,12,2,43,1,2,1,0,6,4,0,8,0,1,2,1,2,35,1,1,2,1,0,0,6,1,0,0,2,45,3,0,99,99,0,0,0,0,1,1,0,50271,0,2009,0,LOST BEACH RD,99999999999999999999,0000000,35.47823611,-94.26205278,1,1
5,13,7,12,14,45,1,2,0,1,2,2,0,34,0,1,5,1,2,55,1,1,2,1,0,0,1,1,0,0,15,6,15,19,99,99,0,0,0,0,1,1,0,50272,0,2009,100,US-167-04,99999999999999999999,0000000,33.72534444,-92.47269722,1,1
5,41,7,16,4,30,2,2,0,1,2,2,0,12,2,1,1,1,2,55,1,1,2,1,0,0,6,1,0,0,88,88,88,88,88,88,0,0,0,0,1,5,0,50273,0,2009,16,US-65-17,99999999999999999999,0000000,33.95102778,-91.53390278,2,1
5,125,7,16,8,16,2,2,0,1,2,2,0,12,5,2,1,3,2,55,1,1,2,1,20,3,1,1,0,0,8,20,8,40,99,99,0,0,0,0,1,5,0,50274,0,2009,61,US-167-12,PHILIS RD.,0000000,34.55854444,-92.28570278,2,1
5,63,7,16,3,40,1,1,0,0,4,3,0,43,0,1,4,1,2,55,1,9,2,2,0,0,6,2,0,0,88,88,88,88,88,88,0,0,0,0,1,5,1,50275,3170,2009,2,SR-157-03,99999999999999999999,0000000,35.55771667,-91.62194167,1,2
5,21,7,17,13,16,1,1,0,0,3,3,0,34,0,1,4,1,2,55,1,1,2,1,0,0,1,1,0,0,99,99,99,99,88,88,0,0,0,0,1,6,0,50276,0,2009,11,SR-90-01,99999999999999999999,0000000,36.24506944,-90.13567778,1,1
5,71,7,18,11,5,1,1,0,0,4,3,0,37,0,1,4,1,2,55,2,1,2,1,0,0,1,1,0,0,88,88,88,88,88,88,0,0,0,0,1,7,0,50277,0,2009,182,SR-21-01,99999999999999999999,0000000,35.68389722,-93.436575,1,1
5,73,7,19,12,25,2,2,0,1,2,3,0,12,3,1,1,1,2,35,1,1,2,1,0,0,1,1,0,0,12,26,12,35,99,99,0,0,0,0,1,1,1,50278,3690,2009,126,SR-82-02,99999999999999999999,0000000,33.36544444,-93.48929722,2,1
5,7,7,20,10,5,1,1,0,0,4,3,0,1,0,1,4,1,2,55,1,1,2,1,0,0,1,1,0,0,88,88,88,88,88,88,0,0,0,0,1,2,0,50279,0,2009,54,SR-12-02,99999999999999999999,0000000,36.25776944,-94.39624722,1,1
5,71,7,20,11,47,2,2,0,0,4,3,0,12,2,1,1,1,2,55,2,2,2,1,0,0,1,1,0,0,11,49,12,3,99,99,0,0,0,0,1,2,0,50280,0,2009,107,SR-103-01,99999999999999999999,0000000,35.532575,-93.53485,2,1
5,37,7,20,19,1,1,3,2,0,16,6,0,9,0,2,1,1,2,20,1,1,2,1,20,9,1,1,0,0,19,4,19,6,99,99,0,0,0,0,1,2,1,50281,4260,2009,0,W. COGBILL,L. ST.,0000000,35.22656944,-90.79930833,1,1
5,143,7,20,22,7,2,3,0,1,2,2,0,12,5,2,1,1,4,55,1,1,2,2,20,3,6,2,0,0,22,21,22,28,99,99,0,0,0,0,1,2,1,50282,9999,2009,178,US-412-02,CR 399,0000000,36.16854167,-94.03176667,2,2
5,131,7,23,2,50,3,1,0,0,16,6,0,14,99,2,5,1,2,30,1,1,2,1,20,3,3,1,0,0,2,54,3,1,99,99,0,0,0,0,1,5,1,50283,1370,2009,0,JOHNSON ST.,N. 34TH,0000000,35.40771389,-94.393575,1,1
5,115,7,24,20,42,1,1,0,0,4,3,0,10,0,6,1,1,2,35,1,1,2,1,61,3,6,1,0,0,88,88,88,88,88,88,0,0,0,0,1,6,1,50284,2340,2009,39,SR-333-00,99999999999999999999,434355B,35.33145278,-93.25387222,1,1
5,45,7,26,19,20,2,2,0,0,4,2,0,12,5,1,1,1,2,55,1,2,2,1,0,0,1,1,0,0,19,20,19,26,99,99,0,0,0,0,1,1,1,50285,0,2009,90,US-365-10,99999999999999999999,0000000,34.95103056,-92.42476111,2,1
5,7,7,27,8,11,2,2,0,0,4,3,0,12,8,1,1,1,2,55,2,2,2,1,0,0,1,1,0,0,8,11,8,33,99,99,0,0,0,0,1,2,0,50286,0,2009,29,SR-12-01,99999999999999999999,0000000,36.27905,-94.53405,2,1
5,23,7,28,2,8,1,1,0,0,3,3,0,1,0,1,1,1,2,55,2,2,2,2,0,0,6,2,0,0,2,8,2,32,88,88,0,0,0,0,1,3,0,50287,0,2009,73,SR-16-12,99999999999999999999,0000000,35.44075278,-91.92194167,1,2
5,17,7,28,6,15,2,2,0,1,2,2,0,12,5,2,5,1,4,55,2,1,2,2,20,3,4,2,0,0,88,88,88,88,88,88,0,0,0,0,1,3,0,50288,0,2009,9,US-65-20,US-165,0000000,33.55133889,-91.38445,2,2