STATE,COUNTY,MONTH,DAY,HOUR,MINUTE,VE_TOTAL,PERSONS,PEDS,NHS,ROAD_FNC,ROUTE,SP_JUR,HARM_EV,MAN_COLL,REL_JUNC,REL_ROAD,TRAF_FLO,NO_LANES,SP_LIMIT,ALIGNMNT,PROFILE,PAVE_TYP,SUR_COND,TRA_CONT,T_CONT_F,LGT_COND,WEATHER1,WEATHER2,WRK_ZONE,NOT_HOUR,NOT_MIN,ARR_HOUR,ARR_MIN,HOSP_HR,HOSP_MN,SCH_BUS,CF1,CF2,CF3,FATALS,DAY_WEEK,DRUNK_DR,ST_CASE,CITY,YEAR,MILEPT,TWAY_ID,TWAY_ID2,RAIL,LATITUDE,LONGITUD,VE_FORMS,WEATHER
5,75,7,28,16,22,1,2,0,0,4,3,0,37,0,1,4,1,2,55,2,2,2,1,0,0,1,1,0,0,16,23,16,30,99,99,0,0,0,0,1,3,0,50289,0,2009,97,SR-117-02,99999999999999999999,0000000,36.09146389,-91.15922222,1,1
5,119,7,29,16,0,2,3,0,0,16,6,0,12,3,2,1,1,4,35,1,1,2,2,98,3,1,2,0,0,16,6,16,10,99,99,0,0,0,0,1,4,0,50290,2320,2009,0,KANIS RD.,MARYLN RD.,0000000,34.74288333,-92.38386111,2,2
5,145,7,29,16,45,2,4,0,0,4,3,0,12,2,1,1,1,2,55,1,1,2,2,0,0,1,1,0,0,16,48,17,0,99,99,0,0,0,0,3,4,0,50291,0,2009,59,SR-367-15,99999999999999999999,0000000,35.11386944,-91.8215,2,1
5,119,7,29,18,40,2,4,0,0,16,6,0,12,2,2,1,1,2,35,1,1,2,2,0,0,1,2,0,0,18,40,18,45,99,99,0,0,0,0,2,4,0,50292,2320,2009,0,KANIS RD.,GAMBLE RD.,0000000,34.74386944,-92.41838611,2,2
5,69,7,30,5,55,2,3,0,0,14,2,0,12,5,2,1,2,5,45,1,1,1,2,3,3,3,2,0,0,5,57,6,2,99,99,0,0,0,0,1,5,0,50293,3150,2009,1070,US-63-13,MARKET ST.,0000000,34.21304444,-91.96556667,2,2
5,109,7,30,23,20,1,1,0,0,3,3,0,32,0,1,5,1,2,55,1,1,2,2,0,0,6,2,1,0,23,27,23,39,99,99,0,0,0,0,1,5,1,50294,0,2009,163,SR-26-03,99999999999999999999,0000000,34.03779444,-93.41919444,1,2
5,45,7,31,6,30,2,2,0,0,4,3,0,12,2,1,1,1,2,55,2,2,2,1,0,0,1,1,0,0,6,55,7,0,99,99,0,0,0,0,1,6,1,50295,0,2009,51,SR-286-02,99999999999999999999,0000000,35.04538611,-92.33914444,2,1
5,45,7,12,22,50,1,1,0,0,6,4,0,37,0,1,4,1,2,55,2,1,2,1,0,0,6,1,0,0,22,55,23,5,99,99,0,0,0,0,1,1,1,50296,0,2009,0,LOLLIE RD,99999999999999999999,0000000,34.97586111,-92.48703056,1,1
5,119,5,24,21,29,1,3,1,0,6,4,0,9,0,1,1,1,2,35,1,1,2,1,0,0,6,1,0,0,21,31,21,38,99,99,0,0,0,0,1,1,1,50297,0,2009,0,LENA LN.,99999999999999999999,0000000,34.93154167,-92.14394444,1,1
5,119,8,2,0,43,2,2,0,0,16,6,0,12,5,2,1,1,2,30,1,1,2,1,3,3,3,1,0,0,0,43,0,48,99,99,0,20,0,0,1,1,1,50298,2320,2009,0,CAPITOL,LOUISIANA,0000000,34.74436389,-92.272325,2,1
5,91,8,3,14,15,1,1,0,1,2,2,0,27,0,1,4,1,2,55,2,1,2,1,0,0,1,1,0,0,88,88,88,88,88,88,0,0,0,0,1,2,1,50299,0,2009,132,US-82-01,99999999999999999999,0000000,33.42786111,-94.04365556,1,1
5,59,8,3,15,51,2,2,0,1,2,2,0,12,7,1,1,1,4,55,1,2,2,1,0,0,1,1,0,0,88,88,88,88,88,88,0,0,0,0,1,2,0,50300,0,2009,18,US-270-07,99999999999999999999,0000000,34.39529444,-92.82846389,2,1
5,31,8,5,18,27,3,4,0,1,2,2,0,12,5,2,1,1,4,55,2,1,2,1,20,3,1,1,0,0,18,27,18,35,99,99,0,0,0,0,1,4,0,50301,0,2009,48,US-63-06,SR-230,0000000,35.90816944,-90.81410278,3,1
5,79,8,6,6,20,2,2,0,0,4,3,0,12,2,1,1,1,2,55,1,1,2,1,0,0,1,1,0,0,6,26,6,37,99,99,0,0,0,0,1,5,0,50302,0,2009,47,SR-114-01,99999999999999999999,0000000,33.93050556,-91.88883333,2,1
5,73,8,6,14,25,2,3,0,0,4,3,0,12,5,2,1,1,2,55,1,1,2,1,20,3,1,1,0,0,14,40,14,58,99,99,0,0,0,0,1,5,0,50303,0,2009,2006,SR-53-05,SR-160,0000000,33.11411667,-93.51305,2,1
5,119,8,7,18,44,1,1,0,1,11,1,0,1,0,13,1,6,1,70,2,1,2,1,0,0,1,1,0,0,88,88,88,88,88,88,0,0,0,0,1,6,1,50304,2880,2009,1588,I-40-33,99999999999999999999,0000000,34.77940833,-92.16190278,1,1
5,35,8,7,22,0,1,3,1,1,11,1,0,8,0,1,1,3,2,50,1,1,2,1,0,0,6,1,0,1,22,6,22,18,88,88,0,0,0,0,1,6,0,50305,0,2009,13,I-55-11,99999999999999999999,0000000,35.13728333,-90.09273889,1,1
5,145,8,9,1,11,1,3,0,0,6,6,0,1,0,4,5,1,2,20,1,1,2,1,20,3,6,1,0,0,1,13,1,13,99,99,0,20,0,0,1,1,1,50306,220,2009,0,BALD KNOB LAKE RD,99999999999999999999,0000000,35.32573611,-91.57916944,1,1
5,125,8,9,4,44,1,1,0,1,1,1,0,42,0,1,5,2,2,70,1,1,1,1,0,0,6,1,0,0,88,88,88,88,88,88,0,0,0,0,1,1,1,50307,0,2009,1100,I-30-22,99999999999999999999,0000000,34.52494444,-92.68100833,1,1
5,125,8,9,5,40,1,4,0,1,11,1,0,1,0,1,5,3,3,70,1,1,1,1,0,0,6,1,0,0,5,40,5,45,99,99,0,19,0,0,1,1,1,50308,330,2009,1175,I-30-22,99999999999999999999,0000000,34.59901944,-92.54968611,1,1
5,119,8,9,16,19,2,4,0,0,16,6,0,12,7,2,1,1,2,40,1,3,2,1,0,0,1,1,0,0,16,20,16,27,99,99,0,0,0,0,1,1,0,50309,2320,2009,0,MISSISSIPPI,MISSOURI ST.,0000000,34.76648889,-92.35841389,2,1
5,9,8,10,2,10,2,3,0,0,6,4,0,32,0,1,5,1,2,55,2,1,2,1,0,0,2,1,0,0,2,13,2,25,99,99,0,0,0,0,2,2,1,50310,0,2009,0,OLD HWY 65 CR,99999999999999999999,0000000,36.42114444,-93.21453056,1,1
5,31,8,10,17,25,2,4,0,0,4,3,0,12,5,1,1,1,2,55,2,2,2,2,0,0,1,2,0,0,99,99,17,37,99,99,0,0,0,0,2,2,0,50311,0,2009,48,SR-351-02,99999999999999999999,0000000,35.92763333,-90.64450278,2,2
5,147,8,12,19,10,1,1,0,0,4,3,0,27,0,1,4,1,2,35,2,1,2,1,40,3,5,1,0,0,19,27,19,40,99,99,0,0,0,0,1,4,0,50312,0,2009,118,SR-145-04,99999999999999999999,0000000,35.15566944,-91.13618333,1,1
5,31,8,12,19,39,1,1,0,0,6,6,0,3,0,1,4,1,2,35,1,1,2,1,0,0,5,1,0,0,19,41,19,46,99,99,0,0,0,0,1,4,0,50313,2070,2009,0,MATTHEWS AVE.,99999999999999999999,0000000,35.83196111,-90.66677778,1,1
5,119,8,13,2,0,1,1,0,0,16,6,0,30,0,2,4,1,2,45,1,1,2,1,3,3,6,1,0,0,2,6,2,10,88,88,0,0,0,0,1,5,1,50314,2320,2009,0,CHENAL PARKWAY,KIRK RD,0000000,34.75769167,-92.45080833,1,1
5,121,8,16,14,10,2,6,0,0,4,3,0,12,8,1,1,1,2,55,1,3,2,1,0,0,1,1,0,0,14,26,14,45,99,99,0,0,0,0,1,1,0,50315,0,2009,54,SR-251-01,99999999999999999999,0000000,36.36975,-91.00201944,2,1
5,117,8,16,19,30,1,1,0,0,4,3,0,42,0,1,4,1,2,55,1,1,2,1,0,0,1,1,0,0,19,53,20,15,88,88,0,0,0,0,1,1,1,50316,0,2009,28,SR-33-05,99999999999999999999,0000000,34.68615833,-91.45551667,1,1
5,75,8,17,8,3,1,1,0,1,2,2,0,37,0,1,5,1,2,55,2,1,2,1,0,0,1,1,0,0,8,3,8,6,99,99,0,0,0,0,1,2,0,50317,0,2009,82,US-63-03,99999999999999999999,0000000,36.20016667,-91.17193333,1,1
5,117,8,18,3,15,2,4,0,1,1,1,0,12,1,1,1,2,2,65,1,1,1,1,0,0,6,1,0,0,3,20,3,44,99,99,0,0,0,0,1,3,0,50318,0,2009,2004,I-40-42,99999999999999999999,0000000,34.84231667,-91.44605833,2,1
5,69,8,19,8,25,2,2,0,0,4,3,0,12,5,2,1,1,2,55,1,1,2,1,20,3,6,1,0,0,8,33,8,50,99,99,0,0,0,0,1,4,0,50319,0,2009,143,SR-31-01,STATE FARM RD,0000000,34.44868056,-91.86656111,2,1
5,51,8,19,22,2,1,1,0,0,16,6,0,39,0,2,4,1,2,30,1,2,2,1,20,3,3,1,0,0,22,5,22,9,88,88,0,0,0,0,1,4,1,50320,1907,2009,0,SEVENTH ST.,WOODLAWN,0000000,34.48186944,-93.06853333,1,1
5,77,8,20,14,40,1,1,0,0,4,3,0,1,0,1,1,1,2,45,2,1,2,1,0,0,1,1,0,0,14,44,14,55,99,99,0,0,0,0,1,5,0,50321,0,2009,46,SR-121-03,99999999999999999999,0000000,34.70041389,-90.90190833,1,1
5,93,8,22,7,29,2,3,0,0,3,2,0,12,4,1,1,1,2,45,2,1,2,1,0,0,6,1,0,0,7,36,7,46,99,99,0,0,0,0,1,7,0,50322,2390,2009,444,US-61-03,99999999999999999999,0000000,35.75579444,-89.937,2,1
5,137,8,22,11,42,1,2,0,0,3,3,0,27,0,1,4,1,2,55,1,2,2,1,0,0,1,1,0,0,11,42,12,1,99,99,0,0,0,0,1,7,0,50323,0,2009,115,SR-5-16,99999999999999999999,0000000,35.80361389,-92.02594722,1,1
5,121,8,22,18,45,2,3,0,0,6,4,0,12,2,1,1,1,2,55,1,3,2,1,0,0,1,1,0,0,18,47,18,49,99,99,0,0,0,0,1,7,1,50324,0,2009,0,PYBURN EXT,99999999999999999999,0000000,36.27372222,-91.00203056,2,1
5,87,8,22,19,57,1,2,0,0,4,3,0,11,0,1,1,1,2,55,1,1,2,1,0,0,5,1,0,0,19,57,20,8,99,99,0,0,0,0,1,7,0,50325,0,2009,17,SR-127-01,99999999999999999999,0000000,36.15579167,-93.68376667,1,1
5,117,8,23,4,30,1,1,0,1,1,1,0,42,0,1,5,2,4,70,1,1,1,1,0,0,6,1,0,0,5,8,5,20,88,88,0,0,0,0,1,1,1,50326,1810,2009,1979,I-40-42,99999999999999999999,0000000,34.81796111,-91.52229444,1,1
5,29,8,23,4,40,1,2,0,1,1,1,0,1,0,1,1,2,2,70,1,1,2,1,0,0,6,1,0,0,88,88,88,88,88,88,0,0,0,0,1,1,1,50327,0,2009,1146,I-40-31,99999999999999999999,0000000,35.16137222,-92.60466111,1,1
5,131,8,23,17,0,1,1,0,0,6,4,0,42,0,1,4,1,2,35,2,1,2,1,0,0,6,1,0,0,22,38,23,10,88,88,0,0,0,0,1,1,0,50328,0,2009,0,CEDAR CREEK RD.,99999999999999999999,0000000,34.97995,-94.43753333,1,1
5,143,8,23,17,37,1,2,0,0,6,4,0,34,0,1,4,1,2,35,1,2,4,1,0,0,1,1,0,0,17,39,17,51,99,99,0,0,0,0,1,1,1,50329,0,2009,0,SALEM SPRINGS,99999999999999999999,0000000,35.91666667,-94.493075,1,1
5,67,8,25,15,4,2,2,0,1,2,2,0,12,2,1,1,1,2,45,2,2,2,1,0,0,1,1,0,0,15,5,15,7,99,99,0,0,0,0,1,3,0,50330,1105,2009,47,US-67-15,99999999999999999999,0000000,35.64948611,-91.25475833,2,1
5,149,8,26,9,45,1,1,0,0,3,3,0,32,0,1,4,1,2,55,1,2,2,1,0,0,1,1,0,0,9,45,9,53,99,99,0,0,0,0,1,4,0,50331,0,2009,3,SR-27-10,99999999999999999999,0000000,35.07665,-93.39181389,1,1
5,73,8,26,19,10,1,1,0,0,4,3,0,22,0,1,4,1,2,55,1,1,2,1,0,0,1,1,0,0,19,16,19,40,99,99,0,0,0,0,1,4,0,50332,0,2009,220,SR-53-05,99999999999999999999,0000000,33.08828889,-93.51281389,1,1
5,63,8,26,23,15,1,1,0,1,2,2,0,36,0,1,4,1,4,55,1,1,2,1,0,0,6,1,0,0,88,88,88,88,88,88,0,0,0,0,1,4,0,50333,250,2009,165,US-167-17,99999999999999999999,0000000,35.75574167,-91.64103889,1,1
5,91,8,27,22,55,1,2,0,0,6,6,0,42,0,2,5,1,2,25,2,1,2,1,0,0,6,1,0,0,23,4,23,14,88,88,0,0,0,0,2,5,1,50334,3810,2009,0,LINE FERRY RD.,UNION RD.,0000000,33.37263056,-94.01387222,1,1
5,125,8,28,23,11,1,4,0,1,1,1,0,42,0,1,4,2,2,70,2,2,1,1,0,0,6,1,0,0,23,11,23,20,99,99,0,0,0,0,3,6,0,50335,0,2009,1105,I-30-22,99999999999999999999,0000000,34.53236944,-92.67748889,1,1
5,81,8,30,12,13,1,2,0,0,16,6,0,10,0,6,1,1,2,35,1,2,2,1,70,3,1,1,0,0,88,88,88,88,88,88,0,0,0,0,2,1,0,50336,160,2009,0,LOCKE ST.,99999999999999999999,330578C,33.66972778,-94.12753333,1,1
5,15,8,30,14,48,2,2,0,0,3,3,0,12,2,1,1,1,2,55,1,2,2,1,0,0,1,1,0,0,14,51,15,9,99,99,0,0,0,0,1,1,0,50337,0,2009,43,SR-23-10,99999999999999999999,0000000,36.35263611,-93.74539444,2,1
5,125,8,30,23,6,1,1,0,0,16,6,0,42,0,2,5,1,2,25,2,2,2,1,0,0,6,1,0,0,23,9,23,14,88,88,0,0,0,0,1,1,1,50338,330,2009,0,DEERFIELD,PELTON,0000000,34.59409167,-92.56384722,1,1
5,57,9,1,3,46,1,1,0,0,3,2,0,42,0,1,4,1,2,55,1,2,2,1,0,0,6,1,0,0,88,88,88,88,88,88,0,0,0,0,1,3,0,50339,0,2009,169,US-278-05,99999999999999999999,0000000,33.76753611,-93.67851111,1,1
5,19,9,1,7,58,1,2,0,0,4,4,0,34,0,2,4,1,2,45,2,1,2,5,0,0,1,1,0,0,7,59,8,6,99,99,0,0,0,0,1,3,0,50340,0,2009,0,DEGRAY RD,SHADY GROVE RD,0000000,34.12935556,-93.12861389,1,1
5,59,9,1,16,5,1,2,0,0,3,3,0,42,0,1,4,1,2,55,2,1,2,1,0,0,1,1,0,0,16,9,17,48,99,99,0,0,0,0,2,3,0,50341,0,2009,102,SR-7-08,99999999999999999999,0000000,34.36028333,-93.17365278,1,1
5,143,9,1,22,3,2,3,0,0,13,6,0,12,4,2,1,1,5,40,1,1,2,1,3,3,6,1,0,0,22,3,22,7,99,99,0,0,0,0,1,3,0,50342,3670,2009,0,THOMPSON,HUNTSVILLE,0000000,36.18859722,-94.13841111,2,1
5,143,9,2,15,51,2,2,0,0,15,3,0,12,4,1,1,1,4,50,1,2,2,1,0,0,1,1,0,0,15,51,16,3,99,99,0,0,0,0,1,4,0,50343,1310,2009,9,SR-265-02,99999999999999999999,0000000,36.06611111,-94.12632778,2,1
5,71,9,3,15,0,1,1,0,1,11,1,0,39,0,5,4,6,1,99,2,1,2,1,0,0,9,1,0,0,88,88,88,88,88,88,0,0,0,0,1,5,0,50344,800,2009,583,I-40-21,99999999999999999999,0000000,35.45208889,-93.46363333,1,1
5,103,9,4,99,99,1,1,0,0,14,2,0,42,0,1,4,1,4,55,1,1,2,2,0,0,3,2,0,0,1,47,2,46,99,99,0,0,0,0,1,6,0,50345,630,2009,1,US-79-04B,99999999999999999999,0000000,33.56961111,-92.83382778,1,2
5,17,9,4,16,7,1,4,0,0,2,2,0,1,0,1,4,1,2,55,2,2,2,1,0,0,1,1,0,0,16,9,16,13,99,99,0,0,0,0,1,6,0,50346,1070,2009,94,US-165-03,99999999999999999999,0000000,33.54064444,-91.39067222,1,1
5,37,9,4,16,47,2,6,0,0,3,2,0,12,2,1,1,1,2,55,1,1,2,2,0,0,1,2,0,0,16,47,16,59,99,99,0,0,0,0,2,6,1,50347,0,2009,127,US-64-16,99999999999999999999,0000000,35.26524444,-90.53240833,2,2
5,113,9,4,22,20,1,1,0,1,2,2,0,38,0,1,4,1,2,55,2,2,2,1,0,0,6,1,0,0,88,88,88,88,88,88,0,0,0,0,1,6,1,50348,1560,2009,31,US-71-08,99999999999999999999,0000000,34.20970833,-94.30805556,1,1
5,7,9,5,0,59,1,1,0,0,16,4,0,32,0,2,4,1,2,30,1,1,2,1,0,0,6,1,0,0,1,1,1,3,99,99,0,0,0,0,1,7,0,50349,3390,2009,0,BELLVIEW RD.,AMOUR DR.,0000000,36.27815,-94.17218611,1,1
5,143,9,6,13,42,3,5,0,0,13,2,0,12,5,2,1,1,5,45,1,1,2,1,3,3,1,1,0,0,13,42,13,48,99,99,0,0,0,0,1,1,0,50350,1310,2009,236,US-62-01,ONE MILE ROAD,0000000,36.08184722,-94.19896667,3,1
5,119,9,6,2,35,1,2,1,0,6,4,0,8,0,1,1,1,2,20,1,1,2,1,0,0,3,1,0,0,2,39,2,50,88,88,0,0,0,0,1,1,0,50351,4256,2009,0,ASHER RD.,99999999999999999999,0000000,34.63151389,-92.22078333,1,1
5,31,9,6,16,21,1,3,1,0,2,3,0,8,0,1,1,1,2,55,1,1,2,1,0,0,1,1,0,0,16,22,16,35,99,99,0,0,0,0,1,1,0,50352,0,2009,187,SR-18-04,99999999999999999999,0000000,35.84070833,-90.392675,1,1
5,51,9,7,15,22,2,2,0,0,16,4,0,12,3,1,1,2,2,35,1,1,2,1,0,0,1,1,0,0,15,22,15,31,99,99,0,0,0,0,1,2,0,50353,1907,2009,0,CEDAR GLADES,99999999999999999999,0000000,34.53155556,-93.10642778,2,1
5,57,9,8,17,58,1,1,0,1,1,1,0,1,0,1,2,2,2,65,1,1,2,1,0,0,1,1,0,0,18,3,18,26,88,88,0,0,0,0,1,3,1,50354,0,2009,219,I-30-12,99999999999999999999,0000000,33.6291,-93.73300278,1,1
5,119,9,8,19,15,1,1,0,0,6,4,0,30,0,1,4,1,2,45,1,1,2,1,0,0,5,1,0,0,19,17,19,21,88,88,0,0,0,0,1,3,1,50355,0,2009,0,LAWSON RD.,99999999999999999999,0000000,34.70796389,-92.42343056,1,1
5,119,9,8,23,42,1,2,0,1,11,1,0,1,0,13,5,6,1,35,2,2,1,1,40,3,2,1,0,0,0,3,0,30,88,88,0,0,0,0,1,3,1,50356,2880,2009,115,I-430-21,99999999999999999999,0000000,34.810175,-92.357125,1,1
5,89,9,11,15,27,1,5,0,0,6,4,0,1,0,1,2,1,2,45,1,2,2,1,0,0,1,1,0,0,15,27,15,32,99,99,0,0,0,0,1,6,0,50357,0,2009,0,MC-4002 CR,99999999999999999999,0000000,36.22738056,-92.69817222,1,1
5,119,9,12,8,55,1,2,0,1,11,1,0,7,0,1,1,2,3,45,2,2,1,2,0,0,1,2,0,0,9,0,9,5,99,99,0,0,0,0,1,7,0,50358,2320,2009,2,I-430-21,99999999999999999999,0000000,34.66484167,-92.404075,1,2
5,103,9,12,11,34,1,4,0,0,3,2,0,37,0,1,5,1,2,55,2,2,2,2,0,0,1,2,0,0,11,34,11,37,99,99,0,0,0,0,3,7,0,50359,0,2009,166,US-278-08,99999999999999999999,0000000,33.58588056,-92.87738889,1,2
5,131,9,12,12,46,2,2,0,0,13,2,0,12,7,2,1,4,2,35,1,1,2,2,3,3,1,1,0,0,12,51,12,56,99,99,0,0,0,0,1,7,0,50360,1370,2009,1,US-64-01,NORTH 11TH ST,0000000,35.38443056,-94.42002222,2,1
5,19,9,13,19,33,1,1,0,0,3,3,0,1,0,3,4,1,3,55,1,2,2,2,0,0,3,2,0,0,88,88,88,88,88,88,0,0,0,0,1,1,0,50361,603,2009,21,SR-7-07,CHANNEL RD,0000000,34.20158056,-93.08166389,1,2
5,121,9,14,21,5,1,2,0,0,4,3,0,27,0,1,5,1,2,55,2,1,2,2,0,0,6,2,0,0,21,5,21,15,99,99,0,0,0,0,1,2,1,50362,0,2009,5,SR-34-02,99999999999999999999,0000000,36.14951944,-90.83959444,1,2
5,69,9,15,22,4,1,2,0,0,4,3,0,16,0,1,1,1,2,55,1,1,2,2,0,0,6,2,0,0,22,4,22,13,99,99,0,0,0,0,1,3,0,50363,0,2009,35,SR-104-02,99999999999999999999,0000000,34.34251389,-92.14018889,1,2
5,65,9,16,0,27,1,1,0,0,3,3,0,34,0,1,4,1,2,55,1,1,2,2,0,0,6,2,0,0,88,88,88,88,88,88,0,0,0,0,1,4,0,50364,0,2009,30,SR- 5-17,99999999999999999999,0000000,36.15005556,-92.16495833,1,2
5,113,9,16,5,10,2,2,0,1,2,2,0,12,2,1,1,2,5,55,1,2,2,2,0,0,2,2,0,0,5,18,5,37,99,99,0,0,0,0,1,4,0,50365,0,2009,192,US-71-08,99999999999999999999,0000000,34.43221667,-94.41167222,2,2
5,63,9,16,6,39,1,1,0,0,4,3,0,1,0,1,4,1,2,55,1,1,2,2,0,0,1,1,0,0,88,88,88,88,88,88,0,0,0,0,1,4,0,50366,0,2009,117,SR-157-03,99999999999999999999,0000000,35.62821111,-91.48092222,1,1
5,47,9,16,13,20,1,3,0,1,1,1,0,42,0,1,5,2,2,70,1,2,2,6,0,0,1,2,0,0,13,20,13,33,99,99,0,0,0,0,1,4,0,50367,0,2009,275,I-40-12,99999999999999999999,0000000,35.52635833,-93.98452222,1,2
5,13,9,16,14,0,1,1,0,1,2,2,0,34,0,1,4,2,2,65,2,1,2,9,0,0,1,8,0,0,14,27,14,35,99,99,0,0,0,0,1,4,0,50368,0,2009,42,US-79-05,99999999999999999999,0000000,33.77144167,-92.51071944,1,8
5,83,9,16,15,11,1,2,0,0,3,3,0,53,0,1,4,1,2,55,1,1,2,2,0,0,1,2,0,0,15,11,15,21,99,99,0,0,0,0,1,4,0,50369,0,2009,212,SR-22-03,99999999999999999999,0000000,35.29186944,-93.53588056,1,2
5,7,9,17,8,23,1,1,0,0,5,3,0,1,0,1,1,1,2,55,2,2,2,2,0,0,1,2,0,0,88,88,88,88,88,88,0,0,0,0,1,5,0,50370,0,2009,57,SR-102-02,99999999999999999999,0000000,36.3367,-94.36723611,1,2
5,69,9,17,15,40,1,4,0,0,4,3,0,30,0,1,4,1,2,45,1,1,2,2,0,0,1,2,0,0,15,44,16,21,99,99,0,0,0,0,1,5,1,50371,4255,2009,16,SR-256-02,99999999999999999999,0000000,34.42121389,-92.06680278,1,2
5,119,9,17,18,26,1,2,0,1,11,1,0,39,0,13,4,6,1,65,1,2,1,1,20,3,1,1,0,0,88,88,88,88,88,88,0,0,0,0,2,5,0,50372,2320,2009,31,I-440-01,99999999999999999999,0000000,34.71565278,-92.22481667,1,1
5,51,9,18,2,29,1,1,0,0,3,2,0,42,0,1,4,1,2,55,1,1,2,2,0,0,6,2,0,0,88,88,88,88,88,88,0,0,0,0,1,6,0,50373,0,2009,73,US-70-08,99999999999999999999,0000000,34.43997222,-93.24568611,1,2
5,107,9,18,23,5,3,7,1,0,6,4,0,12,7,1,1,1,2,55,1,1,2,1,0,0,6,1,0,0,23,9,23,30,99,99,0,0,0,0,1,6,1,50374,0,2009,0,PHILLIPS CO RD 125,99999999999999999999,0000000,34.49594722,-90.91015,3,1
5,91,9,19,1,29,2,2,0,1,12,3,0,12,99,13,1,3,2,99,1,2,1,1,20,3,6,1,0,0,1,31,1,38,88,88,0,0,0,0,1,7,0,50375,3810,2009,21,SR-245-01,US-71,0000000,33.39303889,-94.01361389,2,1
5,87,9,19,18,29,1,1,0,0,4,3,0,42,0,1,5,1,2,55,2,2,2,2,0,0,1,2,0,0,18,30,19,0,88,88,0,0,0,0,1,7,0,50376,0,2009,31,SR-21-04,99999999999999999999,0000000,36.03948611,-93.47811667,1,2
5,81,9,19,19,29,1,1,0,0,6,6,0,10,0,6,1,1,2,30,1,3,2,1,70,3,6,1,0,0,19,29,19,34,88,88,0,0,0,0,1,7,0,50377,160,2009,0,LOCKE ST.,99999999999999999999,330578C,33.66974722,-94.12749167,1,1
5,131,9,20,0,57,1,2,0,0,4,3,0,1,0,1,2,1,2,45,2,3,2,1,0,0,6,1,0,0,0,57,1,21,99,99,0,0,0,0,1,1,0,50378,0,2009,7,SR-252-04,99999999999999999999,0000000,35.28086944,-94.09802778,1,1
5,119,9,23,2,10,1,1,0,0,14,2,0,33,0,1,4,1,4,40,1,1,2,1,0,0,3,1,0,0,2,21,2,27,99,99,0,0,0,0,1,4,1,50379,2320,2009,17,US-365-12,99999999999999999999,0000000,34.71553333,-92.25678333,1,1
5,69,9,24,1,0,1,1,0,0,6,4,0,32,0,1,4,1,2,45,2,1,2,2,0,0,6,1,0,0,1,5,1,15,99,99,0,0,0,0,1,5,1,50380,0,2009,0,ROSSWOOD,99999999999999999999,0000000,34.14634167,-92.01581944,1,1
5,51,9,24,2,35,1,1,0,0,16,6,0,43,0,2,5,1,2,99,1,1,2,2,20,3,6,1,0,0,2,37,2,40,88,88,0,0,0,0,1,5,1,50381,1907,2009,0,HOBSON,CHARTEROAK,0000000,34.49737778,-93.05424167,1,1
5,49,9,25,14,40,2,2,0,1,2,2,0,12,2,1,1,1,2,55,2,2,2,1,0,0,1,1,0,0,14,40,14,58,99,99,0,0,0,0,1,6,0,50382,0,2009,39,US-62-13,99999999999999999999,0000000,36.33970833,-91.77418333,2,1
5,75,9,27,18,6,2,3,0,1,2,2,0,12,2,1,1,1,2,55,1,1,2,1,0,0,1,1,0,0,18,6,18,21,99,99,0,0,0,0,2,1,0,50383,2660,2009,76,US-67-16,99999999999999999999,0000000,35.9828,-91.02267222,2,1
5,53,9,28,12,32,2,3,0,0,2,2,0,12,2,1,1,1,2,55,2,1,2,1,0,0,1,1,0,0,12,37,12,40,99,99,0,0,0,0,1,2,0,50384,0,2009,26,US-270-10,99999999999999999999,0000000,34.319125,-92.35748889,2,1
5,3,9,28,16,34,1,1,0,0,6,4,0,34,0,1,5,1,2,45,1,1,5,1,0,0,1,1,0,0,88,88,88,88,88,88,0,0,0,0,1,2,0,50385,4200,2009,0,CR 364,99999999999999999999,0000000,33.03903333,-91.65910833,1,1
5,125,9,28,17,25,1,1,0,0,6,4,0,32,0,1,4,1,2,0,2,2,2,1,0,0,1,1,0,0,17,26,17,33,99,99,0,0,0,0,1,2,0,50386,0,2009,0,N. FORK CIR.,99999999999999999999,0000000,34.62508611,-92.60974722,1,1
5,119,9,30,14,5,2,2,0,1,12,2,0,12,11,1,1,3,3,60,1,3,1,1,0,0,1,1,0,0,14,11,14,27,99,99,0,0,0,0,1,4,0,50387,3570,2009,33,US-67-10,99999999999999999999,0000000,34.81495833,-92.2022,2,1
5,67,9,30,16,38,1,1,0,0,14,3,0,1,0,1,4,1,2,35,2,1,2,1,0,0,1,1,0,0,16,38,16,43,99,99,0,0,0,0,1,4,0,50388,2820,2009,8,SR-224-01,99999999999999999999,0000000,35.59946111,-91.27437222,1,1
5,143,10,1,13,1,2,5,0,0,3,2,0,12,2,1,1,1,2,55,2,2,2,1,28,3,1,1,0,4,13,1,13,7,99,99,0,0,0,0,1,5,0,50389,0,2009,128,US-71-16,99999999999999999999,0000000,35.90201667,-94.17729444,2,1
5,125,10,2,1,55,1,1,0,0,6,4,0,34,0,1,4,1,2,45,2,1,2,2,0,0,6,1,0,0,2,0,2,9,88,88,0,0,0,0,1,6,1,50390,0,2009,0,CHICOT RD.,99999999999999999999,0000000,34.573175,-92.36633056,1,1
5,31,10,2,21,0,4,5,0,1,12,2,0,12,1,1,1,2,2,65,1,1,1,1,0,0,3,1,0,0,21,3,21,8,99,99,0,0,0,0,1,6,0,50391,2070,2009,147,US-63-06,99999999999999999999,0000000,35.81238333,-90.69943333,4,1