STATE,COUNTY,MONTH,DAY,HOUR,MINUTE,VE_TOTAL,PERSONS,PEDS,NHS,ROAD_FNC,ROUTE,SP_JUR,HARM_EV,MAN_COLL,REL_JUNC,REL_ROAD,TRAF_FLO,NO_LANES,SP_LIMIT,ALIGNMNT,PROFILE,PAVE_TYP,SUR_COND,TRA_CONT,T_CONT_F,LGT_COND,WEATHER1,WEATHER2,WRK_ZONE,NOT_HOUR,NOT_MIN,ARR_HOUR,ARR_MIN,HOSP_HR,HOSP_MN,SCH_BUS,CF1,CF2,CF3,FATALS,DAY_WEEK,DRUNK_DR,ST_CASE,CITY,YEAR,MILEPT,TWAY_ID,TWAY_ID2,RAIL,LATITUDE,LONGITUD,VE_FORMS,WEATHER
5,35,10,3,13,10,1,1,0,0,4,3,0,1,0,1,1,1,2,55,1,1,2,1,0,0,1,1,0,0,13,38,14,7,88,88,0,0,0,0,1,7,1,50392,0,2009,33,SR-118-03,99999999999999999999,0000000,35.39177778,-90.35945833,1,1
5,123,10,3,17,21,1,1,0,0,6,4,0,37,0,1,4,1,1,99,2,1,2,1,0,0,6,1,0,0,99,99,17,33,99,99,0,0,0,0,1,7,0,50393,1360,2009,0,CR 1003,99999999999999999999,0000000,35.14798611,-90.79153056,1,1
5,143,10,3,20,55,1,5,1,1,13,3,0,8,0,4,1,2,2,40,1,1,2,1,40,3,1,1,0,0,99,99,99,99,99,99,0,0,0,0,1,7,0,50394,1310,2009,11,SR-112,99999999999999999999,0000000,36.04885556,-94.18098333,1,1
5,129,10,6,9,56,1,1,0,0,4,3,0,1,0,1,5,1,2,55,2,2,2,2,0,0,9,2,0,0,9,59,10,12,88,88,0,0,0,0,1,3,1,50395,0,2009,44,SR-74-08,99999999999999999999,0000000,35.91025556,-92.64830556,1,2
5,149,10,6,8,10,2,2,0,0,3,3,0,12,2,1,1,1,2,55,1,1,2,2,0,0,1,2,0,0,8,10,8,17,99,99,0,0,0,0,2,3,0,50396,0,2009,141,SR-10-03,99999999999999999999,0000000,35.09928333,-93.47418889,2,2
5,53,10,7,13,36,1,2,1,1,2,2,0,8,0,4,2,1,3,55,1,1,2,1,0,0,1,1,0,0,14,0,14,2,99,99,0,0,0,0,1,4,0,50397,0,2009,21,US-167-11,99999999999999999999,0000000,34.30536389,-92.39916111,1,1
5,57,10,7,17,40,1,1,0,0,4,3,0,34,0,1,5,1,2,55,1,1,2,1,0,0,1,1,0,0,17,44,18,15,88,88,0,0,0,0,1,4,1,50398,0,2009,29,SR-355-02,99999999999999999999,0000000,33.71748611,-93.8768,1,1
5,111,10,8,14,15,1,1,0,0,3,3,0,42,0,2,4,1,2,55,1,1,2,1,20,3,1,1,0,0,88,88,88,88,88,88,0,0,0,0,1,5,0,50399,0,2009,141,SR-135-01,SR-136,0000000,35.6642,-90.32375278,1,1
5,47,10,8,14,29,1,2,0,1,1,1,0,22,0,1,4,2,2,70,2,2,2,1,0,0,1,1,0,0,14,29,14,40,88,88,0,0,0,0,2,5,1,50400,0,2009,424,I-40-12,99999999999999999999,0000000,35.50328611,-93.73071667,1,1
5,59,10,9,6,33,2,2,0,1,2,2,0,12,2,1,1,1,4,55,1,1,2,2,0,0,6,2,0,0,6,34,6,45,99,99,0,0,0,0,1,6,0,50402,0,2009,6,US-270-07,99999999999999999999,0000000,34.46316944,-92.90474722,2,2
5,131,10,9,11,12,2,2,0,1,2,2,0,12,5,2,1,2,2,45,1,2,2,2,3,2,1,2,0,0,11,13,11,20,99,99,0,0,0,0,1,6,0,50403,1630,2009,103,US-71-13,SR-10,0000000,35.20341111,-94.29110556,2,2
5,119,10,10,2,9,1,2,1,0,13,2,0,8,0,1,1,1,4,35,1,1,2,1,0,0,3,1,0,0,88,88,88,88,88,88,0,0,0,0,1,7,0,50404,2320,2009,36,US-70-12,99999999999999999999,0000000,34.72255,-92.32669722,1,1
5,141,10,10,7,0,2,5,0,0,4,3,0,12,5,2,1,1,2,55,2,1,2,1,20,3,4,1,0,0,7,13,7,28,99,99,0,0,0,0,1,7,1,50405,0,2009,23,SR-124,GRAVESVILLE CTF RD.,0000000,35.38933056,-92.34832778,2,1
5,143,10,10,16,17,1,2,1,0,16,6,0,8,0,1,1,1,2,25,2,1,2,1,0,0,1,1,0,0,16,18,16,21,99,99,0,0,0,0,1,7,0,50406,3670,2009,0,WALKER AVE.,99999999999999999999,0000000,36.18317778,-94.14944167,1,1
5,31,10,11,0,26,1,1,0,0,16,6,0,32,0,1,4,1,3,45,2,2,2,1,0,0,3,1,0,0,0,30,0,36,99,99,0,0,0,0,1,1,1,50407,2070,2009,0,PARKER RD.,99999999999999999999,0000000,35.80758056,-90.72222222,1,1
5,15,10,11,2,5,1,2,0,0,4,3,0,42,0,1,4,1,2,55,1,2,2,1,0,0,6,1,0,0,2,5,2,25,99,99,0,0,0,0,1,1,1,50408,0,2009,44,SR-23-11,99999999999999999999,0000000,36.445175,-93.74299167,1,1
5,145,10,13,9,37,2,2,0,0,4,3,0,12,5,1,1,1,2,55,2,2,2,2,8,3,1,2,0,0,88,88,88,88,88,88,0,0,0,0,1,3,0,50409,0,2009,84,SR-124-12,99999999999999999999,0000000,35.44836389,-91.70828889,2,2
5,69,10,14,0,0,1,2,1,0,16,6,0,15,0,1,1,1,2,35,1,1,4,2,98,3,6,2,0,0,88,88,88,88,88,88,0,0,0,0,1,4,0,50410,3150,2009,0,W. BARRAQUE ST.,99999999999999999999,0000000,34.23033056,-92.04555,1,2
5,27,10,16,6,40,1,1,0,1,2,2,0,34,0,1,4,1,3,55,1,1,2,2,98,3,6,2,0,0,88,88,88,88,88,88,0,0,0,0,1,6,0,50411,9999,2009,87,US-82-03,99999999999999999999,0000000,33.31098333,-93.28130833,1,2
5,69,10,16,3,51,1,2,1,1,13,2,0,8,0,1,1,1,4,45,1,1,2,1,98,3,6,1,0,0,88,88,88,88,88,88,0,0,0,0,1,6,0,50412,3150,2009,63,US-79-09B,99999999999999999999,0000000,34.25622222,-92.01410278,1,1
5,73,10,17,0,40,1,1,0,0,6,4,0,38,0,1,5,1,2,45,2,3,2,1,98,3,6,1,0,0,88,88,88,88,88,88,0,0,0,0,1,7,1,50413,0,2009,0,CR 21,99999999999999999999,0000000,33.34540833,-93.47878333,1,1
5,31,10,17,5,0,1,1,0,0,3,3,0,37,0,4,4,1,2,55,2,1,2,1,40,3,6,1,0,0,88,88,88,88,88,88,0,0,0,0,1,7,1,50414,0,2009,42,SR-135-03,99999999999999999999,0000000,35.87715833,-90.45395833,1,1
5,29,10,18,5,10,1,1,0,0,3,3,0,34,0,1,4,1,2,35,1,1,2,1,98,3,6,1,0,0,5,11,5,36,99,99,0,0,0,0,1,1,1,50415,735,2009,217,SR-9-08,99999999999999999999,0000000,35.37260556,-92.56393333,1,1
5,109,10,19,16,20,1,2,0,0,6,4,0,1,0,1,1,1,2,45,2,2,2,1,0,0,1,1,0,0,16,21,17,0,99,99,0,0,0,0,1,2,1,50416,0,2009,0,COFFMAN DR.,99999999999999999999,0000000,34.23334167,-93.89091944,1,1
5,129,10,19,16,55,2,2,0,1,2,2,0,12,2,2,1,1,2,55,2,2,2,1,0,0,1,1,0,0,17,9,17,23,99,99,0,0,0,0,1,2,0,50417,0,2009,29,US-65-04,FEATHER BOW DR.,0000000,36.06224722,-92.91931667,2,1
5,41,10,19,17,5,1,1,0,0,5,3,0,1,0,1,4,1,2,50,2,1,2,1,98,3,1,1,0,0,17,10,17,16,99,99,0,0,0,0,1,2,0,50418,0,2009,33,SR-159-08,99999999999999999999,0000000,33.81680833,-91.45283333,1,1
5,43,10,20,7,57,2,2,0,1,2,2,0,12,2,1,1,1,3,55,1,4,2,1,98,3,1,1,0,0,8,8,8,12,99,99,0,0,0,0,1,3,0,50419,0,2009,114,US-425-04,99999999999999999999,0000000,33.77040833,-91.82789444,2,1
5,63,10,20,17,27,2,3,0,0,3,3,0,12,2,1,1,1,2,45,2,1,2,1,0,0,1,1,0,0,17,31,17,49,99,99,0,0,0,0,1,3,0,50420,0,2009,79,SR-69-03,99999999999999999999,0000000,35.788925,-91.66056667,2,1
5,35,10,21,9,23,1,3,0,1,1,1,0,37,0,1,4,2,2,65,1,1,2,1,0,0,1,1,0,0,9,23,9,29,99,99,0,0,0,0,1,4,0,50421,0,2009,170,I-55-11,99999999999999999999,0000000,35.30356944,-90.24963889,1,1
5,33,10,21,16,10,3,6,0,0,14,3,0,12,8,1,1,1,2,55,1,1,2,2,0,0,1,2,0,0,16,20,16,25,99,99,0,0,0,0,1,4,1,50422,3930,2009,24,SR-59-17,99999999999999999999,0000000,35.41037222,-94.32994444,3,2
5,57,10,21,18,25,2,2,0,0,4,2,0,12,5,1,1,1,2,55,1,1,2,1,50,3,5,1,0,0,18,28,18,37,99,99,0,0,0,0,1,4,0,50423,0,2009,98,US-67-02,99999999999999999999,0000000,33.658925,-93.626175,2,1
5,125,10,22,14,0,2,4,0,1,1,1,0,13,2,1,1,2,2,70,1,2,2,2,0,0,1,2,0,0,14,0,14,8,99,99,0,0,0,0,2,5,0,50424,330,2009,1138,I-30-22,99999999999999999999,0000000,34.56241389,-92.60839444,2,2
5,55,10,22,22,17,2,3,0,1,2,2,0,12,1,1,1,1,5,55,2,2,2,2,0,0,6,2,0,0,22,21,22,28,99,99,0,0,0,0,2,5,1,50425,0,2009,226,US-49-02,99999999999999999999,0000000,35.98061111,-90.54463889,2,2
5,143,10,22,22,43,1,1,0,0,16,6,0,34,0,1,4,1,2,25,2,1,2,2,0,0,3,2,0,0,22,43,22,51,88,88,0,0,0,0,1,5,1,50426,1310,2009,0,MT COMFORT RD,99999999999999999999,0000000,36.08189444,-94.18036944,1,2
5,119,10,24,10,39,1,2,1,1,11,1,0,8,0,1,1,2,2,60,1,3,1,1,0,0,1,1,0,0,10,44,10,49,99,99,0,0,0,0,1,7,0,50427,2880,2009,1560,I-40-33,99999999999999999999,0000000,34.77997222,-92.15538056,1,1
5,143,10,25,6,40,1,3,0,0,3,2,0,1,0,1,1,1,2,55,2,1,2,1,0,0,6,1,0,0,6,45,6,52,99,99,0,0,0,0,1,1,0,50428,0,2009,138,US-71-16,99999999999999999999,0000000,35.90983889,-94.17716389,1,1
5,5,10,25,7,54,1,2,0,1,2,2,0,42,0,1,4,1,2,55,2,1,2,1,0,0,1,1,0,1,7,54,8,4,99,99,0,0,0,0,2,1,0,50429,0,2009,127,US-62-11,99999999999999999999,0000000,36.38449722,-92.19082778,1,1
5,113,10,26,8,50,2,2,0,0,4,3,0,12,2,1,1,1,2,55,2,2,2,2,0,0,1,2,0,0,8,54,9,4,99,99,0,0,0,0,1,2,0,50430,0,2009,114,SR-8-00,99999999999999999999,0000000,34.59054167,-94.30011667,2,2
5,31,10,26,16,35,2,3,0,0,14,2,0,12,2,1,1,1,4,50,2,2,2,1,0,0,1,1,0,0,16,53,17,2,99,99,0,0,0,0,2,2,0,50431,2070,2009,12,US-49-04,99999999999999999999,0000000,35.79588611,-90.73175,2,1
5,63,10,27,2,9,1,1,0,0,4,3,0,42,0,1,4,1,2,55,2,2,2,2,21,3,2,2,0,0,2,11,2,33,99,99,0,0,0,0,1,3,0,50432,0,2009,82,SR-122-01,99999999999999999999,0000000,35.72811944,-91.408825,1,2
5,145,10,30,18,34,1,1,0,0,4,3,0,34,0,1,4,1,2,55,1,1,2,1,0,0,5,1,0,0,88,88,88,88,88,88,0,0,0,0,1,6,1,50433,0,2009,4,SR-258-01,99999999999999999999,0000000,35.31992222,-91.56894167,1,1
5,85,10,29,15,19,3,3,0,0,3,3,0,12,5,1,1,1,2,55,2,2,2,2,0,0,1,2,0,0,15,22,15,45,99,99,0,0,0,0,1,5,0,50434,0,2009,72,SR-5-12,99999999999999999999,0000000,35.0307,-92.06993611,3,2
5,93,10,30,9,27,1,1,0,0,3,3,0,34,0,1,4,1,2,55,2,1,2,2,40,3,1,2,0,0,9,38,9,50,88,88,0,0,0,0,1,6,0,50435,0,2009,100,SR-61-03,99999999999999999999,0000000,35.88550278,-89.91871944,1,2
5,47,10,29,18,48,2,4,0,1,1,1,0,12,5,1,1,2,2,70,1,3,2,2,0,0,5,1,0,0,99,99,18,51,99,99,0,0,0,0,1,5,0,50436,0,2009,409,I-40-12,99999999999999999999,0000000,35.50372222,-93.75783889,2,1
5,119,10,31,14,30,1,1,0,0,13,3,0,11,0,1,1,1,2,55,2,2,2,1,0,0,1,1,0,0,14,35,14,56,99,99,0,0,0,0,1,7,0,50437,0,2009,69,SR-10-07,99999999999999999999,0000000,34.86963056,-92.65251111,1,1
5,45,10,31,21,46,1,4,1,0,13,2,0,8,0,1,1,1,5,55,1,1,2,1,0,0,6,1,0,0,21,50,21,59,99,99,0,0,0,0,1,7,0,50438,0,2009,174,US-65-09,99999999999999999999,0000000,35.128175,-92.40042778,1,1
5,125,11,1,0,13,2,3,0,1,11,1,0,12,2,1,1,2,3,65,1,3,1,1,0,0,6,1,0,0,0,19,0,36,99,99,0,0,0,0,1,1,1,50439,330,2009,1191,I-30-22,99999999999999999999,0000000,34.59548611,-92.55895556,2,1
5,145,11,1,1,10,1,3,0,0,6,4,0,23,0,1,5,1,2,35,1,2,2,1,0,0,6,1,0,0,1,13,1,38,99,99,0,0,0,0,1,1,1,50440,0,2009,0,GRAHAM RD.,99999999999999999999,0000000,35.35554444,-91.65726111,1,1
5,91,11,1,2,20,2,8,0,1,11,1,0,12,1,1,1,2,2,65,1,1,2,1,5,3,6,1,0,1,2,25,2,29,99,99,0,0,0,0,1,1,0,50441,3810,2009,22,I-30-11,99999999999999999999,0000000,33.47605556,-94.005525,2,1
5,119,11,1,6,15,1,2,1,1,11,1,0,8,0,1,99,2,3,65,1,1,1,1,0,0,1,1,0,0,88,88,88,88,88,88,0,0,0,0,1,1,0,50442,2320,2009,44,I-430-21,99999999999999999999,0000000,34.78779722,-92.39100833,1,1
5,7,11,1,11,40,2,2,0,0,4,3,0,12,2,1,1,1,2,55,1,2,2,1,0,0,1,1,0,0,11,46,11,48,99,99,0,0,0,0,2,1,1,50443,3100,2009,71,SR-72-03,99999999999999999999,0000000,36.44261944,-94.14133056,2,1
5,51,11,1,15,42,2,3,0,1,2,2,0,12,2,1,1,1,2,55,1,1,2,1,0,0,1,1,0,0,15,47,15,54,99,99,0,0,0,0,1,1,1,50444,0,2009,138,US-270-05,99999999999999999999,0000000,34.50860833,-93.17828889,2,1
5,143,11,1,17,43,1,1,0,0,6,4,0,42,0,1,4,1,2,35,1,1,4,5,0,0,6,1,0,0,17,46,18,1,88,88,0,0,0,0,1,1,1,50445,0,2009,0,DURHAM RD.,99999999999999999999,0000000,35.95647222,-93.97885278,1,1
5,7,11,2,8,15,1,1,0,0,6,4,0,42,0,1,5,1,1,20,2,1,2,1,0,0,1,1,0,0,14,15,14,22,88,88,0,0,0,0,1,2,0,50446,315,2009,0,ERIBOLL LN.,99999999999999999999,0000000,36.478025,-94.31303611,1,1
5,5,11,3,8,25,3,3,0,1,13,2,0,12,5,2,1,2,2,50,1,2,2,1,3,3,1,1,0,0,88,88,88,88,88,88,0,0,0,0,1,3,0,50447,0,2009,86,US-62-10,SR-201,0000000,36.31448611,-92.38931111,3,1
5,93,11,3,9,45,2,2,0,0,4,3,0,12,5,2,1,1,2,45,1,1,2,1,20,3,1,1,0,0,9,50,9,52,99,99,0,0,0,0,1,3,0,50448,2520,2009,0,SR-77-02,FLEEMAN ST.,0000000,35.8729,-90.17747778,2,1
5,87,11,3,13,20,1,1,0,0,3,3,0,34,0,1,5,1,2,55,2,2,2,1,0,0,1,1,0,0,13,25,13,44,99,99,0,0,0,0,1,3,0,50449,0,2009,10,SR-16-04,99999999999999999999,0000000,35.92853611,-93.96005556,1,1
5,19,11,3,2,28,3,4,0,1,1,1,0,12,2,1,1,2,4,70,1,2,2,1,0,0,6,1,0,0,88,88,88,88,88,88,0,0,0,0,1,3,1,50450,0,2009,779,I-30-14,99999999999999999999,0000000,34.1866,-93.06853333,3,1
5,17,11,4,21,35,1,2,1,0,6,6,0,9,0,1,1,1,2,30,1,1,2,1,20,3,3,8,0,0,21,35,21,38,99,99,0,0,0,0,1,4,0,50451,2210,2009,0,COMMERCE ST.,99999999999999999999,0000000,33.33004444,-91.28738611,1,8
5,39,11,5,12,26,2,2,0,1,2,2,0,12,5,2,1,2,2,55,1,1,2,1,5,3,1,1,0,0,12,26,12,33,99,99,0,0,0,0,1,5,0,50452,1340,2009,27,US-79-06,SR-8,0000000,33.82529167,-92.42737778,2,1
5,115,11,5,14,45,1,1,0,0,6,6,0,10,0,6,1,1,2,30,1,1,2,1,70,3,1,1,0,0,14,48,14,59,88,88,0,0,0,0,1,5,1,50453,190,2009,0,AVE 4 SE,99999999999999999999,434305X,35.24178889,-92.93264167,1,1
5,75,11,6,3,12,2,2,0,1,2,2,0,12,2,1,1,1,4,55,2,3,2,1,0,0,6,1,0,0,3,12,3,21,99,99,0,0,0,0,1,6,0,50454,0,2009,118,US-63-03,99999999999999999999,0000000,36.12733889,-91.15768333,2,1
5,69,11,6,6,19,2,2,0,0,2,2,0,12,4,1,1,1,2,55,1,2,2,1,0,0,4,1,0,0,88,88,88,88,88,88,0,0,0,0,1,6,0,50455,0,2009,12,US-270-11,99999999999999999999,0000000,34.29838611,-92.19207222,2,1
5,93,11,6,6,55,2,2,0,0,4,3,0,12,2,2,1,1,2,55,1,1,2,1,0,0,1,1,0,0,6,55,7,10,88,88,0,0,0,0,1,6,0,50456,0,2009,38,SR-158-01,SR-325,0000000,35.75598611,-89.98206111,2,1
5,123,11,6,7,50,1,1,0,0,4,3,0,42,0,1,4,1,2,55,2,1,2,1,0,0,1,1,0,0,7,57,8,12,88,88,0,0,0,0,1,6,0,50457,0,2009,28,SR-334-01,99999999999999999999,0000000,34.97134167,-90.73548333,1,1
5,147,11,7,17,35,1,1,0,0,4,3,0,7,0,1,1,1,2,55,1,1,2,1,0,0,6,1,0,0,17,42,17,53,99,99,0,0,0,0,1,7,0,50458,0,2009,46,SR-17-05,99999999999999999999,0000000,35.33641389,-91.20403333,1,1
5,93,11,7,20,9,1,2,0,0,6,4,0,1,0,1,2,1,2,35,1,1,4,1,0,0,2,1,0,0,20,9,20,23,99,99,0,0,0,0,1,7,1,50459,0,2009,0,CR 570,99999999999999999999,0000000,35.77214444,-89.84271389,1,1
5,123,11,8,10,41,2,3,0,0,2,2,0,12,5,2,1,1,2,45,1,1,2,1,20,3,1,1,0,0,10,45,11,15,99,99,0,0,0,0,1,1,0,50460,1940,2009,41,US-79-17,BROADWAY,0000000,34.94860278,-90.48236944,2,1
5,1,11,8,11,25,1,1,0,1,13,2,0,36,0,1,5,1,2,55,1,1,2,1,0,0,1,1,0,0,11,27,11,33,99,99,0,0,0,0,1,1,0,50461,0,2009,114,US-79-11,99999999999999999999,0000000,34.51285,-91.54143333,1,1
5,45,11,9,6,33,1,1,0,0,3,3,0,7,0,1,1,2,2,55,1,2,2,1,0,0,6,1,0,0,6,36,6,46,88,88,0,0,0,0,1,2,0,50462,0,2009,5,SR-107-02,99999999999999999999,0000000,35.02778333,-92.19318889,1,1
5,107,11,9,17,10,3,10,0,1,2,2,0,12,4,1,1,1,2,55,1,1,2,1,0,0,5,1,0,0,17,12,17,25,99,99,0,0,0,0,2,2,1,50463,0,2009,72,US-49-10,99999999999999999999,0000000,34.55730833,-90.90549167,3,1
5,91,11,10,2,30,5,11,0,1,1,1,0,12,1,1,1,2,2,70,1,1,2,1,5,3,6,1,0,1,2,40,3,0,99,99,0,0,0,0,4,3,1,50464,3810,2009,39,I-30-11,99999999999999999999,0000000,33.48478889,-93.97601944,5,1
5,145,11,11,5,50,2,2,0,1,2,2,0,12,4,1,1,1,4,55,1,1,2,1,0,0,4,1,0,0,5,55,6,17,99,99,0,0,0,0,1,4,0,50465,0,2009,26,US-167-16,99999999999999999999,0000000,35.50344444,-91.60125833,2,1
5,93,11,13,17,50,3,3,0,0,4,3,0,12,4,1,1,1,2,35,1,1,2,1,0,0,6,1,0,0,17,52,18,0,88,88,0,0,0,0,1,6,0,50466,2240,2009,39,SR-77-01,99999999999999999999,0000000,35.93631944,-90.177325,3,1
5,55,11,13,18,0,2,8,0,1,13,2,0,12,2,2,1,1,5,45,1,1,2,1,0,0,6,1,0,0,18,2,18,5,99,99,0,0,0,0,1,6,0,50467,3030,2009,12,US-412-09,S. 16TH AVE.,0000000,36.05263889,-90.46674722,2,1
5,85,11,15,11,4,2,4,0,1,12,2,0,13,2,1,1,2,2,70,1,1,1,1,0,0,1,1,0,0,88,88,88,88,88,88,0,0,0,0,1,1,0,50468,600,2009,55,US-67-11,99999999999999999999,0000000,34.98507222,-92.01976667,2,1
5,31,11,16,11,22,2,3,0,0,13,3,0,12,4,3,1,1,5,40,1,1,2,2,0,0,1,2,0,0,11,23,11,26,99,99,0,0,0,0,1,2,0,50469,2070,2009,43,SR-18-04,CONVENYOR ST.,0000000,35.82103333,-90.64761389,2,2
5,123,11,16,16,33,2,5,0,1,2,3,0,12,4,1,1,1,5,55,1,1,2,2,0,0,5,2,0,0,16,34,16,45,99,99,0,0,0,0,2,2,0,50470,608,2009,51,SR-01-12,99999999999999999999,0000000,35.08163889,-90.81648611,2,2
5,147,11,16,20,11,1,2,0,0,3,2,0,42,0,1,4,1,3,55,1,1,2,2,0,0,6,2,0,0,20,11,20,30,99,99,0,0,0,0,1,2,0,50471,0,2009,47,US-64-13,99999999999999999999,0000000,35.28521389,-91.30222222,1,2
5,119,11,17,16,15,1,2,0,1,2,2,0,52,0,1,5,2,2,60,1,2,1,1,0,0,1,1,0,0,16,16,16,21,99,99,0,0,0,0,1,3,0,50473,2880,2009,8,US-67-10,99999999999999999999,0000000,34.78439167,-92.22941389,1,1
5,147,11,17,17,5,1,1,0,0,4,3,0,42,0,1,4,1,2,55,1,1,2,1,0,0,5,1,0,0,88,88,88,88,88,88,0,0,0,0,1,3,1,50474,0,2009,180,SR-33-07,99999999999999999999,0000000,35.25231389,-91.34024722,1,1
5,91,11,19,20,25,1,1,0,1,12,3,0,7,0,5,1,1,2,55,1,1,1,1,0,0,6,1,0,0,88,88,88,88,88,88,0,0,0,0,1,5,1,50475,3810,2009,18,SR-245-01,EXIT RAMP,0000000,33.39135556,-94.01528889,1,1
5,51,11,20,9,22,2,2,0,1,2,2,0,12,2,1,1,1,2,50,1,2,2,1,0,0,1,1,0,0,9,25,9,36,99,99,0,0,0,0,1,6,1,50476,0,2009,33,US-70-09,99999999999999999999,0000000,34.50316111,-92.96699444,2,1
5,27,11,22,6,55,1,1,0,1,2,2,0,32,0,4,4,1,3,55,1,1,2,1,0,0,1,1,0,0,88,88,88,88,88,88,0,0,0,0,1,1,1,50477,0,2009,116,US-82-04,99999999999999999999,0000000,33.24926111,-93.05123333,1,1
5,145,11,23,9,12,2,3,2,1,2,2,0,8,0,1,2,2,2,65,1,1,1,1,0,0,1,1,0,0,9,13,9,19,99,99,0,0,0,0,1,2,0,50478,290,2009,51,US-67-12,99999999999999999999,0000000,35.09192778,-91.88173611,1,1
5,115,11,24,18,17,1,3,0,0,6,4,0,1,0,1,4,1,2,40,2,2,2,1,0,0,6,1,0,0,18,19,18,38,99,99,0,0,0,0,1,3,0,50479,0,2009,0,GUNTER MOUNTAIN RD.,99999999999999999999,0000000,35.47605,-93.02355833,1,1
5,137,11,25,9,33,1,2,0,0,4,3,0,34,0,1,5,1,2,55,2,2,2,1,0,0,1,1,0,0,9,33,9,48,99,99,0,0,0,0,1,4,0,50480,0,2009,104,SR-9-11,99999999999999999999,0000000,35.81548056,-92.19936944,1,1
5,33,11,27,0,50,1,3,0,1,1,1,0,1,0,1,3,2,2,70,1,2,1,1,0,0,6,1,0,0,0,50,1,15,99,99,0,0,0,0,1,6,0,50481,0,2009,237,I-540-03,99999999999999999999,0000000,35.58646111,-94.21461944,1,1
5,31,11,27,10,5,1,1,0,0,6,4,0,30,0,1,5,1,2,0,2,1,2,1,0,0,1,1,0,0,10,5,10,16,88,88,0,0,0,0,1,6,0,50482,0,2009,0,CR 685,99999999999999999999,0000000,35.74720833,-90.50910556,1,1
5,33,11,27,17,52,1,3,1,0,3,2,0,8,0,1,1,1,2,50,1,2,2,1,0,0,6,1,0,0,88,88,88,88,88,88,0,0,0,0,1,6,0,50483,0,2009,26,US-71-15,99999999999999999999,0000000,35.52615,-94.22106667,1,1
5,39,11,28,5,50,1,2,0,1,2,2,0,32,0,1,4,1,2,55,1,1,2,1,0,0,6,1,0,0,6,2,6,9,99,99,0,0,0,0,1,7,0,50484,0,2009,53,US-167-07,99999999999999999999,0000000,33.90276389,-92.41729167,1,1
5,7,11,28,19,55,2,3,0,0,4,3,0,12,4,1,1,1,2,55,2,2,2,1,0,0,6,1,0,0,20,1,20,15,99,99,0,0,0,0,1,7,0,50485,0,2009,82,SR-43-00,99999999999999999999,0000000,36.33590556,-94.59114722,2,1
5,55,12,2,99,99,1,2,1,0,3,2,0,15,0,1,1,1,2,40,1,1,2,2,0,0,6,2,0,0,20,42,20,58,99,99,0,0,0,0,1,4,1,50486,3030,2009,2,US-49-02,99999999999999999999,0000000,36.07990556,-90.49086667,1,2
5,65,12,4,18,55,1,1,0,0,6,3,0,1,0,1,4,1,2,55,2,2,2,1,0,0,6,1,0,0,88,88,88,88,88,88,0,0,0,0,1,6,0,50487,2620,2009,1,SR-69-01S,99999999999999999999,0000000,36.06073889,-91.91170556,1,1
5,41,12,4,23,15,1,1,0,0,4,3,0,1,0,1,5,1,2,55,2,1,2,1,0,0,6,1,0,0,88,88,88,88,88,88,0,0,0,0,1,6,0,50488,0,2009,19,SR-212-06,99999999999999999999,0000000,33.98294167,-91.44693333,1,1
5,143,12,5,6,25,1,2,1,0,13,2,0,8,0,1,1,1,5,50,1,1,2,1,0,0,6,1,0,0,6,26,6,33,88,88,0,0,0,0,1,7,0,50489,3670,2009,45,US-71-17B,99999999999999999999,0000000,36.15433611,-94.14386389,1,1
5,87,12,7,15,40,1,1,0,0,6,4,0,42,0,1,4,1,1,55,1,1,4,1,0,0,1,1,0,0,15,47,16,10,99,99,0,4,6,0,1,2,0,50490,0,2009,0,CR 1305,99999999999999999999,0000000,36.24143611,-93.71106111,1,1
5,143,12,7,17,24,1,1,0,1,11,1,0,34,0,1,4,2,2,65,1,1,2,1,0,0,5,1,0,0,88,88,88,88,88,88,0,0,0,0,1,2,0,50491,1310,2009,620,I-540-04,99999999999999999999,0000000,36.05100833,-94.19287222,1,1
5,69,12,7,18,10,2,2,0,0,3,2,0,12,2,1,1,1,5,55,1,1,2,1,0,0,6,1,0,0,18,10,18,20,99,99,0,0,0,0,2,2,1,50492,0,2009,40,US-63-14,99999999999999999999,0000000,34.11823611,-91.99380278,2,1
5,45,12,8,21,43,2,4,0,0,4,3,0,12,4,1,1,1,2,55,2,3,2,2,40,3,6,1,0,0,21,57,22,22,99,99,0,0,0,0,1,3,0,50493,0,2009,55,SR-25-00,99999999999999999999,0000000,35.18808333,-92.45065833,2,1
5,129,12,9,3,20,1,1,0,0,4,3,0,42,0,1,4,1,2,65,2,1,2,1,0,0,6,1,0,0,88,88,88,88,88,88,0,0,0,0,1,4,1,50494,3480,2009,3,SR-374-05,99999999999999999999,0000000,36.03016944,-92.81061111,1,1
5,145,12,10,2,20,1,1,0,0,4,3,0,34,0,1,4,1,2,55,2,1,2,1,0,0,6,1,0,0,88,88,88,88,88,88,0,0,0,0,1,5,1,50495,0,2009,47,SR-13-13,99999999999999999999,0000000,35.17871944,-91.81085556,1,1
5,97,12,10,8,35,1,1,0,0,3,3,0,1,0,1,1,1,2,55,2,2,2,1,0,0,1,1,0,0,88,88,88,88,88,88,0,2,0,0,1,5,0,50496,0,2009,27,SR-8-02,99999999999999999999,0000000,34.46389444,-93.87336667,1,1