STATE,COUNTY,MONTH,DAY,HOUR,MINUTE,VE_TOTAL,PERSONS,PEDS,NHS,ROAD_FNC,ROUTE,SP_JUR,HARM_EV,MAN_COLL,REL_JUNC,REL_ROAD,TRAF_FLO,NO_LANES,SP_LIMIT,ALIGNMNT,PROFILE,PAVE_TYP,SUR_COND,TRA_CONT,T_CONT_F,LGT_COND,WEATHER1,WEATHER2,WRK_ZONE,NOT_HOUR,NOT_MIN,ARR_HOUR,ARR_MIN,HOSP_HR,HOSP_MN,SCH_BUS,CF1,CF2,CF3,FATALS,DAY_WEEK,DRUNK_DR,ST_CASE,CITY,YEAR,MILEPT,TWAY_ID,TWAY_ID2,RAIL,LATITUDE,LONGITUD,VE_FORMS,WEATHER
5,123,12,10,12,7,1,1,0,0,16,6,0,27,0,2,5,1,2,30,1,1,2,1,20,3,1,1,0,0,12,16,12,20,99,99,0,0,0,0,1,5,0,50497,1360,2009,0,S. DIVISION,CHURCH ST.,0000000,34.99804722,-90.78820556,1,1
5,119,12,10,13,22,1,1,0,0,4,3,0,42,0,1,4,1,2,40,1,2,2,1,0,0,1,1,0,0,13,22,13,42,88,88,0,0,0,0,1,5,0,50498,0,2009,150,SR-300-02,99999999999999999999,0000000,34.86938333,-92.477075,1,1
5,143,12,13,1,17,1,2,1,0,6,6,0,8,0,2,1,1,2,35,1,1,2,2,40,3,3,1,0,1,88,88,88,88,88,88,0,0,0,0,1,1,0,50499,1310,2009,0,MOUNT COMFORT RD.,WOODLARK LN.,0000000,36.09277222,-94.20100556,1,1
5,31,12,14,17,19,2,2,0,0,4,3,0,12,1,1,1,1,2,45,1,2,2,1,0,0,6,1,0,0,17,21,17,30,88,88,0,0,0,0,1,2,0,50500,2070,2009,23,SR-351-02,99999999999999999999,0000000,35.88635556,-90.655125,2,1
5,43,12,14,19,55,2,2,0,1,2,2,0,12,2,1,1,1,2,55,1,3,2,1,0,0,6,5,0,0,88,88,88,88,88,88,0,0,0,0,1,2,0,50501,0,2009,3,US-425-03,99999999999999999999,0000000,33.41446389,-91.84999444,2,5
5,71,12,14,20,20,1,1,0,0,6,4,0,42,0,1,5,1,1,35,1,1,4,5,0,0,6,1,0,0,88,88,88,88,88,88,0,0,0,0,1,2,0,50502,0,2009,0,CR 5099,99999999999999999999,0000000,35.69262778,-93.66243889,1,1
5,63,12,15,17,31,1,2,0,0,6,4,0,35,0,1,4,1,2,40,2,2,2,1,0,0,6,1,0,0,17,34,17,38,99,99,0,0,0,0,1,3,0,50503,0,2009,0,JAMESTOWN RD.,99999999999999999999,0000000,35.71407778,-91.69243056,1,1
5,79,12,15,20,30,1,1,0,0,4,3,0,32,0,1,5,1,2,55,2,1,2,1,0,0,6,1,0,0,88,88,88,88,88,88,0,0,0,0,1,3,1,50504,0,2009,30,SR-54-06,99999999999999999999,0000000,33.93424444,-91.97290556,1,1
5,117,12,16,0,58,2,3,1,1,1,1,0,14,7,1,2,2,2,65,1,1,1,1,0,0,6,1,0,0,1,13,1,31,88,88,0,0,0,0,1,4,0,50505,0,2009,2005,I-40-42,99999999999999999999,0000000,34.84355278,-91.44090278,1,1
5,75,12,20,19,24,1,3,0,1,2,2,0,30,0,1,5,1,2,35,2,3,2,1,0,0,6,1,0,0,19,24,19,27,99,99,0,0,0,0,1,1,0,50506,2010,2009,67,US-63-03,99999999999999999999,0000000,36.10497778,-91.10112222,1,1
5,7,12,21,15,17,1,1,0,0,6,4,0,34,0,1,4,1,2,55,2,2,2,1,0,0,1,1,0,0,15,17,15,36,99,99,0,0,0,0,1,2,1,50507,0,2009,0,GANN RIDGE,99999999999999999999,0000000,36.47416944,-94.05953333,1,1
5,23,12,21,15,45,1,2,0,0,4,3,0,27,0,1,4,1,2,55,2,1,2,1,0,0,1,1,0,0,15,46,15,55,99,99,0,0,0,0,1,2,1,50508,0,2009,10,SR-124-08,99999999999999999999,0000000,35.38114167,-92.23683333,1,1
5,19,12,24,13,32,1,4,0,1,1,1,0,42,0,1,5,2,2,70,1,2,2,2,0,0,1,2,0,0,13,32,13,46,99,99,0,0,0,0,1,5,0,50509,0,2009,599,I-30-14,99999999999999999999,0000000,33.96203056,-93.21837222,1,2
5,131,12,24,17,29,2,6,0,0,13,2,0,12,2,1,1,1,4,40,1,1,2,2,0,0,3,2,0,0,17,35,17,42,99,99,0,0,0,0,1,5,0,50510,1370,2009,30,US-71-14B,99999999999999999999,0000000,35.34360833,-94.42257778,2,2
5,3,12,27,2,0,1,3,0,1,2,2,0,24,0,1,4,1,2,55,1,2,2,1,0,0,6,1,0,0,2,8,2,31,99,99,0,0,0,0,1,1,1,50511,0,2009,195,US-82-09,99999999999999999999,0000000,33.29818056,-91.49414167,1,1
5,27,12,27,7,9,2,2,0,0,4,3,0,12,8,1,1,1,2,55,2,2,2,1,0,0,1,1,0,0,8,32,8,37,99,99,0,0,0,0,1,1,0,50512,0,2009,157,SR-19-01,99999999999999999999,0000000,33.23258611,-93.25693056,2,1
5,119,12,27,99,99,1,1,0,0,16,6,0,99,99,1,5,1,2,25,2,2,2,4,0,0,6,1,0,0,6,15,6,20,88,88,0,0,0,0,1,1,0,50513,2880,2009,0,LAKEVIEW RD.,99999999999999999999,0000000,34.78571667,-92.24397778,1,1
5,31,12,29,17,19,1,2,1,1,2,2,0,8,0,1,1,1,5,45,1,1,2,1,0,0,3,1,0,0,17,23,17,28,99,99,0,0,0,0,1,3,0,50514,2070,2009,33,US-63-06,99999999999999999999,0000000,35.84662222,-90.72157778,1,1
5,45,12,29,22,40,2,2,0,1,11,1,0,12,4,1,1,2,2,65,1,1,2,1,0,0,6,1,0,0,22,40,22,45,99,99,0,0,0,0,1,3,1,50515,860,2009,1291,I-40-32,99999999999999999999,0000000,35.07135556,-92.417025,2,1
5,63,3,24,20,57,2,3,0,0,4,3,0,12,5,1,4,1,2,40,2,1,2,2,0,0,6,2,0,0,20,58,21,6,99,99,0,0,0,0,1,3,1,50516,250,2009,82,SR-230-00,99999999999999999999,0000000,35.69773333,-91.62265278,2,2
5,91,4,14,16,0,2,4,0,1,2,2,0,12,2,2,1,1,3,55,1,1,2,1,20,3,1,1,0,0,16,11,16,22,99,99,0,0,0,0,1,3,0,50517,3810,2009,31,US-82-01,N MOSLEY RD,0000000,33.42943889,-93.943,2,1
5,87,6,19,16,50,1,1,0,0,6,4,0,1,0,1,1,1,2,0,1,4,5,1,0,0,1,1,0,0,16,56,99,99,88,88,0,0,0,0,1,6,1,50518,3122,2009,0,CR 4258,99999999999999999999,0000000,35.80810278,-93.57334722,1,1
5,31,6,20,22,31,1,2,1,0,13,3,0,8,0,2,1,1,4,40,1,1,2,1,0,0,3,1,0,1,22,38,22,40,99,99,0,0,0,0,1,7,0,50519,2070,2009,46,SR-18-04,SHIRLEY ANN,0000000,35.82093889,-90.64270833,1,1
5,85,7,7,16,57,1,1,0,0,6,6,0,35,0,1,4,1,2,45,2,1,2,1,0,0,1,1,0,0,17,1,99,99,99,99,0,0,0,0,1,3,1,50520,0,2009,0,RED WINE,99999999999999999999,0000000,34.64676667,-91.89505556,1,1
5,15,8,1,19,35,1,2,0,0,3,2,0,42,0,1,4,1,2,45,2,2,2,1,0,0,1,1,0,2,19,36,19,40,99,99,0,0,0,0,1,7,1,50521,1600,2009,95,US-62-05,99999999999999999999,0000000,36.33463056,-93.41351667,1,1
5,135,8,13,16,45,1,1,0,0,6,6,0,43,0,1,4,1,2,0,2,2,2,1,0,0,1,1,0,0,99,99,99,99,88,88,0,0,0,0,1,5,0,50522,0,2009,0,BLACK BEAR RD,99999999999999999999,0000000,36.04049444,-91.62795,1,1
5,93,8,17,17,55,2,2,0,0,3,2,0,12,1,2,1,1,4,45,1,1,2,1,3,3,1,1,0,0,17,55,18,0,99,99,0,0,0,0,1,2,0,50523,450,2009,150,US-61-03,BYRUM RD,0000000,35.90750278,-89.91868611,2,1
5,45,8,25,13,33,2,1,0,1,2,2,0,14,99,1,5,1,2,55,1,1,2,1,0,0,1,1,0,0,13,35,13,43,88,88,0,0,0,0,1,3,0,50524,3950,2009,123,US-64-09,99999999999999999999,0000000,35.08215556,-92.22524167,1,1
5,93,9,23,11,47,2,3,0,0,13,3,0,12,5,2,1,1,4,55,1,1,2,1,20,3,1,1,0,0,11,49,11,53,99,99,0,0,0,0,1,4,0,50525,2970,2009,164,SR-140-02,COUNTRY CLUB RD,0000000,35.69804722,-90.01755833,2,1
5,75,9,25,7,6,2,2,0,1,2,2,0,12,5,2,1,1,2,55,1,1,2,2,3,3,1,2,0,0,7,6,7,9,99,99,0,0,0,0,1,6,0,50526,4010,2009,24,US-63-04,SR-91,0000000,36.03261944,-90.9403,2,2
5,115,11,6,0,11,2,2,0,0,4,3,0,12,2,1,1,1,2,45,1,1,2,1,0,0,6,1,0,0,0,15,0,19,99,99,0,0,0,0,1,6,1,50527,3450,2009,12,SR-326-02,99999999999999999999,0000000,35.29610833,-93.10668333,2,1
5,119,3,29,18,33,2,6,0,1,11,1,0,12,5,3,1,3,4,30,1,1,2,1,20,3,1,1,0,0,19,40,19,50,99,99,0,0,0,0,1,1,0,50528,2880,2009,14160,I-30-23,S.A. JONES,0000000,34.76121667,-92.26120833,2,1
5,85,9,26,22,0,1,1,0,0,6,4,0,24,0,1,4,1,2,50,1,1,2,1,0,0,6,1,0,0,22,5,22,8,88,88,0,0,0,0,1,7,0,50529,0,2009,0,SOUTH ROCKWOOD,99999999999999999999,0000000,34.95268889,-92.06035556,1,1
5,125,6,27,9,30,1,1,0,0,14,3,0,27,0,1,5,1,2,40,2,2,2,1,0,0,1,1,0,0,9,30,9,45,99,99,0,0,0,0,1,7,0,50530,570,2009,58,SR-5-08,99999999999999999999,0000000,34.63659722,-92.46996111,1,1
5,59,8,1,19,59,1,1,0,0,6,6,0,34,0,1,4,1,2,35,1,1,2,2,0,0,1,1,0,0,19,59,20,36,99,99,0,0,0,0,1,7,1,50531,0,2009,0,FENDLEY RD.,99999999999999999999,0000000,34.31742222,-93.13872222,1,1
5,93,11,23,19,57,4,1,0,0,16,6,0,30,0,2,4,1,2,30,1,1,2,2,20,3,6,8,0,0,20,0,20,2,88,88,0,0,0,0,1,2,0,50532,450,2009,0,21ST ST.,HENLEY,0000000,35.92811944,-89.92770833,1,8
5,45,12,10,10,21,1,2,0,0,6,4,0,26,0,1,4,1,2,35,1,1,2,1,0,0,1,1,0,0,10,22,10,30,88,88,0,0,0,0,1,5,0,50533,0,2009,0,SUNNY GAP RD.,99999999999999999999,0000000,35.08732778,-92.33435833,1,1
5,123,5,20,21,0,1,2,1,0,4,3,0,8,0,1,1,1,2,55,1,1,2,1,0,0,5,1,0,0,88,88,88,88,88,88,0,0,0,0,1,4,0,50534,0,2009,5,SR-38-05,99999999999999999999,0000000,35.04911111,-90.68990833,1,1
5,67,1,24,17,45,1,4,0,1,2,2,0,26,0,5,1,6,1,45,2,1,1,1,20,3,6,1,0,1,17,49,17,51,99,99,0,0,0,0,3,7,1,50535,1105,2009,39,US-67-15,99999999999999999999,0000000,35.6385,-91.23862222,1,1
5,131,10,8,18,41,1,1,0,0,19,8,0,33,0,1,5,1,2,30,1,2,2,1,0,0,1,1,0,0,18,46,18,49,99,99,0,0,0,0,1,5,0,50536,1370,2009,0,PRIVATE ACCESS RD.,99999999999999999999,0000000,35.35931944,-94.36434167,1,1
8,31,1,3,4,57,1,2,0,0,15,6,0,33,0,1,2,1,2,35,1,2,2,1,0,0,3,1,0,0,99,99,99,99,99,99,0,0,0,0,1,7,0,80001,600,2009,0,S LOWELL BLVD,99999999999999999999,0000000,39.66448611,-105.0345306,1,1
8,13,1,3,14,35,1,1,0,0,3,3,0,35,0,1,4,1,2,45,2,2,2,1,28,3,1,4,0,0,99,99,99,99,88,88,0,0,0,0,1,7,0,80002,0,2009,342,SR-119,99999999999999999999,0000000,40.00055556,-105.3877778,1,4
8,1,1,4,2,34,1,2,0,1,11,1,0,20,0,15,8,3,2,55,1,2,1,4,0,0,3,4,0,0,99,99,99,99,99,99,0,0,0,0,1,1,1,80003,0,2009,5,I-270,99999999999999999999,0000000,39.81563889,-104.9534222,1,4
8,49,1,4,10,45,2,3,0,0,3,3,0,12,5,1,1,1,2,65,1,2,2,3,0,0,1,1,0,0,10,51,11,5,99,99,0,0,0,0,1,1,0,80004,0,2009,1297,SR-9,99999999999999999999,0000000,39.94292778,-106.345275,2,1
8,77,1,8,21,5,2,3,1,0,16,4,0,8,0,1,1,1,2,25,1,1,2,1,0,0,2,1,0,0,99,99,99,99,88,88,0,0,0,0,1,5,0,80005,0,2009,0,SUNRISE DRIVE,99999999999999999999,0000000,39.08265833,-108.5048083,2,1
8,101,1,11,1,25,1,2,0,1,11,1,0,1,0,1,10,2,2,75,1,1,2,1,0,0,2,1,0,0,1,38,1,48,99,99,0,0,0,0,1,1,0,80006,0,2009,1077,I-25,99999999999999999999,0000000,38.39811111,-104.6185111,1,1
8,41,1,11,18,0,2,5,0,0,3,3,0,12,5,2,1,1,2,65,1,1,2,1,20,3,2,1,0,0,99,99,99,99,99,99,0,0,0,0,1,1,1,80007,0,2009,131,SR-94,PEYTON HIGHWAY,0000000,38.83865833,-104.46115,2,1
8,41,1,11,18,30,1,1,0,0,3,4,0,27,0,1,4,1,2,55,2,2,2,1,28,3,2,1,0,0,18,30,99,99,88,88,0,0,0,0,1,1,1,80008,0,2009,0,HANOVER ROAD,99999999999999999999,0000000,38.58843056,-104.6451389,1,1
8,123,1,12,5,40,2,2,0,1,2,2,0,31,0,1,3,2,2,65,1,2,2,4,0,0,2,1,0,0,99,99,99,99,99,99,0,0,0,0,1,2,0,80009,0,2009,1007,US-34,99999999999999999999,0000000,40.40658333,-104.9091417,2,1
8,73,1,3,9,0,1,2,0,1,1,1,0,31,0,15,3,2,2,75,2,1,2,1,0,0,1,1,0,0,9,3,9,28,10,0,0,0,0,0,1,7,1,80010,0,2009,3762,I-70,99999999999999999999,0000000,39.27886944,-103.4017306,1,1
8,123,1,15,16,35,2,3,0,0,4,4,0,12,5,2,1,1,2,55,1,1,2,1,20,3,5,1,0,0,99,99,99,99,99,99,0,0,0,0,1,5,0,80011,0,2009,0,90,41,0000000,40.63956111,-104.6770611,2,1
8,69,1,15,22,10,1,5,0,0,16,4,0,1,0,3,4,1,2,55,2,2,4,1,28,3,2,1,0,0,99,99,99,99,99,99,0,0,0,0,1,5,1,80012,0,2009,0,16,19,0000000,40.3639,-105.1187694,1,1
8,37,1,17,22,40,1,1,0,1,1,1,0,1,0,15,3,2,2,65,1,1,2,1,0,0,2,1,0,0,22,47,22,55,23,16,0,0,0,0,1,7,1,80013,0,2009,1691,I-70,99999999999999999999,0000000,39.62121111,-106.4808417,1,1
8,39,1,19,13,5,1,1,0,0,3,3,0,1,0,1,4,1,2,55,1,2,2,1,0,0,1,6,0,0,99,99,99,99,88,88,0,0,0,0,1,2,0,80014,0,2009,378,SR-86,99999999999999999999,0000000,39.27364722,-104.2113889,1,6
8,83,1,3,20,44,1,3,2,0,14,6,0,8,0,1,2,1,2,30,1,1,2,1,0,0,2,1,0,0,20,44,20,46,20,59,0,0,0,0,1,7,0,80015,450,2009,0,N MILDRED RD,99999999999999999999,0000000,37.36257222,-108.5726972,1,1
8,77,1,20,18,55,2,3,1,1,1,1,0,14,9,1,2,3,2,65,2,1,2,1,0,0,2,1,0,0,18,56,99,99,99,99,0,19,0,0,1,3,0,80016,0,2009,443,I-70,99999999999999999999,0000000,39.13056111,-108.3247917,1,1
8,31,1,21,0,52,1,1,0,0,16,6,0,33,0,1,2,1,2,25,1,1,2,1,0,0,3,1,0,0,99,99,99,99,88,88,0,0,0,0,1,4,1,80017,600,2009,0,N IRVING ST,99999999999999999999,0000000,39.72059167,-105.0300194,1,1
8,117,1,23,15,8,2,2,1,1,1,1,0,14,9,15,2,3,2,65,2,1,2,3,0,0,1,4,0,0,15,11,99,99,99,99,0,0,0,0,1,6,0,80018,0,2009,1954,I-70,99999999999999999999,0000000,39.508625,-106.1437889,1,4
8,123,1,23,17,16,2,3,0,0,6,4,0,12,2,1,1,1,2,55,1,3,4,1,0,0,2,1,0,0,99,99,99,99,99,99,0,0,0,0,1,6,1,80019,0,2009,0,65,99999999999999999999,0000000,40.01683889,-104.45205,2,1
8,15,1,24,7,50,1,1,0,0,3,2,0,1,0,1,4,1,2,50,1,1,2,4,0,0,1,4,0,0,99,99,99,99,88,88,0,0,0,0,1,7,0,80020,0,2009,1934,US-24,99999999999999999999,0000000,39.04806389,-106.2668861,1,4
8,5,1,26,0,20,3,4,0,1,13,3,0,12,4,1,1,5,4,40,2,2,2,4,0,0,3,4,0,0,0,22,0,31,1,27,0,14,0,0,1,2,1,80021,0,2009,745,SR-83,99999999999999999999,0000000,39.695475,-104.8961333,3,4
8,101,1,26,11,20,2,2,0,1,1,1,0,12,3,7,1,2,2,75,1,2,2,1,0,0,1,1,0,0,11,22,11,28,12,10,0,0,0,0,1,2,0,80022,0,2009,732,I-70,99999999999999999999,0000000,37.94779167,-104.803575,2,1
8,123,1,28,22,24,1,6,0,0,4,3,0,1,0,1,1,1,2,55,1,1,2,1,0,0,2,1,0,0,22,26,22,31,99,99,0,0,0,0,1,4,0,80023,0,2009,143,SR-60,99999999999999999999,0000000,40.33029722,-104.8207833,1,1
8,101,1,25,13,1,1,5,0,1,11,1,0,25,0,15,3,3,2,50,1,1,2,1,0,0,1,1,0,0,13,5,13,8,13,21,0,0,0,0,1,1,1,80024,2050,2009,979,I-25,99999999999999999999,0000000,38.25859722,-104.6054944,1,1
8,35,1,14,19,1,3,5,0,0,14,6,0,12,4,2,1,3,3,45,1,1,1,1,2,3,3,1,0,0,19,2,19,6,99,99,0,0,0,0,1,4,0,80025,1158,2009,0,LUCENT BLVD,PLAZA DRIVE,0000000,39.55571944,-105.0083056,3,1
8,43,1,27,9,50,2,4,0,0,4,3,0,12,2,1,1,1,2,50,2,1,2,4,0,0,1,1,0,0,9,55,10,3,10,34,0,0,0,0,1,3,0,80026,0,2009,51,SR-115,99999999999999999999,0000000,38.40893889,-105.1711167,2,1
8,31,1,29,17,54,1,1,0,1,12,2,0,33,0,15,2,3,3,45,1,1,1,1,0,0,3,1,0,0,99,99,99,99,99,99,0,0,0,0,1,5,0,80027,600,2009,2086,US-85,99999999999999999999,0000000,39.67447222,-104.9943056,1,1
8,3,1,31,11,30,2,3,0,0,6,4,0,12,5,8,1,1,2,55,1,1,4,1,0,0,1,1,0,0,11,32,11,46,99,99,0,0,0,0,1,7,0,80028,0,2009,0,102,99999999999999999999,0000000,37.36977222,-106.0022639,2,1
8,5,1,11,20,34,2,4,0,1,13,2,0,33,0,1,3,3,2,35,2,2,2,1,0,0,3,1,0,0,20,34,20,41,20,54,0,0,0,0,1,1,1,80029,740,2009,2600,US-285,99999999999999999999,0000000,39.65273611,-104.989825,2,1
8,73,1,19,12,56,14,20,0,1,1,1,0,12,1,1,1,2,2,75,1,1,2,1,0,0,1,6,7,0,13,2,99,99,99,99,0,0,0,0,2,2,1,80030,0,2009,3742,I-70,99999999999999999999,0000000,39.27821667,-103.4384917,14,6
8,101,1,22,15,25,1,1,0,0,15,4,0,32,0,4,4,1,2,35,1,1,2,1,0,0,1,1,0,0,15,28,15,34,99,99,0,0,0,0,1,5,0,80031,0,2009,0,LASALLE RD,99999999999999999999,0000000,38.22854722,-104.5545528,1,1
8,31,1,28,10,30,2,5,0,1,12,6,0,12,3,1,1,2,2,65,1,1,2,1,0,0,1,1,0,0,10,31,10,51,10,59,0,0,0,0,2,4,1,80032,600,2009,17,PENA BLVD,99999999999999999999,0000000,39.78946111,-104.7891667,2,1
8,123,1,8,5,55,2,3,0,1,13,2,0,12,2,2,1,3,2,45,1,1,1,1,2,3,1,1,0,0,5,55,6,3,6,22,0,0,0,0,1,5,1,80033,780,2009,2647,US-85,37TH ST,0000000,40.37737222,-104.6937333,2,1
8,123,1,29,11,30,2,3,0,0,5,5,0,12,5,2,1,1,2,55,1,1,2,1,20,3,1,1,0,0,11,31,11,38,13,8,0,0,0,0,1,5,0,80034,810,2009,0,FIRESTONE BLVD,LOCUST ST,0000000,40.15991944,-104.8858861,2,1
8,69,1,14,19,6,1,2,1,0,14,6,0,8,0,1,1,1,4,35,1,1,2,1,0,0,3,1,0,0,19,6,19,9,88,88,0,0,0,0,1,4,0,80035,860,2009,0,W MULBERRY ST,99999999999999999999,0000000,40.58150833,-105.0834194,1,1
8,13,1,17,18,9,1,1,0,0,13,3,0,33,0,3,2,1,2,55,1,1,1,1,2,3,2,1,0,0,18,9,18,15,18,28,0,0,0,0,1,7,1,80036,1530,2009,351,SR-66,HOVER ST,0000000,40.20322222,-105.1310611,1,1
8,35,1,18,4,20,2,2,0,1,1,1,0,12,3,1,1,3,3,65,1,2,1,1,0,0,3,1,0,1,4,20,4,24,4,47,0,0,0,0,1,1,1,80037,1529,2009,1925,I-25,99999999999999999999,0000000,39.52889444,-104.8676889,2,1
8,13,1,18,18,31,1,3,1,0,14,6,0,9,0,1,1,1,4,35,1,1,2,1,0,0,3,1,0,0,18,31,18,34,18,45,0,0,0,0,1,1,0,80038,200,2009,0,30TH ST,99999999999999999999,0000000,40.00820278,-105.2534944,1,1
8,41,2,4,2,59,3,1,0,0,16,4,0,14,1,1,7,1,2,30,1,2,2,1,0,0,2,1,0,0,99,99,99,99,88,88,0,14,0,0,1,4,1,80039,0,2009,0,S DRUMMOND RD,99999999999999999999,0000000,38.76758056,-104.7917444,1,1
8,1,2,5,23,13,1,1,0,1,11,1,0,21,0,15,4,3,2,55,1,1,2,1,0,0,3,1,0,0,23,14,23,21,88,88,0,0,0,0,1,5,1,80040,0,2009,71,I-76,99999999999999999999,0000000,39.82426667,-104.9592028,1,1
8,97,2,7,13,0,1,1,0,0,3,3,0,42,0,1,4,1,2,50,2,2,2,1,0,0,1,1,0,0,13,6,13,12,88,88,0,0,0,0,1,7,1,80041,0,2009,622,SR-133,99999999999999999999,0000000,39.32445,-107.208675,1,1
8,77,2,8,1,20,1,1,0,1,1,1,0,1,0,1,3,2,2,75,2,1,2,1,0,0,2,1,0,0,1,22,1,35,88,88,0,0,0,0,1,1,1,80042,0,2009,229,I-70,99999999999999999999,0000000,39.12695,-108.6829611,1,1
8,71,2,15,8,9,1,4,0,0,4,3,0,31,0,1,4,1,2,65,1,1,2,1,0,0,1,1,0,0,8,13,8,23,99,99,0,0,0,0,1,1,0,80044,0,2009,75,SR-389,99999999999999999999,0000000,37.09158889,-103.8858611,1,1
8,1,2,6,6,59,2,3,0,1,13,2,0,12,5,2,1,3,2,55,1,1,1,1,1,3,1,1,0,0,99,99,99,99,99,99,0,0,0,0,1,6,0,80045,434,2009,2286,US-85,E 112TH AVE,0000000,39.89973056,-104.8684,2,1
8,31,2,8,0,15,1,3,1,1,13,3,0,8,0,3,1,1,4,30,1,1,2,1,2,3,3,1,0,0,99,99,99,99,99,99,0,0,0,0,1,1,0,80046,600,2009,42,SR-88,W EVANS AVE,0000000,39.67864722,-105.0250361,1,1
8,35,2,12,2,5,1,1,0,1,1,1,0,31,0,1,10,3,2,75,2,1,2,1,0,0,2,1,0,0,2,7,2,15,88,88,0,0,0,0,1,5,1,80047,0,2009,1746,I-25,99999999999999999999,0000000,39.27856944,-104.8972972,1,1
8,77,2,15,2,12,1,3,0,1,13,3,0,46,0,3,4,1,4,45,1,1,2,1,1,3,3,1,0,0,2,14,2,19,2,43,0,0,0,0,1,1,1,80048,1040,2009,33,SR-70 BUSN RT,24 3/4 ROAD,0000000,39.08503056,-108.5940806,1,1
8,5,2,18,20,52,1,4,1,0,15,4,0,8,0,1,1,1,4,35,1,1,2,1,0,0,3,1,0,0,20,54,20,59,88,88,0,0,0,0,1,4,0,80049,0,2009,0,E FLORIDA AVE,99999999999999999999,0000000,39.68930556,-104.887525,1,1
8,59,2,25,12,51,1,4,1,0,16,6,0,15,0,1,1,1,2,25,2,2,2,1,0,0,1,1,0,0,12,53,13,0,13,22,0,0,0,0,1,4,0,80050,80,2009,0,W 85TH AVE,99999999999999999999,0000000,39.851225,-105.1370222,1,1
8,5,2,26,10,30,2,2,0,1,13,3,0,12,4,2,1,1,6,45,1,1,2,1,2,3,1,1,0,0,10,51,10,57,11,26,0,0,0,0,1,5,0,80051,110,2009,48,SR-30,E JEWELL AVE,0000000,39.68201944,-104.8659222,2,1
8,45,2,26,23,30,1,2,0,1,1,1,0,24,0,1,3,3,2,75,1,1,2,1,0,0,2,1,0,0,99,99,99,99,88,88,0,0,0,0,1,5,1,80052,0,2009,724,I-70,99999999999999999999,0000000,39.43088889,-108.0737722,1,1
8,31,2,28,0,27,1,2,1,0,13,6,0,8,0,1,1,5,4,35,1,2,2,1,0,0,3,1,0,0,99,99,99,99,88,88,0,0,0,0,1,7,0,80053,600,2009,0,W EVANS AVE,99999999999999999999,0000000,39.67859167,-105.0068583,1,1
8,123,2,28,2,35,1,1,0,1,2,2,0,31,0,1,4,2,2,65,1,1,2,1,0,0,2,1,0,0,99,99,99,99,88,88,0,0,0,0,1,7,1,80054,0,2009,2460,US-85,99999999999999999999,0000000,40.14253333,-104.8108806,1,1
8,31,2,28,2,55,3,5,0,0,14,6,0,12,2,1,1,3,2,45,1,1,2,1,0,0,3,1,0,0,99,99,99,99,99,99,0,0,0,0,1,7,1,80055,600,2009,0,E 56TH AVE,99999999999999999999,0000000,39.7983,-104.7730083,3,1
8,117,2,28,8,36,2,2,0,0,3,3,0,12,4,1,1,1,2,50,1,2,2,3,0,0,1,1,0,0,8,36,8,49,99,99,0,4,0,0,1,7,0,80056,9997,2009,821,SR-9,99999999999999999999,0000000,39.42019167,-106.0443361,2,1
8,119,2,28,99,99,1,1,0,0,3,2,0,17,0,1,4,1,2,55,2,1,2,1,0,0,2,1,0,0,9,17,9,31,99,99,0,0,0,0,1,7,1,80057,0,2009,2728,US-24,99999999999999999999,0000000,38.93846389,-105.1718306,1,1
8,69,2,21,14,31,1,1,0,0,16,6,0,18,0,1,4,1,2,25,1,1,2,1,28,3,1,1,0,0,14,31,14,39,88,88,0,0,0,0,1,7,1,80058,860,2009,0,RICHARDS LAKE RD,99999999999999999999,0000000,40.62479722,-105.0399722,1,1
8,77,2,28,0,46,2,4,0,0,13,2,0,12,5,2,1,3,2,30,1,1,2,1,2,3,3,1,0,0,0,46,0,52,1,3,0,0,0,0,2,7,1,80059,1040,2009,310,US-6,5TH ST,0000000,39.07736111,-108.5644333,2,1
8,5,2,9,21,0,2,5,0,0,6,4,0,12,5,2,1,1,2,55,1,1,2,1,20,3,2,1,0,0,21,3,99,99,99,99,0,0,0,0,2,2,0,80060,0,2009,0,QUINCY AVE,129,0000000,39.63641111,-104.4540889,2,1
8,125,2,13,0,55,2,2,0,0,2,2,0,1,0,1,1,1,2,65,1,1,2,1,28,3,2,1,0,0,0,56,1,10,99,99,0,0,0,0,1,6,1,80061,0,2009,2576,US-34,99999999999999999999,0000000,40.07781111,-102.0827028,2,1
8,41,2,20,20,1,1,2,0,0,4,6,0,38,0,1,4,1,2,35,2,1,4,1,0,0,2,1,0,0,99,99,99,99,99,99,0,0,0,0,1,6,0,80062,430,2009,0,TAMLIN ROAD,99999999999999999999,0000000,38.91543889,-104.6448944,1,1
8,41,2,20,21,18,1,2,1,0,13,6,0,8,0,1,1,5,4,40,1,1,2,1,0,0,3,1,0,0,21,18,21,25,99,99,0,0,0,0,1,6,0,80063,430,2009,0,HANCOCK EXPWY,99999999999999999999,0000000,38.794175,-104.767925,1,1
8,123,3,1,12,25,1,1,0,0,3,3,0,35,0,4,4,1,2,50,1,1,2,1,0,0,1,1,0,0,99,99,99,99,88,88,0,0,0,0,1,1,0,80064,0,2009,406,SR-52,99999999999999999999,0000000,40.07323889,-104.43415,1,1