STATE,COUNTY,MONTH,DAY,HOUR,MINUTE,VE_TOTAL,PERSONS,PEDS,NHS,ROAD_FNC,ROUTE,SP_JUR,HARM_EV,MAN_COLL,REL_JUNC,REL_ROAD,TRAF_FLO,NO_LANES,SP_LIMIT,ALIGNMNT,PROFILE,PAVE_TYP,SUR_COND,TRA_CONT,T_CONT_F,LGT_COND,WEATHER1,WEATHER2,WRK_ZONE,NOT_HOUR,NOT_MIN,ARR_HOUR,ARR_MIN,HOSP_HR,HOSP_MN,SCH_BUS,CF1,CF2,CF3,FATALS,DAY_WEEK,DRUNK_DR,ST_CASE,CITY,YEAR,MILEPT,TWAY_ID,TWAY_ID2,RAIL,LATITUDE,LONGITUD,VE_FORMS,WEATHER
8,29,3,1,15,17,1,1,0,0,6,4,0,43,0,1,4,1,2,25,2,2,4,1,0,0,1,1,0,0,15,21,15,34,88,88,0,0,0,0,1,1,1,80065,0,2009,0,BRIMSTONE ROAD,99999999999999999999,0000000,38.93806111,-107.963975,1,1
8,81,3,6,7,30,1,1,0,0,4,4,0,1,0,1,4,1,2,65,2,2,2,1,0,0,1,1,0,0,9,56,11,10,88,88,0,0,0,0,1,6,1,80067,0,2009,322,4,99999999999999999999,0000000,40.95228056,-108.1924306,1,1
8,59,3,7,1,57,1,2,1,1,13,3,0,8,0,3,1,5,6,45,1,2,2,1,20,3,3,1,0,0,1,57,2,3,88,88,0,0,0,0,1,7,0,80068,80,2009,190,SR-121,W 67TH AVE,0000000,39.81831667,-105.0814222,1,1
8,35,3,9,9,35,1,1,0,1,1,1,0,31,0,1,4,3,2,75,1,1,2,1,0,0,1,1,0,0,9,39,9,50,10,29,0,0,0,0,1,2,0,80069,0,2009,1657,I-25,99999999999999999999,0000000,39.15693056,-104.85615,1,1
8,43,3,9,10,10,1,2,0,1,2,2,0,1,0,1,4,1,2,55,1,2,2,1,0,0,1,1,0,0,99,99,99,99,99,99,0,0,0,0,1,2,0,80070,0,2009,2261,US-50,99999999999999999999,0000000,38.50038056,-105.9311111,1,1
8,59,2,9,2,0,1,1,0,1,13,3,0,1,0,1,4,1,2,55,2,2,2,1,0,0,2,1,0,0,99,99,99,99,88,88,0,18,0,0,1,2,1,80071,0,2009,49,SR-93,99999999999999999999,0000000,39.82825,-105.2273,1,1
8,5,3,12,21,22,1,3,0,0,16,6,0,33,0,1,2,1,2,25,2,1,2,1,0,0,3,1,0,0,21,23,21,28,99,99,0,0,0,0,1,5,1,80072,110,2009,0,S BLACKHAWK ST,99999999999999999999,0000000,39.70105833,-104.8241083,1,1
8,23,3,13,0,30,1,1,0,1,2,2,0,31,0,1,4,1,2,35,2,1,2,1,0,0,2,1,0,0,99,99,99,99,88,88,0,0,0,0,1,6,1,80073,0,2009,2584,US-160,99999999999999999999,0000000,37.42641667,-105.4286194,1,1
8,117,3,14,6,15,2,2,0,0,3,3,0,31,0,1,4,1,2,55,2,1,2,1,28,3,2,1,0,0,6,21,6,37,99,99,0,0,0,0,1,7,0,80074,0,2009,1205,SR-9,99999999999999999999,0000000,39.85129444,-106.233975,2,1
8,29,3,14,9,0,2,4,0,0,3,3,0,12,8,1,1,1,2,65,1,1,2,1,0,0,1,1,0,0,9,0,9,7,88,88,0,0,0,0,1,7,0,80075,0,2009,121,SR-92,99999999999999999999,0000000,38.80228889,-107.8720111,2,1
8,123,3,15,20,40,1,3,0,0,6,4,0,35,0,1,4,1,2,55,2,2,2,1,0,0,2,1,0,0,99,99,99,99,99,99,0,0,0,0,1,1,1,80076,0,2009,0,53,99999999999999999999,0000000,40.40581111,-104.5644639,1,1
8,45,3,16,8,27,2,2,0,0,3,3,0,1,0,1,1,1,2,65,2,2,2,1,28,3,1,1,0,0,8,27,8,45,88,88,0,0,0,0,1,2,0,80077,0,2009,180,SR-139,99999999999999999999,0000000,39.42395833,-108.7931528,2,1
8,67,3,16,19,5,1,1,0,0,4,3,0,31,0,1,4,1,2,60,1,1,2,1,0,0,5,1,0,0,99,99,99,99,88,88,0,0,0,0,1,2,0,80078,0,2009,111,SR-151,99999999999999999999,0000000,37.03186111,-107.5098806,1,1
8,45,3,17,22,3,2,8,1,1,2,3,0,8,0,8,1,5,4,65,1,1,2,1,0,0,2,1,0,0,22,7,22,11,88,88,0,0,0,0,1,3,0,80079,0,2009,125,SR-82,99999999999999999999,0000000,39.41615278,-107.20695,2,1
8,31,3,3,2,45,1,1,0,0,15,6,0,10,0,6,1,1,2,30,2,1,1,1,70,3,2,1,0,0,3,51,99,99,88,88,0,0,0,0,1,3,1,80080,600,2009,0,DELGANY ST,99999999999999999999,804393H,39.75971389,-104.9932556,1,1
8,75,3,7,0,45,1,1,0,0,3,2,0,1,0,1,1,1,2,65,1,1,2,1,0,0,2,1,0,0,99,99,99,99,99,99,0,0,0,0,1,7,1,80081,0,2009,4097,US-6,99999999999999999999,0000000,40.63338889,-103.1170194,1,1
8,41,3,15,10,0,1,1,0,1,2,2,0,35,0,4,4,1,2,65,1,1,2,1,0,0,1,1,0,0,10,6,10,20,99,99,0,0,0,0,1,1,0,80082,0,2009,3253,US-24,99999999999999999999,0000000,38.983575,-104.5399944,1,1
8,41,3,19,22,35,2,2,0,0,13,4,0,12,5,2,1,3,2,50,1,1,2,1,1,3,2,1,0,0,22,37,99,99,99,99,0,0,0,0,1,5,1,80083,0,2009,0,CONSTITUTION AVE,MARKSHEFFEL ROAD,0000000,38.86796111,-104.6827472,2,1
8,41,3,22,1,30,1,4,0,0,3,3,0,1,0,1,4,1,2,60,1,1,2,1,0,0,2,1,0,0,99,99,99,99,99,99,0,0,0,0,1,1,0,80084,0,2009,284,SR-115,99999999999999999999,0000000,38.58007222,-104.9252444,1,1
8,41,3,29,2,0,1,1,0,0,3,4,0,31,0,1,4,1,2,55,1,1,2,1,0,0,2,1,0,0,99,99,99,99,88,88,0,0,0,0,1,1,1,80085,0,2009,0,YODER ROAD,99999999999999999999,0000000,38.82210278,-104.2216194,1,1
8,69,3,22,11,39,1,2,0,1,11,7,0,1,0,1,1,1,2,45,2,2,2,1,0,0,1,1,0,0,99,99,99,99,88,88,0,0,0,0,2,1,1,80086,0,2009,2699,I-25 FRONTAGE RD,99999999999999999999,0000000,40.58845833,-105.0006056,1,1
8,41,3,29,18,9,1,1,0,1,2,2,0,24,0,1,4,1,2,45,2,2,2,1,0,0,1,1,0,0,99,99,99,99,88,88,0,0,0,0,1,1,1,80087,0,2009,2944,US-24,99999999999999999999,0000000,38.88881111,-104.9631111,1,1
8,55,3,27,11,54,1,6,0,1,1,1,0,1,0,1,3,2,2,75,1,1,2,3,0,0,1,4,0,0,11,54,12,6,12,42,0,0,0,0,1,6,0,80088,0,2009,553,I-25,99999999999999999999,0000000,37.6991,-104.8128917,1,4
8,41,3,27,14,14,2,4,0,1,2,2,0,12,4,1,1,1,2,65,1,1,2,4,0,0,1,1,0,0,14,14,99,99,88,88,0,0,0,0,2,6,0,80089,0,2009,3251,US-24,99999999999999999999,0000000,38.98090833,-104.5436222,2,1
8,13,3,30,1,39,2,3,0,0,13,2,0,12,5,2,1,1,2,45,2,1,2,1,2,3,3,1,0,0,1,39,1,42,2,1,0,0,0,0,1,2,1,80090,200,2009,340,US-36,JAY ROAD,0000000,40.05102778,-105.2600611,2,1
8,1,3,30,6,32,2,2,0,0,14,4,0,12,5,1,1,1,2,45,1,2,2,3,0,0,4,4,0,0,6,36,6,40,88,88,0,0,0,0,1,2,0,80091,0,2009,0,COLORADO BLVD,99999999999999999999,0000000,39.96816944,-104.9402944,2,4
8,123,3,30,6,35,2,2,0,1,2,2,0,13,5,1,1,2,2,65,1,1,2,4,0,0,4,4,0,0,99,99,99,99,99,99,0,0,0,0,1,2,0,80092,0,2009,2477,US-85,99999999999999999999,0000000,40.16556111,-104.8148278,2,4
8,123,3,30,8,5,1,1,0,0,3,3,0,1,0,1,4,1,2,55,1,1,2,4,0,0,1,4,0,0,99,99,99,99,88,88,0,0,0,0,1,2,0,80093,0,2009,413,SR-52,99999999999999999999,0000000,40.07326944,-104.4209889,1,4
8,41,3,29,15,36,2,5,0,0,13,6,0,1,0,1,1,5,4,35,1,1,2,1,0,0,1,1,0,0,99,99,99,99,88,88,0,0,0,0,2,1,1,80094,430,2009,0,N CIRCLE DR,99999999999999999999,0000000,38.85752778,-104.775775,2,1
8,41,3,16,21,25,1,2,0,0,14,6,0,33,0,1,2,5,2,35,2,2,2,1,0,0,3,1,0,0,99,99,99,99,99,99,0,20,0,0,1,2,1,80095,430,2009,0,N 21ST ST,99999999999999999999,0000000,38.84678611,-104.8538806,1,1
8,77,3,7,8,13,1,1,0,1,1,1,0,24,0,1,4,3,2,65,2,2,2,1,0,0,1,1,0,0,99,99,99,99,88,88,0,0,0,0,1,7,0,80096,0,2009,575,I-70,99999999999999999999,0000000,39.2742,-108.2441333,1,1
8,55,3,30,18,30,1,2,0,0,6,4,0,1,0,1,4,1,2,55,2,1,4,1,0,0,5,1,0,0,18,43,18,53,19,40,0,0,0,0,1,2,0,80097,0,2009,0,421,99999999999999999999,0000000,37.48158333,-105.0653722,1,1
8,77,3,5,17,18,2,3,0,0,14,6,0,12,5,2,1,1,2,45,1,1,2,1,20,3,5,1,0,0,17,18,17,29,88,88,0,0,0,0,1,5,0,80098,1040,2009,0,G ROAD,23 ROAD,0000000,39.1063,-108.6266167,2,1
8,5,3,5,15,50,2,2,0,1,13,4,0,12,5,2,1,1,4,35,1,1,2,1,20,3,1,1,0,0,16,7,16,16,16,39,0,0,0,0,1,5,0,80099,0,2009,0,S UNIVERSITY BLVD,E FLOYD AVE,0000000,39.65655556,-104.9594556,2,1
8,123,3,20,21,32,3,3,0,0,4,3,0,12,4,1,1,1,2,55,1,2,2,1,0,0,2,1,0,0,99,99,99,99,99,99,0,0,0,0,1,6,1,80100,1300,2009,67,SR-60,99999999999999999999,0000000,40.33565556,-104.963575,3,1
8,9,4,2,2,5,2,4,0,1,2,2,0,12,5,1,1,1,2,65,1,1,1,4,0,0,2,4,0,0,99,99,99,99,88,88,0,0,0,0,2,5,0,80101,0,2009,335,US-287,99999999999999999999,0000000,37.45167222,-102.6197028,2,4
8,39,4,4,17,42,4,8,0,1,1,1,0,12,1,1,1,2,2,75,2,2,1,3,0,0,1,4,6,0,17,45,17,59,99,99,0,0,0,0,2,7,0,80102,0,2009,3533,I-70,99999999999999999999,0000000,39.30214167,-103.814525,4,4
8,31,4,5,8,53,2,4,0,1,13,2,0,12,5,2,1,1,4,35,1,1,2,1,2,3,1,1,0,0,99,99,99,99,99,99,0,0,0,0,1,1,0,80103,600,2009,2852,US-287,W 44TH AVE,0000000,39.77662778,-105.0252306,2,1
8,85,4,5,14,55,2,6,0,0,3,3,0,12,5,2,1,1,2,50,1,1,2,1,20,3,1,1,0,0,14,55,15,9,15,27,0,0,0,0,1,1,2,80104,0,2009,104,SR-348,5400 ROAD,0000000,38.62115833,-108.0775,2,1
8,13,4,2,10,20,2,2,0,0,14,3,0,12,2,2,1,1,2,45,1,1,2,1,2,3,1,1,0,0,10,20,10,23,10,49,0,0,0,0,1,5,0,80105,1540,2009,20,SR-42,S BOULDER RD,0000000,39.98681944,-105.1278667,2,1
8,43,4,8,17,0,1,1,0,0,4,3,0,31,0,1,4,1,2,50,2,1,2,1,0,0,1,1,0,0,99,98,99,98,88,88,0,18,0,0,1,4,0,80106,0,2009,118,SR-115,99999999999999999999,0000000,38.39363889,-105.0647306,1,1
8,107,4,10,5,20,1,2,0,1,2,2,0,31,0,1,4,1,2,65,2,2,2,4,40,3,2,1,0,0,99,99,99,99,99,99,0,0,0,0,1,6,0,80107,0,2009,1056,US-40,99999999999999999999,0000000,40.49177222,-107.2947583,1,1
8,37,4,11,14,55,1,4,0,1,1,1,0,1,0,1,3,2,2,75,1,1,2,1,0,0,1,1,0,0,15,0,15,6,99,99,0,0,0,0,1,7,0,80108,0,2009,1398,I-70,99999999999999999999,0000000,39.65267222,-106.9497639,1,1
8,41,4,15,2,36,1,2,0,0,14,6,0,33,0,1,2,5,4,35,1,1,2,1,0,0,3,1,0,0,2,36,99,99,99,99,0,0,0,0,1,4,0,80109,430,2009,0,E BOULDER ST,99999999999999999999,0000000,38.83864167,-104.7947222,1,1
8,123,4,17,16,10,2,3,0,0,3,3,0,12,5,1,1,1,2,65,1,2,2,3,0,0,1,4,0,0,99,99,99,99,99,99,0,0,0,0,2,6,0,80110,0,2009,187,SR-52,99999999999999999999,0000000,40.08000556,-104.8445611,2,4
8,67,4,17,23,30,1,1,0,0,4,3,0,35,0,1,4,1,2,55,2,2,2,1,0,0,2,1,0,0,99,99,99,99,88,88,0,0,0,0,1,6,1,80111,0,2009,63,SR-172,99999999999999999999,0000000,37.08815278,-107.623525,1,1
8,93,4,18,15,8,1,2,0,0,3,2,0,31,0,1,4,1,2,65,1,1,2,1,0,0,1,1,0,0,99,99,99,99,99,99,0,0,0,0,1,7,0,80112,0,2009,2307,US-24,99999999999999999999,0000000,38.94636667,-105.9036444,1,1
8,67,4,21,12,2,1,2,0,0,4,3,0,31,0,1,4,1,2,65,2,2,2,1,0,0,1,1,0,0,12,2,99,99,88,88,0,0,0,0,2,3,1,80113,0,2009,63,SR-172,99999999999999999999,0000000,37.08784444,-107.6230611,1,1
8,123,4,23,11,35,2,3,0,1,2,2,0,12,5,2,1,1,4,65,1,1,1,1,20,3,1,1,0,0,99,99,99,99,99,99,0,0,0,0,2,5,0,80114,0,2009,1173,US-34,49,0000000,40.39196667,-104.6019083,2,1
8,123,4,23,22,5,4,5,0,1,1,1,0,12,1,1,1,3,2,55,1,2,1,1,0,0,2,1,0,1,99,99,99,99,88,88,0,0,0,0,1,5,1,80115,0,2009,2443,I-25,99999999999999999999,0000000,40.22003611,-104.9801944,4,1
8,101,4,26,18,20,1,4,0,0,3,3,0,52,0,1,4,1,2,35,1,1,2,1,0,0,1,6,0,0,99,99,99,99,99,99,0,0,0,0,1,1,0,80116,195,2009,760,SR-96,99999999999999999999,0000000,38.24755278,-104.2503278,1,6
8,5,4,25,23,8,1,1,0,0,14,6,0,33,0,1,2,1,4,40,2,2,2,1,40,3,3,1,0,0,23,8,23,12,23,27,0,0,0,0,1,7,1,80117,110,2009,0,E YALE AVE,99999999999999999999,0000000,39.66796944,-104.815025,1,1
8,81,4,27,17,20,1,2,0,0,4,4,0,1,0,1,4,1,2,40,2,1,4,1,0,0,1,1,0,0,99,99,99,99,99,99,0,0,0,0,1,2,1,80118,0,2009,170,10N,99999999999999999999,0000000,40.932,-108.7743111,1,1
8,123,4,28,9,15,3,3,0,0,3,3,0,12,1,3,1,1,2,65,1,2,2,1,28,3,1,1,0,0,99,99,99,99,99,99,0,0,0,0,2,3,0,80119,0,2009,464,SR-66,17,0000000,40.20413333,-104.91405,3,1
8,1,4,28,23,17,2,2,0,1,13,2,0,12,2,3,1,3,4,40,1,1,2,1,2,3,3,1,0,0,23,19,23,22,23,48,0,0,0,0,1,3,1,80120,2550,2009,2913,US-287,W 92ND AVE,0000000,39.86358611,-105.0251222,2,1
8,29,4,29,18,57,1,1,0,1,2,2,0,24,0,1,4,1,2,65,2,2,2,1,0,0,1,1,0,0,19,3,19,24,20,21,0,0,0,0,1,4,0,80121,0,2009,560,US-50,99999999999999999999,0000000,38.81080278,-108.2907528,1,1
8,5,4,29,15,10,2,2,0,0,14,6,0,12,5,2,1,1,2,40,1,1,2,1,20,3,1,1,0,0,15,10,15,15,88,88,0,0,0,0,1,4,0,80122,1085,2009,0,S YOSEMITE ST,E ROUNDTREE AVE,0000000,39.60762778,-104.8855306,2,1
8,69,4,21,21,10,2,2,0,0,13,3,0,12,5,10,1,2,2,45,1,1,1,1,28,3,3,1,0,0,99,99,99,99,99,99,0,0,0,0,1,3,0,80123,0,2009,1391,SR-14,I-25 RAMP,0000000,40.58121111,-104.9996444,2,1
8,123,4,23,3,5,1,2,0,0,16,6,0,23,0,1,4,1,2,45,1,2,2,1,0,0,2,1,0,0,3,5,3,11,3,50,0,0,0,0,1,5,1,80124,780,2009,0,49TH ST,99999999999999999999,0000000,40.36355278,-104.7384889,1,1
8,85,5,1,1,25,1,2,0,0,4,3,0,1,0,1,4,1,2,50,2,2,2,1,0,0,2,1,0,0,1,53,2,25,99,99,0,0,0,0,1,6,1,80125,0,2009,390,SR-92,99999999999999999999,0000000,38.60658333,-107.5745556,1,1
8,101,5,1,16,14,2,3,0,1,13,3,0,12,4,2,1,5,4,40,1,1,2,2,2,3,1,2,0,0,16,14,16,22,16,45,0,0,0,0,1,6,0,80126,2050,2009,40,SR-45,RED CREEK SPRINGS RD,0000000,38.24713333,-104.6621861,2,2
8,77,5,2,7,7,1,1,0,0,15,4,0,25,0,1,4,1,2,40,1,1,2,1,0,0,1,1,0,0,7,11,7,16,88,88,0,0,0,0,1,7,0,80127,0,2009,0,D 1/2 ROAD,99999999999999999999,0000000,39.07011389,-108.4613472,1,1
8,93,5,2,12,15,2,3,0,1,2,2,0,12,2,1,1,1,2,65,1,2,2,1,0,0,1,1,0,0,12,17,12,26,99,99,0,0,0,0,2,7,0,80128,0,2009,1936,US-285,99999999999999999999,0000000,39.32882222,-105.8704889,2,1
8,77,5,5,15,44,1,4,1,0,14,4,0,9,0,1,1,1,2,40,1,1,2,1,0,0,1,1,0,0,99,99,99,99,99,99,0,0,0,0,1,3,0,80129,0,2009,0,B 1/2 ROAD,99999999999999999999,0000000,39.04120556,-108.4865333,1,1
8,85,5,6,17,25,1,1,0,0,6,4,0,38,0,1,4,1,2,35,1,1,2,1,28,3,1,1,0,0,17,27,17,33,17,47,0,0,0,0,1,4,0,80130,0,2009,0,62 ROAD,99999999999999999999,0000000,38.463275,-107.930475,1,1
8,59,5,7,19,35,1,1,0,0,3,3,0,1,0,1,4,1,2,35,2,2,2,1,28,3,1,1,0,0,19,40,19,42,88,88,0,0,0,0,1,5,1,80131,0,2009,170,SR-74,99999999999999999999,0000000,39.65348611,-105.2126194,1,1
8,41,5,7,20,5,1,1,0,0,14,2,0,1,0,1,1,1,2,50,2,2,2,1,0,0,5,1,0,0,99,99,99,99,99,99,0,0,0,0,1,5,1,80132,0,2009,1363,US-85,99999999999999999999,0000000,38.7759,-104.7693472,1,1
8,31,5,8,16,46,2,3,0,0,13,3,0,12,2,1,1,5,4,40,1,1,2,1,0,0,1,1,0,0,99,99,99,99,99,99,0,0,0,0,1,6,1,80133,600,2009,30,SR-95,99999999999999999999,0000000,39.69647778,-105.0532194,2,1
8,59,5,8,21,41,1,3,1,0,14,4,0,8,0,1,1,1,2,30,1,1,2,1,28,3,2,1,0,0,99,99,99,99,99,99,0,0,0,0,1,6,0,80134,0,2009,0,W 52ND AVE,99999999999999999999,0000000,39.79107222,-105.0580389,1,1
8,51,5,9,13,25,2,3,0,0,3,3,0,1,0,1,1,1,2,55,1,1,2,1,0,0,1,1,0,0,13,21,13,31,88,88,0,0,0,0,1,7,2,80135,0,2009,210,SR-135,99999999999999999999,0000000,38.80731389,-106.8949417,2,1
8,17,5,10,11,5,1,5,0,0,6,4,0,1,0,1,4,1,2,35,1,1,5,1,0,0,1,1,0,0,99,99,99,99,99,99,0,0,0,0,1,1,0,80136,0,2009,0,50,99999999999999999999,0000000,38.95259722,-102.2405972,1,1
8,69,5,8,22,9,1,3,1,0,13,6,0,8,0,1,1,1,4,45,1,1,2,1,0,0,3,1,0,0,22,9,22,13,22,32,0,0,0,0,1,6,0,80137,860,2009,0,HARMONY ROAD,99999999999999999999,0000000,40.52351389,-105.0686306,1,1
8,85,5,12,10,34,1,1,0,0,3,3,0,27,0,1,4,1,2,50,2,1,2,1,0,0,1,1,0,0,10,34,10,55,88,88,0,0,0,0,1,3,0,80138,0,2009,573,SR-141,99999999999999999999,0000000,38.22257778,-108.5161528,1,1
8,41,5,12,18,20,2,2,0,1,2,2,0,12,3,3,1,1,2,65,1,1,2,1,0,0,1,1,0,0,18,25,18,33,99,99,0,0,0,0,1,3,0,80139,0,2009,3348,US-24,ELLICOTT HWY,0000000,39.02622778,-104.3860667,2,1
8,1,5,12,13,26,1,2,0,0,14,6,0,1,0,1,4,1,2,45,1,2,2,1,0,0,1,1,0,0,13,26,13,38,99,99,0,0,0,0,1,3,0,80140,110,2009,0,E 56TH AVE,99999999999999999999,0000000,39.79843611,-104.6894667,1,1
8,83,5,13,5,56,1,3,0,0,3,3,0,11,0,1,4,1,2,50,2,2,2,1,0,0,4,1,0,0,99,99,99,99,99,99,0,0,0,0,1,4,0,80141,0,2009,276,SR-145,99999999999999999999,0000000,37.57670556,-108.2929417,1,1
8,35,5,13,14,35,2,2,0,0,14,3,0,12,5,8,1,1,2,55,2,1,2,1,20,3,1,1,0,0,14,37,14,42,88,88,0,0,0,0,1,4,0,80142,0,2009,34,SR-86,99999999999999999999,0000000,39.382725,-104.8052083,2,1
8,75,5,15,12,35,1,2,0,1,1,1,0,31,0,1,3,2,2,75,1,1,1,1,0,0,1,6,0,0,99,99,99,99,99,99,0,0,0,0,1,6,0,80143,0,2009,1312,I-76,99999999999999999999,0000000,40.68831111,-103.0904167,1,6
8,59,5,15,15,57,2,2,0,1,12,3,0,12,5,2,1,2,2,55,1,1,1,1,20,3,1,1,0,0,99,99,99,99,99,99,1,0,0,0,1,6,0,80144,0,2009,5,SR-121,W BROOK DR,0000000,39.56050556,-105.0828278,2,1
8,45,5,16,9,10,1,4,0,0,6,4,0,35,0,1,4,1,2,25,2,2,4,1,0,0,1,1,0,0,9,14,9,31,10,4,0,0,0,0,1,7,0,80145,0,2009,5,325,99999999999999999999,0000000,39.48665556,-107.8628861,1,1
8,5,5,16,21,10,2,1,0,0,16,6,0,30,0,3,4,1,2,25,2,2,2,1,28,3,3,1,0,0,21,10,21,14,21,28,0,14,0,0,1,7,1,80146,110,2009,0,S GUNNISON PL,S LAREDO CT,0000000,39.68881389,-104.799975,1,1
8,31,5,17,2,8,1,1,0,1,13,6,0,33,0,1,3,3,2,35,2,1,2,1,0,0,3,1,0,0,99,99,99,99,88,88,0,0,0,0,1,1,1,80147,600,2009,0,E ALAMEDA AVE,99999999999999999999,0000000,39.71052778,-104.8912167,1,1
8,5,5,13,20,33,2,3,0,0,13,3,0,12,5,2,1,1,6,40,1,1,2,1,2,3,3,1,0,0,20,34,20,39,20,52,0,0,0,0,1,4,0,80148,110,2009,73,SR-30,E 1ST AVE,0000000,39.71819722,-104.8659917,2,1
8,99,5,20,13,34,2,2,0,1,2,2,0,12,2,1,1,1,2,65,1,1,2,1,0,0,1,1,0,0,13,34,13,42,88,88,0,0,0,0,2,4,0,80149,0,2009,4410,US-50,99999999999999999999,0000000,38.09251111,-102.5177722,2,1
8,101,5,12,13,21,2,3,0,0,14,6,0,12,5,2,1,1,4,35,1,1,2,1,20,3,1,1,0,0,99,99,99,99,99,99,0,0,0,0,1,3,0,80150,2050,2009,0,E 8TH ST,GLENDALE AVE,0000000,38.27462778,-104.5967917,2,1
8,123,5,18,21,0,2,3,0,0,15,4,0,1,0,8,1,1,2,55,1,2,2,1,0,0,2,1,0,0,21,1,21,11,21,33,0,0,0,0,1,2,1,80151,0,2009,0,54,99999999999999999999,0000000,40.37779722,-104.8351833,2,1
8,27,5,24,19,50,1,2,0,0,3,3,0,1,0,1,4,1,2,55,2,2,2,1,0,0,2,1,0,0,99,99,99,99,88,88,0,0,0,0,2,1,1,80152,0,2009,151,SR-96,99999999999999999999,0000000,38.16711944,-105.2161389,1,1
8,35,5,23,5,45,1,1,0,1,12,3,0,31,0,1,3,3,2,65,2,1,2,1,0,0,4,1,0,0,5,47,5,56,88,88,0,0,0,0,1,7,0,80153,0,2009,223,SR-470,99999999999999999999,0000000,39.56109722,-104.9417889,1,1
8,49,5,24,13,50,1,2,0,1,2,2,0,1,0,1,4,1,3,40,2,2,2,1,40,3,1,1,0,0,13,55,14,11,16,6,0,0,0,0,1,1,0,80154,0,2009,2400,US-40,99999999999999999999,0000000,39.82249167,-105.7695611,1,1
8,31,5,26,22,32,1,1,0,1,11,1,0,33,0,13,8,6,1,35,2,2,2,1,0,0,3,1,0,0,22,35,22,39,22,57,0,0,0,0,1,3,1,80155,600,2009,2816,I-70 RAMP D,N PEORIA ST,0000000,39.77495,-104.8464417,1,1
8,1,5,24,13,28,2,2,0,1,13,2,0,12,2,2,1,1,4,55,1,1,2,1,2,3,1,1,0,0,13,28,13,32,13,47,0,0,0,0,1,1,0,80156,110,2009,3098,US-40,N DUNKIRK ST,0000000,39.74025833,-104.7630556,2,1
8,31,5,26,20,52,1,1,0,0,16,6,0,42,0,1,4,1,2,30,2,1,2,1,0,0,2,1,0,0,99,99,99,99,88,88,0,0,0,0,1,3,0,80157,600,2009,0,E 46TH AVE,99999999999999999999,0000000,39.78010556,-104.9766306,1,1
8,1,5,28,11,35,1,1,0,0,4,3,0,1,0,1,1,1,2,65,1,1,2,1,0,0,1,1,0,0,11,39,11,59,88,88,0,0,0,0,1,5,0,80158,0,2009,174,SR-79,99999999999999999999,0000000,39.98003333,-104.4145611,1,1
8,31,5,7,23,51,2,8,0,0,14,6,0,12,5,2,1,1,4,35,1,1,1,1,2,3,3,1,0,0,99,99,99,99,99,99,0,0,0,0,1,5,1,80159,600,2009,0,W 38TH AVE,IRVING ST,0000000,39.76940833,-105.02995,2,1
8,77,5,27,3,19,1,1,1,0,16,6,0,8,0,1,1,1,2,25,1,1,2,1,0,0,2,1,0,0,3,49,3,56,88,88,0,17,0,0,1,4,0,80160,1040,2009,0,SANFORD DRIVE,99999999999999999999,0000000,39.11025833,-108.64085,1,1
8,41,5,28,10,26,2,2,0,1,11,1,0,13,3,15,1,3,3,60,1,1,2,1,0,0,1,1,0,0,10,26,10,30,88,88,0,0,0,0,1,5,0,80161,430,2009,1410,I-25,US-24,0000000,38.82614444,-104.8356028,2,1
8,73,5,29,16,54,1,1,0,0,3,3,0,1,0,1,1,1,2,65,1,1,2,1,0,0,1,1,0,0,16,55,17,19,19,5,0,0,0,0,1,6,1,80162,0,2009,574,SR-71,99999999999999999999,0000000,38.64875,-103.7056139,1,1
8,69,5,30,10,5,1,1,0,0,3,3,0,17,0,1,4,1,2,40,2,1,2,1,0,0,1,1,0,0,10,5,10,15,88,88,0,0,0,0,1,7,1,80163,0,2009,1162,SR-14,99999999999999999999,0000000,40.69920278,-105.2507694,1,1
8,69,5,30,15,55,2,6,0,1,12,3,0,13,2,1,1,2,2,50,1,1,2,1,0,0,1,1,0,0,15,49,15,54,99,99,0,0,0,0,1,7,0,80164,0,2009,1379,SR-14,99999999999999999999,0000000,40.58114444,-105.0210917,2,1
8,45,5,29,4,48,1,1,0,0,5,4,0,1,0,1,4,1,2,35,2,2,2,2,0,0,2,1,0,0,4,56,5,6,5,55,0,0,0,0,1,6,1,80165,0,2009,26,331,99999999999999999999,0000000,39.50889722,-107.6589806,1,1
8,69,5,2,0,49,1,1,0,0,14,6,0,33,0,1,3,3,2,45,1,1,2,1,0,0,3,1,0,0,0,50,0,56,88,88,0,0,0,0,1,7,1,80166,860,2009,0,E PROSPECT ROAD,99999999999999999999,0000000,40.56703333,-105.0262639,1,1
8,83,5,10,18,19,1,4,2,0,15,6,0,9,0,2,1,1,2,30,1,2,2,1,20,3,1,1,0,0,18,19,18,23,99,99,0,0,0,0,1,1,0,80167,450,2009,0,S CHESTNUT ST,W 3RD ST,0000000,37.34546111,-108.5864611,1,1
8,41,5,8,15,59,2,3,0,0,14,6,0,12,5,2,1,1,4,30,1,1,2,1,0,0,1,1,0,0,99,99,99,99,99,99,0,0,0,0,1,6,1,80168,430,2009,0,W COLORADO AVE,S 12TH ST,0000000,38.83648056,-104.8442861,2,1
8,13,4,8,18,35,2,2,0,0,13,6,0,12,2,2,1,3,2,45,1,1,1,1,2,3,1,1,0,0,18,35,18,39,18,47,0,0,0,0,1,4,0,80169,1530,2009,0,HOVER ST,NELSON RD,0000000,40.15240833,-105.1305972,2,1