STATE,COUNTY,MONTH,DAY,HOUR,MINUTE,VE_TOTAL,PERSONS,PEDS,NHS,ROAD_FNC,ROUTE,SP_JUR,HARM_EV,MAN_COLL,REL_JUNC,REL_ROAD,TRAF_FLO,NO_LANES,SP_LIMIT,ALIGNMNT,PROFILE,PAVE_TYP,SUR_COND,TRA_CONT,T_CONT_F,LGT_COND,WEATHER1,WEATHER2,WRK_ZONE,NOT_HOUR,NOT_MIN,ARR_HOUR,ARR_MIN,HOSP_HR,HOSP_MN,SCH_BUS,CF1,CF2,CF3,FATALS,DAY_WEEK,DRUNK_DR,ST_CASE,CITY,YEAR,MILEPT,TWAY_ID,TWAY_ID2,RAIL,LATITUDE,LONGITUD,VE_FORMS,WEATHER
8,87,6,1,23,35,2,4,0,1,1,1,0,12,2,15,1,2,2,75,1,2,2,2,0,0,2,2,0,0,23,40,23,49,0,13,0,0,0,0,1,2,0,80170,0,2009,816,I-76,99999999999999999999,0000000,40.26302778,-103.775,2,2
8,67,6,2,17,40,1,1,0,0,6,4,0,38,0,1,4,1,2,35,1,2,4,1,0,0,1,1,0,0,99,99,99,99,88,88,0,0,0,0,1,3,1,80171,0,2009,140,321,99999999999999999999,0000000,37.26563056,-107.9204389,1,1
8,101,6,5,1,54,1,1,0,1,2,2,0,31,0,1,3,2,2,65,1,1,2,1,28,3,2,1,0,0,1,55,2,2,88,88,0,0,0,0,1,6,1,80172,0,2009,3109,US-50,99999999999999999999,0000000,38.31856111,-104.6815194,1,1
8,123,6,4,18,0,2,4,0,0,3,3,0,12,5,2,1,1,2,65,1,2,2,1,20,3,1,1,0,0,18,8,18,17,19,19,0,0,0,0,1,5,0,80173,0,2009,1442,SR-14,SR-257,0000000,40.58156944,-104.9077333,2,1
8,45,6,6,11,35,2,1,0,0,5,4,0,35,0,1,4,1,2,30,2,2,2,1,28,3,1,1,0,0,11,40,11,49,88,88,0,0,0,0,1,7,1,80174,0,2009,10,210,99999999999999999999,0000000,39.54572222,-107.7463778,1,1
8,13,6,7,15,5,1,1,0,0,3,3,0,1,0,1,4,1,2,40,2,2,2,1,0,0,1,1,0,0,15,5,99,99,88,88,0,0,0,0,1,1,1,80175,0,2009,430,SR-72,99999999999999999999,0000000,40.068325,-105.5165639,1,1
8,41,6,9,8,46,2,2,0,0,16,6,0,24,0,1,2,5,2,35,2,1,2,1,0,0,1,1,0,0,8,46,9,5,9,26,0,0,0,0,1,3,0,80176,430,2009,0,MARK DABLING BLVD,99999999999999999999,0000000,38.90271944,-104.8242444,2,1
8,59,6,8,8,36,2,2,0,0,13,3,0,12,5,2,1,3,2,45,1,2,2,1,2,3,1,1,0,0,8,36,8,41,8,58,0,0,0,0,1,2,0,80177,1435,2009,35,SR-391,W KENTUCKY DR,0000000,39.70034722,-105.1099361,2,1
8,59,6,10,19,38,1,1,0,1,12,3,0,1,0,1,4,2,2,45,1,2,1,1,28,3,1,1,0,0,19,38,19,44,99,99,0,0,0,0,1,4,0,80178,0,2009,30,SR-121,99999999999999999999,0000000,39.59093056,-105.0912306,1,1
8,47,6,12,0,20,2,3,0,0,3,3,0,12,2,1,1,1,2,45,2,2,2,2,40,3,3,2,0,0,0,25,99,99,88,88,0,0,0,0,1,6,0,80179,0,2009,26,SR-119,99999999999999999999,0000000,39.76226111,-105.4356389,2,2
8,109,6,8,14,50,1,2,0,1,2,2,0,1,0,1,4,1,2,65,2,1,2,1,40,3,1,1,0,0,14,56,15,21,16,11,0,0,0,0,1,2,0,80180,0,2009,1884,US-50,99999999999999999999,0000000,38.39675833,-106.4226944,1,1
8,51,6,12,15,0,1,1,0,0,3,3,0,1,0,1,4,1,2,50,2,2,2,1,0,0,1,1,0,0,15,18,15,44,88,88,0,0,0,0,1,6,0,80181,0,2009,403,SR-133,99999999999999999999,0000000,39.0824,-107.36535,1,1
8,43,6,13,2,36,1,3,0,0,4,4,0,1,0,1,4,1,2,20,2,2,5,1,0,0,2,1,0,0,99,99,99,99,99,99,0,0,0,0,1,7,1,80182,0,2009,101,67,99999999999999999999,0000000,38.54045,-105.1130194,1,1
8,77,6,14,17,23,1,1,0,1,1,1,0,1,0,1,3,2,2,75,1,1,2,1,0,0,1,1,0,0,17,22,17,32,17,54,0,0,0,0,1,1,1,80183,0,2009,394,I-70,99999999999999999999,0000000,39.11518333,-108.3991972,1,1
8,5,6,15,12,10,2,2,0,0,15,4,0,12,5,2,1,3,2,45,1,2,1,1,20,3,1,1,0,0,12,15,12,28,99,99,0,0,0,0,1,2,0,80184,0,2009,0,S CHAMBERS RD,S OTERO AVE,0000000,39.56899444,-104.8159833,2,1
8,49,6,17,1,30,1,2,0,0,6,4,0,1,0,1,1,1,2,35,2,1,5,1,40,3,2,1,0,0,1,37,1,44,2,23,0,0,0,0,1,4,1,80185,0,2009,30,83,99999999999999999999,0000000,39.97283889,-105.7911056,1,1
8,93,6,17,9,10,2,2,0,1,2,2,0,12,2,1,1,1,2,65,1,2,2,1,0,0,1,1,0,0,99,99,99,99,88,88,0,0,0,0,1,4,0,80186,0,2009,1632,US-285,99999999999999999999,0000000,38.94338889,-105.9640889,2,1
8,69,6,19,14,16,1,2,0,0,15,4,0,1,0,1,4,1,2,35,2,2,2,1,40,3,1,1,0,0,14,16,14,16,88,88,0,0,0,0,2,6,1,80187,0,2009,0,42C,99999999999999999999,0000000,40.55514167,-105.1444778,1,1
8,41,6,19,15,13,2,2,0,0,13,4,0,12,2,1,1,1,2,50,1,1,2,1,0,0,1,1,0,0,15,15,15,22,99,99,0,0,0,0,1,6,0,80188,0,2009,0,MARKSHEFFEL RD,99999999999999999999,0000000,38.87311111,-104.68275,2,1
8,77,6,20,2,32,1,1,0,1,11,1,0,1,0,1,3,2,2,75,2,1,2,1,0,0,2,1,0,0,2,33,2,43,88,88,0,0,0,0,1,7,1,80189,0,2009,246,I-70,99999999999999999999,0000000,39.11091667,-108.6600917,1,1
8,67,6,22,10,30,1,3,1,1,2,2,0,8,0,1,2,1,2,60,1,1,2,1,0,0,1,1,0,0,99,99,99,99,88,88,0,0,0,0,1,2,0,80190,0,2009,295,US-550,99999999999999999999,0000000,37.37837222,-107.8510889,1,1
8,123,6,27,19,0,1,1,0,0,3,2,0,38,0,1,4,1,2,65,2,2,2,1,40,3,1,1,0,0,99,99,99,99,88,88,0,0,0,0,1,7,1,80191,0,2009,3049,US-85,99999999999999999999,0000000,40.93556944,-104.79745,1,1
8,105,6,28,6,40,2,3,0,1,2,2,0,12,2,1,2,1,2,65,1,2,2,1,28,3,1,1,0,0,6,45,7,5,7,30,0,0,0,0,1,1,0,80192,0,2009,1925,US-160,99999999999999999999,0000000,37.68053333,-106.5244806,2,1
8,41,6,29,2,25,2,2,0,1,1,1,0,45,2,1,1,3,2,75,1,2,2,1,40,3,2,1,0,2,99,99,99,99,88,88,0,0,0,0,1,2,1,80193,0,2009,1627,I-25,99999999999999999999,0000000,39.11946111,-104.8656806,1,1
8,1,6,29,21,25,1,2,1,0,4,5,0,9,0,1,1,1,2,30,1,2,2,1,0,0,2,1,0,0,21,25,21,33,99,99,0,0,0,0,1,2,0,80194,2375,2009,0,MONROE ST,99999999999999999999,0000000,39.74693333,-104.3214056,1,1
8,9,6,30,13,20,1,1,0,0,3,2,0,31,0,1,4,1,2,65,1,1,1,1,0,0,1,1,0,0,99,99,99,99,88,88,0,0,0,0,1,3,0,80195,0,2009,4846,US-160,99999999999999999999,0000000,37.39845,-102.2523417,1,1
8,69,6,19,13,20,2,3,0,0,13,6,0,12,5,2,1,3,3,55,1,1,2,1,2,3,1,1,0,0,13,20,13,25,88,88,0,0,0,0,1,6,0,80196,860,2009,0,HARMONY ROAD,SNOW MESA DRIVE,0000000,40.52338333,-105.0320306,2,1
8,41,6,28,12,40,1,1,0,1,1,1,0,24,0,13,2,6,1,75,2,2,1,1,40,3,1,1,0,0,99,99,99,99,99,99,0,0,0,0,1,1,0,80197,1710,2009,1605,I-25 RAMP E,99999999999999999999,0000000,39.08871111,-104.8649694,1,1
8,1,6,10,21,25,2,2,0,0,14,4,0,12,2,8,1,5,4,35,1,1,2,1,0,0,3,1,0,0,21,29,21,36,21,56,0,0,0,0,1,4,0,80198,0,2009,0,84TH AVE,99999999999999999999,0000000,39.849,-105.0148833,2,1
8,49,6,28,13,10,1,1,0,1,2,2,0,1,0,1,4,1,2,60,2,1,2,1,0,0,1,1,0,0,13,18,13,39,14,20,0,0,0,0,1,1,0,80199,0,2009,1656,US-40,99999999999999999999,0000000,40.29365833,-106.4854361,1,1
8,75,6,23,20,15,2,2,0,1,1,1,0,12,3,1,1,3,2,75,1,1,1,2,28,3,5,2,0,0,99,99,99,99,99,99,0,19,0,0,1,3,0,80200,0,2009,1521,I-76,99999999999999999999,0000000,40.83884722,-102.7486722,1,2
8,31,6,9,21,52,1,2,1,0,13,3,0,8,0,1,1,5,4,35,1,1,2,1,0,0,3,1,0,0,99,99,99,99,99,99,0,0,0,0,1,3,1,80201,600,2009,65,SR-95,99999999999999999999,0000000,39.74682778,-105.0532306,1,1
8,85,6,18,16,10,1,1,0,0,4,3,0,35,0,1,4,1,2,55,2,2,2,1,28,3,1,1,0,0,16,19,16,52,17,31,0,0,0,0,1,5,0,80202,0,2009,385,SR-92,99999999999999999999,0000000,38.61121944,-107.5801833,1,1
8,31,6,4,22,53,1,1,0,0,13,6,0,30,0,3,4,3,3,35,1,1,1,1,0,0,3,1,0,0,99,99,99,99,99,99,0,0,0,0,1,5,0,80203,600,2009,0,MARTIN LUTHER KING,EUDORA ST,0000000,39.76183056,-104.9305361,1,1
8,101,6,9,20,40,1,1,0,0,4,3,0,1,0,1,1,1,2,50,1,2,2,1,0,0,2,1,0,0,20,44,20,48,21,34,0,0,0,0,1,3,1,80204,0,2009,335,SR-165,99999999999999999999,0000000,37.93886389,-104.84685,1,1
8,5,7,1,4,50,1,1,0,0,16,4,0,24,0,1,4,1,2,40,2,1,2,1,0,0,2,1,0,0,99,99,99,99,88,88,0,0,0,0,1,4,1,80205,0,2009,0,CHERRY CREEK DAM RD,99999999999999999999,0000000,39.64229722,-104.8721611,1,1
8,69,7,2,17,10,2,4,0,1,2,2,0,24,0,1,4,1,3,65,2,2,2,2,40,3,1,2,0,0,99,99,99,99,99,99,0,0,0,0,1,5,0,80206,0,2009,3788,US-287,99999999999999999999,0000000,40.9307,-105.3405889,2,2
8,13,7,3,19,55,3,2,0,0,3,3,0,1,0,1,1,1,2,40,2,2,2,1,0,0,5,1,0,0,19,51,99,99,88,88,0,0,0,0,1,6,1,80207,2520,2009,437,SR-72,99999999999999999999,0000000,40.07460278,-105.5092222,1,1
8,65,7,4,17,50,1,1,0,0,3,3,0,31,0,1,4,1,2,65,2,2,2,1,0,0,1,1,0,0,17,50,18,4,18,31,0,0,0,0,1,7,1,80208,0,2009,77,SR-91,99999999999999999999,0000000,39.34559444,-106.2223278,1,1
8,61,7,5,2,14,2,5,0,1,2,2,0,12,2,1,1,1,2,65,1,1,1,1,0,0,2,1,0,0,2,19,2,41,3,21,0,0,0,0,4,1,0,80209,0,2009,992,US-287,99999999999999999999,0000000,38.31238889,-102.7199556,2,1
8,51,7,5,9,45,5,9,0,1,2,2,0,12,4,1,1,1,3,45,2,2,2,1,40,3,1,1,0,0,9,56,10,23,99,99,0,14,0,0,1,1,0,80210,0,2009,1931,US-50,99999999999999999999,0000000,38.43943056,-106.3687,5,1
8,101,7,31,18,17,2,2,0,0,13,2,0,12,5,2,1,5,4,45,1,1,2,1,20,3,1,1,0,0,18,17,18,28,18,41,0,0,0,0,1,6,0,80211,0,2009,44,US-50 BUSN RT,23RD LANE,0000000,38.24537222,-104.5519806,2,1
8,69,7,2,12,29,2,4,0,0,13,6,0,12,5,2,1,2,2,55,1,1,2,1,2,3,1,1,0,0,12,29,13,36,99,99,0,0,0,0,1,5,0,80212,860,2009,0,E HARMONY RD,LADY MOON DR,0000000,40.52323056,-105.0107278,2,1
8,59,7,8,17,0,1,3,1,0,16,4,0,9,0,2,1,1,2,25,1,1,2,1,20,3,1,1,0,0,99,99,99,99,99,99,0,0,0,0,1,4,0,80213,0,2009,0,W STANFORD AVE,S WRIGHT CT,0000000,39.635075,-105.1400444,1,1
8,67,7,9,12,50,1,1,0,1,2,2,0,1,0,1,4,1,2,55,2,1,2,1,0,0,1,1,0,0,99,99,99,99,88,88,0,0,0,0,1,5,0,80214,0,2009,91,US-550,99999999999999999999,0000000,37.12563611,-107.8620222,1,1
8,51,7,10,18,45,1,1,0,0,3,3,0,42,0,1,4,1,2,40,1,2,2,1,28,3,1,1,0,0,18,54,99,99,88,88,0,0,0,0,1,6,1,80215,0,2009,446,SR-133,99999999999999999999,0000000,39.11390556,-107.2738944,1,1
8,67,7,16,7,50,2,2,0,1,2,2,0,12,2,1,2,1,2,60,2,1,2,1,0,0,1,1,0,0,99,99,99,99,99,99,0,0,0,0,1,5,0,80216,0,2009,1071,US-160,99999999999999999999,0000000,37.27421111,-107.5546583,2,1
8,31,7,4,4,11,2,2,0,0,14,6,0,12,5,2,1,1,4,30,1,2,2,2,2,3,3,1,0,0,99,99,99,99,99,99,0,0,0,0,1,7,2,80217,600,2009,0,E ALAMEDA AVE,S WASHINGTON ST,0000000,39.71112222,-104.9792472,2,1
8,69,7,8,14,0,1,1,0,0,3,3,0,1,0,1,1,1,2,35,2,2,2,1,40,3,1,1,0,0,14,0,14,25,88,88,0,18,0,0,1,4,1,80218,0,2009,1027,SR-14,99999999999999999999,0000000,40.67868056,-105.4327139,1,1
8,113,7,17,13,10,1,2,1,0,3,3,0,9,0,1,1,1,2,50,2,2,2,1,0,0,1,1,0,0,99,99,99,99,88,88,0,0,0,0,1,6,0,80219,0,2009,601,SR-145,99999999999999999999,0000000,37.81724722,-107.8996972,1,1
8,29,7,18,0,30,1,1,0,0,5,4,0,1,0,1,4,1,2,40,2,2,4,1,0,0,2,1,0,0,0,46,1,8,88,88,0,0,0,0,1,7,1,80220,0,2009,0,25 MESA ROAD,99999999999999999999,0000000,38.69749167,-108.1197917,1,1
8,41,7,19,4,26,1,3,0,0,13,6,0,33,0,1,3,3,3,40,2,2,2,1,0,0,3,1,0,0,99,99,99,99,99,99,0,0,0,0,1,1,1,80221,430,2009,0,GARDEN OF THE GODS,99999999999999999999,0000000,38.89680833,-104.8704139,1,1
8,123,7,19,23,20,2,4,0,0,4,4,0,12,2,1,1,1,2,65,1,1,2,1,0,0,2,1,0,0,99,99,99,99,99,99,0,0,0,0,1,1,1,80222,0,2009,0,49,99999999999999999999,0000000,40.16451667,-104.6029083,2,1
8,31,7,19,0,56,1,2,0,1,11,1,0,1,0,15,8,3,4,55,2,2,2,1,0,0,3,1,0,0,99,99,99,99,99,99,0,0,0,0,1,1,1,80223,600,2009,2096,I-25,99999999999999999999,0000000,39.73,-105.0150583,1,1
8,45,7,20,12,30,2,5,0,1,1,1,0,12,3,1,1,2,2,75,2,1,1,1,0,0,1,1,0,0,99,99,99,99,99,99,0,0,0,0,1,2,0,80224,0,2009,952,I-70,99999999999999999999,0000000,39.53354722,-107.6919833,2,1
8,59,7,10,10,55,1,2,1,0,16,6,0,15,0,2,1,1,2,30,1,2,2,1,0,0,1,1,0,0,10,56,11,0,11,10,0,0,0,0,1,6,1,80225,1435,2009,0,EATON ST,W 17TH AVE,0000000,39.74397222,-105.0590583,1,1
8,41,7,13,17,31,2,3,0,0,13,6,0,12,5,2,1,3,3,45,1,1,2,1,2,3,1,1,0,0,99,99,99,99,99,99,0,0,0,0,1,2,0,80226,430,2009,0,BARNES ROAD,TUTT BLVD,0000000,38.89458056,-104.7149028,2,1
8,35,7,16,11,26,1,1,0,0,16,4,0,1,0,1,1,1,2,40,2,2,1,1,0,0,1,1,0,0,99,99,99,99,88,88,0,0,0,0,1,5,0,80227,0,2009,0,BETTS RANCH ROAD,99999999999999999999,0000000,39.464675,-104.7198444,1,1
8,1,7,18,23,59,1,1,0,0,16,6,0,33,0,1,2,1,2,25,2,2,2,1,0,0,3,1,0,0,23,59,0,5,88,88,0,0,0,0,1,7,1,80228,1771,2009,0,FOX RUN PARKWAY,99999999999999999999,0000000,39.89705556,-104.9554194,1,1
8,59,7,11,10,15,1,1,0,1,13,2,0,17,0,1,4,1,3,55,1,2,2,1,40,3,1,1,0,0,10,14,10,20,88,88,0,0,0,0,1,7,0,80229,0,2009,2296,US-285,99999999999999999999,0000000,39.46655556,-105.3835722,1,1
8,115,7,19,6,30,1,3,0,1,1,1,0,31,0,1,3,2,2,75,2,1,2,1,0,0,1,1,0,0,99,99,99,99,99,99,0,0,0,0,1,1,0,80230,0,2009,1694,I-76,99999999999999999999,0000000,40.92526944,-102.4418722,1,1
8,69,7,16,7,38,2,3,0,0,14,6,0,12,5,8,1,5,4,35,1,2,2,1,0,0,1,1,0,0,99,99,99,99,99,99,0,0,0,0,1,5,0,80231,1550,2009,0,N TAFT AVE,99999999999999999999,0000000,40.42288611,-105.0967833,2,1
8,43,7,25,19,55,2,5,0,1,2,2,0,12,4,1,1,1,2,55,2,2,2,1,0,0,2,1,0,0,99,99,99,99,99,99,0,0,0,0,1,7,1,80232,0,2009,2265,US-50,99999999999999999999,0000000,38.49750833,-105.9225333,2,1
8,75,7,26,1,10,1,1,0,0,6,4,0,38,0,1,4,1,2,55,1,2,5,1,28,3,2,1,0,0,99,99,99,99,88,88,0,0,0,0,1,1,1,80233,0,2009,0,24,99999999999999999999,0000000,40.59891667,-103.0219528,1,1
8,93,7,27,14,23,3,9,0,1,2,2,0,12,4,1,1,1,2,65,1,1,2,1,0,0,1,1,0,0,14,23,14,32,99,99,0,0,0,0,1,2,0,80234,0,2009,1779,US-285,99999999999999999999,0000000,39.01555833,-105.9726528,3,1
8,59,7,27,16,49,5,6,0,1,12,3,0,31,0,15,3,2,2,65,2,2,2,1,28,3,1,1,0,0,16,50,16,54,88,88,0,14,0,0,1,2,0,80235,0,2009,104,SR-470,99999999999999999999,0000000,39.57455278,-105.1393833,5,1
8,59,7,26,10,7,1,2,1,0,13,3,0,15,0,8,1,5,4,35,1,1,2,1,20,3,1,1,0,0,10,7,10,19,10,20,0,16,0,0,1,1,0,80236,1435,2009,48,SR-95,W 4TH AVE,0000000,39.72321667,-105.0532722,1,1
8,13,7,3,17,30,2,5,0,1,13,3,0,12,5,2,1,2,2,55,1,1,2,1,2,3,1,1,0,0,17,30,17,34,17,59,0,0,0,0,1,6,0,80237,1530,2009,595,SR-119,1,0000000,40.16038611,-105.0553306,2,1
8,5,7,14,22,2,2,2,0,0,14,6,0,12,2,2,1,3,3,40,1,1,2,1,2,3,3,1,0,0,22,2,22,3,22,25,0,0,0,0,1,3,0,80238,110,2009,0,S PEORIA ST,E YALE AVE,0000000,39.66756389,-104.8473556,2,1
8,14,7,25,20,22,1,1,0,0,13,6,0,33,0,1,3,3,2,45,2,2,2,1,0,0,2,1,0,0,20,22,20,27,20,59,0,0,0,0,1,7,0,80239,253,2009,0,SHERIDAN PKWY,99999999999999999999,0000000,39.97721389,-105.0379833,1,1
8,5,7,28,1,48,2,5,0,1,11,1,0,12,2,1,1,2,2,55,1,1,1,1,0,0,2,1,0,0,1,48,1,53,2,28,0,0,0,0,1,3,0,80240,110,2009,49,I-225,99999999999999999999,0000000,39.66675,-104.8309278,2,1
8,31,7,26,21,30,1,2,1,1,13,3,0,8,0,1,1,3,3,35,1,2,2,1,0,0,3,1,0,0,99,99,99,99,99,99,0,0,0,0,1,1,0,80241,600,2009,27,SR-2,99999999999999999999,0000000,39.69240833,-104.9407556,1,1
8,107,7,28,13,30,1,2,1,1,13,2,0,8,0,3,4,1,2,50,1,1,2,1,0,0,1,1,0,0,13,29,13,37,14,10,0,0,0,0,1,3,0,80242,0,2009,1272,US-40,RIVERBEND TRAIL,0000000,40.50271111,-106.9157194,1,1
8,31,7,17,11,52,2,2,0,0,13,6,0,1,0,2,1,3,2,35,1,2,2,1,20,3,1,1,0,0,99,99,99,99,99,99,0,14,0,0,1,6,0,80243,600,2009,0,MARTIN LUTHER KING,N FILLMORE ST,0000000,39.76200278,-104.9536417,2,1
8,1,7,28,22,50,2,3,1,1,13,6,0,8,0,1,1,3,3,45,1,1,2,2,0,0,3,1,0,0,22,50,22,55,88,88,0,0,0,0,1,3,0,80244,2427,2009,0,E 120TH AVE,99999999999999999999,0000000,39.913775,-104.9432028,2,1
8,79,7,26,7,40,1,6,0,1,2,2,0,52,0,1,4,1,3,45,1,2,2,1,0,0,1,1,0,0,7,57,8,23,9,20,0,0,0,0,1,1,0,80245,0,2009,1617,US-160,99999999999999999999,0000000,37.46454444,-106.880425,1,1
8,63,7,30,10,0,1,2,0,1,1,1,0,24,0,1,4,2,2,75,1,1,1,1,28,3,1,1,0,0,9,56,10,2,11,11,0,0,0,0,1,5,0,80246,0,2009,4189,I-70,99999999999999999999,0000000,39.29462778,-102.613175,1,1
8,123,7,31,17,0,1,1,0,1,1,1,0,1,0,1,10,2,2,75,2,1,2,1,0,0,1,1,0,0,99,99,99,99,88,88,0,0,0,0,1,6,1,80247,0,2009,447,I-76,99999999999999999999,0000000,40.16543056,-104.4396389,1,1
8,69,7,1,5,42,1,1,0,0,14,6,0,33,0,1,2,5,4,45,1,1,2,1,0,0,1,1,0,0,5,42,5,46,6,20,0,0,0,0,1,4,0,80248,860,2009,0,E PROSPECT ROAD,99999999999999999999,0000000,40.56741944,-105.0362361,1,1
8,107,5,6,11,15,1,2,1,1,13,2,0,8,0,3,1,3,2,45,1,1,2,1,2,3,1,1,0,0,11,16,11,20,11,34,0,0,0,0,1,4,0,80249,2360,2009,1340,US-40,PINE GROVE ROAD,0000000,40.46524444,-106.8258667,1,1
8,117,8,2,12,45,2,4,0,0,3,3,0,1,0,1,1,1,2,30,2,2,2,1,40,3,1,1,0,0,99,99,99,99,99,99,0,0,0,0,1,1,0,80250,0,2009,784,SR-9,99999999999999999999,0000000,39.38050278,-106.0586139,2,1
8,123,8,1,12,52,1,1,0,1,1,1,0,1,0,1,2,3,2,75,1,2,1,1,0,0,1,1,0,0,99,99,99,99,99,99,0,0,0,0,1,7,0,80251,0,2009,2435,I-25,99999999999999999999,0000000,40.20946111,-104.9798472,1,1
8,117,8,3,12,45,1,1,0,1,1,1,0,18,0,15,1,3,2,65,1,2,2,1,41,3,1,1,0,3,12,50,99,99,88,88,0,0,0,0,1,2,0,80252,0,2009,1979,I-70,99999999999999999999,0000000,39.53430833,-106.1418694,1,1
8,9,8,4,13,57,1,8,0,1,2,2,0,1,0,1,4,1,2,65,1,1,1,1,0,0,1,1,0,0,13,58,14,4,14,25,0,0,0,0,1,3,0,80253,0,2009,221,US-287,99999999999999999999,0000000,37.28731111,-102.6155028,1,1
8,77,8,30,23,13,1,2,1,1,13,2,0,8,0,1,1,3,2,45,1,1,2,1,0,0,3,1,0,0,23,13,23,20,23,27,0,0,0,0,1,1,0,80254,1040,2009,333,US-50,99999999999999999999,0000000,39.04618056,-108.5612833,1,1
8,41,8,1,19,34,1,1,0,1,12,2,0,24,0,15,4,3,2,55,2,1,2,1,0,0,1,1,0,0,99,99,99,99,88,88,0,0,0,0,1,7,0,80255,430,2009,3048,US-24,99999999999999999999,0000000,38.81315278,-104.7877806,1,1
8,13,8,11,10,30,1,1,0,0,3,3,0,36,0,1,4,1,2,40,2,2,2,1,40,3,1,1,0,0,99,99,99,99,88,88,0,0,0,0,1,3,0,80256,0,2009,342,SR-119,99999999999999999999,0000000,40.00081944,-105.3880111,1,1
8,69,8,3,14,45,3,4,0,1,2,2,0,12,2,1,1,1,4,55,1,1,1,1,28,3,1,1,0,0,99,99,99,99,99,99,0,0,0,0,1,2,0,80257,0,2009,3300,US-287,99999999999999999999,0000000,40.34866667,-105.0740806,3,1
8,45,8,7,20,15,1,2,0,0,6,4,0,38,0,1,4,1,2,35,2,2,2,1,0,0,5,1,0,0,20,23,20,32,20,55,0,0,0,0,1,6,1,80258,0,2009,49,109,99999999999999999999,0000000,39.41961111,-107.2496389,1,1
8,97,8,14,16,55,1,5,0,1,2,3,0,16,0,1,1,3,2,50,2,2,2,1,0,0,1,1,0,0,99,99,99,99,99,99,0,0,0,0,1,6,0,80259,0,2009,277,SR-82,99999999999999999999,0000000,39.32904722,-106.9671639,1,1
8,35,8,15,2,16,1,3,0,0,3,4,0,1,0,1,4,1,2,40,1,2,2,1,0,0,2,1,0,0,2,16,99,99,99,99,0,0,0,0,2,7,1,80260,0,2009,0,TITAN ROAD,99999999999999999999,0000000,39.50729722,-105.0703361,1,1
8,5,8,15,3,30,1,1,0,1,1,1,0,31,0,1,3,2,2,75,2,1,1,1,0,0,2,1,0,0,3,45,4,2,88,88,0,0,0,0,1,7,1,80261,0,2009,3240,I-70,99999999999999999999,0000000,39.66503889,-104.0875694,1,1
8,123,8,15,12,40,2,4,0,1,12,2,0,12,1,7,1,2,2,65,1,1,2,1,28,3,1,1,0,0,99,99,99,99,99,99,0,0,0,0,1,7,2,80262,0,2009,2374,US-85,99999999999999999999,0000000,40.01978889,-104.8181639,2,1
8,69,8,15,17,30,2,3,0,0,14,4,0,12,5,2,1,1,2,35,1,1,2,2,20,3,1,1,0,0,99,99,99,99,99,99,0,0,0,0,1,7,0,80263,0,2009,0,OVERLAND TRAIL,VINE DRIVE,0000000,40.59681389,-105.1336056,2,1
8,55,8,16,6,0,1,2,0,1,2,2,0,1,0,1,4,1,2,65,1,2,2,1,0,0,4,1,0,0,6,22,6,35,88,88,0,0,0,0,2,1,1,80264,0,2009,2877,US-160,99999999999999999999,0000000,37.54175,-105.0708694,1,1
8,93,8,16,12,8,2,6,0,1,2,2,0,12,4,1,1,1,2,55,1,1,2,1,0,0,1,1,0,0,12,8,12,16,99,99,0,0,0,0,1,1,0,80265,0,2009,2158,US-285,99999999999999999999,0000000,39.43272222,-105.5810806,2,1
8,1,8,17,19,11,11,21,0,1,11,1,0,12,4,1,1,3,3,65,1,2,2,1,0,0,5,1,0,0,19,11,19,18,19,40,0,14,0,0,1,2,1,80266,1771,2009,2220,I-25,99999999999999999999,0000000,39.89933056,-104.9877306,11,1
8,7,8,18,11,34,2,2,0,0,3,2,0,12,2,1,1,1,2,60,2,2,2,1,0,0,1,1,0,0,99,99,99,99,99,99,0,0,0,0,1,3,0,80267,0,2009,248,US-84,99999999999999999999,0000000,37.22798889,-106.9853861,2,1
8,31,8,20,20,41,1,2,1,1,11,1,0,8,0,1,1,3,4,55,1,1,2,1,0,0,3,1,0,0,99,99,99,99,88,88,0,0,0,0,1,5,0,80268,600,2009,2088,I-25,99999999999999999999,0000000,39.71945833,-105.0064667,1,1
8,29,8,21,12,2,2,3,0,0,3,3,0,12,5,2,1,1,2,45,1,1,2,1,20,3,1,1,0,0,12,6,12,10,12,54,0,0,0,0,1,6,0,80269,0,2009,80,SR-133,SAMUEL WADE RD,0000000,38.87165278,-107.6103472,2,1
8,91,8,22,13,0,3,3,0,1,2,2,0,1,0,8,1,1,2,60,1,3,2,1,0,0,1,1,0,0,13,1,13,8,99,99,0,14,0,0,1,7,0,80270,0,2009,1014,US-550,99999999999999999999,0000000,38.12425556,-107.7271722,3,1
8,27,8,21,17,36,3,5,0,0,3,3,0,11,0,1,1,1,2,65,1,1,2,1,0,0,1,1,0,0,17,37,17,41,99,99,0,0,0,0,2,6,0,80271,0,2009,645,SR-69,99999999999999999999,0000000,38.19643056,-105.52825,3,1
8,69,8,22,5,50,1,1,0,0,6,4,0,3,0,1,5,1,2,30,2,2,2,1,40,3,2,1,0,0,99,99,99,99,99,99,0,0,0,0,1,7,1,80272,0,2009,0,44,99999999999999999999,0000000,40.56642222,-104.9645389,1,1
8,1,8,25,5,42,1,1,0,1,12,6,0,1,0,1,3,2,2,55,2,1,1,1,0,0,4,1,0,0,5,42,5,54,6,13,0,0,0,0,1,3,0,80273,0,2009,15,N PENA BLVD,99999999999999999999,0000000,39.77610556,-104.7906889,1,1