STATE,COUNTY,MONTH,DAY,HOUR,MINUTE,VE_TOTAL,PERSONS,PEDS,NHS,ROAD_FNC,ROUTE,SP_JUR,HARM_EV,MAN_COLL,REL_JUNC,REL_ROAD,TRAF_FLO,NO_LANES,SP_LIMIT,ALIGNMNT,PROFILE,PAVE_TYP,SUR_COND,TRA_CONT,T_CONT_F,LGT_COND,WEATHER1,WEATHER2,WRK_ZONE,NOT_HOUR,NOT_MIN,ARR_HOUR,ARR_MIN,HOSP_HR,HOSP_MN,SCH_BUS,CF1,CF2,CF3,FATALS,DAY_WEEK,DRUNK_DR,ST_CASE,CITY,YEAR,MILEPT,TWAY_ID,TWAY_ID2,RAIL,LATITUDE,LONGITUD,VE_FORMS,WEATHER
8,69,8,20,22,1,3,3,0,0,14,6,0,12,5,2,1,5,4,40,1,1,2,1,0,0,3,1,0,0,22,2,22,6,88,88,0,0,0,0,1,5,1,80274,860,2009,0,LEMAY AVE,MANSFIELD DR,0000000,40.54033611,-105.0579861,3,1
8,69,8,20,6,32,1,2,1,0,14,6,0,9,0,2,1,5,2,40,1,1,2,1,20,3,4,1,0,0,6,43,6,47,7,22,0,0,0,0,1,5,0,80275,860,2009,0,DRAKE ROAD,IOWA DRIVE,0000000,40.55253333,-105.035325,1,1
8,35,8,22,14,50,1,2,0,0,4,4,0,33,0,3,2,1,2,40,2,2,2,1,20,3,1,1,0,0,14,50,99,99,99,99,0,0,0,0,1,7,1,80276,0,2009,0,PERRY PARK RD,RED ROCK DR,0000000,39.24026111,-104.956075,1,1
8,99,8,25,7,10,1,1,0,0,4,3,0,11,0,1,1,1,2,65,1,3,2,1,0,0,4,1,0,0,7,19,7,29,8,7,0,0,0,0,1,3,0,80277,0,2009,295,SR-89,99999999999999999999,0000000,37.98468889,-102.1173444,1,1
8,121,8,26,11,34,1,3,0,1,1,1,0,31,0,1,3,2,3,75,1,1,1,1,0,0,1,1,0,0,99,99,99,99,99,99,0,0,0,0,1,4,0,80278,0,2009,1011,I-76,99999999999999999999,0000000,40.35095,-103.4426944,1,1
8,19,8,27,1,0,1,1,0,0,4,3,0,1,0,1,4,1,2,30,2,2,2,1,40,3,2,1,0,0,6,35,6,50,88,88,0,0,0,0,1,5,1,80279,0,2009,82,SR-103,99999999999999999999,0000000,39.68186944,-105.6134389,1,1
8,123,8,27,20,51,2,4,1,1,2,3,0,9,0,1,1,2,2,65,1,1,2,1,0,0,2,1,0,0,99,99,99,99,88,88,0,0,0,0,1,5,0,80280,0,2009,626,SR-119,99999999999999999999,0000000,40.16080556,-104.9976056,2,1
8,59,8,29,11,21,1,1,0,1,13,3,0,1,0,1,1,2,2,45,1,2,2,1,0,0,1,1,0,0,11,21,11,22,11,45,0,0,0,0,1,7,0,80281,2550,2009,223,SR-121,99999999999999999999,0000000,39.86593333,-105.0859694,1,1
8,105,8,25,12,35,2,2,0,1,2,2,0,31,0,1,4,1,2,65,1,1,2,1,28,3,1,1,0,0,13,40,13,45,14,8,0,0,0,0,1,3,0,80282,0,2009,1897,US-160,99999999999999999999,0000000,37.67616389,-106.5759917,2,1
8,1,8,1,18,39,1,6,0,1,11,1,0,1,0,1,4,3,2,75,2,1,1,1,0,0,1,1,0,0,18,39,18,44,99,99,0,0,0,0,1,7,0,80283,230,2009,213,I-76,99999999999999999999,0000000,39.96068889,-104.7658389,1,1
8,45,8,4,16,52,1,1,0,0,16,6,0,38,0,1,4,1,2,25,2,1,2,1,0,0,1,1,0,0,16,52,16,58,17,21,0,0,0,0,1,3,1,80284,990,2009,0,116,99999999999999999999,0000000,39.50346111,-107.3090056,1,1
8,59,8,7,20,0,2,7,0,1,13,3,0,12,5,2,1,3,3,40,1,2,2,1,2,3,5,1,0,0,20,0,20,3,99,99,0,0,0,0,1,6,0,80285,2555,2009,146,SR-121,W 26TH AVE,0000000,39.75481667,-105.0814111,2,1
8,59,8,28,2,18,1,3,0,1,12,2,0,1,0,13,4,6,1,35,1,2,2,1,28,3,3,1,0,0,2,19,2,25,99,99,0,0,0,0,1,6,1,80286,1435,2009,2793,US-6 RAMP D,SR-391,0000000,39.72613611,-105.1093167,1,1
8,5,8,13,22,13,1,2,1,0,15,6,0,15,0,2,1,1,2,30,1,1,2,1,0,0,2,1,0,0,22,14,22,19,22,31,0,16,0,0,1,5,0,80287,1520,2009,0,S ELATI ST,W STERNE PKWY,0000000,39.59623889,-104.9976972,1,1
8,31,8,22,8,53,2,4,0,0,14,6,0,12,5,2,1,1,2,25,1,1,2,1,2,2,1,1,0,0,99,99,99,99,99,99,0,0,0,0,1,7,0,80288,600,2009,0,E FLORIDA AVE,S STEELE ST,0000000,39.68931944,-104.9500306,2,1
8,123,8,3,3,2,1,2,1,1,12,2,0,8,0,15,1,3,2,45,2,1,2,1,0,0,2,1,0,0,3,4,3,9,88,88,0,0,0,0,1,2,0,80289,780,2009,1128,US-34,US-85 BUSN,0000000,40.39040833,-104.687225,1,1
8,41,9,1,17,17,1,2,1,0,16,6,0,9,0,1,1,5,2,25,1,1,2,1,0,0,1,1,0,0,17,17,99,99,99,99,0,0,0,0,1,3,0,80290,430,2009,0,MARK DABLING BLVD,99999999999999999999,0000000,38.88250278,-104.8292806,1,1
8,41,9,2,17,33,3,2,0,0,14,6,0,12,5,8,1,5,4,35,1,1,2,1,0,0,1,1,0,0,17,33,17,37,99,99,0,14,0,0,1,4,0,80291,430,2009,0,E FILLMORE ST,99999999999999999999,0000000,38.87391111,-104.8038917,2,1
8,9,9,5,2,30,2,4,0,1,2,2,0,12,2,1,1,1,2,65,1,1,1,1,0,0,2,1,0,0,99,99,99,99,99,99,0,0,0,0,1,7,0,80292,0,2009,132,US-287,99999999999999999999,0000000,37.15586944,-102.6154472,2,1
8,101,9,5,16,13,1,1,0,0,16,6,0,33,0,3,4,1,2,30,1,1,2,1,20,3,1,1,0,0,99,99,99,99,99,99,0,0,0,0,1,7,0,80293,2050,2009,0,GAYLORD AVE,NUCKOLLS AVE,0000000,38.26033611,-104.6428,1,1
8,123,9,7,11,20,1,4,0,1,1,1,0,31,0,1,3,2,2,75,2,1,1,1,0,0,1,1,0,0,99,99,99,99,99,99,0,0,0,0,2,2,0,80294,0,2009,329,I-76,99999999999999999999,0000000,40.08673889,-104.6249389,1,1
8,123,9,7,12,30,1,1,0,0,4,4,0,1,0,1,1,1,2,55,1,1,4,1,0,0,1,1,0,0,12,38,99,99,88,88,0,0,0,0,1,2,0,80295,0,2009,0,390,99999999999999999999,0000000,40.78085833,-104.1586972,1,1
8,73,9,10,5,35,2,2,0,1,13,2,0,12,2,1,1,1,2,65,1,1,1,1,0,0,2,5,0,0,5,39,5,58,88,88,0,0,0,0,1,5,0,80296,0,2009,3929,US-40,99999999999999999999,0000000,39.19038056,-103.561,2,5
8,31,9,9,11,50,2,7,0,0,13,3,0,33,0,1,2,3,2,35,1,1,2,1,0,0,1,1,0,0,99,99,99,99,99,99,0,0,0,0,1,4,0,80297,600,2009,120,SR-26,99999999999999999999,0000000,39.71130278,-105.0381056,2,1
8,55,9,4,11,20,1,1,0,0,3,3,0,1,0,1,4,1,2,65,1,1,2,1,0,0,1,1,0,0,99,99,99,99,88,88,0,0,0,0,1,6,0,80298,0,2009,145,SR-10,99999999999999999999,0000000,37.72611389,-104.53495,1,1
8,31,9,9,19,24,2,2,0,0,15,6,0,12,5,2,1,1,2,25,1,1,2,1,20,3,5,1,0,0,99,99,99,99,99,99,0,0,0,0,1,4,1,80299,600,2009,0,E 26TH AVE,N MAGNOLIA ST,0000000,39.75472222,-104.9116833,2,1
8,19,9,10,9,25,1,1,0,1,1,1,0,24,0,13,4,6,1,25,2,2,2,1,0,0,1,1,0,0,9,29,9,45,88,88,0,0,0,0,1,5,0,80300,0,2009,2443,I-70 RAMP D,US-6,0000000,39.74578333,-105.4368028,1,1
8,67,9,11,6,9,3,4,0,1,13,2,0,12,4,1,1,1,2,55,2,1,2,1,0,0,3,1,0,0,99,99,99,99,99,99,0,0,0,0,1,6,0,80301,0,2009,259,US-550,99999999999999999999,0000000,37.32678889,-107.8513333,3,1
8,37,9,11,17,55,1,2,0,1,1,1,0,1,0,1,4,2,2,75,2,1,2,1,0,0,1,1,0,0,17,58,18,5,88,88,0,0,0,0,1,6,1,80302,0,2009,1420,I-70,99999999999999999999,0000000,39.65438056,-106.9101389,1,1
8,67,9,12,21,19,1,2,1,1,13,2,0,8,0,1,1,1,4,50,1,2,2,1,0,0,2,1,0,0,99,99,99,99,88,88,0,0,0,0,1,7,0,80303,0,2009,901,US-160,99999999999999999999,0000000,37.22714722,-107.820025,1,1
8,77,9,13,10,55,1,1,0,0,5,4,0,38,0,1,4,1,2,50,2,2,2,1,0,0,1,1,0,0,10,58,11,17,12,42,0,0,0,0,1,1,0,80304,0,2009,175,DS ROAD,99999999999999999999,0000000,38.98863056,-108.7859889,1,1
8,31,9,14,7,27,1,2,1,1,13,3,0,8,0,3,1,1,6,45,1,1,2,1,2,3,1,1,0,0,7,27,7,38,7,42,0,0,0,0,1,2,1,80305,600,2009,8,SR-30,S POPLAR ST,0000000,39.653125,-104.9047167,1,1
8,41,9,14,22,10,2,3,0,0,3,3,0,12,2,1,1,1,2,60,1,2,2,2,0,0,2,2,0,0,22,16,22,26,99,99,0,0,0,0,1,2,0,80306,0,2009,284,SR-115,99999999999999999999,0000000,38.58035,-104.9248444,2,2
8,107,9,16,19,45,1,1,0,0,5,4,0,31,0,1,4,1,2,40,2,2,2,1,0,0,2,1,0,0,19,46,19,55,20,28,0,0,0,0,1,4,1,80307,0,2009,152,33,99999999999999999999,0000000,40.49901389,-106.8891917,1,1
8,5,9,17,3,0,1,1,0,0,6,4,0,1,0,1,4,1,2,55,1,2,5,1,0,0,2,1,0,0,4,11,4,26,88,88,0,0,0,0,1,5,1,80308,0,2009,35,30,99999999999999999999,0000000,39.63670278,-104.3906806,1,1
8,1,9,19,22,37,3,6,0,0,13,4,0,12,3,1,1,1,2,35,1,1,2,1,0,0,3,1,0,0,22,40,22,45,23,6,0,0,0,0,1,7,1,80309,0,2009,0,N WASHINGTON ST,99999999999999999999,0000000,39.79266944,-104.9782694,2,1
8,13,9,20,11,0,1,2,1,0,13,2,0,9,0,2,1,1,2,55,1,1,2,1,0,0,1,1,0,0,11,0,11,3,11,27,0,16,0,0,1,1,0,80310,0,2009,336,US-36,VIOLET AVE,0000000,40.054725,-105.2652083,1,1
8,1,9,2,15,50,2,2,0,1,13,2,0,12,5,8,1,1,4,40,1,2,2,1,0,0,1,1,0,0,15,50,15,54,16,9,0,0,0,0,1,4,0,80311,2550,2009,2885,US-287,99999999999999999999,0000000,39.82221944,-105.0250139,2,1
8,31,9,14,7,11,2,4,1,0,14,6,0,8,0,3,1,1,2,30,1,1,2,1,20,3,1,1,0,0,99,99,99,99,99,99,0,16,0,0,1,2,0,80312,600,2009,0,W 26TH AVE,N RALEIGH ST,0000000,39.75485833,-105.0416861,2,1
8,55,9,22,3,30,1,1,0,1,2,2,0,31,0,1,4,1,2,65,2,2,2,1,0,0,2,1,0,0,16,8,16,24,88,88,0,18,0,0,1,3,0,80313,0,2009,2818,US-160,99999999999999999999,0000000,37.57506944,-105.1704111,1,1
8,37,9,22,13,15,1,1,0,0,6,4,0,1,0,1,1,1,2,35,2,2,2,1,0,0,1,1,0,0,13,20,13,29,88,88,0,0,0,0,1,3,0,80314,0,2009,1,SQUAW CREEK RD,99999999999999999999,0000000,39.65746944,-106.6387806,1,1
8,115,9,22,21,30,1,3,0,0,2,2,0,31,0,1,4,1,2,65,2,2,2,2,0,0,2,2,0,0,99,99,99,99,99,99,0,0,0,0,1,3,1,80315,0,2009,3081,US-385,99999999999999999999,0000000,40.9561,-102.2388889,1,2
8,67,9,24,13,4,1,1,0,0,4,3,0,1,0,1,4,1,2,65,2,2,2,1,0,0,1,1,0,0,99,99,99,99,88,88,0,0,0,0,1,5,1,80316,0,2009,14,SR-140,99999999999999999999,0000000,37.01866944,-108.1829361,1,1
8,101,9,26,16,5,2,3,0,1,1,1,0,12,3,1,1,2,2,75,1,1,2,1,0,0,1,1,0,0,99,99,99,99,99,99,0,0,0,0,1,7,0,80317,0,2009,1162,I-25,99999999999999999999,0000000,38.51755,-104.63025,2,1
8,7,9,27,15,10,1,1,0,0,4,3,0,1,0,1,1,1,2,65,2,2,2,1,0,0,1,1,0,0,15,17,15,33,88,88,0,0,0,0,1,1,1,80318,0,2009,230,SR-151,99999999999999999999,0000000,37.11275,-107.3801722,1,1
8,31,9,24,23,41,1,2,1,1,13,3,0,8,0,1,1,5,4,35,1,2,2,1,0,0,3,1,0,0,99,99,99,99,88,88,0,0,0,0,1,5,0,80319,600,2009,753,SR-83,99999999999999999999,0000000,39.69896667,-104.90475,1,1
8,107,9,28,17,10,3,4,0,0,3,3,0,12,2,1,1,1,2,65,2,1,2,1,0,0,1,1,0,0,17,16,17,29,99,99,0,0,0,0,1,2,0,80320,0,2009,359,SR-131,99999999999999999999,0000000,40.07934722,-106.84545,3,1
8,101,9,28,9,45,1,3,0,0,5,4,0,38,0,1,4,1,2,40,2,1,4,1,0,0,1,1,0,0,99,99,99,99,99,99,0,0,0,0,1,2,0,80321,428,2009,0,GREEHHORN RD,99999999999999999999,0000000,37.90468889,-104.8612111,1,1
8,39,9,29,14,10,2,2,0,1,1,1,0,12,3,1,1,2,2,55,1,1,1,1,28,3,1,1,0,1,99,99,99,99,88,88,0,20,0,0,1,3,1,80322,0,2009,3338,I-70,99999999999999999999,0000000,39.54341944,-103.9983667,2,1
8,73,9,30,18,40,2,3,0,1,2,2,0,12,1,1,1,1,2,55,1,1,2,1,0,0,5,1,0,1,18,43,18,53,19,2,0,0,0,0,1,4,0,80323,0,2009,4174,US-40,99999999999999999999,0000000,38.95399722,-103.2272194,2,1
8,31,9,30,18,30,1,3,1,1,13,3,0,8,0,1,1,3,3,35,1,1,2,1,0,0,5,1,0,0,18,30,18,35,18,46,0,16,0,0,1,4,0,80324,600,2009,66,SR-2,99999999999999999999,0000000,39.74948889,-104.9406167,1,1
8,1,9,2,6,10,1,1,0,0,15,6,0,1,0,1,1,1,2,40,2,1,2,1,0,0,4,1,0,0,6,11,6,17,88,88,0,0,0,0,1,4,0,80325,2427,2009,0,RIVERDALE ROAD,99999999999999999999,0000000,39.88091667,-104.9312333,1,1
8,43,9,5,1,58,1,3,0,0,6,4,0,35,0,1,4,1,2,25,2,2,5,1,0,0,2,1,0,0,2,6,2,53,99,99,0,0,0,0,1,7,1,80326,0,2009,72,KERR GULCH ROAD,99999999999999999999,0000000,38.36016667,-105.8260833,1,1
8,13,9,7,23,31,2,2,0,1,13,3,0,33,0,3,2,3,2,55,1,1,1,1,2,3,3,1,0,0,23,31,23,37,0,4,0,14,0,0,1,2,1,80327,1530,2009,589,SR-119,3RD AVE,0000000,40.159,-105.0662722,2,1
8,83,9,16,18,32,1,2,1,0,16,6,0,8,0,1,1,1,2,20,1,1,2,2,0,0,5,2,0,0,18,32,18,35,18,50,0,0,0,0,1,4,0,80328,450,2009,0,JACKSON ST,99999999999999999999,0000000,37.35986667,-108.5698444,1,2
8,91,9,19,15,51,1,2,0,1,2,2,0,42,0,1,4,1,2,25,2,2,2,3,0,0,1,4,0,0,15,53,16,8,17,33,0,0,0,0,1,7,0,80329,0,2009,834,US-550,99999999999999999999,0000000,37.92403333,-107.6951917,1,4
8,101,9,30,20,55,2,4,0,0,13,6,0,12,5,2,1,1,2,30,1,2,1,1,20,3,2,1,0,0,20,59,21,4,22,18,0,0,0,0,1,4,0,80330,2052,2009,0,W MCCULLOCH BLVD,TEJON DR,0000000,38.32958056,-104.8150306,2,1
8,123,10,1,10,15,1,1,0,0,6,4,0,1,0,1,4,1,2,55,1,1,4,1,0,0,1,6,0,0,99,99,99,99,88,88,0,0,0,0,1,5,0,80331,0,2009,0,132,99999999999999999999,0000000,40.94469444,-104.3039333,1,6
8,1,10,1,21,43,1,2,0,0,16,4,0,1,0,1,4,1,2,45,1,2,5,1,0,0,2,1,0,0,21,48,22,5,99,99,0,0,0,0,1,5,1,80332,0,2009,0,HAYESMOUNT ROAD,99999999999999999999,0000000,39.90108889,-104.6403111,1,1
8,59,10,3,10,59,1,2,0,1,12,2,0,25,0,13,2,6,1,55,1,1,2,1,0,0,1,1,0,1,10,59,11,4,99,99,0,0,0,0,1,7,0,80333,0,2009,2756,US-6 RAMP I,I-70,0000000,39.72543056,-105.1798972,1,1
8,113,10,3,11,55,1,1,0,0,4,4,0,11,0,1,1,1,2,45,1,1,2,1,0,0,1,1,0,0,12,6,12,18,88,88,0,0,0,0,1,7,0,80334,0,2009,65,44ZS ROAD,99999999999999999999,0000000,38.03606944,-108.2642278,1,1
8,123,10,6,7,25,3,5,0,1,13,2,0,12,5,2,1,1,4,65,1,1,1,1,20,3,1,1,0,0,99,99,99,99,99,99,0,0,0,0,1,3,0,80335,0,2009,1154,US-34,US-34 BUSN RT,0000000,40.39297222,-104.6350833,3,1
8,41,10,6,12,20,1,1,0,0,3,4,0,1,0,1,4,1,2,45,1,1,4,1,0,0,1,1,0,0,12,33,12,47,88,88,0,0,0,0,1,3,0,80336,0,2009,0,JONES ROAD,99999999999999999999,0000000,38.89623889,-104.4389333,1,1
8,5,10,7,8,38,1,2,1,0,13,6,0,8,0,1,1,3,3,40,1,2,2,1,0,0,1,1,0,0,8,39,8,41,8,52,0,0,0,0,1,4,0,80337,110,2009,0,E ALAMEDA PKWY,99999999999999999999,0000000,39.70730556,-104.80135,1,1
8,59,10,5,14,13,2,2,0,1,13,3,0,12,1,11,1,3,2,40,1,1,2,1,2,3,1,1,0,0,14,15,14,15,14,33,0,0,0,0,1,2,1,80338,80,2009,168,SR-121,I-70 RAMP,0000000,39.78909167,-105.0815361,2,1
8,117,10,10,3,34,1,4,0,1,1,1,0,35,0,1,4,3,2,60,1,2,2,1,0,0,2,1,0,0,3,34,99,99,99,99,0,0,0,0,1,7,1,80339,0,2009,2088,I-70,99999999999999999999,0000000,39.6535,-106.0046,1,1
8,71,10,10,8,25,1,1,0,1,1,1,0,1,0,1,4,2,2,75,1,1,2,4,0,0,1,2,0,0,99,99,99,99,88,88,0,0,0,0,1,7,0,80340,0,2009,309,I-25,99999999999999999999,0000000,37.3878,-104.6071306,1,2
8,41,10,10,18,40,1,2,0,1,11,1,0,1,0,15,3,2,2,75,1,1,2,4,0,0,2,2,0,0,99,99,99,99,99,99,0,0,0,0,1,7,0,80341,0,2009,1318,I-25,SR-16,0000000,38.72633056,-104.7343889,1,2
8,31,10,10,21,43,1,1,0,0,16,6,0,26,0,1,1,1,2,30,1,1,2,1,0,0,2,1,0,0,21,44,21,50,22,17,0,0,0,0,1,7,1,80342,600,2009,0,E SMITH RD,99999999999999999999,0000000,39.77005556,-104.8866528,1,1
8,39,10,10,23,58,1,5,0,1,1,1,0,31,0,1,3,2,2,75,1,2,1,4,0,0,2,2,0,0,0,7,0,23,1,59,0,18,0,0,1,7,0,80343,0,2009,3559,I-70,99999999999999999999,0000000,39.28220833,-103.7729306,1,2
8,71,10,11,5,30,1,1,0,1,1,1,0,1,0,1,3,2,2,75,1,1,2,4,0,0,2,5,0,0,5,41,5,51,88,88,0,0,0,0,1,1,0,80344,0,2009,197,I-25,99999999999999999999,0000000,37.25345,-104.5010278,1,5
8,63,10,11,8,20,1,1,0,0,5,4,0,35,0,1,4,1,2,55,1,2,2,4,0,0,1,2,0,0,8,31,8,43,88,88,0,0,0,0,1,1,1,80345,0,2009,0,23,99999999999999999999,0000000,39.3188,-102.7432833,1,2
8,101,10,11,6,15,1,2,0,1,2,2,0,1,0,1,4,1,2,65,1,1,2,4,0,0,4,3,0,0,6,27,6,29,99,99,0,0,0,0,1,1,0,80346,0,2009,3308,US-50,99999999999999999999,0000000,38.24616111,-104.3463111,1,3
8,13,10,12,16,21,2,2,0,1,13,3,0,12,4,8,1,3,3,35,1,1,2,1,0,0,1,1,0,0,16,21,16,24,88,88,0,0,0,0,1,2,1,80347,200,2009,173,SR-93,99999999999999999999,0000000,39.99891389,-105.2627222,2,1
8,13,10,14,19,55,2,5,0,0,2,2,0,12,4,1,1,1,2,60,1,1,2,1,28,3,2,1,0,0,19,55,20,7,88,88,0,0,0,0,1,4,1,80348,0,2009,263,US-36,99999999999999999999,0000000,40.15366944,-105.2786833,2,1
8,5,10,14,20,2,2,5,0,1,13,6,0,12,5,2,1,3,3,40,1,2,2,1,2,3,3,1,0,0,20,3,20,5,20,17,0,0,0,0,1,4,1,80349,110,2009,0,E QUINCY AVE,S CHAMBERS RD,0000000,39.63854722,-104.8103861,2,1
8,77,10,14,16,0,1,1,0,0,3,3,0,31,0,1,4,1,2,35,1,2,2,1,0,0,1,1,0,0,9,7,99,99,88,88,0,18,0,0,1,4,1,80350,0,2009,332,SR-65,99999999999999999999,0000000,39.05268611,-108.0604083,1,1
8,87,10,16,16,50,1,5,0,1,1,1,0,31,0,1,3,2,2,75,1,1,2,1,0,0,1,1,0,0,99,99,99,99,99,99,0,0,0,0,1,6,0,80351,0,2009,688,I-76,99999999999999999999,0000000,40.24955,-104.0076694,1,1
8,51,10,17,1,30,1,1,0,0,3,3,0,1,0,1,5,1,2,55,2,2,2,1,0,0,2,1,0,0,7,58,8,11,88,88,0,0,0,0,1,7,1,80352,0,2009,138,SR-135,99999999999999999999,0000000,38.71498056,-106.8478194,1,1
8,69,10,17,19,30,2,3,0,0,4,4,0,12,2,1,1,1,2,40,2,2,2,1,0,0,2,1,0,0,99,99,99,99,88,88,0,0,0,0,1,7,2,80353,0,2009,0,38E,99999999999999999999,0000000,40.51433889,-105.1510333,2,1
8,59,10,18,13,20,2,2,0,0,3,4,0,1,0,1,1,1,3,50,2,2,2,1,28,3,1,1,0,0,13,22,99,99,99,99,0,0,0,0,1,1,0,80354,0,2009,193,126,99999999999999999999,0000000,39.27223889,-105.2694917,2,1
8,95,10,18,17,0,2,2,0,0,5,4,0,12,5,2,1,1,2,55,1,1,4,1,0,0,1,1,0,0,17,7,99,99,99,99,0,0,0,0,1,1,0,80355,0,2009,0,22,17,0000000,40.58474722,-102.51305,2,1
8,59,10,16,7,37,1,3,2,0,13,6,0,8,0,3,1,3,2,35,1,1,2,1,2,3,1,1,0,0,7,37,7,39,8,4,0,0,0,0,1,6,0,80356,80,2009,0,W 64TH AVE,N SIMMS ST,0000000,39.81267778,-105.1284556,1,1
8,59,10,18,19,0,2,3,0,0,14,2,0,12,5,2,1,3,2,35,1,1,2,1,2,3,3,1,0,0,99,99,99,99,99,99,0,0,0,0,1,1,1,80357,0,2009,2867,US-40,INTERPLAZA WEST,0000000,39.72388333,-105.1922639,2,1
8,41,10,17,0,42,1,1,0,0,13,6,0,42,0,1,3,3,3,45,2,2,2,1,0,0,3,1,0,0,0,42,0,46,88,88,0,0,0,0,1,7,1,80358,430,2009,0,E WOODMAN RD,99999999999999999999,0000000,38.93772222,-104.7595833,1,1
8,5,10,20,21,13,1,2,1,0,13,4,0,8,0,1,1,3,2,35,1,2,2,2,0,0,3,2,0,0,21,13,21,34,21,44,0,0,0,0,1,3,0,80359,0,2009,0,E ILIFF AVE,99999999999999999999,0000000,39.67636667,-104.9033222,1,2
8,69,10,2,18,2,2,2,0,0,14,6,0,12,5,2,1,3,2,40,1,1,2,1,20,3,1,1,0,0,18,2,18,6,18,33,0,0,0,0,1,6,0,80360,860,2009,0,W DRAKE RD,RAINTREE DR,0000000,40.552725,-105.0988056,2,1
8,5,10,15,12,58,2,3,0,0,13,6,0,12,4,8,1,3,3,40,1,1,2,1,2,3,1,1,0,0,12,58,13,2,88,88,0,0,0,0,1,5,0,80361,110,2009,0,S CHAMBERS ROAD,E EXPOSITION AVE,0000000,39.70385,-104.8098833,2,1
8,59,10,22,1,14,2,2,0,1,12,2,0,12,1,15,1,3,3,65,1,3,2,2,0,0,3,1,0,1,99,99,99,99,88,88,0,0,0,0,1,5,1,80362,0,2009,2764,US-6,99999999999999999999,0000000,39.72540556,-105.1669389,2,1
8,69,10,8,11,40,2,5,0,0,14,6,0,12,1,3,1,1,2,55,1,1,2,2,0,0,1,2,0,0,11,39,11,42,12,18,0,0,0,0,1,5,0,80363,860,2009,0,TAFT HILL RD,SPRING MESA RD,0000000,40.48033333,-105.1156333,2,2
8,59,10,24,18,14,2,2,0,0,15,6,0,12,4,3,1,1,2,30,1,2,2,1,0,0,1,1,0,0,18,14,18,17,18,30,0,0,0,0,1,7,0,80364,80,2009,0,CARR ST,W 68TH AVE,0000000,39.82015833,-105.0908778,2,1
8,31,10,25,3,53,2,5,0,0,13,3,0,12,5,2,1,3,2,35,1,1,2,2,2,3,3,2,0,0,99,99,99,99,88,88,0,0,0,0,1,1,1,80365,600,2009,119,SR-26,S. PERRY ST,0000000,39.71131667,-105.0397056,2,2
8,63,10,25,5,20,1,1,1,1,1,1,0,8,0,13,1,6,1,35,1,2,2,1,0,0,3,1,0,0,5,26,5,27,5,58,0,0,0,0,1,1,0,80366,0,2009,4051,I-70 RAMP C,SR-59,0000000,39.29308056,-102.8715806,1,1
8,99,10,28,16,45,2,2,0,0,6,4,0,12,5,2,1,1,2,55,1,1,5,5,0,0,1,2,0,0,16,57,17,13,99,99,0,0,0,0,1,4,0,80367,0,2009,0,27,LL ROAD,0000000,38.12939444,-102.2658056,2,2
8,107,10,28,20,25,1,1,0,0,4,4,0,1,0,1,1,1,2,45,2,2,2,1,0,0,2,1,0,0,20,28,20,41,88,88,0,0,0,0,1,4,1,80368,0,2009,74,53,99999999999999999999,0000000,40.39853889,-107.271625,1,1
8,41,10,27,6,38,2,5,0,0,14,6,0,12,4,1,1,5,4,35,2,3,3,1,28,3,4,1,0,0,99,99,99,99,99,99,0,0,0,0,1,3,0,80369,430,2009,0,W VINDICATOR DR,99999999999999999999,0000000,38.92446667,-104.8431611,2,1
8,35,10,24,4,12,3,3,0,1,12,3,0,12,1,1,1,3,2,55,1,2,1,1,41,3,2,1,0,1,4,14,4,24,4,57,0,0,0,0,1,7,1,80370,0,2009,204,SR-470,99999999999999999999,0000000,39.56459722,-104.9723194,1,1
8,5,10,24,23,37,1,1,0,0,16,6,0,33,0,1,3,3,2,25,2,2,2,1,0,0,3,1,0,0,23,38,23,46,0,1,0,0,0,0,1,7,1,80371,110,2009,0,S MISSION PKWY,99999999999999999999,0000000,39.64755833,-104.8051111,1,1
8,59,10,9,18,48,3,6,0,0,13,3,0,12,4,1,1,1,4,40,1,1,2,1,0,0,5,1,0,0,18,48,18,54,99,99,0,0,0,0,1,6,1,80372,80,2009,108,SR-95,99999999999999999999,0000000,39.80936944,-105.0532889,3,1
8,59,10,23,14,30,1,1,0,1,2,2,0,31,0,1,4,2,2,55,2,2,1,1,0,0,1,1,0,0,99,99,99,99,88,88,0,0,0,0,1,6,0,80373,0,2009,2414,US-285,99999999999999999999,0000000,39.55958889,-105.2397694,1,1
8,41,10,20,20,44,3,5,0,1,13,6,0,12,5,2,1,3,3,40,1,1,2,1,2,3,3,1,0,0,99,99,99,99,99,99,0,0,0,0,1,3,0,80374,430,2009,0,ACADEMY BLVD,BIJOU ST,0000000,38.83576389,-104.7574778,3,1
8,67,10,25,17,4,1,1,0,1,13,2,0,27,0,1,10,5,4,35,2,2,1,1,28,3,1,1,0,0,17,6,17,6,88,88,0,0,0,0,1,1,1,80375,650,2009,832,US-160,99999999999999999999,0000000,37.26832778,-107.8848639,1,1
8,1,11,2,18,1,1,2,1,0,14,6,0,8,0,1,1,5,4,30,1,2,2,1,0,0,3,1,0,0,18,3,18,5,18,23,0,0,0,0,1,2,0,80376,2550,2009,0,W 72ND AVE,99999999999999999999,0000000,39.82727222,-105.0476972,1,1
8,5,11,4,18,59,1,2,1,1,13,3,0,8,0,1,1,1,6,45,1,1,2,1,0,0,2,1,0,0,18,59,19,3,19,20,0,0,0,0,1,4,0,80377,110,2009,714,SR-83,99999999999999999999,0000000,39.66221667,-104.8571583,1,1