STATE,COUNTY,MONTH,DAY,HOUR,MINUTE,VE_TOTAL,PERSONS,PEDS,NHS,ROAD_FNC,ROUTE,SP_JUR,HARM_EV,MAN_COLL,REL_JUNC,REL_ROAD,TRAF_FLO,NO_LANES,SP_LIMIT,ALIGNMNT,PROFILE,PAVE_TYP,SUR_COND,TRA_CONT,T_CONT_F,LGT_COND,WEATHER1,WEATHER2,WRK_ZONE,NOT_HOUR,NOT_MIN,ARR_HOUR,ARR_MIN,HOSP_HR,HOSP_MN,SCH_BUS,CF1,CF2,CF3,FATALS,DAY_WEEK,DRUNK_DR,ST_CASE,CITY,YEAR,MILEPT,TWAY_ID,TWAY_ID2,RAIL,LATITUDE,LONGITUD,VE_FORMS,WEATHER
8,91,11,5,10,34,1,1,0,1,2,2,0,1,0,1,4,1,2,25,2,2,2,1,40,3,1,1,0,0,12,26,12,27,88,88,0,0,0,0,1,5,0,80378,0,2009,899,US-550,99999999999999999999,0000000,37.99168056,-107.6540694,1,1
8,69,11,6,13,10,2,2,0,1,11,1,0,12,1,1,1,3,2,75,1,1,1,1,0,0,1,1,0,0,99,99,99,99,99,99,0,0,0,0,1,6,0,80379,0,2009,2663,I-25,99999999999999999999,0000000,40.53748889,-104.9950778,2,1
8,45,11,7,20,37,1,1,0,0,5,4,0,1,0,1,4,1,2,35,2,1,4,1,0,0,2,1,0,0,20,34,20,39,88,88,0,0,0,0,1,7,1,80380,0,2009,20,346,99999999999999999999,0000000,39.52957778,-107.737925,1,1
8,77,11,2,20,8,1,1,0,0,4,2,0,1,0,1,4,1,2,55,1,1,2,1,28,3,2,1,0,0,20,9,20,22,21,17,0,0,0,0,1,2,1,80381,0,2009,167,US-6,99999999999999999999,0000000,39.18374167,-108.7887056,1,1
8,123,11,10,19,0,1,2,1,0,6,4,0,8,0,1,1,1,2,55,1,1,2,1,0,0,2,1,0,0,99,99,99,99,88,88,0,0,0,0,1,3,0,80382,0,2009,0,37,99999999999999999999,0000000,40.03011111,-104.716075,1,1
8,123,11,5,23,30,2,1,0,1,1,1,0,18,0,1,1,3,2,45,1,1,2,1,41,3,2,1,0,1,99,99,99,99,99,99,0,0,0,0,1,5,0,80383,0,2009,2528,I-25,99999999999999999999,0000000,40.34331111,-104.9801833,1,1
8,57,11,14,15,0,2,2,0,0,3,3,0,12,2,1,1,1,2,65,2,1,2,4,0,0,1,4,0,0,14,58,15,1,88,88,0,0,0,0,1,7,0,80384,0,2009,524,SR-14,99999999999999999999,0000000,40.55358611,-106.0551889,2,4
8,101,11,15,1,42,1,1,0,1,2,2,0,1,0,1,4,1,2,65,2,1,2,4,0,0,2,4,0,0,1,42,1,53,2,18,0,0,0,0,1,1,1,80385,0,2009,3381,US-50,99999999999999999999,0000000,38.20058333,-104.2373,1,4
8,59,11,16,17,57,1,2,1,0,13,6,0,8,0,3,1,3,3,30,1,2,2,1,2,3,3,1,0,0,17,59,18,2,18,14,0,0,0,0,1,2,1,80386,1435,2009,0,W ALAMEDA AVE,S HARLAN ST,0000000,39.711175,-105.0627056,1,1
8,41,11,8,5,5,1,2,0,0,16,4,0,38,0,1,4,1,2,45,2,3,5,1,0,0,2,1,0,0,99,99,99,99,99,99,0,0,0,0,1,1,0,80387,0,2009,0,SNOWBRUSH DR,99999999999999999999,0000000,38.99021944,-104.6257639,1,1
8,99,11,17,7,55,1,2,0,0,5,4,0,1,0,1,1,1,2,55,1,1,5,4,0,0,1,1,0,0,7,53,8,24,8,44,0,0,0,0,1,3,0,80388,0,2009,40,25,99999999999999999999,0000000,38.00631389,-102.3014917,1,1
8,101,11,13,18,15,1,2,1,1,11,1,0,8,0,1,1,3,3,65,1,1,1,1,0,0,3,1,0,0,18,16,18,17,18,34,0,0,0,0,1,6,0,80389,2050,2009,1013,I-25,99999999999999999999,0000000,38.30583056,-104.6134833,1,1
8,31,11,16,0,8,2,4,0,1,12,6,0,12,2,1,1,3,4,35,1,1,2,4,0,0,3,1,0,0,99,99,99,99,99,99,0,0,0,0,1,2,2,80390,600,2009,0,W 6TH AVE,99999999999999999999,0000000,39.72564444,-105.0050861,2,1
8,23,11,17,17,45,1,3,0,0,6,4,0,5,0,1,4,1,2,55,1,2,4,1,0,0,2,1,0,0,18,6,18,20,88,88,0,0,0,0,2,3,1,80391,0,2009,0,J.8 ROAD,99999999999999999999,0000000,37.10473056,-105.34955,1,1
8,101,11,18,22,6,1,2,0,1,11,1,0,1,0,1,1,2,2,75,2,1,2,1,0,0,2,1,0,0,99,99,99,99,99,99,0,0,0,0,1,4,1,80392,2050,2009,933,I-25,99999999999999999999,0000000,38.19757222,-104.6321361,1,1
8,101,11,15,2,0,1,1,0,0,4,3,0,18,0,1,4,1,2,55,2,1,2,1,0,0,2,1,0,0,99,99,99,99,88,88,0,18,0,0,1,1,0,80393,0,2009,253,SR-165,99999999999999999999,0000000,37.93730556,-104.9780833,1,1
8,1,11,21,22,55,5,7,1,1,11,1,0,8,0,1,1,3,4,65,1,1,2,1,0,0,3,1,0,0,22,55,23,0,88,88,0,0,0,0,1,7,0,80394,1771,2009,2226,I-25,99999999999999999999,0000000,39.90769444,-104.990875,5,1
8,1,11,23,22,14,1,3,1,1,13,2,0,8,0,3,1,3,2,45,1,1,2,1,2,3,3,1,0,0,22,14,22,16,88,88,0,0,0,0,1,2,0,80395,434,2009,2942,US-6/85,SR-265,0000000,39.82178889,-104.9309222,1,1
8,123,11,24,16,5,2,2,0,1,1,1,0,12,1,1,1,2,2,75,1,1,1,1,28,3,5,1,0,0,99,99,99,99,88,88,0,0,0,0,1,3,0,80397,0,2009,514,I-76,99999999999999999999,0000000,40.18145278,-104.3139889,2,1
8,41,11,16,8,40,1,3,0,0,3,3,0,1,0,1,4,1,2,65,1,2,2,4,0,0,1,1,0,0,99,99,99,99,99,99,0,0,0,0,1,2,0,80398,0,2009,290,SR-115,99999999999999999999,0000000,38.58567778,-104.9174306,1,1
8,9,11,25,17,15,2,2,0,0,6,4,0,12,9,1,1,1,2,55,1,1,5,1,0,0,2,1,0,0,17,20,17,40,18,20,0,0,0,0,1,4,0,80399,0,2009,0,13,99999999999999999999,0000000,37.26501667,-102.8508278,1,1
8,5,11,8,2,3,3,5,0,1,13,2,0,12,1,3,1,3,3,45,1,1,1,1,2,3,3,1,0,0,2,3,2,10,2,25,0,0,0,0,1,1,2,80400,740,2009,2073,US-85,W DARTMOUTH AVE,0000000,39.66017778,-104.9986389,3,1
8,41,11,30,17,30,2,5,0,1,13,3,0,12,5,2,1,2,2,55,1,2,2,1,20,3,2,1,0,0,99,99,99,99,99,99,0,0,0,0,1,2,0,80401,0,2009,1366,SR-21,GRINNELL BLVD,0000000,38.76731111,-104.7183528,2,1
8,59,11,24,20,27,1,1,0,1,12,3,0,31,0,13,10,6,1,65,1,2,2,1,0,0,2,1,0,0,99,99,99,99,99,99,0,0,0,0,1,3,1,80402,0,2009,81,SR-470 RAMP D,W BOWLES AVE,0000000,39.60776111,-105.1528111,1,1
8,45,11,24,12,50,1,6,0,1,1,1,0,38,0,1,4,2,2,75,1,2,2,1,0,0,1,1,0,0,12,50,13,18,13,32,0,0,0,0,1,3,0,80403,0,2009,860,I-70,99999999999999999999,0000000,39.51641111,-107.8591833,1,1
8,13,11,6,6,17,2,4,0,0,14,6,0,33,0,1,3,3,2,45,1,1,1,1,0,0,1,1,0,0,6,18,6,24,99,99,0,0,0,0,2,6,1,80404,1530,2009,0,E 17TH AVE,99999999999999999999,0000000,40.18898056,-105.0627889,2,1
8,123,11,17,16,4,2,2,0,1,13,3,0,12,5,2,1,2,2,65,1,1,1,1,20,3,1,1,0,0,16,4,16,6,16,48,0,0,0,0,1,3,0,80405,9997,2009,605,SR-119,FAIRVIEW ST,0000000,40.16067222,-105.0367194,2,1
8,31,11,20,21,55,1,5,0,0,14,6,0,39,0,3,4,1,4,30,1,1,2,1,0,0,3,1,0,0,99,99,99,99,99,99,0,0,0,0,1,6,1,80406,600,2009,0,W FLORIDA AVE,S KNOX CT,0000000,39.68944722,-105.032025,1,1
8,5,11,23,23,58,1,2,1,1,13,2,0,8,0,1,1,3,2,35,1,1,2,1,0,0,3,1,0,0,23,58,0,0,0,19,0,0,0,0,1,2,0,80407,110,2009,3056,US-40,99999999999999999999,0000000,39.74010556,-104.8480861,1,1
8,67,11,12,12,30,2,2,0,1,13,2,0,12,4,2,1,1,4,50,1,2,2,1,2,3,1,1,0,0,12,30,12,37,13,3,0,0,0,0,1,5,0,80408,650,2009,864,US-160,DOMINGUEZ DRIVE,0000000,37.22966667,-107.8622083,2,1
8,31,11,27,12,38,2,2,0,1,13,3,0,12,2,8,1,5,4,40,1,1,2,1,0,0,1,1,0,0,99,99,99,99,99,99,0,0,0,0,1,6,0,80409,600,2009,52,SR-88,99999999999999999999,0000000,39.66465833,-105.025125,2,1
8,41,10,23,0,40,2,2,0,0,16,6,0,42,0,1,4,1,4,30,2,1,2,1,0,0,2,1,0,0,99,99,99,99,99,99,0,0,0,0,1,6,1,80410,430,2009,0,E LA SALLE ST,99999999999999999999,0000000,38.85834167,-104.7612222,1,1
8,105,12,4,15,30,2,2,0,1,2,2,0,12,5,2,1,1,2,65,1,1,2,1,20,3,1,1,0,0,99,99,99,99,88,88,0,0,0,0,1,6,0,80411,0,2009,569,US-285,6N,0000000,37.66117778,-106.1489861,2,1
8,87,12,4,22,30,1,3,0,1,1,1,0,1,0,1,1,2,2,75,1,1,1,1,0,0,2,1,0,0,99,99,99,99,99,99,0,0,0,0,1,6,0,80412,0,2009,736,I-76,99999999999999999999,0000000,40.24332222,-103.9148111,1,1
8,71,12,5,1,30,2,3,0,1,1,1,0,12,9,1,2,2,2,75,1,2,2,4,0,0,2,6,0,0,99,99,99,99,99,99,0,0,0,0,1,7,0,80413,0,2009,375,I-25,99999999999999999999,0000000,37.47301111,-104.6631694,2,6
8,93,12,5,17,40,2,3,0,1,2,2,0,12,2,1,4,1,2,65,2,2,2,1,0,0,2,1,0,0,99,99,99,99,99,99,0,0,0,0,2,7,0,80414,0,2009,1881,US-285,99999999999999999999,0000000,39.27623889,-105.9424306,2,1
8,19,12,6,16,0,1,3,0,1,1,1,0,24,0,15,4,3,2,65,2,2,2,3,28,3,5,4,0,0,99,99,99,99,99,99,0,0,0,0,1,1,0,80415,0,2009,2212,I-70,99999999999999999999,0000000,39.69170556,-105.8089583,1,4
8,123,12,6,18,15,1,2,0,0,6,4,0,1,0,3,4,1,2,55,1,1,2,4,0,0,2,4,0,0,99,99,99,99,88,88,0,0,0,0,1,1,1,80416,0,2009,0,39,SR-14,0000000,40.58209167,-104.6964528,1,4
8,3,12,7,8,40,1,1,0,1,2,2,0,1,0,1,4,1,2,65,1,1,2,4,0,0,1,1,0,0,8,40,8,50,9,0,0,0,0,0,1,2,0,80417,0,2009,2264,US-160,99999999999999999999,0000000,37.50993889,-105.9765389,1,1
8,21,12,25,23,0,1,1,0,0,3,3,0,31,0,1,4,1,2,65,2,1,2,1,0,0,2,1,0,0,99,99,99,99,88,88,0,18,0,0,1,6,1,80418,0,2009,341,SR-17,99999999999999999999,0000000,37.06410833,-106.1000583,1,1
8,5,12,15,21,42,3,6,1,1,13,6,0,8,0,3,1,3,3,40,1,1,2,1,2,3,3,1,0,0,21,42,21,46,22,0,0,0,0,0,1,3,0,80419,110,2009,0,E ALAMEDA AVE,S POTOMAC ST,0000000,39.71110833,-104.8283306,3,1
8,13,12,16,5,27,1,1,0,1,12,3,0,33,0,13,10,6,1,25,2,1,2,1,0,0,3,1,0,0,5,27,5,32,88,88,0,0,0,0,1,4,0,80420,200,2009,1,SR-157 RAMP B,US-36,0000000,39.98535278,-105.2299722,1,1
8,63,12,16,11,55,2,2,0,1,1,7,0,12,5,2,1,1,2,55,1,1,2,1,20,3,1,1,0,0,99,99,99,99,99,99,0,0,0,0,1,4,0,80421,0,2009,4442,I-70 FRONTAGE RD,55,0000000,39.320075,-102.1477889,2,1
8,41,12,17,1,50,1,2,0,1,1,1,0,1,0,1,3,2,2,75,1,1,2,1,0,0,2,1,0,0,99,99,99,99,99,99,0,0,0,0,1,5,0,80422,0,2009,1252,I-25,99999999999999999999,0000000,38.63765,-104.6927194,1,1
8,41,12,1,17,30,1,3,1,0,13,6,0,8,0,3,1,2,3,35,1,1,2,1,2,3,3,1,0,0,99,99,99,99,99,99,0,0,0,0,1,3,0,80423,430,2009,0,CIRCLE DR,PLATTE AVE,0000000,38.83975278,-104.7758972,1,1
8,13,12,3,20,13,1,4,1,1,12,2,0,8,0,15,1,3,2,65,1,1,2,2,0,0,3,1,0,0,20,13,20,18,99,99,0,0,0,0,1,5,0,80424,200,2009,392,US-36,TABLE MESA DR,0000000,39.98652778,-105.2343611,1,1
8,31,12,5,2,24,1,2,0,0,13,3,0,27,0,1,4,5,4,35,1,2,2,2,0,0,3,1,0,0,99,99,99,99,99,99,0,0,0,0,1,7,1,80425,600,2009,130,SR-26,99999999999999999999,0000000,39.71115278,-105.02045,1,1
8,31,12,5,23,59,1,2,1,0,15,6,0,8,0,1,1,4,2,30,1,2,1,1,0,0,2,1,0,0,99,99,99,99,99,99,0,0,0,0,1,7,1,80426,600,2009,0,WALNUT ST,99999999999999999999,0000000,39.76454722,-104.9793306,1,1
8,35,12,17,20,57,2,3,0,1,12,3,0,45,1,15,1,2,3,70,1,1,2,1,0,0,3,1,0,2,20,58,21,1,88,88,0,0,0,0,1,5,0,80427,0,2009,52,SR-470,99999999999999999999,0000000,39.55210278,-104.7765194,1,1
8,41,12,22,7,8,1,5,0,1,1,1,0,1,0,1,3,2,2,75,1,1,2,1,0,0,1,1,0,0,7,2,7,15,99,99,0,0,0,0,1,3,0,80428,0,2009,1206,I-25,99999999999999999999,0000000,38.57491667,-104.6594806,1,1
8,121,12,23,10,21,1,3,0,1,1,1,0,1,0,1,3,2,2,75,1,1,1,3,0,0,1,4,0,0,10,21,10,41,10,48,0,4,0,0,1,4,0,80429,0,2009,999,I-76,99999999999999999999,0000000,40.34063889,-103.4598389,1,4
8,73,12,23,13,40,2,5,0,1,2,2,0,12,2,1,1,1,2,65,1,1,2,4,0,0,1,4,0,0,13,40,13,52,14,32,0,0,0,0,2,4,0,80430,0,2009,4034,US-40,99999999999999999999,0000000,39.09755,-103.409025,2,4
8,75,12,23,21,50,1,1,0,0,3,3,0,1,0,1,4,1,2,65,1,1,2,4,28,3,2,4,0,0,22,17,22,28,88,88,0,0,0,0,1,4,0,80431,0,2009,2289,SR-14,99999999999999999999,0000000,40.62395,-103.3625806,1,4
8,101,12,25,19,45,2,1,0,1,2,2,0,14,1,1,2,1,2,65,2,1,2,1,28,3,2,1,0,0,99,99,99,99,88,88,0,0,0,0,1,6,1,80432,0,2009,3430,US-50,99999999999999999999,0000000,38.16940833,-104.1552306,1,1
8,101,12,26,23,40,1,2,0,1,11,1,0,29,0,15,4,3,3,55,2,1,2,8,0,0,3,1,0,0,23,47,23,47,99,99,0,0,0,0,1,7,1,80433,2050,2009,999,I-25,99999999999999999999,0000000,38.28701667,-104.6058861,1,1
8,119,12,29,15,57,2,7,0,0,3,3,0,12,2,1,1,1,2,40,2,2,2,4,0,0,5,1,0,0,99,99,99,99,99,99,0,0,0,0,1,3,0,80434,0,2009,545,SR-67,99999999999999999999,0000000,38.76778611,-105.1526028,2,1
8,45,12,13,13,40,1,1,0,1,1,1,0,1,0,1,1,2,2,75,1,1,2,2,0,0,1,2,0,0,99,99,99,99,99,99,0,0,0,0,1,1,0,80435,0,2009,1077,I-70,99999999999999999999,0000000,39.57319444,-107.4739472,1,2
8,101,12,16,18,32,1,2,1,0,13,6,0,8,0,3,1,3,2,25,1,1,2,1,0,0,3,1,0,0,18,32,18,32,18,45,0,16,0,0,1,4,0,80436,2050,2009,0,W ABRIENDO AVE,MIDWAY AVE,0000000,38.26024722,-104.6217917,1,1
8,37,12,16,21,9,1,2,1,1,1,1,0,8,0,1,1,2,2,65,1,2,2,1,0,0,2,1,0,0,21,11,21,16,88,88,0,0,0,0,1,4,0,80437,2457,2009,1740,I-70,99999999999999999999,0000000,39.63417222,-106.4115528,1,1
8,13,12,3,17,22,1,2,1,1,13,2,0,8,0,1,1,5,4,35,1,1,2,4,0,0,2,1,0,0,17,22,17,26,17,38,0,0,0,0,1,5,0,80438,1530,2009,3173,US-287,99999999999999999999,0000000,40.18773333,-105.1022833,1,1
8,5,12,31,22,15,2,2,0,1,13,6,0,12,1,1,1,3,2,40,1,2,2,1,0,0,3,1,0,0,22,15,22,18,22,48,0,0,0,0,1,5,1,80439,110,2009,0,S BUCKLEY RD,99999999999999999999,0000000,39.69180278,-104.7909361,2,1
8,59,12,1,14,56,3,4,0,1,13,3,0,12,5,2,1,1,4,45,1,1,2,1,20,3,1,1,0,0,14,56,15,0,99,99,0,0,0,0,1,3,0,80440,1435,2009,81,SR-121,W DUQUESNE AVE,0000000,39.66135833,-105.0814694,3,1
9,11,1,1,2,55,3,6,0,1,13,3,0,12,8,1,1,1,2,50,1,1,2,4,0,0,3,1,0,0,2,52,3,4,3,26,0,0,0,0,1,5,1,90001,584,2009,423,SR-2,99999999999999999999,0000000,41.50518333,-72.04127778,3,1
9,1,1,4,23,8,1,1,0,1,12,3,0,24,0,15,4,3,2,55,1,2,2,1,0,0,2,1,0,0,23,8,23,9,88,88,0,0,0,0,1,1,0,90002,765,2009,306,SR-15,99999999999999999999,0000000,41.23234444,-73.22099167,1,1
9,15,1,14,19,13,2,2,0,0,13,2,0,12,2,1,1,1,2,45,1,2,2,4,0,0,2,1,0,0,19,14,19,18,19,39,0,0,0,0,2,4,0,90003,590,2009,1026,US-44,99999999999999999999,0000000,41.92636944,-71.86163333,2,1
9,3,1,10,2,45,1,1,0,1,13,3,0,30,0,1,4,3,2,40,1,1,2,1,0,0,3,1,0,0,2,47,2,52,3,43,0,0,0,0,1,7,1,90004,838,2009,779,SR-15,99999999999999999999,0000000,41.71064444,-72.69926944,1,1
9,1,1,1,11,48,1,1,0,0,16,6,0,3,0,1,4,1,2,25,2,1,2,3,0,0,1,1,0,0,11,57,12,2,12,40,0,0,0,0,1,5,1,90005,227,2009,1,MILE COMMON,99999999999999999999,0000000,41.2144,-73.31505278,1,1
9,5,1,22,7,37,2,3,0,0,14,2,0,12,4,2,1,1,2,35,1,2,2,1,2,3,1,1,0,0,7,39,8,10,8,31,0,0,0,0,1,5,0,90006,857,2009,259,US-6,SR-64,0000000,41.52783056,-73.20376944,2,1
9,1,1,28,14,21,1,3,0,0,14,3,0,42,0,1,4,1,2,40,1,1,2,3,0,0,1,2,0,0,99,99,99,99,99,99,0,0,0,0,1,4,0,90008,841,2009,56,SR-33,99999999999999999999,0000000,41.17973889,-73.41000278,1,2
9,3,1,29,8,1,2,2,0,0,13,3,0,12,4,1,1,1,4,40,1,1,2,4,0,0,1,1,0,0,8,1,8,14,8,35,0,0,0,0,1,5,1,90009,680,2009,19,SR-229,99999999999999999999,0000000,41.63852222,-72.90061389,2,1
9,3,2,6,7,39,2,3,0,0,14,6,0,12,5,2,1,1,4,30,1,2,2,1,2,3,1,1,0,0,7,39,7,41,8,1,0,0,0,0,1,6,0,90010,280,2009,10,NEW BRITAIN AVE,ZION ST #2,0000000,41.74171667,-72.69339444,2,1
9,1,2,8,3,30,1,2,0,0,16,6,0,38,0,1,4,1,2,25,1,1,2,1,0,0,3,1,0,0,3,23,3,25,99,99,0,0,0,0,1,1,1,90011,80,2009,2,NORMAN STREET,99999999999999999999,0000000,41.17124167,-73.20254722,1,1
9,7,2,26,13,20,1,1,0,0,3,3,0,30,0,1,4,1,2,35,2,1,2,1,0,0,1,1,0,0,13,18,13,23,14,0,0,0,0,0,1,5,0,90012,376,2009,19,SR-147,99999999999999999999,0000000,41.49841389,-72.71338889,1,1
9,3,2,26,17,36,1,1,0,0,15,6,0,33,0,1,3,2,2,25,1,1,2,1,0,0,1,1,0,0,17,36,17,39,17,54,0,0,0,0,1,5,1,90013,420,2009,4,COLUMBUS BOULEVARD,99999999999999999999,0000000,41.66847222,-72.78130278,1,1
9,3,2,27,2,35,1,1,0,0,14,6,0,42,0,1,4,1,2,30,1,2,2,1,0,0,3,1,0,0,2,39,2,41,2,53,0,0,0,0,1,6,1,90014,280,2009,0,FAIRFIELD AVENUE,99999999999999999999,0000000,41.74150278,-72.69327778,1,1
9,15,3,1,10,51,1,2,0,1,11,1,0,35,0,1,4,2,2,65,1,2,2,3,0,0,1,4,0,0,99,99,99,99,88,88,0,0,0,0,2,1,0,90015,330,2009,406,I-395,99999999999999999999,0000000,41.83464444,-71.87511111,1,4
9,3,3,5,18,37,1,2,1,0,16,6,0,8,0,1,1,1,2,30,1,2,2,1,0,0,2,1,0,0,18,40,18,50,18,53,0,0,0,0,1,5,1,90016,90,2009,1,GEORGE STREET,99999999999999999999,0000000,41.66676389,-72.94370278,1,1
9,11,3,7,3,45,2,10,0,1,11,1,0,12,2,1,1,3,2,65,1,1,2,2,0,0,2,1,0,0,3,42,3,51,4,27,0,0,0,0,1,7,1,90017,386,2009,91,I-395,99999999999999999999,0000000,41.48218333,-72.11598889,2,1
9,11,3,7,15,34,1,1,0,0,4,3,0,1,0,1,1,1,2,45,1,3,2,1,0,0,1,1,0,0,15,35,15,40,88,88,0,0,0,0,1,7,0,90018,263,2009,103,SR-165,99999999999999999999,0000000,41.55339444,-71.88391944,1,1
9,9,3,14,13,51,2,2,0,0,13,2,0,12,4,2,1,2,2,40,1,1,2,1,0,0,1,1,0,0,13,51,13,53,99,99,0,0,0,0,1,7,0,90019,825,2009,446,US-1,JAFFREY STREET #1,0000000,41.28285278,-72.98092778,2,1
9,7,3,26,1,29,1,1,0,0,15,6,0,33,0,1,4,1,2,30,1,1,2,1,0,0,3,1,0,0,1,29,1,37,88,88,0,0,0,0,1,5,1,90020,220,2009,5,NORTH MAIN STREET,99999999999999999999,0000000,41.58935556,-72.508275,1,1
9,15,3,30,7,2,2,2,0,1,1,1,0,12,1,15,1,3,2,65,1,1,2,2,0,0,1,1,0,0,7,2,7,11,8,18,0,0,0,0,1,2,0,90021,550,2009,295,I-395,99999999999999999999,0000000,41.68248056,-71.90828611,2,1
9,15,4,3,11,51,2,2,0,1,13,3,0,12,2,1,1,1,2,50,1,2,2,2,0,0,1,2,0,0,11,47,11,52,88,88,0,0,0,0,1,6,0,90022,843,2009,267,SR-32,99999999999999999999,0000000,41.69443333,-72.18187222,2,2
9,11,4,5,23,50,2,3,0,1,11,1,0,12,1,1,1,2,2,65,1,1,2,1,0,0,3,1,0,0,23,50,23,54,99,99,0,0,0,0,1,1,1,90023,520,2009,132,I-395,99999999999999999999,0000000,41.53855556,-72.11219722,2,1
9,9,4,15,15,40,1,1,0,0,16,6,0,42,0,1,4,1,2,0,2,1,2,1,0,0,1,1,0,0,15,48,16,7,16,43,0,0,0,0,1,4,0,90024,370,2009,0,LOWES SC PKG LOT,99999999999999999999,0000000,41.524925,-72.76223611,1,1
9,13,4,17,16,27,2,2,0,0,15,3,0,12,5,4,1,1,2,45,2,2,2,1,0,0,1,1,0,0,16,24,16,27,17,6,0,0,0,0,1,6,0,90025,64,2009,349,SR-85,99999999999999999999,0000000,41.75858056,-72.44060833,2,1
9,9,1,16,14,19,1,2,0,0,13,3,0,30,0,1,4,1,2,45,2,2,2,1,0,0,1,1,0,0,14,19,14,27,99,99,0,0,0,0,1,6,0,90026,222,2009,31,SR-80,99999999999999999999,0000000,41.32482778,-72.82465833,1,1
9,5,1,23,1,54,1,1,0,1,13,2,0,1,0,1,1,2,2,45,1,1,2,1,0,0,2,1,0,0,1,57,2,5,88,88,0,0,0,0,1,6,0,90027,450,2009,332,US-7,99999999999999999999,0000000,41.51915,-73.42261667,1,1
9,9,3,21,7,11,2,2,0,1,12,3,0,12,7,1,1,3,2,65,1,1,2,1,0,0,1,1,0,0,7,11,7,15,7,51,0,0,0,0,1,7,1,90028,790,2009,572,SR-15,99999999999999999999,0000000,41.44257222,-72.84579722,2,1
9,3,3,29,1,48,1,4,0,0,13,2,0,30,0,1,4,1,2,30,2,2,2,2,40,3,3,2,0,0,1,51,1,55,3,2,0,0,0,0,1,1,1,90029,90,2009,471,US-6,99999999999999999999,0000000,41.68125,-72.94454444,1,2
9,13,4,4,14,2,2,5,0,0,13,3,0,12,2,1,1,1,4,35,1,1,2,1,0,0,1,1,0,0,99,99,99,99,99,99,0,0,0,0,1,7,0,90030,785,2009,125,SR-83,99999999999999999999,0000000,41.83755556,-72.49118333,2,1
9,11,4,16,15,1,2,2,0,0,14,6,0,12,3,2,1,1,2,25,1,3,2,1,0,0,1,1,0,0,15,1,15,3,99,99,0,0,0,0,1,5,0,90031,520,2009,15,BOSWELL AVENUE,SANDY LANE,0000000,41.54230833,-72.05515556,2,1
9,13,4,17,20,27,1,1,0,0,4,3,0,24,0,1,4,1,2,35,2,2,2,1,0,0,2,1,0,0,20,27,20,32,88,88,0,0,0,0,1,6,1,90032,228,2009,203,SR-140,99999999999999999999,0000000,41.93295833,-72.35340278,1,1
9,15,4,19,18,48,1,1,0,1,11,1,0,24,0,15,3,3,2,65,2,2,2,1,40,3,1,1,0,0,18,48,99,99,88,88,0,0,0,0,1,1,0,90033,590,2009,459,I-395,99999999999999999999,0000000,41.90630278,-71.893575,1,1
9,1,4,18,11,38,1,2,1,0,16,6,0,9,0,1,1,1,2,25,1,1,2,1,0,0,1,1,0,0,11,38,11,42,12,6,0,16,0,0,1,7,0,90034,256,2009,11,SOUND BEACH AVENUE,99999999999999999999,0000000,41.02881389,-73.56697222,1,1
9,11,5,3,17,43,1,1,0,0,14,3,0,30,0,1,4,1,2,45,2,1,2,2,0,0,1,2,0,0,17,47,17,51,88,88,0,0,0,0,1,1,1,90035,263,2009,227,SR-12,99999999999999999999,0000000,41.62765833,-71.96753611,1,2
9,3,5,13,18,55,2,3,0,1,13,2,0,12,1,2,1,1,3,45,1,2,2,1,5,3,1,1,0,0,18,55,18,57,19,42,0,0,0,0,1,4,0,90036,237,2009,538,US-6,PINNACLE & RESRVOIR,0000000,41.70952778,-72.83003056,2,1
9,11,5,22,8,25,1,2,1,1,13,3,0,8,0,1,1,1,2,45,2,2,2,1,0,0,1,1,0,0,8,25,8,31,9,5,0,0,0,0,1,6,0,90037,584,2009,455,SR-2,99999999999999999999,0000000,41.48737222,-71.98794722,1,1
9,11,5,24,1,42,2,5,0,1,13,3,0,12,5,2,1,3,2,40,1,1,2,1,1,3,3,5,0,0,1,42,1,45,99,99,0,0,0,0,2,1,2,90038,811,2009,40,SR-32,OLD NORWICH RD CON,0000000,41.41396667,-72.10873333,2,5
9,1,5,25,1,21,1,3,0,1,12,3,0,42,0,15,3,2,2,55,1,2,2,1,0,0,3,1,0,0,1,21,1,28,99,99,0,0,0,0,1,2,1,90039,765,2009,70,SR-8,99999999999999999999,0000000,41.25260278,-73.1476,1,1
9,7,1,16,16,20,1,1,0,1,12,3,0,42,0,1,3,2,2,65,1,1,2,1,0,0,1,1,0,0,16,17,16,23,17,36,0,0,0,0,1,6,0,90040,190,2009,82,SR-9,99999999999999999999,0000000,41.39291667,-72.46261111,1,1
9,7,2,10,1,20,1,1,0,0,3,3,0,36,0,1,4,1,2,45,1,1,2,1,0,0,2,1,0,0,1,20,1,25,88,88,0,0,0,0,1,3,1,90041,205,2009,121,SR-17,99999999999999999999,0000000,41.43692778,-72.72124167,1,1
9,3,3,3,5,53,2,2,0,1,11,1,0,45,1,15,1,3,5,65,1,1,2,3,0,0,4,1,0,2,5,53,99,99,88,88,0,0,0,0,1,3,0,90042,225,2009,652,I-84,99999999999999999999,0000000,41.76761389,-72.61923333,1,1
9,3,3,10,12,57,1,1,0,1,11,1,0,42,0,1,3,2,4,65,1,1,2,1,0,0,1,1,0,0,12,57,99,99,99,99,0,0,0,0,1,3,0,90043,365,2009,18,I-384,99999999999999999999,0000000,41.76440556,-72.56690833,1,1