STATE,COUNTY,MONTH,DAY,HOUR,MINUTE,VE_TOTAL,PERSONS,PEDS,NHS,ROAD_FNC,ROUTE,SP_JUR,HARM_EV,MAN_COLL,REL_JUNC,REL_ROAD,TRAF_FLO,NO_LANES,SP_LIMIT,ALIGNMNT,PROFILE,PAVE_TYP,SUR_COND,TRA_CONT,T_CONT_F,LGT_COND,WEATHER1,WEATHER2,WRK_ZONE,NOT_HOUR,NOT_MIN,ARR_HOUR,ARR_MIN,HOSP_HR,HOSP_MN,SCH_BUS,CF1,CF2,CF3,FATALS,DAY_WEEK,DRUNK_DR,ST_CASE,CITY,YEAR,MILEPT,TWAY_ID,TWAY_ID2,RAIL,LATITUDE,LONGITUD,VE_FORMS,WEATHER
9,7,3,15,2,45,1,4,0,1,11,1,0,1,0,1,4,2,3,65,1,2,2,1,0,0,2,1,0,0,2,45,99,99,99,99,0,0,0,0,1,1,1,90044,160,2009,262,I-91,99999999999999999999,0000000,41.61579444,-72.69659722,1,1
9,3,3,21,3,24,1,1,0,1,11,1,0,24,0,1,4,3,3,65,1,1,2,1,0,0,3,1,0,0,3,24,99,99,99,99,0,0,0,0,1,7,0,90045,842,2009,467,I-91,99999999999999999999,0000000,41.88381111,-72.65871389,1,1
9,3,4,3,1,27,2,3,0,1,11,1,0,12,1,15,1,3,3,65,1,2,2,1,0,0,3,1,0,0,1,27,99,99,88,88,0,0,0,0,1,6,1,90046,842,2009,434,I-91,99999999999999999999,0000000,41.83639444,-72.66513056,2,1
9,1,2,2,8,23,4,4,0,1,12,2,0,12,1,15,1,3,3,55,1,1,2,1,0,0,1,1,0,0,8,24,8,30,8,47,0,0,0,0,1,2,0,90047,510,2009,7,US-7,99999999999999999999,0000000,41.11546944,-73.41925556,4,1
9,3,4,9,22,59,2,5,0,1,11,1,0,12,7,15,1,3,2,50,2,2,2,1,0,0,3,1,0,0,22,59,23,5,99,99,0,0,0,0,1,5,1,90048,225,2009,632,I-84,@ X55 EB,0000000,41.76659722,-72.65720556,2,1
9,9,4,13,6,32,1,1,0,1,11,1,0,25,0,1,3,3,3,65,1,2,2,1,0,0,1,1,0,0,6,32,6,41,88,88,0,0,0,0,1,2,0,90049,70,2009,529,I-95,99999999999999999999,0000000,41.28734167,-72.82655833,1,1
9,1,5,9,20,57,2,5,0,1,11,1,0,12,1,1,1,3,3,55,1,2,2,1,0,0,3,1,0,0,20,57,99,99,99,99,0,0,0,0,1,7,1,90050,256,2009,2,I-95,99999999999999999999,0000000,,-73.65596944,2,1
9,9,5,13,5,30,6,7,0,1,11,1,0,12,1,15,1,3,3,55,2,1,2,1,28,3,1,1,0,1,5,32,5,41,88,88,0,0,0,0,1,4,0,90051,385,2009,355,I-95,99999999999999999999,0000000,41.20900833,-73.09198889,6,1
9,9,3,31,1,12,1,1,0,0,13,3,0,33,0,2,4,1,2,35,2,1,2,1,0,0,3,1,0,0,1,12,1,15,88,88,0,0,0,0,1,3,1,90052,810,2009,24,SR-73,GERTRUDE AVE,0000000,41.57666944,-73.07023611,1,1
9,1,5,15,17,18,1,1,0,1,12,3,0,33,0,1,4,2,4,55,1,1,2,1,0,0,1,1,0,0,17,34,99,99,88,88,0,0,0,0,1,6,0,90053,765,2009,65,SR-25,99999999999999999999,0000000,41.25226111,-73.19687778,1,1
9,3,5,18,2,47,1,1,0,1,12,3,0,27,0,11,4,3,1,30,2,2,2,1,0,0,3,1,0,0,2,47,99,99,88,88,0,0,0,0,1,2,1,90054,555,2009,63,SR-72,SR-372,0000000,41.67263611,-72.88500278,1,1
9,7,5,21,2,51,1,1,0,1,12,3,0,24,0,10,4,6,1,30,2,2,2,1,20,3,3,1,0,0,2,50,2,55,88,88,0,0,0,0,1,5,1,90055,190,2009,67,SR-9,SR-80 (X RAMP# 013),0000000,41.38138333,-72.44415556,1,1
9,13,5,31,17,23,2,3,0,0,3,3,0,12,4,1,1,1,2,45,1,1,2,2,0,0,1,2,0,0,17,23,99,99,99,99,0,0,0,0,1,1,0,90056,846,2009,445,SR-32,99999999999999999999,0000000,41.89748056,-72.28815,2,2
9,15,6,2,13,27,2,3,0,0,15,3,0,12,5,2,1,1,2,30,1,1,2,1,20,3,1,1,0,0,13,27,99,99,99,99,0,0,0,0,1,3,0,90057,330,2009,1,SR-619,KILLINGLY DRIVE,0000000,41.80420278,-71.87333611,2,1
9,1,6,1,13,54,1,2,1,0,16,6,0,8,0,2,1,1,2,25,1,1,2,1,0,0,1,1,0,0,13,51,13,59,14,13,0,0,0,0,1,2,0,90058,80,2009,0,WOODMONT AVENUE,MAIN STREET #2,0000000,41.21534444,-73.21280278,1,1
9,9,3,11,1,44,1,2,0,0,16,6,0,35,0,1,5,1,2,0,1,1,2,1,0,0,2,1,0,0,1,53,1,56,2,31,0,0,0,0,1,4,1,90059,70,2009,1,FLYING POINT ROAD,99999999999999999999,0000000,41.25914722,-72.74966944,1,1
9,11,5,31,2,23,1,1,0,0,4,3,0,42,0,1,4,1,2,40,2,1,2,1,28,3,2,1,0,0,2,26,2,37,88,88,0,0,0,0,1,1,1,90060,66,2009,109,SR-163,99999999999999999999,0000000,41.54229722,-72.18331944,1,1
9,1,6,5,16,47,1,1,0,0,13,2,0,27,0,2,3,2,2,35,1,1,2,2,28,3,3,2,0,0,16,48,16,54,17,30,0,0,0,0,1,6,1,90061,715,2009,349,US-1,SR-130,0000000,41.19939444,-73.11838333,1,2
9,3,6,10,14,6,1,1,0,0,16,6,0,34,0,1,4,1,2,30,2,1,2,1,0,0,1,1,0,0,14,18,14,28,15,14,0,0,0,0,1,4,0,90062,89,2009,9,SOUTH MAIN STREET,99999999999999999999,0000000,41.72568056,-72.94218333,1,1
9,3,6,13,17,54,1,1,0,1,11,1,0,25,0,15,3,3,3,50,2,2,2,1,0,0,1,1,0,0,17,54,18,0,99,99,0,0,0,0,1,7,0,90063,555,2009,492,I-84,99999999999999999999,0000000,41.66635556,-72.84576944,1,1
9,3,6,17,15,16,1,1,0,1,2,3,0,24,0,1,4,3,2,65,2,1,2,1,0,0,1,1,0,0,15,15,15,22,88,88,0,0,0,0,1,4,0,90064,369,2009,167,SR-2,99999999999999999999,0000000,41.62226111,-72.44030833,1,1
9,1,6,25,23,34,4,4,0,1,11,1,0,12,1,1,1,3,3,55,1,1,2,1,0,0,3,1,0,0,23,35,23,50,88,88,0,0,0,0,1,5,1,90065,256,2009,40,I-95,99999999999999999999,0000000,41.028675,-73.60180556,4,1
9,1,6,30,1,4,1,3,1,1,11,1,0,8,0,15,1,3,3,55,1,1,2,1,0,0,3,1,0,0,1,4,99,99,88,88,0,0,0,0,1,3,0,90066,510,2009,148,I-95,99999999999999999999,0000000,41.08433056,-73.45984444,1,1
9,1,7,5,14,12,1,3,2,0,16,6,0,8,0,1,1,1,2,25,1,1,2,1,0,0,1,1,0,0,14,14,14,19,14,35,0,0,0,0,1,1,1,90067,700,2009,3,FINNEY LANE,99999999999999999999,0000000,41.05045278,-73.55294444,1,1
9,11,7,10,19,5,1,1,0,0,4,3,0,42,0,1,4,1,2,40,2,2,2,1,0,0,1,1,0,0,19,15,19,20,88,88,0,0,0,0,1,6,1,90068,505,2009,49,SR-49,99999999999999999999,0000000,41.46633333,-71.83278611,1,1
9,3,7,14,23,34,2,2,0,0,14,3,0,12,1,1,1,1,2,40,1,1,2,1,0,0,3,1,0,0,23,34,23,38,88,88,0,0,0,0,1,3,1,90069,229,2009,46,SR-220,99999999999999999999,0000000,42.017225,-72.51408889,2,1
9,1,6,4,22,43,3,4,0,0,14,6,0,12,1,8,1,1,2,30,1,1,2,1,0,0,3,1,0,0,22,47,22,49,23,0,0,0,0,0,1,5,1,90070,715,2009,7,BROADBRIDGE AVENUE,99999999999999999999,0000000,41.19714444,-73.14299722,3,1
9,3,6,6,4,35,1,3,0,0,6,6,0,27,0,1,4,1,2,25,1,2,2,2,0,0,2,2,0,0,4,41,4,52,99,99,0,0,0,0,1,7,1,90071,15,2009,10,DEERCLIFF RD,99999999999999999999,0000000,41.78418611,-72.80138611,1,2
9,13,1,30,22,58,1,2,1,0,14,3,0,8,0,1,2,1,2,35,1,1,2,2,0,0,3,1,0,0,22,58,99,99,99,99,0,0,0,0,1,6,1,90072,785,2009,117,SR-30,99999999999999999999,0000000,41.85824722,-72.43476111,1,1
9,15,7,20,13,42,1,1,0,0,15,3,0,24,0,1,4,1,2,40,2,2,2,1,40,3,1,1,0,0,13,42,99,99,99,99,0,0,0,0,1,2,0,90073,749,2009,57,SR-193,99999999999999999999,0000000,42.01143056,-71.84449167,1,1
9,1,7,27,12,57,3,4,0,1,12,3,0,12,1,1,1,3,2,55,2,2,2,1,0,0,1,1,0,0,12,57,13,9,99,99,0,0,0,0,1,2,1,90074,765,2009,333,SR-15,99999999999999999999,0000000,41.23713889,-73.16776111,3,1
9,9,6,5,17,29,2,3,0,0,13,3,0,12,2,1,1,1,2,45,1,1,2,2,0,0,1,2,0,0,17,31,17,38,18,16,0,0,0,0,1,6,0,90075,375,2009,183,SR-63,99999999999999999999,0000000,41.52595278,-73.08314167,2,2
9,11,7,16,12,43,1,2,0,1,11,1,0,42,0,15,4,3,2,65,2,1,2,1,0,0,1,1,0,0,12,44,12,50,13,18,0,0,0,0,1,5,0,90076,386,2009,99,I-395,99999999999999999999,0000000,41.49233056,-72.1147,1,1
9,9,8,2,14,38,1,1,0,0,6,6,0,1,0,1,4,1,2,25,1,1,2,2,0,0,1,2,0,0,14,37,14,53,15,15,0,0,0,0,1,1,0,90077,49,2009,10,BROOKS ROAD,99999999999999999999,0000000,41.40730556,-72.95305833,1,2
9,15,8,2,17,50,1,1,0,0,6,6,0,42,0,1,4,1,2,30,1,9,2,1,0,0,1,1,0,0,17,50,17,53,18,40,0,0,0,0,1,1,1,90078,215,2009,10,OLD COLONY ROAD,99999999999999999999,0000000,41.88993056,-72.08723056,1,1
9,9,7,9,11,46,1,1,0,0,13,2,0,25,0,1,4,4,3,35,1,1,2,1,0,0,1,1,0,0,11,44,11,45,99,99,0,0,0,0,1,5,0,90079,222,2009,508,US-1,99999999999999999999,0000000,41.28721944,-72.88182222,1,1
9,1,9,2,1,12,2,2,0,1,11,1,0,12,1,15,1,3,3,55,1,1,2,1,40,3,3,1,0,1,1,13,1,22,88,88,0,0,0,0,1,4,1,90080,835,2009,181,I-95,99999999999999999999,0000000,41.12040833,-73.37380556,2,1
9,11,9,5,16,16,1,2,0,1,12,3,0,42,0,15,3,2,2,65,1,1,2,1,0,0,1,1,0,0,16,16,99,99,99,99,0,0,0,0,1,7,0,90081,140,2009,174,SR-11,99999999999999999999,0000000,41.56068333,-72.32483333,1,1
9,15,9,13,4,1,2,2,0,1,1,1,0,24,0,1,3,3,2,65,1,1,2,2,0,0,2,2,0,0,4,1,99,99,99,99,0,0,0,0,1,1,0,90082,749,2009,508,I-395,99999999999999999999,0000000,41.97240556,-71.86710833,2,2
9,1,9,21,19,34,2,1,0,0,16,6,0,42,0,1,4,1,2,25,2,2,2,1,0,0,2,1,0,0,19,34,19,44,20,8,0,0,0,0,1,2,0,90083,650,2009,2,DOGWOOD DRIVE,99999999999999999999,0000000,41.30675278,-73.16181389,1,1
9,11,9,14,21,19,2,2,0,0,4,3,0,12,2,2,1,1,2,45,2,1,2,1,0,0,2,1,0,0,21,10,21,13,21,55,0,0,0,0,1,2,1,90084,338,2009,28,SR-289,VILLAGE HILL RD,0000000,41.68230278,-72.23798611,2,1
9,11,4,19,22,8,1,2,1,1,13,3,0,8,0,1,1,1,4,45,1,2,2,1,0,0,2,1,0,0,22,8,22,10,88,88,0,0,0,0,1,1,0,90085,260,2009,18,SR-12,99999999999999999999,0000000,41.38676389,-72.07875278,1,1
9,9,4,30,22,25,1,3,0,0,16,6,0,42,0,1,4,1,2,30,1,2,2,2,0,0,2,2,0,0,22,25,22,29,23,15,0,0,0,0,1,5,0,90086,790,2009,19,WHIRLWIND HILL ROAD,99999999999999999999,0000000,41.44090833,-72.77161389,1,2
9,7,4,16,23,39,1,2,0,0,16,6,0,35,0,1,4,1,2,30,2,2,4,1,0,0,2,1,0,0,23,39,23,42,0,52,0,0,0,0,1,5,0,90088,380,2009,10,CHAMBERLAIN HILL RD,99999999999999999999,0000000,41.50482222,-72.62560556,1,1
9,3,6,20,23,5,3,4,0,1,13,2,0,12,2,1,1,1,4,40,2,2,2,2,0,0,3,2,0,0,23,7,23,24,23,41,0,0,0,0,1,7,0,90089,823,2009,479,US-44,99999999999999999999,0000000,41.78864167,-72.77298611,3,2
9,3,6,28,7,42,1,1,0,0,14,6,0,33,0,1,4,1,2,25,1,2,2,1,0,0,1,1,0,0,7,42,7,48,8,14,0,0,0,0,1,1,0,90090,280,2009,10,WINDSOR STREET,99999999999999999999,0000000,41.77793611,-72.67278056,1,1
9,3,7,5,10,45,1,1,0,0,14,6,0,30,0,2,4,1,2,25,2,1,2,1,0,0,1,1,0,0,10,45,10,50,11,3,0,0,0,0,1,1,0,90091,280,2009,14,CAPITOL AVENUE,BABCOCK STREET,0000000,41.76380556,-72.68908056,1,1
9,9,3,27,21,52,1,1,0,1,11,1,0,1,0,15,1,3,4,55,2,2,2,1,0,0,3,1,0,0,21,52,22,0,88,88,0,0,0,0,1,6,1,90092,810,2009,324,I-84,99999999999999999999,0000000,41.55167778,-73.05036111,1,1
9,3,7,9,18,47,2,5,0,0,14,3,0,12,4,4,1,1,2,40,1,2,2,1,0,0,1,1,0,0,18,53,18,56,19,23,0,0,0,0,1,5,0,90093,680,2009,57,SR-322,99999999999999999999,0000000,41.56355833,-72.92278333,2,1
9,11,2,18,7,33,1,1,0,0,4,3,0,42,0,1,4,1,2,30,2,1,2,9,0,0,1,9,0,0,7,34,7,44,88,88,0,0,0,0,1,4,0,90094,339,2009,70,SR-214,99999999999999999999,0000000,41.46711389,-71.95409722,1,9
9,3,2,21,18,57,1,2,1,0,15,6,0,8,0,3,1,1,2,25,1,2,2,1,2,3,2,1,0,0,19,0,19,2,19,15,0,0,0,0,1,7,0,90095,420,2009,5,CHESTNUT STREET,STANLEY STREET,0000000,41.66654167,-72.77131389,1,1
9,1,3,10,21,38,1,2,1,1,12,3,0,8,0,1,1,2,2,55,1,1,2,1,0,0,3,1,0,0,21,38,21,49,99,99,0,0,0,0,1,3,0,90096,765,2009,45,SR-8,99999999999999999999,0000000,41.22482778,-73.17095556,1,1
9,1,3,20,7,9,1,1,0,0,16,6,0,42,0,1,4,1,2,30,2,1,2,1,0,0,1,1,0,0,7,13,7,19,7,56,0,0,0,0,1,6,0,90097,835,2009,0,WARNOCK DRIVE,99999999999999999999,0000000,41.16653333,-73.35360556,1,1
9,9,4,11,3,44,1,1,0,0,16,6,0,30,0,1,4,1,2,25,2,2,2,2,0,0,3,2,0,0,3,44,3,53,88,88,0,0,0,0,1,7,1,90098,810,2009,5,BALDWIN STREET,99999999999999999999,0000000,41.54711667,-73.03359167,1,2
9,9,5,9,21,20,1,3,0,0,12,3,0,33,0,1,4,1,4,40,2,2,2,1,0,0,3,1,0,0,99,99,99,99,99,99,0,0,0,0,2,7,0,90099,810,2009,8,SR-847,99999999999999999999,0000000,41.52135,-73.04197778,1,1
9,9,1,18,2,38,1,2,0,0,13,3,0,43,0,1,4,1,2,40,1,1,2,1,0,0,3,1,0,0,2,46,3,3,3,35,0,0,0,0,1,1,1,90100,640,2009,111,SR-34,99999999999999999999,0000000,41.34607222,-73.12385278,1,1
9,9,4,7,18,43,2,5,0,0,14,6,0,12,2,1,1,1,2,30,2,2,2,1,0,0,1,1,0,0,18,43,18,43,99,99,0,20,0,0,1,3,0,90101,267,2009,6,WOODIN STREET,99999999999999999999,0000000,41.34987222,-72.95381111,2,1
9,9,4,9,22,46,1,2,1,0,13,3,0,8,0,2,1,1,4,35,1,1,2,1,2,3,3,1,0,0,22,46,22,49,99,99,0,0,0,0,1,5,0,90102,267,2009,54,SR-10,WOODIN STREET,0000000,41.34444444,-72.93433889,1,1
9,15,5,20,17,45,1,1,0,0,13,3,0,42,0,1,4,1,2,50,2,1,2,1,0,0,1,1,0,0,17,46,17,48,18,18,0,0,0,0,1,4,0,90103,682,2009,251,SR-32,99999999999999999999,0000000,41.67461944,-72.16685,1,1
9,1,7,20,8,59,2,2,0,0,13,3,0,12,99,2,1,1,2,35,1,1,2,1,0,0,1,1,0,0,99,99,99,99,99,99,0,0,0,0,1,2,0,90104,170,2009,6,SR-805,MORGAN AVENUE,0000000,41.40658056,-73.42967222,2,1
9,5,7,31,19,54,1,1,0,1,2,2,0,42,0,1,4,1,2,40,2,2,2,2,0,0,1,2,0,0,19,55,19,59,21,10,0,0,0,0,1,6,0,90105,634,2009,70,US-44,99999999999999999999,0000000,41.99958056,-73.38885833,1,2
9,9,4,26,13,30,2,4,0,0,16,6,0,12,1,2,1,1,2,25,1,1,2,1,20,3,1,1,0,0,13,23,13,29,14,0,0,0,0,0,1,1,0,90106,222,2009,1,FLORENCE STREET,PERSHING AVENUE #1,0000000,41.31313889,-72.85859167,2,1
9,1,8,2,20,48,1,2,0,0,14,6,0,1,0,1,1,1,2,25,2,3,2,2,0,0,3,1,0,0,20,52,20,55,21,32,0,0,0,0,1,1,0,90107,235,2009,10,BRONSON ROAD #1,99999999999999999999,0000000,41.15281111,-73.27415556,1,1
9,3,8,2,2,0,3,3,0,0,16,6,0,12,4,2,1,1,2,30,1,1,2,1,0,0,3,1,0,0,2,0,2,4,2,28,0,0,0,0,1,1,0,90108,280,2009,4,WINDSOR STREET,LOOMIS STREET,0000000,41.78620833,-72.67018056,3,1
9,3,6,27,16,33,2,3,0,1,13,3,0,12,1,3,1,3,2,50,1,1,2,1,28,3,1,1,0,0,16,43,16,57,17,37,0,0,0,0,1,7,0,90109,46,2009,699,SR-15,BISHOPS CURVE,0000000,41.60278889,-72.75245278,2,1
9,3,6,27,20,52,2,3,0,0,16,6,0,12,2,1,1,1,2,25,1,2,2,1,0,0,3,1,0,0,20,52,21,1,21,16,0,0,0,0,1,7,1,90110,280,2009,5,HAMILTON STREET,99999999999999999999,0000000,41.75291389,-72.698875,2,1
9,3,7,15,19,8,2,2,0,0,14,6,0,12,3,2,1,1,2,25,1,1,2,1,20,3,1,1,0,0,19,12,19,13,19,20,0,0,0,0,1,4,0,90111,280,2009,9,VINE STREET,E RAYMOND STREET,0000000,41.78497222,-72.68830833,2,1
9,9,8,8,1,45,1,1,0,0,16,6,0,24,0,1,4,1,2,25,2,1,2,1,0,0,3,1,0,0,1,45,1,45,88,88,0,20,0,0,1,7,0,90112,502,2009,0,UPPER STATE STREET,99999999999999999999,0000000,41.39469167,-72.87156944,1,1
9,7,8,11,15,17,1,1,0,1,12,3,0,35,0,15,3,3,2,65,2,2,2,1,0,0,1,1,0,0,15,17,15,23,88,88,0,0,0,0,1,3,1,90113,380,2009,212,SR-9,99999999999999999999,0000000,41.53215278,-72.61743056,1,1
9,11,8,14,1,21,2,2,0,1,12,3,0,12,1,1,1,3,2,50,1,1,2,1,28,3,2,1,0,1,1,21,1,23,88,88,0,0,0,0,1,6,1,90114,811,2009,7,SR-693,99999999999999999999,0000000,41.42253611,-72.11759444,2,1
9,1,1,24,4,39,1,1,0,0,14,6,0,39,0,1,4,1,2,25,2,1,2,2,0,0,3,1,0,0,4,38,4,43,4,58,0,0,0,0,1,7,1,90115,700,2009,2,NEWFIELD AVENUE,99999999999999999999,0000000,41.07611111,-73.53361111,1,1
9,9,5,6,15,20,2,2,0,0,13,3,0,33,0,1,4,1,2,45,1,2,2,1,0,0,1,1,0,0,15,20,15,27,15,45,0,0,0,0,1,4,0,90116,852,2009,216,SR-69,99999999999999999999,0000000,41.60888889,-72.98388889,2,1
9,3,2,16,11,23,2,2,0,0,14,3,0,12,4,2,1,1,2,45,1,1,2,1,0,0,1,1,0,0,11,28,11,33,11,57,0,0,0,0,1,2,0,90117,823,2009,61,SR-185,@CDR TO COMMTY CTR,0000000,41.79859167,-72.72643333,2,1
9,1,8,23,2,38,1,1,0,0,14,3,0,30,0,1,4,1,2,35,2,1,2,1,0,0,2,1,0,0,2,42,2,43,3,14,0,0,0,0,1,1,1,90118,426,2009,117,SR-39,99999999999999999999,0000000,41.49226111,-73.46729722,1,1
9,1,8,25,10,44,2,2,0,0,14,3,0,33,0,2,4,1,2,45,2,2,2,1,1,3,1,1,0,0,10,14,10,24,10,59,0,20,14,0,1,3,0,90119,832,2009,45,SR-57,SCHOOL ROAD,0000000,41.20369167,-73.38246111,2,1
9,1,8,22,18,12,2,2,0,0,14,3,0,1,0,1,1,1,2,25,1,1,2,1,0,0,1,1,0,0,18,17,18,21,18,39,0,0,0,0,1,7,0,90120,235,2009,7,SR-59,99999999999999999999,0000000,41.18883611,-73.22079722,2,1
9,7,8,29,1,47,1,2,0,1,11,1,0,1,0,1,4,2,3,65,1,1,2,2,0,0,2,2,0,0,1,58,2,16,99,99,0,0,0,0,1,7,1,90121,380,2009,243,I-91,99999999999999999999,0000000,41.58456111,-72.71348611,1,2
9,11,6,15,23,17,1,2,1,0,15,6,0,8,0,2,1,1,2,25,1,1,2,1,0,0,3,1,0,0,99,99,99,99,99,99,0,0,0,0,1,2,0,90122,440,2009,4,MONTAUK AVENUE,LINDEN STREET,0000000,41.34347778,-72.10508056,1,1
9,9,9,11,9,12,2,2,0,1,11,1,0,12,4,15,1,2,2,65,1,1,2,2,0,0,1,2,0,0,9,13,9,19,9,38,0,0,0,0,1,6,0,90123,110,2009,67,I-691,99999999999999999999,0000000,41.55631667,-72.88348333,2,2
9,9,9,13,4,56,1,2,1,1,12,3,0,8,0,1,1,2,2,55,2,1,2,2,0,0,3,2,0,0,99,99,99,99,99,99,0,0,0,0,1,1,0,90124,810,2009,281,SR-8,99999999999999999999,0000000,41.52349444,-73.04479167,1,2
9,1,9,14,6,13,1,1,0,0,14,6,0,42,0,1,4,1,2,30,2,1,2,1,0,0,2,1,0,0,6,13,6,25,88,88,0,0,0,0,1,2,0,90125,256,2009,23,LAKE AVENUE,99999999999999999999,0000000,41.06238889,-73.639775,1,1
9,9,9,10,16,50,1,3,1,0,16,6,0,8,0,1,1,1,2,25,1,1,2,1,0,0,1,1,0,0,16,59,17,1,17,17,0,0,0,0,1,5,0,90126,810,2009,1,BROOKFIELD ROAD,99999999999999999999,0000000,41.60073333,-73.0335,1,1
9,9,6,6,22,50,3,5,0,0,14,6,0,12,5,2,1,1,2,25,1,2,2,1,20,3,3,1,0,0,22,45,22,51,23,14,0,0,0,0,1,7,0,90127,430,2009,6,DIVISION STREET,MANSFIELD STREET #2,0000000,41.32505278,-72.92475833,2,1
9,3,8,9,17,4,4,6,0,0,14,3,0,12,5,2,1,1,2,45,1,2,2,1,1,3,1,1,0,0,99,99,99,99,99,99,0,0,0,0,3,1,0,90128,630,2009,8,SR-411,GILBERT AVENUE,0000000,41.651875,-72.66300278,4,1
9,9,9,17,21,22,1,1,0,1,11,1,0,24,0,15,8,3,2,55,1,1,2,1,0,0,3,1,0,0,21,22,99,99,88,88,0,0,0,0,1,5,1,90129,70,2009,553,I-95,@ X55 NB,0000000,41.29370833,-72.78204722,1,1
9,9,9,20,2,44,2,2,0,1,11,1,0,12,3,15,1,3,4,50,1,2,2,1,0,0,3,1,0,0,2,45,99,99,99,99,0,19,0,0,1,1,2,90130,430,2009,22,I-91,99999999999999999999,0000000,41.31967222,-72.89240833,2,1
9,11,9,20,13,47,3,5,0,0,14,3,0,12,1,1,1,1,3,35,1,1,2,1,0,0,1,1,0,0,13,48,13,52,14,20,0,0,0,0,1,1,1,90131,386,2009,91,SR-32,99999999999999999999,0000000,41.484425,-72.09969167,3,1
9,9,4,16,7,23,1,1,0,0,16,6,0,42,0,1,4,1,2,30,1,2,2,1,0,0,1,1,0,0,7,13,7,19,7,47,0,0,0,0,1,5,1,90132,669,2009,7,OLD WATERBURY RD,99999999999999999999,0000000,41.48245278,-73.20018889,1,1
9,3,8,6,8,19,2,2,0,0,14,3,0,12,4,2,1,1,4,35,1,1,2,1,2,3,1,1,0,0,8,20,8,23,8,49,0,0,0,0,1,5,0,90133,225,2009,24,SR-502,@CDR TO SC,0000000,41.76466944,-72.608,2,1
9,3,9,6,5,12,1,1,0,0,14,3,0,23,0,1,4,1,4,35,2,2,2,1,40,3,3,1,0,0,5,12,5,19,88,88,0,0,0,0,1,1,1,90134,225,2009,2,SR-518,99999999999999999999,0000000,41.76570278,-72.62618056,1,1
9,9,9,22,21,19,1,1,0,0,14,3,0,1,0,1,1,1,2,30,2,1,2,1,0,0,1,1,0,0,21,19,21,21,99,99,0,0,0,0,1,3,1,90135,200,2009,6,SR-115,99999999999999999999,0000000,41.32756111,-73.08005278,1,1
9,5,9,26,2,49,1,1,0,0,4,3,0,24,0,1,4,1,2,50,2,1,2,1,0,0,2,1,0,0,2,54,3,2,88,88,0,0,0,0,1,7,1,90136,802,2009,118,SR-47,99999999999999999999,0000000,41.67597222,-73.32644444,1,1
9,9,8,30,11,49,1,2,0,0,3,3,0,42,0,1,1,1,2,40,1,2,2,1,0,0,1,1,0,0,11,48,11,52,12,32,0,0,0,0,1,1,0,90137,585,2009,56,SR-68,99999999999999999999,0000000,41.49846944,-72.95397222,1,1
9,3,9,29,5,7,1,1,0,1,11,1,0,42,0,15,3,2,3,50,1,2,2,1,0,0,4,1,0,0,5,7,5,13,88,88,0,0,0,0,1,3,0,90138,420,2009,509,I-84,99999999999999999999,0000000,41.67497222,-72.81968889,1,1
9,9,10,3,0,54,2,3,0,1,11,1,0,12,4,15,1,3,5,50,2,1,2,2,0,0,3,2,0,0,10,41,10,51,88,88,0,0,0,0,1,7,1,90139,430,2009,20,I-91,99999999999999999999,0000000,41.31887222,-72.89540278,2,2
9,9,10,4,2,7,2,3,0,1,12,3,0,24,0,15,3,3,2,55,1,1,2,2,0,0,2,5,0,0,2,10,2,18,2,47,0,0,0,0,2,1,1,90140,640,2009,173,SR-8,99999999999999999999,0000000,41.37880556,-73.08163333,2,5
9,15,8,25,9,40,1,1,0,0,4,3,0,42,0,2,4,1,2,40,1,9,2,1,20,3,1,1,0,0,9,40,9,52,10,28,0,0,0,0,1,3,1,90141,104,2009,0,SR-668,SR-169,0000000,41.65258889,-71.97938056,1,1
9,1,10,11,2,19,1,1,0,1,2,2,0,25,0,2,4,1,2,45,2,2,2,1,28,3,2,1,0,1,99,99,99,99,99,99,0,0,0,0,1,1,0,90142,170,2009,198,US-7,OLD SUGAR HOLLOW RD,0000000,41.36173056,-73.47289722,1,1
9,9,10,13,23,5,1,1,0,0,15,3,0,42,0,1,4,1,2,30,2,1,2,1,0,0,2,1,0,0,23,5,23,9,88,88,0,0,0,0,1,3,1,90143,669,2009,31,SR-487,99999999999999999999,0000000,41.46135,-73.19929722,1,1
9,13,10,16,19,13,2,5,0,1,1,1,0,12,1,1,1,3,3,65,1,1,2,1,0,0,2,1,0,0,19,13,99,99,99,99,0,0,0,0,1,6,0,90144,756,2009,804,I-84,99999999999999999999,0000000,41.85820556,-72.37192222,2,1
9,11,10,19,3,4,2,4,0,1,13,3,0,12,4,1,1,1,2,50,1,2,2,2,0,0,2,1,0,0,3,5,99,99,99,99,0,0,0,0,1,2,0,90145,584,2009,425,SR-2,99999999999999999999,0000000,41.50375556,-72.03923056,2,1
9,3,10,10,13,31,1,1,0,1,12,3,0,24,0,15,3,3,3,55,2,2,2,1,0,0,1,1,0,0,13,31,13,36,99,99,0,0,0,0,1,7,0,90146,420,2009,10,SR-72,99999999999999999999,0000000,41.66799167,-72.78974444,1,1
9,1,9,13,16,54,2,3,0,0,13,3,0,12,5,2,1,1,2,40,1,2,2,1,20,3,1,1,0,0,16,52,16,56,17,19,0,0,0,0,1,1,0,90147,425,2009,60,SR-123,CANOE HILL ROAD,0000000,41.16951944,-73.49458333,2,1