STATE,COUNTY,MONTH,DAY,HOUR,MINUTE,VE_TOTAL,PERSONS,PEDS,NHS,ROAD_FNC,ROUTE,SP_JUR,HARM_EV,MAN_COLL,REL_JUNC,REL_ROAD,TRAF_FLO,NO_LANES,SP_LIMIT,ALIGNMNT,PROFILE,PAVE_TYP,SUR_COND,TRA_CONT,T_CONT_F,LGT_COND,WEATHER1,WEATHER2,WRK_ZONE,NOT_HOUR,NOT_MIN,ARR_HOUR,ARR_MIN,HOSP_HR,HOSP_MN,SCH_BUS,CF1,CF2,CF3,FATALS,DAY_WEEK,DRUNK_DR,ST_CASE,CITY,YEAR,MILEPT,TWAY_ID,TWAY_ID2,RAIL,LATITUDE,LONGITUD,VE_FORMS,WEATHER
9,7,10,19,12,51,2,2,1,1,12,3,0,8,0,1,2,2,2,65,2,1,2,1,0,0,1,1,0,0,12,51,12,51,13,14,0,0,0,0,1,2,0,90148,160,2009,271,SR-9,99999999999999999999,0000000,41.59680556,-72.669475,1,1
9,9,10,22,20,9,1,3,0,0,13,3,0,42,0,1,4,1,2,45,2,2,2,1,0,0,2,1,0,0,20,9,20,14,88,88,0,0,0,0,3,5,1,90149,49,2009,93,SR-69,99999999999999999999,0000000,41.46520833,-72.96613889,1,1
9,5,10,22,12,46,1,4,0,0,4,3,0,36,0,1,4,1,2,35,2,1,2,1,40,3,1,1,0,0,12,46,12,52,13,30,0,0,0,0,1,5,0,90150,802,2009,97,SR-47,99999999999999999999,0000000,41.64686111,-73.31741111,1,1
9,9,5,4,8,26,1,2,1,0,13,6,0,8,0,2,1,4,2,25,1,1,2,1,2,3,1,1,0,0,8,26,99,99,99,99,0,0,0,0,1,2,0,90151,430,2009,6,COLLEGE STREET,SO FRONTAGE ROAD,0000000,41.3036,-72.93144722,1,1
9,9,7,11,2,14,1,2,0,0,15,6,0,42,0,2,4,1,2,25,1,1,2,1,20,3,3,1,0,0,2,14,2,17,2,30,0,0,0,0,1,7,1,90152,430,2009,0,HUMPHREY STREET,WHITNEY AVENUE,0000000,41.31784167,-72.91974167,1,1
9,3,10,23,0,13,2,2,0,1,11,1,0,12,2,15,1,3,3,50,2,1,2,1,0,0,3,1,0,0,0,13,99,99,99,99,0,0,0,0,1,6,1,90153,280,2009,621,I-84,99999999999999999999,0000000,41.77084167,-72.67803333,2,1
9,15,10,24,21,30,1,1,0,1,11,1,0,42,0,1,4,3,2,65,1,2,2,2,0,0,2,2,6,0,21,31,21,37,88,88,0,0,0,0,1,7,0,90154,550,2009,288,I-395,99999999999999999999,0000000,41.67271111,-71.90944444,1,2
9,13,10,25,4,44,1,1,0,0,14,3,0,42,0,1,4,1,2,30,1,1,2,2,0,0,2,1,0,0,4,44,99,99,88,88,0,0,0,0,1,1,0,90155,228,2009,33,SR-74,99999999999999999999,0000000,41.86026111,-72.50906944,1,1
9,11,10,26,0,58,1,2,0,0,15,6,0,19,0,1,4,1,2,30,2,2,2,1,0,0,3,1,0,0,0,58,1,5,99,99,0,0,0,0,1,2,1,90156,600,2009,10,OLD NORWICH ROAD,99999999999999999999,0000000,41.40253056,-72.11240556,1,1
9,7,10,26,1,6,1,1,0,0,15,3,0,42,0,1,4,1,2,30,2,1,2,1,0,0,2,1,0,0,1,6,1,14,88,88,0,0,0,0,1,2,1,90157,205,2009,6,SR-157,99999999999999999999,0000000,41.48251389,-72.72416667,1,1
9,3,10,26,18,27,1,2,1,0,14,6,0,8,0,1,1,1,2,35,1,1,2,1,40,3,1,1,0,1,18,27,18,31,18,46,0,0,0,0,1,2,0,90158,823,2009,12,ASYLUM AVENUE,99999999999999999999,0000000,41.77895278,-72.73636111,1,1
9,15,10,20,22,46,1,1,0,0,6,6,0,39,0,1,4,1,2,30,2,1,2,1,0,0,2,1,0,0,22,44,22,47,23,29,0,0,0,0,1,3,0,90159,104,2009,11,COLBURN ROAD,99999999999999999999,0000000,41.71754167,-72.04035833,1,1
9,7,9,14,14,57,1,1,0,0,4,3,0,1,0,2,1,1,2,45,1,1,2,1,20,3,1,1,0,0,14,54,14,59,16,3,0,0,0,0,1,2,0,90160,822,2009,32,SR-145,ORTNER DRIVE,0000000,41.3115,-72.492775,1,1
9,1,10,25,3,45,1,1,0,1,11,1,0,24,0,1,4,3,2,65,2,1,2,1,0,0,2,1,0,0,3,59,4,5,99,99,0,0,0,0,1,1,1,90161,460,2009,136,I-84,99999999999999999999,0000000,41.42908611,-73.31492222,1,1
9,9,8,16,14,53,1,1,0,0,16,6,0,42,0,2,4,1,2,25,1,2,2,1,20,3,1,1,0,0,14,58,15,6,15,38,0,0,0,0,1,1,0,90162,669,2009,9,NEW WHEELER ROAD,N POVERTY & HERITAGE,0000000,41.49178333,-73.22653889,1,1
9,1,10,31,0,55,1,1,0,0,4,3,0,24,0,1,4,1,2,30,2,1,2,1,0,0,2,1,0,0,0,57,1,5,88,88,0,0,0,0,1,7,1,90163,655,2009,122,SR-37,99999999999999999999,0000000,41.54053889,-73.49946111,1,1
9,1,7,5,7,28,2,2,0,0,14,3,0,12,2,1,1,1,2,35,2,1,2,1,0,0,1,1,0,0,7,30,7,31,8,6,0,0,0,0,1,1,1,90164,841,2009,102,SR-33,99999999999999999999,0000000,41.21633333,-73.47557778,2,1
9,3,11,1,20,53,3,4,2,0,13,6,0,12,5,2,1,1,2,25,1,1,2,1,4,3,3,1,0,0,20,54,21,3,21,20,0,0,0,0,1,1,0,90165,280,2009,6,WETHERSFIELD AVENUE,ELLIOTT STREET,0000000,41.74644722,-72.67333611,2,1
9,3,11,4,7,41,1,3,1,0,15,6,0,8,0,1,1,1,2,35,1,2,2,1,28,3,1,1,0,0,7,43,7,50,8,27,0,0,0,0,1,4,0,90166,237,2009,6,BRICKYARD ROAD,99999999999999999999,0000000,41.74845833,-72.85476389,1,1
9,9,11,7,1,25,1,2,0,0,15,3,0,30,0,1,4,1,2,40,2,2,2,1,0,0,2,1,0,0,1,21,1,36,2,15,0,0,0,0,1,7,1,90167,265,2009,115,SR-77,99999999999999999999,0000000,41.43099167,-72.69116389,1,1
9,9,11,8,16,53,2,4,0,0,14,3,0,12,5,2,1,1,2,40,1,1,2,1,20,3,5,1,0,0,16,55,17,2,17,25,0,0,0,0,1,1,0,90168,110,2009,79,SR-322,HONEY ROAD,0000000,41.56339167,-72.88135278,2,1
9,1,11,14,2,0,2,5,2,1,11,1,0,12,2,15,1,3,4,55,1,2,2,2,0,0,3,2,0,0,2,3,2,12,99,99,0,19,0,0,1,7,0,90169,715,2009,335,I-95,99999999999999999999,0000000,41.19583889,-73.12625556,1,2
9,9,11,16,17,34,1,2,0,0,15,6,0,42,0,1,4,1,2,25,2,1,2,1,0,0,2,1,0,0,17,36,17,39,99,99,0,0,0,0,1,2,0,90170,502,2009,2,BASSETT ROAD,99999999999999999999,0000000,41.39504167,-72.83869167,1,1
9,1,11,20,23,13,1,3,0,1,12,3,0,24,0,11,4,1,2,30,1,2,2,1,1,3,3,1,0,0,23,5,23,12,23,40,0,0,0,0,2,6,1,90171,650,2009,113,SR-8 NB RMP# 020,S CONSTITUTION BLVD,0000000,41.30422778,-73.09862778,1,1
9,1,10,4,1,43,1,2,0,0,14,3,0,30,0,1,4,1,4,35,1,1,2,2,0,0,2,1,0,0,1,43,99,99,99,99,0,0,0,0,1,1,1,90172,170,2009,19,SR-850,99999999999999999999,0000000,41.42305833,-73.41989444,1,1
9,1,11,22,8,57,1,1,0,1,12,3,0,35,0,1,4,2,2,55,1,1,2,1,0,0,2,1,0,0,8,57,9,4,88,88,0,0,0,0,1,1,1,90173,650,2009,85,SR-8,99999999999999999999,0000000,41.26597222,-73.12670833,1,1
9,3,11,22,20,36,2,3,0,1,12,3,0,12,1,1,1,3,2,65,1,1,2,1,0,0,3,1,0,0,20,37,21,0,21,40,0,0,0,0,1,1,0,90174,46,2009,328,SR-9,99999999999999999999,0000000,41.62956667,-72.75092778,2,1
9,11,11,25,6,15,2,2,0,0,14,3,0,12,2,1,1,1,2,25,1,1,2,1,0,0,4,1,0,0,6,15,99,99,99,99,0,0,0,0,1,4,0,90175,349,2009,205,SR-12,99999999999999999999,0000000,41.60121389,-71.98819444,2,1
9,3,11,25,2,33,1,1,0,0,4,3,0,39,0,1,4,1,2,40,2,1,2,2,0,0,2,9,0,0,2,31,2,41,4,17,0,0,0,0,1,4,1,90176,282,2009,32,SR-20,99999999999999999999,0000000,41.96946944,-73.01671389,1,9
9,1,11,25,22,33,1,2,0,0,14,3,0,42,0,1,4,1,2,35,2,1,2,2,0,0,2,5,0,0,22,33,22,39,23,28,0,0,0,0,1,4,1,90177,610,2009,13,SR-116,99999999999999999999,0000000,41.30638889,-73.509175,1,5
9,9,11,27,18,31,2,3,0,0,13,3,0,12,2,1,1,1,2,40,2,1,2,1,0,0,3,1,0,0,18,42,18,51,19,21,0,0,0,0,1,6,0,90178,541,2009,84,SR-34,99999999999999999999,0000000,41.37595556,-73.15470833,2,1
9,15,11,28,3,15,1,2,0,1,1,1,0,42,0,1,4,3,2,65,1,1,2,2,0,0,2,2,0,0,3,16,3,28,4,19,0,0,0,0,2,7,1,90179,550,2009,289,I-395,99999999999999999999,0000000,41.67418333,-71.90913889,1,2
9,15,11,27,6,37,1,1,0,1,1,1,0,35,0,1,4,3,2,65,1,1,2,2,0,0,4,2,0,0,6,36,6,42,7,31,0,0,0,0,1,6,0,90180,550,2009,333,I-395,99999999999999999999,0000000,41.73355,-71.88512222,1,2
9,7,11,28,15,20,2,2,0,1,13,3,0,12,2,1,1,1,2,45,2,1,2,1,0,0,1,1,0,0,15,20,99,99,99,99,0,0,0,0,1,7,0,90181,580,2009,124,SR-66,99999999999999999999,0000000,41.56040278,-72.56624167,2,1
9,9,11,12,22,4,1,2,1,0,14,3,0,8,0,2,1,1,3,30,2,2,2,1,0,0,2,1,0,0,22,4,22,6,99,99,0,0,0,0,1,5,0,90182,222,2009,2,SR-100,PARK PLACE,0000000,41.2763,-72.86616389,1,1
9,3,9,27,16,37,2,3,0,0,14,6,0,12,5,2,1,1,2,30,1,1,2,2,20,3,1,2,0,0,99,99,99,99,88,88,0,0,0,0,1,1,0,90183,823,2009,23,BOULEVARD,WHITING LANE,0000000,41.75941111,-72.72385278,2,2
9,9,12,4,19,22,1,1,0,0,15,3,0,17,0,1,4,1,2,45,2,4,2,1,0,0,2,1,0,0,19,22,99,99,99,99,0,0,0,0,1,6,1,90184,541,2009,28,SR-188,99999999999999999999,0000000,41.39726944,-73.14133056,1,1
9,15,12,15,10,16,1,1,0,0,14,3,0,30,0,1,4,1,2,35,1,1,2,2,0,0,1,1,0,0,10,9,10,19,10,29,0,0,0,0,1,3,0,90185,749,2009,510,SR-12,99999999999999999999,0000000,41.9811,-71.89824444,1,1
9,3,12,13,4,44,1,1,0,0,16,6,0,53,0,1,4,1,2,30,1,1,2,1,0,0,2,1,0,0,4,55,5,4,88,88,0,0,0,0,1,1,1,90186,229,2009,9,WEYMOUTH ROAD,99999999999999999999,0000000,41.94914444,-72.57864167,1,1
9,9,12,18,12,56,2,3,0,1,11,1,0,12,1,1,1,3,2,65,1,2,2,1,0,0,1,1,0,0,12,56,13,8,99,99,0,0,0,0,1,6,0,90187,265,2009,608,I-95,99999999999999999999,0000000,41.29328611,-72.67561389,2,1
9,15,12,19,16,36,1,1,0,0,14,3,0,42,0,1,4,1,2,40,1,2,2,1,0,0,1,1,0,0,16,37,16,45,88,88,0,0,0,0,1,7,1,90188,330,2009,1,SR-21,99999999999999999999,0000000,41.87786944,-71.87396389,1,1
9,15,12,19,22,54,2,2,0,1,2,2,0,12,2,1,1,1,2,45,1,2,2,3,0,0,3,4,0,0,22,54,23,0,99,99,0,0,0,0,1,7,1,90189,99,2009,1094,US-6,99999999999999999999,0000000,41.79670278,-71.91571944,2,4
9,5,12,24,14,37,2,2,0,0,4,3,0,12,4,1,1,1,2,40,2,2,2,1,40,3,1,1,0,0,14,37,99,99,99,99,0,0,0,0,1,5,1,90190,326,2009,49,SR-341,99999999999999999999,0000000,41.72028056,-73.45457778,2,1
9,9,12,25,1,53,1,1,0,0,14,3,0,30,0,2,4,1,2,35,2,2,2,1,0,0,3,1,0,0,1,53,99,99,88,88,0,0,0,0,1,6,1,90191,854,2009,33,SR-243,WOODLAND DRIVE,0000000,41.32862222,-73.02268611,1,1
9,1,12,27,2,45,1,2,0,0,14,6,0,42,0,1,4,1,2,30,1,1,2,1,0,0,2,1,0,0,2,45,2,48,99,99,0,0,0,0,1,1,1,90192,835,2009,10,GREENS FARMS ROAD,99999999999999999999,0000000,41.12533611,-73.34247222,1,1
9,1,12,27,14,9,2,2,0,1,12,3,0,12,7,1,1,3,2,55,1,1,2,1,0,0,1,1,0,0,14,10,99,99,99,99,0,0,0,0,1,1,0,90193,700,2009,360,SR-15,99999999999999999999,0000000,41.24041667,-73.11955833,2,1
9,11,12,31,23,21,1,2,0,0,3,3,0,42,0,1,4,1,2,45,2,2,2,2,0,0,2,2,0,0,23,21,99,99,88,88,0,0,0,0,2,5,1,90194,263,2009,82,SR-138,99999999999999999999,0000000,41.58909444,-71.95345278,1,2
9,9,5,23,13,45,1,3,0,0,15,6,0,1,0,1,1,1,2,25,1,2,2,1,0,0,1,1,0,0,13,46,13,54,14,19,0,0,0,0,1,7,0,90195,495,2009,29,TOTOKET ROAD,99999999999999999999,0000000,41.345025,-72.81474444,1,1
9,9,7,25,20,51,1,2,1,0,13,3,0,8,0,1,1,1,4,35,1,2,2,1,0,0,2,1,0,0,20,51,99,99,99,99,0,0,0,0,1,7,0,90196,222,2009,16,SR-80,99999999999999999999,0000000,41.32196111,-72.85159444,1,1
9,9,8,5,13,17,1,2,1,0,15,6,0,8,0,2,1,4,2,25,1,1,2,1,2,3,1,1,0,0,13,18,13,22,13,32,0,0,0,0,1,4,0,90197,430,2009,7,ELM STREET,STATE STREET,0000000,41.30700833,-72.921225,1,1
9,1,8,9,1,11,2,3,0,0,15,6,0,12,5,2,1,1,2,30,1,1,2,1,4,3,3,1,0,0,99,99,99,99,99,99,0,0,0,0,1,1,1,90198,510,2009,3,WATER STREET,HANFORD PLACE,0000000,41.09637778,-73.41576111,2,1
9,15,9,1,17,26,2,2,0,0,6,6,0,1,0,1,1,1,2,25,1,3,2,1,0,0,1,1,0,0,17,26,17,28,18,34,0,0,0,0,1,3,1,90199,390,2009,5,NEW ROAD,99999999999999999999,0000000,41.69523611,-71.861175,2,1
9,15,9,4,7,52,1,1,0,0,6,6,0,10,0,6,1,1,2,25,1,4,2,1,61,3,1,1,0,0,7,51,7,57,88,88,0,0,0,0,1,6,0,90200,550,2009,1,LILLIBRIDGE ROAD#1,@RRXING,504403H,41.6561,-71.930425,1,1
9,1,10,8,15,1,2,2,0,0,16,6,0,12,5,8,1,1,2,35,2,1,2,1,0,0,1,1,0,0,15,1,99,99,88,88,0,0,0,0,1,5,0,90201,256,2009,24,RIVERSVILLE ROAD,99999999999999999999,0000000,41.068625,-73.67568056,2,1
9,15,11,18,18,55,1,3,1,0,13,3,0,8,0,1,1,1,2,25,1,1,2,1,0,0,3,1,0,0,18,55,18,57,19,12,0,0,0,0,1,4,1,90202,840,2009,361,SR-66,99999999999999999999,0000000,41.71150833,-72.21134722,1,1
9,11,12,7,15,40,1,2,0,1,2,3,0,24,0,1,4,1,2,45,1,1,2,1,0,0,1,1,0,0,15,45,15,53,16,22,0,0,0,0,1,2,0,90203,811,2009,50,SR-85,99999999999999999999,0000000,41.41043611,-72.18476667,1,1
9,9,6,13,2,15,2,3,0,0,13,2,0,12,4,2,1,1,4,40,1,2,2,1,4,3,3,1,0,0,2,16,2,22,99,99,0,0,0,0,2,7,1,90204,538,2009,443,US-1,DOGWOOD ROAD,0000000,41.28007778,-72.98492778,2,1
9,3,12,27,99,99,1,2,1,0,16,6,0,19,0,2,4,1,2,25,1,1,2,9,0,0,1,1,0,0,99,99,99,99,99,99,0,0,0,0,1,1,1,90205,90,2009,1,ROSEMARY LANE,DEERFIELD ROAD,0000000,41.70354722,-72.90904444,1,1
9,5,12,21,16,58,1,2,1,0,13,2,0,8,0,2,1,1,4,40,1,1,2,1,0,0,3,1,0,0,16,59,17,2,17,27,0,0,0,0,1,2,0,90206,450,2009,349,US-7,WILLOW SPRINGS RD,0000000,41.54278333,-73.4215,1,1
9,9,9,5,23,44,1,3,0,0,15,6,0,33,0,1,4,1,2,25,2,2,2,1,0,0,3,1,0,0,23,45,23,54,0,27,0,0,0,0,1,7,1,90207,495,2009,11,SEA HILL ROAD,99999999999999999999,0000000,41.34401667,-72.75290278,1,1
9,9,10,17,19,5,1,1,0,0,13,3,0,1,0,2,1,1,2,45,2,1,2,1,0,0,3,1,0,0,19,6,19,10,99,99,0,0,0,0,1,7,1,90208,495,2009,55,SR-17,OLD TURNPIKE RD,0000000,41.38035278,-72.81304167,1,1
9,3,11,10,19,53,2,4,1,0,13,3,0,8,0,2,1,2,2,40,1,1,2,1,2,3,2,1,0,0,19,54,20,0,88,88,0,0,0,0,1,3,0,90209,60,2009,50,SR-218,SR-187,0000000,41.81655833,-72.69515556,2,1
9,7,11,20,20,36,1,2,0,1,13,3,0,42,0,1,4,1,2,45,1,2,2,1,0,0,2,1,0,0,20,36,20,38,21,29,0,0,0,0,1,6,0,90210,220,2009,138,SR-66,99999999999999999999,0000000,41.56361667,-72.54219167,1,1
9,9,12,27,22,38,1,3,0,0,13,3,0,24,0,1,4,1,2,50,2,1,2,1,0,0,2,1,0,0,22,41,22,47,99,99,0,0,0,0,1,1,1,90211,360,2009,126,SR-80,99999999999999999999,0000000,41.35031667,-72.662425,1,1
9,9,7,11,18,20,1,1,0,0,16,6,0,1,0,2,1,1,2,25,2,2,2,1,0,0,1,1,0,0,18,20,18,23,18,40,0,0,0,0,1,7,1,90212,825,2009,2,SOUTH STREET,PARK AVENUE,0000000,41.24140556,-72.97584444,1,1
9,15,12,14,16,11,2,4,0,1,13,2,0,12,5,2,1,2,4,45,1,1,2,1,1,3,1,1,0,0,16,11,16,15,99,99,0,0,0,0,1,2,0,90213,843,2009,950,US-6,SR-203,0000000,41.75505833,-72.14919167,2,1
10,3,1,3,1,59,1,2,0,0,13,2,0,43,0,1,4,2,4,55,1,1,2,1,0,0,2,1,0,0,2,0,2,3,2,28,0,0,0,0,1,7,0,100001,0,2009,57,US-40,99999999999999999999,0000000,39.61018611,-75.70635833,1,1
10,3,1,3,16,31,2,3,0,0,13,3,0,12,5,2,1,5,6,50,1,1,2,1,1,3,1,1,0,0,16,31,16,34,16,53,0,0,0,0,2,7,0,100002,0,2009,0,SR-4,STANTON OGLETOWN ROA,0000000,39.67515278,-75.70395556,2,1
10,3,1,6,6,32,4,6,1,1,13,2,0,8,0,1,1,2,7,50,1,2,2,1,0,0,4,1,0,0,6,33,6,36,88,88,0,0,0,0,1,3,0,100003,0,2009,7,US-13,99999999999999999999,0000000,39.66141111,-75.60833889,4,1
10,3,1,10,1,28,2,2,0,0,13,3,0,12,2,1,1,1,2,50,2,2,2,1,0,0,3,1,0,0,1,30,1,37,2,10,0,0,0,0,1,7,2,100004,0,2009,46,SR-48,99999999999999999999,0000000,39.76256389,-75.64241389,2,1
10,3,1,13,7,2,1,1,0,0,13,3,0,42,0,1,6,1,2,50,2,2,2,1,0,0,2,1,0,0,7,20,7,26,88,88,0,0,0,0,1,3,1,100005,0,2009,46,SR-48,99999999999999999999,0000000,39.76269722,-75.6425,1,1
10,1,1,15,1,16,1,2,0,0,4,3,0,1,0,1,5,1,2,50,1,2,2,1,0,0,2,1,0,0,1,18,1,45,99,99,0,0,0,0,1,5,0,100006,0,2009,1,SR-15,99999999999999999999,0000000,39.00898056,-75.52723056,1,1
10,3,1,24,13,16,2,4,0,1,11,1,0,35,0,15,3,2,4,65,1,1,2,1,0,0,1,1,0,0,13,18,13,22,13,53,0,0,0,0,3,7,2,100007,0,2009,38,I-95,99999999999999999999,0000000,39.77714444,-75.5159,2,1
10,5,2,2,15,20,3,3,0,1,2,2,0,12,4,2,1,2,4,55,1,1,2,1,20,3,1,1,0,0,15,23,15,31,15,58,0,0,0,0,1,2,0,100008,0,2009,32,US-13,SR-30,0000000,38.45573889,-75.55915833,3,1
10,5,1,21,12,29,2,2,0,0,4,3,0,12,4,2,1,1,2,50,1,1,2,1,20,3,1,1,0,0,12,30,12,34,88,88,0,0,0,0,1,4,0,100009,0,2009,81,SR-20,CR446,0000000,38.592725,-75.41118611,2,1
10,5,1,19,1,24,1,1,0,1,2,2,0,42,0,1,5,1,2,50,1,1,2,4,0,0,2,5,0,0,1,32,1,49,88,88,0,0,0,0,1,2,1,100010,0,2009,267,US-9,99999999999999999999,0000000,38.74015,-75.19651389,1,5
10,5,2,20,15,0,2,4,0,0,6,4,0,12,1,4,1,1,2,50,1,1,2,1,0,0,1,1,0,0,15,3,15,6,16,0,0,0,0,0,1,6,0,100011,0,2009,41,CR319,99999999999999999999,0000000,38.75374722,-75.674,2,1
10,5,2,22,4,15,1,2,0,0,5,4,0,42,0,1,6,1,2,50,1,1,2,1,0,0,2,1,0,0,4,21,4,25,4,56,0,0,0,0,1,1,0,100012,0,2009,72,SOUTH UNION CHURCH R,99999999999999999999,0000000,38.797175,-75.47367222,1,1
10,3,2,20,14,57,2,2,0,0,14,6,0,12,2,1,1,1,2,50,1,2,2,1,0,0,1,1,0,0,14,59,15,1,15,31,0,0,0,0,1,6,0,100013,0,2009,6,NEW LINDEN HILL ROAD,99999999999999999999,0000000,39.72184444,-75.69975,2,1
10,5,2,24,20,44,2,14,0,1,2,2,0,12,1,1,1,2,4,55,1,1,2,1,0,0,2,1,0,0,20,57,21,4,21,58,1,0,0,0,2,3,0,100014,0,2009,62,US-13,99999999999999999999,0000000,38.74765833,-75.57014444,2,1
10,5,2,26,21,8,1,2,1,0,4,5,0,8,0,1,1,1,2,50,1,1,2,1,0,0,2,1,0,0,21,8,21,8,99,99,0,0,0,0,1,5,0,100015,320,2009,242,SOUTH REHOBETH BL,99999999999999999999,0000000,38.91668056,-75.41719444,1,1
10,3,3,6,23,31,1,1,0,0,6,4,0,42,0,1,4,1,2,0,1,1,2,1,0,0,2,1,0,0,23,31,23,35,88,88,0,0,0,0,1,6,1,100016,0,2009,5,STRAWBERRY LANE,99999999999999999999,0000000,39.41318611,-75.7594,1,1
10,3,3,20,16,58,3,3,0,0,13,3,0,24,0,1,4,2,4,50,1,1,1,1,0,0,1,1,0,0,16,58,17,8,17,35,0,0,0,0,1,6,0,100017,0,2009,43,SR-896,99999999999999999999,0000000,39.62261389,-75.74455278,3,1
10,1,3,23,7,45,3,4,0,0,15,3,0,12,4,7,1,2,2,5,1,1,2,1,20,3,1,1,0,0,7,45,7,52,8,5,0,0,0,0,1,2,0,100018,0,2009,26,SR-10,99999999999999999999,0000000,39.11434444,-75.53023333,3,1
10,5,3,31,20,50,2,2,0,1,2,2,0,12,2,1,1,1,2,50,2,1,2,1,0,0,2,1,0,0,20,54,21,5,21,45,0,0,0,0,1,3,0,100019,0,2009,50,US-404,99999999999999999999,0000000,38.78834444,-75.68412778,2,1
10,3,4,6,13,19,2,1,0,0,6,6,0,12,2,1,1,1,2,25,1,1,2,2,0,0,1,1,0,0,99,99,99,99,99,99,0,20,0,0,1,2,1,100020,0,2009,0,LIZABETH ROAD,99999999999999999999,0000000,39.67532778,-75.71881389,1,1
10,3,4,3,19,53,1,2,1,1,13,2,0,9,0,1,2,2,4,55,2,1,2,1,0,0,2,1,0,0,20,1,20,11,20,40,0,0,0,0,1,6,0,100021,0,2009,97,US-40,99999999999999999999,0000000,39.60638333,-75.78013056,1,1
10,1,4,12,1,12,1,1,0,0,15,5,0,1,0,1,5,1,2,40,1,1,2,1,0,0,2,1,0,0,1,18,1,24,88,88,0,20,0,0,1,1,0,100022,450,2009,26,SUNNYSIDE ROAD,99999999999999999999,0000000,39.29106667,-75.59889722,1,1
10,5,4,13,13,45,2,4,0,1,2,2,0,12,6,1,4,2,4,55,1,1,2,1,0,0,1,1,0,1,13,45,99,99,88,88,0,0,0,0,3,2,0,100023,320,2009,21,US-113,99999999999999999999,0000000,38.94499167,-75.42680833,2,1
10,1,4,22,14,31,2,2,0,0,16,6,0,12,2,2,1,1,2,40,1,1,2,2,20,3,1,2,0,0,14,32,14,39,14,54,0,0,0,0,1,4,0,100024,0,2009,2,WYOMING AVENUE,NEW BURTON ROAD,0000000,39.14432222,-75.5346,2,2
10,1,4,24,18,38,1,1,0,0,4,3,0,32,0,1,4,1,2,50,2,4,2,1,0,0,1,1,0,0,18,41,18,45,19,13,0,0,0,0,1,6,1,100026,0,2009,7,SR-15,99999999999999999999,0000000,39.01251389,-75.53160556,1,1
10,1,5,6,18,10,1,2,1,0,14,5,0,9,0,2,1,1,2,25,1,1,2,1,20,3,1,1,0,0,18,11,18,14,18,40,0,0,0,0,1,4,0,100027,450,2009,6,SCHOOL LANE,GLENWOOD AVENUE,0000000,39.30083056,-75.61374722,1,1
10,1,5,7,20,40,2,2,0,0,4,4,0,12,1,4,1,1,2,50,1,1,2,1,0,0,2,1,0,0,20,45,20,54,21,29,0,0,0,0,1,5,1,100028,0,2009,17,MILLINGTON ROAD,99999999999999999999,0000000,39.26309444,-75.73734167,2,1
10,1,5,2,2,57,1,1,0,0,4,3,0,42,0,1,4,2,4,55,2,1,2,2,40,3,2,2,0,0,3,11,3,12,88,88,0,0,0,0,1,7,1,100029,0,2009,299,SR-24,99999999999999999999,0000000,39.01491667,-75.53401111,1,2
10,3,5,15,20,15,1,4,0,1,2,3,0,35,0,1,5,2,4,65,1,1,1,1,0,0,2,1,0,0,20,15,20,19,20,41,0,0,0,0,1,6,0,100030,0,2009,44,SR-1,99999999999999999999,0000000,39.50106111,-75.64945278,1,1
10,5,5,18,16,42,2,3,0,0,6,2,0,12,4,2,1,1,2,50,1,1,2,1,20,3,1,1,0,0,16,53,17,28,17,51,0,0,0,0,1,2,0,100031,0,2009,6,US-13,MOUNT ZION ROAD,0000000,38.59956667,-75.58138889,2,1
10,3,7,12,8,2,1,2,1,0,6,4,0,8,0,1,2,1,2,50,2,1,2,1,0,0,1,1,0,0,8,2,8,10,8,31,0,0,0,0,1,1,0,100032,0,2009,31,BUNKER HILL ROAD,99999999999999999999,0000000,39.46588333,-75.77321944,1,1
10,5,5,9,1,31,1,4,0,0,6,4,0,42,0,2,5,2,4,25,1,1,2,1,20,3,2,1,0,0,1,41,1,51,2,5,0,0,0,0,1,7,1,100033,0,2009,0,BUCKINGHAM DRIVE,COVENTRY ROAD,0000000,38.70440833,-75.10539167,1,1
10,3,5,25,15,45,1,1,0,0,15,4,0,35,0,1,4,1,2,45,2,1,2,1,0,0,1,1,0,0,15,47,15,54,88,88,0,0,0,0,1,2,1,100034,0,2009,46,MILL CREEK ROAD,99999999999999999999,0000000,39.78063889,-75.697175,1,1
10,5,6,1,22,17,1,1,0,0,4,3,0,42,0,1,4,1,2,50,1,1,2,1,0,0,2,1,0,0,22,20,22,26,23,15,0,0,0,0,1,2,0,100035,0,2009,112,SR-16,99999999999999999999,0000000,38.80670833,-75.486825,1,1
10,5,6,3,6,14,2,7,0,0,4,4,0,12,2,1,1,2,2,50,2,1,2,2,0,0,1,1,0,0,6,29,6,38,99,99,0,0,0,0,2,4,0,100036,0,2009,23,CR30,99999999999999999999,0000000,38.67766944,-75.63812222,2,1
10,3,6,5,21,20,2,5,1,0,13,2,0,8,0,1,1,2,4,55,1,1,2,1,0,0,2,1,0,0,21,20,21,23,21,41,0,0,0,0,1,6,1,100037,0,2009,141,US-40,99999999999999999999,0000000,39.62208611,-75.686875,2,1
10,5,6,9,17,55,1,1,0,0,4,5,0,42,0,1,4,1,2,45,2,1,2,1,0,0,1,1,0,0,17,59,18,5,88,88,0,0,0,0,1,3,1,100038,0,2009,14,DOUBLE BRIDGES ROAD,PARKER HOUSE,0000000,38.50438611,-75.12657222,1,1