STATE,COUNTY,MONTH,DAY,HOUR,MINUTE,VE_TOTAL,PERSONS,PEDS,NHS,ROAD_FNC,ROUTE,SP_JUR,HARM_EV,MAN_COLL,REL_JUNC,REL_ROAD,TRAF_FLO,NO_LANES,SP_LIMIT,ALIGNMNT,PROFILE,PAVE_TYP,SUR_COND,TRA_CONT,T_CONT_F,LGT_COND,WEATHER1,WEATHER2,WRK_ZONE,NOT_HOUR,NOT_MIN,ARR_HOUR,ARR_MIN,HOSP_HR,HOSP_MN,SCH_BUS,CF1,CF2,CF3,FATALS,DAY_WEEK,DRUNK_DR,ST_CASE,CITY,YEAR,MILEPT,TWAY_ID,TWAY_ID2,RAIL,LATITUDE,LONGITUD,VE_FORMS,WEATHER
10,1,6,9,21,23,3,9,1,0,2,3,0,8,0,1,1,2,4,65,1,1,1,1,0,0,2,1,0,0,21,25,21,29,88,88,0,0,0,0,1,3,0,100039,0,2009,63,SR-1,99999999999999999999,0000000,39.22228056,-75.56611111,3,1
10,5,6,9,21,1,1,1,0,0,4,3,0,38,0,1,6,2,4,40,2,1,2,2,0,0,2,1,0,0,99,99,99,99,88,88,0,0,0,0,1,3,0,100040,0,2009,52,SR-1A,99999999999999999999,0000000,38.71602222,-75.08219722,1,1
10,5,6,12,14,1,2,2,0,0,4,4,0,12,4,1,1,1,2,40,1,1,2,1,0,0,1,1,0,0,14,9,14,27,14,51,0,0,0,0,1,6,0,100041,0,2009,47,CR22,99999999999999999999,0000000,38.62485,-75.12065,2,1
10,5,6,18,16,14,1,1,0,0,4,3,0,30,0,1,4,1,2,35,2,1,2,2,0,0,1,1,0,0,16,21,16,31,88,88,0,0,0,0,1,5,0,100042,0,2009,52,SR-30,99999999999999999999,0000000,38.66909444,-75.30158056,1,1
10,3,6,26,16,1,1,1,0,0,4,4,0,53,0,1,4,1,2,50,2,1,2,1,0,0,1,1,0,0,16,3,16,10,88,88,0,0,0,0,1,6,1,100043,0,2009,53,VANDYKE-GREENSPRING,99999999999999999999,0000000,39.34259444,-75.71193611,1,1
10,3,6,28,1,46,2,2,0,0,15,4,0,12,5,1,1,1,2,35,2,1,2,1,0,0,2,1,0,0,1,46,1,52,99,99,0,0,0,0,1,1,2,100044,0,2009,27,SALEM CHURCH ROAD,99999999999999999999,0000000,39.62725,-75.70460833,2,1
10,3,6,28,2,43,1,5,0,1,11,1,0,1,0,15,1,2,4,65,2,1,2,1,0,0,2,1,0,0,2,50,2,56,3,38,0,0,0,0,1,1,1,100045,0,2009,63,I-495,99999999999999999999,0000000,39.75170278,-75.50293889,1,1
10,5,7,1,16,31,2,2,0,1,2,3,0,12,4,1,1,1,2,50,1,1,2,1,0,0,1,1,0,0,16,31,16,58,17,43,0,0,0,0,1,4,0,100046,0,2009,264,SR-9,99999999999999999999,0000000,38.72623333,-75.27952222,2,1
10,1,7,2,21,20,1,1,0,0,15,4,0,30,0,1,5,1,2,50,2,1,2,1,0,0,2,1,0,0,21,27,21,32,88,88,0,0,0,0,1,5,1,100047,0,2009,32,CR100,99999999999999999999,0000000,39.18190833,-75.58653889,1,1
10,1,7,5,16,0,3,4,0,0,6,4,0,12,4,2,1,1,4,50,1,1,2,1,20,3,1,1,0,0,16,4,16,13,16,33,0,0,0,0,2,1,0,100048,0,2009,8,CR4233,CR19,0000000,38.96074444,-75.42346111,2,1
10,3,7,6,14,49,2,2,0,0,4,3,0,12,2,1,1,1,2,50,2,1,2,1,0,0,1,1,0,0,14,51,14,59,15,27,0,0,0,0,1,2,0,100049,0,2009,18,SR-9,99999999999999999999,0000000,39.58075278,-75.62730833,2,1
10,3,7,12,2,56,1,1,0,0,5,4,0,22,0,1,4,1,2,50,2,1,2,2,0,0,2,1,0,0,2,56,3,1,88,88,0,0,0,0,1,1,1,100050,0,2009,19,CREEK MILL ROAD,99999999999999999999,0000000,39.80398611,-75.67683333,1,1
10,3,6,27,10,33,2,2,0,0,15,4,0,12,5,2,1,1,2,45,1,1,2,1,20,3,1,1,0,0,10,33,10,38,11,1,0,0,0,0,1,7,0,100051,0,2009,1,PIGEON POINT ROAD,LAMBSON ROAD,0000000,39.706725,-75.53555556,2,1
10,5,7,22,18,32,2,5,0,1,2,3,0,12,1,1,1,2,4,55,1,1,2,1,0,0,1,1,0,0,18,38,18,43,19,20,0,0,0,0,1,4,1,100052,0,2009,16,SR-1,99999999999999999999,0000000,38.76760278,-75.21480556,2,1
10,5,7,24,21,47,1,1,0,0,4,2,0,42,0,1,4,1,2,50,1,1,2,1,0,0,2,1,0,0,21,55,22,1,88,88,0,0,0,0,1,6,1,100053,0,2009,90,US-13A,99999999999999999999,0000000,38.60131111,-75.59194444,1,1
10,3,7,26,20,40,2,6,0,1,2,3,0,12,1,15,1,2,3,65,1,2,1,1,0,0,5,1,0,0,20,40,20,49,21,31,0,23,0,0,1,1,0,100054,0,2009,67,SR-1,99999999999999999999,0000000,39.56653056,-75.66421389,2,1
10,1,8,9,14,28,1,2,1,0,3,2,0,9,0,1,2,1,2,50,1,1,2,1,0,0,1,1,0,0,14,30,14,34,88,88,0,0,0,0,1,1,0,100055,0,2009,31,US-113A,99999999999999999999,0000000,39.08643611,-75.49092222,1,1
10,3,8,10,15,0,2,4,0,0,6,4,0,12,2,1,1,1,2,40,1,1,2,1,0,0,1,1,0,0,15,0,15,3,88,88,0,0,0,0,1,2,1,100056,0,2009,2,OLD CORBIT ROAD,99999999999999999999,0000000,39.45183611,-75.64661944,2,1
10,3,8,11,23,56,1,1,0,0,15,4,0,53,0,1,4,1,2,35,2,1,2,1,0,0,2,1,0,0,23,57,0,2,88,88,0,0,0,0,1,3,1,100057,0,2009,5,GRUBB-HARVEY ROAD,99999999999999999999,0000000,39.82356667,-75.52465556,1,1
10,5,8,12,12,43,1,2,1,0,6,4,0,9,0,4,1,1,2,40,1,1,2,1,98,3,1,1,0,0,12,50,12,58,13,31,0,0,0,0,1,4,0,100058,0,2009,24,CR572,99999999999999999999,0000000,38.72141111,-75.64430278,1,1
10,1,8,13,6,36,1,1,0,0,4,3,0,30,0,1,5,1,2,50,2,1,2,1,0,0,1,1,0,0,6,36,6,50,88,88,0,0,0,0,1,5,0,100059,0,2009,57,SR-10,99999999999999999999,0000000,39.05331944,-75.64061111,1,1
10,3,8,17,18,59,1,1,0,0,13,3,0,24,0,1,2,3,2,55,2,1,2,1,0,0,1,1,0,0,19,0,19,4,88,88,0,0,0,0,1,2,1,100060,0,2009,37,SR-896,99999999999999999999,0000000,39.61203611,-75.74386667,1,1
10,5,8,19,9,27,2,2,0,1,2,2,0,14,1,1,2,1,2,50,1,1,2,1,0,0,1,1,0,0,9,30,9,34,88,88,0,0,0,0,2,4,1,100061,0,2009,262,US-9,99999999999999999999,0000000,38.73694722,-75.26870833,1,1
10,3,8,19,21,31,1,2,1,1,13,2,0,8,0,1,1,3,4,50,1,1,2,1,0,0,2,1,0,0,21,31,21,37,88,88,0,0,0,0,1,4,0,100062,0,2009,17,US-13,99999999999999999999,0000000,39.66385556,-75.60602222,1,1
10,3,8,20,18,49,2,2,0,0,15,4,0,12,2,1,1,2,4,45,2,1,2,1,0,0,1,1,0,0,19,2,19,8,19,22,0,0,0,0,1,5,1,100063,0,2009,19,AIRPORT ROAD,99999999999999999999,0000000,39.6846,-75.61863889,2,1
10,5,8,23,7,36,2,5,0,0,4,3,0,12,2,1,1,1,2,50,2,1,2,2,0,0,1,1,0,0,7,39,7,45,8,16,0,0,0,0,3,1,0,100064,0,2009,5,SR-30,99999999999999999999,0000000,38.81215833,-75.34389444,2,1
10,5,8,31,2,21,1,2,1,1,2,2,0,8,0,1,1,2,4,55,1,1,2,1,0,0,2,1,0,0,2,23,2,31,88,88,0,0,0,0,1,2,0,100065,0,2009,281,US-113,99999999999999999999,0000000,38.81095556,-75.43916667,1,1
10,3,9,2,21,30,1,2,1,1,13,2,0,8,0,2,1,2,6,50,1,2,2,1,1,3,2,1,0,0,21,31,21,33,88,88,0,0,0,0,1,4,0,100066,0,2009,11,US-13,MARSH LANE,0000000,39.7262,-75.54628333,1,1
10,1,9,3,23,0,1,2,1,0,13,2,0,8,0,1,1,2,4,55,1,1,2,1,0,0,2,1,0,0,23,5,23,12,88,88,0,0,0,0,1,5,0,100067,0,2009,23,US-13,99999999999999999999,0000000,39.08030833,-75.55194722,1,1
10,5,9,3,12,30,4,7,0,1,2,2,0,12,3,1,1,2,4,55,1,1,2,1,0,0,1,1,0,0,12,40,12,46,13,30,0,0,0,0,1,5,1,100068,0,2009,283,US-113,99999999999999999999,0000000,38.81108889,-75.43899444,4,1
10,3,9,3,1,15,1,1,0,0,13,3,0,42,0,2,5,2,4,50,2,1,1,1,0,0,2,1,0,0,14,22,14,40,88,88,0,18,0,0,1,5,1,100069,0,2009,51,SR-896,GLASGOW AVENUE,0000000,39.61170556,-75.74626944,1,1
10,3,9,4,20,39,1,2,1,0,4,4,0,8,0,1,1,1,2,40,1,1,2,1,0,0,2,1,0,0,20,39,20,50,21,31,0,0,0,0,1,6,0,100070,0,2009,18,VANDYKE GREENSPRING,99999999999999999999,0000000,39.31823056,-75.649625,1,1
10,3,9,13,12,20,1,2,0,0,13,2,0,42,0,1,4,2,4,55,1,1,2,1,0,0,1,1,0,0,12,21,12,28,12,49,0,0,0,0,1,1,0,100071,0,2009,74,US-13,99999999999999999999,0000000,39.63795,-75.630225,1,1
10,3,9,13,15,18,2,3,0,1,11,1,0,12,1,15,1,3,6,65,2,2,1,1,0,0,1,1,0,0,15,18,15,25,15,52,0,0,0,0,1,1,0,100072,0,2009,65,I-495,99999999999999999999,0000000,39.78993889,-75.46603333,2,1
10,3,9,18,0,50,2,2,0,0,6,5,0,5,0,1,1,1,2,25,1,1,2,1,0,0,2,1,0,0,99,99,99,99,1,15,0,0,0,0,1,6,1,100073,0,2009,0,WASHINGTON AVENUE,99999999999999999999,0000000,39.71697222,-75.61495,1,1
10,3,9,19,22,14,1,2,1,1,13,2,0,8,0,1,1,3,3,45,1,1,2,1,0,0,2,1,0,0,22,14,22,21,88,88,0,0,0,0,1,7,0,100074,0,2009,34,US-13 NB,99999999999999999999,0000000,39.69509444,-75.576625,1,1
10,3,9,24,0,4,2,2,0,0,16,4,0,12,2,1,1,1,2,35,1,1,2,1,0,0,2,1,0,0,0,4,0,13,0,30,0,0,0,0,1,5,1,100075,0,2009,10,OLD COOCHES BRIDGE R,99999999999999999999,0000000,39.63167222,-75.73631389,2,1
10,3,10,1,6,12,1,2,1,0,13,3,0,8,0,1,1,2,4,50,2,1,1,1,0,0,2,1,0,0,6,13,6,18,6,35,0,0,0,0,1,5,0,100076,0,2009,2,SR-273,99999999999999999999,0000000,39.66471667,-75.66061111,1,1
10,1,9,27,0,45,2,3,0,0,6,4,0,12,2,1,1,1,2,50,2,1,2,2,0,0,2,2,0,0,0,51,0,59,99,99,0,0,0,0,1,1,2,100077,0,2009,8,CR42,99999999999999999999,0000000,39.22660278,-75.62619167,2,2
10,5,10,3,6,50,2,5,0,1,2,2,0,12,4,2,1,3,4,50,1,1,2,1,1,3,4,1,0,0,6,54,6,59,99,99,0,0,0,0,3,7,0,100078,180,2009,46,US-113,DAISEY AVENUE,0000000,38.51759167,-75.23992222,2,1
10,3,10,4,15,13,2,2,0,0,14,4,0,12,2,2,1,1,2,40,1,1,2,1,0,0,1,1,0,0,15,13,15,17,15,38,0,0,0,0,1,1,0,100079,0,2009,24,SILVERSIDE ROAD,MARSH ROAD,0000000,39.80359167,-75.50697222,2,1
10,3,10,12,13,51,1,1,0,0,15,5,0,30,0,2,4,1,2,25,1,1,2,1,1,3,1,1,0,0,13,51,13,55,14,7,0,0,0,0,1,2,0,100080,0,2009,3,MARROWS ROAD,BROOKSIDE BLVD,0000000,39.66719444,-75.72747222,1,1
10,3,9,27,11,7,2,4,0,0,14,6,0,12,4,2,1,2,2,35,1,1,2,2,1,3,1,2,0,0,11,9,11,19,11,56,0,0,0,0,1,1,0,100081,0,2009,42,MARSH ROAD,CHESTNUT ROAD,0000000,39.81532778,-75.49006389,2,2
10,3,10,14,23,2,1,1,0,1,11,1,0,28,0,15,4,3,4,55,2,1,2,1,0,0,2,1,0,0,23,4,23,9,88,88,0,0,0,0,1,4,0,100082,0,2009,4,I-95,99999999999999999999,0000000,39.81460278,-75.45427222,1,1
10,3,10,17,21,40,1,2,1,0,13,3,0,9,0,1,1,1,4,35,1,1,2,2,0,0,3,2,0,0,21,42,21,46,22,14,0,0,0,0,1,7,0,100083,0,2009,55,SR-4,99999999999999999999,0000000,39.73316389,-75.57782778,1,2
10,1,10,18,2,38,1,3,0,0,15,4,0,27,0,1,4,1,2,45,1,1,2,2,0,0,2,2,0,0,2,41,2,51,3,12,0,0,0,0,3,1,1,100084,130,2009,55,NORTH STREET,99999999999999999999,0000000,39.15103056,-75.55593889,1,2
10,3,10,23,23,11,2,5,0,0,13,3,0,12,4,2,1,3,4,55,2,2,2,2,1,3,2,2,0,0,23,14,23,14,23,34,0,0,0,0,1,6,0,100085,0,2009,19,SR-273,RED MILL ROAD,0000000,39.68275,-75.70009167,2,2
10,5,10,30,22,32,2,11,1,1,2,2,0,8,0,1,1,2,4,55,1,1,2,1,0,0,2,1,0,0,22,37,22,40,88,88,0,19,0,0,1,6,0,100086,0,2009,57,US-113,99999999999999999999,0000000,38.83128333,-75.43933889,2,1
10,5,11,1,18,43,1,1,0,0,5,4,0,42,0,1,4,1,2,50,1,1,2,1,0,0,2,1,0,0,99,99,99,99,99,99,0,0,0,0,1,1,1,100087,0,2009,38,CR46,99999999999999999999,0000000,38.66648056,-75.55194722,1,1
10,3,11,2,17,27,1,2,1,0,13,2,0,8,0,1,1,2,4,50,1,1,2,1,0,0,2,1,0,0,17,29,17,32,17,53,0,0,0,0,1,2,0,100088,0,2009,59,US-40,99999999999999999999,0000000,39.60952222,-75.70961944,1,1
10,5,11,7,13,12,3,8,0,1,2,3,0,12,1,3,1,2,4,55,1,1,2,1,1,3,1,1,0,0,13,17,13,18,13,29,0,0,0,0,1,7,0,100089,0,2009,44,SR-1,MELSON ROAD,0000000,38.735875,-75.14000278,3,1
10,3,11,9,16,43,2,3,1,0,13,3,0,9,0,3,1,2,4,50,2,1,2,1,1,3,5,1,0,0,16,43,16,46,17,2,0,0,0,0,1,2,0,100090,0,2009,2,SR-273,MAIN STREET,0000000,39.66134444,-75.66413056,2,1
10,5,11,9,16,43,1,1,0,0,6,4,0,30,0,1,4,1,2,50,1,1,2,1,0,0,1,1,0,0,16,43,16,46,88,88,0,0,0,0,1,2,0,100091,0,2009,19,CR546,99999999999999999999,0000000,38.69220833,-75.61683611,1,1
10,1,11,9,17,21,1,1,0,0,6,4,0,53,0,1,4,1,2,40,2,1,2,1,40,3,2,1,0,0,17,25,17,31,88,88,0,0,0,0,1,2,1,100092,0,2009,2,CR170,99999999999999999999,0000000,39.142975,-75.69562778,1,1
10,5,11,12,20,2,1,2,0,1,2,2,0,38,0,1,6,1,2,45,1,1,2,2,0,0,2,2,0,0,20,7,20,11,20,29,0,0,0,0,1,5,0,100093,0,2009,302,US-9,99999999999999999999,0000000,38.74538056,-75.20931111,1,2
10,5,11,16,11,45,1,1,0,0,6,4,0,35,0,3,4,1,2,40,1,1,2,1,0,0,1,1,0,0,11,45,11,48,88,88,0,0,0,0,1,2,0,100094,0,2009,5,CR299,CR 299A,0000000,38.61833056,-75.17922222,1,1
10,5,8,12,15,4,1,1,0,1,13,2,0,32,0,1,4,2,4,55,1,1,2,2,0,0,1,2,0,0,99,98,99,98,88,88,0,0,0,0,1,4,0,100095,320,2009,3,US-113,99999999999999999999,0000000,38.88535278,-75.43951111,1,2
10,3,11,21,15,55,1,2,1,0,15,4,0,8,0,2,1,1,2,25,1,2,2,1,1,3,1,1,0,0,15,55,15,58,16,37,0,0,0,0,1,7,0,100096,0,2009,29,HARVEY ROAD,VEALE ROAD,0000000,39.80708611,-75.48457222,1,1
10,5,11,29,1,49,1,1,0,0,6,4,0,42,0,1,4,1,2,50,2,1,2,1,40,3,2,1,0,0,1,59,2,26,3,19,0,0,0,0,1,1,1,100097,0,2009,40,CR305,99999999999999999999,0000000,38.644025,-75.26141111,1,1
10,3,12,11,3,39,1,3,0,1,2,3,0,25,0,1,4,3,4,65,2,1,2,1,0,0,2,1,0,0,3,40,3,51,4,30,0,0,0,0,1,6,1,100098,0,2009,24,SR-896,99999999999999999999,0000000,39.53443056,-75.73794444,1,1
10,3,12,14,15,33,3,3,0,0,3,3,0,12,2,1,1,1,2,50,1,1,2,1,0,0,1,1,0,0,15,34,15,38,16,5,0,0,0,0,1,2,0,100099,0,2009,13,SR-72,99999999999999999999,0000000,39.58458889,-75.68163889,3,1
10,3,12,18,2,8,1,2,0,0,13,3,0,25,0,2,4,3,4,50,2,2,2,1,1,3,3,1,0,0,2,16,2,22,2,51,0,0,0,0,1,6,1,100100,0,2009,29,SR-48,CR237,0000000,39.77371389,-75.67185278,1,1
10,5,12,17,9,1,2,5,0,0,4,3,0,12,4,2,1,1,2,50,1,1,2,1,20,3,1,1,0,0,9,14,9,37,9,54,0,0,0,0,1,5,1,100101,0,2009,124,SR-16,CR42,0000000,38.80694167,-75.46568889,2,1
10,5,12,22,13,0,1,1,0,0,4,4,0,30,0,1,4,1,2,50,1,1,2,1,0,0,1,1,0,0,14,10,14,11,14,44,0,0,0,0,1,3,0,100102,0,2009,59,INDIAN MISSION ROAD,99999999999999999999,0000000,38.63899722,-75.20038611,1,1
11,1,1,2,4,17,1,1,0,1,11,1,0,42,0,1,3,2,2,45,1,1,2,1,0,0,3,1,0,0,4,18,4,23,5,22,0,0,0,0,1,6,0,110001,10,2009,99999,I-295 N/B SE,99999999999999999999,0000000,38.88558889,-76.96296111,1,1
11,1,1,8,9,2,1,3,2,0,16,6,0,8,0,2,1,2,6,25,1,1,2,1,2,3,1,1,0,0,9,3,9,9,9,28,0,0,0,0,1,5,0,110002,10,2009,0,M STREET SW,3RD STREET SW,0000000,38.87640833,-77.01517778,1,1
11,1,3,6,14,40,2,3,0,0,16,6,0,12,2,1,1,1,2,25,1,1,2,1,0,0,1,1,0,0,14,41,14,45,15,7,0,0,0,0,1,6,0,110003,10,2009,0,400 BLOCK O ST NW,99999999999999999999,0000000,38.90866667,-77.01746389,2,1
11,1,3,8,23,16,3,3,0,0,16,6,0,12,5,2,1,1,4,25,1,1,2,1,2,3,3,1,0,0,23,17,23,22,23,57,0,0,0,0,1,1,1,110004,10,2009,0,CONSTITUTION AVE,14TH STREET,0000000,38.89209444,-77.03195833,3,1
11,1,4,19,23,1,1,3,1,0,16,6,0,8,0,1,1,2,3,35,1,1,2,1,0,0,3,1,0,0,23,5,23,9,23,30,0,0,0,0,1,1,0,110005,10,2009,0,1100 NEW YORK AVE NE,99999999999999999999,0000000,38.91404444,-76.99021389,1,1
11,1,5,2,19,2,3,5,0,0,16,6,0,12,2,1,1,1,2,25,2,1,2,1,0,0,1,1,0,0,19,8,19,12,19,47,0,0,0,0,1,7,1,110006,10,2009,0,300 OKLAHOMA AVE NE,99999999999999999999,0000000,38.895075,-76.97399167,2,1
11,1,8,8,17,53,1,2,0,0,16,6,0,25,0,1,2,3,3,45,1,1,2,1,0,0,1,1,0,0,17,56,18,3,18,31,0,0,0,0,1,7,1,110007,10,2009,99999,1300 KENILWORTH AVE,99999999999999999999,0000000,38.91130556,-76.93498056,1,1
11,1,8,14,2,34,1,2,1,0,16,6,0,8,0,2,1,2,3,35,1,1,2,1,2,3,3,1,0,0,2,35,2,39,2,40,0,0,0,0,1,6,0,110008,10,2009,99999,SUITLAND PARKWAY,STANTON RD,0000000,38.85845833,-76.99360278,1,1
11,1,5,10,0,11,2,4,0,0,16,6,0,12,5,2,1,1,4,25,1,1,2,1,2,3,3,1,0,0,1,11,1,14,1,48,0,0,0,0,2,1,1,110009,10,2009,0,SOUTHERN AVE SE,CHESAPEAKE ST SE,0000000,38.82924444,-76.99102778,2,1
11,1,5,16,1,11,7,1,0,0,16,6,0,14,6,1,4,1,2,25,1,3,2,1,0,0,3,1,0,0,1,11,1,39,2,1,0,0,0,0,1,7,1,110010,10,2009,0,5000 7TH STREET N.W.,99999999999999999999,0000000,38.95159167,-77.0221,1,1
11,1,5,17,23,11,2,2,0,0,16,6,0,12,4,1,1,1,4,25,1,1,2,1,0,0,3,1,0,0,23,17,23,18,23,32,0,0,0,0,1,1,0,110011,10,2009,0,SOUTH CAPITOL STREET,99999999999999999999,0000000,38.85977778,-77.00428889,2,1
11,1,5,25,3,20,1,2,0,0,16,6,0,30,0,1,4,3,3,25,1,3,2,1,0,0,3,1,0,0,3,25,3,28,4,1,0,0,0,0,1,2,1,110012,10,2009,99999,1700 CONNECTICUT AVE,99999999999999999999,0000000,38.91192222,-77.04448056,1,1
11,1,5,29,23,10,1,2,1,1,11,1,0,8,0,1,1,3,3,45,1,1,2,1,0,0,3,1,0,1,99,99,99,99,99,99,0,0,0,0,1,6,0,110013,10,2009,99999,I-395,99999999999999999999,0000000,38.88254722,-77.02647778,1,1
11,1,5,30,10,19,1,2,1,0,16,6,0,8,0,2,1,1,2,25,1,1,2,1,2,3,1,1,0,0,10,19,10,22,10,32,0,0,0,0,1,7,0,110014,10,2009,99999,1500 W ST N.W.,15TH ST N.W.,0000000,38.91916944,-77.03426667,1,1
11,1,6,13,8,25,2,4,2,0,16,6,0,12,5,3,1,1,2,25,1,1,2,1,2,3,1,1,0,0,8,29,8,34,9,21,0,0,0,0,1,7,0,110015,10,2009,99999,MLK AVE S.E.,HOWARD RD S.E.,0000000,38.86109722,-76.99398889,2,1
11,1,7,4,22,35,2,3,0,0,16,6,0,12,2,3,1,1,6,25,1,1,2,1,2,3,3,1,0,0,22,36,22,38,23,27,0,0,0,0,1,7,1,110016,10,2009,99999,PENNSYLVANIA AVE,TEXAS AVE,0000000,38.86768056,-76.95605278,2,1
11,1,8,4,0,33,1,2,0,0,16,6,0,5,0,1,1,1,2,25,1,1,2,1,0,0,3,1,0,0,0,33,0,37,0,53,0,0,0,0,1,3,0,110017,10,2009,99999,7700 EASTERN AVE NW,99999999999999999999,0000000,38.98311389,-77.02465278,1,1
11,1,9,26,22,25,1,2,1,0,16,6,0,15,0,1,1,1,4,25,1,1,2,2,0,0,3,2,0,0,99,99,99,99,99,99,0,0,0,0,1,7,0,110018,10,2009,99999,4300 GEORGIA AVE N.W,99999999999999999999,0000000,38.94358889,-77.02591944,1,2
11,1,10,5,18,30,1,2,1,0,16,6,0,8,0,1,1,1,4,25,1,1,2,1,0,0,3,1,0,0,99,99,99,99,99,99,0,0,0,0,1,2,0,110019,10,2009,99999,1200 MT OLIVET RD NE,99999999999999999999,0000000,38.90970278,-76.98373333,1,1
11,1,10,23,11,43,1,3,0,0,16,6,0,42,0,1,4,2,2,25,1,1,2,1,0,0,1,1,0,0,99,99,99,99,99,99,0,0,0,0,1,6,0,110020,10,2009,99999,4200 E CAP ST NE,99999999999999999999,0000000,38.88999722,-76.94283611,1,1
11,1,10,30,18,35,1,2,1,0,16,6,0,8,0,2,1,2,4,45,1,1,2,1,2,3,3,1,0,0,99,99,99,99,99,99,0,0,0,0,1,6,0,110021,10,2009,0,SUITLAND PKWY,STANTON RD,0000000,38.85334444,-76.98349722,1,1
11,1,11,4,19,45,1,2,1,1,11,1,0,8,0,1,1,3,4,50,1,1,2,1,0,0,3,1,0,0,88,88,88,88,88,88,0,0,0,0,1,4,0,110022,10,2009,99999,I-295 / SHEPARD PKWY,99999999999999999999,0000000,38.80530278,-77.02231389,1,1
11,1,11,4,23,18,1,1,0,0,16,6,0,30,0,1,4,2,2,25,1,1,2,1,0,0,3,1,0,0,99,99,99,99,99,99,0,0,0,0,1,4,1,110023,10,2009,0,16TH ST N.W.,99999999999999999999,0000000,38.95003056,-77.03658333,1,1
11,1,11,14,19,15,1,3,1,0,16,6,0,8,0,2,1,1,2,25,1,1,2,1,2,3,3,1,0,0,99,99,99,99,99,99,0,0,0,0,1,7,0,110024,10,2009,99999,CLEVELAND AVE N.W,34TH STREET N.W.,0000000,38.93006944,-77.06630278,1,1
11,1,12,1,12,7,1,2,1,0,16,6,0,8,0,1,1,2,3,25,1,1,2,1,0,0,1,1,0,0,99,99,99,99,99,99,0,0,0,0,1,3,0,110025,10,2009,99999,200 BLK NY AVE N.W.,99999999999999999999,0000000,38.90556111,-77.01433056,1,1
11,1,12,22,8,30,2,6,1,0,16,6,0,12,5,2,1,1,3,25,1,1,2,2,2,3,1,1,0,0,99,99,99,99,99,99,0,0,0,0,1,3,0,110026,10,2009,0,RHODE ISLAND AVENUE,12TH STREET,0000000,38.92324167,-76.99025556,2,1
11,1,12,22,19,20,1,3,1,0,16,6,0,33,0,1,4,1,2,25,1,1,2,1,0,0,3,1,0,0,99,99,99,99,99,99,0,0,0,0,1,3,0,110027,10,2009,0,4100 SOUTHERN AVE SE,99999999999999999999,0000000,38.86650278,-76.94337222,1,1
11,1,12,28,1,20,1,2,1,0,16,6,0,8,0,2,1,1,2,25,1,1,2,1,2,3,3,1,0,0,99,99,99,99,99,99,0,0,0,0,1,2,0,110028,10,2009,99999,PARK RD NW,16TH STREET NW,0000000,38.93170556,-77.03656111,1,1
12,123,1,2,16,20,1,1,0,0,6,4,0,38,0,1,4,1,2,25,2,1,2,1,28,3,1,1,0,0,16,23,16,30,99,99,0,0,0,0,1,6,1,120001,0,2009,99999,BERNARD JOHNSON RD,99999999999999999999,0000000,30.16933889,-83.55499444,1,1
12,115,1,2,17,1,1,2,0,0,6,4,0,1,0,1,3,2,2,45,2,1,2,1,28,3,1,1,0,0,17,2,17,5,99,99,0,0,0,0,1,6,1,120002,0,2009,99999,JACARANDA BLVD,99999999999999999999,0000000,27.04857222,-82.39771944,1,1
12,103,1,1,3,20,1,1,0,0,16,6,0,52,0,1,4,1,2,35,2,2,2,1,0,0,3,1,0,0,3,35,3,43,88,88,0,0,0,0,1,5,1,120003,860,2009,99999,DUNEDIN CAUSEWAY,99999999999999999999,0000000,28.05723056,-82.807925,1,1
12,11,1,2,18,8,1,2,1,0,14,6,0,8,0,1,1,3,2,45,1,1,2,1,28,3,3,1,0,0,18,8,18,13,88,88,0,0,0,0,1,6,0,120004,672,2009,99999,CORAL RIDGE DRIVE,99999999999999999999,0000000,26.27203333,-80.28248056,1,1
12,95,1,2,18,8,3,4,1,0,13,3,0,8,0,1,1,2,3,45,2,1,2,1,28,3,2,1,0,0,18,11,18,15,99,99,0,0,0,0,1,6,0,120005,0,2009,99999,SR-423,99999999999999999999,0000000,28.60576944,-81.39580556,3,1
12,3,1,2,16,10,3,8,0,0,6,4,0,12,5,2,1,1,2,55,2,1,2,1,28,3,1,1,0,0,16,13,16,19,99,99,0,0,0,0,1,6,1,120006,0,2009,99999,CR-229,CR-124,0000000,30.28387222,-82.28935278,3,1
12,31,1,2,18,17,2,2,0,0,14,3,0,12,5,2,1,1,6,45,1,1,2,1,3,3,3,1,0,0,18,19,18,22,99,99,0,0,0,0,1,6,1,120007,1510,2009,99999,SR-134,SR-21,0000000,30.24841944,-81.74304444,2,1
12,105,1,3,4,13,1,1,0,0,15,3,0,42,0,1,4,1,2,40,2,2,2,1,28,3,2,1,0,0,99,99,4,18,88,88,0,0,0,0,1,7,0,120008,0,2009,99999,SR-17,99999999999999999999,0000000,27.92583056,-81.59591944,1,1
12,86,1,3,18,30,1,2,1,0,13,3,0,8,0,2,1,1,4,35,1,1,2,1,20,3,3,1,0,0,18,37,18,43,88,88,0,0,0,0,1,7,0,120009,2010,2009,99999,SR-934,NE 79TH ST,0000000,25.84798611,-80.17951111,1,1
12,99,1,3,20,0,1,2,1,0,16,6,0,8,0,1,1,2,3,45,1,1,2,1,0,0,3,1,0,0,20,0,20,7,88,88,0,0,0,0,1,7,0,120010,820,2009,99999,W LINTON BLVD,99999999999999999999,0000000,26.43933056,-80.11580833,1,1