STATE,COUNTY,MONTH,DAY,HOUR,MINUTE,VE_TOTAL,PERSONS,PEDS,NHS,ROAD_FNC,ROUTE,SP_JUR,HARM_EV,MAN_COLL,REL_JUNC,REL_ROAD,TRAF_FLO,NO_LANES,SP_LIMIT,ALIGNMNT,PROFILE,PAVE_TYP,SUR_COND,TRA_CONT,T_CONT_F,LGT_COND,WEATHER1,WEATHER2,WRK_ZONE,NOT_HOUR,NOT_MIN,ARR_HOUR,ARR_MIN,HOSP_HR,HOSP_MN,SCH_BUS,CF1,CF2,CF3,FATALS,DAY_WEEK,DRUNK_DR,ST_CASE,CITY,YEAR,MILEPT,TWAY_ID,TWAY_ID2,RAIL,LATITUDE,LONGITUD,VE_FORMS,WEATHER
12,11,1,3,1,19,1,1,0,0,16,6,0,42,0,1,4,2,2,99,2,1,2,1,0,0,3,1,0,0,1,21,1,33,88,88,0,0,0,0,1,7,1,120011,2457,2009,99999,MECCA BLVD,99999999999999999999,0000000,26.32342222,-80.20835,1,1
12,105,1,3,20,50,1,1,0,0,13,2,0,27,0,1,4,2,2,55,1,1,2,1,28,3,2,1,0,0,20,53,21,1,88,88,0,0,0,0,1,7,1,120012,0,2009,99999,US-92,99999999999999999999,0000000,28.04801667,-81.88483611,1,1
12,11,1,3,99,99,2,2,0,1,12,3,0,12,1,1,1,2,3,65,1,1,1,1,0,0,5,1,0,0,19,6,19,9,88,88,0,0,0,0,1,7,0,120013,672,2009,99999,SR-869,99999999999999999999,0000000,26.22239722,-80.29630556,2,1
12,19,1,3,18,25,1,2,1,0,13,3,0,8,0,1,1,2,3,45,2,2,2,1,0,0,2,1,0,0,18,30,18,32,99,99,0,0,0,0,1,7,0,120014,0,2009,99999,SR-21,99999999999999999999,0000000,30.15084167,-81.75222778,1,1
12,103,1,4,12,20,2,2,0,0,16,6,0,12,5,2,1,1,2,45,1,1,2,1,0,0,1,1,0,0,12,22,12,26,88,88,0,0,0,0,1,1,0,120015,2960,2009,99999,TARPON AVE,JAPONICA AVE,0000000,28.14203333,-82.73820278,2,1
12,57,1,4,14,42,1,2,0,0,6,4,0,1,0,1,5,1,2,35,1,1,2,1,0,0,1,1,0,0,14,42,14,52,99,99,0,0,0,0,1,1,0,120016,0,2009,99999,MUD LAKE RD,99999999999999999999,0000000,27.94488611,-82.14760833,1,1
12,86,1,4,5,32,1,2,0,0,6,4,0,42,0,1,3,2,2,40,1,1,2,1,0,0,3,1,0,0,5,32,5,37,88,88,0,0,0,0,1,1,0,120017,0,2009,99999,SW 26TH ST,99999999999999999999,0000000,25.74400833,-80.39921944,1,1
12,97,1,4,18,25,2,4,0,0,6,4,0,12,1,2,1,2,2,35,1,1,2,1,3,3,3,1,0,0,99,99,99,99,99,99,0,0,0,0,1,1,0,120018,0,2009,99999,BUENAVENTURA BLVD,ROYAL PALM DR,0000000,28.32486389,-81.34769167,2,1
12,105,1,4,17,6,2,6,0,1,2,2,0,12,5,2,1,2,2,65,1,1,2,1,3,3,1,1,0,0,17,6,17,12,99,99,0,0,0,0,1,1,0,120020,0,2009,99999,US-27,SR-17,0000000,27.67791944,-81.55361667,2,1
12,87,1,4,12,20,4,5,0,1,13,2,0,12,2,1,1,1,2,45,1,1,2,1,0,0,1,1,0,1,12,21,12,21,99,99,0,14,0,0,1,1,0,120021,0,2009,99999,US-1,99999999999999999999,0000000,24.59802778,-81.65463611,4,1
12,43,1,4,16,19,2,3,0,0,13,3,0,12,2,2,1,1,2,50,1,1,2,1,0,0,1,1,0,0,16,23,16,36,99,99,0,0,0,0,1,1,0,120022,0,2009,99999,SR-78,HUNTER DR,0000000,27.13410278,-80.89645278,2,1
12,63,1,4,1,0,1,1,0,0,4,3,0,38,0,1,4,1,2,55,1,1,2,2,28,3,2,2,0,0,2,19,2,28,88,88,0,0,0,0,1,1,1,120023,0,2009,99999,SR-69,99999999999999999999,0000000,30.85532778,-85.08641944,1,2
12,101,1,5,18,55,4,7,0,1,13,2,0,12,1,1,1,2,3,45,1,1,2,1,0,0,5,5,0,0,99,99,99,99,99,99,0,0,0,0,1,2,0,120024,0,2009,99999,US-19,99999999999999999999,0000000,28.33058333,-82.69916667,4,5
12,115,1,6,5,49,1,2,1,0,13,2,0,8,0,3,1,2,3,45,1,1,2,1,28,3,3,1,0,0,5,49,5,53,99,99,0,0,0,0,1,3,0,120025,2780,2009,99999,US-41,HAWTHRONE ST,0000000,27.31812778,-82.52976389,1,1
12,99,1,6,6,12,2,2,0,0,14,4,0,12,5,2,1,3,3,45,1,1,2,1,20,3,3,1,0,0,99,99,99,99,99,99,0,0,0,0,1,3,0,120026,0,2009,99999,S MILITARY TRAIL,JAMAICA BAY DR,0000000,26.54288889,-80.122725,2,1
12,103,1,6,13,17,1,1,0,0,16,6,0,19,0,4,4,1,2,15,1,1,2,1,0,0,1,1,0,0,99,99,99,99,99,99,0,0,0,0,1,3,0,120027,1770,2009,99999,ULMERTON RD,142ND AVE,0000000,27.89771944,-82.73766111,1,1
12,86,1,7,5,48,1,1,0,0,6,4,0,42,0,1,4,1,2,30,2,1,2,1,28,3,2,1,0,0,5,48,5,54,99,99,0,0,0,0,1,4,0,120028,0,2009,99999,SW 112TH ST,99999999999999999999,0000000,25.66349722,-80.40556111,1,1
12,103,1,7,19,56,1,2,1,0,13,2,0,8,0,1,1,2,3,45,1,1,2,1,0,0,3,1,0,0,99,99,19,58,99,99,0,0,0,0,1,4,0,120029,2806,2009,99999,US-19,99999999999999999999,0000000,27.86081111,-82.78711667,1,1
12,127,1,7,6,29,3,4,0,1,13,3,0,13,5,1,1,2,2,60,2,1,2,1,28,3,2,1,0,0,6,32,6,41,99,99,0,0,0,0,1,4,0,120030,0,2009,99999,SR-40,99999999999999999999,0000000,29.26255278,-81.1727,3,1
12,107,1,7,21,4,1,3,1,0,13,2,0,8,0,1,1,1,2,55,1,2,1,1,28,3,2,1,0,0,99,99,21,6,99,99,0,0,0,0,1,4,0,120031,0,2009,99999,US-17,99999999999999999999,0000000,29.57954167,-81.62249444,1,1
12,83,1,7,17,36,1,1,0,0,6,4,0,53,0,1,4,1,2,45,1,2,2,1,28,3,1,1,0,0,17,39,17,44,88,88,0,20,0,0,1,4,1,120032,0,2009,99999,CR-25,99999999999999999999,0000000,29.0555,-82.01976389,1,1
12,73,1,7,16,52,1,1,0,0,6,4,0,33,0,1,4,1,2,45,1,2,2,1,28,3,1,1,0,0,16,55,17,2,99,99,0,0,0,0,1,4,0,120033,0,2009,99999,CR-155,99999999999999999999,0000000,30.51546111,-84.27750278,1,1
12,15,1,7,13,56,1,1,0,0,6,4,0,1,0,1,2,1,2,45,1,1,2,1,28,3,1,1,0,0,14,2,14,8,99,99,0,0,0,0,1,4,1,120034,0,2009,99999,GULFSTREAM BLVD,99999999999999999999,0000000,26.91681944,-82.25515556,1,1
12,71,1,7,18,25,1,2,1,0,13,3,0,8,0,1,1,3,3,45,1,1,2,1,28,3,3,1,0,0,18,28,18,30,88,88,0,0,0,0,1,4,0,120035,0,2009,99999,SR-80,99999999999999999999,0000000,26.67590278,-81.81334444,1,1
12,86,1,8,18,35,1,2,1,0,6,4,0,8,0,1,1,3,2,99,1,1,2,1,0,0,2,1,0,0,18,36,18,41,99,99,0,0,0,0,1,5,0,120036,0,2009,99999,SW 80TH ST,99999999999999999999,0000000,25.69199444,-80.43425556,1,1
12,5,1,8,21,20,2,2,0,1,13,2,0,5,0,2,1,1,4,45,1,1,2,1,3,3,3,1,0,0,21,28,21,34,88,88,0,0,0,0,1,5,0,120037,0,2009,99999,US-231,CR-389,0000000,30.20076944,-85.624925,2,1
12,17,1,8,7,22,2,2,0,0,6,4,0,12,2,1,1,1,2,55,2,2,2,1,0,0,1,1,0,0,7,24,7,30,99,99,0,0,0,0,1,5,1,120038,0,2009,99999,CR-491,99999999999999999999,0000000,28.967325,-82.39364444,2,1
12,99,1,9,21,10,2,2,0,0,16,6,0,12,5,2,1,4,1,25,1,1,2,1,20,3,3,1,0,0,21,11,21,15,88,88,0,0,0,0,1,6,1,120039,1750,2009,99999,S B ST,1ST AVE S,0000000,26.61486667,-80.06427222,2,1
12,29,1,9,5,39,2,2,0,1,2,2,0,12,9,2,1,3,2,55,1,1,2,1,28,3,2,1,0,0,5,39,5,43,88,88,0,0,0,0,1,6,1,120040,0,2009,99999,US-19,NE 238TH ST,0000000,29.62389444,-83.10701667,2,1
12,11,1,10,20,1,1,2,1,0,15,6,0,8,0,1,1,1,2,15,1,1,2,1,3,3,2,1,0,0,20,3,99,99,88,88,0,0,0,0,1,7,0,120041,2570,2009,99999,NE 3RD AVENUE,99999999999999999999,0000000,26.27179722,-80.11934722,1,1
12,1,1,10,14,39,1,2,1,0,16,6,0,9,0,2,1,1,2,25,1,1,2,1,20,3,1,1,0,0,14,39,14,41,99,99,0,0,0,0,1,7,0,120042,1130,2009,99999,NW 32ND AVENUE,NW 12TH TERRACE,0000000,29.682175,-82.33765278,1,1
12,31,1,10,18,4,1,1,0,0,14,3,0,1,0,2,1,1,4,30,2,2,2,1,0,0,5,1,0,0,18,6,18,13,99,99,0,0,0,0,1,7,1,120043,1510,2009,99999,SR-111,600 IVA PLACE,0000000,30.39236667,-81.66560833,1,1
12,121,1,10,12,50,1,4,0,0,6,4,0,37,0,1,4,1,2,35,1,2,5,1,28,3,1,1,0,0,99,99,12,56,99,99,0,0,0,0,1,7,0,120044,0,2009,99999,89TH ROAD,99999999999999999999,0000000,30.08545278,-82.92888056,1,1
12,101,1,10,4,58,2,3,0,0,13,3,0,25,0,1,4,3,3,55,2,1,2,1,28,3,2,1,0,0,4,59,5,1,88,88,0,0,0,0,3,7,1,120045,0,2009,99999,SR-54,99999999999999999999,0000000,28.21446667,-82.68211944,2,1
12,3,1,10,8,0,1,2,0,0,6,4,0,1,0,1,2,1,2,55,2,1,2,1,98,3,1,1,0,0,8,4,8,11,99,99,0,0,0,0,1,7,1,120046,0,2009,99999,CR-130,99999999999999999999,0000000,30.22165833,-82.20288333,1,1
12,33,1,10,11,34,1,1,0,1,1,1,0,24,0,1,4,1,2,45,2,2,2,2,28,3,1,2,0,0,11,34,11,42,88,88,0,0,0,0,1,7,0,120047,0,2009,99999,I-10,99999999999999999999,0000000,30.504975,-87.23115556,1,2
12,99,1,11,20,50,1,2,0,0,14,6,0,43,0,1,5,1,2,25,1,1,2,1,20,3,3,1,0,0,20,51,20,54,99,99,0,0,0,0,1,1,1,120048,1750,2009,99999,10TH AVE S,99999999999999999999,0000000,26.60380556,-80.05851667,1,1
12,31,1,11,99,99,1,1,0,1,11,1,0,1,0,5,4,6,1,65,1,2,2,1,0,0,3,1,0,0,2,3,2,9,88,88,0,0,0,0,1,1,1,120049,1510,2009,99999,I-295,US-17,0000000,30.18811944,-81.70289722,1,1
12,131,1,11,17,30,2,2,0,1,2,2,0,12,2,1,1,1,2,50,1,2,1,1,0,0,2,1,0,0,17,35,17,44,99,99,0,0,0,0,1,1,1,120050,0,2009,99999,US-331,99999999999999999999,0000000,30.40265833,-86.16768056,2,1
12,103,1,11,20,11,3,1,0,0,13,2,0,43,0,1,4,2,3,45,1,1,2,1,0,0,2,1,0,0,20,11,20,14,88,88,0,0,0,0,1,1,1,120051,0,2009,99999,US-19,99999999999999999999,0000000,27.81636111,-82.679625,1,1
12,99,1,11,23,10,1,1,0,0,4,4,0,24,0,1,4,1,2,45,2,1,2,1,0,0,3,1,0,0,23,17,23,37,88,88,0,0,0,0,1,1,1,120052,0,2009,99999,HATTON HIGHWAY,99999999999999999999,0000000,26.77211389,-80.50976944,1,1
12,86,1,11,15,0,3,7,0,1,12,3,0,12,7,1,1,3,3,55,1,1,2,1,0,0,1,1,0,0,15,6,15,8,99,99,0,0,0,0,1,1,0,120053,0,2009,99999,SR-826,99999999999999999999,0000000,25.92520278,-80.30312778,3,1
12,109,1,12,0,45,1,2,0,0,3,3,0,24,0,1,4,1,2,55,2,1,2,2,0,0,2,1,0,0,0,48,0,58,88,88,0,0,0,0,2,2,1,120054,0,2009,99999,SR-13,99999999999999999999,0000000,30.01567222,-81.62803056,1,1
12,105,1,12,23,43,1,1,0,1,13,2,0,18,0,1,1,3,2,55,2,1,2,1,0,0,2,1,0,1,23,30,23,35,88,88,0,0,0,0,1,2,1,120055,1670,2009,99999,US-27,99999999999999999999,0000000,28.01435556,-81.631725,1,1
12,31,1,12,16,20,2,2,0,0,16,6,0,12,2,1,1,1,2,35,2,1,2,2,0,0,1,2,0,0,16,26,16,33,99,99,0,20,0,0,1,2,0,120056,1510,2009,99999,DEERWOOD PARK BLVDD,99999999999999999999,0000000,30.24698333,-81.54259722,2,2
12,131,1,13,17,28,2,4,0,0,2,3,0,12,5,2,1,1,2,25,1,2,2,1,20,3,2,1,0,0,17,29,17,51,99,99,0,0,0,0,1,3,2,120057,0,2009,99999,SR-85,COUNTY LINE ROAD,0000000,30.96675,-86.40550278,2,1
12,103,1,13,4,8,1,1,0,1,11,1,0,30,0,1,4,2,3,65,2,1,2,1,0,0,3,1,0,0,4,10,4,22,88,88,0,0,0,0,1,3,1,120058,2730,2009,99999,I-275,99999999999999999999,0000000,27.80998333,-82.66348333,1,1
12,101,1,13,2,20,1,1,0,0,13,3,0,34,0,1,4,2,3,55,2,1,2,1,28,3,2,1,0,0,2,20,2,26,88,88,0,0,0,0,1,3,1,120059,2293,2009,99999,SR-54,99999999999999999999,0000000,28.184225,-82.55741667,1,1
12,103,1,13,12,51,1,3,1,0,16,6,0,9,0,1,1,3,3,40,2,1,2,2,99,9,1,2,0,0,13,25,13,27,99,99,0,0,0,0,1,3,0,120060,570,2009,99999,COUNTRYSIDE BLVD,99999999999999999999,0000000,28.01408611,-82.73683611,1,2
12,83,1,13,18,46,1,2,0,1,2,2,0,30,0,1,4,2,2,65,2,2,2,2,28,3,2,2,0,0,99,99,18,50,99,99,0,0,0,0,1,3,1,120061,0,2009,99999,US-27,99999999999999999999,0000000,29.23821389,-82.27852222,1,2
12,103,1,14,12,36,1,2,0,0,16,6,0,5,0,1,1,2,2,35,1,1,2,1,0,0,1,1,0,0,99,99,99,99,99,99,1,0,0,0,1,4,0,120062,2730,2009,99999,9TH AVE N,99999999999999999999,0000000,27.78101111,-82.67163889,1,1
12,103,1,14,18,48,1,3,1,1,13,3,0,8,0,1,1,2,3,40,1,1,2,1,0,0,3,1,0,0,18,48,18,52,88,88,0,0,0,0,1,4,0,120063,570,2009,99999,SR-60,99999999999999999999,0000000,27.96066111,-82.71886389,1,1
12,86,1,14,10,40,2,3,0,0,13,3,0,12,5,3,1,3,3,40,1,2,2,1,3,3,1,1,0,0,10,46,10,50,99,99,0,0,0,0,1,4,0,120064,0,2009,99999,SR-976,SW 117TH AVENUE,0000000,25.73213889,-80.38378056,2,1
12,73,1,14,6,49,2,3,0,0,13,3,0,12,5,2,1,2,2,30,1,1,2,1,20,3,3,1,0,0,6,51,7,0,99,99,0,0,0,0,1,4,0,120065,2940,2009,99999,SR-61,LIVE OAK PLANTATION,0000000,30.49761667,-84.25387222,2,1
12,31,1,14,12,56,3,3,0,0,16,6,0,12,5,4,1,5,4,40,1,1,2,1,28,3,1,1,0,0,12,56,13,5,99,99,0,0,0,0,1,4,0,120066,1510,2009,99999,MERRILL RD,HARTSFIELD ROAD,0000000,30.35252778,-81.55383056,3,1
12,107,1,15,2,40,1,1,0,0,6,4,0,53,0,1,4,1,2,25,1,1,2,1,28,3,2,1,0,0,2,45,2,55,88,88,0,0,0,0,1,5,1,120067,0,2009,99999,BUFFALO BLUFF ROAD,99999999999999999999,0000000,29.609225,-81.68684722,1,1
12,101,1,15,18,33,2,2,0,0,13,3,0,12,1,3,1,1,2,50,1,1,2,1,28,3,2,1,0,0,18,33,18,39,88,88,0,0,0,0,1,5,0,120068,0,2009,99999,SR-54,LOURY DRIVE,0000000,28.21981944,-82.26675556,2,1
12,101,1,15,13,38,1,2,1,0,13,2,0,9,0,2,1,3,3,50,1,1,2,1,28,3,1,1,0,0,13,39,13,43,88,88,0,0,0,0,1,5,1,120069,1755,2009,99999,US-41,LAKE PATIENCE ROAD,0000000,28.21540278,-82.46016111,1,1
12,91,1,16,12,21,5,12,0,1,13,2,0,12,5,2,1,9,9,45,1,1,2,1,3,3,1,1,0,0,12,23,12,27,99,99,0,0,0,0,1,6,0,120070,835,2009,99999,US-98,MATTHEW BLVD,0000000,30.38810556,-86.43036667,5,1
12,95,1,16,2,39,1,1,0,0,6,4,0,42,0,1,4,1,2,55,2,2,2,1,28,3,2,1,0,0,2,40,2,46,88,88,0,0,0,0,1,6,1,120071,0,2009,99999,CR-434,99999999999999999999,0000000,28.51231111,-81.17963889,1,1
12,83,1,16,18,40,1,2,1,0,13,2,0,8,0,1,1,2,2,55,1,2,2,1,28,3,2,1,0,0,18,41,18,45,99,99,0,0,0,0,1,6,0,120072,0,2009,99999,US-441,99999999999999999999,0000000,29.07689444,-82.07474444,1,1
12,63,1,16,21,50,2,3,0,0,2,3,0,12,5,2,1,1,2,35,1,1,2,1,20,3,2,1,0,0,21,54,22,9,99,99,0,0,0,0,1,6,0,120073,0,2009,99999,SR-77,CR-162,0000000,30.88091111,-85.52523889,2,1
12,99,1,17,1,55,1,2,0,0,16,6,0,33,0,1,4,1,2,25,2,1,2,1,0,0,2,1,0,0,99,99,1,55,99,99,0,0,0,0,1,7,1,120074,2431,2009,99999,E PARK DR,99999999999999999999,0000000,26.83285,-80.09342222,1,1
12,109,1,17,9,55,1,1,0,0,3,3,0,34,0,1,4,1,2,45,2,1,2,1,28,3,1,1,0,0,9,59,10,5,99,99,0,0,0,0,1,7,0,120075,0,2009,99999,SR-13,99999999999999999999,0000000,,,1,1
12,97,1,17,10,50,1,2,0,0,6,4,0,3,0,1,4,1,2,50,2,1,2,1,28,3,1,1,0,0,10,52,11,0,88,88,0,0,0,0,1,7,0,120076,0,2009,99999,CR-522,99999999999999999999,0000000,28.34262222,-81.35206389,1,1
12,81,1,17,21,7,1,1,0,0,6,4,0,42,0,1,4,1,2,30,1,1,2,1,28,3,2,1,0,0,21,7,21,16,99,99,0,0,0,0,1,7,0,120077,0,2009,99999,WHITFIELD AVENUE,99999999999999999999,0000000,27.40293611,-82.48723889,1,1
12,31,1,17,8,16,1,1,0,1,11,1,0,36,0,5,4,6,2,45,2,2,2,1,98,3,1,1,0,1,8,18,8,23,88,88,0,0,0,0,1,7,1,120078,1510,2009,99999,I-10,I-95,0000000,30.32269722,-81.68168056,1,1
12,41,1,17,14,25,2,4,0,0,6,4,0,12,5,2,1,1,2,55,1,1,2,1,28,3,1,1,0,0,14,27,14,35,99,99,0,0,0,0,1,7,0,120079,0,2009,99999,CR-341,W CR-232,0000000,29.69338333,-82.90755278,2,1
12,95,1,18,19,35,2,3,0,0,6,4,0,33,0,1,4,2,2,25,2,1,2,1,20,3,3,1,0,0,19,39,19,45,88,88,0,0,0,0,1,1,1,120080,0,2009,99999,TOWN CENTER BLVD,99999999999999999999,0000000,28.36741389,-81.41659444,2,1
12,86,1,18,18,20,2,6,0,0,6,4,0,12,5,2,1,1,2,40,1,1,2,1,0,0,3,1,0,0,18,25,18,31,99,99,0,0,0,0,1,1,0,120081,0,2009,99999,SW 112TH AVE,SW 180TH ST,0000000,25.601675,-80.37286944,2,1
12,11,1,18,5,3,1,3,1,1,11,1,0,8,0,1,1,3,6,65,1,1,2,1,0,0,3,1,0,0,99,99,99,99,88,88,0,0,0,0,1,1,0,120082,1050,2009,99999,I-95,99999999999999999999,0000000,26.11405556,-80.16858889,1,1
12,1,1,18,1,52,1,3,0,0,3,3,0,42,0,1,4,1,2,60,1,1,2,1,0,0,2,1,0,4,1,55,2,4,99,99,0,0,0,0,2,1,1,120083,0,2009,99999,SR-26,99999999999999999999,0000000,29.68812778,-82.20708889,1,1
12,86,1,18,13,7,1,1,0,0,6,4,0,33,0,2,2,2,2,40,1,2,1,1,3,3,1,1,0,1,13,8,13,12,88,88,0,0,0,0,1,1,0,120084,0,2009,99999,SW 120TH ST,SW 117TH AVE,0000000,25.65744722,-80.38482778,1,1
12,86,1,18,0,15,1,1,0,0,6,4,0,38,0,1,5,2,3,40,1,1,2,1,0,0,3,1,0,0,0,17,0,19,99,99,0,0,0,0,1,1,1,120085,0,2009,99999,NW 22ND AVE,99999999999999999999,0000000,25.82121667,-80.23267778,1,1
12,103,1,18,16,20,1,1,0,0,6,4,0,33,0,1,4,2,3,40,2,2,2,1,0,0,1,1,0,1,16,20,16,24,88,88,0,0,0,0,1,1,1,120086,0,2009,99999,CR-296,99999999999999999999,0000000,27.87223889,-82.76749722,1,1
12,47,1,18,18,10,1,2,0,1,1,1,0,42,0,1,6,2,3,70,1,1,2,2,0,0,2,2,0,0,18,18,18,23,99,99,0,0,0,0,1,1,0,120087,0,2009,99999,I-75,99999999999999999999,0000000,30.44001667,-82.91871111,1,2
12,11,1,19,20,10,3,4,0,0,13,3,0,12,5,2,1,2,3,45,1,1,2,1,3,3,3,1,0,0,20,10,20,11,99,99,0,0,0,0,1,2,1,120088,2260,2009,99999,SR-845,PROSPECT RD,0000000,26.18099444,-80.15489722,3,1
12,85,1,19,20,6,1,1,0,0,13,2,0,41,0,1,3,2,2,55,1,2,2,1,0,0,3,1,0,0,20,8,20,20,99,99,0,0,0,0,1,2,0,120089,1405,2009,99999,US-1,99999999999999999999,0000000,27.11391667,-80.1745,1,1
12,71,1,19,21,26,2,3,0,0,13,2,0,12,1,3,1,2,3,45,1,1,2,1,3,3,3,1,0,0,21,27,21,31,99,99,0,0,0,0,1,2,0,120090,0,2009,99999,US-41,CYPRESS TRACE DR,0000000,26.53596667,-81.87122778,2,1
12,17,1,20,14,45,2,2,0,0,6,4,0,12,3,1,1,1,2,55,1,2,2,1,28,3,1,1,0,0,14,49,14,50,99,99,0,0,0,0,1,3,0,120091,0,2009,99999,CR-486,99999999999999999999,0000000,28.89240278,-82.50440556,2,1
12,37,1,20,15,50,2,4,0,0,2,2,0,12,1,1,1,1,2,55,1,1,2,1,50,3,1,1,0,1,15,54,16,12,99,99,0,0,0,0,1,3,1,120092,0,2009,99999,US-98,99999999999999999999,0000000,29.72296111,-85.09790833,2,1
12,53,1,20,20,20,1,2,0,0,6,4,0,1,0,1,1,1,2,30,2,2,2,1,0,0,3,1,0,0,99,99,99,99,99,99,0,0,0,0,1,3,1,120093,0,2009,99999,AUGUSTINE ROAD,99999999999999999999,0000000,28.48816944,-82.52938889,1,1
12,91,1,21,16,25,1,1,0,0,3,2,0,1,0,1,2,1,2,55,1,2,2,1,0,0,1,1,0,0,99,99,99,99,99,99,0,0,0,0,1,4,0,120094,0,2009,99999,US-90,99999999999999999999,0000000,30.75085278,-86.48106944,1,1
12,85,1,21,19,30,1,4,1,0,14,3,0,8,0,1,1,2,2,45,1,1,2,1,28,3,3,1,0,0,19,32,19,37,88,88,0,0,0,0,1,4,0,120095,2900,2009,99999,SR-714,99999999999999999999,0000000,27.17565278,-80.2436,1,1
12,81,1,21,8,55,2,2,1,1,11,1,0,8,0,1,1,2,3,70,1,1,2,1,28,3,1,1,0,0,8,57,9,5,99,99,0,0,0,0,1,4,0,120096,0,2009,99999,I-75,99999999999999999999,0000000,27.48526944,-82.46954722,1,1
12,71,1,21,5,17,2,2,0,1,11,1,0,12,3,1,1,2,2,70,1,1,2,1,0,0,2,1,0,1,5,19,5,26,99,99,0,0,0,0,1,4,0,120097,0,2009,99999,I-75,99999999999999999999,0000000,26.509675,-81.79475833,2,1
12,86,1,21,12,26,2,2,0,1,2,2,0,18,0,1,1,1,2,45,1,1,2,1,28,3,1,1,0,0,99,99,12,42,99,99,0,0,0,0,1,4,0,120098,0,2009,99999,US-1,99999999999999999999,0000000,25.32928611,-80.45373889,2,1
12,95,1,22,14,32,1,1,0,0,16,6,0,10,0,6,1,1,1,25,1,1,2,1,71,3,1,1,0,0,14,32,14,36,99,99,0,0,0,0,1,5,0,120099,930,2009,99999,JAMICA LANE,SR-527,622312B,28.48746667,-81.37439167,1,1
12,99,1,22,22,30,2,3,0,1,11,1,0,12,1,1,1,2,5,65,1,1,2,1,28,3,3,1,0,0,99,99,22,33,99,99,0,0,0,0,1,5,0,120100,330,2009,99999,I-95,99999999999999999999,0000000,26.54380833,-80.07205,2,1
12,85,1,22,15,55,2,4,0,0,13,2,0,12,5,2,1,3,3,40,1,1,2,1,28,3,1,1,0,0,15,56,15,59,99,99,0,0,0,0,1,5,0,120101,2900,2009,99999,US-1,DIXIE HWY CUTOFF RD,0000000,27.20131944,-80.25772222,2,1
12,59,1,22,5,9,1,2,0,0,3,3,0,32,0,1,4,1,2,55,1,2,2,1,28,3,2,1,0,0,99,99,99,99,99,99,0,0,0,0,1,5,0,120102,0,2009,99999,SR-79,99999999999999999999,0000000,30.88501111,-85.65925833,1,1
12,101,1,23,22,43,1,2,1,1,13,2,0,8,0,1,1,2,3,45,1,1,2,1,0,0,3,1,0,0,22,46,22,47,99,99,0,0,0,0,1,6,0,120104,2180,2009,99999,US-19,99999999999999999999,0000000,28.251825,-82.72768333,1,1
12,95,1,23,23,29,1,1,0,0,6,4,0,33,0,1,4,2,2,45,1,1,2,1,28,3,3,1,0,0,23,30,23,35,99,99,0,0,0,0,1,6,1,120105,0,2009,99999,CURRY FORD RD,99999999999999999999,0000000,28.51007222,-81.23164722,1,1
12,19,1,23,1,35,1,2,1,0,13,3,0,8,0,1,1,2,2,55,1,1,2,1,28,3,2,1,0,0,1,43,2,18,88,88,0,0,0,0,1,6,0,120106,0,2009,99999,SR-21,99999999999999999999,0000000,30.09165,-81.84966389,1,1
12,87,1,23,23,40,1,2,1,1,13,2,0,8,0,13,2,6,2,55,1,1,2,1,28,3,2,1,0,0,23,45,23,52,88,88,0,0,0,0,1,6,1,120107,0,2009,99999,US-1,BOCA CHICA OVERPASS,0000000,24.58876389,-81.68701667,1,1
12,11,1,24,23,39,1,4,0,0,15,6,0,33,0,1,4,2,2,35,2,1,2,1,28,3,3,1,0,0,23,41,23,44,99,99,0,0,0,0,1,7,0,120108,672,2009,99999,LAKEVIEW DR,99999999999999999999,0000000,26.24684722,-80.28473333,1,1
12,57,1,24,17,14,1,1,0,0,6,4,0,11,0,1,1,1,2,35,1,1,2,1,0,0,5,1,0,0,17,14,17,17,88,88,0,0,0,0,1,7,1,120109,0,2009,99999,MAIN ST,99999999999999999999,0000000,28.05804444,-82.30472222,1,1
12,89,1,24,23,35,1,5,0,0,16,6,0,34,0,1,4,1,2,30,1,1,2,1,28,3,2,1,0,0,23,35,23,47,88,88,0,0,0,0,1,7,0,120110,0,2009,99999,ROY BOOTH RD,99999999999999999999,0000000,30.51102222,-81.78191389,1,1
12,127,1,24,4,20,1,2,1,1,11,1,0,8,0,1,1,3,3,70,1,1,2,1,0,0,2,1,0,0,4,20,4,21,88,88,0,0,0,0,1,7,0,120111,0,2009,99999,I-4,99999999999999999999,0000000,28.95747778,-81.26127778,1,1
12,125,1,24,20,5,1,1,0,0,3,3,0,34,0,2,2,1,2,50,1,2,2,1,28,3,3,1,0,0,20,6,20,14,99,99,0,0,0,0,1,7,1,120112,3315,2009,99999,SR-121,CR-18,0000000,29.94641944,-82.42485278,1,1
12,31,1,24,3,0,1,2,0,0,12,3,0,29,0,2,4,1,2,45,1,1,2,1,3,3,3,1,0,0,3,7,3,14,99,99,0,0,0,0,1,7,1,120113,1510,2009,99999,SR-115,SR-5,0000000,30.17877778,-81.55199722,1,1
12,115,1,24,11,15,2,2,0,0,6,4,0,12,4,2,1,2,2,35,1,1,2,1,5,1,1,1,0,0,11,17,11,18,99,99,0,0,0,0,1,7,0,120114,0,2009,99999,JACARANDA BLVD,CENTER RD,0000000,27.07916389,-82.38898333,2,1