STATE,COUNTY,MONTH,DAY,HOUR,MINUTE,VE_TOTAL,PERSONS,PEDS,NHS,ROAD_FNC,ROUTE,SP_JUR,HARM_EV,MAN_COLL,REL_JUNC,REL_ROAD,TRAF_FLO,NO_LANES,SP_LIMIT,ALIGNMNT,PROFILE,PAVE_TYP,SUR_COND,TRA_CONT,T_CONT_F,LGT_COND,WEATHER1,WEATHER2,WRK_ZONE,NOT_HOUR,NOT_MIN,ARR_HOUR,ARR_MIN,HOSP_HR,HOSP_MN,SCH_BUS,CF1,CF2,CF3,FATALS,DAY_WEEK,DRUNK_DR,ST_CASE,CITY,YEAR,MILEPT,TWAY_ID,TWAY_ID2,RAIL,LATITUDE,LONGITUD,VE_FORMS,WEATHER
12,55,2,15,12,25,2,3,0,1,13,2,0,12,5,2,1,2,2,15,1,2,2,1,28,3,1,1,0,0,12,26,12,30,99,99,0,0,0,0,1,1,0,120222,0,2009,99999,US-27,SHORELINE DR,0000000,27.26537222,-81.34691944,2,1
12,21,2,15,10,5,1,1,0,0,6,4,0,1,0,2,2,1,2,30,1,1,2,1,20,3,1,1,0,0,10,9,10,11,88,88,0,0,0,0,1,1,0,120223,0,2009,99999,CR-876,EIGHTH ST,0000000,26.23018333,-81.59048056,1,1
12,11,2,15,13,43,2,2,0,1,2,2,0,12,4,4,1,2,2,65,1,1,2,1,20,3,1,1,0,0,13,45,13,59,88,88,0,0,0,0,1,1,0,120224,0,2009,99999,US-27,I-75,0000000,26.24446389,-80.46833056,2,1
12,101,2,16,9,0,3,3,0,0,6,4,0,12,5,4,1,1,2,55,1,1,2,1,20,3,1,1,0,0,9,0,9,6,99,99,0,0,0,0,1,2,0,120225,0,2009,99999,COUNTY LINE RD,RUNYON DR,0000000,28.43379167,-82.53759722,3,1
12,99,2,16,14,39,1,2,0,0,6,4,0,19,0,1,5,1,2,25,1,1,2,1,20,3,1,1,0,0,14,40,14,47,99,99,0,0,0,0,1,2,0,120226,0,2009,99999,LOMBARDY ST,99999999999999999999,0000000,26.54203056,-80.16230556,1,1
12,19,2,16,22,30,1,1,0,0,6,4,0,53,0,1,4,1,2,35,2,1,2,1,28,3,2,1,0,0,23,32,23,40,99,99,0,0,0,0,1,2,1,120227,0,2009,99999,PEPPERGRASS RD,99999999999999999999,0000000,30.05581944,-81.89975,1,1
12,11,2,16,1,15,1,2,0,1,11,1,0,27,0,5,4,6,1,70,2,1,2,1,28,3,3,1,0,0,1,17,1,28,99,99,0,0,0,0,1,2,0,120228,2468,2009,99999,I-75,SR-820,0000000,26.00813611,-80.34019722,1,1
12,83,2,16,5,40,4,6,0,1,1,1,0,24,0,1,4,3,3,70,2,1,2,2,0,0,2,1,0,0,5,42,5,51,99,99,0,0,0,0,1,2,0,120229,0,2009,99999,I-75,99999999999999999999,0000000,29.26696944,-82.19326944,4,1
12,83,2,16,5,43,6,8,1,1,1,1,0,12,1,2,1,3,4,70,1,2,2,1,28,3,3,1,0,0,5,45,5,57,99,99,0,14,0,0,1,2,0,120231,0,2009,99999,I-75,SR-326,0000000,29.26705556,-82.19331389,4,1
12,11,2,17,9,40,2,3,0,1,1,1,0,12,1,1,1,2,2,70,1,1,2,1,28,3,1,1,0,0,99,99,99,99,99,99,0,0,0,0,1,3,0,120232,0,2009,99999,I-75,99999999999999999999,0000000,25.93001944,-80.42505,2,1
12,7,2,18,14,10,2,2,0,0,3,3,0,12,2,1,1,1,2,60,1,1,2,1,28,3,1,1,0,0,14,16,14,24,99,99,0,0,0,0,1,4,0,120233,0,2009,99999,SR-100,99999999999999999999,0000000,29.95815,-82.15839167,2,1
12,95,2,18,4,9,2,2,0,0,6,4,0,12,5,2,1,1,5,40,1,1,2,1,3,3,3,1,0,0,4,11,4,17,99,99,0,0,0,0,1,4,1,120234,0,2009,99999,LANCASTER RD,WINEGARD RD,0000000,28.46540556,-81.38425278,2,1
12,83,2,18,21,21,2,3,0,0,6,4,0,12,8,1,1,1,2,55,2,1,2,1,0,0,2,1,0,0,21,21,21,58,88,88,0,0,0,0,1,4,1,120235,0,2009,99999,CR-42,99999999999999999999,0000000,28.981875,-81.945175,2,1
12,53,2,19,5,45,2,2,0,0,6,4,0,12,2,1,1,1,2,55,1,1,2,1,0,0,2,1,0,0,5,45,5,53,99,99,0,0,0,0,1,5,0,120236,0,2009,99999,CR-572,99999999999999999999,0000000,28.49209722,-82.47524444,2,1
12,115,2,19,2,5,1,2,1,0,14,3,0,8,0,1,1,5,6,45,1,1,2,1,0,0,3,1,0,0,2,8,2,13,88,88,0,0,0,0,1,5,0,120237,0,2009,99999,SR-758,99999999999999999999,0000000,27.298775,-82.48574722,1,1
12,113,2,19,5,55,3,3,0,0,6,4,0,12,8,1,1,1,2,55,1,1,2,1,0,0,2,1,0,0,5,56,6,6,99,99,0,0,0,0,1,5,0,120238,0,2009,99999,CR-197,99999999999999999999,0000000,30.72946111,-87.19603889,3,1
12,31,2,19,2,46,1,1,0,0,16,6,0,1,0,1,1,2,2,45,1,1,2,1,0,0,3,1,0,0,2,46,2,56,88,88,0,0,0,0,1,5,1,120239,1510,2009,99999,ST JOHNS BLUFF RD,99999999999999999999,0000000,30.3203,-81.52351944,1,1
12,103,2,20,19,16,2,4,0,0,6,4,0,12,7,1,1,2,3,45,2,2,2,1,0,0,3,1,0,0,19,16,19,19,99,99,0,0,0,0,1,6,0,120240,0,2009,99999,CR-296,99999999999999999999,0000000,27.87238611,-82.76231111,2,1
12,86,2,20,15,31,1,7,0,0,16,6,0,6,0,1,1,1,4,30,1,1,2,1,0,0,1,1,0,0,15,34,15,47,99,99,0,0,0,0,1,6,0,120241,1340,2009,99999,E 32ND ST,99999999999999999999,0000000,25.85125833,-80.27954444,1,1
12,9,2,21,5,2,1,1,0,1,11,1,0,1,0,1,1,3,2,70,1,1,2,1,0,0,2,1,0,0,5,5,5,11,88,88,0,0,0,0,1,7,0,120242,1896,2009,99999,I-95,99999999999999999999,0000000,27.98750833,-80.62244444,1,1
12,127,2,21,0,52,2,2,0,0,13,2,0,12,2,1,1,2,2,45,1,1,2,1,0,0,3,1,0,0,0,52,0,55,99,99,0,0,0,0,1,7,2,120243,810,2009,99999,US-17,99999999999999999999,0000000,29.05845,-81.30435278,2,1
12,11,2,22,18,21,1,1,0,1,11,1,0,29,0,1,3,3,5,65,1,1,2,1,0,0,2,1,0,0,18,23,18,33,88,88,0,0,0,0,1,1,0,120244,1050,2009,99999,I-95,99999999999999999999,0000000,26.12050278,-80.16891111,1,1
12,95,2,22,3,23,1,2,1,0,13,3,0,8,0,2,1,3,3,50,1,1,2,1,3,3,3,1,0,0,3,25,3,29,88,88,0,0,0,0,1,1,0,120245,2360,2009,99999,SR-435,MAJOR BLVD,0000000,28.47797222,-81.45894722,1,1
12,5,2,22,18,58,1,4,1,1,13,3,0,8,0,1,1,2,2,55,1,1,2,1,28,3,2,1,0,0,18,59,19,5,99,99,0,0,0,0,1,1,0,120246,0,2009,99999,SR-77,99999999999999999999,0000000,30.32064167,-85.65880833,1,1
12,19,2,22,2,15,1,1,0,0,6,4,0,42,0,1,4,1,2,45,1,1,2,1,0,0,2,1,0,0,99,99,99,99,88,88,0,0,0,0,1,1,1,120247,0,2009,99999,CR-218,99999999999999999999,0000000,30.09799444,-81.95281389,1,1
12,85,2,22,16,31,1,2,0,1,1,1,0,42,0,1,3,2,3,70,1,1,2,1,28,3,1,1,0,0,16,31,16,41,99,99,0,0,0,0,2,1,0,120248,0,2009,99999,I-95,99999999999999999999,0000000,27.12728611,-80.34061389,1,1
12,43,2,22,17,30,1,1,0,0,6,4,0,34,0,1,4,1,2,45,2,1,2,1,0,0,1,1,0,0,17,36,17,54,88,88,0,0,0,0,1,1,0,120249,0,2009,99999,CR-720,99999999999999999999,0000000,26.80128056,-80.97827222,1,1
12,33,2,22,18,40,1,2,0,0,16,6,0,38,0,1,4,1,2,55,1,2,2,1,28,3,2,1,0,0,18,43,18,59,99,99,0,0,0,0,1,1,0,120250,0,2009,99999,JACKS BRANCH RD,99999999999999999999,0000000,30.66637222,-87.3925,1,1
12,86,2,22,6,32,1,1,0,1,12,3,0,25,0,1,4,3,4,55,1,2,2,1,28,3,1,1,0,0,99,99,6,27,88,88,0,0,0,0,1,1,0,120251,2010,2009,99999,SR-836,99999999999999999999,0000000,25.78445556,-80.23640833,1,1
12,1,2,23,14,25,1,2,0,0,6,4,0,27,0,1,4,1,2,55,1,1,2,1,28,3,1,1,0,0,14,31,14,38,99,99,0,0,0,0,1,2,0,120252,0,2009,99999,CR-241,99999999999999999999,0000000,29.64041389,-82.523825,1,1
12,101,2,23,7,35,2,3,0,0,6,4,0,12,4,1,1,1,2,50,1,1,2,1,28,3,1,1,0,0,7,39,7,46,99,99,0,0,0,0,1,2,0,120254,0,2009,99999,CR-535,99999999999999999999,0000000,28.25586389,-82.14616944,2,1
12,57,2,23,7,13,1,2,1,0,13,2,0,8,0,1,1,2,2,45,1,1,2,1,28,3,1,1,0,0,7,14,7,18,88,88,0,0,0,0,1,2,0,120255,0,2009,99999,US-41,99999999999999999999,0000000,28.06365278,-82.45116944,1,1
12,31,2,24,7,22,2,2,0,0,16,6,0,12,5,2,1,2,2,35,1,1,2,1,20,3,1,1,0,0,7,22,7,28,99,99,0,0,0,0,1,3,0,120256,1510,2009,99999,GATE PARKWAY,POINTE MEADOWS DR,0000000,30.23669444,-81.51900556,2,1
12,103,2,24,20,34,2,4,0,1,11,1,0,24,0,1,4,2,4,65,2,2,2,1,0,0,3,1,0,0,20,43,20,48,99,99,0,20,0,0,1,3,0,120257,2730,2009,99999,I-275,99999999999999999999,0000000,27.78434167,-82.66216389,2,1
12,127,2,25,21,30,2,2,0,0,6,4,0,12,2,2,1,1,2,35,1,1,2,1,20,3,2,1,0,0,21,34,21,36,88,88,0,0,0,0,1,4,0,120258,0,2009,99999,OLD DAYTONA RD,AMELIA AVE,0000000,29.05738889,-81.30024444,2,1
12,57,2,25,99,99,1,2,1,1,1,1,0,8,0,13,1,6,1,55,2,1,1,1,28,3,2,1,0,0,6,7,6,18,99,99,0,0,0,0,1,4,0,120259,2950,2009,99999,I-75,SR-618,0000000,27.9119,-82.33768056,1,1
12,57,2,25,20,5,2,5,0,0,13,3,0,12,5,2,1,5,6,45,1,1,2,1,28,3,3,1,0,0,20,6,20,11,99,99,0,0,0,0,1,4,0,120260,0,2009,99999,SR-580,BROAD ST,0000000,28.016775,-82.50503056,2,1
12,95,2,25,0,12,1,3,0,0,6,4,0,42,0,1,4,2,2,30,2,1,2,1,28,3,3,1,0,0,0,21,0,28,99,99,0,0,0,0,1,4,1,120262,0,2009,99999,WOODBURY RD,99999999999999999999,0000000,28.53668889,-81.19417222,1,1
12,33,2,26,22,0,1,4,3,0,6,4,0,8,0,1,1,1,2,45,1,1,2,1,28,3,2,1,0,0,22,1,22,10,99,99,0,0,0,0,2,5,0,120263,0,2009,99999,CR-95A,99999999999999999999,0000000,30.59970556,-87.312275,1,1
12,31,2,26,19,50,1,2,1,0,13,2,0,8,0,1,1,2,4,45,1,1,2,1,28,3,3,1,0,0,19,53,19,56,99,99,0,0,0,0,1,5,0,120264,1510,2009,99999,US-90,99999999999999999999,0000000,30.28799444,-81.43731667,1,1
12,35,2,27,18,25,1,1,0,0,16,6,0,1,0,1,2,1,2,50,2,2,2,1,28,3,2,1,0,0,18,20,18,28,88,88,0,0,0,0,1,6,1,120265,2439,2009,99999,BELLE TERRE PKWY,99999999999999999999,0000000,29.46840833,-81.22344722,1,1
12,47,2,27,0,30,1,1,0,0,6,4,0,42,0,1,4,1,2,45,2,1,2,1,0,0,2,1,0,0,0,47,0,58,88,88,0,0,0,0,1,6,1,120266,0,2009,99999,CR-158,99999999999999999999,0000000,30.46875,-82.99396944,1,1
12,95,2,27,4,30,2,5,0,0,13,2,0,1,0,1,1,2,3,50,1,1,2,1,28,3,3,1,0,0,4,39,4,42,99,99,0,0,0,0,2,6,0,120267,0,2009,99999,US-17,99999999999999999999,0000000,28.39134722,-81.40456667,2,1
12,103,2,27,19,0,2,3,0,0,6,4,0,12,5,2,1,2,3,45,1,1,2,1,3,3,3,1,0,0,19,5,19,9,99,99,0,0,0,0,1,6,0,120268,0,2009,99999,CR-611,CEDAR ST,0000000,27.99712222,-82.70864444,2,1
12,115,2,28,14,0,1,1,0,0,6,4,0,1,0,1,2,1,2,30,2,1,2,1,0,0,1,1,0,0,14,2,14,17,88,88,0,0,0,0,1,7,0,120269,0,2009,99999,RATIKI BLVD,99999999999999999999,0000000,27.33643889,-82.28429444,1,1
12,119,2,28,12,5,1,2,0,1,2,3,0,34,0,1,4,2,2,60,1,1,2,1,28,3,1,1,0,0,12,12,12,26,88,88,0,0,0,0,2,7,0,120270,0,2009,99999,SR-44,99999999999999999999,0000000,28.86301667,-82.15790833,1,1
12,85,2,28,13,32,1,1,0,0,4,4,0,1,0,1,2,1,2,45,1,1,2,1,28,3,1,1,0,0,13,24,13,32,88,88,0,0,0,0,1,7,1,120271,0,2009,99999,CR-609,99999999999999999999,0000000,27.14750833,-80.48191389,1,1
12,99,3,1,17,8,1,3,0,0,5,4,0,34,0,1,4,1,2,55,2,1,2,1,28,3,1,1,0,0,17,9,17,14,99,99,0,0,0,0,2,1,1,120272,0,2009,99999,CR-827,99999999999999999999,0000000,26.61047778,-80.69054722,1,1
12,23,3,1,14,10,1,1,0,0,6,4,0,1,0,1,2,1,2,35,1,1,2,1,28,3,1,1,0,0,14,38,14,44,88,88,0,0,0,0,1,1,0,120273,0,2009,99999,TUSTENNUGEE RD,99999999999999999999,0000000,29.93120833,-82.64491111,1,1
12,83,3,1,18,55,2,5,0,0,6,4,0,12,2,1,1,1,2,45,2,2,2,1,28,3,2,1,0,0,18,58,19,5,99,99,0,0,0,0,2,1,0,120274,0,2009,99999,CR-225A,99999999999999999999,0000000,29.29711944,-82.24585556,2,1
12,85,3,1,13,27,1,4,0,1,2,3,0,25,0,1,3,3,2,70,1,1,2,1,0,0,1,1,0,1,13,33,13,40,99,99,0,0,0,0,2,1,0,120275,0,2009,99999,SR-91,99999999999999999999,0000000,27.12957778,-80.28293611,1,1
12,107,3,1,19,0,3,4,1,0,13,2,0,9,0,1,1,2,2,55,1,1,2,1,0,0,2,1,0,0,19,26,19,31,88,88,0,0,0,0,1,1,1,120276,0,2009,99999,US-17,99999999999999999999,0000000,29.63401111,-81.58873611,3,1
12,11,3,2,4,20,2,1,0,0,13,3,0,14,1,1,2,2,2,40,1,1,2,1,0,0,3,1,0,0,4,20,4,26,88,88,0,0,0,0,1,2,0,120278,2468,2009,99999,SR-824,99999999999999999999,0000000,25.99536111,-80.21533333,1,1
12,103,3,2,20,35,1,1,0,1,11,1,0,25,0,1,4,3,2,50,2,2,1,1,0,0,3,1,0,0,20,37,20,59,88,88,0,0,0,0,1,2,1,120279,2730,2009,99999,I-375,99999999999999999999,0000000,27.77763889,-82.6589,1,1
12,53,3,2,20,5,1,1,0,0,6,4,0,27,0,1,4,1,2,45,1,1,2,1,0,0,2,1,0,0,20,7,20,13,88,88,0,0,0,0,1,2,1,120280,0,2009,99999,CR-597,99999999999999999999,0000000,28.51613889,-82.64008333,1,1
12,115,3,2,17,34,1,2,0,1,11,1,0,42,0,1,4,2,3,70,1,1,2,1,0,0,1,1,0,0,17,35,17,43,99,99,0,0,0,0,1,2,0,120281,0,2009,99999,I-75,99999999999999999999,0000000,27.382875,-82.44743611,1,1
12,131,3,2,17,30,2,3,0,1,13,2,0,12,5,2,1,2,2,55,1,1,2,1,20,3,1,1,0,0,17,31,17,35,99,99,0,0,0,0,1,2,0,120282,0,2009,99999,US-98,GERONIMO ST,0000000,30.38301944,-86.36063333,2,1
12,75,3,3,11,55,2,2,0,0,3,3,0,12,1,2,1,1,2,60,1,1,2,1,0,0,1,1,0,0,11,59,12,4,99,99,0,0,0,0,1,3,0,120283,0,2009,99999,SR-121,NE 10TH ST,0000000,29.34616944,-82.5101,2,1
12,95,3,3,22,50,1,3,1,0,13,3,0,8,0,1,1,2,2,40,1,1,2,1,0,0,2,1,0,1,22,50,22,54,99,99,0,0,0,0,1,3,0,120284,0,2009,99999,SR-50,99999999999999999999,0000000,28.55957222,-81.30750833,1,1
12,101,3,3,8,50,2,2,0,0,13,3,0,12,5,2,1,2,3,45,1,1,2,1,3,3,1,1,0,0,8,52,8,57,99,99,0,0,0,0,1,3,0,120285,0,2009,99999,SR-52,LITTLE RD,0000000,28.33118611,-82.66618611,2,1
12,99,3,4,10,8,1,1,0,0,14,6,0,27,0,1,4,2,2,35,1,1,2,2,28,3,1,1,0,0,10,9,10,14,99,99,0,0,0,0,1,4,0,120286,2660,2009,99999,AUSTRALIAN AVE,99999999999999999999,0000000,26.76755,-80.07143889,1,1
12,83,3,4,99,99,1,3,0,0,16,6,0,33,0,1,4,2,2,25,2,2,2,1,0,0,3,1,0,0,99,99,1,38,88,88,0,0,0,0,3,4,0,120287,2270,2009,99999,SE 31ST ST,99999999999999999999,0000000,29.15768333,-82.12856389,1,1
12,95,3,4,19,18,2,2,0,1,12,3,0,12,1,1,1,2,3,55,2,2,2,1,28,3,2,1,0,0,19,19,19,25,99,99,0,0,0,0,1,4,0,120288,0,2009,99999,SR-528,99999999999999999999,0000000,28.42212778,-81.42274722,2,1
12,101,3,4,13,5,1,1,0,0,6,4,0,27,0,1,4,1,2,45,1,1,2,1,28,3,1,1,0,0,13,6,13,6,88,88,0,0,0,0,1,4,1,120289,0,2009,99999,SHADY HILLS RD,99999999999999999999,0000000,28.39963333,-82.55125556,1,1
12,65,3,5,10,35,2,3,0,1,1,1,0,18,0,1,1,2,2,60,2,2,2,1,0,0,1,1,0,1,10,36,10,44,99,99,0,0,0,0,2,5,0,120290,0,2009,99999,I-10,99999999999999999999,0000000,30.47221944,-83.82295833,2,1
12,127,3,5,21,22,1,3,2,0,13,2,0,8,0,1,1,2,2,55,1,1,2,1,28,3,2,1,0,0,99,99,21,24,88,88,0,0,0,0,2,5,0,120291,0,2009,99999,US-1,99999999999999999999,0000000,29.31582778,-81.10626667,1,1
12,95,1,3,4,7,2,5,0,0,14,3,0,12,4,2,1,2,2,50,2,1,2,1,20,3,3,1,0,0,4,8,4,14,99,99,0,0,0,0,1,7,0,120292,0,2009,99999,SR-551,VISTA BELLA LOOP,0000000,28.55372778,-81.28594167,2,1
12,53,1,27,99,99,1,2,1,0,14,2,0,9,0,1,99,1,2,40,2,2,2,1,0,0,3,1,0,0,99,99,20,28,99,99,0,0,0,0,1,3,0,120293,390,2009,99999,US-41,99999999999999999999,0000000,28.55506389,-82.37951111,1,1
12,127,2,3,22,19,2,2,0,1,11,1,0,12,1,1,1,2,3,70,1,1,2,1,28,3,2,1,0,0,22,29,99,99,99,99,0,0,0,0,1,3,0,120294,0,2009,99999,I-4,99999999999999999999,0000000,29.00145833,-81.24346667,2,1
12,99,2,14,22,14,2,4,1,0,15,6,0,8,0,1,1,1,3,30,1,2,2,1,0,0,2,1,0,0,22,16,22,18,88,88,0,0,0,0,1,7,0,120295,290,2009,99999,NW 40TH STREET,99999999999999999999,0000000,26.38668056,-80.10864722,2,1
12,86,2,18,19,0,2,3,0,1,2,2,0,12,2,1,1,1,2,55,1,1,2,1,28,3,2,1,0,0,99,99,19,12,99,99,0,0,0,0,2,4,1,120296,0,2009,99999,US-41,99999999999999999999,0000000,25.76101667,-80.59265556,2,1
12,127,2,25,19,53,2,5,0,1,11,1,0,12,1,1,1,2,2,70,1,1,2,1,0,0,2,1,0,0,19,53,19,59,99,99,0,0,0,0,1,4,1,120297,0,2009,99999,I-95,99999999999999999999,0000000,29.12319444,-81.04873889,2,1
12,33,2,26,19,30,1,2,1,0,14,2,0,8,0,2,1,2,2,45,1,1,2,1,0,0,2,1,0,0,99,99,99,99,99,99,0,0,0,0,1,5,0,120298,0,2009,99999,US-90,SMITHS FISH CAMP DR,0000000,30.543825,-87.19658611,1,1
12,111,2,27,99,99,2,4,0,1,11,1,0,1,0,1,3,2,3,70,2,1,2,1,28,3,2,1,0,0,99,99,99,99,99,99,0,0,0,0,1,6,1,120299,0,2009,99999,I-95,99999999999999999999,0000000,27.37806111,-80.40734167,2,1
12,95,2,27,23,34,2,3,0,0,6,4,0,25,0,1,3,3,2,40,2,1,2,1,28,3,3,1,0,0,99,99,99,99,99,99,0,0,0,0,1,6,0,120300,0,2009,99999,TOWN CENTER BLVD,99999999999999999999,0000000,28.35433056,-81.45074444,2,1
12,47,2,28,23,10,1,1,0,0,6,4,0,30,0,1,4,1,2,55,2,1,2,2,0,0,2,2,0,0,23,23,23,35,88,88,0,0,0,0,1,7,1,120301,0,2009,99999,CR-152,99999999999999999999,0000000,30.57729167,-83.16729722,1,2
12,127,3,1,19,8,2,2,0,1,1,1,0,1,0,1,1,2,2,70,1,1,2,1,0,0,2,1,0,0,19,10,19,24,88,88,0,0,0,0,1,1,0,120302,0,2009,99999,I-4,99999999999999999999,0000000,28.81188889,-81.28887222,2,1
12,9,3,1,10,52,2,4,0,0,6,4,0,12,1,1,1,1,2,25,1,1,2,1,28,3,1,1,0,0,99,99,99,99,99,99,0,0,0,0,1,1,0,120303,2054,2009,99999,CENTRAL AVE,99999999999999999999,0000000,27.85859722,-80.49738333,2,1
12,86,3,1,4,45,2,7,0,1,12,3,0,12,1,1,1,2,4,55,1,2,2,1,28,3,3,1,0,0,4,46,5,2,99,99,0,0,0,0,1,1,0,120304,0,2009,99999,SR-826,99999999999999999999,0000000,25.78268611,-80.32299722,2,1
12,85,3,1,1,20,1,2,0,1,1,1,0,1,0,1,1,2,3,70,2,1,2,1,0,0,2,1,0,0,99,99,99,99,99,99,0,0,0,0,1,1,0,120305,0,2009,99999,I-95,99999999999999999999,0000000,27.155125,-80.38670556,1,1
12,127,3,2,22,30,1,1,0,1,2,2,0,32,0,1,4,2,2,55,1,1,2,1,0,0,2,1,0,0,6,11,6,20,88,88,0,0,0,0,1,2,1,120306,0,2009,99999,US-1,99999999999999999999,0000000,28.82775556,-80.85246667,1,1
12,61,3,2,18,10,2,3,0,0,14,4,0,1,0,3,1,2,2,45,1,1,2,1,0,0,5,1,0,0,18,11,18,17,88,88,0,0,0,0,1,2,0,120307,0,2009,99999,CR-512,108TH AVE,0000000,27.76743056,-80.54764444,2,1
12,95,3,2,7,50,1,1,0,0,2,3,0,1,0,1,1,2,2,65,2,1,2,1,0,0,1,1,0,0,7,54,8,3,99,99,0,0,0,0,1,2,0,120308,0,2009,99999,SR-50,99999999999999999999,0000000,28.53913889,-80.97138333,1,1
12,97,3,2,13,19,2,4,0,0,13,2,0,12,1,1,1,2,3,45,1,1,2,1,0,0,1,1,0,0,13,23,13,30,99,99,0,0,0,0,2,2,0,120309,0,2009,99999,US-192,99999999999999999999,0000000,28.33809722,-81.59471944,2,1
12,31,3,3,22,7,2,2,0,0,13,3,0,12,1,2,1,2,3,45,1,1,2,1,3,3,3,1,0,0,22,8,22,11,88,88,0,0,0,0,1,3,1,120310,1510,2009,99999,SR-21,I-295,0000000,30.19636111,-81.739575,2,1
12,71,3,4,99,99,1,1,0,0,13,2,0,1,0,1,6,2,2,55,2,1,2,1,0,0,2,1,0,0,99,99,99,99,88,88,0,0,0,0,1,4,1,120311,0,2009,99999,US-41,99999999999999999999,0000000,26.65306944,-81.87053611,1,1
12,57,3,6,1,36,1,1,0,0,13,2,0,34,0,1,6,1,2,45,1,1,2,1,0,0,2,1,0,0,1,38,1,47,88,88,0,0,0,0,1,6,1,120312,0,2009,99999,US-92,99999999999999999999,0000000,28.01438611,-82.25169167,1,1
12,127,3,6,21,5,3,3,0,0,2,3,0,12,1,2,1,2,2,55,1,1,2,1,3,3,3,1,0,0,99,99,99,99,99,99,0,0,0,0,1,6,0,120313,0,2009,99999,SR-44,SR-415,0000000,29.01130556,-81.068875,3,1
12,125,3,6,9,40,2,3,0,0,6,4,0,12,2,1,1,1,2,55,1,1,2,1,0,0,1,1,0,0,9,43,9,47,99,99,0,0,0,0,2,6,0,120314,0,2009,99999,CR-231,99999999999999999999,0000000,30.02196944,-82.34480278,2,1
12,99,3,6,5,15,2,4,0,1,2,2,0,12,2,1,1,2,2,65,1,1,2,1,28,3,2,1,0,0,5,20,5,30,99,99,0,0,0,0,1,6,0,120315,0,2009,99999,US-27,99999999999999999999,0000000,26.57294444,-80.71078056,2,1
12,57,3,6,3,43,1,1,0,1,2,2,0,42,0,1,4,1,2,60,1,1,2,1,28,3,2,1,0,0,3,52,4,7,88,88,0,0,0,0,1,6,1,120316,0,2009,99999,US-301,99999999999999999999,0000000,28.13433056,-82.23101944,1,1
12,31,3,7,17,15,2,3,0,1,14,3,0,12,5,2,1,2,2,45,1,1,1,1,3,3,1,1,0,0,17,54,18,6,99,99,0,0,0,0,1,7,0,120317,1510,2009,99999,SR-A1A,SR-A1A HWY,0000000,30.35636944,-81.41341667,2,1
12,31,3,7,18,20,1,3,0,0,16,6,0,30,0,1,4,1,2,45,2,1,2,1,0,0,5,1,0,0,18,21,18,26,99,99,0,0,0,0,1,7,0,120318,1510,2009,99999,2228 STARROTT RD,99999999999999999999,0000000,30.49712778,-81.57563333,1,1
12,51,3,7,21,25,2,4,0,0,6,4,0,12,2,1,1,1,2,45,1,1,2,1,0,0,3,1,0,0,21,26,21,38,99,99,0,0,0,0,1,7,2,120319,0,2009,99999,CR-78,99999999999999999999,0000000,26.76883611,-81.45007222,2,1
12,127,3,7,14,35,1,1,0,0,13,2,0,1,0,1,3,2,2,55,1,1,2,1,28,3,1,1,0,0,14,39,14,44,88,88,0,0,0,0,1,7,1,120320,0,2009,99999,US-1,99999999999999999999,0000000,29.29117222,-81.07091667,1,1
12,117,3,7,17,40,2,3,0,0,6,4,0,12,2,1,1,1,2,25,2,1,2,1,0,0,1,1,0,0,17,43,17,48,99,99,0,0,0,0,1,7,1,120321,0,2009,99999,RISING SUN BLVD,99999999999999999999,0000000,28.65606944,-81.26696389,2,1
12,109,3,8,21,27,2,4,0,1,3,3,0,25,0,2,3,3,2,45,1,1,2,1,28,3,2,1,0,0,21,28,21,38,99,99,0,0,0,0,1,1,0,120322,0,2009,99999,SR-207,VERMONT BLVD,0000000,29.80945833,-81.39909722,2,1
12,51,3,8,15,25,1,1,0,0,6,4,0,42,0,1,4,1,2,99,2,1,5,1,0,0,1,1,0,0,15,29,15,33,88,88,0,0,0,0,1,1,0,120323,0,2009,99999,W PASO FINO CIRCLE,99999999999999999999,0000000,26.61586389,-81.08495278,1,1
12,105,3,8,22,20,2,2,0,0,14,3,0,12,5,2,1,1,2,40,1,1,2,1,20,3,2,1,0,0,22,25,22,31,88,88,0,0,0,0,1,1,1,120324,0,2009,99999,SR-33,OLD POLK CITY RD,0000000,28.15737778,-81.86149167,2,1
12,119,3,9,4,51,2,2,0,0,2,2,0,12,5,2,1,1,2,45,1,1,2,1,20,3,2,1,0,0,4,51,4,59,88,88,0,0,0,0,1,2,0,120325,0,2009,99999,US-301,CR-673,0000000,28.61168889,-82.13782222,2,1
12,11,3,9,7,5,3,8,0,1,11,1,0,12,7,1,1,3,6,65,1,1,2,1,0,0,1,1,0,0,7,9,7,15,99,99,0,0,0,0,1,2,0,120326,1050,2009,99999,I-95,99999999999999999999,0000000,26.11966667,-80.16895278,3,1