STATE,COUNTY,MONTH,DAY,HOUR,MINUTE,VE_TOTAL,PERSONS,PEDS,NHS,ROAD_FNC,ROUTE,SP_JUR,HARM_EV,MAN_COLL,REL_JUNC,REL_ROAD,TRAF_FLO,NO_LANES,SP_LIMIT,ALIGNMNT,PROFILE,PAVE_TYP,SUR_COND,TRA_CONT,T_CONT_F,LGT_COND,WEATHER1,WEATHER2,WRK_ZONE,NOT_HOUR,NOT_MIN,ARR_HOUR,ARR_MIN,HOSP_HR,HOSP_MN,SCH_BUS,CF1,CF2,CF3,FATALS,DAY_WEEK,DRUNK_DR,ST_CASE,CITY,YEAR,MILEPT,TWAY_ID,TWAY_ID2,RAIL,LATITUDE,LONGITUD,VE_FORMS,WEATHER
12,15,3,9,10,43,4,6,0,1,11,1,0,12,7,1,1,3,3,70,1,2,1,1,28,3,1,1,0,0,10,44,10,54,99,99,0,0,0,0,1,2,0,120327,0,2009,99999,I-75,99999999999999999999,0000000,26.96252778,-82.01990278,4,1
12,103,3,10,19,53,1,4,2,0,6,4,0,8,0,1,4,3,2,35,2,1,2,1,28,3,3,1,0,0,19,55,19,58,99,99,0,0,0,0,1,3,0,120328,0,2009,99999,CR-694,99999999999999999999,0000000,27.84080278,-82.79401944,1,1
12,105,3,10,13,35,1,1,0,1,1,1,0,31,0,13,2,6,1,99,2,2,2,1,0,0,1,1,0,0,13,45,13,53,88,88,0,0,0,0,1,3,0,120329,0,2009,99999,I-4,US-27,0000000,28.23045,-81.65234444,1,1
12,11,3,11,8,2,1,1,0,9,6,9,0,33,0,4,2,1,2,15,1,1,1,1,0,0,1,1,0,0,8,6,8,10,99,99,0,0,0,0,1,4,0,120330,2083,2009,99999,SW 30TH ST,SW 148TH AVE,0000000,25.98083889,-80.34410833,1,1
12,7,3,11,20,45,1,2,1,0,3,3,0,9,0,1,1,1,2,60,2,2,2,1,28,3,2,1,0,0,20,59,21,11,88,88,0,0,0,0,1,4,0,120331,0,2009,99999,SR-100,99999999999999999999,0000000,29.80426944,-82.06151944,1,1
12,83,3,12,11,10,2,2,0,0,14,3,0,33,0,2,4,2,2,40,1,1,2,1,3,3,1,1,0,4,99,99,99,99,99,99,0,0,0,0,2,5,0,120332,2270,2009,99999,SR-464,SE 36TH AVE,0000000,29.15794167,-82.08691389,1,1
12,17,3,12,13,44,3,5,0,0,3,2,0,12,6,1,1,1,2,55,1,2,2,1,28,3,1,1,0,0,13,44,13,49,99,99,0,0,0,0,2,5,0,120333,0,2009,99999,US-41,99999999999999999999,0000000,28.93583056,-82.39709722,3,1
12,53,3,13,1,10,1,1,0,0,6,4,0,42,0,1,6,1,2,50,1,1,2,1,0,0,2,1,0,0,1,12,1,14,88,88,0,0,0,0,1,6,1,120335,9997,2009,99999,CR-597,99999999999999999999,0000000,28.46828056,-82.65028333,1,1
12,57,3,13,13,9,1,1,0,1,11,1,0,28,0,1,5,2,2,70,1,1,2,1,0,0,1,1,0,0,13,11,13,25,88,88,0,0,0,0,1,6,1,120336,0,2009,99999,I-275,99999999999999999999,0000000,28.10031111,-82.447425,1,1
12,9,3,13,7,2,1,2,1,0,13,2,0,8,0,1,1,2,2,55,1,1,2,1,0,0,4,1,0,0,7,2,7,8,99,99,0,0,0,0,1,6,0,120337,0,2009,99999,US-1,99999999999999999999,0000000,28.22288611,-80.67011944,1,1
12,93,3,13,2,30,1,1,0,0,2,2,0,30,0,1,4,1,2,55,2,1,2,1,0,0,2,1,0,0,2,31,2,43,88,88,0,0,0,0,1,6,1,120338,0,2009,99999,US-98,99999999999999999999,0000000,27.17853056,-80.73148611,1,1
12,81,3,13,12,40,2,2,0,0,6,4,0,12,6,2,1,1,2,40,1,1,2,1,4,3,1,1,0,0,12,43,12,50,88,88,0,0,0,0,1,6,0,120339,0,2009,99999,MOCCASIN WALLOW RD,36TH AVE EAST,0000000,27.60138611,-82.52731111,2,1
12,83,3,15,3,5,2,3,0,0,6,4,0,12,2,3,1,1,2,30,1,1,2,1,0,0,2,1,0,4,3,6,3,22,99,99,0,0,0,0,1,1,2,120340,0,2009,99999,NW 44TH AVE,NW 49TH ST,0000000,29.23779444,-82.19368611,2,1
12,53,3,15,22,20,1,2,0,0,2,3,0,42,0,1,5,1,2,60,1,1,2,1,0,0,2,1,0,0,22,23,22,30,99,99,0,0,0,0,1,1,0,120341,0,2009,99999,SR-50,99999999999999999999,0000000,28.50771111,-82.13200833,1,1
12,95,2,5,10,40,2,2,0,0,16,6,0,12,1,1,1,1,2,30,1,1,2,1,0,0,1,1,0,0,10,41,10,42,99,99,0,0,0,0,1,5,1,120343,2290,2009,99999,WHITE RD,99999999999999999999,0000000,28.562725,-81.52583056,2,1
12,83,1,7,12,55,2,2,0,0,6,4,0,12,5,1,1,1,2,35,1,1,2,1,28,3,1,1,0,0,12,59,13,3,99,99,0,0,0,0,1,4,1,120344,0,2009,99999,SE 24TH STREET,SE 40TH AVENUE,0000000,29.16433611,-82.07701667,2,1
12,33,1,15,12,29,3,4,0,0,13,3,0,12,5,3,1,2,3,40,1,1,2,1,3,3,1,1,0,0,99,99,99,99,99,99,0,0,0,0,1,5,0,120345,0,2009,99999,SR-295,US-98,0000000,30.40537222,-87.27680556,3,1
12,119,2,5,17,12,3,3,0,0,6,4,0,12,8,1,1,1,2,45,2,2,2,1,98,3,1,1,0,0,99,99,99,99,99,99,0,0,0,0,1,5,0,120346,0,2009,99999,CR-48,99999999999999999999,0000000,28.69093889,-82.19685833,3,1
12,86,2,19,20,15,1,1,0,0,16,6,0,30,0,1,4,1,2,30,1,1,2,1,0,0,3,1,0,0,20,20,20,24,88,88,0,0,0,0,1,5,0,120347,0,2009,99999,NE 9TH AVENUE,99999999999999999999,0000000,25.89154167,-80.18045278,1,1
12,95,2,27,23,43,1,1,0,0,6,3,0,1,0,1,1,2,3,45,1,1,2,1,28,3,3,1,0,0,23,44,23,50,88,88,0,0,0,0,1,6,1,120348,0,2009,99999,SR-527,99999999999999999999,0000000,28.37136944,-81.37878889,1,1
12,127,2,28,23,10,1,1,0,0,13,2,0,42,0,1,3,2,2,45,1,1,2,1,28,3,2,1,0,0,99,99,99,99,88,88,0,0,0,0,1,7,1,120349,0,2009,99999,US-17-92,99999999999999999999,0000000,28.97799444,-81.29920278,1,1
12,86,2,28,5,16,2,3,0,0,6,4,0,12,5,2,1,1,2,30,1,1,2,1,20,3,2,1,0,0,5,17,5,22,88,88,0,0,0,0,1,7,0,120350,0,2009,99999,NW 112ND ST,NW 11TH AVE,0000000,25.87699444,-80.21637222,2,1
12,131,3,2,0,39,1,2,0,1,13,2,0,33,0,2,2,3,2,55,1,2,2,1,20,3,2,1,0,0,0,32,0,51,99,99,0,0,0,0,2,2,1,120351,0,2009,99999,US-98,EAST HEWITT RD,0000000,30.37516944,-86.28019444,1,1
12,127,3,2,21,55,1,1,1,0,6,4,0,8,0,1,2,1,2,50,1,1,2,1,0,0,2,1,0,0,21,59,22,1,88,88,0,0,0,0,1,2,0,120352,0,2009,99999,CR-415,99999999999999999999,0000000,29.09054444,-81.06856667,1,1
12,31,3,7,23,44,1,1,0,0,13,2,0,30,0,1,4,2,3,45,1,1,2,1,0,0,3,1,0,0,23,44,23,53,99,99,0,20,0,0,1,7,0,120353,1510,2009,99999,US-90,99999999999999999999,0000000,30.28704444,-81.50936944,1,1
12,86,3,8,9,47,1,1,0,1,12,3,0,27,0,1,5,1,3,60,2,2,2,1,28,3,1,1,0,4,9,48,9,51,88,88,0,0,0,0,1,1,1,120354,2010,2009,99999,SR-821,99999999999999999999,0000000,25.59901944,-80.37627778,1,1
12,97,3,9,10,45,1,1,0,0,13,2,0,11,0,1,1,3,2,55,1,1,2,1,28,3,1,1,0,0,10,49,10,59,99,99,0,0,0,0,1,2,0,120355,0,2009,99999,US-192,99999999999999999999,0000000,28.23126111,-81.18653889,1,1
12,97,3,10,16,0,1,1,0,0,6,4,0,34,0,1,4,1,2,55,1,1,2,1,28,3,1,1,0,0,16,29,16,57,88,88,0,0,0,0,1,3,0,120356,0,2009,99999,DEER PARK RD,99999999999999999999,0000000,28.27520833,-80.99464444,1,1
12,86,3,12,23,8,1,1,0,0,14,3,0,33,0,1,3,3,2,45,2,1,2,1,28,3,3,1,0,0,23,8,23,14,88,88,0,0,0,0,1,5,0,120357,0,2009,99999,SR-990,99999999999999999999,0000000,25.6664,-80.35752222,1,1
12,99,3,12,5,30,2,2,0,0,13,2,0,12,1,1,1,3,3,45,1,1,2,1,28,3,3,1,0,0,5,40,5,45,88,88,0,0,0,0,1,5,1,120358,0,2009,99999,US-441,99999999999999999999,0000000,26.38479167,-80.20358056,2,1
12,115,3,12,18,27,1,1,0,9,99,9,0,1,0,1,1,1,2,30,1,1,5,1,0,0,1,1,0,0,18,30,18,39,88,88,0,0,0,0,1,5,0,120359,0,2009,99999,13011 FRUITVILLE,99999999999999999999,0000000,27.33578611,-82.31754167,1,1
12,57,3,13,21,20,8,1,0,1,13,3,0,30,0,1,5,2,3,45,1,1,2,1,28,3,3,1,0,0,21,21,21,23,88,88,0,0,0,0,1,6,0,120360,355,2009,99999,SR-60,99999999999999999999,0000000,27.93779167,-82.28055833,1,1
12,95,3,14,2,19,1,1,0,0,6,4,0,30,0,1,4,1,2,55,1,1,2,1,28,3,2,1,0,0,2,19,2,24,88,88,0,0,0,0,1,7,0,120361,0,2009,99999,JONES AVE,99999999999999999999,0000000,28.73057222,-81.62465556,1,1
12,59,3,14,3,0,1,1,0,0,6,4,0,34,0,1,4,1,2,55,1,1,5,1,0,0,2,1,0,0,3,17,3,24,88,88,0,0,0,0,1,7,1,120362,310,2009,99999,SHORT DR,99999999999999999999,0000000,30.79939167,-85.75631111,1,1
12,101,3,15,14,35,2,4,0,0,13,3,0,12,5,11,1,2,2,50,2,1,2,1,28,3,1,1,0,0,14,36,14,39,99,99,0,0,0,0,1,1,0,120363,0,2009,99999,SR-54,SHIRECREST COVE,0000000,28.19324167,-82.477225,2,1
12,85,3,15,0,24,1,2,0,0,4,4,0,1,0,1,2,1,2,55,2,2,2,1,28,3,2,1,0,0,0,28,0,40,99,99,0,0,0,0,1,1,1,120364,0,2009,99999,CR-711,99999999999999999999,0000000,27.01520556,-80.26276667,1,1
12,95,3,16,22,25,2,2,0,0,6,4,0,12,1,1,1,2,2,45,1,1,2,1,28,3,3,1,0,0,22,26,22,30,99,99,0,0,0,0,1,2,1,120365,0,2009,99999,PINE HILLS RD,99999999999999999999,0000000,28.61810278,-81.45174722,2,1
12,11,3,16,6,54,1,2,1,0,13,3,0,8,0,1,1,3,3,45,1,1,2,1,0,0,3,1,0,0,99,99,99,99,99,99,0,0,0,0,1,2,0,120366,771,2009,99999,SR-817,99999999999999999999,0000000,26.07613611,-80.25235833,1,1
12,95,3,17,16,40,2,3,1,0,13,3,0,9,0,3,1,3,3,40,1,1,2,1,28,3,1,1,0,0,16,42,16,45,99,99,0,0,0,0,1,3,0,120367,0,2009,99999,SR-423,THORPE AVE,0000000,28.60348611,-81.40726389,2,1
12,105,3,18,22,45,1,2,1,1,11,1,0,8,0,1,1,2,3,70,1,1,2,1,28,3,3,1,0,0,22,50,23,0,88,88,0,0,0,0,1,4,0,120368,0,2009,99999,I-4,99999999999999999999,0000000,28.03649444,-82.04019167,1,1
12,97,3,18,23,0,2,2,0,0,13,2,0,12,5,2,1,2,3,45,1,1,2,1,20,3,3,1,0,0,23,3,23,9,88,88,0,0,0,0,1,4,0,120369,0,2009,99999,US-192,FOUR WIND BLVD,0000000,28.31043056,-81.46582778,2,1
12,1,3,18,3,50,1,1,0,0,6,4,0,38,0,1,4,1,2,55,2,1,2,1,28,3,2,1,0,0,3,59,4,8,88,88,0,0,0,0,1,4,1,120370,0,2009,99999,CR-232,99999999999999999999,0000000,29.72760556,-82.50748611,1,1
12,37,3,19,4,5,1,1,0,0,6,4,0,42,0,1,4,1,2,55,2,1,2,1,28,3,2,1,0,0,4,15,4,28,88,88,0,0,0,0,1,5,1,120371,0,2009,99999,CR-370,99999999999999999999,0000000,29.93095,-84.37884167,1,1
12,39,3,20,11,13,2,2,0,1,1,1,0,12,1,1,1,3,2,70,2,2,2,1,28,3,1,1,0,0,11,14,11,23,88,88,0,0,0,0,1,6,0,120372,0,2009,99999,I-10,99999999999999999999,0000000,30.61881111,-84.81230833,2,1
12,103,3,20,17,30,2,2,0,1,13,2,0,12,5,2,1,2,4,55,1,1,2,1,28,3,1,1,0,0,17,32,17,37,99,99,0,0,0,0,1,6,0,120373,0,2009,99999,US-19,BILGORE BLVD,0000000,28.05954167,-82.73876111,2,1
12,83,3,20,2,33,1,4,0,1,1,1,0,1,0,1,1,3,3,70,1,1,2,1,28,3,2,1,0,0,2,35,2,50,99,99,0,0,0,0,2,6,0,120374,2270,2009,99999,I-75,99999999999999999999,0000000,28.968875,-82.12838056,1,1
12,111,3,20,7,9,1,3,1,0,14,4,0,8,0,2,1,1,2,25,1,1,2,1,28,3,4,1,0,0,7,9,7,17,88,88,0,0,0,0,1,6,0,120375,0,2009,99999,JUANITA AVENUE,BEDFORD DRIVE,0000000,27.47293611,-80.35137222,1,1
12,115,3,21,22,50,1,4,0,0,2,3,0,27,0,1,4,2,2,70,2,2,2,1,28,3,2,1,0,0,23,52,0,0,99,99,0,0,0,0,1,7,1,120376,0,2009,99999,SR-681,99999999999999999999,0000000,27.19331389,-82.43668611,1,1
12,107,3,21,1,12,3,4,0,1,13,3,0,12,8,1,1,1,2,45,1,1,2,1,28,3,2,1,0,0,1,16,1,21,99,99,0,0,0,0,1,7,1,120377,0,2009,99999,SR-20,99999999999999999999,0000000,29.62821667,-81.868025,3,1
12,47,3,21,0,15,2,3,0,1,1,1,0,12,1,1,1,2,3,70,2,1,2,1,28,3,2,1,0,0,0,17,0,37,99,99,0,0,0,0,1,7,1,120378,0,2009,99999,I-75,99999999999999999999,0000000,30.49328056,-82.9315,2,1
12,7,3,21,17,50,1,2,0,0,16,6,0,42,0,1,4,1,1,30,1,1,5,1,28,3,1,1,0,0,17,56,18,6,99,99,0,0,0,0,1,7,0,120379,0,2009,99999,NW 198TH STREET,99999999999999999999,0000000,30.00458333,-82.09573333,1,1
12,99,3,22,18,12,1,1,0,0,12,4,0,43,0,1,3,3,3,45,2,1,2,1,28,3,1,1,0,0,18,17,18,22,99,99,0,0,0,0,1,1,1,120380,0,2009,99999,AUSTRALIAN AVENUE,99999999999999999999,0000000,26.678,-80.07790833,1,1
12,35,3,22,12,30,2,3,0,0,16,6,0,12,5,2,1,1,2,35,1,1,2,1,2,3,1,1,0,0,12,35,12,42,99,99,0,0,0,0,1,1,0,120381,410,2009,99999,CR-305,CANAL AVE,0000000,29.46736389,-81.37218333,2,1
12,63,3,22,3,50,2,2,0,0,4,3,0,12,5,2,1,1,2,55,1,1,2,1,20,3,3,1,0,0,4,10,4,20,99,99,0,0,0,0,1,1,1,120382,0,2009,99999,SR-69,CR-164A,0000000,30.73063611,-85.02,2,1
12,63,3,22,22,26,1,1,0,0,6,4,0,1,0,1,1,1,2,55,2,1,2,1,0,0,2,1,0,0,99,99,99,99,99,99,0,0,0,0,1,1,1,120383,0,2009,99999,CR-167,99999999999999999999,0000000,30.72339167,-85.30291667,1,1
12,75,3,23,10,35,2,3,0,1,2,2,0,12,5,2,1,2,2,65,1,1,2,2,20,3,1,2,0,0,10,40,10,52,99,99,0,0,0,0,1,2,0,120384,0,2009,99999,US-27A,NE 180TH AVE,0000000,29.39074444,-82.47283611,2,2
12,95,3,24,16,5,2,3,0,0,6,4,0,12,5,2,1,2,2,25,1,1,2,1,0,0,1,1,0,0,15,55,16,0,99,99,0,0,0,0,1,3,0,120385,0,2009,99999,LITTLE LAKE BRYAN PK,CADEN WAY,0000000,28.38181389,-81.49028056,2,1
12,51,3,24,6,45,1,5,0,0,6,4,0,30,0,1,6,1,2,55,1,1,2,1,0,0,4,1,0,0,6,52,7,12,99,99,0,0,0,0,2,3,0,120386,0,2009,99999,CR-835,99999999999999999999,0000000,26.435225,-80.97979444,1,1
12,105,3,25,0,35,1,1,0,0,6,4,0,1,0,1,4,1,2,55,1,1,2,1,0,0,2,1,0,0,0,39,0,53,99,99,0,0,0,0,1,4,0,120387,0,2009,99999,POINCIANA PKWY,99999999999999999999,0000000,28.06670556,-81.493625,1,1
12,133,3,26,7,10,1,1,0,0,2,3,0,43,0,1,6,1,2,35,2,2,2,1,0,0,1,1,0,0,7,14,7,19,88,88,0,0,0,0,1,5,0,120388,550,2009,99999,SR-77,99999999999999999999,0000000,30.69921389,-85.56299444,1,1
12,9,3,27,21,52,1,1,0,1,1,1,0,1,0,1,3,2,2,70,2,1,2,1,0,0,2,1,0,0,22,3,22,12,99,99,0,0,0,0,1,6,1,120389,0,2009,99999,I-95,99999999999999999999,0000000,28.73921667,-80.88486667,1,1
12,91,3,28,9,34,1,1,0,1,11,1,0,42,0,1,3,2,2,70,1,1,2,2,0,0,1,2,0,0,9,34,9,50,88,88,0,0,0,0,1,7,0,120390,0,2009,99999,I-10,99999999999999999999,0000000,30.72944167,-86.39266389,1,2
12,23,3,28,4,5,1,1,0,0,3,2,0,42,0,1,4,1,2,60,1,1,2,2,0,0,2,1,0,0,4,10,4,10,88,88,0,0,0,0,1,7,1,120391,0,2009,99999,US-90,99999999999999999999,0000000,30.18852778,-82.56603333,1,1
12,23,3,28,4,27,2,2,0,0,3,2,0,12,2,1,1,1,2,45,1,1,2,2,28,3,2,2,0,0,99,99,4,35,99,99,0,0,0,0,1,7,1,120392,0,2009,99999,US-41,99999999999999999999,0000000,30.24054444,-82.6714,2,2
12,103,2,9,2,9,1,3,0,0,16,6,0,33,0,1,4,3,2,35,1,1,2,1,28,3,3,1,0,0,99,99,2,13,99,99,0,0,0,0,1,2,1,120393,2730,2009,99999,N 49TH ST,99999999999999999999,0000000,27.80292778,-82.70005,1,1
12,105,3,6,3,20,1,1,0,0,13,2,0,53,0,1,4,3,2,65,1,2,2,1,28,3,3,1,0,0,3,37,3,44,88,88,0,0,0,0,1,6,1,120394,0,2009,99999,US-17,99999999999999999999,0000000,28.10775278,-81.67418056,1,1
12,99,3,7,22,3,1,2,1,0,14,4,0,8,0,4,1,3,3,50,1,1,2,1,0,0,3,1,0,0,22,4,22,10,99,99,0,0,0,0,1,7,0,120395,0,2009,99999,BELVEDERE RD,SKEES RD,0000000,26.69233333,-80.15607222,1,1
12,99,3,9,17,15,2,4,1,0,13,3,0,9,0,1,1,2,2,30,1,1,2,1,20,3,1,1,0,0,17,16,17,23,88,88,0,0,0,0,1,2,0,120396,0,2009,99999,SR-804,99999999999999999999,0000000,26.52751667,-80.16403333,2,1
12,127,3,11,11,20,2,2,0,0,13,2,0,12,4,2,1,2,2,30,1,1,1,1,20,3,1,1,0,0,99,99,99,99,99,99,0,0,0,0,1,4,0,120397,810,2009,99999,US-92 EAST,N MCDONALD AVE,0000000,29.05492222,-81.28977222,2,1
12,81,3,12,2,40,2,2,0,0,13,3,0,12,5,2,1,5,5,45,1,1,2,1,3,3,3,1,0,0,2,42,2,48,99,99,0,0,0,0,1,5,1,120398,340,2009,99999,SR-64,SR-55,0000000,27.49390556,-82.56293333,2,1
12,57,3,12,14,14,1,2,1,0,6,4,0,33,0,3,4,2,3,30,1,1,2,1,20,3,1,1,0,0,14,14,14,20,88,88,0,0,0,0,1,5,0,120399,0,2009,99999,FLORIDA MINING BLVD,CR-584,0000000,28.02550278,-82.53346667,1,1
12,99,3,13,11,25,10,14,0,0,13,3,0,12,1,1,1,2,3,45,1,1,2,1,28,3,1,1,0,0,11,27,11,34,99,99,0,0,0,0,1,6,0,120400,0,2009,99999,SR-806,99999999999999999999,0000000,26.457925,-80.12274444,10,1
12,11,3,13,22,8,1,2,1,0,13,2,0,8,0,1,1,2,9,45,1,1,2,1,0,0,3,1,0,0,22,8,22,12,99,99,0,0,0,0,1,6,0,120401,1050,2009,99999,US-1,99999999999999999999,0000000,26.19581111,-80.112,1,1
12,105,3,15,99,99,1,2,1,1,13,2,0,8,0,3,1,2,3,60,1,1,2,1,3,3,3,1,0,0,23,22,23,30,88,88,0,0,0,0,1,1,0,120402,1740,2009,99999,US-27,WASHINGTON AVENUE,0000000,27.91374167,-81.60326111,1,1
12,95,3,17,23,31,1,2,0,0,16,6,0,30,0,3,4,1,2,35,2,1,2,1,0,0,3,1,0,0,23,41,23,42,99,99,0,0,0,0,1,3,1,120403,2360,2009,99999,S. SUMMERLIN AVE,E. GORE STREET,0000000,28.53099722,-81.36856667,1,1
12,103,3,18,13,52,1,3,1,0,16,6,0,9,0,2,1,1,4,35,2,1,2,1,28,3,1,1,0,0,99,99,99,99,99,99,0,0,0,0,1,4,0,120404,2730,2009,99999,38TH AVENUE NORTH,39TH AVENUE NORTH,0000000,27.80754167,-82.636125,1,1
12,103,3,21,22,10,1,3,1,0,13,2,0,8,0,1,1,2,3,45,1,1,2,1,0,0,3,1,0,0,99,99,99,99,99,99,0,0,0,0,1,7,0,120405,1770,2009,99999,US-19,99999999999999999999,0000000,27.9035,-82.78706667,1,1
12,95,3,21,3,15,1,2,0,1,11,1,0,35,0,1,4,3,3,55,2,1,2,1,28,3,3,1,0,0,3,15,3,15,99,99,0,0,0,0,1,7,1,120406,2360,2009,99999,I-4,99999999999999999999,0000000,28.45003889,-81.482425,1,1
12,19,3,24,2,12,1,1,0,0,14,3,0,34,0,1,4,1,2,45,1,1,2,1,28,3,2,1,0,0,2,12,2,19,88,88,0,0,0,0,1,3,0,120407,0,2009,99999,SR-100,99999999999999999999,0000000,29.77953889,-82.02109444,1,1
12,57,2,27,22,14,1,1,0,0,13,3,0,33,0,1,4,3,2,50,1,1,2,1,0,0,3,1,0,0,99,99,99,99,99,99,0,0,0,0,1,6,0,120408,0,2009,99999,SR-574,99999999999999999999,0000000,27.98107222,-82.33519167,1,1
12,9,3,27,11,25,2,3,0,0,13,3,0,12,5,2,1,2,3,99,1,1,2,1,3,3,1,1,0,0,11,25,11,30,99,99,0,0,0,0,1,6,0,120409,630,2009,99999,SR-520,JOHN HORNE DR,0000000,28.35788333,-80.62303889,2,1
12,99,3,30,18,30,2,2,0,0,14,2,0,12,5,1,1,2,2,25,1,1,2,1,20,3,1,1,0,0,18,31,18,37,99,99,0,0,0,0,1,2,0,120410,330,2009,99999,US-17,SE 28TH CIR,0000000,26.50351111,-80.06016389,2,1
12,95,4,6,0,56,1,1,0,0,16,6,0,33,0,1,4,2,2,25,2,1,2,1,0,0,3,1,0,0,0,56,0,58,88,88,0,0,0,0,1,2,0,120411,2360,2009,99999,LAKEMONT AVE,99999999999999999999,0000000,28.57501667,-81.32768333,1,1
12,86,1,27,19,35,1,2,1,9,99,9,0,8,0,8,5,1,2,99,1,1,2,1,0,0,1,1,0,0,19,39,19,42,99,99,0,0,0,0,1,3,0,120412,1440,2009,99999,636 SW 6TH AVE,6TH AVE,0000000,25.46385833,-80.4854,1,1
12,86,2,8,3,57,1,2,0,1,13,2,0,42,0,1,3,2,3,45,1,1,2,2,0,0,3,1,0,0,3,58,4,3,99,99,0,0,0,0,1,1,1,120413,670,2009,99999,US-1,99999999999999999999,0000000,25.72936667,-80.25781667,1,1
12,11,3,7,8,38,1,4,3,1,11,1,0,9,0,1,1,2,2,55,1,1,9,9,99,9,1,9,0,0,99,99,99,99,99,99,0,0,0,0,1,7,0,120414,3193,2009,99999,I-75,99999999999999999999,0000000,26.14053889,-80.42244444,1,9
12,31,3,19,21,25,1,1,0,0,16,6,0,34,0,1,4,1,2,45,1,1,2,1,0,0,3,1,0,0,21,47,21,52,88,88,0,0,0,0,1,5,0,120415,1510,2009,99999,PICKETTVILLE RD,99999999999999999999,0000000,30.35875,-81.76470556,1,1
12,31,3,29,12,6,2,3,0,1,11,1,0,12,7,1,1,2,2,55,1,1,2,1,28,3,1,1,0,4,12,8,12,13,99,99,0,0,0,0,1,1,0,120416,1510,2009,99999,I-10,99999999999999999999,0000000,30.31535833,-81.77063889,2,1
12,11,3,31,3,58,1,2,0,1,11,1,0,24,0,1,3,3,3,65,1,1,2,1,28,3,3,1,0,0,3,59,4,7,99,99,0,0,0,0,1,3,0,120417,771,2009,99999,I-595,99999999999999999999,0000000,26.098625,-80.25049167,1,1
12,17,4,1,21,2,1,3,1,0,3,2,0,8,0,1,1,1,2,55,1,1,2,1,0,0,2,1,0,0,21,27,21,36,88,88,0,0,0,0,1,4,0,120418,0,2009,99999,US-41,99999999999999999999,0000000,28.73953056,-82.30089167,1,1
12,9,4,1,20,45,2,4,0,0,6,4,0,12,5,2,1,3,2,40,1,1,2,1,3,3,3,1,0,0,20,47,20,50,99,99,0,0,0,0,1,4,0,120419,0,2009,99999,N WICKHAM RD,N PINEHURST AVE,0000000,28.23005278,-80.68355,2,1
12,5,4,1,0,45,1,2,1,0,6,4,0,9,0,1,1,1,2,35,1,1,2,2,0,0,3,2,0,0,0,46,0,56,99,99,0,0,0,0,1,4,1,120420,0,2009,99999,CR-3031,99999999999999999999,0000000,30.14207222,-85.749525,1,2
12,15,4,4,19,10,2,4,0,0,3,3,0,12,5,2,1,1,2,55,1,1,2,1,20,3,1,1,0,0,19,11,19,25,99,99,0,0,0,0,1,7,0,120421,0,2009,99999,SR-31,BERMONT RD,0000000,26.94591389,-81.76083333,2,1
12,105,3,28,20,20,1,4,2,0,6,4,0,8,0,1,1,1,2,30,1,1,2,1,0,0,6,1,0,0,99,99,99,99,99,99,0,0,0,0,1,7,0,120422,0,2009,99999,PEARCE RD,99999999999999999999,0000000,28.12779444,-81.95645,1,1
12,93,3,28,2,25,1,2,1,0,13,2,0,8,0,1,2,1,2,45,2,2,2,1,0,0,2,1,0,0,2,27,2,31,88,88,0,0,0,0,1,7,1,120423,0,2009,99999,US-98,99999999999999999999,0000000,27.21634722,-80.82975278,1,1
12,113,3,9,7,14,3,3,0,0,3,3,0,12,5,2,1,1,2,45,1,1,2,2,20,3,1,5,0,0,7,15,7,25,99,99,0,0,0,0,2,2,0,120424,0,2009,99999,SR-4,CR-191,0000000,30.85778889,-86.87285556,2,5
12,105,1,28,23,15,1,1,0,0,6,4,0,10,0,6,1,1,2,35,2,2,2,1,60,3,3,1,0,0,23,17,23,24,88,88,0,0,0,0,1,4,1,120425,0,2009,99999,DEESON RD,CR-35A,622857f,28.11344167,-82.01997778,1,1
12,105,1,2,18,43,1,1,0,0,14,3,0,1,0,13,1,2,2,45,1,1,2,1,20,3,3,1,0,0,99,99,99,99,99,99,0,0,0,0,1,6,0,120427,1690,2009,99999,SR-33,SR-400,0000000,28.14173889,-81.89361667,1,1
12,95,1,3,14,55,1,1,0,1,12,3,0,25,0,1,4,1,3,65,1,1,2,1,0,0,1,1,0,0,99,99,99,99,99,99,0,0,0,0,1,7,0,120428,0,2009,99999,SR-417,99999999999999999999,0000000,28.36859444,-81.36745556,1,1
12,87,1,3,3,23,2,2,0,1,13,2,0,12,5,3,1,5,4,35,1,1,2,1,20,3,3,1,0,0,99,99,99,99,99,99,0,0,0,0,1,7,0,120429,1580,2009,99999,US-1,KENNEDY DR,0000000,24.56791111,-81.76945,2,1
12,21,1,3,1,52,1,2,1,0,13,2,0,9,0,1,2,2,3,45,1,1,2,1,0,0,3,1,0,0,99,99,99,99,99,99,0,0,0,0,1,7,1,120430,0,2009,99999,US-41,99999999999999999999,0000000,26.13676389,-81.78068056,1,1
12,131,1,4,0,5,1,3,0,1,2,3,0,42,0,3,4,1,2,25,1,1,2,2,20,3,2,1,0,0,99,99,99,99,99,99,0,0,0,0,1,1,0,120431,1108,2009,99999,SR-20,SR-20,0000000,30.49936389,-86.13873611,1,1