STATE,COUNTY,MONTH,DAY,HOUR,MINUTE,VE_TOTAL,PERSONS,PEDS,NHS,ROAD_FNC,ROUTE,SP_JUR,HARM_EV,MAN_COLL,REL_JUNC,REL_ROAD,TRAF_FLO,NO_LANES,SP_LIMIT,ALIGNMNT,PROFILE,PAVE_TYP,SUR_COND,TRA_CONT,T_CONT_F,LGT_COND,WEATHER1,WEATHER2,WRK_ZONE,NOT_HOUR,NOT_MIN,ARR_HOUR,ARR_MIN,HOSP_HR,HOSP_MN,SCH_BUS,CF1,CF2,CF3,FATALS,DAY_WEEK,DRUNK_DR,ST_CASE,CITY,YEAR,MILEPT,TWAY_ID,TWAY_ID2,RAIL,LATITUDE,LONGITUD,VE_FORMS,WEATHER
12,71,1,5,17,14,2,3,0,0,13,2,0,12,5,2,1,2,2,50,1,1,2,1,98,3,1,1,0,0,99,99,99,99,99,99,0,0,0,0,1,2,0,120432,1070,2009,99999,US-41,SABLE SPRINGS BLVD,0000000,26.71927778,-81.90446667,2,1
12,127,1,7,11,22,2,2,0,0,13,3,0,13,4,1,1,2,2,45,2,1,2,2,0,0,1,2,0,0,99,99,99,99,99,99,0,0,0,0,1,4,0,120433,2375,2009,99999,SR-40,99999999999999999999,0000000,29.25795556,-81.11235833,2,2
12,99,1,7,18,0,2,3,0,0,13,3,0,12,4,2,1,2,3,45,1,1,2,1,3,3,3,1,0,0,99,99,99,99,99,99,0,0,0,0,1,4,0,120434,0,2009,99999,SR-808,BOCA PLAZA,0000000,26.36774444,-80.18300833,2,1
12,103,1,9,23,28,2,2,0,0,16,6,0,12,4,2,1,1,4,35,1,1,2,1,5,3,3,1,0,0,23,29,23,30,99,99,0,0,0,0,1,6,1,120435,2730,2009,99999,16TH STREET NORTH,34TH AVENUE NORTH,0000000,27.80296389,-82.655,2,1
12,95,1,9,2,5,1,2,0,0,6,4,0,33,0,2,2,1,2,30,2,1,2,1,0,0,2,1,0,0,99,99,99,99,99,99,0,0,0,0,1,6,1,120436,0,2009,99999,ZELL DRIVE,UNITED WAY DRIVE,0000000,28.40095556,-81.37647222,1,1
12,86,1,27,9,43,1,3,2,0,13,2,0,43,0,1,4,2,2,40,1,2,2,1,0,0,1,1,0,0,10,1,10,1,99,99,0,0,0,0,1,3,0,120437,2010,2009,99999,US-41,99999999999999999999,0000000,25.76518611,-80.23907222,1,1
12,81,1,11,9,45,2,3,0,0,13,2,0,12,5,8,1,1,2,45,1,1,2,1,0,0,1,1,0,0,99,99,99,99,99,99,0,0,0,0,1,1,0,120438,0,2009,99999,US-41,46TH AVENUE W,0000000,27.463025,-82.56366111,2,1
12,53,1,13,17,30,1,1,0,0,6,4,0,47,0,8,1,1,2,30,1,2,2,2,0,0,1,2,0,0,99,99,99,99,99,99,0,0,0,0,1,3,0,120439,0,2009,99999,MONTEGO STREET,FISH COVE DRIVE,0000000,28.47519444,-82.51290833,1,2
12,86,1,13,22,0,1,2,0,1,11,1,0,1,0,1,3,2,4,70,1,1,2,2,28,3,3,1,0,0,99,99,99,99,99,99,0,0,0,0,1,3,0,120440,2025,2009,99999,I-75,99999999999999999999,0000000,25.90327778,-80.34899444,1,1
12,103,1,14,18,58,2,2,0,0,16,6,0,12,3,2,1,1,2,35,1,1,2,1,98,3,1,1,0,0,99,99,99,99,99,99,0,0,0,0,1,4,1,120441,860,2009,99999,VIRGINIA STREET,LAKE HAVEN,0000000,28.01204167,-82.76935278,2,1
12,69,1,16,20,0,1,1,0,0,3,3,0,1,0,1,2,1,2,55,1,1,2,1,28,3,2,1,0,0,99,99,99,99,99,99,0,0,0,0,1,6,0,120442,0,2009,99999,SR-19,99999999999999999999,0000000,28.61961944,-81.82668611,1,1
12,86,1,25,20,40,1,3,1,1,13,2,0,8,0,1,1,2,2,45,1,1,2,1,28,3,3,1,0,0,99,99,99,99,99,99,0,0,0,0,1,1,0,120444,0,2009,99999,US-1,99999999999999999999,0000000,25.539475,-80.40817778,1,1
12,87,1,25,8,55,1,1,0,1,13,2,0,1,0,1,1,1,2,45,1,1,2,1,28,3,1,1,0,0,99,99,99,99,99,99,0,0,0,0,1,1,0,120445,1505,2009,99999,US-1,99999999999999999999,0000000,24.88666944,-80.68265,1,1
12,95,1,30,2,42,1,2,1,0,6,4,0,8,0,1,1,3,3,45,1,1,2,2,28,3,3,2,0,0,99,99,99,99,99,99,0,0,0,0,1,6,1,120447,0,2009,99999,JOHN YOUNG PKEY,99999999999999999999,0000000,28.47213333,-81.41759722,1,2
12,101,1,31,18,29,3,6,0,1,13,2,0,12,1,1,1,2,3,45,1,1,2,1,0,0,3,1,0,0,99,99,99,99,99,99,0,0,0,0,1,7,0,120448,0,2009,99999,US-19,99999999999999999999,0000000,28.29319722,-82.70980833,3,1
12,99,2,1,12,55,4,12,0,1,11,1,0,12,7,1,1,3,6,65,1,1,2,1,0,0,1,1,0,0,99,99,99,99,99,99,0,0,0,0,1,1,0,120449,3190,2009,99999,I-95,99999999999999999999,0000000,26.76153889,-80.09201111,4,1
12,86,2,2,18,58,2,6,0,0,16,6,0,12,5,2,1,1,2,35,1,1,2,2,3,3,3,2,0,0,99,99,99,99,99,99,0,0,0,0,1,2,0,120450,2010,2009,99999,NW 11TH ST,NW 37TH AVE,0000000,25.78265278,-80.25576944,2,2
12,105,2,2,17,7,1,2,1,0,16,6,0,8,0,1,1,1,5,45,2,1,2,1,0,0,1,1,0,0,99,99,99,99,99,99,0,0,0,0,1,2,0,120451,1690,2009,99999,E EDGEWOOD DR,99999999999999999999,0000000,28.01330833,-81.92131389,1,1
12,105,2,3,5,46,2,2,0,0,13,2,0,12,5,12,1,1,3,40,1,1,2,1,0,0,2,1,0,0,99,99,99,99,99,99,0,0,0,0,1,3,0,120452,1270,2009,99999,US-17,MELBOURNE AVE,0000000,28.10685,-81.62738889,2,1
12,71,2,4,8,16,1,1,0,0,3,3,0,18,0,1,1,1,2,60,1,1,2,1,0,0,1,1,0,0,99,99,99,99,99,99,0,0,0,0,1,4,0,120453,0,2009,99999,SR-82,99999999999999999999,0000000,26.53340556,-81.62219444,1,1
12,11,2,5,4,52,1,3,0,1,11,1,0,39,0,13,2,6,5,45,1,1,2,1,28,3,3,1,0,0,99,99,99,99,99,99,0,0,0,0,1,5,0,120454,1050,2009,99999,I-95,SR-842,0000000,26.11552778,-80.16927778,1,1
12,83,2,6,9,30,1,1,0,0,6,4,0,34,0,1,4,1,2,55,1,1,2,1,28,3,1,1,0,0,99,99,99,99,99,99,0,0,0,0,1,6,0,120455,0,2009,99999,CR-484,99999999999999999999,0000000,29.05353611,-82.38517778,1,1
12,5,2,6,14,58,2,4,0,1,2,3,0,12,1,1,1,2,2,55,1,1,2,1,28,3,1,1,0,0,99,99,99,99,99,99,0,0,0,0,1,6,1,120456,0,2009,99999,SR-77,99999999999999999999,0000000,30.37283611,-85.676475,2,1
12,9,2,8,16,53,2,3,0,0,13,2,0,12,1,1,1,2,2,45,1,1,2,1,28,3,1,1,0,0,16,53,16,56,99,99,0,0,0,0,1,1,0,120457,620,2009,99999,US-1,99999999999999999999,0000000,28.38880833,-80.74543889,2,1
12,31,2,9,6,0,1,2,1,0,16,6,0,9,0,1,1,1,2,35,1,1,2,1,0,0,2,1,0,0,99,99,99,99,99,99,0,0,0,0,1,2,0,120458,1510,2009,99999,CHAFFEE RD,99999999999999999999,0000000,30.315725,-81.84853611,1,1
12,31,2,10,12,8,2,3,0,0,14,3,0,12,5,2,1,2,3,45,1,1,2,1,3,3,1,1,0,0,99,99,99,99,88,88,0,0,0,0,1,3,0,120459,1510,2009,99999,SR-134,HARLOW BLVD,0000000,30.24836667,-81.75758056,2,1
12,86,2,13,23,17,2,4,0,0,6,4,0,12,5,2,1,1,2,35,1,1,2,1,20,3,3,1,0,0,99,99,99,99,99,99,0,0,0,0,1,6,0,120460,0,2009,99999,SW 92ND AVE,SW 38TH ST,0000000,25.73471389,-80.34373611,2,1
12,31,2,13,0,14,2,3,0,0,16,6,0,12,5,2,1,2,2,99,1,1,2,1,3,3,3,1,0,0,0,15,0,19,99,99,0,0,0,0,1,6,1,120461,1510,2009,99999,FORT CAROLINE RD,CESERY BLVD,0000000,30.36536389,-81.60102222,2,1
12,11,2,17,19,2,1,2,1,0,13,3,0,8,0,1,1,3,3,45,1,1,2,1,0,0,3,1,0,0,99,99,99,99,99,99,0,0,0,0,1,3,0,120462,2948,2009,99999,SR-817,99999999999999999999,0000000,26.20842222,-80.25293889,1,1
12,71,2,18,16,9,2,2,0,0,13,2,0,12,5,2,1,2,3,45,1,1,2,1,28,3,1,1,0,0,99,99,99,99,99,99,0,0,0,0,1,4,0,120463,0,2009,99999,US-41,E MARIANA AVE,0000000,26.67826944,-81.89977778,2,1
12,105,2,18,13,20,2,3,0,0,6,4,0,12,5,2,1,1,2,40,1,1,2,1,20,3,1,1,0,0,99,99,99,99,99,99,0,0,0,0,1,4,0,120464,0,2009,99999,HOLLY HILL RD,NORTH BLVD,0000000,28.16484167,-81.63165833,2,1
12,71,2,20,7,0,2,2,0,0,14,3,0,12,5,2,1,3,2,25,1,1,2,1,20,3,1,1,0,0,99,99,99,99,99,99,0,0,0,0,1,6,0,120465,0,2009,99999,SR-867,S TOWN AND RIVER DR,0000000,26.54232222,-81.91568889,2,1
12,105,2,20,0,37,1,3,1,1,1,1,0,8,0,1,1,2,3,70,1,1,2,1,0,0,2,1,0,0,99,99,99,99,99,99,0,0,0,0,1,6,0,120466,0,2009,99999,I-4,99999999999999999999,0000000,28.15745833,-81.80138889,1,1
12,31,2,20,16,5,1,2,1,0,13,3,0,9,0,1,1,5,6,40,1,1,2,1,0,0,1,1,0,0,99,99,99,99,99,99,0,0,0,0,1,6,0,120467,1510,2009,99999,SR-21,99999999999999999999,0000000,30.27194167,-81.73479722,1,1
12,86,2,20,0,30,1,2,1,1,12,3,0,8,0,1,1,2,4,55,1,1,2,1,0,0,3,1,0,0,0,34,0,40,88,88,0,0,0,0,1,6,0,120468,0,2009,99999,SR-826,99999999999999999999,0000000,25.73435278,-80.31856667,1,1
12,119,2,22,11,0,1,1,0,0,6,4,0,32,0,1,4,1,2,35,2,1,2,1,0,0,1,1,0,0,99,99,99,99,99,99,0,0,0,0,1,1,0,120469,0,2009,99999,CR-728,99999999999999999999,0000000,28.62167778,-81.96376389,1,1
12,11,2,22,9,46,1,1,0,1,11,1,0,35,0,1,4,2,2,70,1,1,2,1,0,0,1,1,0,0,9,46,9,52,99,99,0,0,0,0,1,1,0,120470,771,2009,99999,I-75,99999999999999999999,0000000,26.043675,-80.36149167,1,1
12,103,2,22,22,20,1,3,1,0,13,3,0,9,0,1,1,2,3,45,1,1,2,1,0,0,3,1,0,0,22,23,22,27,88,88,0,0,0,0,1,1,0,120471,860,2009,99999,SR-580,99999999999999999999,0000000,28.01943889,-82.75681389,1,1
12,15,2,25,1,30,1,1,0,1,11,1,0,1,0,1,3,3,2,70,1,2,2,1,0,0,3,1,0,0,99,99,99,99,99,99,0,0,0,0,1,4,0,120472,0,2009,99999,I-75,99999999999999999999,0000000,26.98190556,-82.02477778,1,1
12,95,2,26,3,5,2,4,1,0,13,3,0,8,0,1,1,2,2,45,1,1,2,1,0,0,2,1,0,4,3,7,3,12,88,88,0,0,0,0,1,5,0,120473,0,2009,99999,SR-50,99999999999999999999,0000000,28.5521,-81.47421389,2,1
12,95,2,27,12,35,2,2,0,0,6,4,0,12,2,2,1,1,2,25,1,1,2,1,0,0,1,1,0,0,12,38,12,43,99,99,0,0,0,0,1,6,0,120474,0,2009,99999,TUCKER AVE,OLEANDER WAY,0000000,28.55728333,-81.30354444,2,1
12,11,2,28,4,6,2,3,1,1,11,1,0,8,0,1,2,2,5,65,1,2,2,1,28,3,3,1,0,0,99,99,4,12,88,88,0,0,0,0,1,7,0,120476,2570,2009,99999,I-95,99999999999999999999,0000000,26.26336111,-80.1305,1,1
12,86,3,2,21,50,1,2,1,0,13,3,0,8,0,1,1,3,3,45,1,1,2,1,3,3,3,1,0,0,22,52,22,55,88,88,0,0,0,0,1,2,0,120477,2330,2009,99999,SR-9,99999999999999999999,0000000,25.74284722,-80.22991389,1,1
12,15,3,2,11,0,1,1,0,1,1,1,0,41,0,1,4,2,2,70,1,1,2,1,28,3,1,1,0,0,11,1,11,11,88,88,0,0,0,0,1,2,1,120478,0,2009,99999,I-75,99999999999999999999,0000000,26.87969444,-81.98590278,1,1
12,101,3,7,3,15,1,1,0,0,6,4,0,34,0,1,4,1,2,50,1,1,2,1,28,3,2,1,0,0,99,99,99,99,99,99,0,0,0,0,1,7,0,120479,0,2009,99999,CR-54,99999999999999999999,0000000,28.25193889,-82.15552222,1,1
12,111,3,12,23,0,1,2,0,1,11,1,0,42,0,1,3,2,3,70,2,1,2,1,0,0,2,1,0,0,23,3,23,28,99,99,0,0,0,0,1,5,1,120480,0,2009,99999,I-95,99999999999999999999,0000000,27.23696389,-80.40958056,1,1
12,35,3,11,19,10,1,1,0,1,2,2,0,1,0,1,3,2,2,65,2,1,2,1,28,3,5,1,0,0,19,12,19,19,88,88,0,0,0,0,1,4,1,120481,0,2009,99999,US-1,99999999999999999999,0000000,29.41241389,-81.20496111,1,1
12,86,3,14,7,18,1,2,1,0,13,2,0,8,0,1,1,2,3,40,2,1,2,1,0,0,4,1,0,0,7,18,7,23,99,99,0,0,0,0,1,7,1,120482,2020,2009,99999,US-41,99999999999999999999,0000000,25.77181389,-80.14954167,1,1
12,89,3,21,14,50,1,4,0,1,1,1,0,1,0,1,4,2,3,70,1,1,2,1,0,0,1,1,0,0,14,57,15,10,99,99,0,0,0,0,1,7,0,120483,0,2009,99999,I-95,99999999999999999999,0000000,30.61665556,-81.64913056,1,1
12,87,3,20,15,45,1,1,0,0,6,4,0,30,0,1,4,1,2,25,1,1,2,1,28,3,1,1,0,0,15,50,15,57,88,88,0,0,0,0,1,6,0,120484,0,2009,99999,KYLE BLVD,99999999999999999999,0000000,24.72235278,-81.38779167,1,1
12,95,3,15,10,19,1,2,0,1,11,1,0,30,0,1,4,2,2,50,1,1,2,1,0,0,1,1,0,0,10,19,10,25,99,99,0,0,0,0,1,1,1,120485,2360,2009,99999,I-4,99999999999999999999,0000000,28.571275,-81.37779167,1,1
12,95,3,23,7,40,1,3,1,0,13,2,0,9,0,1,1,1,6,45,1,1,2,2,28,3,1,2,0,0,7,47,7,50,99,99,0,0,0,0,1,2,0,120486,0,2009,99999,US-17,99999999999999999999,0000000,28.50276389,-81.3969,1,2
12,109,3,25,21,20,2,2,0,1,1,1,0,12,1,1,1,2,3,70,1,1,2,1,0,0,2,1,0,0,21,27,21,33,88,88,0,0,0,0,1,4,0,120487,0,2009,99999,I-95,99999999999999999999,0000000,29.90316389,-81.40776944,2,1
12,69,3,26,1,50,1,1,0,0,3,3,0,42,0,1,4,1,2,55,2,1,2,1,28,3,2,1,0,0,1,54,2,15,88,88,0,0,0,0,1,5,1,120488,0,2009,99999,SR-44,99999999999999999999,0000000,28.88665556,-81.47645556,1,1
12,11,3,27,4,18,2,5,0,1,11,1,0,12,2,1,1,3,4,65,1,2,2,1,28,3,3,1,0,0,4,19,4,31,99,99,0,0,0,0,1,6,1,120489,2260,2009,99999,I-95,99999999999999999999,0000000,26.18808333,-80.15212778,2,1
12,43,3,27,15,52,2,2,0,0,3,3,0,12,4,1,1,1,2,60,1,1,2,1,0,0,1,1,0,0,15,53,16,15,99,99,0,0,0,0,1,6,0,120490,0,2009,99999,SR-78 EAST,99999999999999999999,0000000,26.88186667,-81.12268333,2,1
12,85,3,27,21,24,2,3,0,0,13,2,0,12,4,2,1,5,2,55,1,1,2,1,3,3,3,1,0,0,21,24,21,27,99,99,0,0,0,0,1,6,0,120491,1405,2009,99999,US-1,OSPERY STREET,0000000,27.09883056,-80.15933056,2,1
12,89,3,27,6,13,2,2,0,1,2,2,0,12,1,1,1,2,2,55,1,1,2,1,28,3,4,1,0,0,99,99,6,11,99,99,0,0,0,0,1,6,0,120492,1390,2009,99999,US-1,99999999999999999999,0000000,30.67231944,-81.90457778,2,1
12,131,3,27,17,16,2,4,0,1,1,1,0,12,5,1,1,2,2,70,1,1,2,2,0,0,1,2,0,0,17,16,17,24,99,99,0,0,0,0,1,6,0,120493,0,2009,99999,I-10,99999999999999999999,0000000,30.70479722,-86.16062222,2,2
12,55,3,28,23,50,2,2,0,0,6,4,0,14,5,4,5,1,2,35,1,1,2,1,0,0,2,1,0,0,23,52,0,8,99,99,0,0,0,0,1,7,1,120495,0,2009,99999,PLACID LAKES BLVD,846 PLACID LAKES BLV,0000000,27.208725,-81.39714722,1,1
12,57,3,28,14,55,1,1,0,1,11,1,0,1,0,1,3,2,2,70,1,1,2,1,0,0,1,1,0,0,99,99,99,99,99,99,0,0,0,0,1,7,0,120496,0,2009,99999,I-75,99999999999999999999,0000000,28.16122222,-82.39460833,1,1
12,101,3,28,20,9,2,4,1,0,13,2,0,8,0,1,1,2,2,55,1,2,2,1,0,0,2,1,0,0,20,10,20,14,88,88,0,0,0,0,1,7,0,120497,0,2009,99999,US-301,99999999999999999999,0000000,28.39341944,-82.19511944,2,1
12,127,3,29,21,59,2,3,0,1,1,1,0,12,7,1,1,2,2,70,2,1,2,1,28,3,2,1,0,0,99,99,22,4,99,99,0,0,0,0,1,1,1,120498,0,2009,99999,I-4,99999999999999999999,0000000,29.00671389,-81.24149444,2,1
12,105,3,29,2,45,1,1,0,1,2,2,0,25,0,1,4,3,2,65,2,2,2,1,28,3,2,1,0,0,2,49,3,4,99,99,0,0,0,0,1,1,1,120499,0,2009,99999,US-17,99999999999999999999,0000000,28.17380278,-81.59611944,1,1
12,55,3,30,21,40,2,2,0,1,2,3,0,12,2,1,1,1,2,60,1,1,2,1,0,0,2,1,0,0,21,44,22,6,88,88,0,0,0,0,1,2,0,120500,0,2009,99999,SR-70,99999999999999999999,0000000,27.23621111,-81.02359167,2,1
12,61,3,31,22,30,1,2,1,0,13,2,0,9,0,2,1,3,2,55,1,1,2,2,20,3,3,1,0,0,22,40,22,48,88,88,0,0,0,0,1,3,0,120501,0,2009,99999,US-1,GROVE ISLE CIRCLE,0000000,27.57703056,-80.37508611,1,1
12,75,3,31,7,5,2,2,0,0,3,2,0,12,1,1,1,1,2,60,1,1,2,1,0,0,1,1,0,0,7,10,7,23,88,88,1,0,0,0,1,3,0,120502,0,2009,99999,US-41,99999999999999999999,0000000,29.21864722,-82.44063333,2,1
12,105,4,1,11,7,2,3,0,1,2,3,0,13,6,1,1,2,2,65,1,1,2,1,0,0,1,1,0,0,11,9,11,14,99,99,0,0,0,0,1,4,0,120503,0,2009,99999,SR-60,99999999999999999999,0000000,27.90177778,-81.63554167,2,1
12,115,4,1,16,43,1,5,0,1,11,1,0,1,0,1,1,2,3,70,1,1,2,1,0,0,1,1,0,0,16,45,16,54,99,99,0,0,0,0,2,4,0,120504,0,2009,99999,I-75,99999999999999999999,0000000,27.36669722,-82.44679167,1,1
12,111,4,1,12,19,2,4,0,1,2,3,0,12,2,1,1,1,2,55,2,2,1,2,0,0,1,1,0,1,12,19,12,44,99,99,0,0,0,0,3,4,1,120505,0,2009,99999,SR-70,99999999999999999999,0000000,27.35974167,-80.62638889,2,1
12,9,4,1,1,25,1,1,0,1,11,1,0,42,0,1,6,2,2,70,2,2,1,1,0,0,2,1,0,4,1,44,1,51,99,99,0,0,0,0,1,4,0,120506,0,2009,99999,I-95,99999999999999999999,0000000,28.07588889,-80.70614444,1,1
12,3,4,3,13,30,1,1,0,1,1,1,0,42,0,1,6,2,2,70,1,1,2,1,0,0,1,1,0,0,13,32,13,41,88,88,0,0,0,0,1,6,0,120507,0,2009,99999,I-10,99999999999999999999,0000000,30.25434167,-82.34042778,1,1
12,27,4,3,23,50,2,5,0,0,6,4,0,12,2,1,1,1,2,55,2,1,2,1,0,0,2,1,0,0,23,51,23,55,99,99,0,0,0,0,2,6,1,120508,0,2009,99999,CR-796,99999999999999999999,0000000,27.16990278,-81.8254,2,1
12,71,4,3,3,17,1,2,1,1,11,1,0,8,0,1,1,2,2,60,1,1,1,1,0,0,2,1,0,1,3,17,3,21,88,88,0,0,0,0,1,6,0,120509,1070,2009,99999,I-75,99999999999999999999,0000000,26.602725,-81.80045556,1,1
12,115,4,3,14,17,2,2,0,0,6,4,0,12,1,3,1,2,2,25,1,1,2,1,38,3,1,1,0,0,14,17,99,99,99,99,0,21,0,0,1,6,0,120510,0,2009,99999,PROCTOR ROAD,LORDS AVE,0000000,27.28411667,-82.51837778,2,1
12,115,4,3,99,99,1,1,0,0,6,4,0,1,0,1,1,1,2,30,2,1,2,1,0,0,2,1,0,0,99,99,99,99,88,88,0,0,0,0,1,6,1,120511,0,2009,99999,COBURN ROAD,99999999999999999999,0000000,27.33606389,-82.44106944,1,1
12,57,4,4,1,35,2,3,0,0,13,3,0,12,1,11,1,2,3,45,1,1,2,1,3,3,3,1,0,0,1,35,1,38,99,99,0,0,0,0,1,7,1,120512,0,2009,99999,SR-597,MAPLEDALE BLVD,0000000,28.09846944,-82.50203889,2,1
12,113,4,4,16,0,2,5,0,0,3,3,0,12,2,1,1,1,2,55,2,1,2,1,28,3,1,1,0,0,16,4,16,16,99,99,0,0,0,0,2,7,1,120513,0,2009,99999,SR-87,99999999999999999999,0000000,30.88454722,-87.05171667,2,1
12,101,4,5,2,0,2,5,0,1,13,2,0,12,1,2,1,2,3,45,1,1,2,1,20,3,3,1,0,0,2,2,2,9,99,99,0,0,0,0,1,1,1,120514,1461,2009,99999,US-19,OAKLEY DR,0000000,28.343425,-82.6991,2,1
12,81,4,5,16,20,2,5,0,0,3,3,0,12,2,1,1,1,2,60,1,1,2,1,28,3,1,1,0,0,16,21,16,31,99,99,0,0,0,0,2,1,0,120515,0,2009,99999,SR-62,99999999999999999999,0000000,27.59408056,-82.36910556,2,1
12,95,4,5,15,35,2,2,0,0,6,4,0,12,2,1,1,1,2,35,2,2,2,1,28,3,1,1,0,0,15,37,15,43,88,88,0,0,0,0,1,1,1,120516,0,2009,99999,N WORLD DR,99999999999999999999,0000000,28.41094444,-81.57559444,2,1
12,17,4,6,19,17,2,2,0,0,6,4,0,12,4,1,1,1,2,30,1,1,2,1,20,3,5,1,0,0,19,19,19,30,99,99,0,0,0,0,1,2,0,120517,0,2009,99999,CR-486,99999999999999999999,0000000,28.89163333,-82.54463889,2,1
12,73,4,7,21,15,1,1,0,1,11,1,0,1,0,1,2,2,2,70,1,1,2,1,28,3,2,1,0,0,21,15,21,26,88,88,0,0,0,0,1,3,0,120518,0,2009,99999,I-10,99999999999999999999,0000000,30.47827222,-84.09212778,1,1
12,95,4,7,8,12,1,2,1,0,6,4,0,8,0,1,1,1,4,40,1,1,2,1,0,0,1,1,0,0,8,14,8,19,99,99,0,0,0,0,1,3,0,120519,0,2009,99999,OAKRIDGE RD,99999999999999999999,0000000,28.47239167,-81.41356667,1,1
12,131,4,7,16,26,2,7,0,1,13,2,0,12,5,2,1,2,3,45,1,1,2,1,28,3,1,1,0,0,16,26,16,33,99,99,0,0,0,0,1,3,0,120520,0,2009,99999,US-98,GRAND BLVD,0000000,30.37761389,-86.31005278,2,1
12,109,4,7,14,5,2,3,0,1,1,1,0,12,2,1,1,2,3,70,1,1,2,1,0,0,1,1,0,0,14,7,14,17,99,99,0,0,0,0,1,3,1,120521,0,2009,99999,I-95,99999999999999999999,0000000,29.66569444,-81.29391944,2,1
12,57,4,8,7,19,1,1,0,1,11,1,0,1,0,5,2,6,1,55,2,1,2,1,28,3,1,1,0,0,7,19,7,24,88,88,0,0,0,0,1,4,1,120522,0,2009,99999,I-4,I-75,0000000,28.00170556,-82.330675,1,1
12,83,4,8,7,31,2,3,0,0,6,4,0,12,2,1,1,1,2,45,1,1,2,1,28,3,1,1,0,0,7,34,7,44,99,99,0,0,0,0,1,4,0,120523,0,2009,99999,CR-475A,99999999999999999999,0000000,29.06509722,-82.15296667,2,1
12,23,4,10,20,49,1,1,0,0,6,4,0,34,0,1,4,1,2,45,2,1,2,1,0,0,2,1,0,0,99,99,21,6,88,88,0,0,0,0,1,6,1,120524,0,2009,99999,CR-138,99999999999999999999,0000000,29.85979444,-82.6837,1,1
12,53,4,10,20,42,1,3,1,1,13,2,0,8,0,1,1,2,3,55,1,1,2,1,28,3,3,1,0,0,99,99,20,44,88,88,0,0,0,0,1,6,0,120525,0,2009,99999,US-19,99999999999999999999,0000000,28.45450556,-82.62971111,1,1
12,57,4,10,2,40,1,2,1,0,13,2,0,9,0,1,1,3,3,45,1,1,2,1,28,3,3,1,0,0,2,45,2,50,88,88,0,0,0,0,1,6,0,120526,0,2009,99999,US-301,99999999999999999999,0000000,27.86172778,-82.32664444,1,1
12,91,4,11,4,31,1,1,0,0,6,4,0,42,0,3,4,1,2,25,1,1,2,1,28,3,2,1,0,0,4,32,4,40,99,99,0,0,0,0,1,7,1,120527,0,2009,99999,HICKORY ST,RANGE RD,0000000,30.48908611,-86.41014722,1,1
12,115,4,12,6,41,1,1,0,0,6,4,0,30,0,1,4,1,2,30,1,1,2,1,28,3,4,1,0,0,6,42,6,48,88,88,0,0,0,0,1,1,1,120528,0,2009,99999,HAWTHORNE STREET,99999999999999999999,0000000,27.31796389,-82.51123889,1,1
12,59,4,12,1,30,1,1,0,0,3,2,0,42,0,1,4,1,2,55,2,1,2,1,28,3,2,1,0,0,2,51,2,57,88,88,0,0,0,0,1,1,1,120529,0,2009,99999,US-90,99999999999999999999,0000000,30.79488889,-85.72542778,1,1
12,49,4,2,21,45,1,6,1,1,13,2,0,8,0,1,1,2,2,65,1,1,2,1,0,0,2,1,0,0,21,52,22,16,88,88,0,0,0,0,1,5,0,120530,0,2009,99999,US-17,99999999999999999999,0000000,27.57734444,-81.81775,1,1
12,35,3,9,20,35,1,3,0,0,16,6,0,1,0,1,4,1,2,30,2,1,2,1,28,3,3,1,0,0,20,35,20,41,99,99,0,0,0,0,1,2,1,120531,2439,2009,99999,LEIDEL DRIVE,99999999999999999999,0000000,29.61010556,-81.27260556,1,1
12,5,3,22,3,25,1,2,1,0,14,3,0,8,0,2,2,1,2,35,1,1,8,8,98,9,3,9,0,0,3,31,3,37,88,88,0,0,0,0,1,1,0,120532,2451,2009,99999,SR-30,SHORT STREET,0000000,30.18869444,-85.77319167,1,9
12,86,3,27,11,40,2,4,0,1,12,3,0,25,0,1,4,3,4,50,1,1,2,1,28,3,1,1,0,0,11,45,11,53,99,99,0,0,0,0,1,6,0,120533,1566,2009,99999,SR-874,99999999999999999999,0000000,25.68338889,-80.35471111,2,1
12,99,3,28,18,55,1,1,0,0,14,3,0,5,0,1,1,3,3,40,2,2,2,1,28,3,5,1,0,0,18,58,19,2,99,99,0,0,0,0,1,7,1,120534,2660,2009,99999,SR-807,99999999999999999999,0000000,26.7642,-80.08798333,1,1
12,86,3,29,15,35,1,2,1,0,6,4,0,8,0,2,1,1,4,99,1,1,2,1,20,3,1,1,0,0,99,99,99,99,99,99,0,0,0,0,1,1,1,120535,0,2009,99999,157 AVENUE,SW 289 TR,0000000,25.49783056,-80.44494722,1,1
12,55,4,4,13,15,1,1,0,1,2,2,0,34,0,1,4,1,2,55,2,1,2,1,98,3,1,1,0,0,13,18,13,29,88,88,0,0,0,0,1,7,1,120536,2800,2009,99999,US-98,99999999999999999999,0000000,27.4508,-81.28080833,1,1
12,63,4,4,9,0,1,2,0,1,1,1,0,1,0,1,3,2,2,70,1,1,2,1,0,0,1,1,0,0,9,0,9,7,99,99,0,0,0,0,1,7,0,120537,0,2009,99999,I-10,99999999999999999999,0000000,30.69490556,-85.12541667,1,1