STATE,COUNTY,MONTH,DAY,HOUR,MINUTE,VE_TOTAL,PERSONS,PEDS,NHS,ROAD_FNC,ROUTE,SP_JUR,HARM_EV,MAN_COLL,REL_JUNC,REL_ROAD,TRAF_FLO,NO_LANES,SP_LIMIT,ALIGNMNT,PROFILE,PAVE_TYP,SUR_COND,TRA_CONT,T_CONT_F,LGT_COND,WEATHER1,WEATHER2,WRK_ZONE,NOT_HOUR,NOT_MIN,ARR_HOUR,ARR_MIN,HOSP_HR,HOSP_MN,SCH_BUS,CF1,CF2,CF3,FATALS,DAY_WEEK,DRUNK_DR,ST_CASE,CITY,YEAR,MILEPT,TWAY_ID,TWAY_ID2,RAIL,LATITUDE,LONGITUD,VE_FORMS,WEATHER
12,99,4,7,12,50,1,2,0,0,16,6,0,3,0,1,2,1,2,30,1,1,2,1,0,0,1,1,0,0,12,51,12,54,99,99,0,0,0,0,1,3,0,120538,210,2009,99999,W CANAL ST,99999999999999999999,0000000,26.68747778,-80.67099167,1,1
12,17,4,7,21,41,1,4,1,0,6,4,0,9,0,1,1,1,2,55,1,1,2,1,0,0,2,1,0,0,99,99,99,99,99,99,0,0,0,0,1,3,0,120539,0,2009,99999,HOMOSASSA TRAIL,99999999999999999999,0000000,28.82809444,-82.52354722,1,1
12,83,4,8,19,22,1,2,0,1,11,1,0,1,0,1,2,2,3,70,1,1,2,1,28,3,1,1,0,0,19,25,19,30,99,99,0,0,0,0,1,4,1,120540,0,2009,99999,I-75,99999999999999999999,0000000,29.23430278,-82.18962222,1,1
12,31,4,11,13,20,1,2,0,1,1,1,0,42,0,1,4,2,3,70,1,1,2,1,28,3,1,1,0,0,13,23,13,31,99,99,0,0,0,0,1,7,0,120541,1510,2009,99999,I-95,99999999999999999999,0000000,30.52843333,-81.63621667,1,1
12,39,4,11,0,26,3,3,0,1,1,1,0,18,0,1,2,2,2,70,1,2,2,1,28,3,2,1,0,4,0,28,0,43,99,99,0,0,0,0,1,7,1,120542,0,2009,99999,I-10,99999999999999999999,0000000,30.52953333,-84.52835833,3,1
12,63,4,11,0,0,1,1,0,0,6,4,0,42,0,1,4,1,2,55,2,1,2,1,28,3,2,1,0,0,6,4,6,15,88,88,0,0,0,0,1,7,0,120543,0,2009,99999,CR-164,99999999999999999999,0000000,30.826025,-85.44932222,1,1
12,105,4,11,21,26,2,3,0,1,13,3,0,12,2,1,1,2,2,45,2,1,2,1,0,0,2,1,0,0,21,28,21,34,99,99,0,0,0,0,1,7,1,120544,160,2009,99999,SR-60,99999999999999999999,0000000,27.90114444,-81.83019444,2,1
12,86,3,28,14,28,2,2,0,0,6,4,0,12,5,2,1,1,2,35,1,1,2,1,3,3,1,1,0,0,14,30,14,34,88,88,0,0,0,0,2,7,0,120545,0,2009,99999,SW 48TH ST,SW 102ND AVE,0000000,25.72305278,-80.359275,2,1
12,5,4,12,0,5,2,3,0,0,14,3,0,12,5,1,1,1,4,45,1,1,2,1,20,3,3,1,0,0,0,8,0,8,99,99,0,0,0,0,1,1,0,120546,0,2009,99999,SR-30,99999999999999999999,0000000,30.18728611,-85.76734722,2,1
12,23,4,12,6,10,1,3,0,0,14,2,0,1,0,1,1,1,2,60,1,1,2,1,0,0,2,1,0,0,6,16,6,25,99,99,0,0,0,0,1,1,0,120547,0,2009,99999,US-90,99999999999999999999,0000000,30.18834167,-82.56628889,1,1
12,69,4,13,18,53,2,2,0,0,6,4,0,12,6,1,1,1,2,55,2,1,2,1,0,0,1,1,0,0,99,99,99,99,99,99,0,0,0,0,1,2,0,120548,0,2009,99999,CR-452,99999999999999999999,0000000,28.90609722,-81.76974722,2,1
12,7,4,13,17,0,1,1,0,1,2,2,0,53,0,1,4,2,2,65,1,1,2,2,0,0,1,2,0,0,17,6,17,13,99,99,0,0,0,0,1,2,0,120549,0,2009,99999,US-301,99999999999999999999,0000000,30.09955556,-82.05447778,1,2
12,86,4,13,0,37,1,1,0,0,13,3,0,33,0,2,3,2,3,40,1,1,2,1,0,0,3,1,0,0,0,36,0,43,99,99,0,0,0,0,1,2,0,120550,0,2009,99999,SR-976,SW 65TH AVE,0000000,25.73342222,-80.30082778,1,1
12,57,4,13,15,58,3,3,0,0,14,2,0,12,2,1,1,1,4,45,1,1,2,1,0,0,1,1,0,0,16,0,16,5,99,99,0,0,0,0,1,2,0,120551,2950,2009,99999,US-41,99999999999999999999,0000000,27.99718611,-82.45946389,3,1
12,39,4,15,15,27,1,2,0,0,3,2,0,42,0,1,6,1,4,55,2,2,2,1,0,0,1,1,0,0,99,99,99,99,99,99,0,0,0,0,1,4,0,120552,530,2009,99999,US-90,99999999999999999999,0000000,30.70197222,-84.81730833,1,1
12,83,4,16,15,7,2,3,0,0,13,2,0,12,5,2,1,2,2,25,1,2,2,1,20,3,1,1,0,0,15,9,15,15,99,99,0,0,0,0,1,5,0,120553,0,2009,99999,US-301,SE 125TH PL,0000000,29.04008889,-82.04528056,2,1
12,31,4,17,16,55,2,4,0,1,11,1,0,12,1,1,1,2,4,65,1,1,2,1,28,3,1,1,0,0,16,55,17,9,99,99,0,0,0,0,1,6,0,120554,1510,2009,99999,I-295,99999999999999999999,0000000,30.39878889,-81.73965556,2,1
12,77,4,17,17,10,2,2,0,0,6,4,0,12,2,1,1,1,2,55,2,1,2,1,28,3,1,1,0,0,17,11,17,16,88,88,0,0,0,0,1,6,0,120555,0,2009,99999,CR-2224,99999999999999999999,0000000,30.36695556,-84.7667,2,1
12,9,4,18,10,5,1,1,0,1,11,1,0,1,0,1,1,2,2,70,2,1,2,1,28,3,1,1,0,0,10,8,10,19,88,88,0,0,0,0,1,7,0,120556,1896,2009,99999,I-95,99999999999999999999,0000000,27.97777778,-80.61644722,1,1
12,23,4,18,11,2,1,3,1,1,11,1,0,8,0,1,1,2,3,70,1,1,2,1,28,3,1,1,0,0,11,2,11,3,88,88,0,0,0,0,1,7,0,120557,0,2009,99999,I-75,99999999999999999999,0000000,30.33453333,-82.66470556,1,1
12,33,4,18,0,55,2,3,0,0,14,2,0,12,2,1,1,2,2,45,1,2,2,1,28,3,2,1,0,0,0,58,1,6,88,88,0,0,0,0,1,7,1,120558,0,2009,99999,US-90,99999999999999999999,0000000,30.53204444,-87.21657222,2,1
12,67,4,18,17,15,2,3,0,0,2,2,0,12,5,2,1,1,2,60,1,1,2,1,20,3,1,1,0,0,17,18,17,25,99,99,0,0,0,0,1,7,0,120559,0,2009,99999,US-27,CR-354,0000000,30.05341944,-83.09608611,2,1
12,47,4,19,3,45,1,3,0,0,6,4,0,42,0,11,2,1,2,25,1,1,5,1,28,3,2,1,0,0,3,46,4,3,99,99,0,0,0,0,2,1,1,120560,0,2009,99999,SW 10TH AVE,NW 35TH TERR,0000000,30.53442222,-82.96429722,1,1
12,115,3,7,10,50,2,2,0,0,14,3,0,12,5,2,1,2,2,45,1,1,2,1,3,3,1,1,0,0,99,99,99,99,99,99,0,0,0,0,1,7,0,120561,0,2009,99999,SR-776,VIRGINIA CT,0000000,26.95562222,-82.35309722,2,1
12,113,4,1,15,12,2,4,0,0,6,4,0,12,3,2,1,1,2,45,1,2,2,2,28,3,1,2,0,0,15,13,15,21,99,99,0,20,0,0,1,4,2,120562,0,2009,99999,E BAY BLVD,MOSSY OAKS DR,0000000,30.43862778,-86.91935833,2,2
12,105,4,7,18,15,2,4,0,1,13,2,0,12,5,2,1,2,2,65,2,2,2,1,28,3,1,1,0,0,18,16,18,26,99,99,0,0,0,0,1,3,0,120563,0,2009,99999,US-27,CHARLES ST,0000000,27.71172222,-81.56075,2,1
12,95,4,10,18,31,2,2,0,0,13,2,0,12,5,2,1,2,2,35,1,1,2,1,3,3,1,1,0,0,99,99,18,34,99,99,0,0,0,0,1,6,0,120564,0,2009,99999,US-17,US-17,0000000,28.49445556,-81.39691111,2,1
12,101,4,10,17,34,2,2,0,0,13,2,0,12,5,2,1,3,3,50,1,1,2,1,3,3,1,1,0,0,17,34,17,36,99,99,0,0,0,0,1,6,0,120565,0,2009,99999,US-41,CR-583,0000000,28.24181111,-82.46046111,2,1
12,103,4,10,23,17,2,6,0,0,6,4,0,12,7,2,1,1,2,25,1,1,2,1,28,3,2,1,0,0,23,17,23,23,99,99,0,0,0,0,4,6,1,120566,0,2009,99999,N 86TH AVE,N 141ST ST,0000000,27.85113056,-82.83335556,2,1
12,109,4,10,15,20,1,2,1,0,2,2,0,8,0,1,2,2,2,65,1,1,2,1,28,3,1,1,0,0,15,29,15,40,88,88,0,0,0,0,1,6,0,120567,0,2009,99999,US-1,99999999999999999999,0000000,30.04843333,-81.42429722,1,1
12,125,4,16,2,45,1,1,0,0,3,3,0,24,0,1,4,1,2,45,2,1,2,1,28,3,2,1,0,0,2,47,3,1,88,88,0,0,0,0,1,5,1,120568,0,2009,99999,SR-16,99999999999999999999,0000000,30.06887222,-82.18528611,1,1
12,115,4,17,0,40,2,3,0,0,13,2,0,43,0,1,3,3,3,45,1,1,2,1,0,0,3,1,0,0,0,41,0,48,88,88,0,0,0,0,1,6,1,120569,0,2009,99999,US-41,99999999999999999999,0000000,27.06793611,-82.42053611,2,1
12,95,4,18,9,37,1,1,0,0,6,4,0,30,0,1,4,1,2,45,1,1,2,1,28,3,1,1,0,0,9,39,9,46,88,88,0,0,0,0,1,7,0,120570,0,2009,99999,S. CHICKASAW TRAIL,99999999999999999999,0000000,28.51857222,-81.26906667,1,1
12,101,4,18,9,30,2,3,0,1,11,1,0,12,3,1,1,2,4,70,1,1,2,1,28,3,1,1,0,0,9,30,9,41,99,99,0,0,0,0,1,7,0,120571,3173,2009,99999,I-75,99999999999999999999,0000000,28.18026111,-82.39025,2,1
12,101,4,21,10,25,3,4,0,0,6,4,0,12,4,1,1,1,2,40,1,1,2,1,0,0,1,1,0,0,10,27,10,35,99,99,0,0,0,0,1,3,0,120572,1461,2009,99999,HUDSON AVENUE,99999999999999999999,0000000,28.360975,-82.61574444,3,1
12,113,3,28,23,56,1,1,0,0,6,4,0,30,0,2,4,1,2,55,1,1,2,1,28,3,3,1,0,0,23,57,0,4,88,88,0,0,0,0,1,7,1,120573,0,2009,99999,CR-184,CR-89,0000000,30.58621944,-86.99296667,1,1
12,129,4,3,21,0,1,4,2,0,3,3,0,31,0,2,4,1,2,35,1,1,2,1,20,3,3,1,0,0,21,0,21,10,99,99,0,15,0,0,2,6,0,120574,2720,2009,99999,SR-363,RIVERSIDE DRIVE,0000000,30.15465556,-84.20339722,1,1
12,21,4,3,22,20,4,9,0,0,3,3,0,13,2,1,1,2,2,55,1,2,2,1,28,3,2,1,0,0,22,21,22,29,99,99,0,0,0,0,1,6,0,120575,0,2009,99999,SR-951,99999999999999999999,0000000,25.99423333,-81.70208889,4,1
12,21,4,8,20,40,1,2,0,1,11,1,0,24,0,5,2,6,1,70,2,1,2,1,0,0,3,1,0,0,20,41,20,48,99,99,0,0,0,0,2,4,0,120576,0,2009,99999,I-75,CR-886,0000000,26.17984722,-81.73536389,1,1
12,127,4,9,16,0,2,3,1,1,11,1,0,14,9,1,2,2,3,70,1,1,2,1,0,0,1,1,0,0,99,99,99,99,99,99,0,0,0,0,1,5,0,120577,825,2009,99999,I-4,99999999999999999999,0000000,28.88645833,-81.27991944,1,1
12,31,4,10,18,30,3,3,0,1,12,3,0,12,1,1,1,2,2,65,1,1,2,1,28,3,1,1,0,4,18,30,18,35,99,99,0,0,0,0,2,6,1,120578,1510,2009,99999,SR-9A,99999999999999999999,0000000,30.35965556,-81.554175,3,1
12,115,4,18,19,30,1,5,0,1,1,1,0,1,0,1,2,2,2,70,1,1,2,1,0,0,5,1,0,0,19,32,19,39,99,99,0,0,0,0,2,7,0,120580,0,2009,99999,I-75,99999999999999999999,0000000,27.10971389,-82.35510278,1,1
12,31,4,18,21,53,1,1,0,0,16,6,0,1,0,1,2,2,2,45,1,1,2,1,28,3,3,1,0,0,21,54,22,0,88,88,0,0,0,0,1,7,1,120581,1510,2009,99999,SR JOHNS BLUFF RD,99999999999999999999,0000000,30.30848056,-81.52588611,1,1
12,95,4,19,1,44,2,2,0,0,14,3,0,12,2,1,1,2,3,50,1,1,2,1,28,3,3,1,0,0,1,46,1,54,88,88,0,0,0,0,2,1,1,120582,0,2009,99999,SR-536,99999999999999999999,0000000,28.36693333,-81.53618333,2,1
12,86,4,19,23,14,2,2,0,0,13,2,0,12,4,1,1,2,4,45,1,1,2,1,28,3,2,1,0,0,23,14,23,18,99,99,0,0,0,0,1,1,0,120583,0,2009,99999,US-41,99999999999999999999,0000000,25.76158333,-80.361025,2,1
12,99,4,21,10,10,2,3,0,1,2,2,0,12,1,3,1,2,2,65,1,1,2,1,0,0,1,1,0,0,10,13,10,27,99,99,0,0,0,0,1,3,0,120584,0,2009,99999,US-27,WILLARD SMITH RD,0000000,26.50448889,-80.66938889,2,1
12,99,4,21,6,30,2,6,0,1,11,1,0,12,5,1,1,3,5,65,1,1,2,2,0,0,4,2,0,0,6,35,6,41,99,99,0,0,0,0,1,3,0,120585,1760,2009,99999,I-95,99999999999999999999,0000000,26.57245556,-80.06931111,2,2
12,95,4,23,19,28,2,3,0,0,14,3,0,12,5,8,1,1,2,45,1,1,2,1,0,0,1,1,0,0,19,30,19,37,88,88,0,0,0,0,1,5,0,120586,0,2009,99999,SR-15,VOLUSIA DR,0000000,28.48069722,-81.29527222,2,1
12,71,4,23,2,46,1,1,0,0,6,4,0,42,0,1,3,3,2,30,2,1,2,1,0,0,2,1,0,0,2,48,2,52,88,88,0,0,0,0,1,5,0,120587,0,2009,99999,WHISKEY CREEK DR,99999999999999999999,0000000,26.56171944,-81.88909722,1,1
12,33,4,24,21,14,2,3,0,0,13,3,0,12,6,1,1,1,2,55,1,1,2,1,0,0,2,1,0,0,21,14,21,20,99,99,0,0,0,0,1,6,0,120588,0,2009,99999,SR-292,99999999999999999999,0000000,30.35196389,-87.38250278,2,1
12,101,4,25,13,20,2,2,0,0,13,3,0,12,5,8,1,2,3,45,1,1,2,1,0,0,1,1,0,0,13,22,13,23,88,88,0,0,0,0,1,7,1,120589,0,2009,99999,SR-52,MEADOW DR,0000000,28.33123056,-82.68325833,2,1
12,69,4,25,23,57,1,1,0,0,3,3,0,53,0,1,4,1,2,55,2,1,2,1,0,0,2,1,0,0,23,58,0,0,88,88,0,0,0,0,1,7,1,120590,0,2009,99999,SR-44,99999999999999999999,0000000,28.93128611,-81.43975,1,1
12,69,4,25,21,23,2,3,0,0,13,2,0,12,1,3,1,2,2,55,1,1,2,1,3,3,2,1,0,1,21,24,21,25,99,99,0,0,0,0,1,7,1,120591,0,2009,99999,US-27,CR-33,0000000,28.76316389,-81.88031944,2,1
12,99,1,15,19,15,1,3,1,0,4,3,0,8,0,1,1,1,2,45,1,1,2,1,0,0,2,1,0,0,19,21,19,44,88,88,0,0,0,0,1,5,0,120592,0,2009,99999,SR-700,99999999999999999999,0000000,26.83724444,-80.595575,1,1
12,99,1,16,21,38,1,2,1,0,13,3,0,8,0,1,1,2,4,45,1,1,2,1,0,0,1,1,0,0,21,39,21,45,88,88,0,0,0,0,1,6,0,120593,3190,2009,99999,SR-704,99999999999999999999,0000000,26.70636944,-80.08995,1,1
12,73,1,23,2,23,1,3,0,0,6,4,0,42,0,1,4,1,2,45,1,1,2,2,0,0,2,2,0,0,2,26,2,38,99,99,0,0,0,0,2,6,1,120594,0,2009,99999,OLD BAINBRIDGE RD,99999999999999999999,0000000,30.51160278,-84.34895,1,2
12,86,1,24,21,0,1,2,1,0,13,2,0,8,0,2,1,2,3,30,2,2,2,1,6,3,3,1,0,0,21,32,21,34,99,99,0,0,0,0,1,7,1,120595,2010,2009,99999,US-1,SE 5TH ST,0000000,25.76840833,-80.19015,1,1
12,11,1,25,22,44,1,1,0,0,16,6,0,24,0,1,4,1,2,25,2,2,2,1,28,3,3,1,0,0,22,48,22,53,99,99,0,0,0,0,1,1,1,120596,633,2009,99999,42ND AVE,99999999999999999999,0000000,26.26326667,-80.18275,1,1
12,127,2,1,1,56,1,2,1,0,13,3,0,8,0,1,1,2,3,45,1,1,2,1,0,0,2,1,0,0,1,58,2,3,99,99,0,0,0,0,1,1,0,120597,1410,2009,99999,SR-5A,99999999999999999999,0000000,29.23401944,-81.03521944,1,1
12,95,2,8,3,23,1,1,0,0,13,3,0,30,0,2,4,2,3,45,1,1,1,1,3,3,3,1,0,0,3,23,3,30,88,88,0,0,0,0,1,1,1,120598,2360,2009,99999,SR-50,BENNETT ROAD,0000000,28.55355556,-81.33348333,1,1
12,11,2,13,22,55,2,3,0,0,13,3,0,12,1,1,1,2,3,45,1,1,2,1,0,0,3,1,0,0,22,58,22,58,99,99,0,0,0,0,1,6,0,120599,2541,2009,99999,SR-842,99999999999999999999,0000000,26.12084167,-80.21912222,2,1
12,15,2,13,17,24,2,4,0,0,14,3,0,12,5,2,1,3,2,55,1,1,2,1,3,3,1,1,0,0,99,99,99,99,99,99,0,0,0,0,1,6,0,120600,0,2009,99999,SR-776,TOLEDO BLADE BLVD,0000000,27.00725278,-82.16289722,2,1
12,127,2,22,0,22,1,5,0,0,6,4,0,1,0,1,1,1,2,30,1,1,2,1,28,3,2,1,0,1,0,25,0,30,99,99,0,0,0,0,3,1,1,120602,0,2009,99999,CARPENTER AVE,99999999999999999999,0000000,28.93560278,-81.30311944,1,1
12,117,4,15,1,0,1,1,0,1,11,1,0,38,0,1,4,2,3,55,2,2,2,1,28,3,2,1,0,0,1,7,1,32,88,88,0,0,0,0,1,4,1,120603,0,2009,99999,I-4,99999999999999999999,0000000,28.69465278,-81.38184722,1,1
12,103,1,1,0,47,1,3,1,0,16,6,0,9,0,2,1,2,2,40,1,1,2,1,28,3,3,1,0,0,0,48,0,49,99,99,0,0,0,0,1,5,1,120604,2730,2009,99999,S MLK ST,S 52ND AVE,0000000,27.72126667,-82.64642778,1,1
12,99,3,8,6,37,2,2,0,0,6,4,0,12,5,2,1,2,2,40,1,1,2,1,3,3,3,1,0,0,6,37,6,45,99,99,0,0,0,0,1,1,0,120605,0,2009,99999,S MILITARY TRAIL,OLD BOYNTON RD,0000000,26.53189167,-80.122775,2,1
12,93,3,12,15,36,2,6,0,0,6,4,0,12,5,2,1,1,2,25,1,1,2,4,20,3,1,1,0,0,99,99,15,38,99,99,0,0,0,0,1,5,0,120606,0,2009,99999,SW 32ND AVE,SW 21ST ST,0000000,27.22469167,-80.86126389,2,1
12,99,3,29,21,8,3,3,0,0,6,4,0,12,1,1,1,1,2,45,1,1,2,2,0,0,2,2,0,0,21,9,21,13,88,88,0,0,0,0,1,1,0,120607,0,2009,99999,WHITNEY RD,99999999999999999999,0000000,26.76120833,-80.30716111,3,2
12,57,3,31,11,59,1,1,0,9,99,9,0,33,0,1,4,9,9,15,2,1,2,1,0,0,1,1,0,0,12,0,12,3,88,88,0,0,0,0,1,3,0,120608,0,2009,99999,STARFISH CT,99999999999999999999,0000000,28.13013056,-82.54605833,1,1
12,57,4,1,14,23,1,1,0,0,6,4,0,27,0,1,4,1,2,35,2,1,2,1,0,0,1,1,0,0,14,24,14,29,99,99,0,0,0,0,1,4,0,120609,0,2009,99999,PROVIDENCE BLVD,99999999999999999999,0000000,27.90383056,-82.32677222,1,1
12,105,4,9,21,5,1,1,0,1,2,2,0,1,0,1,3,2,2,60,1,1,2,1,28,3,2,1,0,0,21,6,21,15,99,99,0,0,0,0,1,5,0,120610,0,2009,99999,US-27,99999999999999999999,0000000,27.81153056,-81.597475,1,1
12,86,4,10,20,6,2,2,0,0,13,3,0,12,1,1,1,2,3,40,1,2,2,1,0,0,1,1,0,0,20,8,20,14,88,88,0,0,0,0,1,6,0,120611,0,2009,99999,SR-825,99999999999999999999,0000000,25.68498889,-80.41664722,2,1
12,57,4,10,23,58,1,1,0,0,6,4,0,30,0,1,3,2,2,35,2,1,2,1,28,3,6,1,0,0,23,58,0,6,88,88,0,0,0,0,1,6,1,120612,0,2009,99999,APOLLO BEACH BLVD,99999999999999999999,0000000,27.77255556,-82.39491944,1,1
12,86,4,11,16,18,2,3,0,0,6,4,0,12,4,2,1,5,2,30,1,1,2,1,0,0,1,1,0,0,18,19,18,22,88,88,0,0,0,0,1,7,0,120613,0,2009,99999,NW 199TH STREET,NW 57TH PLACE,0000000,25.95343889,-80.29606389,2,1
12,99,4,11,19,27,1,2,1,0,6,4,0,9,0,2,1,2,2,45,1,1,2,1,0,0,1,1,0,0,19,27,19,32,99,99,0,0,0,0,1,7,0,120614,0,2009,99999,CAMINO REAL,CAMINO DEL MAR,0000000,26.34399444,-80.13733611,1,1
12,57,4,13,13,58,2,2,0,0,14,2,0,12,1,2,1,1,4,40,1,1,2,1,0,0,1,1,0,0,15,50,16,11,99,99,0,0,0,0,1,2,1,120615,2950,2009,99999,US-41B,CREST AVE,0000000,27.99375833,-82.45943889,2,1
12,127,4,13,12,56,1,1,0,0,16,6,0,42,0,1,4,1,2,25,1,1,2,1,0,0,1,1,0,0,12,57,13,0,99,99,0,0,0,0,1,2,1,120616,2340,2009,99999,N THORPE AVE,99999999999999999999,0000000,28.95080278,-81.29471111,1,1
12,103,4,14,20,34,2,3,0,1,13,2,0,12,5,12,1,2,3,55,1,1,1,1,28,3,3,1,0,0,99,99,99,99,99,99,0,0,0,0,1,3,0,120617,1770,2009,99999,US-19,HAINES BAYSHORE RD,0000000,27.93218611,-82.730275,2,1
12,31,4,16,15,11,2,2,0,0,14,3,0,12,3,2,1,1,4,30,1,1,2,1,20,3,1,1,0,0,15,11,15,15,99,99,0,0,0,0,1,5,0,120618,1510,2009,99999,SR-109,STANFORD RD,0000000,30.26089167,-81.64378611,2,1
12,103,4,16,17,51,2,4,0,0,16,6,0,12,3,2,1,2,3,40,1,1,2,1,0,0,1,1,0,0,17,51,17,54,99,99,0,0,0,0,1,5,0,120619,570,2009,99999,KEENE RD,VENUS AVE,0000000,27.96548333,-82.76311667,2,1
12,99,4,18,20,57,2,3,0,0,16,6,0,12,6,2,1,1,4,45,1,1,2,1,20,3,3,1,0,0,20,58,21,3,99,99,0,0,0,0,1,7,0,120620,1560,2009,99999,CENTRAL BLVD,UNIVERSITY BLVD,0000000,26.89077222,-80.11115,2,1
12,11,4,19,3,25,2,5,0,0,13,3,0,12,1,1,1,2,4,45,1,1,2,1,0,0,3,1,0,0,3,28,3,32,99,99,0,0,0,0,1,1,0,120621,2468,2009,99999,SR-820,99999999999999999999,0000000,26.00781667,-80.29126944,2,1
12,11,4,25,2,40,1,1,0,1,12,3,0,1,0,5,6,6,1,50,2,2,2,1,0,0,3,1,0,0,2,41,2,45,88,88,0,0,0,0,1,7,0,120622,771,2009,99999,SR-84,RED ROAD,0000000,26.08354444,-80.20048611,1,1
12,57,4,28,0,56,1,1,0,0,6,4,0,43,0,1,6,1,2,30,2,1,2,1,0,0,3,1,0,0,1,0,1,4,99,99,0,0,0,0,1,3,0,120623,0,2009,99999,PEBBLE BEACH BLVD,99999999999999999999,0000000,27.72358056,-82.35480833,1,1
12,11,2,12,11,22,2,4,0,0,13,3,0,12,5,12,1,2,3,45,1,1,2,1,28,3,1,1,0,0,99,99,99,99,99,99,0,0,0,0,1,5,0,120624,672,2009,99999,SR-834,TURTLE RUN BLVD,0000000,26.27386667,-80.21155833,2,1
12,9,4,20,1,0,1,1,0,0,13,3,0,31,0,3,4,1,2,45,1,2,2,1,20,3,3,1,0,0,2,50,2,56,88,88,0,0,0,0,1,2,1,120625,0,2009,99999,SR-518,SR-518,0000000,28.12034444,-80.70863611,1,1
12,3,4,29,15,35,2,4,0,0,3,2,0,12,5,2,1,2,2,60,1,1,2,1,28,3,1,1,0,0,15,38,15,43,99,99,0,0,0,0,1,4,0,120626,0,2009,99999,US-90,I-10,0000000,30.23843611,-82.30505278,2,1
12,11,5,3,19,10,2,2,0,1,11,1,0,12,1,1,1,2,4,70,2,1,2,1,28,3,1,1,0,0,19,9,19,15,88,88,0,0,0,0,1,1,1,120627,771,2009,99999,I-95,99999999999999999999,0000000,26.05915278,-80.16308333,2,1
12,105,1,16,18,30,1,2,1,0,6,4,0,8,0,1,1,1,2,99,1,1,2,1,28,3,2,1,0,0,0,1,0,9,88,88,0,0,0,0,1,6,0,120628,0,2009,99999,BRADBURY ROAD,99999999999999999999,0000000,28.09903333,-81.57393611,1,1
12,127,1,16,19,6,1,3,1,0,16,6,0,8,0,8,1,1,2,99,1,2,2,1,0,0,2,1,0,0,19,6,19,14,99,99,0,0,0,0,1,6,0,120629,825,2009,99999,1851 TRUMBULL STREET,BELVEDERE DRIVE,0000000,28.91539722,-81.24641389,1,1
12,111,1,19,4,30,1,2,0,0,6,4,0,35,0,1,4,1,2,25,2,1,5,1,0,0,2,1,0,0,99,99,99,99,88,88,0,0,0,0,2,2,0,120630,0,2009,99999,GRADY DRIVE,99999999999999999999,0000000,27.46974167,-80.37201944,1,1
12,11,1,20,16,30,1,3,1,0,13,3,0,9,0,1,1,2,3,45,1,1,2,1,0,0,1,1,0,0,16,36,16,40,99,99,0,0,0,0,1,3,0,120631,771,2009,99999,SR-817,99999999999999999999,0000000,26.04185278,-80.25084722,1,1
12,11,1,21,19,32,1,1,0,0,14,3,0,43,0,1,3,3,3,45,1,1,2,1,0,0,3,1,0,0,19,32,19,34,99,99,0,0,0,0,1,4,0,120632,1420,2009,99999,SR-848,99999999999999999999,0000000,26.04749444,-80.17846667,1,1
12,103,1,23,18,47,1,4,1,0,13,2,0,8,0,1,1,2,3,40,1,1,2,1,0,0,3,1,0,0,18,47,18,53,99,99,0,0,0,0,1,6,0,120633,2730,2009,99999,US-19,99999999999999999999,0000000,27.80582778,-82.67945278,1,1
12,11,1,30,20,52,1,2,1,0,15,6,0,8,0,2,1,5,3,40,1,1,2,1,0,0,3,1,0,0,20,52,20,58,88,88,0,0,0,0,1,6,0,120634,1420,2009,99999,S. DIXIE HIGHWAY,PLUNKETT COURT,0000000,26.00113056,-80.14896111,1,1
12,57,1,31,14,24,2,2,0,0,6,4,0,12,1,1,1,2,3,45,1,1,2,1,28,3,1,1,0,0,14,24,14,31,99,99,0,0,0,0,1,7,0,120635,0,2009,99999,CR-584,99999999999999999999,0000000,28.02580278,-82.55246944,2,1
12,57,2,2,11,0,1,2,1,0,13,3,0,9,0,2,1,3,4,45,1,1,2,1,3,3,1,1,0,0,11,1,11,5,99,99,0,0,0,0,1,2,0,120636,2950,2009,99999,SR-582,UNIVERSITY COLLECTIO,0000000,27.89499444,-82.36861944,1,1
12,57,2,7,10,21,1,2,1,0,16,6,0,8,0,1,1,1,4,40,1,1,2,1,0,0,1,1,0,0,10,21,10,24,99,99,0,0,0,0,1,7,0,120637,2950,2009,99999,W. GANDY BLVD.,99999999999999999999,0000000,27.89366667,-82.4942,1,1
12,57,2,8,20,26,1,2,1,0,16,6,0,8,0,2,1,1,2,35,1,1,2,1,0,0,3,1,0,0,20,29,20,29,99,99,0,0,0,0,1,1,0,120638,2950,2009,99999,S HYDE PARK AVE,W AZEELE ST,0000000,27.940525,-82.46396111,1,1
12,57,2,10,13,8,3,3,0,0,16,6,0,12,11,2,1,3,2,40,1,2,2,1,3,3,1,1,0,0,13,9,13,10,99,99,0,0,0,0,1,3,0,120639,2950,2009,99999,BAYSHORE BLVD,BAY TO BAY BLVD,0000000,27.9193,-82.49039722,3,1
12,11,2,13,99,99,1,3,2,0,14,3,0,8,0,1,4,1,2,99,1,1,2,1,0,0,3,1,0,0,2,37,2,43,88,88,0,0,0,0,2,6,0,120640,1050,2009,99999,SR-A1A,99999999999999999999,0000000,26.11684167,-80.10569722,1,1