STATE,COUNTY,MONTH,DAY,HOUR,MINUTE,VE_TOTAL,PERSONS,PEDS,NHS,ROAD_FNC,ROUTE,SP_JUR,HARM_EV,MAN_COLL,REL_JUNC,REL_ROAD,TRAF_FLO,NO_LANES,SP_LIMIT,ALIGNMNT,PROFILE,PAVE_TYP,SUR_COND,TRA_CONT,T_CONT_F,LGT_COND,WEATHER1,WEATHER2,WRK_ZONE,NOT_HOUR,NOT_MIN,ARR_HOUR,ARR_MIN,HOSP_HR,HOSP_MN,SCH_BUS,CF1,CF2,CF3,FATALS,DAY_WEEK,DRUNK_DR,ST_CASE,CITY,YEAR,MILEPT,TWAY_ID,TWAY_ID2,RAIL,LATITUDE,LONGITUD,VE_FORMS,WEATHER
12,57,2,13,18,45,1,2,1,0,14,2,0,8,0,1,1,2,2,40,1,1,2,1,0,0,3,1,0,0,18,48,18,53,99,99,0,0,0,0,1,6,0,120641,2950,2009,99999,US-B41,99999999999999999999,0000000,28.00151944,-82.45946389,1,1
12,105,2,14,99,99,2,3,0,1,13,2,0,12,5,2,1,3,2,45,1,1,2,1,20,3,1,1,0,0,17,16,17,21,99,99,0,0,0,0,2,7,0,120642,1740,2009,99999,US-27,CR-17B,0000000,27.872,-81.593925,2,1
12,57,2,17,23,26,2,5,0,0,6,4,0,12,2,1,1,1,2,45,2,1,2,1,28,3,2,1,0,0,23,26,23,36,99,99,0,0,0,0,2,3,1,120643,0,2009,99999,MOORES LAKE RD,99999999999999999999,0000000,28.00767222,-82.22408056,2,1
12,103,2,25,0,42,2,2,0,0,16,6,0,12,5,2,1,2,3,45,1,1,2,1,3,3,3,1,0,0,0,42,0,46,99,99,0,0,0,0,1,4,1,120644,2530,2009,99999,CR-694,CR-501,0000000,27.839075,-82.73668056,2,1
12,5,3,4,0,25,2,2,0,1,13,2,0,12,5,2,1,1,4,45,1,1,2,1,0,0,3,1,0,0,0,25,0,32,88,88,0,0,0,0,1,4,1,120645,2450,2009,99999,US-98,HICKORY AVE,0000000,30.17539722,-85.69735556,2,1
12,81,3,6,14,50,2,3,0,0,16,6,0,12,3,2,1,1,2,25,1,1,2,1,20,3,1,1,0,0,14,50,15,0,99,99,0,0,0,0,1,6,0,120646,340,2009,99999,17TH AVE,13TH ST,0000000,27.484475,-82.57393611,2,1
12,99,3,7,7,11,2,3,0,0,6,4,0,12,3,2,1,1,2,45,1,1,2,1,20,3,1,1,0,0,7,13,7,19,99,99,0,0,0,0,1,7,0,120647,2674,2009,99999,ROYAL PALM BEACH BLV,TANGERINE BLVD,0000000,26.77314167,-80.22632778,2,1
12,31,3,8,4,57,1,1,0,0,14,3,0,33,0,2,2,2,2,45,1,1,2,1,20,3,3,1,0,0,99,99,99,99,99,99,0,0,0,0,1,1,0,120648,1510,2009,99999,SR-134,NEW WORKD BLVD,0000000,30.24618611,-81.88656944,1,1
12,57,3,12,3,19,1,4,0,0,16,6,0,19,0,1,5,1,4,35,1,1,2,1,0,0,3,1,0,0,3,19,3,25,99,99,0,0,0,0,2,5,1,120649,2950,2009,99999,S MACDILL AVE,99999999999999999999,0000000,27.92973333,-82.49342778,1,1
12,57,3,13,20,47,1,5,1,0,6,4,0,8,0,1,1,1,4,45,1,1,2,1,0,0,3,1,0,0,20,47,20,53,88,88,0,0,0,0,1,6,0,120650,0,2009,99999,FLETCHER AVE,99999999999999999999,0000000,28.06931111,-82.42713611,1,1
12,1,3,14,21,17,1,3,1,0,2,2,0,8,0,2,1,1,2,45,1,1,2,1,3,3,2,1,0,0,21,18,21,21,88,88,0,0,0,0,1,7,0,120651,10,2009,99999,US-441,MAIN ST,0000000,29.79453056,-82.49575833,1,1
12,86,3,15,2,55,2,2,0,0,16,6,0,12,5,2,1,2,2,35,1,1,2,1,20,3,3,1,0,0,2,55,3,0,99,99,0,0,0,0,1,1,0,120652,2010,2009,99999,NW 7TH ST,NW 20TH AVE,0000000,25.77981389,-80.22811944,2,1
12,103,3,16,20,48,3,5,0,0,16,6,0,12,1,1,1,2,3,40,1,1,2,1,0,0,3,1,0,0,20,48,20,55,88,88,0,0,0,0,1,2,2,120653,2806,2009,99999,113TH ST,99999999999999999999,0000000,27.84833611,-82.79542222,3,1
12,57,3,22,99,99,1,2,0,0,13,3,0,30,0,1,4,2,2,35,1,1,2,1,0,0,3,1,0,0,3,17,3,20,99,99,0,0,0,0,1,1,1,120654,2950,2009,99999,SR-574,99999999999999999999,0000000,27.98148889,-82.46077778,1,1
12,103,3,24,6,58,2,2,0,0,13,2,0,1,0,2,3,2,3,45,1,1,2,1,20,3,4,1,0,0,6,52,6,56,88,88,0,0,0,0,1,3,0,120655,2530,2009,99999,US-19,72ND AVE,0000000,27.83743611,-82.68241111,2,1
12,86,3,23,3,55,2,2,0,0,13,3,0,23,0,1,4,1,6,35,1,2,2,2,3,3,3,2,0,0,3,55,4,1,88,88,0,0,0,0,1,2,1,120656,2010,2009,99999,SR-9,99999999999999999999,0000000,25.79429722,-80.23990556,2,2
12,11,3,26,8,53,2,2,0,0,15,6,0,12,5,8,1,2,2,35,1,1,2,1,0,0,1,1,0,0,99,99,99,99,99,99,0,0,0,0,1,5,0,120657,672,2009,99999,LAKEVIEW DR,CORAL RIDGE DR,0000000,26.24789722,-80.28358333,2,1
12,86,3,26,22,5,1,2,1,0,13,3,0,8,0,3,1,1,4,35,1,1,2,1,3,3,3,1,0,0,22,7,22,10,88,88,0,0,0,0,1,5,0,120658,2010,2009,99999,SR-934,N MIAMI AVE,0000000,25.84743611,-80.19681389,1,1
12,103,3,27,21,30,1,2,1,0,16,6,0,8,0,1,1,2,3,45,1,1,2,1,0,0,2,1,0,0,21,31,21,33,99,99,0,0,0,0,1,6,0,120659,2310,2009,99999,CR-584,99999999999999999999,0000000,28.05481667,-82.70242778,1,1
12,57,4,2,0,2,1,2,1,0,16,6,0,8,0,1,1,1,4,99,1,1,2,1,0,0,3,1,0,0,0,5,0,6,88,88,0,0,0,0,1,5,0,120660,2950,2009,99999,WATERS AVE,99999999999999999999,0000000,28.02531944,-82.47148333,1,1
12,86,4,3,21,59,1,2,1,0,14,3,0,8,0,2,1,1,4,40,1,2,2,1,0,0,3,1,0,0,22,0,22,4,88,88,0,0,0,0,1,6,0,120661,2010,2009,99999,SR-968,SW 51ST AVE,0000000,25.77123333,-80.27757222,1,1
12,115,4,3,11,55,1,1,0,0,6,4,0,42,0,1,3,2,2,45,1,1,2,2,0,0,1,2,0,0,99,99,99,99,99,99,0,0,0,0,1,6,0,120662,0,2009,99999,CR-773,99999999999999999999,0000000,27.27224722,-82.49759722,1,2
12,115,4,4,1,41,1,3,0,0,16,6,0,1,0,1,2,1,2,30,2,1,2,1,28,3,2,1,0,0,1,41,1,48,99,99,0,0,0,0,1,7,1,120664,2235,2009,99999,S. SUMTER BLVD,99999999999999999999,0000000,27.03428056,-82.21913333,1,1
12,105,4,7,16,40,1,1,0,1,2,2,0,1,0,1,2,2,2,65,1,1,9,1,28,3,1,1,0,0,16,44,16,50,88,88,0,0,0,0,1,3,0,120665,0,2009,99999,US-27,99999999999999999999,0000000,27.665475,-81.54481944,1,1
12,57,4,10,14,54,2,4,0,0,14,2,0,12,5,2,1,1,2,35,1,1,2,1,3,3,1,1,0,0,14,54,14,59,99,99,0,0,0,0,1,6,0,120666,2950,2009,99999,US-41,E. SCOTT STREET,0000000,27.95636389,-82.45949167,2,1
12,11,4,11,18,24,1,2,1,0,16,6,0,15,0,2,1,2,2,40,1,1,2,1,20,3,1,1,0,0,18,25,18,30,88,88,0,0,0,0,1,7,0,120667,790,2009,99999,S. MILITARY TRAIL,SW 15TH STREET,0000000,26.29691667,-80.13598333,1,1
12,57,4,12,20,17,1,2,0,1,11,1,0,43,0,2,4,3,4,50,1,2,1,1,28,3,5,1,0,1,20,18,20,28,99,99,0,0,0,0,1,1,0,120668,2950,2009,99999,I-275,W. GREEN STREET,0000000,27.95610278,-82.46530556,1,1
12,105,4,12,17,40,1,4,0,1,2,3,0,1,0,1,3,2,2,65,2,1,2,1,28,3,1,1,0,0,17,52,17,59,99,99,0,0,0,0,1,1,0,120669,0,2009,99999,SR-60,99999999999999999999,0000000,27.89788056,-81.90875278,1,1
12,125,4,12,4,10,1,1,0,0,6,4,0,42,0,1,4,1,2,50,1,1,2,1,28,3,2,1,0,0,4,16,4,26,88,88,0,0,0,0,1,1,1,120670,0,2009,99999,CR-241,99999999999999999999,0000000,29.96739444,-82.50826111,1,1
12,57,4,13,15,55,2,3,0,0,13,3,0,12,1,4,1,2,2,45,1,1,2,1,3,3,1,1,0,0,15,56,16,2,99,99,0,0,0,0,1,2,0,120671,2950,2009,99999,SR-580,6801 HILLSBOROUGH AV,0000000,27.99647222,-82.56276944,2,1
12,115,4,13,12,13,1,2,0,0,16,6,0,53,0,1,4,1,2,40,1,1,2,1,0,0,1,1,0,0,12,13,12,17,88,88,0,0,0,0,2,2,1,120672,2235,2009,99999,S. BISCAYNE DRIVE,99999999999999999999,0000000,27.06236111,-82.24315556,1,1
12,31,4,13,11,40,2,6,2,0,16,6,0,9,0,1,1,2,2,45,1,2,2,1,0,0,1,1,0,0,99,99,99,99,99,99,0,0,0,0,1,2,0,120673,1510,2009,99999,OLD ST AUGUSTINE RD,99999999999999999999,0000000,30.14150833,-81.53992778,2,1
12,57,4,16,19,3,1,2,0,1,11,1,0,42,0,1,4,2,2,70,1,1,2,1,28,3,1,1,0,0,19,5,19,16,99,99,0,0,0,0,1,5,0,120674,0,2009,99999,I-275,99999999999999999999,0000000,28.14361944,-82.40962778,1,1
12,86,4,17,5,20,2,3,0,0,13,2,0,12,5,2,1,1,2,30,1,1,2,1,3,3,4,1,0,0,5,22,5,28,99,99,0,0,0,0,1,6,2,120675,2010,2009,99999,US-41,SW 7TH ST,0000000,25.767225,-80.19911667,2,1
12,127,4,18,21,19,1,4,1,0,13,3,0,8,0,1,1,3,2,35,1,1,2,1,0,0,3,1,0,0,21,19,21,24,99,99,0,0,0,0,1,7,0,120676,2375,2009,99999,SR-A1A,99999999999999999999,0000000,29.28708333,-81.03779722,1,1
12,19,4,21,2,33,1,1,0,0,3,3,0,42,0,1,4,1,2,60,1,2,2,1,28,3,2,1,0,0,2,34,2,49,88,88,0,0,0,0,1,3,1,120677,0,2009,99999,SR-21,99999999999999999999,0000000,29.94452222,-81.89769167,1,1
12,99,4,21,19,40,1,2,1,1,11,1,0,8,0,13,1,6,1,35,2,1,2,1,0,0,3,1,0,0,19,43,19,46,99,99,0,0,0,0,1,3,0,120678,820,2009,99999,I-95,SR-806,0000000,26.46160833,-80.08840278,1,1
12,57,4,22,14,50,2,2,0,0,16,6,0,12,5,2,1,1,2,25,1,1,2,1,20,3,1,1,0,0,14,52,14,55,99,99,0,0,0,0,1,4,0,120679,2950,2009,99999,HYDE PARK AVENUE,GRAND CENTRAL AVENUE,0000000,27.94457778,-82.4639,2,1
12,53,4,22,13,55,2,3,0,0,2,2,0,12,7,3,1,2,2,55,1,1,2,1,3,3,1,1,0,0,13,56,14,2,99,99,0,0,0,0,1,4,0,120681,0,2009,99999,US-98,CROOM RITAL ROAD,0000000,28.52281389,-82.2199,2,1
12,99,4,23,17,9,1,3,0,1,11,1,0,1,0,1,1,2,5,65,1,1,2,1,0,0,1,1,0,0,17,9,17,16,99,99,0,0,0,0,1,5,0,120682,330,2009,99999,I-95,99999999999999999999,0000000,26.50099722,-80.07848889,1,1
12,61,4,23,13,55,1,4,0,1,11,1,0,1,0,1,1,2,2,70,1,1,2,1,28,3,1,1,0,0,13,57,14,5,99,99,0,0,0,0,1,5,0,120683,0,2009,99999,I-95,99999999999999999999,0000000,27.72467778,-80.54596389,1,1
12,86,4,23,14,38,1,1,0,1,11,1,0,25,0,5,4,6,2,55,2,2,1,1,28,3,1,1,0,0,99,99,14,38,88,88,0,0,0,0,1,5,0,120684,2010,2009,99999,I-95,NW 14TH ST,0000000,25.78793611,-80.20478611,1,1
12,71,4,24,22,27,2,2,0,0,16,6,0,12,1,3,1,3,3,45,1,1,2,1,3,3,3,1,0,0,99,99,99,99,99,99,0,0,0,0,1,6,1,120685,457,2009,99999,CR-867A,SE 26TH ST,0000000,26.60382778,-81.94133056,2,1
12,17,4,24,2,5,1,1,0,0,6,4,0,42,0,2,2,1,2,40,2,1,2,1,0,0,2,1,0,0,2,8,2,14,88,88,0,0,0,0,1,6,1,120686,0,2009,99999,W HALLS RIVER RD,S WASHINGTON POINT,0000000,28.80319444,-82.59681667,1,1
12,86,4,25,23,20,2,2,0,0,16,6,0,12,5,2,1,2,2,30,1,1,2,1,20,3,3,1,0,0,23,21,23,24,88,88,0,0,0,0,1,7,1,120687,2010,2009,99999,NW 22ND AVE,NW FLAGLER TERR,0000000,25.77375278,-80.23098611,2,1
12,31,4,25,13,22,1,1,0,1,11,1,0,25,0,1,4,3,3,65,1,1,2,1,0,0,1,1,0,0,13,22,13,30,99,99,0,0,0,0,1,7,0,120688,1510,2009,99999,I-295,99999999999999999999,0000000,30.19084722,-81.73958889,1,1
12,53,4,25,14,1,2,3,0,0,6,4,0,12,2,1,1,1,2,50,1,2,2,1,28,3,1,1,0,0,99,99,99,99,99,99,0,0,0,0,1,7,0,120689,0,2009,99999,CR-585,99999999999999999999,0000000,28.50603056,-82.49093333,2,1
12,103,4,25,3,18,1,1,0,0,16,6,0,42,0,1,4,2,2,35,2,1,2,1,0,0,3,1,0,0,99,99,99,99,99,99,0,0,0,0,1,7,1,120690,570,2009,99999,LANDMARK DR,99999999999999999999,0000000,28.02666667,-82.71697222,1,1
12,101,4,25,13,47,2,4,0,0,13,3,0,12,5,8,1,1,2,15,1,1,2,1,28,3,1,1,0,0,13,49,13,55,99,99,0,0,0,0,1,7,0,120691,3173,2009,99999,SR-581,SR-54,0000000,28.22210833,-82.35321944,2,1
12,57,4,26,2,56,2,2,0,0,13,3,0,1,0,1,1,2,2,50,1,1,2,1,0,0,2,1,0,0,2,57,3,0,88,88,0,0,0,0,1,1,1,120692,2950,2009,99999,SR-60,99999999999999999999,0000000,27.95228333,-82.38593889,2,1
12,57,4,27,20,14,2,4,0,0,6,4,0,12,2,2,1,1,2,45,1,1,2,1,0,0,3,1,0,0,20,16,20,21,99,99,0,0,0,0,1,2,0,120693,0,2009,99999,DOVER RD,WHITE CLIFF PLACE,0000000,27.91401389,-82.2195,2,1
12,95,4,27,3,12,1,2,1,0,6,4,0,8,0,3,1,2,4,45,1,1,2,1,3,3,3,1,0,0,3,20,3,24,99,99,0,0,0,0,1,2,0,120694,0,2009,99999,JOHN YOUNG PKWY,33RD ST,0000000,28.50665,-81.41747222,1,1
12,27,4,27,11,15,2,3,0,0,3,3,0,12,6,1,1,1,2,60,2,1,2,1,0,0,1,1,0,0,11,19,11,24,88,88,0,0,0,0,2,2,1,120695,0,2009,99999,SR-31,99999999999999999999,0000000,27.13715833,-81.79610833,2,1
12,57,4,28,13,47,1,1,0,0,6,4,0,1,0,1,1,1,2,45,2,2,2,1,0,0,1,1,0,0,13,51,13,55,99,99,0,0,0,0,1,3,0,120696,0,2009,99999,CR-587,99999999999999999999,0000000,28.09912778,-82.58021667,1,1
12,101,4,28,10,4,1,2,1,0,6,4,0,8,0,2,1,1,2,30,2,1,2,1,0,0,1,1,0,0,10,5,10,11,99,99,0,0,0,0,1,3,0,120697,0,2009,99999,MILLRIVER DR,UPTON COURT,0000000,28.26832222,-82.63809444,1,1
12,95,4,28,17,28,2,2,0,0,6,4,0,12,6,2,1,1,4,45,1,1,2,1,3,3,1,1,0,0,17,31,17,35,99,99,0,0,0,0,1,3,0,120698,0,2009,99999,W LANDSTREET RD,BACHMAN RD,0000000,28.43608056,-81.39236667,2,1
12,55,4,30,2,40,1,2,0,0,6,4,0,38,0,1,4,1,2,35,1,1,2,1,0,0,2,1,0,0,2,45,2,53,99,99,0,0,0,0,1,5,0,120699,0,2009,99999,TWITTY RD,99999999999999999999,0000000,27.39399722,-81.413725,1,1
12,81,5,1,2,35,1,1,0,0,13,2,0,27,0,1,4,1,2,55,2,2,2,1,0,0,2,1,0,0,2,40,2,43,88,88,0,0,0,0,1,6,1,120700,0,2009,99999,US-301,99999999999999999999,0000000,27.56895278,-82.426575,1,1
12,121,5,2,20,0,1,1,0,0,6,4,0,43,0,1,4,1,2,55,2,2,2,1,0,0,1,1,0,0,20,8,20,16,99,99,0,0,0,0,1,7,1,120701,0,2009,99999,CR-137,99999999999999999999,0000000,30.08618611,-82.81985556,1,1
12,21,5,2,17,40,1,1,0,1,1,1,0,1,0,1,3,2,2,70,1,1,2,1,0,0,1,1,0,0,17,43,18,9,88,88,0,0,0,0,1,7,0,120702,0,2009,99999,I-75,99999999999999999999,0000000,26.16129167,-81.25041944,1,1
12,93,5,3,2,17,2,3,0,0,13,2,0,12,6,8,1,1,2,50,1,1,2,1,0,0,2,1,0,0,2,20,2,24,99,99,0,0,0,0,1,1,2,120703,0,2009,99999,US-98,4509 HWY 441,0000000,27.24316389,-80.82980556,2,1
12,115,5,5,9,35,1,1,0,1,1,1,0,42,0,1,6,2,2,70,1,1,2,1,0,0,1,1,0,0,9,36,9,44,99,99,0,0,0,0,1,3,0,120704,2235,2009,99999,I-75,99999999999999999999,0000000,27.07584444,-82.10306111,1,1
12,86,5,7,6,43,1,2,1,0,14,3,0,8,0,1,1,2,2,40,1,1,2,1,0,0,1,1,0,0,99,99,99,99,88,88,0,0,0,0,1,5,0,120705,2010,2009,99999,SR-968,99999999999999999999,0000000,25.77056667,-80.30179722,1,1
12,127,1,14,17,15,6,6,0,0,13,2,0,12,2,1,1,2,3,35,1,1,2,1,0,0,1,1,0,0,17,15,17,23,99,99,0,0,0,0,1,4,0,120706,1410,2009,99999,US-1,99999999999999999999,0000000,29.22651667,-81.03125833,6,1
12,11,2,19,18,1,1,1,0,1,12,3,0,24,0,1,4,3,2,70,1,1,2,1,0,0,3,1,0,0,18,1,18,11,88,88,0,0,0,0,1,5,0,120707,0,2009,99999,SR-821,99999999999999999999,0000000,26.01006667,-80.21781111,1,1
12,86,2,21,4,10,3,3,0,0,6,4,0,12,1,2,1,5,4,40,1,1,2,1,3,3,3,1,0,0,4,25,4,25,99,99,0,0,0,0,1,7,1,120708,0,2009,99999,SW 127TH AVE,SW 56TH ST,0000000,25.71490833,-80.39904722,3,1
12,57,3,3,18,24,2,2,0,0,15,3,0,12,6,2,1,2,3,45,1,1,2,1,20,3,1,1,0,0,99,99,99,99,99,99,0,0,0,0,1,3,0,120709,0,2009,99999,SR-93A,ROBERT TOLLE DR,0000000,27.89378333,-82.33623889,2,1
12,31,3,3,14,58,2,4,0,1,13,2,0,12,2,2,1,1,4,45,1,1,2,1,3,3,1,1,0,0,99,99,99,99,99,99,0,0,0,0,1,3,0,120710,1510,2009,99999,US-1,W MONCRIEF RD,0000000,30.39451389,-81.73767778,2,1
12,86,3,4,17,41,1,3,1,0,16,6,0,8,0,1,1,1,2,35,1,1,2,1,0,0,3,1,0,0,99,99,99,99,99,99,0,0,0,0,1,4,0,120711,2020,2009,99999,6TH ST,99999999999999999999,0000000,25.77585278,-80.13464167,1,1
12,105,3,6,11,39,2,3,0,1,2,3,0,12,1,1,1,2,2,65,1,1,2,1,28,3,1,1,0,0,99,99,99,99,99,99,0,0,0,0,1,6,0,120712,0,2009,99999,SR-60,99999999999999999999,0000000,27.91610278,-81.71482778,2,1
12,127,3,7,1,57,2,3,0,0,13,3,0,12,1,3,1,2,3,40,1,1,2,1,3,3,3,1,0,0,99,99,99,99,99,99,0,0,0,0,1,7,0,120713,780,2009,99999,SR-5A,SR-430,0000000,29.21969444,-81.04735556,2,1
12,86,3,7,5,16,2,2,0,0,16,6,0,42,0,1,4,1,3,30,9,9,2,1,0,0,3,1,0,0,99,99,99,99,99,99,0,0,0,0,1,7,0,120714,2010,2009,99999,NW 17TH AVE,99999999999999999999,0000000,25.79651111,-80.22336944,1,1
12,95,3,11,8,41,2,2,0,0,6,4,0,12,4,2,1,1,4,25,1,2,2,1,20,3,1,1,0,0,99,99,99,99,99,99,0,0,0,0,1,4,0,120715,0,2009,99999,HIAWASSEE RD,HICKORY BRANCH CIR,0000000,28.58213056,-81.47606111,2,1
12,86,3,14,18,0,1,2,1,0,13,3,0,8,0,1,1,1,2,30,1,1,2,1,0,0,1,1,0,0,99,99,99,99,99,99,0,0,0,0,1,7,0,120716,2020,2009,99999,SR-A1A,99999999999999999999,0000000,25.77694167,-80.13262222,1,1
12,57,3,14,14,13,2,2,0,0,6,4,0,12,5,2,1,2,2,45,1,1,2,1,28,3,1,1,0,0,99,99,99,99,99,99,0,0,0,0,1,7,0,120717,0,2009,99999,EHRLICH RD,CARROLLWOOD SPRINGS,0000000,28.08477778,-82.51206667,2,1
12,17,3,15,21,18,1,1,0,0,6,4,0,30,0,1,4,2,1,45,2,2,2,1,28,3,3,1,0,0,99,99,99,99,99,99,0,0,0,0,1,1,0,120718,233,2009,99999,DELTONA BLVD,99999999999999999999,0000000,28.96286389,-82.44107778,1,1
12,57,3,16,6,7,2,2,0,0,16,6,0,12,4,2,1,2,2,45,1,1,2,1,3,3,3,5,0,0,99,99,99,99,99,99,0,0,0,0,1,2,0,120719,2950,2009,99999,BRUCE B DOWNS BLV,COUNTY LINE RD,0000000,28.17106944,-82.35368611,2,5
12,86,3,21,10,42,2,2,0,0,16,6,0,12,3,2,1,1,2,30,1,1,2,1,20,3,1,1,0,0,99,99,99,99,99,99,0,0,0,0,1,7,0,120720,1340,2009,99999,WEST 5TH AVE,WEST 33RD ST,0000000,25.85164167,-80.29236944,2,1
12,11,3,22,1,32,2,4,0,0,14,6,0,12,2,2,1,2,2,45,1,1,2,2,3,3,3,1,0,0,99,99,99,99,99,99,0,0,0,0,1,1,2,120721,672,2009,99999,CORAL RIDGE DR,WILES RD,0000000,26.28736667,-80.28262778,2,1
12,75,3,25,15,36,1,2,0,1,2,2,0,27,0,1,4,2,2,45,1,1,2,1,0,0,1,1,0,0,99,99,99,99,99,99,0,0,0,0,1,4,0,120722,540,2009,99999,US-19,99999999999999999999,0000000,29.46698056,-82.85464722,1,1
12,71,3,28,19,45,1,3,0,0,6,4,0,42,0,1,4,1,2,30,1,1,2,1,0,0,2,1,0,0,99,99,99,99,99,99,0,0,0,0,1,7,1,120723,0,2009,99999,BROADWAY EAST,99999999999999999999,0000000,26.44196944,-81.80516667,1,1
12,95,3,27,13,23,2,3,0,0,16,6,0,12,4,2,1,1,2,45,1,1,2,1,0,0,1,1,0,0,99,99,99,99,99,99,0,0,0,0,2,6,0,120724,2360,2009,99999,PERSHING AVENUE,COMMANDER DRIVER,0000000,28.49899167,-81.30620556,2,1
12,99,3,30,6,43,2,2,0,1,13,2,0,12,1,3,1,9,9,50,1,1,2,1,3,3,3,1,0,0,99,99,99,99,99,99,0,0,0,0,1,2,0,120725,0,2009,99999,US-98,SANSBURYS WAY,0000000,26.67981389,-80.18394444,2,1
12,9,3,30,13,55,3,3,0,0,14,3,0,12,5,2,1,1,2,45,1,1,2,1,20,3,1,1,0,0,13,56,13,59,99,99,0,0,0,0,1,2,0,120726,3000,2009,99999,SR-405,FOLEY ROAD,0000000,28.55791389,-80.84712222,3,1
12,35,3,31,16,0,2,2,0,0,2,2,0,12,5,2,1,2,2,65,1,1,2,1,20,3,1,1,0,0,99,99,99,99,99,99,0,0,0,0,1,3,0,120727,2439,2009,99999,US-1,SEMINOLE WOODS BLVD,0000000,29.418375,-81.20958611,2,1
12,11,1,15,20,25,1,2,1,0,14,3,0,8,0,8,1,1,2,99,1,1,2,1,0,0,3,1,0,0,99,99,99,99,99,99,0,0,0,0,1,5,0,120728,1050,2009,99999,SR-A1A,SE 17TH ST,0000000,26.09999722,-80.13271944,1,1
12,117,1,8,14,12,2,3,0,0,16,6,0,12,5,2,1,3,2,45,1,1,2,1,20,3,1,1,0,0,14,14,14,17,99,99,0,0,0,0,1,5,0,120729,2770,2009,99999,LAKE MARY BLVD,ROLLING HILLS BLVD,0000000,28.75987222,-81.27581944,2,1
12,73,1,9,7,6,1,2,1,0,16,6,0,8,0,1,1,2,1,20,1,1,2,1,38,3,4,1,0,0,7,10,7,15,99,99,0,21,0,0,1,6,0,120730,2940,2009,99999,1414 CHOWKEEBIN NENE,99999999999999999999,0000000,30.43316111,-84.25688611,1,1
12,103,1,9,20,4,1,2,1,1,13,3,0,8,0,1,1,1,6,99,1,1,2,1,0,0,3,1,0,0,20,4,20,6,88,88,0,0,0,0,1,6,0,120731,570,2009,99999,SR-60,99999999999999999999,0000000,27.96065278,-82.71886111,1,1
12,21,1,11,18,23,1,1,0,0,16,6,0,34,0,1,4,1,2,99,1,1,1,1,0,0,5,1,0,0,18,23,18,34,88,88,0,0,0,0,1,1,1,120732,0,2009,99999,LAASKO LN,99999999999999999999,0000000,26.025975,-81.6202,1,1
12,11,1,11,22,45,2,2,0,0,13,2,0,12,2,2,1,1,4,99,1,1,2,1,20,3,3,1,0,0,99,99,99,99,99,99,0,0,0,0,1,1,1,120734,2083,2009,99999,US-441,PEMBROKE RD,0000000,25.99531667,-80.20705556,2,1
12,86,1,21,14,15,1,2,1,9,99,9,0,8,0,2,1,9,9,99,1,1,2,1,0,0,1,1,0,0,14,25,99,99,99,99,0,0,0,0,1,4,0,120735,1345,2009,99999,NW 80TH AVE,NW 80TH AVE,0000000,25.901425,-80.32967222,1,1
12,86,1,2,15,43,2,4,0,0,14,3,0,12,5,2,1,2,3,40,1,1,2,1,3,3,1,1,0,0,15,43,15,48,99,99,0,0,0,0,1,6,0,120736,2330,2009,99999,SR-916,OPA LOCKA BLVD,0000000,25.89820556,-80.23561111,2,1
12,115,1,17,16,14,1,2,1,0,13,2,0,8,0,2,1,2,2,25,1,1,2,1,3,3,1,1,0,0,99,99,99,99,99,99,0,0,0,0,1,7,0,120737,0,2009,99999,US-41B,E MILAN AVE,0000000,27.09615278,-82.44433611,1,1
12,86,1,18,17,56,2,2,0,0,16,6,0,12,5,2,1,1,2,30,1,1,2,1,20,3,5,1,0,0,17,57,18,1,88,88,0,0,0,0,1,1,0,120738,0,2009,99999,NW 32ND AVE,NW 174TH ST,0000000,25.93264167,-80.25298056,2,1
12,23,2,27,10,15,1,1,0,0,14,2,0,33,0,1,4,2,2,45,1,1,2,1,0,0,1,1,0,0,99,99,99,99,99,99,0,0,0,0,1,6,0,120739,1660,2009,99999,US-90,99999999999999999999,0000000,30.18923333,-82.64649444,1,1
12,86,2,28,6,32,2,3,0,0,16,6,0,12,4,2,1,2,2,40,1,1,2,1,3,3,4,1,0,0,6,34,6,40,99,99,0,0,0,0,1,7,1,120740,9997,2009,99999,NW 199TH STREET,NW 32ND AVENUE,0000000,25.95536667,-80.25436389,2,1
12,105,3,7,18,52,1,3,1,0,14,3,1,8,0,1,1,1,4,40,1,2,2,1,98,3,3,1,0,0,18,52,19,0,99,99,0,0,0,0,1,7,0,120741,1690,2009,99999,SR-37,99999999999999999999,0000000,28.00638333,-81.95701944,1,1
12,99,3,8,21,45,1,3,1,0,13,3,0,8,0,2,1,2,4,45,1,1,2,1,3,3,3,1,0,0,21,46,21,50,99,99,0,0,0,0,1,1,0,120742,290,2009,99999,SR-794,CONGRESS AVENUE,0000000,26.39407778,-80.10237222,1,1
12,103,3,8,14,27,3,4,0,0,16,6,0,12,1,3,1,1,4,35,1,1,2,1,3,3,1,1,0,0,99,99,14,30,99,99,0,0,0,0,1,1,0,120743,2730,2009,99999,18TH AVENUE S,22ND STREET S,0000000,27.75203056,-82.663225,3,1
12,115,3,11,21,31,1,2,1,0,13,2,0,8,0,2,1,2,2,40,1,1,2,1,3,3,3,1,0,0,21,31,21,34,88,88,0,0,0,0,1,4,0,120744,2780,2009,99999,US-41,10TH STREET,0000000,27.34498611,-82.54693333,1,1