STATE,COUNTY,MONTH,DAY,HOUR,MINUTE,VE_TOTAL,PERSONS,PEDS,NHS,ROAD_FNC,ROUTE,SP_JUR,HARM_EV,MAN_COLL,REL_JUNC,REL_ROAD,TRAF_FLO,NO_LANES,SP_LIMIT,ALIGNMNT,PROFILE,PAVE_TYP,SUR_COND,TRA_CONT,T_CONT_F,LGT_COND,WEATHER1,WEATHER2,WRK_ZONE,NOT_HOUR,NOT_MIN,ARR_HOUR,ARR_MIN,HOSP_HR,HOSP_MN,SCH_BUS,CF1,CF2,CF3,FATALS,DAY_WEEK,DRUNK_DR,ST_CASE,CITY,YEAR,MILEPT,TWAY_ID,TWAY_ID2,RAIL,LATITUDE,LONGITUD,VE_FORMS,WEATHER
12,105,3,27,23,25,1,2,1,0,14,3,0,8,0,1,1,2,2,40,1,1,2,1,0,0,3,1,0,0,23,26,23,30,88,88,0,0,0,0,1,6,0,120745,3300,2009,99999,SR-559,99999999999999999999,0000000,28.04087222,-81.72691944,1,1
12,103,3,27,23,10,1,2,1,0,16,6,0,9,0,2,1,2,2,35,1,1,2,1,20,3,3,1,0,0,23,10,23,13,99,99,0,0,0,0,1,6,0,120746,2730,2009,99999,S 18TH AVE,S 27TH ST,0000000,27.75203056,-82.67009444,1,1
12,86,3,30,21,35,2,5,0,0,13,3,0,12,1,1,1,2,3,45,1,1,2,1,0,0,3,1,0,0,21,36,21,42,99,99,0,0,0,0,2,2,0,120747,2330,2009,99999,SR-817,99999999999999999999,0000000,25.912225,-80.24428056,2,1
12,107,4,11,0,11,1,2,0,0,6,4,0,35,0,1,4,1,2,35,2,1,2,1,28,3,2,1,0,0,99,99,99,99,99,99,0,0,0,0,1,7,1,120748,0,2009,99999,BEECHER SPRINGS RD,99999999999999999999,0000000,29.440075,-81.64430833,1,1
12,99,4,12,21,15,1,2,1,0,15,4,0,8,0,1,1,1,2,45,1,1,2,1,28,3,2,1,0,0,21,33,21,36,88,88,0,0,0,0,1,1,0,120749,0,2009,99999,GARDEN RD,99999999999999999999,0000000,26.78757222,-80.091925,1,1
12,5,2,19,21,23,2,2,0,1,13,2,0,12,2,1,1,2,2,55,1,1,1,1,0,0,3,1,0,0,21,23,21,25,88,88,0,0,0,0,2,5,2,120750,2451,2009,99999,US-98,99999999999999999999,0000000,30.23425278,-85.899675,2,1
12,109,4,16,23,0,1,2,1,0,13,2,0,8,0,1,2,1,2,45,1,1,1,1,0,0,3,1,0,0,99,99,99,99,99,99,0,0,0,0,1,5,0,120751,2690,2009,99999,US-1,99999999999999999999,0000000,29.91960556,-81.32494167,1,1
12,99,4,18,8,43,1,2,1,0,13,2,0,8,0,12,1,1,2,15,1,2,2,1,0,0,1,1,0,0,8,43,8,47,88,88,0,0,0,0,1,7,0,120752,3190,2009,99999,US-98,SOUTHERN BLVD,0000000,26.67585,-80.06127778,1,1
12,117,4,19,15,0,2,3,0,0,6,4,0,12,5,12,1,1,2,35,1,1,2,1,28,3,1,1,0,0,15,1,15,6,99,99,0,0,0,0,1,1,0,120753,0,2009,99999,OLD GENEVA RD,W OSCEOLA RD,0000000,28.75589444,-81.11805278,2,1
12,61,4,22,18,0,2,2,0,1,2,3,0,12,7,1,1,3,2,70,1,1,2,1,28,3,1,1,0,0,18,5,19,1,99,99,0,0,0,0,1,4,0,120754,0,2009,99999,SR-91,99999999999999999999,0000000,27.56048333,-80.77277222,2,1
12,99,4,25,19,15,1,2,1,0,13,3,0,8,0,1,1,2,3,45,1,1,2,1,28,3,3,1,0,0,19,57,20,4,88,88,0,0,0,0,1,7,0,120755,0,2009,99999,SR-804,99999999999999999999,0000000,26.52724167,-80.10216389,1,1
12,95,4,26,4,1,1,1,0,0,2,3,0,27,0,1,4,2,2,55,1,1,2,1,28,3,2,1,0,0,4,3,4,15,99,99,0,0,0,0,1,1,0,120756,0,2009,99999,SR-520,99999999999999999999,0000000,28.47030278,-81.00720833,1,1
12,43,4,28,18,9,1,2,0,1,2,2,0,1,0,1,3,2,2,65,1,1,2,1,28,3,1,1,0,0,18,9,18,20,99,99,0,0,0,0,1,3,1,120757,0,2009,99999,US-27,99999999999999999999,0000000,26.80476667,-81.08261944,1,1
12,107,5,1,17,50,1,1,0,0,3,3,0,1,0,1,2,1,2,60,1,1,2,1,28,3,1,1,0,0,17,56,18,0,88,88,0,0,0,0,1,6,0,120758,0,2009,99999,SR-100,99999999999999999999,0000000,29.72473056,-81.83651389,1,1
12,127,5,2,17,30,1,7,0,1,11,1,0,1,0,1,1,3,3,70,1,1,2,1,0,0,1,1,0,0,17,33,17,37,99,99,0,0,0,0,3,7,0,120759,9999,2009,99999,I-95,99999999999999999999,0000000,29.01144444,-80.98777778,1,1
12,105,5,2,8,35,2,3,0,1,12,3,0,12,7,1,1,2,2,65,1,1,2,1,28,3,1,1,0,0,8,37,8,45,99,99,0,0,0,0,1,7,0,120760,0,2009,99999,SR-570,99999999999999999999,0000000,28.02853889,-81.83213611,2,1
12,85,5,2,18,0,1,1,0,0,6,4,0,42,0,1,4,1,2,30,1,1,5,1,0,0,1,1,0,0,18,0,18,11,88,88,0,0,0,0,1,7,1,120761,0,2009,99999,BOATRAMP AVE,99999999999999999999,0000000,27.14871111,-80.33477778,1,1
12,75,5,2,9,15,1,2,1,1,2,2,0,8,0,1,1,2,2,65,1,1,2,1,28,3,1,1,0,0,9,23,9,28,88,88,0,0,0,0,1,7,0,120762,9999,2009,99999,US-19,99999999999999999999,0000000,29.57629722,-82.91589444,1,1
12,86,5,3,5,50,2,2,0,1,2,2,0,12,2,1,1,2,2,55,2,1,2,1,0,0,3,1,0,0,5,59,6,9,99,99,0,0,0,0,1,1,1,120763,0,2009,99999,US-27,99999999999999999999,0000000,25.92892778,-80.42309722,2,1
12,117,5,3,17,20,2,3,1,0,6,4,0,8,0,1,1,1,2,25,1,1,2,1,0,0,1,1,0,0,17,25,17,38,99,99,0,0,0,0,1,1,0,120764,0,2009,99999,20TH ST,99999999999999999999,0000000,28.79408889,-81.23140833,1,1
12,73,5,3,20,41,2,1,0,0,6,4,0,32,0,8,2,1,2,30,1,2,2,1,28,3,9,1,0,0,20,42,20,47,88,88,0,14,0,0,1,1,1,120765,0,2009,99999,LIVINGSTON RD,LIVINGSTON CT,0000000,30.48777222,-84.30838056,1,1
12,107,5,4,16,23,2,2,0,0,2,2,0,12,1,1,1,2,2,35,1,1,2,1,28,3,1,1,0,0,99,99,99,99,99,99,0,0,0,0,1,2,0,120766,700,2009,99999,US-17,99999999999999999999,0000000,29.43546389,-81.51053056,2,1
12,83,5,4,11,45,2,4,0,0,2,2,0,12,2,1,1,1,2,60,1,2,2,1,28,3,1,1,0,0,11,48,11,58,99,99,0,0,0,0,1,2,0,120767,0,2009,99999,US-41,99999999999999999999,0000000,29.18149444,-82.43927222,2,1
12,33,5,5,21,0,1,2,1,0,15,3,0,8,0,1,1,1,4,35,1,1,2,1,28,3,3,1,0,0,99,99,21,5,99,99,0,0,0,0,1,3,0,120768,0,2009,99999,SR-290,99999999999999999999,0000000,30.51051667,-87.22185833,1,1
12,57,5,5,13,55,1,2,0,1,11,1,0,1,0,1,1,1,2,70,2,2,2,1,28,3,1,1,0,0,13,59,14,6,99,99,0,0,0,0,1,3,0,120769,0,2009,99999,I-75,99999999999999999999,0000000,28.00240556,-82.32376389,1,1
12,75,5,5,23,15,1,1,0,0,3,3,0,38,0,1,4,1,2,60,2,2,2,1,28,3,2,1,0,0,23,48,23,56,88,88,0,0,0,0,1,3,1,120770,0,2009,99999,SR-121,99999999999999999999,0000000,29.46312222,-82.41454167,1,1
12,51,5,6,16,2,2,2,0,1,2,3,0,13,2,1,1,1,2,60,2,1,2,1,98,3,1,1,0,0,16,3,16,20,99,99,0,0,0,0,1,4,1,120771,0,2009,99999,SR-80,99999999999999999999,0000000,26.76812778,-81.17363056,2,1
12,9,5,7,10,19,1,2,1,0,13,3,0,9,0,1,1,2,2,45,1,1,2,1,3,3,1,1,0,0,99,99,10,25,99,99,0,0,0,0,1,5,0,120772,0,2009,99999,SR-520,99999999999999999999,0000000,28.35578333,-80.75603889,1,1
12,107,5,9,3,30,1,1,0,0,6,4,0,34,0,1,4,1,2,25,2,1,5,1,28,3,2,1,0,0,6,36,6,48,88,88,0,0,0,0,1,7,1,120773,0,2009,99999,SPRINGSIDE RD,99999999999999999999,0000000,29.67703889,-81.71542222,1,1
12,57,5,11,15,15,1,1,0,0,13,2,0,30,0,1,4,2,3,50,2,1,2,1,28,3,1,1,0,0,15,15,15,19,88,88,0,0,0,0,1,2,0,120774,0,2009,99999,US-41,99999999999999999999,0000000,28.16813333,-82.45981111,1,1
12,79,5,11,8,35,1,5,0,1,1,1,0,1,0,1,1,2,2,70,2,1,2,1,28,3,1,1,0,0,99,99,99,99,99,99,0,0,0,0,3,2,0,120775,0,2009,99999,I-10,99999999999999999999,0000000,30.39705,-83.36458056,1,1
12,57,1,26,23,55,1,2,1,0,16,6,0,8,0,1,1,1,2,35,1,1,2,1,0,0,3,1,0,0,23,56,0,0,88,88,0,0,0,0,1,2,1,120776,2950,2009,99999,N 15TH ST,99999999999999999999,0000000,27.96530278,-82.44296944,1,1
12,86,3,13,15,30,2,3,0,0,16,6,0,12,5,2,1,2,2,35,1,1,2,1,3,3,1,1,0,0,15,31,15,36,99,99,0,0,0,0,1,6,0,120777,0,2009,99999,NW 199TH ST,NW 7TH AVE,0000000,25.95674167,-80.21385278,2,1
12,1,4,3,7,50,2,5,0,0,2,2,0,12,5,1,1,2,2,55,1,1,2,2,28,3,1,1,0,0,7,58,8,2,99,99,0,0,0,0,1,6,0,120778,1370,2009,99999,US-441,99999999999999999999,0000000,29.82020278,-82.58103889,2,1
12,103,4,3,16,37,4,5,0,1,13,2,0,12,5,2,1,2,4,55,1,1,2,1,20,3,1,1,0,0,16,37,16,39,99,99,0,0,0,0,1,6,0,120779,570,2009,99999,US-19,ENTERPRISE RD,0000000,28.0097,-82.731775,4,1
12,99,4,4,0,12,1,2,1,0,6,4,0,8,0,2,1,1,2,30,1,1,1,1,0,0,3,1,0,0,99,99,99,99,99,99,0,0,0,0,1,7,0,120780,0,2009,99999,DOLPHIN RD,SANDALFOOT BLVD,0000000,26.51439722,-80.05110833,1,1
12,11,4,10,17,15,1,2,1,0,13,3,0,8,0,1,1,2,3,45,1,1,2,1,28,3,1,1,0,0,17,20,17,24,99,99,0,0,0,0,1,6,0,120781,760,2009,99999,SR-818,99999999999999999999,0000000,26.06233333,-80.18689167,1,1
12,51,4,13,18,16,1,2,0,0,6,4,0,5,0,1,1,1,2,35,1,1,2,1,28,3,1,1,0,0,99,99,99,99,99,99,0,0,0,0,1,2,0,120782,0,2009,99999,SOUTH CHURCH RD,99999999999999999999,0000000,26.54269722,-81.53095833,1,1
12,101,4,14,10,0,3,5,0,0,13,3,0,12,6,3,1,2,3,45,1,1,2,2,3,3,1,2,0,0,99,99,99,99,99,99,0,0,0,0,1,3,0,120783,1755,2009,99999,SR-54,US-41,0000000,28.19161944,-82.46557222,3,2
12,86,4,20,17,59,2,3,0,0,13,3,0,12,5,2,1,2,3,40,1,1,2,1,3,3,1,1,0,0,99,99,99,99,99,99,0,0,0,0,1,2,0,120784,0,2009,99999,SR-976,SW 112TH AVE,0000000,25.73211944,-80.37571111,2,1
12,33,4,28,14,10,1,2,0,0,13,2,0,1,0,1,1,2,3,45,1,1,2,1,0,0,1,1,0,0,99,99,99,99,99,99,0,0,0,0,1,3,0,120785,0,2009,99999,US-29,99999999999999999999,0000000,30.50518333,-87.26715833,1,1
12,93,4,29,18,11,2,2,0,0,2,2,0,12,5,2,1,1,2,45,1,1,2,1,20,3,1,1,0,0,18,12,18,20,99,99,0,0,0,0,1,4,1,120786,0,2009,99999,US-98,CR-15B,0000000,27.14808056,-80.69623333,2,1
12,129,4,29,1,0,1,1,0,0,6,4,0,1,0,1,4,1,2,35,2,2,2,1,0,0,2,1,0,0,7,48,7,59,88,88,0,0,0,0,1,4,1,120787,0,2009,99999,HARVEY MILL RD,99999999999999999999,0000000,30.16571667,-84.39512222,1,1
12,29,5,1,1,20,1,1,0,1,2,2,0,1,0,1,3,2,2,55,2,1,2,1,0,0,2,1,0,0,1,25,1,32,88,88,0,0,0,0,1,6,1,120788,0,2009,99999,US-19,99999999999999999999,0000000,29.58354444,-82.95222778,1,1
12,93,5,9,15,18,1,3,0,1,2,3,0,27,0,1,4,1,2,60,2,1,2,1,0,0,1,1,0,0,99,99,99,99,99,99,0,0,0,0,1,7,0,120789,0,2009,99999,SR-70,99999999999999999999,0000000,27.26213611,-80.74305278,1,1
12,69,5,15,23,10,1,1,0,0,6,4,0,53,0,1,4,1,2,35,2,1,2,1,0,0,2,1,0,0,99,99,99,99,99,99,0,0,0,0,1,6,1,120790,0,2009,99999,LAKE GRIFFIN RD,99999999999999999999,0000000,28.92169167,-81.91236667,1,1
12,93,4,20,22,56,1,1,0,0,6,4,0,1,0,1,3,2,2,40,2,1,2,1,0,0,2,1,0,0,22,56,23,4,99,99,0,0,0,0,1,2,0,120791,0,2009,99999,SE 28TH ST,99999999999999999999,0000000,27.21902778,-80.76058333,1,1
12,91,5,1,11,44,2,2,0,1,13,2,0,12,1,1,1,2,2,45,1,1,2,1,98,3,1,1,0,0,11,44,11,53,99,99,0,0,0,0,1,6,0,120792,835,2009,99999,US-98,99999999999999999999,0000000,30.38710556,-86.44895833,2,1
12,31,5,2,16,0,2,2,0,0,13,3,0,12,8,1,1,1,2,60,1,1,2,1,98,3,1,1,0,0,16,6,16,9,88,88,0,0,0,0,1,7,1,120793,1510,2009,99999,SR-228,99999999999999999999,0000000,30.23395,-81.913225,2,1
12,49,5,3,6,45,1,3,0,0,3,3,0,35,0,1,4,1,2,60,1,1,2,1,0,0,4,1,0,0,6,52,7,5,99,99,0,0,0,0,1,1,0,120794,0,2009,99999,SR-62,99999999999999999999,0000000,27.59502222,-81.90513611,1,1
12,85,5,3,4,23,1,1,0,0,6,4,0,24,0,1,4,1,2,15,2,1,2,1,28,3,3,1,0,0,4,37,4,42,88,88,0,0,0,0,1,1,1,120795,0,2009,99999,SW SAND TRAIL,99999999999999999999,0000000,27.16886389,-80.30896667,1,1
12,11,5,4,3,4,5,5,0,1,11,1,0,12,7,1,1,3,6,65,1,1,2,1,28,3,2,1,0,0,3,7,3,12,88,88,0,14,0,0,1,2,0,120796,1050,2009,99999,I-95,99999999999999999999,0000000,26.13581111,-80.16950556,5,1
12,86,5,4,23,39,1,3,0,1,11,1,0,20,0,1,4,2,3,55,1,2,1,1,28,3,3,1,0,4,99,99,99,99,99,99,0,0,0,0,1,2,1,120797,2010,2009,99999,I-95,99999999999999999999,0000000,25.81387778,-80.20620278,1,1
12,1,5,5,5,3,2,2,0,0,6,4,0,12,5,8,1,1,2,55,1,2,2,1,28,3,2,1,0,0,5,7,5,14,88,88,0,0,0,0,1,3,0,120798,0,2009,99999,CR-235,NW 22ND AVE,0000000,29.68315833,-82.57945556,2,1
12,91,5,5,4,36,2,2,0,0,2,3,0,12,5,2,1,2,2,45,1,1,2,2,20,3,2,5,0,0,99,99,99,99,99,99,0,0,0,0,1,3,0,120799,0,2009,99999,SR-85,BILL LUNDY RD,0000000,30.85228889,-86.52826667,2,5
12,35,5,6,1,24,2,4,0,1,11,1,0,12,1,1,1,2,3,70,1,1,2,1,28,3,2,1,0,0,1,29,1,36,99,99,0,0,0,0,1,4,1,120800,2439,2009,99999,I-95,99999999999999999999,0000000,29.55009722,-81.21641944,2,1
12,107,5,7,20,10,2,2,0,0,16,6,0,12,5,2,1,1,2,25,1,1,2,1,20,3,3,1,0,0,20,17,20,36,99,99,0,0,0,0,1,5,0,120801,2420,2009,99999,N 20TH ST,EAGLE ST,0000000,29.65619444,-81.64862778,2,1
12,9,5,8,4,45,3,12,0,1,11,1,0,12,1,1,1,2,3,65,1,1,1,1,0,0,2,1,0,4,99,99,99,99,99,99,0,0,0,0,1,6,0,120802,0,2009,99999,I-95,99999999999999999999,0000000,28.31374167,-80.76422222,3,1
12,43,5,8,14,7,2,5,0,1,2,2,0,12,7,1,1,2,2,65,1,1,2,1,28,3,1,1,0,0,14,7,14,16,99,99,0,0,0,0,1,6,0,120803,0,2009,99999,US-27,99999999999999999999,0000000,27.06806944,-81.33713056,2,1
12,17,5,11,22,30,2,4,0,0,6,4,0,12,5,2,1,2,2,30,1,1,2,1,20,3,3,1,0,0,22,34,22,42,99,99,0,0,0,0,1,2,0,120804,0,2009,99999,CCR-486,N ANTHONY AVE,0000000,28.89993611,-82.43060278,2,1
12,95,5,12,8,40,2,2,0,0,13,2,0,1,0,3,1,2,2,30,2,1,1,1,20,3,1,1,0,0,8,41,8,48,99,99,0,0,0,0,1,3,0,120805,0,2009,99999,US-441,KITT AVE,0000000,28.69638889,-81.562825,2,1
12,83,5,13,22,15,1,2,1,0,6,4,0,8,0,1,1,1,2,55,1,1,2,1,0,0,2,1,0,0,22,33,22,37,88,88,0,0,0,0,1,4,0,120806,0,2009,99999,182ND AVE RD,99999999999999999999,0000000,29.02146389,-81.82950833,1,1
12,83,5,13,13,30,1,1,0,0,6,4,0,1,0,1,4,1,2,55,2,1,2,2,0,0,1,2,0,0,13,33,13,41,99,99,0,0,0,0,1,4,0,120807,0,2009,99999,CR-314A,99999999999999999999,0000000,29.07962222,-81.84619167,1,2
12,103,5,13,1,45,1,2,1,1,14,3,0,8,0,1,1,2,2,50,1,1,2,1,0,0,3,1,0,0,1,48,1,55,88,88,0,0,0,0,1,4,0,120808,0,2009,99999,SR-686,99999999999999999999,0000000,27.90675556,-82.696725,1,1
12,79,5,16,21,10,2,5,0,0,3,3,0,12,5,2,1,5,2,45,1,1,2,1,0,0,3,1,0,0,21,14,21,26,99,99,0,0,0,0,1,7,1,120809,0,2009,99999,SR-53,I-10,0000000,30.399325,-83.35920556,2,1
12,5,5,16,18,55,2,2,0,0,2,2,0,12,2,1,1,1,2,60,1,1,2,1,0,0,1,1,0,0,18,58,19,8,88,88,0,0,0,0,1,7,0,120810,0,2009,99999,US-98,99999999999999999999,0000000,29.95709167,-85.43325,2,1
12,107,5,16,20,50,2,2,0,0,6,4,0,12,2,2,1,1,2,35,1,1,2,1,20,3,2,1,0,0,20,56,20,59,99,99,0,0,0,0,1,7,2,120811,0,2009,99999,SILVER LAKE DR,EAST PENIEL RD,0000000,29.61575,-81.69317778,2,1
12,111,5,1,13,30,1,1,0,1,2,3,0,1,0,1,1,2,2,70,1,1,2,1,0,0,1,1,0,0,13,32,13,56,99,99,0,0,0,0,1,6,0,120812,0,2009,99999,SR-91,99999999999999999999,0000000,27.55211111,-80.63578611,1,1
12,107,1,3,21,45,1,2,1,0,16,6,0,8,0,1,1,1,2,25,1,1,2,1,0,0,3,1,0,0,21,45,21,54,88,88,0,0,0,0,1,7,0,120813,2420,2009,99999,19TH ST,99999999999999999999,0000000,29.650075,-81.64880833,1,1
12,105,1,10,22,30,2,8,0,1,2,2,0,12,6,2,1,2,2,45,1,1,2,1,3,3,2,1,0,0,99,99,99,99,99,99,0,0,0,0,1,7,0,120815,0,2009,99999,US-27,SR-17,0000000,27.67793333,-81.553625,2,1
12,105,1,22,10,34,2,2,0,0,13,2,0,12,1,1,1,2,2,45,1,1,2,1,0,0,1,1,0,0,99,99,99,99,99,99,0,0,0,0,1,5,0,120816,1690,2009,99999,US-98,99999999999999999999,0000000,28.029675,-81.931275,2,1
12,71,1,31,22,6,1,1,0,9,99,9,0,30,0,1,4,1,1,25,1,1,2,1,0,0,3,1,0,0,99,99,99,99,99,99,0,0,0,0,1,7,0,120817,457,2009,99999,2138 SANTA BARBARA,99999999999999999999,0000000,26.61261944,-81.97435556,1,1
12,105,2,7,19,17,2,6,0,0,16,6,0,12,6,2,1,1,2,30,1,1,2,1,20,3,3,1,0,0,19,18,19,18,99,99,0,0,0,0,1,7,1,120818,160,2009,99999,DAVIDSON ST,N OAK AVE,0000000,27.897225,-81.83773889,2,1
12,127,3,30,6,10,1,3,2,0,16,6,0,8,0,2,1,1,2,25,1,1,2,1,0,0,3,1,0,0,6,12,6,20,88,88,0,0,0,0,1,2,0,120819,2375,2009,99999,FLEMING AVE,LAUREL OAKS CIRCLE,0000000,29.26335833,-81.06682778,1,1
12,109,4,4,17,36,4,5,0,0,6,4,0,12,9,1,1,1,2,55,1,1,2,1,28,3,1,1,0,0,17,37,17,43,99,99,0,0,0,0,1,7,0,120820,0,2009,99999,CR-208,99999999999999999999,0000000,29.90721667,-81.51083056,4,1
12,86,4,11,11,26,2,2,1,0,6,4,0,8,0,1,1,2,3,40,1,1,2,1,0,0,1,1,0,0,11,28,11,31,99,99,0,0,0,0,1,7,0,120821,0,2009,99999,NW 67 AVENUE,99999999999999999999,0000000,25.95054722,-80.30810278,2,1
12,69,4,17,22,11,1,3,1,1,13,2,0,8,0,2,1,5,3,50,1,2,2,1,3,3,2,1,0,0,22,12,22,14,99,99,0,0,0,0,1,6,0,120822,580,2009,99999,US-27,HOOKS STREET,0000000,28.54308889,-81.74156389,1,1
12,31,4,24,1,50,1,2,1,0,12,3,0,8,0,11,1,4,4,60,2,1,2,1,0,0,3,1,0,0,99,99,99,99,88,88,0,0,0,0,1,6,0,120823,1520,2009,99999,SR-202,MARSH LANDING PKWY,0000000,30.25720833,-81.40360833,1,1
12,107,5,1,10,38,2,3,0,1,13,3,0,12,4,2,1,2,2,45,1,1,2,1,28,3,1,1,0,0,99,99,99,99,99,99,0,0,0,0,1,6,0,120824,2420,2009,99999,SR-20,ROUND LAKE ROAD,0000000,29.64136389,-81.67639722,2,1
12,85,5,1,7,4,2,3,0,0,13,2,0,13,4,1,1,2,2,55,1,1,2,1,0,0,4,1,0,0,99,99,99,99,99,99,0,0,0,0,1,6,0,120825,0,2009,99999,US-1,99999999999999999999,0000000,27.04696667,-80.12218889,2,1
12,99,5,1,12,30,2,2,0,0,14,6,0,12,4,2,1,2,3,40,1,1,2,1,20,3,1,1,0,0,99,99,99,99,99,99,0,0,0,0,1,6,1,120826,820,2009,99999,W. LINTON BLVD,AUGUSTA CIRCLE,0000000,26.43943611,-80.10956944,2,1
12,11,5,3,6,5,1,8,0,1,11,3,0,1,0,1,2,3,3,65,2,1,2,1,0,0,3,1,0,0,6,7,6,8,99,99,0,0,0,0,2,1,0,120827,633,2009,99999,SR-91,99999999999999999999,0000000,26.25102778,-80.16635556,1,1
12,115,5,7,12,40,2,2,0,0,13,2,0,12,1,2,1,2,2,55,1,1,2,1,3,3,1,1,0,0,99,99,99,99,99,99,0,14,0,0,1,5,0,120828,2235,2009,99999,US-41,18000 TAMIAMI TRL,0000000,27.04641389,-82.254675,2,1
12,69,5,21,0,33,2,2,0,0,13,2,0,12,1,3,1,2,2,55,1,1,2,2,3,3,2,1,0,0,0,33,0,41,88,88,0,0,0,0,1,5,0,120829,2130,2009,99999,US-441,COUNTRY CLUB BLVD,0000000,28.82300556,-81.68554167,2,1
12,69,2,11,14,28,2,3,0,0,13,2,0,12,5,2,1,3,2,35,1,1,2,1,28,3,1,1,0,0,99,99,99,99,99,99,0,0,0,0,1,4,0,120831,1820,2009,99999,US-441,PALMETTO ST,0000000,28.81629444,-81.8751,2,1
12,86,2,15,21,26,2,4,0,0,6,4,0,12,5,2,1,2,2,35,1,1,2,2,20,3,3,1,0,0,21,26,21,41,99,99,0,0,0,0,1,1,0,120832,0,2009,99999,SW 26TH ST,SW 154TH PATH,0000000,25.74248056,-80.44599167,2,1
12,93,2,15,15,52,2,3,0,1,13,3,0,1,0,1,1,3,2,35,1,1,2,2,0,0,1,2,0,0,99,99,99,99,99,99,0,0,0,0,1,1,0,120833,0,2009,99999,SR-70,99999999999999999999,0000000,27.24371667,-80.8183,2,2
12,97,2,23,0,7,1,1,0,0,16,6,0,27,0,2,4,1,2,25,2,1,2,1,0,0,2,1,0,0,0,7,0,13,88,88,0,0,0,0,1,2,1,120834,2700,2009,99999,BUDINGER AVE,PROGRESS LANE,0000000,28.22938889,-81.30670278,1,1
12,11,2,27,13,9,2,5,0,0,13,3,0,12,4,2,1,2,3,35,1,1,2,1,3,3,1,1,0,0,99,99,99,99,99,99,0,0,0,0,1,6,0,120835,1050,2009,99999,SR-838,FLAGLER DR,0000000,26.13693889,-80.13828056,2,1
12,21,5,2,3,15,1,2,0,0,6,4,0,30,0,1,4,1,2,45,1,1,2,1,0,0,2,1,0,0,3,18,3,31,99,99,0,0,0,0,1,7,1,120836,0,2009,99999,EVERGLADES BLVD,99999999999999999999,0000000,26.27344444,-81.54519444,1,1
12,57,5,7,3,0,2,2,0,0,13,3,0,12,1,1,1,2,3,55,1,1,2,1,28,3,2,1,0,0,3,6,3,14,99,99,0,0,0,0,1,5,1,120837,0,2009,99999,SR-580,99999999999999999999,0000000,28.02734444,-82.63498611,2,1
12,99,5,9,15,35,1,2,0,1,2,2,0,1,0,1,3,2,2,65,1,1,2,1,28,3,1,1,0,0,15,40,15,52,99,99,0,0,0,0,2,7,1,120838,0,2009,99999,US-441,99999999999999999999,0000000,26.72598611,-80.52017222,1,1
12,57,5,10,20,8,1,2,0,0,2,2,0,1,0,1,1,2,2,65,1,1,1,1,28,3,5,1,0,0,20,8,20,19,99,99,0,0,0,0,1,1,0,120839,0,2009,99999,US-41,99999999999999999999,0000000,27.64990278,-82.51545,1,1
12,23,5,10,1,50,1,2,0,0,6,4,0,38,0,1,4,1,2,45,2,1,2,1,28,3,2,1,0,0,1,54,2,3,99,99,0,0,0,0,1,1,1,120840,0,2009,99999,CR-240,99999999999999999999,0000000,30.07072778,-82.63031944,1,1
12,71,5,13,20,55,3,5,0,0,13,2,0,12,5,2,1,2,3,50,1,1,2,2,3,3,3,2,0,0,20,56,21,1,99,99,0,0,0,0,1,4,0,120841,0,2009,99999,US-41,SANIBEL BLVD,0000000,26.46306667,-81.83029444,3,2
12,1,5,15,2,10,1,1,0,0,3,3,0,30,0,1,4,1,2,60,2,1,2,1,0,0,2,1,0,0,2,14,2,16,88,88,0,0,0,0,1,6,1,120842,0,2009,99999,SR-26,99999999999999999999,0000000,29.71361667,-82.11964722,1,1
12,49,5,15,9,30,1,2,1,1,13,2,0,8,0,1,1,1,4,45,1,1,2,1,0,0,1,1,0,0,9,33,9,36,88,88,0,0,0,0,1,6,0,120843,0,2009,99999,US-17,99999999999999999999,0000000,27.62780278,-81.82468611,1,1
12,9,5,17,17,38,1,1,0,0,6,4,0,42,0,1,4,1,2,25,2,2,2,1,0,0,1,1,0,0,17,37,17,45,88,88,0,0,0,0,1,1,1,120844,0,2009,99999,CAMP RD,99999999999999999999,0000000,28.44679722,-80.77283056,1,1
12,61,5,12,15,45,1,2,0,1,2,3,0,1,0,1,5,2,2,55,2,1,2,1,0,0,1,1,0,0,15,48,16,6,99,99,0,0,0,0,2,3,0,120845,0,2009,99999,SR-60,99999999999999999999,0000000,27.64396111,-80.77423056,1,1
12,95,5,15,17,44,1,1,0,0,12,3,0,21,0,1,3,3,2,55,1,1,2,1,0,0,1,1,0,0,17,44,17,44,99,99,0,0,0,0,1,6,0,120846,0,2009,99999,SR-408,99999999999999999999,0000000,28.54756111,-81.25838611,1,1
12,21,5,17,12,51,3,4,0,0,2,2,0,12,2,1,1,1,2,60,1,1,2,1,0,0,1,1,0,0,12,52,13,20,99,99,0,0,0,0,1,1,0,120847,0,2009,99999,US-41,99999999999999999999,0000000,25.85018611,-80.96675,3,1