STATE,COUNTY,MONTH,DAY,HOUR,MINUTE,VE_TOTAL,PERSONS,PEDS,NHS,ROAD_FNC,ROUTE,SP_JUR,HARM_EV,MAN_COLL,REL_JUNC,REL_ROAD,TRAF_FLO,NO_LANES,SP_LIMIT,ALIGNMNT,PROFILE,PAVE_TYP,SUR_COND,TRA_CONT,T_CONT_F,LGT_COND,WEATHER1,WEATHER2,WRK_ZONE,NOT_HOUR,NOT_MIN,ARR_HOUR,ARR_MIN,HOSP_HR,HOSP_MN,SCH_BUS,CF1,CF2,CF3,FATALS,DAY_WEEK,DRUNK_DR,ST_CASE,CITY,YEAR,MILEPT,TWAY_ID,TWAY_ID2,RAIL,LATITUDE,LONGITUD,VE_FORMS,WEATHER
12,75,5,18,14,5,1,1,0,0,3,2,0,34,0,1,4,1,2,60,2,1,2,2,0,0,1,2,0,0,14,10,14,19,99,99,0,0,0,0,1,2,0,120848,0,2009,99999,US-41,99999999999999999999,0000000,29.21915556,-82.44073056,1,2
12,65,5,21,14,10,1,1,0,0,6,4,0,24,0,1,4,1,2,55,2,2,2,1,0,0,1,1,0,0,14,15,14,21,99,99,0,0,0,0,1,5,1,120849,0,2009,99999,CR-158A,99999999999999999999,0000000,30.50161111,-83.96313056,1,1
12,71,5,21,6,57,2,4,0,0,6,4,0,12,4,1,1,1,2,35,2,1,2,8,0,0,1,1,0,0,6,58,7,5,99,99,0,0,0,0,2,5,0,120850,0,2009,99999,CR-884,99999999999999999999,0000000,26.60970556,-81.64247222,2,1
12,81,5,21,21,47,2,2,0,0,6,4,0,12,4,2,1,1,2,40,1,1,2,1,28,3,3,1,0,0,21,49,21,56,88,88,0,0,0,0,1,5,1,120851,0,2009,99999,38TH AVENUE EAST,31ST STREET EAST,0000000,27.46558611,-82.52386667,2,1
12,23,5,23,9,50,1,5,0,0,6,4,0,34,0,1,4,1,2,55,1,1,2,1,28,3,1,1,0,0,9,53,10,5,88,88,0,0,0,0,1,7,0,120852,0,2009,99999,CR-131,99999999999999999999,0000000,30.00406111,-82.64325833,1,1
12,81,5,23,1,45,2,2,0,0,13,2,0,12,5,2,1,2,2,55,1,1,2,2,28,3,3,1,0,0,1,49,1,53,99,99,0,0,0,0,1,7,2,120853,0,2009,99999,US-301,9TH STREET EAST,0000000,27.46029167,-82.55481944,2,1
12,57,5,24,14,27,2,3,0,1,11,1,0,1,0,1,1,2,2,70,1,1,2,1,0,0,1,1,0,0,14,27,14,38,88,88,0,14,0,0,1,1,0,120854,0,2009,99999,I-75,99999999999999999999,0000000,28.07428889,-82.3527,2,1
12,129,5,20,10,47,2,2,0,0,2,2,0,12,2,1,1,1,2,45,1,1,2,1,28,3,1,1,0,0,10,47,10,50,99,99,0,0,0,0,1,4,0,120855,695,2009,99999,US-319,99999999999999999999,0000000,30.20013611,-84.36890278,2,1
12,111,5,6,15,54,2,3,0,0,13,2,0,27,0,1,4,2,2,55,1,1,2,1,0,0,1,1,0,0,15,55,16,0,99,99,0,0,0,0,2,4,0,120856,0,2009,99999,US-1,99999999999999999999,0000000,27.52523333,-80.35788056,2,1
12,115,5,10,14,45,1,3,0,1,1,1,0,23,0,1,4,2,2,70,1,1,2,1,0,0,1,1,0,0,14,50,14,59,99,99,0,0,0,0,1,1,0,120857,2235,2009,99999,I-75,99999999999999999999,0000000,27.07869167,-82.10619444,1,1
12,115,5,12,23,50,1,2,1,0,6,4,0,8,0,1,1,1,2,40,2,2,2,1,0,0,2,1,0,0,23,52,23,59,88,88,0,0,0,0,1,3,1,120858,0,2009,99999,MCINTOSH RD,99999999999999999999,0000000,27.25084167,-82.476675,1,1
12,109,5,21,1,5,1,3,0,0,6,4,0,18,0,1,1,1,2,55,1,1,2,2,0,0,2,2,0,0,1,15,1,21,88,88,0,0,0,0,3,5,0,120859,0,2009,99999,CR-214,99999999999999999999,0000000,29.86042778,-81.40431389,1,2
12,105,5,11,0,5,1,2,1,0,13,2,0,8,0,8,1,2,2,45,1,1,2,1,0,0,2,1,0,0,0,10,0,17,88,88,0,0,0,0,1,2,0,120860,0,2009,99999,US-17,SR-60,0000000,27.90670833,-81.82961667,1,1
12,111,1,13,11,23,1,2,1,0,13,2,0,8,0,1,1,2,2,40,1,1,2,1,0,0,1,1,0,0,11,23,11,29,99,99,0,0,0,0,1,3,0,120862,1080,2009,99999,US-1,99999999999999999999,0000000,27.40580833,-80.32589444,1,1
12,105,3,5,22,56,2,4,0,0,14,3,0,12,2,2,1,2,2,40,1,1,2,1,3,3,3,1,0,0,22,58,23,5,99,99,0,0,0,0,1,5,0,120863,1690,2009,99999,SR-37,BEACON RD,0000000,28.01856111,-81.95709722,2,1
12,115,3,5,18,50,2,2,0,0,16,6,0,12,2,1,1,1,2,35,1,1,2,1,0,0,2,1,0,4,18,55,19,1,99,99,0,0,0,0,1,5,0,120864,2235,2009,99999,S TOLEDO BLADE BLVD,99999999999999999999,0000000,27.05233333,-82.15744722,2,1
12,86,3,15,21,10,2,3,0,0,6,4,0,1,0,2,1,1,2,30,1,1,2,1,20,3,3,1,0,0,21,10,21,18,88,88,0,0,0,0,1,1,0,120865,0,2009,99999,SW 162ND AVE,SW 304TH ST,0000000,25.48465833,-80.45288056,2,1
12,97,3,23,14,56,1,4,0,0,16,6,0,1,0,1,2,1,2,25,1,1,2,1,0,0,1,1,0,0,15,21,15,25,99,99,0,0,0,0,1,2,0,120866,2700,2009,99999,MUTTER RD,99999999999999999999,0000000,28.23874722,-81.31465278,1,1
12,5,3,24,5,59,1,2,1,1,13,2,0,8,0,2,1,1,4,45,1,1,2,1,28,3,3,1,0,0,6,0,6,8,88,88,0,0,0,0,1,3,0,120867,2450,2009,99999,US-98,FORTUNE AVENUE,0000000,30.17534722,-85.68796944,1,1
12,11,3,28,23,36,1,2,1,0,13,3,0,9,0,2,1,2,3,45,1,1,2,1,3,3,3,1,0,0,23,36,23,40,88,88,0,0,0,0,1,7,0,120868,1050,2009,99999,SR-870,NW 15TH AVENUE,0000000,26.18826389,-80.16324722,1,1
12,99,4,1,13,39,2,3,0,0,15,4,0,12,2,2,1,1,2,35,1,1,2,1,0,0,1,1,0,0,99,99,99,99,88,88,0,0,0,0,1,4,1,120869,0,2009,99999,COUNTY LINE RD,OLD DIXIE HIGHWAY,0000000,26.97060556,-80.09383889,2,1
12,103,4,8,16,12,1,2,1,0,14,3,0,15,0,2,1,2,3,40,1,1,2,1,20,3,1,1,0,0,16,14,16,17,88,88,0,0,0,0,1,4,0,120870,2730,2009,99999,SR-693,MANGO AVENUE SOUTH,0000000,27.76476111,-82.73408611,1,1
12,103,4,12,16,43,1,3,1,0,16,6,0,8,0,1,1,1,2,35,1,1,2,1,0,0,1,1,0,0,99,99,99,99,99,99,0,0,0,0,1,1,0,120871,2730,2009,99999,62ND AVENUE SOUTH,99999999999999999999,0000000,27.71209167,-82.65214167,1,1
12,11,4,15,14,30,2,3,1,0,13,3,0,8,0,1,2,2,3,45,1,1,2,1,28,3,1,1,0,0,14,35,14,40,88,88,0,0,0,0,1,4,0,120872,2916,2009,99999,SR-816,99999999999999999999,0000000,26.16468611,-80.23512778,2,1
12,86,4,15,19,32,1,1,0,0,6,4,0,30,0,1,4,2,2,30,2,1,2,1,0,0,1,1,0,0,19,33,19,38,99,99,0,0,0,0,1,4,0,120873,0,2009,99999,WEST MEADOW LAKE DR,99999999999999999999,0000000,25.71898611,-80.44501111,1,1
12,86,4,18,8,59,2,2,0,0,13,3,0,12,2,2,1,2,2,35,1,1,2,1,3,3,1,1,0,0,8,59,9,3,88,88,0,0,0,0,1,7,0,120874,0,2009,99999,SR-9,NW 27TH AVE,0000000,25.85342222,-80.24193611,2,1
12,86,4,18,21,5,1,1,0,9,99,9,0,33,0,1,4,1,9,99,1,1,2,1,0,0,1,1,0,0,21,5,21,6,99,99,0,0,0,0,1,7,0,120875,1440,2009,99999,831 NE 8TH ST,99999999999999999999,0000000,25.47721389,-80.46698056,1,1
12,86,4,27,5,11,1,6,1,0,6,4,0,8,0,1,1,1,4,35,1,1,2,1,0,0,3,1,0,0,99,99,99,99,99,99,0,0,0,0,1,2,0,120876,0,2009,99999,NW 95TH ST,99999999999999999999,0000000,25.861575,-80.21731667,1,1
12,86,4,29,12,30,4,6,0,0,13,3,0,12,5,2,1,1,4,45,1,1,2,1,3,3,1,1,0,0,12,30,12,35,99,99,0,14,0,0,1,4,0,120877,1340,2009,99999,SR-823,W 60TH ST,0000000,25.87704444,-80.29103056,4,1
12,57,5,2,20,55,1,3,0,0,13,3,0,18,0,1,5,1,2,55,2,2,2,1,0,0,3,1,0,2,20,59,21,15,99,99,0,0,0,0,1,7,0,120878,2950,2009,99999,SR-60,99999999999999999999,0000000,27.94689444,-82.53081944,1,1
12,103,5,3,16,39,1,1,0,0,16,6,0,42,0,1,3,2,1,25,2,1,2,1,0,0,1,1,0,0,16,39,16,43,88,88,0,0,0,0,1,1,1,120879,570,2009,99999,PARK PLACE BLVD,99999999999999999999,0000000,27.96529444,-82.72374722,1,1
12,95,5,4,21,39,5,8,1,1,11,1,0,8,0,2,1,3,4,50,1,2,1,1,0,0,3,1,0,0,21,42,21,45,88,88,0,0,0,0,1,2,0,120880,2360,2009,99999,I-4 EASTBOUND,W. KALEY STREET,0000000,28.52013611,-81.38658611,5,1
12,99,5,6,21,21,2,2,0,0,12,6,0,12,4,3,1,2,3,45,1,1,2,1,28,3,3,1,0,0,21,21,21,25,88,88,0,0,0,0,1,4,1,120881,330,2009,99999,S CR-807,W. WOOLBRIGHT ROAD,0000000,26.52062778,-80.09029444,2,1
12,31,5,10,22,5,1,2,0,0,16,6,0,34,0,1,4,1,2,35,2,1,2,1,0,0,3,1,0,0,22,10,22,20,99,99,0,0,0,0,1,1,1,120882,1510,2009,99999,PECAN PARK ROAD,99999999999999999999,0000000,30.51775833,-81.62678611,1,1
12,11,5,16,15,15,1,1,0,0,13,3,0,30,0,1,4,2,3,45,1,1,2,1,0,0,1,1,0,0,99,99,99,99,99,99,0,0,0,0,1,7,0,120883,1050,2009,99999,SR-845,99999999999999999999,0000000,26.19154167,-80.15521389,1,1
12,21,5,17,16,23,3,5,0,0,16,6,0,12,5,1,1,1,2,45,1,1,4,2,0,0,1,2,0,0,16,25,16,28,99,99,0,0,0,0,2,1,0,120884,9999,2009,99999,COUNTY BARN ROAD,99999999999999999999,0000000,26.13428611,-81.73033611,3,2
12,11,5,3,10,42,1,1,0,1,12,3,0,24,0,1,4,2,3,65,1,1,2,1,28,3,1,1,0,0,10,45,10,45,88,88,0,0,0,0,1,1,1,120888,0,2009,99999,SR-869,99999999999999999999,0000000,26.233725,-80.29596111,1,1
12,99,5,15,23,7,1,1,0,1,12,3,0,57,0,1,4,3,3,65,1,1,2,1,28,3,2,1,0,0,23,8,23,23,88,88,0,0,0,0,1,6,1,120889,0,2009,99999,SR-91,99999999999999999999,0000000,26.35338333,-80.17070833,1,1
12,127,5,16,13,15,2,3,0,0,3,3,0,12,5,1,1,1,2,55,1,1,2,2,0,0,1,2,0,0,99,99,99,99,99,99,0,0,0,0,1,7,0,120890,0,2009,99999,SR-415,99999999999999999999,0000000,28.94062778,-81.10424444,2,2
12,95,5,16,21,2,2,2,0,0,14,3,0,12,5,2,1,2,3,45,1,1,2,1,3,3,2,1,0,0,21,1,21,7,99,99,0,0,0,0,1,7,0,120891,0,2009,99999,SR-423,SR-408,0000000,28.54278056,-81.4138,2,1
12,127,5,17,13,59,1,2,0,1,11,1,0,42,0,1,4,2,3,70,1,1,2,1,0,0,1,1,0,0,13,56,14,3,99,99,0,0,0,0,1,1,0,120892,0,2009,99999,I-95,99999999999999999999,0000000,29.20593056,-81.09845556,1,1
12,1,5,19,7,25,2,3,0,1,1,1,0,12,1,1,1,2,3,70,1,1,2,2,0,0,1,2,0,0,7,29,7,39,88,88,0,0,0,0,1,3,0,120893,0,2009,99999,I-75,99999999999999999999,0000000,29.54321944,-82.33265833,2,2
12,86,5,19,4,45,2,2,0,0,13,2,0,12,5,2,1,2,3,45,1,1,2,2,3,3,3,1,0,0,4,49,4,54,99,99,0,0,0,0,1,3,0,120894,0,2009,99999,US-41,SW 122ND AVE,0000000,25.76089167,-80.39278056,2,1
12,55,5,20,10,18,2,3,0,1,2,3,0,12,2,1,1,1,2,60,1,1,2,1,0,0,1,1,0,0,10,19,10,30,99,99,0,0,0,0,2,4,0,120895,0,2009,99999,SR-70,99999999999999999999,0000000,27.20875833,-81.40536667,2,1
12,55,5,23,23,37,1,2,1,0,6,4,0,8,0,1,1,1,2,45,2,2,2,1,0,0,2,1,0,0,23,37,23,44,99,99,0,0,0,0,1,7,0,120896,0,2009,99999,LAKE DRIVE EAST,99999999999999999999,0000000,27.28571111,-81.36490278,1,1
12,115,5,24,2,15,2,3,0,0,3,3,0,12,6,1,1,1,2,55,2,1,2,1,0,0,2,1,0,0,2,20,2,33,99,99,0,0,0,0,2,1,1,120897,0,2009,99999,SR-72,99999999999999999999,0000000,27.24615,-82.36011389,2,1
12,95,5,24,2,29,1,2,0,0,6,4,0,33,0,1,4,1,2,35,2,1,2,1,0,0,3,1,0,0,2,27,2,32,99,99,0,0,0,0,1,1,1,120898,0,2009,99999,LAKE ELLENOR DR,99999999999999999999,0000000,28.46225833,-81.40267778,1,1
12,86,5,26,14,56,2,4,0,0,14,3,0,12,5,2,1,3,5,40,1,1,2,2,3,3,1,2,0,0,14,56,15,0,99,99,0,0,0,0,1,3,0,120899,0,2009,99999,SR-973,SR-973,0000000,25.71671111,-80.33499167,2,2
12,71,5,27,9,33,1,1,0,1,11,1,0,30,0,1,4,3,2,70,1,1,2,1,0,0,1,1,0,0,9,34,9,42,99,99,0,0,0,0,1,4,0,120900,0,2009,99999,I-75,99999999999999999999,0000000,26.49866667,-81.79431944,1,1
12,61,5,28,12,21,1,2,0,1,1,1,0,42,0,1,4,2,2,70,1,1,2,1,28,3,1,1,0,0,12,50,12,58,99,99,0,0,0,0,1,5,0,120901,0,2009,99999,I-95,99999999999999999999,0000000,27.67455833,-80.53193056,1,1
12,15,5,28,21,55,2,9,0,0,3,3,0,12,2,1,1,1,2,60,1,1,2,1,28,3,2,1,0,0,21,57,22,3,99,99,0,0,0,0,1,5,1,120902,0,2009,99999,SR-31,99999999999999999999,0000000,26.80076389,-81.76039444,2,1
12,107,5,28,21,0,1,1,0,0,3,3,0,42,0,1,4,1,2,45,2,1,2,1,28,3,3,1,0,0,21,6,21,12,88,88,0,0,0,0,1,5,1,120903,1184,2009,99999,SR-100,99999999999999999999,0000000,29.72783611,-81.91806389,1,1
12,101,5,28,16,39,1,1,0,0,2,2,0,32,0,1,4,2,2,55,1,1,2,1,0,0,1,1,0,0,16,41,16,45,88,88,0,0,0,0,1,5,0,120904,0,2009,99999,US-301,99999999999999999999,0000000,28.32083889,-82.18772778,1,1
12,55,5,30,12,50,1,3,0,0,2,2,0,37,0,1,4,1,2,55,2,2,2,1,0,0,1,1,0,0,12,52,12,55,99,99,0,0,0,0,1,7,0,120905,0,2009,99999,US-98,99999999999999999999,0000000,27.42746111,-81.41017222,1,1
12,31,5,31,8,54,1,1,0,1,12,3,0,27,0,1,4,3,4,65,1,1,1,1,28,3,1,1,0,0,8,56,9,0,88,88,0,0,0,0,1,1,0,120906,1510,2009,99999,SR-9A,99999999999999999999,0000000,30.46709722,-81.64712778,1,1
12,9,5,31,3,15,1,1,0,0,6,4,0,25,0,1,3,3,2,45,2,1,2,1,28,3,3,1,0,0,3,19,3,23,99,99,0,0,0,0,1,1,1,120907,0,2009,99999,MINTON RD,99999999999999999999,0000000,28.05720278,-80.67128889,1,1
12,95,5,31,0,25,1,2,0,0,6,4,0,25,0,1,4,2,3,45,2,2,2,1,28,3,2,1,0,0,0,26,0,26,99,99,0,0,0,0,1,1,1,120908,0,2009,99999,S ORANGE AVE,99999999999999999999,0000000,28.40668056,-81.375175,1,1
12,101,6,1,2,10,1,2,0,0,6,4,0,53,0,1,4,1,2,30,1,1,2,1,28,3,3,1,0,0,2,10,2,16,99,99,0,0,0,0,1,2,1,120909,0,2009,99999,ROSELAWN DR,99999999999999999999,0000000,28.18994444,-82.74810556,1,1
12,31,6,2,22,30,2,3,0,0,12,3,0,12,5,2,1,2,3,45,1,1,2,1,3,3,3,1,0,0,22,23,22,34,99,99,0,0,0,0,1,3,1,120910,1510,2009,99999,SR-115,SR-115,0000000,30.319675,-81.55880278,2,1
12,69,6,2,11,50,1,9,0,1,2,3,0,1,0,1,3,2,2,70,1,1,2,1,28,3,1,1,0,0,11,53,11,59,99,99,0,0,0,0,2,3,0,120911,0,2009,99999,SR-91,99999999999999999999,0000000,28.69188611,-81.87198333,1,1
12,101,6,3,15,37,3,4,0,0,6,4,0,12,5,1,1,1,2,50,1,1,2,1,28,3,1,1,0,0,15,38,15,44,99,99,0,0,0,0,1,4,0,120912,0,2009,99999,CR-587,99999999999999999999,0000000,28.33464167,-82.60233889,3,1
12,103,6,4,20,56,2,2,0,0,6,4,0,12,5,2,1,2,2,45,1,1,2,1,28,3,3,1,0,0,20,57,21,1,99,99,0,0,0,0,1,5,1,120913,0,2009,99999,CR-1,109TH AVE,0000000,27.8708,-82.76227778,2,1
12,31,6,4,22,33,1,2,1,1,11,1,0,8,0,1,1,2,2,65,1,1,2,1,28,3,2,1,0,0,0,20,0,25,88,88,0,0,0,0,1,5,0,120914,1510,2009,99999,I-295,99999999999999999999,0000000,30.45263333,-81.65163611,1,1
12,49,6,5,11,30,2,2,0,1,13,2,0,12,1,1,1,2,2,65,1,1,2,1,28,3,1,1,0,0,11,30,11,37,88,88,0,0,0,0,1,6,0,120915,0,2009,99999,US-17,99999999999999999999,0000000,27.60008611,-81.82349167,2,1
12,57,6,6,12,11,2,4,0,0,13,3,0,12,5,2,1,2,2,50,1,1,2,1,20,3,1,1,0,0,12,13,12,17,99,99,0,0,0,0,1,7,0,120916,2675,2009,99999,SR-674,SE 15TH ST,0000000,27.712975,-82.41464722,2,1
12,117,5,2,22,53,1,1,0,0,16,6,0,38,0,1,4,1,2,25,2,1,2,1,28,3,3,1,0,0,22,54,22,56,88,88,0,0,0,0,1,7,0,120918,1840,2009,99999,W. WARREN AVENUE,99999999999999999999,0000000,28.70011111,-81.35533056,1,1
12,61,5,20,12,42,1,4,0,1,2,3,0,1,0,1,2,3,2,65,1,1,2,1,28,3,1,1,0,0,12,45,12,51,99,99,0,0,0,0,2,4,0,120920,0,2009,99999,SR-60,99999999999999999999,0000000,27.63999722,-80.59424444,1,1
12,117,5,29,18,17,1,2,1,0,6,4,0,8,0,1,1,1,4,40,1,1,2,1,28,3,1,1,0,0,99,99,18,18,99,99,0,0,0,0,1,6,0,120921,0,2009,99999,HOWELL BRANCH ROAD,99999999999999999999,0000000,28.62515556,-81.32059444,1,1
12,127,5,29,6,27,2,2,0,0,2,2,0,12,5,2,1,3,2,30,1,1,2,1,28,3,1,1,0,0,6,32,6,45,99,99,0,0,0,0,1,6,0,120922,0,2009,99999,US-17,GENERAL CUSTER AVE,0000000,29.13697222,-81.13808889,2,1
12,31,5,31,21,6,2,2,0,1,11,1,0,12,3,1,1,3,3,55,2,2,2,1,28,3,3,1,0,0,21,7,21,13,99,99,0,0,0,0,1,1,1,120924,1510,2009,99999,I-95,99999999999999999999,0000000,30.38941389,-81.66787778,2,1
12,119,5,31,11,37,2,4,0,0,6,4,0,12,5,1,1,1,2,55,1,1,2,1,28,3,1,1,0,0,11,38,11,46,99,99,0,0,0,0,1,1,0,120925,0,2009,99999,CR-475,CR-314,0000000,28.69049167,-82.10989167,2,1
12,115,6,2,0,55,2,2,0,1,1,1,0,12,2,1,1,2,2,70,1,1,2,1,28,3,2,1,0,0,0,57,1,11,99,99,0,0,0,0,1,3,0,120926,0,2009,99999,I-75,99999999999999999999,0000000,27.10916944,-82.3683,2,1
12,115,6,6,22,26,1,4,1,0,13,2,0,9,0,2,1,2,3,30,1,1,2,1,3,3,3,1,0,0,22,27,22,31,99,99,0,0,0,0,1,7,0,120928,0,2009,99999,US-41,ALLIGATOR DR,0000000,27.05618611,-82.41208056,1,1
12,79,5,30,16,33,1,2,0,1,1,1,0,1,0,1,4,2,2,70,2,2,2,1,0,0,1,1,0,0,16,32,16,41,99,99,0,0,0,0,1,7,0,120929,0,2009,99999,I-10,99999999999999999999,0000000,30.43539167,-83.48823889,1,1
12,31,6,5,8,25,1,9,0,1,11,1,0,1,0,1,2,2,2,65,1,1,2,2,0,0,1,1,0,0,8,26,8,30,99,99,0,0,0,0,4,6,0,120930,1510,2009,99999,I-295,99999999999999999999,0000000,30.40674722,-81.75304444,1,1
12,86,2,15,6,30,3,3,0,0,16,6,0,30,0,1,4,1,4,35,1,1,2,1,0,0,4,1,0,0,6,31,6,38,99,99,0,14,0,0,1,1,1,120931,2010,2009,99999,NW 37TH AVE,99999999999999999999,0000000,25.95198611,-80.26191944,1,1
12,97,3,30,2,35,1,2,0,0,6,4,0,32,0,1,4,2,2,45,1,1,2,1,0,0,2,1,0,0,2,36,2,42,99,99,0,0,0,0,2,2,1,120932,0,2009,99999,JOHN YOUNG PKWY,99999999999999999999,0000000,28.33520833,-81.41876944,1,1
12,97,4,16,5,37,1,1,0,0,16,6,0,38,0,1,4,1,2,40,2,1,2,1,0,0,2,1,0,0,5,37,5,42,88,88,0,0,0,0,1,5,0,120933,1590,2009,99999,W CARROLL ST,99999999999999999999,0000000,28.32467778,-81.42610278,1,1
12,86,4,18,21,43,1,2,1,0,14,3,0,8,0,1,1,1,2,45,1,1,2,1,0,0,3,1,0,0,21,43,21,52,99,99,0,0,0,0,1,7,0,120934,1030,2009,99999,SR-9336,99999999999999999999,0000000,25.44781667,-80.4913,1,1
12,119,4,27,6,23,1,1,0,0,13,2,0,30,0,1,4,1,2,45,1,2,2,1,0,0,4,1,0,0,6,23,6,34,88,88,0,0,0,0,1,2,0,120935,3230,2009,99999,US-301,99999999999999999999,0000000,28.83698889,-82.04542222,1,1
12,86,5,6,22,11,1,1,0,0,16,6,0,1,0,1,1,1,2,30,1,1,2,1,0,0,3,1,0,0,22,15,22,16,99,99,0,0,0,0,1,4,0,120936,1340,2009,99999,W 84TH ST,99999999999999999999,0000000,25.89752778,-80.33476111,1,1
12,109,5,14,99,99,1,1,0,0,14,3,0,1,0,1,4,1,2,40,2,1,2,1,0,0,3,1,0,0,6,38,7,2,88,88,0,0,0,0,1,5,1,120937,2690,2009,99999,SR-A1A,99999999999999999999,0000000,29.86199167,-81.28161944,1,1
12,11,5,15,4,24,1,1,0,0,13,3,0,42,0,1,4,2,3,40,2,1,2,1,0,0,3,1,0,0,4,25,4,31,88,88,0,0,0,0,1,6,1,120938,672,2009,99999,SR-817,99999999999999999999,0000000,26.25909722,-80.24990278,1,1
12,103,5,19,11,1,1,1,0,0,13,3,0,30,0,1,4,2,3,45,1,1,2,1,0,0,1,1,0,0,11,1,11,3,99,99,0,0,0,0,1,3,0,120939,570,2009,99999,SR-580,99999999999999999999,0000000,28.01959444,-82.71954167,1,1
12,21,5,23,10,34,8,8,0,0,6,6,0,12,1,1,1,2,3,45,1,1,2,1,0,0,1,1,0,0,10,34,10,39,99,99,0,0,0,0,1,7,0,120940,0,2009,99999,PINE RIDGE RD,99999999999999999999,0000000,26.21161667,-81.74431111,8,1
12,91,5,25,8,53,1,1,0,0,16,6,0,34,0,1,4,2,2,35,2,1,2,1,0,0,1,1,0,0,8,51,8,54,99,99,0,0,0,0,1,2,0,120941,835,2009,99999,AIRPORT RD,99999999999999999999,0000000,30.39559722,-86.47015833,1,1
12,99,5,26,14,20,1,4,1,0,6,4,0,8,0,1,2,1,2,40,1,1,2,1,28,3,1,1,0,0,14,22,14,34,99,99,0,0,0,0,1,3,0,120942,0,2009,99999,SYCAMORE BLVD,99999999999999999999,0000000,26.73855833,-80.33412222,1,1
12,105,5,26,14,35,2,2,0,1,2,3,0,12,7,1,1,2,2,65,1,1,2,2,0,0,1,2,0,0,14,35,14,40,88,88,0,0,0,0,1,3,1,120943,0,2009,99999,SR-60,99999999999999999999,0000000,27.89439167,-81.9408,2,2
12,11,5,29,8,20,1,2,0,0,13,3,0,42,0,1,3,2,2,45,1,1,2,1,0,0,1,1,0,0,8,23,8,27,99,99,0,0,0,0,1,6,0,120944,2468,2009,99999,SR-820,99999999999999999999,0000000,26.00841667,-80.32839444,1,1
12,69,6,7,18,47,3,3,0,0,13,2,0,12,1,3,1,3,2,55,1,1,2,1,2,3,1,1,0,0,99,99,18,50,99,99,0,0,0,0,1,1,1,120945,2130,2009,99999,US-441,LIMIT AVENUE,0000000,28.81521111,-81.64485278,3,1
12,86,6,7,22,42,2,2,0,0,16,6,0,12,4,2,1,2,2,40,1,1,2,1,3,3,3,1,0,0,22,44,22,49,88,88,0,0,0,0,1,1,0,120946,2010,2009,99999,NW 37TH AVENUE,NW 11TH STREET,0000000,25.78266111,-80.25578056,2,1
12,86,6,13,18,5,3,4,0,0,14,3,0,12,1,2,1,1,4,40,1,2,2,1,0,0,1,1,0,0,99,99,18,11,99,99,0,0,0,0,1,7,0,120947,2010,2009,99999,SR-959,NW 57TH AVENUE,0000000,25.77437222,-80.28826944,3,1
12,111,2,5,11,18,1,1,0,0,15,6,0,1,0,1,1,1,2,30,1,1,2,1,0,0,1,1,0,0,11,21,11,28,88,88,0,0,0,0,1,5,0,120948,2601,2009,99999,SE SANDIA DR,99999999999999999999,0000000,27.291925,-80.33960556,1,1
12,103,2,8,18,45,2,2,0,0,14,3,0,12,2,2,1,2,2,35,1,1,2,1,3,3,5,1,0,0,18,45,18,47,99,99,0,0,0,0,1,1,1,120949,2740,2009,99999,SR-699,44TH AVE,0000000,27.71869444,-82.73928056,2,1
12,127,2,13,15,0,3,1,0,0,13,2,0,37,0,1,4,1,2,5,1,2,2,1,99,9,1,1,0,0,99,99,99,99,99,99,0,0,0,0,1,6,0,120950,0,2009,99999,US-17,99999999999999999999,0000000,29.00736111,-81.30269167,1,1
12,86,2,25,8,43,1,2,1,0,16,6,0,8,0,1,1,1,2,35,1,1,2,1,0,0,1,1,0,0,99,99,99,99,99,99,0,0,0,0,1,4,0,120951,670,2009,99999,CORAL WAY,99999999999999999999,0000000,25.74860556,-80.28198056,1,1
12,53,3,17,17,14,2,7,0,0,6,4,0,12,5,2,1,2,2,35,1,1,2,1,20,3,1,1,0,0,99,99,99,99,99,99,0,0,0,0,1,3,0,120952,0,2009,99999,SPRING HILL DR,LINDEN DR,0000000,28.46105278,-82.5339,2,1
12,7,6,10,16,50,2,2,0,1,2,2,0,12,1,1,1,2,2,65,1,1,2,1,28,3,1,1,0,0,16,55,16,58,88,88,0,0,0,0,1,4,0,120953,0,2009,99999,US-301,99999999999999999999,0000000,30.08160278,-82.06325278,2,1
12,86,4,1,14,55,1,3,0,0,16,6,0,42,0,1,4,2,2,40,1,1,2,1,0,0,1,1,0,0,99,99,99,99,99,99,0,0,0,0,1,4,0,120955,0,2009,99999,SW 137TH AVENUE,99999999999999999999,0000000,25.69041111,-80.4156,1,1
12,55,4,1,15,20,4,7,0,1,13,2,0,12,5,2,1,2,3,45,1,1,2,1,3,3,1,1,0,0,99,99,99,99,99,99,0,0,0,0,1,4,0,120956,130,2009,99999,US-27,SR-64,0000000,27.59559167,-81.51448889,4,1
12,31,4,3,0,19,1,2,0,0,16,6,0,42,0,1,4,1,2,35,1,1,2,2,0,0,3,1,0,0,0,20,0,22,99,99,0,0,0,0,1,6,1,120957,1510,2009,99999,CROWN POINT ROAD,99999999999999999999,0000000,30.195425,-81.61433611,1,1