STATE,COUNTY,MONTH,DAY,HOUR,MINUTE,VE_TOTAL,PERSONS,PEDS,NHS,ROAD_FNC,ROUTE,SP_JUR,HARM_EV,MAN_COLL,REL_JUNC,REL_ROAD,TRAF_FLO,NO_LANES,SP_LIMIT,ALIGNMNT,PROFILE,PAVE_TYP,SUR_COND,TRA_CONT,T_CONT_F,LGT_COND,WEATHER1,WEATHER2,WRK_ZONE,NOT_HOUR,NOT_MIN,ARR_HOUR,ARR_MIN,HOSP_HR,HOSP_MN,SCH_BUS,CF1,CF2,CF3,FATALS,DAY_WEEK,DRUNK_DR,ST_CASE,CITY,YEAR,MILEPT,TWAY_ID,TWAY_ID2,RAIL,LATITUDE,LONGITUD,VE_FORMS,WEATHER
12,61,4,5,0,0,2,1,0,1,1,1,0,14,1,1,4,2,2,70,1,1,2,1,0,0,2,1,0,0,99,99,99,99,99,99,0,0,0,0,1,1,0,120958,0,2009,99999,I-95,99999999999999999999,0000000,27.69466111,-80.53811111,1,1
12,111,4,6,15,18,1,3,0,1,11,1,0,1,0,1,1,2,2,70,1,1,2,1,0,0,1,6,0,0,15,33,15,40,99,99,0,0,0,0,1,2,0,120959,0,2009,99999,I-95,99999999999999999999,0000000,27.53384722,-80.46064722,1,6
12,95,4,8,21,6,1,2,0,1,11,1,0,25,0,13,4,6,1,45,2,2,2,1,0,0,3,1,0,0,21,7,21,14,99,99,0,0,0,0,1,4,0,120960,2360,2009,99999,I-4,SR-408,0000000,28.535125,-81.3832,1,1
12,86,4,8,20,33,1,2,0,1,12,3,0,27,0,1,3,2,3,60,1,1,1,1,28,3,3,1,0,0,99,99,99,99,99,99,0,0,0,0,1,4,0,120961,0,2009,99999,SR-924,99999999999999999999,0000000,25.89713056,-80.29993889,1,1
12,9,4,10,0,6,1,1,0,0,16,6,0,33,0,1,4,1,3,40,2,1,2,1,0,0,3,1,0,0,0,6,0,6,99,99,0,0,0,0,1,6,1,120962,2424,2009,99999,1170 SE WACO BLVD,99999999999999999999,0000000,27.96646944,-80.63673056,1,1
12,23,4,10,21,40,1,2,0,0,6,4,0,32,0,1,4,1,2,45,2,1,2,1,0,0,2,1,0,0,99,99,99,99,99,99,0,0,0,0,1,6,1,120963,0,2009,99999,CR-133,99999999999999999999,0000000,30.09759444,-82.59416389,1,1
12,86,4,11,19,10,1,3,1,1,13,2,0,8,0,1,1,2,2,35,1,1,2,1,28,3,2,1,0,0,99,99,99,99,99,99,0,0,0,0,1,7,0,120964,0,2009,99999,US-1,99999999999999999999,0000000,25.49751667,-80.448675,1,1
12,86,4,16,10,29,1,2,1,0,6,4,0,8,0,1,1,1,2,35,1,1,2,1,20,3,1,1,0,0,99,99,99,99,99,99,0,0,0,0,1,5,0,120965,0,2009,99999,SW 72ND AVE,99999999999999999999,0000000,25.71254722,-80.31020833,1,1
12,117,4,18,13,40,2,2,0,0,6,4,0,12,5,2,1,2,3,25,2,1,2,1,20,3,1,1,0,0,99,99,99,99,99,99,0,0,0,0,1,7,0,120966,0,2009,99999,RED BUG LK RD,PINEMIRE DR,0000000,28.65012778,-81.243275,2,1
12,95,4,18,22,45,2,2,0,0,13,3,0,12,1,1,1,2,2,45,1,1,2,1,0,0,2,1,0,1,99,99,99,99,99,99,0,0,0,0,1,7,0,120967,0,2009,99999,SR-50,99999999999999999999,0000000,28.56845833,-81.25584167,2,1
12,73,4,21,5,44,2,2,0,0,14,3,0,12,2,2,1,1,2,35,1,1,2,1,28,3,4,1,0,0,5,47,5,53,99,99,0,0,0,0,1,3,0,120968,2940,2009,99999,SR-155,N MERIDIAN RD,0000000,30.47462222,-84.27725,2,1
12,57,4,21,11,28,2,4,0,0,6,4,0,12,5,1,1,1,2,40,1,1,2,1,0,0,1,1,0,0,99,99,99,99,99,99,0,0,0,0,1,3,0,120969,0,2009,99999,BENJAMIN RD,99999999999999999999,0000000,28.00368611,-82.54201944,2,1
12,95,4,21,20,16,1,4,1,0,14,3,0,8,0,1,1,2,2,35,1,1,2,1,0,0,5,1,0,0,99,99,99,99,99,99,0,0,0,0,1,3,0,120970,0,2009,99999,SR-15,99999999999999999999,0000000,28.51593333,-81.33107778,1,1
12,49,4,26,13,50,2,2,0,1,13,2,0,12,7,1,1,3,2,60,1,1,2,1,28,3,1,1,0,0,99,99,99,99,99,99,0,0,0,0,1,1,0,120971,0,2009,99999,US-17,99999999999999999999,0000000,26.93919167,-82.02485278,2,1
12,63,5,3,21,51,2,3,0,1,1,1,0,12,1,1,1,2,2,70,1,1,2,2,28,3,2,1,0,0,99,99,22,0,99,99,0,0,0,0,1,1,0,120972,0,2009,99999,I-10,99999999999999999999,0000000,30.63920556,-84.96126667,2,1
12,95,5,5,12,52,2,3,0,0,13,3,0,12,5,2,1,2,3,45,1,1,2,1,3,3,1,1,0,0,99,99,99,99,99,99,0,0,0,0,1,3,0,120973,2360,2009,99999,SR-436,GRANT ST,0000000,28.517125,-81.31046389,2,1
12,15,5,5,3,0,2,3,0,1,1,1,0,12,1,1,1,2,2,70,1,1,2,1,0,0,3,1,0,0,3,1,3,13,99,99,0,0,0,0,1,3,0,120974,0,2009,99999,I-75,99999999999999999999,0000000,26.89947222,-82.00656667,2,1
12,27,5,6,23,51,2,2,0,1,2,2,0,12,2,1,1,1,2,60,1,1,2,1,0,0,2,1,0,0,99,99,99,99,99,99,0,0,0,0,1,4,0,120975,0,2009,99999,US-17,99999999999999999999,0000000,27.12618333,-81.90955,2,1
12,63,5,6,15,30,1,1,0,0,6,4,0,3,0,1,4,1,2,55,1,1,2,1,0,0,1,1,0,0,99,99,99,99,99,99,0,0,0,0,1,4,0,120976,0,2009,99999,CR-271,99999999999999999999,0000000,30.79905833,-84.94388333,1,1
12,83,5,8,11,58,2,4,0,0,13,3,0,12,5,2,1,2,2,45,1,1,2,1,20,3,1,1,0,0,99,99,99,99,99,99,0,0,0,0,1,6,0,120977,2270,2009,99999,SR-40,NE 30TH AVE,0000000,29.192475,-82.09496667,2,1
12,71,5,9,14,12,2,6,0,0,6,4,0,12,2,1,1,1,2,45,2,1,2,1,0,0,1,1,0,0,14,12,14,19,99,99,0,0,0,0,1,7,0,120978,0,2009,99999,BUCKINGHAM RD,99999999999999999999,0000000,26.64663333,-81.71803611,2,1
12,99,5,10,15,13,1,1,0,0,12,6,0,30,0,1,4,2,3,45,1,1,2,1,0,0,1,1,0,0,99,99,99,99,99,99,0,0,0,0,1,1,0,120979,0,2009,99999,JOG RD,99999999999999999999,0000000,,,1,1
12,31,5,11,17,30,1,1,0,0,16,6,0,38,0,1,4,1,2,30,2,2,2,1,0,0,1,1,0,0,17,36,17,50,99,99,0,0,0,0,1,2,1,120980,1510,2009,99999,PEACH DR,99999999999999999999,0000000,30.30436111,-81.54941389,1,1
12,97,5,11,18,59,1,1,0,1,12,3,0,30,0,1,4,2,2,70,1,1,2,2,0,0,1,1,0,0,19,4,19,11,88,88,0,0,0,0,1,2,0,120981,0,2009,99999,SR-91,99999999999999999999,0000000,28.25719722,-81.33153056,1,1
12,105,5,12,6,5,2,2,0,1,2,3,0,12,6,2,1,2,2,65,1,1,2,1,20,3,4,1,0,0,99,99,99,99,99,99,0,0,0,0,1,3,0,120982,0,2009,99999,SR-60,CITROSUCO PLANT ENTR,0000000,27.89421944,-81.49845,2,1
12,31,5,16,20,30,1,1,0,1,11,1,0,42,0,5,4,6,1,65,2,2,2,1,0,0,3,1,0,0,20,31,20,45,88,88,0,0,0,0,1,7,1,120983,1510,2009,99999,I-95,I-95,0000000,30.46003889,-81.65738611,1,1
12,99,5,16,14,10,3,8,0,0,6,4,0,12,5,2,1,1,2,35,1,1,2,1,3,3,1,1,0,0,99,99,99,99,99,99,0,0,0,0,1,7,0,120984,0,2009,99999,EL CLAIR RANCH RD,LAKE IDA RD,0000000,26.46916389,-80.13880278,3,1
12,99,5,16,10,43,1,2,1,0,14,3,0,8,0,3,1,2,2,35,1,1,2,1,3,3,1,1,0,0,10,43,10,47,99,99,0,0,0,0,1,7,0,120985,1750,2009,99999,SR-802,AKRON STREET,0000000,26.61681111,-80.07103889,1,1
12,53,5,18,4,48,2,2,0,1,1,1,0,12,1,1,1,2,2,70,1,1,2,2,28,3,2,1,0,0,99,99,99,99,99,99,0,0,0,0,1,2,1,120986,0,2009,99999,I-75,99999999999999999999,0000000,28.47231389,-82.26322222,2,1
12,57,5,19,10,4,2,2,0,0,6,4,0,12,5,2,1,1,2,45,1,1,2,2,3,3,1,2,0,0,99,99,99,99,99,99,0,0,0,0,1,3,0,120987,0,2009,99999,UNIVERSITY SQUARE DR,CR-581,0000000,28.05698333,-82.42614444,2,2
12,23,5,22,17,50,1,1,0,1,1,1,0,24,0,1,4,3,3,70,2,2,2,2,28,3,1,2,0,0,17,53,18,7,88,88,0,0,0,0,1,6,0,120989,0,2009,99999,I-75,99999999999999999999,0000000,30.00103333,-82.59726389,1,2
12,15,5,26,18,5,1,2,0,1,1,1,0,41,0,1,4,2,2,70,1,1,2,1,28,3,1,1,0,0,18,8,18,24,99,99,0,0,0,0,1,3,0,120990,0,2009,99999,I-75,99999999999999999999,0000000,26.77350556,-81.88453611,1,1
12,121,5,30,15,55,1,2,0,0,6,4,0,1,0,1,2,1,2,55,2,1,2,1,28,3,1,1,0,0,99,99,99,99,99,99,0,0,0,0,1,7,0,120991,0,2009,99999,CR-49,99999999999999999999,0000000,30.21430556,-82.92775,1,1
12,7,5,31,0,25,1,2,1,1,13,2,0,8,0,1,1,2,2,65,1,1,2,1,28,3,2,1,0,0,0,52,0,57,88,88,0,0,0,0,1,1,0,120992,0,2009,99999,US-301,99999999999999999999,0000000,29.98016944,-82.09946944,1,1
12,53,6,1,23,7,2,2,0,1,2,2,0,12,2,1,1,2,2,60,1,1,2,1,0,0,2,1,0,0,23,8,23,20,88,88,0,0,0,0,2,2,1,120993,0,2009,99999,US-19,99999999999999999999,0000000,28.67184722,-82.55246111,2,1
12,97,6,2,20,15,1,1,0,0,6,4,0,24,0,1,4,1,2,55,1,1,2,1,28,3,2,1,0,0,20,17,20,22,99,99,0,0,0,0,1,3,1,120994,0,2009,99999,CR-532,99999999999999999999,0000000,28.27278889,-81.185875,1,1
12,57,6,2,8,22,1,1,0,1,12,3,0,29,0,1,4,3,2,60,2,1,2,1,28,3,1,1,0,0,99,99,20,22,99,99,0,0,0,0,1,3,0,120995,0,2009,99999,SR-589,99999999999999999999,0000000,28.06731111,-82.56646389,1,1
12,86,6,4,6,37,2,2,0,0,13,3,0,12,2,1,1,5,3,45,1,1,2,1,0,0,1,1,0,0,99,99,6,39,88,88,0,0,0,0,1,5,0,120996,2655,2009,99999,SR-992,99999999999999999999,0000000,25.62755,-80.37633333,2,1
12,95,6,4,21,18,1,2,1,0,13,2,0,8,0,1,1,5,6,45,1,1,2,2,0,0,3,1,0,0,21,20,21,22,99,99,0,0,0,0,1,5,0,120997,0,2009,99999,US-17,99999999999999999999,0000000,28.49781667,-81.39688889,1,1
12,127,6,5,21,55,1,5,1,0,13,3,0,8,0,1,1,1,4,45,1,1,2,1,0,0,2,1,0,0,99,99,99,99,99,99,0,0,0,0,1,6,0,120998,2190,2009,99999,SR-44,99999999999999999999,0000000,29.01371667,-80.94480833,1,1
12,73,6,5,16,40,1,2,0,1,1,1,0,24,0,1,4,2,2,70,1,1,2,2,0,0,1,2,0,0,16,50,17,7,99,99,0,0,0,0,1,6,0,120999,0,2009,99999,I-10,99999999999999999999,0000000,30.47915278,-84.06051667,1,2
12,71,6,6,22,15,1,2,0,0,16,6,0,34,0,1,4,1,2,30,2,1,2,1,0,0,3,1,0,0,22,16,22,19,99,99,0,0,0,0,1,7,0,121000,312,2009,99999,MOUNTAIN VIEW DR,99999999999999999999,0000000,26.38300833,-81.78986667,1,1
12,95,6,7,15,47,2,3,0,0,6,4,0,12,1,1,1,1,2,35,2,1,2,2,0,0,1,2,0,0,15,49,15,57,99,99,0,0,0,0,2,1,0,121001,0,2009,99999,PONKAN RD,99999999999999999999,0000000,28.72831667,-81.55018333,2,2
12,107,6,8,6,35,2,3,0,0,2,3,0,12,2,1,1,1,2,60,1,1,2,1,0,0,1,1,0,0,6,42,6,54,99,99,0,0,0,0,2,2,0,121002,0,2009,99999,SR-100,99999999999999999999,0000000,29.56296944,-81.54284444,2,1
12,111,6,8,13,9,1,4,0,1,11,1,0,1,0,1,3,2,2,70,1,1,2,2,0,0,1,2,0,0,99,99,99,99,99,99,0,0,0,0,1,2,0,121003,0,2009,99999,I-95,99999999999999999999,0000000,27.49458611,-80.43940556,1,2
12,95,6,9,8,10,1,1,0,1,11,1,0,42,0,5,4,6,2,65,2,1,2,1,0,0,1,1,0,0,99,99,99,99,99,99,0,0,0,0,1,3,0,121004,1645,2009,99999,I-4,EPCOT CENTER DR,0000000,28.36106667,-81.51916667,1,1
12,57,6,10,2,0,1,2,1,1,13,3,0,8,0,1,1,2,2,50,1,1,2,1,28,3,3,1,0,0,2,2,2,4,88,88,0,0,0,0,1,4,1,121005,0,2009,99999,SR-60,99999999999999999999,0000000,27.93780556,-82.251575,1,1
12,81,6,11,23,25,1,4,1,0,13,2,0,8,0,1,1,1,6,45,1,1,2,1,28,3,2,1,0,0,23,37,23,42,88,88,0,0,0,0,1,5,0,121006,0,2009,99999,US-41,99999999999999999999,0000000,27.425275,-82.57552778,1,1
12,101,6,12,19,49,2,3,0,0,6,4,0,12,3,1,1,1,2,55,1,1,2,1,28,3,1,1,0,0,19,50,19,56,99,99,0,0,0,0,1,6,0,121007,0,2009,99999,CR-54,99999999999999999999,0000000,28.24731667,-82.23319444,2,1
12,83,6,13,14,20,1,4,0,1,2,2,0,1,0,1,1,2,2,65,1,1,2,1,28,3,1,1,0,0,14,22,14,32,99,99,0,0,0,0,1,7,0,121008,0,2009,99999,US-27,99999999999999999999,0000000,29.25529444,-82.30943889,1,1
12,85,6,13,19,43,1,5,0,1,1,1,0,24,0,1,4,2,3,70,1,2,2,1,0,0,1,1,0,0,19,40,19,48,99,99,0,0,0,0,1,7,0,121009,0,2009,99999,I-95,99999999999999999999,0000000,27.04238889,-80.23418611,1,1
12,95,6,14,2,25,1,2,1,9,99,9,0,8,0,1,1,1,2,10,1,1,2,1,0,0,3,1,0,0,2,27,2,34,99,99,0,0,0,0,1,1,0,121010,0,2009,99999,PRESIDENTS DR,99999999999999999999,0000000,28.45633056,-81.41647778,1,1
12,105,6,14,12,3,2,6,0,1,11,1,0,12,3,1,1,2,3,70,1,2,2,1,0,0,1,1,0,0,12,4,12,8,99,99,0,0,0,0,1,1,0,121011,1690,2009,99999,I-4,99999999999999999999,0000000,28.07419167,-81.98481944,2,1
12,71,6,15,20,40,2,4,0,9,99,9,0,12,5,2,1,1,2,30,1,1,2,1,20,3,3,1,0,0,20,42,20,48,99,99,0,0,0,0,1,2,0,121012,0,2009,99999,CYPRESS DR,US-41,0000000,26.56903889,-81.87259444,2,1
12,83,6,17,10,27,2,3,0,0,6,4,0,12,2,1,1,1,2,55,1,2,2,1,28,3,1,1,0,0,99,99,10,32,99,99,0,0,0,0,1,4,0,121013,0,2009,99999,CR-25,99999999999999999999,0000000,29.04502778,-81.98096667,2,1
12,86,1,10,16,57,1,2,1,0,16,6,0,9,0,2,1,1,2,30,1,1,2,1,0,0,1,1,0,0,99,99,99,99,99,99,0,0,0,0,1,7,0,121014,2010,2009,99999,S BAYSHORE DR,FAIR ISLES DR,0000000,25.7391,-80.22315,1,1
12,11,3,13,8,59,2,2,0,0,13,3,0,12,4,1,1,3,3,45,1,1,2,1,0,0,1,1,0,0,8,59,9,3,99,99,0,0,0,0,1,6,0,121015,2541,2009,99999,SR-842,99999999999999999999,0000000,26.12082222,-80.22914167,2,1
12,99,4,14,7,41,1,2,1,0,13,3,0,9,0,2,1,3,3,40,1,1,2,1,3,3,1,1,0,0,7,41,7,43,99,99,0,0,0,0,1,3,0,121016,3190,2009,99999,SR-809,SUMMIT BLVD,0000000,26.66277222,-80.11263611,1,1
12,69,4,25,19,57,2,2,0,0,16,6,0,1,0,1,1,1,2,45,1,1,2,1,0,0,5,1,0,0,99,99,19,59,99,99,0,0,0,0,1,7,1,121018,1820,2009,99999,MAIN ST,99999999999999999999,0000000,28.81316389,-81.90526111,2,1
12,11,5,9,1,8,2,1,0,0,16,6,0,14,5,1,4,1,2,25,1,1,2,1,28,3,3,1,0,0,1,8,1,14,88,88,0,0,0,0,1,7,0,121019,1420,2009,99999,S 13TH AVE,99999999999999999999,0000000,26.00440556,-80.13219444,1,1
12,11,5,16,3,15,2,3,1,0,13,3,0,12,1,1,1,2,3,45,1,1,2,2,28,3,3,1,0,0,99,99,3,17,99,99,0,0,0,0,1,7,0,121020,1782,2009,99999,SR-838,99999999999999999999,0000000,26.13629167,-80.185025,2,1
12,11,6,1,14,22,3,6,0,0,15,6,0,12,5,2,1,1,2,30,1,1,2,1,20,3,1,1,0,0,14,24,14,30,99,99,0,0,0,0,1,2,0,121021,1420,2009,99999,JOHNSON ST,YALE DR,0000000,26.01895556,-80.18771667,3,1
12,71,5,3,14,28,1,4,0,0,6,4,0,33,0,1,4,2,2,45,1,1,2,1,28,3,1,1,0,0,14,28,14,34,99,99,0,0,0,0,1,1,0,121022,0,2009,99999,LEE BLVD,99999999999999999999,0000000,26.61687222,-81.72249444,1,1
12,99,5,13,1,46,3,4,0,1,11,1,0,12,1,1,1,2,3,70,1,1,2,1,28,3,2,1,0,0,1,47,1,57,99,99,0,20,0,0,1,4,0,121023,1560,2009,99999,I-95,99999999999999999999,0000000,26.89082222,-80.13268889,3,1
12,99,5,19,19,11,1,1,0,0,14,4,0,38,0,1,4,2,1,55,1,1,2,2,28,3,1,1,0,0,99,99,99,99,99,99,0,0,0,0,1,3,0,121024,0,2009,99999,NORTHLAKE BLVD,99999999999999999999,0000000,26.812025,-80.2677,1,1
12,11,5,28,19,10,2,2,0,0,13,3,0,12,5,2,1,2,3,45,1,1,2,2,3,3,1,1,0,0,19,14,19,21,99,99,0,0,0,0,1,5,0,121025,2570,2009,99999,SR-834,SR-91,0000000,26.27421389,-80.16880278,2,1
12,86,5,28,17,7,2,4,2,0,13,2,0,12,5,2,1,2,4,30,1,2,2,2,3,3,1,1,0,0,17,14,17,17,99,99,0,0,0,0,1,5,0,121026,2010,2009,99999,US-1,NE 6TH STREET,0000000,25.78007222,-80.18923889,2,1
12,57,6,1,11,2,1,2,1,0,6,4,0,15,0,1,1,1,4,45,2,1,2,1,0,0,1,1,0,0,11,3,11,6,88,88,0,0,0,0,1,2,0,121027,0,2009,99999,BIG BEND ROAD,99999999999999999999,0000000,27.79207778,-82.30986111,1,1
12,31,6,7,2,30,1,2,0,0,12,3,0,25,0,1,4,3,2,40,2,1,1,2,0,0,3,1,0,0,2,38,2,45,99,99,0,0,0,0,2,1,1,121028,1510,2009,99999,SR-228,99999999999999999999,0000000,30.28998056,-81.58453056,1,1
12,57,6,12,21,54,3,4,1,0,6,4,0,8,0,1,1,3,3,45,1,1,2,1,0,0,2,1,0,0,21,57,22,2,88,88,0,0,0,0,1,6,0,121029,0,2009,99999,CR-581,99999999999999999999,0000000,28.07654722,-82.42611944,3,1
12,109,1,4,14,40,1,1,0,9,99,9,0,33,0,8,4,1,2,99,1,1,2,1,0,0,1,1,0,0,14,41,14,45,99,99,0,0,0,0,1,1,1,121030,0,2009,99999,MURABELLA,MURABELLA PARKWAY,0000000,29.96452222,-81.49003611,1,1
12,5,3,22,3,36,4,6,0,0,14,3,0,12,2,2,1,1,4,35,1,2,2,1,3,3,3,1,0,0,3,43,3,43,88,88,0,0,0,0,1,1,0,121031,2451,2009,99999,SR-30,US-98,0000000,30.19913611,-85.84525278,4,1
12,57,4,7,15,19,2,3,0,1,14,3,0,12,5,2,1,2,2,45,1,1,2,1,0,0,1,1,0,0,99,99,99,99,99,99,0,0,0,0,1,3,0,121032,2950,2009,99999,SR-573,BAY AVENUE W,0000000,27.87911111,-82.50644444,2,1
12,86,4,26,21,44,1,2,1,0,6,4,0,8,0,1,1,1,2,45,1,1,2,1,0,0,2,1,0,0,21,44,21,52,88,88,0,0,0,0,1,1,0,121033,0,2009,99999,200TH ST,99999999999999999999,0000000,25.57989722,-80.47084722,1,1
12,86,5,2,14,46,2,3,0,0,6,4,0,12,5,2,1,1,2,35,1,1,2,1,0,0,1,1,0,0,14,46,14,50,99,99,0,0,0,0,1,7,0,121034,0,2009,99999,NW 71ST STREET,NW 18TH AVENUE,0000000,25.83906389,-80.22728333,2,1
12,86,5,7,7,35,3,1,0,0,6,4,0,30,0,1,4,2,2,35,1,1,2,1,28,3,1,1,0,0,7,35,7,45,88,88,0,14,0,0,1,5,0,121035,0,2009,99999,NW 112TH AVENUE,99999999999999999999,0000000,25.85797778,-80.37878889,1,1
12,99,5,21,16,59,1,2,0,0,16,6,0,5,0,1,1,1,2,25,1,1,2,1,28,3,1,1,0,0,18,28,18,36,99,99,0,0,0,0,1,5,0,121036,2660,2009,99999,WEST 28TH ST,99999999999999999999,0000000,26.78581389,-80.06869167,1,1
12,105,5,23,3,46,3,2,0,0,6,4,0,12,2,1,1,1,2,35,2,1,2,1,28,3,2,1,0,0,3,49,4,1,99,99,0,20,0,0,1,7,0,121037,1270,2009,99999,POLK CITY RD,99999999999999999999,0000000,28.11942222,-81.63172222,2,1
12,99,5,26,14,33,1,3,1,0,13,2,0,9,0,2,1,2,2,45,1,1,2,1,28,3,1,1,0,0,99,99,99,99,99,99,0,0,0,0,1,3,0,121038,1559,2009,99999,US-1,OCEAN ROYALE WAY,0000000,26.89121389,-80.05921944,1,1
12,57,5,26,5,38,2,2,0,0,6,4,0,12,1,1,1,1,4,45,1,1,2,1,28,3,3,1,0,0,5,43,5,51,99,99,0,0,0,0,1,3,0,121039,2950,2009,99999,BEARSS AVE,99999999999999999999,0000000,28.08929444,-82.48211667,2,1
12,57,5,28,23,46,2,2,0,0,13,2,0,12,5,2,1,1,2,55,1,1,2,1,20,3,2,1,0,0,23,48,23,50,99,99,0,0,0,0,1,5,1,121040,9999,2009,99999,US-92,BETHLEHEM RD,0000000,28.02175833,-82.20361111,2,1
12,31,5,30,16,50,2,4,2,1,13,2,0,12,3,2,1,1,4,45,1,1,2,1,3,3,1,1,0,0,99,99,99,99,99,99,0,0,0,0,1,7,0,121041,1510,2009,99999,US-1,MONCRIDF RD,0000000,30.35583611,-81.67318056,2,1
12,95,6,4,19,3,1,1,0,0,12,3,0,24,0,1,4,2,2,65,1,1,2,2,28,3,1,1,0,0,19,6,19,9,88,88,0,0,0,0,1,5,0,121043,9999,2009,99999,SR-429,99999999999999999999,0000000,28.54321111,-81.55726389,1,1
12,95,6,4,23,47,1,4,0,1,11,1,0,27,0,1,4,2,3,55,1,1,2,2,28,3,3,1,0,0,23,52,0,0,99,99,0,0,0,0,2,5,0,121044,0,2009,99999,I-4,99999999999999999999,0000000,28.75212222,-81.36496111,1,1
12,86,6,5,10,55,1,2,1,0,14,3,0,8,0,2,1,2,2,30,1,1,2,1,20,3,1,1,0,0,10,57,11,0,88,88,0,0,0,0,1,6,0,121045,2220,2009,99999,SR-915,NE 141ST ST,0000000,25.90486111,-80.18709722,1,1
12,97,6,6,22,49,1,5,0,0,6,4,0,32,0,8,2,1,2,45,1,1,2,1,28,3,2,1,0,0,22,47,22,58,99,99,0,0,0,0,1,7,0,121046,0,2009,99999,ABSHER RD,CYRILS DR,0000000,28.32641667,-81.19880278,1,1
12,53,6,10,15,24,2,4,0,0,2,2,0,12,1,2,1,1,2,60,1,1,2,1,3,3,1,1,0,0,15,25,15,32,99,99,0,0,0,0,1,4,0,121047,0,2009,99999,US-98,CR-491,0000000,28.65095278,-82.44694167,2,1
12,11,6,10,23,56,2,3,0,1,11,1,0,12,1,1,1,2,3,65,1,2,2,1,28,3,2,1,0,0,23,58,0,4,99,99,0,0,0,0,1,4,1,121048,1050,2009,99999,I-595,99999999999999999999,0000000,26.08215556,-80.16794722,2,1
12,95,6,11,22,11,1,2,1,0,14,3,0,8,0,3,1,2,2,45,1,1,2,1,28,3,3,1,0,0,99,99,22,13,99,99,0,0,0,0,1,5,0,121049,0,2009,99999,SR-551,DANIEL WEBSTER DR,0000000,28.58435278,-81.28640278,1,1
12,95,6,11,23,56,3,4,1,0,14,3,0,8,0,1,1,2,3,55,1,1,2,1,28,3,2,1,0,0,23,58,0,4,88,88,0,0,0,0,1,5,0,121050,0,2009,99999,SR-482,99999999999999999999,0000000,28.45088889,-81.38908611,3,1
12,71,6,13,2,5,1,1,0,0,16,6,0,42,0,1,3,2,3,45,2,1,2,1,0,0,2,1,0,0,2,10,2,19,88,88,0,0,0,0,1,7,1,121051,1070,2009,99999,FOWLER ST,99999999999999999999,0000000,26.59153056,-81.86931389,1,1
12,21,6,13,3,43,1,1,0,0,16,6,0,25,0,1,3,3,2,35,1,1,2,1,0,0,3,1,0,0,3,44,3,47,88,88,0,20,0,0,1,7,1,121052,1465,2009,99999,CR-846,99999999999999999999,0000000,26.4117,-81.41732222,1,1
12,5,6,13,2,29,1,3,1,1,13,2,0,8,0,1,1,1,4,45,1,1,2,1,0,0,3,1,0,0,2,30,2,36,88,88,0,0,0,0,1,7,1,121053,2450,2009,99999,US-231,99999999999999999999,0000000,30.18888056,-85.64169444,1,1
12,11,6,13,1,24,1,1,0,1,11,1,0,23,0,5,4,6,2,65,2,2,1,1,0,0,3,1,0,0,1,25,1,35,88,88,0,0,0,0,1,7,1,121054,1050,2009,99999,I-95,SR-862,0000000,26.08888333,-80.16758056,1,1
12,101,6,14,17,40,2,3,0,0,6,4,0,12,5,2,1,2,3,45,1,1,2,1,3,3,1,1,0,0,17,40,17,47,99,99,0,0,0,0,1,1,0,121055,0,2009,99999,CR-1,RIVER CROSSING BLVD,0000000,28.23709444,-82.67030278,2,1
12,31,6,15,21,29,2,6,0,1,13,3,0,12,5,2,1,2,4,45,1,1,2,1,3,3,3,1,0,0,21,30,21,37,99,99,0,0,0,0,1,2,0,121056,1510,2009,99999,SR-10,ST. JOHNSON BLUFF RD,0000000,30.32441667,-81.523125,2,1
12,71,6,16,10,8,2,3,0,0,6,4,0,12,5,2,1,1,2,45,1,1,2,1,20,3,1,1,0,0,99,99,99,99,99,99,0,0,0,0,1,3,0,121057,0,2009,99999,ORANGE RIVER BLVD,STALEY RD,0000000,26.67946944,-81.77621389,2,1
12,71,6,16,7,50,1,2,0,1,1,1,0,1,0,5,4,6,1,70,1,1,2,1,0,0,1,1,0,0,7,56,8,3,99,99,0,0,0,0,1,3,0,121058,0,2009,99999,I-75,PALM BEACH BLVD,0000000,26.68168611,-81.79853333,1,1
12,86,6,16,16,3,1,2,1,0,14,3,0,8,0,1,1,1,4,30,1,2,2,1,0,0,1,1,0,0,16,5,16,10,99,99,0,0,0,0,1,3,0,121059,2010,2009,99999,SR-933,99999999999999999999,0000000,25.77001111,-80.21454444,1,1
12,3,6,17,17,58,1,4,0,0,6,4,0,42,0,1,4,1,2,55,1,1,2,1,0,0,1,1,0,0,17,59,18,4,99,99,0,0,0,0,2,4,0,121060,0,2009,99999,CR-125,99999999999999999999,0000000,30.30351111,-82.162425,1,1
12,97,6,17,4,34,1,1,0,9,99,9,0,33,0,1,5,1,2,5,1,1,2,1,0,0,3,1,0,0,4,35,4,44,88,88,0,0,0,0,1,4,0,121061,0,2009,99999,NARCOOSSEE RD,99999999999999999999,0000000,28.34773056,-81.23158056,1,1