STATE,COUNTY,MONTH,DAY,HOUR,MINUTE,VE_TOTAL,PERSONS,PEDS,NHS,ROAD_FNC,ROUTE,SP_JUR,HARM_EV,MAN_COLL,REL_JUNC,REL_ROAD,TRAF_FLO,NO_LANES,SP_LIMIT,ALIGNMNT,PROFILE,PAVE_TYP,SUR_COND,TRA_CONT,T_CONT_F,LGT_COND,WEATHER1,WEATHER2,WRK_ZONE,NOT_HOUR,NOT_MIN,ARR_HOUR,ARR_MIN,HOSP_HR,HOSP_MN,SCH_BUS,CF1,CF2,CF3,FATALS,DAY_WEEK,DRUNK_DR,ST_CASE,CITY,YEAR,MILEPT,TWAY_ID,TWAY_ID2,RAIL,LATITUDE,LONGITUD,VE_FORMS,WEATHER
12,11,6,17,3,45,1,2,0,0,16,6,0,29,0,1,4,1,4,35,2,1,2,1,0,0,2,1,0,0,3,49,3,53,99,99,0,0,0,0,1,4,0,121062,1050,2009,99999,SW 17TH ST,99999999999999999999,0000000,26.10005833,-80.14465278,1,1
12,95,6,18,0,7,1,1,0,0,6,4,0,42,0,1,4,2,2,40,1,1,2,1,0,0,3,1,0,0,0,7,0,13,88,88,0,0,0,0,1,5,1,121063,0,2009,99999,DR PHILLIPS BLVD,99999999999999999999,0000000,28.49211389,-81.49093333,1,1
12,101,6,19,2,0,1,1,0,0,6,4,0,33,0,1,4,1,2,30,2,1,2,1,0,0,2,1,0,0,2,1,2,21,88,88,0,0,0,0,1,6,1,121064,0,2009,99999,WELLS RD,99999999999999999999,0000000,28.25531667,-82.31210278,1,1
12,95,6,19,1,38,1,2,0,0,12,3,0,1,0,1,2,3,2,65,2,2,2,2,0,0,3,1,0,0,1,40,1,48,99,99,0,0,0,0,1,6,1,121065,0,2009,99999,SR-408,99999999999999999999,0000000,28.55788611,-81.19122778,1,1
12,21,6,19,12,15,1,1,0,0,13,2,0,33,0,1,3,2,3,55,1,1,2,1,0,0,1,1,0,0,12,52,12,58,99,99,0,0,0,0,1,6,1,121066,0,2009,99999,US-41,99999999999999999999,0000000,26.09635,-81.73821667,1,1
12,31,6,18,2,10,2,12,0,1,11,1,0,12,6,13,1,6,1,55,1,1,2,2,0,0,3,1,0,1,2,12,2,17,99,99,0,0,0,0,1,5,1,121067,1510,2009,99999,I-10,MARIETTA RD,0000000,30.31494444,-81.780225,2,1
12,53,6,19,2,53,1,4,0,1,1,1,0,1,0,1,1,3,2,70,1,1,2,2,28,3,2,1,0,0,2,54,3,6,99,99,0,0,0,0,1,6,0,121068,0,2009,99999,I-75,99999999999999999999,0000000,28.48196944,-82.25043333,1,1
12,57,6,19,22,30,1,3,0,1,11,1,0,1,0,1,3,2,3,70,1,1,2,1,28,3,3,1,0,0,22,32,22,42,99,99,0,0,0,0,1,6,0,121069,0,2009,99999,I-4,99999999999999999999,0000000,28.03643889,-82.05818611,1,1
12,9,6,20,22,16,1,3,1,0,13,2,0,8,0,2,1,2,2,55,1,1,2,1,28,3,2,1,0,0,99,99,22,18,88,88,0,0,0,0,1,7,0,121070,0,2009,99999,US-1,COTTRELL DRIVE,0000000,28.46784167,-80.76536944,1,1
12,9,6,21,3,23,1,2,1,1,11,1,0,8,0,1,1,2,2,70,1,1,2,1,28,3,6,1,0,4,99,99,99,99,88,88,0,0,0,0,1,1,0,121071,0,2009,99999,I-95,99999999999999999999,0000000,28.15722222,-80.70659722,1,1
12,15,6,22,21,4,1,3,1,0,6,4,0,8,0,1,1,1,2,30,1,1,2,1,28,3,3,1,0,0,21,5,21,8,99,99,0,0,0,0,1,2,0,121072,0,2009,99999,3822 TAMIAMI TRAIL,99999999999999999999,0000000,26.97396389,-82.08675833,1,1
12,101,6,22,7,2,3,3,0,0,2,2,0,12,3,2,1,1,2,60,1,1,2,1,20,3,1,1,0,0,99,99,99,99,99,99,0,0,0,0,1,2,0,121073,0,2009,99999,US-98,JANMAR ROAD,0000000,28.294425,-82.13866389,3,1
12,1,6,23,5,0,2,2,0,0,2,3,0,12,1,1,1,2,2,65,1,1,2,1,28,3,2,1,0,0,5,12,5,19,88,88,0,0,0,0,1,3,0,121074,0,2009,99999,SR-24,99999999999999999999,0000000,29.758175,-82.21084444,2,1
12,97,6,23,2,15,1,3,0,0,2,2,0,1,0,1,1,2,2,65,1,1,2,1,28,3,2,1,0,0,2,26,2,45,88,88,0,0,0,0,1,3,0,121075,0,2009,99999,US-192,99999999999999999999,0000000,28.10877222,-80.91284722,1,1
12,55,6,24,3,32,2,4,0,1,2,2,0,31,0,1,4,2,2,65,1,1,2,2,0,0,2,1,0,0,99,99,99,99,99,99,0,0,0,0,1,4,0,121076,0,2009,99999,US-27,99999999999999999999,0000000,27.08167222,-81.33513333,2,1
12,9,6,26,5,15,2,2,0,1,11,1,0,12,1,1,1,3,3,70,1,1,1,1,98,3,2,1,0,0,5,21,5,31,99,99,0,0,0,0,1,6,0,121077,0,2009,99999,I-95,99999999999999999999,0000000,28.32168333,-80.74290278,2,1
12,86,6,27,5,50,2,3,0,1,2,3,0,12,1,1,1,1,2,45,1,1,2,1,28,3,2,1,0,0,5,55,5,58,88,88,0,0,0,0,2,7,1,121078,0,2009,99999,SR-997,99999999999999999999,0000000,25.52158889,-80.47785833,2,1
12,99,6,28,6,30,2,2,0,1,11,1,0,12,2,5,1,6,2,40,1,1,2,2,28,3,4,1,0,0,6,34,6,43,99,99,0,0,0,0,2,1,1,121079,3190,2009,99999,I-95,BELVEDERE RD,0000000,26.68303333,-80.06963611,2,1
12,103,6,28,2,38,1,2,0,1,11,1,0,1,0,1,3,2,2,65,1,1,2,1,28,3,3,1,0,0,2,39,2,46,99,99,0,0,0,0,2,1,0,121080,0,2009,99999,I-275,99999999999999999999,0000000,27.68004167,-82.67815278,1,1
12,81,6,29,12,24,1,2,0,1,1,1,0,1,0,5,4,6,1,70,2,2,2,1,0,0,1,1,0,0,99,99,12,25,99,99,0,0,0,0,1,2,0,121081,0,2009,99999,I-75,SR-70,0000000,27.43794444,-82.45981667,1,1
12,5,1,22,15,45,1,2,1,0,16,6,0,9,0,99,1,1,2,35,1,1,2,1,0,0,1,1,0,0,15,50,15,57,99,99,1,0,0,0,1,5,0,121082,2456,2009,99999,BOATRACE RD,11TH ST,0000000,30.16816111,-85.70131944,1,1
12,11,2,6,22,4,2,2,0,0,16,6,0,12,5,2,1,2,2,40,1,1,2,1,0,0,3,1,0,0,99,99,99,99,99,99,0,0,0,0,1,6,0,121083,633,2009,99999,LYONS RD,NW 30TH AVE,0000000,26.23218611,-80.18564722,2,1
12,103,4,1,0,2,1,1,0,0,16,6,0,30,0,1,4,1,4,40,1,1,2,1,0,0,3,1,0,0,0,2,0,7,99,99,0,0,0,0,1,4,0,121084,2730,2009,99999,62ND AVE,99999999999999999999,0000000,27.82846667,-82.65098889,1,1
12,99,6,5,18,38,1,1,0,0,6,4,0,33,0,1,3,3,2,40,2,1,2,2,0,0,1,2,0,0,18,39,18,42,99,99,0,0,0,0,1,6,1,121085,0,2009,99999,GLADES RD,99999999999999999999,0000000,26.36957222,-80.21401389,1,2
12,57,6,9,21,25,1,2,1,0,13,3,0,8,0,1,1,2,2,40,1,1,2,1,0,0,3,1,0,0,99,99,99,99,99,99,0,0,0,0,1,3,0,121086,2950,2009,99999,SR-574,99999999999999999999,0000000,27.98155278,-82.43780556,1,1
12,11,6,14,0,30,1,1,0,1,11,1,0,21,0,2,3,3,4,70,1,1,2,1,0,0,2,1,0,0,0,30,0,39,88,88,0,0,0,0,1,1,0,121087,771,2009,99999,I-75,STIRLING RD,0000000,26.04418611,-80.35249167,1,1
12,103,6,15,12,32,2,2,0,0,13,3,0,12,5,2,1,2,2,50,1,1,2,1,3,3,1,1,0,0,12,33,12,36,99,99,0,0,0,0,1,2,0,121088,2310,2009,99999,SR-580,BAYVIEW BLVD,0000000,28.03810278,-82.66821389,2,1
12,111,3,19,23,13,1,1,0,0,16,6,0,42,0,3,5,2,2,25,1,2,2,1,28,3,2,1,0,0,23,13,23,24,99,99,0,0,0,0,1,5,0,121089,2601,2009,99999,PASCAL AVE,BOWIE ST,0000000,27.28579167,-80.27458889,1,1
12,57,3,4,15,36,2,2,0,0,13,3,0,12,5,2,1,2,2,45,1,1,2,1,28,3,1,1,0,0,99,99,99,99,88,88,0,0,0,0,1,4,0,121090,0,2009,99999,SR-674,DEL WEBB BLVD,0000000,27.71225833,-82.33775833,2,1
12,127,5,28,23,12,2,4,0,1,11,1,0,24,0,1,4,3,3,65,1,1,2,2,28,3,2,1,0,0,23,14,23,17,88,88,0,0,0,0,1,5,1,121091,780,2009,99999,I-95,99999999999999999999,0000000,29.20561111,-81.09794167,2,1
12,127,5,28,0,12,1,1,0,0,6,4,0,42,0,1,4,1,2,40,2,1,2,2,28,3,2,1,0,0,0,9,0,17,88,88,0,0,0,0,1,5,1,121092,0,2009,99999,OLD NEW YORK AVE,99999999999999999999,0000000,29.01743333,-81.348675,1,1
12,69,5,30,0,50,2,2,0,0,13,2,0,12,5,2,1,2,2,55,1,1,2,1,3,3,6,1,0,0,0,55,0,59,99,99,0,0,0,0,1,7,0,121093,0,2009,99999,US-27,CR-48,0000000,28.74770278,-81.87695278,2,1
12,61,6,4,17,32,4,4,0,0,14,6,0,13,2,1,1,1,3,35,1,1,2,2,28,3,1,1,0,0,99,99,99,99,99,99,0,0,0,0,1,5,0,121094,0,2009,9999,OLD DIXIE HWY,99999999999999999999,0000000,27.62344722,-80.39431667,4,1
12,51,6,18,18,58,2,3,0,0,3,3,0,12,1,1,1,1,2,60,1,1,2,2,28,3,1,2,0,0,18,59,19,13,99,99,0,0,0,0,1,5,0,121095,0,2009,99999,SR-82,99999999999999999999,0000000,26.51678889,-81.557125,2,2
12,41,1,22,9,14,1,2,1,1,2,3,0,15,0,2,1,1,2,35,1,1,2,1,0,0,1,1,0,0,9,16,9,27,99,99,0,0,0,0,1,5,0,121096,3020,2009,99999,SR-26,NW 1ST STREET,0000000,29.613375,-82.81919167,1,1
12,73,3,17,14,41,1,1,0,0,6,4,0,42,0,1,4,1,2,55,2,1,2,1,0,0,1,1,0,0,99,99,99,99,88,88,0,0,0,0,1,3,1,121097,0,2009,99999,VETERANS MEMORIAL DR,99999999999999999999,0000000,30.53495833,-84.04528611,1,1
12,99,4,21,16,15,2,3,0,1,13,2,0,12,5,2,1,2,2,55,1,1,2,1,20,3,1,1,0,0,16,17,16,23,99,99,0,0,0,0,1,3,0,121098,0,2009,99999,US-98,SEMINOLE PRATT WHITN,0000000,26.68353056,-80.30995,2,1
12,33,5,22,1,10,1,2,0,1,11,1,0,24,0,1,4,2,2,55,2,2,2,2,28,3,3,2,0,0,1,14,1,23,99,99,0,0,0,0,1,6,1,121099,0,2009,99999,I-10,99999999999999999999,0000000,30.50413056,-87.26200556,1,2
12,99,6,4,7,40,1,2,1,0,6,4,0,9,0,1,1,1,2,25,1,1,2,1,0,0,1,1,0,0,7,44,7,50,99,99,0,0,0,0,1,5,0,121100,0,2009,99999,VENETIAN ISLES BLVD,99999999999999999999,0000000,26.55497778,-80.18424444,1,1
12,83,7,5,18,50,2,3,0,0,2,3,0,12,5,2,1,1,2,55,1,1,2,1,0,0,1,1,0,0,18,51,18,59,99,99,0,0,0,0,1,1,1,121101,0,2009,99999,SR-40,SW 166TH CT,0000000,29.135075,-82.39688889,2,1
12,89,1,23,15,57,2,3,0,1,14,3,0,12,5,8,1,2,2,45,1,1,2,1,20,3,1,1,0,0,99,99,99,99,99,99,0,0,0,0,1,6,0,121102,0,2009,99999,SR-A1A,LICENSE DR,0000000,30.628675,-81.55747222,2,1
12,11,2,25,15,35,3,1,0,0,16,6,0,14,5,1,4,1,2,25,1,1,2,1,0,0,1,1,0,0,15,36,15,39,99,99,0,0,0,0,1,4,0,121103,1782,2009,99999,NW 51ST ST,99999999999999999999,0000000,26.18866111,-80.24721111,1,1
12,11,3,18,0,10,1,2,1,0,14,3,0,8,0,1,1,1,4,35,2,1,2,2,0,0,3,2,0,0,99,99,99,99,99,99,0,0,0,0,1,4,0,121104,1050,2009,99999,SR-A1A,99999999999999999999,0000000,26.11013333,-80.10598889,1,2
12,63,4,5,0,7,1,2,1,0,4,3,0,8,0,1,1,1,2,55,1,2,2,1,0,0,2,1,0,0,0,11,0,19,88,88,0,0,0,0,1,1,0,121105,1180,2009,99999,SR-2,99999999999999999999,0000000,30.964775,-85.52736944,1,1
12,127,4,14,22,47,1,3,1,0,13,2,0,8,0,1,1,3,2,55,1,1,1,1,0,0,2,1,0,0,22,47,22,55,88,88,0,0,0,0,1,3,0,121106,0,2009,99999,US-92,99999999999999999999,0000000,29.14857778,-81.11268889,1,1
12,86,4,30,7,52,2,4,0,0,6,4,0,12,6,2,1,1,2,30,1,1,2,1,20,3,1,1,0,0,99,99,99,99,99,99,0,0,0,0,1,5,0,121107,0,2009,99999,SW 104TH ST,SW 92ND AVE,0000000,25.67324444,-80.34320833,2,1
12,99,4,30,19,35,2,3,0,0,13,3,0,12,5,2,1,2,4,40,1,1,2,1,20,3,5,1,0,0,99,99,99,99,99,99,0,0,0,0,1,5,0,121108,2430,2009,99999,SR-807,MELALEUCA DR,0000000,26.65551389,-80.08824722,2,1
12,57,5,9,21,55,1,2,1,0,14,2,0,8,0,1,1,1,4,45,1,1,2,1,0,0,3,1,0,0,21,56,22,0,88,88,0,0,0,0,1,7,0,121109,0,2009,99999,US-41,99999999999999999999,0000000,28.06931944,-82.45994167,1,1
12,86,5,13,19,0,2,2,0,0,6,4,0,12,7,6,1,2,3,40,1,1,2,1,69,3,1,1,0,0,99,99,99,99,99,99,0,0,0,0,1,4,0,121110,0,2009,99999,SW 152ND ST,SW 132ND AVE,631121p,25.62651389,-80.40822778,2,1
12,86,5,19,10,20,2,2,0,0,16,6,0,12,1,1,1,1,2,30,1,1,2,1,0,0,1,1,0,0,10,23,10,26,88,88,0,0,0,0,1,3,0,121111,2010,2009,99999,NE 2ND AVE,99999999999999999999,0000000,25.84226944,-80.1926,2,1
12,63,5,19,17,20,1,2,0,0,6,4,0,1,0,2,1,1,2,45,1,2,2,1,20,3,1,1,0,0,17,30,17,35,99,99,0,0,0,0,1,3,0,121112,0,2009,99999,CHURCH ST,ROCKY CREEK RD,0000000,30.67261667,-85.07964167,1,1
12,63,5,24,13,0,2,2,0,0,3,2,0,12,2,1,1,1,2,45,1,1,2,2,0,0,1,2,0,0,13,0,13,8,99,99,0,0,0,0,1,1,0,121113,0,2009,99999,US-90,99999999999999999999,0000000,30.6995,-84.87466389,2,2
12,63,5,24,18,50,1,1,0,0,6,4,0,42,0,1,4,1,2,55,2,1,2,1,28,3,2,1,0,0,18,55,19,4,99,99,0,0,0,0,1,1,1,121114,0,2009,99999,CR-164A,99999999999999999999,0000000,30.75319444,-85.07108611,1,1
12,99,5,24,22,34,1,1,0,0,15,4,0,42,0,1,4,1,2,30,1,1,2,2,28,3,2,1,0,0,22,35,22,45,88,88,0,0,0,0,1,1,1,121115,0,2009,99999,JUPITER FARMS RD,99999999999999999999,0000000,26.93540833,-80.19126389,1,1
12,45,5,25,3,45,1,3,0,0,6,4,0,42,0,1,4,1,2,60,2,1,2,1,28,3,2,1,0,0,4,24,4,38,99,99,0,0,0,0,2,2,1,121116,0,2009,99999,CR-386,99999999999999999999,0000000,29.99100278,-85.33025833,1,1
12,105,5,25,3,0,1,2,0,1,13,3,0,43,0,1,4,1,4,55,1,1,2,1,20,3,2,1,0,0,3,13,3,23,99,99,0,0,0,0,1,2,0,121117,0,2009,99999,SR-60,99999999999999999999,0000000,27.89528611,-81.99379167,1,1
12,11,5,25,18,50,3,6,0,0,16,6,0,12,5,2,1,2,2,45,1,1,2,2,99,9,1,1,0,0,99,99,99,99,99,99,0,0,0,0,1,2,0,121118,2083,2009,99999,SW 172ND AVE,PEMBROKE RD,0000000,25.9931,-80.376225,3,1
12,69,5,27,10,27,2,2,0,0,13,3,0,12,5,2,1,2,2,40,1,1,2,1,3,3,1,1,0,0,99,99,99,99,99,99,0,0,0,0,1,4,0,121119,580,2009,99999,SR-50,BLOXAM AVE,0000000,28.54838611,-81.74598333,2,1
12,63,5,29,13,50,2,2,0,0,3,3,0,12,5,8,1,2,2,45,1,1,2,1,28,3,1,1,0,0,99,99,99,99,99,99,0,0,0,0,1,6,0,121120,0,2009,99999,SR-71,I-10,0000000,30.71985,-85.18556389,2,1
12,86,5,29,9,47,3,3,0,0,13,3,0,12,1,3,1,2,4,45,1,1,2,1,3,3,1,1,0,0,99,99,99,99,99,99,0,0,0,0,1,6,0,121121,0,2009,99999,SR-934,NW 72ND AVE,0000000,25.84071667,-80.31420833,3,1
12,86,5,29,5,53,2,2,0,0,16,6,0,12,5,2,1,1,2,30,1,1,2,1,20,3,3,1,0,0,99,99,99,99,99,99,0,0,0,0,1,6,0,121122,2020,2009,99999,OCEAN DR,12TH ST,0000000,25.78268333,-80.13015556,2,1
12,113,6,2,8,10,2,2,0,0,6,4,0,12,4,2,1,1,2,55,1,1,2,1,28,3,1,1,0,0,8,13,8,17,88,88,0,0,0,0,1,3,0,121123,0,2009,99999,HICORY HAMMOCK RD,OLD HICORY HAMMOCK R,0000000,30.594925,-86.98185278,2,1
12,105,6,3,0,39,1,1,0,0,16,6,0,43,0,1,4,1,2,99,1,1,2,1,0,0,2,1,0,0,0,41,0,53,99,99,0,0,0,0,1,4,1,121124,0,2009,99999,WEST PIPKIN RD,99999999999999999999,0000000,27.97473889,-82.02405556,1,1
12,123,7,5,16,30,2,2,0,0,16,6,0,12,5,2,1,1,2,30,1,1,2,1,20,3,1,1,0,0,16,32,16,39,99,99,0,0,0,0,1,1,0,121125,2510,2009,99999,WARNER AVE,WALNUT ST,0000000,30.09961944,-83.59581944,2,1
12,113,6,4,16,51,3,5,0,1,11,1,0,12,1,1,1,3,3,70,1,2,1,1,0,0,1,1,0,0,16,53,16,57,99,99,0,0,0,0,1,5,1,121126,0,2009,99999,I-10,99999999999999999999,0000000,30.52199167,-87.13965,3,1
12,131,6,4,15,0,3,6,0,1,2,2,0,12,5,2,1,1,2,55,1,1,2,1,20,3,1,1,0,0,15,34,15,35,99,99,0,0,0,0,1,5,0,121127,0,2009,99999,US-331,S BAY GROVE RD,0000000,30.43296389,-86.15323333,3,1
12,131,6,5,8,10,1,2,0,1,1,1,0,42,0,1,4,2,2,70,2,2,2,2,0,0,1,1,0,0,8,16,8,20,99,99,0,0,0,0,1,6,0,121128,0,2009,99999,I-10,99999999999999999999,0000000,30.69407778,-86.14463611,1,1
12,101,6,5,7,50,4,5,0,0,2,3,0,12,1,2,1,1,2,55,1,1,2,1,0,0,1,1,0,0,99,99,99,99,99,99,0,0,0,0,1,6,0,121129,0,2009,99999,SR-52,OLD PASCO RD,0000000,28.32453333,-82.3369,4,1
12,103,6,7,18,47,2,2,0,0,16,6,0,12,6,2,1,1,4,35,1,1,2,1,3,3,1,1,0,0,99,99,99,99,99,99,0,0,0,0,1,1,0,121130,2730,2009,99999,58TH ST N,9TH AVE N,0000000,27.78085278,-82.71226111,2,1
12,91,6,9,21,24,1,4,0,0,14,3,0,23,0,1,4,2,2,45,2,2,2,1,0,0,3,1,0,0,21,24,21,31,99,99,0,0,0,0,1,3,1,121131,0,2009,99999,SR-189,99999999999999999999,0000000,30.4323,-86.639675,1,1
12,113,6,9,9,11,1,2,1,1,13,2,0,9,0,1,2,2,2,45,1,1,2,1,0,0,1,1,0,0,99,99,99,99,99,99,0,0,0,0,1,3,0,121132,0,2009,99999,US-98,99999999999999999999,0000000,30.40148333,-86.86979444,1,1
12,33,6,10,23,15,1,2,1,0,14,2,0,9,0,1,2,2,2,45,2,1,2,1,0,0,2,1,0,0,23,16,23,27,88,88,0,0,0,0,1,4,1,121133,9997,2009,99999,US-90,99999999999999999999,0000000,30.53351667,-87.20622222,1,1
12,77,6,10,22,49,1,1,0,0,6,4,0,42,0,1,4,1,2,55,2,1,2,1,0,0,2,1,0,0,22,46,23,5,99,99,0,0,0,0,1,4,1,121134,0,2009,99999,CR-379,99999999999999999999,0000000,30.22837778,-85.03468333,1,1
12,11,6,11,15,10,1,2,1,0,13,3,0,9,0,1,2,2,3,45,1,1,1,1,3,3,1,1,0,0,99,99,99,99,99,99,0,0,0,0,1,5,0,121135,2570,2009,99999,SR-834,99999999999999999999,0000000,26.27439722,-80.15201944,1,1
12,31,6,12,18,40,1,1,0,1,11,1,0,25,0,1,3,3,3,65,1,2,2,1,0,0,1,1,0,0,18,40,18,45,99,99,0,0,0,0,1,6,1,121136,1510,2009,99999,I-95,99999999999999999999,0000000,30.28481667,-81.62363333,1,1
12,101,6,12,22,44,2,3,1,1,13,2,0,8,0,2,1,2,3,45,1,1,2,1,3,3,3,1,0,0,22,44,22,49,88,88,0,0,0,0,1,6,0,121137,0,2009,99999,US-19,MOOG RD,0000000,28.2097,-82.73946111,2,1
12,91,6,13,23,10,1,1,0,0,6,4,0,1,0,1,4,1,2,55,2,1,2,1,0,0,2,1,0,0,23,12,23,26,88,88,0,0,0,0,1,7,1,121138,0,2009,99999,CR-393,99999999999999999999,0000000,30.78063889,-86.42116111,1,1
12,5,6,14,2,9,1,1,0,0,6,4,0,30,0,2,2,1,2,35,2,1,2,1,28,3,3,1,0,0,2,12,2,21,88,88,0,0,0,0,1,1,1,121139,0,2009,99999,MAGNOLIA BEACH RD,MAGNOLIA DR,0000000,30.25175278,-85.93591389,1,1
12,33,6,16,22,14,1,3,1,0,13,2,0,8,0,1,1,3,3,45,1,1,2,1,28,3,2,1,0,0,99,99,22,15,99,99,0,0,0,0,1,3,0,121140,0,2009,99999,US-95,99999999999999999999,0000000,30.42100833,-87.24864444,1,1
12,45,6,16,21,0,1,1,0,0,16,6,0,30,0,1,4,1,2,45,2,1,2,1,28,3,2,1,0,0,22,20,22,27,88,88,0,0,0,0,1,3,1,121141,3210,2009,99999,CR-22,99999999999999999999,0000000,30.12764722,-85.173875,1,1
12,101,6,17,13,1,1,3,1,0,6,4,0,9,0,1,1,1,2,30,1,1,2,1,28,3,1,1,0,0,99,99,99,99,99,99,0,0,0,0,1,4,0,121143,0,2009,99999,LITEWOOD DR,99999999999999999999,0000000,28.34528333,-82.65234167,1,1
12,9,6,18,14,29,1,2,1,0,13,3,0,8,0,1,1,3,3,45,1,1,2,1,28,3,1,1,0,0,99,99,99,99,99,99,0,0,0,0,1,5,0,121144,9997,2009,99999,SR-520,99999999999999999999,0000000,28.35678056,-80.70895556,1,1
12,69,6,18,19,41,1,1,0,0,13,3,0,30,0,1,4,1,2,55,1,1,2,2,28,3,1,2,0,0,99,99,99,99,99,99,0,0,0,0,1,5,0,121145,0,2009,99999,SR-33,99999999999999999999,0000000,28.522125,-81.84479167,1,2
12,69,6,19,11,40,2,3,0,0,13,2,0,12,4,2,1,2,2,55,1,2,2,1,28,3,1,1,0,0,11,42,11,49,99,99,0,0,0,0,1,6,0,121146,1820,2009,99999,US-27,SHENANDOAH DRIVE,0000000,28.76040833,-81.87950833,2,1
12,109,6,19,16,15,2,3,0,0,3,3,0,12,2,1,4,1,2,45,2,1,2,1,28,3,1,1,0,0,16,17,16,23,99,99,0,0,0,0,1,6,0,121147,0,2009,99999,SR-13,99999999999999999999,0000000,30.18956944,-81.62726667,2,1
12,73,6,19,15,17,2,2,0,0,16,6,0,12,4,2,1,1,2,30,1,1,2,1,0,0,1,1,0,0,15,17,15,25,99,99,0,0,0,0,1,6,0,121148,2940,2009,99999,ALABAMA STREET,RICHMOND STREET,0000000,30.4563,-84.30291389,2,1
12,113,6,20,10,56,3,3,0,0,14,3,0,13,2,1,1,1,2,55,2,1,1,1,28,3,1,1,0,0,10,59,11,4,88,88,0,0,0,0,2,7,0,121149,0,2009,99999,SR-281,99999999999999999999,0000000,30.3979,-87.07471944,3,1
12,65,6,20,11,5,5,4,1,1,2,2,0,14,1,1,4,1,2,25,1,1,2,1,28,3,1,1,0,0,99,99,99,99,99,99,0,0,0,0,1,7,0,121150,0,2009,99999,US-19,99999999999999999999,0000000,30.50370833,-83.87855556,1,1
12,95,6,21,23,26,1,1,0,0,16,6,0,38,0,1,4,2,2,45,2,1,2,1,28,3,3,1,0,0,23,31,23,39,88,88,0,0,0,0,1,1,1,121151,0,2009,99999,HIAWASSEE ROAD,99999999999999999999,0000000,28.61535278,-81.47615556,1,1
12,73,6,21,15,2,1,1,0,0,6,4,0,1,0,1,2,1,2,45,2,1,2,1,28,3,1,1,0,0,99,99,99,99,88,88,0,0,0,0,1,1,0,121152,0,2009,99999,ROBERTS ROAD,99999999999999999999,0000000,30.53457778,-84.13016667,1,1
12,86,6,21,3,5,1,2,1,1,11,1,0,8,0,1,1,2,4,60,1,1,2,1,0,0,6,1,0,0,99,99,99,99,99,99,0,0,0,0,1,1,0,121153,0,2009,99999,I-75,99999999999999999999,0000000,25.89866389,-80.29901389,1,1
12,69,6,24,11,55,2,2,0,0,3,3,0,12,4,1,1,1,2,55,1,1,2,1,28,3,1,1,0,0,11,59,12,5,88,88,0,0,0,0,1,4,1,121154,0,2009,99999,SR-44,99999999999999999999,0000000,28.91933889,-81.44453056,2,1
12,113,6,25,18,20,3,3,0,1,1,1,0,12,3,1,1,2,2,70,1,1,2,1,28,3,1,1,0,0,18,24,18,38,88,88,0,0,0,0,1,5,0,121155,0,2009,99999,I-10,99999999999999999999,0000000,30.57858333,-87.02000278,3,1
12,9,6,26,4,20,1,2,0,1,11,1,0,18,0,1,1,3,3,65,1,1,1,1,28,3,2,1,0,1,4,21,4,33,88,88,0,0,0,0,1,6,1,121156,0,2009,99999,I-95,99999999999999999999,0000000,28.29065556,-80.74040278,1,1
12,9,6,26,22,55,2,6,0,1,11,1,0,12,1,1,1,3,3,65,1,1,2,1,0,0,2,1,0,1,23,1,23,10,99,99,0,0,0,0,1,6,0,121157,0,2009,99999,I-95,99999999999999999999,0000000,28.29420556,-80.74566944,2,1
12,13,6,27,17,22,2,6,0,0,3,3,0,12,5,1,1,1,2,55,1,2,2,1,28,3,1,1,0,0,17,23,17,29,99,99,0,0,0,0,1,7,0,121158,0,2009,99999,SR-71,99999999999999999999,0000000,30.37718056,-85.08953056,2,1
12,21,6,27,2,44,1,2,1,1,11,1,0,8,0,1,1,2,2,70,1,1,2,1,0,0,2,1,0,1,2,45,2,56,99,99,0,0,0,0,1,7,0,121159,0,2009,99999,I-75,99999999999999999999,0000000,26.274425,-81.74260556,1,1
12,57,6,27,3,5,1,2,0,1,11,1,0,1,0,1,3,3,3,70,1,1,2,2,28,3,2,1,0,0,3,40,3,48,99,99,0,0,0,0,1,7,0,121160,0,2009,99999,I-75,99999999999999999999,0000000,28.12087778,-82.37362778,1,1
12,57,6,27,13,46,5,12,0,1,11,1,0,12,1,1,1,2,2,70,1,1,2,2,28,3,1,1,0,0,13,48,13,52,99,99,0,0,0,0,1,7,0,121161,2950,2009,99999,I-75,99999999999999999999,0000000,28.11817778,-82.3727,5,1
12,83,6,27,12,45,2,3,0,1,1,1,0,12,1,1,1,3,3,70,1,1,2,1,0,0,1,1,0,0,12,51,12,52,99,99,0,0,0,0,1,7,0,121162,0,2009,99999,I-75,99999999999999999999,0000000,29.20356944,-82.18451389,2,1
12,11,6,28,2,8,1,2,0,1,11,1,0,1,0,1,2,1,2,65,2,2,2,2,28,3,2,1,0,0,2,15,2,20,99,99,0,0,0,0,1,1,0,121163,0,2009,99999,I-595,99999999999999999999,0000000,26.080875,-80.16891944,1,1
12,33,6,28,1,10,1,1,0,1,2,2,0,1,0,1,1,3,2,65,2,2,2,1,28,3,2,1,0,0,1,12,1,26,88,88,0,0,0,0,1,1,1,121164,0,2009,99999,US-29,99999999999999999999,0000000,30.90107222,-87.31788889,1,1