STATE,COUNTY,MONTH,DAY,HOUR,MINUTE,VE_TOTAL,PERSONS,PEDS,NHS,ROAD_FNC,ROUTE,SP_JUR,HARM_EV,MAN_COLL,REL_JUNC,REL_ROAD,TRAF_FLO,NO_LANES,SP_LIMIT,ALIGNMNT,PROFILE,PAVE_TYP,SUR_COND,TRA_CONT,T_CONT_F,LGT_COND,WEATHER1,WEATHER2,WRK_ZONE,NOT_HOUR,NOT_MIN,ARR_HOUR,ARR_MIN,HOSP_HR,HOSP_MN,SCH_BUS,CF1,CF2,CF3,FATALS,DAY_WEEK,DRUNK_DR,ST_CASE,CITY,YEAR,MILEPT,TWAY_ID,TWAY_ID2,RAIL,LATITUDE,LONGITUD,VE_FORMS,WEATHER
12,83,6,28,4,55,1,2,1,0,6,4,0,8,0,1,2,1,2,45,1,2,2,1,28,3,2,1,0,0,5,7,5,16,99,99,0,0,0,0,1,1,0,121165,0,2009,99999,CR-25,99999999999999999999,0000000,29.04579444,-81.98352778,1,1
12,85,6,28,0,55,1,1,0,0,15,6,0,33,0,1,4,3,2,45,2,2,2,1,28,3,3,1,0,0,0,55,99,99,88,88,0,0,0,0,1,1,1,121166,1405,2009,99999,SEABRANCH BLVD,99999999999999999999,0000000,27.1146,-80.18094722,1,1
12,21,6,28,19,25,1,2,0,0,6,4,0,42,0,2,4,3,2,45,1,1,2,1,20,3,1,1,0,0,19,36,19,39,88,88,0,0,0,0,2,1,1,121167,0,2009,99999,CR-856,PALOS DR,0000000,26.15425278,-81.73692778,1,1
12,17,6,27,23,35,1,1,0,1,13,2,0,35,0,1,4,2,2,55,1,1,2,1,0,0,2,1,0,0,23,39,23,50,88,88,0,0,0,0,1,7,1,121168,0,2009,99999,US-19,99999999999999999999,0000000,28.891125,-82.5847,1,1
12,23,6,29,18,57,1,1,0,1,11,1,0,34,0,1,4,3,3,70,1,1,2,2,28,3,1,2,0,0,18,57,19,1,88,88,0,0,0,0,1,2,0,121169,0,2009,99999,I-75,99999999999999999999,0000000,30.18251944,-82.68980833,1,2
12,73,6,29,15,40,1,2,0,1,2,2,0,42,0,1,1,3,2,65,1,1,2,2,28,3,1,2,0,0,15,47,16,0,99,99,0,0,0,0,1,2,0,121171,0,2009,99999,US-319,99999999999999999999,0000000,30.60294722,-84.18215,1,2
12,95,6,29,2,30,1,1,0,0,13,2,0,42,0,1,4,1,2,30,2,1,2,1,28,3,2,1,0,0,99,99,99,99,88,88,0,0,0,0,1,2,1,121172,0,2009,99999,US-441,99999999999999999999,0000000,28.69056389,-81.54759722,1,1
12,83,6,30,9,40,1,1,0,0,6,4,0,33,0,1,4,1,9,25,2,1,2,2,28,3,1,2,0,0,9,43,9,52,99,99,0,0,0,0,1,3,0,121173,0,2009,99999,7074 SE 12TH CIRCLE,99999999999999999999,0000000,29.11261389,-82.112975,1,2
12,101,6,30,14,50,2,2,0,0,3,2,0,12,2,1,1,1,2,55,1,1,2,2,28,3,1,2,0,0,14,51,14,57,99,99,0,0,0,0,1,3,0,121174,0,2009,99999,US-41,99999999999999999999,0000000,28.28148056,-82.48508889,2,2
12,113,7,5,8,7,3,3,0,0,3,3,0,12,8,1,4,1,2,55,1,1,1,1,28,3,1,1,0,0,8,7,8,19,88,88,0,0,0,0,1,1,1,121175,0,2009,99999,SR-87,99999999999999999999,0000000,30.56641944,-86.92251944,3,1
12,31,6,8,14,10,1,2,1,0,14,3,0,8,0,1,1,2,3,45,1,1,2,2,28,3,1,1,0,0,14,15,14,17,88,88,0,0,0,0,1,2,0,121176,1510,2009,99999,SR-134,99999999999999999999,0000000,30.24798333,-81.78500556,1,1
12,11,6,11,16,55,1,1,0,0,14,6,0,42,0,1,4,2,2,40,1,1,2,1,0,0,1,1,0,0,99,99,16,52,99,99,0,0,0,0,1,5,0,121177,2260,2009,99999,2200 W. PROSPECT RD,99999999999999999999,0000000,26.18094167,-80.15620556,1,1
12,79,7,3,17,54,1,2,0,0,6,4,0,35,0,1,4,1,2,55,2,1,5,1,0,0,1,1,0,0,99,99,17,50,99,99,0,0,0,0,1,6,0,121178,0,2009,99999,SE CAMELOT WAY,99999999999999999999,0000000,30.40386111,-83.25345,1,1
12,23,7,3,1,42,2,3,0,1,1,1,0,13,2,1,1,2,2,70,1,1,2,1,0,0,2,1,0,0,1,44,1,54,99,99,0,0,0,0,1,6,1,121179,0,2009,99999,I-10,99999999999999999999,0000000,30.241125,-82.61547222,2,1
12,15,7,4,2,45,1,1,0,0,13,2,0,30,0,1,4,3,3,45,1,1,2,1,28,3,3,1,0,0,2,50,2,55,88,88,0,0,0,0,1,7,1,121180,0,2009,99999,US-41,99999999999999999999,0000000,27.00436667,-82.12973333,1,1
12,53,7,6,4,46,2,2,0,1,1,1,0,12,1,1,1,2,2,70,1,1,2,1,28,3,2,1,0,0,99,99,4,55,88,88,0,0,0,0,1,2,0,121181,0,2009,99999,I-75,99999999999999999999,0000000,28.51463056,-82.23955278,2,1
12,55,7,9,3,39,1,2,1,1,2,2,0,8,0,1,1,3,2,65,2,1,2,1,28,3,2,1,0,0,3,40,3,56,88,88,0,0,0,0,1,5,0,121182,0,2009,99999,US-27,99999999999999999999,0000000,27.35203889,-81.38816111,1,1
12,86,3,31,11,50,1,2,1,0,13,3,0,9,0,2,1,1,2,30,1,1,2,1,3,3,1,1,0,0,99,99,99,99,99,99,0,0,0,0,1,3,0,121183,2020,2009,99999,SR-112,41ST ST,0000000,25.81386111,-80.13168056,1,1
12,91,5,15,23,1,1,1,0,0,16,6,0,42,0,1,4,1,2,20,2,2,2,1,20,3,3,1,0,0,23,2,23,9,99,99,0,0,0,0,1,6,1,121184,2200,2009,99999,CR-285,99999999999999999999,0000000,30.51934444,-86.48089444,1,1
12,86,5,27,7,2,2,2,0,1,2,2,0,12,5,2,1,2,2,50,1,1,2,1,3,3,1,1,0,0,7,8,7,8,99,99,0,0,0,0,1,4,1,121185,0,2009,99999,US-27,NW 118TH AVE,0000000,25.90213889,-80.38738611,2,1
12,86,6,13,4,57,1,2,1,0,13,3,0,8,0,1,1,2,3,40,1,1,2,1,0,0,3,1,0,0,7,15,7,45,88,88,0,0,0,0,1,7,0,121186,2930,2009,99999,SR-825,99999999999999999999,0000000,25.68049722,-80.41653889,1,1
12,86,6,13,4,44,2,2,0,0,6,4,0,12,4,1,1,1,2,45,1,1,1,1,0,0,2,1,0,0,99,99,4,50,88,88,0,0,0,0,2,7,1,121187,0,2009,99999,SW 147TH AVE,99999999999999999999,0000000,25.58815278,-80.429575,2,1
12,97,6,20,4,44,1,1,0,0,13,2,0,34,0,1,4,2,2,55,2,1,2,1,0,0,2,1,0,0,4,44,4,55,88,88,0,0,0,0,1,7,0,121188,1590,2009,99999,US-17,99999999999999999999,0000000,28.27973889,-81.41640556,1,1
12,86,6,23,15,0,2,3,0,0,14,3,0,12,4,2,1,2,2,40,1,1,2,1,3,3,1,1,0,0,15,3,15,8,99,99,0,0,0,0,1,3,0,121189,0,2009,99999,SR-986,SW 107TH AVE,0000000,25.70103333,-80.36616667,2,1
12,11,3,20,5,3,1,2,1,0,13,3,0,8,0,1,1,2,3,40,1,1,2,1,28,3,3,1,0,0,99,99,99,99,99,99,0,0,0,0,1,6,0,121190,1050,2009,99999,SR-845,99999999999999999999,0000000,26.13931944,-80.15393889,1,1
12,11,3,28,17,21,2,2,0,0,16,6,0,25,0,1,4,3,2,25,2,1,2,1,0,0,1,1,0,0,99,99,99,99,99,99,0,0,0,0,1,7,0,121191,1050,2009,99999,LAUDERDALE MANOR DR,99999999999999999999,0000000,26.13856389,-80.16778333,1,1
12,86,5,9,19,50,1,1,0,0,6,4,0,3,0,2,5,4,1,30,1,1,5,9,0,0,2,9,0,0,99,99,99,99,88,88,0,0,0,0,1,7,1,121192,0,2009,99999,SW 236 STREET,SW 229 AVENUE,0000000,25.54660278,-80.50614444,1,9
12,127,5,30,22,5,1,2,1,0,6,4,0,8,0,1,1,1,2,30,1,1,2,1,28,3,2,1,0,0,99,99,9,57,99,99,0,0,0,0,1,7,0,121193,0,2009,99999,DERBYSHIRE ROAD,99999999999999999999,0000000,29.23697222,-81.06701944,1,1
12,11,6,1,3,37,1,2,0,0,14,6,0,42,0,1,3,2,2,35,1,1,2,1,0,0,3,1,0,0,3,37,3,43,99,99,0,0,0,0,1,2,1,121194,1050,2009,99999,ANDREWS AVENUE,99999999999999999999,0000000,26.10398889,-80.14288056,1,1
12,9,6,2,20,5,2,2,0,0,16,6,0,12,5,2,1,1,4,40,1,1,2,1,3,3,5,1,0,0,20,5,20,10,88,88,0,0,0,0,1,3,1,121195,3175,2009,99999,CR-509,GREENBORO DRIVE,0000000,28.094775,-80.67265,2,1
12,86,6,14,9,17,1,1,0,0,6,4,0,42,0,1,3,2,3,35,1,1,1,1,0,0,1,1,0,0,99,99,99,99,99,99,0,0,0,0,1,1,0,121197,2930,2009,99999,W FLAGLER STREET,99999999999999999999,0000000,25.77035278,-80.30920833,1,1
12,86,6,16,4,5,2,2,0,1,12,3,0,12,1,1,1,2,5,60,1,1,2,1,0,0,2,1,0,0,4,7,4,13,88,88,0,0,0,0,1,3,0,121198,0,2009,99999,SR-821,99999999999999999999,0000000,25.64189444,-80.385375,2,1
12,71,6,18,6,0,2,2,1,0,13,3,0,9,0,1,1,2,2,55,1,1,2,1,28,3,1,1,0,0,6,0,6,16,88,88,0,0,0,0,1,5,0,121199,457,2009,99999,SR-78,99999999999999999999,0000000,26.65395556,-81.97004167,1,1
12,11,6,20,3,30,1,1,0,0,13,3,0,33,0,1,4,2,2,45,1,1,2,1,28,3,3,1,0,0,3,30,3,35,99,99,0,0,0,0,1,7,1,121200,2916,2009,99999,SR-817,99999999999999999999,0000000,26.15283889,-80.25669444,1,1
12,111,6,21,15,22,1,2,0,1,12,3,0,35,0,1,4,2,2,70,1,1,2,1,28,3,1,1,0,0,15,22,15,34,99,99,0,0,0,0,1,1,0,121201,0,2009,99999,SR-91,99999999999999999999,0000000,27.37943611,-80.38634722,1,1
12,11,6,22,12,37,2,2,0,0,13,3,0,12,4,2,1,3,3,35,1,1,2,1,3,3,1,1,0,0,99,99,99,99,99,99,0,0,0,0,1,2,0,121202,2468,2009,99999,SR-824,I-95,0000000,25.99599444,-80.16590833,2,1
12,109,6,25,21,55,1,4,1,0,13,3,0,8,0,1,1,2,2,40,1,1,1,1,0,0,3,1,0,0,21,59,21,59,88,88,0,0,0,0,1,5,0,121203,2690,2009,99999,SR-16,99999999999999999999,0000000,29.66491667,-81.29168333,1,1
12,11,6,28,6,44,1,1,0,0,14,6,0,33,0,1,4,3,3,45,1,1,2,1,28,3,4,1,0,0,6,44,6,50,88,88,0,0,0,0,1,1,1,121204,2916,2009,99999,NW 136TH AVE,99999999999999999999,0000000,26.13507778,-80.33001389,1,1
12,103,6,29,10,15,4,4,0,0,16,6,0,12,1,1,1,2,2,40,1,1,2,1,0,0,1,1,0,0,10,18,10,23,99,99,0,0,0,0,1,2,0,121205,2530,2009,99999,CR-296,99999999999999999999,0000000,27.87275,-82.72874722,4,1
12,105,6,29,11,25,2,2,0,0,6,4,0,12,2,1,1,1,2,45,2,1,2,1,28,3,1,1,0,0,11,27,11,35,99,99,0,0,0,0,1,2,0,121206,0,2009,99999,CR-540,99999999999999999999,0000000,27.96526111,-81.68674444,2,1
12,53,7,12,17,40,1,2,0,0,6,4,0,27,0,1,4,1,2,45,2,1,2,1,28,3,1,1,0,0,17,41,18,8,99,99,0,0,0,0,1,1,0,121207,0,2009,99999,CR-476,99999999999999999999,0000000,28.62791667,-82.41783056,1,1
12,89,7,1,10,35,1,2,1,1,14,3,0,8,0,1,1,2,2,45,1,1,2,1,3,3,1,1,0,0,10,36,10,41,99,99,0,0,0,0,1,4,0,121208,0,2009,99999,SR-A1A,99999999999999999999,0000000,30.63966111,-81.45845556,1,1
12,95,7,2,3,0,1,1,0,0,12,3,0,37,0,1,4,2,2,65,1,1,2,1,28,3,3,1,0,0,6,30,6,36,88,88,0,0,0,0,1,5,0,121209,0,2009,99999,SR-429,99999999999999999999,0000000,28.58964722,-81.55748889,1,1
12,127,7,2,3,5,2,4,0,0,16,6,0,12,5,2,1,2,2,45,1,1,2,1,4,3,2,1,0,0,99,99,99,99,99,99,0,0,0,0,1,5,1,121210,780,2009,99999,CLYDE MORRIS BLVD,STRICKLAND RANGE RD,0000000,29.23709167,-81.09094722,2,1
12,127,7,4,14,55,1,1,0,1,11,1,0,1,0,1,2,2,2,70,1,1,2,1,28,3,1,1,0,0,14,58,15,6,88,88,0,0,0,0,1,7,0,121211,2190,2009,99999,I-95,99999999999999999999,0000000,29.00646944,-80.984075,1,1
12,121,7,4,18,0,2,5,0,0,6,4,0,12,5,2,1,1,2,45,1,1,2,1,20,3,1,1,0,0,18,2,18,10,99,99,0,0,0,0,1,7,1,121212,0,2009,99999,104TH ST,169TH RD,0000000,30.26097222,-83.09763611,2,1
12,103,7,4,23,18,2,5,0,0,6,4,0,27,0,1,3,2,2,40,1,1,2,1,0,0,3,1,0,0,23,19,23,22,88,88,0,0,0,0,1,7,0,121213,0,2009,99999,CR-202,99999999999999999999,0000000,27.82093611,-82.747125,2,1
12,11,7,4,4,32,1,2,1,1,11,1,0,8,0,1,1,3,4,65,1,1,2,1,0,0,2,1,0,0,4,39,4,44,88,88,0,0,0,0,1,7,0,121214,0,2009,99999,I-95,99999999999999999999,0000000,26.04513056,-80.16258611,1,1
12,61,7,5,0,14,2,6,0,0,6,4,0,12,1,1,1,1,2,45,1,1,2,1,0,0,2,1,0,0,0,17,0,25,99,99,0,0,0,0,1,1,1,121216,2673,2009,99999,ROSELAND RD,99999999999999999999,0000000,27.82942222,-80.49963333,2,1
12,9,7,5,2,15,2,2,0,1,12,3,0,12,1,1,1,2,2,45,1,1,2,1,0,0,2,1,0,0,2,20,2,26,88,88,0,0,0,0,1,1,1,121217,2005,2009,99999,SR-528,99999999999999999999,0000000,28.40521667,-80.67187778,2,1
12,61,7,6,0,44,1,1,0,0,6,4,0,31,0,2,4,1,2,45,1,1,2,2,20,3,2,1,0,0,0,45,0,51,88,88,0,0,0,0,1,2,1,121218,0,2009,99999,8TH ST,90TH AVE,0000000,27.61718889,-80.51243611,1,1
12,51,7,6,2,31,1,1,0,1,2,3,0,27,0,1,4,1,2,60,2,1,2,1,0,0,2,1,0,0,2,31,2,35,88,88,0,0,0,0,1,2,1,121219,0,2009,99999,SR-80,99999999999999999999,0000000,26.76781111,-81.37871944,1,1
12,31,7,10,3,21,1,2,1,0,14,2,0,8,0,1,1,1,2,55,1,1,2,1,0,0,2,1,0,0,3,25,3,33,88,88,0,0,0,0,1,6,0,121220,1510,2009,99999,US-90,99999999999999999999,0000000,30.31542222,-81.83931389,1,1
12,33,7,11,0,53,1,2,0,0,16,6,0,27,0,1,4,1,2,35,2,1,2,1,0,0,2,1,0,0,0,58,1,7,99,99,0,0,0,0,1,7,1,121221,0,2009,99999,JOHNSON AVE,99999999999999999999,0000000,30.51868611,-87.23004167,1,1
12,86,7,12,3,3,1,4,2,1,13,2,0,9,0,1,1,3,2,45,1,1,2,1,0,0,3,1,0,0,3,3,3,14,99,99,0,0,0,0,2,1,1,121222,0,2009,99999,US-1,99999999999999999999,0000000,25.54336667,-80.40416111,1,1
12,81,7,12,20,55,1,3,1,0,13,2,0,8,0,1,1,5,6,45,1,1,2,1,0,0,2,1,0,0,21,0,21,4,99,99,0,0,0,0,1,1,1,121223,0,2009,99999,US-41,99999999999999999999,0000000,27.43879444,-82.57542778,1,1
12,86,1,21,4,9,2,5,0,0,2,2,0,12,2,1,1,1,2,55,1,1,2,1,28,3,2,1,0,0,4,13,4,31,99,99,0,0,0,0,1,4,0,121224,0,2009,99999,US-41,99999999999999999999,0000000,25.761325,-80.56308611,2,1
12,11,6,15,20,50,1,3,1,0,13,2,0,8,0,1,1,3,3,45,1,1,2,1,0,0,3,1,0,0,20,57,21,1,99,99,0,0,0,0,1,2,0,121225,0,2009,99999,US-441,99999999999999999999,0000000,26.10391389,-80.20151944,1,1
12,101,2,13,23,0,1,3,2,1,13,2,0,8,0,2,1,2,3,45,1,1,2,1,2,3,3,1,0,0,23,7,23,8,99,99,0,0,0,0,1,6,0,121226,2590,2009,99999,US-19,CR-524,0000000,28.28054167,-82.71719167,1,1
12,99,6,7,21,50,2,3,0,0,15,6,0,12,4,2,1,1,7,35,1,1,2,1,3,3,3,1,0,0,21,53,21,57,99,99,0,0,0,0,1,1,1,121227,1560,2009,99999,CENTER STREET,LOXAHATCHEE RIVER RD,0000000,26.93963333,-80.12129444,2,1
12,9,6,10,16,15,2,2,0,0,13,2,0,12,1,1,1,2,2,55,1,1,2,1,28,3,1,1,0,0,16,15,16,24,99,99,0,0,0,0,1,4,1,121228,2670,2009,99999,US-1,99999999999999999999,0000000,28.3042,-80.70496111,2,1
12,99,6,16,18,48,1,1,0,0,16,6,0,30,0,1,4,1,4,40,1,1,2,1,0,0,1,1,0,0,18,49,18,53,88,88,0,0,0,0,1,3,0,121229,290,2009,99999,SOUTH DIXIE HWY,99999999999999999999,0000000,26.32304722,-80.09803611,1,1
12,63,6,19,11,49,1,2,0,0,6,4,0,1,0,1,1,1,2,55,2,1,2,1,0,0,1,1,0,0,99,99,99,99,99,99,0,0,0,0,1,6,0,121230,0,2009,99999,CR-167,99999999999999999999,0000000,30.77305278,-85.22682778,1,1
12,101,6,21,11,51,3,6,0,1,13,2,0,12,2,2,1,2,3,45,1,1,2,1,3,3,1,1,0,0,99,99,99,99,99,99,0,0,0,0,1,1,0,121231,0,2009,99999,US-19,RANCH RD,0000000,28.31685,-82.69917778,3,1
12,125,6,22,12,34,2,2,0,0,3,3,0,12,4,2,1,1,3,40,1,1,2,1,20,3,1,1,0,0,99,99,99,99,99,99,0,0,0,0,1,2,0,121232,1650,2009,99999,SR-121,SE 6TH AVE,0000000,30.01845556,-82.33077778,2,1
12,11,6,22,9,25,1,1,0,0,12,6,0,33,0,1,4,2,2,45,2,1,2,1,0,0,1,1,0,0,9,25,9,29,99,99,0,0,0,0,1,2,0,121233,2468,2009,99999,SHERIDAN ST,99999999999999999999,0000000,26.02849444,-80.32896111,1,1
12,107,7,3,4,15,1,1,0,0,6,4,0,27,0,1,4,1,2,35,2,2,2,1,28,3,2,1,0,0,4,16,4,29,88,88,0,0,0,0,1,6,1,121234,0,2009,99999,GEORGETOWN DENVER RD,99999999999999999999,0000000,29.40973889,-81.55465,1,1
12,11,7,5,20,53,1,2,1,0,14,3,0,8,0,1,1,2,3,40,1,1,2,1,0,0,3,1,0,0,20,53,20,57,88,88,0,0,0,0,1,1,0,121235,1420,2009,99999,SR-822,99999999999999999999,0000000,26.03346944,-80.15559444,1,1
12,27,7,6,14,23,2,2,0,1,2,2,0,12,5,12,1,1,2,60,1,1,2,1,0,0,1,1,0,0,14,23,14,31,99,99,0,0,0,0,1,2,0,121236,0,2009,99999,US-17,SW HULL AVE,0000000,27.12213056,-81.91401667,2,1
12,95,7,7,2,10,1,2,0,0,6,4,0,1,0,1,4,1,2,45,2,1,2,1,0,0,2,1,0,0,2,10,2,16,88,88,0,0,0,0,1,3,1,121237,0,2009,99999,ALAFAYA TRAIL,99999999999999999999,0000000,28.52740556,-81.20474167,1,1
12,99,7,11,22,15,1,3,0,1,11,1,0,25,0,1,4,3,5,65,1,1,2,1,0,0,3,1,0,0,22,16,22,21,88,88,0,0,0,0,1,7,0,121238,1760,2009,99999,I-95,99999999999999999999,0000000,26.59601111,-80.069025,1,1
12,86,7,11,18,45,2,3,0,0,13,3,0,12,2,2,1,2,3,40,1,1,2,1,3,3,1,1,0,0,99,99,99,99,99,99,0,0,0,0,1,7,0,121239,0,2009,99999,SR-976,SW 97TH AVE,0000000,25.73264167,-80.35173611,2,1
12,71,7,12,0,44,2,3,0,0,14,3,0,12,2,1,1,1,2,45,1,1,2,1,0,0,3,1,0,0,0,45,0,47,99,99,0,0,0,0,2,1,2,121240,0,2009,99999,SR-865,99999999999999999999,0000000,26.49830278,-81.94341389,2,1
12,9,7,12,0,30,2,2,0,0,13,2,0,12,1,1,1,2,2,55,1,1,2,1,0,0,2,1,0,0,0,29,0,35,99,99,0,0,0,0,1,1,1,121241,2073,2009,99999,US-1,GLEN RD,0000000,28.67043056,-80.84733611,2,1
12,69,7,12,17,45,1,3,0,0,6,4,0,1,0,1,4,1,2,30,1,1,5,1,0,0,1,1,0,0,17,50,17,57,99,99,0,0,0,0,1,1,0,121242,0,2009,99999,JOSLYN LANE,99999999999999999999,0000000,28.91988056,-81.887025,1,1
12,59,7,13,20,20,1,4,0,1,1,1,0,42,0,1,5,2,2,70,1,1,2,1,0,0,2,1,0,0,20,35,20,44,99,99,0,0,0,0,1,2,1,121243,0,2009,99999,I-10,99999999999999999999,0000000,30.76075556,-85.73520278,1,1
12,95,7,14,3,42,1,1,0,0,6,4,0,30,0,1,4,1,2,45,1,1,2,1,0,0,3,1,0,0,3,44,3,52,99,99,0,0,0,0,1,3,1,121245,0,2009,99999,CR-435,99999999999999999999,0000000,28.42099722,-81.50331944,1,1
12,71,7,15,11,8,1,2,1,0,13,2,0,8,0,1,1,1,2,55,1,1,2,1,0,0,1,1,0,0,11,8,11,16,99,99,0,0,0,0,1,4,0,121246,0,2009,99999,US-41,99999999999999999999,0000000,26.71698333,-81.90373056,1,1
12,31,7,16,22,26,1,1,0,0,12,3,0,25,0,1,4,3,2,60,1,1,1,1,0,0,6,1,0,0,99,99,99,99,88,88,0,0,0,0,1,5,0,121247,1520,2009,99999,SR-202,99999999999999999999,0000000,30.25628611,-81.39328611,1,1
12,1,7,16,0,40,2,2,0,0,6,4,0,12,7,2,1,1,2,30,1,1,2,5,28,3,2,1,0,0,0,48,0,55,88,88,0,0,0,0,1,5,1,121248,0,2009,99999,SW 122 STREET,SW 99 AVENUE,0000000,29.56354444,-82.47310833,2,1
12,131,7,16,16,30,2,5,0,0,6,4,0,12,5,2,1,1,2,30,1,1,5,1,20,3,1,1,0,0,16,31,16,37,99,99,0,0,0,0,2,5,0,121249,0,2009,99999,COTTONWOOD BLVD,WEST ROYAL PALM AVE,0000000,30.75091667,-86.25271389,2,1
12,89,7,16,8,15,1,1,0,1,2,2,0,42,0,1,4,2,2,65,1,1,2,1,28,3,1,1,0,0,8,18,8,24,99,99,0,0,0,0,1,5,0,121250,0,2009,99999,US-1,99999999999999999999,0000000,30.64121667,-81.86549722,1,1
12,81,7,17,23,0,2,3,0,0,6,4,0,12,5,2,1,1,2,35,1,1,2,1,20,3,2,1,0,0,23,7,23,9,99,99,0,0,0,0,1,6,1,121251,0,2009,99999,51ST STREET W,18TH AVENUE W,0000000,27.48385,-82.61218333,2,1
12,83,7,17,22,44,1,2,1,0,6,4,0,8,0,1,1,1,4,55,1,1,2,1,28,3,2,1,0,0,22,46,22,55,99,99,0,0,0,0,1,6,0,121252,0,2009,99999,CR-464,99999999999999999999,0000000,29.133325,-82.04325833,1,1
12,89,7,17,9,15,3,3,0,1,2,2,0,12,1,1,1,1,2,60,1,1,2,1,28,3,1,1,0,0,9,19,9,23,99,99,0,0,0,0,1,6,0,121253,0,2009,99999,US-301,99999999999999999999,0000000,30.54410556,-81.84914167,3,1
12,11,3,14,16,35,2,2,0,0,13,3,0,12,5,2,1,3,3,45,1,1,2,1,3,3,1,1,0,0,99,99,99,99,99,99,0,0,0,0,1,7,0,121254,2541,2009,99999,SR-817,N MARCANO BLVD,0000000,26.14321944,-80.25686667,2,1
12,31,4,19,3,15,1,2,0,0,16,6,0,1,0,1,4,1,2,45,2,2,2,1,0,0,3,1,0,0,99,99,99,99,99,99,0,0,0,0,1,1,0,121255,1510,2009,99999,GIRVIN RD,99999999999999999999,0000000,30.33760556,-81.46526944,1,1
12,86,5,2,18,58,1,1,0,1,12,3,0,39,0,5,2,6,2,35,2,1,2,1,0,0,1,1,0,0,99,99,99,99,99,99,0,0,0,0,1,7,0,121256,2906,2009,99999,SR-826,SR-A1A,0000000,25.93066389,-80.122475,1,1
12,11,5,18,15,48,3,5,0,0,13,3,0,12,5,2,1,2,3,35,1,1,2,1,3,3,1,1,0,0,99,99,99,99,99,99,0,0,0,0,1,2,0,121257,1420,2009,99999,SR-820,N 46TH AVE,0000000,26.01043889,-80.18956944,3,1
12,86,5,25,4,5,1,3,0,1,13,2,0,33,0,1,4,2,3,40,1,1,2,1,28,3,3,1,0,0,4,6,4,14,99,99,0,0,0,0,1,2,1,121258,2010,2009,99999,US-1,99999999999999999999,0000000,25.74494444,-80.22435,1,1
12,31,7,3,20,22,4,11,1,1,11,1,0,14,1,1,2,2,3,55,1,1,1,1,28,3,1,1,0,0,20,24,20,29,88,88,0,14,0,0,1,6,0,121259,1510,2009,99999,I-95,99999999999999999999,0000000,30.31361111,-81.65228333,2,1
12,91,7,19,1,0,1,5,0,0,6,4,0,42,0,1,4,1,2,50,2,2,2,1,28,3,2,1,0,0,1,12,1,22,99,99,0,0,0,0,1,1,1,121260,0,2009,99999,CR-393,99999999999999999999,0000000,30.80861667,-86.40852778,1,1
12,99,7,19,11,26,1,1,0,1,11,1,0,24,0,5,4,6,1,70,2,2,2,1,28,3,1,1,0,4,11,28,11,39,88,88,0,20,0,0,1,1,0,121261,1560,2009,99999,I-95,SR-706,0000000,26.93440833,-80.14788056,1,1
12,33,7,19,3,12,1,1,0,0,6,4,0,33,0,1,4,2,2,40,2,2,2,1,28,3,3,1,0,0,3,13,3,23,88,88,0,0,0,0,1,1,1,121262,0,2009,99999,UNIVERSITY PKWY,99999999999999999999,0000000,30.52325,-87.22130278,1,1
12,85,7,20,2,25,1,1,0,0,4,4,0,42,0,1,4,1,2,45,1,1,2,2,28,3,2,1,0,0,2,26,2,34,88,88,0,0,0,0,1,2,1,121263,0,2009,99999,SW 96TH ST,99999999999999999999,0000000,27.08809167,-80.30506111,1,1
12,11,4,1,0,58,1,2,1,0,13,3,0,8,0,3,1,2,3,45,1,1,2,1,3,3,3,1,0,0,0,58,1,3,88,88,0,0,0,0,1,4,0,121264,2260,2009,99999,SR-816,NW 21ST AVE,0000000,26.16547778,-80.17065278,1,1
12,11,4,20,16,18,2,2,0,0,14,6,0,12,5,8,1,3,3,45,1,1,2,1,0,0,1,1,0,0,99,99,99,99,99,99,0,0,0,0,1,2,0,121265,1050,2009,99999,NW 31ST AVE,W CYPRESS RD,0000000,26.20155833,-80.18796389,2,1
12,86,5,25,22,12,1,4,1,1,13,2,0,8,0,1,1,2,3,45,1,1,2,1,28,3,3,1,0,0,22,14,22,19,88,88,0,0,0,0,1,2,0,121266,2010,2009,99999,US-1,99999999999999999999,0000000,25.74019167,-80.23706944,1,1
12,86,5,29,19,56,1,2,1,0,6,4,0,8,0,1,1,1,2,40,1,1,2,2,0,0,1,1,0,0,19,56,20,8,88,88,0,0,0,0,1,6,0,121267,0,2009,99999,SW 167TH AVE,99999999999999999999,0000000,25.52140556,-80.46152778,1,1
12,86,6,14,5,36,1,1,0,0,6,4,0,42,0,1,4,1,2,30,1,1,2,1,0,0,1,1,0,0,99,99,99,99,99,99,0,0,0,0,1,1,0,121268,0,2009,99999,SW 82ND PL,99999999999999999999,0000000,25.75115556,-80.32935556,1,1
12,71,6,24,15,17,4,5,0,0,16,6,0,12,3,2,1,2,3,45,1,1,2,2,3,3,1,2,0,0,15,17,15,20,88,88,0,0,0,0,1,4,0,121269,1070,2009,99999,SUMMERLIN ROAD,COLONIAL BLVD,0000000,26.59668056,-81.88415,4,2