STATE,COUNTY,MONTH,DAY,HOUR,MINUTE,VE_TOTAL,PERSONS,PEDS,NHS,ROAD_FNC,ROUTE,SP_JUR,HARM_EV,MAN_COLL,REL_JUNC,REL_ROAD,TRAF_FLO,NO_LANES,SP_LIMIT,ALIGNMNT,PROFILE,PAVE_TYP,SUR_COND,TRA_CONT,T_CONT_F,LGT_COND,WEATHER1,WEATHER2,WRK_ZONE,NOT_HOUR,NOT_MIN,ARR_HOUR,ARR_MIN,HOSP_HR,HOSP_MN,SCH_BUS,CF1,CF2,CF3,FATALS,DAY_WEEK,DRUNK_DR,ST_CASE,CITY,YEAR,MILEPT,TWAY_ID,TWAY_ID2,RAIL,LATITUDE,LONGITUD,VE_FORMS,WEATHER
12,99,6,26,0,21,2,5,3,0,14,3,0,8,0,1,1,2,2,50,1,1,2,1,28,3,2,1,0,1,0,23,0,30,99,99,0,0,0,0,2,6,0,121270,1560,2009,99999,SR-811,99999999999999999999,0000000,26.78685556,-80.05638333,2,1
12,86,7,3,6,35,1,2,1,0,6,4,0,8,0,1,2,1,2,40,1,1,2,1,28,3,1,1,0,0,6,38,6,48,88,88,0,0,0,0,1,6,0,121271,0,2009,99999,SW 134TH AVENUE,99999999999999999999,0000000,25.55333889,-80.40890833,1,1
12,86,7,4,5,43,1,1,0,0,16,6,0,42,0,1,4,1,4,40,1,1,2,2,0,0,3,1,0,0,5,43,5,46,88,88,0,0,0,0,1,7,0,121272,1340,2009,99999,5000 BLK,99999999999999999999,0000000,25.873825,-80.31511667,1,1
12,57,7,5,22,12,1,2,1,0,6,4,0,8,0,1,1,1,2,45,1,1,2,1,28,3,2,1,0,0,22,13,22,20,88,88,0,0,0,0,1,1,0,121273,0,2009,99999,SYMMES ROAD,99999999999999999999,0000000,27.83513889,-82.36666667,1,1
12,99,7,8,18,21,1,1,0,0,14,4,0,33,0,2,4,2,2,45,1,1,2,1,3,3,1,1,0,0,18,22,18,26,99,99,0,0,0,0,1,4,1,121274,0,2009,99999,LINTON BLVD,SIMS RD,0000000,26.43930556,-80.13053611,1,1
12,57,7,10,3,33,1,1,0,0,6,4,0,42,0,1,4,1,2,45,1,1,2,1,28,3,2,1,0,0,3,35,3,44,88,88,0,0,0,0,1,6,1,121275,0,2009,99999,TURKEY CREEK RD,99999999999999999999,0000000,27.89639722,-82.17048611,1,1
12,57,7,10,21,55,2,3,1,0,13,3,0,9,0,2,1,2,2,50,1,2,2,1,3,3,3,1,0,0,21,55,21,59,88,88,0,0,0,0,1,6,0,121276,2950,2009,99999,SR-60,34TH ST,0000000,27.95455556,-82.42240278,2,1
12,86,7,11,21,42,1,1,0,0,6,4,0,1,0,1,1,1,2,30,1,1,2,1,0,0,2,1,0,0,99,99,99,99,99,99,0,0,0,0,1,7,0,121277,0,2009,99999,NE 160TH ST,99999999999999999999,0000000,25.92183333,-80.19667222,1,1
12,99,7,11,16,26,3,3,0,1,13,2,0,12,5,2,1,2,4,50,1,1,2,1,3,3,1,1,0,0,16,26,16,32,99,99,0,0,0,0,1,7,1,121278,2674,2009,99999,US-98,LAMSTEIN LN,0000000,26.68106389,-80.21952778,3,1
12,11,7,12,21,35,2,2,0,0,13,3,0,12,4,2,1,1,3,40,1,1,2,1,0,0,3,1,0,0,21,35,21,35,99,99,0,0,0,0,1,1,0,121279,1050,2009,99999,SR-838,NW 10TH AVENUE,0000000,26.13647778,-80.15479722,2,1
12,11,7,12,15,3,1,1,0,0,15,6,0,42,0,1,3,2,2,40,1,1,2,1,0,0,1,1,0,0,15,3,15,8,88,88,0,0,0,0,1,1,0,121280,2541,2009,99999,PETERS ROAD,99999999999999999999,0000000,26.10569167,-80.23531111,1,1
12,103,7,14,0,30,1,3,0,0,16,6,0,53,0,1,4,1,2,25,1,1,2,1,28,3,3,1,0,0,99,99,99,99,88,88,0,0,0,0,1,3,1,121281,2530,2009,99999,LAKE BLVD,99999999999999999999,0000000,27.86599167,-82.69992222,1,1
12,95,7,14,1,8,2,2,0,0,16,6,0,14,1,1,4,1,2,30,1,1,2,2,0,0,3,1,0,0,1,8,1,12,88,88,0,0,0,0,1,3,1,121282,2360,2009,99999,GERDA TERRACE,99999999999999999999,0000000,28.56986667,-81.38168611,1,1
12,127,7,14,9,56,1,1,0,0,16,6,0,5,0,3,1,1,2,35,2,1,2,1,0,0,1,1,0,0,9,56,9,59,99,99,0,0,0,0,1,3,0,121283,2375,2009,99999,S. BEACH STREET,FAIRVIEW AVENUE,0000000,29.27881944,-81.05285833,1,1
12,11,7,17,20,37,1,2,1,0,13,3,0,8,0,2,1,3,3,35,1,1,2,1,28,3,2,1,0,0,20,38,20,47,99,99,0,0,0,0,1,6,0,121284,3250,2009,99999,SR-816,NW 6TH AVE,0000000,26.16630556,-80.1505,1,1
12,86,3,7,3,12,1,1,0,0,16,6,0,42,0,1,4,1,2,30,2,1,2,1,0,0,2,1,0,0,3,14,3,21,88,88,0,0,0,0,1,7,0,121285,670,2009,99999,OLD CUTLER RD,99999999999999999999,0000000,25.69005556,-80.26989722,1,1
12,86,7,4,11,45,2,7,0,1,11,1,0,12,2,1,1,3,2,55,1,1,2,1,28,3,1,1,0,1,11,51,12,2,99,99,0,0,0,0,1,7,0,121286,0,2009,99999,I-95,99999999999999999999,0000000,25.94038889,-80.19112222,2,1
12,105,7,12,2,58,1,2,1,1,2,2,0,8,0,1,2,2,2,65,1,1,2,1,0,0,2,1,0,0,99,99,3,9,88,88,0,0,0,0,1,1,0,121287,0,2009,99999,US-27,99999999999999999999,0000000,27.823175,-81.59448889,1,1
12,101,7,12,20,45,1,3,1,1,13,3,0,8,0,1,1,3,3,45,1,1,2,1,28,3,3,1,0,0,99,99,99,99,88,88,0,0,0,0,1,1,0,121288,0,2009,99999,SR-54,99999999999999999999,0000000,28.19145,-82.46375556,1,1
12,81,7,12,1,15,1,2,1,0,6,4,0,8,0,1,1,2,2,45,1,1,2,1,0,0,2,1,0,0,1,18,1,21,99,99,0,0,0,0,1,1,0,121289,0,2009,99999,15TH STREET,99999999999999999999,0000000,27.43811389,-82.54666944,1,1
12,83,7,14,23,40,1,2,0,1,11,1,0,18,0,1,2,3,3,70,1,1,2,1,28,3,3,1,0,1,23,44,23,47,99,99,0,0,0,0,1,3,1,121290,2270,2009,99999,I-75,99999999999999999999,0000000,29.17775556,-82.18481667,1,1
12,9,7,14,3,55,1,6,0,0,13,3,0,39,0,1,4,2,2,55,1,1,2,1,28,3,3,1,0,0,3,58,4,0,99,99,0,0,0,0,1,3,1,121291,0,2009,99999,SR-A1A,99999999999999999999,0000000,28.25708889,-80.604375,1,1
12,9,7,14,19,15,2,2,0,0,13,3,0,12,5,2,1,1,2,45,1,1,2,1,3,3,1,1,0,0,19,19,19,24,88,88,0,0,0,0,1,3,1,121292,2073,2009,99999,SR-46,HOLDER ROAD,0000000,28.66638611,-80.8654,2,1
12,95,7,16,7,50,1,2,1,0,16,4,0,9,0,2,1,2,3,45,1,1,2,1,3,3,1,1,0,0,7,51,8,0,99,99,0,0,0,0,1,5,0,121293,0,2009,99999,JOHN YOUNG PKWY,TOWN CENTER BLVD,0000000,28.364275,-81.42383056,1,1
12,15,7,16,23,2,2,2,0,0,3,3,0,13,2,1,1,2,2,55,1,1,2,1,28,3,2,1,0,0,23,4,23,12,99,99,0,0,0,0,1,5,0,121294,0,2009,99999,SR-776,99999999999999999999,0000000,26.99691944,-82.19316111,2,1
12,11,7,17,15,54,4,4,0,1,11,1,0,12,1,1,1,3,5,65,1,1,2,1,28,3,1,1,0,0,15,54,16,0,99,99,0,0,0,0,1,6,0,121295,2570,2009,99999,I-95,99999999999999999999,0000000,26.24970833,-80.13676667,4,1
12,9,7,18,20,15,2,8,0,1,11,1,0,12,7,1,1,2,2,70,1,1,2,1,28,3,2,1,0,0,20,18,20,28,99,99,0,0,0,0,1,7,0,121296,0,2009,99999,I-95,99999999999999999999,0000000,28.04806389,-80.66961389,2,1
12,21,7,18,21,57,1,4,0,0,6,4,0,3,0,1,5,1,2,30,1,1,2,1,0,0,2,1,0,0,99,99,99,99,99,99,0,0,0,0,1,7,0,121297,0,2009,99999,BELLAIRE BAY DR,99999999999999999999,0000000,26.27371389,-81.68182222,1,1
12,63,7,18,15,55,2,6,0,0,4,3,0,12,5,2,1,1,2,55,1,2,2,1,0,0,1,1,0,0,15,59,16,9,99,99,0,0,0,0,1,7,0,121298,0,2009,99999,SR-69,I-10,0000000,30.65700833,-85.03813056,2,1
12,95,7,18,20,58,1,2,1,0,13,2,0,9,0,1,1,5,6,45,1,1,2,2,0,0,3,2,0,0,21,0,21,4,88,88,0,0,0,0,1,7,1,121299,0,2009,99999,US-441,99999999999999999999,0000000,28.48730833,-81.39679444,1,2
12,21,7,19,8,55,1,1,0,0,6,4,0,3,0,1,4,1,2,25,1,1,2,1,0,0,1,1,0,0,9,2,9,28,99,99,0,0,0,0,1,1,0,121300,0,2009,99999,GULF SHORE DR,99999999999999999999,0000000,26.26545278,-81.82491111,1,1
12,61,7,20,12,24,2,4,0,0,14,4,0,12,5,2,1,1,4,60,1,1,2,1,20,3,1,1,0,0,12,24,12,30,99,99,0,0,0,0,1,2,0,121301,0,2009,99999,27TH AVE SW,21ST ST,0000000,27.56483333,-80.41445833,2,1
12,57,7,21,4,42,1,1,0,0,16,6,0,42,0,1,4,1,2,30,1,1,2,1,0,0,3,1,0,0,4,44,4,50,99,99,0,0,0,0,1,3,0,121302,2950,2009,99999,BOUGAINVILLEA AVE,99999999999999999999,0000000,28.04355833,-82.433,1,1
12,101,7,21,23,40,2,3,0,1,13,2,0,12,5,2,1,2,3,45,1,1,2,1,0,0,3,1,0,0,23,42,23,45,99,99,0,0,0,0,1,3,1,121303,0,2009,99999,US-19,SR-55,0000000,28.18235556,-82.740175,2,1
12,15,7,21,14,10,2,2,0,0,6,4,0,12,5,2,1,1,2,45,1,1,2,1,20,3,1,1,0,0,14,13,14,14,99,99,0,0,0,0,1,3,0,121304,0,2009,99999,CORNELIUS BLVD,CHAMBERLAIN BLVD,0000000,27.01826111,-82.20530556,2,1
12,101,7,22,22,25,2,2,0,0,13,3,0,12,2,1,1,1,2,50,1,1,2,1,0,0,2,1,0,0,22,26,22,28,99,99,0,0,0,0,1,4,0,121305,0,2009,99999,SR-54,99999999999999999999,0000000,28.22834444,-82.22790833,2,1
12,33,7,22,9,20,2,3,0,1,13,2,0,12,5,2,1,2,2,45,2,1,2,1,20,3,1,1,0,0,9,23,9,26,99,99,0,0,0,0,1,4,1,121306,0,2009,99999,US-29,NINE AND ONE HALF MI,0000000,30.533175,-87.27708611,2,1
12,71,7,23,14,51,3,4,0,0,13,3,0,12,5,2,1,2,3,45,1,1,2,1,0,0,1,1,0,0,14,52,14,54,99,99,0,0,0,0,1,5,0,121307,0,2009,99999,SR-80,BUENA VISTA BLVD,0000000,26.67678056,-81.81173611,3,1
12,57,7,25,18,43,3,3,0,1,13,3,0,12,6,2,1,2,2,55,1,1,2,1,3,3,1,1,0,0,18,46,18,49,99,99,0,0,0,0,1,7,0,121308,0,2009,99999,SR-60,NORTH MILLER RD,0000000,27.93795,-82.24453611,3,1
12,17,7,25,7,35,2,4,0,1,2,3,0,13,2,1,1,2,2,60,1,2,2,1,0,0,1,1,0,0,7,44,7,53,99,99,0,0,0,0,3,7,1,121309,0,2009,99999,SR-44,99999999999999999999,0000000,28.85209722,-82.45996111,2,1
12,63,7,26,0,45,1,1,0,0,3,3,0,42,0,1,4,1,2,55,1,1,2,1,0,0,2,1,0,0,0,50,1,6,88,88,0,0,0,0,1,1,0,121310,0,2009,99999,SR-71,99999999999999999999,0000000,30.63722778,-85.15773333,1,1
12,21,7,26,6,45,1,1,0,0,3,3,0,42,0,1,4,1,2,60,1,1,2,1,0,0,4,1,0,0,6,47,7,2,88,88,0,0,0,0,1,1,0,121311,0,2009,99999,SR-82,99999999999999999999,0000000,26.50686667,-81.51815278,1,1
12,115,7,26,20,55,2,5,0,1,1,1,0,12,1,1,2,2,3,70,1,1,2,2,28,3,2,2,0,0,21,2,21,11,99,99,0,0,0,0,1,1,0,121312,0,2009,99999,I-75,99999999999999999999,0000000,27.26234444,-82.44931389,2,2
12,86,6,11,21,26,1,1,0,1,1,3,0,25,0,13,2,6,1,40,2,2,2,1,28,3,3,1,0,0,99,99,21,30,99,99,0,0,0,0,1,5,0,121313,1340,2009,99999,SR-25,SR-826,0000000,25.85413611,-80.32242778,1,1
12,127,7,17,16,54,2,2,0,1,2,3,0,12,1,1,1,1,2,45,1,2,2,1,28,3,1,1,0,0,99,99,16,59,88,88,0,0,0,0,1,6,0,121315,0,2009,99999,SR-40,99999999999999999999,0000000,29.16826389,-81.52145278,2,1
12,95,7,18,2,20,2,3,0,0,6,4,0,12,1,2,1,1,2,55,1,1,2,1,28,3,2,1,0,0,2,23,2,35,88,88,0,0,0,0,1,7,1,121316,0,2009,99999,PLYMOUTH SORRENTO RD,BOCH RD,0000000,28.77682222,-81.55990278,2,1
12,103,7,18,2,17,1,1,0,0,14,3,0,33,0,1,4,3,3,50,2,1,2,1,28,3,3,1,0,0,99,99,99,99,88,88,0,0,0,0,1,7,1,121317,1770,2009,99999,SR-686,99999999999999999999,0000000,27.91632222,-82.71088056,1,1
12,109,7,18,22,5,1,3,1,0,13,2,0,8,0,1,1,2,2,45,1,1,2,1,28,3,2,1,0,0,22,9,22,14,88,88,0,0,0,0,1,7,0,121318,2690,2009,99999,US-1,99999999999999999999,0000000,29.87748056,-81.32435278,1,1
12,99,7,23,16,15,4,8,1,0,14,6,0,12,2,2,1,2,2,45,1,1,2,1,3,3,1,1,0,0,16,18,16,23,88,88,0,0,0,0,1,5,0,121319,1760,2009,99999,LANTANA RD,13TH ST,0000000,26.58711667,-80.06446389,4,1
12,86,7,23,21,40,2,2,0,1,13,2,0,12,5,2,1,2,2,45,1,1,2,1,28,3,3,1,0,0,21,41,21,47,88,88,0,0,0,0,1,5,0,121320,0,2009,99999,US-1,OLD DIXIE HWY,0000000,25.52379444,-80.42346111,2,1
12,131,7,23,5,44,1,2,0,1,13,2,0,33,0,1,4,2,2,45,2,1,2,1,28,3,4,1,0,0,5,45,5,52,99,99,0,0,0,0,2,5,0,121321,0,2009,99999,US-98,99999999999999999999,0000000,30.27426111,-85.99996944,1,1
12,63,7,24,23,5,1,1,0,0,6,4,0,34,0,1,4,1,2,45,1,1,5,1,28,3,2,1,0,0,23,11,23,23,88,88,0,0,0,0,1,6,1,121322,0,2009,99999,SWEET POND RD,99999999999999999999,0000000,30.83146111,-85.047525,1,1
12,51,7,25,14,22,1,1,0,0,6,4,0,35,0,1,5,1,2,25,2,1,5,1,0,0,1,1,0,0,14,22,15,0,88,88,0,0,0,0,1,7,1,121323,0,2009,99999,17TH ST,99999999999999999999,0000000,26.693325,-81.22816667,1,1
12,31,7,25,9,3,1,1,0,1,11,1,0,24,0,1,4,3,3,65,1,1,2,1,28,3,1,1,0,0,9,10,9,15,88,88,0,0,0,0,1,7,0,121324,1510,2009,99999,I-295,99999999999999999999,0000000,30.16791944,-81.60216944,1,1
12,107,7,27,3,50,1,1,0,0,6,4,0,34,0,1,4,1,2,55,2,1,2,1,28,3,2,1,0,0,3,59,4,11,88,88,0,0,0,0,1,2,1,121325,0,2009,99999,CR-315,99999999999999999999,0000000,29.53969722,-81.8775,1,1
12,31,7,28,2,15,2,2,0,1,11,1,0,12,1,1,1,2,2,65,1,1,2,1,28,3,2,1,0,0,2,17,2,32,88,88,0,0,0,0,1,3,0,121326,1510,2009,99999,I-295,99999999999999999999,0000000,30.4373,-81.72527222,2,1
12,71,7,28,20,17,1,1,0,0,3,3,0,5,0,1,2,1,2,60,2,1,2,2,0,0,2,1,0,0,20,18,20,25,88,88,0,0,0,0,1,3,0,121327,0,2009,99999,SR-82,99999999999999999999,0000000,26.54924444,-81.64237778,1,1
12,63,7,30,17,25,1,4,0,1,1,1,0,1,0,1,3,2,2,70,1,1,2,1,28,3,1,1,0,0,17,31,17,46,99,99,0,0,0,0,1,5,0,121328,0,2009,99999,I-10,99999999999999999999,0000000,30.66995833,-85.06241667,1,1
12,35,7,30,23,40,2,2,0,0,16,6,0,12,5,1,1,1,2,45,2,1,2,1,28,3,2,1,0,0,23,46,23,49,99,99,0,0,0,0,1,5,1,121329,2439,2009,99999,RYMFIRE DRIVE,99999999999999999999,0000000,29.50542778,-81.22055556,2,1
12,86,7,30,0,9,1,2,1,0,13,3,0,8,0,1,1,3,3,40,1,1,2,1,28,3,3,1,0,0,0,10,0,13,88,88,0,0,0,0,1,5,0,121330,0,2009,99999,SR-976,99999999999999999999,0000000,25.73292222,-80.34631111,1,1
12,86,4,19,0,40,2,4,0,0,14,3,0,12,6,2,1,2,2,35,1,1,2,1,4,3,3,1,0,0,0,41,0,45,99,99,0,0,0,0,1,1,1,121331,2010,2009,99999,SR-933,NW 29TH ST,0000000,25.80336944,-80.21554444,2,1
12,111,5,27,12,24,1,1,0,0,16,6,0,53,0,1,4,1,2,25,1,1,2,1,0,0,1,1,0,0,12,24,12,30,88,88,0,0,0,0,1,4,0,121332,1080,2009,99999,N 21ST ST,99999999999999999999,0000000,27.45679167,-80.34584444,1,1
12,95,6,15,10,22,1,3,1,0,16,3,0,8,0,1,1,1,4,25,1,1,2,1,0,0,1,1,0,0,10,25,10,29,99,99,0,0,0,0,1,2,0,121333,2360,2009,99999,SR-527,99999999999999999999,0000000,28.54596111,-81.37910556,1,1
12,11,4,22,5,9,1,2,1,0,13,2,0,8,0,1,1,2,3,35,1,1,1,1,0,0,3,1,0,0,5,9,5,16,88,88,0,0,0,0,1,4,0,121334,1050,2009,99999,US-1,99999999999999999999,0000000,26.13428056,-80.13771111,1,1
12,105,5,20,1,43,1,2,0,0,13,2,0,10,0,6,1,1,2,60,1,1,2,2,68,3,2,1,0,0,99,99,99,99,99,99,0,0,0,0,1,4,0,121335,0,2009,99999,US-98,WEST FROSTPROOF RD,627561Y,27.733675,-81.58275,1,1
12,86,6,2,14,38,3,3,0,0,6,4,0,12,7,11,1,1,4,35,1,1,1,1,0,0,1,1,0,0,14,38,14,44,99,99,0,0,0,0,1,3,0,121336,0,2009,99999,FAIRWAY HEIGHTS BLVD,SW 103RD AVE,0000000,25.62512778,-80.36159167,2,1
12,105,6,19,19,10,2,3,0,0,13,3,0,12,5,2,1,2,3,45,1,1,2,1,20,3,1,1,0,0,99,99,99,99,99,99,0,0,0,0,1,6,0,121337,120,2009,99999,SR-544,LAKE BLUE DR,0000000,28.05289722,-81.77440278,2,1
12,57,6,21,23,56,1,2,1,0,13,2,0,8,0,1,1,2,2,45,1,1,2,1,0,0,3,1,0,0,23,57,0,2,99,99,0,0,0,0,1,1,0,121338,2950,2009,99999,US-41,99999999999999999999,0000000,28.04826389,-82.45116944,1,1
12,11,6,25,2,30,1,1,0,0,16,6,0,42,0,1,3,2,1,30,2,1,2,1,28,3,3,1,0,0,2,35,2,40,88,88,0,0,0,0,1,5,1,121339,663,2009,99999,STONEBRIDGE PKWY,99999999999999999999,0000000,26.034775,-80.30161111,1,1
12,11,6,28,4,51,2,2,0,1,13,3,0,12,5,2,1,2,2,40,1,2,1,1,3,3,3,1,0,0,4,51,4,55,99,99,0,0,0,0,1,1,1,121340,790,2009,99999,SR-869,I-95,0000000,26.30448611,-80.11946944,2,1
12,9,6,28,17,17,2,2,0,0,13,3,0,12,5,2,1,2,2,50,1,1,2,1,3,3,1,1,0,0,99,99,99,99,99,99,0,0,0,0,1,1,1,121341,1990,2009,99999,SR-518,SARNORD,0000000,28.12131667,-80.69382222,2,1
12,127,7,3,14,50,1,2,0,0,16,6,0,47,0,1,1,1,2,25,1,1,5,1,0,0,1,1,0,0,99,99,99,99,99,99,0,0,0,0,1,6,0,121342,2375,2009,99999,OLD TOMOKA ROAD,99999999999999999999,0000000,29.26951944,-81.09938889,1,1
12,119,7,4,3,25,1,1,0,0,6,4,0,30,0,1,4,1,2,55,1,1,2,1,0,0,2,1,0,0,3,46,3,56,88,88,0,0,0,0,1,7,1,121343,0,2009,99999,CR-48,99999999999999999999,0000000,28.70086111,-82.21982222,1,1
12,99,7,4,21,35,1,5,1,0,13,3,0,9,0,2,1,2,3,45,1,1,2,1,3,3,3,1,0,0,21,40,21,44,88,88,0,0,0,0,1,7,0,121344,0,2009,99999,SR-804,ORCHID GROVE TRAIL,0000000,26.52819167,-80.17026111,1,1
12,11,7,4,22,53,1,2,1,0,14,6,0,8,0,1,1,2,3,45,1,1,2,1,28,3,3,1,0,0,99,99,22,47,99,99,0,0,0,0,1,7,0,121345,0,2009,99999,NW 31 AVENUE,99999999999999999999,0000000,26.13930556,-80.186575,1,1
12,97,7,9,20,38,1,2,1,0,16,6,0,8,0,8,1,2,2,45,1,1,2,1,0,0,5,1,0,0,20,38,20,42,88,88,0,0,0,0,1,5,0,121346,2700,2009,99999,OLD CANOE CREEK RD,W NEW NOLTE RD,0000000,28.23105,-81.31771944,1,1
12,95,7,10,16,37,1,2,0,0,16,6,0,29,0,1,4,1,2,25,1,1,2,2,0,0,1,2,0,0,16,41,16,49,99,99,0,0,0,0,1,6,1,121347,2360,2009,99999,FAIRWAY LN,99999999999999999999,0000000,28.57821389,-81.38845556,1,2
12,11,7,17,22,39,2,4,0,0,13,3,0,12,5,2,1,2,3,45,1,1,2,2,3,3,3,2,0,0,99,99,99,99,99,99,0,0,0,0,1,6,0,121349,1782,2009,99999,SR-816,NW 56TH AVE,0000000,26.16470556,-80.22707222,2,2
12,127,7,19,18,15,2,3,0,1,11,1,0,12,1,1,1,3,3,65,1,2,2,1,0,0,1,1,0,0,18,18,18,26,99,99,0,0,0,0,1,1,0,121350,2375,2009,99999,I-95,99999999999999999999,0000000,29.25781944,-81.11644444,2,1
12,57,7,23,21,19,1,1,0,0,6,4,0,42,0,1,4,1,2,20,2,2,2,1,0,0,2,1,0,0,21,20,21,29,99,99,0,0,0,0,1,5,0,121352,0,2009,99999,OLD MULBERRY RD,99999999999999999999,0000000,27.96111944,-82.06415,1,1
12,99,7,24,6,44,1,1,0,0,6,4,0,38,0,1,4,4,1,30,1,1,5,1,28,3,4,1,0,0,99,99,99,99,99,99,0,0,0,0,1,6,1,121353,0,2009,99999,B ROAD,99999999999999999999,0000000,26.73075,-80.28871667,1,1
12,69,7,24,2,11,1,1,0,0,16,6,0,30,0,1,4,1,2,35,1,1,2,1,0,0,3,1,0,0,2,13,2,20,88,88,0,0,0,0,1,6,0,121354,2970,2009,99999,DEAR RIVER ROAD,99999999999999999999,0000000,28.80058333,-81.75806389,1,1
12,11,7,24,3,25,1,1,0,0,13,3,0,33,0,1,3,3,3,45,1,1,2,1,0,0,3,1,0,0,3,26,3,31,88,88,0,0,0,0,1,6,1,121355,2083,2009,99999,SR-817,99999999999999999999,0000000,26.03117222,-80.24887222,1,1
12,57,7,25,4,20,1,1,0,0,6,4,0,30,0,3,4,1,2,45,1,1,2,1,28,3,2,1,0,0,4,26,4,37,88,88,0,0,0,0,1,7,1,121356,0,2009,99999,GALLAGHER ROAD,KINARD ROAD,0000000,28.06549167,-82.23666944,1,1
12,81,7,25,11,43,1,2,1,0,13,2,0,8,0,1,1,2,2,50,1,2,2,1,0,0,1,1,0,0,11,43,11,47,99,99,0,0,0,0,1,7,0,121357,2440,2009,99999,US-41,99999999999999999999,0000000,27.51633611,-82.56319722,1,1
12,31,7,27,3,30,1,6,0,0,16,4,0,1,0,1,4,2,2,40,1,1,2,1,0,0,3,1,0,0,99,99,99,99,99,99,0,0,0,0,1,2,0,121358,1510,2009,99999,13026 BARTRUM BLVD,99999999999999999999,0000000,30.13450278,-81.54454722,1,1
12,95,7,28,11,53,1,7,0,1,11,1,0,1,0,1,1,3,3,55,1,1,1,1,0,0,1,1,0,0,11,53,11,59,99,99,0,0,0,0,1,3,0,121359,2360,2009,99999,I-4,99999999999999999999,0000000,28.47270278,-81.45609722,1,1
12,69,7,30,3,56,2,9,0,0,3,3,0,12,5,8,1,1,2,60,1,1,2,1,0,0,2,1,0,0,3,58,4,7,99,99,0,0,0,0,1,5,0,121361,0,2009,99999,SR-33,PINE ISLAND RD,0000000,28.50765833,-81.83948333,2,1
12,17,7,31,21,20,1,2,1,0,3,2,0,8,0,1,1,1,4,45,1,1,2,2,0,0,3,1,0,0,21,22,21,29,99,99,0,0,0,0,1,6,0,121362,0,2009,99999,US-41,99999999999999999999,0000000,29.04526944,-82.46531111,1,1
12,91,7,30,23,45,2,2,0,1,14,3,0,12,2,1,1,2,2,35,2,1,2,1,0,0,2,1,0,0,99,99,99,99,99,99,0,0,0,0,1,5,1,121363,710,2009,99999,SR-291,99999999999999999999,0000000,30.71078611,-86.57031667,2,1
12,99,7,18,2,12,2,2,0,0,15,3,0,12,6,1,1,1,2,25,2,2,2,1,0,0,3,1,0,0,2,13,2,22,99,99,0,0,0,0,1,7,1,121364,2280,2009,99999,SR-A1A,99999999999999999999,0000000,26.54285556,-80.04433889,2,1
12,11,7,4,3,6,1,1,0,1,12,3,0,20,0,1,4,3,3,65,1,1,2,1,28,3,3,1,0,4,3,25,3,32,99,99,0,0,0,0,1,7,1,121365,2948,2009,99999,SR-91,99999999999999999999,0000000,26.19281667,-80.21034444,1,1
12,31,7,4,23,13,2,3,0,0,14,3,0,12,2,1,1,2,2,40,1,1,2,1,0,0,3,1,0,0,99,99,99,99,99,99,0,0,0,0,1,7,0,121366,1510,2009,99999,SR-126,99999999999999999999,0000000,30.28503056,-81.63900278,2,1
12,57,7,13,2,38,1,2,0,0,13,3,0,30,0,1,4,2,3,45,1,1,2,1,28,3,3,1,0,0,2,40,2,44,88,88,0,0,0,0,2,2,1,121367,2980,2009,99999,SR-580,99999999999999999999,0000000,28.0326,-82.39409722,1,1
12,57,7,13,23,21,1,2,0,0,6,4,0,27,0,1,4,1,2,50,2,1,2,1,28,3,2,1,0,0,23,23,23,32,99,99,0,0,0,0,1,2,1,121368,0,2009,99999,KNIGHTS GRIFFIN RD,99999999999999999999,0000000,28.08038611,-82.10882222,1,1
12,83,7,23,0,10,1,3,1,0,16,6,0,8,0,1,1,2,2,40,1,1,2,1,28,3,3,1,0,0,0,10,0,12,99,99,0,0,0,0,1,5,0,121369,2270,2009,99999,NE 36TH AVE,99999999999999999999,0000000,29.19512222,-82.08689722,1,1
12,85,7,26,21,25,1,2,0,0,14,6,0,43,0,2,4,1,2,30,2,2,2,1,28,3,3,1,0,0,22,5,22,10,99,99,0,0,0,0,1,1,1,121370,1552,2009,99999,NE PINEAPPLE AVE.,NE JENSEN BEACH BLVD,0000000,27.24401944,-80.22732778,1,1
12,95,7,30,16,34,1,2,0,0,6,4,0,42,0,1,3,2,3,45,2,1,2,2,28,3,1,2,0,0,16,35,16,38,99,99,0,0,0,0,1,5,0,121371,0,2009,99999,UNIVERSAL BLVD,99999999999999999999,0000000,28.46549444,-81.46456944,1,2
12,33,7,31,9,9,1,2,1,1,14,3,0,9,0,2,1,2,3,35,1,1,2,2,3,3,1,2,0,0,99,99,99,99,99,99,0,0,0,0,1,6,0,121372,0,2009,99999,SR-291,CREIGHTON ROAD,0000000,30.49608611,-87.22188611,1,2
12,95,8,1,19,53,3,6,0,0,13,3,0,12,7,1,1,2,3,35,2,1,2,1,28,3,5,1,0,0,19,56,20,3,88,88,0,0,0,0,1,7,0,121373,0,2009,99999,SR-423,99999999999999999999,0000000,28.60794167,-81.39261111,3,1
12,91,8,1,22,20,2,4,1,1,13,2,0,8,0,1,1,2,2,45,1,1,2,1,0,0,2,1,0,0,22,29,22,33,88,88,0,0,0,0,1,7,0,121374,0,2009,99999,US-98,99999999999999999999,0000000,30.39549444,-86.58423889,2,1