STATE,COUNTY,MONTH,DAY,HOUR,MINUTE,VE_TOTAL,PERSONS,PEDS,NHS,ROAD_FNC,ROUTE,SP_JUR,HARM_EV,MAN_COLL,REL_JUNC,REL_ROAD,TRAF_FLO,NO_LANES,SP_LIMIT,ALIGNMNT,PROFILE,PAVE_TYP,SUR_COND,TRA_CONT,T_CONT_F,LGT_COND,WEATHER1,WEATHER2,WRK_ZONE,NOT_HOUR,NOT_MIN,ARR_HOUR,ARR_MIN,HOSP_HR,HOSP_MN,SCH_BUS,CF1,CF2,CF3,FATALS,DAY_WEEK,DRUNK_DR,ST_CASE,CITY,YEAR,MILEPT,TWAY_ID,TWAY_ID2,RAIL,LATITUDE,LONGITUD,VE_FORMS,WEATHER
12,45,8,2,9,50,1,1,0,0,6,4,0,42,0,1,4,1,2,55,1,1,2,2,0,0,1,2,0,0,9,50,10,0,88,88,0,0,0,0,1,1,0,121375,0,2009,99999,CR-386,99999999999999999999,0000000,30.07235278,-85.236525,1,2
12,81,8,3,11,7,3,3,0,0,2,3,0,12,2,1,1,1,2,60,1,1,2,1,0,0,1,1,0,0,11,8,11,21,88,88,0,0,0,0,1,2,0,121376,0,2009,99999,SR-64,99999999999999999999,0000000,27.47113333,-82.20196111,3,1
12,85,8,4,2,5,2,4,0,0,6,4,0,12,1,1,1,1,2,35,1,1,2,1,28,3,2,1,0,1,2,5,2,12,99,99,0,0,0,0,3,3,1,121377,0,2009,99999,SE COVE RD,99999999999999999999,0000000,27.13218611,-80.21139722,2,1
12,101,8,4,22,45,1,1,0,0,6,4,0,33,0,1,4,2,2,45,2,1,2,1,0,0,3,1,0,0,22,46,22,50,99,99,0,0,0,0,1,3,1,121378,0,2009,99999,CR-587,99999999999999999999,0000000,28.25891111,-82.69076667,1,1
12,23,8,4,7,17,1,5,0,1,11,1,0,24,0,1,3,2,3,70,1,2,2,1,28,3,1,1,0,0,7,18,7,20,99,99,0,0,0,0,2,3,0,121379,0,2009,99999,I-75,99999999999999999999,0000000,30.191825,-82.69484722,1,1
12,103,8,5,22,0,2,3,0,0,6,4,0,12,5,2,1,3,3,50,1,1,2,1,28,3,3,1,0,0,22,2,22,8,99,99,0,0,0,0,2,4,2,121380,0,2009,99999,CR-611,BOOT RANCH BLVD,0000000,28.07174722,-82.70465,2,1
12,101,8,6,9,22,3,4,0,0,13,3,0,12,5,2,1,2,2,50,2,2,2,1,3,3,1,1,0,0,9,23,9,29,99,99,0,0,0,0,1,5,0,121381,1755,2009,99999,SR-54,OAKSTEAD BLVD,0000000,28.19741944,-82.49241111,3,1
12,121,8,6,13,45,3,4,0,1,1,1,0,12,4,1,1,2,2,70,1,1,2,1,28,3,1,1,0,0,13,51,13,59,99,99,0,0,0,0,1,5,0,121382,0,2009,99999,I-10,99999999999999999999,0000000,30.28375278,-82.95411667,3,1
12,5,8,7,2,0,1,1,0,0,6,4,0,1,0,1,2,1,2,55,2,1,2,1,28,3,2,1,0,1,2,9,2,25,88,88,0,0,0,0,1,6,1,121383,0,2009,99999,CR-388,99999999999999999999,0000000,30.33128611,-85.75283889,1,1
12,86,8,7,21,52,2,4,0,0,16,6,0,12,5,2,1,2,2,40,1,2,2,1,20,3,3,1,0,0,21,53,21,59,99,99,0,0,0,0,2,6,1,121384,2010,2009,99999,SW 37TH AVE,SW 26TH TERRACE,0000000,25.74211389,-80.25428333,2,1
12,113,8,7,21,5,1,6,0,1,1,1,0,1,0,1,3,2,2,70,1,1,2,1,28,3,2,1,0,0,21,7,21,25,99,99,0,0,0,0,3,6,0,121385,0,2009,99999,I-10,99999999999999999999,0000000,30.65471944,-86.88113889,1,1
12,3,8,8,10,10,1,3,0,0,6,4,0,1,0,1,2,1,2,55,1,1,2,1,28,3,1,1,0,0,10,10,10,20,99,99,0,0,0,0,1,7,1,121386,0,2009,99999,CR-127,99999999999999999999,0000000,30.40899167,-82.22870278,1,1
12,86,8,8,4,21,7,2,0,0,13,2,0,33,0,1,4,1,4,35,1,1,2,2,28,3,3,2,0,0,4,28,4,36,99,99,0,14,0,0,1,7,0,121387,2010,2009,99999,US-41,99999999999999999999,0000000,25.76276944,-80.313725,1,2
12,83,8,10,6,30,2,3,1,0,2,2,0,8,0,1,1,2,2,35,1,2,2,1,28,3,4,1,0,0,6,37,6,39,99,99,0,0,0,0,1,2,0,121388,870,2009,99999,US-41,99999999999999999999,0000000,29.052175,-82.45895833,2,1
12,81,8,12,7,59,1,5,0,1,11,1,0,39,0,1,4,2,3,70,1,2,2,1,0,0,1,1,0,0,99,99,8,6,99,99,0,0,0,0,1,4,0,121389,0,2009,99999,I-75,99999999999999999999,0000000,27.52878611,-82.50788611,1,1
12,127,5,6,3,15,1,1,0,1,11,1,0,5,0,5,4,6,1,35,1,1,2,1,0,0,3,1,0,0,99,99,99,99,99,99,0,0,0,0,1,4,0,121390,780,2009,99999,I-95 RAMP,I-95,0000000,29.17831944,-81.08854167,1,1
12,33,5,26,4,37,1,1,0,0,13,2,0,52,0,99,3,2,2,35,1,1,2,2,0,0,3,2,0,0,99,99,99,99,88,88,0,0,0,0,1,3,1,121391,2490,2009,99999,US-90,20TH AVE,0000000,30.42581111,-87.19123333,1,2
12,109,6,15,8,33,1,1,0,0,6,4,0,42,0,1,3,2,2,45,1,1,2,1,28,3,1,1,0,0,8,34,8,41,88,88,0,0,0,0,1,2,0,121392,0,2009,99999,RACE TRACK RD,99999999999999999999,0000000,30.11989167,-81.61726667,1,1
12,86,6,15,19,0,2,2,0,0,16,6,0,12,5,2,1,1,2,30,1,1,2,1,20,3,1,1,0,0,19,3,19,9,99,99,0,0,0,0,1,2,0,121393,2010,2009,99999,NW 5TH AVE,NW 56TH ST,0000000,25.82689444,-80.20395833,2,1
12,109,6,20,1,7,1,1,0,0,6,4,0,42,0,1,5,1,2,55,2,1,2,1,28,3,2,1,0,0,1,10,1,23,88,88,0,0,0,0,1,7,1,121394,0,2009,99999,CR-13,99999999999999999999,0000000,29.92590833,-81.58696111,1,1
12,11,6,27,0,10,1,5,0,0,12,6,0,30,0,1,4,2,2,45,2,1,2,1,0,0,3,1,0,0,0,10,0,18,99,99,0,0,0,0,1,7,0,121395,2468,2009,99999,SHERIDAN ST,99999999999999999999,0000000,26.02907778,-80.34113056,1,1
12,57,7,7,13,19,2,2,0,0,6,4,0,12,3,2,1,1,2,45,1,1,2,1,20,3,1,1,0,0,13,19,13,24,99,99,0,0,0,0,1,3,0,121396,0,2009,99999,LITHIA PINECREST RD,FISH HAWK TRAILS,0000000,27.85708333,-82.19228611,2,1
12,71,7,17,21,55,1,2,1,0,14,3,0,9,0,3,1,2,2,40,1,1,2,1,28,3,3,1,0,0,99,99,99,99,99,99,0,0,0,0,1,6,0,121397,1070,2009,99999,SR-82,STARNES AVE,0000000,26.64113333,-81.84216667,1,1
12,127,7,18,0,10,2,4,0,0,13,3,0,12,1,3,1,1,2,45,1,1,2,1,3,3,2,1,0,0,0,14,0,21,99,99,0,0,0,0,1,7,2,121398,0,2009,99999,SR-44,BLUE LAKE AVE,0000000,29.02827778,-81.27454167,2,1
12,86,7,21,21,40,1,2,1,0,6,4,0,8,0,2,1,1,4,40,1,1,2,1,28,3,3,1,0,0,21,48,21,52,88,88,0,0,0,0,1,3,0,121399,1440,2009,99999,SW 104TH ST,SW 150TH PLACE,0000000,25.67021111,-80.43994167,1,1
12,69,7,25,0,5,2,2,0,0,2,3,0,12,5,1,1,1,2,55,1,2,2,1,28,3,2,1,0,0,0,5,0,15,99,99,0,0,0,0,1,7,0,121400,0,2009,99999,SR-46,99999999999999999999,0000000,28.80384167,-81.578175,2,1
12,86,7,28,10,16,2,2,0,0,16,6,0,12,5,1,1,1,4,30,1,1,2,1,0,0,1,1,0,0,10,18,10,22,99,99,0,0,0,0,1,3,0,121401,1340,2009,99999,WEST 29TH ST,99999999999999999999,0000000,25.84817222,-80.28649444,2,1
12,119,7,31,13,30,1,2,0,1,1,1,0,18,0,1,2,2,2,70,1,1,2,2,28,3,1,2,0,0,13,31,13,36,99,99,0,0,0,0,1,6,0,121402,0,2009,99999,I-75,99999999999999999999,0000000,28.67243056,-82.14014722,1,2
12,87,8,1,2,0,2,5,0,1,2,2,0,12,3,1,1,1,2,50,1,2,2,1,28,3,2,1,0,0,3,3,3,19,99,99,0,0,0,0,3,7,1,121403,0,2009,99999,US-1,99999999999999999999,0000000,24.66675278,-81.36077778,2,1
12,87,8,2,4,20,2,2,0,1,13,2,0,12,1,1,1,2,2,55,1,2,2,1,28,3,3,1,0,0,4,47,5,8,88,88,0,0,0,0,1,1,1,121404,0,2009,99999,US-1,99999999999999999999,0000000,24.5967,-81.65753611,2,1
12,39,8,5,4,0,1,2,1,0,14,2,0,8,0,1,1,1,2,55,1,1,2,1,28,3,2,1,0,0,4,26,4,30,88,88,0,0,0,0,1,4,0,121405,1230,2009,99999,US-90,99999999999999999999,0000000,30.60264444,-84.65305278,1,1
12,95,8,5,21,28,1,2,1,0,13,3,0,8,0,1,1,1,6,45,1,1,2,1,28,3,2,1,0,0,21,30,21,32,99,99,0,0,0,0,1,4,0,121406,0,2009,99999,SR-436,99999999999999999999,0000000,28.56111944,-81.31085,1,1
12,95,8,5,19,47,2,4,0,0,6,4,0,12,5,2,1,2,2,45,1,1,2,1,3,3,1,1,0,0,99,99,19,52,99,99,0,0,0,0,1,4,1,121407,0,2009,99999,TURKEY LAKE ROAD,WESTGATE LAKES BLVD,0000000,28.42759167,-81.47503333,2,1
12,23,8,5,0,10,2,2,0,0,2,2,0,13,2,1,1,1,2,60,1,2,2,2,0,0,2,1,0,0,0,16,0,23,88,88,0,0,0,0,1,4,0,121408,0,2009,99999,US-41,99999999999999999999,0000000,30.03270833,-82.59770278,2,1
12,11,8,6,3,1,2,3,0,1,11,1,0,12,1,1,1,2,4,65,1,2,2,2,0,0,3,1,0,0,99,99,99,99,99,99,0,0,0,0,1,5,0,121409,2570,2009,99999,I-95,99999999999999999999,0000000,26.26067222,-80.13287778,2,1
12,57,8,7,3,10,1,2,0,1,11,1,0,24,0,5,4,6,1,55,2,2,1,1,28,3,3,1,0,0,3,15,3,21,99,99,0,0,0,0,1,6,1,121410,2950,2009,99999,I-275,ASHLEY DRIVE,0000000,27.95655833,-82.45938889,1,1
12,95,8,8,22,40,1,1,0,0,6,4,0,34,0,1,4,1,2,45,2,1,2,1,98,3,3,1,0,0,22,43,22,48,99,99,0,0,0,0,1,7,1,121411,0,2009,99999,E LAKE MARY JANE RD,99999999999999999999,0000000,28.38553889,-81.16766944,1,1
12,87,8,9,22,49,2,2,0,1,13,2,0,12,7,1,1,3,2,45,1,1,2,1,0,0,3,1,0,0,22,56,23,0,88,88,0,20,0,0,1,1,2,121412,0,2009,99999,US-1,99999999999999999999,0000000,25.01425833,-80.51205556,2,1
12,9,8,10,7,14,3,4,0,0,6,4,0,12,2,1,1,1,2,35,1,1,2,1,0,0,1,1,0,0,7,14,7,22,99,99,0,0,0,0,1,2,1,121413,0,2009,99999,GRISSOM PKWY,99999999999999999999,0000000,28.46280556,-80.80429444,3,1
12,83,8,11,0,10,2,3,0,0,13,2,0,12,2,1,1,2,2,55,1,1,2,1,0,0,2,1,0,0,0,12,0,19,99,99,0,0,0,0,1,3,2,121414,0,2009,99999,US-441,99999999999999999999,0000000,29.09726667,-82.08618611,2,1
12,63,8,14,21,30,1,1,0,0,6,4,0,1,0,1,4,1,2,35,1,1,1,1,0,0,2,1,0,0,21,35,21,42,88,88,0,0,0,0,1,6,1,121416,0,2009,99999,OLD SPANISH TRL,99999999999999999999,0000000,30.70795,-84.98698333,1,1
12,81,8,14,3,25,1,4,2,1,2,3,0,8,0,1,1,1,2,60,1,1,2,1,0,0,2,1,0,0,3,31,3,38,88,88,0,0,0,0,2,6,0,121417,0,2009,99999,SR-70,99999999999999999999,0000000,27.36214722,-82.19939167,1,1
12,111,2,5,16,41,2,3,0,0,15,6,0,12,5,2,1,1,2,40,1,1,2,1,20,3,1,1,0,0,16,41,16,50,99,99,0,0,0,0,1,5,0,121418,2601,2009,99999,SW ROSSER BLVD,SW PENROSE AVE,0000000,27.23961111,-80.39971111,2,1
12,11,3,8,20,42,1,3,1,0,13,3,0,8,0,1,1,2,3,45,1,1,2,1,0,0,3,1,0,0,20,42,20,46,88,88,0,0,0,0,1,1,0,121419,1782,2009,99999,SR-816,99999999999999999999,0000000,26.16471111,-80.22774167,1,1
12,103,6,4,10,35,1,2,0,0,14,3,0,24,0,1,3,3,2,55,1,1,2,1,0,0,1,1,0,0,10,35,10,36,99,99,0,0,0,0,1,5,0,121420,2730,2009,99999,SR-687,99999999999999999999,0000000,27.87883333,-82.63875556,1,1
12,57,6,20,5,15,1,4,0,0,6,4,0,42,0,1,4,1,2,35,1,1,2,1,0,0,2,1,0,0,99,99,99,99,99,99,0,0,0,0,1,7,1,121421,0,2009,99999,SHELL POINT RD,99999999999999999999,0000000,27.72058056,-82.41963611,1,1
12,103,7,5,10,58,1,1,0,0,16,6,0,43,0,1,4,1,2,35,1,1,2,1,0,0,1,1,0,0,10,58,11,3,99,99,0,0,0,0,1,1,0,121422,2730,2009,99999,SNELL ISLE BV NE,99999999999999999999,0000000,27.79547778,-82.62230556,1,1
12,86,7,16,21,6,1,2,0,0,6,4,0,41,0,1,4,1,2,30,1,1,2,1,0,0,2,1,0,0,21,7,21,11,99,99,0,0,0,0,2,5,1,121423,0,2009,99999,NE 215 STREET,99999999999999999999,0000000,25.97349444,-80.18093889,1,1
12,99,8,4,21,33,1,2,1,0,6,4,0,9,0,1,1,2,2,45,2,1,2,1,28,3,3,1,0,0,99,99,99,99,88,88,0,0,0,0,1,3,0,121424,3147,2009,99999,SOUTH SHORE BLVD,99999999999999999999,0000000,26.65166944,-80.22894444,1,1
12,99,8,7,21,41,1,2,1,0,15,6,0,8,0,2,1,1,2,35,1,1,2,1,0,0,3,1,0,0,21,43,21,45,99,99,0,0,0,0,1,6,0,121425,330,2009,99999,N. SEACREST BLVD,NW 6TH AVENUE,0000000,26.53251111,-80.06427222,1,1
12,95,8,8,21,29,1,2,1,0,13,3,0,8,0,2,1,2,3,45,1,1,2,1,3,3,3,1,0,0,21,32,21,38,99,99,0,0,0,0,1,7,0,121426,2360,2009,99999,SR-436,LAKE UNDERHILL RD,0000000,28.53900278,-81.31057222,1,1
12,101,8,10,17,24,4,10,0,1,13,2,0,12,1,1,1,3,3,45,1,1,2,1,0,0,1,1,0,0,17,24,17,32,99,99,0,0,0,0,1,2,0,121427,2590,2009,99999,US-19,99999999999999999999,0000000,28.27443611,-82.72169167,4,1
12,127,8,20,9,56,2,3,0,0,13,3,0,1,0,1,1,3,2,35,2,1,2,1,99,9,1,1,0,0,9,56,10,0,88,88,0,0,0,0,1,5,0,121428,2375,2009,99999,SR-40,99999999999999999999,0000000,29.25373611,-81.14538333,2,1
12,61,7,5,22,23,1,2,0,0,13,2,0,33,0,8,4,3,2,45,1,1,2,2,0,0,3,2,0,0,22,24,22,31,99,99,0,0,0,0,1,1,1,121429,0,2009,99999,US-1,ROSELAND RD,0000000,27.84153889,-80.48703056,1,2
12,23,4,13,9,37,1,1,0,9,99,9,0,42,0,1,4,1,2,45,1,1,2,1,0,0,1,1,0,0,9,38,9,47,88,88,0,0,0,0,1,2,0,121430,1660,2009,99999,SW MC FARLANE AVE,99999999999999999999,0000000,30.16405278,-82.64480833,1,1
12,17,6,23,14,35,2,3,0,1,13,3,0,12,5,2,1,2,2,45,1,1,2,1,3,3,1,1,0,0,99,99,99,99,99,99,0,0,0,0,1,3,0,121431,0,2009,99999,SR-44,TURKEY OAK DR,0000000,28.89803889,-82.57002222,2,1
12,86,8,3,15,30,2,3,0,1,13,2,0,12,5,2,1,2,2,45,1,1,2,1,3,3,1,1,0,0,99,99,15,36,99,99,0,0,0,0,1,2,0,121432,0,2009,99999,US-1,SW 21ST ST,0000000,25.56628611,-80.38174444,2,1
12,17,8,6,17,18,1,1,0,1,2,3,0,27,0,1,4,2,2,60,1,1,2,2,28,3,1,1,0,0,99,99,99,99,99,99,0,0,0,0,1,5,0,121433,0,2009,99999,SR-44,99999999999999999999,0000000,28.85119444,-82.22918333,1,1
12,127,8,7,6,21,2,2,0,0,3,3,0,12,2,1,1,1,2,55,1,1,2,1,28,3,4,1,0,0,99,99,6,29,88,88,0,0,0,0,2,6,0,121434,0,2009,99999,SR-415,99999999999999999999,0000000,28.90435,-81.13128611,2,1
12,86,8,9,1,35,2,4,0,1,12,3,0,12,1,1,1,3,3,60,1,2,2,1,28,3,3,1,0,0,1,36,1,41,88,88,0,0,0,0,1,1,0,121435,0,2009,99999,SR-821,99999999999999999999,0000000,25.72924167,-80.38426944,2,1
12,9,8,9,18,43,2,3,0,0,6,4,0,12,4,2,1,1,2,45,1,1,2,1,39,3,1,1,0,0,99,99,99,99,99,99,0,21,0,0,1,1,0,121436,0,2009,99999,GRISSOM PARKWAY,CANAVERAL GROVES,0000000,28.43139167,-80.78830833,2,1
12,11,8,10,14,59,2,3,0,1,11,1,0,18,0,1,1,3,5,65,1,1,2,7,28,3,1,1,0,0,15,0,15,5,99,99,0,0,0,0,1,2,1,121437,760,2009,99999,I-95,99999999999999999999,0000000,26.06501389,-80.16452222,2,1
12,97,8,10,21,48,2,3,0,0,13,2,0,12,2,2,1,2,2,55,1,1,2,1,28,3,2,1,0,0,21,50,21,55,99,99,0,0,0,0,1,2,0,121438,0,2009,99999,US-192,ACADEMY DRIVE,0000000,28.28153889,-81.34709722,2,1
12,86,8,10,21,23,2,2,1,1,12,3,0,8,0,1,1,2,3,55,1,2,2,1,28,3,3,1,0,2,99,99,21,30,88,88,0,0,0,0,1,2,0,121439,0,2009,99999,SR-836,99999999999999999999,0000000,25.78026111,-80.31855556,1,1
12,17,8,11,4,35,3,3,0,1,13,2,0,12,1,2,1,2,2,55,1,1,2,1,3,3,3,1,0,0,4,46,4,56,88,88,0,0,0,0,1,3,0,121440,0,2009,99999,US-19,PONCE DE LEON BLVD,0000000,28.72271944,-82.55287222,3,1
12,31,8,11,10,37,1,2,1,1,11,1,0,8,0,5,1,6,1,45,2,1,2,1,28,3,1,1,0,4,10,39,10,50,88,88,0,0,0,0,1,3,0,121441,1510,2009,99999,I-95,J TURNER BUTLER BLVD,0000000,30.24966944,-81.59447778,1,1
12,19,8,12,10,27,1,2,1,0,13,3,0,9,0,1,1,2,2,55,1,1,2,1,28,3,1,1,0,0,10,27,10,33,99,99,0,0,0,0,1,4,0,121442,0,2009,99999,SR-21,99999999999999999999,0000000,30.11913611,-81.80513889,1,1
12,89,8,13,17,10,1,1,0,0,6,4,0,32,0,1,4,1,2,50,1,1,2,2,28,3,1,2,0,0,17,15,17,29,99,99,0,0,0,0,1,5,0,121443,0,2009,99999,CR-108,99999999999999999999,0000000,,,1,2
12,105,8,13,16,45,2,3,0,0,6,4,0,12,5,8,1,2,2,40,1,1,2,2,28,3,1,1,0,0,16,47,16,50,99,99,0,0,0,0,1,5,0,121444,0,2009,99999,MARCUM RD,US-98,0000000,28.12808333,-81.97582778,2,1
12,131,8,14,16,45,1,2,0,1,1,1,0,42,0,1,3,2,2,70,1,2,2,2,28,3,1,2,0,0,16,54,17,7,99,99,0,0,0,0,1,6,0,121445,0,2009,99999,I-10,99999999999999999999,0000000,30.699925,-85.97196667,1,2
12,86,8,15,8,50,2,3,0,1,11,1,0,39,0,1,4,3,5,55,1,2,1,2,28,3,1,2,0,4,99,99,9,9,99,99,0,0,0,0,3,7,0,121446,0,2009,99999,I-95,99999999999999999999,0000000,25.90194722,-80.21029167,1,2
12,111,8,15,11,15,1,1,0,1,11,1,0,24,0,1,4,2,2,70,2,1,2,1,28,3,1,1,0,0,11,15,11,28,88,88,0,0,0,0,1,7,0,121447,0,2009,99999,I-95,99999999999999999999,0000000,27.47494167,-80.43023333,1,1
12,99,8,16,7,56,2,3,0,1,11,1,0,13,5,1,1,2,3,70,1,1,2,1,28,3,1,1,0,4,8,3,8,8,99,99,0,0,0,0,2,1,0,121448,1560,2009,99999,I-95,99999999999999999999,0000000,26.92051667,-80.14646944,2,1
12,131,8,16,2,25,1,1,0,1,1,1,0,34,0,1,4,2,2,70,1,2,2,2,0,0,2,1,0,0,2,26,2,37,99,99,0,0,0,0,1,1,1,121449,0,2009,99999,I-10,99999999999999999999,0000000,30.74431944,-85.87224167,1,1
12,95,8,17,13,50,2,2,0,0,6,4,0,12,5,2,1,2,3,45,1,1,2,1,20,3,1,1,0,0,13,56,14,1,88,88,0,0,0,0,1,2,0,121451,0,2009,99999,JOHN YOUNG PKWY,MILLENIA BLVD,0000000,28.49430833,-81.41752778,2,1
12,27,8,19,23,30,2,7,0,0,6,4,0,12,5,2,1,1,2,55,1,1,2,1,20,3,2,1,0,0,23,34,23,42,99,99,0,0,0,0,2,4,1,121452,0,2009,99999,CR-760A,SE TAYLOR AVE,0000000,27.15081667,-81.84781389,2,1
12,39,8,19,4,23,1,2,0,0,16,6,0,42,0,1,4,1,2,30,2,2,2,1,0,0,2,1,0,0,4,23,4,41,99,99,0,0,0,0,1,4,1,121453,530,2009,99999,MAPLE ST,99999999999999999999,0000000,30.69715833,-84.83514167,1,1
12,1,8,20,3,33,1,1,0,0,3,3,0,32,0,1,4,1,2,60,2,1,2,1,0,0,2,1,0,0,4,0,4,7,88,88,0,0,0,0,1,5,1,121454,0,2009,99999,SR-26,99999999999999999999,0000000,29.68838889,-82.20339722,1,1
12,103,8,20,21,25,1,2,1,0,14,3,0,8,0,1,1,2,3,50,1,1,2,1,0,0,3,1,0,0,21,29,21,33,88,88,0,0,0,0,1,5,0,121455,0,2009,99999,SR-686,99999999999999999999,0000000,27.91614167,-82.71155278,1,1
12,15,8,20,20,5,2,4,0,0,14,2,0,12,5,2,1,3,2,55,1,1,2,1,28,3,5,1,0,0,20,7,20,10,99,99,0,0,0,0,1,5,0,121456,0,2009,99999,US-41,ROBERTA DRIVE,0000000,26.93284444,-82.27966667,2,1
12,101,8,21,16,53,2,3,0,0,2,2,0,12,5,2,1,1,2,50,1,1,2,2,20,3,1,1,0,0,16,54,17,8,88,88,0,0,0,0,1,6,0,121457,0,2009,99999,US-98,CR-575,0000000,28.46356944,-82.19321667,2,1
12,9,8,22,0,0,1,1,0,0,6,4,0,1,0,1,2,1,2,35,1,1,5,1,0,0,2,1,0,0,99,99,99,99,88,88,0,0,0,0,1,7,1,121458,0,2009,99999,W EAU GALLIE BLVD,99999999999999999999,0000000,28.120525,-80.70821111,1,1
12,73,8,23,0,15,2,8,1,0,13,3,0,8,0,1,1,1,2,45,1,1,2,1,28,3,2,1,0,0,0,17,0,27,88,88,0,0,0,0,1,1,0,121459,0,2009,99999,SR-263,99999999999999999999,0000000,30.39794722,-84.32857222,2,1
12,57,7,18,21,53,2,3,0,0,14,2,0,12,1,1,1,2,2,99,1,1,2,1,0,0,3,1,0,0,21,54,22,0,99,99,0,0,0,0,1,7,1,121461,2950,2009,99999,US-41B,99999999999999999999,0000000,28.01776944,-82.45955,2,1
12,86,7,30,2,15,1,1,0,0,13,3,0,42,0,1,4,2,3,40,1,2,2,2,28,3,3,1,0,0,2,18,2,22,88,88,0,0,0,0,1,5,1,121463,0,2009,99999,SR-976,99999999999999999999,0000000,25.73333889,-80.30843889,1,1
12,31,7,30,2,9,1,3,1,0,13,2,0,8,0,1,1,2,2,50,1,1,2,1,28,3,2,1,0,0,2,10,2,15,88,88,0,0,0,0,1,5,0,121464,1510,2009,99999,US-17,99999999999999999999,0000000,30.37064167,-81.65161389,1,1
12,31,7,31,3,42,1,2,1,0,13,2,0,15,0,1,1,1,4,35,1,1,2,1,28,3,2,1,0,0,3,44,3,47,88,88,0,0,0,0,1,6,0,121465,1510,2009,99999,US-17,99999999999999999999,0000000,30.33363611,-81.66269722,1,1
12,81,8,16,4,0,1,2,1,0,2,2,0,8,0,1,1,1,2,60,1,1,2,1,28,3,2,1,0,0,4,15,4,25,88,88,0,0,0,0,1,1,0,121466,0,2009,99999,US-301,99999999999999999999,0000000,27.61716944,-82.41042778,1,1
12,83,8,18,22,2,1,2,1,0,13,2,0,8,0,1,1,2,2,45,1,1,2,1,0,0,3,1,0,0,22,33,22,36,88,88,0,0,0,0,1,3,0,121467,2270,2009,99999,US-441,99999999999999999999,0000000,29.21565556,-82.14495833,1,1
12,33,8,18,10,15,1,1,0,1,11,1,0,23,0,5,4,6,2,55,2,2,2,1,0,0,1,1,0,0,10,18,10,22,88,88,0,0,0,0,1,3,0,121468,0,2009,99999,I-110,DAVIS HWY,0000000,30.50312222,-87.22859722,1,1
12,11,8,20,7,45,1,2,1,0,14,3,0,9,0,2,1,2,2,40,1,1,2,1,3,3,1,1,0,0,7,46,7,48,99,99,0,0,0,0,1,5,0,121469,1050,2009,99999,SR-736,SW 27TH AVE,0000000,26.10643333,-80.17775556,1,1
12,21,8,21,3,0,1,2,0,0,6,4,0,42,0,1,4,1,2,45,1,1,2,1,0,0,2,1,0,0,3,6,3,33,88,88,0,0,0,0,2,6,1,121470,0,2009,99999,CR-850,99999999999999999999,0000000,26.46304444,-81.56278889,1,1
12,73,8,27,16,24,3,2,0,0,16,6,0,1,0,1,1,1,2,25,2,1,2,2,0,0,1,1,0,0,16,24,16,32,88,88,0,0,0,0,1,5,0,121471,2940,2009,99999,WOODLAND DR,SUNNYSIDE DR,0000000,30.39486389,-84.29909167,2,1
12,105,7,23,8,29,2,2,0,0,6,4,0,12,2,1,1,1,2,40,2,1,2,1,0,0,1,1,0,1,8,29,8,35,99,99,0,0,0,0,1,5,0,121472,0,2009,99999,CR-655,99999999999999999999,0000000,28.12860278,-81.82039444,2,1
12,99,7,26,14,42,1,6,0,1,11,1,0,1,0,13,1,2,2,65,1,1,2,2,0,0,1,2,0,0,14,42,14,48,99,99,0,0,0,0,1,1,0,121473,290,2009,99999,I-95,GLADES RD,0000000,26.37241667,-80.11700278,1,2
12,1,8,3,20,10,2,4,0,0,2,2,0,12,2,2,1,2,2,45,1,1,2,1,3,3,5,1,0,0,20,11,20,13,99,99,0,0,0,0,1,2,0,121474,10,2009,99999,US-441,SR-93,0000000,29.80122222,-82.51387222,2,1
12,57,8,3,1,25,1,1,0,0,13,2,0,31,0,1,4,2,3,50,2,2,1,1,0,0,3,1,0,0,1,27,1,34,88,88,0,0,0,0,1,2,1,121475,0,2009,99999,US-301,99999999999999999999,0000000,27.88454167,-82.32768889,1,1
12,9,8,6,1,56,1,2,0,0,13,3,0,23,0,1,4,3,2,55,1,1,1,1,0,0,3,1,0,0,1,53,2,0,99,99,0,0,0,0,1,5,1,121476,630,2009,99999,SR-520,99999999999999999999,0000000,28.35756667,-80.64756667,1,1
12,99,8,5,20,21,1,1,0,0,15,6,0,41,0,1,4,1,3,25,1,1,2,1,98,3,3,1,0,0,20,21,20,25,88,88,0,0,0,0,1,4,0,121477,820,2009,99999,HOMEWOOD BLVD,99999999999999999999,0000000,26.45465278,-80.10170833,1,1
12,127,8,15,2,15,2,3,0,0,6,4,0,53,0,1,4,2,2,35,2,2,2,1,28,3,2,1,0,0,2,19,2,25,99,99,0,14,0,0,1,7,2,121478,0,2009,99999,GRAND AVENUE,99999999999999999999,0000000,29.07230278,-81.35101111,2,1
12,3,8,17,10,40,3,4,0,1,1,1,0,13,4,1,1,2,2,70,1,1,2,1,28,3,1,1,0,0,10,41,10,47,88,88,0,0,0,0,1,2,0,121479,0,2009,99999,I-10,99999999999999999999,0000000,30.25934444,-82.17951667,3,1