STATE,COUNTY,MONTH,DAY,HOUR,MINUTE,VE_TOTAL,PERSONS,PEDS,NHS,ROAD_FNC,ROUTE,SP_JUR,HARM_EV,MAN_COLL,REL_JUNC,REL_ROAD,TRAF_FLO,NO_LANES,SP_LIMIT,ALIGNMNT,PROFILE,PAVE_TYP,SUR_COND,TRA_CONT,T_CONT_F,LGT_COND,WEATHER1,WEATHER2,WRK_ZONE,NOT_HOUR,NOT_MIN,ARR_HOUR,ARR_MIN,HOSP_HR,HOSP_MN,SCH_BUS,CF1,CF2,CF3,FATALS,DAY_WEEK,DRUNK_DR,ST_CASE,CITY,YEAR,MILEPT,TWAY_ID,TWAY_ID2,RAIL,LATITUDE,LONGITUD,VE_FORMS,WEATHER
12,69,8,20,22,42,1,1,0,1,13,2,0,27,0,1,4,2,2,55,1,1,2,2,0,0,3,1,0,0,22,44,22,50,88,88,0,0,0,0,1,5,1,121480,0,2009,99999,US-27,99999999999999999999,0000000,28.60209167,-81.7551,1,1
12,33,8,21,16,43,1,3,0,0,16,6,0,34,0,1,4,1,2,45,1,2,2,2,28,3,1,1,0,0,16,44,16,51,99,99,0,0,0,0,1,6,1,121481,0,2009,99999,WEST ROBERTS ROAD,99999999999999999999,0000000,30.56288889,-87.29384444,1,1
12,29,8,23,18,11,1,1,0,1,2,2,0,24,0,1,4,2,2,45,1,1,2,1,28,3,1,1,0,0,18,11,18,25,88,88,0,0,0,0,1,1,0,121482,0,2009,99999,US-19,99999999999999999999,0000000,29.6464,-83.15478889,1,1
12,127,8,23,23,15,2,3,0,0,6,4,0,12,2,1,1,1,2,40,1,1,2,1,0,0,3,1,0,0,23,16,23,23,99,99,0,0,0,0,1,1,0,121483,0,2009,99999,OLD NEW YORK AVE,99999999999999999999,0000000,29.0138,-81.36110833,2,1
12,119,8,23,0,12,1,3,0,0,6,4,0,42,0,1,4,1,2,35,1,1,2,1,28,3,2,1,0,0,0,22,0,39,88,88,0,0,0,0,3,1,0,121484,0,2009,99999,CR-558,99999999999999999999,0000000,28.66455278,-81.99128889,1,1
12,103,8,23,3,20,2,4,0,1,11,1,0,12,1,1,1,3,4,65,1,1,2,1,28,3,3,1,0,0,99,99,3,25,99,99,0,0,0,0,1,1,1,121485,0,2009,99999,I-275,99999999999999999999,0000000,27.88896667,-82.64928889,2,1
12,53,8,25,16,19,3,3,0,1,13,2,0,12,5,2,1,3,2,60,1,2,2,1,20,3,1,1,0,0,99,99,16,23,99,99,0,0,0,0,1,3,0,121486,0,2009,99999,US-19,GRIZZLY BEAR LN,0000000,28.56106944,-82.56039444,3,1
12,65,8,26,6,25,2,2,0,1,1,1,0,13,5,1,1,2,2,70,1,1,2,1,28,3,2,1,0,0,6,34,6,47,99,99,0,0,0,0,1,4,0,121487,0,2009,99999,I-10,99999999999999999999,0000000,30.47878333,-83.92310278,2,1
12,53,8,27,10,15,1,1,0,0,6,4,0,30,0,1,4,1,2,55,1,1,2,1,28,3,1,1,0,0,10,17,10,27,88,88,0,0,0,0,1,5,0,121488,0,2009,99999,COUNTY LINE RD,99999999999999999999,0000000,28.43428056,-82.47908611,1,1
12,101,8,29,20,22,2,4,0,0,6,4,0,12,5,1,1,1,2,30,2,1,2,1,28,3,1,1,0,0,20,23,20,32,99,99,0,0,0,0,1,7,0,121489,0,2009,99999,GREEN KEY RD,99999999999999999999,0000000,28.25336944,-82.73765,2,1
12,105,8,30,2,55,1,1,0,0,6,4,0,1,0,1,2,1,2,50,2,1,2,1,28,3,2,1,0,0,3,5,3,15,88,88,0,0,0,0,1,1,1,121490,0,2009,99999,DEAN STILL RD,99999999999999999999,0000000,28.25761111,-81.70503056,1,1
12,51,8,30,11,10,1,1,0,0,6,4,0,1,0,1,2,1,2,55,2,1,2,1,0,0,1,1,0,0,11,13,11,35,88,88,0,0,0,0,1,1,0,121491,0,2009,99999,CR-832,99999999999999999999,0000000,26.60295556,-81.34620556,1,1
12,21,8,31,6,13,1,2,1,0,16,6,0,8,0,1,1,1,2,30,1,1,2,1,28,3,2,1,0,0,6,14,6,20,99,99,0,0,0,0,1,2,0,121492,1465,2009,99999,STOCKADE RD,99999999999999999999,0000000,26.396825,-81.41408611,1,1
12,69,3,30,17,1,3,4,0,0,13,2,0,12,2,3,1,2,3,50,1,1,2,1,3,3,1,1,0,0,99,99,99,99,99,99,0,0,0,0,1,2,0,121493,2970,2009,99999,US-441,HUFFSTETLER DR,0000000,28.82178889,-81.71011389,3,1
12,99,7,11,9,2,1,2,0,0,14,3,0,53,0,1,4,1,2,45,2,1,2,1,0,0,1,1,0,0,99,99,99,99,99,99,0,0,0,0,1,7,1,121494,2410,2009,99999,SR-715,99999999999999999999,0000000,26.80583333,-80.69218333,1,1
12,103,7,31,8,32,1,1,0,0,14,3,0,42,0,1,3,2,3,45,1,1,2,1,0,0,1,1,0,0,8,32,8,36,88,88,0,0,0,0,1,6,0,121495,2310,2009,99999,SR-584,99999999999999999999,0000000,28.04798056,-82.69142778,1,1
12,86,8,4,23,25,1,2,1,1,13,2,0,8,0,1,1,2,3,40,1,1,2,1,0,0,2,1,0,0,0,25,0,25,99,99,0,0,0,0,1,3,0,121496,1340,2009,99999,US-27,99999999999999999999,0000000,25.83514722,-80.29702778,1,1
12,57,8,15,3,55,1,2,1,0,13,3,0,8,0,1,1,1,2,55,1,1,2,1,28,3,2,1,0,0,3,56,4,4,88,88,0,0,0,0,1,7,0,121497,0,2009,99999,SR-39,99999999999999999999,0000000,28.05717222,-82.13258611,1,1
12,11,8,18,6,45,2,2,0,0,14,6,0,43,0,1,3,3,3,45,1,1,2,1,0,0,4,1,0,0,6,47,6,53,99,99,0,0,0,0,2,3,0,121498,633,2009,99999,LYONS  ROAD,99999999999999999999,0000000,26.28226667,-80.18652778,2,1
12,86,8,20,10,28,2,2,0,0,13,3,0,12,4,2,1,2,3,45,1,1,2,1,3,3,1,1,0,0,99,99,99,99,99,99,0,0,0,0,1,5,0,121499,1340,2009,99999,SR-823,WEST 21ST STREET,0000000,25.84053333,-80.28994722,2,1
12,86,8,21,2,13,1,1,0,0,16,6,0,25,0,2,4,3,2,30,2,1,2,1,0,0,2,1,0,0,2,13,2,20,88,88,0,0,0,0,1,6,0,121500,1340,2009,99999,WEST 84TH STREET,2300 W 84TH STREET,0000000,25.89694167,-80.32981667,1,1
12,11,8,21,5,39,1,2,1,0,14,3,0,8,0,2,1,5,5,15,1,1,2,1,3,3,3,1,0,0,5,40,5,45,88,88,0,0,0,0,1,6,0,121501,760,2009,99999,SR-822,SR-5,0000000,26.03380278,-80.143375,1,1
12,31,8,22,15,30,1,1,0,0,16,6,0,26,0,1,4,1,2,35,2,1,2,2,0,0,1,2,0,0,15,31,15,35,99,99,0,0,0,0,1,7,0,121502,1510,2009,99999,VICTOR STREET,99999999999999999999,0000000,30.27001944,-81.63048889,1,2
12,11,7,9,3,57,2,2,0,0,16,6,0,12,5,1,1,1,2,30,1,1,2,1,20,3,3,1,0,0,99,99,99,99,99,99,0,0,0,0,1,5,0,121503,760,2009,99999,DIXIE HWY,99999999999999999999,0000000,26.03946111,-80.14539444,2,1
12,99,7,14,15,39,2,2,0,0,16,6,0,12,5,2,1,2,2,30,1,1,2,1,20,3,1,1,0,0,15,40,15,42,88,88,0,0,0,0,1,3,0,121504,3190,2009,99999,QUADRILLE BLVD,EVERNIA ST,0000000,26.7114,-80.05504444,2,1
12,95,7,23,16,7,1,2,1,9,99,9,0,8,0,1,1,2,2,10,1,1,2,1,0,0,1,1,0,0,99,99,99,99,99,99,0,0,0,0,1,5,0,121505,0,2009,99999,SUMMIT CREEK BLVD,99999999999999999999,0000000,28.37503889,-81.42868056,1,1
12,103,7,25,1,50,1,1,0,0,14,2,0,33,0,1,4,1,2,35,2,1,2,1,28,3,3,1,0,0,1,56,1,59,99,99,0,0,0,0,1,7,1,121506,860,2009,99999,US-19,99999999999999999999,0000000,28.00555,-82.78768889,1,1
12,99,7,30,16,17,1,2,1,0,13,2,0,8,0,2,1,2,2,45,1,1,2,2,20,3,1,1,0,0,16,17,16,19,99,99,0,0,0,0,1,5,0,121508,290,2009,99999,US-1,SPANISH RIVER BLVD,0000000,26.386025,-80.07645,1,1
12,53,7,30,16,34,2,3,0,0,2,2,0,12,3,2,1,2,2,45,1,2,2,1,28,3,1,1,0,0,99,99,99,99,99,99,0,0,0,0,1,5,0,121509,0,2009,99999,US-98,SHERMAN HILLS BLVD,0000000,28.523025,-82.22856389,2,1
12,86,8,3,9,50,1,1,0,9,99,9,0,47,0,1,1,1,2,99,1,1,2,1,0,0,1,1,0,0,9,50,9,58,88,88,0,0,0,0,1,2,0,121510,0,2009,99999,7391 SW 32ND ST,99999999999999999999,0000000,25.740375,-80.31565833,1,1
12,99,8,4,4,30,1,2,1,0,14,6,0,8,0,1,1,1,4,40,1,1,2,1,28,3,2,1,0,0,4,31,4,38,99,99,0,0,0,0,1,3,0,121511,3190,2009,99999,HAVERHILL RD,99999999999999999999,0000000,26.75735556,-80.11703889,1,1
12,99,8,4,22,5,1,2,1,0,14,6,0,8,0,1,1,1,2,35,1,1,2,1,28,3,2,1,0,0,22,7,22,13,88,88,0,0,0,0,1,3,0,121512,2660,2009,99999,AUSTRALIAN AVE,99999999999999999999,0000000,26.70344722,-80.04035833,1,1
12,11,8,6,13,26,2,4,0,0,15,6,0,12,5,2,1,2,2,40,1,1,2,1,3,3,1,1,0,0,13,27,13,29,99,99,0,0,0,0,1,5,0,121513,2083,2009,99999,MIRAMAR PKWY,FAIRMONT AVE,0000000,25.98083889,-80.27330278,2,1
12,99,8,9,3,36,1,1,0,0,16,6,0,42,0,1,3,2,2,30,2,1,2,1,0,0,3,1,0,0,3,40,3,44,99,99,0,0,0,0,1,1,1,121514,3190,2009,99999,EXECUTIVE CENTER DR,99999999999999999999,0000000,26.71191389,-80.07760278,1,1
12,99,8,10,9,50,1,1,0,0,16,6,0,19,0,1,4,1,2,25,1,1,2,1,0,0,1,1,0,0,99,99,99,99,99,99,0,0,0,0,1,2,0,121515,1750,2009,99999,13TH AVE,99999999999999999999,0000000,26.63110833,-80.05525278,1,1
12,21,8,14,14,5,1,2,0,0,16,6,0,5,0,2,1,1,2,30,1,1,2,1,0,0,1,1,0,0,99,99,99,99,99,99,0,0,0,0,1,6,0,121516,0,2009,99999,SHOLTZ ST,FLORIDIAN DR,0000000,26.08824167,-81.72928889,1,1
12,86,8,15,14,45,2,2,0,0,16,6,0,12,5,2,1,1,2,30,1,1,2,2,20,3,1,2,0,0,14,53,14,59,99,99,0,0,0,0,1,7,0,121517,2010,2009,99999,NW 11TH ST,NW 24TH AVE,0000000,25.7831,-80.23549722,2,2
12,85,8,15,23,52,1,2,0,0,3,3,0,24,0,2,2,1,2,55,2,1,2,1,28,3,2,1,0,0,99,99,99,99,99,99,0,0,0,0,1,7,0,121518,0,2009,99999,SR-76,US-441,0000000,26.98450833,-80.61686111,1,1
12,31,8,16,21,31,1,2,1,0,14,3,0,8,0,1,1,2,3,45,1,1,2,1,28,3,3,1,0,0,99,99,21,34,88,88,0,0,0,0,1,1,0,121519,1510,2009,99999,SR-134,99999999999999999999,0000000,30.24816944,-81.77513611,1,1
12,11,8,18,1,59,2,3,0,1,12,3,0,12,1,1,1,3,2,70,1,2,2,2,28,3,2,2,0,0,99,99,99,99,99,99,0,0,0,0,1,3,1,121520,2083,2009,99999,SR-821,99999999999999999999,0000000,25.97210833,-80.25992222,2,2
12,69,8,20,19,44,1,4,0,1,2,3,0,1,0,1,2,3,2,70,1,1,2,1,28,3,1,1,0,0,19,45,19,57,99,99,0,0,0,0,1,5,0,121521,0,2009,99999,SR-91,99999999999999999999,0000000,28.63048611,-81.53966944,1,1
12,21,8,22,16,20,1,2,1,9,99,9,0,8,0,2,1,9,9,99,1,1,2,1,0,0,1,1,0,0,16,20,16,25,99,99,0,0,0,0,1,7,0,121522,0,2009,99999,3427 ENTERPRISE AVE,AIRPORT PULLING RD,0000000,26.16235556,-81.76685,1,1
12,127,8,22,18,42,1,1,0,0,6,4,0,34,0,1,4,1,2,50,2,1,1,1,28,3,1,1,0,0,99,99,99,99,99,99,0,0,0,0,1,7,0,121523,0,2009,99999,MAYTOWN RD,99999999999999999999,0000000,28.82196667,-80.99030833,1,1
12,101,8,24,21,20,1,2,1,1,13,2,0,8,0,1,1,2,3,45,1,1,2,1,28,3,3,1,0,0,21,20,21,23,88,88,0,0,0,0,1,2,0,121524,0,2009,99999,US-19,99999999999999999999,0000000,28.18453611,-82.74004444,1,1
12,127,8,26,19,50,1,1,0,0,6,4,0,42,0,1,4,1,2,40,1,2,2,2,28,3,2,1,0,0,99,99,19,55,88,88,0,0,0,0,1,4,1,121525,0,2009,99999,MARSH RD,99999999999999999999,0000000,29.11798056,-81.26986667,1,1
12,57,8,27,22,39,1,1,0,0,6,4,0,42,0,1,4,1,2,45,2,1,2,2,0,0,2,1,0,0,99,99,22,46,88,88,0,0,0,0,1,5,1,121526,0,2009,99999,BALM WIMAUMA RD,99999999999999999999,0000000,27.73309167,-82.262,1,1
12,117,8,27,3,30,1,1,0,1,11,1,0,29,0,5,2,6,2,55,2,2,2,2,28,3,3,1,0,0,3,34,3,44,99,99,0,0,0,0,1,5,1,121527,2770,2009,99999,I-4,SR-417,0000000,28.796575,-81.34216111,1,1
12,93,8,29,17,51,2,4,0,0,2,2,0,12,2,1,1,1,2,60,1,1,2,1,0,0,1,1,0,0,17,54,99,99,99,99,0,0,0,0,1,7,1,121528,0,2009,99999,US-441,99999999999999999999,0000000,27.35292222,-80.82092222,2,1
12,17,8,30,14,0,2,2,0,0,6,4,0,1,0,1,1,1,2,35,2,2,2,1,0,0,1,1,0,0,14,2,14,10,88,88,0,0,0,0,1,1,1,121529,0,2009,99999,CR-39A,99999999999999999999,0000000,28.78029722,-82.28638611,2,1
12,83,8,31,3,0,1,1,0,0,6,4,0,41,0,1,5,1,2,55,2,2,2,1,0,0,2,1,0,0,8,44,8,51,88,88,0,0,0,0,1,2,1,121530,0,2009,99999,CR-316,99999999999999999999,0000000,29.36246667,-82.05900833,1,1
12,23,8,31,12,15,1,1,0,0,6,4,0,27,0,3,4,1,2,45,1,1,2,1,20,3,1,1,0,0,13,8,13,22,88,88,0,0,0,0,1,2,1,121531,0,2009,99999,SW WESTER DR,SW FINLEY LITLE LN,0000000,30.08655278,-82.65217222,1,1
12,99,8,31,21,25,1,1,0,1,11,1,0,23,0,5,2,6,1,35,2,2,2,1,0,0,3,1,0,0,21,28,21,33,99,99,0,0,0,0,1,2,0,121532,3190,2009,99999,I-95,OKEECHOBEE BLVD,0000000,26.70794722,-80.07690278,1,1
12,97,8,31,20,54,2,3,0,0,13,2,0,12,5,2,1,2,2,45,1,1,2,2,20,3,3,1,0,0,20,56,21,6,99,99,0,0,0,0,1,2,0,121533,0,2009,99999,US-17,HILDA STREET,0000000,28.31752778,-81.40378889,2,1
12,97,8,31,16,35,1,1,0,0,6,4,0,1,0,1,2,1,2,55,2,1,2,1,28,3,1,1,0,0,16,42,16,53,99,99,0,0,0,0,1,2,1,121534,0,2009,99999,BOGGY CREEK RD,99999999999999999999,0000000,28.34806111,-81.25990833,1,1
12,57,7,24,5,3,1,2,1,0,13,2,0,9,0,1,1,2,2,40,1,2,2,1,0,0,3,1,0,0,99,99,99,99,99,99,0,0,0,0,1,6,0,121535,2950,2009,99999,US-41,99999999999999999999,0000000,28.01811111,-82.45131944,1,1
12,99,8,1,23,59,2,3,0,0,15,6,0,12,5,2,1,3,2,35,1,1,2,1,3,3,3,1,0,0,99,99,99,99,99,99,0,0,0,0,1,7,0,121536,290,2009,99999,NW 13TH ST,NW 12TH AVE,0000000,26.36135556,-80.11011667,2,1
12,86,8,16,10,30,3,4,3,0,14,3,0,38,0,3,4,3,3,40,1,1,2,1,0,0,1,1,0,0,99,99,99,99,99,99,0,0,0,0,1,1,0,121537,1340,2009,99999,SR-934,NW 21ST AVE,0000000,25.8408,-80.32754722,1,1
12,86,8,24,16,5,2,3,0,0,6,4,0,12,5,2,1,1,2,30,1,1,2,1,20,3,1,1,0,0,16,6,16,11,99,99,0,0,0,0,1,2,0,121539,0,2009,99999,NE 199TH ST,NE 11TH AVE,0000000,25.95879167,-80.18008611,2,1
12,86,8,24,4,52,2,3,0,0,6,4,0,12,5,2,1,1,2,35,1,1,2,1,3,3,3,1,0,0,99,99,99,99,99,99,0,0,0,0,1,2,0,121540,0,2009,99999,NW 127TH AVE,NW 12TH ST,0000000,25.78239444,-80.40073333,2,1
12,99,8,24,13,51,1,4,0,0,14,3,0,5,0,3,2,2,2,35,1,1,2,1,0,0,1,1,0,1,13,51,13,55,99,99,0,0,0,0,1,2,0,121541,820,2009,99999,SR-806,SW 7TH AVE,0000000,26.46154722,-80.08035,1,1
12,105,4,28,21,11,1,2,1,0,13,2,0,9,0,1,1,1,2,45,1,1,2,1,0,0,3,1,0,0,99,99,99,99,99,99,0,0,0,0,1,3,0,121542,1690,2009,99999,US-98,99999999999999999999,0000000,28.06685278,-81.95736111,1,1
12,111,6,1,22,12,1,1,0,0,13,2,0,33,0,1,4,2,3,45,1,1,2,1,0,0,3,1,0,0,99,99,99,99,99,99,0,0,0,0,1,2,0,121543,2601,2009,99999,US-1,99999999999999999999,0000000,27.274325,-80.29012778,1,1
12,11,6,12,17,54,1,1,0,0,16,6,0,1,0,2,1,1,2,30,1,1,2,1,20,3,1,1,0,0,99,99,99,99,99,99,0,0,0,0,1,6,0,121544,1420,2009,99999,N 74TH AVE,FARRAGUT ST,0000000,26.03314167,-80.23666667,1,1
12,51,7,12,20,26,1,3,0,1,2,2,0,18,0,1,1,2,2,65,1,1,2,6,0,0,5,2,0,0,99,99,99,99,99,99,0,0,0,0,1,1,0,121545,600,2009,99999,US-27,99999999999999999999,0000000,26.75385833,-81.0545,1,2
12,69,7,21,19,13,2,3,0,0,13,2,0,12,5,2,1,2,2,35,1,1,2,1,3,3,5,1,0,0,19,15,19,20,99,99,0,0,0,0,1,3,1,121546,1820,2009,99999,US-441,GLEN RIDGE DRIVE,0000000,28.82288611,-81.88374167,2,1
12,5,7,31,2,50,2,2,0,1,13,2,0,12,1,2,1,2,2,55,1,1,2,1,28,3,2,1,0,0,99,99,99,99,99,99,0,0,0,0,1,6,1,121547,0,2009,99999,US-98,SANDY LANE,0000000,30.24305,-85.91794722,2,1
12,57,8,14,5,35,1,2,1,0,16,6,0,8,0,1,1,1,2,35,1,1,2,1,0,0,2,1,0,0,5,37,5,40,88,88,0,0,0,0,1,6,0,121548,2950,2009,99999,W. SLIGH AVENUE,99999999999999999999,0000000,28.010775,-82.48017778,1,1
12,109,8,20,1,30,1,2,0,0,14,3,0,1,0,1,2,2,2,50,2,2,2,1,28,3,3,1,0,0,1,31,1,35,99,99,0,0,0,0,1,5,0,121550,2690,2009,99999,SR-312,99999999999999999999,0000000,29.86735,-81.30324722,1,1
12,105,8,24,2,25,1,1,0,1,11,1,0,35,0,1,4,3,3,70,2,1,2,1,28,3,3,1,0,0,2,31,2,45,88,88,0,0,0,0,1,2,1,121551,0,2009,99999,I-4,99999999999999999999,0000000,28.03655,-82.03856111,1,1
12,57,8,24,15,52,1,3,2,0,13,2,0,8,0,1,5,2,3,40,1,1,1,1,0,0,1,1,0,0,15,54,15,59,99,99,0,0,0,0,1,2,0,121552,2950,2009,99999,US-92,99999999999999999999,0000000,27.99609722,-82.45334722,1,1
12,69,8,27,22,10,2,3,0,0,2,2,0,12,1,1,1,2,3,55,1,1,2,2,28,3,3,2,0,0,22,12,22,22,99,99,0,0,0,0,1,5,0,121553,0,2009,99999,US-192,99999999999999999999,0000000,28.34712222,-81.66008611,2,2
12,86,8,28,22,27,2,5,3,0,13,3,0,12,3,2,1,2,2,30,1,1,2,1,0,0,1,1,0,0,99,99,99,99,99,99,0,0,0,0,1,6,0,121554,2010,2009,99999,SR-90,8TH ST,0000000,25.76572778,-80.2195,2,1
12,15,8,28,11,8,2,1,0,0,6,4,0,33,0,1,4,2,2,45,2,1,2,1,28,3,1,1,0,0,11,10,11,19,99,99,0,14,0,0,1,6,0,121555,0,2009,99999,CR-775,99999999999999999999,0000000,26.93503056,-82.33730833,1,1
12,27,8,28,22,45,1,1,0,0,6,4,0,34,0,1,4,1,2,30,2,1,2,2,28,3,2,1,0,0,22,54,23,0,99,99,0,0,0,0,1,6,1,121556,0,2009,99999,WELLES AVE,99999999999999999999,0000000,27.15881111,-81.88221389,1,1
12,119,9,1,15,52,1,2,0,1,1,1,0,39,0,1,4,2,2,70,1,1,2,2,0,0,1,2,0,0,15,52,16,4,99,99,0,0,0,0,1,3,1,121557,0,2009,99999,I-75,99999999999999999999,0000000,28.51953333,-82.23747222,1,2
12,117,9,6,10,20,2,4,0,0,13,3,0,12,5,1,1,2,3,40,1,1,2,1,0,0,1,1,0,0,10,20,10,23,99,99,0,0,0,0,1,1,0,121558,30,2009,99999,SR-436,99999999999999999999,0000000,28.66315833,-81.35890833,2,1
12,99,9,1,6,30,1,1,0,1,2,2,0,1,0,1,4,2,2,65,2,1,2,1,0,0,4,1,0,0,6,39,6,52,99,99,0,0,0,0,1,3,0,121559,0,2009,99999,US-441,99999999999999999999,0000000,26.72583333,-80.52133056,1,1
12,15,9,1,12,15,1,1,0,0,6,4,0,27,0,1,4,1,2,30,1,1,2,1,0,0,1,1,0,0,12,17,12,20,88,88,0,0,0,0,1,3,0,121560,0,2009,99999,SUNCOAST BLVD,99999999999999999999,0000000,26.993575,-82.04754444,1,1
12,99,9,2,6,10,2,2,0,0,6,4,0,1,0,2,1,2,2,55,1,1,2,2,20,3,2,1,0,0,6,12,6,15,88,88,0,0,0,0,1,4,0,121561,0,2009,99999,INDIANTOWN RD,TAYLOR RD,0000000,26.93811944,-80.17962778,2,1
12,53,9,2,20,46,2,2,0,1,13,3,0,13,2,1,1,2,2,55,1,1,2,1,0,0,2,1,0,0,20,47,20,55,99,99,0,0,0,0,1,4,0,121562,0,2009,99999,SR-50,99999999999999999999,0000000,28.53355,-82.52934167,2,1
12,61,9,2,7,5,3,3,0,1,1,1,0,12,1,1,1,3,2,70,1,1,2,2,0,0,1,1,0,0,99,99,99,99,99,99,0,0,0,0,1,4,0,121563,0,2009,99999,I-95,99999999999999999999,0000000,27.55991111,-80.48223611,3,1
12,95,9,2,20,20,1,2,1,0,13,2,0,8,0,1,1,5,6,45,1,1,2,1,0,0,2,1,0,0,20,22,20,26,99,99,0,0,0,0,1,4,0,121564,0,2009,99999,US-441,99999999999999999999,0000000,28.42544167,-81.40473056,1,1
12,23,9,3,2,50,1,2,0,0,6,9,0,32,0,1,4,1,2,45,2,1,2,1,0,0,2,1,0,0,7,0,7,13,88,88,0,0,0,0,2,5,0,121565,0,2009,99999,CR-252,99999999999999999999,0000000,30.12389722,-82.56858611,1,1
12,31,9,3,2,18,3,4,0,0,13,2,0,12,1,1,1,2,3,45,1,1,2,1,28,3,3,1,0,0,2,23,2,25,88,88,0,0,0,0,1,5,0,121566,1510,2009,99999,US-90,99999999999999999999,0000000,30.2873,-81.50138889,3,1
12,91,9,3,2,55,2,3,0,1,13,2,0,12,1,1,1,2,2,55,1,1,2,1,28,3,2,1,0,0,3,3,3,10,99,99,0,0,0,0,1,5,1,121567,0,2009,99999,US-98,99999999999999999999,0000000,30.39532778,-86.57958333,2,1
12,107,9,3,15,10,1,3,1,1,2,3,0,8,0,1,1,2,2,55,1,1,2,1,0,0,1,1,0,0,15,13,15,17,88,88,0,0,0,0,1,5,0,121568,0,2009,99999,SR-207,99999999999999999999,0000000,29.670025,-81.58912778,1,1
12,33,9,4,23,7,1,3,0,0,6,4,0,24,0,2,4,1,2,35,2,1,2,1,28,3,3,1,0,0,99,99,99,99,99,99,0,0,0,0,1,6,1,121569,0,2009,99999,BORDER STREET,LILLIAN HWY,0000000,30.42617778,-87.26898611,1,1
12,35,9,4,4,0,1,1,0,0,2,2,0,30,0,1,4,2,2,65,2,1,2,2,28,3,2,1,0,0,4,2,4,11,88,88,0,0,0,0,1,6,1,121570,0,2009,99999,US-1,99999999999999999999,0000000,29.5303,-81.26346667,1,1
12,3,9,5,0,1,1,2,0,0,6,4,0,34,0,1,4,1,2,35,2,1,5,1,28,3,2,1,0,0,0,2,0,10,99,99,0,0,0,0,1,7,1,121571,0,2009,99999,CLAUDE HARVEY RD,99999999999999999999,0000000,30.31545278,-82.2166,1,1
12,83,9,6,17,41,3,3,0,0,13,3,0,12,2,2,1,2,3,50,1,1,2,2,3,3,1,1,0,0,17,45,17,53,88,88,0,0,0,0,1,1,1,121572,0,2009,99999,SR-200,SW 60 AVENUE,0000000,29.11739722,-82.21846667,3,1
12,21,9,8,6,17,1,9,0,1,1,1,0,1,0,1,2,3,2,70,1,1,2,1,0,0,4,1,0,0,99,99,99,99,99,99,0,0,0,0,2,3,0,121573,0,2009,99999,I-75,99999999999999999999,0000000,26.15466667,-81.39839167,1,1
12,83,9,9,7,20,2,2,0,0,6,4,0,12,2,1,1,1,2,45,1,2,2,1,98,3,1,1,0,0,7,25,7,32,99,99,0,0,0,0,1,4,0,121574,0,2009,99999,CR-318,99999999999999999999,0000000,29.41010556,-82.26118333,2,1
12,63,9,9,17,20,1,4,0,1,1,1,0,42,0,1,4,2,2,70,1,1,2,1,28,3,1,1,0,0,17,31,17,40,99,99,0,0,0,0,1,4,0,121575,0,2009,99999,I-10,99999999999999999999,0000000,30.66894167,-85.05960833,1,1
12,119,9,9,16,30,2,2,0,0,6,4,0,12,1,1,1,1,2,60,1,1,2,1,28,3,1,1,0,0,16,30,16,36,99,99,0,0,0,0,1,4,0,121576,0,2009,99999,CR-50,99999999999999999999,0000000,28.55158889,-82.08899722,2,1
12,86,9,10,10,30,1,1,0,0,16,6,0,33,0,2,2,1,2,10,2,1,2,1,28,3,1,1,0,0,99,99,99,99,99,99,0,0,0,0,1,5,0,121577,0,2009,99999,18TH AVE,24TH TERR,0000000,25.746675,-80.22383056,1,1
12,86,5,23,17,53,2,3,0,0,16,6,0,12,5,2,1,1,4,35,1,1,2,1,0,0,1,1,0,0,17,55,18,1,99,99,0,0,0,0,1,7,0,121578,0,2009,99999,NW 47TH AVE,NW 181ST ST,0000000,25.93784722,-80.277325,2,1
12,86,6,17,20,55,1,2,1,0,6,4,0,9,0,3,1,1,4,35,1,1,2,1,3,3,2,1,0,0,99,99,99,99,99,99,0,0,0,0,1,4,0,121579,0,2009,99999,PERIMTER RD,62ND AVE,0000000,25.80762222,-80.29723889,1,1
12,111,7,13,11,15,2,2,0,0,14,6,0,12,2,1,1,1,2,40,1,1,2,1,0,0,1,1,0,0,11,45,11,50,99,99,0,0,0,0,1,2,0,121580,2601,2009,99999,FLOREST DR,99999999999999999999,0000000,27.27583333,-80.33195,2,1
12,86,7,21,8,59,1,2,1,0,16,6,0,8,0,2,1,1,2,30,1,1,2,1,3,3,1,1,0,0,9,0,9,5,99,99,0,0,0,0,1,3,0,121581,1340,2009,99999,WEST 8TH AVE,WEST 60TH ST,0000000,25.87704722,-80.29918333,1,1
12,31,8,14,22,53,1,1,0,0,12,3,0,42,0,1,4,2,2,55,1,1,2,2,0,0,3,1,0,0,22,58,23,1,88,88,0,0,0,0,1,6,0,121582,1510,2009,99999,SR-228,99999999999999999999,0000000,30.29651667,-81.60043611,1,1
12,31,9,10,19,50,1,2,1,0,16,6,0,9,0,1,1,1,2,30,1,1,2,1,20,3,1,1,0,0,99,99,99,99,99,99,0,0,0,0,1,5,0,121583,1510,2009,99999,HENRIETTA ST,99999999999999999999,0000000,30.35431389,-81.70451667,1,1