STATE,COUNTY,MONTH,DAY,HOUR,MINUTE,VE_TOTAL,PERSONS,PEDS,NHS,ROAD_FNC,ROUTE,SP_JUR,HARM_EV,MAN_COLL,REL_JUNC,REL_ROAD,TRAF_FLO,NO_LANES,SP_LIMIT,ALIGNMNT,PROFILE,PAVE_TYP,SUR_COND,TRA_CONT,T_CONT_F,LGT_COND,WEATHER1,WEATHER2,WRK_ZONE,NOT_HOUR,NOT_MIN,ARR_HOUR,ARR_MIN,HOSP_HR,HOSP_MN,SCH_BUS,CF1,CF2,CF3,FATALS,DAY_WEEK,DRUNK_DR,ST_CASE,CITY,YEAR,MILEPT,TWAY_ID,TWAY_ID2,RAIL,LATITUDE,LONGITUD,VE_FORMS,WEATHER
12,35,6,16,15,44,1,2,1,0,14,3,0,8,0,1,1,1,2,45,1,1,2,1,28,3,1,1,0,0,99,99,99,99,99,99,0,0,0,0,1,3,0,121584,1020,2009,99999,SR-A1A,99999999999999999999,0000000,29.46766667,-81.12098611,1,1
12,86,7,21,3,50,2,6,0,0,13,3,0,12,5,2,1,1,2,30,1,1,2,1,3,3,3,1,0,0,3,50,3,56,99,99,0,0,0,0,1,3,0,121585,2020,2009,99999,SR-934,ABBOTT AVE,0000000,25.85608333,-80.12232222,2,1
12,71,8,16,14,58,2,3,0,0,6,4,0,12,5,2,1,1,2,50,1,1,2,1,20,3,1,1,0,0,99,99,99,99,99,99,0,0,0,0,1,1,0,121586,0,2009,99999,CYPRESS PKWY,KEY DEER CT,0000000,26.57614167,-81.82555,2,1
12,15,8,31,3,30,1,1,0,0,13,2,0,1,0,1,1,3,3,45,1,1,2,1,28,3,3,1,0,0,3,34,3,39,88,88,0,0,0,0,1,2,1,121588,0,2009,99999,US-41,99999999999999999999,0000000,27.00767222,-82.13366111,1,1
12,23,9,5,1,18,3,7,0,1,1,1,0,12,1,1,1,2,3,70,1,1,2,1,28,3,2,1,0,0,1,22,1,32,88,88,0,0,0,0,1,7,1,121589,0,2009,99999,I-75,99999999999999999999,0000000,30.12413056,-82.65940556,3,1
12,39,9,7,20,21,1,2,1,0,14,2,0,8,0,2,1,2,2,35,1,2,2,1,28,3,3,1,0,0,20,22,20,27,99,99,0,0,0,0,1,2,0,121590,2630,2009,99999,US-90,S KEY ST,0000000,30.58813333,-84.58369167,1,1
12,57,9,7,9,39,1,12,0,0,6,4,0,39,0,1,4,1,2,45,1,1,2,1,0,0,1,1,0,0,99,99,99,99,99,99,0,0,0,0,1,2,0,121591,0,2009,99999,TURNER RD,99999999999999999999,0000000,28.07801111,-82.54182778,1,1
12,57,9,8,3,10,1,1,0,0,13,2,0,1,0,1,1,1,2,55,1,1,2,1,0,0,2,1,0,0,3,12,3,23,99,99,0,0,0,0,1,3,0,121592,0,2009,99999,US-92,99999999999999999999,0000000,28.01397222,-82.25363056,1,1
12,1,9,9,16,5,2,2,0,0,2,2,0,12,1,1,1,2,2,65,1,1,2,1,28,3,1,1,0,0,16,8,16,17,99,99,0,0,0,0,1,4,0,121593,0,2009,99999,US-441,99999999999999999999,0000000,29.57483889,-82.33557778,2,1
12,105,9,9,20,25,1,2,0,0,6,4,0,30,0,1,4,1,2,55,2,1,2,1,28,3,2,1,0,0,20,26,20,34,99,99,0,0,0,0,1,4,1,121594,0,2009,99999,ROCKRIDGE RD,99999999999999999999,0000000,28.23155556,-81.97848889,1,1
12,9,9,11,21,47,1,1,0,1,11,1,0,18,0,1,1,2,2,70,1,1,2,1,28,3,2,1,0,4,21,47,21,59,88,88,0,0,0,0,1,6,0,121595,0,2009,99999,I-95,99999999999999999999,0000000,28.14228611,-80.70583333,1,1
12,17,9,13,11,4,2,3,0,0,16,6,0,12,2,1,1,1,2,55,2,1,2,2,28,3,1,1,0,0,11,4,11,10,99,99,0,0,0,0,1,1,0,121596,0,2009,99999,CITRUS AVE,99999999999999999999,0000000,28.92735833,-82.59297222,2,1
12,121,9,13,8,20,1,1,0,0,3,3,0,1,0,1,2,1,2,60,1,1,2,1,0,0,1,1,0,0,99,99,8,25,99,99,0,0,0,0,1,1,1,121597,0,2009,99999,SR-51,99999999999999999999,0000000,30.15696389,-83.15897222,1,1
12,91,8,10,20,45,5,2,0,0,14,3,0,33,0,1,4,2,2,45,1,1,2,1,0,0,3,1,0,0,20,47,20,50,99,99,0,14,0,0,1,2,0,121599,1091,2009,99999,SR-393,99999999999999999999,0000000,30.42525556,-86.64101111,1,1
12,11,8,12,16,20,2,8,0,0,16,6,0,12,5,2,1,1,4,35,1,1,2,1,3,3,1,1,0,0,16,20,16,26,99,99,0,0,0,0,1,4,0,121600,2260,2009,99999,N ANDREWS AVE,NE 56TH ST,0000000,26.196025,-80.14718333,2,1
12,127,8,22,2,16,1,5,0,0,13,3,0,1,0,3,1,2,3,45,1,1,2,1,3,3,3,1,0,0,2,18,2,18,99,99,0,0,0,0,2,7,1,121601,780,2009,99999,SR-5A,MADISON AVE,0000000,29.216575,-81.04639167,1,1
12,127,9,4,9,32,2,3,0,0,13,3,0,12,5,2,1,1,4,45,1,1,2,1,20,3,1,1,0,0,9,32,9,34,99,99,0,0,0,0,1,6,0,121602,780,2009,99999,SR-483,NORTH ST,0000000,29.20929722,-81.05985,2,1
12,117,9,4,14,15,2,2,0,0,13,2,0,12,3,1,1,2,3,45,1,1,2,1,28,3,1,1,0,0,14,15,14,20,99,99,0,0,0,0,1,6,1,121603,480,2009,99999,US-17-92,99999999999999999999,0000000,28.66330833,-81.340675,2,1
12,57,9,14,8,0,1,1,0,0,6,4,0,1,0,1,1,2,1,30,1,1,2,1,0,0,2,1,0,0,8,48,8,54,88,88,0,0,0,0,1,2,1,121604,0,2009,99999,NORTH ST,99999999999999999999,0000000,28.00660278,-82.45149167,1,1
12,95,9,16,20,35,1,2,1,1,11,1,0,8,0,1,1,2,3,55,1,1,2,1,28,3,3,1,0,0,20,35,20,41,99,99,0,0,0,0,1,4,0,121605,1895,2009,99999,I-4,99999999999999999999,0000000,28.62815556,-81.38673611,1,1
12,69,4,12,19,34,2,6,0,0,13,2,0,12,5,2,1,2,3,50,1,1,1,1,3,3,1,1,0,0,99,99,99,99,99,99,0,0,0,0,1,1,0,121606,1820,2009,99999,US-441,CR-44,0000000,28.83220556,-81.81860278,2,1
12,101,4,16,16,13,2,3,0,0,13,2,0,12,7,2,1,1,2,35,1,1,2,1,20,3,1,1,0,0,99,99,99,99,99,99,0,0,0,0,1,5,0,121607,3330,2009,99999,US-301,15TH AVENUE,0000000,28.24233889,-82.186875,2,1
12,86,8,24,3,30,1,2,0,0,6,4,0,38,0,1,4,1,2,35,1,1,2,1,0,0,3,1,0,0,3,35,3,41,88,88,0,0,0,0,2,2,0,121608,9999,2009,99999,SW 117TH AVENUE,99999999999999999999,0000000,25.57362778,-80.37848611,1,1
12,11,5,6,18,45,1,2,1,0,13,3,0,8,0,2,1,2,2,45,1,2,2,1,3,3,1,1,0,0,18,45,18,47,99,99,0,0,0,0,1,4,0,121609,760,2009,99999,SR-818,GRIFFIN ROAD,0000000,26.06227778,-80.18439167,1,1
12,105,5,19,17,46,3,5,0,1,13,2,0,12,5,2,1,2,2,45,1,1,2,2,3,3,1,2,0,0,99,99,99,99,99,99,0,0,0,0,1,3,0,121610,160,2009,99999,US-98,WISON AVENUE,0000000,27.90405833,-81.84041944,3,2
12,57,5,28,11,0,1,1,0,0,6,4,0,5,0,1,4,1,2,25,1,2,1,2,0,0,1,2,0,0,99,99,99,99,99,99,0,0,0,0,1,5,0,121611,0,2009,99999,PRESERVATION GREEN C,99999999999999999999,0000000,27.69131944,-82.35896667,1,2
12,115,8,19,17,28,1,3,1,0,13,2,0,8,0,2,1,3,2,55,1,1,2,2,3,3,1,2,0,0,99,99,99,99,99,99,0,0,0,0,1,4,0,121612,2235,2009,99999,US-41,S SALFORD BLVD,0000000,27.03433056,-82.20813889,1,2
12,69,8,22,20,10,1,1,0,0,6,4,0,1,0,1,2,1,2,40,2,1,2,1,28,3,2,1,0,0,20,16,20,27,99,99,0,0,0,0,1,7,1,121613,0,2009,99999,WYGUL RD,CR-439,0000000,28.934825,-81.59783056,1,1
12,101,8,30,0,53,1,1,0,0,6,4,0,34,0,1,4,1,2,45,2,1,2,1,28,3,2,1,0,0,99,99,0,59,88,88,0,0,0,0,1,1,1,121615,0,2009,99999,CR-583,99999999999999999999,0000000,28.25738611,-82.449925,1,1
12,95,9,2,13,5,1,1,0,0,14,3,0,27,0,1,3,2,2,45,1,1,2,1,28,3,1,1,0,0,13,7,13,13,99,99,0,0,0,0,1,4,0,121616,0,2009,99999,SR-551,99999999999999999999,0000000,28.48004722,-81.28739167,1,1
12,91,9,8,23,20,1,2,0,0,3,2,0,42,0,1,4,1,2,55,1,2,2,1,28,3,2,1,0,0,23,21,23,34,99,99,0,0,0,0,1,3,1,121617,0,2009,99999,US-90,99999999999999999999,0000000,30.762875,-86.56625833,1,1
12,11,9,8,0,5,2,2,0,1,12,3,0,12,7,1,1,2,3,65,1,1,2,2,28,3,2,2,0,0,0,14,0,21,99,99,0,0,0,0,1,3,1,121618,0,2009,99999,SR-91,99999999999999999999,0000000,26.29249167,-80.16938333,2,2
12,79,9,8,21,20,1,1,0,0,6,4,0,1,0,1,2,1,2,55,2,1,2,1,28,3,2,1,0,0,21,22,21,27,88,88,0,0,0,0,1,3,1,121619,0,2009,99999,CR-150,99999999999999999999,0000000,30.498125,-83.5948,1,1
12,97,9,11,19,52,3,8,0,1,2,3,0,12,2,1,1,1,2,60,1,1,2,2,0,0,2,2,0,0,19,54,20,17,99,99,0,0,0,0,1,6,0,121620,1565,2009,99999,SR-60,99999999999999999999,0000000,27.71742222,-80.94906944,3,2
12,33,9,11,23,50,2,5,0,0,6,4,0,12,5,2,1,1,2,45,1,1,2,1,0,0,3,1,0,0,23,50,23,54,99,99,0,0,0,0,1,6,1,121621,0,2009,99999,CR-95A,PINESTEAD RD,0000000,30.49350556,-87.25315,2,1
12,113,9,12,18,15,1,3,0,1,11,1,0,43,0,1,4,2,2,70,1,1,2,2,0,0,1,2,0,0,18,18,18,27,99,99,0,0,0,0,1,7,0,121622,0,2009,99999,I-10,99999999999999999999,0000000,30.53417222,-87.11263333,1,2
12,85,9,12,17,44,1,2,0,1,11,1,0,30,0,1,3,2,3,70,1,1,2,2,0,0,1,2,0,0,17,46,17,59,99,99,0,0,0,0,1,7,0,121623,0,2009,99999,I-95,99999999999999999999,0000000,27.08451944,-80.25154444,1,2
12,31,9,12,5,28,1,1,0,1,11,1,0,1,0,1,3,2,2,70,1,1,1,1,0,0,2,1,0,1,5,28,5,43,88,88,0,0,0,0,1,7,1,121624,1510,2009,99999,I-10,99999999999999999999,0000000,30.31241389,-81.816925,1,1
12,9,9,14,20,42,1,1,0,1,11,1,0,1,0,1,3,2,2,70,1,1,2,1,28,3,2,1,0,0,20,46,20,53,99,99,0,0,0,0,1,2,1,121626,3000,2009,99999,I-95,99999999999999999999,0000000,28.59456389,-80.85124167,1,1
12,95,9,15,11,36,2,2,0,0,13,2,0,12,1,1,1,2,2,35,1,1,1,1,28,3,1,1,0,0,12,2,12,5,99,99,0,0,0,0,1,3,0,121627,0,2009,99999,US-441,99999999999999999999,0000000,28.67555556,-81.51581944,2,1
12,115,9,16,14,40,2,2,0,0,6,4,0,12,7,1,1,1,2,50,1,1,2,1,28,3,1,1,0,0,14,40,14,46,99,99,0,0,0,0,1,4,0,121628,0,2009,99999,CR-780,99999999999999999999,0000000,27.33450833,-82.27315556,2,1
12,57,9,16,12,22,2,2,0,0,13,2,0,12,5,1,1,1,2,55,1,2,2,1,28,3,1,1,0,0,12,23,12,28,99,99,0,0,0,0,1,4,0,121629,0,2009,99999,US-301,99999999999999999999,0000000,28.05664444,-82.31673611,2,1
12,33,9,17,20,7,1,2,1,0,13,3,0,8,0,1,1,1,4,45,1,1,2,1,28,3,2,1,0,0,99,99,20,10,99,99,0,0,0,0,1,5,0,121630,0,2009,99999,SR-292,99999999999999999999,0000000,30.44515,-87.23988333,1,1
12,127,9,19,23,39,1,2,1,0,16,6,0,8,0,4,1,1,2,30,1,1,2,1,0,0,2,1,0,0,23,39,23,41,99,99,0,0,0,0,1,7,0,121631,920,2009,99999,109 HOTEL AVE,S RIDGEWOOD AVE,0000000,28.98654167,-80.90276944,1,1
12,31,9,19,16,40,1,1,0,1,14,3,0,33,0,2,2,2,2,35,2,1,1,1,3,3,1,1,0,0,16,40,16,45,99,99,0,0,0,0,1,7,1,121632,1510,2009,99999,SR-111,EDGEWOOD AVE,0000000,30.32494444,-81.7309,1,1
12,55,9,19,6,20,2,2,0,1,2,2,0,12,5,2,1,2,2,65,2,1,2,1,20,3,2,1,0,0,6,20,6,28,88,88,0,0,0,0,1,7,0,121633,0,2009,99999,US-27,LAKE HENRY DRIVE,0000000,27.33077222,-81.38219167,2,1
12,71,9,22,7,51,1,4,1,0,16,6,0,8,0,2,1,1,2,30,1,1,2,1,20,3,1,1,0,0,7,51,7,56,99,99,0,0,0,0,1,3,0,121634,1823,2009,99999,E 10TH STREET,HAMILTON AVENUE,0000000,26.63621111,-81.58896389,1,1
12,87,4,27,15,23,1,2,1,0,16,6,0,9,0,2,1,2,2,30,1,1,2,1,20,3,1,1,0,0,15,23,15,25,99,99,0,0,0,0,1,2,0,121635,1580,2009,99999,FLAGLER AVENUE,11TH STREET,0000000,24.560175,-81.76876944,1,1
12,9,7,3,15,22,1,1,1,0,16,6,0,8,0,8,5,1,2,35,1,1,2,1,0,0,1,1,0,0,15,19,15,24,88,88,0,0,0,0,1,6,0,121636,2424,2009,99999,1385 NW GLENCOVE AVE,EMERSON DRIVE NW,0000000,28.03140833,-80.71336667,1,1
12,86,8,12,9,10,1,3,1,0,14,3,0,8,0,2,1,2,2,30,1,1,2,1,28,3,1,1,0,0,99,99,99,99,99,99,0,0,0,0,1,4,0,121637,2010,2009,99999,SR-933,529 NW 12TH AVE,0000000,25.77931111,-80.21481389,1,1
12,86,8,16,8,37,1,1,0,1,13,2,0,29,0,1,4,2,3,45,1,1,2,1,0,0,1,1,0,0,8,33,8,35,88,88,0,0,0,0,1,1,0,121638,9997,2009,99999,US-1,99999999999999999999,0000000,25.58313333,-80.36521389,1,1
12,11,9,7,20,8,1,3,1,0,13,2,0,8,0,1,1,2,2,35,1,1,2,1,0,0,3,1,0,0,20,8,20,10,99,99,0,0,0,0,1,2,0,121639,1420,2009,99999,US-1,99999999999999999999,0000000,26.02179167,-80.14325556,1,1
12,11,9,8,7,20,2,2,0,0,13,3,0,12,1,3,1,2,3,45,1,1,2,1,0,0,4,1,0,0,99,99,99,99,88,88,0,0,0,0,1,3,0,121640,2083,2009,99999,SR-824,ISLAND DR,0000000,25.99485833,-80.23951667,2,1
12,99,9,10,7,43,2,2,0,0,13,3,0,12,5,2,1,2,3,45,1,1,2,1,3,3,1,1,0,0,7,47,7,50,99,99,0,0,0,0,1,5,0,121641,0,2009,99999,SR-882,SHERWOOD FOREST BLVD,0000000,26.65226111,-80.13675833,2,1
12,71,9,12,1,2,2,6,0,0,16,6,0,12,5,2,1,2,3,50,1,1,2,2,3,3,3,2,0,0,1,3,1,8,99,99,0,0,0,0,1,7,1,121642,457,2009,99999,CR-884,COUNTRY CLUB BLVD,0000000,26.60564722,-81.95652778,2,2
12,99,9,12,20,37,1,3,1,0,13,3,0,8,0,2,1,2,3,45,1,1,2,2,3,3,3,2,0,0,99,99,99,99,99,99,0,0,0,0,1,7,0,121643,0,2009,99999,SR-809,INVESTMENT LANE,0000000,26.79818611,-80.10659167,1,2
12,103,6,12,22,55,1,2,1,0,13,2,0,8,0,1,1,3,3,35,1,1,2,1,0,0,3,1,0,0,99,99,99,99,99,99,0,0,0,0,1,6,0,121644,2730,2009,99999,US-19,99999999999999999999,0000000,27.77587222,-82.67956389,1,1
12,31,6,13,23,35,2,4,0,1,11,1,0,12,1,1,1,2,4,55,1,2,1,1,28,3,3,1,0,0,99,99,99,99,99,99,0,0,0,0,1,7,0,121645,1510,2009,99999,I-95,99999999999999999999,0000000,30.32809167,-81.67764167,2,1
12,105,9,17,19,42,2,3,0,0,16,6,0,12,5,2,1,1,2,30,1,1,2,1,0,0,3,1,0,0,99,99,99,99,88,88,0,0,0,0,2,5,0,121646,1690,2009,99999,MONTROSE AVE,ARLINGTON AVE,0000000,28.06322778,-81.97835,2,1
12,31,9,22,11,14,2,3,0,0,14,3,0,12,5,2,1,1,6,45,1,1,2,1,20,3,1,1,0,0,11,16,11,28,99,99,0,0,0,0,2,3,0,121647,1510,2009,99999,SR-134,EULACE RD,0000000,30.24734722,-81.73328333,2,1
12,85,5,27,10,0,1,1,0,1,2,3,0,42,0,1,4,1,2,60,1,1,2,1,28,3,1,1,0,0,10,25,10,30,88,88,0,0,0,0,1,4,0,121648,0,2009,99999,SR-710,99999999999999999999,0000000,27.04200278,-80.36533333,1,1
12,21,8,22,10,29,1,2,1,0,16,6,0,9,0,3,1,2,3,45,1,1,2,1,20,3,1,1,0,0,10,26,10,30,88,88,0,0,0,0,1,7,0,121649,2150,2009,99999,CR-851,5TH AVE,0000000,26.15335556,-81.79102778,1,1
12,23,9,7,3,20,1,1,0,1,1,1,0,32,0,1,3,2,2,70,2,1,2,1,28,3,2,1,0,0,3,35,3,53,88,88,0,0,0,0,1,2,0,121650,0,2009,99999,I-10,99999999999999999999,0000000,30.25713889,-82.45569722,1,1
12,11,9,17,0,38,1,2,1,1,12,3,0,8,0,1,1,2,3,65,1,1,2,1,28,3,2,1,0,0,0,50,0,52,99,99,0,0,0,0,1,5,0,121651,0,2009,99999,SR-869,99999999999999999999,0000000,26.27525278,-80.12638056,1,1
12,1,9,20,20,35,2,3,0,1,2,2,0,12,5,2,1,3,2,45,2,1,2,1,3,3,3,1,0,0,20,37,20,45,99,99,0,0,0,0,1,1,1,121652,1320,2009,99999,US-301,SR-20,0000000,29.59626111,-82.08656389,2,1
12,1,9,23,14,32,1,3,0,1,11,1,0,42,0,1,4,3,3,70,1,2,2,1,28,3,1,1,0,0,14,34,14,42,99,99,0,0,0,0,1,4,0,121653,0,2009,99999,I-75,99999999999999999999,0000000,29.69014167,-82.44754167,1,1
12,57,9,24,18,31,1,1,0,0,16,6,0,31,0,8,4,1,2,40,1,1,2,1,0,0,5,1,0,0,18,32,18,36,99,99,0,0,0,0,1,5,0,121654,2950,2009,99999,6500 COMMERCE STREET,COMMERCE STREET,0000000,27.86060833,-82.55006667,1,1
12,5,9,28,18,8,1,3,2,0,6,4,0,9,0,1,2,2,2,45,1,1,2,1,28,3,1,1,0,0,99,99,99,99,99,99,0,0,0,0,1,2,1,121656,0,2009,99999,THOMAS DR,99999999999999999999,0000000,30.16408056,-85.75569444,1,1
12,86,6,19,14,10,1,2,1,0,14,2,0,8,0,1,1,2,3,40,1,1,2,2,0,0,1,2,0,0,99,99,99,99,99,99,0,0,0,0,1,6,0,121657,2220,2009,99999,US-441,99999999999999999999,0000000,25.89462222,-80.211225,1,2
12,97,8,9,99,99,1,1,0,0,16,6,0,42,0,1,4,1,2,30,2,1,2,1,0,0,2,1,0,0,1,53,2,1,88,88,0,0,0,0,1,1,1,121658,2700,2009,99999,S NARCOOSSEE RD,99999999999999999999,0000000,28.25016667,-81.24388889,1,1
12,86,8,28,23,18,2,3,0,0,13,2,0,12,1,2,1,2,3,50,1,1,2,1,3,3,3,1,0,0,23,20,23,25,99,99,0,0,0,0,1,6,1,121659,2020,2009,99999,US-41,FOUNTAIN ST,0000000,25.77743056,-80.16370556,2,1
12,83,9,4,21,45,1,2,1,0,14,3,0,9,0,1,1,2,2,55,1,1,2,1,0,0,3,1,0,0,99,99,99,99,99,99,0,0,0,0,1,6,0,121660,2270,2009,99999,SR-464,99999999999999999999,0000000,29.15828889,-82.08765556,1,1
12,71,8,17,12,20,1,3,1,0,13,3,0,9,0,2,1,1,3,30,1,1,1,1,3,3,1,1,0,0,12,20,12,22,88,88,0,0,0,0,1,2,0,121661,1070,2009,99999,SR-80,FOWLER STREET,0000000,26.68228056,-81.88385,1,1
12,86,8,27,4,41,2,2,0,1,12,3,0,12,1,1,1,3,5,55,1,2,2,1,28,3,3,1,0,0,4,41,4,48,99,99,0,0,0,0,1,5,1,121662,0,2009,99999,SR-826,99999999999999999999,0000000,25.85549722,-80.32251389,2,1
12,127,9,14,5,45,2,2,0,1,11,1,0,12,1,1,1,3,3,70,1,1,2,2,0,0,4,1,0,0,5,47,5,53,99,99,0,0,0,0,1,2,0,121664,0,2009,99999,I-4,99999999999999999999,0000000,29.01748611,-81.23170278,2,1
12,81,9,18,0,40,1,1,0,0,6,4,0,53,0,1,4,1,2,45,2,1,2,1,0,0,2,1,0,0,0,42,0,50,88,88,0,0,0,0,1,6,1,121665,0,2009,99999,OLD TAMPA RD,99999999999999999999,0000000,27.54351944,-82.45358056,1,1
12,117,9,19,21,20,4,4,0,0,2,3,0,12,2,1,1,1,2,55,2,1,2,1,0,0,3,1,0,1,21,29,21,37,99,99,0,0,0,0,1,7,2,121666,0,2009,99999,SR-46,99999999999999999999,0000000,28.78695,-81.18753889,4,1
12,101,9,20,19,37,1,1,0,1,11,1,0,1,0,1,1,3,2,70,1,1,2,2,0,0,5,1,0,0,19,37,19,51,88,88,0,0,0,0,1,1,0,121667,0,2009,99999,I-75,99999999999999999999,0000000,28.193325,-82.38435,1,1
12,31,9,22,16,19,2,10,0,0,13,3,0,12,5,2,1,2,2,55,1,1,2,1,28,3,1,1,0,0,99,99,16,27,99,99,0,0,0,0,2,3,0,121668,1510,2009,99999,SR-228,PARRISH CEMETARY RD,0000000,30.27657222,-81.82770556,2,1
12,97,9,22,23,1,2,3,0,0,6,4,0,12,5,2,1,1,2,45,1,1,2,1,20,3,2,1,0,0,23,3,23,4,99,99,0,0,0,0,1,3,1,121669,0,2009,99999,OSCEOLA POLK LINE RD,POLK CONNECTION RD,0000000,28.25965833,-81.5432,2,1
12,83,9,22,8,25,2,2,0,1,2,3,0,12,8,1,1,1,2,55,2,1,2,1,28,3,1,1,0,0,8,22,8,40,99,99,0,0,0,0,1,3,0,121670,0,2009,99999,SR-40,99999999999999999999,0000000,29.16715278,-81.64944722,2,1
12,105,9,26,15,40,5,8,0,0,13,2,0,12,8,1,1,1,2,60,2,1,2,1,28,3,1,1,0,0,15,50,15,57,99,99,0,0,0,0,3,7,0,121672,0,2009,99999,US-98,99999999999999999999,0000000,28.181675,-81.99410556,5,1
12,71,9,27,15,33,2,4,0,0,13,2,0,12,5,2,1,2,2,55,1,1,2,1,3,3,1,1,0,0,15,34,15,38,99,99,0,0,0,0,2,1,1,121673,0,2009,99999,US-41,GRAN VIA,0000000,26.73501389,-81.91213056,2,1
12,17,10,1,17,11,1,1,0,0,6,4,0,42,0,1,4,1,2,30,2,1,2,1,0,0,1,1,0,0,99,99,99,99,99,99,0,0,0,0,1,5,0,121674,0,2009,99999,W BELFAST ST,99999999999999999999,0000000,28.97891667,-82.61170556,1,1
12,31,10,1,21,25,1,2,0,1,14,3,0,30,0,1,4,2,2,45,1,1,2,1,0,0,3,1,0,0,21,29,21,35,99,99,0,0,0,0,1,5,1,121675,1510,2009,99999,SR-A1A,99999999999999999999,0000000,30.35001111,-81.413575,1,1
12,31,10,3,2,34,1,3,0,0,12,3,0,25,0,1,3,3,2,50,1,1,2,1,0,0,3,1,0,0,2,35,2,48,99,99,0,0,0,0,1,7,1,121677,1510,2009,99999,SR-10A,99999999999999999999,0000000,30.32766667,-81.57984722,1,1
12,1,6,21,7,23,1,1,0,0,6,6,0,42,0,1,3,2,2,25,1,1,2,1,28,3,1,1,0,0,7,31,7,41,88,88,0,0,0,0,1,1,0,121678,10,2009,99999,TURKEY CREEK BLVD,99999999999999999999,0000000,29.76160278,-82.412175,1,1
12,73,6,24,22,52,1,2,1,0,13,2,0,8,0,1,1,2,4,45,1,2,2,1,28,3,3,1,0,0,99,99,99,99,99,99,0,0,0,0,1,4,0,121679,2940,2009,99999,US-27,99999999999999999999,0000000,30.48015278,-84.30268889,1,1
12,103,8,18,0,1,1,3,1,0,16,6,0,9,0,2,1,1,4,35,1,1,2,1,20,3,2,1,0,0,0,2,0,5,99,99,0,20,0,0,1,3,0,121680,2730,2009,99999,22ND AVE S,11TH STREET S,0000000,27.74843056,-82.65013889,1,1
12,86,9,20,17,0,1,2,1,0,13,3,0,8,0,1,1,2,3,40,1,1,2,1,0,0,1,1,0,0,99,99,99,99,99,99,0,0,0,0,1,1,0,121681,0,2009,99999,SR-932,99999999999999999999,0000000,25.86761667,-80.25706389,1,1
12,69,9,25,7,27,1,2,1,0,6,4,0,9,0,1,1,1,2,55,1,1,2,1,28,3,1,1,0,0,7,28,7,39,99,99,0,0,0,0,1,6,1,121682,0,2009,99999,CR-450,99999999999999999999,0000000,28.93700278,-81.705525,1,1
12,117,9,27,0,45,2,2,0,0,13,2,0,12,1,1,1,2,2,45,1,1,2,2,28,3,3,2,0,0,0,46,0,48,88,88,0,0,0,0,1,1,1,121683,2770,2009,99999,US-17-92,99999999999999999999,0000000,28.76353056,-81.28383056,2,2
12,31,10,2,23,29,1,1,0,0,16,6,0,5,0,2,1,1,2,45,1,1,2,1,0,0,3,1,0,0,23,29,23,35,99,99,0,0,0,0,1,6,0,121684,1510,2009,99999,14282 YELLOW BLUFF R,2800 EAGLES HAMMOCK,0000000,30.49695833,-81.57553056,1,1
12,86,8,1,16,4,1,1,0,0,16,6,0,43,0,4,5,1,2,35,1,1,5,1,0,0,1,1,0,0,16,5,16,10,88,88,0,0,0,0,1,7,0,121685,1440,2009,99999,1001 W MOWRY DR,PRIVATE PROPERTY,0000000,25.46975278,-80.49056111,1,1
12,111,8,11,15,25,2,2,0,1,13,3,0,12,5,2,1,3,3,45,1,1,2,1,20,3,1,1,0,0,15,26,15,30,88,88,0,0,0,0,1,3,0,121686,0,2009,99999,SR-70,HARTMAN RD,0000000,27.42558333,-80.36672778,2,1
12,11,9,10,2,32,1,1,0,0,13,3,0,43,0,1,3,2,3,45,1,1,2,2,0,0,3,2,0,0,2,37,2,37,88,88,0,0,0,0,1,5,0,121687,2916,2009,99999,SR-817,99999999999999999999,0000000,26.16303611,-80.25686389,1,2
12,11,9,11,20,50,1,2,1,0,13,3,0,8,0,1,1,2,3,45,1,1,2,2,0,0,2,1,0,0,99,99,99,99,99,99,0,0,0,0,1,6,0,121688,771,2009,99999,SR-817,99999999999999999999,0000000,26.06994722,-80.25234722,1,1
12,101,8,15,23,20,1,2,1,0,16,6,0,8,0,1,1,1,2,35,1,1,2,1,0,0,2,1,0,0,23,20,23,22,99,99,0,0,0,0,1,7,0,121689,2180,2009,99999,DELAWARE AVE,99999999999999999999,0000000,28.24715,-82.71120556,1,1
12,37,9,19,23,20,1,2,0,0,2,2,0,42,0,1,4,1,2,55,1,1,2,1,28,3,2,1,0,0,23,29,23,40,99,99,0,0,0,0,1,7,1,121690,0,2009,99999,US-98,99999999999999999999,0000000,29.72152778,-85.10305833,1,1
12,15,9,19,0,0,1,2,0,0,6,4,0,41,0,1,4,1,2,55,1,1,2,1,0,0,2,1,0,0,0,2,0,9,99,99,0,0,0,0,1,7,1,121691,0,2009,99999,CR-74,99999999999999999999,0000000,26.94720556,-81.99088056,1,1
12,103,9,19,22,55,1,2,1,0,14,3,0,8,0,1,1,2,3,50,1,1,2,1,0,0,3,1,0,0,22,58,23,1,88,88,0,0,0,0,1,7,0,121692,0,2009,99999,SR-686,99999999999999999999,0000000,27.91614444,-82.71565556,1,1