STATE,COUNTY,MONTH,DAY,HOUR,MINUTE,VE_TOTAL,PERSONS,PEDS,NHS,ROAD_FNC,ROUTE,SP_JUR,HARM_EV,MAN_COLL,REL_JUNC,REL_ROAD,TRAF_FLO,NO_LANES,SP_LIMIT,ALIGNMNT,PROFILE,PAVE_TYP,SUR_COND,TRA_CONT,T_CONT_F,LGT_COND,WEATHER1,WEATHER2,WRK_ZONE,NOT_HOUR,NOT_MIN,ARR_HOUR,ARR_MIN,HOSP_HR,HOSP_MN,SCH_BUS,CF1,CF2,CF3,FATALS,DAY_WEEK,DRUNK_DR,ST_CASE,CITY,YEAR,MILEPT,TWAY_ID,TWAY_ID2,RAIL,LATITUDE,LONGITUD,VE_FORMS,WEATHER
12,3,9,25,5,37,1,1,0,1,1,1,0,34,0,1,4,2,2,70,1,1,2,1,28,3,2,1,0,0,6,39,6,44,88,88,0,0,0,0,1,6,1,121694,0,2009,99999,I-10,99999999999999999999,0000000,30.24405278,-82.24360833,1,1
12,15,9,25,20,40,1,1,0,1,11,1,0,42,0,1,3,2,2,70,1,1,2,2,28,3,2,2,0,0,20,42,20,51,88,88,0,0,0,0,1,6,1,121695,0,2009,99999,I-75,99999999999999999999,0000000,27.00303611,-82.03744444,1,2
12,95,9,25,1,5,2,2,0,9,99,9,0,14,1,13,2,6,1,20,1,1,2,1,28,3,3,1,0,0,1,12,1,21,88,88,0,0,0,0,1,6,1,121696,2290,2009,99999,TUKEY LAKE TOLL,I-4,0000000,28.51078611,-81.49435,1,1
12,83,9,27,1,0,1,2,0,0,6,4,0,30,0,1,4,1,2,45,1,1,2,1,28,3,2,1,0,0,1,10,1,14,88,88,0,20,0,0,2,1,1,121697,0,2009,99999,CR-329,99999999999999999999,0000000,29.33892222,-82.09764444,1,1
12,85,10,2,14,17,1,2,0,1,12,3,0,1,0,1,2,2,2,70,1,1,2,1,28,3,1,1,0,0,14,18,14,28,99,99,0,0,0,0,1,6,0,121699,0,2009,99999,SR-91,99999999999999999999,0000000,27.16773333,-80.30883056,1,1
12,101,10,3,6,30,2,3,0,0,6,4,0,12,2,2,1,1,2,55,1,1,2,1,3,3,2,1,0,0,6,34,6,46,99,99,0,0,0,0,1,7,1,121700,0,2009,99999,CR-54,CHANCEY ROAD,0000000,28.25198056,-82.14696389,2,1
12,123,10,4,14,5,1,1,0,1,2,2,0,1,0,1,1,2,2,65,1,1,2,1,28,3,1,1,0,0,14,8,14,23,99,99,0,0,0,0,1,1,1,121701,0,2009,99999,US-19,99999999999999999999,0000000,30.00051111,-83.508025,1,1
12,11,10,4,10,45,1,1,0,1,2,2,0,1,0,1,2,3,2,65,2,1,2,1,28,3,1,1,0,0,10,45,10,53,88,88,0,0,0,0,1,1,0,121702,0,2009,99999,US-27,99999999999999999999,0000000,26.21563056,-80.45719444,1,1
12,13,10,5,9,25,1,1,0,0,4,3,0,35,0,1,4,1,2,55,1,1,2,2,0,0,1,2,0,0,9,27,9,34,88,88,0,0,0,0,1,2,0,121703,0,2009,99999,SR-69,99999999999999999999,0000000,30.55536944,-85.02164722,1,2
12,31,10,5,14,45,1,2,0,1,12,3,0,1,0,1,3,2,3,65,1,1,1,2,28,3,1,2,0,0,14,46,14,49,99,99,0,0,0,0,2,2,0,121704,1510,2009,99999,SR-9A,99999999999999999999,0000000,30.16881944,-81.53565556,1,2
12,21,10,6,23,25,1,1,0,1,11,1,0,21,0,1,4,2,2,70,2,1,2,1,0,0,2,1,0,0,23,30,23,47,99,99,0,0,0,0,1,3,0,121705,0,2009,99999,I-75,99999999999999999999,0000000,26.16448889,-81.72055833,1,1
12,86,10,6,20,50,2,3,0,0,3,3,0,12,6,1,1,1,2,45,1,1,2,1,0,0,2,1,0,0,21,3,21,10,88,88,0,0,0,0,1,3,1,121706,0,2009,99999,SR-994,99999999999999999999,0000000,25.58009722,-80.46293333,2,1
12,71,10,7,12,43,2,2,0,0,3,3,0,12,2,1,1,1,2,60,1,1,2,1,28,3,1,1,0,0,12,44,12,52,99,99,0,0,0,0,1,4,0,121707,0,2009,99999,SR-82,99999999999999999999,0000000,26.52955556,-81.60729167,2,1
12,81,7,8,16,2,1,6,5,9,99,9,0,8,0,4,4,1,2,15,1,1,1,1,0,0,1,1,0,0,16,6,16,12,99,99,0,0,0,0,1,4,0,121708,0,2009,99999,28TH AVE DR E,86TH ST E,0000000,27.59280556,-82.53532778,1,1
12,11,8,28,0,17,1,2,1,0,14,3,0,9,0,1,2,1,4,30,2,1,2,2,0,0,2,1,0,0,0,18,0,22,99,99,0,0,0,0,1,6,0,121709,1050,2009,99999,SR-A1A,99999999999999999999,0000000,26.145375,-80.10191667,1,1
12,57,9,24,3,2,1,4,0,0,6,4,0,30,0,3,4,1,2,35,1,2,2,1,3,3,3,1,0,0,3,2,3,9,99,99,0,0,0,0,1,5,1,121710,0,2009,99999,CR-108,BRANDON BLVD,0000000,27.93852222,-82.31034722,1,1
12,45,9,25,13,51,1,1,0,0,2,2,0,1,0,1,1,2,2,45,1,1,2,2,28,3,1,1,0,0,13,51,14,1,99,99,0,0,0,0,1,6,0,121711,0,2009,99999,US-98,99999999999999999999,0000000,29.91196111,-85.37408056,1,1
12,127,9,29,10,50,2,2,0,0,16,6,0,12,5,2,1,1,2,45,1,1,2,1,20,3,1,1,0,0,10,50,10,55,88,88,0,0,0,0,1,3,0,121712,920,2009,99999,W PARK AVENUE,AIRPARK ROAD,0000000,28.98372222,-80.92929444,2,1
12,33,10,3,1,50,1,2,1,0,16,2,0,9,0,4,5,1,9,25,1,1,2,1,0,0,3,1,0,0,1,50,1,56,88,88,0,0,0,0,1,7,0,121713,2490,2009,99999,US-90,R STREET,0000000,30.42083056,-87.24463056,1,1
12,51,10,4,4,47,1,2,1,0,6,4,0,8,0,1,1,1,2,55,1,1,2,1,0,0,2,1,0,0,4,49,4,55,88,88,0,0,0,0,1,1,0,121714,0,2009,99999,CR-835,99999999999999999999,0000000,26.58067778,-80.98225278,1,1
12,97,9,21,17,40,1,1,0,0,6,4,0,30,0,1,4,1,2,55,2,1,2,1,28,3,1,1,0,0,17,43,17,51,88,88,0,0,0,0,1,2,0,121715,0,2009,99999,POINCIANA BLVD,99999999999999999999,0000000,28.19604444,-81.46999722,1,1
12,95,9,27,16,5,2,2,0,0,2,3,0,12,5,2,1,2,2,25,1,1,2,2,28,3,1,1,0,0,16,7,16,13,99,99,0,0,0,0,1,1,0,121716,0,2009,99999,SR-50,CUPID AVENUE,0000000,28.536775,-80.99902222,2,1
12,89,9,27,1,29,1,2,0,0,16,6,0,1,0,1,4,1,2,35,1,1,2,1,28,3,3,1,0,0,1,29,1,34,88,88,0,0,0,0,2,1,1,121717,1390,2009,99999,CR-108,99999999999999999999,0000000,30.69294167,-81.91561944,1,1
12,65,9,27,16,20,1,1,0,0,6,4,0,37,0,1,4,1,2,55,2,1,5,1,0,0,1,1,0,0,16,25,16,46,99,99,0,0,0,0,1,1,1,121718,0,2009,99999,GUM SWAMP RD,99999999999999999999,0000000,30.51626944,-83.71443611,1,1
12,17,9,28,19,29,1,1,0,0,6,4,0,42,0,1,4,1,2,50,1,1,2,1,28,3,2,1,0,0,19,29,19,33,88,88,0,0,0,0,1,2,0,121719,0,2009,99999,W GROVER CLEVELAND B,99999999999999999999,0000000,28.80392778,-82.52905556,1,1
12,85,10,1,18,17,2,2,0,0,13,3,0,12,4,2,1,3,2,45,1,1,2,1,3,3,1,1,0,0,18,19,18,24,99,99,0,0,0,0,1,5,1,121720,2438,2009,99999,SR-714,MARTIN DOWNS BLVD,0000000,27.16141667,-80.30070278,2,1
12,85,10,1,7,43,1,2,1,9,99,9,0,8,0,1,2,1,9,30,1,1,5,1,0,0,1,1,0,0,7,49,8,2,88,88,0,0,0,0,1,5,0,121721,0,2009,99999,AGRI GATOR LONG LAND,99999999999999999999,0000000,,,1,1
12,17,10,1,23,30,1,1,0,0,6,4,0,30,0,1,4,1,2,40,1,1,2,1,0,0,3,1,0,0,23,34,23,41,88,88,0,0,0,0,1,5,1,121722,0,2009,99999,MUSTANG BLVD,99999999999999999999,0000000,28.92554722,-82.49934167,1,1
12,117,10,2,21,25,2,4,0,0,13,3,0,12,6,2,1,2,3,45,1,1,2,1,3,3,3,1,0,0,21,25,21,29,99,99,0,0,0,0,1,6,0,121723,0,2009,99999,SR-46,CR-15,0000000,28.81171111,-81.32275,2,1
12,86,8,30,18,39,2,2,0,0,6,4,0,14,2,1,4,1,2,30,2,1,9,1,20,3,1,1,0,0,99,99,99,99,99,99,0,0,0,0,1,1,0,121724,0,2009,99999,15540 SW 302RD ST,99999999999999999999,0000000,25.48724722,-80.44341667,1,1
12,99,9,4,0,33,1,4,0,0,14,6,0,30,0,1,3,2,2,30,1,1,2,1,0,0,3,1,0,0,0,34,0,34,99,99,0,0,0,0,2,6,1,121725,1750,2009,99999,6TH AVE S,99999999999999999999,0000000,26.60919167,-80.07538333,1,1
12,11,9,4,22,30,1,2,1,0,13,3,0,8,0,1,1,2,3,45,1,1,2,1,0,0,3,1,0,0,23,34,23,38,99,99,0,0,0,0,1,6,0,121726,760,2009,99999,SR-818,99999999999999999999,0000000,26.06235278,-80.18742778,1,1
12,57,10,1,20,29,1,2,1,0,14,3,0,8,0,2,1,2,2,35,1,1,2,1,3,3,3,1,0,0,20,29,20,33,88,88,0,0,0,0,1,5,0,121727,2980,2009,99999,SR-583,TEMPLE HEIGHTS ROAD,0000000,28.03618056,-82.39352222,1,1
12,123,10,2,20,0,1,1,0,0,6,4,0,41,0,1,4,1,2,45,2,1,2,1,98,3,5,1,0,0,13,0,13,20,88,88,0,0,0,0,1,6,1,121728,0,2009,99999,CR-361,99999999999999999999,0000000,29.79745278,-83.57625833,1,1
12,127,10,2,16,30,1,1,0,1,2,3,0,41,0,1,4,1,2,60,2,1,2,1,0,0,1,1,0,0,16,32,16,43,88,88,0,0,0,0,1,6,1,121729,0,2009,99999,SR-40,99999999999999999999,0000000,29.20555556,-81.35728889,1,1
12,127,10,3,16,42,1,11,0,1,11,1,0,24,0,1,3,3,3,70,1,1,2,1,28,3,1,1,0,0,16,44,16,49,99,99,0,0,0,0,1,7,0,121730,0,2009,99999,I-95,99999999999999999999,0000000,29.39835556,-81.15295833,1,1
12,101,10,3,22,11,2,6,0,0,2,3,0,12,2,1,1,1,2,55,1,1,2,1,28,3,2,1,0,0,22,12,22,23,99,99,0,0,0,0,1,7,0,121731,0,2009,99999,SR-52,99999999999999999999,0000000,28.32353611,-82.40042222,2,1
12,97,10,3,16,20,2,3,1,9,99,9,0,8,0,12,5,1,2,30,1,1,2,1,0,0,1,1,0,0,16,24,16,27,99,99,0,0,0,0,1,7,0,121732,0,2009,99999,813 MASSEY CT,BORDEAUX RD,0000000,28.114875,-81.45271111,1,1
12,11,10,3,4,43,1,1,0,1,12,3,0,29,0,1,4,2,3,65,1,1,2,1,28,3,3,1,0,0,4,44,4,52,88,88,0,0,0,0,1,7,1,121733,672,2009,99999,SR-869,99999999999999999999,0000000,26.30078333,-80.21388611,1,1
12,89,10,3,18,38,1,2,0,1,2,2,0,24,0,1,4,1,2,55,2,2,2,1,28,3,5,1,0,0,18,39,18,42,99,99,0,0,0,0,1,7,1,121734,430,2009,99999,US-301,99999999999999999999,0000000,30.55641944,-81.83835,1,1
12,69,10,4,20,15,1,2,1,0,6,4,0,8,0,1,1,1,2,45,1,1,2,1,28,3,2,1,0,0,20,26,20,42,99,99,0,0,0,0,1,1,0,121735,0,2009,99999,CR-33,99999999999999999999,0000000,28.75103056,-81.89226111,1,1
12,57,10,6,16,14,2,2,0,0,13,2,0,12,3,2,1,2,2,60,1,1,2,1,20,3,1,1,0,0,99,99,16,15,99,99,0,0,0,0,1,3,0,121736,0,2009,99999,US-41,UNIVERSAL DR,0000000,27.68379167,-82.47354444,2,1
12,11,10,8,4,9,1,1,0,1,11,1,0,29,0,1,4,2,4,70,1,1,2,1,28,3,3,1,0,0,4,9,4,12,99,99,0,0,0,0,1,5,0,121737,0,2009,99999,I-75,99999999999999999999,0000000,26.03349444,-80.35271667,1,1
12,86,10,9,20,15,1,2,1,0,13,2,0,8,0,1,1,1,4,35,1,2,2,1,28,3,3,1,0,0,20,16,20,18,99,99,0,0,0,0,1,6,0,121738,2010,2009,99999,US-41,99999999999999999999,0000000,25.76326667,-80.29863333,1,1
12,123,10,9,15,27,1,2,0,1,2,2,0,1,0,1,1,2,2,65,1,1,2,1,28,3,1,1,0,0,15,30,15,47,99,99,0,0,0,0,1,6,0,121739,0,2009,99999,US-19,99999999999999999999,0000000,29.82843333,-83.35979444,1,1
12,57,10,12,99,99,1,1,0,0,13,2,0,42,0,1,4,2,2,55,2,1,2,1,28,3,2,1,0,0,0,45,0,50,88,88,0,0,0,0,1,2,1,121740,0,2009,99999,US-41,99999999999999999999,0000000,27.89416389,-82.40213889,1,1
12,86,7,23,20,6,1,1,0,9,99,9,0,31,0,1,4,1,2,99,1,1,2,1,0,0,1,1,0,0,99,99,99,99,88,88,0,0,0,0,1,5,0,121741,2870,2009,99999,6701 SW 62ND AVE,99999999999999999999,0000000,25.70868056,-80.29361944,1,1
12,11,9,12,3,58,1,6,0,0,16,6,0,33,0,1,4,2,2,30,2,1,2,1,0,0,3,1,0,0,4,1,99,99,99,99,0,0,0,0,3,7,0,121742,1927,2009,99999,5400 NW 31ST ST,99999999999999999999,0000000,26.16489444,-80.20221111,1,1
12,99,9,19,0,34,1,2,1,0,13,3,0,8,0,2,1,2,4,45,1,1,2,1,2,3,3,1,0,0,0,34,0,39,88,88,0,0,0,0,1,7,0,121743,0,2009,99999,SR-704,HAVERHILL RD,0000000,26.706925,-80.11935278,1,1
12,99,9,20,2,29,1,3,1,0,14,2,0,9,0,1,1,2,2,45,1,1,2,1,0,0,3,1,0,0,99,99,99,99,88,88,0,0,0,0,1,1,0,121744,290,2009,99999,US-1,99999999999999999999,0000000,26.42371389,-80.07361667,1,1
12,11,9,22,18,22,1,2,1,0,13,3,0,8,0,3,1,3,3,40,1,1,2,1,3,3,1,1,0,0,18,23,18,27,88,88,0,0,0,0,1,3,0,121745,1420,2009,99999,SR-822,N PARK RD,0000000,26.032975,-80.17538889,1,1
12,105,9,24,2,14,2,2,0,0,15,3,0,12,1,3,1,1,2,55,1,1,2,1,28,3,2,1,0,0,99,99,2,33,88,88,0,0,0,0,1,5,1,121746,0,2009,99999,SR-17,MOUNTAIN LAKE RD,0000000,27.92501389,-81.59558889,2,1
12,105,9,24,17,30,2,2,0,1,13,2,0,13,5,1,1,2,2,55,1,1,2,2,0,0,1,1,0,0,17,30,17,35,88,88,0,0,0,0,1,5,0,121747,0,2009,99999,US-98,99999999999999999999,0000000,27.97606944,-81.88537222,2,1
12,86,9,25,22,54,1,2,1,0,13,3,0,8,0,2,1,3,2,40,1,1,2,1,0,0,3,1,0,0,22,56,23,0,88,88,0,0,0,0,1,6,0,121748,0,2009,99999,SR-9,NW 97TH ST,0000000,25.86415556,-80.2085,1,1
12,99,9,27,20,34,1,2,1,0,13,3,0,8,0,2,1,3,3,40,1,1,2,1,20,3,3,1,0,0,20,34,20,39,88,88,0,0,0,0,1,1,0,121749,0,2009,99999,SR-809,CARVER ST,0000000,26.62804722,-80.11331389,1,1
12,99,9,28,19,54,1,2,1,0,16,6,0,8,0,1,1,3,3,45,1,1,2,1,0,0,3,1,0,0,99,99,99,99,99,99,0,0,0,0,1,2,0,121750,820,2009,99999,CONGRESS AVE,99999999999999999999,0000000,26.44120556,-80.09233889,1,1
12,105,9,28,17,12,2,2,0,0,6,4,0,12,4,1,1,1,2,45,1,2,2,1,28,3,1,1,0,0,99,99,17,17,99,99,0,0,0,0,1,2,1,121751,0,2009,99999,OVERLOOK DR,99999999999999999999,0000000,28.00722222,-81.68610556,2,1
12,57,10,6,3,15,1,3,0,0,6,4,0,1,0,1,1,3,2,45,1,1,2,1,28,3,3,1,0,0,3,16,3,22,99,99,0,0,0,0,1,3,1,121752,0,2009,99999,MEMORIAL HWY,99999999999999999999,0000000,27.98170556,-82.54852222,1,1
12,71,10,8,1,10,1,1,0,0,14,3,0,42,0,1,4,1,2,40,1,1,2,1,28,3,2,1,0,0,1,14,1,20,99,99,0,0,0,0,1,5,1,121753,0,2009,99999,SR-867,99999999999999999999,0000000,26.57863611,-81.89712222,1,1
12,86,9,18,20,21,1,2,1,0,6,4,0,9,0,1,1,1,2,40,1,1,2,1,0,0,2,1,0,0,20,21,20,40,88,88,0,0,0,0,1,6,0,121754,0,2009,99999,SW 136TH ST,99999999999999999999,0000000,25.63769722,-80.51636389,1,1
12,21,9,21,1,0,1,1,0,0,6,6,0,43,0,1,5,1,2,25,2,1,2,1,0,0,3,1,0,0,1,2,1,15,99,99,0,0,0,0,1,2,1,121755,0,2009,99999,CYPRESS WAY,99999999999999999999,0000000,26.28637778,-81.77964167,1,1
12,86,9,22,6,45,1,1,0,0,13,3,0,27,0,1,4,9,9,99,2,1,2,1,0,0,1,1,0,0,6,45,6,47,88,88,0,0,0,0,1,3,0,121756,0,2009,99999,SR-94,99999999999999999999,0000000,25.68804722,-80.33840833,1,1
12,86,9,25,19,51,1,1,0,0,13,2,0,38,0,1,5,2,3,30,2,1,2,1,0,0,2,1,0,0,19,51,19,54,88,88,0,0,0,0,1,6,0,121757,1340,2009,99999,US-27,99999999999999999999,0000000,25.80880556,-80.26018056,1,1
12,51,9,29,15,40,1,1,0,0,6,4,0,57,0,2,4,1,2,25,1,1,2,1,20,3,1,1,0,0,99,99,99,99,99,99,0,0,0,0,1,3,0,121758,0,2009,99999,1056 CAROLINA AVE,11TH ST,0000000,26.73646944,-80.960075,1,1
12,57,10,1,21,0,1,2,1,0,13,3,0,8,0,2,1,2,3,45,1,1,2,1,20,3,3,1,0,0,21,4,21,8,88,88,0,0,0,0,1,5,0,121759,2950,2009,99999,SR-580,BROOKS STREET N,0000000,28.03280833,-82.44541944,1,1
12,11,10,4,21,5,1,3,0,0,14,6,0,43,0,1,3,3,2,45,1,1,2,1,28,3,3,1,0,0,21,6,21,8,99,99,0,0,0,0,1,1,0,121760,633,2009,99999,COPANS ROAD,99999999999999999999,0000000,26.25976944,-80.17043611,1,1
12,127,10,7,10,51,2,2,0,0,13,3,0,12,5,2,1,2,2,55,1,1,2,1,0,0,1,1,0,0,99,99,99,99,99,99,0,0,0,0,1,4,1,121761,780,2009,99999,SR-400,LAKE FORREST,0000000,29.17115,-81.03871944,2,1
12,75,10,9,6,58,1,2,1,1,2,2,0,8,0,1,2,2,2,45,1,1,2,1,28,3,2,5,0,0,99,99,99,99,99,99,0,0,0,0,1,6,0,121762,370,2009,99999,US-27,99999999999999999999,0000000,29.44049444,-82.62628056,1,5
12,31,10,17,3,18,1,2,0,0,16,6,0,34,0,1,4,1,2,35,1,1,2,1,28,3,3,1,0,0,3,18,3,23,99,99,0,0,0,0,1,7,1,121763,1510,2009,99999,4825 ORTEGA BLVD,99999999999999999999,0000000,30.261125,-81.69799444,1,1
12,95,7,26,5,33,2,4,0,0,16,6,0,12,6,2,1,2,2,35,1,1,1,1,3,3,3,1,0,0,99,99,99,99,99,99,0,0,0,0,1,1,1,121764,2360,2009,99999,MILLENIA BLVD,W OAK RIDGE RD,0000000,28.47208056,-81.44230556,2,1
12,86,8,2,20,5,6,4,0,0,16,6,0,12,5,2,1,5,2,30,1,1,1,1,20,3,3,1,0,0,99,99,99,99,99,99,0,0,0,0,1,1,0,121765,2230,2009,99999,NE 179TH ST,NE 15TH AVE,0000000,25.94030278,-80.17062222,2,1
12,19,9,4,13,41,3,5,0,0,6,4,0,12,5,2,1,1,2,55,1,2,2,1,20,3,1,1,0,0,99,99,99,99,99,99,0,0,0,0,1,6,0,121766,0,2009,99999,CR-214,RANCHETTE RD,0000000,29.77673333,-81.96541944,3,1
12,86,9,6,21,20,3,1,0,0,6,4,0,38,0,3,5,2,2,40,1,1,2,1,0,0,3,1,0,0,21,20,21,25,88,88,0,0,0,0,1,1,1,121767,0,2009,99999,NW 22ND AVE,NW 130TH ST,0000000,25.89291111,-80.23518889,1,1
12,99,9,7,17,26,1,2,1,0,14,2,0,8,0,2,1,1,4,35,1,1,2,1,3,3,1,1,0,0,17,28,17,32,99,99,0,0,0,0,1,2,0,121768,3190,2009,99999,US-1,54TH ST,0000000,26.75946389,-80.05550556,1,1
12,119,9,10,16,30,2,2,0,0,3,3,0,12,6,2,1,1,2,45,1,1,2,1,4,3,1,1,0,0,99,99,99,99,99,99,0,0,0,0,2,5,0,121769,0,2009,99999,SR-471,CR-48,0000000,28.65017222,-82.05477778,2,1
12,15,9,11,9,0,1,1,0,0,6,4,0,1,0,1,2,1,2,45,1,1,2,1,0,0,1,1,0,0,99,99,99,99,99,99,0,0,0,0,1,6,0,121770,0,2009,99999,TAYLOR RD,99999999999999999999,0000000,26.89778889,-82.01414167,1,1
12,119,9,11,15,28,1,1,0,0,6,4,0,38,0,1,5,1,2,45,2,1,2,2,0,0,1,1,0,0,99,99,99,99,99,99,0,0,0,0,1,6,0,121771,0,2009,99999,CR-462,99999999999999999999,0000000,28.88740556,-82.05377222,1,1
12,105,9,13,6,28,1,2,1,0,6,4,0,9,0,2,1,1,2,50,1,1,1,1,0,0,2,1,0,0,99,99,99,99,99,99,0,0,0,0,1,1,0,121772,0,2009,99999,CR-542A,CANADAIGUA TRL,0000000,28.07392778,-82.006675,1,1
12,33,9,14,8,24,4,2,0,0,6,4,0,12,5,2,1,1,2,35,1,2,2,2,20,3,1,1,0,0,99,99,99,99,99,99,1,14,0,0,1,2,0,121773,0,2009,99999,NORTH T STREET,WEST JORDAN ST,0000000,30.43432222,-87.24604167,2,1
12,71,9,15,13,16,1,1,0,0,13,3,0,1,0,2,1,2,2,50,1,1,2,1,3,3,1,1,0,0,13,17,13,31,99,99,0,0,0,0,1,3,0,121775,457,2009,99999,SR-78,CHIQUITA BLVD,0000000,26.63854167,-82.00724167,1,1
12,105,9,15,18,41,2,7,0,1,13,2,0,12,5,2,1,2,3,55,1,1,2,2,28,3,1,1,0,0,18,51,18,56,99,99,0,0,0,0,3,3,0,121776,0,2009,99999,US-27,CITRUS RIDGE DR,0000000,28.21213611,-81.64000556,2,1
12,11,9,17,7,17,1,1,0,0,6,4,0,42,0,1,4,1,2,30,1,1,2,1,28,3,1,1,0,0,99,99,99,99,99,99,0,0,0,0,1,5,0,121777,2876,2009,99999,SW 178TH AVE,99999999999999999999,0000000,26.05084167,-80.38579444,1,1
12,107,9,19,19,30,1,2,1,0,16,6,0,8,0,4,1,1,2,35,1,1,2,1,28,3,2,1,0,0,19,32,19,38,99,99,0,0,0,0,1,7,0,121778,700,2009,99999,VERNON AVE,OAKWOOD ST,0000000,29.43744722,-81.513275,1,1
12,103,9,22,18,17,3,6,0,0,6,4,0,12,5,2,1,1,4,45,1,2,2,2,3,3,5,1,0,0,18,11,18,21,99,99,0,0,0,0,1,3,0,121779,0,2009,99999,KEENE ROAD,LAKEVIEW ROAD,0000000,27.94963056,-82.76249444,3,1
12,53,9,25,15,44,1,2,1,0,6,4,0,9,0,1,1,1,2,50,1,1,2,1,28,3,1,1,0,0,15,44,15,58,99,99,0,0,0,0,1,6,0,121780,0,2009,99999,CR-583,99999999999999999999,0000000,28.5293,-82.45868056,1,1
12,86,9,26,18,8,1,2,0,1,11,1,0,20,0,1,4,3,6,55,1,1,2,1,28,3,1,1,0,0,99,99,99,99,88,88,0,0,0,0,1,7,0,121781,0,2009,99999,I-95,99999999999999999999,0000000,25.85034167,-80.20773889,1,1
12,5,9,26,22,22,2,3,0,0,14,3,0,12,5,1,1,5,4,45,1,1,2,2,0,0,3,2,0,0,99,99,99,99,99,99,0,0,0,0,1,7,0,121782,2451,2009,99999,SR-30,99999999999999999999,0000000,30.19418889,-85.82490556,2,2
12,95,9,27,19,51,1,1,0,0,6,4,0,42,0,1,3,3,3,45,2,1,2,1,28,3,3,1,0,0,19,48,19,54,99,99,0,0,0,0,1,1,0,121783,0,2009,99999,CR-527,99999999999999999999,0000000,28.41345556,-81.37339722,1,1
12,99,9,29,17,0,1,1,0,0,15,6,0,43,0,1,4,1,2,45,1,1,2,1,28,3,1,1,0,0,17,2,17,3,99,99,0,0,0,0,1,3,1,121785,330,2009,99999,MINER RD,99999999999999999999,0000000,26.55692778,-80.09746667,1,1
12,9,9,29,5,24,1,2,1,0,13,2,0,8,0,1,1,2,2,50,1,1,2,1,0,0,1,1,0,0,5,24,5,28,99,99,0,0,0,0,1,3,0,121786,2424,2009,99999,US-1,99999999999999999999,0000000,28.05294722,-80.58885,1,1
12,19,9,29,15,6,2,4,0,0,13,3,0,12,1,2,1,1,2,55,1,1,2,1,28,3,1,1,0,0,15,6,15,13,99,99,1,0,0,0,2,3,0,121787,2056,2009,99999,SR-21,SANTA CLARA AVENUE,0000000,30.02610556,-81.89761389,2,1
12,113,10,1,19,50,1,2,0,1,1,1,0,42,0,1,4,2,2,70,1,1,2,1,28,3,2,1,0,0,99,99,99,99,99,99,0,0,0,0,1,5,1,121788,0,2009,99999,I-10,99999999999999999999,0000000,30.62704444,-86.85495556,1,1
12,31,10,2,1,7,2,2,0,1,11,1,0,1,0,1,1,2,3,55,2,2,1,1,28,3,3,1,0,0,1,7,1,13,99,99,0,0,0,0,1,6,2,121789,1510,2009,99999,I-10,99999999999999999999,0000000,30.31996389,-81.72425556,2,1
12,109,10,3,21,35,1,3,1,0,13,2,0,8,0,1,1,2,2,45,1,1,2,1,0,0,2,1,0,0,21,38,21,45,99,99,0,0,0,0,1,7,0,121790,0,2009,99999,US-1,99999999999999999999,0000000,30.14299444,-81.51771667,1,1
12,39,10,3,2,45,1,1,0,0,6,4,0,34,0,1,4,1,2,55,2,2,2,1,28,3,2,1,0,0,2,48,3,0,99,99,0,0,0,0,1,7,1,121791,0,2009,99999,CR-161,99999999999999999999,0000000,30.64864444,-84.48655278,1,1
12,109,10,4,19,30,1,2,1,0,14,3,0,8,0,3,1,2,2,45,1,1,2,1,3,3,3,1,0,0,99,99,99,99,99,99,0,0,0,0,1,1,0,121792,0,2009,99999,SR-312,SR-A1A,0000000,29.860775,-81.28135833,1,1
12,1,10,5,6,55,2,2,0,0,3,3,0,12,1,1,1,1,2,60,1,1,2,1,28,3,2,1,0,0,99,99,99,99,99,99,0,0,0,0,1,2,0,121793,0,2009,99999,SR-121,99999999999999999999,0000000,29.77951944,-82.37362222,2,1
12,83,10,6,3,20,1,3,0,0,6,4,0,35,0,1,4,1,2,30,1,2,2,2,28,3,2,1,0,0,3,28,3,38,99,99,0,0,0,0,1,3,0,121794,0,2009,99999,147TH ST,99999999999999999999,0000000,29.00871389,-82.03507222,1,1
12,109,10,6,9,0,2,3,0,0,2,2,0,12,5,2,1,2,2,55,1,1,2,1,20,3,1,1,0,0,9,1,9,8,99,99,0,0,0,0,1,3,0,121795,0,2009,99999,US-1,DATIL PEPPER RD,0000000,29.77835556,-81.31668611,2,1
12,105,10,7,22,45,1,1,0,0,6,4,0,1,0,1,1,1,2,55,1,2,2,1,28,3,2,1,0,0,22,52,23,11,88,88,0,0,0,0,1,4,1,121796,0,2009,99999,AVON PARK RD,99999999999999999999,0000000,28.047175,-81.95734167,1,1
12,11,10,7,15,16,1,2,0,0,15,6,0,38,0,2,5,2,2,35,1,1,2,1,3,3,1,1,0,0,15,16,15,19,99,99,0,0,0,0,1,4,0,121797,1050,2009,99999,18TH AVE,63RD CT,0000000,26.20568611,-80.12304722,1,1