STATE,COUNTY,MONTH,DAY,HOUR,MINUTE,VE_TOTAL,PERSONS,PEDS,NHS,ROAD_FNC,ROUTE,SP_JUR,HARM_EV,MAN_COLL,REL_JUNC,REL_ROAD,TRAF_FLO,NO_LANES,SP_LIMIT,ALIGNMNT,PROFILE,PAVE_TYP,SUR_COND,TRA_CONT,T_CONT_F,LGT_COND,WEATHER1,WEATHER2,WRK_ZONE,NOT_HOUR,NOT_MIN,ARR_HOUR,ARR_MIN,HOSP_HR,HOSP_MN,SCH_BUS,CF1,CF2,CF3,FATALS,DAY_WEEK,DRUNK_DR,ST_CASE,CITY,YEAR,MILEPT,TWAY_ID,TWAY_ID2,RAIL,LATITUDE,LONGITUD,VE_FORMS,WEATHER
12,103,10,8,99,99,1,3,1,1,13,2,0,8,0,1,1,2,4,50,1,1,2,1,0,0,1,1,0,0,13,16,13,20,99,99,0,0,0,0,1,5,0,121798,570,2009,99999,US-19,99999999999999999999,0000000,27.94696111,-82.73005278,1,1
12,39,10,9,21,35,2,4,0,1,2,2,0,12,1,2,1,2,2,55,1,1,2,1,28,3,2,1,0,0,99,99,21,35,99,99,0,0,0,0,2,6,1,121799,0,2009,99999,US-27,CR-159,0000000,30.59911389,-84.41725,2,1
12,73,10,9,19,0,2,5,0,0,3,2,0,12,1,4,1,1,2,55,1,2,2,1,28,3,5,1,0,0,19,0,19,11,99,99,0,0,0,0,2,6,0,121800,0,2009,99999,US-90,CHAIRES CROSS RD,0000000,30.490525,-84.13233611,2,1
12,31,10,9,20,52,1,2,1,0,14,3,0,8,0,1,1,2,3,45,1,1,2,1,28,3,3,1,0,0,20,53,20,56,88,88,0,0,0,0,1,6,0,121801,1510,2009,99999,SR-134,99999999999999999999,0000000,30.248475,-81.74825833,1,1
12,86,10,9,4,16,3,4,2,1,12,3,0,14,7,1,2,2,4,55,1,2,2,1,28,3,3,1,0,0,99,99,99,99,99,99,0,0,0,0,2,6,0,121802,1340,2009,99999,SR-826,99999999999999999999,0000000,25.87026389,-80.32292222,1,1
12,93,10,9,9,4,2,5,0,1,13,3,0,12,5,2,1,2,2,45,1,1,2,1,3,3,1,1,0,0,9,4,9,9,99,99,0,0,0,0,1,6,0,121803,0,2009,99999,SR-70,US-98,0000000,27.24358333,-80.84898889,2,1
12,63,10,10,5,25,2,5,0,1,1,1,0,13,5,1,1,2,2,70,1,1,2,2,0,0,2,1,0,0,5,29,5,40,99,99,0,0,0,0,4,7,0,121804,0,2009,99999,I-10,99999999999999999999,0000000,30.720625,-85.18142222,2,1
12,111,10,10,21,55,3,4,0,0,13,3,0,12,2,1,1,1,2,50,1,1,2,1,0,0,2,1,0,0,21,56,21,59,99,99,0,0,0,0,1,7,1,121805,0,2009,99999,SR-713,99999999999999999999,0000000,27.52610278,-80.39631389,3,1
12,86,10,10,0,50,1,1,0,1,11,1,0,25,0,5,4,6,2,35,2,2,1,1,0,0,3,1,0,0,0,56,1,5,88,88,0,0,0,0,1,7,1,121806,1340,2009,99999,I-75,I-75,0000000,25.89840833,-80.33293889,1,1
12,23,10,10,1,47,2,4,0,1,11,1,0,12,7,1,2,2,3,70,1,1,2,1,0,0,2,1,0,0,1,50,1,55,88,88,0,0,0,0,1,7,0,121807,0,2009,99999,I-75,99999999999999999999,0000000,30.16616667,-82.68168889,2,1
12,95,10,10,2,10,2,2,0,0,6,4,0,12,6,2,1,2,3,40,1,1,2,1,20,3,3,1,0,0,2,13,2,15,99,99,0,0,0,0,1,7,1,121808,0,2009,99999,ALAFAYA TR,WATER FORD LAKES PKW,0000000,28.55546389,-81.20694722,2,1
12,21,10,11,13,21,1,1,0,1,11,1,0,57,0,1,3,3,2,70,1,1,2,1,40,9,1,1,0,0,13,21,13,26,99,99,0,0,0,0,1,1,0,121809,0,2009,99999,I-75,99999999999999999999,0000000,26.17706111,-81.73501944,1,1
12,71,10,11,15,26,1,1,0,1,11,1,0,43,0,13,3,6,3,35,2,1,2,1,0,0,1,1,0,0,15,27,15,33,88,88,0,0,0,0,1,1,0,121810,312,2009,99999,I-75,CR-865,0000000,26.33131667,-81.75026667,1,1
12,75,10,12,22,20,1,6,0,0,6,4,0,1,0,1,2,1,2,30,1,1,4,1,28,3,2,1,0,0,22,25,22,45,99,99,0,0,0,0,1,2,1,121811,0,2009,99999,SE 114TH AVENUE,99999999999999999999,0000000,29.30443056,-82.58097778,1,1
12,57,10,12,99,99,1,4,1,0,13,3,0,8,0,1,1,2,3,50,1,1,2,1,28,3,1,1,0,0,17,47,17,51,99,99,0,0,0,0,1,2,0,121812,0,2009,99999,SR-580,99999999999999999999,0000000,28.00524722,-82.59992222,1,1
12,57,10,14,20,57,2,2,0,1,11,1,0,12,5,1,1,3,3,65,1,1,2,1,28,3,3,1,0,0,20,57,21,3,88,88,0,0,0,0,1,4,1,121813,0,2009,0,I-4,99999999999999999999,0000000,27.99668333,-82.34555556,2,1
12,15,10,14,6,45,1,1,0,0,6,4,0,11,0,1,1,1,2,55,1,1,2,1,0,0,2,5,0,0,6,54,7,9,88,88,0,0,0,0,1,4,0,121814,0,2009,99999,CR-764,99999999999999999999,0000000,26.97251111,-81.9027,1,5
12,57,10,14,4,35,1,2,1,0,16,6,0,8,0,1,1,2,2,45,1,1,2,1,0,0,3,1,0,0,4,36,4,44,88,88,0,0,0,0,1,4,0,121815,2980,2009,99999,56TH STREET NORTH,99999999999999999999,0000000,28.06855278,-82.39381944,1,1
12,127,10,15,17,50,1,1,0,0,6,4,0,39,0,1,4,1,2,25,1,1,3,2,28,3,3,1,0,0,17,57,18,2,99,99,0,0,0,0,1,5,1,121816,0,2009,99999,HEAMPSTEAD LANE,99999999999999999999,0000000,29.15530556,-81.07579722,1,1
12,117,10,15,2,35,1,2,1,0,13,3,0,8,0,2,1,2,4,45,1,1,2,1,3,3,3,1,0,0,2,36,2,42,88,88,0,0,0,0,1,5,0,121817,0,2009,99999,SR-46,HICKMAN DRIVE,0000000,28.78656667,-81.34747222,1,1
12,79,10,15,7,15,2,2,0,0,3,2,0,12,5,2,1,1,2,45,2,1,2,1,20,3,4,5,0,0,7,18,7,32,99,99,0,0,0,0,1,5,0,121818,0,2009,99999,US-90,NE DREW WAY,0000000,30.39025833,-83.18153611,2,5
12,101,10,16,5,46,2,2,0,1,13,2,0,12,2,1,1,2,3,45,1,1,2,2,28,3,3,2,0,0,5,47,5,51,99,99,0,0,0,0,1,6,1,121820,0,2009,99999,US-19,99999999999999999999,0000000,28.20188889,-82.73968333,2,2
12,95,10,16,3,30,1,2,0,0,6,4,0,33,0,1,4,1,2,40,2,1,2,1,28,3,3,1,0,0,3,47,3,53,88,88,0,0,0,0,2,6,1,121821,0,2009,99999,N TANNER RD,99999999999999999999,0000000,28.60463333,-81.17386944,1,1
12,69,10,17,20,49,2,2,0,0,6,4,0,12,5,2,1,1,2,45,1,1,2,1,28,3,2,1,0,0,20,49,21,5,99,99,0,0,0,0,1,7,1,121822,0,2009,99999,WOLF BRANCH RD,MAJESTIC OAK DR,0000000,28.81488333,-81.570075,2,1
12,86,10,17,21,0,2,4,0,1,12,3,0,12,1,1,1,2,3,45,1,1,2,1,28,3,3,1,0,0,21,1,21,8,99,99,0,19,0,0,2,7,1,121823,0,2009,99999,SR-836,99999999999999999999,0000000,25.77995278,-80.37273611,2,1
12,33,10,17,12,30,2,5,0,0,6,4,0,12,5,2,1,1,2,45,1,1,2,1,20,3,1,1,0,1,99,99,12,39,99,99,0,0,0,0,2,7,0,121824,0,2009,99999,KINGSFIELD RD,CR-97,0000000,30.57847778,-87.34952778,2,1
12,71,10,18,1,47,1,1,0,0,16,6,0,31,0,1,4,1,2,45,2,1,2,1,28,3,2,1,0,0,1,48,1,59,88,88,0,0,0,0,1,1,0,121825,1823,2009,99999,SUNSHINE BLVD,99999999999999999999,0000000,26.64415,-81.66418333,1,1
12,97,10,18,18,23,1,2,0,0,16,6,0,34,0,1,4,1,2,55,2,1,2,1,28,3,1,1,0,0,18,28,18,34,99,99,0,0,0,0,1,1,1,121826,0,2009,99999,HICKORY TREE RD,99999999999999999999,0000000,28.18775278,-81.20269722,1,1
12,113,10,18,15,18,1,1,0,0,6,4,0,1,0,1,5,1,2,20,1,1,2,1,28,3,1,1,0,0,99,99,99,99,99,99,0,0,0,0,1,1,1,121827,0,2009,99999,FLEET AVE,99999999999999999999,0000000,30.68886944,-87.05267222,1,1
12,47,10,18,4,0,1,1,0,0,6,4,0,43,0,1,4,1,2,55,2,1,2,1,28,3,2,1,0,0,4,35,4,57,88,88,0,0,0,0,1,1,1,121828,0,2009,99999,CR-135,99999999999999999999,0000000,30.43474444,-82.68593889,1,1
12,86,10,19,7,0,2,2,0,1,11,1,0,14,1,1,2,2,3,55,1,1,1,1,28,3,1,1,0,0,7,4,7,18,99,99,0,0,0,0,1,2,0,121829,0,2009,99999,I-95,99999999999999999999,0000000,25.92169167,-80.21125278,1,1
12,95,10,19,6,15,2,2,0,0,13,3,0,12,4,1,1,2,2,55,1,1,2,1,28,3,3,1,0,0,6,18,6,23,99,99,0,0,0,0,1,2,0,121830,0,2009,99999,SR-50,99999999999999999999,0000000,28.56546667,-81.15800833,2,1
12,105,10,20,5,10,2,2,0,1,13,2,0,12,1,3,1,2,2,50,1,1,2,1,3,3,3,1,0,0,5,11,5,27,88,88,0,0,0,0,1,3,0,121832,0,2009,99999,US-98,CLUBHOUSE RD,0000000,27.96746667,-81.879575,2,1
12,73,10,21,16,49,1,1,0,0,6,4,0,42,0,1,4,1,2,55,2,2,2,1,0,0,1,1,0,0,16,51,17,1,88,88,0,0,0,0,1,4,1,121833,0,2009,99999,CR-12,99999999999999999999,0000000,30.66068333,-84.21444444,1,1
12,33,10,21,20,5,1,1,0,0,2,2,0,24,0,2,2,1,2,55,2,2,2,1,0,0,2,1,0,0,20,9,20,18,88,88,0,0,0,0,1,4,1,121834,0,2009,99999,US-90,BRIDLEWOOD RD,0000000,30.53391389,-87.39781111,1,1
12,97,10,22,0,5,1,1,0,0,6,4,0,39,0,1,5,2,2,35,2,1,2,2,0,0,3,1,0,0,0,10,0,18,88,88,0,0,0,0,1,5,0,121835,0,2009,99999,OSCEOLA PKWY,99999999999999999999,0000000,28.34416944,-81.37319167,1,1
12,57,10,24,3,40,1,1,0,1,1,1,0,42,0,5,5,6,1,35,1,1,2,1,0,0,3,1,0,0,3,43,3,48,99,99,0,0,0,0,1,7,0,121836,0,2009,99999,I-75,GIBSONTON DR,0000000,27.85471111,-82.34640833,1,1
12,113,10,24,10,13,2,2,0,0,3,3,0,12,5,1,1,1,2,55,1,1,2,1,28,3,1,1,0,0,10,15,10,19,99,99,0,0,0,0,1,7,0,121837,0,2009,99999,SR-4,99999999999999999999,0000000,30.93274722,-87.05886111,2,1
12,33,10,24,1,15,1,1,0,1,13,2,0,32,0,1,4,2,2,45,1,1,2,1,28,3,2,1,0,0,1,16,1,20,88,88,0,0,0,0,1,7,1,121838,0,2009,99999,US-29,99999999999999999999,0000000,30.53337222,-87.27695278,1,1
12,31,10,27,20,26,2,3,0,0,16,6,0,12,2,2,1,1,2,40,1,1,2,2,3,3,3,1,0,0,20,26,20,32,99,99,0,0,0,0,1,3,0,121839,1510,2009,99999,6800 ST AUGUSTINE RD,OLD KINGS RD S,0000000,30.25378611,-81.626175,2,1
12,5,10,28,7,0,1,3,2,0,14,3,0,8,0,2,1,1,2,35,1,1,2,1,28,3,1,1,0,0,7,5,7,12,99,99,0,0,0,0,1,4,0,121840,0,2009,99999,SR-30,16TH STREET,0000000,30.24473333,-85.93583056,1,1
12,33,9,7,4,47,2,5,0,0,16,6,0,12,5,1,1,1,2,30,1,2,2,2,0,0,3,2,0,0,99,99,99,99,99,99,0,0,0,0,1,2,0,121841,2490,2009,99999,17TH AVENUE,99999999999999999999,0000000,30.42122778,-87.19431389,2,2
12,57,9,29,6,30,1,2,1,0,16,6,0,8,0,1,1,2,2,40,1,1,2,1,0,0,2,1,0,0,6,30,6,34,99,99,0,0,0,0,1,3,0,121842,2950,2009,99999,W WATERS AVENUE,99999999999999999999,0000000,28.02536667,-82.46895833,1,1
12,57,10,7,0,10,3,3,0,0,16,6,0,12,5,2,1,1,2,40,1,1,2,1,3,3,3,1,0,0,0,18,0,26,99,99,0,0,0,0,1,4,0,121843,2950,2009,99999,ARMENIA AVE N,CYPRESS ST W,0000000,27.95210278,-82.48504167,3,1
12,71,10,10,1,39,1,2,1,0,13,3,0,8,0,1,1,3,2,45,1,1,2,1,0,0,3,1,0,0,1,39,1,39,99,99,0,0,0,0,1,7,0,121845,1070,2009,99999,SR-80,99999999999999999999,0000000,26.66169722,-81.83881111,1,1
12,85,10,11,16,35,1,1,0,9,3,4,0,33,0,1,4,1,2,45,2,1,2,1,0,0,1,1,0,0,99,99,99,99,99,99,0,0,0,0,1,1,0,121846,0,2009,99999,SW CITRUS BLVD,99999999999999999999,0000000,27.15898333,-80.31898611,1,1
12,95,10,15,9,1,1,2,1,0,6,4,0,8,0,2,1,2,2,45,1,1,2,1,3,3,1,1,0,0,99,99,9,6,99,99,0,0,0,0,1,5,0,121847,0,2009,99999,OAK RIDGE RD,HARCOURT AVE,0000000,28.47219167,-81.43346389,1,1
12,95,10,15,9,44,1,1,0,1,1,3,0,1,0,5,4,6,2,45,2,2,2,1,0,0,1,1,0,0,9,44,10,0,99,99,0,0,0,0,1,5,0,121848,0,2009,99999,SR-429,SR-91,0000000,28.55197222,-81.55784722,1,1
12,86,10,8,19,20,1,2,1,0,13,3,0,8,0,1,1,2,3,35,1,1,2,1,0,0,3,1,0,0,19,26,19,30,88,88,0,0,0,0,1,5,0,121850,2020,2009,99999,SR-A1A,99999999999999999999,0000000,25.81959444,-80.12275556,1,1
12,86,10,10,15,55,1,1,0,0,6,4,0,38,0,1,4,1,4,45,1,1,2,1,0,0,1,1,0,0,17,30,99,99,99,99,0,0,0,0,1,7,0,121851,0,2009,99999,NW 7TH ST,99999999999999999999,0000000,25.77783056,-80.303575,1,1
12,99,10,17,7,52,1,2,1,0,6,4,0,9,0,1,1,1,2,45,1,1,2,1,0,0,1,1,0,0,7,52,7,58,99,99,0,0,0,0,1,7,0,121852,0,2009,99999,PALMETTO PARK RD,99999999999999999999,0000000,26.35036389,-80.24161389,1,1
12,11,10,18,16,15,1,2,1,0,16,6,0,9,0,3,1,1,2,25,1,1,2,1,28,3,1,1,0,0,99,99,99,99,99,99,0,0,0,0,1,1,0,121853,3250,2009,99999,N DIXIE HWY,NE 20TH DRIVE,0000000,26.15495833,-80.13312778,1,1
12,81,10,22,19,29,1,2,1,0,13,2,0,9,0,3,1,3,3,45,1,1,2,1,3,3,2,1,0,0,19,32,19,40,99,99,0,0,0,0,1,5,0,121854,0,2009,99999,US-301,I-75,0000000,27.440875,-82.45873889,1,1
12,57,10,23,6,0,2,3,1,0,6,4,0,8,0,1,1,1,2,40,1,1,2,1,0,0,2,1,0,0,6,2,6,8,88,88,0,0,0,0,1,6,0,121855,0,2009,99999,PARSONS AVENUE,99999999999999999999,0000000,27.99935556,-82.28593611,2,1
12,11,10,24,19,10,1,3,1,0,13,2,0,9,0,3,1,2,2,45,1,1,2,1,3,3,3,1,0,0,19,14,19,19,99,99,0,0,0,0,1,7,0,121856,1826,2009,99999,US-1,NE 49TH STREET,0000000,26.18836944,-80.11571111,1,1
12,95,10,24,1,22,1,7,0,0,16,6,0,33,0,2,5,2,2,30,1,1,2,1,0,0,3,1,0,0,1,22,1,31,88,88,0,0,0,0,1,7,0,121857,2360,2009,99999,E MICHIGAN STREET,CENTER AVENUE,0000000,28.51298056,-81.37013889,1,1
12,111,10,27,20,3,1,5,1,0,13,3,0,9,0,2,1,2,2,35,1,1,2,1,28,3,3,1,0,0,20,3,20,7,99,99,0,0,0,0,1,3,0,121858,1080,2009,99999,SR-68,S 22ND ST,0000000,27.44750556,-80.34707222,1,1
12,57,10,29,19,30,2,2,0,0,6,4,0,12,4,1,1,1,2,55,2,1,2,1,0,0,2,1,0,0,19,32,19,42,99,99,0,0,0,0,1,5,0,121859,0,2009,99999,CR-39,99999999999999999999,0000000,27.92389444,-82.12505833,2,1
12,95,7,29,0,55,1,1,0,0,16,6,0,29,0,1,4,2,2,40,1,2,2,1,28,3,3,1,0,0,0,55,1,3,88,88,0,0,0,0,1,4,1,121860,3290,2009,99999,STONEYBROOK WEST PKW,99999999999999999999,0000000,28.51188333,-81.60428611,1,1
12,9,8,25,0,9,1,1,0,0,16,6,0,34,0,1,4,2,2,45,2,1,2,1,0,0,3,1,0,0,0,9,0,13,88,88,0,0,0,0,1,3,1,121861,1990,2009,99999,APOLLO BLVD,99999999999999999999,0000000,28.10131389,-80.62375,1,1
12,31,10,3,17,20,2,2,0,0,16,6,0,12,4,2,1,1,2,30,1,1,2,1,20,3,1,1,0,0,17,20,17,22,99,99,0,0,0,0,1,7,0,121862,1510,2009,99999,N PEARL ST,W 21ST ST,0000000,30.35704167,-81.65833611,2,1
12,101,10,11,0,40,1,3,0,0,6,4,0,24,0,1,4,1,2,45,2,1,2,1,28,3,2,1,0,0,0,41,0,49,99,99,0,0,0,0,2,1,1,121863,0,2009,99999,DENTON AVE,99999999999999999999,0000000,28.39021944,-82.59990833,1,1
12,127,10,12,11,34,2,3,0,0,6,4,0,12,2,2,1,1,2,45,1,1,2,1,0,0,1,1,0,0,99,99,99,99,99,99,0,0,0,0,1,2,0,121864,0,2009,99999,OLD DAYTONA RD,NORTH GARFIELD AVE,0000000,29.05746667,-81.29614167,2,1
12,35,10,16,3,6,1,2,0,0,16,6,0,33,0,1,3,2,2,30,1,1,2,1,28,3,2,1,0,0,3,8,3,14,99,99,0,0,0,0,1,6,1,121865,2439,2009,99999,OLD KINGS RD,99999999999999999999,0000000,29.60330278,-81.236325,1,1
12,101,10,17,19,36,2,2,0,0,2,2,0,12,2,1,1,1,2,50,1,1,2,1,28,3,2,1,0,0,19,38,19,43,88,88,0,0,0,0,2,7,1,121866,0,2009,99999,US-301,99999999999999999999,0000000,28.46386111,-82.19347222,2,1
12,57,10,17,23,31,1,2,1,0,13,2,0,8,0,1,1,2,2,45,1,1,2,1,28,3,2,1,0,0,23,33,23,38,88,88,0,0,0,0,1,7,0,121867,0,2009,99999,US-41,99999999999999999999,0000000,27.73773611,-82.42773333,1,1
12,19,10,18,23,0,2,3,0,0,6,4,0,13,1,1,1,3,2,45,1,1,2,1,28,3,2,1,0,0,23,4,23,12,99,99,0,0,0,0,1,1,1,121868,0,2009,99999,CR-220,99999999999999999999,0000000,30.10054722,-81.75379444,2,1
12,101,10,22,21,0,3,8,0,1,11,1,0,12,1,1,1,3,2,70,1,1,2,1,28,3,2,1,0,0,21,2,21,12,99,99,0,14,0,0,1,5,1,121869,0,2009,99999,I-75,99999999999999999999,0000000,28.2081,-82.37593889,3,1
12,103,10,22,20,2,1,2,1,0,13,3,0,8,0,1,1,3,2,45,1,1,2,1,28,3,2,1,0,0,20,2,20,8,99,99,0,0,0,0,1,5,0,121870,0,2009,99999,SR-688,99999999999999999999,0000000,27.89428056,-82.74942778,1,1
12,95,10,22,12,35,2,3,0,1,12,3,0,13,4,1,1,3,2,65,1,1,2,1,28,3,1,1,0,0,12,43,12,48,99,99,0,0,0,0,1,5,0,121871,0,2009,99999,SR-417,99999999999999999999,0000000,28.37244722,-81.36654722,2,1
12,103,10,22,7,30,1,2,1,0,13,3,0,8,0,1,1,3,3,45,1,1,2,1,0,0,4,1,0,0,7,34,7,37,99,99,0,0,0,0,1,5,0,121872,2530,2009,99999,SR-693,99999999999999999999,0000000,27.87636389,-82.72920833,1,1
12,69,10,24,21,35,2,2,0,0,6,4,0,12,1,2,1,1,2,45,1,2,2,1,20,3,2,1,0,0,21,38,21,48,99,99,0,0,0,0,1,7,1,121873,0,2009,99999,MARION COUNTY RD,HAYWOOD GROVE RD,0000000,28.95273611,-81.89585,2,1
12,111,10,24,21,41,1,6,2,1,13,3,0,8,0,1,1,2,2,55,1,1,2,1,0,0,2,1,0,0,99,99,99,99,99,99,0,0,0,0,2,7,1,121874,0,2009,99999,SR-70,99999999999999999999,0000000,,,1,1
12,127,10,24,1,0,1,2,1,0,3,3,0,8,0,1,1,1,2,55,1,1,2,1,0,0,2,1,0,4,1,14,1,23,88,88,0,19,0,0,1,7,0,121875,0,2009,99999,SR-415,99999999999999999999,0000000,28.81155,-81.19761111,1,1
12,53,10,24,13,46,2,4,0,0,13,3,0,12,6,2,1,2,2,55,1,1,2,1,3,3,1,1,0,0,99,99,99,99,99,99,0,0,0,0,1,7,0,121876,2882,2009,99999,SR-50,MARINER BLVD,0000000,28.53352778,-82.51157222,2,1
12,63,10,25,0,15,1,1,0,0,6,4,0,42,0,1,5,1,2,45,2,1,2,1,0,0,2,1,0,0,0,48,0,55,88,88,0,0,0,0,1,1,1,121877,0,2009,99999,LAKE POINT RD,99999999999999999999,0000000,30.58007222,-85.38700833,1,1
12,95,10,26,14,30,2,2,0,0,6,4,0,12,2,1,1,1,2,40,1,1,2,1,28,3,1,1,0,0,14,33,14,42,99,99,0,0,0,0,1,2,0,121878,0,2009,99999,CENTRAL FLORIDA PKWY,99999999999999999999,0000000,28.40668056,-81.39141667,2,1
12,83,10,27,14,51,1,1,0,1,11,1,0,24,0,1,3,2,3,70,1,1,2,1,28,3,1,1,0,0,14,51,15,2,88,88,0,0,0,0,1,3,0,121879,0,2009,99999,I-75,99999999999999999999,0000000,29.07285278,-82.18155278,1,1
12,9,10,27,17,40,1,4,0,1,1,1,0,1,0,1,3,2,2,70,1,1,2,1,28,3,1,1,0,0,17,41,17,50,99,99,0,0,0,0,1,3,0,121880,2787,2009,99999,I-95,99999999999999999999,0000000,28.75703056,-80.89008056,1,1
12,99,10,27,18,40,4,7,0,0,13,3,0,12,1,3,1,3,3,40,1,1,2,1,3,3,5,1,0,0,18,44,18,55,99,99,0,14,0,0,2,3,0,121881,0,2009,99999,SR-807,GUN CLUB RD,0000000,26.67238889,-80.08791667,4,1
12,53,10,28,19,13,3,5,1,1,2,2,0,8,0,1,2,2,2,60,1,1,2,1,28,3,2,1,0,0,19,15,19,18,88,88,0,0,0,0,1,4,0,121883,0,2009,99999,US-98,99999999999999999999,0000000,28.52314444,-82.27878889,3,1
12,33,10,28,19,0,2,2,0,0,14,3,0,1,0,2,1,2,2,40,1,1,2,1,28,3,2,1,0,0,99,99,99,99,99,99,0,0,0,0,1,4,1,121884,0,2009,99999,SR-289,TIPPIN AVE,0000000,30.48864167,-87.19679167,2,1
12,95,10,30,0,7,2,3,0,0,16,6,0,12,3,2,1,2,2,45,1,1,2,1,3,3,3,1,0,0,0,9,0,16,99,99,0,0,0,0,1,6,0,121885,2360,2009,99999,MILLENIA BLVD,W OAK RIDGE RD,0000000,28.472125,-81.44229444,2,1
12,86,10,30,2,40,1,2,1,0,13,2,0,9,0,1,1,2,2,35,1,1,2,1,0,0,3,1,0,0,2,40,2,46,99,99,0,0,0,0,1,6,0,121886,0,2009,99999,US-1,99999999999999999999,0000000,25.88167778,-80.16655,1,1
12,57,10,30,19,24,2,3,0,0,13,2,0,12,4,2,1,2,3,50,1,1,2,1,28,3,5,1,0,0,19,25,19,37,99,99,0,0,0,0,1,6,1,121887,0,2009,99999,US-301,I-75,0000000,27.90325833,-82.34358333,2,1
12,95,10,31,23,7,1,2,1,0,13,2,0,8,0,1,1,2,2,55,1,1,2,1,28,3,2,1,0,0,23,9,23,12,99,99,0,0,0,0,1,7,0,121888,0,2009,99999,US-192,99999999999999999999,0000000,28.34686111,-81.63160556,1,1
12,101,10,31,0,44,1,2,1,1,13,2,0,8,0,2,1,3,3,45,1,1,2,1,3,3,3,1,0,0,0,45,0,46,99,99,0,0,0,0,1,7,0,121889,0,2009,99999,US-19,DARLINGTONG RD,0000000,28.1952,-82.73981389,1,1
12,113,11,2,17,28,2,2,0,0,14,3,0,12,4,2,1,2,2,45,1,1,2,1,3,3,5,1,0,0,17,29,17,46,99,99,0,0,0,0,1,2,0,121890,0,2009,99999,SR-87,CR-399,0000000,30.43229722,-86.86607778,2,1
12,31,11,5,13,15,1,4,1,0,14,3,0,8,0,1,1,2,2,30,1,1,2,1,0,0,1,1,0,0,99,99,99,99,99,99,0,0,0,0,1,5,0,121891,1510,2009,99999,SR-114,99999999999999999999,0000000,30.40876389,-81.65725833,1,1
12,31,11,8,2,20,1,3,1,0,13,2,0,8,0,1,1,2,3,45,1,1,2,1,0,0,3,1,0,0,2,24,2,28,99,99,0,0,0,0,1,1,0,121892,1510,2009,99999,US-90,99999999999999999999,0000000,30.30265833,-81.62848333,1,1
12,57,11,15,18,35,1,1,0,0,6,4,0,34,0,2,2,1,2,25,1,1,2,1,20,3,2,1,0,0,18,37,18,52,99,99,0,0,0,0,1,1,1,121893,0,2009,99999,FRANK GRIDDIN RD,HUNTER RD,0000000,28.09481944,-82.13413611,1,1
12,99,8,10,9,15,2,3,1,0,13,3,0,9,0,2,1,2,3,45,1,1,2,1,3,3,1,1,0,0,99,99,99,99,99,99,0,0,0,0,1,2,0,121894,820,2009,99999,SR-806,FLORA,0000000,26.45645278,-80.13607222,2,1
12,99,8,15,15,32,1,2,1,0,6,3,0,9,0,2,2,2,4,45,1,1,2,1,0,0,1,1,0,0,99,99,99,99,99,99,0,0,0,0,1,7,0,121895,0,2009,99999,SR-807,SR-704,0000000,26.70613056,-80.06554722,1,1
12,71,8,19,22,52,1,2,0,0,16,6,0,24,0,1,3,3,2,35,1,1,2,1,28,3,3,1,0,1,99,99,99,99,99,99,0,0,0,0,1,4,1,121897,457,2009,99999,SANTA BARBARA BLVD,99999999999999999999,0000000,26.62886111,-81.97413611,1,1
12,86,8,20,16,40,3,5,0,0,6,4,0,12,5,2,1,1,2,30,1,1,2,1,20,3,1,1,0,0,99,99,99,99,99,99,0,0,0,0,1,5,0,121898,0,2009,99999,178TH ST,87TH AVE,0000000,25.93504444,-80.34323889,3,1
12,86,8,21,12,27,2,2,0,0,13,3,0,12,4,2,1,1,4,45,1,1,2,1,20,3,1,1,0,0,99,99,99,99,99,99,0,0,0,0,1,6,0,121899,1340,2009,99999,SR-823,4TH AVE,0000000,25.87243611,-80.29082222,2,1
12,99,8,23,20,57,1,4,1,0,6,4,0,8,0,3,1,1,2,40,1,1,2,2,0,0,2,2,0,0,20,58,21,5,99,99,0,0,0,0,1,1,0,121900,0,2009,99999,KEYLIME BLVD,140TH AVE N,0000000,26.78713056,-80.258425,1,2
12,103,8,24,2,18,3,5,0,0,13,3,0,12,5,2,1,2,3,40,1,1,2,1,3,3,3,1,0,0,2,18,2,24,99,99,0,0,0,0,1,2,1,121901,2530,2009,99999,SR-694,CR-611,0000000,27.83915,-82.70003611,3,1
12,11,8,27,5,13,1,2,1,0,14,6,0,8,0,1,1,1,4,40,1,1,2,2,0,0,3,1,0,0,99,99,99,99,99,99,0,0,0,0,1,5,0,121902,771,2009,99999,4100 SW 64TH AVE,99999999999999999999,0000000,26.07166667,-80.2323,1,1
12,99,8,27,8,15,3,4,0,0,12,6,0,12,6,2,1,2,3,45,1,1,2,1,20,3,1,1,0,0,99,99,99,99,99,99,0,0,0,0,1,5,0,121903,1190,2009,99999,JOG RD,MEADOW LAKE DR,0000000,26.64528611,-80.14561944,3,1
12,1,11,11,17,55,1,2,1,0,16,6,0,9,0,1,1,5,2,45,1,1,2,2,0,0,2,2,0,0,17,55,18,3,99,99,0,0,0,0,1,4,0,121904,1130,2009,99999,MAIN ST,99999999999999999999,0000000,29.69123611,-82.31936667,1,2