STATE,COUNTY,MONTH,DAY,HOUR,MINUTE,VE_TOTAL,PERSONS,PEDS,NHS,ROAD_FNC,ROUTE,SP_JUR,HARM_EV,MAN_COLL,REL_JUNC,REL_ROAD,TRAF_FLO,NO_LANES,SP_LIMIT,ALIGNMNT,PROFILE,PAVE_TYP,SUR_COND,TRA_CONT,T_CONT_F,LGT_COND,WEATHER1,WEATHER2,WRK_ZONE,NOT_HOUR,NOT_MIN,ARR_HOUR,ARR_MIN,HOSP_HR,HOSP_MN,SCH_BUS,CF1,CF2,CF3,FATALS,DAY_WEEK,DRUNK_DR,ST_CASE,CITY,YEAR,MILEPT,TWAY_ID,TWAY_ID2,RAIL,LATITUDE,LONGITUD,VE_FORMS,WEATHER
12,11,9,10,12,15,1,1,0,0,13,3,0,42,0,1,4,3,3,45,1,1,2,2,0,0,1,2,0,0,99,99,99,99,99,99,0,0,0,0,1,5,0,121905,2468,2009,99999,SR-823,99999999999999999999,0000000,25.99949722,-80.31180556,1,2
12,99,9,19,11,10,1,4,0,0,15,4,0,42,0,1,3,2,2,40,1,1,2,1,0,0,1,1,0,0,11,55,99,99,99,99,0,0,0,0,1,7,0,121906,0,2009,99999,LE CHALET BLVD,99999999999999999999,0000000,26.56519167,-80.11397778,1,1
12,101,9,27,12,35,1,1,0,1,1,1,0,1,0,1,2,2,2,70,1,1,2,1,28,3,1,1,0,0,12,35,12,45,99,99,0,0,0,0,1,1,0,121907,0,2009,99999,I-75,99999999999999999999,0000000,28.29618056,-82.32444167,1,1
12,103,9,24,23,50,2,4,0,1,13,3,0,12,1,3,1,2,3,45,1,1,2,1,3,3,3,1,0,0,99,99,99,99,99,99,0,0,0,0,1,5,0,121908,570,2009,99999,SR-60,HAMPTON RD,0000000,27.960625,-82.72141944,2,1
12,81,11,9,18,24,1,2,1,0,14,3,0,8,0,1,1,2,3,45,1,1,2,2,28,3,3,2,0,0,18,26,18,31,88,88,0,0,0,0,1,2,0,121909,0,2009,99999,SR-684,99999999999999999999,0000000,27.46249167,-82.581375,1,2
12,99,9,26,15,0,1,1,0,0,14,4,0,1,0,1,4,2,2,45,1,1,2,1,0,0,1,1,0,0,99,99,99,99,99,99,0,0,0,0,1,7,0,121910,0,2009,99999,N HAVERHILL RD,99999999999999999999,0000000,26.72899167,-80.11854444,1,1
12,105,9,30,12,8,2,2,0,0,13,3,0,12,5,2,1,2,2,55,1,1,2,1,3,3,1,1,0,0,99,99,99,99,99,99,0,0,0,0,1,4,0,121911,0,2009,99999,SR-540,W LAKE RUBY DR,0000000,27.97836111,-81.66076667,2,1
12,71,9,30,23,7,1,2,0,0,6,4,0,3,0,1,2,1,2,55,2,1,2,1,28,3,2,1,0,0,23,9,23,14,99,99,0,0,0,0,1,4,0,121912,0,2009,99999,STRINGFEELOW RD,99999999999999999999,0000000,26.55872778,-82.09518333,1,1
12,5,10,16,99,99,1,2,1,1,13,2,0,8,0,2,1,2,2,55,1,1,2,2,20,3,2,9,0,0,7,5,7,13,88,88,0,0,0,0,1,6,0,121913,2451,2009,99999,US-98,EVERGREEN STREET,0000000,30.20598611,-85.84076111,1,9
12,86,10,28,22,18,2,3,0,0,6,4,0,12,2,2,1,1,3,40,1,1,2,1,0,0,3,1,0,0,22,18,22,20,88,88,0,0,0,0,1,4,0,121914,0,2009,99999,SW 248TH STREET,SW 128TH AVE,0000000,25.53664167,-80.39855,2,1
12,53,10,26,21,10,1,1,0,0,6,4,0,30,0,1,4,1,2,55,2,1,2,1,28,3,2,1,0,0,21,11,21,16,99,99,0,0,0,0,1,2,0,121915,0,2009,99999,POWELL ROAD,99999999999999999999,0000000,28.49205,-82.41335,1,1
12,11,10,27,20,39,3,3,0,1,11,1,0,12,1,1,1,3,3,65,1,1,2,1,28,3,2,1,0,0,20,39,20,42,99,99,0,0,0,0,1,3,0,121916,771,2009,99999,I-595,99999999999999999999,0000000,26.11298056,-80.30754722,3,1
12,73,10,28,21,2,1,2,1,0,13,3,0,8,0,2,1,2,2,35,1,2,2,1,3,3,3,1,0,0,21,2,21,6,99,99,0,0,0,0,1,4,0,121917,2940,2009,99999,SR-61,S. MONROE STREET,0000000,30.405275,-84.28063889,1,1
12,71,10,29,12,35,1,1,0,0,13,2,0,1,0,2,1,2,3,55,1,1,2,1,3,3,1,1,0,0,12,36,12,42,99,99,0,0,0,0,1,5,1,121918,0,2009,99999,US-41,COCONUT RD,0000000,26.45938056,-81.82695556,1,1
12,86,10,29,20,10,1,3,1,0,13,3,0,9,0,3,1,2,3,45,1,1,2,1,3,3,3,1,0,0,20,15,20,20,88,88,0,0,0,0,1,5,0,121919,2330,2009,99999,SR-9,NW 22ND AVE,0000000,25.90781944,-80.23583333,1,1
12,97,10,30,13,18,1,4,0,0,2,2,0,1,0,1,3,3,2,65,1,1,2,9,0,0,1,1,0,0,13,18,13,26,99,99,0,0,0,0,2,6,0,121920,0,2009,99999,US-192,99999999999999999999,0000000,28.143725,-81.06493611,1,1
12,71,10,30,8,20,1,1,0,1,11,1,0,57,0,1,3,3,2,70,1,1,2,1,0,0,1,1,0,4,8,28,8,35,88,88,0,0,0,0,1,6,0,121921,0,2009,99999,I-75,99999999999999999999,0000000,26.43931667,-81.78024167,1,1
12,95,10,31,19,25,1,5,1,0,13,3,0,8,0,2,1,1,4,45,1,1,2,1,3,3,3,1,0,0,19,30,19,35,99,99,0,0,0,0,1,7,0,121922,0,2009,99999,SR-50,ROUSE LAKE RD,0000000,28.56788333,-81.21685,1,1
12,35,10,31,15,9,1,1,0,1,11,1,0,1,0,1,2,3,3,70,1,1,2,1,0,0,1,1,0,0,15,13,15,21,99,99,0,0,0,0,1,7,0,121923,2439,2009,99999,I-95,99999999999999999999,0000000,29.57331389,-81.23161944,1,1
12,105,8,30,5,55,1,1,0,0,16,6,0,30,0,1,4,1,2,40,1,1,2,1,0,0,2,1,0,0,99,99,99,99,88,88,0,0,0,0,1,1,0,121924,2550,2009,99999,CR-655,99999999999999999999,0000000,28.16751389,-81.82659167,1,1
12,103,10,28,20,23,1,4,1,1,13,3,0,8,0,1,1,2,3,45,1,1,2,1,0,0,3,1,0,0,20,23,20,25,88,88,0,0,0,0,1,4,0,121925,570,2009,99999,SR-60,99999999999999999999,0000000,27.96065833,-82.716375,1,1
12,127,10,29,22,27,1,2,1,0,6,4,0,8,0,1,2,1,2,45,1,1,2,1,28,3,2,1,0,0,22,29,22,39,88,88,0,0,0,0,1,5,1,121926,0,2009,99999,SAMSULA DRIVE,99999999999999999999,0000000,29.03281389,-81.05071389,1,1
12,11,10,30,11,34,1,2,0,0,13,3,0,10,0,6,1,2,3,45,1,1,4,1,80,3,1,1,0,0,99,99,99,99,99,99,0,0,0,0,2,6,0,121927,2570,2009,99999,SR-834,SR-811,272517B,26.27511667,-80.11378333,1,1
12,86,8,1,22,40,3,3,0,0,13,3,0,12,5,2,1,3,3,45,1,1,2,1,0,0,3,1,0,0,22,41,22,42,99,99,0,0,0,0,1,7,0,121928,9997,2009,99999,SR-817,NW 170TH TERRACE,0000000,25.92971667,-80.24484444,3,1
12,57,11,21,16,35,2,3,0,0,2,2,0,12,2,1,1,1,2,60,1,1,2,1,28,3,1,1,0,0,16,37,16,49,99,99,0,0,0,0,1,7,0,121929,0,2009,99999,US-301,99999999999999999999,0000000,28.14540833,-82.22388889,2,1
12,101,8,29,11,36,1,2,1,0,2,3,0,9,0,1,2,1,2,55,1,2,2,1,28,3,1,1,0,0,11,37,11,41,99,99,0,0,0,0,1,7,0,121930,2710,2009,99999,SR-52,99999999999999999999,0000000,28.33614444,-82.23694722,1,1
12,71,8,30,2,15,1,2,1,0,13,2,0,8,0,1,1,2,3,45,1,1,4,1,0,0,3,1,0,0,99,99,99,99,99,99,0,0,0,0,1,1,0,121931,1070,2009,99999,US-41,99999999999999999999,0000000,26.59077222,-81.87198333,1,1
12,86,8,7,15,37,3,1,0,0,6,4,0,33,0,2,4,2,2,40,1,1,2,1,3,3,1,1,0,0,99,99,99,99,99,99,0,14,0,0,1,6,0,121932,0,2009,99999,NW 52ND ST,NW 32ND AVE,0000000,25.82181667,-80.24881944,1,1
12,133,9,4,21,10,1,3,1,0,16,6,0,8,0,1,1,1,2,30,1,1,2,1,0,0,2,1,0,0,21,12,21,28,99,99,0,0,0,0,1,6,0,121933,550,2009,99999,7TH ST,99999999999999999999,0000000,30.77871389,-85.53713611,1,1
12,95,9,22,10,43,3,8,0,0,13,3,0,12,5,2,1,2,3,50,1,1,2,1,3,3,1,1,0,0,99,99,99,99,99,99,0,0,0,0,1,3,0,121934,2360,2009,99999,SR-435,MAJOR BLVD,0000000,28.47776389,-81.45885833,3,1
12,99,9,25,0,13,2,2,0,0,13,3,0,12,5,2,1,2,3,50,1,1,2,1,3,3,6,1,0,0,0,13,0,16,99,99,0,0,0,0,1,6,1,121935,0,2009,99999,SR-704,VISTA PKWY,0000000,26.70775833,-80.14605278,2,1
12,95,9,27,8,50,1,1,0,0,16,6,0,16,0,1,1,1,2,30,1,1,2,1,28,3,1,1,0,0,99,99,99,99,99,99,0,0,0,0,1,1,0,121936,2360,2009,99999,S. PARRAMORE AVE,99999999999999999999,0000000,28.52953333,-81.38887778,1,1
12,11,9,29,16,35,1,2,1,0,13,3,0,8,0,3,1,2,3,35,1,1,2,1,3,3,1,1,0,0,16,39,16,41,99,99,0,0,0,0,1,3,0,121937,1050,2009,99999,SR-870,NE 20 AVENUE,0000000,26.18926667,-80.11837222,1,1
12,86,9,30,22,6,1,2,1,0,14,3,0,8,0,1,1,2,2,40,1,1,2,1,0,0,3,1,0,0,22,7,22,11,88,88,0,0,0,0,1,4,0,121938,2010,2009,99999,SR-968,99999999999999999999,0000000,25.77155278,-80.26848056,1,1
12,86,10,5,21,20,1,2,1,0,13,3,0,8,0,2,1,2,2,40,1,1,2,1,0,0,3,1,0,0,21,22,21,30,99,99,0,0,0,0,1,2,0,121939,0,2009,99999,SR-9,NW 88TH ST,0000000,25.85489444,-80.24210833,1,1
12,86,10,3,10,42,2,2,0,0,14,3,0,12,1,3,1,2,3,40,1,1,2,1,3,3,1,1,0,0,10,42,10,49,88,88,0,0,0,0,1,7,0,121940,9997,2009,99999,SR-860,NW 12TH AVE,0000000,25.94195556,-80.22126389,2,1
12,1,10,8,1,34,1,2,1,0,13,2,0,9,0,2,1,5,4,30,1,1,2,1,3,3,3,1,0,1,99,99,99,99,99,99,0,0,0,0,1,5,0,121941,1130,2009,99999,US-441,NW 7TH AVE,0000000,29.65756389,-82.33911944,1,1
12,1,10,13,23,14,1,2,1,0,16,6,0,8,0,2,1,5,2,30,1,1,2,1,3,3,3,1,0,0,23,16,23,20,99,99,0,0,0,0,1,3,0,121942,1130,2009,99999,CR-2043,SE 3RD AVE,0000000,29.64916667,-82.30585,1,1
12,86,10,25,2,5,1,2,0,1,13,2,0,27,0,1,3,2,3,45,1,1,2,1,0,0,3,1,0,0,2,3,2,7,99,99,0,0,0,0,1,1,1,121943,0,2009,99999,US-1,99999999999999999999,0000000,25.63096389,-80.34003611,1,1
12,86,10,27,20,11,1,2,1,1,13,2,0,8,0,1,1,3,3,45,1,1,2,1,28,3,3,1,0,0,20,13,20,15,99,99,0,0,0,0,1,3,0,121944,0,2009,99999,US-1,99999999999999999999,0000000,25.62843889,-80.34139722,1,1
12,99,10,28,0,15,1,1,0,1,11,1,0,21,0,1,4,3,4,65,1,1,2,1,28,3,3,1,0,0,0,18,0,25,88,88,0,0,0,0,1,4,0,121945,290,2009,99999,I-95,99999999999999999999,0000000,26.33617222,-80.11754167,1,1
12,55,10,29,7,44,2,3,0,1,2,2,0,12,5,2,1,2,2,65,1,2,2,1,28,3,4,5,0,0,7,50,7,50,99,99,1,0,0,0,1,5,0,121946,0,2009,99999,US-27,PALMETTO DR,0000000,27.36931944,-81.39891667,2,5
12,11,10,30,10,34,2,2,0,0,14,6,0,12,5,4,1,2,2,45,1,1,2,1,20,3,1,1,0,0,10,34,10,38,88,88,0,0,0,0,1,6,0,121947,672,2009,99999,WILES RD,CORAL SPRINGS DR,0000000,26.28714444,-80.26477222,2,1
12,31,10,31,19,15,1,3,1,0,12,3,0,8,0,1,1,2,2,50,2,1,2,1,28,3,3,1,0,0,19,18,19,22,88,88,0,0,0,0,1,7,0,121948,1510,2009,99999,SR-10A,99999999999999999999,0000000,30.32745278,-81.59786111,1,1
12,49,10,31,0,20,1,1,0,0,2,3,0,27,0,3,4,1,2,60,1,1,2,1,20,3,2,1,0,0,0,36,0,45,88,88,0,0,0,0,1,7,1,121949,0,2009,99999,SR-64,MURPHY RD,0000000,27.48206111,-81.875675,1,1
12,57,11,1,21,22,1,2,1,0,13,2,0,9,0,1,1,1,2,50,1,2,2,1,0,0,2,1,0,0,21,23,21,27,99,99,0,0,0,0,1,1,1,121950,0,2009,99999,US-92,99999999999999999999,0000000,27.99989444,-82.31252778,1,1
12,127,11,1,18,45,2,3,0,0,13,2,0,12,3,2,1,2,2,55,1,1,2,1,28,3,3,1,0,0,99,99,99,99,88,88,0,0,0,0,1,1,1,121951,0,2009,99999,US-17,MILLIS ROAD,0000000,29.10496111,-81.34218611,2,1
12,87,11,1,4,0,1,1,0,1,13,2,0,35,0,1,4,1,2,45,2,1,2,1,28,3,2,1,0,0,4,5,4,10,88,88,0,0,0,0,1,1,1,121952,0,2009,99999,US-1,99999999999999999999,0000000,24.66723889,-81.49961389,1,1
12,31,11,1,1,35,3,6,0,0,12,3,0,25,0,1,4,3,2,60,1,1,2,1,28,3,2,1,0,0,1,37,1,38,99,99,0,0,0,0,1,1,1,121953,1510,2009,99999,SR-202,99999999999999999999,0000000,30.25715833,-81.43561111,3,1
12,113,11,2,18,35,2,2,0,1,13,2,0,12,5,2,1,3,2,45,1,1,2,1,20,3,2,1,0,0,99,99,99,99,99,99,0,0,0,0,1,2,0,121954,0,2009,99999,US-98,SANIBEL LANE,0000000,30.38110556,-87.11065556,2,1
12,31,11,2,17,4,2,5,0,0,13,3,0,12,4,1,1,3,2,35,1,1,2,1,20,3,1,1,0,0,17,5,17,9,99,99,0,0,0,0,1,2,0,121955,2159,2009,99999,SR-10,99999999999999999999,0000000,30.32433056,-81.41678889,2,1
12,1,11,2,18,19,1,2,1,0,13,3,0,8,0,1,1,2,3,45,1,1,2,1,0,0,3,1,0,0,18,19,18,22,99,99,0,0,0,0,1,2,0,121956,1130,2009,99999,SR-24,99999999999999999999,0000000,29.63576111,-82.35288333,1,1
12,99,11,3,21,35,2,2,0,0,14,3,0,12,1,1,1,1,2,50,1,1,2,1,0,0,2,1,0,0,21,36,21,44,99,99,0,0,0,0,1,3,0,121957,0,2009,99999,SR-806,99999999999999999999,0000000,26.45367778,-80.18766389,2,1
12,127,11,3,2,30,1,1,0,0,2,2,0,32,0,1,4,2,2,65,2,1,1,1,28,3,2,1,0,0,3,4,3,14,88,88,0,0,0,0,1,3,1,121958,0,2009,99999,US-92,99999999999999999999,0000000,29.17766667,-81.08133889,1,1
12,31,11,4,16,8,2,2,0,0,13,3,0,12,1,1,1,1,2,60,1,1,2,1,28,3,1,1,0,0,16,10,16,15,99,99,0,0,0,0,1,4,0,121960,1510,2009,99999,SR-228,99999999999999999999,0000000,30.21843611,-81.94068611,2,1
12,117,11,4,2,21,1,1,0,0,16,6,0,33,0,1,4,2,2,45,1,1,2,1,28,3,3,1,0,0,2,22,2,26,88,88,0,0,0,0,1,4,1,121961,480,2009,99999,RED BUG LAKE RD,99999999999999999999,0000000,28.64694167,-81.31550833,1,1
12,79,11,7,21,45,1,1,0,0,6,4,0,42,0,1,4,1,2,45,2,1,2,1,28,3,2,1,0,0,21,47,22,10,88,88,0,0,0,0,1,7,1,121962,0,2009,99999,CR-140,99999999999999999999,0000000,30.48555278,-83.63741389,1,1
12,89,11,4,18,20,2,2,0,1,2,2,0,12,1,2,1,2,2,65,1,1,2,1,28,3,2,1,0,0,18,21,18,28,88,88,0,0,0,0,1,4,0,121963,0,2009,99999,US-1,PRATT SIDING RD,0000000,30.65529167,-81.87748889,2,1
12,86,11,5,3,36,1,1,0,1,12,3,0,33,0,5,2,6,3,60,2,2,2,1,0,0,3,1,0,0,99,99,3,41,99,99,0,0,0,0,1,5,1,121964,2010,2009,99999,SR-91,BIRD RD,0000000,25.73295278,-80.3844,1,1
12,133,11,6,4,34,2,2,0,0,2,3,0,12,2,1,1,1,2,55,2,1,2,1,0,0,2,1,0,0,4,34,4,38,99,99,0,0,0,0,1,6,0,121967,0,2009,99999,SR-77,99999999999999999999,0000000,30.73449444,-85.55530278,2,1
12,71,11,6,22,57,1,4,1,0,6,4,0,8,0,1,1,1,2,35,1,1,2,1,0,0,2,1,0,0,22,58,23,6,88,88,0,0,0,0,1,6,0,121968,0,2009,99999,HARBOR DR,99999999999999999999,0000000,26.66046944,-82.133075,1,1
12,109,11,6,18,23,2,3,1,1,3,3,0,8,0,3,1,2,2,55,1,1,2,1,0,0,2,1,0,0,18,25,18,31,88,88,0,0,0,0,1,6,0,121969,9997,2009,99999,SR-207,ARMSTRONG RD,0000000,29.76943333,-81.45565556,2,1
12,15,11,7,19,20,1,2,1,0,13,2,0,8,0,4,1,2,3,45,1,1,2,1,0,0,3,1,0,0,19,23,19,26,99,99,0,0,0,0,1,7,0,121970,0,2009,99999,US-41,GARDNER DR,0000000,26.97051111,-82.08297222,1,1
12,87,11,7,0,30,1,2,0,0,6,4,0,42,0,1,4,1,2,55,2,1,2,1,0,0,2,1,0,0,0,52,0,54,99,99,0,0,0,0,1,7,1,121971,0,2009,99999,CR-905,99999999999999999999,0000000,25.2288,-80.32843611,1,1
12,99,11,7,0,16,1,2,0,0,16,6,0,31,0,4,4,1,2,15,1,1,2,1,0,0,2,1,0,0,0,16,0,25,99,99,0,0,0,0,1,7,0,121972,3147,2009,99999,14000 GREENTREE TR,TANBARK TRAIL,0000000,26.67864722,-80.26773889,1,1
12,83,11,7,15,40,2,3,0,0,13,2,0,12,5,4,1,2,2,45,2,1,2,1,28,3,1,1,0,0,15,42,15,50,99,99,0,0,0,0,1,7,1,121973,0,2009,99999,US-301,SE 115TH LN,0000000,29.05208056,-82.03853889,2,1
12,5,11,8,21,20,1,3,1,1,2,2,0,8,0,1,1,5,4,45,1,1,2,1,28,3,2,1,0,0,21,21,21,38,88,88,0,0,0,0,1,1,0,121974,1104,2009,99999,US-231,99999999999999999999,0000000,30.47256944,-85.42170833,1,1
12,87,11,8,20,35,1,2,1,1,13,2,0,8,0,1,1,2,2,45,1,1,2,1,28,3,2,1,0,0,20,40,20,47,99,99,0,0,0,0,1,1,0,121975,1568,2009,99999,US-1,99999999999999999999,0000000,25.14469167,-80.39631667,1,1
12,83,11,8,17,2,1,2,0,0,6,4,0,32,0,1,4,1,2,55,2,2,2,1,98,3,1,1,0,0,99,99,99,99,99,99,0,0,0,0,1,1,1,121976,0,2009,99999,CR-225,99999999999999999999,0000000,29.32850556,-82.28877778,1,1
12,45,11,8,2,18,2,2,0,0,2,2,0,12,4,1,1,1,2,55,1,1,2,1,28,3,2,1,0,0,99,99,99,99,99,99,0,0,0,0,1,1,1,121977,2600,2009,99999,US-98,99999999999999999999,0000000,29.73914444,-85.18515556,2,1
12,81,11,8,1,15,2,2,0,0,13,2,0,12,1,1,1,2,2,55,1,1,2,1,28,3,3,1,0,0,1,25,1,33,99,99,0,0,0,0,1,1,1,121978,0,2009,99999,US-301,99999999999999999999,0000000,27.40598889,-82.53277222,2,1
12,95,11,9,8,21,1,2,1,0,16,6,0,9,0,2,1,1,2,45,1,1,2,1,20,3,1,1,0,0,99,99,99,99,99,99,0,0,0,0,1,2,0,121980,70,2009,99999,CLEVELAND ST,OLD APOPKA RD,0000000,28.65475556,-81.50609444,1,1
12,31,11,10,18,5,1,2,1,0,13,2,0,8,0,1,1,2,2,35,1,1,2,2,0,0,3,2,0,0,99,99,99,99,99,99,0,0,0,0,1,3,0,121981,1510,2009,99999,US-17,99999999999999999999,0000000,30.37812222,-81.6508,1,2
12,85,11,12,6,12,1,2,1,0,15,6,0,8,0,2,1,1,2,35,1,1,2,1,0,0,3,1,0,0,6,16,6,25,88,88,0,0,0,0,1,5,0,121982,1552,2009,99999,DIXIE HWY,NE ROBERTA ST,0000000,27.223875,-80.22024722,1,1
12,97,11,12,0,20,2,2,0,0,16,6,0,12,1,1,1,2,2,55,2,1,2,1,0,0,2,1,0,0,0,28,0,32,99,99,0,0,0,0,1,5,1,121983,0,2009,99999,OSCEOLA PKWY,99999999999999999999,0000000,28.34551111,-81.46651944,2,1
12,23,11,12,10,20,1,1,0,0,6,4,0,1,0,1,4,1,2,45,2,2,2,1,0,0,1,1,0,0,10,24,10,35,99,99,0,0,0,0,1,5,0,121984,0,2009,99999,CR-133,99999999999999999999,0000000,30.10903889,-82.60159722,1,1
12,21,11,13,19,39,2,3,0,1,11,1,0,12,1,1,1,2,2,70,2,1,2,1,28,3,2,1,0,0,19,41,19,49,99,99,0,0,0,0,1,6,1,121985,0,2009,99999,I-75,99999999999999999999,0000000,26.15593889,-81.670775,2,1
12,83,11,13,13,45,1,1,0,0,13,2,0,38,0,1,4,2,2,55,1,2,2,1,0,0,1,1,0,0,13,49,13,54,88,88,0,0,0,0,1,6,0,121986,0,2009,99999,US-301,99999999999999999999,0000000,29.03998056,-82.04510556,1,1
12,95,11,13,21,30,2,2,0,1,12,3,0,25,0,5,3,6,2,25,1,1,2,1,0,0,3,1,0,0,21,30,21,35,99,99,0,0,0,0,1,6,0,121987,0,2009,99999,SR-91,US-17,0000000,28.42716667,-81.40480833,2,1
12,91,11,14,14,15,1,1,0,0,6,4,0,32,0,1,4,1,2,30,2,1,2,1,28,3,1,1,0,0,14,15,14,21,99,99,0,0,0,0,1,7,0,121988,0,2009,99999,OLD BETHEL RD,99999999999999999999,0000000,30.77909167,-86.59965556,1,1
12,105,11,14,4,15,1,2,0,0,14,3,0,31,0,1,4,1,2,60,2,1,2,1,28,3,2,5,0,0,4,18,4,28,99,99,0,0,0,0,1,7,0,121989,0,2009,99999,SR-33,99999999999999999999,0000000,28.15729444,-81.86157222,1,5
12,95,11,14,12,22,2,2,0,0,6,4,0,12,8,1,1,1,2,40,2,2,2,1,28,3,1,1,0,0,12,25,12,31,99,99,0,0,0,0,1,7,0,121990,0,2009,99999,CR-435,99999999999999999999,0000000,28.60566944,-81.49653889,2,1
12,131,11,15,12,5,2,3,0,1,2,2,0,14,1,1,2,1,2,55,1,1,2,1,0,0,1,1,0,0,12,6,12,12,99,99,0,0,0,0,1,1,0,121991,0,2009,99999,US-331,99999999999999999999,0000000,30.47384167,-86.12793889,1,1
12,31,11,16,14,52,1,2,1,0,14,3,0,15,0,4,1,1,4,40,1,1,2,1,0,0,1,1,0,0,99,99,99,99,99,99,0,0,0,0,1,2,0,121992,1510,2009,99999,SR-109,BARNES RD,0000000,30.27230278,-81.60789722,1,1
12,105,9,26,19,36,1,2,1,0,13,2,0,8,0,2,1,2,3,50,1,1,2,1,0,0,3,1,0,0,19,36,19,46,88,88,0,0,0,0,1,7,0,121993,120,2009,99999,US-92,TENNESSEE LN,0000000,28.06091667,-81.806175,1,1
12,75,10,15,6,5,2,3,0,1,2,2,0,12,1,10,1,2,2,55,1,1,2,1,0,0,3,1,0,0,99,99,99,99,99,99,0,0,0,0,1,5,0,121994,540,2009,99999,US-19,SW 14TH AVE,0000000,29.4678,-82.85520833,2,1
12,99,11,7,21,40,3,6,0,0,14,3,0,12,6,2,1,1,4,35,1,1,2,1,3,3,3,1,0,0,21,41,21,46,99,99,0,0,0,0,1,7,0,121995,3190,2009,99999,SR-882,PARKER AVE,0000000,26.65529722,-80.06390556,3,1
12,9,9,1,15,41,3,3,0,0,13,3,0,12,1,1,1,2,2,45,1,1,2,1,0,0,1,1,0,0,99,99,99,99,99,99,1,0,0,0,1,3,0,121996,1990,2009,99999,SR-507,99999999999999999999,0000000,28.04088611,-80.62169722,3,1
12,105,10,3,21,24,2,8,0,0,6,4,0,12,5,2,1,1,2,45,1,1,2,1,20,3,3,1,0,0,21,24,21,30,99,99,0,0,0,0,1,7,1,121997,0,2009,99999,CR-542,S EASTSIDE DRIVE,0000000,28.04419444,-81.91069444,2,1
12,86,10,4,0,0,1,2,0,1,12,3,0,24,0,1,4,3,3,60,1,2,2,1,0,0,3,1,0,0,99,99,0,1,99,99,0,0,0,0,1,1,0,121998,0,2009,99999,SR-821,99999999999999999999,0000000,25.69948333,-80.38389444,1,1
12,11,10,16,23,42,2,3,0,0,16,6,0,12,1,1,1,2,3,35,1,2,2,1,0,0,3,1,0,0,23,48,23,54,99,99,0,0,0,0,1,6,0,121999,2570,2009,99999,SW 3RD STREET,99999999999999999999,0000000,26.22673889,-80.13420556,2,1
12,71,10,21,21,7,1,2,1,0,13,3,0,8,0,3,1,2,3,45,1,1,2,1,3,3,3,1,0,0,99,99,99,99,99,99,0,0,0,0,1,4,0,122000,1070,2009,99999,SR-884,ORTIZ AVENUE,0000000,26.61264444,-81.810925,1,1
12,81,10,25,0,45,1,5,3,1,11,1,0,8,0,1,2,2,3,70,2,1,2,1,28,3,2,1,0,4,0,45,0,57,99,99,0,19,0,0,1,1,1,122001,0,2009,99999,I-75,99999999999999999999,0000000,27.506025,-82.4887,1,1
12,86,11,1,23,32,1,1,0,1,2,2,0,24,0,1,4,2,2,55,1,1,2,1,28,3,3,1,0,0,23,25,23,30,88,88,0,0,0,0,1,1,1,122002,0,2009,99999,US-27,99999999999999999999,0000000,25.92268611,-80.41472778,1,1
12,111,11,6,13,28,1,1,0,1,11,1,0,1,0,1,2,2,2,70,1,1,2,1,28,3,1,1,0,0,13,30,13,43,99,99,0,0,0,0,1,6,0,122003,0,2009,99999,I-95,99999999999999999999,0000000,27.44884167,-80.39476389,1,1
12,115,11,6,22,8,1,1,0,0,13,2,0,1,0,1,1,2,2,55,1,1,2,1,0,0,2,1,0,0,99,99,99,99,99,99,0,0,0,0,1,6,1,122004,0,2009,99999,US-41,99999999999999999999,0000000,27.18221111,-82.48338333,1,1
12,95,11,9,10,3,1,1,0,1,12,3,0,21,0,2,3,2,2,65,1,1,2,1,28,3,1,1,0,0,10,4,10,11,88,88,0,0,0,0,1,2,0,122005,0,2009,99999,SR-408,SR-417,0000000,28.5473,-81.25771111,1,1
12,83,11,10,5,22,1,1,0,0,16,6,0,42,0,1,4,1,2,55,2,1,2,1,28,3,2,1,0,0,5,27,5,35,99,99,0,0,0,0,1,3,0,122006,0,2009,99999,SW 140TH AVE,99999999999999999999,0000000,29.08043889,-82.35231389,1,1
12,11,11,12,23,56,1,2,0,1,11,1,0,34,0,1,3,2,4,70,1,1,2,1,28,3,2,1,0,0,23,57,99,99,88,88,0,0,0,0,2,5,0,122007,3193,2009,99999,I-75,99999999999999999999,0000000,26.08060556,-80.36211389,1,1
12,105,11,14,3,0,1,2,0,0,6,4,0,42,0,1,4,1,2,50,1,1,2,1,28,3,2,1,0,0,3,2,3,10,99,99,0,0,0,0,1,7,0,122008,0,2009,99999,DEEN STILL RD,99999999999999999999,0000000,28.25704167,-81.68345556,1,1
12,95,11,14,2,37,1,2,1,0,13,3,0,8,0,1,1,2,3,45,1,1,2,1,28,3,2,1,0,0,2,40,2,45,88,88,0,0,0,0,1,7,0,122009,0,2009,99999,SR-50,99999999999999999999,0000000,28.55242778,-81.44428889,1,1
12,33,11,14,22,45,2,2,0,0,13,3,0,12,1,1,1,1,2,45,2,1,2,1,28,3,2,1,0,0,22,48,23,5,99,99,0,0,0,0,1,7,2,122010,0,2009,99999,SR-292,99999999999999999999,0000000,30.33218889,-87.413325,2,1