STATE,COUNTY,MONTH,DAY,HOUR,MINUTE,VE_TOTAL,PERSONS,PEDS,NHS,ROAD_FNC,ROUTE,SP_JUR,HARM_EV,MAN_COLL,REL_JUNC,REL_ROAD,TRAF_FLO,NO_LANES,SP_LIMIT,ALIGNMNT,PROFILE,PAVE_TYP,SUR_COND,TRA_CONT,T_CONT_F,LGT_COND,WEATHER1,WEATHER2,WRK_ZONE,NOT_HOUR,NOT_MIN,ARR_HOUR,ARR_MIN,HOSP_HR,HOSP_MN,SCH_BUS,CF1,CF2,CF3,FATALS,DAY_WEEK,DRUNK_DR,ST_CASE,CITY,YEAR,MILEPT,TWAY_ID,TWAY_ID2,RAIL,LATITUDE,LONGITUD,VE_FORMS,WEATHER
12,97,11,15,1,40,1,2,0,0,6,4,0,33,0,1,4,2,2,45,1,1,2,1,28,3,3,1,0,0,1,43,1,51,99,99,0,0,0,0,1,1,0,122011,0,2009,99999,CR-531,99999999999999999999,0000000,28.21232778,-81.44029722,1,1
12,53,11,15,20,59,2,3,0,0,6,4,0,12,2,1,1,1,2,55,1,1,2,1,28,3,2,1,0,0,20,59,21,8,99,99,0,0,0,0,1,1,0,122012,0,2009,99999,CR-476,99999999999999999999,0000000,28.61418889,-82.48618611,2,1
12,133,11,15,15,15,1,1,0,0,6,4,0,1,0,1,2,1,2,55,2,2,2,1,28,3,1,1,0,0,15,21,15,29,99,99,0,0,0,0,1,1,0,122013,0,2009,99999,CR-278,99999999999999999999,0000000,30.63016389,-85.64916389,1,1
12,95,11,16,20,20,1,2,1,0,13,2,0,8,0,2,1,2,2,55,1,1,2,1,3,3,3,1,0,0,20,21,20,24,88,88,0,0,0,0,1,2,0,122014,0,2009,99999,US-192,VISTA DEL LAGO BLVD,0000000,28.34684722,-81.633275,1,1
12,31,11,16,19,55,1,4,1,0,14,3,0,8,0,1,1,2,3,45,1,1,2,1,28,3,3,1,0,0,19,56,19,58,88,88,0,0,0,0,1,2,0,122015,1510,2009,99999,SR-134,99999999999999999999,0000000,30.24740278,-81.73093056,1,1
12,79,11,17,23,27,2,3,0,1,1,1,0,12,1,1,1,2,2,70,1,2,2,1,28,3,2,1,0,0,99,99,99,99,99,99,0,0,0,0,1,3,1,122016,0,2009,99999,I-10,99999999999999999999,0000000,30.43539167,-83.48051667,2,1
12,31,11,18,23,50,1,2,0,0,16,6,0,42,0,1,4,1,2,30,2,1,2,1,0,0,3,1,0,0,23,52,23,57,99,99,0,0,0,0,1,4,1,122017,1510,2009,99999,LIVE OAK DR,99999999999999999999,0000000,30.31069444,-81.54868611,1,1
12,31,11,19,1,25,2,2,0,0,14,2,0,12,8,1,1,1,2,60,1,1,2,1,28,3,2,5,0,0,7,13,7,17,88,88,0,0,0,0,1,5,1,122018,1510,2009,99999,US-90,99999999999999999999,0000000,30.30576111,-81.93045556,2,5
12,9,11,19,12,6,2,3,0,0,13,2,0,12,5,2,1,2,2,55,1,1,2,1,20,3,1,1,0,0,99,99,12,10,99,99,0,0,0,0,1,5,1,122019,0,2009,99999,US-1,CROSS ROAD,0000000,28.41513333,-80.755025,2,1
12,57,9,17,10,46,2,2,0,0,13,3,0,12,3,2,1,2,3,50,1,1,2,1,3,3,1,1,0,0,99,99,99,99,99,99,0,0,0,0,1,5,0,122020,2950,2009,99999,SR-582,N MCKINLEY,0000000,28.05438333,-82.41618889,2,1
12,95,10,16,0,59,1,2,1,0,2,3,0,9,0,1,1,2,2,60,1,1,2,2,28,3,2,1,0,0,0,59,1,13,88,88,0,0,0,0,1,6,0,122021,0,2009,99999,SR-520,99999999999999999999,0000000,28.53666111,-81.01352778,1,1
12,103,11,5,20,37,1,2,0,0,16,6,0,42,0,1,4,1,2,35,2,1,2,1,0,0,3,1,0,0,20,37,20,43,88,88,0,0,0,0,2,5,0,122022,570,2009,99999,MONTCLAIR DRIVE,99999999999999999999,0000000,27.99356667,-82.75782222,1,1
12,11,11,5,19,51,1,2,1,0,16,6,0,9,0,2,1,2,2,35,1,1,2,1,0,0,3,1,0,0,99,99,99,99,99,99,0,0,0,0,1,5,0,122023,2468,2009,99999,TAFT ST,NW 95TH AVE,0000000,26.02281389,-80.27245,1,1
12,95,11,7,1,20,1,2,0,9,99,9,0,43,0,1,1,1,2,5,1,1,2,1,0,0,3,1,0,0,1,23,1,28,99,99,0,0,0,0,1,7,1,122024,2360,2009,99999,2435 S HIAWASSEE RD,99999999999999999999,0000000,28.51670556,-81.484175,1,1
12,105,11,9,12,28,1,2,0,0,13,2,0,27,0,1,3,2,2,50,1,1,2,1,0,0,1,1,0,0,12,31,12,38,99,99,0,0,0,0,1,2,0,122025,0,2009,99999,US-92,99999999999999999999,0000000,28.04777778,-81.88184722,1,1
12,57,11,14,18,0,1,2,1,0,13,3,0,8,0,1,1,3,4,50,1,1,2,1,0,0,3,1,0,0,99,99,99,99,99,99,0,0,0,0,1,7,0,122026,0,2009,99999,SR-60,99999999999999999999,0000000,27.94127778,-82.32893611,1,1
12,11,11,15,17,40,1,2,1,0,6,4,0,9,0,2,1,2,2,55,1,1,2,1,0,0,5,1,0,0,17,43,17,46,99,99,0,0,0,0,1,1,0,122027,3193,2009,99999,SADDLE CLUB RD,HARBOR CT,0000000,26.11675,-80.3793,1,1
12,95,11,16,6,3,1,2,1,0,14,3,0,8,0,2,1,2,3,40,1,1,2,1,3,3,2,1,0,0,6,6,6,16,88,88,0,0,0,0,1,2,0,122028,2360,2009,99999,SR-482,UNIVERSAL BLVD,0000000,28.45,-81.46577222,1,1
12,97,11,18,23,54,1,1,0,1,11,1,0,43,0,13,2,6,1,65,2,1,2,1,28,3,2,1,0,0,99,99,99,99,99,99,0,0,0,0,1,4,0,122029,0,2009,99999,I-4,US-192,0000000,28.332725,-81.54523611,1,1
12,57,10,2,19,53,1,2,1,0,6,4,0,8,0,2,1,2,3,45,1,1,2,1,3,3,3,1,0,0,99,99,99,99,88,88,0,0,0,0,1,6,0,122030,0,2009,99999,PROVIDENCE ROAD,CAUSWAY BLVD,0000000,27.92338333,-82.31812222,1,1
12,86,10,4,21,11,2,2,0,0,13,3,0,12,5,2,1,2,3,45,1,1,2,1,0,0,3,1,0,0,99,99,99,99,99,99,0,0,0,0,1,1,1,122031,0,2009,99999,SR-94,SW 83 AVENUE,0000000,25.68816111,-80.32777778,2,1
12,107,10,5,5,50,1,2,0,0,13,2,0,34,0,1,4,1,2,55,1,1,2,1,28,3,2,1,0,0,99,99,99,99,99,99,0,0,0,0,1,2,0,122032,0,2009,99999,US-17,99999999999999999999,0000000,29.65021944,-81.64956944,1,1
12,86,10,5,7,56,1,3,1,0,16,6,0,8,0,1,1,2,2,30,2,1,2,1,0,0,1,1,0,0,99,99,99,99,99,99,0,0,0,0,1,2,0,122033,2025,2009,99999,MIAMI LAKES DR,99999999999999999999,0000000,25.91009444,-80.29914444,1,1
12,86,10,11,3,10,1,3,2,0,13,3,0,8,0,2,1,2,2,99,1,1,2,1,3,3,3,1,0,0,99,99,99,99,99,99,0,0,0,0,1,1,0,122034,0,2009,99999,SR-9,NW 43RD TERRACE,0000000,25.81463333,-80.24053056,1,1
12,101,10,14,19,55,1,2,1,1,13,2,0,8,0,2,1,2,3,45,1,1,2,1,0,0,5,1,0,0,19,56,19,59,99,99,0,0,0,0,1,4,0,122036,2180,2009,99999,US-19,GREEN KEY RD,0000000,28.25335833,-82.72768889,1,1
12,73,10,14,8,17,1,1,0,0,16,6,0,30,0,1,4,1,4,35,1,1,2,2,0,0,1,1,0,0,8,17,8,23,99,99,0,0,0,0,1,4,0,122037,2940,2009,99999,1776 OLD BAINBRIDGE,99999999999999999999,0000000,30.46363889,-84.30081944,1,1
12,99,10,16,21,3,1,2,0,1,11,1,0,1,0,1,1,3,5,65,1,1,2,1,28,3,3,1,0,0,21,6,21,15,99,99,0,0,0,0,1,6,0,122038,3190,2009,99999,I-95,99999999999999999999,0000000,26.67967778,-80.06947222,1,1
12,111,10,17,19,30,2,8,0,1,11,1,0,12,1,1,1,3,3,70,1,1,2,1,98,3,2,1,0,0,19,37,19,47,99,99,0,0,0,0,1,7,0,122039,2601,2009,99999,I-95,99999999999999999999,0000000,27.25073889,-80.41719722,2,1
12,99,10,17,17,58,4,6,0,0,13,3,0,12,2,3,1,2,3,45,1,1,2,1,3,3,3,1,0,0,99,99,99,99,99,99,0,0,0,0,1,7,1,122040,2431,2009,99999,SR-809,CR-809A,0000000,26.80878889,-80.10651111,4,1
12,111,10,19,14,29,1,3,0,1,2,3,0,1,0,1,4,3,2,70,1,1,2,1,28,3,1,1,0,0,14,30,14,48,99,99,0,0,0,0,1,2,0,122041,0,2009,99999,SR-91,99999999999999999999,0000000,27.249975,-80.34769444,1,1
12,69,10,19,20,50,1,1,0,0,16,6,0,42,0,1,4,1,2,35,2,1,2,1,98,3,2,1,0,0,99,99,99,99,99,99,0,0,0,0,1,2,0,122042,960,2009,99999,DAVID WALKER DRIVE,99999999999999999999,0000000,28.83648889,-81.69249167,1,1
12,91,10,20,23,55,2,4,0,1,2,3,0,11,0,1,1,2,2,65,1,1,2,1,28,3,2,1,0,0,23,56,0,10,99,99,0,0,0,0,1,3,0,122043,0,2009,99999,SR-85,99999999999999999999,0000000,30.62402778,-86.54265278,2,1
12,101,10,25,20,5,1,2,0,1,1,1,0,42,0,1,4,2,2,70,1,1,2,1,28,3,2,1,0,0,99,99,99,99,99,99,0,0,0,0,1,1,0,122044,0,2009,99999,I-75,99999999999999999999,0000000,28.37157778,-82.31943056,1,1
12,127,10,26,13,33,1,2,1,0,13,2,0,15,0,1,1,2,2,40,1,1,2,1,28,3,1,1,0,0,13,34,13,37,99,99,0,0,0,0,1,2,0,122045,2850,2009,99999,US-1,99999999999999999999,0000000,29.16996389,-81.0009,1,1
12,57,10,31,10,15,1,5,0,1,11,1,0,24,0,1,3,2,3,70,1,2,2,1,28,3,1,1,0,0,99,99,99,99,99,99,0,0,0,0,1,7,0,122046,0,2009,99999,I-75,99999999999999999999,0000000,27.83736944,-82.34931111,1,1
12,31,11,3,18,19,3,5,0,0,16,6,0,12,4,2,1,1,4,25,1,1,2,1,3,3,3,1,0,0,99,99,99,99,99,99,0,0,0,0,1,3,0,122047,1520,2009,99999,SOUTH BEACH PKWY,JACKSONVILLE DR,0000000,30.25828333,-81.39446389,3,1
12,127,11,8,20,8,1,2,1,0,13,2,0,8,0,1,1,2,2,55,1,1,2,1,28,3,3,1,0,0,20,9,20,15,88,88,0,0,0,0,1,1,0,122048,0,2009,99999,US-1,99999999999999999999,0000000,29.01376944,-81.02215278,1,1
12,86,8,17,6,30,2,2,0,0,13,2,0,12,5,2,1,2,4,30,1,1,2,2,20,3,4,1,0,0,6,41,6,53,99,99,0,0,0,0,1,2,0,122049,0,2009,99999,US-41,SW 93RD AVE,0000000,25.76165278,-80.346275,2,1
12,111,8,18,16,43,3,4,0,0,13,2,0,12,7,2,1,1,4,40,1,1,2,1,3,3,1,1,0,0,99,99,99,99,99,99,0,0,0,0,1,3,0,122050,1080,2009,99999,US-1,WEATHERBEE RD,0000000,27.38145278,-80.32589167,3,1
12,5,9,29,19,24,2,2,0,0,14,3,0,12,99,8,1,1,2,35,1,1,2,1,0,0,3,1,0,0,19,24,19,33,88,88,0,0,0,0,1,3,0,122051,2450,2009,99999,SR-390,W 23RD ST,0000000,30.188225,-85.70115556,2,1
12,103,9,30,15,10,2,2,0,0,16,6,0,12,5,8,1,2,2,35,1,1,2,1,20,3,1,1,0,0,15,11,15,17,99,99,0,0,0,0,1,4,1,122052,860,2009,99999,CR-1,SAN CHRISTOPHER DR,0000000,28.02203889,-82.76351111,2,1
12,61,10,5,15,30,2,2,0,0,13,2,0,42,0,1,3,2,2,40,1,1,2,1,0,0,1,1,0,0,15,35,15,40,99,99,0,0,0,0,1,2,0,122053,2790,2009,99999,US-1,99999999999999999999,0000000,27.82284722,-80.47359444,2,1
12,86,10,12,99,99,1,2,1,0,16,6,0,8,0,1,1,2,3,40,1,1,2,1,28,3,1,1,0,0,13,8,13,10,88,88,0,0,0,0,1,2,0,122054,2930,2009,99999,FLAGLER ST,99999999999999999999,0000000,25.76832222,-80.38195556,1,1
12,127,10,21,19,13,1,4,1,0,13,2,0,8,0,1,1,1,4,40,1,1,2,2,0,0,2,2,0,0,19,15,19,18,99,99,0,0,0,0,1,4,0,122056,2340,2009,99999,US-17,99999999999999999999,0000000,28.94649444,-81.29904167,1,2
12,127,10,26,21,17,2,7,0,1,13,2,0,12,1,2,1,3,4,50,1,1,2,1,3,3,3,1,0,0,21,17,21,17,99,99,0,0,0,0,1,2,0,122058,780,2009,99999,US-92,MIDWAY AVENUE,0000000,29.19448611,-81.06290556,2,1
12,73,11,7,0,36,4,1,0,0,16,6,0,14,3,1,5,1,2,25,1,2,2,1,28,3,3,1,0,0,0,37,0,42,88,88,0,0,0,0,1,7,0,122059,2940,2009,99999,GEORGIA ST,99999999999999999999,0000000,30.44814722,-84.29416944,1,1
12,99,11,8,3,36,1,2,1,0,13,3,0,9,0,3,1,2,3,40,1,1,2,1,3,3,3,1,0,0,3,39,3,41,88,88,0,0,0,0,1,1,0,122060,0,2009,99999,SR-809,CRESTHAVEN BLVD,0000000,26.63726944,-80.11286944,1,1
12,86,11,10,7,0,2,2,0,0,6,4,0,12,5,2,1,2,5,30,1,2,2,1,20,3,1,1,0,0,7,5,7,11,99,99,0,0,0,0,1,3,0,122061,0,2009,99999,SW 288TH STREET,SW 134TH  AVENUE,0000000,25.51816111,-80.40443056,2,1
12,11,11,11,17,56,1,2,1,0,12,6,0,8,0,1,1,2,3,45,1,1,2,1,28,3,2,1,0,0,17,57,17,59,99,99,0,0,0,0,1,4,0,122062,2916,2009,99999,W OAKLAND PARK BLVD,99999999999999999999,0000000,26.16999722,-80.28533889,1,1
12,117,11,11,18,0,2,5,0,0,16,6,0,12,6,2,1,2,2,45,1,1,2,2,0,0,5,1,0,0,18,4,18,8,99,99,0,0,0,0,1,4,0,122063,2390,2009,99999,MITCHELL HAMMOCK RD,MANIGAN AVE,0000000,28.65578611,-81.18459167,2,1
12,86,11,12,18,53,1,3,2,0,6,4,0,8,0,2,1,2,3,40,1,1,2,1,0,0,2,1,0,0,20,54,20,58,99,99,0,0,0,0,2,5,0,122064,844,2009,99999,SW 157TH AVE,SW 73RD TERR,0000000,25.69726667,-80.44643611,1,1
12,99,11,13,23,13,2,2,0,0,15,6,0,12,1,1,1,1,2,40,1,1,2,1,0,0,2,1,0,0,23,14,23,17,88,88,0,0,0,0,1,6,2,122065,290,2009,99999,N DIXIE HWY,99999999999999999999,0000000,26.41403056,-80.07773056,2,1
12,86,11,14,11,50,2,3,0,0,16,6,0,12,5,2,1,1,2,30,1,1,2,1,20,3,1,1,0,0,99,99,99,99,99,99,0,0,0,0,1,7,0,122066,1340,2009,99999,E 43RD ST,E 9TH LN,0000000,25.86165278,-80.27266111,2,1
12,103,11,14,2,8,1,2,1,0,13,3,0,8,0,3,1,2,3,45,1,1,2,1,3,3,3,1,0,0,2,1,2,6,99,99,0,0,0,0,1,7,0,122067,1770,2009,99999,SR-693,126TH AVE,0000000,27.88653611,-82.72923333,1,1
12,71,11,14,7,30,1,2,1,0,6,4,0,9,0,3,1,1,2,30,1,1,2,1,20,3,1,1,0,0,7,33,7,37,99,99,0,0,0,0,1,7,0,122068,0,2009,99999,PINE DR,TROPICANA DR,0000000,26.49951111,-81.96580833,1,1
12,117,11,15,17,50,2,5,0,0,13,3,0,12,5,2,1,2,3,45,1,1,2,1,3,3,2,1,0,0,17,53,17,57,99,99,0,0,0,0,1,1,0,122069,0,2009,99999,SR-46,CR-15,0000000,28.81146111,-81.322775,2,1
12,123,11,15,16,30,1,4,0,0,2,2,0,1,0,1,4,1,2,60,1,1,2,1,0,0,1,1,0,0,16,39,16,47,99,99,0,0,0,0,1,1,0,122070,0,2009,99999,US-27,99999999999999999999,0000000,30.10060278,-83.45181667,1,1
12,11,11,15,0,18,1,4,0,0,16,6,0,27,0,1,4,1,2,25,1,1,2,1,0,0,3,1,0,0,0,20,0,26,99,99,0,19,0,0,3,1,0,122071,672,2009,99999,BROKENWOODS DR,99999999999999999999,0000000,26.27429167,-80.25150556,1,1
12,11,11,16,5,17,3,7,0,1,11,1,0,12,7,13,1,3,5,65,1,1,2,1,0,0,1,1,0,0,5,17,5,21,99,99,0,0,0,0,1,2,0,122072,0,2009,99999,I-95,PEMBROKE RD,0000000,25.9977,-80.16598611,3,1
12,11,11,17,17,47,1,7,1,0,16,6,0,8,0,2,1,2,2,25,1,1,2,1,0,0,5,1,0,0,17,48,17,53,99,99,0,0,0,0,1,3,0,122073,2083,2009,99999,RENAISSANCE BLVD,SW 18TH CT,0000000,25.99203889,-80.30002778,1,1
12,5,11,18,9,40,2,3,0,1,13,2,0,12,5,2,1,1,4,55,1,1,2,1,20,3,1,1,0,0,99,99,99,99,99,99,0,0,0,0,1,4,0,122074,0,2009,99999,US-98,CAULEY AVENUE,0000000,30.18881944,-85.77512778,2,1
12,91,11,19,19,55,1,2,1,1,13,3,0,8,0,1,1,2,2,55,2,1,2,1,28,3,2,1,0,0,20,0,20,6,99,99,0,0,0,0,1,5,0,122075,0,2009,99999,SR-85,99999999999999999999,0000000,30.55906389,-86.52366389,1,1
12,95,11,19,21,30,1,2,1,0,6,4,0,8,0,1,1,1,2,25,1,1,2,1,0,0,3,1,0,0,21,31,21,40,99,99,0,0,0,0,1,5,0,122076,0,2009,99999,SUNFLOWER TRAIL,99999999999999999999,0000000,28.54711111,-81.15018056,1,1
12,85,11,20,17,55,1,4,1,0,13,2,0,9,0,2,1,3,2,45,1,1,2,1,20,3,3,1,0,0,17,58,18,1,99,99,0,0,0,0,1,6,0,122077,1405,2009,99999,US-1,CR-708,0000000,27.06354722,-80.13835,1,1
12,83,11,20,11,49,5,5,0,1,1,1,0,1,0,1,1,3,3,70,1,2,2,1,28,3,1,1,0,0,11,52,12,7,99,99,0,0,0,0,1,6,0,122078,0,2009,99999,I-75,99999999999999999999,0000000,29.26706944,-82.19305,5,1
12,103,11,20,18,17,1,2,1,0,6,4,0,8,0,1,1,2,2,40,1,1,2,1,28,3,2,1,0,0,18,18,18,22,88,88,0,0,0,0,1,6,0,122079,0,2009,99999,62ND AVE,99999999999999999999,0000000,27.82836389,-82.67785833,1,1
12,113,11,20,19,25,1,1,0,0,6,4,0,42,0,1,4,1,2,55,2,1,2,1,28,3,2,1,0,0,19,27,19,33,99,99,0,0,0,0,1,6,0,122080,0,2009,99999,CR-184,99999999999999999999,0000000,30.59505278,-86.98120556,1,1
12,31,11,20,5,28,1,2,1,0,3,3,0,8,0,1,1,1,2,60,1,1,2,1,28,3,2,1,0,0,5,36,5,42,88,88,0,0,0,0,1,6,1,122081,1510,2009,99999,SR-115,99999999999999999999,0000000,30.487975,-81.73188611,1,1
12,61,11,20,1,40,1,1,0,1,1,1,0,42,0,1,4,2,2,70,1,1,2,1,28,3,2,1,0,0,1,41,1,54,88,88,0,0,0,0,1,6,1,122082,0,2009,99999,I-95,99999999999999999999,0000000,27.81805,-80.55218611,1,1
12,119,11,21,2,30,1,4,0,0,6,4,0,42,0,1,4,1,2,35,2,2,5,1,0,0,2,1,0,0,5,13,5,28,99,99,0,0,0,0,2,7,1,122083,0,2009,99999,SW 90TH AVE,99999999999999999999,0000000,28.62530833,-82.23298889,1,1
12,3,11,21,8,43,2,2,0,0,14,2,0,12,2,1,1,1,2,60,2,1,2,1,28,3,1,1,0,0,8,43,8,45,99,99,0,0,0,0,1,7,0,122084,0,2009,99999,US-90,99999999999999999999,0000000,30.27491944,-82.169975,2,1
12,97,11,22,1,46,2,2,0,0,6,4,0,12,7,1,1,1,2,35,1,1,2,1,28,3,3,1,0,0,99,99,99,99,99,99,0,0,0,0,1,1,1,122085,0,2009,99999,OSCEOLA PKWY,99999999999999999999,0000000,28.34395278,-81.35811667,2,1
12,95,11,23,9,31,1,3,1,0,16,6,0,9,0,2,1,2,2,30,1,1,2,1,3,3,1,1,0,0,9,31,9,37,88,88,0,0,0,0,1,2,0,122086,2360,2009,99999,S HUGHEY AVE,W CHURCH ST,0000000,28.54017778,-81.38287778,1,1
12,71,11,23,6,12,2,2,0,0,6,4,0,12,4,2,1,2,2,45,1,1,2,1,3,3,2,1,0,0,6,13,6,17,88,88,1,0,0,0,1,2,0,122088,0,2009,99999,CR-867,JOHN MORRIS RD,0000000,26.49983333,-81.96785556,2,1
12,9,11,25,12,0,2,2,0,1,11,1,0,13,5,1,1,2,2,70,2,1,2,2,0,0,9,2,0,0,12,4,12,11,99,99,0,0,0,0,1,4,0,122089,0,2009,99999,I-95,99999999999999999999,0000000,28.47846944,-80.82121944,2,2
12,1,11,26,0,43,1,1,0,0,16,6,0,24,0,1,4,3,2,45,1,1,2,1,0,0,3,1,0,0,0,44,0,56,88,88,0,0,0,0,1,5,0,122090,1130,2009,99999,CR-232,99999999999999999999,0000000,29.70336111,-82.37088611,1,1
12,49,11,26,20,15,2,6,0,1,13,2,0,12,1,1,1,2,2,65,1,1,2,1,0,0,3,1,0,0,20,15,20,22,99,99,0,0,0,0,1,5,1,122091,0,2009,99999,US-17,99999999999999999999,0000000,27.60406389,-81.82445556,2,1
12,57,11,26,22,2,1,1,0,0,2,2,0,42,0,1,4,2,2,60,1,1,2,1,0,0,2,1,0,0,22,2,22,13,99,99,0,0,0,0,1,5,1,122092,0,2009,99999,US-301,99999999999999999999,0000000,28.15335833,-82.21977222,1,1
12,31,11,28,19,35,2,4,0,0,16,6,0,12,2,1,1,1,2,35,2,1,2,1,0,0,3,1,0,0,99,99,99,99,99,99,0,0,0,0,1,7,0,122093,1510,2009,99999,S SAN PABLO RD,99999999999999999999,0000000,30.30364444,-81.44412222,2,1
12,113,12,1,16,20,3,3,0,0,6,4,0,12,2,3,1,1,2,55,1,1,2,2,28,3,5,2,0,0,99,99,99,99,99,99,0,14,0,0,1,3,0,122094,0,2009,99999,CR-197,ACY LOWERY RD,0000000,30.67640278,-87.18061111,3,2
12,73,12,1,1,15,3,3,0,0,6,4,0,42,0,1,4,1,2,45,2,2,2,2,28,3,2,1,0,0,1,15,1,26,99,99,0,14,0,0,1,3,0,122095,0,2009,99999,CR-155,99999999999999999999,0000000,30.56558611,-84.27770833,3,1
12,31,12,1,14,12,1,1,0,0,16,6,0,24,0,1,4,1,2,30,1,1,2,1,28,3,1,1,0,0,99,99,99,99,99,99,0,0,0,0,1,3,1,122096,1510,2009,99999,NEW BERLIN RD,99999999999999999999,0000000,30.40596944,-81.565675,1,1
12,57,11,27,20,23,2,2,0,0,16,6,0,12,1,1,1,2,2,40,1,1,1,1,0,0,3,1,0,0,20,26,20,29,99,99,0,0,0,0,1,6,0,122097,2950,2009,99999,40TH ST,99999999999999999999,0000000,28.01103056,-82.41509722,2,1
12,95,8,4,10,8,2,3,0,0,16,6,0,12,2,1,1,1,2,45,2,2,2,1,0,0,1,1,0,0,99,99,99,99,99,99,0,0,0,0,1,3,0,122098,0,2009,99999,S BINION RD,99999999999999999999,0000000,28.68446944,-81.54635278,2,1
12,103,9,30,18,7,1,1,0,1,12,2,0,1,0,1,1,2,3,55,1,2,2,1,28,3,1,1,0,0,99,99,99,99,99,99,0,0,0,0,1,4,0,122099,1770,2009,99999,US-19,99999999999999999999,0000000,27.92365278,-82.73055278,1,1
12,69,10,31,19,36,1,7,2,0,13,3,0,8,0,2,1,2,2,40,1,2,2,1,0,0,3,1,0,0,19,36,19,38,99,99,0,0,0,0,1,7,0,122100,580,2009,99999,SR-50,7TH ST,0000000,28.55130833,-81.76692778,1,1
12,86,11,6,0,26,1,2,1,1,11,1,0,8,0,1,1,2,3,55,2,2,2,1,50,3,3,1,0,1,0,29,0,34,88,88,0,0,0,0,1,6,1,122101,0,2009,99999,I-95,99999999999999999999,0000000,25.81174722,-80.20610278,1,1
12,11,11,7,14,38,1,5,1,0,13,2,0,8,0,1,1,2,3,45,1,1,2,1,0,0,1,1,0,0,14,39,14,45,88,88,0,0,0,0,1,7,0,122102,771,2009,99999,US-441,99999999999999999999,0000000,26.06278611,-80.20796667,1,1
12,99,11,10,17,51,1,2,1,0,12,4,0,8,0,2,1,2,3,45,1,1,2,1,3,3,3,1,0,0,17,51,17,58,88,88,0,0,0,0,1,3,0,122103,0,2009,99999,MILITARY TRL,DELRAY BLVD,0000000,26.47603889,-80.12265833,1,1
12,11,11,10,11,40,2,2,0,0,14,6,0,12,3,2,1,2,2,35,1,1,2,1,3,3,1,1,0,0,11,40,11,44,88,88,0,0,0,0,1,3,0,122104,672,2009,99999,RIVERSIDE DR,40TH ST,0000000,26.279425,-80.23354167,2,1
12,86,11,14,21,4,1,2,1,0,12,2,0,8,0,1,1,3,3,45,1,2,2,1,0,0,2,1,0,0,21,4,21,11,88,88,0,0,0,0,1,7,0,122105,9997,2009,99999,US-441,99999999999999999999,0000000,25.78638333,-80.20688056,1,1
12,21,11,18,15,16,1,1,0,0,6,4,0,41,0,3,4,1,2,55,2,1,2,9,0,0,9,9,0,0,15,17,15,25,88,88,0,0,0,0,1,4,1,122106,0,2009,99999,WEATHERED STONE DR,BROKEN BACK RD,0000000,26.28056944,-81.68945833,1,9
12,39,11,19,20,4,1,2,0,0,14,2,0,27,0,1,3,2,2,65,2,2,2,1,28,3,2,1,0,0,20,6,20,10,99,99,0,0,0,0,1,5,1,122107,0,2009,99999,US-90,99999999999999999999,0000000,30.55455278,-84.52435278,1,1
12,57,11,19,12,58,2,2,0,0,13,3,0,12,7,3,1,3,3,50,1,1,2,1,28,3,1,1,0,0,99,99,99,99,99,99,0,0,0,0,1,5,0,122108,0,2009,99999,SR-574,BISMARCK PALM DR,0000000,27.98125278,-82.338525,2,1
12,39,11,20,22,42,1,1,0,0,6,4,0,42,0,1,4,1,2,55,2,2,2,1,28,3,2,1,0,0,22,44,22,50,99,99,0,0,0,0,1,6,1,122109,0,2009,99999,CR-65,99999999999999999999,0000000,30.67372222,-84.54219722,1,1
12,99,11,21,17,42,1,2,1,0,13,2,0,8,0,1,1,2,2,45,1,1,2,1,0,0,5,1,0,0,17,42,17,47,99,99,0,0,0,0,1,7,0,122110,0,2009,99999,US-1,99999999999999999999,0000000,26.85374722,-80.057975,1,1
12,97,11,21,21,31,1,1,0,1,1,1,0,1,0,5,2,6,1,55,2,1,2,1,0,0,3,1,0,0,21,36,21,44,88,88,0,0,0,0,1,7,1,122111,0,2009,99999,I-4,OSCEOLA PKWY,0000000,28.34417778,-81.53434722,1,1
12,89,11,22,3,23,2,4,0,0,3,2,0,12,2,1,1,1,2,60,2,1,2,2,0,0,2,2,0,0,3,31,3,36,99,99,0,0,0,0,1,1,0,122112,9997,2009,99999,US-90,99999999999999999999,0000000,30.30275278,-82.02402222,2,2
12,17,11,22,2,37,1,1,0,0,6,4,0,1,0,1,1,1,2,45,2,1,2,1,0,0,2,1,0,0,2,39,2,52,88,88,0,0,0,0,1,1,1,122113,0,2009,99999,CR-581,99999999999999999999,0000000,28.89889167,-82.28746389,1,1
12,131,11,24,13,15,2,2,0,1,2,2,0,27,0,1,4,1,2,55,1,2,2,1,0,0,1,1,0,0,13,18,13,21,99,99,0,0,0,0,1,3,0,122114,0,2009,99999,US-331,99999999999999999999,0000000,30.64683889,-86.11400833,1,1