STATE,COUNTY,MONTH,DAY,HOUR,MINUTE,VE_TOTAL,PERSONS,PEDS,NHS,ROAD_FNC,ROUTE,SP_JUR,HARM_EV,MAN_COLL,REL_JUNC,REL_ROAD,TRAF_FLO,NO_LANES,SP_LIMIT,ALIGNMNT,PROFILE,PAVE_TYP,SUR_COND,TRA_CONT,T_CONT_F,LGT_COND,WEATHER1,WEATHER2,WRK_ZONE,NOT_HOUR,NOT_MIN,ARR_HOUR,ARR_MIN,HOSP_HR,HOSP_MN,SCH_BUS,CF1,CF2,CF3,FATALS,DAY_WEEK,DRUNK_DR,ST_CASE,CITY,YEAR,MILEPT,TWAY_ID,TWAY_ID2,RAIL,LATITUDE,LONGITUD,VE_FORMS,WEATHER
12,86,11,25,20,30,1,2,1,0,13,3,0,8,0,2,1,2,3,45,1,1,2,2,20,3,3,2,0,0,20,32,20,35,88,88,0,0,0,0,1,4,0,122115,9997,2009,99999,SR-817,NW 159 ST,0000000,25.91909722,-80.24449722,1,2
12,117,11,26,1,20,1,2,0,0,6,4,0,41,0,1,4,1,2,35,1,2,2,1,28,3,3,1,0,0,1,23,1,27,99,99,0,0,0,0,2,5,1,122116,0,2009,99999,WEKIVA SPRINGS ROAD,99999999999999999999,0000000,28.70683889,-81.44115278,1,1
12,11,11,27,23,4,2,5,0,1,11,1,0,12,1,1,1,2,3,70,1,1,2,1,28,3,2,1,0,0,23,4,23,13,88,88,0,0,0,0,1,6,0,122117,3193,2009,99999,I-75,99999999999999999999,0000000,26.13346944,-80.39323333,2,1
12,1,11,27,10,35,2,3,0,1,11,1,0,12,1,1,1,2,3,70,1,2,2,1,28,3,1,1,0,0,10,38,10,46,99,99,0,0,0,0,1,6,0,122118,0,2009,99999,I-75,99999999999999999999,0000000,29.65503333,-82.415175,2,1
12,115,11,28,19,25,2,2,0,0,13,2,0,12,5,2,1,2,2,50,1,1,2,1,3,3,3,1,0,0,19,29,19,33,88,88,0,0,0,0,1,7,0,122119,0,2009,99999,US-301,MYRTLE STREET,0000000,27.36711944,-82.53071111,2,1
12,87,11,28,21,23,3,6,0,1,13,2,0,12,4,2,1,1,4,35,1,1,2,1,28,3,3,1,0,0,21,30,21,35,99,99,0,0,0,0,2,7,1,122120,1925,2009,99999,US-1,23RD STREET,0000000,24.70913889,-81.10221111,3,1
12,61,11,28,17,13,1,4,0,1,2,3,0,24,0,1,4,2,2,70,1,1,2,1,0,0,1,1,0,4,17,19,17,55,99,99,0,0,0,0,1,7,0,122121,0,2009,99999,SR-91,99999999999999999999,0000000,27.69603056,-80.89529444,1,1
12,95,11,29,1,37,2,4,0,0,6,4,0,12,2,2,1,1,2,45,1,1,2,1,28,3,3,1,0,0,1,37,1,43,99,99,0,0,0,0,1,1,0,122122,0,2009,99999,N CHICKASAW TRAIL,SUN SPRINGS CIR,0000000,28.55662222,-81.277725,2,1
12,13,11,29,12,35,2,3,0,0,3,3,0,12,5,2,1,1,2,55,2,1,2,1,28,3,1,1,0,0,12,39,12,44,99,99,0,0,0,0,1,1,0,122123,0,2009,99999,SR-71,CR-275 N,0000000,30.52959722,-85.13276667,2,1
12,21,11,30,6,6,1,1,0,0,6,4,0,42,0,1,3,2,3,45,1,1,2,1,0,0,3,1,0,0,6,8,6,13,99,99,0,0,0,0,1,2,1,122124,0,2009,99999,CR-31,99999999999999999999,0000000,26.20460833,-81.76824722,1,1
12,111,12,1,0,25,2,5,0,1,11,1,0,12,1,1,1,2,3,70,1,2,2,1,28,3,3,1,0,4,99,99,99,99,99,99,0,0,0,0,1,3,1,122125,0,2009,99999,I-95,99999999999999999999,0000000,27.41435,-80.38860278,2,1
12,15,12,1,16,56,1,2,1,0,13,2,0,8,0,1,1,2,2,45,1,1,2,1,28,3,1,1,0,0,16,57,17,2,99,99,0,0,0,0,1,3,0,122126,0,2009,99999,US-41,99999999999999999999,0000000,27.017,-82.15456944,1,1
12,95,12,1,18,10,1,1,0,0,2,3,0,43,0,1,3,2,2,65,1,1,2,1,28,3,2,1,0,0,18,11,18,20,88,88,0,0,0,0,1,3,1,122128,0,2009,99999,SR-520,99999999999999999999,0000000,28.49252778,-81.04288611,1,1
12,87,12,2,17,0,1,1,0,0,16,6,0,42,0,1,4,1,2,15,1,1,2,1,0,0,5,1,0,0,99,99,99,99,99,99,0,0,0,0,1,4,1,122129,0,2009,99999,CR-931,99999999999999999999,0000000,24.71256944,-81.08946667,1,1
12,119,12,4,13,22,2,2,0,0,2,3,0,12,6,1,1,1,2,60,2,1,2,2,0,0,1,2,0,0,13,24,13,32,99,99,0,0,0,0,1,6,0,122130,0,2009,99999,SR-50,99999999999999999999,0000000,28.55393611,-82.08735556,2,2
12,55,12,4,10,30,2,8,0,1,13,2,0,12,5,2,1,2,3,55,1,1,2,2,3,3,1,2,0,0,10,33,10,34,99,99,0,0,0,0,1,6,0,122131,0,2009,99999,US-27,SUN N LAKES BLVD,0000000,27.53955833,-81.50419444,2,2
12,97,12,5,6,20,1,1,0,0,6,4,0,1,0,1,1,1,2,55,1,1,2,2,0,0,4,1,0,0,6,23,6,31,99,99,0,0,0,0,1,7,0,122132,0,2009,99999,PONCIANA BLVD,99999999999999999999,0000000,28.27093611,-81.48063889,1,1
12,95,12,5,14,20,1,5,0,9,99,9,0,38,0,1,5,1,2,15,2,1,2,1,0,0,1,1,0,0,14,24,14,28,99,99,0,0,0,0,4,7,1,122133,0,2009,99999,7165 CROSSLAND DR,99999999999999999999,0000000,28.38880833,-81.47812778,1,1
12,86,12,5,3,1,2,2,0,1,12,3,0,14,1,1,2,2,3,55,1,1,2,1,28,3,3,1,0,0,99,99,3,5,99,99,0,0,0,0,1,7,1,122134,0,2009,99999,SR-826,99999999999999999999,0000000,25.91483889,-80.32495278,1,1
12,35,12,6,20,0,1,1,0,0,16,6,0,42,0,1,4,1,2,45,2,1,2,1,28,3,2,1,0,0,99,99,99,99,99,99,0,0,0,0,1,1,1,122135,0,2009,99999,PINE LAKES PKWY,99999999999999999999,0000000,29.55784444,-81.256375,1,1
12,57,7,7,8,44,1,2,1,0,13,3,0,8,0,3,1,2,2,45,1,1,2,1,3,3,1,1,0,0,99,99,99,99,99,99,0,0,0,0,1,3,0,122136,0,2009,99999,SR-674,CORTARO DR,0000000,27.71219722,-82.369575,1,1
12,101,9,23,15,10,2,4,0,0,16,6,0,12,3,2,1,1,2,25,1,1,2,1,20,3,1,1,0,0,99,99,99,99,99,99,0,0,0,0,1,4,0,122137,2180,2009,99999,POLK ST,MAIN ST,0000000,28.24978611,-82.70863333,2,1
12,97,12,1,22,36,1,3,0,0,6,4,0,33,0,2,2,1,2,30,1,1,2,1,28,3,3,1,0,0,99,99,22,42,99,99,0,0,0,0,1,3,1,122138,0,2009,99999,STARLINE DR,SKYWIND CT,0000000,28.28409444,-81.23331944,1,1
12,105,10,18,0,40,2,2,0,0,13,2,0,12,5,1,1,2,2,45,2,1,1,1,0,0,3,1,0,0,99,99,99,99,99,99,0,0,0,0,1,1,0,122139,1690,2009,99999,US-92,99999999999999999999,0000000,28.05244722,-81.92986667,2,1
12,71,10,22,12,47,3,4,0,0,3,3,0,12,4,1,1,1,2,60,1,1,2,1,98,3,1,1,0,0,99,99,99,99,99,99,0,14,0,0,1,5,0,122140,0,2009,99999,SR-82,99999999999999999999,0000000,26.55055278,-81.644125,3,1
12,105,10,27,10,40,1,1,0,0,13,6,0,42,0,1,4,1,2,30,2,1,2,1,0,0,1,1,0,0,10,42,10,48,99,99,0,0,0,0,1,3,0,122141,0,2009,99999,HELENA ROAD,KEHOE WAY,0000000,27.98658889,-81.68980278,1,1
12,87,10,31,20,31,2,2,0,0,16,6,0,12,2,4,1,1,2,30,1,1,2,1,0,0,3,1,0,0,20,33,20,36,99,99,0,0,0,0,1,7,0,122142,1580,2009,99999,SIMONTON STREET,AMELIA STREET,0000000,24.55052778,-81.79688333,2,1
12,103,11,4,20,45,1,2,1,1,13,3,0,8,0,2,1,2,3,50,1,1,2,1,3,3,2,1,0,0,99,99,99,99,99,99,0,0,0,0,1,4,0,122143,0,2009,99999,SR-688,38TH STREET NORTH,0000000,27.89379722,-82.68523611,1,1
12,103,11,6,6,42,3,4,0,0,14,3,0,12,5,2,1,2,2,40,1,1,2,1,20,3,1,1,0,0,6,44,6,50,99,99,0,14,0,0,1,6,1,122144,860,2009,99999,SR-586,FISHER RD,0000000,28.04425833,-82.74275,3,1
12,101,11,8,3,15,1,2,0,0,6,3,0,27,0,1,4,1,2,55,1,1,2,1,28,3,3,1,0,0,99,99,99,99,99,99,0,0,0,0,1,1,0,122145,0,2009,99999,SR-54,99999999999999999999,0000000,28.22230833,-82.38354444,1,1
12,86,11,12,22,18,2,4,0,0,16,6,0,39,0,1,4,1,2,30,1,1,2,1,0,0,3,1,0,0,22,18,22,25,88,88,0,0,0,0,1,5,0,122146,1340,2009,99999,1700 BLOCK,99999999999999999999,0000000,25.86071389,-80.29297222,1,1
12,105,11,13,19,22,2,2,0,0,14,3,0,12,4,1,1,1,2,50,1,1,2,1,28,3,2,1,0,0,19,24,19,34,88,88,0,0,0,0,1,6,0,122147,0,2009,99999,SR-542,99999999999999999999,0000000,28.022525,-81.68295278,2,1
12,99,11,14,17,47,1,6,1,0,16,6,0,9,0,2,1,3,2,35,1,1,2,1,3,3,3,1,0,0,99,99,18,16,99,99,0,0,0,0,1,7,0,122148,290,2009,99999,N DIXIE HWY,SPANISH RIVER BLVD,0000000,26.38603611,-80.08156667,1,1
12,17,11,15,22,35,1,1,0,0,6,4,0,53,0,1,4,1,2,30,2,1,2,1,28,3,2,1,0,0,22,39,22,49,99,99,0,0,0,0,1,1,0,122149,0,2009,99999,W VILLAGE DR,99999999999999999999,0000000,28.78443611,-82.55038611,1,1
12,103,11,17,9,44,1,2,1,0,16,6,0,9,0,2,1,1,2,25,1,1,2,1,20,3,1,1,0,0,9,44,9,47,99,99,0,0,0,0,1,3,0,122151,570,2009,99999,MLK BLVD,LA SALLE ST,0000000,27.97786944,-82.791875,1,1
12,127,11,19,3,40,1,2,0,0,16,6,0,24,0,5,4,6,1,15,1,1,2,1,0,0,3,1,0,0,3,46,3,47,99,99,0,0,0,0,1,5,0,122152,2375,2009,99999,RIVERSIDE DR,FLUHART DR,0000000,29.27963333,-81.04276389,1,1
12,101,11,20,9,32,2,3,0,0,2,3,0,12,7,1,1,2,2,45,1,1,2,1,28,3,1,1,0,0,9,32,9,48,99,99,0,0,0,0,1,6,0,122153,0,2009,99999,SR-52,99999999999999999999,0000000,28.25992778,-81.54684722,2,1
12,103,11,21,4,50,1,2,1,0,16,6,0,9,0,1,1,2,3,45,1,1,2,1,0,0,2,5,0,0,99,99,99,99,88,88,0,0,0,0,1,7,0,122154,2530,2009,99999,CR-501,99999999999999999999,0000000,27.87856667,-82.74575278,1,5
12,75,11,23,7,40,1,1,0,0,3,3,0,42,0,1,4,1,2,55,1,1,2,1,28,3,1,5,0,0,99,99,99,99,99,99,0,0,0,0,1,2,0,122155,0,2009,99999,SR-24,99999999999999999999,0000000,29.49066389,-82.59033889,1,5
12,57,11,26,20,0,2,4,0,0,16,6,0,12,5,2,1,1,2,30,1,1,2,1,20,3,3,1,0,0,20,6,20,9,99,99,0,0,0,0,1,5,0,122157,2950,2009,99999,34TH ST,ELLICOTT ST,0000000,27.99063889,-82.42243611,2,1
12,99,11,26,18,37,1,2,1,0,15,6,0,8,0,1,1,2,4,40,1,1,2,1,0,0,3,1,0,0,18,39,18,45,88,88,0,0,0,0,1,5,0,122158,330,2009,99999,SEACREST BLVD,99999999999999999999,0000000,26.52261389,-80.06403889,1,1
12,103,11,26,13,36,3,1,0,0,16,6,0,33,0,1,4,2,3,40,1,1,2,1,28,3,1,1,0,0,13,38,13,43,88,88,0,0,0,0,1,5,1,122159,2530,2009,99999,49TH ST N,99999999999999999999,0000000,27.83676944,-82.70003056,1,1
12,31,11,29,20,15,2,7,0,0,13,2,1,12,2,2,1,2,3,55,1,1,2,1,3,3,3,1,0,0,20,18,20,23,99,99,0,0,0,0,2,1,0,122160,1510,2009,99999,US-1,I-95,0000000,30.18468333,-81.558225,2,1
12,69,11,30,15,42,2,2,0,0,6,4,0,12,2,1,1,1,2,50,2,1,2,1,0,0,1,1,0,0,15,42,15,56,99,99,0,0,0,0,1,2,0,122161,0,2009,99999,CR-561,99999999999999999999,0000000,28.68800833,-81.73371111,2,1
12,99,11,30,19,36,1,2,1,0,13,3,0,8,0,8,1,2,3,45,1,1,2,1,0,0,3,1,0,0,19,43,19,47,99,99,0,0,0,0,1,2,0,122162,0,2009,99999,SR-806,COCONUT KEY LANE,0000000,26.45791389,-80.12789444,1,1
12,11,12,2,16,27,1,2,1,0,13,3,0,9,0,3,1,2,3,35,1,1,3,1,3,3,1,1,0,0,16,28,16,30,99,99,0,0,0,0,1,4,0,122163,1050,2009,99999,SR-870,NE 18TH AVE,0000000,26.18915556,-80.12268056,1,1
12,1,12,3,9,20,2,2,0,1,2,3,0,12,8,1,1,1,2,60,1,1,2,1,0,0,1,1,0,0,9,25,9,32,88,88,0,0,0,0,1,5,0,122164,2170,2009,99999,SR-26,99999999999999999999,0000000,29.64326111,-82.65605,2,1
12,71,12,4,18,50,1,3,1,0,6,4,0,8,0,3,2,1,2,45,1,1,2,2,0,0,2,2,0,0,18,51,19,0,99,99,0,0,0,0,1,6,0,122165,0,2009,99999,SLATER ROAD,POLING LANE,0000000,26.72373333,-81.852675,1,2
12,95,12,5,2,36,1,2,1,0,6,4,0,8,0,1,1,2,3,45,1,1,2,2,28,3,3,2,0,0,2,38,2,45,88,88,0,0,0,0,1,7,0,122166,0,2009,99999,UNIVERSITY BLVD,99999999999999999999,0000000,28.59765278,-81.23026389,1,2
12,39,12,6,4,38,1,1,0,0,6,4,0,34,0,1,4,1,2,45,1,1,2,1,28,3,2,1,0,0,4,41,4,51,88,88,0,0,0,0,1,1,1,122167,0,2009,99999,CR-379,99999999999999999999,0000000,30.66466944,-84.69156944,1,1
12,19,12,6,17,15,2,2,0,0,13,3,0,12,5,2,1,2,2,55,1,1,2,1,20,3,5,1,0,0,17,17,17,23,99,99,0,0,0,0,1,1,0,122168,0,2009,9999,SR-21,CR-215,0000000,30.03826944,-81.89698611,2,1
12,1,12,7,21,57,1,2,1,0,13,3,0,8,0,1,1,2,3,45,1,1,2,1,0,0,3,1,0,0,21,58,22,0,99,99,0,0,0,0,1,2,0,122169,1130,2009,99999,SR-24,99999999999999999999,0000000,29.62011111,-82.38101389,1,1
12,97,12,7,19,49,1,3,2,0,13,2,0,15,0,2,1,2,2,55,1,1,2,1,28,3,2,1,0,0,19,53,19,57,99,99,0,0,0,0,1,2,0,122170,0,2009,99999,US-192,AMBER POINTE BLVD,0000000,28.27981667,-81.344725,1,1
12,17,12,7,0,45,1,2,0,0,6,4,0,43,0,2,4,1,2,35,1,2,2,1,20,3,3,1,0,0,0,46,0,52,99,99,0,0,0,0,1,2,1,122171,0,2009,99999,E ARBOR ST,CR-581,0000000,28.79657778,-82.35286667,1,1
12,81,12,7,18,29,1,3,1,0,13,2,0,15,0,8,11,5,6,45,1,1,2,1,0,0,2,1,0,0,18,30,18,33,88,88,0,0,0,0,1,2,0,122172,0,2009,99999,US-41,66TH AVE,0000000,27.42611111,-82.57551667,1,1
12,99,12,7,18,40,3,3,0,0,15,4,0,13,2,1,1,2,2,40,1,1,2,1,0,0,2,1,0,0,18,41,18,47,99,99,0,0,0,0,1,2,0,122173,0,2009,99999,1700 LYONS RD,99999999999999999999,0000000,26.65380556,-80.18185,3,1
12,11,12,8,14,51,2,2,0,1,11,1,0,14,1,1,2,3,4,65,1,1,2,1,0,0,1,1,0,0,14,51,15,3,88,88,0,0,0,0,1,3,0,122174,1050,2009,99999,I-95,99999999999999999999,0000000,26.08738056,-80.16853056,1,1
12,117,12,8,23,20,1,1,0,0,6,4,0,42,0,1,4,2,2,30,1,1,2,1,0,0,3,1,0,0,1,14,1,37,99,99,0,0,0,0,1,3,1,122175,0,2009,99999,CASA VERDE BLVD,99999999999999999999,0000000,28.78480278,-81.30541944,1,1
12,87,12,8,19,0,1,4,1,1,13,2,0,8,0,3,1,2,2,45,2,1,2,1,28,3,2,1,0,0,19,7,19,11,99,99,0,0,0,0,1,3,0,122176,0,2009,99999,US-1,SACARMA DR,0000000,24.66650833,-81.49785833,1,1
12,21,12,8,20,45,1,2,1,9,99,9,0,8,0,1,1,1,2,5,1,1,2,1,0,0,3,1,0,0,20,51,20,57,88,88,0,0,0,0,1,3,0,122177,1465,2009,99999,TOWER RENTALS RD,99999999999999999999,0000000,26.39832778,-81.41744722,1,1
12,81,12,8,10,50,2,2,0,1,2,3,0,12,5,2,1,1,2,60,2,1,2,1,20,3,1,1,0,0,10,53,10,56,99,99,0,0,0,0,1,3,0,122178,0,2009,99999,SR-70,POST BLVD,0000000,27.43168056,-82.38471389,2,1
12,95,12,9,22,50,1,2,1,0,13,2,0,8,0,1,1,3,2,55,1,1,2,1,28,3,2,1,0,0,22,54,22,55,88,88,0,0,0,0,1,4,0,122179,0,2009,99999,US-441,99999999999999999999,0000000,28.74873611,-81.61991944,1,1
12,21,12,10,1,14,2,5,0,0,6,4,0,12,4,2,1,1,2,45,1,1,2,1,20,3,2,1,0,0,1,15,1,23,99,99,0,0,0,0,1,5,0,122180,0,2009,99999,GOLDEN GATE BLVD,10TH ST SE,0000000,26.23014444,-81.586425,2,1
12,127,10,24,13,26,2,4,0,0,16,6,0,12,5,2,1,2,2,45,1,1,2,1,28,3,1,1,0,0,13,27,13,36,99,99,0,0,0,0,2,7,0,122181,780,2009,99999,CLYDE MORRIS BLVD,STRICKLAND RANGE RD,0000000,29.2371,-81.09094167,2,1
12,61,11,9,12,53,2,4,0,0,15,6,0,12,5,2,1,1,2,30,1,1,2,1,20,3,1,1,0,0,99,99,99,99,99,99,0,0,0,0,1,2,0,122182,3070,2009,99999,10TH AVENUE,18TH STREET,0000000,27.63430833,-80.39328611,2,1
12,7,12,7,14,15,2,3,0,0,3,3,0,12,5,2,1,1,2,45,1,1,2,2,28,3,1,2,0,0,14,19,14,28,99,99,0,0,0,0,1,2,0,122183,0,2009,99999,SR-100,SE 144TH ST,0000000,29.92732222,-82.10078611,2,2
12,95,12,13,2,12,1,2,0,0,6,4,0,34,0,1,4,1,2,45,1,1,2,1,28,3,3,1,0,0,2,13,2,22,99,99,0,0,0,0,1,1,1,122184,0,2009,99999,APOPKA RD,99999999999999999999,0000000,28.64571667,-81.46848333,1,1
12,103,10,3,11,47,1,2,0,1,11,1,0,24,0,5,2,6,2,35,2,2,1,1,28,3,1,1,0,0,99,99,99,99,99,99,0,0,0,0,1,7,0,122185,0,2009,99999,I-375,I-275,0000000,27.77716111,-82.65419722,1,1
12,87,11,19,12,24,2,3,0,1,13,2,0,13,3,1,1,1,4,45,1,1,2,1,28,3,1,1,0,0,99,99,99,99,99,99,0,0,0,0,1,5,0,122186,1925,2009,99999,US-1,99999999999999999999,0000000,24.71343611,-81.08723889,2,1
12,11,9,19,4,4,1,2,0,0,13,3,0,33,0,1,4,2,3,40,1,1,2,2,0,0,3,1,0,0,99,99,99,99,99,99,0,0,0,0,1,7,0,122187,1420,2009,99999,SR-822,99999999999999999999,0000000,26.03312778,-80.17534444,1,1
12,95,11,8,21,9,1,2,0,0,16,6,0,33,0,1,4,1,2,45,2,1,2,1,0,0,2,1,0,0,99,99,99,99,99,99,0,0,0,0,1,1,0,122188,70,2009,99999,CR-437,99999999999999999999,0000000,28.64689167,-81.55374722,1,1
12,91,11,18,21,10,2,7,2,0,14,3,0,8,0,2,1,2,2,45,1,1,2,1,0,0,2,1,0,0,21,13,21,15,99,99,0,0,0,0,1,4,0,122189,1091,2009,99999,SR-393,GAP CREEK RD,0000000,30.42761111,-86.6396,2,1
12,11,11,21,10,26,2,4,0,0,13,3,0,13,5,1,1,2,3,45,2,1,2,1,0,0,1,1,0,0,10,26,10,32,99,99,0,0,0,0,1,7,0,122190,2570,2009,99999,SR-845,99999999999999999999,0000000,26.23511111,-80.15537222,2,1
12,57,11,29,18,58,2,4,0,0,6,4,0,12,5,2,1,1,2,40,1,2,2,1,20,3,2,1,0,0,18,59,19,9,99,99,0,0,0,0,3,1,1,122192,0,2009,99999,21ST AVE,30TH ST SE,0000000,27.69482222,-82.39408611,2,1
12,71,11,29,2,20,1,1,0,0,13,2,0,27,0,3,3,2,3,45,1,1,2,1,28,3,2,1,0,0,99,99,99,99,99,99,0,0,0,0,1,1,0,122193,0,2009,99999,US-41,SAN CARLOS BLVD,0000000,26.46110833,-81.82843889,1,1
12,71,12,4,23,50,1,3,1,0,6,4,0,8,0,2,1,2,2,35,1,1,2,2,3,3,2,2,0,2,99,99,99,99,99,99,0,0,0,0,1,6,0,122194,0,2009,99999,CR-869,PARK MEADOWS RD,0000000,26.56700278,-81.884275,1,2
12,86,12,6,23,22,2,3,0,1,2,3,0,5,0,1,1,1,2,45,1,2,2,1,0,0,2,1,0,0,23,23,23,33,88,88,0,0,0,0,1,1,0,122195,0,2009,99999,SR-997,99999999999999999999,0000000,25.682375,-80.47931667,2,1
12,86,12,7,22,43,2,3,0,1,12,3,0,12,1,1,1,2,3,55,1,1,2,1,28,3,3,1,0,0,22,43,22,45,99,99,0,0,0,0,1,2,1,122196,0,2009,99999,SR-826,99999999999999999999,0000000,25.92578333,-80.26398889,2,1
12,87,12,7,20,10,1,2,1,1,13,2,0,8,0,2,1,2,2,45,1,1,2,1,28,3,2,1,0,0,20,13,20,18,99,99,0,0,0,0,1,2,0,122197,1568,2009,99999,US-1,GEORGE ST,0000000,25.13145278,-80.40771111,1,1
12,105,12,11,6,13,2,2,0,1,2,3,0,12,2,1,1,1,2,55,1,1,2,1,28,3,3,1,0,0,6,21,6,37,88,88,0,0,0,0,1,6,0,122198,0,2009,99999,SR-60,99999999999999999999,0000000,27.82626667,-81.33925556,2,1
12,101,12,12,22,42,1,2,1,0,2,3,0,8,0,2,1,2,3,55,2,1,2,1,28,3,3,1,0,0,23,17,23,26,88,88,0,0,0,0,1,7,0,122199,0,2009,99999,SR-52,FAITHFUL WAY,0000000,28.3311,-82.59339167,1,1
12,127,12,12,23,48,2,2,0,0,13,3,0,12,8,1,1,1,2,50,2,1,2,1,28,3,2,1,0,0,23,49,23,55,99,99,0,20,0,0,1,7,2,122200,0,2009,99999,SR-44,99999999999999999999,0000000,29.01504722,-81.24225556,2,1
12,51,12,13,5,28,1,1,0,0,6,4,0,1,0,1,1,1,2,35,1,1,2,1,28,3,2,5,0,0,5,28,5,34,88,88,0,0,0,0,1,1,0,122201,0,2009,99999,AVENIDA DEL SUR,99999999999999999999,0000000,26.63649167,-81.09986667,1,5
12,75,12,13,5,30,1,2,1,0,3,2,0,8,0,1,1,1,2,60,1,2,2,2,28,3,2,1,0,0,5,40,5,51,88,88,0,0,0,0,1,1,0,122202,0,2009,99999,US-41,99999999999999999999,0000000,29.27691111,-82.443875,1,1
12,9,12,14,14,5,2,9,0,0,16,6,0,12,2,8,1,1,2,35,1,1,2,1,0,0,1,1,0,0,14,5,14,8,99,99,0,0,0,0,1,2,1,122203,2005,2009,99999,SYKES CREEK PKWY,LAKEWOOD CIRCLE,0000000,28.37158611,-80.67191111,2,1
12,83,12,14,15,25,1,1,0,0,6,4,0,42,0,1,4,2,1,30,2,2,5,1,0,0,1,1,0,0,15,28,15,35,88,88,0,0,0,0,1,2,1,122204,0,2009,99999,SE 48TH TERR,99999999999999999999,0000000,29.03869444,-82.06767222,1,1
12,103,12,14,11,45,1,2,1,0,13,3,0,9,0,1,1,2,4,50,2,1,2,1,0,0,1,1,0,0,11,49,11,55,99,99,0,0,0,0,1,2,0,122206,0,2009,99999,SR-688,99999999999999999999,0000000,27.89383333,-82.70959167,1,1
12,69,12,12,3,51,2,2,0,1,2,3,0,12,1,1,1,2,2,70,1,1,2,1,0,0,2,1,0,0,3,52,4,5,99,99,0,0,0,0,1,7,1,122207,0,2009,99999,SR-91,99999999999999999999,0000000,28.68870556,-81.86864167,2,1
12,71,12,15,15,25,2,1,0,0,6,4,0,14,1,1,99,2,2,55,1,1,2,1,50,3,1,1,0,1,15,25,15,31,99,99,0,0,0,0,1,3,0,122208,0,2009,99999,CR-867,99999999999999999999,0000000,26.48903333,-81.98858333,1,1
12,71,12,15,6,45,1,1,0,0,6,4,0,42,0,1,4,1,2,55,2,1,2,1,0,0,4,5,0,0,6,49,6,57,88,88,0,0,0,0,1,3,0,122209,0,2009,99999,CR-767,99999999999999999999,0000000,26.55728056,-82.09446667,1,5
12,17,12,16,11,55,1,1,0,0,6,4,0,42,0,1,4,1,2,45,1,1,2,1,0,0,1,1,0,0,11,55,12,5,99,99,0,0,0,0,1,4,0,122210,1445,2009,99999,CR-490,99999999999999999999,0000000,28.81064167,-82.56857778,1,1
12,89,12,16,9,32,1,2,1,0,6,4,0,9,0,8,1,1,2,55,2,1,2,1,0,0,1,1,0,0,9,37,9,46,88,88,0,0,0,0,1,4,0,122211,0,2009,99999,CR-121,DOGWOOD LANE,0000000,30.5933,-82.00009722,1,1
12,95,12,17,20,5,1,2,1,0,13,3,0,8,0,8,1,2,3,50,1,1,2,1,0,0,2,1,0,0,20,5,20,8,99,99,0,0,0,0,1,5,0,122212,0,2009,99999,SR-436,BALDWIN PARK ST,0000000,28.57352222,-81.31104167,1,1
12,9,12,20,18,16,2,3,0,0,13,3,0,12,5,2,1,1,2,35,2,1,2,1,20,3,3,1,0,0,18,16,18,18,99,99,0,0,0,0,1,1,1,122213,2073,2009,99999,SR-46,FOLSOM RD,0000000,28.66392778,-80.848675,2,1
12,17,12,21,1,0,1,1,0,0,6,4,0,42,0,1,4,1,2,30,2,1,2,1,0,0,2,1,0,0,6,37,6,49,88,88,0,0,0,0,1,2,1,122214,564,2009,99999,SANDREE DR,99999999999999999999,0000000,29.00801944,-82.45482778,1,1
12,97,12,15,6,19,2,2,0,1,2,3,0,13,4,1,1,1,2,60,1,1,2,1,28,3,2,1,0,0,6,19,6,22,99,99,0,0,0,0,1,3,0,122216,0,2009,99999,SR-60,99999999999999999999,0000000,27.76839444,-81.10562222,2,1
12,103,10,5,19,21,1,3,1,1,13,2,0,8,0,1,1,2,4,50,1,1,2,1,0,0,3,1,0,0,19,21,19,24,99,99,0,0,0,0,1,2,0,122217,2960,2009,99999,US-19 NORTH,99999999999999999999,0000000,28.14079444,-82.74036389,1,1
12,9,10,29,20,23,1,2,1,0,16,6,0,8,0,1,1,5,4,35,1,1,2,1,0,0,3,1,0,0,20,23,20,27,88,88,0,0,0,0,1,5,0,122218,1990,2009,99999,N WICKHAM ROAD,99999999999999999999,0000000,28.13954444,-80.67175,1,1
12,86,11,9,20,29,1,2,1,0,6,4,0,9,0,1,99,1,2,40,1,1,2,1,0,0,5,1,0,0,20,30,20,34,88,88,0,0,0,0,1,2,0,122219,0,2009,99999,SW 157TH AVE,99999999999999999999,0000000,25.62498889,-80.44695278,1,1
12,69,11,19,7,10,1,4,0,0,6,4,0,42,0,1,4,1,2,35,1,1,5,1,0,0,1,1,0,0,7,13,7,24,99,99,0,0,0,0,1,5,0,122220,0,2009,99999,PAISLEY RD,99999999999999999999,0000000,28.9924,-81.54266111,1,1
12,86,11,22,11,24,2,4,0,0,13,3,0,12,5,2,1,2,2,40,1,1,2,1,20,3,1,1,0,0,11,26,11,30,99,99,0,0,0,0,1,1,0,122221,1340,2009,99999,SR-932,W 3RD AVE,0000000,25.86666667,-80.28883056,2,1