STATE,COUNTY,MONTH,DAY,HOUR,MINUTE,VE_TOTAL,PERSONS,PEDS,NHS,ROAD_FNC,ROUTE,SP_JUR,HARM_EV,MAN_COLL,REL_JUNC,REL_ROAD,TRAF_FLO,NO_LANES,SP_LIMIT,ALIGNMNT,PROFILE,PAVE_TYP,SUR_COND,TRA_CONT,T_CONT_F,LGT_COND,WEATHER1,WEATHER2,WRK_ZONE,NOT_HOUR,NOT_MIN,ARR_HOUR,ARR_MIN,HOSP_HR,HOSP_MN,SCH_BUS,CF1,CF2,CF3,FATALS,DAY_WEEK,DRUNK_DR,ST_CASE,CITY,YEAR,MILEPT,TWAY_ID,TWAY_ID2,RAIL,LATITUDE,LONGITUD,VE_FORMS,WEATHER
12,86,11,24,18,21,1,3,1,0,16,6,0,8,0,1,1,2,2,30,1,1,2,1,0,0,3,1,0,0,99,99,99,99,99,99,0,0,0,0,1,3,0,122222,1340,2009,99999,100 BLOCK W 29TH ST,99999999999999999999,0000000,25.84804444,-80.29016667,1,1
12,86,11,27,18,0,2,3,0,0,6,4,0,12,4,2,1,5,4,40,1,1,2,1,20,3,3,1,0,0,18,2,18,8,99,99,0,0,0,0,1,6,0,122223,0,2009,99999,SW 72 AVENUE,SW 43 STREET,0000000,25.73013889,-80.31089444,2,1
12,86,11,29,19,54,2,2,0,0,6,4,0,12,5,2,1,2,3,40,1,1,2,1,20,3,3,1,0,0,19,54,20,2,88,88,0,0,0,0,1,1,0,122224,0,2009,99999,NW 22ND AVENUE,NW 50TH STREET,0000000,25.82047222,-80.23246667,2,1
12,57,12,3,22,47,1,3,1,0,6,4,0,8,0,2,1,5,5,45,2,2,2,1,0,0,2,1,0,0,22,47,22,52,88,88,0,0,0,0,1,5,0,122225,0,2009,99999,BLOOMINGDALE AVE,PATTERSON RD,0000000,27.89364722,-82.31450833,1,1
12,99,12,6,12,48,1,3,2,0,16,6,0,15,0,2,1,1,2,25,1,2,2,1,20,3,1,1,0,0,12,49,12,54,99,99,0,0,0,0,1,1,0,122226,330,2009,99999,SW 9TH AVE,SW 3RD ST,0000000,26.51932778,-80.070025,1,1
12,115,12,12,18,32,1,1,0,0,16,6,0,30,0,1,4,1,2,30,2,1,2,2,0,0,5,1,0,0,18,44,18,50,88,88,0,0,0,0,1,7,0,122227,2235,2009,99999,LOVERING AVE,99999999999999999999,0000000,27.10013056,-82.19596111,1,1
12,86,12,17,23,50,2,2,0,0,13,3,0,12,1,1,1,2,3,35,1,2,2,1,0,0,3,1,0,0,23,50,23,58,99,99,0,0,0,0,1,5,0,122228,2010,2009,99999,SR-934,99999999999999999999,0000000,25.84788611,-80.172525,2,1
12,103,12,18,6,25,1,2,1,0,13,3,0,8,0,2,1,2,3,45,1,1,2,2,3,3,3,2,0,0,6,29,6,33,99,99,0,0,0,0,1,6,0,122229,2530,2009,99999,SR-693,70TH AVE,0000000,27.83553333,-82.728375,1,2
12,11,12,5,19,35,1,2,1,0,13,2,0,8,0,1,1,2,3,45,1,1,2,1,0,0,3,1,0,0,19,45,19,48,88,88,0,0,0,0,1,7,0,122230,771,2009,99999,US-441,99999999999999999999,0000000,26.08520278,-80.20263056,1,1
12,103,12,9,11,32,2,2,0,0,16,6,0,12,5,1,1,2,3,40,1,1,2,1,28,3,1,1,0,0,99,99,11,38,99,99,0,0,0,0,1,4,0,122231,2530,2009,99999,CR-611,99999999999999999999,0000000,27.86023611,-82.70028889,2,1
12,103,12,12,22,43,2,3,0,1,13,2,0,12,4,3,1,2,3,55,1,1,2,1,3,3,3,1,0,0,99,99,99,99,99,99,0,19,0,0,1,7,0,122232,2530,2009,99999,US-19,MAINLANDS BLVD,0000000,27.85518056,-82.69495556,2,1
12,15,12,15,12,49,1,1,0,0,6,4,0,1,0,1,1,1,2,55,1,1,2,1,28,3,1,1,0,0,12,50,12,56,99,99,0,0,0,0,1,3,0,122233,0,2009,99999,BURNT STORE RD,99999999999999999999,0000000,26.84287222,-82.02151111,1,1
12,83,12,17,12,8,2,2,0,0,6,4,0,12,1,1,1,1,2,45,1,2,2,1,0,0,1,1,0,0,99,99,99,99,99,99,0,0,0,0,1,5,0,122234,0,2009,99999,CR-329,99999999999999999999,0000000,29.33053889,-82.17174722,2,1
12,69,11,11,19,19,2,3,0,0,16,6,0,12,5,2,1,1,2,35,1,2,2,1,28,3,2,1,0,0,99,99,99,99,99,99,0,0,0,0,1,4,0,122235,580,2009,99999,CITRUS TOWER BLVD,MOHAWK ROAD,0000000,28.56483056,-81.73159722,2,1
12,31,12,7,6,0,1,2,1,0,16,6,0,8,0,2,1,1,4,45,1,1,2,1,2,3,3,1,0,0,5,56,6,2,99,99,0,0,0,0,1,2,0,122236,1510,2009,99999,MT PLEASANT ROAD,PLEASANT POINT DRIVE,0000000,30.35881944,-81.47245,1,1
12,105,12,7,22,30,1,4,0,0,6,4,0,31,0,2,4,1,2,35,1,1,2,1,28,3,2,1,0,0,22,35,22,42,88,88,0,0,0,0,1,2,1,122237,880,2009,99999,EAGLE LAKE LOOP RD,STARLING RD,0000000,27.97426944,-81.74762778,1,1
12,105,12,8,14,5,1,3,1,0,6,4,0,8,0,2,1,1,2,40,1,1,2,1,28,3,1,1,0,0,14,9,14,22,99,99,0,0,0,0,1,3,0,122238,0,2009,99999,OLD DIXIE HWY,TAYLOR RD SOUTH,0000000,28.06652778,-81.85850833,1,1
12,1,12,8,13,15,2,2,0,0,13,2,0,12,5,2,1,2,2,60,1,1,2,1,20,3,1,1,0,0,99,99,99,99,99,99,0,0,0,0,1,3,0,122240,1130,2009,99999,US-441,TURKEY SCRATCH RD,0000000,29.73435556,-82.37978333,2,1
12,57,12,19,23,24,3,3,0,0,6,4,0,12,2,1,1,1,2,45,1,1,2,1,0,0,2,1,0,0,23,25,23,30,99,99,0,0,0,0,1,7,2,122241,0,2009,99999,BIG BEND RD,99999999999999999999,0000000,27.79993333,-82.298075,3,1
12,99,12,21,9,45,1,1,0,1,13,2,0,42,0,1,4,2,4,45,2,1,2,1,0,0,1,1,0,0,9,53,9,57,88,88,0,0,0,0,1,2,0,122242,0,2009,99999,US-98,99999999999999999999,0000000,26.67714722,-80.08243611,1,1
12,86,11,2,19,8,1,2,1,0,16,6,0,8,0,1,1,2,2,30,1,1,2,1,0,0,2,1,0,0,99,99,99,99,99,99,0,0,0,0,1,2,0,122243,2040,2009,99999,WESTWARD DR,99999999999999999999,0000000,25.8207,-80.29543611,1,1
12,86,11,4,14,44,2,5,0,0,14,3,0,12,7,3,11,5,4,40,2,1,2,1,0,0,1,1,0,0,14,44,14,49,99,99,0,0,0,0,1,4,0,122244,1566,2009,99999,SR-973,SW 92ND ST,0000000,25.68518333,-80.33525833,2,1
12,86,11,29,21,36,3,6,0,1,13,2,0,12,1,3,1,2,3,40,1,1,2,1,3,3,3,1,0,0,21,36,21,42,99,99,0,0,0,0,1,1,1,122245,1340,2009,99999,US-27,NW 79TH AVE,0000000,25.85588889,-80.325075,3,1
12,86,12,7,18,45,1,2,1,1,11,1,0,8,0,1,1,1,2,55,2,1,1,1,0,0,3,1,0,0,18,50,18,57,88,88,0,0,0,0,1,2,0,122246,0,2009,99999,I-195,99999999999999999999,0000000,25.81168056,-80.19944444,1,1
12,127,12,8,19,46,2,3,0,0,6,4,0,12,5,2,1,1,2,25,1,2,2,1,20,3,1,1,0,0,99,99,99,99,99,99,0,0,0,0,1,3,0,122248,0,2009,99999,FLOMICH ST,CARMEN AVE,0000000,29.24562778,-81.07081944,2,1
12,86,12,9,1,3,1,2,1,1,13,2,0,9,0,1,1,2,2,45,1,1,2,1,0,0,3,1,0,0,1,3,1,6,99,99,0,0,0,0,1,4,0,122249,0,2009,99999,US-1,99999999999999999999,0000000,25.56090556,-80.38680833,1,1
12,101,12,9,16,21,1,2,1,0,6,4,0,9,0,1,1,1,2,40,1,1,2,1,28,3,1,1,0,0,16,23,16,30,99,99,0,0,0,0,1,4,0,122250,0,2009,99999,HICKS RD,99999999999999999999,0000000,28.35409444,-82.64975,1,1
12,31,12,10,23,20,1,1,0,0,16,6,0,1,0,1,1,1,2,30,1,1,2,1,0,0,3,1,0,0,99,99,99,99,99,99,0,0,0,0,1,5,0,122251,1510,2009,99999,HYDE GROVE AVE,99999999999999999999,0000000,30.28451944,-81.76536111,1,1
12,95,12,13,0,50,1,1,0,0,6,4,0,42,0,2,2,1,2,25,1,1,2,1,28,3,2,1,0,0,0,54,0,59,88,88,0,0,0,0,1,1,1,122252,0,2009,99999,CHIPOLA CT,DOSS AVE,0000000,28.46898333,-81.39260833,1,1
12,111,12,13,20,45,1,4,0,1,2,3,0,1,0,1,2,1,2,45,1,1,2,1,28,3,2,1,0,4,99,99,99,99,99,99,0,0,0,0,1,1,0,122253,0,2009,99999,SR-70,99999999999999999999,0000000,27.37751111,-80.48053889,1,1
12,101,12,14,15,15,2,2,0,1,13,2,0,12,5,2,1,2,3,45,1,1,2,1,20,3,1,1,0,0,99,99,99,99,99,99,0,0,0,0,1,2,0,122254,0,2009,99999,US-19,STAHL DR,0000000,28.35585556,-82.69854444,2,1
12,113,12,15,21,35,2,2,0,1,13,2,0,33,0,1,4,2,2,45,1,1,2,2,28,3,2,1,0,0,21,36,21,41,99,99,0,0,0,0,1,3,1,122255,0,2009,99999,US-98,99999999999999999999,0000000,30.40518056,-86.85121111,2,1
12,21,12,17,14,5,1,1,0,1,1,1,0,1,0,1,3,2,2,70,1,1,2,1,0,0,1,1,0,0,14,5,14,8,88,88,0,0,0,0,1,5,0,122256,0,2009,99999,I-75,99999999999999999999,0000000,26.17300278,-80.88315,1,1
12,91,12,17,19,49,1,2,0,0,6,4,0,5,0,1,1,1,2,35,1,2,2,2,28,3,3,2,0,0,19,50,20,5,99,99,0,0,0,0,1,5,1,122257,0,2009,99999,WOODBINE CIR,99999999999999999999,0000000,30.42611111,-86.64686111,1,2
12,133,12,18,17,10,1,2,1,0,3,2,0,8,0,4,1,1,2,55,1,1,2,1,28,3,2,1,0,0,17,15,17,18,88,88,0,0,0,0,1,6,0,122258,0,2009,99999,US-90,HOLDERBY LN,0000000,30.78169722,-85.51435556,1,1
12,13,12,18,21,35,1,2,1,0,4,3,0,8,0,1,1,1,2,55,1,1,2,1,28,3,2,1,0,0,21,38,21,44,88,88,0,0,0,0,1,6,0,122259,0,2009,99999,SR-69,99999999999999999999,0000000,30.503425,-85.03864722,1,1
12,101,12,18,19,37,4,11,0,0,13,3,0,12,1,2,1,2,3,45,1,1,2,2,3,3,3,2,0,0,19,38,19,45,99,99,0,0,0,0,1,6,1,122260,0,2009,99999,SR-54,SEVEN SPRINGS BLVD,0000000,28.21720833,-82.69291944,4,2
12,83,12,18,22,45,1,1,0,0,6,4,0,30,0,2,4,1,2,45,2,1,2,2,0,0,2,2,0,0,22,51,22,58,88,88,0,0,0,0,1,6,1,122261,0,2009,99999,CR-329,NW 125TH ST RD,0000000,29.33049722,-82.20485833,1,2
12,57,12,19,16,47,2,5,0,0,13,3,0,12,5,8,1,2,2,45,1,1,2,1,0,0,1,1,0,0,16,47,16,54,99,99,0,0,0,0,1,7,1,122262,0,2009,99999,SR-582,WILLIAMS RD,0000000,28.05438611,-82.33444444,2,1
12,33,12,20,18,4,1,2,1,0,13,3,0,8,0,1,1,1,2,35,1,1,2,1,0,0,2,1,0,0,18,4,18,11,99,99,0,0,0,0,1,1,0,122263,0,2009,99999,SR-298,99999999999999999999,0000000,30.42471111,-87.29516389,1,1
12,71,12,20,19,40,2,4,0,0,13,2,0,12,5,2,1,2,2,55,1,1,2,1,3,3,3,1,0,0,19,45,19,47,99,99,0,0,0,0,1,1,0,122264,0,2009,99999,US-41,STOCKTON ST,0000000,26.68714444,-81.90127222,2,1
12,95,12,20,23,16,1,2,1,0,13,3,0,8,0,1,1,2,2,45,1,1,2,1,0,0,2,1,0,0,23,17,23,21,88,88,0,0,0,0,1,1,0,122265,0,2009,99999,SR-50,99999999999999999999,0000000,28.56818333,-81.21959167,1,1
12,101,12,20,12,7,1,1,0,0,6,4,0,1,0,1,1,1,2,55,2,1,2,1,0,0,1,1,0,0,12,7,12,9,88,88,0,0,0,0,1,1,0,122266,0,2009,99999,BLANTON RD,99999999999999999999,0000000,28.41299444,-82.24054167,1,1
12,71,12,21,19,45,1,3,0,1,11,1,0,24,0,1,3,3,2,70,1,1,2,1,0,0,2,1,0,0,19,47,19,51,99,99,0,0,0,0,1,2,0,122267,0,2009,99999,I-75,99999999999999999999,0000000,26.66937778,-81.79991944,1,1
12,95,12,21,1,48,1,1,0,0,13,3,0,34,0,3,4,2,2,45,1,1,2,1,20,3,3,1,0,1,1,49,1,54,88,88,0,0,0,0,1,2,1,122268,0,2009,99999,SR-50,OLD CHENEY HWY,0000000,28.56232778,-81.30366944,1,1
12,99,12,21,18,49,6,7,0,1,11,1,0,12,7,2,1,3,5,65,1,2,2,1,98,3,3,1,0,0,99,99,99,99,99,99,0,0,0,0,1,2,0,122269,1760,2009,99999,I-95,CR-812,0000000,26.58747778,-80.06893889,6,1
12,35,12,22,4,0,2,3,0,1,11,1,0,12,1,1,1,3,3,70,1,1,2,1,28,3,2,1,0,0,4,6,4,16,88,88,0,0,0,0,1,3,0,122270,2439,2009,99999,I-95,99999999999999999999,0000000,29.30028333,-81.13115833,2,1
12,71,12,22,18,58,1,4,1,0,14,3,0,8,0,1,1,5,2,45,1,1,2,1,0,0,2,1,0,0,19,0,19,5,99,99,0,0,0,0,1,3,0,122271,0,2009,99999,SR-865,99999999999999999999,0000000,26.49033333,-81.94320278,1,1
12,121,12,22,2,15,1,2,0,0,6,4,0,42,0,1,4,1,2,25,2,1,5,1,0,0,2,1,0,0,2,55,3,23,99,99,0,0,0,0,1,3,1,122272,0,2009,99999,89TH ROAD,99999999999999999999,0000000,30.23964167,-82.92543889,1,1
12,127,12,23,23,5,1,1,0,0,6,4,0,1,0,1,2,1,2,30,1,2,2,1,28,3,2,1,0,0,23,7,23,14,88,88,0,0,0,0,1,4,1,122273,0,2009,99999,MARLIN DRIVE,99999999999999999999,0000000,29.36778056,-81.08137778,1,1
12,53,12,23,99,99,1,3,2,0,6,4,0,8,0,1,1,1,2,30,1,2,2,1,28,3,3,1,0,0,18,56,18,57,99,99,0,0,0,0,1,4,0,122274,0,2009,99999,CORONADO DR,99999999999999999999,0000000,28.46897222,-82.49567778,1,1
12,133,12,23,22,22,2,1,0,1,1,1,0,14,1,1,2,2,2,70,2,2,2,1,28,3,2,1,0,0,99,99,99,99,99,99,0,0,0,0,1,4,0,122275,0,2009,99999,I-10,99999999999999999999,0000000,30.76080278,-85.79602222,1,1
12,13,12,23,23,15,1,1,0,0,6,4,0,42,0,1,4,1,2,55,1,1,2,1,28,3,2,1,0,0,23,45,0,7,88,88,0,0,0,0,1,4,1,122276,0,2009,99999,CR-167,99999999999999999999,0000000,30.53141944,-85.37462778,1,1
12,11,12,24,0,33,2,3,0,0,14,6,0,12,4,2,1,2,2,40,1,1,2,1,3,3,3,1,0,0,0,33,0,38,99,99,0,0,0,0,2,5,0,122277,1927,2009,99999,SOUTHGATE BLVD,ROCK ISLAND RD,0000000,26.22809167,-80.221,2,1
12,97,12,24,11,30,2,2,0,0,6,4,0,12,2,1,1,1,2,55,2,1,2,1,28,3,1,1,0,0,11,33,11,40,99,99,0,0,0,0,1,5,0,122278,0,2009,99999,OSCEOLA PKWY,99999999999999999999,0000000,28.34085,-81.51617222,2,1
12,121,12,24,16,15,1,1,0,0,6,4,0,1,0,1,4,1,2,55,1,2,2,1,28,3,1,1,0,0,16,20,16,34,88,88,0,0,0,0,1,5,1,122279,0,2009,99999,CR-136,99999999999999999999,0000000,30.27426111,-83.21712222,1,1
12,86,12,25,0,49,1,2,0,1,1,1,0,1,0,5,2,6,1,60,1,2,2,1,28,3,3,1,0,0,0,49,0,55,99,99,0,0,0,0,1,6,0,122280,0,2009,99999,I-FLORIDAS,SOUTHWEST 8TH ST,0000000,25.75805833,-80.38513333,1,1
12,97,12,25,0,50,2,5,0,0,6,4,0,12,4,2,1,2,2,45,1,1,2,1,3,3,3,1,0,0,0,51,0,52,99,99,0,0,0,0,1,6,0,122281,0,2009,99999,MARIGOLD AVE,KOA ST,0000000,28.15748611,-81.47087778,2,1
12,101,12,25,14,53,2,3,0,0,6,4,0,12,4,2,1,2,3,45,2,1,2,1,28,3,1,1,0,0,14,54,15,2,99,99,0,0,0,0,1,6,0,122282,0,2009,99999,CR-1,GROVE DR,0000000,28.30239722,-82.66860833,2,1
12,57,12,25,14,33,2,9,0,0,13,2,0,12,5,8,1,1,2,45,1,1,2,2,28,3,1,1,0,0,14,34,14,39,99,99,0,0,0,0,1,6,0,122283,0,2009,99999,US-92,BRANCH FORBES RD,0000000,28.02095833,-82.18772778,2,1
12,15,12,25,6,35,1,4,0,1,1,1,0,42,0,1,4,2,2,70,1,2,2,1,28,3,2,1,0,0,6,41,6,51,99,99,0,0,0,0,3,6,1,122284,0,2009,99999,I-75,99999999999999999999,0000000,26.86511944,-81.97300556,1,1
12,95,12,26,18,48,1,3,1,0,13,3,0,8,0,1,1,3,2,55,1,1,2,1,28,3,2,1,0,0,18,49,18,54,99,99,0,0,0,0,1,7,0,122285,0,2009,99999,SR-50,99999999999999999999,0000000,28.56546944,-81.16131667,1,1
12,83,12,27,2,56,1,3,0,0,2,2,0,1,0,2,2,1,2,60,2,1,2,1,28,3,2,1,0,0,3,1,3,12,99,99,0,0,0,0,2,1,1,122286,0,2009,99999,US-41,NW 13TH ST,0000000,29.19971111,-82.43739444,1,1
12,21,12,28,11,15,4,4,0,0,3,3,0,12,1,1,1,2,2,45,1,1,2,1,0,0,1,1,0,0,11,16,11,21,88,88,0,0,0,0,1,2,0,122287,0,2009,99999,SR-951,99999999999999999999,0000000,25.99910833,-81.70171111,4,1
12,71,12,28,11,30,1,2,1,9,99,2,0,8,0,1,1,1,2,10,2,1,2,1,0,0,1,1,0,0,11,36,11,39,99,99,0,0,0,0,1,2,0,122288,0,2009,99999,US-41,99999999999999999999,0000000,26.53911944,-81.87125556,1,1
12,57,12,29,18,24,1,6,1,0,13,3,0,8,0,1,1,2,3,45,1,1,2,1,0,0,2,1,0,0,99,99,99,99,99,99,0,0,0,0,1,3,0,122289,0,2009,99999,SR-574,99999999999999999999,0000000,27.98148889,-82.30896389,1,1
12,5,12,31,20,20,1,5,1,0,14,3,0,8,0,2,1,1,2,35,1,1,2,1,20,3,2,1,0,0,20,21,20,30,88,88,0,0,0,0,1,5,0,122291,0,2009,99999,SR-30,2ND ST,0000000,30.24983889,-85.94722778,1,1
12,109,12,31,21,10,1,2,0,1,3,3,0,1,0,1,1,2,2,65,2,1,2,1,0,0,2,1,0,0,21,13,21,22,99,99,0,0,0,0,1,5,1,122292,0,2009,99999,SR-207,99999999999999999999,0000000,29.77691111,-81.43507222,1,1
12,93,10,16,5,50,2,2,0,0,13,2,0,12,8,1,1,1,2,45,1,1,2,1,0,0,2,1,0,0,99,99,99,99,99,99,0,0,0,0,1,6,0,122293,0,2009,99999,US-98,99999999999999999999,0000000,27.29512778,-80.89065,2,1
12,11,10,23,11,42,1,1,0,0,13,3,0,27,0,2,2,2,3,45,1,1,2,1,3,3,1,1,0,0,99,99,99,99,99,99,0,0,0,0,1,6,0,122294,633,2009,99999,SR-7,SR-810,0000000,26.31746944,-80.20244722,1,1
12,31,11,6,19,13,1,2,1,0,16,6,0,8,0,1,1,5,4,45,1,1,2,1,0,0,3,1,0,0,99,99,99,99,99,99,0,0,0,0,1,6,0,122295,1510,2009,99999,MONCRIEF RD,99999999999999999999,0000000,30.38495278,-81.70987778,1,1
12,86,12,3,12,18,2,2,0,0,14,3,0,12,1,3,1,2,3,40,1,1,2,1,3,3,1,1,0,0,12,20,12,24,88,88,0,0,0,0,1,5,0,122296,0,2009,99999,SR-969,NW 72ND AVE,0000000,25.78257222,-80.3177,2,1
12,31,12,7,15,33,1,2,1,0,13,2,0,8,0,2,1,1,4,30,1,1,2,1,3,3,1,1,0,0,99,99,99,99,99,99,0,0,0,0,1,2,0,122297,1510,2009,99999,US-17,N PEARL STREET,0000000,30.33258889,-81.66149444,1,1
12,86,12,9,21,15,2,3,1,0,6,4,0,9,0,2,1,2,2,40,1,1,2,1,28,3,3,1,0,0,21,19,21,21,88,88,0,14,0,0,1,4,0,122298,0,2009,99999,SW 268 STREET,SW 144 AVENUE,0000000,25.51796389,-80.42479722,2,1
12,71,12,9,6,41,1,2,1,0,13,2,0,8,0,1,1,2,3,40,1,1,1,1,28,3,1,1,0,0,99,99,99,99,99,99,0,0,0,0,1,4,0,122299,1070,2009,99999,US-41,99999999999999999999,0000000,26.63732222,-81.87266944,1,1
12,31,12,14,6,4,1,3,0,0,14,3,0,43,0,2,2,1,2,30,2,2,2,1,3,3,3,5,0,0,99,99,99,99,99,99,0,0,0,0,1,2,0,122300,1510,2009,99999,SR-111,VALLEY FORGE ROAD,0000000,30.39247222,-81.66605833,1,5
12,86,12,15,21,45,1,1,0,0,6,4,0,33,0,2,4,5,5,40,1,1,2,1,3,3,3,1,0,0,99,99,99,99,99,99,0,0,0,0,1,3,1,122301,0,2009,99999,W FLAGLER STREET,NW 92 AVENUE,0000000,25.76936111,-80.34441667,1,1
12,11,12,19,5,13,1,3,0,0,13,3,0,33,0,1,3,3,3,45,1,1,2,1,0,0,3,1,0,0,5,13,5,22,99,99,0,0,0,0,1,7,0,122302,771,2009,99999,SR-818,99999999999999999999,0000000,26.06525,-80.21953889,1,1
12,86,12,19,9,38,3,3,0,0,6,4,0,12,2,2,1,1,2,35,1,1,2,1,0,0,1,1,0,0,9,38,9,46,99,99,0,0,0,0,1,7,0,122303,0,2009,99999,SW 148TH AVE,SW 63RD ST,0000000,25.70765278,-80.433525,3,1
12,5,12,21,4,25,1,1,0,0,6,4,0,27,0,1,4,1,2,35,2,1,2,1,28,3,2,1,0,0,99,99,99,99,99,99,0,0,0,0,1,2,1,122304,0,2009,99999,LAIRD ST,99999999999999999999,0000000,30.17858611,-85.77636944,1,1
12,127,12,24,23,0,2,3,0,0,6,4,0,12,8,1,2,1,2,50,2,1,2,1,28,3,2,1,0,0,23,0,23,5,99,99,0,0,0,0,2,5,0,122305,0,2009,99999,CR-421,99999999999999999999,0000000,29.08428333,-81.06414444,2,1
12,101,12,28,21,10,3,4,0,0,6,4,0,12,4,2,1,1,2,55,1,1,2,1,20,3,2,1,0,0,21,12,21,15,99,99,0,0,0,0,1,2,0,122306,0,2009,99999,TRINITY BLVD,DUCK SLOUGH BLVD,0000000,28.18505278,-82.63581667,3,1
12,11,11,19,8,43,1,3,0,0,13,3,0,10,0,6,1,2,2,45,1,1,9,1,80,3,1,1,0,0,8,43,8,46,99,99,0,0,0,0,2,5,0,122307,1050,2009,99999,SR-870,POWERLINE RD,628186E,26.18826667,-80.15077778,1,1
12,117,11,19,23,15,1,2,1,0,13,3,0,8,0,1,1,2,2,45,1,1,2,1,28,3,3,1,0,0,23,20,23,25,88,88,0,0,0,0,1,5,0,122308,30,2009,99999,SR-434,99999999999999999999,0000000,28.66521944,-81.41908611,1,1
12,127,12,8,6,27,2,2,0,0,13,3,0,12,5,2,1,2,3,99,1,1,2,1,20,3,2,1,0,0,6,29,6,30,88,88,0,0,0,0,1,3,0,122309,810,2009,99999,SR-44,GRIMM LANE,0000000,29.01595833,-81.23937778,2,1
12,53,12,21,10,20,3,4,0,0,13,3,0,12,5,1,1,3,2,55,1,1,2,1,28,3,1,1,0,0,10,20,10,24,99,99,0,0,0,0,1,2,0,122310,0,2009,99999,SR-50,99999999999999999999,0000000,28.53383333,-82.47858056,3,1
12,11,10,18,18,29,1,3,0,0,16,6,0,33,0,1,4,1,4,35,1,1,2,1,28,3,1,1,0,0,18,29,18,35,99,99,0,0,0,0,1,1,0,122311,1782,2009,99999,NW 19TH STREET,99999999999999999999,0000000,26.15066111,-80.19549722,1,1
12,127,10,24,3,43,1,3,0,0,16,6,0,1,0,2,2,1,2,30,1,1,2,1,20,3,3,1,0,0,3,44,3,45,99,99,0,0,0,0,1,7,0,122312,810,2009,99999,S CLARA AVE,W EUCLID AVE,0000000,29.02096667,-81.30727222,1,1
12,11,12,2,11,54,1,1,0,0,14,3,0,30,0,1,4,2,2,35,1,1,2,1,0,0,1,1,0,0,99,99,99,99,99,99,0,0,0,0,1,4,0,122313,0,2009,99999,SR-810,99999999999999999999,0000000,26.31454444,-80.08393889,1,1
12,86,10,22,10,9,2,3,1,0,6,4,0,12,1,1,1,2,3,40,1,1,2,1,0,0,1,1,0,0,99,99,99,99,99,99,0,0,0,0,1,5,0,122314,0,2009,99999,SW 152ND ST,99999999999999999999,0000000,25.62657222,-80.40239167,2,1
12,57,10,31,17,13,2,4,0,0,6,4,0,12,5,2,1,2,2,45,1,1,2,1,28,3,1,1,0,0,99,99,99,99,99,99,0,0,0,0,1,7,0,122315,0,2009,99999,W BEARSS AVE,ZAMBITO RD,0000000,28.08470278,-82.50196944,2,1
12,99,11,1,17,40,1,3,1,0,15,4,0,8,0,1,1,2,2,35,1,1,2,1,0,0,5,1,0,0,99,99,99,99,99,99,0,0,0,0,1,1,0,122316,0,2009,99999,LAKE IDA RD,99999999999999999999,0000000,26.46913056,-80.14445,1,1
12,86,11,3,15,30,1,2,1,0,6,4,0,8,0,1,1,1,2,35,1,1,2,1,0,0,1,1,0,0,99,99,99,99,99,99,0,0,0,0,1,3,0,122317,0,2009,99999,3125TH NW 87TH ST,99999999999999999999,0000000,25.85322778,-80.24910833,1,1
12,99,11,4,18,20,1,2,1,1,13,2,0,8,0,1,1,1,2,55,1,1,2,1,0,0,2,1,0,0,99,99,99,99,99,99,0,0,0,0,1,4,0,122318,1846,2009,99999,US-98,99999999999999999999,0000000,26.6842,-80.33125833,1,1
12,57,11,5,14,40,1,2,0,0,16,6,0,30,0,1,4,1,4,45,1,1,2,1,0,0,1,1,0,0,99,99,99,99,99,99,0,0,0,0,1,5,0,122319,2950,2009,99999,MACDILL AVE,99999999999999999999,0000000,27.95390833,-82.49325833,1,1
12,11,11,8,21,4,1,2,1,0,13,2,0,8,0,1,1,2,2,35,1,1,2,1,28,3,3,1,0,0,21,4,21,8,99,99,0,0,0,0,1,1,0,122320,760,2009,99999,US-1,99999999999999999999,0000000,26.05204167,-80.14366389,1,1
12,85,11,9,17,57,1,4,1,0,13,3,0,8,0,1,1,1,2,35,1,1,2,1,28,3,3,1,0,0,99,99,99,99,99,99,0,0,0,0,1,2,0,122321,2900,2009,99999,SR-76,99999999999999999999,0000000,27.19128611,-80.25305833,1,1
12,23,11,21,20,2,2,3,0,0,14,2,0,12,9,2,1,2,3,45,1,1,2,1,3,3,3,1,0,0,20,9,20,15,99,99,0,0,0,0,1,7,0,122322,1660,2009,99999,US-90,REAL ROAD,0000000,30.18006389,-82.67928889,2,1
12,101,11,22,2,48,2,2,1,0,2,2,0,8,0,1,1,1,2,60,1,1,2,1,28,3,2,1,0,0,99,99,99,99,99,99,0,0,0,0,1,1,0,122323,0,2009,99999,US-98,99999999999999999999,0000000,28.29510556,-82.14645,1,1
12,81,11,23,16,22,2,4,0,0,16,6,0,12,5,4,1,1,2,30,1,1,3,2,0,0,5,1,0,0,16,23,16,29,99,99,0,0,0,0,1,2,0,122324,340,2009,99999,9TH AVENUE E,15TH STREET E,0000000,27.49149444,-82.54591667,2,1
12,105,11,28,20,57,2,2,0,0,13,2,0,12,5,2,1,2,3,45,1,1,2,1,0,0,3,1,0,0,21,2,21,2,99,99,0,0,0,0,1,7,0,122325,1690,2009,99999,US-98,WEDGEWOOD BLVD,0000000,28.097025,-81.97365,2,1