STATE,COUNTY,MONTH,DAY,HOUR,MINUTE,VE_TOTAL,PERSONS,PEDS,NHS,ROAD_FNC,ROUTE,SP_JUR,HARM_EV,MAN_COLL,REL_JUNC,REL_ROAD,TRAF_FLO,NO_LANES,SP_LIMIT,ALIGNMNT,PROFILE,PAVE_TYP,SUR_COND,TRA_CONT,T_CONT_F,LGT_COND,WEATHER1,WEATHER2,WRK_ZONE,NOT_HOUR,NOT_MIN,ARR_HOUR,ARR_MIN,HOSP_HR,HOSP_MN,SCH_BUS,CF1,CF2,CF3,FATALS,DAY_WEEK,DRUNK_DR,ST_CASE,CITY,YEAR,MILEPT,TWAY_ID,TWAY_ID2,RAIL,LATITUDE,LONGITUD,VE_FORMS,WEATHER
12,11,11,30,23,27,2,2,0,0,14,6,0,12,5,2,1,2,3,40,1,1,2,1,3,3,3,1,0,0,23,28,23,31,99,99,0,0,0,0,1,2,0,122326,1927,2009,99999,ROCK ISLAND RD,ROYAL PALM BLVD,0000000,26.25308611,-80.22150278,2,1
12,103,11,30,18,27,1,3,1,0,14,2,0,8,0,2,1,2,3,45,1,1,2,1,0,0,3,1,0,0,99,99,99,99,99,99,0,0,0,0,1,2,0,122327,2730,2009,99999,US-92,53RD AVE N,0000000,27.82033333,-82.638725,1,1
12,71,12,1,19,37,1,3,1,0,13,2,0,8,0,2,1,2,2,45,1,1,2,1,20,3,2,1,0,0,19,38,19,42,88,88,0,0,0,0,1,3,0,122328,0,2009,99999,US-41,JUDD RD,0000000,26.67662778,-81.89855278,1,1
12,103,12,3,16,52,1,2,1,1,13,2,0,8,0,2,1,2,3,50,1,1,2,1,3,3,1,1,0,0,16,59,17,5,99,99,0,0,0,0,1,5,0,122329,570,2009,99999,US-19,NURSERY RD,0000000,27.94208056,-82.73015278,1,1
12,81,12,4,1,50,1,3,0,0,13,3,0,1,0,1,3,2,3,45,1,1,2,1,0,0,3,1,0,0,1,52,1,56,99,99,0,0,0,0,2,6,1,122330,0,2009,99999,SR-70,99999999999999999999,0000000,27.44663333,-82.51021944,1,1
12,81,12,12,16,35,4,10,0,1,11,1,0,13,5,1,1,2,3,70,2,1,2,1,0,0,1,1,0,0,16,39,16,48,99,99,0,0,0,0,1,7,0,122331,0,2009,99999,I-75,99999999999999999999,0000000,27.53964444,-82.5111,4,1
12,127,12,13,15,16,1,2,0,1,11,1,0,1,0,1,4,2,2,70,2,1,2,1,0,0,1,1,0,0,15,14,15,22,99,99,0,0,0,0,1,1,1,122332,0,2009,99999,I-95,99999999999999999999,0000000,29.08603611,-81.01916944,1,1
12,127,12,19,8,10,1,1,0,0,6,4,0,1,0,1,1,1,2,35,1,1,2,1,0,0,1,1,0,0,99,99,99,99,99,99,0,0,0,0,1,7,0,122333,0,2009,99999,SPRING GARDEN RD,99999999999999999999,0000000,29.12860278,-81.30159167,1,1
12,11,12,26,13,24,1,1,0,1,11,1,0,24,0,5,4,6,1,35,2,2,2,1,28,3,1,1,0,0,13,24,13,30,88,88,0,0,0,0,1,7,0,122334,790,2009,99999,I-95,HILLSBORO BLVD,0000000,26.32178611,-80.11638056,1,1
12,9,12,28,5,59,3,8,2,1,11,1,0,12,3,1,1,3,2,70,1,1,2,1,28,3,2,1,0,4,5,59,6,5,99,99,0,0,0,0,1,2,0,122335,0,2009,99999,I-95,99999999999999999999,0000000,28.01080833,-80.639025,3,1
12,127,12,31,13,25,1,1,0,0,6,4,0,1,0,1,2,1,2,50,2,1,2,1,28,3,1,1,0,0,99,99,99,99,99,99,0,0,0,0,1,5,0,122336,0,2009,99999,MAYTOWN RD,99999999999999999999,0000000,28.81273611,-80.96186667,1,1
12,9,10,31,7,2,1,5,0,0,16,6,0,5,0,2,1,1,2,30,1,1,2,1,0,0,1,1,0,0,7,2,7,14,99,99,0,0,0,0,1,7,0,122337,2424,2009,99999,WINGHAM DR,MOONFLOWER ST,0000000,27.92605556,-80.70731111,1,1
12,99,11,11,18,13,1,3,1,0,13,3,0,8,0,1,1,3,4,45,1,1,2,1,0,0,3,1,0,0,18,13,18,17,99,99,0,0,0,0,1,4,0,122338,0,2009,99999,SR-704,99999999999999999999,0000000,26.70703056,-80.11408611,1,1
12,9,12,12,21,19,1,2,1,0,14,3,0,8,0,1,1,2,2,45,1,1,2,1,28,3,3,1,0,0,21,19,21,23,99,99,0,0,0,0,1,7,0,122339,3000,2009,99999,SR-405,99999999999999999999,0000000,28.60801111,-80.81457778,1,1
12,127,12,17,0,50,1,2,1,0,3,3,0,8,0,2,1,2,2,55,1,1,2,1,28,3,2,1,0,0,0,50,0,57,99,99,0,0,0,0,1,5,0,122340,920,2009,99999,SR-442,OLD MISSION RD,0000000,28.95415556,-80.93589444,1,1
12,31,12,19,11,53,1,4,3,0,14,3,0,8,0,2,1,2,3,45,1,1,2,1,3,3,1,1,0,0,11,54,12,2,99,99,0,0,0,0,1,7,0,122341,1510,2009,99999,SR-13,KORI RD,0000000,30.20095556,-81.61873056,1,1
12,127,12,19,18,24,1,2,1,0,13,3,0,8,0,1,1,2,2,35,1,1,2,1,28,3,3,1,0,0,18,27,18,29,99,99,0,0,0,0,1,7,0,122342,782,2009,99999,SR-A1A,99999999999999999999,0000000,29.15676667,-80.97223611,1,1
12,86,12,20,0,6,1,1,0,1,11,1,0,24,0,5,4,6,2,60,1,1,2,1,28,3,3,1,0,0,99,99,1,9,88,88,0,0,0,0,1,1,1,122343,0,2009,99999,I-FLORIDAS,SW 117TH AVE,0000000,25.62936667,-80.38164167,1,1
12,71,12,22,5,38,1,2,1,0,13,3,0,8,0,1,1,2,3,45,1,1,2,1,3,3,3,1,0,0,5,39,5,46,88,88,0,0,0,0,1,3,0,122344,1070,2009,99999,SR-884,99999999999999999999,0000000,26.60944167,-81.821375,1,1
12,99,12,23,21,4,2,2,0,0,13,3,0,12,1,1,1,2,3,45,1,1,2,1,28,3,3,1,0,0,99,99,99,99,99,99,0,0,0,0,1,4,1,122345,0,2009,99999,SR-807,99999999999999999999,0000000,26.61603889,-80.08918889,2,1
12,86,12,24,1,2,1,2,1,0,13,3,0,8,0,1,1,1,4,40,1,1,2,1,28,3,3,1,0,0,1,2,1,7,88,88,0,0,0,0,1,5,0,122346,0,2009,99999,SR-9,99999999999999999999,0000000,25.867425,-80.24255,1,1
12,86,12,30,20,25,1,1,0,0,6,4,0,42,0,1,3,3,3,40,1,1,2,1,0,0,2,1,0,0,99,99,99,99,99,99,0,0,0,0,1,4,1,122347,0,2009,99999,W FLAGLER STREET,99999999999999999999,0000000,25.76873056,-80.364075,1,1
12,87,12,30,18,16,4,2,0,0,16,6,0,13,2,1,1,1,2,30,1,1,2,1,0,0,5,1,0,0,18,18,18,22,99,99,0,14,0,0,1,4,0,122348,1580,2009,99999,UNITED STREET,99999999999999999999,0000000,24.54999167,-81.79435,2,1
12,57,12,21,22,48,1,1,0,1,11,1,0,30,0,5,4,6,2,45,2,1,2,1,28,3,3,1,0,0,22,52,22,59,88,88,0,0,0,0,1,2,1,122349,0,2009,99999,I-4,I-4,0000000,27.99676111,-82.357425,1,1
12,57,12,26,4,1,1,7,0,0,16,6,0,30,0,1,4,1,2,50,1,1,2,1,28,3,2,1,0,0,4,2,4,12,99,99,0,0,0,0,1,7,1,122350,2675,2009,99999,1ST ST,99999999999999999999,0000000,27.70715278,-82.43511111,1,1
12,127,12,27,17,26,1,3,0,1,2,3,0,1,0,1,1,2,2,60,1,1,2,1,28,3,1,1,0,0,17,26,17,30,99,99,0,0,0,0,1,1,1,122351,0,2009,99999,SR-40,99999999999999999999,0000000,29.25371667,-81.20239722,1,1
12,57,12,30,14,39,1,1,0,0,6,4,0,27,0,1,4,1,2,45,2,2,2,1,0,0,1,1,0,0,99,99,99,99,99,99,0,0,0,0,1,4,0,122352,0,2009,99999,RIVERVIEW DR,99999999999999999999,0000000,27.86800278,-82.34403611,1,1
12,85,10,15,19,15,1,3,1,0,13,2,0,8,0,3,1,2,4,45,1,1,2,1,28,3,3,1,0,0,99,99,99,99,99,99,0,0,0,0,1,5,0,122353,2900,2009,99999,US-1,16TH ST,0000000,27.22616944,-80.26506667,1,1
12,99,11,30,2,5,1,1,0,0,13,3,0,42,0,1,3,2,3,45,1,1,2,1,0,0,3,1,0,0,99,99,99,99,99,99,0,0,0,0,1,2,0,122355,1560,2009,99999,SR-706,99999999999999999999,0000000,26.93443889,-80.14216944,1,1
12,1,12,1,23,0,1,2,0,1,2,2,0,33,0,1,4,2,2,45,2,1,2,1,0,0,3,1,0,0,23,5,23,10,99,99,0,0,0,0,1,3,1,122356,1370,2009,99999,US-441,99999999999999999999,0000000,29.82358889,-82.588525,1,1
12,11,12,3,20,48,1,1,0,1,13,2,0,1,0,1,1,2,2,65,1,1,2,1,0,0,2,1,0,0,99,99,99,99,88,88,0,0,0,0,1,5,0,122357,3193,2009,99999,US-27,99999999999999999999,0000000,26.14083889,-80.44118889,1,1
12,99,12,4,10,43,1,2,1,0,13,2,0,15,0,2,1,2,3,45,1,1,2,1,20,3,1,1,0,0,99,99,99,99,99,99,0,0,0,0,1,6,0,122358,0,2009,99999,US-441,SPANISH ISLES BLVD,0000000,26.40161944,-80.20374167,1,1
12,99,12,5,18,45,1,2,1,1,13,2,0,8,0,2,1,2,4,50,1,1,2,2,3,3,3,1,0,0,99,99,99,99,99,99,0,0,0,0,1,7,0,122359,2674,2009,99999,US-98,CRESTWOOD BLVD,0000000,26.68184167,-80.24715556,1,1
12,99,12,7,16,23,2,3,0,0,16,6,0,12,5,2,1,2,3,40,1,1,2,1,0,0,1,1,0,0,99,99,99,99,99,99,0,0,0,0,1,2,0,122360,330,2009,99999,WOOLBRIGHT RD,SW 22ND ST,0000000,26.51320833,-80.087375,2,1
12,11,12,11,12,19,1,5,3,9,99,9,0,8,0,1,4,1,2,15,1,1,1,1,0,0,1,1,0,0,99,99,99,99,99,99,0,0,0,0,1,6,0,122361,2468,2009,99999,SW 5TH ST,99999999999999999999,0000000,26.004075,-80.33579444,1,1
12,105,12,13,2,19,1,2,0,0,16,6,0,42,0,1,4,1,2,35,2,1,2,1,0,0,3,1,0,0,99,99,99,99,99,99,0,0,0,0,1,1,0,122362,1690,2009,99999,LAKE HOLLINGSWORTH D,99999999999999999999,0000000,28.02171111,-81.93773333,1,1
12,105,12,18,20,53,1,2,1,0,13,2,0,8,0,1,1,2,2,35,1,1,2,2,0,0,3,2,0,0,99,99,99,99,99,99,0,0,0,0,1,6,0,122363,1690,2009,99999,US-92,99999999999999999999,0000000,28.05502778,-81.94496944,1,2
12,97,12,1,7,50,1,2,1,0,13,2,0,8,0,2,1,2,2,50,1,1,2,1,3,3,1,1,0,0,7,50,7,55,99,99,0,0,0,0,1,3,0,122364,2700,2009,99999,US-192,COMMERCE CENTER DR,0000000,28.25486111,-81.31853333,1,1
12,81,12,19,21,8,1,2,1,0,13,2,0,8,0,1,1,2,2,45,1,1,2,1,0,0,3,1,0,0,99,99,21,9,88,88,0,0,0,0,1,7,0,122365,2440,2009,99999,US-41,99999999999999999999,0000000,27.50686389,-82.572125,1,1
12,11,11,25,18,19,1,2,1,0,12,6,0,8,0,1,1,2,3,40,1,1,2,2,28,3,3,2,0,0,99,99,99,99,99,99,0,0,0,0,1,4,0,122368,672,2009,99999,W SAMPLE RD,99999999999999999999,0000000,26.27268611,-80.28201944,1,2
12,97,11,27,17,43,1,1,0,0,16,6,0,31,0,1,4,3,2,25,1,1,2,1,0,0,3,1,0,0,17,50,17,50,88,88,0,0,0,0,1,6,0,122369,2700,2009,99999,MYSTIC PL,99999999999999999999,0000000,28.18186944,-81.29744444,1,1
12,103,9,6,3,40,2,4,1,0,6,4,0,8,0,1,1,2,2,45,1,1,2,1,0,0,2,1,0,0,3,41,3,47,88,88,0,0,0,0,1,1,0,122370,1770,2009,99999,KEENE ROAD,99999999999999999999,0000000,27.92849444,-82.76242778,2,1
12,127,9,3,20,25,1,3,0,0,13,3,0,25,0,1,4,3,3,45,1,1,2,2,0,0,2,2,0,0,20,27,20,28,88,88,0,0,0,0,3,5,0,122371,1410,2009,99999,SR-5A,99999999999999999999,0000000,29.24444167,-81.06396389,1,2
12,11,12,5,6,30,1,1,0,0,13,3,0,33,0,1,4,2,3,35,2,1,2,9,0,0,3,9,0,0,6,37,6,40,88,88,0,0,0,0,1,7,1,122372,1050,2009,99999,SR-817,99999999999999999999,0000000,26.18964444,-80.11566389,1,9
12,105,12,9,11,3,1,3,2,0,6,4,0,8,0,8,2,1,2,55,1,1,2,1,0,0,1,1,0,2,11,3,11,7,99,99,0,0,0,0,1,4,0,122373,0,2009,99999,CR-542,JIM EDWARDS RD,0000000,28.03825833,-81.533825,1,1
12,99,12,10,21,10,2,2,0,0,6,4,0,12,6,2,1,2,3,45,1,1,2,1,0,0,3,1,0,0,21,10,21,16,99,99,0,0,0,0,1,5,0,122374,0,2009,99999,SW 18TH ST,COUNTRY PARK DR,0000000,26.33142778,-80.17419444,2,1
12,99,12,28,22,45,1,2,0,0,13,3,0,39,0,1,4,2,4,45,1,1,2,1,0,0,3,1,0,0,22,48,22,53,88,88,0,0,0,0,1,2,1,122376,3190,2009,99999,SR-704,99999999999999999999,0000000,26.70600556,-80.07740278,1,1
12,17,12,30,19,9,2,2,0,0,6,4,0,12,2,1,1,1,2,55,2,1,2,1,0,0,2,1,0,0,99,99,99,99,99,99,0,0,0,0,1,4,0,122377,0,2009,99999,N CITRUS AVE,99999999999999999999,0000000,28.94110556,-82.584175,2,1
12,19,9,7,18,0,1,1,0,0,6,4,0,33,0,2,4,1,2,25,1,1,2,1,20,3,1,1,0,0,99,99,99,99,99,99,0,0,0,0,1,2,0,122378,0,2009,99999,COUNTRY CLUB BLVD,WESTMINSTER DR,0000000,30.18268611,-81.7743,1,1
12,86,10,9,23,20,2,2,0,0,16,6,0,12,5,3,1,2,2,35,1,1,2,1,0,0,3,1,0,0,23,20,23,24,88,88,0,0,0,0,1,6,0,122379,0,2009,99999,NW 37TH AVE,NW 199TH ST,0000000,25.95541944,-80.26214444,2,1
12,31,12,11,18,5,1,2,1,0,16,6,0,8,0,3,1,1,4,30,1,1,2,1,3,3,3,1,0,0,18,5,18,7,99,99,0,0,0,0,1,6,0,122380,1510,2009,99999,EDGEWOOD AVE,MAYFLOWER ST,0000000,30.30911667,-81.71451111,1,1
12,17,12,11,2,30,1,2,0,0,6,4,0,42,0,1,4,1,2,50,1,1,2,1,0,0,2,1,0,0,6,18,6,24,99,99,0,0,0,0,1,6,0,122381,0,2009,99999,DUNKLIN ST W,99999999999999999999,0000000,28.98059444,-82.52571667,1,1
12,73,12,12,4,57,1,2,1,0,16,6,0,8,0,1,1,1,2,99,2,2,2,2,0,0,3,2,0,0,99,99,99,99,88,88,0,0,0,0,1,7,0,122382,2940,2009,99999,PAUL DIRAC RD N,99999999999999999999,0000000,30.41393889,-84.32880278,1,2
12,93,12,25,17,56,1,2,0,0,6,4,0,1,0,1,1,1,2,20,1,1,2,1,0,0,2,1,0,0,99,99,99,99,99,99,0,0,0,0,1,6,0,122383,0,2009,99999,113TH DR,99999999999999999999,0000000,27.34699167,-80.83024722,1,1
12,57,11,15,0,8,2,5,1,0,13,2,0,8,0,3,1,2,3,45,1,1,2,1,3,3,3,1,0,0,0,9,0,12,88,88,0,0,0,0,1,1,0,122384,2950,2009,99999,US-41,34TH ST,0000000,27.99609722,-82.42273611,2,1
12,86,12,5,20,36,1,1,0,0,14,3,0,39,0,3,4,1,4,30,1,1,2,2,0,0,3,1,0,0,20,40,20,52,88,88,0,0,0,0,1,7,0,122385,2030,2009,99999,SR-915,NE 6TH AVE,0000000,25.86690833,-80.18545278,1,1
12,86,12,11,4,52,1,1,0,0,16,6,0,53,0,2,4,1,2,30,2,1,2,1,0,0,3,1,0,0,99,99,5,3,99,99,0,0,0,0,1,6,0,122386,9997,2009,99999,MARLIN RD,MANTA DR,0000000,25.57684167,-80.34439167,1,1
12,109,12,24,18,55,1,5,1,0,2,3,0,8,0,1,1,2,2,45,1,1,2,1,28,3,2,1,0,0,99,99,99,99,88,88,0,0,0,0,1,5,0,122387,0,2009,99999,SR-16,99999999999999999999,0000000,29.92574167,-81.42053611,1,1
12,11,12,26,18,12,1,2,1,0,13,3,0,8,0,1,1,2,3,45,1,1,2,1,0,0,3,1,0,0,99,99,99,99,99,99,0,0,0,0,1,7,0,122388,2468,2009,99999,SR-817,99999999999999999999,0000000,26.00888889,-80.24819722,1,1
12,11,12,30,19,50,2,5,0,0,16,6,0,12,5,2,1,2,2,35,1,1,2,1,20,3,3,1,0,0,99,99,99,99,99,99,0,0,0,0,1,4,0,122389,2570,2009,99999,SW 3RD ST,SW 18TH AVE,0000000,26.22666944,-80.14856944,2,1
12,11,8,16,4,32,1,2,0,0,14,6,0,30,0,2,4,2,2,45,1,1,2,2,28,3,3,1,0,0,4,32,4,45,88,88,0,0,0,0,2,1,1,122390,2948,2009,99999,ROCK ISLAND,RD,0000000,26.17933889,-80.21989444,1,1
12,99,10,5,7,17,1,2,1,0,15,6,0,8,0,3,1,1,2,30,1,1,2,1,3,3,1,1,0,0,99,99,7,18,99,99,1,0,0,0,1,2,0,122391,0,2009,99999,TEQUESTA DR,SEABROOK RD,0000000,26.95875,-80.09523611,1,1
12,111,10,16,1,29,1,1,0,0,16,6,0,43,0,2,4,1,2,30,2,1,2,1,20,3,3,1,0,0,1,30,1,39,88,88,0,20,0,0,1,6,1,122392,2601,2009,99999,NW BISCAYNE DR,NW HEATHER ST,0000000,27.326425,-80.36565556,1,1
12,86,10,8,15,27,2,2,0,0,16,6,0,12,5,2,1,2,2,30,1,1,2,2,3,3,1,1,0,0,15,27,15,27,99,99,0,0,0,0,1,5,0,122393,2330,2009,99999,NW 143RD ST,NW 22ND AVE,0000000,25.90481667,-80.23581944,2,1
12,111,11,4,18,43,2,2,0,0,16,6,0,12,4,2,1,5,4,40,1,1,2,1,3,3,3,1,0,0,18,44,18,51,99,99,0,0,0,0,1,4,0,122394,2601,2009,99999,SW CALIFORNIA BLVD,SW HEATHERWOOD BLVD,0000000,27.30058333,-80.40009444,2,1
12,86,11,8,8,22,2,3,0,0,16,6,0,13,2,1,1,2,3,35,2,1,2,1,0,0,1,1,0,0,8,26,8,29,99,99,0,0,0,0,1,1,0,122395,9997,2009,99999,NW 199TH STREET,99999999999999999999,0000000,25.95481111,-80.24204444,2,1
12,111,11,14,22,15,1,2,1,0,13,3,0,8,0,2,1,2,3,45,1,1,2,1,0,0,3,1,0,0,22,15,22,18,99,99,0,0,0,0,1,7,0,122396,2601,2009,99999,SR-716,SE EXCHANGE STREET,0000000,27.27110278,-80.30106111,1,1
12,73,11,15,0,35,2,6,0,0,16,6,0,12,6,1,1,1,2,35,1,1,2,1,28,3,3,1,0,0,0,37,0,44,88,88,0,0,0,0,2,1,1,122397,2940,2009,99999,W. THARPE STREET,99999999999999999999,0000000,30.46539444,-84.33859722,2,1
12,105,11,20,20,56,1,1,0,0,6,4,0,11,0,1,1,1,2,55,1,1,2,1,28,3,2,1,0,0,21,38,21,52,88,88,0,0,0,0,1,6,0,122398,0,2009,99999,AVON PARK RD,99999999999999999999,0000000,27.69017778,-81.65875833,1,1
12,111,11,21,18,36,1,2,1,0,15,6,0,8,0,1,2,1,2,30,1,1,2,1,0,0,3,1,0,0,18,38,18,42,99,99,0,0,0,0,1,7,0,122399,2601,2009,99999,SE MARIPOSA AVENUE,99999999999999999999,0000000,27.27103889,-80.28048056,1,1
12,111,11,22,1,27,1,1,0,0,16,6,0,30,0,1,4,2,3,45,2,1,2,1,0,0,3,1,0,0,1,29,1,32,88,88,0,0,0,0,1,1,1,122400,2601,2009,99999,SE PORT ST LUCIE BLV,99999999999999999999,0000000,27.26746667,-80.37067222,1,1
12,31,12,5,20,7,1,1,0,0,16,6,0,33,0,3,2,2,2,45,1,2,2,1,3,3,3,1,0,0,20,7,20,12,99,99,0,0,0,0,1,7,0,122401,1510,2009,99999,7700 GATE PKWY,POINT MEADOWS DR,0000000,30.23980833,-81.51995,1,1
12,61,12,7,13,45,1,1,0,0,16,6,0,39,0,1,5,2,2,30,1,1,2,1,0,0,1,1,0,0,99,99,99,99,99,99,0,0,0,0,1,2,0,122402,3070,2009,99999,41ST AVE,99999999999999999999,0000000,27.63860556,-80.42785556,1,1
12,71,12,10,18,31,1,2,1,0,6,4,0,9,0,2,1,1,3,35,1,1,2,1,20,3,2,1,0,0,19,18,19,42,99,99,0,0,0,0,1,5,0,122403,0,2009,99999,ORTIZ AVE,LAREDO AVE,0000000,26.64548889,-81.8118,1,1
12,11,12,21,1,4,1,2,1,0,12,6,0,8,0,1,1,2,3,45,1,1,2,1,28,3,2,1,0,0,99,99,99,99,99,99,0,0,0,0,1,2,0,122404,2219,2009,99999,W MCNAB RD,99999999999999999999,0000000,26.20828333,-80.23620833,1,1
12,9,12,12,23,22,1,3,1,0,13,2,0,8,0,2,1,1,3,40,1,1,2,2,3,3,3,1,0,0,99,99,99,99,88,88,0,0,0,0,1,7,1,122405,1990,2009,99999,US-1,US-1,0000000,28.07469722,-80.60168333,1,1
12,31,12,14,19,1,2,2,0,0,16,6,0,12,5,2,1,1,2,35,1,1,2,1,3,3,1,1,0,0,99,99,99,99,99,99,0,0,0,0,1,2,0,122406,1510,2009,99999,SPRING GLEN RD,KENNERLY RD,0000000,30.28453611,-81.611475,2,1
12,86,12,19,3,16,2,5,0,0,6,4,0,12,4,2,1,1,2,40,1,1,2,1,3,3,3,1,0,0,3,16,3,23,99,99,0,0,0,0,1,7,0,122407,0,2009,99999,SW 26TH ST,SW 127TH AVE,0000000,25.74408889,-80.40014722,2,1
12,11,12,19,8,19,2,2,0,0,13,3,0,12,2,2,1,2,3,45,1,1,2,1,3,3,1,1,0,0,8,19,8,21,99,99,0,0,0,0,1,7,0,122408,790,2009,99999,SR-834,SR-811,0000000,26.27524722,-80.11373889,2,1
12,73,11,6,1,5,1,1,0,0,16,6,0,42,0,1,4,1,2,35,2,1,2,1,0,0,3,1,0,0,1,6,1,12,88,88,0,0,0,0,1,6,1,122409,2940,2009,99999,OLD ST. AUGUSTINE RD,99999999999999999999,0000000,30.433175,-84.25444444,1,1
12,57,11,21,6,17,1,2,1,0,6,4,0,8,0,1,1,2,3,45,1,1,2,1,0,0,2,1,0,0,6,22,6,28,88,88,0,0,0,0,1,7,0,122410,0,2009,99999,BRUCE B DOWNS BLVD,99999999999999999999,0000000,28.05901944,-82.42614722,1,1
12,105,11,25,8,25,1,5,0,0,2,2,0,1,0,1,2,1,2,55,2,1,2,2,0,0,1,2,0,0,8,30,8,43,99,99,0,0,0,0,1,4,0,122411,0,2009,99999,US-98,99999999999999999999,0000000,27.73450278,-81.72727222,1,2
12,99,12,7,6,56,4,4,0,0,13,3,0,12,1,3,1,1,3,50,1,1,2,1,3,3,1,1,0,0,99,99,99,99,99,99,0,14,0,0,1,2,1,122412,0,2009,99999,SR-882,PINEHURST DR,0000000,26.65117778,-80.15735278,4,1
12,71,12,9,8,1,2,5,0,0,6,4,0,12,5,2,1,1,2,30,1,1,2,1,20,3,1,1,0,0,8,9,8,14,99,99,0,0,0,0,1,4,0,122413,0,2009,99999,W 6TH STREET,EDISON AVENUE,0000000,26.62121111,-81.63615278,2,1
12,55,8,10,18,44,1,1,0,1,13,2,0,27,0,3,4,2,3,55,1,1,2,2,3,3,3,2,0,0,18,45,18,52,88,88,0,0,0,0,1,2,0,122414,2800,2009,99999,US-27,HAMMOCK ROAD,0000000,27.47592778,-81.473625,1,2
12,99,11,25,10,19,2,4,0,0,14,4,0,12,5,2,1,5,3,45,1,1,2,2,3,3,1,2,0,0,99,99,99,99,99,99,0,0,0,0,1,4,0,122415,0,2009,99999,5300 LINTON BLVD,LAS VERDES WAY,0000000,26.43925833,-80.12626389,2,2
12,71,12,3,8,25,2,3,0,0,6,4,0,12,5,1,1,1,2,45,2,2,2,2,28,3,1,2,0,0,8,27,8,31,88,88,1,0,0,0,2,5,0,122416,0,2009,99999,BUCKINGHAM ROAD,99999999999999999999,0000000,26.65719722,-81.72277222,2,2
12,103,11,8,18,47,1,2,1,0,13,2,0,8,0,1,1,2,3,40,1,1,2,1,0,0,3,1,0,0,99,99,18,49,99,99,0,0,0,0,1,1,0,122417,1770,2009,99999,US-19,99999999999999999999,0000000,27.92673611,-82.78775833,1,1
12,103,11,25,15,37,1,2,1,0,16,6,0,9,0,2,1,2,3,45,1,1,2,1,20,3,1,1,0,0,15,37,15,41,99,99,0,0,0,0,1,4,0,122418,2806,2009,99999,PARK BLVD N,90TH STREET N,0000000,27.83945556,-82.76396944,1,1
12,99,12,18,22,28,2,3,0,0,13,3,0,13,5,1,1,2,4,45,1,1,2,2,0,0,3,1,0,0,22,29,22,33,88,88,0,0,0,0,1,6,0,122419,3190,2009,99999,SR-704,99999999999999999999,0000000,26.70609167,-80.07604167,2,1
12,33,9,9,3,6,1,2,1,0,13,2,0,8,0,1,1,2,2,35,1,1,2,1,0,0,3,1,0,0,3,25,3,31,99,99,0,0,0,0,1,4,0,122420,2490,2009,99999,US-90,99999999999999999999,0000000,30.42036667,-87.23361389,1,1
12,5,10,10,3,48,2,2,0,0,14,3,0,12,2,2,1,1,4,45,1,1,2,2,3,3,3,2,0,0,3,49,3,58,88,88,0,0,0,0,1,7,1,122421,2450,2009,99999,SR-368,BECK AVE,0000000,30.18965833,-85.70068056,2,2
12,11,12,14,19,5,1,2,0,0,13,3,0,30,0,1,4,2,4,45,1,1,2,1,0,0,3,1,0,0,99,99,99,99,99,99,0,0,0,0,1,2,0,122422,2468,2009,99999,SR-820,99999999999999999999,0000000,26.00787222,-80.32916667,1,1
12,71,12,23,20,51,2,2,0,0,14,3,0,12,1,3,1,2,2,50,1,1,2,1,3,3,3,1,0,0,20,50,20,55,88,88,0,0,0,0,1,4,0,122423,1070,2009,99999,SR-82,I-75,0000000,26.63524444,-81.80328056,2,1
12,69,12,25,8,20,4,8,0,1,2,3,0,12,1,1,1,2,2,70,1,2,2,2,0,0,1,1,0,0,8,21,8,28,99,99,0,0,0,0,1,6,0,122424,0,2009,99999,SR-91,99999999999999999999,0000000,28.60472778,-81.72347222,4,1
12,105,12,31,19,30,1,2,1,0,16,6,0,9,0,1,1,2,2,45,1,1,2,1,0,0,3,1,0,0,19,30,19,30,99,99,0,0,0,0,1,5,0,122425,120,2009,99999,CR-655,99999999999999999999,0000000,28.06319444,-81.81755556,1,1
12,86,12,29,18,46,1,2,1,0,6,4,0,9,0,1,1,1,2,45,1,1,2,1,0,0,2,1,0,0,99,99,99,99,99,99,0,0,0,0,1,3,0,122426,0,2009,99999,SW 200TH ST,99999999999999999999,0000000,25.57973333,-80.47750278,1,1
12,103,11,13,9,46,1,1,0,0,13,3,0,33,0,1,4,2,3,45,1,1,2,1,28,3,1,1,0,0,9,46,9,49,88,88,0,0,0,0,1,6,0,122427,2310,2009,99999,SR-584,99999999999999999999,0000000,28.03796944,-82.66276389,1,1
12,103,12,26,17,35,1,1,0,0,13,3,0,23,0,1,4,2,2,35,2,2,1,1,28,3,3,1,0,0,17,52,17,55,88,88,0,0,0,0,1,7,0,122428,1480,2009,99999,SR-688,99999999999999999999,0000000,27.88405,-82.84919722,1,1
12,11,12,31,20,13,1,3,0,0,13,3,0,33,0,1,4,2,3,45,2,1,2,1,0,0,3,1,0,0,20,14,20,19,99,99,0,0,0,0,2,5,0,122429,2541,2009,99999,SR-838,99999999999999999999,0000000,26.147825,-80.24080556,1,1