STATE,COUNTY,MONTH,DAY,HOUR,MINUTE,VE_TOTAL,PERSONS,PEDS,NHS,ROAD_FNC,ROUTE,SP_JUR,HARM_EV,MAN_COLL,REL_JUNC,REL_ROAD,TRAF_FLO,NO_LANES,SP_LIMIT,ALIGNMNT,PROFILE,PAVE_TYP,SUR_COND,TRA_CONT,T_CONT_F,LGT_COND,WEATHER1,WEATHER2,WRK_ZONE,NOT_HOUR,NOT_MIN,ARR_HOUR,ARR_MIN,HOSP_HR,HOSP_MN,SCH_BUS,CF1,CF2,CF3,FATALS,DAY_WEEK,DRUNK_DR,ST_CASE,CITY,YEAR,MILEPT,TWAY_ID,TWAY_ID2,RAIL,LATITUDE,LONGITUD,VE_FORMS,WEATHER
12,85,12,18,17,57,2,4,1,0,13,2,0,8,0,3,1,2,3,35,1,1,2,2,3,3,3,2,0,0,99,99,99,99,99,99,0,0,0,0,1,6,0,122430,2900,2009,99999,US-1,PALM CITY ROAD,0000000,27.19342222,-80.25679444,2,2
12,86,11,12,18,45,2,2,0,0,14,3,0,13,2,1,1,1,4,30,1,1,2,1,0,0,3,1,0,0,18,46,18,52,99,99,0,0,0,0,1,5,0,122431,2030,2009,99999,SR-915,99999999999999999999,0000000,25.86916944,-80.18555278,2,1
12,73,12,27,19,31,1,2,1,1,13,3,0,8,0,1,1,2,4,45,1,2,2,1,0,0,3,1,0,0,19,36,19,39,99,99,0,0,0,0,1,1,1,122432,2940,2009,99999,SR-263,99999999999999999999,0000000,30.46079444,-84.36095833,1,1
12,57,11,21,1,10,1,3,2,0,13,3,0,8,0,1,1,2,2,35,1,1,2,1,28,3,3,1,0,0,99,99,99,99,99,99,0,0,0,0,1,7,0,122433,2950,2009,99999,SR-60,99999999999999999999,0000000,27.94468056,-82.47266667,1,1
12,103,9,12,1,58,2,3,1,0,14,2,0,8,0,1,1,2,2,35,1,1,2,2,28,3,3,2,0,0,1,58,2,3,99,99,0,0,0,0,1,7,0,122434,2730,2009,99999,US-92,99999999999999999999,0000000,27.78084722,-82.63853333,2,2
12,95,9,18,22,13,1,1,0,0,13,2,0,24,0,2,4,1,2,45,2,2,2,1,0,0,3,1,0,0,22,14,22,16,88,88,0,0,0,0,1,6,1,122435,70,2009,99999,US-441,SR-436,0000000,28.67310278,-81.49932778,1,1
12,11,11,8,20,24,1,1,0,0,13,2,0,42,0,3,4,2,3,45,1,1,2,1,3,3,3,1,0,0,20,29,20,30,99,99,0,0,0,0,1,1,0,122436,1782,2009,99999,US-441,NW 12TH ST,0000000,26.14148889,-80.20272222,1,1
12,86,8,22,10,50,1,1,0,1,11,1,0,33,0,13,2,6,2,55,2,1,2,1,0,0,1,1,0,0,99,99,99,99,99,99,0,0,0,0,1,7,0,122437,0,2009,99999,I-395,NW 42 AVENUE,0000000,25.78540833,-80.26333611,1,1
12,99,12,13,17,7,2,3,0,0,13,3,0,12,3,2,1,2,3,40,1,1,2,1,3,3,1,1,0,0,99,99,99,99,99,99,0,0,0,0,1,1,0,122438,330,2009,99999,SR-804,WINCHESTER PARK BLVD,0000000,26.52752778,-80.09368889,2,1
12,89,12,21,18,18,1,1,0,0,6,4,0,32,0,1,4,1,2,55,1,1,4,1,28,3,3,1,0,0,99,99,99,99,99,99,0,0,0,0,1,2,0,122439,0,2009,99999,CR-121,99999999999999999999,0000000,30.73424722,-81.99094167,1,1
12,103,8,2,16,8,1,2,1,0,16,6,0,9,0,2,1,1,2,25,1,1,2,1,20,3,1,1,0,0,99,99,99,99,99,99,0,0,0,0,1,1,0,122440,2680,2009,99999,10TH AVE,3RD ST,0000000,27.992325,-82.698,1,1
12,103,10,20,13,38,1,2,1,0,13,2,0,9,0,8,2,1,2,99,1,1,2,1,0,0,1,1,0,0,13,38,13,42,99,99,0,0,0,0,1,3,0,122441,2730,2009,99999,US-19,9TH AVE N,0000000,27.780775,-82.67950278,1,1
12,103,11,25,18,43,1,2,1,0,13,2,0,8,0,1,1,2,3,35,1,1,2,2,0,0,3,2,0,0,18,44,18,47,99,99,0,0,0,0,1,4,0,122442,2730,2009,99999,US-19,99999999999999999999,0000000,27.76298611,-82.67933889,1,2
12,103,12,4,20,29,1,2,1,0,13,2,0,8,0,1,1,2,3,35,1,1,2,2,28,3,3,2,0,0,20,29,20,31,99,99,0,0,0,0,1,6,0,122443,2730,2009,99999,US-19,99999999999999999999,0000000,27.76845278,-82.67950556,1,2
12,71,12,11,16,6,1,2,0,0,16,6,0,42,0,1,4,2,3,45,1,1,2,1,28,3,1,1,0,0,16,6,16,10,99,99,0,0,0,0,1,6,1,122444,457,2009,99999,CAPE CORAL PKWY,99999999999999999999,0000000,26.56275833,-81.94115833,1,1
12,99,12,16,18,11,1,2,1,0,14,3,0,8,0,2,1,2,2,25,1,2,2,1,28,3,1,1,0,0,99,99,99,99,99,99,0,0,0,0,1,4,0,122445,330,2009,99999,SR-804,N SEACREST BLVD,0000000,26.52891389,-80.06357222,1,1
12,86,12,18,15,42,2,2,0,0,6,4,0,12,5,2,1,2,2,30,1,1,2,1,3,3,1,1,0,0,99,99,99,99,99,99,0,0,0,0,1,6,0,122446,0,2009,99999,SW 26TH STREET,SW 142ND AVENUE,0000000,25.74330278,-80.42422778,2,1
12,9,12,31,13,58,2,2,0,0,16,6,0,13,2,1,1,1,2,45,1,1,2,1,0,0,1,1,0,0,99,99,99,99,99,99,0,0,0,0,1,5,0,122448,1990,2009,99999,JOHN RHODES BLVD,99999999999999999999,0000000,28.10251667,-80.70023333,2,1
12,86,11,5,19,14,1,2,1,0,6,4,0,8,0,2,1,1,2,99,1,1,2,1,0,0,5,1,0,0,19,16,19,18,99,99,0,0,0,0,1,5,0,122449,0,2009,99999,SW 17TH AVE,SW 192ND ST,0000000,25.58835556,-80.380575,1,1
12,9,12,27,2,15,1,2,1,0,14,3,0,15,0,2,1,2,2,40,1,1,2,1,3,3,3,1,0,0,2,15,99,99,88,88,0,0,0,0,1,1,1,122450,3000,2009,99999,SR-50,KEY LARGO DR,0000000,28.55748056,-80.81003333,1,1
12,103,12,12,16,55,1,1,0,0,13,3,0,24,0,1,4,2,2,35,2,1,1,1,0,0,5,1,0,0,17,2,17,4,88,88,0,0,0,0,1,7,1,122451,1480,2009,99999,SR-688,99999999999999999999,0000000,27.88404167,-82.84939444,1,1
12,103,12,31,20,45,1,1,0,0,16,6,0,42,0,1,3,2,1,30,2,1,2,1,28,3,3,1,0,0,20,48,20,52,88,88,0,0,0,0,1,5,0,122452,860,2009,99999,VIRGINIA ST,99999999999999999999,0000000,28.01744444,-82.75901111,1,1
12,11,12,21,21,28,2,3,0,0,15,4,0,12,99,3,1,2,2,35,1,1,2,1,3,3,2,1,0,0,99,99,99,99,99,99,0,0,0,0,1,2,0,122453,0,2009,99999,NW 6TH ST,NW 27TH AVE,0000000,26.12892222,-80.17833056,2,1
12,101,10,27,20,24,1,2,1,0,13,3,0,8,0,1,1,2,2,30,1,1,2,2,0,0,3,2,0,0,99,99,99,99,99,99,0,0,0,0,1,3,0,122454,3330,2009,99999,SR-54,99999999999999999999,0000000,28.23296389,-82.18312222,1,2
12,69,12,13,12,36,2,2,0,0,6,4,0,54,11,1,1,1,2,55,1,1,2,1,0,0,1,1,0,0,12,38,12,59,99,99,0,14,0,0,1,1,0,122455,0,2009,99999,CR-448,99999999999999999999,0000000,28.75037222,-81.70140278,2,1
12,101,8,1,8,45,1,1,0,0,6,4,0,1,0,1,4,1,2,45,2,1,2,1,28,3,1,1,0,0,8,48,8,52,99,99,0,0,0,0,1,7,0,122456,1755,2009,99999,EHREN CUTOFF,99999999999999999999,0000000,28.30691111,-82.42698611,1,1
12,99,6,3,3,20,1,2,0,1,11,1,0,24,0,1,4,3,5,55,1,1,2,2,28,3,2,1,0,0,99,99,99,99,99,99,0,0,0,0,1,4,1,122457,3190,2009,99999,I-95,99999999999999999999,0000000,26.70076111,-80.072275,1,1
12,71,11,21,11,7,1,1,0,0,16,6,0,30,0,1,4,2,1,35,1,1,2,1,20,3,1,1,0,0,11,7,11,19,99,99,0,0,0,0,1,7,0,122458,457,2009,99999,ACADEMY BLVD,99999999999999999999,0000000,26.61364167,-81.95944167,1,1
12,11,12,20,5,19,2,8,1,0,13,3,0,12,1,3,1,2,3,40,1,1,2,1,0,0,3,1,0,0,99,99,99,99,99,99,0,0,0,0,1,1,0,122459,1050,2009,99999,SR-842,SW 31ST AVE,0000000,26.12129444,-80.18615,2,1
12,71,12,15,20,4,2,2,0,0,6,3,0,12,2,2,1,1,2,40,1,1,2,1,3,3,3,1,0,0,20,6,20,13,99,99,0,0,0,0,1,3,0,122460,1070,2009,99999,SR-884,MCGREGOR BLVD,0000000,26.59661667,-81.89069167,2,1
12,105,12,20,3,14,1,2,1,0,14,3,0,8,0,2,1,2,2,45,1,2,2,1,3,3,3,1,0,0,99,99,99,99,99,99,0,0,0,0,1,1,0,122461,0,2009,99999,SR-655,SPIRIT LAKE RD,0000000,28.02583056,-81.77611111,1,1
12,1,12,26,6,0,1,1,0,0,6,4,0,53,0,1,4,1,2,30,1,1,2,1,28,3,2,1,0,0,6,48,6,58,99,99,0,0,0,0,1,7,0,122462,0,2009,99999,NW 142ND AVE,99999999999999999999,0000000,29.78561111,-82.60594444,1,1
13,89,1,1,5,15,1,2,0,0,14,4,0,42,0,1,6,1,2,35,1,1,2,1,0,0,3,1,0,0,5,34,5,46,6,25,0,0,0,0,1,5,1,130001,0,2009,23,KLONDIKE RD,99999999999999999999,0000000,33.66171111,-84.12441667,1,1
13,103,1,1,19,18,2,5,0,0,5,4,0,12,5,2,1,1,2,30,1,1,2,1,20,3,3,1,0,0,19,18,19,23,20,6,0,20,0,0,1,5,1,130002,4670,2009,1,E 4TH ST,RICHLAND AVE,0000000,32.29650278,-81.23385556,2,1
13,135,1,1,20,57,1,2,0,0,15,4,0,32,0,1,6,1,2,40,2,1,2,1,0,0,2,1,0,0,22,0,22,10,22,45,0,0,0,0,1,5,1,130003,0,2009,8,HARMONY GROVE RD,99999999999999999999,0000000,33.86310278,-84.15715,1,1
13,175,1,1,22,9,1,1,0,0,4,4,0,27,0,1,4,1,2,35,2,2,2,1,0,0,3,1,0,0,22,11,22,21,22,41,0,0,0,0,1,5,1,130004,4600,2009,58,BATES AVE,99999999999999999999,0000000,32.38197222,-82.98625833,1,1
13,313,1,1,0,8,2,1,0,0,15,4,0,35,0,1,6,1,2,45,2,2,2,1,0,0,2,1,0,0,0,8,0,13,88,88,0,0,0,0,1,5,1,130005,0,2009,1,HOUSTON VALLEY RD,99999999999999999999,0000000,34.80118889,-85.04241944,1,1
13,279,1,2,19,27,3,6,0,0,2,3,0,12,4,1,1,1,2,55,1,2,2,1,0,0,2,1,0,0,19,29,19,37,20,12,0,0,0,0,1,6,0,130006,0,2009,160,SR-4,99999999999999999999,0000000,32.16051944,-82.33858056,3,1
13,51,1,3,19,32,1,2,1,1,11,1,0,8,0,1,1,3,2,55,1,1,2,1,0,0,2,1,0,0,88,88,88,88,88,88,0,0,0,0,1,7,0,130007,4910,2009,99999,I-516,99999999999999999999,0000000,32.0539,-81.14147778,1,1
13,145,1,3,7,4,1,1,0,0,4,3,0,42,0,1,6,1,2,55,2,2,2,2,0,0,1,5,0,0,7,4,7,18,88,88,0,0,0,0,1,7,0,130008,0,2009,151,SR-315,99999999999999999999,0000000,32.6354,-84.83200556,1,5
13,245,1,3,13,41,1,1,0,0,13,3,0,27,0,1,3,2,2,55,2,2,1,2,0,0,1,2,0,0,13,43,13,54,14,10,0,0,0,0,1,7,1,130009,310,2009,20,SR-383,99999999999999999999,0000000,33.46780278,-82.13164444,1,2
13,89,1,4,3,14,1,3,1,1,11,1,0,8,0,1,1,3,5,55,1,1,2,2,0,0,2,2,0,0,88,88,88,88,88,88,0,0,0,0,1,1,0,130010,0,2009,25,I-85 / SR-403,99999999999999999999,0000000,33.87715,-84.27406389,1,2
13,121,1,4,21,36,1,1,0,1,11,1,0,42,0,1,3,2,7,55,2,1,2,1,0,0,2,1,0,0,21,36,21,44,88,88,0,0,0,0,1,1,0,130011,280,2009,254,I-85,99999999999999999999,0000000,33.79698056,-84.39388333,1,1
13,135,1,4,99,99,1,1,0,0,16,4,0,42,0,1,6,1,2,35,2,2,2,2,0,0,2,5,0,0,88,88,88,88,88,88,0,0,0,0,1,1,1,130012,0,2009,9,TAB ROBERTS RD,99999999999999999999,0000000,33.99443333,-84.04661111,1,5
13,151,1,4,18,17,2,3,0,0,4,3,0,12,2,2,1,2,2,55,1,1,2,1,3,3,3,1,0,0,18,17,18,21,19,19,0,0,0,0,1,1,0,130013,0,2009,125,SR-20,WEST RIDGE PKWY,0000000,33.41299444,-84.19951944,2,1
13,25,1,5,7,28,2,3,0,0,9,4,0,12,2,1,1,1,2,45,2,1,2,2,0,0,1,5,0,0,7,28,7,49,9,56,0,0,0,0,2,2,0,130014,0,2009,99999,RAYBON ROCK RD,99999999999999999999,0000000,31.24126111,-82.10750278,2,5
13,143,1,5,18,16,1,2,1,0,2,3,0,8,0,2,1,2,2,55,1,1,2,2,3,3,2,2,0,0,18,16,18,17,88,88,0,0,0,0,1,2,0,130015,770,2009,79,SR-27,SR-120,0000000,33.80375556,-85.17700278,1,2
13,297,1,5,11,58,2,3,0,0,3,3,0,12,5,2,1,2,2,55,2,2,2,1,20,3,1,1,0,0,11,58,12,6,12,24,0,0,0,0,1,2,0,130016,0,2009,70,SR-10,YOUTH MONROE RD,0000000,33.80946111,-83.79735833,2,1
13,285,1,7,7,53,2,2,0,0,16,6,0,12,5,2,1,1,2,30,1,2,2,2,0,0,1,1,0,0,7,53,8,3,8,30,0,0,0,0,1,4,0,130017,3050,2009,9,N BARNARD ST,WOOD AVE,0000000,33.05638889,-85.00795833,2,1
13,21,1,8,20,58,2,3,1,0,13,3,0,8,0,1,1,2,2,50,1,1,2,1,0,0,2,1,0,0,20,58,21,4,88,88,0,0,0,0,1,5,0,130018,3390,2009,170,SR-11,99999999999999999999,0000000,32.86645,-83.61295278,2,1
13,29,1,9,7,34,1,1,0,1,1,1,0,1,0,1,1,3,2,70,1,1,2,1,0,0,1,1,0,0,7,34,7,47,88,88,0,0,0,0,1,6,0,130019,0,2009,47,I-95,99999999999999999999,0000000,31.89224167,-81.32616389,1,1
13,67,1,9,13,47,2,3,0,0,15,4,0,12,5,2,1,1,4,45,1,1,2,1,3,3,1,1,0,0,13,53,14,11,14,20,0,0,0,0,1,6,0,130020,5070,2009,58,ATLANTA RD,W SPRING ST,0000000,33.88397222,-84.51456111,2,1
13,109,1,9,6,52,2,4,0,0,3,3,0,12,11,1,1,1,4,55,1,2,2,1,0,0,4,1,0,0,6,52,7,0,8,0,0,0,0,0,1,6,0,130021,0,2009,118,SR-73,99999999999999999999,0000000,32.22135278,-81.87664167,2,1
13,139,1,9,18,1,2,3,0,0,14,3,0,12,2,1,1,1,2,45,1,2,2,1,0,0,2,1,0,0,18,1,18,28,18,52,0,0,0,0,1,6,0,130022,0,2009,50,SR-332,99999999999999999999,0000000,34.20663889,-83.79153333,2,1
13,293,1,9,13,24,2,3,0,0,4,4,0,12,5,2,1,1,2,35,2,2,2,1,20,3,1,1,0,0,13,24,13,30,13,48,0,0,0,0,1,6,0,130023,0,2009,63,JEFF DAVIS RD,HANNAHS MILL RD,0000000,32.93411944,-84.35553889,2,1
13,45,1,10,22,36,1,3,0,0,3,3,0,42,0,1,6,1,2,55,2,2,2,2,0,0,2,2,0,0,22,41,22,52,23,22,0,0,0,0,1,7,1,130024,0,2009,246,SR-166,99999999999999999999,0000000,33.61769167,-84.95259722,1,2
13,51,1,11,17,53,1,2,1,0,14,6,0,8,0,1,1,1,4,35,1,1,2,2,0,0,3,2,0,0,17,53,17,58,18,15,0,0,0,0,1,1,0,130025,4910,2009,44,WATERS AVE,99999999999999999999,0000000,32.00694722,-81.10075278,1,2
13,51,1,11,18,31,1,2,1,0,13,3,0,8,0,1,1,1,4,45,1,1,2,1,0,0,2,1,0,0,18,31,18,40,88,88,0,0,0,0,1,1,0,130026,0,2009,105,SR-17,99999999999999999999,0000000,32.05315278,-81.144075,1,1
13,121,1,11,19,11,3,6,0,0,16,6,0,12,1,2,1,1,3,35,2,1,2,1,3,3,3,1,0,0,19,11,19,13,19,32,0,0,0,0,1,1,1,130027,280,2009,0,PRYOR CIR,CLAIRE DR,0000000,33.70866944,-84.39368889,3,1
13,213,1,12,8,18,2,3,0,0,3,3,0,34,0,8,2,1,2,55,2,2,2,1,0,0,1,1,0,0,8,18,8,28,9,39,0,0,0,0,1,2,0,130028,0,2009,37,SR-225,99999999999999999999,0000000,34.65845278,-84.83721944,2,1
13,1,1,13,15,31,3,3,0,0,2,3,0,12,8,1,1,1,2,55,2,1,2,1,0,0,1,1,0,0,15,32,15,38,16,8,0,0,0,0,1,3,0,130029,0,2009,14,SR-4,99999999999999999999,0000000,31.65747222,-82.44003333,3,1
13,285,1,13,12,36,2,6,0,1,1,1,0,13,4,1,1,2,2,70,1,1,2,1,0,0,1,1,0,0,12,36,12,51,13,31,0,0,0,0,1,3,0,130030,0,2009,99999,I-85,99999999999999999999,0000000,32.89349722,-85.13515833,2,1
13,311,1,13,0,25,1,2,0,0,3,3,0,34,0,1,6,1,2,45,2,2,2,1,0,0,2,1,0,0,0,38,0,44,88,88,0,0,0,0,1,3,1,130031,0,2009,81,SR-75,99999999999999999999,0000000,34.71986944,-83.74740556,1,1
13,145,1,14,10,34,1,1,0,0,4,3,0,53,0,1,4,1,2,45,1,1,2,1,0,0,1,1,0,0,10,34,10,39,88,88,0,0,0,0,1,4,0,130032,0,2009,141,SR-116,99999999999999999999,0000000,32.79503056,-84.81458056,1,1
13,313,1,14,16,15,2,4,0,0,14,3,0,12,5,2,1,1,4,55,1,1,2,1,3,3,1,1,0,0,16,18,16,24,16,40,0,0,0,0,3,4,0,130033,0,2009,224,SR-3,OLD CHATTANOOGA RD,0000000,34.79734722,-84.99413889,2,1
13,69,1,15,11,15,2,3,0,0,14,3,0,12,7,1,1,1,2,55,1,1,2,1,40,3,1,1,0,0,11,21,11,29,13,0,0,0,0,0,1,5,0,130034,0,2009,217,SR-158,99999999999999999999,0000000,31.48441667,-82.80399722,2,1
13,107,1,16,15,32,2,3,0,0,2,3,0,12,5,2,1,2,2,55,1,1,2,1,3,3,1,1,0,0,15,33,15,39,88,88,0,0,0,0,2,6,0,130035,0,2009,222,SR-4,SR-56,0000000,32.57618333,-82.35939444,2,1
13,139,1,16,8,32,2,2,0,1,2,3,0,12,1,3,1,2,2,65,1,1,1,1,3,3,1,1,0,0,8,32,8,37,9,18,0,0,0,0,1,6,0,130036,0,2009,195,SR-365,WHITE SULPHUR RD,0000000,34.34938889,-83.75895,2,1
13,71,1,17,19,40,2,5,0,0,2,3,0,12,4,3,1,1,4,45,2,2,2,1,20,3,2,1,0,0,19,45,19,47,21,11,0,0,0,0,1,7,0,130037,0,2009,144,SR-35,SUMNER RD,0000000,31.21726944,-83.76963611,2,1
13,89,1,17,4,28,1,3,1,0,13,3,0,8,0,1,1,2,3,45,1,3,2,1,0,0,3,1,0,0,88,88,88,88,88,88,0,0,0,0,1,7,1,130038,0,2009,11,SR-13,99999999999999999999,0000000,33.83832222,-84.33390833,1,1
13,207,1,17,16,43,3,6,1,1,1,1,0,12,7,1,1,3,3,70,1,1,2,1,0,0,1,1,0,0,16,46,16,52,17,27,0,0,0,0,2,7,0,130039,0,2009,214,I-75,99999999999999999999,0000000,33.16471389,-84.040175,2,1
13,285,1,17,2,10,1,5,0,0,3,3,0,1,0,1,2,1,2,55,2,2,2,1,0,0,2,1,0,0,2,10,2,31,4,11,0,0,0,0,1,7,1,130040,0,2009,70,SR-1,99999999999999999999,0000000,32.94681389,-84.92946667,1,1
13,69,1,18,14,46,2,6,0,0,5,4,0,12,2,1,1,1,2,55,1,3,2,2,0,0,1,2,0,0,14,47,14,58,15,30,0,0,0,0,2,1,0,130041,0,2009,55,NEW FORREST HWY,99999999999999999999,0000000,31.56233889,-82.74782222,2,2
13,121,1,18,19,17,1,3,1,0,16,6,0,8,0,1,1,1,2,35,1,1,2,1,0,0,2,1,0,0,19,19,19,30,20,2,0,0,0,0,1,1,0,130042,1900,2009,27,W TAYLOR AVE,99999999999999999999,0000000,33.67349722,-84.44686111,1,1
13,183,1,18,8,37,1,1,0,0,3,3,0,34,0,1,6,1,2,55,2,1,2,1,0,0,1,1,0,0,8,37,8,43,88,88,0,0,0,0,1,1,0,130043,0,2009,148,SR-23,99999999999999999999,0000000,31.79902778,-81.84415278,1,1
13,97,1,19,17,13,2,2,0,0,16,4,0,12,2,1,1,1,2,25,1,1,2,1,0,0,1,1,0,0,17,13,17,15,88,88,0,0,0,0,1,2,0,130044,1770,2009,8,W STRICKLAND ST,99999999999999999999,0000000,33.74325556,-84.77585,2,1
13,135,1,19,10,30,2,2,0,1,13,3,0,12,5,2,1,3,2,55,1,2,2,1,20,3,1,1,0,0,10,30,10,37,11,3,0,0,0,0,1,2,0,130045,0,2009,43,SR-124,CHESTERFIELD CT,0000000,33.82339444,-84.03249167,2,1
13,153,1,20,22,7,1,1,0,0,16,4,0,39,0,1,6,1,2,35,2,2,2,1,0,0,2,1,0,0,22,9,22,15,88,88,0,0,0,0,1,3,1,130046,0,2009,3,CRESTVIEW CHURCH RD,99999999999999999999,0000000,32.59552778,-83.71380278,1,1
13,121,1,22,4,37,1,2,0,1,1,1,0,25,0,1,3,3,3,65,1,2,1,1,0,0,2,1,0,1,4,38,4,54,5,30,0,3,0,0,1,5,0,130047,2060,2009,33,I-85,99999999999999999999,0000000,33.54146667,-84.58710833,1,1
13,121,1,22,9,9,2,2,0,0,14,3,0,12,2,1,1,1,2,45,1,2,2,1,0,0,1,1,0,0,9,18,9,25,9,49,0,0,0,0,1,5,0,130048,280,2009,12,SR-42,99999999999999999999,0000000,33.70252778,-84.34998056,2,1
13,215,1,22,9,24,1,2,1,0,14,6,0,8,0,1,1,1,2,35,1,1,2,1,0,0,1,1,0,0,9,24,9,32,9,46,0,0,0,0,1,5,0,130049,1280,2009,4,UNIVERSITY AVE,99999999999999999999,0000000,32.50198056,-84.93646111,1,1
13,229,1,22,19,5,1,3,0,0,6,4,0,34,0,1,6,1,2,35,1,1,1,1,0,0,2,1,0,0,19,5,19,27,19,59,0,0,0,0,2,5,1,130050,0,2009,99999,LITTLE HURRICANE CRE,99999999999999999999,0000000,31.37448889,-82.39239722,1,1
13,67,1,24,0,29,2,2,0,0,16,4,0,12,5,2,1,1,2,45,2,3,2,1,0,0,2,1,0,0,0,29,0,41,1,46,0,0,0,0,1,7,1,130051,0,2009,7,MIDWAY RD,SYLVIA DR,0000000,33.95610556,-84.67894722,2,1
13,133,1,24,23,39,1,1,0,0,5,4,0,37,0,1,6,1,2,45,2,1,2,1,0,0,2,5,0,0,23,50,0,1,88,88,0,0,0,0,1,7,0,130052,0,2009,8,WRIGHTSVILLE CH RD,99999999999999999999,0000000,33.50976944,-83.20255278,1,5
13,45,1,25,21,56,1,2,0,0,6,4,0,42,0,1,6,1,2,30,2,2,2,1,0,0,2,1,0,0,21,59,22,0,22,32,0,0,0,0,1,1,0,130053,0,2009,0,LUTHER CIRCLE,99999999999999999999,0000000,33.748625,-84.95040833,1,1
13,275,1,25,14,50,2,4,0,1,2,3,0,12,5,2,1,2,2,65,1,2,2,1,20,3,1,1,0,0,14,50,14,59,15,20,0,0,0,0,1,1,0,130054,0,2009,231,SR-3,SR-188,0000000,30.974225,-84.05377778,2,1
13,67,1,26,20,41,1,1,0,0,14,3,0,33,0,1,4,1,2,45,1,2,2,1,0,0,2,1,0,0,88,88,88,88,88,88,0,0,0,0,1,2,1,130055,3440,2009,88,SR-3,99999999999999999999,0000000,33.97059167,-84.53983889,1,1
13,145,1,26,0,4,1,1,0,0,4,4,0,1,0,1,6,1,2,55,2,2,2,1,0,0,2,1,0,0,0,6,0,16,88,88,0,0,0,0,1,2,0,130056,0,2009,40,HOPEWELL CHURCH RD,99999999999999999999,0000000,32.82170556,-84.95952778,1,1
13,289,1,26,0,57,1,1,0,1,2,3,0,1,0,1,1,2,2,55,1,2,2,2,0,0,2,5,0,0,88,88,88,88,88,88,0,0,0,0,1,2,0,130057,0,2009,18,SR-57,99999999999999999999,0000000,32.85011944,-83.46285556,1,5
13,31,1,27,19,33,1,1,0,1,1,1,0,24,0,1,3,2,2,70,2,2,1,1,0,0,2,1,0,0,19,40,20,3,88,88,0,0,0,0,1,3,0,130058,0,2009,126,I-16,99999999999999999999,0000000,32.26899167,-81.74343056,1,1
13,157,1,27,13,9,1,2,0,1,1,1,0,1,0,1,1,2,2,70,1,2,1,1,0,0,1,1,0,0,13,9,13,17,14,2,0,0,0,0,2,3,0,130059,2920,2009,92,I-85,99999999999999999999,0000000,34.15366944,-83.64434444,1,1
13,215,1,27,21,9,2,2,0,0,16,6,0,12,5,2,1,1,2,25,2,3,2,1,4,3,3,1,0,0,21,10,21,16,21,41,0,0,0,0,1,3,0,130060,1280,2009,4,AMBER DR,LUNA DR,0000000,32.47381667,-84.89204444,2,1
13,15,1,28,5,58,2,2,0,0,13,4,0,12,5,8,1,1,2,35,2,2,2,2,0,0,2,1,0,0,5,58,6,8,6,36,0,0,0,0,1,4,0,130061,0,2009,42,BURNT HICKORY RD,99999999999999999999,0000000,34.20580556,-84.84451667,2,1
13,121,1,28,18,18,1,1,0,0,14,3,0,33,0,2,6,1,5,45,1,1,2,2,0,0,3,1,0,0,18,18,18,20,19,8,0,0,0,0,1,4,0,130062,0,2009,99999,SR-70,WESTGATE DR,0000000,33.74200556,-84.56344167,1,1
13,127,1,28,1,49,2,3,0,1,11,1,0,12,1,1,1,2,2,65,1,1,2,1,0,0,2,5,0,0,1,49,1,57,88,88,0,0,0,0,2,4,0,130063,0,2009,119,I-95,99999999999999999999,0000000,31.16215556,-81.55657778,2,5
13,9,1,29,21,4,1,2,1,0,14,6,0,8,0,1,1,1,2,45,1,2,2,1,0,0,2,1,0,0,21,4,21,22,21,30,0,0,0,0,1,5,0,130064,3620,2009,14,N JEFFERSON ST,99999999999999999999,0000000,33.11158333,-83.23220833,1,1
13,27,1,30,23,3,2,4,0,0,3,3,0,12,5,2,1,1,2,55,1,1,2,1,20,3,2,1,0,0,23,3,23,7,88,88,0,0,0,0,1,6,1,130065,0,2009,154,SR-133,SALEM CHURCH RD,0000000,30.98489444,-83.53574722,2,1
13,245,1,30,23,9,2,2,0,0,14,4,0,12,2,1,1,1,2,45,1,1,2,1,0,0,2,1,0,0,23,19,23,31,23,55,0,0,0,0,1,6,1,130066,310,2009,99999,WINDSOR SPRINGS RD,99999999999999999999,0000000,,,2,1
13,223,1,31,2,11,1,1,0,0,4,4,0,1,0,1,6,1,2,35,2,1,2,1,0,0,2,1,0,0,2,17,2,25,88,88,0,0,0,0,1,7,1,130067,0,2009,22,MULBEBRRY ROCK RD,99999999999999999999,0000000,33.83563056,-84.94362778,1,1
13,263,1,28,19,12,2,4,1,0,4,3,0,8,0,1,1,1,2,55,2,1,2,2,0,0,2,1,0,0,88,88,88,88,88,88,0,14,0,0,1,4,1,130068,0,2009,23,SR-240,99999999999999999999,0000000,32.55287222,-84.53410833,2,1
13,47,2,1,17,1,1,1,0,0,16,4,0,34,0,1,6,1,2,25,1,2,2,1,0,0,1,1,0,0,17,1,17,9,17,36,0,0,0,0,1,1,0,130069,0,2009,1,STATE LINE RD,99999999999999999999,0000000,34.98584722,-85.23591389,1,1
13,135,2,1,10,38,1,1,0,1,11,1,0,25,0,1,3,3,4,65,1,2,2,1,0,0,1,1,0,0,10,39,10,54,11,24,0,0,0,0,1,1,0,130070,0,2009,120,I-85,99999999999999999999,0000000,34.00229722,-84.07336944,1,1