STATE,COUNTY,MONTH,DAY,HOUR,MINUTE,VE_TOTAL,PERSONS,PEDS,NHS,ROAD_FNC,ROUTE,SP_JUR,HARM_EV,MAN_COLL,REL_JUNC,REL_ROAD,TRAF_FLO,NO_LANES,SP_LIMIT,ALIGNMNT,PROFILE,PAVE_TYP,SUR_COND,TRA_CONT,T_CONT_F,LGT_COND,WEATHER1,WEATHER2,WRK_ZONE,NOT_HOUR,NOT_MIN,ARR_HOUR,ARR_MIN,HOSP_HR,HOSP_MN,SCH_BUS,CF1,CF2,CF3,FATALS,DAY_WEEK,DRUNK_DR,ST_CASE,CITY,YEAR,MILEPT,TWAY_ID,TWAY_ID2,RAIL,LATITUDE,LONGITUD,VE_FORMS,WEATHER
13,89,2,1,0,9,1,1,0,0,15,4,0,32,0,1,6,1,2,35,1,1,2,1,0,0,2,1,0,0,0,12,0,27,88,88,0,0,0,0,1,1,1,130071,0,2009,20,IDLEWOOD RD,99999999999999999999,0000000,33.83873333,-84.21359444,1,1
13,261,1,1,2,54,1,1,0,0,3,3,0,53,0,1,4,1,2,55,2,2,2,1,0,0,2,1,0,0,2,56,3,11,88,88,0,0,0,0,1,5,1,130072,0,2009,55,SR-49,99999999999999999999,0000000,31.96541667,-84.31822222,1,1
13,295,1,3,10,50,1,1,0,0,4,3,0,42,0,1,4,1,2,50,2,1,2,2,0,0,1,2,0,0,10,54,11,0,11,45,0,0,0,0,1,7,0,130073,0,2009,69,SR-341,99999999999999999999,0000000,34.83908056,-85.31795833,1,2
13,77,1,4,23,7,2,6,0,1,1,1,0,13,4,1,1,2,2,70,2,2,1,2,0,0,2,1,0,1,23,7,23,26,0,30,0,0,0,0,2,1,0,130074,0,2009,7,I-85,99999999999999999999,0000000,33.23599444,-84.80760833,2,1
13,127,1,9,2,42,1,1,0,0,4,3,0,18,0,1,4,1,2,55,2,1,2,1,0,0,2,1,0,0,2,44,2,50,88,88,0,0,0,0,1,6,1,130075,0,2009,143,SR-99,99999999999999999999,0000000,31.29211944,-81.491775,1,1
13,95,1,14,16,25,2,2,0,1,13,3,0,12,1,1,1,2,2,55,1,1,2,1,0,0,1,1,0,0,16,25,16,32,88,88,0,0,0,0,1,4,0,130076,0,2009,150,SR-520,99999999999999999999,0000000,31.55957778,-84.00893333,2,1
13,121,1,14,22,33,1,3,0,0,16,6,0,42,0,1,6,2,2,40,2,2,2,1,0,0,3,1,0,0,22,36,22,38,23,3,0,20,0,0,1,4,0,130077,120,2009,16,NORTH POINTE PKWY,99999999999999999999,0000000,34.07223056,-84.25631667,1,1
13,21,1,20,20,14,2,3,0,0,14,3,0,12,2,2,1,5,5,45,1,1,2,1,0,0,1,1,0,0,20,14,20,17,20,35,0,0,0,0,1,3,1,130078,3390,2009,97,SR-74,VALLIE CT,0000000,32.82568889,-83.71133611,2,1
13,163,1,22,15,7,3,7,0,1,2,2,0,12,8,1,1,1,2,55,1,1,2,1,40,3,1,1,0,0,15,9,15,19,16,1,0,0,0,0,1,5,0,130079,0,2009,245,US-1 / SR-4,99999999999999999999,0000000,33.15700833,-82.39078889,3,1
13,89,1,23,19,0,1,4,1,0,14,4,0,8,0,3,1,5,5,45,1,2,2,1,3,3,3,1,0,0,19,7,19,11,19,40,0,0,0,0,1,6,0,130080,0,2009,99999,FLAKES MILL RD,BROWN RD,0000000,,,1,1
13,237,1,24,99,99,1,2,0,0,4,4,0,1,0,1,1,1,2,55,1,2,2,1,0,0,2,1,0,0,88,88,88,88,88,88,0,0,0,0,1,7,1,130081,0,2009,45,GLADES RD,99999999999999999999,0000000,33.37564167,-83.47053889,1,1
13,67,1,24,4,52,2,4,1,0,14,4,0,8,0,1,1,2,2,45,2,2,2,2,0,0,2,1,0,0,5,8,5,25,6,2,0,0,0,0,1,7,0,130082,0,2009,1,PIEDMONT RD,99999999999999999999,0000000,34.02020833,-84.513725,2,1
13,121,1,24,17,2,3,4,0,0,13,3,0,12,8,1,1,5,5,45,1,1,2,1,0,0,1,1,0,0,17,2,17,9,17,29,0,0,0,0,1,7,0,130083,4790,2009,114,SR-140,99999999999999999999,0000000,33.99164167,-84.27867778,3,1
13,155,1,24,11,54,1,2,1,0,3,6,0,15,0,1,1,5,5,45,1,1,1,1,0,0,1,1,0,0,11,55,11,56,12,8,0,0,0,0,1,7,0,130084,4120,2009,90,FITZGERALD HWY,99999999999999999999,0000000,31.60335556,-83.25021111,1,1
13,89,1,25,3,53,2,3,0,0,9,4,0,42,0,1,6,1,2,45,2,2,2,1,0,0,2,1,0,0,3,53,4,5,4,25,0,14,0,0,1,1,1,130085,0,2009,99999,OLD COVINGTON HWY,99999999999999999999,0000000,33.70243889,-84.09148056,2,1
13,127,1,27,23,58,1,3,1,1,11,1,0,8,0,1,1,2,2,70,1,1,2,1,0,0,2,5,0,1,88,88,88,88,88,88,0,0,0,0,1,3,0,130086,0,2009,145,I-95 / SR-405,99999999999999999999,0000000,31.30438611,-81.48091667,1,5
13,121,1,30,13,38,1,2,1,0,14,3,0,15,0,3,1,1,4,35,1,1,2,1,3,3,1,1,0,0,13,38,13,41,88,88,0,0,0,0,1,6,0,130087,280,2009,26,SR-237,LENOX RD,0000000,33.84842778,-84.37420556,1,1
13,89,1,7,3,0,1,1,0,1,1,1,0,25,0,1,3,3,4,55,2,1,2,2,0,0,2,2,0,0,3,0,3,0,3,0,0,0,0,0,1,4,0,130088,0,2009,99999,I-85,99999999999999999999,0000000,33.92060833,-84.31474722,1,2
13,57,1,8,17,24,2,2,0,0,19,6,0,12,1,3,1,1,2,45,1,1,2,1,3,3,1,1,0,0,17,24,17,29,18,0,0,0,0,0,1,5,0,130089,920,2009,99999,MARIETTA HWY,SR-20,0000000,34.220425,-84.50808056,2,1
13,121,1,24,1,30,2,3,0,0,14,6,0,30,0,3,2,1,3,30,1,1,2,1,0,0,3,1,0,0,1,30,1,33,1,56,0,0,0,0,1,7,0,130090,280,2009,42,MONROE DR,PONCE DE LEON AVE,0000000,33.77221667,-84.38486111,2,1
13,89,1,31,16,42,3,3,0,0,14,3,0,12,1,2,1,1,4,40,1,2,2,1,3,3,1,1,0,0,16,42,16,42,16,42,0,14,0,0,1,7,0,130091,280,2009,15,SR-260,PARKER AVE,0000000,33.7399,-84.30045556,3,1
13,89,2,2,7,20,1,3,1,0,15,4,0,8,0,2,1,1,2,45,1,1,2,1,20,3,1,1,0,0,7,30,7,37,7,46,0,0,0,0,1,2,0,130092,0,2009,39,S DESHON RD,WILDWOOD TRACE,0000000,33.76002222,-84.11451389,1,1
13,297,2,2,1,19,2,1,0,0,4,4,0,27,0,1,6,1,2,50,1,3,2,1,0,0,3,1,0,0,1,48,2,27,3,20,0,0,0,0,1,2,1,130093,3710,2009,7,E CHURCH ST,99999999999999999999,0000000,33.79517222,-83.68318333,1,1
13,67,2,3,2,42,1,1,0,0,13,4,0,33,0,2,4,3,3,40,2,2,2,1,0,0,3,1,0,0,2,43,2,50,88,88,0,0,0,0,1,3,1,130094,0,2009,10,JOHNSON FERRY RD,LITTLE WILLEO RD,0000000,33.97382222,-84.41344722,1,1
13,135,2,3,20,3,1,1,0,0,16,4,0,36,0,1,6,1,2,35,2,2,2,1,0,0,2,1,0,0,20,3,20,12,20,44,0,0,0,0,1,3,1,130095,0,2009,10,TUGGLE RD,99999999999999999999,0000000,34.0976,-83.91384167,1,1
13,15,2,4,10,12,2,2,0,0,3,3,0,12,2,1,1,1,2,55,1,2,2,1,0,0,1,1,0,0,10,14,10,22,11,26,0,0,0,0,1,4,0,130096,0,2009,203,SR-3,99999999999999999999,0000000,34.30362778,-84.88385,2,1
13,275,2,5,13,25,2,2,0,1,2,3,0,12,5,2,1,2,2,55,1,1,2,1,3,3,1,1,0,0,13,25,13,36,13,56,0,0,0,0,1,5,0,130097,5460,2009,97,SR-35 BYPASS,SR-38,0000000,30.81716667,-84.00073611,2,1
13,63,2,8,15,50,1,1,0,1,11,1,0,1,0,10,2,3,3,65,2,2,2,1,0,0,1,1,0,0,15,50,15,58,16,9,0,0,0,0,1,1,0,130098,0,2009,21,I-285 / SR-407,I-75 / SR-401,0000000,33.63050278,-84.41368889,1,1
13,315,2,8,17,31,1,1,0,0,6,4,0,42,0,1,6,1,2,30,2,2,5,1,0,0,1,1,0,0,17,57,18,27,88,88,0,0,0,0,1,1,1,130099,0,2009,0,CR-137,99999999999999999999,0000000,31.95911667,-83.44542222,1,1
13,59,2,17,17,42,2,3,0,0,13,3,0,24,0,1,2,1,2,35,1,1,2,1,0,0,1,1,0,0,17,43,17,46,18,8,0,0,0,0,2,3,0,130100,270,2009,76,SR-10,99999999999999999999,0000000,33.95320278,-83.39541389,2,1
13,115,2,19,14,26,2,2,0,0,14,3,0,12,5,2,1,1,2,55,1,1,2,1,0,0,1,1,0,0,14,28,14,34,15,20,0,0,0,0,1,5,0,130101,0,2009,47,SR-101,DONAHOO RD,0000000,34.15821111,-85.14215556,2,1
13,31,2,1,13,49,1,1,0,0,5,4,0,53,0,1,6,1,2,55,2,1,2,1,0,0,1,1,0,0,13,49,14,1,88,88,0,0,0,0,1,1,0,130102,0,2009,56,CR-204 / SINKHOLE RD,99999999999999999999,0000000,32.32142778,-81.81278333,1,1
13,231,2,1,22,53,2,3,0,0,4,4,0,12,2,1,1,1,2,50,2,2,2,1,0,0,2,1,0,0,22,54,22,59,0,1,0,0,0,0,1,1,2,130103,0,2009,19,OLD MEANSVILLE RD,99999999999999999999,0000000,33.05489722,-84.32324444,2,1
13,321,2,4,16,8,1,4,0,1,2,3,0,1,0,1,6,2,2,65,1,1,2,1,0,0,1,1,0,0,16,8,16,12,16,37,0,0,0,0,1,4,0,130104,0,2009,22,SR-520,99999999999999999999,0000000,31.55187778,-83.94458056,1,1
13,193,2,5,16,23,1,1,0,0,3,3,0,42,0,1,6,1,2,55,1,2,2,1,0,0,1,1,0,0,16,24,16,28,88,88,0,0,0,0,1,5,0,130105,0,2009,144,SR-26,99999999999999999999,0000000,32.29319167,-83.99509167,1,1
13,153,2,6,23,31,2,2,0,0,14,3,0,12,8,1,1,2,2,55,1,2,1,1,0,0,2,1,0,0,23,38,23,48,0,20,0,0,0,0,1,6,1,130106,0,2009,286,SR-11,99999999999999999999,0000000,32.48091389,-83.71075556,2,1
13,99,2,7,13,30,1,2,0,0,6,4,0,42,0,1,6,1,2,35,1,2,5,1,0,0,1,1,0,0,13,32,13,42,15,17,0,0,0,0,1,7,1,130107,0,2009,3,CR-28,99999999999999999999,0000000,31.27679167,-85.06095833,1,1
13,175,2,8,4,16,1,2,0,0,3,3,0,42,0,1,6,1,2,55,1,2,2,1,0,0,2,1,0,0,4,19,4,30,5,0,0,0,0,0,1,1,0,130108,0,2009,306,SR-26,99999999999999999999,0000000,32.55334167,-82.70278333,1,1
13,99,2,8,14,39,3,3,0,0,2,3,0,12,1,1,1,1,2,55,1,2,2,1,0,0,1,1,0,0,99,99,99,99,99,99,0,0,0,0,1,1,0,130109,0,2009,159,SR-1,99999999999999999999,0000000,31.43360556,-84.90225833,3,1
13,223,2,8,15,4,1,2,0,0,6,4,0,1,0,1,6,1,2,35,2,2,2,1,0,0,1,1,0,0,15,4,15,11,15,46,0,0,0,0,1,1,0,130110,0,2009,16,BILLY BULLOCK RD,99999999999999999999,0000000,33.85195556,-84.94476667,1,1
13,139,2,9,15,14,2,2,0,0,4,3,0,12,5,8,1,1,2,55,1,2,2,1,0,0,1,1,0,0,15,16,15,24,15,50,0,0,0,0,1,2,0,130111,0,2009,32,SR-323,99999999999999999999,0000000,34.28195278,-83.71764444,2,1
13,43,2,10,19,30,1,2,0,0,4,4,0,38,0,1,4,1,2,55,2,2,2,1,0,0,2,1,0,0,19,30,19,35,88,88,0,0,0,0,2,3,1,130112,0,2009,47,CR-152,99999999999999999999,0000000,,,1,1
13,69,2,13,1,6,1,1,0,0,6,4,0,34,0,1,6,1,2,35,1,2,5,1,0,0,2,1,0,0,1,6,1,15,88,88,0,0,0,0,1,6,1,130113,0,2009,27,FT VALLEY RD,99999999999999999999,0000000,31.53421389,-82.9521,1,1
13,89,2,13,23,50,1,2,1,0,12,3,0,8,0,1,1,3,4,55,1,1,2,1,0,0,2,1,0,0,88,88,88,88,88,88,0,0,0,0,1,6,0,130114,0,2009,66,SR-141,99999999999999999999,0000000,33.926875,-84.27406389,1,1
13,127,2,13,5,58,1,1,0,1,2,3,0,38,0,1,6,2,2,55,1,2,2,1,0,0,2,1,0,0,5,58,6,17,88,88,0,0,0,0,1,6,1,130115,0,2009,86,SR-520,99999999999999999999,0000000,31.178625,-81.62972778,1,1
13,139,2,13,15,40,2,2,0,1,2,3,0,12,1,1,1,2,2,55,1,2,1,1,0,0,1,1,0,0,15,40,15,43,16,6,0,0,0,0,1,6,1,130116,0,2009,245,SR-365,99999999999999999999,0000000,34.39488889,-83.69118611,2,1
13,153,2,13,11,43,1,1,0,0,16,4,0,1,0,1,6,1,2,45,2,1,2,1,0,0,1,1,0,0,11,43,12,1,12,24,0,0,0,0,1,6,0,130117,0,2009,27,OLD PERRY RD,99999999999999999999,0000000,32.53105833,-83.60949722,1,1
13,229,2,13,19,33,1,4,1,0,5,4,0,8,0,1,1,1,2,55,2,2,2,1,0,0,3,1,0,0,19,33,19,42,20,5,0,0,0,0,1,6,0,130118,0,2009,32,MIDWAY CHURCH RD,99999999999999999999,0000000,31.24848889,-82.27530278,1,1
13,263,2,13,8,15,1,1,0,0,6,4,0,1,0,1,2,1,2,55,2,1,2,1,0,0,1,1,0,0,8,16,8,35,9,10,0,0,0,0,1,6,0,130119,0,2009,27,CHESNUT GROVE RD,99999999999999999999,0000000,,,1,1
13,313,2,13,0,1,1,2,1,0,14,4,0,8,0,1,1,1,2,45,2,3,2,1,0,0,2,1,0,0,0,1,0,10,0,33,0,19,0,0,1,6,0,130120,0,2009,37,AIRPORT RD,99999999999999999999,0000000,34.74751944,-84.910325,1,1
13,111,2,14,16,57,1,1,0,0,6,4,0,1,0,1,6,1,2,40,2,2,2,1,0,0,1,1,0,0,16,57,17,2,88,88,0,0,0,0,1,7,0,130121,0,2009,5,ADA ST,99999999999999999999,0000000,34.914475,-84.33721389,1,1
13,269,2,14,2,35,1,1,0,0,3,3,0,34,0,1,4,1,2,55,1,2,2,2,0,0,2,2,0,0,2,35,2,45,88,88,0,0,0,0,1,7,0,130122,4620,2009,49,SR-128,99999999999999999999,0000000,32.58410278,-84.08989167,1,2
13,313,2,14,17,20,2,3,0,0,13,3,0,12,5,2,1,2,2,45,1,1,2,1,3,3,1,1,0,0,17,20,17,27,17,50,0,0,0,0,1,7,0,130123,0,2009,130,SR-3,AIRPORT RD,0000000,34.75723333,-84.91963889,2,1
13,29,2,15,23,10,1,1,0,0,6,4,0,35,0,1,2,1,2,55,2,1,2,1,0,0,2,1,0,0,23,10,23,15,88,88,0,0,0,0,1,1,0,130124,0,2009,43,MACK ENGLISH RD,99999999999999999999,0000000,32.10976944,-81.50014444,1,1
13,175,2,15,6,45,1,1,0,1,1,1,0,24,0,1,4,2,2,70,1,1,1,1,0,0,4,1,0,0,6,46,6,58,88,88,0,0,0,0,1,1,0,130125,0,2009,79,I-16 / SR-404,99999999999999999999,0000000,32.52173889,-83.09088611,1,1
13,299,2,15,15,5,2,3,0,0,4,3,0,12,5,2,1,2,2,55,1,1,2,1,20,3,1,1,0,0,15,10,15,12,15,44,0,0,0,0,1,1,0,130126,0,2009,151,SR-520,SR-122,0000000,31.21254444,-82.41726667,2,1
13,43,2,16,20,21,1,2,0,0,5,4,0,34,0,1,2,1,2,35,2,1,2,1,0,0,3,1,0,0,20,21,20,32,20,55,0,0,0,0,1,2,1,130127,3560,2009,2,LILLIAN ST,99999999999999999999,0000000,32.39783611,-82.03829167,1,1
13,297,2,17,10,59,2,2,0,0,4,3,0,12,5,1,1,5,5,55,1,2,2,1,0,0,1,1,0,0,11,6,11,18,11,28,0,0,0,0,1,3,0,130128,3230,2009,99999,SR-78,99999999999999999999,0000000,,,2,1
13,187,2,19,18,49,1,3,0,0,4,4,0,30,0,1,6,1,2,45,2,2,2,1,0,0,1,1,0,0,18,49,18,57,19,44,0,0,0,0,1,5,1,130129,0,2009,39,OLD DAHLONEGA HWY,99999999999999999999,0000000,34.50528333,-83.91074167,1,1
13,89,2,20,18,0,1,1,0,0,14,4,0,38,0,1,6,1,2,45,1,1,2,1,0,0,1,1,0,0,18,2,18,9,18,37,0,0,0,0,1,6,0,130130,0,2009,52,ROCKBRIDGE RD,99999999999999999999,0000000,33.79054444,-84.17327778,1,1
13,149,2,20,14,28,1,1,0,0,6,4,0,32,0,1,6,1,2,45,2,2,2,1,0,0,1,1,0,0,14,28,14,37,88,88,0,0,0,0,1,6,0,130131,0,2009,7,ALABAMA RD,99999999999999999999,0000000,33.38275556,-85.27618056,1,1
13,241,2,20,12,50,2,2,0,1,2,3,0,12,5,2,1,1,2,45,1,2,2,1,20,3,1,1,0,0,12,51,12,57,13,26,0,0,0,0,1,6,0,130132,3810,2009,99999,SR-15,DARLING SPRINGS,0000000,34.91825833,-83.38569444,2,1
13,295,2,20,9,38,1,1,0,1,2,3,0,24,0,2,2,1,2,55,2,2,2,1,0,0,1,1,0,0,88,88,88,88,88,88,0,0,0,0,1,6,0,130133,0,2009,60,SR-1,DERBY LANE,0000000,34.67355833,-85.27137222,1,1
13,45,2,21,4,48,2,4,0,0,6,4,0,12,1,2,1,1,2,55,1,2,2,1,0,0,3,1,0,0,4,48,4,51,5,28,0,0,0,0,1,7,1,130134,0,2009,4,HOLLY TREE RD,HOLLY CREEK DR,0000000,33.60706111,-84.9856,2,1
13,59,2,21,22,52,1,1,0,0,15,4,0,37,0,1,6,1,2,40,2,2,2,1,0,0,2,1,0,0,22,52,23,4,88,88,0,20,0,0,1,7,1,130135,270,2009,99999,ATHENA DR,99999999999999999999,0000000,33.97790556,-83.33374444,1,1
13,217,2,21,11,49,1,2,0,0,14,4,0,37,0,1,6,1,2,45,2,2,2,1,0,0,1,1,0,0,11,51,12,3,88,88,0,0,0,0,1,7,0,130136,0,2009,99999,SPRING RD,99999999999999999999,0000000,33.58377222,-83.98423333,1,1
13,1,2,22,20,10,1,2,0,0,3,3,0,37,0,1,6,1,2,55,1,2,2,1,0,0,2,1,0,0,20,13,20,18,20,50,0,0,0,0,1,1,1,130137,0,2009,50,SR-144,99999999999999999999,0000000,31.80300278,-82.25629167,1,1
13,13,2,22,0,28,1,2,0,0,4,3,0,42,0,1,6,1,2,55,2,2,2,1,0,0,2,1,0,0,0,39,1,4,1,38,0,0,0,0,1,1,1,130138,0,2009,101,SR-82,99999999999999999999,0000000,34.02588056,-83.56799722,1,1
13,285,2,22,21,40,1,1,0,0,5,4,0,1,0,1,1,1,2,55,1,2,2,1,0,0,1,1,0,0,21,42,21,58,88,88,0,0,0,0,1,1,1,130139,0,2009,17,KEITH RD,99999999999999999999,0000000,33.11726389,-84.86082222,1,1
13,85,2,23,16,32,2,5,0,0,6,4,0,12,5,1,1,1,2,35,2,2,2,1,0,0,1,1,0,0,16,32,16,40,17,24,0,0,0,0,1,2,0,130140,0,2009,5,COLTRANE RD,99999999999999999999,0000000,34.33528611,-84.16518611,2,1
13,173,2,23,15,56,1,2,0,0,3,3,0,1,0,2,1,1,2,45,1,1,2,1,3,3,1,1,0,0,15,59,16,8,16,44,0,0,0,0,1,2,0,130141,5213,2009,52,SR-129,SR-38,0000000,30.93631667,-83.00866111,1,1
13,305,2,23,18,19,1,2,0,0,6,4,0,34,0,1,6,1,2,35,1,1,5,1,0,0,1,1,0,0,18,19,18,26,19,37,0,0,0,0,1,2,1,130142,0,2009,51,LITTLE CREEK RD,99999999999999999999,0000000,31.56305,-81.83851111,1,1
13,13,2,24,4,29,1,3,0,0,5,4,0,42,0,1,6,1,2,45,2,2,2,1,0,0,2,1,0,0,4,29,4,38,5,10,0,0,0,0,1,3,1,130143,0,2009,19,CARL CEDAR HILL RD,99999999999999999999,0000000,34.01741667,-83.77806944,1,1
13,45,2,24,11,4,1,1,0,0,3,3,0,42,0,1,6,1,2,55,2,2,2,1,0,0,1,1,0,0,11,4,11,14,12,23,0,0,0,0,1,3,0,130144,0,2009,2,SR-5,99999999999999999999,0000000,33.46837778,-85.29761667,1,1
13,157,2,24,16,19,2,3,0,0,3,3,0,12,5,2,1,1,2,55,1,2,2,1,20,3,1,1,0,0,16,19,16,33,16,57,0,0,0,0,1,3,0,130145,0,2009,53,SR-15 ALT,NEW KINGS BRIDGE RD,0000000,34.05578889,-83.50128611,2,1
13,13,2,24,16,36,1,1,0,0,5,4,0,24,0,1,6,1,2,55,2,2,2,1,0,0,1,1,0,0,16,38,16,52,17,40,0,0,0,0,1,3,0,130146,0,2009,8,NEW CUT RD,99999999999999999999,0000000,34.13795278,-83.75513056,1,1
13,51,2,24,19,7,1,2,1,0,13,3,0,8,0,1,1,1,2,45,1,1,2,1,0,0,2,1,0,0,19,7,19,9,19,50,0,0,0,0,1,3,0,130147,2290,2009,80,SR-17,99999999999999999999,0000000,32.04335,-81.18660556,1,1
13,271,2,25,19,19,1,3,1,0,6,6,0,8,0,2,1,1,2,35,1,1,2,1,20,3,2,1,0,0,19,20,19,25,19,54,0,0,0,0,1,4,0,130148,2660,2009,2,HOMER AVE,11TH ST,0000000,32.078775,-82.913325,1,1
13,15,2,26,15,49,1,1,0,0,13,3,0,42,0,1,6,1,2,55,1,2,2,1,0,0,1,1,0,0,15,49,16,23,17,2,0,0,0,0,1,5,0,130149,0,2009,140,SR-61,99999999999999999999,0000000,34.26545278,-84.75681667,1,1
13,19,2,26,16,46,1,1,0,0,4,3,0,32,0,1,6,1,2,55,2,2,2,1,0,0,1,1,0,0,16,48,16,53,88,88,0,0,0,0,1,5,1,130150,3890,2009,99999,SR-135,99999999999999999999,0000000,31.15914444,-83.08766944,1,1
13,67,2,26,19,40,2,2,0,0,16,4,0,12,5,2,1,3,2,45,1,2,2,1,3,3,3,1,0,0,19,40,19,43,20,9,0,0,0,0,1,5,0,130151,0,2009,11,CHASTAIN MEADOWS PKW,BIG SHANTY RD,0000000,34.02892222,-84.55704722,2,1
13,135,2,26,22,51,1,1,0,0,16,4,0,33,0,1,6,1,2,45,2,1,2,1,0,0,1,1,0,0,22,51,22,58,23,31,0,0,0,0,1,5,1,130152,0,2009,30,OZORO CHURCH RD,99999999999999999999,0000000,33.89539167,-83.90340278,1,1
13,139,2,26,17,48,2,2,0,0,13,3,0,12,5,2,1,2,2,65,1,1,2,1,0,0,1,1,0,0,17,48,17,54,18,12,0,0,0,0,1,5,0,130153,2285,2009,176,SR-419 / LANIER PKWY,HOWARD RD,0000000,34.33174167,-83.78244722,2,1
13,25,2,27,23,0,1,1,0,0,6,4,0,23,0,1,4,1,2,45,1,2,2,1,0,0,2,1,0,0,23,0,23,9,0,18,0,0,0,0,1,6,0,130154,0,2009,99999,JOE KNOX BRIDGE RD,99999999999999999999,0000000,,,1,1
13,119,2,27,13,36,3,3,0,0,4,3,0,12,2,2,1,1,2,55,1,2,2,2,0,0,1,2,0,0,13,36,13,44,14,37,0,0,0,0,1,6,0,130155,0,2009,21,SR-59,CEDAR RIDGE RD,0000000,34.32736389,-83.35303611,3,2
13,137,2,27,11,11,1,2,0,1,2,3,0,37,0,1,6,2,2,65,2,2,2,2,0,0,1,2,0,0,11,11,11,19,12,1,0,0,0,0,1,6,0,130156,0,2009,109,SR-365,99999999999999999999,0000000,34.56430556,-83.51124167,1,2
13,157,2,27,19,54,2,2,0,0,5,4,0,12,4,2,1,1,2,45,1,2,2,2,20,3,2,2,0,0,19,54,19,57,88,88,0,0,0,0,1,6,0,130157,0,2009,33,PLAINVIEW RD,SAGEFIELD CIR,0000000,34.22001667,-83.61509722,2,2
13,5,2,28,19,4,1,5,1,1,2,3,0,8,0,1,1,1,2,55,1,1,2,2,0,0,2,2,0,0,19,4,19,13,88,88,0,0,0,0,1,7,0,130158,0,2009,156,SR-4,99999999999999999999,0000000,31.63297778,-82.455975,1,2
13,13,2,28,3,7,3,4,0,1,2,3,0,12,2,1,1,2,2,65,1,2,1,2,0,0,2,2,0,0,3,7,3,16,3,35,0,0,0,0,1,7,0,130159,0,2009,101,SR-316,99999999999999999999,0000000,33.95156667,-83.66831389,3,2
13,71,2,28,3,40,1,2,1,0,16,4,0,8,0,1,1,1,2,30,1,2,2,1,0,0,2,1,0,0,3,40,3,46,88,88,0,0,0,0,1,7,0,130160,0,2009,17,CIRCLE RD,99999999999999999999,0000000,31.17061944,-83.81139167,1,1
13,135,2,28,19,57,2,2,0,0,14,3,0,12,2,2,1,1,2,50,1,1,2,2,0,0,3,2,0,0,19,57,20,7,20,44,0,0,0,0,1,7,0,130161,0,2009,223,SR-13,CITY HALL ST,0000000,34.13017222,-83.9796,2,2
13,185,2,28,13,11,2,5,0,0,4,4,0,12,2,1,1,1,2,50,1,2,2,1,0,0,1,8,0,0,13,13,13,26,14,10,0,0,0,0,1,7,0,130162,0,2009,31,CLYATTVILLE NANKIN R,99999999999999999999,0000000,30.69167778,-83.35196389,2,8
13,211,2,28,4,4,2,5,0,1,1,1,0,12,5,1,1,2,2,70,1,2,1,2,0,0,2,2,0,0,4,11,4,28,5,42,0,0,0,0,3,7,0,130163,0,2009,240,I-20,99999999999999999999,0000000,33.54039444,-83.31580556,2,2
13,51,1,12,19,17,1,1,0,1,11,1,0,42,0,1,6,2,2,65,1,1,2,1,0,0,2,1,0,0,19,17,19,23,19,54,0,0,0,0,1,2,0,130164,4450,2009,99999,I-16,99999999999999999999,0000000,32.072375,-81.228575,1,1
13,21,1,31,9,22,1,2,1,0,15,6,0,8,0,2,1,1,2,35,1,1,2,1,0,0,1,1,0,0,9,29,9,33,9,51,0,0,0,0,1,7,0,130165,3390,2009,1,NEWBERG AVE,MARLIES CIR,0000000,32.80295,-83.661425,1,1
13,63,1,13,21,20,2,1,0,1,11,1,0,12,1,1,1,2,2,65,1,1,2,1,0,0,2,1,0,0,21,24,21,30,22,50,0,0,0,0,1,3,0,130166,0,2009,37,I-675,99999999999999999999,0000000,33.59917778,-84.29103611,2,1
13,89,2,13,23,41,1,2,1,0,14,6,0,8,0,1,1,1,2,45,1,1,2,1,0,0,3,1,0,0,23,43,23,49,0,8,0,0,0,0,1,6,1,130167,1060,2009,14,CHAMBLEE TUCKER RD,99999999999999999999,0000000,33.88817778,-84.30910278,1,1
13,89,2,17,0,15,1,1,0,0,13,4,0,53,0,1,6,1,2,45,1,1,2,1,0,0,3,1,0,0,0,15,0,20,1,6,0,0,0,0,1,3,1,130168,0,2009,19,SNAPFINGER RD,99999999999999999999,0000000,33.66963889,-84.197675,1,1
13,121,2,17,14,26,3,3,0,0,14,6,0,12,1,1,1,1,2,40,1,1,2,1,0,0,1,1,0,0,14,28,14,33,15,10,0,0,0,0,1,3,0,130169,4790,2009,1,OLD ALABAMA RD,99999999999999999999,0000000,34.02134722,-84.31622778,3,1
13,207,2,19,11,6,1,1,0,0,3,3,0,42,0,1,6,1,2,55,1,1,2,1,0,0,1,1,0,0,11,6,11,10,11,43,0,0,0,0,1,5,0,130170,0,2009,15,SR-19,99999999999999999999,0000000,32.93428056,-83.79002222,1,1
13,121,2,24,8,0,1,2,1,0,16,6,0,8,0,2,1,1,2,35,1,1,2,1,20,3,1,1,0,0,8,0,8,5,8,48,0,0,0,0,1,3,0,130171,5640,2009,6,OAKLEY RD,MALL BLVD,0000000,33.57461389,-84.53025278,1,1
13,89,2,26,8,22,2,3,0,0,14,3,0,12,5,2,1,1,2,40,1,1,2,1,3,3,1,1,0,0,8,30,8,45,9,40,0,0,0,0,1,5,0,130172,0,2009,32,SR-42,SHALLOWFORD RD,0000000,33.8547,-84.28114444,2,1
13,121,2,27,18,55,3,4,0,0,14,3,0,12,7,2,1,1,2,35,1,2,2,2,3,3,3,2,0,0,18,56,19,0,19,21,0,0,0,0,2,6,0,130173,280,2009,65,SR-154,BOULEVARD GRANADA,0000000,33.72223333,-84.46428611,3,2