STATE,COUNTY,MONTH,DAY,HOUR,MINUTE,VE_TOTAL,PERSONS,PEDS,NHS,ROAD_FNC,ROUTE,SP_JUR,HARM_EV,MAN_COLL,REL_JUNC,REL_ROAD,TRAF_FLO,NO_LANES,SP_LIMIT,ALIGNMNT,PROFILE,PAVE_TYP,SUR_COND,TRA_CONT,T_CONT_F,LGT_COND,WEATHER1,WEATHER2,WRK_ZONE,NOT_HOUR,NOT_MIN,ARR_HOUR,ARR_MIN,HOSP_HR,HOSP_MN,SCH_BUS,CF1,CF2,CF3,FATALS,DAY_WEEK,DRUNK_DR,ST_CASE,CITY,YEAR,MILEPT,TWAY_ID,TWAY_ID2,RAIL,LATITUDE,LONGITUD,VE_FORMS,WEATHER
13,215,2,9,12,24,3,4,0,1,13,3,0,13,5,1,1,2,2,65,1,1,1,1,0,0,1,1,0,0,12,24,12,31,13,2,0,0,0,0,1,2,0,130174,1280,2009,25,SR-22,99999999999999999999,0000000,32.53178056,-84.97432222,3,1
13,215,2,25,16,49,1,1,0,0,15,6,0,38,0,2,6,1,2,35,1,1,2,1,0,0,1,1,0,0,16,49,17,12,17,40,0,0,0,0,1,4,0,130175,1280,2009,9,54TH ST,CHUMAR DR,0000000,32.52224722,-84.97231667,1,1
13,21,1,14,8,10,2,3,1,0,4,4,0,8,0,1,1,1,2,35,1,2,2,1,0,0,1,1,0,0,8,10,8,16,8,55,0,14,0,0,1,4,0,130176,0,2009,13,MOSELEY DIXON RD,99999999999999999999,0000000,32.831675,-83.78929167,2,1
13,123,2,9,15,35,1,1,0,0,9,4,0,1,0,1,6,1,2,35,1,1,2,1,0,0,1,1,0,0,88,88,88,88,88,88,0,0,0,0,1,2,1,130177,0,2009,45,WHITEPATH RD,99999999999999999999,0000000,34.7478,-84.42036111,1,1
13,95,2,6,8,18,2,3,0,0,13,3,0,12,2,1,1,5,5,45,1,1,2,1,0,0,1,1,0,0,8,19,8,28,8,53,0,0,0,0,1,6,0,130178,90,2009,206,SR-234,99999999999999999999,0000000,31.55273889,-84.14960833,2,1
13,121,2,7,14,6,2,6,0,0,19,6,0,12,2,1,1,1,2,40,1,2,2,1,0,0,1,1,0,0,14,7,14,10,15,24,0,0,0,0,1,7,0,130179,120,2009,99999,WEBB BRIDGE RD,99999999999999999999,0000000,34.074925,-84.263775,2,1
13,121,2,14,23,57,1,1,0,1,11,1,0,25,0,1,3,3,4,55,2,3,1,1,0,0,2,1,0,0,23,57,23,58,88,88,0,0,0,0,1,7,0,130180,0,2009,18,I-285 / SR-407,99999999999999999999,0000000,33.6506,-84.49743611,1,1
13,151,2,16,20,41,2,3,0,0,16,4,0,12,2,1,1,1,2,45,2,2,2,1,0,0,3,1,0,0,20,41,20,52,22,17,0,0,0,0,1,2,1,130181,0,2009,11,LAKE DOW RD,99999999999999999999,0000000,33.44454722,-84.10484722,2,1
13,291,2,24,19,6,2,5,0,0,2,3,0,12,2,2,1,1,4,45,1,2,1,1,3,3,1,1,0,0,19,6,19,9,19,18,0,0,0,0,1,3,0,130182,540,2009,88,SR-2,SR-11,0000000,34.87790556,-83.95966667,2,1
13,121,2,27,21,25,2,2,0,1,11,1,0,24,0,1,3,3,3,60,1,2,2,2,0,0,2,2,0,0,21,26,21,34,21,58,0,0,0,0,1,6,0,130183,0,2009,6,I-20,99999999999999999999,0000000,33.76660833,-84.5275,2,2
13,33,3,1,1,43,1,2,0,0,6,4,0,32,0,1,6,1,2,55,1,1,2,2,0,0,2,2,0,0,1,48,1,56,3,55,0,0,0,0,1,1,1,130184,0,2009,99999,FARMERS BRIDGE RD,99999999999999999999,0000000,33.25796111,-82.14767222,1,2
13,63,3,1,4,25,1,5,0,1,11,1,0,42,0,1,6,3,4,65,1,1,2,2,0,0,3,2,0,0,4,31,4,57,5,45,0,0,0,0,1,1,0,130185,0,2009,86,I-75,99999999999999999999,0000000,33.61766667,-84.39852778,1,2
13,135,3,1,4,25,2,2,0,1,11,1,0,12,3,1,1,3,4,65,1,1,2,2,0,0,2,2,0,0,88,88,88,88,88,88,0,0,0,0,1,1,2,130186,0,2009,139,I-85,99999999999999999999,0000000,34.02499167,-84.05549444,2,2
13,93,3,3,11,32,2,2,0,0,3,3,0,12,7,1,1,1,2,35,1,2,2,1,0,0,1,1,0,0,11,38,11,45,11,57,0,0,0,0,1,3,0,130187,0,2009,5,SR-7,99999999999999999999,0000000,32.03749444,-83.79379722,2,1
13,135,3,3,19,48,1,2,1,0,14,3,0,8,0,1,1,1,2,45,1,2,2,1,0,0,2,1,0,0,19,54,20,0,20,25,0,0,0,0,1,3,0,130188,3990,2009,35,SR-13,99999999999999999999,0000000,33.94285278,-84.20626667,1,1
13,45,3,2,17,32,1,1,0,0,3,3,0,32,0,1,6,1,2,55,2,2,2,1,0,0,1,1,0,0,17,32,17,43,17,58,0,0,0,0,1,2,0,130189,0,2009,124,SR-61,99999999999999999999,0000000,33.75294444,-84.903825,1,1
13,199,3,4,18,12,1,3,1,0,3,3,0,9,0,1,1,1,2,55,1,2,2,1,0,0,5,1,0,0,18,16,18,27,88,88,0,99,99,99,1,4,0,130190,0,2009,273,SR-18,99999999999999999999,0000000,32.98561111,-84.54266944,1,1
13,11,3,6,11,47,2,3,0,0,4,3,0,12,5,2,1,1,2,55,1,1,2,1,20,3,1,1,0,0,11,47,11,52,88,88,0,0,0,0,2,6,0,130191,0,2009,176,SR-51,SR-63,0000000,34.37200556,-83.40373333,2,1
13,71,3,5,14,58,1,1,0,0,6,4,0,1,0,1,1,1,2,55,2,1,2,1,0,0,1,1,0,0,14,58,15,14,88,88,0,0,0,0,1,5,1,130192,0,2009,17,FAISON RD,99999999999999999999,0000000,31.21726944,-83.94169167,1,1
13,115,3,6,0,23,1,1,0,0,4,4,0,37,0,1,6,1,2,45,2,1,2,1,0,0,2,1,0,0,2,14,2,29,2,57,0,0,0,0,1,6,1,130193,0,2009,14,PLAINVILLE RD,99999999999999999999,0000000,34.38972222,-85.04647778,1,1
13,191,3,6,17,47,3,4,0,1,1,1,0,12,2,1,1,2,2,70,1,1,2,1,0,0,1,1,0,0,17,47,18,1,88,88,0,14,0,0,1,6,0,130194,0,2009,131,I-95,99999999999999999999,0000000,31.52491389,-81.44552222,3,1
13,15,3,7,14,47,1,4,0,1,1,1,0,42,0,1,6,3,3,70,1,1,2,1,0,0,1,1,0,0,14,47,14,57,16,19,0,0,0,0,1,7,0,130195,0,2009,228,I-75,99999999999999999999,0000000,34.31026389,-84.83745556,1,1
13,135,3,11,9,47,2,1,0,0,15,4,0,24,0,1,4,1,2,45,1,1,2,1,0,0,1,1,0,0,88,88,88,88,88,88,0,0,0,0,1,4,0,130196,0,2009,6,AMWILER RD,99999999999999999999,0000000,33.92878333,-84.26143611,2,1
13,115,3,17,22,56,1,2,1,0,14,3,0,8,0,2,1,1,2,55,1,1,2,1,3,3,3,1,0,0,22,56,23,4,0,19,0,0,0,0,1,3,0,130197,0,2009,53,SR-101,WAX RD,0000000,34.16690833,-85.14318056,1,1
13,67,3,1,21,37,1,2,0,0,16,4,0,33,0,2,4,1,4,35,1,1,2,1,20,3,2,1,0,0,21,40,21,48,23,39,0,0,0,0,2,1,0,130198,0,2009,0,THE EXCHANGE,WATERPLACE,0000000,33.90891944,-84.48418056,1,1
13,151,3,1,3,26,2,2,0,1,1,1,0,24,0,1,3,3,3,70,1,1,2,2,0,0,2,2,0,0,3,28,3,42,4,42,0,0,0,0,1,1,1,130199,0,2009,12,I-75,99999999999999999999,0000000,33.31605,-84.11824722,2,2
13,67,3,3,6,53,1,2,1,0,16,4,0,8,0,2,1,1,4,40,2,2,2,1,0,0,3,1,0,0,6,53,6,59,7,25,0,0,0,0,1,3,0,130200,0,2009,30,SIX FLAGS DR,CALGARY GLEN,0000000,33.777875,-84.57053611,1,1
13,65,3,4,11,45,1,2,1,0,6,4,0,10,0,6,1,1,2,35,1,2,5,1,71,3,1,1,0,0,88,88,88,88,88,88,0,0,0,0,1,4,0,130201,0,2009,0,CR-262,99999999999999999999,637404H,,,1,1
13,285,3,4,4,52,1,1,0,1,11,1,0,42,0,1,6,2,2,70,2,2,1,1,0,0,2,1,0,0,4,53,5,8,88,88,0,0,0,0,1,4,0,130202,0,2009,210,I-85 / SR-403,99999999999999999999,0000000,33.09963889,-84.90723056,1,1
13,121,3,5,23,6,1,1,0,0,13,3,0,33,0,3,4,1,6,35,2,1,2,1,0,0,3,1,0,0,23,6,23,15,23,30,0,0,0,0,1,5,0,130203,280,2009,42,SR-9,ANDREWS DR,0000000,33.82951667,-84.38741389,1,1
13,219,3,7,17,4,3,6,0,0,9,3,0,13,4,1,1,2,2,65,1,1,1,1,0,0,1,1,0,0,17,4,17,16,17,37,0,0,0,0,2,7,0,130204,0,2009,99999,SR-10 BU,99999999999999999999,0000000,33.90983333,-83.43418889,3,1
13,121,3,8,1,0,1,1,0,0,13,3,0,25,0,1,3,3,2,35,2,1,2,1,0,0,3,1,0,0,1,0,1,22,88,88,0,0,0,0,1,1,1,130205,280,2009,14,SR-10,99999999999999999999,0000000,33.76875278,-84.35856944,1,1
13,135,3,9,16,52,1,2,0,0,16,4,0,35,0,1,6,1,2,40,2,1,2,1,0,0,1,1,0,0,16,52,17,1,17,22,0,0,0,0,2,2,0,130206,0,2009,9,ALCOVY RD,99999999999999999999,0000000,33.96663056,-83.90442222,1,1
13,233,3,9,9,30,1,1,0,0,9,4,0,42,0,3,6,1,2,45,1,1,2,1,0,0,1,1,0,0,9,34,9,40,88,88,0,0,0,0,1,2,1,130207,0,2009,39,JOHNSON LAKE RD,CORNELIUS RD,0000000,33.98030556,-85.28628056,1,1
13,85,3,10,15,6,1,1,0,0,4,3,0,43,0,1,6,1,2,55,1,1,2,1,0,0,1,1,0,0,15,6,15,32,16,20,0,0,0,0,1,3,0,130208,1590,2009,144,SR-136,99999999999999999999,0000000,34.45995278,-84.14223611,1,1
13,177,3,10,11,23,2,3,0,0,4,3,0,12,5,2,1,1,2,55,1,2,2,1,20,3,1,1,0,0,11,23,11,31,88,88,0,0,0,0,2,3,0,130209,0,2009,74,SR-377,SR-118,0000000,31.89818889,-84.18745278,2,1
13,63,3,12,17,14,1,1,0,1,11,1,0,27,0,1,4,2,2,65,1,2,2,1,0,0,1,1,0,0,17,14,17,28,17,46,0,0,0,0,1,5,0,130210,0,2009,20,I-675,99999999999999999999,0000000,33.57924722,-84.27945833,1,1
13,279,3,12,20,29,1,1,0,0,5,4,0,1,0,1,1,1,2,35,2,2,5,1,0,0,2,1,0,0,20,29,20,41,21,3,0,0,0,0,1,5,1,130211,0,2009,18,BEN BOATRIGHT RD,99999999999999999999,0000000,32.33330556,-82.40134444,1,1
13,51,3,13,23,15,1,1,0,0,19,6,0,42,0,1,6,1,2,55,2,1,2,1,0,0,2,1,0,0,88,88,88,88,88,88,0,0,0,0,1,6,0,130212,4910,2009,99999,FT ARGYLE RD,99999999999999999999,0000000,32.0158,-81.30228333,1,1
13,297,3,14,13,19,1,1,0,0,5,4,0,34,0,1,6,1,2,55,2,2,2,2,0,0,1,2,0,0,13,20,13,30,13,52,0,0,0,0,1,7,0,130213,0,2009,30,SHOAL CREEK RD,99999999999999999999,0000000,33.89392222,-83.676575,1,2
13,69,3,15,18,41,1,1,0,0,6,4,0,42,0,1,6,1,2,35,2,2,5,1,0,0,1,1,0,0,18,41,18,50,19,11,0,0,0,0,1,1,0,130214,0,2009,7,WILLIE ANDERSON,99999999999999999999,0000000,31.48621111,-82.77248611,1,1
13,235,3,15,16,10,1,3,0,0,3,3,0,42,0,1,6,1,2,55,1,1,2,2,0,0,1,2,0,0,16,11,16,15,16,48,0,0,0,0,3,1,0,130215,0,2009,6,SR-247,99999999999999999999,0000000,32.31168056,-83.50306667,1,2
13,267,3,15,20,0,1,11,1,0,4,3,0,8,0,1,1,1,2,55,2,2,2,2,0,0,2,2,0,0,20,2,20,18,20,42,0,0,0,0,1,1,0,130216,0,2009,22,SR-196,99999999999999999999,0000000,31.88779167,-81.91798889,1,2
13,13,3,16,16,54,2,2,0,1,2,3,0,12,5,2,1,2,2,65,1,2,2,2,20,3,1,2,0,0,16,55,17,0,17,57,0,0,0,0,1,2,0,130217,0,2009,174,SR-316,BARBER CREEK RD,0000000,33.95051389,-83.59040833,2,2
13,21,3,16,11,30,1,2,0,1,11,1,0,24,0,1,4,3,2,55,2,1,2,2,0,0,1,2,0,0,11,30,11,35,12,0,0,0,0,0,1,2,0,130218,3390,2009,129,I-75,99999999999999999999,0000000,32.85972778,-83.64333611,1,2
13,121,3,16,21,23,2,7,1,1,11,1,0,8,0,1,1,3,3,55,1,1,1,2,0,0,2,2,0,0,88,88,88,88,88,88,0,0,0,0,1,2,0,130219,280,2009,184,I-85,99999999999999999999,0000000,33.67810556,-84.41252778,2,2
13,71,3,17,8,15,2,3,0,0,4,3,0,12,5,2,1,1,2,55,1,2,2,1,20,3,1,1,0,0,8,20,8,33,88,88,0,0,0,0,2,3,0,130220,0,2009,36,SR-202,LOWER MEIGS RD,0000000,31.09297778,-83.95233889,2,1
13,143,3,17,9,15,3,3,0,0,4,3,0,12,2,1,1,1,2,55,2,2,2,1,0,0,1,1,0,0,9,15,9,23,10,36,0,0,0,0,1,3,0,130221,0,2009,32,SR-120,99999999999999999999,0000000,33.76766944,-85.24274722,3,1
13,313,3,17,15,23,1,1,0,0,6,4,0,35,0,1,6,1,2,35,2,2,2,1,0,0,1,1,0,0,15,23,15,36,88,88,0,0,0,0,1,3,1,130222,0,2009,6,STANDING RD,99999999999999999999,0000000,34.91136111,-85.01143333,1,1
13,119,3,18,12,45,2,3,0,0,4,3,0,12,2,1,1,1,2,55,2,2,2,1,0,0,1,1,0,0,12,45,12,56,14,40,0,0,0,0,1,4,0,130223,0,2009,132,SR-106,99999999999999999999,0000000,34.41851667,-83.23834722,2,1
13,121,3,18,14,20,1,1,0,1,13,3,0,35,0,1,6,2,2,45,1,1,2,1,0,0,1,1,0,0,14,20,14,34,15,0,0,0,0,0,1,4,1,130224,1900,2009,97,SR-6,99999999999999999999,0000000,33.65259167,-84.48792222,1,1
13,115,3,20,16,7,2,5,0,0,13,3,0,12,2,2,1,1,4,55,1,1,2,1,20,3,1,1,0,0,99,99,99,99,99,99,0,0,0,0,1,6,0,130225,0,2009,195,SR-1,RUSSELL DR,0000000,34.3451,-85.17238889,2,1
13,247,3,20,8,33,2,2,1,1,13,3,0,8,0,1,1,1,2,50,1,2,2,1,0,0,1,1,0,0,8,36,8,43,9,19,0,0,0,0,1,6,0,130226,0,2009,52,SR-138,99999999999999999999,0000000,33.62030278,-84.07600833,1,1
13,313,3,20,6,48,1,2,1,0,13,3,0,8,0,1,1,1,2,45,1,2,2,1,0,0,2,1,0,0,6,48,6,54,8,13,0,0,0,0,1,6,0,130227,0,2009,51,SR-52,99999999999999999999,0000000,34.77292222,-84.92171944,1,1
13,121,3,21,5,45,1,1,0,0,15,6,0,33,0,1,6,3,2,40,2,2,2,1,0,0,3,1,0,0,5,49,5,53,88,88,0,0,0,0,1,7,1,130228,1900,2009,49,NORMAN BERRY DRIVE,99999999999999999999,0000000,33.68590833,-84.44766667,1,1
13,321,3,21,21,17,1,3,1,1,13,6,0,8,0,2,1,1,2,45,1,1,2,1,0,0,2,1,0,0,21,17,21,20,88,88,0,0,0,0,1,7,0,130229,5340,2009,101,FRANKLIN STREET,DARLINGTON ROAD,0000000,31.52742778,-83.81705833,1,1
13,89,3,22,6,35,1,1,0,1,11,1,0,1,0,11,8,3,4,55,1,1,2,1,0,0,2,1,0,0,6,59,7,15,88,88,0,0,0,0,1,1,0,130230,0,2009,71,I-85,I-285,0000000,33.89125833,-84.25822778,1,1
13,153,3,22,14,10,1,2,0,1,11,1,0,24,0,1,2,3,3,70,1,2,2,1,0,0,1,1,0,0,14,11,14,17,15,14,0,0,0,0,1,1,0,130231,4340,2009,113,I-75,99999999999999999999,0000000,32.45411944,-83.7526,1,1
13,135,3,23,13,19,3,5,0,1,13,3,0,12,8,1,1,1,2,55,1,1,2,1,0,0,1,1,0,0,13,19,13,28,14,15,0,0,0,0,1,2,0,130232,800,2009,18,SR-20,99999999999999999999,0000000,34.11796944,-84.07620278,3,1
13,241,3,23,9,25,1,2,1,0,2,3,0,8,0,1,1,1,2,55,1,1,2,1,0,0,1,1,0,0,9,25,9,31,88,88,0,0,0,0,1,2,0,130233,0,2009,155,SR-2,99999999999999999999,0000000,,,1,1
13,67,3,18,14,37,2,2,0,1,2,6,0,12,1,1,1,3,3,45,1,2,2,1,0,0,1,1,0,0,14,38,14,41,15,4,0,0,0,0,1,4,0,130234,3440,2009,129,DELK ROAD,99999999999999999999,0000000,33.922975,-84.492825,2,1
13,145,3,25,11,8,1,1,0,0,3,3,0,53,0,1,6,1,2,35,2,1,2,1,0,0,1,1,0,0,11,8,11,11,11,53,0,0,0,0,1,4,0,130235,0,2009,74,SR-85,99999999999999999999,0000000,32.66988889,-84.75656111,1,1
13,299,3,25,11,52,1,1,0,1,2,2,0,1,0,1,1,2,2,65,1,1,2,1,0,0,1,1,0,0,11,52,12,2,88,88,0,0,0,0,1,4,0,130236,0,2009,67,US-1 / SR-4,99999999999999999999,0000000,31.20629444,-82.34841944,1,1
13,23,3,26,15,0,1,2,0,1,1,1,0,1,0,1,3,2,2,70,1,1,1,1,0,0,1,1,0,0,15,3,15,20,16,55,0,0,0,0,1,5,0,130237,0,2009,6,I-16,99999999999999999999,0000000,32.57245833,-83.235575,1,1
13,45,3,26,23,20,2,4,0,0,3,3,0,12,2,1,1,1,2,55,1,1,2,1,0,0,2,1,0,0,23,23,23,32,1,2,0,0,0,0,2,5,0,130238,0,2009,243,SR-166,99999999999999999999,0000000,33.61565556,-84.95723333,2,1
13,63,3,27,23,18,1,2,1,0,14,3,0,8,0,1,1,1,2,35,1,1,2,2,0,0,2,1,0,0,88,88,88,88,88,88,0,0,0,0,1,6,0,130239,0,2009,17,SR-139,99999999999999999999,0000000,33.59126944,-84.42806389,1,1
13,121,3,27,22,30,1,2,1,1,12,3,0,8,0,1,1,3,2,55,2,1,2,1,0,0,2,1,0,0,22,31,22,41,22,58,0,0,0,0,1,6,0,130240,280,2009,5,SR-400,99999999999999999999,0000000,33.82509722,-84.35976389,1,1
13,147,3,27,20,2,1,1,0,0,4,4,0,38,0,1,6,1,2,55,1,1,2,2,0,0,2,2,0,0,20,2,20,9,21,11,0,0,0,0,1,6,0,130241,0,2009,46,AIRLINE-GOLDMINE RD,99999999999999999999,0000000,34.32913611,-83.039625,1,2
13,243,3,27,1,5,1,2,0,0,6,4,0,1,0,1,6,1,2,35,1,1,5,2,0,0,2,1,0,0,1,25,1,42,2,8,0,0,0,0,1,6,1,130242,0,2009,5,CR-89,99999999999999999999,0000000,31.66363611,-84.59276389,1,1
13,119,3,28,6,0,1,1,0,0,4,3,0,42,0,1,6,1,2,55,2,2,2,2,0,0,2,2,0,0,6,0,6,6,88,88,0,0,0,0,1,7,0,130243,0,2009,49,SR-145,99999999999999999999,0000000,34.34079722,-83.20008611,1,2
13,121,3,28,1,5,2,4,0,0,14,3,0,12,1,1,1,1,2,45,1,2,2,2,0,0,2,1,0,0,1,8,1,11,2,14,0,0,0,0,1,7,2,130244,4882,2009,140,SR-9,99999999999999999999,0000000,33.96235278,-84.36577222,2,1
13,135,3,28,20,20,1,2,1,1,13,3,0,8,0,2,1,3,2,55,2,1,2,2,0,0,2,1,0,0,88,88,88,88,88,88,0,0,0,0,1,7,0,130245,0,2009,40,SR-124,QUINN DRIVE,0000000,33.81980278,-84.03558333,1,1
13,245,3,28,17,33,1,1,0,1,11,1,0,36,0,13,6,6,1,55,1,1,1,2,0,0,1,2,0,0,17,34,17,45,88,88,0,0,0,0,1,7,0,130246,310,2009,72,I-520,99999999999999999999,0000000,33.40690556,-82.03171389,1,2
13,129,3,30,19,5,1,1,0,0,6,4,0,34,0,1,6,1,2,35,2,2,2,1,0,0,1,1,0,0,19,5,19,21,20,27,0,0,0,0,1,2,0,130247,0,2009,73,COVINGTON BRIDGE RD,99999999999999999999,0000000,34.46948611,-84.71085556,1,1
13,195,3,30,4,7,1,1,0,0,4,3,0,37,0,1,6,1,2,55,1,2,2,1,0,0,2,1,0,0,4,7,4,17,88,88,0,0,0,0,1,2,0,130248,0,2009,66,SR-106,99999999999999999999,0000000,34.12528889,-83.3057,1,1
13,81,4,3,19,8,1,1,0,0,4,4,0,34,0,1,6,1,2,55,1,1,2,1,0,0,1,1,0,0,88,88,88,88,88,88,0,0,0,0,1,6,1,130249,0,2009,20,CONEY ROAD,99999999999999999999,0000000,31.90144167,-83.89462778,1,1
13,39,4,4,16,19,2,3,0,1,1,1,0,12,5,1,1,3,3,70,1,2,2,1,0,0,1,1,0,0,16,19,16,28,17,14,0,0,0,0,1,7,0,130250,0,2009,166,I-95,99999999999999999999,0000000,30.97989167,-81.67146111,2,1
13,225,4,4,4,15,1,2,1,0,16,4,0,9,0,2,1,1,2,35,1,2,2,1,20,3,2,1,0,0,4,16,4,21,88,88,0,0,0,0,1,7,0,130251,0,2009,33,STATE UNIVERSITY DR,BEVERLY ST,0000000,32.52816389,-83.90645,1,1
13,275,4,4,20,12,1,1,0,0,6,4,0,34,0,1,6,1,2,55,2,2,2,1,0,0,2,1,0,0,20,12,20,24,21,0,0,0,0,0,1,7,1,130252,0,2009,36,POPE ROAD,99999999999999999999,0000000,30.91150278,-83.75800556,1,1
13,121,4,5,6,0,2,3,0,1,11,1,0,12,2,1,1,3,5,55,1,2,2,1,0,0,3,1,0,0,6,0,6,10,6,56,0,0,0,0,1,1,1,130253,280,2009,146,I-75,99999999999999999999,0000000,33.83335,-84.42703611,2,1
13,135,4,6,1,53,1,2,1,1,11,1,0,8,0,1,1,3,4,65,1,1,2,1,0,0,2,1,0,0,88,88,88,88,88,88,0,0,0,0,1,2,0,130254,3100,2009,151,I-85,99999999999999999999,0000000,34.03566111,-84.04129167,1,1
13,45,4,7,16,47,2,6,0,0,13,3,0,12,2,1,1,1,2,55,1,2,2,1,0,0,1,1,0,0,16,47,16,55,17,38,0,0,0,0,2,3,1,130255,0,2009,124,SR-166,99999999999999999999,0000000,33.5606,-85.12070833,2,1
13,47,4,7,15,18,1,1,0,0,14,3,0,60,0,2,1,1,2,55,1,2,2,1,0,0,1,1,0,0,15,18,15,26,88,88,0,0,0,0,1,3,0,130256,0,2009,5,SR-3,CLARK ROAD,0000000,34.87024722,-85.05885556,1,1
13,67,4,7,6,46,1,2,1,0,14,3,0,8,0,2,1,1,2,45,1,1,2,2,3,3,3,1,0,0,6,49,6,51,7,2,0,0,0,0,1,3,0,130257,5070,2009,25,SR-3,PLUM TREE PKWY,0000000,,,1,1
13,135,4,7,19,11,1,2,0,0,14,6,0,32,0,1,6,3,2,45,2,2,2,1,0,0,1,1,0,0,19,14,19,17,88,88,0,0,0,0,1,3,1,130258,3100,2009,61,LAWRENCEVILLE SUWNEE,99999999999999999999,0000000,34.008025,-84.04246944,1,1
13,313,4,9,15,18,2,4,0,0,4,4,0,12,2,1,1,1,2,45,1,2,2,1,0,0,1,1,0,0,15,18,15,24,16,0,0,0,0,0,3,5,0,130259,0,2009,17,TIBBS BRIDGE ROAD,99999999999999999999,0000000,34.75621111,-84.87691667,2,1
13,289,4,12,12,15,2,5,0,0,4,3,0,12,5,2,1,1,2,55,1,2,2,1,20,3,1,1,0,0,88,88,88,88,88,88,0,0,0,0,1,1,0,130260,0,2009,108,SR-96,SR-358,0000000,32.59169722,-83.37575833,2,1
13,73,4,13,15,14,1,1,0,0,4,4,0,42,0,1,6,1,2,55,2,1,2,2,0,0,1,2,0,0,15,15,15,20,88,88,0,0,0,0,1,2,0,130261,0,2009,76,RAY OWENS RD,99999999999999999999,0000000,33.55865278,-82.31583611,1,2
13,245,4,13,18,39,1,2,0,1,13,3,0,24,0,1,2,2,2,55,2,2,2,2,0,0,1,1,0,0,18,39,18,48,19,17,0,0,0,0,1,2,0,130262,310,2009,11,SR-4,99999999999999999999,0000000,33.28619722,-82.29,1,1
13,115,4,16,9,37,1,1,0,0,3,3,0,34,0,1,6,1,2,55,1,1,2,1,0,0,1,1,0,0,9,37,9,42,10,5,0,0,0,0,1,5,0,130263,0,2009,16,SR-140,99999999999999999999,0000000,34.38421111,-85.15013611,1,1
13,89,3,2,11,25,2,2,0,1,11,1,0,12,1,1,1,3,5,55,1,1,2,4,0,0,1,1,0,0,11,28,11,35,12,15,0,0,0,0,1,2,0,130264,0,2009,181,I-285,99999999999999999999,0000000,33.72348333,-84.23616944,2,1
13,89,3,7,7,42,2,2,0,0,14,4,0,12,8,1,1,1,2,45,1,1,2,2,0,0,1,1,0,0,7,42,7,49,8,28,0,0,0,0,1,7,1,130265,0,2009,66,REDAN RD,99999999999999999999,0000000,33.74819722,-84.148,2,1
13,121,3,7,17,34,1,2,1,0,14,3,0,33,0,1,4,1,4,45,2,1,2,1,0,0,1,1,0,0,17,36,17,41,18,2,0,0,0,0,1,7,0,130266,4882,2009,146,SR-9 / ROSWELL RD,99999999999999999999,0000000,33.96938056,-84.36051667,1,1
13,215,3,8,5,36,2,2,1,1,11,1,0,8,0,1,1,2,2,55,2,1,1,1,0,0,2,1,0,1,5,36,5,45,6,6,0,19,0,0,1,1,0,130267,1280,2009,18,I-185,99999999999999999999,0000000,32.43110278,-84.92624722,2,1
13,135,3,9,17,12,3,4,0,0,14,3,0,12,2,1,1,1,4,40,1,2,2,1,0,0,1,1,0,0,17,12,17,18,17,46,0,0,0,0,2,2,0,130268,3100,2009,128,SR-8,99999999999999999999,0000000,33.94763333,-84.00496111,3,1
13,77,3,10,21,29,1,1,0,0,6,4,0,32,0,1,6,1,2,45,2,1,2,1,0,0,2,1,0,0,21,29,21,34,21,53,0,0,0,0,1,3,0,130269,0,2009,67,MARTIN MILL RD,99999999999999999999,0000000,33.30510278,-84.73847222,1,1
13,151,3,12,17,53,1,1,0,0,13,3,0,32,0,1,2,1,2,55,1,1,2,1,0,0,1,1,0,0,17,53,18,4,18,21,0,0,0,0,1,5,0,130270,0,2009,118,SR-155,99999999999999999999,0000000,33.48718611,-84.14428611,1,1
13,153,3,13,4,40,1,1,0,0,14,3,0,1,0,1,1,1,2,55,2,2,2,1,0,0,2,1,0,0,4,41,4,55,5,42,0,0,0,0,1,6,0,130271,0,2009,122,SR-247,99999999999999999999,0000000,32.53183611,-83.593125,1,1
13,245,3,14,4,55,1,3,0,0,16,4,0,33,0,1,2,2,2,25,2,2,2,2,0,0,3,2,0,0,4,55,4,59,5,19,0,0,0,0,1,7,1,130272,310,2009,2,CENTERWEST PKWY,99999999999999999999,0000000,33.51230833,-82.04360278,1,2
13,151,3,21,16,27,1,1,0,0,15,4,0,34,0,1,6,1,2,35,2,2,2,1,0,0,1,1,0,0,16,27,16,39,17,38,0,0,0,0,1,7,0,130273,0,2009,28,MOSELEY RD,99999999999999999999,0000000,33.54384444,-84.1464,1,1
13,21,3,24,17,55,2,2,0,0,14,3,0,12,5,8,1,2,2,55,1,1,2,1,0,0,1,1,0,0,18,2,18,18,18,50,0,0,0,0,1,3,0,130274,0,2009,181,SR-87,99999999999999999999,0000000,32.94175278,-83.7211,2,1
13,123,3,26,8,8,1,1,0,0,9,3,0,16,0,1,1,1,2,45,2,2,2,2,0,0,1,2,0,0,88,88,88,88,88,88,0,0,0,0,1,5,0,130275,0,2009,99999,SR-52,99999999999999999999,0000000,34.70822778,-84.49516389,1,2