STATE,COUNTY,MONTH,DAY,HOUR,MINUTE,VE_TOTAL,PERSONS,PEDS,NHS,ROAD_FNC,ROUTE,SP_JUR,HARM_EV,MAN_COLL,REL_JUNC,REL_ROAD,TRAF_FLO,NO_LANES,SP_LIMIT,ALIGNMNT,PROFILE,PAVE_TYP,SUR_COND,TRA_CONT,T_CONT_F,LGT_COND,WEATHER1,WEATHER2,WRK_ZONE,NOT_HOUR,NOT_MIN,ARR_HOUR,ARR_MIN,HOSP_HR,HOSP_MN,SCH_BUS,CF1,CF2,CF3,FATALS,DAY_WEEK,DRUNK_DR,ST_CASE,CITY,YEAR,MILEPT,TWAY_ID,TWAY_ID2,RAIL,LATITUDE,LONGITUD,VE_FORMS,WEATHER
13,185,3,29,6,0,1,3,1,0,3,3,0,8,0,1,1,2,2,55,1,1,2,1,0,0,2,1,0,0,6,7,6,17,6,46,0,0,0,0,1,1,0,130276,0,2009,92,SR-7,99999999999999999999,0000000,30.73840556,-83.22122222,1,1
13,77,3,30,14,47,1,1,0,1,1,1,0,42,0,1,6,3,3,70,1,2,1,1,0,0,1,1,0,1,14,48,14,53,15,41,0,0,0,0,1,2,0,130277,0,2009,223,I-85,99999999999999999999,0000000,33.50966111,-84.63330833,1,1
13,21,4,2,22,39,1,2,1,0,14,3,0,8,0,1,1,1,2,40,1,1,2,2,0,0,3,2,0,0,22,39,22,44,23,5,0,0,0,0,1,5,0,130278,3390,2009,119,SR-74,99999999999999999999,0000000,32.82639167,-83.67599444,1,2
13,297,4,2,21,14,1,1,0,0,6,4,0,30,0,1,6,1,2,55,2,2,2,2,0,0,2,2,0,0,21,18,21,28,88,88,0,0,0,0,1,5,1,130279,0,2009,9,CARL DAVIS RD,99999999999999999999,0000000,33.884775,-83.74968056,1,2
13,299,4,2,16,7,3,4,0,0,2,3,0,13,9,1,1,2,2,65,1,2,2,2,0,0,1,2,0,0,16,12,16,26,17,5,0,0,0,0,1,5,0,130280,0,2009,105,SR-520,99999999999999999999,0000000,31.26708889,-82.596525,3,2
13,57,4,3,10,25,2,5,0,0,14,4,0,12,5,8,1,1,2,45,2,2,2,1,0,0,1,1,0,0,10,27,10,33,11,29,0,0,0,0,1,6,0,130281,0,2009,14,HOLBROOK CAMPGROUND,99999999999999999999,0000000,34.20351389,-84.266875,2,1
13,189,4,3,13,50,3,5,1,1,1,1,0,14,7,1,2,3,2,70,1,2,1,1,0,0,1,1,0,0,13,51,13,59,14,32,0,0,0,0,1,6,0,130282,0,2009,47,I-20,99999999999999999999,0000000,33.50941111,-82.52185,1,1
13,121,4,6,1,32,1,1,0,0,14,4,0,42,0,1,6,1,2,45,2,1,2,2,0,0,2,1,0,0,1,33,1,38,2,5,0,0,0,0,1,2,1,130283,9997,2009,22,BETHANY RD,99999999999999999999,0000000,34.10061111,-84.32616111,1,1
13,175,4,6,6,8,1,1,0,1,1,1,0,24,0,1,4,2,2,70,1,1,1,2,0,0,2,2,0,0,6,12,6,30,88,88,0,0,0,0,1,2,1,130284,0,2009,32,I-16,99999999999999999999,0000000,32.54748333,-83.16603056,1,2
13,121,4,7,21,19,1,3,0,0,14,6,0,33,0,1,4,1,4,35,1,1,2,1,40,3,3,1,0,0,99,99,99,99,99,99,0,0,0,0,1,3,1,130285,280,2009,18,PEACHTREE ST,99999999999999999999,0000000,33.77367222,-84.38473056,1,1
13,121,4,8,6,49,1,5,1,0,14,3,0,8,0,1,11,5,5,35,1,1,1,1,0,0,3,1,0,0,6,52,6,59,7,30,0,0,0,0,1,4,0,130286,4882,2009,86,SR-9 / ROSWELL RD,99999999999999999999,0000000,33.88806944,-84.38164167,1,1
13,67,4,8,9,12,2,2,0,0,16,6,0,12,5,2,1,1,2,35,1,1,2,1,0,0,1,1,0,0,88,88,88,88,88,88,0,0,0,0,1,4,0,130287,5070,2009,10,POWDER SPRINGS ST,SANFORD RD,0000000,33.88710833,-84.52675,2,1
13,251,4,8,23,15,1,2,1,0,3,3,0,8,0,1,1,1,4,55,1,1,2,1,0,0,2,1,0,0,23,16,23,21,88,88,0,0,0,0,1,4,0,130288,5330,2009,157,SR-21,99999999999999999999,0000000,32.58983333,-81.5042,1,1
13,187,4,9,12,40,2,3,0,0,4,4,0,12,5,2,1,1,2,45,2,2,2,1,20,3,1,1,0,0,12,48,12,52,13,15,0,0,0,0,2,5,0,130289,0,2009,10,CAVENDER CREEK RD,RAIL HILL RD,0000000,34.56257222,-83.94842222,2,1
13,57,4,10,11,8,2,3,0,0,9,4,0,12,8,1,1,1,3,55,2,3,2,2,0,0,1,2,0,0,11,8,11,19,12,14,0,0,0,0,1,6,0,130290,0,2009,99999,KNOXBRIDGE HWY,99999999999999999999,0000000,34.22104722,-84.62661389,2,2
13,157,4,10,2,56,1,4,0,0,2,3,0,34,0,1,4,2,2,55,2,2,2,1,0,0,2,1,0,0,2,57,3,4,3,31,0,0,0,0,1,6,1,130291,0,2009,32,SR-15,99999999999999999999,0000000,34.06218889,-83.424275,1,1
13,261,4,10,13,50,1,1,0,0,9,4,0,1,0,1,1,1,2,35,1,2,2,1,0,0,1,1,0,0,13,50,13,56,88,88,0,0,0,0,1,6,0,130292,0,2009,99999,STONE WALL DR,99999999999999999999,0000000,32.04664167,-84.17840556,1,1
13,51,4,11,22,44,2,4,2,1,13,4,0,14,7,1,2,2,2,40,1,1,2,1,0,0,2,1,0,0,22,53,22,59,23,36,0,0,0,0,1,7,1,130293,0,2009,48,VETERANS PKWY,99999999999999999999,0000000,32.03578333,-81.16574722,1,1
13,59,4,11,3,6,1,2,0,0,14,4,0,42,0,1,6,1,2,50,2,2,2,2,0,0,2,1,0,0,3,18,3,24,3,56,0,0,0,0,1,7,1,130294,270,2009,2,TALLASSEE RD,99999999999999999999,0000000,33.99528889,-83.49124444,1,1
13,35,4,12,15,40,1,2,0,0,3,3,0,42,0,1,6,1,2,55,2,2,2,1,0,0,1,1,0,0,15,40,15,43,99,99,0,0,0,0,1,1,0,130295,0,2009,111,SR-42,99999999999999999999,0000000,33.31638056,-83.98547778,1,1
13,97,4,12,14,41,3,12,0,0,14,3,0,12,2,2,1,1,2,55,1,2,2,1,40,3,1,1,0,0,14,41,14,46,15,34,0,0,0,0,1,1,0,130296,0,2009,132,SR-92,OLD DALLAS HWY,0000000,33.777025,-84.74744167,3,1
13,113,4,12,18,8,2,2,0,0,14,4,0,12,1,2,1,1,2,45,1,3,2,1,20,3,1,1,0,0,18,8,18,14,18,46,0,0,0,0,1,1,1,130297,0,2009,19,COUNTY LINE RD,PLANTATION PKWY,0000000,33.43008056,-84.40218611,2,1
13,213,4,12,15,6,2,3,0,0,6,4,0,12,5,2,1,1,2,35,2,3,1,1,0,0,1,1,0,0,15,6,15,20,88,88,0,0,0,0,1,1,0,130298,0,2009,4,SUMACH CHURCH RD,RIVER RD,0000000,34.88158333,-84.80451944,2,1
13,111,4,13,10,35,1,1,0,0,6,4,0,35,0,1,6,1,2,55,2,2,2,2,0,0,1,1,0,0,10,37,10,57,88,88,0,0,0,0,1,2,0,130299,0,2009,28,NEWPORT RD,99999999999999999999,0000000,34.71724167,-84.23035278,1,1
13,321,4,13,20,30,1,1,0,0,6,4,0,32,0,1,4,1,2,55,2,2,2,2,0,0,2,2,0,0,88,88,88,88,88,88,0,0,0,0,1,2,1,130300,0,2009,14,PEAFOWL RD,99999999999999999999,0000000,31.56515278,-83.96715278,1,2
13,121,4,15,6,23,2,2,0,1,11,1,0,14,1,1,2,3,5,55,1,2,2,1,0,0,2,1,0,0,6,23,6,41,7,13,0,0,0,0,1,4,0,130301,280,2009,317,I-85,99999999999999999999,0000000,33.79940556,-84.39276667,1,1
13,275,4,15,17,9,2,2,0,0,2,3,0,12,5,2,1,1,2,30,1,1,2,1,20,3,1,1,0,0,17,10,17,21,18,9,0,0,0,0,1,4,0,130302,4110,2009,99999,SR-3,BRAYTON RD,0000000,30.97488611,-84.05459444,2,1
13,35,4,17,2,35,1,1,0,0,3,3,0,1,0,1,1,1,2,55,2,2,2,1,0,0,2,1,0,0,2,38,2,46,3,25,0,0,0,0,1,6,1,130303,0,2009,148,SR-36,99999999999999999999,0000000,33.35496111,-83.92668611,1,1
13,51,4,17,15,28,1,1,0,1,11,1,0,24,0,1,4,2,2,55,1,1,2,1,0,0,1,1,0,0,15,28,15,33,88,88,0,0,0,0,1,6,0,130304,4910,2009,152,I-16,99999999999999999999,0000000,32.06670278,-81.11396944,1,1
13,85,4,17,15,14,1,1,0,0,6,4,0,53,0,1,4,1,2,30,2,2,2,1,0,0,1,1,0,0,15,14,15,22,16,18,0,2,0,0,1,6,0,130305,0,2009,33,HUGH STOWERS RD,99999999999999999999,0000000,34.37500278,-84.09441944,1,1
13,255,4,17,16,24,3,6,0,0,14,3,0,12,2,1,1,2,2,45,1,2,2,1,0,0,1,1,0,0,16,26,16,33,16,54,0,0,0,0,1,6,0,130306,2510,2009,115,SR-16,99999999999999999999,0000000,33.24602778,-84.30453333,3,1
13,147,4,18,20,51,4,6,0,0,3,3,0,12,1,1,1,1,2,55,1,2,2,1,0,0,2,1,0,0,20,52,21,0,21,34,0,14,0,0,1,7,0,130307,0,2009,45,SR-8,99999999999999999999,0000000,34.29299722,-83.02754444,4,1
13,257,4,18,19,12,2,4,0,0,2,3,0,12,5,2,1,1,2,55,1,2,2,1,20,3,1,1,0,1,19,14,19,20,19,41,0,0,0,0,1,7,0,130308,0,2009,119,SR-17,N CURAHEE LANE,0000000,34.53592222,-83.34076111,2,1
13,259,4,19,19,0,2,2,0,0,4,6,0,12,2,2,1,1,2,30,1,1,2,1,0,0,1,1,0,0,19,0,19,6,88,88,0,0,0,0,1,1,1,130309,4650,2009,2,M L KING DR,LINDY LANE,0000000,32.08633889,-84.65017222,2,1
13,135,4,22,15,59,2,2,0,0,14,4,0,12,4,1,1,1,2,45,2,1,2,1,0,0,1,1,0,0,15,59,16,6,16,36,0,0,0,0,1,4,0,130310,0,2009,41,OAK RD,99999999999999999999,0000000,33.896975,-84.06648056,2,1
13,135,4,25,21,18,2,4,0,0,16,4,0,12,5,2,1,2,2,55,1,2,2,1,3,3,1,1,0,0,21,18,21,24,21,53,0,0,0,0,2,7,0,130311,0,2009,198,PEACHTREE IND BLVD,SHADBURN FERRY RD,0000000,34.13438056,-84.00386944,2,1
13,115,5,2,22,28,2,3,0,0,4,3,0,13,4,1,1,2,2,55,2,1,2,2,0,0,2,1,0,0,22,28,22,34,23,12,0,0,0,0,1,7,0,130312,0,2009,68,SR-100,99999999999999999999,0000000,34.14938889,-85.35591667,2,1
13,89,1,25,11,42,1,1,0,0,16,4,0,42,0,2,6,1,2,25,1,1,2,1,0,0,1,1,0,0,11,50,11,55,12,10,0,0,0,0,1,1,0,130313,1140,2009,3,MARKET ST,POPLAR AVE,0000000,33.80573611,-84.23644722,1,1
13,135,2,7,17,19,1,3,1,0,15,4,0,9,0,2,1,1,2,35,1,1,2,1,0,0,1,1,0,0,17,19,17,22,17,35,0,0,0,0,1,7,0,130314,1810,2009,1,MCCLURE BRIDGE RD,MONTROSE CREEK DR,0000000,34.00603333,-84.15280556,1,1
13,237,3,10,10,36,3,3,0,0,2,3,0,12,1,1,1,1,2,55,1,1,2,1,0,0,1,1,0,0,10,42,11,16,12,12,0,0,0,0,1,3,0,130315,0,2009,188,SR-24,99999999999999999999,0000000,33.41349722,-83.37193889,3,1
13,207,3,11,99,99,1,1,0,1,1,1,0,30,0,1,6,3,3,65,1,1,2,1,0,0,1,1,0,0,13,30,13,44,88,88,0,0,0,0,1,4,0,130316,0,2009,24,I-475 / SR-408,99999999999999999999,0000000,32.93910556,-83.80976111,1,1
13,89,3,24,9,42,1,2,0,0,14,4,0,30,0,2,6,1,2,25,2,1,2,1,0,0,1,1,0,0,9,48,9,55,10,15,0,0,0,0,1,3,0,130317,1750,2009,1,FLOWERS RD,DORAL DR,0000000,33.90760833,-84.27882778,1,1
13,245,3,25,0,2,1,1,0,0,12,3,0,25,0,1,3,3,2,45,2,2,1,1,0,0,3,1,0,1,0,3,0,9,88,88,0,0,0,0,1,4,1,130318,310,2009,5,SR-232,99999999999999999999,0000000,33.49853333,-82.08645278,1,1
13,95,3,9,9,20,1,2,1,0,13,6,0,8,0,2,1,1,2,30,1,1,2,1,0,0,1,1,0,0,9,21,9,25,88,88,0,0,0,0,1,2,0,130319,90,2009,5,CLARK AVE,SWIFT ST,0000000,31.57994167,-84.12684167,1,1
13,95,3,15,4,54,1,1,0,0,15,6,0,33,0,2,6,1,2,30,1,1,2,2,0,0,3,2,0,0,4,54,5,2,88,88,0,0,0,0,1,1,1,130320,90,2009,8,N MAGNOLIA ST,GREENVALE AVE,0000000,31.57893889,-84.19061389,1,2
13,215,3,17,17,7,1,1,0,0,16,6,0,32,0,2,6,1,2,20,2,2,2,1,0,0,1,1,0,0,17,8,17,15,18,28,0,0,0,0,1,3,0,130321,1280,2009,7,ROSEWOOD DR,SANDUSKY DR,0000000,32.472025,-84.91903889,1,1
13,43,3,20,7,16,1,1,0,0,5,4,0,34,0,1,6,1,2,55,2,1,2,1,0,0,4,1,0,0,7,26,7,35,88,88,0,0,0,0,1,6,0,130322,0,2009,99999,DUTCH FORD RD,99999999999999999999,0000000,,,1,1
13,215,3,21,15,34,2,2,0,0,14,6,0,12,5,2,1,1,2,45,2,2,2,1,0,0,1,1,0,0,15,35,15,43,16,4,0,0,0,0,1,7,0,130323,1280,2009,41,WHITESVILLE RD,MOORE RD,0000000,32.58153611,-84.97394722,2,1
13,121,3,30,13,30,4,4,0,0,14,4,0,12,2,11,1,1,2,45,1,1,2,1,3,3,1,1,0,0,13,33,13,42,14,48,0,0,0,0,1,2,0,130324,0,2009,42,CASCADE RD,I-285,0000000,33.72301944,-84.50284444,4,1
13,121,3,27,20,26,1,2,1,0,16,6,0,8,0,2,1,1,2,25,1,1,1,2,0,0,3,1,0,0,20,26,20,30,88,88,0,0,0,0,1,6,0,130325,280,2009,23,LEE ST,YORK AVE,0000000,33.73704444,-84.41415,1,1
13,121,3,21,1,25,1,2,1,0,14,6,0,8,0,1,1,1,2,30,1,1,2,1,0,0,2,1,0,0,1,30,1,32,88,88,0,0,0,0,1,7,0,130326,280,2009,35,BOULEVARD,99999999999999999999,0000000,33.76429722,-84.37194444,1,1
13,223,3,21,16,5,2,2,0,0,14,3,0,12,5,2,1,1,2,45,1,2,2,1,3,3,1,1,0,0,16,5,16,9,16,46,0,0,0,0,1,7,0,130327,0,2009,88,SR-92,MACLAND RD,0000000,33.90862222,-84.74814722,2,1
13,293,4,2,11,51,1,1,0,1,13,3,0,30,0,1,4,1,2,45,1,1,2,2,0,0,1,2,0,0,11,54,12,0,12,25,0,0,0,0,1,5,0,130328,5450,2009,144,SR-74,99999999999999999999,0000000,32.88793056,-84.31463889,1,2
13,83,4,4,14,9,2,3,0,0,6,4,0,12,3,2,1,1,2,45,1,2,2,1,40,3,1,1,0,0,14,9,14,25,15,15,0,0,0,0,1,7,0,130329,0,2009,0,NEW HOME RD,SCRATCH ANKLE RD,0000000,34.95804722,-85.53433611,2,1
13,121,4,10,1,2,1,1,0,1,13,3,0,35,0,5,6,6,1,45,2,3,2,1,0,0,2,1,0,0,1,2,1,21,88,88,0,0,0,0,1,6,0,130330,0,2009,123,SR-14 SP,ROOSEVELT HWY,0000000,33.61710278,-84.51254444,1,1
13,13,4,11,18,35,2,2,0,0,14,3,0,12,2,2,1,1,2,45,2,2,2,1,0,0,1,1,0,0,18,35,18,36,18,55,0,0,0,0,1,7,0,130331,5980,2009,28,SR-53,OAK HILL DR,0000000,34.01620556,-83.70745278,2,1
13,153,4,11,12,41,1,1,0,0,13,4,0,30,0,1,4,1,2,40,2,2,2,1,0,0,1,1,0,0,12,42,12,49,88,88,0,0,0,0,1,7,1,130332,0,2009,36,HOUSTON LAKE RD,99999999999999999999,0000000,32.66745,-83.69942778,1,1
13,121,4,12,13,36,4,10,0,1,13,3,0,13,4,1,1,2,2,55,1,1,2,1,0,0,1,1,0,0,13,36,13,39,14,8,0,0,0,0,5,1,0,130333,0,2009,60,SR-6 / CAMPCREEK PKW,99999999999999999999,0000000,33.66671111,-84.54458056,4,1
13,191,4,12,2,6,1,8,0,1,1,1,0,38,0,1,4,2,2,70,1,1,2,1,0,0,2,1,0,1,2,6,2,15,3,15,0,0,0,0,2,1,1,130334,0,2009,33,I-95,99999999999999999999,0000000,31.38364722,-81.45253056,1,1
13,175,4,14,20,53,1,2,1,0,5,4,0,8,0,1,1,1,2,55,2,2,2,1,0,0,5,1,0,0,20,54,20,59,88,88,0,0,0,0,1,3,0,130335,0,2009,37,N PEACHTREE RD,99999999999999999999,0000000,32.61331667,-82.80863333,1,1
13,133,4,15,1,39,1,4,1,1,1,1,0,8,0,1,1,2,2,70,1,2,1,1,0,0,2,1,0,0,1,43,1,51,3,35,0,0,0,0,1,4,0,130336,0,2009,116,I-20,99999999999999999999,0000000,33.54543611,-83.071275,1,1
13,135,4,11,3,39,1,6,0,0,16,4,0,52,0,1,4,1,2,40,2,2,2,1,0,0,2,1,0,0,3,40,4,12,4,35,0,0,0,0,1,7,1,130337,0,2009,4,PAPER MILL RD,99999999999999999999,0000000,33.94948333,-83.95000833,1,1
13,151,4,11,23,44,1,1,0,0,5,4,0,42,0,1,6,1,2,45,1,1,2,1,0,0,2,1,0,0,23,45,23,53,88,88,0,0,0,0,1,7,1,130338,0,2009,22,CO RD 331 / LOCUST R,99999999999999999999,0000000,33.33311111,-84.08682222,1,1
13,121,4,17,11,32,2,4,0,0,19,3,0,12,5,2,1,2,2,35,1,2,2,1,3,3,1,1,0,0,11,34,11,36,11,48,0,0,0,0,1,6,0,130339,120,2009,99999,SR-9,SR-120,0000000,34.07136111,-84.29665833,2,1
13,151,4,18,0,30,1,2,1,0,14,4,0,15,0,1,1,1,2,45,1,1,2,1,0,0,2,1,0,0,0,30,0,38,1,10,0,0,0,0,1,7,0,130340,0,2009,53,JODECO RD,99999999999999999999,0000000,33.48283889,-84.20426111,1,1
13,279,4,18,21,1,2,3,0,0,2,3,0,12,5,2,1,1,2,55,1,1,2,1,20,3,2,1,0,0,21,2,21,8,22,12,0,0,0,0,2,7,0,130341,0,2009,21,SR-4,CEDAR CROSSING RD,0000000,31.96949444,-82.35656389,2,1
13,289,4,20,23,19,1,1,0,0,6,6,0,42,0,3,6,1,2,25,1,2,2,1,0,0,2,1,0,0,23,19,23,24,88,88,0,0,0,0,1,2,0,130342,2930,2009,6,E MAIN ST,SCHOOL DR,0000000,32.6789,-83.33169444,1,1
13,277,4,22,12,5,2,3,0,0,14,3,0,12,5,2,1,1,2,35,2,1,2,1,0,0,1,1,0,0,12,10,12,11,12,18,0,0,0,0,1,4,0,130343,5490,2009,91,SR-125,POTTS RD,0000000,31.466125,-83.50293889,2,1
13,275,4,25,20,37,1,2,1,0,2,3,0,8,0,2,1,2,2,65,1,3,2,1,0,0,2,1,0,1,20,38,20,47,21,10,0,0,0,0,1,7,1,130344,0,2009,177,SR-3,COUNTY LINE RD,0000000,30.90461944,-83.97554444,1,1
13,143,4,28,16,30,2,2,0,0,6,4,0,12,5,2,1,1,2,45,1,2,2,1,20,3,1,1,0,0,16,30,16,40,88,88,0,0,0,0,2,3,0,130345,5370,2009,52,STONE MTN ST,PAYNE MILLING RD,0000000,33.72417778,-85.29323889,2,1
13,255,4,29,19,30,2,3,0,0,4,4,0,12,4,1,1,1,2,55,2,2,2,1,0,0,1,1,0,0,19,30,19,40,20,9,0,0,0,0,1,4,1,130346,0,2009,22,COUNTY LINE RD,99999999999999999999,0000000,33.18910278,-84.23895833,2,1
13,263,5,2,19,26,1,1,0,0,5,4,0,42,0,1,6,1,2,55,1,2,2,1,0,0,1,1,0,0,19,26,19,45,21,40,0,0,0,0,1,7,0,130347,0,2009,1,POPLAR TRACE RD,99999999999999999999,0000000,32.64846389,-84.42248611,1,1
13,299,5,2,17,24,1,6,0,0,9,3,0,42,0,1,6,2,2,65,1,1,2,1,0,0,1,1,0,0,17,26,17,37,18,5,0,0,0,0,1,7,0,130348,0,2009,99999,SR-4,99999999999999999999,0000000,31.05550833,-82.17447222,1,1
13,89,5,3,2,15,1,1,0,1,11,1,0,42,0,1,6,3,4,55,1,1,1,2,0,0,3,2,0,0,2,15,2,37,99,99,0,0,0,0,1,1,0,130349,280,2009,266,I-285 SR-407,99999999999999999999,0000000,33.66153056,-84.35626667,1,2
13,215,4,16,0,31,2,2,0,1,11,1,0,12,1,1,1,3,2,55,1,1,2,1,0,0,2,1,0,1,0,31,0,35,1,3,0,0,0,0,1,5,1,130350,1280,2009,19,I-185,99999999999999999999,0000000,32.44493889,-84.92787778,1,1
13,317,4,16,19,38,1,1,0,1,2,3,0,34,0,1,6,2,2,55,1,1,2,1,0,0,1,1,0,0,19,38,19,44,19,58,0,0,0,0,1,5,0,130351,5820,2009,124,SR-17,99999999999999999999,0000000,33.75779444,-82.73464722,1,1
13,31,4,17,22,36,1,2,0,1,2,3,0,37,0,1,6,1,2,55,2,2,2,1,0,0,2,1,0,0,22,36,22,43,22,48,0,0,0,0,1,6,0,130352,0,2009,129,SR-26,99999999999999999999,0000000,32.506775,-81.82555,1,1
13,89,4,17,11,40,2,2,0,0,15,6,0,12,5,2,1,1,2,35,1,1,2,1,0,0,1,1,0,0,11,42,11,50,12,10,0,0,0,0,1,6,0,130353,1140,2009,20,MONTREAL RD,PLANTATION DR,0000000,33.81451667,-84.24398889,2,1
13,121,4,17,18,20,2,2,0,0,14,6,0,12,5,2,1,1,2,30,1,1,1,1,3,3,1,1,0,0,18,20,18,30,18,40,0,0,0,0,1,6,0,130354,280,2009,5,GLEN IRIS DR,HIGHLAND AVE,0000000,33.76120278,-84.36781111,2,1
13,25,4,21,21,48,1,1,0,0,9,4,0,37,0,1,6,1,2,45,2,1,2,2,0,0,2,2,0,0,21,48,21,53,88,88,0,0,0,0,1,3,0,130355,0,2009,99999,RIVERSIDE ROCK RD,99999999999999999999,0000000,31.34009444,-82.13825278,1,2
13,69,4,23,12,14,2,4,0,0,4,3,0,12,5,2,1,1,2,45,1,2,2,1,20,3,1,1,0,0,12,14,12,31,13,7,0,0,0,0,1,5,0,130356,0,2009,12,SR-158,SR-90,0000000,31.47358333,-83.12506944,2,1
13,133,4,23,9,30,1,1,0,0,6,4,0,30,0,1,6,1,2,55,1,2,2,1,0,0,1,1,0,0,88,88,88,88,88,88,0,0,0,0,1,5,0,130357,0,2009,30,BETHANY CHURCH RD,99999999999999999999,0000000,33.56378333,-83.02509722,1,1
13,191,4,23,15,9,2,3,0,1,1,1,0,12,1,1,1,2,2,70,1,2,2,1,0,0,1,1,0,1,15,9,15,18,88,88,0,0,0,0,2,5,0,130358,0,2009,54,I-95,99999999999999999999,0000000,31.41062778,-81.44456944,2,1
13,285,4,23,22,34,2,2,0,0,4,4,0,12,2,1,1,1,2,55,2,2,2,1,0,0,2,1,0,0,23,34,23,34,23,53,0,0,0,0,1,5,1,130359,0,2009,12,UPPER BIG SPRINGS RD,99999999999999999999,0000000,33.01116389,-84.92940278,2,1
13,121,4,24,17,41,1,2,1,0,14,6,0,8,0,2,1,1,2,35,1,2,2,1,0,0,1,1,0,0,17,42,17,54,88,88,0,0,0,0,1,6,1,130360,280,2009,29,METROPOLITAN PKWY,CLEVELAND AVE,0000000,33.68128333,-84.40761667,1,1
13,5,4,25,15,27,1,1,0,0,6,4,0,34,0,1,6,1,2,35,1,1,5,1,0,0,1,1,0,0,15,28,15,48,88,88,0,20,0,0,1,7,0,130361,0,2009,18,CAMPGROUND RD,99999999999999999999,0000000,31.62828056,-82.59276944,1,1
13,89,4,25,23,4,3,12,0,0,14,4,0,12,2,1,1,1,2,45,1,1,2,1,0,0,3,1,0,0,23,40,23,50,23,58,0,0,0,0,2,7,0,130362,0,2009,27,ROCKBRIDGE RD,99999999999999999999,0000000,33.78610278,-84.11572778,3,1
13,225,4,25,22,6,1,1,0,1,2,3,0,1,0,1,3,2,2,65,2,2,2,1,0,0,2,1,0,0,22,6,22,10,22,55,0,0,0,0,1,7,0,130363,0,2009,99999,SR-49,99999999999999999999,0000000,32.56649167,-83.935675,1,1
13,179,4,26,0,13,1,2,0,0,6,4,0,34,0,1,6,1,2,35,2,2,2,1,0,0,2,1,0,0,0,13,0,17,0,45,0,0,0,0,1,1,1,130364,0,2009,0,OAK CREEK RD,99999999999999999999,0000000,31.76584722,-81.44813056,1,1
13,211,4,26,21,14,1,5,0,1,1,1,0,1,0,1,3,2,2,70,1,3,1,1,0,0,2,1,0,0,21,14,21,28,22,40,0,0,0,0,1,1,0,130365,0,2009,230,I-20,99999999999999999999,0000000,33.53313056,-83.28289167,1,1
13,105,4,27,18,4,1,2,0,0,3,3,0,42,0,1,6,1,2,55,1,2,2,1,0,0,1,1,0,0,18,4,18,9,18,23,0,0,0,0,1,2,0,130366,0,2009,99999,SR-77,99999999999999999999,0000000,34.15279722,-82.86313611,1,1
13,289,4,27,5,44,5,5,0,0,3,3,0,12,2,1,1,1,2,55,1,2,2,1,0,0,2,1,0,0,5,55,6,10,7,36,0,14,0,0,1,2,0,130367,0,2009,80,SR-96,99999999999999999999,0000000,32.56589444,-83.41060556,5,1
13,245,4,28,9,42,2,2,0,0,13,3,0,12,3,1,1,1,2,45,1,1,2,1,0,0,1,1,0,0,9,43,9,49,88,88,0,0,0,0,1,3,0,130368,310,2009,3,SR-104,99999999999999999999,0000000,33.48135278,-81.98141944,2,1
13,281,4,28,13,2,2,4,0,0,4,3,0,12,5,2,1,1,2,55,1,2,2,1,0,0,1,1,0,0,13,3,13,17,88,88,0,0,0,0,1,3,0,130369,0,2009,99999,SR-75,SR-180,0000000,34.832175,-83.730325,2,1
13,113,4,29,15,50,2,2,0,0,14,3,0,12,7,2,1,1,3,50,1,2,2,1,3,3,1,1,0,0,15,50,15,57,16,50,0,0,0,0,1,4,0,130370,0,2009,44,SR-314,SR-279,0000000,33.52881111,-84.44909444,2,1
13,51,4,30,15,51,2,2,0,0,13,3,0,12,5,2,2,1,2,55,1,1,2,1,0,0,1,1,0,0,15,52,15,58,16,34,0,0,0,0,1,5,0,130371,553,2009,99999,SR-26,STAGECOACH RD,0000000,32.13844444,-81.31801111,2,1
13,73,4,30,3,52,2,2,0,0,3,3,0,12,2,1,1,1,2,55,1,3,1,1,0,0,2,1,0,0,3,54,4,4,88,88,0,0,0,0,1,5,0,130372,0,2009,112,SR-104,99999999999999999999,0000000,33.58870556,-82.21601389,2,1
13,179,5,1,16,1,2,2,0,0,2,3,0,12,1,1,1,1,2,55,1,1,2,1,0,0,1,1,0,0,16,1,16,10,88,88,0,0,0,0,1,6,0,130373,0,2009,185,SR-196,99999999999999999999,0000000,,,2,1
13,57,5,2,22,51,1,1,0,0,6,3,0,42,0,1,6,1,2,55,2,2,2,1,0,0,2,1,0,0,22,57,23,11,88,88,0,0,0,0,1,7,0,130374,0,2009,4,SR-754,99999999999999999999,0000000,34.37720556,-84.37194167,1,1
13,137,5,2,14,8,2,5,0,0,3,3,0,12,5,1,1,1,2,55,1,2,2,1,0,0,1,1,0,0,14,32,14,41,15,1,0,0,0,0,1,7,1,130375,0,2009,38,SR-115,99999999999999999999,0000000,34.60421111,-83.5789,2,1
13,195,5,2,17,47,2,5,0,0,3,3,0,12,2,2,1,1,2,55,2,2,2,2,0,0,1,1,0,0,17,49,17,57,18,33,0,0,0,0,1,7,0,130376,0,2009,70,SR-8,COLBERT GROVE CHURCH,0000000,34.09220556,-83.23888056,2,1
13,121,5,3,20,24,1,1,0,1,13,3,0,42,0,1,6,3,3,45,1,2,2,2,0,0,3,1,0,0,20,24,20,27,88,88,0,0,0,0,1,1,1,130377,4790,2009,740,SR-92,99999999999999999999,0000000,34.03740556,-84.34523889,1,1
13,63,5,4,1,48,1,2,1,1,13,3,0,8,0,1,1,3,3,45,1,1,2,2,0,0,2,1,0,0,88,88,88,88,88,88,0,0,0,0,1,2,0,130378,0,2009,92,SR-3,99999999999999999999,0000000,33.55181944,-84.37002222,1,1