STATE,COUNTY,MONTH,DAY,HOUR,MINUTE,VE_TOTAL,PERSONS,PEDS,NHS,ROAD_FNC,ROUTE,SP_JUR,HARM_EV,MAN_COLL,REL_JUNC,REL_ROAD,TRAF_FLO,NO_LANES,SP_LIMIT,ALIGNMNT,PROFILE,PAVE_TYP,SUR_COND,TRA_CONT,T_CONT_F,LGT_COND,WEATHER1,WEATHER2,WRK_ZONE,NOT_HOUR,NOT_MIN,ARR_HOUR,ARR_MIN,HOSP_HR,HOSP_MN,SCH_BUS,CF1,CF2,CF3,FATALS,DAY_WEEK,DRUNK_DR,ST_CASE,CITY,YEAR,MILEPT,TWAY_ID,TWAY_ID2,RAIL,LATITUDE,LONGITUD,VE_FORMS,WEATHER
13,115,5,4,11,37,2,4,0,0,16,6,0,12,5,2,1,1,2,35,1,1,2,2,20,3,1,1,0,0,11,37,12,2,12,6,0,0,0,0,1,2,0,130379,4760,2009,1,E 19TH ST,CEDAR AVE,0000000,34.22981111,-85.17294722,2,1
13,147,5,4,17,8,1,3,0,0,5,4,0,34,0,1,6,1,2,40,1,2,2,2,0,0,1,2,0,0,17,8,17,14,18,2,0,0,0,0,1,2,0,130380,0,2009,73,BETHANY BOWERSVILLE,99999999999999999999,0000000,34.31923056,-82.98497222,1,2
13,103,5,7,18,25,2,2,0,0,3,3,0,12,5,2,1,1,2,55,1,1,2,1,20,3,1,1,0,0,18,25,18,31,19,36,0,0,0,0,1,5,0,130381,0,2009,4,SR-21,OLIVER KILDARE RD,0000000,32.53165556,-81.45911667,2,1
13,135,5,8,16,45,1,1,0,0,16,4,0,53,0,1,6,1,2,40,2,2,2,1,0,0,1,1,0,0,16,46,16,55,17,25,0,0,0,0,1,6,0,130382,0,2009,3,SUWANEE CREEK RD,99999999999999999999,0000000,34.02250278,-84.07963611,1,1
13,271,5,9,0,46,1,1,0,0,4,3,0,42,0,1,6,1,2,55,1,2,2,1,0,0,2,1,0,0,0,51,1,10,88,88,0,0,0,0,1,7,1,130383,0,2009,212,SR-117,99999999999999999999,0000000,31.81875556,-82.99675278,1,1
13,245,5,10,8,28,1,1,0,1,13,3,0,1,0,2,3,2,2,55,1,1,2,1,0,0,1,1,0,0,8,30,8,36,9,0,0,0,0,0,1,1,0,130384,310,2009,83,SR-4,PARWOOD DR,0000000,33.32905833,-82.17337778,1,1
13,51,5,11,16,6,3,5,0,0,16,3,0,24,0,1,4,1,2,45,2,1,1,2,0,0,1,1,0,0,88,88,88,88,88,88,0,0,0,0,2,2,1,130385,0,2009,99999,SR-80,99999999999999999999,0000000,,,3,1
13,211,5,11,7,49,2,2,0,0,5,4,0,12,2,1,1,1,2,35,2,2,2,2,0,0,1,1,0,0,7,52,8,2,9,6,0,0,0,0,1,2,0,130386,0,2009,17,CRAWFORD RD,99999999999999999999,0000000,33.52876667,-83.42322222,2,1
13,121,5,15,4,49,1,2,1,1,11,1,0,8,0,1,1,3,4,55,1,1,2,1,0,0,2,1,0,0,88,88,88,88,88,88,0,0,0,0,1,6,0,130387,1250,2009,99999,I-285,99999999999999999999,0000000,33.62044444,-84.48108611,1,1
13,135,5,16,2,30,2,2,0,0,13,3,0,12,1,2,1,1,2,45,1,1,2,1,3,3,3,1,0,0,2,32,2,42,3,6,0,0,0,0,1,7,0,130388,0,2009,44,SR-10,PARKWOOD RD,0000000,33.84438333,-84.05537778,2,1
13,51,1,10,12,32,2,3,0,0,14,6,0,12,5,2,1,1,2,35,1,1,1,1,20,3,1,1,0,0,12,32,12,36,13,21,0,0,0,0,1,7,0,130389,4910,2009,5,DRAYTON ST,E 34TH,0000000,32.05939167,-81.09811389,2,1
13,121,3,4,21,26,1,2,1,0,14,6,0,8,0,2,2,1,2,35,1,1,2,1,0,0,3,1,0,0,21,26,21,30,21,54,0,0,0,0,1,4,0,130390,280,2009,35,MORELAND AVE,SANDERS AVE,0000000,33.74207778,-84.34931389,1,1
13,29,4,3,2,47,2,2,0,1,1,1,0,12,1,1,2,3,2,70,1,1,2,2,0,0,2,1,0,0,2,47,3,4,4,23,0,0,0,0,1,6,0,130391,0,2009,113,I-95,99999999999999999999,0000000,31.97915833,-81.30996389,1,1
13,121,4,13,9,37,1,1,0,0,16,6,0,16,0,1,1,1,2,30,1,1,2,1,99,9,1,8,0,0,88,88,88,88,88,88,0,0,0,0,1,2,0,130392,280,2009,99999,NACOOCHEE DR,99999999999999999999,0000000,,,1,8
13,21,4,19,19,45,1,1,0,0,4,4,0,39,0,1,6,1,2,45,2,2,2,1,0,0,1,1,0,0,19,45,19,58,88,88,0,0,0,0,1,1,1,130393,0,2009,6,SARDIS CHURCH RD,99999999999999999999,0000000,32.71676667,-83.75197778,1,1
13,139,5,8,14,45,1,5,0,0,4,3,0,1,0,1,2,1,2,55,2,2,2,1,0,0,1,1,0,0,14,48,14,53,16,30,0,0,0,0,1,6,0,130394,0,2009,106,SR-284,99999999999999999999,0000000,34.46285278,-83.77433611,1,1
13,59,5,10,19,3,3,8,0,0,13,3,0,12,5,2,1,1,2,55,1,1,2,1,3,3,1,1,0,0,19,17,19,43,20,28,0,0,0,0,1,1,1,130395,270,2009,145,SR-10,ROBERT HARDEMAN RD,0000000,33.92470278,-83.27988611,3,1
13,87,5,11,12,59,2,2,0,0,15,6,0,12,5,2,1,1,2,35,1,1,2,1,20,3,1,1,0,0,12,59,13,5,88,88,0,0,0,0,1,2,0,130396,370,2009,8,BROUGHTON ST,SCOTT ST,0000000,30.90573333,-84.56788333,2,1
13,15,5,12,4,38,1,1,0,1,11,1,0,24,0,1,4,2,3,70,2,1,2,1,0,0,2,1,0,0,4,38,4,44,88,88,0,0,0,0,1,3,0,130397,2010,2009,74,I-75,99999999999999999999,0000000,34.13883889,-84.73699167,1,1
13,179,5,12,14,33,1,2,0,1,1,1,0,1,0,1,6,2,2,70,2,1,1,1,0,0,1,1,0,0,14,33,14,37,15,37,0,0,0,0,1,3,1,130398,0,2009,97,I-95,99999999999999999999,0000000,31.78425278,-81.37715,1,1
13,319,5,12,8,7,2,2,0,0,3,3,0,12,1,2,1,1,2,35,1,2,2,1,3,3,1,1,0,0,8,7,8,19,9,7,0,0,0,0,1,3,0,130399,0,2009,196,SR-57,SR-112,0000000,32.82163333,-83.07867778,2,1
13,15,5,13,10,59,2,2,0,0,3,3,0,12,4,1,1,1,2,55,2,2,2,1,0,0,1,1,0,0,11,0,11,17,11,57,0,0,0,0,1,4,0,130400,0,2009,10,SR-140,99999999999999999999,0000000,34.36906944,-85.00358056,2,1
13,63,5,14,5,19,1,1,0,0,14,4,0,32,0,2,6,1,2,40,2,1,2,1,0,0,2,1,0,0,5,19,5,26,88,88,0,0,0,0,1,5,1,130401,0,2009,17,FIELDER RD,PLANTATION DR,0000000,33.54836944,-84.30288056,1,1
13,217,5,14,8,13,2,2,0,1,1,1,0,13,5,1,1,3,2,70,1,2,2,1,0,0,1,1,0,0,8,17,8,25,88,88,0,0,0,0,2,5,0,130402,0,2009,138,I-20,99999999999999999999,0000000,33.61165278,-83.72039167,2,1
13,15,5,15,18,45,1,1,0,0,6,4,0,42,0,1,6,1,2,30,2,2,2,1,0,0,1,1,0,0,18,45,18,55,19,30,0,0,0,0,1,6,0,130403,0,2009,0,PINE VALLEY DR,99999999999999999999,0000000,34.33473611,-84.86616667,1,1
13,161,5,15,15,0,2,4,0,0,9,4,0,12,5,2,1,1,2,55,1,2,2,1,20,3,1,1,0,0,15,6,15,16,15,47,0,0,0,0,1,6,0,130404,0,2009,99999,IRA GRAHAM RD,BRANTLEY RD,0000000,31.74791111,-82.56858611,2,1
13,89,5,15,18,17,2,6,0,0,14,3,0,12,5,8,1,1,2,55,1,1,2,1,0,0,1,1,0,0,18,18,18,29,18,45,0,0,0,0,1,6,0,130405,0,2009,45,SR-212,99999999999999999999,0000000,33.64585,-84.13291389,2,1
13,67,5,18,9,16,2,2,0,0,16,4,0,12,5,2,1,1,2,25,2,2,2,1,0,0,1,1,0,0,9,17,9,21,9,54,0,0,0,0,1,2,0,130406,0,2009,3,OAK LANE,WOLBERT TRAIL,0000000,34.00359444,-84.44263333,2,1
13,175,5,18,20,25,1,1,0,0,6,4,0,34,0,1,6,1,2,35,2,2,5,1,0,0,6,1,0,0,20,25,20,36,21,1,0,0,0,0,1,2,1,130407,0,2009,16,CLAY HILL RD,99999999999999999999,0000000,32.42222778,-82.73685556,1,1
13,107,5,19,6,55,1,2,0,0,6,4,0,38,0,1,6,1,2,35,1,2,5,2,0,0,1,1,0,0,6,58,7,7,88,88,0,0,0,0,1,3,1,130408,0,2009,5,SYCAMORE LANE,99999999999999999999,0000000,,,1,1
13,245,5,19,14,14,1,1,0,1,11,1,0,35,0,1,6,2,2,55,1,1,1,1,0,0,1,1,0,0,14,44,14,55,15,19,0,0,0,0,1,3,0,130409,310,2009,37,I-520,99999999999999999999,0000000,33.44743056,-82.03186389,1,1
13,59,5,31,4,26,1,3,1,1,13,3,0,8,0,1,1,1,2,55,2,2,2,1,0,0,2,1,0,0,4,27,4,33,88,88,0,0,0,0,1,1,1,130411,270,2009,93,SR-15,99999999999999999999,0000000,33.98398889,-83.37693889,1,1
13,135,6,4,22,7,2,4,1,0,16,4,0,8,0,1,1,1,2,45,1,1,2,2,0,0,2,2,0,0,22,7,22,11,88,88,0,0,0,0,1,5,0,130412,1810,2009,6,STEVE REYNOLDS BLVD,99999999999999999999,0000000,33.96550278,-84.13578889,2,2
13,205,4,10,10,12,2,3,0,0,13,3,0,12,5,8,1,2,2,45,1,1,2,1,0,0,1,1,0,0,10,12,10,16,10,37,0,0,0,0,1,6,0,130413,880,2009,137,SR-300,99999999999999999999,0000000,31.23417778,-84.19990556,2,1
13,121,4,24,15,0,2,3,0,0,14,6,0,12,3,2,1,1,2,30,1,1,2,1,3,3,1,1,0,0,16,17,16,55,99,99,0,0,0,0,1,6,0,130414,280,2009,2,WHITEHALL ST,MCDANIEL ST,0000000,33.74355833,-84.40401111,2,1
13,247,1,13,18,58,1,2,1,0,14,4,0,8,0,3,1,1,2,30,9,9,9,9,0,0,6,1,0,0,19,0,19,4,19,35,0,0,0,0,1,3,0,130415,1320,2009,18,PEEK ST,INSTITUTE ST,0000000,33.66885278,-84.02026111,1,1
13,245,4,2,20,59,1,2,1,1,13,3,0,8,0,2,1,3,3,45,1,2,2,2,3,3,3,2,0,0,21,1,21,8,21,28,0,0,0,0,1,5,0,130416,310,2009,197,SR-4,RICHMOND HILL RD,0000000,33.43378611,-82.03557778,1,2
13,151,4,6,2,26,1,1,0,0,13,3,0,30,0,3,4,1,2,35,1,2,2,1,0,0,3,1,0,0,2,26,2,36,88,88,0,0,0,0,1,2,1,130417,3360,2009,87,SR-920 / JONESBORO R,DORIS ST,0000000,33.44796944,-84.156775,1,1
13,127,4,13,15,35,1,3,0,0,16,4,0,5,0,1,1,1,2,35,1,1,2,1,0,0,1,1,0,0,15,35,15,39,15,46,0,0,0,0,1,2,0,130418,0,2009,0,SOUTHERN RD,99999999999999999999,0000000,31.19467778,-81.50277222,1,1
13,97,4,14,4,20,1,1,0,1,11,1,0,24,0,1,4,3,3,60,1,2,2,2,0,0,2,2,0,0,4,20,4,31,5,1,0,0,0,0,1,3,0,130419,0,2009,188,I-20,99999999999999999999,0000000,33.77713056,-84.60536944,1,2
13,135,4,16,11,11,1,1,0,0,14,3,0,34,0,1,4,1,2,55,1,1,2,1,0,0,1,1,0,0,88,88,88,88,88,88,0,0,0,0,1,5,1,130420,0,2009,279,SR-124 / BRASELTON H,99999999999999999999,0000000,34.07171667,-83.86160278,1,1
13,313,4,20,14,6,1,1,0,0,4,3,0,1,0,1,4,1,2,55,2,2,2,1,0,0,1,1,0,0,99,99,99,99,99,99,0,0,0,0,1,2,0,130421,0,2009,34,SR-201,99999999999999999999,0000000,34.7661,-85.07368333,1,1
13,51,4,21,22,4,1,3,2,0,14,6,0,8,0,3,1,2,2,25,1,1,2,1,0,0,3,1,0,0,22,4,22,12,22,36,0,0,0,0,1,3,0,130422,4910,2009,3,OGLETHORPE AVE,BULL ST,0000000,32.07679722,-81.09273333,1,1
13,127,4,22,21,35,2,5,0,1,1,1,0,13,4,1,1,2,2,70,1,1,1,1,0,0,2,1,0,1,21,49,21,51,22,42,0,0,0,0,2,4,0,130423,0,2009,112,I-95,99999999999999999999,0000000,31.25657778,-81.49709722,2,1
13,51,4,23,15,44,2,3,0,0,13,3,0,12,4,2,1,5,5,40,1,1,2,1,0,0,1,1,0,0,15,44,15,48,16,12,0,0,0,0,1,5,0,130424,4910,2009,11,SR-204SP,WINER RD,0000000,31.99500278,-81.10900278,2,1
13,223,4,27,13,54,1,1,0,0,15,4,0,1,0,1,2,1,2,40,1,2,2,1,0,0,1,1,0,0,13,56,14,0,88,88,0,2,0,0,1,2,0,130425,0,2009,40,DALLAS NEBO RD,99999999999999999999,0000000,33.829,-84.82625556,1,1
13,47,4,30,14,38,4,6,0,0,14,3,0,12,1,3,1,2,2,55,1,1,2,1,0,0,1,1,0,0,14,38,14,44,15,28,0,0,0,0,1,5,0,130426,0,2009,55,SR-2,MAIN ST,0000000,34.92994167,-85.17423333,4,1
13,249,5,2,99,99,1,1,0,0,6,4,0,34,0,1,6,1,2,55,1,1,2,1,0,0,1,1,0,0,10,48,10,58,88,88,0,0,0,0,1,7,1,130427,0,2009,1,MCMICKLE RD,99999999999999999999,0000000,32.31847222,-84.35302778,1,1
13,67,5,3,13,39,1,2,0,1,11,1,0,1,0,1,1,3,4,60,1,1,2,1,0,0,1,1,0,0,13,41,13,46,14,11,0,0,0,0,1,1,0,130428,0,2009,22,I-20 / SR-402,99999999999999999999,0000000,33.773975,-84.55895556,1,1
13,117,5,4,9,44,2,2,0,0,4,3,0,12,2,1,1,1,2,55,2,1,2,2,0,0,1,2,0,0,9,44,9,48,10,37,0,0,0,0,1,2,0,130429,0,2009,88,SR-306,99999999999999999999,0000000,34.28691667,-84.030925,2,2
13,197,5,6,14,53,1,1,0,0,4,3,0,32,0,1,4,1,2,55,1,2,2,1,0,0,1,1,0,0,14,55,15,1,88,88,0,0,0,0,1,4,0,130430,0,2009,114,SR-137,99999999999999999999,0000000,32.33934167,-84.49466944,1,1
13,249,5,9,19,40,1,1,0,0,4,4,0,35,0,1,4,1,2,55,2,2,2,1,0,0,1,1,0,0,19,45,19,53,88,88,0,0,0,0,1,7,1,130431,0,2009,36,CONCORDE CHURCH RD,99999999999999999999,0000000,32.30148056,-84.340625,1,1
13,69,5,11,10,50,2,2,0,0,13,3,0,12,5,2,1,2,2,35,1,1,2,1,3,3,1,1,0,0,10,50,10,55,11,19,0,0,0,0,1,2,0,130432,1760,2009,85,SR-31,CHESTER AVE,0000000,31.52645833,-82.85081944,2,1
13,121,5,12,2,37,1,3,0,0,15,4,0,30,0,2,4,1,2,45,2,1,2,1,0,0,2,1,0,0,2,37,2,51,3,15,0,0,0,0,1,3,1,130433,9997,2009,10,NEW PROVIDENCE RD,DORRIS RD,0000000,34.10482222,-84.36141667,1,1
13,305,5,13,13,19,1,1,0,0,6,4,0,31,0,1,4,1,2,55,2,2,2,1,0,0,1,1,0,0,13,19,13,27,13,57,0,0,0,0,1,4,0,130434,0,2009,81,LONGFORD RD,99999999999999999999,0000000,31.53231111,-81.85998889,1,1
13,67,5,15,11,23,2,2,0,0,13,4,0,12,5,2,1,2,2,55,1,1,2,1,3,3,1,1,0,0,11,30,11,42,12,12,0,0,0,0,1,6,0,130435,0,2009,33,E W CONN,AULDLYN DR,0000000,33.85732778,-84.5858,2,1
13,215,5,19,20,39,1,2,0,1,13,3,0,24,0,3,4,3,2,65,1,1,1,1,0,0,2,1,0,0,20,39,20,42,21,9,0,0,0,0,1,3,1,130436,1280,2009,25,SR-22/J R ALLEN PKWY,BRADLEY PARK DR,0000000,32.53185278,-84.97480556,1,1
13,95,5,22,10,0,1,2,1,1,13,3,0,9,0,1,1,1,6,35,1,1,2,1,0,0,1,1,0,0,10,0,10,4,10,24,0,0,0,0,1,6,0,130437,90,2009,43,SR-520 BU,99999999999999999999,0000000,31.57555556,-84.15256944,1,1
13,151,5,22,13,23,1,1,0,0,13,3,0,34,0,1,4,1,2,55,2,2,2,2,0,0,1,2,0,0,13,23,13,28,14,3,0,0,0,0,1,6,0,130438,0,2009,156,SR-155,99999999999999999999,0000000,33.54060833,-84.13913611,1,2
13,51,5,23,23,4,2,3,1,0,13,3,0,8,0,1,1,1,4,45,1,1,2,1,0,0,3,1,0,0,23,4,23,16,88,88,0,0,0,0,1,7,0,130439,2290,2009,78,SR-25,99999999999999999999,0000000,32.04235,-81.18956667,2,1
13,51,5,24,0,52,1,2,0,0,4,3,0,42,0,1,6,3,2,55,1,1,2,1,0,0,2,1,0,0,0,52,0,59,1,25,0,0,0,0,1,1,1,130440,0,2009,99999,SR-204,99999999999999999999,0000000,31.99340833,-81.23269444,1,1
13,183,5,24,0,28,1,4,0,0,6,4,0,42,0,1,6,1,2,35,2,2,5,2,0,0,3,2,0,0,0,28,0,42,1,21,0,0,0,0,1,1,1,130441,0,2009,66,OLD BARRINGTON RD,99999999999999999999,0000000,31.63613611,-81.67480833,1,2
13,179,5,25,20,7,1,1,0,0,16,6,0,34,0,1,6,1,2,25,1,1,2,1,0,0,5,1,0,0,20,8,20,12,20,33,0,0,0,0,1,2,1,130442,2730,2009,99999,MCDOWELL RD,99999999999999999999,0000000,31.83192778,-81.61348333,1,1
13,153,5,27,7,41,2,2,0,1,13,3,0,12,1,1,1,1,2,55,1,2,2,1,0,0,1,5,0,0,7,41,7,49,8,17,0,0,0,0,1,4,0,130443,0,2009,152,SR-247,99999999999999999999,0000000,32.56878611,-83.59402778,2,5
13,247,5,29,16,21,3,6,0,0,13,3,0,12,5,2,1,2,2,55,1,1,2,1,20,3,1,1,0,1,16,22,16,31,16,47,0,0,0,0,1,6,0,130444,1320,2009,123,SR-138,EASTVIEW PKWY,0000000,33.67253333,-83.98196111,3,1
13,121,5,30,4,53,2,2,0,1,11,1,0,12,1,1,1,3,5,55,1,1,2,1,0,0,2,1,0,0,5,4,5,12,88,88,0,0,0,0,1,7,1,130445,4882,2009,264,I-285 / SR-407,99999999999999999999,0000000,33.91378611,-84.35139722,2,1
13,183,5,30,9,42,2,3,0,1,2,3,0,12,1,1,1,1,2,35,1,2,2,1,0,0,1,1,0,0,9,43,9,46,10,26,0,0,0,0,1,7,0,130446,0,2009,36,SR-23,99999999999999999999,0000000,,,2,1
13,13,6,1,17,16,3,3,0,0,4,4,0,12,5,2,1,1,2,55,1,2,2,1,20,3,1,1,0,0,17,20,17,28,17,48,0,0,0,0,1,2,0,130447,0,2009,129,ATLANTA HWY,BOWMAN MILL RD,0000000,33.97699722,-83.64363611,3,1
13,71,6,3,23,22,1,2,1,0,6,6,0,9,0,1,1,1,2,35,1,2,2,1,0,0,3,1,0,0,23,28,23,33,0,9,0,0,0,0,1,4,0,130448,3800,2009,2,W CENTRAL AVE,99999999999999999999,0000000,31.18014722,-83.79579444,1,1
13,117,6,3,13,59,2,2,0,0,14,3,0,12,2,1,1,1,2,55,1,1,2,1,0,0,1,1,0,0,13,59,14,0,15,7,0,0,0,0,1,4,1,130449,0,2009,45,SR-9,99999999999999999999,0000000,34.15603056,-84.21496944,2,1
13,219,6,3,20,31,2,5,0,1,13,3,0,12,5,2,1,2,2,55,1,2,2,1,3,3,1,1,0,0,20,42,20,48,21,11,0,0,0,0,1,4,0,130450,0,2009,99,SR-24,NEW HIGH SHOALS RD,0000000,33.849675,-83.42273056,2,1
13,39,6,4,16,2,2,2,0,0,3,3,0,12,2,1,1,1,2,55,1,1,2,2,0,0,1,2,0,0,16,5,16,12,17,25,0,0,0,0,1,5,0,130451,3010,2009,83,SR-40,99999999999999999999,0000000,30.81090556,-81.76495278,2,2
13,79,6,4,9,31,2,2,0,0,3,3,0,12,5,1,1,1,2,55,1,2,2,2,0,0,1,2,0,0,9,31,9,36,88,88,0,0,0,0,2,5,0,130452,0,2009,201,SR-22,99999999999999999999,0000000,32.79831389,-83.86834167,2,2
13,73,6,5,10,42,1,1,0,1,1,1,0,31,0,1,8,2,2,70,1,1,1,1,0,0,1,1,0,0,99,99,99,99,99,99,0,0,0,0,1,6,0,130453,0,2009,50,I-20 / SR-402,99999999999999999999,0000000,33.49695833,-82.31883889,1,1
13,157,6,5,3,20,5,6,0,1,1,1,0,24,0,1,4,2,2,70,1,2,2,2,0,0,2,2,0,0,3,25,3,35,4,37,0,0,0,0,1,6,0,130454,0,2009,130,I-85 / SR-403,99999999999999999999,0000000,34.18649444,-83.59318889,5,2
13,67,6,7,2,33,1,2,1,0,16,4,0,8,0,3,1,1,2,30,2,2,2,1,0,0,2,1,0,0,2,33,2,35,88,88,0,0,0,0,1,1,0,130455,0,2009,2,SANDTOWN RD,SANDTOWN GREEN,0000000,33.92026944,-84.55610278,1,1
13,205,6,7,6,49,1,1,0,0,3,3,0,42,0,2,6,1,2,45,2,1,2,1,0,0,2,1,0,0,6,51,7,2,88,88,0,0,0,0,1,1,1,130456,0,2009,80,SR-97,SR-311,0000000,31.187325,-84.37521389,1,1
13,245,6,11,1,45,1,2,1,0,14,3,0,8,0,1,1,1,2,55,1,1,2,1,0,0,2,1,0,1,1,45,1,59,88,88,0,0,0,0,1,5,1,130457,310,2009,73,SR-56,99999999999999999999,0000000,33.34003056,-81.970325,1,1
13,89,6,12,6,40,2,5,1,0,14,3,0,8,0,1,1,2,3,45,1,1,2,1,0,0,2,1,0,0,88,88,88,88,88,88,0,0,0,0,1,6,1,130458,0,2009,17,SR-42,99999999999999999999,0000000,33.67163889,-84.34066667,2,1
13,89,6,13,23,31,2,2,0,1,11,1,0,12,1,1,1,3,3,55,2,1,2,1,0,0,3,1,0,0,23,31,23,42,0,5,0,0,0,0,1,7,1,130459,0,2009,187,I-285 / SR-407,99999999999999999999,0000000,33.72171667,-84.23649167,2,1
13,145,6,13,5,23,1,1,0,1,1,1,0,42,0,1,6,2,2,70,1,2,2,1,0,0,2,1,0,0,5,23,5,51,88,88,0,0,0,0,1,7,0,130460,0,2009,51,I-185 / SR-411,99999999999999999999,0000000,32.68464444,-84.99014722,1,1
13,51,6,14,13,0,3,7,0,1,13,3,0,25,0,1,3,3,2,45,1,3,1,1,0,0,1,1,0,0,13,0,13,5,13,45,0,0,0,0,3,1,0,130461,0,2009,261,SR-80,99999999999999999999,0000000,32.03327222,-80.98239167,3,1
13,89,6,14,4,30,1,4,0,1,11,1,0,37,0,13,6,6,1,55,2,2,2,1,0,0,2,1,0,0,4,47,4,53,5,28,0,0,0,0,2,1,1,130462,0,2009,75,I-20,99999999999999999999,0000000,33.71423889,-84.2437,1,1
13,157,6,14,15,25,1,1,0,0,9,6,0,33,0,1,4,1,2,45,1,2,2,1,0,0,1,1,0,0,15,25,15,39,88,88,0,0,0,0,1,1,0,130463,0,2009,99999,LOGISTICS PKWY,99999999999999999999,0000000,,,1,1
13,215,6,14,21,51,1,1,0,0,16,6,0,27,0,1,6,1,2,35,2,1,2,1,0,0,3,1,0,0,21,52,21,54,22,17,0,0,0,0,1,1,1,130464,1280,2009,23,MILGEN RD,99999999999999999999,0000000,32.51245833,-84.92485278,1,1
13,89,6,16,19,55,2,4,0,1,11,1,0,12,7,1,1,3,4,55,1,1,2,1,0,0,1,1,0,0,19,56,20,11,20,47,0,0,0,0,2,3,0,130465,0,2009,95,I-285 / SR-407,99999999999999999999,0000000,33.82801111,-84.25225,2,1
13,115,6,18,9,10,1,4,1,0,14,3,0,9,0,4,1,1,2,35,1,2,2,1,20,3,1,1,0,0,9,10,9,11,9,20,0,0,0,0,1,5,0,130466,4760,2009,120,SR-101,99999999999999999999,0000000,34.25189444,-85.17348333,1,1
13,169,6,19,15,17,1,1,0,0,6,4,0,1,0,1,6,1,2,40,2,2,5,1,0,0,1,1,0,0,88,88,88,88,88,88,0,0,0,0,1,6,0,130467,0,2009,20,CHAMBERS RD,99999999999999999999,0000000,32.95520556,-83.39936389,1,1
13,135,6,20,13,8,2,9,0,1,11,1,0,1,0,1,1,3,5,65,1,1,2,1,0,0,1,1,0,0,13,8,13,17,14,0,0,0,0,0,2,7,0,130468,3990,2009,13,I-85 / SR-403,99999999999999999999,0000000,33.91111667,-84.21679167,2,1
13,59,6,28,20,40,1,2,0,0,15,4,0,24,0,1,6,1,2,45,2,2,2,1,0,0,1,1,0,0,20,42,20,51,21,16,0,0,0,0,1,1,1,130469,270,2009,42,SPRING VALLEY RD,99999999999999999999,0000000,33.95913056,-83.32221111,1,1
13,9,5,2,12,28,2,4,0,0,14,3,0,12,5,2,1,1,2,55,1,2,2,1,20,3,1,1,0,0,12,29,12,35,12,57,0,0,0,0,1,7,0,130470,0,2009,60,SR-22,OLD MONTICELLO RD,0000000,33.07874167,-83.30582778,2,1
13,17,5,4,21,29,2,3,0,0,14,3,0,12,5,2,1,1,2,55,1,1,2,1,20,3,2,1,0,0,21,29,21,34,21,42,0,0,0,0,1,2,0,130471,0,2009,93,SR-107,PEACHTREE RD,0000000,31.71332778,-83.20495556,2,1
13,187,5,5,17,13,1,1,0,0,3,3,0,24,0,1,4,1,2,45,2,2,2,1,0,0,1,1,0,0,17,13,17,16,18,49,0,0,0,0,1,3,0,130472,0,2009,161,SR-52,99999999999999999999,0000000,34.54099444,-83.95584444,1,1
13,85,5,10,14,18,2,2,0,0,2,3,0,12,2,2,1,1,2,55,2,2,2,1,40,3,1,1,0,0,14,20,14,27,15,29,0,0,0,0,1,1,0,130473,0,2009,67,SR-53,SR-183,0000000,34.42755833,-84.16035833,2,1
13,293,5,11,15,8,2,4,0,0,13,3,0,12,5,8,1,1,4,45,1,1,2,1,0,0,1,1,0,0,15,8,15,12,15,28,0,0,0,0,1,2,0,130474,5450,2009,177,SR-3,99999999999999999999,0000000,32.92666111,-84.33403611,2,1
13,27,5,14,16,50,2,3,0,0,9,4,0,12,4,3,1,1,2,55,1,1,2,1,40,3,1,1,0,0,16,50,17,21,18,4,0,0,0,0,1,5,0,130475,0,2009,99999,KNIGHTS FERRY RD,PINE BRANCH LANE,0000000,30.71405833,-83.53898889,2,1
13,27,5,16,13,56,1,1,0,0,5,6,0,18,0,1,4,1,2,15,2,1,2,2,0,0,1,1,0,0,13,58,15,0,88,88,0,0,0,0,1,7,0,130476,0,2009,0,S WASHINGTON ST,99999999999999999999,0000000,30.77309167,-83.55921111,1,1
13,111,5,16,0,35,2,3,0,0,2,3,0,12,5,2,1,2,2,55,1,2,1,2,20,3,2,1,0,0,0,35,0,39,1,14,0,0,0,0,1,7,1,130477,0,2009,168,SR-515 / SR-2,TOTHEROW RD,0000000,34.87724444,-84.1146,2,1
13,265,5,16,16,44,1,4,0,1,1,1,0,42,0,1,6,2,2,70,1,1,1,2,0,0,1,2,0,0,16,44,17,8,18,10,0,0,0,0,2,7,0,130478,0,2009,97,I-20 / SR-402,99999999999999999999,0000000,33.50400833,-82.82978889,1,2
13,147,5,17,1,21,1,1,0,0,5,4,0,42,0,1,6,1,2,45,2,2,2,1,0,0,2,1,0,0,1,23,1,31,88,88,0,0,0,0,1,1,1,130479,0,2009,21,NEW PROSPECT RD,99999999999999999999,0000000,34.41725556,-82.90375556,1,1
13,301,5,20,3,11,2,2,0,1,1,1,0,14,11,1,2,2,2,65,1,2,1,1,0,0,2,1,0,0,3,12,3,29,88,88,0,0,0,0,1,4,0,130480,0,2009,47,I-20 / SR-402,99999999999999999999,0000000,33.50379167,-82.73958333,1,1
13,195,5,23,17,52,1,4,0,0,6,4,0,35,0,1,4,1,2,35,2,2,5,1,0,0,1,1,0,0,17,54,18,3,20,5,0,0,0,0,1,7,0,130481,0,2009,1,ESCO RD / CR-314,99999999999999999999,0000000,34.09913611,-83.18401389,1,1