STATE,COUNTY,MONTH,DAY,HOUR,MINUTE,VE_TOTAL,PERSONS,PEDS,NHS,ROAD_FNC,ROUTE,SP_JUR,HARM_EV,MAN_COLL,REL_JUNC,REL_ROAD,TRAF_FLO,NO_LANES,SP_LIMIT,ALIGNMNT,PROFILE,PAVE_TYP,SUR_COND,TRA_CONT,T_CONT_F,LGT_COND,WEATHER1,WEATHER2,WRK_ZONE,NOT_HOUR,NOT_MIN,ARR_HOUR,ARR_MIN,HOSP_HR,HOSP_MN,SCH_BUS,CF1,CF2,CF3,FATALS,DAY_WEEK,DRUNK_DR,ST_CASE,CITY,YEAR,MILEPT,TWAY_ID,TWAY_ID2,RAIL,LATITUDE,LONGITUD,VE_FORMS,WEATHER
13,313,5,23,13,40,2,2,0,1,1,1,0,12,1,1,1,3,3,70,1,2,2,1,0,0,1,1,0,0,13,53,14,1,88,88,0,0,0,0,1,7,0,130482,0,2009,53,I-75 / SR-401,99999999999999999999,0000000,34.68472778,-85.00141389,2,1
13,111,5,24,1,53,1,1,0,0,6,4,0,1,0,1,1,1,2,35,1,2,2,2,0,0,2,1,0,0,1,56,2,10,88,88,0,0,0,0,1,1,1,130483,0,2009,99999,SALEM RD,99999999999999999999,0000000,34.98783333,-84.26865556,1,1
13,217,5,24,4,54,1,1,0,0,6,4,0,34,0,1,4,1,2,35,2,3,2,2,0,0,2,1,0,0,5,1,5,14,88,88,0,0,0,0,1,1,1,130484,0,2009,19,BOOGERS HILL RD,99999999999999999999,0000000,33.67853333,-83.83091944,1,1
13,259,5,24,22,5,1,1,0,0,9,4,0,34,0,1,4,1,2,55,2,2,2,1,0,0,2,1,0,0,22,5,22,11,88,88,0,0,0,0,1,1,0,130485,0,2009,99999,CR-73,99999999999999999999,0000000,,,1,1
13,295,5,25,23,25,1,1,0,0,4,3,0,35,0,1,6,1,2,50,2,2,2,2,0,0,2,1,0,0,23,25,23,40,0,20,0,0,0,0,1,2,1,130486,0,2009,35,SR-95,99999999999999999999,0000000,34.77283333,-85.20873889,1,1
13,277,5,26,2,11,1,1,0,0,9,4,0,34,0,1,6,1,2,55,1,1,2,1,0,0,2,1,0,0,2,11,2,19,88,88,0,0,0,0,1,3,1,130487,0,2009,99999,CARPENTER RD / CR-15,99999999999999999999,0000000,31.43668333,-83.54729167,1,1
13,301,5,26,0,22,1,3,0,1,1,1,0,42,0,1,6,2,2,65,1,2,1,2,0,0,2,1,0,0,0,22,0,43,2,11,0,0,0,0,1,3,1,130488,0,2009,48,I-20,99999999999999999999,0000000,33.50436667,-82.75638333,1,1
13,195,5,28,17,52,1,1,0,0,3,3,0,1,0,1,1,1,3,55,2,2,2,1,0,0,1,1,0,0,88,88,88,88,88,88,0,0,0,0,1,5,0,130489,0,2009,66,SR-8,99999999999999999999,0000000,34.09218889,-83.23881667,1,1
13,175,5,29,10,24,1,5,0,1,1,1,0,24,0,1,4,3,2,70,1,2,1,1,0,0,1,1,0,0,10,24,10,38,11,3,0,0,0,0,1,6,0,130490,0,2009,55,I-16,99999999999999999999,0000000,32.53579722,-83.13266389,1,1
13,103,5,31,20,37,1,1,0,0,4,3,0,42,0,1,6,1,2,55,1,2,2,1,0,0,2,1,0,0,20,37,20,42,21,36,0,0,0,0,1,1,0,130491,0,2009,93,SR-17,99999999999999999999,0000000,32.26581667,-81.38929444,1,1
13,199,5,31,15,16,2,2,0,0,4,3,0,12,5,2,1,1,2,55,1,2,2,1,20,3,1,1,0,0,15,19,15,45,88,88,0,0,0,0,1,1,0,130492,0,2009,15,SR-173,RIVER RD,0000000,32.89351667,-84.63255556,2,1
13,191,6,1,23,52,2,1,0,1,1,1,0,14,1,1,6,2,2,70,1,2,2,1,0,0,2,1,0,1,23,59,0,12,88,88,0,0,0,0,1,2,0,130493,0,2009,52,I-95 / SR-405,99999999999999999999,0000000,31.41048056,-81.44465556,1,1
13,177,6,2,20,13,2,4,0,0,9,4,0,12,5,2,1,5,5,45,1,1,2,1,3,3,5,1,0,0,20,14,20,16,20,37,0,0,0,0,1,3,1,130494,0,2009,99999,LEDO RD,CARTMILL DR,0000000,31.62256111,-84.21598889,2,1
13,187,6,3,99,99,1,1,0,0,4,3,0,42,0,1,6,1,2,55,1,2,2,1,0,0,1,1,0,0,88,88,88,88,88,88,0,0,0,0,1,4,0,130495,0,2009,48,SR-52,99999999999999999999,0000000,34.54926667,-84.15321389,1,1
13,119,6,10,23,3,2,1,0,0,2,3,0,32,0,1,6,1,2,55,1,2,2,1,0,0,2,1,0,0,23,4,23,10,23,26,0,0,0,0,1,4,1,130496,0,2009,13,SR-17,99999999999999999999,0000000,34.31490556,-83.11028611,1,1
13,171,6,10,12,30,1,2,0,0,4,4,0,53,0,1,4,1,2,45,2,1,2,1,0,0,1,1,0,0,12,30,12,49,13,30,0,0,0,0,1,4,0,130497,0,2009,5,HIGH FALLS RD,99999999999999999999,0000000,33.20002222,-84.10443889,1,1
13,185,6,11,1,15,2,7,1,1,11,1,0,1,0,1,1,3,3,70,1,1,2,1,0,0,3,1,0,0,1,15,1,20,1,54,0,0,0,0,2,5,0,130498,5680,2009,179,I-75,99999999999999999999,0000000,30.84317778,-83.33039722,2,1
13,249,6,12,13,23,1,2,0,1,2,3,0,1,0,1,1,1,2,55,1,2,2,1,0,0,1,1,0,0,13,23,13,28,14,16,0,0,0,0,1,6,0,130499,0,2009,43,SR-3,99999999999999999999,0000000,32.21692222,-84.28715278,1,1
13,185,6,13,3,21,1,4,1,0,14,3,0,8,0,1,1,3,2,45,1,2,2,1,0,0,2,1,0,0,3,21,3,26,88,88,0,0,0,0,1,7,1,130500,0,2009,18,SR-125,99999999999999999999,0000000,30.90878889,-83.26361111,1,1
13,275,6,13,9,40,1,2,0,1,2,3,0,42,0,1,6,2,2,65,1,2,2,1,0,0,1,1,0,0,9,42,9,49,10,28,0,0,0,0,1,7,0,130501,0,2009,99999,SR-35,99999999999999999999,0000000,30.77084167,-84.07615833,1,1
13,143,6,15,12,36,1,1,0,0,4,3,0,37,0,1,6,1,2,55,1,2,2,1,0,0,1,1,0,0,12,36,12,44,13,5,0,0,0,0,1,2,0,130502,0,2009,171,SR-8,99999999999999999999,0000000,33.72516111,-85.07986389,1,1
13,157,6,15,9,26,1,3,0,1,13,3,0,34,0,1,6,2,2,55,2,2,2,1,0,0,1,1,0,0,9,26,9,33,10,35,0,0,0,0,1,2,1,130503,1300,2009,124,SR-15,99999999999999999999,0000000,34.20085278,-83.43279444,1,1
13,285,6,15,17,24,2,2,0,0,15,4,0,12,5,2,1,1,2,35,1,1,2,1,20,3,1,1,0,0,17,25,17,33,18,16,0,0,0,0,1,2,0,130504,0,2009,5,DAVIS RD,COOLEY RD,0000000,33.01593333,-85.00568333,2,1
13,45,6,16,20,34,1,1,1,0,6,6,0,8,0,1,7,1,2,35,1,2,2,1,0,0,5,1,0,0,20,34,20,46,20,54,0,0,0,0,1,3,0,130505,5420,2009,0,SAGE ST,99999999999999999999,0000000,33.73685,-85.03190556,1,1
13,147,6,16,22,46,2,2,0,0,3,3,0,12,2,1,1,1,2,55,1,3,2,1,0,0,2,1,0,0,22,46,22,55,0,21,0,0,0,0,1,3,0,130506,0,2009,25,SR-8,99999999999999999999,0000000,34.28840556,-83.05979444,2,1
13,75,6,17,14,27,1,1,0,0,6,4,0,1,0,1,6,1,2,55,2,2,2,1,0,0,1,1,0,0,14,27,14,35,88,88,0,0,0,0,1,4,0,130507,0,2009,10,FUTCH RD,99999999999999999999,0000000,31.09380833,-83.33827222,1,1
13,137,6,17,23,20,1,1,0,0,4,3,0,1,0,1,6,1,2,55,2,2,2,2,0,0,2,2,0,0,88,88,88,88,88,88,0,0,0,0,1,4,0,130508,0,2009,99999,SR-197,99999999999999999999,0000000,34.59419722,-83.50639444,1,2
13,239,6,17,15,24,1,5,0,0,4,4,0,1,0,1,6,1,2,35,2,2,2,1,0,0,1,1,0,0,15,31,15,48,16,21,0,0,0,0,1,4,0,130509,0,2009,99999,CR-62,99999999999999999999,0000000,31.80717778,-85.09308056,1,1
13,255,6,17,5,26,1,2,1,0,3,3,0,9,0,2,1,1,2,55,1,3,2,1,0,0,4,1,0,0,5,29,5,39,5,54,0,0,0,0,1,4,0,130510,0,2009,90,SR-16,MALLOY RD,0000000,33.24103889,-84.34513056,1,1
13,105,6,20,17,42,1,1,0,1,2,3,0,34,0,1,6,1,2,55,1,2,2,1,0,0,1,1,0,0,17,42,17,50,88,88,0,0,0,0,1,7,1,130511,0,2009,66,SR-17,99999999999999999999,0000000,34.05904167,-82.82863056,1,1
13,121,6,20,4,41,1,1,0,0,14,6,0,27,0,2,2,1,2,35,2,2,2,1,0,0,3,1,0,0,88,88,88,88,88,88,0,20,0,0,1,7,1,130512,280,2009,58,BRIARCLIFF RD,ST CHARLES PL,0000000,33.77541944,-84.34860833,1,1
13,253,6,20,3,50,1,1,0,0,6,4,0,30,0,1,6,1,2,55,1,2,2,1,0,0,2,1,0,0,4,34,4,48,88,88,0,0,0,0,1,7,0,130513,0,2009,115,THREE NOTCH RD,99999999999999999999,0000000,30.94472778,-84.80996944,1,1
13,93,6,21,0,29,1,1,0,1,1,1,0,1,0,1,1,3,3,70,1,1,1,1,0,0,2,1,0,0,0,29,0,35,88,88,0,0,0,0,1,1,1,130514,0,2009,74,I-75 / SR-401,99999999999999999999,0000000,32.1379,-83.75828611,1,1
13,169,6,21,13,46,1,1,0,0,4,3,0,1,0,1,6,1,2,55,2,2,2,1,0,0,1,1,0,0,13,46,99,98,88,88,0,0,0,0,1,1,1,130515,0,2009,53,SR-18,99999999999999999999,0000000,32.98067778,-83.65874167,1,1
13,217,6,21,3,16,1,1,0,0,6,4,0,34,0,1,6,1,2,45,2,2,2,1,0,0,2,1,0,0,3,16,3,38,88,88,0,0,0,0,1,1,0,130516,0,2009,26,ROCKY POINT RD,99999999999999999999,0000000,33.38875833,-83.86666667,1,1
13,77,6,22,11,0,2,2,0,1,1,1,0,13,5,1,1,2,2,50,1,2,1,1,0,0,1,1,0,1,11,0,11,15,88,88,0,0,0,0,1,2,0,130517,0,2009,59,I-85 / SR-403,99999999999999999999,0000000,33.31146944,-84.78799444,2,1
13,225,6,22,12,48,1,4,0,1,1,1,0,34,0,1,6,3,3,70,1,2,1,1,0,0,1,1,0,0,12,49,12,54,13,40,0,0,0,0,2,2,0,130518,0,2009,30,I-75 / SR-401,99999999999999999999,0000000,,,1,1
13,213,2,16,9,35,2,3,0,0,3,3,0,12,5,2,1,1,2,55,1,3,2,1,0,0,1,1,0,0,9,35,9,41,10,4,0,0,0,0,1,2,0,130519,0,2009,111,SR-225,TIBBS BRIDGE RD,0000000,34.75830833,-84.82061111,2,1
13,121,2,23,13,20,1,3,1,1,13,3,0,8,0,1,1,5,5,45,1,2,2,1,0,0,1,1,0,0,13,23,13,25,13,34,0,0,0,0,1,2,0,130520,4790,2009,222,SR-9,99999999999999999999,0000000,34.05559167,-84.32899444,1,1
13,191,3,23,15,5,3,4,0,1,1,1,0,14,3,1,2,3,2,70,1,2,2,1,0,0,1,1,0,1,15,10,15,22,15,56,0,0,0,0,1,2,0,130521,0,2009,36,I-95,99999999999999999999,0000000,31.39064444,-81.45064167,1,1
13,89,5,6,3,25,1,1,0,1,11,1,0,25,0,1,3,3,5,55,2,1,2,1,0,0,3,1,0,0,3,27,3,37,4,16,0,0,0,0,1,4,1,130522,0,2009,25,I-85 / SR-403,99999999999999999999,0000000,33.84151389,-84.30966111,1,1
13,279,5,9,11,35,2,5,0,0,13,3,0,12,5,8,1,5,5,45,1,2,2,1,0,0,1,1,0,0,11,35,11,40,11,55,0,0,0,0,1,7,0,130523,5700,2009,49,SR-30,99999999999999999999,0000000,32.20463056,-82.36096111,2,1
13,165,5,11,16,11,2,4,0,0,4,3,0,12,5,2,1,1,2,55,1,2,2,1,20,3,1,1,0,0,16,22,16,46,17,16,0,0,0,0,1,2,0,130524,0,2009,24,SR-23,JOE WATERS RD,0000000,32.69974167,-82.055425,2,1
13,85,5,12,11,0,4,6,0,0,2,3,0,12,2,2,1,2,2,65,1,2,2,1,3,3,1,1,0,0,11,0,11,11,11,50,0,0,0,0,1,3,0,130525,0,2009,52,SR-400,SR-136,0000000,34.398625,-84.01195833,4,1
13,227,5,16,13,17,1,2,0,0,19,3,0,1,0,1,6,1,3,50,1,1,2,1,0,0,1,1,0,0,13,17,13,20,13,45,0,0,0,0,1,7,0,130526,2910,2009,99999,SR-53,99999999999999999999,0000000,34.45749167,-84.41066389,1,1
13,251,5,20,19,15,1,2,0,1,2,3,0,1,0,1,6,1,2,45,1,1,2,1,0,0,5,1,0,0,19,15,19,18,19,30,0,0,0,0,1,4,0,130527,5330,2009,147,SR-73,99999999999999999999,0000000,32.76353056,-81.64288056,1,1
13,57,5,25,12,5,1,3,0,1,2,3,0,42,0,1,4,1,2,55,1,2,2,1,0,0,1,1,0,0,12,6,12,11,14,38,0,0,0,0,2,2,0,130528,0,2009,16,SR-20,99999999999999999999,0000000,34.22076389,-84.62646111,1,1
13,139,5,28,5,54,1,1,0,1,2,3,0,11,0,1,1,2,2,55,1,2,2,1,0,0,2,1,0,0,88,88,88,88,88,88,0,0,0,0,1,5,0,130529,0,2009,62,SR-11,99999999999999999999,0000000,34.27434722,-83.78133056,1,1
13,139,5,28,14,44,2,3,0,0,13,3,0,12,5,2,1,5,5,45,1,1,2,1,3,3,1,1,0,0,14,44,14,50,15,1,0,0,0,0,1,5,0,130530,2285,2009,116,SR-60,ENOTA AVE,0000000,34.31946111,-83.8318,2,1
13,163,5,30,99,99,1,1,0,0,3,3,0,34,0,1,6,1,2,55,1,2,2,1,0,0,1,1,0,0,14,24,14,29,88,88,0,18,0,0,1,7,1,130531,0,2009,70,SR-80,99999999999999999999,0000000,33.20038056,-82.36827778,1,1
13,89,5,16,0,15,1,2,1,0,14,4,0,8,0,1,1,1,4,45,1,1,2,1,0,0,2,1,0,0,0,15,0,17,1,0,0,0,0,0,1,7,0,130532,0,2009,29,PLEASANTDALE RD,99999999999999999999,0000000,33.89018889,-84.22747778,1,1
13,33,5,18,19,0,1,2,0,0,6,4,0,1,0,1,1,1,2,35,2,1,2,1,0,0,1,1,0,0,19,1,19,6,19,59,0,0,0,0,1,2,0,130533,0,2009,28,JACK DELAIGLE RD,99999999999999999999,0000000,33.11046944,-81.82331667,1,1
13,89,5,22,23,8,2,3,0,0,15,4,0,12,4,1,1,1,2,45,1,2,2,2,0,0,2,1,0,0,23,11,23,20,1,6,0,0,0,0,1,6,0,130534,0,2009,12,WELLBORN RD,99999999999999999999,0000000,33.73555556,-84.14384722,2,1
13,121,5,24,21,35,2,3,0,0,14,3,0,12,5,2,1,5,5,55,1,3,2,1,0,0,2,1,0,0,21,40,21,45,88,88,0,19,0,0,1,1,0,130535,0,2009,11,SR-279,HALLIE MILLE RD,0000000,33.56643056,-84.46864167,2,1
13,153,5,31,0,9,1,3,0,0,3,3,0,34,0,1,6,1,2,55,2,2,2,1,0,0,2,1,0,0,0,13,0,26,0,56,0,0,0,0,1,1,0,130536,0,2009,177,SR-11,99999999999999999999,0000000,32.54598056,-83.71976944,1,1
13,153,5,31,20,33,2,2,0,0,16,4,0,1,0,1,6,1,2,25,1,1,2,1,0,0,1,1,0,0,20,34,20,39,20,57,0,0,0,0,1,1,0,130537,0,2009,1,BRANCH VIEW TR,99999999999999999999,0000000,32.51976667,-83.69464167,1,1
13,121,5,25,20,38,2,3,0,0,14,3,0,12,5,2,1,5,5,55,1,2,2,2,3,3,3,1,0,0,20,39,20,49,21,35,0,0,0,0,1,2,2,130538,0,2009,9,SR-279,BETHSAIDA RD,0000000,33.56301389,-84.46855556,2,1
13,207,5,27,6,29,2,2,0,0,3,3,0,12,2,1,1,1,2,55,2,2,2,1,0,0,2,1,0,0,6,29,6,40,7,25,0,0,0,0,1,4,0,130539,0,2009,176,SR-83,99999999999999999999,0000000,33.10414167,-83.87570278,2,1
13,89,4,4,12,56,2,2,0,0,14,3,0,12,5,8,1,2,3,45,1,1,2,1,0,0,1,1,0,0,12,56,13,4,13,30,0,0,0,0,1,7,0,130540,0,2009,90,SR-10 / MEMORIAL DR,99999999999999999999,0000000,33.79911944,-84.22056944,2,1
13,121,5,8,20,10,1,1,0,0,9,3,0,42,0,1,6,1,2,45,2,1,2,1,0,0,1,1,0,0,20,10,20,32,20,54,0,0,0,0,1,6,0,130541,0,2009,99999,SR-14,99999999999999999999,0000000,33.6183,-84.67158889,1,1
13,121,5,8,15,45,1,1,0,0,14,4,0,33,0,3,4,1,2,35,1,2,2,1,0,0,1,1,0,0,15,45,15,51,16,10,0,0,0,0,1,6,0,130542,120,2009,99999,RUCKER RD,SEASONS TRACE,0000000,34.07583889,-84.32918889,1,1
13,89,5,21,6,47,2,2,0,0,14,4,0,12,5,8,1,1,2,45,1,1,2,1,0,0,4,1,0,0,6,51,7,2,7,20,0,0,0,0,1,5,0,130543,0,2009,27,STONE MTN-LITHONIA R,99999999999999999999,0000000,33.74321944,-84.12688611,2,1
13,143,6,23,16,59,2,4,0,0,3,3,0,12,5,2,1,1,2,55,1,2,2,1,20,3,1,1,0,0,16,59,17,11,18,6,0,0,0,0,1,3,0,130544,0,2009,133,SR-120,ROCKMART RD,0000000,33.81712778,-85.10001111,2,1
13,151,6,23,23,42,1,2,1,0,6,6,0,8,0,1,1,1,2,45,1,2,2,1,0,0,2,1,0,0,23,42,23,47,88,88,0,0,0,0,1,3,0,130545,3360,2009,8,INDUSTRIAL PKWY,99999999999999999999,0000000,,,1,1
13,219,6,23,15,2,2,2,0,0,3,3,0,12,5,2,1,2,2,55,1,2,1,1,0,0,1,1,0,0,15,2,15,12,15,35,0,0,0,0,1,3,0,130546,0,2009,51,SR-10,CLOTFELTER RD,0000000,33.91873889,-83.52010556,2,1
13,45,6,25,23,6,1,1,0,0,6,4,0,38,0,1,6,1,2,25,1,2,2,1,0,0,2,1,0,0,23,8,23,18,99,99,0,20,0,0,1,5,0,130547,0,2009,2,BERRY DR,99999999999999999999,0000000,33.60732778,-84.98783056,1,1
13,51,6,26,10,46,1,6,0,1,11,1,0,1,0,1,3,3,3,65,1,1,2,1,0,0,1,1,0,0,10,48,10,51,11,30,0,0,0,0,1,6,0,130548,4450,2009,50,I-95 / SR-405,99999999999999999999,0000000,32.14104444,-81.24055,1,1
13,77,6,26,22,15,2,3,0,0,14,3,0,12,5,2,1,1,2,45,1,2,2,1,3,3,3,1,0,0,22,15,22,19,23,16,0,0,0,0,1,6,0,130549,0,2009,72,SR-16,SR-34 BYPASS,0000000,33.39513611,-84.826275,2,1
13,215,6,26,0,18,1,2,1,0,13,6,0,15,0,1,1,1,2,35,1,1,2,1,0,0,3,1,0,0,0,19,0,20,88,88,0,0,0,0,1,6,0,130550,1280,2009,37,BUENA VISTA,99999999999999999999,0000000,32.45589444,-84.93764167,1,1
13,121,6,26,21,31,1,1,0,1,11,1,0,25,0,1,3,3,3,55,1,2,1,1,0,0,2,1,0,0,21,31,21,33,88,88,0,0,0,0,1,6,0,130551,2570,2009,168,I-85 / SR-403,99999999999999999999,0000000,33.66044167,-84.42976111,1,1
13,73,6,27,8,55,3,4,0,1,11,1,0,12,1,1,1,2,2,65,1,2,1,1,0,0,1,1,0,1,8,56,9,4,88,88,0,0,0,0,1,7,0,130552,0,2009,157,I-20 / SR-402,99999999999999999999,0000000,33.48239167,-82.13134167,3,1
13,139,6,27,17,53,3,6,0,0,14,4,0,12,8,1,1,3,2,45,2,1,2,1,0,0,1,1,0,0,17,53,17,57,18,56,0,0,0,0,1,7,1,130553,0,2009,99999,MCEVER RD,99999999999999999999,0000000,34.17900278,-83.94550278,3,1
13,45,6,28,1,26,1,1,0,0,15,4,0,24,0,3,2,1,2,40,1,2,2,1,20,3,2,1,0,0,1,26,1,32,2,25,0,0,0,0,1,1,0,130554,0,2009,0,OLD AIRPORT RD,HSADY GROVE RD,0000000,33.61731667,-85.04548889,1,1
13,245,6,28,9,32,2,2,0,0,13,3,0,12,7,1,1,1,2,55,1,2,2,1,0,0,1,1,0,0,9,32,9,34,10,2,0,0,0,0,1,1,0,130555,310,2009,106,SR-56,99999999999999999999,0000000,33.381375,-82.00247778,2,1
13,59,7,2,21,17,1,2,0,0,13,3,0,1,0,1,1,2,2,45,1,2,2,1,0,0,2,1,0,0,21,19,21,26,21,45,0,0,0,0,2,5,0,130556,270,2009,37,SR-10 BYPASS,99999999999999999999,0000000,33.94805833,-83.44665556,1,1
13,115,7,2,21,24,2,1,0,0,15,6,0,33,0,2,6,1,2,30,2,1,2,1,0,0,3,1,0,0,21,25,21,27,21,41,0,0,0,0,1,5,0,130557,4760,2009,7,BRANHAM AVE,S BROAD ST,0000000,34.24139444,-85.18223889,1,1
13,89,7,3,14,59,1,1,0,0,16,4,0,42,0,1,6,1,2,25,2,1,2,1,0,0,1,1,0,0,14,59,15,5,15,40,0,0,0,0,1,6,0,130558,0,2009,0,CLIFFORD ST,99999999999999999999,0000000,33.70718611,-84.09725278,1,1
13,135,7,6,19,27,2,4,0,1,11,1,0,12,1,1,1,3,4,65,1,2,2,1,0,0,1,1,0,0,19,29,19,53,20,20,0,0,0,0,2,2,0,130559,800,2009,138,I-85 / SR-403,99999999999999999999,0000000,34.05443611,-84.01073333,2,1
13,59,7,8,22,1,1,2,1,0,13,3,0,8,0,2,1,1,2,45,1,1,2,1,0,0,3,1,0,0,22,4,22,6,88,88,0,0,0,0,1,4,0,130560,270,2009,107,SR-10,HUGHES ST,0000000,33.94492778,-83.340225,1,1
13,57,6,2,13,32,1,1,0,1,11,1,0,43,0,1,6,2,2,65,2,2,2,1,0,0,1,1,0,0,88,88,88,88,88,88,0,0,0,0,1,3,0,130561,920,2009,99999,I-575,99999999999999999999,0000000,34.23421111,-84.46735278,1,1
13,173,6,3,18,10,2,2,0,0,4,3,0,12,5,2,1,1,2,45,2,1,2,2,0,0,1,2,0,0,18,10,18,13,18,25,0,0,0,0,1,4,0,130562,3060,2009,72,SR-135 BYPASS,COLLEGE ST,0000000,31.04263889,-83.07065278,2,2
13,175,6,4,7,14,2,3,0,1,1,1,0,13,4,1,1,2,2,70,1,1,1,2,0,0,1,2,0,0,7,14,7,21,7,42,0,0,0,0,2,5,0,130563,0,2009,157,I-16 / SR-404,99999999999999999999,0000000,32.49316667,-82.96166944,2,2
13,135,6,7,21,15,2,2,1,0,16,6,0,8,0,1,1,1,2,25,2,1,2,1,0,0,2,1,0,0,21,15,21,28,88,88,0,0,0,0,1,1,1,130564,3100,2009,2,BELMONT LANE,99999999999999999999,0000000,33.96340278,-83.96350556,1,1
13,89,6,10,14,46,1,3,0,0,12,3,0,33,0,1,3,2,3,65,1,1,1,1,0,0,1,1,0,0,15,7,15,30,15,45,0,0,0,0,1,4,0,130565,0,2009,69,SR-78 / SR-410,99999999999999999999,0000000,33.82388333,-84.15248333,1,1
13,223,6,11,5,43,2,2,0,0,6,4,0,12,2,1,1,1,2,35,2,3,2,1,0,0,2,1,0,0,5,43,5,48,88,88,0,0,0,0,1,5,0,130566,0,2009,5,WOODROW KAY RD,99999999999999999999,0000000,33.88267222,-85.01278611,2,1
13,153,6,12,11,47,2,2,0,0,14,3,0,12,5,2,1,2,2,40,1,1,2,1,3,3,1,1,0,0,11,47,11,51,12,33,0,0,0,0,1,6,0,130567,4340,2009,53,SR-224,SR-7,0000000,32.44557222,-83.75109722,2,1
13,117,6,10,14,44,2,2,0,0,2,3,0,12,2,1,1,1,2,55,1,1,2,1,0,0,1,1,0,0,14,44,14,56,88,88,0,0,0,0,1,4,0,130568,0,2009,28,SR-53,99999999999999999999,0000000,34.3067,-83.98382778,2,1
13,117,6,16,20,19,2,2,0,0,2,3,0,12,1,3,1,3,2,65,1,1,1,1,3,3,1,1,0,0,20,19,20,25,88,88,0,0,0,0,1,3,0,130569,0,2009,163,SR-400,SETTINGDOWN RD,0000000,34.28216667,-84.07590278,2,1
13,295,6,16,19,37,1,1,0,0,6,4,0,38,0,1,4,1,2,35,2,1,2,1,0,0,1,1,0,0,19,37,19,49,20,25,0,0,0,0,1,3,1,130570,0,2009,47,S DICK CREEK RD,99999999999999999999,0000000,34.66828333,-85.15078056,1,1
13,9,6,18,20,19,2,3,0,1,13,3,0,12,2,1,1,1,2,55,1,1,2,1,0,0,1,1,0,0,20,19,20,28,21,28,0,0,0,0,1,5,0,130571,0,2009,220,SR-24,99999999999999999999,0000000,33.175275,-83.28462778,2,1
13,255,6,24,6,47,1,1,0,0,4,4,0,32,0,1,6,1,2,55,2,2,2,1,0,0,1,1,0,0,6,47,6,58,88,88,0,0,0,0,1,4,1,130572,0,2009,39,JACKSON RD,99999999999999999999,0000000,33.27170278,-84.12785,1,1
13,135,6,26,10,0,2,2,0,1,13,4,0,12,5,2,1,1,2,45,1,1,2,1,20,3,1,1,0,0,10,0,10,7,10,36,0,0,0,0,1,6,0,130573,2470,2009,99999,GRAYSON PKWY,N CRESTVIEW DR,0000000,33.86531944,-83.98824722,2,1
13,121,6,29,0,20,1,1,0,1,11,1,0,25,0,1,2,3,4,55,1,1,2,1,0,0,2,1,0,0,88,88,88,88,88,88,0,0,0,0,1,2,0,130574,280,2009,543,I-285 / SR-407,99999999999999999999,0000000,33.65169167,-84.36725278,1,1
13,55,6,30,7,10,2,2,0,1,2,3,0,12,2,1,1,1,2,55,1,3,2,1,0,0,1,1,0,0,7,21,7,41,8,30,0,0,0,0,1,3,0,130575,0,2009,53,SR-1,99999999999999999999,0000000,34.47226389,-85.28291667,2,1
13,313,6,30,9,45,2,2,0,0,14,3,0,12,2,1,1,1,2,55,2,2,2,1,0,0,1,1,0,0,9,45,9,59,10,34,0,0,0,0,1,3,0,130576,0,2009,44,SR-201,99999999999999999999,0000000,34.76858611,-85.07255556,2,1
13,137,7,1,10,4,1,1,0,0,4,3,0,42,0,1,6,1,2,45,1,2,2,1,0,0,1,1,0,0,10,4,10,8,88,88,0,0,0,0,1,4,0,130577,0,2009,30,SR-385,99999999999999999999,0000000,34.56631944,-83.54435278,1,1
13,219,7,1,23,27,1,1,0,0,5,4,0,38,0,1,6,1,2,55,2,2,2,1,0,0,2,1,0,0,23,29,23,45,88,88,0,0,0,0,1,4,1,130578,0,2009,1,HEBRON CHURCH RD,99999999999999999999,0000000,33.90055556,-83.62031111,1,1
13,185,7,2,2,18,3,8,0,1,11,1,0,12,7,1,1,3,3,70,1,1,2,1,0,0,3,1,0,0,2,19,2,27,88,88,0,0,0,0,4,5,0,130579,0,2009,162,I-75 / SR-401,99999999999999999999,0000000,30.81963056,-83.3172,3,1
13,27,7,4,18,30,1,1,0,0,4,4,0,42,0,1,6,1,2,55,1,1,2,1,0,0,1,1,0,0,20,16,20,36,88,88,0,0,0,0,1,7,1,130580,0,2009,23,GROOVERVILLE RD,99999999999999999999,0000000,30.73622778,-83.6699,1,1
13,145,7,4,0,15,1,1,0,1,1,1,0,37,0,1,6,2,2,70,1,1,1,1,0,0,2,1,0,0,0,15,0,28,88,88,0,0,0,0,1,7,0,130581,0,2009,99999,I-185 / SR-411,99999999999999999999,0000000,32.63261667,-84.96332778,1,1
13,209,7,4,0,1,1,1,0,0,4,4,0,34,0,1,6,1,2,55,1,2,2,1,0,0,2,1,0,0,0,1,0,19,88,88,0,0,0,0,1,7,1,130582,0,2009,30,TARRYTOWN RD,99999999999999999999,0000000,32.30240556,-82.50466389,1,1
13,147,7,6,16,12,2,2,0,0,3,3,0,12,5,2,1,1,2,55,1,1,2,1,20,3,1,1,0,0,16,12,16,15,16,44,0,0,0,0,1,2,0,130583,0,2009,99999,SR-77,JUNCTION 77 RD,0000000,34.41371667,-83.01146111,2,1