STATE,COUNTY,MONTH,DAY,HOUR,MINUTE,VE_TOTAL,PERSONS,PEDS,NHS,ROAD_FNC,ROUTE,SP_JUR,HARM_EV,MAN_COLL,REL_JUNC,REL_ROAD,TRAF_FLO,NO_LANES,SP_LIMIT,ALIGNMNT,PROFILE,PAVE_TYP,SUR_COND,TRA_CONT,T_CONT_F,LGT_COND,WEATHER1,WEATHER2,WRK_ZONE,NOT_HOUR,NOT_MIN,ARR_HOUR,ARR_MIN,HOSP_HR,HOSP_MN,SCH_BUS,CF1,CF2,CF3,FATALS,DAY_WEEK,DRUNK_DR,ST_CASE,CITY,YEAR,MILEPT,TWAY_ID,TWAY_ID2,RAIL,LATITUDE,LONGITUD,VE_FORMS,WEATHER
13,223,7,7,16,14,1,1,0,1,13,3,0,1,0,1,3,2,2,65,2,2,2,1,0,0,1,1,0,0,16,14,16,17,16,36,0,0,0,0,1,3,0,130584,1500,2009,74,SR-6,99999999999999999999,0000000,33.91889722,-84.87445,1,1
13,51,7,10,23,32,2,4,0,0,13,6,0,12,5,2,1,1,2,35,1,1,2,2,3,3,3,1,0,0,23,33,23,38,0,1,0,0,0,0,1,6,1,130585,4910,2009,130,BAY ST,W LATHROP AVE,0000000,32.09133611,-81.12886111,2,1
13,135,7,10,1,40,1,2,0,0,16,6,0,53,0,1,6,1,2,25,2,1,2,2,0,0,3,1,0,0,88,88,88,88,88,88,0,0,0,0,1,6,1,130586,475,2009,99999,LAKE SHORE DR,99999999999999999999,0000000,33.98085,-84.17966944,1,1
13,209,7,10,12,43,3,4,0,1,2,3,0,12,1,1,1,1,2,55,1,2,2,1,0,0,1,1,0,0,12,46,12,49,13,56,0,0,0,0,1,6,0,130587,0,2009,99999,SR-30,99999999999999999999,0000000,32.20590278,-82.48007222,3,1
13,241,7,12,16,18,2,3,0,0,4,3,0,12,5,1,1,1,2,35,2,2,2,1,0,0,1,1,0,0,16,18,16,39,17,20,0,0,0,0,1,1,0,130588,0,2009,39,SR-28,99999999999999999999,0000000,34.95720278,-83.18038611,2,1
13,115,7,16,6,15,1,2,1,0,14,4,0,9,0,1,1,1,2,40,1,1,2,1,0,0,2,1,0,0,6,15,6,34,6,42,0,0,0,0,1,5,0,130589,0,2009,63,MAPLE RD,99999999999999999999,0000000,34.20896389,-85.17260278,1,1
13,211,7,16,20,31,1,2,0,0,6,4,0,27,0,1,6,1,2,35,1,3,2,1,0,0,5,1,0,0,20,32,20,45,21,14,0,0,0,0,1,5,1,130590,0,2009,39,WAGNON MILL RD,99999999999999999999,0000000,33.7322,-83.50561111,1,1
13,67,7,19,16,4,2,5,0,0,14,3,0,12,1,2,1,1,2,45,1,1,2,1,0,0,1,1,0,0,16,4,16,7,16,52,0,0,0,0,1,1,0,130591,0,2009,81,SR-92,NORTH SHORES RD,0000000,34.05333611,-84.72366667,2,1
13,213,7,27,9,20,1,1,0,1,2,3,0,34,0,1,6,1,2,55,1,1,2,1,0,0,1,1,0,0,9,20,9,22,88,88,0,0,0,0,1,2,0,130592,1080,2009,99999,SR-61,99999999999999999999,0000000,34.79449167,-84.77293333,1,1
13,295,6,2,13,52,2,4,0,0,14,3,0,12,4,3,1,1,2,55,1,1,2,1,0,0,1,1,0,0,13,52,13,58,14,37,0,0,0,0,1,3,0,130593,0,2009,21,SR-193,S BURNT MILL RD,0000000,34.70221111,-85.30757222,2,1
13,63,6,6,11,16,1,1,0,0,14,3,0,38,0,1,4,1,4,35,1,1,2,1,0,0,1,1,0,0,11,16,11,22,11,46,0,0,0,0,1,7,0,130594,2180,2009,1,SR-139 / MAIN ST,99999999999999999999,0000000,33.62251667,-84.37008611,1,1
13,35,6,12,17,15,2,3,0,1,1,1,0,12,5,5,1,6,3,70,1,2,1,1,3,3,1,1,0,0,17,15,17,22,18,10,0,0,0,0,1,6,0,130595,0,2009,1,I-75,SR-36,0000000,33.206925,-84.06123611,2,1
13,121,6,16,0,24,1,3,0,0,15,6,0,38,0,1,2,1,2,30,1,1,2,1,0,0,3,1,0,0,0,24,0,28,1,3,0,20,0,0,2,3,0,130596,280,2009,14,LAWTON ST,99999999999999999999,0000000,33.74860833,-84.42321667,1,1
13,121,6,19,14,11,2,2,0,0,13,3,0,12,11,2,1,1,4,35,1,2,2,1,0,0,1,1,0,0,14,12,14,16,14,34,0,0,0,0,1,6,1,130597,280,2009,37,SR-8,N EUGENIA PL,0000000,33.77666944,-84.453,2,1
13,121,6,25,23,35,4,8,0,1,11,1,0,12,3,1,1,3,4,55,1,1,1,1,0,0,3,1,0,0,23,46,23,56,0,8,0,0,0,0,1,5,0,130598,280,2009,300,I-85 / SR-403,99999999999999999999,0000000,33.82126389,-84.35957222,4,1
13,97,7,3,4,7,1,2,0,1,11,1,0,24,0,1,3,3,3,60,1,2,2,1,0,0,2,1,0,0,4,7,4,18,99,99,0,0,0,0,1,6,1,130599,0,2009,119,I-20 / SR-402,99999999999999999999,0000000,33.76031111,-84.68306667,1,1
13,151,7,3,12,33,1,3,0,1,11,1,0,1,0,1,1,3,3,70,1,1,2,1,0,0,1,1,0,0,12,33,12,40,12,54,0,0,0,0,1,6,0,130600,0,2009,118,I-75 / SR-401,99999999999999999999,0000000,33.45078056,-84.20237222,1,1
13,179,7,3,22,28,3,5,0,1,1,1,0,12,1,1,1,2,2,70,1,1,2,1,0,0,2,1,0,0,22,30,22,45,99,99,0,0,0,0,1,6,1,130601,0,2009,46,I-95 / SR-405,99999999999999999999,0000000,31.71179444,-81.38976667,3,1
13,79,7,4,20,40,1,2,0,0,6,4,0,42,0,1,4,1,2,50,1,2,2,1,0,0,5,1,0,0,20,40,20,59,21,59,0,0,0,0,1,7,0,130602,0,2009,39,OLIVE GROVE CHURCH R,99999999999999999999,0000000,32.73404167,-84.17778333,1,1
13,115,7,5,7,12,1,1,0,0,13,3,0,53,0,1,4,5,5,55,1,1,2,2,0,0,1,2,0,0,7,12,7,17,7,56,0,0,0,0,1,1,0,130603,0,2009,185,SR-1,99999999999999999999,0000000,34.32966944,-85.17221667,1,2
13,213,7,5,20,15,2,3,0,0,3,3,0,12,4,1,1,1,2,55,1,2,2,1,0,0,5,1,0,0,20,18,20,26,21,2,0,0,0,0,2,1,0,130604,0,2009,61,SR-225,99999999999999999999,0000000,34.68793889,-84.82387222,2,1
13,95,6,25,18,46,1,1,0,0,16,6,0,33,0,2,4,1,2,45,1,1,2,1,0,0,1,1,0,0,18,47,18,52,19,6,0,0,0,0,1,5,0,130605,90,2009,19,PALMYRA RD,SCHLEY AVE,0000000,31.61718889,-84.18329722,1,1
13,217,7,5,2,52,2,2,0,0,15,4,0,12,4,1,1,1,2,55,2,2,2,1,0,0,2,1,0,0,2,54,2,58,3,45,0,20,0,0,1,1,1,130606,0,2009,33,ACCESS RD,99999999999999999999,0000000,33.61276111,-83.90104167,2,1
13,257,7,5,9,6,1,1,0,0,9,4,0,42,0,1,6,1,2,55,2,2,2,1,0,0,1,1,0,0,9,6,9,13,88,88,0,0,0,0,1,1,0,130607,0,2009,99999,W SILVER SHOALS RD,99999999999999999999,0000000,34.484575,-83.33020556,1,1
13,297,7,5,5,24,2,5,0,1,1,1,0,12,1,1,1,2,2,70,1,2,2,1,0,0,2,1,0,0,5,24,5,44,6,44,0,0,0,0,1,1,0,130608,5090,2009,3,I-20 / SR-402,99999999999999999999,0000000,33.60904444,-83.69796667,2,1
13,35,7,6,10,38,1,3,0,0,3,3,0,42,0,1,6,1,2,55,1,2,2,1,0,0,1,1,0,0,10,38,10,45,11,19,0,0,0,0,1,2,0,130609,0,2009,1,SR-87,99999999999999999999,0000000,33.207975,-83.85877222,1,1
13,97,7,6,18,34,1,1,0,0,4,3,0,32,0,1,4,1,2,45,1,2,2,1,0,0,1,1,0,0,18,34,18,37,19,13,0,0,0,0,1,2,0,130610,0,2009,46,SR-8,99999999999999999999,0000000,33.73408333,-84.85163889,1,1
13,229,7,6,13,21,2,2,0,0,2,3,0,12,7,1,1,1,4,55,1,2,2,1,0,0,1,1,0,0,13,21,13,24,13,40,0,0,0,0,1,2,0,130611,530,2009,80,SR-38,99999999999999999999,0000000,31.31725556,-82.224275,2,1
13,59,7,7,22,27,1,1,0,0,13,3,0,33,0,1,3,2,2,45,1,2,2,1,0,0,1,1,0,0,22,29,22,32,22,55,0,0,0,0,1,3,1,130612,270,2009,49,SR-10,99999999999999999999,0000000,33.94661667,-83.42777222,1,1
13,199,7,7,15,11,1,1,0,0,4,3,0,1,0,1,1,1,2,55,2,2,2,1,0,0,1,1,0,0,15,12,15,12,88,88,0,0,0,0,1,3,0,130613,0,2009,70,SR-100,99999999999999999999,0000000,33.09326667,-84.79823056,1,1
13,223,7,7,6,52,1,1,0,0,14,3,0,27,0,1,4,1,2,50,1,2,2,1,0,0,2,1,0,0,7,19,7,26,88,88,0,0,0,0,1,3,0,130614,0,2009,90,SR-92,99999999999999999999,0000000,33.91118611,-84.74750556,1,1
13,139,7,8,15,24,1,1,0,0,5,4,0,1,0,1,6,1,2,45,2,2,2,1,0,0,1,1,0,0,15,24,15,33,16,31,0,0,0,0,1,4,0,130615,0,2009,0,JIM HOOD RD,99999999999999999999,0000000,34.40443056,-83.81828056,1,1
13,185,7,8,22,58,2,2,0,0,16,6,0,12,2,2,1,1,2,30,1,1,2,2,0,0,3,1,0,0,22,58,23,2,88,88,0,0,0,0,1,4,1,130616,5680,2009,0,LAKE DR,JERRY JONES DR,0000000,30.86697778,-83.31003333,2,1
13,9,7,9,8,50,1,1,0,0,6,4,0,42,0,1,6,1,2,55,2,3,2,2,0,0,1,1,0,0,8,50,9,6,88,88,0,0,0,0,1,5,0,130617,0,2009,0,MONTEGO BAY RD,99999999999999999999,0000000,33.175975,-83.38620833,1,1
13,121,7,10,21,27,1,1,0,0,16,4,0,1,0,1,2,1,2,35,1,3,2,1,0,0,2,1,0,0,21,27,21,35,88,88,0,0,0,0,1,6,0,130618,0,2009,59,DEMOONEY RD,99999999999999999999,0000000,33.66896111,-84.60961944,1,1
13,121,7,11,20,5,2,4,0,1,13,3,0,12,5,2,1,2,2,45,1,1,2,1,3,3,5,1,0,0,20,5,20,17,20,47,0,0,0,0,1,7,1,130619,280,2009,232,SR-154,BARGE RD,0000000,33.69003056,-84.50619167,2,1
13,227,7,11,17,18,1,3,0,0,6,4,0,1,0,1,1,1,2,25,2,2,2,1,0,0,1,1,0,0,17,19,17,25,99,99,0,0,0,0,1,7,0,130620,0,2009,12,BRYANT RD,99999999999999999999,0000000,34.45393611,-84.59528333,1,1
13,45,7,13,15,19,1,1,0,0,16,4,0,1,0,1,6,1,2,45,2,2,2,1,40,3,1,1,0,0,15,19,15,27,15,47,0,0,0,0,1,2,0,130621,0,2009,16,OLD NEWNAN RD,99999999999999999999,0000000,33.56741389,-85.03280556,1,1
13,89,5,9,19,13,2,6,0,0,14,3,0,12,5,2,1,1,2,55,1,2,2,1,20,3,1,1,0,0,19,14,19,38,20,0,0,0,0,0,1,7,0,130622,0,2009,25,SR-212,EVANS MILL RD,0000000,33.65685278,-84.16306389,2,1
13,231,5,18,23,17,2,4,0,0,2,3,0,12,8,1,1,1,4,55,2,1,2,1,0,0,2,1,0,0,23,19,23,30,0,16,0,0,0,0,1,2,2,130623,0,2009,46,SR-3,99999999999999999999,0000000,33.04730556,-84.34403611,2,1
13,219,5,31,18,5,2,4,0,0,6,4,0,12,5,2,1,1,2,55,1,1,2,1,20,3,1,1,0,0,18,5,18,44,19,14,0,0,0,0,1,1,0,130624,0,2009,25,LANE CREEK RD,MOORES FORD RD,0000000,33.87602778,-83.55514444,2,1
13,185,6,11,23,7,1,2,1,0,13,3,0,8,0,1,1,1,3,35,1,1,2,1,0,0,3,1,0,0,23,7,23,11,23,25,0,0,0,0,1,5,0,130625,5680,2009,48,SR-7 BU,99999999999999999999,0000000,30.85224167,-83.28085278,1,1
13,153,6,14,11,24,2,2,0,0,16,6,0,12,5,2,1,1,4,45,1,1,2,1,3,3,1,1,0,0,11,24,11,33,12,24,0,0,0,0,1,1,0,130626,5790,2009,16,LAKE JOY RD,FEAGIN MILL RD,0000000,32.571625,-83.69118611,2,1
13,117,6,20,18,15,2,3,0,0,15,4,0,12,5,2,1,1,4,45,1,1,2,1,3,3,1,1,0,0,18,16,18,19,18,38,0,0,0,0,1,7,0,130627,1440,2009,28,CASTLEBERRY RD,HUTCHINSON RD,0000000,34.19508611,-84.15368611,2,1
13,23,6,21,11,21,1,1,0,0,6,4,0,34,0,1,2,1,2,55,2,2,2,1,0,0,1,1,0,0,11,21,11,38,88,88,0,0,0,0,1,1,0,130628,0,2009,65,REBIE RD,99999999999999999999,0000000,32.47769167,-83.21920278,1,1
13,145,6,23,19,1,2,3,0,0,3,3,0,12,3,2,1,2,2,55,1,2,2,1,0,0,1,1,0,0,19,1,19,8,88,88,0,0,0,0,1,3,0,130629,0,2009,28,SR-85,CENTRAL CHURCH RD,0000000,32.62197222,-84.80943333,2,1
13,289,6,23,16,7,1,1,0,0,3,3,0,34,0,1,4,1,2,55,1,2,2,1,0,0,1,1,0,0,16,7,16,20,17,18,0,0,0,0,1,3,1,130630,0,2009,86,SR-96,99999999999999999999,0000000,32.54163889,-83.49313333,1,1
13,207,6,24,19,24,1,1,0,0,4,3,0,35,0,1,6,1,2,55,1,1,2,1,0,0,1,1,0,0,99,99,99,99,99,99,0,0,0,0,1,4,0,130631,0,2009,44,SR-19,99999999999999999999,0000000,32.9493,-83.82701389,1,1
13,229,6,27,19,36,2,3,0,0,3,3,0,12,5,2,1,1,2,55,1,1,2,1,20,3,1,1,0,0,19,40,19,43,20,13,0,0,0,0,1,7,0,130632,4250,2009,113,SR-32,SMILEY ST,0000000,31.39581111,-82.14818611,2,1
13,25,6,28,6,31,1,2,0,0,9,3,0,1,0,1,3,2,2,55,1,1,2,1,0,0,4,1,0,0,6,31,6,36,99,99,0,0,0,0,1,1,0,130633,0,2009,99999,SR-520,99999999999999999999,0000000,31.22606944,-81.82162222,1,1
13,63,6,28,14,20,2,4,0,1,11,1,0,12,7,1,1,3,5,65,1,1,2,1,0,0,1,1,0,0,14,20,14,35,99,99,0,0,0,0,1,1,0,130634,0,2009,89,I-75,99999999999999999999,0000000,33.630075,-84.40092222,2,1
13,229,6,28,20,30,2,2,0,0,4,4,0,12,2,2,1,1,2,55,1,2,2,1,0,0,5,1,0,0,20,30,20,38,88,88,0,0,0,0,1,1,0,130635,0,2009,27,WARE ST EXT,HACKLEBARNEY LANE,0000000,31.28598611,-82.31555833,2,1
13,305,7,14,20,52,2,5,1,0,14,3,0,8,0,1,1,1,2,50,1,2,1,1,0,0,5,1,0,0,20,52,20,57,21,11,0,0,0,0,1,3,0,130636,0,2009,19,SR-169,99999999999999999999,0000000,31.64432222,-81.90745278,2,1
13,205,7,15,14,45,2,3,0,0,4,4,0,12,8,2,1,1,2,55,2,1,2,1,0,0,1,1,0,0,14,45,14,55,15,24,0,0,0,0,1,4,0,130637,0,2009,72,HARMONY RD,CULPEPPER RD,0000000,31.11916111,-84.03245,2,1
13,55,7,16,13,40,3,3,1,1,2,3,0,8,0,1,5,1,2,55,1,1,2,1,0,0,1,1,0,1,13,40,13,45,15,6,0,0,0,0,1,5,0,130638,0,2009,59,SR-1,99999999999999999999,0000000,34.47544722,-85.2924,1,1
13,107,7,16,23,32,1,3,0,0,9,4,0,1,0,1,1,1,2,35,1,1,5,5,0,0,2,1,0,0,23,32,23,51,88,88,0,0,0,0,1,5,0,130639,0,2009,0,BIG CREEK RD,99999999999999999999,0000000,,,1,1
13,157,7,16,19,51,2,2,0,0,4,3,0,12,2,1,1,1,2,55,1,2,2,1,0,0,1,1,0,0,19,51,19,59,20,46,0,0,0,0,2,5,0,130640,0,2009,165,SR-82,99999999999999999999,0000000,34.209175,-83.63902222,2,1
13,285,7,16,11,0,1,1,0,1,1,1,0,52,0,1,3,3,2,70,1,2,2,1,0,0,1,1,0,0,11,0,11,10,88,88,0,0,0,0,1,5,0,130641,5890,2009,7,I-85,99999999999999999999,0000000,32.87821667,-85.151725,1,1
13,121,7,18,22,49,1,2,1,0,13,6,0,8,0,1,1,1,2,35,1,1,2,1,0,0,3,1,0,0,22,49,22,58,23,15,0,0,0,0,1,7,0,130642,280,2009,56,D L HOLLOWELL PKWY,99999999999999999999,0000000,,,1,1
13,51,7,19,0,23,1,1,0,0,14,6,0,42,0,1,6,1,2,35,2,1,2,1,0,0,2,1,0,0,0,31,0,37,88,88,0,0,0,0,1,1,1,130643,4910,2009,41,LAROACHE AVE,99999999999999999999,0000000,32.00918611,-81.06629167,1,1
13,241,7,20,7,38,1,1,0,0,4,4,0,37,0,4,6,1,2,55,1,2,2,1,0,0,1,1,0,0,7,38,8,26,88,88,0,0,0,0,1,2,0,130644,0,2009,99999,BRIDGE CREEK RD,99999999999999999999,0000000,34.84858889,-83.47946389,1,1
13,9,7,21,11,11,2,3,2,1,13,3,0,8,0,1,1,1,2,55,2,2,2,1,0,0,1,1,0,0,11,15,11,23,12,12,0,0,0,0,2,3,0,130645,3620,2009,99999,SR-24,99999999999999999999,0000000,,,2,1
13,11,7,21,12,20,1,1,0,0,4,3,0,37,0,1,6,1,2,55,2,2,2,1,0,0,1,1,0,0,12,21,12,26,88,88,0,0,0,0,1,3,0,130646,0,2009,43,SR-51,99999999999999999999,0000000,34.36881944,-83.59321111,1,1
13,63,7,21,14,2,1,3,0,1,13,3,0,1,0,1,3,3,2,55,1,1,2,1,0,0,1,1,0,0,14,3,14,10,14,29,0,0,0,0,1,3,0,130647,0,2009,50,SR-3,99999999999999999999,0000000,33.49667222,-84.34463611,1,1
13,189,7,21,16,5,1,2,0,1,1,1,0,1,0,1,1,2,2,70,1,2,1,1,0,0,1,1,0,0,16,5,16,17,17,43,0,0,0,0,1,3,0,130648,0,2009,99999,I-20 / SR-402,99999999999999999999,0000000,33.49636667,-82.60188889,1,1
13,225,7,22,16,52,2,3,0,1,2,3,0,12,5,2,1,2,2,55,1,1,2,1,20,3,1,1,0,0,16,52,17,3,17,52,0,0,0,0,1,4,0,130649,0,2009,32,SR-49 CO,WOOLFOLK RD,0000000,32.5781,-83.89308333,2,1
13,175,7,23,19,40,1,1,0,0,5,4,0,34,0,1,6,1,2,55,1,2,2,1,0,0,1,1,0,0,19,43,19,53,88,88,0,0,0,0,1,5,1,130650,0,2009,9,BEN HALL LAKE RD,99999999999999999999,0000000,32.62679722,-82.86586111,1,1
13,123,7,24,22,51,2,6,0,1,2,3,0,12,5,2,1,2,2,65,1,2,2,1,20,3,2,1,0,0,22,52,22,58,23,19,0,0,0,0,1,6,0,130651,2000,2009,49,SR-515,OLD SR-5,0000000,34.621625,-84.51610556,2,1
13,223,7,24,2,17,1,2,1,0,13,3,0,8,0,1,1,3,2,45,1,2,2,1,0,0,2,1,0,0,2,17,2,21,88,88,0,0,0,0,1,6,0,130652,0,2009,185,SR-120,99999999999999999999,0000000,33.91111667,-84.77690278,1,1
13,29,7,25,6,35,2,7,0,1,11,1,0,12,2,1,1,3,2,65,1,2,2,1,0,0,1,1,0,0,6,35,6,42,7,59,0,0,0,0,4,7,1,130653,0,2009,53,I-95 / SR-405,99999999999999999999,0000000,31.90056944,-81.32359167,2,1
13,129,7,25,20,57,1,1,0,0,4,4,0,42,0,1,6,1,2,35,2,2,2,1,0,0,2,1,0,0,20,57,21,12,88,88,0,0,0,0,1,7,1,130654,0,2009,20,HILL CITY RD,99999999999999999999,0000000,34.6108,-84.99695,1,1
13,145,7,25,21,33,1,1,0,0,3,3,0,34,0,1,6,1,2,45,2,2,2,1,0,0,2,1,0,0,21,36,21,48,88,88,0,0,0,0,1,7,1,130655,0,2009,61,SR-190,99999999999999999999,0000000,32.85141667,-84.77228889,1,1
13,121,7,26,20,15,2,4,0,1,13,3,0,12,1,1,1,1,2,55,2,1,2,1,0,0,2,1,0,0,20,15,20,23,21,4,0,0,0,0,1,1,1,130656,0,2009,68,SR-6,99999999999999999999,0000000,33.65951389,-84.53419444,2,1
13,245,7,26,15,29,1,1,0,0,16,4,0,53,0,1,6,1,2,45,2,2,2,1,0,0,1,1,0,0,88,88,88,88,88,88,0,0,0,0,1,1,0,130657,2670,2009,14,BROWN RD,99999999999999999999,0000000,33.34610556,-82.05362222,1,1
13,313,7,26,2,7,1,2,0,0,13,3,0,38,0,1,6,1,2,40,1,1,2,1,0,0,3,1,0,0,2,8,2,13,2,52,0,0,0,0,1,1,0,130658,1510,2009,14,SR-52,99999999999999999999,0000000,34.76121667,-84.97965556,1,1
13,45,7,27,20,52,1,2,0,0,6,4,0,53,0,1,6,1,2,45,2,2,2,1,0,0,1,1,0,0,20,52,21,0,21,25,0,0,0,0,1,2,0,130659,0,2009,15,NEW HOPE CHURCH RD,99999999999999999999,0000000,33.59615833,-85.14966389,1,1
13,87,7,27,7,10,1,2,0,1,2,3,0,37,0,1,3,2,2,65,2,2,2,1,0,0,4,1,0,0,7,16,7,33,88,88,0,0,0,0,1,2,0,130660,0,2009,37,SR-1,99999999999999999999,0000000,30.72361389,-84.42624167,1,1
13,137,7,27,13,12,1,1,0,0,4,3,0,37,0,1,6,1,2,55,1,2,2,1,0,0,1,1,0,0,13,15,13,18,88,88,0,0,0,0,1,2,1,130661,0,2009,19,SR-255 ALT,99999999999999999999,0000000,34.69009167,-83.63293056,1,1
13,119,7,28,16,32,2,2,0,1,2,3,0,12,5,1,1,1,2,55,1,2,2,2,0,0,1,1,0,0,16,32,16,37,17,13,0,0,0,0,1,3,0,130662,0,2009,157,SR-17,99999999999999999999,0000000,34.47024722,-83.17463611,2,1
13,121,7,28,11,13,2,4,0,0,13,3,0,12,3,1,1,1,2,40,1,2,2,1,0,0,1,1,0,0,11,15,11,16,88,88,0,0,0,0,1,3,0,130663,4790,2009,204,SR-9,99999999999999999999,0000000,34.03180278,-84.35251111,2,1
13,245,7,28,21,9,1,3,2,0,16,4,0,8,0,1,2,1,2,55,1,1,8,1,0,0,3,1,0,0,21,11,21,23,21,43,0,0,0,0,1,3,1,130664,310,2009,22,BENNOCK MILL RD,99999999999999999999,0000000,33.29383889,-81.92363333,1,1
13,15,7,31,4,33,1,1,0,0,4,3,0,42,0,1,6,1,2,50,2,2,2,1,0,0,2,1,0,0,4,38,4,43,88,88,0,0,0,0,1,6,0,130665,0,2009,137,SR-293,99999999999999999999,0000000,34.25001667,-84.89642222,1,1
13,63,7,31,20,38,3,6,1,1,13,3,0,12,5,2,1,2,2,55,1,1,2,2,3,3,3,1,0,0,20,42,20,56,21,37,0,0,0,0,1,6,1,130666,0,2009,14,SR-3,MCDONOUGH RD,0000000,33.44882778,-84.32496111,3,1
13,215,7,31,8,38,2,2,0,0,14,6,0,12,8,2,1,1,2,45,2,2,2,1,0,0,1,1,0,0,8,40,8,48,9,16,0,0,0,0,1,6,0,130667,1280,2009,9,WILLIAMS RD,HILLDALE DR,0000000,32.56435556,-84.95390556,2,1
13,135,8,4,17,30,1,5,1,0,13,3,0,8,0,1,1,1,2,45,1,1,2,1,0,0,1,1,0,0,88,88,88,88,88,88,0,0,0,0,1,3,0,130668,0,2009,19,SR-140,99999999999999999999,0000000,33.89432222,-84.19655833,1,1
13,15,7,1,22,0,2,2,0,0,13,3,0,12,2,1,1,1,2,45,1,1,2,1,0,0,2,1,0,0,22,2,22,10,23,32,0,0,0,0,2,4,1,130669,980,2009,47,SR-61,99999999999999999999,0000000,34.14463056,-84.83651111,2,1
13,135,7,2,11,40,2,4,0,0,14,3,0,12,4,8,1,1,4,45,1,1,2,1,0,0,1,1,0,0,11,54,12,10,12,37,0,0,0,0,1,5,0,130670,3990,2009,37,SR-13,SR-378,0000000,33.94498056,-84.20361667,2,1
13,117,7,14,12,41,1,2,0,0,16,4,0,1,0,1,1,1,2,40,2,1,2,1,0,0,1,1,0,0,12,41,12,53,13,28,0,0,0,0,1,3,0,130671,0,2009,13,HURT BRIDGE RD,99999999999999999999,0000000,34.26081667,-84.19477778,1,1
13,25,7,20,4,53,1,1,0,0,9,4,0,53,0,1,4,1,2,45,2,2,2,1,0,0,2,1,0,0,4,53,5,4,88,88,0,0,0,0,1,2,0,130672,0,2009,99999,RAYBON ROCK RD W,99999999999999999999,0000000,31.19369444,-82.12666389,1,1
13,107,7,25,10,54,2,2,0,0,3,3,0,34,0,1,6,1,2,40,2,1,2,1,0,0,1,1,0,0,10,56,11,5,11,45,0,0,0,0,1,7,0,130673,0,2009,237,SR-57,99999999999999999999,0000000,32.45790278,-82.22691667,2,1
13,267,7,28,17,11,1,1,0,0,3,3,0,34,0,1,4,1,4,55,1,1,2,1,0,0,1,1,0,0,17,12,17,22,88,88,0,0,0,0,1,3,0,130674,0,2009,76,SR-73,99999999999999999999,0000000,32.04580556,-81.91125278,1,1
13,135,7,29,14,45,2,2,0,0,14,3,0,12,5,2,1,3,2,55,1,2,2,1,0,0,1,1,0,0,99,99,99,99,99,99,0,0,0,0,1,4,0,130675,0,2009,109,SR-8,SUGARLOAF PKWY,0000000,33.93844722,-84.03382222,2,1
13,19,7,30,8,41,1,1,0,0,3,3,0,32,0,1,4,1,2,55,2,2,2,1,0,0,1,1,0,0,8,41,8,52,88,88,0,0,0,0,1,5,0,130676,0,2009,181,SR-125,99999999999999999999,0000000,,,1,1
13,85,8,1,18,18,2,2,0,0,2,3,0,12,4,1,1,1,2,55,2,2,2,1,0,0,1,1,0,0,18,19,18,28,19,28,0,0,0,0,1,7,0,130677,1590,2009,24,SR-53,99999999999999999999,0000000,34.42852222,-84.21945278,2,1
13,151,8,1,16,48,2,3,0,0,15,4,0,12,2,1,1,1,2,45,1,3,2,1,0,0,1,1,0,0,16,48,16,57,17,17,0,0,0,0,1,7,0,130678,0,2009,17,ROCK QUARRY RD,99999999999999999999,0000000,33.52037778,-84.230525,2,1
13,229,8,1,3,38,1,2,0,0,6,4,0,32,0,1,4,1,2,55,2,1,1,1,0,0,2,1,0,0,3,38,3,56,4,16,0,0,0,0,1,7,1,130679,0,2009,13,HACKLE BARNEY RD,99999999999999999999,0000000,31.27939444,-82.33471944,1,1
13,241,8,1,10,46,1,1,0,0,9,4,0,42,0,1,6,1,2,45,1,2,2,1,0,0,1,1,0,0,10,47,10,50,11,2,0,0,0,0,1,7,0,130680,0,2009,99999,0LD 441,99999999999999999999,0000000,34.86325833,-83.42041389,1,1
13,67,8,2,2,18,1,2,0,1,11,1,0,30,0,1,4,3,5,65,1,2,2,2,0,0,3,1,0,0,2,18,2,24,2,38,0,0,0,0,2,1,1,130681,3440,2009,74,I-75,99999999999999999999,0000000,33.96156944,-84.519475,1,1
13,111,8,2,14,6,2,3,0,0,6,4,0,12,1,1,1,1,2,30,1,2,2,2,0,0,1,1,0,0,14,6,14,26,15,10,0,0,0,0,1,1,0,130682,0,2009,3,NEW LIBERTY RD,99999999999999999999,0000000,34.98250556,-84.23136111,2,1
13,133,8,2,16,51,2,5,3,1,1,1,0,8,0,1,2,2,2,70,1,2,1,2,0,0,1,2,0,0,16,53,16,55,17,25,0,0,0,0,1,1,0,130683,0,2009,37,I-20,99999999999999999999,0000000,33.54597222,-83.20725278,1,2
13,245,8,2,0,58,1,2,1,0,14,3,0,8,0,1,1,5,5,45,1,1,2,1,0,0,3,1,0,0,0,58,1,2,1,19,0,0,0,0,1,1,0,130684,310,2009,75,SR-104,99999999999999999999,0000000,33.51590556,-82.06980278,1,1
13,285,8,2,7,10,1,1,0,1,1,1,0,42,0,1,6,2,2,70,1,2,1,1,0,0,2,1,0,0,7,10,7,15,88,88,0,0,0,0,1,1,0,130685,0,2009,114,I-85,99999999999999999999,0000000,32.95545556,-85.09018333,1,1