STATE,COUNTY,MONTH,DAY,HOUR,MINUTE,VE_TOTAL,PERSONS,PEDS,NHS,ROAD_FNC,ROUTE,SP_JUR,HARM_EV,MAN_COLL,REL_JUNC,REL_ROAD,TRAF_FLO,NO_LANES,SP_LIMIT,ALIGNMNT,PROFILE,PAVE_TYP,SUR_COND,TRA_CONT,T_CONT_F,LGT_COND,WEATHER1,WEATHER2,WRK_ZONE,NOT_HOUR,NOT_MIN,ARR_HOUR,ARR_MIN,HOSP_HR,HOSP_MN,SCH_BUS,CF1,CF2,CF3,FATALS,DAY_WEEK,DRUNK_DR,ST_CASE,CITY,YEAR,MILEPT,TWAY_ID,TWAY_ID2,RAIL,LATITUDE,LONGITUD,VE_FORMS,WEATHER
13,119,8,3,7,31,2,4,0,0,4,3,0,12,2,2,1,1,2,55,1,2,2,1,0,0,1,5,0,0,7,31,7,32,8,31,0,0,0,0,1,2,0,130686,0,2009,53,SR-328,GERRARD RD,0000000,34.46026944,-83.09764722,2,5
13,267,8,3,13,16,2,2,0,0,3,3,0,12,5,2,1,1,2,55,2,3,2,1,20,3,1,1,0,0,13,17,13,30,14,9,0,0,0,0,1,2,0,130687,0,2009,144,SR-144,WALTER DASHER RD,0000000,31.92411944,-81.89850556,2,1
13,21,6,13,99,99,1,1,0,0,15,4,0,42,0,1,6,1,2,45,2,1,2,1,0,0,2,1,0,0,88,88,88,88,88,88,0,0,0,0,1,7,1,130688,0,2009,41,RIVOLI DR,99999999999999999999,0000000,32.88593056,-83.72841667,1,1
13,13,7,3,12,13,1,1,0,1,2,3,0,27,0,1,4,2,2,65,1,1,2,1,0,0,1,1,0,4,12,13,12,20,13,3,0,0,0,0,1,6,0,130689,0,2009,50,SR-316,99999999999999999999,0000000,33.94793333,-83.75710556,1,1
13,281,5,3,12,59,1,1,0,0,6,4,0,34,0,1,6,1,2,25,2,3,2,2,0,0,1,1,0,0,13,11,13,41,14,31,0,0,0,0,1,1,0,130690,0,2009,1,LAYSON RD,99999999999999999999,0000000,34.88533333,-83.71843889,1,1
13,253,6,23,21,10,1,2,1,0,5,6,0,8,0,8,1,1,2,30,1,1,2,1,0,0,5,1,0,0,21,10,21,11,21,46,0,0,0,0,1,3,0,130691,1740,2009,4,E SEVENTH ST,99999999999999999999,0000000,31.03443889,-84.87103611,1,1
13,295,5,12,20,9,2,2,0,1,2,3,0,12,5,1,1,1,2,45,1,1,2,1,0,0,1,1,0,0,20,10,20,16,20,44,0,0,0,0,1,3,0,130692,1110,2009,215,SR-1,99999999999999999999,0000000,34.88329167,-85.26986944,2,1
13,275,7,2,8,10,2,12,0,0,14,6,0,12,2,1,1,1,2,35,1,1,2,1,0,0,1,1,0,0,8,11,8,14,9,7,0,19,0,0,1,5,0,130693,5460,2009,20,REMINGTON AVE,99999999999999999999,0000000,30.85076944,-83.951425,2,1
13,89,7,4,20,53,1,1,0,0,14,3,0,42,0,1,4,2,2,45,1,1,2,1,0,0,3,1,0,0,20,53,20,55,21,0,0,0,0,0,1,7,0,130694,0,2009,37,SR-154,99999999999999999999,0000000,33.74741111,-84.283525,1,1
13,95,7,4,13,16,3,6,0,0,13,3,0,12,4,1,1,5,5,55,1,1,2,1,0,0,1,1,0,0,13,16,13,22,13,41,0,0,0,0,2,7,0,130695,0,2009,132,SR-300,99999999999999999999,0000000,31.598275,-84.05817778,3,1
13,213,7,8,8,26,2,2,0,0,4,4,0,12,2,1,1,1,2,20,2,1,2,1,0,0,1,1,0,0,8,26,8,34,9,6,0,0,0,0,1,4,0,130696,0,2009,1,SPRING PL SMYRNA RD,99999999999999999999,0000000,34.754625,-84.81767222,2,1
13,259,7,10,5,38,1,1,0,0,3,3,0,34,0,1,6,1,2,55,1,2,2,1,0,0,2,1,0,0,5,38,5,50,88,88,0,0,0,0,1,6,1,130697,0,2009,54,SR-27,99999999999999999999,0000000,32.02179444,-84.91721389,1,1
13,279,7,21,17,57,1,2,0,0,5,4,0,32,0,1,4,1,2,55,2,2,2,1,0,0,1,1,0,0,18,2,18,14,18,34,0,0,0,0,1,3,1,130698,0,2009,25,S THOMPSON RD,99999999999999999999,0000000,32.10713333,-82.37254722,1,1
13,127,7,28,2,0,2,3,0,0,14,3,0,12,5,2,1,1,4,35,1,1,2,1,3,3,3,1,0,0,2,3,2,6,2,36,0,0,0,0,2,3,2,130699,0,2009,65,SR-303,SR-27,0000000,31.203975,-81.50872778,2,1
13,43,7,31,16,50,3,7,0,0,5,4,0,12,7,1,1,1,2,55,1,2,2,2,0,0,1,2,0,0,16,51,17,3,17,35,0,0,0,0,1,6,0,130700,0,2009,65,OLLIFF TOWN RD,99999999999999999999,0000000,32.53170833,-82.092825,3,2
13,115,8,4,20,36,1,1,0,0,4,3,0,34,0,1,4,1,2,55,1,2,2,1,0,0,1,1,0,0,20,36,20,42,88,88,0,0,0,0,1,3,0,130701,0,2009,38,SR-156,99999999999999999999,0000000,34.41889444,-85.1331,1,1
13,123,8,4,15,38,3,8,0,0,2,3,0,13,4,1,1,2,2,65,2,2,2,2,0,0,1,2,0,0,15,45,15,57,16,20,0,0,0,0,1,3,0,130702,0,2009,146,SR-515 / SR-2,99999999999999999999,0000000,34.73390556,-84.42707778,3,2
13,89,8,5,10,39,6,10,0,1,11,1,0,12,1,1,1,3,4,55,1,1,2,1,0,0,1,1,0,0,10,39,10,42,11,28,0,0,0,0,2,4,0,130703,0,2009,218,I-285,99999999999999999999,0000000,33.69729722,-84.28369722,6,1
13,213,8,5,19,29,2,6,0,0,2,3,0,12,5,2,1,1,4,55,1,2,2,1,3,3,1,1,0,0,19,29,19,36,19,57,0,0,0,0,2,4,0,130704,0,2009,70,SR-61,SR-282,0000000,34.696725,-84.73823611,2,1
13,217,8,5,14,47,2,2,0,0,16,4,0,12,2,1,1,1,2,40,2,2,2,1,0,0,1,1,0,0,14,56,15,19,16,9,0,0,0,0,1,4,0,130705,0,2009,27,LOWER RIVER RD,99999999999999999999,0000000,33.51819444,-83.899175,2,1
13,245,8,5,20,0,3,5,0,0,14,3,0,12,5,1,1,1,4,55,1,1,2,1,0,0,1,1,0,0,20,0,20,12,20,54,0,0,0,0,1,4,0,130706,310,2009,85,SR-56,99999999999999999999,0000000,33.35139444,-81.98120278,3,1
13,277,8,5,21,26,2,2,0,0,4,4,0,12,2,1,1,1,2,55,2,2,2,2,0,0,2,2,0,0,21,26,21,36,21,46,0,0,0,0,1,4,0,130707,0,2009,27,CHULA BROOKFIELD RD,99999999999999999999,0000000,31.42611667,-83.39243056,2,2
13,57,8,6,10,46,1,1,0,1,11,1,0,31,0,1,3,3,3,65,1,1,1,1,0,0,1,1,0,0,10,46,10,55,99,99,0,0,0,0,1,5,0,130708,0,2009,17,I-75,99999999999999999999,0000000,34.07918056,-84.65371389,1,1
13,11,8,7,16,45,2,4,0,0,4,3,0,12,5,2,1,2,2,55,1,2,2,1,3,3,1,1,0,0,16,45,16,50,17,32,0,0,0,0,1,6,0,130709,0,2009,79,SR-15,SR-51,0000000,34.34903333,-83.46579444,2,1
13,51,8,7,22,53,1,2,1,0,4,3,0,8,0,1,1,1,2,55,1,1,2,1,0,0,2,1,0,0,88,88,88,88,88,88,0,0,0,0,1,6,0,130710,0,2009,8,SR-204,99999999999999999999,0000000,,,1,1
13,67,8,7,6,20,1,2,1,0,14,4,0,8,0,1,1,1,2,45,1,2,2,1,0,0,2,1,0,0,6,20,6,24,6,49,0,0,0,0,1,6,0,130711,0,2009,35,CANTON RD,99999999999999999999,0000000,34.05136111,-84.525825,1,1
13,93,8,7,20,7,1,2,0,1,1,1,0,24,0,1,3,3,3,70,1,1,1,1,0,0,1,1,0,0,20,7,20,11,21,30,0,0,0,0,1,6,0,130712,0,2009,21,I-75,99999999999999999999,0000000,32.06424722,-83.76330556,1,1
13,97,8,7,18,3,1,1,0,0,16,4,0,33,0,1,6,1,2,45,1,2,2,1,0,0,1,1,0,0,88,88,88,88,88,88,0,0,0,0,1,6,0,130713,0,2009,2,INDUSTRIAL ACCESS,99999999999999999999,0000000,33.77782778,-84.71199167,1,1
13,225,8,7,22,45,1,4,0,0,3,3,0,34,0,1,6,1,2,55,1,1,2,1,0,0,2,1,0,0,22,45,22,56,23,51,0,0,0,0,1,6,0,130714,0,2009,12,SR-7,99999999999999999999,0000000,32.48802778,-83.81819444,1,1
13,63,8,8,2,16,2,3,0,0,14,3,0,12,1,1,1,1,2,45,1,1,2,1,0,0,2,1,0,0,2,16,2,18,2,53,0,0,0,0,1,7,1,130715,0,2009,24,SR-139,99999999999999999999,0000000,33.60112778,-84.42950278,2,1
13,301,8,8,17,58,2,3,0,1,1,1,0,13,2,1,1,2,2,65,1,1,1,1,0,0,1,1,0,0,17,58,18,10,19,12,0,0,0,0,3,7,1,130716,0,2009,17,I-20,99999999999999999999,0000000,33.49976667,-82.79537222,2,1
13,321,8,8,3,16,1,2,0,0,3,3,0,32,0,1,6,1,2,55,2,1,2,1,0,0,2,1,0,0,3,16,3,30,4,3,0,0,0,0,1,7,0,130717,0,2009,99999,SR-33,99999999999999999999,0000000,31.69866944,-83.80800278,1,1
13,119,8,9,17,30,2,2,0,1,1,1,0,12,1,1,1,3,2,70,1,2,2,1,0,0,1,1,0,0,17,30,17,39,88,88,0,0,0,0,1,1,0,130718,0,2009,125,I-85,99999999999999999999,0000000,34.40611389,-83.19693056,2,1
13,129,8,9,15,31,1,3,0,1,1,1,0,52,0,1,2,3,2,70,1,2,2,1,0,0,1,1,0,0,15,31,15,39,17,15,0,0,0,0,2,1,0,130719,0,2009,143,I-75,99999999999999999999,0000000,34.60138611,-84.95669722,1,1
13,187,8,9,21,44,1,1,0,0,3,3,0,1,0,1,6,1,2,45,2,2,2,1,0,0,2,1,0,0,21,44,21,52,88,88,0,0,0,0,1,1,0,130720,0,2009,168,SR-52,99999999999999999999,0000000,34.53300556,-83.95000833,1,1
13,63,8,10,12,55,3,3,0,1,13,3,0,13,2,1,1,2,2,55,1,1,2,1,0,0,1,1,0,0,12,55,13,1,99,99,0,0,0,0,1,2,0,130721,0,2009,40,SR-3,99999999999999999999,0000000,33.483875,-84.33959444,3,1
13,89,8,10,0,28,2,2,0,0,14,6,0,12,2,1,1,1,2,45,2,3,2,1,0,0,3,1,0,0,0,28,0,34,1,5,0,0,0,0,1,2,1,130722,1610,2009,17,RIVER RD,99999999999999999999,0000000,33.673925,-84.2796,2,1
13,171,8,10,11,49,2,3,0,0,14,3,0,12,5,2,1,1,2,55,1,2,2,1,3,3,1,1,0,0,11,49,12,3,12,33,0,0,0,0,2,2,0,130723,400,2009,81,SR-7,SR-18,0000000,33.07478611,-84.17003611,2,1
13,229,8,11,20,56,2,3,0,0,4,4,0,12,3,8,1,1,2,55,1,1,2,2,0,0,2,1,0,0,20,56,21,0,21,24,0,0,0,0,1,3,0,130724,0,2009,36,WARE ST,99999999999999999999,0000000,31.29443056,-82.30542778,2,1
13,245,8,11,16,1,1,2,0,0,14,4,0,42,0,1,6,1,2,40,1,2,2,2,40,3,1,1,0,0,16,1,16,1,16,24,0,0,0,0,1,3,0,130725,310,2009,9,RICHMOND HILL RD,99999999999999999999,0000000,33.41281667,-82.03531944,1,1
13,57,8,12,22,2,1,1,0,0,4,3,0,53,0,2,6,1,2,55,1,1,2,1,0,0,2,1,0,0,22,2,22,9,88,88,0,0,0,0,1,4,0,130726,0,2009,91,SR-372,HOGAN POND LANE,0000000,34.29572778,-84.31496111,1,1
13,179,8,12,0,35,1,1,0,0,4,3,0,34,0,1,6,1,2,55,2,2,2,1,0,0,2,1,0,0,0,37,0,46,88,88,0,0,0,0,1,4,1,130727,0,2009,67,SR-196,99999999999999999999,0000000,31.81022222,-81.66865,1,1
13,111,8,13,9,49,1,1,0,0,4,4,0,24,0,1,6,1,2,45,2,2,2,1,0,0,1,1,0,0,9,49,10,6,88,88,0,0,0,0,1,5,0,130728,0,2009,53,ASKA RD,99999999999999999999,0000000,34.77214722,-84.25543889,1,1
13,313,8,13,6,32,3,6,0,0,13,3,0,12,5,2,1,2,2,55,1,2,2,1,3,3,2,1,0,0,6,32,6,34,7,1,0,0,0,0,1,5,0,130729,0,2009,99999,SR-3,WAGNER RD,0000000,34.74715,-84.91997222,3,1
13,311,8,14,10,59,2,3,0,0,3,3,0,12,2,1,1,1,2,35,2,2,2,1,0,0,1,1,0,0,10,59,11,15,12,30,0,0,0,0,1,6,0,130730,0,2009,63,SR-75,99999999999999999999,0000000,34.67881667,-83.71315833,2,1
13,21,8,15,21,19,1,2,1,0,13,3,0,8,0,2,1,1,2,30,1,1,2,2,3,3,3,1,0,0,21,20,21,23,21,41,0,0,0,0,1,7,1,130731,3390,2009,103,SR-41,HOLT AVE,0000000,32.84213333,-83.649925,1,1
13,51,8,15,19,43,1,5,0,0,6,4,0,42,0,1,6,1,2,25,2,1,2,1,0,0,5,1,0,0,19,43,19,49,20,19,0,0,0,0,1,7,1,130732,0,2009,2,CATALINA DR,99999999999999999999,0000000,32.01246111,-80.869525,1,1
13,59,8,15,21,34,1,3,1,0,13,3,0,8,0,1,1,3,2,40,1,1,2,1,0,0,3,1,0,0,21,36,21,40,88,88,0,0,0,0,1,7,0,130733,270,2009,99999,SR-10,99999999999999999999,0000000,33.94626111,-83.35357222,1,1
13,121,8,15,18,33,1,2,1,1,11,1,0,8,0,1,1,3,5,55,2,1,2,1,0,0,1,1,0,0,18,33,99,98,88,88,0,0,0,0,1,7,0,130734,280,2009,123,I-75,99999999999999999999,0000000,33.80543333,-84.41325833,1,1
13,301,8,15,2,53,2,5,0,1,1,1,0,12,1,1,1,2,2,65,1,2,1,1,0,0,2,1,0,0,2,53,3,10,4,12,0,0,0,0,1,7,1,130735,0,2009,32,I-20,99999999999999999999,0000000,33.50318333,-82.76940833,2,1
13,121,8,16,10,30,2,5,0,1,11,1,0,12,1,1,1,3,5,55,1,1,1,1,0,0,1,1,0,0,10,30,10,35,10,40,0,0,0,0,1,1,1,130736,280,2009,3,I-75,99999999999999999999,0000000,33.65256667,-84.39594167,2,1
13,171,8,16,15,40,1,2,0,1,1,1,0,42,0,1,6,3,3,70,1,2,2,1,0,0,1,1,0,0,15,40,15,55,16,46,0,0,0,0,1,1,0,130737,0,2009,99999,I-75,99999999999999999999,0000000,33.18276389,-84.08040833,1,1
13,49,8,17,6,52,1,1,0,0,6,4,0,34,0,1,6,1,2,35,2,2,5,1,0,0,4,1,0,0,6,52,7,2,88,88,0,0,0,0,1,2,0,130738,0,2009,99999,NEWELL RD,99999999999999999999,0000000,30.938175,-82.0321,1,1
13,67,8,17,21,59,1,6,1,0,13,3,0,8,0,1,1,2,3,45,1,2,2,1,0,0,2,1,0,0,21,59,22,6,22,30,0,0,0,0,1,2,0,130739,5070,2009,26,SR-3,99999999999999999999,0000000,33.89490833,-84.47977778,1,1
13,51,8,20,20,43,1,1,0,1,13,1,0,24,0,15,2,3,2,55,1,1,2,1,0,0,2,1,0,0,20,43,20,50,21,5,0,0,0,0,1,5,0,130740,0,2009,99999,I-516,99999999999999999999,0000000,32.06822778,-81.13648056,1,1
13,81,8,20,4,27,1,1,0,1,11,1,0,24,0,1,2,2,2,70,1,1,2,1,0,0,2,1,0,1,88,88,88,88,88,88,0,0,0,0,1,5,0,130741,1340,2009,121,I-75,99999999999999999999,0000000,31.97573611,-83.75399444,1,1
13,71,8,21,22,55,1,2,0,0,4,4,0,1,0,1,6,1,2,55,2,1,2,2,0,0,2,2,0,0,22,55,23,12,23,41,0,0,0,0,1,6,1,130742,0,2009,64,TILLMAN RD,99999999999999999999,0000000,31.14417778,-83.59027222,1,2
13,59,8,22,2,0,1,2,1,0,13,3,0,8,0,1,1,1,2,45,1,2,2,2,0,0,2,2,0,0,2,0,2,8,88,88,0,0,0,0,1,7,0,130743,270,2009,117,SR-10,99999999999999999999,0000000,33.93953333,-83.32374444,1,2
13,189,8,22,2,53,1,2,0,0,6,4,0,37,0,1,6,1,2,35,2,2,5,1,0,0,2,1,0,0,88,88,88,88,88,88,0,0,0,0,1,7,1,130744,0,2009,13,ROCK HOUSE RD,99999999999999999999,0000000,,,1,1
13,245,8,22,21,11,1,2,1,0,13,3,0,8,0,2,1,3,2,45,1,1,2,1,0,0,2,1,0,0,21,13,21,24,21,34,0,0,0,0,1,7,1,130745,310,2009,16,SR-28,FAIRHOPE ST,0000000,33.45770833,-81.93225833,1,1
13,115,8,23,1,43,1,4,0,0,4,4,0,42,0,1,6,1,2,35,1,1,2,1,0,0,2,1,0,0,1,43,1,45,2,41,0,0,0,0,3,1,1,130746,0,2009,179,CR-641,99999999999999999999,0000000,34.53265278,-85.11039722,1,1
13,89,8,24,1,10,2,2,0,0,12,3,0,12,1,1,2,3,3,55,1,2,2,1,0,0,2,1,0,1,88,88,88,88,88,88,0,19,0,0,1,2,0,130747,0,2009,20,SR-78,99999999999999999999,0000000,33.819375,-84.24443056,2,1
13,97,8,24,5,41,2,5,0,0,16,4,0,12,2,1,1,1,2,35,2,2,2,1,0,0,2,1,0,0,5,41,5,49,6,36,0,0,0,0,2,2,1,130748,0,2009,18,SKYVVIEW DR,99999999999999999999,0000000,33.78364167,-84.62680556,2,1
13,113,8,24,0,21,2,3,0,0,14,3,0,12,2,1,1,1,2,55,1,1,2,1,0,0,2,1,0,0,88,88,88,88,88,88,0,0,0,0,1,2,1,130749,0,2009,21,SR-279,99999999999999999999,0000000,33.53010833,-84.45138889,2,1
13,161,8,24,18,48,1,2,0,0,3,3,0,27,0,1,6,1,2,55,2,2,2,1,0,0,1,1,0,0,18,49,18,52,19,15,0,0,0,0,1,2,0,130750,0,2009,68,SR-19,99999999999999999999,0000000,31.821675,-82.56830556,1,1
13,129,8,26,4,4,1,1,0,0,3,3,0,53,0,1,6,1,2,55,1,2,2,1,0,0,2,1,0,0,4,4,4,17,88,88,0,0,0,0,1,4,0,130751,0,2009,52,SR-225,99999999999999999999,0000000,34.57485278,-84.88569167,1,1
13,139,8,26,15,18,1,1,0,0,16,4,0,37,0,1,6,1,2,35,2,2,2,1,0,0,1,1,0,0,15,18,15,28,16,23,0,0,0,0,1,4,0,130752,0,2009,99999,CALVARY CHURCH RD,99999999999999999999,0000000,34.245625,-83.81703611,1,1
13,135,8,27,15,46,2,13,0,0,13,3,0,12,5,2,1,2,2,55,1,1,2,1,20,3,1,1,0,0,15,46,15,52,16,7,0,0,0,0,1,5,0,130753,5300,2009,138,SR-141,TENCH RD,0000000,34.06789444,-84.06933611,2,1
13,97,8,29,19,27,2,2,1,0,16,4,0,53,0,1,6,1,2,35,2,2,2,1,0,0,1,1,0,0,19,27,19,31,20,59,0,0,0,0,1,7,1,130754,0,2009,2,BEREA RD,99999999999999999999,0000000,33.69344167,-84.79941111,1,1
13,135,8,31,2,24,1,2,0,0,16,4,0,42,0,1,6,1,2,40,2,2,2,1,0,0,2,1,0,0,2,24,2,35,3,13,0,0,0,0,1,2,0,130755,2470,2009,9,HILLSIDE DR,99999999999999999999,0000000,33.89688611,-83.98686389,1,1
13,133,8,4,1,24,2,12,0,1,1,1,0,12,1,1,1,2,2,70,1,2,1,1,0,0,2,1,0,0,99,99,99,99,99,99,0,0,0,0,3,3,0,130756,0,2009,39,I-20,99999999999999999999,0000000,33.54616944,-83.20338889,2,1
13,77,8,6,22,32,1,1,0,0,14,3,0,33,0,1,4,1,5,35,2,2,2,1,0,0,3,1,0,0,22,32,22,40,88,88,0,0,0,0,1,5,0,130757,3950,2009,116,SR-34,99999999999999999999,0000000,33.38053333,-84.80346667,1,1
13,87,8,8,14,33,1,2,1,0,14,3,0,9,0,2,1,1,2,35,1,1,2,1,0,0,1,1,0,0,14,33,14,36,14,49,0,16,0,0,1,7,0,130758,370,2009,136,SR-1BU,EVANS ST,0000000,30.90209444,-84.56794722,1,1
13,137,8,8,13,33,1,2,0,0,5,4,0,30,0,1,6,1,2,35,1,2,2,1,0,0,1,1,0,0,13,33,13,38,14,20,0,0,0,0,1,7,0,130759,0,2009,99999,CAMP CREEK RD,99999999999999999999,0000000,34.52753333,-83.52183333,1,1
13,151,8,9,19,4,2,5,0,0,14,3,0,12,5,2,1,1,2,55,1,1,2,1,20,3,1,1,0,0,19,12,19,21,20,1,0,0,0,0,1,1,0,130760,0,2009,27,SR-20,EAST LAKE RD,0000000,33.50143056,-84.07879722,2,1
13,123,8,10,1,59,1,2,0,0,9,4,0,42,0,1,6,1,2,25,2,2,2,1,0,0,2,1,0,0,1,59,2,17,88,88,0,0,0,0,2,2,0,130761,0,2009,99999,HARDSLATE RD,99999999999999999999,0000000,,,1,1
13,89,8,11,14,39,1,2,1,0,14,4,0,8,0,8,1,1,2,35,1,1,2,1,0,0,1,1,0,0,14,40,14,45,14,55,0,0,0,0,1,3,0,130762,1140,2009,27,E PONCE DE LEON AVE,99999999999999999999,0000000,33.81377778,-84.23685556,1,1
13,103,8,12,6,47,1,1,0,0,6,4,0,34,0,3,4,1,2,35,1,1,4,1,0,0,1,1,0,0,88,88,88,88,88,88,0,0,0,0,1,4,1,130763,0,2009,39,KEIFFER RD,WILSON RD,0000000,32.39983889,-81.23067778,1,1
13,69,8,13,14,0,2,1,0,0,13,3,0,33,0,1,4,4,2,35,1,2,2,1,0,0,1,1,0,0,14,0,14,5,14,19,0,0,0,0,1,5,0,130764,1760,2009,76,SR-31,99999999999999999999,0000000,31.51275833,-82.84948889,1,1
13,141,8,15,2,10,1,1,0,0,4,4,0,1,0,1,6,1,2,55,2,2,2,1,0,0,2,1,0,0,2,50,2,55,88,88,0,0,0,0,1,7,1,130765,0,2009,6,BEULAH RD,99999999999999999999,0000000,33.17290556,-83.0678,1,1
13,285,8,16,20,5,1,1,0,1,1,1,0,21,0,1,3,2,2,70,1,1,1,2,0,0,5,2,0,0,20,5,20,22,20,48,0,0,0,0,1,1,0,130766,0,2009,242,I-85,99999999999999999999,0000000,33.12871111,-84.89369722,1,2
13,139,8,18,9,5,4,7,0,0,13,3,0,12,2,2,1,1,2,45,1,1,2,1,0,0,1,1,0,0,9,6,9,12,9,27,0,0,0,0,1,3,0,130767,2285,2009,39,SR-369,MONTGOMERY DR,0000000,34.28142222,-83.89213889,4,1
13,15,8,20,19,25,2,4,0,0,16,4,0,12,8,1,1,1,2,35,2,2,2,2,0,0,2,2,0,0,19,25,19,34,20,8,0,0,0,0,1,5,1,130768,0,2009,42,SANDTOWN RD,99999999999999999999,0000000,34.09011111,-84.72203611,2,2
13,89,8,20,21,17,2,3,0,0,14,4,0,12,2,1,1,1,2,35,1,1,2,2,0,0,3,2,0,0,21,17,21,24,21,52,0,0,0,0,1,5,1,130769,0,2009,1,BRIARCLIFF RD,99999999999999999999,0000000,33.85573333,-84.28011389,2,2
13,187,8,20,18,31,1,3,1,0,4,3,0,8,0,1,2,1,3,45,1,2,2,2,0,0,1,2,0,0,18,31,18,37,19,0,0,19,0,0,1,5,0,130770,0,2009,137,SR-60,99999999999999999999,0000000,34.50894444,-83.97530833,1,2
13,253,8,20,11,12,2,3,0,0,3,3,0,12,5,2,1,1,2,45,1,1,2,1,20,3,1,1,0,0,11,12,11,14,11,37,0,0,0,0,1,5,0,130771,1740,2009,83,SR-91,WILEY AVE,0000000,31.02967778,-84.883075,2,1
13,87,8,21,18,13,1,2,0,0,4,3,0,34,0,1,6,1,2,55,1,1,2,1,0,0,1,1,0,0,18,14,18,21,19,15,0,0,0,0,1,6,1,130772,0,2009,33,SR-311,99999999999999999999,0000000,30.95654167,-84.53996667,1,1
13,295,8,21,99,99,1,1,0,0,15,4,0,35,0,1,4,1,2,35,2,1,2,1,0,0,1,1,0,0,22,12,22,19,88,88,0,0,0,0,1,6,0,130773,0,2009,4,DRY VALLEY RD,99999999999999999999,0000000,34.93479722,-85.31896667,1,1
13,151,8,22,8,8,1,1,0,1,11,1,0,42,0,1,6,2,3,65,1,1,2,2,0,0,1,1,0,0,9,0,9,38,88,88,0,0,0,0,1,7,0,130774,0,2009,122,I-75,99999999999999999999,0000000,33.44995556,-84.2022,1,1
13,187,8,22,11,39,1,2,0,0,6,4,0,35,0,1,6,1,2,35,2,2,2,1,0,0,1,1,0,0,11,39,11,48,12,48,0,0,0,0,1,7,0,130775,0,2009,99999,POST WHITE HILL RD,99999999999999999999,0000000,34.52259167,-83.84664722,1,1
13,29,8,23,13,55,1,1,0,0,3,3,0,34,0,1,6,1,2,55,1,2,2,1,0,0,1,1,0,0,13,58,14,8,88,88,0,0,0,0,1,1,0,130776,0,2009,91,SR-119,99999999999999999999,0000000,32.20533889,-81.55916389,1,1
13,67,8,23,18,50,3,3,0,1,11,1,0,12,1,1,1,2,5,65,1,1,1,1,0,0,1,1,0,0,18,51,19,0,19,35,0,0,0,0,1,1,1,130777,0,2009,109,I-75,99999999999999999999,0000000,34.004075,-84.56408611,3,1
13,151,8,23,0,50,1,1,0,0,16,4,0,42,0,1,6,1,2,25,2,2,2,1,0,0,2,1,0,0,0,53,1,1,1,48,0,0,0,0,1,1,1,130778,0,2009,99999,MAYS RD,99999999999999999999,0000000,33.56608889,-84.23215556,1,1
13,235,8,25,0,20,1,1,0,0,3,3,0,99,99,1,6,1,2,55,1,1,2,1,0,0,2,1,0,0,0,22,0,27,88,88,0,0,0,0,1,3,0,130779,0,2009,65,SR-11,99999999999999999999,0000000,32.26363889,-83.47068889,1,1
13,15,8,28,19,19,1,5,0,0,15,4,0,1,0,1,1,1,2,30,1,2,2,1,20,3,1,1,0,0,19,19,19,38,20,11,0,0,0,0,1,6,1,130780,0,2009,52,OLD GRASSDALE RD,99999999999999999999,0000000,34.25760556,-84.79265278,1,1
13,285,8,28,17,10,1,2,1,0,16,6,0,9,0,3,1,1,2,30,1,1,2,1,0,0,1,1,0,0,88,88,88,88,88,88,0,0,0,0,2,6,0,130781,3050,2009,1,POLK ST,LINDSEY ST,0000000,33.01704722,-85.03737778,1,1
13,89,8,30,2,30,1,1,0,1,11,1,0,27,0,1,4,3,4,55,2,1,1,1,0,0,3,1,0,0,2,36,2,40,88,88,0,0,0,0,1,1,1,130782,0,2009,113,I-285,99999999999999999999,0000000,33.81828611,-84.25099722,1,1
13,247,8,30,14,55,2,2,0,0,13,3,0,12,5,3,1,2,2,55,1,1,2,2,3,3,1,2,0,0,14,56,15,5,15,56,0,0,0,0,1,1,0,130783,0,2009,141,SR-138,CENTENNIAL OLYMPIC P,0000000,33.68910278,-83.96176944,2,2
13,51,9,2,21,48,1,2,0,0,16,6,0,5,0,1,1,1,2,30,1,1,2,1,0,0,3,1,0,0,22,7,22,8,22,36,0,0,0,0,1,4,0,130784,4910,2009,1,ROGERS ST,99999999999999999999,0000000,32.08821111,-81.11334722,1,1
13,137,9,4,14,38,2,3,0,0,3,3,0,12,2,1,1,1,2,55,1,2,2,1,0,0,1,1,0,0,14,38,14,47,16,1,0,0,0,0,2,6,0,130785,0,2009,99999,SR-105,99999999999999999999,0000000,34.57517222,-83.59406944,2,1
13,245,9,4,20,42,2,4,0,1,13,3,0,12,5,2,1,3,3,45,1,1,2,1,0,0,3,1,0,0,20,44,20,51,21,10,0,0,0,0,1,6,0,130786,310,2009,122,SR-121,SILVERDALE RD,0000000,33.40355556,-82.02579167,2,1
13,139,9,5,1,10,2,4,0,0,14,3,0,12,2,1,1,1,2,45,2,2,2,1,0,0,3,1,0,0,1,17,1,22,2,30,0,0,0,0,1,7,0,130787,0,2009,99999,SR-60,99999999999999999999,0000000,34.22406389,-83.78751111,2,1
13,227,9,5,9,10,1,2,0,0,2,3,0,24,0,1,6,1,2,45,2,1,2,1,0,0,1,1,0,0,9,10,9,20,10,23,0,0,0,0,2,7,0,130788,0,2009,238,SR-53,99999999999999999999,0000000,34.43476944,-84.36002222,1,1