STATE,COUNTY,MONTH,DAY,HOUR,MINUTE,VE_TOTAL,PERSONS,PEDS,NHS,ROAD_FNC,ROUTE,SP_JUR,HARM_EV,MAN_COLL,REL_JUNC,REL_ROAD,TRAF_FLO,NO_LANES,SP_LIMIT,ALIGNMNT,PROFILE,PAVE_TYP,SUR_COND,TRA_CONT,T_CONT_F,LGT_COND,WEATHER1,WEATHER2,WRK_ZONE,NOT_HOUR,NOT_MIN,ARR_HOUR,ARR_MIN,HOSP_HR,HOSP_MN,SCH_BUS,CF1,CF2,CF3,FATALS,DAY_WEEK,DRUNK_DR,ST_CASE,CITY,YEAR,MILEPT,TWAY_ID,TWAY_ID2,RAIL,LATITUDE,LONGITUD,VE_FORMS,WEATHER
13,67,9,6,15,42,2,2,0,0,16,4,0,12,5,2,1,1,2,35,1,2,2,1,0,0,1,1,0,0,15,45,15,57,16,17,0,0,0,0,1,1,0,130789,0,2009,19,FLINT HILL RD,JONES RD,0000000,33.82873333,-84.62255833,2,1
13,121,9,6,23,54,1,2,1,0,14,6,0,8,0,2,1,1,2,35,1,1,2,1,0,0,2,1,0,0,23,54,0,6,0,58,0,0,0,0,1,1,0,130790,280,2009,1,BOULEVARD,CASSANOVA ST,0000000,33.71636111,-84.36847778,1,1
13,139,9,6,20,53,1,1,0,0,9,4,0,1,0,2,1,1,2,25,1,2,2,1,0,0,3,1,0,0,20,53,21,3,22,0,0,0,0,0,1,1,0,130791,0,2009,99999,PINE VIEW DR,WINTERSET LANE,0000000,34.24068611,-83.69996389,1,1
13,297,9,7,17,53,1,1,0,0,3,3,0,27,0,1,6,2,2,55,1,2,2,1,0,0,1,1,0,0,17,54,17,58,18,35,0,0,0,0,1,2,0,130792,0,2009,142,SR-10,99999999999999999999,0000000,33.81885833,-83.67301111,1,1
13,73,9,8,22,40,1,1,0,0,6,4,0,1,0,2,6,1,2,45,2,1,2,1,0,0,3,1,0,0,88,88,88,88,88,88,0,0,0,0,1,3,0,130793,0,2009,21,WILLIAM FEW PKWY,WINDMILL PKWY,0000000,33.56145833,-82.19453611,1,1
13,121,9,9,2,26,1,1,0,0,13,6,0,30,0,2,6,1,2,35,1,2,2,1,0,0,3,1,0,0,88,88,88,88,88,88,0,0,0,0,1,4,1,130794,280,2009,91,PONCE DE LEON AVE,PONCE DE LEON PL,0000000,33.77358333,-84.36369167,1,1
13,121,9,10,21,40,1,2,1,0,14,6,0,8,0,3,1,1,2,35,1,1,2,1,3,3,3,1,0,0,21,41,21,48,22,2,0,0,0,0,1,5,0,130795,280,2009,12,CLEVELAND AVE,BROWNS MILL RD,0000000,33.68097778,-84.38429167,1,1
13,223,9,11,5,41,2,2,0,0,14,3,0,12,5,2,1,1,2,45,2,2,2,1,20,3,2,1,0,0,5,41,5,47,6,35,0,0,0,0,1,6,0,130796,1500,2009,100,SR-61,RIDGEVIEW DR,0000000,33.90684167,-84.82503056,2,1
13,245,9,11,23,19,3,4,0,0,14,3,0,12,5,2,1,1,2,55,1,1,2,1,0,0,2,1,0,0,23,20,23,33,0,11,0,0,0,0,1,6,1,130797,310,2009,32,SR-56,CLARK RD,0000000,33.28529167,-81.95845833,3,1
13,11,9,12,0,33,1,1,0,0,4,3,0,37,0,1,6,1,2,55,1,2,2,1,0,0,2,1,0,0,0,33,0,45,88,88,0,0,0,0,1,7,1,130798,0,2009,99999,SR-51,99999999999999999999,0000000,34.37402778,-83.6419,1,1
13,89,9,12,20,50,1,2,1,0,13,4,0,8,0,1,1,1,2,45,1,1,2,1,0,0,3,1,0,0,20,52,20,55,21,28,0,0,0,0,1,7,0,130799,0,2009,19,WESLEY CHAPEL RD,99999999999999999999,0000000,33.70963333,-84.21808056,1,1
13,135,9,12,20,1,2,2,0,0,16,4,0,12,5,2,1,1,2,30,2,2,2,1,20,3,3,1,0,0,20,1,20,8,20,36,0,0,0,0,1,7,0,130800,3990,2009,22,WILLIAMS RD,PEBBLE CREEK DR,0000000,33.88728611,-84.18488611,2,1
13,35,9,13,13,59,1,1,0,1,1,1,0,42,0,1,6,3,3,70,1,1,2,1,0,0,1,1,0,0,13,59,14,10,88,88,0,0,0,0,1,1,0,130801,0,2009,19,I-75,99999999999999999999,0000000,33.23955,-84.08221111,1,1
13,305,9,13,15,15,2,4,0,1,13,3,0,12,5,1,1,1,2,45,1,1,2,1,0,0,1,1,0,0,15,17,15,20,15,42,0,0,0,0,1,1,0,130802,2960,2009,170,SR-27,99999999999999999999,0000000,31.59935556,-81.87575,2,1
13,245,9,15,1,49,1,2,0,0,13,3,0,28,0,1,3,3,3,45,1,1,2,1,0,0,2,1,0,0,1,52,2,2,2,19,0,0,0,0,2,3,0,130803,310,2009,99999,SR-10,99999999999999999999,0000000,33.45160278,-82.06085556,1,1
13,103,9,16,17,6,2,2,0,0,3,6,0,12,5,2,1,1,2,45,1,2,2,1,20,3,1,1,0,0,17,6,17,18,17,35,0,0,0,0,1,4,0,130804,5130,2009,0,STANDARD LANE,SR-119,0000000,32.36423056,-81.32273333,2,1
13,31,9,17,16,25,2,3,0,0,4,3,0,12,5,2,1,1,2,55,1,1,2,1,20,3,1,1,0,0,16,25,16,34,16,58,0,0,0,0,1,5,0,130805,5170,2009,42,SR-46,SR-73,0000000,32.35821389,-81.86221944,2,1
13,289,9,17,9,35,2,2,0,0,3,3,0,12,5,2,1,1,2,55,1,3,2,1,20,3,1,1,0,0,9,35,10,7,10,56,0,0,0,0,1,5,0,130806,2930,2009,95,SR-96,PATRICIA DR,0000000,32.5795,-83.39244167,2,1
13,153,9,18,22,6,2,3,0,0,13,6,0,12,8,2,1,1,2,40,1,1,2,1,3,3,3,1,0,0,22,6,22,9,22,43,0,0,0,0,1,6,0,130807,1025,2009,4,HOUSTON LAKE BLVD,GUNN RD,0000000,32.62341944,-83.68676667,2,1
13,51,9,18,23,37,2,2,0,0,16,6,0,12,8,2,1,1,2,25,1,1,2,1,20,3,3,1,0,0,23,43,23,46,0,7,0,0,0,0,1,6,2,130808,4910,2009,6,W 40TH ST,MONTGOMERY ST,0000000,32.05573611,-81.1053,2,1
13,245,9,18,21,27,1,2,1,1,13,3,0,8,0,1,1,3,4,45,1,1,2,2,0,0,3,1,0,0,21,30,21,32,88,88,0,0,0,0,1,6,0,130809,310,2009,134,SR-10,99999999999999999999,0000000,33.43923056,-82.01675833,1,1
13,43,9,19,6,45,1,1,0,0,5,4,0,32,0,1,6,1,2,55,2,1,2,1,0,0,4,1,0,0,88,88,88,88,88,88,0,0,0,0,1,7,1,130810,3560,2009,27,UNION RD,99999999999999999999,0000000,32.44695,-82.03984722,1,1
13,131,9,19,6,33,1,1,0,1,2,3,0,42,0,1,3,2,2,65,1,2,2,1,0,0,4,1,0,0,6,33,6,50,88,88,0,0,0,0,1,7,1,130811,0,2009,62,SR-35,99999999999999999999,0000000,30.73252222,-84.11658611,1,1
13,169,9,20,15,43,2,2,0,0,4,4,0,12,5,1,1,1,2,45,2,2,2,2,0,0,1,1,0,0,15,44,15,50,16,25,0,0,0,0,1,1,0,130812,0,2009,87,GREENE SETTLEMENT RD,99999999999999999999,0000000,33.01783889,-83.5645,2,1
13,237,5,23,0,21,1,3,0,0,6,4,0,42,0,1,6,1,2,35,2,1,2,2,0,0,2,1,0,0,0,21,0,32,1,25,0,0,0,0,1,7,0,130813,0,2009,34,RABBIT SKIP RD,99999999999999999999,0000000,33.23240556,-83.48300556,1,1
13,113,7,18,19,55,2,2,0,0,14,6,0,12,5,2,1,1,2,45,1,1,2,1,20,3,1,1,0,0,19,55,19,59,20,50,0,0,0,0,1,7,1,130815,2110,2009,81,REDWINE RD,HUNTERS GLEN,0000000,33.43378611,-84.46001667,2,1
13,215,8,7,6,48,2,2,0,0,14,4,0,12,4,1,1,1,2,40,1,1,2,1,0,0,4,1,0,0,6,48,6,55,88,88,0,0,0,0,1,6,1,130817,1280,2009,24,WARM SPRINGS RD,99999999999999999999,0000000,32.54281667,-84.89539167,2,1
13,237,8,7,1,3,1,2,0,0,6,4,0,42,0,1,6,1,2,55,1,2,2,1,0,0,2,1,0,0,1,5,1,16,2,20,0,0,0,0,1,6,1,130818,0,2009,2,FORD RD,99999999999999999999,0000000,33.17951389,-83.34408889,1,1
13,121,8,8,0,35,1,2,0,0,16,6,0,42,0,1,5,1,2,25,2,3,2,1,0,0,3,1,0,0,0,44,0,52,1,21,0,0,0,0,1,7,1,130819,280,2009,3,MARY GEORGE AVE,99999999999999999999,0000000,33.80177778,-84.45935,1,1
13,135,8,9,4,22,1,1,0,0,16,4,0,38,0,1,6,1,2,40,2,1,2,1,0,0,2,1,0,0,88,88,88,88,88,88,0,0,0,0,1,1,0,130820,0,2009,19,LILBURN STONE MTN RD,99999999999999999999,0000000,33.86640556,-84.13225,1,1
13,237,8,15,10,4,1,1,0,0,6,4,0,42,0,3,6,1,2,25,1,1,2,1,0,0,1,1,0,0,10,4,10,9,88,88,0,0,0,0,1,7,0,130821,0,2009,0,S SUGAR CREEK RD,HARMONY RD,0000000,33.44938333,-83.31181389,1,1
13,245,8,26,19,35,1,2,0,0,16,4,0,1,0,1,4,1,2,45,1,1,2,1,0,0,1,1,0,0,19,36,19,43,20,19,0,0,0,0,1,4,0,130822,310,2009,9,INTERNATIONAL BLVD,99999999999999999999,0000000,33.34854444,-81.96311389,1,1
13,39,8,27,9,17,1,4,0,1,1,1,0,42,0,1,3,2,3,70,1,1,2,2,0,0,1,1,0,0,9,23,9,28,10,19,0,0,0,0,1,5,0,130823,0,2009,133,I-95,99999999999999999999,0000000,30.93136667,-81.68680556,1,1
13,305,8,27,21,42,1,2,1,0,13,3,0,8,0,1,1,1,5,45,1,1,2,1,0,0,3,1,0,0,21,42,21,46,22,0,0,0,0,0,1,5,0,130824,2960,2009,167,SR-38,99999999999999999999,0000000,31.62356667,-81.86849722,1,1
13,297,8,30,16,33,2,4,0,0,14,3,0,12,5,2,1,1,2,45,1,2,2,2,3,3,1,2,0,0,16,33,16,47,17,14,0,0,0,0,1,1,0,130825,0,2009,62,SR-20,ROSEBUD RD,0000000,33.89713611,-83.9593,2,2
13,301,8,31,2,21,2,2,0,1,1,1,0,12,1,1,1,2,2,65,1,1,1,2,0,0,2,1,0,0,2,21,2,30,4,21,0,0,0,0,1,2,0,130826,0,2009,119,I-20,99999999999999999999,0000000,33.49584722,-82.61572778,2,1
13,201,9,1,17,33,2,5,0,0,4,3,0,12,4,1,4,1,2,55,1,1,2,1,0,0,1,1,0,0,17,33,17,37,18,11,0,0,0,0,1,3,0,130827,0,2009,48,SR-310,99999999999999999999,0000000,31.13725556,-84.715725,2,1
13,125,8,16,1,17,1,1,0,0,4,3,0,19,0,1,6,1,2,55,2,2,2,1,0,0,2,1,0,0,1,20,1,43,88,88,0,20,0,0,1,1,1,130828,0,2009,123,SR-102,99999999999999999999,0000000,33.23759167,-82.57377778,1,1
13,297,9,20,11,58,2,2,0,0,4,3,0,12,2,1,1,1,2,45,1,2,2,2,0,0,1,1,0,0,11,58,12,7,14,52,0,0,0,0,1,1,0,130829,3710,2009,78,SR-83,99999999999999999999,0000000,33.81340278,-83.67975,2,1
13,115,9,22,15,57,2,2,0,0,13,3,0,12,5,2,1,1,2,55,1,1,2,1,3,3,1,1,0,0,15,57,16,0,16,34,0,0,0,0,1,3,0,130830,0,2009,193,SR-1,ARMUCHEE ACCESS RD,0000000,,,2,1
13,63,9,22,20,40,1,2,1,1,13,3,0,8,0,3,1,3,3,45,1,1,2,1,0,0,3,1,0,0,20,40,20,46,21,24,0,0,0,0,1,3,0,130831,0,2009,79,SR-3,NORTH AVE,0000000,33.53230833,-84.36375556,1,1
13,231,9,22,15,27,1,1,0,0,3,3,0,37,0,1,6,1,2,45,1,1,2,1,0,0,1,1,0,0,15,27,15,27,88,88,0,0,0,0,1,3,0,130832,1310,2009,96,SR-18,99999999999999999999,0000000,33.09140556,-84.43863889,1,1
13,177,9,24,20,15,1,2,1,1,13,3,0,8,0,1,1,1,2,45,1,1,2,1,0,0,2,1,0,0,20,15,20,24,20,38,0,0,0,0,1,5,0,130833,0,2009,9,SR-3,99999999999999999999,0000000,31.63045556,-84.17711667,1,1
13,213,9,24,18,7,1,1,0,0,6,4,0,34,0,1,6,1,2,25,2,2,2,1,0,0,1,1,0,0,18,7,18,15,18,41,0,0,0,0,1,5,0,130834,0,2009,11,OAK HILLS ST,99999999999999999999,0000000,34.66191111,-84.81730833,1,1
13,135,9,26,20,7,2,2,0,0,14,3,0,12,2,1,1,1,2,55,1,1,2,2,0,0,2,2,0,0,88,88,88,88,88,88,0,0,0,0,1,7,1,130835,0,2009,242,SR-20,99999999999999999999,0000000,33.87145,-83.91790833,2,2
13,135,9,27,11,49,2,2,0,0,14,4,0,12,2,1,1,1,2,40,1,1,2,1,0,0,1,1,0,0,11,49,11,53,12,40,0,0,0,0,1,1,1,130836,0,2009,12,FIVE FORKS TRICKUM R,99999999999999999999,0000000,33.8475,-84.12100556,2,1
13,59,9,28,18,50,1,1,0,0,15,4,0,34,0,2,6,1,2,50,1,2,2,2,0,0,2,1,0,0,88,88,88,88,88,88,0,0,0,0,1,2,1,130837,270,2009,16,BEAVERDAM RD,WEATHERLY WOODS DR,0000000,33.94204167,-83.30286667,1,1
13,135,9,28,10,33,1,1,0,0,14,4,0,42,0,1,6,1,2,35,2,2,2,1,0,0,1,1,0,0,88,88,88,88,88,88,0,0,0,0,1,2,0,130838,800,2009,10,SHADBURN FERRY RD,99999999999999999999,0000000,34.13814722,-84.00611111,1,1
13,51,9,2,20,45,1,2,1,0,19,3,0,9,0,1,1,1,9,45,1,1,2,1,0,0,2,1,0,0,20,45,20,47,21,0,0,0,0,0,1,4,0,130839,2290,2009,99999,SR-17,99999999999999999999,0000000,32.04365833,-81.18409444,1,1
13,301,9,3,20,50,1,1,0,0,4,4,0,1,0,1,1,1,2,55,1,2,2,1,0,0,2,1,0,0,20,50,21,1,88,88,0,0,0,0,1,5,0,130840,0,2009,24,MAYFIELD RD,99999999999999999999,0000000,33.36686111,-82.76144722,1,1
13,261,9,1,13,55,2,4,0,0,6,4,0,12,3,1,1,1,2,55,1,2,2,1,0,0,1,1,0,0,13,59,14,8,15,8,0,0,0,0,2,3,0,130841,0,2009,50,HOOKS MILL RD / CR 5,99999999999999999999,0000000,31.9745,-84.18303889,2,1
13,303,9,5,9,46,2,2,0,0,3,3,0,12,2,1,1,1,2,55,1,2,2,1,0,0,1,1,0,0,88,88,88,88,88,88,0,0,0,0,1,7,0,130842,0,2009,267,SR-15,99999999999999999999,0000000,33.13104722,-82.83554167,2,1
13,189,9,6,23,49,1,1,0,1,1,1,0,34,0,1,6,3,2,70,1,2,1,1,0,0,2,1,0,0,23,54,0,2,1,2,0,0,0,0,1,1,1,130843,0,2009,41,I-20,99999999999999999999,0000000,33.50831944,-82.53172222,1,1
13,195,9,7,20,41,1,1,0,0,6,4,0,34,0,1,4,1,2,55,2,2,2,1,0,0,2,1,0,0,20,41,20,47,22,10,0,0,0,0,1,2,0,130844,0,2009,2,BULLOCK MILL RD,99999999999999999999,0000000,34.10986944,-83.193025,1,1
13,233,9,9,7,27,1,2,1,0,16,6,0,8,0,1,1,1,2,35,1,2,2,1,0,0,1,1,0,0,7,27,7,30,8,6,1,0,0,0,1,4,0,130845,1010,2009,6,EVERGREEN LN,99999999999999999999,0000000,34.03765278,-85.25886389,1,1
13,97,9,12,21,17,1,1,0,0,16,4,0,42,0,1,4,1,2,35,2,2,2,1,0,0,2,1,0,0,88,88,88,88,88,88,0,0,0,0,1,7,0,130846,1770,2009,39,DORSETT SHOALS RD,99999999999999999999,0000000,33.67119444,-84.7486,1,1
13,227,9,12,11,39,2,6,0,0,2,3,0,12,4,2,1,2,2,65,2,2,2,1,0,0,1,1,0,0,11,41,11,45,88,88,0,0,0,0,2,7,0,130847,0,2009,112,SR-515,ANTIOCH CHURCH RD,0000000,34.50721111,-84.515525,2,1
13,121,9,15,14,46,1,2,1,0,16,6,0,8,0,3,1,1,2,25,1,1,2,2,0,0,1,2,0,0,14,46,15,1,15,25,1,0,0,0,1,3,0,130848,280,2009,1,HOBART DR,VANDERBILT CT,0000000,33.77593611,-84.49366111,1,2
13,135,9,16,5,0,2,3,1,1,12,3,0,8,0,1,1,2,2,55,1,1,1,2,0,0,2,2,0,0,88,88,88,88,88,88,0,0,0,0,1,4,0,130849,3100,2009,54,SR-316,99999999999999999999,0000000,33.96911389,-84.01313889,2,2
13,13,9,18,7,28,2,3,0,0,4,3,0,12,2,1,1,1,2,55,2,2,2,2,0,0,1,1,0,0,7,29,7,36,8,20,0,0,0,0,1,6,0,130850,0,2009,23,SR-82,99999999999999999999,0000000,33.98964722,-83.67696111,2,1
13,221,9,18,21,52,1,2,0,0,9,4,0,35,0,1,6,1,2,35,1,2,5,2,0,0,2,1,0,0,21,54,22,18,88,88,0,0,0,0,1,6,1,130851,0,2009,99999,SKULL SHOALS RD,99999999999999999999,0000000,33.75449444,-83.25686111,1,1
13,295,9,18,17,44,3,5,0,0,3,3,0,12,8,1,1,1,2,55,1,2,2,1,0,0,1,1,0,0,17,55,18,16,18,45,0,0,0,0,3,6,0,130852,0,2009,286,SR-136,99999999999999999999,0000000,34.67860556,-85.12803611,3,1
13,317,9,18,6,42,2,3,0,0,2,3,0,12,1,1,1,2,2,55,1,2,2,2,0,0,4,1,0,0,6,51,6,52,8,0,0,0,0,0,1,6,0,130853,5820,2009,161,SR-10,99999999999999999999,0000000,33.73838333,-82.72194444,2,1
13,97,9,19,12,38,1,1,0,0,16,4,0,42,0,1,4,1,2,25,1,1,2,2,0,0,1,2,0,0,12,38,12,44,88,88,0,0,0,0,1,7,0,130854,0,2009,0,STONE RIDGE TRAIL,99999999999999999999,0000000,,,1,2
13,199,9,19,11,50,2,5,0,0,3,3,0,12,2,1,1,1,2,55,1,1,2,2,0,0,1,2,0,0,11,50,12,2,13,11,0,0,0,0,1,7,0,130855,0,2009,10,SR-109,99999999999999999999,0000000,33.0347,-84.85810278,2,2
13,199,9,19,15,19,2,3,0,0,3,3,0,12,4,1,6,1,2,55,1,3,2,2,0,0,1,2,0,0,15,19,15,36,16,15,0,0,0,0,1,7,0,130856,0,2009,169,SR-74,99999999999999999999,0000000,33.00069167,-84.5702,2,2
13,89,9,20,2,43,1,2,1,0,13,3,0,8,0,1,1,1,6,45,1,3,2,2,0,0,3,2,0,0,2,45,2,53,88,88,0,0,0,0,1,1,0,130857,0,2009,15,SR-13,99999999999999999999,0000000,33.84178056,-84.33030278,1,2
13,89,9,20,12,22,2,3,2,1,11,1,0,12,3,14,1,3,2,55,2,1,2,2,0,0,1,2,0,0,12,55,13,2,13,36,0,14,0,0,1,1,0,130858,0,2009,71,I-85,99999999999999999999,0000000,33.89273611,-84.25807778,2,2
13,185,9,20,1,8,2,5,0,0,15,6,0,12,11,1,1,1,2,35,1,1,2,1,0,0,3,1,0,0,1,9,1,12,88,88,0,0,0,0,1,1,1,130859,5680,2009,79,N LEE ST,99999999999999999999,0000000,30.83988889,-83.27794444,2,1
13,199,9,23,19,27,1,1,0,1,1,1,0,34,0,1,6,2,2,70,1,2,2,1,0,0,1,1,0,0,19,27,19,44,88,88,0,0,0,0,1,4,0,130860,0,2009,25,I-85,99999999999999999999,0000000,,,1,1
13,175,9,24,18,49,2,5,1,0,4,3,0,12,5,2,1,1,2,55,1,1,2,1,20,3,2,1,0,0,18,49,18,58,19,43,0,0,0,0,2,5,0,130861,1800,2009,178,SR-338,OLD MACON HWY,0000000,32.56856944,-83.03305833,2,1
13,255,9,24,20,20,2,3,0,0,14,3,0,12,2,1,1,1,4,45,2,2,2,1,0,0,1,1,0,0,20,22,20,27,21,16,0,0,0,0,1,5,0,130862,0,2009,114,SR-16,99999999999999999999,0000000,33.245275,-84.30596944,2,1
13,35,9,25,5,4,2,2,0,0,14,3,0,12,2,1,1,1,2,55,1,1,2,1,0,0,2,1,0,0,5,4,5,17,6,24,0,0,0,0,1,6,0,130863,0,2009,99999,SR-36,99999999999999999999,0000000,33.38985,-83.89851111,2,1
13,97,9,25,19,2,1,4,1,0,6,4,0,9,0,1,1,1,2,25,1,2,2,1,0,0,1,1,0,0,99,99,99,99,99,99,0,0,0,0,1,6,0,130864,0,2009,99999,EVENING SHADE RD,99999999999999999999,0000000,,,1,1
13,181,9,25,9,24,2,4,0,0,4,3,0,12,5,2,1,1,2,55,1,1,2,1,20,3,1,1,0,0,9,24,9,31,10,5,0,0,0,0,1,6,0,130865,0,2009,54,SR-43,SR-220,0000000,33.84532778,-82.40973611,2,1
13,187,9,25,21,35,1,1,0,0,6,4,0,34,0,1,4,1,2,35,2,2,2,2,0,0,2,1,0,0,21,35,21,43,88,88,0,0,0,0,1,6,1,130866,0,2009,1,JOHN DOWDY RD,99999999999999999999,0000000,34.55790833,-84.03611944,1,1
13,285,9,25,11,38,1,2,1,0,14,3,0,9,0,1,1,1,2,35,1,2,2,1,0,0,1,1,0,0,11,43,12,15,12,48,0,16,0,0,1,6,0,130867,3050,2009,132,SR-219,99999999999999999999,0000000,33.05011111,-85.03425556,1,1
13,15,9,26,13,30,2,3,0,1,2,3,0,12,5,2,1,2,2,45,1,2,2,2,3,3,1,2,0,0,13,30,13,38,14,16,0,0,0,0,1,7,0,130868,0,2009,65,SR-20,HARDIN BRIDGE RD,0000000,34.2159,-84.93468056,2,2
13,121,9,9,21,39,3,5,0,0,14,3,0,12,2,2,1,1,2,40,2,1,2,1,0,0,3,1,0,0,21,40,21,45,22,24,0,20,0,0,2,4,0,130869,1250,2009,39,SR-279,BISCAYNE DR,0000000,33.60898889,-84.47128056,3,1
13,89,9,26,15,20,1,1,0,1,12,2,0,33,0,1,6,3,3,55,1,1,1,2,0,0,1,2,0,0,88,88,88,88,88,88,0,0,0,0,1,7,0,130870,0,2009,16,US-78,99999999999999999999,0000000,33.81268056,-84.25763611,1,2
13,127,9,26,19,24,1,1,0,0,9,4,0,1,0,1,6,1,2,35,2,3,2,1,0,0,2,1,0,0,19,24,19,28,19,49,0,0,0,0,1,7,1,130871,0,2009,99999,NEW STERLING RD,99999999999999999999,0000000,31.25797222,-81.55001111,1,1
13,183,9,26,23,10,1,2,0,0,9,4,0,42,0,1,6,1,2,35,2,1,5,1,0,0,2,1,0,0,23,18,23,28,99,99,0,0,0,0,1,7,1,130872,0,2009,99999,STEWART HODGES LOOP,99999999999999999999,0000000,31.82976944,-81.75585556,1,1
13,219,9,26,10,2,1,1,0,0,4,3,0,32,0,1,6,1,2,55,2,2,2,2,0,0,1,1,0,0,10,2,10,16,88,88,0,0,0,0,1,7,0,130873,0,2009,13,SR-15,99999999999999999999,0000000,33.750125,-83.30162222,1,1
13,103,9,27,19,34,1,1,0,0,4,4,0,37,0,1,6,1,2,45,2,1,2,1,0,0,2,1,0,0,19,34,19,41,88,88,0,0,0,0,1,1,0,130874,0,2009,21,OLD AUGUSTA RD,99999999999999999999,0000000,,,1,1
13,131,9,27,14,48,1,1,0,0,3,3,0,34,0,2,6,1,2,55,1,1,2,1,0,0,1,1,0,0,14,48,14,53,15,12,0,0,0,0,1,1,0,130875,0,2009,233,SR-111,RICH RD,0000000,30.95495833,-84.18406944,1,1
13,143,9,27,16,48,1,1,0,1,2,2,0,42,0,1,6,1,2,45,2,2,2,1,0,0,1,1,0,0,16,48,16,55,18,5,0,0,0,0,1,1,0,130876,690,2009,140,US-78,99999999999999999999,0000000,33.72433889,-85.13653333,1,1
13,245,9,27,16,50,1,1,0,0,12,3,0,24,0,1,2,3,2,50,2,2,1,1,0,0,1,1,0,0,16,50,16,55,17,8,0,0,0,0,1,1,0,130877,310,2009,55,SR-28,99999999999999999999,0000000,33.47661111,-81.97716944,1,1
13,263,9,27,16,51,1,1,0,0,6,4,0,40,0,1,6,1,2,55,2,1,5,1,0,0,1,1,0,0,88,88,88,88,88,88,0,0,0,0,1,1,1,130878,0,2009,99999,POWELL CHURCH RD,99999999999999999999,0000000,,,1,1
13,159,9,29,15,13,2,2,0,0,6,4,0,12,5,2,1,1,2,45,1,2,2,1,20,3,1,1,0,0,88,88,88,88,88,88,0,0,0,0,1,3,0,130879,0,2009,47,COUNTY LINE RD,ROCKY CREEK RD,0000000,33.43545278,-83.79624444,2,1
13,313,9,30,18,45,2,3,0,0,14,4,0,12,8,1,1,2,2,45,1,2,2,1,0,0,1,1,0,0,18,46,18,54,19,11,0,0,0,0,1,4,1,130880,0,2009,38,AIRPORT RD,99999999999999999999,0000000,34.74595,-84.90888889,2,1
13,237,6,2,12,16,1,1,0,0,6,4,0,34,0,1,6,1,2,25,2,1,2,1,0,0,1,1,0,0,12,16,12,29,13,35,0,0,0,0,1,3,0,130881,0,2009,7,LONG SHOALS RD,99999999999999999999,0000000,33.35338333,-83.21070556,1,1
13,131,6,30,18,0,1,2,1,0,5,4,0,9,0,1,1,1,2,55,9,9,9,9,0,0,1,1,0,0,88,88,88,88,88,88,0,0,0,0,1,3,0,130882,850,2009,109,LOWER HAWTHORNE TR,99999999999999999999,0000000,,,1,1
13,215,7,29,1,39,1,1,0,1,13,3,0,33,0,3,4,1,4,30,2,1,2,1,0,0,2,1,0,0,1,40,1,44,2,21,0,20,0,0,1,4,0,130883,1280,2009,20,SR-22SP,LAWYERS LANE,0000000,32.47174444,-84.95589167,1,1
13,21,8,2,19,31,1,3,2,0,16,6,0,9,0,2,1,1,2,35,1,2,2,2,20,3,1,1,0,0,19,31,19,35,19,54,0,16,0,0,1,1,0,130884,3390,2009,7,CENTER ST,HALL ST,0000000,32.852525,-83.61596667,1,1
13,89,8,22,22,35,2,2,0,0,14,3,0,12,2,1,1,1,5,45,1,1,2,1,0,0,2,1,0,0,22,41,22,48,23,23,0,0,0,0,1,7,1,130885,0,2009,115,SR-8,99999999999999999999,0000000,33.86394722,-84.19773889,2,1
13,33,9,1,23,43,1,1,0,0,4,4,0,11,0,1,1,1,2,55,1,1,2,1,0,0,2,1,0,0,23,43,23,49,88,88,0,0,0,0,1,3,0,130886,0,2009,28,STONEY BLUFF RD,99999999999999999999,0000000,33.02446111,-81.66629167,1,1
13,229,9,4,6,3,1,1,0,0,3,3,0,42,0,1,4,1,2,35,1,1,2,1,0,0,4,1,0,0,6,3,6,7,88,88,0,0,0,0,1,6,1,130887,530,2009,71,SR-15,99999999999999999999,0000000,31.29921667,-82.23506944,1,1
13,121,9,6,21,26,2,4,0,1,11,1,0,25,0,1,3,3,3,55,2,1,2,1,0,0,2,1,0,0,88,88,88,88,88,88,0,20,0,0,1,1,1,130888,1250,2009,128,I-85,99999999999999999999,0000000,33.62058889,-84.47379167,2,1
13,69,9,7,23,58,1,1,0,0,15,6,0,10,0,6,1,1,2,30,1,3,2,1,70,3,3,1,0,0,23,59,0,5,0,14,0,0,0,0,1,2,1,130889,1760,2009,0,MCDONALD AVE,RAILROAD ST,638571k,31.50522222,-82.83948889,1,1
13,229,9,7,11,24,2,2,0,0,2,3,0,12,4,1,1,1,4,55,1,1,2,1,0,0,1,1,0,0,11,24,11,30,88,88,0,0,0,0,1,2,0,130890,530,2009,99999,SR-38,99999999999999999999,0000000,31.28131944,-82.26875833,2,1
13,31,9,12,7,15,1,5,0,1,1,1,0,1,0,1,2,3,2,70,1,1,2,1,0,0,1,1,0,0,7,20,7,30,8,18,0,0,0,0,2,7,0,130891,0,2009,211,I-16,99999999999999999999,0000000,,,1,1
13,121,9,12,20,0,1,2,0,0,4,6,0,53,0,1,4,1,2,25,1,1,2,1,0,0,1,1,0,0,20,15,20,31,21,12,0,20,0,0,1,7,1,130892,4230,2009,88,HUTCHESON FERRY RD,99999999999999999999,0000000,33.52003889,-84.67853889,1,1
13,89,9,13,20,6,1,3,2,0,13,4,0,8,0,3,1,3,2,40,1,1,2,1,3,3,3,1,0,0,20,9,20,13,20,40,0,0,0,0,2,1,0,130893,0,2009,22,S HAIRSTON RD,MAINSTREET PARK DR,0000000,33.76956944,-84.19376944,1,1