STATE,COUNTY,MONTH,DAY,HOUR,MINUTE,VE_TOTAL,PERSONS,PEDS,NHS,ROAD_FNC,ROUTE,SP_JUR,HARM_EV,MAN_COLL,REL_JUNC,REL_ROAD,TRAF_FLO,NO_LANES,SP_LIMIT,ALIGNMNT,PROFILE,PAVE_TYP,SUR_COND,TRA_CONT,T_CONT_F,LGT_COND,WEATHER1,WEATHER2,WRK_ZONE,NOT_HOUR,NOT_MIN,ARR_HOUR,ARR_MIN,HOSP_HR,HOSP_MN,SCH_BUS,CF1,CF2,CF3,FATALS,DAY_WEEK,DRUNK_DR,ST_CASE,CITY,YEAR,MILEPT,TWAY_ID,TWAY_ID2,RAIL,LATITUDE,LONGITUD,VE_FORMS,WEATHER
13,97,9,16,15,55,2,4,0,0,3,3,0,12,2,2,1,1,2,55,1,1,2,2,0,0,1,2,0,0,15,56,16,4,16,42,0,0,0,0,1,4,0,130894,1770,2009,52,SR-166,PHILLIPS MILL RD,0000000,33.616175,-84.826125,2,2
13,89,9,17,18,0,2,2,0,0,13,4,0,12,5,2,1,1,4,45,1,1,2,2,3,3,1,1,0,0,18,0,18,2,18,29,0,0,0,0,1,5,0,130895,0,2009,9,PEACHTREE RD,OSBORNE RD,0000000,33.86516944,-84.33703056,2,1
13,79,9,29,17,26,1,2,1,0,6,4,0,9,0,8,1,1,2,45,1,3,2,1,0,0,1,1,0,0,17,26,17,43,18,11,0,0,0,0,1,3,0,130896,0,2009,99999,CARL SUTTON RD,99999999999999999999,0000000,,,1,1
13,121,9,29,6,20,1,2,1,0,13,6,0,8,0,1,11,5,5,40,1,1,2,1,0,0,2,1,0,0,6,35,6,44,99,99,0,0,0,0,1,3,0,130897,280,2009,99999,CAMPBELLTON RD,99999999999999999999,0000000,33.6913,-84.51428056,1,1
13,145,9,29,17,58,3,5,0,0,3,3,0,12,2,1,1,1,2,55,2,3,2,1,0,0,1,1,0,0,17,58,18,17,19,4,0,0,0,0,1,3,0,130898,0,2009,99999,SR-103,99999999999999999999,0000000,32.79041389,-85.10065556,3,1
13,121,9,24,14,9,1,1,0,0,13,3,0,30,0,1,4,5,5,55,2,1,2,1,0,0,1,1,0,0,88,88,88,88,88,88,0,0,0,0,1,5,0,130899,5640,2009,47,SR-138,99999999999999999999,0000000,33.56181667,-84.51715833,1,1
13,51,2,20,7,34,2,2,0,0,16,4,0,10,0,6,1,1,2,35,1,1,2,1,70,3,1,1,0,0,88,88,88,88,88,88,0,14,0,0,1,6,0,130900,0,2009,110,CROSSGATE RD,99999999999999999999,000900L,,,2,1
13,215,7,28,14,30,2,2,0,0,13,3,0,12,5,2,1,2,2,45,1,1,2,1,20,3,1,1,0,0,14,31,14,36,15,2,0,0,0,0,1,3,0,130901,1280,2009,116,SR-1 / VETERANS PKWY,50TH ST,0000000,32.51253056,-84.97006389,2,1
13,111,10,3,12,8,1,1,0,0,4,3,0,34,0,1,2,1,2,55,2,2,2,1,0,0,1,1,0,0,12,18,12,48,13,40,0,0,0,0,1,7,0,130902,0,2009,73,SR-60,99999999999999999999,0000000,34.77138889,-84.18331944,1,1
13,175,10,3,12,54,1,1,0,0,2,3,0,1,0,1,1,1,2,55,1,1,2,1,0,0,1,1,0,0,12,54,13,2,13,34,0,0,0,0,1,7,0,130903,0,2009,163,SR-31,99999999999999999999,0000000,32.41610556,-82.93991111,1,1
13,277,10,3,18,30,1,2,0,0,3,3,0,34,0,1,2,1,2,55,1,2,2,1,0,0,2,1,0,0,88,88,88,88,88,88,0,0,0,0,2,7,0,130904,0,2009,167,SR-35,99999999999999999999,0000000,31.49684167,-83.43388889,1,1
13,193,10,10,23,4,2,4,0,0,4,3,0,11,0,1,1,1,2,55,1,1,2,1,0,0,2,1,0,0,23,4,23,12,0,8,0,14,0,0,1,7,1,130905,0,2009,29,SR-224,99999999999999999999,0000000,32.32083056,-83.99108056,2,1
13,225,10,11,22,7,2,3,0,0,2,3,0,12,5,2,1,2,2,55,1,3,2,1,20,3,2,1,0,0,99,99,99,99,99,99,0,0,0,0,1,1,0,130906,2220,2009,0,SR-49 CO,SR-96,0000000,32.56016944,-83.93918333,2,1
13,153,10,12,3,3,1,1,0,0,19,3,0,30,0,1,4,1,2,45,2,1,2,1,0,0,2,1,0,0,3,3,3,13,88,88,0,0,0,0,1,2,1,130907,1025,2009,99999,SR-127,99999999999999999999,0000000,32.65944722,-83.69865556,1,1
13,195,10,12,19,17,1,2,1,0,6,4,0,8,0,1,1,1,2,35,1,2,2,2,0,0,2,2,0,0,88,88,88,88,88,88,0,0,0,0,1,2,0,130908,0,2009,18,MCCARTY DODD RD,99999999999999999999,0000000,34.06718333,-83.19225278,1,2
13,225,10,14,8,22,2,3,0,0,3,3,0,12,4,1,1,1,2,55,1,2,2,2,0,0,1,2,0,0,99,99,99,99,99,99,0,0,0,0,1,4,0,130909,2220,2009,19,SR-7,99999999999999999999,0000000,,,2,2
13,215,10,15,19,18,1,3,0,1,13,3,0,33,0,1,4,2,2,40,1,1,2,2,0,0,3,2,0,0,19,18,19,29,19,50,0,0,0,0,1,5,0,130910,1280,2009,51,SR-22 SP,99999999999999999999,0000000,32.49267778,-84.91418889,1,2
13,221,10,15,5,37,3,5,0,0,2,3,0,12,99,1,1,1,4,50,1,2,2,2,0,0,2,1,0,0,5,38,5,41,6,55,0,0,0,0,3,5,0,130911,0,2009,70,SR-10,99999999999999999999,0000000,33.88716111,-83.12843889,3,1
13,111,10,16,15,8,2,3,0,0,2,3,0,12,4,1,1,1,2,55,1,2,2,2,0,0,1,2,0,0,15,8,15,11,15,35,0,0,0,0,1,6,0,130912,0,2009,100,SR-5,99999999999999999999,0000000,34.93409167,-84.37341111,2,2
13,141,10,16,10,51,1,1,0,0,3,3,0,34,0,1,6,1,2,55,2,2,2,1,0,0,1,1,0,0,10,51,10,58,88,88,0,0,0,0,1,6,0,130913,0,2009,153,SR-15,99999999999999999999,0000000,33.22924722,-82.90587778,1,1
13,155,10,19,22,59,1,3,0,0,6,6,0,43,0,1,6,1,2,30,2,1,5,1,0,0,3,1,0,0,23,5,23,10,23,29,0,0,0,0,2,2,1,130914,4120,2009,5,PINE ST,99999999999999999999,0000000,31.60735833,-83.24106944,1,1
13,321,10,20,12,24,2,2,0,0,3,3,0,12,5,2,1,1,2,55,1,1,2,1,20,3,1,1,0,0,12,25,12,34,88,88,0,0,0,0,1,3,0,130915,0,2009,37,SR-112,SR-133,0000000,31.42335278,-83.95408611,2,1
13,21,10,21,22,50,1,2,1,0,6,4,0,8,0,1,1,1,2,35,1,1,2,1,0,0,2,1,0,0,22,52,22,55,88,88,0,0,0,0,1,4,0,130916,0,2009,5,HAWAIIAN VILLAGE DR,99999999999999999999,0000000,32.80174167,-83.72253611,1,1
13,151,10,23,16,37,1,1,0,0,14,4,0,34,0,1,4,1,2,45,1,1,2,2,0,0,1,2,0,0,16,37,16,49,88,88,0,0,0,0,1,6,1,130917,0,2009,40,FAIRVIEW RD,99999999999999999999,0000000,33.60834722,-84.17469167,1,2
13,153,10,23,18,26,2,3,0,0,3,3,0,12,2,1,1,1,2,55,1,2,2,1,0,0,1,1,0,0,18,26,18,29,88,88,0,0,0,0,2,6,0,130918,0,2009,119,SR-247,99999999999999999999,0000000,32.522175,-83.59542222,2,1
13,263,10,23,7,58,1,1,0,0,3,3,0,42,0,1,6,1,2,55,1,2,2,1,0,0,1,1,0,0,7,58,8,12,9,5,0,0,0,0,1,6,1,130919,0,2009,142,SR-41,99999999999999999999,0000000,,,1,1
13,129,10,24,21,16,1,1,0,0,16,4,0,32,0,1,4,1,2,25,1,3,2,1,0,0,1,1,0,0,21,16,21,23,88,88,0,0,0,0,1,7,1,130920,0,2009,99999,WEST DR,99999999999999999999,0000000,34.53675278,-84.94330556,1,1
13,223,10,24,17,54,1,2,0,0,9,4,0,34,0,1,4,1,2,35,1,2,2,1,0,0,1,1,0,0,18,20,18,44,19,11,0,0,0,0,1,7,1,130921,0,2009,99999,DABBS BRIDGE RD,99999999999999999999,0000000,34.08127778,-84.74415833,1,1
13,67,10,27,17,26,2,3,0,0,14,4,0,42,0,1,3,2,2,45,2,2,2,2,0,0,1,2,0,0,17,27,17,31,88,88,0,14,0,0,1,3,1,130922,0,2009,1,PIEDMONT RD,99999999999999999999,0000000,34.02004722,-84.51346667,2,2
13,247,10,27,5,16,2,2,0,1,11,1,0,12,5,5,1,6,2,45,1,1,2,1,3,3,3,1,0,0,5,16,5,25,88,88,0,0,0,0,1,3,0,130923,0,2009,9,I-20,99999999999999999999,0000000,33.68297778,-84.06414167,2,1
13,85,10,2,22,38,1,1,0,0,4,3,0,37,0,1,6,1,2,55,2,2,2,1,0,0,2,1,0,0,22,40,22,44,88,88,0,0,0,0,1,6,1,130924,0,2009,267,SR-136,99999999999999999999,0000000,34.39883611,-83.97676667,1,1
13,195,10,2,22,33,1,2,0,0,6,4,0,1,0,1,6,1,2,35,2,2,5,1,0,0,2,1,0,0,22,35,22,38,22,43,0,0,0,0,1,6,1,130925,0,2009,99999,ROCK QUARRY DR,99999999999999999999,0000000,,,1,1
13,47,10,3,20,48,1,2,1,0,14,3,0,9,0,1,2,1,2,55,1,2,2,1,0,0,2,1,0,0,20,49,20,51,88,88,0,0,0,0,1,7,0,130926,0,2009,112,SR-3,99999999999999999999,0000000,34.96181111,-85.17017778,1,1
13,57,10,3,17,54,2,6,0,0,4,3,0,12,2,1,1,1,2,35,2,1,2,1,0,0,1,1,0,0,17,56,17,58,19,3,0,0,0,0,1,7,0,130927,0,2009,74,SR-140,99999999999999999999,0000000,34.31295833,-84.54485833,2,1
13,139,10,3,19,38,1,1,0,0,4,3,0,1,0,1,6,1,2,55,2,2,2,1,0,0,2,1,0,0,19,38,19,44,20,18,0,0,0,0,1,7,1,130928,0,2009,102,SR-283,99999999999999999999,0000000,34.473625,-83.81665,1,1
13,121,10,6,16,14,2,2,0,0,13,6,0,12,5,2,1,1,2,35,1,2,2,1,0,0,1,1,0,0,88,88,88,88,88,88,0,0,0,0,1,3,0,130929,280,2009,109,NORTHSIDE DR,GREEN ST,0000000,33.79314722,-84.40795833,2,1
13,121,10,6,15,47,2,2,0,0,14,4,0,12,5,4,1,1,2,45,1,1,2,1,20,3,1,1,0,0,15,50,16,12,16,23,0,0,0,0,1,3,0,130930,9997,2009,32,JONES BRIDGE RD,99999999999999999999,0000000,34.04908611,-84.22131944,2,1
13,63,10,8,20,21,1,3,1,0,14,6,0,8,0,2,1,1,2,45,1,1,2,1,3,3,3,1,0,0,20,21,20,25,88,88,0,0,0,0,1,5,0,130931,2180,2009,5,THURMOND RD,CONLEY RD,0000000,33.64065,-84.35450833,1,1
13,135,10,9,12,26,1,3,0,0,16,4,0,42,0,1,6,1,2,40,2,1,2,1,0,0,1,1,0,0,12,26,12,32,13,32,0,0,0,0,1,6,0,130932,0,2009,37,HOG MOUNTAIN RD,99999999999999999999,0000000,34.06716389,-83.87190278,1,1
13,157,10,9,6,23,2,2,0,0,3,3,0,12,5,2,1,1,2,55,1,2,2,1,0,0,2,1,0,0,6,24,6,28,88,88,0,0,0,0,1,6,0,130933,0,2009,23,SR-53,LAGREE DUCK RD,0000000,34.12772222,-83.76551667,2,1
13,175,10,9,22,33,2,4,0,1,1,1,0,12,2,1,1,2,2,70,1,1,2,2,0,0,2,1,0,0,22,33,22,40,23,0,0,0,0,0,3,6,1,130934,0,2009,250,I-16,99999999999999999999,0000000,,,2,1
13,21,10,10,23,8,1,2,1,0,13,3,0,8,0,1,1,3,2,35,1,2,2,1,0,0,2,1,0,0,23,11,23,14,23,38,0,0,0,0,1,7,0,130935,3390,2009,75,SR-19,99999999999999999999,0000000,32.84801111,-83.60765278,1,1
13,59,10,10,14,16,1,1,0,0,16,4,0,37,0,1,6,1,2,35,1,1,2,1,0,0,1,1,0,0,14,18,14,24,88,88,0,0,0,0,1,7,1,130936,270,2009,7,OLD COMMERCE RD,99999999999999999999,0000000,33.99993056,-83.38382778,1,1
13,67,10,10,2,35,1,2,1,0,13,3,0,8,0,1,1,1,2,35,1,2,2,2,0,0,3,2,0,0,2,36,2,39,3,14,0,0,0,0,1,7,0,130937,3440,2009,75,SR-120 LO,99999999999999999999,0000000,33.95907778,-84.54670556,1,2
13,95,10,10,7,22,2,2,0,1,13,3,0,12,2,2,1,1,2,35,1,1,2,1,0,0,1,1,0,0,7,24,7,28,7,54,0,0,0,0,1,7,0,130938,90,2009,17,SR-520,5TH AVE,0000000,31.59310278,-84.17613056,2,1
13,121,10,10,17,12,2,2,0,0,6,4,0,12,2,4,1,1,2,45,1,1,2,1,0,0,1,1,0,0,17,12,17,29,18,1,0,0,0,0,1,7,0,130939,0,2009,10,SHORT RD,99999999999999999999,0000000,33.58598889,-84.64925,2,1
13,103,10,11,0,54,2,3,0,0,3,3,0,12,5,1,1,1,2,35,1,2,2,1,0,0,3,5,0,0,0,55,0,56,1,53,0,20,0,0,2,1,0,130940,4670,2009,40,SR-21,99999999999999999999,0000000,32.28490278,-81.23344722,2,5
13,175,10,11,14,54,1,2,0,1,1,1,0,33,0,5,4,6,2,70,2,1,2,1,3,3,1,1,0,0,14,54,14,56,15,31,0,0,0,0,1,1,0,130941,1780,2009,172,I-16,99999999999999999999,0000000,32.48882222,-82.93458889,1,1
13,223,10,11,3,0,1,2,0,0,15,4,0,1,0,1,6,1,2,35,2,2,2,1,0,0,2,1,0,0,3,0,3,5,4,51,0,0,0,0,1,1,1,130942,0,2009,32,NEBO RD,99999999999999999999,0000000,33.83299444,-84.84093056,1,1
13,87,10,12,21,23,2,3,0,0,13,6,0,12,5,2,1,3,2,45,1,1,2,1,0,0,2,1,0,0,21,23,21,29,21,48,0,0,0,0,1,2,0,130943,370,2009,99999,E SHOTWELL ST,SR-84 BYP,0000000,30.90314444,-84.54080278,2,1
13,157,10,12,10,39,1,1,0,1,1,1,0,24,0,5,4,6,2,70,2,2,1,1,0,0,1,8,0,0,88,88,88,88,88,88,0,0,0,0,1,2,0,130944,0,2009,128,I-85,99999999999999999999,0000000,34.18809167,-83.59224444,1,8
13,89,10,13,16,34,2,10,0,0,14,2,0,12,7,1,1,1,2,45,1,1,2,1,0,0,1,1,0,0,16,34,16,40,17,20,0,0,0,0,3,3,0,130945,0,2009,53,US-78,99999999999999999999,0000000,33.82395556,-84.15158333,2,1
13,15,10,14,0,19,1,1,0,0,14,3,0,52,0,1,3,3,2,55,2,2,2,2,0,0,2,2,0,0,0,19,0,29,1,2,0,0,0,0,1,4,0,130946,2010,2009,26,SR-3,99999999999999999999,0000000,34.11235556,-84.7498,1,2
13,25,10,18,5,59,1,1,0,0,5,4,0,37,0,2,6,1,2,45,2,2,2,1,0,0,3,1,0,0,6,0,6,8,7,4,0,0,0,0,1,1,0,130947,0,2009,99999,RAYBON ROCK RD,OAK GROVE RD,0000000,,,1,1
13,89,10,18,2,0,1,3,0,0,14,4,0,53,0,1,6,1,2,45,1,1,2,1,0,0,2,1,0,0,2,7,2,12,2,49,0,0,0,0,1,1,0,130948,0,2009,42,ROCKBRIDGE RD,99999999999999999999,0000000,33.78895556,-84.14443611,1,1
13,135,10,20,19,36,2,2,0,0,16,4,0,12,2,2,1,1,2,25,1,1,2,1,0,0,2,1,0,0,19,36,19,43,20,9,0,0,0,0,1,3,0,130949,800,2009,3,BLUFFTON RD,WHITE BLUFF WAY,0000000,34.04204444,-83.98505,2,1
13,135,10,20,23,58,1,1,0,0,16,4,0,42,0,1,6,1,2,40,2,2,2,1,0,0,2,1,0,0,88,88,88,88,88,88,0,0,0,0,1,3,1,130950,3158,2009,6,LOUIS RD,99999999999999999999,0000000,33.88454167,-84.10446111,1,1
13,245,10,22,8,24,1,2,1,0,16,6,0,8,0,1,1,1,2,30,2,1,2,1,0,0,1,1,0,0,8,25,8,35,9,0,0,0,0,0,1,5,0,130951,310,2009,2,JEANNE RD,99999999999999999999,0000000,33.42997222,-82.06445833,1,1
13,135,10,24,10,9,2,2,0,0,15,6,0,12,5,2,1,1,2,45,2,1,2,1,20,3,1,1,0,0,10,9,10,16,10,32,0,0,0,0,1,7,0,130952,3100,2009,46,OLD PEACHTREE RD,JAMI HOLLOW WAY,0000000,34.03742222,-83.96539444,2,1
13,135,10,27,10,7,1,1,0,0,15,4,0,43,0,1,6,1,2,50,1,1,2,2,0,0,1,2,0,0,10,7,10,18,10,52,0,0,0,0,1,3,0,130953,0,2009,25,HANILTON MILL RD,99999999999999999999,0000000,34.09460556,-83.94402222,1,2
13,89,10,28,6,7,2,3,0,1,11,1,0,12,5,1,1,3,4,55,1,1,2,2,0,0,2,1,0,0,88,88,88,88,88,88,0,0,0,0,1,4,0,130954,0,2009,74,I-85,99999999999999999999,0000000,33.89490833,-84.25464444,2,1
13,135,10,30,14,45,2,3,0,0,14,3,0,12,5,2,1,1,2,45,1,1,2,2,20,3,1,2,0,0,14,45,15,4,15,30,0,0,0,0,1,6,1,130955,1470,2009,49,SR-324,BELFAIRE TRACE,0000000,34.03948611,-83.91582778,2,2
13,135,10,30,20,21,1,2,1,0,16,4,0,8,0,2,1,3,2,45,1,1,2,2,3,3,3,2,0,0,88,88,88,88,88,88,0,0,0,0,1,6,0,130956,1810,2009,99,SUGARLOAF PKWY,MEADOW CHURCH RD,0000000,33.99473611,-84.09169444,1,2
13,257,10,30,7,16,2,3,0,0,2,3,0,18,0,1,1,1,2,55,1,2,2,1,0,0,2,1,0,0,7,18,7,24,8,12,0,0,0,0,1,6,0,130957,0,2009,27,SR-17,99999999999999999999,0000000,34.50754722,-83.21019167,2,1
13,135,11,1,20,33,1,1,0,0,14,3,0,42,0,1,6,1,2,45,2,2,2,1,0,0,2,1,0,0,20,37,20,41,21,9,0,0,0,0,1,1,0,130958,1470,2009,68,SR-324,99999999999999999999,0000000,34.02789167,-83.88299722,1,1
13,59,11,4,4,4,2,2,0,1,13,3,0,12,5,2,1,2,2,55,1,2,2,1,3,3,2,1,0,0,4,11,4,20,99,99,0,0,0,0,1,4,1,130959,270,2009,77,SR-8,SR-72,0000000,33.99301111,-83.33880833,2,1
13,55,10,29,8,3,2,4,0,1,2,3,0,1,0,1,1,1,5,35,2,2,2,1,20,3,1,1,0,0,8,4,8,5,8,49,0,0,0,0,1,5,0,130960,5260,2009,111,SR-1,99999999999999999999,0000000,34.49269167,-85.33754722,2,1
13,159,10,29,14,44,1,3,0,0,6,4,0,5,0,1,1,1,2,35,1,2,2,1,0,0,1,1,0,0,14,44,14,55,88,88,0,0,0,0,1,5,0,130961,0,2009,99999,LAWSON DR,99999999999999999999,0000000,,,1,1
13,221,10,29,0,37,1,1,0,0,3,3,0,37,0,1,6,1,2,55,1,2,2,1,0,0,2,1,0,0,0,37,0,46,88,88,0,0,0,0,1,5,0,130962,0,2009,212,SR-77,99999999999999999999,0000000,33.89086667,-83.038875,1,1
13,51,10,30,20,55,1,1,0,0,15,6,0,34,0,1,6,1,2,30,1,1,2,1,20,3,3,1,0,0,20,55,21,0,88,88,0,0,0,0,1,6,1,130963,4475,2009,10,GRANGE RD,99999999999999999999,0000000,32.13526667,-81.17332222,1,1
13,231,10,30,15,52,3,8,0,0,4,4,0,12,1,1,1,1,2,50,1,3,2,2,0,0,1,1,0,0,15,52,16,1,17,23,0,0,0,0,1,6,0,130964,0,2009,10,WILLIAMSON ZEBULON R,99999999999999999999,0000000,33.12340833,-84.345025,3,1
13,121,10,31,1,39,3,4,0,0,14,4,0,12,1,2,1,1,2,45,1,2,2,2,0,0,2,2,0,0,1,39,1,44,2,19,0,0,0,0,1,7,1,130965,0,2009,85,BUTNER RD,ALDREDGE RD,0000000,33.66090556,-84.55372222,3,2
13,121,10,31,3,46,2,4,0,0,13,3,0,12,2,1,1,1,2,45,2,2,2,1,0,0,2,1,0,0,3,50,3,58,5,9,0,0,0,0,1,7,0,130966,5640,2009,104,SR-14 ALT,99999999999999999999,0000000,33.60107222,-84.54348611,2,1
13,123,6,27,9,44,1,1,0,0,6,4,0,24,0,1,4,1,2,25,2,1,5,1,0,0,1,1,0,0,9,44,9,51,88,88,0,0,0,0,1,7,0,130967,0,2009,99999,OWLTOWN RD,99999999999999999999,0000000,,,1,1
13,123,8,12,9,12,1,1,0,0,4,3,0,37,0,1,6,1,2,55,1,2,2,2,0,0,1,2,0,0,88,88,88,88,88,88,0,0,0,0,1,4,0,130968,0,2009,99999,SR-52,99999999999999999999,0000000,,,1,2
13,97,10,3,21,57,1,2,0,0,6,4,0,42,0,1,6,1,2,35,2,2,2,1,0,0,2,1,0,0,21,57,22,7,23,4,0,0,0,0,1,7,0,130969,0,2009,0,MANN RD,99999999999999999999,0000000,33.75363889,-84.84290556,1,1
13,245,10,4,23,27,1,2,0,1,11,1,0,34,0,1,6,2,2,55,1,1,1,2,0,0,2,2,0,1,23,28,23,36,0,7,0,0,0,0,1,1,0,130970,310,2009,35,I-20,99999999999999999999,0000000,33.50579722,-82.05400833,1,2
13,185,10,7,22,50,1,1,0,0,6,4,0,34,0,1,6,1,2,55,2,1,2,1,5,3,2,1,0,0,88,88,88,88,88,88,0,0,0,0,1,4,1,130971,0,2009,24,OLD NAYLOR RD,99999999999999999999,0000000,30.84546389,-83.13245,1,1
13,97,10,12,9,58,2,2,0,1,1,1,0,12,5,1,1,2,3,70,1,2,2,2,0,0,1,2,0,0,10,1,10,10,88,88,0,0,0,0,1,2,0,130972,0,2009,43,I-20,99999999999999999999,0000000,,,2,2
13,31,10,31,11,26,2,2,0,1,2,3,0,12,2,2,1,1,5,45,1,3,2,1,3,3,1,1,0,0,11,26,11,32,11,41,0,0,0,0,1,7,0,130973,0,2009,162,SR-67,BURKHALTER RD,0000000,32.39766389,-81.7565,2,1
13,243,11,1,16,50,3,3,0,0,2,3,0,12,5,2,1,2,2,55,1,1,2,1,20,3,1,1,0,0,16,51,16,54,17,5,0,0,0,0,1,1,0,130974,0,2009,97,SR-1,SR-216,0000000,31.74853333,-84.78645,3,1
13,117,11,2,16,40,2,2,0,0,14,4,0,12,5,2,1,1,2,50,1,1,2,1,20,3,1,1,0,0,88,88,88,88,88,88,1,0,0,0,1,2,0,130975,0,2009,6,DR BRAMBLETT RD,SPOT RD,0000000,34.24565278,-84.17029444,2,1
13,185,11,4,10,56,1,1,0,0,6,4,0,42,0,1,2,1,2,50,1,1,2,1,0,0,1,1,0,0,10,56,11,11,11,44,0,0,0,0,1,4,0,130976,0,2009,15,MCMILLAN RD,99999999999999999999,0000000,30.95514444,-83.303425,1,1
13,163,11,6,20,27,1,4,0,0,4,4,0,1,0,1,2,1,2,55,1,2,2,1,0,0,2,1,0,0,20,55,21,17,21,19,0,20,0,0,1,6,1,130977,0,2009,1,MIDDLEGROUND RD,99999999999999999999,0000000,33.06120833,-82.34143611,1,1
13,67,11,7,21,30,3,10,0,0,14,3,0,12,9,3,1,1,5,45,1,2,2,1,3,3,2,1,0,0,21,36,21,36,22,13,0,0,0,0,1,7,1,130978,0,2009,94,SR-280,SR-5,0000000,33.91875556,-84.54934444,3,1
13,13,11,10,1,39,3,4,0,1,2,3,0,12,5,2,1,2,2,65,1,1,1,2,3,3,2,2,0,0,1,39,1,47,2,35,0,0,0,0,1,3,0,130979,0,2009,48,SR-316,LOGANVILLE HWY,0000000,33.94604722,-83.75414444,3,2
13,241,11,10,18,50,2,4,0,0,4,4,0,12,2,1,1,1,2,45,1,2,2,2,0,0,2,2,0,0,18,52,19,2,20,6,0,0,0,0,1,3,0,130980,0,2009,102,BRIDGE CREEK RD,99999999999999999999,0000000,34.79746944,-83.53115556,2,2
13,121,11,12,2,46,1,2,0,0,15,6,0,18,0,1,6,1,2,35,2,2,2,2,0,0,3,1,0,0,2,46,2,51,3,5,0,20,0,0,1,5,0,130981,280,2009,6,PACES FERRY RD,99999999999999999999,0000000,33.85703333,-84.4436,1,1
13,209,11,12,7,35,1,1,0,0,4,6,0,42,0,1,6,1,2,55,1,1,2,1,0,0,1,1,0,0,88,88,88,88,88,88,0,0,0,0,1,5,0,130982,3840,2009,99999,MT VERNON ALSTON RD,99999999999999999999,0000000,,,1,1
13,207,11,13,21,14,2,2,0,1,1,1,0,12,1,1,1,3,5,70,1,1,2,1,0,0,3,1,0,0,21,14,21,23,22,17,0,0,0,0,1,6,1,130983,0,2009,195,I-75,99999999999999999999,0000000,33.07485833,-83.98114444,2,1
13,179,11,14,16,22,4,5,0,0,19,3,0,12,2,2,1,1,3,40,1,1,2,1,20,3,1,1,0,0,16,22,16,28,16,52,0,14,0,0,1,7,0,130984,2730,2009,99999,SR-196,PINELAND AVE,0000000,31.82674167,-81.62101389,4,1
13,31,11,16,7,59,1,1,0,0,4,4,0,53,0,1,4,1,2,35,2,1,2,1,0,0,1,1,0,0,8,3,8,14,8,38,0,0,0,0,1,2,0,130985,4577,2009,75,KENNEDY BRIDGES RD,99999999999999999999,0000000,32.35069167,-81.89228333,1,1
13,67,7,10,3,33,1,2,1,0,14,4,0,8,0,1,1,5,5,40,1,2,2,1,0,0,3,1,0,0,3,33,3,40,4,9,0,0,0,0,1,6,0,130986,3440,2009,99999,POWDER SPRINGS ST,99999999999999999999,0000000,33.93828611,-84.55393611,1,1
13,89,8,13,5,40,2,2,0,0,14,4,0,12,2,1,1,1,2,45,1,2,2,1,0,0,3,1,0,0,5,44,5,48,6,33,0,0,0,0,1,5,0,130987,0,2009,37,KLONDIKE RD,99999999999999999999,0000000,33.65001111,-84.12551111,2,1
13,63,9,23,20,39,3,3,0,0,13,3,0,12,2,2,1,2,2,55,1,1,2,1,3,3,2,1,0,0,20,39,20,43,21,36,0,0,0,0,1,4,0,130988,0,2009,12,SR-85,WEBB RD,0000000,33.53370278,-84.41903056,3,1
13,89,9,27,13,5,1,2,1,0,14,4,0,8,0,3,1,1,4,45,9,9,2,1,0,0,1,1,0,0,13,5,13,15,13,55,0,0,0,0,1,1,0,130989,0,2009,44,CHAMBLEE TUCKER RD,MENLO DR,0000000,33.87533333,-84.21814444,1,1
13,217,9,30,10,16,2,2,0,0,16,4,0,12,5,2,1,1,2,55,1,3,2,1,20,3,1,1,0,0,10,16,10,23,11,33,0,0,0,0,1,4,0,130990,0,2009,3,ACCESS RD,ALMON RD OVERPASS,0000000,33.62768056,-83.94818611,2,1
13,97,10,1,22,27,2,2,0,1,11,1,0,1,0,1,1,3,3,60,1,1,2,1,0,0,3,1,0,0,22,28,22,32,23,1,0,0,0,0,1,5,1,130991,0,2009,156,I-20,99999999999999999999,0000000,33.71896667,-84.83001111,2,1
13,151,10,1,14,39,2,2,0,0,14,4,0,12,1,3,1,1,4,45,1,1,2,1,3,3,1,1,0,0,14,39,14,46,15,16,0,0,0,0,1,5,0,130992,0,2009,30,FAIRVIEW RD,PANOLA RD,0000000,33.62060556,-84.23593333,2,1
13,145,10,3,12,22,2,4,2,1,1,1,0,14,1,1,2,3,2,70,1,2,2,1,0,0,1,1,0,0,12,22,12,30,13,22,0,0,0,0,1,7,0,130993,2550,2009,94,I-185,99999999999999999999,0000000,,,1,1
13,145,10,4,14,34,1,1,0,0,6,4,0,33,0,3,3,3,2,55,2,1,2,1,0,0,1,1,0,0,14,34,14,45,15,7,0,0,0,0,1,1,0,130994,0,2009,33,WHITESVILLE RD,BURNT HICKORY WAY,0000000,32.61924444,-84.98443056,1,1
13,89,10,7,21,37,2,2,0,0,15,4,0,12,2,2,1,1,4,45,1,2,2,1,0,0,2,1,0,0,21,41,21,47,22,52,0,0,0,0,1,4,0,130995,0,2009,33,WESLEY CHAPEL RD,JOHN WESLEY DR,0000000,33.72958611,-84.21415278,2,1