STATE,COUNTY,MONTH,DAY,HOUR,MINUTE,VE_TOTAL,PERSONS,PEDS,NHS,ROAD_FNC,ROUTE,SP_JUR,HARM_EV,MAN_COLL,REL_JUNC,REL_ROAD,TRAF_FLO,NO_LANES,SP_LIMIT,ALIGNMNT,PROFILE,PAVE_TYP,SUR_COND,TRA_CONT,T_CONT_F,LGT_COND,WEATHER1,WEATHER2,WRK_ZONE,NOT_HOUR,NOT_MIN,ARR_HOUR,ARR_MIN,HOSP_HR,HOSP_MN,SCH_BUS,CF1,CF2,CF3,FATALS,DAY_WEEK,DRUNK_DR,ST_CASE,CITY,YEAR,MILEPT,TWAY_ID,TWAY_ID2,RAIL,LATITUDE,LONGITUD,VE_FORMS,WEATHER
13,21,10,10,19,50,1,2,1,0,14,6,0,8,0,2,1,1,4,35,1,1,1,1,0,0,3,1,0,0,19,52,19,54,20,9,0,0,0,0,1,7,0,130996,3390,2009,1,ANTHONY RD,LINCOLN ST,0000000,32.82008056,-83.65949444,1,1
13,271,10,11,15,20,2,7,0,1,2,3,0,12,2,1,1,1,2,55,1,3,2,1,0,0,1,1,0,0,15,28,15,50,16,11,0,0,0,0,1,1,0,130997,0,2009,48,SR-31,99999999999999999999,0000000,,,2,1
13,185,10,12,0,15,2,2,0,1,1,1,0,12,1,1,1,3,3,70,1,2,2,1,0,0,2,1,0,0,0,21,0,28,1,6,0,0,0,0,1,2,0,130998,0,2009,99999,I-75,99999999999999999999,0000000,30.70186389,-83.24516667,2,1
13,283,10,15,18,28,1,1,0,0,4,3,0,1,0,1,1,1,2,55,1,1,2,1,0,0,1,1,0,0,99,99,99,99,99,99,0,0,0,0,1,5,0,130999,5100,2009,16,SR-199 SP,99999999999999999999,0000000,,,1,1
13,101,10,16,20,59,1,1,0,0,4,3,0,35,0,1,6,1,2,55,2,1,2,1,0,0,2,1,0,0,88,88,88,88,88,88,0,0,0,0,1,6,1,131000,0,2009,138,SR-94,99999999999999999999,0000000,,,1,1
13,161,10,25,19,57,1,1,0,0,9,4,0,34,0,1,6,1,2,55,2,1,2,1,0,0,2,1,0,0,88,88,88,88,88,88,0,99,99,99,1,1,1,131001,2630,2009,99999,MCEACHIN LANDING RD,99999999999999999999,0000000,,,1,1
13,33,11,5,18,5,1,3,1,0,4,3,0,9,0,1,1,1,2,55,1,1,2,1,0,0,2,1,0,0,18,5,18,14,88,88,0,0,0,0,1,5,0,131002,0,2009,297,SR-24,99999999999999999999,0000000,33.05496944,-82.16011667,1,1
13,255,11,8,10,35,1,1,0,0,3,3,0,24,0,1,4,1,2,55,1,1,2,1,0,0,1,1,0,0,99,99,99,99,99,99,0,0,0,0,1,1,0,131003,0,2009,85,SR-92,99999999999999999999,0000000,,,1,1
13,175,11,26,16,20,2,3,0,0,5,4,0,12,11,8,1,1,2,55,1,3,2,1,0,0,1,1,0,0,16,21,16,33,16,53,0,0,0,0,1,5,0,131004,0,2009,99999,BREWTON LOVETT RD,99999999999999999999,0000000,,,2,1
13,21,11,28,17,5,2,4,0,1,11,1,0,12,7,1,1,2,3,65,1,1,1,1,0,0,1,1,0,1,88,88,88,88,88,88,0,0,0,0,1,7,0,131005,0,2009,21,I-75,99999999999999999999,0000000,32.730975,-83.72499444,2,1
13,217,11,28,14,51,1,3,0,0,14,3,0,42,0,1,6,1,2,35,2,2,2,1,0,0,1,1,0,0,14,51,15,0,15,32,0,0,0,0,1,7,0,131006,0,2009,5,SR-162 CO,99999999999999999999,0000000,33.55389444,-83.90951944,1,1
13,157,12,2,11,3,2,2,0,0,14,3,0,12,5,2,1,1,2,55,2,2,2,2,0,0,1,2,0,0,11,3,11,8,12,29,0,0,0,0,1,4,0,131007,670,2009,2,SR-211,RIVERVIEW PKWY,0000000,,,2,2
13,179,12,2,15,40,2,3,0,0,3,3,0,12,5,2,1,1,2,55,1,2,2,2,20,3,1,2,0,1,15,40,15,59,16,52,0,0,0,0,2,4,0,131008,0,2009,179,SR-25,SR-196,0000000,31.87938056,-81.39523611,2,2
13,133,12,3,16,29,1,1,0,0,3,3,0,34,0,1,6,1,2,55,1,1,2,1,0,0,1,1,0,0,16,31,16,36,16,57,0,0,0,0,1,5,0,131009,2490,2009,59,SR-44,99999999999999999999,0000000,33.55373333,-83.19860556,1,1
13,179,12,3,2,26,6,6,0,0,3,3,0,34,0,1,4,5,5,55,1,2,2,2,0,0,2,1,0,0,2,26,2,33,3,25,0,14,0,0,1,5,0,131010,0,2009,142,SR-38,99999999999999999999,0000000,31.809475,-81.49345,6,1
13,129,11,1,19,51,2,4,0,0,3,3,0,13,2,1,1,2,2,55,1,2,2,1,0,0,2,1,0,0,19,51,20,1,20,32,0,0,0,0,1,1,0,131011,0,2009,45,SR-53,99999999999999999999,0000000,,,2,1
13,269,11,1,1,0,1,2,0,0,5,4,0,31,0,1,6,1,2,55,2,1,2,1,0,0,2,1,0,0,1,0,1,16,2,11,0,0,0,0,1,1,1,131012,0,2009,16,GEN JOHN B GORDON RD,99999999999999999999,0000000,,,1,1
13,139,11,4,14,37,2,2,0,0,4,3,0,12,2,2,1,1,2,55,1,1,2,1,0,0,1,1,0,0,14,38,14,41,15,11,0,0,0,0,1,4,0,131013,0,2009,40,SR-52,BETHEL RD,0000000,34.44853889,-83.80763889,2,1
13,139,11,5,2,22,2,2,0,1,13,3,0,42,0,1,6,1,2,55,2,2,2,1,0,0,2,1,0,0,2,23,2,33,4,15,0,0,0,0,1,5,1,131014,0,2009,181,SR-11,99999999999999999999,0000000,34.39621667,-83.80403333,1,1
13,313,11,5,21,24,1,2,1,0,14,3,0,8,0,2,1,1,2,55,1,1,2,1,0,0,2,1,0,0,21,25,21,32,21,56,0,0,0,0,1,5,0,131015,5692,2009,46,SR-2,RURITAN DR,0000000,34.89473056,-84.942125,1,1
13,15,11,6,23,20,1,1,0,0,4,3,0,38,0,1,6,1,2,55,2,2,2,1,0,0,2,1,0,0,23,20,23,32,0,20,0,0,0,0,1,6,0,131016,0,2009,90,SR-140,99999999999999999999,0000000,34.38759167,-84.85571667,1,1
13,217,11,6,19,18,1,2,1,0,13,4,0,8,0,1,1,1,2,55,1,2,2,1,0,0,2,1,0,0,19,18,19,31,88,88,0,0,0,0,1,6,0,131017,0,2009,33,COVINGTON BYPASS,99999999999999999999,0000000,33.56131667,-83.90125833,1,1
13,55,11,7,19,16,2,2,0,0,5,4,0,14,8,1,6,1,2,55,1,1,2,1,0,0,2,1,0,0,19,17,19,32,20,42,0,0,0,0,1,7,0,131018,0,2009,99999,JOHNSON CEMETERY RD,99999999999999999999,0000000,34.34566944,-85.44728333,1,1
13,11,11,8,15,16,1,1,0,0,5,4,0,42,0,1,6,1,2,55,2,1,2,1,0,0,1,1,0,0,15,18,15,26,15,42,0,0,0,0,1,1,0,131019,0,2009,16,CARSON SEGARS RD,99999999999999999999,0000000,34.31244444,-83.58406944,1,1
13,133,11,8,0,3,1,1,0,0,4,4,0,42,0,1,6,1,2,55,2,2,2,1,0,0,2,1,0,0,0,3,0,20,88,88,0,0,0,0,1,1,1,131020,0,2009,40,LIBERTY CHURCH RD,99999999999999999999,0000000,33.43274722,-83.13933889,1,1
13,57,11,9,15,59,1,2,1,0,14,6,0,9,0,8,1,1,2,40,1,2,2,1,0,0,1,1,0,0,88,88,88,88,88,88,0,16,0,0,1,2,0,131021,6040,2009,99999,MAIN ST,99999999999999999999,0000000,34.08603889,-84.519475,1,1
13,123,11,9,6,42,2,2,0,1,2,3,0,12,5,2,1,2,2,65,1,2,2,1,0,0,2,1,0,0,6,42,6,48,7,22,0,0,0,0,1,2,0,131022,2000,2009,84,SR-5,HIGHLAND CROSSING,0000000,34.66475278,-84.48825278,2,1
13,51,11,10,0,2,1,2,0,1,13,1,0,37,0,1,6,2,2,50,1,1,1,1,0,0,3,1,0,0,0,12,0,15,0,44,0,0,0,0,1,3,0,131023,0,2009,99999,I-516,99999999999999999999,0000000,32.04067778,-81.1459,1,1
13,89,11,10,18,25,1,2,1,0,14,4,0,8,0,1,1,1,2,45,1,1,2,2,0,0,2,2,0,0,18,35,18,45,88,88,0,0,0,0,1,3,0,131024,0,2009,55,N DECATUR RD,99999999999999999999,0000000,,,1,2
13,103,11,10,18,17,2,3,0,0,3,3,0,12,1,1,1,1,2,55,1,1,2,2,0,0,2,2,0,0,18,17,18,21,88,88,0,0,0,0,1,3,0,131025,5130,2009,103,SR-21,99999999999999999999,0000000,32.351125,-81.292025,2,2
13,121,11,10,8,41,1,1,0,0,14,6,0,30,0,1,6,1,2,35,1,1,2,2,0,0,1,2,0,0,8,41,9,0,9,30,0,0,0,0,1,3,0,131026,280,2009,6,SYLVAN RD,99999999999999999999,0000000,33.71703889,-84.41809722,1,2
13,67,11,13,19,4,1,7,1,0,16,4,0,8,0,1,1,1,2,40,1,2,2,1,0,0,3,1,0,0,19,4,19,6,19,33,0,0,0,0,1,6,0,131027,0,2009,28,SIX FLAGS DR,99999999999999999999,0000000,33.77442222,-84.55251944,1,1
13,151,11,13,17,12,2,2,0,0,13,3,0,12,5,2,1,1,2,55,1,1,2,1,20,3,5,1,0,0,17,12,17,20,18,12,0,0,0,0,1,6,0,131028,0,2009,135,SR-81,STEEPLECHASE DR,0000000,33.43285556,-84.11231389,2,1
13,31,11,14,1,48,2,7,1,1,13,6,0,8,0,2,1,1,2,45,1,1,2,1,0,0,3,1,0,0,1,50,1,56,88,88,0,0,0,0,1,7,0,131029,5170,2009,20,VETERANS MEMORIAL PK,OLD REGISTER RD,0000000,32.41384167,-81.79574444,2,1
13,47,11,15,7,58,1,1,0,0,14,3,0,37,0,1,6,1,2,55,2,2,1,1,0,0,1,1,0,0,7,58,8,6,88,88,0,0,0,0,1,1,0,131030,0,2009,95,SR-3,99999999999999999999,0000000,34.95410833,-85.15084444,1,1
13,129,11,15,13,55,1,1,0,0,3,3,0,32,0,1,6,1,2,45,2,3,2,1,0,0,1,1,0,0,13,55,14,1,14,25,0,0,0,0,1,1,0,131031,0,2009,71,SR-225,99999999999999999999,0000000,34.60126389,-84.86696111,1,1
13,51,11,16,22,43,1,2,1,1,13,6,0,8,0,1,1,3,3,45,1,1,2,1,0,0,2,1,0,0,88,88,88,88,88,88,0,0,0,0,1,2,0,131032,4910,2009,156,ABERCORN ST,99999999999999999999,0000000,31.98146944,-81.16585556,1,1
13,51,11,17,15,25,1,2,0,0,4,3,0,1,0,1,1,3,2,45,1,1,2,1,0,0,1,1,0,0,15,26,15,29,99,99,0,0,0,0,1,3,0,131033,0,2009,83,SR-204,99999999999999999999,0000000,32.00469167,-81.28299167,1,1
13,89,11,17,8,56,4,5,0,0,14,4,0,12,7,1,1,1,2,45,1,1,2,1,0,0,1,1,0,0,8,56,9,5,9,45,0,0,0,0,1,3,0,131034,0,2009,37,MEMORIAL DR,99999999999999999999,0000000,33.74759167,-84.28389167,4,1
13,97,11,18,20,8,2,4,0,0,14,6,0,12,5,1,1,1,2,45,1,2,2,1,0,0,3,1,0,0,20,8,20,12,21,1,0,0,0,0,1,4,0,131035,1770,2009,54,CHAPEL HILL RD,99999999999999999999,0000000,33.72173333,-84.72518889,2,1
13,25,11,19,18,53,1,1,0,0,6,4,0,42,0,2,6,1,2,35,1,1,8,1,0,0,2,1,0,0,18,53,18,54,19,53,0,0,0,0,1,5,1,131036,0,2009,99999,WAYNESVILLE RD,BUSTER WALKER RD,0000000,,,1,1
13,87,11,20,10,10,1,2,1,1,2,6,0,9,0,1,1,1,2,45,1,1,2,1,0,0,1,1,0,0,10,10,10,13,88,88,0,0,0,0,1,6,0,131037,370,2009,99999,DOTHAN RD,99999999999999999999,0000000,,,1,1
13,135,11,21,18,32,1,3,1,0,14,3,0,8,0,1,1,3,3,50,1,1,2,1,0,0,3,1,0,0,88,88,88,88,88,88,0,0,0,0,1,7,0,131038,0,2009,23,SR-141,99999999999999999999,0000000,33.95099722,-84.23460278,1,1
13,151,11,21,23,15,2,5,1,1,11,1,0,8,0,1,1,3,3,65,1,2,1,1,0,0,2,1,0,0,23,15,23,25,88,88,0,0,0,0,1,7,0,131039,0,2009,200,I-75,99999999999999999999,0000000,33.54523889,-84.27376389,2,1
13,135,11,23,19,51,2,2,0,1,11,1,0,12,1,1,1,3,2,70,1,2,1,1,0,0,2,1,0,0,19,51,19,58,88,88,0,0,0,0,1,2,0,131040,800,2009,45,I-985,99999999999999999999,0000000,34.10036389,-83.98532778,2,1
13,147,11,23,15,58,1,2,0,1,2,3,0,42,0,1,6,1,2,55,1,2,2,1,0,0,1,1,0,0,16,1,16,11,17,19,0,0,0,0,1,2,0,131041,0,2009,26,SR-17,99999999999999999999,0000000,34.25445,-83.08846111,1,1
13,135,11,29,20,53,1,3,0,0,15,4,0,32,0,1,6,1,2,40,2,2,2,1,0,0,2,1,0,0,20,53,21,0,21,40,0,0,0,0,1,1,0,131042,800,2009,34,S BOGAN RD,99999999999999999999,0000000,34.09123056,-83.97835556,1,1
13,135,12,3,19,28,1,5,1,0,15,4,0,8,0,2,1,1,2,45,1,2,2,1,0,0,3,1,0,0,88,88,88,88,88,88,0,0,0,0,1,5,0,131043,0,2009,18,NEW HOPE RD,BERNICE DR,0000000,33.933425,-83.95724167,1,1
13,135,12,6,6,43,1,1,0,0,16,4,0,33,0,2,6,1,2,35,2,1,2,1,0,0,2,1,0,0,6,43,6,52,7,16,0,0,0,0,1,1,0,131044,3158,2009,31,ARCADO RD,LOCKING DR,0000000,33.87462778,-84.13725,1,1
13,223,11,16,5,39,1,1,0,0,14,3,0,34,0,1,5,1,2,45,1,2,2,1,0,0,2,1,0,0,5,39,5,49,88,88,0,0,0,0,1,2,0,131045,0,2009,37,SR-360,99999999999999999999,0000000,33.90465278,-84.73023056,1,1
13,31,11,17,10,8,2,2,0,0,3,3,0,12,5,2,1,1,2,55,1,1,2,1,20,3,1,1,0,0,10,8,10,11,88,88,0,0,0,0,1,3,0,131046,0,2009,315,SR-26,ARCOLA RD,0000000,32.33533611,-81.60389167,2,1
13,67,11,18,22,45,3,3,0,0,14,4,0,12,7,1,1,5,5,45,1,2,2,1,0,0,3,1,0,0,22,45,22,51,88,88,0,0,0,0,1,4,1,131047,0,2009,28,CANTON RD,99999999999999999999,0000000,34.04179722,-84.52906667,3,1
13,121,11,19,8,3,4,8,0,0,13,3,0,12,2,1,1,1,4,45,1,2,2,1,0,0,1,1,0,0,8,6,8,14,8,39,0,14,0,0,1,5,0,131048,4790,2009,128,SR-140,99999999999999999999,0000000,33.98011111,-84.26736944,4,1
13,97,11,20,21,19,2,6,0,0,14,4,0,12,5,2,1,1,2,35,1,1,2,1,20,3,2,1,0,1,21,22,21,23,21,41,0,0,0,0,1,6,0,131049,1770,2009,5,PRESTLEY MILL RD,TIMBER RIDGE DR,0000000,33.73667222,-84.72868611,2,1
13,121,11,21,3,10,2,5,0,1,11,1,0,12,2,1,1,3,4,50,1,1,2,1,0,0,3,1,0,0,99,99,99,99,99,99,0,0,0,0,1,7,1,131050,280,2009,66,I-20,99999999999999999999,0000000,33.7467,-84.430275,2,1
13,89,11,22,4,30,1,2,1,1,11,1,0,8,0,1,1,3,3,65,1,1,2,1,0,0,2,1,0,0,4,32,4,45,88,88,0,0,0,0,1,1,0,131051,0,2009,144,I-20,99999999999999999999,0000000,33.70401111,-84.13265833,1,1
13,129,11,24,14,44,3,4,0,0,13,3,0,12,2,1,1,1,3,55,2,2,2,1,0,0,1,1,0,0,14,45,14,49,15,10,0,0,0,0,1,3,0,131052,0,2009,107,SR-53,99999999999999999999,0000000,34.46095833,-84.90944722,3,1
13,137,11,25,6,17,1,1,0,0,4,3,0,42,0,1,4,1,2,45,2,2,2,1,0,0,2,1,0,0,6,20,6,26,88,88,0,0,0,0,1,4,0,131053,0,2009,32,SR-385,99999999999999999999,0000000,,,1,1
13,139,11,28,2,4,1,1,0,0,6,4,0,42,0,1,4,1,2,45,2,1,2,1,0,0,2,1,0,0,2,4,2,16,88,88,0,0,0,0,1,7,1,131054,0,2009,17,GLADE FARM RD,99999999999999999999,0000000,34.42043333,-83.73787778,1,1
13,223,11,15,4,17,1,1,0,0,4,4,0,1,0,1,2,1,2,45,2,2,2,1,0,0,2,1,0,0,4,21,4,40,5,2,0,0,0,0,1,1,0,131055,0,2009,34,BRASWELL MTN RD,99999999999999999999,0000000,34.00204722,-84.91483333,1,1
13,313,11,22,1,27,1,1,0,0,4,3,0,32,0,1,4,1,2,55,2,2,2,1,0,0,2,1,0,0,1,27,1,40,88,88,0,0,0,0,1,1,0,131056,0,2009,10,SR-201,99999999999999999999,0000000,34.73552778,-85.10548333,1,1
13,185,11,26,17,42,1,1,0,0,6,4,0,34,0,1,4,1,2,45,1,1,2,1,0,0,2,1,0,0,88,88,88,88,88,88,0,0,0,0,1,5,0,131057,0,2009,95,BORING POND RD,99999999999999999999,0000000,30.82023889,-83.20648056,1,1
13,121,11,28,7,30,1,1,0,1,11,1,0,24,0,1,4,3,4,55,1,1,2,1,0,0,1,1,0,0,7,30,7,35,88,88,0,0,0,0,1,7,0,131058,1900,2009,18,I-285,99999999999999999999,0000000,33.64920833,-84.49741667,1,1
13,89,11,30,10,5,1,1,0,0,15,4,0,27,0,1,4,1,2,35,2,2,1,1,0,0,1,1,0,0,10,20,10,30,10,50,0,0,0,0,1,2,0,131059,0,2009,19,N SHALLOWFORD RD,99999999999999999999,0000000,33.91417778,-84.3014,1,1
13,255,12,1,5,0,1,1,0,0,13,3,0,25,0,2,3,3,3,45,1,1,2,1,0,0,3,1,0,0,5,1,5,9,5,53,0,0,0,0,1,3,0,131060,0,2009,12,SR-92,SR-3,0000000,33.27441389,-84.2958,1,1
13,89,12,6,22,20,1,1,0,0,15,4,0,42,0,1,5,1,2,45,2,2,2,1,0,0,2,1,0,0,22,32,22,35,23,35,0,0,0,0,1,1,0,131061,0,2009,0,ROCKLAND RD,99999999999999999999,0000000,33.67706944,-84.09062222,1,1
13,121,12,6,19,16,2,4,0,1,11,1,0,12,1,1,1,3,6,55,1,2,2,1,0,0,2,1,0,0,19,17,19,17,19,40,0,23,0,0,1,1,0,131062,280,2009,118,I-75,99999999999999999999,0000000,33.80175833,-84.40240278,2,1
13,73,12,8,21,36,1,1,0,0,3,3,0,42,0,1,5,1,2,55,1,2,2,6,0,0,2,2,0,0,21,41,21,47,88,88,0,0,0,0,1,3,0,131063,0,2009,153,SR-104,99999999999999999999,0000000,33.60657778,-82.24659167,1,2
13,113,12,14,8,1,1,3,0,0,16,4,0,43,0,1,5,1,2,35,2,2,2,2,0,0,1,2,0,0,8,2,8,9,8,31,0,0,0,0,1,2,0,131064,0,2009,7,OLD FORD RD,99999999999999999999,0000000,33.535725,-84.47173056,1,2
13,51,12,23,1,42,1,1,0,0,13,3,0,1,0,1,4,1,4,35,1,1,2,1,0,0,3,1,0,0,1,43,1,45,2,30,0,0,0,0,1,4,0,131065,4910,2009,183,SR-26 / VICTORY DR,99999999999999999999,0000000,32.0527,-81.10264167,1,1
13,299,12,3,22,59,1,1,0,0,16,6,0,10,0,6,1,1,2,30,1,2,2,1,70,3,2,1,0,0,22,59,23,2,88,88,0,0,0,0,1,5,0,131066,5850,2009,1,SWEAT ST,99999999999999999999,637584H,31.19888889,-82.35366667,1,1
13,21,12,5,0,28,2,6,0,0,14,6,0,12,8,2,1,1,2,35,1,2,2,1,0,0,3,1,0,0,0,29,0,35,1,2,0,0,0,0,1,7,1,131067,3390,2009,4,LOG CABIN DR,SHERBROOKE DR,0000000,32.83894167,-83.69301111,2,1
13,89,12,5,0,43,1,5,1,0,15,4,0,8,0,2,1,1,2,35,1,2,2,1,3,3,3,1,0,0,0,44,0,49,0,57,0,0,0,0,1,7,0,131068,0,2009,5,HOUSTON MILL RD,MASON MILL RD,0000000,33.807625,-84.32081944,1,1
13,313,12,6,1,10,3,9,1,1,1,1,0,8,0,1,1,3,3,70,1,2,2,1,0,0,2,1,0,0,1,10,1,23,88,88,0,0,0,0,1,1,0,131069,0,2009,10,I-75,99999999999999999999,0000000,,,3,1
13,255,12,8,5,25,1,1,0,0,3,3,0,27,0,2,4,2,2,55,2,1,2,1,0,0,2,1,0,0,5,32,5,35,6,35,0,0,0,0,1,3,0,131070,2510,2009,104,SR-16,W POPLAR ST,0000000,33.23906389,-84.32096944,1,1
13,67,12,9,14,35,1,2,1,0,16,4,0,8,0,2,1,1,2,35,1,2,2,1,0,0,1,1,0,0,14,35,14,37,15,13,0,0,0,0,1,4,0,131071,0,2009,6,DAVIS RD,ABERDEEN CT,0000000,34.02949167,-84.46173056,1,1
13,275,12,9,22,32,1,1,0,0,6,3,0,33,0,1,6,1,2,99,1,1,2,2,0,0,3,2,0,0,22,33,22,37,22,57,0,0,0,0,1,4,0,131072,0,2009,99999,SR-84,99999999999999999999,0000000,,,1,2
13,313,12,10,21,38,2,2,0,0,5,4,0,12,2,1,1,1,2,50,2,2,2,1,0,0,2,1,0,0,21,41,21,50,23,16,0,0,0,0,1,5,1,131073,0,2009,19,COHUTTA BEAVERDALE R,99999999999999999999,0000000,34.94295833,-84.88638056,2,1
13,279,12,11,18,11,2,4,1,1,13,3,0,12,5,2,1,1,2,35,1,1,2,1,20,3,3,1,0,0,18,14,18,18,18,35,0,0,0,0,1,6,0,131074,0,2009,53,SR-130,JENKINS ST,0000000,32.22178611,-82.41061389,2,1
13,129,12,12,16,28,1,1,0,0,16,3,0,37,0,1,6,1,2,45,2,2,2,1,0,0,1,1,0,0,16,28,16,33,88,88,0,0,0,0,1,7,0,131075,0,2009,14,SR-61,99999999999999999999,0000000,34.47635,-84.89350278,1,1
13,231,12,14,17,43,1,7,0,0,4,3,0,27,0,1,2,1,2,55,2,3,2,6,0,0,5,2,0,0,17,43,17,55,18,56,0,0,0,0,1,2,0,131076,0,2009,73,SR-109,99999999999999999999,0000000,33.01454722,-84.42237778,1,2
13,289,12,14,13,52,2,3,0,0,6,4,0,12,5,1,1,1,2,55,2,1,2,2,0,0,1,1,0,0,13,52,14,15,14,57,0,0,0,0,1,2,0,131077,0,2009,99999,BULLARD RD,99999999999999999999,0000000,,,2,1
13,143,12,16,8,44,1,1,0,0,6,6,0,10,0,6,1,1,2,30,1,2,2,1,71,3,1,1,0,0,8,45,8,47,9,3,0,0,0,0,1,4,0,131078,690,2009,0,SEWELL RD,99999999999999999999,726692A,33.71655833,-85.15584444,1,1
13,161,12,16,3,50,1,1,0,0,3,3,0,1,0,1,6,1,2,55,1,1,2,1,0,0,2,1,0,0,88,88,88,88,88,88,0,0,0,0,1,4,1,131079,2630,2009,239,SR-135,99999999999999999999,0000000,,,1,1
13,211,12,16,15,33,2,3,0,1,2,3,0,12,2,1,1,1,2,45,2,3,2,1,0,0,1,1,0,0,15,33,16,22,17,2,0,0,0,0,1,4,0,131080,3400,2009,89,SR-24,99999999999999999999,0000000,33.65478056,-83.60359722,2,1
13,139,12,17,11,55,2,2,0,0,14,3,0,12,2,2,1,1,2,55,1,2,2,1,0,0,1,1,0,0,11,55,12,2,88,88,0,0,0,0,2,5,0,131081,0,2009,20,SR-13,FRAZER RD,0000000,34.15991944,-83.94979444,2,1
13,67,12,20,13,21,1,6,0,1,11,1,0,1,0,1,1,3,4,60,1,2,2,1,0,0,1,1,0,0,13,22,13,26,14,2,0,0,0,0,2,1,0,131082,0,2009,17,I-20,99999999999999999999,0000000,33.77438611,-84.57007222,1,1
13,89,12,22,10,33,2,2,0,0,13,6,0,12,5,1,1,1,2,45,1,1,2,1,0,0,1,1,0,0,10,33,10,40,11,17,0,0,0,0,1,3,0,131083,1060,2009,26,PEACHTREE RD,99999999999999999999,0000000,33.87828889,-84.32296389,2,1
13,89,12,22,18,48,1,2,1,0,14,3,0,8,0,1,1,1,2,45,1,1,2,1,0,0,3,1,0,0,18,57,19,5,19,53,0,0,0,0,1,3,0,131084,0,2009,108,SR-8,99999999999999999999,0000000,33.85705278,-84.20709444,1,1
13,89,12,25,2,35,1,1,0,1,11,1,0,24,0,1,6,3,4,55,1,1,1,2,0,0,2,2,0,0,2,42,2,44,88,88,0,0,0,0,1,6,0,131085,0,2009,79,I-285,99999999999999999999,0000000,33.86540833,-84.24872222,1,2
13,135,12,25,3,16,1,2,1,0,13,4,0,8,0,3,1,3,3,40,1,1,2,2,3,3,3,2,0,0,3,17,3,19,3,39,0,0,0,0,1,6,0,131086,3990,2009,31,JIMMY CARTER BLVD,LIVE OAK PKWY,0000000,33.90739444,-84.20625556,1,2
13,245,12,29,7,46,2,4,0,1,13,3,0,12,5,2,1,3,3,45,1,2,2,1,3,3,1,1,0,0,7,47,7,55,8,18,0,0,0,0,1,3,0,131087,310,2009,87,SR-10,BARTON CHAPEL RD,0000000,33.44751944,-82.085725,2,1
13,67,12,30,18,19,1,3,1,0,14,6,0,8,0,1,1,1,2,45,1,2,2,2,0,0,3,2,0,0,18,23,18,26,18,40,0,0,0,0,1,4,0,131088,3440,2009,66,COBB PKWY,99999999999999999999,0000000,33.94465833,-84.51713611,1,2
13,13,12,31,20,9,1,3,1,0,14,3,0,8,0,1,1,1,2,35,1,2,2,2,0,0,3,1,0,0,20,10,20,16,20,53,0,0,0,0,1,5,0,131089,5980,2009,134,SR-211,99999999999999999999,0000000,33.99286944,-83.72206389,1,1
13,121,3,31,7,41,2,4,0,0,14,3,0,12,2,2,1,1,4,35,1,3,2,1,3,3,1,1,0,0,7,41,7,47,9,0,0,0,0,0,1,3,0,131090,280,2009,41,SR-3 / METROPOLITAN,ST JOHNS AVE,0000000,33.69915556,-84.40798056,2,1
13,89,4,17,11,53,1,2,1,0,14,3,0,8,0,3,1,5,5,45,1,1,2,1,3,3,1,1,0,0,11,53,12,6,12,32,0,0,0,0,1,6,0,131091,0,2009,36,SR-12,SR-260,0000000,33.73681389,-84.21694167,1,1
13,89,4,25,14,0,2,2,0,0,14,3,0,12,5,8,1,5,5,45,1,1,2,1,0,0,1,1,0,0,14,5,14,15,14,50,0,0,0,0,1,7,0,131092,0,2009,62,SR-8,99999999999999999999,0000000,33.81716389,-84.267775,2,1
13,121,5,3,21,40,2,3,0,0,14,4,0,12,5,8,1,5,5,45,1,1,2,2,0,0,3,1,0,0,21,40,21,45,99,99,0,0,0,0,1,1,0,131093,0,2009,10,WASHINGTON RD,99999999999999999999,0000000,33.62291111,-84.49228889,2,1
13,175,7,30,11,52,1,1,0,1,1,1,0,34,0,1,4,2,2,70,1,2,1,1,0,0,1,1,0,0,11,54,12,10,13,37,0,0,0,0,1,5,0,131094,0,2009,312,I-16,99999999999999999999,0000000,32.437025,-82.70829722,1,1
13,207,8,1,23,11,1,1,0,1,1,1,0,24,0,1,2,2,4,65,1,3,1,1,0,0,3,1,0,0,23,14,23,23,23,59,0,0,0,0,1,7,0,131095,0,2009,47,I-75,99999999999999999999,0000000,32.96289167,-83.81772222,1,1
13,213,9,10,12,2,1,2,0,0,4,3,0,42,0,1,4,1,2,55,1,2,2,1,0,0,1,1,0,0,12,2,12,17,13,10,0,0,0,0,1,5,0,131096,0,2009,30,SR-2,99999999999999999999,0000000,34.9387,-84.79428333,1,1
13,113,10,24,18,45,2,2,0,0,3,3,0,12,5,2,1,1,2,55,1,1,2,1,20,3,1,1,0,0,18,45,18,53,19,46,0,0,0,0,1,7,0,131097,0,2009,9,SR-92,ANTIOCH RD,0000000,33.4018,-84.44222778,2,1
13,175,10,27,19,51,2,2,0,1,2,3,0,12,2,2,1,1,2,55,2,3,2,2,0,0,2,1,0,0,88,88,88,88,88,88,0,0,0,0,1,3,0,131098,1780,2009,75,SR-31,PURVIS RD,0000000,32.29286389,-82.90701667,2,1
13,149,11,3,2,30,1,2,0,0,3,3,0,1,0,1,6,1,3,55,1,2,2,1,0,0,3,1,0,0,2,53,3,18,99,99,0,0,0,0,1,3,1,131099,0,2009,149,SR-34,99999999999999999999,0000000,,,1,1