STATE,COUNTY,MONTH,DAY,HOUR,MINUTE,VE_TOTAL,PERSONS,PEDS,NHS,ROAD_FNC,ROUTE,SP_JUR,HARM_EV,MAN_COLL,REL_JUNC,REL_ROAD,TRAF_FLO,NO_LANES,SP_LIMIT,ALIGNMNT,PROFILE,PAVE_TYP,SUR_COND,TRA_CONT,T_CONT_F,LGT_COND,WEATHER1,WEATHER2,WRK_ZONE,NOT_HOUR,NOT_MIN,ARR_HOUR,ARR_MIN,HOSP_HR,HOSP_MN,SCH_BUS,CF1,CF2,CF3,FATALS,DAY_WEEK,DRUNK_DR,ST_CASE,CITY,YEAR,MILEPT,TWAY_ID,TWAY_ID2,RAIL,LATITUDE,LONGITUD,VE_FORMS,WEATHER
13,169,11,9,20,18,2,3,1,0,3,3,0,8,0,1,1,2,2,55,1,2,2,1,0,0,2,1,0,0,20,18,20,25,88,88,0,0,0,0,1,2,0,131100,0,2009,44,SR-11,99999999999999999999,0000000,32.94143056,-83.57962778,2,1
13,121,11,11,21,22,1,1,0,0,14,6,0,33,0,1,4,1,4,35,1,2,2,2,0,0,3,2,0,0,21,25,21,27,21,40,0,0,0,0,1,4,0,131101,1900,2009,2,CLEVELAND AVE,99999999999999999999,0000000,33.68140833,-84.42079167,1,2
13,207,11,12,20,15,2,2,0,1,1,1,0,12,1,1,1,3,4,65,1,1,2,1,0,0,2,1,0,0,20,24,20,27,21,1,0,23,0,0,1,5,0,131102,0,2009,51,I-75,99999999999999999999,0000000,32.97043611,-83.82488889,2,1
13,215,11,12,4,37,1,2,1,1,13,6,0,8,0,1,1,2,3,45,1,1,2,1,0,0,3,1,0,0,5,6,5,18,88,88,0,0,0,0,1,5,0,131103,1280,2009,19,VICTORY DR,99999999999999999999,0000000,32.44207778,-84.967725,1,1
13,121,11,15,2,31,3,6,0,0,14,3,0,33,0,1,4,5,5,45,1,2,2,1,0,0,2,1,0,0,2,31,2,34,2,40,0,0,0,0,1,1,1,131104,4882,2009,135,SR-9,99999999999999999999,0000000,33.95539167,-84.36472222,3,1
13,285,11,19,7,49,2,4,0,0,14,3,0,12,5,2,1,1,2,50,1,1,2,1,3,3,1,1,0,0,7,54,8,1,8,13,0,0,0,0,1,5,0,131105,3050,2009,131,SR-14,LUKKEN IND DR,0000000,33.02167222,-85.08164444,2,1
13,251,11,21,16,40,2,2,0,0,3,3,0,12,5,2,1,1,2,55,2,2,2,1,20,1,1,1,0,0,16,42,16,53,88,88,0,1,0,0,1,7,0,131106,0,2009,109,SR-21,POOR ROBIN RD,0000000,32.67991389,-81.57262778,2,1
13,121,11,25,3,1,2,3,1,1,11,1,0,8,0,1,1,3,5,55,1,2,2,1,0,0,2,1,0,0,3,1,3,6,88,88,0,19,0,0,1,4,0,131107,4882,2009,244,I-285,99999999999999999999,0000000,33.91275556,-84.38725278,2,1
13,199,11,25,12,57,1,1,0,0,3,3,0,53,0,1,4,1,2,55,2,2,2,1,0,0,1,1,0,0,12,57,13,7,88,88,0,0,0,0,1,4,0,131108,0,2009,10,SR-109,99999999999999999999,0000000,,,1,1
13,45,11,26,13,13,1,1,0,0,6,4,0,1,0,1,4,1,2,35,2,3,2,1,0,0,1,1,0,0,13,13,13,22,14,22,0,0,0,0,1,5,0,131109,0,2009,99999,MUSE BRIDGE RD,99999999999999999999,0000000,33.64338333,-85.02696944,1,1
13,51,11,29,6,51,1,1,0,1,11,1,0,18,0,1,1,3,3,65,1,2,2,1,0,0,2,1,0,0,6,52,6,59,7,59,0,0,0,0,1,1,0,131110,4475,2009,168,I-95,99999999999999999999,0000000,32.19424444,-81.192075,1,1
13,303,11,29,2,40,1,1,0,0,4,3,0,35,0,1,4,1,2,55,2,2,2,1,0,0,2,1,0,0,88,88,88,88,88,88,0,0,0,0,1,1,1,131111,0,2009,99999,SR-102,99999999999999999999,0000000,33.15178889,-82.75808889,1,1
13,123,9,6,19,36,2,4,0,0,4,4,0,12,2,1,1,1,2,40,2,1,2,1,0,0,1,1,0,0,19,36,19,45,20,19,0,0,0,0,1,1,0,131112,2000,2009,4,OLD SR 5,99999999999999999999,0000000,34.66346389,-84.50044167,2,1
13,21,11,27,7,19,1,7,0,1,11,1,0,24,0,1,4,2,3,65,2,3,2,1,0,0,4,1,0,0,7,20,7,28,7,56,0,0,0,0,2,6,0,131113,3390,2009,24,I-475,99999999999999999999,0000000,32.79548333,-83.72092778,1,1
13,51,12,23,12,59,2,3,1,0,19,3,0,8,0,3,1,1,2,35,1,1,2,1,3,3,1,1,0,0,88,88,88,88,88,88,0,14,0,0,1,4,1,131114,2290,2009,116,SR-80,ALFRED ST,0000000,32.09273611,-81.14956944,2,1
13,117,12,2,18,18,2,3,0,0,14,3,0,12,2,1,1,1,2,55,1,2,2,2,0,0,2,1,0,0,18,20,18,30,19,22,0,0,0,0,1,4,1,131115,0,2009,149,SR-9,99999999999999999999,0000000,,,2,1
13,291,12,2,14,19,2,2,0,1,2,3,0,12,2,1,1,1,2,55,2,2,2,2,0,0,1,1,0,0,14,23,14,35,15,8,0,0,0,0,1,4,1,131116,0,2009,241,SR-11,99999999999999999999,0000000,34.98632222,-84.07399167,2,1
13,303,12,5,17,4,2,2,0,0,6,4,0,12,5,2,1,1,2,55,1,1,2,1,20,3,1,1,0,0,17,4,17,10,17,50,0,0,0,0,1,7,1,131117,0,2009,99999,NEW RD,HENDERSON GROVE RD,0000000,32.98418889,-82.71348889,2,1
13,217,12,4,12,49,2,3,0,0,4,3,0,12,2,1,1,1,2,55,2,1,2,1,0,0,1,1,0,0,12,50,13,3,13,52,0,0,0,0,1,6,0,131118,0,2009,93,SR-212,99999999999999999999,0000000,33.45514722,-83.89168611,2,1
13,107,12,7,12,30,2,2,0,1,2,3,0,12,2,1,1,1,2,55,1,1,2,1,0,0,1,1,0,0,12,46,13,17,13,19,0,0,0,0,1,2,0,131119,0,2009,25,SR-4,99999999999999999999,0000000,32.32599722,-82.32328056,2,1
13,175,12,10,7,58,2,2,0,0,13,3,0,12,5,2,1,1,2,35,1,1,2,1,20,3,1,1,0,0,7,58,8,4,8,39,0,0,0,0,1,5,0,131120,1780,2009,251,SR-31,ROWE ST,0000000,32.53436667,-82.90781111,2,1
13,165,12,14,15,14,2,2,0,0,3,3,0,12,5,1,1,1,2,55,1,1,2,2,0,0,1,2,0,0,99,99,99,99,99,99,0,0,0,0,1,2,0,131121,0,2009,16,SR-121,99999999999999999999,0000000,32.63496667,-82.00006389,2,2
13,77,12,17,22,53,2,10,0,0,3,3,0,12,4,2,1,1,2,55,1,3,2,1,20,3,2,1,0,0,99,99,99,99,99,99,0,0,0,0,1,5,0,131122,0,2009,38,SR-16,MACEDONIA RD,0000000,33.43085,-84.86447222,2,1
13,95,12,18,5,59,1,2,0,0,14,6,0,18,0,1,1,1,2,35,1,1,2,2,0,0,3,2,0,0,6,0,6,8,6,43,0,0,0,0,1,6,0,131123,90,2009,17,W GORDON AVE,99999999999999999999,0000000,31.56811389,-84.19643056,1,2
13,285,12,18,17,0,1,1,0,0,4,3,0,53,0,1,6,1,2,55,1,1,2,2,0,0,5,1,0,0,17,9,17,11,18,1,0,0,0,0,1,6,0,131124,0,2009,99999,SR-100,99999999999999999999,0000000,,,1,1
13,215,12,19,2,54,1,1,0,1,13,6,0,37,0,1,6,2,2,55,1,1,2,1,0,0,2,1,0,0,2,54,3,5,88,88,0,0,0,0,1,7,1,131125,1280,2009,181,MACON RD,99999999999999999999,0000000,32.55366944,-84.74428611,1,1
13,195,12,22,20,58,2,3,0,0,4,3,0,12,5,3,1,1,2,55,2,2,2,1,0,0,2,1,0,0,21,1,21,13,21,58,0,0,0,0,1,3,0,131126,0,2009,102,SR-172,CHAMBERS RD,0000000,34.15313611,-83.08897778,2,1
13,13,12,23,13,35,1,1,0,0,4,4,0,27,0,1,6,1,2,55,1,2,2,1,0,0,1,1,0,0,13,35,13,37,14,27,0,0,0,0,1,4,0,131127,0,2009,67,CARL BETHLEHEM RD,99999999999999999999,0000000,33.93445833,-83.73940278,1,1
13,45,12,23,19,43,2,2,0,0,14,6,0,12,2,1,1,1,2,35,2,2,2,1,0,0,2,1,0,0,19,44,19,50,20,13,0,0,0,0,1,4,1,131128,970,2009,12,STEWART ST,99999999999999999999,0000000,33.60003611,-85.06535833,2,1
13,297,12,23,10,42,3,1,0,0,14,6,0,14,8,1,6,1,2,35,2,2,2,1,0,0,1,1,0,0,10,46,10,50,11,12,0,0,0,0,1,4,0,131129,3710,2009,4,MAYFIELD DR,99999999999999999999,0000000,33.80199167,-83.72888889,1,1
13,67,12,25,6,50,2,4,0,0,13,3,0,12,5,5,1,6,2,45,1,2,2,2,3,3,4,1,0,0,6,50,6,56,7,20,0,0,0,0,1,6,0,131130,0,2009,16,SR-3,99999999999999999999,0000000,33.88441667,-84.47044444,2,1
13,175,12,25,18,29,2,4,0,1,1,1,0,12,7,1,1,2,2,70,1,1,2,1,0,0,1,1,0,0,18,32,18,46,19,40,0,0,0,0,2,6,0,131131,0,2009,279,I-16,99999999999999999999,0000000,,,2,1
13,47,12,27,14,23,2,2,0,0,3,3,0,12,2,1,1,1,2,55,1,1,2,1,0,0,1,1,0,0,14,25,14,29,99,99,0,0,0,0,1,1,0,131132,0,2009,79,SR-151,99999999999999999999,0000000,34.88012222,-85.13876389,2,1
13,297,12,27,7,18,2,5,0,0,14,3,0,12,2,1,1,1,2,45,1,1,2,1,8,3,1,1,0,0,99,99,99,99,99,99,0,0,0,0,1,1,0,131133,5770,2009,28,SR-138,99999999999999999999,0000000,33.74484444,-83.84767778,2,1
13,93,12,28,23,45,1,1,0,0,4,4,0,32,0,1,6,1,2,55,2,1,2,1,0,0,2,1,0,0,99,99,99,99,99,99,0,0,0,0,1,2,0,131134,0,2009,118,RIVER RD,99999999999999999999,0000000,32.15781111,-83.97915,1,1
13,275,12,28,21,6,1,1,0,0,4,4,0,34,0,1,6,1,2,55,2,2,2,1,0,0,2,1,0,0,21,7,21,13,21,40,0,0,0,0,1,2,1,131135,0,2009,99999,DILLON RD,99999999999999999999,0000000,30.88386667,-83.919325,1,1
13,71,12,31,7,16,1,1,0,0,3,3,0,32,0,1,6,1,2,55,1,2,2,2,0,0,1,2,0,0,7,16,7,32,88,88,0,0,0,0,1,5,1,131136,0,2009,274,SR-37,99999999999999999999,0000000,31.16118333,-83.5848,1,2
13,133,12,31,19,26,2,3,0,0,4,3,0,12,2,1,1,1,2,55,1,2,2,1,0,0,2,1,0,0,19,31,19,38,21,24,0,0,0,0,2,5,0,131137,0,2009,195,SR-15,99999999999999999999,0000000,33.64047222,-83.22420278,2,1
13,139,11,30,20,18,2,2,0,0,14,6,0,12,1,9,1,1,2,35,1,1,2,1,3,3,2,1,0,0,20,19,20,26,21,3,0,0,0,0,1,2,1,131138,2160,2009,62,SPOUT SPRINGS RD,99999999999999999999,0000000,34.17859444,-83.91419722,2,1
13,89,12,3,15,21,1,1,0,0,16,4,0,42,0,1,6,1,2,35,1,1,2,1,0,0,1,1,0,0,15,21,15,30,16,20,0,0,0,0,1,5,0,131139,0,2009,3,CRESTLINE DR,99999999999999999999,0000000,33.83589722,-84.29524167,1,1
13,297,12,4,6,24,1,1,0,0,14,6,0,30,0,1,6,1,2,30,1,1,2,1,0,0,3,1,0,0,6,25,6,39,99,99,0,0,0,0,1,6,0,131140,3710,2009,109,ALCOVY ST,99999999999999999999,0000000,33.79088333,-83.71318056,1,1
13,89,12,7,13,6,1,2,1,0,14,3,0,8,0,3,1,1,2,45,1,1,2,1,3,3,1,1,0,0,13,8,13,10,99,99,0,0,0,0,1,2,0,131141,0,2009,98,SR-8,FELLOWSHIP RD,0000000,33.85001389,-84.21835833,1,1
13,121,12,8,2,50,2,2,0,1,11,1,0,12,2,1,1,3,5,55,2,2,1,1,0,0,3,1,0,0,2,50,99,99,99,99,0,0,0,0,1,3,0,131142,280,2009,22,I-75,99999999999999999999,0000000,33.68221111,-84.398475,2,1
13,121,12,11,13,32,4,6,0,1,13,6,0,12,4,1,1,1,2,45,1,2,2,1,0,0,1,1,0,0,13,33,13,38,13,55,0,0,0,0,2,6,0,131143,9997,2009,21,STATE BRIDGE RD,99999999999999999999,0000000,34.03370556,-84.21222222,4,1
13,207,12,11,1,35,1,2,0,0,4,3,0,34,0,1,6,1,2,55,2,1,2,1,0,0,2,1,0,0,1,35,1,47,88,88,0,0,0,0,2,6,1,131144,0,2009,255,SR-42,99999999999999999999,0000000,33.18738056,-83.95749722,1,1
13,121,12,15,17,31,1,1,0,0,14,3,0,30,0,1,6,1,2,35,1,1,2,2,0,0,3,1,0,0,17,34,17,37,18,15,0,0,0,0,1,3,0,131145,280,2009,20,SR-42,99999999999999999999,0000000,33.71737778,-84.38025833,1,1
13,135,12,16,8,15,2,4,0,0,19,4,0,12,1,1,1,1,2,25,1,1,2,1,0,0,1,1,0,0,8,17,8,27,9,27,0,0,0,0,1,4,0,131146,800,2009,99999,PEBBLE RIDGE LANE,99999999999999999999,0000000,34.09892222,-83.9384,2,1
13,51,12,19,1,22,1,5,0,1,11,1,0,24,0,1,2,3,3,65,1,1,2,2,0,0,2,2,0,0,1,34,1,40,2,35,0,0,0,0,1,7,0,131147,0,2009,163,I-95,99999999999999999999,0000000,32.19629722,-81.19085278,1,2
13,69,12,21,12,7,1,1,0,0,3,3,0,34,0,1,6,1,2,55,1,1,2,1,0,0,1,1,0,0,99,99,99,99,99,99,0,0,0,0,1,2,0,131148,0,2009,228,SR-135,99999999999999999999,0000000,31.64265833,-82.73359444,1,1
13,305,12,25,7,17,1,2,1,0,16,6,0,9,0,1,1,1,2,30,1,1,2,2,0,0,4,2,0,0,88,88,88,88,88,88,0,0,0,0,1,6,0,131149,2960,2009,99999,SUNSET BLVD,99999999999999999999,0000000,,,1,2
13,67,12,30,1,39,1,1,0,0,14,4,0,41,0,1,3,3,2,45,2,2,2,1,0,0,2,1,0,0,1,40,1,42,88,88,0,0,0,0,1,4,1,131150,0,2009,99999,PIEDMONT RD,99999999999999999999,0000000,,,1,1
13,153,12,30,17,33,2,3,0,1,11,1,0,27,0,11,4,3,2,35,1,1,2,1,3,3,3,1,0,0,17,33,17,44,19,49,0,0,0,0,1,4,1,131151,4340,2009,147,I-75,SAM NUNN,0000000,32.4715,-83.74405833,2,1
13,145,12,31,10,51,2,3,0,0,4,3,0,12,5,1,1,1,2,55,1,1,2,2,0,0,1,2,0,0,10,51,10,59,11,48,0,0,0,0,1,5,0,131152,0,2009,23,SR-208,99999999999999999999,0000000,32.70346111,-84.819775,2,2
13,191,12,27,12,35,2,6,0,1,1,1,0,12,1,1,1,2,3,70,1,1,2,1,0,0,1,1,0,0,99,99,99,99,99,99,0,0,0,0,1,1,0,131153,0,2009,171,I-95,99999999999999999999,0000000,31.58027222,-81.43184444,2,1
13,97,12,26,23,10,2,3,0,0,15,4,0,12,5,2,1,1,2,45,2,2,2,1,20,3,2,1,0,0,23,24,23,50,0,21,0,0,0,0,1,7,0,131154,0,2009,16,ANNEWAKEE RD,OAK PLACE,0000000,33.69776111,-84.69356111,2,1
13,21,12,1,3,44,1,1,0,0,14,6,0,42,0,1,6,1,2,40,1,1,2,1,0,0,3,1,0,0,3,44,3,51,4,38,0,0,0,0,1,3,0,131155,3390,2009,10,UPPER RIVER RD,99999999999999999999,0000000,32.87279444,-83.62668611,1,1
13,179,2,26,9,30,1,1,0,0,19,3,2,99,99,1,1,9,9,99,9,9,9,9,99,9,1,9,0,0,99,99,99,99,99,99,0,0,0,0,1,5,0,131156,2218,2009,99999,SR-144,99999999999999999999,0000000,,,1,9
13,179,5,20,17,26,2,5,0,0,19,3,2,12,2,1,1,1,2,40,1,1,2,1,0,0,1,1,0,0,17,26,17,30,99,99,0,0,0,0,1,4,0,131157,2218,2009,99999,SR-47,99999999999999999999,0000000,31.89281111,-81.59641944,2,1
13,207,6,6,7,35,1,1,0,1,1,1,0,35,0,1,6,3,3,65,2,2,1,1,0,0,1,1,0,0,7,35,7,44,8,37,0,0,0,0,1,7,0,131158,0,2009,64,I-75,99999999999999999999,0000000,32.98116389,-83.83244167,1,1
13,153,7,14,20,7,1,1,0,0,15,6,0,42,0,1,4,1,2,30,2,2,2,1,0,0,3,1,0,0,20,7,20,8,88,88,0,0,0,0,1,3,0,131159,5790,2009,0,S HOUSTON RD,99999999999999999999,0000000,32.61123611,-83.64136111,1,1
13,29,7,31,0,48,2,2,0,0,19,3,2,12,2,1,1,1,2,55,2,1,2,1,0,0,6,1,0,0,99,99,99,99,99,99,0,0,0,0,1,6,0,131160,2218,2009,99999,SR-144,99999999999999999999,0000000,,,2,1
13,59,8,14,18,59,1,2,0,0,14,4,4,1,0,1,5,1,2,50,1,1,2,1,0,0,1,1,0,0,18,59,19,6,19,34,0,0,0,0,1,6,1,131161,270,2009,23,S MILLEDGE AVE,99999999999999999999,0000000,33.90253333,-83.37266944,1,1
13,277,8,28,18,37,2,2,0,1,13,3,0,12,5,8,1,1,4,35,2,1,2,1,0,0,1,1,0,0,18,39,18,45,19,4,0,0,0,0,1,6,1,131162,5490,2009,87,SR-520,99999999999999999999,0000000,31.45023056,-83.53165,2,1
13,215,9,4,1,17,1,2,0,0,19,6,2,5,0,1,1,9,9,99,9,9,9,9,0,0,6,9,0,0,99,99,99,99,99,99,0,0,0,0,1,6,1,131163,2195,2009,99999,BAKER ST,99999999999999999999,0000000,,,1,9
13,69,9,15,10,22,1,1,0,0,4,3,0,34,0,1,4,1,2,55,1,1,2,1,0,0,1,1,0,0,10,26,10,35,11,7,0,0,0,0,1,3,0,131164,0,2009,111,SR-158,99999999999999999999,0000000,31.46000278,-82.97819167,1,1
13,21,9,16,6,20,1,2,1,0,9,4,0,8,0,1,1,1,2,45,1,1,2,1,0,0,2,1,0,0,88,88,88,88,88,88,0,0,0,0,1,4,0,131165,0,2009,99999,SARDIS CHURCH RD,99999999999999999999,0000000,32.71689444,-83.70225833,1,1
13,95,10,1,17,3,2,3,0,1,13,3,0,12,5,2,1,2,2,65,1,1,2,1,20,3,1,1,0,2,17,7,17,15,17,49,0,0,0,0,1,5,0,131166,0,2009,23,SR-3,ANTIOCH RD,0000000,31.47607222,-84.11720833,2,1
13,153,10,31,23,56,1,3,1,0,19,6,0,8,0,1,1,5,5,45,1,1,2,2,0,0,2,2,0,0,23,56,0,2,0,33,0,0,0,0,1,7,0,131167,5790,2009,99999,MOODY RD,99999999999999999999,0000000,32.56106389,-83.62464722,1,2
13,247,10,31,17,9,2,2,0,0,14,4,0,12,5,2,1,1,2,35,1,1,2,2,20,3,1,2,0,0,17,9,17,14,17,43,0,0,0,0,1,7,0,131168,0,2009,43,ROCKBRIDGE RD,UNION GROVE RD,0000000,33.71925278,-84.05873611,2,2
13,319,10,31,14,50,2,4,0,1,2,3,0,12,5,2,1,2,2,55,1,2,2,1,20,3,1,1,0,0,99,99,99,99,99,99,0,0,0,0,2,7,0,131169,0,2009,23,SR-29,SR-112,0000000,32.68601667,-83.08588611,2,1
13,59,11,16,18,7,2,1,0,0,15,4,0,12,11,3,1,1,2,30,1,2,2,1,0,0,3,1,0,0,18,8,18,15,18,47,0,0,0,0,1,2,1,131170,270,2009,1,E BROAD ST,POTTERY ST,0000000,33.95861389,-83.36841944,2,1
13,121,11,21,4,15,2,5,0,0,14,3,0,12,5,1,1,5,5,55,1,1,2,1,0,0,3,1,0,0,4,15,4,30,99,99,0,0,0,0,1,7,0,131171,0,2009,18,SR-279,99999999999999999999,0000000,33.57601111,-84.46879167,2,1
13,285,11,29,16,35,4,8,0,1,1,1,0,12,1,7,1,3,2,70,1,1,2,1,0,0,1,1,0,0,16,42,16,59,17,43,0,0,0,0,1,1,0,131172,0,2009,185,I-85,I-185,0000000,33.03647778,-84.97388333,4,1
13,215,7,15,21,24,1,2,0,0,14,6,0,1,0,2,1,1,2,35,1,1,2,1,0,0,3,1,0,0,21,24,21,28,21,58,0,0,0,0,1,4,0,131173,1280,2009,12,CHEROKEE AVENUE,ST ELMO DRIVE,0000000,32.4899,-84.964025,1,1
13,117,10,3,11,45,2,5,0,0,14,4,0,12,2,2,1,1,2,45,1,1,2,1,3,3,1,1,0,0,11,48,11,58,12,39,0,0,0,0,1,7,0,131174,0,2009,93,OLD ATALNTA ROAD,JAMES BURGESS ROAD,0000000,34.10038056,-84.13761389,2,1
13,79,12,11,12,40,1,3,0,0,3,3,0,37,0,1,6,1,2,55,1,1,2,1,0,0,1,1,0,0,12,47,13,7,13,55,0,0,0,0,1,6,0,131175,0,2009,99999,SR-7,99999999999999999999,0000000,,,1,1
13,89,10,19,18,0,1,2,1,0,14,4,0,8,0,1,1,1,2,35,1,2,1,1,0,0,1,1,0,0,18,14,18,14,20,8,0,0,0,0,1,2,0,131176,0,2009,99999,BOULDER FOREST DR,99999999999999999999,0000000,33.67263056,-84.30882222,1,1
13,45,10,29,4,45,1,3,1,0,4,3,0,8,0,2,1,1,2,55,1,1,9,1,0,0,2,1,0,0,99,99,99,99,99,99,0,0,0,0,1,5,0,131177,5420,2009,79,SR-113,LOVELL RD,0000000,33.69807778,-85.020925,1,1
13,145,12,17,15,5,2,2,0,0,3,3,0,12,1,3,1,1,2,25,1,1,1,1,3,3,1,1,0,0,99,99,99,99,99,99,0,0,0,0,1,5,0,131178,4375,2009,202,SR-1 / MAIN ST,HARRIS ST,0000000,32.86486944,-84.8544,2,1
13,77,8,27,19,36,3,4,0,0,9,3,0,12,4,1,1,1,3,55,2,2,2,2,0,0,5,2,0,0,19,36,19,40,99,99,0,0,0,0,1,5,0,131179,0,2009,53,SR-16,99999999999999999999,0000000,33.41535833,-84.84771389,3,2
13,5,12,13,18,39,2,3,0,0,2,3,0,12,2,1,1,1,5,55,1,1,2,2,0,0,2,2,0,0,18,39,18,43,19,6,0,19,0,0,1,1,0,131180,0,2009,116,SR-4,99999999999999999999,0000000,31.57831667,-82.46179167,2,2
13,121,11,5,12,32,1,2,0,0,14,3,0,31,0,1,6,1,2,35,1,1,2,1,20,3,1,1,0,0,12,33,12,35,13,9,0,0,0,0,1,5,0,131181,2570,2009,14,SR-3,99999999999999999999,0000000,33.660675,-84.41044722,1,1
13,63,12,25,2,0,2,4,0,1,11,1,0,12,6,1,1,3,5,65,1,1,2,2,0,0,2,2,0,0,2,3,2,32,2,38,0,0,0,0,1,6,1,131182,0,2009,47,I-285,99999999999999999999,0000000,33.61726389,-84.43849444,2,2
13,47,12,19,9,51,2,2,0,1,13,6,0,12,2,2,1,5,2,45,1,1,2,1,3,3,1,1,0,0,9,58,10,5,10,36,0,0,0,0,1,7,0,131183,2210,2009,95,LAFAYETTE ROAD,CLOUD SPRINGS ROAD,0000000,34.96343056,-85.25950556,2,1
15,3,1,1,4,1,1,2,0,0,12,3,0,33,0,1,4,3,3,35,2,2,2,2,0,0,3,2,0,0,4,13,4,32,99,99,0,0,0,0,1,5,1,150001,2400,2009,19,SR-63,99999999999999999999,0000000,21.34740278,-157.8660778,1,2
15,3,1,1,19,57,2,1,0,0,15,4,0,14,5,1,7,1,2,25,2,2,2,1,0,0,3,1,0,0,20,5,20,7,88,88,0,0,0,0,1,5,1,150002,9600,2009,0,7108,99999999999999999999,0000000,21.38683889,-158.0322139,1,1
15,3,1,1,22,56,1,1,0,0,14,4,0,43,0,1,4,1,2,25,2,1,2,2,0,0,3,1,0,0,23,8,23,15,23,30,0,0,0,0,1,5,0,150003,9600,2009,0,7142,99999999999999999999,0000000,21.39053611,-158.0046528,1,1
15,3,1,3,18,58,1,3,1,1,2,3,0,9,0,1,1,1,2,45,1,2,2,1,0,0,2,1,0,0,18,59,19,8,20,19,0,0,0,0,1,7,0,150004,1000,2009,105,SR-83,99999999999999999999,0000000,21.6906,-158.0208,1,1
15,3,1,6,21,17,3,11,0,0,14,4,0,52,0,1,2,1,2,25,1,2,2,2,0,0,2,2,0,0,21,20,21,26,22,17,0,14,0,0,1,3,1,150005,8900,2009,0,7010,99999999999999999999,0000000,21.50309722,-158.015725,3,2
15,3,1,10,2,57,1,1,0,1,14,3,0,43,0,1,4,1,2,35,2,1,2,1,0,0,2,1,0,0,2,56,3,18,4,20,0,0,0,0,1,7,0,150006,3627,2009,27,SR-95,99999999999999999999,0000000,21.31537222,-158.1137222,1,1
15,1,1,10,20,30,2,4,0,0,13,3,0,12,5,2,1,1,2,45,1,1,2,1,3,3,3,1,0,0,20,32,20,33,21,1,0,0,0,0,1,7,1,150007,3002,2009,1215,SR-11,NANI KAILUA DRIVE,0000000,19.63672778,-155.9791667,2,1
15,9,1,21,6,50,2,2,0,1,13,3,0,12,5,2,1,2,2,45,1,1,2,1,20,3,3,1,0,0,6,51,7,16,88,88,0,0,0,0,1,4,0,150008,2900,2009,4,SR-36,WAKEA AVENUE,0000000,20.88910556,-156.4586472,2,1
15,1,1,21,11,45,2,3,1,0,3,3,0,8,0,3,1,1,2,45,1,1,2,1,0,0,1,1,0,0,11,50,12,0,12,26,0,14,0,0,1,4,0,150009,4150,2009,35,SR-130,SHOWER DRIVE,0000000,19.58274722,-155.0086583,2,1
15,3,1,21,13,45,2,1,0,0,14,4,0,14,1,1,7,1,2,25,1,1,2,1,0,0,1,1,0,0,13,48,13,56,14,8,0,0,0,0,1,4,0,150010,3000,2009,0,6013,99999999999999999999,0000000,21.370975,-157.7352417,1,1
15,9,1,22,20,37,1,1,0,0,6,4,0,1,0,1,1,1,2,20,1,1,2,1,0,0,2,1,0,0,20,39,20,53,22,4,0,0,0,0,1,5,0,150011,5350,2009,0,OMAOPIO ROAD,99999999999999999999,0000000,20.81162222,-156.3532917,1,1
15,3,1,24,6,54,3,5,0,1,13,3,0,12,2,1,1,1,4,35,1,1,2,1,98,3,1,1,0,0,6,58,7,5,7,51,0,0,0,0,1,7,1,150012,9200,2009,46,SR-93,99999999999999999999,0000000,21.37443056,-158.1388583,3,1
15,1,2,4,12,38,1,1,0,0,6,4,0,34,0,1,6,1,2,10,2,2,2,1,0,0,1,1,0,0,12,38,12,48,13,0,0,17,0,0,1,4,0,150013,3002,2009,0,KEALAOLA ROAD,99999999999999999999,0000000,,,1,1
15,1,2,6,18,43,2,4,0,0,15,4,0,12,5,2,1,1,3,35,1,1,2,1,3,3,1,1,0,0,18,44,18,52,19,17,0,0,0,0,1,6,0,150015,3002,2009,0,110,188,0000000,19.63840556,-155.9904528,2,1
15,3,2,6,19,30,1,2,1,0,13,4,0,8,0,2,1,4,3,25,1,1,2,1,2,3,3,1,0,0,19,30,19,38,19,47,0,0,0,0,1,6,0,150016,2400,2009,0,7502,7613,0000000,21.29666111,-157.8295972,1,1
15,3,2,7,2,20,1,2,1,0,14,4,0,8,0,1,1,1,4,25,1,2,2,1,0,0,3,1,0,0,2,22,2,24,2,40,0,0,0,0,1,7,0,150017,100,2009,0,7244,99999999999999999999,0000000,21.38489167,-157.944175,1,1
15,3,2,14,20,18,1,1,0,1,12,3,0,33,0,1,4,3,2,35,2,2,2,1,0,0,2,1,0,0,20,20,20,25,20,44,0,0,0,0,1,7,1,150018,3000,2009,60,SR-61,99999999999999999999,0000000,21.36854722,-157.7882833,1,1
15,9,2,20,0,20,1,2,1,0,3,3,0,8,0,1,1,1,2,30,1,2,2,2,0,0,2,2,0,0,0,20,0,37,88,88,0,0,0,0,1,6,0,150019,9997,2009,77,SR-36,99999999999999999999,0000000,20.88103611,-156.1998472,1,2
15,3,2,22,16,20,3,3,0,1,11,1,0,24,0,1,4,3,4,50,1,2,1,1,0,0,1,1,0,0,16,22,16,27,16,56,0,14,0,0,1,1,0,150020,2400,2009,257,I-H-1,99999999999999999999,0000000,21.28323333,-157.8058222,3,1