STATE,COUNTY,MONTH,DAY,HOUR,MINUTE,VE_TOTAL,PERSONS,PEDS,NHS,ROAD_FNC,ROUTE,SP_JUR,HARM_EV,MAN_COLL,REL_JUNC,REL_ROAD,TRAF_FLO,NO_LANES,SP_LIMIT,ALIGNMNT,PROFILE,PAVE_TYP,SUR_COND,TRA_CONT,T_CONT_F,LGT_COND,WEATHER1,WEATHER2,WRK_ZONE,NOT_HOUR,NOT_MIN,ARR_HOUR,ARR_MIN,HOSP_HR,HOSP_MN,SCH_BUS,CF1,CF2,CF3,FATALS,DAY_WEEK,DRUNK_DR,ST_CASE,CITY,YEAR,MILEPT,TWAY_ID,TWAY_ID2,RAIL,LATITUDE,LONGITUD,VE_FORMS,WEATHER
15,3,2,26,3,52,1,3,0,0,12,3,0,25,0,1,4,3,2,35,2,2,2,1,0,0,3,1,0,0,3,51,4,1,88,88,0,0,0,0,3,5,1,150021,2400,2009,56,SR-63,99999999999999999999,0000000,21.37521111,-157.8200528,1,1
15,3,2,26,13,15,2,2,0,1,13,3,0,1,0,2,1,1,4,35,1,1,2,1,0,0,1,1,0,0,13,14,13,19,13,43,1,0,0,0,1,5,0,150022,9200,2009,95,SR-93,LOPIKANE STREET,0000000,21.425275,-158.1783722,2,1
15,1,3,8,20,17,1,1,0,0,6,8,0,1,0,1,1,1,2,0,1,1,4,5,0,0,2,2,0,0,20,20,20,35,88,88,0,6,0,0,1,1,1,150023,5500,2009,0,ROAD B,99999999999999999999,0000000,19.57070833,-155.0551139,1,2
15,1,3,13,2,27,1,1,0,0,6,4,0,42,0,1,4,1,2,15,1,2,2,1,0,0,2,1,0,0,2,32,2,44,88,88,0,0,0,0,1,6,1,150024,1900,2009,0,AMAUULU ROAD,99999999999999999999,0000000,19.72792778,-155.1107306,1,1
15,9,3,13,7,48,1,3,2,1,3,3,0,8,0,2,1,1,4,40,1,1,2,1,2,3,1,1,0,0,7,56,8,21,9,13,0,0,0,0,1,6,0,150025,2765,2009,252,SR-30,KAI ALA DRIVE,0000000,20.93595556,-156.6900528,1,1
15,9,3,20,8,36,2,3,0,0,15,4,0,12,5,2,1,1,2,30,1,1,2,1,20,3,1,1,0,0,8,37,8,43,8,53,0,0,0,0,1,6,0,150026,2900,2009,0,3930,3940,0000000,20.88108611,-156.473475,2,1
15,1,3,20,17,52,1,1,0,0,6,4,0,30,0,1,4,1,4,35,2,2,2,1,0,0,1,1,0,0,17,52,17,58,88,88,0,0,0,0,1,6,0,150028,4150,2009,0,KIPIMANA STREET,99999999999999999999,0000000,19.63498889,-155.0506139,1,1
15,7,3,22,1,12,1,2,0,0,3,3,0,17,0,1,2,1,2,35,2,1,2,1,0,0,2,1,0,0,1,15,1,24,1,40,0,0,0,0,1,1,1,150029,4700,2009,260,SR-50,99999999999999999999,0000000,21.96621111,-159.7131444,1,1
15,3,3,24,8,0,1,4,1,1,13,3,0,8,0,11,1,3,4,35,1,1,2,1,0,0,1,1,0,0,8,14,8,26,8,55,0,0,0,0,1,3,0,150030,2400,2009,37,SR-92,I-H-1,0000000,21.33265833,-157.88985,1,1
15,9,3,27,17,33,1,1,0,1,14,3,0,24,0,1,2,1,4,40,1,1,2,1,0,0,1,1,0,0,17,33,17,44,88,88,0,0,0,0,1,6,0,150031,5600,2009,218,SR-30,99999999999999999999,0000000,20.89081111,-156.6841806,1,1
15,3,3,29,11,59,1,2,0,0,3,4,0,24,0,1,2,1,2,35,2,2,2,1,5,3,1,1,0,0,12,1,12,11,12,58,0,0,0,0,1,1,0,150032,1000,2009,0,803,99999999999999999999,0000000,21.53121389,-158.0821028,1,1
15,9,3,30,18,0,1,1,0,0,5,4,0,1,0,1,6,1,2,25,1,1,5,1,0,0,1,1,0,0,88,88,88,88,88,88,0,0,0,0,1,2,0,150033,9997,2009,160,PIILANI HIGHWAY,99999999999999999999,0000000,20.62706667,-156.3933639,1,1
15,3,4,5,22,5,1,1,0,0,12,3,0,33,0,1,4,2,2,35,2,2,2,2,0,0,2,2,0,0,22,19,22,26,88,88,0,0,0,0,1,1,1,150034,2400,2009,58,SR-63,99999999999999999999,0000000,21.37541111,-157.8190944,1,2
15,3,4,7,10,55,1,1,0,0,3,4,0,42,0,1,4,1,2,35,2,2,2,1,0,0,1,1,0,0,10,58,11,7,88,88,0,0,0,0,1,3,0,150035,9100,2009,0,801,99999999999999999999,0000000,21.53947778,-158.0913722,1,1
15,3,4,9,14,9,1,2,1,0,16,4,0,8,0,3,1,1,2,25,1,1,2,1,20,3,1,1,0,0,14,9,14,18,15,5,0,0,0,0,1,5,0,150036,100,2009,0,KAIMAKANI STREET,7210,0000000,21.37579722,-157.9291861,1,1
15,3,4,14,13,30,2,2,0,0,15,4,0,12,4,3,1,1,2,25,1,1,2,1,0,0,1,1,0,0,13,32,13,43,14,29,0,0,0,0,1,3,0,150037,3627,2009,0,9500,KAUHI STREET,0000000,21.30855556,-158.0986583,2,1
15,1,4,19,6,34,1,2,0,0,16,8,0,30,0,3,2,1,2,35,1,1,2,1,0,0,4,1,0,0,6,37,6,47,88,88,0,0,0,0,1,1,1,150038,4150,2009,0,PARADISE DRIVE,25TH AVENUE,0000000,19.56901111,-154.9793444,1,1
15,3,4,21,12,5,1,1,0,0,6,4,0,52,0,1,4,1,2,25,1,1,2,1,0,0,1,1,0,0,12,1,12,18,12,40,0,0,0,0,1,3,0,150039,9200,2009,0,FARRINGTON HIGHWAY,99999999999999999999,0000000,,,1,1
15,3,4,26,14,9,3,5,0,0,13,3,0,12,5,7,1,2,2,35,1,1,2,1,0,0,1,1,0,0,14,9,14,14,15,9,0,0,0,0,1,1,0,150040,3000,2009,98,SR-61,99999999999999999999,0000000,21.38428333,-157.7528778,3,1
15,3,4,29,9,29,1,2,1,1,13,3,0,8,0,1,1,1,2,35,1,1,2,1,0,0,1,1,0,0,9,30,9,33,88,88,0,0,0,0,1,4,0,150041,9400,2009,46,SR-72,99999999999999999999,0000000,21.33970278,-157.7036528,1,1
15,1,5,9,16,24,1,1,0,0,5,4,0,1,0,1,4,1,2,35,1,1,2,2,0,0,1,1,0,0,16,24,16,33,17,19,0,0,0,0,1,7,1,150042,4150,2009,0,137,99999999999999999999,0000000,19.45924722,-154.8445917,1,1
15,3,5,14,11,23,3,3,0,0,15,4,0,12,1,1,1,1,2,25,1,1,2,1,0,0,1,1,0,0,11,23,11,32,12,2,0,0,0,0,1,5,0,150044,3000,2009,0,6045,99999999999999999999,0000000,21.4109,-157.7448556,3,1
15,3,5,17,10,31,1,2,1,1,2,3,0,9,0,1,1,1,2,35,1,1,2,1,0,0,1,1,0,0,10,30,10,39,11,30,0,0,0,0,1,1,0,150045,1600,2009,214,SR-83,99999999999999999999,0000000,21.61163333,-157.9110444,1,1
15,3,5,17,11,55,1,2,0,1,11,1,0,1,0,13,8,6,2,35,2,2,2,1,40,3,1,1,0,0,11,55,12,4,13,10,0,0,0,0,1,1,1,150046,9600,2009,50,I-H-1 EWA OFF RAMP,I-H-1,0000000,21.38256389,-158.0356167,1,1
15,3,5,17,12,50,2,3,0,1,2,3,0,12,4,8,1,1,2,35,1,1,2,1,0,0,1,1,0,0,12,47,13,0,13,51,0,0,0,0,1,1,0,150047,2760,2009,280,SR-83,99999999999999999999,0000000,21.55603333,-157.8529778,2,1
15,1,5,23,19,25,2,4,0,0,2,3,0,46,0,3,1,1,2,35,1,1,2,1,3,3,3,1,0,1,19,29,19,35,19,59,0,0,0,0,1,7,1,150048,3002,2009,1190,SR-11,LAKO STREET,0000000,19.61123056,-155.9660167,2,1
15,1,5,31,2,5,1,1,0,0,3,3,0,1,0,1,4,1,2,55,2,1,2,1,0,0,2,1,0,0,2,38,2,57,88,88,0,0,0,0,1,1,1,150049,3002,2009,170,SR-190,99999999999999999999,0000000,19.83405556,-155.7947167,1,1
15,1,5,31,19,32,2,3,0,0,3,3,0,12,5,2,1,1,2,45,1,1,2,1,0,0,3,1,0,0,19,40,19,46,88,88,0,0,0,0,2,1,0,150050,7700,2009,70,SR-130,AINALOA BLVD,0000000,19.54333056,-154.9750111,2,1
15,1,6,3,20,11,1,1,0,0,14,4,0,33,0,1,4,1,2,35,1,2,2,1,0,0,2,1,0,0,20,12,20,19,88,88,0,0,0,0,1,4,1,150051,3002,2009,0,197,99999999999999999999,0000000,19.67237222,-156.0078556,1,1
15,7,6,4,23,37,1,1,0,0,2,3,0,42,0,1,2,1,2,50,2,2,2,1,0,0,2,1,0,0,23,41,23,52,88,88,0,0,0,0,1,5,1,150052,5100,2009,57,SR-50,99999999999999999999,0000000,21.96090833,-159.4556639,1,1
15,3,6,5,17,25,1,1,0,1,11,1,0,33,0,13,4,6,1,25,2,1,2,1,5,3,1,1,0,0,17,28,17,32,17,48,0,0,0,0,1,6,1,150053,2400,2009,0,I-H-1 OFF RAMP,DOLE STREET,0000000,21.29699167,-157.8249333,1,1
15,3,6,8,6,5,1,3,1,0,14,4,0,8,0,2,1,1,4,25,1,2,2,1,2,3,1,1,0,0,6,7,6,12,88,88,0,0,0,0,1,2,0,150054,2400,2009,0,7414,GULICK AVENUE,0000000,21.33811944,-157.8721944,1,1
15,9,6,18,17,30,1,3,0,0,3,3,0,52,0,1,2,1,2,35,1,2,2,2,0,0,1,1,0,0,17,31,17,45,18,30,0,0,0,0,1,5,1,150055,600,2009,157,SR-36,99999999999999999999,0000000,20.92458611,-156.2787056,1,1
15,7,6,19,1,14,1,1,0,0,4,4,0,37,0,1,2,1,2,35,2,2,2,2,0,0,2,6,0,0,1,20,1,28,2,14,0,0,0,0,1,6,1,150056,5100,2009,0,530,99999999999999999999,0000000,21.91165556,-159.4829583,1,6
15,7,6,20,9,30,3,5,0,1,2,3,0,12,2,1,1,1,3,50,2,1,2,1,0,0,1,1,0,0,9,43,9,51,10,6,0,0,0,0,2,7,0,150057,6200,2009,40,SR-56,99999999999999999999,0000000,22.01936389,-159.3425167,3,1
15,9,7,5,1,27,1,5,0,0,15,3,0,24,0,1,4,1,2,45,2,2,2,1,0,0,2,1,0,0,1,27,1,40,2,8,0,0,0,0,2,1,0,150058,5350,2009,86,SR-37,99999999999999999999,0000000,20.81786111,-156.3272944,1,1
15,3,7,6,20,42,4,3,0,0,16,4,0,12,5,2,1,1,2,25,1,1,2,1,20,3,3,1,0,0,20,44,20,51,21,9,0,0,0,0,1,2,0,150059,2400,2009,0,7TH AVENUE,KILAUEA AVENUE,0000000,21.27774722,-157.8091833,2,1
15,7,7,9,10,40,2,5,0,0,3,3,0,12,5,2,1,1,2,35,1,2,2,1,20,3,1,1,0,0,10,45,10,54,11,15,0,0,0,0,1,5,1,150060,400,2009,159,SR-50,SR-540,0000000,21.90606111,-159.5816083,2,1
15,3,7,10,9,45,2,2,0,0,14,4,0,45,8,1,2,1,2,25,2,1,2,1,0,0,1,1,0,3,99,99,99,99,88,88,0,0,0,0,1,6,1,150061,8900,2009,0,7010,99999999999999999999,0000000,21.50298889,-158.0166472,1,1
15,1,7,12,5,10,1,2,0,1,3,3,0,37,0,1,4,1,2,55,1,1,2,1,0,0,2,1,0,0,5,27,5,36,5,59,0,0,0,0,1,1,1,150062,3400,2009,512,SR-19,99999999999999999999,0000000,20.04681667,-155.5824,1,1
15,1,7,13,11,55,2,2,0,1,13,3,0,12,5,2,1,2,2,45,1,2,2,2,20,3,1,2,0,0,11,56,12,8,12,31,0,0,0,0,1,2,0,150063,1900,2009,37,SR-11,MAKALIKA STREET,0000000,19.668775,-155.0634389,2,2
15,3,7,14,17,30,1,2,1,0,14,4,0,8,0,2,1,2,2,25,1,1,2,1,1,3,1,1,0,0,17,33,17,40,18,21,0,0,0,0,1,3,0,150064,6625,2009,0,7013,7043,0000000,21.45945833,-158.0076028,1,1
15,3,7,18,1,55,2,2,0,1,13,3,0,12,2,8,2,1,2,25,1,1,2,1,0,0,3,1,0,0,1,55,1,59,2,13,0,0,0,0,1,7,2,150065,9400,2009,34,SR-72,99999999999999999999,0000000,21.34785833,-157.7210306,2,1
15,3,7,19,1,45,1,1,0,1,11,1,0,25,0,1,4,3,3,50,2,2,2,1,0,0,3,1,0,0,1,49,1,55,88,88,0,0,0,0,1,1,1,150066,2400,2009,49,I-H-201,99999999999999999999,0000000,21.3366,-157.882025,1,1
15,3,7,25,1,30,2,3,0,0,14,3,0,12,5,2,1,1,2,30,1,1,2,1,3,3,3,1,0,0,1,30,1,37,88,88,0,0,0,0,1,7,2,150067,3627,2009,4,SR-901,8920,0000000,21.32963611,-158.0717278,2,1
15,9,8,19,18,35,1,1,0,0,16,4,0,33,0,3,4,1,2,20,1,1,2,1,20,3,5,1,0,0,18,35,18,42,20,0,0,0,0,0,1,4,1,150068,2900,2009,0,HUKILIKE STREET,PAPA PLACE,0000000,20.88091667,-156.4578861,1,1
15,3,8,21,5,30,1,2,1,0,14,3,0,8,0,3,1,1,6,25,1,1,2,1,0,0,4,1,0,0,5,31,5,44,6,36,0,0,0,0,1,6,0,150069,501,2009,16,SR-76,MAKULE ROAD,0000000,21.31539444,-158.0121194,1,1
15,3,8,21,17,30,1,2,1,1,2,3,0,37,0,1,4,1,2,35,2,1,2,1,0,0,1,1,0,0,17,40,17,45,88,88,0,0,0,0,1,6,0,150070,3500,2009,300,SR-83,99999999999999999999,0000000,21.53328889,-157.8379694,1,1
15,3,8,26,20,25,1,1,0,0,15,4,0,38,0,3,4,1,2,25,1,2,2,1,0,0,1,1,0,0,20,25,20,35,20,51,0,0,0,0,1,4,1,150071,9200,2009,0,8543,KAWILI STREET,0000000,21.44033611,-158.1729028,1,1
15,1,8,28,15,46,1,2,1,0,3,3,0,8,0,1,2,1,2,45,1,1,2,1,0,0,1,1,0,0,15,47,15,55,88,88,0,0,0,0,1,6,0,150072,3002,2009,332,SR-190,99999999999999999999,0000000,19.71990556,-155.97735,1,1
15,9,9,1,10,33,2,2,0,0,14,3,0,12,5,8,1,1,4,35,1,1,2,1,0,0,1,1,0,0,10,40,10,44,11,2,0,0,0,0,1,3,0,150073,2900,2009,6,SR-3400,99999999999999999999,0000000,20.89601111,-156.4793556,2,1
15,1,9,5,0,59,1,1,0,0,14,3,0,26,0,1,4,1,2,35,2,2,2,1,0,0,3,1,0,1,0,59,1,6,88,88,0,0,0,0,1,7,1,150074,3002,2009,977,SR-197,99999999999999999999,0000000,19.67180278,-156.0139,1,1
15,1,9,5,23,48,2,5,0,1,2,3,0,12,2,1,1,1,2,45,1,1,2,1,0,0,2,1,0,0,23,50,23,54,0,17,0,2,0,0,3,7,1,150075,3400,2009,550,SR-19,99999999999999999999,0000000,20.03016944,-155.6402639,2,1
15,1,9,6,8,47,2,6,0,1,13,3,0,54,11,1,1,2,2,35,2,2,2,1,0,0,1,1,0,0,8,49,8,52,9,15,0,14,0,0,1,1,0,150076,3002,2009,988,SR-19,99999999999999999999,0000000,19.65325833,-156.0045944,2,1
15,9,9,13,22,26,2,9,0,0,14,3,0,12,2,1,1,1,2,45,2,1,5,1,0,0,3,1,0,0,22,27,22,33,23,9,0,0,0,0,1,1,1,150077,6260,2009,11,SR-310,99999999999999999999,0000000,20.80001111,-156.4957389,2,1
15,9,9,15,21,21,1,2,1,1,13,3,0,8,0,3,1,2,2,35,1,1,2,1,3,3,3,1,0,0,21,21,21,27,21,37,0,0,0,0,1,3,1,150078,2900,2009,23,SR-32,3950,0000000,20.89015,-156.4703972,1,1
15,1,9,18,18,24,1,1,0,0,16,4,0,43,0,1,4,1,2,35,1,2,2,1,0,0,3,1,0,0,18,25,18,28,18,54,0,0,0,0,1,6,1,150079,1900,2009,0,IWALANI STREET,99999999999999999999,0000000,,,1,1
15,7,9,20,22,25,1,1,0,0,2,3,0,52,0,1,4,1,2,50,1,1,2,1,0,0,2,9,0,0,22,39,22,53,88,88,0,0,0,0,1,1,1,150080,6200,2009,36,SR-50,99999999999999999999,0000000,21.96425,-159.4232306,1,9
15,9,9,30,22,33,1,3,0,0,4,3,0,35,0,1,2,1,2,20,1,1,2,1,0,0,3,1,0,0,22,33,22,45,23,29,0,2,0,0,3,4,1,150081,9250,2009,43,SR-340,99999999999999999999,0000000,20.93595,-156.5139139,1,1
15,3,10,11,13,12,2,5,0,0,3,4,0,12,2,1,1,1,2,45,2,2,2,1,0,0,1,1,0,0,13,15,13,24,88,88,0,0,0,0,1,1,0,150082,8900,2009,0,801,99999999999999999999,0000000,21.52877778,-158.0803861,2,1
15,3,10,11,19,55,2,2,0,0,13,3,0,12,1,3,1,1,5,35,1,2,2,1,2,3,2,1,0,0,19,54,19,58,20,19,0,0,0,0,1,1,1,150083,9600,2009,3,SR-750,KUPUNA LOOP,0000000,21.38821944,-158.0344889,2,1
15,1,10,14,1,0,1,1,0,0,16,8,0,42,0,1,4,1,1,25,2,2,2,1,0,0,2,1,0,0,99,99,99,99,88,88,0,0,0,0,1,4,1,150084,1900,2009,0,MAIKALANI STREET,99999999999999999999,0000000,19.73026944,-155.1311361,1,1
15,3,10,18,2,0,1,2,0,1,13,3,0,36,0,1,4,1,2,35,2,2,2,1,0,0,2,1,0,0,2,35,2,45,88,88,0,0,0,0,2,1,1,150085,9400,2009,76,SR-72,99999999999999999999,0000000,21.31616389,-157.6674139,1,1
15,9,10,22,22,38,2,2,0,1,13,3,0,12,1,1,1,1,2,45,1,1,2,1,0,0,2,1,0,0,22,39,22,49,23,43,0,0,0,0,1,5,1,150086,2900,2009,19,SR-311,99999999999999999999,0000000,20.85299722,-156.4608917,2,1
15,7,10,28,1,37,1,1,0,0,3,3,0,30,0,1,4,1,2,50,1,2,2,1,0,0,2,1,0,0,88,88,88,88,88,88,0,0,0,0,1,4,1,150087,7250,2009,84,SR-50,99999999999999999999,0000000,21.93545278,-159.4830861,1,1
15,9,10,31,22,12,1,1,0,0,15,4,0,35,0,1,2,1,2,30,1,2,2,1,0,0,2,1,0,0,22,13,22,25,23,25,0,0,0,0,1,7,1,150088,7800,2009,0,390,99999999999999999999,0000000,20.89225278,-156.3512306,1,1
15,1,11,1,1,55,4,7,0,0,15,4,0,12,2,1,1,1,2,30,1,1,2,1,0,0,2,1,0,0,1,59,2,8,2,34,0,0,0,0,1,1,3,150089,3002,2009,0,186,99999999999999999999,0000000,19.61336389,-155.9811833,4,1
15,3,11,3,10,47,1,2,1,0,13,4,0,8,0,3,1,1,5,30,1,1,2,1,0,0,1,1,0,0,10,48,10,55,11,14,0,0,0,0,1,3,0,150090,2400,2009,0,7402,COOLIDGE STREET,0000000,21.29292222,-157.8247611,1,1
15,9,11,10,2,19,2,1,0,0,15,4,0,14,7,1,7,1,2,20,1,1,2,1,0,0,3,1,0,0,2,22,2,24,88,88,0,0,0,0,1,3,1,150091,5600,2009,0,3015,99999999999999999999,0000000,20.87904167,-156.6798667,1,1
15,3,11,14,22,48,1,5,0,1,13,3,0,24,0,1,4,1,2,35,1,1,1,1,0,0,3,1,0,0,22,48,22,53,0,24,0,0,0,0,1,7,1,150092,2800,2009,178,SR-83,99999999999999999999,0000000,21.65399722,-157.9298722,1,1
15,1,11,18,7,11,2,6,0,1,13,3,0,12,2,1,1,1,2,45,1,1,2,2,0,0,1,1,0,0,7,40,7,48,8,7,0,0,0,0,1,4,0,150093,3400,2009,520,SR-19,99999999999999999999,0000000,20.04311111,-155.5958028,2,1
15,3,11,18,19,4,1,2,0,1,12,3,0,33,0,3,4,2,3,35,1,1,1,1,0,0,3,1,0,0,19,5,19,12,19,34,0,0,0,0,1,4,0,150094,2400,2009,14,SR-61,COELHO WAY,0000000,21.32889722,-157.8455861,1,1
15,9,11,26,2,10,1,1,0,0,15,4,0,1,0,2,1,1,2,30,2,1,2,1,0,0,3,1,0,0,2,11,2,17,2,30,0,0,0,0,1,5,1,150095,2900,2009,0,3940,SCHOOL STREET,0000000,20.88707222,-156.4702028,1,1
15,1,12,1,21,44,1,2,1,0,3,3,0,8,0,1,2,1,2,55,1,1,2,1,0,0,3,1,0,0,21,48,22,1,88,88,0,0,0,0,1,3,0,150096,8850,2009,200,SR-11,99999999999999999999,0000000,19.48390833,-155.1545917,1,1
15,3,12,3,19,45,1,3,1,0,15,4,0,8,0,3,1,1,4,25,1,1,2,2,0,0,3,2,0,0,19,45,19,54,20,13,0,0,0,0,1,5,0,150097,2400,2009,0,7442,LAKOLOA PLACE,0000000,21.34196667,-157.8744056,1,2
15,3,12,3,4,45,1,1,0,1,2,3,0,24,0,1,4,1,2,45,1,1,2,1,0,0,2,1,0,0,4,56,5,0,5,15,0,0,0,0,1,5,0,150098,2800,2009,152,SR-83,99999999999999999999,0000000,21.67986111,-157.9556861,1,1
15,3,12,8,0,1,1,1,0,0,14,4,0,30,0,1,4,1,2,25,1,1,2,1,0,0,3,1,0,0,0,8,0,15,88,88,0,0,0,0,1,3,1,150099,3000,2009,0,6016,99999999999999999999,0000000,21.40284167,-157.7494306,1,1
15,3,12,16,3,15,2,2,0,1,11,1,0,1,0,1,1,3,4,50,1,2,2,1,0,0,3,1,0,0,3,17,3,36,88,88,0,0,0,0,1,4,1,150100,2400,2009,21,I-H-201,99999999999999999999,0000000,21.36745833,-157.9049056,2,1
15,3,12,19,18,25,2,7,0,0,15,3,0,12,5,2,1,1,2,30,1,2,2,1,20,3,3,1,0,0,18,27,18,32,19,14,0,0,0,0,1,7,0,150101,100,2009,18,SR-7241,IWAIWA STREET,0000000,21.37685833,-157.9168472,2,1
15,3,12,28,22,0,1,1,0,1,13,3,0,33,0,1,4,1,4,25,1,1,2,1,3,3,3,1,0,0,22,2,22,3,22,40,0,0,0,0,1,2,1,150102,9200,2009,115,SR-93,99999999999999999999,0000000,21.45093056,-158.1925472,1,1
16,31,1,2,15,10,1,5,0,1,1,1,0,1,0,1,3,3,2,75,1,1,2,4,0,0,1,4,0,0,15,17,15,38,99,99,0,0,0,0,1,6,0,160001,0,2009,88,I-86,99999999999999999999,0000000,42.58691389,-113.3456833,1,4
16,73,1,3,10,50,2,4,0,0,3,3,0,12,4,1,1,1,2,65,1,1,2,4,0,0,1,1,0,0,11,8,12,12,99,99,0,0,0,0,2,7,0,160002,0,2009,187,SR-51,99999999999999999999,0000000,42.22330556,-116.0604278,2,1
16,67,1,3,20,44,2,3,0,0,6,4,0,12,5,2,1,1,2,45,1,1,2,1,20,3,2,1,0,0,20,46,20,52,99,99,0,0,0,0,1,7,0,160003,0,2009,0,200 SOUTH RD,500 WEST RD,0000000,42.59054722,-113.76405,2,1
16,69,1,4,12,30,2,5,0,1,2,2,3,12,8,1,1,1,2,65,2,2,2,4,0,0,1,1,0,0,12,42,13,7,99,99,0,0,0,0,3,1,0,160004,0,2009,2851,US-95,99999999999999999999,0000000,46.32709167,-116.5840556,2,1
16,55,1,6,16,3,3,3,0,1,2,2,0,12,2,1,1,1,3,60,2,2,2,3,0,0,5,1,0,0,16,5,16,16,99,99,0,0,0,0,1,3,0,160005,0,2009,4257,US-95,99999999999999999999,0000000,47.64443056,-116.8554361,3,1
16,39,1,18,17,30,1,3,1,0,16,6,0,9,0,1,1,1,2,25,1,1,2,1,0,0,5,1,0,0,17,30,17,34,99,99,0,0,0,0,1,1,0,160006,0,2009,0,BRADFORD ST,99999999999999999999,0000000,43.12901389,-115.7098,1,1
16,19,1,1,14,27,1,2,0,1,2,2,0,1,0,1,4,1,2,55,1,1,2,4,0,0,1,4,0,0,14,30,14,34,99,99,0,0,0,0,1,5,0,160007,1780,2009,3747,US-26,99999999999999999999,0000000,43.44861111,-111.3806917,1,4
16,17,1,30,7,49,2,2,0,1,2,2,0,12,8,1,1,1,2,60,2,2,2,1,0,0,1,1,0,0,7,49,8,2,99,99,0,0,0,0,1,6,1,160008,0,2009,229,US-2,99999999999999999999,0000000,48.25781944,-116.6621556,2,1
16,83,2,8,21,30,2,2,0,1,2,2,0,12,8,1,1,1,2,65,1,1,2,2,0,0,2,2,0,0,21,35,21,59,88,88,0,0,0,0,1,1,1,160009,0,2009,198,US-93,99999999999999999999,0000000,42.24880833,-114.5748444,2,2
16,17,2,10,10,10,2,4,0,1,2,2,0,12,2,1,1,1,2,65,1,1,2,4,0,0,1,4,0,0,10,15,10,24,99,99,0,0,0,0,2,3,0,160010,0,2009,4527,US-95,99999999999999999999,0000000,47.99292222,-116.6811139,2,4
16,43,2,1,11,0,2,4,0,1,2,2,0,12,5,4,1,1,2,65,1,1,2,4,20,3,1,1,0,0,11,3,11,20,88,88,0,0,0,0,1,1,0,160011,805,2009,3864,US-20,99999999999999999999,0000000,44.41371944,-111.3734944,2,1
16,23,2,16,19,25,2,3,0,1,2,2,0,12,8,1,1,1,2,65,2,2,2,4,0,0,2,4,0,0,19,27,20,5,99,99,0,0,0,0,1,2,0,160012,0,2009,2230,US-93,99999999999999999999,0000000,43.39645,-113.6318389,2,4
16,69,2,5,23,30,1,2,0,0,6,4,3,1,0,1,4,1,2,35,1,2,4,2,0,0,2,2,5,0,88,88,88,88,88,88,0,0,0,0,1,5,1,160013,0,2009,0,COYOTE GRADE RD,99999999999999999999,0000000,46.47001111,-116.8481194,1,2
16,75,2,19,22,0,1,1,0,0,4,4,0,1,0,1,4,1,2,50,2,1,2,1,0,0,2,1,0,0,7,46,99,99,88,88,0,18,0,0,1,5,0,160014,0,2009,79,SAND HOLLOW RD,99999999999999999999,0000000,43.80863333,-116.7482444,1,1
16,1,2,19,17,6,1,1,0,0,3,3,0,27,0,2,4,1,2,55,2,1,2,1,0,0,1,1,0,0,17,12,17,20,88,88,0,0,0,0,1,5,0,160015,0,2009,173,SR-21,SPRING SHORES RD,0000000,43.59389167,-115.9975972,1,1
16,27,2,20,15,13,3,8,0,0,13,6,0,12,8,1,1,1,4,45,1,1,2,1,0,0,1,1,0,0,15,16,15,20,99,99,0,0,0,0,2,6,0,160016,210,2009,518,CLEVELAND BLVD,99999999999999999999,0000000,43.64509722,-116.6615111,3,1
16,27,2,21,18,11,2,3,0,0,15,4,0,12,5,2,1,1,2,45,1,1,2,1,20,3,1,1,0,0,18,14,18,20,99,99,0,0,0,0,1,7,1,160017,0,2009,55,ROBINSON BLVD,LOCUST LN,0000000,43.53216944,-116.4935306,2,1
16,29,2,17,7,14,2,2,0,0,4,3,0,12,5,2,1,1,4,35,1,2,2,3,20,3,4,4,0,0,7,14,7,24,99,99,0,0,0,0,1,3,0,160018,1680,2009,589,SR-34,E 3RD N ST,0000000,42.66601667,-111.5844278,2,4
16,11,2,11,15,25,1,1,0,0,6,4,3,37,0,1,4,1,2,45,2,2,2,1,0,0,1,1,0,0,15,34,15,45,88,88,0,0,0,0,1,4,1,160019,0,2009,0,ROSS CREEK RD,99999999999999999999,0000000,43.03197778,-112.27815,1,1
16,65,2,23,7,50,1,1,0,0,4,4,0,30,0,1,4,1,2,50,1,1,2,3,0,0,1,4,0,0,7,50,7,59,99,99,0,0,0,0,1,2,0,160020,0,2009,3284,YELLOWSTONE HWY,99999999999999999999,0000000,43.79471111,-111.81625,1,4
16,49,2,26,10,2,1,5,0,1,2,2,0,1,0,1,4,1,2,65,1,1,2,4,0,0,1,4,0,0,10,2,10,16,99,99,0,0,0,0,1,5,0,160021,0,2009,2464,US-95,99999999999999999999,0000000,45.96162222,-116.2520139,1,4
16,83,2,2,19,55,1,2,0,0,16,6,0,5,0,2,1,1,2,25,1,1,2,1,0,0,3,1,0,0,19,58,20,5,99,99,0,0,0,0,1,2,0,160022,1830,2009,0,BITTERROOT DR,SAWTOOTH BLVD,0000000,42.57953611,-114.4460389,1,1
16,65,2,9,8,39,2,4,0,0,3,3,0,12,1,1,1,1,2,65,1,1,2,4,0,0,1,4,0,0,8,39,8,49,88,88,0,19,0,0,1,2,0,160023,0,2009,1095,SR-33,99999999999999999999,0000000,43.88335556,-111.5508417,2,4
16,1,3,1,18,11,2,8,0,0,14,6,0,12,8,3,1,1,2,35,1,1,2,1,0,0,1,1,0,0,18,11,18,13,99,99,0,0,0,0,1,1,0,160024,1070,2009,196,LOCUST GROVE RD,MEADOWGRASS ST,0000000,43.627975,-116.3745194,2,1