STATE,COUNTY,MONTH,DAY,HOUR,MINUTE,VE_TOTAL,PERSONS,PEDS,NHS,ROAD_FNC,ROUTE,SP_JUR,HARM_EV,MAN_COLL,REL_JUNC,REL_ROAD,TRAF_FLO,NO_LANES,SP_LIMIT,ALIGNMNT,PROFILE,PAVE_TYP,SUR_COND,TRA_CONT,T_CONT_F,LGT_COND,WEATHER1,WEATHER2,WRK_ZONE,NOT_HOUR,NOT_MIN,ARR_HOUR,ARR_MIN,HOSP_HR,HOSP_MN,SCH_BUS,CF1,CF2,CF3,FATALS,DAY_WEEK,DRUNK_DR,ST_CASE,CITY,YEAR,MILEPT,TWAY_ID,TWAY_ID2,RAIL,LATITUDE,LONGITUD,VE_FORMS,WEATHER
16,27,3,3,20,30,2,3,0,0,4,4,0,12,5,2,1,1,2,50,1,1,2,2,20,3,2,1,0,0,20,31,20,46,99,99,0,0,0,0,3,3,1,160025,0,2009,1054,RED TOP RD,BATT CORNER RD,0000000,43.69060556,-116.9220444,2,1
16,45,3,12,15,3,2,3,0,0,13,3,0,12,2,2,1,1,2,50,1,1,2,1,20,3,1,1,0,1,15,5,15,11,99,99,0,0,0,0,1,5,1,160026,480,2009,302,SR-52,BOISE AVE,0000000,43.86125833,-116.5027361,2,1
16,13,3,10,12,18,3,4,0,0,13,3,0,12,8,1,1,1,2,55,1,1,2,1,0,0,1,1,0,0,12,18,12,21,99,99,0,13,0,0,1,3,0,160027,650,2009,1155,SR-75,0,0000000,43.51223889,-114.3019722,3,1
16,63,3,7,20,44,2,3,0,1,2,2,0,5,0,1,1,1,2,65,1,2,2,1,0,0,2,1,0,0,20,44,20,48,99,99,0,14,0,0,1,7,0,160028,0,2009,711,US-93,99999999999999999999,0000000,42.90156111,-114.4206806,2,1
16,31,3,18,1,15,1,1,0,0,4,3,0,1,0,1,5,1,2,55,2,2,2,1,0,0,2,1,0,0,1,19,1,33,88,88,0,0,0,0,1,4,1,160029,0,2009,195,SR-77,99999999999999999999,0000000,42.42256111,-113.5928444,1,1
16,27,3,18,0,35,1,1,0,0,15,6,0,38,0,1,4,1,2,55,2,1,2,1,0,0,2,1,0,0,0,38,0,47,88,88,0,0,0,0,1,4,1,160030,0,2009,158,HAPPY VALLEY RD,99999999999999999999,0000000,43.52957222,-116.512975,1,1
16,83,3,18,18,3,2,4,0,0,4,4,0,12,5,2,1,1,2,50,1,1,2,1,0,0,1,1,0,0,18,10,18,16,99,99,0,0,0,0,1,4,0,160031,0,2009,4,E 2900 N RD,N 4500 E RD,0000000,42.41731389,-114.1709944,2,1
16,1,3,20,21,49,1,2,0,0,15,6,0,42,0,1,5,1,2,35,2,1,2,1,0,0,3,1,0,0,21,49,21,55,99,99,0,0,0,0,2,6,0,160032,160,2009,109,SUPRISE WAY,99999999999999999999,0000000,43.55066389,-116.1186639,1,1
16,83,3,22,15,39,2,2,0,0,16,6,0,12,8,1,4,1,2,25,1,1,2,1,0,0,1,1,0,0,15,39,15,45,99,99,0,0,0,0,1,1,0,160033,1830,2009,0,HARMON PARK AVE,99999999999999999999,0000000,42.55324167,-114.4533833,2,1
16,9,3,26,0,59,1,6,0,0,4,4,3,1,0,1,4,1,2,55,1,1,2,1,0,0,2,1,0,0,1,15,1,40,99,99,0,0,0,0,2,5,1,160034,0,2009,1021,LOVELL VALLEY RD,99999999999999999999,0000000,47.26758056,-117.0113472,1,1
16,9,3,8,16,10,2,3,0,1,2,2,3,12,2,1,1,1,2,60,2,2,2,3,0,0,1,1,0,0,16,15,16,32,99,99,0,0,0,0,1,1,0,160035,0,2009,3852,US-95,99999999999999999999,0000000,47.19953889,-116.9427694,2,1
16,31,3,30,14,35,2,3,0,0,4,3,0,12,8,1,1,1,2,65,1,1,2,1,0,0,1,1,0,0,14,38,14,49,99,99,0,0,0,0,1,2,1,160036,0,2009,123,SR-27,99999999999999999999,0000000,42.41117778,-113.8309222,2,1
16,71,4,3,3,45,1,1,0,0,4,4,0,1,0,1,1,1,2,55,2,1,2,1,0,0,2,1,0,0,3,50,3,59,99,99,0,0,0,0,1,6,1,160037,0,2009,58,STONE RD,99999999999999999999,0000000,42.05821389,-112.660675,1,1
16,23,4,3,19,53,2,3,0,1,2,2,0,12,4,1,1,1,2,65,1,1,2,3,0,0,1,4,0,0,19,56,20,6,99,99,0,0,0,0,1,6,0,160038,0,2009,2540,US-20,99999999999999999999,0000000,43.60978611,-113.2060556,2,4
16,11,4,5,13,16,3,4,0,0,13,6,0,12,8,2,1,5,2,35,1,1,2,1,3,3,1,1,0,0,13,19,13,20,99,99,0,0,0,0,1,1,0,160039,130,2009,1007,MAIN ST,BRIDGE ST,0000000,43.18875,-112.3451194,3,1
16,69,4,9,19,28,1,2,0,1,2,2,3,18,0,1,1,1,2,55,1,1,2,1,0,0,2,1,0,0,19,24,19,30,88,88,0,0,0,0,2,5,0,160040,0,2009,372,US-12,99999999999999999999,0000000,46.49995278,-116.3873361,1,1
16,11,4,19,17,25,1,1,0,1,2,2,0,17,0,1,5,1,2,65,1,2,2,1,0,0,1,1,0,0,17,27,17,35,88,88,0,0,0,0,1,1,1,160041,0,2009,3005,US-26,99999999999999999999,0000000,43.24391944,-112.4534667,1,1
16,55,4,19,14,16,1,1,0,0,4,3,0,33,0,1,3,3,2,45,2,1,2,1,0,0,1,1,0,0,14,16,14,20,99,99,0,0,0,0,1,1,0,160042,0,2009,120,SR-54,99999999999999999999,0000000,47.94735278,-116.611,1,1
16,39,4,16,3,19,1,1,0,0,4,3,0,31,0,1,4,1,2,65,1,1,2,1,0,0,2,1,0,0,3,20,3,36,88,88,0,0,0,0,1,5,1,160043,0,2009,95,SR-67,99999999999999999999,0000000,43.051125,-115.9782833,1,1
16,19,4,22,9,39,2,2,0,1,2,2,0,12,8,1,1,1,2,65,1,1,2,1,0,0,1,1,0,0,9,41,9,42,88,88,0,0,0,0,1,4,0,160044,0,2009,2844,US-20,99999999999999999999,0000000,43.55123056,-112.4899139,2,1
16,5,4,13,2,0,1,1,0,0,5,4,3,34,0,1,4,1,2,25,1,2,5,2,0,0,3,1,0,0,2,5,2,11,88,88,0,99,99,99,1,2,1,160045,0,2009,0,POLE LINE EXTENSION,99999999999999999999,0000000,42.99594444,-112.4665583,1,1
16,1,4,26,13,16,1,3,0,1,2,3,0,38,0,1,4,1,2,65,1,1,2,1,0,0,1,1,0,0,13,17,13,26,99,99,0,0,0,0,1,1,0,160046,0,2009,56,SR-16,99999999999999999999,0000000,43.77036667,-116.4682222,1,1
16,75,4,26,3,40,1,2,0,1,2,2,0,1,0,1,5,1,2,65,1,1,2,1,0,0,2,1,0,0,3,45,3,57,99,99,0,0,0,0,1,1,0,160047,0,2009,731,US-95,99999999999999999999,0000000,44.14070278,-116.8999167,1,1
16,73,4,27,7,58,1,2,0,1,2,2,0,32,0,1,4,1,2,55,1,1,2,1,0,0,1,1,0,0,7,58,8,8,99,99,0,0,0,0,1,2,0,160048,0,2009,316,US-95,99999999999999999999,0000000,43.58111667,-116.9311194,1,1
16,55,4,29,5,19,1,1,0,1,12,2,0,18,0,1,3,2,4,45,1,1,2,1,0,0,1,1,0,0,5,21,5,30,88,88,0,0,0,0,1,4,0,160049,300,2009,4332,US-95,99999999999999999999,0000000,47.73686111,-116.7928389,1,1
16,7,4,29,13,52,1,2,0,1,2,2,0,1,0,1,1,1,3,65,2,2,2,1,0,0,1,1,0,0,13,52,14,0,99,99,0,0,0,0,1,4,0,160050,0,2009,4196,US-30,99999999999999999999,0000000,42.52262222,-111.4019694,1,1
16,19,4,25,20,32,1,1,0,0,4,4,0,43,0,1,5,1,2,50,2,1,2,1,0,0,2,1,0,0,20,32,20,51,99,99,0,0,0,0,1,7,1,160051,0,2009,23,RIRIE HWY,99999999999999999999,0000000,43.62681944,-111.7290056,1,1
16,31,5,5,14,30,1,1,0,1,1,1,0,1,0,1,3,2,2,75,1,1,2,1,0,0,1,1,0,0,14,34,14,47,88,88,0,0,0,0,1,3,1,160052,0,2009,2479,I-84,99999999999999999999,0000000,42.29338889,-113.1719889,1,1
16,1,5,5,0,49,1,2,1,0,13,6,0,8,0,1,1,5,4,35,1,1,2,2,0,0,2,2,0,0,0,51,0,54,99,99,0,0,0,0,1,3,0,160053,160,2009,245,STATE ST,99999999999999999999,0000000,43.64226667,-116.2385861,1,2
16,83,5,11,99,99,1,1,0,0,6,4,0,1,0,1,4,1,2,50,1,2,4,1,0,0,1,1,0,0,18,0,18,29,88,88,0,0,0,0,1,2,1,160054,0,2009,0,1900 EAST RD,99999999999999999999,0000000,42.4258,-114.6727611,1,1
16,27,5,16,16,6,2,3,0,1,2,3,0,12,4,1,1,1,4,55,1,1,2,1,0,0,1,1,0,0,16,8,16,17,99,99,0,0,0,0,1,7,0,160055,0,2009,56,SR-55,99999999999999999999,0000000,43.58799444,-116.7924778,2,1
16,67,5,17,9,50,1,4,0,0,6,4,0,34,0,1,4,1,2,55,1,1,2,1,0,0,1,1,0,0,9,55,10,6,99,99,0,0,0,0,3,1,1,160056,0,2009,0,400 NORTH RD,99999999999999999999,0000000,42.67646944,-113.4890333,1,1
16,1,5,21,19,44,1,2,1,0,14,6,0,9,0,2,1,5,4,30,1,1,2,1,2,3,1,1,0,0,19,45,19,49,99,99,0,0,0,0,1,5,0,160057,160,2009,76,EMERALD ST,MILWAUKEE ST,0000000,43.61129722,-116.2841278,1,1
16,1,5,19,12,52,1,3,1,0,14,6,0,9,0,1,2,5,2,35,2,1,2,1,0,0,1,1,0,0,12,52,12,56,99,99,0,0,0,0,1,3,0,160058,160,2009,9,ORCHARD ST,99999999999999999999,0000000,43.56393611,-116.24385,1,1
16,59,5,24,21,30,1,2,0,0,6,4,0,1,0,1,4,1,2,20,1,2,5,1,0,0,2,1,0,0,11,36,12,5,88,88,0,18,0,0,1,1,0,160059,0,2009,0,WILLIAMS CREEK RD,99999999999999999999,0000000,45.01317778,-113.9469333,1,1
16,31,5,25,17,10,2,2,0,0,4,3,0,12,1,1,1,1,2,65,2,1,2,1,0,0,1,1,0,0,17,10,17,24,99,99,0,0,0,0,1,2,2,160060,0,2009,76,SR-27,99999999999999999999,0000000,42.354475,-113.8816583,2,1
16,15,5,26,14,37,1,1,0,0,3,3,0,1,0,1,4,1,2,55,2,1,2,1,0,0,1,1,0,0,14,38,14,50,88,88,0,0,0,0,1,3,0,160061,0,2009,246,SR-21,99999999999999999999,0000000,43.67752222,-115.9688972,1,1
16,85,5,20,16,41,1,1,0,0,6,6,0,42,0,1,4,1,2,25,2,2,2,1,0,0,1,1,0,0,16,42,16,46,99,99,0,0,0,0,1,4,1,160062,990,2009,0,ERNESTO DR,99999999999999999999,0000000,44.90730556,-116.1259167,1,1
16,45,5,22,19,2,1,1,0,0,16,6,0,1,0,1,1,1,2,20,1,1,2,1,0,0,1,1,0,0,19,2,19,11,99,99,0,0,0,0,1,6,1,160063,480,2009,0,HOMESTEAD DR,99999999999999999999,0000000,43.86831389,-116.5165333,1,1
16,5,5,27,22,49,1,3,1,0,13,2,0,8,0,1,1,1,2,50,1,1,2,1,0,0,2,1,0,0,22,50,23,3,88,88,0,0,0,0,1,4,0,160064,0,2009,832,US-91,99999999999999999999,0000000,42.95849167,-112.4665778,1,1
16,77,5,23,11,30,1,2,0,0,4,4,3,38,0,1,4,1,2,55,1,1,2,1,0,0,1,1,0,0,88,88,88,88,88,88,0,0,0,0,2,7,0,160065,0,2009,156,ARBON VALLEY HWY,99999999999999999999,0000000,42.77399167,-112.6247,1,1
16,57,5,22,19,34,1,1,0,0,3,3,0,1,0,1,2,1,2,55,2,1,2,1,0,0,1,1,0,0,19,36,19,46,99,99,0,0,0,0,1,6,1,160066,0,2009,268,SR-3,99999999999999999999,0000000,46.771025,-116.5594889,1,1
16,79,6,13,13,37,2,3,0,0,4,4,0,1,0,1,2,1,2,35,2,1,2,1,0,0,1,1,0,0,13,40,13,50,88,88,0,0,0,0,1,7,0,160067,0,2009,274,PRICHARD CREEK RD,99999999999999999999,0000000,47.625025,-115.8959778,2,1
16,21,6,14,22,4,1,1,0,1,2,2,0,43,0,1,4,1,2,60,1,1,2,2,0,0,2,1,0,0,22,4,22,13,88,88,0,0,0,0,1,1,1,160068,0,2009,5179,US-95,99999999999999999999,0000000,48.82771667,-116.3317028,1,1
16,11,6,14,20,5,1,1,0,1,11,1,0,24,0,1,4,3,2,75,1,1,2,1,0,0,1,1,0,0,20,8,20,15,99,99,0,0,0,0,1,1,0,160069,0,2009,959,I-15,99999999999999999999,0000000,43.23984167,-112.3275222,1,1
16,15,6,18,20,30,1,2,0,1,2,3,0,42,0,1,4,1,2,55,2,2,2,1,0,0,2,1,0,0,22,23,22,38,99,99,0,0,0,0,1,5,1,160070,0,2009,724,SR-55,99999999999999999999,0000000,44.00933056,-116.1646694,1,1
16,19,6,19,15,27,2,2,0,1,12,2,0,1,0,13,1,6,1,55,1,2,2,1,0,0,1,1,0,0,15,29,15,36,88,88,0,0,0,0,1,6,0,160071,790,2009,3078,US-20,US-20 IC 307 EB RAMP,0000000,43.50581389,-112.0515028,2,1
16,33,6,21,18,13,1,1,0,1,1,1,0,1,0,1,3,3,4,75,1,2,2,6,0,0,1,2,0,0,18,16,18,38,88,88,0,0,0,0,1,1,0,160072,0,2009,1836,I-15,99999999999999999999,0000000,44.40216111,-112.1952,1,2
16,59,6,20,9,0,1,2,0,0,9,4,0,11,0,1,1,1,2,99,1,1,5,2,0,0,1,1,0,0,9,12,9,38,99,99,0,0,0,0,1,7,0,160073,0,2009,0,IRON CREEK RD,99999999999999999999,0000000,44.892075,-113.9787972,1,1
16,87,6,22,22,5,1,2,0,1,2,2,0,30,0,1,4,1,2,45,2,1,2,1,0,0,6,1,0,0,22,16,22,22,99,99,0,0,0,0,1,2,1,160074,220,2009,1136,US-95,99999999999999999999,0000000,44.56977222,-116.6711556,1,1
16,67,6,27,11,40,1,2,0,1,11,1,0,1,0,1,1,3,2,75,1,1,2,1,0,0,1,1,0,0,11,42,11,49,99,99,0,0,0,0,2,7,0,160075,0,2009,2116,I-84,99999999999999999999,0000000,42.56899444,-113.7255556,1,1
16,1,6,11,19,44,1,2,1,0,15,6,0,9,0,2,1,1,2,30,1,2,2,1,0,0,1,1,0,0,19,45,19,49,99,99,0,0,0,0,1,5,0,160076,160,2009,58,HILL RD,SMITH AVE,0000000,43.64436944,-116.2158833,1,1
16,83,6,25,19,0,1,6,1,0,5,4,0,9,0,1,1,1,2,50,1,2,2,1,0,0,1,1,0,0,19,5,19,10,88,88,0,0,0,0,1,5,1,160077,0,2009,0,4000 NORTH RD,99999999999999999999,0000000,42.57717222,-114.3720583,1,1
16,29,7,5,15,10,3,6,0,0,3,3,0,12,4,1,1,1,2,65,1,1,2,1,0,0,1,1,0,0,15,15,15,52,99,99,0,0,0,0,1,1,0,160078,0,2009,393,SR-34,99999999999999999999,0000000,42.48775556,-111.7307333,3,1
16,3,7,3,14,36,2,1,0,1,2,2,0,42,0,1,5,1,2,65,1,1,2,2,0,0,1,1,0,0,14,40,15,16,88,88,0,0,0,0,1,6,0,160079,0,2009,1820,US-95,99999999999999999999,0000000,45.25307778,-116.3351722,1,1
16,53,7,4,22,28,1,3,1,0,14,6,0,8,0,2,1,5,4,35,1,1,2,1,0,0,3,1,0,0,22,30,22,36,99,99,0,0,0,0,1,7,0,160080,830,2009,19,LINCOLN AVE,W AVE I,0000000,42.71501111,-114.5184194,1,1
16,3,7,6,16,20,2,5,0,1,2,2,0,12,2,1,1,1,2,45,2,1,2,1,0,0,1,1,0,0,16,25,16,34,99,99,0,0,0,0,2,2,0,160081,0,2009,1530,US-95,99999999999999999999,0000000,44.94630278,-116.3830667,2,1
16,27,7,7,12,58,4,10,0,1,13,3,0,12,5,2,1,5,2,55,1,1,2,1,20,3,1,1,0,0,13,1,13,6,99,99,0,0,0,0,1,3,0,160082,210,2009,126,SR-55,INDIANA AVE,0000000,43.60438333,-116.6729833,4,1
16,9,7,7,15,30,1,1,0,0,9,4,0,30,0,1,5,1,2,35,2,1,4,1,0,0,1,1,0,0,16,28,16,46,99,99,0,0,0,0,1,3,0,160083,1620,2009,0,RAILROAD GRADE RD,99999999999999999999,0000000,47.32152778,-116.3938917,1,1
16,55,7,10,21,31,1,1,0,0,4,3,0,31,0,1,4,1,2,45,2,1,1,1,0,0,2,1,0,0,21,42,21,52,88,88,0,0,0,0,1,6,1,160084,0,2009,782,SR-97,99999999999999999999,0000000,47.53681944,-116.7827361,1,1
16,39,7,11,16,40,2,2,0,0,4,4,0,12,7,1,1,1,2,45,2,2,2,1,0,0,1,1,0,0,16,40,16,49,88,88,0,0,0,0,1,7,2,160085,0,2009,179,PINE-FEATHERVILLE RD,99999999999999999999,0000000,43.49169444,-115.3106111,2,1
16,7,7,12,16,7,1,5,0,1,2,2,0,1,0,1,1,1,2,65,2,1,2,1,0,0,1,1,0,0,16,7,16,23,99,99,0,0,0,0,4,1,0,160086,0,2009,413,US-89,99999999999999999999,0000000,42.36190556,-111.05105,1,1
16,55,7,13,6,28,2,2,0,1,2,2,3,12,4,1,1,1,2,60,1,1,2,2,0,0,1,2,0,0,6,35,6,40,99,99,0,0,0,0,1,2,1,160087,0,2009,3984,US-95,99999999999999999999,0000000,47.37095833,-116.8858389,2,2
16,59,7,12,17,5,1,1,0,0,5,4,0,1,0,8,1,1,2,20,2,1,5,1,0,0,1,1,0,0,17,10,19,35,88,88,0,0,0,0,1,1,1,160088,0,2009,0,SALMON RIVER RD,99999999999999999999,0000000,45.37638611,-114.2772306,1,1
16,63,7,18,17,55,1,1,0,0,4,3,0,1,0,1,4,1,2,65,2,2,2,1,0,0,1,1,0,0,17,57,18,3,88,88,0,0,0,0,1,7,0,160089,0,2009,645,SR-24,99999999999999999999,0000000,42.91618056,-114.3548361,1,1
16,83,7,18,2,20,1,2,0,0,4,4,0,1,0,3,1,1,2,50,2,1,2,1,0,0,2,1,0,0,2,30,2,50,99,99,0,0,0,0,1,7,1,160090,0,2009,82,3000 EAST RD,2600 NORTH RD,0000000,42.38600278,-114.4599361,1,1
16,39,7,21,12,10,2,2,0,1,1,1,0,12,1,1,1,3,2,75,1,1,1,1,50,1,1,1,0,0,12,11,12,11,99,99,0,0,0,0,1,3,0,160091,0,2009,999,I-84,99999999999999999999,0000000,43.083675,-115.6108583,2,1
16,19,7,21,17,19,2,3,0,1,2,2,0,12,5,8,1,1,2,55,1,1,2,1,0,0,1,1,0,0,17,19,17,32,99,99,0,0,0,0,1,3,0,160092,0,2009,3852,US-26,99999999999999999999,0000000,43.36366944,-111.2311556,2,1
16,53,7,23,13,40,3,6,0,1,2,2,0,12,7,2,1,1,2,55,1,2,2,1,0,0,1,1,0,0,13,42,13,55,99,99,0,0,0,0,1,5,0,160093,0,2009,577,US-93,100 SOUTH RD,0000000,42.70942222,-114.4433028,3,1
16,79,7,26,10,36,1,2,0,1,1,1,0,42,0,1,4,3,4,75,1,1,2,1,0,0,1,1,0,0,10,39,10,59,99,99,0,0,0,0,1,1,0,160094,1305,2009,580,I-90,99999999999999999999,0000000,47.49913056,-115.9807528,1,1
16,35,7,26,3,10,1,1,0,0,5,4,0,1,0,1,4,1,2,25,2,1,2,1,0,0,2,1,0,0,11,18,11,20,88,88,0,0,0,0,1,1,1,160095,0,2009,1007,FRENCH MOUNTAIN RD,99999999999999999999,0000000,46.46905278,-115.7959306,1,1
16,81,7,28,10,54,1,4,1,0,3,3,0,9,0,1,1,1,2,55,2,1,2,1,0,0,1,1,0,0,10,55,11,1,99,99,0,0,0,0,1,3,0,160096,0,2009,1351,SR-33,99999999999999999999,0000000,43.80638056,-111.1150083,1,1
16,31,7,29,9,18,1,2,0,1,1,1,0,1,0,1,4,2,2,75,1,2,2,1,0,0,1,1,0,0,9,19,9,37,99,99,0,0,0,0,1,4,0,160097,0,2009,2221,I-84,99999999999999999999,0000000,42.56751111,-113.5121833,1,1
16,21,7,31,11,55,2,2,0,1,2,2,0,12,2,1,1,1,2,45,1,1,2,1,0,0,1,1,0,0,11,58,12,7,99,99,0,0,0,0,1,6,0,160098,0,2009,5048,US-95,99999999999999999999,0000000,48.668725,-116.3372667,2,1
16,77,8,20,20,39,1,3,0,0,4,4,0,34,0,1,4,1,2,55,1,2,2,1,0,0,5,1,0,0,20,40,21,21,99,99,0,0,0,0,1,5,0,160099,0,2009,0,ARBON VALLEY HWY,99999999999999999999,0000000,42.57005556,-112.5583639,1,1
16,83,8,13,18,18,1,2,1,0,3,2,0,8,0,1,1,1,2,60,1,1,2,1,0,0,1,1,0,0,18,19,18,29,99,99,0,2,0,0,1,5,0,160100,0,2009,2040,US-30,99999999999999999999,0000000,42.59347222,-114.7195611,1,1
16,29,8,1,14,4,1,1,0,0,4,3,0,17,0,1,4,1,2,55,2,2,2,1,0,0,1,1,0,0,14,4,14,25,99,99,0,0,0,0,1,7,0,160101,0,2009,745,SR-34,99999999999999999999,0000000,42.88134167,-111.5483944,1,1
16,45,8,1,16,3,1,2,0,0,3,3,0,1,0,1,1,1,2,55,2,2,2,1,0,0,1,1,0,0,16,9,16,26,99,99,0,0,0,0,1,7,1,160102,0,2009,434,SR-52,99999999999999999999,0000000,43.94901944,-116.3658583,1,1
16,41,8,2,19,19,1,3,0,0,3,3,0,1,0,1,1,1,2,65,1,1,2,1,0,0,1,1,0,0,19,20,19,40,99,99,0,0,0,0,1,1,0,160103,0,2009,169,SR-34,99999999999999999999,0000000,42.21987222,-111.8449833,1,1
16,19,8,3,14,29,2,2,0,0,4,4,0,12,5,2,1,1,2,40,1,1,2,1,20,3,1,1,0,0,14,30,14,42,88,88,0,0,0,0,1,2,0,160104,0,2009,64,AMMON RD,E 49TH S,0000000,43.45339722,-111.9640306,2,1
16,7,8,5,0,15,1,4,0,1,2,2,0,31,0,1,4,1,2,65,1,1,2,1,0,0,2,1,0,0,0,15,0,40,99,99,0,0,0,0,1,4,0,160105,0,2009,4551,US-30,99999999999999999999,0000000,42.21396111,-111.0548,1,1
16,87,8,6,12,32,2,2,0,1,2,2,0,12,8,1,1,1,2,65,2,1,2,1,0,0,1,1,0,0,12,36,12,37,88,88,0,0,0,0,1,5,0,160106,0,2009,1142,US-95,99999999999999999999,0000000,44.56404722,-116.6655444,2,1
16,13,8,24,12,30,1,1,0,0,5,4,0,34,0,1,4,1,2,35,2,1,4,1,0,0,1,1,0,0,12,48,13,22,88,88,0,0,0,0,1,2,1,160107,0,2009,0,MULDOON RD,99999999999999999999,0000000,43.50254722,-114.0351278,1,1
16,15,8,8,99,99,1,2,0,0,9,4,0,43,0,1,2,1,2,25,2,2,4,2,0,0,1,1,0,0,18,32,19,18,88,88,0,0,0,0,1,7,1,160108,0,2009,0,DRY BUCK RD,99999999999999999999,0000000,44.044675,-116.2216833,1,1
16,3,8,9,13,45,1,2,0,0,4,4,0,37,0,2,4,1,2,50,1,1,2,1,0,0,1,1,0,0,13,50,14,3,99,99,0,0,0,0,1,1,0,160109,0,2009,23,COUNCIL-CUPRUM RD,DOUBLE J RD,0000000,44.74464444,-116.4743889,1,1
16,77,8,9,20,17,1,1,0,0,5,4,0,38,0,1,5,1,2,55,2,2,2,1,0,0,1,1,0,0,20,17,20,32,88,88,0,0,0,0,1,1,1,160110,0,2009,0,GAS PLANT RD,99999999999999999999,0000000,42.86898056,-112.6934417,1,1
16,15,8,10,5,41,2,2,0,1,2,3,0,12,8,1,1,1,2,55,2,2,2,1,0,0,2,1,0,0,5,44,6,18,88,88,0,0,0,0,1,2,0,160111,0,2009,792,SR-55,99999999999999999999,0000000,44.08909444,-116.1114556,2,1
16,83,8,9,6,54,1,2,1,0,14,6,0,9,0,2,1,1,4,25,1,1,2,1,20,3,1,1,0,0,6,56,6,58,88,88,0,0,0,0,1,1,0,160112,1830,2009,77,SHOSHONE ST S,MAIN AVE S,0000000,42.55585,-114.4700667,1,1
16,9,8,18,12,55,1,2,0,0,4,4,3,43,0,1,4,1,2,55,2,2,2,1,0,0,1,1,0,0,12,58,13,14,99,99,0,0,0,0,1,3,1,160113,0,2009,1080,LOVELL VALLEY RD,99999999999999999999,0000000,47.29646111,-116.9116333,1,1
16,1,8,19,8,46,1,3,2,0,13,6,0,8,0,2,1,1,4,35,1,1,2,1,0,0,1,1,0,0,99,99,99,99,99,99,0,0,0,0,2,4,0,160114,160,2009,40,PARKCENTER BLVD,MONTEREY DR,0000000,43.57735278,-116.157825,1,1
16,27,8,24,17,57,2,3,0,0,13,3,0,12,2,2,1,5,2,55,1,1,2,1,0,0,1,1,0,0,17,58,18,2,99,99,0,99,99,99,1,2,1,160115,0,2009,227,SR-46,LAKE SHORE DR,0000000,43.51021389,-116.5730083,2,1
16,59,8,31,17,30,1,1,0,1,2,2,0,37,0,1,4,1,2,65,2,1,2,1,0,0,1,1,0,0,88,88,88,88,88,88,0,18,0,0,1,2,0,160116,0,2009,3221,US-93,99999999999999999999,0000000,45.36090556,-113.962025,1,1
16,11,8,25,19,8,2,3,0,0,6,4,0,12,7,1,1,1,2,50,1,1,2,1,0,0,1,1,0,0,19,10,19,26,99,99,0,0,0,0,1,3,0,160117,0,2009,0,1100 N,99999999999999999999,0000000,43.35492222,-112.1575361,2,1
16,55,8,2,20,28,1,1,0,0,4,4,0,43,0,1,5,1,2,40,1,2,2,1,0,0,2,1,0,0,20,29,20,39,88,88,0,0,0,0,1,1,1,160118,0,2009,191,RAMSEY RD,99999999999999999999,0000000,47.804025,-116.8079722,1,1
16,55,8,8,1,30,1,1,0,0,15,6,0,42,0,1,5,1,2,25,2,1,2,1,0,0,2,1,0,0,2,4,2,12,88,88,0,0,0,0,1,7,1,160119,0,2009,1014,HAYDEN LAKE RD,99999999999999999999,0000000,47.75016389,-116.7430639,1,1
16,83,8,16,15,50,1,1,0,0,9,4,0,34,0,1,4,1,2,50,1,1,4,1,0,0,1,1,0,0,88,88,88,88,88,88,0,0,0,0,1,1,0,160120,0,2009,0,4200 EAST RD,99999999999999999999,0000000,42.53526389,-114.2303028,1,1
16,59,8,28,16,14,1,1,0,1,2,2,0,1,0,1,1,1,2,65,2,1,2,1,0,0,1,1,0,0,16,17,16,31,99,99,0,0,0,0,1,6,0,160121,0,2009,2896,US-93,99999999999999999999,0000000,44.97548611,-113.9436722,1,1
16,35,8,29,10,2,2,3,0,0,4,3,0,12,3,2,1,1,2,55,1,1,2,2,0,0,1,2,0,0,10,2,10,13,99,99,0,0,0,0,1,7,0,160122,0,2009,128,SR-11,GREEN RD,0000000,46.38406389,-116.0384333,2,2
16,1,8,30,16,46,1,3,0,1,1,1,0,32,0,1,3,3,2,75,2,1,2,1,0,0,1,1,0,0,16,47,17,1,99,99,0,0,0,0,1,1,0,160123,0,2009,680,I-84,99999999999999999999,0000000,43.41581111,-116.0303056,1,1
16,19,8,21,18,35,1,3,0,0,9,4,0,37,0,1,4,1,2,50,1,2,2,1,0,0,1,1,0,0,18,40,18,56,88,88,0,0,0,0,1,6,1,160124,0,2009,0,BLACKTAIL RD,99999999999999999999,0000000,43.51118056,-111.8124972,1,1
16,15,8,7,11,53,2,6,0,1,2,3,0,12,8,1,1,1,2,99,2,1,2,2,0,0,1,2,0,0,12,1,12,15,99,99,0,0,0,0,1,6,0,160125,0,2009,663,SR-55,99999999999999999999,0000000,43.93801667,-116.1925639,2,2
16,1,8,5,18,9,2,2,0,1,11,1,0,52,0,13,8,6,1,55,2,1,2,1,0,0,1,1,0,0,18,9,18,15,99,99,0,0,0,0,1,4,0,160126,160,2009,10,I-184,I-184 IC49 EB OFF,0000000,43.59995556,-116.2849528,2,1