STATE,COUNTY,MONTH,DAY,HOUR,MINUTE,VE_TOTAL,PERSONS,PEDS,NHS,ROAD_FNC,ROUTE,SP_JUR,HARM_EV,MAN_COLL,REL_JUNC,REL_ROAD,TRAF_FLO,NO_LANES,SP_LIMIT,ALIGNMNT,PROFILE,PAVE_TYP,SUR_COND,TRA_CONT,T_CONT_F,LGT_COND,WEATHER1,WEATHER2,WRK_ZONE,NOT_HOUR,NOT_MIN,ARR_HOUR,ARR_MIN,HOSP_HR,HOSP_MN,SCH_BUS,CF1,CF2,CF3,FATALS,DAY_WEEK,DRUNK_DR,ST_CASE,CITY,YEAR,MILEPT,TWAY_ID,TWAY_ID2,RAIL,LATITUDE,LONGITUD,VE_FORMS,WEATHER
16,17,4,3,6,34,1,2,0,0,3,3,0,37,0,1,4,1,2,55,1,1,2,3,0,0,4,4,0,0,6,39,6,50,99,99,0,0,0,0,1,6,0,160127,0,2009,395,SR-200,99999999999999999999,0000000,48.31599444,-116.3736667,1,4
16,65,9,1,15,0,2,2,0,0,4,4,0,12,5,2,1,1,2,50,1,1,2,1,20,3,1,1,0,0,15,7,15,10,99,99,0,0,0,0,1,3,0,160128,0,2009,11,MOODY RD,TETON AVE,0000000,43.85483056,-111.7453028,2,1
16,27,9,8,3,46,2,6,0,0,13,3,0,12,5,2,1,1,2,55,1,1,2,1,20,3,2,1,0,0,3,52,3,58,88,88,0,0,0,0,1,3,1,160129,1200,2009,146,SR-55,MIDWAY RD,0000000,43.60493889,-116.6328972,2,1
16,17,9,5,13,59,3,3,0,1,2,2,0,12,8,1,1,1,4,55,1,1,2,1,0,0,1,1,0,0,13,59,14,2,99,99,0,0,0,0,1,7,0,160130,9997,2009,4685,US-95,99999999999999999999,0000000,48.19898333,-116.5698222,3,1
16,65,9,11,20,0,1,1,0,0,6,4,0,22,0,1,4,1,2,50,2,1,2,1,0,0,2,1,0,0,20,54,21,18,88,88,0,0,0,0,1,6,0,160131,0,2009,0,CANYON CREEK RD,99999999999999999999,0000000,43.78163056,-111.4466972,1,1
16,27,9,12,19,38,2,2,0,0,13,3,0,12,5,2,1,1,2,55,1,2,2,1,20,3,1,1,0,0,19,39,19,46,88,88,0,0,0,0,1,7,0,160132,0,2009,121,SR-55,MONTANA AVE,0000000,43.604325,-116.6829306,2,1
16,21,9,4,3,40,1,1,0,1,2,2,0,11,0,1,1,1,2,60,1,1,2,1,0,0,2,1,0,0,3,44,3,59,4,22,0,0,0,0,1,6,0,160133,0,2009,5147,US-95,99999999999999999999,0000000,48.79097778,-116.3005194,1,1
16,1,9,12,0,31,1,1,0,0,3,4,0,1,0,1,5,1,2,50,1,1,2,1,0,0,2,1,0,0,88,88,88,88,88,88,0,0,0,0,1,7,1,160134,0,2009,166,KUNA MORA RD,99999999999999999999,0000000,43.45899444,-116.1675028,1,1
16,37,9,8,13,0,1,1,0,0,3,3,0,37,0,1,4,1,2,55,2,2,2,1,0,0,1,1,0,0,88,88,88,88,88,88,0,18,0,0,1,3,0,160135,0,2009,2076,SR-75,99999999999999999999,0000000,44.25036389,-114.6509167,1,1
16,15,9,14,14,52,1,1,0,1,2,3,0,24,0,1,4,1,2,55,2,2,2,1,0,0,1,1,0,0,14,52,15,12,88,88,0,0,0,0,1,2,0,160136,0,2009,792,SR-55,99999999999999999999,0000000,44.08906389,-116.1114806,1,1
16,75,9,14,18,4,1,1,0,1,1,1,0,24,0,13,4,6,1,75,2,2,2,1,0,0,1,1,0,0,18,5,18,8,88,88,0,0,0,0,1,2,1,160137,0,2009,2,I-84 IC3 EB OFF RAMP,99999999999999999999,0000000,43.97041389,-116.9148556,1,1
16,39,9,16,13,4,1,3,0,1,11,1,0,1,0,1,5,3,2,75,1,1,1,1,0,0,1,1,0,0,13,7,13,10,99,99,0,0,0,0,1,4,0,160138,0,2009,909,I-84,99999999999999999999,0000000,43.171575,-115.7347167,1,1
16,59,9,16,15,4,3,3,0,1,2,2,0,12,7,1,1,1,2,65,1,1,2,1,0,0,1,1,0,3,15,12,15,99,99,99,0,0,0,0,1,4,0,160139,0,2009,3152,US-93,99999999999999999999,0000000,45.31546667,-113.9043972,3,1
16,27,9,17,9,37,1,2,0,0,6,4,0,34,0,1,5,1,2,35,2,2,2,1,0,0,1,1,0,0,9,39,9,50,99,99,0,0,0,0,1,5,0,160140,0,2009,0,BOWMONT RD,99999999999999999999,0000000,43.45859167,-116.5793972,1,1
16,39,9,17,13,0,2,3,0,1,1,1,0,12,7,1,1,3,2,75,2,2,1,1,0,0,1,1,0,0,13,0,13,14,88,88,0,0,0,0,1,5,0,160141,0,2009,1178,I-84,99999999999999999999,0000000,42.95745556,-115.3506361,2,1
16,19,9,17,17,10,1,2,0,0,16,6,0,37,0,1,4,1,2,99,2,1,4,1,0,0,1,1,0,0,17,11,17,16,88,88,0,0,0,0,1,5,0,160142,790,2009,0,MILLIGAN RD,99999999999999999999,0000000,43.47671389,-112.0565472,1,1
16,75,9,18,18,0,2,4,0,0,3,3,0,12,5,2,1,1,2,55,1,1,2,1,20,3,1,1,0,0,18,6,18,19,99,99,0,0,0,0,2,6,0,160143,0,2009,144,SR-52,SAND HOLLOW RD,0000000,43.95262222,-116.7724556,2,1
16,11,9,20,4,10,1,2,1,1,1,1,0,8,0,1,1,3,4,75,1,1,2,1,0,0,2,1,0,0,4,12,4,25,88,88,0,19,0,0,1,1,0,160144,0,2009,961,I-15,99999999999999999999,0000000,43.24237778,-112.3257333,1,1
16,69,9,17,99,99,1,3,0,0,9,8,0,1,0,1,4,1,2,55,2,1,5,1,0,0,1,1,0,0,6,46,99,99,99,99,0,18,0,0,1,5,1,160145,0,2009,0,ZAZA RD,99999999999999999999,0000000,46.01953056,-116.8353333,1,1
16,27,9,23,7,40,2,2,0,0,14,6,0,12,8,1,1,1,2,50,1,1,2,1,0,0,1,1,0,0,7,43,7,47,88,88,1,0,0,0,1,4,0,160146,0,2009,41,INDIANA AVE,99999999999999999999,0000000,43.62825833,-116.6730278,2,1
16,73,9,21,19,58,2,2,0,0,6,4,0,12,5,2,1,1,2,55,1,1,2,1,20,3,5,1,0,0,20,0,20,4,88,88,0,0,0,0,1,2,0,160147,0,2009,0,THOMPSON RD,BUNTROCK RD,0000000,43.55985278,-116.8520611,2,1
16,41,9,5,19,50,1,2,0,0,3,3,0,1,0,1,1,1,2,65,2,1,2,1,0,0,1,1,0,0,19,50,20,10,99,99,0,0,0,0,1,7,1,160148,0,2009,196,SR-34,99999999999999999999,0000000,42.25728611,-111.8360583,1,1
16,53,9,25,12,14,2,2,0,1,2,2,0,12,4,2,1,1,4,55,2,1,2,1,5,3,1,1,0,0,12,16,12,20,88,88,0,0,0,0,1,6,1,160149,0,2009,587,US-93,SR-25,0000000,42.72389167,-114.4428528,2,1
16,19,9,27,15,4,1,2,0,0,4,3,0,43,0,1,5,1,2,55,2,2,2,1,0,0,1,1,0,0,15,4,15,10,99,99,0,0,0,0,1,1,0,160150,0,2009,15,SR-31,99999999999999999999,0000000,43.46880278,-111.3259611,1,1
16,69,9,28,8,28,2,3,0,1,2,2,3,1,0,1,1,1,4,65,1,1,2,1,0,0,1,1,0,0,8,28,8,35,88,88,0,0,0,0,2,2,0,160151,0,2009,3065,US-93,99999999999999999999,0000000,46.44423056,-116.8895111,2,1
16,61,9,30,13,55,1,1,0,1,2,2,3,42,0,1,5,1,2,55,2,1,2,2,0,0,1,2,0,0,13,59,14,11,88,88,0,0,0,0,1,4,0,160152,0,2009,641,US-12,99999999999999999999,0000000,46.25272222,-116.0507611,1,2
16,41,9,19,15,40,1,1,0,0,4,3,0,11,0,1,1,1,2,55,1,1,2,1,0,0,1,1,0,0,15,43,15,56,99,99,0,0,0,0,1,7,0,160153,1910,2009,1150,SR-36,99999999999999999999,0000000,42.09230556,-112.0759444,1,1
16,27,9,24,14,34,2,2,0,0,13,6,0,12,5,2,1,5,4,45,1,1,2,1,20,3,1,1,0,0,14,35,14,39,99,99,0,0,0,0,1,5,0,160154,210,2009,524,CLEVELAND BLVD,LAKE AVE,0000000,43.63925833,-116.6529917,2,1
16,53,10,21,22,56,1,1,0,1,1,1,0,1,0,1,3,3,2,75,2,1,2,1,0,0,2,1,0,0,22,57,23,4,88,88,0,0,0,0,1,4,1,160155,830,2009,1686,I-84,99999999999999999999,0000000,42.68163056,-114.5122889,1,1
16,11,10,3,15,53,1,2,0,1,2,2,0,1,0,1,1,1,2,65,1,1,2,1,0,0,1,1,0,0,15,53,16,10,99,99,0,0,0,0,1,7,0,160156,0,2009,2841,US-26,99999999999999999999,0000000,43.39753333,-112.7015083,1,1
16,27,10,4,6,15,1,1,0,1,11,1,0,52,0,1,4,3,2,65,1,1,2,2,0,0,2,2,0,0,6,19,6,38,99,99,0,0,0,0,1,1,0,160157,210,2009,357,I-84,99999999999999999999,0000000,43.59925,-116.5586306,1,2
16,15,10,9,21,0,1,3,0,0,9,8,0,37,0,1,4,1,2,25,2,2,4,1,0,0,2,1,0,0,21,21,22,25,99,99,0,0,0,0,1,6,0,160158,0,2009,0,DRY BUCK RD,99999999999999999999,0000000,44.0447,-116.2216083,1,1
16,5,10,10,19,16,1,15,0,1,1,1,0,38,0,1,4,3,2,75,1,1,2,1,0,0,2,1,0,0,19,20,19,31,99,99,0,0,0,0,1,7,0,160159,0,2009,491,I-15,99999999999999999999,0000000,42.68840556,-112.2197917,1,1
16,77,10,12,7,7,2,4,0,0,4,4,3,12,5,4,1,1,2,50,1,1,2,1,0,0,3,1,0,0,7,8,7,38,99,99,0,0,0,0,1,2,0,160160,0,2009,170,ARBON VALLEY HIGHWAY,99999999999999999999,0000000,42.79607778,-112.6246694,2,1
16,69,10,25,1,48,1,3,0,1,2,2,3,42,0,1,5,1,2,65,1,1,2,1,0,0,2,1,0,0,1,48,2,6,99,99,0,0,0,0,2,1,0,160161,0,2009,2919,US-95,99999999999999999999,0000000,46.37242222,-116.70025,1,1
16,53,10,27,4,0,1,2,1,1,1,1,0,8,0,1,1,3,2,75,1,1,2,1,0,0,2,6,0,0,4,2,4,12,88,88,0,0,0,0,1,3,0,160162,0,2009,1765,I-84,99999999999999999999,0000000,42.62050833,-114.3838556,1,6
16,3,10,29,19,48,1,2,0,1,2,2,0,34,0,1,4,1,2,65,1,1,2,4,0,0,2,3,2,0,19,48,19,56,99,99,0,0,0,0,1,5,0,160163,0,2009,1696,US-95,99999999999999999999,0000000,45.09238611,-116.3073528,1,3
16,13,10,30,12,35,3,8,0,0,3,3,0,12,7,1,1,1,2,65,1,2,2,1,0,0,1,1,0,0,12,39,12,59,99,99,0,0,0,0,3,6,0,160164,0,2009,974,SR-75,99999999999999999999,0000000,43.26688889,-114.3069361,3,1
16,53,10,24,18,46,1,2,0,0,16,4,0,37,0,1,4,1,2,50,1,3,2,1,0,0,5,1,0,0,18,46,18,52,99,99,0,0,0,0,1,7,0,160165,0,2009,0,N 200 E RD,99999999999999999999,0000000,42.7276,-114.4824833,1,1
16,43,10,17,1,42,1,1,0,0,6,4,0,1,0,1,1,1,2,45,2,1,2,1,0,0,2,1,0,0,1,54,1,58,99,99,0,0,0,0,1,7,1,160166,0,2009,0,500 NORTH,99999999999999999999,0000000,43.95778611,-111.7071,1,1
16,41,10,23,15,45,2,2,0,0,6,5,0,12,7,1,1,1,2,25,1,1,2,1,0,0,1,1,0,0,15,51,16,2,99,99,0,0,0,0,1,6,1,160167,1480,2009,0,N 3RD E ST,99999999999999999999,0000000,42.09943611,-111.8685806,2,1
16,15,10,2,99,99,1,1,0,0,3,3,0,37,0,1,4,1,2,45,2,2,2,1,0,0,2,1,0,0,88,88,88,88,88,88,0,18,0,0,1,6,0,160168,0,2009,518,SR-21,99999999999999999999,0000000,43.92919167,-115.6776833,1,1
16,47,11,1,2,47,1,3,0,1,1,1,0,1,0,15,3,3,4,75,2,1,2,1,0,0,2,1,0,0,2,53,3,10,99,99,0,0,0,0,1,1,0,160169,0,2009,1470,I-84,99999999999999999999,0000000,42.85642222,-114.8435639,1,1
16,83,11,7,20,14,1,1,0,0,4,4,0,30,0,1,4,1,2,50,1,2,2,1,0,0,2,1,0,1,88,88,88,88,88,88,0,0,0,0,1,7,1,160170,0,2009,221,E 4100 N RD,99999999999999999999,0000000,42.59333333,-114.8085444,1,1
16,1,11,3,16,28,1,2,1,0,16,6,0,8,0,1,1,1,2,20,1,1,2,1,0,0,1,1,0,0,16,29,16,31,99,99,0,0,0,0,1,3,0,160171,920,2009,0,RED OAK AVE,99999999999999999999,0000000,43.48283611,-116.4211417,1,1
16,17,11,9,17,16,2,2,0,1,2,2,0,12,2,1,1,1,2,65,1,1,2,1,0,0,2,1,0,0,17,22,17,30,99,99,0,0,0,0,1,2,1,160172,0,2009,4551,US-95,99999999999999999999,0000000,48.02160556,-116.6507139,2,1
16,1,11,8,14,35,2,2,0,0,13,6,0,1,0,1,1,1,2,45,1,1,2,1,0,0,1,1,0,0,14,36,14,39,99,99,0,0,0,0,1,1,0,160173,1070,2009,44,FRANKLIN RD,99999999999999999999,0000000,43.60472222,-116.4204111,2,1
16,45,11,3,11,17,2,4,0,1,2,3,0,12,8,1,1,1,2,65,2,1,2,1,0,0,1,1,0,0,11,17,11,34,99,99,0,0,0,0,1,3,0,160174,0,2009,95,SR-16,99999999999999999999,0000000,43.82423056,-116.47805,2,1
16,5,11,9,20,19,2,1,0,0,16,6,0,5,0,4,1,1,2,20,1,1,2,1,0,0,3,1,0,0,20,20,20,26,99,99,0,0,0,0,1,2,0,160175,260,2009,0,HENRY AVE,99999999999999999999,0000000,42.92658611,-112.4711944,1,1
16,53,11,14,5,17,1,10,0,1,1,1,0,1,0,1,3,3,2,75,2,3,2,4,0,0,2,1,0,0,5,19,5,55,99,99,0,0,0,0,1,7,0,160176,0,2009,1895,I-84,99999999999999999999,0000000,42.57438333,-114.1480472,1,1
16,71,11,16,19,0,1,1,0,0,9,4,0,1,0,1,2,4,2,15,2,2,5,3,0,0,2,1,0,0,88,88,88,88,88,88,0,0,0,0,1,2,0,160177,0,2009,0,SKYLINE RD,99999999999999999999,0000000,42.14319167,-112.163875,1,1
16,43,11,16,21,30,1,1,0,0,6,4,0,31,0,1,4,1,2,45,2,1,2,1,0,0,2,1,0,0,21,36,21,49,88,88,0,0,0,0,1,2,1,160178,0,2009,0,PARKER RD,99999999999999999999,0000000,43.95571944,-111.7104611,1,1
16,39,11,18,7,20,1,1,0,0,14,6,0,1,0,1,4,1,2,55,2,1,2,1,0,0,2,1,0,0,7,24,7,27,99,99,0,0,0,0,1,4,0,160179,0,2009,60,OLD US 30,99999999999999999999,0000000,43.10759722,-115.6772306,1,1
16,17,11,19,17,12,1,2,1,0,13,2,0,8,0,2,1,4,2,25,1,1,2,2,2,3,3,1,0,0,17,13,17,19,99,99,0,0,0,0,1,5,0,160180,1640,2009,287,US-95,CEDAR ST,0000000,48.27608889,-116.553375,1,1
16,51,11,20,14,56,2,2,0,0,4,4,0,12,5,2,1,1,2,50,1,1,2,1,0,0,1,1,0,0,14,57,15,2,99,99,0,0,0,0,1,6,0,160181,0,2009,20,MENAN LORENZO HWY,3700 EAST RD,0000000,43.72068611,-111.9634556,2,1
16,43,11,21,10,4,2,9,0,1,2,2,0,12,4,1,1,1,3,65,1,2,2,3,0,0,1,4,0,0,10,4,10,27,99,99,0,0,0,0,1,7,0,160182,805,2009,3838,US-20,99999999999999999999,0000000,44.37839722,-111.3932444,2,4
16,75,11,28,8,45,2,3,0,1,2,2,0,12,5,2,1,1,2,65,1,1,2,2,20,3,1,1,0,0,8,46,8,59,88,88,0,0,0,0,2,7,0,160183,0,2009,722,US-95,NE 21ST ST,0000000,44.12482222,-116.9038917,2,1
16,53,11,29,5,37,1,1,0,1,1,1,0,1,0,1,3,3,2,75,1,2,2,1,0,0,2,1,0,0,5,37,5,51,88,88,0,0,0,0,1,1,0,160184,0,2009,1849,I-84,99999999999999999999,0000000,42.57635556,-114.2380917,1,1
16,39,11,25,9,57,1,4,0,1,1,1,0,1,0,1,3,3,2,75,1,1,2,1,0,0,1,1,0,0,9,59,10,0,99,99,0,0,0,0,1,4,0,160185,0,2009,1146,I-84,99999999999999999999,0000000,42.94583889,-115.4129528,1,1
16,1,11,16,14,26,2,3,0,0,13,6,0,12,5,2,1,1,3,45,1,1,2,1,0,0,1,1,0,0,14,27,14,30,99,99,0,0,0,0,1,2,0,160186,160,2009,399,CHINDEN BLVD,BENNINGTON WAY,0000000,43.66296389,-116.3594278,2,1
16,5,12,5,6,51,2,2,0,1,1,1,0,24,0,15,4,3,2,75,2,2,2,3,0,0,3,4,0,0,6,56,7,1,88,88,0,14,0,0,1,7,0,160187,0,2009,630,I-15,99999999999999999999,0000000,42.79885278,-112.3629194,2,4
16,47,12,5,19,30,1,2,0,1,1,1,0,1,0,1,4,3,2,75,1,1,2,3,0,0,2,4,0,0,19,33,19,35,99,99,0,0,0,0,1,7,0,160188,0,2009,1535,I-84,99999999999999999999,0000000,42.79354167,-114.7498806,1,4
16,53,12,11,17,11,3,6,0,1,1,1,0,12,7,1,1,2,4,75,2,1,2,1,0,0,5,1,0,0,17,11,17,18,99,99,0,0,0,0,2,6,0,160189,0,2009,1715,I-84,99999999999999999999,0000000,42.65163611,-114.4725944,3,1
16,55,12,15,18,11,4,11,0,1,11,1,0,13,4,1,1,2,4,70,1,1,2,4,0,0,2,2,4,0,18,12,18,18,99,99,0,0,0,0,2,3,0,160190,1460,2009,53,I-90,99999999999999999999,0000000,47.712525,-116.9315806,4,4
16,69,12,18,5,14,1,2,0,1,2,2,0,37,0,13,4,6,1,65,2,2,2,4,0,0,2,1,0,0,5,18,5,28,99,99,0,0,0,0,1,6,0,160191,0,2009,2,US-95 IC 318 NB RAMP,99999999999999999999,0000000,46.47287778,-117.03455,1,1
16,69,12,26,12,4,2,4,0,1,2,2,3,12,4,1,2,1,3,55,2,1,2,4,0,0,1,1,0,0,12,11,12,34,99,99,0,0,0,0,1,7,0,160192,0,2009,273,US-12,99999999999999999999,0000000,46.50585278,-116.566425,2,1
16,73,12,28,12,8,1,1,0,0,3,3,0,1,0,1,4,1,2,65,1,2,2,1,0,0,1,1,0,0,12,12,12,30,88,88,0,0,0,0,1,2,0,160193,0,2009,580,SR-51,99999999999999999999,0000000,42.73237778,-115.8989,1,1
16,75,12,28,18,38,1,4,0,0,6,4,0,27,0,1,4,1,2,35,1,3,2,1,0,0,2,1,0,0,18,44,20,5,99,99,0,0,0,0,1,2,0,160194,0,2009,0,ECHO AVE,99999999999999999999,0000000,43.90918889,-116.9564111,1,1
16,1,12,29,16,50,4,4,0,0,13,3,0,12,4,1,1,5,4,55,1,1,2,1,0,0,1,1,0,0,16,54,16,57,99,99,0,0,0,0,1,3,0,160195,1070,2009,135,SR-55,99999999999999999999,0000000,43.62613611,-116.3544833,4,1
16,11,12,28,21,42,1,2,0,0,6,4,0,1,0,1,1,1,2,50,1,1,2,1,0,0,2,1,0,0,21,45,21,47,99,99,0,0,0,0,1,2,1,160196,0,2009,0,900 EAST RD,99999999999999999999,0000000,43.37083611,-112.1035472,1,1
16,5,12,18,22,54,1,2,0,0,15,6,0,41,0,4,5,1,2,99,1,1,2,1,20,3,3,1,0,0,22,58,23,2,99,99,0,0,0,0,1,6,1,160197,1430,2009,29,JOHNNY CREEK RD,99999999999999999999,0000000,42.83314722,-112.4255528,1,1
16,49,7,22,99,99,1,1,0,0,6,4,3,1,0,1,4,1,2,25,1,1,2,1,0,0,9,1,0,0,13,30,13,40,88,88,0,2,0,0,1,4,1,160198,0,2009,0,DOWN RIVER RD,99999999999999999999,0000000,46.14793056,-115.9992917,1,1
16,37,12,23,7,15,1,1,0,0,9,4,0,37,0,1,4,1,1,99,2,1,5,4,0,0,1,1,0,0,99,99,99,99,88,88,0,0,0,0,1,4,0,160199,0,2009,0,LOON CREEK RD,99999999999999999999,0000000,44.41690833,-114.7354389,1,1
17,31,1,1,17,25,1,3,1,1,11,1,0,8,0,15,1,3,3,55,1,1,2,1,0,0,3,1,0,0,17,25,99,99,88,88,0,0,0,0,1,5,0,170001,7100,2009,3501,I-57,99999999999999999999,0000000,41.62304722,-87.68106944,1,1
17,141,1,12,8,17,2,2,0,1,1,1,0,12,1,1,1,2,2,65,2,1,2,2,0,0,1,1,0,0,8,21,99,99,88,88,0,0,0,0,1,2,0,170003,0,2009,1084,I-39,99999999999999999999,0000000,42.05114167,-89.01985556,2,1
17,107,1,14,8,0,2,2,0,0,2,3,0,12,4,1,1,1,2,40,2,1,2,3,0,0,1,1,0,0,8,7,99,99,88,88,0,0,0,0,1,4,0,170004,0,2009,943,SR-121,99999999999999999999,0000000,40.00183056,-89.27568611,2,1
17,183,1,6,9,20,1,3,0,1,1,1,0,1,0,1,3,2,2,65,2,1,2,4,0,0,1,4,0,0,9,21,9,99,99,99,0,0,0,0,1,3,0,170005,0,2009,2128,I-74,99999999999999999999,0000000,40.1046,-87.66441944,1,4
17,31,1,16,8,37,2,2,0,1,13,2,0,13,2,15,1,2,2,55,1,2,2,1,0,0,1,1,0,0,8,37,8,99,99,99,0,0,0,0,1,6,0,170006,5280,2009,1672,US-6,I-57,0000000,41.60170833,-87.70933889,2,1
17,107,1,7,9,12,2,3,0,1,2,2,0,12,2,1,1,1,2,55,1,1,2,4,0,0,1,1,0,0,9,16,9,99,99,99,0,0,0,0,1,4,0,170007,0,2009,1185,US-136,99999999999999999999,0000000,40.31022778,-89.32854722,2,1
17,99,1,17,19,13,2,2,0,1,1,1,0,14,9,1,4,3,2,65,1,1,2,4,0,0,2,4,0,0,19,13,99,99,88,88,0,0,0,0,1,7,0,170008,0,2009,700,I-39,99999999999999999999,0000000,41.51545556,-89.054575,2,4
17,159,1,1,15,14,2,2,0,0,13,3,0,12,5,2,1,1,2,55,1,1,2,1,20,3,1,1,0,0,15,14,15,99,99,99,0,0,0,0,1,5,0,170009,6520,2009,315,SR-130,RADIO TOWER RD,0000000,38.70123611,-88.08483889,2,1
17,31,1,3,18,42,1,2,1,0,15,6,0,8,0,1,1,2,2,25,1,1,2,1,0,0,3,1,0,0,18,42,18,99,99,99,0,0,0,0,1,7,0,170010,1730,2009,0,LARAMIE,99999999999999999999,0000000,41.82546111,-87.75351111,1,1
17,95,1,4,3,37,1,3,0,0,15,4,0,24,0,1,4,1,2,35,2,2,2,2,0,0,2,2,0,0,3,37,3,99,99,99,0,0,0,0,1,1,1,170011,3260,2009,0,LAKE STORY RD,99999999999999999999,0000000,40.98423889,-90.40692222,1,2
17,31,1,5,17,15,3,6,0,0,15,3,0,12,2,2,1,2,2,35,1,1,2,1,3,3,3,1,0,0,17,15,17,99,99,99,0,0,0,0,1,2,1,170012,1670,2009,5,SR-8839 (SM0,SR-8953 (SM),0000000,41.77183889,-87.693225,3,1
17,31,1,6,6,35,1,2,1,1,13,3,0,8,0,2,1,1,2,35,1,1,2,1,0,0,3,1,0,0,6,45,6,99,99,99,0,0,0,0,1,3,0,170013,1670,2009,301,SR-43,SCHOOL,0000000,41.93984444,-87.80685556,1,1
17,31,1,8,8,20,1,1,0,1,13,2,0,29,0,1,4,3,4,45,1,1,2,2,0,0,1,1,0,0,8,26,8,99,99,99,0,4,0,0,1,5,0,170014,1670,2009,92,US-41,99999999999999999999,0000000,41.81265,-87.59026111,1,1
17,31,1,10,23,2,1,2,1,1,13,3,0,8,0,1,1,2,2,35,1,1,2,2,0,0,3,1,0,0,23,2,23,99,99,99,0,0,0,0,1,7,1,170015,4005,2009,456,SR-50,99999999999999999999,0000000,41.73396389,-87.74117222,1,1
17,31,1,12,10,34,2,3,0,0,14,6,0,12,5,2,1,3,2,40,1,1,2,2,3,3,1,8,0,0,10,34,10,99,99,99,0,0,0,0,1,2,0,170016,2719,2009,0,WELLINGTON,BIESTERFIELD,0000000,42.00346667,-88.00921111,2,8
17,183,1,17,18,0,1,2,1,0,13,2,0,8,0,1,1,1,4,35,1,1,2,3,0,0,2,3,0,0,18,0,18,99,99,99,0,0,0,0,1,7,0,170017,2220,2009,2219,US-136,99999999999999999999,0000000,40.1274,-87.60883333,1,3
17,167,1,18,3,41,1,1,0,0,15,6,0,30,0,1,4,1,2,30,1,1,2,2,0,0,3,1,0,0,3,41,3,99,3,99,0,0,0,0,1,1,1,170018,8220,2009,0,AMOS AVE,99999999999999999999,0000000,39.8117,-89.67785556,1,1
17,167,1,23,7,52,1,2,0,0,6,5,0,1,0,1,4,1,2,55,1,1,2,4,0,0,1,1,0,0,7,53,7,99,99,99,0,0,0,0,1,6,0,170019,0,2009,0,DIVERNON RD,99999999999999999999,0000000,39.56805,-89.63618611,1,1
17,129,1,1,2,0,1,3,0,0,4,4,0,53,0,1,4,1,2,55,2,1,2,2,0,0,2,1,0,0,2,15,99,99,88,88,0,0,0,0,1,5,1,170020,0,2009,0,PETERSBURG RD,99999999999999999999,0000000,40.07475556,-89.86919444,1,1
17,183,1,23,13,8,1,1,0,1,13,2,0,30,0,1,4,1,4,45,1,1,2,1,0,0,1,1,0,0,13,8,13,99,99,99,0,0,0,0,1,6,1,170021,0,2009,2262,US-150,99999999999999999999,0000000,40.02507222,-87.63799444,1,1
17,183,1,25,0,11,1,1,0,0,3,3,0,24,0,1,4,2,2,55,1,1,2,1,0,0,2,1,0,0,0,11,0,99,99,99,0,0,0,0,1,1,1,170022,0,2009,1950,SR-9,99999999999999999999,0000000,40.45739722,-87.91955,1,1
17,91,1,24,18,56,1,3,1,0,13,3,0,8,0,1,1,2,2,30,1,1,2,1,0,0,3,1,0,0,18,56,18,99,99,99,0,0,0,0,1,7,0,170023,4380,2009,1846,SR-17,99999999999999999999,0000000,41.11896389,-87.83834444,1,1
17,95,1,26,5,35,1,1,0,0,14,4,0,30,0,1,4,1,2,55,1,2,2,3,0,0,2,1,0,0,5,35,99,99,88,88,0,0,0,0,1,2,1,170024,0,2009,0,CR-7,99999999999999999999,0000000,40.96207222,-90.32438056,1,1
17,31,1,7,23,12,3,3,0,1,11,1,0,12,8,1,1,3,3,65,1,1,2,1,0,0,3,1,0,0,23,13,23,99,99,99,0,0,0,0,1,4,1,170025,1670,2009,413,I-94,99999999999999999999,0000000,41.991675,-87.75103333,3,1
17,107,1,28,5,45,2,2,0,0,3,3,0,12,4,1,1,1,2,55,1,1,2,3,0,0,2,4,0,0,5,50,5,99,99,99,0,0,0,0,1,4,0,170026,0,2009,289,SR-54,99999999999999999999,0000000,40.06237222,-89.16165,2,4
17,63,1,25,1,15,1,1,0,0,6,5,0,18,0,1,4,1,2,45,1,2,2,4,0,0,2,1,0,0,1,15,1,99,99,99,0,0,0,0,1,1,1,170027,0,2009,0,DWIGHT RD,99999999999999999999,0000000,41.18408889,-88.43598333,1,1
17,97,1,28,15,28,2,2,0,1,13,3,0,12,5,2,1,1,2,55,1,1,2,1,20,3,1,1,0,0,15,28,15,99,99,99,0,0,0,0,1,4,0,170028,9090,2009,258,SR-176,CHURCH,0000000,42.25733611,-88.14101389,2,1
17,31,1,24,1,15,1,1,0,1,11,1,0,30,0,13,4,6,1,65,1,1,2,1,0,0,3,1,0,0,1,20,1,99,99,99,0,0,0,0,1,7,1,170029,1670,2009,244,I-290,99999999999999999999,0000000,41.87138611,-87.74905,1,1
17,49,1,11,10,6,2,3,0,0,3,3,0,12,2,1,1,1,2,55,1,1,2,1,0,0,1,1,0,0,10,6,10,99,99,99,0,0,0,0,1,1,0,170030,0,2009,189,SR-33,99999999999999999999,0000000,39.10448889,-88.49835,2,1
17,25,1,29,13,6,1,1,0,0,4,4,0,1,0,1,4,1,2,55,1,1,2,3,0,0,1,4,0,0,13,6,13,99,99,99,0,0,0,0,1,5,0,170031,0,2009,0,CR-16,99999999999999999999,0000000,38.83581389,-88.32673056,1,4