STATE,COUNTY,MONTH,DAY,HOUR,MINUTE,VE_TOTAL,PERSONS,PEDS,NHS,ROAD_FNC,ROUTE,SP_JUR,HARM_EV,MAN_COLL,REL_JUNC,REL_ROAD,TRAF_FLO,NO_LANES,SP_LIMIT,ALIGNMNT,PROFILE,PAVE_TYP,SUR_COND,TRA_CONT,T_CONT_F,LGT_COND,WEATHER1,WEATHER2,WRK_ZONE,NOT_HOUR,NOT_MIN,ARR_HOUR,ARR_MIN,HOSP_HR,HOSP_MN,SCH_BUS,CF1,CF2,CF3,FATALS,DAY_WEEK,DRUNK_DR,ST_CASE,CITY,YEAR,MILEPT,TWAY_ID,TWAY_ID2,RAIL,LATITUDE,LONGITUD,VE_FORMS,WEATHER
17,97,1,11,20,40,1,3,0,0,14,4,0,30,0,1,4,2,2,45,1,2,2,3,0,0,2,4,0,0,20,40,20,99,99,99,0,0,0,0,1,1,0,170032,3580,2009,0,ROLLINS RD,99999999999999999999,0000000,42.38289444,-88.04585,1,4
17,31,1,13,1,35,1,4,0,0,15,6,0,42,0,1,4,2,2,35,1,1,2,3,0,0,3,4,0,0,1,40,1,99,99,99,0,0,0,0,2,3,1,170034,1670,2009,0,JACKSON BLVD,99999999999999999999,0000000,41.87689444,-87.74170833,1,4
17,31,1,16,8,44,2,2,0,1,13,3,0,25,0,1,4,3,2,55,1,1,2,4,0,0,1,8,0,0,8,44,8,99,99,99,0,0,0,0,1,6,0,170035,8410,2009,243,SR-171,99999999999999999999,0000000,41.79086389,-87.81290556,2,8
17,11,1,10,11,45,2,5,0,1,1,1,0,12,4,1,1,2,2,65,1,2,2,3,0,0,1,4,0,0,11,48,11,99,99,99,0,0,0,0,2,7,0,170036,0,2009,523,I-80,99999999999999999999,0000000,41.3875,-89.5472,2,4
17,189,1,16,23,10,2,3,0,0,3,3,0,12,4,1,1,1,2,50,2,1,2,1,0,0,2,1,0,0,23,26,23,99,99,99,0,0,0,0,2,6,1,170037,0,2009,650,SR-15,99999999999999999999,0000000,38.30810556,-89.15376389,2,1
17,43,1,10,9,32,2,2,0,1,11,1,0,25,0,15,3,3,3,65,1,1,2,3,0,0,1,4,0,0,9,32,9,99,99,99,0,0,0,0,1,7,0,170038,0,2009,2708,I-55,99999999999999999999,0000000,41.71648611,-88.00774167,2,4
17,163,1,21,13,28,1,1,0,0,13,3,0,30,0,1,4,3,2,55,2,2,2,1,0,0,1,1,0,0,88,88,88,88,88,88,0,0,0,0,1,4,0,170039,0,2009,101,SR-15,99999999999999999999,0000000,38.49012778,-89.95822222,1,1
17,31,1,23,4,47,1,2,0,0,14,6,0,29,0,1,4,1,4,30,1,1,2,2,0,0,3,1,0,0,4,47,4,99,99,99,0,0,0,0,1,6,0,170040,1670,2009,0,HALSTED,99999999999999999999,0000000,41.86771389,-87.64691944,1,1
17,195,1,30,16,30,2,3,0,0,4,4,0,12,5,2,1,1,2,55,1,1,2,2,20,3,1,1,0,0,16,44,16,99,99,99,0,0,0,0,1,6,0,170041,8280,2009,0,HABBEN RD,HAZEL,0000000,41.81591389,-89.81941111,2,1
17,193,1,31,20,28,1,3,1,0,14,4,0,8,0,1,1,1,2,25,1,1,2,3,0,0,3,1,0,0,20,28,99,99,88,88,0,0,0,0,1,7,0,170042,1380,2009,0,STEWART,99999999999999999999,0000000,38.09032222,-88.17912222,1,1
17,91,1,27,14,15,1,3,0,0,13,2,0,30,0,2,4,2,3,30,1,1,2,2,3,3,1,4,0,0,14,15,14,99,99,99,0,0,0,0,1,3,0,170043,900,2009,3277,US-45,NORTH ST,0000000,41.14830833,-87.87548611,1,4
17,67,1,19,6,30,2,2,0,1,2,2,0,12,8,1,1,2,2,55,2,2,2,2,0,0,2,1,0,0,6,34,6,99,99,99,0,0,0,0,1,2,0,170044,0,2009,223,US-136,99999999999999999999,0000000,40.41751389,-90.971625,2,1
17,31,1,20,19,8,1,2,1,0,15,3,0,8,0,1,1,2,2,40,1,1,2,3,0,0,2,1,0,0,19,8,19,99,99,99,0,0,0,0,1,3,0,170045,7765,2009,19,SR-8067 (SM),99999999999999999999,0000000,41.49867778,-87.55824444,1,1
17,31,1,30,23,15,3,4,0,1,13,3,0,12,1,1,1,1,3,35,2,1,2,1,0,0,3,1,0,1,23,16,23,99,99,99,0,0,0,0,1,6,1,170046,2330,2009,207,SR-58,99999999999999999999,0000000,42.05359444,-87.86852778,3,1
17,31,1,3,18,54,8,9,0,0,15,3,0,12,8,1,1,2,2,35,1,1,2,1,0,0,5,1,0,0,18,54,18,99,99,99,0,0,0,0,1,7,0,170047,780,2009,19,SR-8158 (SM),99999999999999999999,0000000,41.84338333,-87.78568056,4,1
17,113,1,8,6,30,2,2,0,0,4,4,0,12,1,1,1,2,2,30,9,9,2,9,0,0,3,1,0,0,6,32,6,99,99,99,0,0,0,0,1,5,0,170048,8240,2009,0,CR-59,99999999999999999999,0000000,40.43883056,-89.21806111,2,1
17,19,1,17,2,52,1,1,0,0,4,4,0,30,0,1,4,1,2,55,1,1,2,1,0,0,2,1,0,0,88,88,88,88,88,88,0,0,0,0,1,7,1,170049,0,2009,0,CR-15,99999999999999999999,0000000,40.02583889,-88.15978889,1,1
17,7,1,18,2,56,2,2,0,0,3,2,0,12,5,2,1,2,2,55,2,1,2,3,20,3,2,1,0,0,2,56,2,99,3,99,0,0,0,0,1,1,1,170050,0,2009,1112,US-20,SPRING RD,0000000,42.25268611,-88.76429444,2,1
17,31,1,24,1,19,2,3,0,1,13,3,0,12,5,2,1,3,2,30,1,1,2,1,3,3,3,1,0,0,88,88,88,88,88,88,0,0,0,0,1,7,1,170051,1670,2009,34,SR-8341 (SM),SR-8357 )SM),0000000,41.75150833,-87.58554444,2,1
17,31,1,27,10,54,2,4,2,0,15,3,0,8,0,1,1,3,2,30,2,3,2,1,0,0,1,1,0,0,10,55,10,99,99,99,0,0,0,0,1,3,0,170052,1670,2009,15,SR-8570 (SM),99999999999999999999,0000000,41.71383333,-87.54253889,1,1
17,167,1,30,9,24,4,6,0,1,13,3,0,12,1,2,1,3,2,55,1,1,2,1,1,3,1,1,0,0,9,24,9,99,99,99,0,0,0,0,2,6,0,170053,8220,2009,1650,SR-4,WASHINGTON,0000000,39.80125,-89.70656667,4,1
17,31,1,12,3,6,1,1,0,1,11,1,0,29,0,1,4,3,3,55,1,1,2,1,0,0,6,1,0,0,88,88,88,88,88,88,0,0,0,0,1,2,1,170054,1670,2009,3561,I-57,99999999999999999999,0000000,41.70386944,-87.65291667,1,1
17,143,2,2,20,30,1,2,1,0,13,3,0,9,0,1,1,2,2,50,1,1,2,1,0,0,2,1,0,0,20,30,20,99,99,99,0,0,0,0,1,2,0,170055,0,2009,968,SR-9,99999999999999999999,0000000,40.57711389,-89.66011111,1,1
17,183,2,2,15,59,1,1,0,0,6,5,0,10,0,6,1,1,2,45,1,3,2,2,72,3,1,1,0,0,88,88,88,88,88,88,0,0,0,0,1,2,0,170056,0,2009,0,250E,99999999999999999999,479891V,40.04115278,-87.89225556,1,1
17,183,2,4,18,29,1,2,1,1,13,2,0,8,0,1,1,2,3,45,1,1,2,1,0,0,2,1,0,0,88,88,88,88,88,88,0,0,0,0,1,4,0,170057,0,2009,2227,US-150,99999999999999999999,0000000,40.076575,-87.63496944,1,1
17,119,2,5,1,41,2,5,0,1,12,3,0,12,2,15,1,2,2,65,1,1,2,1,0,0,3,1,0,0,1,41,1,99,99,99,0,0,0,0,3,5,1,170058,0,2009,18,SR-255,99999999999999999999,0000000,38.78205556,-90.04433056,2,1
17,177,2,13,0,10,1,1,0,0,6,5,0,30,0,2,4,1,2,45,1,1,2,1,20,3,2,1,0,0,88,88,88,88,88,88,0,0,0,0,1,6,1,170059,0,2009,0,STEPHENSON ST,RINK RD,0000000,42.29988056,-89.74873056,1,1
17,19,2,5,9,25,1,2,1,1,13,2,0,8,0,2,1,2,2,35,1,1,2,1,2,3,1,1,0,0,9,27,9,99,99,99,0,0,0,0,1,5,0,170060,8770,2009,2475,US-45,ORCHARD,0000000,40.11646111,-88.21443333,1,1
17,31,2,8,3,36,1,2,0,1,11,1,0,24,0,1,3,3,3,65,1,1,2,1,0,0,3,1,0,0,3,38,3,99,99,99,0,0,0,0,1,1,1,170061,1670,2009,2865,I-55,99999999999999999999,0000000,41.81598611,-87.74748056,1,1
17,187,2,7,2,0,1,1,0,0,6,5,0,35,0,1,4,1,2,45,1,1,2,2,0,0,2,1,0,0,88,88,88,88,88,88,0,0,0,0,1,7,1,170062,0,2009,0,55TH ST,99999999999999999999,0000000,40.943375,-90.68020833,1,1
17,31,2,2,3,18,2,4,0,0,14,6,0,19,0,1,5,2,2,30,1,1,2,2,0,0,3,1,0,0,3,19,3,99,99,99,0,0,0,0,1,2,0,170063,1670,2009,0,47TH ST,99999999999999999999,0000000,41.80841944,-87.68578889,1,1
17,35,2,9,12,54,2,2,0,0,4,2,0,12,2,1,1,2,2,55,1,1,2,1,0,0,1,1,0,0,13,4,13,99,99,99,0,0,0,0,1,2,0,170064,0,2009,1300,US-40,99999999999999999999,0000000,39.284225,-88.04029167,2,1
17,31,2,20,2,27,1,1,0,0,14,6,0,42,0,1,4,2,2,45,1,1,2,1,0,0,2,1,0,0,88,88,88,88,88,88,0,0,0,0,1,6,1,170065,5380,2009,0,VOLLMER RD,99999999999999999999,0000000,41.52798611,-87.75396111,1,1
17,81,2,8,2,37,1,1,0,0,4,3,0,42,0,1,4,2,2,55,2,1,2,2,0,0,2,1,0,0,88,88,88,88,88,88,0,0,0,0,1,1,1,170066,0,2009,997,SR-37,99999999999999999999,0000000,38.37734444,-88.92438056,1,1
17,7,2,17,14,29,2,3,0,0,13,2,0,12,5,2,1,1,2,55,1,1,2,1,20,3,1,1,0,1,14,29,14,99,99,99,0,0,0,0,1,3,0,170068,710,2009,304,US-20,MCKINLEY AVE,0000000,42.27673611,-88.84154444,2,1
17,31,2,8,5,16,3,10,0,1,13,3,0,12,5,2,1,2,2,30,1,1,2,2,3,3,3,1,0,0,5,16,5,99,99,99,0,0,0,0,1,1,0,170069,1670,2009,204,SR-8115 (SM),SR-8212 (SM),0000000,41.80236389,-87.72342222,3,1
17,31,2,16,0,49,1,2,0,0,16,6,0,38,0,2,4,1,2,20,1,1,2,1,0,0,3,1,0,0,0,50,0,99,99,99,0,0,0,0,1,2,1,170070,1185,2009,0,NAGLE,78TH ST,0000000,41.75027222,-87.78153333,1,1
17,135,2,18,21,14,1,1,0,0,4,4,0,37,0,1,4,2,2,35,2,2,2,1,0,0,2,1,0,0,21,14,21,99,99,99,0,0,0,0,1,4,1,170071,0,2009,0,CR-9,99999999999999999999,0000000,39.02864444,-89.52244444,1,1
17,31,2,3,12,33,1,1,0,1,13,3,0,46,0,2,4,1,4,35,1,1,2,1,3,3,1,1,0,0,12,34,12,99,99,99,0,0,0,0,1,3,0,170072,9300,2009,641,SR-83,ELMHURST,0000000,42.14406111,-87.93654444,1,1
17,197,2,21,10,44,3,6,0,0,13,2,0,12,5,1,1,1,2,55,1,1,2,3,0,0,1,4,0,0,10,44,10,99,99,99,0,0,0,0,1,7,0,170073,0,2009,1069,US-30,99999999999999999999,0000000,41.68566944,-88.25420278,3,4
17,173,2,13,11,29,1,2,1,0,4,4,0,8,0,1,1,1,2,55,1,1,2,1,0,0,1,1,0,0,11,42,11,99,99,99,0,0,0,0,1,6,0,170074,0,2009,0,CR-5,99999999999999999999,0000000,39.42379444,-88.79618056,1,1
17,3,2,18,1,25,1,2,1,0,16,6,0,8,0,8,1,1,2,35,1,1,2,2,0,0,2,2,0,0,1,36,99,99,88,88,0,0,0,0,1,4,0,170075,1250,2009,0,28TH ST,HOLBROOK AVE,0000000,37.00856667,-89.1856,1,2
17,197,2,21,16,21,2,7,0,0,13,2,0,12,2,1,1,1,2,55,1,1,2,4,0,0,1,4,0,2,16,21,16,99,99,99,0,0,0,0,1,7,0,170076,0,2009,1468,US-52,99999999999999999999,0000000,41.45938889,-88.00786944,2,4
17,119,2,22,7,0,1,1,0,1,11,1,0,31,0,13,8,6,1,35,2,1,2,1,0,0,1,1,0,0,88,88,88,88,88,88,0,0,0,0,1,1,0,170077,0,2009,99999,I-55,99999999999999999999,0000000,38.66200556,-90.09462778,1,1
17,119,2,21,16,15,3,7,0,0,13,3,0,12,1,1,1,2,2,55,1,1,2,1,0,0,1,1,0,0,16,20,16,99,99,99,0,0,0,0,2,7,2,170078,7073,2009,56,SR-111,99999999999999999999,0000000,38.67385,-90.07922222,3,1
17,7,2,20,10,35,2,2,0,1,1,1,0,13,5,1,1,3,2,65,1,1,2,1,0,0,1,1,0,0,10,38,10,99,99,99,0,0,0,0,1,6,0,170079,0,2009,274,I-90,99999999999999999999,0000000,42.22855,-88.77257778,2,1
17,163,2,28,19,21,2,2,0,0,3,3,0,12,2,1,1,2,2,55,2,1,2,1,0,0,2,1,0,0,19,21,19,99,99,99,0,0,0,0,1,7,0,170080,0,2009,333,SR-15,99999999999999999999,0000000,38.36423056,-89.71357222,2,1
17,31,3,1,2,53,1,1,0,1,11,1,0,25,0,1,3,3,4,65,2,1,2,1,0,0,3,1,0,0,2,54,2,99,99,99,0,0,0,0,1,1,1,170081,1670,2009,2908,I-55,99999999999999999999,0000000,41.83740278,-87.67332222,1,1
17,43,3,1,3,24,1,4,0,1,11,1,0,35,0,13,8,6,1,35,2,1,2,1,0,0,3,1,0,0,3,24,3,99,99,99,0,0,0,0,1,1,1,170082,20,2009,99999,I-290,SR-83 (RAMP),0000000,41.92974167,-87.96859167,1,1
17,179,1,2,16,4,1,1,0,1,11,1,0,42,0,1,4,3,2,65,1,1,2,1,0,0,1,1,0,0,16,4,16,99,99,99,0,0,0,0,1,6,0,170083,2070,2009,93,I-474,99999999999999999999,0000000,40.6319,-89.61824722,1,1
17,31,1,8,1,1,2,3,0,1,13,3,0,12,5,2,1,3,2,35,1,1,2,4,20,3,3,1,0,0,1,1,1,99,99,99,0,20,0,0,1,5,1,170084,1670,2009,31,SR-8341 (SM),82ND ST,0000000,41.74599722,-87.58586111,2,1
17,199,2,12,23,27,1,2,0,0,15,6,0,1,0,1,1,1,2,25,1,1,2,1,0,0,2,1,0,0,23,27,23,99,99,99,0,0,0,0,1,5,1,170085,3870,2009,0,COLLEGE,99999999999999999999,0000000,37.77390278,-89.04009167,1,1
17,183,2,19,10,20,2,2,0,0,14,6,0,12,1,6,1,4,2,30,1,1,2,1,72,3,1,1,0,0,10,22,10,99,99,99,1,0,0,0,1,5,0,170086,2220,2009,0,JACKSON ST,99999999999999999999,543156Y,40.13556111,-87.62875556,2,1
17,31,2,19,17,30,1,2,1,0,14,2,0,9,0,1,1,3,3,35,1,1,2,1,0,0,5,1,0,0,17,30,17,99,99,99,0,0,0,0,1,5,0,170087,5790,2009,589,US-14,99999999999999999999,0000000,42.04080278,-87.80717778,1,1
17,197,2,26,1,40,2,2,0,0,13,2,0,12,4,2,1,2,2,35,1,1,2,1,3,3,3,1,0,0,1,40,1,99,99,99,0,0,0,0,1,5,1,170088,4300,2009,1383,US-52,STRYKER,0000000,41.52276944,-88.11994444,2,1
17,147,2,21,8,44,2,4,0,1,1,1,0,12,2,1,1,3,2,65,1,1,2,4,0,0,1,4,0,0,8,44,8,99,99,99,0,0,0,0,1,7,0,170089,0,2009,1692,I-72,99999999999999999999,0000000,40.08096111,-88.52798333,2,4
17,67,2,24,1,0,1,1,0,0,6,4,0,35,0,1,4,1,2,55,1,2,2,3,0,0,2,1,0,0,6,50,6,99,99,99,0,0,0,0,1,3,1,170090,0,2009,0,CR-900,99999999999999999999,0000000,40.52733889,-91.32715833,1,1
17,181,2,22,16,20,1,1,0,0,6,5,0,1,0,1,4,1,2,55,1,1,2,1,0,0,1,1,0,0,16,21,16,99,99,99,0,0,0,0,1,1,0,170091,210,2009,0,DOGWALK RD,99999999999999999999,0000000,37.46818333,-89.21198889,1,1
17,125,2,8,18,2,1,2,1,0,4,4,0,9,0,1,1,2,2,55,1,1,2,1,0,0,2,1,0,0,18,5,18,99,99,99,0,0,0,0,1,1,1,170092,5170,2009,0,MANITO RD,99999999999999999999,0000000,40.414475,-89.79048611,1,1
17,125,2,8,2,7,1,1,0,0,3,3,0,34,0,1,4,2,2,55,1,1,2,1,0,0,2,1,0,0,2,7,2,99,99,99,0,0,0,0,1,1,1,170093,0,2009,286,SR-78,99999999999999999999,0000000,40.07065,-90.15260833,1,1
17,105,2,13,6,38,1,1,0,0,6,5,0,34,0,1,4,1,2,55,1,1,2,9,0,0,9,1,0,0,6,38,6,99,99,99,0,0,0,0,1,6,1,170094,0,2009,0,3100N,99999999999999999999,0000000,41.08108056,-88.31046667,1,1
17,115,2,20,22,21,1,2,1,0,14,4,0,8,0,1,1,2,2,55,1,1,2,1,0,0,2,1,0,0,22,21,22,99,99,99,0,0,0,0,1,6,0,170095,0,2009,0,CR-57,99999999999999999999,0000000,39.79475556,-88.81474167,1,1
17,31,2,24,10,14,1,1,0,1,13,2,0,29,0,1,4,2,3,45,2,1,2,1,0,0,1,1,0,0,10,14,10,99,99,99,0,0,0,0,1,3,0,170096,1670,2009,94,US-41,99999999999999999999,0000000,41.81346667,-87.59135556,1,1
17,133,2,25,15,47,2,2,0,1,13,3,0,12,5,2,1,2,2,45,1,2,2,1,0,0,1,1,0,0,15,47,15,99,99,99,0,0,0,0,1,4,0,170097,9060,2009,1239,SR-3,WATERLOO COMMONS DR,0000000,38.31027778,-90.14595556,2,1
17,37,2,25,6,26,2,2,0,0,6,5,0,12,5,2,1,1,2,35,1,1,2,1,20,3,1,1,0,0,6,26,6,99,99,99,0,0,0,0,1,4,0,170098,0,2009,0,WILLRETT RD,FAIRVIEW DR,0000000,41.90655833,-88.906175,2,1
17,31,2,28,2,50,1,2,0,1,11,1,0,42,0,1,4,2,4,65,1,1,2,1,0,0,2,1,0,0,2,56,2,99,99,99,0,0,0,0,1,7,1,170099,1670,2009,654,I-94,99999999999999999999,0000000,41.69830278,-87.59511111,1,1
17,201,2,4,7,14,2,3,0,0,14,4,0,12,5,2,1,2,2,35,1,1,2,1,20,3,1,1,0,0,7,14,7,99,99,99,0,0,0,0,1,4,0,170100,7460,2009,0,LIBERTY DR,CENTRAL AVE,0000000,42.29197222,-89.11611389,2,1
17,119,2,25,4,55,2,2,0,0,14,3,0,12,2,1,1,2,2,55,2,2,2,1,0,0,2,1,0,0,4,55,99,99,88,88,0,0,0,0,2,4,1,170101,0,2009,1776,SR-3,99999999999999999999,0000000,38.95876667,-90.27456111,2,1
17,99,3,2,21,45,1,1,0,0,3,3,0,34,0,1,4,2,2,55,1,1,2,1,0,0,2,1,0,0,21,45,21,99,99,99,0,0,0,0,1,2,1,170102,0,2009,208,SR-18,99999999999999999999,0000000,41.1201,-88.99458056,1,1
17,31,3,8,5,13,2,4,0,1,13,3,0,12,5,2,1,3,3,45,1,1,2,2,3,3,2,2,0,0,5,13,5,99,99,99,0,0,0,0,1,1,0,170103,2330,2009,1037,SR-72,MT PROSPECT RD,0000000,42.008425,-87.92262778,2,2
17,89,3,2,0,56,1,3,0,0,14,3,0,42,0,1,4,2,2,45,1,1,2,1,0,0,2,1,0,0,0,56,0,99,99,99,0,0,0,0,1,2,1,170104,7640,2009,192,SR-31,99999999999999999999,0000000,41.93837778,-88.31982222,1,1
17,31,3,9,6,40,3,3,0,1,11,1,0,12,7,1,1,3,5,65,1,1,1,1,0,0,3,1,0,0,6,46,6,99,99,99,0,0,0,0,1,2,0,170105,0,2009,277,I-294,99999999999999999999,0000000,41.78672222,-87.90817778,2,1
17,111,3,1,21,38,1,5,1,1,13,3,0,8,0,1,1,2,2,55,1,1,2,1,0,0,2,1,0,0,21,38,21,99,99,99,0,0,0,0,1,1,0,170106,4286,2009,512,SR-31,99999999999999999999,0000000,42.36661389,-88.26759444,1,1
17,57,3,2,18,10,1,1,0,1,2,2,0,1,0,1,1,1,2,55,1,1,2,1,0,0,5,1,0,0,18,19,99,99,88,88,0,0,0,0,1,2,1,170108,4190,2009,629,US-136,99999999999999999999,0000000,40.351425,-90.31936944,1,1
17,91,3,8,17,0,2,4,0,1,2,4,0,12,5,2,1,1,4,55,1,1,2,1,20,3,1,1,0,0,17,2,17,99,99,99,0,0,0,0,1,1,1,170109,0,2009,2724,5000S,SR-1,0000000,41.049825,-87.72323333,2,1
17,31,3,8,21,30,1,1,0,0,14,3,0,40,0,1,5,2,4,30,1,1,2,2,0,0,3,2,0,0,21,30,21,99,99,99,0,0,0,0,1,1,1,170110,8030,2009,94,SR-8025 (SM),99999999999999999999,0000000,42.02635278,-87.75739444,1,2
17,127,3,2,14,3,1,3,0,0,6,4,0,30,0,1,5,1,2,55,1,3,2,1,0,0,1,1,0,0,14,3,14,99,99,99,0,0,0,0,1,2,0,170111,0,2009,0,MASSAC CREEK RD,99999999999999999999,0000000,37.18929722,-88.70425833,1,1
17,161,3,9,22,5,2,3,0,1,11,1,0,12,2,1,1,3,4,65,1,1,2,2,0,0,2,2,0,0,22,5,22,99,99,99,0,0,0,0,1,2,1,170112,0,2009,21,I-280,99999999999999999999,0000000,41.45694444,-90.60465556,2,2
17,111,3,5,22,39,1,1,0,1,13,3,0,42,0,2,5,1,3,35,1,1,2,2,0,0,3,2,0,0,22,39,99,99,88,88,0,0,0,0,1,5,0,170113,5060,2009,500,SR-31,BROAD ST,0000000,42.34896667,-88.26734722,1,2
17,119,3,12,7,23,1,1,0,0,16,6,0,10,0,6,1,1,2,30,1,2,2,1,72,3,1,1,0,0,7,24,99,99,88,88,0,0,0,0,1,5,1,170114,3760,2009,0,7TH ST,99999999999999999999,294456Y,38.82796111,-90.09063611,1,1
17,167,2,25,11,43,2,5,0,0,15,6,0,12,5,2,1,1,2,30,1,1,2,1,0,0,1,1,0,0,11,43,11,99,99,99,0,0,0,0,1,4,0,170115,8220,2009,0,15TH ST,MOFFAT AVE,0000000,39.80904167,-89.63474722,2,1
17,189,2,21,5,10,1,1,0,0,6,5,0,42,0,1,4,1,2,35,1,2,2,9,0,0,2,1,0,0,5,10,5,99,88,88,0,0,0,0,1,7,1,170116,0,2009,0,IRVINGTON RD,99999999999999999999,0000000,38.48688611,-89.15370833,1,1
17,31,2,28,4,22,1,4,0,1,13,3,0,25,0,1,3,3,2,30,1,1,2,9,0,0,3,8,0,0,4,22,4,99,99,99,0,0,0,0,1,7,1,170117,1670,2009,302,SR-19,99999999999999999999,0000000,41.95391389,-87.711125,1,8
17,31,2,28,20,42,1,4,0,0,15,6,0,21,0,1,4,3,2,40,1,1,2,1,0,0,3,1,0,0,20,44,20,99,99,99,0,0,0,0,1,7,1,170118,1670,2009,47,CALIFORNIA AVE,99999999999999999999,0000000,41.83358611,-87.69494722,1,1
17,63,2,6,23,13,1,2,0,0,14,4,0,1,0,2,4,2,2,25,1,1,2,2,0,0,3,8,0,0,23,13,23,99,88,88,0,0,0,0,1,6,1,170119,5750,2009,0,CR-27,BOULDER DR,0000000,41.37984444,-88.43096111,1,8
17,143,2,24,18,48,1,3,1,0,14,6,0,8,0,2,1,1,2,30,1,2,2,1,20,3,3,1,0,0,18,48,18,99,99,99,0,0,0,0,1,3,0,170120,6850,2009,0,SHERIDAN,HAMPSHIRE,0000000,40.75311667,-89.602925,1,1
17,31,2,13,1,5,2,2,0,1,11,1,0,12,5,13,1,6,1,65,1,2,2,1,0,0,3,1,0,0,1,5,1,99,99,99,0,0,0,0,1,6,1,170121,0,2009,31,I-294 RAMP,I-88,0000000,41.8679,-87.9175,2,1
17,183,3,12,0,30,1,1,0,0,4,4,0,1,0,1,4,1,2,55,2,1,2,1,0,0,2,1,0,0,0,30,0,99,88,88,0,0,0,0,1,5,1,170122,0,2009,57,HENNING RD,99999999999999999999,0000000,40.22941389,-87.69922222,1,1
17,89,3,14,16,22,3,4,0,0,13,3,0,33,0,2,3,3,2,45,1,2,2,1,0,0,1,1,0,0,16,25,16,99,99,99,0,0,0,0,1,7,0,170123,3300,2009,683,SR-38,OLD KIRK,0000000,41.88558611,-88.27499722,3,1
17,43,3,1,7,48,1,1,0,0,15,6,0,35,0,1,4,1,2,30,1,1,2,1,0,0,9,1,0,0,7,48,7,99,88,88,0,0,0,0,1,1,1,170124,0,2009,0,SCHICK RD,99999999999999999999,0000000,41.95133611,-88.19411111,1,1
17,31,3,16,4,23,1,1,0,0,15,6,0,1,0,1,4,1,4,35,1,1,2,1,0,0,3,1,0,0,4,24,4,99,88,88,0,0,0,0,1,2,1,170125,3100,2009,15,DES PLAINES AVE,GREENSBURG RD,0000000,41.85655556,-87.81998611,1,1
17,43,3,16,20,25,1,2,1,0,14,3,0,8,0,2,1,2,4,35,1,1,2,1,0,0,3,1,0,0,20,31,20,99,99,99,0,0,0,0,1,2,0,170126,740,2009,174,SR-19,EASTVIEW AVE,0000000,41.96091944,-87.95262222,1,1
17,77,3,17,15,12,3,7,0,0,13,2,0,12,1,2,1,1,2,55,1,1,2,1,0,0,1,1,0,0,15,12,15,99,99,99,0,0,0,0,1,3,0,170127,1350,2009,569,US-51,CHARLES RD,0000000,37.75291944,-89.21990556,3,1
17,89,3,20,17,33,2,2,0,1,2,3,0,12,2,1,1,1,2,55,1,1,2,1,0,0,1,1,0,0,17,33,17,99,99,99,0,0,0,0,1,6,0,170128,0,2009,1198,SR-47,99999999999999999999,0000000,41.80779167,-88.46043611,2,1
17,103,3,17,15,45,1,1,0,0,3,2,0,32,0,1,4,1,2,55,1,1,2,1,0,0,1,1,0,0,15,45,99,99,88,88,0,0,0,0,1,3,0,170129,0,2009,583,US-30,99999999999999999999,0000000,41.76004444,-89.101525,1,1
17,31,3,18,23,0,2,9,1,1,12,1,0,8,0,1,1,2,6,65,1,1,2,1,0,0,3,1,0,0,23,2,99,99,88,88,0,0,0,0,1,4,0,170130,1670,2009,668,I-94,99999999999999999999,0000000,41.68486667,-87.60193333,2,1
17,31,3,27,2,24,1,3,2,0,14,6,0,8,0,1,6,1,4,35,1,1,2,1,0,0,3,1,0,0,2,24,2,99,99,99,0,0,0,0,1,6,0,170131,3790,2009,29,WOOD ST,99999999999999999999,0000000,41.61338611,-87.66078611,1,1
17,51,3,23,12,20,1,2,1,0,6,4,0,8,0,2,1,1,2,55,2,1,2,1,0,0,1,1,0,0,12,22,99,99,88,88,0,0,0,0,1,2,0,170132,0,2009,0,2770N,2075E,0000000,39.13715278,-88.86661389,1,1
17,163,3,1,4,30,1,2,0,0,15,6,0,42,0,1,4,1,2,25,1,1,2,8,0,0,1,1,0,0,4,31,4,99,99,99,0,2,0,0,1,1,1,170133,0,2009,0,EAGLE PARK RD,99999999999999999999,0000000,38.65887222,-90.15402222,1,1
17,31,3,18,11,15,2,2,0,1,11,1,0,12,3,1,1,2,7,65,1,1,1,1,0,0,1,1,0,0,11,19,11,99,99,99,0,0,0,0,1,4,0,170134,1670,2009,577,I-90,99999999999999999999,0000000,41.79406111,-87.63075,2,1
17,21,3,10,22,48,1,3,0,0,16,6,0,42,0,1,4,1,2,30,1,2,2,2,0,0,2,1,0,0,22,48,99,99,88,88,0,0,0,0,3,3,0,170135,0,2009,0,RAYMOND ST,99999999999999999999,0000000,39.38335556,-89.10013056,1,1
17,31,3,4,7,49,2,2,0,1,11,1,0,12,1,1,1,2,3,65,2,2,1,1,0,0,1,1,0,0,7,51,7,99,99,99,1,0,0,0,1,4,0,170136,7100,2009,3502,I-057,147TH,0000000,41.62374167,-87.68049167,2,1
17,45,3,15,15,50,2,2,0,1,2,3,0,12,1,1,1,1,2,55,2,3,2,1,0,0,1,1,0,0,15,50,15,99,99,99,0,0,0,0,1,1,0,170137,0,2009,1646,SR-1,99999999999999999999,0000000,39.55216944,-87.68373056,2,1