STATE,COUNTY,MONTH,DAY,HOUR,MINUTE,VE_TOTAL,PERSONS,PEDS,NHS,ROAD_FNC,ROUTE,SP_JUR,HARM_EV,MAN_COLL,REL_JUNC,REL_ROAD,TRAF_FLO,NO_LANES,SP_LIMIT,ALIGNMNT,PROFILE,PAVE_TYP,SUR_COND,TRA_CONT,T_CONT_F,LGT_COND,WEATHER1,WEATHER2,WRK_ZONE,NOT_HOUR,NOT_MIN,ARR_HOUR,ARR_MIN,HOSP_HR,HOSP_MN,SCH_BUS,CF1,CF2,CF3,FATALS,DAY_WEEK,DRUNK_DR,ST_CASE,CITY,YEAR,MILEPT,TWAY_ID,TWAY_ID2,RAIL,LATITUDE,LONGITUD,VE_FORMS,WEATHER
17,197,3,27,23,35,1,2,1,0,16,6,0,8,0,1,1,1,2,45,1,1,2,1,0,0,2,1,0,0,23,35,23,99,99,99,0,0,0,0,1,6,0,170138,4300,2009,0,DRAUDEN RD,99999999999999999999,0000000,41.56733056,-88.22955,1,1
17,31,3,28,1,39,1,4,0,1,11,1,0,1,0,1,4,2,4,65,1,1,1,1,0,0,3,1,0,0,1,42,1,99,99,99,0,0,0,0,1,7,1,170139,1670,2009,601,I-94,99999999999999999999,0000000,41.76158056,-87.62544167,1,1
17,7,3,29,0,43,1,7,0,0,3,2,0,1,0,1,1,2,4,65,1,3,1,4,0,0,2,8,0,0,0,43,0,99,99,99,0,0,0,0,1,1,1,170140,0,2009,1031,US-20,99999999999999999999,0000000,42.23955556,-88.91660833,1,8
17,135,3,25,21,26,1,2,0,0,6,4,0,1,0,1,4,1,2,55,2,2,2,1,0,0,2,1,0,0,21,26,99,99,88,88,0,0,0,0,2,4,1,170141,0,2009,0,MILLER BRANCH RD,99999999999999999999,0000000,39.12263611,-89.49905,1,1
17,95,3,26,19,35,2,2,0,1,1,1,0,12,1,1,1,2,4,65,2,1,1,1,0,0,2,1,0,0,19,35,99,99,88,88,0,0,0,0,1,5,0,170142,0,2009,581,I-74,99999999999999999999,0000000,40.90261389,-90.16419444,2,1
17,163,3,29,0,55,1,1,0,0,4,4,0,42,0,1,4,1,2,55,2,2,2,2,0,0,2,2,0,0,0,55,99,99,88,88,0,0,0,0,1,1,1,170143,0,2009,0,BALDWIN RD,99999999999999999999,0000000,38.22057778,-89.85131389,1,2
17,61,3,28,5,30,1,2,1,1,2,2,0,8,0,1,1,1,2,55,1,1,2,1,0,0,2,1,0,0,5,30,99,99,88,88,0,0,0,0,1,7,0,170144,0,2009,380,US-67,99999999999999999999,0000000,39.35859167,-90.4113,1,1
17,31,3,28,4,30,2,2,0,1,11,1,0,12,2,1,1,2,3,65,1,1,1,1,0,0,3,1,0,0,4,32,99,99,88,88,0,0,0,0,1,7,1,170145,1670,2009,654,I-94,99999999999999999999,0000000,41.69845556,-87.59470833,2,1
17,201,3,31,14,35,1,2,0,1,12,2,0,34,0,1,4,2,2,65,1,1,1,2,0,0,1,2,0,0,14,35,14,99,99,99,0,0,0,0,1,3,1,170146,7460,2009,886,US-20,99999999999999999999,0000000,42.26362222,-89.15645556,1,2
17,197,3,15,16,55,1,1,0,0,16,6,0,53,0,1,4,1,2,25,2,2,2,1,0,0,1,1,0,0,16,55,16,99,99,99,0,0,0,0,1,1,1,170147,887,2009,0,BEDFORD RD,99999999999999999999,0000000,41.70378333,-88.05934722,1,1
17,31,3,14,18,45,2,3,0,1,13,2,0,12,6,2,1,1,2,30,1,1,2,1,0,0,5,1,0,0,18,50,18,99,99,99,0,0,0,0,1,7,0,170148,1670,2009,786,US-20,95TH,0000000,41.72185833,-87.61655556,2,1
17,185,3,15,20,59,1,1,0,1,2,3,0,32,0,2,4,1,2,55,1,2,2,1,0,0,2,1,0,0,20,59,20,99,99,99,0,0,0,0,1,1,1,170149,5830,2009,858,SR-1,PRAIRIE DR,0000000,38.44348056,-87.76916389,1,1
17,197,3,15,18,13,1,1,0,0,6,6,0,1,0,1,4,1,2,55,2,2,2,1,0,0,1,1,0,0,18,13,18,99,99,99,0,0,0,0,1,1,1,170150,0,2009,0,COUNTY LINE RD,99999999999999999999,0000000,41.25535556,-88.24587778,1,1
17,31,3,20,12,56,2,2,0,1,13,6,0,12,6,2,1,1,4,35,1,1,2,1,0,0,1,1,0,0,12,57,12,99,99,99,0,0,0,0,1,6,0,170151,1670,2009,40,TOUHY AVE,OLEANDER AVE,0000000,42.011475,-87.81498611,2,1
17,31,3,28,5,30,1,2,1,1,13,2,0,8,0,2,1,1,3,30,1,1,2,1,9,3,4,1,0,0,5,30,99,99,88,88,0,0,0,0,1,7,1,170152,1670,2009,844,US-20,106TH,0000000,41.702725,-87.52453611,1,1
17,201,3,21,22,28,1,2,1,1,13,2,0,8,0,1,1,1,4,45,1,1,2,1,0,0,3,1,0,0,22,28,99,99,88,88,0,0,0,0,1,7,0,170153,7460,2009,197,US-20,99999999999999999999,0000000,42.26613889,-89.04346944,1,1
17,111,3,6,23,50,1,2,0,0,16,6,0,35,0,1,4,1,2,45,2,1,2,1,0,0,2,1,0,0,23,50,0,42,0,99,0,0,0,0,2,6,0,170154,0,2009,0,CRYSTAL SPRINGS RD,99999999999999999999,0000000,42.28920833,-88.32855556,1,1
17,111,4,4,16,50,2,5,0,0,13,3,0,12,2,1,1,1,2,45,1,1,2,1,0,0,1,1,0,0,16,51,16,99,99,99,0,0,0,0,1,7,1,170155,9999,2009,181,SR-176,99999999999999999999,0000000,42.259,-88.26862222,2,1
17,203,4,6,8,59,1,1,0,0,4,4,0,34,0,1,4,1,2,55,1,2,2,3,0,0,1,1,0,0,8,59,99,99,88,88,0,0,0,0,1,2,0,170156,0,2009,0,CR-1,99999999999999999999,0000000,40.86991111,-89.27490278,1,1
17,31,4,10,3,53,2,3,0,1,11,1,0,12,1,1,1,2,7,65,1,1,1,1,0,0,3,1,0,0,3,55,3,99,99,99,0,0,0,0,2,6,2,170157,1670,2009,530,I-90,99999999999999999999,0000000,41.85795833,-87.64441667,2,1
17,37,3,26,17,33,3,9,0,0,14,4,0,12,4,2,1,1,4,45,1,1,2,1,3,3,1,1,0,0,17,33,17,99,99,99,0,0,0,0,1,5,0,170158,2280,2009,0,BARBER GREEN RD,PEACE RD,0000000,41.94966111,-88.71088611,3,1
17,93,4,6,7,11,3,5,0,0,14,4,0,12,5,2,1,2,4,45,1,1,2,2,3,9,1,1,0,0,7,11,7,99,99,99,0,0,0,0,1,2,0,170159,6620,2009,0,ORCHARD RD,LEWIS ST,0000000,41.68760833,-88.38027778,3,1
17,31,4,4,15,13,1,2,0,0,16,6,0,33,0,1,4,1,2,30,1,1,2,1,0,0,1,1,0,0,15,13,15,99,99,99,0,0,0,0,1,7,1,170160,5410,2009,0,12TH AVE,99999999999999999999,0000000,41.88065,-87.84758611,1,1
17,31,4,2,15,15,2,3,0,1,13,3,0,12,1,2,1,2,4,45,1,1,1,1,3,3,1,1,0,0,15,15,15,99,99,99,0,0,0,0,1,5,1,170161,1670,2009,196,SR-19,IRVING PARK RD,0000000,41.95476667,-87.912425,2,1
17,31,4,3,20,30,1,2,1,0,15,3,0,8,0,1,1,2,2,30,1,1,2,1,0,0,3,1,0,0,20,31,20,99,99,99,0,0,0,0,1,6,0,170162,1670,2009,14,SR-8839 (SM),99999999999999999999,0000000,41.78544167,-87.69366389,1,1
17,201,4,11,12,31,2,3,0,1,11,1,0,12,4,13,1,6,1,55,1,1,2,1,3,3,1,1,0,0,12,31,12,99,12,99,0,0,0,0,1,7,0,170163,5087,2009,34,I-39 (RAMP),SR-173,0000000,42.37023611,-88.97076111,2,1
17,163,4,9,17,50,2,3,0,1,11,1,0,25,0,1,3,3,3,65,1,1,2,2,0,0,1,2,0,0,17,54,17,99,17,99,0,0,0,0,1,5,0,170164,0,2009,91,I-64,99999999999999999999,0000000,38.61116944,-90.03836667,2,2
17,31,2,28,2,50,1,3,0,0,14,6,0,29,0,1,4,1,2,30,1,1,2,1,0,0,3,1,0,0,2,53,2,99,99,99,0,0,0,0,2,7,1,170165,1670,2009,258,PULASKI RD,99999999999999999999,0000000,41.87969722,-87.72562222,1,1
17,99,4,16,17,35,2,4,0,0,4,4,0,12,5,2,1,1,2,55,1,1,2,1,20,3,1,1,0,0,17,35,17,99,99,99,0,0,0,0,1,5,2,170167,0,2009,0,4TH,46TH,0000000,41.59840278,-89.09004444,2,1
17,19,4,22,12,30,2,3,0,0,4,6,0,12,5,2,1,1,2,55,1,1,2,1,20,3,1,1,0,0,12,31,12,99,99,99,0,0,0,0,1,4,0,170168,0,2009,25,FORD HARRIS,MARKET,0000000,40.17090556,-88.23961389,2,1
17,31,4,9,3,2,1,1,0,1,13,2,0,25,0,1,4,3,4,40,1,1,1,1,0,0,3,1,0,0,3,5,3,99,99,99,0,0,0,0,1,5,1,170169,1670,2009,162,US-41,99999999999999999999,0000000,41.9029,-87.62407222,1,1
17,169,4,17,11,55,2,2,0,1,2,2,0,12,3,1,1,1,2,55,2,2,2,1,0,0,1,1,0,0,11,59,99,99,88,88,0,0,0,0,1,6,0,170170,0,2009,662,US-24,99999999999999999999,0000000,40.19618333,-90.45532222,2,1
17,31,4,17,23,0,2,2,0,1,11,1,0,12,1,1,1,3,3,65,2,2,1,1,0,0,3,1,0,0,23,7,23,99,99,99,0,0,0,0,1,6,1,170171,1670,2009,3572,I-57,99999999999999999999,0000000,41.71477778,-87.64386944,2,1
17,91,4,25,23,11,1,2,0,1,2,2,0,42,0,1,4,1,2,55,1,1,2,1,0,0,2,1,0,0,23,11,23,99,99,99,0,0,0,0,1,7,1,170172,0,2009,3210,US-45,99999999999999999999,0000000,41.05903333,-87.86850278,1,1
17,31,4,18,16,46,1,2,1,0,16,6,0,8,0,1,1,4,1,15,1,1,2,1,0,0,1,1,0,0,16,47,16,99,99,99,0,0,0,0,1,7,0,170173,1670,2009,0,SACRAMENTO,99999999999999999999,0000000,41.76130833,-87.69782778,1,1
17,111,4,18,4,46,1,2,0,0,6,5,0,32,0,1,4,1,2,55,2,1,2,1,0,0,2,1,0,0,4,46,4,99,99,99,0,0,0,0,2,7,1,170174,0,2009,0,PAGLES,99999999999999999999,0000000,42.38999444,-88.69138333,1,1
17,141,4,19,17,22,1,2,0,0,2,3,0,42,0,1,4,1,2,55,2,1,2,2,0,0,1,2,0,0,17,22,17,99,99,99,0,0,0,0,1,1,1,170175,0,2009,33610,SR-2,99999999999999999999,0000000,42.07873056,-89.33026389,1,2
17,187,4,8,14,46,1,3,0,0,6,5,0,5,0,1,1,1,2,55,1,1,2,1,0,0,1,1,0,0,14,46,14,99,88,88,0,0,0,0,1,4,0,170176,0,2009,0,120TH AVE,99999999999999999999,0000000,40.80489167,-90.61433333,1,1
17,31,2,22,5,1,1,1,0,0,14,6,0,30,0,1,5,1,2,30,1,1,2,3,0,0,2,1,0,0,5,1,99,99,88,88,0,0,0,0,1,1,1,170177,7320,2009,70,INDIANA AVE,99999999999999999999,0000000,41.64561944,-87.61725833,1,1
17,89,4,17,0,52,1,1,0,0,16,6,0,33,0,1,3,3,2,25,1,1,2,1,0,0,3,1,0,0,0,52,0,99,88,88,0,0,0,0,1,6,1,170178,460,2009,0,CONSTITUTION DR,99999999999999999999,0000000,41.76550278,-88.37032222,1,1
17,31,4,27,7,40,1,1,0,0,16,6,0,46,0,3,4,1,2,25,1,1,2,1,3,3,1,1,0,0,7,40,7,99,99,99,0,0,0,0,1,2,0,170179,5380,2009,0,207TH,CICERO AVE,0000000,41.51349444,-87.73264167,1,1
17,31,4,26,15,23,2,3,0,0,14,6,0,12,5,2,1,1,2,40,1,2,2,1,20,3,1,1,0,0,15,23,15,99,99,99,0,0,0,0,1,1,0,170180,6525,2009,0,JOE ORR RD,TRAVERS AVE,0000000,41.52060278,-87.66706944,2,1
17,31,4,19,0,20,3,4,0,0,14,6,0,12,6,1,1,1,4,30,1,3,2,2,0,0,3,2,0,0,0,26,0,99,99,99,0,0,0,0,2,1,1,170181,1670,2009,6,106TH,99999999999999999999,0000000,41.70275556,-87.5464,3,2
17,143,4,16,18,9,1,8,1,0,13,3,0,8,0,1,1,4,2,30,1,1,2,1,0,0,1,1,0,0,18,9,18,99,99,99,0,0,0,0,1,5,0,170182,6850,2009,327,SR-8,99999999999999999999,0000000,40.68133889,-89.62203889,1,1
17,11,4,16,10,48,2,2,0,0,4,4,0,12,3,3,1,1,2,55,1,1,2,1,0,0,1,1,0,0,10,48,10,99,99,99,0,0,0,0,1,5,0,170183,0,2009,0,CR-24,1100E,0000000,41.32191111,-89.645175,2,1
17,31,4,17,6,56,3,4,0,0,16,6,0,38,0,1,6,3,2,30,1,1,2,1,20,3,1,1,0,0,6,56,6,99,99,99,0,14,0,0,1,6,0,170184,8030,2009,7,FRONTAGE RD,99999999999999999999,0000000,42.01917778,-87.76303889,3,1
17,195,4,21,18,50,2,2,0,1,2,2,0,12,2,2,1,1,2,55,1,1,2,1,20,3,1,1,0,0,18,54,99,99,88,88,0,0,0,0,2,3,0,170185,0,2009,241,US-30,SR-2,0000000,41.77228611,-89.76037222,2,1
17,163,4,12,22,4,1,2,1,0,15,5,0,8,0,1,1,1,3,30,1,1,2,2,0,0,2,2,0,0,22,4,22,99,88,88,0,0,0,0,1,1,0,170186,0,2009,0,HARTMAN LN,99999999999999999999,0000000,38.58597778,-89.94753056,1,2
17,163,4,23,3,21,1,1,0,0,14,6,0,32,0,1,4,1,2,30,1,1,2,1,0,0,3,1,0,0,3,22,99,99,88,88,0,0,0,0,1,5,0,170187,0,2009,18,LEBANON AVE,99999999999999999999,0000000,38.5375,-89.95994444,1,1
17,31,4,23,15,37,2,2,0,0,15,6,0,12,5,2,1,1,2,35,1,1,2,1,3,3,1,1,0,0,15,37,15,99,99,99,0,0,0,0,1,5,0,170188,6610,2009,0,80TH AVE,WHEELER DR,0000000,41.61156111,-87.81404167,2,1
17,197,4,14,22,49,1,2,1,0,13,3,0,8,0,1,1,2,2,55,1,1,2,1,0,0,2,1,0,0,22,49,22,99,99,99,0,0,0,0,1,3,0,170189,4300,2009,0,SR-53,99999999999999999999,0000000,41.50545278,-88.08105556,1,1
17,163,5,1,4,1,1,1,0,0,15,6,0,42,0,1,4,1,2,45,1,1,2,2,0,0,2,1,0,0,4,6,4,99,99,99,0,0,0,0,1,6,1,170190,0,2009,23,LAKE DR,99999999999999999999,0000000,38.60364167,-90.10092778,1,1
17,19,4,13,6,0,2,2,0,0,2,3,0,12,2,1,1,2,2,45,1,1,2,2,0,0,4,2,0,0,6,7,6,99,99,99,0,0,0,0,2,2,0,170192,0,2009,891,SR-10,99999999999999999999,0000000,40.11315,-88.30023056,2,2
17,103,4,17,14,32,2,5,0,0,2,3,0,12,1,1,1,3,2,65,1,1,2,1,0,0,1,1,0,0,14,32,14,99,88,88,0,0,0,0,1,6,0,170193,0,2009,61,SR-2,99999999999999999999,0000000,41.82323611,-89.59745278,2,1
17,31,4,4,9,21,3,8,0,1,13,3,0,12,4,1,1,2,2,55,1,2,2,1,0,0,1,1,0,0,9,21,9,99,99,99,0,0,0,0,3,7,0,170194,512,2009,162,SR-62,99999999999999999999,0000000,42.12873611,-88.22120278,3,1
17,43,4,18,20,30,1,3,1,1,13,3,0,8,0,1,1,1,4,35,1,1,2,1,0,0,3,1,0,0,20,31,20,99,99,99,0,0,0,0,1,7,0,170195,9180,2009,256,SR-59,99999999999999999999,0000000,41.87553611,-88.19476667,1,1
17,199,4,28,13,49,1,1,0,0,4,4,0,34,0,2,4,1,2,55,1,3,2,1,0,0,1,1,0,0,13,49,13,99,99,99,0,0,0,0,1,3,0,170196,0,2009,0,CR-25,CANEY BRANCH LANE,0000000,37.65392778,-89.08249167,1,1
17,167,4,26,14,23,3,9,0,0,14,6,0,39,0,3,4,1,3,30,1,1,2,1,21,3,1,1,0,0,14,23,14,99,99,99,0,0,0,0,2,1,0,170197,8220,2009,0,STANFORD AVE,11TH ST,0000000,39.76691111,-89.64070278,3,1
17,119,4,25,12,46,2,2,0,1,1,1,0,12,8,1,1,2,4,65,1,1,2,1,0,0,1,1,0,1,12,49,99,99,88,88,0,0,0,0,1,7,1,170198,0,2009,265,I-55,99999999999999999999,0000000,38.85060278,-89.86576111,2,1
17,203,4,17,19,47,2,3,0,1,2,2,0,12,5,2,1,1,2,55,1,1,2,1,20,3,2,1,0,0,19,47,19,99,19,99,0,0,0,0,1,6,0,170199,2780,2009,1600,US-24,2600 E,0000000,40.73665556,-89.044225,2,1
17,1,4,19,2,3,2,4,0,0,3,3,0,12,2,1,1,1,2,55,1,1,2,2,0,0,2,2,0,0,2,7,2,99,99,99,0,0,0,0,2,1,2,170200,0,2009,136,SR-104,99999999999999999999,0000000,39.93320278,-91.15781389,2,2
17,167,4,18,13,57,1,1,0,0,3,3,0,19,0,2,4,1,2,55,2,2,2,1,0,0,1,1,0,0,14,0,99,99,88,88,0,0,0,0,1,7,1,170201,0,2009,100,SR-54,BUFFALO HART RD,0000000,39.91365278,-89.44790556,1,1
17,201,4,2,12,45,2,2,0,0,14,6,0,12,5,8,1,2,4,45,1,1,2,1,0,0,1,1,0,0,12,46,12,99,12,99,0,0,0,0,1,5,0,170202,7460,2009,0,MULFORD,ROCKFORD,0000000,42.27829444,-88.99970833,2,1
17,55,4,21,16,2,4,4,0,1,11,1,0,12,1,1,1,2,2,65,1,1,1,1,0,0,1,1,0,0,16,2,16,99,99,99,0,0,0,0,1,3,0,170203,0,2009,745,I-57,99999999999999999999,0000000,38.03856111,-88.92505556,4,1
17,117,4,15,15,40,2,5,0,1,11,1,0,12,7,1,1,2,2,65,1,1,1,1,0,0,1,1,0,0,15,40,15,99,99,99,0,0,0,0,1,4,0,170204,5860,2009,453,I-55,99999999999999999999,0000000,39.08935,-89.74606944,2,1
17,15,5,2,18,20,2,4,0,0,3,2,0,12,7,1,1,1,2,25,1,2,1,1,0,0,1,1,0,0,18,21,99,99,88,88,0,0,0,0,1,7,1,170205,0,2009,0,US-52,99999999999999999999,0000000,42.10431111,-90.16102778,2,1
17,31,3,23,0,48,2,3,1,1,11,1,0,8,0,1,1,3,5,65,1,1,2,1,0,0,3,1,0,0,0,48,0,99,88,88,0,0,0,0,1,2,0,170206,1670,2009,507,I-90,99999999999999999999,0000000,41.88828611,-87.64745556,2,1
17,31,5,4,6,10,1,2,0,0,16,6,0,29,0,1,4,1,2,35,1,1,2,1,0,0,1,1,0,0,6,10,6,99,99,99,0,0,0,0,1,2,1,170207,5410,2009,0,17TH AVE,99999999999999999999,0000000,41.88146389,-87.85391111,1,1
17,31,5,8,4,19,4,6,0,1,11,1,0,12,7,1,1,3,7,65,1,1,1,1,0,0,3,1,0,0,4,20,4,99,99,99,0,0,0,0,1,6,1,170208,1670,2009,606,I-94,99999999999999999999,0000000,41.75418611,-87.62567778,4,1
17,31,3,29,4,18,1,1,0,1,13,6,0,30,0,1,4,3,2,45,1,1,2,3,0,0,3,3,0,0,4,18,4,99,99,99,0,0,0,0,1,1,1,170209,1680,2009,0,STATE,99999999999999999999,0000000,41.51794444,-87.61633056,1,3
17,31,3,29,22,38,3,12,0,1,13,3,0,12,2,1,1,1,4,30,1,1,2,1,0,0,3,1,0,0,22,38,22,99,99,99,0,0,0,0,1,1,1,170210,7350,2009,281,SR-171,99999999999999999999,0000000,41.835125,-87.82919722,3,1
17,135,4,11,17,27,2,4,0,0,4,4,0,12,5,2,1,1,2,55,1,1,2,1,20,3,1,1,0,0,17,27,17,99,17,99,0,0,0,0,2,7,1,170211,0,2009,0,NORTH RD,BUTLER,0000000,39.20272778,-89.49243889,2,1
17,163,5,14,9,13,2,2,0,0,2,3,0,12,2,1,1,1,4,55,1,1,1,1,0,0,1,1,0,0,9,13,9,99,99,99,0,0,0,0,1,5,0,170212,0,2009,108,SR-161,99999999999999999999,0000000,38.51949167,-89.90211667,2,1
17,167,5,7,15,25,2,2,0,0,3,3,0,12,2,1,1,1,2,55,1,1,2,1,0,0,1,1,0,0,15,25,15,99,99,99,0,0,0,0,1,5,0,170213,0,2009,274,SR-125,99999999999999999999,0000000,39.88338056,-89.96026111,2,1
17,31,5,14,17,5,2,2,0,0,14,6,0,12,5,2,1,1,4,45,1,1,2,1,20,3,1,1,0,0,17,5,17,99,99,99,0,0,0,0,1,5,0,170214,6740,2009,54,NORTHWEST HIGHWAY,WILKINSON PKWY,0000000,42.023225,-87.84859167,2,1
17,199,5,2,14,56,2,3,0,1,13,3,0,12,5,1,1,1,4,55,1,1,2,1,20,3,1,1,0,0,14,56,14,99,99,99,0,0,0,0,1,7,0,170215,2010,2009,967,SR-13,99999999999999999999,0000000,37.745175,-89.06784722,2,1
17,201,5,4,16,39,2,2,0,0,14,6,0,12,5,1,1,2,2,45,1,1,2,1,0,0,1,1,0,0,16,39,16,99,99,99,0,0,0,0,1,2,0,170216,7460,2009,0,MULFORD RD,99999999999999999999,0000000,42.29129444,-88.99963333,2,1
17,73,5,12,1,55,1,1,0,1,1,1,0,1,0,1,4,2,2,65,1,1,2,1,0,0,2,1,0,1,1,55,1,99,88,88,0,0,0,0,1,3,1,170217,0,2009,354,I-80,99999999999999999999,0000000,41.39538611,-89.865225,1,1
17,31,5,9,23,48,1,2,0,1,11,1,0,1,0,1,1,3,4,65,1,1,2,1,0,0,3,1,0,0,23,50,23,99,99,99,0,0,0,0,1,7,1,170218,1670,2009,238,I-290,99999999999999999999,0000000,41.87127222,-87.759475,1,1
17,201,5,9,19,8,1,1,0,0,15,6,0,30,0,1,4,1,2,35,1,1,2,1,20,3,1,1,0,0,19,8,99,99,88,88,0,0,0,0,1,7,1,170219,7460,2009,0,AIRPORT,99999999999999999999,0000000,42.21246111,-89.08148889,1,1
17,97,5,18,20,20,2,3,0,1,13,3,0,12,5,2,1,3,2,45,1,1,2,1,20,3,5,1,0,0,20,20,20,20,20,99,0,0,0,0,1,2,1,170220,3670,2009,77,SR-132,GURNEE,0000000,42.38589167,-87.99083611,2,1
17,31,1,3,5,0,1,2,0,1,11,1,0,25,0,1,3,3,2,65,1,1,1,1,0,0,4,1,0,0,5,12,5,99,99,99,0,0,0,0,1,7,0,170221,1670,2009,592,I-94,99999999999999999999,0000000,41.774625,-87.62705,1,1
17,31,2,27,22,10,2,2,0,1,11,1,0,25,0,1,3,3,4,65,1,1,1,1,0,0,3,1,0,0,22,15,22,99,99,99,0,0,0,0,1,6,0,170222,8410,2009,2832,I-55,99999999999999999999,0000000,41.79723056,-87.80646667,2,1
17,31,3,6,17,41,1,1,0,0,13,6,0,27,0,1,4,1,4,35,1,1,2,1,0,0,1,1,0,0,17,41,17,99,99,99,0,0,0,0,1,6,0,170223,1680,2009,3097,HALSTED,99999999999999999999,0000000,41.51904444,-87.635675,1,1
17,31,4,19,14,45,1,1,0,0,15,6,0,29,0,2,4,3,4,35,1,1,2,2,3,3,1,2,0,0,14,50,14,99,99,99,0,0,0,0,1,1,0,170224,1670,2009,0,DIVISION ST,KEDZIE AVE,0000000,41.90281111,-87.70654722,1,2
17,23,5,12,13,0,1,2,0,1,1,1,0,1,0,1,1,2,2,65,1,2,2,1,0,0,1,1,0,0,13,1,13,99,99,99,0,0,0,0,1,3,0,170225,0,2009,1364,I-70,99999999999999999999,0000000,39.33907778,-87.94519167,1,1
17,201,4,26,2,3,1,3,0,1,13,6,0,38,0,1,4,1,2,55,1,2,2,2,0,0,3,2,0,0,2,3,2,99,99,99,0,0,0,0,1,1,1,170226,7460,2009,36,ALPINE RD,99999999999999999999,0000000,42.26950556,-89.02902778,1,2
17,163,4,7,8,18,2,2,0,0,14,6,0,12,1,2,1,1,2,55,1,1,2,1,20,3,1,1,0,0,8,18,8,99,99,99,0,0,0,0,1,3,0,170227,1910,2009,17,COLLINSVILLE RD,RAMEY ST,0000000,38.65858056,-90.05866667,2,1
17,113,5,10,1,57,1,2,0,0,3,3,0,24,0,1,4,1,2,55,1,3,2,1,0,0,2,1,0,0,2,2,2,99,99,99,0,0,0,0,2,1,1,170228,0,2009,1200,SR-9,99999999999999999999,0000000,40.527175,-89.24885278,1,1
17,163,5,17,5,34,1,3,0,0,3,3,0,1,0,1,4,1,2,50,2,1,2,1,0,0,4,1,0,0,5,34,5,99,99,99,0,0,0,0,1,1,1,170229,0,2009,54,SR-163,99999999999999999999,0000000,38.53734444,-90.10128056,1,1
17,31,5,11,22,40,2,4,0,1,11,1,0,12,7,1,1,3,6,65,1,1,2,1,0,0,3,1,0,0,22,43,22,99,88,88,0,0,0,0,1,2,2,170230,1670,2009,608,I-94,99999999999999999999,0000000,41.75216111,-87.62504444,2,1
17,63,5,22,17,39,1,1,0,1,1,1,0,57,0,1,3,3,2,65,1,1,2,1,0,0,1,1,0,0,17,39,17,99,88,88,0,0,0,0,1,6,0,170231,0,2009,2316,I-55,99999999999999999999,0000000,41.23822222,-88.26212222,1,1
17,133,5,23,14,42,2,4,0,1,2,3,0,12,5,1,1,1,2,55,1,1,2,1,0,0,1,1,0,0,14,42,14,99,99,99,0,0,0,0,2,7,0,170232,0,2009,1130,SR-3,99999999999999999999,0000000,38.23201944,-90.05941667,2,1
17,31,3,11,18,23,1,1,0,1,11,7,0,46,0,10,3,3,5,35,1,1,2,1,3,3,1,1,0,0,18,24,18,99,99,99,0,0,0,0,1,4,0,170233,1670,2009,219,I-55,PULASKI RD,0000000,41.82276944,-87.72406389,1,1
17,31,3,25,14,0,1,2,1,0,15,6,0,8,0,2,1,1,2,35,1,1,2,1,3,3,1,1,0,0,14,0,14,99,99,99,0,0,0,0,1,4,0,170234,1670,2009,7,DIVERSEY AVE,KIMBALL AVE,0000000,41.93223056,-87.712525,1,1
17,31,3,29,13,15,2,3,0,1,13,6,0,12,1,1,1,1,4,30,1,1,2,2,0,0,1,3,0,0,13,20,13,99,99,99,0,0,0,0,1,1,0,170235,1670,2009,46,ARCHER AVE,99999999999999999999,0000000,41.80293333,-87.72251389,2,3
17,31,2,7,9,15,1,2,1,0,15,6,0,8,0,2,1,2,2,99,1,1,2,2,3,3,1,1,0,0,9,17,9,99,9,99,0,0,0,0,1,7,0,170236,1670,2009,0,SHERIDAN,AINSLIE,0000000,41.97157222,-87.65489444,1,1
17,153,5,16,8,30,1,2,0,0,4,2,0,42,0,1,4,1,2,55,1,1,2,1,0,0,1,1,0,0,9,19,99,99,88,88,0,0,0,0,2,7,0,170237,0,2009,77,US-51,99999999999999999999,0000000,37.18821944,-89.20349167,1,1
17,19,5,22,21,25,2,5,0,0,3,2,0,12,4,2,1,1,2,55,1,1,2,1,0,0,2,1,0,0,21,30,21,99,99,99,0,0,0,0,1,6,0,170238,0,2009,1644,US-136,WOOD CREEK RD,0000000,40.31121111,-88.46054167,2,1
17,31,2,20,23,36,2,4,0,0,15,6,0,1,0,15,1,2,2,30,2,1,2,1,0,0,3,1,0,0,23,36,23,99,23,99,0,20,0,0,1,6,1,170239,1670,2009,0,SACRAMENTO,FRANKLIN,0000000,41.89044444,-87.70176944,2,1
17,125,5,6,18,16,2,4,0,0,3,3,0,12,5,2,1,1,2,55,1,1,2,1,20,3,1,1,0,0,18,18,18,99,99,99,0,0,0,0,2,4,1,170240,0,2009,310,SR-78,SAIDORA KILBOURNE RD,0000000,40.10505833,-90.15479444,2,1
17,29,5,23,10,55,2,4,0,0,3,3,0,12,2,1,1,1,2,55,1,1,2,1,0,0,1,1,0,0,11,5,99,99,88,88,0,0,0,0,4,7,2,170241,0,2009,969,SR-130,99999999999999999999,0000000,39.58842778,-88.17734167,2,1
17,31,2,7,9,35,2,2,0,1,13,6,0,12,5,2,1,2,4,30,1,1,2,2,3,1,1,1,0,0,9,38,9,99,99,99,0,0,0,0,1,7,0,170242,1670,2009,0,GARFIELD BLVD,RACINE AVE,0000000,41.79420833,-87.65491111,2,1