STATE,COUNTY,MONTH,DAY,HOUR,MINUTE,VE_TOTAL,PERSONS,PEDS,NHS,ROAD_FNC,ROUTE,SP_JUR,HARM_EV,MAN_COLL,REL_JUNC,REL_ROAD,TRAF_FLO,NO_LANES,SP_LIMIT,ALIGNMNT,PROFILE,PAVE_TYP,SUR_COND,TRA_CONT,T_CONT_F,LGT_COND,WEATHER1,WEATHER2,WRK_ZONE,NOT_HOUR,NOT_MIN,ARR_HOUR,ARR_MIN,HOSP_HR,HOSP_MN,SCH_BUS,CF1,CF2,CF3,FATALS,DAY_WEEK,DRUNK_DR,ST_CASE,CITY,YEAR,MILEPT,TWAY_ID,TWAY_ID2,RAIL,LATITUDE,LONGITUD,VE_FORMS,WEATHER
17,163,5,29,6,3,2,2,0,0,14,3,0,12,5,2,1,1,2,35,1,1,2,1,3,3,1,1,0,0,6,3,6,99,99,99,0,0,0,0,1,6,0,170243,670,2009,158,SR-158,SOUTH GREENMOUNT RD,0000000,38.505125,-89.92850278,2,1
17,201,5,24,1,5,1,3,0,0,3,3,0,30,0,1,4,1,2,55,2,2,2,1,0,0,2,1,0,0,1,6,1,99,99,99,0,0,0,0,2,1,1,170244,0,2009,252,SR-75,99999999999999999999,0000000,42.41161667,-89.24136389,1,1
17,31,5,30,10,12,2,2,0,0,14,6,0,12,4,1,4,2,4,30,1,1,2,1,0,0,1,1,0,0,10,12,99,99,88,88,0,0,0,0,1,7,0,170245,5280,2009,69,CRAWFORD AVE,99999999999999999999,0000000,41.60753333,-87.71701111,2,1
17,201,5,24,16,20,2,2,0,0,6,4,0,12,5,2,1,1,2,55,1,1,2,1,20,3,1,1,0,0,16,23,16,99,99,99,0,0,0,0,1,1,0,170246,0,2009,0,KELLEY RD,CENTERVILLE RD,0000000,42.24450556,-89.15515556,2,1
17,31,2,20,18,46,2,7,0,0,15,6,0,12,5,2,1,1,2,30,1,1,2,1,0,0,2,1,0,0,18,48,18,99,18,99,0,0,0,0,1,6,1,170247,1670,2009,0,HAMLIN,MARQUETTE,0000000,41.77146389,-87.71765556,2,1
17,31,5,25,15,4,1,2,0,1,12,6,0,28,0,15,3,2,4,65,2,1,1,2,0,0,1,2,0,0,15,4,99,99,88,88,0,0,0,0,2,2,0,170248,0,2009,40,ELGIN OHARE EXPRESSW,MEACHAM RD,0000000,41.992575,-88.04908889,1,2
17,31,5,30,0,45,1,1,0,1,11,1,0,35,0,15,8,2,6,65,1,1,1,1,0,0,3,1,0,0,0,48,99,99,88,88,0,0,0,0,1,7,1,170249,6320,2009,330,I-94,WILLOW RD,0000000,42.10125556,-87.76768333,1,1
17,31,5,23,20,48,4,6,0,1,11,1,0,12,1,1,1,2,2,65,1,1,1,1,0,0,3,1,0,0,20,48,20,99,99,99,0,0,0,0,3,7,0,170250,0,2009,3439,I-57,99999999999999999999,0000000,41.55255833,-87.742975,4,1
17,31,2,20,6,38,1,2,1,0,16,6,0,8,0,1,1,1,2,45,1,1,2,1,0,0,4,1,0,0,6,45,6,99,99,99,0,0,0,0,1,6,0,170251,1670,2009,0,MOE DR,99999999999999999999,0000000,41.83955,-87.60992222,1,1
17,31,2,25,18,0,1,2,1,0,16,6,0,8,0,1,1,1,2,45,1,1,2,1,0,0,3,1,0,0,18,2,18,99,99,99,0,0,0,0,1,4,0,170252,1670,2009,4,ASHLAND BLVD,99999999999999999999,0000000,42.00433056,-87.67056667,1,1
17,31,3,1,1,38,1,1,0,0,15,6,0,27,0,1,4,2,2,30,1,1,2,1,0,0,3,1,0,0,1,40,1,99,88,88,0,0,0,0,1,1,1,170253,1670,2009,0,LONGWOOD DR,99999999999999999999,0000000,41.71363333,-87.66893056,1,1
17,31,3,5,19,28,1,1,0,0,15,6,0,44,0,1,1,2,2,99,1,1,2,2,0,0,3,1,0,0,19,28,19,99,99,99,0,7,0,0,1,5,1,170254,1670,2009,0,55TH,99999999999999999999,0000000,41.79499167,-87.60699722,1,1
17,31,4,29,2,15,1,1,0,0,16,6,0,29,0,1,4,1,2,25,2,1,2,2,0,0,3,2,0,0,2,16,2,20,99,99,0,0,0,0,1,4,1,170255,7813,2009,0,PINEHURST LN,99999999999999999999,0000000,42.01035556,-88.10216944,1,2
17,119,5,31,19,48,2,2,0,1,2,3,0,12,2,1,1,1,2,55,1,1,2,1,0,0,1,1,0,0,19,48,19,99,88,88,0,0,0,0,1,1,0,170256,0,2009,911,SR-4,99999999999999999999,0000000,38.84478889,-89.80101111,2,1
17,31,4,24,16,50,1,1,0,1,13,2,0,1,0,3,2,3,4,30,1,1,2,1,0,0,1,1,0,0,16,50,16,99,99,99,0,0,0,0,1,6,0,170257,1670,2009,645,US-14,KILBOURN AVE,0000000,41.98998333,-87.74080833,1,1
17,45,5,29,18,24,2,3,0,0,16,6,0,12,5,4,1,1,2,30,1,1,2,1,0,0,1,1,0,0,18,24,18,99,99,99,0,0,0,0,1,6,1,170258,6720,2009,0,HUNT ST,AUSTIN ST,0000000,39.61694167,-87.70690556,2,1
17,99,5,7,17,0,2,6,0,0,4,3,0,12,5,2,1,1,2,55,1,1,2,2,20,3,1,9,0,0,17,0,17,99,99,99,0,0,0,0,1,5,0,170259,0,2009,0,SR-179,7TH RD,0000000,40.95542222,-89.02746667,2,9
17,57,5,30,13,5,2,4,0,0,3,3,0,12,8,1,1,1,2,55,2,2,2,1,0,0,1,1,0,0,13,9,13,99,99,99,0,0,0,0,1,7,1,170260,0,2009,724,SR-78,99999999999999999999,0000000,40.6276,-90.02147778,2,1
17,55,5,20,18,36,1,1,0,0,3,3,0,32,0,1,4,1,2,55,1,1,2,1,0,0,1,1,0,0,18,36,18,99,99,99,0,0,0,0,1,4,0,170261,0,2009,395,SR-149,99999999999999999999,0000000,37.89983333,-88.87561667,1,1
17,87,5,30,1,55,2,4,0,0,3,3,0,12,7,1,1,1,2,55,1,2,2,1,0,0,2,1,0,0,1,55,1,99,99,99,0,0,0,0,1,7,2,170262,0,2009,328,SR-37,99999999999999999999,0000000,37.43993889,-88.97054722,2,1
17,105,5,30,13,39,2,5,0,0,3,3,0,12,2,2,1,1,2,55,1,1,2,1,0,0,1,1,0,0,13,39,13,99,13,99,0,0,0,0,1,7,0,170263,0,2009,1276,SR-17,300 E,0000000,41.06055556,-88.87141389,2,1
17,91,5,30,15,9,2,4,0,0,4,3,0,12,5,2,1,1,2,55,1,1,2,1,0,0,1,1,0,0,15,9,15,99,15,99,0,0,0,0,1,7,0,170264,0,2009,2071,SR-17,N 16000E RD,0000000,41.23003611,-87.56721389,2,1
17,31,4,30,22,30,1,3,1,1,13,3,0,8,0,1,1,1,4,35,1,1,2,1,0,0,3,1,0,0,22,32,22,99,99,99,0,0,0,0,1,5,0,170266,1670,2009,605,SR-50,99999999999999999999,0000000,41.94965278,-87.74721389,1,1
17,167,5,24,20,35,2,5,0,0,4,3,0,12,5,2,1,1,2,55,1,1,2,1,0,0,2,1,0,0,20,37,20,99,20,99,0,0,0,0,1,1,0,170267,0,2009,75,SR-54,LOAMI-BATES RD,0000000,39.72464167,-89.84403611,2,1
17,29,5,30,19,24,1,3,0,0,13,3,0,50,0,10,1,2,4,45,1,1,1,1,0,0,1,1,0,0,19,24,19,99,99,99,0,0,0,0,2,7,0,170268,5390,2009,1391,SR-16,I-57,0000000,39.48430556,-88.32203611,1,1
17,103,5,31,15,36,2,3,0,0,3,2,0,12,5,2,1,1,2,55,1,1,1,1,20,3,1,1,0,0,15,36,15,99,99,99,0,0,0,0,1,1,1,170269,0,2009,349,US-30,HARMON RD,0000000,41.75831667,-89.55393889,2,1
17,43,5,8,11,12,3,3,0,1,13,3,0,12,2,1,1,1,2,45,1,1,2,1,0,0,1,1,0,0,11,12,11,99,99,99,0,0,0,0,1,6,0,170270,9180,2009,731,SR-38,99999999999999999999,0000000,41.86083611,-88.19106389,3,1
17,81,5,31,20,27,1,3,0,1,1,1,0,1,0,1,3,3,2,65,1,1,2,1,0,0,5,1,0,0,20,27,20,99,99,99,0,0,0,0,1,1,0,170271,0,2009,903,I-57,99999999999999999999,0000000,38.25746667,-88.92071111,1,1
17,167,6,3,22,50,1,1,0,1,13,3,0,46,0,2,4,2,2,45,1,1,2,1,1,3,3,1,0,0,22,50,22,99,22,99,0,0,0,0,1,4,0,170272,7945,2009,102,SR-55,CARTER,0000000,39.87380556,-89.61399722,1,1
17,167,6,7,4,37,1,1,0,0,16,6,0,43,0,1,4,1,2,30,1,1,2,1,0,0,3,1,0,0,4,37,4,99,99,99,0,0,0,0,1,1,1,170273,8220,2009,0,ILES,99999999999999999999,0000000,39.77111944,-89.65174722,1,1
17,31,5,2,20,13,1,1,0,1,13,2,0,25,0,1,3,3,4,40,2,2,1,1,0,0,3,1,0,0,20,20,20,99,99,99,0,0,0,0,1,7,0,170274,1670,2009,145,US-41,99999999999999999999,0000000,41.88307778,-87.616525,1,1
17,145,5,27,22,0,1,1,0,0,4,4,0,35,0,1,4,1,2,55,1,1,2,1,0,0,2,1,0,0,22,56,99,99,88,88,0,0,0,0,1,4,1,170275,0,2009,0,PARK ST,99999999999999999999,0000000,38.01638333,-89.159375,1,1
17,97,5,2,17,44,2,2,0,1,13,2,0,12,1,2,1,2,2,55,2,2,2,1,3,3,1,1,0,0,17,44,17,99,99,99,0,0,0,0,1,7,0,170276,0,2009,240,US-12,OLD MCHENRY RD,0000000,42.23724444,-88.11271944,2,1
17,97,5,17,4,18,1,2,1,1,13,3,0,8,0,1,1,2,4,45,1,1,2,1,0,0,2,1,0,0,4,18,99,99,88,88,0,0,0,0,1,1,0,170277,0,2009,53,SR-137,99999999999999999999,0000000,42.30573056,-87.93949444,1,1
17,31,5,4,22,35,1,3,2,0,14,6,0,8,0,2,1,1,4,30,1,1,2,1,2,3,3,1,0,0,22,38,22,99,99,99,0,0,0,0,2,2,0,170278,1670,2009,14,DEVON AVE,WESTERN AVE,0000000,41.99775833,-87.68987778,1,1
17,31,5,16,4,46,1,2,1,1,13,2,0,8,0,1,1,3,7,40,1,1,1,2,0,0,3,1,0,0,4,46,99,99,88,88,0,0,0,0,1,7,0,170279,1670,2009,187,US-41,99999999999999999999,0000000,41.93811389,-87.63545,1,1
17,31,5,13,2,59,2,3,0,1,13,2,0,12,1,19,1,3,7,40,2,1,1,2,0,0,3,2,0,0,2,59,3,99,99,99,0,0,0,0,2,4,2,170280,1670,2009,198,US-41,GRACE,0000000,41.95262778,-87.64456944,2,2
17,31,5,10,19,44,3,9,0,0,15,6,0,12,5,2,1,2,4,30,1,1,2,1,3,3,1,1,0,0,19,55,19,99,99,99,0,20,0,0,1,1,1,170281,1670,2009,17,43RD ST,WESTERN AVE,0000000,41.81570556,-87.68407222,3,1
17,31,5,20,23,23,1,4,0,1,13,6,0,42,0,1,4,3,3,35,1,1,2,1,0,0,3,1,0,0,23,23,23,99,99,99,0,0,0,0,1,4,0,170282,280,2009,101,PALATINE,99999999999999999999,0000000,42.10974167,-87.97349444,1,1
17,99,5,22,21,7,1,3,0,0,13,3,0,33,0,1,4,1,2,35,1,3,2,1,0,0,3,1,0,0,21,7,21,99,99,99,0,0,0,0,2,6,1,170283,8370,2009,268,SR-23,99999999999999999999,0000000,41.133725,-88.83575,1,1
17,7,5,22,11,29,2,2,0,0,3,3,0,12,5,4,1,2,2,55,1,1,2,1,0,0,1,1,0,0,11,29,11,99,11,99,0,0,0,0,1,6,0,170284,0,2009,73,SR-76,QUAIL TRAP,0000000,42.37997778,-88.85171389,2,1
17,31,5,23,1,0,3,7,0,0,15,6,0,12,1,3,1,3,4,30,1,1,2,1,20,3,3,1,0,0,1,0,1,99,99,99,0,0,0,0,1,7,1,170285,1670,2009,0,69TH ST,S PEORIA ST,0000000,41.76881389,-87.64693056,3,1
17,183,5,24,15,45,2,3,0,0,6,4,0,12,2,1,1,1,2,55,1,1,2,1,0,0,1,1,0,0,15,45,15,99,99,99,0,0,0,0,1,1,1,170286,0,2009,0,OLD OTTAWA RD,99999999999999999999,0000000,40.177825,-87.67780833,2,1
17,29,6,6,11,30,2,2,0,0,2,3,0,12,2,1,1,1,2,55,1,1,2,1,0,0,1,1,0,0,11,35,11,99,99,99,0,0,0,0,1,7,0,170287,0,2009,1332,SR-16,99999999999999999999,0000000,39.47247778,-88.42728056,2,1
17,197,6,13,13,55,3,5,0,1,11,1,0,12,1,15,1,2,4,55,1,1,1,1,0,0,1,1,0,1,13,58,13,99,99,99,0,3,0,0,1,7,0,170288,4300,2009,1278,I-80,HOUBOLT RD,0000000,41.49158056,-88.16803333,3,1
17,43,5,14,20,31,1,2,1,0,14,6,0,8,0,1,1,2,2,40,1,1,2,1,0,0,3,1,0,0,20,31,20,99,99,99,0,0,0,0,1,5,0,170289,5980,2009,0,AURORA,99999999999999999999,0000000,41.76774722,-88.16465556,1,1
17,31,5,22,1,28,1,2,1,0,14,6,0,9,0,2,1,1,2,30,1,1,2,1,3,3,3,1,0,0,1,28,1,99,88,88,0,0,0,0,1,6,1,170290,1670,2009,0,ASHLAND,81ST,0000000,41.74670556,-87.66334444,1,1
17,27,5,24,0,7,2,9,0,0,4,4,0,12,5,2,1,2,2,55,1,1,2,1,20,3,2,1,0,0,0,7,0,99,0,99,0,0,0,0,4,1,1,170291,0,2009,0,EMERALD,KEYESPORT,0000000,38.74203333,-89.29166111,2,1
17,197,5,30,6,27,2,3,0,0,2,3,0,12,2,1,1,1,2,35,2,2,2,1,0,0,1,1,0,0,6,27,6,99,99,99,0,0,0,0,2,7,1,170292,9390,2009,142,SR-53,99999999999999999999,0000000,41.31238611,-88.13273056,2,1
17,31,5,20,10,28,2,2,0,0,15,6,0,12,3,8,1,1,2,30,1,1,2,1,0,0,1,1,0,0,10,42,99,99,88,88,0,0,0,0,1,4,0,170293,1670,2009,0,ELSTON,DIVISION,0000000,41.90338333,-87.65831389,2,1
17,73,5,22,7,25,1,2,0,1,11,1,0,11,0,1,1,2,2,65,1,1,2,1,0,0,1,1,0,0,7,30,7,99,99,99,0,0,0,0,1,6,0,170294,9520,2009,322,I-74,99999999999999999999,0000000,41.17540833,-90.33272222,1,1
17,85,5,24,11,21,1,1,0,0,4,4,0,32,0,1,4,1,2,55,2,2,2,1,7,3,1,1,0,0,11,21,11,99,99,99,0,0,0,0,1,1,1,170295,0,2009,0,CR-7,99999999999999999999,0000000,42.24136944,-90.16475278,1,1
17,89,5,23,8,20,9,14,0,1,2,3,0,12,1,2,1,1,2,55,1,1,2,1,0,0,1,1,0,0,8,25,8,30,99,99,0,0,0,0,2,7,1,170296,0,2009,1230,SR-47,SMITH RD,0000000,41.85289167,-88.46435833,9,1
17,121,6,4,10,38,2,3,0,1,13,2,0,12,5,2,1,1,2,45,1,1,2,1,3,3,1,1,0,0,10,38,10,99,10,99,0,0,0,0,1,5,0,170297,7730,2009,798,US-50,HOTZE,0000000,38.62386944,-88.9761,2,1
17,35,6,7,10,26,2,6,0,1,1,1,0,12,4,1,1,2,4,65,2,1,2,1,0,0,1,1,0,0,10,27,10,99,99,99,0,0,0,0,2,1,0,170298,0,2009,1263,I-70,99999999999999999999,0000000,39.273825,-88.10670278,2,1
17,95,5,25,15,49,1,2,0,0,4,4,0,35,0,1,4,1,2,55,1,2,2,2,0,0,1,2,0,0,15,49,15,99,99,99,0,0,0,0,1,2,0,170299,0,2009,0,CR-4,99999999999999999999,0000000,41.11479722,-90.17591111,1,2
17,31,5,29,22,40,3,5,0,1,13,3,0,12,5,2,1,2,3,40,1,1,2,1,3,3,3,1,0,0,22,40,22,99,99,99,0,0,0,0,1,6,0,170300,6330,2009,1238,SR-64,HILLSIDE AVE,0000000,41.90710278,-87.90813333,3,1
17,143,6,13,3,14,1,1,0,0,6,6,0,34,0,1,4,1,2,55,2,2,2,1,0,0,2,1,0,0,3,14,99,99,88,88,0,0,0,0,1,7,1,170301,0,2009,0,DICKISON CEMETARY RD,99999999999999999999,0000000,40.83121667,-89.69324167,1,1
17,177,6,14,15,50,1,2,0,0,4,4,0,1,0,1,2,1,2,55,2,2,2,1,0,0,1,1,0,0,15,50,15,99,99,99,0,0,0,0,1,1,0,170302,0,2009,0,CR-6,99999999999999999999,0000000,42.41774167,-89.87949444,1,1
17,117,6,8,9,50,1,2,0,0,5,4,0,42,0,1,4,1,2,55,1,2,2,1,0,0,1,1,0,0,9,56,9,99,99,99,0,0,0,0,1,2,0,170303,0,2009,0,CR-38,99999999999999999999,0000000,39.50986944,-90.10505556,1,1
17,97,6,13,11,27,2,3,0,1,13,2,0,33,0,1,3,3,6,65,2,1,2,1,0,0,1,1,0,1,11,27,11,99,99,99,0,0,0,0,1,7,1,170304,4650,2009,276,US-12,99999999999999999999,0000000,42.18766111,-88.10238056,2,1
17,91,6,8,22,22,1,1,0,1,1,1,0,34,0,1,4,2,2,65,2,1,2,1,0,0,2,1,0,0,22,22,22,99,99,99,0,0,0,0,1,2,0,170305,0,2009,3153,I-57,99999999999999999999,0000000,41.16762222,-87.84827778,1,1
17,163,6,14,10,12,1,1,0,0,14,6,0,42,0,1,4,1,2,30,1,1,2,1,0,0,1,1,0,0,10,12,10,99,88,88,0,0,0,0,1,1,0,170306,670,2009,0,17TH ST,99999999999999999999,0000000,38.53957222,-90.00186667,1,1
17,107,6,14,10,41,1,2,0,0,4,3,0,1,0,1,4,3,2,65,1,1,2,1,0,0,1,1,0,0,10,42,10,99,99,99,0,0,0,0,1,1,0,170307,0,2009,213,SR-66,99999999999999999999,0000000,40.17892778,-89.32687778,1,1
17,31,5,24,3,52,2,2,0,0,14,6,0,12,1,1,1,1,2,55,1,1,2,1,0,0,3,1,0,0,3,52,3,99,88,88,0,0,0,0,1,1,2,170308,1260,2009,0,DOLTON RD,99999999999999999999,0000000,41.63088889,-87.56702222,2,1
17,91,6,13,23,23,2,2,0,0,2,3,0,12,2,1,1,1,2,55,2,1,2,1,0,0,2,1,0,0,23,23,23,99,99,99,0,0,0,0,1,7,1,170309,0,2009,101,SR-50,99999999999999999999,0000000,41.23873889,-87.83908333,2,1
17,31,4,4,8,55,2,4,2,1,13,6,0,12,4,2,1,1,4,30,1,1,2,1,3,3,1,1,0,0,8,56,8,99,99,99,0,0,0,0,1,7,0,170310,1670,2009,762,95TH,ASHLAND,0000000,41.72116389,-87.66268889,2,1
17,63,6,14,4,21,2,3,0,1,2,3,0,12,2,1,1,1,2,55,1,1,2,1,0,0,2,1,0,0,4,21,4,99,99,99,0,0,0,0,1,1,1,170311,0,2009,914,SR-47,99999999999999999999,0000000,41.41007222,-88.422775,2,1
17,73,5,30,14,50,1,2,0,0,3,2,0,31,0,1,4,1,2,40,1,1,2,1,98,3,1,1,0,0,14,50,14,99,99,99,0,0,0,0,1,7,0,170312,0,2009,201,US-150,99999999999999999999,0000000,41.19750278,-90.37990278,1,1
17,31,5,17,12,54,2,3,0,0,14,6,0,12,5,2,1,2,2,40,1,1,2,1,20,3,1,1,0,0,12,54,99,99,88,88,0,0,0,0,1,1,0,170313,1163,2009,0,BUFFALO GROVE RD,OLD OAK DR,0000000,42.14258889,-87.95848056,2,1
17,89,5,29,20,4,3,6,0,1,2,3,0,12,1,1,1,1,2,45,1,1,2,1,0,0,5,1,0,0,20,4,20,99,99,99,0,0,0,0,1,6,1,170314,0,2009,971,SR-64,99999999999999999999,0000000,41.93730833,-88.41174722,3,1
17,115,6,4,15,4,2,4,0,0,2,3,0,12,8,1,1,2,2,40,1,1,2,1,0,0,1,1,0,0,15,4,15,99,99,99,0,0,0,0,1,5,0,170315,0,2009,498,SR-48,99999999999999999999,0000000,39.80895556,-88.99756111,2,1
17,31,5,31,22,25,2,2,0,0,15,6,0,12,5,2,1,1,2,35,1,1,2,1,20,3,3,1,0,0,22,25,22,99,99,99,0,0,0,0,1,1,1,170316,1680,2009,20,26TH ST,EAST END AVE,0000000,41.49160278,-87.63430556,2,1
17,183,6,10,16,30,2,6,0,1,2,3,0,12,2,1,1,2,2,55,1,1,2,1,0,0,1,1,0,0,16,30,16,99,99,99,0,0,0,0,1,4,1,170317,0,2009,2256,SR-1,99999999999999999999,0000000,40.41950833,-87.68518889,2,1
17,157,6,12,15,50,2,2,0,0,2,3,0,12,2,1,1,1,2,55,1,1,2,1,0,0,1,1,0,0,15,57,15,99,99,99,0,0,0,0,1,6,0,170318,0,2009,37,SR-154,99999999999999999999,0000000,38.19279444,-89.93189444,2,1
17,63,6,22,14,42,4,5,0,1,11,1,0,12,1,1,1,3,4,55,1,1,2,1,0,0,1,1,0,1,14,42,14,99,99,99,0,0,0,0,1,2,0,170319,5650,2009,1219,I-80,99999999999999999999,0000000,41.46234722,-88.26750833,4,1
17,19,6,13,1,44,1,2,1,0,4,5,0,8,0,1,1,2,2,35,1,1,2,1,0,0,2,1,0,0,1,44,1,99,99,99,0,0,0,0,1,7,0,170320,0,2009,0,PRAIRIEVIEW,99999999999999999999,0000000,40.19805278,-88.36535,1,1
17,119,6,23,7,32,2,4,0,0,13,3,0,12,5,2,1,3,2,45,1,1,1,1,0,0,1,1,0,0,7,32,7,99,7,99,0,0,0,0,1,3,0,170321,3550,2009,72,SR-203,VENICE,0000000,38.73477778,-90.12095278,2,1
17,197,6,19,21,25,1,3,0,0,16,6,0,42,0,1,4,2,2,55,1,1,2,2,0,0,2,1,0,0,21,25,21,99,99,99,0,3,0,0,1,6,1,170323,7491,2009,3,FRONTAGE RD,99999999999999999999,0000000,41.61221667,-88.16298611,1,1
17,31,2,22,1,32,1,1,0,0,16,6,0,42,0,1,4,1,2,30,1,1,2,3,0,0,3,1,0,0,1,32,1,99,99,99,0,0,0,0,1,1,1,170324,6610,2009,0,WHEELER DR,99999999999999999999,0000000,41.61177222,-87.8121,1,1
17,31,5,19,11,44,2,5,3,0,14,6,0,8,0,3,1,1,4,35,1,1,2,1,0,0,1,1,0,0,11,44,11,99,99,99,0,0,0,0,1,3,0,170325,4580,2009,27,47TH ST,8TH AVE,0000000,41.80514444,-87.86540556,2,1
17,31,5,31,22,14,2,3,0,1,13,3,0,12,5,2,1,1,4,30,1,1,2,1,3,3,3,1,0,0,22,14,22,99,99,99,0,0,0,0,1,1,1,170326,7340,2009,347,SR-71,GRAND AVE,0000000,41.92866389,-87.83576389,2,1
17,31,5,31,7,29,2,5,0,0,14,6,0,12,5,2,1,1,2,30,1,1,2,1,21,3,1,1,0,0,7,30,7,99,99,99,0,0,0,0,1,1,1,170327,1670,2009,274,DIVISION ST,PULASKI RD,0000000,41.90269167,-87.72630278,2,1
17,31,5,31,20,35,2,4,0,1,11,7,0,12,5,10,1,5,4,30,1,1,2,1,2,3,3,1,0,0,20,36,20,99,99,99,0,0,0,0,1,1,0,170328,1670,2009,124,I-94,FULLERTON AVE,0000000,41.92500278,-87.68252778,2,1
17,117,5,16,0,52,1,5,0,0,4,4,0,1,0,1,4,1,2,55,1,1,2,2,0,0,2,2,0,0,0,52,0,99,99,99,0,0,0,0,1,7,1,170329,0,2009,0,CR-37,99999999999999999999,0000000,39.50089444,-89.83314444,1,2
17,75,6,3,14,17,1,1,0,0,4,4,0,35,0,1,4,1,2,40,1,2,2,1,0,0,1,1,0,0,14,17,14,99,99,99,0,0,0,0,1,4,1,170330,0,2009,0,CR-10,99999999999999999999,0000000,40.51721667,-88.09700833,1,1
17,163,6,24,2,20,2,2,0,0,13,3,0,12,1,1,1,3,4,65,1,1,1,1,0,0,2,1,0,0,2,20,2,99,99,99,0,0,0,0,1,4,2,170331,0,2009,144,SR-15,99999999999999999999,0000000,38.4929,-89.96650556,2,1
17,89,6,4,14,59,1,2,0,1,11,1,0,31,0,1,4,3,4,65,1,1,1,1,0,0,1,1,0,1,14,59,14,99,99,99,0,0,0,0,1,5,0,170332,0,2009,1139,I-88,99999999999999999999,0000000,41.79483333,-88.38149167,1,1
17,201,6,6,12,0,2,5,0,0,13,6,0,12,5,2,1,2,2,45,1,1,2,2,3,3,1,1,0,0,12,0,12,99,12,99,0,0,0,0,1,7,0,170333,7460,2009,31,RIVERSIDE,WALMART,0000000,42.31546389,-89.11276944,2,1
17,31,6,13,14,25,2,14,0,1,11,1,0,12,1,1,1,3,5,55,1,1,1,2,0,0,1,2,0,0,14,30,14,99,99,99,0,0,0,0,1,7,0,170334,1670,2009,629,I-94,99999999999999999999,0000000,41.72109722,-87.62458333,2,2
17,195,6,28,5,25,1,1,0,1,2,2,0,1,0,1,4,1,2,55,1,2,2,1,0,0,4,1,0,0,5,25,99,99,88,88,0,0,0,0,1,1,1,170335,0,2009,87,US-30,99999999999999999999,0000000,41.834525,-90.03227222,1,1
17,121,5,30,5,1,1,1,0,0,16,6,0,42,0,3,4,1,2,30,2,1,2,1,40,3,4,5,0,0,5,1,5,99,99,99,0,0,0,0,1,7,1,170336,6450,2009,0,DEPEW ST,WOOD ST,0000000,38.62130833,-89.04979722,1,5
17,203,6,25,12,53,1,1,0,0,6,4,0,1,0,1,4,1,2,55,2,2,2,1,0,0,1,1,0,0,12,53,99,99,88,88,0,0,0,0,1,5,0,170337,0,2009,0,800N,1900E,0000000,40.70631111,-89.17795556,1,1
17,163,6,28,10,20,3,4,0,0,3,3,0,12,2,1,1,1,2,55,2,2,2,1,0,0,1,1,0,0,10,20,10,99,99,99,0,0,0,0,2,1,0,170338,0,2009,427,SR-4,99999999999999999999,0000000,38.22523611,-89.70373333,3,1
17,167,6,25,23,54,2,2,0,0,3,3,0,12,2,1,1,1,2,55,1,1,2,1,0,0,2,1,0,0,23,54,99,99,88,88,0,0,0,0,1,5,1,170339,0,2009,492,SR-29,99999999999999999999,0000000,39.86709444,-89.66465833,2,1
17,27,6,21,0,28,1,2,1,1,2,2,0,9,0,1,1,1,2,55,1,3,2,1,0,0,2,1,0,0,0,28,99,99,88,88,0,0,0,0,1,1,1,170340,0,2009,693,US-50,99999999999999999999,0000000,38.6164,-89.16340833,1,1
17,133,6,18,11,52,2,3,0,1,13,3,0,12,5,2,1,3,2,45,1,1,2,1,3,3,1,1,0,0,11,52,11,99,11,99,0,0,0,0,1,5,0,170341,1930,2009,1315,SR-3,ADMIRAL WEINEL BLVD,0000000,38.44124167,-90.21265,2,1
17,163,6,26,19,14,2,2,0,0,13,3,0,12,1,1,1,3,4,55,1,2,1,1,0,0,1,1,0,0,19,14,99,99,88,88,0,0,0,0,1,6,1,170342,0,2009,22,SR-161,99999999999999999999,0000000,38.57039722,-90.03586667,2,1
17,107,6,29,20,10,1,1,0,1,11,1,0,1,0,1,4,3,6,65,1,1,1,1,0,0,1,1,0,0,20,15,20,99,99,99,0,0,0,0,1,2,1,170343,2720,2009,1147,I-55,99999999999999999999,0000000,40.02145278,-89.49555278,1,1
17,99,6,13,12,0,1,1,0,0,4,4,0,1,0,1,4,2,2,55,1,1,2,1,0,0,1,1,0,0,12,0,99,99,88,88,0,0,0,0,1,7,0,170344,0,2009,0,CR-5,99999999999999999999,0000000,41.19388333,-88.76631389,1,1
17,31,6,21,18,0,1,1,0,1,13,6,0,7,0,1,1,2,2,55,2,2,2,1,0,0,1,1,0,0,18,35,99,99,88,88,0,0,0,0,1,1,0,170345,1670,2009,5,STONY ISLAND,99999999999999999999,0000000,41.70926111,-87.58530278,1,1
17,183,6,29,11,12,2,3,0,1,1,1,0,12,2,1,1,2,2,65,1,1,2,1,0,0,1,1,0,0,11,13,99,99,88,88,0,0,0,0,1,2,0,170346,0,2009,2153,I-74,99999999999999999999,0000000,40.10945556,-87.61921667,2,1
17,69,6,13,16,12,4,8,0,0,3,3,0,12,1,2,1,1,2,55,1,2,2,1,0,0,1,1,0,0,16,12,16,99,99,99,0,0,0,0,2,7,0,170347,0,2009,25,SR-1,LAMB,0000000,37.50302778,-88.16726111,4,1
17,197,6,18,12,58,1,2,0,0,14,6,0,43,0,6,1,1,4,30,1,1,2,1,60,3,1,1,0,0,12,59,99,99,88,88,0,0,0,0,2,5,0,170348,7491,2009,0,ROMEO RD,NEW AVE,9999999,41.64075278,-88.05949722,1,1