STATE,COUNTY,MONTH,DAY,HOUR,MINUTE,VE_TOTAL,PERSONS,PEDS,NHS,ROAD_FNC,ROUTE,SP_JUR,HARM_EV,MAN_COLL,REL_JUNC,REL_ROAD,TRAF_FLO,NO_LANES,SP_LIMIT,ALIGNMNT,PROFILE,PAVE_TYP,SUR_COND,TRA_CONT,T_CONT_F,LGT_COND,WEATHER1,WEATHER2,WRK_ZONE,NOT_HOUR,NOT_MIN,ARR_HOUR,ARR_MIN,HOSP_HR,HOSP_MN,SCH_BUS,CF1,CF2,CF3,FATALS,DAY_WEEK,DRUNK_DR,ST_CASE,CITY,YEAR,MILEPT,TWAY_ID,TWAY_ID2,RAIL,LATITUDE,LONGITUD,VE_FORMS,WEATHER
17,31,7,5,12,8,1,1,0,1,11,1,0,24,0,5,8,6,2,99,2,1,2,1,0,0,1,1,0,0,12,9,12,99,88,88,0,0,0,0,1,1,0,170349,1670,2009,0,I-90,OHIO,0000000,41.89232778,-87.65489722,1,1
17,135,6,22,1,39,1,2,1,0,4,2,0,8,0,1,1,1,2,55,1,2,1,1,0,0,2,1,0,0,1,39,1,99,99,99,0,0,0,0,1,2,0,170350,0,2009,14,US-66,99999999999999999999,0000000,39.12077222,-89.68573056,1,1
17,201,7,6,15,52,2,2,0,0,4,4,0,12,4,1,1,2,2,55,1,3,2,1,0,0,1,1,0,0,16,13,99,99,88,88,0,0,0,0,1,2,0,170351,0,2009,0,PECATONICA,99999999999999999999,0000000,42.34599167,-89.35938056,2,1
17,99,6,26,15,20,2,3,0,1,1,1,0,16,0,11,8,2,4,65,1,1,1,1,0,0,1,1,0,0,15,20,15,99,99,99,0,19,0,0,1,6,0,170352,0,2009,530,I-39,SR-251,0000000,41.27544444,-89.08195556,2,1
17,113,4,19,14,31,2,2,0,0,4,4,0,12,5,2,1,1,2,55,1,1,2,2,20,3,1,2,0,0,14,31,14,99,99,99,0,0,0,0,1,1,0,170353,0,2009,0,1900N,2600E,0000000,40.55985278,-88.76523889,2,2
17,115,5,21,16,48,2,2,0,0,14,4,0,12,5,2,1,1,2,35,1,1,2,1,0,0,1,1,0,0,16,48,16,99,99,99,0,0,0,0,1,5,0,170354,2250,2009,0,CR-5,KAREN DR,0000000,39.88780833,-88.96451667,2,1
17,31,6,20,6,46,1,1,0,0,15,6,0,25,0,1,4,3,2,30,1,1,2,1,0,0,1,1,0,0,6,46,99,99,88,88,0,0,0,0,1,7,1,170355,7320,2009,0,138TH,99999999999999999999,0000000,41.64460278,-87.624225,1,1
17,173,6,13,11,43,2,4,0,0,2,3,0,12,5,2,1,3,2,45,1,2,2,1,20,3,1,1,0,0,11,43,11,99,11,99,0,0,0,0,1,7,0,170356,0,2009,1122,SR-16,EAST SPILLWAY RD,0000000,39.40570833,-88.78183889,2,1
17,97,5,2,1,56,1,2,0,0,14,6,0,30,0,1,4,1,4,30,1,1,2,1,0,0,3,1,0,0,1,56,1,99,99,99,0,0,0,0,1,7,1,170357,6290,2009,0,LEWIS AVE,99999999999999999999,0000000,42.33400278,-87.85595,1,1
17,31,6,21,3,30,1,2,1,0,14,6,0,8,0,1,1,1,2,30,1,1,2,1,0,0,3,1,0,0,3,42,99,99,99,99,0,0,0,0,1,1,0,170358,1670,2009,0,FULLERTON,99999999999999999999,0000000,41.92373889,-87.78306944,1,1
17,141,5,4,10,30,1,1,0,0,4,4,0,35,0,3,4,1,2,55,2,2,2,1,20,3,1,1,0,0,10,30,99,99,88,88,0,0,0,0,1,2,0,170359,0,2009,0,CR-34,SR-2,0000000,42.15541111,-89.24083889,1,1
17,195,5,23,10,38,1,2,0,0,4,4,0,5,0,2,1,1,2,55,2,2,2,1,20,3,1,1,0,0,10,38,10,99,99,99,0,0,0,0,1,7,0,170360,0,2009,0,CR-5,UNION GROVE RD,0000000,41.88771111,-90.08565833,1,1
17,97,6,26,17,5,3,3,0,1,13,2,0,12,5,2,1,1,4,45,1,1,2,1,3,3,1,1,0,0,17,5,17,99,99,99,0,0,0,0,1,6,1,170361,6290,2009,495,US-41,BUCKLEY RD,0000000,42.30868611,-87.87700833,3,1
17,145,6,1,13,19,2,5,0,0,6,6,0,12,5,2,1,1,2,55,1,1,2,1,0,0,1,1,0,0,13,19,13,99,99,99,0,0,0,0,1,2,0,170362,0,2009,0,GROSBEAK RD,FALCON RD,0000000,38.2004,-89.29631667,2,1
17,161,6,5,15,0,2,6,0,0,14,6,0,12,8,1,1,1,4,30,1,2,2,1,0,0,1,1,0,0,15,0,15,99,99,99,0,0,0,0,1,6,0,170363,5670,2009,0,12TH AVE,99999999999999999999,0000000,41.50060556,-90.46118889,2,1
17,163,6,11,6,38,1,1,0,0,16,6,0,1,0,1,4,1,2,25,1,1,2,2,0,0,1,2,0,0,6,38,6,99,99,99,0,0,0,0,1,5,1,170365,8430,2009,0,LLEWELLYN RD,99999999999999999999,0000000,38.565875,-90.0103,1,2
17,43,7,4,17,58,1,5,0,1,12,2,0,1,0,13,2,6,1,55,2,2,1,2,0,0,1,2,0,0,17,58,17,99,99,99,0,0,0,0,1,7,1,170366,0,2009,0,US-20,ELGIN OHARE EXPRESSW,0000000,41.98287778,-88.13834444,1,2
17,151,6,19,1,55,2,3,0,0,6,6,0,12,1,1,1,1,2,55,1,1,2,1,0,0,2,1,0,0,1,59,1,99,99,99,0,0,0,0,1,6,2,170367,0,2009,0,WALTERSBURG RD,99999999999999999999,0000000,37.399825,-88.57345,2,1
17,97,7,3,23,6,2,7,0,1,1,1,0,13,2,15,1,2,3,65,1,1,1,1,0,0,2,1,0,0,23,6,23,99,99,99,0,0,0,0,2,6,1,170368,0,2009,2,I-94,RUSSELL RD,0000000,42.49099167,-87.94830278,2,1
17,163,6,23,9,30,2,3,0,0,14,6,0,12,5,2,1,1,2,40,1,2,2,1,98,3,1,1,0,0,9,35,9,99,9,99,0,0,0,0,1,3,0,170369,8430,2009,27,NORTH BELT WEST,CASEYVILLE,0000000,38.54154444,-89.99745,2,1
17,21,7,12,6,35,1,1,0,0,6,6,0,34,0,3,4,1,2,55,1,1,2,1,0,0,1,1,0,0,6,53,99,99,88,88,0,0,0,0,1,1,1,170370,0,2009,0,1500E,2600N,0000000,39.72644722,-89.25139444,1,1
17,85,7,8,6,30,2,2,0,1,2,2,0,12,4,1,1,1,2,55,2,2,2,2,0,0,1,2,0,0,6,35,99,99,88,88,0,0,0,0,1,4,0,170371,0,2009,409,US-20,99999999999999999999,0000000,42.35530833,-90.02184444,2,2
17,37,6,26,9,56,1,1,0,0,14,3,0,30,0,1,4,2,2,45,1,1,2,1,0,0,1,1,0,0,9,57,99,99,88,88,0,0,0,0,1,6,0,170372,9070,2009,742,SR-23,99999999999999999999,0000000,41.7688,-88.75430833,1,1
17,89,6,27,2,51,1,1,0,0,4,4,0,42,0,1,4,2,2,55,1,1,2,1,0,0,2,1,0,0,2,51,99,99,88,88,0,0,0,0,1,7,1,170373,0,2009,0,PLANK RD,99999999999999999999,0000000,42.04279167,-88.59666944,1,1
17,89,7,1,18,32,1,1,0,0,2,4,0,30,0,1,4,1,2,50,2,1,2,1,0,0,1,1,0,0,18,34,99,99,99,99,0,0,0,0,1,4,1,170374,0,2009,0,BIG TIMBER,99999999999999999999,0000000,42.09145278,-88.39857778,1,1
17,67,7,3,12,55,1,1,0,0,4,4,0,11,0,1,1,1,2,55,2,1,2,1,0,0,1,1,0,0,13,0,99,99,88,88,0,0,0,0,1,6,0,170375,0,2009,0,500E,370N,0000000,40.24936667,-91.41826667,1,1
17,187,7,2,23,11,1,2,1,1,13,2,0,8,0,2,1,2,2,55,1,1,2,1,3,3,3,1,0,0,23,11,23,99,23,99,0,0,0,0,1,5,0,170376,5700,2009,287,US-34,MAIN,0000000,40.92553889,-90.64793611,1,1
17,73,6,30,14,15,1,2,0,1,1,1,0,24,0,1,4,2,4,65,1,1,1,1,0,0,1,1,0,0,14,17,14,99,99,99,0,0,0,0,1,3,0,170377,0,2009,159,I-74,99999999999999999999,0000000,41.41170833,-90.329075,1,1
17,31,7,10,16,37,4,10,0,1,11,1,0,12,1,1,1,3,2,65,1,1,2,1,0,0,1,1,0,0,16,39,99,99,99,99,0,0,0,0,1,6,0,170378,1670,2009,584,I-94,99999999999999999999,0000000,41.78365,-87.63150278,4,1
17,27,7,11,2,55,1,1,0,1,2,2,0,1,0,1,4,1,2,55,2,1,1,1,0,0,2,1,0,0,3,0,3,99,99,99,0,0,0,0,1,7,1,170379,0,2009,640,US-50,99999999999999999999,0000000,38.61271111,-89.25885278,1,1
17,43,7,8,15,36,2,4,0,1,13,3,0,33,0,1,3,2,6,45,1,1,1,2,0,0,1,2,0,0,15,36,15,99,99,99,0,0,0,0,1,4,0,170380,8900,2009,445,SR-83,99999999999999999999,0000000,41.87789444,-87.96159722,2,2
17,179,7,11,11,42,2,4,0,0,4,4,0,12,2,1,1,1,2,55,2,1,2,1,0,0,1,1,0,0,11,42,11,99,99,99,0,0,0,0,2,7,0,170381,0,2009,0,MANITO RD,99999999999999999999,0000000,40.53504444,-89.71643611,2,1
17,121,7,8,5,49,2,2,0,0,4,3,0,12,5,1,1,1,2,55,1,1,2,1,0,0,1,1,0,0,5,49,99,99,88,88,0,0,0,0,1,4,0,170382,0,2009,1150,SR-37,99999999999999999999,0000000,38.59503889,-88.94020556,2,1
17,89,6,13,4,22,1,2,1,0,14,3,0,8,0,1,1,2,2,45,1,1,2,2,0,0,2,2,0,0,4,22,99,99,99,99,0,0,0,0,1,7,1,170383,0,2009,214,SR-31,99999999999999999999,0000000,41.96968611,-88.32318056,1,2
17,31,6,21,0,15,2,4,0,0,14,6,0,12,5,2,1,1,2,30,1,1,2,1,3,3,2,5,0,0,0,35,0,99,0,99,0,0,0,0,1,1,0,170384,1670,2009,0,69TH ST,ASHLAND,0000000,41.76853611,-87.66390556,2,5
17,31,6,26,3,34,2,6,0,0,15,6,0,12,5,2,1,1,2,30,1,1,2,1,3,3,3,1,0,0,3,34,3,99,3,99,0,0,0,0,1,6,0,170385,1670,2009,78,CALIFORNIA,JACKSON,0000000,41.87743889,-87.69618611,2,1
17,107,7,5,6,51,1,1,0,0,4,4,0,34,0,3,4,1,2,55,2,1,2,9,0,0,1,9,0,0,6,51,99,99,88,88,0,0,0,0,1,1,1,170386,0,2009,0,CR-600,CR-2100,0000000,40.22066667,-89.48716111,1,9
17,103,7,9,23,35,1,1,0,0,4,3,0,32,0,1,4,1,2,55,2,1,2,1,40,3,2,1,0,0,23,35,23,99,99,99,0,0,0,0,1,5,1,170387,0,2009,906,SR-251,99999999999999999999,0000000,41.88993889,-89.07285556,1,1
17,91,7,12,3,9,2,2,0,0,13,3,0,14,1,1,7,1,2,30,1,1,2,1,0,0,3,1,0,0,3,9,3,99,99,99,0,0,0,0,1,1,1,170388,4380,2009,15,SR-50,99999999999999999999,0000000,41.12401111,-87.86035556,2,1
17,19,7,16,1,17,1,2,1,0,14,6,0,9,0,1,1,1,4,35,1,1,2,1,0,0,2,1,0,0,1,17,1,99,99,99,0,0,0,0,1,5,1,170389,8770,2009,0,GREEN ST,99999999999999999999,0000000,40.11055556,-88.22110556,1,1
17,31,6,27,5,7,2,4,0,0,14,6,0,12,2,1,1,2,2,50,1,1,2,1,0,0,1,1,0,0,5,12,99,99,99,99,0,0,0,0,3,7,1,170390,0,2009,75,LAKE COOK RD,OAK RIDGE,0000000,42.15403056,-88.09247222,2,1
17,113,7,6,23,48,1,1,0,0,14,2,0,30,0,1,4,2,2,30,1,1,2,1,0,0,3,1,0,0,23,48,99,99,88,88,0,0,0,0,1,2,1,170391,840,2009,1368,US-150,99999999999999999999,0000000,40.47048056,-88.97820833,1,1
17,31,5,2,3,0,1,2,1,0,16,6,0,8,0,1,1,1,2,30,1,1,2,1,0,0,3,1,0,0,3,0,3,99,99,99,0,0,0,0,1,7,0,170392,1670,2009,0,AVENUE M,102ND ST,0000000,41.70951667,-87.53774167,1,1
17,93,6,8,14,50,1,1,0,0,6,6,0,42,0,1,4,1,2,55,1,2,2,1,0,0,1,1,0,0,14,52,99,99,88,88,0,0,0,0,1,2,0,170393,0,2009,0,ROGERS RD,99999999999999999999,0000000,41.60978056,-88.56774444,1,1
17,37,6,12,22,25,1,2,0,0,6,6,0,1,0,1,4,1,2,55,2,2,2,1,40,3,2,1,0,0,22,25,22,99,99,99,0,0,0,0,1,6,1,170394,0,2009,0,BASE LINE RD,99999999999999999999,0000000,42.06590833,-88.85589722,1,1
17,93,7,5,8,14,1,3,2,0,14,6,0,9,0,1,1,1,2,45,1,1,2,1,0,0,1,1,0,0,8,14,8,99,99,99,0,0,0,0,1,1,0,170395,9630,2009,0,KENNEDY RD,99999999999999999999,0000000,41.68039722,-88.40949167,1,1
17,113,7,7,13,55,1,2,1,0,15,6,0,9,0,1,1,1,2,40,1,1,2,1,0,0,1,1,0,0,13,56,99,99,88,88,0,0,0,0,1,3,0,170396,840,2009,0,MARKET,99999999999999999999,0000000,40.48298889,-89.016,1,1
17,197,7,6,22,26,1,2,1,0,13,2,0,8,0,1,1,2,2,35,1,2,2,1,0,0,3,1,0,0,22,26,99,99,99,99,0,0,0,0,1,2,0,170397,2035,2009,1181,US-30,99999999999999999999,0000000,41.56615833,-88.142875,1,1
17,41,7,11,19,47,1,1,0,1,1,1,0,47,0,1,1,3,2,65,1,1,2,1,0,0,5,1,0,0,19,47,99,99,99,99,0,0,0,0,1,7,0,170399,0,2009,2026,I-57,99999999999999999999,0000000,39.66779722,-88.29323611,1,1
17,31,6,20,12,36,1,2,1,0,14,6,0,9,0,3,1,1,2,30,1,1,2,1,20,3,1,1,0,0,12,39,12,99,99,99,0,0,0,0,1,7,0,170400,1670,2009,0,LAFAYETTE AVE,93RD ST,0000000,41.72531389,-87.62515556,1,1
17,89,6,20,9,26,2,2,0,0,16,6,0,12,5,2,1,1,2,25,1,1,2,1,20,3,1,1,0,0,9,27,99,99,88,88,0,0,0,0,1,7,0,170401,460,2009,0,PARK AVE,PENNSYLVANIA AVE,0000000,41.778825,-88.32131389,2,1
17,31,6,21,20,18,1,1,0,0,16,6,0,44,0,1,1,1,2,20,1,1,2,1,0,0,1,1,0,0,20,20,99,99,88,88,0,0,0,0,1,1,0,170402,7765,2009,0,YATES AVE,99999999999999999999,0000000,41.47882778,-87.57078889,1,1
17,19,7,19,15,8,1,2,0,0,3,3,0,1,0,1,4,2,2,55,1,1,2,1,0,0,1,1,0,0,15,8,99,99,99,99,0,0,0,0,1,1,1,170403,0,2009,1215,SR-130,99999999999999999999,0000000,39.93238056,-88.16107778,1,1
17,119,7,9,20,24,1,1,0,0,4,4,0,1,0,1,4,1,2,55,2,1,2,1,0,0,1,1,0,0,20,24,20,99,99,99,0,0,0,0,1,5,0,170404,0,2009,0,CR-27,99999999999999999999,0000000,38.91068889,-89.75789444,1,1
17,91,7,17,21,49,1,1,0,0,3,3,0,32,0,1,4,1,2,55,1,1,2,1,0,0,2,1,0,0,21,49,21,99,99,99,0,0,0,0,1,6,1,170405,0,2009,64,SR-114,99999999999999999999,0000000,41.15706944,-87.54390556,1,1
17,63,7,17,22,36,2,3,0,1,1,1,0,12,1,1,1,3,2,65,1,1,2,1,0,0,2,1,0,0,22,36,99,99,99,99,0,0,0,0,1,6,1,170406,0,2009,1163,I-80,99999999999999999999,0000000,41.42574722,-88.35648056,2,1
17,201,7,15,15,48,2,4,0,0,6,4,0,12,2,2,1,1,2,40,1,1,2,1,0,0,1,1,0,0,15,48,99,99,88,88,0,0,0,0,1,4,0,170407,0,2009,0,CR-16,ALWORTH RD,0000000,42.24698611,-89.24488889,2,1
17,135,7,22,17,35,1,1,0,0,14,3,0,33,0,2,6,1,3,45,1,1,2,1,20,3,1,1,0,0,17,41,17,99,99,99,0,0,0,0,1,4,0,170408,3930,2009,1497,SR-127,CR-11,0000000,39.15158333,-89.49293333,1,1
17,167,7,17,21,59,2,4,0,1,1,1,0,12,1,1,1,2,2,65,1,1,1,1,0,0,2,1,0,0,21,59,21,99,99,99,0,0,0,0,1,6,0,170409,0,2009,915,I-72,99999999999999999999,0000000,39.751825,-89.76403056,2,1
17,167,7,17,21,59,3,6,1,1,1,1,0,12,1,1,1,2,2,65,1,1,1,1,0,0,2,1,0,0,21,59,99,99,88,88,0,0,0,0,1,6,3,170410,0,2009,911,I-74,CURRAN RD,0000000,39.75205556,-89.770425,3,1
17,163,7,15,21,35,2,3,0,0,14,3,0,12,8,1,1,1,2,55,1,1,2,1,0,0,2,1,0,0,21,38,21,99,99,99,0,0,0,0,1,4,1,170411,8050,2009,167,SR-159,99999999999999999999,0000000,38.44802778,-89.98326389,2,1
17,97,7,9,22,25,2,2,0,0,16,6,0,12,8,1,1,1,2,45,1,1,2,1,21,3,2,1,0,0,22,25,22,99,99,99,0,0,0,0,1,5,1,170412,0,2009,0,CASE RD,99999999999999999999,0000000,42.29493056,-88.16644167,2,1
17,89,6,14,3,22,2,4,0,0,16,6,0,42,0,1,4,1,2,25,2,1,2,1,0,0,3,1,0,0,3,22,99,99,99,99,0,0,0,0,1,1,1,170413,7640,2009,0,ROYAL FOX,99999999999999999999,0000000,41.93833056,-88.27376111,2,1
17,99,7,13,15,5,1,5,0,0,6,5,0,10,0,6,1,1,2,55,1,1,2,1,60,3,1,1,0,0,15,7,15,99,99,99,0,0,0,0,3,2,0,170414,0,2009,0,23RD RD,US-34,079613A,41.62561667,-88.73146111,1,1
17,75,7,22,3,5,1,1,0,0,6,4,0,1,0,1,1,1,2,55,1,1,2,1,0,0,2,1,0,0,3,5,99,99,88,88,0,0,0,0,1,4,1,170415,0,2009,0,CR-48,99999999999999999999,0000000,40.90546944,-87.54077778,1,1
17,121,7,16,13,5,1,2,0,1,1,1,0,41,0,1,3,2,2,65,1,1,1,1,0,0,1,1,0,0,13,5,13,99,99,99,0,0,0,0,1,5,0,170416,0,2009,1321,I-57,99999999999999999999,0000000,38.80666667,-88.82695278,1,1
17,197,7,26,3,9,1,1,0,1,11,1,0,28,0,1,3,2,2,65,1,1,1,1,0,0,3,1,0,0,3,9,3,99,99,99,0,0,0,0,1,1,1,170417,0,2009,2486,I-55,99999999999999999999,0000000,41.46,-88.19635278,1,1
17,181,6,20,12,45,1,2,0,0,4,8,0,32,0,1,4,2,2,55,2,1,2,1,0,0,1,1,0,0,12,45,99,99,99,99,0,0,0,0,1,7,0,170418,0,2009,68,OLD HWY 51,99999999999999999999,0000000,37.546925,-89.26628611,1,1
17,199,7,3,2,9,1,1,0,0,15,6,0,33,0,1,4,1,2,30,2,1,2,1,0,0,3,1,0,0,2,9,99,99,99,99,0,0,0,0,1,6,1,170419,5250,2009,0,17TH,99999999999999999999,0000000,37.74505,-88.96874444,1,1
17,103,7,7,15,51,2,2,0,0,3,2,0,12,4,1,1,1,2,55,1,1,2,1,0,0,1,1,0,0,15,51,99,99,99,99,0,0,0,0,1,3,0,170420,0,2009,469,US-30,99999999999999999999,0000000,41.75796389,-89.32251667,2,1
17,23,7,9,9,50,2,2,0,1,2,2,0,12,5,2,1,1,2,55,1,3,2,1,20,3,1,1,0,0,9,54,9,99,99,99,0,0,0,0,1,5,0,170421,0,2009,1450,US-40,BYRON STREET,0000000,39.36263889,-87.78449444,2,1
17,25,7,22,0,50,1,1,0,0,4,4,0,1,0,1,4,1,2,55,1,1,2,1,0,0,2,1,0,0,0,53,99,99,99,99,0,0,0,0,1,4,1,170422,0,2009,0,CR-1600,99999999999999999999,0000000,38.83325556,-88.26347222,1,1
17,111,7,28,23,15,1,1,0,0,16,5,0,42,0,1,4,1,2,55,2,1,2,1,0,0,2,1,0,0,23,15,23,99,88,88,0,0,0,0,1,3,0,170423,0,2009,0,PIONEER RD,99999999999999999999,0000000,42.39186389,-88.27699167,1,1
17,31,7,17,22,45,2,2,0,1,11,1,0,12,7,1,1,2,6,55,2,1,1,1,0,0,3,1,0,0,22,50,22,99,99,99,0,0,0,0,1,6,2,170424,1670,2009,547,I-94,99999999999999999999,0000000,41.84104167,-87.63147778,2,1
17,45,7,21,0,38,1,1,0,0,16,6,0,1,0,1,4,1,2,55,1,1,2,1,0,0,2,1,0,0,0,38,99,99,99,99,0,0,0,0,1,3,1,170425,1040,2009,0,200TH ST,99999999999999999999,0000000,39.72059722,-87.92895833,1,1
17,31,7,19,3,30,5,5,0,0,15,6,0,12,1,1,1,1,2,30,1,1,2,1,0,0,3,1,0,0,3,40,3,99,99,99,0,0,0,0,1,1,1,170426,1670,2009,48,CALIFORNIA AVE,99999999999999999999,0000000,41.83553333,-87.69506111,5,1
17,121,7,25,7,25,1,2,0,1,1,1,0,1,0,1,3,2,2,55,1,1,1,1,0,0,1,1,0,0,7,28,7,99,99,99,0,0,0,0,1,7,0,170427,0,2009,1071,I-57,99999999999999999999,0000000,38.49188333,-88.95958056,1,1
17,201,7,20,21,8,2,1,0,0,13,3,0,14,4,1,8,1,2,40,1,1,2,1,0,0,3,1,0,0,21,8,99,99,99,99,0,0,0,0,1,2,0,170428,7495,2009,1301,SR-251,99999999999999999999,0000000,42.42913611,-89.01633611,1,1
17,201,7,17,0,46,1,1,0,0,16,6,0,34,0,1,3,2,2,45,1,1,2,1,0,0,3,1,0,0,0,46,99,99,88,88,0,0,0,0,1,6,1,170429,5087,2009,0,2ND ST,EMERALD LN,0000000,42.35216111,-89.04667778,1,1
17,43,8,1,10,24,2,3,0,1,11,1,0,12,1,15,1,2,5,65,1,1,1,1,0,0,1,1,0,0,10,24,10,99,99,99,0,0,0,0,1,7,0,170430,0,2009,68,I-290,I-355,0000000,41.95871389,-88.02530278,2,1
17,31,8,2,3,1,1,2,0,1,11,1,0,29,0,10,8,2,5,65,1,1,1,1,0,0,3,1,0,0,3,2,3,99,99,99,0,0,0,0,1,1,1,170431,1670,2009,253,I-290,KOSTNER AVE,0000000,41.87366667,-87.73158611,1,1
17,143,6,17,16,48,1,4,0,0,14,4,0,47,0,2,1,1,2,30,1,1,2,1,3,3,1,1,0,0,16,48,16,99,99,99,0,0,0,0,1,4,0,170432,6850,2009,0,CR-54,NEBRASKA AVE,0000000,40.71071389,-89.63226389,1,1
17,57,7,22,15,20,2,3,0,1,2,2,0,12,2,1,1,2,2,55,1,1,2,1,0,0,1,1,0,0,15,21,99,99,99,99,0,0,0,0,3,4,0,170433,0,2009,1087,US-24,99999999999999999999,0000000,40.52661944,-89.87822778,2,1
17,31,7,15,12,33,1,1,0,1,11,1,0,1,0,1,2,2,3,65,1,1,1,1,0,0,1,1,0,0,12,36,12,99,99,99,0,0,0,0,1,4,0,170435,5790,2009,380,I-94,99999999999999999999,0000000,42.03294167,-87.76848889,1,1
17,29,7,15,14,22,2,2,0,0,6,4,0,12,5,2,1,1,2,55,1,1,2,1,0,0,1,1,0,0,14,22,14,99,14,99,0,0,0,0,1,4,0,170436,0,2009,0,CR-1800,CR-100,0000000,39.63724167,-88.45245,2,1
17,21,7,5,14,11,3,9,0,0,4,4,0,12,4,2,1,1,2,55,1,1,2,1,0,0,1,1,0,0,14,11,14,99,99,99,0,0,0,0,2,1,0,170437,0,2009,0,CR-1,1000N RD,0000000,39.49450278,-89.29721944,3,1
17,201,7,7,1,6,2,2,0,0,16,6,0,12,1,1,1,1,2,40,1,1,2,1,0,0,2,1,0,0,1,6,1,6,88,88,0,0,0,0,1,3,1,170438,5087,2009,0,2ND,99999999999999999999,0000000,42.37143333,-89.03142222,2,1
17,37,7,7,17,14,2,3,0,0,16,6,0,12,5,2,1,1,2,55,1,1,2,1,21,3,1,1,0,0,17,15,99,99,88,88,0,0,0,0,1,3,0,170439,0,2009,0,LELAND RD,SUYDAM RD,0000000,41.66028056,-88.79994167,2,1
17,61,7,26,18,0,2,3,0,0,4,8,0,12,2,1,1,1,2,55,1,1,2,1,0,0,1,1,0,0,18,0,18,99,88,88,0,0,0,0,1,1,1,170440,0,2009,74,ELDRED-HILLVIEW,99999999999999999999,0000000,39.29601389,-90.54935833,2,1
17,31,8,1,1,35,2,4,0,1,11,1,0,12,2,1,1,3,3,65,2,1,2,1,0,0,3,1,0,0,1,36,1,99,99,99,0,0,0,0,1,7,1,170441,1670,2009,2920,I-55,99999999999999999999,0000000,41.8454,-87.64963333,2,1
17,197,7,27,22,20,2,2,0,0,14,6,0,12,2,1,1,1,2,30,1,3,2,1,0,0,2,1,0,0,22,20,22,99,99,99,0,0,0,0,1,2,1,170442,2035,2009,0,CATON FARM RD,99999999999999999999,0000000,41.56705833,-88.09224167,2,1
17,95,7,31,18,5,2,2,0,0,4,4,0,12,1,1,1,1,2,55,1,1,2,1,0,0,1,1,0,0,18,5,99,99,88,88,0,0,0,0,1,6,0,170443,0,2009,0,CR-7,99999999999999999999,0000000,40.97849444,-90.21383611,2,1
17,87,7,29,17,52,2,2,0,0,2,3,0,12,2,1,1,1,2,55,1,1,2,2,98,3,1,1,0,1,17,52,17,99,99,99,0,3,0,0,1,4,1,170445,0,2009,429,SR-146,99999999999999999999,0000000,37.41858056,-88.92329722,2,1
17,113,7,29,14,52,2,2,0,1,1,1,0,12,7,15,1,2,4,65,2,1,1,1,0,0,1,1,0,1,14,56,99,99,88,88,0,0,0,0,1,4,1,170446,840,2009,1563,I-55,DUKE DRIVE,0000000,40.43878056,-89.023975,2,1
17,45,8,6,6,31,3,5,0,1,2,3,0,12,2,1,1,2,2,50,1,1,2,1,0,0,1,1,0,0,6,37,6,99,99,99,0,0,0,0,1,5,0,170447,0,2009,1597,SR-1,99999999999999999999,0000000,39.48215,-87.6818,3,1
17,119,8,12,1,8,1,4,0,0,15,6,0,42,0,2,4,1,2,25,2,3,2,1,0,0,3,1,0,0,1,8,1,99,99,99,0,0,0,0,1,4,1,170448,160,2009,0,HILLCREST AVE,SHEPPARD ST,0000000,38.89306389,-90.13994167,1,1
17,201,7,10,21,47,2,4,0,0,13,4,0,12,7,3,1,2,2,45,1,1,2,1,0,0,3,1,0,0,21,47,21,99,99,99,0,0,0,0,1,6,1,170449,7460,2009,0,CR-11,CR-86,0000000,42.28249444,-88.97992778,2,1
17,43,7,30,1,7,1,2,1,1,11,1,0,18,0,1,1,2,4,55,1,1,1,1,0,0,3,1,0,0,1,7,1,99,99,99,0,0,0,0,1,5,0,170450,0,2009,239,I-294,99999999999999999999,0000000,41.83798056,-87.91949444,1,1
17,31,7,28,14,53,1,1,0,1,1,1,0,1,0,13,4,6,1,99,2,2,1,1,0,0,1,1,0,0,14,53,14,99,99,99,0,0,0,0,1,3,0,170451,0,2009,0,I-90,ALGONQUIN RD,0000000,42.05974444,-88.02943333,1,1
17,163,8,7,7,56,2,4,0,0,3,3,0,12,2,2,1,1,2,55,2,1,2,1,3,3,1,1,0,0,7,56,7,99,99,99,0,0,0,0,1,6,1,170452,0,2009,474,SR-4,MUD CREEK RD,0000000,38.27353056,-89.72212222,2,1
17,31,5,20,8,15,3,4,0,1,2,3,0,12,8,1,1,1,2,55,1,1,2,1,0,0,1,1,0,0,8,19,8,99,99,99,0,0,0,0,1,4,0,170453,0,2009,285,SR-83,99999999999999999999,0000000,41.68765556,-87.88461667,3,1
17,15,7,27,13,1,2,2,0,1,2,3,0,24,0,1,4,1,2,55,1,2,2,1,28,3,1,1,0,0,13,1,99,99,88,88,0,0,0,0,1,2,0,170454,0,2009,566,SR-84,99999999999999999999,0000000,42.11706944,-90.15797222,2,1
17,39,7,5,19,34,1,1,0,0,2,3,0,33,0,1,4,1,2,55,1,2,2,1,28,3,1,1,0,0,19,35,19,99,99,99,0,0,0,0,1,1,0,170455,0,2009,523,SR-10,99999999999999999999,0000000,40.15041111,-88.97586667,1,1
17,31,8,14,9,30,2,2,0,0,14,8,0,12,2,1,1,2,2,40,2,1,2,1,0,0,1,1,0,0,9,30,9,99,99,99,0,0,0,0,1,6,0,170456,8030,2009,44,MCCORMICK BLVD,99999999999999999999,0000000,42.05059167,-87.71035833,2,1