STATE,COUNTY,MONTH,DAY,HOUR,MINUTE,VE_TOTAL,PERSONS,PEDS,NHS,ROAD_FNC,ROUTE,SP_JUR,HARM_EV,MAN_COLL,REL_JUNC,REL_ROAD,TRAF_FLO,NO_LANES,SP_LIMIT,ALIGNMNT,PROFILE,PAVE_TYP,SUR_COND,TRA_CONT,T_CONT_F,LGT_COND,WEATHER1,WEATHER2,WRK_ZONE,NOT_HOUR,NOT_MIN,ARR_HOUR,ARR_MIN,HOSP_HR,HOSP_MN,SCH_BUS,CF1,CF2,CF3,FATALS,DAY_WEEK,DRUNK_DR,ST_CASE,CITY,YEAR,MILEPT,TWAY_ID,TWAY_ID2,RAIL,LATITUDE,LONGITUD,VE_FORMS,WEATHER
17,75,8,16,4,6,1,1,0,0,4,2,0,42,0,1,4,1,2,55,2,1,2,1,0,0,2,1,0,0,4,6,4,25,88,88,0,0,0,0,1,1,1,170457,2200,2009,2997,US-45,99999999999999999999,0000000,40.81721944,-87.97913889,1,1
17,119,8,15,3,4,1,1,0,1,1,1,0,31,0,13,8,6,1,65,2,2,2,1,0,0,2,1,0,0,3,4,3,99,3,99,0,0,0,0,1,7,0,170458,0,2009,0,I-70,US-40,0000000,38.78688889,-89.62767778,1,1
17,149,8,3,9,55,1,1,0,0,5,5,0,47,0,1,4,1,2,55,1,1,2,1,0,0,1,1,0,0,9,56,9,99,99,99,0,0,0,0,1,2,0,170459,0,2009,0,1500N,99999999999999999999,0000000,39.61934167,-90.83195556,1,1
17,183,8,3,18,31,1,1,0,0,4,4,0,1,0,1,4,1,2,55,2,2,2,9,0,0,1,9,0,0,18,31,99,99,88,88,0,0,0,0,1,2,1,170460,0,2009,54,CR-23,99999999999999999999,0000000,39.97078889,-87.67531944,1,9
17,31,7,24,2,14,1,3,0,0,16,6,0,29,0,3,4,1,2,99,1,2,2,1,20,3,3,1,0,0,2,14,2,99,99,99,0,0,0,0,1,6,1,170461,1670,2009,0,FOREST GLEN AVE,KEATING AVE,0000000,41.98642778,-87.74648333,1,1
17,23,8,11,15,10,1,1,0,1,2,3,0,1,0,1,1,1,2,55,1,1,2,1,0,0,1,1,0,0,15,19,15,99,99,99,0,0,0,0,1,3,0,170462,0,2009,1578,SR-1,99999999999999999999,0000000,39.45564167,-87.68211667,1,1
17,167,7,27,15,15,1,2,1,0,14,6,0,8,0,2,1,1,2,30,1,1,2,1,21,3,1,1,0,0,15,16,15,99,99,99,0,0,0,0,1,2,0,170463,8220,2009,0,CARPENTER ST,3RD ST,0000000,39.80742222,-89.65154444,1,1
17,59,7,14,9,27,2,2,0,0,13,3,0,12,5,3,3,2,2,55,1,1,2,1,20,3,1,1,0,0,9,27,9,99,99,99,0,0,0,0,1,3,0,170464,7900,2009,1461,SR-13,MCLEAN RD,0000000,37.71404444,-88.19080556,2,1
17,163,8,17,4,50,2,5,0,0,3,3,0,12,2,1,1,2,2,55,1,1,2,1,0,0,2,1,0,0,4,50,4,99,99,99,0,0,0,0,1,2,1,170465,0,2009,184,SR-13,99999999999999999999,0000000,38.38931944,-89.90938333,2,1
17,85,8,15,14,0,1,2,0,1,2,2,0,1,0,1,4,1,2,55,2,1,2,1,0,0,1,1,0,0,14,5,14,99,99,99,0,0,0,0,1,7,0,170466,0,2009,163,US-20,99999999999999999999,0000000,42.40962778,-90.39932778,1,1
17,163,8,17,20,52,2,4,0,0,3,3,0,12,2,1,1,2,2,55,1,1,2,2,0,0,2,1,0,0,20,52,20,99,99,99,0,0,0,0,1,2,0,170467,0,2009,15,SR-158,99999999999999999999,0000000,38.44131389,-90.15795,2,1
17,149,8,2,20,46,2,4,0,1,2,2,0,12,4,1,1,1,2,45,1,2,2,1,0,0,2,1,0,0,20,46,20,99,99,99,0,0,0,0,1,1,0,170468,0,2009,163,US-54,99999999999999999999,0000000,39.62028333,-90.80112222,2,1
17,99,5,20,11,20,2,2,0,0,4,5,0,12,8,1,1,1,2,55,1,2,2,1,0,0,1,1,0,0,11,24,11,99,99,99,0,0,0,0,1,4,0,170469,0,2009,0,E 24TH RD,99999999999999999999,0000000,41.35978611,-88.70595278,2,1
17,141,6,14,19,1,2,3,0,0,2,3,0,12,2,1,1,1,2,55,2,1,2,1,0,0,1,1,0,0,19,1,19,99,99,99,0,0,0,0,1,1,1,170470,0,2009,367,SR-2,99999999999999999999,0000000,42.11191389,-89.29826944,2,1
17,113,6,27,20,41,2,5,0,0,6,5,0,12,2,1,1,1,2,55,1,1,2,1,0,0,2,6,0,0,20,41,20,99,20,99,0,0,0,0,1,7,0,170471,0,2009,0,1100 NORTH ROAD,750 EAST ROAD,0000000,40.44381111,-89.13379722,2,6
17,81,7,20,3,3,1,1,0,1,1,1,0,7,0,13,4,6,1,65,2,2,2,1,0,0,2,1,0,0,88,88,88,88,88,88,0,0,0,0,1,2,1,170472,2368,2009,0,I-57,SOUTH,0000000,38.43685,-88.95293056,1,1
17,31,8,15,3,4,1,3,0,1,11,1,0,1,0,1,4,2,3,99,1,1,1,1,0,0,3,1,0,0,3,4,3,99,99,99,0,0,0,0,1,7,1,170473,6410,2009,226,I-290,99999999999999999999,0000000,41.87181667,-87.78259722,1,1
17,29,8,16,19,30,1,2,1,0,13,3,0,8,0,1,1,1,2,55,1,1,2,2,0,0,1,2,0,0,19,30,99,99,88,88,0,0,0,0,1,1,0,170474,1590,2009,867,SR-130,99999999999999999999,0000000,39.457925,-88.14721667,1,2
17,31,8,15,16,46,2,2,0,0,13,3,0,12,5,2,1,1,2,45,1,1,2,1,3,3,1,1,0,0,16,46,16,99,99,99,0,0,0,0,1,7,0,170475,5380,2009,294,SR-50,PROMENADE WAY,0000000,41.50066389,-87.73237778,2,1
17,197,8,21,15,58,2,3,0,1,11,1,0,1,0,1,4,2,3,65,1,1,1,1,0,0,1,1,0,0,16,0,99,99,88,88,0,0,0,0,1,6,0,170477,9997,2009,1487,I-80,99999999999999999999,0000000,41.55102222,-87.79915556,2,1
17,31,8,8,16,26,1,2,1,0,15,6,0,8,0,1,1,1,2,30,1,1,2,1,0,0,1,1,0,0,16,26,16,99,99,99,0,0,0,0,1,7,0,170478,1670,2009,22,47TH STREET,99999999999999999999,0000000,41.807925,-87.71934444,1,1
17,89,8,18,6,10,1,1,0,0,15,4,0,42,0,1,4,1,2,45,1,1,2,1,0,0,2,1,0,0,6,10,99,99,88,88,0,0,0,0,1,3,1,170479,0,2009,0,CR-2,99999999999999999999,0000000,41.96090278,-88.42082222,1,1
17,1,8,18,11,57,1,2,0,0,6,4,0,1,0,1,4,1,2,55,1,1,2,1,0,0,1,1,0,0,11,57,11,99,99,99,0,0,0,0,1,3,0,170480,0,2009,0,CR-17,99999999999999999999,0000000,40.107225,-91.10084167,1,1
17,57,8,15,12,41,1,1,0,0,6,6,0,1,0,1,1,1,2,55,1,2,2,1,0,0,1,1,0,0,12,41,12,99,99,99,0,0,0,0,1,7,1,170481,0,2009,0,BIRD'S CORNER ROAD,99999999999999999999,0000000,40.61154167,-89.93043333,1,1
17,89,7,29,6,40,2,3,1,0,16,6,0,8,0,1,4,1,2,30,2,1,2,1,0,0,1,1,0,0,6,45,6,99,99,99,0,0,0,0,1,4,1,170482,560,2009,0,WOODLAND HILLS RD,99999999999999999999,0000000,41.83686111,-88.28222222,2,1
17,161,8,24,21,38,1,2,1,1,13,3,0,8,0,2,1,2,2,45,1,1,2,1,3,3,3,1,0,0,21,38,21,99,99,99,0,0,0,0,1,2,0,170483,5670,2009,41,SR-5,16TH STREET,0000000,41.47121389,-90.50718889,1,1
17,63,8,15,14,45,2,3,0,0,14,2,0,12,1,1,1,1,2,50,1,1,2,1,0,0,1,1,0,0,14,45,14,99,99,99,0,0,0,0,1,7,1,170484,5750,2009,1200,US-6,99999999999999999999,0000000,41.37116389,-88.46054167,2,1
17,31,8,23,4,37,1,3,0,1,11,1,0,42,0,1,4,3,3,99,1,1,2,1,0,0,3,1,0,0,4,37,4,99,99,99,0,0,0,0,2,1,1,170485,8030,2009,369,I-94,99999999999999999999,0000000,42.04701667,-87.762025,1,1
17,43,8,15,12,58,3,6,0,0,13,3,0,12,5,2,1,1,4,35,1,1,2,1,3,3,1,1,0,0,12,58,12,99,99,99,0,0,0,0,1,7,0,170486,4940,2009,573,SR-53,ST CHARLES ROAD,0000000,41.88799722,-88.03414444,3,1
17,197,8,7,23,4,1,2,0,0,16,8,0,42,0,1,4,2,2,55,1,1,2,2,0,0,2,1,0,0,23,4,23,99,99,99,0,0,0,0,1,6,1,170487,7491,2009,5,FRONTAGE RD,99999999999999999999,0000000,41.61600278,-88.16298611,1,1
17,197,8,23,4,51,2,3,1,0,13,2,0,8,0,1,1,2,4,40,1,2,1,1,0,0,3,1,0,0,4,51,99,99,88,88,0,0,0,0,1,1,0,170488,4300,2009,1416,US-52,99999999999999999999,0000000,41.50585,-88.08105556,2,1
17,43,8,23,12,19,1,2,0,0,14,6,0,42,0,1,4,2,2,40,1,1,2,1,0,0,1,1,0,0,12,19,12,99,99,99,0,0,0,0,1,1,0,170489,4220,2009,0,MEACHAM RD,99999999999999999999,0000000,41.989075,-88.04896667,1,1
17,89,7,10,21,25,1,1,0,0,4,4,0,1,0,1,4,1,2,55,2,1,2,1,0,0,2,1,0,0,21,26,21,99,99,99,0,0,0,0,1,6,1,170490,0,2009,0,PEPLOW,99999999999999999999,0000000,42.02562778,-88.54941944,1,1
17,147,8,3,9,56,1,1,0,0,6,5,0,10,0,6,1,1,2,55,1,1,5,5,70,3,1,1,0,0,9,59,9,99,9,99,0,0,0,0,1,2,0,170491,0,2009,0,2100N ROAD,COYOTE RUN ROAD,479087U,40.09790833,-88.55893889,1,1
17,117,7,17,23,47,2,3,0,0,6,6,0,14,9,1,5,1,2,10,1,1,4,1,0,0,2,1,0,0,23,48,99,99,88,88,0,1,4,0,3,6,1,170492,0,2009,0,HUETTE,99999999999999999999,0000000,39.01326389,-90.01135,1,1
17,31,7,26,18,59,2,7,1,0,14,6,0,12,5,2,1,1,2,30,1,1,2,1,3,3,1,1,0,0,18,59,18,99,99,99,0,0,0,0,1,1,0,170493,1670,2009,0,63RD STREET,WOODLAWN AVE,0000000,41.78052222,-87.59620278,2,1
17,99,8,7,21,51,1,2,1,0,3,2,0,8,0,1,1,1,2,55,1,1,2,1,0,0,2,1,0,0,21,55,21,99,99,99,0,0,0,0,1,6,0,170494,0,2009,948,US-6,99999999999999999999,0000000,41.35366667,-88.88426667,1,1
17,57,8,9,17,55,3,6,2,0,13,3,0,12,7,1,1,1,2,55,1,1,2,1,21,3,1,1,0,0,17,55,17,99,99,99,0,0,0,0,1,1,1,170495,0,2009,714,SR-9,99999999999999999999,0000000,40.56048889,-90.07338611,2,1
17,143,8,23,11,22,1,3,1,1,13,2,0,8,0,1,1,2,3,35,1,1,1,1,0,0,1,1,0,0,11,22,11,99,99,99,0,0,0,0,1,1,0,170496,6850,2009,1307,US-24,99999999999999999999,0000000,40.70148889,-89.57688611,1,1
17,197,8,16,16,50,2,2,0,0,13,2,0,12,2,1,1,1,2,35,1,2,2,1,0,0,1,1,0,1,16,51,16,99,99,99,0,3,0,0,1,1,1,170497,0,2009,1241,US-30,99999999999999999999,0000000,41.52881944,-88.05643056,2,1
17,31,8,9,1,0,1,1,0,0,16,6,0,30,0,1,4,2,2,99,1,1,2,1,0,0,3,1,0,0,1,47,1,99,99,99,0,0,0,0,1,1,0,170498,1670,2009,0,126TH ST,99999999999999999999,0000000,41.66666667,-87.55316111,1,1
17,197,8,29,18,52,2,3,0,0,14,3,0,12,5,2,1,1,2,55,1,1,2,1,20,3,1,1,0,0,18,52,18,99,99,99,0,0,0,0,1,7,1,170499,0,2009,32,SR-129,CR-29,0000000,41.30431111,-88.18985556,2,1
17,71,8,14,22,30,1,1,0,0,4,4,0,1,0,1,4,1,2,55,1,1,2,2,0,0,2,2,0,0,22,30,99,99,88,88,0,0,0,0,1,6,1,170501,0,2009,0,CR-15,99999999999999999999,0000000,40.85463889,-91.01817778,1,2
17,133,8,10,16,25,1,2,1,0,14,8,0,9,0,1,1,1,2,30,1,1,2,1,0,0,1,1,0,0,16,25,16,99,99,99,0,0,0,0,1,2,0,170502,9060,2009,1,MARKET,99999999999999999999,0000000,38.33607778,-90.148975,1,1
17,31,6,7,0,20,2,2,0,0,14,6,0,12,5,2,1,1,2,30,1,1,2,1,3,3,3,1,0,0,0,35,0,99,99,99,0,0,0,0,1,1,2,170503,1670,2009,0,ASHLAND AVENUE,MARQUETTE ROAD,0000000,41.77220278,-87.66402222,2,1
17,159,7,17,16,51,1,2,1,0,15,6,0,9,0,2,1,1,2,30,1,1,2,1,0,0,1,1,0,0,16,51,16,99,99,99,0,0,0,0,1,6,0,170504,6520,2009,0,SILVER STREET,SUMMIT STREET,0000000,38.73854444,-88.08054167,1,1
17,163,8,11,16,4,2,4,0,0,15,6,0,12,5,4,1,2,2,30,1,1,2,1,0,0,1,1,0,0,16,4,16,99,16,99,0,0,0,0,1,3,0,170505,1460,2009,0,HOLLYWOOD HEIGHTS,HILLSIDE DRIVE,0000000,38.63532778,-90.01253056,2,1
17,141,7,27,13,46,2,4,1,0,13,3,0,12,5,2,1,1,2,30,1,1,2,1,20,3,1,1,0,1,13,48,13,99,99,99,0,0,0,0,1,2,0,170506,7410,2009,258,SR-38,8TH AVENUE,0000000,41.92709167,-89.06884444,2,1
17,141,7,21,19,0,1,5,0,0,2,3,0,42,0,1,4,1,2,55,2,2,2,6,0,0,1,2,0,0,19,3,19,99,99,99,0,0,0,0,2,3,0,170507,0,2009,414,SR-2,99999999999999999999,0000000,42.15147222,-89.24228611,1,2
17,49,8,15,23,44,1,4,1,0,15,6,0,8,0,2,1,1,2,30,1,1,2,1,21,3,2,1,0,0,23,44,99,99,88,88,0,0,0,0,1,7,1,170509,0,2009,0,JAYCEE AVENUE,FOUR SEASONS DRIVE,0000000,39.091075,-88.55206944,1,1
17,111,8,16,4,41,1,2,0,0,6,5,0,42,0,1,4,1,2,55,1,2,2,1,0,0,2,1,0,0,4,41,4,99,99,99,0,0,0,0,1,1,1,170510,0,2009,0,RAFFEL RD,99999999999999999999,0000000,42.3604,-88.42859167,1,1
17,201,9,2,7,50,1,1,0,0,14,4,0,34,0,2,4,2,2,45,2,1,2,1,20,3,1,1,0,0,7,54,7,99,7,99,0,0,0,0,1,4,0,170511,0,2009,0,BLUFF ROAD,YALE BRIDGE ROAD,0000000,42.47744722,-89.06661389,1,1
17,31,6,11,16,45,5,6,0,0,14,6,0,12,2,1,1,1,4,35,1,1,2,1,0,0,1,1,0,0,16,45,16,99,99,99,0,0,0,0,1,5,1,170512,4580,2009,28,47TH STREET,99999999999999999999,0000000,41.80521111,-87.86277778,5,1
17,31,8,17,0,30,1,4,0,0,14,2,0,1,0,1,4,2,2,30,1,1,2,1,0,0,3,1,0,0,0,32,0,99,99,99,0,13,0,0,1,2,1,170513,1670,2009,44,US-41,99999999999999999999,0000000,41.75702778,-87.55347778,1,1
17,31,8,18,14,51,1,2,1,0,14,8,0,9,0,1,1,2,2,30,1,1,2,1,0,0,1,1,0,0,14,51,14,99,99,99,0,0,0,0,1,3,0,170514,6400,2009,18,SOUTHWEST HIGHWAY,99999999999999999999,0000000,41.71707778,-87.77136944,1,1
17,197,8,18,23,30,1,2,1,0,13,3,0,8,0,1,2,2,2,45,1,1,2,1,0,0,2,1,0,0,23,30,23,99,99,99,0,0,0,0,1,3,0,170515,2035,2009,72,SR-53,99999999999999999999,0000000,41.57513056,-88.08528889,1,1
17,29,8,19,19,39,1,2,0,0,13,3,0,38,0,1,4,3,2,55,1,1,2,2,0,0,2,1,0,0,19,39,19,99,99,99,0,0,0,0,1,4,1,170516,5390,2009,1401,SR-16,99999999999999999999,0000000,39.48461667,-88.30291389,1,1
17,31,6,5,12,53,1,2,1,1,13,3,0,8,0,1,1,2,2,35,1,1,2,1,0,0,1,1,0,0,12,53,12,99,99,99,0,0,0,0,1,6,0,170517,5870,2009,556,SR-83,99999999999999999999,0000000,42.02383333,-87.940525,1,1
17,43,7,26,18,41,1,1,0,0,14,4,0,33,0,1,4,2,2,45,2,2,2,1,0,0,1,1,0,0,18,41,18,99,99,99,0,0,0,0,1,1,0,170518,7500,2009,0,CR-23,99999999999999999999,0000000,41.98652222,-88.12116667,1,1
17,43,7,31,0,20,1,2,1,0,15,4,0,8,0,1,1,1,2,35,2,2,2,2,0,0,2,1,0,0,0,30,0,99,99,99,0,0,0,0,1,6,0,170519,1207,2009,0,CR-8,99999999999999999999,0000000,41.77812778,-87.93607222,1,1
17,31,8,15,17,6,2,3,0,0,16,6,0,12,2,2,1,1,2,25,1,1,2,1,21,3,1,1,0,0,17,6,17,99,99,99,0,0,0,0,1,7,0,170520,1670,2009,0,FERDINAND,HAMLIN,0000000,41.88991944,-87.72102778,2,1
17,89,7,12,17,16,2,4,0,0,13,3,0,12,5,2,1,1,2,55,1,2,2,1,21,3,1,1,0,0,17,16,17,99,99,99,0,0,0,0,1,1,0,170521,2670,2009,585,SR-38,ANDERSON,0000000,41.90465278,-88.457825,2,1
17,153,8,13,9,10,2,3,0,1,1,4,0,12,5,10,1,1,2,55,1,2,2,1,0,0,1,1,0,0,9,11,9,99,99,99,0,0,0,0,2,5,0,170522,0,2009,0,CR-7,I-57,0000000,37.27181389,-89.15906944,2,1
17,11,9,3,17,35,2,2,0,0,3,2,0,12,5,2,1,1,2,55,1,1,2,1,0,0,1,1,0,0,17,37,17,99,99,99,0,0,0,0,1,5,0,170523,0,2009,1305,US-34,3350 ST,0000000,41.54276111,-89.21580833,2,1
17,157,8,29,13,4,1,1,0,0,4,4,0,11,0,1,1,1,2,55,1,2,2,1,0,0,1,1,0,0,13,4,13,99,99,99,0,0,0,0,1,7,0,170524,0,2009,0,CR-1,99999999999999999999,0000000,37.9421,-89.82026944,1,1
17,195,9,4,12,50,1,4,0,1,1,1,0,1,0,1,1,3,2,65,2,1,2,1,0,0,1,1,0,0,12,50,12,99,12,99,0,0,0,0,1,6,0,170525,0,2009,163,I-88,99999999999999999999,0000000,41.67873056,-90.13346667,1,1
17,99,8,29,13,19,2,5,0,0,3,2,0,12,5,2,1,1,2,55,1,1,2,1,20,3,1,1,0,0,13,20,13,99,99,99,0,0,0,0,1,7,0,170526,0,2009,1086,US-52,CR-3,0000000,41.48570833,-88.66893889,2,1
17,31,8,23,2,24,3,2,0,1,13,3,0,12,5,2,1,1,2,30,1,1,2,1,21,3,3,1,0,0,2,24,2,99,99,99,0,0,0,0,1,1,0,170527,1670,2009,1337,SR-64,CENTRAL PARK AVENUE,0000000,41.91001389,-87.71667778,2,1
17,31,9,6,22,54,2,3,0,1,13,2,0,12,5,2,1,2,2,99,1,1,2,1,3,3,3,1,0,0,22,55,22,99,22,99,0,0,0,0,1,1,1,170528,6610,2009,1583,US-6,108TH AVENUE,0000000,41.60083889,-87.88183611,2,1
17,31,8,22,22,1,1,2,1,0,14,6,0,8,0,2,1,1,2,99,1,1,2,1,3,3,3,1,0,0,22,1,22,99,99,99,0,0,0,0,1,7,0,170529,1670,2009,0,ASHLAND AVENUE,CHICAGO AVENUE,0000000,41.896075,-87.66731944,1,1
17,201,9,9,1,41,1,4,0,0,6,4,0,1,0,1,4,1,2,55,2,1,2,1,0,0,2,1,0,0,1,42,1,99,99,99,0,0,0,0,1,4,1,170531,0,2009,0,MOATE ROAD,99999999999999999999,0000000,42.4191,-89.27063333,1,1
17,67,9,4,15,30,2,4,0,0,3,3,0,12,2,1,1,1,2,55,2,3,2,1,0,0,1,1,0,0,15,32,15,99,99,99,0,0,0,0,1,6,1,170532,0,2009,237,SR-9,99999999999999999999,0000000,40.5673,-90.91729444,2,1
17,43,9,11,8,57,2,1,0,1,1,1,0,14,1,13,2,6,1,55,2,2,2,1,0,0,1,1,0,0,8,57,8,99,8,99,0,23,0,0,1,6,0,170533,2440,2009,1332,I-88,FINLEY ROAD,0000000,41.82436389,-88.02440278,2,1
17,197,9,9,1,5,2,2,0,0,14,8,0,12,2,1,1,2,2,45,1,1,2,1,0,0,2,1,0,0,1,5,1,99,99,99,0,0,0,0,1,4,0,170534,9997,2009,10,JOLIET ROAD,99999999999999999999,0000000,41.685075,-88.05007778,2,1
17,201,9,4,22,52,1,1,0,0,2,5,0,1,0,1,4,3,2,50,2,1,2,1,0,0,2,1,0,0,22,52,22,99,99,99,0,0,0,0,1,6,1,170535,7460,2009,0,SPRINGFIELD ROAD,99999999999999999999,0000000,42.24116389,-89.13178056,1,1
17,31,6,7,0,43,1,3,0,0,16,6,0,21,0,1,4,1,2,30,1,1,2,1,0,0,2,1,0,0,0,49,0,99,99,99,0,0,0,0,1,1,0,170536,1670,2009,0,61ST STREET,99999999999999999999,0000000,41.78383333,-87.61806389,1,1
17,31,6,16,6,54,2,5,0,0,14,6,0,12,1,3,1,1,2,99,1,1,2,1,99,9,1,1,0,0,6,54,6,99,99,99,0,0,0,0,1,3,0,170537,1670,2009,19,ASHLAND AVENUE,13TH STREET,0000000,41.86684444,-87.66643611,2,1
17,31,6,19,14,43,1,2,1,0,15,6,0,8,0,1,1,1,2,99,1,1,2,1,0,0,1,1,0,0,14,44,14,99,99,99,0,0,0,0,1,6,0,170538,1670,2009,0,HOMAN,99999999999999999999,0000000,41.87114167,-87.71068611,1,1
17,31,6,21,10,20,1,1,0,0,16,6,0,25,0,1,3,3,2,99,1,1,2,1,0,0,1,1,0,0,10,30,99,99,88,88,0,0,0,0,1,1,0,170539,1670,2009,0,CHESTNUT,99999999999999999999,0000000,41.898425,-87.62294167,1,1
17,197,7,3,16,54,1,1,0,0,16,6,0,1,0,1,4,1,2,99,1,1,9,1,0,0,1,1,0,0,16,54,16,99,99,99,0,0,0,0,1,6,0,170540,0,2009,0,ROCK RUN DRIVE,99999999999999999999,0000000,41.50705,-88.188275,1,1
17,31,8,29,0,50,1,1,0,0,15,6,0,1,0,1,4,1,2,99,1,3,2,2,98,9,2,1,0,1,1,0,99,99,88,88,0,0,0,0,1,7,1,170541,1670,2009,0,18TH STREET,WENTWORTH,0000000,41.85773611,-87.63456111,1,1
17,31,8,29,4,0,1,2,0,0,16,6,0,31,0,1,4,1,2,30,1,1,2,1,0,0,3,1,0,0,4,10,4,99,99,99,0,0,0,0,1,7,1,170542,1670,2009,0,103RD,99999999999999999999,0000000,41.70823889,-87.53121389,1,1
17,99,8,29,3,10,1,1,0,0,6,4,0,34,0,1,4,1,3,55,1,2,2,1,0,0,3,1,0,0,3,22,99,99,88,88,0,0,0,0,1,7,1,170543,0,2009,0,E 0000 ROAD,99999999999999999999,0000000,41.49716667,-89.16651944,1,1
17,195,8,30,11,6,2,3,0,0,13,3,0,12,5,2,1,1,2,40,1,1,2,1,20,3,1,1,0,0,11,6,11,99,99,99,0,0,0,0,1,1,0,170544,8280,2009,821,SR-40,GROBE,0000000,41.80876389,-89.69863333,2,1
17,31,9,2,2,50,2,4,0,0,14,6,0,12,5,1,1,1,4,30,1,1,2,1,0,0,3,1,0,0,2,52,2,99,99,99,0,0,0,0,2,4,1,170545,1670,2009,105,FULLERTON AVENUE,99999999999999999999,0000000,41.92461667,-87.71807778,2,1
17,89,9,8,10,31,3,5,0,0,14,3,0,12,8,1,1,1,2,50,2,1,2,1,0,0,1,1,0,0,10,33,10,99,99,99,0,0,0,0,1,3,0,170546,0,2009,349,SR-31,99999999999999999999,0000000,42.13693889,-88.29671111,3,1
17,167,9,12,22,49,1,2,1,0,13,6,0,8,0,1,1,1,2,40,1,1,2,1,0,0,2,1,0,0,22,49,22,99,99,99,0,0,0,0,1,7,0,170547,8220,2009,34,DIRKSEN PARKWAY,99999999999999999999,0000000,39.82069167,-89.60521944,1,1
17,19,9,19,21,9,1,3,1,1,11,1,0,8,0,1,1,3,3,65,1,1,2,1,0,0,3,1,0,0,21,9,21,99,99,99,0,0,0,0,1,7,0,170548,1550,2009,1824,I-74,99999999999999999999,0000000,40.13509444,-88.22391667,1,1
17,31,7,7,13,25,2,2,0,1,11,1,0,12,1,1,1,3,4,99,1,1,1,1,0,0,1,1,0,0,13,35,13,99,99,99,0,0,0,0,1,3,0,170549,1670,2009,439,I-94,99999999999999999999,0000000,41.95634167,-87.73484722,2,1
17,127,8,23,16,55,2,3,0,1,1,1,0,24,0,1,4,3,4,65,1,1,1,1,0,0,1,1,0,0,16,55,16,99,99,99,0,0,0,0,2,1,1,170550,5530,2009,387,I-24,99999999999999999999,0000000,37.13896389,-88.685225,2,1
17,31,8,6,16,20,1,1,0,1,11,1,0,25,0,1,3,3,4,99,2,1,1,1,0,0,1,1,0,0,16,26,16,99,17,0,0,0,0,0,1,5,1,170551,1670,2009,3579,I-57,99999999999999999999,0000000,41.71498611,-87.62896944,1,1
17,107,9,18,19,10,2,2,0,1,1,1,0,23,0,1,2,3,4,65,1,1,1,1,0,0,5,1,0,0,19,11,19,99,99,99,0,0,0,0,1,6,0,170552,0,2009,1289,I-55,SR-121,0000000,40.18143056,-89.37927222,2,1
17,201,9,7,21,50,2,2,0,1,13,3,0,12,5,2,1,2,2,30,1,1,2,1,3,3,2,1,0,0,21,54,21,99,21,99,0,0,0,0,1,2,0,170553,7460,2009,1159,SR-251,E STATE ST,0000000,42.26766111,-89.08760278,2,1
17,81,9,14,16,57,2,3,0,1,1,1,0,12,5,1,1,2,4,65,1,1,1,1,0,0,1,1,0,0,16,57,16,99,99,99,0,0,0,0,1,2,0,170554,0,2009,873,I-57,99999999999999999999,0000000,38.21161389,-88.91020833,2,1
17,197,9,23,16,43,2,2,0,0,16,5,0,12,5,2,1,1,2,30,1,1,2,1,20,3,1,1,0,0,16,43,16,99,16,99,0,0,0,0,1,4,0,170555,0,2009,0,S COTTAGE GROVE AVE,E BURVILLE ROAD,0000000,41.43551944,-87.59374722,2,1
17,107,9,26,0,35,1,1,0,1,1,1,0,1,0,1,1,2,2,65,1,1,2,1,0,0,2,5,0,0,0,39,0,99,0,99,0,99,99,99,1,7,1,170556,0,2009,79,I-155,99999999999999999999,0000000,40.27484444,-89.45231389,1,5
17,31,9,17,7,23,2,5,0,0,16,6,0,12,11,1,1,1,2,99,1,1,2,1,0,0,1,1,0,0,7,23,7,99,99,99,0,0,0,0,1,5,0,170557,4680,2009,0,BERNICE RD,99999999999999999999,0000000,41.57926389,-87.56366389,2,1
17,201,9,2,9,17,2,3,0,0,13,3,0,12,5,2,1,3,2,55,1,1,2,1,20,3,1,1,0,0,9,17,9,99,99,99,0,0,0,0,1,4,0,170558,7495,2009,1295,SR-251,WILLIAMS DRIVE,0000000,42.42105556,-89.01431389,2,1
17,15,9,10,15,51,1,2,1,0,14,3,0,8,0,1,1,1,2,30,1,1,2,1,0,0,1,1,0,1,15,51,15,99,99,99,0,0,0,0,1,5,0,170559,5840,2009,1832,SR-78,99999999999999999999,0000000,42.10336944,-89.97773333,1,1
17,15,9,11,22,34,1,1,0,0,6,6,0,42,0,1,4,1,2,55,2,2,2,1,0,0,2,1,0,0,22,34,99,99,88,88,0,0,0,0,1,6,1,170560,0,2009,0,WACKER ROAD,99999999999999999999,0000000,42.07567222,-90.08149722,1,1
17,89,9,12,9,10,2,2,0,0,13,3,0,12,8,2,1,1,2,55,1,1,2,1,20,3,1,1,0,0,9,10,9,99,99,99,0,0,0,0,1,7,0,170561,0,2009,868,SR-64,COUNTY LINE ROAD,0000000,41.97052222,-88.6014,2,1
17,31,9,16,11,2,2,3,0,0,15,8,0,12,5,1,1,2,2,30,1,2,2,1,0,0,1,1,0,0,11,2,11,99,99,99,0,0,0,0,1,4,1,170562,6410,2009,0,AUSTIN BLVD,99999999999999999999,0000000,41.87068056,-87.77428056,2,1
17,89,9,13,1,45,2,5,0,1,13,3,0,12,8,1,1,1,2,40,2,2,2,2,0,0,2,5,0,0,1,46,1,99,99,99,0,0,0,0,2,1,1,170563,0,2009,1299,SR-47,99999999999999999999,0000000,41.94865556,-88.47788889,2,5