STATE,COUNTY,MONTH,DAY,HOUR,MINUTE,VE_TOTAL,PERSONS,PEDS,NHS,ROAD_FNC,ROUTE,SP_JUR,HARM_EV,MAN_COLL,REL_JUNC,REL_ROAD,TRAF_FLO,NO_LANES,SP_LIMIT,ALIGNMNT,PROFILE,PAVE_TYP,SUR_COND,TRA_CONT,T_CONT_F,LGT_COND,WEATHER1,WEATHER2,WRK_ZONE,NOT_HOUR,NOT_MIN,ARR_HOUR,ARR_MIN,HOSP_HR,HOSP_MN,SCH_BUS,CF1,CF2,CF3,FATALS,DAY_WEEK,DRUNK_DR,ST_CASE,CITY,YEAR,MILEPT,TWAY_ID,TWAY_ID2,RAIL,LATITUDE,LONGITUD,VE_FORMS,WEATHER
17,195,9,16,11,5,1,2,1,1,13,2,0,8,0,2,1,1,2,35,1,1,2,1,50,3,1,1,0,1,11,5,99,99,88,88,0,3,0,0,1,4,0,170564,5760,2009,119,US-30,MILNES DRIVE,0000000,41.81465278,-89.97849444,1,1
17,121,9,27,21,7,2,3,0,0,6,4,0,12,2,1,1,1,2,55,1,1,2,1,0,0,2,1,0,0,21,8,21,99,99,99,0,0,0,0,2,1,0,170565,0,2009,0,CR-900,99999999999999999999,0000000,38.63582222,-88.97705833,2,1
17,151,9,18,23,17,1,1,0,0,6,6,0,38,0,1,4,1,2,55,2,2,4,8,0,0,2,1,0,0,23,22,99,99,88,88,0,0,0,0,1,6,1,170566,0,2009,0,TOM DICK HILL ROAD,99999999999999999999,0000000,37.59653611,-88.6036,1,1
17,111,9,24,23,32,2,2,0,1,1,1,0,12,1,1,1,4,1,65,1,1,2,1,0,0,2,1,0,1,23,32,99,99,88,88,0,3,0,0,1,5,0,170567,0,2009,363,I-90,99999999999999999999,0000000,42.17625278,-88.61334167,2,1
17,179,9,29,8,57,2,3,0,1,2,2,0,12,1,1,1,3,3,55,1,1,2,1,0,0,1,1,0,0,8,59,8,99,99,99,0,0,0,0,1,3,0,170568,0,2009,1333,US-150,99999999999999999999,0000000,40.71850833,-89.54046111,2,1
17,105,9,27,15,18,1,1,0,0,3,3,0,1,0,1,4,1,2,55,2,1,2,1,0,0,1,1,0,0,15,18,15,99,99,99,0,0,0,0,1,1,0,170569,0,2009,1367,SR-17,99999999999999999999,0000000,41.06505,-88.69983611,1,1
17,197,9,30,22,44,1,1,0,0,6,8,0,42,0,1,4,1,2,25,2,1,2,1,0,0,2,1,0,0,22,44,22,99,99,99,0,0,0,0,1,4,1,170570,0,2009,0,W BENTON DR,99999999999999999999,0000000,41.52986111,-87.80152778,1,1
17,31,9,25,22,48,2,3,0,1,11,1,0,12,7,1,1,3,6,99,1,3,1,2,0,0,3,1,0,0,22,48,22,99,99,99,0,0,0,0,1,6,0,170571,770,2009,144,I-290,99999999999999999999,0000000,41.892725,-87.92064444,2,1
17,111,10,1,21,5,2,2,0,1,2,2,0,12,5,2,1,1,2,50,1,1,2,2,3,3,3,2,0,1,21,5,21,99,21,99,0,0,0,0,1,5,0,170572,0,2009,79,US-12,WILMOT,0000000,42.43309722,-88.21913333,2,2
17,35,9,28,9,25,2,2,0,0,3,4,0,12,5,2,1,1,2,55,1,1,2,1,20,3,1,1,0,4,9,26,9,99,99,99,0,0,0,0,1,2,0,170573,0,2009,775,CR-25,SR-130,0000000,39.33270278,-88.13532778,2,1
17,173,9,27,20,55,1,4,3,0,4,2,0,8,0,1,4,1,2,35,1,1,2,1,0,0,2,1,0,0,20,55,20,99,99,99,0,0,0,0,1,1,1,170574,8005,2009,1805,US-45,99999999999999999999,0000000,39.2269,-88.494325,1,1
17,31,10,1,4,47,8,8,0,1,13,3,0,12,1,2,1,3,2,35,1,1,2,1,3,3,3,1,0,0,4,47,4,99,99,99,0,0,0,0,1,5,1,170575,2050,2009,400,SR-50,CAL SAG RD,0000000,41.65315,-87.73830833,8,1
17,163,10,2,23,29,2,2,0,0,4,3,0,12,2,1,1,1,2,55,2,1,2,1,0,0,2,1,0,0,23,29,23,99,99,99,0,0,0,0,1,6,1,170576,0,2009,71,SR-177,99999999999999999999,0000000,38.50352778,-89.84625556,2,1
17,201,10,4,10,39,2,3,0,0,4,4,0,12,1,1,1,1,2,55,1,1,2,1,0,0,1,1,0,1,10,39,10,99,99,99,0,0,0,0,1,1,0,170577,0,2009,0,CR-78,99999999999999999999,0000000,42.37522222,-89.39600833,2,1
17,163,10,4,12,59,2,4,0,0,14,3,0,12,5,8,1,2,2,50,1,1,2,1,0,0,1,1,0,0,12,59,13,99,13,99,0,0,0,0,1,1,0,170578,670,2009,151,SR-158,CR-89,0000000,38.50492222,-89.94077778,2,1
17,169,10,3,2,43,1,2,0,0,6,8,0,1,0,1,4,1,2,55,1,2,2,2,0,0,2,9,0,0,2,43,2,99,99,99,0,0,0,0,1,7,1,170579,0,2009,0,BEARDSTOWN RD,99999999999999999999,0000000,40.11221389,-90.528375,1,9
17,31,9,6,17,30,1,2,1,0,16,6,0,9,0,1,1,1,2,15,1,1,2,1,0,0,1,1,0,0,18,35,18,99,99,99,0,0,0,0,1,1,0,170580,1670,2009,0,SACRAMENTO,99999999999999999999,0000000,41.9935,-87.70439444,1,1
17,91,9,8,6,3,2,2,0,0,14,6,0,12,5,2,1,2,2,55,1,1,2,1,0,0,2,5,0,0,6,3,6,99,6,99,0,0,0,0,1,3,0,170581,5200,2009,0,DIVISION,EAGLES LANDING,0000000,41.25030278,-87.86248889,2,5
17,31,8,22,20,47,2,2,0,0,14,6,0,12,5,2,1,1,2,30,1,1,2,1,3,3,3,1,0,0,20,50,20,99,99,99,0,0,0,0,1,7,0,170582,1670,2009,90,DEVON AVENUE,CALIFORNIA AVENUE,0000000,41.99758333,-87.69964722,2,1
17,31,8,30,21,49,1,1,0,0,14,6,0,33,0,1,4,1,2,30,1,1,2,1,0,0,3,1,0,0,21,50,21,99,99,99,0,0,0,0,1,1,0,170583,1670,2009,0,ASHLAND AVENUE,99999999999999999999,0000000,41.73894444,-87.66321667,1,1
17,31,8,14,17,31,2,3,0,1,13,3,0,12,5,1,1,1,2,35,1,1,2,1,0,0,1,1,0,0,17,31,17,99,99,99,0,0,0,0,1,6,0,170584,6687,2009,107,SR-43,99999999999999999999,0000000,41.66095278,-87.79631944,2,1
17,113,9,19,21,1,1,2,0,1,13,6,0,33,0,2,3,2,3,45,1,1,1,1,20,3,3,1,0,0,21,1,21,99,99,99,0,0,0,0,1,7,1,170585,840,2009,276,EASTLAND DRIVE,I-55,0000000,40.48408611,-88.95264167,1,1
17,127,9,3,20,50,1,3,0,0,16,6,0,11,0,1,1,1,2,55,1,1,2,1,0,0,2,1,0,0,20,50,20,99,99,99,0,0,0,0,1,5,0,170586,1070,2009,0,NEWCUT ROAD,99999999999999999999,0000000,37.10072222,-88.51531111,1,1
17,89,9,27,20,38,1,2,1,0,14,3,0,8,0,2,1,1,4,30,1,1,2,1,3,3,3,1,0,1,20,38,99,99,88,88,0,0,0,0,1,1,0,170588,460,2009,51,SR-31,PRAIRIE STREET,0000000,41.75248611,-88.32837222,1,1
17,31,10,3,5,49,2,7,0,1,11,1,0,12,1,1,1,3,3,99,1,1,1,2,0,0,3,1,0,0,5,50,5,99,99,99,0,0,0,0,1,7,1,170590,0,2009,340,I-94,99999999999999999999,0000000,42.08717222,-87.758725,2,1
17,103,9,17,23,30,1,1,0,0,4,4,0,1,0,1,4,2,2,55,1,1,2,1,0,0,2,5,0,0,23,30,23,99,99,99,0,0,0,0,1,5,1,170591,0,2009,0,CR-16,99999999999999999999,0000000,41.80235833,-89.56140556,1,5
17,17,9,17,16,35,2,2,0,0,4,4,0,45,5,1,1,1,2,55,1,1,2,1,0,0,1,1,0,2,16,38,16,99,99,99,0,0,0,0,1,5,0,170592,0,2009,0,CR-12,99999999999999999999,0000000,40.05613333,-90.10728889,2,1
17,119,10,3,19,8,3,8,0,0,3,2,0,12,5,2,1,1,2,55,2,1,2,1,0,0,2,1,0,0,19,13,19,99,19,99,0,0,0,0,2,7,2,170593,0,2009,329,US-40,FINAL DR,0000000,38.77479722,-89.63999444,3,1
17,37,9,21,6,10,2,2,0,0,4,4,0,12,5,2,1,1,2,55,1,1,2,1,0,0,4,1,0,0,6,11,6,99,99,99,0,0,0,0,1,2,0,170594,0,2009,0,CR-7,HINCKLEY ROAD,0000000,41.84981111,-88.64064722,2,1
17,115,9,25,16,59,1,1,0,0,4,4,0,35,0,1,4,1,2,55,1,1,2,1,0,0,1,1,0,0,16,59,99,99,88,88,0,0,0,0,1,6,1,170595,0,2009,0,CR-32,99999999999999999999,0000000,39.71147778,-88.89381389,1,1
17,89,9,25,12,11,2,3,0,1,2,4,0,12,2,2,1,3,2,50,1,1,2,2,3,3,1,2,0,1,12,11,12,99,99,99,0,0,0,0,1,6,0,170596,0,2009,0,CR-34,RED GATE ROAD,0000000,41.95323611,-88.34089722,2,2
17,113,10,1,11,28,2,2,0,0,14,8,0,12,2,1,1,1,2,55,1,1,2,2,0,0,1,2,0,0,11,28,11,99,99,99,0,0,0,0,2,5,0,170597,6230,2009,0,SHELBOURNE,99999999999999999999,0000000,40.52740278,-88.95586944,2,2
17,43,8,29,16,54,1,2,1,0,6,6,0,9,0,1,1,1,2,30,1,1,2,1,0,0,1,1,0,0,16,55,16,99,99,99,0,0,0,0,1,7,0,170598,0,2009,0,ASHLEY DRIVE,99999999999999999999,0000000,41.83415833,-88.07408889,1,1
17,31,9,17,21,6,1,2,1,0,15,6,0,8,0,3,1,1,2,30,1,1,2,1,3,3,3,1,0,0,21,15,99,99,88,88,0,0,0,0,1,5,0,170599,1670,2009,6,JEFFERY AVENUE,EUCLID AVENUE,0000000,41.72241667,-87.57535,1,1
17,189,9,20,8,43,2,2,0,1,11,1,0,12,5,10,8,3,2,55,1,1,2,2,20,3,1,2,0,0,8,43,8,99,9,99,0,0,0,0,1,1,0,170600,4210,2009,1057,I-64,US-51,0000000,38.39025,-89.16938056,2,2
17,17,9,19,14,6,1,1,0,0,4,4,0,34,0,1,4,1,2,55,1,2,2,1,28,3,1,1,0,0,14,18,14,99,99,99,0,0,0,0,1,7,0,170601,0,2009,0,CR-7,99999999999999999999,0000000,40.0163,-90.25050556,1,1
17,55,10,1,11,19,1,2,0,0,4,4,0,34,0,1,4,1,2,55,1,2,2,1,0,0,1,1,0,0,11,19,11,99,99,99,0,0,0,0,1,5,0,170602,0,2009,0,CR-20,99999999999999999999,0000000,37.94260556,-88.84527778,1,1
17,31,9,19,2,30,2,3,0,0,14,8,0,12,5,2,1,2,2,30,1,1,2,1,3,3,3,1,0,0,2,30,2,99,2,99,0,0,0,0,1,7,1,170603,1670,2009,126,CERMAK RD,DAMEN AVE,0000000,41.85219444,-87.67579444,2,1
17,89,9,25,2,8,2,2,0,1,12,2,0,12,1,13,1,6,4,55,1,1,2,1,0,0,3,1,0,0,2,8,99,99,88,88,0,0,0,0,1,6,1,170604,2690,2009,1451,US-20,GRACE STREET,0000000,42.02016667,-88.27096667,2,1
17,45,10,10,16,13,1,3,0,1,2,2,0,34,0,1,4,1,2,55,1,1,2,1,0,0,1,1,0,0,16,13,16,99,99,99,0,0,0,0,1,7,0,170605,0,2009,2458,US-150,99999999999999999999,0000000,39.74639722,-87.68403056,1,1
17,163,10,3,12,34,2,7,0,0,14,4,0,12,5,1,2,1,2,50,1,1,2,1,0,0,1,1,0,0,12,34,12,99,99,99,0,0,0,0,1,7,0,170606,8430,2009,0,CR-H62,99999999999999999999,0000000,38.56724444,-90.00778889,2,1
17,143,9,8,21,6,1,4,0,0,16,6,0,30,0,1,4,1,2,55,1,1,2,8,0,0,2,1,0,0,21,6,21,99,99,99,0,0,0,0,2,3,0,170607,6850,2009,0,CLOVERDALE RD,99999999999999999999,0000000,40.90780556,-89.52458333,1,1
17,31,9,20,18,53,1,2,1,1,13,2,0,8,0,1,1,2,2,35,1,1,2,2,0,0,3,2,0,0,18,53,18,99,99,99,0,0,0,0,1,1,0,170608,3895,2009,685,US-12,99999999999999999999,0000000,41.71866111,-87.81175556,1,2
17,121,9,14,4,45,1,2,0,0,4,4,0,1,0,1,4,2,2,55,2,1,2,1,0,0,2,1,0,0,4,45,4,99,99,99,0,0,0,0,1,2,1,170609,0,2009,0,CR-3,99999999999999999999,0000000,38.483125,-89.07453056,1,1
17,99,10,11,4,0,1,4,0,0,6,5,0,1,0,1,1,1,2,55,1,2,2,1,0,0,2,1,0,0,4,11,4,99,6,40,0,0,0,0,1,1,1,170611,0,2009,0,N 2053RD RD,99999999999999999999,0000000,41.22388333,-88.91197778,1,1
17,135,10,18,1,59,1,1,0,0,4,8,0,1,0,1,4,1,2,55,1,1,2,1,0,0,2,1,0,0,1,59,1,99,99,99,0,0,0,0,1,1,1,170612,0,2009,22,NOKOMIS BLKTP,99999999999999999999,0000000,39.30528056,-89.52449722,1,1
17,143,3,23,20,0,1,1,0,0,6,4,0,30,0,1,4,1,2,55,1,1,2,1,0,0,2,1,0,0,20,43,20,99,99,99,0,0,0,0,1,2,0,170613,0,2009,0,CR-76,99999999999999999999,0000000,40.75588056,-89.96678333,1,1
17,31,8,1,3,5,2,3,0,0,14,6,0,12,5,2,1,1,2,30,1,1,2,1,21,3,3,1,0,0,3,10,3,99,99,99,0,0,0,0,1,7,1,170614,1670,2009,0,ASHLAND AVENUE,WILSON AVENUE,0000000,41.96524167,-87.669375,2,1
17,199,10,10,11,43,2,3,0,0,6,6,0,12,5,2,1,1,2,55,1,1,2,1,21,3,1,1,0,0,11,43,11,99,99,99,0,0,0,0,1,7,0,170615,0,2009,0,VERMONT ROAD,GREENBRIAR ROAD,0000000,37.78885278,-89.09611667,2,1
17,31,10,8,9,54,4,4,0,0,14,6,0,12,1,3,1,1,2,40,1,1,2,1,3,3,1,1,0,0,9,54,9,99,99,99,0,0,0,0,1,5,0,170616,5380,2009,19,216TH STREET,GOVERNORS HIGHWAY,0000000,41.49747222,-87.71308333,4,1
17,167,8,25,2,0,2,3,1,0,14,4,0,8,0,1,1,1,2,45,1,2,2,1,0,0,3,1,0,0,2,0,99,99,88,88,0,0,0,0,1,3,0,170617,8220,2009,0,CR-42,99999999999999999999,0000000,39.71396389,-89.62976389,2,1
17,31,8,4,14,45,3,2,0,0,15,6,0,12,5,4,1,1,2,99,1,1,2,1,0,0,1,1,0,0,14,45,14,99,99,99,0,0,0,0,1,3,0,170619,1670,2009,0,ROGERS AVENUE,CLARK STREET,0000000,42.01639722,-87.67456667,2,1
17,29,8,2,3,59,1,2,1,0,13,3,0,8,0,1,1,1,2,35,1,1,2,2,0,0,3,5,0,0,3,59,3,99,99,99,0,0,0,0,1,1,0,170620,1590,2009,1478,SR-16,99999999999999999999,0000000,39.48517222,-88.16066944,1,5
17,119,8,22,18,51,1,1,0,0,16,6,0,33,0,3,4,1,2,25,1,3,2,1,20,3,1,1,0,0,18,51,18,99,99,99,0,0,0,0,1,7,0,170621,8730,2009,0,MEADOWLARK STREET,FOREST COURT,0000000,38.74209167,-89.88651111,1,1
17,201,8,30,17,13,1,1,0,0,13,3,0,42,0,1,4,1,2,55,1,1,2,1,0,0,1,1,0,0,17,17,99,99,88,88,0,0,0,0,1,1,1,170622,0,2009,637,SR-2,99999999999999999999,0000000,42.40248056,-89.07895,1,1
17,183,9,11,7,57,2,2,0,0,3,3,0,12,1,1,1,1,1,55,1,3,2,1,50,3,1,1,0,1,7,57,7,99,99,99,0,3,0,0,1,6,0,170623,0,2009,2101,SR-9,99999999999999999999,0000000,40.460125,-87.63208056,2,1
17,161,10,4,21,40,1,4,0,0,4,4,0,10,0,6,1,1,2,55,1,1,2,1,72,3,3,1,0,0,21,40,21,99,99,99,0,0,0,0,1,1,1,170624,0,2009,0,CR-GG,1ST AVENUE,9999999,41.535125,-90.25228889,1,1
17,31,10,2,22,9,1,4,0,0,14,6,0,30,0,3,4,1,2,99,1,1,2,2,3,3,3,2,0,0,22,9,22,99,99,99,0,0,0,0,2,6,0,170625,1670,2009,0,CHICAGO AVENUE,LOTUS AVENUE,0000000,41.894875,-87.76187778,1,2
17,57,10,4,9,39,2,4,0,0,3,3,0,12,5,2,1,1,2,55,1,1,2,1,20,3,1,1,0,0,9,39,9,99,99,99,0,0,0,0,1,1,0,170626,0,2009,0,SR-9,CR-2,0000000,40.5644,-90.27663333,2,1
17,199,9,27,18,24,1,2,1,0,16,6,0,8,0,2,4,1,2,35,1,1,2,1,20,3,1,1,0,0,18,24,99,99,88,88,0,0,0,0,1,1,0,170627,1925,2009,0,2ND STREET,COLP STREET,0000000,37.80455,-89.08196389,1,1
17,31,10,18,8,40,1,1,0,1,11,1,0,1,0,1,1,3,3,99,1,1,1,1,0,0,1,1,0,0,8,43,99,99,88,88,0,0,0,0,1,1,1,170628,9380,2009,342,I-94,99999999999999999999,0000000,42.08451389,-87.75845556,1,1
17,31,10,1,15,59,1,1,0,1,13,3,0,29,0,2,4,1,2,40,1,3,2,2,3,3,1,2,0,0,15,59,99,99,88,88,0,0,0,0,1,5,0,170629,6280,2009,419,SR-43,WILLOW ROAD,0000000,42.10539167,-87.79895278,1,2
17,143,10,15,5,48,1,2,1,0,3,3,0,8,0,1,1,1,2,55,1,1,2,2,0,0,2,2,0,2,5,48,99,99,88,88,0,0,0,0,1,5,0,170630,0,2009,586,SR-116,99999999999999999999,0000000,40.69852778,-89.9657,1,2
17,31,10,11,2,10,2,6,0,0,14,6,0,12,5,2,1,1,2,35,1,1,2,1,3,3,3,1,0,0,2,10,2,99,99,99,0,0,0,0,2,1,1,170632,6740,2009,39,OAKTON STREET,RIVERSIDE DRIVE,0000000,42.024625,-87.86485556,2,1
17,199,9,23,17,5,3,3,0,0,3,4,0,12,1,2,1,1,2,55,1,1,2,1,0,0,1,1,0,0,17,5,17,99,99,99,0,0,0,0,1,4,0,170633,0,2009,15,CR-2,CHITTYVILLE ROAD,0000000,37.81754167,-88.99285833,3,1
17,31,10,3,2,6,2,3,0,0,14,6,0,12,5,2,1,1,2,35,1,1,2,2,3,3,3,2,0,0,2,99,2,99,99,99,0,0,0,0,2,7,2,170634,1670,2009,0,59TH STREET,ASHLAND AVENUE,0000000,41.786725,-87.66441389,2,2
17,97,10,15,18,27,2,5,0,0,14,6,0,12,5,2,1,1,2,40,1,1,2,2,0,0,3,2,0,0,18,27,18,99,99,99,0,0,0,0,1,5,0,170635,5940,2009,0,CANTERBURY LANE,BUTTERFIELD ROAD,0000000,42.2334,-87.97697222,2,2
17,193,10,17,4,30,1,3,0,0,4,4,0,1,0,1,4,1,2,55,2,1,2,2,0,0,2,9,0,0,7,27,7,99,99,99,0,0,0,0,2,7,1,170636,0,2009,0,CR-20,99999999999999999999,0000000,38.25162778,-88.13155278,1,9
17,31,10,8,11,45,2,3,0,0,15,6,0,12,5,2,1,1,2,40,1,1,2,2,20,3,1,2,0,0,11,45,11,99,99,99,0,0,0,0,1,5,0,170637,8620,2009,0,179TH STREET,94TH AVENUE,0000000,41.56501667,-87.84661667,2,2
17,31,10,13,17,7,2,3,1,0,14,6,0,8,0,3,1,1,2,99,1,1,2,1,3,3,1,1,0,0,17,7,99,99,88,88,0,0,0,0,1,3,0,170638,1670,2009,0,18TH STREET,HALSTED STREET,0000000,41.85809722,-87.64665,2,1
17,49,10,22,22,42,2,2,0,1,2,2,0,12,2,1,1,1,2,55,1,1,2,2,0,0,2,2,0,0,22,45,22,99,99,99,0,0,0,0,1,5,1,170640,0,2009,1634,US-45,99999999999999999999,0000000,38.99163611,-88.54456944,2,2
17,31,10,16,3,30,1,1,0,0,15,6,0,21,0,1,3,3,4,35,1,1,2,2,0,0,3,2,0,0,3,35,3,99,99,99,0,0,0,0,1,6,1,170641,1670,2009,21,WESTERN ROAD,99999999999999999999,0000000,41.82171944,-87.684225,1,2
17,189,10,23,10,26,1,1,0,1,1,1,0,1,0,1,3,2,2,65,2,2,1,2,0,0,1,2,0,0,10,26,10,99,99,99,0,0,0,0,1,6,0,170642,0,2009,581,I-64,99999999999999999999,0000000,38.38953889,-89.22211667,1,2
17,31,8,15,3,18,1,2,0,1,13,2,0,33,0,1,3,2,3,40,1,1,1,1,0,0,3,1,0,0,3,20,3,99,99,99,0,0,0,0,1,7,0,170644,1670,2009,207,US-41,99999999999999999999,0000000,41.96625833,-87.64721111,1,1
17,77,10,19,16,32,2,4,1,0,4,4,0,12,1,1,1,1,2,55,1,3,2,1,50,3,1,1,0,1,16,32,16,99,99,99,0,0,0,0,1,2,0,170645,0,2009,0,CR-12,99999999999999999999,0000000,37.62211667,-89.175425,2,1
17,11,10,19,16,30,1,1,0,0,3,3,0,42,0,1,4,1,2,55,1,1,3,1,0,0,1,1,0,0,16,30,16,99,99,99,0,0,0,0,1,2,0,170646,0,2009,530,SR-89,99999999999999999999,0000000,41.49305278,-89.26211389,1,1
17,115,10,21,12,15,2,2,0,0,4,4,0,12,5,2,1,1,2,55,1,1,2,1,20,3,1,1,0,0,12,19,12,99,12,99,0,0,0,0,1,4,0,170647,0,2009,0,CR-20,BRUSH COLLEGE RD,0000000,39.93683889,-88.89861944,2,1
17,183,10,29,6,4,2,3,0,0,3,3,0,12,5,1,1,2,2,55,1,2,2,1,0,0,2,1,0,0,6,4,6,99,6,99,0,0,0,0,1,5,0,170648,0,2009,2064,SR-9,99999999999999999999,0000000,40.45883333,-87.70402778,2,1
17,197,11,1,23,20,1,3,0,0,14,6,0,31,0,1,3,2,2,30,2,1,2,1,0,0,3,1,0,0,23,20,23,99,99,99,0,0,0,0,1,1,1,170649,4300,2009,0,CENTER STREET,99999999999999999999,0000000,41.52152778,-88.09113611,1,1
17,31,6,25,10,50,1,2,1,0,16,6,0,9,0,2,1,1,2,30,1,1,2,1,20,3,1,1,0,0,10,52,10,99,99,99,0,0,0,0,1,5,0,170650,1670,2009,0,EMERALD AVENUE,30TH STREET,0000000,41.83987222,-87.64509444,1,1
17,141,8,5,15,19,1,1,0,0,3,3,0,35,0,1,4,1,2,55,1,1,2,1,0,0,1,1,0,0,15,19,15,99,99,99,0,0,0,0,1,4,0,170651,0,2009,447,SR-64,99999999999999999999,0000000,42.03858333,-89.38811389,1,1
17,31,7,12,23,25,2,6,0,0,15,6,0,12,5,2,1,1,2,30,1,1,2,1,0,0,3,1,0,0,23,25,23,99,99,99,0,0,0,0,1,1,0,170652,1670,2009,0,MOZART STREET,DIVISION STREET,0000000,41.90289167,-87.69813889,2,1
17,129,10,7,18,43,1,1,0,0,4,4,0,1,0,1,4,1,2,55,1,1,2,1,0,0,5,1,0,0,18,43,99,99,88,88,0,0,0,0,1,4,0,170653,0,2009,0,CR-10,99999999999999999999,0000000,40.07380278,-89.60603611,1,1
17,31,10,17,2,24,1,2,1,1,13,6,0,8,0,2,1,1,2,30,1,1,2,2,3,3,3,2,0,0,2,24,99,99,88,88,0,0,0,0,1,7,0,170654,1730,2009,547,ROOSEVELT ROAD,CICERO AVENUE,0000000,41.86590278,-87.7448,1,2
17,31,10,21,12,25,1,2,1,0,15,6,0,9,0,3,1,1,2,99,1,1,2,1,3,3,1,1,0,0,12,30,99,99,88,88,0,0,0,0,1,4,0,170655,1670,2009,0,WELLINGTON AVENUE,DAMEN AVENE,0000000,41.93591944,-87.6783,1,1
17,99,10,25,19,53,1,1,0,0,4,4,0,32,0,1,4,1,2,55,1,1,2,2,0,0,2,1,0,0,19,53,19,99,99,99,0,0,0,0,1,1,1,170656,0,2009,0,CR-2,99999999999999999999,0000000,41.56443889,-88.7052,1,1
17,21,10,30,7,45,1,1,0,0,6,4,0,30,0,1,4,1,2,55,1,1,2,2,0,0,1,2,0,0,8,26,8,99,99,99,0,0,0,0,1,6,0,170657,0,2009,0,1600N ROAD,99999999999999999999,0000000,39.58240833,-89.15259444,1,2
17,159,11,1,17,20,2,2,0,1,2,2,0,12,1,1,1,1,2,55,1,1,2,1,0,0,5,1,0,0,17,20,99,99,88,88,0,0,0,0,1,1,1,170658,0,2009,1273,US-50,99999999999999999999,0000000,38.71228611,-88.13038333,2,1
17,111,8,2,13,42,1,1,0,0,15,6,0,1,0,1,4,1,2,55,2,2,2,1,0,0,1,1,0,0,13,42,13,99,99,99,0,0,0,0,1,1,0,170659,0,2009,0,QUEEN ANNE ROAD,99999999999999999999,0000000,42.32012778,-88.41374722,1,1
17,89,8,25,10,6,1,2,1,0,14,3,0,8,0,3,1,1,2,35,1,1,2,1,3,3,1,1,0,0,10,6,10,99,99,99,0,0,0,0,1,3,0,170660,2448,2009,314,SR-31,WILLOW LANE,0000000,42.09103611,-88.28870833,1,1
17,143,10,16,21,48,1,2,0,1,2,3,0,24,0,1,4,2,4,55,1,1,2,1,0,0,2,1,0,0,21,48,21,99,99,99,0,20,0,0,1,6,1,170662,0,2009,1255,SR-29,99999999999999999999,0000000,40.82865,-89.55981667,1,1
17,31,10,25,7,40,3,2,0,0,15,6,0,14,2,1,7,1,4,30,1,2,2,1,0,0,4,1,0,0,7,45,7,99,99,99,0,0,0,0,1,1,1,170663,1670,2009,37,SOUTH CHICAGO AVENUE,99999999999999999999,0000000,41.76047222,-87.59803889,1,1
17,201,10,20,3,2,1,1,0,0,15,6,0,1,0,1,4,1,2,35,2,1,2,1,0,0,2,1,0,0,3,4,3,99,99,99,0,0,0,0,1,3,0,170664,7460,2009,0,FALCON ROAD,99999999999999999999,0000000,42.20240556,-89.08326389,1,1
17,31,11,1,3,40,1,2,1,0,15,6,0,8,0,1,1,1,2,99,1,1,2,1,0,0,3,1,0,0,3,44,3,99,99,99,0,0,0,0,1,1,0,170665,1670,2009,0,LINCOLN AVENUE,99999999999999999999,0000000,41.960025,-87.68289444,1,1
17,103,11,2,5,53,1,1,0,1,1,1,0,11,0,1,1,3,4,65,1,1,1,1,0,0,2,1,0,0,5,53,99,99,88,88,0,0,0,0,1,2,0,170666,0,2009,512,I-88,99999999999999999999,0000000,41.79944444,-89.51364167,1,1
17,31,10,21,17,40,3,3,0,1,11,1,0,12,1,13,1,6,1,99,1,1,1,1,0,0,1,1,0,0,17,45,99,99,88,88,0,0,0,0,1,4,0,170667,1670,2009,546,I-94,35TH STREET,0000000,41.84171944,-87.63154444,3,1
17,201,10,15,11,35,2,5,0,1,13,6,0,12,5,1,1,3,2,40,1,2,2,2,0,0,1,2,0,0,11,35,11,99,99,99,0,0,0,0,1,5,0,170668,7460,2009,56,ALPINE ROAD,99999999999999999999,0000000,42.298,-89.02906944,2,2
17,75,11,6,11,57,3,3,0,1,2,2,0,12,8,1,1,1,2,55,1,1,2,1,0,0,1,1,0,0,11,57,99,99,88,88,0,0,0,0,1,6,0,170669,0,2009,2211,US-24,99999999999999999999,0000000,40.76902778,-87.89874722,3,1
17,119,11,11,2,5,1,1,0,1,11,1,0,52,0,15,4,2,2,50,1,1,1,1,0,0,2,1,0,0,2,5,99,99,88,88,0,0,0,0,1,4,1,170670,3550,2009,1577,I-270,SR-3,0000000,38.76530556,-90.12410556,1,1
17,41,11,2,13,10,1,1,0,1,11,1,0,38,0,1,4,2,2,65,1,1,2,1,0,0,1,1,0,0,13,10,99,99,88,88,0,0,0,0,1,2,0,170671,0,2009,2128,I-57,99999999999999999999,0000000,39.81015278,-88.26506111,1,1
17,143,11,7,2,24,1,2,0,0,16,6,0,42,0,3,4,1,2,30,1,1,2,1,20,3,3,1,0,0,2,25,2,99,99,99,0,0,0,0,1,7,1,170672,6850,2009,0,HUDSON STREET,NORTH STREET,0000000,40.72621389,-89.59844167,1,1
17,75,11,7,15,35,1,2,0,1,2,2,0,1,0,1,4,1,2,55,2,2,2,1,0,0,1,1,0,0,15,42,15,99,99,99,0,0,0,0,2,7,1,170673,0,2009,2279,US-24,99999999999999999999,0000000,40.77166667,-87.76958056,1,1