STATE,COUNTY,MONTH,DAY,HOUR,MINUTE,VE_TOTAL,PERSONS,PEDS,NHS,ROAD_FNC,ROUTE,SP_JUR,HARM_EV,MAN_COLL,REL_JUNC,REL_ROAD,TRAF_FLO,NO_LANES,SP_LIMIT,ALIGNMNT,PROFILE,PAVE_TYP,SUR_COND,TRA_CONT,T_CONT_F,LGT_COND,WEATHER1,WEATHER2,WRK_ZONE,NOT_HOUR,NOT_MIN,ARR_HOUR,ARR_MIN,HOSP_HR,HOSP_MN,SCH_BUS,CF1,CF2,CF3,FATALS,DAY_WEEK,DRUNK_DR,ST_CASE,CITY,YEAR,MILEPT,TWAY_ID,TWAY_ID2,RAIL,LATITUDE,LONGITUD,VE_FORMS,WEATHER
17,73,7,30,18,48,2,6,0,0,16,6,0,12,1,1,1,1,2,40,1,1,2,1,0,0,1,1,0,0,18,48,18,99,99,99,0,0,0,0,1,5,0,170674,0,2009,0,500TH AVENUE,99999999999999999999,0000000,41.222225,-89.95421389,2,1
17,89,9,18,5,36,1,2,1,1,11,6,0,8,0,15,1,1,4,35,2,2,2,1,0,0,3,1,0,0,5,36,5,99,99,99,0,0,0,0,1,6,0,170675,460,2009,0,FARNSWORTH AVENUE,I-88,0000000,41.79556944,-88.28207778,1,1
17,77,11,5,17,22,2,4,0,0,3,3,0,12,2,1,1,1,2,55,1,1,3,1,0,0,1,1,0,0,17,22,17,99,99,99,0,0,0,0,1,5,0,170676,0,2009,122,SR-149,99999999999999999999,0000000,37.79598333,-89.27915,2,1
17,31,11,4,16,16,2,4,1,0,15,6,0,8,0,1,4,2,2,45,1,1,2,1,0,0,1,1,0,0,16,16,16,99,99,99,0,0,0,0,1,4,0,170677,8620,2009,0,80TH AVENUE,99999999999999999999,0000000,41.55855556,-87.81231389,2,1
17,31,10,31,9,3,1,2,1,0,14,6,0,8,0,2,1,1,2,35,1,1,2,1,50,3,1,1,0,1,9,3,9,99,99,99,0,0,0,0,1,7,0,170678,1690,2009,0,RIDGELAND AVENUE,99TH STREET,0000000,41.71229722,-87.77968889,1,1
17,37,7,31,20,46,1,2,0,0,14,6,0,11,0,1,1,1,2,45,1,1,2,1,0,0,2,1,0,0,20,46,20,99,99,99,0,0,0,0,1,6,0,170679,2280,2009,0,PEACE ROAD,99999999999999999999,0000000,41.93554167,-88.72551944,1,1
17,127,7,17,20,18,2,2,0,0,13,2,0,12,5,2,1,1,2,30,1,2,2,1,20,3,1,1,0,0,20,18,20,99,99,99,0,0,0,0,1,6,0,170680,5530,2009,89,US-45,METROPOLIS STREET,0000000,37.150425,-88.7306,2,1
17,31,9,10,17,34,2,2,0,0,15,6,0,12,5,1,1,1,2,99,1,1,2,1,0,0,1,1,0,0,17,34,17,99,99,99,0,0,0,0,1,5,0,170681,1670,2009,0,GRAND AVENUE,99999999999999999999,0000000,41.90241389,-87.71695833,2,1
17,31,10,27,0,7,1,1,0,0,16,6,0,38,0,1,4,1,2,20,2,1,2,2,0,0,3,2,0,0,0,11,99,99,88,88,0,0,0,0,1,3,1,170682,3820,2009,0,171ST STREET,99999999999999999999,0000000,41.57908333,-87.674275,1,2
17,31,10,21,11,33,2,6,4,0,15,6,0,12,5,2,1,1,2,99,1,1,2,1,0,0,1,1,0,0,11,33,11,99,99,99,0,0,0,0,1,4,1,170683,1670,2009,10,KOSTNER AVENUE,WASHINGTON BOULEVARD,0000000,41.88195556,-87.73549722,2,1
17,31,11,7,22,49,1,4,0,0,16,6,0,19,0,1,4,1,2,20,1,1,2,1,0,0,2,1,0,0,22,49,22,99,99,99,0,0,0,0,1,7,1,170684,1690,2009,0,97TH PLACE,99999999999999999999,0000000,41.71475,-87.78950556,1,1
17,31,11,10,16,51,2,3,1,0,14,6,0,8,0,1,1,1,2,30,1,1,2,1,0,0,1,1,0,0,16,51,99,99,88,88,0,0,0,0,1,3,0,170685,2890,2009,30,KEDZIE AVENUE,99999999999999999999,0000000,41.71085556,-87.70151944,2,1
17,113,11,8,19,31,2,3,0,1,1,1,0,12,7,15,1,2,4,65,1,1,1,4,0,0,2,1,0,0,19,32,99,99,88,88,0,0,0,0,1,1,1,170686,0,2009,1252,I-74,US-150,0000000,40.48455556,-89.02600278,2,1
17,167,11,15,21,25,1,1,0,1,1,1,0,34,0,15,4,2,2,65,1,1,1,2,0,0,3,2,0,0,21,26,99,99,88,88,0,0,0,0,1,1,0,170687,0,2009,1085,I-55,MAIN STREET,0000000,39.95224444,-89.55753333,1,2
17,63,11,15,17,1,2,2,0,0,16,4,0,12,4,1,1,1,2,55,1,1,2,2,0,0,2,2,0,0,17,1,99,99,88,88,0,0,0,0,1,1,1,170688,0,2009,0,CR-16,99999999999999999999,0000000,41.46083611,-88.338875,2,2
17,31,10,18,6,15,1,2,1,1,2,6,0,8,0,1,1,1,2,99,1,1,2,1,0,0,2,1,0,2,6,15,6,99,99,99,0,0,0,0,1,1,0,170689,780,2009,13,OGDEN AVENUE,99999999999999999999,0000000,41.83227222,-87.77820833,1,1
17,81,11,17,13,20,2,3,0,0,5,4,0,12,5,3,1,1,2,55,1,1,2,1,0,0,1,1,0,0,13,20,13,99,99,99,0,0,0,0,1,3,0,170690,0,2009,0,CR-5,GOSHEN ROAD,0000000,38.237825,-88.81418889,2,1
17,157,11,14,14,42,1,2,0,0,5,4,0,34,0,1,4,1,2,50,1,1,2,1,0,0,1,1,0,0,14,43,14,99,99,99,0,0,0,0,1,7,0,170691,0,2009,0,CR-16,99999999999999999999,0000000,38.07199444,-89.66764167,1,1
17,41,11,8,6,25,1,1,0,0,5,4,0,34,0,1,4,1,2,55,1,1,2,1,0,0,2,1,0,0,6,25,99,99,88,88,0,0,0,0,1,1,1,170692,0,2009,0,CR-50,99999999999999999999,0000000,39.65315278,-88.45247222,1,1
17,199,11,13,18,16,1,2,0,0,6,6,0,1,0,1,1,1,2,55,1,1,2,1,0,0,2,1,0,0,18,16,18,99,99,99,0,0,0,0,1,6,0,170693,0,2009,0,MONROE ROAD,99999999999999999999,0000000,37.84829444,-88.92380556,1,1
17,7,10,31,6,19,1,1,0,0,4,4,0,42,0,1,4,1,2,55,1,1,2,1,0,0,2,1,0,0,6,19,99,99,88,88,0,0,0,0,1,7,0,170694,0,2009,0,CR-2,99999999999999999999,0000000,42.46209722,-88.74511667,1,1
17,37,10,25,3,38,1,4,0,0,16,6,0,30,0,1,4,1,2,45,1,2,2,2,0,0,2,1,0,0,3,42,99,99,99,99,0,0,0,0,1,1,0,170695,0,2009,0,AIRPORT ROAD,99999999999999999999,0000000,41.97436667,-88.65864167,1,1
17,89,11,13,2,32,1,1,0,0,4,4,0,1,0,1,4,1,2,55,1,1,2,1,0,0,2,1,0,0,2,32,99,99,88,88,0,0,0,0,1,6,1,170696,0,2009,0,CR-62,99999999999999999999,0000000,41.79742778,-88.52797778,1,1
17,103,11,11,8,34,2,2,0,0,4,4,0,12,5,2,1,1,2,55,1,1,2,1,20,3,1,1,0,0,8,44,8,99,99,99,0,0,0,0,1,4,0,170697,0,2009,6,CR-3,INLET ROAD,0000000,41.76293056,-89.31371389,2,1
17,201,11,13,18,25,1,1,0,0,5,4,0,1,0,1,4,1,2,55,2,2,2,1,0,0,2,1,0,0,18,35,18,99,99,99,0,0,0,0,1,6,1,170698,0,2009,0,AUBURN RD,99999999999999999999,0000000,42.29805556,-89.21568056,1,1
17,63,11,23,17,45,1,2,1,1,13,3,0,9,0,2,1,2,2,30,1,1,2,1,0,0,3,1,0,0,17,45,17,99,18,99,0,0,0,0,1,2,1,170699,5750,2009,879,SR-47,JEFFERSON ST,0000000,41.35923056,-88.42162778,1,1
17,55,11,16,17,35,2,2,0,1,1,1,0,12,2,1,1,2,2,65,1,2,2,2,0,0,2,2,0,0,17,35,17,99,99,99,0,0,0,0,1,2,0,170700,0,2009,691,I-57,99999999999999999999,0000000,37.96113333,-88.93546389,2,2
17,197,11,20,20,0,8,12,0,1,11,1,0,12,7,15,1,2,2,55,1,1,1,1,0,0,3,1,0,0,20,2,20,99,99,99,0,19,0,0,1,6,0,170701,0,2009,3350,I-57,MANHATTAN ROAD,0000000,41.4257,-87.75936111,8,1
17,19,11,23,23,59,2,6,0,1,11,1,0,12,1,1,1,3,3,65,1,2,2,1,0,0,3,1,0,0,23,59,99,99,99,99,0,0,0,0,1,2,0,170702,8770,2009,1821,I-74,99999999999999999999,0000000,40.13506944,-88.228475,2,1
17,197,11,23,16,56,2,2,0,0,6,5,0,45,1,1,4,1,2,30,2,1,2,1,0,0,2,1,0,3,16,56,17,99,99,99,0,0,0,0,1,2,0,170703,0,2009,0,LEVERENZ RD,99999999999999999999,0000000,41.71782222,-88.18474444,1,1
17,197,11,28,6,57,1,1,0,1,1,1,0,1,0,1,4,3,3,55,2,1,2,1,0,0,4,1,0,0,6,59,99,99,99,99,0,0,0,0,1,7,0,170704,0,2009,2615,I-55,99999999999999999999,0000000,41.63936389,-88.15596944,1,1
17,177,11,24,19,17,1,2,0,0,4,4,0,1,0,1,4,1,2,30,1,1,2,2,0,0,2,2,0,0,19,17,19,99,99,99,0,0,0,0,1,3,0,170705,0,2009,0,CR-2,99999999999999999999,0000000,42.49340833,-89.78825556,1,2
17,31,11,28,23,40,1,1,0,1,11,1,0,1,0,1,1,3,3,65,1,1,2,1,0,0,3,1,0,0,23,43,23,99,99,99,0,0,0,0,1,7,1,170706,850,2009,3527,I-57,99999999999999999999,0000000,41.65551944,-87.66205833,1,1
17,97,11,18,14,47,2,4,0,0,14,4,0,12,5,1,1,2,2,99,1,2,2,2,0,0,1,2,0,0,14,47,99,99,99,99,0,0,0,0,1,4,0,170707,3670,2009,0,CR-45,99999999999999999999,0000000,42.38282222,-87.95320556,2,2
17,179,6,13,12,51,2,3,0,0,13,3,0,12,5,2,1,1,4,40,1,1,2,1,3,3,1,1,0,0,12,51,12,99,99,99,0,0,0,0,1,7,0,170708,2600,2009,381,SR-8,ILLINI DRIVE,0000000,40.67581111,-89.53534722,2,1
17,31,6,15,2,40,2,3,0,1,2,3,0,12,5,2,1,2,4,45,1,1,2,1,3,3,3,1,0,0,2,42,2,99,99,99,0,0,0,0,1,2,1,170709,0,2009,86,SR-43,143RD STREET,0000000,41.63158611,-87.79513889,2,1
17,175,11,15,0,1,1,1,0,0,4,4,0,52,0,1,4,1,2,55,2,2,2,1,0,0,2,1,0,0,7,26,99,99,88,88,0,0,0,0,1,1,0,170710,0,2009,0,CR-6,99999999999999999999,0000000,41.07298333,-89.87108333,1,1
17,31,11,20,14,49,2,2,0,0,13,6,0,12,2,2,1,1,4,40,1,1,2,1,0,0,1,1,0,0,14,49,14,99,99,99,0,0,0,0,1,6,0,170711,2890,2009,153,CRAWFORD AVENUE,PULASKI ROAD,0000000,41.72724722,-87.72164444,2,1
17,49,11,28,19,43,1,7,0,1,1,1,0,1,0,1,4,2,2,65,1,1,2,1,0,0,2,1,0,0,19,43,19,99,19,99,0,0,0,0,1,7,0,170712,0,2009,1481,I-57,99999999999999999999,0000000,38.97192222,-88.62366111,1,1
17,179,8,2,12,35,1,2,0,0,13,2,0,1,0,15,1,2,2,55,1,1,2,1,0,0,1,1,0,0,12,35,12,99,99,99,0,0,0,0,1,1,0,170713,2600,2009,905,US-24,SR-116,0000000,40.71292222,-89.53075278,1,1
17,1,11,21,3,50,2,3,0,1,2,2,0,12,2,1,1,1,2,55,2,1,2,1,28,3,2,1,0,0,3,56,3,99,99,99,0,0,0,0,1,7,1,170714,0,2009,165,US-24,99999999999999999999,0000000,40.02733611,-91.18902778,2,1
17,31,11,3,7,8,3,4,0,0,14,6,0,12,5,2,1,1,2,30,1,1,2,1,3,3,3,1,0,0,7,15,7,99,99,99,0,20,0,0,1,3,0,170715,1670,2009,0,63RD STREET,ST LAWRENCE AVENUE,0000000,41.78033333,-87.61078611,3,1
17,31,11,14,16,50,4,6,0,0,14,6,0,12,5,2,1,1,2,30,1,1,2,1,3,3,3,1,0,0,17,13,17,99,99,99,0,0,0,0,2,7,1,170716,1670,2009,66,75TH STREET,STATE STREET,0000000,41.75816667,-87.62474722,4,1
17,99,11,22,2,25,1,1,0,0,6,6,0,1,0,1,4,1,2,55,1,1,2,1,0,0,2,1,0,0,2,28,99,99,88,88,0,0,0,0,1,1,1,170717,0,2009,0,29TH ROAD,99999999999999999999,0000000,41.57745833,-88.61960556,1,1
17,183,11,22,0,3,1,2,0,0,4,4,0,18,0,1,4,1,2,55,1,1,2,1,0,0,2,1,0,0,0,3,0,99,99,99,0,0,0,0,1,1,1,170718,0,2009,0,CR-505,99999999999999999999,0000000,40.07383611,-87.59581389,1,1
17,31,11,28,5,59,2,2,0,1,1,1,0,12,7,1,1,2,4,99,1,1,1,1,0,0,3,1,0,0,6,0,6,99,99,99,0,0,0,0,1,7,1,170719,1670,2009,791,I-90,99999999999999999999,0000000,41.98406944,-87.84612778,2,1
17,119,11,11,16,53,1,1,0,1,1,1,0,18,0,1,1,3,2,65,1,2,2,1,0,0,5,1,0,1,16,53,16,99,99,99,0,0,0,0,1,4,0,170720,0,2009,243,I-55,99999999999999999999,0000000,38.82188889,-89.88537222,1,1
17,31,10,12,3,45,1,1,0,1,1,1,0,25,0,1,3,3,3,99,1,1,1,1,0,0,3,1,0,0,3,47,99,99,88,88,0,0,0,0,1,2,1,170722,1670,2009,823,I-90,99999999999999999999,0000000,41.98243056,-87.78408889,1,1
17,113,11,16,21,14,1,1,0,0,14,5,0,18,0,1,4,1,2,55,2,1,2,1,0,0,2,1,0,0,21,14,99,99,88,88,0,0,0,0,1,2,1,170723,0,2009,0,EAST STREET,99999999999999999999,0000000,40.39981944,-88.86759722,1,1
17,21,11,19,18,51,1,1,0,0,15,5,0,42,0,1,4,1,2,30,1,1,2,1,0,0,2,5,0,0,18,54,18,99,99,99,0,0,0,0,1,5,0,170725,0,2009,0,S HOUSTON ST,99999999999999999999,0000000,39.53376944,-89.31121944,1,5
17,103,11,17,0,22,1,2,0,0,6,6,0,34,0,1,4,1,2,55,1,1,2,1,0,0,2,1,0,0,0,22,0,99,99,99,0,0,0,0,2,3,1,170726,0,2009,0,TRACK ROAD,99999999999999999999,0000000,41.85321944,-89.26111111,1,1
17,23,11,17,21,44,1,1,0,0,16,6,0,42,0,1,4,1,2,30,1,1,2,2,0,0,2,2,0,0,21,44,21,99,99,99,0,0,0,0,1,3,0,170727,9220,2009,0,S WASHINGTON ST,99999999999999999999,0000000,39.44961111,-87.99627222,1,2
17,139,11,27,10,42,1,1,0,0,6,4,0,1,0,1,4,1,2,55,1,1,2,1,0,0,1,1,0,0,10,42,10,99,99,99,0,0,0,0,1,6,1,170728,0,2009,0,700E RD,99999999999999999999,0000000,39.71326111,-88.68172778,1,1
17,177,11,30,8,43,1,1,0,0,15,6,0,34,0,1,4,1,2,55,1,1,2,1,0,0,1,1,0,0,8,48,8,99,99,99,0,0,0,0,1,2,0,170729,0,2009,0,FAIRGROUNDS ROAD,99999999999999999999,0000000,42.26560556,-89.64875833,1,1
17,31,12,2,6,10,4,5,0,1,13,3,0,12,7,1,1,1,4,45,2,1,2,1,0,0,3,1,0,0,6,12,6,99,99,99,0,0,0,0,1,4,0,170730,2330,2009,202,SR-58,99999999999999999999,0000000,42.05397778,-87.87788889,4,1
17,119,12,6,1,35,1,1,0,0,13,3,0,35,0,2,4,1,2,45,1,1,2,4,20,3,2,1,0,0,1,35,99,99,88,88,0,0,0,0,1,1,1,170731,8165,2009,155,SR-111,WAGON WHEEL ROAD,0000000,38.81286944,-90.06713056,1,1
17,197,11,12,16,31,2,2,0,1,13,6,0,12,5,1,1,1,4,35,1,2,2,1,0,0,5,1,0,0,16,31,16,99,99,99,0,0,0,0,1,5,0,170732,2035,2009,0,LARKIN AVENUE,99999999999999999999,0000000,41.555075,-88.12568333,2,1
17,31,11,24,21,27,1,2,0,0,15,6,0,19,0,3,4,1,2,99,1,1,2,2,20,3,3,2,0,0,21,27,21,99,99,99,0,0,0,0,1,3,1,170733,1670,2009,0,HARRISON STREET,LOCKWOOD AVENUE,0000000,41.872925,-87.75740556,1,2
17,11,12,1,11,47,2,2,0,0,3,2,0,12,5,2,1,1,2,55,1,1,2,1,20,3,1,1,0,0,11,47,11,99,99,99,0,0,0,0,1,3,0,170734,0,2009,491,US-34,SR-40,0000000,41.36540833,-89.68493611,2,1
17,11,12,3,0,12,2,2,0,1,1,1,0,12,5,13,1,6,1,55,1,1,2,1,20,3,2,1,0,0,0,12,0,99,99,99,0,0,0,0,1,5,0,170735,0,2009,527,I-80,SR-40,0000000,41.38473056,-89.68604722,2,1
17,21,12,5,14,14,1,1,0,0,6,5,0,10,0,6,1,1,2,55,1,1,2,1,72,3,1,1,0,0,14,14,14,99,99,99,0,0,0,0,1,7,0,170736,0,2009,0,2100 EAST ROAD,SR-16,9999999,39.38594444,-89.13919444,1,1
17,157,11,30,18,58,1,2,0,0,14,4,0,1,0,1,2,1,2,45,2,2,2,1,0,0,2,1,0,0,18,58,19,99,99,99,0,0,0,0,1,2,0,170737,1660,2009,20,CR-6,99999999999999999999,0000000,37.89323611,-89.81654722,1,1
17,31,11,25,8,55,1,1,0,0,13,6,0,42,0,1,4,1,3,30,1,1,2,2,0,0,1,1,0,0,9,0,9,99,99,99,0,0,0,0,1,4,0,170738,1670,2009,94,W ROOSEVELT RD,99999999999999999999,0000000,41.86650278,-87.69969722,1,1
17,93,11,24,18,35,2,3,0,0,2,8,0,12,2,1,1,2,2,55,2,1,2,2,0,0,2,2,0,0,18,35,18,99,99,99,0,0,0,0,2,3,0,170739,0,2009,0,HILL AVE,99999999999999999999,0000000,41.71929444,-88.28255,2,2
17,93,12,12,8,36,2,3,0,0,6,6,0,12,5,1,1,1,2,55,1,1,2,1,0,0,1,1,0,0,8,36,8,99,99,99,0,0,0,0,1,7,1,170741,0,2009,0,COUNTY LINE ROAD,99999999999999999999,0000000,41.50938056,-88.59782778,2,1
17,167,11,28,14,0,3,3,0,0,15,6,0,12,2,1,1,1,2,40,1,1,2,1,0,0,1,1,0,0,14,0,14,99,99,99,0,0,0,0,1,7,0,170742,8220,2009,0,STANFORD,99999999999999999999,0000000,39.76492222,-89.66296389,3,1
17,139,12,8,9,50,2,2,0,0,5,4,0,12,5,2,1,1,2,55,1,1,2,1,20,3,1,1,0,0,10,0,10,99,99,99,0,0,0,0,1,3,0,170743,0,2009,0,CR-8,2400N,0000000,39.75394444,-88.52941389,2,1
17,103,12,4,0,20,1,2,0,0,4,4,0,42,0,1,4,1,2,55,1,2,2,1,28,3,2,1,0,0,0,20,0,99,99,99,0,0,0,0,1,6,1,170744,0,2009,0,CR-10,99999999999999999999,0000000,41.68799722,-88.94430833,1,1
17,111,10,10,16,36,1,2,1,0,16,6,0,8,0,2,1,1,2,99,1,1,2,1,21,3,1,1,0,0,16,36,16,99,16,99,0,0,0,0,1,7,0,170745,9560,2009,0,N TRYON ST,LINCOLN AVE,0000000,42.31691667,-88.45010278,1,1
17,31,11,9,17,44,1,2,1,1,13,2,0,8,0,2,1,2,3,30,1,1,2,1,0,0,2,1,0,0,17,44,17,99,17,99,0,0,0,0,1,2,0,170746,6400,2009,724,US-12,S KENTON AVE,0000000,41.72020556,-87.73589167,1,1
17,85,12,3,21,53,1,1,0,1,2,2,0,1,0,1,4,2,3,55,1,2,2,3,0,0,2,4,0,0,21,53,21,99,88,88,0,0,0,0,1,5,0,170747,0,2009,362,US-20,99999999999999999999,0000000,42.34661944,-90.10739444,1,4
17,197,11,25,1,10,2,2,0,1,1,1,0,12,1,1,1,2,2,65,1,1,1,2,0,0,2,2,0,0,1,13,1,99,99,99,0,0,0,0,1,4,0,170748,0,2009,2520,I-55,99999999999999999999,0000000,41.51114722,-88.19603611,2,2
17,51,12,11,14,25,2,6,0,0,4,2,0,12,2,1,1,1,2,55,1,1,2,1,0,0,1,1,0,0,14,28,14,99,99,99,0,0,0,0,1,6,0,170749,0,2009,833,US-40,99999999999999999999,0000000,39.02944444,-88.83072778,2,1
17,19,12,10,15,23,2,2,0,1,1,1,0,12,1,1,1,2,2,65,1,1,1,1,0,0,1,1,0,0,15,25,99,99,88,88,0,23,0,0,1,5,0,170751,0,2009,1874,I-74,99999999999999999999,0000000,40.12059167,-88.13378889,2,1
17,23,12,13,16,0,2,6,0,1,13,3,0,12,2,1,1,1,2,45,1,1,2,2,0,0,1,1,0,0,16,17,16,99,99,99,0,0,0,0,1,1,0,170752,5310,2009,1535,SR-1,99999999999999999999,0000000,39.39371389,-87.69376111,2,1
17,83,12,13,16,50,2,2,0,1,2,2,0,12,2,1,1,1,2,55,1,1,2,1,0,0,5,1,0,0,16,50,16,99,99,99,0,0,0,0,1,1,0,170753,0,2009,119,US-67,99999999999999999999,0000000,39.01425278,-90.242075,2,1
17,21,12,5,2,0,1,1,0,0,2,3,0,32,0,1,4,1,2,55,1,1,2,1,0,0,3,1,0,0,6,59,6,99,99,99,0,0,0,0,1,7,1,170754,0,2009,895,SR-16,99999999999999999999,0000000,39.36879722,-89.18296667,1,1
17,163,12,17,13,47,1,2,0,1,11,1,0,42,0,1,4,2,2,65,2,1,1,1,0,0,1,1,0,0,13,47,99,99,88,88,0,0,0,0,1,5,0,170755,6060,2009,270,I-64,99999999999999999999,0000000,38.5382,-89.73089444,1,1
17,105,12,16,18,56,2,2,0,0,3,3,0,12,5,2,1,1,2,55,1,1,2,1,20,3,3,1,0,0,18,58,18,99,99,99,0,0,0,0,1,4,0,170756,0,2009,1297,SR-23,SR-17,0000000,41.06146111,-88.83301389,2,1
17,119,12,17,11,1,2,2,0,0,13,3,0,12,5,2,1,2,2,45,1,2,2,1,3,3,1,1,0,0,11,1,11,99,99,99,0,0,0,0,1,5,1,170757,160,2009,260,SR-140,FOSTERBURG ROAD,0000000,38.90745833,-90.12246389,2,1
17,31,6,11,2,47,2,3,0,0,13,3,0,12,5,1,1,1,4,35,1,1,2,2,0,0,3,2,0,0,2,47,2,99,99,99,0,0,0,0,1,5,2,170758,8090,2009,3074,SR-1,99999999999999999999,0000000,41.48775556,-87.63872222,2,2
17,141,9,30,19,5,2,3,0,0,3,3,0,12,1,1,1,1,2,55,1,1,2,9,0,0,5,1,0,0,19,8,19,99,99,99,0,0,0,0,1,4,1,170759,0,2009,229,SR-38,99999999999999999999,0000000,41.91896944,-89.11245,2,1
17,37,11,24,8,28,2,3,0,0,4,4,0,12,2,1,1,1,2,55,1,1,2,2,0,0,1,5,0,0,8,28,8,99,99,99,0,0,0,0,1,3,0,170760,0,2009,0,CR-15,99999999999999999999,0000000,42.03381389,-88.62593611,2,5
17,167,12,19,6,8,1,1,0,1,11,1,0,29,0,15,8,3,2,65,1,1,1,4,0,0,3,3,0,0,6,8,6,99,6,99,0,0,0,0,1,7,0,170761,8220,2009,995,I-55,SANGAMON AVENUE,0000000,39.83215,-89.59300833,1,3
17,31,11,25,18,53,1,3,2,0,14,6,0,8,0,1,1,1,2,40,1,1,2,2,0,0,2,2,0,0,18,53,18,99,99,99,0,0,0,0,1,4,0,170762,1680,2009,31,WESTERN AVENUE,99999999999999999999,0000000,41.509525,-87.67436389,1,2
17,31,12,9,14,50,1,1,0,1,2,2,0,33,0,1,4,1,2,30,1,1,2,3,0,0,1,4,0,0,14,53,14,99,99,99,0,0,0,0,1,4,0,170763,1670,2009,840,US-20,99999999999999999999,0000000,41.70398333,-87.52588611,1,4
17,123,12,11,1,8,1,1,0,0,4,4,0,35,0,1,4,1,2,55,1,2,2,1,0,0,2,1,0,0,1,8,99,99,88,88,0,0,0,0,1,6,1,170764,0,2009,0,CR-1,99999999999999999999,0000000,40.98582778,-89.16701389,1,1
17,197,12,23,7,15,2,4,0,0,3,3,0,12,5,1,1,2,2,55,1,1,2,3,0,0,1,2,0,0,7,22,7,99,99,99,0,0,0,0,1,4,1,170765,0,2009,143,SR-50,99999999999999999999,0000000,41.29636389,-87.80927778,2,2
17,41,12,17,13,9,2,4,0,1,2,2,0,12,1,1,1,2,2,55,1,2,2,1,0,0,1,1,0,0,13,9,13,99,99,99,0,0,0,0,1,5,0,170766,0,2009,1827,US-36,99999999999999999999,0000000,39.79191944,-88.15575556,2,1
17,45,12,16,10,34,1,1,0,1,2,3,0,1,0,1,4,1,2,55,1,1,2,1,0,0,1,1,0,0,10,40,99,99,88,88,0,0,0,0,1,4,0,170767,0,2009,2460,SR-1,99999999999999999999,0000000,39.74273611,-87.68428889,1,1
17,143,12,24,2,17,1,1,0,0,16,6,0,42,0,1,4,2,2,35,2,1,2,2,0,0,2,2,0,0,2,18,2,99,99,99,0,0,0,0,1,5,1,170768,6850,2009,0,W DETWEILLER DR,99999999999999999999,0000000,40.78671111,-89.59753056,1,2
17,173,12,21,17,58,2,4,0,0,2,3,0,12,5,2,1,2,2,55,1,1,2,1,20,3,2,1,0,0,18,15,18,99,18,99,0,0,0,0,1,2,1,170769,0,2009,1138,SR-16,2100E RD,0000000,39.40529444,-88.75185,2,1
17,197,12,11,7,52,2,2,0,0,14,4,0,12,5,1,1,2,2,55,1,1,2,2,0,0,1,1,0,0,7,52,7,99,7,99,0,0,0,0,1,6,0,170770,4300,2009,0,CR-5,99999999999999999999,0000000,41.56475278,-88.23512778,2,1
17,43,8,14,6,11,5,1,0,1,13,3,0,14,6,1,5,1,4,45,1,1,2,1,0,0,1,1,0,0,6,11,6,99,99,99,0,0,0,0,1,6,0,170771,0,2009,297,SR-59,99999999999999999999,0000000,41.93004444,-88.20874444,1,1
17,31,9,9,18,37,2,5,0,0,16,6,0,12,2,1,1,1,4,30,1,1,2,1,0,0,2,1,0,0,18,37,18,99,99,99,0,0,0,0,1,4,1,170772,1670,2009,0,HAMLIN AVENUE,99999999999999999999,0000000,41.88726389,-87.72098056,2,1
17,31,9,20,19,49,1,3,1,0,2,6,0,8,0,2,1,1,6,30,1,1,2,2,3,3,3,2,0,0,19,49,19,99,99,99,0,0,0,0,1,1,0,170773,1670,2009,79,MICHIGAN AVENUE,OAK STREET,0000000,41.90080278,-87.62413056,1,2
17,31,9,28,20,40,1,2,1,0,15,6,0,8,0,1,1,1,2,30,1,1,2,1,0,0,1,1,0,0,20,50,20,99,99,99,0,0,0,0,1,2,0,170774,1670,2009,0,75TH STREET,99999999999999999999,0000000,41.75884444,-87.57958611,1,1
17,197,10,22,12,2,1,1,0,1,2,3,0,1,0,1,4,1,2,55,1,1,2,2,0,0,1,1,0,0,12,2,12,99,99,99,0,0,0,0,1,5,0,170775,4001,2009,158,SR-7,99999999999999999999,0000000,41.59968889,-87.94446111,1,1
17,31,11,24,16,56,1,2,1,1,13,2,0,8,0,2,1,3,6,40,1,1,2,2,3,3,2,2,0,0,16,56,16,99,99,99,0,0,0,0,1,3,0,170776,1260,2009,1754,US-6,RING ROAD,0000000,41.59544722,-87.55876667,1,2
17,119,12,19,22,2,1,1,0,0,6,6,0,42,0,1,4,1,2,35,1,1,2,1,0,0,3,1,0,0,22,2,99,99,88,88,0,0,0,0,1,7,1,170777,0,2009,0,RIGGIN ROAD,99999999999999999999,0000000,38.75425556,-89.89322222,1,1
17,163,12,3,15,30,1,1,0,0,14,6,0,30,0,2,4,1,2,45,1,1,2,1,3,3,1,1,0,0,15,31,99,99,88,88,0,0,0,0,1,5,0,170778,670,2009,0,GREENMOUNT ROAD,PROGRESS DRIVE,0000000,38.52493611,-89.92869722,1,1
17,163,12,16,19,6,1,3,0,0,6,6,0,34,0,1,4,1,2,45,1,2,2,1,0,0,2,1,0,0,19,6,19,99,99,99,0,0,0,0,1,4,0,170779,0,2009,0,ALGONQUIN FOREST,99999999999999999999,0000000,38.407,-90.11026667,1,1