STATE,COUNTY,MONTH,DAY,HOUR,MINUTE,VE_TOTAL,PERSONS,PEDS,NHS,ROAD_FNC,ROUTE,SP_JUR,HARM_EV,MAN_COLL,REL_JUNC,REL_ROAD,TRAF_FLO,NO_LANES,SP_LIMIT,ALIGNMNT,PROFILE,PAVE_TYP,SUR_COND,TRA_CONT,T_CONT_F,LGT_COND,WEATHER1,WEATHER2,WRK_ZONE,NOT_HOUR,NOT_MIN,ARR_HOUR,ARR_MIN,HOSP_HR,HOSP_MN,SCH_BUS,CF1,CF2,CF3,FATALS,DAY_WEEK,DRUNK_DR,ST_CASE,CITY,YEAR,MILEPT,TWAY_ID,TWAY_ID2,RAIL,LATITUDE,LONGITUD,VE_FORMS,WEATHER
17,43,12,7,17,28,1,1,0,0,16,6,0,53,0,1,4,1,2,25,1,1,2,2,0,0,3,1,0,0,17,33,17,99,99,99,0,0,0,0,1,2,0,170780,2225,2009,0,79TH STREET,99999999999999999999,0000000,41.74513611,-87.96634722,1,1
17,31,12,20,21,30,4,5,0,1,11,1,0,25,0,1,3,3,6,99,1,1,2,2,0,0,3,4,0,0,21,32,21,99,99,99,0,0,0,0,1,1,1,170781,8300,2009,2865,I-55,99999999999999999999,0000000,41.81543056,-87.74803889,4,4
17,31,12,22,19,0,1,1,0,1,11,1,0,30,0,13,8,6,1,99,1,1,1,2,0,0,3,1,0,0,19,30,19,99,99,99,0,0,0,0,1,3,0,170782,1270,2009,0,I-57,VERMONT AVENUE,0000000,41.660225,-87.66223889,1,1
17,43,12,10,17,27,1,1,0,0,14,6,0,10,0,6,1,1,2,99,1,2,2,4,70,3,3,4,0,0,17,30,99,99,88,88,0,0,0,0,1,5,1,170783,740,2009,0,YORK ROAD,RAILROAD AVENUE,372170V,41.956625,-87.93958056,1,4
17,77,12,11,19,56,2,1,0,0,14,6,0,53,0,1,4,1,2,45,2,3,2,1,0,0,2,1,0,0,19,56,99,99,88,88,0,0,0,0,1,6,1,170784,1350,2009,21,WALNUT STREET,99999999999999999999,0000000,37.73391111,-89.16589167,1,1
17,55,12,14,8,9,2,3,0,0,3,3,0,12,2,2,1,1,2,55,2,2,2,1,0,0,1,1,0,0,8,9,8,99,99,99,0,0,0,0,1,2,0,170785,0,2009,439,SR-149,MOORE ROAD,0000000,37.91424722,-88.79911389,2,1
17,31,11,26,3,10,2,8,1,1,13,3,0,8,0,1,1,2,3,30,1,2,2,2,0,0,3,2,0,0,3,10,3,99,99,99,0,0,0,0,1,5,1,170786,1670,2009,483,SR-50,99999999999999999999,0000000,41.7735,-87.74214444,2,2
17,89,12,13,23,51,1,1,0,1,2,3,0,24,0,1,4,1,2,55,2,1,2,2,0,0,2,1,0,0,23,51,23,99,99,99,0,0,0,0,1,1,1,170787,0,2009,945,SR-64,99999999999999999999,0000000,41.93923056,-88.46084167,1,1
17,157,12,9,21,33,1,2,0,0,5,4,0,35,0,1,4,1,2,55,1,1,2,1,0,0,2,1,0,0,21,33,99,99,99,99,0,0,0,0,1,4,1,170788,0,2009,0,CR-18,99999999999999999999,0000000,38.19025833,-89.75650278,1,1
17,99,12,29,14,0,2,2,0,0,4,2,0,12,2,1,1,1,2,55,1,1,2,2,0,0,1,1,0,0,14,5,14,99,99,99,0,0,0,0,1,3,0,170789,0,2009,396,US-251,99999999999999999999,0000000,41.19230833,-89.067375,2,1
17,31,12,3,8,47,1,1,0,0,6,6,0,42,0,2,4,1,2,25,1,1,2,1,28,3,1,1,0,0,8,47,8,99,8,99,0,0,0,0,1,5,0,170790,0,2009,0,COSMAN RD,WINSTON DR,0000000,42.01449444,-88.01396944,1,1
17,179,6,4,6,17,2,2,0,0,4,4,0,12,5,2,1,2,2,55,1,2,2,1,0,0,1,1,0,0,6,17,6,99,6,99,0,0,0,0,1,5,0,170791,0,2009,0,CR-12,OLYMPIA,0000000,40.39778056,-89.31239444,2,1
17,121,12,24,11,20,2,4,0,1,2,2,0,12,5,2,1,3,2,65,1,2,2,2,20,3,1,2,0,0,11,20,11,99,11,99,0,0,0,0,1,5,0,170792,0,2009,1125,US-51,GREENVIEW CHURCH RD,0000000,38.48122222,-89.14415556,2,2
17,97,12,31,18,20,1,2,1,1,13,2,0,8,0,2,1,3,2,99,1,1,2,8,2,3,2,1,0,0,18,20,18,99,18,99,0,0,0,0,1,5,0,170793,4650,2009,284,US-12,PHEASANT RIDGE RD,0000000,42.18364722,-88.08718333,1,1
17,107,12,27,23,30,1,3,1,1,1,1,0,8,0,1,1,2,3,65,1,1,1,3,0,0,2,1,0,0,23,30,23,99,99,99,0,0,0,0,1,1,0,170794,0,2009,1119,I-55,99999999999999999999,0000000,39.98790556,-89.51780278,1,1
17,179,12,12,17,38,2,3,0,1,1,1,0,12,2,1,1,2,2,65,1,1,1,4,0,0,2,3,0,0,17,38,17,99,17,99,0,0,0,0,1,7,1,170795,0,2009,149,I-155 MP 15,99999999999999999999,0000000,40.37620278,-89.45574722,2,3
17,67,12,28,11,13,2,6,0,0,3,3,0,12,11,1,1,1,2,45,1,3,2,1,0,0,1,1,0,0,11,37,11,99,99,99,0,14,0,0,1,2,0,170796,0,2009,1014,SR-96,99999999999999999999,0000000,40.38406667,-91.340975,2,1
17,31,12,15,12,20,3,5,1,0,15,6,0,12,1,3,1,1,2,99,1,1,2,1,0,0,1,1,0,0,12,30,12,99,99,99,0,0,0,0,1,3,0,170797,1670,2009,19,DIVERSEY AVENUE,AVERS AVENUE,0000000,41.93184444,-87.72328333,2,1
17,31,12,21,20,50,1,3,2,0,16,6,0,8,0,1,1,1,2,99,1,1,2,1,0,0,3,1,0,0,20,55,20,99,99,99,0,20,0,0,1,2,1,170798,1670,2009,0,GREENVIEW AVENUE,99999999999999999999,0000000,42.01046667,-87.66793611,1,1
17,99,12,13,3,49,1,1,0,0,4,4,0,1,0,1,4,1,2,99,1,1,2,4,0,0,3,8,0,0,3,49,99,99,88,88,0,0,0,0,1,1,1,170799,0,2009,0,CR-2,99999999999999999999,0000000,41.56028056,-88.70632778,1,8
17,117,12,27,6,13,2,3,0,0,2,3,0,12,9,1,1,1,2,55,1,1,2,3,0,0,2,4,0,0,6,13,6,99,99,99,0,0,0,0,1,1,1,170800,0,2009,520,SR-16,99999999999999999999,0000000,39.17183611,-89.74638333,2,4
17,31,10,6,16,48,2,10,0,0,14,8,0,12,1,1,1,2,2,30,1,1,2,2,0,0,1,2,0,0,16,58,16,99,99,99,0,0,0,0,1,3,0,170802,1670,2009,14,COTTAGE GROVE,99999999999999999999,0000000,41.74369167,-87.60510833,2,2
17,119,12,20,2,43,1,2,0,0,14,6,0,42,0,1,4,1,2,45,2,1,2,1,0,0,2,1,0,0,2,43,2,99,99,99,0,0,0,0,2,1,1,170803,0,2009,0,HUMBERT ROAD,99999999999999999999,0000000,38.94361389,-90.16241667,1,1
17,97,12,26,15,0,2,4,0,1,13,3,0,12,2,2,1,1,2,99,1,1,2,3,3,3,1,3,0,0,15,0,15,99,99,99,0,0,0,0,2,7,0,170804,4620,2009,161,SR-60,ACADEMY ROAD,0000000,42.24004722,-87.8859,2,3
17,31,10,9,12,36,1,6,1,0,15,6,0,8,0,1,1,1,2,30,1,1,2,2,0,0,1,2,0,0,12,37,12,99,99,99,0,0,0,0,1,6,0,170805,1670,2009,0,NARRAGANSETT,99999999999999999999,0000000,41.778525,-87.78131389,1,2
17,31,10,22,21,16,1,2,1,0,14,6,0,8,0,2,1,9,2,30,1,1,2,2,3,3,3,2,0,0,21,18,21,99,21,99,0,99,99,99,1,5,0,170806,1670,2009,0,KEDZIE,MILWAUKEE,0000000,41.92910278,-87.70749444,1,2
17,31,11,8,17,5,3,2,1,0,16,6,0,14,7,1,7,1,2,25,1,1,2,1,0,0,1,1,0,0,17,17,17,99,99,99,0,0,0,0,1,1,0,170807,1670,2009,0,105TH STREET,99999999999999999999,0000000,41.70455556,-87.53275278,1,1
17,31,11,19,12,55,2,5,0,0,15,6,0,12,2,1,1,1,2,99,1,1,2,2,0,0,1,2,0,0,12,59,12,99,99,99,0,0,0,0,1,5,0,170808,1670,2009,0,STATE STREET,99999999999999999999,0000000,41.78897778,-87.62558056,2,2
17,15,11,6,18,55,1,2,1,0,3,3,0,8,0,1,1,1,2,30,1,1,2,1,0,0,3,1,0,0,18,55,18,99,99,99,0,0,0,0,1,6,0,170809,7890,2009,43,SR-72,99999999999999999999,0000000,42.15463611,-89.73946944,1,1
17,99,12,8,18,10,3,4,0,0,2,3,0,12,1,1,1,1,2,55,1,2,2,4,0,0,2,2,0,0,18,10,18,99,99,99,0,0,0,0,1,3,2,170810,0,2009,373,SR-71,99999999999999999999,0000000,41.391725,-88.76115278,3,2
17,31,10,14,6,43,2,3,0,1,13,2,0,12,2,2,1,2,2,40,1,1,2,2,3,3,1,2,0,0,6,43,6,99,6,99,0,0,0,0,1,4,0,170811,6690,2009,3632,US-45,131ST ST,0000000,41.65231389,-87.85406667,2,2
17,31,11,1,23,50,1,1,0,1,13,6,0,21,0,1,4,3,2,40,1,1,2,1,0,0,3,1,0,0,23,50,23,55,88,88,0,0,0,0,1,1,1,170812,1670,2009,0,WESTERN AVENUE,99999999999999999999,0000000,41.86376944,-87.686025,1,1
17,31,11,6,22,28,1,2,1,0,15,6,0,8,0,2,1,1,2,35,1,1,2,1,3,3,3,1,0,0,22,30,22,99,22,99,0,0,0,0,1,6,0,170813,1670,2009,0,HARRISON,FINANCIAL,0000000,41.87448889,-87.632625,1,1
17,197,12,13,15,2,2,3,0,0,14,2,0,12,5,2,1,2,2,40,1,1,2,1,3,3,1,1,0,0,15,2,15,99,15,99,0,0,0,0,1,1,0,170814,6140,2009,1513,US-6,CEDAR ROAD,0000000,41.54834444,-87.96698333,2,1
17,31,12,6,2,55,2,3,0,0,15,8,0,12,5,2,1,2,2,25,1,1,2,1,0,0,2,1,0,0,3,0,3,99,3,99,0,0,0,0,1,1,1,170815,1670,2009,16,CALIFORNIA,58TH ST,0000000,41.78823333,-87.69366389,2,1
17,115,12,20,13,19,2,3,0,1,13,2,0,12,5,2,1,3,2,55,1,2,2,2,1,3,1,4,0,0,13,19,13,99,13,99,0,0,0,0,1,1,0,170816,2250,2009,1355,US-36,PARKWAY CROSSING DR,0000000,39.84766389,-89.021975,2,4
17,31,9,7,11,49,2,3,0,0,13,6,0,12,5,1,1,1,2,40,1,1,2,1,0,0,1,1,0,0,11,49,11,99,99,99,0,0,0,0,2,2,0,170817,6650,2009,0,QUENTIN ROAD,99999999999999999999,0000000,42.13683611,-88.06298333,2,1
17,31,10,30,12,8,1,1,0,0,15,6,0,42,0,1,4,1,2,45,1,1,2,2,0,0,1,2,0,0,12,22,12,99,99,99,0,0,0,0,1,6,1,170818,0,2009,0,ASHLAND AVENUE,99999999999999999999,0000000,41.47352222,-87.654075,1,2
17,31,10,30,18,0,1,2,1,0,14,6,0,9,0,1,1,1,4,35,1,1,2,2,0,0,5,8,0,0,18,12,18,99,99,99,0,0,0,0,1,6,0,170819,0,2009,37,GRAND AVENUE,99999999999999999999,0000000,41.92925833,-87.84776944,1,8
17,141,10,10,2,53,1,2,1,0,14,3,0,8,0,1,1,1,2,55,1,1,2,1,0,0,2,1,0,0,2,53,2,99,99,99,0,0,0,0,1,7,0,170820,7410,2009,24,SR-38,99999999999999999999,0000000,41.91926667,-89.08873611,1,1
17,143,10,31,2,15,1,2,0,0,16,6,0,42,0,1,4,1,2,30,2,1,2,2,0,0,2,1,0,0,2,15,2,99,99,99,0,0,0,0,1,7,1,170821,0,2009,0,2ND STREET,99999999999999999999,0000000,40.88098611,-89.50140278,1,1
17,181,11,29,0,50,1,3,1,1,2,2,0,8,0,1,1,1,2,55,1,1,2,1,0,0,2,1,0,0,0,50,99,99,88,88,0,0,0,0,1,1,0,170822,0,2009,292,US-51,99999999999999999999,0000000,37.38181667,-89.159675,1,1
17,53,12,5,2,25,1,1,0,0,4,4,0,1,0,1,4,1,2,55,1,1,2,1,0,0,2,1,0,0,2,25,99,99,88,88,0,0,0,0,1,7,1,170823,0,2009,0,CR-17,99999999999999999999,0000000,40.42976667,-88.02667778,1,1
17,31,11,20,14,44,1,1,0,0,16,6,0,42,0,1,4,1,4,25,2,1,2,1,0,0,1,1,0,0,14,45,14,99,99,99,0,0,0,0,1,6,0,170824,5870,2009,0,HUNTINGTON COMMONS R,99999999999999999999,0000000,42.04095833,-87.94924722,1,1
17,89,10,19,8,5,1,1,0,0,4,4,0,1,0,1,4,2,2,55,1,1,2,1,0,0,1,1,0,0,8,5,8,99,99,99,0,0,0,0,1,2,0,170825,0,2009,0,CR-22,99999999999999999999,0000000,42.04898889,-88.43419167,1,1
17,31,10,27,19,6,1,3,1,0,14,6,0,8,0,1,1,2,2,30,1,1,2,2,0,0,3,2,0,0,19,6,19,99,99,99,0,0,0,0,1,3,0,170826,2870,2009,53,SHERIDAN RD,99999999999999999999,0000000,42.05306111,-87.67729167,1,2
17,31,10,28,5,5,1,3,0,0,16,6,0,42,0,13,4,6,1,20,1,1,2,2,0,0,3,1,0,0,5,6,5,99,5,99,0,20,0,0,1,4,0,170827,1670,2009,0,CONGRESS PKY,PAULINA,0000000,41.87512778,-87.66904444,1,1
17,97,11,21,18,7,1,3,1,0,13,3,0,8,0,1,1,3,3,40,1,1,2,1,0,0,2,1,0,0,18,7,18,99,99,99,0,0,0,0,1,7,0,170828,3670,2009,105,SR-132,99999999999999999999,0000000,42.37804444,-87.93778056,1,1
17,31,12,6,7,50,1,1,0,0,16,6,0,3,0,1,5,4,2,55,2,1,2,1,0,0,1,1,0,0,7,51,7,99,99,99,0,0,0,0,1,1,0,170829,1670,2009,0,RANDOLPH ST,99999999999999999999,0000000,41.88446667,-87.61311944,1,1
17,113,12,6,21,15,1,1,0,0,16,9,0,42,0,1,10,1,2,55,1,1,2,1,0,0,2,1,0,0,21,17,99,99,88,88,0,0,0,0,1,1,0,170830,0,2009,4,GIVENS ROAD,99999999999999999999,0000000,40.40248889,-88.90637778,1,1
17,97,12,7,10,40,1,1,0,0,14,6,0,30,0,1,4,1,4,99,1,1,2,2,0,0,1,1,0,0,10,45,99,99,99,99,0,0,0,0,1,2,0,170831,2270,2009,2,DEERFIELD ROAD,99999999999999999999,0000000,42.16723611,-87.83005556,1,1
17,37,12,4,0,30,1,1,0,0,3,3,0,1,0,1,1,2,2,55,1,1,2,1,0,0,2,1,0,0,0,37,0,99,99,99,0,0,0,0,1,6,1,170832,0,2009,719,SR-23,99999999999999999999,0000000,41.73695833,-88.74946944,1,1
17,31,12,11,20,23,1,2,1,1,13,3,0,8,0,2,1,1,4,35,1,1,2,3,0,0,3,3,0,0,20,23,99,99,99,99,0,0,0,0,1,6,0,170833,0,2009,313,SR-171,SCHOOL STREET,0000000,41.87993611,-87.834025,1,3
17,111,12,7,16,50,4,4,0,0,13,3,0,12,2,1,1,1,2,50,1,1,2,1,0,0,5,1,0,0,16,51,99,99,99,99,0,0,0,0,1,2,0,170834,9997,2009,195,SR-176,99999999999999999999,0000000,42.26583333,-88.24231111,4,1
17,31,11,9,5,46,4,5,0,0,14,3,0,12,2,2,1,2,2,99,1,1,2,1,0,0,3,1,0,0,5,46,5,99,5,99,0,0,0,0,1,2,0,170835,8367,2009,55,SR-19,VINE ST,0000000,42.01068889,-88.168625,4,1
17,31,11,25,10,35,2,2,0,0,14,8,0,12,2,1,1,2,2,45,1,1,2,2,0,0,1,1,0,0,10,37,10,99,99,99,0,0,0,0,1,4,0,170836,0,2009,14,GOLF RD,99999999999999999999,0000000,42.05537778,-87.77134167,2,1
17,31,11,28,17,10,1,2,1,0,13,3,0,8,0,2,1,2,2,30,1,1,2,1,3,3,3,1,0,0,17,10,17,99,17,99,0,0,0,0,1,7,0,170837,1680,2009,3085,SR-001,CHICAGO RD,0000000,41.50427222,-87.640825,1,1
17,89,11,28,13,47,2,3,0,0,14,6,0,12,5,4,1,2,2,30,1,1,2,1,20,3,1,1,0,0,13,47,13,99,88,88,0,0,0,0,1,7,0,170838,460,2009,0,SULLIVAN RD,N RANDALL RD,0000000,41.78846389,-88.34587222,2,1
17,31,11,22,21,43,2,3,0,1,11,1,0,12,7,1,1,2,3,99,1,1,1,1,0,0,3,1,0,1,21,46,99,99,99,99,0,0,0,0,1,1,0,170839,2390,2009,710,I-94,99999999999999999999,0000000,41.62863611,-87.57860833,2,1
17,35,11,7,18,40,2,3,0,0,4,2,0,12,1,1,1,1,2,55,1,1,2,1,0,0,2,1,0,0,18,40,99,99,99,99,0,0,0,0,1,7,2,170840,0,2009,1860,US-45,99999999999999999999,0000000,39.30133333,-88.46099167,2,1
17,77,12,28,4,17,1,2,0,0,14,5,0,1,0,1,4,1,2,45,1,3,2,1,0,0,2,1,0,0,4,17,4,99,99,99,0,0,0,0,1,2,1,170842,0,2009,0,REED STATION RD,99999999999999999999,0000000,37.76396389,-89.15162778,1,1
17,111,10,25,2,56,1,7,0,1,13,3,0,33,0,2,4,1,4,40,2,1,2,1,0,0,3,1,0,0,3,5,99,99,99,99,0,0,0,0,1,1,0,170843,4626,2009,170,SR-120,TIA JUANA DRIVE,0000000,42.33219444,-88.2054,1,1
17,105,10,2,10,52,2,2,0,0,4,4,0,12,5,2,1,1,2,55,1,1,2,1,20,3,1,1,0,0,10,52,99,99,99,99,0,0,0,0,1,6,0,170844,0,2009,0,CR-8,1500 EAST ROAD,0000000,40.80056667,-88.64182222,2,1
17,93,11,29,0,35,1,1,0,0,6,5,0,42,0,1,4,1,2,55,1,1,2,1,0,0,2,5,0,0,0,38,0,99,99,99,0,0,0,0,1,1,1,170845,0,2009,0,HOPKINS RD,99999999999999999999,0000000,41.578325,-88.37705,1,5
17,123,11,24,17,51,1,2,0,0,3,3,0,42,0,1,4,2,2,55,2,1,2,2,0,0,2,2,0,0,17,59,18,99,99,99,0,0,0,0,1,3,0,170846,0,2009,239,SR-89,99999999999999999999,0000000,41.09908056,-89.20160278,1,2
17,43,11,21,16,26,2,2,0,1,13,3,0,12,5,2,1,2,2,99,1,1,2,1,3,3,5,1,0,0,16,26,16,99,99,99,0,0,0,0,1,7,0,170847,3416,2009,1158,SR-64,MAIN STREET,0000000,41.90330278,-88.06310833,2,1
17,143,12,29,0,1,1,1,0,0,4,3,0,35,0,1,4,1,2,55,1,2,2,9,0,0,2,1,0,0,6,1,6,99,99,99,0,0,0,0,1,3,1,170848,0,2009,174,SR-91,99999999999999999999,0000000,40.958675,-89.75476111,1,1
17,31,11,21,19,20,2,2,0,0,14,6,0,12,7,1,2,3,2,30,1,1,2,1,3,3,3,1,0,0,19,27,19,99,99,99,0,0,0,0,1,7,0,170849,1670,2009,0,HALSTED STREET,99999999999999999999,0000000,41.75793889,-87.64424722,2,1
17,31,12,31,4,20,1,2,0,0,14,6,0,30,0,2,4,1,2,45,1,1,2,3,3,3,2,4,0,0,4,20,4,99,99,99,0,0,0,0,1,5,1,170850,0,2009,60,JUSTAMERE ROAD,OAK PARK AVENUE,0000000,41.62441667,-87.78489722,1,4
17,197,12,11,13,56,2,2,0,0,12,6,0,12,5,10,1,6,1,45,1,1,1,1,3,3,1,1,0,0,13,56,13,99,99,99,0,0,0,0,1,6,1,170851,4910,2009,0,ORLAND PARK ROAD,143RD STREET,0000000,41.62726944,-88.01170556,2,1
17,31,12,7,4,50,2,2,0,1,13,2,0,12,4,1,1,1,2,99,1,1,2,3,0,0,3,4,0,0,6,45,6,99,99,99,0,0,0,0,1,2,0,170852,1670,2009,799,US-12,99999999999999999999,0000000,41.72228611,-87.59064722,2,4
17,31,12,17,21,44,2,4,0,0,15,6,0,12,5,2,1,2,2,30,1,1,2,1,3,3,3,1,0,0,21,44,21,99,21,99,0,0,0,0,1,5,0,170853,1670,2009,0,59TH ST,LOOMIS AVE,0000000,41.78682778,-87.65955278,2,1
17,31,12,18,19,38,1,2,1,0,14,6,0,8,0,2,1,1,2,30,1,1,2,2,0,0,3,3,0,0,19,40,19,99,19,99,0,0,0,0,1,6,0,170854,1670,2009,0,CENTRAL AVE,W POTOMAC AVE,0000000,41.90394444,-87.76572222,1,3
17,43,10,5,3,30,1,2,0,0,16,6,0,42,0,1,4,1,2,30,2,2,2,1,0,0,2,1,0,0,5,1,5,99,99,99,0,0,0,0,1,2,0,170856,9290,2009,0,DURFEE ROAD,99999999999999999999,0000000,41.83903333,-88.14039722,1,1
17,43,11,10,20,38,1,1,0,0,14,6,0,25,0,15,3,3,2,99,1,1,2,1,0,0,2,1,0,0,20,38,20,99,99,99,0,0,0,0,1,3,1,170857,6378,2009,31,22ND STREET,WINDSOR DRIVE,0000000,41.84763889,-87.92206389,1,1
17,115,12,30,8,40,2,2,0,0,4,4,0,12,5,2,1,1,2,55,1,1,2,4,20,3,1,4,0,0,8,47,8,99,99,99,0,0,0,0,1,4,0,170858,0,2009,0,CR-59,RIDGE ROAD,0000000,39.83517778,-88.82166389,2,4
17,141,12,7,6,2,1,1,0,0,2,3,0,34,0,1,4,1,2,99,1,1,2,4,0,0,2,4,0,0,6,2,6,99,99,99,0,0,0,0,1,2,0,170859,0,2009,328,SR-2,99999999999999999999,0000000,42.06886389,-89.33318611,1,4
17,119,11,20,22,22,1,4,0,0,15,6,0,5,0,1,1,1,2,30,2,2,2,1,0,0,3,1,0,0,22,22,22,99,99,99,0,0,0,0,1,6,1,170860,3400,2009,0,GLENN CROSSING ROAD,99999999999999999999,0000000,38.75236944,-89.97175278,1,1
17,63,12,6,16,50,1,1,0,0,16,6,0,34,0,1,4,1,2,99,1,1,2,1,0,0,2,1,0,0,16,54,16,99,99,99,0,0,0,0,1,1,0,170861,0,2009,0,ASHTON ROAD,99999999999999999999,0000000,41.38869444,-88.46102778,1,1
17,75,10,28,9,55,1,1,0,0,4,2,0,34,0,1,4,2,2,99,2,1,2,2,0,0,1,5,0,0,9,55,9,99,99,99,0,0,0,0,1,4,0,170862,0,2009,2048,US-52,99999999999999999999,0000000,40.89078611,-87.616825,1,5
17,163,11,9,22,34,1,3,1,0,15,6,0,8,0,1,1,2,2,40,1,1,2,1,0,0,2,1,0,0,22,34,22,39,99,99,0,0,0,0,1,2,0,170863,2610,2009,0,37TH ST,99999999999999999999,0000000,38.62412222,-90.11133333,1,1
18,85,1,2,19,20,2,2,0,0,4,3,0,12,5,2,1,1,2,55,2,2,2,1,20,3,2,1,0,0,19,21,19,28,99,99,0,0,0,0,1,6,1,180001,5110,2009,0,SR-15,CR-400,0000000,41.17568333,-85.87729444,2,1
18,57,1,3,22,20,1,2,0,0,16,4,0,31,0,1,6,1,2,35,2,1,2,2,28,3,2,1,0,0,22,40,22,46,99,99,0,0,0,0,1,7,0,180002,1540,2009,0,OLIO RD,99999999999999999999,0000000,39.95508333,-85.91797778,1,1
18,73,1,3,4,0,1,2,0,0,16,4,0,34,0,1,6,1,2,55,1,1,4,8,0,0,2,1,0,0,9,17,9,27,88,88,0,0,0,0,2,7,1,180003,1206,2009,0,CR-1000,99999999999999999999,0000000,41.21759722,-87.23771111,1,1
18,39,1,5,5,30,1,1,0,0,16,4,0,10,0,6,1,1,3,30,1,1,2,1,60,3,2,1,0,0,5,35,5,40,99,99,0,0,0,0,1,2,0,180004,1830,2009,0,CR-15,CR-45,311LA05,41.62700833,-85.90649722,1,1
18,95,1,4,12,51,1,1,0,1,1,1,0,1,0,1,6,3,4,70,2,2,2,2,0,0,1,1,0,0,12,52,12,56,88,88,0,0,0,0,1,1,0,180005,3910,2009,17,I-69,99999999999999999999,0000000,39.99191667,-85.79541111,1,1
18,51,1,6,1,18,2,2,0,0,4,3,0,12,5,1,1,1,2,55,1,1,1,4,28,3,2,3,0,0,1,18,1,22,88,88,0,0,0,0,1,3,0,180006,3690,2009,23,SR-57,99999999999999999999,0000000,38.32768611,-87.369075,2,3
18,23,1,6,11,43,1,2,0,0,15,3,0,34,0,1,6,1,2,55,1,1,2,4,0,0,1,3,0,0,11,43,11,54,99,99,0,0,0,0,2,3,0,180007,2112,2009,0,SR-28,99999999999999999999,0000000,40.27310833,-86.352025,1,3
18,9,1,6,11,18,1,4,0,0,4,3,0,34,0,1,6,1,2,55,1,1,2,4,0,0,1,3,0,0,11,18,11,32,88,88,0,0,0,0,1,3,0,180008,3210,2009,0,SR-18,99999999999999999999,0000000,40.55241667,-85.35205278,1,3
18,89,1,5,11,0,2,2,0,0,6,4,0,12,1,1,1,2,2,40,1,1,1,1,0,0,1,1,0,2,11,10,11,15,99,99,0,0,0,0,1,2,0,180009,1730,2009,0,INDUSTRIAL HWY,99999999999999999999,0000000,41.62991111,-87.422075,2,1
18,97,1,3,2,13,1,3,0,0,16,4,0,42,0,1,4,1,3,40,1,1,2,1,0,0,3,1,0,0,2,14,2,15,99,99,0,13,0,0,1,7,1,180010,2210,2009,0,KEYSTONE AVE,99999999999999999999,0000000,39.82020556,-86.12154722,1,1
18,39,1,10,14,46,2,2,0,0,4,3,0,12,9,1,1,1,2,55,1,1,2,3,28,3,1,4,0,0,14,48,15,13,99,99,0,0,0,0,1,7,0,180011,1830,2009,0,SR-15,99999999999999999999,0000000,41.44684444,-85.84562222,2,4
18,15,1,11,23,15,1,1,0,0,16,4,0,1,0,1,6,1,2,55,1,1,2,3,0,0,2,1,0,0,0,15,0,16,88,88,0,0,0,0,1,1,1,180012,1128,2009,0,CR-400,99999999999999999999,0000000,40.48938889,-86.55333889,1,1
18,3,1,7,23,50,1,1,0,0,3,2,0,34,0,2,6,1,2,55,2,1,2,3,20,3,2,4,0,0,23,59,0,13,88,88,0,0,0,0,1,4,1,180013,1580,2009,0,US-33,MCDUFFEE RD,0000000,41.19535,-85.29749722,1,4
18,3,1,10,15,17,1,1,0,0,6,4,0,10,0,6,6,1,2,35,1,1,2,3,61,3,1,4,0,0,15,17,15,21,99,99,0,0,0,0,1,7,0,180014,1580,2009,0,NUTTMAN AVE,FREEMAN ST,9999999,41.05333611,-85.18052222,1,4
18,91,1,11,19,0,2,3,0,0,3,2,0,12,2,1,1,2,3,55,1,1,2,3,0,0,2,4,0,0,19,0,19,21,99,99,0,0,0,0,1,1,1,180015,2570,2009,0,US-20,99999999999999999999,0000000,41.67246389,-86.64144444,2,4
18,95,1,7,0,4,1,1,0,0,16,4,0,1,0,1,6,1,2,45,1,1,2,4,0,0,2,3,0,0,0,4,0,7,99,99,0,0,0,0,1,4,0,180016,4770,2009,0,CR-100,99999999999999999999,0000000,40.3064,-85.652975,1,3
18,167,1,11,1,9,1,1,0,0,16,4,0,1,0,1,6,1,2,40,2,1,2,1,28,3,2,1,0,0,1,12,1,21,99,99,0,0,0,0,1,1,1,180017,4840,2009,0,LOUISVILLE RD,99999999999999999999,0000000,39.347175,-87.27418889,1,1
18,151,1,10,14,6,1,1,0,0,14,2,0,27,0,1,6,1,2,45,1,2,2,3,28,3,1,4,0,0,14,6,14,8,88,88,0,0,0,0,1,7,0,180018,160,2009,0,US-20,99999999999999999999,0000000,,,1,4
18,181,1,3,21,50,1,5,0,0,16,4,0,42,0,1,6,1,2,55,1,3,2,1,28,3,2,1,0,0,21,53,22,9,99,99,0,0,0,0,2,7,0,180019,540,2009,0,CR-300,99999999999999999999,0000000,40.56953333,-86.81164722,1,1
18,63,1,13,10,40,2,2,0,0,6,4,0,12,2,1,1,1,2,50,1,3,2,1,28,3,1,1,0,0,10,40,10,54,88,88,0,0,0,0,1,3,0,180020,1160,2009,0,MAIN ST,99999999999999999999,0000000,39.76203611,-86.46686667,2,1
18,89,1,14,20,19,2,2,0,1,11,1,0,12,5,1,1,3,4,55,1,3,1,3,0,0,2,4,7,4,20,24,20,39,99,99,0,0,0,0,1,4,0,180021,1970,2009,51,I-80,99999999999999999999,0000000,41.57118333,-87.438425,2,4