STATE,COUNTY,MONTH,DAY,HOUR,MINUTE,VE_TOTAL,PERSONS,PEDS,NHS,ROAD_FNC,ROUTE,SP_JUR,HARM_EV,MAN_COLL,REL_JUNC,REL_ROAD,TRAF_FLO,NO_LANES,SP_LIMIT,ALIGNMNT,PROFILE,PAVE_TYP,SUR_COND,TRA_CONT,T_CONT_F,LGT_COND,WEATHER1,WEATHER2,WRK_ZONE,NOT_HOUR,NOT_MIN,ARR_HOUR,ARR_MIN,HOSP_HR,HOSP_MN,SCH_BUS,CF1,CF2,CF3,FATALS,DAY_WEEK,DRUNK_DR,ST_CASE,CITY,YEAR,MILEPT,TWAY_ID,TWAY_ID2,RAIL,LATITUDE,LONGITUD,VE_FORMS,WEATHER
18,177,1,14,14,54,2,3,0,0,16,4,0,12,2,1,1,1,2,55,1,3,2,3,0,0,1,4,0,0,14,56,14,59,99,99,0,0,0,0,1,4,1,180022,4120,2009,0,FOUTS RD,99999999999999999999,0000000,39.7782,-84.87144444,2,4
18,127,1,14,9,50,4,4,0,1,1,1,0,12,1,1,1,3,2,70,2,1,2,4,0,0,1,4,0,0,9,50,10,10,99,99,0,19,0,0,1,4,0,180023,820,2009,294,I-80,99999999999999999999,0000000,41.57229167,-86.97888889,4,4
18,127,1,14,9,52,4,5,0,1,1,1,0,12,1,1,1,3,2,65,2,1,2,4,0,0,1,4,0,0,9,52,9,54,99,99,0,19,0,0,1,4,0,180024,820,2009,296,I-80,99999999999999999999,0000000,41.57086111,-86.98757778,4,4
18,159,1,16,6,15,3,3,0,0,3,2,0,12,1,1,1,2,2,60,1,1,2,1,0,0,2,1,0,0,6,24,6,26,99,99,0,0,0,0,1,6,0,180025,4450,2009,0,US-31,99999999999999999999,0000000,40.32495278,-86.12706111,3,1
18,121,1,16,1,15,1,1,0,0,3,2,0,42,0,1,6,1,2,55,2,1,2,1,28,3,2,1,0,0,1,26,1,34,88,88,0,0,0,0,1,6,1,180026,2919,2009,132,US-41,99999999999999999999,0000000,39.71781667,-87.31856389,1,1
18,93,1,16,1,30,1,1,0,0,16,4,0,32,0,1,6,1,2,35,1,1,2,1,0,0,2,1,0,0,1,43,1,55,88,88,0,0,0,0,1,6,1,180027,300,2009,0,WASHBOARD RD,99999999999999999999,0000000,38.95500278,-86.55973333,1,1
18,141,1,10,15,48,2,4,0,0,4,3,0,12,5,4,1,1,2,55,1,1,2,3,0,0,1,4,0,0,15,49,15,53,99,99,0,0,0,0,1,7,0,180028,4580,2009,0,SR-23,PEACH RD,0000000,41.60856389,-86.36531111,2,4
18,141,1,5,9,21,1,2,1,0,15,3,0,8,0,2,1,1,2,35,1,1,2,1,3,3,1,1,0,0,9,21,9,22,99,99,0,0,0,0,1,2,0,180029,3100,2009,0,SR-933,CHURCH ST,0000000,41.66111389,-86.17930556,1,1
18,109,1,19,12,22,1,1,0,0,4,3,0,30,0,1,6,1,2,45,2,1,2,1,28,3,1,1,0,0,12,22,12,27,99,99,0,0,0,0,1,2,0,180030,2890,2009,0,SR-44,99999999999999999999,0000000,39.433675,-86.38086389,1,1
18,165,1,11,11,44,1,1,0,0,16,4,0,37,0,1,6,1,2,55,1,1,2,4,0,0,1,3,0,0,11,44,11,47,99,99,0,0,0,0,1,1,0,180031,3930,2009,0,CR-200,99999999999999999999,0000000,40.09668889,-87.43288889,1,3
18,153,1,21,9,15,1,1,0,0,14,2,0,10,0,6,6,1,2,99,9,9,2,1,0,0,1,1,0,0,9,15,9,19,88,88,0,0,0,0,1,4,0,180032,700,2009,0,US-41,99999999999999999999,342360S,38.998975,-87.39199167,1,1
18,89,1,19,14,45,1,2,0,0,6,4,0,34,0,1,6,1,2,30,1,1,2,3,0,0,1,4,0,0,15,8,15,25,88,88,0,0,0,0,2,2,1,180033,1730,2009,0,CHASE ST,99999999999999999999,0000000,41.55554444,-87.37555556,1,4
18,53,1,23,10,11,1,3,0,0,3,2,0,1,0,1,6,1,2,55,1,1,2,1,0,0,1,1,0,0,10,11,10,11,99,99,0,0,0,0,1,6,0,180034,2850,2009,0,US-35,99999999999999999999,0000000,40.48064167,-85.71104167,1,1
18,127,1,25,1,15,1,1,0,0,16,4,0,37,0,1,6,1,2,50,1,1,2,4,0,0,2,1,0,0,7,38,7,58,88,88,0,0,0,0,1,1,0,180035,4960,2009,0,CR-300,99999999999999999999,0000000,41.39055833,-86.96416944,1,1
18,65,1,15,7,19,2,4,0,1,11,1,0,12,1,1,1,2,2,65,1,1,2,4,0,0,2,1,0,0,7,19,7,31,99,99,0,19,0,0,2,5,0,180036,1900,2009,0,I-70,99999999999999999999,0000000,39.84835,-85.49590556,1,1
18,89,1,12,5,31,1,1,0,0,6,4,0,10,0,6,1,1,2,30,1,1,2,3,60,3,2,1,0,0,5,36,5,49,88,88,0,0,0,0,1,2,1,180037,1730,2009,0,COUNTYLINE RD,SOUTH SHORE,9999999,41.61041389,-87.22249167,1,1
18,105,1,23,8,31,1,1,0,0,16,4,0,52,0,1,4,1,2,40,1,2,2,2,28,3,1,1,0,0,8,31,8,39,99,99,0,0,0,0,1,6,0,180038,380,2009,0,AIRPORT RD,99999999999999999999,0000000,39.13685833,-86.61345833,1,1
18,131,1,25,1,30,1,1,0,0,16,4,0,30,0,1,6,1,2,45,1,1,4,4,0,0,2,1,0,0,1,39,1,51,88,88,0,0,0,0,1,1,1,180039,3170,2009,0,CR-625,99999999999999999999,0000000,41.09148889,-86.48176667,1,1
18,25,1,27,13,30,2,2,0,0,4,3,0,12,5,1,1,1,2,55,1,1,2,3,0,0,1,4,0,0,13,30,13,55,88,88,0,0,0,0,1,3,0,180040,3080,2009,0,SR-64,99999999999999999999,0000000,38.36242222,-86.31751944,2,4
18,91,1,30,9,40,2,2,0,0,3,2,0,12,2,1,1,1,2,55,1,1,2,4,0,0,1,1,0,0,9,41,9,41,99,99,0,0,0,0,1,6,0,180041,5085,2009,0,US-421,99999999999999999999,0000000,41.47746111,-86.89284444,2,1
18,147,1,30,18,35,2,2,0,0,4,3,0,12,5,2,1,1,2,55,1,1,2,1,20,3,2,5,0,0,18,39,18,54,99,99,0,0,0,0,1,6,0,180042,4200,2009,0,SR-161,OLD SR-45,0000000,37.90763611,-87.04021389,2,5
18,89,1,30,20,19,1,2,0,0,16,4,0,34,0,2,6,1,2,30,2,1,2,3,0,0,2,1,0,0,21,19,21,45,99,99,0,20,0,0,2,6,1,180043,1730,2009,0,ROSS RD,45TH AVE,0000000,41.53704444,-87.3983,1,1
18,131,1,29,18,1,2,3,0,0,3,2,0,12,2,1,1,1,2,55,1,1,2,4,0,0,5,4,0,0,18,1,18,2,99,99,0,0,0,0,1,5,0,180044,2920,2009,0,US-421,99999999999999999999,0000000,41.03903056,-86.89224167,2,4
18,103,1,31,8,50,2,3,0,0,3,2,0,12,5,2,1,2,2,60,1,1,2,1,20,3,1,1,0,0,8,54,8,58,99,99,0,0,0,0,1,7,0,180045,3940,2009,0,US-31,CR-400,0000000,40.822075,-86.12933611,2,1
18,85,2,4,14,34,2,2,0,0,14,2,0,12,1,2,1,3,3,55,1,2,2,1,1,3,1,1,0,0,14,34,14,39,99,99,0,0,0,0,1,4,0,180046,5110,2009,0,US-30,CR-150,0000000,41.270325,-85.87188611,2,1
18,39,2,6,6,50,2,2,0,0,3,2,0,12,1,1,1,1,2,50,1,1,2,1,28,3,2,1,0,0,6,50,7,1,99,99,0,0,0,0,1,6,1,180047,1410,2009,0,US-20,99999999999999999999,0000000,41.66715278,-85.86488056,2,1
18,95,1,30,8,50,2,2,0,1,1,1,0,57,0,1,6,3,3,65,1,2,2,1,0,0,1,1,0,0,8,50,8,53,99,99,0,0,0,0,1,6,0,180048,3910,2009,17,I-69,99999999999999999999,0000000,39.99175278,-85.79579722,2,1
18,167,2,7,3,30,1,1,0,0,6,4,0,37,0,3,6,1,2,30,1,1,2,8,20,3,2,1,0,0,8,2,8,7,88,88,0,0,0,0,1,7,0,180049,4840,2009,0,MAPLE AVE,BROWN AVE,0000000,39.49242222,-87.36992778,1,1
18,39,2,6,17,45,2,2,0,0,16,4,0,12,5,2,1,1,2,55,1,2,2,2,20,3,5,1,0,0,17,47,17,59,99,99,0,0,0,0,1,6,0,180050,5050,2009,0,CR-1,CR-38,0000000,41.55051944,-86.04063056,2,1
18,177,2,6,23,0,1,2,0,0,16,4,0,42,0,1,6,1,2,55,2,1,2,4,0,0,2,1,0,0,0,10,0,17,99,99,0,0,0,0,1,6,1,180051,4120,2009,0,ESTEB RD,99999999999999999999,0000000,39.75246944,-84.91822222,1,1
18,97,2,11,18,54,2,3,0,0,6,4,0,12,5,2,1,1,2,35,1,1,2,2,20,3,3,6,0,0,18,55,18,58,99,99,0,0,0,0,1,4,1,180052,2210,2009,0,WASHINGTON ST,ADDISON ST,0000000,39.76553333,-86.2041,2,6
18,57,2,12,17,17,2,3,0,0,4,3,0,12,2,1,1,1,2,45,1,1,2,1,0,0,1,1,0,0,17,17,17,31,99,99,0,0,0,0,1,5,0,180053,5180,2009,0,SR-32,99999999999999999999,0000000,40.04179167,-86.22585278,2,1
18,97,2,13,23,55,2,3,0,0,6,4,0,12,5,2,1,5,3,35,1,1,2,1,3,3,3,1,0,0,23,55,0,0,99,99,0,0,0,0,1,6,1,180054,2210,2009,0,21ST ST,EMERSON AVE,0000000,39.79624444,-86.08340833,2,1
18,137,2,14,21,44,1,2,0,0,16,4,0,34,0,1,6,1,2,45,2,1,2,1,0,0,2,1,0,0,21,44,22,1,99,99,0,0,0,0,1,7,1,180055,3378,2009,0,BROWNSTOWN RD,99999999999999999999,0000000,39.20608611,-85.35368333,1,1
18,97,2,14,4,40,1,1,0,1,11,1,0,27,0,1,6,3,3,55,1,1,2,1,0,0,2,1,0,0,4,43,4,55,99,99,0,0,0,0,1,7,0,180056,2210,2009,1076,I-65,99999999999999999999,0000000,39.71831111,-86.12809167,1,1
18,103,2,14,10,25,1,1,0,0,16,4,0,42,0,1,6,1,2,55,1,2,2,4,0,0,1,1,0,0,10,25,10,37,88,88,0,0,0,0,1,7,0,180057,2978,2009,0,MEXICO RD,99999999999999999999,0000000,40.80766944,-86.09968056,1,1
18,19,2,13,12,40,2,4,0,0,4,3,0,12,5,1,1,3,3,55,1,1,2,1,0,0,1,1,0,0,12,46,12,51,99,99,0,0,0,0,1,6,0,180058,2270,2009,0,SR-62,99999999999999999999,0000000,38.34549444,-85.71885,2,1
18,127,2,9,17,27,1,2,1,0,6,4,0,19,0,3,6,1,2,30,1,1,2,2,0,0,5,1,0,0,17,29,17,38,99,99,0,0,0,0,1,2,1,180059,4025,2009,0,CONCORD AVE,LOCUST ST,0000000,41.573975,-87.21359167,1,1
18,183,2,14,8,26,2,2,0,0,3,2,0,12,1,2,1,2,3,60,1,1,2,2,1,3,1,4,0,0,8,28,8,33,99,99,0,0,0,0,1,7,0,180060,980,2009,0,US-30,BUISNESS 30,0000000,41.14052778,-85.43243333,2,4
18,133,2,18,8,45,1,1,0,1,1,1,0,24,0,1,6,3,3,70,1,1,1,1,0,0,1,1,0,0,8,45,8,54,88,88,0,0,0,0,1,4,0,180061,950,2009,0,I-70,99999999999999999999,0000000,39.53396944,-86.80366389,1,1
18,13,2,15,3,4,1,5,0,0,16,4,0,1,0,1,6,1,2,40,2,1,2,1,0,0,2,1,0,0,3,4,3,21,88,88,0,0,0,0,1,1,1,180062,3390,2009,0,CARMEL RIDGE RD,99999999999999999999,0000000,39.30103056,-86.31666111,1,1
18,73,2,18,23,30,1,6,0,1,1,1,0,1,0,1,6,2,2,70,2,1,2,4,0,0,2,4,0,0,23,30,23,45,99,99,0,0,0,0,1,4,0,180063,1206,2009,225,I-65,99999999999999999999,0000000,41.08221389,-87.26978889,1,4
18,177,2,13,13,0,1,1,0,0,4,3,0,10,0,6,6,1,2,55,1,1,2,1,61,3,1,1,0,0,13,0,13,2,88,88,0,0,0,0,1,6,0,180064,1980,2009,0,SR-1,SWOVELAND RD,9999999,39.88899444,-85.14387222,1,1
18,57,2,19,9,52,2,3,0,0,6,4,0,12,2,1,1,2,2,40,1,2,2,1,0,0,1,1,0,0,9,52,9,58,99,99,0,0,0,0,1,5,0,180065,1540,2009,0,96TH ST,99999999999999999999,0000000,39.92711389,-86.00646944,2,1
18,147,2,18,1,53,1,1,0,0,16,4,0,1,0,1,6,1,2,35,2,1,2,2,28,3,2,2,0,0,1,53,2,2,88,88,0,0,0,0,1,4,0,180066,1697,2009,0,FULDA SHORTCUT RD,99999999999999999999,0000000,38.16864167,-86.86511944,1,2
18,85,2,20,2,48,1,2,0,0,16,4,0,42,0,1,6,1,2,55,2,2,2,1,0,0,2,1,0,0,2,48,2,58,99,99,0,0,0,0,1,6,1,180067,5110,2009,0,CR-250,99999999999999999999,0000000,41.20190556,-85.89978333,1,1
18,127,2,13,10,13,1,2,0,0,3,2,0,42,0,1,6,2,3,55,1,1,2,1,0,0,1,1,0,0,10,19,10,25,99,99,0,0,0,0,1,6,0,180068,4030,2009,0,US-20,99999999999999999999,0000000,41.64854444,-87.01429444,1,1
18,137,2,19,7,39,2,2,0,0,3,2,0,12,5,1,1,1,2,55,1,1,2,4,0,0,1,4,0,0,7,39,7,53,99,99,0,0,0,0,1,5,0,180069,2133,2009,0,US-50,99999999999999999999,0000000,39.06731389,-85.42985833,2,4
18,35,2,20,4,0,1,1,0,0,16,4,0,38,0,1,6,1,2,40,1,3,2,1,0,0,2,1,0,0,4,42,4,51,88,88,0,0,0,0,1,6,0,180070,3360,2009,0,BURLINGTON DR,99999999999999999999,0000000,40.14919167,-85.33407222,1,1
18,91,2,21,17,0,1,3,0,0,16,4,0,10,0,6,6,1,2,45,1,2,2,3,61,3,1,4,0,0,17,3,17,14,99,99,0,0,0,0,1,7,0,180071,2570,2009,0,CR-900,CR-700,9999999,41.70854722,-86.52488611,1,4
18,61,2,21,18,55,1,1,0,0,4,3,0,1,0,1,6,1,2,55,2,2,2,4,0,0,2,4,0,0,18,56,19,1,99,99,0,0,0,0,1,7,0,180072,1030,2009,0,SR-62,99999999999999999999,0000000,38.20331944,-86.07015556,1,4
18,89,2,5,15,20,2,3,0,0,6,4,0,12,5,2,1,2,2,35,1,1,2,1,1,3,1,1,0,0,15,20,15,28,99,99,0,0,0,0,1,5,0,180073,2090,2009,0,45TH ST,KLEINMAN AVE,0000000,41.53794444,-87.43743889,2,1
18,91,2,22,21,10,3,3,0,0,3,2,0,12,5,2,1,2,2,45,1,1,2,1,0,0,2,1,0,0,21,10,21,22,99,99,0,0,0,0,1,1,1,180074,2990,2009,0,US-421,CR-300,0000000,41.65146389,-86.89430278,3,1
18,77,1,19,14,57,2,3,0,0,4,3,0,12,2,1,1,1,2,55,1,1,2,1,0,0,1,1,0,0,14,57,15,17,99,99,0,0,0,0,1,2,0,180075,2020,2009,0,SR-62,99999999999999999999,0000000,38.67968056,-85.52590278,2,1
18,59,2,15,13,0,3,5,0,1,1,1,0,13,2,1,1,3,3,70,1,1,2,1,0,0,1,1,0,0,13,4,13,15,99,99,0,0,0,0,2,1,0,180076,1890,2009,110,I-70,99999999999999999999,0000000,39.825775,-85.65121667,3,1
18,157,2,21,11,11,4,10,0,1,1,1,0,12,5,1,1,2,3,70,1,2,2,3,0,0,1,4,0,0,11,11,11,33,99,99,0,0,0,0,2,7,0,180077,2480,2009,163,I-65,99999999999999999999,0000000,40.30885556,-86.73032222,4,4
18,33,2,26,20,37,2,4,0,0,4,3,0,12,5,1,1,1,2,55,2,1,2,2,28,3,2,2,0,0,20,37,20,43,99,99,0,0,0,0,1,5,1,180078,4631,2009,0,SR-1,99999999999999999999,0000000,41.27051667,-84.93929444,2,2
18,3,2,24,23,14,1,1,0,0,6,4,0,53,0,1,6,1,2,25,2,3,2,1,0,0,3,1,0,0,23,14,23,43,88,88,0,0,0,0,1,3,1,180079,1580,2009,0,SHERMAN BLVD,99999999999999999999,0000000,41.11025278,-85.15181111,1,1
18,97,2,26,0,24,3,1,0,0,6,4,0,46,0,2,4,1,2,30,1,1,2,1,3,3,3,1,0,0,0,24,0,24,99,99,0,0,0,0,1,5,1,180080,2210,2009,0,BLUFF AVE,MERIDIAN ST,0000000,39.74179444,-86.15901111,1,1
18,3,3,1,1,56,2,3,0,0,6,4,0,12,1,1,1,1,2,45,1,1,2,1,0,0,2,1,0,0,2,0,2,1,99,99,0,0,0,0,1,1,1,180082,1580,2009,0,LIMA RD,99999999999999999999,0000000,41.16023889,-85.16567222,2,1
18,61,2,28,10,51,1,1,0,0,4,3,0,27,0,1,6,1,2,55,1,1,2,1,28,3,1,1,0,0,10,51,10,55,99,99,0,0,0,0,1,7,1,180083,4067,2009,0,SR-64,99999999999999999999,0000000,38.31802222,-86.131525,1,1
18,67,1,24,15,20,1,1,1,0,16,4,0,8,0,1,2,1,2,99,1,1,2,1,0,0,1,1,0,0,15,22,15,27,99,99,0,0,0,0,1,7,0,180084,2430,2009,0,CR-100,99999999999999999999,0000000,40.49418889,-86.05406389,1,1
18,147,2,27,1,35,1,2,0,0,3,2,0,27,0,1,6,1,2,55,2,2,2,2,28,3,2,2,0,0,1,35,1,44,99,99,0,0,0,0,1,6,1,180085,1780,2009,0,US-231,99999999999999999999,0000000,38.11423333,-87.02991389,1,2
18,89,2,22,10,2,2,3,0,0,6,4,0,12,5,1,1,1,2,40,2,1,2,3,28,3,1,1,0,0,10,3,10,5,99,99,0,0,0,0,1,1,0,180086,1100,2009,0,101ST AVE,99999999999999999999,0000000,41.43513333,-87.31641667,2,1
18,89,2,25,14,10,1,2,0,0,6,4,0,31,0,2,6,1,2,25,1,1,2,2,1,3,1,1,0,0,14,12,14,20,99,99,0,0,0,0,2,4,0,180088,1730,2009,0,15TH AVE,COLFAX ST,0000000,41.58822778,-87.41340556,1,1
18,89,2,27,21,15,1,1,0,0,6,4,0,42,0,1,6,1,2,25,1,1,2,1,0,0,2,1,0,0,21,18,21,20,88,88,0,0,0,0,1,6,1,180089,1730,2009,0,21ST AVE,99999999999999999999,0000000,41.58046111,-87.34285278,1,1
18,57,3,3,15,30,1,1,0,1,1,1,0,1,0,1,6,3,3,70,1,1,2,1,0,0,1,1,0,0,15,41,15,48,88,88,0,0,0,0,1,3,0,180090,1540,2009,11,I-69,99999999999999999999,0000000,39.99086389,-85.90815,1,1
18,89,2,25,21,30,1,1,0,0,6,4,0,30,0,1,6,2,2,20,1,2,2,1,0,0,2,1,0,0,22,0,22,37,88,88,0,20,0,0,1,4,1,180091,3460,2009,0,ILLINOIS ST,99999999999999999999,0000000,41.55901389,-87.27663611,1,1
18,23,3,3,10,15,1,1,0,0,4,3,0,34,0,1,6,1,2,55,1,2,2,1,0,0,1,1,0,0,10,18,10,30,88,88,0,0,0,0,1,3,0,180092,4250,2009,0,SR-26,99999999999999999999,0000000,40.41728611,-86.563425,1,1
18,55,3,2,2,30,1,1,0,0,16,4,0,21,0,1,6,1,2,55,1,1,2,1,0,0,2,1,0,0,2,42,2,45,99,99,0,0,0,0,1,2,1,180093,2690,2009,0,CR-1225,99999999999999999999,0000000,39.06701389,-87.17153611,1,1
18,7,3,7,3,0,1,1,0,0,16,4,0,5,0,1,4,1,2,55,1,1,2,1,0,0,2,1,0,0,7,23,7,30,88,88,0,0,0,0,1,7,0,180094,1600,2009,0,MERIDAN RD,99999999999999999999,0000000,40.58110556,-87.32294167,1,1
18,91,3,6,14,41,1,1,0,0,3,2,0,18,0,1,1,1,2,55,1,1,2,1,0,0,1,1,0,0,14,41,14,46,88,88,0,0,0,0,1,6,0,180095,2990,2009,0,US-421,99999999999999999999,0000000,41.63860278,-86.89387222,1,1
18,81,3,1,4,4,2,2,0,1,1,1,0,12,1,1,1,3,3,65,1,3,1,1,0,0,2,1,0,0,4,4,4,8,99,99,0,0,0,0,1,1,0,180096,1950,2009,99,I-65,99999999999999999999,0000000,39.60939167,-86.07195833,2,1
18,127,3,6,23,22,1,1,0,0,4,3,0,35,0,1,6,1,2,50,1,2,2,1,28,3,2,1,0,0,23,26,23,33,99,99,0,0,0,0,1,6,0,180097,4960,2009,0,SR-130,99999999999999999999,0000000,41.46630278,-87.03660833,1,1
18,17,3,3,9,33,2,5,0,0,16,4,0,12,5,2,1,1,2,55,1,1,2,1,20,3,1,1,0,0,9,33,9,37,99,99,0,0,0,0,1,3,0,180098,2730,2009,0,LOGANSPORT RD,CR-600,0000000,40.761375,-86.26169444,2,1
18,105,3,11,16,41,3,6,0,0,4,3,0,12,2,1,1,1,2,55,1,1,2,1,0,0,1,1,0,0,16,41,16,43,99,99,0,0,0,0,1,4,0,180099,1420,2009,0,SR-46,99999999999999999999,0000000,39.25246111,-86.65483611,3,1
18,125,3,8,3,43,1,1,0,0,4,3,0,42,0,1,6,1,2,55,1,1,2,1,0,0,2,1,0,0,3,43,3,52,88,88,0,0,0,0,1,1,1,180100,5390,2009,0,SR-64,99999999999999999999,0000000,38.33633889,-87.24689444,1,1
18,57,1,7,6,45,1,2,1,0,6,4,0,8,0,2,1,1,2,25,1,1,2,4,20,3,2,4,0,0,7,11,7,17,99,99,1,0,0,0,1,4,0,180101,710,2009,0,SALAMONE WAY,TEAGUE PL,0000000,39.97863333,-86.23033889,1,4
18,59,3,13,17,5,2,6,0,0,16,4,0,12,5,2,1,1,2,45,2,3,2,1,20,3,1,1,0,0,17,5,17,12,99,99,0,0,0,0,3,6,0,180102,1890,2009,0,CR-600N,CR-600E,0000000,39.87266111,-85.70979722,2,1
18,97,2,15,3,49,1,1,0,0,6,4,0,34,0,1,6,1,2,35,1,2,2,4,0,0,2,1,0,0,3,49,3,49,88,88,0,0,0,0,1,1,0,180103,2210,2009,0,LYNHURST DR,99999999999999999999,0000000,39.77259167,-86.25057222,1,1
18,89,3,11,8,59,2,3,0,0,6,4,0,12,5,1,1,1,4,45,1,2,2,1,0,0,1,1,0,0,9,1,9,12,99,99,0,0,0,0,1,4,1,180104,1730,2009,0,INDUSTRIAL HWY,99999999999999999999,0000000,41.63133889,-87.42429722,2,1
18,163,3,14,21,38,2,2,0,0,16,4,0,12,5,1,1,1,3,45,1,1,2,1,28,3,2,1,0,0,21,39,21,41,99,99,0,0,0,0,1,7,0,180105,1480,2009,0,GREEN RIVER RD,99999999999999999999,0000000,38.01324722,-87.492275,2,1
18,51,3,15,13,38,1,1,0,0,4,3,0,42,0,1,4,1,2,35,2,1,2,1,0,0,1,1,0,0,13,38,13,38,99,99,0,0,0,0,1,1,0,180106,3830,2009,0,SR-165,99999999999999999999,0000000,38.27251944,-87.69478056,1,1
18,147,3,16,7,55,3,3,0,0,4,3,0,12,1,3,1,2,3,50,1,3,2,1,28,3,1,1,0,0,7,55,8,1,99,99,0,0,0,0,1,2,0,180107,4200,2009,0,SR-66,CR-350,0000000,37.90154167,-87.11900833,3,1
18,163,2,11,19,30,2,3,0,0,16,4,0,12,5,1,1,1,2,40,2,1,2,1,0,0,2,1,0,0,19,31,19,41,99,99,0,0,0,0,1,4,0,180108,1480,2009,0,DARMSTADT RD,99999999999999999999,0000000,38.07660833,-87.57536944,2,1
18,107,2,18,22,55,1,1,0,0,16,4,0,25,0,1,6,3,2,55,1,2,2,2,0,0,2,3,0,0,22,59,23,6,88,88,0,0,0,0,1,4,1,180109,3490,2009,0,CR-400,99999999999999999999,0000000,39.96829722,-86.97811667,1,3
18,157,3,12,21,20,2,1,0,0,4,3,0,17,0,1,6,1,2,55,2,2,2,1,0,0,2,1,0,0,21,52,21,55,99,99,0,0,0,0,1,5,1,180110,2480,2009,0,SR-25,99999999999999999999,0000000,40.47124167,-86.83568056,1,1
18,137,3,13,14,43,2,4,0,0,4,3,0,12,2,1,1,1,2,55,1,2,2,1,0,0,1,1,0,0,14,45,14,53,99,99,0,0,0,0,1,6,0,180111,280,2009,0,SR-129,99999999999999999999,0000000,39.21370278,-85.21004722,2,1
18,173,2,6,18,30,3,7,0,0,4,3,0,12,1,1,1,2,2,35,1,2,1,2,0,0,2,1,0,0,18,30,18,30,99,99,0,0,0,0,1,6,0,180112,3430,2009,0,SR-66,99999999999999999999,0000000,37.97668056,-87.39143333,3,1
18,57,2,3,9,42,30,38,0,1,11,1,0,12,1,1,1,3,4,70,1,1,2,3,0,0,1,4,0,0,10,0,10,0,99,99,0,19,0,0,2,3,0,180113,1540,2009,8,I-69,99999999999999999999,0000000,39.97544167,-85.96025,29,4
18,97,3,16,17,50,3,4,1,0,6,4,0,12,1,2,1,1,2,35,1,1,2,1,0,0,2,1,0,0,17,50,17,52,99,99,0,0,0,0,1,2,0,180114,2210,2009,0,42ND ST,WEXFORD ST,0000000,,,3,1
18,85,3,18,17,30,1,2,0,0,4,3,0,32,0,1,6,1,2,55,2,1,2,1,28,3,1,1,0,0,17,30,17,40,99,99,0,0,0,0,1,4,0,180115,3680,2009,0,SR-13,99999999999999999999,0000000,41.26951667,-85.69945278,1,1
18,57,3,16,14,28,2,2,0,0,3,2,0,12,5,2,1,1,2,30,1,1,2,1,21,3,1,1,0,0,14,30,14,33,99,99,0,0,0,0,1,2,0,180116,5180,2009,0,US-31,169TH ST,0000000,40.03269167,-86.13532222,2,1
18,89,2,27,6,37,1,1,0,0,6,4,0,33,0,1,6,1,2,10,1,1,2,4,0,0,2,3,0,0,6,37,6,42,88,88,0,0,0,0,1,6,1,180117,2972,2009,0,GARFIELD ST,99999999999999999999,0000000,41.52154444,-87.35688611,1,3
18,17,3,19,1,56,2,2,0,0,3,2,0,12,2,1,1,1,2,55,1,1,2,1,0,0,2,1,0,0,1,56,1,59,99,99,0,0,0,0,1,5,0,180118,2730,2009,0,US-24,99999999999999999999,0000000,40.75853889,-86.44008611,2,1
18,29,3,3,13,38,2,4,0,0,14,2,0,12,2,2,1,2,4,45,1,1,2,1,1,3,1,1,0,0,13,38,13,40,99,99,0,0,0,0,1,3,0,180119,2610,2009,0,US-50,SR-48,0000000,39.09165,-84.87193889,2,1
18,39,3,22,18,13,2,4,0,0,16,4,0,12,5,2,1,1,2,55,1,1,2,1,20,3,1,1,0,0,18,13,18,36,99,99,0,0,0,0,1,1,2,180120,3060,2009,0,EAST COUNTY LINE RD,CR- 36,0000000,41.56729722,-85.65568056,2,1
18,35,3,21,0,0,1,1,0,0,6,4,0,37,0,1,6,1,2,40,2,1,2,1,0,0,2,1,0,0,0,34,0,36,88,88,0,0,0,0,1,7,1,180121,3360,2009,0,WHITE RIVER BLVD,99999999999999999999,0000000,40.18602222,-85.430975,1,1
18,97,3,22,19,25,1,1,0,0,6,4,0,42,0,2,6,1,2,30,1,1,2,1,0,0,1,1,0,0,19,29,19,45,99,99,0,0,0,0,1,1,1,180122,2210,2009,0,52ND ST,MASON DR,0000000,39.846175,-86.2395,1,1
18,35,3,21,22,20,1,1,0,0,16,4,0,41,0,1,6,1,2,30,2,1,2,1,28,3,2,1,0,0,22,22,22,28,88,88,0,0,0,0,1,7,0,180123,3360,2009,0,JONES RD,99999999999999999999,0000000,40.14607778,-85.44745556,1,1
18,123,3,16,15,15,3,4,0,0,4,3,0,12,1,3,1,1,2,55,1,2,2,1,28,3,1,1,0,0,15,16,15,21,99,99,0,0,0,0,1,2,0,180124,9997,2009,0,SR-37,CR-73,0000000,38.00563056,-86.69174167,3,1
18,89,3,19,21,30,1,1,0,0,15,3,0,25,0,1,6,3,2,55,2,1,1,1,0,0,2,1,0,0,21,30,21,50,99,99,0,0,0,0,1,5,1,180125,2010,2009,0,SR-912,99999999999999999999,0000000,41.60401944,-87.43280278,1,1
18,81,3,26,22,15,2,2,0,0,4,3,0,12,2,2,1,1,2,45,2,2,2,1,0,0,3,1,0,0,22,15,22,16,88,88,0,0,0,0,1,5,0,180126,1650,2009,0,SR-144,DAVIS DRIVE,0000000,39.48345278,-86.08598056,2,1
18,175,3,22,4,1,1,1,0,0,16,4,0,42,0,1,4,1,2,45,2,1,2,1,0,0,2,1,0,0,4,1,4,3,99,99,0,20,0,0,1,1,1,180127,4340,2009,0,BEE LINE RD,99999999999999999999,0000000,38.60890556,-86.16978333,1,1