STATE,COUNTY,MONTH,DAY,HOUR,MINUTE,VE_TOTAL,PERSONS,PEDS,NHS,ROAD_FNC,ROUTE,SP_JUR,HARM_EV,MAN_COLL,REL_JUNC,REL_ROAD,TRAF_FLO,NO_LANES,SP_LIMIT,ALIGNMNT,PROFILE,PAVE_TYP,SUR_COND,TRA_CONT,T_CONT_F,LGT_COND,WEATHER1,WEATHER2,WRK_ZONE,NOT_HOUR,NOT_MIN,ARR_HOUR,ARR_MIN,HOSP_HR,HOSP_MN,SCH_BUS,CF1,CF2,CF3,FATALS,DAY_WEEK,DRUNK_DR,ST_CASE,CITY,YEAR,MILEPT,TWAY_ID,TWAY_ID2,RAIL,LATITUDE,LONGITUD,VE_FORMS,WEATHER
18,57,3,22,18,55,2,2,0,0,4,3,0,12,5,2,1,1,2,45,1,1,2,1,20,3,1,1,0,0,18,55,18,59,88,88,0,0,0,0,1,1,0,180128,4480,2009,0,SR-38,SIX POINTS RD,0000000,40.11502778,-86.17535278,2,1
18,163,3,24,14,10,2,2,0,1,1,1,0,45,1,1,1,2,2,60,1,2,1,1,41,3,1,1,0,1,14,10,14,15,99,99,0,0,0,0,1,3,0,180129,1480,2009,9,I-164,99999999999999999999,0000000,37.99405,-87.46453889,2,1
18,165,2,21,11,0,1,4,0,0,4,3,0,27,0,1,6,2,3,60,2,2,2,3,0,0,1,4,3,0,11,0,11,8,99,99,0,0,0,0,1,7,0,180130,9997,2009,0,SR-63,99999999999999999999,0000000,39.78838889,-87.40877222,1,3
18,165,3,21,23,40,1,1,0,0,4,3,0,35,0,1,4,1,2,55,1,1,2,1,0,0,2,1,0,0,23,40,23,48,88,88,0,0,0,0,1,7,1,180131,740,2009,0,SR-234,99999999999999999999,0000000,39.95220556,-87.45321111,1,1
18,67,3,27,2,30,2,2,0,0,14,2,0,12,5,2,1,3,3,55,1,1,2,1,1,3,3,1,0,0,2,31,2,31,88,88,0,0,0,0,1,6,1,180132,2430,2009,0,US-31,CR-300,0000000,40.52015556,-86.12075278,2,1
18,137,4,2,17,29,1,3,0,0,16,4,0,34,0,1,4,1,2,45,1,2,2,1,0,0,1,1,0,0,17,29,17,38,99,99,0,0,0,0,1,5,0,180133,3800,2009,0,CR-500,99999999999999999999,0000000,39.14746944,-85.27388333,1,1
18,63,3,25,23,30,1,1,0,0,6,4,0,1,0,1,4,1,2,30,2,1,2,1,0,0,2,1,0,0,3,35,3,45,88,88,0,0,0,0,1,4,1,180134,3990,2009,0,COLUMBIA RD,99999999999999999999,0000000,39.69840278,-86.37195833,1,1
18,121,4,4,13,20,2,3,0,0,4,3,0,12,2,1,1,1,4,55,1,3,2,1,0,0,1,1,0,0,13,39,13,39,99,99,0,0,0,0,1,7,0,180135,2880,2009,0,SR-47,99999999999999999999,0000000,39.87522778,-87.12261111,2,1
18,109,4,5,13,34,1,2,0,0,4,3,0,52,0,1,3,2,2,60,1,1,1,2,0,0,1,2,1,0,13,34,13,41,99,99,0,0,0,0,2,1,0,180136,2890,2009,0,SR-37,99999999999999999999,0000000,39.372625,-86.48042778,1,2
18,69,4,1,9,15,2,2,0,0,3,2,0,12,2,1,1,1,2,55,1,1,2,1,0,0,1,1,0,0,9,18,9,20,99,99,0,0,0,0,1,4,0,180137,2190,2009,0,US-224,99999999999999999999,0000000,40.83689722,-85.404925,2,1
18,63,4,4,12,33,1,1,0,0,6,4,0,19,0,1,6,1,2,30,1,1,2,1,0,0,1,1,0,0,12,33,12,36,99,99,0,0,0,0,1,7,0,180138,560,2009,0,HORNADAY DR,99999999999999999999,0000000,39.82305556,-86.38216667,1,1
18,11,4,7,9,48,1,1,0,1,1,1,0,1,0,1,6,2,2,65,2,2,2,1,0,0,1,1,0,0,9,50,10,11,99,99,0,0,0,0,1,3,0,180139,5280,2009,1,I-865,99999999999999999999,0000000,39.93159167,-86.30069722,1,1
18,89,4,4,22,59,1,2,0,0,6,4,0,30,0,1,6,1,2,30,1,1,2,1,0,0,2,1,0,0,22,59,23,35,99,99,0,0,0,0,1,7,0,180140,2515,2009,0,OLD HOBART RD,99999999999999999999,0000000,41.58951389,-87.24088611,1,1
18,101,4,2,6,0,3,3,0,0,3,2,0,12,1,1,1,1,2,55,2,2,2,1,0,0,3,1,0,0,6,0,6,6,99,99,0,0,0,0,1,5,0,180141,2750,2009,0,US-231,99999999999999999999,0000000,38.61844722,-86.91443056,3,1
18,39,4,6,4,58,2,2,0,0,4,3,0,12,5,1,1,1,2,55,1,1,2,3,0,0,2,4,0,0,5,28,5,38,99,99,0,0,0,0,1,2,0,180143,3380,2009,0,SR-19,99999999999999999999,0000000,41.47167222,-86.00170556,2,4
18,109,4,12,3,46,1,1,0,0,4,3,0,43,0,1,6,2,2,45,1,1,2,1,0,0,2,1,0,0,3,48,3,50,88,88,0,0,0,0,1,1,1,180144,3240,2009,0,SR-144,99999999999999999999,0000000,39.56778611,-86.28610556,1,1
18,29,3,26,2,51,1,1,0,0,4,3,0,24,0,3,6,1,2,45,1,1,2,1,0,0,2,1,0,0,2,51,3,1,88,88,0,0,0,0,1,5,1,180145,1880,2009,0,SR-1,SALT FORK RD,0000000,39.15495556,-84.87710833,1,1
18,95,4,5,21,35,1,1,0,0,4,3,0,34,0,1,6,1,2,55,2,1,2,2,28,3,2,2,0,0,21,36,21,47,88,88,0,0,0,0,1,1,1,180146,1440,2009,0,SR-13,99999999999999999999,0000000,40.30711944,-85.84218889,1,2
18,105,4,15,5,46,2,2,0,0,6,4,0,12,5,2,1,2,2,30,2,2,2,1,28,3,3,1,0,0,5,46,5,50,99,99,0,0,0,0,1,4,0,180147,380,2009,0,3RD ST,PATTERSON DR,0000000,39.16420833,-86.55183889,2,1
18,19,4,16,12,0,2,5,0,0,4,3,0,12,5,2,1,2,2,30,1,2,2,1,20,3,1,1,0,0,12,1,12,11,99,99,0,0,0,0,1,5,0,180148,800,2009,0,SR-62,SALEM CHURCH RD,0000000,38.48261944,-85.58873056,2,1
18,119,4,16,13,24,3,4,0,0,4,3,0,12,1,1,1,1,2,55,1,2,2,1,28,3,1,1,0,0,13,30,13,41,99,99,0,0,0,0,1,5,0,180149,4630,2009,0,SR-46,99999999999999999999,0000000,39.28249722,-86.68796667,3,1
18,167,4,18,2,0,2,1,0,0,6,4,0,1,0,1,6,1,2,30,1,1,2,1,0,0,2,1,0,0,2,0,2,3,99,99,0,0,0,0,1,7,1,180150,4840,2009,0,13TH ST,99999999999999999999,0000000,39.48814444,-87.39787222,1,1
18,177,4,18,23,50,1,3,1,0,6,4,0,10,0,6,1,1,2,30,1,2,2,1,61,3,2,1,0,0,23,54,23,59,99,99,0,0,0,0,1,7,1,180151,4120,2009,0,GRAVEL PIT ROAD,WOODSIDE DRIVE,9999999,39.84732778,-84.83312222,1,1
18,91,4,16,20,35,2,3,0,0,3,2,0,12,5,2,1,1,4,55,1,2,2,1,2,3,3,1,0,0,20,37,20,37,99,99,0,0,0,0,1,5,0,180153,2570,2009,0,US-421,SR-2,0000000,41.5629,-86.89696389,2,1
18,19,4,11,14,44,2,4,0,0,4,3,0,12,5,2,1,1,2,30,1,1,2,1,20,3,1,1,0,0,14,46,14,55,99,99,0,0,0,0,1,7,0,180154,800,2009,0,SR-3,BLACKBERRY TRAIL,0000000,38.58641667,-85.64735278,2,1
18,97,4,3,0,49,2,2,0,0,6,4,0,12,2,1,1,4,3,35,1,1,2,1,0,0,2,1,0,0,0,51,0,57,99,99,0,14,0,0,1,6,1,180155,2210,2009,0,ILLINOIS ST,99999999999999999999,0000000,39.79205,-86.15907778,2,1
18,97,4,13,1,2,2,3,0,0,6,4,0,12,5,1,1,1,2,35,1,1,2,1,0,0,2,1,0,0,1,3,1,5,99,99,0,0,0,0,1,2,1,180156,2210,2009,0,71ST ST,99999999999999999999,0000000,39.88244167,-86.22011389,2,1
18,127,4,18,11,3,2,3,0,0,4,3,0,12,5,2,1,1,2,55,1,1,2,1,1,3,1,1,0,0,11,3,11,8,99,99,0,0,0,0,1,7,0,180157,4960,2009,0,SR-49,DIVISION RD,0000000,41.43494167,-87.02725278,2,1
18,99,3,23,9,52,1,1,0,0,4,3,0,31,0,1,6,1,2,55,1,2,2,1,28,3,1,1,0,0,9,52,10,6,88,88,0,0,0,0,1,2,0,180158,4010,2009,0,SR-17,99999999999999999999,0000000,41.29625278,-86.41519444,1,1
18,99,4,7,16,40,2,6,0,0,16,4,0,12,5,2,1,1,2,55,1,2,2,1,20,3,1,1,0,0,16,40,16,45,99,99,0,0,0,0,1,3,0,180159,4010,2009,0,QUEEN RD,7TH RD,0000000,41.37597778,-86.37695833,2,1
18,161,3,21,0,37,1,1,0,0,4,3,0,30,0,1,4,1,2,55,2,1,2,1,0,0,2,1,0,0,0,37,0,41,88,88,0,0,0,0,1,7,1,180160,2660,2009,0,SR-44,99999999999999999999,0000000,39.63186944,-84.87200278,1,1
18,97,4,17,2,57,1,1,0,0,6,4,0,33,0,2,4,1,3,40,1,1,2,1,3,3,3,1,0,0,2,58,3,2,88,88,0,0,0,0,1,6,1,180161,2210,2009,0,ZIONSVILLE RD,62ND ST,0000000,39.86707778,-86.25996944,1,1
18,107,4,10,17,45,1,2,1,0,15,3,0,8,0,1,1,1,2,35,1,1,2,2,0,0,1,1,0,0,17,45,18,0,99,99,0,0,0,0,1,6,0,180162,2470,2009,0,SR-234,VINE ST,0000000,39.91371944,-86.79353611,1,1
18,21,4,23,5,53,2,2,0,0,4,3,0,12,2,1,1,1,2,55,1,1,2,1,0,0,1,1,0,0,5,53,6,4,99,99,0,0,0,0,1,5,0,180163,450,2009,0,SR-46,99999999999999999999,0000000,39.3777,-86.99901667,2,1
18,57,4,23,16,36,2,4,0,0,16,4,0,12,5,2,1,1,2,35,1,1,2,1,20,3,1,1,0,0,16,39,16,45,99,99,0,0,0,0,1,5,0,180164,5180,2009,0,186TH ST,CASEY RD,0000000,40.05731389,-86.179675,2,1
18,33,4,23,1,18,1,4,0,0,16,4,0,34,0,2,6,1,2,55,1,2,2,1,20,3,2,1,0,0,1,19,1,28,99,99,0,0,0,0,1,5,0,180165,1020,2009,0,CR-20,CR-00,0000000,41.45263333,-85.19365278,1,1
18,123,4,20,15,58,4,8,0,0,15,3,0,12,8,1,1,3,3,35,1,2,2,1,28,3,1,1,0,0,15,58,16,1,99,99,0,0,0,0,2,2,0,180166,4820,2009,0,SR-66,99999999999999999999,0000000,37.94501111,-86.76478333,4,1
18,127,4,26,3,18,1,1,0,0,16,4,0,53,0,1,6,1,2,40,1,2,2,2,28,3,2,1,0,0,3,21,3,23,88,88,0,0,0,0,1,1,1,180167,4960,2009,0,MERIDIAN RD,99999999999999999999,0000000,41.53543889,-87.06622222,1,1
18,3,4,26,2,30,1,1,0,0,16,4,0,24,0,1,6,1,2,45,2,1,2,1,28,3,2,1,0,0,2,38,2,40,99,99,0,0,0,0,1,1,1,180168,1580,2009,0,LEESBURG RD,99999999999999999999,0000000,41.11835278,-85.24575278,1,1
18,15,4,27,11,35,1,2,1,0,4,3,0,49,0,1,1,1,2,55,1,1,2,1,0,0,1,1,0,0,11,39,11,47,99,99,0,0,0,0,1,2,0,180169,650,2009,0,SR-75,99999999999999999999,0000000,40.58338889,-86.53488611,1,1
18,85,4,28,17,18,1,4,0,0,4,3,0,30,0,1,4,1,2,55,1,1,2,2,0,0,1,2,0,0,17,18,17,27,99,99,0,0,0,0,1,3,0,180170,3380,2009,0,SR-19,99999999999999999999,0000000,41.40879444,-86.00123333,1,2
18,157,4,29,17,18,3,3,0,1,1,1,0,13,5,1,1,2,2,70,1,1,2,1,0,0,1,1,0,0,17,19,17,25,99,99,0,14,0,0,1,4,0,180171,2480,2009,170,I-65,99999999999999999999,0000000,40.283625,-86.69541667,3,1
18,109,4,29,15,47,1,1,0,0,4,3,0,1,0,1,1,2,3,60,1,1,2,1,0,0,1,1,0,0,15,48,15,48,99,99,0,0,0,0,1,4,0,180172,2890,2009,0,SR-37,99999999999999999999,0000000,39.50980278,-86.41579722,1,1
18,141,4,30,7,51,1,2,1,0,6,4,0,8,0,2,1,1,2,30,1,1,1,1,1,3,1,1,0,0,7,51,7,53,88,88,1,0,0,0,1,5,0,180173,4580,2009,0,ANGELA BLVD,RIVERSIDE DR,0000000,41.69313611,-86.26376389,1,1
18,103,4,26,22,0,3,3,0,0,3,2,0,12,1,1,1,2,2,60,1,1,2,1,0,0,1,1,0,0,22,1,22,3,99,99,0,14,0,0,1,1,1,180174,3940,2009,0,US-31,99999999999999999999,0000000,40.57080556,-86.12731944,3,1
18,139,4,30,21,15,1,2,0,0,6,4,0,34,0,1,6,1,2,55,2,1,2,2,28,3,3,1,0,0,21,18,21,21,99,99,0,0,0,0,1,5,0,180175,4270,2009,0,BASE RD,99999999999999999999,0000000,39.52456667,-85.44350556,1,1
18,97,5,1,8,44,2,2,0,0,6,4,0,12,5,3,1,2,2,35,1,1,1,2,20,3,1,2,0,0,8,44,8,48,99,99,0,20,0,0,1,6,0,180176,2210,2009,0,82ND ST,SPRINGWATER DR,0000000,39.90525833,-86.02586667,2,2
18,39,5,2,12,30,2,2,0,0,16,4,0,12,2,1,1,1,2,55,1,3,2,1,0,0,1,1,0,0,12,30,13,10,99,99,0,0,0,0,1,7,0,180177,1830,2009,0,CR-36,99999999999999999999,0000000,41.56566111,-85.94445833,2,1
18,163,5,2,20,12,1,5,1,0,3,2,0,8,0,1,1,3,2,55,1,1,2,1,0,0,1,1,0,0,20,14,20,28,88,88,0,0,0,0,1,7,0,180178,1480,2009,0,US-41,99999999999999999999,0000000,37.92524167,-87.54850278,1,1
18,23,5,3,17,51,2,5,0,1,1,1,0,13,2,1,1,3,3,70,2,2,2,1,0,0,1,1,0,0,17,51,17,59,99,99,0,0,0,0,1,1,1,180179,9997,2009,158,I-65,99999999999999999999,0000000,40.26547778,-86.65929722,2,1
18,51,4,29,13,49,3,3,0,0,4,3,0,12,1,3,1,1,2,45,1,1,2,1,0,0,1,1,0,1,13,50,13,58,99,99,0,0,0,0,1,4,0,180180,3830,2009,0,SR-64,CR-950,0000000,38.39293611,-87.74462778,3,1
18,91,4,30,11,12,4,4,0,0,14,2,0,12,5,2,1,1,2,35,1,1,2,2,1,3,1,2,0,0,11,33,11,53,99,99,0,20,0,0,1,5,0,180181,2990,2009,0,US-35,VAIL ST,0000000,41.71303333,-86.88554722,4,2
18,135,5,6,18,10,1,2,0,0,16,4,0,30,0,1,6,1,2,55,1,2,2,2,0,0,1,2,0,0,18,14,18,34,99,99,0,0,0,0,1,4,0,180182,3120,2009,0,INDIAN TRAIL RD,99999999999999999999,0000000,40.03349722,-85.11370278,1,2
18,3,4,23,8,49,2,2,0,0,16,4,0,12,5,2,1,1,2,55,1,1,2,1,20,3,1,1,0,0,8,50,8,58,99,99,0,0,0,0,1,5,0,180183,3480,2009,0,FRANKE RD,PAULDING RD,0000000,41.03534167,-84.97049444,2,1
18,127,5,3,19,50,1,2,0,0,16,4,0,24,0,3,6,1,2,40,2,1,2,1,20,3,5,1,0,0,19,51,19,59,99,99,0,0,0,0,1,1,1,180184,2080,2009,0,CR-350,COUNTY LINE RD,0000000,41.38492222,-87.21985833,1,1
18,97,5,2,1,19,1,3,1,0,6,4,0,8,0,2,1,1,2,40,1,1,2,1,1,3,2,1,0,0,1,20,1,21,99,99,0,0,0,0,1,7,0,180185,2210,2009,0,SHADELAND AVE,16TH AVE,0000000,39.78921389,-86.04548056,1,1
18,165,5,3,8,50,1,1,0,0,4,3,0,34,0,1,6,2,3,55,1,2,2,1,0,0,1,1,0,0,8,52,8,58,99,99,0,0,0,0,1,1,0,180186,1500,2009,0,SR-63,99999999999999999999,0000000,39.67531944,-87.421775,1,1
18,39,5,9,10,21,2,3,0,0,16,4,0,12,5,2,1,1,2,35,1,2,2,1,20,3,1,1,0,0,10,24,10,31,99,99,0,0,0,0,1,7,0,180187,1830,2009,0,CR-31,CR-42,0000000,41.52294167,-85.77030556,2,1
18,97,5,1,14,17,2,2,0,0,6,4,0,12,5,1,1,2,2,35,1,1,2,2,0,0,1,2,0,0,14,17,14,20,99,99,0,0,0,0,1,6,0,180188,2210,2009,0,MERIDIAN ST,MERIDIAN SCHOOL RD,0000000,39.64998056,-86.15873333,2,2
18,57,5,6,6,43,2,2,0,0,15,3,0,12,2,1,1,1,2,55,1,1,2,1,0,0,1,1,0,0,6,43,6,46,99,99,0,0,0,0,1,4,1,180189,4480,2009,0,SR-47,99999999999999999999,0000000,40.12993611,-86.23778333,2,1
18,57,5,9,15,56,1,1,0,0,16,4,0,30,0,1,6,1,2,45,1,1,2,1,0,0,1,1,0,0,15,58,16,5,88,88,0,0,0,0,1,7,1,180190,170,2009,0,DEVANEY RD,99999999999999999999,0000000,40.19048056,-86.06908333,1,1
18,89,5,9,5,23,1,1,0,0,6,4,0,39,0,2,6,1,2,30,2,2,1,1,0,0,1,1,0,0,5,28,5,32,99,99,0,0,0,0,1,7,1,180191,2010,2009,0,CASINO CENTER DR,INDIANAPOLIS BLVD,0000000,41.69493056,-87.51550278,1,1
18,163,4,27,9,9,1,1,0,0,16,4,0,30,0,3,6,1,2,35,2,1,2,1,0,0,1,1,0,0,9,11,9,20,99,99,0,0,0,0,1,2,0,180192,1480,2009,0,UPPER MOUNT VERNON,PEERLESS RD,0000000,37.99264444,-87.663175,1,1
18,81,5,12,2,39,1,1,0,0,4,3,0,23,0,1,4,1,2,55,1,1,2,1,0,0,2,1,0,0,2,39,2,55,99,99,0,0,0,0,1,3,1,180193,4880,2009,0,SR-135,99999999999999999999,0000000,39.43506667,-86.158475,1,1
18,157,5,7,13,44,1,2,1,0,6,4,0,8,0,2,1,5,3,30,1,1,1,1,2,3,1,1,0,0,13,44,13,46,99,99,0,0,0,0,1,5,0,180194,5200,2009,0,RIVER RD,STATE ST,0000000,40.42217778,-86.90425833,1,1
18,145,5,7,17,50,1,1,0,0,16,4,0,36,0,1,6,1,2,45,1,1,2,1,28,3,1,1,0,0,17,50,18,7,99,99,0,0,0,0,1,5,0,180195,4470,2009,0,CR-1200,99999999999999999999,0000000,39.34836944,-85.95428333,1,1
18,157,5,12,3,15,1,1,0,0,4,3,0,42,0,1,4,1,2,50,1,1,2,1,0,0,2,1,0,0,3,23,3,26,88,88,0,0,0,0,1,3,1,180196,5200,2009,0,SR-43,99999999999999999999,0000000,40.4668,-86.88765,1,1
18,91,4,3,21,15,2,2,1,0,14,2,0,8,0,2,1,5,3,45,1,1,2,1,3,3,3,1,0,0,21,15,21,17,99,99,0,23,17,0,1,6,0,180197,2990,2009,0,US-20,HIGHWAY 421,0000000,41.680325,-86.89392778,2,1
18,97,4,24,18,28,1,1,0,0,6,4,0,33,0,1,4,1,4,30,2,1,2,1,0,0,1,1,0,0,18,31,18,38,99,99,0,0,0,0,1,6,0,180198,2210,2009,0,BROOKSIDE PKWY,99999999999999999999,0000000,39.78855556,-86.1126,1,1
18,55,5,9,18,13,2,3,0,0,4,3,0,12,2,1,1,1,2,40,1,3,2,1,28,3,1,1,0,0,18,13,18,32,99,99,0,0,0,0,2,7,0,180199,4565,2009,0,SR-43,99999999999999999999,0000000,39.09583056,-86.74092222,2,1
18,81,5,13,15,12,1,1,0,0,6,4,0,52,0,1,4,1,2,40,1,1,2,2,0,0,1,2,0,0,15,12,15,13,99,99,0,0,0,0,1,4,0,180200,1950,2009,0,FAIRVIEW RD,99999999999999999999,0000000,39.61968889,-86.20529722,1,2
18,15,5,14,12,50,1,1,0,0,4,3,0,3,0,1,6,1,2,55,1,1,2,1,0,0,1,1,0,0,12,52,13,5,88,88,0,0,0,0,1,5,0,180201,604,2009,0,SR-22,99999999999999999999,0000000,40.48925833,-86.37502778,1,1
18,49,5,5,18,18,2,2,0,0,3,2,0,12,5,2,1,3,3,60,1,1,2,1,21,3,1,1,0,0,18,22,18,27,99,99,0,0,0,0,1,3,0,180202,4190,2009,0,US-31,WABASH AVE,0000000,41.03424167,-86.18834444,2,1
18,159,5,12,2,30,2,3,0,0,3,2,0,12,5,2,1,2,2,55,1,1,2,1,1,3,2,1,0,0,2,40,2,49,88,88,0,0,0,0,1,3,0,180203,4860,2009,0,US-31,SR-28,0000000,40.27579444,-86.12723333,2,1
18,85,1,28,7,35,2,2,0,0,4,3,0,12,5,1,1,1,2,55,1,1,2,3,0,0,4,4,0,0,7,35,7,42,99,99,0,0,0,0,1,4,0,180204,2640,2009,0,SR-15,99999999999999999999,0000000,41.32146111,-85.85394722,2,4
18,107,5,16,17,5,1,1,0,0,16,4,0,1,0,1,6,1,2,55,1,1,2,2,0,0,1,1,0,0,17,33,17,49,99,99,0,0,0,0,1,7,0,180205,1060,2009,0,CR-200,99999999999999999999,0000000,40.10492778,-86.86619167,1,1
18,141,5,7,19,18,1,3,2,0,6,4,0,8,0,2,1,1,2,30,1,1,2,1,0,0,1,1,0,0,19,18,19,19,99,99,0,0,0,0,1,5,0,180206,3100,2009,0,11TH ST,DODGE AVE,0000000,41.65284167,-86.1759,1,1
18,163,2,10,17,27,1,2,1,0,6,4,0,8,0,3,1,1,2,35,1,1,2,2,0,0,3,2,0,0,17,27,17,31,99,99,0,0,0,0,1,3,0,180207,1480,2009,0,WAGGONER AVE,LODGE AVE,0000000,37.95489167,-87.53906389,1,2
18,67,4,12,9,5,2,3,0,0,16,4,0,12,5,2,1,1,2,45,1,1,2,1,20,3,1,1,0,0,9,11,9,21,99,99,0,0,0,0,1,1,0,180208,2430,2009,0,DAVIS RD,CR-300,0000000,40.56128611,-86.17538333,2,1
18,97,5,19,16,54,2,3,0,0,6,4,0,12,5,2,1,1,2,45,1,1,2,1,20,3,1,1,0,0,16,57,17,0,99,99,0,0,0,0,1,3,0,180209,2210,2009,0,42ND ST,GERMAN CHURCH,0000000,39.83385,-85.97221389,2,1
18,151,5,21,23,21,1,1,0,0,16,4,0,42,0,1,6,1,2,50,1,2,2,1,28,3,2,1,0,0,23,23,23,40,88,88,0,0,0,0,1,5,1,180210,160,2009,0,CR-600,99999999999999999999,0000000,41.64675,-85.10233056,1,1
18,101,5,25,14,13,2,2,0,0,14,2,0,12,5,2,1,1,2,35,1,1,2,2,20,3,1,2,0,0,14,14,14,16,99,99,0,0,0,0,1,2,0,180211,2750,2009,0,US-50,SOUTHERAST FIRST ST,0000000,38.67620278,-86.91196944,2,2
18,127,5,13,15,29,1,4,0,0,3,2,0,42,0,1,6,1,2,55,2,2,2,2,28,3,1,1,0,0,15,35,15,42,99,99,0,0,0,0,1,4,1,180212,4960,2009,0,US-6,99999999999999999999,0000000,41.55027778,-86.99867222,1,1
18,89,5,24,15,35,2,3,0,0,6,4,0,14,5,1,6,1,2,20,2,1,2,1,0,0,1,1,0,0,15,37,15,40,99,99,0,0,0,0,2,1,0,180213,1290,2009,0,ROYAL DUBLIN LANE,99999999999999999999,0000000,41.509125,-87.50700556,1,1
18,117,5,28,16,44,2,2,0,0,4,3,0,1,0,2,1,1,2,35,2,2,2,2,28,3,1,1,0,0,16,44,16,46,99,99,0,0,0,0,1,5,0,180214,1690,2009,0,SR-56,HANCOCK ST,0000000,38.54623333,-86.62571944,2,1
18,97,5,23,17,8,1,1,0,0,6,4,0,30,0,1,6,1,2,30,1,1,2,1,0,0,1,1,0,0,17,9,17,15,88,88,0,0,0,0,1,7,1,180215,2210,2009,0,MASSACHUSETTS,99999999999999999999,0000000,39.81888611,-86.06491944,1,1
18,101,5,28,17,38,2,2,0,0,3,2,0,12,1,2,1,1,2,55,1,1,2,1,0,0,1,1,0,0,17,38,17,42,99,99,0,0,0,0,1,5,0,180216,2750,2009,0,US-231,CR-350,0000000,38.71070556,-86.91862778,2,1
18,67,5,27,2,42,1,1,0,0,4,3,0,37,0,1,4,1,2,55,1,1,2,1,0,0,2,1,0,0,2,42,2,56,88,88,0,0,0,0,1,4,1,180217,2430,2009,0,SR-22,99999999999999999999,0000000,40.47815278,-85.9252,1,1
18,25,5,6,10,30,2,4,0,0,4,3,0,12,5,2,1,2,2,50,1,1,2,2,20,3,1,2,0,0,10,34,10,47,99,99,0,0,0,0,1,4,0,180218,1345,2009,0,SR-37,SR-64,0000000,38.3257,-86.60814167,2,2
18,29,5,27,12,39,2,2,0,0,16,4,0,12,2,1,1,1,2,35,2,2,2,1,0,0,1,1,0,0,12,40,12,44,88,88,0,0,0,0,1,4,1,180219,1220,2009,0,STATION HOLLOW RD,99999999999999999999,0000000,39.01985,-85.04499444,2,1
18,91,5,23,20,42,2,4,0,0,14,2,0,12,5,1,1,1,2,35,1,1,2,1,0,0,2,1,0,0,20,42,20,43,99,99,0,0,0,0,1,7,0,180220,2990,2009,0,US-421,99999999999999999999,0000000,41.67650278,-86.89413056,2,1
18,183,5,31,16,2,2,5,0,0,4,3,0,12,5,2,1,1,2,55,1,1,2,1,20,3,1,1,0,0,16,4,16,12,99,99,0,0,0,0,1,1,0,180221,980,2009,0,SR-14,CR-500,0000000,41.07860833,-85.39381111,2,1
18,103,5,31,14,35,2,5,0,0,16,4,0,12,5,2,1,1,2,55,1,1,2,1,20,3,1,1,0,0,14,38,14,43,99,99,0,0,0,0,1,1,0,180223,3940,2009,0,CR-850,CR-300,0000000,40.64404722,-86.01453889,2,1
18,177,5,26,23,38,2,2,0,0,6,4,0,12,5,2,1,1,2,30,1,2,2,1,20,3,2,1,0,0,23,38,23,46,99,99,0,0,0,0,1,3,1,180224,4120,2009,0,SOUTH E ST,SOUTH 7TH ST,0000000,39.82168889,-84.89294444,2,1
18,13,4,13,12,10,1,1,0,0,4,3,0,37,0,1,6,1,2,45,2,1,2,2,28,3,1,2,0,0,12,12,12,29,88,88,0,0,0,0,1,2,0,180225,3390,2009,0,SR-46,99999999999999999999,0000000,39.15668611,-86.30550278,1,2
18,103,6,1,13,50,2,2,0,0,14,2,0,12,5,2,1,2,2,35,1,1,2,1,1,3,1,1,0,0,13,50,13,53,99,99,0,0,0,0,1,2,0,180226,3940,2009,0,US-24,MEXICO RD,0000000,40.77378056,-86.08165833,2,1
18,43,5,29,22,6,2,2,0,0,14,2,0,12,1,1,1,1,2,50,2,1,1,1,0,0,2,1,0,0,22,6,22,12,99,99,0,0,0,0,1,6,0,180227,1939,2009,0,US-150,99999999999999999999,0000000,38.36763611,-85.97428333,2,1
18,59,5,29,6,25,1,1,0,1,1,1,0,36,0,1,6,2,2,70,1,1,2,1,0,0,1,1,0,0,6,28,6,33,99,99,0,0,0,0,1,6,0,180228,9997,2009,955,I-70,99999999999999999999,0000000,39.81667778,-85.92291389,1,1
18,89,4,26,16,50,1,1,0,0,15,3,0,1,0,1,1,3,2,50,2,1,2,1,0,0,1,6,0,0,16,50,17,24,99,99,0,0,0,0,1,1,0,180229,1310,2009,0,SR-912,99999999999999999999,0000000,41.65325833,-87.44730833,1,6
18,91,6,3,11,40,2,2,0,0,16,4,0,12,5,2,1,1,2,45,1,2,2,1,20,3,1,1,0,0,11,46,11,58,99,99,0,0,0,0,1,4,0,180230,2570,2009,0,CR-150,CR-500,0000000,41.62904444,-86.60213333,2,1
18,87,5,31,7,10,3,4,0,0,4,3,0,12,1,1,1,1,2,55,2,2,2,1,0,0,1,1,0,0,7,10,7,19,99,99,0,0,0,0,2,1,1,180231,4490,2009,0,SR-5,99999999999999999999,0000000,41.63667778,-85.58006389,3,1
18,85,6,5,23,7,1,1,0,0,4,3,0,30,0,1,6,1,2,55,1,1,2,1,0,0,2,1,0,0,23,10,23,10,88,88,0,0,0,0,1,6,1,180232,2950,2009,0,SR-19,99999999999999999999,0000000,41.14376111,-86.03874167,1,1
18,167,6,5,18,59,1,3,0,0,16,4,0,10,0,6,6,1,2,30,1,2,2,1,64,3,1,1,0,0,19,5,19,11,99,99,0,0,0,0,1,6,0,180233,4840,2009,0,FEREE DR,MCDANIEL RD,372920D,39.40562778,-87.38096111,1,1