STATE,COUNTY,MONTH,DAY,HOUR,MINUTE,VE_TOTAL,PERSONS,PEDS,NHS,ROAD_FNC,ROUTE,SP_JUR,HARM_EV,MAN_COLL,REL_JUNC,REL_ROAD,TRAF_FLO,NO_LANES,SP_LIMIT,ALIGNMNT,PROFILE,PAVE_TYP,SUR_COND,TRA_CONT,T_CONT_F,LGT_COND,WEATHER1,WEATHER2,WRK_ZONE,NOT_HOUR,NOT_MIN,ARR_HOUR,ARR_MIN,HOSP_HR,HOSP_MN,SCH_BUS,CF1,CF2,CF3,FATALS,DAY_WEEK,DRUNK_DR,ST_CASE,CITY,YEAR,MILEPT,TWAY_ID,TWAY_ID2,RAIL,LATITUDE,LONGITUD,VE_FORMS,WEATHER
18,91,5,20,18,12,2,2,0,0,14,2,0,12,5,2,1,1,2,30,1,1,2,1,1,3,1,1,0,0,18,13,18,14,99,99,0,0,0,0,1,4,1,180234,2990,2009,0,US-35,CARROLL AVE,0000000,41.709125,-86.86975556,2,1
18,161,6,2,22,38,1,1,0,0,16,4,0,37,0,1,6,1,2,45,1,1,2,2,0,0,1,2,0,0,22,38,22,55,88,88,0,0,0,0,1,3,1,180235,2660,2009,0,MITCHELL RD,99999999999999999999,0000000,39.71233611,-84.90929722,1,2
18,107,6,6,8,21,2,3,0,0,16,4,0,12,5,2,1,1,2,50,1,1,2,1,20,3,1,1,0,0,8,21,8,30,99,99,0,0,0,0,2,7,0,180236,1060,2009,0,LADOGA RD,CR-300,0000000,39.99592778,-86.87117222,2,1
18,57,6,8,23,29,1,5,0,0,4,3,0,34,0,1,4,1,2,55,1,1,2,1,0,0,2,1,0,0,23,30,23,35,99,99,0,0,0,0,1,2,0,180237,5180,2009,0,SR-32,99999999999999999999,0000000,40.04259722,-86.17830278,1,1
18,91,6,6,5,20,1,1,0,1,1,1,0,11,0,1,1,2,3,70,1,1,2,1,0,0,4,1,0,0,5,23,5,24,88,88,0,0,0,0,1,7,0,180238,2990,2009,418,I-80,99999999999999999999,0000000,41.60921667,-86.84945556,1,1
18,177,6,6,10,42,2,6,0,0,6,4,0,12,5,2,1,1,2,30,1,1,2,1,20,3,1,1,0,0,10,45,10,46,99,99,0,0,0,0,1,7,0,180239,4120,2009,0,WOODSIDE DR,GRAVEL PIT RD,0000000,39.83391667,-84.83282222,2,1
18,97,5,29,20,51,6,5,1,0,6,4,0,12,5,1,1,2,2,40,1,1,2,1,0,0,1,1,0,0,20,51,20,51,99,99,0,20,0,0,1,6,0,180240,2210,2009,0,COLLEGE AVE,99999999999999999999,0000000,39.82007222,-86.14508611,3,1
18,57,6,8,16,50,1,3,0,0,6,4,0,42,0,1,6,1,2,20,2,2,2,1,0,0,1,1,0,0,16,52,16,55,99,99,0,0,0,0,1,2,1,180241,710,2009,0,CENTRAL PARK EAST DR,99999999999999999999,0000000,39.95226944,-86.126825,1,1
18,89,6,5,15,25,2,2,0,0,14,2,0,13,2,1,1,2,4,45,1,1,2,1,0,0,1,1,0,0,15,25,15,28,99,99,0,0,0,0,1,6,0,180242,2972,2009,0,US-30,99999999999999999999,0000000,41.47139167,-87.31575278,2,1
18,89,6,2,8,20,1,2,1,0,6,4,0,8,0,2,1,1,2,25,1,2,2,1,0,0,1,1,0,0,8,21,8,25,99,99,1,16,0,0,1,3,0,180243,4380,2009,0,75TH AVE,PERSHING RD,0000000,41.48263611,-87.40980278,1,1
18,89,5,22,23,18,1,3,0,0,6,4,0,5,0,1,1,1,2,20,1,1,2,1,0,0,3,1,0,0,23,18,23,30,99,99,0,0,0,0,1,6,0,180244,1310,2009,0,READING AVE,99999999999999999999,0000000,41.61286667,-87.48792778,1,1
18,33,6,9,18,36,1,4,0,0,14,2,0,39,0,2,5,1,2,30,2,2,2,1,0,0,1,1,0,0,18,37,18,39,99,99,0,0,0,0,1,3,0,180245,5130,2009,0,US-6,WASHINGTON ST,0000000,41.433275,-85.01845556,1,1
18,3,6,10,0,19,3,1,0,0,6,4,0,18,0,1,5,1,2,30,2,1,2,1,28,3,3,1,0,0,0,19,0,31,88,88,0,0,0,0,1,4,1,180246,5418,2009,0,BULL RAPIDS RD,99999999999999999999,0000000,41.12901389,-84.85480556,1,1
18,5,5,30,23,14,1,1,0,0,16,4,0,5,0,1,6,1,2,55,1,1,2,1,0,0,2,6,0,0,23,14,23,24,88,88,0,0,0,0,1,7,1,180247,990,2009,0,CR-800,99999999999999999999,0000000,39.32045556,-85.80425278,1,6
18,97,6,11,5,54,1,2,1,0,6,4,0,8,0,2,1,2,2,35,1,1,1,2,1,3,2,2,0,0,5,54,5,57,99,99,0,0,0,0,1,5,0,180248,2210,2009,0,46TH ST,COLLEGE AVE,0000000,39.83998056,-86.14534444,1,2
18,55,5,14,21,36,2,2,0,0,4,3,0,12,5,2,1,3,2,50,1,1,2,1,20,3,2,1,0,0,21,36,21,50,88,88,0,0,0,0,1,5,1,180249,9997,2009,0,SR-67,CR-400,0000000,38.96241111,-87.11548889,2,1
18,79,6,5,12,52,2,2,0,0,16,4,0,12,5,2,1,1,2,45,1,1,2,1,20,3,1,1,0,0,12,52,13,5,99,99,0,0,0,0,1,6,0,180250,998,2009,0,CR-850,CR-800,0000000,38.86350278,-85.75893333,2,1
18,127,6,11,16,26,3,5,0,0,4,3,0,12,5,2,1,2,2,35,1,1,2,2,20,3,1,2,0,0,16,26,16,33,99,99,0,0,0,0,1,5,0,180251,4960,2009,0,SR-49,CR-600,0000000,41.52098056,-87.02828333,3,2
18,127,6,14,15,54,2,2,0,0,16,4,0,1,0,1,1,1,2,40,1,3,2,1,28,3,1,1,0,0,15,56,15,59,99,99,0,0,0,0,1,1,0,180252,4960,2009,0,DIVISION RD,99999999999999999999,0000000,,,2,1
18,91,6,14,22,40,2,3,0,0,16,4,0,12,2,1,1,1,2,40,2,2,2,1,0,0,2,1,0,0,22,42,22,45,99,99,0,0,0,0,1,1,2,180253,2990,2009,0,CR-600,99999999999999999999,0000000,41.67996389,-86.81649722,2,1
18,97,6,12,17,33,1,2,1,0,6,4,0,8,0,2,1,1,2,40,1,1,2,1,1,3,1,1,0,0,17,36,17,50,99,99,0,0,0,0,1,6,0,180254,2210,2009,0,HIGH SCHOOL RD,WASHINGTON ST,0000000,39.74718889,-86.26996944,1,1
18,163,5,8,22,12,2,2,0,0,3,2,0,12,1,3,1,2,2,55,1,1,2,1,1,3,2,1,0,0,22,22,22,25,99,99,0,0,0,0,1,6,1,180255,1480,2009,0,US-41,SR-57,0000000,38.050525,-87.54472778,2,1
18,17,6,2,9,35,1,1,0,0,3,2,0,42,0,1,6,1,2,55,1,1,2,1,28,3,1,1,0,0,9,40,9,49,88,88,0,0,0,0,1,3,1,180256,2730,2009,0,US-24,99999999999999999999,0000000,40.76169167,-86.45982778,1,1
18,103,6,4,22,50,1,2,1,0,4,3,0,8,0,1,1,1,2,55,1,1,2,1,0,0,2,1,0,1,22,50,23,2,88,88,0,0,0,0,1,5,0,180257,120,2009,0,SR-18,99999999999999999999,0000000,40.57879167,-86.01144722,1,1
18,49,6,13,4,5,1,1,0,0,4,3,0,42,0,1,6,1,2,55,2,1,2,1,28,3,2,1,0,0,4,6,4,9,88,88,0,0,0,0,1,7,1,180258,9997,2009,0,SR-25,99999999999999999999,0000000,41.12161944,-86.17795833,1,1
18,79,6,14,14,4,1,1,0,0,14,2,0,1,0,1,6,1,2,55,1,2,2,2,28,3,1,2,0,0,14,4,14,10,88,88,0,0,0,0,1,1,0,180259,3670,2009,0,US-50,99999999999999999999,0000000,38.98503333,-85.68580556,1,2
18,173,6,14,0,45,1,1,0,0,4,3,0,35,0,1,4,1,2,45,2,2,2,1,0,0,2,1,0,0,10,58,11,17,88,88,0,18,0,0,1,1,1,180260,4830,2009,0,SR-161,99999999999999999999,0000000,38.12024167,-87.11806389,1,1
18,29,6,21,15,40,4,4,0,0,16,4,0,12,2,1,1,1,2,35,1,3,2,1,0,0,1,1,0,0,15,40,15,51,99,99,0,0,0,0,1,1,1,180261,230,2009,0,DUTCH HOLLOW RD,99999999999999999999,0000000,39.04388611,-84.90268611,4,1
18,39,6,19,14,29,1,1,0,0,16,4,0,42,0,1,6,1,2,55,1,2,2,1,0,0,1,1,0,0,14,29,14,49,88,88,0,0,0,0,1,6,0,180262,3060,2009,0,CR-31,99999999999999999999,0000000,41.46485556,-85.76927778,1,1
18,39,6,19,15,56,2,4,0,0,16,4,0,12,5,2,1,1,2,45,1,1,2,2,20,3,1,1,0,0,15,56,16,17,99,99,0,0,0,0,2,6,0,180263,1830,2009,0,CR-34,CR-37,0000000,41.58232222,-85.71395833,2,1
18,3,6,20,21,37,1,2,0,0,6,4,0,38,0,1,6,1,2,40,2,1,2,1,0,0,2,1,0,0,21,37,21,45,99,99,0,0,0,0,1,7,1,180264,1580,2009,0,NORTH RIVER RD,99999999999999999999,0000000,41.08595,-85.02945833,1,1
18,91,6,20,3,4,1,2,1,0,3,2,0,8,0,1,1,2,4,99,1,1,2,2,0,0,2,1,0,0,3,4,3,12,88,88,0,0,0,0,1,7,0,180265,2990,2009,0,US-20,99999999999999999999,0000000,41.68752778,-86.87035556,1,1
18,23,6,11,16,20,2,3,0,1,1,1,0,12,2,1,1,2,3,70,2,2,2,2,0,0,1,2,0,0,16,21,16,40,99,99,0,0,0,0,2,5,0,180266,1640,2009,158,I-65,99999999999999999999,0000000,40.26560833,-86.65946944,2,2
18,45,6,20,15,34,2,7,0,0,3,2,0,12,5,3,1,1,2,40,1,3,2,1,20,3,1,1,0,0,15,34,15,52,99,99,0,0,0,0,1,7,1,180267,4980,2009,0,US-41,STONEBLUFF RD,0000000,40.17113333,-87.24346111,2,1
18,85,6,14,10,32,2,6,0,0,15,3,0,12,5,2,1,3,3,45,1,2,2,1,3,3,1,1,0,0,10,32,10,33,99,99,0,0,0,0,1,1,0,180268,5110,2009,0,SR-15,CR-250,0000000,41.27020278,-85.85260833,2,1
18,63,6,20,18,12,2,6,0,1,11,1,0,12,2,1,1,2,3,65,1,1,1,1,0,0,1,1,0,0,18,12,18,13,99,99,0,0,0,0,2,7,0,180269,3990,2009,664,I-70,99999999999999999999,0000000,39.66583889,-86.37635833,2,1
18,63,6,24,12,9,2,4,0,0,16,4,0,12,5,1,1,1,2,40,1,3,2,1,28,3,1,1,0,0,12,10,12,18,99,99,0,0,0,0,1,4,0,180270,251,2009,0,RACEWAY RD,99999999999999999999,0000000,39.79773889,-86.326875,2,1
18,43,6,27,21,11,2,5,0,0,3,2,0,12,2,1,1,1,2,50,1,3,2,1,0,0,1,1,0,0,22,11,22,15,88,88,0,0,0,0,1,7,0,180272,1708,2009,0,US-150,99999999999999999999,0000000,38.34842222,-85.92741944,2,1
18,129,6,4,16,17,3,9,0,1,1,1,0,12,5,1,1,2,3,70,1,2,2,1,0,0,1,1,0,0,16,17,16,29,99,99,0,0,0,0,2,5,0,180273,4050,2009,7,I-64,99999999999999999999,0000000,38.19684167,-87.86762222,3,1
18,3,6,24,6,10,1,1,0,1,11,1,0,11,0,15,1,3,3,65,1,1,2,1,0,0,1,1,0,0,6,11,6,11,99,99,0,0,0,0,1,4,0,180274,1580,2009,99999,I-469,I-69,0000000,41.16986667,-85.10559167,1,1
18,145,6,20,13,30,2,3,0,0,16,4,0,12,5,2,1,1,2,55,1,1,2,1,20,3,1,1,0,0,13,34,13,45,99,99,0,0,0,0,1,7,0,180275,4470,2009,0,CR-300,CR-400,0000000,39.58558333,-85.72460278,2,1
18,153,6,26,5,9,2,5,0,0,4,3,0,12,5,2,1,1,2,55,1,1,2,1,20,3,2,1,0,0,5,9,5,19,99,99,0,0,0,0,1,6,1,180276,1868,2009,0,SR-154,CR-900,0000000,39.11647778,-87.57365278,2,1
18,97,6,20,22,25,2,1,0,0,6,4,0,1,0,1,1,1,2,25,2,1,2,1,0,0,3,1,0,0,22,28,22,32,99,99,0,0,0,0,1,7,1,180277,2600,2009,0,BEARSDALE DRIVE,99999999999999999999,0000000,39.874225,-85.93917778,1,1
18,157,6,28,5,6,1,2,0,0,16,4,0,34,0,1,6,1,2,50,1,1,2,1,0,0,2,1,0,0,5,8,5,18,99,99,0,0,0,0,2,1,1,180278,2480,2009,0,CR-700,99999999999999999999,0000000,40.31605278,-86.76727222,1,1
18,151,6,21,11,35,2,25,0,1,1,1,0,12,2,1,1,2,3,70,2,2,2,1,0,0,1,1,0,0,12,5,12,12,99,99,0,0,0,0,1,1,0,180279,160,2009,1514,I-65,99999999999999999999,0000000,41.67002778,-85.01177778,2,1
18,63,6,26,8,40,2,4,0,0,3,2,0,12,2,3,1,1,2,55,1,1,2,1,28,3,1,1,0,0,8,43,8,43,99,99,0,0,0,0,1,6,0,180280,3980,2009,0,US-136,CR-201,0000000,39.86870833,-86.49064167,2,1
18,57,6,30,14,46,2,2,0,0,4,3,0,12,5,2,1,1,2,55,2,1,2,1,20,3,1,1,0,0,14,48,14,56,99,99,0,0,0,0,1,3,0,180281,3590,2009,0,SR-37,STRAWTOWN AVE,0000000,40.12363333,-85.94286944,2,1
18,109,7,1,3,15,1,2,0,0,4,3,0,1,0,1,4,2,4,60,1,1,2,1,0,0,2,1,0,0,3,19,3,20,99,99,0,0,0,0,1,4,1,180282,2890,2009,0,SR-37,99999999999999999999,0000000,39.36245556,-86.48926667,1,1
18,89,6,28,2,15,2,2,0,0,14,2,0,12,2,1,1,2,2,55,1,3,2,1,0,0,2,1,0,0,2,30,2,34,88,88,0,0,0,0,1,1,1,180283,1730,2009,0,US-20,99999999999999999999,0000000,41.59423056,-87.222175,2,1
18,3,6,28,3,30,1,2,0,0,6,4,0,33,0,3,6,1,2,35,2,2,2,1,0,0,2,1,0,0,3,30,3,31,88,88,0,0,0,0,2,1,1,180284,1580,2009,0,MAUMEE AVE,COMPARET AVE,0000000,41.07821944,-85.12350833,1,1
18,145,6,29,0,18,1,1,0,0,4,3,0,32,0,1,6,1,2,55,2,1,2,1,28,3,2,1,0,0,0,18,0,22,88,88,0,0,0,0,1,2,0,180285,4470,2009,0,SR-9,99999999999999999999,0000000,39.64746944,-85.77142222,1,1
18,181,6,22,14,15,2,2,0,0,4,3,0,12,5,2,1,1,2,55,2,1,2,1,20,3,1,1,0,0,14,15,14,25,99,99,0,0,0,0,1,2,0,180286,540,2009,0,SR-18,SPRINGBORO RD,0000000,40.59523333,-86.77521111,2,1
18,39,6,15,17,49,2,2,0,0,6,4,0,12,7,1,1,1,2,30,1,1,2,1,0,0,1,1,0,0,17,49,17,49,99,99,0,0,0,0,1,2,0,180287,1410,2009,0,6TH ST,99999999999999999999,0000000,41.68110278,-85.97851111,2,1
18,89,6,26,4,5,3,7,0,1,11,1,0,12,1,1,1,2,2,65,1,3,1,1,0,0,2,1,0,0,4,5,4,15,99,99,0,20,0,0,5,6,0,180288,1100,2009,2472,I-65,99999999999999999999,0000000,41.39236111,-87.32478611,3,1
18,163,7,2,21,32,2,4,0,0,4,3,0,12,5,2,1,2,2,40,1,1,1,1,0,0,2,1,0,0,21,32,21,38,99,99,0,0,0,0,2,5,0,180289,1480,2009,0,SR-66,ST JOSEPH RD,0000000,38.03845833,-87.67098333,2,1
18,97,7,1,2,0,2,3,0,0,15,3,0,12,5,2,1,3,2,45,1,2,2,1,1,3,2,1,0,0,2,8,2,9,88,88,0,0,0,0,1,4,1,180290,2210,2009,0,SR-37,EPLER AVE,0000000,39.68585556,-86.19409444,2,1
18,13,6,27,12,25,1,4,1,0,16,4,0,9,0,3,1,1,2,40,1,1,2,1,20,3,1,1,0,0,12,25,12,38,99,99,0,0,0,0,1,7,0,180291,3390,2009,0,HORNTETTON RD,FRUITDALE RD,0000000,39.33124444,-86.23357778,1,1
18,99,6,14,13,22,1,1,0,0,16,4,0,49,0,2,1,1,2,55,1,1,2,1,0,0,1,1,0,0,13,22,13,31,99,99,0,0,0,0,1,1,0,180292,470,2009,0,BEECH RD,4B RD,0000000,41.41199722,-86.08285833,1,1
18,73,7,6,0,10,1,2,1,0,4,3,0,8,0,1,1,1,2,55,1,1,2,1,0,0,2,1,0,0,0,10,0,10,88,88,0,0,0,0,1,2,0,180293,1206,2009,0,SR-10,99999999999999999999,0000000,41.1876,-87.15999167,1,1
18,35,6,27,0,0,1,1,0,0,3,2,0,24,0,1,6,2,2,55,2,3,1,1,0,0,3,1,0,0,0,10,0,10,88,88,0,0,0,0,1,7,0,180294,3360,2009,0,US-35,99999999999999999999,0000000,40.17851389,-85.33686111,1,1
18,3,6,6,13,53,1,1,0,0,16,4,0,32,0,1,6,1,2,55,1,1,2,1,0,0,1,1,0,0,13,53,14,5,99,99,0,0,0,0,1,7,0,180295,3480,2009,0,WEBSTER RD,99999999999999999999,0000000,41.07265556,-84.92358611,1,1
18,169,7,4,23,45,1,1,0,0,16,4,0,1,0,1,6,1,2,55,2,1,2,2,0,0,2,2,0,0,7,31,7,51,88,88,0,0,0,0,1,7,1,180296,5040,2009,0,CR-800,99999999999999999999,0000000,40.66201944,-85.63885556,1,2
18,35,7,6,17,2,2,4,0,0,15,3,0,12,1,3,1,1,2,55,1,1,2,1,0,0,1,1,0,0,17,3,17,6,99,99,0,0,0,0,1,2,0,180297,3360,2009,0,SR-32,GRAY ST,0000000,40.19388889,-85.32059722,2,1
18,19,7,4,14,9,2,3,0,0,6,4,0,12,5,2,1,5,3,35,1,1,2,2,3,3,1,2,0,0,14,9,14,11,99,99,0,0,0,0,1,7,0,180298,870,2009,0,LEWIS AND CLARK PKWY,CEDAR ST,0000000,38.31771944,-85.75543611,2,2
18,121,7,7,18,15,2,1,0,0,3,2,0,14,1,1,6,1,2,55,2,3,2,1,0,0,1,1,0,0,18,17,18,23,99,99,0,0,0,0,1,3,1,180299,2880,2009,0,US-41,99999999999999999999,0000000,39.87433889,-87.23333333,1,1
18,183,7,6,18,50,1,1,0,0,3,2,0,30,0,1,4,1,3,60,1,1,2,1,0,0,1,1,0,0,18,50,18,53,99,99,0,0,0,0,1,2,0,180300,980,2009,0,US-30,99999999999999999999,0000000,41.17574722,-85.55465833,1,1
18,55,6,28,19,46,1,1,0,0,16,4,0,1,0,1,4,1,2,55,2,1,2,1,0,0,1,1,0,0,19,46,20,14,88,88,0,0,0,0,1,1,0,180301,4565,2009,0,CR-1100,99999999999999999999,0000000,39.08243889,-86.73851944,1,1
18,29,6,26,1,16,1,2,0,0,16,4,0,36,0,1,6,1,2,35,2,2,2,2,0,0,2,1,0,0,1,16,1,25,99,99,0,0,0,0,1,6,1,180302,2610,2009,0,SAND RUN RD,99999999999999999999,0000000,39.20233056,-84.83058889,1,1
18,97,5,5,22,51,2,2,0,0,6,4,0,12,5,2,1,1,2,30,1,1,2,1,20,3,3,1,0,0,22,52,22,54,99,99,0,0,0,0,1,3,0,180303,2210,2009,0,BANCROFT,36TH ST,0000000,39.82205,-86.08506944,2,1
18,85,7,9,18,59,2,2,0,0,3,2,0,12,5,2,1,2,2,55,1,1,2,1,4,3,1,1,0,0,18,59,19,7,99,99,0,0,0,0,1,5,0,180304,215,2009,0,US-30,CR-800,0000000,41.26706667,-85.99857222,2,1
18,151,7,8,18,53,2,3,0,1,1,1,0,13,2,1,1,2,3,70,1,1,2,1,0,0,1,1,0,0,18,53,18,56,99,99,0,0,0,0,2,4,0,180305,1680,2009,1409,I-80,99999999999999999999,0000000,41.74775,-85.04653889,2,1
18,103,7,10,23,14,1,5,0,0,16,4,0,42,0,1,6,1,2,30,1,1,2,1,0,0,2,1,0,0,23,14,23,14,99,99,0,0,0,0,1,6,0,180306,3940,2009,0,WEST RIVER RD,99999999999999999999,0000000,40.7389,-86.09766389,1,1
18,177,7,12,1,0,1,1,0,1,1,1,0,1,0,1,1,3,3,70,1,1,2,1,0,0,2,5,0,0,1,39,1,50,88,88,0,0,0,0,1,1,1,180307,4120,2009,146,I-70,99999999999999999999,0000000,39.85997778,-84.97697222,1,5
18,3,7,12,20,57,1,1,0,0,6,4,0,53,0,1,6,1,2,35,2,1,2,1,0,0,5,1,0,0,20,57,20,58,99,99,0,0,0,0,1,1,1,180308,1580,2009,0,DECATUR RD,99999999999999999999,0000000,41.02673056,-85.12224167,1,1
18,119,7,13,13,35,1,1,0,0,3,2,0,42,0,1,6,1,2,50,2,1,2,1,0,0,1,1,0,0,13,37,13,41,88,88,0,0,0,0,1,2,0,180309,4630,2009,0,US-231,99999999999999999999,0000000,39.29951944,-86.74306944,1,1
18,91,7,12,1,46,1,1,0,0,16,4,0,42,0,1,6,1,2,40,1,2,2,1,28,3,2,1,0,0,1,46,1,46,88,88,0,0,0,0,1,1,1,180310,2570,2009,0,CR-500,99999999999999999999,0000000,41.53389722,-86.83868333,1,1
18,43,7,12,19,8,2,3,0,0,6,4,0,13,2,1,1,1,2,30,2,1,2,1,0,0,1,1,0,0,19,8,19,17,88,88,0,0,0,0,1,1,0,180311,1788,2009,0,GEORGETOWN,99999999999999999999,0000000,38.30926944,-85.99505556,2,1
18,97,6,20,23,21,1,4,1,1,11,1,0,8,0,1,1,2,3,65,1,1,1,1,0,0,2,1,0,0,23,36,23,42,88,88,0,0,0,0,1,7,0,180312,2210,2009,72,I-74,99999999999999999999,0000000,39.79858056,-86.27503333,1,1
18,39,7,14,22,26,1,3,1,0,15,3,0,10,0,6,6,1,2,30,2,1,2,1,60,3,2,1,0,0,22,26,22,30,99,99,0,0,0,0,2,3,1,180313,1830,2009,0,SR-4,8TH,9999999,41.58646389,-85.82824167,1,1
18,85,7,12,18,15,2,4,0,0,16,4,0,12,5,2,1,1,2,55,1,1,2,1,20,3,1,1,0,0,18,15,18,22,99,99,0,0,0,0,1,1,0,180314,5110,2009,0,CR-400,CR-150,0000000,41.29186667,-85.872575,2,1
18,121,7,11,9,37,2,2,0,0,4,3,0,12,5,1,1,1,2,55,2,1,2,2,0,0,1,2,0,0,9,38,9,55,99,99,0,0,0,0,1,7,0,180315,9997,2009,0,SR-59,99999999999999999999,0000000,39.75246944,-87.10544722,2,2
18,83,7,14,9,37,2,2,0,0,3,2,0,12,7,1,1,2,2,60,1,1,2,1,0,0,1,1,0,0,9,37,9,40,88,88,0,0,0,0,1,3,0,180316,5030,2009,0,US-50,99999999999999999999,0000000,38.67482222,-87.44739444,2,1
18,101,7,18,14,10,2,3,0,0,3,2,0,12,2,1,1,1,2,55,1,2,2,1,28,3,1,1,0,0,14,15,14,25,99,99,0,0,0,0,1,7,0,180317,2750,2009,0,US-231,99999999999999999999,0000000,38.66733333,-86.9143,2,1
18,17,7,19,1,3,2,2,0,0,3,2,0,12,2,1,1,1,2,55,1,1,2,1,0,0,2,1,0,0,1,3,1,10,99,99,0,0,0,0,1,1,1,180318,2730,2009,0,US-35,99999999999999999999,0000000,40.71968056,-86.28061389,2,1
18,99,7,14,14,15,2,2,0,0,3,2,0,12,5,2,1,2,4,55,1,1,2,1,4,3,1,1,0,0,14,15,14,25,88,88,0,0,0,0,1,3,0,180319,180,2009,0,US-31,SR-110,0000000,41.17245278,-86.242075,2,1
18,59,7,16,21,52,1,1,0,0,4,3,0,11,0,1,1,1,2,55,1,1,2,1,0,0,2,1,0,0,21,55,22,3,88,88,0,0,0,0,1,5,0,180320,1890,2009,0,SR-234,99999999999999999999,0000000,39.90176944,-85.71413056,1,1
18,127,7,14,12,27,2,2,0,0,4,3,0,12,1,1,4,1,2,55,1,3,2,1,28,3,1,1,0,2,12,39,12,43,99,99,0,0,0,0,1,3,0,180321,4960,2009,0,SR-130,99999999999999999999,0000000,41.50375556,-87.15625833,2,1
18,59,7,15,8,39,2,3,0,0,16,4,0,12,5,2,1,1,2,45,1,1,2,1,20,3,1,1,0,0,8,39,8,47,99,99,0,0,0,0,1,4,0,180322,1890,2009,0,CR-100,CR-500,0000000,39.7718,-85.70765,2,1
18,59,7,11,11,51,2,4,0,0,14,2,0,12,5,2,1,1,2,45,1,1,2,2,1,3,1,2,0,0,12,16,12,41,99,99,0,0,0,0,1,7,0,180323,1890,2009,0,US-40,MERIDIAN RD,0000000,39.78390556,-85.80202222,2,2
18,127,7,19,3,47,1,1,0,0,16,4,0,11,0,1,1,1,2,35,1,1,2,1,0,0,2,1,0,0,3,48,3,52,88,88,0,0,0,0,1,1,1,180324,4960,2009,0,MARTINAL RD,99999999999999999999,0000000,41.44906389,-87.03944167,1,1
18,63,7,1,23,5,1,1,0,0,16,4,0,30,0,1,4,1,2,55,1,2,1,1,0,0,2,1,0,0,23,17,23,25,99,99,0,0,0,0,1,4,1,180325,1160,2009,0,CR-200,99999999999999999999,0000000,39.73141667,-86.51025278,1,1
18,89,7,15,11,31,1,2,0,1,11,1,0,24,0,1,5,3,2,55,1,1,2,1,4,3,1,1,0,0,11,32,11,42,99,99,0,0,0,0,1,4,0,180326,2010,2009,31,I-90,99999999999999999999,0000000,41.62893333,-87.49768333,1,1
18,11,7,7,18,5,2,2,0,0,15,3,0,1,0,1,1,1,2,20,1,1,2,1,0,0,1,1,0,0,18,5,18,7,99,99,0,0,0,0,1,3,0,180327,2630,2009,0,SR-39,99999999999999999999,0000000,40.05563889,-86.47042778,2,1
18,183,7,16,15,0,1,2,0,0,16,4,0,34,0,1,6,1,2,55,1,3,2,1,0,0,1,1,0,0,15,12,15,18,88,88,0,0,0,0,2,5,0,180328,980,2009,0,CR-550,99999999999999999999,0000000,41.222375,-85.38728611,1,1
18,51,7,18,4,55,1,2,1,0,16,4,0,8,0,1,1,1,2,45,1,1,8,8,0,0,4,1,0,0,5,0,5,12,88,88,0,0,0,0,1,7,0,180329,2816,2009,0,CR-700,99999999999999999999,0000000,38.25267222,-87.37815278,1,1
18,25,7,19,21,27,1,1,0,0,16,4,0,5,0,1,6,1,2,40,2,2,2,1,0,0,2,1,0,0,21,30,21,45,88,88,0,0,0,0,1,1,1,180330,2840,2009,0,ROSS RD,99999999999999999999,0000000,38.38728333,-86.33348333,1,1
18,33,7,20,16,54,3,3,0,0,3,2,0,12,1,1,1,1,2,50,2,1,2,1,0,0,1,1,0,0,16,54,16,59,99,99,0,0,0,0,1,2,0,180331,5130,2009,0,US-6,99999999999999999999,0000000,41.43989444,-85.03993056,3,1
18,105,7,22,0,45,1,1,0,0,16,4,0,30,0,1,6,1,2,35,2,1,2,2,0,0,2,2,0,0,0,45,0,59,88,88,0,0,0,0,1,4,0,180332,1420,2009,0,STARNES RD,99999999999999999999,0000000,39.19541111,-86.66101389,1,2
18,97,7,15,10,44,1,2,1,0,6,4,0,8,0,1,1,1,2,35,1,1,2,2,0,0,1,1,0,0,10,45,10,55,99,99,0,0,0,0,1,4,0,180333,2210,2009,0,10TH ST,99999999999999999999,0000000,39.78163056,-86.093675,1,1
18,89,7,18,5,15,1,1,0,1,11,1,0,21,0,1,6,3,3,45,1,1,1,1,0,0,4,1,0,1,5,19,5,22,88,88,0,0,0,0,1,7,0,180334,1730,2009,103,I-80,99999999999999999999,0000000,41.56755556,-87.33062222,1,1
18,119,7,19,2,45,1,2,0,0,16,4,0,24,0,1,6,1,2,45,2,1,2,1,0,0,3,1,0,0,2,57,3,9,99,99,0,0,0,0,1,1,1,180335,4065,2009,0,QUNICY RD,99999999999999999999,0000000,39.45581111,-86.76216667,1,1
18,181,7,14,23,30,1,2,0,0,16,4,0,1,0,1,6,1,2,55,1,1,2,1,0,0,2,1,0,0,4,1,4,32,99,99,0,0,0,0,1,3,1,180336,540,2009,0,CR-700,99999999999999999999,0000000,40.60596944,-87.00210556,1,1
18,95,7,16,9,40,2,2,0,0,16,4,0,12,5,2,1,1,2,45,1,1,2,1,20,3,1,1,0,0,9,41,9,48,99,99,0,0,0,0,1,5,0,180337,1660,2009,0,CR-500,CR-600,0000000,40.19362778,-85.76648611,2,1
18,131,7,18,10,34,2,4,0,0,3,2,0,12,5,2,1,1,2,55,1,1,2,1,20,3,1,1,0,0,10,34,10,42,99,99,0,0,0,0,2,7,0,180338,1620,2009,0,US-421,SR-14,0000000,41.05631389,-86.89224167,2,1