STATE,COUNTY,MONTH,DAY,HOUR,MINUTE,VE_TOTAL,PERSONS,PEDS,NHS,ROAD_FNC,ROUTE,SP_JUR,HARM_EV,MAN_COLL,REL_JUNC,REL_ROAD,TRAF_FLO,NO_LANES,SP_LIMIT,ALIGNMNT,PROFILE,PAVE_TYP,SUR_COND,TRA_CONT,T_CONT_F,LGT_COND,WEATHER1,WEATHER2,WRK_ZONE,NOT_HOUR,NOT_MIN,ARR_HOUR,ARR_MIN,HOSP_HR,HOSP_MN,SCH_BUS,CF1,CF2,CF3,FATALS,DAY_WEEK,DRUNK_DR,ST_CASE,CITY,YEAR,MILEPT,TWAY_ID,TWAY_ID2,RAIL,LATITUDE,LONGITUD,VE_FORMS,WEATHER
18,97,7,7,0,50,1,2,0,0,6,4,0,1,0,1,1,1,2,40,1,1,2,1,0,0,2,1,0,0,0,52,0,55,99,99,0,0,0,0,1,3,1,180339,2210,2009,0,WESTFIELD BLVD,99999999999999999999,0000000,39.89801667,-86.13650278,1,1
18,5,7,25,10,31,2,3,0,0,4,3,0,12,5,2,1,1,2,55,1,2,2,2,28,3,1,2,0,0,10,35,10,41,99,99,0,0,0,0,1,7,0,180340,990,2009,0,SR-7,LEGAL TENDER RD,0000000,39.14424167,-85.80064722,2,2
18,39,7,25,22,40,2,7,0,0,4,3,0,12,5,2,1,1,2,55,2,1,2,2,20,3,2,2,0,0,22,45,22,52,99,99,0,0,0,0,1,7,1,180341,1830,2009,0,SR-4,CR-33,0000000,41.59824167,-85.75790278,2,2
18,3,7,25,21,46,2,1,0,0,6,4,0,1,0,1,1,1,2,30,1,1,1,1,0,0,2,1,0,0,21,46,22,9,99,99,0,0,0,0,1,7,1,180342,1580,2009,0,ABBOTT ST,99999999999999999999,0000000,41.06103889,-85.10799444,1,1
18,135,5,10,1,50,1,3,0,0,4,3,0,34,0,1,6,1,2,55,1,2,2,1,0,0,2,1,0,0,1,58,2,7,99,99,0,0,0,0,1,1,0,180343,3120,2009,0,SR-1,99999999999999999999,0000000,40.03346389,-85.12661944,1,1
18,91,7,25,13,5,1,1,0,0,3,2,0,24,0,1,6,3,2,55,1,1,2,1,0,0,1,1,0,0,13,5,13,10,99,99,0,0,0,0,1,7,0,180344,2990,2009,0,US-20,99999999999999999999,0000000,41.69518611,-86.81641111,1,1
18,163,7,25,20,54,1,2,1,0,14,2,0,9,0,2,1,2,2,45,1,1,2,1,1,3,2,1,0,0,20,54,20,56,99,99,0,0,0,0,1,7,0,180345,1480,2009,0,US-41,RIVERSIDE DR,0000000,37.95143889,-87.54266667,1,1
18,63,7,22,8,13,3,3,0,1,1,1,0,12,8,13,1,6,1,65,1,1,2,2,0,0,1,1,0,0,8,15,8,22,88,88,0,0,0,0,1,4,0,180346,560,2009,0,I-74,RONALD REAGAN PKWY,0000000,39.8411,-86.35597222,3,1
18,35,7,19,16,39,2,2,0,0,3,2,0,24,0,1,6,1,2,55,1,1,2,1,0,0,1,1,0,0,16,40,16,43,99,99,0,0,0,0,1,1,0,180347,3360,2009,0,US-35,99999999999999999999,0000000,40.27756111,-85.43629722,2,1
18,83,7,23,17,10,2,5,0,0,3,2,0,12,5,2,1,2,2,55,2,1,2,1,21,3,1,1,0,0,17,10,17,13,99,99,0,0,0,0,1,5,0,180348,3700,2009,0,US-41,FREELANDVILLE RD,0000000,38.87245833,-87.43435,2,1
18,35,7,25,23,44,1,1,0,0,16,4,0,37,0,3,6,1,2,40,2,1,2,1,0,0,2,1,0,0,23,46,23,57,99,99,0,0,0,0,1,7,1,180349,3360,2009,0,INLOW SPRINGS RD,WHITNEY RD,0000000,40.15204722,-85.30799167,1,1
18,65,7,22,19,59,1,3,0,0,16,4,0,30,0,1,6,1,2,55,2,1,2,2,0,0,5,2,0,0,20,5,20,6,99,99,0,0,0,0,1,4,0,180350,9997,2009,0,LURAY RD,99999999999999999999,0000000,39.94577222,-85.38441111,1,2
18,53,7,18,2,12,1,2,0,0,6,4,0,42,0,3,6,1,2,35,1,1,1,1,20,3,2,1,0,0,2,12,2,12,99,99,0,0,0,0,1,7,1,180351,2850,2009,0,BRADFORD ST,HORTON ST,0000000,40.56726944,-85.65055,1,1
18,51,7,24,0,40,1,2,0,0,16,4,0,1,0,1,6,1,2,55,1,1,4,1,0,0,2,1,0,0,2,13,4,27,99,99,0,20,0,0,1,6,0,180352,2060,2009,0,CR-1200,99999999999999999999,0000000,38.18213611,-87.57798611,1,1
18,57,7,28,8,18,1,2,1,0,15,3,0,8,0,1,1,2,2,35,1,2,2,1,0,0,1,1,0,0,8,18,8,21,99,99,0,0,0,0,1,3,0,180353,3590,2009,0,SR-32,99999999999999999999,0000000,40.04568611,-85.99576111,1,1
18,91,7,6,7,43,1,2,0,0,3,2,0,5,0,1,1,1,2,55,1,2,2,1,0,0,1,1,0,0,7,44,7,45,99,99,0,0,0,0,1,2,0,180354,2370,2009,0,US-35,99999999999999999999,0000000,41.51751111,-86.69689167,1,1
18,19,7,22,18,40,1,2,0,0,15,3,0,53,0,3,6,1,2,50,1,2,2,2,0,0,1,2,0,0,18,43,18,45,99,99,0,0,0,0,1,4,1,180355,800,2009,0,SR-403,BETHANY RD,0000000,38.43395833,-85.70623333,1,2
18,97,6,23,17,31,1,1,0,0,6,4,0,5,0,1,6,1,2,30,1,3,2,1,0,0,1,1,0,0,17,36,17,39,99,99,0,0,0,0,1,3,0,180356,2210,2009,0,LYNHURST DR,99999999999999999999,0000000,39.71676111,-86.25057222,1,1
18,53,7,29,11,23,2,3,0,0,15,3,0,33,0,11,6,5,2,40,1,1,1,1,0,0,1,1,0,0,11,23,11,23,99,99,0,0,0,0,1,4,0,180357,2850,2009,0,SR-37,26TH ST,0000000,40.53741667,-85.67378889,2,1
18,97,7,30,22,21,1,1,0,1,1,1,0,50,0,1,6,3,3,65,2,1,2,2,0,0,2,1,0,0,22,22,22,26,88,88,0,0,0,0,1,5,1,180358,2210,2009,1036,I-65,99999999999999999999,0000000,39.66960556,-86.09564722,1,1
18,91,8,1,5,19,2,2,0,0,3,2,0,12,5,2,1,2,2,60,1,2,2,1,20,3,4,1,0,0,5,19,5,25,88,88,0,0,0,0,1,7,0,180359,5085,2009,0,US-30,THOMPSON ST,0000000,41.41711389,-86.779975,2,1
18,69,7,28,8,15,2,3,0,0,14,2,0,12,7,2,1,2,2,45,1,1,2,1,1,3,1,1,0,0,8,15,8,15,99,99,0,0,0,0,1,3,0,180360,2190,2009,0,US-24,GUILFORD,0000000,40.89995556,-85.50607778,2,1
18,97,7,31,2,35,1,3,2,0,6,4,0,8,0,2,1,1,2,99,1,1,2,1,0,0,2,1,0,0,2,37,2,38,99,99,0,0,0,0,1,6,0,180361,2210,2009,0,21ST,BRIDGTON DR,0000000,39.79666667,-86.02200556,1,1
18,15,8,4,7,40,2,2,0,0,4,3,0,12,2,1,1,1,2,55,1,1,2,1,0,0,1,1,0,0,7,48,8,8,99,99,0,0,0,0,1,3,0,180362,613,2009,0,SR-25,99999999999999999999,0000000,40.67829444,-86.50621944,2,1
18,153,6,11,0,5,1,1,0,0,6,4,0,10,0,6,6,1,2,30,1,1,2,1,61,3,2,1,0,0,0,5,0,6,88,88,0,0,0,0,1,5,1,180363,4750,2009,0,DEPOT ST,HOLLOWAY ST,9999999,39.101225,-87.40319167,1,1
18,73,7,2,14,58,2,7,0,0,3,2,0,12,2,1,1,1,2,55,1,1,2,1,0,0,1,1,0,0,15,1,15,7,99,99,0,0,0,0,1,5,0,180364,1206,2009,0,US-231,99999999999999999999,0000000,41.22566667,-87.19917222,2,1
18,89,8,5,16,7,2,2,0,0,16,4,0,12,2,3,1,1,2,40,1,1,2,1,0,0,1,1,0,0,16,7,16,30,99,99,0,0,0,0,1,4,0,180366,1100,2009,0,WEST 133RD ST,TANEY ST,0000000,41.37687222,-87.36800278,2,1
18,97,7,31,14,54,1,1,0,0,6,4,0,5,0,13,6,6,1,40,2,2,2,1,0,0,1,1,0,0,14,56,14,58,99,99,0,0,0,0,1,6,0,180367,2210,2009,0,BROOKVILLE RD,SHADELAND AVE,0000000,39.75339167,-86.04251944,1,1
18,127,8,4,21,8,2,2,0,0,14,2,0,12,1,3,1,3,2,45,2,1,2,1,0,0,2,1,0,0,21,8,21,11,88,88,0,0,0,0,1,3,1,180368,4960,2009,0,US-30,SAGER RD,0000000,,,2,1
18,95,8,5,20,1,2,2,0,0,16,4,0,12,5,2,1,1,2,35,1,1,2,1,20,3,1,1,0,0,20,1,20,4,99,99,0,0,0,0,1,4,1,180369,1660,2009,0,CR-100,CR-600,0000000,40.19379167,-85.69082778,2,1
18,67,7,12,14,5,1,1,0,0,16,4,0,5,0,1,6,1,2,55,1,1,2,1,0,0,1,1,0,0,14,7,14,18,99,99,0,0,0,0,1,1,0,180370,1930,2009,0,CR-100,99999999999999999999,0000000,40.49229444,-85.98093611,1,1
18,29,8,7,22,7,2,6,0,0,14,2,0,24,0,1,6,3,2,45,1,1,2,1,0,0,2,1,0,0,22,7,22,8,99,99,0,0,0,0,1,6,0,180371,230,2009,0,US-50,99999999999999999999,0000000,39.05851667,-84.90285833,2,1
18,3,8,8,21,41,1,1,0,0,6,4,0,33,0,1,6,1,2,30,1,1,2,1,0,0,2,1,0,0,21,41,22,0,99,99,0,0,0,0,1,7,1,180372,1580,2009,0,LUMBARD AVE,99999999999999999999,0000000,41.06880556,-85.10438889,1,1
18,3,8,8,1,13,2,4,0,0,6,4,0,12,5,2,1,5,2,40,1,1,2,1,1,3,2,1,0,0,1,25,1,35,99,99,0,0,0,0,3,7,0,180373,1580,2009,0,LIMA RD,US-930,0000000,41.12966667,-85.15880556,2,1
18,91,8,10,0,1,1,1,0,0,3,2,0,42,0,1,6,1,2,45,2,2,2,1,0,0,2,1,0,0,4,41,4,45,88,88,0,0,0,0,1,2,1,180374,5085,2009,0,US-30 OLD,99999999999999999999,0000000,41.42071944,-86.83349167,1,1
18,75,8,7,15,52,2,3,0,0,6,4,0,12,1,2,1,1,2,35,1,1,2,1,0,0,1,1,0,0,15,52,15,54,99,99,0,0,0,0,1,6,0,180375,4040,2009,0,VOTAW ST,MIDDLE ST,0000000,40.43930556,-84.98521389,2,1
18,141,8,11,8,0,2,2,0,0,16,4,0,12,5,2,1,1,2,45,1,1,2,1,20,3,1,5,0,0,8,0,8,12,99,99,0,0,0,0,1,3,0,180376,5456,2009,0,ELM RD,PATTERSON RD,0000000,41.52528611,-86.13865,2,5
18,97,8,2,20,33,2,5,0,0,6,4,0,12,5,2,1,1,2,35,1,1,2,1,20,3,1,1,0,0,20,34,20,36,99,99,0,0,0,0,1,1,2,180377,2210,2009,0,16TH AVE,BOLTON AVE,0000000,39.78908333,-86.06801111,2,1
18,11,8,12,16,49,1,1,0,1,11,1,0,57,0,1,6,3,3,70,1,2,2,1,0,0,1,1,0,0,16,51,16,53,99,99,0,0,0,0,1,4,1,180378,2630,2009,140,I-65,99999999999999999999,0000000,40.04427222,-86.48716389,1,1
18,63,8,9,4,30,1,1,0,0,4,3,0,1,0,3,6,1,2,55,2,1,2,1,28,3,2,1,0,0,5,2,5,26,88,88,0,0,0,0,1,1,1,180379,3660,2009,0,SR-75,CR-500,0000000,39.83391667,-86.64728056,1,1
18,3,8,12,21,30,1,1,0,0,16,4,0,34,0,1,6,1,2,55,1,1,2,1,0,0,2,1,0,0,21,33,21,42,88,88,0,0,0,0,1,4,0,180380,3160,2009,0,HOAGLAND RD,99999999999999999999,0000000,40.94969444,-84.88191667,1,1
18,3,8,6,20,40,1,4,0,0,6,4,0,5,0,1,1,1,2,30,2,1,2,1,0,0,2,1,0,0,21,12,21,45,99,99,0,0,0,0,1,5,1,180381,1580,2009,0,JOHN ST,99999999999999999999,0000000,41.01960556,-85.12387222,1,1
18,5,8,8,21,45,1,1,0,0,16,4,0,30,0,1,5,1,2,55,2,1,2,1,0,0,2,5,0,0,21,47,22,1,88,88,0,0,0,0,1,7,0,180382,990,2009,0,CR-700,99999999999999999999,0000000,39.09563056,-86.02398056,1,5
18,81,8,15,21,0,1,1,0,0,16,4,0,32,0,1,4,1,2,45,2,2,2,1,0,0,2,1,0,0,21,53,21,58,88,88,0,0,0,0,1,7,0,180383,1950,2009,0,CR-650,99999999999999999999,0000000,39.56944167,-86.21164722,1,1
18,67,8,15,17,45,1,1,0,0,6,4,0,30,0,1,4,1,2,50,1,3,2,1,28,3,1,1,0,0,17,46,17,51,88,88,0,0,0,0,1,7,1,180384,2430,2009,0,CR-200,99999999999999999999,0000000,40.45625556,-86.08933889,1,1
18,139,6,12,13,51,2,2,0,0,6,4,0,12,1,3,1,1,2,30,1,1,2,1,28,3,1,1,0,0,13,51,13,57,99,99,0,0,0,0,1,6,0,180385,720,2009,0,MAIN ST,LOG ST,0000000,39.73517778,-85.57263889,2,1
18,141,8,16,21,15,1,3,1,0,15,3,0,8,0,1,1,1,2,30,1,1,2,2,0,0,2,2,0,0,21,18,21,20,88,88,0,0,0,0,1,1,0,180386,4240,2009,0,SR-933,99999999999999999999,0000000,41.71431389,-86.2504,1,2
18,167,6,15,7,11,1,2,1,0,16,4,0,8,0,1,1,1,2,40,1,1,2,1,0,0,1,1,0,0,7,11,7,21,99,99,0,0,0,0,1,2,0,180387,4840,2009,0,7TH,99999999999999999999,0000000,39.41053333,-87.40696944,1,1
18,179,8,12,15,26,2,3,0,0,16,4,0,12,5,2,1,1,2,55,1,1,2,1,20,3,1,1,0,0,15,28,15,37,99,99,0,0,0,0,1,4,0,180388,2354,2009,0,CR-200,CR-900,0000000,40.61063056,-85.25918611,2,1
18,97,8,13,20,0,1,1,0,1,11,1,0,23,0,1,5,3,3,55,1,1,2,1,0,0,5,1,0,0,20,0,20,1,99,99,0,0,0,0,1,5,0,180389,2210,2009,1062,I-65,99999999999999999999,0000000,39.69961944,-86.10708333,1,1
18,73,8,15,16,10,2,6,0,1,1,1,0,13,5,1,1,2,4,70,1,1,2,1,0,0,1,1,0,0,16,14,16,25,99,99,0,0,0,0,3,7,0,180390,1495,2009,223,I-65,99999999999999999999,0000000,41.07190833,-87.27081667,2,1
18,73,8,16,11,3,1,2,0,1,1,1,0,1,0,1,5,2,4,70,2,1,1,1,0,0,1,1,0,0,11,3,11,6,99,99,0,0,0,0,1,1,0,180391,4100,2009,218,I-65,99999999999999999999,0000000,40.95021389,-87.22385,1,1
18,103,8,19,3,7,1,2,0,0,6,4,0,33,0,2,5,1,2,30,1,1,2,1,20,3,3,1,0,0,3,30,4,14,99,99,0,0,0,0,1,4,1,180392,590,2009,0,LANCER ST,HOOSIER BLVD,0000000,40.66436389,-86.13890556,1,1
18,49,8,10,18,6,1,3,0,0,16,4,0,42,0,1,6,1,2,55,1,1,2,1,0,0,1,1,0,0,18,7,18,10,99,99,0,0,0,0,1,2,0,180393,4190,2009,0,CR-100,99999999999999999999,0000000,40.99855833,-86.168175,1,1
18,99,6,29,13,47,2,6,0,0,3,2,0,12,5,3,1,2,2,55,1,1,2,1,6,3,1,1,0,1,13,47,13,49,99,99,0,0,0,0,1,2,0,180394,4010,2009,0,US-31,7B RD,0000000,41.36946667,-86.27915278,2,1
18,25,8,21,0,18,1,1,0,0,16,4,0,42,0,1,6,1,2,40,2,1,2,1,0,0,2,1,0,0,0,18,0,22,99,99,0,0,0,0,1,6,0,180395,2840,2009,0,PILOT KNOB RD,99999999999999999999,0000000,38.30448611,-86.35305278,1,1
18,133,6,2,10,0,1,1,0,0,16,4,0,38,0,1,4,1,2,45,1,1,4,5,0,0,1,2,0,0,17,37,17,51,99,99,0,0,0,0,1,3,0,180396,260,2009,0,CR-800,99999999999999999999,0000000,39.77651667,-86.76551389,1,2
18,7,8,15,8,27,1,1,0,0,3,2,0,35,0,1,6,2,4,60,2,2,2,1,0,0,1,1,0,0,8,27,8,35,88,88,0,0,0,0,1,7,1,180397,1300,2009,0,US-41,99999999999999999999,0000000,40.707075,-87.43904722,1,1
18,167,8,19,20,40,1,2,1,0,16,4,0,8,0,2,1,1,2,35,1,1,2,2,0,0,2,2,0,0,20,45,20,52,99,99,0,0,0,0,1,4,0,180398,5230,2009,0,OLD US-40,LESLIE PL,0000000,39.45504167,-87.47548333,1,2
18,87,8,16,21,15,2,5,0,0,4,3,0,12,1,1,1,1,2,55,1,3,2,1,0,0,2,1,0,0,21,18,21,28,88,88,0,0,0,0,1,1,1,180399,2500,2009,0,SR-120,99999999999999999999,0000000,41.72687222,-85.58238056,2,1
18,45,8,22,23,57,1,3,0,0,16,4,0,42,0,1,6,1,2,40,2,1,2,1,0,0,2,1,0,0,23,57,0,54,88,88,0,0,0,0,3,7,0,180400,210,2009,0,EAST RIVER RD,99999999999999999999,0000000,40.31036111,-87.21539444,1,1
18,87,8,22,19,28,1,1,0,0,16,4,0,30,0,1,6,1,2,55,1,2,4,1,0,0,1,1,0,0,19,28,19,37,99,99,0,0,0,0,1,7,1,180401,2500,2009,0,CR-900,99999999999999999999,0000000,41.59747222,-85.59963333,1,1
18,79,8,23,8,40,2,2,0,0,16,4,0,12,2,1,1,1,2,35,1,3,2,1,0,0,1,1,0,0,8,41,8,48,99,99,0,0,0,0,1,1,0,180402,3670,2009,0,CR-275,99999999999999999999,0000000,38.91153889,-85.66340556,2,1
18,95,8,26,21,12,1,1,0,0,15,3,0,30,0,15,8,1,2,45,2,2,2,1,0,0,1,1,0,0,21,13,21,20,99,99,0,0,0,0,1,4,0,180403,140,2009,0,SR-9,I-69,0000000,40.03793333,-85.72159722,1,1
18,83,8,21,6,34,2,3,0,0,4,3,0,12,2,1,1,1,2,55,1,1,2,1,0,0,2,1,0,0,6,34,6,46,99,99,0,0,0,0,2,6,1,180404,340,2009,0,SR-67,99999999999999999999,0000000,38.78740833,-87.27951111,2,1
18,23,2,23,2,20,1,1,0,0,16,4,0,30,0,1,6,1,2,55,2,1,2,1,28,3,2,1,0,0,2,29,2,35,99,99,0,0,0,0,1,2,1,180405,3350,2009,0,MULBERRY JEFFERSON,99999999999999999999,0000000,40.308625,-86.63719722,1,1
18,5,8,23,2,50,1,1,0,0,16,4,0,17,0,1,4,5,2,55,2,1,2,1,0,0,2,1,0,0,2,50,2,58,88,88,0,20,0,0,1,1,0,180406,990,2009,0,TELLMAN CAMP RD,99999999999999999999,0000000,39.20871389,-85.93840556,1,1
18,97,8,26,15,28,1,2,1,0,6,4,0,8,0,3,1,1,2,40,1,1,2,1,0,0,1,1,0,0,15,29,15,31,99,99,0,0,0,0,1,4,0,180407,2210,2009,0,MADISON AVE,WINCHESTER DR,0000000,39.64875833,-86.121525,1,1
18,49,8,25,6,25,1,1,0,0,3,2,0,21,0,1,3,2,2,60,2,2,2,1,0,0,4,5,0,0,6,37,6,55,88,88,0,0,0,0,1,3,0,180409,4190,2009,0,US-31,CR-50,0000000,41.05418611,-86.23935,1,5
18,159,8,24,12,40,3,4,0,0,3,2,0,12,1,1,1,2,3,60,1,1,2,1,0,0,1,1,0,0,12,40,12,45,99,99,0,14,0,0,1,2,0,180410,4860,2009,0,US-31,99999999999999999999,0000000,40.27394444,-86.12695556,3,1
18,61,8,20,0,30,1,1,0,0,4,3,0,5,0,1,6,1,2,55,2,1,2,1,0,0,2,1,0,0,7,3,7,14,88,88,0,0,0,0,1,5,1,180411,2540,2009,0,SR-62,99999999999999999999,0000000,38.24316944,-85.95771667,1,1
18,39,8,28,0,30,1,1,0,0,4,3,0,5,0,3,6,1,2,55,2,2,2,1,20,3,2,1,0,0,7,20,7,34,88,88,0,0,0,0,1,6,1,180412,3010,2009,0,SR-120,CR-43,0000000,41.72558889,-85.67576389,1,1
18,177,8,24,14,40,2,1,0,0,16,4,0,14,1,1,5,1,2,25,1,1,2,1,28,3,1,1,0,0,14,41,14,50,88,88,0,0,0,0,1,2,0,180413,4120,2009,0,TOSCHLOG RD,99999999999999999999,0000000,39.8148,-84.93461667,1,1
18,97,8,18,23,9,1,2,0,0,6,4,0,42,0,3,6,1,2,40,2,1,2,1,0,0,2,1,0,0,23,10,23,16,99,99,0,0,0,0,1,3,0,180414,2210,2009,0,FALL CREEK PKWY,DREXEL AVE,0000000,39.84979722,-86.09307222,1,1
18,97,8,29,21,42,2,5,0,0,6,4,0,13,5,1,1,2,2,45,1,1,2,1,0,0,2,1,0,0,21,54,21,55,99,99,0,0,0,0,1,7,0,180415,2210,2009,0,MADISON AVE,99999999999999999999,0000000,39.75174444,-86.1547,2,1
18,173,8,24,19,7,1,1,0,1,1,1,0,34,0,1,6,2,2,70,1,1,2,1,0,0,1,1,0,0,19,7,19,21,88,88,0,0,0,0,1,2,0,180416,2800,2009,52.5,I-64,99999999999999999999,0000000,38.19918611,-87.27541111,1,1
18,3,8,31,15,46,2,2,0,0,15,3,0,12,5,2,1,2,3,40,1,1,2,1,0,0,1,1,0,0,15,48,15,49,99,99,0,0,0,0,1,2,0,180417,1580,2009,0,SR-3,AIRPORT NORTH,0000000,41.14500556,-85.16375278,2,1
18,127,9,1,13,49,2,3,0,0,3,2,0,13,5,1,1,2,2,55,1,1,2,1,0,0,1,1,0,0,13,51,13,55,99,99,0,0,0,0,1,3,0,180418,4960,2009,0,US-30,99999999999999999999,0000000,41.4709,-87.20600833,2,1
18,135,9,2,19,20,2,2,0,0,3,2,0,12,5,2,1,1,2,55,1,2,2,1,28,3,1,1,0,0,19,26,19,33,99,99,0,0,0,0,1,4,0,180419,2790,2009,0,US-36,CR-600,0000000,40.049925,-84.86148889,2,1
18,79,8,30,0,37,1,1,0,0,16,4,0,53,0,1,6,1,2,35,1,3,2,1,0,0,2,1,0,0,0,37,0,55,99,99,0,0,0,0,1,1,1,180420,3670,2009,0,CR-300,99999999999999999999,0000000,39.02951944,-85.51968056,1,1
18,89,8,29,11,40,1,2,0,0,16,4,0,37,0,1,6,1,2,40,1,1,2,1,0,0,1,1,0,0,11,40,12,0,99,99,0,0,0,0,1,7,0,180421,1970,2009,0,COLFAX ST,99999999999999999999,0000000,41.53788056,-87.41357778,1,1
18,89,8,29,0,32,1,1,0,0,4,3,0,1,0,1,6,3,3,50,1,3,2,1,0,0,2,1,0,0,0,32,1,30,88,88,0,0,0,0,1,7,0,180422,1310,2009,0,SR-912,99999999999999999999,0000000,,,1,1
18,133,9,2,8,20,2,3,0,1,1,1,0,13,5,1,1,2,4,70,1,1,2,1,0,0,1,1,0,0,8,22,8,22,88,88,0,0,0,0,2,4,1,180423,4083,2009,291,I-70,99999999999999999999,0000000,39.47845556,-87.01416389,2,1
18,3,9,4,22,10,1,3,0,0,6,4,0,21,0,2,6,1,2,45,1,3,2,1,0,0,2,1,0,0,22,32,22,38,99,99,0,0,0,0,1,6,1,180424,1580,2009,0,COVINGTON RD,SYCAMORE HILLS DR,0000000,41.05958333,-85.28557778,1,1
18,151,9,4,10,56,2,3,0,0,4,3,0,12,5,13,1,6,1,50,1,1,1,1,0,0,1,1,0,0,11,0,11,27,99,99,0,0,0,0,1,6,0,180425,160,2009,154,SR-127,I-69,0000000,41.706625,-85.00499722,2,1
18,127,8,28,20,53,2,3,0,0,14,2,0,12,1,2,1,5,2,45,1,1,2,1,0,0,3,1,0,0,20,55,20,58,99,99,0,0,0,0,1,6,1,180426,4025,2009,0,US-20,OLD PORTER RD,0000000,41.59384722,-87.19106111,2,1
18,91,9,6,5,20,1,1,0,0,16,4,0,42,0,1,5,1,2,45,1,1,2,1,0,0,2,1,0,0,5,25,5,29,88,88,0,0,0,0,1,1,0,180427,2570,2009,0,JOHNSON RD,99999999999999999999,0000000,41.643125,-86.79358056,1,1
18,141,9,3,19,45,2,3,0,0,4,3,0,12,5,2,1,1,2,55,1,1,2,1,20,3,1,1,0,0,19,46,19,57,99,99,0,0,0,0,1,5,0,180428,5456,2009,0,SR-331,PIERCE RD,0000000,41.5356,-86.17036389,2,1
18,145,8,16,16,19,3,6,0,1,1,1,0,12,7,1,1,2,3,70,1,1,2,1,0,0,1,1,0,0,16,19,16,27,99,99,0,0,0,0,2,1,0,180429,4470,2009,112,I-74,99999999999999999999,0000000,39.55782778,-85.78708611,3,1
18,89,8,15,3,15,2,6,0,0,14,2,0,12,1,2,1,1,2,35,1,1,2,1,1,3,2,1,0,0,3,30,3,35,99,99,0,0,0,0,1,7,1,180430,1730,2009,0,US-12,GRANT ST,0000000,41.60401944,-87.35735833,2,1
18,153,8,28,5,32,2,2,0,0,3,2,0,12,1,1,1,1,2,55,1,1,2,1,0,0,2,1,0,0,5,34,5,40,99,99,0,0,0,0,1,6,0,180431,4750,2009,0,US-41,99999999999999999999,0000000,39.08453889,-87.42031667,2,1
18,55,8,27,16,10,2,2,0,0,3,2,0,13,2,1,1,1,2,55,2,1,2,1,0,0,1,1,0,0,16,10,16,21,99,99,0,0,0,0,1,5,0,180432,5450,2009,0,US-231,99999999999999999999,0000000,39.16653611,-86.91962222,2,1
18,69,9,2,9,52,2,2,0,0,4,3,0,12,5,2,1,1,2,55,1,1,2,1,28,3,1,1,0,0,9,53,10,2,88,88,0,0,0,0,1,4,0,180433,2190,2009,0,SR-9,CR-200,0000000,40.79955,-85.55289722,2,1
18,87,8,29,16,12,2,3,0,0,4,3,0,12,1,2,1,1,2,55,1,2,2,1,0,0,1,1,0,0,16,12,16,15,99,99,0,0,0,0,1,7,0,180434,4490,2009,0,SR-5,CR-100,0000000,41.62609444,-85.58031944,2,1
18,141,9,4,4,0,1,2,1,0,16,4,0,8,0,1,1,1,2,30,1,1,1,1,0,0,2,1,0,0,4,0,4,4,88,88,0,0,0,0,1,6,0,180435,4580,2009,0,AUTEN RD,99999999999999999999,0000000,41.74506111,-86.25821111,1,1
18,11,9,11,16,5,1,1,0,0,16,4,0,42,0,1,5,1,2,40,1,1,2,1,0,0,1,1,0,0,16,11,16,27,99,99,0,0,0,0,1,6,0,180436,2240,2009,0,CR-750,99999999999999999999,0000000,39.92997778,-86.574325,1,1
18,39,9,13,8,18,2,2,0,0,16,4,0,12,5,2,1,5,2,45,1,1,2,1,1,3,1,1,0,0,8,18,8,18,99,99,0,0,0,0,1,1,0,180437,1410,2009,0,CR-6,CR-9,0000000,41.7243,-85.96634722,2,1
18,173,6,25,23,1,1,2,1,0,4,3,0,8,0,1,1,1,2,40,2,1,2,1,28,3,2,1,0,0,23,1,23,5,99,99,0,0,0,0,1,5,0,180438,3430,2009,0,SR-261,99999999999999999999,0000000,37.96602222,-87.39812778,1,1
18,59,9,11,4,7,2,5,0,1,1,1,0,20,0,1,6,3,3,45,1,1,2,1,0,0,2,1,0,1,4,10,4,15,99,99,0,0,0,0,1,6,0,180439,1890,2009,949,I-70,99999999999999999999,0000000,39.81335,-85.933,2,1
18,133,9,13,9,22,2,3,0,1,1,1,0,12,1,1,1,2,2,70,1,2,2,1,0,0,1,1,0,0,9,25,9,35,99,99,0,0,0,0,1,1,0,180440,4083,2009,335,I-70,99999999999999999999,0000000,39.51301389,-86.92395556,2,1
18,107,9,9,15,30,2,3,0,0,4,3,0,12,5,2,1,1,2,35,1,1,2,1,0,0,1,1,0,0,15,33,15,44,99,99,0,0,0,0,1,4,0,180441,5370,2009,0,SR-25,CR-1125,0000000,40.20385278,-87.07360278,2,1
18,81,9,14,20,16,2,4,0,0,16,4,0,12,7,2,1,1,2,45,1,3,2,1,0,0,5,1,0,0,20,17,20,23,99,99,0,0,0,0,1,2,0,180442,1650,2009,0,CR-550,CR-500,0000000,39.404575,-86.00033333,2,1
18,53,8,25,18,34,2,2,0,0,16,4,0,12,5,2,1,1,2,45,1,1,2,1,28,3,1,1,0,0,18,34,18,38,88,88,0,0,0,0,1,3,0,180443,2850,2009,0,38TH ST,STONE RD,0000000,40.52436944,-85.62383611,2,1
18,53,8,28,15,21,2,3,0,0,3,2,0,12,2,1,1,1,2,55,1,1,2,1,0,0,1,1,0,0,15,21,15,25,99,99,0,0,0,0,1,6,0,180444,2850,2009,0,US-35,99999999999999999999,0000000,40.48064167,-85.72975278,2,1