STATE,COUNTY,MONTH,DAY,HOUR,MINUTE,VE_TOTAL,PERSONS,PEDS,NHS,ROAD_FNC,ROUTE,SP_JUR,HARM_EV,MAN_COLL,REL_JUNC,REL_ROAD,TRAF_FLO,NO_LANES,SP_LIMIT,ALIGNMNT,PROFILE,PAVE_TYP,SUR_COND,TRA_CONT,T_CONT_F,LGT_COND,WEATHER1,WEATHER2,WRK_ZONE,NOT_HOUR,NOT_MIN,ARR_HOUR,ARR_MIN,HOSP_HR,HOSP_MN,SCH_BUS,CF1,CF2,CF3,FATALS,DAY_WEEK,DRUNK_DR,ST_CASE,CITY,YEAR,MILEPT,TWAY_ID,TWAY_ID2,RAIL,LATITUDE,LONGITUD,VE_FORMS,WEATHER
18,63,9,2,17,53,2,3,0,0,6,4,0,12,5,2,1,5,2,40,1,2,2,1,1,3,1,1,0,0,17,54,17,56,99,99,0,0,0,0,1,4,0,180445,3990,2009,0,PERRY RD,US-40,0000000,39.71801389,-86.35803333,2,1
18,97,9,13,1,5,1,1,0,0,14,2,0,1,0,13,6,6,1,45,1,2,2,1,0,0,2,1,0,0,1,9,1,11,99,99,0,0,0,0,1,1,0,180446,2210,2009,1,US-52,99999999999999999999,0000000,39.801975,-86.03325,1,1
18,163,7,14,11,8,2,3,0,0,6,4,0,12,5,2,1,1,2,30,1,1,2,1,1,3,1,1,0,0,11,9,11,12,99,99,0,0,0,0,1,3,0,180447,1480,2009,0,FARES AVE,MAXWELL AVE,0000000,37.99433611,-87.54275278,2,1
18,3,9,12,23,14,1,2,1,0,6,4,0,8,0,1,1,3,2,99,1,1,2,1,0,0,2,1,0,0,23,14,23,24,88,88,0,0,0,0,1,7,0,180448,1580,2009,0,NORTHGATE BLVD,99999999999999999999,0000000,41.12824444,-85.10705,1,1
18,63,9,13,12,30,1,1,0,0,16,4,0,35,0,3,6,1,2,40,1,1,2,1,20,3,1,1,0,0,12,34,12,39,88,88,0,0,0,0,1,1,0,180449,1160,2009,0,MAIN ST,CR-300,0000000,39.76203611,-86.46686667,1,1
18,35,9,9,6,17,1,1,0,0,6,4,0,24,0,2,4,1,2,40,1,1,2,1,20,3,3,5,0,0,6,21,6,25,99,99,0,0,0,0,1,4,0,180450,5480,2009,0,RIVER RD,CR-500,0000000,40.18579167,-85.48088611,1,5
18,163,9,15,15,41,2,3,0,0,6,4,0,12,5,2,1,1,2,30,1,1,2,1,20,3,1,1,0,0,15,42,15,42,99,99,0,20,0,0,1,3,0,180451,1480,2009,0,HERNDON RD,STRINGTOWN RD,0000000,37.99667778,-87.55498333,2,1
18,81,9,16,16,39,2,3,0,0,16,4,0,12,2,2,1,1,2,45,1,2,2,1,20,3,1,1,0,0,16,39,16,39,88,88,0,0,0,0,1,4,1,180452,1950,2009,0,CR-200,CR-700,0000000,39.57835556,-86.13974444,2,1
18,159,9,13,13,5,3,4,0,0,4,3,0,12,1,1,1,1,2,50,1,1,2,1,0,0,1,1,0,0,13,5,13,9,99,99,0,0,0,0,1,1,0,180453,2121,2009,0,SR-28,99999999999999999999,0000000,40.28528889,-85.94844722,3,1
18,105,9,9,14,29,1,2,1,0,6,4,0,8,0,2,1,1,2,25,1,2,2,1,0,0,1,1,0,0,14,29,14,30,99,99,0,0,0,0,1,4,0,180454,380,2009,0,FEE LN,THIRTEENTH ST,0000000,39.17573611,-86.51902778,1,1
18,145,9,12,22,30,1,2,1,1,1,1,0,8,0,13,8,6,1,70,2,2,2,1,0,0,2,1,0,0,22,32,22,33,88,88,0,0,0,0,1,7,0,180455,4470,2009,123,I-74,99999999999999999999,0000000,39.45393056,-85.63053611,1,1
18,113,9,17,15,11,1,1,0,0,16,4,0,42,0,1,4,1,2,55,2,2,2,1,0,0,1,1,0,0,15,17,15,23,99,99,0,0,0,0,1,5,0,180456,5412,2009,0,CR-350,99999999999999999999,0000000,41.30284444,-85.55043056,1,1
18,131,9,5,15,24,2,3,0,0,3,2,0,12,2,2,1,1,2,55,1,1,2,1,0,0,1,1,0,0,15,24,15,38,99,99,0,0,0,0,1,7,0,180457,1620,2009,0,US-421,CR-300,0000000,41.01254722,-86.89241389,2,1
18,177,9,17,20,22,1,1,0,0,16,4,0,38,0,1,6,1,2,45,2,2,2,1,0,0,5,1,0,0,20,22,20,29,88,88,0,0,0,0,1,5,1,180458,640,2009,0,SYMONDS CREEK RD,99999999999999999999,0000000,39.86521667,-85.20270833,1,1
18,11,9,18,11,16,1,1,0,0,3,2,0,34,0,1,6,2,2,60,1,1,2,1,0,0,1,1,0,0,11,16,11,16,88,88,0,0,0,0,1,6,0,180459,4850,2009,0,US-52,99999999999999999999,0000000,40.10678056,-86.5398,1,1
18,53,9,4,11,37,1,2,0,1,1,1,0,1,0,1,2,2,2,70,1,1,2,1,0,0,1,1,0,1,11,37,11,46,99,99,0,2,0,0,1,6,0,180460,2850,2009,71,I-69,99999999999999999999,0000000,40.6524,-85.50581944,1,1
18,157,9,17,11,1,2,4,0,0,16,4,0,12,5,2,1,1,2,45,1,1,2,1,20,3,1,1,0,0,11,1,11,12,99,99,0,0,0,0,1,5,0,180461,2480,2009,0,CR-450,CR-450,0000000,40.35262778,-86.81894167,2,1
18,81,9,21,3,44,2,5,0,0,4,3,0,12,5,2,1,5,3,50,1,1,2,2,20,3,2,2,0,0,3,44,3,55,99,99,0,0,0,0,1,2,0,180462,270,2009,0,SR-135,DIVISION RD,0000000,39.47628611,-86.15791667,2,2
18,113,9,21,0,13,1,2,1,0,15,3,0,9,0,2,1,1,2,50,1,1,2,2,3,3,3,2,0,0,0,13,0,17,88,88,0,0,0,0,1,2,0,180463,250,2009,0,SR-3,EAST ALBION,0000000,41.36503056,-85.22160278,1,2
18,111,9,16,3,55,1,1,0,0,3,2,0,34,0,1,6,2,3,60,1,1,2,1,0,0,2,1,0,0,4,9,4,20,99,99,0,0,0,0,1,4,0,180464,3270,2009,0,US-41,99999999999999999999,0000000,40.97688611,-87.44992778,1,1
18,97,8,9,2,49,2,2,0,0,6,4,0,12,2,1,1,1,2,35,1,1,2,1,0,0,3,1,0,0,3,11,3,24,99,99,0,0,0,0,1,1,1,180465,2210,2009,0,KESSLER BLVD,99999999999999999999,0000000,39.83855,-86.21174444,2,1
18,173,9,20,20,42,2,5,0,0,3,2,0,12,2,1,1,1,2,55,1,1,2,2,28,3,2,1,0,0,22,33,23,12,99,99,0,0,0,0,2,1,0,180466,2800,2009,0,US-231,99999999999999999999,0000000,38.13172222,-87.02339167,2,1
18,19,9,18,4,3,1,1,0,0,6,4,0,30,0,2,4,1,2,35,2,1,2,1,0,0,2,1,0,0,4,4,4,8,99,99,0,0,0,0,1,6,1,180468,2270,2009,0,UTICA PIKE,MOCKINGBIRD DR,0000000,38.28818611,-85.705675,1,1
18,81,8,17,13,45,2,3,0,0,3,2,0,12,1,1,1,2,2,55,1,1,2,1,0,0,1,1,0,0,13,45,13,53,99,99,0,0,0,0,1,2,0,180469,1370,2009,0,US-31,99999999999999999999,0000000,39.38320833,-85.98642778,2,1
18,99,8,30,22,31,1,2,1,0,16,4,0,8,0,1,1,1,2,55,1,2,2,1,28,3,2,1,0,0,22,36,22,39,88,88,0,0,0,0,1,1,0,180470,4010,2009,0,LINCOLN HWY,99999999999999999999,0000000,41.34624167,-86.342325,1,1
18,99,9,7,3,40,1,3,0,0,16,4,0,30,0,1,4,1,2,55,1,1,2,2,0,0,2,2,0,0,3,43,3,51,99,99,0,0,0,0,1,2,1,180471,4010,2009,0,PLYMOUTH-LAPORTE TRL,99999999999999999999,0000000,41.36650278,-86.38356667,1,2
18,23,9,23,14,5,6,7,0,1,1,1,0,12,1,1,1,2,3,65,1,2,2,1,0,0,1,1,0,0,14,5,14,8,99,99,0,19,0,0,1,4,0,180472,1640,2009,154,I-65,99999999999999999999,0000000,40.22650278,-86.61421111,6,1
18,123,9,16,5,59,2,6,0,0,4,3,0,12,4,1,1,1,2,55,1,1,2,1,0,0,1,1,0,0,6,4,6,20,99,99,0,0,0,0,1,4,0,180473,4820,2009,0,SR-37,99999999999999999999,0000000,37.97081111,-86.73706111,2,1
18,97,9,23,20,51,1,2,1,0,6,4,0,8,0,2,1,4,4,25,1,1,2,1,2,3,3,1,0,0,20,52,20,57,99,99,0,0,0,0,1,4,0,180474,2210,2009,0,PENNSYLVANIA ST,MARYLAND ST,0000000,39.76563333,-86.15632222,1,1
18,169,9,14,19,40,1,3,0,0,16,4,0,31,0,1,5,1,2,55,1,1,2,1,0,0,5,1,0,0,19,44,19,50,99,99,0,0,0,0,2,2,1,180475,3650,2009,0,CR-1050,99999999999999999999,0000000,40.97976944,-85.88313056,1,1
18,1,9,17,18,54,2,2,0,0,16,4,0,12,5,2,1,1,2,55,1,1,2,1,20,3,1,1,0,0,18,54,19,4,99,99,0,0,0,0,1,5,0,180476,320,2009,0,CR-200,CR-30,0000000,40.70116944,-84.97510556,2,1
18,141,9,27,8,54,1,4,0,1,1,1,0,24,0,1,6,2,2,70,1,1,2,1,0,0,1,5,0,0,8,54,9,1,99,99,0,0,0,0,1,1,0,180477,3100,2009,12,I-80,99999999999999999999,0000000,41.73238333,-86.09965833,1,5
18,27,9,15,8,46,1,1,0,0,4,3,0,34,0,1,6,1,2,55,2,1,2,1,28,3,1,1,0,0,8,46,8,55,99,99,0,0,0,0,1,3,0,180479,4000,2009,0,SR-57,99999999999999999999,0000000,38.81055278,-87.14709444,1,1
18,47,9,21,17,19,1,1,0,0,4,3,0,34,0,1,6,1,2,55,1,1,2,1,0,0,1,1,0,0,17,19,17,24,99,99,0,0,0,0,1,2,0,180480,9997,2009,0,SR-101,99999999999999999999,0000000,39.49635833,-84.94843611,1,1
18,19,8,29,6,7,1,3,0,0,15,3,0,33,0,2,6,2,2,55,2,2,2,1,1,3,2,5,0,0,6,9,6,10,99,99,0,0,0,0,2,7,1,180481,800,2009,0,SR-62,SR-3,0000000,38.43994167,-85.65928333,1,5
18,89,8,11,2,49,2,3,0,0,14,2,0,12,7,3,1,1,2,35,1,1,2,1,1,3,3,1,0,1,2,50,2,52,99,99,0,0,0,0,1,3,0,180482,2010,2009,0,US-41,175TH ST,0000000,41.57750833,-87.50936389,2,1
18,89,6,17,7,57,1,1,0,0,6,4,0,42,0,1,6,2,2,35,2,1,2,1,0,0,1,1,0,0,7,58,8,0,99,99,0,0,0,0,1,4,0,180483,3370,2009,0,FRAN LIN,99999999999999999999,0000000,41.54240833,-87.48614722,1,1
18,33,9,26,0,36,1,1,0,0,16,4,0,42,0,1,6,1,2,55,2,2,9,1,0,0,2,1,0,0,0,41,0,44,88,88,0,0,0,0,1,7,0,180484,190,2009,0,CR-11,99999999999999999999,0000000,41.52593056,-85.13906389,1,1
18,13,9,26,23,38,1,2,1,0,4,3,0,8,0,1,1,1,2,55,1,2,2,2,28,3,2,2,0,0,23,38,23,48,88,88,0,0,0,0,1,7,0,180485,3390,2009,0,SR-135,99999999999999999999,0000000,39.274325,-86.251775,1,2
18,37,9,27,3,0,1,1,0,0,16,4,0,42,0,1,6,2,2,45,2,2,2,2,28,3,2,1,0,0,3,10,3,28,99,99,0,0,0,0,1,1,1,180486,2260,2009,0,KELLERVILLE RD,99999999999999999999,0000000,38.48114167,-86.88692222,1,1
18,69,9,27,12,46,2,3,0,0,16,4,0,12,5,2,1,1,2,55,1,1,9,1,20,3,1,1,0,0,12,47,12,51,99,99,0,0,0,0,1,1,0,180487,5090,2009,0,CR-900,CR-300,0000000,40.69668056,-85.50689167,2,1
18,89,9,19,23,10,1,1,0,0,6,4,0,43,0,6,6,1,2,30,9,9,2,1,80,3,2,1,0,0,23,13,23,15,99,99,0,0,0,0,1,7,1,180488,1310,2009,0,HUISH DR,CHICAGO AVE,9999999,41.62936667,-87.46018333,1,1
18,87,9,19,15,37,2,4,0,0,4,3,0,12,5,1,1,1,2,55,1,2,2,1,28,3,1,1,0,0,15,40,15,44,99,99,0,0,0,0,1,7,1,180489,3125,2009,0,SR-3,99999999999999999999,0000000,41.67868056,-85.277425,2,1
18,141,9,24,20,18,1,1,0,0,6,4,0,33,0,2,6,2,2,40,1,1,2,1,0,0,2,1,0,0,20,18,20,22,99,99,0,0,0,0,1,5,1,180491,3100,2009,0,MCKINLEY,ELDER RD,0000000,41.68041111,-86.14371389,1,1
18,169,7,2,8,40,1,2,1,0,6,4,0,9,0,4,1,1,2,30,1,2,1,1,0,0,1,1,0,0,8,40,8,43,99,99,0,0,0,0,1,5,0,180492,5040,2009,0,HARRISON AVE,99999999999999999999,0000000,40.81043056,-85.82266389,1,1
18,89,9,22,22,30,1,4,1,0,15,3,0,8,0,2,1,5,4,30,1,1,2,1,2,3,3,1,0,0,22,38,22,48,88,88,0,0,0,0,1,3,0,180493,1730,2009,0,SR-53,19TH AVENUE,0000000,41.584025,-87.3369,1,1
18,167,9,29,12,26,2,3,0,0,4,3,0,12,5,2,1,2,2,60,1,1,2,1,28,3,1,1,0,0,12,26,12,26,99,99,0,0,0,0,1,3,0,180494,5230,2009,0,SR-63,DURKEE FERRY RD,0000000,39.56294722,-87.437375,2,1
18,19,10,2,14,26,1,1,0,0,4,3,0,42,0,1,6,1,2,55,1,1,2,1,0,0,1,1,0,0,14,26,14,35,99,99,0,0,0,0,1,6,0,180495,4420,2009,0,SR-31,99999999999999999999,0000000,38.58735556,-85.76700278,1,1
18,39,10,2,14,35,1,2,0,0,16,4,0,42,0,1,4,1,2,50,1,1,2,1,0,0,1,1,0,0,14,35,14,42,99,99,0,0,0,0,1,6,0,180496,1410,2009,0,CR-106,99999999999999999999,0000000,41.71684444,-85.93016667,1,1
18,107,10,3,4,10,1,1,0,0,16,4,0,42,0,1,5,1,2,50,2,1,1,1,0,0,2,1,0,0,7,25,7,31,88,88,0,0,0,0,1,7,1,180497,1060,2009,0,SOUTH LAGODA RD,99999999999999999999,0000000,40.02470556,-86.889775,1,1
18,109,9,10,6,7,4,4,0,0,15,3,0,12,1,2,1,1,2,50,1,2,1,1,1,3,2,1,0,0,6,7,6,7,99,99,0,0,0,0,1,5,0,180498,2890,2009,0,SR-37,SR-252,0000000,39.42543611,-86.40159167,4,1
18,17,9,29,10,0,1,1,0,0,16,4,0,1,0,1,6,1,2,55,1,3,2,1,0,0,1,1,0,0,10,35,10,45,99,99,0,0,0,0,1,3,1,180499,4905,2009,0,CR-550,99999999999999999999,0000000,40.84485278,-86.17761667,1,1
18,51,10,3,17,5,1,1,0,0,4,3,0,16,0,1,1,1,2,55,1,1,2,1,0,0,1,1,0,0,17,5,17,15,99,99,0,0,0,0,1,7,0,180500,4060,2009,0,SR-64,99999999999999999999,0000000,38.36185,-87.69578889,1,1
18,167,10,4,12,14,2,3,0,0,14,2,0,12,5,2,1,3,3,40,1,1,2,1,0,0,1,1,0,0,12,14,12,16,99,99,0,0,0,0,1,1,0,180501,4840,2009,0,US-41,JOHNSON DR,0000000,39.42376389,-87.41634722,2,1
18,109,9,25,11,19,1,1,0,0,4,3,0,37,0,1,6,1,2,55,2,2,2,2,0,0,1,2,0,0,11,19,11,28,99,99,0,0,0,0,1,6,0,180502,2890,2009,0,SR-39,99999999999999999999,0000000,39.52519722,-86.46038611,1,2
18,23,10,5,17,42,1,1,0,0,4,3,0,34,0,1,6,1,2,55,1,3,2,1,0,0,1,1,0,0,17,44,17,45,88,88,0,0,0,0,1,2,0,180503,1640,2009,0,SR-75,99999999999999999999,0000000,40.32992778,-86.515275,1,1
18,33,10,5,14,50,1,2,1,0,4,3,0,8,0,1,1,1,2,55,1,1,2,1,28,3,1,1,0,2,14,50,15,3,88,88,0,0,0,0,1,2,0,180504,4290,2009,0,SR-1,99999999999999999999,0000000,41.30144167,-84.90607778,1,1
18,167,10,6,23,30,1,1,0,0,16,4,0,30,0,1,6,1,2,30,1,1,2,1,0,0,2,1,0,0,23,38,23,42,88,88,0,0,0,0,1,3,0,180505,4840,2009,0,MORRIS PLACE,99999999999999999999,0000000,39.40323889,-87.469625,1,1
18,149,9,17,19,11,1,1,0,0,16,4,0,34,0,1,6,1,2,45,1,1,4,1,0,0,2,1,0,0,19,11,19,30,88,88,0,0,0,0,1,5,1,180506,2000,2009,0,ROBBINS DITCH RD,99999999999999999999,0000000,41.42927778,-86.54166667,1,1
18,149,9,19,2,15,1,1,0,0,16,4,0,34,0,1,4,1,2,45,1,1,2,1,0,0,2,1,0,0,2,20,2,22,88,88,0,0,0,0,1,7,1,180507,2420,2009,0,CR-700,99999999999999999999,0000000,41.31288611,-86.56303889,1,1
18,69,10,5,15,38,2,2,0,0,4,3,0,12,5,2,1,1,2,45,1,2,2,1,4,3,1,1,0,0,15,38,15,42,99,99,0,0,0,0,1,2,0,180508,2190,2009,0,SR-5,US-224,0000000,40.88133333,-85.49388889,2,1
18,139,10,6,17,50,2,2,0,0,3,2,0,12,2,1,1,1,2,55,1,1,2,2,0,0,2,2,0,0,17,57,18,14,99,99,0,0,0,0,1,3,0,180509,182,2009,0,US-52,99999999999999999999,0000000,39.64680833,-85.59534167,2,2
18,89,10,7,19,0,1,2,0,0,6,4,0,42,0,1,6,1,2,25,1,1,2,1,0,0,2,1,0,0,19,15,19,29,99,99,0,0,0,0,1,4,1,180510,3370,2009,0,OAKWOOD AVE,99999999999999999999,0000000,41.56325278,-87.48825,1,1
18,89,10,8,18,36,1,2,1,0,6,4,0,8,0,2,1,2,2,25,1,1,2,2,1,3,2,2,0,0,18,38,18,43,99,99,0,0,0,0,1,5,0,180511,2010,2009,0,COLUMBIA AVE,SUMMER ST,0000000,41.61024444,-87.50018056,1,2
18,21,10,8,20,53,1,2,0,0,16,4,0,42,0,1,6,1,2,35,2,1,2,2,0,0,2,2,0,0,20,53,20,54,99,99,0,0,0,0,1,5,0,180512,460,2009,0,KENNEDYS CROSSING RD,99999999999999999999,0000000,39.5341,-87.16861667,1,2
18,157,10,9,4,35,2,2,0,0,4,3,0,12,5,1,1,1,2,55,2,1,2,2,0,0,2,1,0,0,4,36,4,40,99,99,0,0,0,0,1,6,0,180513,2480,2009,0,SR-25,99999999999999999999,0000000,40.47600833,-86.83430556,2,1
18,57,10,10,21,40,1,1,0,0,16,4,0,53,0,1,6,1,2,45,1,1,2,1,0,0,1,1,0,0,21,40,21,46,99,99,0,0,0,0,1,7,1,180514,3590,2009,0,CREEK RD,99999999999999999999,0000000,40.07380278,-85.95359722,1,1
18,39,10,12,21,52,1,1,0,0,16,4,0,42,0,1,6,1,2,45,1,1,2,1,0,0,2,1,0,0,21,52,21,57,99,99,0,0,0,0,1,2,0,180515,1410,2009,0,CR-20,99999999999999999999,0000000,41.65159167,-85.96535556,1,1
18,91,10,10,8,13,1,1,0,0,16,4,0,42,0,1,6,1,2,35,1,2,2,1,0,0,1,1,0,0,8,13,8,19,99,99,0,0,0,0,1,7,0,180516,2990,2009,0,WOZNIAK RD,99999999999999999999,0000000,41.62593333,-86.851,1,1
18,173,10,6,5,41,2,4,0,1,1,1,0,12,1,1,1,2,2,70,1,1,1,1,0,0,2,1,0,0,5,41,5,51,99,99,0,0,0,0,1,3,0,180517,1380,2009,50,I-64,99999999999999999999,0000000,38.16958611,-87.45525,2,1
18,163,9,3,16,45,1,1,0,0,6,4,0,5,0,2,1,1,2,30,1,1,2,2,1,3,1,1,0,0,16,45,16,49,99,99,0,0,0,0,1,5,0,180518,1480,2009,0,NEWBURG RD,COVERT AVE,0000000,37.95516111,-87.45143056,1,1
18,91,10,12,10,57,1,2,0,0,4,3,0,42,0,1,6,1,2,55,2,1,2,1,0,0,1,1,0,0,10,57,11,4,88,88,0,0,0,0,2,2,0,180519,2570,2009,0,SR-4,99999999999999999999,0000000,41.57018889,-86.61084722,1,1
18,183,10,13,15,45,2,5,0,0,4,3,0,12,2,1,1,1,2,55,1,3,2,1,28,3,1,1,0,0,15,47,15,55,99,99,0,0,0,0,4,3,0,180520,2580,2009,0,SR-5,99999999999999999999,0000000,41.153325,-85.63499444,2,1
18,71,10,13,14,0,3,7,0,1,1,1,0,12,1,1,1,2,2,70,1,1,2,1,0,0,1,1,0,0,14,3,14,8,99,99,0,0,0,0,2,3,0,180521,4440,2009,51,I-65,99999999999999999999,0000000,38.98037778,-85.84335,3,1
18,97,9,1,0,46,1,2,0,0,6,4,0,42,0,1,6,1,2,30,2,1,2,1,0,0,2,1,0,0,0,46,0,50,99,99,0,0,0,0,1,3,1,180522,2210,2009,0,GRANDVIEW DR,99999999999999999999,0000000,39.88655833,-86.18886111,1,1
18,39,10,20,18,11,2,2,0,0,16,4,0,12,2,1,1,1,3,55,1,1,2,1,0,0,1,1,0,0,18,15,18,21,99,99,0,0,0,0,1,3,1,180523,1410,2009,0,CR-17,99999999999999999999,0000000,41.75825278,-85.87841111,2,1
18,27,10,4,0,35,2,3,0,0,4,3,0,12,1,2,1,1,2,55,1,2,2,1,28,3,2,1,0,0,0,38,0,47,99,99,0,0,0,0,1,1,2,180524,4000,2009,0,SR-358,CARNAHAN BRIDGE,0000000,38.79563611,-87.23899722,2,1
18,157,10,20,2,19,1,2,0,0,4,3,0,18,0,1,4,1,2,55,1,1,2,1,0,0,2,1,0,0,2,21,2,28,99,99,0,0,0,0,1,3,0,180525,2480,2009,0,SR-43,99999999999999999999,0000000,40.53389444,-86.86915278,1,1
18,97,10,20,10,45,2,2,0,0,6,4,0,12,5,2,1,1,2,30,1,1,2,1,0,0,1,1,0,0,10,48,10,50,88,88,0,0,0,0,1,3,0,180526,2210,2009,0,JULIAN AVENUE,WEBSTER AVENUE,0000000,39.76982222,-86.06282778,2,1
18,97,10,15,17,45,5,6,0,1,11,1,0,12,1,1,1,3,3,50,1,2,1,2,0,0,1,2,0,0,17,45,17,52,99,99,0,0,0,0,1,5,0,180527,2210,2009,1114,I-65,99999999999999999999,0000000,39.765475,-86.14313333,5,2
18,11,10,20,14,38,2,2,0,0,4,3,0,12,2,1,1,2,3,55,2,1,2,1,28,3,1,1,0,0,14,38,14,43,99,99,0,0,0,0,1,3,0,180528,2630,2009,0,SR-32,99999999999999999999,0000000,40.03996944,-86.37511389,2,1
18,73,10,21,14,48,2,3,0,0,4,3,0,12,5,2,1,1,2,55,1,1,2,1,0,0,1,1,0,0,14,50,15,0,99,99,0,0,0,0,1,4,0,180529,1206,2009,0,SR-10,SR-110,0000000,41.14492222,-87.19951667,2,1
18,97,10,20,19,13,2,3,0,0,6,4,0,12,5,2,1,2,2,45,1,1,2,1,1,3,5,1,0,0,19,14,19,17,99,99,0,0,0,0,1,3,0,180530,2210,2009,0,MERIDIAN ST,BANTA AVE,0000000,39.67363333,-86.15838889,2,1
18,163,10,22,9,45,1,1,0,0,16,4,0,30,0,2,6,1,2,30,1,1,2,1,0,0,1,1,0,0,9,47,9,52,88,88,0,0,0,0,1,5,1,180531,1480,2009,0,WATERWORKS RD,US-41,0000000,37.92476944,-87.548675,1,1
18,127,10,16,1,40,1,1,0,0,14,2,0,39,0,11,10,3,3,55,1,1,2,1,0,0,2,1,0,0,1,43,1,47,88,88,0,0,0,0,1,6,1,180532,4025,2009,0,US-12,MIDWEST STEEL,0000000,41.61922778,-87.17376667,1,1
18,149,10,16,22,23,1,3,0,0,16,4,0,43,0,1,4,1,2,55,1,3,2,1,0,0,2,1,0,0,22,34,23,42,99,99,0,0,0,0,2,6,0,180533,2000,2009,0,CR-600,99999999999999999999,0000000,41.38949444,-86.48223056,1,1
18,89,10,20,8,48,3,3,0,0,3,2,0,12,1,2,1,2,2,55,1,1,2,1,1,3,1,1,0,0,8,49,8,53,99,99,0,0,0,0,1,3,0,180534,2972,2009,0,US-30,RANDOLPH ST,0000000,41.47086944,-87.24067222,3,1
18,49,10,22,19,5,1,2,1,0,6,4,0,8,0,2,1,1,2,25,1,1,2,2,28,3,5,2,0,0,19,9,19,9,88,88,0,0,0,0,1,5,0,180535,4190,2009,0,MAIN ST,11TH ST,0000000,41.06275278,-86.21626667,1,2
18,141,10,22,2,2,1,1,0,0,6,4,0,42,0,1,6,1,2,30,2,1,2,1,0,0,2,1,0,0,2,2,2,4,88,88,0,0,0,0,1,5,1,180536,3100,2009,0,DRAGOON TRL,99999999999999999999,0000000,41.64243056,-86.17257778,1,1
18,11,10,25,13,26,1,1,0,1,1,1,0,25,0,1,6,3,3,70,1,1,2,1,0,0,1,1,0,0,13,26,13,33,99,99,0,0,0,0,1,1,0,180537,2630,2009,1445,I-65,99999999999999999999,0000000,40.10709444,-86.51201111,1,1
18,169,10,27,19,57,1,1,0,0,16,4,0,42,0,1,6,1,2,55,1,2,2,2,0,0,2,2,0,0,20,0,20,12,88,88,0,0,0,0,1,3,0,180538,5040,2009,0,CR-200,99999999999999999999,0000000,40.79464444,-85.93643056,1,2
18,23,10,25,1,0,2,2,0,0,16,4,0,12,2,1,1,1,2,55,1,2,2,1,0,0,2,1,0,0,1,5,1,6,99,99,0,0,0,0,1,1,1,180539,1640,2009,0,CR-130,99999999999999999999,0000000,40.25742222,-86.52930833,2,1
18,39,10,31,1,47,1,2,0,0,16,4,0,34,0,1,6,1,2,45,2,1,2,1,28,3,2,1,0,0,1,47,2,0,88,88,0,0,0,0,2,7,1,180540,1410,2009,0,CR-9,99999999999999999999,0000000,41.60883333,-85.96466944,1,1
18,21,10,31,7,6,1,1,0,0,4,3,0,18,0,1,1,1,2,55,1,3,2,2,0,0,2,1,0,0,7,6,7,24,88,88,0,0,0,0,1,7,0,180541,880,2009,0,SR-157,99999999999999999999,0000000,39.27086944,-87.12861944,1,1
18,105,10,31,16,57,1,1,0,0,16,4,0,27,0,1,6,1,2,35,2,1,2,1,0,0,1,1,0,0,16,57,17,4,99,99,0,0,0,0,1,7,0,180542,380,2009,0,GARRISON CHAPEL RD,99999999999999999999,0000000,39.12260278,-86.64290556,1,1
18,95,6,6,19,56,1,3,0,0,6,4,0,5,0,1,1,1,2,20,1,1,2,1,0,0,1,1,0,0,19,56,19,59,99,99,0,0,0,0,1,7,0,180543,810,2009,0,MILLCREEK DR,99999999999999999999,0000000,40.11313333,-85.59413889,1,1
18,55,10,2,20,34,2,7,0,0,4,3,0,12,5,2,1,1,2,55,1,1,2,1,20,3,2,1,0,0,20,34,20,54,99,99,0,0,0,0,2,6,0,180544,2690,2009,0,SR-54,CR-1500,0000000,39.06744722,-87.22277778,2,1
18,113,11,4,20,20,1,2,0,0,3,2,0,42,0,3,5,1,2,50,2,1,2,1,0,0,2,1,0,0,20,24,20,31,99,99,0,0,0,0,1,4,0,180545,2670,2009,0,US-33,CLARK ST,0000000,41.40744167,-85.55362778,1,1
18,91,11,5,17,29,2,2,0,0,3,2,0,12,1,3,1,1,2,45,1,1,2,1,0,0,2,1,0,0,17,29,17,31,88,88,0,0,0,0,1,5,0,180546,2570,2009,0,US-20,CR-150,0000000,41.6782,-86.67058333,2,1
18,149,10,29,23,17,1,1,0,0,3,2,0,21,0,1,6,2,2,60,1,3,2,2,0,0,2,2,0,0,23,17,23,17,99,99,0,20,0,0,1,5,1,180547,2000,2009,0,US-30,99999999999999999999,0000000,41.39396944,-86.62088889,1,2
18,97,11,3,18,16,1,2,1,0,6,4,0,15,0,2,1,1,2,40,1,1,2,1,0,0,1,1,0,0,18,16,18,18,99,99,0,0,0,0,1,3,0,180548,2210,2009,0,10TH ST,LANSDOWNE,0000000,39.77862778,-86.31554722,1,1
18,173,11,9,4,18,1,2,0,0,16,4,0,24,0,6,6,2,2,30,1,2,2,1,72,3,2,1,0,0,4,18,4,44,88,88,0,0,0,0,2,2,0,180549,4830,2009,0,EAMES STATION RD,TENNYSON RD,9999999,38.08268889,-87.13188056,1,1
18,25,11,4,21,47,3,3,0,0,16,4,0,12,2,1,1,2,2,40,1,3,2,1,0,0,2,1,0,0,21,47,22,2,99,99,0,0,0,0,1,4,1,180550,2840,2009,0,VALENE RD,99999999999999999999,0000000,38.38358333,-86.35073611,3,1