STATE,COUNTY,MONTH,DAY,HOUR,MINUTE,VE_TOTAL,PERSONS,PEDS,NHS,ROAD_FNC,ROUTE,SP_JUR,HARM_EV,MAN_COLL,REL_JUNC,REL_ROAD,TRAF_FLO,NO_LANES,SP_LIMIT,ALIGNMNT,PROFILE,PAVE_TYP,SUR_COND,TRA_CONT,T_CONT_F,LGT_COND,WEATHER1,WEATHER2,WRK_ZONE,NOT_HOUR,NOT_MIN,ARR_HOUR,ARR_MIN,HOSP_HR,HOSP_MN,SCH_BUS,CF1,CF2,CF3,FATALS,DAY_WEEK,DRUNK_DR,ST_CASE,CITY,YEAR,MILEPT,TWAY_ID,TWAY_ID2,RAIL,LATITUDE,LONGITUD,VE_FORMS,WEATHER
18,61,11,7,13,35,3,7,0,0,4,3,0,12,1,3,1,1,2,45,1,2,2,1,28,3,1,1,0,0,13,39,13,46,99,99,0,0,0,0,1,7,0,180551,3572,2009,0,SR-64,ROWLEY LANE,0000000,38.29898056,-86.00118056,3,1
18,147,11,10,17,20,1,2,0,0,3,2,0,1,0,1,6,1,2,50,2,1,1,1,0,0,2,1,0,0,17,24,17,33,99,99,0,0,0,0,1,3,0,180552,4200,2009,0,US-231,99999999999999999999,0000000,37.90709444,-87.03935556,1,1
18,115,11,8,13,30,1,1,0,0,4,3,0,34,0,1,6,1,2,55,2,1,2,1,28,3,1,1,0,0,13,31,13,33,99,99,0,0,0,0,1,1,0,180553,4150,2009,0,SR-262,99999999999999999999,0000000,38.93758056,-84.93212778,1,1
18,111,11,9,3,20,1,2,0,0,3,2,0,1,0,1,6,2,2,55,1,1,2,1,0,0,2,1,0,0,3,24,3,39,99,99,0,0,0,0,1,2,0,180554,3270,2009,0,US-41,99999999999999999999,0000000,40.94094444,-87.43537778,1,1
18,93,11,10,14,11,1,1,0,0,4,3,0,31,0,1,6,1,2,55,2,1,1,1,0,0,1,1,0,0,14,11,14,20,99,99,0,0,0,0,1,3,0,180555,300,2009,0,SR-50,99999999999999999999,0000000,38.79617222,-86.53518611,1,1
18,103,11,7,12,7,2,2,0,0,6,4,0,12,5,1,1,1,2,30,2,1,2,1,0,0,1,1,0,0,12,7,12,12,99,99,0,0,0,0,1,7,0,180556,2978,2009,0,MEXICO RD,99999999999999999999,0000000,,,2,1
18,7,11,11,11,58,1,1,0,0,3,2,0,34,0,1,6,2,2,60,1,1,2,1,0,0,1,1,0,0,11,59,12,17,88,88,0,0,0,0,1,4,0,180557,1300,2009,0,US-41,99999999999999999999,0000000,40.479075,-87.37838611,1,1
18,17,11,13,7,51,1,3,0,0,16,4,0,42,0,1,6,1,2,55,1,1,2,1,0,0,1,1,0,0,7,51,8,0,99,99,0,0,0,0,1,6,0,180558,2730,2009,0,CR-200,99999999999999999999,0000000,40.64915833,-86.33550278,1,1
18,67,11,15,10,33,2,2,0,0,6,4,0,12,2,4,1,1,2,30,1,1,2,1,0,0,1,1,0,0,10,36,10,39,99,99,0,0,0,0,1,1,0,180559,2430,2009,0,VIRGINIA ST,MAIN ST,0000000,40.47326389,-86.13109722,2,1
18,37,11,14,2,0,1,1,0,0,16,4,0,46,0,11,6,1,2,45,1,1,2,1,20,3,2,1,0,0,2,8,2,21,88,88,0,0,0,0,1,7,1,180560,2233,2009,0,CR-150,CR-600,0000000,,,1,1
18,73,11,6,19,4,1,2,1,0,15,3,0,8,0,1,1,1,2,45,1,1,2,1,0,0,2,1,0,0,19,4,19,4,99,99,0,0,0,0,1,6,0,180561,5250,2009,0,SR-10,99999999999999999999,0000000,,,1,1
18,127,11,12,14,20,2,2,0,0,3,2,0,12,2,1,1,2,2,55,1,2,2,1,0,0,1,1,0,0,14,24,14,29,99,99,0,0,0,0,1,5,0,180562,4960,2009,0,US-30,99999999999999999999,0000000,41.46163889,-87.10192778,2,1
18,63,11,16,17,21,2,3,0,0,6,4,0,12,5,3,1,1,2,40,1,1,2,1,0,0,5,1,0,0,17,24,17,28,99,99,0,0,0,0,1,2,0,180564,3990,2009,0,CR-600,CR-675,0000000,39.67455833,-86.40416667,2,1
18,5,10,29,9,37,1,2,1,0,16,4,0,9,0,1,1,1,2,45,1,1,2,1,0,0,1,1,0,0,9,44,9,52,99,99,0,0,0,0,1,5,0,180565,990,2009,0,CR-325,99999999999999999999,0000000,39.20159722,-85.97316667,1,1
18,97,11,10,21,30,1,2,1,0,6,4,0,8,0,1,1,1,2,99,1,1,1,1,0,0,2,1,0,0,21,31,3,30,99,99,0,0,0,0,1,3,0,180566,2210,2009,0,ALLISONVILLE RD,99999999999999999999,0000000,39.92474444,-86.06878333,1,1
18,111,11,17,16,16,2,3,0,0,3,2,0,12,5,2,1,2,2,55,1,1,2,2,28,3,1,2,0,0,16,17,16,37,99,99,0,0,0,0,1,3,0,180567,3270,2009,0,US-41,SR-114,0000000,40.94100833,-87.43546389,2,2
18,19,11,20,11,1,2,4,0,0,15,3,0,12,5,3,1,1,2,45,1,1,2,1,20,3,1,1,0,0,11,1,11,5,99,99,0,0,0,0,1,6,0,180568,800,2009,0,SR-62,MONROE ST,0000000,38.44478333,-85.65473611,2,1
18,85,11,22,9,3,1,1,0,0,16,4,0,42,0,1,6,1,2,55,1,2,2,1,0,0,1,1,0,0,9,3,9,20,88,88,0,0,0,0,1,1,0,180569,4810,2009,0,CR-900,99999999999999999999,0000000,41.36456944,-85.73996667,1,1
18,75,11,17,23,0,1,1,0,0,16,4,0,38,0,1,6,1,2,55,2,1,2,1,0,0,2,1,0,0,23,12,23,16,99,99,0,0,0,0,1,3,1,180570,4040,2009,0,CR-400,99999999999999999999,0000000,40.38172778,-84.97804722,1,1
18,43,11,17,23,37,2,5,0,0,4,3,0,12,2,1,1,1,2,55,1,1,1,2,0,0,2,1,0,0,23,37,23,42,99,99,0,0,0,0,2,3,0,180571,3400,2009,0,SR-111,99999999999999999999,0000000,38.17387222,-85.90725,2,1
18,85,11,12,15,40,2,2,0,0,4,3,0,12,5,1,1,1,2,55,1,1,2,1,0,0,1,1,0,0,15,41,16,44,99,99,0,0,0,0,1,5,0,180572,4560,2009,0,SR-14,99999999999999999999,0000000,41.07301111,-85.81575278,2,1
18,39,11,24,16,5,2,6,0,0,16,4,0,12,5,2,1,1,2,45,1,2,2,1,20,3,1,1,0,0,16,5,16,12,99,99,0,0,0,0,1,3,0,180573,1830,2009,0,CR-11,CR-28,0000000,41.6088,-85.94531667,2,1
18,125,11,20,19,47,2,2,0,0,4,3,0,12,2,1,1,1,2,55,2,1,2,1,28,3,2,1,0,0,19,48,19,49,99,99,0,0,0,0,1,6,0,180574,3950,2009,0,SR-57,99999999999999999999,0000000,38.414325,-87.30620278,2,1
18,91,11,8,2,6,1,8,0,1,1,1,0,1,0,1,1,3,3,70,1,1,2,1,0,0,2,1,0,0,2,6,2,22,99,99,0,0,0,0,3,1,0,180575,2570,2009,48,I-80,99999999999999999999,0000000,41.65903056,-86.75293889,1,1
18,141,11,14,19,4,2,2,0,0,3,2,0,12,5,3,1,2,2,40,1,1,2,1,20,3,2,1,0,0,19,5,19,14,99,99,0,0,0,0,1,7,0,180576,2530,2009,0,US-31,RILEY RD,0000000,41.50735556,-86.28996944,2,1
18,89,11,13,22,55,1,2,0,0,16,4,0,42,0,1,6,1,2,40,1,1,2,1,0,0,2,1,0,0,23,5,23,27,99,99,0,0,0,0,1,6,0,180577,2120,2009,0,COUNTY LINE RD,99999999999999999999,0000000,41.50729167,-87.22080278,1,1
18,37,11,14,20,0,2,3,0,0,4,3,0,12,1,1,1,2,2,55,1,1,2,1,0,0,2,1,0,0,20,11,20,20,99,99,0,0,0,0,1,7,0,180578,2180,2009,0,SR-64,99999999999999999999,0000000,38.29835833,-86.99828611,2,1
18,3,11,24,16,11,2,3,0,0,4,3,0,12,5,2,1,1,2,55,1,1,2,1,20,3,1,1,0,0,16,12,16,32,99,99,0,0,0,0,1,3,1,180579,5418,2009,0,SR-101,DAWKINS RD,0000000,41.07411111,-84.86517778,2,1
18,19,11,25,12,49,3,3,0,0,4,3,0,12,5,2,1,2,2,55,1,2,2,1,0,0,1,1,0,0,12,59,13,0,99,99,0,0,0,0,1,4,0,180580,2270,2009,0,SR-62,SALEM NOBLE RD,0000000,38.37423056,-85.69490556,3,1
18,127,11,30,1,28,1,1,0,0,3,2,0,42,0,1,6,1,2,55,2,2,2,1,28,3,2,1,0,0,1,29,1,31,88,88,0,0,0,0,1,2,1,180581,4960,2009,0,US-6,99999999999999999999,0000000,41.54976389,-87.01669722,1,1
18,31,11,13,19,45,1,1,0,0,16,4,0,42,0,1,4,1,2,55,2,3,2,1,0,0,2,1,0,0,19,52,20,5,88,88,0,0,0,0,1,6,1,180582,1910,2009,0,CR-850,99999999999999999999,0000000,39.38931111,-85.34085278,1,1
18,59,11,29,4,51,2,2,0,0,16,4,0,12,2,1,1,1,2,50,1,1,2,1,0,0,2,1,0,0,4,51,4,52,99,99,0,0,0,0,1,1,2,180583,1890,2009,0,CR-600,99999999999999999999,0000000,39.84577778,-85.915575,2,1
18,177,11,18,8,45,2,3,0,0,6,4,0,12,5,2,1,4,3,30,1,1,2,2,3,3,1,1,0,0,8,49,9,0,99,99,0,0,0,0,1,4,0,180584,4120,2009,0,NORTH A ST,NORTH 9TH ST,0000000,39.83060278,-84.89031667,2,1
18,97,11,24,19,40,1,2,1,0,6,4,0,8,0,1,1,1,3,40,1,3,2,2,0,0,2,2,0,0,19,48,19,50,99,99,0,0,0,0,1,3,0,180585,2210,2009,0,38TH STREET,99999999999999999999,0000000,39.82574167,-86.08865278,1,2
18,93,12,2,23,4,1,1,0,0,6,4,0,35,0,1,6,1,2,25,2,2,2,2,0,0,3,2,0,0,23,4,23,11,88,88,0,0,0,0,1,4,1,180586,3110,2009,0,TEKE BURTON DRIVE,99999999999999999999,0000000,38.73011667,-86.48337778,1,2
18,97,11,6,17,40,6,9,0,1,11,1,0,12,1,1,1,3,3,55,1,1,1,1,0,0,1,1,0,0,17,47,17,58,99,99,0,0,0,0,1,6,0,180587,2210,2009,1074,I-65,99999999999999999999,0000000,39.71375556,-86.11513056,6,1
18,141,11,18,17,41,1,2,1,0,14,2,0,8,0,1,1,2,2,35,1,1,2,2,0,0,2,2,0,0,17,41,17,49,99,99,0,0,0,0,1,4,0,180588,3100,2009,0,US-933,99999999999999999999,0000000,41.66098611,-86.18843056,1,2
18,183,12,4,2,38,1,2,0,0,16,4,0,30,0,1,6,1,2,55,1,1,2,1,0,0,2,1,0,0,2,38,2,52,99,99,0,4,0,0,1,6,1,180589,840,2009,0,CR-900,99999999999999999999,0000000,41.26425833,-85.31785,1,1
18,57,12,4,11,26,1,2,1,0,4,3,0,8,0,2,1,1,2,25,1,1,2,1,1,3,1,1,0,0,11,26,11,28,99,99,0,0,0,0,1,6,0,180590,3590,2009,0,SR-32,9TH ST,0000000,40.04595,-86.01393611,1,1
18,93,12,5,17,46,1,1,0,0,6,4,0,30,0,1,4,1,2,35,1,1,2,1,0,0,2,1,0,0,17,46,17,55,99,99,0,0,0,0,1,7,0,180591,3750,2009,0,10TH ST,99999999999999999999,0000000,38.89228611,-86.52055278,1,1
18,77,12,6,5,0,1,1,0,0,6,4,0,30,0,1,5,1,2,30,1,3,2,1,0,0,2,1,0,0,6,46,6,46,88,88,0,0,0,0,1,1,0,180592,2830,2009,0,EAST ST,99999999999999999999,0000000,38.73921389,-85.37434722,1,1
18,95,12,6,21,51,1,2,1,0,6,4,0,8,0,2,1,1,2,45,1,2,2,1,1,3,2,1,0,0,21,52,21,55,99,99,0,0,0,0,1,1,0,180593,140,2009,0,SCATTERFIELD RD,MOUNDS RD,0000000,40.09251944,-85.652675,1,1
18,97,12,3,7,2,4,4,0,1,11,1,0,12,2,1,1,3,3,50,1,2,2,1,0,0,4,1,0,0,7,4,7,10,99,99,0,0,0,0,1,5,0,180594,2210,2009,806,I-70,99999999999999999999,0000000,39.75332778,-86.14911944,4,1
18,163,11,30,17,13,2,2,0,0,3,2,0,12,5,1,1,2,2,55,1,1,2,1,0,0,2,1,0,0,17,14,17,24,99,99,0,0,0,0,1,2,0,180595,1480,2009,0,US-41,99999999999999999999,0000000,37.94033889,-87.54404167,2,1
18,97,9,8,23,6,1,1,0,0,6,4,0,18,0,2,1,1,2,35,1,1,2,1,1,3,2,1,0,0,23,8,23,9,99,99,0,0,0,0,1,3,0,180596,2210,2009,0,16TH ST,TIBBS AVE,0000000,39.78647778,-86.28305833,1,1
18,127,9,24,6,4,2,2,0,0,15,3,0,12,5,3,1,1,2,50,2,1,2,2,0,0,4,5,0,0,6,5,6,10,99,99,0,0,0,0,1,5,0,180597,4030,2009,0,SR-49,BAILEY RD,0000000,41.63882778,-87.06274444,2,5
18,15,10,5,9,13,3,3,0,0,4,3,0,12,4,1,1,1,2,55,2,1,2,1,0,0,1,1,0,0,9,13,9,22,99,99,0,0,0,0,1,2,0,180598,1200,2009,0,SR-25,99999999999999999999,0000000,40.56066667,-86.69341667,3,1
18,143,12,4,0,33,1,1,0,0,16,4,0,24,0,1,6,1,2,55,1,3,2,1,0,0,2,1,0,0,0,33,0,37,88,88,0,0,0,0,1,6,1,180599,4400,2009,0,LOVERS LANE,99999999999999999999,0000000,38.67100278,-85.77638889,1,1
18,21,12,2,4,8,1,1,0,0,3,2,0,30,0,1,6,1,2,55,1,1,2,1,0,0,2,1,0,0,4,8,4,11,88,88,0,0,0,0,1,4,1,180600,460,2009,0,US-40,99999999999999999999,0000000,39.53257778,-87.08930833,1,1
18,39,11,7,18,19,2,3,0,0,16,4,0,12,5,2,1,1,2,55,1,1,2,1,20,3,1,1,0,0,18,21,18,40,99,99,0,0,0,0,1,7,1,180601,3380,2009,0,CR-3,CR-46,0000000,41.49356667,-86.020975,2,1
18,141,12,11,20,20,1,3,1,0,16,4,0,8,0,1,1,1,2,20,1,1,2,1,28,3,3,1,0,0,20,25,20,27,99,99,0,0,0,0,1,6,0,180602,4580,2009,0,MISHAWAKA AVE,99999999999999999999,0000000,41.66579444,-86.20525278,1,1
18,119,12,12,17,19,1,1,0,0,4,3,0,42,0,1,6,1,2,55,1,2,2,1,0,0,1,1,0,0,17,21,17,40,88,88,0,0,0,0,1,7,0,180603,9997,2009,0,SR-42,99999999999999999999,0000000,39.44616944,-86.87170833,1,1
18,171,12,11,18,43,1,2,0,0,16,4,0,1,0,1,6,1,2,55,2,1,4,1,0,0,2,1,0,0,18,43,18,48,99,99,0,0,0,0,1,6,0,180604,5210,2009,0,COAL HOLLOW RD,99999999999999999999,0000000,40.19015278,-87.42679722,1,1
18,91,12,13,3,50,1,3,0,0,16,4,0,25,0,1,6,3,2,55,1,1,2,4,0,0,2,3,0,1,3,58,4,5,99,99,0,0,0,0,1,1,1,180605,2370,2009,0,HUPP RD,99999999999999999999,0000000,41.51778333,-86.68438333,1,3
18,157,12,13,17,54,2,3,0,0,16,4,0,12,2,1,1,1,2,50,1,1,2,2,28,3,5,1,0,0,17,55,18,7,99,99,0,0,0,0,1,1,0,180606,5200,2009,0,DIVISION RD,99999999999999999999,0000000,40.416175,-87.03824167,2,1
18,177,12,12,19,50,2,5,0,0,4,3,0,12,5,2,1,1,2,45,1,1,2,1,20,3,2,1,0,0,19,52,19,55,99,99,0,0,0,0,1,7,0,180607,780,2009,0,SR-38,CENTERVILLE RD,0000000,39.88234167,-84.99624167,2,1
18,97,10,26,22,20,1,2,1,0,6,4,0,9,0,2,1,5,2,55,1,1,2,1,1,3,2,1,0,0,22,42,23,8,99,99,0,0,0,0,1,2,0,180608,2210,2009,0,KENTUCKY AVE,HEATHROW WAY,0000000,39.67994444,-86.28863889,1,1
18,85,12,14,8,40,2,2,0,0,3,2,0,12,5,2,1,2,2,45,1,1,2,2,28,3,1,5,0,0,8,40,8,48,99,99,0,0,0,0,1,2,0,180609,1470,2009,0,US-30,CR-800,0000000,41.26755,-85.99848611,2,5
18,33,12,11,18,15,1,2,0,0,16,4,0,24,0,1,6,1,2,35,2,2,4,4,0,0,2,1,0,0,11,11,12,3,88,88,0,0,0,0,2,6,0,180610,620,2009,0,CR-40,99999999999999999999,0000000,41.38685556,-84.83179167,1,1
18,113,12,15,7,50,1,1,0,0,16,4,0,1,0,1,6,1,2,55,1,3,2,3,0,0,4,3,4,0,7,50,8,12,88,88,0,0,0,0,1,3,0,180611,60,2009,0,CR-100,99999999999999999999,0000000,41.36676111,-85.43878611,1,3
18,77,12,11,22,25,1,1,0,0,16,4,0,1,0,1,4,1,2,35,2,2,2,1,0,0,2,1,0,0,23,46,0,16,88,88,0,2,0,0,1,6,0,180612,2830,2009,0,DUGAN HOLLOW RD,99999999999999999999,0000000,38.75471944,-85.35681667,1,1
18,33,12,15,14,25,2,2,0,0,16,4,0,12,5,3,1,1,2,55,1,1,2,1,20,3,1,1,0,0,14,30,14,36,99,99,0,0,0,0,1,3,0,180613,220,2009,0,CR-56,CR-39,0000000,41.32481389,-85.00276667,2,1
18,169,12,16,19,53,1,2,1,0,6,4,0,8,0,1,1,1,2,30,1,2,2,1,0,0,2,1,0,0,19,53,19,59,99,99,0,0,0,0,1,4,0,180614,5040,2009,0,MIAMI ST,99999999999999999999,0000000,40.80055556,-85.82296389,1,1
18,97,12,16,0,30,1,1,0,1,11,1,0,42,0,1,6,3,3,55,1,1,2,1,0,0,2,1,0,0,6,13,6,33,88,88,0,0,0,0,1,4,0,180615,2210,2009,23,I-465,99999999999999999999,0000000,39.90486389,-86.26979722,1,1
18,23,12,7,0,2,4,2,1,1,1,1,0,12,8,1,1,3,3,65,2,3,1,4,0,0,2,4,0,0,5,5,5,32,99,99,0,0,0,0,1,2,0,180616,1640,2009,158,I-65,99999999999999999999,0000000,40.26560833,-86.65938333,1,4
18,89,12,11,17,0,1,3,1,0,4,3,0,8,0,1,1,1,2,35,1,1,2,1,0,0,2,1,0,0,17,22,17,24,99,99,0,0,0,0,1,6,0,180617,1730,2009,0,SR-53,99999999999999999999,0000000,41.53685278,-87.33658889,1,1
18,21,12,19,18,54,1,3,1,0,4,3,0,8,0,1,1,1,2,40,1,2,2,2,0,0,2,1,0,0,18,54,18,58,88,88,0,0,0,0,1,7,0,180618,460,2009,0,SR-340,99999999999999999999,0000000,39.518575,-87.14761111,1,1
18,127,12,17,5,0,1,2,1,0,14,2,0,9,0,1,1,1,4,45,1,1,2,1,0,0,2,1,0,0,5,0,5,3,88,88,0,0,0,0,1,5,0,180619,4025,2009,0,US-20,99999999999999999999,0000000,41.59402222,-87.19089167,1,1
18,97,8,20,21,44,1,1,0,0,16,4,0,34,0,1,6,1,2,40,1,1,2,1,0,0,3,1,0,0,22,4,22,16,99,99,0,0,0,0,1,5,0,180620,2210,2009,0,42ND ST,99999999999999999999,0000000,39.83332222,-86.01312778,1,1
18,97,12,17,22,42,1,1,0,0,6,4,0,33,0,3,4,1,3,40,1,1,2,1,2,3,3,1,0,0,22,42,22,43,99,99,0,0,0,0,1,5,0,180621,2210,2009,0,MADISON AVE,SOUTHERN AVE,0000000,39.72966944,-86.15391111,1,1
18,183,12,21,14,43,1,1,0,0,16,4,0,30,0,1,6,1,2,55,2,1,2,1,0,0,1,1,0,0,14,45,14,47,99,99,0,0,0,0,1,2,1,180622,980,2009,0,OLD TRAIL RD,99999999999999999999,0000000,41.15003056,-85.51272778,1,1
18,121,12,22,11,37,2,2,0,0,6,4,0,12,5,2,1,1,3,30,1,1,2,1,3,3,1,1,0,0,11,37,11,38,88,88,0,0,0,0,1,3,0,180623,4210,2009,0,LINCOLN RD,ANDERSON ST,0000000,39.77598889,-87.23612222,2,1
18,143,12,13,12,59,3,4,0,1,1,1,0,12,1,1,1,2,2,70,1,1,2,2,0,0,1,2,0,0,13,4,13,10,99,99,0,0,0,0,2,1,0,180624,4400,2009,314,I-65,99999999999999999999,0000000,38.69475556,-85.78914722,3,2
18,177,12,22,7,44,2,6,0,0,3,2,0,12,5,1,1,2,2,55,2,1,2,4,28,3,4,4,0,0,7,46,7,53,99,99,0,0,0,0,1,3,1,180625,5152,2009,0,US-35,99999999999999999999,0000000,39.87075,-84.91058333,2,4
18,97,12,23,1,0,1,1,0,0,6,4,0,33,0,1,6,1,2,35,2,1,2,2,0,0,2,2,0,0,1,2,1,5,88,88,0,0,0,0,1,4,0,180626,2210,2009,0,WASHINGTON ST,99999999999999999999,0000000,39.76474167,-86.21220556,1,2
18,119,12,24,18,30,1,1,0,0,4,3,0,1,0,1,6,1,2,55,2,1,2,2,0,0,2,2,0,0,18,43,19,5,99,99,0,0,0,0,1,5,0,180627,956,2009,0,SR-157,99999999999999999999,0000000,39.19005556,-87.01251389,1,2
18,89,12,16,12,0,1,1,0,0,6,4,0,26,0,1,6,1,2,30,2,1,2,1,0,0,9,1,0,0,14,37,14,51,88,88,0,0,0,0,1,4,0,180628,1730,2009,0,ELLIS AVE,99999999999999999999,0000000,41.57147222,-87.32740278,1,1
18,163,12,17,8,0,2,2,0,0,16,4,0,12,2,1,1,1,2,45,2,1,2,1,28,3,1,1,0,0,8,2,8,3,99,99,0,0,0,0,1,5,0,180629,1480,2009,0,WATERWORKS RD,99999999999999999999,0000000,,,2,1
18,105,12,29,3,54,1,1,0,0,16,4,0,42,0,1,6,1,2,35,1,2,2,1,28,3,2,1,0,0,3,54,4,2,88,88,0,0,0,0,1,3,0,180630,380,2009,0,THOMAS RD,99999999999999999999,0000000,39.18909167,-86.63015833,1,1
18,39,12,29,12,43,1,1,0,0,16,4,0,42,0,1,6,1,2,45,1,2,2,3,0,0,1,1,0,0,12,57,13,2,88,88,0,0,0,0,1,3,0,180631,1830,2009,0,CR-15,99999999999999999999,0000000,41.59487222,-85.90634722,1,1
18,35,12,29,9,38,1,1,0,0,6,4,0,31,0,1,6,1,2,40,1,1,2,4,0,0,1,1,0,0,9,45,9,45,88,88,0,0,0,0,1,3,0,180632,3360,2009,0,HOYT AVE,99999999999999999999,0000000,40.14697778,-85.42934444,1,1
18,169,12,30,16,50,2,3,0,0,3,2,0,12,5,2,1,2,2,55,1,1,1,3,21,3,5,4,0,0,16,52,16,57,99,99,0,0,0,0,1,4,0,180633,2510,2009,0,US-24,CR-300,0000000,40.83848889,-85.73091111,2,4
18,97,12,28,1,15,1,1,0,1,11,1,0,24,0,1,6,3,3,50,2,1,2,2,0,0,2,1,0,0,1,15,1,23,99,99,0,0,0,0,1,2,0,180634,2210,2009,1128,I-65,99999999999999999999,0000000,39.78271667,-86.14809167,1,1
18,3,12,28,13,32,2,2,0,0,6,4,0,12,1,2,1,1,2,45,1,1,2,1,1,3,1,1,0,0,13,32,13,50,99,99,0,0,0,0,1,2,1,180635,1580,2009,0,CRESENT AVE,COLISEUM BLVD,0000000,41.11201667,-85.10859444,2,1
18,69,12,30,11,15,1,2,0,0,6,4,0,10,0,6,6,1,2,30,1,2,2,1,71,3,1,1,0,0,11,15,11,16,88,88,0,0,0,0,2,4,0,180636,2190,2009,0,HITZFIELD ST,WEST PARK DR,9999999,40.87751944,-85.50970278,1,1
18,103,12,29,14,16,2,3,0,0,16,4,0,12,2,1,1,1,2,55,2,1,2,2,0,0,1,1,0,0,14,16,14,20,99,99,0,0,0,0,2,3,0,180637,3940,2009,0,WABASH RD,99999999999999999999,0000000,40.77066111,-86.01625556,2,1
18,19,12,10,23,48,2,4,0,0,6,4,0,12,5,2,1,1,2,35,1,1,2,1,1,3,2,1,0,0,23,48,23,50,99,99,0,0,0,0,1,5,0,180638,870,2009,0,VETEREANS PKWY,I-65,0000000,38.32953889,-85.75455556,2,1
18,97,12,25,2,15,1,1,0,0,6,4,0,31,0,1,6,2,2,35,2,1,2,2,0,0,2,2,0,0,2,17,2,24,99,99,0,0,0,0,1,6,0,180639,2210,2009,0,GUION RD,99999999999999999999,0000000,39.86758889,-86.231775,1,2
18,153,11,8,2,48,1,1,0,0,16,4,0,1,0,1,5,1,2,55,1,1,2,1,0,0,2,1,0,0,2,48,2,59,99,99,0,0,0,0,1,1,0,180640,1510,2009,0,CR-200,99999999999999999999,0000000,39.21898889,-87.37057778,1,1
18,163,12,14,1,49,1,1,0,0,6,4,0,40,0,1,4,1,2,30,2,1,1,2,0,0,3,1,0,0,1,50,1,55,99,99,0,0,0,0,1,2,1,180641,1480,2009,0,KRATZVILLE RD,99999999999999999999,0000000,38.03345556,-87.58378056,1,1
18,99,11,30,15,55,3,5,0,0,4,3,0,12,8,1,1,1,2,55,1,1,2,1,0,0,1,1,0,0,15,55,16,13,99,99,0,14,0,0,1,2,0,180642,470,2009,0,SR-331,99999999999999999999,0000000,41.39954167,-86.11753333,3,1
18,97,10,29,3,42,1,1,0,0,16,4,0,42,0,1,4,1,2,40,1,1,2,1,0,0,2,1,0,0,3,42,3,50,88,88,0,0,0,0,1,5,1,180643,2210,2009,0,TROTTER RD,99999999999999999999,0000000,39.67148889,-86.30773611,1,1
18,167,12,6,11,26,2,3,0,0,4,3,0,12,2,1,1,1,2,45,1,1,2,1,0,0,1,1,0,0,11,26,11,27,99,99,0,0,0,0,1,1,0,180644,4840,2009,0,SR-42,99999999999999999999,0000000,39.46286944,-87.30770556,2,1
19,11,1,3,17,29,1,2,0,1,2,2,0,1,0,1,4,2,4,65,1,1,2,2,0,0,2,2,0,0,17,36,17,43,99,99,0,0,0,0,2,7,0,190001,0,2009,230,US-30,99999999999999999999,0000000,41.96394722,-91.84989722,1,2
19,173,1,3,20,5,1,1,0,0,4,4,0,35,0,1,4,1,2,55,1,2,2,4,0,0,2,1,0,0,88,88,88,88,88,88,0,0,0,0,1,7,0,190002,0,2009,0,200TH ST,99999999999999999999,0000000,40.75660833,-94.66921389,1,1
19,29,1,3,0,3,1,1,0,0,3,3,0,42,0,1,4,1,2,55,2,2,2,1,0,0,2,1,0,0,88,88,88,88,88,88,0,0,0,0,1,7,1,190003,0,2009,66,SR-83,99999999999999999999,0000000,41.421,-95.04500556,1,1
19,103,1,4,11,15,3,5,0,1,11,1,0,12,3,1,1,2,2,65,1,1,2,1,0,0,1,1,0,0,11,19,11,26,11,44,0,0,0,0,1,1,0,190004,1830,2009,105,I-80,99999999999999999999,0000000,41.69434722,-91.6304,3,1
19,159,1,4,2,0,1,1,0,0,4,4,0,1,0,2,4,1,2,55,1,2,1,1,20,3,2,1,0,0,88,88,88,88,88,88,0,20,0,0,1,1,0,190005,0,2009,0,J20,130TH ST,0000000,40.85384167,-94.11078056,1,1
19,113,1,6,11,12,2,2,0,0,6,4,0,12,2,1,1,1,2,55,1,2,4,1,0,0,1,1,0,0,11,15,11,24,88,88,0,0,0,0,1,3,0,190006,0,2009,0,COUNTY HOME ROAD,99999999999999999999,0000000,42.05655,-91.47848611,2,1
19,51,1,8,22,32,1,1,0,0,6,4,0,1,0,1,1,1,2,25,1,1,2,1,0,0,3,1,0,0,88,88,88,88,88,88,0,0,0,0,1,5,1,190007,0,2009,0,GOODE ST,99999999999999999999,0000000,40.75732222,-92.4235,1,1
19,103,1,9,16,21,2,2,0,1,1,1,0,12,4,1,1,2,2,70,1,1,2,1,0,0,1,1,0,0,16,21,16,33,99,99,0,0,0,0,1,6,0,190008,0,2009,100,I-380,99999999999999999999,0000000,41.83880833,-91.66437778,2,1
19,51,1,10,1,35,1,1,0,0,6,4,0,1,0,1,4,1,2,55,1,2,2,1,0,0,2,1,0,0,88,88,88,88,88,88,0,0,0,0,1,7,1,190009,0,2009,0,215TH STREET,99999999999999999999,0000000,40.74785833,-92.28724722,1,1
19,85,1,12,6,32,2,2,0,1,2,2,0,12,4,1,1,1,2,55,1,1,2,3,0,0,2,4,0,0,6,34,6,44,7,32,0,0,0,0,1,2,0,190010,0,2009,342,US-30,99999999999999999999,0000000,41.81588889,-95.63551667,2,4