STATE,COUNTY,MONTH,DAY,HOUR,MINUTE,VE_TOTAL,PERSONS,PEDS,NHS,ROAD_FNC,ROUTE,SP_JUR,HARM_EV,MAN_COLL,REL_JUNC,REL_ROAD,TRAF_FLO,NO_LANES,SP_LIMIT,ALIGNMNT,PROFILE,PAVE_TYP,SUR_COND,TRA_CONT,T_CONT_F,LGT_COND,WEATHER1,WEATHER2,WRK_ZONE,NOT_HOUR,NOT_MIN,ARR_HOUR,ARR_MIN,HOSP_HR,HOSP_MN,SCH_BUS,CF1,CF2,CF3,FATALS,DAY_WEEK,DRUNK_DR,ST_CASE,CITY,YEAR,MILEPT,TWAY_ID,TWAY_ID2,RAIL,LATITUDE,LONGITUD,VE_FORMS,WEATHER
19,157,1,13,13,29,2,2,0,1,1,1,0,12,2,1,1,2,2,70,1,1,1,1,0,0,1,1,0,0,13,42,14,17,14,51,0,0,0,0,1,3,0,190011,0,2009,181,I-80,99999999999999999999,0000000,41.69615556,-92.41312778,2,1
19,149,1,13,5,30,1,1,0,0,4,4,0,30,0,1,4,1,2,55,1,2,2,4,0,0,2,1,0,0,6,5,6,21,99,99,0,0,0,0,1,3,0,190012,0,2009,0,POLK AVE,99999999999999999999,0000000,42.61636111,-96.01214722,1,1
19,61,1,15,10,40,1,2,1,1,2,2,0,8,0,2,1,2,3,45,1,2,1,4,3,3,1,1,0,0,10,40,10,48,11,17,0,19,0,0,1,5,0,190013,0,2009,50,US-52,SR-32,0000000,42.54151389,-90.69345,1,1
19,187,1,17,19,42,2,6,0,1,2,2,0,12,4,1,1,1,2,55,1,2,1,4,0,0,2,1,0,0,19,42,19,55,20,30,0,0,0,0,1,7,0,190014,0,2009,309,US-169,99999999999999999999,0000000,42.59271667,-94.23041944,2,1
19,113,1,17,19,45,2,2,0,0,4,4,0,12,4,1,2,1,2,55,1,2,2,3,0,0,2,4,0,0,99,99,99,99,99,99,0,0,0,0,1,7,1,190015,0,2009,0,N. CENTER POINT RD,99999999999999999999,0000000,41.26591389,-91.78385,2,4
19,85,1,24,22,43,2,2,0,1,1,1,0,12,3,1,1,2,2,70,1,1,2,3,0,0,2,4,0,0,22,43,22,57,88,88,0,0,0,0,1,7,0,190016,0,2009,225,I-29,99999999999999999999,0000000,41.79588611,-96.05104444,2,4
19,115,1,27,18,43,2,2,0,1,2,2,0,12,5,2,1,1,2,55,1,2,1,1,20,3,3,1,0,0,88,88,88,88,88,88,0,0,0,0,1,3,0,190017,0,2009,143,US-61,SR-92,0000000,41.27661111,-91.19697778,2,1
19,65,1,28,22,42,2,2,0,0,4,4,0,12,5,1,1,1,2,55,1,1,2,1,0,0,2,1,0,0,22,49,23,14,0,24,0,0,0,0,1,4,1,190018,6280,2009,0,20TH STREET SE,99999999999999999999,0000000,42.65316389,-91.90932222,2,1
19,193,1,29,22,20,2,6,0,1,2,2,0,12,5,2,1,2,4,55,1,2,2,1,20,3,3,1,0,0,22,30,22,38,23,5,0,0,0,0,1,5,1,190019,0,2009,51,US-20,BUCHANAN AVE,0000000,42.475575,-96.30706111,2,1
19,163,1,30,7,19,1,3,0,0,16,6,0,42,0,1,4,1,2,25,1,1,2,4,0,0,4,1,0,0,7,20,7,22,99,99,0,20,0,0,1,6,1,190020,2080,2009,0,W 1ST STREET,99999999999999999999,0000000,41.52003611,-90.614175,1,1
19,133,1,17,8,54,1,5,0,1,1,1,0,1,0,1,2,2,2,70,1,1,1,4,0,0,1,6,7,0,8,54,9,11,10,4,0,0,0,0,2,7,0,190021,0,2009,247,I-29,99999999999999999999,0000000,42.20511667,-96.24154167,1,6
19,101,1,17,13,30,1,2,0,1,2,2,0,30,0,2,2,1,2,65,1,2,2,1,20,3,1,1,0,0,13,32,13,38,14,1,0,0,0,0,1,7,0,190022,0,2009,145,US-34,OSAGE AVE,0000000,41.00241667,-91.9095,1,1
19,155,2,2,15,45,2,2,0,0,16,6,0,12,5,2,2,1,2,25,1,1,2,1,3,3,1,1,0,0,15,53,15,55,16,12,0,0,0,0,1,2,0,190023,1900,2009,0,AVENUE A,N 29TH ST,0000000,41.26284444,-95.89076944,2,1
19,135,2,13,16,47,2,4,0,1,2,2,0,12,4,1,1,1,2,55,1,2,2,3,0,0,1,4,0,0,16,47,16,55,17,15,0,0,0,0,1,6,0,190024,0,2009,167,US-34,99999999999999999999,0000000,41.01721667,-92.78358333,2,4
19,91,2,12,22,30,1,1,0,0,6,4,0,1,0,1,4,1,2,55,1,1,4,1,0,0,1,1,0,0,88,88,88,88,88,88,0,0,0,0,1,5,1,190025,0,2009,0,270TH STREET,99999999999999999999,0000000,42.65918611,-94.05321111,1,1
19,113,2,10,8,30,2,2,0,0,3,3,0,12,5,2,1,2,4,45,1,1,1,1,20,3,1,1,0,0,8,38,8,41,9,18,1,0,0,0,1,3,0,190026,5290,2009,46,SR-100,TAMA ST,0000000,42.01978889,-91.61751111,2,1
19,55,2,13,18,42,2,3,0,0,3,3,0,12,4,1,1,1,2,55,1,2,1,3,0,0,2,4,0,0,18,45,18,54,19,41,0,0,0,0,1,6,0,190027,0,2009,0,SR-38,99999999999999999999,0000000,42.30054444,-91.19443333,2,4
19,163,2,14,18,30,2,2,0,1,2,2,0,12,2,1,1,1,2,55,2,1,2,1,0,0,2,1,0,0,18,43,18,57,19,16,0,0,0,0,1,7,0,190028,0,2009,182,US-67,99999999999999999999,0000000,41.64578889,-90.34991111,2,1
19,55,2,21,17,5,1,4,1,0,6,4,0,8,0,4,4,1,2,55,1,2,2,3,0,0,1,4,0,0,17,7,17,12,88,88,0,0,0,0,1,7,0,190029,0,2009,0,210TH ST,99999999999999999999,0000000,42.48453889,-91.36083611,1,4
19,165,2,21,13,31,1,1,0,0,6,4,0,1,0,1,4,1,2,55,1,2,4,1,0,0,1,1,0,0,13,31,13,48,14,14,0,0,0,0,1,7,0,190030,0,2009,0,M56,99999999999999999999,0000000,41.735125,-95.15146667,1,1
19,67,2,25,7,28,1,3,0,1,2,2,0,1,0,1,4,2,4,65,1,1,1,4,0,0,1,1,0,0,7,42,7,57,8,27,0,0,0,0,1,4,0,190031,0,2009,99,US-18,99999999999999999999,0000000,43.12675278,-92.82798333,1,1
19,113,2,4,6,3,2,2,0,1,2,2,0,12,5,2,1,1,2,55,2,2,1,1,21,3,4,1,0,0,6,4,6,11,99,99,0,0,0,0,1,4,0,190032,0,2009,307,US-151,X20,0000000,42.04945833,-91.44329167,2,1
19,113,2,25,14,13,2,3,0,1,1,1,0,12,5,1,1,2,2,70,1,1,2,1,0,0,1,1,0,0,14,15,14,25,88,88,0,0,0,0,2,4,0,190033,0,2009,244,I-380,99999999999999999999,0000000,42.17718056,-91.78873056,2,1
19,149,2,26,6,45,1,1,0,0,4,4,0,1,0,1,4,1,2,55,1,2,2,4,0,0,2,3,0,0,6,53,7,9,8,9,0,0,0,0,1,5,0,190034,0,2009,0,C38,99999999999999999999,0000000,42.74969167,-96.28785556,1,3
19,57,2,27,23,13,1,1,0,0,6,4,0,35,0,1,4,1,2,50,1,1,4,1,0,0,2,1,0,0,88,88,88,88,88,88,0,0,0,0,1,6,0,190036,0,2009,0,250TH ST,99999999999999999999,0000000,41.04464444,-91.20866389,1,1
19,109,2,28,2,15,1,3,0,0,6,4,0,1,0,1,4,1,2,50,1,2,4,4,0,0,2,1,0,0,88,88,88,88,88,88,0,0,0,0,1,7,1,190037,0,2009,0,50TH AVE,99999999999999999999,0000000,43.39260278,-94.36417778,1,1
19,65,3,2,8,12,1,2,0,0,4,4,0,1,0,1,4,1,2,55,1,1,2,1,0,0,1,1,0,0,8,15,8,19,8,35,0,0,0,0,1,2,0,190038,0,2009,0,B64,99999999999999999999,0000000,42.96392778,-91.78103333,1,1
19,39,3,2,13,20,2,2,0,1,2,2,0,12,2,1,1,1,3,55,1,2,2,1,0,0,1,1,0,0,13,20,13,33,99,99,0,0,0,0,1,2,0,190039,0,2009,237,US-34,99999999999999999999,0000000,41.02986111,-93.56140278,2,1
19,57,3,3,22,15,1,1,0,0,6,4,0,43,0,1,5,1,2,99,1,2,2,1,0,0,2,1,0,0,22,35,23,12,88,88,0,0,0,0,1,3,0,190040,0,2009,0,GLENMARK DR,99999999999999999999,0000000,40.76371389,-91.10281111,1,1
19,153,3,2,15,41,2,5,0,1,2,2,0,12,2,1,1,1,2,55,1,1,2,1,0,0,1,1,0,0,15,41,15,50,16,30,1,0,0,0,1,2,0,190041,0,2009,210,US-69,99999999999999999999,0000000,41.81589722,-93.60025833,2,1
19,31,3,4,16,54,1,1,0,0,6,4,0,1,0,1,4,1,2,55,1,2,4,1,0,0,1,1,0,0,16,59,17,12,88,88,0,0,0,0,1,4,0,190042,0,2009,0,300TH STREET,99999999999999999999,0000000,41.6559,-91.22814722,1,1
19,163,3,4,16,22,2,2,0,1,2,2,0,12,5,2,1,2,4,35,1,1,2,1,20,3,1,1,0,0,16,24,16,28,16,39,0,0,0,0,1,4,1,190043,2080,2009,122,US-61,W 6TH STREET,0000000,41.52569722,-90.57406389,2,1
19,91,3,6,23,35,1,1,0,0,3,3,0,1,0,1,1,1,2,55,1,1,2,2,0,0,2,1,0,0,23,40,23,48,88,88,0,0,0,0,1,6,0,190044,0,2009,139,SR-3,99999999999999999999,0000000,42.73171389,-94.15086389,1,1
19,47,3,9,6,50,2,2,0,0,4,4,0,12,5,2,1,1,2,55,1,2,2,1,20,3,2,5,0,0,6,50,7,20,88,88,0,0,0,0,1,2,0,190045,0,2009,0,D AVE,150TH ST,0000000,42.1678,-95.574975,2,5
19,127,3,6,23,19,1,3,0,0,16,3,0,1,0,4,4,2,4,35,1,1,2,1,4,3,3,1,0,0,23,19,23,24,23,42,0,0,0,0,2,6,0,190046,5320,2009,110,SR-14,99999999999999999999,0000000,42.02126389,-92.91239167,1,1
19,35,2,22,7,17,1,1,0,0,4,4,0,1,0,1,4,1,2,55,2,2,1,1,0,0,2,1,0,0,7,17,7,28,88,88,0,0,0,0,1,1,0,190047,0,2009,0,RIVER RD,99999999999999999999,0000000,42.67600278,-95.58363056,1,1
19,15,3,6,20,7,1,1,0,0,4,4,0,1,0,1,4,1,2,55,1,2,1,1,0,0,2,1,0,0,20,12,20,26,88,88,0,0,0,0,1,6,1,190048,0,2009,0,130TH ST,99999999999999999999,0000000,42.16619167,-93.988975,1,1
19,103,3,10,11,35,1,1,0,1,11,1,0,31,0,1,4,2,4,70,1,1,2,2,0,0,1,2,0,0,88,88,88,88,88,88,0,0,0,0,1,3,0,190049,1830,2009,19,I-380,99999999999999999999,0000000,41.723325,-91.64206111,1,2
19,171,1,27,20,14,1,1,0,0,6,8,3,48,0,1,2,1,2,30,1,2,4,4,0,0,3,1,0,0,20,14,20,25,88,88,0,0,0,0,1,3,1,190050,0,2009,0,MESKWAKI RD,99999999999999999999,0000000,41.96859722,-92.61312222,1,1
19,103,3,14,2,51,1,3,0,0,6,4,0,1,0,1,1,1,2,55,1,3,2,1,0,0,2,1,0,0,2,51,2,58,99,99,0,0,0,0,1,7,0,190051,0,2009,0,340TH ST,99999999999999999999,0000000,41.6874,-91.69444444,1,1
19,167,3,10,6,45,3,3,0,1,2,2,0,12,2,1,1,1,2,55,1,1,1,4,0,0,2,3,0,0,6,45,6,49,7,9,0,0,0,0,1,3,0,190052,0,2009,116,US-18,99999999999999999999,0000000,43.20014167,-96.27804167,3,3
19,61,2,15,14,56,2,5,0,1,2,2,0,12,2,1,1,1,2,55,1,2,2,1,0,0,1,1,0,0,14,56,15,15,15,34,0,0,0,0,2,1,0,190053,0,2009,0,US-52,99999999999999999999,0000000,41.38828056,-90.57664167,2,1
19,113,2,16,18,15,2,4,0,0,4,4,0,12,5,2,1,1,2,55,1,2,2,1,20,3,2,1,0,0,18,20,18,30,18,56,0,0,0,0,1,2,0,190054,0,2009,0,WRIGHT BROS. BLVD,C STREET RD SW,0000000,41.89020278,-91.63705833,2,1
19,61,2,26,18,41,1,1,0,0,16,6,0,42,0,1,4,1,2,25,1,1,2,2,0,0,3,2,0,0,18,44,18,48,19,9,0,0,0,0,1,5,0,190055,2430,2009,0,CARTER RD,99999999999999999999,0000000,42.51359167,-90.71079444,1,2
19,45,1,29,1,15,1,3,0,1,13,2,0,30,0,1,2,1,2,30,2,1,1,2,0,0,3,1,0,0,1,17,1,23,2,1,0,0,0,0,1,5,1,190056,1630,2009,386,US-30,99999999999999999999,0000000,41.83549167,-90.19081111,1,1
19,79,3,8,11,57,2,9,0,1,2,2,0,12,4,1,1,1,2,55,1,1,2,4,0,0,1,3,4,0,11,57,12,16,99,99,0,0,0,0,3,1,0,190057,0,2009,209,US-69,99999999999999999999,0000000,42.50579444,-93.63682222,2,3
19,3,2,21,6,52,1,1,0,0,4,4,0,5,0,1,4,1,2,55,1,2,2,1,0,0,4,1,0,0,7,1,7,16,99,99,0,0,0,0,1,7,1,190058,0,2009,0,150TH ST,99999999999999999999,0000000,41.08581111,-94.56106111,1,1
19,11,3,15,18,45,2,2,0,0,3,3,0,12,1,1,1,1,2,55,1,2,2,1,0,0,1,1,0,0,18,45,18,50,19,14,0,0,0,0,1,1,0,190059,0,2009,32,SR-150,99999999999999999999,0000000,42.20853889,-92.01744167,2,1
19,153,3,24,6,45,1,3,1,0,16,6,0,8,0,1,1,1,4,45,1,1,1,2,0,0,3,2,0,0,6,49,6,51,88,88,0,0,0,0,1,3,0,190060,210,2009,0,8TH ST SW,99999999999999999999,0000000,41.64403333,-93.47484444,1,2
19,171,3,16,6,49,2,2,0,1,2,2,0,12,4,1,1,1,2,55,1,2,2,1,0,0,4,1,0,0,88,88,88,88,88,88,0,0,0,0,1,2,0,190061,0,2009,191,US-30,99999999999999999999,0000000,41.96402222,-92.41211111,2,1
19,113,3,25,0,33,2,4,0,0,16,6,0,12,5,2,1,1,3,35,1,1,1,1,3,3,3,1,0,0,0,34,0,40,0,57,0,0,0,0,1,4,0,190062,1340,2009,0,WILSON AVE,L ST SW,0000000,41.95602222,-91.67154722,2,1
19,153,3,25,23,39,1,1,0,0,16,6,0,39,0,1,4,1,4,30,1,1,2,1,0,0,3,1,0,0,23,42,23,48,0,9,0,0,0,0,1,4,1,190063,2260,2009,0,GRAND AVE,99999999999999999999,0000000,41.58332222,-93.68910833,1,1
19,153,3,25,22,34,1,1,0,0,16,6,0,33,0,1,2,1,2,30,1,1,1,1,0,0,2,1,0,0,22,35,22,39,22,59,0,0,0,0,1,4,1,190064,2260,2009,0,WATROUS AVE,99999999999999999999,0000000,41.54816944,-93.62197778,1,1
19,129,4,1,17,11,2,2,0,1,1,1,0,45,1,1,1,2,2,55,1,2,2,1,40,3,1,1,0,1,88,88,88,88,88,88,0,0,0,0,1,4,0,190065,0,2009,142,I-29,99999999999999999999,0000000,41.10785556,-95.82836111,2,1
19,153,3,9,10,45,2,2,0,0,16,6,0,12,3,2,1,1,2,45,1,1,1,1,0,0,1,1,0,0,10,45,10,50,11,23,0,0,0,0,1,2,0,190066,3490,2009,0,NW 54TH AVE,S JAMES ST,0000000,41.65841944,-93.79443889,2,1
19,49,3,16,17,14,1,1,0,0,3,3,0,1,0,1,3,2,4,65,2,2,2,1,0,0,1,1,0,0,17,20,17,40,18,7,0,0,0,0,1,2,1,190067,0,2009,186,SR-141,99999999999999999999,0000000,41.8337,-93.91938056,1,1
19,61,1,5,7,20,1,3,1,0,16,6,0,8,0,2,1,1,2,25,1,1,1,1,0,0,1,1,0,0,7,22,7,24,7,47,0,0,0,0,1,2,0,190068,2430,2009,0,E 4TH ST,CENTRAL AVE,0000000,42.49820833,-90.66332778,1,1
19,129,4,5,2,15,1,1,0,0,4,4,0,1,0,1,4,1,2,55,1,2,2,1,0,0,2,1,0,0,2,15,2,24,3,11,0,0,0,0,1,1,0,190069,0,2009,0,315TH ST,99999999999999999999,0000000,41.03876944,-95.58523611,1,1
19,187,4,2,14,30,2,6,0,1,2,2,0,12,3,8,1,1,2,55,1,1,1,1,0,0,1,1,0,0,14,36,14,40,99,99,0,0,0,0,1,5,0,190070,0,2009,198,US-169,99999999999999999999,0000000,42.43914444,-94.18405833,2,1
19,97,4,5,17,26,1,2,0,0,4,4,0,1,0,1,4,1,2,55,2,2,1,2,0,0,1,2,0,0,17,26,17,44,18,44,0,0,0,0,1,1,1,190071,0,2009,0,BELLEVUE-CASCADE RD,99999999999999999999,0000000,42.24069722,-90.69936111,1,2
19,159,4,6,17,37,2,3,0,0,6,4,0,12,2,1,1,1,2,50,1,3,4,1,0,0,1,1,0,0,17,39,17,42,18,20,0,0,0,0,2,2,0,190072,0,2009,0,270TH ST,99999999999999999999,0000000,40.65361667,-94.33333056,2,1
19,129,4,5,1,25,1,1,0,0,6,4,0,1,0,2,4,1,2,50,1,2,4,1,0,0,2,1,0,0,1,47,1,55,88,88,0,0,0,0,1,1,0,190073,0,2009,0,196TH ST,BROHARD,0000000,41.14498611,-95.81157778,1,1
19,7,4,10,9,53,1,1,0,0,6,4,0,42,0,1,4,1,2,55,1,2,4,1,0,0,1,1,0,0,9,53,10,6,88,88,0,0,0,0,1,6,0,190074,0,2009,0,180TH ST,99999999999999999999,0000000,40.702175,-92.94543056,1,1
19,169,4,11,16,16,3,4,0,1,1,1,0,12,7,11,1,2,3,70,1,1,1,1,0,0,1,1,0,0,16,17,16,21,88,88,0,0,0,0,1,7,0,190075,0,2009,99,I-35,US-30,0000000,42.00881667,-93.57116944,3,1
19,175,4,13,11,50,2,5,0,0,3,3,0,12,5,2,1,1,2,55,1,2,2,2,20,3,1,2,0,0,11,52,11,58,12,8,0,0,0,0,1,2,0,190076,0,2009,177,SR-25,150TH ST,0000000,41.08584444,-94.41396667,2,2
19,153,4,14,19,40,1,1,0,0,16,6,0,33,0,1,2,1,2,45,1,1,1,1,0,0,1,1,0,0,19,40,19,45,20,6,0,0,0,0,1,3,0,190077,2260,2009,0,AURORA AVE,99999999999999999999,0000000,41.63641389,-93.67013611,1,1
19,153,4,15,19,0,2,2,0,0,4,4,0,12,5,2,1,1,2,35,1,2,2,1,20,3,1,1,0,0,19,2,19,3,88,88,0,0,0,0,1,4,0,190078,0,2009,0,NW 66TH AVE,2ND AVE,0000000,41.68035,-93.620675,2,1
19,25,4,17,21,38,2,2,0,0,3,3,0,12,1,1,1,1,2,55,1,1,2,1,0,0,2,1,0,0,21,38,21,42,88,88,0,0,0,0,1,6,1,190079,0,2009,69,SR-4,99999999999999999999,0000000,42.26719722,-94.54206667,2,1
19,143,4,21,10,33,1,1,0,0,3,3,0,1,0,5,4,6,1,35,2,1,1,1,0,0,1,1,0,0,10,33,10,38,11,12,0,0,0,0,1,3,0,190080,0,2009,0,SR-60,99999999999999999999,0000000,43.38228889,-96.74954444,1,1
19,71,4,5,4,34,1,1,0,0,4,4,0,35,0,1,4,1,2,55,1,1,2,1,0,0,2,1,0,0,4,35,4,44,88,88,0,0,0,0,1,1,0,190081,0,2009,0,MANTI RD,99999999999999999999,0000000,40.72842222,-95.43835278,1,1
19,155,4,6,14,16,1,1,0,0,6,4,0,10,0,6,1,1,2,40,1,1,4,1,61,3,1,1,0,0,14,22,14,44,15,0,0,0,0,0,1,2,0,190082,0,2009,0,JOSLIN AVE,AVE C,191103a,41.35678611,-95.87942222,1,1
19,73,4,16,8,46,3,3,0,1,2,2,0,12,1,8,1,1,2,55,1,1,2,1,0,0,1,1,0,0,8,46,8,52,99,99,0,0,0,0,2,5,0,190083,0,2009,226,US-30,99999999999999999999,0000000,42.03351667,-94.20058333,3,1
19,121,4,22,16,46,1,1,0,0,4,4,0,35,0,1,4,1,2,55,2,2,2,1,0,0,1,1,0,0,16,49,17,10,17,36,0,0,0,0,1,4,1,190084,0,2009,0,ST CHARLES RD,99999999999999999999,0000000,41.28396389,-93.861675,1,1
19,153,4,23,20,30,1,1,0,0,3,3,0,11,0,1,1,1,2,50,1,1,1,1,0,0,3,1,0,0,20,33,20,37,88,88,0,0,0,0,1,5,0,190085,8980,2009,30,SR-28,99999999999999999999,0000000,41.54973889,-93.70323889,1,1
19,155,4,22,15,40,2,2,0,1,13,2,0,12,5,2,1,2,4,40,1,1,2,1,3,3,1,1,0,0,15,40,15,43,16,9,0,0,0,0,1,4,0,190086,1900,2009,58,US-6,MCKENSIE AVE,0000000,41.27929722,-95.81793056,2,1
19,171,4,24,23,0,2,3,0,0,6,4,0,12,5,2,1,1,2,50,1,2,4,1,20,3,2,1,0,0,23,18,23,28,0,10,0,0,0,0,1,6,0,190087,0,2009,0,245TH ST,Q AVE,0000000,42.08641667,-92.45463056,2,1
19,153,4,25,13,13,2,6,0,1,2,2,0,12,5,2,1,2,3,35,1,1,1,2,3,3,1,2,0,0,13,15,13,21,13,48,0,0,0,0,1,7,0,190088,2260,2009,64,US-69,LYON ST,0000000,41.59603611,-93.59610556,2,2
19,25,4,26,19,52,1,1,0,1,2,2,0,1,0,1,4,1,2,55,2,1,2,2,0,0,5,1,0,0,19,53,20,1,20,12,0,0,0,0,1,1,0,190089,0,2009,9,US-175,99999999999999999999,0000000,42.25924444,-94.84240556,1,1
19,173,4,26,18,46,1,1,0,0,4,4,0,32,0,2,4,1,2,55,2,2,2,1,20,3,1,1,0,0,88,88,88,88,88,88,0,0,0,0,1,1,1,190090,0,2009,0,290TH STREET,240TH AVE,0000000,41.72823333,-90.43289444,1,1
19,73,4,26,1,39,1,1,0,0,4,4,0,35,0,1,4,1,2,55,1,2,1,2,0,0,2,2,0,0,1,42,1,48,88,88,0,0,0,0,1,1,0,190091,0,2009,0,330TH,99999999999999999999,0000000,41.87752778,-94.60958056,1,2
19,43,4,27,11,15,2,2,0,0,3,3,0,12,2,1,1,1,2,55,1,2,2,2,0,0,1,1,0,0,11,21,11,28,88,88,0,0,0,0,1,2,0,190092,0,2009,31,SR-128,99999999999999999999,0000000,42.88503056,-91.31324444,2,1
19,169,4,30,6,42,1,1,0,0,4,4,0,1,0,2,4,1,2,55,2,1,2,2,0,0,4,5,0,0,6,42,6,46,7,21,0,0,0,0,1,5,0,190093,0,2009,0,305TH ST,595TH,0000000,41.91385278,-93.50927222,1,5
19,113,4,20,17,55,1,3,0,0,16,6,0,42,0,1,4,1,2,35,1,1,2,2,0,0,1,1,0,0,18,1,18,8,18,21,0,0,0,0,1,2,1,190094,1340,2009,0,EAST POST RD.,99999999999999999999,0000000,41.99124722,-91.60178889,1,1
19,19,4,7,23,54,2,2,0,0,4,4,0,12,1,2,1,1,2,50,1,1,2,1,0,0,2,1,0,0,0,9,0,33,1,20,0,0,0,0,1,3,1,190095,0,2009,0,LITTLETON BLVD.,CURRY BLVD,0000000,42.54278056,-92.01984722,2,1
19,191,3,15,21,30,1,2,1,1,2,2,0,8,0,1,1,1,2,55,1,2,1,1,0,0,2,5,0,0,8,47,8,59,88,88,0,0,0,0,1,1,0,190096,0,2009,0,US-52,99999999999999999999,0000000,43.19314444,-91.87048056,1,5
19,55,4,27,15,27,2,6,0,0,3,3,0,12,2,1,1,1,2,55,1,2,1,1,0,0,1,1,0,0,15,27,15,29,15,46,1,0,0,0,2,2,0,190097,0,2009,85,SR-13,99999999999999999999,0000000,42.42115278,-91.48084167,2,1
19,47,4,30,1,50,2,3,0,1,2,2,0,12,5,2,1,1,2,55,1,2,2,2,20,3,3,5,0,0,1,55,2,7,2,26,0,0,0,0,1,5,0,190098,0,2009,29,US-59,SR-141,0000000,41.907675,-95.34417222,2,5
19,183,4,30,7,30,2,3,0,0,4,4,0,12,5,2,1,1,2,55,1,1,1,2,20,3,1,2,0,0,7,33,7,42,8,33,0,0,0,0,1,5,0,190099,0,2009,0,JUNIPER AVE,170TH ST,0000000,41.40967778,-91.77244444,2,2
19,105,4,5,3,45,1,1,0,0,3,3,0,30,0,1,4,1,2,55,2,2,2,2,0,0,2,1,0,0,3,45,3,56,88,88,0,0,0,0,1,1,1,190100,0,2009,90,SR-136,99999999999999999999,0000000,42.04362778,-90.99562222,1,1
19,155,5,6,19,38,2,2,0,1,11,1,0,12,1,13,4,6,1,35,2,1,1,1,0,0,1,1,0,0,19,38,19,42,19,59,0,0,0,0,1,4,1,190101,1900,2009,89,I-29,99999999999999999999,0000000,41.24500556,-95.90464722,2,1
19,33,5,2,21,1,1,2,1,0,3,3,0,8,0,1,1,1,2,30,1,1,2,1,0,0,2,1,0,0,21,2,21,4,21,10,0,0,0,0,1,7,0,190102,5370,2009,157,SR-122,99999999999999999999,0000000,43.14713611,-93.19664444,1,1
19,49,5,7,1,0,1,1,0,0,6,4,0,21,0,1,4,1,2,45,1,2,4,1,0,0,2,1,0,0,88,88,88,88,88,88,0,0,0,0,1,5,0,190103,0,2009,0,OLD PORTLAND RD,99999999999999999999,0000000,41.53712222,-93.97345278,1,1
19,35,5,11,10,30,2,2,0,1,13,2,0,12,5,2,1,1,4,25,1,1,2,1,3,3,1,1,0,0,10,41,10,42,88,88,0,0,0,0,1,2,0,190104,1470,2009,0,US-59,E WILLOW ST,0000000,42.75047778,-95.55126389,2,1
19,163,5,11,18,16,4,5,0,1,11,1,0,12,1,1,1,2,2,55,1,1,2,1,0,0,1,1,0,1,18,17,18,24,18,46,0,0,0,0,2,2,0,190105,0,2009,267,I-80,99999999999999999999,0000000,41.59529722,-90.38747222,4,1
19,1,5,11,14,14,2,2,0,0,6,4,0,12,5,2,1,1,2,55,1,2,4,1,20,3,1,1,0,0,14,14,14,21,99,99,0,0,0,0,1,2,0,190106,0,2009,0,STUART RD,130TH ST,0000000,41.46055556,-94.31830278,2,1
19,167,5,11,19,19,2,2,0,1,2,2,0,12,2,1,1,1,2,55,1,1,2,1,0,0,1,1,0,0,19,19,19,26,21,13,0,0,0,0,1,2,0,190107,0,2009,268,US-18,99999999999999999999,0000000,43.18622778,-95.998025,2,1
19,155,5,14,2,10,1,1,0,1,13,2,0,33,0,1,4,2,5,35,1,1,1,1,0,0,3,1,0,0,2,12,2,16,88,88,0,0,0,0,1,5,0,190108,1900,2009,43,US-6,99999999999999999999,0000000,41.26627778,-95.84158333,1,1
19,167,5,18,4,50,1,1,0,0,6,4,0,1,0,1,1,1,2,55,1,1,4,1,0,0,4,1,0,0,88,88,88,88,88,88,0,0,0,0,1,2,0,190109,0,2009,0,IBEX AVE,99999999999999999999,0000000,43.20601111,-96.11783333,1,1
19,57,5,20,15,15,1,1,0,1,2,2,0,1,0,1,4,1,2,55,1,2,2,1,0,0,1,1,0,1,15,15,15,27,88,88,0,0,0,0,1,4,0,190110,0,2009,131,US-61,99999999999999999999,0000000,40.88091944,-91.17008611,1,1
19,193,5,17,15,10,2,3,0,1,11,1,0,12,4,1,1,2,2,65,1,1,2,1,0,0,1,1,0,0,15,10,15,18,99,99,0,0,0,0,1,1,0,190111,0,2009,166,I-29,99999999999999999999,0000000,42.42955556,-96.37210278,2,1
19,133,3,1,23,30,1,2,0,0,6,4,0,1,0,1,2,1,2,45,1,1,4,3,0,0,2,1,0,0,99,99,99,99,99,99,0,0,0,0,1,1,1,190112,0,2009,0,HEMLOCK AVE,99999999999999999999,0000000,42.07994167,-96.09682222,1,1
19,195,4,17,8,13,1,1,0,0,6,4,0,1,0,2,4,1,2,55,1,1,4,1,20,3,3,1,0,0,8,21,8,42,88,88,0,0,0,0,1,6,1,190113,0,2009,0,410TH STREET,THRUSH AVENUE,0000000,43.35708333,-93.12405278,1,1
19,69,5,7,22,2,1,1,0,1,2,2,0,35,0,1,4,1,2,55,1,2,2,1,0,0,2,1,0,0,88,88,88,88,88,88,0,0,0,0,1,5,1,190114,0,2009,30,US-65,99999999999999999999,0000000,42.61356944,-93.20340278,1,1
19,61,5,18,7,41,4,7,0,1,2,2,0,12,2,1,1,1,2,35,1,1,2,1,0,0,1,1,0,0,7,42,7,47,8,7,0,0,0,0,1,2,0,190115,2430,2009,268,US-20,99999999999999999999,0000000,42.491675,-90.65745556,4,1