STATE,COUNTY,MONTH,DAY,HOUR,MINUTE,VE_TOTAL,PERSONS,PEDS,NHS,ROAD_FNC,ROUTE,SP_JUR,HARM_EV,MAN_COLL,REL_JUNC,REL_ROAD,TRAF_FLO,NO_LANES,SP_LIMIT,ALIGNMNT,PROFILE,PAVE_TYP,SUR_COND,TRA_CONT,T_CONT_F,LGT_COND,WEATHER1,WEATHER2,WRK_ZONE,NOT_HOUR,NOT_MIN,ARR_HOUR,ARR_MIN,HOSP_HR,HOSP_MN,SCH_BUS,CF1,CF2,CF3,FATALS,DAY_WEEK,DRUNK_DR,ST_CASE,CITY,YEAR,MILEPT,TWAY_ID,TWAY_ID2,RAIL,LATITUDE,LONGITUD,VE_FORMS,WEATHER
19,193,5,20,1,47,3,4,0,1,11,1,0,12,2,1,1,2,2,65,1,1,2,1,0,0,2,1,0,0,2,3,2,13,99,99,0,0,0,0,2,4,1,190116,7850,2009,187,I-29,99999999999999999999,0000000,42.46145556,-96.37894722,3,1
19,43,5,21,16,13,1,1,0,0,3,3,0,1,0,1,4,1,2,55,1,2,2,1,0,0,1,1,0,0,16,25,16,56,17,38,0,0,0,0,1,5,0,190117,0,2009,45,SR-3,99999999999999999999,0000000,42.64480556,-91.378975,1,1
19,163,5,21,14,53,1,2,0,0,16,6,0,33,0,1,3,2,2,30,2,1,2,1,0,0,1,1,0,0,14,55,14,57,15,4,0,0,0,0,1,5,0,190118,2080,2009,0,KIRKWOOD BLVD,99999999999999999999,0000000,41.53466944,-90.5537,1,1
19,15,5,22,18,54,1,2,0,1,2,2,0,1,0,1,4,2,4,65,2,1,2,1,0,0,1,1,0,0,18,55,19,2,99,99,0,0,0,0,1,6,1,190119,0,2009,186,US-30,99999999999999999999,0000000,42.03338611,-93.79787778,1,1
19,183,5,23,14,36,3,7,0,0,3,3,0,12,5,2,1,1,2,55,1,2,2,1,20,3,1,1,0,0,14,37,14,50,15,22,0,0,0,0,3,7,0,190120,0,2009,100,SR-92,LEXINGTON BLVD,0000000,41.33677778,-91.75444722,3,1
19,161,5,24,8,50,1,1,0,0,3,3,0,1,0,1,4,1,2,55,2,2,2,1,0,0,1,1,0,0,8,57,9,4,88,88,0,0,0,0,1,1,0,190122,0,2009,0,SR-39,99999999999999999999,0000000,42.21138056,-95.25372222,1,1
19,187,5,26,13,28,1,3,1,0,16,6,0,8,0,2,1,1,2,25,1,1,2,2,0,0,1,1,0,0,13,28,13,36,13,53,0,0,0,0,1,3,0,190123,3020,2009,0,12TH ST,20TH AVE S.,0000000,42.47806111,-94.18126944,1,1
19,141,5,28,18,55,1,1,0,0,4,4,0,35,0,1,4,1,2,55,1,2,2,1,0,0,1,1,0,0,88,88,88,88,88,88,0,0,0,0,1,5,0,190124,0,2009,0,L48,99999999999999999999,0000000,43.1492,-95.68368056,1,1
19,111,4,8,17,15,2,2,0,1,13,2,0,12,2,1,2,1,2,45,1,1,2,1,0,0,1,1,0,0,17,15,17,19,88,88,0,0,0,0,1,4,0,190125,4250,2009,6,US-61,99999999999999999999,0000000,40.39141111,-91.42785278,2,1
19,177,5,6,15,56,2,2,0,0,3,3,0,12,2,1,1,1,2,55,1,1,2,1,0,0,1,1,0,0,15,59,16,5,16,40,0,0,0,0,1,4,0,190126,0,2009,108,SR-1,99999999999999999999,0000000,40.8157,-91.94016389,2,1
19,27,5,16,3,40,2,2,0,1,2,2,0,12,2,1,1,1,2,55,1,2,1,1,0,0,2,1,0,0,3,41,3,48,3,57,0,0,0,0,1,7,0,190127,0,2009,10,US-71,99999999999999999999,0000000,41.97600278,-94.879775,2,1
19,71,5,24,21,25,1,2,0,0,4,4,0,1,0,1,4,1,2,55,2,2,1,1,0,0,2,1,0,0,21,45,22,10,22,43,0,0,0,0,1,1,0,190128,0,2009,0,WAUBONSIE AVE,99999999999999999999,0000000,40.90125278,-95.70369444,1,1
19,99,5,22,16,23,2,4,0,0,4,4,0,12,1,1,1,1,2,55,1,3,2,1,0,0,1,1,0,0,16,39,16,56,17,30,0,0,0,0,1,6,0,190129,0,2009,0,F62,99999999999999999999,0000000,41.57363889,-92.918025,2,1
19,45,5,28,14,44,3,4,0,1,13,2,0,12,1,2,1,1,2,55,1,1,1,1,0,0,1,1,0,0,14,46,14,50,15,29,0,0,0,0,1,5,0,190130,1190,2009,64,US-67,9TH STREET,0000000,41.78641111,-90.27908611,3,1
19,23,5,28,21,8,1,3,0,0,4,4,0,24,0,1,2,1,2,55,1,1,2,1,0,0,2,1,0,0,22,22,22,43,99,99,0,0,0,0,3,5,0,190131,0,2009,0,T47,99999999999999999999,0000000,42.58126667,-92.73184444,1,1
19,81,5,28,17,57,1,1,0,0,4,4,0,11,0,2,1,1,2,55,1,2,2,1,0,0,1,1,0,0,17,59,18,5,18,35,0,0,0,0,1,5,0,190132,0,2009,0,RIVER RD,TAFT AVENUE,0000000,43.22968889,-93.59690278,1,1
19,97,5,6,17,41,1,1,0,1,13,2,0,25,0,1,3,3,4,65,1,1,1,1,0,0,1,1,0,0,17,43,17,49,18,9,0,0,0,0,1,4,0,190133,5240,2009,34,US-61,99999999999999999999,0000000,42.06794722,-90.68307222,1,1
19,137,5,23,20,31,1,1,0,0,4,4,0,1,0,1,4,1,2,55,1,2,1,1,0,0,5,1,0,0,20,32,20,39,21,38,0,0,0,0,1,7,0,190134,0,2009,0,200TH ST,99999999999999999999,0000000,41.01629167,-95.34820278,1,1
19,45,5,29,23,35,1,1,0,0,4,4,0,1,0,1,4,1,2,55,1,2,2,1,0,0,2,1,0,0,23,48,23,59,0,13,0,0,0,0,1,6,0,190135,0,2009,0,442ND AVE,99999999999999999999,0000000,41.90658611,-90.22616111,1,1
19,181,5,31,11,45,2,2,0,0,3,3,0,12,2,1,1,1,2,55,1,2,2,1,0,0,1,1,0,0,11,54,12,0,12,39,0,0,0,0,1,1,1,190136,0,2009,75,SR-92,99999999999999999999,0000000,41.35575278,-93.65303333,2,1
19,73,5,31,21,50,2,2,0,0,4,4,0,12,5,2,1,1,2,55,1,1,2,1,0,0,2,1,0,0,22,0,22,6,22,35,0,0,0,0,1,1,0,190137,0,2009,0,240TH ST,I AVE,0000000,42.00821667,-94.47427778,2,1
19,163,5,7,19,15,2,1,0,0,16,6,0,14,3,2,2,1,2,25,1,1,1,2,0,0,5,1,0,0,19,19,19,22,19,34,0,0,0,0,1,5,0,190138,2080,2009,0,W COLUMBIA AVE,N ELSIE AVE,0000000,41.5467,-90.62441944,1,1
19,101,5,23,9,26,2,3,0,0,3,3,0,12,5,1,1,1,2,55,1,2,2,2,0,0,1,2,0,0,9,36,9,57,99,99,0,0,0,0,2,7,0,190139,0,2009,38,SR-139,99999999999999999999,0000000,43.42018333,-92.05821111,2,2
19,11,6,3,16,40,1,3,0,0,4,4,0,1,0,1,4,1,2,55,1,1,1,1,0,0,1,1,0,0,16,43,16,58,17,41,0,0,0,0,1,4,0,190140,0,2009,0,71ST STREET,99999999999999999999,0000000,41.99248611,-91.87803056,1,1
19,163,6,6,2,0,2,3,0,1,1,1,0,12,4,1,1,2,2,70,1,1,1,1,0,0,2,1,0,0,2,7,2,17,99,99,0,0,0,0,1,7,0,190141,0,2009,7,I-80,99999999999999999999,0000000,41.63297778,-90.89388889,2,1
19,49,6,7,0,51,2,2,0,1,1,1,0,12,2,1,1,2,2,70,1,2,2,1,0,0,2,1,0,0,88,88,88,88,88,88,0,0,0,0,1,1,0,190142,0,2009,46,I-80,99999999999999999999,0000000,41.51764444,-94.1239,2,1
19,123,6,9,9,0,2,2,0,0,4,4,0,12,1,1,1,1,2,55,1,3,2,1,0,0,1,1,0,0,9,13,9,28,88,88,0,0,0,0,1,3,0,190143,0,2009,0,G29,99999999999999999999,0000000,41.40845,-92.43791389,2,1
19,101,6,12,14,51,2,3,1,1,2,2,0,12,1,1,1,2,5,65,1,2,1,1,0,0,1,1,0,0,15,15,15,25,15,55,0,14,0,0,2,6,0,190144,0,2009,231,US-34,99999999999999999999,0000000,40.98787778,-91.74835278,2,1
19,47,6,12,9,48,2,4,0,1,2,2,0,12,2,1,1,1,2,55,1,1,2,1,0,0,1,1,0,0,9,49,10,2,99,99,0,0,0,0,3,6,0,190145,0,2009,231,US-30,99999999999999999999,0000000,42.03578611,-95.23483333,2,1
19,101,6,14,19,37,1,3,0,0,4,4,0,1,0,1,4,1,2,55,1,1,2,1,0,0,1,1,0,0,19,39,19,47,20,26,0,0,0,0,1,1,0,190146,0,2009,0,OSAGE AVE,99999999999999999999,0000000,40.99815278,-91.91010556,1,1
19,45,6,14,4,29,1,1,0,1,13,2,0,1,0,1,4,1,2,65,1,1,2,1,0,0,2,1,0,0,4,31,4,43,5,9,0,0,0,0,1,1,1,190147,1630,2009,309,US-30,99999999999999999999,0000000,41.81556667,-90.32604167,1,1
19,97,6,14,18,36,1,5,0,1,2,2,0,1,0,1,3,2,4,65,1,2,2,1,0,0,1,1,0,0,18,37,18,52,99,99,0,0,0,0,2,1,0,190148,0,2009,146,US-61,99999999999999999999,0000000,42.22713889,-90.68028056,1,1
19,13,6,14,2,1,1,2,0,0,16,6,0,42,0,1,4,1,2,25,1,1,2,1,0,0,3,1,0,0,2,2,2,6,2,35,0,0,0,0,1,1,1,190149,8790,2009,0,HAWTHORNE AVE,99999999999999999999,0000000,42.48117222,-92.33760278,1,1
19,179,6,18,23,35,1,1,0,0,16,6,0,33,0,1,2,1,2,35,1,1,2,1,0,0,3,1,0,0,23,35,23,39,23,59,0,0,0,0,1,5,0,190150,6490,2009,0,MADISON AVE,99999999999999999999,0000000,40.99877778,-92.41026667,1,1
19,153,5,7,11,38,2,2,0,0,4,4,0,12,1,1,1,1,2,55,1,2,2,2,0,0,1,1,0,0,11,38,11,45,12,26,0,0,0,0,1,5,0,190151,0,2009,0,SE 40TH AVE,99999999999999999999,0000000,41.54413056,-93.33272778,2,1
19,113,6,14,1,51,2,2,0,1,11,1,0,12,2,1,1,2,3,55,1,1,1,1,0,0,3,1,0,0,1,52,2,1,88,88,0,0,0,0,1,1,1,190152,1340,2009,90,I-380,99999999999999999999,0000000,41.98654167,-91.66194444,2,1
19,81,6,18,5,6,2,4,0,0,4,4,0,12,5,2,1,1,2,55,1,2,2,2,20,3,4,1,0,0,5,9,5,22,6,2,0,0,0,0,2,5,1,190155,0,2009,0,B14,R74,0000000,43.24192778,-93.51721111,2,1
19,1,5,23,19,20,1,1,0,0,4,4,0,1,0,1,4,1,2,55,1,2,2,1,0,0,1,1,0,0,19,22,19,29,19,53,0,0,0,0,1,7,0,190156,0,2009,0,FONTANELLE ROAD,99999999999999999999,0000000,41.27609722,-94.56614722,1,1
19,103,6,4,14,42,1,1,0,0,16,6,0,31,0,2,2,1,2,25,1,1,2,1,0,0,1,1,0,0,88,88,88,88,88,88,0,0,0,0,1,5,0,190157,4050,2009,0,PARK RD,RIVERSIDE DR,0000000,41.67136944,-91.540375,1,1
19,101,6,18,20,40,2,2,0,0,4,4,0,12,5,8,1,1,2,35,1,2,1,1,0,0,5,1,0,0,20,45,20,50,88,88,0,0,0,0,1,5,0,190158,0,2009,0,LIBERTYVILLE RD,99999999999999999999,0000000,40.98832222,-91.97080833,2,1
19,155,6,18,20,45,2,6,0,0,3,3,0,12,5,2,1,1,2,55,1,2,2,1,20,3,5,1,0,0,20,48,20,56,99,99,0,0,0,0,1,5,0,190159,0,2009,362,SR-92,500TH ST,0000000,41.23198889,-95.23211389,2,1
19,113,6,20,22,15,1,2,0,1,1,1,0,11,0,1,1,2,2,70,1,1,2,1,0,0,2,1,0,0,22,19,22,26,0,23,0,0,0,0,1,7,0,190160,0,2009,255,I-380,99999999999999999999,0000000,42.18711667,-91.80345,1,1
19,141,6,22,7,6,2,2,0,1,2,2,0,12,2,1,1,1,2,55,1,1,2,1,0,0,1,1,0,0,7,6,7,14,7,46,0,0,0,0,1,2,0,190161,0,2009,180,US-18,99999999999999999999,0000000,43.18494722,-95.50096944,2,1
19,33,6,22,13,40,2,3,0,0,4,4,0,12,2,2,1,1,2,55,1,2,1,1,20,3,1,1,0,0,13,44,13,52,14,32,0,0,0,0,1,2,0,190162,0,2009,0,LARK AVE,255TH ST,0000000,43.13375833,-93.26370833,2,1
19,55,6,23,11,0,2,3,0,1,13,2,0,12,5,2,1,2,5,65,1,1,1,1,20,3,1,1,0,0,11,0,11,8,99,99,0,0,0,0,1,3,0,190163,2510,2009,237,US-20,7TH ST,0000000,42.47115556,-91.13419167,2,1
19,123,6,23,15,3,1,2,0,0,6,4,0,1,0,1,4,1,2,55,1,2,4,1,0,0,1,1,0,0,15,6,15,14,15,44,0,0,0,0,1,3,0,190165,0,2009,0,MERINO AVE,99999999999999999999,0000000,41.23384167,-92.63139444,1,1
19,189,5,23,21,40,1,1,0,1,2,2,0,11,0,1,1,1,2,55,1,1,2,1,0,0,2,1,0,0,21,42,21,48,88,88,0,0,0,0,1,7,0,190167,0,2009,31,US-69,99999999999999999999,0000000,43.311425,-93.63681389,1,1
19,5,6,20,20,21,1,4,0,0,4,4,0,35,0,1,4,1,2,55,2,2,2,1,0,0,1,1,0,0,20,25,20,29,99,99,0,0,0,0,1,7,1,190168,0,2009,0,DORCHESTER DR (A16),99999999999999999999,0000000,43.46970833,-91.50213889,1,1
19,181,6,25,22,30,1,3,0,0,4,4,0,42,0,1,4,1,2,55,2,2,2,1,0,0,2,1,0,0,22,33,22,42,23,42,0,0,0,0,1,5,0,190169,0,2009,0,G24,99999999999999999999,0000000,41.44061667,-93.67864444,1,1
19,163,6,26,13,22,2,3,0,1,1,1,0,12,1,1,1,2,2,65,1,1,1,1,0,0,1,1,0,0,13,26,13,51,14,2,0,0,0,0,1,6,0,190170,0,2009,244,I-80,99999999999999999999,0000000,41.59755833,-90.43061111,2,1
19,57,6,26,12,27,1,1,0,1,13,2,0,52,0,5,1,2,2,55,1,1,2,1,0,0,1,1,0,0,12,27,12,30,12,43,0,0,0,0,1,6,0,190171,1120,2009,185,US-34,99999999999999999999,0000000,40.81326389,-91.10006111,1,1
19,33,6,29,9,2,1,1,0,0,6,4,0,1,0,1,4,1,2,55,1,2,4,1,0,0,1,1,0,0,9,2,9,16,88,88,0,0,0,0,1,2,0,190172,0,2009,0,285TH ST,99999999999999999999,0000000,43.17703611,-93.43330556,1,1
19,157,6,29,23,6,2,5,0,1,1,1,0,12,7,1,3,2,2,70,1,1,1,1,0,0,2,1,0,0,23,6,23,15,0,2,0,0,0,0,1,2,0,190173,0,2009,90,I-80,99999999999999999999,0000000,41.69595278,-92.57650833,2,1
19,113,7,5,7,15,1,1,0,1,13,2,0,1,0,1,4,2,4,65,1,1,1,1,0,0,1,1,0,0,7,15,7,21,88,88,0,0,0,0,1,1,0,190174,1340,2009,75,US-30,99999999999999999999,0000000,41.93339167,-91.69600278,1,1
19,1,7,5,11,56,1,2,0,0,4,4,0,7,0,1,1,1,2,55,1,2,2,1,0,0,1,1,0,0,12,6,12,31,13,15,0,0,0,0,1,1,0,190175,0,2009,0,HENRY WALLACE RD,99999999999999999999,0000000,41.25740556,-94.35683889,1,1
19,27,7,8,23,26,1,2,0,0,4,4,0,1,0,2,1,1,2,55,1,1,2,1,20,3,2,1,0,0,23,26,23,38,23,51,0,0,0,0,1,4,0,190176,0,2009,0,TIMBER AVE,220TH ST,0000000,42.040075,-94.72598611,1,1
19,45,7,8,22,0,2,3,0,1,13,2,0,12,5,2,1,2,5,45,1,1,2,1,3,3,2,1,0,0,22,0,22,6,22,21,0,0,0,0,1,4,0,190177,1630,2009,0,US-30,MILL CREEK PKWAY,0000000,41.81539167,-90.257525,2,1
19,41,7,9,16,32,2,2,0,1,2,2,0,12,2,1,1,1,2,55,1,1,2,6,0,0,1,2,6,0,16,32,16,40,17,5,0,0,0,0,1,5,0,190178,0,2009,269,US-18,99999999999999999999,0000000,43.12649167,-94.92115,2,2
19,113,7,9,2,13,1,1,0,1,11,1,0,30,0,13,2,6,1,55,2,1,1,1,0,0,3,1,0,0,2,17,2,23,88,88,0,0,0,0,1,5,0,190179,1340,2009,46,I-380,US-30,0000000,41.93092778,-91.67046944,1,1
19,193,7,11,23,26,1,3,1,0,3,3,0,8,0,1,1,1,4,55,1,1,1,1,0,0,2,1,0,0,23,33,23,43,23,52,0,0,0,0,1,7,0,190180,7850,2009,72,SR-376,99999999999999999999,0000000,42.53675,-96.35566944,1,1
19,153,7,11,1,28,3,5,0,0,16,6,0,12,5,2,1,1,2,25,1,1,2,1,20,3,3,1,0,0,1,28,1,34,2,1,0,0,0,0,1,7,1,190181,2260,2009,0,E 23RD ST,CAPITOL AVE,0000000,41.59435278,-93.57517778,2,1
19,77,7,13,8,9,2,2,0,0,6,4,0,12,5,2,1,1,2,55,1,1,4,1,21,3,1,1,0,0,8,11,8,24,88,88,0,0,0,0,1,2,0,190182,0,2009,0,VICTORY AVE,140TH ST,0000000,41.80568611,-94.33750833,2,1
19,13,7,13,2,1,1,2,0,0,16,6,0,30,0,2,2,1,4,35,2,1,1,1,0,0,3,1,0,0,2,2,2,5,99,99,0,0,0,0,1,2,1,190183,8790,2009,0,SAN MARNAN FNT. RD,HAMMOND AVE,0000000,42.45789444,-92.33688333,1,1
19,133,7,14,1,30,1,3,1,1,1,1,0,8,0,1,1,2,2,70,1,1,1,1,0,0,2,1,0,0,1,53,2,8,88,88,0,0,0,0,1,3,0,190184,0,2009,226,I-29,99999999999999999999,0000000,42.17371667,-96.23101111,1,1
19,97,7,14,16,8,2,2,0,1,2,2,0,12,8,1,1,1,2,55,2,1,2,1,0,0,1,1,0,0,16,8,16,15,99,99,0,0,0,0,1,3,1,190185,0,2009,254,US-52,99999999999999999999,0000000,42.28413611,-90.435625,2,1
19,153,7,25,5,0,1,5,0,1,1,1,0,1,0,13,4,6,1,25,2,1,2,1,0,0,3,1,0,0,5,1,5,13,5,30,0,0,0,0,2,7,1,190187,0,2009,1984,I-80,99999999999999999999,0000000,41.64958056,-93.5774,1,1
19,153,5,11,23,50,2,3,1,1,1,1,0,8,0,1,1,2,2,65,1,1,2,1,0,0,3,1,0,0,88,88,88,88,88,88,0,0,0,0,1,2,0,190188,0,2009,143,I-80/35,99999999999999999999,0000000,41.65126667,-93.68075278,2,1
19,95,6,20,0,45,1,1,0,0,6,4,0,11,0,1,1,1,2,50,1,2,4,1,0,0,2,1,0,0,88,88,88,88,88,88,0,0,0,0,1,7,0,190189,0,2009,0,148TH ST,99999999999999999999,0000000,41.79348611,-92.19874444,1,1
19,83,7,1,15,10,1,2,0,0,6,4,0,35,0,2,4,1,2,35,2,1,2,1,0,0,1,1,0,0,15,20,15,27,15,33,0,0,0,0,1,4,0,190190,0,2009,0,KEYSTONE AVE,MM AVE,0000000,42.50351944,-93.22693889,1,1
19,103,7,21,19,10,2,2,0,0,4,4,0,12,4,1,1,1,2,45,2,2,2,2,0,0,1,1,0,0,19,12,19,14,88,88,0,0,0,0,1,3,1,190191,6180,2009,0,N FRONT ST,99999999999999999999,0000000,41.75878889,-91.59683056,2,1
19,83,7,24,18,24,2,3,0,0,6,4,0,12,2,1,1,1,2,55,2,2,4,1,40,3,1,1,0,0,18,25,18,31,18,56,0,0,0,0,1,6,0,190192,0,2009,0,I AVE,99999999999999999999,0000000,42.50713333,-93.31992222,2,1
19,37,7,25,22,43,1,2,1,0,6,4,0,8,0,1,1,1,2,35,1,2,2,1,0,0,2,1,0,0,22,45,23,5,99,99,0,0,0,0,1,7,0,190193,0,2009,0,CHEYENNE RD,99999999999999999999,0000000,43.06565556,-92.49558056,1,1
19,11,7,30,1,14,1,4,0,0,6,4,0,42,0,1,2,1,2,50,2,2,4,1,0,0,2,1,0,0,99,99,99,99,99,99,0,0,0,0,1,5,1,190194,0,2009,0,33RD AVE,99999999999999999999,0000000,42.16006944,-91.85348889,1,1
19,161,7,31,0,58,2,3,0,1,2,2,0,12,1,1,1,1,2,40,1,1,2,1,0,0,2,1,0,0,1,3,1,11,1,39,0,0,0,0,1,6,1,190195,4450,2009,158,US-175,99999999999999999999,0000000,42.31133611,-95.05621111,2,1
19,153,7,31,16,1,1,1,0,1,1,1,0,1,0,1,3,2,2,65,1,1,1,1,0,0,1,1,0,0,88,88,88,88,88,88,0,0,0,0,1,6,0,190196,0,2009,194,I-80,99999999999999999999,0000000,41.661775,-93.48823611,1,1
19,7,7,19,21,0,1,1,0,0,6,4,0,35,0,1,4,1,2,50,2,2,4,9,0,0,2,1,0,0,88,88,88,88,88,88,0,0,0,0,1,1,0,190197,0,2009,0,153RD AVE,99999999999999999999,0000000,40.67380833,-92.99208056,1,1
19,125,8,2,19,27,1,1,0,0,3,3,0,35,0,1,4,1,2,55,1,2,4,1,0,0,1,1,0,0,19,32,19,38,19,54,0,0,0,0,1,1,0,190198,0,2009,170,SR-14,99999999999999999999,0000000,41.38656667,-93.10974444,1,1
19,47,8,2,12,1,2,7,0,1,2,2,0,12,5,2,1,1,2,55,1,2,2,1,0,0,1,1,0,0,12,3,12,14,12,48,0,0,0,0,1,1,1,190199,0,2009,29,US-59,SR-141,0000000,41.907675,-95.34417222,2,1
19,155,8,2,9,13,1,2,0,0,4,4,0,35,0,1,4,1,2,55,1,2,2,1,0,0,1,1,0,0,9,16,9,33,9,57,0,0,0,0,1,1,0,190200,0,2009,0,OLD LINCOLN HWY,99999999999999999999,0000000,41.41041111,-95.83547222,1,1
19,5,8,6,21,2,1,1,0,0,4,4,0,38,0,1,4,1,2,55,2,2,1,9,0,0,2,9,0,0,21,2,21,8,22,11,0,0,0,0,1,5,0,190202,0,2009,0,GREAT RIVER ROAD,99999999999999999999,0000000,43.23836667,-91.13404722,1,9
19,1,8,6,17,37,1,2,0,1,1,1,0,35,0,13,8,6,1,45,2,1,2,1,0,0,1,1,0,0,17,40,17,46,99,99,0,0,0,0,1,5,1,190203,0,2009,199,I-80,99999999999999999999,0000000,41.493375,-94.31613056,1,1
19,25,7,15,15,6,1,1,0,0,3,3,0,35,0,2,4,1,2,55,1,1,2,1,20,3,1,1,0,0,15,6,15,9,15,34,0,0,0,0,1,4,0,190204,0,2009,69,SR-4,COUNTY RD.,0000000,42.26724722,-94.53501667,1,1
19,61,7,18,16,12,2,4,0,1,2,2,0,12,5,2,1,2,2,65,1,2,1,1,20,3,1,1,0,0,16,12,16,15,16,44,0,0,0,0,1,7,0,190205,0,2009,114,US-20,BIERMAN RD,0000000,42.44061944,-90.91876667,2,1
19,21,7,26,22,0,1,2,1,0,4,4,0,8,0,1,4,1,2,55,1,4,2,1,0,0,2,1,0,0,22,5,22,10,22,37,0,19,0,0,1,1,1,190206,0,2009,0,200TH AVE,99999999999999999999,0000000,42.59172778,-95.01313611,1,1
19,81,7,29,17,23,2,2,0,0,4,4,0,12,5,2,1,1,2,55,1,1,2,1,20,3,1,1,0,0,17,26,17,36,18,7,0,0,0,0,1,4,0,190207,0,2009,0,FORD,160TH,0000000,42.99505833,-93.87195278,2,1
19,15,7,30,11,31,2,2,0,0,16,6,0,12,2,1,1,1,2,25,1,1,1,1,0,0,1,1,0,0,11,31,11,33,11,48,0,0,0,0,1,5,0,190208,930,2009,0,DIVISION ST,99999999999999999999,0000000,42.05931667,-93.89298333,2,1
19,187,8,8,14,30,1,1,0,0,4,4,0,35,0,2,4,1,2,55,2,2,1,1,0,0,1,1,0,0,14,30,14,36,99,99,0,0,0,0,1,7,0,190209,0,2009,0,170TH ST,NATIONAL AVE,0000000,42.542925,-94.20063611,1,1
19,181,8,8,19,15,1,1,0,0,6,4,0,35,0,1,4,1,2,55,1,2,4,1,0,0,1,1,0,0,88,88,88,88,88,88,0,0,0,0,1,7,0,190210,0,2009,0,180TH AVE,99999999999999999999,0000000,41.17005833,-93.46135556,1,1
19,123,8,11,15,46,3,3,0,0,3,3,0,12,2,1,1,1,2,55,1,1,1,1,0,0,1,1,0,0,15,49,15,55,99,99,0,0,0,0,1,3,0,190211,0,2009,218,SR-92,99999999999999999999,0000000,41.32468611,-92.46585278,3,1
19,13,8,12,15,34,2,4,0,0,16,6,0,12,1,1,1,2,4,35,1,1,2,1,0,0,1,1,0,0,15,35,15,38,15,46,0,0,0,0,1,4,0,190212,8790,2009,0,E SAN MARNAN DR,99999999999999999999,0000000,42.45726944,-92.34533333,2,1
19,83,8,9,14,36,2,2,0,0,4,4,0,12,2,1,1,1,2,55,1,2,1,1,0,0,1,1,0,0,14,36,14,44,15,14,0,0,0,0,1,1,1,190213,0,2009,0,D15,99999999999999999999,0000000,42.52155278,-93.14883611,2,1
19,127,8,12,7,51,1,1,0,0,4,4,0,35,0,1,5,1,2,55,1,2,2,1,0,0,1,1,0,0,88,88,88,88,88,88,0,0,0,0,1,4,0,190214,0,2009,0,290TH ST,99999999999999999999,0000000,41.93486667,-92.83498333,1,1
19,75,8,16,1,30,1,3,1,0,4,4,0,8,0,1,1,1,2,55,1,1,2,1,0,0,2,1,0,0,88,88,88,88,88,88,0,0,0,0,1,1,1,190215,0,2009,0,V AVE,99999999999999999999,0000000,42.54595278,-92.613575,1,1
19,33,8,14,6,38,1,1,0,0,6,4,0,31,0,1,2,1,2,55,1,2,4,1,0,0,3,1,0,0,6,41,6,47,99,99,0,0,0,0,1,6,1,190216,0,2009,0,290TH ST,99999999999999999999,0000000,43.18421389,-93.47645,1,1
19,157,8,15,17,22,1,4,0,0,6,8,0,1,0,1,4,1,2,99,2,1,4,1,0,0,1,1,0,0,17,22,17,34,18,1,0,0,0,0,1,7,0,190217,0,2009,0,BARBARA DR.,99999999999999999999,0000000,,,1,1
19,41,8,18,6,13,1,2,1,1,2,2,0,9,0,1,1,2,4,65,1,1,2,1,0,0,4,1,0,0,6,14,6,17,6,48,0,0,0,0,1,3,0,190219,0,2009,212,US-71,99999999999999999999,0000000,43.20911111,-95.15054722,1,1
19,145,8,20,0,5,1,1,0,0,3,3,0,1,0,2,4,1,2,55,2,1,1,2,0,0,2,2,0,0,0,18,0,22,88,88,0,0,0,0,1,5,0,190220,0,2009,12,SR-48,A AVE,0000000,40.94302778,-95.36603611,1,2
19,171,8,23,3,0,1,1,0,0,6,4,0,1,0,1,4,1,2,55,1,2,4,1,0,0,2,1,0,0,88,88,88,88,88,88,0,0,0,0,1,1,0,190221,0,2009,0,260TH ST,99999999999999999999,0000000,42.06476667,-92.45111667,1,1
19,55,7,11,2,16,1,1,0,0,4,4,0,1,0,1,4,1,2,55,1,2,2,1,0,0,2,1,0,0,2,26,2,27,88,88,0,0,0,0,1,7,1,190222,0,2009,0,210TH ST,99999999999999999999,0000000,42.48515556,-91.29451389,1,1
19,21,7,26,17,50,2,3,0,1,2,2,0,12,2,1,1,1,2,55,1,1,1,1,0,0,1,1,0,0,17,59,18,21,18,47,0,0,0,0,1,1,1,190223,0,2009,0,US-71,99999999999999999999,0000000,42.84453056,-95.15121111,2,1
19,33,7,26,4,25,2,1,0,0,6,4,0,12,1,1,1,1,2,50,1,2,4,1,0,0,2,1,0,0,4,32,4,48,5,25,0,0,0,0,1,1,1,190224,0,2009,0,330TH ST,99999999999999999999,0000000,43.24195833,-93.05245833,2,1
19,153,8,19,9,10,3,4,0,1,1,1,0,12,2,1,1,2,2,65,1,1,2,2,0,0,1,2,0,0,9,21,9,26,99,99,0,0,0,0,1,4,0,190225,8980,2009,30,I-35,99999999999999999999,0000000,41.55532778,-93.7765,3,2
19,71,8,14,19,12,2,3,0,0,6,4,0,12,5,2,1,1,2,55,1,1,4,1,0,0,5,1,0,0,19,13,19,33,19,58,0,0,0,0,1,6,1,190226,0,2009,0,185TH AVE,225TH ST,0000000,40.724525,-95.83567778,2,1
19,155,8,24,17,28,2,4,0,1,11,1,0,12,1,2,1,2,3,55,2,1,2,1,0,0,1,1,0,0,17,33,17,47,18,5,0,99,99,99,1,2,0,190227,1900,2009,41,I-80,I-29,0000000,41.23043889,-95.83478056,2,1