STATE,COUNTY,MONTH,DAY,HOUR,MINUTE,VE_TOTAL,PERSONS,PEDS,NHS,ROAD_FNC,ROUTE,SP_JUR,HARM_EV,MAN_COLL,REL_JUNC,REL_ROAD,TRAF_FLO,NO_LANES,SP_LIMIT,ALIGNMNT,PROFILE,PAVE_TYP,SUR_COND,TRA_CONT,T_CONT_F,LGT_COND,WEATHER1,WEATHER2,WRK_ZONE,NOT_HOUR,NOT_MIN,ARR_HOUR,ARR_MIN,HOSP_HR,HOSP_MN,SCH_BUS,CF1,CF2,CF3,FATALS,DAY_WEEK,DRUNK_DR,ST_CASE,CITY,YEAR,MILEPT,TWAY_ID,TWAY_ID2,RAIL,LATITUDE,LONGITUD,VE_FORMS,WEATHER
19,71,8,6,16,12,1,1,0,1,2,2,0,42,0,1,4,1,2,55,2,2,1,1,0,0,1,1,0,0,16,13,16,20,16,44,0,0,0,0,1,5,0,190228,0,2009,102,US-59,99999999999999999999,0000000,40.72825278,-95.38653333,1,1
19,113,8,27,1,24,1,1,0,1,11,1,0,20,0,13,2,6,1,55,1,1,1,2,0,0,3,2,0,0,1,32,1,34,88,88,0,0,0,0,1,5,0,190229,1340,2009,198,I-380,99999999999999999999,0000000,41.97605833,-91.67596667,1,2
19,99,8,29,17,16,3,6,0,0,4,4,0,12,2,1,1,1,2,55,1,2,2,1,0,0,1,1,0,0,17,19,17,31,18,16,0,0,0,0,1,7,0,190230,0,2009,0,F-17 W,99999999999999999999,0000000,41.82000833,-93.24012778,3,1
19,97,9,3,10,0,2,2,0,0,4,4,0,12,5,2,1,1,2,55,1,2,2,1,20,3,1,1,0,0,10,2,10,10,10,24,0,0,0,0,1,5,0,190231,0,2009,0,HURSTVILLE RD,63RD STREET,0000000,42.08816667,-90.67691944,2,1
19,163,8,16,19,52,1,1,0,0,6,4,0,33,0,1,2,1,2,25,2,1,1,1,0,0,1,1,0,0,19,58,20,8,20,24,0,0,0,0,1,1,0,190232,2080,2009,0,49TH STREET,99999999999999999999,0000000,41.57071667,-90.62298333,1,1
19,21,8,27,19,18,1,1,0,0,6,4,0,1,0,1,1,1,2,55,1,1,4,1,0,0,1,1,0,0,19,18,19,38,88,88,0,0,0,0,1,5,0,190233,0,2009,0,160TH AVE,99999999999999999999,0000000,42.85691944,-95.09253611,1,1
19,181,8,30,10,50,1,2,1,0,4,4,0,9,0,1,1,1,2,45,1,2,2,1,40,3,1,1,0,0,10,52,11,2,88,88,0,0,0,0,1,1,0,190234,0,2009,0,G14,99999999999999999999,0000000,41.48251667,-93.74088889,1,1
19,103,8,30,1,3,1,1,0,1,11,1,0,30,0,1,2,2,2,65,1,1,2,1,0,0,2,1,0,0,88,88,88,88,88,88,0,0,0,0,1,1,1,190235,1830,2009,2,I-380,99999999999999999999,0000000,41.69823056,-91.64039722,1,1
19,5,9,2,9,41,1,4,1,0,6,4,0,8,0,2,1,1,2,20,1,1,2,1,0,0,1,1,0,0,9,41,9,44,9,50,0,0,0,0,1,4,0,190236,0,2009,0,EAST MAIN,CLINTON ST,0000000,43.26925,-91.4752,1,1
19,103,9,3,20,45,1,3,0,1,1,1,0,1,0,1,1,2,2,65,1,1,2,1,0,0,2,1,0,0,20,45,20,58,21,23,0,0,0,0,1,5,0,190237,0,2009,80,I-380,99999999999999999999,0000000,41.81149722,-91.65024444,1,1
19,37,9,4,17,2,2,3,0,0,6,4,0,12,5,2,1,1,2,55,1,1,4,1,0,0,1,1,0,0,99,99,99,99,99,99,0,0,0,0,2,6,0,190238,0,2009,0,STANLEY AVE,300TH STREET,0000000,42.92140833,-92.18065,2,1
19,167,9,6,10,30,1,1,0,0,4,4,0,1,0,1,4,1,2,55,1,2,2,1,0,0,1,1,0,0,10,57,11,3,11,37,0,0,0,0,1,1,0,190239,0,2009,0,DIPPER KAVE,99999999999999999999,0000000,42.94899722,-96.37141944,1,1
19,153,9,8,13,17,2,2,0,1,2,2,0,12,5,2,1,2,5,65,1,1,1,1,20,3,1,1,0,0,88,88,88,88,88,88,0,0,0,0,1,3,0,190240,0,2009,204,US-65,NE SANTIAGO,0000000,41.73121389,-93.40707222,2,1
19,119,9,11,17,25,2,2,0,0,4,4,0,12,5,2,1,1,2,55,1,2,2,2,20,3,1,2,0,0,17,26,17,46,18,12,0,0,0,0,1,6,0,190241,0,2009,0,210TH ST,MARSH AVE,0000000,43.34556667,-95.88028056,2,2
19,5,9,14,14,50,1,4,0,0,6,4,0,35,0,1,4,1,2,55,2,2,4,1,0,0,1,1,0,0,14,55,15,5,15,30,0,0,0,0,1,2,0,190242,0,2009,0,SUTTLE CREEK RD,99999999999999999999,0000000,43.09356944,-91.34731111,1,1
19,69,9,14,15,59,1,1,0,1,1,1,0,1,0,1,4,2,2,70,1,1,2,1,0,0,1,1,0,0,15,59,16,10,88,88,0,0,0,0,1,2,0,190243,0,2009,154,I-35,99999999999999999999,0000000,42.81481667,-93.35144167,1,1
19,193,9,15,18,16,1,3,1,0,16,6,0,8,0,1,1,1,2,30,1,1,2,1,0,0,1,1,0,0,18,16,18,23,18,33,0,0,0,0,1,3,0,190244,7850,2009,0,W 3RD ST,99999999999999999999,0000000,42.49926667,-96.43006111,1,1
19,167,9,16,15,15,2,2,0,0,3,3,0,12,2,1,1,1,2,55,1,2,2,1,0,0,1,1,0,0,15,16,15,30,99,99,0,0,0,0,1,4,1,190245,0,2009,0,SR-10,99999999999999999999,0000000,42.99711111,-96.27431944,2,1
19,109,9,12,3,48,1,2,0,0,4,4,0,1,0,1,4,1,2,55,1,1,2,1,0,0,2,1,0,2,3,49,4,2,4,32,0,0,0,0,1,7,0,190246,0,2009,0,P-60,99999999999999999999,0000000,42.97682222,-94.08953889,1,1
19,1,9,13,7,24,1,1,0,0,3,3,0,35,0,1,4,1,2,55,2,2,2,1,0,0,1,1,0,0,88,88,88,88,88,88,0,0,0,0,1,1,0,190247,0,2009,215,SR-92,99999999999999999999,0000000,41.31618611,-94.31197222,1,1
19,177,9,17,19,38,1,2,0,0,3,3,0,35,0,1,4,1,2,55,1,1,2,1,0,0,5,1,0,0,19,40,19,45,19,57,0,0,0,0,1,5,0,190248,0,2009,59,SR-1,99999999999999999999,0000000,40.75702778,-91.95767778,1,1
19,143,9,18,15,30,1,1,0,0,3,3,0,11,0,2,1,2,4,65,1,1,1,1,3,3,1,1,0,0,15,33,15,42,15,54,0,0,0,0,1,6,0,190249,0,2009,161,SR-60,130TH ST,0000000,43.46162222,-95.71229444,1,1
19,139,9,17,22,28,1,1,0,0,4,4,0,35,0,2,4,1,2,55,1,1,1,1,20,3,2,1,0,0,88,88,88,88,88,88,0,0,0,0,1,5,1,190250,0,2009,0,ZACHARY AVE,171ST ST,0000000,41.49119444,-90.80485556,1,1
19,193,9,20,20,30,2,2,0,0,16,6,0,12,5,2,1,1,2,35,1,1,2,1,0,0,3,1,0,0,20,31,20,34,20,49,0,0,0,0,1,1,0,190251,7850,2009,0,SUMMIT ST,22NE ST,0000000,42.51372778,-96.4096,2,1
19,111,9,20,3,41,1,3,0,0,3,3,0,35,0,1,4,1,2,55,1,2,2,2,0,0,3,1,0,0,3,41,3,55,99,99,0,0,0,0,1,1,1,190252,0,2009,141,SR-16,99999999999999999999,0000000,40.95074167,-91.48098889,1,1
19,153,9,21,4,25,1,4,0,0,16,6,0,33,0,1,2,1,2,25,2,1,1,1,0,0,3,1,0,0,4,28,4,36,4,51,0,0,0,0,1,2,1,190253,2260,2009,0,BIRDLAND DR.,99999999999999999999,0000000,41.61163333,-93.62266389,1,1
19,153,9,23,17,18,2,3,0,0,16,6,0,12,2,8,1,1,3,30,1,1,1,1,0,0,1,1,0,0,17,18,17,23,17,42,0,0,0,0,1,4,1,190254,2260,2009,0,PARK AVE,99999999999999999999,0000000,41.55553056,-93.67617778,2,1
19,111,9,8,17,58,1,1,0,1,13,2,0,33,0,1,2,1,4,30,2,1,1,1,69,3,2,1,0,0,17,58,18,4,18,39,0,0,0,0,1,3,0,190255,3030,2009,203,US-61,99999999999999999999,9999999,40.6264,-91.35818611,1,1
19,153,9,26,23,47,1,2,1,0,16,6,0,8,0,2,1,2,4,35,1,1,2,1,0,0,3,1,0,0,23,48,23,55,0,6,0,0,0,0,1,7,1,190257,2260,2009,0,E UNIVERSITY AVE,SAMPSON ST,0000000,41.60083889,-93.5927,1,1
19,129,9,27,16,11,1,1,0,0,4,4,0,1,0,1,4,1,2,55,1,1,1,1,0,0,1,1,0,0,16,11,16,21,88,88,0,0,0,0,1,1,1,190258,0,2009,0,310TH ST,99999999999999999999,0000000,40.94201111,-95.59466944,1,1
19,45,9,28,17,3,2,2,0,0,6,4,0,12,1,1,1,1,2,50,1,2,4,1,0,0,1,1,0,0,17,3,17,16,99,99,0,0,0,0,1,2,0,190259,0,2009,0,120TH ST,99999999999999999999,0000000,42.0043,-90.30830833,2,1
19,183,10,4,2,57,1,1,0,0,6,4,0,1,0,1,4,1,2,50,1,1,4,2,0,0,2,1,0,0,3,4,3,23,4,0,0,0,0,0,1,1,1,190260,0,2009,0,LARCH AVE,99999999999999999999,0000000,41.49675556,-91.73378611,1,1
19,163,9,29,10,39,2,2,0,1,11,1,0,12,5,13,1,2,4,45,1,1,1,1,20,3,1,1,0,0,10,40,10,42,10,51,0,0,0,0,1,3,0,190261,2080,2009,0,I-74,US-6,0000000,41.55488611,-90.5245,2,1
19,135,10,3,9,0,2,2,0,1,2,2,0,12,8,1,1,1,2,55,1,2,2,1,0,0,1,1,0,0,9,9,9,19,9,44,0,0,0,0,1,7,0,190262,0,2009,163,US-34,99999999999999999999,0000000,41.01652222,-92.78766667,2,1
19,81,10,3,15,45,2,3,0,1,2,2,0,12,2,1,1,1,2,55,1,1,2,1,0,0,1,1,0,0,88,88,88,88,88,88,0,0,0,0,1,7,0,190263,0,2009,8,US-18,99999999999999999999,0000000,43.097125,-93.96231389,2,1
19,149,10,3,1,45,1,1,0,0,3,3,0,35,0,1,5,1,2,55,1,2,2,1,0,0,2,1,0,0,88,88,88,88,88,88,0,0,0,0,1,7,1,190264,0,2009,47,SR-140,99999999999999999999,0000000,42.6122,-95.95725,1,1
19,45,10,6,21,41,1,1,0,0,4,4,0,1,0,1,4,1,2,55,2,2,2,1,0,0,2,1,0,0,88,88,88,88,88,88,0,0,0,0,1,3,0,190265,0,2009,0,292ND STREET,99999999999999999999,0000000,41.75385556,-90.41756944,1,1
19,87,10,7,11,47,1,2,0,1,2,2,0,1,0,1,4,2,4,65,1,2,2,1,0,0,1,1,0,0,11,49,11,57,12,17,0,0,0,0,2,4,0,190267,0,2009,171,US-218,99999999999999999999,0000000,41.040575,-91.545025,1,1
19,13,10,11,1,22,2,2,0,1,2,2,0,12,5,2,1,2,5,35,1,1,1,1,3,3,3,1,0,0,1,23,1,26,1,49,0,0,0,0,1,1,1,190268,8790,2009,1,US-63,UNIVERSITY AVE,0000000,42.496,-92.354275,2,1
19,155,10,11,12,13,2,2,0,1,2,2,0,12,5,2,1,1,2,55,1,2,2,1,20,3,1,1,0,0,12,17,12,34,13,7,0,0,0,0,1,1,0,190269,0,2009,166,US-6,300TH ST,0000000,41.28942778,-95.61386944,2,1
19,113,10,5,2,28,1,2,0,1,11,1,0,30,0,1,2,2,3,60,1,1,1,1,0,0,3,1,0,0,2,33,2,38,2,54,0,0,0,0,1,2,1,190270,1340,2009,120,I-380,99999999999999999999,0000000,42.02745278,-91.67241389,1,1
19,27,10,11,1,0,1,1,0,0,4,4,0,35,0,1,4,1,2,55,1,2,2,1,0,0,2,1,0,0,1,4,1,18,88,88,0,0,0,0,1,1,1,190271,0,2009,0,CONCORD AVE,99999999999999999999,0000000,42.13373889,-95.05348611,1,1
19,163,10,12,16,43,2,2,0,1,2,2,0,12,2,2,1,2,4,55,1,1,1,1,0,0,1,1,0,0,16,46,16,52,99,99,0,0,0,0,1,2,1,190272,0,2009,122,US-67,W CANAL SHORE DR.,0000000,41.582575,-90.38836667,2,1
19,169,10,16,11,59,2,2,0,0,4,4,0,12,2,2,1,1,2,55,1,2,2,1,0,0,1,1,0,0,11,59,12,9,12,56,0,0,0,0,2,6,0,190273,0,2009,0,272ND ST,650TH AVE,0000000,41.96101111,-93.40586389,2,1
19,5,8,29,0,28,1,2,0,0,6,4,0,5,0,1,1,1,2,55,2,2,4,1,0,0,2,1,0,0,0,49,0,54,1,15,0,0,0,0,1,7,1,190274,0,2009,0,LINTON DR,99999999999999999999,0000000,43.12891667,-91.32231389,1,1
19,105,9,25,14,46,1,1,0,0,6,4,0,1,0,1,4,1,2,55,1,2,1,1,0,0,1,1,0,0,14,46,14,54,88,88,0,0,0,0,1,6,1,190275,0,2009,0,D62,99999999999999999999,0000000,42.24350556,-91.25390833,1,1
19,101,9,28,19,37,1,1,0,1,2,2,0,35,0,1,4,1,2,65,1,1,2,1,0,0,2,1,0,0,19,39,19,47,88,88,0,0,0,0,1,2,1,190276,0,2009,0,US-34,99999999999999999999,0000000,41.01513333,-92.03986944,1,1
19,193,10,17,2,38,1,1,0,0,4,4,0,42,0,1,4,1,2,55,2,2,1,2,0,0,2,2,0,0,2,38,2,52,88,88,0,0,0,0,1,7,1,190277,0,2009,0,CORRECTIONVILLE RD.,99999999999999999999,0000000,42.49523889,-96.32983611,1,2
19,169,10,14,3,1,2,2,0,1,1,1,0,12,2,1,1,2,2,70,1,1,1,1,0,0,2,1,0,0,3,1,3,5,99,99,0,0,0,0,1,4,0,190278,0,2009,138,I-35,99999999999999999999,0000000,42.06647222,-93.568275,2,1
19,153,10,18,23,49,3,3,0,0,16,6,0,12,3,8,1,1,4,35,1,1,2,1,0,0,3,1,0,0,99,99,99,99,99,99,0,0,0,0,1,1,1,190279,2260,2009,0,ARMY POST RD,99999999999999999999,0000000,41.52649722,-93.62870833,2,1
19,177,9,29,13,14,2,3,0,0,3,3,0,12,5,2,1,1,2,55,1,2,2,1,20,3,1,1,0,0,13,16,13,28,13,58,0,0,0,0,1,3,0,190280,0,2009,54,SR-2,V64,0000000,40.64653611,-92.08285,2,1
19,193,10,17,0,36,1,5,0,0,16,6,0,1,0,1,1,1,4,35,2,1,1,1,0,0,3,1,0,0,0,39,0,47,1,2,0,0,0,0,1,7,1,190281,7850,2009,0,HAMILTON BLVD.,99999999999999999999,0000000,42.49635833,-96.42650556,1,1
19,181,10,18,19,30,2,2,0,0,3,3,0,12,5,2,1,2,4,65,1,1,2,1,20,3,2,1,0,0,19,34,19,39,88,88,0,0,0,0,1,1,0,190282,0,2009,15,SR-5,235TH AVE,0000000,41.44226389,-93.35659444,2,1
19,117,10,20,2,15,1,1,0,0,3,3,0,11,0,1,4,1,2,55,1,2,2,1,0,0,2,1,0,0,88,88,88,88,88,88,0,0,0,0,1,3,0,190283,0,2009,123,SR-14,99999999999999999999,0000000,41.07321944,-93.29385,1,1
19,193,10,20,12,29,1,1,0,1,1,1,0,1,0,1,1,2,4,70,2,1,1,1,0,0,1,1,0,0,88,88,88,88,88,88,0,0,0,0,1,3,0,190284,0,2009,10,I-29,99999999999999999999,0000000,42.23064167,-96.24293333,1,1
19,187,10,23,10,11,2,2,0,1,2,2,0,12,5,2,1,2,4,55,1,1,1,2,20,3,1,2,0,0,10,11,10,15,10,40,0,0,0,0,1,6,0,190285,0,2009,221,US-169,THEATER ROAD,0000000,42.46965278,-94.20260833,2,2
19,83,10,26,0,1,1,1,0,0,4,4,0,35,0,2,4,1,2,55,1,1,2,1,0,0,2,1,0,0,88,88,88,88,88,88,0,0,0,0,1,2,0,190286,0,2009,0,S62,UU AVE,0000000,42.30623611,-93.08898333,1,1
19,195,9,19,20,36,1,1,0,1,2,2,0,11,0,1,1,1,2,55,1,1,2,1,0,0,2,1,0,0,20,36,20,46,99,99,0,0,0,0,1,7,0,190287,0,2009,0,US-65,99999999999999999999,0000000,43.25771389,-93.21093056,1,1
19,11,9,25,17,7,2,3,0,0,4,4,0,12,4,2,1,1,2,55,1,1,2,1,0,0,1,1,0,0,88,88,88,88,88,88,0,0,0,0,2,6,0,190288,0,2009,0,32ND AVE,59TH ST,0000000,42.15927222,-91.87575556,2,1
19,5,10,26,10,13,2,2,0,0,3,3,0,12,2,1,1,1,2,55,1,2,2,2,0,0,1,2,0,0,10,16,10,21,10,39,0,0,0,0,1,2,0,190289,0,2009,67,SR-9,99999999999999999999,0000000,43.24702222,-91.47366389,2,2
19,161,10,29,1,36,1,1,0,0,4,4,0,35,0,1,4,1,2,55,1,1,2,1,0,0,2,1,0,0,1,45,2,2,2,26,0,0,0,0,1,5,1,190290,0,2009,0,UNION AVE,99999999999999999999,0000000,42.21245833,-94.95561944,1,1
19,83,10,31,9,50,1,2,0,0,4,4,0,60,0,1,4,1,2,55,2,1,2,1,0,0,1,1,0,0,88,88,88,88,88,88,0,0,0,0,1,7,0,190291,0,2009,0,S56,99999999999999999999,0000000,42.398075,-93.06885,1,1
19,111,11,1,2,30,1,1,0,0,4,4,0,52,0,1,4,1,2,55,1,1,2,1,0,0,2,1,0,0,88,88,88,88,88,88,0,0,0,0,1,1,0,190292,0,2009,0,330TH AVE,99999999999999999999,0000000,40.70828889,-91.27731667,1,1
19,169,11,3,18,41,2,5,0,0,4,4,0,12,5,2,1,1,2,55,1,2,2,1,20,3,2,1,0,0,18,41,18,52,19,49,0,0,0,0,1,3,1,190293,0,2009,0,620TH AVE,315TH ST,0000000,41.89939444,-93.46339722,2,1
19,83,11,5,17,15,1,3,0,0,4,4,0,1,0,1,4,1,2,55,2,2,2,1,0,0,2,1,0,0,17,19,17,32,18,27,0,0,0,0,1,5,0,190294,0,2009,0,D67,99999999999999999999,0000000,42.22451667,-93.02080833,1,1
19,101,11,8,21,18,1,4,0,1,2,2,0,1,0,1,1,2,4,65,1,1,2,1,0,0,2,1,0,0,21,21,21,29,22,20,0,0,0,0,1,1,0,190295,0,2009,99999,US-34,99999999999999999999,0000000,40.99384167,-91.92404722,1,1
19,127,11,6,12,37,2,7,0,0,16,6,0,12,5,4,1,1,2,20,1,1,2,1,0,0,1,1,0,0,88,88,88,88,88,88,0,0,0,0,1,6,0,190296,5320,2009,0,E STATE STREET,99999999999999999999,0000000,42.05038889,-92.90867222,2,1
19,1,11,8,11,24,1,1,0,0,4,4,0,35,0,1,4,1,2,55,1,2,2,1,0,0,1,1,0,0,11,26,11,35,99,99,0,0,0,0,1,1,0,190297,0,2009,0,FONTANELLE RD,99999999999999999999,0000000,41.34106944,-94.56649167,1,1
19,155,11,7,18,43,2,4,0,0,4,4,0,12,5,2,1,1,2,55,1,2,2,1,0,0,2,1,0,0,18,45,18,57,19,25,0,0,0,0,1,7,0,190298,0,2009,0,RAILROAD HWY,205TH STREET,0000000,41.30202778,-95.78061111,2,1
19,103,11,15,18,25,1,2,0,0,6,4,0,35,0,2,4,1,2,50,1,2,4,1,20,3,2,1,0,0,18,28,18,36,19,1,0,0,0,0,1,1,0,190299,0,2009,0,UTAH AVE,340TH STREET,0000000,41.68556667,-91.44381389,1,1
19,191,11,10,14,38,2,2,0,0,3,3,0,12,4,1,1,1,2,55,1,2,1,1,0,0,1,1,0,0,14,38,14,55,88,88,0,0,0,0,1,3,0,190300,0,2009,74,SR-9,99999999999999999999,0000000,43.28757778,-91.97768611,2,1
19,105,11,22,2,15,1,1,0,0,4,4,0,1,0,8,4,1,2,55,2,2,1,1,0,0,2,1,0,0,2,15,2,27,88,88,0,0,0,0,1,1,1,190301,0,2009,0,E45,99999999999999999999,0000000,42.00606944,-91.21981389,1,1
19,155,11,24,21,34,1,2,1,1,2,2,0,8,0,1,1,1,2,45,1,1,2,1,0,0,2,1,0,0,21,36,21,41,88,88,0,0,0,0,1,3,0,190302,0,2009,278,US-6,99999999999999999999,0000000,41.296225,-95.40338333,1,1
19,21,11,2,14,35,1,1,0,0,4,4,0,1,0,2,1,1,2,55,2,1,2,1,40,3,1,1,0,0,14,37,14,49,15,6,0,0,0,0,1,2,1,190303,0,2009,0,105TH AVENUE,550TH STREET,0000000,42.71991944,-95.19711944,1,1
19,63,11,3,13,53,1,1,0,0,4,4,0,19,0,1,4,1,2,55,1,1,2,1,0,0,1,1,0,0,13,53,14,9,14,27,0,0,0,0,1,3,0,190304,0,2009,0,210TH STREET,99999999999999999999,0000000,43.3418,-94.72016389,1,1
19,125,11,21,6,1,2,2,0,0,6,4,0,12,2,1,1,1,2,50,1,2,4,2,0,0,2,5,0,0,6,15,6,29,6,47,0,0,0,0,1,7,0,190305,0,2009,0,QUEBEC ST,99999999999999999999,0000000,41.24832778,-93.08354722,2,5
19,103,11,22,17,39,3,5,0,0,3,3,0,12,1,1,1,1,2,55,1,1,2,1,0,0,2,1,0,0,17,41,17,49,18,20,0,0,0,0,1,1,0,190306,0,2009,228,SR-1,99999999999999999999,0000000,41.73727222,-91.47383333,3,1
19,43,11,8,5,27,2,3,0,1,2,2,0,12,2,1,1,1,2,55,1,2,2,1,0,0,2,1,0,0,5,27,5,34,6,3,0,0,0,0,1,1,1,190307,0,2009,15,US-52,99999999999999999999,0000000,42.66950556,-91.08006389,2,1
19,169,11,25,12,0,2,2,0,1,2,2,0,12,2,1,1,2,4,65,1,1,2,1,0,0,1,1,0,0,12,3,12,9,88,88,0,0,0,0,2,4,0,190308,230,2009,21,US-30,99999999999999999999,0000000,42.00684444,-93.65393889,2,1
19,99,11,26,4,20,1,1,0,1,1,1,0,42,0,1,4,2,4,70,1,1,1,1,0,0,2,1,0,0,88,88,88,88,88,88,0,0,0,0,1,5,0,190309,0,2009,20,I-380,99999999999999999999,0000000,41.68237778,-93.29784722,1,1
19,17,11,27,16,49,2,2,0,0,6,4,0,12,5,2,1,1,2,55,1,1,4,1,0,0,5,1,0,0,16,49,17,1,17,59,0,0,0,0,1,6,0,190310,0,2009,0,JOPLIN AVE,160TH ST,0000000,42.81840833,-92.37696111,2,1
19,13,11,27,1,3,1,1,0,1,11,1,0,1,0,13,6,6,1,65,2,1,1,1,0,0,3,1,0,0,1,4,1,11,1,25,0,0,0,0,1,6,1,190311,2800,2009,152,I-380,99999999999999999999,0000000,42.45984444,-92.29675833,1,1
19,149,11,3,17,0,2,2,0,1,2,2,0,12,5,2,1,2,4,35,1,1,2,1,20,3,1,1,0,0,17,0,17,1,99,99,0,0,0,0,1,3,0,190312,0,2009,50,US-75,CEDAR STREET,0000000,42.62779167,-96.29161667,2,1
19,145,11,28,14,50,2,5,0,0,6,4,0,12,5,4,1,1,2,40,1,2,4,1,0,0,1,1,0,0,88,88,88,88,88,88,0,0,0,0,2,7,0,190313,0,2009,0,Q AVENUE,99999999999999999999,0000000,40.75535833,-95.06122778,2,1
19,115,11,28,21,17,1,3,0,0,4,4,0,32,0,1,4,1,2,55,2,1,2,1,0,0,2,1,0,0,99,99,99,99,99,99,0,0,0,0,2,7,1,190314,0,2009,0,W66,99999999999999999999,0000000,41.22776111,-91.46645278,1,1
19,5,11,28,7,36,1,1,0,0,6,4,0,1,0,1,4,1,2,55,2,2,4,9,0,0,2,1,0,0,7,36,7,51,99,99,0,0,0,0,1,7,0,190315,0,2009,0,DRYHOLLOW  RD,99999999999999999999,0000000,43.14055833,-91.32482222,1,1
19,33,11,30,11,55,2,2,0,1,2,2,0,12,5,2,1,1,2,55,1,1,2,1,3,3,1,1,0,0,11,58,12,9,12,26,0,0,0,0,1,2,0,190316,0,2009,10,US-18,MAIN ST,0000000,43.12970278,-93.47773889,2,1
19,165,12,1,17,23,1,1,0,0,6,4,0,42,0,1,4,1,2,50,1,2,4,1,0,0,5,1,0,0,88,88,88,88,88,88,0,0,0,0,1,3,1,190318,0,2009,0,M36,99999999999999999999,0000000,41.71516389,-95.27185556,1,1
19,155,7,20,2,2,1,1,0,1,11,1,0,43,0,1,99,2,3,55,1,1,1,1,28,3,3,1,0,1,2,4,2,10,2,23,0,0,0,0,1,2,1,190319,1900,2009,101,I-29,99999999999999999999,0000000,41.26074444,-95.90764167,1,1
19,73,10,2,23,49,2,5,0,0,3,3,0,12,5,2,1,1,2,55,1,1,2,2,20,3,2,2,0,0,23,50,0,1,0,27,0,0,0,0,1,6,1,190320,0,2009,160,SR-4,170TH,0000000,42.10703889,-94.37823333,2,2
19,127,10,7,16,10,2,3,0,1,2,2,0,12,2,1,1,1,2,55,1,1,2,1,0,0,1,1,0,0,16,10,16,23,17,2,0,0,0,0,1,4,0,190321,0,2009,49,US-30,99999999999999999999,0000000,42.00781944,-93.13228611,2,1
19,53,10,28,22,30,1,3,0,1,1,1,0,11,0,1,1,2,2,70,1,2,2,1,0,0,2,1,0,0,22,35,22,44,23,10,0,0,0,0,1,4,0,190322,0,2009,138,I-35,99999999999999999999,0000000,40.75388889,-93.83806111,1,1
19,191,11,8,12,54,1,1,0,0,4,4,0,1,0,1,4,1,2,55,2,2,2,1,0,0,1,1,0,0,12,54,13,3,13,20,0,0,0,0,1,1,0,190323,0,2009,0,FRANKVILLE RD,99999999999999999999,0000000,43.22730278,-91.66039444,1,1
19,15,11,9,14,10,1,2,1,0,6,4,0,8,0,1,1,1,2,55,1,1,4,1,0,0,1,1,0,0,14,13,14,28,99,99,0,0,0,0,1,2,0,190324,0,2009,0,310TH ST,99999999999999999999,0000000,41.90661667,-94.04771389,1,1
19,49,11,11,18,24,2,4,0,0,3,3,0,12,1,1,1,2,5,65,1,2,2,1,0,0,2,1,0,0,18,24,18,33,19,20,0,0,0,0,1,4,0,190325,0,2009,198,SR-141,99999999999999999999,0000000,41.82016111,-93.91264444,2,1
19,153,11,23,17,23,2,2,0,0,3,3,0,12,5,2,1,2,4,55,1,1,1,1,20,3,3,1,0,0,17,24,17,30,17,52,0,0,0,0,1,2,0,190326,280,2009,63,SR-415,WESTWINDS BLVD.,0000000,41.70274722,-93.64413889,2,1
19,99,12,2,2,19,1,2,0,0,3,3,0,1,0,2,4,1,2,55,1,1,2,1,20,3,2,1,0,0,2,19,2,26,99,99,0,0,0,0,2,4,1,190327,0,2009,111,SR-117,N 35TH AVE W,0000000,41.73190278,-93.25128889,1,1
19,117,12,2,21,20,2,2,0,1,2,2,0,12,2,1,1,1,2,55,1,1,1,1,0,0,2,1,0,0,21,34,21,49,99,99,0,0,0,0,1,4,0,190328,0,2009,26,US-65,99999999999999999999,0000000,40.93641111,-93.47095278,2,1
19,45,12,4,17,20,2,4,0,0,4,4,0,12,5,4,1,1,2,55,1,1,2,1,0,0,2,1,0,0,17,23,17,24,99,99,0,0,0,0,1,6,0,190329,0,2009,0,245TH ST,99999999999999999999,0000000,41.82470278,-90.51083333,2,1
19,153,11,30,10,41,1,1,0,0,16,6,0,42,0,8,4,2,5,5,1,1,1,1,0,0,1,1,0,0,88,88,88,88,88,88,0,0,0,0,1,2,0,190330,2260,2009,0,FLEUR DR.,99999999999999999999,0000000,41.56893333,-93.64495833,1,1
19,7,12,6,23,30,2,2,0,0,3,3,0,12,2,1,1,1,2,55,1,2,2,3,0,0,2,4,0,0,23,35,23,51,99,99,0,0,0,0,1,1,0,190331,0,2009,208,SR-5,99999999999999999999,0000000,40.83347222,-92.83030833,2,4
19,3,12,7,17,4,2,4,0,1,2,2,0,12,5,2,1,1,2,55,1,2,2,3,20,3,5,1,0,0,17,11,17,54,18,48,0,0,0,0,1,2,0,190332,0,2009,102,US-34,SR-148,0000000,40.84536111,-94.73279722,2,1
19,45,11,11,10,7,2,2,0,1,2,2,0,12,2,1,1,2,2,65,1,1,2,1,0,0,1,1,0,0,10,20,10,42,11,35,0,0,0,0,1,4,0,190333,0,2009,252,US-30,99999999999999999999,0000000,41.81541667,-90.43426667,2,1
19,19,12,6,16,42,1,1,0,0,6,4,0,1,0,1,4,1,2,55,1,1,4,1,0,0,5,1,0,0,16,46,16,58,88,88,0,0,0,0,1,1,1,190334,0,2009,0,205TH ST,99999999999999999999,0000000,42.49021667,-91.74726944,1,1