STATE,COUNTY,MONTH,DAY,HOUR,MINUTE,VE_TOTAL,PERSONS,PEDS,NHS,ROAD_FNC,ROUTE,SP_JUR,HARM_EV,MAN_COLL,REL_JUNC,REL_ROAD,TRAF_FLO,NO_LANES,SP_LIMIT,ALIGNMNT,PROFILE,PAVE_TYP,SUR_COND,TRA_CONT,T_CONT_F,LGT_COND,WEATHER1,WEATHER2,WRK_ZONE,NOT_HOUR,NOT_MIN,ARR_HOUR,ARR_MIN,HOSP_HR,HOSP_MN,SCH_BUS,CF1,CF2,CF3,FATALS,DAY_WEEK,DRUNK_DR,ST_CASE,CITY,YEAR,MILEPT,TWAY_ID,TWAY_ID2,RAIL,LATITUDE,LONGITUD,VE_FORMS,WEATHER
19,169,12,8,11,21,2,2,0,1,1,1,0,12,2,1,1,2,2,70,1,1,1,4,0,0,1,4,0,0,11,21,11,32,12,8,0,0,0,0,1,3,0,190335,0,2009,232,I-35,99999999999999999999,0000000,42.20706944,-93.57064167,2,4
19,149,12,8,7,43,2,3,0,1,2,2,0,12,4,1,1,2,4,65,2,1,2,3,0,0,1,4,0,0,7,57,8,6,99,99,0,0,0,0,1,3,0,190336,0,2009,134,US-75,99999999999999999999,0000000,42.73786944,-96.21822222,2,4
19,111,12,9,12,46,2,3,0,0,3,3,0,12,4,1,1,1,2,55,1,2,1,4,0,0,1,4,0,0,12,50,12,57,13,9,0,0,0,0,1,4,0,190337,0,2009,173,SR-2,99999999999999999999,0000000,40.62958611,-91.40675833,2,4
19,125,12,10,12,46,2,3,0,0,4,4,0,12,5,1,1,1,2,45,2,2,2,3,0,0,1,1,0,0,12,46,12,51,13,5,0,0,0,0,1,5,0,190338,0,2009,0,T15,99999999999999999999,0000000,41.31544167,-93.075575,2,1
19,139,12,10,8,3,1,1,0,0,16,6,0,42,0,1,4,1,2,40,1,1,1,4,0,0,1,1,0,0,8,9,8,10,8,35,0,0,0,0,1,5,0,190340,5930,2009,0,CEDAR ST.,99999999999999999999,0000000,41.43608056,-91.08921667,1,1
19,193,12,12,22,30,2,2,1,0,16,6,0,8,0,2,1,1,2,25,1,1,2,3,0,0,3,1,0,0,22,34,22,39,22,57,0,0,0,0,1,7,1,190341,7850,2009,0,4TH AVE PLACE,S PAXTON ST,0000000,42.46879444,-96.36578611,1,1
19,5,12,12,22,34,2,5,0,0,4,4,0,12,2,1,1,1,2,55,1,2,2,4,0,0,2,3,0,0,22,36,22,50,23,42,0,0,0,0,2,7,0,190342,0,2009,0,X26 (VOLNEY RD),99999999999999999999,0000000,43.096075,-91.38936944,2,3
19,167,12,18,99,99,2,4,0,1,2,2,0,12,5,2,1,1,2,55,1,2,1,2,20,3,3,1,0,0,18,36,18,45,18,52,0,0,0,0,2,6,0,190343,0,2009,60,US-75,SR-10,0000000,42.99713333,-96.17550833,2,1
19,77,8,23,6,20,1,2,0,0,6,4,0,1,0,2,1,1,2,50,1,1,4,1,20,3,2,1,0,0,6,59,7,27,8,0,0,0,0,0,1,1,1,190344,0,2009,0,160TH,WINK AVE,0000000,41.77567222,-94.30968056,1,1
19,163,12,22,20,38,2,4,0,1,1,1,0,12,1,1,1,2,2,65,1,1,1,2,0,0,2,2,0,0,20,47,20,55,21,13,0,0,0,0,1,3,0,190345,790,2009,224,I-80,99999999999999999999,0000000,41.59686944,-90.47178889,2,2
19,43,12,28,17,30,1,1,0,0,4,4,0,1,0,2,4,1,2,55,1,2,1,3,0,0,2,1,0,0,17,41,18,8,19,3,0,0,0,0,1,2,1,190346,0,2009,0,GREAT RIVER RD,TOLLGATE AVE,0000000,42.66817778,-90.95456111,1,1
19,103,12,29,15,0,1,1,0,0,6,4,0,1,0,1,4,1,2,55,2,2,4,3,0,0,1,1,0,0,88,88,88,88,88,88,0,0,0,0,1,3,1,190347,0,2009,0,RHINE CREEK WAY,99999999999999999999,0000000,41.73998333,-91.82744167,1,1
19,169,12,30,6,59,1,2,1,0,16,6,0,8,0,1,1,1,2,30,1,1,2,3,0,0,4,4,0,0,6,59,7,9,7,32,0,0,0,0,1,4,0,190348,230,2009,0,MORTENSON RD,99999999999999999999,0000000,42.01208056,-93.676725,1,4
19,99,12,26,8,47,1,2,0,1,11,1,0,1,0,1,4,2,2,70,1,2,2,4,0,0,1,1,0,0,8,49,8,57,9,40,0,0,0,0,1,7,0,190349,6090,2009,184,I-80,99999999999999999999,0000000,41.682475,-92.99757778,1,1
19,29,11,15,3,0,1,2,0,0,4,4,0,1,0,1,4,1,2,50,1,2,2,1,0,0,2,1,0,0,3,7,3,11,3,43,0,0,0,0,1,1,0,190350,0,2009,0,BOONES ROAD,99999999999999999999,0000000,41.48248056,-94.74501944,1,1
19,189,12,19,99,99,1,1,0,0,4,4,0,42,0,1,4,1,2,55,2,1,1,9,0,0,9,9,0,0,88,88,88,88,88,88,0,0,0,0,1,7,0,190351,0,2009,0,R34,99999999999999999999,0000000,43.38038333,-93.77384167,1,9
20,155,1,2,1,0,1,2,0,0,6,5,0,11,0,1,1,1,2,55,1,1,5,5,0,0,2,1,0,0,7,25,7,34,88,88,0,0,0,0,2,6,1,200001,0,2009,0,NW 56TH,99999999999999999999,0000000,38.12274167,-97.99658889,1,1
20,181,1,2,18,22,1,2,1,0,16,4,0,8,0,1,1,1,2,30,1,1,1,1,0,0,2,1,0,0,18,25,18,35,18,46,0,0,0,0,1,6,0,200002,2110,2009,0,ARCADE ST,99999999999999999999,0000000,39.34359167,-101.7023056,1,1
20,145,1,4,10,17,2,2,0,1,2,3,0,12,2,1,1,1,2,65,1,1,2,1,0,0,1,1,0,0,10,26,10,33,99,99,0,0,0,0,1,1,0,200003,0,2009,990,SR-156,99999999999999999999,0000000,38.18915278,-99.14869444,2,1
20,185,1,5,13,29,2,3,0,1,2,2,0,12,4,2,1,1,2,50,1,1,2,1,20,3,1,1,0,0,13,29,13,33,14,13,0,0,0,0,1,2,0,200004,4870,2009,794,US-281,NE 30TH,0000000,37.99974722,-98.74735,2,1
20,155,1,7,13,25,2,6,0,1,2,3,0,12,8,2,1,1,2,65,1,1,2,1,20,3,1,1,0,0,13,25,13,36,14,24,0,0,0,0,2,4,0,200005,0,2009,286,SR-61,LAKE CABLE RD,0000000,37.91221667,-98.155375,2,1
20,167,1,16,3,0,1,1,0,0,6,4,0,42,0,1,4,1,2,55,2,1,4,8,0,0,2,1,0,0,6,24,6,35,8,30,0,0,0,0,1,6,1,200006,0,2009,0,COUNTY LINE,99999999999999999999,0000000,39.13016111,-99.03359444,1,1
20,35,1,17,3,0,1,3,0,0,6,4,0,1,0,1,5,1,2,50,2,2,2,1,0,0,2,1,0,0,3,6,3,17,99,99,0,0,0,0,1,7,1,200007,0,2009,0,85TH ST,99999999999999999999,0000000,37.10954444,-97.00026389,1,1
20,103,1,17,11,30,1,1,0,0,3,4,0,1,0,1,6,2,4,65,1,1,2,2,0,0,1,1,0,0,11,33,11,42,88,88,0,0,0,0,1,7,0,200008,0,2009,4126,US24,99999999999999999999,0000000,39.11674167,-94.98676389,1,1
20,173,1,17,14,33,2,3,0,0,13,5,0,12,4,2,1,5,4,35,1,1,2,1,2,3,1,1,0,0,14,36,14,40,15,15,0,0,0,0,1,7,0,200009,5880,2009,0,21 ST,GROVE,0000000,37.72286667,-97.30818333,2,1
20,163,1,17,14,10,1,3,0,0,6,4,0,1,0,1,1,1,2,55,1,1,5,1,0,0,1,1,0,0,14,17,14,25,14,36,0,0,0,0,1,7,0,200010,0,2009,0,COUNTY RD Y,99999999999999999999,0000000,39.22041944,-99.36773333,1,1
20,129,1,19,99,99,1,1,0,0,6,4,1,1,0,1,1,1,2,55,2,2,4,1,0,0,9,1,0,0,13,25,13,37,88,88,0,0,0,0,1,2,1,200011,0,2009,0,J,99999999999999999999,0000000,37.12145278,-101.8810278,1,1
20,173,1,19,18,48,1,2,1,0,13,5,0,8,0,1,1,1,2,30,1,1,2,1,0,0,2,1,0,0,18,48,18,51,19,0,0,0,0,0,1,2,0,200012,5880,2009,0,CENTRA,99999999999999999999,0000000,37.69366944,-97.32092778,1,1
20,115,1,20,11,0,2,2,0,0,3,3,0,1,0,1,1,2,2,65,1,1,1,1,0,0,1,1,0,0,11,5,11,15,11,27,0,0,0,0,1,3,0,200013,0,2009,14,SR-150,99999999999999999999,0000000,38.36319444,-96.94086944,2,1
20,83,1,21,12,14,2,2,0,0,3,3,0,12,4,2,1,1,2,65,2,2,2,1,0,0,1,1,0,0,12,17,12,20,12,44,0,0,0,0,1,4,0,200014,0,2009,668,SR-156,U-283,0000000,38.08829722,-99.89421944,2,1
20,169,1,22,2,30,1,1,0,0,4,4,0,1,0,1,1,1,2,55,2,1,2,1,0,0,2,1,0,0,3,1,3,16,88,88,0,0,0,0,1,5,1,200015,0,2009,0,OLD HWY 40,99999999999999999999,0000000,38.91187222,-97.40615833,1,1
20,173,1,22,99,99,1,1,0,0,4,5,0,32,0,1,4,1,2,55,1,1,2,1,0,0,2,1,0,0,20,51,20,59,88,88,0,0,0,0,1,5,0,200016,0,2009,0,21 ST,99999999999999999999,0000000,37.72157778,-97.62554167,1,1
20,121,1,24,4,47,1,1,0,0,6,4,0,1,0,1,4,1,2,55,1,3,2,3,0,0,2,1,0,0,4,47,5,1,88,88,0,0,0,0,1,7,1,200017,0,2009,0,327TH,99999999999999999999,0000000,38.53433611,-94.86711389,1,1
20,133,1,23,15,50,1,1,0,0,6,4,0,42,0,1,5,1,2,55,1,1,4,1,0,0,1,1,0,0,15,53,15,57,88,88,0,0,0,0,1,6,1,200018,0,2009,0,150TH,99999999999999999999,0000000,37.58723333,-95.25661389,1,1
20,127,1,26,20,43,2,5,0,0,3,3,0,12,4,2,1,1,2,60,1,1,2,3,20,3,2,4,0,0,20,43,20,55,21,39,0,0,0,0,1,2,2,200019,0,2009,793,SR-177,SR-4,0000000,38.84077778,-96.50253333,2,4
20,35,1,26,17,10,1,1,0,0,6,4,0,34,0,4,4,1,2,55,1,1,2,4,0,0,1,2,0,0,17,11,17,30,18,10,0,0,0,0,1,2,0,200020,0,2009,0,112TH,211TH,0000000,37.31631944,-96.781825,1,2
20,29,1,26,15,33,1,2,0,0,5,4,0,30,0,1,4,1,2,55,1,1,4,1,0,0,1,1,0,0,16,4,16,8,88,88,0,0,0,0,1,2,1,200021,0,2009,0,230,99999999999999999999,0000000,39.39614167,-97.50022778,1,1
20,121,1,28,16,24,1,1,0,1,2,2,0,24,0,1,4,2,2,70,1,1,2,1,0,0,1,1,0,0,88,88,88,88,88,88,0,0,0,0,1,4,1,200022,4320,2009,1277,US-169,99999999999999999999,0000000,38.5683,-94.85492778,1,1
20,35,1,29,15,0,1,1,0,0,4,4,0,1,0,1,4,1,2,55,2,2,2,1,28,3,1,1,0,0,15,3,15,10,16,0,0,0,0,0,1,5,0,200023,0,2009,0,101ST,99999999999999999999,0000000,37.28764444,-96.97039722,1,1
20,117,1,31,99,99,1,1,0,1,2,2,0,24,0,1,4,1,2,65,1,1,2,1,0,0,2,1,0,0,3,56,4,1,88,88,0,0,0,0,1,7,0,200024,0,2009,2238,US-77,99999999999999999999,0000000,39.75603333,-96.75212778,1,1
20,155,2,2,21,45,1,1,0,0,6,4,0,42,0,1,6,1,2,55,1,1,4,1,0,0,2,1,0,0,21,56,22,2,88,88,0,0,0,0,1,2,1,200025,0,2009,0,4TH STREET,99999999999999999999,0000000,38.05809444,-97.73780833,1,1
20,21,2,5,21,8,2,2,0,0,3,2,0,12,2,1,1,2,2,65,1,1,2,1,0,0,2,1,0,0,21,12,21,15,21,40,0,0,0,0,1,5,0,200026,0,2009,4552,US-160,99999999999999999999,0000000,37.17919444,-94.86299444,2,1
20,107,2,6,0,10,2,2,0,1,2,2,0,12,2,1,1,1,2,55,2,2,2,2,0,0,2,1,0,0,0,21,0,57,1,31,0,0,0,0,1,6,2,200027,0,2009,885,US-69,99999999999999999999,0000000,38.16746111,-94.70081944,2,1
20,23,2,7,19,15,1,2,0,0,6,4,0,1,0,1,1,1,2,55,1,2,5,1,0,0,3,1,0,0,20,2,20,15,20,49,0,0,0,0,1,7,1,200028,0,2009,0,RD-29,99999999999999999999,0000000,39.61335833,-101.5258611,1,1
20,205,2,7,13,0,1,2,0,0,3,3,0,1,0,1,1,1,2,65,1,1,2,1,0,0,1,1,0,0,13,1,13,15,13,53,0,0,0,0,1,7,0,200029,0,2009,161,SR-47,99999999999999999999,0000000,37.53069444,-95.79477222,1,1
20,85,2,7,0,1,1,1,0,0,4,4,0,42,0,1,4,1,2,99,1,2,4,1,0,0,2,1,0,0,0,10,0,18,0,47,0,0,0,0,1,7,0,200030,0,2009,0,Q RD,99999999999999999999,0000000,39.49191944,-95.738725,1,1
20,135,2,8,21,45,1,1,0,0,6,4,0,1,0,1,6,1,2,55,2,1,3,5,0,0,2,1,0,0,1,43,1,57,88,88,0,0,0,0,1,1,1,200032,0,2009,0,R-RD,99999999999999999999,0000000,38.45741944,-99.91730556,1,1
20,163,2,14,3,20,1,1,0,0,6,4,0,1,0,1,1,1,2,55,2,1,2,4,0,0,2,1,0,0,3,28,3,45,4,36,0,0,0,0,1,7,0,200034,0,2009,0,C-RD,99999999999999999999,0000000,39.53919722,-99.10517778,1,1
20,7,2,15,5,50,1,1,0,0,3,2,0,32,0,1,4,1,2,65,2,1,1,1,0,0,2,1,0,0,6,2,6,19,88,88,0,0,0,0,1,1,0,200035,0,2009,3,US-281,99999999999999999999,0000000,37.02256389,-98.56899167,1,1
20,207,2,15,8,49,2,4,0,1,2,2,0,12,4,2,1,1,2,65,1,2,2,1,20,3,1,1,0,0,8,49,9,2,9,30,0,0,0,0,1,1,0,200036,0,2009,3220,US-54,SUMAC RD,0000000,37.90513056,-95.61976389,2,1
20,79,2,17,17,13,2,2,0,0,14,6,0,12,5,2,1,1,2,45,1,1,2,1,20,3,5,1,0,0,17,15,17,16,17,31,0,0,0,0,1,3,0,200037,4000,2009,0,HESSTON RD,ANDERSON,0000000,38.07279167,-97.35521667,2,1
20,173,2,19,14,23,2,2,0,0,3,3,0,12,5,2,1,1,4,65,1,1,2,1,20,3,1,1,0,0,14,25,14,37,88,88,0,0,0,0,1,5,0,200038,0,2009,737,SR-42,111TH ST,0000000,37.62021389,-97.47310556,2,1
20,145,2,23,99,99,1,1,0,0,6,4,0,1,0,1,4,1,2,55,1,1,4,1,0,0,1,1,0,0,17,33,17,42,18,1,0,0,0,0,1,2,0,200039,0,2009,0,130TH AVE,99999999999999999999,0000000,38.28400833,-99.01428333,1,1
20,177,2,25,14,45,2,2,0,0,16,6,0,12,5,2,1,1,2,30,1,1,1,1,20,3,1,1,0,0,14,47,14,52,15,11,0,0,0,0,1,4,1,200040,5400,2009,0,OAKLAND,FAIRCHILD,0000000,39.06811389,-95.63633056,2,1
20,173,2,25,16,49,2,6,0,0,6,4,0,12,8,1,1,1,2,55,1,1,2,1,0,0,1,1,0,0,16,50,17,0,17,37,0,0,0,0,1,4,0,200041,0,2009,0,23RD ST,99999999999999999999,0000000,37.65046111,-97.20025,2,1
20,181,3,10,1,50,1,7,0,1,1,1,0,1,0,1,3,2,2,70,1,1,2,1,0,0,2,5,0,0,1,55,2,17,2,53,0,0,0,0,1,3,0,200042,0,2009,341,I-70,99999999999999999999,0000000,39.33535833,-101.4189139,1,5
20,37,3,5,1,25,1,1,0,0,4,4,0,32,0,1,4,1,2,45,1,1,2,1,0,0,2,1,0,0,88,88,88,88,88,88,0,0,0,0,1,5,0,200043,0,2009,0,200TH ST,99999999999999999999,0000000,37.41059722,-94.74188889,1,1
20,41,3,14,16,7,1,1,0,0,4,4,0,27,0,1,4,1,2,55,2,1,2,1,0,0,1,1,0,0,16,9,16,19,17,0,0,0,0,0,1,7,1,200044,0,2009,0,OLD 40,99999999999999999999,0000000,38.91534722,-97.35981111,1,1
20,85,3,12,5,27,1,1,0,0,5,4,0,23,0,1,4,1,2,55,1,2,4,1,0,0,2,1,0,0,88,88,88,88,88,88,0,0,0,0,1,5,0,200045,0,2009,0,240TH RD,99999999999999999999,0000000,39.48059167,-95.59787778,1,1
20,75,2,20,1,5,1,1,0,0,3,3,0,32,0,1,4,1,2,65,1,1,2,1,0,0,2,1,0,0,1,34,1,52,2,37,0,0,0,0,1,6,1,200046,0,2009,852,SR-27,99999999999999999999,0000000,38.15183611,-101.7694583,1,1
20,205,2,17,16,48,2,4,0,0,6,4,0,12,5,2,1,1,2,55,1,1,4,1,20,3,1,1,0,0,16,51,16,58,17,25,0,0,0,0,1,3,0,200047,0,2009,0,WICHITA RD,1900 RD,0000000,37.63299444,-95.79837778,2,1
20,13,2,2,18,16,2,2,0,1,2,2,0,12,5,2,1,1,2,65,1,2,2,1,20,3,3,1,0,0,18,18,18,31,19,20,0,0,0,0,1,2,0,200048,0,2009,2039,US-75,SR-20,0000000,39.66781944,-95.73074444,2,1
20,177,3,24,15,32,2,5,0,0,2,2,0,12,2,1,1,1,2,30,1,1,2,1,0,0,1,1,0,0,15,40,16,7,16,29,1,0,0,0,2,3,0,200049,0,2009,3514,US-24,99999999999999999999,0000000,39.13345556,-95.94772222,2,1
20,55,2,22,3,18,1,4,0,0,6,6,0,1,0,1,4,1,2,55,1,1,4,1,0,0,2,1,0,0,3,20,3,31,3,48,0,0,0,0,2,1,1,200050,0,2009,0,3RD STREET,99999999999999999999,0000000,37.82626111,-100.3441417,1,1
20,139,3,5,16,55,1,5,0,0,6,4,0,1,0,1,1,1,2,40,1,1,4,1,0,0,1,1,0,0,16,56,17,22,17,43,0,0,0,0,1,5,0,200051,0,2009,0,PAULEN D,99999999999999999999,0000000,38.79128889,-95.59478889,1,1
20,169,3,6,17,0,1,1,0,0,6,4,0,32,0,1,4,1,2,55,1,1,5,1,0,0,1,1,0,0,17,24,17,34,18,1,0,0,0,0,1,6,0,200052,0,2009,0,GERARD,99999999999999999999,0000000,38.87693611,-97.64966111,1,1
20,95,3,7,12,40,1,1,0,0,6,4,0,1,0,1,4,1,2,55,1,1,4,1,0,0,9,1,0,0,88,88,88,88,88,88,0,0,0,0,1,7,0,200053,0,2009,0,SW 170ST,99999999999999999999,0000000,37.39900556,-98.17906389,1,1
20,15,3,9,20,53,1,1,0,0,4,2,0,32,0,1,4,2,2,50,1,1,2,2,0,0,2,2,0,0,21,52,21,59,22,17,0,0,0,0,1,2,0,200054,1540,2009,685,US-77,99999999999999999999,0000000,37.84293611,-96.84988889,1,2
20,149,3,11,16,16,2,4,0,0,6,2,0,12,4,2,1,2,4,70,1,1,1,1,21,3,1,1,0,0,16,18,16,27,17,5,0,0,0,0,1,4,1,200055,0,2009,3223,US-24,LEGION LANE,0000000,39.19873611,-96.45438056,2,1
20,175,3,11,22,47,2,2,0,0,16,5,0,12,2,1,1,1,2,35,2,1,2,1,0,0,2,1,0,0,22,48,22,51,88,88,0,0,0,0,1,4,1,200056,3160,2009,0,TUCKER RD,99999999999999999999,0000000,37.068875,-100.910025,2,1
20,33,3,14,2,35,1,1,0,0,3,2,0,1,0,1,6,1,2,65,1,1,2,1,0,0,2,1,0,0,2,44,2,49,88,88,0,0,0,0,1,7,1,200057,0,2009,1799,US-160,99999999999999999999,0000000,37.19163889,-99.49047222,1,1
20,177,3,17,23,10,1,1,0,1,1,1,0,1,0,15,1,2,4,65,1,1,1,1,0,0,3,1,0,0,88,88,88,88,88,88,0,0,0,0,1,3,1,200058,5400,2009,22,I-470,21ST,0000000,39.02931944,-95.75408889,1,1
20,1,3,17,22,34,3,5,0,0,4,4,0,12,5,1,1,1,2,55,1,1,2,1,0,0,2,1,0,0,22,40,22,41,99,99,0,0,0,0,1,3,1,200059,0,2009,0,C-600,99999999999999999999,0000000,37.91955556,-95.48269167,3,1
20,79,3,18,21,50,1,2,0,0,6,6,0,42,0,1,4,1,2,30,1,1,4,1,0,0,2,1,0,0,21,54,22,2,22,50,0,0,0,0,1,4,0,200060,0,2009,0,EAST 7TH STREET,99999999999999999999,0000000,37.91996111,-97.41465556,1,1
20,63,3,22,23,57,1,4,0,1,1,1,0,1,0,1,4,2,4,70,1,1,2,1,0,0,2,1,0,0,0,4,0,17,0,44,0,0,0,0,1,1,0,200061,0,2009,886,I-70,99999999999999999999,0000000,39.11261389,-100.5772583,1,1
20,89,3,23,99,99,1,1,0,0,2,4,0,30,0,1,4,1,2,55,1,3,4,1,0,0,2,8,0,0,6,35,7,0,88,88,0,0,0,0,1,2,1,200062,0,2009,0,V ROAD,99999999999999999999,0000000,39.87233056,-98.39698889,1,8
20,177,3,29,22,45,2,2,0,1,1,1,0,12,2,1,1,3,4,65,1,1,1,1,0,0,3,1,0,0,22,48,22,52,23,18,0,0,0,0,1,1,1,200063,5400,2009,3590,I-70,GAGE ST,0000000,39.06744722,-95.73022778,2,1
20,173,3,31,3,15,1,2,1,1,2,2,0,8,0,1,1,2,4,60,1,1,1,1,0,0,2,1,0,0,88,88,88,88,88,88,0,0,0,0,1,3,0,200064,0,2009,0,US-54,99999999999999999999,0000000,37.68028889,-97.17407222,1,1
20,175,3,23,14,45,2,2,0,0,4,4,0,12,4,2,1,1,2,55,1,2,5,1,21,3,1,1,0,0,14,49,15,12,16,28,0,0,0,0,1,2,0,200065,0,2009,0,COUNTY RD P,COUNTY RD 2,0000000,37.07051944,-100.7981861,2,1
20,91,3,26,18,32,2,2,0,0,14,6,0,12,1,1,1,1,2,30,1,2,2,2,20,3,1,2,0,0,18,32,18,34,88,88,0,0,0,0,1,5,1,200066,5090,2009,0,PFLUMM,99999999999999999999,0000000,39.02238333,-94.74300278,2,2
20,115,3,27,13,27,2,3,0,0,4,4,0,12,4,1,1,1,2,55,1,1,2,4,0,0,1,3,0,0,13,29,13,33,88,88,0,0,0,0,1,6,0,200067,0,2009,0,INDIGO,99999999999999999999,0000000,38.25152778,-97.20720278,2,3
20,45,4,7,7,41,1,2,1,0,15,6,0,8,0,8,1,9,2,35,1,1,4,1,20,3,1,1,0,0,88,88,88,88,88,88,0,0,0,0,1,3,0,200068,3010,2009,0,MICHIGAN,PIN OAK,0000000,38.98563333,-95.25137778,1,1
20,61,2,11,6,1,2,2,0,1,1,1,0,14,9,1,2,2,2,70,1,1,2,3,0,0,2,4,0,0,6,3,6,12,6,38,0,0,0,0,1,4,0,200069,0,2009,2912,I-70,99999999999999999999,0000000,38.999975,-96.93374722,2,4
20,141,3,12,18,20,1,1,0,0,3,2,0,1,0,1,4,2,2,65,1,1,2,1,0,0,1,1,0,0,18,30,18,49,88,88,0,0,0,0,1,5,1,200070,0,2009,1807,US-24,99999999999999999999,0000000,39.46045,-98.81335278,1,1
20,173,1,20,7,56,1,2,1,0,16,6,0,8,0,3,1,1,2,30,2,1,1,1,20,3,1,1,0,0,7,56,8,4,8,16,0,0,0,0,1,3,0,200072,5880,2009,0,BURNS,21ST N,0000000,37.72354722,-97.35071111,1,1
20,173,1,30,2,43,1,1,0,0,14,6,0,33,0,1,4,1,2,35,1,1,2,4,0,0,3,1,0,0,2,43,2,48,88,88,0,0,0,0,1,6,1,200073,5880,2009,0,MAPLE ST,99999999999999999999,0000000,37.68110278,-97.38264167,1,1
20,173,2,28,20,5,1,2,1,0,13,6,0,8,0,10,1,1,2,35,1,1,2,1,0,0,3,1,0,0,20,6,20,13,20,49,0,0,0,0,1,7,0,200074,5880,2009,0,WEST ST,CENTRAL,0000000,37.69523056,-97.39002222,1,1
20,173,3,27,13,15,1,2,0,1,1,1,0,25,0,1,3,3,2,70,1,1,2,3,0,0,1,2,0,0,16,9,16,24,17,9,0,0,0,0,1,6,0,200075,0,2009,346,I-35,99999999999999999999,0000000,37.675125,-97.2369,1,2
20,175,4,11,16,50,1,2,0,0,6,4,0,1,0,1,4,1,2,55,2,1,5,5,0,0,5,2,0,0,16,58,17,2,17,32,0,0,0,0,1,7,0,200076,0,2009,0,COUNTY RD G,99999999999999999999,0000000,37.01125833,-100.9585194,1,2
20,87,3,18,22,30,1,3,0,0,4,4,0,1,0,1,4,1,2,55,1,1,4,1,0,0,2,1,0,0,22,37,22,50,0,1,0,0,0,0,1,4,1,200077,0,2009,0,NORTH CEDAR RD,99999999999999999999,0000000,39.34903333,-95.56388889,1,1
20,61,4,2,1,15,2,4,0,0,2,2,0,12,4,1,1,1,2,60,1,1,2,2,0,0,2,2,0,0,1,20,1,26,1,55,0,0,0,0,1,5,0,200078,0,2009,1581,US-77,99999999999999999999,0000000,39.07970833,-96.86748611,2,2
20,23,4,7,14,43,2,2,0,0,3,2,0,12,2,1,1,1,2,65,1,1,2,1,0,0,1,1,0,0,14,45,14,52,15,29,0,0,0,0,1,3,0,200079,0,2009,231,US-36,99999999999999999999,0000000,39.75893611,-101.6276556,2,1
20,51,4,11,21,35,2,5,0,1,2,2,0,12,2,1,1,1,2,65,1,1,1,2,0,0,2,2,0,0,21,35,21,48,22,38,0,0,0,0,3,7,0,200080,0,2009,1424,US-183,99999999999999999999,0000000,38.72516111,-99.32601944,2,2
20,177,3,7,7,45,1,1,0,0,2,4,0,34,0,2,4,1,2,50,1,2,2,1,20,3,2,1,0,0,7,46,7,59,8,33,0,0,0,0,1,7,0,200081,0,2009,0,93RD STREET,AUBURN RD,0000000,38.89898333,-95.81588611,1,1
20,207,4,2,12,48,2,2,0,1,2,2,0,12,4,2,1,1,2,65,1,2,2,2,20,3,1,2,8,0,12,49,13,1,13,17,0,0,0,0,1,5,0,200082,0,2009,3263,US-54,WILLOW,0000000,37.91738889,-95.55607778,2,2
20,91,4,7,19,4,1,1,0,0,16,6,0,30,0,1,4,1,2,40,2,1,2,1,0,0,1,1,0,0,19,5,19,12,99,98,0,0,0,0,1,3,1,200083,4140,2009,0,127TH,99999999999999999999,0000000,38.89824722,-94.85355278,1,1
20,139,4,19,2,23,1,3,0,0,3,3,0,1,0,1,6,1,2,55,1,1,2,2,0,0,2,2,0,0,2,27,2,37,99,98,0,0,0,0,1,1,0,200084,0,2009,308,SR-31,99999999999999999999,0000000,38.6394,-95.73177222,1,2
20,81,4,22,13,30,3,3,0,1,2,2,0,12,1,2,1,1,2,65,1,1,2,1,0,0,1,1,0,0,13,30,13,42,14,12,0,0,0,0,1,4,0,200085,0,2009,539,US-83,U-83 & BUS-83,0000000,37.3898,-100.8709722,3,1
20,55,5,3,3,45,1,3,0,0,6,6,0,1,0,1,4,1,2,55,1,1,4,2,0,0,3,2,0,0,6,53,7,3,99,99,0,0,0,0,2,1,1,200086,0,2009,0,MANSFI,99999999999999999999,0000000,37.94663333,-100.8102028,1,2
20,173,5,7,8,0,2,2,0,0,15,4,0,12,2,1,1,1,2,55,1,1,2,1,0,0,1,1,0,0,8,3,8,10,8,40,0,0,0,0,1,5,0,200087,0,2009,0,47TH,99999999999999999999,0000000,37.76854444,-97.25509722,2,1
20,73,2,27,7,46,1,1,0,1,2,4,0,1,0,1,1,1,2,65,1,1,2,1,0,0,1,1,0,0,7,46,8,15,8,55,0,0,0,0,1,6,0,200088,0,2009,3251,U-400,99999999999999999999,0000000,37.64400556,-96.43232222,1,1
20,43,2,20,16,20,1,1,0,0,6,4,0,34,0,1,6,1,2,55,1,1,4,1,0,0,1,1,0,0,16,24,16,27,17,1,0,0,0,0,1,6,0,200089,0,2009,0,220TH RD,99999999999999999999,0000000,39.82831389,-95.35274444,1,1
20,197,2,13,7,10,1,1,0,0,2,4,0,21,0,1,4,1,2,55,1,1,2,1,0,0,1,1,0,0,7,10,7,18,8,13,0,0,0,0,1,6,0,200090,0,2009,0,MCFARLAND RD,99999999999999999999,0000000,39.03678611,-96.27010278,1,1
20,73,2,27,12,24,1,1,0,0,2,2,0,1,0,1,6,1,2,65,1,2,2,1,0,0,1,1,0,0,12,27,12,37,13,2,0,0,0,0,1,6,0,200091,0,2009,2738,US-54,99999999999999999999,0000000,37.81358056,-96.50528056,1,1