STATE,COUNTY,MONTH,DAY,HOUR,MINUTE,VE_TOTAL,PERSONS,PEDS,NHS,ROAD_FNC,ROUTE,SP_JUR,HARM_EV,MAN_COLL,REL_JUNC,REL_ROAD,TRAF_FLO,NO_LANES,SP_LIMIT,ALIGNMNT,PROFILE,PAVE_TYP,SUR_COND,TRA_CONT,T_CONT_F,LGT_COND,WEATHER1,WEATHER2,WRK_ZONE,NOT_HOUR,NOT_MIN,ARR_HOUR,ARR_MIN,HOSP_HR,HOSP_MN,SCH_BUS,CF1,CF2,CF3,FATALS,DAY_WEEK,DRUNK_DR,ST_CASE,CITY,YEAR,MILEPT,TWAY_ID,TWAY_ID2,RAIL,LATITUDE,LONGITUD,VE_FORMS,WEATHER
20,125,3,4,8,31,2,3,0,1,2,2,0,12,4,2,1,3,4,20,1,1,2,1,2,3,1,1,0,0,8,33,8,34,8,52,0,0,0,0,1,4,0,200092,2670,2009,207,US-75,US-160,0000000,37.22568056,-95.76524722,2,1
20,173,5,7,7,47,3,4,0,1,1,1,0,12,7,13,1,6,1,70,2,2,1,1,0,0,1,1,0,0,7,47,7,58,88,88,0,0,0,0,1,5,0,200093,5880,2009,64,I-135,1ST,0000000,37.61939722,-97.32994167,3,1
20,147,5,14,13,8,2,2,0,0,4,3,0,12,2,1,1,1,2,65,1,1,2,1,0,0,1,1,0,0,13,10,13,16,14,0,0,0,0,0,1,5,0,200094,0,2009,720,SR-9,99999999999999999999,0000000,39.67839167,-99.12174167,2,1
20,65,5,13,17,10,1,4,0,0,6,4,0,1,0,1,1,1,2,55,2,2,4,1,0,0,1,1,0,0,17,21,17,26,18,2,0,0,0,0,1,4,1,200095,0,2009,0,300TH,99999999999999999999,0000000,39.29339167,-99.79122222,1,1
20,137,5,12,9,40,1,1,0,0,4,3,0,1,0,1,4,1,2,65,1,2,2,2,0,0,1,2,0,0,9,46,9,51,10,24,0,0,0,0,1,3,0,200096,0,2009,408,SR-9,99999999999999999999,0000000,39.65804167,-99.67071667,1,2
20,177,4,22,19,50,3,7,0,0,4,6,0,12,4,3,1,1,2,45,1,2,2,1,20,3,5,1,0,0,19,53,20,3,20,25,0,0,0,0,1,4,0,200098,0,2009,0,45TH,WESTEDGE,0000000,38.9863,-95.63306944,3,1
20,177,2,24,18,5,2,3,0,0,4,4,0,12,4,2,1,1,2,50,1,1,2,1,20,3,1,1,0,0,18,7,18,12,18,50,0,0,0,0,1,3,0,200099,0,2009,0,AUBURN,29TH,0000000,39.01518333,-95.81726111,2,1
20,173,2,24,17,43,1,2,1,0,14,6,0,8,0,2,1,1,2,35,1,1,3,1,2,3,5,1,0,0,17,43,17,49,17,59,0,0,0,0,1,3,0,200100,5880,2009,0,DOUGLAS AVE,ROCK RD,0000000,37.68653611,-97.245225,1,1
20,91,5,22,13,15,1,1,0,1,2,3,0,42,0,1,4,2,4,60,1,1,2,1,0,0,1,1,0,0,13,19,13,26,88,88,0,0,0,0,1,6,0,200101,5090,2009,1628,SR-7,99999999999999999999,0000000,39.04131944,-94.85870278,1,1
20,205,5,16,23,45,1,1,0,0,6,6,0,42,0,1,6,1,2,55,1,1,4,1,0,0,2,1,0,0,8,1,8,11,88,88,0,0,0,0,1,7,0,200102,0,2009,0,QUEEN RD,99999999999999999999,0000000,37.658275,-95.67100556,1,1
20,13,4,5,2,46,2,2,0,1,2,2,0,12,2,2,1,1,2,65,1,1,1,1,0,0,2,1,0,0,99,99,99,99,99,99,0,0,0,0,1,1,2,200103,0,2009,3544,US-36,FOXTAIL,0000000,39.84966667,-95.65933333,2,1
20,111,4,22,15,5,2,2,0,1,2,2,1,12,2,1,1,2,4,65,1,1,1,1,0,0,1,1,0,0,15,17,15,27,16,43,0,0,0,0,1,4,0,200104,0,2009,3394,US-50,99999999999999999999,0000000,38.40733056,-96.34203056,2,1
20,181,4,26,14,9,1,4,0,1,1,1,0,1,0,1,4,2,4,70,1,1,2,1,0,0,1,1,0,0,14,11,14,25,14,48,0,0,0,0,3,1,0,200105,0,2009,119,I-70,99999999999999999999,0000000,39.33018056,-101.8298722,1,1
20,99,4,27,22,30,1,2,0,0,6,4,0,7,0,1,1,1,2,55,1,2,4,6,0,0,3,2,6,0,23,34,0,11,88,88,0,5,0,0,2,2,0,200106,3830,2009,0,15000 RD,99999999999999999999,0000000,37.20934444,-95.39437222,1,2
20,73,4,28,22,0,1,3,0,0,2,4,0,7,0,1,1,1,2,99,1,3,4,2,0,0,2,2,0,0,88,88,88,88,88,88,0,0,0,0,1,3,0,200107,0,2009,0,200TH,99999999999999999999,0000000,37.89653056,-96.00059444,1,2
20,139,4,28,16,54,1,1,0,0,4,3,0,1,0,1,4,1,2,55,2,2,2,1,0,0,1,1,0,0,16,58,17,12,88,88,0,0,0,0,1,3,1,200108,0,2009,29,SR-278,99999999999999999999,0000000,38.53608056,-95.69641111,1,1
20,113,5,9,16,59,2,4,0,0,2,6,0,12,2,1,1,1,2,55,1,2,2,1,0,0,1,1,0,0,17,3,17,8,18,1,0,0,0,0,1,7,0,200109,0,2009,0,ARROWHEAD RD,99999999999999999999,0000000,38.20365556,-97.59275556,2,1
20,61,5,9,23,31,1,1,0,0,15,4,0,30,0,1,5,1,2,30,1,1,2,1,0,0,3,1,0,0,23,31,23,36,88,88,0,0,0,0,1,7,1,200110,2790,2009,0,MCFARLAND RD,99999999999999999999,0000000,39.01931667,-96.86310833,1,1
20,167,5,4,7,55,1,4,0,0,3,2,0,34,0,1,5,2,2,60,1,1,2,1,20,3,1,5,0,0,7,57,8,11,9,21,0,0,0,0,1,2,0,200111,0,2009,1600,US-281,99999999999999999999,0000000,39.12073889,-98.85429444,1,5
20,173,5,2,1,2,1,1,0,0,13,6,0,30,0,2,4,1,2,35,1,1,1,1,2,3,3,1,0,0,1,2,1,6,88,88,0,0,0,0,1,7,1,200112,5880,2009,0,HILLSIDE,1ST STREET,0000000,37.688575,-97.30024444,1,1
20,151,5,26,10,57,2,5,0,1,2,2,0,12,8,1,1,1,2,65,1,2,2,1,0,0,1,1,0,0,11,4,11,12,12,25,0,0,0,0,1,3,0,200114,0,2009,1488,US-54,99999999999999999999,0000000,37.64631667,-98.55216944,2,1
20,91,5,22,1,27,1,2,0,1,1,1,0,1,0,13,3,6,1,65,2,2,1,1,0,0,3,1,0,0,1,40,1,47,1,52,0,0,0,0,2,6,1,200115,3080,2009,2224,I-34,I-435,0000000,38.93691389,-94.74909722,1,1
20,97,5,21,11,10,2,3,0,1,2,2,0,12,4,1,1,1,2,65,1,1,1,1,0,0,1,1,0,0,11,19,11,28,13,45,0,0,0,0,2,5,0,200116,0,2009,1104,US-54,99999999999999999999,0000000,37.60906389,-99.24585278,2,1
20,149,5,17,0,24,1,1,0,0,3,3,0,1,0,1,4,1,2,65,1,2,2,1,0,0,2,1,0,0,0,29,0,41,88,88,0,0,0,0,1,1,1,200117,0,2009,106,SR-14,99999999999999999999,0000000,39.39056944,-96.52587778,1,1
20,205,5,15,20,39,2,3,0,0,6,6,0,12,1,1,1,1,2,30,1,1,2,2,0,0,3,2,0,0,20,41,20,51,21,8,0,0,0,0,1,6,1,200118,150,2009,0,QUINCY ST,99999999999999999999,0000000,37.52415833,-95.66001944,2,2
20,107,4,3,19,25,1,2,1,0,6,5,0,8,0,1,1,1,2,30,1,1,2,1,0,0,5,1,0,0,19,29,19,36,20,40,0,0,0,0,1,6,0,200119,0,2009,0,COUNTY RD 1050,99999999999999999999,0000000,38.17559167,-94.72643889,1,1
20,15,6,5,3,30,1,2,0,0,6,6,0,1,0,2,4,1,2,55,1,2,2,1,0,0,2,1,0,0,3,36,3,46,99,99,0,0,0,0,1,6,1,200120,0,2009,0,SW HAVERHILL RD,KECHI RD,0000000,37.79133611,-96.88156111,1,1
20,9,5,2,2,30,1,2,0,0,4,4,0,23,0,1,4,1,2,55,1,2,2,1,0,0,2,1,0,0,3,33,3,48,5,3,0,0,0,0,1,7,1,200121,0,2009,0,SW 110 AVE,99999999999999999999,0000000,38.31741667,-98.97788889,1,1
20,91,3,18,2,22,4,1,0,0,16,6,0,14,2,1,4,1,2,25,1,2,2,1,0,0,3,1,0,0,2,22,2,23,88,88,0,0,0,0,1,4,1,200122,4285,2009,0,HEMLOCK ST,99999999999999999999,0000000,38.98323056,-94.68171944,1,1
20,51,6,1,7,45,2,2,0,0,4,4,0,12,4,2,1,1,2,55,1,1,2,1,20,3,1,1,0,0,7,47,7,56,8,28,0,0,0,0,1,2,0,200123,0,2009,0,204TH AVE,MOUNT PLEASANT RD,0000000,38.82760556,-99.33735,2,1
20,209,6,5,0,13,1,1,0,0,14,3,0,42,0,1,4,1,2,35,1,1,2,1,0,0,3,1,0,0,0,15,0,17,88,88,0,0,0,0,1,6,0,200124,2820,2009,54,SR-5,99999999999999999999,0000000,39.14310833,-94.67837222,1,1
20,209,5,16,13,28,2,7,0,0,16,6,0,12,4,2,1,1,2,30,9,9,9,9,99,9,9,1,0,0,13,28,13,32,13,45,0,0,0,0,1,7,1,200125,2820,2009,0,9TH STREET,NEW JERSEY AVE,0000000,39.12246944,-94.632625,2,1
20,5,5,7,18,19,1,2,1,1,2,2,0,9,0,1,2,1,2,65,1,1,1,1,0,0,1,1,0,0,18,19,18,29,19,2,0,0,0,0,1,5,0,200126,0,2009,2022,US-59,99999999999999999999,0000000,39.51675556,-95.20168333,1,1
20,155,5,9,15,53,1,1,0,1,2,3,0,42,0,1,4,1,2,65,2,1,2,1,0,0,1,1,0,0,15,55,16,4,17,11,0,0,0,0,1,7,0,200127,0,2009,605,SR-61,99999999999999999999,0000000,38.11213889,-97.86603889,1,1
20,161,5,16,12,13,1,1,0,0,12,3,0,1,0,1,4,2,4,65,1,1,2,1,0,0,1,1,0,0,12,14,12,21,12,38,0,0,0,0,1,7,0,200128,0,2009,1856,SR-18,99999999999999999999,0000000,39.14616944,-96.65170556,1,1
20,145,5,19,8,30,2,2,0,0,3,2,0,12,4,2,1,1,2,65,1,1,2,1,20,3,1,1,0,0,8,33,8,49,9,21,0,0,0,0,1,3,0,200129,0,2009,1060,US-183,SR-156,0000000,38.18969167,-99.31451667,2,1
20,81,5,19,13,41,2,2,0,0,3,2,0,12,8,1,1,1,2,65,1,1,2,1,0,0,1,1,0,0,13,41,13,54,15,35,0,0,0,0,1,3,0,200130,0,2009,613,US-56,99999999999999999999,0000000,37.43425,-101.0086444,2,1
20,155,5,25,12,42,1,2,0,0,16,6,0,1,0,1,2,1,2,55,1,2,2,1,0,0,1,1,0,0,12,44,12,55,15,3,0,0,0,0,1,2,0,200131,2660,2009,0,ARLINGTON RD,99999999999999999999,0000000,37.90032222,-98.00491389,1,1
20,171,5,27,13,36,2,2,0,0,3,3,0,12,6,1,1,1,2,65,1,1,2,1,0,0,1,1,0,0,13,38,13,45,14,39,0,0,0,0,1,4,0,200132,0,2009,675,SR-96,99999999999999999999,0000000,38.48584444,-100.8078,2,1
20,209,6,2,7,4,3,7,0,1,1,1,0,12,3,1,1,3,4,70,1,2,1,1,0,0,1,1,0,0,7,9,7,12,88,88,0,0,0,0,1,3,0,200133,0,2009,4103,I-70 EASR,99999999999999999999,0000000,39.10661944,-94.831925,3,1
20,173,4,13,12,55,2,6,0,1,2,2,0,12,3,2,1,3,4,45,1,1,2,1,0,0,1,1,0,0,12,56,13,5,13,34,0,0,0,0,1,2,0,200134,5880,2009,2222,US-54,WEBB RD,0000000,37.68028889,-97.22488333,2,1
20,91,4,23,16,16,3,5,0,0,13,6,0,12,4,2,1,1,2,40,1,1,2,1,2,3,1,1,0,0,16,17,16,21,88,88,0,14,0,0,1,5,0,200135,3080,2009,0,87TH STREET,HAUSER CT,0000000,38.97115556,-94.73884167,3,1
20,173,5,27,15,24,1,3,0,1,2,2,0,26,0,1,4,3,3,60,1,1,1,1,0,0,1,1,0,0,15,25,15,30,99,99,0,0,0,0,1,4,0,200137,5880,2009,2135,US-54,99999999999999999999,0000000,37.67393611,-97.38504444,1,1
20,173,5,2,16,44,1,1,0,0,16,6,0,30,0,1,4,1,2,30,1,1,1,1,0,0,1,1,0,0,16,45,16,51,17,5,0,0,0,0,1,7,0,200138,5880,2009,0,18TH N,99999999999999999999,0000000,37.71736944,-97.34873889,1,1
20,201,6,7,14,54,2,3,0,0,3,3,0,12,2,1,1,1,2,65,2,1,2,1,0,0,1,1,0,0,15,1,15,10,15,44,0,0,0,0,3,1,0,200139,0,2009,2061,SR-15,99999999999999999999,0000000,39.6953,-97.06180556,2,1
20,139,6,10,0,50,1,2,0,0,6,6,0,35,0,1,4,1,2,55,1,1,4,1,0,0,2,1,0,0,0,55,1,2,2,4,0,0,0,0,1,4,1,200140,0,2009,0,SCRANTON RD,99999999999999999999,0000000,38.713375,-95.73709444,1,1
20,79,6,13,14,45,1,3,0,1,1,1,0,1,0,1,1,2,4,70,1,1,1,1,0,0,1,1,0,0,14,47,14,52,15,32,0,0,0,0,1,7,0,200141,0,2009,421,I-35,99999999999999999999,0000000,38.16256944,-97.43516944,1,1
20,139,6,21,0,25,1,1,0,0,4,6,0,1,0,1,1,1,2,55,1,1,2,2,0,0,3,2,6,0,0,25,0,38,88,88,0,0,0,0,1,1,1,200142,0,2009,0,S HOCH RD,99999999999999999999,0000000,38.46057778,-95.858975,1,2
20,67,6,29,7,0,1,1,0,0,3,2,0,24,0,1,4,1,2,65,1,1,2,1,0,0,4,1,0,0,7,5,7,18,99,99,0,0,0,0,1,2,0,200143,0,2009,491,US-160,99999999999999999999,0000000,37.56213333,-101.1784167,1,1
20,177,5,29,17,18,3,5,0,1,2,2,0,12,2,1,1,2,4,65,1,1,2,1,0,0,1,1,0,0,17,29,17,39,18,27,0,0,0,0,1,6,2,200144,5400,2009,1476,US-75,99999999999999999999,0000000,38.91240833,-95.69160556,3,1
20,177,6,13,21,45,1,5,1,1,2,2,0,9,0,1,1,2,4,65,1,3,2,1,0,0,2,1,0,0,21,46,21,54,88,88,0,0,0,0,1,7,1,200145,5400,2009,3651,US-24,99999999999999999999,0000000,39.0917,-95.6995,1,1
20,177,6,16,21,20,1,1,0,0,2,6,0,32,0,1,4,1,2,50,2,1,1,1,0,0,2,1,0,0,21,28,21,38,21,55,0,0,0,0,1,3,0,200146,5400,2009,0,BURLINGAME RD,99999999999999999999,0000000,38.93617778,-95.73555,1,1
20,199,6,30,18,0,1,2,0,0,3,3,0,1,0,1,4,1,2,65,1,2,1,1,0,0,1,1,0,0,88,88,88,88,88,88,0,0,0,0,2,3,0,200147,0,2009,1445,SR-27,99999999999999999999,0000000,38.9869,-101.7409528,1,1
20,209,4,21,7,36,2,2,0,0,16,6,0,12,2,2,1,1,2,30,1,2,2,1,20,3,1,1,0,0,88,88,88,88,88,88,0,0,0,0,1,3,0,200148,2820,2009,0,99TH,DONAHOO RD,0000000,39.15595556,-94.80832222,2,1
20,143,6,13,19,55,1,1,0,0,6,6,0,34,0,1,4,1,2,55,1,1,4,1,0,0,1,1,0,0,19,55,20,5,88,88,0,0,0,0,1,7,1,200149,0,2009,9,N 180TH RD,99999999999999999999,0000000,39.00344444,-97.59223889,1,1
20,15,6,14,2,50,2,2,0,0,2,2,0,12,4,1,1,1,2,65,1,2,2,2,0,0,2,2,0,0,2,54,3,9,88,88,0,0,0,0,1,1,1,200150,0,2009,2637,US-54,99999999999999999999,0000000,37.81195278,-96.65908889,2,2
20,25,6,14,5,25,1,2,0,1,2,2,0,30,0,1,4,1,2,65,1,1,2,1,0,0,4,1,0,0,5,30,5,49,6,19,0,0,0,0,1,1,0,200151,0,2009,330,US-283,99999999999999999999,0000000,37.46314167,-100.0164417,1,1
20,173,6,13,1,55,1,2,1,1,2,3,0,8,0,15,1,2,4,50,2,1,1,1,0,0,3,1,0,0,1,57,2,0,88,88,0,0,0,0,1,7,1,200152,5880,2009,744,SR-15,PAWNEE,0000000,37.65012222,-97.312775,1,1
20,121,6,18,6,0,1,1,0,1,2,2,0,35,0,1,3,2,4,70,1,1,1,1,0,0,1,1,0,0,6,8,6,11,88,88,0,0,0,0,1,5,0,200153,4220,2009,1227,US-169,99999999999999999999,0000000,38.50451944,-94.93251667,1,1
20,175,6,18,21,20,1,2,0,0,6,6,0,1,0,1,4,1,2,55,1,1,5,1,0,0,5,1,0,0,21,25,21,33,22,11,0,0,0,0,1,5,0,200154,0,2009,0,COUNTY RD 6,99999999999999999999,0000000,37.12720278,-100.9423833,1,1
20,135,6,21,15,55,1,4,0,0,4,3,0,34,0,1,4,1,2,65,1,1,2,1,0,0,1,1,0,0,16,5,16,28,16,51,0,0,0,0,1,1,0,200155,0,2009,396,SR-4,99999999999999999999,0000000,38.64006944,-100.1839833,1,1
20,113,6,20,20,10,2,2,0,0,3,2,0,12,2,1,1,1,2,65,1,1,1,2,0,0,5,2,6,0,20,12,20,21,20,29,0,0,0,0,1,7,0,200156,0,2009,2712,US-56,99999999999999999999,0000000,38.37732778,-97.58605833,2,2
20,181,6,21,19,0,1,1,0,0,6,4,0,34,0,1,4,1,2,55,9,9,4,1,0,0,1,1,0,0,19,53,20,18,20,44,0,0,0,0,1,1,0,200157,0,2009,0,COUNTY RD 80,99999999999999999999,0000000,39.56864722,-101.8353667,1,1
20,173,7,8,12,39,2,2,0,0,6,6,0,12,4,2,1,1,2,55,1,1,4,1,20,3,1,1,0,0,12,39,12,49,99,99,0,0,0,0,1,4,0,200158,0,2009,0,135TH STREET,31ST STREET,0000000,37.63734444,-97.49988611,2,1
20,109,6,27,22,20,1,1,0,0,6,4,0,34,0,1,4,1,2,55,1,1,5,1,0,0,2,1,0,0,22,33,22,52,23,12,0,0,0,0,1,7,1,200159,0,2009,0,TOPEKA,99999999999999999999,0000000,38.97515833,-100.8229056,1,1
20,123,6,28,19,15,1,1,0,0,6,6,0,34,0,1,4,1,2,99,1,1,4,1,0,0,1,1,0,0,19,30,19,35,20,3,0,0,0,0,1,1,0,200160,0,2009,0,400 RD,99999999999999999999,0000000,39.46455833,-97.93281667,1,1
20,173,5,29,11,0,1,2,0,0,6,6,0,42,0,1,4,1,2,55,1,3,4,1,0,0,1,1,0,0,11,9,11,25,12,0,0,0,0,0,1,6,0,200161,0,2009,0,71ST SOUTH,99999999999999999999,0000000,37.56363056,-97.170125,1,1
20,99,4,20,12,1,2,3,0,0,13,6,0,12,6,2,1,2,4,30,1,2,1,1,0,0,1,1,0,0,12,3,12,7,88,88,0,0,0,0,1,2,0,200162,4370,2009,0,MAIN STREET,15TH STREET,0000000,37.34054722,-95.25773056,2,1
20,67,7,9,23,10,1,1,0,0,4,4,0,34,0,1,4,1,2,65,1,1,2,1,0,0,2,1,0,0,99,99,99,99,88,88,0,0,0,0,1,5,0,200163,0,2009,0,N COUNTY RD V,99999999999999999999,0000000,37.66248889,-101.1458028,1,1
20,59,7,4,18,48,1,4,1,0,4,6,0,8,0,2,1,1,2,20,1,2,2,1,20,3,1,1,0,0,18,53,19,8,20,24,0,0,0,0,1,7,0,200164,4750,2009,0,EAST CENTRAL AVE,KALLOCK STREET,0000000,38.40161389,-95.25386944,1,1
20,59,7,19,15,10,2,3,0,0,6,4,0,12,3,2,1,1,2,55,1,2,2,1,20,3,1,1,0,0,15,15,15,23,16,22,0,0,0,0,1,1,1,200165,0,2009,0,SHAWNEE RD,TEXAS RD,0000000,38.695425,-95.137825,2,1
20,173,7,12,0,15,1,1,0,0,4,6,0,34,0,1,4,1,2,55,1,1,2,1,0,0,2,1,0,0,0,18,0,27,88,88,0,0,0,0,1,1,0,200166,0,2009,0,103RD STREET,99999999999999999999,0000000,37.50346111,-97.55121111,1,1
20,209,6,3,23,11,2,2,0,0,14,6,0,12,2,12,1,1,2,30,1,1,2,1,20,3,3,1,0,0,23,15,23,19,0,0,0,0,0,0,1,4,0,200167,2820,2009,0,55TH SREET,MIAMI AVE,0000000,39.08250556,-94.70523889,2,1
20,193,6,23,11,25,1,2,0,0,2,4,0,1,0,1,2,1,2,55,1,1,5,1,0,0,1,1,0,0,11,34,11,51,12,17,0,0,0,0,1,3,0,200168,0,2009,0,COUNTY RD 11,99999999999999999999,0000000,39.54111667,-101.2060556,1,1
20,91,5,7,10,26,2,4,0,1,1,1,0,12,5,1,1,1,4,65,1,1,1,1,0,0,1,1,0,0,10,26,10,29,88,88,0,0,0,0,1,5,0,200169,0,2009,2076,I-35,99999999999999999999,0000000,38.78138611,-94.92908611,2,1
20,173,5,23,19,18,2,5,0,0,12,6,0,12,4,2,1,2,6,50,1,1,2,1,20,3,1,1,0,0,19,19,19,24,19,40,0,0,0,0,1,7,0,200170,5880,2009,0,S SOUTHEAST BLV,E MARION RD,0000000,37.64529722,-97.31294722,2,1
20,3,6,6,2,8,1,3,0,0,4,3,0,34,0,1,4,1,2,55,1,2,2,1,0,0,2,1,0,0,2,15,2,39,99,99,0,0,0,0,1,7,1,200171,0,2009,625,SR-31,99999999999999999999,0000000,38.39105278,-95.47754167,1,1
20,37,6,19,22,15,2,2,0,0,14,6,0,12,2,1,1,1,2,35,1,1,2,1,0,0,1,1,0,0,22,18,22,22,88,88,0,0,0,0,1,6,2,200172,4460,2009,0,E. 540 AVE,99999999999999999999,0000000,37.39771111,-94.72446389,2,1
20,133,6,28,15,47,1,1,0,0,2,5,0,42,0,1,4,1,2,55,1,3,2,1,0,0,1,1,0,0,15,51,16,0,88,88,0,0,0,0,1,1,0,200173,0,2009,0,160TH,99999999999999999999,0000000,37.60212778,-95.43068056,1,1
20,165,7,1,15,0,1,2,0,0,6,4,0,1,0,1,1,1,2,55,1,1,4,1,0,0,1,1,0,0,15,10,15,28,16,0,0,0,0,0,2,4,0,200174,0,2009,0,COUNTY RD 320 AVE,99999999999999999999,0000000,38.66621111,-99.18388333,1,1
20,185,7,2,20,10,1,1,0,0,6,6,0,11,0,1,1,1,2,55,1,1,2,1,0,0,1,1,0,0,20,12,20,34,20,56,0,0,0,0,1,5,0,200175,0,2009,0,SE 60 STREET,99999999999999999999,0000000,37.86861944,-98.52195833,1,1
20,143,7,5,3,5,1,2,1,0,3,3,0,8,0,1,1,1,2,65,1,1,2,1,0,0,2,1,0,0,3,11,3,40,4,30,0,0,0,0,1,1,0,200176,0,2009,1084,SR-18,99999999999999999999,0000000,39.01665,-97.92097222,1,1
20,123,7,18,0,40,1,2,1,0,6,8,0,8,0,1,1,1,2,20,1,1,2,1,0,0,2,1,0,0,2,14,2,19,2,42,0,0,0,0,1,7,0,200177,440,2009,0,100 S MILLS,99999999999999999999,0000000,39.45892778,-98.11074167,1,1
20,11,6,23,22,0,1,3,0,0,6,6,0,31,0,1,4,1,2,30,2,2,2,1,40,3,2,1,0,0,22,16,22,22,23,4,0,0,0,0,1,3,0,200178,0,2009,0,240TH STREET,99999999999999999999,0000000,37.81791944,-94.669875,1,1
20,11,7,2,16,28,3,6,0,1,2,2,0,12,2,1,1,1,2,65,1,2,1,1,0,0,1,1,0,0,16,31,16,37,99,99,0,0,0,0,1,5,0,200179,0,2009,600,US-69,99999999999999999999,0000000,37.74818611,-94.705925,3,1
20,55,7,27,17,35,2,2,0,0,13,6,0,12,2,2,1,1,2,40,1,1,2,1,20,3,1,1,0,0,17,37,17,38,17,52,0,0,0,0,1,2,0,200180,1950,2009,0,MARY STREET,MAIN STREET,0000000,37.98966944,-100.8697694,2,1
20,5,7,10,20,24,2,6,0,0,3,2,0,12,3,2,1,1,2,65,1,2,1,1,20,3,5,1,0,0,20,26,20,34,21,45,0,0,0,0,2,6,0,200181,0,2009,482,US-73,NEOSHO RD,0000000,39.55713333,-95.21816389,2,1
20,91,6,29,13,10,2,2,0,1,2,3,0,12,1,15,1,2,4,65,1,2,2,1,0,0,1,1,0,0,13,17,13,22,88,88,0,0,0,0,1,2,0,200182,3080,2009,1571,SR-7,95TH STREET,0000000,38.95780833,-94.85355278,2,1
20,27,6,3,12,0,2,4,0,0,6,6,0,12,2,1,1,1,2,30,1,2,2,1,0,0,1,1,0,0,12,6,12,6,12,20,0,0,0,0,1,4,0,200183,980,2009,0,COURT STREET,99999999999999999999,0000000,39.37730278,-97.13630556,2,1
20,83,7,24,9,25,2,2,0,0,4,4,0,12,3,2,1,1,2,55,1,1,4,1,20,3,1,1,0,0,9,29,9,49,11,39,0,0,0,0,1,6,0,200184,0,2009,0,COUNTY RD D,233 RD,0000000,37.95692222,-99.64359167,2,1
20,111,7,27,11,21,1,1,0,0,6,6,0,32,0,1,4,1,2,55,1,1,2,1,0,0,1,1,0,0,11,24,11,46,88,88,0,0,0,0,1,2,0,200185,0,2009,0,RD L,99999999999999999999,0000000,38.65146667,-96.170025,1,1
20,157,7,23,18,10,2,2,0,1,2,2,0,12,4,2,1,5,4,50,1,2,1,1,20,3,1,1,0,0,18,13,18,18,18,40,0,0,0,0,1,5,0,200186,430,2009,2188,US-81,23RD STREET,0000000,39.82013889,-97.64099167,2,1
20,131,7,30,8,51,2,3,0,1,2,2,0,12,4,1,1,1,2,65,1,1,2,1,20,3,1,1,0,0,8,52,9,2,9,34,0,0,0,0,1,5,0,200187,0,2009,3304,US-36,99999999999999999999,0000000,39.84136389,-95.93948333,2,1
20,135,8,2,1,50,1,1,0,0,3,2,0,34,0,1,4,1,2,65,1,1,2,1,0,0,3,1,0,0,2,15,2,28,88,88,0,0,0,0,1,1,1,200188,0,2009,987,US-283,99999999999999999999,0000000,38.338425,-99.90005556,1,1
20,91,7,18,11,30,2,2,1,0,16,6,0,8,0,1,5,1,2,30,1,2,2,1,0,0,1,1,0,0,11,31,11,35,88,88,0,0,0,0,1,7,0,200189,4285,2009,0,99TH STREET,99999999999999999999,0000000,38.94939722,-94.69961667,1,1
20,103,6,29,23,20,2,1,0,0,6,6,0,14,1,1,6,1,2,30,1,1,2,1,0,0,2,1,0,0,23,20,23,24,88,88,0,0,0,0,1,2,1,200190,3020,2009,0,CHEYENNE STREET,99999999999999999999,0000000,39.32692778,-94.93723889,1,1
20,5,7,18,2,0,1,1,0,0,5,5,0,42,0,1,4,1,2,55,1,1,4,1,0,0,2,1,0,0,9,54,9,54,88,88,0,0,0,0,1,7,1,200191,0,2009,0,LINCOLN RD,99999999999999999999,0000000,39.51211944,-95.23584444,1,1
20,103,8,1,11,17,2,2,0,0,3,2,0,12,4,2,1,1,4,55,1,1,2,1,20,3,1,1,0,0,11,19,11,22,12,6,0,0,0,0,1,7,0,200192,5390,2009,4076,US-24,RIDGE STREET,0000000,39.11621111,-95.07636944,2,1
20,173,8,2,15,20,1,1,0,1,1,1,0,24,0,1,4,3,4,65,2,1,1,1,0,0,1,1,0,0,15,23,15,26,88,88,0,0,0,0,1,1,1,200193,5880,2009,18,I-235,99999999999999999999,0000000,37.62347778,-97.33783611,1,1
20,193,8,3,13,25,2,3,0,0,3,3,0,12,3,2,1,1,2,65,1,1,2,1,20,3,1,1,0,0,13,28,13,42,13,54,0,0,0,0,1,2,0,200194,0,2009,2031,SR-25,COUNTY RD Z,0000000,39.49609444,-101.0543056,2,1
20,209,7,26,2,10,2,2,0,0,14,6,0,12,7,1,1,1,2,30,1,1,2,1,0,0,3,1,0,0,2,13,2,18,88,88,0,0,0,0,2,1,0,200195,2820,2009,0,FAIRFAX THRIFTWAY,99999999999999999999,0000000,39.14164444,-94.61116667,2,1
20,173,8,4,10,30,1,1,0,0,6,6,0,30,0,1,5,1,2,55,2,1,4,2,0,0,1,2,0,0,10,48,11,8,11,19,0,0,0,0,1,3,0,200196,0,2009,0,BLUFF,99999999999999999999,0000000,37.52102778,-97.28814167,1,2
20,99,6,25,13,50,1,2,0,0,3,2,0,34,0,1,4,1,2,65,2,1,2,1,0,0,1,1,0,0,13,53,13,59,14,19,0,0,0,0,1,5,0,200197,0,2009,350,US-59,99999999999999999999,0000000,37.37697778,-95.258675,1,1