STATE,COUNTY,MONTH,DAY,HOUR,MINUTE,VE_TOTAL,PERSONS,PEDS,NHS,ROAD_FNC,ROUTE,SP_JUR,HARM_EV,MAN_COLL,REL_JUNC,REL_ROAD,TRAF_FLO,NO_LANES,SP_LIMIT,ALIGNMNT,PROFILE,PAVE_TYP,SUR_COND,TRA_CONT,T_CONT_F,LGT_COND,WEATHER1,WEATHER2,WRK_ZONE,NOT_HOUR,NOT_MIN,ARR_HOUR,ARR_MIN,HOSP_HR,HOSP_MN,SCH_BUS,CF1,CF2,CF3,FATALS,DAY_WEEK,DRUNK_DR,ST_CASE,CITY,YEAR,MILEPT,TWAY_ID,TWAY_ID2,RAIL,LATITUDE,LONGITUD,VE_FORMS,WEATHER
20,155,3,6,7,45,1,2,1,0,16,6,0,8,0,2,1,1,2,30,1,1,2,1,20,3,1,1,0,0,7,47,7,51,8,6,0,0,0,0,1,6,0,200198,2660,2009,0,CURTIS STREET,PLUM STREET,0000000,38.08863333,-97.92268889,1,1
20,15,8,2,10,14,1,2,0,0,4,3,0,27,0,1,4,1,2,55,2,1,2,1,0,0,1,1,0,0,10,17,10,37,99,99,0,0,0,0,1,1,0,200199,0,2009,214,SR-177,99999999999999999999,0000000,38.08728333,-96.63986111,1,1
20,173,8,1,13,55,1,4,0,0,15,6,0,1,0,1,4,1,2,55,2,1,2,1,0,0,1,1,0,0,13,57,14,9,14,42,0,0,0,0,1,7,1,200200,5880,2009,0,11500 W MACARTHUR,99999999999999999999,0000000,37.62211667,-97.4786,1,1
20,209,7,31,22,0,1,1,0,0,16,6,0,1,0,1,2,1,2,30,1,2,2,1,0,0,3,1,0,0,22,0,22,6,22,50,0,0,0,0,1,6,1,200201,1510,2009,0,102ND STREET,99999999999999999999,0000000,39.09623056,-94.816475,1,1
20,173,6,26,12,5,2,2,0,0,14,6,0,12,4,4,1,1,2,40,1,1,2,1,0,0,1,1,0,0,12,6,12,14,12,31,0,0,0,0,1,6,0,200202,5880,2009,0,WEBB RD,HARRY ST,0000000,37.66615833,-97.2266,2,1
20,149,7,7,11,32,2,3,0,1,2,2,0,12,4,2,1,3,4,65,1,1,1,1,20,3,1,1,0,0,11,32,11,41,88,88,0,0,0,0,2,3,0,200203,0,2009,3183,US-24,HOFFMAN LANE,0000000,39.19414722,-96.52836667,2,1
20,61,7,15,11,50,2,2,0,0,14,6,0,12,2,1,1,1,2,40,1,2,2,1,0,0,1,1,0,0,11,58,12,0,12,55,0,0,0,0,1,4,0,200204,0,2009,0,US4080,99999999999999999999,0000000,39.000775,-96.80414167,2,1
20,175,7,27,21,25,1,1,0,0,6,6,0,34,0,1,4,1,2,45,2,1,2,1,0,0,2,1,0,0,21,30,21,34,21,56,0,0,0,0,1,2,0,200205,0,2009,0,KANSAS AVE,99999999999999999999,0000000,37.07291667,-100.9210972,1,1
20,173,8,11,16,45,2,3,0,0,14,6,0,12,4,2,1,1,2,35,1,1,2,1,20,3,1,1,0,0,16,45,16,50,17,16,0,0,0,0,1,3,0,200206,5880,2009,0,E 13TH STREET N,N MINNESOTA AVE,0000000,37.70826944,-97.31414722,2,1
20,15,8,17,21,18,2,2,0,1,2,2,0,12,2,1,4,1,2,65,1,2,2,2,0,0,2,2,0,0,21,18,21,32,22,13,0,0,0,0,2,2,1,200207,0,2009,3078,US-400,99999999999999999999,0000000,37.665275,-96.73642222,2,2
20,51,8,18,13,10,2,2,0,0,13,6,0,12,4,2,1,1,2,50,1,1,2,1,20,3,1,1,0,0,13,10,13,15,88,88,0,0,0,0,1,3,0,200208,2390,2009,10,U-183,MAIN STREET,0000000,38.80955,-99.26628056,2,1
20,139,8,21,18,39,1,1,0,1,1,1,0,36,0,1,4,2,4,70,2,1,2,1,0,0,1,1,0,0,18,41,18,55,88,88,0,0,0,0,1,6,0,200209,0,2009,0,I-335,99999999999999999999,0000000,38.46380556,-95.54535,1,1
20,173,8,23,4,56,1,1,0,0,16,6,0,32,0,1,6,1,2,55,1,1,4,1,0,0,2,1,0,0,5,1,5,21,88,88,0,0,0,0,1,1,1,200210,0,2009,0,WEBB,99999999999999999999,0000000,37.79649167,-97.22668611,1,1
20,155,8,8,12,5,1,1,0,0,3,3,0,34,0,1,4,1,2,65,1,1,2,1,0,0,1,6,0,0,12,7,12,24,13,9,0,0,0,0,1,7,0,200211,0,2009,67,SR-17,99999999999999999999,0000000,37.76589722,-97.93659167,1,6
20,49,8,15,3,0,1,1,0,0,3,2,0,34,0,1,4,1,2,55,2,2,2,1,0,0,3,1,0,0,14,18,14,31,88,88,0,0,0,0,1,7,1,200212,0,2009,3789,US-160,99999999999999999999,0000000,37.37254444,-96.25396667,1,1
20,103,8,21,16,48,1,2,0,1,1,1,0,27,0,1,4,3,4,70,1,1,2,1,0,0,1,1,0,0,16,53,17,6,17,59,0,0,0,0,1,6,0,200213,0,2009,3496,I-70,99999999999999999999,0000000,39.06811389,-95.01903611,1,1
20,173,8,29,21,18,1,3,0,1,2,3,0,1,0,1,1,2,4,70,2,1,2,1,0,0,2,1,0,0,21,18,21,29,22,0,0,0,0,0,2,7,0,200214,0,2009,2791,SR-96,99999999999999999999,0000000,37.76732222,-97.45061944,1,1
20,137,8,30,5,0,1,1,0,0,4,3,0,1,0,1,4,1,2,65,1,2,2,1,0,0,2,1,0,0,5,17,5,26,6,1,0,0,0,0,1,1,1,200215,0,2009,425,SR-9,99999999999999999999,0000000,39.65486944,-99.70573333,1,1
20,85,8,5,11,6,2,5,0,1,2,2,0,12,4,2,1,2,2,70,1,1,1,1,20,3,1,1,0,0,11,14,11,27,12,50,0,0,0,0,3,4,0,200216,0,2009,0,US-75,162 ND RD,0000000,39.339875,-95.72825556,2,1
20,57,8,12,21,30,1,4,0,1,2,2,0,34,0,1,4,1,2,65,2,1,2,1,0,0,2,1,0,0,21,35,21,43,23,25,0,0,0,0,2,4,0,200217,0,2009,1445,US-400,99999999999999999999,0000000,37.55158611,-99.63664167,1,1
20,209,8,29,15,52,2,2,0,0,14,6,0,12,4,2,1,1,2,30,1,1,2,1,2,3,1,1,0,0,15,53,15,55,16,19,0,20,0,0,1,7,0,200218,2820,2009,0,SOUTHWEST BLVD,W 31ST STREET,0000000,39.07251111,-94.60842222,2,1
20,83,8,30,0,30,1,1,0,0,3,2,0,1,0,1,4,1,2,65,2,1,2,1,0,0,2,1,0,0,0,36,0,46,0,57,0,0,0,0,1,1,1,200219,0,2009,781,US-283,99999999999999999999,0000000,38.04349444,-99.89971111,1,1
20,155,8,20,21,20,1,1,0,0,4,4,0,35,0,1,4,1,2,55,2,1,2,1,0,0,2,1,0,0,3,29,3,36,88,88,0,0,0,0,1,5,1,200220,0,2009,0,ARLINGTON RD,99999999999999999999,0000000,37.89863056,-98.16026667,1,1
20,115,7,22,21,0,2,4,0,0,6,6,0,12,4,2,1,1,2,55,1,2,5,1,0,0,2,1,0,0,21,6,21,14,99,99,0,0,0,0,2,4,0,200222,0,2009,0,340TH STREET,NIGHTHAWK,0000000,38.56615278,-97.11467778,2,1
20,185,8,9,10,0,1,1,0,0,6,6,0,27,0,1,4,1,2,55,2,1,2,1,0,0,1,1,0,0,88,88,88,88,88,88,0,0,0,0,1,1,1,200223,0,2009,0,NE 20 STREET,99999999999999999999,0000000,38.07241944,-98.71284444,1,1
20,139,8,11,9,35,2,4,0,1,2,2,0,12,4,2,1,1,2,65,1,2,2,1,20,3,1,1,0,0,9,42,9,48,10,51,0,0,0,0,1,3,0,200224,0,2009,1282,US-75,SR-268,0000000,38.637925,-95.684825,2,1
20,75,8,31,14,48,2,3,0,0,3,3,0,12,3,2,1,1,2,65,1,1,2,1,20,3,1,1,0,0,14,48,15,5,16,57,0,0,0,0,1,2,0,200225,0,2009,868,SR-27,COUNTY RD 8,0000000,38.26305278,-101.9178472,2,1
20,155,9,5,4,9,1,2,0,0,16,6,0,33,0,2,3,2,4,30,1,1,2,1,2,3,3,1,0,0,4,10,4,16,4,37,0,0,0,0,1,7,0,200226,2660,2009,0,MAIN STREET,25TH AVE,0000000,38.08120278,-97.93195833,1,1
20,51,9,11,23,40,1,3,0,0,4,4,0,1,0,1,2,1,2,55,1,1,4,1,0,0,2,1,0,0,23,47,0,12,0,56,0,13,0,0,2,6,1,200227,0,2009,0,EMMERAM,99999999999999999999,0000000,38.958875,-99.07779722,1,1
20,45,9,13,19,50,1,1,0,0,15,6,0,33,0,1,3,2,2,30,1,1,2,1,20,3,5,1,0,0,20,3,20,12,20,45,0,0,0,0,1,1,1,200228,3010,2009,0,PRINCETON BLVD,99999999999999999999,0000000,38.98596667,-95.27661389,1,1
20,55,9,14,13,14,2,3,0,0,4,4,0,12,4,2,1,1,2,55,1,1,2,1,21,3,1,1,0,0,13,16,13,33,14,5,0,0,0,0,1,2,1,200229,0,2009,0,LEAR RD,LIGHTNER RD,0000000,37.75198611,-100.8170694,2,1
20,99,8,14,22,40,1,1,0,0,3,2,0,32,0,1,4,1,2,65,2,2,2,1,0,0,2,1,0,0,22,44,22,56,23,17,0,0,0,0,1,6,0,200231,0,2009,1123,US-166,99999999999999999999,0000000,37.048875,-95.51238889,1,1
20,99,8,30,2,15,1,1,0,0,4,4,0,38,0,1,4,1,2,55,1,1,2,1,0,0,2,1,0,0,2,18,2,27,2,43,0,0,0,0,1,1,0,200232,0,2009,0,NESS RD,99999999999999999999,0000000,37.26653889,-95.28545278,1,1
20,29,9,5,21,13,1,2,0,1,2,2,0,11,0,1,4,1,2,65,1,1,2,1,0,0,2,1,0,0,21,15,21,22,22,24,0,0,0,0,1,7,0,200233,0,2009,2610,US-24,99999999999999999999,0000000,39.36735,-97.41353889,1,1
20,191,9,25,22,41,2,2,0,1,2,2,0,12,8,1,1,1,2,65,1,1,1,1,0,0,2,1,0,0,22,42,23,3,0,46,0,0,0,0,1,6,0,200234,0,2009,91,US-166,99999999999999999999,0000000,37.05846389,-97.238275,2,1
20,139,9,20,14,42,3,9,0,0,3,2,0,12,1,1,1,1,2,60,1,2,2,1,0,0,1,1,0,0,14,44,14,50,15,59,0,14,0,0,1,1,0,200235,0,2009,3968,US-56,99999999999999999999,0000000,38.63859444,-95.76713611,3,1
20,191,9,26,17,48,1,2,0,0,6,6,0,1,0,1,1,1,2,55,1,1,5,5,0,0,1,1,0,0,18,6,18,30,19,24,0,0,0,0,1,7,0,200236,0,2009,0,200TH,99999999999999999999,0000000,38.99909167,-97.27234722,1,1
20,61,8,12,12,45,1,4,0,1,1,1,0,1,0,1,2,3,4,70,1,2,1,1,0,0,1,1,0,0,12,46,12,55,13,25,0,0,0,0,1,4,0,200237,0,2009,3026,I-70,99999999999999999999,0000000,39.00104444,-96.87023056,1,1
20,61,7,27,1,24,1,1,0,0,4,4,0,42,0,1,4,1,2,45,2,1,2,1,0,0,2,1,0,0,1,29,1,37,88,88,0,0,0,0,1,2,1,200238,0,2009,0,J HILL RD,I-70,0000000,39.02591944,-96.80036667,1,1
20,161,7,23,16,23,2,5,0,0,2,3,0,12,3,2,1,3,4,65,1,1,2,1,20,3,1,1,0,0,16,25,16,33,88,88,0,0,0,0,1,5,0,200239,0,2009,1861,SR-18,SCENIC DR,0000000,39.15162778,-96.64260833,2,1
20,103,6,16,21,47,2,2,0,0,3,2,0,12,2,1,1,1,2,65,1,1,2,1,0,0,2,1,0,1,21,47,21,53,23,10,0,0,0,0,1,3,0,200240,0,2009,4056,US-24,99999999999999999999,0000000,39.08417222,-95.09413611,2,1
20,143,9,13,19,45,1,3,0,0,6,6,0,1,0,1,4,1,2,55,1,1,4,1,40,3,5,1,0,0,19,52,20,7,20,40,0,0,0,0,1,1,1,200242,0,2009,0,170TH,99999999999999999999,0000000,39.30455,-97.61180833,1,1
20,191,6,3,23,38,1,2,0,0,3,2,0,11,0,1,1,1,2,65,1,1,2,1,0,0,2,1,0,0,23,38,23,48,0,19,0,0,0,0,1,4,1,200243,0,2009,456,US-81,99999999999999999999,0000000,37.47192778,-97.33277222,1,1
20,177,8,22,18,15,1,1,0,0,4,4,0,30,0,1,4,1,2,55,1,1,4,1,0,0,1,1,0,0,18,15,18,32,88,88,0,0,0,0,1,7,0,200244,0,2009,0,PAULEN,99999999999999999999,0000000,38.88501944,-95.59556111,1,1
20,13,6,21,8,41,1,3,1,0,2,2,0,9,0,1,2,1,2,65,2,1,1,1,0,0,1,1,0,0,8,44,8,50,88,88,0,0,0,0,1,1,0,200245,0,2009,926,US-73,99999999999999999999,0000000,39.98013333,-95.57528611,1,1
20,35,6,6,1,4,1,5,0,0,6,6,0,34,0,1,4,1,2,50,1,1,2,1,0,0,2,1,0,0,1,6,1,18,1,38,0,0,0,0,1,7,1,200246,0,2009,0,61ST,99999999999999999999,0000000,37.01345,-97.03991944,1,1
20,191,6,17,0,26,2,1,0,0,6,6,0,14,4,1,7,1,2,30,1,1,4,1,0,0,2,1,0,0,0,29,0,39,1,11,0,0,0,0,1,4,0,200247,0,2009,0,EASY,99999999999999999999,0000000,37.47581111,-97.30393333,1,1
20,35,8,8,16,1,1,1,0,0,6,6,0,1,0,1,2,1,2,45,2,1,2,1,28,3,1,1,0,0,16,1,16,3,16,17,0,0,0,0,1,7,0,200248,0,2009,0,101 STREET,99999999999999999999,0000000,37.26858889,-96.93443333,1,1
20,61,9,11,13,7,2,2,0,1,1,1,0,12,2,1,1,2,4,70,1,1,1,1,0,0,1,1,0,0,13,9,13,16,14,29,0,0,0,0,2,6,1,200250,0,2009,2995,I-70,99999999999999999999,0000000,39.02985278,-96.786375,2,1
20,91,8,19,22,7,1,3,1,1,1,1,0,8,0,10,1,3,6,65,1,1,1,1,0,0,2,1,0,0,22,10,22,15,88,88,0,0,0,0,1,4,1,200251,3080,2009,2248,I-35,87TH STREET,0000000,38.96875278,-94.72111667,1,1
20,15,9,30,20,52,1,1,0,0,2,2,0,42,0,1,4,1,2,60,2,1,2,1,0,0,2,1,0,0,20,55,21,1,88,88,0,0,0,0,1,4,1,200252,0,2009,2553,US-54,99999999999999999999,0000000,37.81683611,-96.838475,1,1
20,69,10,2,10,35,2,2,0,0,3,2,0,12,7,2,1,1,2,65,1,1,2,1,20,3,1,1,0,0,10,36,10,46,88,88,0,0,0,0,1,6,0,200253,0,2009,842,US-56,GRAY 3 RD,0000000,37.54661944,-100.6163111,2,1
20,203,10,3,21,49,1,3,1,0,4,4,0,8,0,1,1,1,2,55,1,1,2,1,0,0,2,1,0,0,21,49,22,8,22,22,0,0,0,0,1,7,1,200254,0,2009,0,ROAD A,99999999999999999999,0000000,38.70172222,-101.4707556,1,1
20,189,6,8,17,0,1,1,1,0,3,2,0,8,0,1,1,1,2,65,1,2,2,1,0,0,1,1,0,0,99,98,99,98,99,98,0,0,0,0,1,2,0,200255,0,2009,0,US-56,99999999999999999999,0000000,37.13835556,-101.5563306,1,1
20,45,6,24,5,40,1,1,0,0,2,3,0,30,0,1,4,2,4,45,1,1,2,1,0,0,4,1,0,0,5,40,5,45,6,12,0,0,0,0,1,4,0,200256,3010,2009,121,SR-10,99999999999999999999,0000000,38.94278889,-95.222025,1,1
20,173,8,21,22,0,2,5,0,0,16,6,0,12,4,8,1,1,2,30,1,1,1,1,0,0,3,1,0,0,22,22,22,26,88,88,0,0,0,0,1,6,0,200257,5880,2009,0,2200 N KANSAS,22ND,0000000,37.72480278,-97.31573611,2,1
20,37,9,12,23,3,1,1,0,1,13,2,0,42,0,1,4,1,2,30,1,2,2,1,0,0,3,1,0,0,23,3,23,8,23,48,0,0,0,0,1,7,1,200258,4460,2009,32,US-69,99999999999999999999,0000000,37.42716111,-94.70480833,1,1
20,173,9,18,6,18,1,1,0,0,14,6,0,11,0,1,1,1,2,40,1,1,2,1,0,0,2,1,0,0,6,21,6,25,6,44,0,0,0,0,1,6,1,200259,5880,2009,0,MAIZE,99999999999999999999,0000000,37.65729167,-97.46216389,1,1
20,145,9,19,17,30,2,2,0,0,6,6,0,12,4,2,1,1,2,55,1,1,8,1,20,3,1,1,0,0,17,35,17,48,20,43,0,0,0,0,1,7,0,200260,0,2009,0,COUNTY RD F,120TH RD,0000000,38.07404167,-99.11590556,2,1
20,173,9,25,19,0,3,5,0,0,4,6,0,12,2,1,1,2,4,40,1,1,2,2,0,0,5,2,0,0,19,0,19,7,19,45,0,0,0,0,1,6,0,200261,0,2009,0,21ST,99999999999999999999,0000000,37.72347778,-97.42186667,3,2
20,91,9,27,1,18,1,2,0,0,16,6,0,30,0,1,3,2,4,45,9,9,2,1,0,0,3,1,0,0,1,21,1,26,1,44,0,0,0,0,1,1,0,200262,4285,2009,0,METCALF,99999999999999999999,0000000,38.89296944,-94.668075,1,1
20,35,9,19,17,2,2,1,0,0,15,6,0,14,99,1,99,1,2,30,1,1,2,1,0,0,1,1,0,0,17,2,17,3,17,13,0,0,0,0,1,7,1,200263,5970,2009,0,10TH,99999999999999999999,0000000,37.23955278,-96.99185278,1,1
20,117,10,4,18,3,2,3,0,0,4,4,0,12,2,1,1,1,2,55,1,2,4,1,0,0,1,1,0,0,18,6,18,21,20,4,0,0,0,0,1,1,1,200264,0,2009,0,PHEASANT RD,99999999999999999999,0000000,39.769425,-96.52914167,2,1
20,209,10,4,2,46,3,7,0,0,14,6,0,12,3,2,1,2,4,30,1,1,2,1,2,3,3,1,0,0,2,49,2,51,3,6,0,0,0,0,2,1,3,200265,2820,2009,0,SOUTHWEST BLVD,7TH ST,0000000,39.05878333,-94.62738889,3,1
20,173,10,25,18,6,2,2,0,0,2,3,1,12,2,1,1,2,4,50,1,1,2,1,0,0,1,1,0,0,18,9,18,20,88,88,0,0,0,0,2,1,0,200266,0,2009,814,SR-42,99999999999999999999,0000000,37.60280833,-97.50263333,2,1
20,209,10,9,10,12,2,3,0,0,12,6,0,12,2,1,1,2,4,55,1,2,2,1,0,0,1,1,0,0,10,15,10,20,10,36,0,0,0,0,1,6,0,200267,2820,2009,0,TURNER DIAGONAL,99999999999999999999,0000000,37.80483333,-97.33586389,2,1
20,129,10,8,15,20,2,2,0,0,6,4,0,12,4,2,1,1,2,55,1,1,8,2,0,0,1,2,0,0,15,26,15,34,15,57,0,0,0,0,1,5,0,200268,0,2009,0,COUNTY RD R,COUNTY RD 7,0000000,37.03976389,-101.9357,2,2
20,45,10,11,19,0,1,1,0,0,4,4,0,36,0,1,4,1,2,55,1,2,2,1,0,0,2,1,0,0,19,22,19,30,20,32,0,0,0,0,1,1,0,200269,0,2009,0,CR 460,99999999999999999999,0000000,38.82633611,-95.22966389,1,1
20,121,10,25,9,51,1,1,0,0,3,3,0,1,0,1,4,1,2,65,1,1,2,1,0,0,1,1,0,0,9,52,10,0,10,50,0,0,0,0,1,1,0,200270,0,2009,535,SR-68,99999999999999999999,0000000,38.6217,-94.76008333,1,1
20,79,10,9,23,7,1,1,0,0,13,3,0,30,0,1,4,1,4,30,1,1,1,1,0,0,3,1,0,0,23,11,23,16,23,34,0,0,0,0,1,6,0,200271,4000,2009,1031,SR-15,99999999999999999999,0000000,38.04045278,-97.34590556,1,1
20,11,10,11,20,24,2,6,0,1,2,2,0,12,4,1,1,1,2,65,1,1,1,1,0,0,2,1,0,0,20,27,20,37,21,14,0,0,0,0,1,1,0,200272,0,2009,569,US-69,99999999999999999999,0000000,37.70840556,-94.70480833,2,1
20,181,10,12,4,36,1,2,0,1,1,1,0,1,0,1,4,2,4,70,1,1,2,2,0,0,3,2,0,0,4,38,4,54,5,44,0,0,0,0,1,2,0,200273,0,2009,15,I-70,99999999999999999999,0000000,39.33031389,-102.0231639,1,2
20,131,10,15,18,0,1,1,0,0,6,6,0,37,0,1,4,1,2,55,1,2,5,5,0,0,2,1,0,0,99,99,99,99,88,88,0,0,0,0,1,5,0,200274,0,2009,0,8TH,99999999999999999999,0000000,39.58042222,-95.82035,1,1
20,175,10,31,7,45,1,1,0,0,16,6,0,34,0,1,4,1,2,30,1,1,5,1,0,0,2,1,0,0,7,45,7,49,88,88,0,0,0,0,1,7,1,200275,3160,2009,0,15TH STREET,99999999999999999999,0000000,37.05449167,-100.9465889,1,1
20,37,10,11,16,50,1,3,0,0,6,6,8,10,0,6,1,1,2,30,1,2,4,1,60,3,1,1,0,0,16,50,16,52,99,99,0,0,0,0,1,1,0,200276,0,2009,0,NORTH STREET,150TH STREET,669866M,37.52123056,-94.83608611,1,1
20,13,10,22,0,32,2,3,0,1,2,2,0,12,2,2,1,1,2,65,1,1,2,2,0,0,2,2,0,0,0,36,0,46,1,3,0,0,0,0,1,5,1,200277,0,2009,216,US-75,US-36,0000000,39.84511944,-95.74001389,2,2
20,155,10,22,15,7,1,1,0,1,13,2,0,1,0,1,3,2,4,45,2,1,2,1,4,3,1,6,0,0,15,10,15,16,16,19,0,0,0,0,1,5,0,200278,2660,2009,2425,US-50,99999999999999999999,0000000,38.03024444,-97.90603611,1,6
20,173,10,17,22,25,1,1,0,1,2,3,0,1,0,1,3,2,4,60,2,1,2,1,0,0,2,1,0,0,22,27,22,31,22,50,0,0,0,0,1,7,1,200279,0,2009,7,SR-254,99999999999999999999,0000000,37.76644167,-97.31225833,1,1
20,41,10,12,12,30,2,2,0,1,1,1,0,12,4,1,1,2,4,70,1,1,1,1,0,0,1,1,0,0,12,35,12,42,13,8,0,0,0,0,1,2,0,200280,0,2009,2797,I-70,99999999999999999999,0000000,38.95073056,-97.13167222,2,1
20,169,11,4,15,46,2,3,0,1,1,1,0,12,7,1,1,2,4,70,1,2,1,1,0,0,1,1,0,0,15,46,15,53,16,18,0,0,0,0,1,4,0,200282,4900,2009,888,I-135,99999999999999999999,0000000,38.78105278,-97.61704444,2,1
20,71,11,10,19,21,3,2,1,0,4,4,0,8,0,1,1,1,2,55,1,1,8,1,0,0,3,1,0,0,19,30,19,57,20,16,0,0,0,0,1,3,0,200283,0,2009,0,COUNTY RD D,99999999999999999999,0000000,38.65548889,-101.8326194,1,1
20,173,11,4,0,49,2,5,0,0,3,2,0,12,4,2,1,1,2,45,1,1,1,1,3,3,3,1,0,0,0,49,0,53,99,99,0,0,0,0,2,4,1,200284,0,2009,0,US-81,E 63RD ST,0000000,37.57914167,-97.33406111,2,1
20,179,11,5,20,20,1,1,0,0,3,3,0,1,0,1,1,1,2,65,1,1,2,1,0,0,2,1,0,0,20,29,20,42,88,88,0,0,0,0,1,5,1,200285,0,2009,1734,SR-23,99999999999999999999,0000000,39.26522222,-100.4438778,1,1
20,111,11,1,99,99,1,1,0,0,3,3,0,27,0,1,4,1,2,55,2,2,2,1,0,0,1,1,0,0,88,88,88,88,88,88,0,0,0,0,1,1,0,200286,0,2009,1083,SR-99,99999999999999999999,0000000,38.44404444,-96.17079722,1,1
20,185,11,27,13,5,2,2,0,1,2,2,0,12,2,1,1,1,2,65,1,1,2,1,0,0,1,1,0,0,13,9,13,17,13,33,0,0,0,0,1,6,0,200287,0,2009,2014,US-50,99999999999999999999,0000000,37.95773333,-98.61808889,2,1
20,185,11,4,16,9,1,2,1,0,5,4,0,9,0,1,1,1,2,55,1,1,2,1,0,0,1,1,0,0,88,88,88,88,88,88,0,0,0,0,1,4,0,200288,0,2009,0,OLD HWY 50,99999999999999999999,0000000,37.96260556,-98.61499722,1,1
20,91,11,25,17,18,3,4,0,0,15,6,0,12,4,12,1,2,4,45,1,2,2,1,0,0,5,1,0,0,17,19,17,22,17,42,0,0,0,0,1,4,0,200289,4140,2009,0,BLACK BOB RD,W 135TH,0000000,38.88401667,-94.76128611,3,1
20,45,11,27,19,50,2,6,0,0,15,6,0,12,2,1,1,1,2,30,1,1,2,1,0,0,3,1,0,0,19,51,19,57,20,50,0,0,0,0,1,6,1,200290,3010,2009,0,W 27TH,99999999999999999999,0000000,38.93531111,-95.24906111,2,1
20,5,7,12,20,37,1,1,0,0,6,6,0,32,0,1,4,1,2,55,1,2,2,1,0,0,5,1,0,0,20,39,20,44,88,88,0,0,0,0,1,1,0,200291,0,2009,0,EDWARDS RD,99999999999999999999,0000000,39.44819167,-95.40407222,1,1
20,91,9,12,3,7,2,2,0,1,2,3,0,12,2,1,1,2,4,70,1,2,2,1,0,0,2,5,0,0,88,88,88,88,88,88,0,0,0,0,2,7,2,200292,0,2009,0,SR-10,99999999999999999999,0000000,38.95567222,-95.02641667,2,5
20,167,10,5,18,53,1,1,0,0,6,4,0,27,0,1,4,1,2,60,2,1,2,2,0,0,5,2,6,0,18,55,19,11,19,49,0,0,0,0,1,2,1,200293,0,2009,0,OLD HWY 40,99999999999999999999,0000000,38.88622222,-98.62804444,1,2
20,133,10,9,8,20,3,3,0,1,2,2,0,12,4,1,1,1,2,65,1,1,1,1,0,0,1,1,0,0,8,33,8,41,9,45,0,0,0,0,1,6,0,200294,0,2009,485,US-169,99999999999999999999,0000000,37.64815,-95.47986111,3,1
20,11,12,7,17,50,2,4,0,0,4,3,0,12,2,1,1,1,2,60,1,1,2,1,0,0,2,1,0,0,19,33,20,20,21,0,0,0,0,0,1,2,0,200295,0,2009,837,SR-7,99999999999999999999,0000000,38.03457222,-94.80600278,2,1
20,173,9,12,19,46,2,2,0,0,14,6,0,12,4,2,1,1,2,40,1,1,1,1,2,3,3,1,0,0,19,49,19,54,20,11,0,0,0,0,1,7,1,200296,5880,2009,0,S SENECA ST,W MACARTHUR RD,0000000,37.62259444,-97.3526,2,1
20,173,9,24,3,30,1,1,0,0,16,6,0,33,0,1,4,1,2,30,2,1,1,1,0,0,2,1,0,0,99,99,3,37,88,88,0,0,0,0,1,5,1,200297,5880,2009,0,W 12TH STREET,99999999999999999999,0000000,37.70646944,-97.45104722,1,1
20,173,10,22,7,35,2,5,0,0,14,6,0,12,4,10,1,2,4,30,1,2,1,2,2,3,1,2,0,0,7,36,7,46,99,99,0,0,0,0,2,5,0,200298,5880,2009,0,E LINCOLN ST,I-135,0000000,37.67186389,-97.31268889,2,2
20,173,10,26,2,31,1,1,0,0,14,6,0,33,0,1,4,1,2,40,1,1,2,2,0,0,3,1,0,0,2,36,2,41,88,88,0,0,0,0,1,2,1,200299,5880,2009,0,N BROADWAY,99999999999999999999,0000000,37.72965556,-97.33620556,1,1
20,91,11,7,17,7,2,2,0,1,2,3,0,33,0,1,4,2,4,60,1,2,2,1,0,0,5,1,0,0,17,8,17,16,17,40,0,0,0,0,1,7,1,200300,5090,2009,1600,SR-7,99999999999999999999,0000000,38.99277222,-94.85303889,2,1
20,3,11,13,20,27,1,2,0,0,6,4,0,1,0,1,1,1,2,55,2,2,4,1,0,0,2,1,0,0,20,27,20,48,22,10,0,0,0,0,1,6,1,200301,0,2009,0,E 2100,99999999999999999999,0000000,38.33223056,-95.09834167,1,1
20,131,11,26,3,20,1,1,0,0,4,4,0,37,0,1,4,1,2,55,1,1,4,1,0,0,2,1,0,0,88,88,88,88,88,88,0,0,0,0,1,5,1,200302,0,2009,0,200TH RD,99999999999999999999,0000000,39.91421389,-95.94291667,1,1
20,93,11,30,7,22,1,1,0,0,3,3,0,1,0,1,4,1,2,65,2,1,2,1,0,0,4,1,0,0,7,22,7,32,7,55,0,0,0,0,1,2,0,200303,0,2009,700,SR-25,MM-71,0000000,37.88406667,-101.2568667,1,1
20,121,12,17,1,33,1,3,0,0,4,4,0,34,0,1,4,1,2,55,1,2,4,1,0,0,2,1,0,0,1,39,2,9,2,35,0,0,0,0,2,5,1,200304,0,2009,0,OSWATOMIE RD,99999999999999999999,0000000,38.60613889,-94.93749722,1,1
20,181,12,22,20,32,1,1,0,1,1,1,0,1,0,1,4,2,4,70,1,1,1,4,0,0,2,3,0,0,20,33,20,44,21,5,0,0,0,0,1,3,0,200305,0,2009,200,I-70,99999999999999999999,0000000,39.33038056,-101.6818139,1,3
20,181,12,23,10,23,2,6,0,1,1,1,0,12,2,1,4,2,4,70,1,2,2,4,0,0,1,3,0,0,14,24,14,37,14,47,0,0,0,0,1,4,0,200306,0,2009,210,I-70,99999999999999999999,0000000,39.33018056,-101.6482556,2,3