STATE,COUNTY,MONTH,DAY,HOUR,MINUTE,VE_TOTAL,PERSONS,PEDS,NHS,ROAD_FNC,ROUTE,SP_JUR,HARM_EV,MAN_COLL,REL_JUNC,REL_ROAD,TRAF_FLO,NO_LANES,SP_LIMIT,ALIGNMNT,PROFILE,PAVE_TYP,SUR_COND,TRA_CONT,T_CONT_F,LGT_COND,WEATHER1,WEATHER2,WRK_ZONE,NOT_HOUR,NOT_MIN,ARR_HOUR,ARR_MIN,HOSP_HR,HOSP_MN,SCH_BUS,CF1,CF2,CF3,FATALS,DAY_WEEK,DRUNK_DR,ST_CASE,CITY,YEAR,MILEPT,TWAY_ID,TWAY_ID2,RAIL,LATITUDE,LONGITUD,VE_FORMS,WEATHER
20,167,12,23,0,50,1,2,0,1,1,1,0,43,0,1,4,2,4,70,1,3,2,4,0,0,2,3,0,0,0,52,1,39,2,6,0,0,0,0,1,4,0,200307,0,2009,1995,I-70,99999999999999999999,0000000,38.85735556,-98.58452778,1,3
20,163,11,10,17,40,1,1,0,0,4,4,0,1,0,1,4,1,2,55,1,1,4,1,0,0,5,1,0,0,17,52,18,13,88,88,0,0,0,0,1,3,1,200308,0,2009,0,COUNTY RD 2,99999999999999999999,0000000,39.21935278,-99.58745833,1,1
20,45,11,6,17,35,2,3,0,1,2,3,0,12,4,10,1,2,2,65,1,1,2,1,20,3,5,1,0,0,17,39,17,46,18,5,0,0,0,0,1,6,0,200309,0,2009,0,SR-10,I-70,0000000,38.99824167,-95.34381944,2,1
20,15,6,9,23,38,1,1,0,0,16,6,0,1,0,1,1,1,2,99,1,1,2,1,0,0,3,1,0,0,23,45,23,53,0,13,0,0,0,0,1,3,0,200310,173,2009,0,THOMAS LN,99999999999999999999,0000000,37.68776111,-97.13193056,1,1
20,165,12,11,11,3,2,3,0,0,4,3,0,12,4,2,1,1,2,55,1,1,2,1,20,3,1,1,0,0,99,99,99,99,99,99,0,0,0,0,1,6,0,200311,0,2009,798,SR-4,COUNTY RD 120,0000000,38.55326667,-99.531325,2,1
20,87,12,31,12,20,1,1,0,0,3,2,0,37,0,1,4,1,2,65,1,1,2,1,0,0,1,1,0,0,12,20,12,48,13,33,0,0,0,0,1,5,0,200312,0,2009,1672,US-59,99999999999999999999,0000000,39.07517778,-95.33120278,1,1
20,57,11,19,21,57,1,2,1,0,13,6,0,8,0,1,1,1,2,45,1,1,1,1,0,0,2,1,0,0,21,57,22,2,22,15,0,0,0,0,1,5,0,200313,0,2009,0,TRAIL,99999999999999999999,0000000,37.74737222,-99.98906111,1,1
20,189,12,7,17,55,1,4,0,0,3,3,0,1,0,1,4,1,2,65,1,1,2,1,0,0,2,1,0,0,17,59,18,8,18,36,0,0,0,0,1,2,0,200314,0,2009,623,SR-51,99999999999999999999,0000000,37.13507222,-101.5702333,1,1
20,91,12,8,9,35,1,2,0,0,12,6,0,1,0,1,4,1,2,55,1,1,2,4,0,0,1,3,0,0,9,36,9,44,10,20,0,0,0,0,1,3,0,200315,5090,2009,0,SHAWNEE MISSION,99999999999999999999,0000000,39.01078056,-94.78274444,1,3
20,35,12,12,14,47,2,2,0,0,13,2,0,12,4,3,1,2,4,70,1,2,2,1,20,3,1,1,0,0,14,50,14,54,15,6,0,0,0,0,1,7,0,200316,0,2009,0,US-77,306TH,0000000,37.03469444,-97.03983333,2,1
20,51,12,17,16,2,2,2,0,0,4,4,0,12,4,2,1,1,2,55,1,1,4,2,99,1,1,1,0,0,16,6,16,13,16,42,0,0,0,0,1,5,2,200317,0,2009,0,HOPEWELL,100TH,0000000,38.97435833,-99.59106389,2,1
20,27,10,13,22,0,1,1,0,0,4,6,0,21,0,1,4,1,2,55,1,1,2,9,0,0,2,9,0,0,88,88,88,88,88,88,0,0,0,0,1,3,0,200318,0,2009,0,FRONTIER,99999999999999999999,0000000,39.42134167,-97.27844167,1,9
20,91,11,2,19,20,2,1,0,0,13,6,0,14,1,1,7,1,2,55,2,2,1,1,50,3,3,1,0,0,19,20,19,30,19,50,0,0,0,0,1,2,1,200319,4285,2009,0,BLUE VALLEY RD,99999999999999999999,0000000,38.90031944,-94.67631389,2,1
20,3,11,13,17,58,2,3,0,0,4,4,0,12,4,2,1,1,2,55,1,1,4,1,0,0,2,1,0,0,99,99,99,99,99,99,0,0,0,0,1,6,0,200320,0,2009,0,2500,MEADE,0000000,38.389975,-95.17645,2,1
20,165,11,23,8,25,2,2,0,1,2,2,0,12,2,1,1,1,2,65,1,1,2,2,0,0,1,5,0,0,8,29,8,42,9,11,0,0,0,0,1,2,0,200321,0,2009,1402,US-183,99999999999999999999,0000000,38.67907778,-99.32327222,2,5
20,133,11,28,6,15,1,1,0,0,4,5,0,34,0,1,4,1,2,55,1,3,2,1,0,0,4,1,0,0,88,88,88,88,88,88,0,0,0,0,1,7,1,200322,0,2009,0,QUEENS,99999999999999999999,0000000,37.48439444,-95.21541667,1,1
20,21,11,30,16,48,3,3,0,1,2,2,0,12,2,1,1,1,2,65,1,1,2,1,0,0,1,1,0,0,17,12,17,45,18,2,0,0,0,0,2,2,0,200323,0,2009,4185,US-400,99999999999999999999,0000000,37.02407222,-94.66918889,3,1
20,25,12,6,10,57,1,5,0,0,3,2,0,1,0,1,4,1,2,65,2,1,2,4,0,0,1,3,0,0,11,2,11,11,11,37,0,0,0,0,1,1,0,200324,0,2009,278,US-283,99999999999999999999,0000000,37.38925556,-100.0119778,1,3
20,67,12,6,9,15,1,5,0,0,3,3,0,1,0,1,4,1,2,65,1,1,2,4,0,0,1,3,0,0,9,15,9,25,9,30,0,0,0,0,2,1,0,200325,0,2009,372,SR-25,99999999999999999999,0000000,37.43343056,-101.3406361,1,3
20,173,12,6,7,10,1,1,0,0,16,5,0,33,0,1,4,1,4,35,2,1,2,1,0,0,2,1,0,0,99,99,99,99,88,88,0,0,0,0,1,1,1,200326,5880,2009,0,LINCOLN,99999999999999999999,0000000,37.672,-97.30650833,1,1
20,53,12,6,16,36,2,3,0,1,1,1,0,12,3,1,1,2,4,70,1,1,2,4,0,0,1,3,0,0,16,41,16,50,17,41,0,0,0,0,1,1,0,200327,0,2009,2090,I-70,99999999999999999999,0000000,38.84986944,-98.41381111,2,3
20,155,12,9,16,45,2,3,0,1,2,3,0,12,2,1,1,1,2,65,1,1,2,1,0,0,1,1,0,0,17,6,17,36,18,15,0,0,0,0,1,4,0,200328,0,2009,2338,SR-96,99999999999999999999,0000000,38.13658056,-98.06756944,2,1
20,133,12,13,16,35,1,7,0,0,6,6,0,32,0,1,4,1,2,55,1,1,4,2,9,9,1,1,0,0,16,59,17,9,18,58,0,0,0,0,1,1,1,200329,0,2009,0,MEADE,99999999999999999999,0000000,37.53151111,-95.30845556,1,1
20,173,12,13,21,0,2,2,0,0,14,6,0,12,2,2,1,1,4,40,1,1,1,1,20,3,2,1,0,0,21,1,21,7,21,24,0,0,0,0,1,1,1,200330,5880,2009,0,HYDRAULIC,EL MONTE,0000000,37.63156667,-97.317325,2,1
20,11,12,15,23,27,1,3,0,1,2,2,0,34,0,1,4,1,2,65,1,2,2,1,0,0,2,1,0,0,7,32,7,51,8,23,0,0,0,0,1,3,0,200331,0,2009,3633,US-54,99999999999999999999,0000000,37.86625833,-94.89772222,1,1
20,21,12,17,18,45,2,3,0,1,2,2,0,12,2,1,1,1,2,65,1,1,2,1,0,0,2,1,0,0,18,52,18,54,20,1,0,0,0,0,2,5,0,200332,0,2009,300,US-69,99999999999999999999,0000000,37.33911389,-94.70549722,2,1
20,209,12,19,1,6,1,3,0,1,1,1,0,25,0,1,3,3,6,65,1,1,2,1,0,0,3,1,0,0,1,7,1,55,2,22,0,0,0,0,1,7,1,200333,2820,2009,78,I-635,99999999999999999999,0000000,39.14670278,-94.65803056,1,1
20,93,12,20,14,40,2,7,0,1,2,2,0,12,1,3,1,1,2,65,1,1,2,1,0,0,1,1,0,0,14,57,15,11,15,38,0,0,0,0,1,1,0,200334,0,2009,489,US-50,SR-25,0000000,37.97424444,-101.1767,2,1
20,179,12,21,18,25,2,3,0,0,3,3,0,12,2,1,1,1,2,65,1,2,2,1,0,0,2,1,0,0,18,28,18,50,20,15,0,0,0,0,1,2,0,200335,0,2009,1655,SR-23,99999999999999999999,0000000,39.40350556,-100.442075,2,1
20,193,12,22,20,45,2,3,0,1,1,1,0,12,4,1,1,2,4,70,2,1,2,4,0,0,2,5,3,0,20,52,20,57,21,15,0,0,0,0,2,3,0,200336,1060,2009,547,I-70,99999999999999999999,0000000,39.36502778,-101.0421194,2,3
20,11,12,22,7,41,1,1,0,0,5,4,0,32,0,1,4,1,2,55,1,1,4,1,0,0,1,1,0,0,7,44,8,7,88,88,0,0,0,0,1,3,0,200337,0,2009,0,HACKBERRY,99999999999999999999,0000000,37.77722778,-94.89681111,1,1
20,95,12,22,17,3,1,1,0,0,6,5,0,1,0,1,2,1,2,55,1,1,5,1,0,0,1,1,0,0,17,8,17,26,18,0,0,0,0,0,1,3,0,200338,0,2009,0,20 STREET,99999999999999999999,0000000,37.67648333,-97.85144722,1,1
20,55,12,23,8,30,1,3,0,1,2,2,0,1,0,1,5,1,2,65,1,1,2,4,0,0,1,4,0,0,8,31,8,40,9,13,0,0,0,0,1,4,0,200339,0,2009,835,US-83,99999999999999999999,0000000,37.84666389,-100.8764639,1,4
20,135,12,27,8,30,1,1,0,0,6,4,0,42,0,1,4,1,2,55,1,1,4,4,0,0,9,1,0,0,8,38,9,1,88,88,0,0,0,0,1,1,1,200340,0,2009,0,220 RD,99999999999999999999,0000000,38.59755278,-99.78744444,1,1
20,73,12,16,18,30,1,1,0,0,6,4,0,23,0,1,4,1,2,20,2,2,4,1,0,0,2,1,0,0,18,35,18,49,19,19,0,0,0,0,1,4,0,200341,0,2009,0,LAKE RD,99999999999999999999,0000000,37.89151944,-96.29636667,1,1
20,91,9,26,15,9,2,4,0,1,1,1,0,12,99,1,1,3,6,65,1,1,1,1,0,0,1,1,0,0,15,9,15,20,15,51,0,0,0,0,1,7,0,200342,3080,2009,83,I-435,99999999999999999999,0000000,38.94325556,-94.76420278,2,1
20,115,9,30,20,11,1,2,1,0,4,4,0,8,0,2,1,1,2,55,1,1,2,1,20,3,2,1,0,0,20,13,20,19,88,88,0,0,0,0,1,4,0,200343,0,2009,0,NIGHTHAWK,100TH,0000000,38.21815556,-97.11596389,1,1
20,57,10,4,2,33,1,2,0,0,4,4,0,1,0,1,1,1,2,55,1,1,2,1,0,0,2,1,0,0,2,33,2,50,3,18,0,0,0,0,1,1,1,200344,0,2009,0,GARNETT,99999999999999999999,0000000,37.82748056,-100.2220917,1,1
20,17,10,4,21,18,2,2,0,1,2,2,0,12,2,1,1,1,2,55,2,1,1,1,0,0,2,1,0,0,21,27,21,42,22,0,0,0,0,0,1,1,1,200345,0,2009,3367,US-50,99999999999999999999,0000000,38.40531111,-96.38932222,2,1
20,191,10,3,23,52,2,7,0,0,4,4,0,12,4,2,1,1,2,55,1,1,2,1,21,3,2,1,0,0,23,52,0,4,0,41,0,0,0,0,1,7,1,200346,0,2009,0,OLIVER,40TH,0000000,37.23278889,-97.27706944,2,1
20,45,10,16,2,18,1,4,1,0,14,6,0,9,0,1,1,1,2,30,1,1,2,1,0,0,2,1,0,0,2,33,2,48,3,21,0,0,0,0,1,6,0,200347,3010,2009,0,TENNESSEE,99999999999999999999,0000000,38.96528056,-95.23970556,1,1
20,87,10,27,11,55,1,1,0,1,2,2,0,52,0,1,4,1,2,55,1,1,1,1,0,0,1,1,0,0,11,58,12,6,88,88,0,0,0,0,1,3,0,200348,0,2009,3858,US-24,99999999999999999999,0000000,39.06698056,-95.33557778,1,1
20,15,11,4,14,35,2,2,0,1,2,2,0,12,1,1,1,2,4,65,1,1,2,1,0,0,1,1,0,0,14,37,14,42,15,4,0,0,0,0,1,4,0,200349,0,2009,2287,US-54,99999999999999999999,0000000,37.67994722,-97.10077222,2,1
20,193,11,12,17,1,2,2,0,0,4,4,0,49,0,1,1,1,2,55,1,1,2,1,0,0,1,1,0,0,17,4,17,14,17,48,0,0,0,0,1,5,0,200350,0,2009,0,COUNTY RD 27,99999999999999999999,0000000,39.42339722,-100.9069361,2,1
20,177,11,26,2,14,1,4,0,0,14,6,0,1,0,2,4,1,2,40,1,1,1,1,2,3,3,1,0,0,2,16,2,18,2,39,0,0,0,0,1,5,1,200351,5400,2009,0,TOPEKA BLVD,MORSE ST,0000000,39.07237778,-95.67117778,1,1
20,15,11,28,22,0,2,2,0,1,2,2,0,22,0,1,4,2,4,65,1,1,1,1,0,0,2,1,0,0,22,1,22,7,22,43,0,0,0,0,1,7,0,200352,0,2009,2349,US-54,99999999999999999999,0000000,37.68001667,-96.99554444,2,1
20,191,12,17,14,15,1,2,0,0,3,3,0,1,0,1,4,1,2,65,2,9,2,1,0,0,1,1,0,0,14,26,14,49,15,44,0,0,0,0,2,5,0,200353,0,2009,588,SR-42,99999999999999999999,0000000,37.47104444,-97.69935556,1,1
20,95,12,30,11,5,2,3,0,1,2,2,0,12,3,2,1,1,2,65,1,2,2,2,0,0,1,5,0,0,11,8,11,14,12,45,0,0,0,0,1,4,0,200354,0,2009,1685,US-54,SR-14,0000000,37.64658611,-98.11348889,2,5
20,97,7,27,9,43,2,8,0,1,2,2,0,12,1,1,1,1,2,65,1,1,2,1,0,0,1,1,0,0,9,44,9,47,11,41,0,0,0,0,1,2,0,200355,2190,2009,1062,US-54,99999999999999999999,0000000,37.60634444,-99.32146944,2,1
20,79,11,5,22,41,1,2,1,0,4,4,0,8,0,1,1,1,2,55,1,2,2,1,0,0,2,1,0,0,22,43,22,48,88,88,0,0,0,0,1,5,0,200356,0,2009,0,S KANSAS,99999999999999999999,0000000,37.93038889,-97.33749444,1,1
20,91,2,7,2,50,2,4,1,0,13,2,0,8,0,2,1,3,4,45,1,1,1,1,0,0,3,1,0,0,2,51,2,55,99,99,0,0,0,0,1,7,1,200357,3645,2009,4664,US-56,I-35,0000000,39.01558333,-94.69231944,2,1
20,3,8,14,1,3,1,1,0,0,4,4,0,18,0,1,1,1,2,55,1,1,2,1,0,0,2,1,0,0,1,11,99,97,99,97,0,0,0,0,1,6,1,200358,0,2009,0,COLONY RD,99999999999999999999,0000000,38.09079722,-95.36235833,1,1
20,105,7,1,19,30,1,3,0,0,4,4,0,23,0,1,4,1,2,55,2,1,4,1,0,0,1,1,0,0,20,6,20,34,21,28,0,0,0,0,1,4,0,200359,0,2009,0,E UNION DR,99999999999999999999,0000000,39.16154444,-98.35467222,1,1
21,107,1,2,2,5,1,1,0,0,6,3,0,35,0,1,4,1,2,55,1,3,2,1,0,0,2,1,0,0,2,7,2,19,2,45,0,0,0,0,1,6,1,210001,0,2009,39,SR-281,99999999999999999999,0000000,37.40016389,-87.45559167,1,1
21,93,1,3,23,40,1,2,0,1,2,3,0,29,0,13,2,6,1,45,2,2,2,2,40,3,3,1,0,0,23,44,23,52,0,15,0,0,0,0,1,7,0,210002,1000,2009,1,SR-9002 BG PKWAY,00,0000000,37.70334722,-85.82776944,1,1
21,221,1,4,20,10,2,2,0,0,5,3,0,12,2,1,1,1,2,45,2,1,2,2,0,0,2,8,0,0,20,18,20,24,21,7,0,0,0,0,1,1,0,210003,0,2009,7,SR-274,99999999999999999999,0000000,36.85064167,-87.85002778,2,8
21,71,1,6,15,28,3,6,0,1,2,2,0,12,5,2,1,1,4,55,2,2,2,2,20,3,1,2,0,0,99,99,99,99,99,99,0,0,0,0,1,3,1,210004,2670,2009,134,US-23,SR-3384,0000000,37.64175278,-82.758475,3,2
21,97,1,6,8,18,2,2,0,0,4,2,0,12,4,1,1,1,2,55,2,1,2,2,0,0,1,2,0,0,8,21,8,32,8,56,0,0,0,0,1,3,0,210005,0,2009,187,US-62,99999999999999999999,0000000,38.48352778,-84.21612778,2,2
21,107,1,2,1,0,1,2,1,0,5,3,0,8,0,1,1,1,2,55,2,2,2,1,0,0,2,1,0,0,1,0,1,15,1,34,0,0,0,0,1,6,0,210006,0,2009,33,SR-1034,99999999999999999999,0000000,37.35385278,-87.65098611,1,1
21,7,1,6,8,20,1,2,0,0,5,3,0,42,0,1,4,1,2,55,1,2,2,2,0,0,1,2,0,0,8,29,8,36,88,88,0,0,0,0,2,3,0,210007,0,2009,40,SR-1290,99999999999999999999,0000000,36.98339167,-89.04865278,1,2
21,87,1,6,17,53,1,4,1,0,3,2,0,8,0,1,1,1,2,35,2,2,2,2,0,0,3,2,0,0,17,57,18,0,18,2,0,0,0,0,1,3,0,210008,1340,2009,133,US-68,99999999999999999999,0000000,37.25011111,-85.50187222,1,2
21,225,1,9,5,36,1,1,0,0,3,2,0,35,0,3,4,1,2,55,1,1,2,1,20,3,3,1,0,0,5,46,5,53,88,88,0,0,0,0,1,6,0,210009,2280,2009,180,US-60,US-60B,0000000,37.69193611,-87.88817778,1,1
21,125,1,9,14,20,3,5,0,1,2,3,0,12,5,10,1,5,2,55,2,3,2,1,20,3,1,1,0,0,14,27,14,44,14,54,0,0,0,0,1,6,0,210010,2040,2009,38,SR-9006 HAL ROG PKW,SR-192,0000000,37.12274444,-84.04291111,3,1
21,1,1,9,22,15,1,1,0,0,4,3,0,37,0,1,4,1,2,55,1,1,2,1,0,0,2,1,0,0,22,27,22,28,23,6,0,0,0,0,1,6,0,210011,0,2009,63,SR-80,99999999999999999999,0000000,37.07010833,-85.41664167,1,1
21,111,1,7,17,47,2,4,0,0,14,3,0,12,2,1,1,1,2,35,2,2,2,2,40,3,2,1,0,0,17,48,17,58,18,25,0,0,0,0,1,4,0,210012,2090,2009,14,SR-22,99999999999999999999,0000000,38.29667222,-85.60066111,2,1
21,185,1,10,17,20,3,6,0,0,14,3,0,12,2,1,1,1,2,35,2,2,2,2,40,3,2,1,0,0,17,20,17,24,18,20,0,0,0,0,1,7,0,210013,0,2009,44,SR-22,99999999999999999999,0000000,38.32844444,-85.45009444,3,1
21,89,1,10,0,59,1,2,0,1,2,2,0,30,0,1,4,1,2,55,1,1,2,1,0,0,3,1,0,0,1,0,1,12,1,45,0,0,0,0,1,7,1,210014,3135,2009,256,US-23,99999999999999999999,0000000,38.72820833,-82.93343056,1,1
21,111,1,11,2,40,1,2,0,0,16,6,0,31,0,1,4,1,2,35,2,1,2,1,40,3,2,1,0,0,2,46,2,48,3,32,0,0,0,0,1,1,1,210015,2090,2009,2,OLD OUTER LOOP,99999999999999999999,0000000,38.13590556,-85.69636389,1,1
21,233,1,12,9,58,3,5,0,0,4,3,0,12,2,1,1,1,2,35,1,1,2,1,0,0,1,1,0,0,9,58,10,0,10,43,0,0,0,0,1,2,0,210016,2700,2009,56,SR-120,99999999999999999999,0000000,37.40003611,-87.75635833,3,1
21,211,1,12,8,51,2,3,0,1,1,1,0,12,1,1,1,2,2,70,1,1,2,1,0,0,1,1,0,0,99,99,99,99,99,99,0,0,0,0,1,2,0,210017,0,2009,240,I-64,99999999999999999999,0000000,38.21666667,-85.4,2,1
21,195,1,13,13,0,1,1,0,0,5,3,0,34,0,1,4,1,2,55,2,2,2,2,0,0,1,2,0,0,99,99,99,99,88,88,0,0,0,0,1,3,0,210018,1445,2009,7,SR-468,99999999999999999999,0000000,37.61705278,-82.35003889,1,2
21,227,1,13,18,56,1,1,0,0,6,4,0,10,0,6,1,1,2,35,1,2,2,1,61,3,2,1,0,0,18,57,19,1,19,26,0,0,0,0,1,3,0,210019,0,2009,1,MEMPHIS JCT RD,00,343731D,36.94170278,-86.48838889,1,1
21,229,1,13,22,4,2,2,0,1,2,3,0,12,2,1,1,1,2,55,1,2,2,1,0,0,2,1,0,0,22,4,22,12,22,37,0,0,0,0,2,3,0,210020,3160,2009,19,SR-555,99999999999999999999,0000000,37.70959444,-85.20021944,2,1
21,111,1,14,14,51,1,1,0,0,14,3,0,30,0,1,4,1,4,35,1,1,2,1,0,0,1,1,0,0,14,51,14,57,88,88,0,0,0,0,1,4,0,210021,2090,2009,104,SR-1931,99999999999999999999,0000000,38.21974722,-85.77783889,1,1
21,197,1,12,15,41,1,2,0,1,2,3,0,35,0,1,4,2,2,70,1,2,2,1,0,0,1,1,0,0,15,43,15,48,17,0,0,0,0,0,1,2,0,210022,0,2009,210,SR-9000,99999999999999999999,0000000,37.83825833,-83.86739722,1,1
21,185,1,15,16,54,1,3,0,1,1,1,0,36,0,1,4,2,2,70,1,2,2,1,0,0,1,1,0,0,99,99,99,99,99,99,0,0,0,0,1,5,0,210023,0,2009,227,I-71,99999999999999999999,0000000,38.41102778,-85.35008056,1,1
21,13,1,13,20,47,1,2,1,1,2,2,0,8,0,1,1,1,2,55,1,1,2,3,0,0,2,4,0,0,99,99,99,99,99,99,0,0,0,0,1,3,0,210024,0,2009,59,US-119,99999999999999999999,0000000,36.73702778,-83.604325,1,4
21,79,1,16,15,45,2,2,0,0,5,3,0,12,2,1,1,1,2,55,2,3,2,1,0,0,1,1,0,0,99,99,99,99,99,99,0,0,0,0,2,6,1,210025,0,2009,12,SR-1972,99999999999999999999,0000000,37.59471667,-84.54996667,2,1
21,227,1,16,18,24,2,3,0,0,4,3,0,12,5,3,1,1,2,55,1,1,2,1,0,0,2,1,0,0,18,25,18,34,18,57,0,0,0,0,1,6,0,210026,0,2009,53,SR-185,SR-526,0000000,37.06681944,-86.44098889,2,1
21,227,1,17,0,39,1,3,0,0,5,3,0,53,0,1,5,1,2,55,2,1,2,1,0,0,2,1,0,0,0,45,1,10,99,99,0,0,0,0,1,7,1,210027,0,2009,20,SR-1297,99999999999999999999,0000000,36.97327778,-86.26683611,1,1
21,41,1,18,1,14,1,1,0,0,4,3,0,1,0,1,1,1,2,55,1,1,2,4,0,0,2,4,0,0,1,16,1,24,88,88,0,0,0,0,1,1,0,210028,0,2009,78,SR-36,99999999999999999999,0000000,38.67954722,-85.20000556,1,4
21,141,1,18,23,48,1,1,0,0,6,4,0,38,0,1,4,1,2,55,2,1,2,1,0,0,3,1,0,0,23,59,0,3,0,30,0,0,0,0,1,1,1,210029,0,2009,0,CONCORD RD,99999999999999999999,0000000,36.90011111,-86.87366111,1,1
21,227,1,19,21,23,1,2,0,0,4,3,0,30,0,1,4,1,2,55,1,1,2,1,0,0,2,1,0,0,21,26,21,45,99,99,0,0,0,0,1,2,1,210030,0,2009,61,SR-101,99999999999999999999,0000000,37.01673889,-86.21040278,1,1
21,87,1,20,9,2,2,2,0,0,4,3,0,12,4,1,1,1,2,55,2,1,2,2,0,0,1,1,0,0,9,2,9,12,9,27,0,0,0,0,1,3,0,210031,0,2009,84,SR-88,99999999999999999999,0000000,37.26305556,-85.55036667,2,1
21,157,1,20,12,16,2,2,0,0,3,2,0,12,2,1,1,1,2,55,1,2,2,1,0,0,1,1,0,0,12,16,12,21,88,88,0,0,0,0,1,3,0,210032,0,2009,105,US-62,99999999999999999999,0000000,37.00334167,-88.28350556,2,1
21,145,1,19,18,54,1,1,0,0,4,3,0,42,0,1,4,1,2,55,1,1,2,1,0,0,2,1,0,0,18,54,19,8,88,88,0,0,0,0,1,2,1,210033,0,2009,69,SR-358,99999999999999999999,0000000,37.12470556,-88.80004444,1,1
21,211,1,23,23,23,3,3,0,1,1,1,0,24,0,1,4,2,2,70,1,1,2,1,0,0,2,1,0,0,23,23,23,32,88,88,0,0,0,0,1,6,0,210034,0,2009,269,I-64E,99999999999999999999,0000000,38.208175,-85.35008056,3,1
21,183,1,25,19,45,2,3,0,0,3,3,0,12,2,1,1,1,2,55,2,1,2,1,40,3,2,1,0,0,19,47,19,58,20,45,0,0,0,0,1,1,0,210035,0,2009,4,SR-1737,99999999999999999999,0000000,37.48381389,-86.92575833,2,1
21,167,1,13,7,20,2,2,0,1,2,2,0,13,2,1,1,2,2,55,1,1,2,3,0,0,4,2,0,0,7,25,7,35,8,3,0,0,0,0,1,3,0,210036,1430,2009,39,US-127BP,99999999999999999999,0000000,37.78648611,-84.846125,2,2
21,191,1,13,14,0,2,5,0,0,5,3,0,12,2,1,1,1,2,55,2,2,2,2,0,0,1,1,0,0,14,10,14,20,15,42,0,0,0,0,1,3,0,210037,0,2009,91,SR-330,99999999999999999999,0000000,38.63346667,-84.38937778,2,1
21,179,1,17,9,35,1,1,0,0,4,2,0,37,0,1,4,1,2,55,1,2,2,1,0,0,1,1,0,0,9,37,9,41,88,88,0,0,0,0,1,7,1,210038,0,2009,211,US-52,99999999999999999999,0000000,37.85181389,-85.35072222,1,1
21,67,1,19,16,0,3,4,0,0,16,6,0,12,5,2,1,1,2,40,1,1,2,1,20,3,1,1,0,0,99,99,99,99,99,99,0,0,0,0,1,2,0,210039,1980,2009,7,CLAYS MILL RD,LONGVIEW DR,0000000,38.02121944,-84.53378611,3,1
21,43,1,29,1,19,1,1,0,1,1,1,0,1,0,1,3,2,2,70,1,1,2,4,0,0,2,1,0,0,99,99,99,99,88,88,0,0,0,0,1,5,0,210040,0,2009,1660,I-64 EB,99999999999999999999,0000000,38.32691111,-83.01707222,1,1
21,227,1,29,20,55,1,4,0,0,5,3,0,42,0,1,4,1,2,45,1,1,2,2,0,0,2,1,0,0,20,55,21,9,21,51,0,0,0,0,3,5,0,210041,0,2009,16,SR-884,99999999999999999999,0000000,36.85242778,-86.52643333,1,1
21,231,1,28,11,2,1,1,0,0,5,3,0,1,0,1,4,1,2,55,2,2,2,3,0,0,1,4,0,0,11,2,11,24,12,1,0,0,0,0,1,4,0,210042,0,2009,50,SR-1546,99999999999999999999,0000000,36.81294444,-84.96661389,1,4
21,71,1,9,11,44,1,1,0,0,4,3,0,52,0,1,4,1,2,45,1,2,2,1,0,0,1,1,0,0,11,44,11,46,12,4,0,0,0,0,1,6,0,210043,2670,2009,133,SR-1428,99999999999999999999,0000000,37.67084444,-82.74461389,1,1
21,43,1,30,8,17,1,4,0,1,1,1,0,1,0,1,3,2,2,70,1,1,2,3,0,0,1,4,0,0,8,17,8,26,9,15,0,0,0,0,1,6,0,210044,1330,2009,1771,I-64,99999999999999999999,0000000,38.37110278,-82.83348056,1,4
21,5,1,26,15,12,1,1,0,0,4,2,0,42,0,1,4,1,2,55,2,2,2,2,0,0,1,1,0,0,15,14,15,22,88,88,0,0,0,0,1,2,0,210045,0,2009,124,US-62,99999999999999999999,0000000,37.97260278,-84.98329167,1,1
21,137,1,31,21,57,2,5,0,0,4,2,0,12,2,1,1,1,2,55,2,1,2,1,0,0,2,1,0,0,21,57,22,6,22,56,0,0,0,0,3,7,1,210046,0,2009,133,US-150,99999999999999999999,0000000,37.46610556,-84.51400278,2,1
21,121,1,18,8,46,1,1,0,0,6,3,0,1,0,1,4,1,2,35,2,2,2,4,0,0,1,1,0,0,8,59,9,15,9,47,0,0,0,0,1,1,0,210047,1128,2009,5,SR-3085,99999999999999999999,0000000,36.83053333,-83.76994722,1,1
21,129,1,19,22,0,1,1,0,0,3,3,0,34,0,1,4,1,2,55,1,1,2,1,0,0,2,1,0,0,13,12,13,31,88,88,0,18,0,0,1,2,0,210048,0,2009,124,SR-11,99999999999999999999,0000000,37.66738056,-83.68590833,1,1
21,147,1,6,23,20,1,1,0,0,6,4,0,1,0,1,4,1,2,35,2,3,2,2,0,0,2,2,0,0,23,20,23,31,1,6,0,0,0,0,1,3,1,210049,0,2009,1,SHIRT FACTORY ROAD,99999999999999999999,0000000,36.68360556,-84.4692,1,2
21,173,1,24,14,35,1,2,1,0,6,4,0,8,0,1,1,1,2,35,2,3,2,1,0,0,1,1,0,0,14,35,14,40,15,0,0,0,0,0,1,7,0,210050,0,2009,1,JAMIE RIDGE,99999999999999999999,0000000,38.06674444,-83.9001,1,1