STATE,COUNTY,MONTH,DAY,HOUR,MINUTE,VE_TOTAL,PERSONS,PEDS,NHS,ROAD_FNC,ROUTE,SP_JUR,HARM_EV,MAN_COLL,REL_JUNC,REL_ROAD,TRAF_FLO,NO_LANES,SP_LIMIT,ALIGNMNT,PROFILE,PAVE_TYP,SUR_COND,TRA_CONT,T_CONT_F,LGT_COND,WEATHER1,WEATHER2,WRK_ZONE,NOT_HOUR,NOT_MIN,ARR_HOUR,ARR_MIN,HOSP_HR,HOSP_MN,SCH_BUS,CF1,CF2,CF3,FATALS,DAY_WEEK,DRUNK_DR,ST_CASE,CITY,YEAR,MILEPT,TWAY_ID,TWAY_ID2,RAIL,LATITUDE,LONGITUD,VE_FORMS,WEATHER
21,111,2,1,7,55,2,2,0,1,11,1,0,12,5,1,1,3,3,55,1,1,2,1,0,0,1,1,0,0,7,56,8,2,99,99,0,0,0,0,1,1,0,210051,2090,2009,1343,I-65,99999999999999999999,0000000,38.21690833,-85.75228333,2,1
21,101,2,2,23,20,3,3,0,1,12,2,0,12,1,1,1,2,2,55,1,1,2,1,0,0,2,1,0,0,23,24,23,28,88,88,0,0,0,0,1,2,1,210052,1510,2009,144,US-41,99999999999999999999,0000000,37.83385278,-87.56566944,3,1
21,195,2,5,17,35,2,3,0,1,2,2,0,12,1,1,1,3,2,55,1,2,2,1,0,0,1,1,0,0,17,40,17,50,18,20,0,0,0,0,1,5,0,210053,3014,2009,150,US-119,99999999999999999999,0000000,37.60001944,-82.37248333,2,1
21,221,2,5,21,7,2,5,0,1,1,1,0,13,4,1,1,2,2,70,1,1,1,1,0,0,2,1,0,0,21,14,21,22,21,53,0,0,0,0,2,5,0,210054,0,2009,629,I-24,99999999999999999999,0000000,36.90045556,-87.76621389,2,1
21,221,2,5,21,7,1,2,0,1,1,1,0,32,0,1,4,2,2,70,1,1,1,1,0,0,2,1,0,0,21,14,21,22,21,53,0,0,0,0,1,5,1,210055,0,2009,629,I-24,99999999999999999999,0000000,36.90045556,-87.76621389,1,1
21,195,2,6,10,10,2,2,0,0,3,3,0,12,4,1,1,1,2,55,2,1,2,4,0,0,1,1,0,0,10,10,10,18,11,0,0,0,0,0,1,6,0,210056,1794,2009,29,SR-632,99999999999999999999,0000000,37.48711944,-82.30064444,2,1
21,95,2,7,10,25,2,3,0,1,2,2,0,12,8,1,1,1,2,55,2,1,2,1,0,0,1,1,0,0,10,25,10,31,88,88,0,0,0,0,1,7,0,210057,0,2009,371,US-119,99999999999999999999,0000000,36.99158333,-82.94051111,2,1
21,67,2,7,21,8,1,3,1,0,13,2,0,8,0,1,1,2,3,45,1,1,2,1,0,0,3,1,0,0,21,11,21,14,21,31,0,0,0,0,1,7,0,210058,1980,2009,102,US-25,99999999999999999999,0000000,38.00201389,-84.44675556,1,1
21,81,2,4,13,24,1,2,0,1,1,1,0,21,0,1,4,2,3,65,2,2,2,1,0,0,1,1,0,0,13,32,13,34,14,30,0,0,0,0,1,4,0,210059,3590,2009,1541,I-75,99999999999999999999,0000000,38.61686944,-84.57288333,1,1
21,213,2,8,0,20,1,5,0,0,6,4,0,32,0,1,4,1,2,55,2,1,2,1,0,0,2,1,0,0,0,20,0,24,1,16,0,0,0,0,1,1,1,210060,0,2009,5,CARTER ROAD,99999999999999999999,0000000,36.68758889,-86.599775,1,1
21,191,2,8,0,28,1,5,0,0,3,3,0,39,0,1,4,1,2,55,2,2,2,2,0,0,2,1,0,0,0,38,1,0,2,0,0,0,0,0,1,1,1,210061,0,2009,31,SR-22,99999999999999999999,0000000,38.65099722,-84.46400556,1,1
21,101,2,8,14,10,1,1,0,0,4,2,0,42,0,1,4,1,2,55,1,2,2,1,0,0,1,1,0,0,14,22,14,33,88,88,0,0,0,0,1,1,0,210062,2756,2009,29,US-41,99999999999999999999,0000000,37.68361667,-87.52318333,1,1
21,117,2,9,7,30,1,1,0,0,16,5,0,42,0,1,4,1,2,25,1,2,2,2,40,3,1,1,0,0,7,31,7,34,88,88,0,0,0,0,1,2,0,210063,3239,2009,4,GRAND AVE,99999999999999999999,0000000,39.03288611,-84.50009722,1,1
21,151,2,9,14,17,2,3,0,0,6,4,0,12,8,1,1,1,2,35,2,3,2,1,0,0,1,1,0,0,99,99,99,99,88,88,0,0,0,0,1,2,0,210064,0,2009,6,OPPOSSUM KINGDOM RD,99999999999999999999,0000000,37.574175,-84.32890833,2,1
21,123,2,9,15,40,2,2,0,0,3,2,0,1,0,1,2,1,2,55,1,2,2,1,0,0,1,1,0,0,15,43,15,47,16,26,0,0,0,0,1,2,0,210065,0,2009,127,US-31E,99999999999999999999,0000000,37.58740556,-85.68353056,2,1
21,17,2,11,8,45,1,1,0,0,6,4,0,42,0,1,4,1,2,55,2,1,2,1,0,0,7,1,0,0,8,45,8,56,9,23,0,0,0,0,1,4,0,210066,0,2009,10,BETHLEHEM RD.,99999999999999999999,0000000,38.10687222,-84.33440278,1,1
21,141,2,11,20,30,1,3,0,0,6,4,0,42,0,1,4,1,2,55,1,1,2,1,0,0,2,1,0,0,20,46,21,24,22,11,0,0,0,0,1,4,0,210067,0,2009,15,BEAUCHAMP RD,99999999999999999999,0000000,36.71680278,-86.873875,1,1
21,91,2,12,18,27,2,2,0,1,2,2,0,12,5,9,1,2,2,45,1,1,1,1,99,9,3,1,0,0,18,28,18,32,88,88,0,0,0,0,1,5,1,210068,1970,2009,23,US-60,99999999999999999999,0000000,37.92568333,-86.88941111,2,1
21,229,2,13,17,4,2,4,0,0,3,2,0,12,5,2,1,1,2,55,1,1,2,1,20,3,1,1,0,0,17,5,17,10,17,57,0,0,0,0,1,6,0,210069,3160,2009,79,US-150,BELL VISTA DR.,0000000,37.69181944,-85.23867222,2,1
21,111,2,13,21,22,1,1,0,0,16,6,0,1,0,1,4,1,2,35,2,1,2,1,0,0,3,1,0,0,21,22,21,32,21,53,0,0,0,0,1,6,1,210070,2090,2009,5,JENNINGS KANE,99999999999999999999,0000000,38.18254167,-85.6804,1,1
21,95,2,14,14,54,3,6,0,1,2,2,0,12,2,1,1,1,2,55,2,2,1,2,0,0,1,1,0,0,14,58,15,7,16,15,0,0,0,0,1,7,0,210071,883,2009,94,US-119,99999999999999999999,0000000,36.84253611,-83.37533056,3,1
21,27,2,15,0,18,1,1,0,0,4,3,0,32,0,1,4,1,2,55,2,2,2,1,0,0,2,1,0,0,0,19,0,22,88,88,0,0,0,0,1,1,1,210072,0,2009,115,SR-259,99999999999999999999,0000000,37.800425,-86.48223056,1,1
21,219,2,18,9,56,3,9,0,0,3,2,0,12,2,1,1,1,2,55,1,2,2,2,0,0,1,6,0,0,10,1,10,13,10,39,0,0,0,0,2,4,0,210073,0,2009,34,US-41,99999999999999999999,0000000,36.64982778,-87.201575,3,6
21,229,2,10,9,59,1,1,0,1,2,3,0,24,0,1,4,2,2,70,1,2,2,2,0,0,1,2,0,0,9,59,10,16,88,88,0,0,0,0,1,3,1,210074,0,2009,392,SR-9002 BG PARKWAY,99999999999999999999,0000000,37.87573333,-85.18305278,1,2
21,87,2,19,13,5,2,3,0,0,3,2,0,12,2,1,1,1,2,55,1,1,2,1,0,0,1,1,0,0,13,9,13,14,13,29,0,0,0,0,1,5,1,210075,0,2009,177,US-68,99999999999999999999,0000000,37.30723889,-85.43505278,2,1
21,179,2,18,21,45,1,1,0,0,3,3,0,39,0,1,4,1,2,55,1,1,2,1,0,0,2,1,0,0,21,47,21,49,88,88,0,0,0,0,1,4,1,210076,170,2009,4,SR-245,99999999999999999999,0000000,37.80449444,-85.43166111,1,1
21,69,2,20,20,49,1,1,0,0,6,4,0,42,0,1,4,1,2,55,1,2,2,1,0,0,2,1,0,0,20,51,21,1,88,88,0,0,0,0,1,6,1,210077,0,2009,20,CARPENTER RD,99999999999999999999,0000000,38.46666667,-83.63333333,1,1
21,239,2,21,4,31,1,1,0,1,2,3,0,52,0,1,4,2,2,55,2,2,2,1,0,0,2,1,0,0,4,31,4,40,5,28,0,0,0,0,1,7,0,210078,0,2009,707,SR-9002 BG PARKWAY,99999999999999999999,0000000,38.03518056,-84.69308889,1,1
21,111,2,22,12,30,2,1,0,1,11,1,0,14,1,1,2,3,4,55,1,1,2,1,0,0,1,1,0,0,12,30,12,36,88,88,0,0,0,0,1,1,1,210079,2090,2009,131,I-64,99999999999999999999,0000000,38.22611111,-85.58727222,1,1
21,219,2,23,11,25,2,3,0,0,4,3,0,12,2,1,1,1,2,55,1,1,2,1,0,0,1,1,0,0,11,28,12,5,12,43,0,0,0,0,1,2,0,210080,0,2009,95,SR-181,99999999999999999999,0000000,36.76666667,-87.16698611,2,1
21,227,2,23,19,10,1,2,0,0,5,3,0,37,0,1,4,1,2,55,1,2,2,1,0,0,2,1,0,0,19,10,19,18,19,56,0,0,0,0,2,2,1,210081,0,2009,27,SR-1297,99999999999999999999,0000000,36.97451389,-86.25083056,1,1
21,179,2,21,21,26,2,4,1,0,3,2,0,8,0,1,4,1,2,55,1,3,2,4,0,0,2,1,0,0,21,33,21,44,22,18,0,19,0,0,1,7,0,210082,0,2009,62,US-150,99999999999999999999,0000000,37.76348889,-85.35175278,2,1
21,25,2,24,17,40,1,1,0,0,5,3,0,1,0,1,1,1,2,55,2,1,2,1,0,0,1,1,0,0,17,55,18,15,18,39,0,0,0,0,1,3,1,210083,0,2009,53,SR-378,99999999999999999999,0000000,37.641625,-83.31756667,1,1
21,93,2,24,21,15,1,3,1,0,14,3,0,8,0,2,1,1,2,45,1,1,2,1,3,3,2,1,0,0,21,20,21,21,21,37,0,0,0,0,1,3,1,210084,2724,2009,46,SR-144,WILSON RD.,0000000,37.81666667,-85.93333333,1,1
21,125,2,25,7,15,2,3,0,0,3,3,0,12,2,1,1,1,2,55,1,2,2,1,0,0,1,1,0,0,7,19,7,41,99,99,0,0,0,0,1,4,0,210085,0,2009,3,SR-770,99999999999999999999,0000000,36.97449444,-84.11880556,2,1
21,115,2,27,8,0,2,4,0,1,2,2,2,12,2,1,1,1,2,55,2,1,2,2,0,0,1,2,0,0,8,1,8,12,8,32,0,0,0,0,3,6,0,210086,2469,2009,52,US-460,99999999999999999999,0000000,37.80591944,-82.86738333,2,2
21,207,2,28,7,35,1,2,0,0,4,3,0,32,0,1,4,1,2,55,2,2,2,2,0,0,1,1,0,0,7,37,7,41,8,30,0,0,0,0,1,7,1,210087,0,2009,172,SR-379,99999999999999999999,0000000,37.0177,-85.12001111,1,1
21,127,2,23,16,41,2,2,0,0,5,3,0,12,1,1,1,1,2,35,1,1,2,1,8,3,1,1,0,0,16,42,17,24,88,88,1,0,0,0,1,2,0,210088,0,2009,29,SR-1715,99999999999999999999,0000000,37.99379444,-82.97965,2,1
21,117,2,28,14,35,2,4,0,0,15,3,0,12,2,1,1,1,2,35,2,3,2,1,0,0,1,1,0,0,14,38,14,42,15,1,0,0,0,0,1,7,0,210089,1050,2009,1,SR-2373,99999999999999999999,0000000,39.04145278,-84.5849,2,1
21,207,2,1,11,20,3,4,0,0,5,3,0,12,5,2,1,1,2,55,1,2,2,1,20,3,1,1,0,0,11,30,11,32,11,49,0,0,0,0,1,1,0,210090,0,2009,61,SR-92,US-127,0000000,36.99077778,-85.068125,3,1
21,231,2,7,11,28,1,1,0,0,5,3,0,32,0,1,4,1,2,55,1,3,2,1,0,0,1,1,0,0,11,28,11,35,12,9,0,0,0,0,1,7,0,210091,0,2009,62,SR-92,99999999999999999999,0000000,36.8481,-84.87114444,1,1
21,9,2,7,16,15,1,2,0,0,5,3,0,30,0,1,4,1,2,55,2,1,2,1,0,0,1,1,0,0,16,22,16,46,18,33,0,0,0,0,2,7,0,210092,0,2009,15,SR-87,99999999999999999999,0000000,36.75023333,-85.9545,1,1
21,71,2,19,15,55,1,1,0,0,5,3,0,37,0,1,4,1,2,55,2,1,2,1,0,0,1,1,0,0,16,2,16,17,99,99,0,0,0,0,1,5,1,210093,1637,2009,5,SR-850,99999999999999999999,0000000,37.51677222,-82.83536944,1,1
21,93,2,21,13,30,1,1,0,0,4,2,0,42,0,1,4,1,2,55,1,1,2,1,0,0,1,1,0,0,13,36,13,47,88,88,0,0,0,0,1,7,0,210094,0,2009,275,US-62,99999999999999999999,0000000,37.75103611,-85.73284167,1,1
21,47,2,27,10,10,1,1,1,0,4,3,0,8,0,1,1,1,2,55,1,2,2,1,0,0,1,1,0,0,10,17,10,25,10,56,0,23,0,0,1,6,0,210095,0,2009,152,SR-109,99999999999999999999,0000000,36.933325,-87.53035,1,1
21,111,2,27,7,2,1,2,1,0,14,3,0,8,0,1,1,1,2,35,1,1,2,2,39,3,3,2,0,0,7,2,7,9,88,88,0,21,0,0,1,6,0,210096,1740,2009,82,SR-1819,99999999999999999999,0000000,38.16692222,-85.56985,1,2
21,235,2,18,13,54,1,1,0,0,6,4,0,42,0,1,4,1,2,25,1,3,2,2,0,0,1,2,0,0,14,3,99,99,88,88,0,0,0,0,1,4,0,210097,0,2009,0,TACKETT CREEK RD,99999999999999999999,0000000,36.71721389,-84.14703333,1,2
21,199,2,6,5,33,2,2,0,0,6,4,0,12,2,1,1,1,2,35,1,3,2,1,0,0,2,1,0,0,5,33,5,47,6,30,0,1,0,0,1,6,0,210098,0,2009,12,GUSTINEAU RD,99999999999999999999,0000000,37.18125278,-84.51746944,2,1
21,153,2,27,17,42,2,4,0,0,4,3,0,12,4,1,1,1,2,55,2,2,2,2,40,3,1,1,0,0,17,42,17,45,18,50,0,0,0,0,2,6,1,210099,0,2009,192,SR-7,99999999999999999999,0000000,37.66337222,-83.012525,2,1
21,117,2,17,17,34,4,5,0,0,14,2,0,12,8,2,1,1,2,25,1,1,2,1,3,3,1,1,0,0,17,34,17,37,17,59,0,0,0,0,1,3,0,210100,800,2009,130,US-25,0,0000000,39.07018056,-84.52773611,4,1
21,1,2,7,16,56,1,2,0,0,6,4,0,31,0,1,4,1,2,35,1,1,2,1,0,0,1,1,0,0,17,1,17,8,17,25,0,0,0,0,1,7,0,210101,0,2009,15,TAYLOR FORD ROAD,99999999999999999999,0000000,37.11057222,-85.21665556,1,1
21,15,3,3,2,59,1,1,0,1,1,1,0,27,0,1,3,2,2,65,1,1,1,1,0,0,2,1,0,0,3,2,3,10,88,88,0,0,0,0,1,3,0,210102,0,2009,99,I-275,99999999999999999999,0000000,39.08590278,-84.74982222,1,1
21,11,3,4,14,23,1,1,0,0,4,3,0,18,0,1,4,1,2,55,1,1,2,1,0,0,1,1,0,0,14,23,14,29,88,88,0,0,0,0,1,4,0,210103,0,2009,76,SR-36,99999999999999999999,0000000,38.18139444,-83.808175,1,1
21,151,3,5,16,10,2,2,0,0,3,3,0,12,2,1,1,1,2,55,1,3,2,1,0,0,1,1,0,0,16,10,16,16,88,88,0,0,0,0,1,5,0,210104,0,2009,17,SR-1295,99999999999999999999,0000000,37.65311111,-84.3956,2,1
21,111,3,4,19,1,1,1,0,0,16,6,0,30,0,1,4,1,4,35,1,1,2,1,0,0,2,1,0,0,99,99,99,99,99,99,0,0,0,0,1,4,0,210105,2090,2009,34,4TH ST. SOUTH,99999999999999999999,0000000,38.20700278,-85.76526389,1,1
21,207,3,6,16,10,2,5,0,1,2,3,0,13,4,1,1,2,2,70,1,1,2,1,0,0,1,1,0,0,16,14,16,25,17,17,0,0,0,0,2,6,0,210106,0,2009,161,SR-9008,99999999999999999999,0000000,37.08448889,-84.93530278,2,1
21,227,3,6,20,12,2,5,0,1,12,2,0,12,5,5,1,5,2,55,1,1,2,1,0,0,3,1,0,0,20,15,20,18,20,50,0,0,0,0,1,6,0,210107,0,2009,1,US-231,SR-9007 ENT RAMP NB,0000000,36.992475,-86.50420278,2,1
21,21,3,7,0,4,1,1,0,0,6,4,0,1,0,1,4,1,2,55,2,1,2,1,40,3,3,1,0,0,0,12,0,18,88,88,0,20,0,0,1,7,1,210108,1760,2009,2,OLD HUSRONVILLE ROAD,99999999999999999999,0000000,37.594275,-84.77424167,1,1
21,167,3,7,4,30,1,1,0,0,4,3,0,42,0,1,4,1,2,55,1,3,2,1,0,0,2,1,0,0,5,25,5,33,88,88,0,0,0,0,1,7,0,210109,0,2009,46,SR-33,99999999999999999999,0000000,37.76667778,-84.75819167,1,1
21,237,3,9,21,25,2,2,0,0,4,3,0,12,1,1,1,1,2,55,1,1,2,1,0,0,2,1,0,0,21,27,21,40,88,88,0,0,0,0,1,2,1,210110,0,2009,36,SR-205,99999999999999999999,0000000,37.71821667,-83.33177222,2,1
21,111,3,9,23,7,1,1,0,0,15,3,0,30,0,1,4,1,2,35,2,1,2,1,40,3,2,1,0,0,23,8,23,17,88,88,0,0,0,0,1,2,1,210111,2090,2009,16,SR-1727 TERRY ROAD,99999999999999999999,0000000,38.13347778,-85.87390556,1,1
21,145,3,6,6,54,3,3,0,0,4,3,0,12,8,1,1,1,2,55,1,1,2,1,0,0,1,1,0,0,6,59,7,7,7,30,0,0,0,0,1,6,0,210112,0,2009,60,SR-994,99999999999999999999,0000000,37.01691111,-88.62885556,3,1
21,119,3,10,6,58,3,3,0,1,2,3,0,12,1,1,1,2,2,55,1,2,2,1,0,0,4,1,0,0,99,99,99,99,99,99,0,0,0,0,1,3,0,210113,0,2009,148,SR-80,99999999999999999999,0000000,37.42286667,-82.93501944,3,1
21,133,3,10,7,53,1,1,0,1,2,3,0,24,0,1,4,1,4,55,2,1,2,1,0,0,1,1,0,0,7,56,8,2,8,11,0,0,0,0,1,3,0,210114,0,2009,49,SR-15,99999999999999999999,0000000,37.13363611,-82.86455278,1,1
21,95,3,11,7,28,2,3,0,0,3,2,0,12,2,1,1,1,2,55,2,1,2,2,0,0,1,2,0,0,7,28,7,45,8,27,0,0,0,0,1,4,0,210115,812,2009,20,US-421,99999999999999999999,0000000,36.76460556,-83.14848056,2,2
21,173,3,10,20,52,1,2,1,0,3,2,0,8,0,1,1,1,2,45,1,1,2,1,40,3,2,1,0,0,20,52,20,58,22,11,0,0,0,0,1,3,0,210116,1741,2009,182,US-460,99999999999999999999,0000000,37.97025278,-83.83242222,1,1
21,219,3,12,5,25,1,1,0,0,5,3,0,42,0,1,4,1,2,55,1,2,2,1,0,0,2,1,0,0,5,25,5,38,88,88,0,0,0,0,1,5,1,210117,0,2009,50,SR-848,99999999999999999999,0000000,36.69099722,-87.16183611,1,1
21,3,3,11,11,23,1,2,0,0,5,3,0,42,0,1,4,1,2,55,2,2,2,2,40,3,1,1,0,0,11,23,11,37,11,47,0,0,0,0,1,4,0,210118,0,2009,0,SR-1533,99999999999999999999,0000000,36.88521667,-86.13255556,1,1
21,125,3,13,12,42,2,3,0,1,2,3,0,12,5,2,1,2,2,55,1,1,2,2,20,3,1,1,0,0,12,44,12,54,13,24,0,0,0,0,1,6,0,210119,0,2009,75,SR-80,SR-1535,0000000,37.14458333,-84.15098056,2,1
21,99,3,12,6,20,1,2,0,0,5,3,0,42,0,1,4,1,2,55,1,2,2,1,0,0,4,1,0,0,6,25,6,48,8,10,0,0,0,0,1,5,0,210120,0,2009,92,SR-1140,99999999999999999999,0000000,37.40098333,-85.99994722,1,1
21,209,3,14,11,54,2,6,0,0,14,2,0,12,4,8,1,1,2,50,1,2,2,2,0,0,1,2,0,0,11,57,12,6,12,45,0,0,0,0,1,7,0,210121,0,2009,93,US-25,0,0000000,38.28400833,-84.56666111,2,2
21,223,3,15,19,28,1,1,0,0,3,3,0,1,0,1,4,1,2,55,2,1,2,1,0,0,1,1,0,0,19,29,19,35,20,6,0,0,0,0,1,1,1,210122,2246,2009,156,SR-421,99999999999999999999,0000000,38.69153889,-85.35484444,1,1
21,125,3,16,1,34,1,1,0,0,6,4,0,38,0,1,4,1,2,35,1,1,2,1,0,0,2,1,0,0,1,36,1,49,88,88,0,0,0,0,1,2,1,210123,0,2009,1,HILLS ROAD,99999999999999999999,0000000,36.97204444,-84.08450556,1,1
21,227,3,19,17,58,1,1,0,0,16,5,0,19,0,1,4,1,2,25,2,1,2,1,0,0,1,1,0,0,18,1,18,7,18,21,0,0,0,0,1,5,1,210124,350,2009,9,POINTE AVE,99999999999999999999,0000000,36.93853889,-86.43061389,1,1
21,47,3,19,18,22,2,2,0,1,1,1,0,13,4,1,1,2,2,70,1,1,1,1,0,0,1,1,0,0,18,22,18,38,21,16,0,0,0,0,2,5,0,210125,0,2009,737,I-24,99999999999999999999,0000000,36.80313333,-87.61304722,2,1
21,111,3,21,6,41,1,1,0,0,13,2,0,1,0,1,4,2,2,55,2,1,2,1,0,0,4,1,0,0,6,47,6,55,88,88,0,0,0,0,1,7,1,210126,2090,2009,7,US-31E,99999999999999999999,0000000,38.08306111,-85.55517222,1,1
21,67,3,14,16,17,1,1,0,0,4,3,0,30,0,1,4,1,2,55,1,2,2,2,40,3,1,2,0,0,16,17,16,27,16,51,0,0,0,0,1,7,1,210127,1980,2009,34,SR-57,99999999999999999999,0000000,38.07255556,-84.40611389,1,2
21,161,3,22,1,0,1,1,0,0,6,3,0,31,0,1,4,1,2,55,2,1,2,1,0,0,2,1,0,0,9,40,9,46,88,88,0,18,0,0,1,1,1,210128,0,2009,53,SR-1234,99999999999999999999,0000000,38.56779722,-83.66681111,1,1
21,103,3,23,17,40,1,2,0,0,6,4,0,42,0,1,4,4,2,35,2,1,4,1,0,0,1,1,0,0,99,99,99,99,99,99,0,0,0,0,1,2,0,210129,0,2009,7,SIX MILE CREEK ROAD,99999999999999999999,0000000,38.38348333,-85.00654167,1,1
21,95,3,25,12,28,2,2,0,0,3,2,0,12,5,2,1,1,2,55,2,2,2,1,28,3,1,1,0,0,99,99,99,99,88,88,0,0,0,0,1,4,0,210130,667,2009,107,US-421 SOUTH,SR-3001,0000000,36.80708611,-83.27027222,2,1
21,59,3,21,9,2,1,1,0,0,6,5,0,19,0,1,5,1,2,30,1,1,1,1,0,0,1,1,0,0,9,6,9,8,88,88,0,0,0,0,1,7,1,210131,2490,2009,1,HALE AVE,99999999999999999999,0000000,37.77315833,-87.13265556,1,1
21,121,3,23,13,20,1,2,0,0,4,3,0,1,0,1,2,1,2,55,2,2,2,1,0,0,1,1,0,0,13,21,13,40,15,14,0,0,0,0,1,2,0,210132,0,2009,82,SR-229,99999999999999999999,0000000,36.99943333,-83.92559167,1,1
21,191,3,26,7,29,2,2,0,0,4,3,0,12,4,1,1,1,2,55,2,1,2,2,0,0,4,2,0,0,7,29,7,53,88,88,0,0,0,0,1,5,0,210133,0,2009,74,SR-17,99999999999999999999,0000000,38.78383056,-84.419675,2,2
21,85,3,27,0,30,1,1,0,0,5,3,0,52,0,1,4,1,2,55,2,3,2,1,0,0,2,1,0,0,12,11,12,23,88,88,0,0,0,0,1,6,1,210134,0,2009,67,SR-411,99999999999999999999,0000000,37.36695,-86.39468056,1,1
21,93,3,27,15,15,2,2,0,0,14,2,0,12,2,1,1,1,2,55,1,2,2,2,0,0,1,2,1,0,15,22,15,32,16,32,0,0,0,0,1,6,0,210135,1000,2009,142,US-31W,99999999999999999999,0000000,37.66106111,-85.84849722,2,2
21,95,3,27,18,6,3,6,0,0,5,3,0,12,2,3,1,1,2,55,1,2,2,2,0,0,1,2,0,0,18,30,18,33,99,99,0,0,0,0,1,6,0,210136,1420,2009,99,SR-72,UPPER ELCOMB DR,0000000,36.81804722,-83.33589167,3,2
21,235,3,27,19,33,1,5,0,1,1,1,0,36,0,1,4,2,2,70,1,3,2,2,0,0,2,2,0,0,19,37,19,41,88,88,0,0,0,0,1,6,0,210137,3580,2009,115,I-75,99999999999999999999,0000000,36.73341667,-84.17231111,1,2
21,111,3,28,1,8,3,2,0,0,16,6,0,12,5,2,1,1,2,25,1,1,2,1,3,3,3,1,0,0,1,10,1,16,88,88,0,0,0,0,1,7,1,210138,2090,2009,21,BROOK ST.,ORMSBY AVE EAST,0000000,38.23170833,-85.754075,2,1
21,199,3,28,22,28,2,6,0,1,2,2,0,12,5,2,1,1,2,55,1,2,2,2,20,3,2,2,0,0,22,33,22,36,23,11,0,0,0,0,1,7,1,210139,0,2009,66,US-127,TATEVILLE ANTIOCH RD,0000000,36.96295833,-84.58391111,2,2
21,77,3,29,3,45,4,9,0,1,1,1,0,13,2,1,1,2,2,70,2,2,2,2,0,0,2,2,0,0,3,48,3,57,5,52,0,0,0,0,1,1,1,210140,0,2009,629,I-71,99999999999999999999,0000000,38.743775,-84.83041667,4,2
21,141,3,30,6,14,2,3,0,0,4,3,0,12,2,1,1,1,2,55,1,3,2,1,0,0,4,1,0,0,6,28,7,9,8,1,0,0,0,0,2,2,0,210141,0,2009,95,SR-106,99999999999999999999,0000000,37.00526111,-86.90069722,2,1
21,107,3,29,19,26,1,1,0,0,6,4,0,42,0,1,4,1,2,55,2,2,2,1,0,0,2,1,0,0,19,26,19,32,88,88,0,0,0,0,1,1,0,210142,0,2009,1,DAYLIGHT RD,99999999999999999999,0000000,37.21901667,-87.66583333,1,1
21,95,3,31,16,16,1,1,0,0,6,5,0,36,0,1,4,1,2,25,1,2,2,1,0,0,1,1,0,0,16,28,16,44,88,88,0,0,0,0,1,3,0,210143,0,2009,2,HABE RD,99999999999999999999,0000000,36.91284167,-83.20478333,1,1
21,35,3,26,14,37,1,1,0,1,2,2,0,42,0,1,4,1,2,55,2,1,2,1,0,0,1,1,0,0,14,37,14,37,15,14,0,0,0,0,1,5,0,210144,0,2009,28,US-641 S,99999999999999999999,0000000,36.53357222,-88.3248,1,1
21,113,3,11,10,10,1,2,1,0,6,5,0,8,0,1,1,1,2,25,2,2,2,1,0,0,1,1,0,0,10,11,10,16,10,29,0,15,0,0,1,4,0,210145,2410,2009,1,THAMES CIRCLE,99999999999999999999,0000000,37.89709167,-84.58835833,1,1
21,35,3,5,6,33,1,1,0,0,6,4,0,1,0,3,2,1,2,55,2,2,2,1,20,3,4,1,0,0,6,35,6,45,7,21,0,0,0,0,1,5,1,210146,0,2009,0,SNOW ROAD,HAWTHORNE RD,0000000,36.63286944,-88.45558333,1,1
21,17,3,13,13,38,1,1,0,0,5,3,0,42,0,1,4,1,2,55,1,2,2,1,28,3,1,1,0,0,13,39,13,44,88,88,0,0,0,0,1,6,0,210147,2540,2009,44,SR-1939,99999999999999999999,0000000,38.14967778,-84.28384722,1,1
21,209,3,14,23,41,1,1,0,0,3,4,0,52,0,1,4,1,2,55,2,2,2,2,28,3,3,1,0,0,23,44,23,51,0,28,0,0,0,0,1,7,0,210148,0,2009,44,FRANKFORT RD,99999999999999999999,0000000,38.21013056,-84.65489444,1,1
21,109,3,16,4,19,1,3,0,0,5,3,0,42,0,1,4,1,2,55,1,2,2,2,0,0,2,1,0,0,4,29,4,50,5,27,0,0,0,0,1,2,1,210149,0,2009,41,SR-577,99999999999999999999,0000000,37.28381944,-83.972325,1,1
21,49,3,16,7,20,1,2,1,0,14,5,0,8,0,1,1,1,4,45,1,3,2,2,0,0,4,5,2,0,7,20,7,22,88,88,0,0,0,0,1,2,0,210150,3610,2009,0,N. MAPLE ST.,99999999999999999999,0000000,38.00431389,-84.17337222,1,2
21,137,3,20,14,43,1,1,0,0,5,3,0,42,0,1,4,1,2,55,2,1,2,1,40,3,1,1,0,0,14,47,14,53,88,88,0,0,0,0,1,6,0,210151,0,2009,101,SR-643,99999999999999999999,0000000,37.43513611,-84.53438889,1,1
21,235,3,22,17,8,3,5,0,1,1,1,0,12,1,1,1,2,4,70,1,2,2,1,0,0,1,1,0,0,17,12,17,18,17,43,0,0,0,0,1,1,0,210152,770,2009,243,I-75,99999999999999999999,0000000,36.90035278,-84.13604722,3,1