STATE,COUNTY,MONTH,DAY,HOUR,MINUTE,VE_TOTAL,PERSONS,PEDS,NHS,ROAD_FNC,ROUTE,SP_JUR,HARM_EV,MAN_COLL,REL_JUNC,REL_ROAD,TRAF_FLO,NO_LANES,SP_LIMIT,ALIGNMNT,PROFILE,PAVE_TYP,SUR_COND,TRA_CONT,T_CONT_F,LGT_COND,WEATHER1,WEATHER2,WRK_ZONE,NOT_HOUR,NOT_MIN,ARR_HOUR,ARR_MIN,HOSP_HR,HOSP_MN,SCH_BUS,CF1,CF2,CF3,FATALS,DAY_WEEK,DRUNK_DR,ST_CASE,CITY,YEAR,MILEPT,TWAY_ID,TWAY_ID2,RAIL,LATITUDE,LONGITUD,VE_FORMS,WEATHER
21,109,3,7,4,39,1,1,0,0,6,3,0,37,0,3,5,1,2,55,1,3,2,5,99,9,2,1,0,1,4,40,5,5,5,38,0,3,0,0,1,7,0,210153,103,2009,5,SR-3444,SR-30,0000000,37.32024444,-83.96013611,1,1
21,119,3,13,7,10,2,4,0,0,4,3,0,12,4,1,1,1,2,55,1,1,2,3,0,0,4,3,0,0,99,99,99,99,99,99,0,0,0,0,1,6,0,210154,567,2009,57,SR-550,99999999999999999999,0000000,37.33157222,-83.03338056,2,3
21,119,3,23,21,0,1,2,0,0,5,3,0,1,0,1,1,1,2,55,1,2,2,1,0,0,3,1,0,0,99,99,99,99,88,88,0,0,0,0,1,2,0,210155,3282,2009,1,SR-1091,99999999999999999999,0000000,37.37104444,-82.76584722,1,1
21,125,4,1,7,57,2,2,0,1,13,2,0,12,5,2,1,5,5,45,1,1,1,2,3,3,1,1,0,0,7,57,8,9,88,88,0,0,0,0,1,4,0,210156,0,2009,15,US-25 E,STEWART RD SOUTH,0000000,36.97495833,-84.10261667,2,1
21,219,4,1,11,37,2,3,0,0,6,4,0,12,2,1,1,1,2,55,1,3,2,1,28,3,1,1,0,0,11,37,11,41,12,9,0,0,0,0,1,4,0,210157,0,2009,2,JEFFERSON DAVIS HWY,99999999999999999999,0000000,36.82285556,-87.199775,2,1
21,203,4,1,11,45,1,1,0,1,1,1,0,1,0,1,3,2,4,70,1,1,2,1,0,0,1,1,0,0,11,46,11,49,99,99,0,0,0,0,1,4,0,210158,0,2009,686,I-75,99999999999999999999,0000000,37.46705833,-84.335475,1,1
21,191,4,1,16,20,2,2,0,0,3,3,0,12,2,1,1,1,2,45,1,2,2,1,0,0,1,1,0,0,16,21,16,34,88,88,0,0,0,0,1,4,0,210159,0,2009,27,SR-22 WEST,99999999999999999999,0000000,38.65186944,-84.46370556,2,1
21,179,4,2,10,40,2,3,0,0,4,3,0,12,1,1,1,1,2,55,2,2,1,1,0,0,1,1,0,0,10,48,11,5,88,88,0,0,0,0,1,5,0,210160,0,2009,15,SR-49,99999999999999999999,0000000,37.70008611,-85.457325,2,1
21,67,4,2,14,3,2,4,0,0,5,5,0,12,2,1,1,1,2,55,1,2,2,1,0,0,1,1,0,0,14,5,14,13,14,32,0,0,0,0,1,5,0,210161,1980,2009,44,OLD FRANKFORT PIKE,99999999999999999999,0000000,38.06501944,-84.55095278,2,1
21,67,4,2,20,6,2,2,0,0,16,5,0,12,5,2,1,1,2,45,1,1,2,1,20,3,5,1,0,0,20,8,20,19,20,38,0,0,0,0,1,5,0,210162,1980,2009,15,PALUMBO DRIVE,BLAKE JAMES DRIVE,0000000,38.00816667,-84.43635833,2,1
21,163,4,3,17,44,2,2,0,1,13,2,0,12,4,1,1,5,5,55,1,1,2,1,0,0,1,1,0,0,17,48,18,1,99,99,0,0,0,0,2,6,0,210163,2338,2009,0,US-31W,99999999999999999999,0000000,37.93285833,-85.99269444,2,1
21,113,4,3,20,31,1,1,0,0,4,3,0,38,0,1,4,1,2,55,2,1,2,1,0,0,1,1,0,0,20,33,20,42,88,88,0,0,0,0,1,6,1,210164,0,2009,56,SR-169,99999999999999999999,0000000,37.8903,-84.482075,1,1
21,35,4,4,4,28,2,4,0,1,13,2,0,12,5,2,1,5,5,55,1,1,2,1,3,3,2,1,0,0,4,33,4,37,5,7,0,0,0,0,1,7,1,210165,0,2009,106,US-641,SR-80,0000000,36.65220278,-88.307075,2,1
21,25,4,4,12,44,1,3,0,0,5,3,0,35,0,1,4,1,2,55,1,1,2,1,0,0,1,1,0,0,12,45,13,17,99,99,0,0,0,0,1,7,0,210166,1368,2009,59,SR-542,99999999999999999999,0000000,37.56308611,-83.15345833,1,1
21,3,4,4,19,3,2,6,0,1,2,2,0,12,5,3,1,1,4,45,1,1,2,1,3,3,1,1,0,0,19,11,19,14,19,30,0,0,0,0,1,7,0,210167,2910,2009,86,US-31E,0,0000000,36.74981944,-86.21388056,2,1
21,137,4,5,4,0,1,3,1,0,6,3,0,8,0,1,1,1,2,55,1,1,2,1,0,0,2,1,0,0,99,99,99,99,99,99,0,0,0,0,1,1,0,210168,0,2009,71,SR-1247,99999999999999999999,0000000,37.38355833,-84.65506667,1,1
21,95,4,5,15,0,1,3,0,0,5,3,0,42,0,1,4,1,2,55,1,2,2,1,0,0,1,1,0,0,99,99,99,99,99,99,0,0,0,0,1,1,0,210169,0,2009,102,SR-72 WEST,99999999999999999999,0000000,36.81725556,-83.31585,1,1
21,199,4,6,20,40,2,2,0,0,2,3,0,12,5,2,1,2,4,55,2,2,2,2,20,3,2,6,0,0,20,52,20,59,21,24,0,0,0,0,1,2,0,210170,0,2009,60,SR-914W,BARRETT DRIVE,0000000,37.056375,-84.58031389,2,6
21,157,4,5,19,28,1,1,0,1,2,2,0,53,0,1,4,1,2,55,1,2,2,1,0,0,1,1,0,0,19,29,19,40,88,88,0,0,0,0,1,1,1,210171,0,2009,67,US-68,99999999999999999999,0000000,36.95006389,-88.36827222,1,1
21,31,4,5,21,5,1,1,0,0,6,3,0,42,0,1,4,1,2,55,1,2,2,5,0,0,2,1,0,0,21,19,21,32,88,88,0,0,0,0,1,1,1,210172,0,2009,35,SR-269,99999999999999999999,0000000,37.25779444,-86.800575,1,1
21,173,4,7,0,10,2,2,0,0,3,2,0,12,2,1,1,1,4,55,1,1,2,1,0,0,2,1,0,0,0,17,0,21,0,51,0,0,0,0,1,3,1,210173,0,2009,156,US-460,99999999999999999999,0000000,37.98486667,-83.86675278,2,1
21,127,4,7,20,55,1,1,0,0,6,4,0,31,0,1,4,1,2,55,1,1,2,1,0,0,5,1,0,0,20,55,21,18,88,88,0,0,0,0,1,3,1,210174,0,2009,10,MATTIE ROAD,99999999999999999999,0000000,38.027575,-82.71984167,1,1
21,195,4,6,19,18,1,2,0,0,4,3,0,42,0,1,4,1,2,55,2,1,2,2,0,0,2,2,0,0,99,99,99,99,99,99,0,0,0,0,1,2,0,210175,2131,2009,88,SR-1056,99999999999999999999,0000000,37.58363056,-82.17576111,1,2
21,199,4,9,17,23,2,2,0,1,2,2,0,14,1,1,2,1,2,55,2,2,2,1,0,0,1,7,0,0,17,23,17,40,18,23,0,0,0,0,1,5,0,210176,0,2009,10,US-27,99999999999999999999,0000000,36.91671944,-84.51631944,1,7
21,67,4,9,20,44,1,1,0,1,13,2,0,19,0,1,5,1,2,15,1,2,2,1,0,0,3,1,0,0,20,44,20,52,21,14,0,0,0,0,1,5,1,210177,1980,2009,26,US-60,99999999999999999999,0000000,38.04342778,-84.60073333,1,1
21,125,4,10,21,19,1,1,0,0,4,3,0,42,0,1,4,1,2,55,2,1,2,2,0,0,2,2,0,0,21,19,21,26,88,88,0,0,0,0,1,6,1,210178,0,2009,17,SR-472,99999999999999999999,0000000,37.13863056,-84.04643889,1,2
21,13,4,11,10,55,2,5,0,1,2,2,0,12,5,2,1,1,5,55,1,2,2,1,20,3,1,1,0,0,11,6,11,9,12,20,0,0,0,0,1,7,0,210179,0,2009,116,US-25E,SR-190,0000000,36.73731111,-83.69608889,2,1
21,45,4,11,12,38,3,7,0,1,2,2,0,12,1,1,1,1,2,55,2,2,2,1,0,0,1,1,0,0,13,9,13,20,13,46,0,0,0,0,2,7,0,210180,0,2009,20,US-127,99999999999999999999,0000000,37.18356944,-85.00928889,3,1
21,151,4,11,14,35,3,5,0,0,14,3,0,12,5,2,1,1,4,55,1,2,2,1,20,3,1,1,0,0,14,42,14,45,15,6,0,0,0,0,1,7,0,210181,270,2009,18,SR-1983,SR-956,0000000,37.60515556,-84.298825,3,1
21,111,4,11,20,43,2,4,0,1,12,3,0,12,5,1,1,1,4,35,1,1,2,1,0,0,2,1,0,0,20,43,20,50,88,88,0,0,0,0,1,7,1,210182,2090,2009,94,SR-1934,99999999999999999999,0000000,38.20163056,-85.83446389,2,1
21,121,4,13,14,26,1,2,0,0,4,3,0,30,0,1,4,1,2,55,2,1,2,1,0,0,1,1,0,0,14,28,14,44,15,18,0,0,0,0,1,2,0,210183,0,2009,202,SR-11 NORTH,O,0000000,36.98349444,-83.83014722,1,1
21,35,4,15,17,39,2,3,0,0,4,3,0,12,5,8,1,1,2,55,1,1,2,1,0,0,1,1,0,0,17,43,17,45,17,53,0,0,0,0,1,4,0,210184,0,2009,115,SR-121 SOUTH,99999999999999999999,0000000,36.58079722,-88.2518,2,1
21,161,4,16,12,54,2,2,0,1,2,3,0,12,5,2,1,1,2,55,2,2,2,1,20,3,1,1,0,0,12,56,13,2,13,21,0,0,0,0,1,5,0,210185,0,2009,149,SR-9,SR-435,0000000,38.66527222,-83.91108611,2,1
21,111,4,16,16,45,4,8,0,1,2,2,0,12,2,1,1,1,4,55,1,1,2,1,0,0,1,1,0,0,99,99,99,99,99,99,0,0,0,0,2,5,0,210186,2090,2009,24,US-31W,99999999999999999999,0000000,38.01726389,-85.92244167,4,1
21,41,4,17,2,41,1,1,0,1,1,1,0,24,0,1,4,2,2,70,1,1,2,1,0,0,2,1,0,0,99,98,99,98,88,88,0,0,0,0,1,6,0,210187,0,2009,513,I-71,99999999999999999999,0000000,38.67733611,-84.983025,1,1
21,167,4,17,17,20,1,2,0,0,3,2,0,32,0,1,4,1,2,55,1,2,2,1,0,0,1,1,0,0,17,23,17,30,99,99,0,0,0,0,1,6,0,210188,0,2009,115,US-68,99999999999999999999,0000000,37.80059444,-84.78526944,1,1
21,111,4,17,19,52,2,2,0,1,13,3,0,12,5,2,1,1,4,55,1,1,2,1,20,3,1,1,0,0,19,53,20,3,88,88,0,0,0,0,1,6,1,210189,2090,2009,29,SR-1934,WINSTEAD DR,0000000,38.13239722,-85.88969722,2,1
21,185,4,17,21,20,1,4,2,0,14,3,0,8,0,1,1,9,6,55,1,1,2,1,20,3,2,1,0,0,21,21,21,28,21,51,0,0,0,0,1,6,0,210190,815,2009,8,SR-329B,99999999999999999999,0000000,38.333275,-85.47286111,1,1
21,197,4,18,15,24,2,2,0,0,4,3,0,12,6,8,1,1,2,55,1,1,2,1,0,0,1,1,0,0,15,24,99,99,99,99,0,0,0,0,1,7,0,210191,0,2009,112,SR-213,0,0000000,37.88471111,-83.86400833,2,1
21,25,4,18,18,0,1,2,0,0,5,3,0,30,0,1,4,1,2,55,2,2,2,1,0,0,1,1,0,0,18,1,18,20,19,19,0,0,0,0,1,7,1,210192,0,2009,79,SR-1098,99999999999999999999,0000000,37.53879167,-83.24649722,1,1
21,173,4,19,15,49,1,1,0,0,4,3,0,42,0,1,4,1,2,55,2,1,2,6,0,0,1,2,0,0,15,49,15,58,88,88,0,0,0,0,1,1,0,210193,0,2009,27,SR-213,99999999999999999999,0000000,37.93370556,-83.86529444,1,2
21,1,4,21,22,45,1,1,0,0,5,3,0,1,0,1,2,1,2,55,2,2,2,1,0,0,2,1,0,0,22,50,22,54,88,88,0,0,0,0,1,3,0,210194,0,2009,55,SR-1729,99999999999999999999,0000000,37.10009722,-85.104475,1,1
21,29,4,22,9,22,2,2,0,1,1,1,0,14,5,1,2,2,6,70,1,1,2,1,0,0,1,1,0,0,99,99,99,99,99,99,0,0,0,0,1,4,0,210195,0,2009,1063,I-65,99999999999999999999,0000000,37.85005278,-85.71391667,2,1
21,51,4,23,14,30,1,1,0,0,5,3,0,1,0,1,4,1,2,55,1,1,2,1,0,0,1,1,0,0,14,46,15,0,88,88,0,0,0,0,1,5,1,210196,0,2009,107,SR-577 EAST,99999999999999999999,0000000,37.32246111,-83.7329,1,1
21,61,4,23,18,0,1,2,0,0,4,3,0,42,0,1,4,1,2,55,1,1,2,1,0,0,1,1,0,0,18,4,18,26,18,45,0,0,0,0,1,5,1,210197,0,2009,35,SR-728,99999999999999999999,0000000,37.26800833,-86.22233333,1,1
21,193,4,23,21,17,1,1,0,0,6,3,0,36,0,1,4,1,2,45,1,1,2,1,0,0,2,1,0,0,88,88,88,88,88,88,0,0,0,0,1,5,0,210198,478,2009,55,SR-2021,99999999999999999999,0000000,37.27241389,-83.26409444,1,1
21,181,4,24,21,20,2,5,0,0,4,3,0,12,2,1,1,1,2,55,1,3,2,1,0,0,2,1,0,0,21,33,22,1,22,41,0,0,0,0,4,6,0,210199,0,2009,10,SR-1455,99999999999999999999,0000000,38.33354444,-84.03515278,2,1
21,169,4,25,9,1,2,6,0,0,3,3,0,12,5,2,1,1,2,55,1,2,2,1,20,3,1,1,0,0,9,1,9,13,9,59,0,0,0,0,1,7,0,210200,0,2009,47,SR-90,SR-163,0000000,36.87533056,-85.65280556,2,1
21,53,4,25,11,25,1,1,0,0,5,3,0,42,0,1,4,1,2,55,1,1,2,1,0,0,1,1,0,0,11,30,11,40,88,88,0,0,0,0,1,7,0,210201,0,2009,16,SR-1576,99999999999999999999,0000000,36.63626111,-85.144,1,1
21,187,4,25,11,49,3,1,0,0,6,4,0,14,4,1,4,1,2,55,2,2,2,1,0,0,1,1,0,0,11,49,12,7,12,41,0,0,0,0,1,7,1,210202,0,2009,14,BEVERLY LANE,99999999999999999999,0000000,38.67472222,-84.81488333,1,1
21,229,4,25,18,30,2,4,0,0,3,2,0,12,2,1,1,1,2,55,2,1,2,1,0,0,1,1,0,0,18,37,18,46,19,5,0,0,0,0,2,7,0,210203,0,2009,8,US-150,99999999999999999999,0000000,37.74995,-85.30313056,2,1
21,71,4,25,21,0,1,1,0,1,2,3,0,24,0,1,4,2,2,55,2,2,2,1,0,0,2,1,0,0,21,3,21,8,21,30,0,0,0,0,1,7,0,210204,1279,2009,10,SR-80,99999999999999999999,0000000,37.47063333,-82.85111944,1,1
21,137,4,26,0,24,1,1,0,0,6,3,0,38,0,1,4,1,2,55,2,1,2,1,0,0,2,1,0,0,0,25,0,35,88,88,0,20,0,0,1,1,1,210205,0,2009,13,SR-2141,99999999999999999999,0000000,37.55049722,-84.80093611,1,1
21,63,4,27,13,48,1,1,0,0,3,3,0,17,0,1,4,1,2,55,2,2,2,1,0,0,1,1,0,0,13,48,13,55,88,88,0,0,0,0,1,2,0,210206,0,2009,146,SR-7,99999999999999999999,0000000,38.15048611,-83.05140556,1,1
21,67,4,27,18,57,1,4,0,0,14,3,0,39,0,1,4,1,2,55,1,2,2,1,0,0,1,1,0,0,18,59,19,20,19,55,0,0,0,0,1,2,0,210207,1980,2009,18,SR-353,99999999999999999999,0000000,38.09832778,-84.46156111,1,1
21,1,4,27,22,13,1,1,0,0,5,3,0,42,0,1,4,1,2,55,2,1,2,1,0,0,2,1,0,0,22,14,22,19,0,2,0,0,0,0,1,2,0,210208,0,2009,11,SR-531,99999999999999999999,0000000,37.08359722,-85.20953056,1,1
21,83,4,28,16,25,1,1,0,0,4,3,0,42,0,3,4,1,2,55,1,1,2,1,20,3,1,1,0,0,16,29,16,38,16,56,0,0,0,0,1,3,0,210209,0,2009,46,SR-121 SOUTH,FLOOD RD.,0000000,36.68490556,-88.56233611,1,1
21,47,4,28,20,40,3,3,0,1,1,1,0,12,7,1,1,2,4,70,1,1,1,2,0,0,2,2,0,0,20,41,20,55,99,99,0,0,0,0,1,3,2,210210,0,2009,890,I-24,99999999999999999999,0000000,36.67988056,-87.40010278,3,2
21,3,4,27,11,36,1,1,0,0,6,3,0,42,0,1,4,1,2,55,2,1,2,1,0,0,1,1,0,0,11,36,11,49,12,49,0,0,0,0,1,2,0,210211,0,2009,3,SR-1421,99999999999999999999,0000000,36.63588333,-86.15568611,1,1
21,81,4,29,12,57,1,1,0,0,5,3,0,42,0,1,4,1,2,45,2,1,2,1,0,0,1,1,0,0,13,1,13,13,13,56,0,0,0,0,1,4,0,210212,0,2009,21,SR-491,99999999999999999999,0000000,38.78045,-84.619275,1,1
21,107,4,27,21,36,2,3,0,0,14,2,0,12,5,8,1,5,4,45,1,2,2,1,28,3,3,1,0,0,21,37,21,42,21,54,0,0,0,0,1,2,1,210213,2150,2009,178,US-41,99999999999999999999,0000000,37.34982778,-87.48473056,2,1
21,67,4,25,20,46,2,3,0,0,16,6,0,12,2,1,1,1,2,45,2,2,2,1,0,0,3,1,0,0,20,48,20,52,21,19,0,0,0,0,1,7,0,210214,1980,2009,21,ALUMNI DRIVE,99999999999999999999,0000000,38.00590278,-84.48434722,2,1
21,227,4,29,22,58,1,1,0,0,16,5,0,33,0,1,4,1,2,25,2,1,2,1,0,0,3,1,0,0,22,59,23,3,23,21,0,0,0,0,1,4,0,210215,350,2009,4,GRAHAM DRIVE,99999999999999999999,0000000,37.00248333,-86.4413,1,1
21,157,4,29,15,30,1,1,0,0,4,3,0,32,0,1,4,1,2,55,2,1,2,1,0,0,1,1,0,0,15,30,15,40,15,50,0,0,0,0,1,4,1,210216,0,2009,115,SR-408,99999999999999999999,0000000,36.85290833,-88.28342778,1,1
21,225,4,24,1,7,1,2,0,0,3,3,0,34,0,1,4,1,2,55,2,1,2,1,0,0,2,1,0,0,1,7,1,18,2,38,0,0,0,0,1,6,0,210217,0,2009,159,SR-56,99999999999999999999,0000000,37.65114167,-87.885175,1,1
21,81,4,2,19,0,1,2,0,0,4,2,0,53,0,1,4,1,2,55,2,3,2,1,0,0,2,1,0,0,19,31,19,46,20,29,0,0,0,0,1,5,1,210218,0,2009,15,US-25,99999999999999999999,0000000,38.50015278,-84.5655,1,1
21,179,4,4,19,54,1,2,0,0,6,4,0,32,0,1,4,1,2,35,2,3,2,1,0,0,1,1,0,0,19,54,20,1,20,36,0,0,0,0,1,7,1,210219,0,2009,1,NALL LANE,99999999999999999999,0000000,37.85741111,-85.411625,1,1
21,55,4,7,12,23,1,1,0,1,2,2,0,30,0,1,5,1,2,55,2,2,2,1,0,0,1,1,0,0,12,24,12,31,12,44,0,0,0,0,1,3,0,210220,0,2009,57,US-641,99999999999999999999,0000000,37.30054722,-88.07885278,1,1
21,125,4,9,14,54,3,6,0,0,4,3,0,12,8,1,1,1,2,55,2,2,2,1,0,0,1,1,0,0,14,54,15,4,15,41,0,0,0,0,1,5,1,210221,0,2009,168,SR-192,99999999999999999999,0000000,37.08366667,-84.13175556,3,1
21,227,4,11,12,43,1,2,0,0,14,2,0,1,0,3,1,2,2,35,1,1,2,1,0,0,1,1,0,0,12,44,12,48,13,1,0,0,0,0,1,7,0,210222,350,2009,13,US-231X,SOUTH PARK DR,0000000,36.97238611,-86.43528056,1,1
21,235,4,13,8,2,1,1,0,0,14,3,0,1,0,1,4,1,2,35,2,2,2,2,0,0,1,1,0,0,8,3,8,7,88,88,0,0,0,0,1,2,0,210223,770,2009,34,SR-727,99999999999999999999,0000000,36.94076944,-84.11295833,1,1
21,13,4,13,12,36,2,2,0,1,2,2,0,12,4,1,1,1,2,55,2,1,2,1,0,0,1,1,0,0,12,36,12,42,13,1,0,0,0,0,1,2,0,210224,514,2009,50,US-119,99999999999999999999,0000000,36.72354444,-83.62466944,2,1
21,145,4,14,15,2,2,3,0,1,2,2,0,12,5,2,1,2,2,55,1,1,2,1,3,3,1,1,0,0,15,7,15,18,15,39,0,0,0,0,1,3,0,210225,0,2009,39,US-60,SR-996,0000000,37.06688889,-88.80030278,2,1
21,85,4,21,18,45,2,6,0,0,6,4,0,12,2,1,1,1,2,45,2,2,2,1,0,0,1,1,0,0,18,58,19,22,19,52,0,0,0,0,1,3,1,210226,0,2009,19,WATERSHED RD.,0,0000000,37.43711111,-86.4176,2,1
21,117,4,24,21,30,1,2,1,0,6,5,0,8,0,3,1,1,2,25,1,1,2,1,0,0,3,1,0,0,21,35,21,38,88,88,0,0,0,0,1,6,0,210227,800,2009,1,PIKE ST,WEST PIKE ST.,0000000,39.08339167,-84.51177778,1,1
21,235,4,12,21,51,1,1,0,1,1,1,0,1,0,1,3,2,4,70,1,1,2,1,0,0,2,1,0,0,99,99,99,99,88,88,0,0,0,0,1,1,0,210228,0,2009,145,I-75,99999999999999999999,0000000,36.73355278,-84.17231111,1,1
21,35,4,16,17,26,2,2,0,1,13,2,0,12,4,1,1,1,2,45,1,2,2,1,0,0,1,1,0,0,17,27,17,29,17,36,0,0,0,0,1,5,0,210229,2350,2009,9,US-641,99999999999999999999,0000000,36.60031944,-88.30310556,2,1
21,205,3,20,6,7,2,2,0,1,1,1,0,13,2,1,1,2,2,70,2,2,2,1,0,0,2,1,0,0,6,8,6,26,7,21,0,0,0,0,1,6,0,210230,0,2009,1435,I-64,99999999999999999999,0000000,38.26847778,-83.41678611,2,1
21,173,4,29,12,58,2,2,0,0,4,3,0,12,4,1,1,1,2,55,1,1,2,1,0,0,1,1,0,0,13,0,13,8,14,10,0,0,0,0,1,4,0,210231,0,2009,44,SR-11,99999999999999999999,0000000,37.96680278,-83.93923889,2,1
21,121,4,7,6,37,2,2,0,0,4,3,0,12,2,1,1,1,2,35,2,2,2,2,0,0,4,4,0,0,6,39,6,43,88,88,0,0,0,0,1,3,0,210232,160,2009,88,SR-11,99999999999999999999,0000000,36.85033333,-83.88765278,2,4
21,53,5,1,12,35,2,3,0,0,5,3,0,12,2,1,1,1,2,55,2,1,2,2,0,0,1,2,0,0,12,42,12,51,13,21,0,0,0,0,2,6,0,210234,0,2009,47,SR-533,99999999999999999999,0000000,36.68466389,-85.17528611,2,2
21,81,5,1,17,20,2,2,0,0,5,3,0,12,2,1,1,1,2,35,2,1,2,1,0,0,1,1,0,0,17,23,17,30,88,88,0,0,0,0,1,6,0,210235,0,2009,42,SR-491,99999999999999999999,0000000,38.76934167,-84.583825,2,1
21,111,5,1,18,7,1,1,0,0,16,5,0,42,0,1,4,1,2,25,2,1,2,1,0,0,1,1,0,0,18,8,18,16,88,88,0,0,0,0,1,6,1,210236,2090,2009,1,EVENING STAR DRIVE,99999999999999999999,0000000,38.11095833,-85.88128611,1,1
21,107,5,1,23,50,1,1,0,0,5,3,0,1,0,1,2,1,2,55,2,1,2,1,0,0,2,1,0,0,23,56,0,18,88,88,0,0,0,0,1,6,1,210237,1390,2009,7,SR-260,99999999999999999999,0000000,37.41734444,-87.47936667,1,1
21,71,5,2,1,10,1,1,0,1,2,2,0,37,0,1,4,2,2,55,2,2,2,2,0,0,2,2,0,0,1,16,1,24,2,10,0,0,0,0,1,7,1,210238,2670,2009,136,US-23,99999999999999999999,0000000,37.63289167,-82.74202778,1,2
21,15,5,2,7,45,1,3,0,0,5,3,0,27,0,1,4,1,2,35,2,2,2,2,0,0,1,1,0,0,7,46,7,50,88,88,0,0,0,0,1,7,0,210239,0,2009,79,SR-338,99999999999999999999,0000000,38.88872778,-84.75909167,1,1
21,111,5,2,16,7,1,1,0,0,13,3,0,30,0,1,4,5,4,45,1,2,2,1,0,0,1,1,0,0,16,8,16,14,88,88,0,0,0,0,1,7,0,210240,2090,2009,21,SR-1865,99999999999999999999,0000000,38.13374722,-85.77258056,1,1
21,111,5,2,23,38,1,1,0,0,16,6,0,42,0,1,4,1,2,25,2,1,2,1,40,3,3,1,0,0,23,38,23,49,0,25,0,0,0,0,1,7,1,210241,2090,2009,5,BUNSEN PKWAY,99999999999999999999,0000000,38.21657778,-85.57896389,1,1
21,133,5,3,15,30,2,5,0,1,2,3,0,12,2,1,1,1,2,55,1,2,2,2,0,0,1,2,0,0,99,99,99,99,99,99,0,0,0,0,1,1,0,210242,3530,2009,26,SR-15,99999999999999999999,0000000,37.11803056,-82.83348056,2,2
21,13,5,3,19,40,1,1,0,0,6,4,0,1,0,1,1,1,2,55,1,2,2,2,0,0,5,2,0,0,19,55,20,12,88,88,0,0,0,0,1,1,0,210243,0,2009,6,DELTA GAS RD,99999999999999999999,0000000,36.66580278,-83.74053889,1,2
21,71,5,4,12,31,3,9,0,1,2,3,0,12,8,1,1,1,2,55,2,1,2,1,0,0,1,1,0,0,99,99,99,99,99,99,0,0,0,0,1,2,0,210244,2670,2009,87,SR-114,99999999999999999999,0000000,37.65161667,-82.81678611,3,1
21,225,5,5,2,58,1,1,0,1,2,2,0,32,0,1,4,1,2,55,2,1,2,1,40,3,2,1,0,0,3,1,3,15,88,88,0,0,0,0,1,3,0,210246,0,2009,24,US-60,99999999999999999999,0000000,37.71241111,-87.78342222,1,1
21,137,5,6,17,0,2,3,0,1,2,2,0,12,4,1,1,1,2,55,1,2,2,2,0,0,1,2,0,0,17,4,17,10,18,12,0,0,0,0,2,4,0,210247,0,2009,126,US-27,99999999999999999999,0000000,37.46661667,-84.63815556,2,2
21,111,5,8,8,1,2,2,0,0,13,2,0,12,5,2,1,5,4,45,1,1,2,2,3,3,1,1,0,0,8,1,8,3,88,88,0,0,0,0,1,6,0,210248,2090,2009,100,US-42,TIMBER RIDGE DR,0000000,38.33835833,-85.62040278,2,1
21,133,5,9,12,5,3,3,0,1,2,3,0,12,4,1,1,1,4,55,2,2,2,1,0,0,1,1,0,0,99,99,99,99,99,99,0,0,0,0,1,7,1,210249,3530,2009,19,SR-15,99999999999999999999,0000000,37.11799722,-82.83335278,3,1
21,193,5,10,18,44,2,3,0,1,2,3,0,12,5,2,1,1,2,55,2,2,2,1,6,3,1,1,0,0,99,99,99,99,99,99,0,0,0,0,1,1,0,210250,341,2009,177,SR-15,ENTERTAINMENT DR.,0000000,37.29959167,-83.24396667,2,1
21,63,5,12,6,8,1,1,0,0,6,4,0,1,0,1,1,1,2,55,2,2,2,1,0,0,2,1,0,0,6,8,6,33,88,88,0,0,0,0,1,3,1,210251,0,2009,3,HANSHAW RD,99999999999999999999,0000000,38.23333333,-83.16666667,1,1
21,157,5,13,14,49,1,1,0,0,6,3,0,30,0,1,4,1,2,55,2,2,2,1,0,0,1,1,0,0,14,51,15,10,88,88,0,0,0,0,1,4,0,210252,0,2009,0,SR-94,99999999999999999999,0000000,36.76797222,-88.14592778,1,1
21,227,5,14,0,3,2,4,0,0,13,2,0,12,5,2,1,5,4,45,1,2,2,1,20,3,3,1,0,0,0,3,0,4,0,33,0,0,0,0,1,5,0,210253,350,2009,92,US-68,WHISPERING HILLS BLV,0000000,36.96666667,-86.46666667,2,1
21,145,5,9,4,15,2,2,0,0,14,3,0,12,5,2,1,5,4,45,1,1,2,2,20,3,3,1,0,0,4,24,4,36,4,51,0,0,0,0,1,7,0,210254,0,2009,55,SR-1954,ESTES LN,0000000,37.03906111,-88.58570278,2,1
21,119,5,15,1,35,1,1,0,0,5,3,0,31,0,1,4,4,1,35,2,1,2,1,0,0,2,1,0,0,1,40,1,55,88,88,0,0,0,0,1,6,1,210255,2892,2009,83,SR-1088,99999999999999999999,0000000,37.222675,-83.05483889,1,1
21,111,5,15,10,26,3,2,0,0,16,5,0,30,0,1,4,1,2,45,2,1,2,1,0,0,1,1,0,0,99,99,99,99,99,99,0,0,0,0,1,6,1,210256,2090,2009,47,RIVER ROAD,99999999999999999999,0000000,38.328225,-85.63675278,1,1
21,113,5,15,14,42,2,3,0,0,3,2,0,12,6,1,1,1,2,50,2,3,2,2,0,0,1,2,0,0,14,45,14,47,15,23,0,0,0,0,2,6,1,210257,0,2009,81,US-68,99999999999999999999,0000000,37.91833611,-84.6167,2,2