STATE,COUNTY,MONTH,DAY,HOUR,MINUTE,VE_TOTAL,PERSONS,PEDS,NHS,ROAD_FNC,ROUTE,SP_JUR,HARM_EV,MAN_COLL,REL_JUNC,REL_ROAD,TRAF_FLO,NO_LANES,SP_LIMIT,ALIGNMNT,PROFILE,PAVE_TYP,SUR_COND,TRA_CONT,T_CONT_F,LGT_COND,WEATHER1,WEATHER2,WRK_ZONE,NOT_HOUR,NOT_MIN,ARR_HOUR,ARR_MIN,HOSP_HR,HOSP_MN,SCH_BUS,CF1,CF2,CF3,FATALS,DAY_WEEK,DRUNK_DR,ST_CASE,CITY,YEAR,MILEPT,TWAY_ID,TWAY_ID2,RAIL,LATITUDE,LONGITUD,VE_FORMS,WEATHER
21,125,5,15,16,25,1,1,0,0,4,3,0,32,0,1,4,1,2,55,1,1,2,2,0,0,1,1,0,0,16,28,16,45,88,88,0,0,0,0,1,6,0,210258,0,2009,46,SR-312,99999999999999999999,0000000,36.98486667,-84.14905,1,1
21,111,5,17,2,55,1,2,1,1,11,1,0,8,0,1,1,2,3,65,2,2,1,1,0,0,2,1,0,0,2,56,3,8,88,88,0,19,0,0,1,1,0,210259,2090,2009,112,I-265,99999999999999999999,0000000,38.11031667,-85.68310278,1,1
21,119,5,17,7,10,1,1,0,0,4,3,0,30,0,1,4,1,2,55,1,1,2,1,20,3,1,1,0,0,7,15,7,29,88,88,0,0,0,0,1,1,1,210260,2662,2009,69,SR-899,99999999999999999999,0000000,37.35228333,-82.86116111,1,1
21,29,5,9,16,4,2,6,0,0,13,3,0,12,2,1,1,1,2,45,2,1,2,1,0,0,1,1,0,0,16,6,16,9,88,88,0,0,0,0,1,7,0,210261,0,2009,189,SR-61,99999999999999999999,0000000,38.03845833,-85.68426111,2,1
21,235,5,18,10,53,2,2,0,1,1,1,0,13,2,1,1,2,2,70,1,2,2,1,0,0,1,1,0,0,11,0,11,9,11,50,0,0,0,0,1,2,0,210262,0,2009,143,I-75,99999999999999999999,0000000,36.76676944,-84.17012222,2,1
21,195,5,18,11,25,2,3,0,0,4,3,0,12,4,1,1,1,2,35,2,2,2,1,0,0,1,1,0,0,99,99,99,99,99,99,0,0,0,0,1,2,0,210263,1010,2009,163,SR-197,99999999999999999999,0000000,37.30024167,-82.35476111,2,1
21,127,5,18,19,0,1,2,0,0,4,3,0,42,0,1,4,1,2,45,2,1,2,1,0,0,1,1,0,0,19,0,19,27,20,52,0,0,0,0,1,2,1,210264,0,2009,68,SR-1,99999999999999999999,0000000,38.15993611,-82.78885,1,1
21,235,5,1,15,15,2,2,0,1,1,1,0,12,7,1,1,2,2,70,1,3,2,2,0,0,1,2,0,0,15,17,15,19,15,27,0,0,0,0,1,6,0,210265,0,2009,176,I-75,99999999999999999999,0000000,36.824675,-84.16626111,2,2
21,167,5,4,12,35,2,2,0,1,2,2,0,12,6,2,1,1,2,55,1,1,2,1,1,3,1,1,0,0,99,99,99,99,99,99,0,0,0,0,1,2,0,210266,0,2009,20,US-127B,SR-152,0000000,37.76013056,-84.82247778,2,1
21,195,5,22,11,36,8,1,0,0,16,5,0,14,3,1,5,1,2,25,1,1,2,1,0,0,1,1,0,0,11,37,11,41,88,88,0,0,0,0,1,6,0,210267,2640,2009,5,HAMBLEY BLVD,99999999999999999999,0000000,37.47410833,-82.52749444,1,1
21,85,5,22,16,35,1,1,0,0,6,4,0,42,0,1,4,1,2,35,2,3,4,1,0,0,1,1,0,0,16,35,17,4,88,88,0,0,0,0,1,6,0,210268,0,2009,3,LOCUST HILL RD,99999999999999999999,0000000,37.44948056,-86.58376667,1,1
21,227,5,22,17,33,1,1,0,0,6,4,0,42,0,1,4,1,2,55,1,3,2,1,20,3,1,1,0,0,17,33,17,47,88,88,0,0,0,0,1,6,1,210269,0,2009,47,BRISTOW RD,99999999999999999999,0000000,37.007625,-86.28396111,1,1
21,111,5,23,3,51,1,1,0,0,14,3,0,24,0,1,4,1,2,35,2,2,2,1,40,3,2,1,0,0,3,51,3,58,88,88,0,0,0,0,1,7,1,210270,2090,2009,16,SR-22,99999999999999999999,0000000,38.29316944,-85.60503889,1,1
21,77,5,23,9,25,1,2,0,1,1,1,0,24,0,1,4,2,2,70,2,2,2,1,0,0,1,1,0,0,9,31,9,42,10,20,0,0,0,0,1,7,0,210271,0,2009,600,I-71,99999999999999999999,0000000,38.71833056,-84.87058611,1,1
21,157,5,23,10,48,3,6,0,1,1,1,0,13,2,1,1,2,2,70,1,1,2,1,0,0,1,1,0,0,10,49,10,54,11,22,0,0,0,0,1,7,0,210272,511,2009,269,I-24,99999999999999999999,0000000,37.00087222,-88.32660278,3,1
21,85,5,23,12,5,2,2,0,0,3,3,0,12,6,1,1,1,2,55,1,1,2,1,0,0,1,1,0,0,12,7,12,15,88,88,0,0,0,0,1,7,0,210273,0,2009,174,SR-259,99999999999999999999,0000000,37.53443611,-86.28855278,2,1
21,77,5,24,18,34,2,6,0,0,4,2,0,12,2,1,1,1,2,55,1,1,2,1,0,0,1,1,0,0,18,37,18,41,99,99,0,0,0,0,1,1,0,210274,0,2009,51,US-42,99999999999999999999,0000000,38.7759,-84.91813611,2,1
21,93,5,25,8,45,1,1,0,0,15,3,0,42,0,1,4,1,2,55,1,1,2,1,0,0,1,1,0,0,8,57,9,5,9,40,0,0,0,0,1,2,0,210275,0,2009,11,SR-210,99999999999999999999,0000000,37.64998611,-85.82613889,1,1
21,51,5,25,13,51,1,2,0,0,4,3,0,1,0,3,2,1,2,55,1,1,2,2,0,0,1,2,0,0,13,54,14,34,15,25,0,0,0,0,1,2,0,210276,0,2009,33,SR-66,SR-1524,0000000,36.98359722,-83.53283056,1,2
21,119,5,26,3,56,1,2,0,0,6,4,0,42,0,1,4,1,2,35,2,1,2,2,0,0,2,1,0,0,99,99,99,99,99,99,0,0,0,0,1,3,1,210277,0,2009,13,CLEAR CREEK RD,99999999999999999999,0000000,37.29283333,-83.04883056,1,1
21,67,5,27,2,5,1,3,0,0,3,2,0,30,0,1,4,1,2,55,1,2,2,1,0,0,2,1,0,0,2,8,2,14,2,39,0,0,0,0,1,4,1,210278,1980,2009,65,US-25,99999999999999999999,0000000,37.95028889,-84.41199167,1,1
21,95,5,27,5,15,2,2,0,1,2,2,0,12,2,1,1,1,3,55,1,2,2,1,0,0,2,1,0,0,99,99,99,99,99,99,0,0,0,0,1,4,1,210279,195,2009,131,US-119,99999999999999999999,0000000,36.86410278,-83.31808056,2,1
21,9,5,27,13,16,1,2,0,0,3,2,0,36,0,1,4,1,2,55,1,2,2,2,0,0,1,2,0,0,13,16,13,27,13,55,0,0,0,0,1,4,0,210280,0,2009,62,US-31E,99999999999999999999,0000000,36.90000833,-86.00501111,1,2
21,151,5,27,21,29,2,3,0,0,3,3,0,12,2,1,1,1,2,55,1,1,2,1,0,0,2,1,0,0,21,29,21,36,22,32,0,0,0,0,1,4,1,210281,0,2009,168,SR-52,99999999999999999999,0000000,37.73946389,-84.18149444,2,1
21,43,5,28,1,33,1,2,0,1,1,1,0,24,0,1,4,2,4,70,1,1,2,2,0,0,2,5,0,0,1,34,1,44,2,19,0,0,0,0,1,5,0,210282,0,2009,1608,I-64,99999999999999999999,0000000,38.32583333,-83.11676389,1,5
21,139,5,28,14,28,2,6,0,0,2,2,0,12,2,1,1,1,2,55,1,2,2,1,0,0,1,1,0,0,14,28,14,35,17,0,1,0,0,0,2,5,0,210283,0,2009,135,US-60,99999999999999999999,0000000,37.15002222,-88.39908611,2,1
21,139,5,28,15,0,2,4,0,0,3,2,0,12,1,3,1,1,3,45,1,2,2,1,40,3,1,1,0,0,15,2,15,15,15,53,0,0,0,0,1,5,0,210284,1874,2009,16,US-62,0,0000000,37.02962222,-88.233175,2,1
21,111,5,29,14,15,1,2,0,0,16,5,0,38,0,1,4,1,2,35,2,3,2,1,0,0,1,1,0,0,14,15,14,27,99,99,0,0,0,0,1,6,0,210285,2090,2009,1,GILLILAND ROAD,99999999999999999999,0000000,38.23201111,-85.45645556,1,1
21,67,5,29,13,16,1,1,0,1,13,3,0,24,0,5,8,6,1,35,1,2,2,1,0,0,1,1,0,0,13,18,13,24,13,44,0,0,0,0,1,6,0,210286,1980,2009,0,SR-922,99999999999999999999,0000000,38.07280833,-84.49582778,1,1
21,17,5,31,19,21,1,1,0,0,6,3,0,34,0,1,4,1,2,55,1,3,2,1,0,0,1,1,0,0,19,25,19,32,88,88,0,0,0,0,1,1,1,210287,0,2009,37,SR-3364,99999999999999999999,0000000,38.15237778,-84.12849444,1,1
21,151,5,3,17,5,3,5,0,1,14,2,0,12,5,2,1,1,2,35,1,1,2,2,20,3,1,2,0,0,17,13,17,17,17,35,0,0,0,0,1,1,0,210288,2750,2009,11,US-25,ORCHARD ST,0000000,37.74448611,-84.28728056,3,2
21,15,5,24,20,19,1,2,0,0,6,4,0,32,0,1,4,4,1,30,2,2,2,1,0,0,1,1,0,0,20,20,20,32,21,6,0,0,0,0,1,1,1,210289,0,2009,3,RIVER ROAD,99999999999999999999,0000000,39.13385556,-84.75068056,1,1
21,145,5,31,11,27,2,3,0,1,13,2,0,12,11,1,1,1,2,45,1,1,2,1,0,0,1,1,0,0,11,27,11,29,11,30,0,0,0,0,1,1,0,210290,2520,2009,29,US-45,99999999999999999999,0000000,37.08575556,-88.60366389,2,1
21,169,5,24,18,21,1,4,0,0,5,3,0,35,0,3,4,1,2,55,1,1,2,1,20,3,1,1,0,0,18,21,18,27,19,14,0,0,0,0,1,1,0,210291,0,2009,106,SR-640,SR-3234,0000000,36.98479722,-85.71670556,1,1
21,121,5,1,23,36,1,1,0,0,5,3,0,34,0,1,4,1,2,55,1,2,2,1,0,0,2,1,0,0,23,39,23,50,2,26,0,0,0,0,1,6,0,210292,0,2009,80,SR-459,99999999999999999999,0000000,36.85012778,-83.91855278,1,1
21,125,5,30,16,38,1,4,0,0,5,3,0,42,0,1,4,1,2,55,1,1,2,1,40,3,1,1,0,0,16,47,16,58,99,99,0,0,0,0,1,7,0,210293,0,2009,53,SR-638,99999999999999999999,0000000,37.22985,-83.99717222,1,1
21,141,6,2,6,56,1,1,0,0,5,3,0,34,0,1,4,1,2,55,1,1,2,1,0,0,1,1,0,0,6,59,7,5,7,30,0,0,0,0,1,3,0,210294,0,2009,40,SR-3519,99999999999999999999,0000000,36.90021389,-86.926875,1,1
21,211,6,2,21,11,1,4,0,0,6,4,0,35,0,1,4,1,2,35,1,3,2,1,0,0,2,1,0,0,21,11,21,20,22,8,0,0,0,0,1,3,0,210295,2980,2009,41,BURKS BRANCH ROAD,99999999999999999999,0000000,38.26696111,-85.225025,1,1
21,15,6,4,0,37,1,2,0,0,4,3,0,34,0,1,4,1,2,55,2,1,2,1,40,3,2,1,0,0,0,40,0,49,1,32,0,0,0,0,1,5,1,210296,0,2009,103,SR-20,99999999999999999999,0000000,39.06938056,-84.81483889,1,1
21,215,6,4,9,27,2,2,0,0,3,2,0,12,2,1,1,1,2,55,2,2,2,2,40,3,1,2,0,0,99,99,99,99,99,99,0,0,0,0,2,5,0,210297,0,2009,8,US-31E,99999999999999999999,0000000,37.98348056,-85.48590556,2,2
21,133,6,4,17,43,2,2,0,1,2,2,0,12,2,1,1,1,2,55,1,1,2,2,0,0,1,2,0,0,17,46,17,56,18,20,0,0,0,0,1,5,0,210298,0,2009,211,US-119 N,99999999999999999999,0000000,37.13442222,-82.76739167,2,2
21,137,6,6,22,1,3,6,0,1,2,2,0,12,2,1,1,1,2,55,1,1,2,1,40,3,2,1,0,0,22,1,22,6,22,21,0,0,0,0,1,7,1,210299,0,2009,96,US-127,99999999999999999999,0000000,37.55032778,-84.80093611,3,1
21,101,6,6,16,50,3,5,0,0,3,2,0,12,1,1,1,1,2,55,1,1,2,1,0,0,1,1,0,0,16,50,17,4,17,58,0,0,0,0,1,7,1,210300,0,2009,219,US-60,99999999999999999999,0000000,37.85533889,-87.36645833,3,1
21,195,6,8,6,37,1,2,0,0,4,3,0,30,0,1,4,1,2,35,2,1,2,1,0,0,1,1,0,0,6,43,99,99,9,7,0,0,0,0,1,2,1,210301,2637,2009,358,SR-194,99999999999999999999,0000000,37.45612222,-82.28330556,1,1
21,141,6,8,7,9,2,3,0,0,5,3,0,12,2,1,1,1,2,55,1,1,2,1,0,0,1,1,0,0,7,17,7,44,8,13,0,0,0,0,1,2,0,210302,0,2009,47,SR-102,99999999999999999999,0000000,36.68332222,-87.02450833,2,1
21,191,6,8,18,32,2,2,0,0,3,2,0,12,2,1,1,1,2,55,1,1,2,1,0,0,1,1,0,0,99,99,99,99,99,99,0,0,0,0,1,2,1,210303,480,2009,175,US-27,99999999999999999999,0000000,38.78342778,-84.34993611,2,1
21,173,6,9,1,26,1,1,0,0,6,4,0,19,0,3,4,1,2,25,1,1,2,1,20,3,2,1,0,0,1,26,1,36,1,50,0,0,0,0,1,3,1,210304,0,2009,0,ARLINGTON AVE,OLD OWINGSVILLE RD,0000000,38.07833056,-83.90526944,1,1
21,13,6,9,13,10,2,3,0,1,2,2,0,12,2,1,1,1,2,55,1,1,2,1,0,0,1,1,0,0,99,99,99,99,99,99,0,0,0,0,1,3,0,210305,514,2009,32,US-119,99999999999999999999,0000000,36.72116944,-83.63398056,2,1
21,179,6,6,13,14,1,3,0,0,5,3,0,1,0,1,4,1,2,55,1,2,2,1,0,0,1,1,0,0,13,14,13,25,14,5,0,0,0,0,1,7,0,210306,0,2009,54,SR-162,99999999999999999999,0000000,37.88515,-85.33381389,1,1
21,143,6,13,10,45,2,3,0,0,4,3,0,12,2,2,1,1,2,35,1,2,2,1,20,3,1,1,0,0,10,46,10,48,11,21,0,0,0,0,1,7,0,210307,970,2009,164,SR-93,NEWMAN DR.,0000000,37.08594444,-88.08635,2,1
21,237,6,13,20,58,1,1,0,0,4,3,0,24,0,1,4,1,2,55,2,1,1,1,40,3,5,1,0,0,99,99,99,99,88,88,0,0,0,0,1,7,0,210308,0,2009,142,SR-191,99999999999999999999,0000000,37.78414722,-83.35550278,1,1
21,163,6,14,0,1,1,1,0,0,3,3,0,1,0,1,4,1,2,55,1,2,2,1,0,0,2,1,0,0,0,50,0,59,88,88,0,0,0,0,1,1,1,210309,0,2009,12,SR-448,99999999999999999999,0000000,37.93353611,-86.13530278,1,1
21,59,6,14,2,37,2,3,0,0,16,5,0,12,1,2,1,1,2,30,1,1,2,1,0,0,3,1,0,0,2,38,2,42,2,52,0,0,0,0,1,1,1,210310,2490,2009,13,5TH ST. WEST,SYCAMORE ST.,0000000,37.77108889,-87.12126111,2,1
21,221,6,14,17,37,1,3,1,0,6,4,0,9,0,1,1,1,2,35,1,1,2,2,0,0,1,2,0,0,17,41,17,51,18,50,0,0,0,0,1,1,0,210311,0,2009,23,RILEY HOLLOW RD,99999999999999999999,0000000,36.84360278,-87.89536667,1,2
21,239,6,15,2,42,1,1,0,1,2,8,0,1,0,1,3,2,2,70,2,2,2,1,0,0,2,1,0,0,2,45,2,53,88,88,0,0,0,0,1,2,0,210312,0,2009,657,BG9002,99999999999999999999,0000000,37.98483333,-84.82243611,1,1
21,51,6,15,14,8,2,2,0,0,6,8,0,12,2,1,1,1,2,55,1,1,2,1,0,0,1,1,0,0,15,0,15,24,88,88,0,0,0,0,2,2,0,210313,0,2009,233,HR9006,99999999999999999999,0000000,37.13568889,-83.72474722,2,1
21,205,6,15,16,30,2,2,0,1,1,1,0,12,1,1,1,2,4,70,1,1,2,1,40,3,1,1,0,0,16,34,16,42,88,88,0,0,0,0,1,2,0,210314,0,2009,1382,I-64,99999999999999999999,0000000,38.20021667,-83.46781389,2,1
21,35,6,13,18,30,1,1,0,0,4,3,0,27,0,1,4,1,2,35,2,2,2,1,40,3,1,1,0,0,18,32,18,43,19,25,0,0,0,0,1,7,1,210315,2385,2009,48,SR-121,99999999999999999999,0000000,36.53677778,-88.14721667,1,1
21,199,6,16,7,18,2,4,0,1,2,3,0,12,2,1,1,1,2,55,1,2,2,1,0,0,1,8,0,0,7,21,7,35,8,28,0,0,0,0,1,3,0,210316,0,2009,334,SR-80 EAST,99999999999999999999,0000000,37.16271111,-84.40409722,2,8
21,227,6,19,10,56,2,2,0,0,16,5,0,12,2,1,1,1,2,35,1,1,2,1,0,0,1,1,0,0,10,57,11,7,11,26,0,0,0,0,1,6,1,210317,350,2009,2,CAVE MILL RD,99999999999999999999,0000000,36.94233889,-86.44936667,2,1
21,191,6,19,9,15,1,1,0,0,4,3,0,42,0,1,4,1,2,55,2,1,2,1,40,3,1,1,0,0,9,15,9,36,99,99,0,0,0,0,1,6,0,210318,0,2009,83,SR-17,99999999999999999999,0000000,38.79209167,-84.45018889,1,1
21,173,6,18,1,15,1,2,0,0,3,2,0,32,0,1,4,1,2,45,1,1,2,1,40,3,2,1,0,0,1,17,1,23,1,41,0,0,0,0,1,5,0,210319,1741,2009,183,US-460,99999999999999999999,0000000,37.97038889,-83.83289444,1,1
21,157,6,20,11,10,1,1,0,0,6,4,0,42,0,1,4,1,2,55,2,1,2,1,0,0,1,1,0,0,11,10,11,21,88,88,0,0,0,0,1,7,0,210320,0,2009,41,MOORS CAMP HWY,99999999999999999999,0000000,36.91895,-88.23364722,1,1
21,157,6,20,18,50,2,3,0,0,4,3,0,12,2,1,1,1,2,55,2,2,2,1,40,3,1,1,0,0,99,99,99,99,99,99,0,0,0,0,1,7,0,210321,0,2009,0,SR-348,99999999999999999999,0000000,36.87718333,-88.40796944,2,1
21,111,6,21,2,45,1,2,0,0,6,5,0,42,0,1,4,1,3,35,1,1,2,1,20,3,3,1,0,0,99,99,99,99,99,99,0,0,0,0,1,1,0,210322,2090,2009,14,SOUTHWESTERN PKWY,99999999999999999999,0000000,38.24802222,-85.829625,1,1
21,199,6,21,14,34,2,2,0,0,4,3,0,12,4,1,1,1,2,55,1,1,2,1,0,0,1,1,0,0,14,41,14,58,15,31,0,0,0,0,1,1,1,210323,0,2009,118,SR-39,99999999999999999999,0000000,37.25089444,-84.519325,2,1
21,111,6,21,15,58,1,3,1,0,16,5,0,8,0,1,1,4,1,35,1,1,2,1,0,0,1,1,0,0,15,58,16,2,16,19,0,0,0,0,1,1,0,210324,2090,2009,0,TAYLOR ROAD,99999999999999999999,0000000,38.20513889,-85.77833056,1,1
21,221,6,22,6,50,2,2,0,0,5,3,0,12,1,4,1,1,2,55,1,2,2,1,0,0,1,1,0,0,6,54,7,6,88,88,0,0,0,0,1,2,0,210325,0,2009,35,SR-274,99999999999999999999,0000000,36.86825833,-87.87959444,2,1
21,83,6,23,5,9,1,1,0,1,12,3,0,24,0,1,4,2,2,45,2,2,1,1,0,0,4,1,0,0,5,9,5,21,88,88,0,0,0,0,1,3,0,210326,0,2009,212,SR-9003,99999999999999999999,0000000,36.72010556,-88.66769444,1,1
21,73,6,23,12,55,1,2,0,1,1,1,0,1,0,1,3,2,2,70,1,2,2,1,0,0,1,1,0,0,12,55,13,4,13,25,0,0,0,0,1,3,0,210327,0,2009,591,I-64,99999999999999999999,0000000,38.17245556,-84.77973333,1,1
21,139,6,23,16,35,1,1,0,0,5,3,0,37,0,1,4,1,2,55,1,1,2,1,0,0,1,1,0,0,16,55,17,9,88,88,0,0,0,0,1,3,0,210328,0,2009,34,SR-135,99999999999999999999,0000000,37.28060833,-88.369475,1,1
21,235,6,25,7,17,3,3,0,0,14,3,0,12,4,1,1,1,2,45,1,1,2,1,0,0,1,1,0,0,7,17,7,20,7,38,0,0,0,0,1,5,1,210329,770,2009,140,SR-26,99999999999999999999,0000000,36.92923333,-84.09105,3,1
21,47,6,25,18,2,2,6,0,0,6,3,0,12,5,2,1,1,2,55,1,1,2,1,20,3,1,1,0,0,18,3,18,23,19,5,0,0,0,0,1,5,1,210330,0,2009,33,SR-695,SR-117,0000000,36.77959167,-87.61064444,2,1
21,111,6,15,1,35,2,3,0,0,13,3,0,12,5,8,1,1,4,35,1,1,1,1,40,3,3,1,0,0,1,39,1,46,2,16,0,0,0,0,1,2,0,210331,2090,2009,91,SR-1934,99999999999999999999,0000000,38.19694444,-85.84064444,2,1
21,81,6,26,8,25,1,1,0,1,1,1,0,37,0,1,4,3,6,70,2,1,2,1,0,0,1,1,0,0,8,31,8,44,88,88,0,0,0,0,1,6,0,210332,0,2009,1651,I-75,99999999999999999999,0000000,38.7668,-84.60948889,1,1
21,175,6,26,11,30,3,5,0,0,3,3,0,12,2,1,1,1,2,55,1,1,2,1,0,0,1,1,0,0,99,99,99,99,99,99,0,0,0,0,1,6,0,210333,0,2009,31,SR-519,99999999999999999999,0000000,37.97157222,-83.30730833,3,1
21,45,6,26,13,48,2,3,0,0,4,3,0,12,6,8,1,1,2,55,1,1,2,1,0,0,1,1,0,0,13,48,14,7,14,45,0,0,0,0,1,6,0,210334,0,2009,41,SR-80,99999999999999999999,0000000,37.12946111,-84.90019722,2,1
21,173,6,27,18,1,1,1,0,0,3,3,0,1,0,1,2,1,2,45,2,1,2,1,40,3,1,1,0,0,18,1,18,5,18,23,0,0,0,0,1,7,0,210335,0,2009,103,SR-11,99999999999999999999,0000000,38.0834,-83.94962222,1,1
21,111,6,28,5,18,1,1,0,0,13,3,0,52,0,1,4,1,2,45,1,2,2,1,0,0,3,1,0,0,99,99,99,99,88,88,0,0,0,0,1,1,1,210336,2090,2009,49,SR-1065,99999999999999999999,0000000,38.13705556,-85.70614722,1,1
21,83,6,28,18,15,3,5,0,0,6,3,0,12,1,8,1,1,2,55,1,1,2,1,0,0,1,1,0,0,18,15,18,17,19,11,0,0,0,0,1,1,0,210337,0,2009,85,SR-58,99999999999999999999,0000000,36.76130278,-88.58482222,3,1
21,89,6,28,22,55,1,1,0,0,6,4,0,42,0,1,4,1,2,35,2,2,2,1,0,0,2,1,0,0,22,56,23,7,88,88,0,0,0,0,1,1,1,210338,1350,2009,0,ALLCORN RD,99999999999999999999,0000000,38.53050833,-82.87429444,1,1
21,9,6,30,17,43,1,1,0,0,5,3,0,27,0,1,4,1,2,55,1,1,2,1,0,0,1,1,0,0,17,43,17,56,18,36,0,0,0,0,1,3,1,210339,0,2009,99,SR-87,99999999999999999999,0000000,36.81756389,-86.00676944,1,1
21,111,6,30,21,28,1,8,0,0,6,5,0,1,0,1,1,4,1,25,2,1,2,1,0,0,5,1,0,0,21,29,21,42,21,58,0,0,0,0,1,3,0,210340,2090,2009,6,SCENIC LOOP,99999999999999999999,0000000,38.23710278,-85.70187778,1,1
21,85,6,29,17,16,2,4,0,0,4,3,0,12,2,8,1,1,2,35,1,1,2,1,40,3,1,1,0,0,17,16,17,30,18,0,0,0,0,0,1,2,0,210341,550,2009,39,SR-79,99999999999999999999,0000000,37.40275556,-86.51561667,2,1
21,13,6,29,3,42,1,1,0,1,13,2,0,1,0,1,2,2,4,55,2,3,2,1,40,3,3,1,0,0,99,99,99,99,88,88,0,0,0,0,1,2,1,210342,2220,2009,31,US-25E,99999999999999999999,0000000,36.61693889,-83.70358889,1,1
21,213,6,12,17,58,1,2,0,1,1,1,0,35,0,1,4,3,6,70,1,1,2,1,0,0,1,1,0,0,18,2,18,11,18,37,0,0,0,0,1,6,0,210343,0,2009,106,I-65,99999999999999999999,0000000,36.76745833,-86.48398889,1,1
21,51,6,13,19,10,1,2,0,0,6,4,0,37,0,1,4,1,2,55,2,1,2,2,0,0,1,1,0,0,19,11,19,15,19,18,0,0,0,0,1,7,0,210344,0,2009,0,THOMAS BRANCH RD N.,99999999999999999999,0000000,37.18404722,-83.76740556,1,1
21,29,6,15,20,8,2,2,0,1,1,1,0,12,1,1,1,3,6,55,1,1,2,2,40,3,1,1,0,1,20,9,20,17,88,88,0,3,0,0,1,2,0,210345,707,2009,1116,I-65,99999999999999999999,0000000,37.91671111,-85.68718056,2,1
21,71,6,25,21,43,1,1,0,1,13,2,0,35,0,1,4,2,4,55,1,2,2,1,0,0,2,1,0,0,21,45,21,49,22,14,0,0,0,0,1,5,1,210346,2670,2009,166,US-23,99999999999999999999,0000000,37.66697222,-82.79271111,1,1
21,121,6,21,15,45,2,4,0,0,6,4,0,12,2,1,1,1,2,55,2,1,4,2,0,0,1,2,0,0,99,99,99,99,99,99,0,0,0,0,1,1,0,210347,0,2009,0,FRISBY BRANCH RD,99999999999999999999,0000000,36.95541389,-83.83139167,2,2
21,9,6,19,20,18,2,4,0,0,6,4,0,12,2,1,1,1,2,55,1,1,2,1,0,0,2,1,0,0,20,18,20,24,20,57,0,0,0,0,1,6,0,210348,0,2009,8,MATTHEW MILL RD,99999999999999999999,0000000,36.932125,-85.968275,2,1
21,89,6,20,14,5,1,1,0,0,6,3,0,24,0,3,4,5,4,35,1,1,2,1,3,3,1,1,0,0,14,19,14,47,15,27,0,0,0,0,1,7,0,210349,1129,2009,0,SR-207,US-23,0000000,38.53579722,-82.70495,1,1
21,173,6,30,23,10,1,5,0,0,3,2,0,1,0,1,1,1,2,55,1,1,2,1,40,3,2,1,0,0,23,11,23,17,23,34,0,0,0,0,2,3,1,210350,0,2009,128,US-460,99999999999999999999,0000000,38.01608056,-83.91155833,1,1
21,125,6,26,14,21,2,4,0,0,6,3,0,12,5,2,1,1,2,55,1,1,2,1,20,3,1,1,0,0,14,21,14,27,14,38,0,0,0,0,1,6,0,210351,0,2009,18,SR-3094 EAST,SR-3434,0000000,37.18998056,-84.10819444,2,1
21,157,6,6,20,18,1,1,0,1,2,2,0,1,0,1,2,1,2,55,2,2,2,1,40,3,2,1,0,0,20,21,20,25,20,40,0,0,0,0,1,7,1,210352,0,2009,101,US-641,99999999999999999999,0000000,36.87055833,-88.348275,1,1
21,203,2,28,8,48,1,4,0,0,16,4,0,35,0,1,4,1,2,55,1,3,2,2,0,0,1,2,0,0,8,51,9,3,9,26,0,0,0,0,1,7,0,210353,0,2009,39,COPPER CREEK RD,99999999999999999999,0000000,37.46072222,-84.39208056,1,2
21,95,5,14,16,5,1,1,0,0,4,3,0,42,0,1,4,1,2,55,1,1,2,1,0,0,1,1,0,0,16,19,16,29,88,88,0,0,0,0,1,5,0,210354,1608,2009,239,SR-38,99999999999999999999,0000000,36.86537222,-82.98316944,1,1
21,117,5,8,5,39,1,1,0,1,11,1,0,52,0,1,4,3,3,55,2,2,2,2,0,0,3,2,0,0,5,43,5,49,6,24,0,0,0,0,1,6,0,210355,800,2009,1903,I-75,99999999999999999999,0000000,39.06711389,-84.52069722,1,2
21,67,5,12,9,10,1,1,0,1,11,1,0,29,0,1,4,2,2,65,2,2,2,1,0,0,1,1,0,0,99,99,99,99,99,99,0,0,0,0,1,3,0,210356,1980,2009,813,I-75,99999999999999999999,0000000,38.056675,-84.42362222,1,1
21,97,6,7,3,40,1,1,0,1,2,2,0,32,0,1,5,1,2,55,2,2,2,1,0,0,2,1,0,0,3,45,3,53,88,88,0,0,0,0,1,1,0,210357,0,2009,100,US-27,99999999999999999999,0000000,38.43456389,-84.28496389,1,1
21,119,2,28,10,10,2,4,0,0,5,3,0,12,2,2,1,1,2,55,2,1,2,2,0,0,1,2,0,0,99,99,99,99,99,99,0,0,0,0,1,7,0,210358,97,2009,6,SR-1231,FLAX PATCH RD,0000000,37.23060278,-82.99638611,2,2
21,17,7,1,0,5,1,1,0,0,4,3,0,42,0,1,4,1,2,55,2,1,2,1,0,0,2,1,0,0,0,17,0,30,88,88,0,0,0,0,1,4,1,210359,0,2009,84,SR-57,99999999999999999999,0000000,38.10464167,-84.15351389,1,1