STATE,COUNTY,MONTH,DAY,HOUR,MINUTE,VE_TOTAL,PERSONS,PEDS,NHS,ROAD_FNC,ROUTE,SP_JUR,HARM_EV,MAN_COLL,REL_JUNC,REL_ROAD,TRAF_FLO,NO_LANES,SP_LIMIT,ALIGNMNT,PROFILE,PAVE_TYP,SUR_COND,TRA_CONT,T_CONT_F,LGT_COND,WEATHER1,WEATHER2,WRK_ZONE,NOT_HOUR,NOT_MIN,ARR_HOUR,ARR_MIN,HOSP_HR,HOSP_MN,SCH_BUS,CF1,CF2,CF3,FATALS,DAY_WEEK,DRUNK_DR,ST_CASE,CITY,YEAR,MILEPT,TWAY_ID,TWAY_ID2,RAIL,LATITUDE,LONGITUD,VE_FORMS,WEATHER
21,63,7,1,14,30,1,2,0,1,3,3,0,35,0,1,4,1,2,55,2,1,1,1,0,0,1,1,0,0,99,99,99,99,88,88,0,0,0,0,2,4,1,210360,0,2009,140,SR-7 NORTH,99999999999999999999,0000000,38.15021667,-83.05140556,1,1
21,99,7,1,18,49,2,2,0,1,1,1,0,12,1,1,1,2,4,70,1,3,2,1,0,0,1,1,0,0,18,49,19,2,88,88,0,3,0,0,1,4,0,210361,0,2009,595,I-65,99999999999999999999,0000000,37.21693333,-85.93497222,2,1
21,49,7,2,19,34,1,1,0,0,4,3,0,39,0,1,4,1,2,45,2,2,2,1,40,3,1,1,0,0,19,34,19,45,21,7,0,0,0,0,1,5,0,210362,0,2009,31,SR-418,99999999999999999999,0000000,37.91955556,-84.27891389,1,1
21,167,7,2,22,54,1,2,0,0,5,3,0,38,0,1,4,1,2,55,1,2,2,1,40,3,2,1,0,0,0,26,0,32,1,8,0,18,0,0,1,5,1,210363,0,2009,87,SR-1989,99999999999999999999,0000000,37.77023889,-84.85876389,1,1
21,107,7,2,23,44,1,6,2,0,14,3,0,8,0,1,4,1,2,35,1,1,2,1,40,3,3,1,0,0,23,52,0,4,0,18,0,0,0,0,1,5,1,210364,2150,2009,16,SR-1178,99999999999999999999,0000000,37.33321111,-87.50000833,1,1
21,235,7,3,12,49,1,1,0,0,6,4,0,42,0,1,4,1,2,45,2,2,2,1,0,0,1,1,0,0,12,50,13,3,88,88,0,0,0,0,1,6,0,210365,0,2009,99999,BLACK DIAMOND RD,99999999999999999999,0000000,36.92725278,-84.14531667,1,1
21,79,7,3,13,37,2,4,0,1,2,2,0,12,2,1,1,1,2,55,1,1,2,1,0,0,1,1,0,0,13,37,13,50,88,88,0,0,0,0,1,6,0,210366,0,2009,134,US-27,99999999999999999999,0000000,37.71723333,-84.6494,2,1
21,29,7,3,23,55,2,10,0,1,1,1,0,13,5,1,1,2,6,70,2,2,1,1,40,3,2,1,0,1,0,0,0,4,1,14,0,3,2,0,1,6,0,210367,0,2009,1085,I-65,99999999999999999999,0000000,37.866825,-85.70528889,2,1
21,49,7,3,22,42,1,1,0,1,2,3,0,42,0,1,4,1,2,70,1,1,2,1,40,3,2,1,0,0,22,42,23,6,88,88,0,0,0,0,1,6,0,210368,0,2009,114,SR-9000,99999999999999999999,0000000,37.91725278,-83.97696111,1,1
21,59,7,4,5,53,2,2,0,0,14,3,0,12,2,1,1,1,2,45,2,3,2,1,40,3,4,1,0,0,5,55,5,59,6,39,0,0,0,0,1,7,1,210369,0,2009,5,SR-144,99999999999999999999,0000000,37.79974722,-87.02313333,2,1
21,227,7,5,12,30,2,3,0,1,2,2,0,12,5,2,1,5,4,55,1,2,2,1,40,3,1,1,0,0,12,32,12,38,13,6,0,0,0,0,1,1,0,210370,2775,2009,32,US-68,SR-242,0000000,36.91479722,-86.568575,2,1
21,35,7,8,9,56,2,2,0,0,6,3,0,12,2,1,1,1,2,55,1,3,2,1,40,3,1,1,0,0,9,58,10,8,10,41,0,0,0,0,1,4,0,210371,0,2009,47,SR-1824,99999999999999999999,0000000,36.73185,-88.297075,2,1
21,91,7,8,15,5,2,3,0,0,6,2,0,12,5,2,1,1,4,55,1,1,2,1,20,3,1,1,0,0,15,9,15,15,15,50,0,0,0,0,1,4,0,210372,0,2009,99999,US-60,JOHN PATE RD,0000000,37.928525,-86.85143056,2,1
21,151,7,3,13,30,2,4,0,0,3,3,0,12,2,2,1,5,4,55,1,1,2,1,0,0,1,1,0,0,13,35,13,38,13,57,0,0,0,0,1,6,0,210373,0,2009,151,SR-52,CATALPA LOOP,0000000,37.739125,-84.22827222,2,1
21,111,7,4,2,56,1,1,0,0,16,5,0,7,0,1,1,1,2,35,1,1,2,1,0,0,3,1,0,0,2,56,3,4,3,21,0,3,0,0,1,7,1,210374,2090,2009,2,34TH ST. SOUTH,99999999999999999999,0000000,38.25836944,-85.80742778,1,1
21,199,7,9,5,50,2,4,0,1,2,2,0,12,2,1,1,1,2,55,2,2,2,1,0,0,4,1,0,0,5,56,6,10,99,99,0,0,0,0,1,5,0,210375,3070,2009,30,US-27 SOUTH,99999999999999999999,0000000,36.93812778,-84.53953611,2,1
21,63,7,9,21,14,1,2,0,0,3,3,0,7,0,1,2,1,2,55,2,3,2,1,0,0,2,1,0,0,21,31,21,39,99,99,0,0,0,0,1,5,1,210376,0,2009,147,SR-7,99999999999999999999,0000000,38.15295,-83.05003056,1,1
21,89,7,9,16,57,2,3,0,0,4,3,0,12,2,4,1,1,2,45,1,2,2,1,0,0,1,1,0,0,16,59,17,9,17,29,0,0,0,0,1,5,0,210377,1350,2009,147,SR-1,99999999999999999999,0000000,38.53339722,-82.81785833,2,1
21,93,7,10,16,20,2,3,0,1,13,2,0,12,5,2,1,5,4,45,1,1,2,1,20,3,1,1,0,0,16,22,16,29,17,40,0,0,0,0,1,6,0,210378,1000,2009,289,US-31W,GLOBE ST,0000000,37.85408611,-85.95132222,2,1
21,15,7,11,18,29,2,3,0,0,4,2,0,12,4,1,1,1,2,55,2,2,2,2,40,3,1,1,0,0,18,40,18,53,19,10,0,0,0,0,1,7,1,210379,0,2009,5,US-42,99999999999999999999,0000000,38.83041389,-84.73986667,2,1
21,99,7,12,13,50,4,8,0,1,1,1,0,12,1,1,1,3,2,70,1,1,2,1,0,0,1,1,0,1,13,57,14,10,15,1,0,3,0,0,1,1,0,210380,0,2009,576,I-65,99999999999999999999,0000000,37.20066389,-85.93763333,4,1
21,227,7,12,17,6,2,2,0,0,4,2,0,12,1,1,1,2,4,55,1,1,2,1,40,3,1,1,0,0,17,9,17,30,17,43,0,0,0,0,1,1,0,210381,0,2009,164,US-231,99999999999999999999,0000000,36.99131111,-86.499825,2,1
21,107,7,16,14,3,3,3,0,0,3,2,0,12,2,3,1,1,2,45,1,1,2,1,0,0,1,1,0,0,14,5,14,15,14,58,0,0,0,0,1,5,0,210382,2360,2009,87,US-41A,SR-502,0000000,37.38373056,-87.642575,3,1
21,47,7,16,22,38,1,2,0,0,6,4,0,35,0,1,4,1,2,55,1,1,2,1,0,0,2,1,0,0,22,38,23,0,23,19,0,0,0,0,1,5,1,210383,0,2009,0,MT. VERNON CHURCH RD,99999999999999999999,0000000,36.75575,-87.49951667,1,1
21,135,7,17,16,21,3,5,0,1,2,3,0,12,5,2,1,1,2,55,1,1,2,1,40,3,1,1,0,0,16,21,16,26,17,50,0,0,0,0,2,6,0,210384,3279,2009,283,SR-9,SR-57,0000000,38.55413889,-83.58492778,3,1
21,185,7,18,17,10,1,1,0,0,4,2,0,7,0,1,1,1,2,55,1,3,2,1,0,0,1,1,0,0,17,13,17,26,88,88,0,0,0,0,1,7,0,210385,0,2009,174,US-42 EAST,99999999999999999999,0000000,38.48282222,-85.35930556,1,1
21,7,7,19,2,17,1,1,0,0,5,3,0,34,0,1,4,1,2,55,1,2,2,1,0,0,2,1,0,0,2,18,2,34,88,88,0,0,0,0,1,1,1,210386,0,2009,11,SR-1290,99999999999999999999,0000000,36.97002222,-89.08131111,1,1
21,93,7,19,13,20,1,5,0,1,2,8,0,42,0,1,4,2,2,70,1,1,2,1,0,0,1,1,0,0,99,99,99,99,99,99,0,0,0,0,1,1,0,210387,0,2009,1289,WK9001,99999999999999999999,0000000,37.61824167,-85.95655833,1,1
21,67,7,19,14,45,2,3,0,0,3,3,0,12,2,1,1,1,2,55,2,2,2,1,0,0,1,1,0,0,14,49,15,10,88,88,0,0,0,0,1,1,0,210388,1980,2009,2,SR-1974,99999999999999999999,0000000,37.88623333,-84.44255,2,1
21,83,7,20,13,15,1,1,0,1,2,8,0,52,0,1,4,2,4,70,1,2,2,1,0,0,1,1,0,0,13,20,13,26,88,88,0,0,0,0,1,2,0,210389,0,2009,25,JC9003,99999999999999999999,0000000,36.76914167,-88.633575,1,1
21,93,7,20,18,38,1,1,0,1,2,8,0,42,0,1,4,2,4,70,1,1,2,1,40,3,1,1,0,0,18,44,18,56,19,41,0,0,0,0,1,2,0,210390,0,2009,52,BG9002,99999999999999999999,0000000,37.72293611,-85.73490278,1,1
21,47,7,20,4,24,1,1,0,1,2,8,0,1,0,1,3,2,4,70,1,1,1,1,0,0,2,1,0,0,4,25,4,40,88,88,0,0,0,0,1,2,0,210391,0,2009,214,EB-9004,99999999999999999999,0000000,37.03349444,-87.46061389,1,1
21,27,7,20,23,34,1,1,0,0,3,3,0,34,0,1,4,1,2,55,1,1,2,1,0,0,2,1,0,0,23,35,23,43,99,99,0,0,0,0,1,2,0,210392,3499,2009,11,SR-79 SOUTH,99999999999999999999,0000000,37.68375278,-86.41541111,1,1
21,155,7,14,14,32,2,4,0,0,14,2,0,12,2,1,1,5,4,35,1,1,2,1,3,3,1,1,0,0,14,34,14,36,14,57,0,0,0,0,1,3,0,210393,1910,2009,103,US-68,99999999999999999999,0000000,37.560875,-85.26991389,2,1
21,73,7,22,6,26,1,3,0,1,2,2,0,1,0,5,2,6,1,70,2,2,2,2,0,0,1,1,0,0,6,27,6,30,6,48,0,0,0,0,1,4,1,210394,0,2009,1,US-127,99999999999999999999,0000000,38.15021667,-84.89616389,1,1
21,77,7,22,11,30,1,1,0,1,1,1,0,24,0,1,4,2,2,70,2,2,2,2,0,0,1,2,0,0,11,32,11,45,88,88,0,0,0,0,1,4,0,210395,0,2009,634,I-71,99999999999999999999,0000000,38.75140556,-84.810075,1,2
21,73,7,23,12,50,2,2,0,1,1,1,0,12,1,1,1,2,4,70,1,1,2,1,0,0,1,1,0,0,12,55,13,5,13,54,0,19,0,0,1,5,0,210396,0,2009,473,I-64,99999999999999999999,0000000,38.14562778,-84.98336667,2,1
21,111,7,23,12,26,2,2,0,1,11,1,0,12,1,1,1,3,2,65,1,1,1,1,0,0,1,1,0,0,12,28,12,37,13,8,0,0,0,0,1,5,0,210397,2090,2009,31,I-265,99999999999999999999,0000000,38.28656944,-85.51676389,2,1
21,215,7,24,12,48,2,6,0,0,3,3,0,12,2,1,1,1,3,55,1,1,2,1,0,0,1,1,0,0,12,49,12,55,13,52,0,0,0,0,1,6,0,210398,0,2009,86,SR-55,99999999999999999999,0000000,38.06623611,-85.346475,2,1
21,59,7,24,20,43,2,4,0,0,4,3,0,12,2,1,1,1,2,45,2,1,2,1,40,3,2,1,0,0,20,46,20,59,21,38,0,0,0,0,1,6,1,210399,0,2009,161,SR-54,99999999999999999999,0000000,37.67264444,-86.84344722,2,1
21,111,7,23,2,55,2,2,0,1,13,3,0,12,5,2,1,5,4,45,1,1,2,1,0,0,2,1,0,0,2,55,2,59,3,27,0,0,0,0,1,5,2,210400,2090,2009,79,SR-1934,MELODY ACRES LN,0000000,38.18680833,-85.85229722,2,1
21,15,7,23,16,4,2,2,0,1,11,1,0,12,1,1,1,2,3,65,1,1,1,1,40,3,1,1,0,0,16,4,16,10,16,51,0,0,0,0,1,5,0,210401,0,2009,63,I-275,99999999999999999999,0000000,39.07584444,-84.682875,2,1
21,29,7,15,22,16,1,2,0,0,13,2,0,36,0,1,4,1,4,55,1,1,2,1,0,0,2,1,0,0,22,18,22,19,99,99,0,0,0,0,1,4,1,210402,2335,2009,36,US-31E,99999999999999999999,0000000,38.04998333,-85.53568889,1,1
21,155,7,25,11,19,1,5,0,0,6,4,0,32,0,1,4,1,2,55,2,1,2,1,0,0,1,1,0,0,11,23,11,35,12,20,0,0,0,0,1,7,1,210403,0,2009,2,BEECH FORK RD,99999999999999999999,0000000,37.58934167,-85.07284722,1,1
21,83,7,25,19,26,1,1,0,0,4,2,0,42,0,1,4,1,2,55,2,1,2,1,40,3,5,1,0,0,19,30,19,43,88,88,0,0,0,0,1,7,1,210404,0,2009,19,US-45,99999999999999999999,0000000,36.58431389,-88.79841389,1,1
21,93,7,26,14,22,2,4,0,0,6,4,0,12,3,4,1,1,2,55,1,3,2,1,0,0,1,1,0,0,14,23,14,31,88,88,0,0,0,0,1,1,0,210405,0,2009,10,SILVER MINE RD,99999999999999999999,0000000,37.51313056,-85.95754722,2,1
21,121,7,22,12,0,1,1,0,0,5,3,0,42,0,1,4,1,2,45,2,1,2,1,0,0,1,1,0,0,12,4,12,8,99,99,0,0,0,0,1,4,0,210406,0,2009,27,SR-1629,99999999999999999999,0000000,36.95112778,-84.03330833,1,1
21,145,7,22,12,48,2,3,0,0,14,3,0,12,2,1,1,1,4,55,1,1,2,2,40,3,1,1,0,0,99,99,99,99,99,99,0,0,0,0,1,4,0,210407,0,2009,36,SR-1954,99999999999999999999,0000000,37.00563611,-88.59993056,2,1
21,235,7,20,11,45,2,2,0,1,1,1,0,12,3,1,1,2,4,70,1,1,2,1,0,0,1,1,0,0,11,49,12,5,99,99,0,0,0,0,1,2,0,210408,0,2009,38,I-75 N,99999999999999999999,0000000,36.63333333,-84.11703611,2,1
21,175,7,28,20,7,1,1,0,0,5,3,0,42,0,1,4,1,2,55,2,1,2,1,0,0,1,1,0,0,99,99,99,99,99,99,0,0,0,0,1,3,0,210409,0,2009,83,SR-844,99999999999999999999,0000000,37.83371667,-83.27825556,1,1
21,113,7,27,10,52,2,3,0,1,13,2,0,12,5,2,1,1,4,55,1,1,2,1,3,3,1,1,0,0,10,54,10,57,11,34,0,0,0,0,1,2,0,210410,2410,2009,134,US-27,KOHLS DRIVE,0000000,37.93891667,-84.54747778,2,1
21,211,7,29,18,0,1,1,0,1,1,1,0,35,0,1,3,2,3,70,2,2,2,2,0,0,1,2,0,0,18,0,18,7,88,88,0,0,0,0,1,4,0,210411,0,2009,388,I-64,99999999999999999999,0000000,38.16486389,-85.13348611,1,2
21,199,7,30,13,55,1,2,0,0,6,3,0,1,0,1,2,1,2,55,2,2,2,1,0,0,1,1,0,0,13,55,14,17,14,37,0,0,0,0,1,5,0,210412,0,2009,29,SR-3262,99999999999999999999,0000000,37.09071944,-84.80033333,1,1
21,199,7,29,10,26,2,5,0,0,3,3,0,12,5,8,1,1,2,55,1,2,2,2,0,0,1,1,0,0,10,26,10,32,10,46,0,0,0,0,1,4,0,210413,0,2009,26,SR-90,99999999999999999999,0000000,36.98651111,-84.62978889,2,1
21,193,7,9,13,42,1,1,0,0,6,3,0,24,0,1,4,1,2,55,2,2,2,1,40,3,1,1,0,0,13,42,13,50,14,15,0,0,0,0,1,5,1,210414,1470,2009,23,SR-1440,99999999999999999999,0000000,37.27579444,-83.18381944,1,1
21,199,7,17,7,25,2,3,0,0,4,3,0,12,5,1,1,1,2,45,2,2,2,2,0,0,4,2,0,0,7,31,7,36,7,54,0,0,0,0,1,6,0,210415,0,2009,15,SR-39,99999999999999999999,0000000,37.11645833,-84.59502778,2,2
21,37,7,21,7,6,2,2,0,1,2,3,0,12,6,3,1,5,4,55,2,2,2,1,20,3,2,5,0,0,7,7,7,20,8,40,0,0,0,0,1,3,0,210416,0,2009,4,SR-9,SR-2828,0000000,38.86911667,-84.26110278,2,5
21,203,7,30,3,5,1,1,0,0,6,3,0,42,0,1,4,1,2,55,2,1,2,2,0,0,2,2,0,0,3,5,3,16,88,88,0,0,0,0,1,5,1,210417,0,2009,20,SR-3274,99999999999999999999,0000000,37.29860278,-84.30637778,1,2
21,69,7,8,18,33,1,1,0,0,3,3,0,36,0,1,4,1,3,55,1,2,2,1,40,3,1,1,0,0,99,99,99,99,99,99,0,0,0,0,1,4,0,210418,0,2009,59,SR-11,99999999999999999999,0000000,38.34996944,-83.75744722,1,1
21,67,8,1,6,42,3,3,0,1,13,3,0,12,5,2,1,5,4,45,1,1,2,1,3,3,1,1,0,0,6,43,6,49,7,2,0,0,0,0,1,7,0,210419,1980,2009,103,SR-004,SR-353,0000000,38.0709,-84.47696667,3,1
21,111,8,1,8,4,1,3,1,0,6,4,0,9,0,1,1,1,4,45,1,1,2,1,0,0,1,1,0,0,8,4,8,8,88,88,0,0,0,0,1,7,1,210420,2090,2009,4,CHAMBERLAIN LN,99999999999999999999,0000000,38.28815,-85.51899444,1,1
21,93,8,1,21,6,1,5,4,0,14,3,0,9,0,1,1,2,2,40,1,2,2,1,0,0,1,1,0,0,21,6,21,9,21,30,0,0,0,0,1,7,0,210421,2724,2009,9,SR-1815,99999999999999999999,0000000,37.82941389,-85.97192222,1,1
21,195,8,3,9,25,1,1,0,0,6,4,0,5,0,1,2,1,2,55,2,1,2,1,0,0,1,1,0,0,9,25,99,99,88,88,0,0,0,0,1,2,0,210422,2979,2009,6,SHELBY DRY FORK,99999999999999999999,0000000,37.38379722,-82.47891389,1,1
21,229,8,3,10,30,3,6,0,0,2,3,0,12,4,1,1,1,2,55,1,1,2,1,0,0,1,1,0,0,10,34,99,99,11,25,0,0,0,0,1,2,0,210423,0,2009,0,SR-55,99999999999999999999,0000000,37.71152778,-85.23759722,3,1
21,163,8,3,19,13,2,2,0,0,6,3,0,12,1,1,1,1,2,55,1,1,2,1,0,0,1,1,0,0,19,14,19,20,19,53,0,0,0,0,1,2,1,210424,0,2009,4,SR-1500,99999999999999999999,0000000,37.86983889,-85.984325,2,1
21,205,8,7,15,40,3,4,0,0,4,3,0,12,2,1,1,1,2,55,2,1,2,1,0,0,1,1,0,0,15,45,15,55,16,20,0,0,0,0,2,6,0,210425,0,2009,14,SR-1274,99999999999999999999,0000000,38.05228056,-83.44408056,3,1
21,95,8,1,18,0,1,1,0,0,5,3,0,1,0,1,1,1,2,55,1,2,2,1,0,0,1,1,0,0,99,99,99,99,99,99,0,0,0,0,1,7,0,210426,718,2009,9,SR-179,99999999999999999999,0000000,36.918675,-83.07822778,1,1
21,161,8,6,13,46,2,2,0,1,2,2,0,12,5,1,2,1,2,55,1,1,2,1,0,0,1,1,0,0,13,46,13,55,14,25,0,0,0,0,1,5,0,210427,2206,2009,53,US-68,99999999999999999999,0000000,38.52016944,-83.83662778,2,1
21,169,8,8,8,25,2,3,0,0,4,2,0,12,5,1,1,1,2,55,2,2,2,1,0,0,1,1,0,0,8,35,9,5,10,2,0,0,0,0,1,7,0,210428,0,2009,31,US-68,99999999999999999999,0000000,36.99134444,-85.65670833,2,1
21,177,8,10,12,27,2,2,0,0,4,2,0,12,8,2,1,1,2,35,2,1,2,1,3,3,1,1,0,0,12,27,12,28,12,34,0,0,0,0,1,2,0,210429,1360,2009,95,US-62,BOGGESS AVE,0000000,37.19806667,-87.19329444,2,1
21,155,8,10,15,8,1,1,0,0,5,3,0,38,0,1,4,1,2,55,2,2,2,1,0,0,1,1,0,0,99,99,99,99,88,88,0,0,0,0,1,2,1,210430,0,2009,86,SR-527,99999999999999999999,0000000,37.61661111,-85.43106111,1,1
21,73,8,10,14,0,2,3,0,1,1,1,0,12,9,1,1,2,4,70,1,1,2,1,40,3,1,1,0,1,14,2,14,13,15,5,0,3,0,0,1,2,1,210431,0,2009,554,I-64,99999999999999999999,0000000,38.16155556,-84.85033056,2,1
21,163,8,11,12,39,1,1,0,0,3,3,0,42,0,1,4,1,2,55,2,2,2,1,40,3,1,1,0,0,12,42,12,57,88,88,0,0,0,0,1,3,0,210432,0,2009,359,SR-144,99999999999999999999,0000000,37.81514167,-86.00059167,1,1
21,145,8,13,12,30,1,6,0,1,11,1,0,1,0,1,3,2,4,70,1,1,2,1,0,0,1,1,0,0,12,33,12,44,12,54,0,0,0,0,1,5,0,210433,0,2009,103,I-24 E,99999999999999999999,0000000,37.01763056,-88.59954444,1,1
21,101,8,12,20,38,2,2,0,1,2,8,0,13,2,1,1,2,4,70,1,1,2,1,0,0,2,1,0,0,20,41,20,54,21,36,0,20,0,0,1,4,1,210434,0,2009,685,EB-9004,99999999999999999999,0000000,37.69220833,-87.514,2,1
21,15,8,12,21,0,1,3,1,0,14,2,0,8,0,3,1,5,4,55,1,1,2,1,2,3,3,1,0,0,21,0,21,2,21,15,0,0,0,0,1,4,0,210435,3309,2009,101,US-42,SR-536,0000000,38.94709444,-84.67633056,1,1
21,59,8,10,22,30,1,1,0,0,13,3,0,23,0,1,4,1,2,45,1,2,1,2,40,3,3,2,0,0,22,39,22,44,23,0,0,0,0,0,1,2,1,210436,2490,2009,41,SR-2155,99999999999999999999,0000000,37.76671111,-87.09883611,1,2
21,9,8,15,12,23,2,3,0,0,4,2,0,12,2,1,1,1,2,55,2,1,2,1,40,3,1,1,0,0,12,23,12,33,14,16,0,0,0,0,1,7,0,210437,0,2009,207,US-68,99999999999999999999,0000000,37.00913333,-85.76979167,2,1
21,195,8,15,18,10,1,1,0,1,2,2,0,57,0,1,4,1,2,55,2,2,2,1,40,3,1,1,0,0,18,29,18,33,88,88,0,0,0,0,1,7,0,210438,0,2009,129,US-23,99999999999999999999,0000000,37.367325,-82.54852222,1,1
21,71,8,11,17,52,2,6,0,0,4,3,0,12,2,1,1,1,2,55,2,1,2,1,40,3,1,1,0,0,17,55,18,5,19,19,0,0,0,0,1,3,0,210439,1054,2009,44,SR-7,99999999999999999999,0000000,37.44917222,-82.81107778,2,1
21,233,8,15,14,11,1,1,0,0,5,3,0,37,0,1,4,1,2,55,1,2,2,1,0,0,1,1,0,0,14,12,14,23,88,88,0,0,0,0,1,7,0,210440,0,2009,231,SR-132,99999999999999999999,0000000,37.561725,-87.59038889,1,1
21,193,8,18,16,19,3,3,0,1,2,3,0,12,2,1,2,1,5,55,1,1,2,1,0,0,1,1,0,0,99,99,99,99,99,99,0,0,0,0,2,3,0,210441,0,2009,84,SR-15,99999999999999999999,0000000,37.21549722,-83.1526,3,1
21,111,8,18,23,6,1,2,1,1,2,2,0,8,0,1,1,1,4,55,1,1,2,1,0,0,2,1,0,0,23,11,23,30,88,88,0,0,0,0,1,3,0,210442,2090,2009,4,US-31W,99999999999999999999,0000000,38.00370278,-85.93999444,1,1
21,195,8,19,7,42,2,4,0,1,2,3,0,12,5,8,1,1,4,45,1,1,2,1,40,3,1,1,0,0,8,0,8,15,8,41,0,0,0,0,1,4,0,210443,2757,2009,134,SR-23,99999999999999999999,0000000,37.3676,-82.54826667,2,1
21,161,8,19,15,20,4,4,0,1,2,3,0,12,4,1,1,1,2,55,1,1,2,1,0,0,1,1,0,0,88,88,88,88,88,88,0,14,0,0,1,4,0,210444,0,2009,131,SR-9,99999999999999999999,0000000,38.65233889,-83.88288889,4,1
21,43,8,19,17,57,2,5,0,0,5,3,0,12,4,1,1,1,2,55,2,3,2,1,40,3,1,1,0,0,17,57,18,4,99,99,0,0,0,0,1,4,0,210445,0,2009,87,SR-174,99999999999999999999,0000000,38.28303056,-83.19281111,2,1
21,237,8,21,12,0,2,3,0,1,2,3,0,12,2,1,1,1,4,55,1,2,2,1,0,0,1,1,0,0,12,10,12,14,12,48,0,0,0,0,1,6,0,210446,540,2009,2,SR-15 S,99999999999999999999,0000000,37.73230278,-83.55038056,2,1
21,227,8,21,22,9,2,2,0,1,1,1,0,12,1,1,1,2,4,55,1,1,2,1,40,3,2,1,0,1,22,9,22,20,88,88,0,3,0,0,1,6,1,210447,0,2009,157,I-65,99999999999999999999,0000000,36.834225,-86.46596389,2,1
21,193,8,22,15,46,1,3,1,0,4,3,0,8,0,1,1,1,2,55,2,1,2,1,40,3,1,1,0,0,15,46,15,55,16,16,0,0,0,0,1,7,0,210448,665,2009,173,SR-28,99999999999999999999,0000000,37.34655278,-83.28250278,1,1
21,111,8,23,3,54,1,2,0,1,11,1,0,18,0,1,4,2,5,55,1,1,2,1,40,3,3,1,0,1,3,55,4,0,4,25,0,3,0,0,1,1,1,210449,2090,2009,1263,I-65,99999999999999999999,0000000,38.11754167,-85.70172778,1,1
21,215,8,23,15,38,1,1,0,0,9,3,0,42,0,1,4,1,2,55,2,1,2,1,0,0,1,1,0,0,15,41,15,52,88,88,0,2,0,0,1,1,0,210450,0,2009,30,SR-1392,99999999999999999999,0000000,37.97133611,-85.33372778,1,1
21,61,8,24,16,53,1,1,0,0,6,3,0,42,0,1,4,4,1,45,2,1,2,1,0,0,1,1,0,0,16,55,17,9,18,38,0,0,0,0,1,2,0,210451,3246,2009,0,SR-2330,99999999999999999999,0000000,37.29085278,-86.38051944,1,1
21,111,8,23,13,1,2,5,0,0,13,3,0,12,5,2,1,2,3,45,1,1,2,1,20,3,1,1,0,0,13,2,13,8,13,54,0,0,0,0,2,1,0,210452,2090,2009,36,SR-1747,FERN VALLEY WAY,0000000,38.16115,-85.641175,2,1
21,15,8,25,12,5,1,1,0,0,14,2,0,42,0,1,4,1,2,55,2,1,2,1,0,0,1,1,0,0,12,5,12,9,13,22,0,0,0,0,1,3,0,210453,0,2009,44,US-25,99999999999999999999,0000000,38.90115278,-84.61348056,1,1
21,51,8,25,12,20,2,2,0,0,3,2,0,12,4,3,1,5,4,45,1,3,2,1,0,0,1,1,0,0,12,26,12,28,12,49,0,0,0,0,1,3,0,210454,2160,2009,174,US-421,VERONICA LANE,0000000,37.12993889,-83.755475,2,1
21,193,8,26,8,0,1,1,0,0,4,3,0,42,0,1,4,1,2,55,2,2,2,1,40,3,1,1,0,0,8,27,8,30,88,88,0,0,0,0,1,4,0,210455,0,2009,48,SR-80,99999999999999999999,0000000,37.24966667,-83.25551111,1,1
21,141,8,28,6,2,2,3,0,0,5,3,0,12,2,1,1,1,2,55,1,3,2,1,0,0,1,1,0,0,6,8,6,31,99,99,0,0,0,0,1,6,0,210456,0,2009,72,SR-73,99999999999999999999,0000000,36.96662778,-86.68569167,2,1
21,95,8,29,18,30,1,1,0,0,5,3,0,42,0,1,4,1,2,55,2,1,2,2,0,0,1,1,0,0,18,30,18,40,88,88,0,0,0,0,1,7,1,210457,630,2009,176,SR-987,99999999999999999999,0000000,36.76680556,-83.24010278,1,1
21,101,8,29,20,25,2,2,0,0,4,3,0,12,2,1,1,1,2,55,2,2,2,1,40,3,2,1,0,0,20,25,20,38,99,99,0,0,0,0,2,7,1,210458,0,2009,55,SR-351,99999999999999999999,0000000,37.81419167,-87.48842222,2,1
21,27,8,30,1,38,1,2,0,0,4,3,0,37,0,1,4,1,2,55,2,3,2,1,40,3,2,1,0,0,1,38,1,53,88,88,0,0,0,0,2,1,1,210459,151,2009,52,SR-79,99999999999999999999,0000000,37.62300278,-86.44781111,1,1
21,183,8,29,21,25,1,1,0,0,5,3,0,37,0,3,4,1,2,55,2,2,2,1,20,3,2,1,0,0,21,26,21,44,22,5,0,0,0,0,1,7,0,210460,0,2009,61,SR-764,SR-1738,0000000,37.61293889,-86.88966667,1,1
21,41,8,31,0,40,1,3,0,1,1,1,0,1,0,1,3,2,4,70,1,3,2,1,0,0,2,1,0,0,0,43,1,9,1,30,0,0,0,0,1,2,0,210461,0,2009,388,I-71,99999999999999999999,0000000,38.58205556,-85.17794722,1,1
21,29,8,8,2,19,2,4,0,1,1,1,0,12,1,1,1,2,3,55,1,1,1,1,0,0,3,1,0,1,2,19,2,27,99,99,0,3,0,0,2,7,1,210462,0,2009,1116,I-65,99999999999999999999,0000000,37.91688056,-85.68726667,2,1