STATE,COUNTY,MONTH,DAY,HOUR,MINUTE,VE_TOTAL,PERSONS,PEDS,NHS,ROAD_FNC,ROUTE,SP_JUR,HARM_EV,MAN_COLL,REL_JUNC,REL_ROAD,TRAF_FLO,NO_LANES,SP_LIMIT,ALIGNMNT,PROFILE,PAVE_TYP,SUR_COND,TRA_CONT,T_CONT_F,LGT_COND,WEATHER1,WEATHER2,WRK_ZONE,NOT_HOUR,NOT_MIN,ARR_HOUR,ARR_MIN,HOSP_HR,HOSP_MN,SCH_BUS,CF1,CF2,CF3,FATALS,DAY_WEEK,DRUNK_DR,ST_CASE,CITY,YEAR,MILEPT,TWAY_ID,TWAY_ID2,RAIL,LATITUDE,LONGITUD,VE_FORMS,WEATHER
21,101,8,15,13,10,2,2,0,0,14,2,0,12,2,2,1,1,4,45,1,1,2,1,0,0,1,1,0,0,13,10,13,12,13,38,0,0,0,0,1,7,0,210463,1510,2009,128,US-41,SR-812,0000000,37.82009167,-87.56953333,2,1
21,67,8,18,4,2,1,2,0,0,16,5,0,30,0,1,3,2,2,35,1,2,2,1,40,3,3,1,0,0,4,5,4,9,88,88,0,0,0,0,2,3,1,210464,1980,2009,2,LANDSDOWNE DR.,99999999999999999999,0000000,37.99871667,-84.49889722,1,1
21,67,8,31,6,35,3,3,0,1,13,3,0,12,1,1,1,2,4,50,1,1,2,1,20,3,4,1,0,0,6,35,6,40,88,88,0,0,0,0,1,2,0,210465,1980,2009,19,SR-922,99999999999999999999,0000000,38.08765556,-84.48954167,3,1
21,193,8,12,17,33,1,2,1,0,16,5,0,9,0,8,1,1,2,25,1,1,2,1,0,0,1,1,0,0,88,88,88,88,88,88,0,0,0,0,1,4,0,210466,1470,2009,0,LAUREL DR.,99999999999999999999,0000000,37.25028056,-83.19422778,1,1
21,37,8,31,10,17,1,2,1,0,13,2,0,8,0,1,2,1,4,45,1,1,2,1,0,0,1,1,0,0,10,19,10,21,10,38,0,0,0,0,1,2,0,210467,730,2009,140,US-27,99999999999999999999,0000000,38.99884167,-84.41830278,1,1
21,9,8,22,16,57,3,5,0,0,3,2,0,12,5,2,1,1,4,55,1,1,2,1,40,3,1,1,0,0,16,57,17,8,18,28,0,0,0,0,1,7,0,210468,0,2009,11,US-31,STATE PARK RD,0000000,36.85361389,-86.05354722,3,1
21,145,7,23,16,18,3,3,0,1,13,2,0,12,2,8,1,1,4,45,1,1,2,1,20,3,1,1,0,0,16,22,16,30,16,54,0,0,0,0,1,5,0,210469,2520,2009,45,US-60,99999999999999999999,0000000,37.05171667,-88.56465278,3,1
21,83,8,28,23,30,1,1,0,0,6,4,0,1,0,1,4,4,1,55,1,2,2,1,0,0,2,1,0,0,1,7,1,24,88,88,0,18,0,0,1,6,1,210470,0,2009,8,SHAW RD,99999999999999999999,0000000,36.90618611,-88.685075,1,1
21,75,7,26,16,57,2,3,0,0,4,3,0,12,5,1,1,1,2,45,1,1,2,1,40,3,1,1,0,0,16,59,17,0,17,9,0,0,0,0,1,1,0,210471,1270,2009,128,SR-166,99999999999999999999,0000000,36.50242778,-88.88433056,2,1
21,173,9,1,6,38,2,2,0,1,1,1,0,13,2,15,1,2,2,70,1,1,2,1,0,0,4,1,0,0,6,40,6,44,8,0,0,0,0,0,1,3,0,210472,2320,2009,1093,I-64,99999999999999999999,0000000,38.076575,-83.95408611,2,1
21,121,9,1,11,0,2,2,0,0,4,3,0,12,3,8,1,1,2,35,1,1,2,1,0,0,1,1,0,0,11,6,11,10,12,24,0,0,0,0,1,3,0,210473,113,2009,123,SR-225,99999999999999999999,0000000,36.83501667,-83.83396667,2,1
21,103,9,1,15,56,2,2,0,0,3,3,0,37,0,1,4,1,2,55,1,1,2,1,0,0,1,1,0,0,15,57,16,5,16,55,0,0,0,0,1,3,1,210474,0,2009,31,SR-55,99999999999999999999,0000000,38.38381944,-85.18116389,2,1
21,203,9,2,16,20,2,3,0,0,3,2,0,12,2,1,1,1,3,45,1,2,2,1,0,0,1,1,0,0,16,24,16,27,16,50,0,0,0,0,1,4,1,210475,0,2009,131,US-25,99999999999999999999,0000000,37.34378889,-84.31376111,2,1
21,195,9,2,20,32,3,7,0,1,2,2,0,12,5,2,1,1,2,45,1,3,2,1,0,0,2,1,0,1,20,45,20,53,21,22,0,0,0,0,1,4,0,210476,921,2009,128,US-460,POND CREEK RD,0000000,37.34208333,-82.37497222,3,1
21,43,9,1,19,30,1,1,0,0,4,2,0,52,0,1,4,1,2,55,1,1,2,1,0,0,2,1,0,0,6,35,6,45,88,88,0,18,0,0,1,3,1,210477,0,2009,213,US-60,99999999999999999999,0000000,38.32960556,-82.98338333,1,1
21,77,9,3,2,20,2,2,0,1,1,1,0,14,7,1,2,2,2,70,2,2,2,1,0,0,2,1,0,0,2,23,2,31,3,10,0,0,0,0,1,5,0,210478,0,2009,636,I-71,99999999999999999999,0000000,38.75575556,-84.80685833,1,1
21,99,9,3,8,51,2,3,0,0,5,3,0,12,2,1,1,1,2,55,2,1,2,2,0,0,1,2,0,0,8,51,8,57,9,39,0,0,0,0,1,5,0,210479,0,2009,53,SR-571,99999999999999999999,0000000,37.21946111,-85.84824167,2,2
21,223,9,3,10,50,2,2,0,0,4,2,0,12,2,3,1,1,2,55,1,2,2,1,0,0,1,1,0,0,10,53,11,4,12,6,0,0,0,0,1,5,0,210480,0,2009,116,US-42,SR-2871,0000000,38.60841944,-85.26688889,2,1
21,9,9,3,12,13,1,1,0,1,1,1,0,24,0,1,4,2,2,70,1,2,2,1,0,0,1,1,0,0,12,15,12,32,88,88,0,0,0,0,1,5,1,210481,0,2009,494,I-65,99999999999999999999,0000000,37.11786111,-86.01822778,1,1
21,101,9,4,11,54,2,2,0,0,4,3,0,12,2,1,1,1,2,55,2,1,2,1,40,3,1,1,0,0,11,58,12,12,12,44,0,0,0,0,1,6,0,210482,0,2009,8,SR-359,99999999999999999999,0000000,37.78167222,-87.80269167,2,1
21,157,9,4,16,14,1,1,0,0,4,2,0,33,0,1,4,1,2,55,2,1,2,1,40,3,1,1,0,0,16,14,16,26,88,88,0,0,0,0,1,6,0,210483,0,2009,8,US-95,99999999999999999999,0000000,36.95006389,-88.36518333,1,1
21,59,9,3,21,45,1,2,1,1,2,8,0,8,0,1,1,2,4,70,1,1,2,1,40,3,3,1,0,0,21,52,22,1,23,38,0,0,0,0,1,5,0,210484,0,2009,230,AU 9005,99999999999999999999,0000000,37.76555833,-87.16896111,1,1
21,41,9,5,2,5,1,1,0,0,4,3,0,42,0,1,4,1,2,55,2,2,2,1,0,0,2,1,0,0,2,16,2,35,88,88,0,0,0,0,1,7,1,210485,0,2009,204,SR-36,99999999999999999999,0000000,38.63876389,-84.98465556,1,1
21,5,9,5,9,18,2,3,0,0,15,2,0,12,4,1,1,1,2,45,2,2,2,1,0,0,1,1,0,0,88,88,88,88,88,88,0,0,0,0,1,7,1,210486,0,2009,177,US-62,99999999999999999999,0000000,38.01645278,-84.92242778,2,1
21,59,9,5,11,0,2,2,0,0,3,2,0,12,1,3,1,1,2,55,1,1,2,1,0,0,1,1,0,0,11,0,11,9,88,88,0,0,0,0,1,7,0,210487,0,2009,1,US-60,OWENSBORO REED RD,0000000,37.83788611,-87.29912222,2,1
21,107,9,6,1,47,1,3,1,0,5,3,0,8,0,2,1,1,2,25,1,1,2,1,40,3,3,1,0,0,1,52,2,0,88,88,0,0,0,0,1,1,1,210488,960,2009,96,SR-112 MAIN ST.,COTHRAN LN,0000000,37.27338611,-87.51331389,1,1
21,163,9,6,2,39,1,1,0,0,4,3,0,39,0,1,4,1,2,55,1,3,2,2,0,0,2,2,1,0,2,41,2,55,99,99,0,0,0,0,1,1,1,210489,193,2009,162,SR-228,99999999999999999999,0000000,38.04406944,-86.28202778,1,2
21,173,9,6,16,55,2,5,0,0,4,3,0,12,2,1,1,1,2,55,2,1,2,2,40,3,1,2,1,0,16,55,17,10,17,42,0,0,0,0,1,1,1,210490,0,2009,16,SR-213,99999999999999999999,0000000,37.92189167,-83.86345,2,2
21,239,9,6,18,49,2,8,0,0,5,3,0,12,2,1,1,1,2,55,1,1,2,1,40,3,1,1,0,0,19,0,19,20,19,57,0,0,0,0,2,1,1,210491,0,2009,23,SR-1967,99999999999999999999,0000000,37.99998333,-84.66833611,2,1
21,111,9,6,21,48,1,2,1,0,16,6,0,8,0,1,1,1,2,35,1,1,2,2,0,0,2,1,0,0,21,48,22,5,22,17,0,0,0,0,1,1,0,210492,2090,2009,8,RANGELAND RD,99999999999999999999,0000000,38.16466111,-85.66512222,1,1
21,47,9,7,22,0,2,2,0,0,5,3,0,12,4,8,1,1,2,55,1,1,2,1,0,0,2,1,0,0,22,0,22,15,22,59,0,0,0,0,1,2,1,210493,0,2009,96,SR-1348,99999999999999999999,0000000,37.05010833,-87.49267222,2,1
21,219,9,8,3,10,1,3,1,0,3,2,0,8,0,1,1,1,2,55,1,1,2,1,0,0,2,5,1,0,3,25,3,45,4,0,0,0,0,0,1,3,0,210494,0,2009,27,US-79,99999999999999999999,0000000,36.67062222,-87.16046389,1,5
21,177,9,8,5,20,1,1,0,0,4,3,0,35,0,1,4,1,2,55,1,1,2,1,0,0,6,5,0,0,99,99,99,99,88,88,0,0,0,0,1,3,0,210495,0,2009,89,SR-70,99999999999999999999,0000000,37.30730833,-87.23470556,1,5
21,131,9,8,16,10,1,2,0,0,6,3,0,35,0,1,4,1,2,55,2,3,2,1,0,0,1,1,0,0,99,99,99,99,99,99,0,0,0,0,1,3,0,210496,3817,2009,77,SR-3427,99999999999999999999,0000000,37.11125556,-83.28194722,1,1
21,29,9,9,9,57,3,4,0,1,11,1,0,13,4,1,1,2,3,55,1,1,1,1,0,0,1,1,0,0,9,58,10,0,99,99,0,0,0,0,2,4,0,210497,0,2009,1200,I-65,99999999999999999999,0000000,38.033625,-85.69653611,3,1
21,133,9,9,17,17,2,7,0,1,2,2,0,13,2,1,1,2,4,55,2,1,2,1,0,0,1,1,0,0,17,17,17,19,17,39,0,0,0,0,1,4,0,210498,2205,2009,190,US-119,99999999999999999999,0000000,37.12846944,-82.77533056,2,1
21,141,9,11,15,20,2,2,0,0,4,3,0,12,2,1,1,1,2,55,2,1,2,1,0,0,1,1,0,0,15,25,15,36,88,88,0,0,0,0,1,6,0,210499,0,2009,69,SR-100,99999999999999999999,0000000,36.77863056,-86.76886111,2,1
21,121,9,12,14,20,2,2,0,0,4,3,0,12,2,1,1,1,2,55,1,1,2,1,0,0,1,1,0,0,14,20,14,25,99,99,0,0,0,0,1,7,1,210500,0,2009,12,SR-6,99999999999999999999,0000000,36.88243611,-84.03511111,2,1
21,191,9,12,18,24,2,2,0,0,2,2,0,12,9,1,1,1,2,55,1,2,2,1,0,0,1,1,0,0,18,25,18,29,18,42,0,0,0,0,1,7,1,210501,0,2009,106,US-27,99999999999999999999,0000000,38.69870833,-84.36933611,2,1
21,111,9,12,23,40,1,3,1,0,13,3,0,8,0,1,1,2,2,45,1,1,1,1,0,0,2,1,0,0,23,45,23,50,88,88,0,0,0,0,1,7,0,210502,2090,2009,68,SR-1065,99999999999999999999,0000000,38.13793333,-85.66623611,1,1
21,71,9,12,0,45,1,1,0,0,5,3,0,24,0,1,4,1,2,45,2,1,2,1,0,0,2,1,0,0,99,99,99,99,99,99,0,0,0,0,1,7,1,210503,1426,2009,105,SR-1426,99999999999999999999,0000000,37.48616389,-82.61645833,1,1
21,187,9,13,0,1,1,1,0,0,6,8,0,18,0,1,4,4,1,55,1,1,2,1,0,0,2,1,0,0,0,2,0,5,0,30,0,0,0,0,1,1,1,210504,0,2009,0,SAWDRIDGE CREEK RD,99999999999999999999,0000000,38.4154,-84.85548056,1,1
21,35,9,13,13,30,2,3,0,0,6,4,0,12,1,1,1,1,2,55,1,2,2,1,0,0,1,1,0,0,13,40,13,51,14,17,0,0,0,0,1,1,0,210505,0,2009,2,HICO RD,99999999999999999999,0000000,36.71955278,-88.15884722,2,1
21,195,9,13,18,7,1,1,0,0,6,4,0,35,0,1,4,4,1,35,1,1,2,1,0,0,1,1,0,0,18,10,18,24,18,34,0,0,0,0,1,1,1,210506,2128,2009,26,PINSONFORK RD,99999999999999999999,0000000,37.53324444,-82.29381944,1,1
21,237,9,14,0,16,2,3,0,0,4,3,0,12,5,2,1,1,2,55,1,2,2,1,40,3,2,1,0,0,0,17,0,25,0,50,0,0,0,0,3,2,1,210507,0,2009,108,SR-15,MYRTLE LITTLE HOLLOW,0000000,37.65188889,-83.47472222,2,1
21,185,9,14,9,48,1,1,0,1,11,1,0,36,0,1,4,2,2,70,1,2,2,1,0,0,1,1,0,0,9,49,9,51,88,88,0,0,0,0,1,2,1,210508,0,2009,122,I-71,99999999999999999999,0000000,38.33913056,-85.51680556,1,1
21,227,9,14,16,13,1,1,0,0,6,4,0,42,0,1,4,1,2,35,1,1,2,1,40,3,1,1,0,0,16,13,16,23,16,49,0,0,0,0,1,2,0,210509,0,2009,0,HILLTOPPER DRIVE,99999999999999999999,0000000,36.95376667,-86.50171389,1,1
21,239,9,11,8,20,1,1,0,0,6,4,0,42,0,1,4,1,2,25,1,1,2,1,0,0,1,1,0,0,8,22,8,28,8,49,0,0,0,0,1,6,0,210510,0,2009,2,SHEFFIELD DR,99999999999999999999,0000000,38.03940556,-84.74008056,1,1
21,47,9,12,10,44,1,1,0,0,13,2,0,1,0,3,1,5,4,45,1,1,2,1,3,3,1,1,0,0,10,44,10,47,10,58,0,0,0,0,1,7,0,210511,1620,2009,125,US-41A,US-68B,0000000,36.81876667,-87.47228611,1,1
21,59,9,16,21,30,1,1,0,0,6,5,0,27,0,1,4,4,1,30,1,1,2,1,0,0,3,1,0,0,21,33,21,40,21,50,0,0,0,0,1,4,0,210512,2490,2009,17,TAMARACK RD,99999999999999999999,0000000,37.73485,-87.13256944,1,1
21,67,9,11,21,5,2,2,0,0,16,5,0,12,2,1,1,1,2,35,1,2,2,1,0,0,3,1,0,0,21,6,21,10,21,43,0,0,0,0,1,6,1,210513,1980,2009,4,LANE ALLEN ROAD,99999999999999999999,0000000,38.02720278,-84.53584722,2,1
21,227,9,18,5,5,1,1,0,0,4,3,0,35,0,1,4,1,2,55,2,2,2,1,40,3,2,5,0,0,5,7,5,20,88,88,0,0,0,0,1,6,0,210514,0,2009,100,SR-185,99999999999999999999,0000000,37.13753611,-86.41901389,1,5
21,155,9,18,20,39,1,6,2,0,2,2,0,8,0,1,1,1,2,55,1,1,2,1,0,0,2,1,0,0,20,44,20,47,99,99,0,0,0,0,1,6,0,210515,0,2009,60,US-68,99999999999999999999,0000000,37.51544444,-85.29755,1,1
21,129,9,19,16,39,1,7,0,0,6,4,0,35,0,1,4,1,2,55,2,2,4,1,0,0,1,1,0,0,16,39,16,45,17,30,0,0,0,0,1,7,0,210516,0,2009,3,WHITE ASH RD,99999999999999999999,0000000,37.56237222,-83.74805,1,1
21,35,9,19,18,14,1,2,0,0,6,3,0,42,0,1,4,1,2,55,1,2,2,1,0,0,5,1,0,0,18,14,18,17,19,4,0,0,0,0,1,7,0,210517,0,2009,54,SR-1497,99999999999999999999,0000000,36.57211389,-88.29831944,1,1
21,177,9,19,20,9,2,5,0,0,4,3,0,12,2,1,1,1,2,55,2,2,2,2,0,0,2,1,0,0,20,12,20,24,20,42,0,0,0,0,1,7,0,210518,0,2009,107,SR-181,99999999999999999999,0000000,37.1821,-87.1554,2,1
21,163,9,19,23,21,1,1,0,0,6,4,0,42,0,1,4,1,2,35,2,1,2,1,0,0,2,1,0,0,23,23,23,31,88,88,0,0,0,0,1,7,1,210519,0,2009,0,VALLEY CT,99999999999999999999,0000000,37.89548056,-86.05861111,1,1
21,195,9,20,15,8,3,3,0,1,2,2,0,12,4,1,1,1,4,55,2,1,2,2,0,0,1,1,0,0,15,24,15,35,15,50,0,0,0,0,1,1,0,210520,240,2009,245,US-119,99999999999999999999,0000000,37.63527222,-82.26004722,3,1
21,35,9,20,17,36,1,1,0,0,5,3,0,34,0,1,4,1,2,55,2,1,2,1,0,0,1,1,0,0,17,39,17,43,18,10,0,0,0,0,1,1,0,210521,0,2009,16,SR-280,00,0000000,36.62479444,-88.21661111,1,1
21,227,9,18,18,35,1,1,0,1,1,1,0,25,0,1,4,3,6,70,1,1,2,1,0,0,1,1,0,0,18,40,18,54,19,19,0,0,0,0,1,6,0,210522,0,2009,285,I-65,99999999999999999999,0000000,37.010025,-86.34992222,1,1
21,67,9,20,20,33,4,4,0,0,2,2,0,12,8,1,1,1,2,55,1,2,2,1,0,0,2,1,0,0,20,40,20,48,21,6,0,0,0,0,1,1,1,210523,1980,2009,203,US-25,99999999999999999999,0000000,38.14123889,-84.53644722,4,1
21,117,9,22,21,49,2,2,0,1,11,1,0,12,1,1,1,3,6,55,1,1,2,1,0,0,3,1,0,0,99,99,99,99,88,88,0,0,0,0,1,3,0,210524,1170,2009,1870,I-75,99999999999999999999,0000000,39.05188611,-84.55846389,2,1
21,87,9,21,2,39,1,1,0,0,3,3,0,36,0,1,4,1,2,55,2,2,2,2,0,0,2,2,0,0,2,39,2,42,88,88,0,0,0,0,1,2,0,210525,0,2009,74,SR-61,99999999999999999999,0000000,37.23217222,-85.48577778,1,2
21,157,9,23,4,16,1,1,0,0,5,3,0,42,0,1,4,1,2,55,1,1,2,2,0,0,2,2,1,0,4,25,4,31,88,88,0,0,0,0,1,4,0,210526,0,2009,32,SR-408,99999999999999999999,0000000,36.852875,-88.41693889,1,2
21,117,9,21,16,19,3,3,0,1,11,1,0,14,1,1,2,3,4,55,1,1,1,1,0,0,1,1,0,0,16,20,16,26,16,45,0,0,0,0,1,2,0,210527,800,2009,1904,I-75,00,0000000,39.06684722,-84.52074167,2,1
21,59,9,23,19,58,1,4,0,0,4,3,0,32,0,1,4,1,2,55,2,1,2,2,40,3,2,1,0,0,20,0,20,13,20,53,0,0,0,0,1,4,1,210528,0,2009,38,SR-81,99999999999999999999,0000000,37.65127778,-87.19715556,1,1
21,151,9,25,21,50,1,1,0,0,5,3,0,25,0,1,4,1,2,55,1,1,2,2,40,3,2,2,1,0,21,51,22,1,88,88,0,0,0,0,1,6,1,210529,0,2009,24,SR-374,99999999999999999999,0000000,37.70069722,-84.17917778,1,2
21,229,9,26,2,28,1,1,0,0,6,4,0,42,0,1,4,1,2,55,2,1,2,2,0,0,2,2,1,0,2,45,2,55,88,88,0,0,0,0,1,7,1,210530,0,2009,12,JOHNSON RD,99999999999999999999,0000000,37.69991667,-85.35119444,1,2
21,199,9,28,8,57,2,2,0,1,2,2,0,12,5,2,1,5,4,55,1,1,2,1,20,3,1,8,1,0,9,2,9,15,99,99,0,0,0,0,1,2,0,210531,0,2009,298,US-27,SR-70,0000000,37.27582778,-84.64425,2,8
21,117,9,3,2,20,1,3,0,0,5,4,0,42,0,3,4,1,2,35,1,2,2,1,20,3,2,1,0,0,2,30,2,45,3,8,0,0,0,0,1,5,1,210532,813,2009,4,AMSTERDAM RD,BROMLEY CRESCENT,0000000,39.05805,-84.56945,1,1
21,51,9,4,0,21,1,1,0,0,6,8,0,1,0,1,1,1,2,55,1,1,2,1,0,0,2,1,0,0,0,23,0,33,1,30,0,0,0,0,1,6,1,210533,0,2009,6,CLAY LESLIE PARK RD,99999999999999999999,0000000,37.10892778,-83.66492222,1,1
21,45,9,15,12,47,1,1,0,0,4,3,0,32,0,1,4,1,2,35,2,1,2,1,40,3,1,1,0,0,12,47,13,2,99,99,0,0,0,0,1,3,0,210534,0,2009,240,SR-70,99999999999999999999,0000000,37.33358611,-84.82398056,1,1
21,185,9,30,3,18,2,2,0,1,11,1,0,12,1,1,3,2,4,70,1,1,2,1,0,0,2,1,0,0,3,18,3,31,88,88,0,0,0,0,1,4,1,210535,0,2009,132,I-71,99999999999999999999,0000000,38.34229444,-85.49989722,2,1
21,213,9,30,15,55,1,1,0,0,4,3,0,35,0,1,4,1,2,55,1,1,2,1,0,0,1,1,0,0,15,57,16,8,88,88,0,0,0,0,1,4,0,210536,0,2009,159,SR-73,99999999999999999999,0000000,36.80038611,-86.63286111,1,1
21,209,9,30,22,35,1,1,0,0,3,2,0,42,0,1,4,1,2,55,2,2,2,1,0,0,2,1,0,0,99,99,99,99,88,88,0,0,0,0,1,4,1,210537,0,2009,73,US-25,99999999999999999999,0000000,38.25031389,-84.56683056,1,1
21,9,9,29,11,35,3,3,0,0,3,3,0,12,4,1,1,1,2,55,1,1,2,1,40,3,1,1,0,0,11,36,11,39,12,19,0,14,0,0,1,3,0,210538,0,2009,132,SR-90,99999999999999999999,0000000,36.95520833,-85.85871111,3,1
21,35,9,16,14,31,2,4,0,0,15,3,0,12,6,2,1,1,2,55,1,1,2,1,40,3,1,1,0,0,14,34,14,38,14,51,0,0,0,0,1,4,0,210539,2350,2009,56,SR-1550,DORAN RD,0000000,36.58786111,-88.33355556,2,1
21,85,9,17,6,48,2,2,0,0,4,3,0,12,2,1,1,1,2,55,2,2,2,1,0,0,4,1,0,0,6,48,7,3,7,35,0,0,0,0,1,5,0,210540,0,2009,86,SR-54,00,0000000,37.52242222,-86.44987222,2,1
21,59,9,5,6,10,1,1,0,0,4,2,0,32,0,1,4,1,2,55,1,1,2,1,40,3,4,1,0,0,99,99,99,99,99,99,0,0,0,0,1,7,1,210541,0,2009,35,US-231,99999999999999999999,0000000,37.64618056,-87.011375,1,1
21,127,6,13,13,56,3,3,0,0,4,3,0,12,2,1,1,1,2,55,2,1,2,1,0,0,1,1,0,0,13,57,14,40,18,10,0,0,0,0,1,7,0,210542,0,2009,80,SR-1,99999999999999999999,0000000,38.15882222,-82.79859167,3,1
21,9,8,3,19,47,1,5,1,0,4,2,0,8,0,1,1,1,2,55,1,2,2,1,0,0,5,1,0,0,19,50,19,56,21,7,0,0,0,0,1,2,0,210543,0,2009,87,US-68,99999999999999999999,0000000,37.01560833,-85.96677222,1,1
21,229,9,22,8,17,1,1,0,0,4,3,0,42,0,1,4,1,2,55,2,1,2,2,0,0,1,1,0,0,99,99,99,99,99,99,0,0,0,0,1,3,0,210544,0,2009,12,SR-53,99999999999999999999,0000000,37.80011944,-85.14151111,1,1
21,33,9,1,10,15,2,1,0,0,5,3,0,12,1,1,1,1,2,55,2,2,2,1,40,3,1,1,0,2,10,16,10,29,10,51,0,3,0,0,1,3,0,210545,0,2009,5,SR-70,99999999999999999999,0000000,37.20961944,-88.03353333,2,1
21,17,9,29,10,10,1,1,0,0,4,3,0,42,0,1,4,1,2,55,1,3,2,1,0,0,1,1,0,0,10,15,10,18,88,88,0,0,0,0,1,3,0,210546,0,2009,11,SR-1879,00,0000000,38.31667778,-84.15020833,1,1
21,95,7,24,19,19,1,1,0,0,4,3,0,1,0,1,1,1,2,55,1,1,2,1,0,0,1,1,0,0,19,20,19,42,20,51,0,0,0,0,1,6,0,210547,312,2009,2,SR-221,99999999999999999999,0000000,36.85273611,-83.47519444,1,1
21,1,9,3,15,59,2,2,0,0,3,3,0,12,5,2,1,1,2,55,1,2,2,1,3,3,1,1,0,0,16,1,16,5,16,37,0,0,0,0,1,5,0,210548,740,2009,123,SR-55,SR-61,0000000,37.09886667,-85.31407222,2,1
21,1,9,11,9,58,2,3,0,0,6,3,0,12,5,3,1,1,2,55,1,1,2,1,20,3,1,1,0,0,10,1,10,4,10,25,0,0,0,0,1,6,0,210549,740,2009,0,SR-6,COLUMBIA WESTERN BYP,0000000,37.10068056,-85.33334167,2,1
21,41,9,2,2,37,1,1,0,0,4,3,0,42,0,1,4,1,2,55,2,1,2,1,0,0,2,1,0,0,3,6,3,18,4,16,0,0,0,0,1,4,1,210550,0,2009,184,SR-36,00,0000000,38.63826111,-85.00019167,1,1
21,91,8,14,6,23,2,2,0,0,6,3,0,12,2,1,1,1,2,55,2,1,2,1,0,0,1,1,0,0,6,24,6,39,99,99,0,0,0,0,1,6,0,210551,0,2009,99999,SR-144,99999999999999999999,0000000,37.823075,-86.68796667,2,1
21,197,8,15,11,3,2,7,0,0,5,3,0,12,5,2,1,1,2,35,1,1,2,1,20,3,1,1,0,0,11,3,11,8,12,2,0,0,0,0,1,7,0,210552,700,2009,1,SR-1057,9TH AVE,0000000,37.85515278,-83.91736111,2,1
21,209,9,16,22,30,1,2,0,0,6,4,0,53,0,1,4,1,2,35,1,2,2,1,0,0,2,1,0,0,22,34,22,42,23,51,0,0,0,0,1,4,1,210553,1280,2009,18,ANDERSON ROAD,99999999999999999999,0000000,38.28336667,-84.520225,1,1
21,95,10,1,6,16,2,2,0,1,2,2,0,12,2,1,1,1,4,55,2,2,2,1,0,0,4,5,0,0,6,20,6,32,6,53,0,0,0,0,1,5,1,210554,1766,2009,107,US-119,99999999999999999999,0000000,36.85593056,-83.36833611,2,5
21,111,10,1,21,8,1,2,1,0,13,3,0,9,0,1,1,2,2,45,1,1,1,1,0,0,2,1,0,0,21,8,21,16,88,88,0,0,0,0,1,5,0,210555,2090,2009,105,SR-864,99999999999999999999,0000000,38.18385556,-85.69923889,1,1
21,59,10,2,18,40,1,2,0,0,5,3,0,37,0,1,4,1,2,35,2,1,2,1,40,3,5,1,0,0,18,53,18,57,20,17,0,0,0,0,1,6,0,210556,0,2009,51,SR-279,99999999999999999999,0000000,37.735425,-87.226125,1,1
21,151,10,2,20,8,2,4,0,0,2,3,0,12,2,1,1,1,2,55,2,1,2,1,0,0,2,1,0,0,20,8,20,17,21,3,0,0,0,0,2,6,0,210557,0,2009,14,SR-627,99999999999999999999,0000000,37.85737222,-84.30908333,2,1
21,111,10,5,22,10,1,1,0,0,6,5,0,30,0,1,4,1,2,35,1,1,2,1,0,0,2,1,0,0,22,10,22,14,88,88,0,0,0,0,1,2,0,210558,2090,2009,7,2ND STREET,99999999999999999999,0000000,38.18449722,-85.76408333,1,1
21,43,10,8,10,2,1,1,0,0,6,3,0,30,0,1,4,1,2,55,2,1,2,1,40,3,1,1,0,0,10,2,10,7,99,99,0,0,0,0,1,5,0,210559,0,2009,27,SR-3297,99999999999999999999,0000000,38.33472222,-82.90386111,1,1
21,35,10,9,0,11,2,2,0,0,2,2,0,12,8,1,1,2,2,55,2,1,2,1,0,0,2,1,0,0,0,21,0,27,88,88,0,0,0,0,1,6,1,210560,0,2009,19,US-641,99999999999999999999,0000000,36.51663889,-88.32604444,2,1
21,227,10,9,12,15,1,3,0,1,1,1,0,25,0,1,3,3,3,70,1,1,2,6,0,0,1,2,1,0,12,20,12,29,13,28,0,0,0,0,1,6,1,210561,0,2009,290,I-65,99999999999999999999,0000000,37.010025,-86.35013611,1,2
21,157,10,9,16,14,2,3,0,0,5,3,0,12,5,2,1,1,2,55,1,1,2,2,20,3,1,2,0,0,16,17,16,45,17,12,0,0,0,0,2,6,0,210562,0,2009,17,SR-402,SR-1949,0000000,36.76501667,-88.34638611,2,2
21,207,10,12,10,36,1,2,0,0,5,3,0,38,0,1,5,1,2,55,2,1,2,1,40,3,1,1,0,0,10,36,10,47,99,99,0,0,0,0,1,2,0,210563,0,2009,37,SR-76,99999999999999999999,0000000,37.03373333,-84.95925,1,1
21,9,10,10,15,22,2,5,0,0,3,2,0,12,2,1,1,1,2,55,1,1,2,1,0,0,1,1,0,0,15,24,15,35,16,21,0,0,0,0,3,7,0,210564,0,2009,33,US-31E,99999999999999999999,0000000,36.87093611,-86.03050278,2,1
21,111,10,13,7,50,1,3,0,1,11,1,0,1,0,1,4,2,3,65,1,1,2,1,40,3,1,1,0,0,8,0,8,3,8,37,0,0,0,0,2,3,0,210565,2090,2009,319,I-265,99999999999999999999,0000000,38.28821944,-85.53221111,1,1