STATE,COUNTY,MONTH,DAY,HOUR,MINUTE,VE_TOTAL,PERSONS,PEDS,NHS,ROAD_FNC,ROUTE,SP_JUR,HARM_EV,MAN_COLL,REL_JUNC,REL_ROAD,TRAF_FLO,NO_LANES,SP_LIMIT,ALIGNMNT,PROFILE,PAVE_TYP,SUR_COND,TRA_CONT,T_CONT_F,LGT_COND,WEATHER1,WEATHER2,WRK_ZONE,NOT_HOUR,NOT_MIN,ARR_HOUR,ARR_MIN,HOSP_HR,HOSP_MN,SCH_BUS,CF1,CF2,CF3,FATALS,DAY_WEEK,DRUNK_DR,ST_CASE,CITY,YEAR,MILEPT,TWAY_ID,TWAY_ID2,RAIL,LATITUDE,LONGITUD,VE_FORMS,WEATHER
21,177,10,13,11,55,1,3,0,0,5,3,0,1,0,1,4,1,2,55,1,3,2,1,0,0,1,1,0,0,11,56,12,6,13,6,0,0,0,0,1,3,0,210566,0,2009,209,SR-181,99999999999999999999,0000000,37.31676111,-87.2184,1,1
21,97,10,14,15,30,1,1,0,0,4,3,0,30,0,1,4,1,2,55,2,2,2,2,0,0,1,2,0,0,15,31,15,38,88,88,0,0,0,0,1,4,0,210567,0,2009,108,SR-36,99999999999999999999,0000000,38.43463056,-84.34817778,1,2
21,169,10,5,1,31,1,1,0,0,4,2,0,42,0,1,4,1,2,55,2,3,2,2,0,0,2,2,0,0,1,31,1,53,2,19,0,0,0,0,1,2,1,210568,0,2009,199,US-68,99999999999999999999,0000000,37.10420556,-85.59628611,1,2
21,29,10,18,0,50,4,7,0,0,2,2,0,12,8,1,1,2,2,55,2,1,2,1,0,0,2,1,0,0,1,1,1,16,99,99,0,0,0,0,1,1,2,210569,0,2009,51,US-31E,99999999999999999999,0000000,38.06704722,-85.54770556,4,1
21,15,10,18,11,40,1,2,0,1,11,1,0,1,0,1,4,2,3,65,1,1,1,1,0,0,1,1,0,0,11,40,11,43,88,88,0,0,0,0,2,1,0,210570,0,2009,46,I-275,99999999999999999999,0000000,39.06904722,-84.64901389,1,1
21,111,10,20,2,47,2,2,0,1,11,1,0,12,2,1,1,2,4,55,1,1,1,1,0,0,2,1,0,0,2,47,2,52,88,88,0,0,0,0,2,3,1,210571,2090,2009,117,I-264,99999999999999999999,0000000,38.18992778,-85.737175,2,1
21,171,10,20,14,32,1,1,0,0,6,3,0,32,0,1,4,1,2,55,1,1,2,1,0,0,1,1,0,0,14,33,14,52,88,88,0,0,0,0,1,3,0,210572,0,2009,83,SR-216,99999999999999999999,0000000,36.61814444,-85.50727778,1,1
21,13,10,23,16,50,1,1,0,0,4,3,0,32,0,1,4,1,2,55,1,2,2,1,0,0,1,1,0,0,16,56,17,5,17,36,0,0,0,0,1,6,0,210573,1785,2009,37,SR-221,99999999999999999999,0000000,36.78124167,-83.60836111,1,1
21,111,10,23,19,24,2,4,0,0,13,3,0,12,5,2,1,1,4,55,1,1,1,1,0,0,3,1,0,0,19,26,19,30,20,16,0,0,0,0,2,6,0,210574,2090,2009,19,SR-1934,ASHBY LN,0000000,38.09407222,-85.88441944,2,1
21,111,10,24,16,47,2,2,0,0,14,3,0,12,2,1,1,1,2,35,2,2,2,1,0,0,1,1,0,0,99,99,99,99,99,99,0,0,0,0,1,7,0,210575,2090,2009,32,SR-907,99999999999999999999,0000000,38.11659722,-85.81523889,2,1
21,111,10,16,18,45,1,2,1,0,13,2,0,8,0,1,1,2,2,55,1,1,2,2,0,0,2,2,0,0,99,99,99,99,99,99,0,19,0,0,1,6,0,210576,2090,2009,36,US-31E,99999999999999999999,0000000,38.12318056,-85.57345278,1,2
21,111,10,23,5,21,1,1,0,0,13,3,0,30,0,1,4,2,2,45,1,1,2,2,0,0,3,2,0,0,5,23,5,24,88,88,0,0,0,0,1,6,0,210577,2090,2009,17,SR-61,99999999999999999999,0000000,38.10001667,-85.6713,1,2
21,125,10,27,11,49,2,2,0,0,4,3,0,12,5,1,1,1,2,55,2,2,2,2,0,0,1,2,1,0,11,49,12,2,88,88,0,0,0,0,1,3,1,210578,0,2009,3,SR-363,99999999999999999999,0000000,36.99988056,-84.15909167,2,2
21,141,10,27,16,31,2,3,0,0,2,2,0,12,2,1,1,1,2,55,2,1,2,2,40,3,1,1,0,0,16,56,17,10,18,10,0,0,0,0,1,3,0,210579,0,2009,305,US-431,99999999999999999999,0000000,37.04966389,-86.98961667,2,1
21,111,10,28,13,53,1,1,0,1,11,1,0,52,0,1,4,2,2,65,1,1,1,1,0,0,1,1,0,0,13,55,14,2,14,25,0,0,0,0,1,4,0,210580,2090,2009,125,I-265,99999999999999999999,0000000,38.11720278,-85.64984444,1,1
21,5,10,21,11,47,2,2,0,1,13,2,0,12,5,2,1,2,2,45,1,2,2,1,3,3,1,1,0,0,11,50,11,52,99,99,0,0,0,0,1,4,0,210581,1900,2009,41,US-127,US-44,0000000,38.03281389,-84.91212778,2,1
21,179,10,27,5,19,1,2,1,0,13,2,0,8,0,1,1,1,2,35,1,1,2,1,0,0,3,1,0,0,5,19,5,24,5,40,0,0,0,0,1,3,0,210582,170,2009,149,US-31E,99999999999999999999,0000000,37.8167,-85.46445,1,1
21,81,10,27,16,3,2,5,0,0,4,3,0,12,2,1,1,1,2,55,2,2,2,6,40,3,1,2,0,0,99,99,99,99,99,99,0,0,0,0,1,3,0,210583,3590,2009,154,SR-36,99999999999999999999,0000000,38.58983889,-84.56211111,2,2
21,27,10,30,9,13,2,2,0,1,2,2,0,12,2,1,1,1,2,55,2,1,2,1,0,0,1,1,0,0,9,13,9,18,9,42,0,0,0,0,1,6,1,210584,0,2009,188,US-60,99999999999999999999,0000000,37.75130833,-86.40159167,2,1
21,113,10,31,4,45,1,1,0,0,5,3,0,38,0,1,5,1,2,55,2,1,2,2,0,0,2,2,0,0,5,53,6,3,88,88,0,0,0,0,1,7,1,210585,0,2009,65,SR-39,99999999999999999999,0000000,37.82985278,-84.55781944,1,2
21,217,10,31,9,10,2,3,0,0,2,3,0,12,2,3,1,1,2,55,1,1,2,2,20,3,1,1,0,0,9,13,9,19,9,47,0,0,0,0,1,7,0,210586,0,2009,65,SR-55,SR-1061,0000000,37.23290833,-85.34346944,2,1
21,183,10,31,18,25,1,1,0,0,6,4,0,42,0,1,4,4,1,45,1,2,2,1,0,0,5,1,0,0,18,30,18,43,18,56,0,0,0,0,1,7,1,210587,0,2009,1,MAPLE LEAF RD,99999999999999999999,0000000,37.567475,-86.96743056,1,1
21,1,10,28,10,55,1,2,1,0,2,3,0,8,0,1,1,4,1,25,2,1,2,1,0,0,1,1,0,0,10,56,10,59,11,12,0,0,0,0,1,4,0,210588,740,2009,112,SR-55,99999999999999999999,0000000,37.09941389,-85.30261389,1,1
21,15,10,14,0,13,4,5,0,1,11,1,0,12,1,1,1,2,3,55,1,1,1,1,0,0,2,1,0,1,0,14,0,25,0,58,0,3,0,0,1,4,0,210589,0,2009,33,I-275,99999999999999999999,0000000,39.05435,-84.62571111,4,1
21,77,10,31,23,53,1,1,0,0,5,3,0,11,0,1,1,1,2,55,1,2,2,1,40,3,2,1,0,0,23,56,0,13,88,88,0,0,0,0,1,7,0,210590,0,2009,91,SR-16,99999999999999999999,0000000,38.78677222,-84.70785278,1,1
21,239,10,28,13,38,1,1,0,0,4,2,0,30,0,1,4,1,2,45,2,1,2,2,0,0,1,1,0,0,13,38,13,39,99,99,0,0,0,0,1,4,0,210591,3360,2009,44,US-62,99999999999999999999,0000000,38.04109444,-84.76844722,1,1
21,47,10,2,8,25,2,4,0,0,6,5,0,12,5,2,1,1,2,35,2,3,2,2,40,3,1,1,0,0,8,26,8,29,9,39,0,0,0,0,1,6,0,210592,2455,2009,9,HUGH HUNTER RD,OAK TREE DR,0000000,36.65034444,-87.40025278,2,1
21,191,10,4,13,20,1,1,0,1,2,2,0,1,0,1,1,1,2,45,1,1,2,1,0,0,1,1,0,0,13,20,13,30,14,12,0,0,0,0,1,1,0,210593,480,2009,173,US-27,99999999999999999999,0000000,38.78352778,-84.34980833,1,1
21,117,10,19,3,0,1,1,0,0,6,5,0,35,0,1,4,1,2,35,2,1,1,1,0,0,3,1,0,0,7,58,8,5,88,88,0,0,0,0,1,2,1,210594,813,2009,0,AMSTERDAM RD,99999999999999999999,0000000,39.06428056,-84.55777778,1,1
21,67,10,21,14,53,3,4,0,0,16,6,0,12,5,2,1,3,2,45,1,2,2,1,3,3,1,1,0,0,99,99,99,99,99,99,0,0,0,0,1,4,0,210595,1980,2009,134,MAN O WAR BLVD,PALUMBO DR,0000000,38.00657778,-84.43636944,3,1
21,179,10,29,0,40,1,1,0,1,2,3,0,35,0,13,4,3,2,70,2,2,2,1,40,3,3,1,0,0,0,45,0,48,88,88,0,0,0,0,1,5,1,210596,170,2009,242,SR-9002,99999999999999999999,0000000,37.79632222,-85.43054444,1,1
21,125,10,26,17,0,1,1,0,0,4,3,0,32,0,1,4,1,2,55,1,1,2,1,0,0,1,1,0,0,99,99,99,99,88,88,0,0,0,0,1,2,0,210597,0,2009,73,SR-229,99999999999999999999,0000000,37.04853333,-84.02125,1,1
21,87,10,27,10,1,2,2,0,0,3,3,0,12,5,3,1,1,4,55,2,2,2,2,40,3,1,2,1,0,10,3,10,6,10,24,0,0,0,0,1,3,0,210598,1340,2009,89,SR-61,HODGENVILLE AVE WEST,0000000,37.26975,-85.50971389,2,2
21,121,7,14,6,20,2,4,0,0,4,3,0,12,8,1,1,1,2,55,1,1,2,1,0,0,4,5,1,0,6,22,6,31,7,5,0,0,0,0,1,3,0,210599,154,2009,27,SR-229,99999999999999999999,0000000,36.93342778,-83.89348889,2,5
21,15,11,17,15,56,2,4,0,0,4,2,0,12,4,1,1,1,2,55,2,2,2,2,40,3,1,2,1,0,15,57,16,6,17,19,0,0,0,0,3,3,0,210601,0,2009,13,US-42,99999999999999999999,0000000,38.83338889,-84.73845,2,2
21,17,10,9,19,0,1,2,0,0,3,3,0,38,0,1,4,1,2,55,2,2,2,2,40,3,2,1,0,0,19,15,19,20,19,35,0,0,0,0,1,6,0,210602,0,2009,24,SR-627,99999999999999999999,0000000,38.1168,-84.19072222,1,1
21,17,7,31,0,55,1,1,0,0,6,4,0,42,0,1,4,1,2,55,2,2,2,2,0,0,2,2,0,0,0,59,1,6,2,14,0,0,0,0,1,6,0,210603,0,2009,100,HUME BEDFORD RD,99999999999999999999,0000000,38.19620278,-84.29998333,1,2
21,17,5,16,11,52,1,2,1,0,6,4,0,8,0,1,1,1,2,45,1,3,2,2,0,0,1,2,0,0,11,56,12,23,12,44,0,0,0,0,1,7,0,210604,0,2009,13,JACKSTOWN RD,99999999999999999999,0000000,38.23005556,-84.20007778,1,2
21,61,9,1,10,45,1,1,0,0,6,3,0,42,0,1,4,1,2,55,1,1,2,1,0,0,1,1,0,0,10,47,10,58,12,39,0,0,0,0,1,3,0,210605,0,2009,0,SR-2325,99999999999999999999,0000000,37.14211944,-86.18413889,1,1
21,133,11,2,18,4,2,3,0,1,2,2,0,12,1,1,1,1,2,55,1,1,2,1,0,0,2,1,0,0,99,99,99,99,99,99,0,0,0,0,1,2,0,210606,1044,2009,188,US-119,99999999999999999999,0000000,37.12788611,-82.77588889,2,1
21,111,11,3,20,30,2,2,0,1,13,2,0,12,5,4,2,5,4,50,1,1,1,1,0,0,3,1,0,0,20,31,20,38,88,88,0,0,0,0,1,3,0,210607,2090,2009,66,US-31W,99999999999999999999,0000000,38.07664167,-85.88428889,2,1
21,11,11,3,17,15,2,4,0,0,5,3,0,12,2,1,1,1,2,55,1,1,2,1,40,3,1,1,0,0,17,15,17,38,18,18,0,0,0,0,1,3,0,210608,0,2009,29,SR-1106,99999999999999999999,0000000,38.21579444,-83.82946111,2,1
21,239,11,3,21,25,1,3,0,0,6,4,0,42,0,1,4,1,2,50,2,3,2,1,0,0,2,1,0,0,21,27,21,33,22,21,0,0,0,0,1,3,0,210609,0,2009,23,BIG SINK ROAD,99999999999999999999,0000000,38.07640556,-84.69875278,1,1
21,71,11,7,14,0,1,2,0,0,5,3,0,1,0,1,5,1,2,55,2,2,2,1,0,0,1,1,0,0,14,25,14,37,15,3,0,0,0,0,1,7,0,210610,0,2009,1,SR-2554,99999999999999999999,0000000,37.52068611,-82.79803333,1,1
21,183,11,7,16,45,1,2,0,0,5,3,0,37,0,1,4,1,2,55,1,2,2,1,0,0,1,1,0,0,16,47,17,2,88,88,0,0,0,0,2,7,1,210611,0,2009,2,SR-764,99999999999999999999,0000000,37.59396667,-86.98103333,1,1
21,93,11,7,20,31,3,2,0,0,5,3,0,12,1,1,1,1,2,55,1,1,2,1,0,0,2,1,0,0,20,34,20,41,21,7,0,0,0,0,1,7,1,210612,0,2009,25,SR-434,99999999999999999999,0000000,37.76291111,-85.84991389,2,1
21,11,11,8,17,40,1,1,0,0,5,3,0,5,0,1,4,1,2,55,2,2,2,1,0,0,2,1,0,0,17,40,17,48,88,88,0,0,0,0,1,1,1,210613,0,2009,33,SR-1269,99999999999999999999,0000000,38.15855278,-83.66831389,1,1
21,111,11,9,2,27,2,3,0,1,11,1,0,12,1,1,1,2,2,65,1,2,1,1,0,0,2,1,0,0,2,27,2,46,3,13,0,0,0,0,1,2,0,210614,2090,2009,168,I-265,99999999999999999999,0000000,38.13793333,-85.59371111,2,1
21,71,11,10,7,38,2,2,0,1,2,2,0,12,5,3,1,1,4,55,1,1,2,1,20,3,1,1,0,0,7,42,7,52,8,36,0,0,0,0,1,3,0,210615,60,2009,102,US-23,COURT STREET,0000000,37.60912222,-82.70495,2,1
21,101,11,11,22,55,2,2,0,0,14,2,0,12,1,1,1,1,2,55,2,2,2,1,0,0,2,1,0,0,22,57,23,2,88,88,0,0,0,0,1,4,1,210616,0,2009,117,US-41,99999999999999999999,0000000,37.78356944,-87.61244722,2,1
21,141,11,11,22,12,1,1,0,1,2,2,0,34,0,1,4,2,2,55,1,1,2,1,0,0,2,1,0,0,22,16,22,30,88,88,0,0,0,0,1,4,1,210617,0,2009,3,US-68,99999999999999999999,0000000,36.80605556,-87.05334722,1,1
21,121,11,12,16,30,3,4,0,0,14,3,0,12,5,8,1,1,2,35,1,1,2,1,0,0,1,1,0,0,16,30,16,32,16,42,0,0,0,0,1,5,0,210618,770,2009,0,SR-312,99999999999999999999,0000000,36.95626944,-84.07626667,3,1
21,205,11,14,8,50,2,3,0,1,1,1,0,12,3,1,1,2,2,70,1,2,2,1,0,0,1,1,0,0,8,53,9,6,9,47,0,0,0,0,2,7,0,210619,0,2009,1451,I-64,99999999999999999999,0000000,38.27750556,-83.37116667,2,1
21,71,11,14,17,10,1,1,0,0,4,3,0,30,0,1,4,1,2,55,2,1,2,1,0,0,1,1,0,0,17,30,17,45,88,88,0,0,0,0,1,7,0,210620,867,2009,20,SR-404,99999999999999999999,0000000,37.60284167,-82.86678333,1,1
21,137,11,14,17,24,1,1,0,0,4,3,0,30,0,1,4,1,2,55,2,2,2,1,40,3,1,1,0,0,17,24,17,30,88,88,0,0,0,0,1,7,1,210621,0,2009,62,SR-39,99999999999999999999,0000000,37.40043611,-84.50812222,1,1
21,99,11,15,3,47,1,1,0,1,1,1,0,35,0,1,4,2,2,70,1,1,2,1,0,0,2,1,0,0,3,51,4,4,88,88,0,0,0,0,1,1,1,210622,0,2009,543,I-65,99999999999999999999,0000000,37.14998611,-85.97102222,1,1
21,91,11,17,15,35,1,1,0,0,5,3,0,34,0,1,4,1,2,55,2,1,2,2,0,0,1,1,0,0,15,46,15,57,88,88,0,0,0,0,1,3,0,210623,0,2009,99999,SR-1389,99999999999999999999,0000000,37.84998333,-86.85507778,1,1
21,151,11,17,18,30,2,3,0,0,6,3,0,12,5,2,1,1,2,55,1,2,2,2,20,3,2,2,0,0,18,30,18,35,19,7,0,0,0,0,1,3,0,210624,0,2009,10,SR-3376,HARRISON KING LN,0000000,37.59214722,-84.26578056,2,2
21,69,11,18,5,53,1,2,1,0,4,3,0,8,0,1,1,1,2,35,1,2,2,2,0,0,3,1,0,0,5,53,5,59,6,15,0,0,0,0,1,4,0,210625,1003,2009,65,SR-32,99999999999999999999,0000000,38.4193,-83.8171,1,1
21,187,11,18,15,14,2,2,0,0,5,3,0,12,5,1,1,1,2,55,2,1,2,2,40,3,1,1,0,0,15,17,15,28,99,99,0,0,0,0,1,4,0,210626,0,2009,0,SR-330,99999999999999999999,0000000,38.46998611,-84.60296667,2,1
21,67,11,14,22,12,1,2,1,1,13,2,0,8,0,1,1,5,6,45,1,3,2,1,0,0,3,1,0,0,22,13,22,18,22,26,0,0,0,0,1,7,0,210627,1980,2009,26,US-27,99999999999999999999,0000000,38.00028889,-84.52056944,1,1
21,111,11,20,18,28,1,2,1,1,13,2,0,8,0,3,1,1,4,25,1,1,2,1,8,3,3,1,0,0,18,28,18,33,18,46,0,0,0,0,1,6,0,210628,2090,2009,160,US-31E,ROGERS ST.,0000000,38.245325,-85.72857222,1,1
21,19,11,19,13,42,2,2,0,0,13,2,0,12,5,2,1,2,2,55,1,1,2,1,3,3,1,1,0,0,13,42,13,44,88,88,0,0,0,0,1,5,0,210629,3247,2009,71,US-60,SUMMIT RD,0000000,38.42568889,-82.69906944,2,1
21,41,11,21,2,15,2,3,0,0,4,3,0,24,0,1,4,1,2,55,1,2,2,1,0,0,2,5,1,0,2,30,2,41,99,99,0,0,0,0,2,7,1,210630,0,2009,13,SR-36,99999999999999999999,0000000,38.73553889,-85.30042778,2,5
21,15,11,21,9,0,2,4,0,0,14,3,0,12,1,1,1,1,4,45,1,2,2,1,40,3,1,1,0,0,9,0,9,14,9,25,0,0,0,0,1,7,0,210631,1150,2009,0,SR-1017,99999999999999999999,0000000,39.00567778,-84.62223611,2,1
21,51,11,22,19,55,2,4,0,0,3,2,0,12,2,1,1,1,2,55,1,1,2,2,40,3,2,1,0,0,20,1,20,7,20,51,0,0,0,0,1,1,0,210632,0,2009,226,US-421,99999999999999999999,0000000,37.20025278,-83.78276944,2,1
21,123,11,22,9,0,2,4,0,0,5,3,0,12,5,2,1,1,2,55,1,1,2,1,20,3,1,1,0,0,99,99,99,99,99,99,0,0,0,0,1,1,0,210633,0,2009,18,SR-2761,SR-210,0000000,37.60831667,-85.77232222,2,1
21,195,11,23,10,51,2,2,0,1,2,2,0,12,2,1,1,1,2,55,2,2,2,2,0,0,1,1,0,0,10,51,11,5,88,88,0,0,0,0,1,2,0,210634,0,2009,230,US-460,99999999999999999999,0000000,37.36933889,-82.24918889,2,1
21,69,11,23,18,38,2,7,0,0,5,3,0,12,2,1,1,1,2,55,1,2,2,2,0,0,2,1,0,0,18,38,18,43,19,13,0,0,0,0,1,2,0,210635,0,2009,93,SR-57,99999999999999999999,0000000,38.41997222,-83.75045278,2,1
21,9,11,22,0,23,1,1,0,0,3,3,0,37,0,1,4,1,2,55,2,2,2,1,0,0,2,1,0,0,0,26,0,28,1,15,0,0,0,0,1,1,1,210636,1310,2009,8,SR-90,99999999999999999999,0000000,37.01804167,-85.93046667,1,1
21,19,11,23,14,13,2,4,0,0,4,2,0,12,5,2,1,3,2,55,1,1,2,2,20,3,1,2,1,0,14,22,14,29,88,88,0,0,0,0,1,2,0,210637,2797,2009,0,US-60,I-64 RAMP,0000000,38.36538333,-82.77352778,2,2
21,67,11,24,11,24,1,1,0,1,1,1,0,24,0,1,4,2,3,70,1,2,8,1,0,0,1,1,0,0,11,28,11,37,12,7,0,0,0,0,1,3,0,210638,1980,2009,1004,I-75,99999999999999999999,0000000,37.91498611,-84.36517222,1,1
21,151,11,24,19,20,1,1,0,0,3,2,0,34,0,1,4,1,2,55,1,2,2,1,0,0,2,1,0,0,19,26,19,32,88,88,0,0,0,0,1,3,1,210639,0,2009,76,US-421,99999999999999999999,0000000,37.61368611,-84.22531111,1,1
21,83,11,25,0,32,1,4,0,0,5,3,0,42,0,1,4,1,2,55,2,2,2,2,0,0,2,1,0,0,0,41,1,2,1,29,0,0,0,0,1,4,0,210640,0,2009,15,SR-2422,99999999999999999999,0000000,36.56690833,-88.79558056,1,1
21,179,11,25,6,50,1,4,0,1,2,8,0,1,0,1,3,2,2,70,1,1,2,1,0,0,2,1,0,0,6,55,7,5,7,24,0,0,0,0,1,4,0,210641,0,2009,193,BG9002,99999999999999999999,0000000,37.78302778,-85.48363333,1,1
21,233,11,26,3,35,1,1,0,0,4,2,0,1,0,1,4,1,2,55,2,2,2,1,0,0,2,1,0,0,3,35,3,56,88,88,0,0,0,0,1,5,1,210642,0,2009,32,US-41,99999999999999999999,0000000,37.53331389,-87.480225,1,1
21,89,11,27,5,0,2,2,0,0,2,3,0,12,4,1,1,1,2,55,1,1,2,2,0,0,2,2,1,0,99,99,99,99,88,88,0,0,0,0,1,6,1,210643,0,2009,0,SR-67,99999999999999999999,0000000,38.40114167,-82.802325,2,2
21,227,11,29,5,2,1,2,0,0,6,4,0,42,0,1,4,1,2,55,2,2,2,1,40,3,2,1,0,0,5,5,5,17,6,3,0,0,0,0,1,1,0,210644,0,2009,10,GIRKIN RD,99999999999999999999,0000000,37.06613611,-86.35446944,1,1
21,93,11,18,15,50,1,2,0,1,2,8,0,24,0,1,4,2,2,70,1,1,2,1,40,3,1,1,0,0,16,2,16,17,16,45,0,0,0,0,1,4,0,210645,0,2009,1260,WK9001,99999999999999999999,0000000,37.58968333,-86.00191944,1,1
21,193,11,27,9,58,1,1,0,1,2,3,0,36,0,1,4,1,2,55,1,3,2,1,0,0,1,1,0,0,9,58,10,3,10,24,0,0,0,0,1,6,0,210646,0,2009,167,SR-15,99999999999999999999,0000000,37.29085278,-83.23087778,1,1
21,111,11,16,14,45,1,1,0,0,15,3,0,42,0,1,4,1,2,35,2,1,2,1,0,0,1,1,0,0,99,99,99,99,99,99,0,0,0,0,1,2,0,210647,2090,2009,6,SR-2055,99999999999999999999,0000000,38.10059167,-85.74824722,1,1
21,125,11,28,15,39,2,3,0,0,4,3,0,12,5,4,1,1,2,55,2,1,2,1,0,0,1,1,0,0,15,39,15,50,88,88,0,0,0,0,1,7,0,210648,0,2009,85,SR-472,99999999999999999999,0000000,37.18466389,-83.95790556,2,1
21,93,11,30,18,50,2,2,0,0,3,3,0,12,2,1,1,1,2,55,1,1,2,1,40,3,2,1,0,0,18,56,19,5,99,99,0,0,0,0,1,2,1,210649,0,2009,66,SR-1600,99999999999999999999,0000000,37.76555833,-85.99033333,2,1
21,211,11,30,21,30,2,5,0,0,13,2,0,12,5,8,1,2,2,35,1,2,2,1,0,0,3,1,0,0,21,30,21,32,21,48,0,0,0,0,1,2,0,210650,2980,2009,95,US-60,99999999999999999999,0000000,38.21242222,-85.23661111,2,1
21,67,11,24,2,30,1,3,0,0,5,3,0,42,0,1,4,1,2,55,1,2,1,2,0,0,2,1,0,0,2,37,2,48,3,19,0,0,0,0,1,3,0,210651,1980,2009,83,SR-1973,99999999999999999999,0000000,38.03609167,-84.355775,1,1
21,117,11,26,16,55,1,1,0,1,11,1,0,24,0,1,4,2,3,65,1,2,1,2,0,0,5,2,0,0,16,55,17,0,17,33,0,0,0,0,1,5,0,210652,3239,2009,778,I-275 EAST,99999999999999999999,0000000,39.02255,-84.48726667,1,2
21,93,11,26,16,50,1,2,0,0,4,2,0,1,0,1,4,1,2,55,1,1,2,1,0,0,1,1,0,0,17,17,17,25,17,54,0,0,0,0,1,5,0,210653,3247,2009,16,US-62,99999999999999999999,0000000,37.56410556,-86.06758056,1,1
21,161,11,2,10,25,3,3,0,1,2,2,0,12,1,1,1,1,2,55,1,1,2,1,0,0,1,1,0,0,10,29,10,35,10,54,0,0,0,0,1,2,0,210654,0,2009,104,US-68,99999999999999999999,0000000,38.5997,-83.81229444,3,1
21,85,11,3,18,51,1,1,0,0,6,4,0,42,0,1,4,1,2,55,1,2,2,1,0,0,2,1,0,0,18,51,18,59,88,88,0,0,0,0,1,3,0,210655,0,2009,5,GRANT RD,99999999999999999999,0000000,37.44931111,-86.25679444,1,1
21,37,11,6,14,15,1,1,0,0,4,3,0,24,0,3,4,1,2,45,2,2,1,1,0,0,1,1,0,0,14,15,14,25,15,25,0,0,0,0,1,6,0,210656,0,2009,38,SR-915,DEER RUN RD,0000000,38.99407222,-84.43096111,1,1
21,113,11,7,4,59,1,2,0,0,6,4,0,42,0,1,4,1,2,55,1,1,2,1,0,0,2,1,0,0,5,3,5,11,5,32,0,0,0,0,1,7,1,210657,0,2009,23,SUGAR CREEK PIKE,99999999999999999999,0000000,37.743775,-84.56314167,1,1
21,145,11,7,14,41,1,1,0,0,6,3,0,38,0,1,4,1,2,35,2,1,2,1,0,0,1,1,0,0,14,45,14,52,15,22,0,0,0,0,1,7,0,210658,0,2009,10,SR-787,99999999999999999999,0000000,36.94893056,-88.48800556,1,1
21,169,11,8,16,40,2,3,0,1,2,8,0,12,3,5,1,6,1,55,1,1,2,1,0,0,1,1,0,0,16,42,16,48,17,11,0,0,0,0,1,1,1,210659,0,2009,274,LN-9008 RAMP,SR-68,0000000,36.99717222,-85.66048611,2,1
21,117,11,8,21,11,1,1,0,0,15,3,0,22,0,1,4,1,2,55,2,2,2,1,0,0,2,1,0,0,21,20,21,28,88,88,0,0,0,0,1,1,1,210660,1660,2009,36,SR-1829,99999999999999999999,0000000,38.974925,-84.54966667,1,1
21,145,11,21,18,30,1,2,1,0,14,3,0,8,0,1,1,1,2,55,1,1,2,1,0,0,1,1,0,0,99,99,18,38,99,99,0,0,0,0,1,7,0,210661,0,2009,18,SR-284,99999999999999999999,0000000,37.03256944,-88.55105,1,1
21,151,11,30,18,55,2,3,0,0,13,3,0,12,2,2,1,1,4,45,1,1,2,1,3,3,3,1,0,0,18,56,18,58,19,49,0,0,0,0,1,2,0,210662,2750,2009,92,SR-876,BOGGS LN,0000000,37.73115,-84.28650833,2,1
21,107,10,26,15,40,2,2,0,0,3,3,0,12,5,2,1,1,2,55,2,2,2,1,20,3,1,1,0,0,15,52,15,56,16,30,0,0,0,0,1,2,0,210663,0,2009,24,SR-2171,SR-336,0000000,37.27760556,-87.48790833,2,1
21,49,10,7,23,6,1,1,0,0,6,4,0,38,0,1,4,1,2,55,1,1,2,1,0,0,2,1,0,0,23,7,23,22,0,31,0,0,0,0,1,4,0,210664,0,2009,21,BYBEE ROAD,99999999999999999999,0000000,37.91671111,-84.18355556,1,1
21,185,12,1,20,12,1,2,0,0,6,4,0,42,0,1,4,1,2,45,2,3,2,1,40,3,2,1,0,0,20,12,20,15,20,37,0,0,0,0,1,3,0,210665,419,2009,17,CEDAR POINT RD,99999999999999999999,0000000,38.38096111,-85.46470556,1,1
21,93,12,2,13,17,1,2,0,0,4,8,0,31,0,5,4,6,1,20,2,3,2,2,40,3,1,2,0,0,13,21,13,30,14,20,0,0,0,0,1,4,0,210666,1000,2009,0,WK9001 RAMP,I-65 N,0000000,37.67875833,-85.84691111,1,2
21,137,12,2,15,10,2,4,0,0,4,3,0,24,0,1,4,1,2,55,2,1,2,2,40,3,1,2,0,0,15,12,15,15,15,32,0,0,0,0,2,4,0,210667,0,2009,89,SR-78,99999999999999999999,0000000,37.50523333,-84.72102778,2,2
21,191,12,3,12,17,2,2,0,0,5,3,0,12,4,1,1,1,2,55,2,1,2,2,40,3,1,1,0,0,12,23,12,28,88,88,1,0,0,0,1,5,0,210668,0,2009,33,SR-159,99999999999999999999,0000000,38.70011389,-84.304275,2,1
21,97,12,1,15,2,2,3,0,0,15,3,0,5,0,1,1,1,2,35,2,2,2,1,40,3,1,1,0,0,15,4,15,6,15,15,0,14,0,0,1,3,0,210669,850,2009,50,SR-982,99999999999999999999,0000000,38.37655278,-84.29135833,2,1