STATE,COUNTY,MONTH,DAY,HOUR,MINUTE,VE_TOTAL,PERSONS,PEDS,NHS,ROAD_FNC,ROUTE,SP_JUR,HARM_EV,MAN_COLL,REL_JUNC,REL_ROAD,TRAF_FLO,NO_LANES,SP_LIMIT,ALIGNMNT,PROFILE,PAVE_TYP,SUR_COND,TRA_CONT,T_CONT_F,LGT_COND,WEATHER1,WEATHER2,WRK_ZONE,NOT_HOUR,NOT_MIN,ARR_HOUR,ARR_MIN,HOSP_HR,HOSP_MN,SCH_BUS,CF1,CF2,CF3,FATALS,DAY_WEEK,DRUNK_DR,ST_CASE,CITY,YEAR,MILEPT,TWAY_ID,TWAY_ID2,RAIL,LATITUDE,LONGITUD,VE_FORMS,WEATHER
21,139,12,2,22,20,1,2,0,0,5,3,0,22,0,1,4,1,2,55,1,1,2,2,40,3,2,2,0,0,23,11,23,21,0,6,0,0,0,0,1,4,1,210670,0,2009,138,SR-133,99999999999999999999,0000000,37.34791667,-88.36681389,1,2
21,205,12,4,9,2,2,3,0,0,3,3,0,12,1,1,1,1,2,55,1,3,2,1,0,0,1,1,0,0,9,2,9,6,9,10,0,19,0,0,1,6,1,210671,0,2009,34,SR-32,99999999999999999999,0000000,38.21431111,-83.4797,2,1
21,11,12,4,18,10,1,2,1,0,4,2,0,8,0,1,1,1,2,55,1,1,2,1,0,0,2,1,0,0,18,10,18,26,19,0,0,0,0,0,1,6,0,210672,0,2009,184,US-60,99999999999999999999,0000000,38.13644722,-83.56870556,1,1
21,111,12,3,15,41,2,6,0,0,13,3,0,12,5,1,1,5,4,45,1,1,2,1,0,0,1,1,0,0,15,46,15,59,16,25,0,0,0,0,1,5,0,210673,2090,2009,39,SR-1020,99999999999999999999,0000000,38.133275,-85.751425,2,1
21,111,12,6,3,0,1,1,0,0,16,5,0,19,0,1,5,1,2,25,2,1,2,1,40,3,2,1,0,0,3,0,3,13,88,88,0,0,0,0,1,1,1,210674,2090,2009,7,MARYMAN RD,99999999999999999999,0000000,38.13405,-85.85841111,1,1
21,199,12,6,20,25,2,3,0,1,2,2,0,12,2,1,1,1,4,55,1,2,2,1,40,3,2,1,0,0,20,30,20,44,21,10,0,0,0,0,1,1,0,210675,0,2009,18,US-27,99999999999999999999,0000000,36.91685833,-84.51636389,2,1
21,163,12,7,6,55,2,4,0,0,5,3,0,12,2,1,1,1,2,55,2,2,2,3,0,0,2,4,1,0,7,7,7,28,99,99,0,0,0,0,3,2,0,210676,0,2009,37,SR-144,99999999999999999999,0000000,38.01773611,-86.43283333,2,4
21,163,12,7,10,55,2,5,0,0,6,3,0,12,4,1,1,1,2,55,2,1,2,2,0,0,1,1,0,0,10,58,11,2,99,99,0,0,0,0,1,2,0,210677,2230,2009,46,SR-1239,99999999999999999999,0000000,37.94680278,-86.23383611,2,1
21,111,12,7,10,49,2,2,0,0,16,3,0,12,5,3,1,1,2,35,2,1,2,2,3,3,1,1,0,0,10,50,11,7,11,17,0,0,0,0,1,2,1,210678,2090,2009,65,SR-1931,HAZELWODD AVE,0000000,38.17053056,-85.79781667,2,1
21,173,12,7,21,48,1,1,0,1,1,1,0,30,0,13,4,6,1,70,2,2,2,2,40,3,3,1,0,0,22,31,22,32,88,88,0,0,0,0,1,2,1,210679,2320,2009,2,I-64,US-460,0000000,38.07819722,-83.95095278,1,1
21,49,12,5,9,15,1,2,0,0,2,3,0,42,0,1,4,2,2,70,1,2,2,3,0,0,1,1,0,0,9,35,9,58,10,32,0,0,0,0,1,7,0,210680,0,2009,87,SR-9000,99999999999999999999,0000000,37.94842778,-84.02000556,1,1
21,99,12,8,4,45,3,1,0,1,1,1,0,12,1,1,1,3,2,70,1,2,2,1,0,0,2,1,0,0,5,7,5,18,88,88,0,19,0,0,1,3,0,210681,0,2009,650,I-65,99999999999999999999,0000000,37.29996667,-85.90158333,3,1
21,117,12,7,7,10,1,2,0,0,4,3,0,42,0,1,4,1,2,45,1,2,2,4,0,0,1,4,0,0,7,20,7,35,8,15,0,0,0,0,1,2,0,210682,0,2009,140,SR-177,99999999999999999999,0000000,38.96648333,-84.46825556,1,4
21,195,12,9,16,26,3,7,0,1,2,2,0,12,2,2,1,1,4,55,1,1,2,1,20,3,1,1,0,0,16,26,16,39,16,57,0,0,0,0,1,4,0,210683,2640,2009,302,US-23,ACCESS RD,0000000,37.53559444,-82.57903611,3,1
21,9,12,10,11,40,1,1,0,0,4,2,0,36,0,1,4,1,2,55,1,2,2,1,0,0,1,1,0,0,11,42,11,47,88,88,0,0,0,0,1,5,1,210684,0,2009,39,US-68,99999999999999999999,0000000,37.02205,-86.04981389,1,1
21,113,12,10,19,36,2,2,0,1,2,2,0,12,2,1,1,1,4,55,1,2,2,1,0,0,3,1,0,0,19,37,19,41,20,51,0,0,0,0,1,5,0,210685,2410,2009,146,US-27,99999999999999999999,0000000,37.95018889,-84.54215556,2,1
21,95,12,9,6,0,1,1,0,0,4,3,0,42,0,1,4,1,2,55,1,1,2,2,0,0,2,2,0,0,6,0,6,15,6,45,0,0,0,0,1,4,0,210686,1560,2009,153,SR-38,99999999999999999999,0000000,36.90014722,-83.11723611,1,2
21,107,12,11,19,15,3,3,0,1,2,8,0,12,1,1,1,2,2,70,1,3,2,1,0,0,2,1,0,0,19,24,19,30,20,17,0,0,0,0,1,6,0,210687,0,2009,310,EB9004,99999999999999999999,0000000,37.16729444,-87.45323056,3,1
21,211,12,9,14,58,1,1,0,0,3,2,0,36,0,1,4,1,2,55,1,2,2,1,0,0,1,1,0,0,14,58,15,2,15,22,0,0,0,0,1,4,0,210688,0,2009,184,US-60,99999999999999999999,0000000,38.18338333,-85.07473333,1,1
21,125,12,13,14,6,1,1,0,0,4,3,0,42,0,1,4,1,2,45,2,1,2,2,0,0,1,1,0,0,99,99,99,99,88,88,0,0,0,0,1,1,0,210689,0,2009,30,SR-490,99999999999999999999,0000000,37.20011667,-84.11476111,1,1
21,93,12,15,12,58,2,2,0,0,4,3,0,12,2,1,1,1,2,55,1,2,2,1,0,0,1,1,0,0,13,0,13,14,88,88,0,0,0,0,1,3,0,210690,0,2009,101,SR-86,99999999999999999999,0000000,37.67587222,-86.03230556,2,1
21,101,12,16,4,40,1,1,0,1,2,3,0,11,0,1,1,1,4,70,1,1,1,1,0,0,2,1,0,0,5,8,5,22,88,88,0,0,0,0,1,4,0,210691,0,2009,60,SR-9005,99999999999999999999,0000000,37.778925,-87.45014167,1,1
21,9,12,17,7,47,1,1,0,0,5,3,0,42,0,1,4,1,2,55,2,1,2,1,0,0,1,1,0,0,7,47,8,0,9,45,0,0,0,0,1,5,0,210692,0,2009,34,SR-2131,99999999999999999999,0000000,37.06899444,-85.80245,1,1
21,163,12,17,15,35,1,2,1,0,5,3,0,8,0,1,2,1,2,55,1,3,2,1,0,0,1,1,0,0,15,41,16,0,16,20,0,0,0,0,1,5,0,210693,0,2009,62,SR-710,99999999999999999999,0000000,37.96676667,-86.18229444,1,1
21,177,12,9,10,43,2,1,0,0,4,3,0,14,2,1,5,1,2,55,2,1,2,1,0,0,1,1,0,0,10,43,10,56,11,6,0,0,0,0,1,4,0,210694,0,2009,69,SR-70,99999999999999999999,0000000,37.30010556,-87.28036944,1,1
21,85,12,3,14,24,1,1,0,0,4,2,0,34,0,1,4,1,2,55,2,2,2,1,0,0,1,1,0,0,14,24,14,31,15,10,0,0,0,0,1,5,0,210695,680,2009,242,US-62,99999999999999999999,0000000,37.49110278,-86.24405,1,1
21,231,12,19,9,15,2,2,0,0,5,3,0,12,2,1,1,1,2,55,1,2,2,2,0,0,1,1,0,0,9,21,9,36,10,50,0,0,0,0,1,7,0,210696,0,2009,55,SR-1009,99999999999999999999,0000000,36.73300278,-84.97418333,2,1
21,67,12,20,6,53,1,1,0,0,6,3,0,42,0,1,4,1,2,55,1,1,2,3,0,0,1,1,0,0,6,54,7,3,88,88,0,0,0,0,1,1,0,210697,1980,2009,50,SR-353,99999999999999999999,0000000,38.12881667,-84.43336389,1,1
21,227,12,21,0,7,1,1,0,0,5,3,0,42,0,1,4,1,2,55,1,2,2,1,40,3,2,1,0,0,0,10,0,23,88,88,0,0,0,0,1,2,1,210698,0,2009,3,SR-1749,99999999999999999999,0000000,37.15194444,-86.40843611,1,1
21,175,12,21,13,59,2,5,0,0,4,3,0,12,2,1,1,1,2,55,2,1,1,2,40,3,1,1,0,0,14,1,14,26,88,88,0,0,0,0,1,2,0,210699,0,2009,177,SR-172,99999999999999999999,0000000,37.97001667,-83.03329444,2,1
21,211,12,22,14,44,1,1,0,0,3,2,0,35,0,1,4,1,2,55,2,2,2,1,0,0,1,1,0,0,14,44,14,47,14,59,0,0,0,0,1,3,0,210700,0,2009,47,US-60,99999999999999999999,0000000,38.21936944,-85.31677778,1,1
21,135,12,4,6,30,2,3,0,0,2,3,0,12,5,2,1,5,2,55,1,1,2,1,20,3,4,1,0,0,6,40,6,41,7,46,0,0,0,0,1,6,0,210701,3330,2009,112,SR-59,SR-9,0000000,38.58500833,-83.32717778,2,1
21,47,12,22,14,25,2,2,0,1,1,1,0,12,2,1,2,2,4,70,1,1,2,1,0,0,1,1,0,0,14,28,14,34,15,5,0,0,0,0,1,3,1,210702,0,2009,932,I-24,99999999999999999999,0000000,36.66483889,-87.38079167,2,1
21,205,12,24,8,0,1,1,0,0,6,4,0,1,0,1,4,1,2,55,1,1,2,1,0,0,1,1,0,0,88,88,88,88,88,88,0,0,0,0,1,5,1,210703,0,2009,24,UPPER LICK FORK,99999999999999999999,0000000,38.10396667,-83.37653056,1,1
21,195,12,25,15,15,1,1,0,0,6,4,0,42,0,1,4,1,2,35,2,1,2,2,0,0,1,1,0,0,15,28,15,48,16,8,0,0,0,0,1,6,0,210704,3014,2009,5,DIX FORK,99999999999999999999,0000000,37.60195833,-82.34420278,1,1
21,211,12,26,19,22,1,1,0,0,5,3,0,42,0,1,4,1,2,55,1,1,2,1,0,0,2,1,0,0,19,27,19,36,88,88,0,0,0,0,1,7,1,210705,0,2009,27,SR-148,99999999999999999999,0000000,38.15190556,-85.38011944,1,1
21,239,12,29,14,52,1,1,0,0,6,4,0,38,0,1,4,1,2,50,2,3,2,1,0,0,1,1,0,0,14,52,15,11,88,88,0,0,0,0,1,3,1,210706,0,2009,17,CUMMINGS FERRY RD,99999999999999999999,0000000,37.91319167,-84.70759444,1,1
21,93,12,31,12,45,1,1,0,1,1,1,0,42,0,1,4,2,2,70,1,1,2,1,0,0,1,1,0,0,99,99,99,99,88,88,0,0,0,0,1,5,0,210707,0,2009,853,I-65,99999999999999999999,0000000,37.58366389,-85.87145833,1,1
21,29,12,12,10,35,2,3,0,0,14,3,0,12,2,1,1,1,2,45,1,1,2,1,0,0,1,1,0,0,10,39,10,41,11,43,0,0,0,0,2,7,0,210708,2990,2009,36,SR-1020,99999999999999999999,0000000,38.06643889,-85.710675,2,1
21,49,12,14,6,50,2,2,0,0,4,3,0,12,2,1,1,1,2,55,2,2,2,2,0,0,2,1,0,0,7,0,7,3,7,23,0,0,0,0,1,2,0,210709,0,2009,1326,SR-89,99999999999999999999,0000000,37.969575,-84.13214167,2,1
21,17,12,15,20,30,1,1,0,0,3,2,0,52,0,1,4,1,2,55,2,2,2,1,40,3,2,1,0,0,20,34,20,53,88,88,0,0,0,0,1,3,1,210710,0,2009,196,US-460,99999999999999999999,0000000,38.13219444,-84.10197222,1,1
21,93,12,26,3,25,1,2,0,1,1,1,0,57,0,1,3,3,2,70,1,1,2,1,0,0,2,1,0,0,3,25,3,34,4,3,0,0,0,0,1,7,1,210711,0,2009,850,I-65,99999999999999999999,0000000,37.58359444,-85.87154444,1,1
21,101,12,28,14,49,1,1,0,0,5,3,0,37,0,1,4,1,2,55,1,1,1,1,0,0,1,1,0,0,14,50,15,2,88,88,0,0,0,0,1,2,0,210712,0,2009,58,SR-145,99999999999999999999,0000000,37.69964444,-87.69381389,1,1
21,203,12,28,17,30,1,2,0,1,1,1,0,1,0,1,1,2,2,70,1,1,2,1,0,0,5,1,0,0,17,44,17,54,18,10,0,0,0,0,1,2,0,210713,0,2009,690,I-75,99999999999999999999,0000000,37.46743333,-84.33534722,1,1
21,191,12,30,15,1,1,2,0,1,2,2,0,35,0,1,4,1,2,55,2,3,2,1,0,0,1,1,0,0,15,2,15,14,99,99,0,0,0,0,1,4,0,210714,0,2009,178,US-27,99999999999999999999,0000000,38.79931667,-84.35624722,1,1
21,211,12,26,19,22,2,1,0,0,5,3,0,12,1,1,1,1,2,55,1,1,2,1,0,0,2,1,0,0,19,27,19,36,99,99,0,19,0,0,1,7,0,210715,0,2009,27,SR-148,99999999999999999999,0000000,38.15203889,-85.38033611,2,1
21,51,12,16,10,54,1,3,1,0,6,4,0,8,0,1,1,1,2,15,1,1,2,1,0,0,1,1,0,0,10,55,10,57,11,19,0,0,0,0,1,4,0,210716,2160,2009,0,CLAY CO. SHOP CTR RD,99999999999999999999,0000000,37.13333333,-83.75,1,1
21,93,11,26,4,50,1,1,0,1,1,1,0,1,0,1,3,2,2,70,2,1,1,1,40,3,2,1,0,0,5,9,5,17,5,47,0,0,0,0,1,5,1,210717,0,2009,1001,I-65,99999999999999999999,0000000,37.78373889,-85.77240833,1,1
21,131,12,30,22,25,1,2,1,0,3,2,0,8,0,3,1,1,2,55,2,1,2,2,0,0,2,2,0,0,22,27,22,36,22,55,0,0,0,0,1,4,0,210718,3215,2009,151,US-421,SR-406,0000000,37.09164444,-83.39631667,1,2
21,135,12,30,11,5,1,1,0,0,6,3,0,32,0,1,4,1,2,35,1,1,2,1,0,0,1,1,0,0,11,5,11,21,11,55,0,0,0,0,1,4,0,210719,3279,2009,43,SR-10,99999999999999999999,0000000,38.55997778,-83.55141111,1,1
21,157,12,26,11,8,2,2,0,1,2,2,0,12,2,1,1,1,2,55,1,1,2,1,0,0,1,1,0,0,11,9,11,18,11,59,0,0,0,0,1,7,0,210720,0,2009,66,US-68,99999999999999999999,0000000,36.960275,-88.37603056,2,1
21,199,12,12,20,35,2,2,0,1,2,3,0,12,5,2,1,2,2,55,1,2,2,1,40,3,3,1,0,0,20,39,20,44,21,15,0,0,0,0,1,7,0,210721,3070,2009,874,SR-9008,SR-1225,0000000,37.09331111,-84.63841389,2,1
21,45,12,26,17,59,2,2,0,0,4,3,0,12,1,1,1,1,2,55,1,1,2,1,0,0,2,1,0,0,18,2,18,17,18,45,0,0,0,0,1,7,0,210722,0,2009,47,SR-80,00,0000000,37.12829722,-84.88311667,2,1
21,207,12,28,6,23,3,5,0,1,2,2,0,12,1,1,1,1,2,55,1,1,2,1,0,0,4,1,0,0,6,23,6,34,8,32,0,0,0,0,1,2,0,210723,0,2009,236,US-127,99999999999999999999,0000000,37.11693611,-85.04855556,3,1
21,9,12,23,7,0,1,1,0,0,5,3,0,42,0,1,4,1,2,55,2,2,2,1,0,0,1,1,0,0,7,3,7,29,8,41,0,0,0,0,1,4,0,210724,0,2009,41,SR-87,99999999999999999999,0000000,36.78976667,-85.95818889,1,1
21,195,12,16,15,31,2,3,0,0,6,2,0,12,5,8,1,1,2,40,2,1,2,1,0,0,1,1,0,0,15,31,15,42,16,4,0,0,0,0,1,4,0,210725,1312,2009,265,US-119,99999999999999999999,0000000,37.650325,-82.26785556,2,1
21,215,12,20,19,41,1,1,0,0,4,3,0,36,0,1,4,1,2,55,1,1,2,2,40,3,5,2,1,0,19,41,19,57,21,30,0,0,0,0,1,1,0,210726,0,2009,24,SR-48,99999999999999999999,0000000,37.95089722,-85.41573889,1,2
21,123,7,28,14,7,2,3,0,0,3,2,0,12,2,1,1,1,2,55,2,1,2,2,0,0,1,2,0,0,14,16,14,37,15,20,0,0,0,0,1,3,0,210727,0,2009,181,US-31E,99999999999999999999,0000000,37.61712222,-85.63001667,2,2
21,187,10,22,5,46,1,1,0,0,14,3,0,19,0,1,4,1,2,35,2,2,2,1,40,3,4,1,0,0,5,50,5,53,6,8,0,20,0,0,1,5,0,210728,2500,2009,1,SR-1287,99999999999999999999,0000000,38.53475556,-84.83443056,1,1
21,177,12,13,6,42,1,1,0,0,5,3,0,32,0,1,4,1,2,55,1,2,2,2,0,0,2,2,0,0,6,42,6,59,88,88,0,0,0,0,1,1,1,210729,0,2009,12,SR-246,99999999999999999999,0000000,37.18432222,-87.06594167,1,2
21,11,12,28,17,0,1,2,0,1,1,1,0,24,0,1,4,2,2,70,2,2,2,1,0,0,1,1,0,0,17,0,17,10,17,45,0,0,0,0,1,2,0,210730,2510,2009,1200,I-64 EB,99999999999999999999,0000000,38.1222,-83.76676111,1,1
21,209,12,22,21,35,1,1,0,0,5,3,0,42,0,1,4,1,2,55,1,2,2,1,0,0,2,1,0,0,21,42,21,50,22,40,0,0,0,0,1,3,0,210731,0,2009,91,SR-32,99999999999999999999,0000000,38.30064722,-84.64279167,1,1
21,57,10,30,13,14,2,2,0,0,3,3,0,12,5,3,1,1,2,55,1,2,2,1,40,3,1,1,0,0,13,14,13,26,15,0,0,0,0,0,1,6,1,210732,0,2009,38,SR-61,OLD PEYTONSBURG ROAD,0000000,36.66253333,-85.37005556,2,1
21,1,7,8,16,47,2,6,0,0,4,3,0,12,5,2,1,1,2,55,1,1,2,1,20,3,1,1,0,0,16,47,17,8,17,45,0,0,0,0,1,4,0,210733,0,2009,119,SR-551,SR-76,0000000,37.24027222,-85.18923333,2,1
22,51,1,1,2,34,1,5,1,1,13,2,0,8,0,1,1,1,2,45,1,1,2,1,0,0,3,1,0,0,2,36,2,38,2,51,0,0,0,0,1,5,0,220001,1190,2009,118,US-61,99999999999999999999,0000000,29.97975,-90.27868056,1,1
22,33,1,1,3,15,1,1,0,0,14,3,0,1,0,1,4,1,2,45,1,1,1,1,99,9,2,1,0,1,3,23,3,32,3,49,0,0,0,0,1,5,1,220002,0,2009,353,SR-42,99999999999999999999,0000000,30.3811,-91.14718056,1,1
22,33,1,1,4,32,1,1,0,0,13,3,0,34,0,1,4,1,2,45,1,1,2,1,0,0,2,1,0,0,4,39,4,48,5,3,0,0,0,0,1,5,0,220003,150,2009,57,SR-426,99999999999999999999,0000000,30.45653889,-91.01531944,1,1
22,51,1,2,9,55,1,2,0,0,16,4,0,47,0,3,1,3,3,35,1,1,2,1,3,3,1,1,0,0,99,99,99,99,99,99,0,0,0,0,1,6,1,220004,1545,2009,0,TRANSCONTINENTAL,VETERAN'S BLVD,0000000,30.00618889,-90.19561111,1,1
22,97,1,2,16,50,2,2,0,1,1,7,0,12,5,8,1,1,2,55,1,4,2,1,0,0,1,1,0,0,16,55,17,23,17,39,0,0,0,0,1,6,0,220005,0,2009,90,I-49 SERVICE RD,99999999999999999999,0000000,30.38548056,-92.05491944,2,1
22,1,1,2,16,42,1,2,0,0,4,3,0,1,0,1,1,1,2,55,1,1,2,1,0,0,1,1,0,0,16,42,16,59,99,99,0,0,0,0,1,6,1,220006,0,2009,177,SR-97,99999999999999999999,0000000,30.43285,-92.56421944,1,1
22,109,1,2,22,33,1,1,0,0,14,3,0,1,0,1,4,1,2,55,1,1,2,1,28,3,3,1,0,0,22,47,22,51,23,7,0,0,0,0,1,6,1,220007,0,2009,2146,SR-182,99999999999999999999,0000000,29.62336111,-90.70816944,1,1
22,55,1,3,2,0,1,2,0,0,6,4,0,27,0,1,4,1,2,45,2,1,2,2,0,0,2,1,0,0,2,5,2,12,4,55,0,0,0,0,1,7,0,220008,0,2009,0,ELIAS G. RD,99999999999999999999,0000000,30.14401944,-92.11495,1,1
22,59,1,3,10,40,4,5,0,0,2,3,0,12,8,1,1,1,2,55,1,1,2,1,0,0,1,1,0,0,10,47,11,14,11,50,0,0,0,0,2,7,0,220009,0,2009,759,SR-28,99999999999999999999,0000000,31.46083889,-92.11048889,3,1
22,13,1,4,2,40,1,4,0,0,4,3,0,34,0,1,4,1,2,55,2,3,2,2,40,3,2,1,0,0,2,40,3,3,3,40,0,0,0,0,1,1,1,220010,0,2009,333,SR-155,99999999999999999999,0000000,32.2311,-92.9185,1,1
22,33,1,5,1,36,1,1,0,0,16,4,0,24,0,1,4,1,2,50,1,1,2,1,0,0,2,1,0,0,1,36,1,49,88,88,0,0,0,0,1,2,1,220011,2490,2009,0,LOWER ZACHARY RD,99999999999999999999,0000000,30.63661111,-91.12606111,1,1
22,51,1,5,23,17,1,1,0,0,15,4,0,42,0,1,4,1,4,35,1,1,1,1,0,0,3,1,0,0,23,20,23,28,88,88,0,0,0,0,1,2,1,220012,0,2009,0,AMES BLVD,99999999999999999999,0000000,29.87003889,-90.11118889,1,1
22,5,1,6,20,5,1,1,0,1,11,1,0,42,0,1,4,3,2,70,1,1,1,2,0,0,2,2,0,0,20,10,20,30,99,99,0,0,0,0,1,3,1,220013,0,2009,1707,I-10,99999999999999999999,0000000,30.302,-90.99323889,1,2
22,19,1,8,6,30,6,6,0,0,14,3,0,12,1,3,1,1,2,55,1,1,2,1,3,3,4,1,0,0,6,37,6,43,7,5,0,0,0,0,1,5,0,220014,0,2009,809,SR-27,SR-1256,0000000,30.18323056,-93.37616111,6,1
22,85,1,8,9,40,2,2,0,0,4,3,0,12,5,2,1,1,2,55,1,1,2,1,20,3,1,1,0,0,9,40,10,4,10,38,0,0,0,0,1,5,0,220015,0,2009,250,SR-191,WALKERVILLE RD,0000000,31.45181944,-93.61146111,2,1
22,5,1,9,1,45,1,1,0,1,11,1,0,42,0,1,4,2,2,70,1,1,1,1,0,0,2,1,0,0,1,52,2,1,2,28,0,0,0,0,1,6,1,220016,0,2009,1710,I-10,99999999999999999999,0000000,30.29866944,-90.99238056,1,1
22,43,1,9,20,28,2,2,0,1,2,2,0,12,5,2,1,2,2,65,1,1,2,1,0,0,2,1,0,0,20,28,21,0,88,88,0,0,0,0,1,6,0,220017,0,2009,955,US-165,POLLOCK AIRBASE RD,0000000,31.46021111,-92.40815,2,1
22,1,1,10,6,24,2,3,0,0,4,3,0,12,2,1,1,1,2,55,1,1,2,2,0,0,2,5,0,0,6,34,6,49,88,88,0,0,0,0,2,7,0,220018,0,2009,110,SR-97,99999999999999999999,0000000,30.33971944,-92.58521944,2,5
22,1,1,10,6,34,2,2,0,0,4,3,0,12,5,1,1,1,2,55,1,1,2,2,0,0,2,5,0,0,6,34,6,49,88,88,0,19,23,0,1,7,0,220019,0,2009,111,SR-97,99999999999999999999,0000000,30.34081111,-92.58521944,2,5
22,121,1,10,12,8,2,7,0,1,1,1,0,12,7,1,1,3,2,70,1,1,2,2,0,0,1,2,0,0,12,30,12,47,13,24,0,0,0,0,1,7,0,220020,0,2009,1462,I-10,99999999999999999999,0000000,30.44808056,-91.3284,2,2
22,121,1,10,19,10,1,1,0,1,1,1,0,42,0,1,4,2,2,70,1,1,2,2,0,0,2,2,0,0,19,17,19,29,88,88,0,0,0,0,1,7,0,220021,0,2009,1435,I-10,99999999999999999999,0000000,30.43738056,-91.37055,1,2
22,103,1,10,19,30,2,3,0,1,11,1,0,1,0,13,1,6,2,70,2,1,1,1,0,0,2,1,0,0,19,34,19,40,88,88,0,14,0,0,1,7,1,220022,2180,2009,2679,I-10,99999999999999999999,0000000,30.30216111,-89.74176111,2,1
22,101,1,11,9,30,2,4,0,0,4,3,0,12,2,1,1,1,2,55,2,1,2,1,0,0,1,1,0,0,9,48,9,58,10,36,0,0,0,0,3,1,0,220023,0,2009,1,SR-318,99999999999999999999,0000000,29.83493056,-91.65875,2,1
22,99,1,11,23,0,1,1,0,0,13,3,0,34,0,1,4,1,2,99,2,1,2,1,0,0,3,1,0,0,23,6,23,12,23,28,0,0,0,0,1,1,1,220024,0,2009,205,SR-31,99999999999999999999,0000000,30.25883056,-91.88931944,1,1
22,19,1,12,15,11,2,2,0,0,13,3,0,12,5,3,1,1,4,45,1,1,2,1,3,3,1,1,0,0,15,15,15,19,15,35,0,0,0,0,1,2,0,220025,2210,2009,840,SR-27,PATTON STREET,0000000,30.21258056,-93.35841944,2,1
22,19,1,16,17,56,1,2,1,0,13,3,0,9,0,1,1,5,4,35,1,1,2,1,0,0,3,1,0,0,17,58,18,0,88,88,0,0,0,0,1,6,1,220026,2210,2009,847,SR-27,99999999999999999999,0000000,30.22235,-93.35941944,1,1
22,65,1,16,6,45,1,1,0,0,4,2,0,42,0,1,4,1,2,45,1,1,2,1,0,0,1,1,0,0,6,54,7,1,88,88,0,0,0,0,1,6,1,220027,0,2009,1829,US-80,99999999999999999999,0000000,32.40523889,-91.17151944,1,1
22,89,1,16,14,30,3,33,0,1,13,2,0,12,1,15,1,2,2,45,1,1,2,1,0,0,1,1,0,0,14,31,14,38,15,14,1,0,0,0,1,6,0,220028,0,2009,2420,US-90,99999999999999999999,0000000,29.89343889,-90.4021,3,1
22,49,1,17,11,20,2,2,0,0,4,3,0,12,2,8,1,1,2,55,1,3,2,1,0,0,1,1,0,0,11,25,11,39,12,21,0,0,0,0,1,7,0,220029,0,2009,587,SR-155,99999999999999999999,0000000,32.35421944,-92.59143889,2,1
22,97,1,17,22,0,1,1,0,0,6,3,0,32,0,1,4,1,2,55,1,1,2,1,0,0,2,1,0,0,22,8,22,29,23,21,0,0,0,0,1,7,1,220030,0,2009,66,SR-359,99999999999999999999,0000000,30.68673056,-91.98713889,1,1
22,33,1,18,5,33,1,1,0,0,13,3,0,42,0,1,4,2,2,40,2,1,1,2,28,3,3,2,0,0,5,35,5,43,88,88,0,0,0,0,1,1,1,220031,0,2009,16,SR-1248,99999999999999999999,0000000,30.37598889,-91.09945,1,2
22,105,1,20,11,25,1,2,0,1,1,1,0,42,0,1,4,2,2,70,2,1,1,1,0,0,1,1,0,0,11,30,11,34,12,26,0,0,0,0,1,3,0,220032,0,2009,376,I-55,99999999999999999999,0000000,30.59113056,-90.50606944,1,1
22,51,1,22,15,33,2,3,0,0,4,3,0,12,2,1,1,1,2,35,1,1,1,1,0,0,1,1,0,0,15,37,15,53,16,20,0,0,0,0,1,5,0,220033,0,2009,86,SR-3134,99999999999999999999,0000000,29.75826111,-90.09955,2,1
22,107,1,22,23,49,1,1,0,0,6,3,0,53,0,1,4,1,2,45,1,1,2,1,0,0,2,1,0,0,23,54,0,6,88,88,0,0,0,0,1,5,1,220034,0,2009,15,SR-606,99999999999999999999,0000000,31.95971944,-91.2257,1,1
22,95,1,23,7,2,1,3,0,0,6,4,0,10,0,6,1,1,2,20,1,2,2,1,70,3,1,1,0,0,7,2,7,18,99,99,0,0,0,0,2,6,0,220035,0,2009,0,W 4TH STREET,99999999999999999999,448568C,30.02153056,-90.6226,1,1
22,47,1,22,21,20,1,1,0,0,6,3,0,32,0,1,5,1,2,55,1,1,2,1,0,0,2,5,0,0,21,23,21,39,99,99,0,0,0,0,1,5,1,220036,0,2009,39,SR-993,99999999999999999999,0000000,30.1251,-91.18488889,1,5
22,5,1,23,3,41,1,1,0,0,15,3,0,1,0,1,4,1,2,55,2,1,2,1,0,0,2,1,0,0,3,48,4,0,5,22,0,0,0,0,1,6,1,220037,0,2009,47,SR-74,99999999999999999999,0000000,30.24811111,-91.02865,1,1
22,15,1,24,8,25,3,3,0,1,11,1,0,13,2,1,1,2,2,70,1,1,1,2,0,0,1,1,0,0,8,28,8,33,88,88,0,0,0,0,2,7,0,220038,0,2009,273,I-20,99999999999999999999,0000000,32.54178889,-93.61361944,3,1
22,93,1,25,2,57,1,6,0,1,1,1,0,37,0,1,3,3,2,70,1,1,2,1,0,0,2,1,0,0,3,19,3,31,3,59,0,0,0,0,1,1,1,220039,0,2009,1969,I-10,99999999999999999999,0000000,30.12056944,-90.65221944,1,1