STATE,COUNTY,MONTH,DAY,HOUR,MINUTE,VE_TOTAL,PERSONS,PEDS,NHS,ROAD_FNC,ROUTE,SP_JUR,HARM_EV,MAN_COLL,REL_JUNC,REL_ROAD,TRAF_FLO,NO_LANES,SP_LIMIT,ALIGNMNT,PROFILE,PAVE_TYP,SUR_COND,TRA_CONT,T_CONT_F,LGT_COND,WEATHER1,WEATHER2,WRK_ZONE,NOT_HOUR,NOT_MIN,ARR_HOUR,ARR_MIN,HOSP_HR,HOSP_MN,SCH_BUS,CF1,CF2,CF3,FATALS,DAY_WEEK,DRUNK_DR,ST_CASE,CITY,YEAR,MILEPT,TWAY_ID,TWAY_ID2,RAIL,LATITUDE,LONGITUD,VE_FORMS,WEATHER
22,37,1,26,9,16,1,1,0,0,4,3,0,52,0,1,4,1,2,55,2,1,2,2,0,0,1,1,0,0,9,28,9,58,88,88,0,0,0,0,1,2,0,220040,0,2009,489,SR-63,99999999999999999999,0000000,30.835,-90.96346111,1,1
22,47,1,25,15,39,1,1,0,0,15,3,0,1,0,1,2,1,2,55,1,1,2,1,0,0,1,1,0,0,15,45,15,48,88,88,0,0,0,0,1,1,0,220041,2082,2009,20,SR-3115,99999999999999999999,0000000,30.24648889,-91.04898056,1,1
22,91,1,26,11,57,2,2,0,0,3,3,0,12,2,1,1,1,2,55,2,1,2,1,0,0,1,1,0,0,12,8,12,17,88,88,0,0,0,0,1,2,0,220042,0,2009,380,SR-16,99999999999999999999,0000000,30.66556111,-90.89185,2,1
22,85,1,26,22,33,1,1,0,0,6,4,0,35,0,1,4,1,2,35,2,3,2,1,0,0,2,1,0,0,22,33,22,51,23,41,0,20,0,0,1,2,1,220043,0,2009,0,OLD PLEASANT HILL,99999999999999999999,0000000,31.66041944,-93.62913056,1,1
22,79,1,28,1,20,1,2,1,0,6,3,0,8,0,1,1,1,2,55,1,2,2,2,0,0,2,2,0,0,1,23,1,31,88,88,0,0,0,0,1,4,0,220044,0,2009,34,SR-497,99999999999999999999,0000000,31.0128,-92.54783056,1,2
22,47,1,28,99,99,1,1,0,0,15,3,0,34,0,1,4,1,2,55,1,1,2,1,0,0,2,1,0,0,6,49,6,58,88,88,0,0,0,0,1,4,1,220045,0,2009,208,SR-75,99999999999999999999,0000000,30.2549,-91.26131111,1,1
22,117,1,29,12,50,2,2,0,0,3,3,0,12,4,1,1,1,2,55,1,2,2,1,0,0,1,1,0,0,12,55,13,15,13,45,0,0,0,0,1,5,0,220046,0,2009,2372,SR-10,99999999999999999999,0000000,30.86538889,-89.98608889,2,1
22,101,1,30,0,14,2,2,0,1,2,2,0,12,1,7,1,2,2,65,1,1,1,1,0,0,2,1,0,0,0,15,0,39,88,88,0,0,0,0,1,6,0,220047,0,2009,1432,US-90,99999999999999999999,0000000,29.8782,-91.64676111,2,1
22,81,1,30,4,0,2,2,0,0,4,3,0,12,2,1,1,1,2,55,1,1,2,1,0,0,2,1,0,0,4,3,4,12,88,88,0,0,0,0,1,6,1,220048,0,2009,3589,SR-1,99999999999999999999,0000000,32.07813056,-93.45678889,2,1
22,53,1,9,16,55,1,1,0,0,6,4,0,34,0,1,4,1,2,45,2,1,2,1,40,3,5,1,0,0,17,10,17,27,18,8,0,0,0,0,1,6,0,220049,0,2009,0,TOPSY BELL ROAD,99999999999999999999,0000000,30.39496111,-93.12993889,1,1
22,53,1,18,15,10,2,3,0,0,3,2,0,12,8,1,1,1,2,55,1,1,2,1,0,0,1,1,0,0,15,20,15,33,15,48,0,0,0,0,1,1,0,220050,0,2009,784,US-190,99999999999999999999,0000000,30.48163056,-92.75246944,2,1
22,83,1,30,16,38,4,6,0,0,3,3,0,12,1,3,1,1,2,55,1,1,2,1,4,3,1,1,0,0,16,40,16,54,88,88,0,0,0,0,2,6,0,220051,0,2009,1241,SR-15,SR-133,0000000,32.37815,-91.89963056,4,1
22,39,1,16,11,44,1,1,0,0,6,4,0,34,0,1,4,1,2,99,1,1,4,1,40,3,1,1,0,0,11,45,11,58,88,88,0,0,0,0,1,6,0,220052,2320,2009,0,ELMUS D ROAD,99999999999999999999,0000000,30.80753056,-92.41688056,1,1
22,81,1,30,4,1,2,2,0,0,4,3,0,12,11,1,1,1,2,55,1,1,2,8,0,0,2,1,0,0,4,3,4,12,88,88,0,19,0,0,1,6,1,220053,0,2009,3589,SR-1,99999999999999999999,0000000,32.07813056,-93.45678889,2,1
22,75,1,4,0,15,1,1,0,0,6,3,0,42,0,1,4,1,2,50,1,1,2,2,0,0,2,2,0,0,0,17,0,34,88,88,0,0,0,0,1,1,1,220054,0,2009,17,SR-3137,99999999999999999999,0000000,29.86941944,-89.96923889,1,2
22,55,1,5,21,34,2,2,0,1,13,2,0,12,1,8,1,2,2,55,1,1,1,1,0,0,3,1,0,0,21,34,21,46,88,88,0,0,0,0,1,2,1,220055,260,2009,1185,US-90,99999999999999999999,0000000,30.09898889,-91.94153056,2,1
22,103,1,10,19,35,1,1,0,0,9,4,0,3,0,1,4,2,2,35,1,1,1,1,0,0,3,1,0,0,19,37,19,41,88,88,0,0,0,0,1,7,0,220056,0,2009,0,OAK HARBOR BLVD,99999999999999999999,0000000,30.22666111,-89.78463889,1,1
22,7,1,19,1,14,1,1,0,0,9,4,0,37,0,3,4,1,2,0,1,1,2,1,20,3,2,1,0,0,1,35,1,49,88,88,0,0,0,0,1,2,1,220057,0,2009,0,WEST SERVICE RD,BAYOU BEOUF RD,0000000,29.66586944,-91.09805,1,1
22,9,1,25,20,48,1,2,0,0,15,3,0,34,0,1,4,1,2,45,2,2,1,1,0,0,2,1,0,0,20,54,21,7,22,0,0,0,0,0,1,1,1,220058,0,2009,2371,SR-107,99999999999999999999,0000000,31.08736111,-92.04621111,1,1
22,23,1,13,21,7,1,2,1,0,6,4,0,8,0,1,2,1,2,45,1,1,2,1,0,0,2,1,0,0,21,24,99,99,88,88,0,0,0,0,1,3,1,220059,0,2009,0,PARISH ROAD 120,99999999999999999999,0000000,30.02995,-92.74163056,1,1
22,77,1,27,9,25,2,2,0,0,3,3,0,12,2,1,1,1,2,55,1,1,2,1,0,0,1,1,0,0,9,38,9,42,88,88,0,0,0,0,1,3,0,220060,1700,2009,1877,SR-1,99999999999999999999,0000000,30.70278056,-91.4652,2,1
22,57,2,2,7,0,2,2,0,0,14,3,0,12,5,1,1,1,2,45,2,1,2,2,40,3,1,5,0,0,7,16,7,19,88,88,0,0,0,0,1,2,0,220061,0,2009,630,SR-1,99999999999999999999,0000000,29.65381944,-90.54281944,2,5
22,95,2,7,4,35,1,1,0,0,3,2,0,37,0,1,3,2,2,65,2,1,2,1,0,0,2,1,0,0,4,50,5,0,88,88,0,0,0,0,1,7,1,220062,0,2009,369,US-61,99999999999999999999,0000000,30.07398056,-90.65785,1,1
22,79,2,9,8,30,2,4,0,1,2,3,0,12,2,1,1,1,2,55,1,1,2,1,0,0,1,1,0,0,8,32,8,45,9,25,0,0,0,0,1,2,0,220063,0,2009,656,SR-28,99999999999999999999,0000000,31.38033889,-92.25381111,2,1
22,105,2,11,21,50,1,1,0,0,15,3,0,27,0,3,4,1,2,55,1,1,2,1,20,3,2,1,0,0,21,56,22,6,88,88,0,0,0,0,1,4,1,220064,0,2009,432,SR-1249,SR-22,0000000,30.43605,-90.54201944,1,1
22,109,2,13,18,54,1,4,0,0,5,3,0,34,0,1,4,1,2,55,2,1,2,2,0,0,2,2,0,0,18,57,19,11,19,54,0,0,0,0,1,6,1,220065,0,2009,145,SR-315,99999999999999999999,0000000,29.50778889,-90.75258056,1,2
22,11,2,14,2,0,1,5,0,0,4,3,0,34,0,1,4,1,2,55,2,1,2,2,0,0,2,2,0,0,2,7,2,42,4,3,0,0,0,0,2,7,1,220066,0,2009,191,SR-109,99999999999999999999,0000000,30.4253,-93.67308889,1,2
22,57,2,14,19,16,1,3,1,1,13,3,0,8,0,10,1,1,2,45,2,1,1,2,20,3,3,1,0,0,19,17,19,27,88,88,0,0,0,0,1,7,0,220067,0,2009,326,SR-1,SR-3235,0000000,29.36768889,-90.25841944,1,1
22,99,2,15,4,33,1,2,0,0,5,3,0,32,0,1,4,1,2,55,2,1,2,2,40,3,2,2,0,0,4,35,4,44,6,15,0,0,0,0,1,1,1,220068,0,2009,36,SR-353,99999999999999999999,0000000,30.16896944,-91.87148056,1,2
22,105,2,14,0,50,1,4,0,0,16,6,0,34,0,1,4,1,2,35,2,1,2,1,0,0,3,1,0,0,0,57,1,3,1,25,0,0,0,0,1,7,1,220069,0,2009,0,S. RANGE RD.,99999999999999999999,0000000,30.46086944,-90.44383056,1,1
22,79,2,16,16,46,1,1,0,1,13,2,0,43,0,15,4,2,2,65,1,1,2,1,0,0,1,1,0,0,16,46,16,52,17,15,0,0,0,0,1,2,1,220070,0,2009,1191,US-167,99999999999999999999,0000000,31.37903056,-92.43281111,1,1
22,9,2,20,23,5,1,3,0,0,4,3,0,1,0,1,4,1,2,55,1,1,2,1,0,0,2,1,0,0,23,15,23,42,0,7,0,0,0,0,1,6,1,220071,0,2009,163,SR-107,99999999999999999999,0000000,30.93028889,-91.96261111,1,1
22,109,2,21,3,13,1,1,0,0,14,3,0,39,0,1,4,1,2,55,2,1,2,1,0,0,3,1,0,0,3,18,3,27,88,88,0,0,0,0,1,7,1,220072,0,2009,198,SR-198,99999999999999999999,0000000,29.53353889,-90.67613889,1,1
22,5,2,21,14,40,1,1,0,0,9,4,0,32,0,1,4,1,2,35,1,1,2,1,0,0,1,1,0,0,14,42,14,47,15,8,0,0,0,0,1,7,1,220073,0,2009,0,WEST ORICE ROTH ROAD,99999999999999999999,0000000,30.21803889,-90.94518056,1,1
22,109,2,1,0,1,1,1,0,0,14,3,0,42,0,1,4,1,2,55,2,1,2,1,0,0,3,1,0,0,0,6,0,16,88,88,0,0,0,0,1,1,1,220074,0,2009,146,SR-55,99999999999999999999,0000000,29.5315,-90.57708056,1,1
22,79,2,1,15,6,2,3,0,0,13,3,0,12,5,1,1,5,2,50,1,2,2,2,0,0,1,2,0,0,15,7,15,14,15,42,0,0,0,0,1,1,0,220075,1850,2009,566,SR-28,99999999999999999999,0000000,31.33303889,-92.39273056,2,2
22,33,2,2,11,45,2,2,0,0,13,3,0,12,2,8,1,1,2,45,1,1,2,1,0,0,1,1,0,0,11,51,11,59,88,88,0,0,0,0,1,2,0,220076,0,2009,441,SR-42,99999999999999999999,0000000,30.3524,-91.02155,2,1
22,67,2,8,21,15,1,3,2,0,3,2,0,8,0,1,2,1,2,55,1,1,2,1,0,0,2,1,0,0,22,18,22,25,88,88,0,15,0,0,1,1,1,220077,0,2009,2079,US-165,99999999999999999999,0000000,32.77288056,-91.85068056,1,1
22,19,2,14,3,15,1,3,1,1,13,3,0,8,0,1,1,1,4,35,1,1,2,2,0,0,3,2,0,0,3,18,3,22,3,37,0,0,0,0,1,7,1,220078,1250,2009,147,SR-385,99999999999999999999,0000000,30.22091944,-93.21886111,1,2
22,105,2,7,12,40,1,3,0,0,4,3,0,42,0,1,4,1,2,55,2,1,2,1,28,3,1,1,0,0,12,45,12,59,14,0,0,0,0,0,1,7,1,220079,0,2009,11,SR-1049,99999999999999999999,0000000,30.89693056,-90.56435,1,1
22,79,2,5,16,50,1,1,0,0,14,3,0,32,0,1,4,2,2,55,1,1,1,1,0,0,1,1,0,0,16,54,17,5,88,88,0,0,0,0,1,5,0,220080,40,2009,2744,SR-1,99999999999999999999,0000000,31.33165,-92.49051944,1,1
22,117,2,6,20,5,1,1,0,0,5,3,0,34,0,1,4,1,2,55,2,1,2,1,40,3,2,1,0,0,20,11,20,29,88,88,0,0,0,0,1,6,1,220081,0,2009,326,SR-438,99999999999999999999,0000000,30.96443889,-89.84815,1,1
22,45,2,11,11,40,1,4,0,0,5,3,0,34,0,2,4,1,2,55,2,1,2,1,40,3,1,1,0,0,11,44,11,58,12,43,0,0,0,0,1,4,0,220082,0,2009,44,SR-89,RAVEN ROAD,0000000,30.01251111,-91.98116944,1,1
22,51,2,11,14,15,1,2,0,1,13,6,0,30,0,1,4,3,3,40,2,1,2,1,0,0,1,1,0,0,14,16,14,21,15,11,0,0,0,0,2,4,0,220083,1005,2009,0,LAPALCO,99999999999999999999,0000000,29.87013889,-90.0767,1,1
22,105,2,11,18,20,1,2,1,0,4,3,0,8,0,2,1,1,2,55,1,1,2,1,0,0,2,1,0,0,18,30,18,49,88,88,0,19,0,0,1,4,0,220084,0,2009,611,SR-22,CC ROAD,0000000,30.43498889,-90.25003056,1,1
22,105,2,11,21,15,1,2,1,0,15,3,0,9,0,1,1,1,2,55,1,1,2,1,0,0,2,1,0,0,21,21,21,33,88,88,0,0,0,0,1,4,1,220085,0,2009,135,SR-1064,99999999999999999999,0000000,30.54441944,-90.54715,1,1
22,105,2,11,23,32,1,2,0,0,4,3,0,34,0,1,4,1,2,55,2,1,2,1,40,3,2,1,0,0,23,36,23,43,0,38,0,0,0,0,1,4,1,220086,0,2009,2040,SR-10,99999999999999999999,0000000,30.78073889,-90.48953889,1,1
22,97,2,12,15,33,2,4,0,0,3,2,0,12,5,2,1,2,2,45,1,1,2,1,20,3,1,1,0,0,16,5,16,10,16,40,0,0,0,0,2,5,0,220087,720,2009,1009,US-190,ST. MARY RD,0000000,30.495,-92.38923056,2,1
22,113,2,13,22,40,1,5,0,0,4,3,0,34,0,1,4,1,2,55,1,1,2,1,0,0,2,1,0,0,22,44,22,59,0,20,0,0,0,0,1,6,1,220088,0,2009,22,SR-339,99999999999999999999,0000000,29.98908056,-92.02321944,1,1
22,109,2,17,6,12,1,3,0,0,15,3,0,53,0,1,4,1,2,55,2,1,2,1,0,0,2,1,0,0,6,14,6,36,7,36,0,0,0,0,1,3,1,220089,0,2009,57,SR-56,99999999999999999999,0000000,29.32218889,-90.64521944,1,1
22,59,1,21,11,23,2,3,0,1,2,2,0,12,5,2,1,5,4,45,1,1,2,1,4,3,1,1,0,0,11,23,11,35,11,48,0,0,0,0,1,4,0,220090,1790,2009,1294,US-165,SR-127,0000000,31.89423889,-92.23686944,2,1
22,17,2,3,12,4,1,1,0,0,14,6,0,46,0,3,3,2,2,35,1,1,1,1,9,9,1,1,0,0,12,1,12,4,99,99,0,0,0,0,1,3,0,220091,2130,2009,0,PIERREMONT,SOUTHERN AVENUE,0000000,32.4548,-93.75446944,1,1
22,97,2,7,11,37,1,2,0,0,14,3,0,37,0,1,4,1,2,55,1,1,2,1,0,0,1,1,0,0,99,99,11,45,12,14,0,0,0,0,1,7,0,220092,0,2009,7,SR-3233,99999999999999999999,0000000,30.47878889,-92.0835,1,1
22,103,2,9,15,30,2,2,0,0,3,3,0,12,5,1,1,1,2,55,1,1,2,1,0,0,1,1,0,0,15,32,15,43,16,12,0,0,0,0,1,2,0,220093,0,2009,55,SR-41,99999999999999999999,0000000,30.42203056,-89.78756944,2,1
22,79,2,6,12,12,2,3,0,1,13,2,0,12,5,11,1,2,2,45,1,1,1,1,20,3,1,1,0,0,12,19,12,27,12,50,0,0,0,0,1,6,0,220094,1850,2009,883,US-165,US-167,0000000,31.35881111,-92.41648889,2,1
22,33,2,20,7,53,1,1,0,0,16,4,0,1,0,1,4,1,2,40,2,1,2,1,0,0,1,1,0,0,7,53,8,1,88,88,0,0,0,0,1,6,0,220095,0,2009,0,COMITE DRIVE,99999999999999999999,0000000,30.55951111,-91.1027,1,1
22,73,2,20,23,35,1,1,0,0,15,3,0,34,0,1,4,1,2,45,2,1,2,1,28,3,2,1,0,0,23,44,23,51,88,88,0,0,0,0,1,6,1,220096,0,2009,49,SR-3033,99999999999999999999,0000000,32.45783056,-92.18108889,1,1
22,55,2,21,3,44,2,3,1,0,13,3,0,12,5,1,1,1,2,45,1,1,2,1,0,0,3,1,0,0,3,44,3,55,88,88,0,19,23,0,1,7,1,220097,1230,2009,443,SR-98,99999999999999999999,0000000,30.29473056,-92.00556111,2,1
22,111,2,24,16,35,2,2,0,0,4,3,0,12,2,1,1,1,2,55,1,1,2,1,0,0,1,1,0,0,16,41,16,49,88,88,0,0,0,0,1,3,0,220098,0,2009,1689,SR-15,99999999999999999999,0000000,32.72986944,-92.4212,2,1
22,65,2,15,0,44,1,1,0,0,16,6,0,34,0,1,4,1,2,25,1,1,2,1,0,0,3,1,0,0,0,44,0,52,88,88,0,0,0,0,1,1,1,220099,0,2009,0,HOLT ST.,99999999999999999999,0000000,32.4142,-91.17605,1,1
22,121,2,11,12,1,2,3,0,0,15,3,0,12,2,1,1,1,2,45,1,1,2,1,0,0,1,1,0,0,12,5,12,15,12,45,0,0,0,0,1,4,1,220100,1920,2009,19,SR-986,99999999999999999999,0000000,30.463,-91.21626944,2,1
22,105,2,14,3,30,1,1,0,1,11,1,0,27,0,1,4,2,2,70,1,1,2,1,0,0,2,1,0,0,9,54,10,1,88,88,0,0,0,0,1,7,1,220101,980,2009,397,I-12,99999999999999999999,0000000,30.4788,-90.46416944,1,1
22,97,2,26,13,9,1,1,0,0,4,3,0,32,0,1,2,1,2,55,1,1,2,1,0,0,1,1,0,0,13,9,13,27,99,99,0,0,0,0,1,5,0,220102,2220,2009,879,SR-182,99999999999999999999,0000000,30.4146,-92.07776944,1,1
22,39,2,24,19,31,1,1,0,0,6,6,0,34,0,1,4,1,2,99,1,1,2,1,0,0,1,1,0,0,99,99,99,99,99,99,0,0,0,0,1,3,1,220103,2320,2009,0,TIGER LANE,99999999999999999999,0000000,30.65708056,-92.39838889,1,1
22,71,2,21,5,25,2,2,0,0,3,2,0,12,2,1,1,1,2,55,1,1,1,1,0,0,4,1,0,0,99,99,99,99,88,88,0,0,0,0,1,7,2,220104,1690,2009,70,US-11,99999999999999999999,0000000,30.17181944,-89.84928889,2,1
22,51,2,26,21,17,2,2,1,1,13,2,0,8,0,3,1,2,3,35,1,1,1,1,0,0,3,1,0,0,21,22,21,35,21,53,0,14,0,0,1,5,0,220105,0,2009,2624,US-90,BARRY AVENUE,0000000,29.96193056,-90.14155,1,1
22,77,2,22,20,34,2,2,0,0,4,3,0,12,5,4,1,1,2,55,1,1,2,1,0,0,3,1,0,0,20,43,21,4,21,56,0,0,0,0,1,1,1,220106,0,2009,394,SR-77,99999999999999999999,0000000,30.58326111,-91.6005,2,1
22,69,2,23,6,16,1,2,0,1,1,1,0,1,0,1,4,2,2,70,1,1,1,1,0,0,4,1,0,0,6,19,6,43,7,13,0,0,0,0,2,2,0,220107,0,2009,1352,I-49,99999999999999999999,0000000,31.69071111,-93.12696944,1,1
22,63,2,23,22,10,1,3,0,0,9,4,0,34,0,1,4,1,2,35,2,1,2,1,0,0,2,1,0,0,22,14,22,26,23,27,0,0,0,0,1,2,0,220108,0,2009,0,CLINTON ALLEN RD.,99999999999999999999,0000000,30.56466944,-90.92408056,1,1
22,105,2,23,22,35,1,2,1,0,15,3,0,8,0,1,1,1,2,55,1,1,2,1,0,0,2,1,0,0,22,38,22,44,88,88,0,0,0,0,1,2,1,220109,0,2009,46,SR-1040,99999999999999999999,0000000,30.48946944,-90.50331111,1,1
22,5,2,24,1,1,2,3,0,0,3,3,0,12,2,1,1,1,2,55,1,1,2,1,0,0,2,1,0,0,1,6,1,21,1,50,0,0,0,0,1,3,0,220110,0,2009,515,SR-70,99999999999999999999,0000000,30.16398056,-90.87988889,2,1
22,7,2,24,16,43,1,1,0,0,14,3,0,1,0,3,4,1,2,55,1,1,2,1,0,0,1,1,0,0,16,44,17,12,17,33,0,0,0,0,1,3,1,220111,0,2009,1097,SR-1,EWELL STREET,0000000,30.00775,-91.04701111,1,1
22,39,2,24,16,59,1,3,0,0,4,3,0,34,0,1,4,1,2,55,1,1,2,1,0,0,1,1,0,0,17,7,17,17,18,24,0,0,0,0,1,3,1,220112,0,2009,165,SR-106,99999999999999999999,0000000,30.83046944,-92.31778889,1,1
22,89,2,24,19,50,1,2,0,0,3,2,0,1,0,1,4,3,2,55,1,1,2,1,0,0,2,1,0,0,19,55,20,9,20,55,0,0,0,0,1,3,1,220113,0,2009,228,US-61,99999999999999999999,0000000,30.03651944,-90.43503056,1,1
22,57,2,25,1,41,3,4,1,0,5,3,0,12,1,1,1,1,2,35,1,1,2,1,0,0,3,1,0,0,1,42,1,52,2,17,0,0,0,0,1,4,2,220114,0,2009,38,SR-654,99999999999999999999,0000000,29.70318889,-90.48731944,2,1
22,31,2,26,6,39,2,2,0,0,3,2,0,12,2,1,1,1,2,55,1,2,2,1,0,0,1,1,0,0,6,42,6,47,7,10,0,0,0,0,1,5,0,220115,0,2009,238,US-84,99999999999999999999,0000000,32.04911944,-93.65646111,2,1
22,47,3,2,17,6,1,1,0,0,15,3,0,34,0,1,4,1,2,45,2,1,2,1,0,0,1,1,0,0,17,15,17,18,17,56,0,0,0,0,1,2,1,220116,1870,2009,68,SR-3066,99999999999999999999,0000000,30.26285,-91.26626944,1,1
22,97,3,1,12,15,2,5,0,0,5,3,0,12,2,1,1,1,2,55,2,1,2,1,0,0,1,1,0,0,12,15,12,35,99,99,0,0,0,0,2,1,0,220117,0,2009,354,SR-104,99999999999999999999,0000000,30.56931111,-92.18513889,2,1
22,111,3,3,3,7,1,1,0,0,4,3,0,35,0,1,4,1,2,55,1,2,2,1,40,3,2,1,0,0,3,12,3,33,88,88,0,0,0,0,1,3,0,220118,0,2009,1567,SR-15,99999999999999999999,0000000,32.59031944,-92.33026944,1,1
22,51,3,4,19,14,1,3,1,1,13,3,0,8,0,1,1,2,2,40,1,1,2,2,0,0,3,1,0,0,19,16,19,20,19,50,0,0,0,0,1,4,0,220119,1190,2009,19,SR-49,99999999999999999999,0000000,30.00111944,-90.24093889,1,1
22,55,3,5,22,24,2,2,0,1,13,2,0,12,5,2,1,2,2,50,1,1,2,1,20,3,3,1,0,0,22,24,22,31,23,25,0,0,0,0,1,5,1,220120,1230,2009,1096,US-90,TOWER DR,0000000,30.20563889,-92.00063889,2,1
22,105,3,6,2,6,1,6,5,0,16,6,0,8,0,1,2,1,2,25,1,1,2,1,0,0,3,1,0,0,2,10,2,13,2,50,0,0,0,0,3,6,1,220121,980,2009,0,NASHVILLE,99999999999999999999,0000000,30.51538889,-90.48065,1,1
22,33,3,6,21,18,2,4,0,0,14,3,0,12,3,3,1,2,1,55,1,1,2,1,20,3,2,1,0,0,21,18,21,25,21,54,0,0,0,0,1,6,0,220122,0,2009,94,SR-30,UNIVERSITY CLUB RD,0000000,30.32871111,-91.13196944,2,1
22,17,3,7,22,14,1,1,0,0,14,3,0,38,0,3,4,1,2,45,2,1,2,1,20,3,3,1,0,0,22,14,22,18,88,88,0,0,0,0,1,7,1,220123,0,2009,131,SR-173,SR-538,0000000,32.61586111,-93.89706944,1,1
22,103,3,8,19,5,2,6,0,1,11,1,0,13,5,1,1,2,2,70,1,1,2,1,0,0,5,1,0,0,19,8,19,21,19,43,0,0,0,0,3,1,0,220124,0,2009,607,I-12,99999999999999999999,0000000,30.44191111,-90.12596111,2,1
22,109,3,9,6,23,2,2,0,0,4,3,0,12,5,1,1,1,2,55,1,1,2,1,0,0,2,5,0,0,6,28,6,55,7,28,0,0,0,0,1,2,0,220125,0,2009,1977,SR-182,99999999999999999999,0000000,29.61978889,-90.90298889,2,5
22,7,3,9,6,40,2,2,0,0,14,3,0,12,5,2,1,1,2,50,1,1,2,1,20,3,3,5,0,0,6,45,6,50,7,16,0,0,0,0,1,2,0,220126,0,2009,1044,SR-1,SR-402,0000000,29.95693889,-91.0302,2,5
22,105,3,11,1,24,1,3,1,0,6,4,0,8,0,1,1,1,2,45,1,1,2,1,0,0,2,1,0,0,1,24,1,27,99,99,0,0,0,0,1,4,0,220127,0,2009,0,E. CLUB DELUXE RD,99999999999999999999,0000000,30.47563889,-90.45056111,1,1
22,109,3,11,9,47,3,4,0,0,14,3,0,12,8,1,1,1,2,55,1,1,2,1,0,0,1,1,0,0,9,55,10,7,10,48,0,0,0,0,1,4,0,220128,0,2009,79,SR-311,99999999999999999999,0000000,29.6536,-90.81901111,3,1
22,15,3,11,13,55,1,1,0,0,4,3,0,24,0,1,4,1,2,35,2,1,2,2,40,3,1,2,0,0,13,55,14,1,88,88,0,0,0,0,1,4,0,220129,0,2009,35,SR-154,99999999999999999999,0000000,32.36236111,-93.50236111,1,2
22,109,3,12,8,12,3,3,0,0,14,3,0,12,1,3,1,5,4,50,1,1,1,1,3,3,1,1,0,0,8,15,8,18,88,88,0,0,0,0,1,5,0,220130,0,2009,24,SR-311,SR-664,0000000,29.59928056,-90.75878889,3,1
22,81,3,12,15,25,1,1,0,0,6,3,0,42,0,1,4,1,2,55,2,1,2,2,40,3,1,1,0,0,15,29,15,46,88,88,0,0,0,0,1,5,0,220131,0,2009,95,SR-515,99999999999999999999,0000000,32.21355,-93.4484,1,1
22,119,3,7,14,50,1,2,1,0,16,6,0,9,0,2,1,1,2,25,1,1,2,1,20,3,1,1,0,0,14,51,14,58,15,49,0,0,0,0,1,7,0,220132,1550,2009,0,EAST ST.,SQUIRE ST.,0000000,32.59761111,-93.28451944,1,1
22,103,3,11,9,3,1,2,1,1,11,1,0,8,0,13,2,6,1,70,2,1,2,1,0,0,1,1,0,0,88,88,88,88,88,88,0,0,0,0,1,4,0,220133,0,2009,745,I-12,99999999999999999999,0000000,30.35405,-89.92283889,1,1
22,103,3,13,19,28,2,3,0,1,13,2,0,12,5,2,1,5,4,45,1,1,2,1,0,0,2,1,0,0,19,31,19,37,19,54,0,0,0,0,1,6,2,220134,0,2009,9015,US-190,LINDBERG RD.,0000000,30.28481111,-89.75411111,2,1
22,79,3,14,4,55,1,2,0,0,4,3,0,42,0,1,4,1,2,55,1,1,2,1,0,0,2,1,0,0,5,0,5,10,6,14,0,0,0,0,1,7,0,220135,0,2009,751,SR-112,99999999999999999999,0000000,31.06038056,-92.48321944,1,1
22,103,3,14,14,25,3,6,0,1,11,1,0,13,5,1,1,2,3,70,1,1,1,2,0,0,1,2,0,0,14,28,14,40,15,24,0,0,0,0,2,7,1,220136,0,2009,2675,I-10,99999999999999999999,0000000,30.29738056,-89.74476111,3,2
22,63,3,14,19,40,1,2,1,0,4,3,0,8,0,1,99,1,2,55,1,1,2,2,0,0,2,2,0,0,19,45,19,56,88,88,0,0,0,0,1,7,0,220137,0,2009,54,SR-447,99999999999999999999,0000000,30.43003889,-90.85756944,1,2
22,73,3,15,20,45,1,5,0,0,16,6,0,10,0,6,1,1,2,99,1,1,2,2,70,3,3,2,0,0,99,99,99,99,99,99,0,0,0,0,2,1,0,220138,1560,2009,0,BOOTH ST.,99999999999999999999,302502W,32.50251944,-92.08643056,1,2
22,71,1,14,0,45,1,2,1,0,16,6,0,8,0,3,1,1,2,25,1,1,2,1,20,3,2,1,0,0,0,99,99,99,88,88,0,0,0,0,1,4,0,220139,1690,2009,0,JOLIET ST.,HICKORY ST.,0000000,29.95436944,-90.12861111,1,1
22,33,1,31,22,53,1,2,1,0,15,6,0,8,0,1,1,1,4,40,1,1,1,1,0,0,3,1,0,0,22,53,22,57,88,88,0,0,0,0,1,7,1,220140,150,2009,0,EVANGELINE ST.,99999999999999999999,0000000,30.49333889,-91.13513056,1,1
22,33,2,9,20,47,3,3,0,0,14,6,0,12,5,2,1,1,4,45,1,1,1,1,0,0,3,1,0,0,20,48,20,55,88,88,0,0,0,0,1,2,1,220141,150,2009,0,S. CHOCTAW DR.,SAN CLEMENTE,0000000,30.47208889,-91.07258889,3,1
22,33,2,17,21,0,1,2,1,1,13,3,0,8,0,1,1,5,4,45,1,1,1,1,0,0,3,1,0,0,21,7,21,12,21,25,0,0,0,0,1,3,0,220142,150,2009,197,SR-73,99999999999999999999,0000000,30.41721111,-91.08985,1,1