STATE,COUNTY,MONTH,DAY,HOUR,MINUTE,VE_TOTAL,PERSONS,PEDS,NHS,ROAD_FNC,ROUTE,SP_JUR,HARM_EV,MAN_COLL,REL_JUNC,REL_ROAD,TRAF_FLO,NO_LANES,SP_LIMIT,ALIGNMNT,PROFILE,PAVE_TYP,SUR_COND,TRA_CONT,T_CONT_F,LGT_COND,WEATHER1,WEATHER2,WRK_ZONE,NOT_HOUR,NOT_MIN,ARR_HOUR,ARR_MIN,HOSP_HR,HOSP_MN,SCH_BUS,CF1,CF2,CF3,FATALS,DAY_WEEK,DRUNK_DR,ST_CASE,CITY,YEAR,MILEPT,TWAY_ID,TWAY_ID2,RAIL,LATITUDE,LONGITUD,VE_FORMS,WEATHER
22,33,2,19,12,32,2,2,0,1,13,2,0,12,5,2,1,2,3,50,1,1,2,1,20,3,1,1,0,0,12,40,12,42,12,51,0,0,0,0,1,5,0,220143,150,2009,1865,US-190,PONDEROSA,0000000,30.46381111,-91.02728056,2,1
22,71,1,13,7,54,1,4,0,1,13,2,0,30,0,1,4,2,2,99,1,1,1,1,0,0,1,1,0,0,7,56,7,58,8,11,0,0,0,0,1,3,0,220144,1690,2009,2734,US-90,99999999999999999999,0000000,30.00631944,-90.03408056,1,1
22,55,2,21,0,29,1,2,0,0,13,2,0,34,0,1,4,2,2,55,2,1,2,1,99,9,3,1,0,0,0,30,0,37,1,2,0,0,0,0,1,7,0,220145,1230,2009,137,US-167,99999999999999999999,0000000,30.15811111,-92.08676111,1,1
22,33,3,16,1,18,1,2,1,1,13,3,0,8,0,1,1,1,2,45,1,1,1,2,0,0,2,2,0,1,1,24,1,33,88,88,0,0,0,0,1,2,0,220146,0,2009,362,SR-42,99999999999999999999,0000000,30.37141944,-91.13638889,1,2
22,77,3,17,4,15,1,1,0,0,3,3,0,24,0,1,4,1,2,55,1,1,2,1,0,0,2,1,0,0,4,20,4,37,88,88,0,0,0,0,1,3,0,220147,0,2009,2147,SR-1,99999999999999999999,0000000,30.9527,-91.75433056,1,1
22,17,3,17,6,53,1,2,1,1,11,1,0,8,0,15,1,3,3,60,1,1,1,1,0,0,4,1,0,0,99,99,99,99,99,99,0,0,0,0,1,3,0,220148,2130,2009,147,I-20,JEWELLA,0000000,32.4712,-93.80046111,1,1
22,121,3,17,14,0,2,3,0,1,13,3,0,12,5,2,1,2,2,55,1,1,1,1,20,3,1,1,0,0,14,1,14,26,14,43,0,0,0,0,1,3,1,220149,0,2009,13,SR-415,SR-987,0000000,30.49045,-91.25356944,2,1
22,71,3,1,15,8,2,2,0,1,13,2,0,12,5,2,1,2,3,35,1,1,2,1,1,3,1,1,0,0,99,99,99,99,88,88,0,0,0,0,1,1,0,220150,1690,2009,2714,US-90,NORMAN MAYER ST.,0000000,29.99708889,-90.06151944,2,1
22,99,3,2,16,49,1,1,0,0,9,4,0,34,0,1,2,1,2,55,2,1,2,1,0,0,1,1,0,0,16,50,17,1,17,20,0,0,0,0,1,2,0,220151,0,2009,0,ST JOHN FIELD,99999999999999999999,0000000,30.16243889,-91.78916111,1,1
22,105,3,7,19,55,1,1,0,0,9,4,0,42,0,1,4,1,2,35,2,1,2,1,0,0,3,1,0,0,19,55,20,2,20,30,0,0,0,0,1,7,1,220152,0,2009,0,WEINBERGER ROAD,99999999999999999999,0000000,30.41905,-90.42556111,1,1
22,19,3,9,12,49,2,2,0,0,19,6,0,12,5,2,1,1,2,35,1,1,1,1,20,3,1,1,0,0,12,54,12,57,13,9,0,0,0,0,1,2,0,220153,1250,2009,0,TWELFTH STREET,THIRD AVENUE,0000000,30.21296944,-93.1961,2,1
22,117,3,12,20,44,1,1,0,0,9,4,0,42,0,1,4,1,2,30,2,1,2,1,0,0,2,1,0,0,20,46,20,58,99,99,0,0,0,0,1,5,0,220154,60,2009,0,CENTRAL CHURCH ROAD,99999999999999999999,0000000,30.92486944,-89.97188056,1,1
22,101,3,12,23,22,1,5,1,1,13,2,0,8,0,1,1,1,2,55,1,1,2,1,0,0,2,1,0,0,23,24,23,31,88,88,0,0,0,0,1,5,0,220155,780,2009,1555,US-90,99999999999999999999,0000000,29.76906111,-91.49483056,1,1
22,105,3,13,10,2,1,1,0,0,9,4,0,34,0,1,4,1,2,35,2,1,2,1,0,0,1,1,0,0,10,4,10,22,10,41,0,0,0,0,1,6,0,220156,0,2009,0,WEINBERGEER ROAD,99999999999999999999,0000000,30.4179,-90.36635,1,1
22,11,3,17,6,25,1,2,1,0,4,3,0,8,0,2,1,1,2,55,2,3,2,1,0,0,2,1,0,0,6,27,6,40,7,11,0,0,0,0,1,3,0,220157,0,2009,85,SR-112,MARVIN COOLEY ROAD,0000000,30.86426944,-93.11673056,1,1
22,89,2,16,5,53,1,2,1,0,14,3,0,8,0,1,1,1,2,35,1,1,2,1,0,0,2,1,0,0,5,53,5,59,6,29,0,0,0,0,1,2,0,220158,0,2009,552,SR-18,99999999999999999999,0000000,29.93513056,-90.36811111,1,1
22,15,3,13,10,45,2,2,0,1,13,2,0,12,5,2,1,2,2,45,1,1,1,2,3,3,1,2,0,0,10,50,10,57,11,55,0,0,0,0,1,6,0,220159,230,2009,1899,US-71,PANTHER DRIVE,0000000,32.47131944,-93.67061944,2,2
22,33,1,24,2,50,1,2,0,0,14,6,0,37,0,1,4,1,2,45,1,1,2,1,0,0,3,1,0,0,2,51,2,59,3,29,0,0,0,0,1,7,1,220160,150,2009,0,HIGHLAND ROAD,99999999999999999999,0000000,30.37373056,-91.13243056,1,1
22,57,3,18,7,40,3,3,0,0,14,3,0,12,5,10,1,2,2,50,1,1,2,1,20,3,1,1,0,0,7,45,7,50,8,28,0,0,0,0,1,4,0,220161,0,2009,23,SR-316,US-90 OFF RAMP,0000000,29.68345,-90.75176111,3,1
22,89,3,19,13,32,1,1,0,0,14,3,0,1,0,1,4,1,2,35,2,1,2,1,0,0,1,1,0,0,13,35,13,45,88,88,0,0,0,0,1,5,1,220162,0,2009,506,SR-18,99999999999999999999,0000000,29.98506944,-90.40911944,1,1
22,103,3,19,16,10,1,3,0,0,6,3,0,1,0,1,1,1,2,55,1,1,2,1,0,0,1,1,0,0,16,20,16,28,17,33,0,0,0,0,1,5,1,220163,0,2009,56,SR-1081,99999999999999999999,0000000,30.57768056,-90.07393056,1,1
22,15,3,20,3,43,2,3,0,0,3,3,0,12,8,1,1,1,2,55,1,1,2,1,0,0,2,1,0,0,3,49,3,54,4,57,0,0,0,0,1,6,1,220164,0,2009,156,SR-3,99999999999999999999,0000000,32.73591111,-93.73275,2,1
22,11,3,20,18,50,1,3,0,0,4,3,0,34,0,1,4,1,2,55,1,1,2,1,0,0,1,1,0,0,18,55,19,20,19,39,0,0,0,0,1,6,0,220165,0,2009,87,SR-112,99999999999999999999,0000000,30.86431944,-93.11338889,1,1
22,75,3,20,18,39,2,3,0,1,3,3,0,13,5,1,1,2,2,55,1,1,2,1,0,0,1,1,0,0,18,39,18,51,88,88,0,0,0,0,2,6,1,220166,0,2009,369,SR-23,99999999999999999999,0000000,29.55736111,-89.7876,2,1
22,69,3,19,1,11,1,6,1,1,13,3,0,8,0,1,1,1,2,55,1,1,2,1,0,0,2,1,0,0,1,15,1,21,88,88,0,0,0,0,1,5,0,220167,1650,2009,438,SR-6,99999999999999999999,0000000,31.73093889,-93.14696111,1,1
22,19,3,20,19,40,1,1,0,0,6,4,0,1,0,1,4,1,2,25,1,1,2,1,28,3,3,1,0,0,19,47,20,12,88,88,0,0,0,0,1,6,1,220168,0,2009,0,THOMPSON RD,99999999999999999999,0000000,30.3244,-93.18678889,1,1
22,19,3,30,16,10,1,1,0,0,15,4,0,34,0,1,4,1,2,45,1,1,2,1,0,0,1,1,0,0,16,10,16,16,16,43,0,0,0,0,1,2,0,220169,0,2009,0,HAM REID RD,99999999999999999999,0000000,30.15406944,-93.23491111,1,1
22,115,3,31,20,15,2,5,0,1,13,2,0,12,5,2,1,2,2,55,1,2,2,1,20,3,2,1,0,0,20,15,20,20,21,5,0,0,0,0,1,3,0,220170,0,2009,498,US-171,CATFISH HUT RD.,0000000,30.89758889,-93.28721111,2,1
22,89,3,29,8,10,1,1,0,1,11,1,0,23,0,15,2,3,2,60,1,2,1,1,0,0,1,1,0,0,8,16,8,28,88,88,0,0,0,0,1,1,1,220171,0,2009,25,I-310,99999999999999999999,0000000,29.97685,-90.31743889,1,1
22,55,3,28,22,27,2,9,1,1,13,2,0,8,0,1,1,3,3,50,1,1,1,1,0,0,1,1,0,0,22,28,22,30,22,56,0,0,0,0,1,7,0,220172,1230,2009,225,US-167,99999999999999999999,0000000,30.2479,-92.0137,2,1
22,55,3,26,20,32,2,2,0,0,14,3,0,12,4,2,1,5,4,45,2,1,1,2,3,3,3,2,0,0,20,32,20,42,20,52,0,0,0,0,1,5,1,220173,1230,2009,679,SR-182,100 SAGE GLENN LANE,0000000,30.1795,-92.0038,2,2
22,79,3,27,5,45,2,2,0,1,1,1,0,12,1,1,1,2,2,70,1,1,1,1,0,0,2,1,0,0,5,53,6,14,88,88,0,0,0,0,1,6,0,220174,0,2009,603,I-49,99999999999999999999,0000000,31.00546111,-92.35335,2,1
22,105,3,27,22,36,2,3,0,1,1,1,0,12,2,1,1,2,2,70,1,1,1,2,0,0,2,2,0,0,22,42,22,52,23,48,0,0,0,0,1,6,1,220175,0,2009,390,I-55,99999999999999999999,0000000,30.61406944,-90.5153,2,2
22,101,3,25,20,35,1,1,0,1,13,2,0,37,0,1,4,2,2,70,2,2,2,1,0,0,2,1,0,0,20,37,20,42,88,88,0,0,0,0,1,4,0,220176,0,2009,1578,US-90,99999999999999999999,0000000,29.75821944,-91.4612,1,1
22,97,3,25,7,14,2,2,0,0,3,2,0,12,2,1,1,1,2,55,2,1,2,2,0,0,4,2,0,2,7,18,7,33,8,30,0,0,0,0,1,4,0,220177,0,2009,516,US-167,99999999999999999999,0000000,30.61198889,-92.12606111,2,2
22,17,3,23,10,39,1,1,0,0,14,3,0,53,0,1,4,1,2,45,1,1,2,1,0,0,1,1,0,0,10,46,10,58,11,31,0,0,0,0,1,2,0,220178,0,2009,55,SR-525,99999999999999999999,0000000,32.3561,-93.8682,1,1
22,103,3,22,8,55,2,4,0,0,3,2,0,12,2,1,1,1,2,50,1,1,1,1,0,0,1,1,0,0,9,3,9,11,9,43,0,0,0,0,1,1,1,220179,0,2009,102,US-11,99999999999999999999,0000000,30.21288056,-89.82765,2,1
22,109,3,22,21,41,1,2,0,0,9,4,0,34,0,1,4,1,2,35,1,1,2,1,0,0,3,1,0,0,21,46,22,13,23,8,0,0,0,0,1,1,0,220180,0,2009,0,N BAYOU BLACK DRIVE,99999999999999999999,0000000,29.66495,-90.97575,1,1
22,19,3,22,0,45,1,2,1,0,6,3,0,8,0,1,1,1,2,55,1,1,2,1,0,0,2,1,0,0,99,99,99,99,99,99,0,0,0,0,1,1,0,220181,0,2009,17,SR-3112,99999999999999999999,0000000,30.15858056,-93.63976111,1,1
22,19,3,21,1,20,2,2,0,1,11,1,0,12,2,1,1,3,2,60,1,1,2,1,0,0,3,1,0,0,1,21,1,25,1,49,0,0,0,0,1,7,1,220182,2400,2009,281,I-10,99999999999999999999,0000000,30.23703056,-93.25928889,2,1
22,71,3,21,2,51,1,2,1,0,15,6,0,8,0,1,1,1,2,35,1,1,1,1,0,0,3,1,0,0,99,99,99,99,88,88,0,0,0,0,1,7,1,220183,1690,2009,0,TCHOUPITOULAS STREET,99999999999999999999,0000000,29.91773056,-90.09346944,1,1
22,85,1,3,22,8,1,1,0,0,4,3,0,42,0,1,4,1,2,55,1,1,2,1,0,0,2,1,0,0,22,12,22,36,23,15,0,0,0,0,1,7,1,220184,0,2009,600,SR-191,99999999999999999999,0000000,31.82221944,-93.79033889,1,1
22,71,2,23,16,20,1,2,1,0,3,2,0,9,0,1,1,2,2,55,1,1,2,1,0,0,1,1,0,0,99,99,99,99,88,88,0,0,0,0,1,2,0,220185,1690,2009,2789,US-90,99999999999999999999,0000000,30.03,-89.93081944,1,1
22,71,2,23,18,18,2,2,0,1,11,1,0,13,5,1,1,2,3,70,1,1,1,1,0,0,2,1,0,0,18,18,18,38,99,99,0,0,0,0,1,2,1,220186,1690,2009,2314,I-10,99999999999999999999,0000000,29.99346111,-90.11766111,2,1
22,71,2,24,20,31,1,2,1,1,13,2,0,8,0,1,1,2,3,35,1,1,2,1,0,0,3,1,0,0,99,99,99,99,99,99,0,0,0,0,1,3,1,220187,1690,2009,2,US-61,99999999999999999999,0000000,29.9631,-90.09341944,1,1
22,19,4,2,1,50,1,2,1,0,15,4,0,8,0,1,1,1,2,45,1,1,2,1,0,0,2,1,0,0,1,44,1,47,88,88,0,0,0,0,1,5,0,220188,0,2009,0,MYRTLE SPRINGS,99999999999999999999,0000000,30.26948056,-93.27506111,1,1
22,51,4,4,22,0,1,1,0,0,6,4,0,27,0,1,5,1,2,45,2,1,2,2,40,3,3,2,0,0,22,0,22,18,88,88,0,0,0,0,1,7,0,220189,0,2009,0,JEAN LAFITTE BLVD,99999999999999999999,0000000,29.75026111,-90.13556111,1,2
22,33,4,4,19,26,1,1,0,0,6,4,0,40,0,1,4,1,2,45,2,1,2,1,0,0,2,1,0,0,19,32,19,59,20,19,0,0,0,0,1,7,0,220190,0,2009,0,MAHONEY RD,99999999999999999999,0000000,30.70751111,-90.967,1,1
22,47,4,9,0,5,1,1,0,0,16,6,0,35,0,1,4,1,2,30,1,1,2,1,0,0,3,1,0,0,0,5,0,20,99,99,0,0,0,0,1,5,1,220191,1870,2009,0,ENTERPRISE BLVD,99999999999999999999,0000000,30.2855,-91.2467,1,1
22,19,4,11,8,3,2,2,0,1,11,1,0,12,5,13,1,6,2,35,1,1,2,1,20,3,1,1,0,0,8,7,8,11,8,28,0,0,0,0,1,7,0,220192,1250,2009,69,I-210,COLLEGE ST.,0000000,30.19651111,-93.20761944,2,1
22,79,4,14,15,40,2,2,0,1,12,2,0,12,5,2,1,2,2,35,1,1,1,1,3,3,1,1,0,0,15,41,15,43,88,88,0,0,0,0,1,3,0,220193,40,2009,1128,US-167,FOISY ST,0000000,31.30616111,-92.4434,2,1
22,9,4,13,6,5,1,1,0,0,4,3,0,34,0,1,4,1,2,45,1,1,2,2,0,0,2,5,0,0,6,14,6,20,88,88,0,0,0,0,1,2,0,220194,0,2009,5,SR-114,99999999999999999999,0000000,31.10108889,-92.21441111,1,5
22,109,4,11,21,55,2,2,0,0,14,3,0,12,1,1,1,1,2,55,1,1,2,1,0,0,3,1,0,0,22,0,22,10,88,88,0,0,0,0,1,7,0,220195,0,2009,13,SR-659,99999999999999999999,0000000,29.58083889,-90.65783889,2,1
22,99,4,8,14,6,1,1,0,0,3,3,0,1,0,1,4,1,2,55,1,1,2,1,0,0,1,1,0,0,14,9,14,32,88,88,0,0,0,0,1,4,0,220196,0,2009,94,SR-70,99999999999999999999,0000000,29.81918889,-91.17261111,1,1
22,109,4,8,19,2,2,2,0,0,15,4,0,12,5,1,1,1,2,45,1,1,2,1,0,0,1,1,0,0,19,5,19,14,20,4,0,0,0,0,1,4,1,220197,0,2009,0,COUNTRY ESTATES DR,99999999999999999999,0000000,29.66606944,-90.74128056,2,1
22,19,4,6,20,10,1,1,0,0,6,4,0,32,0,1,4,1,2,45,2,1,2,1,40,3,5,1,0,0,20,10,20,18,21,29,0,0,0,0,1,2,0,220198,0,2009,0,THERIOT RD,99999999999999999999,0000000,30.30803889,-93.18173056,1,1
22,115,4,6,13,3,2,2,0,0,6,3,0,12,2,1,1,1,2,55,2,2,2,1,40,3,1,1,0,0,13,8,13,22,15,4,0,0,0,0,1,2,0,220199,0,2009,33,SR-1211,99999999999999999999,0000000,31.08346111,-93.30931111,2,1
22,95,4,6,16,15,2,2,0,0,14,2,0,12,1,3,1,2,2,55,1,1,2,1,3,3,1,1,0,0,16,22,16,29,17,33,0,0,0,0,1,2,0,220200,0,2009,287,US-61,BELLE POINTE BLVD,0000000,30.0773,-90.52291944,2,1
22,63,4,6,12,30,1,1,0,0,4,3,0,32,0,1,4,1,2,45,1,1,2,1,0,0,1,1,0,0,12,37,12,52,13,17,0,0,0,0,1,2,0,220201,0,2009,133,SR-16,99999999999999999999,0000000,30.38318889,-90.86888889,1,1
22,91,4,5,4,55,2,4,0,0,3,3,0,12,2,1,1,1,2,55,1,1,2,2,0,0,2,5,0,0,5,6,5,33,6,34,0,0,0,0,2,1,2,220202,0,2009,404,SR-16,99999999999999999999,0000000,30.68035,-90.85491111,2,5
22,81,4,4,17,26,2,2,0,0,5,3,0,12,5,8,1,1,2,55,1,3,2,1,0,0,1,1,0,0,17,31,17,48,88,88,0,0,0,0,1,7,0,220203,0,2009,61,SR-783,99999999999999999999,0000000,32.13781111,-93.34343889,2,1
22,97,4,4,18,35,1,6,0,0,4,3,0,34,0,1,4,1,2,55,1,1,2,1,0,0,1,1,0,0,18,39,19,10,20,5,0,0,0,0,1,7,1,220204,0,2009,193,SR-105,99999999999999999999,0000000,30.79381111,-91.79376944,1,1
22,109,4,4,13,10,1,1,0,0,14,3,0,27,0,1,4,1,2,45,2,1,2,1,40,3,1,1,0,0,13,18,13,22,88,88,0,0,0,0,1,7,0,220205,1070,2009,2091,SR-182,99999999999999999999,0000000,29.57413889,-90.75461111,1,1
22,37,4,3,21,30,3,3,0,0,4,3,0,12,2,8,1,1,2,55,1,1,2,1,0,0,2,1,0,0,21,44,22,0,22,18,0,0,0,0,2,6,0,220206,0,2009,233,SR-67,99999999999999999999,0000000,30.75905,-91.04278889,3,1
22,117,4,3,22,35,1,3,1,0,5,3,0,8,0,1,1,1,2,55,1,2,2,1,0,0,2,1,0,0,22,43,22,59,23,35,0,0,0,0,1,6,0,220207,0,2009,128,SR-436,99999999999999999999,0000000,30.91348056,-89.97285,1,1
22,45,4,3,5,20,1,1,0,0,6,4,0,34,0,1,4,1,2,35,1,1,2,1,0,0,3,1,0,0,5,22,5,30,88,88,0,0,0,0,1,6,1,220208,0,2009,0,LEON LANDRY,99999999999999999999,0000000,30.00245,-91.85421111,1,1
22,101,4,2,16,15,2,3,0,0,15,3,0,12,2,1,1,1,2,55,2,1,2,1,40,3,1,1,0,0,16,17,16,27,16,50,0,0,0,0,1,5,0,220209,0,2009,280,SR-182,99999999999999999999,0000000,29.82481944,-91.51721111,2,1
22,55,4,1,3,40,1,1,0,1,13,3,0,34,0,1,4,1,2,45,2,1,2,1,99,9,2,1,0,0,3,44,3,51,88,88,0,0,0,0,1,4,1,220210,0,2009,30,SR-94,99999999999999999999,0000000,30.2389,-91.96891944,1,1
22,69,4,1,8,43,1,1,0,0,5,3,0,34,0,1,4,1,2,55,1,1,2,1,40,3,1,1,0,0,8,43,9,25,88,88,0,0,0,0,1,4,1,220211,0,2009,14,SR-504,99999999999999999999,0000000,31.74701944,-93.16006111,1,1
22,51,4,3,17,25,4,6,0,1,12,7,0,12,1,11,1,4,3,45,1,1,2,1,3,3,1,1,0,0,17,30,17,35,18,3,0,0,0,0,1,6,1,220212,0,2009,65,US-90,BROWN ST,0000000,29.90015,-90.07373056,4,1
22,47,4,2,17,25,1,1,0,1,1,1,0,24,0,1,2,3,2,60,1,1,1,1,0,0,1,1,0,0,17,29,17,30,88,88,0,19,20,0,1,5,0,220213,0,2009,1273,I-10,99999999999999999999,0000000,30.36643056,-91.63426111,1,1
22,57,4,25,2,29,1,2,1,0,14,3,0,9,0,1,1,1,2,55,2,2,1,1,0,0,2,1,0,0,2,34,2,41,88,88,0,0,0,0,1,7,0,220214,0,2009,677,SR-308,99999999999999999999,0000000,29.57856944,-90.38316111,1,1
22,117,4,25,17,55,1,4,0,0,5,3,0,35,0,1,4,1,2,55,1,2,2,1,0,0,1,1,0,0,17,56,18,9,18,38,0,0,0,0,1,7,0,220215,0,2009,165,SR-436,99999999999999999999,0000000,30.9165,-89.91421111,1,1
22,97,4,25,17,45,2,7,0,0,3,2,0,12,5,2,4,2,2,65,1,1,2,1,20,3,1,1,0,0,17,45,17,50,19,10,0,0,0,0,1,7,0,220216,0,2009,1041,US-190,TASSO RD,0000000,30.50423056,-92.34075,2,1
22,73,4,23,22,0,2,5,0,1,1,1,0,12,7,1,1,2,2,70,1,1,1,1,0,0,2,1,0,0,22,2,22,13,22,46,0,0,0,0,2,5,0,220217,0,2009,1019,I-20,99999999999999999999,0000000,32.52163056,-92.36148889,2,1
22,7,4,22,19,50,1,3,0,0,4,3,0,1,0,1,1,1,2,55,1,1,2,1,0,0,2,1,0,0,19,53,20,8,20,44,0,0,0,0,2,4,1,220218,0,2009,72,SR-398,99999999999999999999,0000000,29.79676944,-90.96633889,1,1
22,123,4,22,19,33,1,1,0,0,3,3,0,23,0,1,5,1,2,45,1,1,2,1,0,0,2,1,0,0,19,33,19,35,88,88,0,0,0,0,1,4,1,220219,0,2009,1767,SR-2,99999999999999999999,0000000,32.85868889,-91.4087,1,1
22,79,4,22,7,16,3,3,2,1,13,3,0,14,1,1,2,5,4,50,1,1,2,1,0,0,1,1,0,0,7,19,7,24,8,18,0,14,15,0,1,4,0,220220,0,2009,594,SR-28,99999999999999999999,0000000,31.34966111,-92.3499,1,1
22,57,4,22,2,13,1,2,0,0,15,3,0,34,0,1,4,1,2,35,1,1,2,1,0,0,3,1,0,0,2,16,2,18,2,45,0,0,0,0,1,4,1,220221,2250,2009,3,SR-3107,99999999999999999999,0000000,29.77678056,-90.82421111,1,1
22,37,4,19,20,25,1,3,1,0,5,3,0,8,0,1,1,1,2,55,1,1,2,1,0,0,2,1,0,0,20,37,20,54,21,12,0,0,0,0,1,1,0,220222,0,2009,41,SR-955,99999999999999999999,0000000,30.77331944,-91.15778056,1,1
22,45,4,17,4,1,1,1,0,1,2,2,0,34,0,1,4,2,2,55,2,1,2,1,0,0,2,1,0,1,4,10,4,20,99,99,0,0,0,0,1,6,1,220223,0,2009,1258,US-90,99999999999999999999,0000000,30.00786944,-91.89123889,1,1
22,91,4,16,8,15,2,2,0,0,3,3,0,12,5,2,1,1,2,55,1,1,2,1,20,3,1,1,0,0,8,18,8,43,9,32,0,0,0,0,1,5,0,220224,0,2009,427,SR-16,SR-63,0000000,30.69313889,-90.81953056,2,1
22,81,4,16,21,43,1,1,0,0,4,3,0,34,0,1,4,1,2,55,2,1,2,1,0,0,2,1,0,0,21,59,22,15,88,88,0,0,0,0,1,5,1,220225,0,2009,3658,SR-1,99999999999999999999,0000000,32.1648,-93.47998889,1,1
22,111,4,15,7,25,2,2,0,0,4,3,0,12,2,1,1,1,2,55,1,2,2,1,28,3,1,1,0,0,7,30,7,40,8,9,0,0,0,0,1,4,0,220226,0,2009,1667,SR-15,99999999999999999999,0000000,32.70718056,-92.39893056,2,1
22,19,4,15,17,5,1,5,0,1,1,1,0,35,0,1,4,2,2,70,1,1,2,1,0,0,1,1,0,0,17,10,17,26,17,51,0,0,0,0,1,4,0,220227,0,2009,63,I-10,99999999999999999999,0000000,30.16956944,-93.60368889,1,1
22,105,4,24,21,23,1,1,0,0,16,6,0,27,0,2,4,1,2,45,1,1,1,1,20,3,3,1,0,0,21,25,21,41,22,16,0,0,0,0,1,6,1,220228,980,2009,0,INDUSTRIAL PARK,VINEYARD RD,0000000,30.53411944,-90.40645,1,1
22,71,4,29,23,0,2,2,0,0,14,3,0,12,5,2,1,2,2,35,1,1,2,1,20,3,3,1,0,0,99,99,99,99,88,88,0,0,0,0,1,4,1,220229,1690,2009,129,SR-47,MERCIER ST.,0000000,30.05421111,-89.97481111,2,1
22,19,4,29,17,41,2,2,0,0,14,3,0,12,5,2,1,2,2,50,1,1,2,1,20,3,1,1,0,0,17,53,17,58,18,27,0,0,0,0,1,4,0,220230,0,2009,203,SR-108,SR-1133,0000000,30.18361944,-93.34666944,2,1
22,119,4,30,14,55,1,1,0,0,3,2,0,34,0,1,4,1,2,55,2,1,2,1,0,0,1,1,0,0,14,59,15,24,88,88,0,20,0,0,1,5,0,220231,0,2009,583,US-79,99999999999999999999,0000000,32.67393056,-93.20251111,1,1
22,57,4,30,8,19,1,1,0,0,5,3,0,34,0,1,4,1,2,35,2,1,2,1,40,3,1,1,0,0,8,22,8,31,88,88,0,0,0,0,1,5,1,220232,0,2009,29,SR-654,99999999999999999999,0000000,29.69676944,-90.49811111,1,1
22,115,4,23,7,0,2,4,0,1,2,3,0,12,5,2,1,2,2,55,1,1,2,1,0,0,1,1,0,0,7,6,7,15,8,45,0,0,0,0,1,5,0,220233,0,2009,239,SR-8,SR-184,0000000,31.15983056,-93.19466111,2,1
22,59,4,21,17,50,1,2,0,0,4,3,0,34,0,1,4,1,2,55,2,1,2,1,40,3,1,1,0,0,18,8,18,30,19,14,0,0,0,0,1,3,0,220234,0,2009,742,SR-126,99999999999999999999,0000000,31.87575,-92.02113056,1,1
22,13,4,29,21,0,2,3,0,1,1,1,0,13,5,1,1,2,2,70,1,1,2,2,0,0,2,2,0,0,21,12,21,19,88,88,0,0,0,0,2,4,0,220235,0,2009,699,I-20,99999999999999999999,0000000,32.56266944,-92.90631944,2,2
22,17,4,28,7,24,2,2,0,0,15,6,0,12,2,1,1,1,2,99,1,1,2,1,0,0,1,1,0,0,7,24,7,27,99,99,0,0,0,0,1,3,0,220236,2130,2009,0,SHIRLEY FRANCIS,99999999999999999999,0000000,32.41341944,-93.9036,2,1
22,33,4,27,12,25,2,2,0,0,14,3,0,42,0,1,4,1,2,55,2,1,2,1,0,0,1,1,0,0,12,28,12,40,88,88,0,0,0,0,1,2,0,220237,0,2009,74,SR-64,99999999999999999999,0000000,30.64158056,-91.0748,2,1
22,15,4,27,3,9,1,1,0,0,14,2,0,34,0,1,4,1,2,55,1,1,2,1,0,0,2,1,0,0,99,99,99,99,88,88,0,0,0,0,1,2,0,220238,230,2009,1862,US-71,99999999999999999999,0000000,32.42776111,-93.63678889,1,1
22,15,4,27,7,11,2,2,0,0,14,3,0,12,2,1,1,1,4,99,1,1,1,1,0,0,1,1,0,0,7,12,7,19,7,40,0,0,0,0,1,2,0,220239,230,2009,49,SR-3105,99999999999999999999,0000000,32.57136944,-93.71271944,2,1
22,33,4,29,21,10,2,3,0,1,13,3,0,13,2,1,1,2,2,55,2,1,2,1,0,0,2,1,0,0,21,15,21,20,88,88,0,0,0,0,1,4,0,220240,0,2009,396,SR-42,99999999999999999999,0000000,30.34626944,-91.08661944,2,1
22,9,5,1,19,13,2,4,0,0,4,3,0,12,2,1,1,1,2,55,1,1,2,1,0,0,1,1,0,0,19,15,19,23,19,59,0,0,0,0,1,6,0,220241,0,2009,390,SR-107,99999999999999999999,0000000,31.15148056,-92.07473056,2,1
22,97,5,1,12,21,1,1,0,0,4,3,0,1,0,1,4,1,2,55,2,1,2,1,40,3,1,1,0,0,12,23,12,39,88,88,0,0,0,0,1,6,0,220242,0,2009,88,SR-105,99999999999999999999,0000000,30.66563889,-91.74928889,1,1
22,77,5,2,22,35,2,3,0,0,9,4,0,12,1,1,1,1,2,45,1,1,2,1,0,0,2,1,0,0,22,43,23,21,88,88,0,0,0,0,1,7,1,220243,0,2009,0,PARISH ROAD #3,99999999999999999999,0000000,30.72013056,-91.7352,2,1
22,101,5,2,17,45,1,1,0,0,4,3,0,43,0,1,4,1,2,55,1,1,2,1,0,0,1,1,0,0,17,54,18,13,88,88,0,0,0,0,1,7,0,220244,0,2009,72,SR-317,99999999999999999999,0000000,29.64361111,-91.5049,1,1
22,93,5,2,23,40,2,5,0,0,3,3,0,12,2,1,1,1,2,55,1,1,2,1,0,0,2,1,0,0,23,41,23,54,1,1,0,0,0,0,2,7,1,220245,0,2009,464,SR-70,99999999999999999999,0000000,30.1021,-90.88936111,2,1
22,13,5,3,0,45,1,5,0,1,1,1,0,37,0,1,4,2,2,70,1,2,1,2,0,0,2,2,0,0,1,4,1,7,1,44,0,0,0,0,1,1,0,220246,0,2009,662,I-20,99999999999999999999,0000000,32.56631111,-92.96801944,1,2