STATE,COUNTY,MONTH,DAY,HOUR,MINUTE,VE_TOTAL,PERSONS,PEDS,NHS,ROAD_FNC,ROUTE,SP_JUR,HARM_EV,MAN_COLL,REL_JUNC,REL_ROAD,TRAF_FLO,NO_LANES,SP_LIMIT,ALIGNMNT,PROFILE,PAVE_TYP,SUR_COND,TRA_CONT,T_CONT_F,LGT_COND,WEATHER1,WEATHER2,WRK_ZONE,NOT_HOUR,NOT_MIN,ARR_HOUR,ARR_MIN,HOSP_HR,HOSP_MN,SCH_BUS,CF1,CF2,CF3,FATALS,DAY_WEEK,DRUNK_DR,ST_CASE,CITY,YEAR,MILEPT,TWAY_ID,TWAY_ID2,RAIL,LATITUDE,LONGITUD,VE_FORMS,WEATHER
22,105,5,4,16,55,1,1,0,1,1,1,0,1,0,1,4,2,2,70,1,1,2,1,0,0,1,1,0,0,17,0,17,13,88,88,0,0,0,0,1,2,0,220247,0,2009,520,I-12,99999999999999999999,0000000,30.48085,-90.25795,1,1
22,33,5,5,18,49,1,2,1,1,13,2,0,8,0,13,99,6,1,50,2,1,1,1,0,0,1,1,0,0,18,53,19,2,88,88,0,0,0,0,1,3,1,220248,0,2009,875,US-61,SR-964,0000000,30.58126111,-91.21193889,1,1
22,17,5,5,13,23,2,5,0,1,13,3,0,12,5,8,1,2,2,65,1,1,1,1,0,0,1,1,0,0,13,28,13,40,14,19,0,0,0,0,1,3,0,220249,0,2009,3848,SR-1,99999999999999999999,0000000,32.37756111,-93.66046111,2,1
22,119,5,5,13,16,1,1,0,0,9,4,0,34,0,1,4,1,2,35,1,1,2,2,0,0,1,1,0,0,13,16,13,24,88,88,0,0,0,0,1,3,0,220250,0,2009,0,PENAL FARM ROAD,99999999999999999999,0000000,32.58453889,-93.28226111,1,1
22,19,5,6,22,0,1,2,1,1,1,1,0,8,0,1,1,3,3,70,1,1,2,1,0,0,2,1,0,0,22,2,22,8,88,88,0,0,0,0,1,4,0,220251,0,2009,121,I-10,99999999999999999999,0000000,30.19565,-93.51271944,1,1
22,57,5,7,16,54,2,2,0,1,2,3,0,12,2,1,1,1,2,55,2,1,2,1,0,0,1,1,0,0,16,57,17,11,17,47,0,0,0,0,1,5,0,220252,0,2009,262,SR-1,99999999999999999999,0000000,29.28191111,-90.22936111,2,1
22,51,5,8,14,35,2,2,0,1,11,1,0,12,1,1,1,3,2,60,1,3,1,1,0,0,1,1,0,0,14,37,14,49,88,88,0,0,0,0,1,6,0,220253,1190,2009,2219,I-10,99999999999999999999,0000000,30.00721111,-90.27293056,2,1
22,127,5,9,18,30,2,4,0,0,9,4,0,12,2,1,1,1,2,35,2,1,4,1,0,0,1,1,0,0,18,34,18,44,19,27,0,0,0,0,1,7,1,220254,0,2009,0,JAMES ROAD,99999999999999999999,0000000,31.81993889,-92.38045,2,1
22,79,5,9,16,35,2,4,0,1,2,3,0,12,2,1,1,1,2,45,1,1,2,1,0,0,1,1,0,0,16,41,16,53,18,3,0,0,0,0,2,7,1,220255,0,2009,634,SR-28,99999999999999999999,0000000,31.36906111,-92.28748889,2,1
22,39,5,9,1,23,2,2,0,1,13,2,0,12,5,2,1,1,2,35,1,1,2,1,4,3,3,1,0,0,1,23,1,35,1,47,0,0,0,0,1,7,1,220256,2320,2009,621,US-167,CHATAIGNIER STREET,0000000,30.68741944,-92.27183889,2,1
22,19,5,8,4,58,1,2,1,1,11,1,0,8,0,1,1,2,2,60,1,2,1,1,0,0,2,1,0,0,88,88,88,88,88,88,0,0,0,0,1,6,0,220257,1250,2009,303,I-10,99999999999999999999,0000000,30.23725,-93.22261944,1,1
22,121,5,8,17,53,1,2,1,0,19,6,0,8,0,1,1,1,2,25,1,1,2,1,0,0,1,1,0,0,17,54,18,0,18,12,0,0,0,0,1,6,0,220258,1920,2009,0,AVENUE A,99999999999999999999,0000000,30.45108056,-91.21573889,1,1
22,71,4,27,3,23,1,1,0,1,11,1,0,29,0,13,4,6,1,35,1,1,2,1,3,3,3,1,0,0,3,23,3,31,88,88,0,0,0,0,1,2,1,220259,1690,2009,0,I-610 EAST EXIT RAMP,FRANKLIN AVENUE,0000000,29.99141111,-90.0493,1,1
22,1,5,14,15,0,4,11,0,1,11,1,0,13,4,1,1,2,2,70,1,1,2,1,0,0,1,1,0,0,14,58,15,12,88,88,0,0,0,0,2,5,0,220260,1980,2009,891,I-10,99999999999999999999,0000000,30.25223056,-92.24988056,4,1
22,79,5,15,17,30,1,3,0,1,13,2,0,1,0,1,1,3,3,50,1,1,1,1,0,0,1,1,0,0,17,31,17,31,17,54,0,0,0,0,1,6,1,220261,40,2009,709,US-71,99999999999999999999,0000000,31.31898056,-92.46826111,1,1
22,17,5,12,16,10,1,1,0,0,9,4,0,30,0,1,4,1,4,45,2,1,1,1,0,0,1,1,0,0,16,12,16,16,88,88,0,0,0,0,1,3,0,220262,0,2009,0,EAST KINGS HWY,99999999999999999999,0000000,32.43601111,-93.70445,1,1
22,5,5,10,10,52,3,5,0,1,13,3,0,12,5,11,1,2,2,45,1,1,1,1,20,3,1,1,0,0,10,53,10,56,12,7,0,0,0,0,1,1,0,220263,870,2009,91,SR-44,I-10,0000000,30.19338056,-90.92028056,3,1
22,19,5,10,20,33,1,2,1,0,15,6,0,8,0,1,1,1,2,25,1,1,1,1,0,0,3,1,0,0,20,34,20,39,20,59,0,0,0,0,1,1,1,220264,1250,2009,0,N SHATTUCK STREET,99999999999999999999,0000000,30.25063889,-93.19725,1,1
22,99,5,10,10,34,1,6,0,1,1,1,0,1,0,1,4,2,2,70,1,1,1,1,0,0,1,1,0,0,10,34,10,46,11,32,0,0,0,0,1,1,0,220265,1026,2009,1171,I-10,99999999999999999999,0000000,30.32226944,-91.79683056,1,1
22,119,5,10,12,40,1,1,0,0,9,4,0,35,0,1,4,1,2,45,2,4,2,1,0,0,1,1,0,0,12,43,12,44,13,18,0,0,0,0,1,1,0,220266,0,2009,0,GERMANTOWN ROAD,99999999999999999999,0000000,32.71511111,-93.21585,1,1
22,33,5,11,9,15,2,3,0,1,13,2,0,12,1,1,1,2,2,65,1,1,2,1,0,0,1,1,0,0,9,22,9,32,10,0,0,0,0,0,1,2,1,220267,0,2009,917,US-61,99999999999999999999,0000000,30.63583889,-91.24185,2,1
22,71,5,13,19,6,1,1,0,0,19,6,0,19,0,1,5,1,2,99,2,1,1,1,0,0,5,1,0,0,19,6,19,11,19,22,0,0,0,0,1,4,0,220268,1690,2009,0,RED MAPLE DRIVE,99999999999999999999,0000000,30.04268889,-89.93435,1,1
22,105,5,14,2,9,2,4,0,1,1,1,0,12,1,1,1,2,2,70,1,1,1,1,0,0,2,1,0,0,2,10,2,22,88,88,0,0,0,0,1,5,0,220269,0,2009,346,I-55,99999999999999999999,0000000,30.54646111,-90.50398889,2,1
22,19,5,14,18,38,1,1,0,0,15,3,0,30,0,1,4,1,2,45,1,1,2,1,0,0,1,1,0,0,18,42,18,54,88,88,0,0,0,0,1,5,1,220270,0,2009,5,SR-3020,99999999999999999999,0000000,30.24226944,-93.1367,1,1
22,69,5,14,16,18,1,1,0,0,6,3,0,1,0,1,1,1,2,55,1,1,2,1,0,0,1,1,0,0,16,22,16,40,88,88,0,0,0,0,1,5,0,220271,0,2009,46,SR-490,99999999999999999999,0000000,31.50948889,-92.76236944,1,1
22,45,5,14,21,10,1,3,2,0,4,3,0,9,0,1,1,1,2,55,1,1,2,1,0,0,2,1,0,0,21,16,21,26,99,99,0,0,0,0,1,5,1,220272,0,2009,56,SR-345,99999999999999999999,0000000,30.08763889,-91.73873056,1,1
22,45,5,15,19,30,1,1,0,0,9,4,0,1,0,1,1,1,2,55,2,1,2,1,0,0,3,1,0,0,19,36,19,48,88,88,0,0,0,0,1,6,1,220273,0,2009,0,JEFFERSON ISLAND RD,99999999999999999999,0000000,29.98683889,-91.94963056,1,1
22,17,5,15,21,49,1,3,1,1,13,3,0,8,0,2,1,1,2,55,1,1,2,1,0,0,2,1,0,0,21,49,21,51,88,88,0,0,0,0,1,6,0,220274,2130,2009,68,SR-173,SIDNEY,0000000,32.54866944,-93.84125,1,1
22,89,4,26,11,46,2,5,0,1,11,1,0,12,3,1,1,3,2,70,2,1,2,1,0,0,1,1,0,0,11,54,11,59,12,20,0,0,0,0,2,1,1,220275,0,2009,56,I-310,99999999999999999999,0000000,29.96123056,-90.36261944,2,1
22,71,4,19,0,1,1,2,0,1,11,1,0,25,0,1,2,3,3,60,2,1,1,2,0,0,3,1,0,0,99,99,99,99,99,99,0,0,0,0,1,1,0,220276,1690,2009,2395,I-10,99999999999999999999,0000000,30.00278056,-90.03616944,1,1
22,51,5,23,19,14,1,1,0,0,14,3,0,31,0,2,4,1,2,35,2,1,2,1,40,3,1,1,0,0,19,14,19,33,88,88,0,0,0,0,1,7,1,220277,0,2009,616,SR-18,LAUVE LANE,0000000,29.96218056,-90.27688889,1,1
22,7,5,30,1,49,1,2,0,0,14,3,0,53,0,1,4,1,2,55,2,1,2,1,0,0,3,1,0,0,1,53,2,5,88,88,0,0,0,0,2,7,1,220278,0,2009,1122,SR-1,99999999999999999999,0000000,30.04101944,-91.04995,1,1
22,17,5,30,18,55,2,2,0,0,9,4,0,12,2,1,1,1,2,35,1,1,2,1,0,0,1,1,0,0,18,58,19,16,19,40,0,0,0,0,2,7,0,220279,0,2009,0,BELCHER RIVER ROAD,99999999999999999999,0000000,32.7652,-93.8142,2,1
22,79,5,29,20,35,1,1,0,0,6,3,0,53,0,1,4,1,2,55,1,1,2,1,0,0,2,1,0,0,20,37,20,56,21,43,0,0,0,0,1,6,1,220280,0,2009,26,SR-1207,99999999999999999999,0000000,31.36921944,-92.19613056,1,1
22,17,5,29,15,23,2,5,0,1,2,2,0,12,2,3,1,1,2,55,1,1,2,1,0,0,1,1,0,0,15,25,15,45,16,23,1,0,0,0,1,6,1,220281,0,2009,2163,US-71,REID ROAD,0000000,32.7899,-93.8466,2,1
22,69,5,29,3,0,1,3,0,0,3,2,0,53,0,1,4,1,2,55,1,1,2,1,0,0,2,1,0,0,3,4,3,15,4,38,0,0,0,0,1,6,1,220282,0,2009,1224,US-71,99999999999999999999,0000000,31.77205,-92.98983889,1,1
22,109,5,28,21,32,1,3,1,1,13,3,0,8,0,1,1,1,4,35,1,1,2,1,0,0,3,1,0,0,21,38,21,45,21,56,0,0,0,0,1,5,0,220283,1070,2009,141,SR-24,99999999999999999999,0000000,29.59693056,-90.6906,1,1
22,69,5,28,0,10,1,1,0,0,5,3,0,1,0,1,4,1,2,55,2,1,2,1,40,3,2,1,0,0,0,22,0,36,88,88,0,0,0,0,1,5,0,220284,0,2009,35,SR-486,99999999999999999999,0000000,31.86593056,-93.09705,1,1
22,19,5,26,18,0,3,5,0,1,13,3,0,12,5,1,1,1,2,50,1,1,2,2,0,0,1,2,0,0,18,6,18,16,19,13,0,0,0,0,1,3,0,220285,0,2009,222,SR-384,99999999999999999999,0000000,30.16251111,-93.28296944,3,2
22,69,5,26,12,13,1,1,0,1,2,3,0,1,0,3,1,1,2,55,1,1,2,1,0,0,1,1,0,0,12,21,12,27,13,8,0,0,0,0,1,3,1,220286,0,2009,335,SR-6,SR-485,0000000,31.70126111,-93.29253056,1,1
22,111,5,25,0,20,2,4,0,0,9,4,0,12,1,1,1,1,2,45,1,1,2,1,0,0,2,1,0,0,0,32,0,48,1,55,0,0,0,0,1,2,1,220287,0,2009,0,DANIEL ROAD,99999999999999999999,0000000,32.93646944,-92.44263889,2,1
22,33,5,24,3,11,1,1,0,0,15,3,0,36,0,1,4,1,2,45,2,1,2,1,0,0,2,1,0,0,3,14,3,25,88,88,0,0,0,0,1,1,1,220288,0,2009,1,SR-409,99999999999999999999,0000000,30.60661944,-90.99666944,1,1
22,17,5,24,9,50,2,3,0,0,9,4,0,12,2,1,1,1,2,55,1,2,2,1,0,0,1,1,0,0,9,53,10,4,10,48,0,0,0,0,2,1,0,220289,0,2009,0,BLANCHARD LATEX ROAD,99999999999999999999,0000000,32.59113056,-93.99986944,2,1
22,105,5,23,3,1,1,2,0,0,4,3,0,34,0,1,4,1,2,55,2,1,2,1,0,0,2,1,0,0,3,1,3,18,88,88,0,0,0,0,2,7,1,220290,0,2009,2045,SR-10,99999999999999999999,0000000,30.78646111,-90.48438056,1,1
22,103,5,22,18,12,3,4,0,1,1,1,0,12,2,1,1,2,2,70,1,1,1,1,0,0,1,1,0,0,18,14,18,25,18,59,0,0,0,0,2,6,1,220291,0,2009,70,I-59,99999999999999999999,0000000,30.41106944,-89.72401111,3,1
22,73,5,22,22,5,1,2,1,0,14,2,0,8,0,1,4,1,2,55,1,1,2,2,0,0,3,1,0,0,22,9,22,23,88,88,0,0,0,0,1,6,0,220292,0,2009,1334,US-80,99999999999999999999,0000000,32.52156111,-91.98193889,1,1
22,5,5,22,23,6,2,2,0,1,1,1,0,12,1,1,1,2,2,70,1,1,2,2,0,0,2,2,0,0,23,10,23,33,88,88,0,0,0,0,1,6,1,220293,0,2009,1848,I-10,99999999999999999999,0000000,30.16483056,-90.85186111,2,2
22,89,5,22,14,41,2,2,0,0,3,2,0,12,5,10,1,3,2,55,1,1,2,1,0,0,1,1,0,0,14,47,14,54,88,88,0,0,0,0,1,6,0,220294,0,2009,153,US-61,SR-626,0000000,29.97953889,-90.33453056,2,1
22,67,5,22,15,46,2,2,0,0,3,2,0,12,5,11,1,5,4,45,1,1,2,1,20,3,1,1,0,0,15,46,15,47,16,5,0,0,0,0,1,6,0,220295,140,2009,2051,US-165,MARLATT STREET,0000000,32.7802,-91.89621944,2,1
22,73,5,20,20,40,1,2,1,0,14,2,0,8,0,10,1,1,4,40,1,1,2,1,3,3,2,1,0,0,20,42,20,49,21,0,0,0,0,0,1,4,0,220296,0,2009,1282,US-80,LOWERY STREET,0000000,32.52646111,-92.06355,1,1
22,103,5,20,23,5,1,1,0,0,4,3,0,42,0,1,4,1,2,55,2,1,2,1,0,0,2,1,0,0,23,11,23,16,88,88,0,0,0,0,1,4,0,220297,0,2009,149,SR-36,99999999999999999999,0000000,30.42023889,-89.85351944,1,1
22,33,5,19,11,16,1,3,1,0,9,4,0,8,0,1,1,1,2,45,1,1,2,1,0,0,1,1,0,0,11,20,11,35,88,88,0,0,0,0,1,3,0,220298,0,2009,0,BROWN ROAD,99999999999999999999,0000000,30.57241111,-91.09318056,1,1
22,93,5,19,11,25,2,3,0,0,4,3,0,12,2,8,1,1,2,40,1,1,2,1,0,0,1,1,0,0,11,25,11,30,12,0,0,0,0,0,1,3,0,220299,0,2009,315,SR-20,99999999999999999999,0000000,29.94406111,-90.70461111,2,1
22,15,5,19,16,0,2,3,0,1,11,1,0,12,1,1,1,3,2,60,1,1,1,1,0,0,1,1,0,1,16,10,16,38,17,18,0,0,0,0,1,3,0,220300,0,2009,275,I-20,99999999999999999999,0000000,32.54176111,-93.61101111,2,1
22,17,5,19,9,53,2,2,0,1,13,2,0,12,5,8,1,1,4,50,1,1,2,1,0,0,1,1,0,0,9,55,9,57,10,15,0,0,0,0,1,3,0,220301,2130,2009,1999,US-71,99999999999999999999,0000000,32.56246111,-93.78588889,2,1
22,51,5,18,22,20,3,5,0,1,11,1,0,12,5,11,1,2,2,99,1,1,2,1,3,3,3,1,0,1,22,35,22,41,99,99,0,20,0,0,1,2,0,220302,0,2009,2297,I-10,BONNABEL BLVD,0000000,29.99735,-90.14286944,2,1
22,47,5,18,6,17,2,3,0,0,5,3,0,12,5,1,1,1,2,45,2,1,2,1,0,0,1,1,0,0,6,17,6,25,88,88,0,0,0,0,2,2,0,220303,0,2009,270,SR-405,99999999999999999999,0000000,30.27273056,-91.19243889,2,1
22,77,5,18,20,45,2,3,0,1,2,2,0,12,5,1,1,3,2,55,2,1,2,1,0,0,2,1,0,0,20,53,21,1,99,99,0,19,0,0,2,2,1,220304,0,2009,1410,US-190,99999999999999999999,0000000,30.55136944,-91.73335,2,1
22,11,5,17,3,30,1,1,0,0,9,4,0,34,0,1,4,1,2,35,1,1,2,1,0,0,2,1,0,0,6,39,7,0,88,88,0,0,0,0,1,1,1,220305,0,2009,0,BURGE ROAD,99999999999999999999,0000000,30.66621944,-93.38565,1,1
22,97,5,16,16,47,2,3,0,0,3,2,0,12,5,2,1,2,2,55,1,1,2,1,3,3,1,1,0,0,16,50,16,50,17,20,0,20,0,0,2,7,1,220307,0,2009,477,US-167,LA-182,0000000,30.58706944,-92.07018056,2,1
22,11,5,16,21,5,2,2,0,1,13,2,0,12,5,2,1,1,2,55,1,1,2,2,20,3,3,2,0,0,21,9,21,14,21,29,0,0,0,0,1,7,0,220308,590,2009,215,US-190,TARA DRIVE,0000000,30.84686111,-93.31938889,2,2
22,79,5,16,7,0,1,2,0,0,4,3,0,52,0,1,4,1,2,55,1,1,2,1,0,0,1,1,0,0,7,8,7,9,8,5,0,0,0,0,2,7,1,220309,0,2009,21,SR-3170,99999999999999999999,0000000,31.17945,-92.3837,1,1
22,87,5,13,13,3,1,2,1,1,13,3,0,8,0,2,1,2,2,20,1,1,1,1,2,3,1,1,0,0,13,6,13,12,13,38,0,0,0,0,1,4,0,220310,0,2009,440,SR-39,CAMPAGNA DRIVE,0000000,29.93753889,-89.94608056,1,1
22,109,5,31,0,10,1,1,0,0,15,3,0,53,0,1,4,1,2,55,2,1,1,1,0,0,3,1,0,0,0,13,0,35,1,5,0,0,0,0,1,1,1,220311,0,2009,89,SR-55,99999999999999999999,0000000,29.46193056,-90.56131944,1,1
22,97,5,2,10,20,1,1,0,0,5,3,0,1,0,1,4,1,2,55,2,1,2,1,0,0,1,1,0,0,10,20,10,49,11,43,0,0,0,0,1,7,0,220312,0,2009,25,SR-361,99999999999999999999,0000000,30.76631111,-91.98243889,1,1
22,87,6,7,11,40,1,1,0,1,13,3,0,33,0,1,3,2,2,45,1,1,1,1,0,0,1,1,0,0,11,43,11,52,88,88,0,0,0,0,1,1,0,220313,0,2009,406,SR-39,99999999999999999999,0000000,29.91453889,-89.89926944,1,1
22,99,6,6,4,25,1,1,0,0,4,3,0,35,0,1,4,1,2,55,2,1,2,1,40,3,2,1,0,0,4,32,4,49,5,21,0,0,0,0,1,7,1,220314,0,2009,73,SR-328,99999999999999999999,0000000,30.32691111,-91.84935,1,1
22,113,6,6,16,46,1,1,0,0,3,3,0,34,0,1,4,1,2,55,1,1,2,1,0,0,1,1,0,0,16,53,16,57,17,26,0,0,0,0,1,7,1,220315,0,2009,719,SR-14,99999999999999999999,0000000,29.9913,-92.24683889,1,1
22,111,6,6,1,10,1,4,0,0,6,4,0,35,0,1,4,1,2,55,1,1,4,1,0,0,2,1,0,0,1,16,1,27,1,59,0,0,0,0,1,7,0,220316,0,2009,0,WESLEY RUSSELL RD,99999999999999999999,0000000,32.70153056,-92.44793889,1,1
22,71,6,6,1,49,1,3,2,0,14,6,0,8,0,3,1,2,2,35,1,1,2,1,0,0,3,1,0,0,99,99,99,99,99,99,0,0,0,0,1,7,0,220317,1690,2009,0,LOUISIANA AVE.,S. SARATOGA ST.,0000000,29.93278889,-90.09371944,1,1
22,63,6,5,19,37,2,2,0,0,5,3,0,12,2,1,1,1,2,55,2,1,2,1,0,0,1,1,0,0,19,37,19,44,88,88,0,0,0,0,1,6,2,220318,0,2009,43,SR-449,99999999999999999999,0000000,30.55658056,-90.82898889,2,1
22,5,6,5,21,36,2,7,0,0,15,3,0,12,2,1,1,1,2,55,1,1,2,1,0,0,2,1,0,0,21,39,21,47,22,29,0,0,0,0,1,6,1,220319,0,2009,124,SR-22,99999999999999999999,0000000,30.21961944,-90.83283056,2,1
22,45,6,5,10,35,2,2,0,1,2,2,0,12,5,7,1,2,2,65,1,1,1,1,21,3,1,1,0,0,10,36,10,43,11,51,0,0,0,0,1,6,0,220320,0,2009,1392,US-90,HUBERTVILLE RD,0000000,29.90298889,-91.70376944,2,1
22,99,6,3,12,20,3,6,0,1,1,1,0,12,1,1,1,3,2,55,1,1,1,1,0,0,1,1,0,0,12,25,12,47,13,42,0,0,0,0,1,4,0,220321,0,2009,1199,I-10,99999999999999999999,0000000,30.33491944,-91.75118889,3,1
22,19,6,3,0,31,1,1,0,0,14,6,0,42,0,2,5,1,4,35,1,1,2,1,20,3,3,1,0,0,88,88,88,88,88,88,0,20,0,0,1,4,1,220322,1250,2009,0,LAKE ST.,W. SCHOOL ST.,0000000,30.19078889,-93.23231944,1,1
22,85,6,3,21,32,1,4,0,0,6,3,0,37,0,1,4,1,2,55,2,1,2,2,40,3,2,2,0,0,21,52,21,58,22,48,0,0,0,0,3,4,1,220323,0,2009,33,SR-1217,99999999999999999999,0000000,31.62281944,-93.46725,1,2
22,19,6,2,23,49,1,2,1,1,13,2,0,8,0,1,1,1,4,50,1,1,2,1,0,0,2,1,0,0,23,51,23,55,0,13,0,0,0,0,1,3,0,220324,2210,2009,252,US-90,99999999999999999999,0000000,30.23698889,-93.32453889,1,1
22,47,6,2,20,34,2,4,0,0,4,3,0,12,1,1,1,1,2,55,1,1,2,1,0,0,2,1,0,0,20,47,21,1,21,46,0,0,0,0,2,3,0,220325,0,2009,106,SR-75,99999999999999999999,0000000,30.15283889,-91.32755,2,1
22,109,6,2,6,2,1,2,0,0,4,3,0,42,0,1,4,1,2,45,2,1,2,1,0,0,1,1,0,0,6,6,6,29,6,55,0,0,0,0,1,3,1,220326,0,2009,91,SR-57,99999999999999999999,0000000,29.38903889,-90.71401111,1,1
22,73,6,1,1,33,1,1,0,0,6,4,0,35,0,1,4,1,2,35,2,1,2,1,0,0,2,1,0,0,1,35,1,55,2,26,0,0,0,0,1,2,0,220327,0,2009,0,CADEVILLE CUTOFF RD.,99999999999999999999,0000000,32.41231111,-92.33213889,1,1
22,51,6,1,4,24,2,4,1,1,11,1,0,8,0,1,1,2,3,60,1,1,2,1,0,0,3,1,0,0,4,30,4,41,88,88,0,0,0,0,1,2,0,220328,1545,2009,2294,I-10,99999999999999999999,0000000,29.99715,-90.14823889,2,1
22,55,6,9,14,12,1,2,1,1,13,2,0,8,0,1,1,2,3,50,1,1,1,1,0,0,1,1,0,0,14,12,14,12,88,88,0,0,0,0,1,3,0,220329,1230,2009,229,US-167,99999999999999999999,0000000,30.25410833,-92.01448889,1,1
22,7,6,9,21,20,1,1,0,0,15,3,0,27,0,1,4,1,2,45,2,1,2,1,28,3,2,1,0,0,21,22,21,28,22,12,0,0,0,0,1,3,1,220330,0,2009,116,SR-308,99999999999999999999,0000000,29.9891,-91.02211111,1,1
22,121,6,7,20,6,1,2,0,1,13,3,0,1,0,1,4,2,2,55,1,1,1,1,0,0,5,1,0,0,20,13,20,24,20,49,0,0,0,0,2,1,1,220331,30,2009,1424,SR-1,99999999999999999999,0000000,30.32718889,-91.25455,1,1
22,79,6,10,20,35,1,1,0,0,5,3,0,42,0,1,4,1,2,55,2,1,2,1,28,3,2,1,0,0,99,98,99,98,99,98,0,0,0,0,1,4,1,220332,0,2009,543,SR-8,99999999999999999999,0000000,31.40698889,-92.83516944,1,1
22,71,6,11,9,12,1,2,1,0,15,6,0,8,0,1,1,1,2,25,1,1,2,1,0,0,1,1,0,0,9,14,9,18,9,35,0,0,0,0,1,5,0,220333,1690,2009,0,WASHINGTON AVE.,99999999999999999999,0000000,29.93731111,-90.09066111,1,1
22,115,6,11,14,12,1,1,0,0,4,3,0,1,0,1,4,1,2,55,1,2,2,1,0,0,1,1,0,0,14,15,14,35,88,88,0,0,0,0,1,5,0,220334,0,2009,260,SR-10,99999999999999999999,0000000,30.92066111,-92.89665,1,1
22,119,6,12,20,21,1,1,0,0,14,2,0,32,0,1,4,1,2,45,2,1,2,1,40,3,2,1,0,0,20,22,20,29,88,88,0,0,0,0,1,6,1,220335,0,2009,381,US-371,99999999999999999999,0000000,32.57718056,-93.29688889,1,1
22,19,6,12,14,5,2,2,0,1,11,1,0,12,1,1,1,2,2,60,1,2,1,1,0,0,1,1,0,0,99,98,99,98,88,88,0,19,0,0,1,6,0,220336,1250,2009,430,I-210,99999999999999999999,0000000,30.1966,-93.25098056,2,1
22,97,6,13,2,37,1,1,0,0,4,3,0,30,0,1,4,1,2,55,2,1,2,1,40,3,2,1,0,0,2,45,2,56,3,49,0,0,0,0,1,7,1,220337,0,2009,915,SR-10,99999999999999999999,0000000,30.67416111,-92.05636111,1,1
22,123,6,13,15,4,1,3,0,0,4,3,0,34,0,1,4,1,2,55,2,1,2,1,40,3,1,1,0,0,15,7,15,19,15,50,0,0,0,0,1,7,1,220338,0,2009,196,SR-585,99999999999999999999,0000000,32.8547,-91.56176944,1,1
22,51,6,14,19,55,1,2,1,0,14,4,0,8,0,1,1,2,2,35,1,1,2,1,0,0,5,1,0,0,20,5,20,11,20,41,0,0,0,0,1,1,0,220339,1545,2009,99999,W. ESPLANADE,99999999999999999999,0000000,30.01323056,-90.13126111,1,1
22,63,6,14,14,50,1,2,0,0,4,3,0,42,0,1,4,1,2,45,2,1,2,1,99,9,1,1,0,0,14,57,15,15,16,6,0,0,0,0,1,1,0,220340,0,2009,68,SR-441,99999999999999999999,0000000,30.52506944,-90.6672,1,1
22,41,6,15,1,55,1,3,0,0,6,4,0,42,0,3,5,1,2,55,1,1,2,1,0,0,2,1,0,0,1,58,2,20,3,5,0,0,0,0,1,2,1,220341,0,2009,99999,SANDERS RD,BUDDY WIGGERS RD,0000000,32.00433056,-91.86138056,1,1
22,79,6,15,15,30,1,1,0,1,1,1,0,1,0,1,3,2,2,70,1,1,1,1,0,0,1,1,0,0,15,37,16,9,16,41,0,0,0,0,1,2,0,220342,0,2009,1070,I-49,99999999999999999999,0000000,31.44305,-92.76005,1,1
22,63,6,15,21,6,1,2,1,0,5,3,0,9,0,8,1,1,2,55,1,1,2,1,0,0,2,1,0,0,21,8,21,11,21,49,0,0,0,0,1,2,0,220343,0,2009,4,SR-449,99999999999999999999,0000000,30.50523889,-90.83745,1,1
22,71,6,16,0,2,2,2,0,1,13,2,0,12,5,2,1,2,2,35,1,1,2,1,3,3,3,1,0,0,0,5,0,9,0,28,0,0,0,0,1,3,0,220344,1690,2009,2661,US-90,WASHINGTON AVE.,0000000,29.94231944,-90.09443056,2,1
22,69,6,16,22,30,1,2,0,0,5,3,0,42,0,1,4,1,2,55,2,2,2,1,40,3,2,1,0,0,5,23,6,6,7,2,0,18,0,0,2,3,0,220345,0,2009,74,SR-119,99999999999999999999,0000000,31.44883056,-92.95676944,1,1
22,107,6,17,23,10,1,1,0,0,5,3,0,31,0,1,4,1,2,55,1,1,2,1,0,0,2,1,0,0,23,20,23,29,23,57,0,0,0,0,1,4,0,220346,0,2009,119,SR-605,99999999999999999999,0000000,32.05745,-91.22703889,1,1
22,21,6,19,5,0,1,1,0,0,4,3,0,42,0,1,4,1,2,55,1,2,2,1,40,3,2,1,0,0,5,18,5,27,88,88,0,0,0,0,1,6,1,220347,0,2009,907,SR-4,99999999999999999999,0000000,32.09303056,-92.13111111,1,1
22,103,6,22,18,15,1,1,0,1,1,1,0,1,0,1,1,3,2,70,1,1,2,1,0,0,1,1,0,1,18,18,18,31,19,17,0,0,0,0,1,2,0,220348,0,2009,705,I-12,99999999999999999999,0000000,30.38298056,-89.98123889,1,1
22,51,6,21,8,45,1,1,0,0,9,4,0,18,0,1,1,1,2,20,1,1,1,1,0,0,1,1,0,0,8,51,8,58,9,18,0,0,0,0,1,1,0,220349,0,2009,0,ASPEN DRIVE,99999999999999999999,0000000,29.85523056,-90.0497,1,1
22,105,6,21,10,0,2,2,0,0,15,3,0,12,5,2,1,1,2,55,1,1,2,1,20,3,1,1,0,0,10,3,10,11,10,39,0,0,0,0,1,1,0,220350,0,2009,116,SR-1064,STAFFORD ROAD,0000000,30.54458056,-90.51633056,2,1