STATE,COUNTY,MONTH,DAY,HOUR,MINUTE,VE_TOTAL,PERSONS,PEDS,NHS,ROAD_FNC,ROUTE,SP_JUR,HARM_EV,MAN_COLL,REL_JUNC,REL_ROAD,TRAF_FLO,NO_LANES,SP_LIMIT,ALIGNMNT,PROFILE,PAVE_TYP,SUR_COND,TRA_CONT,T_CONT_F,LGT_COND,WEATHER1,WEATHER2,WRK_ZONE,NOT_HOUR,NOT_MIN,ARR_HOUR,ARR_MIN,HOSP_HR,HOSP_MN,SCH_BUS,CF1,CF2,CF3,FATALS,DAY_WEEK,DRUNK_DR,ST_CASE,CITY,YEAR,MILEPT,TWAY_ID,TWAY_ID2,RAIL,LATITUDE,LONGITUD,VE_FORMS,WEATHER
22,125,6,21,22,57,1,1,0,0,3,3,0,32,0,1,4,1,2,45,1,1,2,1,0,0,2,1,0,0,22,57,23,9,88,88,0,0,0,0,1,1,1,220351,0,2009,1493,SR-10,99999999999999999999,0000000,30.84618056,-91.29966111,1,1
22,17,6,20,11,3,1,1,0,0,9,4,0,42,0,1,4,1,2,35,1,1,2,1,0,0,1,1,0,0,11,3,11,9,11,47,0,0,0,0,1,7,0,220352,0,2009,0,ROY ROAD,99999999999999999999,0000000,32.57658056,-93.84578889,1,1
22,113,6,21,0,1,1,3,1,0,14,3,0,8,0,2,1,1,2,35,1,1,2,1,0,0,3,1,0,0,0,2,0,4,88,88,0,0,0,0,1,1,0,220353,10,2009,1321,SR-82,EASTON DRIVE,0000000,29.95986111,-92.13996111,1,1
22,117,6,20,23,7,1,1,0,0,9,4,0,42,0,1,4,1,2,30,1,1,2,1,0,0,2,1,0,0,23,9,23,25,88,88,0,0,0,0,1,7,1,220354,0,2009,0,HARVEY ROAD,99999999999999999999,0000000,30.90853056,-90.17156111,1,1
22,33,6,19,11,10,2,4,0,0,14,3,0,12,2,1,1,1,2,45,1,1,2,1,0,0,1,1,0,0,11,15,11,39,12,34,0,0,0,0,1,6,0,220355,0,2009,139,SR-37,99999999999999999999,0000000,30.55781944,-90.98386944,2,1
22,63,6,23,19,41,1,1,0,1,11,1,0,42,0,1,4,2,2,60,1,1,1,1,0,0,1,1,0,0,19,46,19,53,99,99,0,0,0,0,1,3,0,220356,2350,2009,149,I-12,99999999999999999999,0000000,30.46793056,-90.88041944,1,1
22,97,6,23,9,20,1,5,0,1,1,1,0,1,0,1,4,2,2,70,2,1,2,1,0,0,1,1,0,0,9,37,10,0,10,24,0,0,0,0,2,3,0,220357,0,2009,317,I-49,99999999999999999999,0000000,30.69566111,-92.08393889,1,1
22,43,6,27,16,49,2,5,0,0,3,2,0,12,5,2,1,1,2,55,1,1,2,1,20,3,1,1,0,0,16,52,16,52,17,36,0,0,0,0,1,7,0,220358,0,2009,942,US-71,SR-8,0000000,31.5217,-92.66021944,2,1
22,19,6,26,6,35,1,1,0,1,11,1,0,27,0,1,4,2,3,70,1,1,2,1,0,0,1,1,0,0,6,37,6,46,7,8,0,0,0,0,1,6,0,220359,2210,2009,216,I-10,99999999999999999999,0000000,30.21591111,-93.35916944,1,1
22,63,6,25,17,38,1,1,0,1,11,1,0,1,0,1,4,2,2,60,1,1,2,1,0,0,1,1,0,0,17,40,17,53,88,88,0,0,0,0,1,5,1,220360,570,2009,139,I-12,99999999999999999999,0000000,30.46628889,-90.89646944,1,1
22,99,6,4,10,20,2,4,0,0,5,3,0,12,2,1,1,1,2,55,2,1,2,1,0,0,1,1,0,0,10,21,10,37,11,51,0,0,0,0,1,5,0,220361,0,2009,113,SR-352,99999999999999999999,0000000,30.23365,-91.70313056,2,1
22,41,6,2,20,50,1,1,0,0,6,3,0,1,0,1,1,1,2,55,1,1,2,1,0,0,2,1,0,0,20,57,21,6,21,28,0,0,0,0,1,3,1,220362,0,2009,24,SR-869,99999999999999999999,0000000,32.20846944,-91.79713056,1,1
22,79,6,29,15,15,1,2,0,0,9,4,0,1,0,1,4,1,2,25,1,2,2,2,40,3,1,2,0,0,15,15,15,30,16,24,0,0,0,0,1,2,1,220363,0,2009,0,RIVER ROAD,99999999999999999999,0000000,31.37216944,-92.58718056,1,2
22,33,6,30,18,20,1,1,0,0,9,4,0,25,0,1,1,1,2,55,1,1,2,1,40,3,1,1,0,1,18,22,18,33,88,88,0,0,0,0,1,3,1,220364,0,2009,0,E FLANACHER ROAD,99999999999999999999,0000000,30.6677,-91.24003056,1,1
22,61,6,28,1,54,1,1,0,0,14,2,0,34,0,1,4,1,2,45,2,1,2,1,0,0,2,1,0,0,1,54,1,58,88,88,0,0,0,0,1,1,0,220365,0,2009,884,US-80,99999999999999999999,0000000,32.50715,-92.68228889,1,1
22,99,6,27,4,41,1,1,0,0,9,4,0,42,0,1,5,1,2,35,1,1,2,1,0,0,2,1,0,0,4,43,4,46,88,88,0,0,0,0,1,7,0,220366,0,2009,0,BERGERON ROAD,99999999999999999999,0000000,30.25676944,-91.93721944,1,1
22,115,6,27,8,10,2,6,0,0,4,3,0,12,8,1,1,1,2,55,1,2,2,1,0,0,1,1,0,0,8,12,8,41,9,31,0,0,0,0,2,7,0,220367,0,2009,72,SR-463,99999999999999999999,0000000,31.03253889,-92.89338056,2,1
22,33,4,24,17,36,2,5,0,1,13,2,0,12,5,2,1,2,3,50,1,1,2,1,20,3,1,1,0,0,17,38,17,42,17,58,0,0,0,0,1,6,0,220368,150,2009,83,US-61,MELROSE BLVD,0000000,30.45088889,-91.13751111,2,1
22,63,5,30,23,23,1,2,0,0,14,3,0,27,0,1,4,1,2,45,2,1,2,1,40,3,2,1,0,0,23,43,23,51,0,40,0,0,0,0,1,7,1,220369,0,2009,84,SR-1026,99999999999999999999,0000000,30.50841944,-90.93471944,1,1
22,5,7,1,17,45,2,2,0,1,13,2,0,12,5,1,1,2,2,55,1,1,2,1,0,0,1,1,0,0,17,55,18,1,88,88,0,0,0,0,1,4,0,220370,0,2009,629,US-61,99999999999999999999,0000000,30.31225,-90.97626944,2,1
22,109,7,1,0,40,1,1,0,0,14,3,0,42,0,1,4,1,2,55,1,1,2,1,40,3,2,1,0,0,8,51,9,6,88,88,0,0,0,0,1,4,1,220371,0,2009,2075,SR-182,99999999999999999999,0000000,29.56238889,-90.77583056,1,1
22,47,7,2,21,50,3,3,0,0,15,3,0,12,11,1,1,1,2,45,1,1,2,1,0,0,2,1,0,0,21,53,21,55,22,54,0,0,0,0,1,5,0,220372,1870,2009,209,SR-75,99999999999999999999,0000000,30.25616111,-91.26021111,3,1
22,19,7,3,17,53,1,1,0,0,4,3,0,34,0,1,4,1,2,55,2,2,2,1,40,3,1,1,0,0,17,59,18,18,18,44,0,0,0,0,1,6,0,220373,0,2009,198,SR-14,99999999999999999999,0000000,30.12541944,-92.96381944,1,1
22,55,7,5,1,46,1,2,1,1,11,1,0,8,0,1,1,2,3,70,1,1,1,1,0,0,2,1,0,0,1,57,2,1,88,88,0,19,0,0,1,1,0,220374,0,2009,1053,I-10,99999999999999999999,0000000,30.27086111,-91.9838,1,1
22,119,7,6,14,18,1,1,0,1,2,2,0,27,0,1,4,2,2,65,1,1,2,1,0,0,1,1,0,0,14,23,14,30,88,88,0,0,0,0,1,2,0,220375,0,2009,411,US-80,99999999999999999999,0000000,32.57621111,-93.41446944,1,1
22,105,7,7,13,0,2,2,0,0,15,3,0,12,5,2,1,1,2,55,1,1,2,1,0,0,1,1,0,0,13,5,13,17,13,55,0,0,0,0,1,3,1,220376,0,2009,444,SR-22,ROSARYVILLE ROAD,0000000,30.4386,-90.52175,2,1
22,71,2,24,17,0,2,3,0,1,13,2,0,12,5,2,1,1,2,99,1,1,1,1,3,3,1,1,0,0,99,99,99,99,99,99,0,0,0,0,1,3,0,220377,1690,2009,2691,US-90,URSULINE,0000000,29.9738,-90.08006944,2,1
22,71,4,5,2,50,1,1,0,0,14,6,0,18,0,1,1,2,2,35,1,1,2,1,0,0,3,1,0,0,99,99,99,99,88,88,0,0,0,0,1,1,1,220378,1690,2009,0,N. CLAIBORNE AVE.,99999999999999999999,0000000,29.96885,-90.0688,1,1
22,71,4,6,20,25,1,2,1,1,13,2,0,8,0,1,2,3,3,35,1,3,1,1,0,0,1,1,0,0,20,19,20,25,20,45,0,0,0,0,1,2,1,220379,1690,2009,2740,US-90,99999999999999999999,0000000,30.0092,-90.0226,1,1
22,71,6,21,3,0,1,2,1,1,13,3,0,8,0,1,2,2,2,35,1,1,2,1,0,0,3,1,0,0,99,99,99,99,88,88,0,0,0,0,1,1,0,220380,1690,2009,185,SR-46,99999999999999999999,0000000,29.96073889,-90.01391111,1,1
22,115,7,7,5,0,1,1,0,0,6,4,0,43,0,1,4,1,2,35,2,1,2,1,0,0,2,1,0,0,18,4,18,5,88,88,0,0,0,0,1,3,1,220381,0,2009,0,COTTONWOOD RD,99999999999999999999,0000000,30.96591111,-93.37021111,1,1
22,73,7,8,0,49,1,3,0,0,6,4,0,34,0,1,4,1,2,50,2,1,2,1,0,0,2,1,0,0,0,50,1,0,1,37,0,0,0,0,1,4,1,220382,1560,2009,0,HARMON JOHNSON,99999999999999999999,0000000,32.40195,-92.08261111,1,1
22,55,7,8,12,5,2,3,0,0,14,3,0,12,5,1,1,2,2,55,1,1,2,2,0,0,1,1,0,0,12,7,12,21,13,45,0,0,0,0,2,4,0,220383,2480,2009,143,SR-89,99999999999999999999,0000000,30.12175,-91.99046944,2,1
22,17,7,9,15,50,2,2,0,1,14,2,0,12,2,2,1,1,4,45,1,1,1,1,0,0,1,1,0,0,99,99,99,99,99,99,0,0,0,0,1,5,0,220384,2130,2009,155,US-80,GREENWOOD ST.,0000000,32.47176111,-93.803,2,1
22,61,7,11,14,45,1,1,0,0,6,4,0,42,0,1,4,1,2,55,1,1,2,1,0,0,1,1,0,0,88,88,88,88,88,88,0,0,0,0,1,7,0,220385,0,2009,0,PATTERSON RD,99999999999999999999,0000000,32.64411111,-92.45373056,1,1
22,59,7,11,20,20,2,2,0,0,4,3,0,12,2,1,1,1,2,45,2,1,2,1,28,3,2,1,0,1,20,25,20,40,21,35,0,0,0,0,1,7,0,220386,0,2009,224,SR-127,99999999999999999999,0000000,31.75045,-92.16111944,2,1
22,103,7,11,23,37,1,2,1,0,15,3,0,8,0,2,1,1,2,55,1,1,2,1,0,0,2,1,0,0,23,39,23,53,88,88,0,19,0,0,1,7,0,220388,0,2009,94,SR-59,PRATTS RD,0000000,30.49336111,-90.04081944,1,1
22,33,7,12,2,26,1,4,0,0,6,4,0,53,0,1,4,1,2,35,1,1,2,1,28,3,2,1,0,0,2,29,2,41,3,26,0,0,0,0,1,1,1,220389,0,2009,0,BARNETT RD.,99999999999999999999,0000000,30.62493889,-91.22493056,1,1
22,49,7,15,7,54,2,2,0,1,2,2,0,12,2,1,1,1,2,55,1,1,2,1,0,0,1,1,0,0,7,54,7,57,88,88,0,0,0,0,1,4,0,220390,0,2009,1866,US-167,99999999999999999999,0000000,32.26251111,-92.72338056,2,1
22,19,7,16,8,6,2,2,0,0,14,3,0,12,4,8,1,5,4,50,1,1,2,1,0,0,1,1,0,0,8,10,8,17,8,58,0,0,0,0,1,5,0,220391,0,2009,11,SR-378,99999999999999999999,0000000,30.30088889,-93.24013889,2,1
22,65,7,26,12,38,2,2,0,1,1,1,0,12,4,1,1,2,2,70,1,1,1,2,0,0,1,2,0,0,99,99,12,43,13,25,0,0,0,0,1,1,0,220392,2230,2009,1701,I-20,99999999999999999999,0000000,32.40018889,-91.21356944,2,2
22,105,6,20,21,0,1,1,0,0,5,3,0,42,0,1,4,1,2,55,1,1,2,1,0,0,1,1,0,0,21,1,21,20,22,46,0,0,0,0,1,7,0,220393,0,2009,54,SR-1057,99999999999999999999,0000000,30.88751111,-90.39821944,1,1
22,19,6,16,14,8,1,1,0,0,4,3,0,1,0,1,4,1,2,55,1,1,2,1,0,0,1,1,0,0,14,12,14,19,14,57,0,0,0,0,1,3,0,220394,0,2009,37,SR-109,99999999999999999999,0000000,30.21105,-93.63813056,1,1
22,55,7,10,23,36,1,1,0,0,6,4,0,34,0,1,4,1,2,40,1,1,1,1,0,0,3,1,0,0,23,49,0,1,0,29,0,0,0,0,1,6,1,220395,0,2009,0,LANDRY ROAD,99999999999999999999,0000000,30.21158889,-92.16731944,1,1
22,103,7,16,0,31,1,1,0,0,15,3,0,42,0,1,4,1,2,55,1,1,2,1,0,0,2,1,0,0,10,47,10,54,88,88,0,0,0,0,1,5,1,220396,0,2009,92,SR-59,99999999999999999999,0000000,30.49101111,-90.04083889,1,1
22,99,7,16,15,40,1,1,0,0,6,3,0,1,0,1,4,1,2,55,2,1,2,1,40,3,1,1,0,0,15,49,15,58,88,88,0,0,0,0,1,5,0,220397,0,2009,6,SR-341,99999999999999999999,0000000,30.32748056,-91.9104,1,1
22,103,7,16,0,30,1,1,0,0,3,3,0,1,0,1,1,1,2,55,1,1,2,1,40,3,2,1,0,0,0,34,0,41,88,88,0,0,0,0,1,5,0,220398,0,2009,227,SR-21,99999999999999999999,0000000,30.61648056,-89.9109,1,1
22,1,7,17,2,52,1,3,1,0,14,3,0,8,0,3,1,1,2,45,1,1,2,1,0,0,3,1,0,0,2,52,3,0,88,88,0,0,0,0,1,6,0,220399,1980,2009,282,SR-35,WEST BETTY STREET,0000000,30.22066111,-92.26923889,1,1
22,47,7,18,2,30,1,3,0,0,15,3,0,42,0,1,4,1,2,55,1,1,2,1,0,0,2,1,0,0,2,30,2,35,99,99,0,0,0,0,2,7,1,220400,2082,2009,34,SR-74,99999999999999999999,0000000,30.25353056,-91.04786944,1,1
22,89,7,18,10,15,2,3,0,1,11,1,0,12,1,1,1,3,2,70,1,2,1,1,0,0,1,1,0,0,10,18,10,24,10,47,0,23,0,0,1,7,0,220401,0,2009,73,I-310,99999999999999999999,0000000,29.93863056,-90.37606111,2,1
22,113,7,18,0,31,1,1,0,0,6,3,0,34,0,1,4,1,2,55,1,1,2,1,0,0,2,5,0,0,0,34,0,49,88,88,0,0,0,0,1,7,1,220402,0,2009,63,SR-700,99999999999999999999,0000000,30.09886944,-92.24248056,1,5
22,103,7,19,1,40,2,4,0,1,11,1,0,12,9,1,1,2,2,70,1,1,1,1,0,0,2,1,0,0,1,47,1,58,2,43,0,0,0,0,2,1,1,220403,0,2009,0,I-59,99999999999999999999,0000000,30.30766111,-89.74118889,2,1
22,91,7,19,7,0,2,3,0,0,3,3,0,12,2,1,1,1,2,55,1,3,2,1,0,0,1,1,0,0,7,1,7,21,7,55,0,0,0,0,1,1,1,220404,0,2009,513,SR-16,99999999999999999999,0000000,30.68613889,-90.68411111,2,1
22,123,7,19,4,0,1,1,0,0,5,3,0,37,0,1,4,1,2,45,2,1,2,1,40,3,2,1,0,0,4,16,4,26,88,88,0,0,0,0,1,1,0,220405,0,2009,511,SR-577,99999999999999999999,0000000,32.67591111,-91.40506111,1,1
22,19,7,19,7,0,1,1,0,1,1,1,0,37,0,1,4,3,3,70,1,1,2,1,0,0,1,1,0,0,7,4,7,26,88,88,0,0,0,0,1,1,1,220406,0,2009,182,I-10,99999999999999999999,0000000,30.21476944,-93.41353889,1,1
22,61,7,19,11,16,1,2,0,0,4,3,0,34,0,1,4,1,2,55,2,1,2,1,40,3,1,1,0,0,11,23,11,39,88,88,0,0,0,0,2,1,1,220407,0,2009,157,SR-151,99999999999999999999,0000000,32.67336944,-92.72303056,1,1
22,17,7,19,3,14,1,1,0,0,14,6,0,30,0,1,4,1,2,40,1,3,1,1,0,0,3,1,0,0,3,14,3,21,88,88,0,0,0,0,1,1,0,220408,2130,2009,0,LAKESHORE DRIVE,99999999999999999999,0000000,32.49278056,-93.79151944,1,1
22,55,7,20,23,10,3,5,0,0,14,3,0,12,5,2,1,1,2,55,1,1,2,1,20,3,3,1,0,0,23,15,23,27,23,54,0,0,0,0,2,2,1,220409,0,2009,104,SR-93,SR-98,0000000,30.29706944,-92.11675,3,1
22,1,7,20,3,58,2,3,0,0,3,3,0,12,2,1,1,1,2,55,2,2,2,1,0,0,2,1,0,0,4,1,4,13,4,43,0,0,0,0,1,2,2,220410,0,2009,318,SR-13,99999999999999999999,0000000,30.42268056,-92.3977,2,1
22,21,7,20,15,40,1,1,0,0,6,3,0,52,0,1,2,1,2,55,1,1,2,1,0,0,1,1,0,0,16,7,16,18,88,88,0,0,0,0,1,2,1,220411,0,2009,2,SR-846,99999999999999999999,0000000,32.13621111,-92.18406111,1,1
22,31,7,22,16,5,1,3,0,1,1,1,0,1,0,1,4,2,2,70,1,1,1,1,0,0,1,1,0,0,16,11,16,22,16,56,0,0,0,0,1,4,0,220412,0,2009,1871,I-49,99999999999999999999,0000000,32.22353889,-93.71333333,1,1
22,109,7,22,20,34,1,4,0,1,13,3,0,1,0,1,4,2,2,55,2,1,1,1,28,3,2,1,0,0,20,35,20,44,21,6,0,0,0,0,1,4,0,220413,0,2009,129,SR-20,99999999999999999999,0000000,29.752,-90.81506944,1,1
22,25,7,22,5,30,1,1,0,0,6,3,0,34,0,1,4,1,2,55,1,1,2,2,0,0,2,2,0,0,88,88,88,88,88,88,0,0,0,0,1,4,0,220414,0,2009,31,SR-921,99999999999999999999,0000000,31.82756111,-91.58743889,1,2
22,19,7,22,0,55,1,5,0,0,3,3,0,42,0,1,4,1,2,55,1,1,2,1,0,0,2,1,0,0,1,0,1,30,3,6,0,0,0,0,1,4,1,220415,0,2009,2,SR-12,99999999999999999999,0000000,30.30505,-93.74001111,1,1
22,55,7,24,2,23,1,1,0,1,13,2,0,33,0,9,3,2,2,40,2,1,1,1,0,0,3,1,0,0,99,98,99,98,88,88,0,0,0,0,1,6,0,220416,1230,2009,3,US-90,GEN. MOUTON AVE.,0000000,30.20833889,-92.00525,1,1
22,127,7,24,3,0,1,2,0,0,4,3,0,1,0,1,4,1,2,45,2,1,2,1,0,0,2,1,0,0,3,10,3,26,88,88,0,0,0,0,2,6,1,220417,0,2009,145,SR-34,99999999999999999999,0000000,31.80626944,-92.73596944,1,1
22,121,7,24,7,59,1,2,0,1,1,1,0,42,0,1,4,2,2,70,1,1,2,1,0,0,1,1,0,0,8,13,8,41,9,3,0,0,0,0,1,6,0,220418,0,2009,1429,I-10,99999999999999999999,0000000,30.43371944,-91.38205,1,1
22,73,7,24,17,45,2,4,0,0,4,2,0,12,5,2,1,1,2,55,2,2,2,1,20,3,1,1,0,0,17,49,17,57,18,22,0,0,0,0,1,6,0,220419,0,2009,1147,US-80,SLOCUM RD,0000000,32.52318056,-92.26608889,2,1
22,31,7,25,19,23,1,1,0,0,4,3,0,34,0,1,4,1,2,55,1,1,2,1,0,0,1,1,0,0,19,26,19,39,20,31,0,0,0,0,1,7,1,220420,0,2009,568,SR-175,99999999999999999999,0000000,32.25995,-93.66686111,1,1
22,79,7,25,21,5,1,1,0,0,6,4,0,30,0,1,5,1,2,45,1,1,2,1,0,0,2,1,0,0,21,40,21,52,22,33,0,0,0,0,1,7,1,220421,0,2009,0,BAYOU RD,99999999999999999999,0000000,31.01513889,-92.25993889,1,1
22,17,7,25,12,0,1,1,0,0,16,6,0,33,0,1,2,2,2,45,2,1,1,1,0,0,1,1,0,0,12,2,12,6,12,31,0,0,0,0,1,7,0,220422,2130,2009,0,FERN AVE.,99999999999999999999,0000000,32.43733889,-93.72841111,1,1
22,5,7,26,21,48,1,2,1,0,14,3,0,8,0,1,2,5,2,50,1,1,2,1,0,0,3,1,0,0,22,4,22,15,22,47,0,0,0,0,1,1,0,220423,0,2009,46,SR-73,99999999999999999999,0000000,30.25463056,-90.98903889,1,1
22,63,7,26,0,20,1,1,0,0,4,3,0,53,0,1,4,1,2,55,2,1,2,1,0,0,2,1,0,0,0,35,0,47,88,88,0,0,0,0,1,1,1,220424,0,2009,302,SR-42,99999999999999999999,0000000,30.43998889,-90.5788,1,1
22,121,7,27,22,50,1,3,1,1,13,3,0,8,0,1,1,1,2,55,1,1,1,1,0,0,2,1,0,0,23,5,23,8,99,99,0,0,0,0,1,2,0,220425,0,2009,6,SR-415,99999999999999999999,0000000,30.47016111,-91.25028889,1,1
22,71,3,25,0,30,1,2,1,1,13,3,0,8,0,1,1,2,2,35,1,1,2,1,0,0,3,1,0,0,99,99,99,99,99,99,0,0,0,0,1,4,0,220426,1690,2009,208,SR-46,99999999999999999999,0000000,29.96891111,-90.04923889,1,1
22,79,5,5,17,43,1,3,1,0,14,3,0,8,0,1,2,1,2,40,1,1,2,1,0,0,1,1,0,0,17,44,17,46,18,9,0,0,0,0,1,3,0,220427,40,2009,52,SR-1208-1,99999999999999999999,0000000,31.2637,-92.43653889,1,1
22,109,7,29,21,16,1,3,1,0,6,4,0,8,0,1,1,1,2,45,1,1,2,1,0,0,3,1,0,0,21,18,21,24,88,88,0,0,0,0,1,4,0,220428,0,2009,0,MAIN PROJECT RD,99999999999999999999,0000000,29.71938056,-90.81676111,1,1
22,51,7,29,14,52,2,3,0,1,13,2,0,12,5,2,1,2,2,45,1,1,2,1,3,3,1,1,0,0,14,57,15,3,15,37,0,0,0,0,1,4,0,220429,0,2009,75,US-61,SR-3155,0000000,29.97798056,-90.21286111,2,1
22,91,7,31,8,40,2,2,0,0,4,3,0,12,5,8,1,1,2,55,1,3,2,1,0,0,1,1,0,0,8,40,8,50,88,88,0,0,0,0,1,6,0,220430,0,2009,128,SR-38,99999999999999999999,0000000,30.92841944,-90.63018889,2,1
22,39,7,4,22,6,1,1,0,0,6,4,0,34,0,1,4,1,2,99,1,1,2,1,0,0,2,1,0,0,99,99,22,23,23,40,0,0,0,0,1,7,0,220431,0,2009,0,STAGE COACH RD,99999999999999999999,0000000,30.81178889,-92.33606111,1,1
22,39,7,17,2,38,1,4,0,0,6,4,0,34,0,1,4,1,2,99,2,1,4,2,0,0,2,1,0,0,2,38,3,0,3,55,0,0,0,0,1,6,1,220432,0,2009,0,BUZZ LANE,99999999999999999999,0000000,30.65121944,-92.50076944,1,1
22,71,2,26,17,36,1,3,1,1,13,2,0,39,0,1,5,2,3,55,1,1,2,1,0,0,3,1,0,0,99,99,99,99,99,99,0,0,0,0,1,5,1,220433,1690,2009,2745,US-90,99999999999999999999,0000000,30.0104,-90.01595,1,1
22,71,6,6,16,20,1,1,0,0,3,2,0,1,0,1,2,1,2,55,2,1,2,1,0,0,1,1,0,0,88,88,88,88,88,88,0,0,0,0,1,7,1,220434,0,2009,2934,US-90,99999999999999999999,0000000,30.10681111,-89.76243056,1,1
22,19,8,30,4,15,1,3,1,1,13,3,0,8,0,1,1,1,2,50,1,1,1,1,0,0,3,1,0,0,4,17,4,24,88,88,0,0,0,0,1,1,1,220435,1250,2009,33,SR-14,99999999999999999999,0000000,30.17905,-93.17981111,1,1
22,63,8,15,17,15,1,2,0,0,4,3,0,34,0,1,4,1,2,55,2,1,2,2,0,0,1,2,0,0,17,25,17,46,18,10,0,0,0,0,1,7,0,220436,0,2009,128,SR-63,99999999999999999999,0000000,30.52196111,-90.75288056,1,2
22,5,8,15,2,50,1,1,0,1,11,1,0,42,0,1,4,2,2,70,1,1,1,1,0,0,2,1,0,0,99,99,99,99,99,99,0,0,0,0,1,7,1,220437,0,2009,1707,I-10,99999999999999999999,0000000,30.30281944,-90.99263889,1,1
22,103,8,15,23,40,2,2,0,0,14,2,0,12,5,2,1,1,4,25,1,1,1,1,3,3,3,1,0,0,23,42,23,47,0,10,0,0,0,0,1,7,2,220438,0,2009,9038,US-190,SR-1090,0000000,30.29156111,-89.71973889,2,1
22,103,8,14,3,10,1,1,0,0,5,3,0,38,0,1,4,1,2,55,1,1,2,1,0,0,2,1,0,0,3,17,3,27,88,88,0,0,0,0,1,6,0,220439,0,2009,31,SR-435,99999999999999999999,0000000,30.50026944,-89.99601944,1,1
22,113,8,12,14,49,1,1,0,0,4,3,0,34,0,1,4,1,2,55,2,1,2,1,0,0,1,1,0,0,14,57,15,27,88,88,0,0,0,0,1,4,0,220440,0,2009,47,SR-333,99999999999999999999,0000000,29.81621111,-92.13921111,1,1
22,57,8,12,19,35,3,4,0,0,14,3,0,12,2,1,1,1,2,50,2,1,2,1,0,0,5,1,0,0,19,40,19,49,20,2,0,0,0,0,1,4,1,220441,0,2009,875,SR-1,99999999999999999999,0000000,29.80603056,-90.8575,3,1
22,97,8,12,10,35,2,2,0,1,11,1,0,12,1,1,1,2,2,70,1,1,2,1,41,3,1,1,0,1,10,39,10,50,88,88,0,3,0,0,1,4,0,220442,0,2009,150,I-49,99999999999999999999,0000000,30.46723889,-92.07696111,2,1
22,73,8,11,17,55,2,3,0,1,11,1,0,13,5,1,1,2,2,60,1,1,1,1,0,0,1,1,0,0,17,59,18,8,18,18,0,0,0,0,1,3,0,220443,0,2009,1191,I-20,99999999999999999999,0000000,32.49878056,-92.07576111,2,1
22,63,8,8,18,25,1,1,0,0,4,3,0,32,0,1,4,1,2,55,1,1,2,1,0,0,1,1,0,0,18,36,18,50,88,88,0,0,0,0,1,7,1,220444,0,2009,44,SR-447,99999999999999999999,0000000,30.41638889,-90.85416944,1,1
22,61,8,4,17,40,1,1,0,0,15,3,0,34,0,1,4,1,2,55,1,1,2,1,0,0,1,1,0,0,17,42,17,47,18,48,0,0,0,0,1,3,1,220445,0,2009,34,SR-3061,99999999999999999999,0000000,32.49635,-92.6165,1,1
22,123,8,3,16,2,1,1,0,0,3,3,0,35,0,1,4,1,2,55,2,1,2,1,40,3,1,1,0,0,16,2,16,11,16,38,0,0,0,0,1,2,1,220446,0,2009,1716,SR-2,99999999999999999999,0000000,32.81191111,-91.47153056,1,1
22,23,8,3,99,99,1,1,0,0,4,3,0,30,0,1,4,1,2,55,2,1,2,1,0,0,9,1,0,0,6,38,6,56,88,88,0,0,0,0,1,2,0,220447,0,2009,187,SR-27,99999999999999999999,0000000,29.86278056,-93.08525,1,1
22,37,8,1,20,40,1,1,0,0,5,3,0,38,0,1,4,1,2,55,2,2,2,1,0,0,2,1,0,0,20,43,21,15,88,88,0,0,0,0,1,7,0,220448,0,2009,10,SR-422,99999999999999999999,0000000,30.96183889,-91.09206944,1,1
22,103,1,26,22,25,1,3,0,0,6,4,0,1,0,1,4,1,2,25,2,1,2,1,0,0,3,1,0,0,22,34,22,44,23,13,0,0,0,0,2,2,0,220449,0,2009,0,N 3RD AVENUE,99999999999999999999,0000000,30.33611944,-89.77426111,1,1
22,51,2,8,20,54,2,2,0,1,12,2,0,12,1,1,1,3,3,60,1,1,1,1,0,0,1,1,0,0,20,56,21,0,21,31,0,0,0,0,1,1,2,220450,950,2009,75,US-90,99999999999999999999,0000000,29.9086,-90.05906111,2,1
22,33,2,17,13,50,3,2,1,1,13,2,0,8,0,1,4,1,4,99,1,1,2,1,0,0,1,1,0,0,13,51,13,59,14,20,0,0,0,0,1,3,0,220451,150,2009,60,US-61,99999999999999999999,0000000,30.4497,-91.1774,1,1
22,17,4,11,20,45,2,6,0,0,15,6,0,12,5,2,1,1,4,45,1,1,1,1,20,3,3,1,0,0,20,47,20,51,21,9,0,0,0,0,2,7,2,220452,2130,2009,0,BROADWAY,ILLINOIS,0000000,32.46023889,-93.80583889,2,1
22,17,4,14,19,0,2,3,0,0,13,6,0,12,3,2,1,2,2,25,1,1,1,1,20,3,5,1,0,0,19,1,19,9,19,24,0,0,0,0,1,3,0,220453,2130,2009,0,CLYDE FANT PARKWAY,LAKE STREET,0000000,32.51326111,-93.74121944,2,1
22,5,4,26,0,0,1,1,0,0,14,3,0,1,0,1,1,1,2,50,1,1,2,1,0,0,3,1,0,0,0,1,0,7,0,37,0,0,0,0,1,1,1,220454,0,2009,31,SR-73,99999999999999999999,0000000,30.23756111,-90.99001944,1,1
22,69,5,8,1,21,3,2,1,1,1,1,0,14,1,1,2,2,2,70,1,1,1,1,0,0,2,1,0,0,1,33,1,44,2,35,0,14,0,0,1,6,0,220455,0,2009,1446,I-49,99999999999999999999,0000000,31.8052,-93.21285,1,1