STATE,COUNTY,MONTH,DAY,HOUR,MINUTE,VE_TOTAL,PERSONS,PEDS,NHS,ROAD_FNC,ROUTE,SP_JUR,HARM_EV,MAN_COLL,REL_JUNC,REL_ROAD,TRAF_FLO,NO_LANES,SP_LIMIT,ALIGNMNT,PROFILE,PAVE_TYP,SUR_COND,TRA_CONT,T_CONT_F,LGT_COND,WEATHER1,WEATHER2,WRK_ZONE,NOT_HOUR,NOT_MIN,ARR_HOUR,ARR_MIN,HOSP_HR,HOSP_MN,SCH_BUS,CF1,CF2,CF3,FATALS,DAY_WEEK,DRUNK_DR,ST_CASE,CITY,YEAR,MILEPT,TWAY_ID,TWAY_ID2,RAIL,LATITUDE,LONGITUD,VE_FORMS,WEATHER
22,33,5,21,21,46,2,5,0,1,11,1,0,25,0,1,4,3,3,50,2,1,2,1,0,0,3,1,0,0,21,47,21,55,22,13,0,0,0,0,1,5,0,220456,150,2009,28,I-110,99999999999999999999,0000000,30.46918889,-91.16681111,2,1
22,89,3,10,14,0,1,1,0,0,15,3,0,10,0,6,1,1,2,99,1,2,1,1,70,3,1,1,0,0,14,3,14,8,14,26,0,0,0,0,1,3,0,220457,0,2009,73,SR-631,99999999999999999999,9999999,29.89116111,-90.41358889,1,1
22,73,3,20,14,15,2,2,0,1,13,3,0,12,5,2,1,5,4,35,1,1,1,1,20,3,1,1,0,0,14,17,14,21,14,46,0,0,0,0,1,6,0,220458,1560,2009,20,SR-840,BROADMOOR BLVD,0000000,32.53791944,-92.1031,2,1
22,73,3,21,6,27,1,1,0,0,14,6,0,33,0,1,4,1,2,25,1,1,2,1,0,0,4,1,0,0,6,31,6,37,6,49,0,0,0,0,1,7,0,220459,1560,2009,0,SOUTH GRAND ST,99999999999999999999,0000000,32.45593889,-92.11453056,1,1
22,71,3,21,2,38,1,2,1,1,13,3,0,8,0,1,1,2,4,35,1,1,2,1,0,0,3,1,0,0,99,98,99,98,88,88,0,0,0,0,1,7,0,220460,1690,2009,204,SR-46,99999999999999999999,0000000,29.96771111,-90.04418889,1,1
22,99,3,28,0,59,2,3,1,1,1,1,0,12,4,1,1,2,2,70,1,1,1,1,0,0,2,1,0,0,0,59,0,59,99,99,0,19,0,0,2,7,0,220461,1026,2009,1172,I-10,99999999999999999999,0000000,30.32273889,-91.79453889,2,1
22,101,4,1,6,20,2,2,0,1,13,2,0,12,5,2,1,2,2,55,2,1,2,1,20,3,3,1,0,0,6,20,6,25,7,22,0,0,0,0,1,4,0,220462,1830,2009,1688,US-90,RAILROAD AVE,0000000,29.68835,-91.3074,2,1
22,49,4,16,14,0,6,1,0,0,4,3,0,14,3,1,4,1,2,30,1,1,2,1,0,0,1,1,0,0,14,1,14,20,99,99,0,14,0,0,1,5,0,220463,360,2009,702,SR-4,99999999999999999999,0000000,32.30631944,-92.45048889,1,1
22,73,5,6,16,48,1,5,2,0,16,6,0,8,0,1,1,1,4,35,1,1,2,1,0,0,1,1,0,0,16,55,16,56,17,10,0,0,0,0,1,4,0,220464,1560,2009,0,DESIARD ST,99999999999999999999,0000000,32.51336944,-92.09916111,1,1
22,71,5,18,21,55,1,2,1,1,13,2,0,9,0,1,1,2,2,55,1,1,2,1,0,0,3,1,0,0,21,55,22,9,88,88,0,0,0,0,1,2,0,220465,1690,2009,2783,US-90,99999999999999999999,0000000,30.02646111,-89.94101944,1,1
22,47,5,29,7,0,2,2,0,0,15,3,0,12,2,1,1,1,2,45,2,1,2,1,0,0,1,1,0,0,7,6,7,8,7,59,0,0,0,0,1,6,0,220466,0,2009,12,SR-992,99999999999999999999,0000000,30.25011111,-91.23861111,2,1
22,33,6,14,1,5,1,1,0,0,15,6,0,1,0,1,1,4,1,30,1,1,2,1,0,0,3,5,0,0,1,7,1,11,88,88,0,0,0,0,1,1,1,220467,150,2009,0,FUQUA STREET,99999999999999999999,0000000,30.45731944,-91.16955,1,5
22,89,6,27,5,20,2,2,0,0,3,3,0,12,5,2,1,2,2,55,1,1,2,1,20,3,2,1,0,0,5,23,5,32,6,9,0,0,0,0,1,7,0,220468,0,2009,94,SR-3127,SR-3141,0000000,29.9922,-90.49703056,2,1
22,97,7,3,11,43,2,3,0,1,11,7,0,12,5,8,1,1,2,55,1,1,2,1,0,0,1,1,0,0,11,44,11,49,12,29,0,0,0,0,1,6,0,220469,1800,2009,179,I-49 FRONTAGE RD,99999999999999999999,0000000,30.50823889,-92.07085,2,1
22,103,6,12,21,31,1,2,1,0,14,2,0,8,0,1,1,5,4,40,1,1,2,1,0,0,3,1,0,0,21,31,21,36,99,99,0,0,0,0,1,6,0,220470,1400,2009,2541,US-190,99999999999999999999,0000000,30.36186944,-90.05825,1,1
22,71,6,17,3,23,1,2,0,1,11,1,0,33,0,1,4,3,2,99,1,1,1,1,0,0,3,1,0,0,3,23,3,41,99,99,0,0,0,0,1,4,1,220471,1690,2009,2317,I-10,99999999999999999999,0000000,29.99033056,-90.11606944,1,1
22,1,7,18,12,30,1,1,0,0,6,4,0,27,0,1,4,1,2,45,1,1,2,1,0,0,1,1,0,0,13,19,13,38,88,88,0,0,0,0,1,7,0,220472,1980,2009,0,FAULK ROAD,99999999999999999999,0000000,30.13813056,-92.35915,1,1
22,19,8,1,7,30,1,2,1,0,6,4,0,9,0,1,1,1,2,55,1,1,2,1,0,0,1,1,0,0,7,35,7,45,8,9,0,0,0,0,1,7,0,220473,0,2009,0,HOUSTON RIVER ROAD,99999999999999999999,0000000,30.28571111,-93.45355,1,1
22,51,8,1,5,7,2,3,0,1,13,2,0,12,1,3,1,1,6,40,1,1,2,1,20,3,3,1,0,0,5,9,5,17,5,42,0,0,0,0,1,7,2,220474,0,2009,50,US-61,MANSON AVE,0000000,29.97526944,-90.17148056,2,1
22,57,8,2,4,36,1,2,0,0,5,3,0,41,0,1,4,1,2,45,2,1,2,1,28,3,2,1,0,0,4,38,4,56,5,34,0,0,0,0,1,1,1,220475,0,2009,21,SR-654,99999999999999999999,0000000,29.68808056,-90.50815,1,1
22,71,8,3,21,45,1,2,1,0,16,6,0,8,0,1,1,2,2,35,1,1,2,1,0,0,3,1,0,0,99,99,99,99,88,88,0,0,0,0,1,2,0,220476,1690,2009,0,DOWNMAN ROAD,99999999999999999999,0000000,30.01418889,-90.02126111,1,1
22,51,8,5,15,7,1,2,1,1,13,2,0,8,0,2,1,2,3,35,1,1,2,1,28,3,1,1,0,0,15,9,15,11,88,88,0,0,0,0,1,4,0,220477,0,2009,2605,US-90,TERRACE STREET,0000000,29.96033056,-90.17061111,1,1
22,47,8,8,2,10,1,1,0,0,15,3,0,34,0,1,4,1,2,55,2,1,2,1,0,0,3,1,0,0,2,10,2,36,88,88,0,0,0,0,1,7,1,220478,2082,2009,19,SR-74,99999999999999999999,0000000,30.26031111,-91.07153889,1,1
22,19,8,9,12,40,2,2,0,1,11,1,0,12,1,1,1,2,3,60,1,2,1,1,0,0,1,1,0,0,12,54,13,3,88,88,0,23,0,0,1,1,0,220479,1250,2009,321,I-10,99999999999999999999,0000000,30.23923056,-93.1883,2,1
22,69,8,10,9,3,1,1,0,1,1,1,0,1,0,1,4,2,2,70,1,1,1,1,0,0,1,1,0,0,9,15,9,32,10,26,0,0,0,0,1,2,0,220480,0,2009,1183,I-49,99999999999999999999,0000000,31.52293056,-92.92651111,1,1
22,63,8,12,15,26,2,3,0,0,5,3,0,12,2,1,1,1,2,55,1,1,2,1,0,0,1,1,0,0,15,29,15,42,16,7,0,0,0,0,2,4,1,220481,0,2009,97,SR-1019,99999999999999999999,0000000,30.58181944,-90.85768056,2,1
22,19,8,13,3,0,1,1,0,0,15,4,0,34,0,1,4,1,2,25,2,1,2,1,40,3,3,1,0,0,5,21,5,27,88,88,0,0,0,0,1,5,1,220482,0,2009,0,N CROCKER STREET,99999999999999999999,0000000,30.25341944,-93.38083056,1,1
22,31,8,12,15,48,1,2,0,1,1,1,0,1,0,1,3,2,2,70,1,1,1,1,0,0,1,1,0,0,15,49,16,2,16,44,0,0,0,0,1,4,0,220483,0,2009,1813,I-49,99999999999999999999,0000000,32.15811111,-93.64988056,1,1
22,67,8,22,20,23,2,1,0,0,6,4,0,12,5,8,1,1,2,35,1,1,2,1,0,0,2,1,0,0,20,27,20,34,21,53,0,19,0,0,1,7,1,220484,1530,2009,0,BOUTZ LANE,99999999999999999999,0000000,32.77961944,-91.78673889,1,1
22,61,6,27,9,59,3,6,0,0,4,2,0,12,5,2,1,1,2,35,1,1,2,1,20,3,1,1,0,0,9,59,10,7,10,39,0,0,0,0,1,7,0,220485,380,2009,1000,US-80,SR-145,0000000,32.52965,-92.51385,3,1
22,121,8,6,17,50,1,1,0,0,15,3,0,27,0,1,4,2,2,55,1,1,1,1,0,0,1,1,0,0,17,50,18,15,99,99,0,0,0,0,1,5,0,220486,0,2009,225,SR-76,99999999999999999999,0000000,30.46136111,-91.24973889,1,1
22,121,8,14,5,25,2,2,0,0,15,3,0,12,5,8,1,1,2,55,1,1,2,1,0,0,2,1,0,0,5,31,5,38,5,54,0,0,0,0,1,6,0,220487,0,2009,222,SR-76,99999999999999999999,0000000,30.46091111,-91.25728889,2,1
22,103,8,14,15,19,1,1,0,1,11,1,0,42,0,1,4,3,2,70,2,1,2,1,0,0,1,1,0,0,15,22,15,34,16,52,0,0,0,0,1,6,0,220488,0,2009,816,I-12,99999999999999999999,0000000,30.30995,-89.80948889,1,1
22,17,8,14,15,38,1,1,0,0,4,3,0,34,0,1,4,1,2,45,2,2,2,1,0,0,1,1,0,0,15,38,15,48,88,88,0,0,0,0,1,6,0,220489,0,2009,176,SR-538,99999999999999999999,0000000,32.7154,-93.9545,1,1
22,115,8,14,22,25,1,1,0,0,5,3,0,42,0,1,4,1,2,55,2,1,2,1,0,0,2,1,0,0,22,26,22,32,88,88,0,0,0,0,1,6,1,220490,0,2009,58,SR-1146,99999999999999999999,0000000,30.91208056,-93.25188056,1,1
22,105,8,16,2,50,1,1,0,0,6,4,0,27,0,1,4,1,2,35,2,1,2,1,0,0,3,1,0,0,2,54,3,0,88,88,0,0,0,0,1,1,1,220491,0,2009,0,SISTERS ROAD,99999999999999999999,0000000,30.46851111,-90.39991944,1,1
22,69,8,17,15,26,2,3,0,1,2,3,0,12,1,8,1,1,2,55,1,2,2,1,0,0,1,1,0,0,15,35,15,43,17,4,0,0,0,0,1,2,0,220492,0,2009,413,SR-6,99999999999999999999,0000000,31.72238889,-93.16758056,2,1
22,103,8,18,2,40,2,3,0,1,1,1,0,12,2,1,1,3,2,70,1,1,2,1,0,0,2,1,0,0,2,52,2,59,88,88,0,0,0,0,1,3,1,220493,0,2009,694,I-12,99999999999999999999,0000000,30.39035,-89.99821944,2,1
22,103,8,19,15,55,1,4,0,0,6,4,0,53,0,1,4,1,2,35,2,1,2,1,0,0,1,1,0,0,15,35,15,51,16,41,0,0,0,0,2,4,0,220494,0,2009,0,GOTTSCHALK ROAD,99999999999999999999,0000000,30.52993056,-90.24411111,1,1
22,109,8,22,20,4,1,2,0,0,14,3,0,42,0,1,4,1,2,45,2,1,2,1,28,3,3,1,0,0,20,7,20,12,88,88,0,0,0,0,2,7,1,220495,0,2009,36,SR-659,99999999999999999999,0000000,29.59763056,-90.68825,1,1
22,33,8,23,4,54,1,3,0,0,4,3,0,34,0,1,4,1,2,45,2,1,2,1,0,0,2,1,0,0,5,4,5,12,6,10,0,0,0,0,1,1,1,220496,0,2009,197,SR-37,99999999999999999999,0000000,30.61658889,-90.95553889,1,1
22,69,8,25,13,20,1,2,0,0,4,3,0,42,0,1,4,1,2,55,2,3,2,1,0,0,1,1,0,0,13,46,14,14,14,42,0,0,0,0,1,3,0,220497,0,2009,416,SR-174,99999999999999999999,0000000,31.87625,-93.39878056,1,1
22,71,8,26,15,30,2,3,0,1,13,3,0,12,1,1,1,1,2,35,1,1,1,1,30,3,1,1,0,0,15,39,15,45,99,99,0,21,0,0,1,4,0,220498,1690,2009,145,SR-47,99999999999999999999,0000000,30.04246111,-89.9991,2,1
22,17,8,26,20,25,2,4,0,0,15,3,0,12,2,1,1,1,2,45,2,1,2,1,0,0,2,1,0,0,20,25,20,38,21,10,0,0,0,0,1,4,0,220499,0,2009,146,SR-173,99999999999999999999,0000000,32.63005,-93.88686111,2,1
22,33,8,27,1,1,1,4,0,1,13,2,0,34,0,1,4,1,2,65,2,1,2,1,0,0,2,1,0,0,1,1,1,7,1,47,0,0,0,0,1,5,0,220500,0,2009,950,US-61,99999999999999999999,0000000,30.67911111,-91.266,1,1
22,17,8,28,4,50,1,3,0,0,3,3,0,34,0,1,4,1,2,55,1,1,2,1,0,0,2,1,0,0,4,50,5,1,5,52,0,0,0,0,2,6,0,220501,0,2009,4238,SR-1,99999999999999999999,0000000,32.82645,-93.98213056,1,1
22,77,8,28,99,99,1,1,0,0,4,3,0,34,0,1,4,1,2,45,2,1,2,9,0,0,9,9,0,0,14,20,14,36,88,88,0,18,0,0,1,6,0,220502,0,2009,468,SR-77,99999999999999999999,0000000,30.6631,-91.64586111,1,9
22,31,8,28,9,28,2,2,0,0,5,3,0,12,8,1,1,1,2,55,2,1,2,2,40,3,1,1,0,0,9,33,9,42,10,12,0,0,0,0,1,6,0,220503,0,2009,227,SR-5,99999999999999999999,0000000,32.17493889,-93.8012,2,1
22,113,8,28,19,5,2,2,0,0,4,3,0,12,5,2,1,1,2,55,1,1,2,1,20,3,1,1,0,0,19,7,19,13,88,88,0,0,0,0,1,6,1,220504,0,2009,36,SR-343,SR-697,0000000,30.04276111,-92.1832,2,1
22,97,8,30,2,26,1,6,0,0,6,3,0,37,0,1,4,1,2,55,1,1,2,1,0,0,2,1,0,0,2,26,2,43,4,7,0,0,0,0,1,1,1,220505,0,2009,66,SR-743,99999999999999999999,0000000,30.59461944,-92.03766944,1,1
22,5,8,30,18,30,2,6,0,1,13,2,0,12,5,2,1,2,2,65,1,1,2,1,3,3,1,1,0,0,18,33,18,38,19,21,0,0,0,0,1,1,1,220506,0,2009,593,US-61,SR-621,0000000,30.26921111,-90.94185,2,1
22,63,8,31,13,57,2,2,0,0,4,2,0,12,2,1,1,1,2,55,1,1,2,1,0,0,1,1,0,0,13,57,14,11,14,56,0,0,0,0,1,2,0,220507,0,2009,2052,US-190,99999999999999999999,0000000,30.50331944,-90.73101111,2,1
22,109,8,31,14,50,2,2,0,0,4,3,0,12,2,1,1,1,2,55,2,1,2,1,0,0,1,1,0,0,14,56,15,19,16,6,0,0,0,0,1,2,0,220508,0,2009,1973,SR-182,99999999999999999999,0000000,29.62338056,-90.9089,2,1
22,101,5,2,1,31,3,3,0,0,14,2,0,12,2,1,1,1,2,45,2,2,1,1,0,0,2,1,0,0,1,33,1,51,2,14,0,0,0,0,1,7,2,220509,1600,2009,1786,US-90 BUSINESS,99999999999999999999,0000000,29.68966944,-91.16148056,3,1
22,55,9,1,2,30,1,1,0,0,9,4,0,11,0,1,1,1,2,45,1,1,2,1,0,0,2,1,0,0,2,46,3,4,88,88,0,0,0,0,1,3,1,220510,0,2009,0,GENDARME,99999999999999999999,0000000,30.32153056,-92.08645,1,1
22,17,9,1,20,26,1,1,0,0,4,3,0,42,0,1,4,1,2,55,2,1,2,1,0,0,2,1,0,0,20,29,20,34,88,88,0,0,0,0,1,3,1,220511,0,2009,145,SR-169,99999999999999999999,0000000,32.3586,-93.9487,1,1
22,103,9,3,15,0,2,4,0,0,3,3,0,12,2,1,1,1,2,55,2,1,2,1,0,0,1,1,0,0,15,1,15,25,16,19,0,0,0,0,1,5,0,220512,0,2009,228,SR-21,99999999999999999999,0000000,30.61633056,-89.91031944,2,1
22,29,9,3,12,16,1,1,0,1,13,3,0,27,0,1,4,1,2,45,1,1,2,1,0,0,1,1,0,0,99,99,99,99,88,88,0,0,0,0,1,5,1,220513,750,2009,110,SR-15,99999999999999999999,0000000,31.64226111,-91.55463056,1,1
22,47,9,4,15,43,1,1,0,0,6,4,0,42,0,1,4,1,2,30,2,1,2,1,28,3,1,1,0,0,15,49,15,56,88,88,0,0,0,0,1,6,1,220514,0,2009,0,SIDNEY RD,99999999999999999999,0000000,30.4001,-91.42286111,1,1
22,83,9,4,22,55,1,1,0,0,6,3,0,34,0,1,4,1,2,55,1,1,2,1,0,0,2,1,0,0,23,3,23,12,88,88,0,0,0,0,1,6,1,220515,0,2009,17,SR-856,99999999999999999999,0000000,32.34886111,-91.74713056,1,1
22,55,9,4,17,8,2,2,0,1,11,1,0,5,0,1,1,2,2,70,1,1,2,1,0,0,1,1,0,0,17,8,17,16,17,40,0,14,0,0,1,6,0,220516,1230,2009,1016,I-10,99999999999999999999,0000000,30.24928889,-92.04056944,2,1
22,105,9,5,3,35,1,1,0,0,4,3,0,34,0,1,4,1,2,55,1,1,2,1,0,0,2,1,0,0,4,0,4,15,5,0,0,0,0,0,1,7,0,220517,0,2009,53,SR-445,99999999999999999999,0000000,30.46725,-90.32106111,1,1
22,111,9,5,4,58,1,2,0,0,4,3,0,24,0,1,2,1,2,55,1,1,2,1,0,0,2,1,0,0,5,14,5,25,5,52,0,0,0,0,2,7,1,220518,0,2009,38,SR-549,99999999999999999999,0000000,32.87356944,-92.39446111,1,1
22,59,9,5,5,15,1,2,0,0,6,4,0,34,0,1,4,1,2,25,2,1,2,1,0,0,2,1,0,0,5,36,5,39,6,18,0,0,0,0,1,7,1,220519,0,2009,0,HATCHER RD,99999999999999999999,0000000,31.65813889,-92.14088889,1,1
22,57,9,5,3,51,1,1,0,0,14,3,0,30,0,1,4,1,2,45,2,1,2,1,0,0,3,1,0,0,4,0,4,8,88,88,0,0,0,0,1,7,1,220520,0,2009,317,SR-308,99999999999999999999,0000000,29.79783056,-90.83181944,1,1
22,33,9,6,11,54,2,2,0,1,13,3,0,12,5,2,1,5,4,45,1,1,1,1,20,3,1,1,0,0,12,2,12,7,12,24,0,0,0,0,1,1,0,220521,0,2009,181,SR-73,US-61 SERVICE RD,0000000,30.40833056,-91.06568056,2,1
22,105,9,6,18,20,1,5,0,1,1,1,0,42,0,1,4,2,2,70,1,1,2,2,0,0,1,1,0,0,18,22,18,30,19,50,0,0,0,0,1,1,0,220522,0,2009,425,I-55,99999999999999999999,0000000,30.66003889,-90.53215,1,1
22,33,9,6,23,33,1,1,0,0,15,4,0,34,0,1,4,1,2,45,2,1,2,2,40,3,2,5,0,0,23,34,23,44,88,88,0,0,0,0,1,1,0,220523,0,2009,0,TIGER BEND RD.,99999999999999999999,0000000,30.3899,-90.9819,1,5
22,105,9,7,21,24,2,5,0,0,15,3,0,12,5,2,1,1,2,45,1,1,2,1,20,3,2,1,0,0,21,31,21,38,22,15,0,0,0,0,1,2,0,220524,0,2009,28,SR-1040,S. BAPTIST RD,0000000,30.48616111,-90.53326944,2,1
22,1,9,10,2,10,1,5,0,0,4,3,0,34,0,1,4,1,2,55,1,1,2,1,0,0,2,1,0,0,2,11,2,45,3,34,0,0,0,0,1,5,1,220525,0,2009,174,SR-92,99999999999999999999,0000000,30.12401944,-92.36828889,1,1
22,121,9,11,20,32,1,2,1,1,11,1,0,8,0,1,1,3,3,50,1,3,1,2,0,0,3,1,0,0,20,34,20,35,88,88,0,0,0,0,1,6,0,220526,0,2009,1538,I-10,99999999999999999999,0000000,30.43976111,-91.20058056,1,1
22,57,9,12,6,48,2,2,0,0,15,3,0,12,5,1,1,1,2,55,2,1,2,2,0,0,1,2,0,0,6,54,7,4,7,34,0,0,0,0,1,7,0,220527,0,2009,279,SR-308,99999999999999999999,0000000,29.81636111,-90.87823889,2,2
22,105,9,13,11,34,1,1,0,1,1,1,0,27,0,1,4,2,2,70,1,1,1,2,0,0,1,2,0,0,11,38,11,46,88,88,0,0,0,0,1,1,1,220528,0,2009,643,I-55,99999999999999999999,0000000,30.97225,-90.51273056,1,2
22,103,9,13,21,35,2,2,0,0,3,3,0,12,2,1,1,1,2,55,1,1,2,1,0,0,2,1,0,0,21,42,21,46,88,88,0,0,0,0,2,1,1,220529,0,2009,80,SR-25,99999999999999999999,0000000,30.59873056,-90.17871944,2,1
22,97,9,13,23,20,1,2,0,0,4,3,0,42,0,1,4,1,2,55,2,1,2,1,40,3,2,1,0,0,23,24,23,35,0,33,0,0,0,0,1,1,1,220530,0,2009,65,SR-178,99999999999999999999,0000000,30.42998889,-92.12521944,1,1
22,47,9,14,11,44,2,4,0,1,1,1,0,13,5,1,1,2,2,70,1,1,2,2,0,0,1,2,0,0,11,56,12,0,13,19,0,0,0,0,2,2,0,220531,0,2009,1378,I-10,99999999999999999999,0000000,30.412925,-91.45703056,2,2
22,79,9,15,18,0,1,2,0,0,5,3,0,34,0,1,4,1,2,55,2,1,2,2,0,0,1,1,0,0,18,4,18,23,18,53,0,0,0,0,1,3,0,220532,0,2009,63,SR-488,99999999999999999999,0000000,31.20788056,-92.65231944,1,1
22,11,9,16,14,0,1,1,0,0,5,3,0,34,0,1,4,1,2,55,1,1,2,1,0,0,1,1,0,0,14,19,14,40,88,88,0,0,0,0,1,4,0,220533,0,2009,111,SR-389,99999999999999999999,0000000,30.52641944,-93.53563056,1,1
22,55,9,16,22,35,1,2,1,0,14,3,0,9,0,1,1,1,2,55,1,1,2,1,0,0,2,1,0,0,22,40,22,48,23,5,0,0,0,0,1,4,1,220534,0,2009,11,SR-93,99999999999999999999,0000000,30.18135,-92.08998889,1,1
22,97,9,18,22,25,1,2,1,0,4,3,0,8,0,1,1,1,2,55,1,1,2,1,0,0,2,1,0,0,22,37,22,37,88,88,0,0,0,0,1,6,0,220535,0,2009,1030,SR-10,99999999999999999999,0000000,30.71726944,-91.89623889,1,1
22,121,9,18,13,23,1,1,0,1,1,1,0,42,0,1,4,2,2,70,1,1,2,2,0,0,1,2,0,0,13,23,13,48,88,88,0,0,0,0,1,6,0,220536,0,2009,1473,I-10,99999999999999999999,0000000,30.45156944,-91.31021944,1,2
22,103,9,18,19,30,2,3,0,1,13,6,0,12,5,2,1,1,4,40,1,2,2,1,3,3,3,1,0,0,19,24,19,32,20,4,0,0,0,0,1,6,0,220537,2180,2009,0,AIRPORT RD,I-12 OFF RAMP,0000000,30.31573889,-89.82585,2,1
22,121,9,21,2,50,2,3,0,1,11,1,0,12,1,1,1,3,3,60,1,2,1,1,0,0,3,1,0,0,2,53,3,5,88,88,0,19,0,0,1,2,0,220538,0,2009,1538,I-10,99999999999999999999,0000000,30.4397,-91.20371944,2,1
22,19,9,21,19,17,1,1,0,0,6,4,0,1,0,1,4,1,2,55,1,1,2,1,0,0,2,1,0,0,19,28,19,50,88,88,0,0,0,0,1,2,0,220539,0,2009,0,FRUGE RD,99999999999999999999,0000000,30.14687778,-93.03005,1,1
22,55,9,22,99,99,1,2,1,0,14,3,0,8,0,1,1,1,2,55,1,1,2,2,0,0,2,2,0,0,11,1,11,6,88,88,0,18,23,0,1,3,0,220540,0,2009,120,SR-339,99999999999999999999,0000000,30.12278056,-92.03263889,1,2
22,55,9,22,1,23,1,2,1,1,13,2,0,8,0,1,1,2,2,55,1,1,2,1,0,0,2,1,0,0,99,99,99,99,88,88,0,0,0,0,1,3,0,220541,1230,2009,1125,US-90,99999999999999999999,0000000,30.16868889,-91.97816111,1,1
22,61,9,22,20,58,2,2,0,1,13,2,0,12,5,2,1,5,4,45,1,1,2,1,20,3,3,1,0,0,21,0,21,3,21,34,0,0,0,0,1,3,0,220542,2070,2009,2067,US-167,E. CHARLOTTE AVE.,0000000,32.5118,-92.6379,2,1
22,79,9,23,15,56,2,4,0,0,3,2,0,12,1,1,1,2,2,55,1,1,2,1,0,0,1,1,0,0,15,57,16,11,16,42,0,0,0,0,1,4,0,220543,0,2009,587,US-71,99999999999999999999,0000000,31.17208056,-92.41646944,2,1
22,105,9,24,21,46,1,1,0,0,6,4,0,34,0,1,4,1,2,35,1,1,2,1,0,0,1,1,0,0,21,48,21,51,88,88,0,0,0,0,1,5,1,220544,0,2009,0,OLD US 51,99999999999999999999,0000000,30.67146944,-90.51321944,1,1
22,5,9,26,1,52,2,4,0,1,11,1,0,12,1,1,1,2,2,70,1,1,2,1,0,0,2,1,0,0,1,53,2,12,2,39,0,0,0,0,1,7,0,220545,0,2009,1817,I-10,99999999999999999999,0000000,30.17891111,-90.89141944,2,1
22,71,9,26,13,0,3,3,1,1,13,6,0,12,5,2,1,2,2,35,1,1,2,1,0,0,1,1,0,0,13,2,99,99,99,99,0,0,0,0,1,7,0,220546,1690,2009,0,ST. CHARLES AVE.,VALENCE ST.,0000000,29.92625,-90.10558056,2,1
22,25,9,26,15,8,1,1,0,0,4,3,0,42,0,1,4,1,2,55,2,1,2,1,40,3,1,1,0,0,15,11,15,18,15,43,0,0,0,0,1,7,1,220547,0,2009,638,SR-124,99999999999999999999,0000000,31.68088056,-91.83756944,1,1
22,117,9,26,0,40,1,2,0,0,4,3,0,27,0,1,4,1,2,55,2,2,2,1,40,3,2,1,0,0,0,43,0,52,1,43,0,0,0,0,2,7,0,220548,0,2009,19,SR-60,99999999999999999999,0000000,30.72158889,-90.0441,1,1
22,109,9,26,0,1,1,2,0,1,13,3,0,27,0,1,4,2,2,55,2,1,1,1,0,0,3,1,0,0,0,13,0,19,0,54,0,0,0,0,1,7,1,220549,0,2009,4,SR-24,99999999999999999999,0000000,29.73925,-90.80606111,1,1
22,33,9,27,4,4,1,2,0,1,13,2,0,42,0,1,4,3,2,45,1,1,2,1,0,0,2,1,0,0,4,13,4,21,88,88,0,0,0,0,2,1,1,220550,0,2009,1746,US-190,99999999999999999999,0000000,30.50776111,-91.18866111,1,1
22,71,9,27,17,30,3,6,0,0,14,6,0,12,8,1,1,1,2,25,1,1,2,1,0,0,1,1,0,0,17,32,17,45,17,56,0,0,0,0,1,1,2,220551,1690,2009,0,WASHINGTON AVE.,99999999999999999999,0000000,29.93503056,-90.08908056,3,1
22,81,9,28,10,56,1,2,1,0,3,2,0,8,0,1,1,1,2,55,2,1,2,1,0,0,1,1,0,0,10,56,11,7,11,27,0,0,0,0,1,2,0,220552,0,2009,93,US-371,99999999999999999999,0000000,32.1689,-93.27596111,1,1
22,53,9,28,17,10,1,2,0,1,1,1,0,1,0,1,4,2,2,70,1,1,2,2,0,0,1,1,0,0,17,19,17,41,18,19,0,0,0,0,1,2,0,220553,0,2009,586,I-10,99999999999999999999,0000000,30.24728056,-92.75281111,1,1
22,101,7,11,23,30,1,4,0,0,14,3,0,1,0,1,1,1,2,55,1,1,2,1,0,0,2,1,0,0,23,38,23,44,0,14,0,0,0,0,1,7,1,220554,1600,2009,32,SR-70,99999999999999999999,0000000,29.72878889,-91.17883056,1,1
22,103,9,30,23,45,3,5,0,1,11,1,0,12,1,1,1,3,2,70,1,1,2,1,0,0,2,1,0,0,23,48,23,58,88,88,0,14,0,0,1,4,0,220555,0,2009,753,I-12,99999999999999999999,0000000,30.34785,-89.91216111,3,1
22,79,9,30,13,34,2,4,0,0,3,2,0,24,0,1,2,2,2,50,1,1,1,1,0,0,1,1,0,0,13,36,13,45,88,88,0,0,0,0,2,4,0,220556,1850,2009,902,US-167,99999999999999999999,0000000,31.01931944,-92.37391944,2,1
22,61,9,30,17,20,2,2,0,0,4,3,0,12,2,1,1,1,2,55,1,3,2,1,0,0,1,1,0,0,17,25,17,36,18,30,0,0,0,0,1,4,0,220557,0,2009,60,SR-33,99999999999999999999,0000000,32.61008056,-92.58368889,2,1
22,7,9,30,19,32,1,1,0,0,15,3,0,34,0,1,4,1,2,55,2,1,2,1,0,0,3,1,0,0,19,23,19,32,88,88,0,0,0,0,1,4,1,220558,0,2009,258,SR-308,99999999999999999999,0000000,29.83128056,-90.93306944,1,1