STATE,COUNTY,MONTH,DAY,HOUR,MINUTE,VE_TOTAL,PERSONS,PEDS,NHS,ROAD_FNC,ROUTE,SP_JUR,HARM_EV,MAN_COLL,REL_JUNC,REL_ROAD,TRAF_FLO,NO_LANES,SP_LIMIT,ALIGNMNT,PROFILE,PAVE_TYP,SUR_COND,TRA_CONT,T_CONT_F,LGT_COND,WEATHER1,WEATHER2,WRK_ZONE,NOT_HOUR,NOT_MIN,ARR_HOUR,ARR_MIN,HOSP_HR,HOSP_MN,SCH_BUS,CF1,CF2,CF3,FATALS,DAY_WEEK,DRUNK_DR,ST_CASE,CITY,YEAR,MILEPT,TWAY_ID,TWAY_ID2,RAIL,LATITUDE,LONGITUD,VE_FORMS,WEATHER
22,17,9,29,1,25,1,1,0,0,5,3,0,34,0,1,4,1,2,55,1,1,2,1,0,0,2,1,0,0,1,44,1,52,88,88,0,0,0,0,1,3,1,220559,0,2009,86,SR-169,99999999999999999999,0000000,32.28358056,-93.95923056,1,1
22,1,6,7,1,20,1,2,0,0,9,4,0,35,0,1,4,1,2,25,2,1,2,1,0,0,2,1,0,0,1,30,1,42,2,23,0,0,0,0,1,1,1,220560,0,2009,0,DON DRIVE,99999999999999999999,0000000,30.28313056,-92.58043056,1,1
22,33,7,25,15,29,1,2,0,0,19,6,0,33,0,1,2,1,2,20,2,1,4,1,0,0,1,1,0,0,15,29,15,33,15,57,0,0,0,0,1,7,1,220561,150,2009,0,S. RIVER RD.,99999999999999999999,0000000,30.43823056,-91.19051944,1,1
22,33,9,26,2,50,1,2,1,1,11,7,0,8,0,1,4,1,2,35,1,1,2,1,0,0,3,1,0,0,2,51,3,2,3,16,0,0,0,0,1,7,0,220562,150,2009,1587,I-10 SERVICE RD.,99999999999999999999,0000000,30.42193056,-91.13366944,1,1
22,33,9,5,12,33,1,2,0,0,15,6,0,32,0,1,4,1,2,30,1,1,2,1,0,0,1,1,0,0,12,33,12,37,13,8,0,0,0,0,2,7,0,220563,150,2009,0,HYACINTH ST.,99999999999999999999,0000000,30.38101944,-91.10251944,1,1
22,41,10,1,22,0,1,2,0,0,5,3,0,32,0,1,4,1,2,55,2,1,2,1,40,3,3,1,0,0,22,1,22,10,88,88,0,0,0,0,2,5,1,220564,0,2009,5,SR-572,99999999999999999999,0000000,32.04913889,-91.6485,1,1
22,33,10,2,1,37,2,6,0,1,11,1,0,12,1,1,1,3,2,50,1,1,1,1,0,0,3,1,0,1,1,45,1,51,2,16,0,0,0,0,5,6,1,220565,0,2009,1631,I-10,99999999999999999999,0000000,30.387425,-91.07356944,2,1
22,69,10,3,5,16,1,1,0,0,4,3,0,42,0,1,4,1,2,55,2,2,2,1,40,3,2,1,0,0,5,21,5,43,88,88,0,0,0,0,1,7,1,220566,0,2009,47,SR-153,99999999999999999999,0000000,32.02968889,-93.09456111,1,1
22,115,10,3,10,20,1,1,0,0,15,4,0,42,0,1,5,1,2,25,2,1,2,1,40,3,1,1,0,0,10,23,10,36,10,54,0,0,0,0,1,7,1,220567,0,2009,0,NONA STREET,99999999999999999999,0000000,31.15118056,-93.2826,1,1
22,1,10,3,12,40,2,2,0,0,3,3,0,12,5,2,1,1,2,55,1,1,2,1,0,0,1,1,0,0,12,43,12,51,13,11,0,0,0,0,1,7,0,220568,0,2009,344,SR-13,RUE DAUPHINE,0000000,30.45466944,-92.411,2,1
22,95,10,14,5,45,1,2,1,0,14,2,0,8,0,1,1,1,4,55,1,1,2,1,0,0,3,1,0,0,5,46,5,51,6,2,0,0,0,0,1,4,0,220569,0,2009,287,US-61,99999999999999999999,0000000,30.07746944,-90.52316944,1,1
22,105,10,3,17,20,1,1,0,0,6,3,0,42,0,1,4,1,2,55,2,1,2,1,40,3,1,1,0,0,17,25,17,35,18,5,0,0,0,0,1,7,1,220570,0,2009,7,SR-1058,99999999999999999999,0000000,30.80746111,-90.46258889,1,1
22,113,10,3,18,55,2,3,0,0,4,3,0,54,11,2,1,1,2,55,1,1,2,1,20,3,1,1,0,0,18,57,19,15,88,88,0,14,0,0,1,7,0,220571,0,2009,1140,SR-82,PINE ISLAND RD.,0000000,29.83133056,-92.30816944,2,1
22,109,10,4,6,53,1,5,0,0,6,4,0,42,0,1,4,1,2,35,2,1,2,1,0,0,1,1,0,0,6,59,7,16,8,12,0,0,0,0,5,1,0,220572,0,2009,0,N. BAYOU BLACK DR.,99999999999999999999,0000000,29.68308889,-90.9831,1,1
22,79,10,4,11,35,1,6,0,0,3,3,0,34,0,1,4,1,2,55,2,1,2,2,0,0,1,2,0,0,11,48,12,5,13,2,0,0,0,0,1,1,0,220573,0,2009,2623,SR-1,99999999999999999999,0000000,31.21248056,-92.36805,1,2
22,43,10,5,9,28,2,4,0,0,4,3,0,24,0,1,2,1,2,55,1,3,1,1,0,0,1,1,0,0,9,40,9,54,10,36,0,0,0,0,1,2,1,220574,0,2009,656,SR-8,99999999999999999999,0000000,31.38833056,-92.66215,2,1
22,117,10,5,19,15,2,2,0,0,3,3,0,12,2,1,1,1,2,55,1,1,2,1,0,0,2,1,0,0,19,17,19,25,88,88,0,0,0,0,2,2,0,220575,0,2009,2360,SR-10,99999999999999999999,0000000,30.86813889,-90.00438889,2,1
22,33,10,8,15,49,2,2,0,0,15,3,0,12,5,8,1,1,2,50,1,1,2,1,0,0,1,1,0,0,15,50,16,2,16,19,0,0,0,0,1,5,0,220576,0,2009,61,SR-410,99999999999999999999,0000000,30.61258889,-91.07395,2,1
22,57,10,11,20,57,1,1,0,0,15,3,0,42,0,1,4,1,2,45,1,1,2,1,0,0,3,1,0,0,21,3,21,10,88,88,0,0,0,0,1,1,0,220577,0,2009,752,SR-308,99999999999999999999,0000000,29.48953056,-90.32576111,1,1
22,63,10,12,6,20,1,2,0,0,4,3,0,42,0,1,4,1,2,55,2,1,2,1,99,9,2,1,0,0,6,31,6,47,7,39,0,0,0,0,1,2,0,220578,0,2009,64,SR-441,99999999999999999999,0000000,30.52095278,-90.67076944,1,1
22,51,10,13,4,45,5,5,1,1,11,1,0,12,1,1,1,3,3,60,1,1,1,1,0,0,3,1,0,0,4,43,4,50,99,99,0,23,0,0,1,3,0,220579,1190,2009,2264,I-10,99999999999999999999,0000000,29.99998889,-90.19806111,5,1
22,127,10,13,6,20,1,3,0,0,5,3,0,42,0,1,4,1,2,55,2,2,2,2,40,3,2,5,0,0,6,23,6,45,7,33,0,0,0,0,1,3,0,220580,0,2009,124,SR-471,99999999999999999999,0000000,31.72455,-92.76713889,1,5
22,103,10,15,9,40,1,1,0,1,11,1,0,42,0,1,4,2,2,70,1,1,2,1,0,0,1,1,0,0,9,55,10,3,10,38,0,0,0,0,1,5,0,220581,0,2009,642,I-12,99999999999999999999,0000000,30.42451944,-90.06661111,1,1
22,19,10,16,2,10,1,2,1,0,14,3,0,8,0,1,1,1,2,35,1,1,2,2,0,0,2,2,0,1,2,11,2,19,2,39,0,0,0,0,1,6,0,220582,0,2009,90,SR-385,99999999999999999999,0000000,30.14176111,-93.21366944,1,2
22,11,10,13,19,17,1,2,1,1,13,2,0,8,0,1,1,5,4,35,1,1,1,2,0,0,3,2,0,0,19,20,19,23,19,38,0,0,0,0,1,3,0,220583,590,2009,467,US-171,99999999999999999999,0000000,30.856,-93.28916111,1,2
22,103,10,14,23,14,1,1,0,0,14,2,0,33,0,1,2,5,4,40,2,1,2,1,0,0,3,1,0,0,23,9,23,13,23,36,0,0,0,0,1,4,0,220584,2180,2009,144,US-11,99999999999999999999,0000000,30.26423056,-89.7846,1,1
22,99,10,16,18,37,1,3,0,0,6,4,0,34,0,1,4,1,2,55,1,1,4,1,0,0,1,1,0,0,14,56,15,31,17,52,0,0,0,0,1,6,0,220585,0,2009,0,BAYOU BENOIT LEVEE,99999999999999999999,0000000,30.03548889,-91.57856111,1,1
22,33,8,26,5,46,3,4,0,1,11,1,0,12,1,1,1,3,3,60,1,1,1,1,0,0,1,1,0,0,5,47,5,56,6,26,0,0,0,0,1,4,0,220586,150,2009,31,I-110,99999999999999999999,0000000,30.47258889,-91.16686944,3,1
22,105,10,4,1,55,1,1,0,0,6,3,0,30,0,1,4,1,2,55,1,1,2,1,0,0,3,1,0,0,2,1,2,11,88,88,0,0,0,0,1,1,1,220587,1200,2009,22,SR-1051,99999999999999999999,0000000,30.91865,-90.5162,1,1
22,99,10,16,17,32,2,2,0,0,3,3,0,12,4,1,1,1,2,55,1,1,2,1,0,0,1,1,0,0,17,35,17,43,88,88,0,0,0,0,1,6,1,220588,0,2009,63,SR-70,99999999999999999999,0000000,29.77381944,-91.17698889,2,1
22,105,10,16,18,54,2,2,0,0,14,3,0,12,5,2,1,1,2,55,1,2,2,1,20,3,2,1,0,0,18,55,19,7,19,36,0,0,0,0,1,6,1,220589,0,2009,10,SR-3158,SR-1067,0000000,30.49393056,-90.41505,2,1
22,19,10,17,20,10,1,1,0,0,6,4,0,1,0,1,4,1,2,45,1,1,2,1,0,0,2,1,0,0,20,24,20,43,88,88,0,0,0,0,1,7,0,220590,0,2009,0,MCCOWN RD,99999999999999999999,0000000,30.21811111,-93.04053056,1,1
22,71,10,17,5,30,2,3,0,1,11,1,0,12,1,1,1,3,2,70,1,1,2,1,0,0,4,1,0,0,5,30,5,37,5,59,0,0,0,0,1,7,1,220591,1690,2009,2483,I-10,99999999999999999999,0000000,30.07231944,-89.92668056,2,1
22,103,10,18,3,28,2,2,0,1,11,1,0,12,2,15,1,3,2,70,2,2,1,1,0,0,2,1,0,0,3,29,3,38,4,3,0,0,0,0,1,1,1,220592,2180,2009,2680,I-10,I-12,0000000,30.303375,-89.74153056,2,1
22,69,10,18,12,57,2,7,0,0,5,3,0,12,2,1,1,1,2,55,2,1,2,1,40,3,1,1,0,0,13,10,13,21,14,14,0,0,0,0,3,1,0,220593,0,2009,15,SR-486,99999999999999999999,0000000,31.84433889,-93.07388889,2,1
22,19,10,18,14,28,1,5,0,1,1,1,0,27,0,1,3,2,3,70,1,1,2,1,0,0,1,1,0,0,14,30,14,48,15,24,0,0,0,0,1,1,0,220594,0,2009,108,I-10,99999999999999999999,0000000,30.19166111,-93.53633889,1,1
22,51,10,19,19,24,2,3,2,0,16,6,0,15,0,1,1,1,2,25,1,1,1,1,0,0,2,1,0,0,19,24,19,29,19,43,0,14,0,0,1,2,1,220595,950,2009,0,HERO DRIVE,99999999999999999999,0000000,29.89188889,-90.05231944,1,1
22,79,10,20,23,0,1,1,0,1,13,2,0,1,0,1,4,2,2,50,2,1,2,1,21,3,3,1,0,0,23,0,23,15,88,88,0,0,0,0,1,3,0,220596,40,2009,673,US-71,99999999999999999999,0000000,31.27521111,-92.46926111,1,1
22,17,10,21,21,59,1,2,1,1,11,1,0,8,0,15,1,2,2,70,1,1,2,2,0,0,9,2,0,0,99,99,99,99,99,99,0,0,0,0,1,4,0,220597,2130,2009,84,I-20,SR-526,0000000,32.44686944,-93.90273056,1,2
22,39,10,20,11,30,1,2,0,0,5,3,0,34,0,1,4,1,2,55,2,1,2,1,40,3,1,1,0,0,11,33,11,46,13,4,0,0,0,0,1,3,0,220598,0,2009,108,SR-115,99999999999999999999,0000000,30.95555,-92.30866111,1,1
22,63,10,20,21,55,1,1,0,1,11,1,0,35,0,1,3,2,2,60,1,1,2,1,0,0,3,1,0,0,21,58,22,5,22,41,0,0,0,0,1,3,0,220599,570,2009,140,I-12,99999999999999999999,0000000,30.46608056,-90.89605,1,1
22,109,10,22,0,52,1,1,0,0,4,3,0,20,0,1,4,1,3,55,2,1,2,1,0,0,2,1,0,0,0,59,1,11,88,88,0,0,0,0,1,5,0,220600,0,2009,13,SR-20,99999999999999999999,0000000,29.69016111,-90.98,1,1
22,81,10,22,16,40,1,1,0,0,5,3,0,53,0,1,4,1,2,55,1,1,2,2,0,0,1,2,0,0,16,43,16,56,17,10,0,0,0,0,1,5,0,220601,0,2009,14,SR-507,99999999999999999999,0000000,31.99583056,-93.20033056,1,2
22,121,10,22,22,40,1,1,0,1,1,1,0,42,0,1,4,2,2,70,1,1,2,2,0,0,2,1,0,0,22,42,22,59,88,88,0,0,0,0,1,5,0,220602,0,2009,1455,I-10,99999999999999999999,0000000,30.445,-91.34288889,1,1
22,1,10,23,14,46,2,3,0,1,11,1,0,13,2,1,1,2,2,70,1,1,2,1,0,0,1,1,0,0,14,46,14,53,16,15,0,0,0,0,1,6,0,220603,520,2009,816,I-10,99999999999999999999,0000000,30.23583889,-92.37095,2,1
22,17,10,24,4,0,1,1,0,1,12,3,0,42,0,1,4,1,2,60,1,1,1,1,0,0,2,1,0,0,4,4,4,12,88,88,0,0,0,0,1,7,1,220604,0,2009,34,SR-3132,99999999999999999999,0000000,32.4171,-93.819,1,1
22,63,10,24,5,32,1,1,0,0,6,3,0,34,0,1,4,1,2,55,1,1,2,1,0,0,2,1,0,0,5,50,6,14,88,88,0,0,0,0,1,7,1,220605,0,2009,16,SR-1023,99999999999999999999,0000000,30.61027222,-90.88376944,1,1
22,45,10,24,99,99,1,2,1,0,4,3,0,8,0,1,1,1,2,55,1,1,2,1,0,0,2,1,0,0,8,44,8,47,88,88,0,0,0,0,1,7,0,220606,0,2009,59,SR-85,99999999999999999999,0000000,29.91681944,-91.70113889,1,1
22,109,10,24,18,25,2,3,0,0,14,3,0,12,4,1,1,1,3,55,2,1,2,1,40,3,5,1,0,0,18,31,18,36,19,4,0,0,0,0,2,7,0,220607,0,2009,199,SR-315,99999999999999999999,0000000,29.5658,-90.71973056,2,1
22,43,10,25,16,38,2,2,0,0,3,2,0,12,2,1,1,1,2,55,1,1,2,1,0,0,1,1,0,0,16,40,16,54,17,54,0,0,0,0,1,1,1,220608,0,2009,849,US-71,99999999999999999999,0000000,31.42871944,-92.54541944,2,1
22,57,10,25,22,22,1,1,0,0,5,3,0,34,0,1,4,1,2,55,2,1,2,1,0,0,3,1,0,0,22,28,22,49,23,21,0,0,0,0,1,1,1,220609,0,2009,20,SR-654,99999999999999999999,0000000,29.68675,-90.50981944,1,1
22,9,10,27,8,45,2,2,0,0,3,3,0,12,1,8,1,1,2,55,1,1,2,2,0,0,1,2,0,0,8,53,9,8,88,88,0,0,0,0,1,3,0,220610,0,2009,2463,SR-1,99999999999999999999,0000000,31.13976944,-92.16086111,2,2
22,17,10,29,19,0,1,1,0,0,5,3,0,43,0,1,4,1,2,55,1,1,2,2,0,0,2,2,0,0,19,3,19,11,88,88,0,0,0,0,1,5,0,220611,0,2009,81,SR-170,99999999999999999999,0000000,32.8358,-93.9435,1,2
22,17,10,29,15,25,2,2,0,0,3,3,0,12,2,1,1,1,2,55,2,1,2,2,0,0,1,2,0,0,15,28,15,29,16,6,0,0,0,0,1,5,0,220612,0,2009,4167,SR-1,99999999999999999999,0000000,32.72636111,-93.96953889,2,2
22,51,10,29,15,46,1,2,1,0,6,4,0,8,0,1,5,1,2,20,1,1,2,1,0,0,1,1,0,0,15,47,15,59,16,32,0,0,0,0,1,5,0,220613,2023,2009,0,MOSS LN,99999999999999999999,0000000,29.95508889,-90.20705,1,1
22,25,10,30,11,35,2,3,0,0,4,3,0,12,2,1,1,1,2,55,1,1,2,2,0,0,1,2,0,0,11,38,12,0,12,42,0,0,0,0,1,6,0,220614,0,2009,639,SR-124,99999999999999999999,0000000,31.67973889,-91.83758889,2,2
22,113,10,31,1,22,1,1,0,0,5,3,0,34,0,1,4,1,2,55,1,1,2,2,0,0,2,1,0,0,1,28,1,39,88,88,0,0,0,0,1,7,1,220615,0,2009,332,SR-92,99999999999999999999,0000000,30.10858889,-92.14833056,1,1
22,63,10,31,19,11,3,9,0,0,4,2,0,12,2,1,1,1,2,55,1,1,2,1,0,0,2,1,0,0,19,22,19,34,20,24,0,0,0,0,1,7,0,220616,0,2009,2004,US-190,99999999999999999999,0000000,30.50178889,-90.8107,3,1
22,11,8,2,0,30,1,1,0,0,6,4,0,42,0,1,5,1,2,35,2,1,2,1,40,3,2,1,0,0,1,2,1,6,88,88,0,0,0,0,1,1,1,220617,0,2009,0,GEAREN RD.,99999999999999999999,0000000,30.50088056,-93.4185,1,1
22,115,11,1,21,0,1,3,0,0,5,3,0,27,0,1,4,1,2,50,2,1,2,1,0,0,2,1,0,0,21,10,21,30,0,5,0,0,0,0,3,1,1,220618,0,2009,305,SR-465,99999999999999999999,0000000,31.33641111,-93.16146944,1,1
22,5,11,2,5,59,3,5,0,1,13,3,0,12,1,3,1,1,2,45,1,1,2,1,0,0,1,1,0,0,6,6,6,24,7,1,0,14,0,0,1,2,0,220619,0,2009,27,SR-42,CECIL JAMES RD,0000000,30.32290556,-90.93339444,3,1
22,77,11,3,22,55,1,1,0,0,15,3,0,42,0,1,4,1,2,55,1,1,2,1,0,0,2,1,0,0,23,2,23,10,23,43,0,0,0,0,1,3,0,220620,0,2009,231,SR-415,99999999999999999999,0000000,30.6837,-91.38856111,1,1
22,17,11,5,21,37,2,3,0,0,14,6,0,12,3,2,1,1,2,45,1,1,2,1,0,0,3,1,0,0,21,37,21,45,22,48,0,0,0,0,1,5,0,220621,2130,2009,0,WILLIAMSON WAY,STONEHAVEN DR.,0000000,32.38188889,-93.80291111,2,1
22,15,11,6,18,25,1,2,1,0,3,3,0,8,0,2,1,1,4,45,1,1,1,1,3,3,3,1,0,0,18,35,18,36,19,99,0,0,0,0,1,6,0,220622,170,2009,128,SR-3,BURT BLVD,0000000,32.69818889,-93.74101944,1,1
22,71,11,6,0,30,2,2,0,0,14,3,0,12,7,1,1,1,2,35,1,1,2,1,0,0,3,1,0,0,88,88,88,88,88,88,0,0,0,0,1,6,0,220623,1690,2009,114,SR-47,99999999999999999999,0000000,30.06733889,-89.95441111,2,1
22,121,11,7,2,28,1,1,0,0,15,3,0,37,0,1,4,1,2,45,2,1,2,1,0,0,2,1,0,0,2,40,2,51,88,88,0,0,0,0,1,7,1,220624,0,2009,90,SR-986,99999999999999999999,0000000,30.50251111,-91.24808889,1,1
22,79,11,7,15,12,1,2,0,0,6,4,0,34,0,1,4,1,2,45,1,3,2,1,0,0,1,1,0,0,15,14,15,41,16,22,0,0,0,0,1,7,1,220625,0,2009,0,W. RIVER RD,99999999999999999999,0000000,31.04961944,-92.7122,1,1
22,69,11,7,21,33,2,6,0,0,3,3,0,12,4,1,1,1,2,55,2,2,2,1,40,3,2,1,0,0,21,37,21,54,22,53,0,0,0,0,1,7,1,220626,0,2009,227,SR-117,99999999999999999999,0000000,31.46668889,-93.18285,2,1
22,115,11,7,23,5,1,1,0,0,6,4,0,32,0,1,4,1,2,35,2,1,2,1,0,0,2,1,0,0,23,7,23,20,23,45,0,0,0,0,1,7,0,220627,0,2009,0,COOPER CHURCH RD,99999999999999999999,0000000,31.00873056,-93.3005,1,1
22,53,11,9,3,50,1,1,0,0,3,3,0,34,0,1,4,1,2,55,1,1,2,1,0,0,2,1,0,0,3,59,4,11,5,14,0,0,0,0,1,2,1,220628,0,2009,491,SR-26,99999999999999999999,0000000,30.46176111,-92.67163056,1,1
22,17,11,10,14,6,2,2,0,1,13,3,0,12,5,2,1,2,2,65,1,2,2,1,0,0,1,1,0,0,14,17,14,24,14,42,0,0,0,0,1,3,0,220629,0,2009,4072,SR-1,QUAD J ROAD,0000000,32.6173,-93.8747,2,1
22,11,11,10,18,0,1,3,1,1,2,2,0,9,0,2,1,2,2,65,1,3,1,1,21,3,2,1,0,0,18,8,18,19,18,51,0,0,0,0,1,3,0,220630,0,2009,397,US-171,SR-394,0000000,30.78493056,-93.24018889,1,1
22,79,11,11,9,7,2,6,0,0,3,2,0,12,1,1,1,2,2,65,1,1,2,1,0,0,1,1,0,0,9,9,9,19,88,88,0,0,0,0,1,4,0,220631,0,2009,624,US-71,99999999999999999999,0000000,31.22765,-92.42873056,2,1
22,103,11,11,20,40,2,2,0,0,5,3,0,12,5,8,1,1,2,55,1,1,2,1,0,0,2,1,0,0,20,53,21,10,88,88,0,0,0,0,1,4,1,220632,0,2009,426,SR-40,99999999999999999999,0000000,30.62087778,-90.04735,2,1
22,21,11,15,17,37,2,5,1,0,4,3,0,12,1,1,1,1,2,55,1,1,2,1,0,0,2,1,0,0,17,42,17,53,18,19,0,15,0,0,1,1,0,220633,0,2009,57,SR-133,99999999999999999999,0000000,32.17806111,-91.99478889,2,1
22,51,11,12,23,8,1,2,1,0,14,3,0,8,0,2,1,2,2,35,1,1,1,1,99,9,3,1,0,0,23,8,23,10,23,36,0,0,0,0,1,5,0,220634,950,2009,724,SR-23,COOK ST.,0000000,29.92413889,-90.04966111,1,1
22,17,11,14,15,56,1,1,0,1,11,1,0,23,0,13,2,6,1,99,1,1,1,1,0,0,1,1,0,0,15,56,15,59,16,10,0,0,0,0,1,7,0,220635,2130,2009,192,I-20,99999999999999999999,0000000,32.51043056,-93.74201111,1,1
22,77,11,16,17,30,1,2,1,0,3,3,0,8,0,1,1,2,2,55,1,1,2,1,41,3,2,1,0,0,17,36,17,46,88,88,1,0,0,0,1,2,0,220636,0,2009,1933,SR-1,99999999999999999999,0000000,30.71718889,-91.5618,1,1
22,63,11,18,99,99,1,2,1,0,14,3,0,8,0,1,1,1,2,45,1,1,2,1,0,0,3,1,0,0,6,54,7,9,88,88,0,0,0,0,1,4,0,220637,0,2009,97,SR-1026,99999999999999999999,0000000,30.52325,-90.94873056,1,1
22,33,11,20,2,0,1,1,0,0,14,3,0,32,0,1,4,1,2,45,2,1,2,1,0,0,2,1,0,0,2,4,2,8,88,88,0,0,0,0,1,6,1,220638,0,2009,131,SR-37,99999999999999999999,0000000,30.54696111,-90.98303056,1,1
22,51,11,19,18,10,1,2,1,1,13,2,0,8,0,1,1,3,2,45,1,1,1,1,0,0,3,1,0,0,18,11,18,19,88,88,0,0,0,0,1,5,0,220639,1190,2009,117,US-61,99999999999999999999,0000000,29.98055,-90.27556944,1,1
22,55,11,21,15,18,1,1,0,0,14,3,0,32,0,1,4,1,2,45,1,1,2,1,0,0,1,1,0,0,15,19,15,22,15,45,0,0,0,0,1,7,0,220640,1230,2009,133,SR-339,99999999999999999999,0000000,30.1415,-92.0325,1,1
22,49,11,21,3,0,1,1,0,0,6,4,0,42,0,1,4,1,2,45,1,1,2,1,0,0,2,1,0,0,3,1,3,16,88,88,0,0,0,0,1,7,0,220641,0,2009,0,RISER RD,99999999999999999999,0000000,32.44313056,-92.61903889,1,1
22,45,11,21,21,11,1,2,1,0,4,3,0,8,0,1,1,5,2,55,1,1,2,2,0,0,3,2,0,0,21,7,21,17,88,88,0,0,0,0,1,7,0,220642,0,2009,51,SR-674,99999999999999999999,0000000,29.96953889,-91.78948889,1,2
22,43,11,22,7,0,1,1,0,0,3,2,0,42,0,1,4,1,2,55,2,2,2,2,40,3,1,1,0,0,7,3,7,15,88,88,0,0,0,0,1,1,0,220643,0,2009,1023,US-71,99999999999999999999,0000000,31.57965,-92.76281111,1,1
22,13,11,22,18,27,1,2,0,0,5,3,0,42,0,1,4,1,2,55,2,2,2,1,40,3,2,1,0,0,18,35,19,4,19,28,0,0,0,0,1,1,0,220644,0,2009,43,SR-4,99999999999999999999,0000000,32.26881944,-93.37771944,1,1
22,19,11,22,0,39,1,4,0,0,3,3,0,42,0,1,4,1,2,55,1,1,2,2,0,0,2,1,0,0,0,42,0,59,1,51,0,0,0,0,1,1,0,220645,0,2009,5,SR-12,99999999999999999999,0000000,30.3058,-93.73563889,1,1
22,51,11,24,18,30,2,6,0,0,6,4,0,12,2,1,1,1,2,35,1,1,2,1,0,0,2,1,0,0,17,45,17,55,18,44,0,0,0,0,1,3,0,220646,0,2009,0,LIVE OAK BLVD,99999999999999999999,0000000,29.91506944,-90.22995,2,1
22,51,11,24,19,30,2,2,0,0,14,3,0,12,5,2,1,1,2,35,1,1,2,1,0,0,3,1,0,0,19,34,19,37,88,88,0,0,0,0,1,3,0,220647,0,2009,747,SR-18,NICHOLSON PL.,0000000,29.90078056,-90.12083056,2,1
22,101,11,25,19,40,1,2,1,0,15,3,0,8,0,1,1,1,2,50,2,1,2,1,40,3,2,1,0,0,19,42,19,53,88,88,0,0,0,0,1,4,0,220648,0,2009,143,SR-87,99999999999999999999,0000000,29.89898056,-91.61886944,1,1
22,33,9,18,19,34,1,3,1,0,14,6,0,9,0,2,1,1,2,35,1,1,1,1,0,0,3,1,0,0,19,34,19,38,99,99,0,0,0,0,1,6,0,220649,150,2009,0,PRESCOTT,BEECHWOOD,0000000,30.48745,-91.14343056,1,1
22,25,11,14,13,15,1,3,0,0,4,3,0,1,0,1,4,1,2,55,1,1,2,1,0,0,1,1,0,0,13,18,13,21,14,0,0,0,0,0,2,7,1,220650,0,2009,1455,SR-124,99999999999999999999,0000000,31.76805,-91.82686111,1,1
22,51,11,27,2,55,1,2,0,1,11,1,0,1,0,13,4,6,1,60,2,1,2,1,0,0,3,1,0,0,2,55,3,2,88,88,0,0,0,0,1,6,0,220651,0,2009,2288,I-10,99999999999999999999,0000000,29.99686111,-90.15746944,1,1
22,111,11,27,12,44,2,6,0,0,4,3,0,12,5,2,1,1,2,55,1,3,2,1,20,3,1,1,0,0,12,48,13,9,14,3,0,0,0,0,3,6,0,220652,0,2009,282,SR-33,LIBERTY HILL ROAD,0000000,32.82913056,-92.33198889,2,1
22,103,11,27,17,5,2,2,0,0,4,3,0,12,2,1,1,1,2,55,2,1,2,1,0,0,5,1,0,0,17,20,17,31,18,15,0,0,0,0,1,6,1,220653,0,2009,92,SR-1077,99999999999999999999,0000000,30.49908889,-90.19896111,2,1
22,105,11,28,4,40,2,5,0,1,11,1,0,12,1,1,1,2,2,70,2,1,1,1,0,0,2,1,0,0,4,51,5,4,5,45,0,0,0,0,1,7,1,220654,0,2009,482,I-55,99999999999999999999,0000000,30.74101111,-90.53283889,2,1
22,5,11,28,11,45,2,16,0,1,11,1,0,12,7,1,3,2,2,70,1,1,1,1,0,0,1,1,0,0,11,54,12,2,12,30,0,0,0,0,6,7,0,220655,0,2009,1695,I-10,99999999999999999999,0000000,30.31904722,-91.00293056,2,1
22,55,11,29,0,3,1,3,1,0,14,6,0,9,0,1,1,1,2,45,1,1,2,1,0,0,3,1,0,0,0,3,0,7,0,17,0,0,0,0,1,1,0,220656,1230,2009,0,CONGRESS,99999999999999999999,0000000,30.19576111,-92.09508056,1,1
22,121,11,29,18,5,3,3,0,1,13,3,0,12,4,99,1,2,2,55,1,1,2,1,0,0,3,1,0,0,18,9,18,19,19,23,0,0,0,0,1,1,1,220657,0,2009,1454,SR-1,99999999999999999999,0000000,30.36821944,-91.25838056,3,1
22,21,11,29,18,30,2,1,0,0,5,3,0,1,0,1,4,1,2,55,2,1,1,1,40,3,2,1,0,0,88,88,88,88,88,88,0,0,0,0,1,1,0,220658,0,2009,14,SR-559,99999999999999999999,0000000,31.93086111,-91.93491111,1,1
22,1,11,29,19,20,5,7,0,1,1,1,0,1,0,1,1,2,2,70,1,1,2,1,0,0,2,1,0,0,19,21,19,38,20,46,0,14,0,0,2,1,0,220659,0,2009,858,I-10,99999999999999999999,0000000,30.24583889,-92.30251111,5,1
22,57,11,30,10,43,2,2,0,1,2,2,0,13,5,1,1,2,2,65,2,1,2,2,0,0,1,2,0,0,10,53,11,17,12,6,0,0,0,0,1,2,0,220660,0,2009,2285,US-90,99999999999999999999,0000000,29.76023889,-90.55188056,2,2
22,71,8,29,1,22,3,6,0,1,11,1,0,12,2,1,1,3,3,60,1,1,1,1,0,0,3,1,0,0,1,22,1,37,88,88,0,0,0,0,2,7,1,220661,1690,2009,40,I-610,99999999999999999999,0000000,29.99136111,-90.05676944,3,1