STATE,COUNTY,MONTH,DAY,HOUR,MINUTE,VE_TOTAL,PERSONS,PEDS,NHS,ROAD_FNC,ROUTE,SP_JUR,HARM_EV,MAN_COLL,REL_JUNC,REL_ROAD,TRAF_FLO,NO_LANES,SP_LIMIT,ALIGNMNT,PROFILE,PAVE_TYP,SUR_COND,TRA_CONT,T_CONT_F,LGT_COND,WEATHER1,WEATHER2,WRK_ZONE,NOT_HOUR,NOT_MIN,ARR_HOUR,ARR_MIN,HOSP_HR,HOSP_MN,SCH_BUS,CF1,CF2,CF3,FATALS,DAY_WEEK,DRUNK_DR,ST_CASE,CITY,YEAR,MILEPT,TWAY_ID,TWAY_ID2,RAIL,LATITUDE,LONGITUD,VE_FORMS,WEATHER
22,101,9,20,21,38,1,2,0,0,6,4,0,27,0,1,4,1,2,45,2,1,2,1,0,0,2,1,0,0,21,39,21,49,22,13,0,0,0,0,1,1,0,220662,780,2009,0,YOKELY CANAL,99999999999999999999,0000000,29.81561944,-91.53766944,1,1
22,33,10,1,18,31,2,2,0,1,13,2,0,12,5,2,1,2,3,50,1,1,2,1,0,0,1,1,0,0,18,32,18,37,18,46,0,0,0,0,1,5,0,220663,150,2009,73,US-61,COMMUNITY COLLEGE,0000000,30.4507,-91.1555,2,1
22,79,10,10,9,17,1,1,0,1,13,2,0,7,0,3,1,2,2,50,1,1,2,1,0,0,1,1,0,0,9,17,9,18,9,33,0,19,0,0,1,7,0,220664,40,2009,670,US-71,HAISEY,0000000,31.27403889,-92.46505,1,1
22,109,10,12,20,3,1,2,1,1,13,3,0,8,0,1,1,1,4,35,1,1,2,2,0,0,3,2,0,0,20,7,20,16,88,88,0,0,0,0,1,2,0,220665,1070,2009,142,SR-24,99999999999999999999,0000000,29.5968,-90.68935,1,2
22,1,10,29,22,15,1,1,0,0,6,4,0,43,0,1,2,1,2,45,1,1,2,1,0,0,2,1,0,0,22,17,22,29,23,25,0,0,0,0,1,5,1,220666,0,2009,0,FOURNERAT ROAD,99999999999999999999,0000000,30.46623889,-92.48523889,1,1
22,79,12,3,18,20,1,2,0,0,14,6,0,34,0,1,4,1,2,35,1,1,2,1,0,0,3,1,0,0,18,22,18,29,19,0,0,0,0,0,1,5,0,220667,40,2009,0,HORSESHOE DRIVE,99999999999999999999,0000000,31.25995,-92.46341111,1,1
22,47,11,11,22,26,2,2,0,0,5,3,0,12,2,1,1,1,2,55,2,1,2,1,0,0,3,1,0,0,22,31,22,48,99,99,0,0,0,0,1,4,0,220668,2082,2009,329,SR-75,99999999999999999999,0000000,30.23763056,-91.11241111,2,1
22,53,10,24,0,27,1,2,1,0,5,3,0,8,0,1,1,1,2,35,1,1,2,1,0,0,3,1,0,0,0,27,0,58,88,88,0,0,0,0,1,7,1,220669,1240,2009,96,SR-380,99999999999999999999,0000000,30.09118056,-92.67978056,1,1
22,71,7,13,23,27,1,2,0,1,11,1,0,24,0,15,4,3,3,60,2,1,1,1,0,0,3,1,0,0,23,27,23,38,88,88,0,0,0,0,2,2,0,220670,1690,2009,2372,I-10,99999999999999999999,0000000,29.97848889,-90.06056944,1,1
22,33,11,1,23,27,2,2,0,1,13,2,0,12,1,3,1,2,3,50,1,1,2,1,0,0,3,1,0,0,23,29,23,35,23,52,0,0,0,0,1,1,0,220671,150,2009,768,US-61,S CHOCTAW DRIVE,0000000,30.47115,-91.10888056,2,1
22,33,11,5,22,53,2,3,0,1,11,1,0,12,1,1,1,3,3,60,1,1,1,1,0,0,3,1,0,0,22,53,23,4,99,99,0,0,0,0,1,5,1,220672,150,2009,58,I-110,99999999999999999999,0000000,30.50703889,-91.15831944,2,1
22,33,11,12,17,40,2,5,2,0,19,6,0,8,0,1,1,1,2,40,1,1,2,1,0,0,3,1,0,0,17,41,17,43,18,3,0,0,0,0,1,5,0,220673,150,2009,0,NORTH STREET,99999999999999999999,0000000,30.45335,-91.15713056,2,1
22,33,11,20,23,12,2,2,0,1,13,3,0,12,5,1,1,2,2,45,1,1,1,2,0,0,3,2,0,0,23,12,23,25,23,56,0,0,0,0,1,6,0,220674,150,2009,45,SR-67,99999999999999999999,0000000,30.5085,-91.1498,2,2
22,19,11,15,16,52,2,3,0,1,11,7,0,12,5,2,1,1,4,40,1,1,1,1,3,3,1,1,0,0,16,52,16,58,17,13,0,0,0,0,1,1,0,220675,2400,2009,279,I-10 SERVICE RD,SAMPSON ST.,0000000,30.23763056,-93.25763056,2,1
22,103,12,1,3,0,1,2,0,0,15,6,0,30,0,3,4,1,2,25,2,1,2,1,20,3,2,1,0,0,3,16,3,16,88,88,0,0,0,0,2,3,0,220676,510,2009,0,JAHNCKE AVE,E 10TH AVE,0000000,30.46418056,-90.10523889,1,1
22,55,12,1,19,4,2,2,0,0,14,3,0,26,0,1,3,3,2,40,1,1,2,2,0,0,3,1,0,0,19,5,19,13,19,42,0,0,0,0,1,3,1,220677,1230,2009,745,SR-182,99999999999999999999,0000000,30.2528,-92.0372,2,1
22,15,12,2,19,10,1,2,1,1,11,1,0,8,0,1,1,2,2,70,1,1,2,1,0,0,2,1,0,0,88,88,88,88,88,88,0,0,0,0,1,4,0,220678,0,2009,332,I-20,99999999999999999999,0000000,32.54906111,-93.51516944,1,1
22,103,12,2,14,50,2,2,0,0,5,3,0,12,5,2,1,1,2,55,1,1,2,1,0,0,1,1,0,0,15,0,15,20,88,88,0,0,0,0,1,4,0,220679,0,2009,44,SR-1082,SR-21,0000000,30.5851,-90.03428056,2,1
22,55,12,3,20,33,2,2,0,0,14,6,0,12,5,8,1,1,4,40,1,1,1,1,0,0,3,1,0,0,20,33,20,33,20,47,0,0,0,0,1,5,0,220680,1230,2009,0,W CONGRESS ST,99999999999999999999,0000000,30.2132,-92.0487,2,1
22,55,12,4,2,23,1,3,1,0,14,3,0,8,0,1,1,1,2,55,1,1,2,1,0,0,2,1,0,0,2,26,2,30,88,88,0,0,0,0,1,6,1,220681,330,2009,774,SR-182,99999999999999999999,0000000,30.29076111,-92.0499,1,1
22,55,12,4,2,55,2,3,0,0,19,6,0,12,2,1,1,1,4,45,2,1,1,1,0,0,3,1,0,0,2,55,2,58,3,24,0,0,0,0,2,6,0,220682,1230,2009,0,AMBASSADOR CAFFERY,99999999999999999999,0000000,30.22043056,-92.07551111,2,1
22,51,12,4,12,38,2,2,0,0,19,4,0,12,5,2,1,2,2,45,1,1,2,1,21,3,1,1,0,0,12,39,12,53,13,37,0,0,0,0,1,6,0,220683,0,2009,0,N CAUSEWAY BLVD,BORE STREET,0000000,29.9804,-90.15608889,2,1
22,55,12,5,0,55,1,3,0,0,16,6,0,33,0,1,4,1,2,45,2,1,1,1,0,0,3,1,0,0,0,56,1,1,1,50,0,0,0,0,2,7,1,220684,1230,2009,0,ERASTE LANDRY ROAD,99999999999999999999,0000000,30.21915,-92.06526944,1,1
22,73,12,5,19,5,1,5,1,1,11,1,0,8,0,1,1,2,2,70,1,1,2,1,0,0,2,1,0,0,19,9,19,16,88,88,0,0,0,0,1,7,0,220685,0,2009,1221,I-20,99999999999999999999,0000000,32.4918,-92.02516944,1,1
22,3,12,6,5,25,2,2,0,0,4,3,0,12,2,1,1,1,2,55,1,3,2,1,0,0,2,1,0,0,5,29,5,49,6,26,0,0,0,0,1,1,1,220686,0,2009,282,SR-112,99999999999999999999,0000000,30.85463889,-92.82075,2,1
22,17,12,7,15,49,1,1,0,1,13,3,0,38,0,1,4,1,4,40,1,1,8,2,0,0,1,2,0,0,15,49,15,50,88,88,0,0,0,0,1,2,0,220687,2130,2009,20,SR-3094,99999999999999999999,0000000,32.50411944,-93.78011944,1,2
22,31,12,9,7,6,2,2,0,1,1,1,0,14,1,1,2,2,2,70,1,1,1,1,0,0,1,1,0,0,7,5,7,17,99,99,0,0,0,0,1,4,0,220688,0,2009,1909,I-49,99999999999999999999,0000000,32.2557,-93.74195,1,1
22,105,12,9,19,35,2,3,0,0,4,2,0,12,1,1,1,1,2,55,1,1,2,1,0,0,2,1,0,0,19,40,19,42,88,88,0,20,0,0,2,4,0,220689,0,2009,2275,US-190,99999999999999999999,0000000,30.50666111,-90.3602,2,1
22,75,12,11,10,0,2,3,0,1,13,3,0,12,1,11,1,2,2,45,1,1,2,1,0,0,1,1,0,0,10,1,10,8,88,88,0,0,0,0,1,6,1,220690,0,2009,655,SR-23,AVENUE G,0000000,29.85703056,-89.98616111,2,1
22,5,12,11,23,7,2,4,0,1,11,1,0,12,7,1,1,2,2,70,1,1,2,2,0,0,2,2,0,0,23,15,23,26,23,57,0,0,0,0,1,6,1,220691,0,2009,1761,I-10,99999999999999999999,0000000,30.23055,-90.96398889,2,2
22,71,12,12,5,50,2,3,1,1,11,1,0,12,7,1,1,3,3,60,1,1,1,2,0,0,3,2,0,0,99,99,99,99,99,99,0,0,0,0,1,7,0,220692,1690,2009,2364,I-10,99999999999999999999,0000000,29.96956944,-90.06841944,2,2
22,105,12,12,6,10,1,1,0,1,1,1,0,42,0,1,3,2,2,70,1,1,2,2,0,0,1,2,0,0,6,20,6,30,6,59,0,0,0,0,1,7,0,220693,0,2009,525,I-55,99999999999999999999,0000000,30.80360556,-90.533325,1,2
22,109,12,14,4,10,1,2,0,0,15,3,0,19,0,1,4,1,2,30,1,1,2,2,0,0,3,5,0,0,4,15,4,38,5,7,0,0,0,0,1,2,1,220694,0,2009,144,SR-56,99999999999999999999,0000000,29.43791111,-90.5952,1,5
22,69,12,15,0,26,1,1,0,0,15,3,0,32,0,1,4,1,2,55,2,1,2,2,28,3,2,5,0,0,0,33,0,38,88,88,0,0,0,0,1,3,1,220695,0,2009,189,SR-494,99999999999999999999,0000000,31.73541944,-93.04361111,1,5
22,63,12,16,17,41,1,3,0,0,6,4,0,34,0,1,4,1,2,35,1,1,2,1,28,3,2,1,0,0,17,46,18,4,18,39,0,0,0,0,1,4,0,220696,0,2009,0,GEORGE SETTLEMENT RD,99999999999999999999,0000000,30.43436111,-90.56765,1,1
22,57,12,16,20,33,1,3,1,1,14,3,0,8,0,1,1,2,2,65,1,1,2,1,0,0,2,1,0,0,20,37,20,41,21,4,0,0,0,0,1,4,0,220697,0,2009,363,SR-3235,99999999999999999999,0000000,29.41461944,-90.29125,1,1
22,97,12,16,21,26,2,2,0,1,2,2,0,12,2,1,1,2,2,65,1,1,2,1,40,3,2,1,0,0,21,36,21,50,22,20,0,0,0,0,1,4,1,220698,0,2009,1337,US-190,99999999999999999999,0000000,30.54833889,-91.85136111,2,1
22,17,12,17,8,52,2,3,0,0,15,6,0,12,5,2,1,5,4,35,1,1,1,1,20,3,1,1,0,0,8,52,8,55,9,8,0,0,0,0,1,5,0,220699,2130,2009,0,MURPHY STREET,NORMA AVENUE,0000000,32.49993889,-93.76958056,2,1
22,55,12,18,6,2,1,2,1,1,13,2,0,8,0,2,1,2,2,40,1,1,2,2,3,3,3,1,0,0,6,2,6,9,88,88,0,0,0,0,1,6,0,220700,1230,2009,192,US-167,W. LEWIS ST.,0000000,30.2121,-92.0257,1,1
22,39,12,18,22,37,1,1,0,0,5,3,0,42,0,3,4,1,2,99,1,1,2,1,20,3,3,1,0,0,22,45,22,48,23,1,0,0,0,0,1,6,0,220701,1390,2009,185,SR-104,POINCIANA ST.,0000000,30.64108889,-92.41975,1,1
22,117,12,19,12,44,1,1,0,0,6,4,0,42,0,2,5,1,2,30,1,1,2,1,20,3,1,1,0,0,12,45,12,58,88,88,0,0,0,0,1,7,0,220702,210,2009,0,S. CHOCTAW,PARKER RD.,0000000,30.71951944,-89.99485,1,1
22,1,12,21,17,52,1,2,1,0,6,6,0,8,0,1,1,1,2,25,1,1,2,1,0,0,3,1,0,0,17,52,17,57,18,4,0,0,0,0,1,2,0,220703,390,2009,0,MARTIN LUTHER KING D,99999999999999999999,0000000,30.40845,-92.22778056,1,1
22,77,12,23,23,55,3,4,0,0,14,3,0,12,4,2,1,2,1,40,1,1,2,2,3,3,3,2,0,0,23,55,0,15,0,50,0,0,0,0,1,4,2,220704,1700,2009,1833,SR-1,HOSPITAL RD.,0000000,30.68221111,-91.46206111,3,2
22,93,12,23,18,55,2,3,0,0,4,3,0,12,2,1,1,1,2,45,2,1,2,2,0,0,3,1,0,0,18,58,19,13,19,51,0,0,0,0,2,4,1,220705,0,2009,202,SR-18,99999999999999999999,0000000,29.97918889,-90.81108889,2,1
22,109,12,23,22,32,1,1,0,0,14,3,0,30,0,1,4,1,2,45,1,1,2,1,0,0,3,1,0,0,22,35,22,49,88,88,0,0,0,0,1,4,1,220706,0,2009,37,SR-659,99999999999999999999,0000000,29.59771111,-90.68886111,1,1
22,47,12,24,4,30,1,1,0,0,6,3,0,27,0,1,4,1,2,55,1,1,2,2,0,0,3,1,0,0,5,16,5,38,88,88,0,0,0,0,1,5,1,220707,0,2009,51,SR-993,99999999999999999999,0000000,30.10958056,-91.19451111,1,1
22,79,12,24,17,0,1,5,0,0,6,4,0,38,0,1,4,1,2,35,1,2,2,2,0,0,1,1,0,0,17,2,17,17,17,57,0,0,0,0,1,5,0,220708,0,2009,0,DENNY ROAD,99999999999999999999,0000000,31.32593889,-92.2924,1,1
22,77,12,25,23,40,1,1,0,0,4,3,0,32,0,1,4,1,2,55,1,1,2,1,0,0,2,1,0,0,23,54,0,18,88,88,0,2,0,0,1,6,1,220709,0,2009,193,SR-415,99999999999999999999,0000000,30.66271944,-91.34958889,1,1
22,99,12,26,14,40,2,2,0,1,13,2,0,13,4,1,1,2,2,55,1,1,1,1,0,0,1,1,0,0,14,44,14,50,88,88,0,0,0,0,1,7,0,220710,0,2009,1193,US-90,99999999999999999999,0000000,30.08741111,-91.93991111,2,1
22,71,10,18,17,37,2,3,0,0,14,6,0,12,5,2,1,2,2,35,1,1,2,1,0,0,1,1,0,0,17,38,17,51,99,99,0,0,0,0,1,1,0,220711,1690,2009,0,CROWDER BLVD,HUNTINGTON PARK DR,0000000,30.03238056,-89.9948,2,1
22,13,12,20,6,45,2,3,0,1,1,1,0,12,1,1,1,2,2,70,1,1,2,1,0,0,4,1,0,0,6,57,7,29,8,6,0,0,0,0,1,1,1,220712,0,2009,694,I-20,99999999999999999999,0000000,32.56383056,-92.91291944,2,1
22,71,12,28,2,40,1,1,0,0,14,6,0,33,0,1,4,4,2,35,2,1,2,1,0,0,3,1,0,0,2,40,2,48,88,88,0,0,0,0,1,2,1,220713,1690,2009,0,WASHINGTON AVE,99999999999999999999,0000000,29.96485,-90.10928056,1,1
22,97,12,27,20,24,1,2,0,1,11,7,0,25,0,1,4,1,2,55,2,1,2,1,0,0,3,1,0,0,20,24,20,38,21,4,0,0,0,0,1,1,0,220714,1800,2009,173,I-49 SERVICE RD,99999999999999999999,0000000,30.50001944,-92.07233056,1,1
22,17,12,28,16,8,2,3,0,0,6,4,0,12,5,2,1,1,2,50,1,1,2,1,20,3,1,1,0,0,16,17,16,25,16,57,0,0,0,0,1,2,0,220715,0,2009,0,WALLACE LAKE RD,SOUTHERN LOOP,0000000,32.3551,-93.7385,2,1
22,57,12,29,11,6,1,1,0,0,15,3,0,42,0,1,4,1,2,55,2,1,2,1,0,0,1,1,0,0,11,18,11,29,88,88,0,0,0,0,1,3,0,220716,0,2009,512,SR-308,99999999999999999999,0000000,29.70403889,-90.56291944,1,1
22,33,12,30,23,30,1,1,0,0,5,3,0,34,0,1,4,1,2,55,2,1,2,2,0,0,2,1,0,0,23,50,0,5,88,88,0,0,0,0,1,4,0,220717,0,2009,21,SR-409,99999999999999999999,0000000,30.63246389,-90.98353889,1,1
22,45,12,31,20,29,1,2,1,1,2,2,0,8,0,13,1,6,1,65,1,1,1,1,0,0,2,1,0,0,20,38,20,45,21,28,0,0,0,0,1,5,0,220718,0,2009,1304,US-90,99999999999999999999,0000000,29.96542222,-91.83233889,1,1
22,37,12,30,12,10,1,1,0,0,4,3,0,34,0,1,4,1,2,45,1,2,2,2,99,9,1,2,0,0,12,50,13,2,88,88,0,0,0,0,1,4,0,220719,0,2009,71,SR-68,99999999999999999999,0000000,30.78192222,-91.21413889,1,2
22,71,6,16,8,30,1,1,0,0,15,6,0,10,0,6,1,1,2,35,1,1,1,1,60,3,1,1,0,0,8,30,9,0,9,25,0,0,0,0,1,3,0,220720,1690,2009,0,OLD GENTILLY RD.,99999999999999999999,341059F,30.03644167,-89.90665833,1,1
22,71,10,22,21,53,1,1,0,1,11,1,0,42,0,1,4,2,3,60,1,1,1,2,0,0,3,2,0,0,21,56,22,5,22,30,0,0,0,0,1,5,1,220721,1690,2009,2426,I-10,99999999999999999999,0000000,30.0272,-90.00481944,1,2
22,17,2,12,14,7,1,1,0,1,11,1,0,37,0,1,4,2,3,70,1,1,1,1,0,0,1,1,0,0,14,7,14,14,88,88,0,0,0,0,1,5,0,220722,2130,2009,2022,I-49,99999999999999999999,0000000,32.41773889,-93.75013889,1,1
22,71,7,24,7,46,4,3,1,0,15,6,0,8,0,1,7,2,2,35,1,1,2,1,0,0,1,1,0,0,7,52,8,2,8,35,0,0,0,0,1,6,0,220723,1690,2009,0,ALMONASTER AVE.,99999999999999999999,0000000,29.99961389,-90.04176944,1,1
22,71,11,28,20,30,1,1,0,1,13,2,0,21,0,1,4,2,2,35,2,1,2,1,0,0,3,1,0,0,20,35,20,40,21,5,0,0,0,0,1,7,1,220724,1690,2009,2709,US-90,99999999999999999999,0000000,29.99038889,-90.06686944,1,1
22,17,12,16,11,39,2,4,0,0,16,6,0,12,5,2,1,1,2,25,1,1,2,1,20,3,1,1,0,0,11,39,11,40,12,5,0,0,0,0,1,4,0,220725,2340,2009,0,E. ALABAMA,S. PECAN,0000000,32.87236944,-93.98325,2,1
22,87,3,1,19,33,2,5,0,0,5,3,0,12,1,1,1,1,2,35,1,1,2,1,0,0,2,1,0,0,19,33,19,46,99,99,0,23,0,0,1,1,0,220726,0,2009,110,SR-300,99999999999999999999,0000000,29.86706944,-89.80953056,2,1
22,81,10,21,5,1,2,3,0,0,3,2,0,12,2,1,1,1,2,55,2,1,2,1,0,0,2,1,0,0,5,1,5,13,5,43,0,0,0,0,1,4,0,220727,500,2009,1510,US-71,99999999999999999999,0000000,32.02408056,-93.3398,2,1
22,71,12,6,19,50,1,2,1,0,16,5,0,8,0,1,1,2,2,35,1,1,2,1,0,0,3,1,0,0,19,51,20,0,20,35,0,0,0,0,1,1,0,220728,1690,2009,0,DOWNMAN ROAD,99999999999999999999,0000000,30.02215278,-90.02303056,1,1
22,37,6,18,8,28,2,2,0,0,4,3,0,12,4,1,1,1,4,40,1,1,2,1,0,0,1,1,0,0,8,28,8,32,99,99,0,0,0,0,1,5,1,220729,420,2009,311,SR-67,99999999999999999999,0000000,30.85601944,-91.00981944,2,1
22,71,11,30,0,0,1,2,1,1,13,2,0,8,0,1,1,3,3,35,1,2,2,1,0,0,3,1,0,0,99,99,99,99,99,99,0,19,0,0,1,2,0,220730,1690,2009,2639,US-90,99999999999999999999,0000000,30.00756111,-90.02971111,1,1
22,63,12,22,6,52,2,2,0,0,4,3,0,12,2,1,1,1,2,45,1,1,2,1,0,0,1,1,0,0,6,55,6,59,8,32,0,0,0,0,1,3,0,220731,1315,2009,0,SR-63,99999999999999999999,0000000,30.48336944,-90.7482,2,1
23,9,1,4,15,0,1,2,0,0,2,3,0,30,0,1,6,1,2,35,2,1,2,1,0,0,1,1,0,0,15,3,15,15,16,2,0,0,0,0,1,1,1,230001,1960,2009,0,SR-111,99999999999999999999,0000000,44.23929722,-68.61622778,1,1
23,13,1,10,4,25,1,2,0,0,6,6,0,30,0,1,6,1,2,40,2,2,2,1,0,0,2,1,0,0,4,26,4,41,5,20,0,0,0,0,1,7,1,230002,8890,2009,0,BEECHWOOD STREET,99999999999999999999,0000000,44.12351667,-69.18751667,1,1
23,19,1,11,17,24,1,2,1,0,2,3,0,8,0,1,1,1,2,40,1,2,2,3,0,0,2,1,0,0,17,25,17,34,88,88,0,0,0,0,1,1,0,230003,2422,2009,0,SR-9,99999999999999999999,0000000,44.816125,-68.45898611,1,1
23,5,1,17,21,23,1,1,0,0,14,3,0,42,0,1,6,1,2,45,2,1,2,1,0,0,3,1,0,0,21,27,21,35,88,88,0,0,0,0,1,7,1,230004,9119,2009,0,SR-115,99999999999999999999,0000000,43.85117778,-70.38416944,1,1
23,31,1,13,10,26,3,6,0,1,1,1,0,12,8,1,1,2,4,65,2,1,2,1,0,0,1,1,0,0,10,26,10,34,11,38,0,0,0,0,1,3,0,230005,550,2009,0,I-95,99999999999999999999,0000000,43.49919722,-70.48819444,3,1
23,3,1,26,15,23,1,2,1,0,4,3,0,8,0,1,1,1,2,45,1,1,2,1,0,0,1,1,0,0,15,23,15,31,15,52,0,0,0,0,1,2,0,230006,2900,2009,0,SR-11,99999999999999999999,0000000,46.97146667,-68.57288333,1,1
23,31,1,29,7,1,3,4,0,0,3,3,0,12,2,1,1,1,2,40,1,1,2,3,0,0,1,1,0,0,7,1,7,11,88,88,0,0,0,0,1,5,0,230007,550,2009,0,SR-111,99999999999999999999,0000000,43.48387778,-70.47077222,3,1
23,17,2,9,7,38,2,2,0,0,3,3,0,12,2,1,1,1,2,55,1,1,2,1,0,0,1,1,0,0,7,38,7,48,88,88,0,0,0,0,2,2,0,230008,6141,2009,0,SR-108,99999999999999999999,0000000,44.48425833,-70.35138056,2,1
23,25,2,5,10,27,3,3,0,0,2,3,0,12,2,1,1,1,2,50,1,1,2,1,0,0,1,1,0,0,10,27,10,30,11,19,0,0,0,0,1,5,0,230009,7350,2009,0,SR-2,99999999999999999999,0000000,44.77275556,-69.70516111,3,1
23,27,2,27,19,55,2,2,0,1,2,2,0,12,2,1,1,1,2,55,2,2,2,2,0,0,2,2,0,0,19,55,20,9,20,40,0,0,0,0,1,6,1,230010,8000,2009,0,US-1,99999999999999999999,0000000,44.56056944,-68.804025,2,2
23,31,3,6,0,5,1,1,0,0,6,6,0,42,0,1,6,1,2,35,1,1,2,1,20,3,2,1,0,0,0,7,0,19,88,88,0,0,0,0,1,6,1,230011,7320,2009,0,JONES ROAD,99999999999999999999,0000000,43.56664722,-70.84387778,1,1
23,1,1,23,14,18,1,1,0,0,6,6,0,42,0,1,6,1,2,35,2,1,2,1,40,3,1,1,0,0,14,20,14,29,14,49,0,0,0,0,1,6,0,230012,80,2009,10,DANVILLE CORNER ROAD,99999999999999999999,0000000,44.02584167,-70.23885833,1,1
23,5,2,27,13,10,2,2,0,1,1,1,0,12,1,1,1,2,2,65,1,1,2,1,0,0,1,1,0,0,13,10,13,20,88,88,0,0,0,0,1,6,0,230013,1851,2009,0,I-295,99999999999999999999,0000000,43.74170833,-70.22426667,2,1
23,19,1,17,17,1,2,3,0,0,6,6,0,12,4,1,1,1,2,45,1,1,2,3,0,0,1,1,0,0,17,1,17,5,17,54,0,0,0,0,1,7,1,230014,2505,2009,0,DODLIN ROAD,99999999999999999999,0000000,45.24908889,-68.58610278,2,1
23,17,3,26,19,30,1,2,1,0,4,3,0,8,0,1,2,1,2,45,1,1,2,2,0,0,5,2,0,0,19,31,19,42,19,57,0,0,0,0,1,5,1,230015,3100,2009,0,SR-5,99999999999999999999,0000000,43.97861111,-70.92704722,1,2
23,25,4,1,11,44,2,2,0,1,2,2,0,12,4,10,1,1,2,55,1,1,2,1,20,3,1,1,0,0,11,46,11,54,88,88,0,0,0,0,1,4,0,230016,2650,2009,0,US-201,US-23,0000000,44.65296389,-69.61941667,2,1
23,31,2,5,16,42,2,2,0,0,3,3,0,12,2,1,1,1,2,50,1,1,2,1,0,0,1,1,0,0,16,43,16,54,88,88,0,0,0,0,1,5,0,230017,8905,2009,0,SR-9,99999999999999999999,0000000,43.328175,-70.57608611,2,1
23,9,3,5,14,44,2,3,0,0,4,3,0,12,5,1,1,1,2,50,1,1,2,1,0,0,1,1,0,0,14,46,14,52,15,7,0,0,0,0,1,5,0,230018,2500,2009,0,SR-172,99999999999999999999,0000000,44.50250556,-68.44130556,2,1
23,5,3,30,19,40,1,2,1,0,3,2,0,8,0,1,1,1,2,30,1,1,2,2,0,0,3,2,5,0,19,40,19,46,20,23,0,0,0,0,1,2,0,230019,3360,2009,0,US-202,99999999999999999999,0000000,43.85142778,-70.383225,1,2
23,13,3,31,9,59,2,3,0,0,3,3,0,12,2,1,1,1,2,55,1,2,2,1,0,0,1,1,0,0,10,6,10,38,11,17,0,0,0,0,1,3,0,230020,8897,2009,0,SR-17,99999999999999999999,0000000,44.22884167,-69.34441667,2,1
23,31,4,3,21,44,2,4,0,0,6,6,0,12,2,1,1,1,2,50,1,1,2,2,0,0,2,2,0,0,21,46,21,58,22,5,0,2,0,0,1,6,0,230021,4750,2009,0,2121 ALFRED ROAD,99999999999999999999,0000000,43.47634167,-70.66500556,2,2
23,31,4,13,17,45,1,1,0,1,1,1,0,1,0,1,1,2,2,65,1,2,2,1,0,0,1,1,0,0,17,51,18,0,18,24,0,0,0,0,1,2,0,230022,7200,2009,0,I-95 NB,99999999999999999999,0000000,43.54854722,-70.45532222,1,1
23,17,4,16,17,4,1,1,0,0,4,3,0,17,0,1,6,1,2,35,2,1,2,1,40,3,1,1,0,0,17,6,17,20,88,88,0,0,0,0,1,5,1,230023,8898,2009,0,SR-35,99999999999999999999,0000000,44.14008889,-70.70054167,1,1
23,3,4,25,15,6,3,4,0,1,2,2,0,12,1,1,1,1,2,55,2,2,2,1,40,3,1,1,0,0,15,7,15,17,15,35,0,0,0,0,1,7,0,230024,4600,2009,0,US-1,99999999999999999999,0000000,46.28918889,-67.84066111,3,1
23,23,4,10,12,40,1,4,0,0,4,3,0,30,0,1,6,1,2,50,1,1,2,1,0,0,1,1,0,0,12,42,12,58,13,15,0,0,0,0,1,6,0,230025,6800,2009,0,SR-197,99999999999999999999,0000000,44.09177778,-69.78498333,1,1
23,31,4,25,20,12,1,2,0,0,3,3,0,24,0,1,6,2,5,55,1,2,2,1,0,0,3,1,0,0,20,12,20,16,21,0,0,0,0,0,1,7,0,230026,7250,2009,0,SR-4,99999999999999999999,0000000,43.3723,-70.73573056,1,1
23,11,4,28,17,12,1,1,0,0,6,6,0,32,0,1,6,1,2,0,2,2,2,1,0,0,1,1,0,0,17,16,17,20,88,88,0,0,0,0,1,3,1,230027,160,2009,0,423 CHURCH HILL ROAD,99999999999999999999,0000000,44.34502778,-69.72241389,1,1
23,13,3,17,6,20,1,1,0,0,3,3,0,53,0,1,6,1,2,55,1,1,2,1,0,0,3,1,0,0,6,21,6,30,88,88,0,0,0,0,1,3,0,230028,7060,2009,0,SR-17,99999999999999999999,0000000,44.14285833,-69.11833889,1,1
23,5,4,9,1,42,1,1,0,0,15,6,0,19,0,1,5,1,2,25,2,2,2,1,40,3,3,1,0,0,1,46,1,53,88,88,0,0,0,0,1,5,1,230029,9000,2009,0,90 BRIDGE STREET,99999999999999999999,0000000,43.68028889,-70.36940556,1,1
23,31,5,1,15,4,3,10,0,1,2,2,0,12,2,1,1,1,2,55,1,1,2,1,0,0,1,1,0,0,15,5,15,8,15,50,0,0,0,0,1,6,0,230030,4343,2009,0,US-202,99999999999999999999,0000000,43.35414167,-70.92464444,3,1
23,19,4,15,5,51,1,1,0,0,5,3,0,17,0,1,6,1,2,45,1,2,2,1,0,0,2,1,0,0,5,52,5,56,88,88,0,0,0,0,1,4,1,230031,1650,2009,0,SR-11,99999999999999999999,0000000,45.05745556,-68.99414167,1,1
23,21,5,3,21,45,1,1,0,0,5,6,0,1,0,1,1,1,2,99,1,2,2,1,0,0,2,1,0,0,21,51,22,16,88,88,0,0,0,0,1,1,0,230032,9997,2009,0,PADDY HILL ROAD,99999999999999999999,0000000,45.26304722,-68.81835833,1,1