STATE,COUNTY,MONTH,DAY,HOUR,MINUTE,VE_TOTAL,PERSONS,PEDS,NHS,ROAD_FNC,ROUTE,SP_JUR,HARM_EV,MAN_COLL,REL_JUNC,REL_ROAD,TRAF_FLO,NO_LANES,SP_LIMIT,ALIGNMNT,PROFILE,PAVE_TYP,SUR_COND,TRA_CONT,T_CONT_F,LGT_COND,WEATHER1,WEATHER2,WRK_ZONE,NOT_HOUR,NOT_MIN,ARR_HOUR,ARR_MIN,HOSP_HR,HOSP_MN,SCH_BUS,CF1,CF2,CF3,FATALS,DAY_WEEK,DRUNK_DR,ST_CASE,CITY,YEAR,MILEPT,TWAY_ID,TWAY_ID2,RAIL,LATITUDE,LONGITUD,VE_FORMS,WEATHER
23,7,3,27,15,29,2,6,0,1,2,2,0,12,2,1,1,1,2,55,1,1,2,1,0,0,1,1,0,0,15,35,16,16,16,52,0,0,0,0,1,6,0,230033,9100,2009,0,US-2,99999999999999999999,0000000,44.58148056,-70.22306389,2,1
23,15,5,14,1,35,1,2,0,0,6,6,0,36,0,1,6,1,2,45,1,1,2,1,0,0,2,1,0,0,1,35,1,47,2,35,0,0,0,0,1,5,1,230034,9400,2009,0,LOWELL TOWN ROAD,99999999999999999999,0000000,44.00966944,-69.70207222,1,1
23,1,4,16,13,8,1,1,0,0,6,6,0,32,0,1,6,1,2,0,2,2,2,1,0,0,1,1,0,0,13,9,13,19,88,88,0,0,0,0,1,5,0,230035,80,2009,0,1005 BROAD STREET,99999999999999999999,0000000,44.05835556,-70.24203333,1,1
23,29,5,23,18,39,1,4,0,0,5,6,0,42,0,1,6,1,2,45,2,1,2,1,0,0,1,1,0,0,18,40,18,52,19,29,0,0,0,0,1,7,0,230036,9997,2009,0,CHARLOTTE ROAD,99999999999999999999,0000000,45.11490556,-67.27520833,1,1
23,31,5,23,2,30,1,1,0,0,6,6,0,42,0,1,6,1,2,35,1,2,2,1,0,0,2,1,0,0,5,48,6,5,88,88,0,0,0,0,1,7,1,230037,4405,2009,0,WHALE BACK ROAD,99999999999999999999,0000000,43.77345,-70.73049444,1,1
23,19,5,26,19,35,3,9,0,0,4,3,0,12,3,2,1,1,2,35,1,1,2,1,20,3,1,1,0,0,19,40,19,44,20,14,0,0,0,0,1,3,0,230038,4349,2009,0,SR-222,STETSON ROAD EAST,0000000,44.90263889,-69.01113611,3,1
23,3,5,20,13,24,2,2,0,0,4,6,0,12,1,1,1,1,2,45,1,2,2,1,40,3,1,1,0,2,13,26,13,42,88,88,0,0,0,0,1,4,1,230039,4960,2009,0,CASTLE HILL ROAD,99999999999999999999,0000000,46.73245,-68.17488611,2,1
23,19,6,3,21,6,1,1,0,1,2,2,0,11,0,1,1,1,2,55,2,2,2,1,0,0,2,1,0,0,21,6,21,20,88,88,0,0,0,0,1,4,0,230040,2505,2009,0,US-2,99999999999999999999,0000000,45.24105278,-68.64189167,1,1
23,27,5,23,15,54,1,2,0,1,2,2,0,17,0,1,6,1,2,55,1,2,2,1,28,3,1,1,0,0,15,54,15,57,16,23,0,0,0,0,1,7,0,230041,5607,2009,0,US-1,99999999999999999999,0000000,44.340425,-68.96598889,1,1
23,5,6,10,19,11,1,1,0,0,6,6,0,42,0,1,6,1,2,45,1,2,2,1,0,0,5,1,0,0,19,16,19,27,88,88,0,0,0,0,1,4,1,230042,3608,2009,0,EDES FALLS ROAD,99999999999999999999,0000000,44.03127222,-70.59823056,1,1
23,5,6,9,14,40,2,4,0,0,3,2,0,12,4,2,1,1,2,50,1,2,2,2,20,3,1,2,0,0,14,44,14,50,15,41,0,0,0,0,1,3,0,230043,5433,2009,0,US-202,SR-4,0000000,43.92411111,-70.31181389,2,2
23,13,6,13,19,33,1,1,0,0,6,6,0,31,0,1,6,1,2,40,2,2,2,1,0,0,1,1,0,0,19,37,19,40,88,88,0,0,0,0,1,7,1,230044,1300,2009,0,MELVIN HEIGHTS ROAD,99999999999999999999,0000000,44.21038889,-69.09421944,1,1
23,25,6,16,22,50,2,5,0,0,3,3,0,12,4,2,1,1,2,25,1,2,2,1,20,3,3,1,0,0,22,56,23,7,23,34,0,0,0,0,1,3,1,230045,5480,2009,0,SR-139,US-2,0000000,44.71331667,-69.78936111,2,1
23,5,5,3,20,4,1,1,0,0,5,6,0,42,0,1,6,1,2,40,1,1,2,1,0,0,3,1,0,0,20,6,20,10,88,88,0,0,0,0,1,1,1,230046,7265,2009,0,221 BEECH RIDGE ROAD,99999999999999999999,0000000,43.62023333,-70.40734167,1,1
23,11,5,14,11,25,2,2,0,0,3,2,0,12,2,1,1,1,2,55,1,2,2,1,0,0,1,1,0,0,11,25,11,27,12,22,0,0,0,0,1,5,0,230047,9300,2009,0,US-202,99999999999999999999,0000000,44.27876111,-70.00556944,2,1
23,11,5,20,12,47,3,3,0,0,15,6,0,12,3,1,1,1,2,25,1,1,2,1,0,0,1,1,0,0,12,47,12,50,13,42,0,0,0,0,1,4,0,230048,8900,2009,0,14 OAK STREET,99999999999999999999,0000000,44.56197778,-69.62851389,2,1
23,9,6,12,6,0,3,3,0,0,3,3,0,12,2,1,1,1,2,45,1,2,2,2,0,0,1,2,0,0,6,17,6,35,6,58,0,0,0,0,1,6,0,230049,8351,2009,0,SR-3,99999999999999999999,0000000,44.4472,-68.36980833,3,2
23,31,6,16,17,6,2,2,0,0,5,6,0,12,4,2,1,1,2,40,1,2,2,1,20,3,1,1,0,0,17,34,17,38,17,48,0,0,0,0,1,3,0,230050,7250,2009,0,241 GRAMMAR ROAD,DUBOIS DRIVE,0000000,43.44575278,-70.74551667,2,1
23,31,6,18,22,32,1,1,0,0,3,3,0,33,0,2,6,1,2,25,2,2,2,2,0,0,3,2,0,0,99,99,99,99,99,99,0,0,0,0,1,5,0,230051,1810,2009,0,SR-25,FIDDLE LANE,0000000,43.804925,-70.80516944,1,2
23,19,6,17,19,40,2,3,0,0,14,6,0,12,1,1,1,1,2,45,1,1,2,1,0,0,1,1,0,0,19,44,19,46,88,88,0,0,0,0,1,4,1,230052,250,2009,0,GRIFFIN ROAD,99999999999999999999,0000000,44.81563611,-68.81844444,2,1
23,9,6,24,16,22,2,2,0,1,2,2,0,12,2,1,1,1,2,55,1,2,2,1,0,0,1,1,0,0,16,26,16,47,17,17,0,0,0,0,1,4,0,230053,2500,2009,0,US-1A,99999999999999999999,0000000,44.55023333,-68.4274,2,1
23,15,6,4,16,0,2,3,0,0,5,3,0,12,2,1,1,1,2,45,2,2,2,1,0,0,1,1,0,0,16,14,16,28,17,4,0,0,0,0,1,5,0,230054,8850,2009,0,SR-235,99999999999999999999,0000000,44.10915833,-69.35274167,2,1
23,15,5,19,13,13,2,2,0,0,5,6,0,12,1,1,1,1,2,35,1,2,2,1,0,0,1,1,0,0,13,17,13,23,13,50,0,0,0,0,1,3,0,230055,5470,2009,0,93 CENTER STREET,99999999999999999999,0000000,44.08813889,-69.47487778,2,1
23,11,6,29,19,55,1,1,0,0,6,6,0,30,0,1,5,1,2,45,1,2,2,2,0,0,1,2,0,0,19,56,20,6,88,88,0,0,0,0,1,2,1,230056,421,2009,0,361 OLD BELGRADE RD,99999999999999999999,0000000,44.33846111,-69.77691667,1,2
23,11,7,5,15,4,2,4,0,0,13,3,0,12,1,1,1,1,2,45,2,2,2,1,0,0,1,1,0,0,15,6,15,10,16,10,0,0,0,0,1,1,0,230057,160,2009,0,SR-3,99999999999999999999,0000000,44.33508333,-69.69692222,2,1
23,31,7,11,15,14,1,1,0,0,6,6,0,39,0,1,6,1,2,35,2,2,2,1,0,0,1,1,0,0,15,14,15,18,15,48,0,0,0,0,1,7,0,230058,1445,2009,0,PINE HILL ROAD,99999999999999999999,0000000,43.20630278,-70.61736944,1,1
23,23,7,12,23,12,1,2,0,1,1,1,0,42,0,13,6,6,1,60,1,2,2,1,0,0,2,1,0,1,23,20,23,21,0,12,0,0,0,0,1,1,1,230059,820,2009,0,I-292- EXIT 37,99999999999999999999,0000000,44.01744722,-69.92025278,1,1
23,19,7,11,18,14,2,3,0,0,3,2,0,12,1,1,1,1,2,45,1,1,2,1,0,0,1,1,0,0,18,14,18,24,18,53,0,0,0,0,1,7,1,230060,5130,2009,0,US-2,99999999999999999999,0000000,44.93892222,-68.64292222,2,1
23,11,7,14,7,24,2,2,0,0,2,3,0,12,2,1,1,1,2,55,1,1,2,1,0,0,1,1,0,0,7,24,7,36,8,16,0,0,0,0,1,3,0,230061,160,2009,0,SR-3,99999999999999999999,0000000,44.33496111,-69.69709444,2,1
23,17,7,15,8,35,2,2,0,0,6,6,0,12,2,1,1,1,2,0,2,2,2,1,0,0,1,1,0,0,8,35,8,39,88,88,0,0,0,0,1,4,0,230062,8898,2009,0,FIVE KEZARS ROAD,99999999999999999999,0000000,44.21137222,-70.79572778,2,1
23,5,7,5,7,5,1,1,0,1,1,1,0,24,0,1,4,3,2,65,2,1,2,1,0,0,1,1,0,0,7,34,7,52,88,88,0,0,0,0,1,1,1,230063,9700,2009,0,I-295,99999999999999999999,0000000,43.78757778,-70.18598611,1,1
23,3,6,11,17,2,1,1,0,0,14,3,0,25,0,1,5,3,2,35,1,1,2,1,0,0,1,1,0,0,17,2,17,6,17,30,0,0,0,0,1,5,0,230064,6450,2009,0,SR-163,99999999999999999999,0000000,46.69355,-67.99798889,1,1
23,9,7,22,21,30,1,1,0,0,4,3,0,30,0,1,6,1,2,45,2,2,2,1,0,0,2,1,0,0,21,33,21,49,88,88,0,0,0,0,1,4,1,230065,9997,2009,0,SR-179,99999999999999999999,0000000,44.81807222,-68.31565,1,1
23,31,6,30,20,30,1,2,0,0,6,6,0,11,0,1,4,1,2,30,1,1,2,1,0,0,5,1,0,0,20,31,20,48,21,40,0,0,0,0,1,3,1,230066,8899,2009,0,190 BLUEBERRY ROAD,99999999999999999999,0000000,43.57398611,-70.78628611,1,1
23,11,7,7,22,33,1,4,1,0,4,3,0,8,0,1,1,1,2,35,1,2,2,2,0,0,3,2,0,0,22,37,22,40,88,88,0,0,0,0,1,3,0,230067,160,2009,0,SR-202,99999999999999999999,0000000,44.31862778,-69.81777222,1,2
23,17,7,5,18,17,2,2,0,0,3,3,0,12,1,1,1,1,2,35,1,2,2,1,0,0,1,1,0,0,18,24,18,25,18,42,0,0,0,0,1,1,0,230068,5650,2009,0,SR-118,99999999999999999999,0000000,44.21315556,-70.57591389,2,1
23,9,7,10,17,36,1,1,0,0,6,6,0,32,0,1,6,1,2,35,2,2,2,1,40,3,1,1,0,0,17,38,17,50,18,24,0,0,0,0,1,6,0,230069,1062,2009,0,VARNUMVILLE ROAD,99999999999999999999,0000000,44.38251944,-68.73055556,1,1
23,7,7,12,22,42,1,2,0,0,4,3,0,34,0,2,6,1,2,50,2,2,2,1,40,3,2,1,0,0,22,42,22,47,88,88,0,0,0,0,1,1,1,230070,4022,2009,0,SR-133,BEEDY ROAD,0000000,44.56173056,-70.17491389,1,1
23,7,7,20,2,40,1,1,0,0,4,3,0,42,0,1,6,1,2,45,2,1,2,1,40,3,2,1,0,0,17,46,18,0,88,88,0,0,0,0,1,2,1,230071,8065,2009,0,SR-145,99999999999999999999,0000000,44.80717222,-70.22091944,1,1
23,11,7,25,16,10,2,2,0,0,15,3,0,12,3,1,1,1,2,50,2,2,2,1,0,0,1,1,0,0,16,16,16,21,17,17,0,0,0,0,1,7,0,230072,6635,2009,0,SR-17,99999999999999999999,0000000,44.35926667,-69.89699444,2,1
23,29,7,1,17,9,2,2,0,0,3,2,0,12,4,2,1,1,2,55,1,2,2,1,20,3,1,1,0,0,17,12,17,22,17,33,0,0,0,0,1,4,0,230073,6120,2009,0,US-1,OLD COUNTRY ROAD,0000000,44.95993889,-67.15341944,2,1
23,31,7,27,1,4,1,1,0,0,4,3,0,19,0,1,6,1,2,45,2,1,2,1,40,1,3,1,0,0,1,6,1,13,88,88,0,0,0,0,1,2,1,230074,7200,2009,0,SR-112,99999999999999999999,0000000,43.50143611,-70.44442222,1,1
23,31,7,26,6,25,1,2,1,0,15,2,0,8,0,1,2,1,2,25,2,2,2,1,4,3,4,1,0,0,6,29,6,33,88,88,0,0,0,0,1,1,1,230075,7200,2009,0,US-1,99999999999999999999,0000000,43.50181111,-70.44210556,1,1
23,11,7,7,14,19,3,1,0,0,15,6,0,12,3,1,7,1,2,0,1,1,2,1,0,0,1,1,0,0,14,20,14,24,15,13,0,0,0,0,1,3,0,230076,160,2009,0,29 WHITTEN ROAD,99999999999999999999,0000000,44.31426944,-69.81313611,1,1
23,25,7,29,9,50,2,2,0,0,15,3,0,12,4,2,1,1,2,55,2,2,2,1,20,3,1,1,0,0,9,51,10,3,11,2,0,0,0,0,1,4,0,230077,5452,2009,0,SR-27,SR-146,0000000,44.88500556,-70.10298611,2,1
23,23,7,16,11,59,1,1,0,0,6,6,0,30,0,1,6,1,2,25,1,2,2,1,0,0,1,1,0,1,11,59,12,3,12,31,0,0,0,0,1,5,0,230078,350,2009,0,HIGH STREET,99999999999999999999,0000000,43.89393333,-69.82068889,1,1
23,1,7,24,11,3,1,3,1,0,2,3,0,8,0,1,6,1,2,55,1,1,2,2,0,0,1,2,0,0,11,6,11,13,88,88,0,0,0,0,1,6,0,230079,8390,2009,0,SR-4,99999999999999999999,0000000,44.18460556,-70.23516667,1,2
23,15,7,9,12,55,2,2,0,1,2,2,0,12,1,1,1,1,2,55,1,2,2,1,0,0,1,1,0,1,12,55,12,59,13,27,0,0,0,0,1,5,0,230080,8850,2009,0,US-1,99999999999999999999,0000000,44.1149,-69.30746111,2,1
23,3,6,21,20,27,1,2,1,0,5,6,0,8,0,1,1,1,2,45,2,2,2,1,0,0,5,1,0,0,20,27,20,33,88,88,0,0,0,0,1,1,0,230081,2850,2009,0,NORTH CARIBOU ROAD,99999999999999999999,0000000,46.7742,-67.83199444,1,1
23,7,8,4,12,58,1,1,0,0,3,3,0,34,0,1,6,1,2,50,2,2,2,1,40,3,1,1,0,0,13,11,13,17,14,17,0,0,0,0,1,3,0,230082,1512,2009,0,SR-16,99999999999999999999,0000000,44.957025,-70.11483056,1,1
23,17,7,3,23,0,1,1,0,0,6,6,0,42,0,1,6,1,2,99,2,1,2,1,0,0,2,1,0,0,7,35,7,49,88,88,0,0,0,0,1,6,1,230083,8025,2009,0,HUT ROAD,99999999999999999999,0000000,44.2527,-70.90043889,1,1
23,21,8,12,18,4,1,1,0,0,3,3,0,34,0,1,6,1,2,55,1,1,2,1,0,0,1,1,0,0,18,4,18,5,18,18,0,0,0,0,1,4,1,230084,7343,2009,0,SR-6,99999999999999999999,0000000,45.33845278,-69.56276944,1,1
23,25,6,30,21,17,1,3,0,0,4,3,0,1,0,1,1,1,2,50,2,2,2,1,0,0,2,1,0,0,21,24,21,36,22,22,0,0,0,0,1,3,1,230085,7203,2009,0,SR-43,99999999999999999999,0000000,44.92263611,-69.34604722,1,1
23,31,8,9,16,25,1,1,0,0,3,3,0,31,0,1,6,1,2,45,2,2,2,1,40,3,1,1,0,0,16,26,16,33,17,4,0,0,0,0,1,1,1,230086,7200,2009,0,SR-112,99999999999999999999,0000000,43.54742778,-70.48845278,1,1
23,9,8,19,14,42,2,5,0,0,5,6,0,12,2,1,1,1,2,45,1,1,2,1,0,0,1,1,0,0,14,44,15,17,15,50,0,0,0,0,1,4,0,230087,8355,2009,0,TREMONT ROAD,99999999999999999999,0000000,44.28109444,-68.39985,2,1
23,21,8,23,15,15,1,3,0,0,6,6,0,17,0,1,6,1,2,45,2,2,2,1,0,0,1,1,0,0,15,24,15,39,16,36,0,0,0,0,1,1,1,230088,7343,2009,0,BLANCHARD ROAD,99999999999999999999,0000000,45.30791667,-69.583025,1,1
23,11,6,25,14,55,1,2,0,0,3,3,0,42,0,1,6,1,2,55,1,1,2,1,0,0,1,1,0,0,14,58,15,8,15,42,0,0,0,0,1,5,1,230089,1740,2009,0,SR-23,99999999999999999999,0000000,44.69184444,-69.609375,1,1
23,11,7,27,23,54,1,4,3,0,4,3,0,8,0,1,1,1,2,45,2,2,2,1,40,3,2,1,0,0,23,56,0,10,1,3,0,0,0,0,1,2,1,230090,5345,2009,0,SR-41,99999999999999999999,0000000,44.452225,-70.01260833,1,1
23,5,8,14,15,57,1,1,0,0,6,6,0,34,0,1,6,1,2,99,2,1,2,1,0,0,1,1,0,0,16,43,16,50,88,88,0,0,0,0,1,6,0,230091,5433,2009,0,MEADOW ROAD,99999999999999999999,0000000,43.97366944,-70.24375,1,1
23,13,8,21,10,47,1,1,0,1,2,2,0,42,0,3,5,1,2,35,1,1,2,2,3,3,1,2,0,0,10,49,10,54,11,17,0,0,0,0,1,6,0,230092,7060,2009,0,US-1,WEST STREET,0000000,44.18620556,-69.08185833,1,2
23,21,8,22,18,30,1,1,0,0,3,3,0,34,0,1,6,1,2,50,2,1,2,1,40,3,1,1,0,0,13,14,99,99,88,88,0,0,0,0,1,7,0,230093,6010,2009,0,SR-150,99999999999999999999,0000000,45.06151667,-69.45865556,1,1
23,5,8,27,19,3,3,4,0,1,2,2,0,12,2,2,1,1,2,35,1,1,2,1,3,3,1,1,0,0,19,18,19,24,19,54,0,0,0,0,1,5,0,230094,7265,2009,0,US-1,PINE POINT ROAD,0000000,43.571125,-70.38768889,3,1
23,27,8,13,20,30,2,3,0,0,5,6,0,12,3,1,1,1,2,45,2,1,2,1,0,0,2,1,0,0,20,36,20,46,21,14,0,0,0,0,1,5,1,230095,7272,2009,0,HOWARD ROAD,99999999999999999999,0000000,44.36448333,-69.14803611,2,1
23,5,8,17,13,52,1,1,0,0,3,3,0,30,0,1,6,1,2,50,1,1,2,1,0,0,1,1,0,0,13,52,14,0,88,88,0,0,0,0,1,2,0,230096,3250,2009,0,SR-25,99999999999999999999,0000000,43.68103333,-70.44390556,1,1
23,5,8,18,18,49,2,3,0,0,6,6,0,12,2,1,1,1,2,35,2,2,2,1,0,0,1,1,0,0,18,49,18,59,20,5,0,0,0,0,1,3,0,230097,9119,2009,0,FALMOUTH ROAD,99999999999999999999,0000000,43.82375278,-70.38820278,2,1
23,9,9,7,19,0,2,7,0,0,3,3,0,12,2,1,1,1,2,45,2,1,2,1,0,0,5,1,0,0,19,2,19,15,20,4,0,0,0,0,1,2,0,230098,8351,2009,0,SR-3,99999999999999999999,0000000,44.45743333,-68.36199722,2,1
23,11,9,12,19,21,1,1,0,0,3,3,0,1,0,1,6,1,2,50,1,1,2,2,0,0,2,2,0,0,19,25,19,37,88,88,0,0,0,0,1,7,1,230099,6204,2009,0,SR-27,99999999999999999999,0000000,44.22422778,-69.75906389,1,2
23,29,8,25,21,15,2,6,0,1,2,2,0,12,4,2,1,1,2,55,1,1,2,1,20,3,3,1,0,0,21,15,21,31,22,31,0,0,0,0,2,3,0,230100,7931,2009,0,US-1,EAST SIDE ROAD,0000000,44.512175,-67.96065278,2,1
23,31,9,4,22,7,1,2,0,1,1,1,0,32,0,1,6,2,3,65,1,2,2,1,0,0,2,1,0,0,22,8,22,16,23,2,0,0,0,0,1,6,1,230101,4100,2009,0,I-95,99999999999999999999,0000000,43.380225,-70.57643056,1,1
23,15,9,13,18,55,1,1,0,0,3,3,0,30,0,1,6,1,2,45,2,2,2,1,0,0,5,1,0,0,18,56,19,1,88,88,0,0,0,0,1,1,1,230102,8850,2009,0,SR-220,99999999999999999999,0000000,44.01269444,-69.34081111,1,1
23,27,9,17,22,50,2,2,0,1,2,2,0,12,2,1,1,1,2,55,1,1,2,1,0,0,2,1,0,0,23,2,23,4,23,49,0,0,0,0,1,5,0,230103,8000,2009,0,US-1,99999999999999999999,0000000,44.56050833,-68.80351111,2,1
23,17,8,26,20,45,1,1,0,0,3,3,0,7,0,1,1,1,2,50,1,1,2,1,0,0,2,1,0,0,20,50,20,52,21,1,0,0,0,0,1,4,0,230104,5952,2009,0,SR-26,99999999999999999999,0000000,44.10921944,-70.43875556,1,1
23,21,9,27,14,43,1,1,0,0,6,6,0,17,0,1,6,1,2,35,2,1,2,2,40,3,1,2,0,0,14,43,14,45,88,88,0,0,0,0,1,1,1,230105,9997,2009,0,T1 R9 WELS,99999999999999999999,0000000,45.13065,-68.96341389,1,2
23,7,8,28,13,30,2,3,0,1,2,2,0,12,4,1,1,1,2,40,1,1,2,1,0,0,1,1,0,0,13,31,13,33,14,0,0,0,0,0,1,6,1,230106,9100,2009,0,US-2,99999999999999999999,0000000,44.58105278,-70.22280556,2,1
23,3,9,16,15,15,2,2,0,1,2,2,0,12,4,1,1,1,2,45,1,2,2,1,0,0,1,1,0,0,15,31,15,36,16,7,0,0,0,0,1,4,0,230107,3750,2009,0,US-2,99999999999999999999,0000000,46.12388056,-67.84014722,2,1
23,23,9,22,8,47,2,2,0,0,2,3,0,12,3,1,1,1,2,45,1,1,2,1,40,3,4,1,0,0,8,53,9,22,10,7,0,0,0,0,1,3,0,230108,6800,2009,0,SR-24,99999999999999999999,0000000,44.10200833,-69.78506944,2,1
23,17,9,27,4,20,1,2,0,0,2,3,0,34,0,1,6,1,2,45,2,2,2,1,0,0,1,1,0,0,4,24,4,45,88,88,0,0,0,0,1,1,0,230109,6353,2009,0,SR-25,99999999999999999999,0000000,43.79526111,-70.92670556,1,1
23,5,9,28,14,47,2,3,0,1,1,1,0,12,4,1,1,2,2,55,1,2,2,1,0,0,1,1,0,0,14,52,15,1,15,34,0,0,0,0,1,2,0,230110,1851,2009,0,I-95,99999999999999999999,0000000,43.82431111,-70.32108333,2,1
23,7,9,3,14,15,3,6,0,1,2,2,0,12,4,1,1,1,2,55,1,1,2,1,0,0,1,1,0,0,14,19,14,30,14,50,0,0,0,0,1,5,0,230111,9100,2009,0,US-2,99999999999999999999,0000000,44.58105278,-70.22289167,3,1
23,25,9,14,8,56,2,2,0,0,3,3,0,12,4,2,1,1,2,25,1,1,2,1,20,3,1,1,0,0,8,56,9,1,9,30,0,0,0,0,1,2,0,230112,2650,2009,0,SR-139,HIGH STREET,0000000,44.59144444,-69.59864722,2,1
23,5,9,20,1,35,2,6,0,0,3,3,0,12,2,1,1,1,2,35,1,1,2,1,20,3,2,1,0,0,1,44,1,52,2,20,0,0,0,0,1,1,1,230113,6400,2009,0,SR-25,99999999999999999999,0000000,43.67072778,-70.30683611,2,1
23,11,9,27,21,5,1,1,0,0,4,3,0,42,0,1,6,1,2,45,1,2,2,2,0,0,2,2,0,0,21,17,21,23,21,56,0,0,0,0,1,1,1,230114,7344,2009,0,SR-104,99999999999999999999,0000000,44.49901667,-69.68173056,1,2
23,23,10,5,18,48,2,2,0,0,3,3,0,12,2,2,1,1,2,45,1,2,2,1,0,0,2,1,0,0,18,54,19,7,19,49,0,0,0,0,1,2,1,230115,820,2009,0,SR-125,JOHN SMALL ROAD,0000000,44.012325,-69.90840833,2,1
23,1,10,7,8,54,4,5,0,0,13,6,0,12,2,1,1,1,2,0,1,1,2,2,0,0,1,2,0,0,9,4,9,8,9,25,0,0,0,0,1,4,0,230116,4350,2009,0,VETERAN'S MEM BRIDGE,99999999999999999999,0000000,44.11501389,-70.21336667,4,2
23,21,10,3,12,49,1,4,0,0,6,6,0,42,0,1,6,1,2,45,2,1,2,5,0,0,1,2,0,0,12,49,12,58,13,24,0,0,0,0,1,7,0,230117,2150,2009,0,MERRILL'S MILL RD,99999999999999999999,0000000,45.11102778,-69.18588611,1,2
23,5,10,14,22,35,2,3,0,0,3,3,0,12,2,1,1,1,2,40,1,1,2,1,0,0,3,1,0,0,22,35,22,54,23,23,0,0,0,0,1,4,0,230118,7850,2009,0,SR-25,99999999999999999999,0000000,43.7365,-70.55076667,2,1
23,3,10,19,9,15,1,1,0,1,2,2,0,42,0,1,6,1,2,55,1,1,2,1,0,0,1,1,0,0,9,15,9,22,88,88,0,0,0,0,1,2,1,230119,4600,2009,0,US-1,99999999999999999999,0000000,46.04851389,-67.85491111,1,1
23,31,10,19,6,43,2,2,0,1,1,1,0,12,1,1,1,2,3,65,1,2,2,1,0,0,1,1,0,0,6,45,6,55,88,88,0,0,0,0,1,2,0,230120,9800,2009,0,I-95,99999999999999999999,0000000,43.15447778,-70.67118611,2,1
23,19,11,8,3,20,1,1,0,0,5,6,0,42,0,1,6,1,2,45,1,2,2,1,0,0,2,1,0,0,3,22,3,30,88,88,0,0,0,0,1,1,1,230121,7930,2009,0,EAST NEWPORT ROAD,99999999999999999999,0000000,44.85392222,-69.16803333,1,1
23,15,10,13,10,49,2,3,0,0,6,6,0,12,4,2,1,1,2,40,1,2,2,2,20,3,1,2,0,0,99,99,99,99,99,99,0,0,0,0,1,3,0,230122,2210,2009,0,325 PATTERSON ROAD,CEDAR GROVE ROAD,0000000,44.08820278,-69.77296944,2,2
23,5,10,20,19,55,1,1,0,0,6,6,0,42,0,1,6,1,2,35,1,1,2,1,0,0,2,1,0,0,20,1,20,6,88,88,0,0,0,0,1,3,0,230123,1150,2009,0,WOODWARD POINT ROAD,99999999999999999999,0000000,43.87568611,-69.90223056,1,1
23,11,10,23,22,9,1,2,0,0,3,3,0,21,0,1,6,1,2,35,2,2,2,2,40,3,3,2,0,0,22,9,22,23,22,59,0,0,0,0,1,6,0,230124,5260,2009,0,SR-135,99999999999999999999,0000000,44.25466667,-69.96136667,1,2
23,31,11,5,16,54,1,1,0,0,3,3,0,34,0,1,6,1,2,50,1,1,2,2,0,0,5,1,0,2,16,58,17,11,17,40,0,0,0,0,1,5,0,230125,8899,2009,0,SR-5,99999999999999999999,0000000,43.57056667,-70.66028611,1,1
23,31,11,14,22,50,1,1,0,0,6,6,0,39,0,1,6,1,2,0,2,2,2,2,0,0,2,2,0,0,22,51,22,56,88,88,0,0,0,0,1,7,1,230126,8899,2009,0,OSSIPPEE HILL ROAD,99999999999999999999,0000000,43.54070833,-70.73118333,1,2
23,1,11,13,20,17,1,1,0,0,6,6,0,30,0,1,6,1,2,0,1,2,2,1,0,0,2,1,0,0,20,19,20,22,88,88,0,0,0,0,1,6,0,230127,2214,2009,0,QUAKER HOUSE ROAD,99999999999999999999,0000000,43.94926667,-70.10539167,1,1
23,1,11,19,19,22,2,2,0,1,1,1,0,12,1,1,6,3,2,50,1,1,2,1,0,0,2,1,0,1,19,22,19,30,88,88,0,20,0,0,1,5,1,230129,4350,2009,0,I-95,99999999999999999999,0000000,44.07778056,-70.12461667,2,1
23,19,11,22,8,11,1,1,0,1,2,2,0,42,0,1,6,1,2,45,1,1,2,1,0,0,1,1,0,0,8,13,8,21,88,88,0,0,0,0,1,1,0,230130,3620,2009,0,US-2,99999999999999999999,0000000,44.80132778,-68.89389167,1,1
23,3,11,24,8,15,1,1,0,0,3,3,0,42,0,1,6,1,2,55,1,2,2,4,0,0,1,1,0,0,8,16,8,24,88,88,0,0,0,0,1,3,0,230131,5459,2009,0,SR-161,99999999999999999999,0000000,46.93086389,-68.12029722,1,1
23,31,11,22,12,50,2,2,0,0,3,3,0,12,4,2,1,1,2,45,1,1,2,1,20,3,1,1,0,0,12,52,12,57,88,88,0,0,0,0,1,1,0,230132,3710,2009,0,SR-117,LOWER TARBOX RD,0000000,43.64352778,-70.64509444,2,1
23,17,11,23,17,0,3,3,0,0,3,3,0,12,4,1,1,1,2,55,2,1,2,1,0,0,3,1,0,0,17,4,17,6,17,35,0,0,0,0,1,2,0,230133,9070,2009,0,SR-26,99999999999999999999,0000000,44.28871389,-70.52484444,3,1
23,23,11,8,7,15,1,1,0,0,3,3,0,42,0,1,6,1,2,45,2,2,2,1,0,0,2,1,0,0,7,16,7,21,88,88,0,0,0,0,1,1,1,230134,9600,2009,0,SR-127,99999999999999999999,0000000,43.92033889,-69.80103611,1,1
23,3,11,13,12,12,2,4,0,0,5,6,0,12,2,1,1,1,2,45,1,2,2,1,0,0,1,1,0,0,12,12,12,17,12,45,0,0,0,0,3,6,0,230135,2850,2009,0,NORTH CARIBOU ROAD,99999999999999999999,0000000,46.77496389,-67.83079167,2,1