STATE,COUNTY,MONTH,DAY,HOUR,MINUTE,VE_TOTAL,PERSONS,PEDS,NHS,ROAD_FNC,ROUTE,SP_JUR,HARM_EV,MAN_COLL,REL_JUNC,REL_ROAD,TRAF_FLO,NO_LANES,SP_LIMIT,ALIGNMNT,PROFILE,PAVE_TYP,SUR_COND,TRA_CONT,T_CONT_F,LGT_COND,WEATHER1,WEATHER2,WRK_ZONE,NOT_HOUR,NOT_MIN,ARR_HOUR,ARR_MIN,HOSP_HR,HOSP_MN,SCH_BUS,CF1,CF2,CF3,FATALS,DAY_WEEK,DRUNK_DR,ST_CASE,CITY,YEAR,MILEPT,TWAY_ID,TWAY_ID2,RAIL,LATITUDE,LONGITUD,VE_FORMS,WEATHER
23,3,12,15,9,0,2,2,0,0,3,3,0,12,4,1,1,1,2,45,2,2,2,3,0,0,1,4,0,0,9,17,9,40,88,88,0,0,0,0,1,3,0,230136,2217,2009,0,SR-2,99999999999999999999,0000000,46.03832778,-68.22870278,2,4
23,11,11,30,12,32,1,1,0,0,6,6,0,42,0,1,6,1,2,40,2,1,2,2,0,0,1,2,0,0,12,32,12,44,88,88,0,0,0,0,1,2,0,230137,6635,2009,0,PLAINS ROAD,99999999999999999999,0000000,44.36184444,-69.9121,1,2
23,5,11,29,17,27,1,2,1,1,2,2,0,8,0,1,1,1,2,30,1,1,2,1,0,0,2,1,0,0,17,29,17,35,17,50,0,0,0,0,1,1,0,230138,6400,2009,0,US-302,99999999999999999999,0000000,43.67675,-70.28752222,1,1
23,1,12,5,21,28,2,8,0,0,3,3,0,12,4,1,1,1,2,50,2,1,2,3,0,0,2,4,0,0,21,29,21,59,22,20,0,0,0,0,1,7,0,230139,4648,2009,0,SR-4,99999999999999999999,0000000,44.37693889,-70.25001389,2,4
23,1,11,7,13,53,2,5,0,0,6,6,0,12,2,1,1,1,2,0,1,1,2,1,0,0,1,1,0,0,14,0,14,11,14,32,0,0,0,0,2,7,0,230140,80,2009,0,1052 MINOT AVENUE,99999999999999999999,0000000,44.08111111,-70.27396111,2,1
23,13,11,14,5,0,1,1,0,0,6,6,0,39,0,1,6,1,2,35,2,1,2,1,0,0,1,1,0,0,5,32,5,44,88,88,0,0,0,0,1,7,1,230141,7208,2009,0,WALLSTON ROAD,99999999999999999999,0000000,43.96644167,-69.21738611,1,1
23,15,12,9,17,0,2,2,0,0,3,3,0,12,2,1,1,1,2,50,1,1,2,4,0,0,2,2,0,0,17,23,17,30,18,0,0,0,0,0,1,4,0,230142,2415,2009,0,SR-27,99999999999999999999,0000000,43.940675,-69.62594167,2,2
23,19,12,30,10,18,2,3,0,0,6,6,0,12,4,13,1,6,1,35,1,1,2,4,21,3,1,1,0,0,10,25,10,39,11,30,0,0,0,0,1,4,0,230143,5450,2009,0,RIDGE ROAD,99999999999999999999,0000000,44.82263889,-69.25806944,2,1
23,5,12,17,14,29,2,3,0,0,3,3,0,12,2,1,1,1,2,50,2,2,2,1,40,3,1,1,0,0,14,31,14,37,15,14,0,0,0,0,1,5,0,230144,3250,2009,0,SR-112,99999999999999999999,0000000,43.69419167,-70.5227,2,1
23,31,12,24,13,31,1,1,0,1,2,2,0,30,0,1,6,1,2,50,2,1,2,1,40,3,1,1,0,0,13,36,13,42,14,2,0,0,0,0,1,5,0,230145,9800,2009,0,US-1,99999999999999999999,0000000,43.15103611,-70.66577778,1,1
23,5,12,30,12,4,2,2,0,0,6,6,0,12,2,1,1,1,2,40,2,1,2,4,0,0,1,1,0,0,12,6,12,17,13,15,0,0,0,0,1,4,0,230146,7850,2009,0,RIVER ROAD,99999999999999999999,0000000,43.70784167,-70.61359444,2,1
23,25,12,31,18,13,1,3,0,1,1,1,0,42,0,1,6,2,4,45,1,1,2,4,0,0,2,4,0,0,18,20,18,25,19,15,0,0,0,0,1,5,0,230147,6200,2009,0,I-95,99999999999999999999,0000000,44.73344167,-69.43359444,1,4
23,5,12,15,14,12,3,3,0,1,2,2,0,12,4,4,1,1,2,35,1,2,2,2,0,0,1,1,0,0,14,14,14,15,88,88,0,0,0,0,1,3,0,230148,5390,2009,0,US-302,99999999999999999999,0000000,43.96335278,-70.57359722,3,1
23,25,12,28,20,44,2,5,0,0,3,3,0,12,4,1,1,1,2,55,1,2,2,3,0,0,2,4,0,0,20,47,20,55,21,30,0,0,0,0,1,2,0,230149,2650,2009,0,SR-104,99999999999999999999,0000000,44.63488611,-69.68207222,2,4
23,11,12,23,20,55,2,2,0,0,3,3,0,12,4,1,1,1,2,55,2,1,2,4,0,0,2,3,0,0,20,55,21,10,21,40,0,0,0,0,1,4,0,230150,420,2009,0,SR-27,99999999999999999999,0000000,44.46184444,-69.83133333,2,3
23,25,12,1,7,53,1,1,0,1,2,2,0,42,0,1,6,1,2,55,1,1,2,1,0,0,1,1,0,0,7,55,8,4,88,88,0,0,0,0,1,3,0,230151,6200,2009,0,US-2,99999999999999999999,0000000,44.81661111,-69.43368056,1,1
23,19,11,11,13,55,1,2,0,0,6,6,0,19,0,1,6,1,2,25,2,1,2,1,0,0,1,1,0,0,13,56,14,3,14,19,0,0,0,0,2,4,0,230152,250,2009,0,40 HIGH STREET,99999999999999999999,0000000,44.80096111,-68.77441389,1,1
23,1,12,5,12,37,2,6,0,0,13,3,0,12,4,8,5,1,2,0,1,1,2,1,0,0,1,1,0,0,12,39,12,45,13,2,0,0,0,0,1,7,0,230153,80,2009,0,SR-4,99999999999999999999,0000000,44.10693889,-70.22606944,2,1
23,23,12,12,17,0,1,3,1,0,6,6,0,8,0,1,1,1,2,35,1,1,2,1,0,0,2,1,0,0,17,15,17,25,18,15,0,0,0,0,1,7,0,230154,8981,2009,0,NEW MEADOWS ROAD,99999999999999999999,0000000,43.91928889,-69.86180278,1,1
24,45,1,3,2,50,1,2,0,0,6,4,0,42,0,1,6,1,2,40,1,1,2,4,0,0,2,1,0,0,3,5,3,11,3,41,0,0,0,0,1,7,1,240001,0,2009,9,CO-537,99999999999999999999,0000000,38.43046389,-75.66807778,1,1
24,39,1,4,10,33,1,1,0,0,5,4,0,42,0,1,6,1,3,35,2,1,2,2,0,0,1,1,0,0,10,33,10,35,10,54,0,0,0,0,1,1,0,240002,0,2009,17,CO-27,99999999999999999999,0000000,38.27957778,-75.65437778,1,1
24,5,1,1,23,13,1,1,0,0,13,4,0,33,0,1,6,1,2,35,2,2,1,1,0,0,3,1,0,0,99,99,99,99,88,88,0,0,0,0,1,5,1,240003,0,2009,32,CO-2000,99999999999999999999,0000000,39.31504167,-76.75589444,1,1
24,3,1,8,19,45,2,3,0,0,16,4,0,24,0,1,4,1,2,40,2,2,2,1,0,0,1,1,0,0,19,45,19,50,20,14,0,0,0,0,1,5,1,240004,0,2009,0,CO-4643,99999999999999999999,0000000,39.11477778,-76.55955833,2,1
24,13,1,11,5,12,1,1,0,0,3,3,0,30,0,1,6,1,2,40,2,1,2,4,0,0,2,1,0,0,5,27,5,44,88,88,0,0,0,0,1,1,0,240005,0,2009,237,SR-97,99999999999999999999,0000000,39.66610278,-77.01651944,1,1
24,17,1,14,2,37,1,2,1,1,2,3,0,8,0,1,1,2,2,45,1,1,2,1,0,0,3,1,0,0,99,99,99,99,99,99,0,0,0,0,1,4,0,240006,0,2009,47,SR-228,99999999999999999999,0000000,38.63348333,-76.92186111,1,1
24,5,1,9,14,23,1,2,1,0,15,4,0,8,0,2,1,1,2,30,2,1,2,1,0,0,1,1,0,0,99,99,99,99,99,99,0,0,0,0,1,6,0,240007,0,2009,1,CO-812,MISTY WOOD CIR,0000000,39.4621,-76.60760278,1,1
24,45,1,13,11,24,2,3,0,0,14,3,0,12,5,2,1,1,2,50,1,1,2,1,20,3,1,1,0,0,99,99,99,99,99,99,0,0,0,0,1,3,0,240008,0,2009,41,SR-390,CO-294,0000000,38.35235833,-75.51040556,2,1
24,15,1,15,2,31,1,1,0,0,15,4,0,42,0,1,4,1,2,35,1,1,2,1,0,0,2,1,0,0,99,99,99,99,88,88,0,0,0,0,1,5,1,240009,0,2009,23,CO-204,99999999999999999999,0000000,39.57820556,-75.87939167,1,1
24,25,1,13,5,17,1,2,0,0,3,3,0,42,0,1,6,1,2,50,1,1,2,1,0,0,2,1,0,0,5,20,5,27,88,88,0,20,0,0,2,3,0,240010,0,2009,59,SR-155,99999999999999999999,0000000,39.57417222,-76.14409444,1,1
24,3,1,16,13,38,2,2,0,0,4,3,0,12,2,1,1,1,2,50,1,1,2,1,0,0,1,1,0,0,13,38,13,40,14,30,0,0,0,0,1,6,0,240011,0,2009,88,SR-2,99999999999999999999,0000000,38.84311667,-76.60689444,2,1
24,3,1,18,23,17,2,3,2,1,12,3,0,8,0,1,2,3,3,55,1,1,2,1,0,0,3,1,0,0,99,99,99,99,99,99,0,23,0,0,1,1,1,240012,0,2009,142,SR-295,99999999999999999999,0000000,39.21875556,-76.66199722,1,1
24,5,1,18,17,2,2,2,0,0,12,3,0,13,2,1,1,2,2,30,2,2,2,1,0,0,1,1,0,0,99,99,99,99,99,99,0,0,0,0,1,1,0,240013,0,2009,11,SR-43,99999999999999999999,0000000,39.37849722,-76.50011944,2,1
24,1,1,20,13,41,1,1,0,0,14,3,0,37,0,1,6,1,2,25,2,2,2,2,0,0,1,1,0,0,99,99,99,99,99,99,0,0,0,0,1,3,0,240014,0,2009,7,SR-736,99999999999999999999,0000000,,,1,1
24,33,1,21,23,33,2,2,0,1,2,2,0,14,3,1,2,1,2,55,1,1,2,1,0,0,3,1,0,0,99,99,99,99,88,88,0,0,0,0,2,4,1,240015,0,2009,231,US-301,99999999999999999999,0000000,38.94186944,-76.71784167,1,1
24,510,1,22,16,51,1,3,2,0,14,6,0,8,0,2,1,1,2,25,2,1,2,1,3,3,5,1,0,0,99,99,99,99,99,99,0,0,0,0,1,5,0,240016,50,2009,0,MU-1040,PARK HGTS AVE,0000000,39.34901667,-76.67585833,1,1
24,21,1,27,7,47,2,3,0,1,12,2,0,12,5,10,1,1,2,55,1,1,2,1,99,9,1,1,0,0,7,47,7,53,8,51,0,0,0,0,1,3,0,240017,0,2009,161,US-15,HAYWARD RD,0000000,39.45601111,-77.39971111,2,1
24,5,1,22,15,43,1,2,0,0,14,3,0,30,0,1,6,1,2,35,2,1,2,1,0,0,1,1,0,0,99,99,99,99,99,99,0,0,0,0,1,5,0,240018,0,2009,14,SR-133,99999999999999999999,0000000,39.39013889,-76.69536389,1,1
24,31,1,14,15,35,1,3,0,0,13,3,0,30,0,1,6,2,2,40,1,2,2,1,0,0,1,1,0,0,99,99,99,99,99,99,0,0,0,0,3,4,0,240019,1360,2009,7,SR-586,99999999999999999999,0000000,39.07712222,-77.12365833,1,1
24,33,1,21,13,8,4,4,0,1,11,1,0,60,0,1,1,3,3,55,1,1,2,1,0,0,1,1,0,0,99,99,99,99,88,88,0,0,0,0,1,4,0,240020,0,2009,250,I-95,99999999999999999999,0000000,39.01838333,-76.91528333,4,1
24,27,1,1,2,56,1,1,0,0,3,3,0,30,0,1,6,1,2,45,2,2,2,1,0,0,2,1,0,0,99,99,99,99,99,99,0,0,0,0,1,5,1,240021,0,2009,5,SR-108,99999999999999999999,0000000,39.22400833,-76.92459444,1,1
24,1,1,2,9,41,1,1,0,9,13,2,0,19,0,1,6,1,2,40,1,1,2,1,0,0,1,1,0,0,99,99,99,99,99,99,0,0,0,0,1,6,0,240022,0,2009,94,US-40AL,99999999999999999999,0000000,39.65991667,-78.80560833,1,1
24,5,1,25,1,39,1,1,0,0,5,3,0,34,0,1,6,1,2,50,1,2,2,1,0,0,2,1,0,0,99,99,99,99,88,88,0,0,0,0,1,1,1,240023,0,2009,52,SR-128,99999999999999999999,0000000,39.52238333,-76.75289167,1,1
24,510,1,21,16,40,1,2,1,0,14,6,0,8,0,1,1,2,2,30,1,1,2,1,0,0,5,1,0,0,99,99,99,99,99,99,0,0,0,0,1,4,0,240024,50,2009,0,WASHINGTON BLVD,99999999999999999999,0000000,39.27206667,-76.64635556,1,1
24,33,1,8,8,23,2,2,0,0,15,4,0,12,2,1,1,1,2,30,1,2,2,4,0,0,1,1,0,0,99,99,99,99,99,99,0,0,0,0,1,5,1,240025,830,2009,5,CO-230,99999999999999999999,0000000,39.00334444,-76.97206111,2,1
24,45,1,12,19,12,1,2,1,1,2,2,0,8,0,1,1,3,2,50,1,1,2,1,0,0,2,1,0,0,18,51,18,56,19,9,0,0,0,0,1,2,0,240026,0,2009,144,US-13,99999999999999999999,0000000,38.42056944,-75.56473611,1,1
24,5,4,6,3,35,1,4,0,1,11,1,0,1,0,1,1,3,3,55,1,1,2,1,0,0,3,1,0,0,99,99,99,99,99,99,0,0,0,0,1,2,0,240027,0,2009,254,I-695,99999999999999999999,0000000,39.389975,-76.53385278,1,1
24,33,1,14,14,59,2,2,0,0,14,3,0,12,2,8,1,1,2,30,1,1,2,1,0,0,1,1,0,0,99,99,99,99,99,99,0,0,0,0,1,4,0,240028,1520,2009,12,SR-218,99999999999999999999,0000000,38.85102222,-76.92932778,2,1
24,510,1,1,13,30,2,2,0,0,14,6,0,12,5,2,1,1,2,25,1,1,2,1,3,3,1,1,0,0,99,99,99,99,99,99,0,0,0,0,1,5,2,240029,50,2009,0,FAYETTE ST,CONKLING ST,0000000,39.29495278,-76.56769167,2,1
24,510,1,24,8,0,2,4,0,0,16,6,0,12,5,3,1,1,2,25,1,1,2,1,20,3,1,1,0,0,99,99,99,99,99,99,0,0,0,0,1,7,1,240030,50,2009,0,MOSHER ST,CAREY ST,0000000,39.30008333,-76.63888611,2,1
24,25,1,7,13,32,3,4,0,0,2,3,0,12,5,2,1,2,2,45,1,1,2,2,3,3,1,2,0,0,13,43,13,54,14,22,0,0,0,0,1,4,0,240031,0,2009,182,SR-165,SR-136,0000000,39.71194167,-76.34983056,3,2
24,3,2,2,21,6,1,2,1,1,13,3,0,8,0,2,1,2,2,40,1,2,2,1,99,9,3,1,0,0,99,99,99,99,88,88,0,0,0,0,1,2,0,240032,0,2009,0,SR-3,OAK MANOR DRIVE,0000000,39.14570556,-76.63148333,1,1
24,33,1,6,14,3,3,3,0,1,12,3,0,13,4,1,1,2,2,50,1,1,2,2,0,0,1,2,0,0,99,99,99,99,99,99,0,0,0,0,1,3,0,240033,1558,2009,121,SR-5,99999999999999999999,0000000,38.82241667,-76.92158611,3,2
24,43,1,19,99,99,27,51,0,1,11,1,0,12,3,1,1,2,2,65,1,2,2,3,0,0,1,3,0,0,99,99,99,99,99,99,0,0,0,0,2,2,0,240034,0,2009,362,I-70,99999999999999999999,0000000,39.56719167,-77.61883611,27,3
24,41,2,4,7,13,2,2,0,1,2,2,0,13,2,1,1,2,2,55,1,1,2,2,0,0,1,4,0,0,7,13,7,20,88,88,0,0,0,0,1,4,0,240035,0,2009,23,US-50,99999999999999999999,0000000,38.91755,-76.06264167,2,4
24,37,2,4,14,55,1,1,0,0,4,4,0,24,0,1,4,1,2,40,2,1,2,1,0,0,1,1,0,0,15,0,15,12,88,88,0,0,0,0,1,4,0,240036,0,2009,13,CO-29,99999999999999999999,0000000,38.39095,-76.77589444,1,1
24,5,2,4,2,31,1,2,0,0,13,4,0,33,0,1,4,3,2,30,1,2,1,2,0,0,2,4,0,0,99,99,99,99,88,88,0,0,0,0,2,4,1,240037,0,2009,38,CO-1400,99999999999999999999,0000000,39.40045278,-76.54955833,1,4
24,3,2,5,20,6,1,1,0,0,3,3,0,42,0,1,6,1,2,40,2,1,2,1,0,0,3,1,0,0,99,99,99,99,88,88,0,0,0,0,1,5,1,240038,0,2009,0,SR-214,99999999999999999999,0000000,38.91411111,-76.54698333,1,1
24,43,2,9,3,30,1,2,0,0,13,3,0,32,0,1,6,1,2,50,1,1,2,1,0,0,2,1,0,0,99,99,99,99,99,99,0,0,0,0,1,2,1,240039,0,2009,1,SR-64,99999999999999999999,0000000,39.6438,-77.59746667,1,1
24,25,2,7,14,29,1,3,0,1,11,1,0,1,0,1,2,3,2,65,1,1,2,1,0,0,1,1,0,0,14,27,14,52,15,52,0,0,0,0,1,7,0,240040,0,2009,3,I-95,99999999999999999999,0000000,39.518675,-76.20134444,1,1
24,31,2,9,20,55,1,1,0,0,13,4,0,33,0,2,4,3,2,40,2,2,2,1,0,0,3,1,0,0,99,99,99,99,88,88,0,0,0,0,1,2,1,240041,0,2009,4,CO-99,OCTAGON LN,0000000,39.07571111,-76.994075,1,1
24,31,2,1,12,38,3,2,0,0,13,3,0,43,0,1,6,2,2,45,1,2,2,1,0,0,1,1,0,0,99,99,99,99,99,99,0,0,0,0,1,1,0,240042,0,2009,26,SR-586,99999999999999999999,0000000,39.06400556,-77.09617222,1,1
24,11,2,11,15,34,2,3,0,0,3,3,0,12,3,1,1,1,2,50,1,1,2,1,0,0,1,1,0,0,99,99,99,99,88,88,0,0,0,0,1,4,0,240043,0,2009,5,SR-328,99999999999999999999,0000000,38.88295,-75.84926667,2,1
24,5,2,9,23,20,1,1,0,0,4,4,0,33,0,1,4,1,2,40,1,1,2,1,0,0,2,1,0,0,99,99,99,99,88,88,0,0,0,0,1,2,1,240044,0,2009,2,CO-315,99999999999999999999,0000000,39.46760833,-76.55683333,1,1
24,3,2,13,17,47,1,2,1,1,13,3,0,9,0,2,1,2,2,50,1,3,2,1,99,9,2,1,0,0,17,47,17,50,18,10,0,0,0,0,1,6,0,240045,0,2009,316,SR-2,HAMBURG ST,0000000,39.10677778,-76.57213333,1,1
24,33,2,14,1,51,2,3,0,1,13,2,0,12,7,1,1,2,2,55,1,1,2,1,0,0,2,1,0,0,99,99,99,99,99,99,0,0,0,0,1,7,0,240046,0,2009,226,US-301,99999999999999999999,0000000,38.933925,-76.717475,2,1
24,5,2,14,1,37,1,2,1,0,14,4,0,8,0,1,1,1,2,30,1,1,2,1,0,0,3,1,0,0,99,99,99,99,88,88,0,0,0,0,1,7,0,240047,0,2009,8,CO-5677,99999999999999999999,0000000,39.23866944,-76.44381389,1,1
24,25,2,20,22,4,1,2,1,9,13,3,0,8,0,2,1,3,2,50,1,1,2,1,3,3,3,1,0,0,99,99,99,99,99,99,0,0,0,0,1,6,0,240048,0,2009,33,SR-24,CO-1988,0000000,39.45283056,-76.307,1,1
24,33,2,20,2,56,2,6,0,1,12,2,0,12,1,1,10,3,2,55,1,1,2,1,0,0,2,1,0,0,99,99,99,99,99,99,0,0,0,0,3,6,0,240049,0,2009,20,US-50,99999999999999999999,0000000,38.94141944,-76.88369722,2,1
24,17,2,19,19,54,1,2,1,0,15,4,0,8,0,1,1,2,2,40,1,1,2,1,0,0,2,1,0,0,99,99,99,99,88,88,0,0,0,0,1,5,0,240050,0,2009,19,CO-345,99999999999999999999,0000000,38.61720556,-76.93270556,1,1
24,5,2,24,20,36,2,3,0,0,14,3,0,12,5,2,1,1,2,35,1,2,2,1,3,3,3,1,0,0,99,99,99,99,99,99,0,0,0,0,1,3,0,240051,0,2009,5,SR-122,I-695 RAMP ENTRANCE,0000000,39.31271944,-76.74473889,2,1
24,31,2,21,5,57,1,2,1,0,14,4,0,8,0,4,1,1,2,40,2,1,2,1,0,0,3,1,0,0,99,99,99,99,99,99,0,0,0,0,1,7,0,240052,0,2009,9,CO-81,99999999999999999999,0000000,39.11021667,-77.21749444,1,1
24,5,2,25,16,22,1,4,1,0,14,3,0,8,0,1,1,1,2,30,1,1,2,1,0,0,1,1,0,0,99,99,99,99,99,99,1,0,0,0,1,4,0,240053,0,2009,26,SR-147,99999999999999999999,0000000,39.4013,-76.51878889,1,1
24,15,2,28,15,11,3,6,0,1,2,2,0,12,5,2,1,1,2,35,2,2,2,1,20,3,1,1,0,0,15,7,15,27,16,25,0,0,0,0,1,7,0,240054,0,2009,16,US-222,CO-560,0000000,39.69919722,-76.17375,3,1
24,31,2,28,1,46,2,2,0,0,5,4,0,12,4,1,1,1,2,40,1,1,2,1,0,0,2,1,0,0,99,99,99,99,88,88,0,0,0,0,1,7,1,240055,0,2009,13,CO-27,99999999999999999999,0000000,39.20771667,-77.22779167,2,1
24,31,2,28,2,37,1,2,0,0,6,3,0,30,0,1,6,1,2,50,1,2,2,1,0,0,2,1,0,0,99,99,99,99,99,99,0,99,99,99,1,7,1,240056,0,2009,11,SR-28,99999999999999999999,0000000,39.12350278,-77.32435278,1,1
24,5,2,26,6,57,2,3,0,0,13,3,0,12,2,1,1,1,2,45,1,3,2,1,0,0,2,1,0,0,99,99,99,99,99,99,0,0,0,0,1,5,1,240057,0,2009,135,SR-45,99999999999999999999,0000000,39.55534722,-76.65384167,2,1
24,5,3,3,0,53,2,2,0,0,13,2,0,12,1,1,1,2,2,40,1,1,2,1,0,0,3,1,0,0,99,99,99,99,88,88,0,0,0,0,1,3,1,240058,0,2009,16,US-1 AL,99999999999999999999,0000000,39.24513333,-76.67370278,2,1
24,5,3,2,19,25,1,2,1,0,14,3,0,8,0,1,1,2,2,45,1,1,2,2,0,0,3,1,0,0,99,99,99,99,88,88,0,0,0,0,1,2,0,240059,0,2009,37,SR-151,99999999999999999999,0000000,39.26915556,-76.46952778,1,1
24,25,3,5,6,57,1,1,0,0,3,3,0,34,0,13,2,6,1,99,2,2,9,8,0,0,1,1,0,0,99,99,99,99,88,88,0,0,0,0,1,5,0,240060,0,2009,161,SR-155,99999999999999999999,0000000,39.57201944,-76.13491111,1,1
24,37,3,5,9,15,2,3,0,0,5,3,0,12,2,12,1,1,2,50,1,1,2,2,0,0,1,1,0,0,99,99,99,99,99,99,0,0,0,0,1,5,0,240061,0,2009,9,SR-245,99999999999999999999,0000000,38.35410833,-76.55277778,2,1
24,33,3,8,16,45,1,1,0,1,11,9,0,99,99,1,6,3,2,65,2,3,9,1,0,0,1,1,0,0,99,99,99,99,99,99,0,0,0,0,1,1,0,240062,0,2009,35,1-595,99999999999999999999,0000000,38.94425556,-76.79709444,1,1
24,33,3,13,2,55,2,3,1,1,11,1,0,14,3,1,2,3,4,55,1,1,2,2,0,0,2,1,0,0,99,99,99,99,88,88,0,0,0,0,1,6,1,240063,0,2009,122,I-95,99999999999999999999,0000000,38.85742222,-76.85288333,1,1
24,33,3,12,12,49,1,2,0,0,13,3,0,42,0,1,6,2,2,45,1,1,2,1,0,0,1,1,0,0,99,99,99,99,99,99,0,0,0,0,1,5,0,240064,0,2009,22,SR-198,99999999999999999999,0000000,39.100025,-76.88893333,1,1
24,25,3,15,1,39,1,1,0,1,2,2,0,32,0,1,6,1,2,50,2,1,2,1,0,0,2,1,0,0,99,99,99,99,88,88,0,0,0,0,1,1,1,240065,0,2009,143,US-1,99999999999999999999,0000000,39.63791944,-76.26659722,1,1
24,27,3,23,3,13,1,3,0,0,16,4,0,42,0,1,6,1,2,30,2,1,2,1,0,0,2,1,0,0,3,15,3,22,4,33,0,0,0,0,1,2,1,240066,0,2009,18,CO-1238,99999999999999999999,0000000,39.18361944,-76.877325,1,1
24,39,3,24,16,59,1,1,0,1,2,2,0,42,0,1,3,3,2,55,1,1,2,1,0,0,1,1,0,0,16,59,17,7,17,36,0,0,0,0,1,3,0,240067,0,2009,78,US-13,99999999999999999999,0000000,38.12983056,-75.69749444,1,1
24,35,3,25,21,6,1,1,0,0,6,4,0,42,0,1,6,1,2,35,2,1,9,1,0,0,2,1,0,0,21,8,21,12,21,50,0,0,0,0,1,4,0,240068,270,2009,0,CO-304,99999999999999999999,0000000,39.06098333,-76.11860278,1,1
24,5,1,9,14,30,1,2,0,1,11,1,0,29,0,1,6,3,4,55,1,1,2,1,0,0,1,1,0,0,99,99,99,99,88,88,0,0,0,0,2,6,0,240069,0,2009,57,I-695,99999999999999999999,0000000,39.28625,-76.73834444,1,1
24,13,1,26,8,5,4,12,0,0,15,3,0,12,5,2,1,2,2,50,1,2,2,2,3,3,1,4,0,0,8,9,8,13,9,15,0,0,0,0,1,2,0,240070,0,2009,11,SR-851,SR-32,0000000,39.37889444,-76.96884167,4,4
24,23,1,30,12,15,3,4,0,1,2,2,0,12,4,1,1,1,2,55,1,2,2,3,0,0,1,4,6,0,12,10,12,20,12,58,0,0,0,0,1,6,0,240071,0,2009,177,US-219,99999999999999999999,0000000,39.48079167,-79.352875,3,4
24,5,1,6,4,1,1,1,0,1,11,1,0,31,0,1,6,3,2,55,1,1,2,1,0,0,3,1,0,0,99,99,99,99,99,99,0,0,0,0,1,3,0,240072,0,2009,47,I-695,99999999999999999999,0000000,39.28874167,-76.50005556,1,1
24,5,1,26,14,52,1,2,0,1,11,1,0,26,0,1,3,3,4,55,1,1,2,1,0,0,1,1,0,0,99,99,99,99,99,99,0,0,0,0,1,2,0,240073,0,2009,11,I-695,99999999999999999999,0000000,39.24451944,-76.67341111,1,1
24,25,2,13,21,40,1,1,0,0,14,3,0,30,0,1,6,1,2,40,2,1,2,1,0,0,3,1,0,0,99,99,99,99,88,88,0,0,0,0,1,6,1,240074,0,2009,7,SR-7,99999999999999999999,0000000,39.43228056,-76.36575278,1,1
24,33,2,1,11,35,1,2,1,0,13,3,0,8,0,1,1,3,2,35,1,1,2,1,0,0,1,1,0,0,99,99,99,99,88,88,0,0,0,0,1,1,0,240075,830,2009,2,SR-650,99999999999999999999,0000000,38.99101111,-76.98736944,1,1
24,33,2,20,7,46,1,1,0,0,14,4,0,42,0,1,6,1,2,40,2,1,2,1,0,0,1,1,0,0,99,99,99,99,99,99,0,0,0,0,1,6,0,240076,1620,2009,24,CO-131,99999999999999999999,0000000,38.75954722,-76.81793056,1,1
24,33,2,27,16,29,1,3,1,1,12,3,0,8,0,2,1,3,2,55,1,1,2,1,3,3,1,1,0,0,99,99,99,99,99,99,0,0,0,0,1,6,0,240077,1520,2009,119,SR-4,SILVER HILL RD,0000000,38.85321111,-76.91056389,1,1
24,13,2,6,23,0,2,6,0,0,6,6,0,12,1,1,1,1,2,25,2,2,2,1,0,0,3,1,0,0,23,1,23,1,23,57,0,0,0,0,1,6,0,240078,1670,2009,21,MAIN ST,99999999999999999999,0000000,39.58418611,-77.00573889,2,1
24,3,2,12,7,15,1,3,2,0,16,3,0,8,0,2,1,1,5,40,1,2,2,1,2,3,1,1,0,0,7,15,7,22,7,35,0,0,0,0,1,5,0,240079,0,2009,0,SR-198,RUSSELL GREEN,0000000,39.09796111,-76.80645,1,1
24,5,3,13,20,9,1,4,1,0,12,3,0,8,0,2,1,2,2,45,1,1,2,1,2,2,2,1,0,0,99,99,99,99,88,88,0,0,0,0,1,6,0,240080,0,2009,1,SR-41,CO-3413,0000000,39.37312222,-76.56766944,1,1
24,3,3,4,6,42,3,4,0,0,14,3,0,12,1,2,1,1,2,45,1,2,2,1,0,0,4,1,0,0,6,43,6,53,7,26,0,0,0,0,1,4,0,240081,0,2009,1,SR-210,SOUTH AVE,0000000,39.20691944,-76.587025,3,1
24,9,3,20,17,39,2,5,0,0,3,3,0,12,5,2,1,1,2,50,1,3,2,1,3,3,1,1,0,0,17,40,17,47,18,27,0,0,0,0,1,6,1,240082,0,2009,12,SR-260,JEWELL RD,0000000,38.74859444,-76.63933889,2,1
24,23,3,25,15,45,2,3,0,1,2,2,0,12,2,1,1,1,2,55,1,1,2,1,0,0,1,1,0,0,15,47,16,1,16,44,1,0,0,0,1,4,0,240083,0,2009,286,US-219,99999999999999999999,0000000,39.60297778,-79.33656667,2,1
24,13,3,24,6,58,2,2,0,0,3,3,0,12,2,1,1,1,2,50,1,1,2,1,0,0,1,1,0,0,7,8,7,20,7,45,0,0,0,0,1,3,0,240084,0,2009,49,SR-27,99999999999999999999,0000000,39.41908889,-77.11694167,2,1