STATE,COUNTY,MONTH,DAY,HOUR,MINUTE,VE_TOTAL,PERSONS,PEDS,NHS,ROAD_FNC,ROUTE,SP_JUR,HARM_EV,MAN_COLL,REL_JUNC,REL_ROAD,TRAF_FLO,NO_LANES,SP_LIMIT,ALIGNMNT,PROFILE,PAVE_TYP,SUR_COND,TRA_CONT,T_CONT_F,LGT_COND,WEATHER1,WEATHER2,WRK_ZONE,NOT_HOUR,NOT_MIN,ARR_HOUR,ARR_MIN,HOSP_HR,HOSP_MN,SCH_BUS,CF1,CF2,CF3,FATALS,DAY_WEEK,DRUNK_DR,ST_CASE,CITY,YEAR,MILEPT,TWAY_ID,TWAY_ID2,RAIL,LATITUDE,LONGITUD,VE_FORMS,WEATHER
24,33,3,28,0,18,2,3,0,1,2,2,0,12,5,2,1,2,2,55,1,1,2,2,3,3,3,2,0,0,99,99,99,99,99,99,0,0,0,0,1,7,0,240085,0,2009,0,US-301,SR-381,0000000,38.69920833,-76.86876389,2,2
24,27,3,28,1,22,1,4,1,1,12,2,0,8,0,1,1,3,2,55,2,2,2,2,0,0,2,2,0,0,1,22,1,32,88,88,0,0,0,0,1,7,0,240086,0,2009,118,US-29,99999999999999999999,0000000,39.26302778,-76.81949722,1,2
24,3,3,23,22,7,2,5,1,0,13,3,0,8,0,1,1,2,2,40,1,1,2,1,0,0,2,1,0,0,99,99,99,99,88,88,0,23,0,0,1,2,0,240087,0,2009,100,SR-170,99999999999999999999,0000000,39.20964444,-76.64968056,2,1
24,21,4,1,2,44,2,1,0,0,4,3,0,1,0,1,6,1,2,35,2,2,2,2,0,0,2,1,0,0,99,99,99,99,88,88,0,0,0,0,1,4,0,240088,0,2009,192,SR-75,99999999999999999999,0000000,39.53737222,-77.23159167,1,1
24,27,4,1,19,7,1,1,0,0,14,3,0,42,0,1,6,1,2,35,2,2,2,2,0,0,5,3,0,0,99,99,99,99,88,88,0,0,0,0,1,4,1,240089,0,2009,10,SR-103,99999999999999999999,0000000,39.18262222,-76.76160278,1,3
24,21,4,2,23,55,1,2,0,1,11,1,0,1,0,1,1,3,2,65,2,2,2,2,0,0,2,2,0,0,23,56,0,3,0,46,0,0,0,0,1,5,1,240090,0,2009,11,I-270,99999999999999999999,0000000,39.2954,-77.33342778,1,2
24,33,2,6,10,8,2,4,0,0,15,4,0,12,2,1,1,1,2,30,2,3,2,1,0,0,1,1,0,0,99,99,99,99,99,99,0,0,0,0,1,6,1,240091,170,2009,48,CO-59,99999999999999999999,0000000,38.92389444,-76.76035833,2,1
24,37,3,23,8,46,2,2,0,1,2,3,0,13,3,1,1,2,2,55,1,1,2,1,0,0,1,1,0,0,8,47,8,56,9,38,0,0,0,0,1,2,1,240092,0,2009,237,SR-235,99999999999999999999,0000000,38.36898333,-76.593975,2,1
24,5,4,4,14,11,2,2,0,0,16,4,0,12,5,2,1,2,2,35,1,1,2,2,3,3,1,1,0,0,99,99,99,99,99,99,0,0,0,0,1,7,0,240093,0,2009,22,CO-5237,BAYSHIP RD,0000000,39.26073611,-76.52556944,2,1
24,23,4,5,0,45,1,5,0,0,4,4,0,1,0,2,6,1,2,99,1,1,2,1,0,0,3,1,0,0,0,47,1,9,1,23,0,0,0,0,2,1,1,240094,0,2009,4,CO-54,BARBARA'S WAY,0000000,39.56216111,-79.36652222,1,1
24,3,4,5,20,56,1,1,0,1,12,3,0,24,0,1,6,3,2,55,2,1,2,2,0,0,3,1,0,0,20,56,21,3,88,88,0,0,0,0,1,1,0,240095,0,2009,101,SR-100,99999999999999999999,0000000,39.13159167,-76.58620833,1,1
24,33,4,6,2,48,1,6,0,1,11,1,0,39,0,1,4,3,2,55,1,1,2,1,0,0,2,1,0,0,99,99,99,99,99,99,0,0,0,0,1,2,1,240096,370,2009,251,I-95,99999999999999999999,0000000,39.01788333,-76.92678333,1,1
24,41,4,6,18,0,1,1,0,0,3,3,0,34,0,1,4,1,2,50,2,2,2,2,0,0,1,2,0,0,99,99,99,99,99,99,0,0,0,0,1,2,0,240097,0,2009,16,SR-328,99999999999999999999,0000000,38.79744444,-76.02290278,1,2
24,5,4,8,14,26,1,1,0,0,14,3,9,43,0,1,4,3,2,50,2,1,2,1,0,0,1,1,0,0,99,99,99,99,88,88,0,0,0,0,1,4,0,240098,0,2009,4,SR-157,99999999999999999999,0000000,39.24150278,-76.47459722,1,1
24,1,4,9,22,0,1,2,0,0,14,2,0,53,0,1,6,1,2,40,2,1,2,1,0,0,3,1,0,0,99,99,99,99,99,99,0,0,0,0,2,5,0,240099,0,2009,77,US-40 AL,99999999999999999999,0000000,39.64183333,-78.82514444,1,1
24,33,3,8,17,49,1,1,0,0,12,3,0,24,0,1,4,2,2,55,1,1,2,1,0,0,1,1,0,0,99,99,99,99,88,88,0,0,0,0,1,1,0,240100,0,2009,15,SR-5,99999999999999999999,0000000,38.73480278,-76.88198056,1,1
24,3,3,13,0,21,2,3,0,1,1,1,0,12,1,1,1,3,2,65,1,1,2,1,0,0,2,1,0,0,0,17,0,21,1,10,0,0,0,0,1,6,2,240101,0,2009,57,I-97,99999999999999999999,0000000,39.05051944,-76.62586111,2,1
24,5,4,1,21,5,1,1,0,0,14,4,0,40,0,1,6,1,2,30,2,2,2,1,0,0,3,1,0,1,99,99,99,99,88,88,0,0,0,0,1,4,1,240102,0,2009,12,CO-2200,99999999999999999999,0000000,39.37975833,-76.77816944,1,1
24,43,4,9,17,37,2,2,0,0,4,3,0,1,0,2,1,1,2,50,1,1,2,1,20,3,1,1,0,0,99,99,99,99,88,88,0,0,0,0,1,5,1,240103,0,2009,104,SR-63,FRENCH LN,0000000,39.63352222,-77.80869444,2,1
24,23,4,10,3,46,1,2,0,0,6,4,0,38,0,1,6,1,2,35,2,1,2,1,0,0,2,1,0,0,99,99,99,99,88,88,0,0,0,0,1,6,1,240104,0,2009,15,CO-23,99999999999999999999,0000000,39.652425,-79.43690278,1,1
24,23,3,4,3,49,1,2,0,0,5,4,0,37,0,1,6,1,2,40,1,2,8,8,0,0,2,1,0,0,99,99,99,99,99,99,0,0,0,0,1,4,1,240105,0,2009,14,CO-68,99999999999999999999,0000000,39.506225,-79.38136944,1,1
24,13,4,7,7,34,2,3,0,0,3,3,0,12,3,1,1,1,2,50,2,1,2,1,0,0,1,1,0,0,7,33,7,36,7,55,0,0,0,0,1,3,0,240106,1670,2009,3,SR-91,99999999999999999999,0000000,39.46739167,-76.928575,2,1
24,5,4,14,14,23,2,2,0,0,15,4,0,12,4,1,1,1,2,30,2,1,2,2,0,0,1,2,0,0,99,99,99,99,99,99,0,0,0,0,1,3,0,240107,0,2009,3,CO-2250,99999999999999999999,0000000,39.39461667,-76.75615278,2,2
24,13,4,15,10,45,2,2,0,0,3,3,0,12,5,2,1,1,2,40,1,1,2,2,3,3,1,2,0,0,10,46,10,51,11,26,0,0,0,0,1,4,0,240108,0,2009,16,SR-26,CO-1375,0000000,39.40658889,-76.961075,2,2
24,33,3,10,5,45,1,1,0,0,4,4,0,31,0,2,6,1,2,40,1,1,2,1,0,0,3,1,0,0,99,99,99,99,99,99,0,0,0,0,1,3,0,240109,1022,2009,10,CO-5676,CO-111,0000000,38.92135556,-76.80078611,1,1
24,5,4,15,11,50,1,1,0,0,5,4,0,42,0,1,6,1,2,30,1,2,2,2,0,0,1,2,0,0,99,99,99,99,88,88,0,0,0,0,1,4,0,240110,0,2009,6,CO-721,99999999999999999999,0000000,39.44040278,-76.73104722,1,2
24,35,4,15,19,49,1,1,0,0,6,4,0,42,0,2,6,1,2,50,1,3,2,2,99,9,2,2,0,0,19,51,19,56,88,88,0,0,0,0,1,4,0,240111,0,2009,11,CO-51,CO-57,0000000,39.20478889,-75.84480278,1,2
24,3,4,6,11,47,2,4,0,0,3,3,0,12,4,2,1,1,2,50,1,1,2,1,99,9,1,1,0,0,11,44,11,51,12,10,0,0,0,0,1,2,0,240112,0,2009,137,SR-2,JESSIE RD,0000000,38.89717778,-76.59213056,2,1
24,33,4,19,21,9,1,3,2,0,13,3,0,8,0,1,1,2,2,55,1,1,2,1,0,0,2,1,0,0,99,99,99,99,99,99,0,0,0,0,2,1,0,240113,0,2009,51,SR-214,99999999999999999999,0000000,38.89898333,-76.82245833,1,1
24,5,4,8,10,20,1,2,0,0,15,4,0,30,0,1,6,1,2,30,1,1,2,1,0,0,1,1,0,0,99,99,99,99,99,99,0,0,0,0,1,4,0,240114,0,2009,5,CO-3000,99999999999999999999,0000000,39.25710556,-76.69121111,1,1
24,35,4,22,14,49,1,1,0,0,4,3,0,42,0,1,6,1,2,50,2,1,2,2,0,0,1,1,0,0,99,99,99,99,88,88,0,0,0,0,1,4,1,240115,0,2009,14,SR-309,99999999999999999999,0000000,38.93991667,-75.97294722,1,1
24,510,3,11,21,30,1,1,0,0,13,6,0,42,0,1,3,3,2,30,1,1,2,1,0,0,3,1,0,0,99,99,99,99,99,99,0,0,0,0,1,4,1,240116,50,2009,0,EDISON HWY,99999999999999999999,0000000,39.31935,-76.572025,1,1
24,510,3,5,22,34,1,5,0,0,13,6,0,31,0,1,6,3,2,35,1,2,2,1,0,0,3,1,0,0,99,99,99,99,99,99,0,0,0,0,1,5,1,240117,50,2009,0,HILLEN RD,99999999999999999999,0000000,39.33862778,-76.58824722,1,1
24,33,3,8,20,35,1,3,0,0,14,4,0,30,0,1,6,2,2,40,1,1,2,1,0,0,3,1,0,0,99,99,99,99,99,99,0,0,0,0,1,1,1,240118,1620,2009,5,CO-1212,99999999999999999999,0000000,38.80754444,-76.76679722,1,1
24,37,4,23,15,52,1,1,0,0,6,4,0,42,0,1,6,1,2,30,2,2,2,1,0,0,1,1,0,0,99,99,99,99,99,99,0,0,0,0,1,5,1,240119,0,2009,10,CO-54,99999999999999999999,0000000,38.39106944,-76.68013889,1,1
24,31,4,23,4,41,1,2,1,0,16,3,0,8,0,1,1,3,2,55,1,2,2,1,0,0,3,1,0,0,99,99,99,99,88,88,0,0,0,0,1,5,0,240120,0,2009,106,SR-29,99999999999999999999,0000000,39.11341389,-76.92875833,1,1
24,9,4,25,11,16,2,3,0,0,4,3,0,12,2,1,1,1,2,40,2,2,1,1,0,0,1,1,0,0,99,99,99,99,99,99,0,0,0,0,1,7,0,240121,0,2009,12,SR-261,99999999999999999999,0000000,38.6275,-76.534575,2,1
24,33,3,22,1,39,1,2,1,0,13,3,0,8,0,2,1,3,2,35,1,1,2,1,3,3,3,1,0,0,99,99,99,99,99,99,0,0,0,0,1,1,0,240122,830,2009,18,SR-410,CO-1819,0000000,38.96695,-76.96248889,1,1
24,33,3,21,2,15,1,1,0,0,14,4,0,42,0,1,6,1,2,35,1,2,2,1,0,0,2,1,0,0,99,99,99,99,99,99,0,0,0,0,1,7,0,240123,100,2009,8,CO-14,99999999999999999999,0000000,39.03411944,-76.94420833,1,1
24,35,4,6,11,49,2,2,0,0,5,4,0,12,4,1,1,1,2,50,2,1,2,2,0,0,1,2,0,0,99,99,99,99,99,99,0,0,0,0,1,2,0,240124,0,2009,4,CO-173,99999999999999999999,0000000,,,2,2
24,21,4,25,22,10,2,4,0,0,4,3,0,12,1,2,1,1,2,40,1,1,2,1,0,0,1,1,0,0,99,99,99,99,99,99,0,0,0,0,1,7,1,240125,0,2009,107,SR-80,CO-1340,0000000,39.34425556,-77.26100833,2,1
24,510,4,17,5,55,1,2,1,0,13,6,0,8,0,2,1,3,2,35,1,1,2,1,3,3,4,1,0,0,99,99,99,99,99,99,0,0,0,0,1,6,0,240126,50,2009,0,MLK BLVD,LOMBARD ST,0000000,39.28724722,-76.62830833,1,1
24,5,4,28,12,20,2,2,0,0,14,4,0,12,3,1,1,2,2,30,2,2,2,1,0,0,1,1,0,0,99,99,99,99,99,99,0,0,0,0,1,3,0,240127,0,2009,15,CO-3481,99999999999999999999,0000000,39.37475556,-76.54516944,2,1
24,17,4,17,20,24,1,2,1,0,15,4,0,8,0,1,1,2,2,40,2,1,2,1,0,0,1,1,0,0,99,99,99,99,99,99,0,0,0,0,1,6,1,240128,0,2009,22,CO-345,99999999999999999999,0000000,38.62025,-76.93886389,1,1
24,33,4,26,17,8,4,8,0,1,11,1,0,12,7,1,1,3,4,55,1,1,2,1,0,0,1,1,0,0,99,99,99,99,88,88,0,0,0,0,1,1,1,240129,0,2009,158,I-95,99999999999999999999,0000000,38.90666389,-76.84953611,4,1
24,17,4,29,18,22,3,5,0,0,3,3,0,12,1,1,1,1,2,50,1,2,2,2,0,0,1,2,0,0,99,99,99,99,99,99,0,0,0,0,1,4,0,240130,0,2009,73,SR-225,99999999999999999999,0000000,38.54970833,-77.040125,3,2
24,45,5,2,3,10,2,5,3,0,6,4,0,14,5,1,2,1,2,50,2,1,2,1,0,0,2,1,0,0,99,99,99,99,99,99,0,0,0,0,1,7,1,240131,0,2009,38,CO-42,99999999999999999999,0000000,38.42972222,-75.798325,1,1
24,19,5,3,13,12,2,3,0,0,4,3,0,12,2,1,1,1,2,50,2,1,2,2,0,0,1,2,0,0,99,99,99,99,99,99,0,0,0,0,1,1,1,240132,1703,2009,2,SR-16,99999999999999999999,0000000,38.50593056,-76.18630278,2,2
24,39,5,4,9,3,1,2,1,0,3,3,0,8,0,1,2,1,2,55,1,1,2,1,0,0,1,1,0,1,99,99,99,99,99,99,0,0,0,0,1,2,0,240133,981,2009,66,SR-413,99999999999999999999,0000000,38.04444167,-75.76395,1,1
24,1,5,12,6,13,1,1,0,0,13,3,0,1,0,1,6,1,2,55,2,3,2,2,0,0,4,5,0,0,99,99,99,99,99,99,0,0,0,0,1,3,0,240134,1163,2009,208,SR-51,99999999999999999999,0000000,39.52698333,-78.52201111,1,5
24,5,5,6,17,0,2,3,0,1,2,3,0,12,4,1,1,1,4,50,2,2,2,1,0,0,1,1,0,0,99,99,99,99,99,99,0,0,0,0,1,4,0,240135,1300,2009,122,SR-140,99999999999999999999,0000000,39.48758056,-76.86288333,2,1
24,15,5,13,2,53,1,1,0,0,5,4,0,30,0,1,6,1,2,35,2,2,1,1,0,0,2,1,0,0,99,99,99,99,88,88,0,20,0,0,1,4,1,240136,0,2009,3,CO-162,99999999999999999999,0000000,39.64799722,-75.89527222,1,1
24,33,5,14,0,17,1,1,0,1,12,2,0,24,0,1,6,3,2,65,1,1,2,1,0,0,3,1,0,0,99,99,99,99,88,88,0,0,0,0,1,5,1,240137,0,2009,66,US-50,99999999999999999999,0000000,38.94659444,-76.76044444,1,1
24,5,5,4,8,49,1,1,0,0,14,3,0,31,0,1,6,2,2,45,1,1,2,1,0,0,1,1,0,0,99,99,99,99,88,88,0,0,0,0,1,2,0,240138,1005,2009,12,SR-700,99999999999999999999,0000000,39.33600556,-76.45683889,1,1
24,3,5,23,2,12,1,1,0,1,11,1,0,26,0,1,6,3,2,55,2,2,2,1,0,0,3,1,0,0,99,99,99,99,88,88,0,0,0,0,1,7,1,240139,673,2009,17,I-97,99999999999999999999,0000000,39.20029167,-76.63160278,1,1
24,5,5,13,5,30,1,1,0,0,14,3,0,34,0,1,6,1,2,40,1,1,2,1,0,0,1,1,0,0,99,99,99,99,88,88,0,0,0,0,1,4,1,240140,0,2009,54,SR-7,99999999999999999999,0000000,39.36328611,-76.4519,1,1
24,15,5,23,2,6,1,2,0,0,6,6,0,24,0,1,6,1,2,40,2,1,2,1,0,0,2,1,0,0,99,99,99,99,99,99,0,0,0,0,1,7,1,240141,300,2009,4,2ND STREET,99999999999999999999,0000000,39.52383889,-75.80184444,1,1
24,47,5,23,19,40,1,2,0,0,16,4,0,24,0,1,4,1,2,40,2,1,2,1,0,0,1,1,0,0,99,99,99,99,99,99,0,0,0,0,1,7,1,240142,146,2009,56,CO-220,99999999999999999999,0000000,38.40241944,-75.10919167,1,1
24,41,5,24,11,36,1,2,0,0,3,3,0,11,0,1,1,1,2,50,1,1,2,1,0,0,1,1,0,0,99,99,99,99,99,99,0,0,0,0,1,1,0,240143,480,2009,178,SR-33,99999999999999999999,0000000,38.75625833,-76.15490833,1,1
24,5,5,23,11,34,1,1,0,1,11,1,0,5,0,13,4,6,1,40,1,2,2,1,0,0,1,1,0,0,99,99,99,99,88,88,0,0,0,0,1,7,1,240144,1182,2009,231,I-83,99999999999999999999,0000000,39.65738056,-76.65418611,1,1
24,15,5,24,14,23,1,1,0,1,2,2,0,25,0,2,6,1,2,30,2,2,2,1,0,0,1,1,0,0,99,99,99,99,88,88,0,0,0,0,1,1,0,240145,382,2009,4,US-1,SR-222,0000000,39.66775556,-76.17018611,1,1
24,45,5,24,23,10,1,2,1,0,13,2,0,8,0,2,1,2,2,35,1,1,2,1,99,9,3,1,0,0,99,99,99,99,88,88,0,0,0,0,1,1,0,240146,1380,2009,38,US-13,BATEMAN ST,0000000,38.34435,-75.60391944,1,1
24,21,5,24,12,49,1,1,0,0,16,4,0,1,0,1,6,1,2,30,2,2,2,1,0,0,1,1,0,0,99,99,99,99,99,99,0,0,0,0,1,1,0,240147,580,2009,0,CO-618,99999999999999999999,0000000,39.4229,-77.48515556,1,1
24,5,5,10,4,30,1,1,0,1,11,1,0,25,0,1,4,3,2,65,2,2,2,1,0,0,4,1,0,0,99,99,99,99,88,88,0,0,0,0,1,1,1,240148,0,2009,209,I-83,99999999999999999999,0000000,39.63193611,-76.67203889,1,1
24,31,5,31,10,15,1,3,1,0,13,3,0,8,0,2,1,3,2,35,1,1,2,1,3,3,1,1,0,0,99,99,99,99,99,99,0,0,0,0,1,1,0,240149,0,2009,48,SR-650,CO-109,0000000,39.03981944,-76.99064167,1,1
24,17,5,25,22,43,1,1,0,0,15,4,0,30,0,1,6,1,2,40,1,2,2,2,0,0,3,2,0,0,99,99,99,99,99,99,0,0,0,0,1,2,0,240150,890,2009,18,CO-471,99999999999999999999,0000000,38.54234167,-76.97974167,1,2
24,15,5,18,11,37,2,2,0,0,4,2,0,12,5,2,1,2,2,55,1,1,2,1,3,3,1,1,0,0,99,99,99,99,99,99,0,0,0,0,1,2,0,240151,0,2009,39,US-40,BELVIDERE RD,0000000,39.58273889,-76.0217,2,1
24,33,5,19,7,59,2,1,0,1,12,2,0,12,1,1,1,3,3,65,1,1,2,1,0,0,1,1,0,0,99,99,99,99,88,88,0,23,0,0,1,3,0,240152,240,2009,10,US-50,99999999999999999999,0000000,38.94677778,-76.84108333,1,1
24,23,5,20,13,18,2,2,0,1,2,2,0,12,5,2,1,1,2,55,1,1,2,1,20,3,1,1,0,0,99,99,99,99,99,99,0,0,0,0,1,4,0,240153,1140,2009,177,US-219,CO-131,0000000,39.48344167,-79.35115833,2,1
24,47,6,1,15,13,1,1,0,0,5,4,0,42,0,1,6,1,2,30,2,1,2,1,0,0,1,1,0,0,99,99,99,99,99,99,0,0,0,0,1,2,0,240154,0,2009,11,CO-10,99999999999999999999,0000000,38.22348333,-75.542925,1,1
24,510,3,17,0,33,1,3,1,1,11,1,0,8,0,1,1,3,4,55,2,2,2,2,0,0,3,2,0,0,99,99,99,99,88,88,0,0,0,0,1,3,0,240155,50,2009,83,I-95,99999999999999999999,0000000,39.28448889,-76.54333611,1,2
24,510,3,7,12,58,2,2,0,0,15,6,0,12,5,2,1,1,4,30,1,1,2,1,99,9,1,1,0,0,99,99,99,99,99,99,0,0,0,0,1,7,0,240156,50,2009,0,WILKENS AVE,PRIMSON AVE,0000000,39.27296111,-76.67403333,2,1
24,33,4,5,1,58,1,1,0,0,13,2,0,30,0,1,6,1,4,30,1,2,2,1,0,0,3,1,0,0,99,99,99,99,88,88,0,0,0,0,1,1,0,240157,1610,2009,26,US-1,99999999999999999999,0000000,38.966,-76.93899444,1,1
24,33,4,4,18,10,1,2,1,1,12,3,0,8,0,1,1,3,2,55,1,2,2,1,0,0,1,1,0,0,99,99,99,99,99,99,0,0,0,0,1,7,0,240158,565,2009,77,SR-210,99999999999999999999,0000000,38.72469444,-76.99021389,1,1
24,33,4,5,18,28,1,2,0,0,15,4,0,42,0,1,6,2,2,40,2,1,2,1,0,0,1,1,0,0,99,99,99,99,88,88,0,0,0,0,2,1,1,240159,896,2009,0,CO-3465,99999999999999999999,0000000,38.87524722,-76.82688889,1,1
24,33,4,22,0,32,2,4,0,1,11,1,0,12,1,1,1,3,4,55,1,1,2,1,0,0,2,1,0,0,99,99,99,99,99,99,0,0,0,0,1,4,1,240160,240,2009,131,I-95,99999999999999999999,0000000,38.86270278,-76.84850556,2,1
24,33,4,6,0,30,1,2,1,1,12,3,0,8,0,2,1,3,2,55,1,1,2,1,99,9,3,1,0,0,99,99,99,99,88,88,0,0,0,0,1,2,0,240161,565,2009,98,SR-210,OLD FORT RD,0000000,38.71270556,-76.99004167,1,1
24,5,5,28,1,33,1,1,0,0,13,3,0,42,0,1,6,1,2,40,2,1,2,1,0,0,2,1,0,0,99,99,99,99,88,88,0,0,0,0,1,5,1,240162,0,2009,23,SR-26,99999999999999999999,0000000,39.39209722,-76.84241389,1,1
24,5,5,15,21,36,1,6,2,0,14,4,0,8,0,1,1,1,2,25,1,2,2,1,0,0,3,1,0,0,99,99,99,99,99,99,0,0,0,0,1,6,0,240163,255,2009,15,CO-2976,99999999999999999999,0000000,39.27216389,-76.71289444,1,1
24,41,3,6,23,37,1,1,0,0,16,4,0,42,0,1,6,1,2,35,1,1,2,2,0,0,2,1,0,0,99,99,99,99,99,99,0,0,0,0,1,6,1,240164,0,2009,13,CO-37,99999999999999999999,0000000,38.79128889,-76.08341111,1,1
24,47,4,5,19,54,1,1,0,0,4,3,0,33,0,2,6,1,2,50,1,1,2,1,20,3,5,1,0,0,99,99,99,99,99,99,0,0,0,0,1,1,0,240165,0,2009,44,SR-611,SR-376,0000000,38.28973333,-75.15171944,1,1
24,37,4,12,13,21,2,3,0,0,4,3,0,12,5,2,1,2,2,50,1,1,2,1,3,3,1,1,0,0,99,99,99,99,99,99,0,0,0,0,1,1,0,240166,995,2009,427,SR-6,SR-5,0000000,38.47361667,-76.77452222,2,1
24,1,4,17,15,38,1,1,0,0,6,4,0,2,0,1,1,1,2,30,1,1,2,1,0,0,1,1,0,0,99,99,99,99,88,88,0,0,0,0,1,6,0,240167,564,2009,16,CO-740,99999999999999999999,0000000,39.70801111,-78.56640833,1,1
24,21,4,18,15,14,2,2,0,0,4,3,0,12,5,2,1,3,2,40,1,1,2,1,3,3,1,1,0,0,99,99,99,99,99,99,0,0,0,0,1,7,0,240168,0,2009,99,SR-85,GUILFORD DR,0000000,39.39408611,-77.40941111,2,1
24,25,4,18,6,10,2,2,0,0,3,3,0,12,2,1,1,1,2,50,1,1,2,1,0,0,4,1,0,0,99,99,99,99,99,99,0,0,0,0,1,7,1,240169,0,2009,87,SR-165,99999999999999999999,0000000,39.63368889,-76.47201111,2,1
24,1,4,25,12,45,2,2,0,0,13,2,0,12,3,1,1,1,2,50,1,2,2,1,0,0,1,1,0,0,99,99,99,99,99,99,0,0,0,0,1,7,0,240170,0,2009,37,US-40AL,99999999999999999999,0000000,,,2,1
24,21,4,28,15,15,1,2,1,0,6,4,0,8,0,1,1,1,2,30,1,2,2,1,0,0,1,1,0,0,99,99,99,99,88,88,0,0,0,0,1,3,0,240171,540,2009,6,CO-1255,99999999999999999999,0000000,39.68858056,-77.34061667,1,1
24,3,5,9,0,5,1,1,0,0,16,4,0,1,0,1,1,1,2,30,2,1,2,1,0,0,2,1,0,0,99,99,99,99,99,99,0,0,0,0,1,7,1,240172,673,2009,0,CO-1582,99999999999999999999,0000000,39.15861667,-76.54985278,1,1
24,21,5,22,12,53,2,2,0,0,4,3,0,12,5,2,1,1,2,50,2,2,2,1,99,9,1,1,0,0,99,99,99,99,99,99,0,0,0,0,1,6,0,240173,0,2009,41,SR-550,CO-462,0000000,39.52628889,-77.29808889,2,1
24,3,5,30,15,14,2,6,0,0,12,3,0,12,5,2,1,2,2,50,1,2,2,1,3,3,1,1,0,0,99,99,99,99,99,99,0,0,0,0,1,7,0,240174,0,2009,0,SR-665,SR-2,0000000,38.97175556,-76.54286389,2,1
24,3,5,16,21,17,2,1,0,0,15,4,0,14,1,1,2,1,2,35,1,1,2,2,0,0,3,2,0,0,99,99,99,99,99,99,0,0,0,0,1,7,1,240175,0,2009,0,CO-1041,99999999999999999999,0000000,39.06378056,-76.70156389,1,2
24,3,6,3,8,6,1,1,0,1,11,1,0,42,0,1,6,3,2,65,1,1,2,2,0,0,3,2,0,0,99,99,99,99,88,88,0,0,0,0,1,4,0,240176,0,2009,96,I-97,99999999999999999999,0000000,39.09383056,-76.62671944,1,2
24,29,6,5,20,50,1,1,0,0,5,3,0,42,0,1,6,1,2,50,1,1,2,1,0,0,2,1,0,0,99,99,99,99,88,88,0,0,0,0,1,6,0,240177,0,2009,24,SR-330,99999999999999999999,0000000,39.30235833,-75.782575,1,1
24,3,5,19,10,0,4,5,0,0,14,3,0,12,2,11,1,1,2,35,1,1,2,1,99,9,1,1,0,0,99,99,99,99,99,99,0,0,0,0,1,3,0,240178,0,2009,0,SR-173,CARROLL RD,0000000,39.16013889,-76.51998056,4,1
24,3,6,5,21,40,1,2,1,0,14,3,0,8,0,2,1,2,4,50,1,1,2,2,3,3,2,2,0,0,99,99,99,99,88,88,0,0,0,0,1,6,0,240179,0,2009,0,SR-3BU,CRONSON BLVD,0000000,39.00991389,-76.69838889,1,2
24,45,6,7,10,54,2,3,0,1,2,2,0,12,5,2,1,2,2,45,1,1,2,1,20,3,1,1,0,0,99,99,99,99,99,99,0,0,0,0,1,1,0,240180,0,2009,258,US-50,CO-733,0000000,38.38533333,-75.42277222,2,1
24,15,6,12,21,47,2,3,1,0,14,3,0,8,0,1,1,1,2,30,1,2,2,1,0,0,2,1,0,0,99,99,99,99,99,99,0,0,0,0,1,6,2,240181,0,2009,37,SR-545,99999999999999999999,0000000,39.65050833,-75.87686111,2,1
24,47,6,23,13,18,1,2,1,1,13,3,0,9,0,2,1,3,2,35,1,1,2,1,2,3,1,1,0,0,99,99,99,99,88,88,0,0,0,0,1,3,0,240182,0,2009,63,SR-528,33RD ST,0000000,38.36158056,-75.0731,1,1
24,31,6,13,1,45,1,4,0,0,15,4,0,30,0,1,6,2,2,35,2,1,2,1,0,0,3,1,0,0,99,99,99,99,99,99,0,0,0,0,1,7,1,240183,0,2009,16,CO-161,99999999999999999999,0000000,39.09766111,-76.98536389,1,1
24,31,6,18,3,12,1,2,0,1,13,3,0,30,0,1,6,1,2,40,1,2,2,1,0,0,2,1,0,0,99,99,99,99,99,99,0,0,0,0,1,5,1,240184,0,2009,214,SR-355,99999999999999999999,0000000,39.22517222,-77.26261944,1,1
24,27,4,14,5,20,1,1,0,0,15,3,0,42,0,1,6,1,2,40,1,2,2,2,0,0,2,1,0,0,99,99,99,99,99,99,0,0,0,0,1,3,0,240185,0,2009,62,SR-103,99999999999999999999,0000000,39.24677778,-76.80780278,1,1
24,33,4,16,20,2,2,2,0,0,15,4,0,12,5,2,1,1,2,35,1,1,2,1,99,9,3,1,0,0,99,99,99,99,99,99,0,0,0,0,1,5,1,240186,565,2009,26,CO-114,CO-2501,0000000,38.76651389,-77.00529722,2,1
24,25,5,4,13,16,3,3,0,0,13,2,0,12,5,3,1,3,2,55,1,1,2,1,3,3,1,1,0,0,99,99,99,99,99,99,0,0,0,0,1,2,0,240187,0,2009,21,US-40,SR-152,0000000,39.43221667,-76.33781389,3,1
24,37,5,7,20,53,1,1,0,0,3,3,0,42,0,2,6,1,2,50,1,2,2,2,99,9,3,2,0,0,99,99,99,99,99,99,0,0,0,0,1,5,1,240188,0,2009,68,SR-4,CO-1013,0000000,38.31122222,-76.51145,1,2
24,5,4,23,20,21,1,2,1,0,14,4,0,8,0,1,1,1,2,30,1,1,2,1,0,0,3,1,0,0,99,99,99,99,99,99,0,0,0,0,1,5,0,240189,0,2009,6,CO-3239,99999999999999999999,0000000,39.24205833,-76.65056111,1,1