STATE,COUNTY,MONTH,DAY,HOUR,MINUTE,VE_TOTAL,PERSONS,PEDS,NHS,ROAD_FNC,ROUTE,SP_JUR,HARM_EV,MAN_COLL,REL_JUNC,REL_ROAD,TRAF_FLO,NO_LANES,SP_LIMIT,ALIGNMNT,PROFILE,PAVE_TYP,SUR_COND,TRA_CONT,T_CONT_F,LGT_COND,WEATHER1,WEATHER2,WRK_ZONE,NOT_HOUR,NOT_MIN,ARR_HOUR,ARR_MIN,HOSP_HR,HOSP_MN,SCH_BUS,CF1,CF2,CF3,FATALS,DAY_WEEK,DRUNK_DR,ST_CASE,CITY,YEAR,MILEPT,TWAY_ID,TWAY_ID2,RAIL,LATITUDE,LONGITUD,VE_FORMS,WEATHER
24,510,3,16,18,35,1,2,1,0,13,3,0,33,0,2,5,1,2,25,1,1,2,2,3,3,3,2,0,0,99,99,99,99,99,99,0,0,0,0,1,2,0,240190,50,2009,0,SR-140,GWYNNS FALLS PKWY,0000000,39.31713333,-76.65135278,1,2
24,33,1,2,19,7,1,2,1,1,12,3,0,8,0,1,1,2,2,55,1,1,2,1,0,0,2,1,0,0,99,99,99,99,88,88,0,0,0,0,1,6,0,240191,569,2009,119,SR-4,99999999999999999999,0000000,38.85367778,-76.91111944,1,1
24,33,3,7,22,27,2,2,0,0,13,3,0,12,2,8,1,1,2,35,1,1,2,1,0,0,3,1,0,0,99,99,99,99,99,99,0,0,0,0,1,7,1,240192,365,2009,64,SR-223,99999999999999999999,0000000,38.76471667,-76.90151389,2,1
24,33,3,28,4,27,2,2,0,0,14,4,0,13,2,1,1,3,2,35,1,1,2,2,0,0,3,2,0,0,99,99,99,99,99,99,0,0,0,0,1,7,1,240193,450,2009,33,CO-3074,99999999999999999999,0000000,38.84974444,-76.8824,2,2
24,13,1,10,5,20,2,2,0,0,4,3,0,12,4,1,1,1,2,40,2,1,2,1,0,0,2,1,0,0,99,99,99,99,99,99,0,0,0,0,1,7,1,240194,0,2009,99,SR-32,99999999999999999999,0000000,39.48397222,-76.955925,2,1
24,510,5,22,15,33,2,3,0,0,14,6,0,12,4,8,1,3,2,25,1,2,1,1,0,0,1,1,0,0,99,99,99,99,99,99,0,0,0,0,1,6,1,240195,50,2009,0,SINCLAIR LN,MORAVIA RD,0000000,39.32241389,-76.546125,2,1
24,25,6,2,13,5,2,2,0,0,4,3,0,12,2,1,1,1,2,50,1,1,2,1,0,0,1,1,0,0,99,99,99,99,99,99,0,0,0,0,1,3,0,240196,0,2009,139,SR-543,99999999999999999999,0000000,39.62968889,-76.32811667,2,1
24,5,6,6,17,3,2,2,0,0,14,4,0,12,3,8,1,1,2,30,1,1,2,1,0,0,1,1,0,0,99,99,99,99,99,99,0,0,0,0,1,7,0,240197,0,2009,4,CO-4417,99999999999999999999,0000000,39.327925,-76.51758611,2,1
24,5,6,20,17,26,2,4,0,0,4,3,0,12,2,1,1,1,2,40,2,3,2,1,0,0,1,1,0,0,99,99,99,99,99,99,0,0,0,0,2,7,0,240198,0,2009,8,SR-439,99999999999999999999,0000000,39.70232778,-76.63272778,2,1
24,5,6,21,8,27,2,2,0,1,11,1,0,12,1,13,1,6,1,99,2,1,2,1,0,0,1,1,0,0,99,99,99,99,88,88,0,0,0,0,1,1,0,240199,0,2009,274,I-695 RAMP,99999999999999999999,0000000,39.36930833,-76.51248056,2,1
24,3,6,8,11,38,1,1,0,1,2,3,0,24,0,1,6,2,2,55,1,1,2,1,0,0,1,1,0,0,99,99,99,99,99,99,0,0,0,0,1,2,1,240200,0,2009,0,SR-4,99999999999999999999,0000000,38.8042,-76.69100833,1,1
24,43,6,12,6,35,2,2,0,0,14,4,0,12,1,1,1,1,2,40,2,2,2,2,0,0,1,1,0,0,99,99,99,99,88,88,0,0,0,0,1,6,0,240201,0,2009,11,CO-1024,99999999999999999999,0000000,39.65936389,-77.69199167,2,1
24,5,6,16,23,26,1,2,0,0,14,3,0,42,0,1,6,1,2,35,1,1,1,1,0,0,3,1,0,0,99,99,99,99,99,99,0,0,0,0,1,3,0,240202,0,2009,3,SR-129,99999999999999999999,0000000,39.37829722,-76.71451389,1,1
24,5,6,21,3,44,1,1,0,0,13,4,0,25,0,1,4,3,2,40,1,1,2,1,0,0,3,1,0,0,99,99,99,99,88,88,0,0,0,0,1,1,1,240203,0,2009,0,CO-5212,99999999999999999999,0000000,39.2713,-76.50213611,1,1
24,19,6,23,3,41,1,1,0,1,2,2,0,32,0,1,6,2,2,55,1,1,2,1,0,0,2,1,0,0,99,99,99,99,88,88,0,0,0,0,1,3,0,240204,0,2009,43,US-50,99999999999999999999,0000000,38.55249444,-76.01273056,1,1
24,47,6,26,2,26,1,3,2,1,2,2,0,9,0,1,1,1,2,35,9,9,9,1,0,0,3,1,0,0,99,99,99,99,99,99,0,0,0,0,1,6,1,240205,0,2009,137,US-50,99999999999999999999,0000000,38.33909722,-75.129575,1,1
24,33,4,25,5,20,1,1,0,1,12,3,0,24,0,1,4,3,2,55,1,1,2,1,0,0,3,1,0,0,99,99,99,99,99,99,0,0,0,0,1,7,1,240206,365,2009,0,SR-5,99999999999999999999,0000000,38.76706667,-76.88446944,1,1
24,35,5,20,8,43,2,7,0,0,5,3,0,12,5,2,1,1,2,40,1,1,2,1,20,3,1,1,0,0,99,99,99,99,99,99,1,0,0,0,1,4,0,240207,270,2009,44,SR-304,ROLLING BRIDGE RD,0000000,39.03275278,-76.04968056,2,1
24,35,4,10,8,2,2,3,0,1,2,2,0,12,1,11,1,2,2,55,1,1,2,1,9,9,1,1,0,0,99,99,99,99,99,99,0,0,0,0,1,6,0,240208,0,2009,173,US-50,CENTREVILLE RD,0000000,38.95446944,-76.07826111,2,1
24,13,5,31,9,43,1,1,0,0,4,3,0,42,0,1,6,1,2,50,2,2,2,1,0,0,1,1,0,0,99,99,99,99,88,88,0,0,0,0,1,1,0,240209,1100,2009,17,SR-407,99999999999999999999,0000000,39.50861111,-77.08951944,1,1
24,510,5,2,14,57,1,3,1,0,14,6,0,8,0,1,1,1,2,25,1,1,2,1,0,0,1,1,0,0,99,99,99,99,88,88,0,0,0,0,1,7,0,240210,50,2009,0,WINDSOR MILL RD,99999999999999999999,0000000,39.311225,-76.70928889,1,1
24,510,4,14,22,14,2,4,0,0,14,6,0,12,4,1,1,1,2,25,1,2,2,2,0,0,3,2,0,0,99,99,99,99,99,99,0,0,0,0,1,3,1,240211,50,2009,0,HANOVER ST,99999999999999999999,0000000,39.26299444,-76.61470278,2,2
24,33,5,11,1,50,1,2,0,1,11,1,0,24,0,1,4,3,2,55,1,1,2,1,0,0,2,1,0,0,99,99,99,99,99,99,0,0,0,0,1,2,1,240212,879,2009,147,I-95,99999999999999999999,0000000,38.89095,-76.84653333,1,1
24,33,5,21,0,44,1,3,1,1,2,2,0,8,0,1,1,3,2,55,1,1,2,1,0,0,2,1,0,0,99,99,99,99,99,99,0,0,0,0,1,5,0,240213,175,2009,4,US-301,99999999999999999999,0000000,38.67559444,-76.87597222,1,1
24,33,5,9,3,38,1,2,1,0,13,3,0,8,0,1,1,2,2,35,1,1,2,1,0,0,2,1,0,0,99,99,99,99,88,88,0,0,0,0,1,7,0,240214,0,2009,37,SR-410,99999999999999999999,0000000,38.96081111,-76.92073333,1,1
24,47,5,16,20,3,1,3,1,1,2,2,0,8,0,1,1,3,2,40,1,1,2,1,0,0,1,1,0,0,99,99,99,99,99,99,0,0,0,0,1,7,1,240215,0,2009,135,US-50,99999999999999999999,0000000,38.33650556,-75.10644444,1,1
24,19,5,22,19,28,1,2,0,0,6,4,0,34,0,1,6,1,2,99,2,1,2,1,0,0,2,1,0,0,99,99,99,99,99,99,0,0,0,0,1,6,1,240216,1555,2009,0,CO-103,99999999999999999999,0000000,38.44626111,-76.29936111,1,1
24,33,4,13,19,8,1,3,0,1,12,3,0,42,0,1,6,3,2,45,1,1,2,2,0,0,5,2,0,0,99,99,99,99,99,99,0,19,0,0,1,2,0,240217,565,2009,120,SR-210,99999999999999999999,0000000,38.79503611,-76.99883889,1,2
24,33,5,4,8,49,2,3,0,0,14,4,0,12,4,1,1,1,2,35,2,2,2,2,0,0,1,2,0,0,99,99,99,99,99,99,0,0,0,0,1,2,0,240218,365,2009,4,CO-123,99999999999999999999,0000000,38.76221667,-76.925025,2,2
24,33,5,25,15,11,2,2,0,0,16,4,0,12,3,4,1,2,2,35,1,1,2,1,0,0,1,1,0,0,99,99,99,99,99,99,0,0,0,0,1,2,0,240219,565,2009,21,CO-600,99999999999999999999,0000000,38.72522778,-76.99321667,2,1
24,5,5,19,16,58,2,4,0,0,13,2,0,12,5,8,1,1,2,40,1,2,2,1,0,0,1,1,0,0,99,99,99,99,99,99,0,0,0,0,1,3,0,240220,0,2009,166,US-1,99999999999999999999,0000000,39.365525,-76.51861667,2,1
24,33,5,16,0,2,3,8,0,1,12,3,0,12,4,2,1,2,2,55,1,1,2,1,3,3,3,1,0,0,99,99,99,99,99,99,0,0,0,0,1,7,1,240221,569,2009,97,SR-4,CO-483,0000000,38.84124444,-76.87416944,3,1
24,27,6,11,22,30,2,6,0,1,12,3,0,12,2,1,1,1,2,55,1,1,2,1,0,0,2,1,0,0,99,99,99,99,99,99,0,0,0,0,1,5,1,240222,0,2009,126,SR-32,99999999999999999999,0000000,39.21669444,-76.96094444,2,1
24,3,6,25,19,44,2,2,0,0,4,3,0,12,2,1,1,1,2,45,2,2,2,1,0,0,2,1,0,0,99,99,99,99,99,99,0,0,0,0,1,5,0,240223,0,2009,0,SR-450,99999999999999999999,0000000,38.99360556,-76.65869167,2,1
24,3,6,24,23,19,1,1,0,1,12,3,0,24,0,1,6,9,2,55,1,2,2,1,0,0,2,1,0,0,23,19,23,25,88,88,0,0,0,0,1,4,1,240224,0,2009,0,SR-10,99999999999999999999,0000000,39.13338889,-76.58741111,1,1
24,25,6,8,21,30,1,2,1,0,13,2,0,8,0,2,1,3,2,40,1,1,2,1,0,0,1,1,0,0,99,99,99,99,99,99,0,0,0,0,1,2,0,240225,0,2009,9,US-40,CAROL AVE,0000000,39.49903333,-76.17179722,1,1
24,5,6,13,3,37,1,1,0,0,13,3,0,43,0,1,6,1,2,45,1,2,2,1,0,0,3,1,0,0,99,99,99,99,99,99,0,0,0,0,1,7,1,240226,0,2009,140,SR-45,99999999999999999999,0000000,39.56040833,-76.65573056,1,1
24,5,6,19,1,58,1,2,1,0,13,3,0,8,0,1,1,2,2,30,1,1,1,1,0,0,3,1,0,0,99,99,99,99,99,99,0,0,0,0,1,6,0,240227,0,2009,26,SR-150,99999999999999999999,0000000,39.31275278,-76.46513333,1,1
24,3,6,27,0,59,1,1,0,1,11,1,0,1,0,1,1,3,2,65,2,2,2,1,0,0,3,1,0,0,99,99,99,99,88,88,0,0,0,0,1,7,1,240228,0,2009,138,I-97,99999999999999999999,0000000,39.15545556,-76.64586111,1,1
24,3,6,27,20,38,2,2,0,0,5,3,0,12,2,1,1,1,2,40,2,1,2,1,0,0,5,1,0,0,99,99,99,99,88,88,0,0,0,0,1,7,1,240229,0,2009,0,SR-256,99999999999999999999,0000000,38.812325,-76.53908611,2,1
24,31,6,20,2,12,1,1,0,0,13,3,0,42,0,1,6,1,2,40,1,2,2,1,0,0,2,1,0,0,99,99,99,99,88,88,0,0,0,0,1,7,1,240230,0,2009,147,SR-97,99999999999999999999,0000000,39.19315,-77.06694722,1,1
24,3,6,30,14,24,2,2,0,1,11,1,0,1,0,1,1,3,4,65,1,1,2,1,0,0,1,1,0,0,14,22,14,27,88,88,0,0,0,0,1,3,0,240231,0,2009,132,I-97,99999999999999999999,0000000,39.14350833,-76.64448611,2,1
24,31,6,26,19,22,1,8,0,0,13,3,0,16,0,1,1,1,2,30,1,1,2,2,0,0,1,2,6,0,99,99,99,99,99,99,0,0,0,0,2,6,0,240232,0,2009,13,SR-185,99999999999999999999,0000000,38.98806111,-77.07715,1,2
24,27,6,30,16,34,2,3,0,1,11,1,0,12,1,1,1,3,2,65,1,1,2,1,0,0,1,1,0,0,18,32,18,36,19,16,0,0,0,0,2,3,0,240233,0,2009,69,I-70,99999999999999999999,0000000,39.33296944,-77.03347222,2,1
24,43,7,6,19,55,1,1,0,1,11,1,0,42,0,1,6,2,2,65,1,1,2,1,0,0,1,1,0,0,19,55,20,1,20,44,0,0,0,0,1,2,0,240234,0,2009,119,I-81,99999999999999999999,0000000,39.62073056,-77.77981389,1,1
24,15,7,7,17,25,2,3,0,0,3,3,0,12,99,8,1,1,2,50,1,1,2,1,0,0,1,1,0,0,17,24,17,26,88,88,0,0,0,0,1,3,1,240235,0,2009,46,SR-273,99999999999999999999,0000000,39.70388611,-76.01474722,2,1
24,31,7,7,22,53,2,3,0,1,11,1,0,12,1,1,1,3,3,55,2,2,2,1,0,0,3,1,0,0,99,99,99,99,99,99,0,0,0,0,2,3,1,240236,0,2009,5,I-495,99999999999999999999,0000000,38.97228889,-77.17921389,2,1
24,41,7,10,17,24,2,1,0,1,13,2,0,30,0,1,6,2,2,55,1,1,2,1,0,0,1,1,0,0,17,20,17,25,88,88,0,0,0,0,1,6,1,240237,0,2009,184,US-50,99999999999999999999,0000000,38.67391944,-76.05663333,1,1
24,3,7,11,1,18,1,1,0,1,13,3,0,33,0,1,4,2,2,40,1,1,2,1,0,0,3,1,0,0,1,19,1,24,88,88,0,0,0,0,1,7,0,240238,0,2009,0,SR-3,99999999999999999999,0000000,39.02608611,-76.69178056,1,1
24,17,7,16,19,57,1,1,0,1,2,3,0,24,0,1,3,3,2,55,1,1,2,1,0,0,5,1,0,0,19,56,20,1,20,57,0,0,0,0,1,5,0,240239,0,2009,11,SR-5,99999999999999999999,0000000,38.54514444,-76.79533611,1,1
24,5,7,11,9,57,1,1,0,0,13,3,0,1,0,1,1,1,2,35,2,2,2,1,0,0,1,1,0,0,99,99,99,99,99,99,0,0,0,0,1,7,0,240240,0,2009,56,SR-147,99999999999999999999,0000000,39.43188333,-76.49128056,1,1
24,3,7,16,17,2,1,1,0,1,13,3,0,31,0,13,6,6,1,40,2,2,2,1,0,0,1,1,0,0,17,1,17,11,88,88,0,0,0,0,1,5,1,240241,0,2009,0,SR-3,99999999999999999999,0000000,39.06784722,-76.640625,1,1
24,5,7,21,23,21,1,1,0,0,12,3,0,34,0,13,6,6,1,40,1,1,2,1,0,0,2,1,0,0,99,99,99,99,99,99,0,0,0,0,1,3,1,240242,0,2009,13,SR-702,99999999999999999999,0000000,39.31391389,-76.45900833,1,1
24,3,7,22,13,15,1,2,0,0,15,4,0,31,0,1,6,1,2,35,2,2,2,1,0,0,1,1,0,0,99,99,99,99,99,99,0,0,0,0,1,4,0,240243,0,2009,0,CO-957,99999999999999999999,0000000,39.10775278,-76.82009722,1,1
24,21,7,15,20,9,2,6,0,0,4,3,0,12,3,1,1,1,2,40,1,1,2,1,0,0,5,1,0,0,20,23,20,24,21,30,0,0,0,0,1,4,0,240244,0,2009,67,SR-80,99999999999999999999,0000000,39.33460556,-77.33265556,2,1
24,45,7,24,21,29,1,3,1,1,2,2,0,8,0,1,1,2,2,50,1,1,2,1,0,0,3,1,0,0,99,99,99,99,88,88,0,0,0,0,1,6,0,240245,0,2009,136,US-50,99999999999999999999,0000000,38.38809167,-75.6216,1,1
24,21,7,25,12,41,2,4,0,0,3,3,0,12,2,1,1,1,2,55,1,2,2,1,0,0,1,1,0,0,12,41,12,53,13,44,0,0,0,0,1,7,1,240246,0,2009,58,SR-26,99999999999999999999,0000000,39.45859444,-77.30349444,2,1
24,47,7,27,14,21,2,8,0,1,2,2,0,12,5,2,1,2,2,55,1,1,2,1,0,0,1,1,0,0,14,19,14,25,14,41,0,0,0,0,1,2,0,240247,0,2009,116,US-50,JERRY MACK RD,0000000,38.33846667,-75.13422222,2,1
24,3,7,27,21,51,1,3,1,1,13,3,0,8,0,2,1,2,2,45,1,1,2,1,3,3,3,1,0,0,21,50,21,56,88,88,0,0,0,0,1,2,0,240248,0,2009,0,SR-2,WEST ORDNANCE RD,0000000,39.19368333,-76.61358889,1,1
24,25,5,31,22,25,2,2,0,0,4,3,0,12,4,1,1,1,2,45,1,3,2,1,0,0,2,1,0,0,0,2,0,23,1,10,0,0,0,0,1,1,0,240249,0,2009,283,SR-136,99999999999999999999,0000000,39.70401667,-76.5063,2,1
24,5,6,8,9,15,1,1,0,1,11,1,0,24,0,13,6,6,1,99,2,1,2,1,0,0,1,1,0,0,99,99,99,99,88,88,0,0,0,0,1,2,0,240250,0,2009,21,I-70,99999999999999999999,0000000,39.30777222,-76.74315,1,1
24,33,6,4,1,0,1,2,1,0,3,3,0,8,0,2,1,2,2,55,1,1,2,2,3,3,3,1,0,1,99,99,99,99,88,88,0,0,0,0,1,5,0,240251,21,2009,0,SR-210,SR-373,0000000,38.67009722,-77.01158611,1,1
24,21,6,12,20,51,1,1,0,0,6,4,0,1,0,1,6,1,2,50,1,2,2,1,0,0,2,1,0,0,99,99,99,99,99,99,0,0,0,0,1,6,1,240252,0,2009,0,CO-731,99999999999999999999,0000000,39.37870556,-77.18449167,1,1
24,29,6,17,6,32,1,1,0,0,3,3,0,42,0,1,6,1,2,55,1,1,2,1,0,0,1,1,0,0,7,1,7,18,7,45,0,0,0,0,1,4,0,240253,310,2009,0,SR-20,99999999999999999999,0000000,39.21223889,-76.17585278,1,1
24,1,1,10,18,46,2,3,2,1,11,1,0,14,1,1,2,3,2,65,1,2,2,4,0,0,2,4,0,0,18,42,18,50,19,14,0,0,0,0,1,7,0,240254,0,2009,258,I-68,99999999999999999999,0000000,39.69936111,-78.56061389,1,4
24,510,5,29,14,16,2,2,0,9,99,9,0,12,2,1,1,1,2,25,1,1,2,1,0,0,1,1,0,0,99,99,99,99,88,88,0,0,0,0,1,6,0,240255,50,2009,0,CHATHAM RD,99999999999999999999,0000000,39.33048056,-76.68426944,2,1
24,35,6,27,20,39,1,1,0,0,5,3,0,42,0,1,6,1,2,50,2,1,2,1,0,0,2,1,0,0,20,25,20,30,21,35,0,0,0,0,1,7,1,240256,270,2009,21,SR-481,99999999999999999999,0000000,38.97514167,-75.97036111,1,1
24,510,6,27,17,43,1,2,1,0,13,6,0,8,0,2,1,2,2,30,1,1,2,1,3,3,1,1,0,0,99,99,99,99,99,99,0,0,0,0,1,7,0,240257,50,2009,0,SINCLAIR LN,FRANKFORD AVE,0000000,39.323875,-76.54080278,1,1
24,1,7,2,20,39,1,1,0,0,6,4,0,30,0,1,6,1,2,50,2,1,2,1,0,0,5,1,0,0,99,99,99,99,88,88,0,0,0,0,1,5,1,240258,0,2009,19,CO-235,99999999999999999999,0000000,,,1,1
24,33,7,5,0,29,1,1,0,0,14,2,0,43,0,1,3,2,2,30,1,2,1,1,0,0,3,1,0,0,99,99,99,99,99,99,0,0,0,0,1,1,1,240259,390,2009,0,US-1AL,99999999999999999999,0000000,38.93226389,-76.95552778,1,1
24,31,7,21,16,6,2,2,0,0,4,3,0,12,2,1,1,1,2,40,2,2,2,1,0,0,1,1,0,0,99,99,99,99,99,99,0,0,0,0,1,3,0,240260,0,2009,0,SR-80,99999999999999999999,0000000,39.32871944,-77.2129,2,1
24,47,7,30,23,51,1,1,0,0,4,3,0,5,0,1,6,1,2,50,1,1,2,1,0,0,2,1,0,0,23,51,23,56,99,99,0,0,0,0,1,5,1,240261,0,2009,1,SR-589,99999999999999999999,0000000,38.36324444,-75.16771667,1,1
24,13,7,12,1,1,1,1,0,0,4,4,0,42,0,1,6,1,2,40,2,1,2,1,0,0,2,1,0,0,0,58,1,7,88,88,0,0,0,0,1,1,1,240262,0,2009,17,CO-538,99999999999999999999,0000000,39.50728611,-76.94871389,1,1
24,39,7,12,8,38,1,1,0,1,1,2,0,42,0,1,6,3,2,55,1,1,2,1,0,0,1,1,0,0,99,99,99,99,88,88,0,0,0,0,1,1,0,240263,0,2009,125,US-13,99999999999999999999,0000000,38.19046944,-75.6949,1,1
24,37,5,30,23,18,1,1,0,1,13,3,0,43,0,2,6,2,2,45,1,1,2,2,3,3,3,1,0,0,23,18,23,21,23,45,0,0,0,0,1,7,0,240264,0,2009,139,SR-235,CO-426,0000000,38.28670278,-76.47831944,1,1
24,27,3,1,3,57,2,5,0,1,12,3,0,12,1,1,1,1,2,50,1,2,2,3,0,0,2,4,0,0,99,99,99,99,99,99,0,0,0,0,2,1,1,240265,0,2009,142,SR-32,99999999999999999999,0000000,39.23218611,-76.97399167,2,4
24,33,4,27,13,25,3,4,0,1,11,1,0,12,3,1,1,3,4,55,1,1,2,1,0,0,1,1,0,0,99,99,99,99,99,99,0,0,0,0,1,2,0,240266,0,2009,230,I-95,99999999999999999999,0000000,39.00374444,-76.89584167,3,1
24,5,5,24,21,15,4,9,0,1,11,1,0,14,1,13,2,6,2,50,2,2,2,1,0,0,2,1,0,0,99,99,99,99,99,99,0,0,0,0,1,1,1,240267,0,2009,0,I-695 RAMP,I-795,0000000,39.37511389,-76.74675556,3,1
24,5,6,21,3,7,3,4,3,1,11,1,0,14,3,1,2,3,3,55,1,1,2,1,0,0,2,1,0,0,99,99,99,99,99,99,0,0,0,0,2,1,1,240268,0,2009,28,I-70,99999999999999999999,0000000,39.30594444,-76.74439444,1,1
24,33,6,27,21,0,1,1,0,9,99,9,0,39,0,1,2,1,2,40,1,1,2,1,0,0,2,1,0,0,99,99,99,99,99,99,0,0,0,0,1,7,0,240269,0,2009,7,NATIONAL HRBOR BLVD,99999999999999999999,0000000,38.78630556,-77.015275,1,1
24,33,6,25,4,50,2,3,0,0,13,2,0,12,2,2,1,1,2,30,1,1,2,1,3,3,3,1,0,0,99,99,99,99,99,99,0,0,0,0,1,5,1,240270,370,2009,50,US-1,METZEROTT RD,0000000,38.998575,-76.93167778,2,1
24,25,6,7,16,42,2,3,0,0,3,3,0,12,2,1,1,1,2,40,1,1,2,1,0,0,1,1,0,0,16,41,16,53,99,99,0,0,0,0,1,1,0,240271,0,2009,132,SR-23,99999999999999999999,0000000,39.63715833,-76.555825,2,1
24,1,7,10,20,42,1,1,0,0,13,3,0,1,0,1,1,1,2,50,2,2,2,1,0,0,2,1,0,0,20,40,20,56,21,58,0,0,0,0,1,6,0,240272,0,2009,197,SR-51,99999999999999999999,0000000,39.52622222,-78.53482222,1,1
24,31,7,12,6,32,1,1,0,0,6,4,0,42,0,1,6,1,2,30,1,1,2,1,0,0,2,1,0,0,99,99,99,99,88,88,0,0,0,0,1,1,1,240273,1250,2009,9,CO-270,99999999999999999999,0000000,39.08530278,-77.41765,1,1
24,3,7,19,13,54,3,7,0,0,6,3,0,12,1,1,1,1,2,50,2,2,2,1,0,0,1,1,0,0,13,52,14,2,88,88,0,0,0,0,1,1,0,240274,0,2009,0,SR-258,99999999999999999999,0000000,38.79175833,-76.66199722,3,1
24,13,7,19,22,30,2,6,1,0,3,3,0,8,0,1,2,1,2,50,2,1,2,1,0,0,1,1,0,0,99,99,99,99,99,99,0,0,0,0,1,1,1,240275,0,2009,12,SR-194,99999999999999999999,0000000,39.609325,-77.23710556,1,1
24,47,7,7,10,0,2,2,0,1,2,2,0,12,2,1,1,1,2,55,1,1,2,1,0,0,1,1,0,0,9,46,9,49,88,88,0,0,0,0,1,3,0,240276,0,2009,130,US-113,99999999999999999999,0000000,38.18233889,-75.37488056,2,1
24,25,7,11,2,43,2,2,0,1,1,1,0,14,1,1,2,3,3,65,1,2,2,1,0,0,2,1,0,0,99,99,99,99,88,88,0,0,0,0,1,7,1,240277,0,2009,102,I-95,99999999999999999999,0000000,39.50410556,-76.21911111,1,1
24,510,6,6,0,30,1,2,1,0,14,3,0,8,0,1,1,1,2,25,1,2,2,1,0,0,3,1,0,0,99,99,99,99,99,99,0,0,0,0,1,7,1,240278,50,2009,0,SR-648,99999999999999999999,0000000,39.24790833,-76.64023889,1,1
24,9,7,24,10,47,2,2,0,1,2,3,0,12,5,2,1,3,2,45,1,2,2,1,0,0,1,1,0,0,10,47,11,4,99,99,0,0,0,0,1,6,0,240279,0,2009,320,SR-4,APPLE WAY,0000000,38.71424722,-76.65830556,2,1
24,31,7,29,19,0,3,5,0,0,14,4,0,13,5,1,1,2,2,35,2,1,2,2,0,0,1,2,0,0,99,99,99,99,99,99,0,0,0,0,1,4,0,240280,0,2009,1,CO-4991,99999999999999999999,0000000,39.12609722,-77.16565,3,2
24,31,8,1,2,34,2,2,0,1,11,1,0,12,1,1,1,3,2,55,1,1,2,1,0,0,2,1,0,0,99,99,99,99,99,99,0,0,0,0,1,7,1,240281,0,2009,114,I-270,99999999999999999999,0000000,39.14861667,-77.21693056,2,1
24,15,8,1,20,25,2,6,0,0,3,3,0,12,2,1,1,1,2,50,1,1,2,2,0,0,2,1,0,0,99,99,99,99,99,99,0,0,0,0,1,7,0,240282,0,2009,170,SR-213,99999999999999999999,0000000,39.58505278,-75.82248611,2,1
24,31,8,14,20,6,1,2,1,1,13,2,0,8,0,1,1,3,2,40,2,2,2,1,0,0,5,1,0,0,99,99,99,99,99,99,0,0,0,0,1,6,0,240283,0,2009,23,US-29,99999999999999999999,0000000,39.017125,-77.01586667,1,1
24,9,8,31,8,47,2,3,0,0,5,4,0,12,2,1,1,1,2,40,1,1,2,2,0,0,1,2,0,0,8,48,8,54,9,29,0,0,0,0,1,2,0,240284,0,2009,37,CO-133,99999999999999999999,0000000,38.70001389,-76.59220556,2,2
24,33,8,1,23,18,1,1,0,1,11,1,0,1,0,13,6,6,1,35,1,1,2,1,0,0,3,1,0,0,99,99,99,99,88,88,0,0,0,0,1,7,1,240285,0,2009,221,I-95 RAMP,99999999999999999999,0000000,38.99267222,-76.88369722,1,1
24,45,8,2,2,3,1,3,1,1,2,2,0,8,0,1,1,2,2,55,1,1,2,1,0,0,2,1,0,0,99,99,99,99,88,88,0,0,0,0,1,1,0,240286,0,2009,16,US-50,99999999999999999999,0000000,38.49437778,-75.82986944,1,1
24,3,8,3,17,56,1,3,0,1,2,3,0,28,0,1,6,2,2,55,1,1,2,2,0,0,1,1,0,0,17,55,18,29,18,32,0,0,0,0,2,2,0,240287,0,2009,0,SR-4,99999999999999999999,0000000,38.78185556,-76.66401389,1,1
24,31,8,10,20,27,1,2,1,0,4,3,0,8,0,1,1,1,2,45,1,2,2,1,0,0,2,1,0,0,99,99,99,99,99,99,0,0,0,0,1,2,0,240288,0,2009,88,SR-117,99999999999999999999,0000000,39.15540556,-77.26080556,1,1
24,17,8,9,15,4,2,6,0,0,5,4,0,12,2,1,1,1,2,40,1,2,1,1,0,0,1,1,0,0,15,6,15,11,88,88,0,0,0,0,1,1,0,240289,0,2009,81,CO-47,99999999999999999999,0000000,38.606275,-76.98648056,2,1
24,3,8,13,19,58,1,1,0,0,6,3,0,1,0,1,6,2,2,55,1,1,2,1,0,0,5,1,0,0,19,58,20,7,88,88,0,0,0,0,1,5,1,240290,0,2009,0,SR-794,99999999999999999999,0000000,38.80346389,-76.68903333,1,1
24,3,8,18,2,29,2,2,0,0,14,3,0,12,2,2,1,1,2,30,1,1,2,1,0,0,3,1,0,0,2,30,2,35,3,2,0,0,0,0,1,3,2,240291,0,2009,32,SR-3,CO-648,0000000,39.16487222,-76.625175,2,1
24,3,8,18,21,15,1,6,1,0,16,3,0,8,0,1,1,2,2,45,1,2,2,2,0,0,3,2,0,0,21,10,21,14,21,30,0,0,0,0,1,3,0,240292,0,2009,39,SR-3,99999999999999999999,0000000,39.17279167,-76.62036944,1,2
24,31,7,11,6,18,1,1,0,0,14,3,0,53,0,1,6,1,2,35,2,2,2,1,0,0,1,1,0,0,99,99,99,99,99,99,0,0,0,0,1,7,1,240293,0,2009,26,SR-191,99999999999999999999,0000000,39.00554444,-77.14221944,1,1