STATE,COUNTY,MONTH,DAY,HOUR,MINUTE,VE_TOTAL,PERSONS,PEDS,NHS,ROAD_FNC,ROUTE,SP_JUR,HARM_EV,MAN_COLL,REL_JUNC,REL_ROAD,TRAF_FLO,NO_LANES,SP_LIMIT,ALIGNMNT,PROFILE,PAVE_TYP,SUR_COND,TRA_CONT,T_CONT_F,LGT_COND,WEATHER1,WEATHER2,WRK_ZONE,NOT_HOUR,NOT_MIN,ARR_HOUR,ARR_MIN,HOSP_HR,HOSP_MN,SCH_BUS,CF1,CF2,CF3,FATALS,DAY_WEEK,DRUNK_DR,ST_CASE,CITY,YEAR,MILEPT,TWAY_ID,TWAY_ID2,RAIL,LATITUDE,LONGITUD,VE_FORMS,WEATHER
24,39,5,10,1,36,2,5,0,0,6,3,0,12,5,2,1,1,2,25,1,1,2,1,20,3,3,1,0,0,1,33,1,36,99,99,0,0,0,0,1,1,0,240294,0,2009,0,SR-918,BEECHWOOD ST,0000000,38.19880833,-75.69043611,2,1
24,33,7,30,20,27,1,1,0,0,15,8,0,33,0,1,4,1,2,35,2,1,2,1,0,0,3,1,0,0,99,99,99,99,99,99,0,0,0,0,1,5,0,240295,0,2009,22,HARRY S. TRUMAN DR,99999999999999999999,0000000,38.89749722,-76.84276667,1,1
24,5,7,26,20,8,1,1,0,1,11,1,0,1,0,13,1,6,1,50,2,2,2,1,0,0,3,1,0,0,99,99,99,99,88,88,0,0,0,0,1,1,1,240296,0,2009,120,I-695,99999999999999999999,0000000,39.21090833,-76.64650556,1,1
24,17,8,9,12,27,1,1,0,0,6,4,0,1,0,1,6,1,2,35,2,2,2,1,0,0,1,1,0,0,12,29,12,43,13,7,0,0,0,0,1,1,0,240297,0,2009,14,CO-138,99999999999999999999,0000000,38.56803333,-77.062225,1,1
24,21,8,17,6,38,2,2,0,0,3,3,0,12,2,1,1,1,2,55,1,2,2,1,0,0,1,1,0,0,99,99,99,99,88,88,0,0,0,0,1,2,0,240298,0,2009,162,SR-26,99999999999999999999,0000000,39.46282778,-77.125225,2,1
24,3,4,25,15,31,2,2,0,0,4,3,0,12,2,1,1,1,2,50,2,1,2,1,0,0,1,1,0,0,15,35,15,39,99,99,0,0,0,0,1,7,0,240299,0,2009,0,SR-2,99999999999999999999,0000000,38.83389167,-76.60955556,2,1
24,3,6,23,16,19,2,2,0,1,2,3,0,12,5,2,1,1,2,35,2,2,2,1,99,9,1,1,0,0,16,16,16,44,16,48,0,0,0,0,1,3,0,240300,0,2009,0,SR-4,PINDELL RD,0000000,38.77021389,-76.65847778,2,1
24,510,4,10,18,36,2,4,0,0,13,6,0,12,5,2,1,3,2,30,1,1,2,1,3,3,3,1,0,0,99,99,99,99,99,99,0,0,0,0,1,6,0,240301,50,2009,0,NORTHERN PKWY,MCLEAN BLVD,0000000,39.36837778,-76.56700278,2,1
24,510,6,17,15,5,2,3,0,0,13,6,0,12,7,1,1,3,2,35,2,1,2,2,0,0,1,2,0,0,99,99,99,99,99,99,0,0,0,0,1,4,0,240302,50,2009,0,N. HILTON PKWY,99999999999999999999,0000000,39.29199722,-76.67216667,2,2
24,510,7,14,13,51,1,8,1,0,15,6,0,8,0,2,1,1,2,30,1,1,2,1,20,3,1,1,0,0,99,99,99,99,99,99,0,0,0,0,1,3,0,240303,50,2009,0,RAMSAY ST,MONROE ST,0000000,39.28314444,-76.64665556,1,1
24,27,8,28,0,25,1,2,1,0,14,3,0,9,0,1,1,2,2,45,1,1,2,2,0,0,3,2,0,0,99,99,99,99,99,99,0,0,0,0,1,6,1,240304,0,2009,149,SR-108,99999999999999999999,0000000,39.18975833,-76.79627778,1,2
24,510,5,25,1,1,1,2,1,0,14,6,0,8,0,1,1,2,2,35,1,2,2,1,0,0,3,1,0,0,99,99,99,99,99,99,0,0,0,0,1,2,0,240305,50,2009,0,MONROE ST,99999999999999999999,0000000,39.27100278,-76.63665556,1,1
24,33,4,18,3,1,1,5,0,0,15,4,0,42,0,1,6,1,2,40,1,1,2,1,0,0,3,1,0,0,99,99,99,99,99,99,0,0,0,0,3,7,1,240306,100,2009,25,CO-21,99999999999999999999,0000000,39.05635,-76.86850556,1,1
24,15,8,1,21,48,1,3,2,0,6,4,0,8,0,1,1,1,2,35,1,1,2,1,0,0,2,1,0,0,99,99,99,99,99,99,0,0,0,0,1,7,0,240307,0,2009,3,CO-9,99999999999999999999,0000000,39.71330278,-76.15041389,1,1
24,37,8,14,15,40,1,1,0,0,5,3,0,53,0,1,6,1,2,50,2,2,2,1,0,0,1,1,0,0,15,41,15,51,88,88,0,0,0,0,1,6,0,240308,0,2009,82,SR-238,99999999999999999999,0000000,38.371675,-76.77134444,1,1
24,43,8,13,20,55,1,1,0,0,4,3,0,24,0,1,4,1,2,55,2,2,2,1,0,0,2,1,0,0,99,99,99,99,88,88,0,0,0,0,1,5,1,240309,0,2009,29,SR-491,99999999999999999999,0000000,39.663525,-77.51717222,1,1
24,19,8,18,20,20,2,3,0,1,13,2,0,43,0,1,3,2,2,55,2,1,2,1,0,0,2,1,0,0,20,18,20,27,21,36,0,0,0,0,1,3,0,240310,0,2009,128,US-50,99999999999999999999,0000000,38.55266389,-76.00431944,2,1
24,5,8,18,22,35,1,2,1,0,14,4,0,8,0,1,1,1,2,30,2,2,2,1,0,0,3,1,0,0,99,99,99,99,99,99,0,0,0,0,1,3,0,240311,0,2009,12,CO-3200,99999999999999999999,0000000,39.247875,-76.66458333,1,1
24,43,8,21,1,25,1,2,0,0,5,3,0,37,0,1,6,1,2,50,1,1,2,1,0,0,2,1,0,0,1,28,1,33,99,99,0,0,0,0,1,6,1,240312,0,2009,7,SR-632,99999999999999999999,0000000,39.55928333,-77.793975,1,1
24,15,8,20,10,15,1,1,0,0,3,2,0,53,0,1,6,2,2,55,1,2,2,1,0,0,1,1,0,0,10,11,10,18,11,0,0,0,0,0,1,5,0,240313,0,2009,120,US-40,99999999999999999999,0000000,39.60786944,-75.85673333,1,1
24,3,8,22,18,52,1,2,1,0,15,3,0,33,0,1,4,1,2,35,1,1,2,2,0,0,5,2,0,0,18,52,18,55,19,10,0,0,0,0,1,7,0,240314,0,2009,34,SR-648,99999999999999999999,0000000,39.166475,-76.62659444,1,2
24,19,8,30,11,13,2,4,0,0,3,3,0,12,5,2,1,1,2,50,2,1,2,1,0,0,1,1,0,0,99,99,99,99,99,99,0,0,0,0,1,1,0,240315,0,2009,0,SR-392,LINKWOOD DR,0000000,38.59171667,-75.92672778,2,1
24,11,8,30,5,27,2,4,1,0,5,3,0,8,0,1,1,1,2,50,1,1,2,2,0,0,2,5,0,0,99,99,99,99,99,99,0,0,0,0,1,1,0,240316,0,2009,9,SR-302,99999999999999999999,0000000,39.13439722,-75.77718889,2,5
24,31,8,16,16,8,1,1,0,0,13,3,0,42,0,1,3,2,2,35,1,1,2,1,0,0,1,1,0,0,99,99,99,99,99,99,0,0,0,0,1,1,0,240317,0,2009,25,SR-185,99999999999999999999,0000000,39.00566944,-77.07833056,1,1
24,15,8,30,19,19,3,7,0,0,3,3,0,12,7,1,1,1,2,50,9,9,2,1,0,0,1,1,0,0,19,32,19,47,19,56,0,0,0,0,1,1,2,240318,0,2009,49,SR-273,99999999999999999999,0000000,39.70513889,-76.00358889,3,1
24,19,8,31,2,20,1,1,0,0,3,3,0,1,0,1,6,1,2,50,2,1,2,1,0,0,2,1,0,0,99,99,99,99,88,88,0,0,0,0,1,2,1,240319,0,2009,9,SR-318,99999999999999999999,0000000,38.69485556,-75.86759167,1,1
24,5,8,30,17,14,2,2,0,0,15,4,0,12,1,1,1,1,2,35,1,1,2,1,0,0,1,1,0,0,99,99,99,99,99,99,0,0,0,0,1,1,0,240320,0,2009,0,CO-4542,99999999999999999999,0000000,39.331475,-76.48037778,2,1
24,510,8,4,11,37,1,2,1,0,16,6,0,9,0,2,1,1,2,30,1,1,2,1,3,3,1,1,0,0,99,99,99,99,88,88,0,0,0,0,1,3,0,240321,50,2009,0,MARYLAND AVE,LAFAYETTE AVE,0000000,39.30968056,-76.61788056,1,1
24,45,8,5,14,25,2,1,0,1,2,2,0,14,1,1,2,1,2,55,1,1,2,1,0,0,1,1,0,0,99,99,99,99,99,99,0,0,0,0,1,4,0,240322,0,2009,258,US-50,99999999999999999999,0000000,38.38459444,-75.43212778,1,1
24,17,9,2,0,40,1,1,0,1,2,3,0,24,0,1,6,1,2,55,2,1,2,1,0,0,3,1,0,0,99,99,99,99,88,88,0,0,0,0,1,4,1,240323,0,2009,17,SR-5,99999999999999999999,0000000,38.53688611,-76.76997222,1,1
24,41,9,4,12,29,2,2,0,0,13,3,0,12,2,1,2,1,2,50,1,2,2,1,0,0,1,1,0,0,12,32,12,41,13,35,0,0,0,0,1,6,0,240324,0,2009,48,SR-328,99999999999999999999,0000000,38.81068611,-75.97243333,2,1
24,17,9,8,8,1,1,3,0,0,4,3,0,24,0,1,6,1,2,50,2,1,2,2,0,0,1,2,0,0,99,99,99,99,99,99,0,0,0,0,1,3,1,240325,0,2009,307,SR-6,99999999999999999999,0000000,38.48678611,-76.90841667,1,2
24,17,9,9,9,54,2,2,0,1,2,3,0,12,5,8,1,1,2,35,1,1,2,2,0,0,1,2,0,0,99,99,99,99,99,99,0,0,0,0,1,4,0,240326,0,2009,5,SR-5,99999999999999999999,0000000,38.61755833,-76.89143889,2,2
24,47,9,9,11,11,2,2,0,1,2,2,0,12,5,7,1,2,2,55,1,1,2,2,0,0,1,2,0,0,99,99,99,99,99,99,0,0,0,0,1,4,0,240327,0,2009,130,US-113,PUBLIC LANDING RD,0000000,38.17255556,-75.37316389,2,2
24,47,9,10,19,38,1,2,1,1,2,2,0,8,0,1,1,2,2,40,1,1,2,2,0,0,3,2,0,0,19,39,19,43,99,99,0,0,0,0,1,5,0,240328,0,2009,131,US-50,99999999999999999999,0000000,38.33686667,-75.1077,1,2
24,5,9,18,19,27,1,1,0,1,13,2,0,33,0,13,4,6,2,99,2,1,2,1,0,0,5,1,0,0,99,99,99,99,99,99,0,0,0,0,1,6,0,240329,0,2009,170,US-1 RAMP,99999999999999999999,0000000,39.38065278,-76.50265278,1,1
24,5,9,21,3,14,1,4,1,0,13,3,0,8,0,1,1,3,2,35,1,1,2,1,0,0,2,1,0,0,99,99,99,99,88,88,0,0,0,0,1,2,0,240330,0,2009,7,SR-150,99999999999999999999,0000000,39.29465278,-76.51496944,1,1
24,5,7,10,19,27,3,11,1,0,14,3,0,8,0,4,1,2,2,50,1,1,2,1,2,3,1,1,0,0,99,99,99,99,99,99,0,0,0,0,1,6,0,240331,0,2009,63,SR-151,MALL ENTRANCE,0000000,39.29123333,-76.508575,3,1
24,27,8,1,18,46,2,5,0,0,14,3,0,12,5,1,1,1,2,40,1,2,2,2,0,0,1,1,0,0,18,47,18,55,19,32,0,0,0,0,1,7,1,240332,0,2009,25,SR-175,99999999999999999999,0000000,39.15790278,-76.77911389,2,1
24,37,7,11,14,44,1,2,1,1,13,3,0,9,0,1,2,1,2,50,1,1,2,1,0,0,1,1,0,0,99,99,99,99,88,88,0,0,0,0,1,7,0,240333,935,2009,76,SR-235,99999999999999999999,0000000,38.22186389,-76.41008333,1,1
24,37,7,25,0,8,2,3,0,0,5,3,0,12,2,1,1,1,2,50,1,2,2,1,0,0,2,1,0,0,0,9,0,17,0,59,0,0,0,0,1,7,1,240334,1625,2009,77,SR-249,99999999999999999999,0000000,38.21272778,-76.51368056,2,1
24,25,7,31,2,30,1,2,1,0,13,2,0,8,0,1,2,3,2,55,1,1,2,1,0,0,2,1,0,0,99,99,99,99,88,88,0,0,0,0,1,6,0,240335,10,2009,115,US-40,99999999999999999999,0000000,39.49506667,-76.18155833,1,1
24,37,7,9,17,5,2,2,0,0,4,3,0,12,1,2,1,1,2,50,1,1,2,1,0,0,1,1,0,0,17,7,17,16,18,11,0,0,0,0,1,5,0,240336,955,2009,302,SR-5,CO-97,0000000,38.33159167,-76.676675,2,1
24,33,7,18,19,4,2,2,0,1,11,1,0,12,1,1,1,3,4,55,1,1,2,1,0,0,1,1,0,0,99,99,99,99,88,88,0,0,0,0,1,7,0,240337,1558,2009,73,I-95,99999999999999999999,0000000,38.81944722,-76.91644167,2,1
24,5,7,20,2,33,2,2,0,1,11,1,0,12,1,1,1,3,4,55,1,2,2,1,0,0,3,1,0,0,99,99,99,99,99,99,0,0,0,0,1,2,1,240338,0,2009,45,I-695,99999999999999999999,0000000,39.27225556,-76.72331111,2,1
24,5,8,8,16,41,1,1,0,0,14,4,0,31,0,1,6,1,2,40,2,1,2,1,0,0,1,1,0,0,99,99,99,99,88,88,0,0,0,0,1,7,1,240339,0,2009,0,CO-5677,99999999999999999999,0000000,39.22184722,-76.43166944,1,1
24,31,8,2,14,14,3,5,0,0,13,3,0,12,2,1,1,1,2,30,1,1,2,1,0,0,1,1,0,0,99,99,99,99,99,99,0,0,0,0,1,1,0,240340,223,2009,31,SR-198,99999999999999999999,0000000,39.11148056,-76.93150556,3,1
24,31,8,6,16,36,1,2,1,0,13,3,0,8,0,2,1,1,2,45,2,2,2,1,3,3,1,1,0,0,99,99,99,99,99,99,0,0,0,0,1,5,0,240341,0,2009,127,SR-190,SR-188,0000000,38.98349722,-77.13784167,1,1
24,33,8,9,4,36,1,6,1,1,11,1,0,8,0,1,1,3,4,55,2,1,2,1,0,0,2,1,0,0,99,99,99,99,88,88,0,0,0,0,1,1,0,240342,365,2009,82,I-95,99999999999999999999,0000000,38.81969167,-76.91921111,1,1
24,13,8,3,3,23,1,1,0,1,13,3,0,53,0,1,6,1,2,50,2,1,2,1,0,0,2,1,0,0,3,24,3,32,3,49,0,0,0,0,1,2,0,240343,0,2009,83,SR-140,99999999999999999999,0000000,39.56748889,-76.97892778,1,1
24,5,7,27,4,52,2,4,0,0,12,3,0,12,5,2,1,3,2,50,1,2,2,1,3,3,3,1,0,0,99,99,99,99,88,88,0,0,0,0,3,2,0,240344,0,2009,36,SR-43,CO-6539,0000000,39.37929444,-76.46029444,2,1
24,5,7,31,14,39,1,1,0,1,11,1,0,1,0,1,3,2,2,65,1,1,2,2,0,0,1,2,0,0,99,99,99,99,99,99,0,0,0,0,1,6,0,240345,0,2009,209,I-83,99999999999999999999,0000000,39.63335833,-76.67251111,1,2
24,33,8,5,18,31,2,2,0,1,2,2,0,12,7,2,1,3,2,55,1,1,2,1,99,9,1,1,0,0,99,99,99,99,88,88,0,0,0,0,1,4,0,240346,1620,2009,40,US-301,CO-166,0000000,38.71216944,-76.85408611,2,1
24,21,8,26,21,26,2,2,0,0,3,3,0,12,2,2,1,1,2,50,1,2,2,1,20,3,2,1,0,0,99,99,99,99,88,88,0,0,0,0,1,4,1,240347,0,2009,127,SR-26,CO-468,0000000,39.478075,-77.18547778,2,1
24,5,9,7,1,33,2,2,0,0,14,4,0,45,4,1,1,1,2,30,1,1,1,1,0,0,3,1,0,2,99,99,99,99,99,99,0,0,0,0,1,2,1,240348,0,2009,2,CO-4775,99999999999999999999,0000000,39.30856667,-76.46430833,1,1
24,27,9,10,17,23,2,2,0,1,12,3,0,12,1,2,1,1,2,50,1,1,2,1,0,0,1,1,0,0,17,23,17,28,18,8,0,0,0,0,1,5,0,240349,0,2009,21,SR-32,CO-2352,0000000,39.34161667,-76.95515278,2,1
24,5,9,12,21,48,2,3,0,0,14,3,0,12,5,2,1,1,2,30,1,2,2,1,3,3,3,1,0,0,99,99,99,99,99,99,0,0,0,0,1,7,1,240350,0,2009,6,SR-648,CO-3300,0000000,39.23472222,-76.64153611,2,1
24,3,9,18,17,44,2,2,0,0,14,4,0,12,5,8,1,1,2,40,1,1,2,1,0,0,1,1,0,0,17,44,17,48,99,99,0,0,0,0,1,6,0,240351,0,2009,52,CO-2749,99999999999999999999,0000000,38.97876111,-76.54852778,2,1
24,31,9,8,12,49,2,5,0,0,4,3,0,12,2,1,1,1,2,30,1,1,2,1,0,0,1,1,0,0,99,99,99,99,99,99,0,0,0,0,1,3,0,240352,0,2009,139,SR-124,99999999999999999999,0000000,39.24789167,-77.19198056,2,1
24,5,9,5,21,46,1,3,1,0,13,2,0,8,0,1,1,3,2,45,1,2,2,1,0,0,3,1,0,0,99,99,99,99,99,99,0,0,0,0,1,7,0,240353,0,2009,150,US-40,99999999999999999999,0000000,39.31920833,-76.51134167,1,1
24,5,9,24,13,42,1,1,0,0,4,3,0,32,0,1,6,1,2,40,2,2,2,2,0,0,1,1,0,0,99,99,99,99,99,99,0,0,0,0,1,5,1,240354,0,2009,69,SR-88,99999999999999999999,0000000,39.54760278,-76.74636944,1,1
24,5,9,28,10,24,1,1,0,1,11,1,0,42,0,1,6,2,2,50,2,2,2,2,0,0,1,2,0,0,99,99,99,99,88,88,0,0,0,0,1,2,1,240355,0,2009,48,I-83,99999999999999999999,0000000,39.423,-76.63856389,1,2
24,5,9,28,5,48,1,2,1,0,14,4,0,8,0,3,1,2,2,30,1,1,2,1,2,3,3,1,0,0,99,99,99,99,99,99,0,0,0,0,1,2,0,240356,0,2009,0,CO-2621,BALT NATIONAL PK,0000000,39.28826667,-76.73138056,1,1
24,5,9,29,5,25,1,2,1,0,13,3,0,8,0,2,1,2,2,35,1,1,2,1,3,3,3,1,0,0,99,99,99,99,99,99,0,0,0,0,1,3,0,240357,0,2009,56,SR-150,KINGSTON RD,0000000,39.32898611,-76.44056389,1,1
24,31,9,20,1,48,1,4,1,0,13,3,0,8,0,1,1,3,2,45,1,2,2,1,0,0,3,1,0,0,99,99,99,99,99,99,0,0,0,0,1,1,1,240358,0,2009,60,SR-97,99999999999999999999,0000000,39.07411944,-77.06653889,1,1
24,13,8,10,21,43,2,2,0,0,4,3,0,12,5,2,1,1,2,55,1,1,2,2,20,3,2,1,0,0,21,43,21,50,99,99,0,0,0,0,1,2,0,240359,0,2009,76,SR-97,CO-629,0000000,39.45700556,-77.00124167,2,1
24,33,8,2,14,2,1,1,0,0,15,4,0,39,0,1,6,2,2,30,2,2,1,1,0,0,1,1,0,0,99,99,99,99,99,99,0,0,0,0,1,1,0,240360,1330,2009,12,CO-302,99999999999999999999,0000000,38.96421389,-76.89168056,1,1
24,33,8,13,15,11,2,2,0,0,14,3,0,12,2,2,1,1,2,40,1,1,2,1,3,3,1,1,0,0,99,99,99,99,99,99,0,0,0,0,1,5,1,240361,1030,2009,7,SR-337,CO-127,0000000,38.81189167,-76.89588611,2,1
24,33,8,29,1,42,3,4,0,0,13,3,0,12,5,2,1,3,2,40,1,2,2,2,0,0,2,1,0,0,99,99,99,99,99,99,0,0,0,0,1,7,0,240362,240,2009,26,SR-214,WEST HAMPTON AVE,0000000,38.88956389,-76.86511389,3,1
24,33,7,25,20,5,1,2,1,1,11,1,0,8,0,1,1,3,4,55,1,1,2,2,0,0,5,2,0,0,99,99,99,99,99,99,0,0,0,0,1,7,0,240363,1558,2009,56,I-95,99999999999999999999,0000000,38.81740833,-76.94785556,1,2
24,21,9,30,22,43,1,2,0,0,4,3,0,31,0,1,6,1,2,45,1,1,2,1,0,0,2,1,0,0,99,99,99,99,88,88,0,0,0,0,2,4,0,240364,0,2009,23,SR-17,99999999999999999999,0000000,39.33068056,-77.63115278,1,1
24,37,9,1,18,35,3,7,0,0,4,3,0,12,1,2,1,1,2,50,1,1,2,1,99,9,1,1,0,0,18,37,18,45,19,5,0,0,0,0,1,3,0,240365,0,2009,196,SR-5,ASTER DR,0000000,38.23925833,-76.54046111,3,1
24,37,10,5,7,58,1,2,1,0,6,4,0,9,0,1,1,1,2,40,1,1,2,1,0,0,1,1,0,0,99,99,99,99,88,88,0,0,0,0,1,2,0,240366,0,2009,15,CO-195,99999999999999999999,0000000,38.33778611,-76.52453889,1,1
24,3,10,5,8,2,1,2,1,0,15,4,0,8,0,1,1,1,2,35,2,1,2,1,0,0,1,1,0,0,8,1,8,7,8,15,1,0,0,0,1,2,0,240367,0,2009,3,CO-1371,99999999999999999999,0000000,39.14033889,-76.62665556,1,1
24,5,10,5,8,54,2,3,0,0,4,3,0,12,5,2,1,1,2,40,1,3,2,1,3,3,1,1,0,0,99,99,99,99,99,99,0,0,0,0,1,2,0,240368,0,2009,140,SR-45,CORBETT RD,0000000,39.56963889,-76.65821944,2,1
24,43,10,4,7,0,1,1,0,1,11,1,0,24,0,1,6,3,2,65,2,2,2,1,0,0,1,1,0,0,6,59,7,17,7,39,0,0,0,0,1,1,1,240369,0,2009,15,I-68,99999999999999999999,0000000,39.7128,-78.23089722,1,1
24,27,10,2,23,52,3,3,0,0,3,3,0,12,2,1,1,1,2,45,2,2,2,2,0,0,2,1,0,0,23,52,23,59,0,36,0,0,0,0,1,6,0,240370,0,2009,89,SR-108,99999999999999999999,0000000,39.23886667,-76.84992222,3,1
24,33,10,8,14,1,2,4,0,0,13,3,0,13,1,1,1,2,2,50,1,2,2,1,0,0,1,1,0,0,99,99,99,99,99,99,0,0,0,0,2,5,0,240371,1620,2009,53,SR-202,99999999999999999999,0000000,38.87613333,-76.80280278,2,1
24,27,10,10,19,16,2,3,0,0,3,3,0,12,1,1,1,2,2,45,1,1,2,1,0,0,3,1,0,0,99,99,99,99,99,99,0,0,0,0,1,7,1,240372,0,2009,34,SR-108,99999999999999999999,0000000,39.20636944,-76.9429,2,1
24,43,10,18,11,21,1,2,0,0,3,3,0,53,0,1,6,1,2,50,1,2,2,2,0,0,1,1,0,0,11,22,11,25,11,55,0,0,0,0,1,1,0,240373,1430,2009,6,SR-65,99999999999999999999,0000000,39.60886111,-77.72943056,1,1
24,5,10,20,12,41,1,1,0,0,12,3,0,31,0,1,6,2,2,50,1,1,2,1,0,0,1,1,0,0,99,99,99,99,99,99,0,0,0,0,1,3,0,240374,0,2009,29,SR-43,99999999999999999999,0000000,39.37995556,-76.47600278,1,1
24,21,10,20,12,20,2,2,0,0,5,3,0,12,2,1,1,1,2,40,2,1,2,1,0,0,1,1,0,0,12,30,12,47,13,21,0,0,0,0,1,3,0,240375,0,2009,144,SR-180,99999999999999999999,0000000,39.40276667,-77.43911944,2,1
24,25,10,23,1,47,1,2,0,0,15,3,0,33,0,1,4,1,2,45,1,1,2,1,0,0,2,1,0,0,1,56,2,21,99,99,0,0,0,0,1,6,1,240376,0,2009,4,SR-924,99999999999999999999,0000000,39.47120278,-76.30913611,1,1
24,25,10,23,21,54,2,2,0,0,4,3,0,12,2,1,1,1,2,45,2,2,2,2,0,0,2,5,0,0,21,48,21,55,22,59,0,0,0,0,2,6,1,240377,0,2009,26,SR-543,99999999999999999999,0000000,39.49530556,-76.26138611,2,5
24,39,10,28,6,47,1,1,0,1,2,2,0,1,0,1,3,3,2,55,1,1,2,1,0,0,2,1,0,0,6,48,6,53,88,88,0,0,0,0,1,4,1,240378,0,2009,169,US-13,99999999999999999999,0000000,38.24208889,-75.68078056,1,1
24,33,10,30,13,13,1,2,0,1,11,1,0,24,0,1,3,3,2,55,1,1,2,1,0,0,1,1,0,0,99,99,99,99,99,99,0,0,0,0,1,6,1,240379,0,2009,251,I-95,99999999999999999999,0000000,39.02108333,-76.93571111,1,1
24,13,10,19,14,4,3,4,0,0,3,3,0,12,2,1,1,1,2,50,2,2,2,1,0,0,1,1,0,0,14,14,14,24,15,7,0,0,0,0,1,2,0,240380,0,2009,158,SR-27,99999999999999999999,0000000,39.53875,-77.020425,3,1
24,31,11,4,14,21,1,1,0,1,11,1,0,38,0,1,6,3,4,55,2,2,2,1,0,0,1,1,0,0,99,99,99,99,99,99,0,0,0,0,1,4,0,240381,0,2009,7,I-495,99999999999999999999,0000000,39.01191389,-77.093725,1,1
24,9,11,6,4,9,1,1,0,1,2,3,0,32,0,1,6,1,2,50,1,1,2,1,0,0,2,1,0,0,99,99,99,99,99,99,0,0,0,0,1,6,0,240382,0,2009,7,SR-231,99999999999999999999,0000000,38.509825,-76.65633333,1,1
24,35,11,6,9,16,1,2,1,1,2,2,0,8,0,1,1,2,2,55,1,1,2,1,0,0,1,1,0,0,99,99,99,99,99,99,0,0,0,0,1,6,0,240383,0,2009,102,US-50,99999999999999999999,0000000,38.96536389,-76.19303889,1,1
24,19,11,6,14,2,1,2,1,0,5,4,0,8,0,1,2,1,2,55,2,1,2,2,0,0,1,1,0,0,99,99,99,99,99,99,0,0,0,0,1,6,0,240384,0,2009,13,CO-269,99999999999999999999,0000000,38.56675833,-75.71528333,1,1
24,31,11,11,13,19,1,2,1,0,14,4,0,8,0,3,1,1,2,30,1,1,2,2,3,3,1,2,0,0,99,99,99,99,99,99,0,0,0,0,1,4,0,240385,0,2009,0,CO-362,CO-356,0000000,38.986075,-77.09867222,1,2
24,25,11,14,4,39,2,4,0,0,4,3,0,12,2,1,1,1,2,50,2,2,2,2,0,0,2,2,0,0,4,37,4,48,5,47,0,0,0,0,3,7,1,240386,0,2009,159,SR-543,99999999999999999999,0000000,39.65177222,-76.33565833,2,2
24,43,11,18,16,16,1,1,0,1,11,1,0,1,0,1,1,3,2,60,1,1,2,1,0,0,1,1,0,0,16,20,16,22,88,88,0,0,0,0,1,4,1,240387,0,2009,46,I-81,99999999999999999999,0000000,39.62811111,-77.77453333,1,1
24,31,11,18,17,55,1,2,1,0,13,3,0,8,0,1,1,2,3,30,1,2,2,1,0,0,3,1,0,0,99,99,99,99,99,99,0,0,0,0,1,4,0,240388,0,2009,0,SR-390,99999999999999999999,0000000,38.99259722,-77.03616389,1,1
24,19,11,13,20,6,2,3,0,0,3,3,0,12,2,1,1,1,2,50,2,1,2,2,0,0,2,2,0,0,22,5,22,18,23,33,0,0,0,0,1,6,1,240389,0,2009,86,SR-335,99999999999999999999,0000000,38.39885556,-76.18761111,2,2
24,17,11,13,22,17,2,2,0,1,2,3,0,12,5,2,1,1,2,55,1,1,2,1,20,3,2,1,0,0,22,13,22,20,22,50,0,0,0,0,1,6,0,240390,0,2009,98,SR-5,CO-77,0000000,38.60862222,-76.87563056,2,1
24,43,11,21,21,55,1,2,0,0,3,2,0,24,0,1,4,1,2,50,1,1,2,1,0,0,2,1,0,0,99,99,99,99,88,88,0,0,0,0,2,7,1,240391,0,2009,71,US-40 AL,99999999999999999999,0000000,39.54727222,-77.67763056,1,1
24,9,11,20,11,52,2,3,0,0,5,3,0,12,5,2,1,1,2,40,1,1,2,1,20,3,1,1,0,0,12,2,12,7,12,29,0,0,0,0,1,6,0,240392,0,2009,39,SR-261,CO-27,0000000,38.66522222,-76.53095556,2,1
24,31,8,5,14,25,1,2,1,0,14,3,0,9,0,1,1,1,2,50,1,2,2,1,0,0,1,1,0,0,99,99,99,99,99,99,0,0,0,0,1,4,0,240393,0,2009,29,SR-119,99999999999999999999,0000000,39.10821944,-77.21071111,1,1
24,5,9,9,10,38,2,2,0,1,11,1,0,12,4,1,1,2,2,60,1,1,2,1,0,0,1,1,0,0,99,99,99,99,99,99,0,0,0,0,1,4,0,240394,0,2009,51,I-795,99999999999999999999,0000000,39.42256944,-76.80275833,2,1
24,11,9,23,18,54,1,1,0,0,4,3,0,32,0,1,6,1,2,50,1,1,2,1,0,0,1,1,0,0,18,51,19,0,19,29,0,0,0,0,1,4,1,240395,0,2009,81,SR-16,99999999999999999999,0000000,38.807075,-75.866775,1,1
24,27,9,6,17,57,1,1,0,1,12,3,0,24,0,1,6,1,2,55,2,1,2,1,0,0,1,1,0,0,17,57,18,3,18,49,0,0,0,0,1,1,0,240396,0,2009,3,SR-100,99999999999999999999,0000000,39.21250556,-76.79604167,1,1
24,11,10,9,14,47,1,4,0,0,5,4,0,30,0,1,6,1,2,40,2,1,2,1,0,0,1,1,0,0,14,49,14,57,15,39,0,0,0,0,1,6,0,240397,0,2009,26,CO-157,99999999999999999999,0000000,38.72519444,-75.81394722,1,1