STATE,COUNTY,MONTH,DAY,HOUR,MINUTE,VE_TOTAL,PERSONS,PEDS,NHS,ROAD_FNC,ROUTE,SP_JUR,HARM_EV,MAN_COLL,REL_JUNC,REL_ROAD,TRAF_FLO,NO_LANES,SP_LIMIT,ALIGNMNT,PROFILE,PAVE_TYP,SUR_COND,TRA_CONT,T_CONT_F,LGT_COND,WEATHER1,WEATHER2,WRK_ZONE,NOT_HOUR,NOT_MIN,ARR_HOUR,ARR_MIN,HOSP_HR,HOSP_MN,SCH_BUS,CF1,CF2,CF3,FATALS,DAY_WEEK,DRUNK_DR,ST_CASE,CITY,YEAR,MILEPT,TWAY_ID,TWAY_ID2,RAIL,LATITUDE,LONGITUD,VE_FORMS,WEATHER
24,5,10,16,5,31,1,2,1,0,13,3,0,8,0,1,1,2,2,35,1,2,2,2,0,0,3,2,0,0,99,99,99,99,88,88,0,0,0,0,1,6,0,240398,0,2009,42,SR-150,99999999999999999999,0000000,39.31636944,-76.45998333,1,2
24,1,10,21,20,19,2,4,0,0,13,2,0,12,2,1,1,1,2,50,1,2,2,1,0,0,2,1,0,0,20,19,20,27,20,48,0,0,0,0,3,4,0,240399,0,2009,59,US-40AL,99999999999999999999,0000000,39.64046389,-78.86308056,2,1
24,3,10,24,4,25,1,1,0,0,15,4,0,31,0,1,6,1,2,40,2,2,2,1,0,0,2,1,0,0,4,24,4,31,88,88,0,0,0,0,1,7,1,240400,0,2009,0,CO-1344,99999999999999999999,0000000,39.11997222,-76.64605278,1,1
24,21,10,25,17,36,1,1,0,0,6,4,0,42,0,1,6,1,2,25,2,2,5,5,0,0,1,1,0,0,99,99,99,99,99,99,0,0,0,0,1,1,0,240401,0,2009,90,CO-97,99999999999999999999,0000000,39.56480833,-77.49944722,1,1
24,5,10,25,12,54,2,2,0,0,14,4,0,12,5,8,1,1,2,30,1,1,2,1,0,0,1,1,0,0,99,99,99,99,99,99,0,0,0,0,1,1,0,240402,0,2009,33,CO-3600,99999999999999999999,0000000,39.41166944,-76.52360556,2,1
24,3,10,7,2,30,2,2,0,1,2,3,0,12,1,1,1,2,2,55,1,1,2,1,0,0,2,1,0,0,2,27,2,47,99,99,0,0,0,0,1,4,1,240403,0,2009,0,SR-4,99999999999999999999,0000000,38.80225833,-76.68714444,2,1
24,3,11,11,14,33,1,2,0,1,12,3,0,24,0,1,6,3,2,45,2,2,2,2,0,0,1,1,0,0,14,33,14,40,15,25,0,0,0,0,1,4,0,240404,0,2009,0,SR-100,99999999999999999999,0000000,39.15349167,-76.63968056,1,1
24,37,11,15,18,40,3,3,0,0,4,4,0,12,1,1,1,1,2,40,1,1,2,1,0,0,2,1,0,0,18,40,18,49,88,88,0,0,0,0,1,1,0,240405,0,2009,29,CO-4,99999999999999999999,0000000,38.48819722,-76.73469444,3,1
24,43,11,15,6,41,1,2,0,0,6,3,0,33,0,1,4,1,2,25,1,1,2,1,0,0,4,1,0,0,6,45,6,52,99,99,0,0,0,0,1,1,0,240406,0,2009,9,SR-64,99999999999999999999,0000000,39.644825,-77.70714722,1,1
24,9,11,18,17,32,2,3,0,1,2,3,0,12,5,2,1,3,2,25,1,1,2,1,20,3,2,1,0,0,17,30,17,36,18,26,0,0,0,0,1,4,0,240407,0,2009,258,SR-2,SHECKELS RD,0000000,38.63621667,-76.60539167,2,1
24,25,11,19,22,7,2,3,1,0,4,3,0,8,0,1,1,1,2,45,1,1,2,2,0,0,2,2,0,0,99,99,99,99,99,99,0,0,0,0,1,5,0,240408,0,2009,39,SR-136,99999999999999999999,0000000,39.52509167,-76.26393611,2,2
24,27,6,6,15,5,1,4,1,9,99,9,0,15,0,1,1,1,2,25,1,2,1,1,0,0,1,1,0,0,15,5,15,15,15,41,0,0,0,0,1,7,0,240409,0,2009,0,DEEP RUN PKWY,99999999999999999999,0000000,39.19191944,-76.78473611,1,1
24,510,8,6,15,16,2,2,0,0,15,6,0,12,5,2,1,1,2,30,1,1,2,1,20,3,1,1,0,0,99,99,99,99,99,99,0,0,0,0,1,5,0,240410,50,2009,0,W. LEXINGTON ST,N CALHOUN ST,0000000,39.2908,-76.63970278,2,1
24,21,9,11,15,10,1,3,0,0,5,4,0,42,0,1,6,1,2,35,2,1,2,2,0,0,1,1,0,0,15,11,15,19,15,59,0,0,0,0,1,6,0,240411,0,2009,25,CO-407,99999999999999999999,0000000,39.43387222,-77.17938333,1,1
24,47,9,18,19,57,4,4,0,1,2,2,0,12,1,1,1,1,2,40,1,1,2,1,0,0,3,1,0,0,19,57,20,1,20,47,0,0,0,0,1,6,1,240412,0,2009,131,US-50,99999999999999999999,0000000,38.33585,-75.10438333,4,1
24,510,8,21,21,6,1,3,1,0,13,6,0,8,0,1,1,1,2,30,1,2,2,2,0,0,3,2,0,0,99,99,99,99,99,99,0,0,0,0,1,6,0,240413,50,2009,0,CALVERT ST,99999999999999999999,0000000,39.32599167,-76.614725,1,2
24,21,10,5,19,17,2,5,0,0,16,4,0,12,2,1,1,1,2,35,1,3,2,1,0,0,2,1,0,0,19,26,19,28,20,32,0,0,0,0,1,2,0,240414,0,2009,0,CO-401,99999999999999999999,0000000,39.3491,-77.21045556,2,1
24,5,10,12,14,43,1,2,1,0,15,4,0,8,0,1,6,1,2,30,2,2,2,1,0,0,1,1,0,0,99,99,99,99,99,99,0,0,0,0,1,2,0,240415,0,2009,9,CO-1707,99999999999999999999,0000000,39.37234444,-76.72644444,1,1
24,510,10,2,0,40,1,1,0,0,14,3,0,30,0,1,6,1,2,40,1,1,2,1,0,0,2,1,0,0,99,99,99,99,88,88,0,0,0,0,1,6,1,240416,50,2009,0,SR-173,99999999999999999999,0000000,39.24531667,-76.63414444,1,1
24,5,10,18,3,19,1,1,0,0,14,3,0,30,0,1,6,1,2,40,1,2,2,2,0,0,3,1,0,0,99,99,99,99,88,88,0,0,0,0,1,1,1,240417,0,2009,72,SR-7,99999999999999999999,0000000,39.38364722,-76.432325,1,1
24,5,10,11,1,44,2,2,0,0,13,2,0,12,5,2,1,3,2,25,1,2,2,1,20,3,3,1,0,0,99,99,99,99,99,99,0,0,0,0,1,1,2,240418,0,2009,224,US-40,CO-3959,0000000,39.38990833,-76.41471944,2,1
24,33,9,1,7,7,2,8,2,0,15,4,0,8,0,1,1,2,2,35,1,2,2,1,0,0,1,1,0,0,99,99,99,99,99,99,0,0,0,0,1,3,0,240419,1558,2009,9,CO-122,99999999999999999999,0000000,38.80486944,-76.95832778,2,1
24,33,9,9,1,51,1,5,0,0,14,4,0,1,0,1,2,1,2,30,1,1,2,2,0,0,2,2,0,0,99,99,99,99,99,99,0,0,0,0,1,4,0,240420,1620,2009,6,CO-97,99999999999999999999,0000000,38.87133056,-76.80996389,1,2
24,33,9,10,20,6,1,2,1,0,14,3,0,8,0,1,1,3,3,35,1,1,2,1,0,0,3,1,0,0,99,99,99,99,99,99,0,0,0,0,1,5,0,240421,885,2009,38,SR-450,99999999999999999999,0000000,38.95420278,-76.87594167,1,1
24,33,9,23,20,6,2,3,1,0,15,4,0,8,0,1,1,1,2,30,2,1,2,1,0,0,3,1,0,0,99,99,99,99,88,88,0,0,0,0,1,4,0,240422,830,2009,9,CO-5778,99999999999999999999,0000000,38.96574167,-76.98350833,2,1
24,33,9,29,20,44,1,2,0,0,16,6,0,42,0,1,6,1,2,35,1,1,2,1,0,0,3,1,0,0,99,99,99,99,99,99,0,0,0,0,1,3,1,240423,370,2009,3,RHODE ISLAND AVE,99999999999999999999,0000000,39.00833056,-76.92276111,1,1
24,33,9,30,4,22,1,1,0,0,15,3,0,33,0,1,4,1,2,35,1,1,2,1,0,0,1,1,0,0,99,99,99,99,88,88,0,0,0,0,1,4,1,240424,885,2009,6,SR-950,99999999999999999999,0000000,38.94712778,-76.82516111,1,1
24,41,9,8,15,45,1,1,0,0,4,3,0,30,0,1,6,1,2,50,2,1,2,1,0,0,1,1,0,0,15,41,15,48,16,15,0,0,0,0,1,3,0,240425,0,2009,60,SR-333,99999999999999999999,0000000,38.71665833,-76.08929167,1,1
24,33,10,24,6,22,1,1,0,1,11,1,0,42,0,1,6,3,4,55,1,2,2,2,0,0,4,2,0,0,99,99,99,99,88,88,0,0,0,0,1,7,1,240426,0,2009,73,I-95,99999999999999999999,0000000,38.81951389,-76.91811667,1,2
24,13,10,19,9,17,2,2,0,0,6,4,0,13,2,1,1,2,2,30,1,1,2,1,0,0,1,1,0,0,9,16,9,24,10,23,0,0,0,0,1,2,0,240427,0,2009,9,CO-75,99999999999999999999,0000000,39.62301111,-77.01261389,2,1
24,510,9,1,1,50,5,1,0,0,14,3,0,33,0,1,3,2,2,30,2,1,2,1,0,0,3,1,0,0,99,99,99,99,88,88,0,0,0,0,1,3,1,240428,50,2009,0,SR-129,99999999999999999999,0000000,39.32702778,-76.65734167,1,1
24,510,9,2,20,59,2,5,0,0,14,6,0,12,2,2,1,2,2,30,1,1,2,1,3,3,3,1,0,0,99,99,99,99,99,99,0,0,0,0,1,4,0,240429,50,2009,0,UNIVERSITY PKWY,39TH ST,0000000,39.33600556,-76.62300833,2,1
24,510,9,4,21,30,1,2,1,0,13,3,0,8,0,1,1,1,2,40,1,1,2,1,0,0,3,1,0,0,99,99,99,99,99,99,0,0,0,0,1,6,0,240430,50,2009,0,SR-2,99999999999999999999,0000000,39.23986389,-76.61060556,1,1
24,33,7,17,0,6,2,2,0,0,14,4,0,12,1,1,1,1,2,40,1,1,2,1,0,0,3,1,0,0,99,99,99,99,88,88,0,0,0,0,1,6,0,240431,450,2009,0,CO-367,99999999999999999999,0000000,38.87429722,-76.85923611,2,1
24,33,7,25,19,30,1,1,0,0,16,4,0,30,0,1,6,1,2,35,1,1,2,1,0,0,3,1,0,0,99,99,99,99,99,99,0,0,0,0,1,7,1,240432,365,2009,32,CO-130,99999999999999999999,0000000,38.75053611,-76.87665833,1,1
24,21,10,2,16,17,1,1,0,0,16,4,0,1,0,1,6,1,2,35,1,1,2,1,0,0,1,1,0,0,99,99,99,99,99,99,0,0,0,0,1,6,1,240433,1640,2009,0,CO-458,99999999999999999999,0000000,39.46754167,-77.34400833,1,1
24,25,9,20,4,3,1,1,0,0,4,3,0,42,0,1,6,1,2,50,1,1,2,1,0,0,2,1,0,0,4,3,4,19,88,88,0,0,0,0,1,1,0,240434,0,2009,112,SR-136,99999999999999999999,0000000,39.63069722,-76.26483611,1,1
24,33,6,18,22,16,1,2,1,0,13,3,0,8,0,1,1,2,3,40,1,2,9,1,0,0,3,1,0,4,99,99,99,99,99,99,0,0,0,0,1,5,0,240435,1400,2009,11,SR-214,99999999999999999999,0000000,38.88745833,-76.89364444,1,1
24,33,9,22,3,9,1,1,0,0,14,3,0,42,0,1,6,1,2,45,1,2,2,1,0,0,6,1,0,0,99,99,99,99,88,88,0,0,0,0,1,3,0,240436,170,2009,135,SR-193,99999999999999999999,0000000,38.94968056,-76.79873611,1,1
24,3,11,20,17,47,1,3,1,1,13,3,0,8,0,1,1,1,2,45,1,2,1,1,0,0,3,1,0,0,17,46,17,50,18,19,0,0,0,0,1,6,0,240437,0,2009,0,SR-2,99999999999999999999,0000000,39.17192778,-76.61924167,1,1
24,3,11,21,2,1,1,2,1,1,12,9,0,8,0,1,1,2,2,35,2,1,2,2,0,0,3,1,0,0,99,99,99,99,99,99,0,0,0,0,1,7,0,240438,0,2009,0,W. ORDNANCE RD,99999999999999999999,0000000,39.19454722,-76.61801944,1,1
24,27,6,24,17,5,2,4,0,1,12,3,0,12,4,2,1,1,2,50,1,1,2,1,20,3,1,1,0,0,99,99,99,99,99,99,0,0,0,0,2,4,0,240439,0,2009,216,SR-32,RIVER RD,0000000,39.33801389,-76.95326389,2,1
24,510,7,16,15,32,1,1,0,0,13,6,0,43,0,2,3,3,2,30,2,1,2,1,0,0,1,1,0,0,99,99,99,99,99,99,0,0,0,0,1,5,0,240440,50,2009,0,POTEE ST,GELLE GOVE RD,0000000,39.23428056,-76.61195833,1,1
24,33,8,23,7,37,1,2,0,0,14,3,0,37,0,1,6,1,2,35,2,2,2,2,0,0,1,1,0,0,99,99,99,99,99,99,0,0,0,0,1,1,1,240441,830,2009,26,SR-212,99999999999999999999,0000000,38.99140278,-76.97267222,1,1
24,43,10,14,8,47,1,1,0,1,11,1,0,24,0,1,4,3,2,65,1,1,2,1,0,0,1,1,0,0,8,47,8,54,9,34,0,0,0,0,1,4,1,240442,0,2009,217,I-70,99999999999999999999,0000000,39.65040833,-77.84774722,1,1
24,9,10,24,12,54,3,8,0,1,2,3,0,12,1,3,1,1,2,50,1,1,2,2,99,9,1,1,0,0,12,54,13,1,13,25,0,0,0,0,1,7,0,240443,0,2009,280,SR-2,KENT RD,0000000,38.67127222,-76.59843889,3,1
24,37,10,27,7,3,2,2,0,0,3,3,0,12,2,1,1,1,2,50,1,1,2,1,0,0,2,1,0,0,99,99,99,99,99,99,0,0,0,0,1,3,0,240444,0,2009,89,SR-235,99999999999999999999,0000000,38.23581944,-76.41424722,2,1
24,21,10,9,15,26,1,1,0,0,4,3,0,42,0,1,6,1,2,45,1,3,2,1,0,0,1,1,0,0,15,25,15,41,16,24,0,0,0,0,1,6,0,240445,0,2009,79,SR-80,99999999999999999999,0000000,39.34538333,-77.31190556,1,1
24,17,11,23,12,17,2,2,0,0,16,4,0,12,3,1,1,2,2,40,2,1,2,2,0,0,1,2,1,0,12,19,12,28,13,4,0,0,0,0,1,2,0,240446,0,2009,6,CO-623,99999999999999999999,0000000,38.61123611,-76.88627222,2,2
24,31,11,12,15,39,2,2,0,0,14,4,0,13,2,1,1,2,2,30,2,2,1,2,0,0,1,1,0,0,99,99,99,99,99,99,0,0,0,0,1,5,0,240447,0,2009,85,CO-4690,99999999999999999999,0000000,38.998375,-77.230025,2,1
24,37,11,30,20,52,1,2,1,0,13,3,0,8,0,1,1,2,2,55,1,2,1,2,0,0,2,2,0,0,99,99,99,99,88,88,0,0,0,0,1,2,0,240448,0,2009,307,SR-235,99999999999999999999,0000000,38.42821111,-76.71791667,1,2
24,5,11,28,16,0,1,1,0,0,6,4,0,30,0,1,6,1,2,25,2,2,2,1,0,0,1,1,0,0,99,99,99,99,99,99,0,0,0,0,1,7,0,240449,0,2009,0,CO-3883,99999999999999999999,0000000,39.44580556,-76.50861667,1,1
24,31,11,30,2,40,2,2,0,0,14,3,0,12,2,1,1,1,2,40,2,3,2,1,0,0,2,1,0,0,99,99,99,99,88,88,0,0,0,0,1,2,1,240450,0,2009,35,SR-115,99999999999999999999,0000000,39.12350278,-77.11556944,2,1
24,17,11,21,2,27,1,1,0,0,6,4,0,42,0,1,6,1,2,40,1,1,2,1,0,0,2,1,0,0,99,99,99,99,99,99,0,0,0,0,1,7,1,240451,0,2009,5,CO-69,99999999999999999999,0000000,38.59044167,-76.80567778,1,1
24,33,11,6,20,40,1,1,0,1,11,1,0,39,0,1,4,3,4,55,1,2,2,1,0,0,3,1,0,0,99,99,99,99,99,99,0,0,0,0,1,6,0,240452,0,2009,147,I-95,99999999999999999999,0000000,38.89076667,-76.84610278,1,1
24,27,11,24,10,13,1,2,1,0,16,4,0,8,0,1,1,1,2,35,1,1,2,2,0,0,1,2,0,0,10,13,10,19,10,53,0,0,0,0,1,3,0,240453,0,2009,4,CO-1160,99999999999999999999,0000000,39.18592222,-76.84164444,1,2
24,5,12,9,6,27,2,3,0,0,13,2,0,12,3,1,1,1,2,50,1,1,2,2,0,0,2,2,0,0,99,99,99,99,99,99,0,0,0,0,1,4,0,240454,0,2009,29,US-1,99999999999999999999,0000000,39.24478333,-76.69160833,2,2
24,17,12,10,1,27,1,1,0,0,4,3,0,30,0,1,6,1,2,50,2,1,2,1,0,0,3,1,0,0,12,25,12,27,12,44,0,0,0,0,1,5,1,240455,0,2009,203,SR-6,99999999999999999999,0000000,38.50201667,-77.05985556,1,1
24,27,12,5,21,14,2,2,1,1,12,3,0,8,0,13,2,6,1,99,9,9,9,4,0,0,2,1,0,0,99,99,99,99,99,99,0,0,0,0,1,7,0,240456,0,2009,2,SR-100,US-29,0000000,39.25226111,-76.82134167,1,1
24,27,11,29,2,58,1,3,0,0,6,6,0,43,0,2,6,1,2,40,2,2,1,1,99,9,2,1,0,0,2,57,3,8,3,48,0,0,0,0,1,1,1,240457,0,2009,8,FOLLY QUARTER RD,BUCKSKIN LAKE DR,0000000,39.25718056,-76.966525,1,1
24,5,12,15,5,32,1,2,1,0,13,3,0,8,0,1,1,2,2,35,1,2,2,1,0,0,3,1,0,0,99,99,99,99,99,99,0,0,0,0,1,3,0,240458,0,2009,10,SR-150,99999999999999999999,0000000,39.29484444,-76.51249167,1,1
24,45,12,9,16,49,2,2,0,0,14,6,0,12,5,2,1,1,2,30,1,1,2,1,20,3,1,1,0,0,99,99,99,99,99,99,0,0,0,0,1,4,0,240459,0,2009,7,EASTERN SHORE DR,CARROLTON AVE,0000000,38.34906111,-75.59783611,2,1
24,5,12,20,23,5,1,1,0,0,3,3,0,24,0,1,6,1,2,40,1,1,2,2,0,0,2,1,0,0,99,99,99,99,88,88,0,0,0,0,1,1,1,240460,0,2009,72,SR-137,99999999999999999999,0000000,39.59346944,-76.68081389,1,1
24,3,12,17,21,58,1,2,1,1,11,1,0,8,0,1,1,3,2,65,1,2,2,1,0,0,3,1,0,0,21,56,22,6,88,88,0,0,0,0,1,5,0,240461,0,2009,20,I-97,99999999999999999999,0000000,39.00471111,-76.6002,1,1
24,5,11,21,1,11,1,4,1,0,14,3,0,8,0,1,1,1,2,40,1,2,2,1,0,0,3,1,0,0,99,99,99,99,99,99,0,19,0,0,1,7,0,240462,0,2009,100,SR-7,99999999999999999999,0000000,39.41799444,-76.399225,1,1
24,25,12,2,12,10,1,1,0,0,4,3,0,42,0,1,6,2,2,45,2,2,2,1,0,0,1,1,0,0,99,99,99,99,99,99,0,0,0,0,1,4,0,240463,0,2009,26,SR-543,99999999999999999999,0000000,39.49086111,-76.25747778,1,1
24,510,1,28,14,44,5,6,0,1,11,1,0,12,99,1,1,3,2,55,2,2,2,2,0,0,1,4,0,0,99,99,99,99,99,99,0,0,0,0,1,4,0,240464,50,2009,15,I-95,99999999999999999999,0000000,39.27100278,-76.64414444,5,4
24,3,11,30,12,7,7,8,2,1,13,3,0,12,1,3,1,2,2,50,1,2,2,2,0,0,1,2,0,0,12,7,12,12,12,35,0,0,0,0,1,2,0,240465,0,2009,0,SR-2,CYPRESS CREEK RD,0000000,39.07194444,-76.54101944,6,2
24,31,12,27,7,49,1,1,0,0,14,3,0,42,0,1,6,1,2,40,1,1,2,4,0,0,4,1,0,0,99,99,99,99,88,88,0,0,0,0,1,1,0,240466,0,2009,27,SR-115,99999999999999999999,0000000,39.13831667,-77.13071944,1,1
24,25,12,13,8,37,2,3,0,0,4,3,0,12,7,1,1,1,2,50,2,3,2,4,0,0,1,2,0,0,8,25,8,28,9,12,0,0,0,0,1,1,1,240467,0,2009,12,SR-439,99999999999999999999,0000000,39.60568889,-76.55144722,2,2
24,3,12,15,17,20,1,3,1,0,14,4,0,8,0,12,1,1,2,25,1,1,2,1,99,9,5,1,0,0,17,17,17,26,18,15,0,0,0,0,1,3,0,240468,0,2009,0,CO-1729,99999999999999999999,0000000,39.15748611,-76.51612778,1,1
24,5,12,29,20,52,1,2,1,0,14,4,0,8,0,1,1,1,4,30,1,1,2,1,0,0,3,1,0,0,99,99,99,99,99,99,0,0,0,0,1,3,0,240469,0,2009,13,CO-5560,99999999999999999999,0000000,39.26225556,-76.48165556,1,1
24,21,10,17,15,10,1,1,0,0,4,3,0,38,0,1,6,1,2,50,1,1,2,2,0,0,1,2,0,0,99,99,99,99,88,88,0,0,0,0,1,7,0,240470,0,2009,65,SR-464,99999999999999999999,0000000,39.31238611,-77.546825,1,2
24,33,10,2,20,57,3,4,0,0,14,3,0,12,1,3,1,2,2,40,1,1,2,1,3,3,2,1,0,0,99,99,99,99,99,99,0,0,0,0,1,6,0,240471,879,2009,21,SR-704,BELL HAVEN DR,0000000,38.91661389,-76.88283889,3,1
24,33,10,3,23,18,2,2,0,0,14,3,0,12,1,1,1,2,2,40,1,1,2,1,0,0,3,1,0,0,99,99,99,99,99,99,0,0,0,0,1,7,0,240472,0,2009,15,SR-704,99999999999999999999,0000000,38.91046944,-76.89138056,2,1
24,510,10,6,16,5,1,2,1,0,13,3,0,8,0,2,1,1,2,30,1,1,2,1,3,3,1,1,0,0,99,99,99,99,88,88,0,0,0,0,1,3,0,240473,50,2009,0,SR-147,25TH STREET,0000000,39.31656944,-76.59582222,1,1
24,510,10,16,15,20,1,2,1,0,13,6,0,8,0,1,1,1,2,25,1,1,2,1,0,0,1,1,0,0,99,99,99,99,99,99,0,0,0,0,1,6,0,240474,50,2009,0,ST. PAUL ST,99999999999999999999,0000000,39.33117778,-76.61625,1,1
24,33,10,13,20,25,2,4,0,0,13,3,0,12,2,1,1,1,2,30,1,3,2,1,0,0,2,1,0,0,99,99,99,99,99,99,0,0,0,0,1,3,0,240475,240,2009,3,SR-214,99999999999999999999,0000000,38.88593889,-76.90461944,2,1
24,33,10,31,12,22,1,2,1,0,14,3,0,8,0,1,1,3,2,40,1,1,2,1,0,0,1,1,0,0,99,99,99,99,99,99,0,0,0,0,1,7,0,240476,879,2009,9,SR-704,99999999999999999999,0000000,38.90380833,-76.89893333,1,1
24,33,10,28,9,53,4,1,0,0,13,3,0,14,9,1,4,1,2,35,1,1,2,2,0,0,1,1,0,0,99,99,99,99,99,99,0,0,0,0,1,4,0,240477,830,2009,0,SR-410,99999999999999999999,0000000,38.97561667,-76.98985,1,1
24,33,11,9,2,15,1,2,1,1,12,3,0,8,0,1,1,3,2,50,1,1,2,1,0,0,2,1,0,0,99,99,99,99,88,88,0,0,0,0,1,2,0,240478,1558,2009,127,SR-5,99999999999999999999,0000000,38.83064722,-76.93292222,1,1
24,33,11,7,2,12,1,2,1,0,14,3,0,9,0,1,1,2,2,35,1,1,2,1,0,0,3,1,0,0,99,99,99,99,99,99,0,0,0,0,1,7,0,240479,150,2009,11,SR-450,99999999999999999999,0000000,38.938975,-76.92361944,1,1
24,33,11,25,15,16,1,2,1,0,16,4,0,8,0,1,1,1,2,25,1,2,1,2,0,0,1,1,0,0,99,99,99,99,88,88,0,0,0,0,1,4,0,240480,235,2009,5,CO-2121,99999999999999999999,0000000,38.79121389,-76.90744167,1,1
24,33,11,22,2,57,1,1,0,0,15,4,0,33,0,1,4,1,2,35,1,1,2,1,0,0,2,1,0,0,99,99,99,99,99,99,0,0,0,0,1,1,1,240481,565,2009,2,CO-126,99999999999999999999,0000000,38.75234722,-76.9741,1,1
24,510,11,30,13,0,2,3,0,0,13,6,0,12,7,1,1,3,2,35,1,1,2,2,0,0,1,2,0,0,99,99,99,99,99,99,0,0,0,0,1,2,0,240482,50,2009,0,WABASH AVE,99999999999999999999,0000000,39.34015556,-76.67980556,2,2
24,33,12,2,10,24,1,2,0,0,13,3,0,29,0,2,4,2,2,35,1,1,2,1,3,3,1,1,0,0,99,99,99,99,99,99,0,99,99,99,1,4,0,240483,1558,2009,37,SR-414,CO-1728,0000000,38.8288,-76.94272778,1,1
24,23,12,11,16,15,2,3,0,0,3,3,0,12,5,2,1,1,2,50,1,1,2,1,20,3,1,1,0,0,99,99,99,99,99,99,0,0,0,0,1,6,0,240484,0,2009,133,SR-135,CO-394,0000000,39.45925833,-79.20043889,2,1
24,33,12,26,18,50,1,2,1,0,14,4,0,8,0,1,1,2,2,40,1,1,2,2,0,0,2,1,0,0,99,99,99,99,88,88,0,0,0,0,1,7,0,240485,569,2009,13,CO-483,99999999999999999999,0000000,38.84094444,-76.87185278,1,1
24,33,12,7,8,53,2,2,0,0,14,4,0,13,2,1,1,2,2,40,1,1,2,1,0,0,1,1,0,0,99,99,99,99,99,99,0,0,0,0,1,2,0,240486,1620,2009,36,CO-974,99999999999999999999,0000000,38.85528333,-76.81898056,2,1
24,31,12,1,13,22,2,2,0,0,16,4,0,33,0,2,4,2,2,25,1,1,2,1,99,9,1,1,0,0,99,99,99,99,99,99,0,0,0,0,1,3,0,240487,0,2009,0,CO-957,SR-97,0000000,39.02128333,-77.04467222,2,1
24,27,11,12,6,44,2,2,0,1,12,3,0,12,2,1,1,1,2,50,2,1,2,2,0,0,1,2,0,0,99,99,99,99,99,99,0,0,0,0,1,5,0,240488,0,2009,180,SR-32,99999999999999999999,0000000,39.29199722,-76.95420833,2,2
24,27,12,30,21,5,1,1,0,0,15,4,0,42,0,1,6,1,2,30,2,2,2,1,0,0,2,1,0,0,99,99,99,99,99,99,0,0,0,0,1,4,1,240489,0,2009,20,CO-416,99999999999999999999,0000000,39.14633611,-76.85475,1,1
24,33,1,10,2,15,1,5,0,1,12,3,0,37,0,1,6,2,2,50,1,1,2,1,0,0,3,1,0,0,99,99,99,99,99,99,0,0,0,0,1,7,0,240490,0,2009,116,SR-4,99999999999999999999,0000000,38.85050278,-76.90592778,1,1
24,31,1,20,5,24,2,5,0,0,14,8,1,13,2,1,1,2,2,35,2,1,2,9,0,0,2,9,0,0,99,99,99,99,99,99,0,0,0,0,1,3,0,240491,0,2009,0,CLARA BARTON PKWY,99999999999999999999,0000000,38.96615,-77.14046111,2,9
24,33,2,10,19,39,3,4,1,1,12,3,0,12,3,1,1,9,9,45,1,2,9,1,0,0,2,1,0,0,99,99,99,99,99,99,0,0,0,0,1,3,0,240492,0,2009,0,SR-295,99999999999999999999,0000000,38.92135556,-76.93193333,3,1
24,33,2,17,1,49,1,1,0,1,12,2,1,30,0,1,6,9,9,45,1,1,2,1,0,0,3,1,0,0,99,99,99,99,88,88,0,0,0,0,1,3,0,240493,0,2009,0,US-50,99999999999999999999,0000000,38.91801667,-76.92884444,1,1
24,33,6,7,23,20,1,4,0,1,12,8,1,42,0,1,6,2,2,50,1,1,2,1,0,0,2,1,0,0,99,99,99,99,99,99,0,0,0,0,1,1,0,240494,0,2009,39,SV-119,99999999999999999999,0000000,38.83576389,-76.90167778,1,1
24,33,8,25,20,29,2,2,0,0,16,4,1,12,1,2,1,9,9,99,1,1,2,1,99,9,2,1,0,0,99,99,99,99,99,99,0,0,0,0,1,3,0,240495,0,2009,0,CO-57,POWDER MILL RD,0000000,39.03338611,-76.84121111,2,1
24,3,12,11,5,0,1,1,0,1,12,3,1,21,0,1,6,3,2,55,1,1,2,9,0,0,2,1,0,0,4,54,5,3,88,88,0,0,0,0,1,6,0,240496,0,2009,25,SR-295,99999999999999999999,0000000,39.09729444,-76.80366111,1,1
24,13,8,4,11,0,2,3,1,0,9,4,0,8,0,1,1,1,2,35,2,2,2,1,0,0,1,1,0,0,99,99,99,99,99,99,0,0,0,0,1,3,0,240497,0,2009,76,CO-285,99999999999999999999,0000000,39.48768056,-76.96180278,1,1
24,19,8,28,21,50,2,2,0,0,3,3,0,12,1,1,1,2,2,50,1,1,2,1,0,0,2,1,0,0,22,7,22,15,22,55,0,0,0,0,1,6,0,240498,0,2009,7,SR-307,99999999999999999999,0000000,38.64342222,-75.85098333,2,1
24,33,10,15,14,0,2,3,0,0,14,3,0,13,4,1,1,2,2,45,1,1,2,2,0,0,1,2,0,0,99,99,99,99,99,99,0,0,0,0,1,5,0,240499,1030,2009,16,SR-337,99999999999999999999,0000000,38.81663889,-76.89391111,2,2
24,21,11,6,14,52,1,2,1,0,4,3,0,8,0,1,1,1,2,50,1,2,2,1,0,0,1,1,0,3,99,99,99,99,88,88,0,0,0,0,1,6,0,240500,0,2009,65,SR-85,99999999999999999999,0000000,39.34545,-77.42760556,1,1