STATE,COUNTY,MONTH,DAY,HOUR,MINUTE,VE_TOTAL,PERSONS,PEDS,NHS,ROAD_FNC,ROUTE,SP_JUR,HARM_EV,MAN_COLL,REL_JUNC,REL_ROAD,TRAF_FLO,NO_LANES,SP_LIMIT,ALIGNMNT,PROFILE,PAVE_TYP,SUR_COND,TRA_CONT,T_CONT_F,LGT_COND,WEATHER1,WEATHER2,WRK_ZONE,NOT_HOUR,NOT_MIN,ARR_HOUR,ARR_MIN,HOSP_HR,HOSP_MN,SCH_BUS,CF1,CF2,CF3,FATALS,DAY_WEEK,DRUNK_DR,ST_CASE,CITY,YEAR,MILEPT,TWAY_ID,TWAY_ID2,RAIL,LATITUDE,LONGITUD,VE_FORMS,WEATHER
24,45,11,27,11,18,2,2,0,0,4,3,0,12,2,1,1,1,2,50,1,1,2,1,0,0,1,1,0,0,11,15,11,19,11,50,0,0,0,0,1,6,0,240501,0,2009,76,SR-346,99999999999999999999,0000000,38.39138056,-75.44986389,2,1
24,45,11,29,17,54,1,5,2,0,6,4,0,8,0,1,1,1,2,35,1,1,2,1,0,0,2,1,0,0,99,99,99,99,99,99,0,0,0,0,1,1,0,240502,0,2009,5,CO-622,99999999999999999999,0000000,38.40544722,-75.63686667,1,1
24,510,11,20,11,38,1,2,1,9,99,9,0,9,0,2,1,1,2,25,1,1,2,1,99,9,1,1,0,0,99,99,99,99,99,99,0,0,0,0,1,6,0,240503,50,2009,0,BEAUFORT AVE,MANCHESTER AVE,0000000,39.34407222,-76.67600833,1,1
24,45,11,28,23,23,1,1,0,0,13,2,0,30,0,1,4,2,2,45,1,1,2,1,0,0,3,1,0,0,99,99,99,99,88,88,0,0,0,0,1,7,1,240504,0,2009,8,US-13 BU,99999999999999999999,0000000,38.30720556,-75.63044167,1,1
24,3,12,1,6,32,2,2,0,1,11,1,0,12,3,1,1,3,2,55,1,1,2,1,0,0,1,1,0,0,99,99,99,99,88,88,0,0,0,0,1,3,0,240505,0,2009,170,I-95,99999999999999999999,0000000,39.24873889,-76.68396944,2,1
24,5,12,9,11,5,2,2,0,1,11,1,0,12,3,1,1,3,2,55,1,2,2,2,0,0,1,1,0,0,99,99,99,99,99,99,0,0,0,0,1,4,0,240506,0,2009,38,I-695,99999999999999999999,0000000,39.302025,-76.50102222,2,1
24,15,12,8,2,56,1,2,1,0,6,4,0,8,0,1,1,1,2,25,2,1,2,1,0,0,2,1,0,0,99,99,99,99,88,88,0,0,0,0,1,3,0,240507,0,2009,1,CO-129,99999999999999999999,0000000,39.61686389,-75.95046111,1,1
24,510,10,15,14,5,2,3,1,0,13,6,0,8,0,2,1,1,2,25,1,1,2,2,2,3,1,1,0,0,99,99,99,99,99,99,0,0,0,0,1,5,0,240508,50,2009,0,MU-1340,CHESTER ST,0000000,39.28585278,-76.58706667,2,1
24,510,9,26,2,22,2,5,0,1,11,1,0,12,3,1,1,3,2,55,1,2,2,1,0,0,3,1,0,0,99,99,99,99,99,99,0,0,0,0,2,7,0,240509,50,2009,27,I-95,99999999999999999999,0000000,39.26751389,-76.62273056,2,1
24,31,12,14,17,59,1,2,1,0,14,3,0,8,0,1,1,2,3,50,1,1,2,1,0,0,3,1,0,0,99,99,99,99,99,99,0,0,0,0,1,2,0,240510,0,2009,54,SR-118,99999999999999999999,0000000,39.17947778,-77.26615833,1,1
24,9,12,25,22,6,3,10,0,1,2,3,0,12,1,2,1,3,2,55,1,1,2,2,3,3,3,2,5,0,22,12,22,25,22,56,0,0,0,0,1,6,0,240511,0,2009,74,SR-4,WHITE SANDS DR,0000000,38.42649722,-76.46361944,3,2
24,510,12,12,21,18,1,2,1,0,14,6,0,8,0,3,1,1,2,30,1,2,2,1,3,3,3,1,0,0,99,99,99,99,99,99,0,0,0,0,1,7,1,240512,50,2009,0,GREENSPRING AVE,DUPONT AVE,0000000,39.34445278,-76.65895,1,1
24,510,12,6,4,33,2,3,0,0,13,6,0,12,5,2,1,3,2,30,1,1,2,1,3,3,3,1,0,0,99,99,99,99,99,99,0,0,0,0,1,1,1,240513,50,2009,0,MLK BLVD,PENNSYLVANIA AVE,0000000,39.29674444,-76.62629167,2,1
24,510,7,26,23,0,2,5,0,0,14,6,0,12,6,2,1,2,2,35,1,1,2,1,0,0,3,1,0,0,99,99,99,99,99,99,0,0,0,0,1,1,0,240514,50,2009,0,NORTHERN PKWY,WOODCREST AVE,0000000,39.35661667,-76.67592222,2,1
24,510,11,21,2,0,1,1,0,0,14,6,0,33,0,1,3,2,2,30,2,1,2,1,0,0,3,1,0,0,99,99,99,99,99,99,0,0,0,0,1,7,1,240515,50,2009,0,THE ALAMEDA,99999999999999999999,0000000,39.33643889,-76.59826667,1,1
25,21,1,4,14,35,1,1,0,1,12,3,0,33,0,2,4,1,2,25,1,1,2,1,99,9,1,1,0,0,14,31,14,32,14,54,0,0,0,0,1,1,0,250001,1140,2009,0,SR-27,NORTH MAIN STREET,0000000,42.12560278,-71.17921944,1,1
25,9,1,5,22,13,1,1,0,1,11,1,0,39,0,1,4,6,1,45,2,1,2,1,0,0,2,1,0,0,22,11,22,20,22,41,0,0,0,0,1,2,1,250002,1000,2009,0,I-95,SR-128,0000000,42.52765833,-70.97305278,1,1
25,15,2,2,22,51,1,1,0,0,16,8,0,42,0,1,4,1,9,30,9,1,2,3,0,0,2,4,0,0,22,55,23,4,23,29,0,0,0,0,1,2,1,250003,461,2009,0,HUNTINGTON ROAD,99999999999999999999,0000000,42.36634444,-72.58478056,1,4
25,9,2,2,2,5,1,2,1,1,11,1,0,8,0,1,1,2,3,65,1,1,2,1,0,0,2,1,0,0,2,10,2,18,2,29,0,0,0,0,1,2,0,250004,470,2009,0,I-495,99999999999999999999,0000000,42.76947778,-71.12081111,1,1
25,9,1,28,1,45,1,1,0,1,12,2,0,30,0,1,4,3,9,50,9,4,2,8,0,0,3,1,0,0,1,51,1,58,88,88,0,0,0,0,1,4,0,250005,1125,2009,0,US-1,99999999999999999999,0000000,42.45886389,-71.02403611,1,1
25,3,1,15,21,50,1,1,0,0,6,8,0,1,0,1,4,1,9,40,1,1,2,3,0,0,2,1,0,0,21,58,22,12,22,37,0,0,0,0,1,5,1,250006,1011,2009,0,MIDDLEFIELD ROAD,99999999999999999999,0000000,42.42573611,-73.08740556,1,1
25,5,1,12,22,25,1,1,0,1,12,3,0,11,0,1,5,4,2,65,1,1,2,4,0,0,2,8,0,0,22,40,22,41,88,88,0,0,0,0,1,2,0,250007,850,2009,0,SR-140,99999999999999999999,0000000,41.66714167,-70.94386944,1,8
25,27,1,10,7,44,1,1,0,0,3,3,0,30,0,1,4,1,2,40,1,1,2,1,0,0,1,1,0,0,8,44,8,49,8,51,0,0,0,0,1,7,0,250008,98,2009,0,SR-62,99999999999999999999,0000000,42.39538333,-71.60605556,1,1
25,27,1,7,7,34,2,2,0,0,3,3,0,12,4,1,1,1,2,45,1,1,2,3,0,0,1,3,4,0,7,42,7,46,8,13,0,0,0,0,1,4,0,250009,477,2009,0,SR-32,99999999999999999999,0000000,42.33037778,-72.17408056,2,3
25,21,1,9,5,52,3,4,0,0,13,3,0,12,2,1,1,1,2,35,2,1,2,1,0,0,3,1,0,0,5,54,5,55,99,99,0,0,0,0,1,6,1,250010,488,2009,0,SR-37,99999999999999999999,0000000,42.14078333,-71.00781389,3,1
25,17,1,16,19,22,2,2,0,1,12,3,0,12,2,1,1,1,2,45,1,1,2,1,0,0,3,1,0,0,19,28,19,28,19,35,0,0,0,0,2,6,1,250011,261,2009,0,SR-110,99999999999999999999,0000000,42.67177222,-71.2387,2,1
25,9,2,14,23,34,1,3,0,0,16,8,0,39,0,1,5,1,2,25,2,1,2,1,0,0,3,1,0,0,23,35,23,40,23,50,0,0,0,0,1,7,0,250012,1110,2009,0,WILLSON ROAD,99999999999999999999,0000000,42.51008889,-70.90928056,1,1
25,23,2,11,6,35,1,1,0,1,12,3,0,34,0,1,5,3,2,60,1,1,2,2,0,0,1,1,0,0,6,34,6,44,88,88,0,0,0,0,1,4,0,250013,926,2009,0,SR-3,99999999999999999999,0000000,42.14841944,-70.83988611,1,1
25,23,2,4,12,50,2,1,0,0,16,8,0,14,1,1,4,1,9,35,1,1,2,1,0,0,1,1,0,0,12,51,12,54,13,16,0,0,0,0,1,4,0,250014,464,2009,0,MAIN STREET,99999999999999999999,0000000,42.12299167,-70.85349167,1,1
25,1,2,4,5,59,1,2,1,1,12,3,0,8,0,2,1,9,9,40,1,1,2,2,3,9,9,9,0,0,5,58,6,3,6,25,0,0,0,0,1,4,0,250015,75,2009,0,SR-28,99999999999999999999,0000000,41.64931389,-70.42073333,1,9
25,5,2,4,3,18,2,2,0,1,11,1,0,12,1,1,1,3,3,65,1,1,2,2,0,0,2,1,0,0,3,22,3,32,88,88,0,0,0,0,1,4,1,250016,50,2009,0,I-95,99999999999999999999,0000000,41.93325278,-71.32071111,2,1
25,21,1,23,0,10,2,2,0,1,11,1,0,12,2,1,1,4,3,65,1,1,2,1,0,0,2,1,0,0,0,19,0,26,88,88,0,0,0,0,2,6,1,250017,94,2009,0,I-495,99999999999999999999,0000000,42.10567222,-71.45499167,2,1
25,1,2,15,23,11,1,3,0,1,12,3,0,30,0,3,2,1,9,35,1,1,2,1,0,0,3,1,0,0,23,12,23,17,99,99,0,0,0,0,1,1,1,250018,469,2009,0,SR-28,99999999999999999999,0000000,41.72879167,-69.99243611,1,1
25,9,2,16,21,2,2,3,0,0,16,8,0,12,3,1,1,1,2,35,1,1,2,1,0,0,3,1,0,0,21,2,21,3,21,7,0,0,0,0,1,2,0,250019,765,2009,0,EAST STREET,99999999999999999999,0000000,42.72702778,-71.14952222,2,1
25,25,2,15,3,49,1,1,0,0,16,8,0,20,0,1,4,4,1,40,9,1,2,1,0,0,3,1,0,0,3,51,3,59,88,88,0,0,0,0,1,1,1,250020,120,2009,0,STORROW DRIVE,99999999999999999999,0000000,42.35537222,-71.07785278,1,1
25,13,1,18,15,24,1,1,0,0,16,8,0,42,0,2,4,1,4,35,2,1,2,3,0,0,1,1,0,0,15,29,15,36,99,99,0,0,0,0,1,1,0,250021,1270,2009,0,BERKSHIRE AVENUE,BERKSHIRE STREET,0000000,42.12471111,-72.54015,1,1
25,5,2,26,1,30,2,4,0,1,12,3,0,12,4,2,1,1,2,30,1,1,2,1,20,3,3,1,0,0,1,29,1,31,99,99,0,0,0,0,1,5,1,250023,299,2009,0,SR-106,PROSPECT STREET,0000000,42.01792778,-71.09493333,2,1
25,13,2,21,4,43,1,2,0,0,4,3,0,36,0,1,4,1,2,0,2,1,2,3,0,0,2,1,0,0,4,49,4,58,88,88,0,0,0,0,1,7,1,250024,1334,2009,0,SR-19,99999999999999999999,0000000,42.06484167,-72.22326389,1,1
25,25,1,9,14,32,3,4,0,1,12,3,0,14,6,3,5,1,2,30,1,1,2,1,99,9,1,1,0,0,14,32,14,33,99,99,0,0,0,0,1,6,0,250025,120,2009,0,SR-9,PARKER HILL AVENUE,0000000,42.33329722,-71.109525,1,1
25,5,2,19,19,5,2,5,0,1,11,1,0,12,1,1,1,2,3,65,1,1,2,2,0,0,2,9,0,0,19,5,19,14,99,99,0,0,0,0,1,5,0,250026,1067,2009,0,I-195,99999999999999999999,0000000,41.77867222,-71.27938333,2,9
25,25,3,1,5,36,1,1,0,0,16,8,0,19,0,1,5,1,2,30,9,1,2,9,99,9,3,1,0,0,5,36,5,40,5,54,0,0,0,0,1,1,1,250027,120,2009,0,NORFOLK STREET,99999999999999999999,0000000,42.286325,-71.08068333,1,1
25,23,3,20,17,37,1,1,0,0,16,8,0,43,0,2,1,1,9,30,1,1,2,1,20,3,1,1,0,0,17,35,17,44,18,18,0,0,0,0,1,6,0,250028,140,2009,0,EAST STREET,EDSON STREET,0000000,42.06802778,-70.995025,1,1
25,17,3,25,8,15,1,1,1,0,12,3,0,8,0,2,1,1,9,35,1,1,2,1,0,0,1,1,0,0,8,16,8,20,8,53,0,17,0,0,1,4,0,250029,1447,2009,0,SR-119,WHEELER ROAD,0000000,42.67442222,-71.76466944,1,1
25,23,3,31,12,31,1,6,4,0,16,8,0,8,0,2,4,2,2,30,1,1,2,1,20,3,1,1,0,0,12,30,12,38,12,47,0,0,0,0,1,3,0,250030,140,2009,0,NORTH MAIN STREET,HUNTINGTON STREET,0000000,42.09363611,-71.01991667,1,1
25,3,3,4,18,39,1,1,0,0,16,8,0,35,0,1,4,1,9,30,1,1,2,1,40,3,3,1,0,0,99,99,99,99,99,99,0,0,0,0,1,4,0,250032,1030,2009,0,CRANE AVENUE,99999999999999999999,0000000,42.47469167,-73.238125,1,1
25,3,3,18,20,0,2,2,0,0,13,3,0,12,2,1,1,1,9,55,9,1,2,1,0,0,1,1,0,0,20,6,20,14,99,99,0,0,0,0,1,4,1,250033,1119,2009,25,SR-8,99999999999999999999,0000000,42.09421111,-73.07685,2,1
25,13,2,28,2,50,1,1,0,1,11,1,0,24,0,1,4,2,4,65,1,1,2,1,0,0,2,9,0,0,2,59,3,8,3,50,0,0,0,0,1,7,0,250034,500,2009,0,I-91,99999999999999999999,0000000,42.16302222,-72.64615,1,9
25,17,1,20,17,7,2,3,1,0,12,3,0,8,0,8,1,1,9,40,9,1,2,1,0,0,3,1,0,0,17,5,17,8,99,99,0,0,0,0,1,3,0,250035,919,2009,0,SR-28,99999999999999999999,0000000,42.57248889,-71.110125,2,1
25,27,3,20,11,2,2,3,0,1,12,2,0,12,4,1,1,1,2,45,1,1,2,1,0,0,1,1,0,0,11,5,11,6,11,33,0,0,0,0,1,6,0,250036,900,2009,0,US-20,99999999999999999999,0000000,42.32898056,-71.61858611,2,1
25,27,3,24,1,47,1,1,0,0,12,3,0,42,0,1,4,2,3,35,9,1,2,1,0,0,3,1,0,0,1,46,1,49,2,2,0,20,0,0,1,3,1,250037,1520,2009,0,SR-122A,99999999999999999999,0000000,42.28492778,-71.80732778,1,1
25,1,1,19,21,10,1,3,0,0,16,8,0,30,0,1,4,1,9,40,2,1,2,4,0,0,3,3,0,0,21,10,21,19,99,99,0,0,0,0,1,2,0,250038,330,2009,0,CURRIER ROAD,99999999999999999999,0000000,41.61415833,-70.53926389,1,3
25,15,2,13,1,13,1,1,0,0,12,3,0,42,0,1,4,1,9,99,1,1,2,2,0,0,2,1,0,0,99,99,99,99,99,99,0,0,0,0,1,6,1,250039,30,2009,0,SR-116,99999999999999999999,0000000,42.30200833,-72.52839167,1,1
25,5,3,22,21,5,2,3,0,1,11,1,0,12,5,1,1,3,3,65,1,1,2,1,0,0,2,1,0,0,21,5,21,11,88,88,0,0,0,0,1,1,0,250040,1268,2009,0,I-195,99999999999999999999,0000000,41.77230278,-71.25526389,2,1
25,25,3,1,11,0,2,3,0,0,16,8,0,12,99,1,1,9,9,30,9,1,2,4,99,9,1,1,0,2,11,8,11,19,11,51,0,0,0,0,2,1,0,250041,120,2009,0,GROVE STREET,99999999999999999999,0000000,42.27070278,-71.16188056,2,1
25,27,3,23,14,44,2,2,0,0,12,3,0,12,2,1,1,1,2,45,9,1,2,1,0,0,1,1,0,0,14,43,14,44,15,21,0,0,0,0,1,2,0,250042,640,2009,0,SR-13,99999999999999999999,0000000,42.62012778,-71.74140833,2,1
25,13,3,31,16,1,2,3,0,0,12,2,0,12,2,2,1,1,4,99,1,1,2,1,0,0,1,1,0,0,16,1,16,4,16,34,0,0,0,0,1,3,0,250043,500,2009,0,US-202,SOLDIERS HOME ROAD,0000000,42.20169167,-72.64108611,2,1
25,1,3,30,20,26,2,2,0,0,16,8,0,12,5,1,1,1,2,30,2,1,2,1,40,3,2,1,0,0,20,26,20,33,21,2,0,0,0,0,1,2,0,250044,1120,2009,0,OLD COUNTY ROAD,99999999999999999999,0000000,41.72603889,-70.41326389,2,1
25,5,3,27,13,47,2,2,0,1,11,1,0,14,1,1,4,2,3,65,1,1,2,1,0,0,1,1,0,0,99,99,99,99,99,99,0,0,0,0,1,6,0,250045,251,2009,0,I-195,99999999999999999999,0000000,41.65521389,-70.99373889,1,1
25,9,3,19,2,10,1,1,0,1,11,1,0,24,0,1,2,2,3,65,1,1,2,1,0,0,2,1,0,0,2,13,2,20,2,42,0,0,0,0,1,5,1,250046,20,2009,0,I-495,99999999999999999999,0000000,42.83028333,-70.99167778,1,1
25,21,1,14,9,0,4,6,0,0,16,8,0,12,1,2,1,2,2,30,1,1,2,4,99,9,1,1,0,0,9,0,9,4,99,99,0,0,0,0,1,4,0,250047,1060,2009,0,FURNACE BROOK PARKWA,WABAN ROAD,0000000,42.26466944,-70.99966111,4,1
25,21,3,7,18,53,1,2,1,0,14,3,0,8,0,1,1,1,9,30,9,1,2,1,0,0,3,1,0,0,18,48,18,48,19,14,0,0,0,0,1,7,0,250048,1035,2009,0,SR-1A,99999999999999999999,0000000,41.99885833,-71.330625,1,1
25,27,2,26,17,24,1,2,0,0,12,3,0,24,0,1,4,1,9,35,2,1,2,2,0,0,1,1,0,0,17,25,17,28,99,99,0,0,0,0,1,5,0,250049,1439,2009,0,SR-140,99999999999999999999,0000000,42.51810556,-71.88835278,1,1
25,23,3,24,20,50,4,5,0,0,16,8,0,12,5,1,1,2,9,30,1,1,2,1,0,0,3,1,0,0,20,48,20,56,99,99,0,0,0,0,1,3,0,250050,140,2009,0,TORREY STREET,99999999999999999999,0000000,42.06962222,-71.07253056,4,1
25,27,3,28,18,30,4,6,0,1,12,3,0,12,5,1,1,2,9,55,1,1,2,1,0,0,1,1,0,0,18,38,18,41,18,59,0,0,0,0,1,7,1,250051,390,2009,0,SR-140,99999999999999999999,0000000,42.57255,-71.94637222,4,1
25,17,3,7,8,56,1,2,1,0,12,3,0,42,0,1,1,1,9,99,9,1,2,1,0,0,1,1,0,0,8,56,9,0,9,29,0,0,0,0,1,7,0,250052,660,2009,0,SR-60,99999999999999999999,0000000,42.43036111,-71.05012778,1,1
25,17,4,3,17,50,1,1,0,0,16,8,0,26,0,1,3,3,3,55,1,1,2,2,0,0,3,2,0,0,17,48,17,51,18,33,0,0,0,0,1,6,0,250053,630,2009,0,LOWELL CONNECTOR,99999999999999999999,0000000,42.61431667,-71.32066667,1,2
25,1,4,4,4,1,1,1,0,1,12,3,0,42,0,1,5,1,2,50,1,1,1,2,0,0,2,9,0,0,4,12,4,19,88,88,0,0,0,0,1,7,0,250054,121,2009,0,SR-28,99999999999999999999,0000000,41.74365278,-70.58921944,1,9
25,1,4,12,4,19,1,2,0,0,16,8,0,1,0,2,5,1,2,25,1,1,2,1,20,3,2,1,0,0,4,21,4,25,4,52,0,0,0,0,1,1,1,250055,330,2009,0,MENAUHANT ROAD,MARAVISTA AVE,0000000,41.54648889,-70.58612778,1,1
25,17,4,14,21,45,1,2,0,0,12,3,0,33,0,2,3,2,2,30,1,1,2,1,3,3,3,1,0,0,21,55,22,32,22,38,0,0,0,0,2,3,0,250056,1335,2009,0,SR-129,SALEM STREET,0000000,42.51013333,-71.07138056,1,1
25,21,4,14,5,9,1,1,0,1,12,3,0,42,0,1,5,1,2,35,1,1,2,1,0,0,2,1,0,0,5,10,5,19,88,88,0,0,0,0,1,3,0,250057,730,2009,0,SR-109,99999999999999999999,0000000,42.14450556,-71.43851389,1,1
25,5,4,18,1,13,1,3,0,0,16,8,0,30,0,1,4,1,2,40,1,1,2,1,0,0,2,1,0,0,99,99,99,99,99,99,0,0,0,0,1,7,0,250058,96,2009,0,COUNTY STREET,99999999999999999999,0000000,41.84597222,-71.02626667,1,1
25,5,4,25,16,22,1,1,0,0,14,2,0,30,0,1,5,2,2,45,1,1,2,1,0,0,1,1,0,0,16,5,16,6,16,33,0,0,0,0,1,7,0,250059,1441,2009,0,US-6,99999999999999999999,0000000,41.65874167,-71.07999722,1,1
25,9,4,27,1,40,1,1,0,1,11,1,0,42,0,1,5,3,3,65,1,1,2,1,0,0,2,1,0,0,1,47,1,54,88,88,0,0,0,0,1,2,1,250060,470,2009,0,I-495,99999999999999999999,0000000,42.78716667,-71.11233611,1,1
25,17,4,29,12,38,1,1,0,1,11,1,0,25,0,1,3,3,3,55,1,1,2,1,0,0,1,1,0,0,12,43,99,99,99,99,0,0,0,0,1,4,0,250061,1190,2009,0,I-93,99999999999999999999,0000000,42.37617222,-71.07416111,1,1
25,27,4,25,15,41,1,2,0,1,2,3,0,1,0,7,1,2,2,35,1,1,2,1,0,0,1,1,0,0,15,40,15,51,99,99,0,0,0,0,1,7,0,250062,1013,2009,0,SR-2,99999999999999999999,0000000,42.57255,-72.13498611,1,1
25,17,3,5,13,43,2,2,0,0,16,8,0,12,99,1,1,1,2,35,1,1,2,1,0,0,1,1,0,0,13,46,13,47,14,12,0,0,0,0,1,5,0,250063,1305,2009,0,WESTFORD ROAD,99999999999999999999,0000000,42.66716389,-71.42143333,2,1
25,5,3,22,3,0,1,3,0,1,11,1,0,1,0,1,5,2,4,65,1,1,2,1,0,0,2,1,0,0,99,99,99,99,99,99,0,0,0,0,1,1,1,250064,924,2009,0,I-495,99999999999999999999,0000000,41.99413889,-71.18359444,1,1
25,9,4,23,3,55,1,1,0,1,11,1,0,35,0,1,3,2,3,65,1,1,2,2,0,0,2,1,0,0,3,55,4,1,4,43,0,0,0,0,1,5,0,250065,760,2009,0,I-495,99999999999999999999,0000000,42.83468889,-70.97494167,1,1
25,5,4,27,14,44,1,2,1,0,16,8,0,8,0,2,1,1,2,30,9,1,2,1,0,0,1,1,0,0,14,45,14,47,15,3,0,0,0,0,1,2,0,250066,850,2009,0,ACUSHNET AVENUE,EUGENIA STREET,0000000,41.66784722,-70.92902222,1,1
25,5,1,10,2,45,2,4,0,1,11,1,0,12,1,1,1,2,3,65,1,1,2,1,0,0,3,1,0,0,2,37,2,43,99,99,0,23,0,0,1,7,2,250067,1133,2009,26,I-195,99999999999999999999,0000000,41.80665278,-71.33934722,2,1
25,27,2,28,11,30,1,2,0,1,12,3,0,1,0,13,1,6,1,35,1,1,2,4,0,0,1,1,0,0,11,30,11,33,11,56,0,0,0,0,1,7,0,250068,390,2009,875,SR-12,99999999999999999999,0000000,42.56335,-71.97638889,1,1
25,13,4,4,5,22,2,2,0,0,3,2,0,12,2,1,1,1,4,55,1,1,2,2,0,0,1,1,0,0,5,30,5,35,99,99,0,0,0,0,1,7,0,250069,137,2009,0,US-20,99999999999999999999,0000000,42.11376111,-72.15185278,2,1
25,17,4,4,14,47,2,3,0,1,12,3,0,12,2,1,1,1,2,35,1,1,2,1,0,0,1,1,0,0,14,47,14,50,15,18,0,0,0,0,1,7,0,250070,1377,2009,0,SR-27,99999999999999999999,0000000,42.34718889,-71.35954722,2,1
25,3,4,4,0,19,1,2,0,0,16,8,0,99,99,1,1,9,9,30,9,9,9,9,99,9,6,9,0,0,0,22,0,26,1,4,0,0,0,0,1,7,0,250071,10,2009,0,FISK ROAD,99999999999999999999,0000000,42.61810833,-73.12911944,1,9
25,17,4,12,16,15,2,3,0,1,12,3,0,24,0,1,4,3,9,35,9,1,2,1,3,3,1,1,0,0,16,20,16,21,16,34,0,0,0,0,1,1,0,250072,720,2009,0,SR-16,99999999999999999999,0000000,42.4111,-71.10351667,2,1
25,21,4,9,1,54,1,3,0,0,16,8,0,42,0,1,5,1,2,20,1,1,2,1,0,0,2,1,0,0,1,57,2,7,2,36,0,0,0,0,1,5,0,250073,94,2009,0,HIGH STREET,99999999999999999999,0000000,42.09835,-71.46091389,1,1
25,17,4,20,22,13,1,1,0,0,12,3,0,42,0,1,4,1,2,45,9,1,2,2,0,0,3,2,0,0,22,15,22,19,22,50,0,0,0,0,1,2,0,250074,1279,2009,0,SR-27,99999999999999999999,0000000,42.37680833,-71.39791389,1,2
25,17,4,20,18,51,2,2,0,1,12,2,0,12,2,1,1,1,2,45,2,1,2,1,0,0,1,1,0,0,18,52,18,58,99,99,0,0,0,0,1,2,0,250075,1279,2009,0,US-20,99999999999999999999,0000000,42.36114444,-71.45130278,2,1
25,23,2,14,9,48,1,2,0,1,12,3,0,1,0,1,1,3,3,65,1,1,2,1,0,0,1,9,0,0,99,99,99,99,99,99,0,0,0,0,1,7,0,250076,1400,2009,0,SR-24,99999999999999999999,0000000,42.01366944,-71.04314444,1,9
25,21,4,30,2,19,1,2,0,0,12,3,0,30,0,1,5,1,9,45,2,1,2,1,0,0,3,1,0,0,2,20,2,25,99,99,0,0,0,0,1,5,0,250077,94,2009,0,SR-126,99999999999999999999,0000000,42.094975,-71.47576389,1,1
25,21,4,25,22,11,2,3,0,0,12,3,0,12,4,2,1,1,2,35,1,1,2,1,3,1,3,1,0,0,22,12,22,16,22,47,0,0,0,0,1,7,0,250078,380,2009,0,SR-140,KING STREET,0000000,42.08140833,-71.38984722,2,1
25,21,4,21,17,43,2,4,0,0,16,8,0,12,2,1,1,1,2,40,2,1,2,2,0,0,1,1,0,0,17,43,17,48,18,8,0,0,0,0,1,3,0,250079,847,2009,0,GREENDALE AVENUE,99999999999999999999,0000000,42.29013611,-71.21303611,2,1
25,25,4,27,19,27,1,4,0,0,16,8,0,33,0,1,1,3,2,40,2,1,2,1,0,0,1,1,0,0,99,99,99,99,99,99,0,0,0,0,1,2,1,250080,120,2009,0,STORROW DRIVE,99999999999999999999,0000000,42.35251944,-71.11175556,1,1
25,13,3,7,0,11,6,5,0,0,12,2,0,12,2,1,1,1,2,35,1,1,2,1,0,0,3,1,0,0,99,99,99,99,99,99,0,0,0,0,1,7,1,250081,990,2009,0,US-20,99999999999999999999,0000000,42.15812222,-72.36147222,2,1
25,5,4,20,16,49,4,4,0,1,12,2,0,12,2,1,1,2,2,50,1,1,2,1,0,0,1,1,0,0,16,50,16,55,99,99,0,0,0,0,1,2,0,250082,1280,2009,0,US-44,99999999999999999999,0000000,41.90291667,-70.99090556,4,1
25,17,2,21,4,31,1,2,0,1,11,1,0,24,0,1,3,3,3,65,1,1,2,1,0,0,2,1,0,0,4,48,4,55,5,38,0,0,0,0,2,7,1,250083,618,2009,0,I-495,99999999999999999999,0000000,42.51715556,-71.51159722,1,1
25,17,1,19,9,18,4,2,0,0,16,8,0,14,7,1,4,4,1,30,1,1,2,3,0,0,1,1,0,0,9,11,9,15,9,34,0,0,0,0,1,2,0,250084,1335,2009,0,ALBION STREET,99999999999999999999,0000000,42.50298333,-71.07467778,2,1
25,17,5,3,15,13,1,1,0,0,3,3,0,24,0,1,4,1,2,50,2,1,2,1,0,0,1,1,0,0,99,99,99,99,99,99,0,0,0,0,1,1,0,250085,31,2009,0,SR-119,99999999999999999999,0000000,42.66337778,-71.79865833,1,1
25,5,5,5,17,10,1,3,0,0,16,8,2,5,0,2,1,1,2,30,9,1,2,1,0,0,1,1,0,0,17,14,17,19,17,41,0,0,0,0,1,3,0,250086,320,2009,0,NICHOLS STREET,MARKELL STREET,0000000,41.7204,-71.12763333,1,1
25,9,5,8,16,49,1,2,0,0,16,8,0,30,0,1,5,1,9,35,9,1,2,1,0,0,1,1,0,0,16,49,16,52,17,3,0,0,0,0,2,6,0,250087,255,2009,0,CONANT STREET,99999999999999999999,0000000,42.57033889,-70.91448889,1,1
25,25,5,9,2,30,1,1,0,1,12,3,0,21,0,1,4,3,2,40,1,1,2,1,0,0,3,9,0,0,99,99,99,99,99,99,0,0,0,0,1,7,1,250088,120,2009,0,SR-203,99999999999999999999,0000000,42.29242222,-71.09579167,1,9
25,9,5,11,5,30,1,1,0,1,11,1,0,1,0,1,1,2,4,65,1,1,2,1,0,0,1,1,0,0,5,35,5,42,99,99,0,0,0,0,1,2,0,250089,410,2009,0,I-95,99999999999999999999,0000000,42.752275,-70.94451389,1,1