STATE,COUNTY,MONTH,DAY,HOUR,MINUTE,VE_TOTAL,PERSONS,PEDS,NHS,ROAD_FNC,ROUTE,SP_JUR,HARM_EV,MAN_COLL,REL_JUNC,REL_ROAD,TRAF_FLO,NO_LANES,SP_LIMIT,ALIGNMNT,PROFILE,PAVE_TYP,SUR_COND,TRA_CONT,T_CONT_F,LGT_COND,WEATHER1,WEATHER2,WRK_ZONE,NOT_HOUR,NOT_MIN,ARR_HOUR,ARR_MIN,HOSP_HR,HOSP_MN,SCH_BUS,CF1,CF2,CF3,FATALS,DAY_WEEK,DRUNK_DR,ST_CASE,CITY,YEAR,MILEPT,TWAY_ID,TWAY_ID2,RAIL,LATITUDE,LONGITUD,VE_FORMS,WEATHER
25,9,5,20,8,0,1,1,0,0,16,8,0,42,0,1,5,2,2,35,1,1,2,1,0,0,1,1,0,0,8,5,8,9,88,88,0,0,0,0,1,4,0,250090,765,2009,0,HAMPSTEAD,99999999999999999999,0000000,42.77978056,-71.17733056,1,1
25,5,5,22,8,0,1,1,0,0,14,2,0,18,0,1,1,2,9,40,9,1,2,1,3,1,1,1,0,0,99,99,99,99,99,99,0,0,0,0,1,6,0,250091,850,2009,0,US-6,99999999999999999999,0000000,41.64649167,-70.92825,1,1
25,21,5,23,0,30,1,1,0,1,12,2,0,1,0,1,99,3,2,55,1,1,2,1,0,0,2,1,0,0,0,25,0,31,0,59,0,0,0,0,1,7,0,250092,1035,2009,0,US-1,99999999999999999999,0000000,42.00026111,-71.32658889,1,1
25,25,5,24,2,4,1,1,0,0,16,8,0,46,0,9,5,9,9,30,9,1,2,1,3,9,3,1,0,0,2,4,2,9,88,88,0,0,0,0,1,1,1,250093,120,2009,0,CENTRE STREET,99999999999999999999,0000000,42.32656944,-71.10111111,1,1
25,17,5,1,11,29,2,2,0,0,14,3,0,12,2,1,1,1,2,35,1,1,2,1,0,0,1,1,0,0,11,31,11,34,12,12,0,0,0,0,1,6,0,250094,90,2009,0,SR-4,99999999999999999999,0000000,42.482225,-71.25560833,2,1
25,9,5,8,6,37,1,2,1,0,16,8,0,8,0,2,1,1,2,30,1,1,2,1,0,0,1,1,0,0,6,40,6,43,6,59,0,0,0,0,1,6,0,250095,650,2009,0,BOSTON STREET,MALL STREET,0000000,42.46677778,-70.96472778,1,1
25,9,5,16,7,36,1,5,2,0,16,8,0,8,0,1,5,1,9,30,9,1,2,1,0,0,1,1,0,0,7,42,7,47,8,9,0,0,0,0,1,7,1,250096,1125,2009,0,ESSEX STREET,99999999999999999999,0000000,42.45037778,-71.01442222,1,1
25,1,5,9,1,7,2,3,0,0,16,8,0,12,6,10,1,1,9,30,9,1,2,1,20,3,3,1,0,0,1,8,1,11,1,26,0,0,0,0,1,7,1,250097,75,2009,0,MAIN STREET,STEVENS STREET,0000000,41.65034167,-70.29293056,2,1
25,25,5,20,15,37,2,2,0,0,12,3,0,12,99,2,1,2,9,30,1,1,2,1,0,0,1,1,0,0,15,37,15,43,88,88,0,0,0,0,1,4,0,250098,120,2009,0,SR-28,CLARKWOOD STREET,0000000,42.28899167,-71.09596389,2,1
25,21,5,29,12,57,2,2,0,0,16,8,0,12,2,1,1,1,9,35,1,1,2,2,0,0,1,1,0,0,12,59,13,0,13,30,0,0,0,0,1,6,0,250099,1451,2009,0,EAST STREET,99999999999999999999,0000000,42.22012778,-71.18419722,2,1
25,17,5,30,14,17,2,2,0,0,16,8,0,12,1,2,1,2,2,30,1,1,2,1,20,1,1,1,0,0,14,19,14,22,14,53,0,0,0,0,1,7,0,250100,1340,2009,0,LAKE STREET,INDIAN ROAD,0000000,42.40381111,-71.23844167,2,1
25,3,5,31,17,47,2,2,0,0,4,3,0,12,4,2,1,1,2,45,1,1,2,1,20,3,1,1,0,0,17,32,17,38,18,4,0,0,0,0,1,1,0,250101,9997,2009,0,SR-8,HENDERSON ROAD,0000000,42.73541389,-73.07350278,2,1
25,25,5,14,8,0,2,3,0,0,16,8,0,12,99,2,1,9,9,30,1,1,2,9,99,9,1,1,0,0,8,30,8,35,9,1,0,0,0,0,1,5,0,250102,120,2009,0,ASHTON STREET,BALSAM STREET,0000000,42.28759722,-71.08969722,2,1
25,9,5,16,19,6,2,4,0,0,6,8,0,12,4,2,1,9,9,35,9,1,2,9,99,9,9,9,0,0,19,8,19,10,19,31,0,0,0,0,1,7,0,250103,550,2009,0,LINEBROOK ROAD,BULL BROOK LANE,0000000,42.68653611,-70.88653611,2,9
25,9,5,1,16,3,3,5,0,0,16,8,0,12,2,2,1,1,9,99,9,1,2,1,0,0,1,1,0,0,15,53,15,58,16,33,0,0,0,0,1,6,0,250104,765,2009,0,RIVERSIDE DRIVE,BURNHAM ROAD,0000000,42.70186667,-71.20342222,3,1
25,25,5,19,22,10,5,5,0,0,16,8,0,12,6,2,1,9,3,30,9,1,2,2,3,3,3,1,0,0,22,11,22,17,22,29,0,0,0,0,1,3,1,250105,120,2009,0,PURCHASE STREET,CONGRESS STREET,0000000,42.35410278,-71.05390556,5,1
25,23,5,21,12,44,2,2,0,0,14,3,0,12,5,2,1,1,2,35,1,1,2,1,20,3,1,1,0,0,99,99,99,99,99,99,0,0,0,0,2,5,0,250106,1085,2009,0,SR-139,DAMON ROAD,0000000,42.12197222,-70.89563333,2,1
25,13,5,22,3,50,1,1,0,0,14,3,0,24,0,1,4,1,2,99,9,1,2,1,0,0,9,1,0,0,4,4,4,9,88,88,0,0,0,0,1,6,1,250107,15,2009,0,SR-187,99999999999999999999,0000000,42.05347778,-72.67796389,1,1
25,27,5,25,22,30,2,2,0,0,12,3,0,12,6,2,1,1,9,35,9,1,2,1,3,3,3,1,0,0,22,31,22,32,23,5,0,0,0,0,1,2,0,250108,436,2009,0,SR-140,SR-122,0000000,42.21364444,-71.69110833,2,1
25,15,5,25,10,30,1,2,1,0,16,8,0,9,0,1,2,1,2,35,1,1,2,1,0,0,1,1,0,0,10,26,10,31,10,59,0,0,0,0,1,2,0,250109,30,2009,0,UNIVERSITY DRIVE,99999999999999999999,0000000,42.37268611,-72.53268333,1,1
25,13,6,2,22,28,1,1,0,0,16,8,0,1,0,2,1,1,2,35,1,1,2,1,0,0,3,1,0,0,22,28,22,39,99,99,0,0,0,0,1,3,0,250110,1247,2009,0,HILLSIDE ROAD,COES HILL ROAD,0000000,42.06624444,-72.78974444,1,1
25,17,6,3,21,56,1,1,0,0,16,8,0,18,0,1,5,1,2,30,2,1,2,1,0,0,2,1,0,0,21,57,22,1,22,59,0,0,0,0,1,4,0,250111,36,2009,0,E UNION STREET,99999999999999999999,0000000,42.26261111,-71.43241944,1,1
25,27,6,13,0,44,1,1,0,0,16,8,0,1,0,2,1,1,2,30,2,1,2,1,0,0,3,1,0,0,0,44,0,52,1,14,0,0,0,0,1,7,1,250113,1439,2009,0,NARROWS ROAD,EAST ROAD,0000000,42.53771389,-71.87830833,1,1
25,5,6,10,20,55,1,1,0,1,11,1,0,42,0,1,4,2,3,45,1,1,2,1,0,0,2,1,0,0,21,0,21,5,21,8,0,0,0,0,1,4,1,250114,1185,2009,0,I-195,99999999999999999999,0000000,41.73029722,-71.19024722,1,1
25,13,6,17,5,50,1,1,0,0,14,2,0,42,0,3,4,1,2,35,1,1,2,1,0,0,1,1,0,0,5,51,5,56,6,30,0,0,0,0,1,4,0,250115,500,2009,0,US-5,FORER AVE,0000000,42.20194444,-72.63104444,1,1
25,9,6,12,21,0,1,1,0,0,16,8,0,42,0,1,4,1,2,30,2,1,2,1,0,0,3,1,0,0,22,25,22,31,22,56,0,0,0,0,1,6,0,250116,1125,2009,0,WINTER STREET,99999999999999999999,0000000,42.45994167,-71.00498333,1,1
25,3,6,17,14,47,1,1,0,0,6,8,0,35,0,1,2,1,2,40,2,1,2,1,0,0,1,1,0,0,14,41,14,50,88,88,0,0,0,0,1,4,0,250117,1075,2009,0,SWAMP ROAD,99999999999999999999,0000000,42.356325,-73.35605556,1,1
25,17,6,11,12,7,1,1,0,1,15,2,0,36,0,1,4,2,3,55,1,1,1,1,0,0,1,1,0,0,12,8,12,14,12,40,0,0,0,0,1,5,0,250118,105,2009,0,US-3,99999999999999999999,0000000,42.5269,-71.26968333,1,1
25,17,6,25,22,25,1,1,0,1,11,1,0,42,0,1,3,3,3,65,9,1,2,1,0,0,2,1,0,0,22,28,22,42,88,88,0,0,0,0,1,5,0,250119,195,2009,0,I-495,99999999999999999999,0000000,42.60149444,-71.35985,1,1
25,13,6,25,20,26,1,1,0,1,11,1,0,18,0,1,1,2,3,45,1,1,2,1,4,3,2,1,0,1,20,32,20,42,21,12,0,0,0,0,1,5,1,250120,500,2009,208,I-91,99999999999999999999,0000000,42.16302222,-72.64623611,1,1
25,1,6,29,1,34,1,4,0,0,16,8,0,42,0,1,5,1,2,25,2,1,2,2,0,0,3,2,0,0,1,32,1,37,2,18,0,0,0,0,1,2,1,250121,121,2009,0,COUNTY ROAD,99999999999999999999,0000000,41.69329722,-70.60543889,1,2
25,17,6,30,12,27,2,3,0,0,16,8,0,12,2,2,1,1,2,99,1,1,2,1,0,0,1,1,0,0,12,27,12,33,12,49,0,0,0,0,1,3,0,250122,1510,2009,0,RUSSELL STREET,OLD CAMBRIDGE ROAD,0000000,42.46798056,-71.17964722,2,1
25,21,6,13,11,39,1,2,1,0,14,3,0,8,0,2,1,1,2,30,1,1,2,1,0,0,1,1,0,0,11,41,11,41,99,99,0,0,0,0,1,7,0,250123,1276,2009,0,SR-138,LINCOLN STREET,0000000,42.129675,-71.10205556,1,1
25,23,6,4,22,31,2,2,0,1,14,3,0,12,99,1,1,9,9,60,9,1,2,9,99,9,9,9,0,0,22,39,22,45,99,99,0,0,0,0,1,5,0,250124,1040,2009,0,SR-3,99999999999999999999,0000000,41.83638056,-70.567675,2,9
25,17,6,2,14,38,3,3,0,0,16,8,0,12,4,2,1,9,9,30,9,1,2,1,20,3,1,1,0,0,99,99,99,99,99,99,0,0,0,0,1,3,0,250125,1335,2009,0,PROSPECT STREET,BROOK STREET,0000000,42.50273056,-71.09476111,3,1
25,13,6,8,19,19,2,2,0,0,16,8,0,12,2,2,1,1,2,30,1,1,2,1,0,0,1,1,0,0,99,99,99,99,99,99,0,0,0,0,1,2,0,250127,500,2009,0,N BRIDGE STREET,ELY STREET,0000000,42.20607778,-72.59696944,2,1
25,1,6,11,11,8,2,2,0,1,12,7,0,12,7,2,1,4,9,20,2,1,2,1,21,3,1,1,0,0,11,11,11,12,11,31,0,0,0,0,1,5,0,250128,121,2009,0,US-6,SR-28,0000000,41.74928611,-70.62475278,2,1
25,9,6,25,17,55,2,3,0,0,6,8,0,12,4,1,1,1,2,30,1,1,2,2,0,0,1,1,0,0,18,3,18,11,18,27,0,0,0,0,2,5,0,250129,1444,2009,0,BACHELOR STREET,99999999999999999999,0000000,42.78759167,-70.968475,2,1
25,21,6,18,20,28,2,2,0,1,12,3,0,14,1,1,4,3,3,65,1,1,2,2,41,3,3,9,0,1,20,43,20,46,21,17,0,0,0,0,1,5,0,250130,1063,2009,0,SR-24,99999999999999999999,0000000,42.15833056,-71.06901111,1,9
25,13,6,20,4,50,1,2,1,0,16,8,0,8,0,1,1,9,9,30,9,1,2,1,3,9,4,1,0,0,4,51,4,57,5,13,0,0,0,0,1,7,0,250131,1270,2009,0,STATE STREET,99999999999999999999,0000000,42.11025833,-72.569075,1,1
25,21,7,10,9,0,1,1,0,1,11,1,0,42,0,1,3,2,3,65,1,1,2,1,0,0,1,1,0,0,9,4,9,7,10,4,0,0,0,0,1,6,0,250132,94,2009,0,I-495,99999999999999999999,0000000,42.11547778,-71.46748056,1,1
25,17,7,11,15,41,1,1,0,1,11,1,0,42,0,1,4,3,3,65,1,1,2,1,0,0,1,1,0,0,99,99,99,99,99,99,0,0,0,0,1,7,0,250133,520,2009,1055,I-90,99999999999999999999,0000000,42.24395833,-71.59343611,1,1
25,17,7,17,8,45,1,2,1,1,11,1,0,8,0,1,1,2,3,65,1,1,2,1,0,0,1,1,0,0,8,48,8,53,9,34,0,0,0,0,1,6,0,250134,1431,2009,0,I-495,99999999999999999999,0000000,42.57090833,-71.42435,1,1
25,3,7,25,2,30,1,2,0,0,6,8,0,42,0,1,5,9,9,35,9,1,2,2,0,0,9,1,0,0,2,25,2,40,99,99,0,20,0,0,1,7,1,250135,1145,2009,0,MILLERS AVENUE,99999999999999999999,0000000,42.11554167,-73.3576,1,1
25,23,7,25,11,53,1,2,1,0,4,3,0,9,0,1,1,1,2,35,1,1,2,1,0,0,1,1,0,0,11,53,11,55,12,21,0,0,0,0,1,7,0,250136,462,2009,0,SR-106,99999999999999999999,0000000,41.99158611,-70.86456389,1,1
25,23,7,25,19,28,1,1,0,0,6,8,0,30,0,1,5,1,9,35,2,1,2,1,0,0,5,1,0,0,19,30,19,54,99,99,0,0,0,0,1,7,0,250137,1041,2009,0,CENTER STREET,99999999999999999999,0000000,41.96548889,-70.81315,1,1
25,25,7,30,18,43,1,1,0,0,12,3,0,99,0,1,1,4,9,99,1,1,2,1,0,0,1,1,0,0,99,99,99,99,99,99,0,0,0,0,1,5,0,250138,120,2009,0,SR-1A,99999999999999999999,0000000,42.39810833,-71.01070556,1,1
25,5,6,20,17,36,2,7,0,1,11,1,0,12,5,1,1,3,3,65,1,1,2,1,0,0,1,1,0,0,17,43,17,49,18,10,0,0,0,0,2,7,0,250139,50,2009,0,I-95,99999999999999999999,0000000,41.90080833,-71.36268056,2,1
25,21,7,4,1,14,1,4,0,0,12,3,0,42,0,1,4,1,2,30,2,1,2,1,0,0,3,1,0,0,1,17,1,19,99,99,0,0,0,0,3,7,1,250140,1336,2009,0,SR-27,99999999999999999999,0000000,42.14876944,-71.23578056,1,1
25,9,6,7,12,20,2,2,1,0,16,8,0,8,0,1,1,4,3,25,9,1,2,1,0,0,1,1,0,0,12,27,12,32,12,52,0,0,0,0,1,1,0,250141,255,2009,0,CONIFER HILL DRIVE,99999999999999999999,0000000,42.58670833,-70.96704444,1,1
25,3,6,13,8,34,2,3,0,0,16,8,0,12,4,1,1,3,2,40,1,1,2,2,0,0,1,1,0,0,8,35,8,38,9,8,0,0,0,0,1,7,0,250142,1030,2009,0,DALTON AVE,99999999999999999999,0000000,42.46570278,-73.20954444,2,1
25,17,7,3,21,29,2,2,0,0,16,8,0,12,2,1,1,1,9,30,1,1,2,1,0,0,3,1,0,0,21,29,21,33,22,3,0,0,0,0,1,6,0,250143,1510,2009,0,GREEN STREET,99999999999999999999,0000000,42.47576944,-71.14445556,2,1
25,17,7,10,9,25,2,2,0,0,12,3,0,12,2,1,4,1,2,35,1,1,2,1,0,0,1,1,0,0,9,27,9,30,10,40,0,0,0,0,1,6,0,250144,1282,2009,0,SR-133,99999999999999999999,0000000,42.64204167,-71.25226111,2,1
25,9,7,10,16,45,1,2,0,1,11,1,0,1,0,1,4,3,9,65,9,1,2,1,0,0,1,1,0,0,16,45,16,51,17,20,0,0,0,0,1,6,0,250145,35,2009,0,I-93,99999999999999999999,0000000,42.69019444,-71.20642778,1,1
25,5,7,11,16,7,2,2,0,0,14,3,0,12,5,1,1,2,2,45,1,1,2,1,0,0,1,1,0,0,16,8,16,11,99,99,0,0,0,0,1,7,0,250146,1064,2009,0,SR-138,99999999999999999999,0000000,41.96076667,-71.06909722,2,1
25,17,7,11,1,47,2,5,0,0,16,8,0,12,2,1,1,1,2,25,2,1,2,1,0,0,3,1,0,0,1,47,1,53,99,99,0,0,0,0,1,7,0,250147,1490,2009,0,ALDRICH ROAD,99999999999999999999,0000000,42.54979167,-71.20376667,2,1
25,13,7,13,18,48,2,2,0,0,16,8,0,12,2,1,1,1,9,30,2,1,2,1,0,0,5,1,0,0,99,99,99,99,99,99,0,0,0,0,1,2,1,250148,1446,2009,0,ELM STREET,99999999999999999999,0000000,42.11643333,-72.62598056,2,1
25,27,7,13,16,2,2,2,0,1,12,3,0,12,1,1,1,3,9,50,1,1,2,1,0,0,1,1,0,0,16,2,16,4,16,37,0,0,0,0,1,2,0,250149,1204,2009,0,SR-9,99999999999999999999,0000000,42.29235833,-71.52794722,2,1
25,13,7,14,19,40,2,2,0,0,16,8,0,12,4,1,1,1,2,35,1,1,2,1,0,0,1,1,0,0,19,40,19,51,88,88,0,0,0,0,1,3,0,250150,1247,2009,0,NORTH LONGYARD ROAD,99999999999999999999,0000000,42.07554722,-72.72305556,2,1
25,25,7,15,8,8,2,3,1,0,16,8,0,8,0,1,4,1,9,30,1,1,2,1,0,0,1,1,0,0,8,8,8,16,8,43,0,0,0,0,1,4,0,250151,120,2009,0,CAMBRIDGE STREET,99999999999999999999,0000000,42.35340556,-71.13965,1,1
25,17,7,26,15,38,2,3,2,0,16,8,0,8,0,1,5,1,9,30,1,1,2,1,0,0,1,1,0,0,15,39,15,44,16,4,0,0,0,0,1,1,0,250152,1190,2009,0,MUNROE STREET,99999999999999999999,0000000,42.38156389,-71.09253056,1,1
25,27,7,28,19,35,2,3,0,0,16,8,0,12,99,2,1,1,9,40,1,1,2,1,20,1,1,1,0,0,19,35,19,42,99,99,0,0,0,0,1,3,0,250153,585,2009,0,AUBURN STREET,STAFFORD STREET,0000000,42.27248333,-71.7984,2,1
25,5,7,21,9,12,1,2,1,0,16,8,0,8,0,1,5,4,9,5,9,9,2,1,0,0,1,1,0,0,9,15,9,20,99,99,0,0,0,0,1,3,0,250154,850,2009,0,134 ELM STREET,99999999999999999999,0000000,41.63635833,-70.92790556,1,1
25,5,8,3,21,27,1,1,0,0,16,8,0,53,0,1,5,1,2,30,2,1,2,1,0,0,3,1,0,0,21,28,21,39,88,88,0,0,0,0,1,2,1,250155,299,2009,0,CHURCH STREET,99999999999999999999,0000000,42.03628889,-71.08643611,1,1
25,13,8,19,15,2,1,1,0,0,16,8,0,42,0,1,4,1,2,30,2,1,2,1,0,0,1,1,0,0,14,56,14,58,15,26,0,0,0,0,1,4,0,250156,1446,2009,0,UNION STREET,99999999999999999999,0000000,42.10128056,-72.61447778,1,1
25,17,8,6,3,2,1,1,0,1,11,1,0,25,0,1,4,3,9,55,9,1,2,1,0,0,3,1,0,0,3,6,3,9,88,88,0,0,0,0,1,5,1,250157,1190,2009,0,I-93,99999999999999999999,0000000,42.37602778,-71.07391944,1,1
25,5,8,8,2,46,1,2,0,1,12,2,0,24,0,1,4,1,2,40,9,1,2,1,0,0,3,1,0,0,2,46,2,49,3,2,0,0,0,0,1,7,1,250158,850,2009,0,US-6,99999999999999999999,0000000,41.6395,-70.91923611,1,1
25,21,8,11,1,28,1,2,0,1,11,1,0,24,0,1,4,3,3,65,1,1,2,1,0,0,2,9,0,0,1,39,1,46,99,99,0,0,0,0,1,3,1,250159,1530,2009,0,I-495,99999999999999999999,0000000,42.03813889,-71.31457222,1,9
25,3,8,13,4,39,1,2,0,1,12,2,0,42,0,2,99,3,9,45,9,9,2,1,0,0,3,1,0,0,99,99,99,99,99,99,0,0,0,0,2,5,1,250160,600,2009,0,US-20,US-7,0000000,42.35054167,-73.26905278,1,1
25,23,8,19,10,30,1,2,1,0,14,3,0,9,0,1,1,1,2,35,1,1,2,1,0,0,1,1,0,0,99,99,99,99,99,99,0,0,0,0,1,4,0,250162,685,2009,0,SR-139,99999999999999999999,0000000,42.08701389,-70.65135833,1,1
25,17,8,19,13,35,1,2,1,0,16,8,0,9,0,2,1,1,2,30,1,1,2,1,3,3,1,1,0,0,13,36,13,37,14,10,0,0,0,0,1,4,0,250163,630,2009,0,MIDDLESEX STREET,PAWTUCKET STREET,0000000,42.63881944,-71.34341111,1,1
25,17,8,22,13,15,1,2,0,0,16,8,0,42,0,1,5,1,2,30,1,1,2,1,0,0,1,1,0,0,13,15,13,15,88,88,0,0,0,0,2,7,0,250164,615,2009,0,ADAMS STREET,99999999999999999999,0000000,42.46076389,-71.221275,1,1
25,9,8,24,18,55,1,2,1,1,12,3,0,8,0,2,1,1,2,30,1,1,2,1,0,0,9,1,0,0,18,55,18,57,99,99,0,0,0,0,1,2,0,250165,675,2009,0,SR-114,MOHAWK ROAD,0000000,42.49576944,-70.86499167,1,1
25,13,8,27,18,33,1,1,0,0,12,2,0,24,0,5,4,6,9,55,2,1,2,1,0,0,1,1,0,0,18,35,18,39,18,55,0,0,0,0,1,5,1,250166,1446,2009,0,US-5,99999999999999999999,0000000,42.15118611,-72.63061389,1,1
25,25,8,29,17,56,1,1,0,0,16,8,0,43,0,2,5,1,9,20,1,1,2,2,8,3,1,2,0,0,17,55,18,0,88,88,0,0,0,0,1,7,0,250168,200,2009,0,BROADWAY STREET,COMMANDANTS WAY,0000000,42.38739444,-71.04592222,1,2
25,3,8,4,22,23,2,2,0,1,12,2,0,12,5,2,1,3,9,30,1,1,2,1,3,3,6,1,0,0,22,22,22,25,22,36,0,0,0,0,1,3,0,250169,1030,2009,0,US-7,LINDEN STREET,0000000,42.454875,-73.24979722,2,1
25,13,8,14,19,23,2,4,0,1,12,2,0,12,7,2,4,1,2,30,1,1,2,1,0,0,5,1,0,0,19,24,19,26,19,38,0,0,0,0,1,6,1,250171,1430,2009,0,US-202,LOCKHOUSE ROAD,0000000,42.13903333,-72.73824722,2,1
25,23,8,18,14,56,2,2,0,0,16,8,0,12,6,1,1,1,2,35,1,1,2,1,0,0,1,1,0,0,14,53,14,56,15,15,0,0,0,0,1,3,0,250172,1085,2009,0,WEST WATER STREET,99999999999999999999,0000000,42.11688056,-70.93065278,2,1
25,27,8,20,10,36,2,3,0,1,11,1,0,12,3,1,1,3,3,65,1,1,2,1,0,0,1,1,0,0,10,44,10,48,99,99,0,0,0,0,1,5,0,250173,185,2009,815,I-90,99999999999999999999,0000000,42.15322222,-71.98250833,2,1
25,13,8,23,21,35,2,3,0,1,12,2,0,12,2,1,1,1,2,0,1,3,2,2,0,0,3,1,0,0,21,38,21,44,22,15,0,0,0,0,1,1,1,250174,500,2009,0,US-202,99999999999999999999,0000000,42.18528611,-72.67370278,2,1
25,21,8,28,13,58,2,2,0,0,16,8,0,12,2,3,1,3,4,30,1,1,2,1,0,0,1,1,0,0,13,58,14,1,14,30,0,0,0,0,1,6,0,250175,256,2009,0,MILTON STREET,HIGH STREET,0000000,42.24821667,-71.15475556,2,1
25,27,8,1,6,40,2,3,2,1,11,1,0,8,0,1,2,3,2,65,1,1,2,1,0,0,1,1,0,0,99,99,99,99,99,99,0,0,0,0,2,7,0,250176,1380,2009,0,I-395,99999999999999999999,0000000,42.03405833,-71.85934167,1,1
25,27,8,1,18,42,2,2,1,0,16,8,0,9,0,8,1,1,2,30,1,1,2,1,0,0,1,1,0,0,99,99,99,99,99,99,0,0,0,0,1,7,0,250177,1520,2009,0,ACTON ST,99999999999999999999,0000000,42.25085278,-71.78320833,1,1
25,1,8,15,12,13,1,2,0,1,12,2,0,1,0,1,1,3,9,55,9,1,2,1,0,0,1,1,0,0,12,13,12,20,99,99,0,0,0,0,1,7,0,250178,75,2009,664,US-6,99999999999999999999,0000000,41.68970556,-70.3125,1,1
25,17,8,27,9,14,2,2,1,1,12,3,0,8,0,3,1,2,9,30,9,1,2,1,0,0,1,1,0,0,9,15,9,18,9,27,0,14,0,0,1,5,0,250179,1375,2009,0,SR-16,99999999999999999999,0000000,42.37078333,-71.16205278,1,1
25,21,8,24,10,0,3,3,1,0,16,8,0,12,4,2,1,1,2,30,1,1,2,1,20,3,1,1,0,3,9,51,9,54,10,10,0,14,0,0,1,2,0,250180,1465,2009,0,WEST STREET,FRONT STREET,0000000,42.18808333,-70.96790278,3,1
25,21,2,27,15,13,1,1,0,0,14,3,0,18,0,1,5,1,2,45,1,9,2,1,0,0,1,1,0,0,15,9,15,15,88,88,0,0,0,0,1,6,0,250181,180,2009,0,SR-138,99999999999999999999,0000000,42.15716944,-71.10669167,1,1
25,17,3,1,3,10,1,2,0,1,11,1,0,24,0,1,5,3,9,55,2,9,2,1,0,0,2,1,0,0,3,12,3,18,99,99,0,0,0,0,1,1,0,250182,1335,2009,0,I-95,99999999999999999999,0000000,42.50469167,-71.10068333,1,1
25,23,5,2,14,29,1,1,0,1,12,3,0,30,0,1,5,1,9,40,1,1,2,1,0,0,1,1,0,0,14,29,14,31,99,99,0,0,0,0,1,7,0,250183,1475,2009,0,SR-27,99999999999999999999,0000000,42.08134444,-70.95391389,1,1
25,17,6,20,1,32,1,1,0,0,16,8,0,30,0,2,4,1,2,30,1,1,2,1,0,0,3,1,0,0,1,34,1,42,2,2,0,0,0,0,1,7,0,250184,630,2009,0,HILDRETH STREET,RICHARDSON STREET,0000000,42.65782222,-71.30740278,1,1
25,27,6,22,12,4,1,2,0,0,14,3,0,42,0,1,5,1,2,40,1,1,2,2,0,0,1,1,0,0,12,5,12,13,13,10,0,0,0,0,2,2,0,250185,980,2009,0,SR-12,99999999999999999999,0000000,42.1058,-71.86715,1,1
25,7,6,11,21,59,1,2,0,0,6,8,0,42,0,1,5,2,2,45,1,1,2,1,0,0,2,1,0,0,21,59,22,12,22,37,0,0,0,0,1,5,1,250186,1442,2009,0,EDGARTOWN ROAD,99999999999999999999,0000000,41.38505278,-70.63144722,1,1
25,27,7,6,11,14,1,1,0,1,11,1,0,26,0,1,3,3,3,65,1,1,2,1,0,0,1,1,0,0,11,18,11,33,12,9,0,0,0,0,1,2,0,250187,1390,2009,104,I-90,99999999999999999999,0000000,42.23010556,-71.61721111,1,1
25,27,7,9,1,55,1,3,0,0,16,8,0,33,0,2,4,1,2,25,2,1,2,1,20,3,3,1,0,0,1,55,2,8,3,0,0,0,0,0,1,5,1,250188,263,2009,0,DUDLEY OXFORD ROAD,PIERPONT ROAD,0000000,42.06834722,-71.90972222,1,1
25,27,7,4,23,30,1,2,0,0,16,8,0,42,0,2,4,1,2,30,2,9,2,1,0,0,2,1,0,0,23,32,23,38,0,10,0,0,0,0,1,7,1,250189,1500,2009,0,MONOMONAC,ISLAND ROAD,0000000,42.70943333,-72.00585278,1,1
25,25,9,15,23,0,1,2,1,0,12,3,0,8,0,2,1,3,2,35,1,1,2,1,0,0,3,1,0,0,23,15,23,17,23,36,0,0,0,0,1,3,0,250190,1070,2009,0,SR-60,HUTINCHSON STREET,0000000,42.40881944,-71.00197778,1,1
25,1,9,11,4,6,1,3,0,0,16,8,0,1,0,1,5,1,2,35,9,9,2,1,0,0,3,1,0,0,4,7,4,9,4,38,0,0,0,0,1,6,0,250191,330,2009,0,SANDWICH ROAD,99999999999999999999,0000000,41.74486944,-70.58836111,1,1
25,23,8,29,23,27,1,2,1,0,12,3,0,8,0,1,1,1,2,50,1,1,2,2,0,0,2,1,0,0,23,26,23,31,88,88,0,0,0,0,1,7,0,250192,770,2009,0,SR-28,99999999999999999999,0000000,41.88234167,-70.89883611,1,1
25,15,8,2,15,33,1,1,0,0,16,8,0,1,0,1,5,1,2,30,2,1,2,2,0,0,1,2,0,0,15,33,15,41,16,9,0,0,0,0,1,1,0,250193,890,2009,0,BURTS PIT ROAD,99999999999999999999,0000000,42.31045,-72.68872222,1,2
25,17,8,3,11,27,1,2,1,0,16,8,0,8,0,1,1,1,2,99,1,1,2,1,0,0,1,1,0,0,11,27,11,27,11,51,0,0,0,0,1,2,0,250194,95,2009,0,TRAPELO ROAD,99999999999999999999,0000000,42.38473333,-71.18179444,1,1
25,17,1,16,15,33,1,1,0,0,14,3,0,1,0,1,5,1,2,35,1,1,2,1,0,0,1,1,0,0,15,36,15,41,16,22,0,0,0,0,1,6,0,250195,1305,2009,0,SR-3A,99999999999999999999,0000000,42.68741944,-71.41010278,1,1
25,21,7,6,19,2,2,3,0,1,12,3,0,12,7,2,1,2,2,30,1,1,2,1,0,0,1,1,0,0,19,5,19,7,19,36,0,0,0,0,1,2,0,250196,1276,2009,0,SR-27,SCHOOL STREET,0000000,42.12585556,-71.10746389,2,1