STATE,COUNTY,MONTH,DAY,HOUR,MINUTE,VE_TOTAL,PERSONS,PEDS,NHS,ROAD_FNC,ROUTE,SP_JUR,HARM_EV,MAN_COLL,REL_JUNC,REL_ROAD,TRAF_FLO,NO_LANES,SP_LIMIT,ALIGNMNT,PROFILE,PAVE_TYP,SUR_COND,TRA_CONT,T_CONT_F,LGT_COND,WEATHER1,WEATHER2,WRK_ZONE,NOT_HOUR,NOT_MIN,ARR_HOUR,ARR_MIN,HOSP_HR,HOSP_MN,SCH_BUS,CF1,CF2,CF3,FATALS,DAY_WEEK,DRUNK_DR,ST_CASE,CITY,YEAR,MILEPT,TWAY_ID,TWAY_ID2,RAIL,LATITUDE,LONGITUD,VE_FORMS,WEATHER
25,21,8,22,18,4,1,2,1,0,16,8,0,8,0,1,5,1,9,30,9,1,2,1,0,0,1,1,0,0,99,99,99,99,99,99,0,0,0,0,1,7,1,250197,1465,2009,0,SUMMER STREET,99999999999999999999,0000000,42.20315278,-70.96944722,1,1
25,13,7,20,2,46,1,2,0,0,16,8,0,42,0,1,5,9,9,30,9,1,2,1,0,0,3,1,0,0,2,48,2,52,3,24,0,0,0,0,1,2,0,250198,1270,2009,0,ISLAND POND ROAD,99999999999999999999,0000000,42.10045,-72.55122222,1,1
25,5,7,24,14,0,2,3,0,1,11,1,0,13,2,1,1,2,2,55,1,1,2,1,0,0,1,1,0,0,14,12,14,16,99,99,0,0,0,0,1,6,0,250199,315,2009,0,I-195,99999999999999999999,0000000,41.66016944,-70.87220556,2,1
25,9,10,26,16,19,1,2,1,0,16,8,0,8,0,2,1,1,2,20,1,1,2,1,0,0,1,1,0,0,16,19,16,25,16,38,0,0,0,0,1,2,0,250200,1110,2009,0,MASON STREET,OAK STREET,0000000,42.52215556,-70.90816389,1,1
25,21,10,27,17,45,1,1,0,1,11,1,0,35,0,1,3,3,3,65,1,1,2,1,0,0,5,1,0,0,17,36,17,42,88,88,0,0,0,0,1,3,1,250201,1530,2009,0,I-495,99999999999999999999,0000000,42.03833056,-71.31431667,1,1
25,9,10,25,9,26,1,1,0,1,12,3,0,30,0,1,4,3,2,55,1,1,2,6,0,0,1,1,0,0,9,27,9,36,10,4,0,0,0,0,1,1,0,250202,1125,2009,0,SR-107,99999999999999999999,0000000,42.45006111,-70.98077778,1,1
25,17,9,1,5,27,1,2,1,1,11,1,0,8,0,1,1,3,3,55,1,1,2,1,0,0,4,1,0,0,5,38,5,45,88,88,0,0,0,0,1,3,0,250203,1510,2009,0,I-95,99999999999999999999,0000000,42.50355278,-71.12463056,1,1
25,27,9,23,23,28,1,5,0,1,1,1,0,35,0,1,4,2,3,65,1,1,2,1,0,0,2,9,0,0,23,32,23,39,0,9,0,0,0,0,3,4,0,250204,117,2009,0,I-495,99999999999999999999,0000000,42.45335556,-71.58245,1,9
25,5,9,18,1,48,1,3,0,0,16,8,0,30,0,2,4,1,2,30,1,1,2,1,0,0,2,1,0,0,1,54,1,55,2,10,0,0,0,0,1,6,1,250205,1268,2009,0,GARDNERS NECK ROAD,FAIRHAVEN AVE,0000000,41.72461667,-71.200425,1,1
25,27,10,5,15,50,1,1,0,0,16,8,0,35,0,1,5,1,2,30,2,1,2,5,0,0,1,1,0,0,15,48,15,52,16,10,0,0,0,0,1,2,0,250206,480,2009,0,WACHUSETT ST,99999999999999999999,0000000,42.36127222,-71.839,1,1
25,5,10,7,7,58,1,2,0,1,11,1,0,42,0,1,3,2,3,65,1,1,2,2,0,0,4,2,0,0,8,5,8,9,99,99,0,0,0,0,1,4,0,250207,924,2009,0,I-495,99999999999999999999,0000000,41.98048611,-71.15685833,1,2
25,17,10,8,18,25,1,2,1,1,12,3,0,8,0,2,1,3,2,30,1,1,2,1,3,3,3,1,0,0,18,27,18,31,18,56,0,0,0,0,1,5,0,250208,720,2009,0,SR-28,SAINT JAMES ROAD,0000000,42.41103611,-71.084975,1,1
25,15,10,17,23,46,1,1,0,1,12,3,0,1,0,4,5,1,2,35,1,1,2,1,0,0,3,1,0,0,88,88,88,88,88,88,0,0,0,0,1,7,0,250209,1350,2009,0,SR-9,99999999999999999999,0000000,42.258825,-72.2606,1,1
25,13,9,25,16,40,1,3,1,0,16,8,0,8,0,2,1,1,2,99,1,1,2,1,3,1,1,1,0,0,16,41,16,45,16,50,0,0,0,0,1,6,1,250210,500,2009,0,CABOT STREET,MAIN STREET,0000000,42.20158333,-72.61039444,1,1
25,17,10,12,7,58,1,1,0,1,12,3,0,24,0,1,4,3,9,45,1,1,2,1,0,0,1,1,0,0,8,0,8,3,8,28,0,0,0,0,1,2,0,250211,375,2009,0,SR-9,99999999999999999999,0000000,42.294325,-71.46400556,1,1
25,17,9,20,22,53,1,1,0,0,6,8,0,30,0,1,4,1,2,30,2,1,2,1,0,0,1,1,0,0,22,53,22,57,23,21,0,0,0,0,1,1,0,250212,1158,2009,0,HAZEN ROAD,99999999999999999999,0000000,42.56597778,-71.64416389,1,1
25,9,8,23,10,53,2,2,0,1,13,3,0,12,4,2,1,1,2,99,1,1,2,1,20,3,1,1,0,0,10,52,10,56,11,22,0,0,0,0,1,1,0,250213,650,2009,0,SR-107,ANOKA PL,0000000,42.46513333,-70.96283889,2,1
25,9,9,26,12,45,1,2,0,1,12,2,0,21,0,1,4,3,3,50,1,1,2,1,0,0,1,1,0,0,12,49,12,50,13,12,0,0,0,0,1,7,0,250214,1125,2009,0,US-1,99999999999999999999,0000000,42.48798611,-71.01751389,1,1
25,13,4,3,16,34,3,6,0,0,16,8,0,12,8,2,1,1,2,35,1,1,2,1,20,3,1,1,0,0,16,39,16,41,17,18,0,0,0,0,1,6,0,250215,636,2009,0,FULLER ST,CHAPIN ST,0000000,42.17618889,-72.48667778,3,1
25,21,10,3,19,17,1,3,0,0,16,8,0,1,0,1,4,1,2,30,2,1,2,2,0,0,2,1,0,0,19,17,19,19,99,99,0,0,0,0,2,7,1,250216,710,2009,0,NORTH STREET,99999999999999999999,0000000,42.21014722,-71.31225556,1,1
25,27,10,25,0,13,1,2,0,1,11,1,0,43,0,13,4,3,2,65,1,1,2,2,0,0,2,2,0,0,0,9,0,14,99,99,0,0,0,0,1,1,0,250217,980,2009,0,I-395,99999999999999999999,0000000,42.11579722,-71.85461944,1,2
25,9,10,25,18,34,1,2,0,0,6,8,0,42,0,1,4,1,2,30,1,1,2,1,0,0,2,1,0,0,18,41,18,54,19,33,0,0,0,0,1,1,0,250218,122,2009,0,HIGHLAND ROAD,99999999999999999999,0000000,42.69953333,-71.03296389,1,1
25,23,9,10,18,55,2,1,0,0,16,8,0,38,0,1,5,1,2,30,1,1,2,1,0,0,5,1,0,0,18,54,19,0,19,35,0,0,0,0,1,5,0,250220,2,2009,0,RICE ST,99999999999999999999,0000000,42.09038889,-70.96635833,1,1
25,9,9,26,6,0,1,1,0,0,16,8,0,23,0,1,4,1,2,35,1,1,2,1,0,0,3,1,0,0,99,99,99,99,99,99,0,0,0,0,1,7,0,250221,100,2009,0,BRIDGE STREET,99999999999999999999,0000000,42.54985556,-70.88825278,1,1
25,5,10,11,14,35,1,1,0,1,12,3,0,24,0,5,3,3,3,55,1,1,2,1,0,0,1,1,0,0,88,88,88,88,88,88,0,0,0,0,1,1,0,250222,320,2009,0,SR-79,SR-6 RAMP,0000000,41.70374167,-71.16067778,1,1
25,17,10,18,1,2,1,4,0,1,11,1,0,24,0,1,4,3,4,55,1,1,2,1,0,0,3,1,0,0,1,3,1,10,1,47,0,0,0,0,1,1,0,250223,720,2009,0,I-93,99999999999999999999,0000000,42.43767778,-71.10360278,1,1
25,1,10,18,0,2,1,3,0,1,12,3,0,42,0,3,5,1,2,25,2,1,2,1,4,3,3,1,0,0,99,99,99,99,99,99,0,0,0,0,1,1,1,250224,121,2009,0,SR-28,CONNERY AVE,0000000,41.68496389,-70.59063333,1,1
25,1,8,4,15,16,3,3,0,0,16,8,0,12,4,1,1,1,2,30,1,1,2,1,0,0,1,1,0,0,15,16,15,20,15,37,0,0,0,0,1,3,0,250225,260,2009,0,LOWER COUNTY ROAD,99999999999999999999,0000000,41.66053611,-70.12822222,3,1
25,1,10,22,15,18,2,2,0,1,13,3,0,12,4,8,1,1,2,40,1,1,2,1,0,0,1,1,0,0,15,18,15,23,99,99,0,0,0,0,1,5,0,250226,469,2009,0,SR-28,99999999999999999999,0000000,41.72917778,-69.99286667,2,1
25,9,8,14,23,20,2,4,0,0,12,3,0,12,4,2,1,9,9,30,9,9,2,9,99,9,9,9,0,0,23,22,23,29,23,44,0,0,0,0,1,6,1,250227,650,2009,0,SR-129,FLOYD AVE,0000000,42.48646667,-70.96215278,2,9
25,5,8,31,7,58,2,2,1,0,14,3,0,8,0,2,1,1,2,35,1,1,2,1,0,0,1,1,0,3,7,56,7,59,8,40,0,0,0,0,1,2,0,250228,50,2009,0,SR-152,BAYBERRY HILL ROAD,0000000,41.92405833,-71.29062778,1,1
25,5,8,19,10,9,3,2,0,0,16,8,0,14,6,2,4,2,9,30,9,1,2,2,20,3,1,1,0,0,99,99,99,99,99,99,0,0,0,0,1,4,0,250229,850,2009,0,WOOD STREET,MOYNAN STREET,0000000,41.678875,-70.93151111,1,1
25,27,9,2,13,20,2,3,0,0,12,2,0,12,6,1,1,2,2,50,1,1,2,1,0,0,1,1,0,0,13,19,13,26,13,45,0,0,0,0,1,4,0,250230,980,2009,0,US-20,99999999999999999999,0000000,42.16015833,-71.90113889,2,1
25,13,6,16,23,1,1,1,0,0,16,8,0,42,0,2,5,1,2,99,1,1,2,1,0,0,3,1,0,0,23,5,23,11,23,37,0,0,0,0,1,3,0,250231,1446,2009,0,INTERSTATE DRIVE,PROSPECT AVE,0000000,42.15494167,-72.65181667,1,1
25,5,5,29,10,33,2,1,0,0,16,8,0,14,1,1,4,1,2,30,1,1,2,2,0,0,1,1,0,0,10,34,10,39,11,0,0,0,0,0,1,6,0,250232,1185,2009,0,CHACE STREET,99999999999999999999,0000000,41.76202778,-71.14956111,1,1
25,21,6,1,20,6,1,1,0,0,12,3,0,30,0,1,5,1,2,35,1,1,2,1,0,0,5,1,0,0,20,6,20,8,20,30,0,0,0,0,1,2,0,250233,1336,2009,0,SR-27,99999999999999999999,0000000,42.14768611,-71.24281944,1,1
25,17,6,24,15,40,2,2,0,1,11,1,0,12,7,1,1,2,3,65,9,1,2,1,0,0,1,1,0,0,99,99,99,99,99,99,0,0,0,0,1,4,1,250234,680,2009,0,I-495,99999999999999999999,0000000,42.34525556,-71.57554167,2,1
25,25,11,22,1,23,1,3,0,1,11,1,0,26,0,5,1,6,2,35,2,1,2,1,0,0,3,1,0,0,1,23,1,30,2,2,0,0,0,0,1,1,0,250235,120,2009,0,I-93,99999999999999999999,0000000,42.37275,-71.05819722,1,1
25,9,11,20,1,2,1,1,0,0,16,8,0,42,0,1,4,1,2,99,1,1,2,1,0,0,3,1,0,0,1,10,1,15,1,51,0,0,0,0,1,6,0,250236,650,2009,0,LINWOOD ROAD,99999999999999999999,0000000,42.47076667,-70.9655,1,1
25,17,11,9,14,45,1,1,0,1,11,1,0,18,0,1,5,3,3,65,1,1,2,1,0,0,1,9,0,0,14,47,14,51,99,99,0,0,0,0,1,2,0,250237,618,2009,0,I-495,99999999999999999999,0000000,42.51456389,-71.516275,1,9
25,27,10,15,12,24,1,2,0,0,6,8,0,17,0,1,4,1,2,40,1,1,2,1,0,0,1,1,0,0,12,26,12,30,13,19,0,0,0,0,1,5,0,250238,98,2009,0,LANCASTER ROAD,99999999999999999999,0000000,42.39886944,-71.65532222,1,1
25,17,12,16,0,5,1,2,1,1,12,3,0,8,0,2,1,3,2,45,1,1,2,1,3,3,2,1,0,0,0,5,0,7,0,25,0,0,0,0,1,4,0,250239,240,2009,0,SR-2,OLD ROAD TO NINE ACR,0000000,42.45386111,-71.37637222,1,1
25,23,12,14,19,34,1,2,1,0,12,3,0,8,0,1,1,2,2,35,1,1,2,1,20,3,2,1,0,0,19,35,19,40,20,5,0,0,0,0,1,2,0,250240,926,2009,0,SR-53,99999999999999999999,0000000,42.15965,-70.85374722,1,1
25,17,12,13,11,9,1,1,0,0,16,8,0,42,0,1,4,1,2,30,1,1,2,1,0,0,1,1,0,0,11,10,11,14,11,48,0,0,0,0,1,1,0,250241,630,2009,0,ANDOVER STREET,99999999999999999999,0000000,42.64652222,-71.27423333,1,1
25,9,12,5,3,50,1,1,0,0,16,8,0,30,0,2,4,4,9,30,1,1,2,1,0,0,3,1,0,0,3,59,4,1,4,18,0,0,0,0,1,7,1,250242,570,2009,0,UNION STREET,ELM STREET,0000000,42.71290278,-71.1545,1,1
25,13,12,4,17,37,1,2,1,1,12,2,0,8,0,1,1,1,2,40,1,1,2,1,0,0,3,1,0,0,17,36,17,40,18,0,0,0,0,0,1,6,0,250243,1430,2009,0,US-202,99999999999999999999,0000000,42.15780556,-72.72614444,1,1
25,15,10,31,0,18,1,1,0,0,6,8,0,42,0,1,5,1,2,40,2,1,2,1,0,0,2,1,0,0,0,23,0,31,1,30,0,0,0,0,1,7,1,250244,1350,2009,0,BEAVER LAKE ROAD,99999999999999999999,0000000,42.25336111,-72.30918056,1,1
25,3,11,4,0,25,1,1,0,0,6,8,0,19,0,1,5,1,2,35,1,1,2,1,0,0,3,1,0,0,99,99,99,99,99,99,0,0,0,0,1,4,0,250245,1480,2009,0,NORTH HOOSAC ROAD,99999999999999999999,0000000,42.72841667,-73.19546667,1,1
25,13,10,2,1,13,1,4,0,0,16,8,0,1,0,1,1,9,9,99,1,1,2,1,0,0,3,1,0,0,1,20,1,27,1,47,0,0,0,0,1,6,1,250246,1270,2009,0,ALLEN STREET,99999999999999999999,0000000,42.09128056,-72.53045,1,1
25,21,11,9,15,30,1,2,0,1,11,1,0,35,0,1,3,3,3,65,1,1,2,1,0,0,1,1,0,0,15,33,15,41,99,99,0,0,0,0,1,2,0,250247,370,2009,0,I-495,99999999999999999999,0000000,42.03246389,-71.27946944,1,1
25,17,11,14,0,44,1,1,0,1,11,1,0,1,0,5,5,6,1,65,2,1,2,1,0,0,2,1,0,0,0,49,0,55,1,15,0,0,0,0,1,7,1,250248,1065,2009,0,I-95,99999999999999999999,0000000,42.50500833,-71.10016944,1,1
25,27,11,6,9,46,2,5,0,0,16,8,0,12,2,2,1,1,2,40,1,1,2,1,20,3,1,1,0,0,9,46,9,50,11,0,0,0,0,0,2,6,0,250249,263,2009,0,OXFORD AVENUE,CEMETARY ROAD,0000000,42.06325,-71.88277222,2,1
25,5,9,18,19,27,2,3,0,0,16,8,0,12,5,1,1,1,2,50,1,1,2,1,0,0,2,1,0,0,19,28,19,34,20,13,0,0,0,0,1,6,0,250250,254,2009,0,WILLIAMS STREET,99999999999999999999,0000000,41.81111667,-71.16565833,2,1
25,23,9,19,20,20,2,4,0,0,14,3,0,12,2,1,1,1,2,45,1,1,2,1,0,0,3,1,0,0,20,19,20,22,99,99,0,0,0,0,1,7,1,250251,1005,2009,0,SR-14,99999999999999999999,0000000,42.08365,-70.79503889,2,1
25,5,9,27,20,20,3,5,0,1,12,3,0,12,3,1,1,3,3,50,1,1,2,2,0,0,3,2,0,0,20,28,20,32,21,4,0,0,0,0,1,1,0,250252,850,2009,0,SR-18,99999999999999999999,0000000,41.66290833,-70.92876389,3,2
25,23,10,8,22,10,2,2,0,1,11,1,0,14,7,1,4,3,2,65,1,1,2,1,0,0,2,1,0,0,99,99,99,99,99,99,0,0,0,0,1,5,1,250253,1360,2009,0,I-495,99999999999999999999,0000000,41.78387222,-70.73176111,1,1
25,17,10,7,11,54,3,3,0,1,11,1,0,24,0,5,4,3,4,55,1,1,2,2,0,0,1,1,0,0,11,54,12,6,12,21,0,0,0,0,1,4,0,250254,157,2009,0,I-95,99999999999999999999,0000000,42.48760556,-71.19441111,3,1
25,17,10,25,21,22,1,1,0,0,16,8,0,39,0,1,5,1,2,30,2,1,2,1,99,9,3,1,0,0,21,33,21,37,88,88,0,0,0,0,1,1,1,250255,660,2009,0,HIGHLAND AVENUE,99999999999999999999,0000000,42.43353056,-71.08300278,1,1
25,5,10,20,6,41,2,2,0,1,14,2,0,12,1,1,1,2,9,40,1,1,2,1,0,0,1,1,0,0,6,47,6,49,7,12,0,0,0,0,1,3,0,250256,1268,2009,0,US-6,99999999999999999999,0000000,41.74839167,-71.20702778,2,1
25,13,10,21,21,37,2,3,0,0,6,8,0,12,4,2,1,1,2,35,1,1,2,1,0,0,2,1,0,0,21,37,21,48,99,99,0,0,0,0,2,4,0,250257,1247,2009,0,VINING HILL ROAD,ED HOLCOMB ROAD,0000000,42.03195556,-72.80588056,2,1
25,27,10,22,14,54,2,2,0,0,3,3,0,24,0,1,4,1,2,40,2,1,2,1,0,0,1,1,0,0,14,58,14,59,15,35,0,0,0,0,1,5,0,250258,32,2009,0,SR-12,99999999999999999999,0000000,42.63496944,-71.90019722,2,1
25,27,8,14,19,24,3,4,0,0,16,8,0,12,6,2,1,1,2,30,1,1,2,1,0,0,1,1,0,0,19,24,19,27,19,41,0,0,0,0,1,6,1,250259,1520,2009,0,BENEFIT STREET,BENEFIT TERRACE,0000000,42.254825,-71.81170556,2,1
25,15,8,29,14,30,2,2,0,1,12,3,0,12,2,3,1,1,2,30,1,1,2,2,0,0,1,1,0,0,14,31,14,33,14,53,0,0,0,0,1,7,0,250260,890,2009,0,SR-9,BRIDGE ROAD,0000000,42.31908056,-72.63610833,2,1
25,5,8,31,12,47,1,3,2,0,16,8,0,8,0,2,1,1,2,30,1,1,2,1,20,3,1,1,0,0,99,99,99,99,99,99,0,0,0,0,1,2,0,250261,850,2009,0,ELM STREET,PURCHASE STREET,0000000,41.63655,-70.92661944,1,1
25,17,10,7,17,55,2,3,0,0,16,8,0,12,4,2,1,1,2,35,1,1,2,1,20,9,5,1,0,0,17,48,17,52,18,23,0,0,0,0,1,4,0,250262,520,2009,0,ASH STREET,SOUTH MILL STREET,0000000,42.20893889,-71.48649167,2,1
25,17,10,25,22,22,2,1,0,0,16,8,0,14,99,1,4,1,2,30,2,9,2,1,0,0,3,1,0,0,99,99,99,99,99,99,0,0,0,0,1,1,0,250263,660,2009,0,HIGHLAND AVENUE,99999999999999999999,0000000,42.43441667,-71.08274444,1,1
25,3,11,3,14,47,1,2,0,0,16,8,0,33,0,1,4,1,2,25,2,9,2,1,0,0,1,1,0,0,99,99,99,99,99,99,0,0,0,0,1,3,0,250264,1030,2009,0,JASON STREET,99999999999999999999,0000000,42.44942778,-73.28001111,1,1
25,27,12,31,2,54,1,2,0,1,11,1,0,24,0,1,4,3,3,65,1,1,2,1,0,0,2,1,0,0,2,58,3,6,99,99,0,0,0,0,1,5,0,250265,1390,2009,1032,I-90,99999999999999999999,0000000,42.23061389,-71.616525,1,1
25,3,12,31,10,42,1,1,0,1,1,1,0,42,0,1,5,1,2,65,1,1,2,3,0,0,1,4,0,0,99,99,99,99,99,99,0,0,0,0,1,5,0,250266,1443,2009,1,I-90,99999999999999999999,0000000,42.30600556,-73.33425556,1,4
25,17,12,24,22,28,1,1,0,0,6,8,0,42,0,1,4,1,2,40,2,1,2,2,0,0,2,1,0,0,22,32,22,36,88,88,0,0,0,0,1,5,0,250267,1447,2009,0,LUNENBURG ROAD,99999999999999999999,0000000,42.63743056,-71.74587222,1,1
25,21,12,24,7,15,1,2,1,0,16,8,0,8,0,1,1,9,9,30,1,1,2,9,0,0,1,9,0,0,7,20,7,24,88,88,0,0,0,0,1,5,0,250268,1060,2009,0,ROBERTSON STREET,99999999999999999999,0000000,42.25065556,-71.03767222,1,9
25,3,12,2,17,14,1,2,1,0,16,8,0,8,0,1,1,1,2,99,1,1,2,1,0,0,5,1,0,0,99,99,99,99,99,99,0,0,0,0,1,4,0,250270,1030,2009,0,DALTON AVENUE,99999999999999999999,0000000,42.45756667,-73.23001389,1,1
25,23,11,11,17,34,3,3,0,0,16,8,0,12,2,1,1,1,2,40,1,1,2,1,99,9,2,1,0,0,17,39,17,51,18,12,0,0,0,0,1,4,0,250271,1040,2009,0,FEDERAL FURNACE,99999999999999999999,0000000,41.90259722,-70.7123,3,1
25,9,11,18,19,9,2,2,0,0,12,3,0,12,4,1,1,2,2,30,1,1,2,1,0,0,3,1,0,0,18,59,19,3,19,17,0,0,0,0,1,4,0,250273,1110,2009,0,SR-1A,99999999999999999999,0000000,42.50988056,-70.8922,2,1
25,13,12,27,17,17,1,2,0,0,3,2,0,42,0,1,5,1,2,40,2,1,2,4,0,0,2,7,0,0,17,12,17,34,18,31,0,0,0,0,1,1,0,250274,206,2009,0,US-20,99999999999999999999,0000000,42.26511389,-72.963725,1,7
25,23,11,28,20,40,2,3,0,0,16,8,0,12,8,2,1,1,2,25,1,1,2,1,4,3,1,1,0,0,20,35,20,38,21,13,0,0,0,0,1,7,1,250275,2,2009,0,CHESTNUT STREET,HANCOCK STREET,0000000,42.13094722,-70.97674444,2,1
25,23,11,29,11,23,2,2,0,0,14,3,0,12,8,1,1,1,2,30,1,1,2,1,0,0,1,1,0,0,11,26,11,34,11,53,0,0,0,0,1,1,0,250276,1040,2009,0,SR-3A,99999999999999999999,0000000,41.97818889,-70.68963889,2,1
25,23,11,12,23,46,1,2,0,0,16,8,0,42,0,1,5,1,2,30,2,1,2,1,0,0,2,1,0,0,0,5,0,9,99,99,0,0,0,0,1,5,1,250277,1040,2009,0,265 ROCKY POND ROAD,99999999999999999999,0000000,41.90170278,-70.68620556,1,1
25,5,7,4,2,43,1,4,0,1,11,1,0,34,0,5,5,6,9,65,2,1,2,1,0,0,2,1,0,0,2,53,3,4,3,20,0,0,0,0,3,7,1,250278,50,2009,0,I-95,99999999999999999999,0000000,41.93152778,-71.32058056,1,1
25,25,11,14,19,40,1,2,1,0,14,3,0,8,0,1,1,2,3,40,1,1,2,2,0,0,3,2,0,0,19,38,19,46,20,4,0,0,0,0,1,7,0,250279,1070,2009,0,SR-145,99999999999999999999,0000000,42.40191111,-70.99863056,1,2
25,21,12,11,20,49,1,2,1,0,16,8,0,8,0,1,1,1,2,35,1,1,2,1,0,0,3,1,0,0,99,99,99,99,99,99,0,0,0,0,1,6,0,250280,810,2009,0,VILLAGE,99999999999999999999,0000000,42.14106944,-71.37465556,1,1
25,25,12,27,1,49,2,3,0,1,11,1,0,12,2,1,1,3,4,45,1,1,2,1,0,0,3,1,0,0,1,54,1,59,99,99,0,0,0,0,1,1,1,250281,120,2009,1333,I-90,99999999999999999999,0000000,42.05,-71,2,1
25,9,12,24,23,44,2,2,1,0,16,8,0,8,0,1,1,1,2,99,2,1,2,1,0,0,3,1,0,0,99,99,99,99,99,99,0,0,0,0,1,5,1,250282,765,2009,0,UNION STREET,99999999999999999999,0000000,42.72330833,-71.18505556,1,1
25,13,12,20,11,31,2,3,0,1,11,1,0,12,1,1,1,3,9,45,2,1,2,1,0,0,1,1,0,4,99,99,99,99,99,99,0,0,0,0,1,1,1,250283,210,2009,0,I-91,99999999999999999999,0000000,42.13473611,-72.61014444,2,1
25,27,12,16,19,15,1,4,1,0,12,2,0,8,0,2,1,3,9,50,2,1,2,1,0,0,2,1,0,0,99,99,99,99,99,99,0,0,0,0,1,4,0,250284,185,2009,0,US-20,NORTHSIDE,0000000,42.14418611,-71.963625,1,1
25,15,8,1,19,28,2,4,0,0,6,8,0,12,2,1,4,1,2,35,2,9,2,1,0,0,1,1,0,0,19,28,19,38,99,99,0,0,0,0,1,7,1,250285,538,2009,0,COUNTY ROAD,99999999999999999999,0000000,42.26041389,-72.85841111,2,1
25,13,12,7,8,25,2,4,0,1,11,1,0,13,4,1,1,2,2,65,1,1,2,1,0,0,1,1,0,0,8,20,8,27,99,99,0,0,0,0,1,2,0,250286,636,2009,53,I-90,99999999999999999999,0000000,42.16111389,-72.42221944,2,1
25,9,12,8,13,14,2,4,0,0,14,3,0,12,2,1,1,1,2,45,2,1,2,1,0,0,1,1,0,4,13,43,13,47,13,54,0,0,0,0,1,3,0,250287,470,2009,0,SR-110,99999999999999999999,0000000,42.79798333,-71.057425,2,1
25,27,12,8,9,27,3,3,1,1,11,1,0,8,0,1,2,3,3,65,1,1,2,1,0,0,1,1,0,0,9,31,9,37,99,99,0,23,0,0,1,3,0,250288,436,2009,99,I-90,99999999999999999999,0000000,42.22343333,-71.71892222,2,1
25,17,12,1,10,30,3,4,2,1,12,2,0,8,0,1,2,3,3,55,1,1,2,1,40,3,1,1,0,2,12,57,12,58,99,99,0,0,0,0,1,3,0,250289,195,2009,0,US-3,99999999999999999999,0000000,42.602,-71.32276944,2,1
25,5,10,14,16,45,4,5,0,1,11,1,0,13,2,1,1,2,3,65,1,1,2,1,0,0,1,1,0,0,99,99,99,99,99,99,0,0,0,0,1,4,0,250290,251,2009,0,I-195,99999999999999999999,0000000,41.65649722,-71.01596944,4,1
25,17,9,6,7,5,2,3,0,1,11,1,0,12,1,1,1,3,3,65,1,1,2,1,0,0,1,1,0,0,7,3,7,6,8,16,0,0,0,0,1,1,0,250291,520,2009,0,I-495,99999999999999999999,0000000,42.20725556,-71.54335556,2,1
25,17,8,26,6,33,4,5,0,1,11,1,0,12,1,1,1,2,3,65,1,1,2,1,0,0,4,9,0,0,6,39,6,44,7,45,0,0,0,0,2,4,0,250292,1431,2009,0,I-495,99999999999999999999,0000000,42.55447222,-71.45506667,4,9
25,13,7,16,22,17,1,4,1,1,11,1,0,8,0,1,1,9,9,35,9,1,2,2,0,0,3,2,0,0,22,17,22,21,22,37,0,0,0,0,1,5,0,250293,1270,2009,0,I-91,99999999999999999999,0000000,42.09178889,-72.58195,1,2
25,17,11,19,9,53,2,3,0,0,12,3,0,12,4,2,1,2,3,35,1,1,2,1,20,3,1,1,0,0,9,55,10,1,10,22,0,0,0,0,2,5,0,250294,1065,2009,0,SR-129,LOWELL STREET,0000000,42.53138889,-71.11638889,2,1
25,27,5,21,22,1,1,2,1,1,12,3,0,8,0,2,1,9,3,45,9,9,2,9,99,9,9,9,0,0,22,4,22,7,22,32,0,0,0,0,1,5,0,250295,1204,2009,0,SR-9,CENTRAL STREET,0000000,42.29515278,-71.50571944,1,9
25,23,9,2,17,55,2,3,0,1,12,3,0,12,4,4,1,1,2,99,1,1,2,1,0,0,1,1,0,0,17,55,18,2,18,24,0,0,0,0,1,4,0,250296,560,2009,0,SR-3A,99999999999999999999,0000000,42.01193333,-70.73229722,2,1
25,27,9,18,22,2,1,1,0,0,6,8,0,7,0,1,5,9,9,30,9,9,2,9,99,9,9,9,0,0,22,14,22,17,99,99,0,20,0,0,1,6,0,250297,185,2009,0,T-HALL ROAD,99999999999999999999,0000000,42.12044444,-71.99718611,1,9
25,17,7,4,6,20,1,1,0,1,12,2,0,18,0,1,5,9,2,30,2,9,2,9,99,9,1,9,0,0,6,20,6,22,88,88,0,0,0,0,1,7,0,250298,1279,2009,0,US-20,99999999999999999999,0000000,42.36175278,-71.41808611,1,9
25,13,9,7,3,52,1,1,0,0,6,8,0,7,0,1,1,1,2,30,2,1,2,1,0,0,2,1,0,0,3,52,4,7,99,99,0,0,0,0,1,2,1,250299,830,2009,0,MOULTON HILL ROAD,99999999999999999999,0000000,42.06133611,-72.28600556,1,1
25,27,9,4,17,43,1,2,0,0,16,8,0,1,0,1,1,1,2,40,1,1,2,1,0,0,1,1,0,0,17,43,17,48,99,99,0,0,0,0,1,6,0,250300,1380,2009,0,SUTTON ROAD,99999999999999999999,0000000,42.08376389,-71.8408,1,1
25,27,10,4,19,23,1,1,0,0,6,8,0,24,0,1,4,1,2,30,2,1,2,1,0,0,5,1,0,0,19,18,19,24,19,52,0,0,0,0,1,1,1,250301,150,2009,0,MILL STREET,99999999999999999999,0000000,42.20951111,-72.10289722,1,1