STATE,COUNTY,MONTH,DAY,HOUR,MINUTE,VE_TOTAL,PERSONS,PEDS,NHS,ROAD_FNC,ROUTE,SP_JUR,HARM_EV,MAN_COLL,REL_JUNC,REL_ROAD,TRAF_FLO,NO_LANES,SP_LIMIT,ALIGNMNT,PROFILE,PAVE_TYP,SUR_COND,TRA_CONT,T_CONT_F,LGT_COND,WEATHER1,WEATHER2,WRK_ZONE,NOT_HOUR,NOT_MIN,ARR_HOUR,ARR_MIN,HOSP_HR,HOSP_MN,SCH_BUS,CF1,CF2,CF3,FATALS,DAY_WEEK,DRUNK_DR,ST_CASE,CITY,YEAR,MILEPT,TWAY_ID,TWAY_ID2,RAIL,LATITUDE,LONGITUD,VE_FORMS,WEATHER
25,9,9,20,21,36,1,1,0,0,16,8,0,1,0,1,3,2,9,25,2,1,2,1,0,0,3,9,0,0,21,19,21,26,21,52,0,0,0,0,1,1,1,250302,774,2009,0,VILLAGE ROAD,99999999999999999999,0000000,42.59934444,-70.97245278,1,9
25,21,8,15,15,1,1,1,0,1,12,3,0,25,0,1,4,3,3,60,1,1,2,1,0,0,1,1,0,0,15,0,15,3,99,99,0,0,0,0,1,7,1,250303,125,2009,402,SR-3,99999999999999999999,0000000,42.20361111,-70.98694444,1,1
25,11,8,1,15,7,3,5,0,0,3,2,0,12,5,1,1,1,2,50,2,1,2,1,0,0,1,1,0,0,99,99,99,99,99,99,0,0,0,0,1,7,0,250304,864,2009,0,US-202,99999999999999999999,0000000,42.49045278,-72.34136667,3,1
25,15,9,12,22,20,1,3,2,0,16,8,0,9,0,1,1,9,9,35,1,1,2,2,99,9,7,9,0,0,22,25,22,32,23,5,0,0,0,0,1,7,0,250305,30,2009,0,MONTAGUE ROAD,99999999999999999999,0000000,42.41598056,-72.52736111,1,9
25,17,5,22,6,53,3,7,0,1,11,1,0,12,1,1,1,3,4,55,1,1,2,1,0,0,1,1,0,0,6,55,7,2,99,99,0,0,0,0,2,6,0,250307,157,2009,475,I-95,99999999999999999999,0000000,42.4777,-71.21578333,3,1
25,23,11,11,15,13,1,1,0,0,16,8,0,42,0,1,5,1,2,40,2,1,2,1,0,0,1,1,0,0,99,99,99,99,99,99,0,0,0,0,1,4,0,250308,462,2009,0,FRANKLIN ST,99999999999999999999,0000000,41.96874444,-70.84916389,1,1
25,25,8,6,11,17,1,5,0,1,12,2,0,1,0,1,1,3,2,50,2,1,2,1,40,3,1,1,0,0,99,99,99,99,99,99,0,0,0,0,2,5,0,250309,1070,2009,0,US-1,99999999999999999999,0000000,42.44486667,-71.02566667,1,1
25,27,8,1,10,25,2,3,0,0,12,2,0,12,5,2,1,3,4,50,9,9,2,1,8,3,1,1,0,0,10,13,10,16,99,99,0,0,0,0,1,7,0,250310,185,2009,0,US-20,RICHARDSON CORNER RO,0000000,42.15099722,-71.92534444,2,1
25,21,8,9,0,18,3,3,0,1,12,3,0,12,2,1,1,1,2,40,1,1,2,1,0,0,2,9,0,0,0,17,0,17,0,54,0,0,0,0,1,1,1,250311,1060,2009,0,SR-28,99999999999999999999,0000000,42.22193889,-71.07064167,3,9
25,25,8,15,6,3,1,2,1,1,12,3,0,8,0,1,5,2,2,30,2,3,2,1,99,9,1,1,0,0,5,54,6,4,6,16,0,0,0,0,1,7,0,250312,120,2009,0,SR-203,99999999999999999999,0000000,42.28213611,-71.08720833,1,1
25,5,7,31,0,54,2,4,0,0,14,3,0,12,1,1,1,9,2,65,9,1,2,1,0,0,9,1,0,0,99,99,99,99,99,99,0,0,0,0,1,6,1,250313,1280,2009,184,SR-140,99999999999999999999,0000000,41.90253333,-71.09450278,2,1
25,21,7,4,0,3,4,7,0,0,12,3,0,12,5,2,1,1,4,30,1,1,2,1,3,3,3,1,0,0,0,5,0,8,99,99,0,0,0,0,1,7,1,250314,1060,2009,0,SR-53,E HOWARD STREET,0000000,42.23773333,-70.98112222,4,1
25,9,9,10,7,7,1,3,1,0,16,8,0,8,0,1,1,1,9,99,9,9,2,1,0,0,1,1,0,0,99,99,99,99,99,99,0,0,0,0,1,5,0,250315,255,2009,0,COLLEGE POND DRIVE,99999999999999999999,0000000,42.57609444,-70.95082222,1,1
25,3,12,23,1,54,1,1,0,0,16,8,0,24,0,1,4,1,2,40,1,1,2,1,0,0,2,1,0,0,99,99,99,99,99,99,0,0,0,0,1,4,1,250316,440,2009,0,DIVISION STREET,99999999999999999999,0000000,42.23061389,-73.35888889,1,1
25,27,3,13,20,40,1,4,0,0,16,8,0,1,0,1,4,9,9,99,9,9,2,9,99,9,6,9,0,0,99,99,99,99,88,88,0,0,0,0,1,6,0,250317,350,2009,0,CRAWFORD STREET,99999999999999999999,0000000,,,1,9
25,13,7,10,2,10,1,7,0,1,11,1,0,24,0,99,99,9,9,99,9,9,9,9,99,9,9,9,0,0,99,99,99,99,99,99,0,99,99,99,1,6,1,250318,1270,2009,0,I-91,99999999999999999999,0000000,42.09041944,-72.58195,1,9
25,21,7,19,0,55,1,2,0,0,12,3,0,24,0,1,4,9,9,99,9,9,9,9,99,9,9,9,0,0,99,99,99,99,99,99,0,99,99,99,1,1,1,250319,1276,2009,0,SR-24,99999999999999999999,0000000,42.11605278,-71.06094444,1,9
25,1,8,4,15,10,2,3,0,1,12,2,0,12,4,1,1,1,9,99,9,9,2,9,99,9,1,9,0,0,99,99,99,99,99,99,0,0,0,0,1,3,0,250320,127,2009,868,US-6,99999999999999999999,0000000,,,2,9
25,9,8,8,11,2,1,1,0,1,11,1,0,42,0,1,5,9,9,99,9,9,9,9,99,9,9,9,0,0,99,99,99,99,99,99,0,0,0,0,1,7,0,250321,255,2009,0,I-95,99999999999999999999,0000000,42.58354722,-70.96326944,1,9
25,15,12,7,15,0,1,2,0,1,12,3,0,36,0,1,5,9,9,99,2,9,2,1,99,9,1,1,0,0,99,99,99,99,99,99,0,0,0,0,2,2,0,250322,244,2009,0,SR-9,99999999999999999999,0000000,42.44220833,-72.86124167,1,1
25,27,12,9,11,47,1,1,0,0,14,3,0,43,0,1,4,9,9,99,9,9,2,3,99,9,1,9,0,0,99,99,99,99,88,88,0,0,0,0,1,4,0,250323,350,2009,0,SR-31,99999999999999999999,0000000,,,1,9
25,9,12,19,22,48,1,2,0,1,11,1,0,43,0,1,5,9,9,99,9,9,9,9,99,9,9,9,0,0,99,99,99,99,99,99,0,99,99,99,1,7,0,250324,35,2009,0,I-93,99999999999999999999,0000000,42.67208611,-71.19827222,1,9
26,163,1,1,4,38,1,2,1,0,15,6,0,8,0,2,1,1,2,25,1,1,1,2,3,3,3,1,0,0,4,39,4,41,88,88,0,0,0,0,1,5,0,260001,2120,2009,20,NAGEL,COMMOR,0000000,42.40133611,-83.07071944,1,1
26,49,1,4,0,50,2,3,0,0,4,4,0,42,0,1,6,1,2,55,1,1,2,1,0,0,2,1,0,0,0,56,1,8,88,88,0,0,0,0,1,1,0,260002,0,2009,14,W LAKE RD,99999999999999999999,0000000,43.20511389,-83.89440833,2,1
26,147,1,1,14,50,2,6,0,0,4,3,0,12,2,1,1,1,2,55,2,2,2,1,0,0,1,1,0,0,14,55,15,5,99,99,0,0,0,0,1,5,0,260003,0,2009,10,SR-19,99999999999999999999,0000000,42.91155556,-82.77018056,2,1
26,75,1,4,1,30,1,3,0,1,1,1,0,42,0,1,6,2,2,70,1,1,2,4,0,0,2,2,0,0,2,17,2,26,99,99,0,0,0,0,1,1,0,260004,2764,2009,222,I-94,99999999999999999999,0000000,42.28204722,-84.28948056,1,2
26,163,1,1,6,30,2,6,0,0,16,6,0,12,2,1,1,1,2,25,1,9,9,4,0,0,3,9,0,0,99,99,99,99,99,99,0,0,0,0,1,5,0,260005,1260,2009,15,GREINER,99999999999999999999,0000000,42.42755833,-82.99153889,2,9
26,25,1,4,22,45,1,2,0,0,16,6,0,30,0,1,4,1,2,50,1,1,2,1,0,0,3,1,0,0,22,52,22,55,99,99,0,0,0,0,1,1,1,260006,60,2009,4,ALBION ST,99999999999999999999,0000000,42.24821667,-84.76219167,1,1
26,163,1,4,1,40,2,2,0,1,13,2,0,12,2,1,1,2,4,45,1,2,2,1,0,0,3,1,0,0,1,42,1,53,99,99,0,0,0,0,1,1,2,260007,4166,2009,186,US-24,99999999999999999999,0000000,42.35913889,-83.27505278,2,1
26,103,1,2,10,50,2,2,0,1,2,2,0,12,4,1,1,1,2,50,1,1,1,4,0,0,1,1,0,0,10,55,11,3,99,99,0,0,0,0,1,6,1,260008,0,2009,169,US-41,99999999999999999999,0000000,46.46442222,-87.31799444,2,1
26,93,1,9,2,6,2,2,0,1,11,1,0,12,2,1,1,2,3,70,1,1,2,3,0,0,2,4,0,0,2,7,2,15,99,99,0,0,0,0,1,6,0,260009,0,2009,92,I-96,99999999999999999999,0000000,42.61100556,-83.98424444,2,4
26,67,1,13,2,20,1,2,1,0,4,4,0,8,0,1,1,1,2,55,1,1,2,3,0,0,2,4,0,0,2,20,2,36,88,88,0,0,0,0,1,3,0,260010,3715,2009,53,JOHNSON RD,99999999999999999999,0000000,43.03303611,-85.17407222,1,4
26,25,1,15,14,50,2,3,0,1,13,6,0,12,2,1,1,1,4,55,1,1,2,4,0,0,1,1,0,0,14,51,14,55,99,99,0,0,0,0,1,5,0,260011,4649,2009,5,94 BL,99999999999999999999,0000000,42.31934444,-85.25248333,2,1
26,23,1,6,18,45,1,2,0,0,4,4,0,31,0,1,6,1,2,55,1,1,2,4,0,0,2,2,0,0,18,45,19,0,99,99,0,22,0,0,1,3,0,260013,0,2009,13,DEER PARK,99999999999999999999,0000000,41.85083056,-85.26645833,1,2
26,25,1,16,15,4,2,5,0,1,13,3,0,12,4,1,1,1,2,50,1,2,2,4,0,0,1,4,0,0,15,5,15,7,99,99,0,0,0,0,1,6,0,260014,0,2009,28,SR-96,99999999999999999999,0000000,42.310475,-85.12816389,2,4
26,93,1,6,22,13,1,4,0,1,1,1,0,42,0,1,6,2,2,70,2,1,2,4,0,0,2,2,0,0,22,17,22,25,99,99,0,0,0,0,1,3,0,260015,0,2009,77,I-96,99999999999999999999,0000000,42.62655556,-84.00586389,1,2
26,67,1,7,7,3,2,3,0,0,3,3,0,12,4,1,1,1,2,55,2,2,2,3,0,0,2,4,0,0,7,3,7,10,99,99,0,0,0,0,1,4,0,260016,0,2009,97,SR-21,99999999999999999999,0000000,42.973725,-85.12449444,2,4
26,125,1,16,5,55,2,2,1,1,13,4,0,14,7,1,2,5,4,45,1,1,2,1,0,0,2,1,0,0,5,56,6,0,99,99,0,0,0,0,1,6,0,260017,472,2009,6,SOUTHFIELD RD,99999999999999999999,0000000,42.52279167,-83.22358056,1,1
26,25,1,7,16,36,1,1,0,0,14,3,0,42,0,1,6,1,2,50,1,2,2,3,0,0,1,4,0,0,16,36,16,45,99,99,0,0,0,0,1,4,0,260018,310,2009,10,SR-37,99999999999999999999,0000000,42.35898889,-85.23242778,1,4
26,49,1,19,22,40,2,3,0,0,14,4,0,12,4,2,1,1,2,55,1,9,2,1,3,3,3,1,0,0,99,99,99,99,99,99,0,0,0,0,1,2,0,260019,0,2009,64,FENTON RD,BALDWIN RD,0000000,42.88582778,-83.69720278,2,1
26,115,1,7,10,34,2,3,0,0,6,4,0,12,4,1,1,1,2,45,2,1,2,4,0,0,1,1,0,0,10,36,10,42,99,99,0,0,0,0,1,4,0,260020,0,2009,28,WAR,99999999999999999999,0000000,41.99233611,-83.34486111,2,1
26,145,1,23,17,9,2,3,0,0,3,3,0,12,2,1,1,1,2,55,1,1,2,1,0,0,1,1,0,0,17,10,17,15,99,99,0,0,0,0,2,6,0,260021,0,2009,82,SR-57,99999999999999999999,0000000,43.17607778,-83.94770278,2,1
26,77,1,8,13,15,2,2,0,0,14,6,0,12,4,1,1,1,4,10,1,1,2,3,0,0,1,4,0,0,13,17,13,18,99,99,0,0,0,0,1,5,0,260022,4030,2009,21,LOVERS LN,99999999999999999999,0000000,42.22316389,-85.57486944,2,4
26,141,1,26,12,12,2,9,0,0,6,4,0,12,2,1,1,1,2,55,1,2,5,3,0,0,1,1,0,0,12,12,12,18,99,99,0,22,0,0,3,2,0,260023,0,2009,14,HUTCHINSON HWY,99999999999999999999,0000000,45.396025,-84.21799444,2,1
26,147,1,27,1,28,1,2,0,1,11,1,0,1,0,1,1,2,2,70,1,9,9,1,0,0,2,1,0,0,99,99,99,99,88,88,0,0,0,0,1,3,1,260024,2558,2009,227,I-69,99999999999999999999,0000000,42.98327222,-82.55637778,1,1
26,3,1,30,8,35,6,6,0,0,5,4,0,37,0,1,6,1,2,25,2,9,9,3,0,0,1,1,0,0,8,40,8,58,99,99,0,0,0,0,2,6,0,260025,236,2009,14,HOVEY LAKE RD,99999999999999999999,0000000,46.27708889,-86.69704167,6,1
26,161,1,30,8,45,2,2,0,0,15,4,0,12,4,1,1,1,2,45,2,1,2,3,0,0,1,4,0,0,8,48,8,52,99,99,0,0,0,0,1,6,0,260026,0,2009,10,HURON RIVER DR,99999999999999999999,0000000,42.2111,-83.60080833,2,4
26,77,1,5,14,0,2,2,0,1,13,6,0,12,5,2,1,1,4,35,1,9,9,1,20,3,1,1,0,0,99,99,99,99,99,99,0,0,0,0,1,2,0,260027,2520,2009,14,N PARK ST,ELEANOR ST,0000000,42.29355556,-85.58734722,2,1
26,163,1,1,4,10,1,2,1,0,14,6,0,8,0,1,1,1,2,30,1,9,9,2,0,0,3,1,0,0,99,99,99,99,99,99,0,0,0,0,1,5,0,260028,1260,2009,47,MEYERS RD,99999999999999999999,0000000,42.42653333,-83.17050556,1,1
26,163,1,8,19,30,3,3,0,0,16,6,0,18,0,1,1,1,2,25,1,9,9,3,0,0,3,4,0,0,99,99,99,99,99,99,0,0,0,0,2,5,0,260029,1260,2009,9,WINTHROP,99999999999999999999,0000000,42.40563333,-83.20032778,1,4
26,163,2,5,3,35,1,1,0,1,12,3,0,1,0,13,6,6,1,55,2,2,1,1,0,0,3,1,0,0,3,43,3,49,99,99,0,0,0,0,1,5,1,260030,1260,2009,1,SR-10 RAMP #105A,99999999999999999999,0000000,42.40618889,-83.16193333,1,1
26,163,2,5,6,20,1,3,1,1,13,3,0,8,0,1,1,5,4,45,1,1,2,1,0,0,2,1,0,0,6,34,6,36,99,99,0,0,0,0,1,5,0,260031,738,2009,37,SR-153,99999999999999999999,0000000,42.32223056,-83.47422778,1,1
26,51,1,3,0,30,1,1,0,0,4,4,0,30,0,1,6,1,2,25,1,9,9,1,0,0,2,1,0,0,99,99,99,99,88,88,0,0,0,0,1,7,1,260032,0,2009,25,ESTEY,99999999999999999999,0000000,43.87164722,-84.323125,1,1
26,99,1,5,20,13,1,2,1,0,14,6,0,9,0,1,1,5,4,45,1,1,1,1,0,0,3,1,0,0,20,18,20,22,99,99,0,0,0,0,1,2,0,260033,5110,2009,44,HOOVER,99999999999999999999,0000000,42.51258611,-83.00724444,1,1
26,55,1,2,11,26,2,3,0,0,4,4,0,12,4,1,1,1,2,55,2,1,2,3,0,0,1,4,0,0,11,26,11,35,99,99,0,0,0,0,1,6,0,260034,0,2009,93,GARFIELD,99999999999999999999,0000000,44.68787778,-85.58233611,2,4
26,161,1,6,19,54,2,5,0,1,1,1,0,14,9,1,2,2,2,70,2,9,9,4,0,0,2,2,0,0,99,99,99,99,99,99,0,19,0,0,1,3,0,260035,4799,2009,21,I-94,99999999999999999999,0000000,42.29623056,-84.09133056,1,2
26,23,1,11,17,0,2,4,0,0,4,4,0,12,5,2,1,1,2,35,1,1,2,4,20,3,5,1,0,0,17,7,17,29,99,99,0,0,0,0,1,1,0,260036,0,2009,25,RAY QUINCY,COPELAND,0000000,41.79635278,-84.88356944,2,1
26,49,1,9,14,27,3,3,0,0,13,4,0,12,5,10,1,5,6,45,1,9,9,2,20,3,1,1,0,0,99,99,99,99,99,99,0,0,0,0,1,6,0,260037,1731,2009,4,BRISTOL,RAMP NI75/BRISTOL,0000000,42.97348611,-83.72157222,3,1
26,81,1,17,10,20,1,2,0,1,2,2,0,1,0,1,6,2,2,70,1,1,1,4,0,0,1,4,0,0,99,99,99,99,99,99,0,0,0,0,1,7,0,260038,0,2009,282,US-31,99999999999999999999,0000000,43.147575,-85.58778889,1,4
26,97,1,18,14,0,3,7,0,1,2,2,0,12,9,1,1,1,2,55,2,1,2,4,0,0,1,1,0,0,14,5,14,35,99,99,0,0,0,0,1,1,0,260039,3359,2009,504,US-2,99999999999999999999,0000000,45.93001944,-84.91345833,3,1
26,121,1,18,16,23,2,5,0,0,5,4,0,12,5,2,1,1,2,55,1,9,9,3,20,3,1,1,0,0,99,99,99,99,99,99,0,22,0,0,1,1,1,260040,0,2009,1,SHERMAN,ENSLEY,0000000,43.20610556,-86.02786389,2,1
26,69,1,20,15,0,2,2,0,0,6,4,0,12,5,4,1,1,2,55,1,1,4,3,0,0,1,1,0,0,15,4,15,13,99,99,0,22,0,0,1,3,0,260041,3725,2009,5,GRASS LAKE,99999999999999999999,0000000,44.41879167,-83.360375,2,1
26,137,1,21,15,40,1,1,0,1,1,1,0,1,0,1,6,2,2,70,1,1,2,4,0,0,1,1,0,0,15,45,15,51,88,88,0,0,0,0,1,4,0,260042,0,2009,137,I-75,99999999999999999999,0000000,45.0133,-84.68553611,1,1
26,1,1,16,19,50,1,1,0,0,3,3,0,34,0,1,6,1,2,55,2,1,2,3,0,0,2,1,0,0,20,10,20,33,88,88,0,0,0,0,1,6,1,260043,0,2009,83,SR-65,99999999999999999999,0000000,44.84147778,-83.82499722,1,1
26,27,1,21,1,10,2,2,0,0,16,4,0,12,1,1,1,1,2,30,1,9,2,3,0,0,2,1,0,0,2,53,3,6,99,99,0,0,0,0,1,4,2,260044,0,2009,13,LEET,99999999999999999999,0000000,41.84344722,-86.16609444,2,1
26,165,1,24,0,50,1,1,0,0,6,4,0,35,0,3,6,1,2,55,1,1,4,3,21,3,2,4,0,0,0,57,1,22,99,99,0,22,0,0,1,7,1,260045,0,2009,6,S 13,W 28 1/2,0000000,44.31640278,-85.70069722,1,4
26,57,1,26,21,16,1,1,0,0,6,4,0,32,0,1,6,1,2,55,1,1,4,3,0,0,2,1,0,0,21,16,21,30,88,88,0,22,0,0,1,2,0,260046,4765,2009,9,PENDELL,99999999999999999999,0000000,43.37819722,-84.73658333,1,1
26,159,1,27,4,49,1,1,0,1,1,1,0,1,0,1,3,2,2,70,1,9,9,1,0,0,2,1,0,0,99,99,99,99,88,88,0,0,0,0,1,3,1,260047,0,2009,46,I-94,99999999999999999999,0000000,42.19382222,-86.13546389,1,1
26,125,1,27,18,50,2,1,1,0,16,6,0,8,0,4,1,1,2,25,1,2,1,3,0,0,2,1,0,0,18,50,18,58,99,99,0,0,0,0,1,3,0,260048,3628,2009,1,ADDINGTON,99999999999999999999,0000000,42.46035278,-83.49471111,1,1
26,77,1,29,18,32,1,1,0,0,14,4,0,1,0,1,6,1,2,55,1,1,1,3,0,0,2,4,0,0,18,36,18,40,88,88,0,0,0,0,1,5,0,260049,1084,2009,10,35TH,99999999999999999999,0000000,42.27464167,-85.42883056,1,4
26,25,1,31,6,30,2,3,0,0,3,3,0,12,2,1,1,1,2,55,2,1,2,3,0,0,2,1,0,0,6,35,6,43,99,99,0,0,0,0,1,7,0,260050,0,2009,40,SR-60,99999999999999999999,0000000,42.10653333,-85.08280278,2,1
26,163,1,11,15,0,1,1,0,1,12,3,0,23,0,1,3,3,3,70,1,9,9,2,0,0,1,1,0,0,99,99,99,99,88,88,0,0,0,0,1,1,1,260051,0,2009,38,SR-14,99999999999999999999,0000000,42.38343333,-83.48214722,1,1
26,79,2,1,10,47,2,3,0,0,4,4,0,12,4,1,1,1,2,55,1,1,2,4,0,0,1,1,0,0,10,48,10,51,99,99,0,0,0,0,1,1,0,260052,0,2009,93,COUNTY ROAD 612,99999999999999999999,0000000,44.74280833,-85.162025,2,1
26,81,2,1,22,23,2,3,1,0,13,3,0,8,0,1,1,5,4,35,1,1,2,1,0,0,3,1,0,0,22,23,22,27,88,88,0,0,0,0,1,1,0,260053,5089,2009,11,SR-45,99999999999999999999,0000000,42.972125,-85.75986667,2,1
26,25,2,6,15,2,1,1,0,1,1,1,0,1,0,1,3,2,2,70,1,1,1,1,0,0,1,1,0,0,15,12,15,22,88,88,0,0,0,0,1,6,0,260054,0,2009,103,I-69,99999999999999999999,0000000,42.21389722,-84.98160833,1,1
26,75,2,7,2,51,1,2,0,0,6,4,0,42,0,1,6,1,2,55,1,1,5,4,0,0,2,1,0,0,2,53,3,8,99,99,0,22,0,0,1,7,1,260055,0,2009,18,BANGHAM,99999999999999999999,0000000,42.33469167,-84.6444,1,1
26,109,2,9,17,13,1,2,0,0,4,4,0,34,0,1,6,1,2,55,1,1,2,4,0,0,5,1,0,0,17,16,17,29,88,88,0,22,0,0,2,2,1,260056,0,2009,28,COUNTY ROAD 342,99999999999999999999,0000000,45.32614167,-87.60429444,1,1
26,121,2,12,7,0,3,4,0,1,12,2,0,12,2,1,1,2,2,70,1,9,9,1,0,0,3,1,0,0,99,99,99,99,99,99,0,0,0,0,1,5,1,260057,3460,2009,68,US-2,99999999999999999999,0000000,43.21602222,-86.20523333,3,1
26,7,2,26,7,3,1,3,0,0,3,3,0,27,0,1,6,1,2,55,1,2,2,4,0,0,4,1,0,0,7,3,7,20,99,99,0,0,0,0,2,5,0,260058,0,2009,41,SR-32,99999999999999999999,0000000,45.05954722,-83.79667222,1,1
26,81,1,3,2,34,2,6,0,0,14,4,0,12,5,2,1,1,2,35,1,1,1,1,3,3,3,1,0,0,99,99,2,41,99,99,0,0,0,0,1,7,1,260059,2553,2009,11,52ND ST SE,EASTERN AVE SE,0000000,42.86932222,-85.64514444,2,1
26,81,1,1,4,22,2,2,0,0,14,6,0,53,0,1,4,1,4,35,1,2,2,1,0,0,3,1,0,0,4,22,4,27,99,99,0,0,0,0,1,5,1,260060,5319,2009,88,BURLINGAME AVE SW,99999999999999999999,0000000,42.89466944,-85.70460556,1,1
26,81,1,3,22,49,1,1,0,0,6,4,0,53,0,1,4,1,2,55,1,1,1,4,0,0,2,1,0,0,22,50,23,5,88,88,0,22,0,0,1,7,1,260061,0,2009,2,COAN ST NE,99999999999999999999,0000000,43.26025,-85.53092222,1,1
26,161,1,8,7,48,2,4,0,0,14,4,0,12,2,1,1,1,2,55,1,1,2,3,0,0,4,4,0,0,7,51,7,59,99,99,0,22,0,0,1,5,0,260062,0,2009,69,CARPENTER RD,99999999999999999999,0000000,42.18433333,-83.67907778,2,4
26,139,1,9,17,15,3,3,0,1,13,2,0,12,5,3,1,2,2,55,1,1,2,3,3,3,1,1,0,0,17,16,17,18,99,99,0,22,0,0,1,6,0,260063,0,2009,52,US-31,QUINCY ST,0000000,42.840975,-86.09913333,3,1
26,113,1,18,11,56,2,4,0,0,4,4,0,12,5,2,1,1,2,55,1,1,1,3,20,3,1,4,0,0,11,58,12,12,99,99,0,22,0,0,1,1,0,260064,0,2009,50,VANDERMUELAN,KELLY,0000000,44.29476667,-85.13485833,2,4
26,21,1,13,10,16,2,7,0,0,3,3,0,12,5,2,1,1,2,55,1,9,9,3,20,3,1,4,0,0,99,99,99,99,99,99,0,0,0,0,1,3,0,260065,0,2009,9,SR-62,OLD 62,0000000,41.98236667,-86.20873056,2,4
26,59,2,10,16,0,2,3,0,1,2,2,0,12,1,3,1,1,2,45,1,9,9,1,0,0,1,1,0,0,99,99,99,99,99,99,0,0,0,0,1,3,0,260066,3381,2009,181,US-2,WEST,0000000,42.04430556,-84.50672778,2,1
26,65,2,15,21,17,1,2,1,0,14,6,0,8,0,1,1,1,4,45,1,1,2,1,0,0,2,1,0,0,21,18,21,22,99,99,0,0,0,0,1,1,0,260067,1430,2009,58,MOUNT HOPE,99999999999999999999,0000000,42.71186389,-84.48421944,1,1
26,81,2,3,16,11,2,2,0,0,16,6,0,12,5,4,1,5,4,35,1,1,2,2,0,0,1,1,0,0,16,21,16,26,99,99,0,0,0,0,1,3,0,260068,2010,2009,42,MICHIGAN,99999999999999999999,0000000,42.97002222,-85.63638889,2,1
26,65,2,24,12,50,1,2,0,0,13,6,0,23,0,1,6,1,4,40,1,3,2,1,0,0,1,1,0,0,12,56,13,1,99,99,0,0,0,0,1,3,0,260069,2700,2009,103,CEDAR,99999999999999999999,0000000,42.72105278,-84.545525,1,1
26,91,3,2,15,8,2,2,0,1,2,2,0,12,2,1,1,1,2,55,2,1,2,1,0,0,1,1,0,0,15,9,15,14,99,99,0,22,0,0,1,2,1,260070,0,2009,47,US-12,99999999999999999999,0000000,42.04970556,-84.27204722,2,1
26,125,3,1,2,21,1,1,0,1,13,3,0,33,0,1,3,2,4,40,1,1,1,1,0,0,3,1,0,0,2,23,2,27,88,88,0,0,0,0,1,1,1,260071,2230,2009,108,SR-102,99999999999999999999,0000000,42.447125,-83.10939444,1,1
26,121,3,12,23,20,1,3,1,1,13,2,0,8,0,3,1,1,6,55,1,1,2,1,3,3,2,1,0,0,23,25,23,29,99,99,0,0,0,0,1,5,0,260072,3460,2009,22,US-31,HOYT,0000000,43.18946389,-86.24081944,1,1
26,95,1,26,23,15,2,3,0,1,2,3,0,12,5,2,1,1,2,55,1,9,9,4,20,3,2,1,0,0,99,99,99,99,99,99,0,0,0,0,1,2,0,260073,0,2009,128,SR-28,COUNTY RD 403,0000000,46.30343611,-85.48878056,2,1
26,105,2,6,17,30,1,1,0,0,6,4,0,18,0,1,4,1,2,55,1,1,5,3,0,0,1,1,0,0,17,37,17,56,99,99,0,0,0,0,1,6,1,260074,0,2009,19,KOENIG,99999999999999999999,0000000,44.13403611,-86.105775,1,1
26,115,2,8,5,22,1,1,0,0,4,4,0,1,0,1,2,1,2,55,1,1,2,4,0,0,2,1,0,0,5,24,5,33,88,88,0,22,0,0,1,1,1,260075,0,2009,71,E SIGLER RD,99999999999999999999,0000000,42.03738889,-83.28304167,1,1
26,91,2,10,7,20,1,1,0,0,4,4,0,38,0,1,6,1,2,55,1,9,2,4,0,0,1,5,0,0,7,21,7,35,88,88,0,22,0,0,1,3,0,260076,0,2009,22,MACON HWY,99999999999999999999,0000000,42.031875,-83.90224444,1,5
26,133,2,12,9,38,2,2,0,0,4,4,0,12,4,1,1,1,2,55,1,1,2,3,0,0,1,4,0,0,9,40,9,57,99,99,0,22,0,0,1,5,0,260078,0,2009,54,MACKINAW TRAIL RD,99999999999999999999,0000000,44.08083889,-85.44400278,2,4
26,73,2,16,11,24,1,1,0,0,4,4,0,34,0,1,6,1,2,55,2,2,2,2,0,0,1,1,0,0,11,26,11,31,88,88,0,0,0,0,1,2,0,260079,0,2009,60,S WHITEVILLE RD,99999999999999999999,0000000,43.58098889,-84.82755278,1,1
26,25,2,17,19,24,1,2,0,0,4,4,0,24,0,1,4,1,2,55,2,9,2,1,0,0,2,1,0,0,19,11,19,23,99,99,0,0,0,0,1,3,1,260080,0,2009,5,S DR N,99999999999999999999,0000000,42.38224444,-84.75793333,1,1
26,81,2,20,18,10,2,3,0,0,15,4,0,12,4,1,1,1,2,55,2,9,2,1,0,0,5,4,0,0,18,10,18,10,88,88,0,0,0,0,1,6,1,260081,0,2009,24,10 MILE RD,99999999999999999999,0000000,43.11796111,-85.51268611,2,4
26,99,2,3,6,32,1,2,1,0,13,4,0,8,0,3,1,1,2,30,1,9,9,2,3,3,3,1,0,0,99,99,99,99,99,99,0,0,0,0,1,3,0,260082,3390,2009,30,CASS,MAIN,0000000,42.59678056,-82.87824444,1,1
26,49,2,22,18,21,2,2,0,0,13,6,0,12,2,1,1,5,4,35,1,1,2,3,0,0,1,1,0,0,18,25,18,30,99,99,0,0,0,0,1,1,1,260083,1730,2009,47,W PIERSON RD,99999999999999999999,0000000,43.06071111,-83.72877222,2,1