STATE,COUNTY,MONTH,DAY,HOUR,MINUTE,VE_TOTAL,PERSONS,PEDS,NHS,ROAD_FNC,ROUTE,SP_JUR,HARM_EV,MAN_COLL,REL_JUNC,REL_ROAD,TRAF_FLO,NO_LANES,SP_LIMIT,ALIGNMNT,PROFILE,PAVE_TYP,SUR_COND,TRA_CONT,T_CONT_F,LGT_COND,WEATHER1,WEATHER2,WRK_ZONE,NOT_HOUR,NOT_MIN,ARR_HOUR,ARR_MIN,HOSP_HR,HOSP_MN,SCH_BUS,CF1,CF2,CF3,FATALS,DAY_WEEK,DRUNK_DR,ST_CASE,CITY,YEAR,MILEPT,TWAY_ID,TWAY_ID2,RAIL,LATITUDE,LONGITUD,VE_FORMS,WEATHER
26,121,2,23,19,31,2,5,0,0,14,3,0,12,4,1,1,5,4,50,1,9,9,2,0,0,3,1,0,0,99,99,99,99,99,99,0,0,0,0,1,2,1,260084,0,2009,70,SR-46,99999999999999999999,0000000,43.23483056,-86.11008889,2,1
26,49,2,25,15,55,2,2,0,0,4,4,0,12,5,2,1,1,2,55,1,1,2,2,3,3,1,2,0,0,15,56,16,5,99,99,0,0,0,0,1,4,0,260085,0,2009,10,GRAND BLANC RD,DUFFIELD RD,0000000,42.912575,-83.90968056,2,2
26,125,2,1,19,11,1,2,1,1,13,3,0,8,0,1,1,5,4,45,1,9,9,1,0,0,3,1,0,0,99,99,99,99,99,99,0,0,0,0,1,1,0,260087,2258,2009,57,SR-59,99999999999999999999,0000000,42.65384722,-83.57485556,1,1
26,5,1,10,22,40,2,2,0,0,6,4,0,12,5,4,1,1,2,55,9,9,9,3,0,0,2,4,0,0,99,99,99,99,88,88,0,22,0,0,1,7,1,260089,1309,2009,30,20TH,99999999999999999999,0000000,42.68169444,-85.74136111,2,4
26,99,2,7,9,45,1,1,0,1,11,1,0,31,0,1,6,2,6,70,1,2,1,2,0,0,1,1,0,0,99,99,10,2,88,88,0,0,0,0,1,7,0,260090,5110,2009,38,I-696,99999999999999999999,0000000,42.49199444,-83.01474722,1,1
26,99,2,21,20,10,1,1,0,0,6,4,0,42,0,1,6,1,2,55,2,9,9,3,0,0,2,4,0,0,99,99,99,99,99,99,0,22,0,0,1,7,0,260091,0,2009,18,COON CREEK,99999999999999999999,0000000,42.841025,-82.92402778,1,4
26,99,3,14,0,37,1,1,0,0,15,4,0,42,0,1,6,1,2,55,1,9,9,1,0,0,2,1,0,0,0,41,0,43,88,88,0,22,0,0,1,7,1,260092,5111,2009,67,MOUND RD,99999999999999999999,0000000,42.75498056,-83.05723056,1,1
26,17,1,25,21,1,1,3,1,1,1,1,0,8,0,1,1,2,2,70,1,1,1,1,0,0,2,1,0,0,21,9,21,22,88,88,0,0,0,0,1,1,0,260093,0,2009,267,I-75,99999999999999999999,0000000,43.88842778,-84.02056111,1,1
26,111,3,5,17,30,2,5,0,1,2,2,0,13,4,1,1,2,2,70,1,1,1,1,0,0,1,1,0,0,17,33,17,41,99,99,0,0,0,0,1,5,0,260094,0,2009,29,US-10,99999999999999999999,0000000,43.75938611,-84.55401111,2,1
26,117,3,3,17,47,1,2,1,0,14,3,0,8,0,1,1,5,4,45,1,1,2,1,0,0,1,1,0,0,17,45,17,47,99,99,0,0,0,0,1,3,0,260095,2060,2009,19,SR-57,99999999999999999999,0000000,43.17734444,-85.27557778,1,1
26,115,3,14,19,56,2,4,0,0,15,6,0,12,5,1,1,1,2,35,2,1,2,1,0,0,2,1,0,0,19,57,19,59,99,99,0,0,0,0,1,7,0,260096,0,2009,15,MALL,99999999999999999999,0000000,41.94871944,-83.38487778,2,1
26,139,2,21,4,0,1,1,0,0,3,4,0,34,0,1,6,1,2,55,1,1,2,1,0,0,2,1,0,0,4,10,4,18,88,88,0,22,0,0,1,7,0,260097,0,2009,53,PORT SHELDON RD,99999999999999999999,0000000,42.88525278,-86.08827222,1,1
26,165,2,25,14,25,2,2,0,1,2,3,0,12,4,1,1,1,2,55,1,2,2,3,0,0,1,4,0,0,14,26,14,35,88,88,0,0,0,0,1,4,1,260098,0,2009,286,SR-115,99999999999999999999,0000000,44.18956667,-85.391375,2,4
26,157,2,28,22,10,2,4,0,0,3,3,0,12,2,1,1,1,2,55,1,9,9,1,0,0,2,1,0,0,99,99,99,99,99,99,0,0,0,0,1,7,0,260099,0,2009,37,SR-46,99999999999999999999,0000000,43.40758889,-83.625225,2,1
26,107,3,9,16,50,1,1,0,0,6,4,0,7,0,1,1,1,2,55,1,9,4,5,0,0,1,1,0,0,16,52,17,7,99,99,0,0,0,0,1,2,0,260100,0,2009,60,10TH AVE,99999999999999999999,0000000,43.55290278,-85.10563333,1,1
26,147,3,16,17,10,1,2,0,0,6,4,0,42,0,1,6,1,2,55,1,1,2,1,0,0,1,1,0,0,17,13,17,21,99,99,0,22,0,0,1,2,1,260102,787,2009,32,ST CLAIR,99999999999999999999,0000000,42.79713333,-82.67036944,1,1
26,163,3,17,22,27,1,5,1,1,11,1,0,8,0,1,1,2,3,55,1,1,2,1,0,0,3,1,0,0,22,29,22,39,99,99,0,20,0,0,1,3,0,260103,1260,2009,313,I-94,99999999999999999999,0000000,42.38825556,-83.01476111,1,1
26,159,3,28,3,9,1,2,0,0,6,4,0,37,0,1,6,1,2,55,1,9,9,1,20,3,2,1,0,0,99,99,99,99,99,99,0,22,0,0,1,7,1,260104,0,2009,1,68TH ST,99999999999999999999,0000000,42.37477778,-86.20670278,1,1
26,149,3,14,22,14,1,1,0,0,6,4,0,31,0,1,6,1,2,55,1,9,9,1,20,3,2,1,0,0,99,99,99,99,88,88,0,0,0,0,1,7,1,260105,0,2009,10,BORGERT RD,99999999999999999999,0000000,41.882875,-85.42898056,1,1
26,93,1,21,18,55,2,2,0,1,1,1,0,12,2,1,1,2,3,70,1,9,9,1,0,0,2,1,0,0,99,99,99,99,99,99,0,0,0,0,1,4,0,260106,0,2009,211,I-96,99999999999999999999,0000000,42.51808889,-83.64648056,2,1
26,77,3,13,22,50,2,5,0,0,6,4,0,12,2,1,1,1,2,45,1,1,2,1,0,0,2,1,0,0,22,54,23,7,99,99,0,0,0,0,1,6,0,260107,0,2009,67,VW,99999999999999999999,0000000,42.12146389,-85.58474167,2,1
26,93,3,6,12,30,1,1,0,0,6,4,0,1,0,1,1,1,2,55,1,1,4,1,0,0,1,1,0,0,88,88,88,88,88,88,0,22,0,0,1,6,1,260108,0,2009,28,GERMANY,99999999999999999999,0000000,42.7188,-83.68788333,1,1
26,99,3,26,14,43,2,2,0,0,3,4,0,12,4,1,1,1,2,55,2,9,9,1,0,0,1,1,0,0,99,99,99,99,99,99,0,0,0,0,1,5,0,260110,0,2009,5,CAPAC,99999999999999999999,0000000,42.89346389,-82.94546944,2,1
26,91,3,28,22,15,1,1,0,0,14,3,0,33,0,1,4,4,5,50,1,1,2,1,0,0,3,1,0,0,22,18,22,20,88,88,0,0,0,0,1,7,1,260111,0,2009,19,SR-52,99999999999999999999,0000000,41.92099167,-84.02208611,1,1
26,97,4,4,0,54,1,1,0,0,4,4,0,48,0,3,6,1,2,20,2,2,2,4,0,0,3,1,0,0,0,54,1,0,88,88,0,0,0,0,1,7,1,260112,2920,2009,5,CADOTTE,ANNEX,0000000,45.85294167,-84.62699167,1,1
26,83,3,12,10,15,2,2,0,1,2,2,0,12,4,1,1,1,2,50,1,1,2,4,0,0,1,1,0,0,10,17,10,33,99,99,0,0,0,0,1,5,0,260113,97,2009,1,US-41,99999999999999999999,0000000,47.28596944,-88.40718056,2,1
26,101,3,24,18,35,1,1,0,0,3,3,0,1,0,1,6,1,2,55,2,9,9,1,0,0,1,1,0,0,99,99,99,99,99,99,0,0,0,0,1,3,0,260114,166,2009,159,SR-22,99999999999999999999,0000000,44.47165833,-86.23321389,1,1
26,59,4,6,8,28,2,7,0,0,4,4,0,12,4,1,1,1,2,55,1,1,2,3,0,0,1,4,0,0,8,28,8,35,99,99,0,22,0,0,3,2,0,260115,0,2009,58,BANKER  RD,99999999999999999999,0000000,41.88298056,-84.72518889,2,4
26,25,4,6,12,24,1,1,0,0,4,4,0,42,0,1,6,1,2,45,2,1,1,1,0,0,1,1,0,0,12,24,12,28,88,88,0,0,0,0,1,2,0,260116,3885,2009,12,BELLEVUE RD,99999999999999999999,0000000,42.34883889,-85.131725,1,1
26,125,2,8,0,15,2,3,1,0,13,4,0,8,0,1,1,1,4,30,1,1,2,2,0,0,3,1,0,0,0,17,0,22,88,88,0,0,0,0,1,1,0,260117,5100,2009,64,PONTIAC TRAIL,99999999999999999999,0000000,42.52803611,-83.49193056,2,1
26,49,2,8,15,38,2,3,0,0,6,4,0,12,5,2,1,1,2,55,1,9,9,1,20,3,1,1,0,0,99,99,99,99,99,99,0,22,0,0,1,1,1,260118,0,2009,20,NEFF,FRANCES,0000000,43.13415833,-83.71436111,2,1
26,1,3,22,13,45,2,3,0,0,4,4,0,12,4,4,1,1,2,55,1,2,2,1,0,0,1,1,0,0,13,49,14,9,88,88,0,0,0,0,1,1,0,260119,0,2009,30,BAMFIELD,99999999999999999999,0000000,44.56072222,-83.70739722,2,1
26,81,3,29,9,9,3,9,0,1,12,2,0,12,1,1,1,3,3,70,1,1,2,2,0,0,1,4,0,0,9,11,9,17,99,99,0,0,0,0,1,1,0,260120,5319,2009,85,US-131,99999999999999999999,0000000,42.88928889,-85.67915,3,4
26,125,3,29,23,49,1,2,1,0,13,6,0,8,0,1,1,1,3,35,1,9,9,3,0,0,3,4,0,0,99,99,99,99,99,99,0,0,0,0,1,1,0,260121,4020,2009,5,BALDWIN,99999999999999999999,0000000,42.65210278,-83.29943333,1,4
26,125,3,2,15,39,2,2,0,1,13,3,0,12,4,4,1,5,4,50,1,9,9,1,0,0,1,1,0,0,99,99,99,99,99,99,0,0,0,0,1,2,0,260122,5113,2009,151,SR-59,99999999999999999999,0000000,42.66022222,-83.39558611,2,1
26,75,4,4,8,55,2,2,0,0,3,4,0,12,1,1,1,1,2,55,1,1,2,1,0,0,1,1,0,0,8,59,9,12,99,99,0,0,0,0,1,7,1,260124,0,2009,35,MOSCOW RD,99999999999999999999,0000000,42.12311111,-84.5178,2,1
26,17,4,7,2,44,1,1,0,0,4,4,0,53,0,1,4,1,2,55,1,1,2,1,0,0,2,1,0,0,2,45,2,54,88,88,0,22,0,0,1,3,1,260125,2543,2009,71,EIGHT MILE,99999999999999999999,0000000,43.69991389,-84.04800556,1,1
26,57,3,23,18,25,1,2,0,1,13,3,0,53,0,1,4,1,2,55,1,1,2,1,0,0,1,1,0,0,18,29,18,31,99,99,0,0,0,0,1,2,0,260126,0,2009,132,SR-46,99999999999999999999,0000000,43.4078,-84.58388056,1,1
26,99,3,28,22,3,2,2,0,0,13,3,0,12,5,2,1,2,2,45,2,9,9,1,3,3,3,1,0,0,99,99,99,99,99,99,0,0,0,0,1,7,0,260127,5111,2009,133,SR-53,VAN DYKE,0000000,42.7332,-83.02653889,2,1
26,81,4,3,3,1,1,1,0,0,13,6,0,42,0,1,6,1,3,30,1,1,2,2,0,0,3,2,0,0,3,1,3,5,88,88,0,0,0,0,1,6,0,260128,2010,2009,9,PLAINFIELD AVE NE,99999999999999999999,0000000,42.99307222,-85.66123333,1,2
26,115,4,5,23,30,2,2,0,1,12,2,0,12,1,1,1,2,2,70,1,1,1,2,0,0,2,2,0,0,23,36,23,40,88,88,0,0,0,0,1,1,1,260129,0,2009,13,US-23,99999999999999999999,0000000,41.74405556,-83.69385833,2,2
26,127,4,19,6,30,1,1,0,0,6,4,0,42,0,1,6,1,2,55,1,1,2,2,0,0,2,2,0,0,7,6,7,21,88,88,0,22,0,0,1,1,1,260130,0,2009,9,S 88TH AVE,99999999999999999999,0000000,43.51996389,-86.337875,1,2
26,159,4,19,4,19,1,1,0,0,5,4,0,30,0,1,6,1,2,55,1,9,9,2,0,0,2,2,0,0,88,88,88,88,88,88,0,22,0,0,1,1,1,260131,2544,2009,9,94TH,99999999999999999999,0000000,42.07833333,-86.167575,1,2
26,99,3,1,1,50,1,1,0,0,13,4,0,33,0,1,4,5,4,45,1,1,1,1,0,0,2,1,0,0,1,54,1,56,88,88,0,0,0,0,1,1,1,260132,4521,2009,64,23 MILE,99999999999999999999,0000000,42.67117222,-82.97183889,1,1
26,151,4,19,4,0,1,1,0,0,6,4,0,53,0,1,6,1,2,55,2,1,2,1,0,0,2,1,0,0,6,21,6,32,88,88,0,22,0,0,1,1,1,260133,0,2009,59,TODD,99999999999999999999,0000000,43.24917222,-82.68810556,1,1
26,81,4,13,20,9,1,1,0,1,1,1,0,34,0,1,6,2,2,70,1,1,2,1,0,0,5,1,0,0,20,10,20,25,88,88,0,0,0,0,1,2,1,260134,785,2009,175,I-96,99999999999999999999,0000000,42.91845278,-85.54474444,1,1
26,73,3,1,17,45,1,1,0,0,3,3,0,42,0,1,6,1,2,55,1,1,4,4,0,0,1,1,0,0,99,99,99,99,88,88,0,22,0,0,1,1,1,260135,0,2009,73,SR-20,99999999999999999999,0000000,43.58250556,-84.94238333,1,1
26,49,4,10,20,55,1,2,1,0,14,6,0,8,0,1,1,1,4,30,1,2,2,1,0,0,3,1,0,0,20,55,20,57,99,99,0,0,0,0,1,6,1,260136,1730,2009,32,GRAND TRAVERSE,99999999999999999999,0000000,43.01681389,-83.69785,1,1
26,91,4,18,5,15,1,2,0,0,4,4,0,43,0,1,6,1,2,55,1,1,2,1,0,0,2,1,0,0,5,19,5,30,99,99,0,22,0,0,2,7,1,260137,3817,2009,3,PALMYRA,99999999999999999999,0000000,41.88191667,-83.95989444,1,1
26,97,4,11,14,41,1,2,0,1,2,2,0,1,0,1,6,1,2,55,1,1,2,1,0,0,1,1,0,0,14,41,99,99,99,99,0,0,0,0,1,7,0,260138,0,2009,231,US-2,99999999999999999999,0000000,46.09636667,-85.39320278,1,1
26,91,4,22,14,16,1,1,0,0,14,6,0,42,0,1,6,1,2,35,1,9,9,1,0,0,1,1,0,0,99,99,99,99,88,88,0,0,0,0,1,4,0,260139,20,2009,7,DIVISION ST,99999999999999999999,0000000,41.88500833,-84.03357222,1,1
26,145,2,20,8,59,2,3,0,1,13,3,0,12,2,1,1,1,4,45,1,9,9,1,0,0,2,1,0,0,99,99,99,99,99,99,0,0,0,0,1,6,0,260140,0,2009,164,SR-46,99999999999999999999,0000000,43.41566389,-84.04418611,2,1
26,37,4,5,16,32,2,2,0,0,4,4,0,12,5,2,1,1,2,55,1,2,2,1,20,3,1,1,0,0,16,32,16,39,99,99,0,0,0,0,1,1,0,260141,0,2009,59,AIRPORT,CUTLER,0000000,42.85677222,-84.60248889,2,1
26,49,4,18,15,25,2,2,0,0,13,3,0,12,5,8,1,5,4,45,1,1,2,1,0,0,1,1,0,0,15,23,15,27,99,99,0,0,0,0,1,7,1,260142,0,2009,105,SR-15,99999999999999999999,0000000,43.01851667,-83.51798056,2,1
26,27,4,26,16,28,1,1,0,0,5,4,0,1,0,3,6,1,2,55,1,9,9,1,20,3,1,1,0,0,99,99,99,99,99,99,0,22,0,0,1,1,0,260143,2601,2009,1,WILBUR HILL,POKAGON,0000000,41.91208333,-86.10753611,1,1
26,151,2,26,7,16,1,3,1,0,3,3,0,8,0,1,6,1,2,55,1,1,2,4,0,0,4,1,0,0,7,18,7,30,88,88,0,0,0,0,1,5,0,260144,0,2009,95,SR-25,99999999999999999999,0000000,43.30088333,-82.53324444,1,1
26,157,3,28,15,54,2,3,0,0,4,4,0,12,5,2,1,1,2,55,1,1,1,1,20,3,1,1,0,0,15,57,16,9,99,99,0,0,0,0,2,7,0,260145,0,2009,88,DECKERVILLE RD,HURDS CORNER RD,0000000,43.51157778,-83.2895,2,1
26,81,3,30,0,39,1,4,0,1,1,1,0,1,0,1,3,2,2,70,1,9,9,1,0,0,2,1,0,0,99,99,99,99,99,99,0,0,0,0,2,2,0,260146,0,2009,298,I-96,99999999999999999999,0000000,42.87466667,-85.32029722,1,1
26,111,1,18,23,15,2,3,0,0,3,3,0,12,5,2,1,5,4,55,1,1,1,3,4,3,3,1,0,0,23,17,23,29,99,99,0,0,0,0,1,1,0,260147,0,2009,120,SR-20,MERIDIAN,0000000,43.61244722,-84.36926667,2,1
26,45,1,31,19,24,2,10,0,0,3,3,0,12,2,1,1,1,2,55,1,1,2,3,0,0,2,4,0,0,19,25,19,32,99,99,0,0,0,0,1,7,0,260148,0,2009,140,SR-50,99999999999999999999,0000000,42.62862222,-84.86816111,2,4
26,45,4,6,8,20,2,2,0,0,3,3,0,12,4,1,1,1,2,55,1,1,2,3,0,0,1,4,0,0,8,27,8,32,99,99,0,0,0,0,1,2,0,260149,0,2009,37,SR-100,99999999999999999999,0000000,42.67278889,-84.73944722,2,4
26,7,4,19,13,30,2,2,0,1,2,2,0,12,2,1,1,1,2,55,1,2,1,1,0,0,1,1,0,0,13,33,99,99,99,99,0,22,0,0,1,1,0,260150,0,2009,13,US-23,99999999999999999999,0000000,44.87608056,-83.42981111,2,1
26,163,3,23,17,26,2,3,0,1,11,1,0,12,7,1,1,3,4,70,1,1,2,1,0,0,1,1,0,0,17,28,17,34,99,99,0,0,0,0,1,2,0,260151,2850,2009,51,I-96,99999999999999999999,0000000,42.38300556,-83.34814444,2,1
26,125,3,13,14,0,3,3,2,0,16,4,0,14,5,1,6,1,2,25,1,1,2,1,0,0,1,1,0,0,14,0,99,99,99,99,0,0,0,0,1,6,0,260152,5210,2009,7,BISCAYNE,99999999999999999999,0000000,42.63918056,-83.51394722,1,1
26,161,3,22,23,39,1,2,0,0,5,4,0,42,0,1,6,1,2,55,1,1,2,1,20,3,2,1,0,0,23,49,23,54,99,99,0,22,0,0,1,1,1,260153,0,2009,90,PARKER RD,99999999999999999999,0000000,42.33413611,-83.90010556,1,1
26,15,4,20,17,53,4,4,0,0,3,3,0,12,2,1,1,1,2,55,2,1,2,2,0,0,1,1,0,0,17,54,18,2,99,99,0,0,0,0,2,2,0,260154,0,2009,117,SR-37,99999999999999999999,0000000,42.7424,-85.48921111,4,1
26,161,4,17,18,5,2,2,0,0,4,4,0,12,2,1,1,1,2,50,1,1,2,1,0,0,1,1,0,0,99,99,99,99,88,88,0,0,0,0,1,6,1,260155,0,2009,49,N TERRITORIAL RD,99999999999999999999,0000000,42.38914444,-83.99041944,2,1
26,125,2,18,9,28,2,2,0,1,11,1,0,12,3,1,1,2,5,70,1,1,1,2,0,0,1,2,0,0,9,32,9,40,99,99,0,0,0,0,1,4,0,260156,1652,2009,22,I-275,99999999999999999999,0000000,42.46924722,-83.43189722,2,2
26,125,2,27,19,39,2,2,0,1,13,4,0,12,2,1,1,1,2,40,2,9,2,2,0,0,2,4,0,0,19,40,19,44,99,99,0,0,0,0,1,6,2,260157,5113,2009,54,WILLIAMS LAKE RD,99999999999999999999,0000000,42.68225278,-83.42357222,2,4
26,65,4,20,21,37,2,3,0,0,14,6,0,12,5,2,1,1,2,35,1,1,1,1,3,3,3,1,0,0,21,37,21,40,99,99,0,0,0,0,2,2,1,260158,2700,2009,15,E CAVANAUGH RD,S PENNSYLVANIA AVE,0000000,42.69011944,-84.53815278,2,1
26,57,4,29,17,18,1,1,0,1,2,2,0,24,0,1,4,2,2,70,1,1,1,1,0,0,1,1,0,0,17,21,17,22,88,88,0,0,0,0,1,4,1,260159,0,2009,124,US-127,99999999999999999999,0000000,43.29206111,-84.58235,1,1
26,145,4,16,9,52,2,2,0,1,13,3,0,12,4,2,1,2,2,40,1,1,2,1,3,3,1,1,0,0,9,54,10,2,99,99,0,0,0,0,1,5,0,260160,0,2009,35,SR-58,N CENTER RD,0000000,43.43683056,-84.01466111,2,1
26,163,4,5,0,58,1,2,1,1,13,3,0,8,0,1,1,5,4,45,1,9,9,1,0,0,3,1,0,0,0,58,1,2,99,99,0,0,0,0,1,1,1,260161,5176,2009,79,SR-153,99999999999999999999,0000000,42.32439167,-83.39267778,1,1
26,163,4,26,2,28,1,1,0,1,13,6,0,29,0,1,4,2,4,30,2,1,1,1,0,0,3,1,0,0,2,30,2,34,88,88,0,0,0,0,1,1,1,260162,5140,2009,9,W MICHIGAN AVE,99999999999999999999,0000000,42.2815,-83.37968611,1,1
26,81,5,2,4,10,1,1,0,0,6,4,0,42,0,1,6,1,2,55,1,1,5,9,0,0,2,1,0,0,4,13,4,23,88,88,0,22,0,0,1,7,1,260163,0,2009,11,4 MILE RD NE,99999999999999999999,0000000,43.02935833,-85.35038056,1,1
26,39,2,13,20,4,1,1,0,0,4,4,0,34,0,3,6,1,2,55,2,1,2,2,20,3,2,1,0,0,20,4,20,16,88,88,0,22,0,0,1,6,0,260165,0,2009,31,COUNTY RD 502,SR-18,0000000,44.55350556,-84.41128611,1,1
26,139,4,30,16,13,2,3,0,0,3,4,0,12,4,1,1,1,2,55,1,1,2,2,0,0,1,2,0,0,16,13,16,16,99,99,0,22,0,0,1,5,0,260166,0,2009,84,BYRON,99999999999999999999,0000000,42.81218333,-85.96059444,2,2
26,165,5,5,21,52,1,1,0,1,12,2,0,31,0,1,6,2,2,70,2,1,2,1,0,0,2,1,0,0,21,53,21,57,88,88,0,0,0,0,1,3,0,260167,0,2009,75,US-131,99999999999999999999,0000000,44.20645833,-85.41110556,1,1
26,151,5,6,12,18,2,2,0,0,3,3,0,12,5,2,1,1,2,55,1,1,2,1,20,3,1,1,0,0,12,19,12,22,99,99,0,0,0,0,1,4,0,260168,0,2009,39,SR-90,SHEPARD,0000000,43.21381667,-82.92038333,2,1
26,35,5,19,23,50,1,1,0,0,6,4,0,1,0,1,1,1,2,55,2,2,2,5,0,0,2,1,0,0,6,16,6,29,88,88,0,22,0,0,1,3,1,260169,0,2009,62,CEDAR,99999999999999999999,0000000,43.95745278,-84.63154722,1,1
26,21,5,19,13,20,1,2,1,0,14,4,0,8,0,1,1,1,2,50,1,9,9,1,0,0,1,1,0,0,13,21,13,29,88,88,0,0,0,0,1,3,0,260170,0,2009,15,PAW PAW,99999999999999999999,0000000,42.13642222,-86.44248889,1,1
26,125,3,2,20,15,1,1,0,1,11,1,0,29,0,1,6,2,3,70,2,2,2,1,0,0,2,1,0,0,20,15,20,21,88,88,0,0,0,0,1,2,0,260171,4905,2009,130,I-75,99999999999999999999,0000000,42.60221111,-83.164475,1,1
26,73,3,23,1,10,1,1,0,0,6,4,0,32,0,1,6,1,2,55,1,1,4,1,0,0,2,1,0,0,1,19,1,29,99,99,0,22,0,0,1,2,1,260172,0,2009,22,E HERRICK RD,99999999999999999999,0000000,43.80052778,-84.62240833,1,1
26,149,5,20,17,30,2,2,0,0,3,4,0,12,2,1,1,1,2,55,1,1,2,1,0,0,1,1,0,0,17,32,17,41,99,99,0,0,0,0,1,4,0,260173,0,2009,10,SILVER ST,99999999999999999999,0000000,42.05692778,-85.52893056,2,1
26,159,5,25,16,20,1,2,1,0,4,3,0,8,0,1,1,1,2,45,1,9,9,1,0,0,1,1,0,0,99,99,99,99,88,88,0,0,0,0,1,2,0,260174,2544,2009,6,SR-152,99999999999999999999,0000000,42.08596944,-86.21194167,1,1
26,45,5,11,11,35,2,2,0,0,14,4,0,12,1,3,1,5,4,40,1,9,2,1,3,3,1,1,0,0,99,99,99,99,99,99,0,0,0,0,1,2,0,260175,0,2009,221,W SAINT JOSEPH,SNOW RD,0000000,42.72666944,-84.622675,2,1
26,125,4,10,16,34,3,4,0,0,15,4,0,12,5,2,1,1,3,45,1,1,2,1,3,3,1,1,0,0,16,34,16,37,99,99,0,0,0,0,1,6,0,260176,5113,2009,63,PONTIAC LAKE RD,AIRPORT RD,0000000,42.65259167,-83.40559167,3,1
26,155,5,19,17,49,2,2,0,0,14,3,0,12,4,2,1,5,4,45,1,1,2,1,0,0,1,9,0,0,17,49,17,51,19,99,0,0,0,0,1,3,0,260177,0,2009,121,SR-21,N ELIZABETH DR,0000000,42.99814444,-84.12978056,2,9
26,161,4,27,8,45,1,2,0,0,4,4,0,42,0,1,6,1,2,45,2,1,2,1,0,0,1,1,0,0,8,45,8,52,99,99,0,0,0,0,2,2,0,260178,0,2009,72,WHITTAKER,99999999999999999999,0000000,42.18727222,-83.60634444,1,1
26,81,5,10,5,29,2,2,0,1,11,1,0,12,2,1,1,3,2,60,2,9,9,1,0,0,2,1,0,1,99,99,99,99,99,99,0,0,0,0,1,1,1,260179,2020,2009,4,I-196,99999999999999999999,0000000,42.87799167,-85.78157222,2,1
26,127,5,30,18,30,2,5,0,1,2,2,0,12,5,2,1,1,2,55,1,1,2,1,20,3,1,1,0,0,18,35,18,39,99,99,0,0,0,0,1,7,1,260180,0,2009,228,US-31BR,JEFFERSON,0000000,43.79028889,-86.35835278,2,1
26,51,3,11,16,45,2,2,0,0,3,3,0,12,2,1,1,1,2,55,2,1,2,1,0,0,1,1,0,0,99,99,99,99,99,99,0,0,0,0,1,4,0,260181,0,2009,12,SR-30,99999999999999999999,0000000,44.14721667,-84.34800556,2,1
26,49,4,26,2,37,1,1,0,0,4,4,0,42,0,1,6,1,2,45,1,1,2,2,0,0,2,2,0,0,2,38,2,44,88,88,0,0,0,0,1,1,1,260182,0,2009,95,GRAND BLANC,99999999999999999999,0000000,42.91450833,-83.74056111,1,2
26,57,5,15,4,0,1,1,0,1,12,2,0,34,0,1,4,2,2,70,1,1,2,1,0,0,2,1,0,0,4,0,4,10,88,88,0,0,0,0,1,6,0,260183,0,2009,195,US-127,99999999999999999999,0000000,43.38635278,-84.61498333,1,1
26,163,5,29,15,45,1,2,1,0,13,6,0,8,0,3,1,5,4,40,1,9,9,1,0,0,1,1,0,0,99,99,99,99,99,99,0,0,0,0,1,6,0,260184,2430,2009,135,INKSTER,GLENWOOD,0000000,42.30320556,-83.310475,1,1
26,77,6,1,18,2,3,6,0,0,14,6,0,12,2,2,1,1,2,35,1,1,2,1,20,3,1,1,0,0,99,99,99,99,99,99,0,0,0,0,1,2,0,260185,4030,2009,25,OAKLAND,SCHURING,0000000,42.20830278,-85.61391111,3,1
26,149,6,1,22,0,2,4,1,0,4,4,0,12,8,1,1,1,2,55,1,1,2,2,0,0,2,2,0,0,22,14,22,28,99,99,0,0,0,0,1,2,1,260186,0,2009,113,FAWN RIVER,99999999999999999999,0000000,41.78148889,-85.38681389,2,2
26,125,3,7,2,26,1,2,0,0,16,4,0,35,0,1,6,1,2,25,2,3,2,1,0,0,2,1,0,0,2,26,2,30,99,99,0,20,0,0,1,7,1,260187,5210,2009,1,SUNNYBEACH,99999999999999999999,0000000,42.65489444,-83.46533333,1,1
26,1,4,26,0,52,1,2,1,1,2,2,0,8,0,1,1,1,4,55,1,2,2,2,0,0,2,2,0,0,1,0,1,15,99,99,0,0,0,0,1,1,1,260188,0,2009,223,US-23,99999999999999999999,0000000,44.81492222,-83.35852778,1,2
26,157,5,2,14,53,2,4,0,0,4,4,0,12,5,2,1,1,2,55,1,1,2,1,20,3,1,1,0,0,14,54,15,8,99,99,0,22,0,0,1,7,0,260189,0,2009,69,BIRCH RUN,IRISH,0000000,43.25198611,-83.55887778,2,1
26,163,5,1,13,10,2,2,0,1,12,3,0,13,2,1,1,3,3,55,1,1,1,1,0,0,1,1,0,0,13,16,13,22,99,99,0,0,0,0,1,6,0,260190,1210,2009,56,SR-39,99999999999999999999,0000000,42.30295278,-83.21061111,2,1
26,161,5,15,1,13,2,3,0,1,13,2,0,12,5,2,1,1,3,55,1,1,2,1,4,3,2,1,0,0,1,13,1,20,99,99,0,0,0,0,1,6,1,260191,0,2009,159,US-12,PLATT,0000000,42.19984722,-83.698975,2,1