STATE,COUNTY,MONTH,DAY,HOUR,MINUTE,VE_TOTAL,PERSONS,PEDS,NHS,ROAD_FNC,ROUTE,SP_JUR,HARM_EV,MAN_COLL,REL_JUNC,REL_ROAD,TRAF_FLO,NO_LANES,SP_LIMIT,ALIGNMNT,PROFILE,PAVE_TYP,SUR_COND,TRA_CONT,T_CONT_F,LGT_COND,WEATHER1,WEATHER2,WRK_ZONE,NOT_HOUR,NOT_MIN,ARR_HOUR,ARR_MIN,HOSP_HR,HOSP_MN,SCH_BUS,CF1,CF2,CF3,FATALS,DAY_WEEK,DRUNK_DR,ST_CASE,CITY,YEAR,MILEPT,TWAY_ID,TWAY_ID2,RAIL,LATITUDE,LONGITUD,VE_FORMS,WEATHER
26,125,5,15,17,19,1,3,0,1,11,1,0,36,0,1,4,3,4,70,1,1,1,1,0,0,1,1,0,0,17,20,17,36,99,99,0,0,0,0,1,6,0,260192,4340,2009,27,I-696,99999999999999999999,0000000,42.47501667,-83.14928333,1,1
26,75,5,18,8,15,1,1,0,0,14,3,0,1,0,1,6,1,2,55,2,2,2,1,0,0,1,1,0,0,8,15,8,18,88,88,0,22,0,0,1,2,0,260193,0,2009,132,SR-50,99999999999999999999,0000000,42.31544722,-84.45035833,1,1
26,49,5,19,22,15,1,4,1,1,13,3,0,8,0,1,1,1,4,50,1,1,2,1,0,0,2,1,0,0,22,17,22,18,88,88,0,0,0,0,1,3,0,260194,1931,2009,134,SR-54,99999999999999999999,0000000,43.08949722,-83.67453611,1,1
26,139,5,22,0,25,1,1,0,0,4,4,0,1,0,1,6,1,2,55,1,1,2,1,0,0,2,1,0,0,0,27,0,30,99,99,0,22,0,0,1,6,0,260195,88,2009,125,96TH,99999999999999999999,0000000,42.95017222,-86.02327222,1,1
26,21,5,24,5,8,2,3,0,0,3,3,0,12,5,2,1,5,4,55,1,1,2,2,4,3,3,1,0,0,5,8,5,16,99,99,0,0,0,0,1,1,1,260196,0,2009,91,SR-139,MINERS,0000000,42.04370278,-86.43526944,2,1
26,139,5,21,12,22,2,3,0,0,15,4,0,12,5,2,1,1,2,55,1,1,2,1,20,3,1,1,0,0,12,22,12,25,99,99,0,22,0,0,1,5,0,260197,2503,2009,50,8TH,QUINCY,0000000,42.84066667,-85.80236389,2,1
26,5,2,6,23,51,2,3,0,0,6,4,0,12,5,2,1,1,2,55,9,9,9,2,20,3,2,1,0,0,99,99,99,99,99,99,0,22,0,0,1,6,2,260198,1309,2009,50,21ST ST,108TH ST,0000000,42.76806111,-85.75211111,2,1
26,49,5,19,23,20,1,2,1,0,14,6,0,8,0,1,1,1,4,35,1,1,1,1,0,0,3,1,0,0,23,26,23,30,88,88,0,0,0,0,1,3,0,260199,1730,2009,39,MARTIN LUTHER KING,99999999999999999999,0000000,43.07260278,-83.70627222,1,1
26,49,5,19,21,41,2,4,1,0,14,4,0,8,0,1,1,1,4,35,1,1,2,1,0,0,3,1,0,0,21,43,21,47,88,88,0,0,0,0,1,3,0,260200,1730,2009,34,E ATHERTON RD,99999999999999999999,0000000,42.98928333,-83.64675833,2,1
26,163,5,30,19,26,2,2,0,0,14,4,0,1,0,2,1,1,2,50,1,9,9,1,3,3,1,1,0,0,99,99,99,99,99,99,0,0,0,0,1,7,0,260201,4295,2009,79,ECORSE RD,WAYNE CORSE RD,0000000,42.252175,-83.39330556,2,1
26,159,6,6,3,0,1,1,0,0,5,4,0,1,0,1,5,1,2,55,2,2,2,1,0,0,2,1,0,0,5,59,6,10,88,88,0,22,0,0,1,7,1,260202,0,2009,130,CR 384,99999999999999999999,0000000,42.37851944,-85.99455,1,1
26,163,3,20,21,32,2,3,0,0,13,4,0,12,3,1,1,5,4,45,1,9,2,1,0,0,3,1,0,0,21,32,21,39,99,99,0,0,0,0,1,6,0,260203,4571,2009,60,N ALLEN RD,99999999999999999999,0000000,42.18688333,-83.22830278,2,1
26,49,2,23,14,30,2,4,0,0,15,6,0,12,5,2,1,1,2,30,1,1,2,1,20,3,1,1,0,0,14,33,14,36,99,99,0,0,0,0,1,2,0,260204,1730,2009,11,FRANKLIN AVE,NEBRASKA AVE,0000000,43.02722778,-83.66484722,2,1
26,163,3,31,18,0,1,1,0,1,12,2,0,25,0,1,3,3,3,70,1,9,9,1,0,0,1,1,0,0,99,99,99,99,99,99,0,0,0,0,1,3,1,260205,0,2009,41,US-14,99999999999999999999,0000000,42.385175,-83.476525,1,1
26,165,5,15,13,22,2,2,0,1,2,3,0,12,5,3,1,5,3,55,1,2,2,1,0,0,1,1,0,0,13,23,13,26,99,99,0,0,0,0,1,6,0,260206,0,2009,283,SR-115,48 RD,0000000,44.19374444,-85.39541944,2,1
26,147,5,27,15,3,2,2,0,0,3,4,0,12,5,1,1,1,2,55,1,1,2,1,0,0,1,1,0,0,15,3,15,25,99,99,0,0,0,0,1,4,0,260207,0,2009,43,MARINE CITY HWY,99999999999999999999,0000000,42.72381944,-82.64593611,2,1
26,49,4,6,15,6,2,4,0,0,2,3,0,12,2,1,1,1,2,55,1,1,2,1,0,0,1,1,0,0,15,6,15,12,99,99,0,0,0,0,1,2,0,260208,195,2009,24,SR-15,99999999999999999999,0000000,42.90457778,-83.49759444,2,1
26,77,5,22,15,47,2,2,0,0,3,3,0,12,4,1,1,1,2,55,1,1,1,1,0,0,1,1,0,0,15,48,16,2,88,88,0,0,0,0,1,6,1,260210,0,2009,32,SR-96,99999999999999999999,0000000,42.31281389,-85.38158611,2,1
26,99,5,18,16,57,2,4,0,0,13,4,0,12,5,8,1,5,4,45,1,9,9,1,0,0,1,1,0,0,99,99,99,99,99,99,0,0,0,0,1,2,0,260211,919,2009,139,23 MILE,99999999999999999999,0000000,42.67443611,-82.82453333,2,1
26,125,3,2,16,50,2,2,0,1,1,1,0,12,3,1,1,2,3,70,1,1,2,1,0,0,1,1,0,0,16,51,16,59,99,99,0,0,0,0,1,2,0,260212,0,2009,381,I-75,99999999999999999999,0000000,42.77029722,-83.52072778,2,1
26,111,4,3,23,15,1,1,0,0,6,4,0,34,0,1,4,1,2,55,1,9,9,1,0,0,2,1,0,0,99,99,99,99,88,88,0,20,0,0,1,6,1,260213,1486,2009,42,WATER,99999999999999999999,0000000,43.77758611,-84.38712222,1,1
26,123,5,24,13,57,2,3,0,0,3,3,0,12,2,1,1,1,2,55,2,2,2,1,0,0,1,1,0,0,88,88,88,88,88,88,0,0,0,0,1,1,0,260214,0,2009,14,SR-37,99999999999999999999,0000000,43.44078333,-85.783375,2,1
26,93,5,27,0,13,1,1,0,0,6,4,0,37,0,1,6,1,2,55,1,1,5,2,0,0,2,1,0,0,0,16,0,20,99,99,0,22,0,0,1,4,1,260215,0,2009,1,GERMANY,99999999999999999999,0000000,42.71561389,-83.74141944,1,1
26,161,5,30,0,24,1,4,0,0,4,4,0,42,0,1,6,1,2,50,1,1,2,1,0,0,2,1,0,0,0,24,0,27,99,99,0,0,0,0,1,7,1,260216,0,2009,48,TEXTILE,99999999999999999999,0000000,42.20323333,-83.59072222,1,1
26,35,6,6,0,58,1,1,0,0,4,4,0,42,0,1,6,1,2,55,1,1,2,1,0,0,2,1,0,0,1,17,1,44,88,88,0,22,0,0,1,7,1,260217,0,2009,75,BAILEY LAKE,99999999999999999999,0000000,43.91868611,-84.64646111,1,1
26,87,6,10,12,56,1,1,0,0,6,4,0,1,0,1,1,1,2,55,2,2,2,1,0,0,1,1,0,0,12,57,13,9,88,88,0,22,0,0,1,4,0,260218,0,2009,14,PERO LAKE,99999999999999999999,0000000,43.09435556,-83.41891111,1,1
26,41,6,11,18,17,1,1,0,0,4,4,0,24,0,1,4,1,2,55,2,1,1,1,0,0,1,1,0,0,18,17,18,38,88,88,0,22,0,0,1,5,0,260220,0,2009,11,COUNTY RD 426 L,99999999999999999999,0000000,45.85095278,-87.14741667,1,1
26,77,6,13,2,30,1,1,0,1,11,1,0,1,0,1,2,3,3,70,1,1,1,1,0,0,2,1,0,0,2,35,2,41,88,88,0,0,0,0,1,7,1,260221,4030,2009,67,I-94,99999999999999999999,0000000,42.23782778,-85.64751944,1,1
26,17,6,14,19,16,1,1,0,0,4,4,0,34,0,1,4,1,2,55,1,1,2,1,0,0,1,1,0,0,19,16,19,22,99,99,0,22,0,0,1,1,1,260222,0,2009,35,W ANDERSON,99999999999999999999,0000000,43.75395278,-84.09740278,1,1
26,159,6,17,15,15,1,2,0,1,1,1,0,1,0,13,1,6,1,70,2,2,2,1,0,0,1,1,0,0,15,20,15,26,99,99,0,0,0,0,1,4,1,260223,0,2009,1,I-94 RAMP,99999999999999999999,0000000,42.19196944,-86.16414167,1,1
26,125,6,6,10,35,3,5,0,1,13,6,0,12,4,2,1,5,4,35,1,9,9,1,3,3,1,1,0,0,99,99,99,99,99,99,0,0,0,0,1,7,0,260224,4020,2009,10,WALTON,JOSLYN,0000000,42.67751389,-83.28087222,3,1
26,125,3,26,6,50,1,2,1,0,14,6,0,8,0,3,1,5,2,40,1,1,1,1,3,3,3,1,0,0,6,54,6,59,88,88,0,0,0,0,1,5,0,260225,1652,2009,10,HALSTED RD,NINE MILE RD,0000000,42.45411944,-83.41493056,1,1
26,11,4,15,16,22,1,1,0,1,2,2,0,29,0,1,4,5,4,55,2,2,2,1,0,0,1,1,0,0,16,23,16,27,88,88,0,0,0,0,1,4,0,260226,0,2009,32,US-23,99999999999999999999,0000000,43.95631667,-83.965775,1,1
26,33,5,25,19,42,1,1,0,0,3,3,0,42,0,1,6,1,2,55,1,9,9,1,0,0,1,1,0,0,99,99,99,99,88,88,0,0,0,0,1,2,1,260227,1250,2009,1,SR-134,99999999999999999999,0000000,45.98115833,-84.13343056,1,1
26,25,6,15,4,16,2,2,0,0,14,4,0,12,5,2,1,1,2,45,1,1,2,1,20,3,3,1,0,0,4,16,4,21,99,99,0,0,0,0,1,2,1,260228,310,2009,10,MORGAN RD,WAUBASCON RD,0000000,42.35518889,-85.21027778,2,1
26,5,6,3,17,48,2,2,0,0,13,3,0,12,2,1,1,5,4,45,1,9,9,1,0,0,1,1,0,0,99,99,99,99,88,88,0,0,0,0,1,4,0,260229,0,2009,107,SR-89,99999999999999999999,0000000,42.45403056,-85.68558611,2,1
26,161,6,5,22,50,1,3,1,0,4,4,0,9,0,1,1,1,2,55,1,1,2,1,0,0,2,1,0,0,22,55,23,0,99,99,0,22,0,0,1,6,0,260230,3582,2009,10,SEVEN MILE RD,99999999999999999999,0000000,42.41481389,-83.71883611,1,1
26,69,6,10,1,44,1,1,0,0,4,4,0,1,0,1,5,1,2,55,2,1,2,1,0,0,2,1,0,0,1,49,2,8,99,99,0,0,0,0,1,4,1,260231,0,2009,8,BROOKS RD,99999999999999999999,0000000,44.36764444,-83.50356111,1,1
26,15,3,2,13,55,2,3,0,0,14,4,0,12,5,2,1,1,2,55,1,1,2,1,20,3,1,1,0,0,13,59,14,10,99,99,0,22,0,0,1,2,0,260232,0,2009,30,CRESSEY,ENZIAN,0000000,42.42836667,-85.48414722,2,1
26,21,5,17,16,23,2,4,0,0,4,4,0,12,4,2,1,1,2,45,2,1,2,1,0,0,1,1,0,0,16,25,16,28,99,99,0,0,0,0,1,1,0,260233,0,2009,74,RED ARROW,CENTER,0000000,42.16370556,-86.34018056,2,1
26,123,6,4,11,41,1,1,0,0,4,4,0,1,0,1,6,1,2,35,2,9,9,1,0,0,1,1,0,0,99,99,99,99,99,99,0,0,0,0,1,5,0,260234,0,2009,16,BINGHAM,99999999999999999999,0000000,43.736375,-85.86,1,1
26,33,4,20,7,5,1,2,0,0,15,4,0,1,0,1,2,1,2,35,2,1,2,1,0,0,1,1,0,0,7,14,7,17,99,99,0,0,0,0,1,2,0,260235,2594,2009,6,CENTRAL AVE,99999999999999999999,0000000,46.25688056,-84.46008611,1,1
26,163,5,17,3,48,2,4,0,0,16,6,0,12,5,2,1,1,4,25,1,9,9,1,21,3,3,1,0,0,99,99,99,99,99,99,0,0,0,0,2,1,0,260236,1260,2009,7,GREENVIEW AVE,WHITLOCK ST,0000000,42.33967222,-83.22181667,2,1
26,161,6,18,7,27,1,1,0,1,12,2,0,27,0,1,3,2,2,70,1,1,1,1,0,0,1,1,0,0,7,35,7,40,88,88,0,0,0,0,1,5,0,260237,0,2009,119,US-23,99999999999999999999,0000000,42.25379444,-83.68399444,1,1
26,125,3,29,10,18,2,4,0,0,4,4,0,12,5,2,1,1,3,40,1,3,2,2,20,3,1,1,0,0,10,20,10,30,99,99,0,0,0,0,2,1,0,260238,0,2009,41,DAVISBURG,ORMOND,0000000,42.74999722,-83.55233333,2,1
26,161,5,28,12,35,3,4,0,1,13,2,0,12,5,2,1,5,4,45,1,1,1,1,3,3,1,1,0,0,12,36,12,40,99,99,0,0,0,0,1,5,0,260239,0,2009,171,US-12,CARPENTER,0000000,42.20846389,-83.67968611,3,1
26,77,5,20,12,28,1,2,1,0,15,4,0,9,0,1,1,1,2,45,1,9,9,1,0,0,1,1,0,0,99,99,99,99,99,99,0,16,0,0,1,4,0,260240,0,2009,14,N,99999999999999999999,0000000,42.24530833,-85.68020556,1,1
26,81,6,13,14,24,2,5,0,0,14,3,0,12,7,1,1,4,2,55,1,1,2,1,0,0,1,1,0,0,14,24,14,29,99,99,0,0,0,0,1,7,0,260241,0,2009,53,SR-37,99999999999999999999,0000000,43.12416667,-85.710225,2,1
26,9,6,16,14,44,3,4,0,0,3,3,0,12,8,1,1,1,2,55,2,9,9,1,0,0,1,1,0,0,99,99,99,99,99,99,0,22,0,0,1,3,0,260242,0,2009,76,SR-32,99999999999999999999,0000000,45.08424167,-84.93356389,3,1
26,163,5,14,4,45,3,4,0,1,11,1,0,12,1,1,1,2,3,70,1,1,1,2,0,0,2,1,0,0,99,99,99,99,99,99,0,0,0,0,1,5,0,260243,0,2009,3,I-275,99999999999999999999,0000000,42.09780833,-83.37790556,3,1
26,107,6,5,8,45,1,1,0,0,6,4,0,42,0,1,6,1,2,55,1,2,5,1,0,0,2,1,0,0,8,45,8,55,88,88,0,22,0,0,1,6,1,260244,0,2009,20,205TH,99999999999999999999,0000000,43.63835833,-85.49343889,1,1
26,47,1,13,11,15,1,4,0,1,2,2,0,48,0,1,4,1,2,55,2,9,9,3,0,0,1,1,0,0,99,99,99,99,88,88,0,0,0,0,1,3,0,260245,0,2009,231,US-31,99999999999999999999,0000000,45.61961944,-84.78093611,1,1
26,125,4,23,23,50,1,1,0,1,13,3,0,1,0,1,3,2,2,35,2,2,1,1,0,0,3,1,0,0,99,99,99,99,99,99,0,0,0,0,1,5,0,260246,4020,2009,8,SR-1,99999999999999999999,0000000,42.62935,-83.28845833,1,1
26,99,6,17,19,59,1,4,1,1,13,3,0,8,0,1,1,5,3,35,1,1,2,1,0,0,1,1,0,0,19,59,20,10,99,99,0,0,0,0,1,4,1,260247,850,2009,21,SR-53,99999999999999999999,0000000,42.47834722,-83.02735,1,1
26,125,6,5,13,21,1,1,0,0,16,4,0,35,0,1,6,1,2,55,2,2,4,9,0,0,9,9,0,0,13,21,99,99,88,88,0,22,0,0,1,6,0,260248,5210,2009,11,GRASS LAKE,99999999999999999999,0000000,42.66530278,-83.53914722,1,9
26,11,6,15,15,0,1,1,0,0,4,4,0,42,0,1,4,1,2,55,1,2,2,1,0,0,1,1,0,0,15,1,15,17,88,88,0,22,0,0,1,2,0,260249,0,2009,25,BISHOP RD,99999999999999999999,0000000,44.12035278,-83.96743333,1,1
26,31,6,21,16,11,1,1,0,0,3,4,0,24,0,1,4,1,2,55,2,1,2,1,0,0,1,1,0,0,16,14,16,22,88,88,0,0,0,0,1,1,0,260250,0,2009,27,RIGGSVILLE RD,99999999999999999999,0000000,45.55125556,-84.69337778,1,1
26,105,6,24,2,40,1,2,0,0,6,4,0,42,0,1,5,1,2,55,1,1,4,8,0,0,2,1,0,0,2,56,3,29,99,99,0,22,0,0,1,4,1,260251,0,2009,3,TAYLOR RD,99999999999999999999,0000000,43.99442778,-86.08038056,1,1
26,67,7,8,6,21,1,1,0,0,4,4,0,11,0,1,1,1,2,55,1,2,2,1,0,0,2,1,0,0,6,21,6,30,88,88,0,22,0,0,1,4,1,260252,0,2009,135,KEEFER HWY,99999999999999999999,0000000,42.965525,-84.95622222,1,1
26,49,5,14,19,41,3,5,0,0,13,3,0,13,2,1,1,5,4,35,1,1,1,1,0,0,1,1,0,0,19,47,19,50,99,99,0,0,0,0,1,5,0,260253,1730,2009,96,SR-21,99999999999999999999,0000000,43.00229444,-83.73880278,3,1
26,99,5,31,3,30,2,2,0,0,13,6,0,12,1,2,1,5,4,40,1,9,9,1,0,0,3,1,0,0,99,99,99,99,99,99,0,0,0,0,1,1,1,260254,5110,2009,59,SCHOENHERR,LOWE,0000000,42.53475833,-82.98883333,2,1
26,81,5,25,13,0,2,2,0,0,4,4,0,12,4,8,1,1,2,55,1,2,2,1,0,0,1,1,0,0,13,32,13,32,99,99,0,0,0,0,1,2,0,260255,0,2009,23,100TH,99999999999999999999,0000000,42.78291389,-85.74756111,2,1
26,125,6,19,17,30,1,1,0,0,14,4,0,34,0,1,4,1,2,50,2,2,2,1,0,0,1,1,0,0,17,33,17,40,88,88,0,0,0,0,1,6,0,260256,0,2009,13,MILFORD,99999999999999999999,0000000,42.74833611,-83.61632222,1,1
26,27,6,11,19,43,1,3,0,0,6,4,0,53,0,1,4,1,2,55,2,9,2,1,0,0,1,1,0,0,19,45,19,49,99,99,0,22,0,0,1,5,1,260257,0,2009,37,OSBORN,99999999999999999999,0000000,41.87896389,-85.954275,1,1
26,125,6,22,21,45,1,2,0,0,6,4,0,34,0,1,4,1,2,55,2,1,4,1,0,0,2,1,0,0,21,55,21,59,99,99,0,22,0,0,1,2,0,260258,0,2009,21,BALD EAGLE LAKE,99999999999999999999,0000000,42.80373056,-83.46611667,1,1
26,81,6,3,19,8,2,2,0,0,6,4,0,12,5,2,1,1,2,55,1,2,2,1,20,3,1,1,0,0,19,8,19,12,88,88,0,0,0,0,1,4,1,260259,0,2009,136,13 MILE,TEFFT,0000000,43.16111667,-85.52060833,2,1
26,43,6,15,6,3,1,1,0,0,3,2,0,11,0,1,1,5,4,55,1,1,2,1,0,0,1,1,0,0,6,4,6,16,88,88,0,0,0,0,1,2,0,260260,0,2009,104,US-2,99999999999999999999,0000000,45.79995,-87.94761667,1,1
26,157,6,14,14,0,2,2,0,0,3,3,0,12,2,1,1,1,2,55,1,1,2,1,0,0,1,1,0,0,14,5,14,13,99,99,0,0,0,0,1,1,0,260261,0,2009,3,SR-15,99999999999999999999,0000000,43.2266,-83.52544722,2,1
26,99,2,7,20,40,1,3,0,1,11,1,0,35,0,1,5,2,3,55,1,9,9,2,0,0,3,1,0,0,99,99,99,99,99,99,0,0,0,0,1,7,0,260262,4380,2009,11,I-94,99999999999999999999,0000000,42.46454722,-82.92164167,1,1
26,81,5,20,14,8,1,2,1,0,14,6,0,9,0,1,1,1,2,25,1,1,2,1,0,0,1,1,0,0,14,8,14,11,99,99,0,0,0,0,1,4,0,260263,2010,2009,15,BRIDGE ST,99999999999999999999,0000000,42.97082222,-85.6907,1,1
26,117,6,18,0,45,1,2,1,0,3,4,0,8,0,1,1,1,2,55,1,1,2,1,0,0,2,1,0,0,1,0,1,19,99,99,0,0,0,0,1,5,0,260265,0,2009,30,N FEDERAL RD,99999999999999999999,0000000,43.33349444,-85.48832778,1,1
26,17,6,19,18,29,2,2,0,0,4,4,0,12,2,1,1,1,2,55,1,1,1,1,0,0,1,1,0,0,18,32,18,37,99,99,0,20,0,0,1,6,1,260266,2543,2009,78,E BEAVER RD,99999999999999999999,0000000,43.66749444,-84.01114444,2,1
26,123,6,20,22,55,1,2,0,0,4,4,0,1,0,1,2,1,2,55,2,2,2,1,0,0,2,1,0,0,22,57,23,6,99,99,0,22,0,0,1,7,1,260267,0,2009,93,S WARNER AVE,99999999999999999999,0000000,43.34080556,-85.93678056,1,1
26,125,6,23,10,12,2,2,0,0,13,4,0,12,5,1,1,1,2,40,1,9,2,1,20,3,1,1,0,0,10,16,10,19,99,99,0,0,0,0,1,3,0,260268,4340,2009,55,GREENFIELD RD,99999999999999999999,0000000,42.52473889,-83.20404444,2,1
26,49,6,24,11,56,2,3,0,0,13,4,0,12,5,2,1,1,4,40,1,1,2,1,20,3,1,1,0,0,11,57,12,2,99,99,0,0,0,0,1,4,0,260269,686,2009,34,E BRISTOL RD,COLUMBINE AVE,0000000,42.97458889,-83.66601389,2,1
26,139,6,27,8,36,1,3,2,1,13,2,0,9,0,2,1,2,2,55,1,1,2,1,3,3,1,1,0,0,8,36,8,36,99,99,0,0,0,0,1,7,1,260270,0,2009,52,US-31,QUINCY ST,0000000,42.84109167,-86.09894722,1,1
26,125,4,25,16,45,2,2,0,1,1,1,0,12,1,1,1,2,3,70,1,1,1,1,0,0,1,1,0,0,16,47,99,99,88,88,0,0,0,0,1,7,1,260271,0,2009,292,I-75,99999999999999999999,0000000,42.73065278,-83.36992222,2,1
26,111,6,10,8,4,3,3,0,0,3,3,0,12,1,3,1,1,2,55,1,1,2,1,0,0,1,1,0,0,8,10,8,19,99,99,0,22,0,0,1,4,0,260272,1486,2009,53,SR-30,SHAFFER,0000000,43.75685278,-84.36770556,3,1
26,147,6,14,16,41,1,1,0,0,6,4,0,42,0,1,6,1,2,55,1,9,5,1,0,0,1,1,0,0,16,43,16,51,99,99,0,22,0,0,1,1,0,260273,2558,2009,21,PINE RIVER,99999999999999999999,0000000,42.91697778,-82.5632,1,1
26,91,6,15,19,23,2,2,0,0,3,2,0,12,5,2,1,1,2,55,1,1,2,1,20,3,1,1,0,0,19,23,19,28,99,99,0,0,0,0,1,2,0,260274,0,2009,51,US-127,US-223,0000000,42.03874444,-84.35065556,2,1
26,37,6,12,16,4,2,3,0,0,13,4,0,12,5,2,1,5,4,45,1,1,2,1,20,3,1,1,0,0,16,5,16,7,99,99,0,0,0,0,1,6,0,260275,0,2009,16,OLD 27,NORTHCREST,0000000,42.792725,-84.54281944,2,1
26,163,6,26,3,5,1,1,0,1,12,3,0,1,0,13,1,6,1,70,2,1,1,1,0,0,2,9,0,0,3,9,3,13,88,88,0,0,0,0,1,6,1,260276,0,2009,5,SR-14 RAMP,99999999999999999999,0000000,42.38375,-83.47740278,1,9
26,137,6,17,7,55,1,1,0,0,14,4,0,53,0,2,4,1,2,55,1,1,2,1,0,0,1,1,0,0,7,55,8,4,88,88,0,0,0,0,1,4,0,260277,0,2009,41,OLD 27,MANCELONA,0000000,44.91586111,-84.69467778,1,1
26,87,6,22,15,1,2,3,0,0,4,4,0,12,2,2,1,1,2,55,1,1,1,1,0,0,1,1,0,0,15,8,15,25,99,99,0,0,0,0,1,2,0,260278,0,2009,46,WASHBURN,FARRAND,0000000,43.19445278,-83.46028056,2,1
26,81,6,28,21,50,1,1,0,1,12,2,0,1,0,1,1,3,3,70,1,1,1,1,0,0,3,1,0,1,21,51,21,51,99,99,0,0,0,0,1,1,0,260279,5089,2009,171,US-131,99999999999999999999,0000000,42.96097778,-85.67520556,1,1
26,163,5,5,17,23,1,1,0,0,16,6,0,1,0,1,1,1,2,25,1,1,1,1,0,0,1,1,0,0,17,26,17,30,99,99,0,0,0,0,1,3,0,260280,4571,2009,12,N BURNS ST,99999999999999999999,0000000,42.21681111,-83.19068611,1,1
26,21,7,19,13,19,1,1,0,0,15,4,0,53,0,1,4,1,2,55,1,1,2,1,0,0,1,1,0,0,13,19,13,25,88,88,0,0,0,0,1,1,0,260281,0,2009,130,CLEVELAND AVE,99999999999999999999,0000000,41.94641944,-86.49463056,1,1
26,17,5,4,14,26,1,1,0,0,13,3,0,33,0,1,4,5,4,50,1,1,2,1,0,0,1,1,0,0,14,26,14,32,99,99,0,0,0,0,1,2,0,260282,0,2009,83,SR-13,99999999999999999999,0000000,43.65116389,-83.94264722,1,1
26,163,3,9,11,45,2,2,0,1,13,3,0,12,5,7,1,2,4,40,1,9,9,1,0,0,1,1,0,0,99,99,99,99,99,99,0,0,0,0,1,2,0,260283,2165,2009,1,SR-102,99999999999999999999,0000000,42.44971389,-82.93315278,2,1
26,81,4,17,18,49,1,2,1,0,6,4,0,8,0,1,2,1,2,55,1,9,9,1,0,0,1,1,0,0,99,99,99,99,88,88,0,0,0,0,1,6,1,260284,691,2009,15,108TH,99999999999999999999,0000000,42.76828056,-85.75383889,1,1
26,83,6,27,20,18,2,5,0,1,2,2,0,12,2,1,1,1,2,45,2,2,2,1,0,0,1,1,0,0,20,23,99,99,99,99,0,0,0,0,1,7,0,260285,0,2009,194,US-41,99999999999999999999,0000000,47.38138056,-88.29668889,2,1
26,163,6,30,15,32,2,1,0,0,16,6,0,5,0,8,1,1,2,25,1,1,1,1,0,0,1,1,0,0,15,34,15,36,99,99,0,0,0,0,1,3,0,260286,5176,2009,1,WESTLAND,99999999999999999999,0000000,42.33091667,-83.37373056,1,1
26,91,6,28,20,58,1,3,2,0,6,4,0,8,0,1,4,1,2,55,1,1,2,1,0,0,1,1,0,0,21,0,21,7,99,99,0,0,0,0,1,1,1,260287,0,2009,41,BILLMYER,99999999999999999999,0000000,42.058725,-83.90816667,1,1
26,125,6,28,22,14,1,4,1,0,13,3,0,8,0,3,1,1,4,35,1,9,9,1,0,0,3,1,0,0,99,99,99,99,99,99,0,0,0,0,1,1,0,260288,4020,2009,9,SR-75BL,BEACH,0000000,42.64845,-83.28676389,1,1
26,163,7,9,12,33,1,5,0,0,14,4,0,10,0,6,1,1,2,45,1,2,2,1,62,3,1,1,0,0,12,35,12,38,88,88,0,0,0,0,5,5,0,260289,738,2009,78,HANNAN,99999999999999999999,545191U,42.27121111,-83.42687222,1,1
26,139,7,9,16,55,2,4,0,0,6,4,0,12,5,2,1,1,2,55,1,1,2,1,20,3,1,1,0,0,16,55,17,0,99,99,0,22,0,0,2,5,0,260290,0,2009,71,64TH,BARRY,0000000,42.86360833,-85.94028333,2,1
26,145,7,10,18,10,2,4,1,1,11,1,0,12,1,1,2,2,3,70,1,1,1,1,0,0,1,1,0,0,18,16,18,30,99,99,0,0,0,0,1,6,0,260291,0,2009,218,I-75,99999999999999999999,0000000,43.49907222,-83.93003333,2,1
26,163,5,9,5,35,2,3,0,1,13,6,0,12,5,2,1,1,4,30,1,9,9,1,3,3,4,1,0,0,99,99,99,99,99,99,0,0,0,0,1,7,1,260292,1260,2009,20,E WARREN,ST AUBIN,0000000,42.3644,-83.04433333,2,1
26,37,6,20,20,29,2,3,0,0,4,4,0,12,5,2,1,1,2,55,1,1,2,1,20,3,1,1,0,0,20,32,20,39,99,99,0,0,0,0,1,7,0,260293,0,2009,131,S FRANCIS RD,W PARK RD,0000000,42.97246944,-84.66069722,2,1
26,101,6,27,20,5,2,3,0,0,3,3,0,12,1,1,1,1,2,55,1,1,2,2,0,0,1,1,0,0,20,5,20,14,88,88,0,0,0,0,1,7,1,260294,0,2009,153,SR-55,99999999999999999999,0000000,44.22897222,-86.01631944,2,1
26,37,7,6,5,5,1,2,1,1,12,2,0,8,0,1,1,1,2,70,1,1,1,1,0,0,2,1,0,0,5,10,5,25,88,88,0,19,0,0,1,2,0,260295,0,2009,31,US-127,99999999999999999999,0000000,42.81486667,-84.54286389,1,1
26,145,7,17,2,1,1,1,0,1,13,3,0,42,0,1,6,1,2,55,1,1,2,1,0,0,2,1,0,0,2,10,2,20,88,88,0,0,0,0,1,6,1,260296,0,2009,66,SR-46,99999999999999999999,0000000,43.41435278,-83.83833611,1,1
26,67,7,21,15,7,1,3,0,1,1,1,0,37,0,1,6,2,4,70,1,2,1,1,0,0,1,1,0,0,15,7,15,27,99,99,0,0,0,0,1,3,0,260297,0,2009,38,I-96,99999999999999999999,0000000,42.87949167,-85.23798056,1,1