STATE,COUNTY,MONTH,DAY,HOUR,MINUTE,VE_TOTAL,PERSONS,PEDS,NHS,ROAD_FNC,ROUTE,SP_JUR,HARM_EV,MAN_COLL,REL_JUNC,REL_ROAD,TRAF_FLO,NO_LANES,SP_LIMIT,ALIGNMNT,PROFILE,PAVE_TYP,SUR_COND,TRA_CONT,T_CONT_F,LGT_COND,WEATHER1,WEATHER2,WRK_ZONE,NOT_HOUR,NOT_MIN,ARR_HOUR,ARR_MIN,HOSP_HR,HOSP_MN,SCH_BUS,CF1,CF2,CF3,FATALS,DAY_WEEK,DRUNK_DR,ST_CASE,CITY,YEAR,MILEPT,TWAY_ID,TWAY_ID2,RAIL,LATITUDE,LONGITUD,VE_FORMS,WEATHER
26,81,7,14,21,30,1,1,0,0,15,4,0,18,0,1,1,1,3,25,1,9,9,1,0,0,5,1,0,0,99,99,99,99,99,99,0,0,0,0,1,3,1,260298,840,2009,139,S MAIN ST NE,99999999999999999999,0000000,43.21626667,-85.55115833,1,1
26,163,6,12,14,21,3,3,0,1,12,3,0,13,4,1,1,2,3,70,1,1,1,1,0,0,1,1,0,0,14,25,14,27,88,88,0,0,0,0,2,6,0,260299,0,2009,31,SR-14,99999999999999999999,0000000,42.38295833,-83.49545,3,1
26,15,6,20,2,15,1,1,0,0,4,4,0,42,0,1,6,1,2,40,2,1,2,2,0,0,2,1,0,0,2,18,2,29,88,88,0,0,0,0,1,7,1,260300,0,2009,17,ORCHARD,99999999999999999999,0000000,42.50556389,-85.383125,1,1
26,45,6,23,13,51,2,3,0,0,14,3,0,42,0,1,6,1,2,35,1,9,2,1,0,0,1,1,0,0,13,52,13,54,99,99,0,0,0,0,1,3,0,260301,1460,2009,54,SR-50,99999999999999999999,0000000,42.49763611,-84.65703333,2,1
26,163,7,12,22,44,1,1,0,1,11,1,0,43,0,1,6,3,3,55,2,1,1,1,0,0,3,1,0,0,99,99,99,99,99,99,0,0,0,0,1,1,0,260302,2165,2009,384,I-94,99999999999999999999,0000000,42.45101944,-82.91764722,1,1
26,163,7,14,10,15,2,2,0,0,15,4,0,12,5,2,1,1,2,50,1,1,2,1,20,3,1,1,0,0,10,19,10,23,88,88,0,0,0,0,1,3,0,260303,0,2009,10,5 MILE,RIDGE,0000000,42.39351389,-83.52978333,2,1
26,111,7,12,5,0,1,1,0,1,12,2,0,42,0,1,6,2,2,70,2,9,9,1,0,0,2,1,0,0,88,88,88,88,88,88,0,0,0,0,1,1,1,260304,3240,2009,171,US-10,99999999999999999999,0000000,43.6573,-84.31573333,1,1
26,125,7,9,17,55,4,7,0,1,11,1,0,12,7,1,1,3,3,70,1,1,1,1,0,0,1,1,0,0,18,0,18,6,18,26,0,0,0,0,1,5,0,260305,2935,2009,58,I-75,99999999999999999999,0000000,42.55611389,-83.11783889,4,1
26,149,7,25,1,5,2,2,0,0,3,3,0,12,1,1,1,1,2,55,1,1,2,1,0,0,2,1,0,0,1,8,1,15,88,88,0,0,0,0,1,7,1,260306,0,2009,27,SR-60,99999999999999999999,0000000,41.98608333,-85.56551389,2,1
26,163,3,28,19,18,3,4,0,0,13,3,0,12,5,2,1,1,6,35,1,9,9,1,3,3,1,1,0,0,99,99,99,99,99,99,0,20,0,0,1,7,0,260307,1260,2009,96,SR-96,MCGRAW,0000000,42.35335556,-83.10090556,3,1
26,149,5,22,9,18,1,1,0,0,16,6,0,42,0,1,6,1,2,25,1,9,9,1,0,0,1,1,0,0,99,99,99,99,99,99,0,0,0,0,1,6,0,260308,4870,2009,20,FIFTH ST,99999999999999999999,0000000,41.92682222,-85.62782778,1,1
26,163,5,14,23,45,2,3,0,0,15,6,0,12,1,1,1,2,3,30,1,9,9,1,0,0,3,1,0,0,99,99,99,99,99,99,0,0,0,0,2,5,0,260309,1260,2009,7,CHRYSLER SERVICE DR,99999999999999999999,0000000,42.38336667,-83.06538056,2,1
26,93,6,1,17,33,2,2,0,0,3,4,0,12,2,1,1,1,2,55,2,9,9,1,0,0,1,1,0,0,99,99,99,99,99,99,0,22,0,0,1,2,0,260310,0,2009,34,PICKNEY RD,99999999999999999999,0000000,42.51875278,-83.9319,2,1
26,163,3,7,14,45,2,2,0,1,13,2,0,12,5,2,1,5,4,35,1,9,9,2,3,3,1,2,0,0,99,99,99,99,99,99,0,0,0,0,1,7,0,260311,1260,2009,20,US-12,WEIR,0000000,42.32869167,-83.15343056,2,2
26,163,6,8,10,56,1,1,0,0,13,4,0,27,0,1,4,5,4,40,1,1,1,2,0,0,1,2,0,0,99,99,99,99,99,99,0,0,0,0,1,2,0,260312,5176,2009,119,WARREN RD,99999999999999999999,0000000,42.34021389,-83.32297778,1,2
26,163,3,19,0,22,1,1,0,1,13,3,0,33,0,1,4,4,3,30,1,9,9,1,0,0,3,1,0,0,99,99,99,99,99,99,0,0,0,0,1,5,1,260313,1260,2009,126,SR-10,99999999999999999999,0000000,42.32894167,-83.04436667,1,1
26,93,6,27,1,52,1,4,0,0,15,4,0,34,0,1,6,1,2,55,2,1,2,1,0,0,2,1,0,0,1,54,2,5,99,99,0,22,0,0,3,7,1,260314,0,2009,24,HACKER RD,99999999999999999999,0000000,42.59271111,-83.80046944,1,1
26,163,3,28,0,5,2,1,0,1,13,2,0,14,1,1,4,5,3,40,1,9,9,1,0,0,3,1,0,0,99,99,99,99,99,99,0,0,0,0,1,7,1,260315,1260,2009,25,US-12,99999999999999999999,0000000,42.33038611,-83.14516944,1,1
26,93,6,29,15,39,2,3,0,0,4,4,0,12,2,1,1,1,2,55,1,9,9,1,0,0,1,1,0,0,99,99,99,99,99,99,0,22,0,0,1,2,1,260316,0,2009,32,OAK GROVE RD,99999999999999999999,0000000,42.76994444,-83.94171111,2,1
26,163,4,23,18,30,1,4,1,0,13,6,0,8,0,1,1,1,2,35,1,9,9,1,0,0,1,1,0,0,99,99,99,99,99,99,0,0,0,0,1,5,0,260317,1260,2009,253,MCNICHOLS,99999999999999999999,0000000,42.4188,-83.05668333,1,1
26,163,4,29,4,15,2,3,0,1,13,3,0,12,5,2,1,5,6,35,1,9,9,1,3,3,3,1,0,0,99,99,99,99,99,99,0,0,0,0,2,4,2,260318,1260,2009,25,SR-3,MT ELLIOTT,0000000,42.36493333,-83.02391667,2,1
26,125,6,4,18,45,1,1,0,0,15,4,0,43,0,1,6,1,2,25,1,9,9,1,0,0,1,1,0,0,99,99,99,99,99,99,0,0,0,0,1,5,0,260319,510,2009,31,LONE PINE,99999999999999999999,0000000,42.56709444,-83.26310833,1,1
26,109,7,8,11,40,1,1,0,0,2,3,0,11,0,1,1,1,2,55,1,1,2,1,0,0,1,1,0,0,11,43,12,4,99,99,0,0,0,0,1,4,0,260320,0,2009,114,SR-35,99999999999999999999,0000000,45.26068611,-87.47653611,1,1
26,163,5,4,19,25,1,1,0,0,16,6,0,1,0,1,1,1,2,25,2,9,9,1,0,0,1,1,0,0,99,99,99,99,99,99,0,0,0,0,1,2,0,260321,1260,2009,1,GLENWOOD,99999999999999999999,0000000,42.43061667,-82.95849444,1,1
26,73,7,11,22,9,1,1,0,0,4,4,0,34,0,1,6,1,2,55,2,1,2,1,0,0,2,1,0,0,22,10,22,30,88,88,0,22,0,0,1,7,1,260322,0,2009,113,N COLDWATER RD,99999999999999999999,0000000,43.66938611,-84.97786389,1,1
26,163,5,11,1,39,2,2,0,0,14,6,0,12,5,2,1,4,2,25,1,9,9,1,3,3,3,1,0,0,99,99,99,99,99,99,0,0,0,0,1,2,0,260323,1260,2009,5,EDSEL SERVICE DR,CHALMERS,0000000,42.40344722,-82.96407222,2,1
26,81,7,12,3,7,1,2,1,0,16,6,0,9,0,3,1,2,3,25,1,1,1,1,3,3,3,1,0,0,3,9,3,13,99,99,0,0,0,0,1,1,1,260324,2010,2009,3,BR 131,CHERRY ST SW,0000000,42.95983333,-85.67263056,1,1
26,75,7,11,23,27,1,1,0,1,11,1,0,1,0,1,1,2,3,70,1,1,2,1,0,0,2,1,0,0,23,31,99,99,88,88,0,0,0,0,1,7,0,260325,2764,2009,209,I-94,99999999999999999999,0000000,42.27866111,-84.31125,1,1
26,163,5,14,18,35,2,2,0,0,16,6,0,12,5,2,1,1,4,30,1,9,9,1,20,3,1,1,0,0,99,99,99,99,99,99,0,0,0,0,1,5,0,260326,1260,2009,28,CHALFONTE,MEYER,0000000,42.40002778,-83.16926389,2,1
26,147,6,26,13,51,2,4,0,0,13,3,0,12,2,1,1,1,2,50,1,1,1,1,0,0,1,1,0,0,14,0,99,99,99,99,0,0,0,0,1,6,0,260327,1758,2009,46,SR-25,99999999999999999999,0000000,43.06087778,-82.45983889,2,1
26,25,7,25,3,36,1,1,0,0,4,4,0,42,0,1,6,1,2,55,1,1,1,1,0,0,2,1,0,0,3,36,3,44,88,88,0,0,0,0,1,7,1,260328,0,2009,44,25 1/2 MILE RD,99999999999999999999,0000000,42.20146111,-84.80245833,1,1
26,163,6,7,17,0,1,2,0,0,14,6,0,33,0,1,4,1,2,25,2,9,9,1,0,0,5,1,0,0,99,99,99,99,99,99,0,0,0,0,1,1,0,260329,1260,2009,37,DICKERSON,99999999999999999999,0000000,42.41952778,-82.98368333,1,1
26,151,7,17,14,48,1,2,0,0,6,4,0,1,0,1,1,1,2,55,1,2,4,2,0,0,1,1,0,0,14,57,15,4,99,99,0,22,0,0,1,6,1,260330,167,2009,40,STONE,99999999999999999999,0000000,43.55136389,-82.89558056,1,1
26,75,7,20,8,42,1,1,0,0,4,4,0,42,0,1,6,1,2,55,2,1,2,9,0,0,1,1,0,0,8,45,99,99,88,88,0,0,0,0,1,2,0,260331,2764,2009,43,N PORTAGE RD,99999999999999999999,0000000,42.24853333,-84.26961111,1,1
26,81,7,21,12,20,1,1,0,1,12,3,0,7,0,1,3,2,2,70,1,1,1,1,0,0,1,1,0,0,12,22,99,99,88,88,0,0,0,0,1,3,0,260332,0,2009,23,SR-6,99999999999999999999,0000000,42.85282778,-85.73882222,1,1
26,7,7,23,1,20,1,1,0,0,6,4,0,42,0,1,6,1,2,55,2,1,4,1,0,0,2,1,0,0,1,23,1,36,88,88,0,22,0,0,1,5,1,260333,0,2009,2,LAKE WINYAH,99999999999999999999,0000000,45.09906389,-83.52924722,1,1
26,151,7,30,13,9,2,2,0,0,4,4,0,12,5,2,1,1,2,55,1,1,2,1,20,3,1,1,0,0,12,59,13,7,88,88,0,0,0,0,1,5,0,260334,0,2009,99,PECK,MELVIN,0000000,43.25761111,-82.86673889,2,1
26,163,7,13,13,50,1,2,1,1,13,6,0,15,0,3,1,2,2,30,1,9,9,1,3,3,1,1,0,0,99,99,99,99,99,99,0,0,0,0,1,2,1,260336,1260,2009,72,WARREN,BRUSH,0000000,42.35881389,-83.06003056,1,1
26,163,7,26,19,9,2,2,0,1,11,1,0,12,7,1,1,2,3,70,9,9,9,1,0,0,1,1,0,0,99,99,99,99,88,88,0,0,0,0,1,1,0,260337,4295,2009,91,I-275,99999999999999999999,0000000,42.21238611,-83.40475,2,1
26,163,7,28,12,17,1,4,1,0,16,6,0,33,0,1,4,1,2,25,2,1,1,1,0,0,1,1,0,0,12,21,12,26,99,99,0,0,0,0,3,3,0,260338,4295,2009,1,GATEWAY DR,99999999999999999999,0000000,42.26632222,-83.36238889,1,1
26,163,7,17,18,50,2,1,0,0,13,4,0,14,5,1,6,5,4,99,1,9,9,1,0,0,1,1,0,0,99,99,99,99,99,99,0,0,0,0,1,6,1,260339,4166,2009,139,PLYMOUTH RD,99999999999999999999,0000000,42.37103056,-83.28375,1,1
26,77,5,23,5,15,1,1,0,0,14,4,0,42,0,1,6,1,2,45,2,1,2,1,0,0,2,1,0,0,5,14,5,24,88,88,0,0,0,0,1,7,1,260340,0,2009,25,W O AVE,99999999999999999999,0000000,42.23004167,-85.67765278,1,1
26,77,6,23,8,3,2,4,0,0,6,4,0,12,5,2,1,1,2,55,1,1,2,1,20,3,1,1,0,0,8,4,99,99,99,99,0,0,0,0,1,3,0,260341,0,2009,20,E YZ AVE,S 31ST ST,0000000,42.07835,-85.46009167,2,1
26,163,6,2,22,40,1,4,1,1,13,6,0,8,0,3,1,5,3,30,1,9,9,1,0,0,3,1,0,0,99,99,99,99,99,99,0,0,0,0,1,3,0,260342,1260,2009,56,LIVERNOIS,WEBB,0000000,42.37433889,-83.13905556,1,1
26,71,7,6,9,13,2,2,0,1,2,2,0,12,2,1,1,1,2,55,1,1,2,1,0,0,1,1,0,0,9,15,9,20,99,99,0,0,0,0,1,2,0,260343,0,2009,122,US-2,99999999999999999999,0000000,46.09280278,-88.40833333,2,1
26,161,7,10,3,22,1,1,0,0,4,4,0,37,0,1,6,1,2,45,2,3,2,1,0,0,2,1,0,0,3,22,3,28,99,99,0,0,0,0,1,6,1,260344,0,2009,46,LIBERTY,99999999999999999999,0000000,42.27025833,-83.807875,1,1
26,81,7,20,13,39,1,1,0,1,12,3,0,21,0,1,6,2,2,70,1,1,2,1,0,0,1,1,0,0,13,41,13,46,88,88,0,0,0,0,1,2,0,260345,0,2009,123,SR-6,99999999999999999999,0000000,42.84955556,-85.54598889,1,1
26,35,8,4,8,42,2,2,0,0,4,3,0,12,5,2,1,1,2,30,1,1,2,1,20,3,1,1,0,0,8,45,8,48,99,99,0,0,0,0,1,3,0,260346,2180,2009,6,SR-27BR,FAIRLANE,0000000,44.02729444,-84.80441111,2,1
26,11,5,23,18,7,1,1,0,0,3,3,0,1,0,1,6,1,2,55,1,1,1,1,0,0,1,1,0,0,18,8,18,25,99,99,0,0,0,0,1,7,1,260347,0,2009,90,SR-76,99999999999999999999,0000000,44.07843056,-84.08794444,1,1
26,49,5,19,19,8,1,3,1,0,14,4,0,8,0,1,1,5,4,55,1,1,2,1,0,0,1,1,0,0,19,9,19,10,99,99,0,0,0,0,1,3,0,260348,0,2009,50,S IRISH,99999999999999999999,0000000,42.96119444,-83.55483333,1,1
26,43,7,2,0,43,1,1,0,0,15,4,0,27,0,1,4,1,2,25,1,1,2,1,20,3,2,1,0,0,0,43,0,53,88,88,0,0,0,0,1,5,1,260349,0,2009,55,LINCOLN ST,99999999999999999999,0000000,45.80294444,-87.98714167,1,1
26,81,7,6,13,30,2,2,0,0,14,6,0,12,5,2,1,1,2,30,1,2,2,1,20,3,1,1,0,0,13,36,13,40,99,99,0,0,0,0,1,2,0,260350,2010,2009,31,DIAMOND AVE NE,KNAPP ST NE,0000000,42.99895278,-85.64486389,2,1
26,25,7,9,8,55,1,1,0,1,11,1,0,34,0,13,5,6,1,70,2,1,2,1,0,0,1,1,0,0,99,99,99,99,99,99,0,0,0,0,1,5,0,260351,310,2009,1,I-96 RAMP 104C,99999999999999999999,0000000,42.30014167,-85.07831667,1,1
26,79,7,18,0,5,1,3,0,0,5,4,0,1,0,1,1,1,2,55,2,1,5,1,0,0,2,1,0,0,0,15,0,30,99,99,0,0,0,0,1,7,1,260352,0,2009,11,EAST RD,99999999999999999999,0000000,44.62180278,-85.12815833,1,1
26,49,7,18,20,27,2,4,0,1,13,3,0,12,5,2,1,1,4,30,1,1,1,1,3,3,1,1,0,0,20,30,20,35,99,99,0,0,0,0,1,7,1,260353,1730,2009,62,SR-21,S GRAND TRAVERSE,0000000,43.01079444,-83.69165833,2,1
26,79,7,25,0,14,1,2,0,0,5,4,0,1,0,1,2,1,2,55,1,1,4,2,0,0,2,1,0,0,99,99,0,35,88,88,0,0,0,0,1,7,1,260354,0,2009,84,SUNSET TRL,99999999999999999999,0000000,44.71295833,-84.97625556,1,1
26,137,7,28,10,39,2,2,0,1,2,3,0,12,5,1,1,1,2,55,1,2,2,1,0,0,1,1,0,0,10,41,10,47,99,99,0,0,0,0,1,3,0,260356,1542,2009,81,SR-32,99999999999999999999,0000000,45.02758056,-84.73935,2,1
26,75,7,12,16,5,1,4,0,0,6,4,0,5,0,1,1,1,2,55,1,9,2,1,0,0,1,1,0,0,99,99,99,99,99,99,0,0,0,0,1,1,1,260357,4448,2009,7,GARDNER RD,99999999999999999999,0000000,42.28686667,-84.55200556,1,1
26,115,7,7,17,36,1,2,1,0,14,6,0,30,0,1,6,1,3,30,1,1,2,1,0,0,1,1,0,0,17,38,17,41,99,99,0,0,0,0,1,3,1,260358,3320,2009,203,ELM,99999999999999999999,0000000,41.92215833,-83.40743056,1,1
26,81,7,18,7,59,2,2,0,0,14,6,0,12,4,2,1,5,4,30,1,1,2,1,3,3,1,1,0,0,7,59,8,3,99,99,0,0,0,0,1,7,0,260359,5319,2009,15,32ND,DIVISION,0000000,42.90586667,-85.66563611,2,1
26,155,7,23,17,31,1,1,0,0,6,6,0,18,0,1,6,1,2,25,1,9,9,1,20,3,1,1,0,0,99,99,99,99,99,99,0,0,0,0,1,5,0,260360,3910,2009,3,E SECOND ST,99999999999999999999,0000000,42.82521667,-84.21651667,1,1
26,27,7,26,6,30,1,1,0,0,16,4,0,16,0,1,1,1,2,45,1,9,9,1,0,0,4,1,0,0,99,99,99,99,88,88,0,0,0,0,1,1,0,260361,0,2009,10,IRONWOOD DR,99999999999999999999,0000000,41.78208056,-86.22008056,1,1
26,141,8,6,23,30,1,1,0,0,6,4,0,1,0,1,2,1,2,55,2,2,5,1,0,0,2,1,0,0,23,45,0,13,88,88,0,22,0,0,1,5,1,260362,0,2009,9,LAKE EMMA RD,99999999999999999999,0000000,45.23718333,-83.98109167,1,1
26,125,7,20,1,53,2,5,0,1,11,1,0,12,1,15,1,2,4,70,1,1,1,1,0,0,3,1,0,0,1,54,2,0,99,99,0,0,0,0,1,2,2,260363,4340,2009,4,I-696,99999999999999999999,0000000,42.47599167,-83.13577778,2,1
26,81,7,24,21,40,2,2,0,1,13,3,0,12,2,1,1,1,3,55,1,2,2,1,0,0,5,1,0,0,21,40,21,47,99,99,0,0,0,0,1,6,1,260364,5089,2009,58,SR-11,99999999999999999999,0000000,42.92475556,-85.773525,2,1
26,125,7,24,23,22,2,3,0,1,12,3,0,14,1,15,8,2,3,70,1,1,1,1,0,0,2,1,0,0,23,28,23,28,88,88,0,0,0,0,2,6,0,260365,3628,2009,35,SR-5,99999999999999999999,0000000,42.50402778,-83.44639722,1,1
26,93,7,13,11,30,2,2,0,0,13,4,0,12,5,2,1,5,4,50,1,9,9,1,20,3,1,1,0,0,99,99,99,99,99,99,0,0,0,0,1,2,0,260366,0,2009,191,GRAND RIVER,PLESS,0000000,42.56858611,-83.81278889,2,1
26,163,7,17,15,25,3,3,0,0,15,4,0,12,5,2,1,1,2,50,1,1,2,1,20,3,1,1,0,0,15,26,15,30,99,99,0,0,0,0,1,6,0,260367,0,2009,10,FIVE MILE,RIDGE,0000000,42.39352778,-83.529825,3,1
26,49,8,2,23,47,1,1,0,0,14,6,0,30,0,1,6,5,2,25,2,9,9,1,0,0,3,1,0,0,99,99,99,99,99,99,0,0,0,0,1,1,1,260368,1730,2009,9,UNIVERSITY,99999999999999999999,0000000,43.01068056,-83.71876111,1,1
26,121,8,10,13,14,2,3,0,0,14,4,0,12,5,10,1,5,4,45,1,9,9,1,3,3,1,1,0,0,99,99,99,99,99,99,0,0,0,0,1,2,0,260369,0,2009,59,SHERMAN,N US31/SHERMAN RAMP,0000000,43.20502778,-86.20334444,2,1
26,5,1,17,22,32,2,5,0,0,2,3,0,12,4,1,1,1,2,55,1,9,9,3,0,0,2,4,0,0,99,99,99,99,99,99,0,22,0,0,2,7,0,260370,0,2009,88,SR-40,99999999999999999999,0000000,42.61668611,-85.96188056,2,4
26,81,7,2,5,1,1,2,1,1,13,3,0,8,0,1,1,5,4,45,1,1,2,1,0,0,2,1,0,0,5,1,99,99,88,88,0,0,0,0,1,5,0,260371,2553,2009,173,SR-11,99999999999999999999,0000000,42.91252778,-85.556525,1,1
26,21,7,14,22,0,1,2,0,0,4,4,0,11,0,1,1,1,2,45,1,1,1,1,0,0,2,1,0,0,99,99,99,99,99,99,0,0,0,0,1,3,0,260372,0,2009,26,STEVENSVILLE BARODA,99999999999999999999,0000000,41.99142778,-86.50501667,1,1
26,163,7,20,21,45,1,2,1,0,13,6,0,8,0,1,1,5,4,40,1,9,2,1,0,0,3,1,0,0,21,46,21,49,88,88,0,0,0,0,1,2,0,260373,2850,2009,186,MIDDLEBELT,99999999999999999999,0000000,42.38619167,-83.333875,1,1
26,125,7,25,17,35,2,2,0,1,13,3,0,12,5,7,1,3,3,45,1,1,2,1,3,3,1,1,0,1,17,47,17,51,99,99,0,0,0,0,1,7,0,260374,4340,2009,107,SR-1,WASHINGTON,0000000,42.47675,-83.14654722,2,1
26,87,8,9,12,10,1,2,0,0,4,4,0,11,0,1,1,1,2,55,1,1,2,1,0,0,1,1,0,0,12,12,12,19,99,99,0,22,0,0,1,1,0,260375,0,2009,14,LUM,99999999999999999999,0000000,43.09825556,-83.19274722,1,1
26,35,8,13,14,55,1,1,0,0,4,4,0,11,0,1,1,1,2,55,1,1,2,1,0,0,1,1,0,0,15,2,15,6,99,99,0,22,0,0,1,5,0,260376,0,2009,26,BRINGOLD,99999999999999999999,0000000,44.00175278,-84.94907778,1,1
26,81,5,15,1,13,1,1,0,0,16,6,0,33,0,3,4,1,2,25,1,2,2,1,20,3,3,1,0,0,1,15,1,19,88,88,0,0,0,0,1,6,1,260377,2010,2009,7,PLEASANT,UNION,0000000,42.95149167,-85.65416667,1,1
26,15,3,19,18,7,1,2,1,0,4,4,0,9,0,1,1,1,2,55,1,9,9,1,0,0,1,1,0,0,99,99,99,99,99,99,0,0,0,0,1,5,0,260378,0,2009,53,W HICKORY RD,99999999999999999999,0000000,42.44153611,-85.35648333,1,1
26,21,7,22,7,25,1,2,0,0,16,4,0,43,0,1,6,1,2,35,2,1,2,1,0,0,1,1,0,0,7,27,7,33,99,99,0,0,0,0,1,4,1,260379,0,2009,4,RYNEARSON RD,99999999999999999999,0000000,41.81859722,-86.3401,1,1
26,65,6,27,22,13,1,2,0,1,1,1,0,34,0,1,3,2,2,70,1,1,1,1,0,0,2,1,0,0,22,17,22,31,99,99,0,0,0,0,1,7,1,260380,0,2009,157,I-96,99999999999999999999,0000000,42.665775,-84.30418889,1,1
26,81,7,26,13,21,2,4,0,0,13,3,0,12,5,4,1,5,4,45,1,1,2,1,0,0,1,1,0,0,13,22,99,99,99,99,0,0,0,0,1,1,0,260381,131,2009,47,SR-37,99999999999999999999,0000000,43.04336389,-85.68964722,2,1
26,157,7,18,13,40,1,1,0,0,5,4,0,32,0,1,6,1,2,55,1,1,2,1,0,0,1,1,0,0,99,99,99,99,99,99,0,0,0,0,1,7,0,260382,0,2009,5,BELSAY RD,99999999999999999999,0000000,43.22962778,-83.61135278,1,1
26,49,7,30,23,16,3,4,0,0,15,6,0,12,5,2,1,5,2,35,1,9,9,1,3,3,3,1,0,0,99,99,99,99,99,99,0,0,0,0,1,5,1,260383,1730,2009,6,W HAMILTON AVE,MASON ST,0000000,43.03610833,-83.70783056,3,1
26,25,8,1,10,53,1,1,0,0,13,3,0,33,0,1,4,1,4,40,1,1,1,1,0,0,1,1,0,0,10,53,10,55,99,99,0,0,0,0,1,7,0,260384,3060,2009,11,SR-96,99999999999999999999,0000000,42.27202222,-84.97920556,1,1
26,139,8,9,18,28,1,3,0,0,14,4,0,18,0,1,1,1,2,45,1,1,2,2,0,0,1,2,0,0,18,30,18,30,99,99,0,0,0,0,1,1,0,260385,0,2009,36,MERCURY DR,99999999999999999999,0000000,43.03341389,-86.16216111,1,2
26,161,8,8,11,27,1,4,0,1,11,1,0,52,0,1,6,2,3,70,1,1,1,2,0,0,1,2,0,0,11,27,11,38,99,99,0,0,0,0,1,7,0,260386,0,2009,137,I-94,99999999999999999999,0000000,42.29881667,-83.86689167,1,2
26,139,8,6,16,15,2,3,0,0,14,3,0,12,5,2,1,2,2,55,1,1,2,1,21,3,1,1,0,0,16,16,16,19,99,99,0,0,0,0,1,5,0,260387,0,2009,23,SR-21,72ND,0000000,42.83328889,-85.95975556,2,1
26,49,8,14,10,50,2,2,0,0,14,6,0,12,5,2,1,1,2,45,1,1,2,1,20,3,1,1,0,0,10,51,10,53,99,99,0,0,0,0,1,6,0,260388,686,2009,56,N BELSAY RD,BROOKWOOD DR,0000000,43.04238333,-83.59600556,2,1
26,143,8,12,13,32,1,2,0,1,1,1,0,1,0,1,6,2,2,70,2,1,2,1,0,0,1,1,0,0,13,32,13,40,99,99,0,0,0,0,1,4,0,260389,0,2009,80,I-75,99999999999999999999,0000000,44.28619444,-84.29680833,1,1
26,103,8,14,20,30,1,1,0,0,6,4,0,42,0,1,6,1,2,55,2,9,5,8,0,0,1,1,0,0,20,42,99,99,99,99,0,22,0,0,1,6,1,260390,0,2009,15,SPORLEY LAKE,99999999999999999999,0000000,46.34024722,-87.35070833,1,1
26,123,8,2,14,29,2,5,0,0,14,4,0,12,5,2,1,1,2,55,1,1,2,1,20,3,1,1,0,0,16,28,16,44,99,99,0,22,0,0,1,1,0,260391,0,2009,23,GREEN,72ND,0000000,43.42384444,-85.97981944,2,1
26,147,5,20,8,17,2,3,0,0,4,4,0,12,5,2,1,1,2,55,1,1,2,1,20,3,1,1,0,0,8,18,8,27,99,99,0,0,0,0,1,4,0,260392,1066,2009,14,DOLAN RD,BAUMAN RD,0000000,42.89255556,-82.71035833,2,1
26,21,7,19,9,5,2,4,0,0,3,3,0,12,1,1,1,1,6,50,9,9,9,1,0,0,1,1,0,0,99,99,99,99,99,99,0,0,0,0,1,1,0,260393,0,2009,26,SR-51,99999999999999999999,0000000,41.79808056,-86.24835,2,1
26,157,8,19,1,40,3,2,0,0,14,3,0,12,1,1,1,1,2,35,1,1,2,1,0,0,3,1,0,0,1,41,1,46,88,88,0,0,0,0,1,4,1,260394,760,2009,164,SR-81,99999999999999999999,0000000,43.49110833,-83.39361667,2,1
26,99,6,19,22,0,1,2,1,0,16,6,0,8,0,3,1,1,2,15,1,9,9,2,0,0,3,2,0,0,99,99,99,99,99,99,0,0,0,0,1,6,0,260395,4731,2009,1,MONTREAL DR,BORDEAUX DR,0000000,42.61367222,-83.04108889,1,2
26,21,7,31,19,26,1,1,0,0,4,4,0,42,0,1,6,1,2,45,9,9,9,1,0,0,1,1,0,0,19,29,19,34,99,99,0,0,0,0,1,6,0,260396,0,2009,58,RIVERSIDE,99999999999999999999,0000000,42.17911667,-86.383975,1,1
26,125,8,3,5,48,1,1,0,0,16,6,0,27,0,1,5,1,2,15,1,1,2,1,0,0,2,1,0,0,5,48,5,58,99,99,0,0,0,0,1,2,0,260397,208,2009,5,WARWICK WAY,99999999999999999999,0000000,42.63031111,-83.24140833,1,1
26,147,8,14,19,51,1,5,0,1,1,1,0,1,0,1,5,2,2,70,1,1,1,1,0,0,1,1,0,0,19,53,20,0,99,99,0,0,0,0,1,6,0,260398,0,2009,96,I-94,99999999999999999999,0000000,42.83285556,-82.59926389,1,1
26,67,5,24,1,18,1,2,1,0,14,3,0,8,0,1,1,1,2,55,1,1,2,1,0,0,2,1,0,0,1,18,1,29,88,88,0,0,0,0,1,1,1,260399,0,2009,89,SR-66,99999999999999999999,0000000,42.89968333,-85.07494722,1,1
26,115,6,6,21,42,1,1,0,0,14,4,0,30,0,1,5,1,2,40,2,1,2,1,0,0,5,1,0,0,21,46,21,53,88,88,0,0,0,0,1,7,1,260400,0,2009,9,S HURON RIVER DR,99999999999999999999,0000000,42.04829722,-83.23056111,1,1
26,17,7,11,12,59,1,2,1,0,13,3,0,9,0,2,1,1,2,30,1,1,1,1,3,3,1,1,0,0,12,59,13,3,99,99,0,0,0,0,1,7,0,260401,320,2009,6,SR-13,WENONA,0000000,43.58019722,-83.90588056,1,1