STATE,COUNTY,MONTH,DAY,HOUR,MINUTE,VE_TOTAL,PERSONS,PEDS,NHS,ROAD_FNC,ROUTE,SP_JUR,HARM_EV,MAN_COLL,REL_JUNC,REL_ROAD,TRAF_FLO,NO_LANES,SP_LIMIT,ALIGNMNT,PROFILE,PAVE_TYP,SUR_COND,TRA_CONT,T_CONT_F,LGT_COND,WEATHER1,WEATHER2,WRK_ZONE,NOT_HOUR,NOT_MIN,ARR_HOUR,ARR_MIN,HOSP_HR,HOSP_MN,SCH_BUS,CF1,CF2,CF3,FATALS,DAY_WEEK,DRUNK_DR,ST_CASE,CITY,YEAR,MILEPT,TWAY_ID,TWAY_ID2,RAIL,LATITUDE,LONGITUD,VE_FORMS,WEATHER
26,139,8,2,16,16,2,4,0,0,4,4,0,12,5,2,1,1,2,55,1,1,2,1,20,3,1,1,0,0,16,17,16,22,99,99,0,22,0,0,1,1,0,260402,0,2009,111,CLEVELAND,24TH,0000000,43.07475,-85.847725,2,1
26,93,7,19,11,22,2,3,0,0,3,3,0,12,4,1,1,1,2,55,1,1,2,1,0,0,1,1,0,0,11,24,11,31,99,99,0,0,0,0,1,1,0,260403,0,2009,25,SR-36,99999999999999999999,0000000,42.47098611,-84.020075,2,1
26,81,8,1,23,57,1,3,1,1,13,3,0,8,0,3,1,5,4,40,1,1,2,2,0,0,3,2,0,0,0,0,0,4,88,88,0,0,0,0,1,7,1,260404,5319,2009,84,SR-11,CLYDON,0000000,42.91381667,-85.732025,1,2
26,151,8,14,15,50,2,2,0,0,3,3,0,12,1,8,1,1,2,55,1,1,2,1,0,0,1,1,0,0,15,50,16,5,99,99,0,0,0,0,1,6,0,260405,0,2009,166,SR-25,99999999999999999999,0000000,43.40211667,-82.54101389,2,1
26,121,8,16,2,24,1,1,0,0,16,6,0,33,0,1,4,1,2,25,1,9,9,1,0,0,2,1,0,0,99,99,99,99,99,99,0,0,0,0,1,1,1,260406,5200,2009,4,LEWIS,99999999999999999999,0000000,43.40012222,-86.34961944,1,1
26,161,7,28,5,7,1,2,1,0,14,4,0,9,0,1,1,1,2,55,1,2,2,1,0,0,1,1,0,0,5,8,5,14,99,99,0,22,0,0,1,3,0,260407,0,2009,18,MAPLE RD,99999999999999999999,0000000,42.22421944,-83.77850556,1,1
26,93,7,31,18,40,3,4,0,1,1,1,0,12,1,1,1,2,2,70,1,1,2,1,0,0,1,1,0,0,18,45,18,54,88,88,0,0,0,0,1,6,0,260408,0,2009,41,I-96,99999999999999999999,0000000,42.64651389,-84.06883056,3,1
26,27,8,14,20,40,2,2,0,0,4,4,0,12,5,2,1,1,2,55,1,1,2,1,20,3,5,1,0,0,20,41,20,49,99,99,0,0,0,0,1,6,0,260409,0,2009,100,DECATUR RD,DEWEY LAKE ST,0000000,42.05588056,-85.97411111,2,1
26,65,4,17,1,57,2,3,0,1,13,3,0,12,5,2,1,4,4,35,1,1,1,1,3,3,3,1,0,1,1,58,2,2,99,99,0,0,0,0,1,6,0,260410,0,2009,47,SR-43,HOWARD,0000000,42.74086667,-84.51112778,2,1
26,147,5,12,16,0,1,1,0,0,13,3,0,38,0,1,6,1,2,50,1,9,2,1,0,0,1,1,0,0,99,99,99,99,99,99,0,0,0,0,1,3,0,260411,1758,2009,60,SR-25,99999999999999999999,0000000,43.07895,-82.47236944,1,1
26,77,8,13,17,48,2,2,0,1,1,1,0,12,1,1,1,3,2,70,1,9,9,1,0,0,1,1,0,0,99,99,99,99,99,99,0,0,0,0,1,5,0,260412,0,2009,210,I-94,99999999999999999999,0000000,42.28171389,-85.376675,2,1
26,17,8,24,13,18,1,1,0,1,13,3,0,33,0,1,4,1,2,30,1,1,1,1,0,0,1,1,0,0,13,18,13,20,88,88,0,0,0,0,1,2,0,260413,320,2009,5,SR-84,99999999999999999999,0000000,43.57999444,-83.90235278,1,1
26,163,8,28,0,43,2,3,0,1,12,3,0,12,2,1,1,3,2,55,2,2,1,2,0,0,3,2,0,0,0,43,0,50,99,99,0,0,0,0,1,6,1,260414,1260,2009,122,SR-10,99999999999999999999,0000000,42.32617222,-83.05188889,2,2
26,161,8,29,19,40,2,5,0,1,11,1,0,12,1,1,1,3,3,70,1,1,1,1,0,0,1,1,0,0,19,30,19,34,99,99,0,0,0,0,1,7,0,260415,5330,2009,288,I-94,99999999999999999999,0000000,42.22687222,-83.62443333,2,1
26,127,7,23,14,48,2,6,0,0,3,3,0,12,2,1,1,1,2,55,1,1,2,1,0,0,1,1,0,0,14,49,14,53,99,99,0,0,0,0,1,5,0,260416,0,2009,37,SR-120,99999999999999999999,0000000,43.521,-86.03968611,2,1
26,97,7,25,22,2,1,9,8,0,4,4,0,8,0,1,2,1,2,55,1,1,2,1,0,0,9,1,0,0,22,8,22,30,99,99,0,0,0,0,3,7,1,260417,0,2009,78,SOUTH GOULD CITY RD,99999999999999999999,0000000,46.07371944,-85.69608333,1,1
26,81,8,5,11,5,2,2,0,0,13,6,0,12,5,2,1,1,2,45,1,1,2,1,20,3,1,1,0,0,11,7,11,10,99,99,0,0,0,0,1,4,0,260418,2553,2009,50,44TH ST SE,AIRWEST DR SE,0000000,42.88348333,-85.57067778,2,1
26,61,8,13,21,55,1,1,0,0,15,4,0,27,0,1,6,1,2,55,2,2,2,1,0,0,5,1,0,0,22,1,22,13,99,99,0,22,0,0,1,5,1,260419,0,2009,1,S ERICKSON DR,99999999999999999999,0000000,47.09020556,-88.62799722,1,1
26,165,8,16,12,58,2,6,0,0,3,3,0,12,5,2,1,1,3,55,1,1,1,1,20,3,1,1,0,0,13,0,13,8,99,99,0,0,0,0,2,1,0,260420,0,2009,64,SR-115,SR-37,0000000,44.40373056,-85.699475,2,1
26,143,8,15,5,0,1,1,0,1,2,2,0,1,0,1,3,2,2,70,1,1,2,1,0,0,2,1,0,0,5,8,5,13,99,99,0,0,0,0,1,7,0,260421,0,2009,154,US-127,99999999999999999999,0000000,44.38183056,-84.80831667,1,1
26,157,8,25,11,5,2,2,0,0,4,4,0,12,5,2,1,1,2,55,1,1,2,1,20,3,1,1,0,0,11,7,11,15,99,99,0,22,0,0,1,3,0,260422,0,2009,41,BRAY RD,MILLINGTON RD,0000000,43.28059444,-83.66239167,2,1
26,79,8,29,20,48,1,1,0,1,2,2,0,43,0,1,6,1,2,55,9,2,9,2,0,0,5,1,0,0,20,48,20,53,99,99,0,0,0,0,1,7,1,260423,2540,2009,139,US-131,99999999999999999999,0000000,44.754125,-85.17009167,1,1
26,143,9,2,8,55,2,2,0,0,3,3,0,12,2,1,1,1,2,55,1,1,2,1,0,0,1,1,0,0,8,55,9,5,99,99,0,0,0,0,1,4,0,260424,0,2009,35,SR-18,99999999999999999999,0000000,44.20766667,-84.62005833,2,1
26,163,5,25,13,40,4,8,0,0,13,6,0,13,8,1,1,5,4,40,1,2,1,1,0,0,1,1,0,0,13,43,13,49,99,99,0,0,0,0,2,2,1,260425,4815,2009,26,PELHAM,99999999999999999999,0000000,42.26554444,-83.23173611,4,1
26,147,6,23,19,0,2,4,0,0,4,4,0,12,5,2,1,1,2,45,1,1,2,1,20,3,1,1,0,0,19,0,19,12,99,99,0,0,0,0,1,3,1,260426,926,2009,3,WADHAMS,TRIPP,0000000,42.78059722,-82.55287778,2,1
26,163,6,26,23,50,1,3,0,0,15,6,0,26,0,3,4,4,2,30,1,9,9,1,3,3,3,1,0,0,99,99,99,99,99,99,0,0,0,0,1,6,0,260427,2260,2009,1,DAVISON SERVICE DR,HAMILTON,0000000,42.40043056,-83.10485556,1,1
26,147,8,15,3,4,1,3,0,0,3,3,0,34,0,1,6,1,2,55,2,1,2,1,0,0,2,1,0,0,3,6,3,15,99,99,0,0,0,0,1,7,0,260429,0,2009,3,SR-24,99999999999999999999,0000000,42.99115,-82.68705278,1,1
26,99,8,26,11,30,2,2,0,0,15,6,0,12,5,2,1,1,4,35,1,1,2,2,20,3,1,2,0,0,11,33,11,40,99,99,0,0,0,0,1,4,0,260430,4731,2009,97,UTICA,TRIANGLE,0000000,42.61602222,-83.03649167,2,2
26,71,8,30,4,49,1,4,0,0,4,4,0,34,0,1,6,1,2,55,2,1,2,1,0,0,2,1,0,0,5,1,5,12,99,99,0,22,0,0,1,1,1,260431,0,2009,8,BATES GAASTRA,99999999999999999999,0000000,46.09204444,-88.59143333,1,1
26,125,6,8,18,30,3,3,0,0,3,4,0,12,1,3,1,1,2,55,1,9,1,2,0,0,1,1,0,0,18,31,18,34,99,99,0,22,0,0,1,2,0,260432,0,2009,60,OAKWOOD,LEGAULT,0000000,42.86775556,-83.34928056,3,1
26,163,8,15,23,55,2,3,0,1,13,6,0,12,1,1,1,5,4,40,1,1,1,1,0,0,3,1,0,0,99,99,99,99,99,99,0,20,0,0,1,7,0,260433,1920,2009,83,MERRIMAN,99999999999999999999,0000000,42.33529444,-83.350825,2,1
26,163,8,23,18,5,1,2,1,1,11,1,0,8,0,1,1,3,3,55,1,2,1,1,0,0,1,1,0,0,18,10,18,15,88,88,0,0,0,0,1,1,0,260434,1260,2009,233,I-75,99999999999999999999,0000000,42.33594444,-83.06210278,1,1
26,53,6,9,21,3,1,2,0,0,6,6,0,5,0,1,1,1,2,25,1,1,2,1,0,0,1,1,0,0,21,4,21,10,99,99,0,0,0,0,1,3,1,260435,5070,2009,1,LAHTI,99999999999999999999,0000000,46.47611944,-89.93090556,1,1
26,125,7,11,17,10,3,6,0,1,11,1,0,12,7,1,1,2,4,70,1,1,1,1,0,0,1,1,0,0,17,11,17,15,99,99,0,0,0,0,1,7,0,260436,1652,2009,62,I-696,99999999999999999999,0000000,42.49046944,-83.32896111,3,1
26,67,9,1,19,2,2,3,0,1,1,1,0,12,7,1,1,2,4,70,1,1,1,1,0,0,1,1,0,0,19,4,19,16,99,99,0,0,0,0,1,3,0,260437,0,2009,179,I-96,99999999999999999999,0000000,42.87133333,-84.96291944,2,1
26,37,8,25,6,8,1,2,1,0,4,4,0,8,0,1,1,1,2,55,1,1,2,1,0,0,2,1,0,0,6,8,6,9,88,88,0,0,0,0,1,3,0,260438,0,2009,48,N FOREST HILL RD,99999999999999999999,0000000,43.07128611,-84.68049167,1,1
26,65,9,3,23,21,2,2,0,0,13,4,0,12,5,1,1,1,4,55,1,1,2,1,0,0,2,1,0,0,23,21,23,26,99,99,0,0,0,0,1,5,0,260439,0,2009,74,JOLLY RD,99999999999999999999,0000000,42.68289167,-84.45780556,2,1
26,115,9,5,14,0,2,2,0,0,14,4,0,12,2,2,1,5,4,45,1,1,2,1,3,3,1,1,0,0,14,3,14,5,99,99,0,0,0,0,1,7,0,260440,0,2009,102,LEWIS AVE,STERNS RD,0000000,41.75047222,-83.56774167,2,1
26,121,9,12,17,38,2,2,0,0,16,4,0,12,2,1,1,1,2,45,1,1,2,1,0,0,1,1,0,0,99,99,99,99,88,88,0,0,0,0,1,7,0,260441,0,2009,69,E LAKETON AVE,99999999999999999999,0000000,43.21978889,-86.14463333,2,1
26,155,9,2,6,47,1,2,0,0,6,4,0,34,0,3,6,1,2,55,2,1,5,5,0,0,4,5,0,0,6,47,6,58,88,88,0,22,0,0,2,4,0,260442,0,2009,10,PITTSBURG,COOK,0000000,42.89398333,-84.16244167,1,5
26,81,9,5,2,1,2,2,0,0,13,6,0,12,4,2,1,1,4,30,1,1,2,1,0,0,3,1,0,0,2,1,2,4,99,99,0,0,0,0,1,7,1,260443,2010,2009,123,DIVISION,LABELLE,0000000,42.93880833,-85.66724444,2,1
26,125,9,4,23,43,3,5,1,1,12,3,0,8,0,1,1,3,4,70,1,1,1,1,0,0,2,1,0,0,23,43,23,51,88,88,0,0,0,0,1,6,0,260444,208,2009,243,SR-59,99999999999999999999,0000000,42.63348611,-83.22986944,3,1
26,155,9,6,7,36,1,2,0,0,4,4,0,34,0,1,6,1,2,55,1,1,2,1,0,0,1,1,0,0,7,35,7,48,99,99,0,22,0,0,1,1,0,260445,0,2009,56,JUDDVILLE,99999999999999999999,0000000,43.05822778,-84.06761944,1,1
26,149,9,17,22,0,1,1,0,0,4,4,0,42,0,1,6,1,2,55,2,2,2,1,0,0,2,1,0,0,99,99,99,99,88,88,0,0,0,0,1,5,1,260446,0,2009,22,CROOKED CREEK,99999999999999999999,0000000,41.80694167,-85.56354167,1,1
26,81,8,9,1,51,1,3,0,1,12,2,0,1,0,1,6,2,2,70,1,1,2,2,0,0,2,2,0,0,99,99,99,99,88,88,0,0,0,0,1,1,1,260447,691,2009,38,US-131,99999999999999999999,0000000,42.8222,-85.66973333,1,2
26,55,8,17,17,13,3,4,0,0,6,4,0,12,5,2,1,1,2,55,1,1,2,2,20,3,1,2,0,0,17,16,17,21,99,99,0,0,0,0,1,2,1,260448,0,2009,35,YOUKER,COUNTY RD 633,0000000,44.59945278,-85.69645,3,2
26,81,8,27,5,15,1,1,0,0,15,6,0,42,0,1,6,1,2,35,2,1,2,1,0,0,1,1,0,0,88,88,88,88,88,88,0,0,0,0,1,5,1,260449,5089,2009,9,ELMRIDGE,99999999999999999999,0000000,43.01173889,-85.74326944,1,1
26,55,9,8,16,0,2,3,0,0,3,3,0,12,2,8,1,5,2,45,1,2,2,1,0,0,1,1,0,0,16,0,16,2,99,99,0,0,0,0,1,3,0,260450,2580,2009,82,SR-113,99999999999999999999,0000000,44.58466111,-85.53019444,2,1
26,163,1,25,18,35,1,2,1,1,13,3,0,8,0,1,1,5,4,35,1,9,9,1,0,0,3,1,0,0,99,99,99,99,99,99,0,0,0,0,1,1,0,260451,1260,2009,40,SR-53,99999999999999999999,0000000,42.43429444,-83.02426111,1,1
26,163,1,24,23,10,3,4,0,0,15,6,0,12,5,2,1,1,3,30,1,9,9,1,3,3,3,1,0,0,99,99,99,99,99,99,0,0,0,0,1,7,1,260452,1260,2009,13,CADILLAC,E CANFIELD,0000000,42.37811111,-82.99395278,3,1
26,163,2,20,22,35,1,2,1,1,13,3,0,8,0,2,1,1,4,35,9,9,9,1,20,3,3,1,0,0,99,99,99,99,99,99,0,0,0,0,1,6,0,260453,1260,2009,20,SR-53,MOLENA,0000000,42.40591667,-83.02318333,1,1
26,163,2,22,17,20,2,4,0,1,13,6,0,12,4,1,1,5,6,35,9,9,9,2,0,0,1,1,0,0,99,99,99,99,99,99,0,0,0,0,3,1,1,260454,1260,2009,16,LIVERNOIS,99999999999999999999,0000000,42.32033333,-83.11249167,2,1
26,21,9,11,9,9,3,5,2,0,4,4,0,14,4,1,6,1,2,55,1,1,1,1,0,0,1,1,0,0,9,9,9,51,99,99,0,22,0,0,1,6,0,260455,0,2009,101,TERRITORIAL,99999999999999999999,0000000,42.11586111,-86.27125833,1,1
26,17,9,13,16,18,1,2,1,0,14,4,0,9,0,1,1,1,2,45,1,1,1,1,0,0,1,1,0,0,16,18,16,20,88,88,0,0,0,0,1,1,0,260456,0,2009,23,YOUNGSDITCH,99999999999999999999,0000000,43.58026667,-83.84216389,1,1
26,63,9,16,15,18,1,1,0,0,3,3,0,42,0,1,6,1,2,55,2,1,2,1,0,0,1,1,0,0,15,19,15,29,88,88,0,0,0,0,1,4,0,260457,0,2009,218,SR-25,99999999999999999999,0000000,43.97245,-83.25963056,1,1
26,163,3,7,19,20,2,3,0,1,13,3,0,12,4,1,1,1,7,35,1,9,9,2,0,0,3,2,0,0,99,99,99,99,99,99,0,0,0,0,2,7,1,260459,1260,2009,48,SR-3,99999999999999999999,0000000,42.39468056,-83.00419722,2,2
26,163,3,15,18,37,2,5,0,0,14,6,0,12,5,2,1,1,2,30,1,9,9,1,20,3,1,1,0,0,99,99,99,99,99,99,0,0,0,0,2,1,0,260460,1260,2009,34,FULLERTON,CLOVERLAWN,0000000,42.38093056,-83.15164722,2,1
26,163,3,3,7,55,2,6,0,0,16,6,0,12,5,2,1,1,2,25,1,9,9,1,20,3,1,1,0,0,99,99,99,99,99,99,0,0,0,0,1,3,0,260461,1260,2009,5,REDMOND AVE,NOVARA AVE,0000000,42.4392,-82.95586111,2,1
26,163,3,6,11,36,1,2,0,0,15,6,0,19,0,1,6,1,2,30,9,9,9,1,0,0,1,1,0,0,99,99,99,99,99,99,0,0,0,0,1,6,0,260462,1260,2009,1,75 FISHER SERVICE DR,99999999999999999999,0000000,42.30135,-83.11933056,1,1
26,163,4,1,0,10,2,3,1,0,13,3,0,8,0,3,1,1,2,30,1,9,9,2,0,0,3,2,0,0,99,99,99,99,99,99,0,0,0,0,1,4,0,260463,1260,2009,3,SR-97,ST PATRICK,0000000,42.41163056,-82.99760556,2,2
26,163,4,4,5,11,1,4,0,0,13,6,0,42,0,1,3,2,2,30,1,9,9,1,0,0,3,1,0,0,99,99,99,99,99,99,0,0,0,0,1,7,0,260464,1260,2009,157,W7 MILE RD,99999999999999999999,0000000,42.43181111,-83.12550833,1,1
26,159,9,26,1,43,2,2,0,0,4,4,0,12,2,1,1,1,2,55,1,1,2,2,0,0,2,2,0,0,1,44,1,55,99,99,0,0,0,0,2,7,2,260465,0,2009,103,RED ARROW,99999999999999999999,0000000,42.22495833,-85.84776944,2,2
26,81,5,25,18,43,2,3,0,0,13,4,0,12,1,3,1,1,4,55,1,1,2,1,0,0,1,1,0,0,18,44,18,56,99,99,0,0,0,0,1,2,1,260466,0,2009,61,WEST RIVER DR NE,BEYHILL DR NE,0000000,43.06441111,-85.60500556,2,1
26,49,7,17,16,13,2,2,0,1,12,2,0,12,7,1,1,2,2,70,1,9,9,1,0,0,1,1,0,0,99,99,99,99,88,88,0,0,0,0,1,6,0,260467,0,2009,26,US-23,99999999999999999999,0000000,42.81648889,-83.7266,2,1
26,125,8,26,21,2,2,3,0,0,14,4,0,12,5,2,1,1,2,45,1,1,2,1,20,3,2,1,0,0,21,4,21,11,88,88,0,0,0,0,1,4,0,260469,5210,2009,37,WHITE LAKE RD,MURLAND HOLLOW RD,0000000,42.69211667,-83.53831389,2,1
26,73,9,4,13,17,1,1,0,0,4,4,0,11,0,1,1,1,2,55,1,1,2,1,0,0,1,1,0,0,13,20,13,29,88,88,0,22,0,0,1,6,0,260470,0,2009,6,E RIVER RD,99999999999999999999,0000000,43.62636944,-84.69566389,1,1
26,125,9,6,21,13,1,3,1,1,13,3,0,8,0,1,1,1,4,45,1,1,2,1,0,0,3,1,0,0,21,13,21,19,99,99,0,0,0,0,1,1,0,260471,440,2009,87,SR-1,99999999999999999999,0000000,42.50005,-83.16915556,1,1
26,163,9,13,4,40,1,3,0,1,13,3,0,27,0,1,4,2,4,45,1,2,2,1,0,0,3,1,0,0,4,44,4,48,99,99,0,0,0,0,1,1,0,260472,4166,2009,129,SR-24,99999999999999999999,0000000,42.37606944,-83.27569167,1,1
26,27,9,12,13,10,1,1,0,0,16,4,0,42,0,1,6,1,2,50,1,9,9,1,0,0,1,1,0,0,99,99,99,99,99,99,0,0,0,0,1,7,0,260473,0,2009,30,MAY ST,99999999999999999999,0000000,41.78197778,-86.07933056,1,1
26,21,8,2,1,52,1,2,1,0,15,4,0,8,0,1,1,1,2,25,1,1,2,1,0,0,3,1,0,0,1,52,2,14,88,88,0,0,0,0,1,1,1,260474,5120,2009,1,FOREST BEACH RD,99999999999999999999,0000000,42.1934,-86.27654444,1,1
26,49,8,9,1,45,2,2,0,0,14,4,0,12,5,2,1,5,4,45,1,1,2,1,3,3,2,1,0,0,1,46,1,48,99,99,0,0,0,0,1,1,1,260475,0,2009,21,S CENTER RD,E MAPLE AVE,0000000,42.96050833,-83.63285556,2,1
26,161,8,30,21,51,2,3,0,0,14,4,0,12,1,1,1,1,2,45,1,1,1,1,0,0,2,1,0,0,21,51,21,55,99,99,0,0,0,0,1,1,1,260476,0,2009,67,TEXTILE RD,99999999999999999999,0000000,42.20315,-83.55295556,2,1
26,89,9,4,17,46,1,2,1,0,3,4,0,8,0,1,1,1,2,55,1,1,2,1,0,0,1,1,0,0,17,47,17,54,99,99,0,0,0,0,1,6,0,260477,0,2009,148,S LAKE LEELANAU,99999999999999999999,0000000,44.97194722,-85.70498889,1,1
26,103,9,6,10,20,2,4,0,1,2,2,0,12,2,2,1,1,2,55,1,1,2,1,0,0,1,1,0,0,10,25,10,40,88,88,0,0,0,0,1,1,0,260478,0,2009,501,US-41,SR-95,0000000,46.49722778,-87.92005556,2,1
26,81,9,7,7,59,2,3,0,1,11,1,0,12,3,1,1,3,2,60,2,1,1,1,0,0,1,1,0,1,7,59,8,10,99,99,0,0,0,0,2,2,0,260479,2020,2009,20,I-196,99999999999999999999,0000000,42.90559444,-85.78056111,2,1
26,63,9,6,13,25,2,4,0,1,2,3,0,12,6,2,1,1,2,55,1,1,2,1,3,3,1,1,0,0,13,25,13,44,99,99,0,0,0,0,1,1,0,260480,0,2009,148,SR-142,PINNEBOG RD,0000000,43.82190556,-83.10133889,2,1
26,105,9,9,12,8,2,3,0,0,13,2,0,12,4,2,1,5,4,55,1,9,1,1,3,3,1,1,0,0,12,8,12,11,99,99,0,0,0,0,2,4,0,260481,0,2009,27,US-10,MEYERS RD,0000000,43.95536111,-86.39835,2,1
26,81,9,15,12,5,3,4,0,0,3,3,0,12,2,1,1,1,2,55,1,1,2,1,0,0,1,1,0,0,12,8,12,19,99,99,0,22,0,0,1,3,0,260482,0,2009,101,SR-57,99999999999999999999,0000000,43.17616667,-85.44849167,3,1
26,33,9,18,20,20,1,3,1,0,14,3,0,8,0,1,1,1,2,55,1,1,2,1,0,0,2,1,0,0,20,21,20,23,88,88,0,0,0,0,1,6,0,260483,0,2009,251,SR-120,99999999999999999999,0000000,46.43253333,-84.35362778,1,1
26,121,9,19,19,18,1,3,0,0,4,4,0,34,0,1,6,1,2,55,1,9,9,1,0,0,1,1,0,0,99,99,99,99,99,99,0,22,0,0,1,7,0,260484,0,2009,55,N RAVENNA RD,99999999999999999999,0000000,43.26042222,-85.94811667,1,1
26,21,9,22,18,11,2,2,0,1,1,1,0,12,4,1,1,2,3,70,1,1,2,2,0,0,1,2,0,0,18,14,18,21,88,88,0,0,0,0,1,3,0,260485,0,2009,10,I-94,99999999999999999999,0000000,41.76951944,-86.73739444,2,2
26,139,9,22,21,0,3,4,1,1,1,1,0,8,0,1,1,2,2,70,1,1,2,2,0,0,2,2,0,0,21,1,21,1,88,88,0,0,0,0,1,3,0,260486,0,2009,47,I-96,99999999999999999999,0000000,43.072725,-86.06511389,3,2
26,25,9,25,21,41,2,2,0,0,14,3,0,12,2,1,1,1,4,45,1,1,2,2,0,0,3,2,0,0,21,46,21,51,99,99,0,0,0,0,1,6,1,260487,0,2009,19,SR-89,99999999999999999999,0000000,42.35655,-85.26480556,2,2
26,121,9,23,10,19,1,3,1,0,13,6,0,9,0,2,1,2,3,35,1,9,9,1,3,3,1,1,0,0,99,99,99,99,99,99,0,0,0,0,1,4,0,260488,3450,2009,5,SHORELINE DR,N TERRACE ST,0000000,43.24026389,-86.25013889,1,1
26,147,7,27,7,35,4,5,0,1,1,1,0,12,1,1,1,2,2,70,1,1,1,1,0,0,1,1,0,1,7,37,7,55,99,99,0,0,0,0,1,2,0,260489,1066,2009,77,I-94,99999999999999999999,0000000,42.81416667,-82.62628611,4,1
26,81,7,27,9,5,2,2,0,0,15,4,0,12,2,1,1,1,2,55,1,9,9,1,0,0,1,1,0,0,99,99,99,99,88,88,0,22,0,0,1,2,0,260490,0,2009,39,HANNA LAKE,99999999999999999999,0000000,42.82524722,-85.58521389,2,1
26,163,8,2,1,47,2,4,0,1,12,3,0,12,7,1,1,3,3,55,1,1,1,1,0,0,3,1,0,0,1,49,1,57,99,99,0,0,0,0,1,1,2,260491,1260,2009,117,SR-39,99999999999999999999,0000000,42.39043056,-83.21791667,2,1
26,11,8,6,0,37,1,1,0,0,4,4,0,34,0,1,6,1,2,55,1,1,2,1,0,0,2,1,0,0,0,39,0,46,88,88,0,22,0,0,1,5,1,260492,4910,2009,43,BESSINGER,99999999999999999999,0000000,44.08456389,-83.7008,1,1
26,163,8,16,3,5,1,2,0,0,16,6,0,42,0,1,6,1,2,25,2,2,2,1,0,0,2,1,0,0,3,6,3,12,99,99,0,0,0,0,1,1,1,260493,2850,2009,19,ANGLING,99999999999999999999,0000000,42.44041111,-83.32548333,1,1
26,99,8,18,5,35,1,2,1,1,13,3,0,8,0,1,1,2,4,45,1,1,2,1,0,0,2,1,0,1,5,40,5,44,99,99,0,0,0,0,1,3,0,260494,1009,2009,75,SR-3,99999999999999999999,0000000,42.54696944,-82.90399167,1,1
26,23,8,18,17,31,2,7,0,1,2,2,0,12,5,2,1,1,2,55,1,9,9,1,20,3,1,1,0,0,99,99,99,99,99,99,0,0,0,0,1,3,0,260495,0,2009,216,US-12,FREMONT,0000000,41.93974167,-84.93183611,2,1
26,99,9,9,18,14,1,2,0,0,15,4,0,10,0,6,1,1,2,35,1,2,2,1,62,3,1,1,0,0,18,16,18,16,88,88,0,0,0,0,2,4,1,260496,1009,2009,12,ELIZABETH,RR CROSSING,284090K,42.61257222,-82.88248889,1,1
26,165,9,12,15,54,3,9,0,0,4,4,0,12,5,2,1,1,2,55,1,2,2,1,20,3,1,1,0,0,15,54,16,1,99,99,0,0,0,0,1,7,0,260497,0,2009,30,33 RD,46 RD,0000000,44.20864167,-85.49706389,3,1
26,11,9,17,1,16,1,1,0,0,3,3,0,34,0,1,6,1,2,55,1,1,2,1,0,0,2,1,0,0,1,20,1,27,99,99,0,0,0,0,1,5,1,260498,0,2009,24,SR-13,99999999999999999999,0000000,43.94507222,-83.96663889,1,1
26,81,9,5,12,23,1,1,0,0,14,4,0,33,0,1,4,1,2,55,2,1,2,1,0,0,1,1,0,0,12,25,12,30,99,99,0,0,0,0,1,7,0,260499,6,2009,3,PETTIS,99999999999999999999,0000000,42.95742778,-85.47586389,1,1
26,99,9,22,13,45,3,4,0,0,14,6,0,12,1,3,1,1,4,35,1,1,1,1,3,3,1,1,0,0,13,45,13,47,99,99,0,0,0,0,1,3,0,260500,4330,2009,74,10 MILE,LAWN,0000000,42.47993056,-82.93948056,3,1
26,81,9,25,2,15,1,1,0,0,6,4,0,42,0,1,6,1,2,55,1,1,2,1,0,0,2,1,0,0,2,17,2,26,88,88,0,22,0,0,1,6,1,260501,0,2009,53,92ND,99999999999999999999,0000000,42.79836111,-85.37235278,1,1
26,99,9,3,19,48,1,2,1,0,14,4,0,38,0,1,6,1,2,40,2,1,2,1,0,0,5,1,0,0,19,48,19,51,99,99,0,0,0,0,1,5,0,260502,1009,2009,64,CLINTON RIVER,99999999999999999999,0000000,42.58493056,-82.94074722,1,1
26,25,10,4,7,25,1,1,0,0,6,4,0,42,0,1,6,1,2,55,2,1,2,2,0,0,4,2,0,0,7,25,7,36,88,88,0,0,0,0,1,1,1,260503,3014,2009,30,B,99999999999999999999,0000000,42.25985833,-84.89526389,1,2
26,159,10,10,2,0,1,1,0,0,3,3,0,24,0,1,4,1,2,55,1,1,2,2,0,0,2,1,0,0,3,13,3,23,88,88,0,0,0,0,1,7,0,260504,0,2009,156,SR-43,99999999999999999999,0000000,42.30162778,-86.01539722,1,1
26,99,7,23,8,58,1,2,1,0,14,4,0,9,0,3,1,5,4,45,1,1,1,1,2,3,1,1,0,0,8,59,9,25,88,88,0,16,0,0,1,5,0,260505,4521,2009,21,22 MILE,VAN DYKE,0000000,42.65520278,-83.03385278,1,1
26,91,8,21,16,0,1,2,0,0,4,4,0,42,0,1,6,1,2,55,1,1,2,2,0,0,1,1,0,0,16,25,16,30,99,99,0,0,0,0,1,6,1,260506,4282,2009,15,ROME,99999999999999999999,0000000,41.94270278,-84.33882222,1,1
26,105,9,4,13,38,2,6,0,0,4,4,0,12,8,1,1,1,2,55,1,1,2,1,0,0,1,1,0,0,13,38,13,49,99,99,0,0,0,0,1,6,0,260507,0,2009,49,PERE MARQUETTE,99999999999999999999,0000000,43.88914167,-86.39897222,2,1