STATE,COUNTY,MONTH,DAY,HOUR,MINUTE,VE_TOTAL,PERSONS,PEDS,NHS,ROAD_FNC,ROUTE,SP_JUR,HARM_EV,MAN_COLL,REL_JUNC,REL_ROAD,TRAF_FLO,NO_LANES,SP_LIMIT,ALIGNMNT,PROFILE,PAVE_TYP,SUR_COND,TRA_CONT,T_CONT_F,LGT_COND,WEATHER1,WEATHER2,WRK_ZONE,NOT_HOUR,NOT_MIN,ARR_HOUR,ARR_MIN,HOSP_HR,HOSP_MN,SCH_BUS,CF1,CF2,CF3,FATALS,DAY_WEEK,DRUNK_DR,ST_CASE,CITY,YEAR,MILEPT,TWAY_ID,TWAY_ID2,RAIL,LATITUDE,LONGITUD,VE_FORMS,WEATHER
26,99,9,9,21,0,1,1,0,1,11,1,0,1,0,1,6,3,3,70,1,1,2,1,0,0,2,1,0,0,21,0,21,0,88,88,0,0,0,0,1,4,0,260508,4731,2009,63,I-94,99999999999999999999,0000000,42.53576111,-82.90335833,1,1
26,113,9,20,2,40,1,1,0,0,6,4,0,1,0,1,1,1,2,55,1,1,4,1,0,0,2,1,0,0,3,5,3,19,88,88,0,22,0,0,1,1,1,260509,0,2009,28,SEELEY,99999999999999999999,0000000,44.20558889,-85.33538056,1,1
26,157,9,24,2,30,1,1,0,0,4,4,0,32,0,1,6,1,2,55,2,1,2,1,0,0,2,1,0,0,99,99,99,99,88,88,0,22,0,0,1,5,1,260510,4915,2009,25,FRANKENMUTH,99999999999999999999,0000000,43.33647778,-83.650075,1,1
26,145,9,24,12,46,2,4,0,1,13,3,0,12,5,2,1,4,3,35,1,9,9,1,20,3,1,1,0,0,99,99,99,99,99,99,0,0,0,0,1,5,0,260511,4350,2009,17,SR-58,MCEWAN,0000000,43.43791667,-83.97927778,2,1
26,161,9,28,20,41,2,3,1,1,12,2,0,8,0,1,1,2,2,70,1,1,2,2,0,0,2,2,0,0,20,43,20,48,88,88,0,0,0,0,1,2,0,260512,0,2009,158,US-23,99999999999999999999,0000000,42.30675278,-83.68715278,2,2
26,75,9,30,0,14,1,1,0,1,2,2,0,42,0,1,6,1,2,55,1,9,2,1,0,0,2,1,0,0,0,16,0,23,88,88,0,0,0,0,1,4,0,260513,0,2009,28,US-127,99999999999999999999,0000000,42.11433333,-84.36407778,1,1
26,43,10,4,6,25,1,1,0,0,3,4,0,42,0,1,6,1,2,55,2,1,2,2,0,0,2,2,0,0,6,29,6,50,88,88,0,0,0,0,1,1,0,260514,5125,2009,22,FOSTER CITY,99999999999999999999,0000000,45.79293333,-87.72179722,1,2
26,87,10,2,14,29,2,4,0,0,5,4,0,12,8,1,2,1,2,55,1,1,2,2,0,0,1,2,0,0,14,31,14,41,99,99,0,0,0,0,1,6,0,260515,196,2009,126,BOWERS,99999999999999999999,0000000,43.06136389,-83.21046944,2,2
26,163,10,15,16,0,2,5,0,1,13,6,0,12,5,2,1,1,6,30,1,9,2,2,3,3,1,1,0,0,99,99,99,99,99,99,0,0,0,0,1,5,1,260516,1260,2009,52,WARREN,LAWTON,0000000,42.34715833,-83.09461944,2,1
26,125,7,10,6,25,2,2,0,0,4,4,0,12,5,2,1,1,2,55,1,1,2,1,20,3,4,1,0,0,6,30,6,36,99,99,0,22,0,0,1,6,0,260517,0,2009,74,BALDWIN RD,DAVISON LAKE,0000000,42.88273056,-83.33678056,2,1
26,99,7,28,1,45,1,1,0,0,14,4,0,24,0,1,4,1,2,25,2,1,2,1,0,0,2,1,0,0,1,52,1,55,2,7,0,0,0,0,1,3,1,260518,1009,2009,80,CLINTON RIVER RD,99999999999999999999,0000000,42.59613889,-82.91667778,1,1
26,163,7,29,20,55,2,2,0,1,13,3,0,12,1,1,1,9,7,99,9,9,9,1,0,0,1,1,0,0,99,99,99,99,99,99,0,99,99,99,1,4,1,260519,1260,2009,58,SR-5,99999999999999999999,0000000,42.37948333,-83.16558333,2,1
26,163,8,7,18,25,2,2,0,0,14,6,0,12,2,2,1,1,4,30,1,9,9,1,20,3,1,1,0,0,99,99,99,99,99,99,0,0,0,0,1,6,0,260520,1260,2009,43,PURITAN AVE,MONICA ST,0000000,42.40987222,-83.14376111,2,1
26,23,8,9,10,50,1,1,0,0,3,4,0,1,0,1,6,1,2,55,2,9,9,1,0,0,1,1,0,0,99,99,99,99,99,99,0,0,0,0,1,1,0,260521,0,2009,113,UNION CITY RD,99999999999999999999,0000000,42.053825,-85.10996944,1,1
26,99,9,26,8,19,2,2,0,0,3,4,0,12,5,2,1,1,2,55,1,9,9,2,20,3,1,1,0,0,99,99,99,99,99,99,0,22,0,0,1,7,0,260522,2934,2009,58,26 MILE RD,HAYES RD,0000000,42.71590833,-82.97689444,2,1
26,163,9,7,21,0,2,3,1,1,13,3,0,8,0,3,1,5,4,35,1,9,9,2,0,0,2,2,0,0,99,99,99,99,99,99,0,0,0,0,1,2,0,260523,1260,2009,15,SR-53,GUTHRIE,0000000,42.39884444,-83.02293056,2,2
26,163,9,12,22,5,2,2,0,0,14,6,0,12,5,2,1,5,7,30,1,9,9,1,3,3,3,1,0,0,99,99,99,99,99,99,0,0,0,0,1,7,1,260524,1260,2009,14,ST JEAN,MACK,0000000,42.37913611,-82.97856667,2,1
26,71,10,4,10,30,1,2,0,0,4,4,0,42,0,1,6,1,2,55,1,9,9,2,0,0,1,1,0,0,99,99,99,99,99,99,0,22,0,0,1,1,0,260525,0,2009,34,AMVETS HWY,99999999999999999999,0000000,46.14641111,-88.73528611,1,1
26,163,10,6,19,30,1,3,1,0,13,6,0,8,0,1,1,5,9,30,1,9,9,2,0,0,3,2,0,0,99,99,99,99,99,99,0,0,0,0,1,3,0,260526,1260,2009,103,GREENFIELD,99999999999999999999,0000000,42.41573333,-83.19929444,1,2
26,163,10,9,23,10,2,3,1,1,13,3,0,8,0,1,1,9,7,35,1,9,9,2,0,0,6,2,0,0,99,99,99,99,88,88,0,0,0,0,1,6,0,260527,1260,2009,77,SR-3,99999999999999999999,0000000,42.43289722,-82.97913611,2,2
26,163,5,9,4,8,2,6,0,0,15,6,0,12,5,2,1,1,6,30,1,9,9,1,3,3,2,1,0,0,99,99,99,99,99,99,0,20,0,0,1,7,0,260528,1260,2009,23,SCOTTEN,WARREN,0000000,42.34468333,-83.11101389,2,1
26,163,6,16,20,20,2,3,0,1,13,3,0,12,4,2,1,1,6,35,1,9,9,1,0,0,1,1,0,0,99,99,99,99,99,99,0,0,0,0,1,3,0,260529,1260,2009,37,SR-3,MAXWELL,0000000,42.38068333,-83.01344722,2,1
26,163,6,24,18,57,2,4,0,0,16,6,0,12,5,2,1,1,2,25,1,9,9,1,20,3,1,1,0,0,99,99,99,99,99,99,0,0,0,0,1,4,0,260530,1260,2009,7,CANFIELD,VANDYKE,0000000,42.37187778,-83.00962778,2,1
26,163,6,24,23,5,2,2,0,0,16,6,0,12,1,1,1,1,2,25,1,9,9,1,0,0,3,1,0,0,99,99,99,99,99,99,0,0,0,0,1,4,0,260531,1260,2009,24,PIEDMONT,99999999999999999999,0000000,42.36734444,-83.22886111,2,1
26,163,8,13,1,8,1,2,0,1,13,3,0,33,0,1,4,1,4,50,1,9,9,1,0,0,3,1,0,0,99,99,99,99,99,99,0,0,0,0,1,5,1,260532,633,2009,14,SR-24,99999999999999999999,0000000,42.24835833,-83.19527778,1,1
26,15,8,18,1,24,2,3,0,0,4,6,0,12,4,1,1,1,2,25,1,1,2,1,0,0,3,1,0,0,1,26,1,28,88,88,0,0,0,0,1,3,1,260533,0,2009,41,MAIN,99999999999999999999,0000000,42.64385556,-85.27611389,2,1
26,81,8,30,18,5,2,4,0,0,4,4,0,12,2,4,1,1,2,55,1,1,2,1,0,0,1,1,0,0,18,9,18,12,99,99,0,0,0,0,1,1,0,260534,0,2009,217,LINCOLN LAKE,99999999999999999999,0000000,43.180725,-85.35261111,2,1
26,163,8,3,0,25,1,3,1,1,13,3,0,8,0,1,1,1,4,35,1,9,9,1,0,0,3,1,0,0,99,99,99,99,99,99,0,0,0,0,1,2,0,260535,1260,2009,35,SR-53,99999999999999999999,0000000,42.428525,-83.02419722,1,1
26,49,9,20,0,39,1,2,0,0,14,4,0,33,0,1,4,1,4,45,1,1,2,1,0,0,3,1,0,0,0,42,0,47,88,88,0,0,0,0,2,1,1,260536,1931,2009,36,RICHFIELD,99999999999999999999,0000000,43.05578056,-83.59595833,1,1
26,75,9,13,17,3,1,1,0,0,14,4,0,5,0,1,1,1,4,40,1,1,2,1,0,0,1,1,0,0,17,3,17,10,99,99,0,0,0,0,1,1,0,260537,2764,2009,33,PAGE,99999999999999999999,0000000,42.23470556,-84.33424167,1,1
26,25,8,31,9,54,3,4,0,0,14,4,0,12,5,2,1,5,4,55,1,1,2,1,3,3,1,1,0,0,9,54,10,9,88,88,0,0,0,0,1,2,0,260538,0,2009,57,VERONA,11 MILE,0000000,42.321175,-85.08228889,3,1
26,71,9,11,15,17,1,1,0,0,4,4,0,42,0,1,6,1,2,25,2,9,9,1,0,0,1,1,0,0,99,99,99,99,88,88,0,0,0,0,1,6,1,260539,0,2009,17,TOBIN ALPHA,99999999999999999999,0000000,46.06683611,-88.37686667,1,1
26,163,9,20,4,15,2,3,1,1,11,1,0,12,8,1,1,3,4,55,1,9,9,1,0,0,3,1,0,0,99,99,99,99,99,99,0,19,0,0,1,1,0,260540,1260,2009,288,I-94,99999999999999999999,0000000,42.36663056,-83.06243333,2,1
26,163,9,9,13,31,1,2,1,0,14,6,0,8,0,3,1,5,4,25,1,9,9,1,2,3,1,1,0,0,99,99,99,99,99,99,0,0,0,0,1,4,0,260541,1260,2009,2,BAGLEY,1ST,0000000,42.33312222,-83.05518056,1,1
26,99,9,14,12,35,2,2,0,1,13,3,0,12,5,8,1,2,4,45,1,9,9,1,0,0,1,1,0,0,99,99,99,99,99,99,0,0,0,0,1,2,0,260542,4521,2009,52,SR-59,99999999999999999999,0000000,42.62758056,-82.99106667,2,1
26,163,9,30,17,55,2,2,0,0,14,6,0,12,5,2,1,1,2,30,1,9,9,1,20,3,1,1,0,0,99,99,99,99,99,99,0,0,0,0,1,4,1,260543,1260,2009,40,CHALMERS,TROESTER,0000000,42.42628333,-82.97504167,2,1
26,141,10,2,2,30,1,2,0,0,6,4,0,34,0,1,6,1,2,55,1,2,2,1,0,0,2,1,0,0,2,35,2,39,99,99,0,22,0,0,1,6,1,260544,0,2009,3,GLASIER,99999999999999999999,0000000,45.32867778,-84.21344444,1,1
26,139,10,2,14,59,1,1,0,0,4,4,0,42,0,1,6,1,2,55,1,1,2,1,0,0,1,1,0,0,14,59,15,1,88,88,0,22,0,0,1,6,0,260545,4083,2009,74,BUTTERNUT,99999999999999999999,0000000,42.87728611,-86.19126389,1,1
26,9,10,2,20,57,2,4,0,1,2,2,0,12,2,1,1,1,2,55,1,1,2,2,0,0,2,2,0,0,20,57,21,7,99,99,0,0,0,0,1,6,0,260546,0,2009,135,US-131,99999999999999999999,0000000,45.01141944,-84.93616111,2,2
26,163,10,5,13,10,2,5,0,0,16,6,0,12,9,2,1,1,2,25,1,9,9,1,3,3,1,1,0,0,99,99,99,99,99,99,0,0,0,0,2,2,0,260547,1260,2009,10,CHELSEA,DICKERSON,0000000,42.40934167,-82.97756944,2,1
26,141,10,9,9,45,2,3,0,1,2,2,0,12,2,1,1,1,2,55,1,3,2,1,0,0,1,1,0,0,9,45,9,59,99,99,0,22,0,0,1,6,0,260548,0,2009,218,US-23,99999999999999999999,0000000,45.36535278,-83.77401389,2,1
26,35,10,17,13,30,1,1,0,0,4,4,0,11,0,1,1,1,2,55,1,2,4,1,0,0,1,1,0,0,13,45,13,53,88,88,0,22,0,0,1,7,0,260549,0,2009,105,RODGERS,99999999999999999999,0000000,43.96709167,-84.70656389,1,1
26,115,10,21,9,52,2,4,0,1,11,1,0,12,3,1,1,3,3,70,1,1,1,1,0,0,1,1,0,0,10,3,10,21,99,99,0,0,0,0,2,4,0,260550,3320,2009,147,I-75,99999999999999999999,0000000,41.91974722,-83.36249722,2,1
26,163,10,2,23,23,4,7,0,0,13,3,0,12,2,1,1,5,6,35,1,9,9,1,0,0,3,1,0,0,99,99,99,99,99,99,0,0,0,0,1,6,1,260551,1260,2009,14,SR-8,99999999999999999999,0000000,42.388775,-83.13351389,4,1
26,163,10,6,9,5,2,3,0,1,13,3,0,12,8,1,1,1,4,35,1,9,9,1,0,0,1,1,0,0,99,99,99,99,99,99,0,0,0,0,1,3,0,260552,1260,2009,44,SR-53,99999999999999999999,0000000,42.44154722,-83.02449167,2,1
26,163,10,3,19,35,1,2,1,0,13,6,0,8,0,1,1,1,4,35,1,9,9,1,0,0,2,1,0,0,99,99,99,99,99,99,0,0,0,0,1,7,0,260553,1260,2009,121,7 MILE,99999999999999999999,0000000,42.43049722,-83.19721944,1,1
26,17,10,23,21,0,1,2,0,1,12,2,0,24,0,13,4,6,1,70,2,2,1,2,0,0,3,2,0,0,21,0,21,11,99,99,0,0,0,0,1,6,1,260554,0,2009,1,US-10 RAMP 009B,99999999999999999999,0000000,43.59800833,-84.137475,1,2
26,65,10,23,0,1,1,1,0,0,6,4,0,42,0,1,6,1,2,55,2,2,2,2,0,0,2,2,0,0,8,16,8,16,88,88,0,0,0,0,1,6,0,260555,0,2009,2,OSBORNE,99999999999999999999,0000000,42.58715,-84.27886944,1,2
26,99,10,13,22,24,1,2,1,0,13,6,0,8,0,1,1,5,4,40,1,9,9,1,0,0,3,1,0,0,99,99,99,99,88,88,0,0,0,0,1,3,0,260556,4380,2009,66,HARPER,99999999999999999999,0000000,42.5395,-82.8825,1,1
26,125,2,21,4,32,1,1,0,1,12,3,0,37,0,15,6,3,3,55,1,9,9,1,0,0,3,1,0,0,99,99,99,99,99,99,0,0,0,0,1,7,1,260557,4567,2009,11,SR-39,99999999999999999999,0000000,42.45943333,-83.22152222,1,1
26,99,6,10,3,35,1,2,1,1,13,6,0,8,0,1,1,1,4,35,1,1,1,1,0,0,2,1,0,0,3,38,3,44,88,88,0,0,0,0,1,4,0,260558,5110,2009,13,DEQUINDRE,99999999999999999999,0000000,42.46646111,-83.08424722,1,1
26,45,8,9,13,25,2,3,0,0,6,4,0,12,5,2,1,1,2,55,1,1,2,1,20,3,1,1,0,0,13,26,13,46,99,99,0,22,0,0,1,1,0,260559,0,2009,44,SPICERVILLE,NARROW LAKE,0000000,42.49428333,-84.77746111,2,1
26,99,8,2,2,23,1,4,0,0,13,4,0,33,0,1,4,1,2,35,2,9,1,1,0,0,2,1,0,0,2,23,99,99,99,99,0,0,0,0,1,1,0,260560,5111,2009,1,26 MILE,99999999999999999999,0000000,42.71249444,-83.09144444,1,1
26,45,8,12,18,27,2,2,0,0,3,3,0,12,2,1,1,1,2,55,2,1,2,1,0,0,1,1,0,0,18,27,18,31,88,88,0,0,0,0,1,4,1,260561,0,2009,37,SR-50,99999999999999999999,0000000,42.55311111,-84.76340556,2,1
26,163,8,13,6,55,4,3,0,1,13,2,0,12,4,2,1,5,6,35,1,9,2,1,3,3,4,1,0,0,99,99,99,99,88,88,0,20,0,0,1,5,0,260562,1260,2009,88,US-12,MARTIN,0000000,42.33110833,-83.12747222,3,1
26,37,10,9,15,20,1,1,0,0,4,4,0,34,0,1,6,1,2,55,1,1,2,2,0,0,1,2,0,0,15,22,15,33,88,88,0,0,0,0,1,6,0,260563,0,2009,8,W GRAND RIVER HWY,99999999999999999999,0000000,42.81490556,-84.82385278,1,2
26,65,10,10,22,48,2,5,0,0,14,4,0,12,4,2,1,1,4,45,1,1,2,1,3,3,2,1,0,0,22,51,22,53,99,99,0,0,0,0,1,7,1,260564,1430,2009,10,HASLETT RD,PARK LAKE RD,0000000,42.74693333,-84.44756944,2,1
26,45,8,22,2,26,1,4,1,0,6,4,0,8,0,1,1,1,2,55,1,1,5,1,0,0,2,1,0,0,2,27,2,34,88,88,0,22,0,0,1,7,0,260565,1245,2009,60,ROYSTON,99999999999999999999,0000000,42.72141667,-84.72021111,1,1
26,125,8,5,22,58,1,2,1,0,14,6,0,8,0,2,1,5,4,35,1,1,1,1,0,0,3,1,0,0,23,20,23,24,99,99,0,0,0,0,1,4,0,260566,3641,2009,51,9 MILE,RIDGEDALE,0000000,42.45976667,-83.18339167,1,1
26,161,8,15,23,0,1,1,0,0,6,4,0,37,0,1,6,1,2,55,2,3,5,1,0,0,2,1,0,0,99,99,99,99,88,88,0,22,0,0,1,7,1,260567,0,2009,65,BOYCE,99999999999999999999,0000000,42.40945278,-84.06480833,1,1
26,163,10,10,20,50,1,2,1,1,11,1,0,8,0,1,1,2,4,70,1,1,1,1,0,0,3,1,0,0,99,99,99,99,88,88,0,0,0,0,1,7,0,260568,4166,2009,71,I-96,99999999999999999999,0000000,42.38507222,-83.30518611,1,1
26,163,10,12,15,55,4,4,0,0,13,3,0,12,5,2,1,5,4,40,1,1,1,1,3,3,1,1,0,0,15,57,16,1,99,99,0,0,0,0,1,2,0,260569,4166,2009,133,SR-14,BEECH DALY,0000000,42.37080278,-83.29490278,4,1
26,97,10,11,1,20,1,3,0,0,4,4,0,1,0,1,6,1,2,55,2,1,2,1,0,0,2,1,0,0,1,41,1,48,99,99,0,0,0,0,1,1,1,260570,0,2009,15,H33,99999999999999999999,0000000,46.21699167,-85.72241389,1,1
26,115,10,13,22,31,1,2,1,0,14,4,0,8,0,1,1,1,4,45,1,9,2,1,0,0,2,1,0,0,99,99,22,35,99,99,0,0,0,0,1,3,0,260571,0,2009,11,NADEAU RD,99999999999999999999,0000000,41.96424444,-83.35338333,1,1
26,145,9,11,18,5,1,3,2,0,3,3,0,42,0,1,6,1,2,55,1,1,2,1,0,0,1,1,0,0,99,99,18,12,99,99,0,0,0,0,1,6,0,260572,0,2009,33,SR-52,99999999999999999999,0000000,43.34045833,-84.14143333,1,1
26,33,9,12,0,44,1,2,1,0,14,3,0,8,0,1,1,5,4,45,1,1,1,1,0,0,3,1,0,0,0,45,0,50,99,99,0,0,0,0,1,7,1,260573,4480,2009,157,SR-75BS,99999999999999999999,0000000,46.47411944,-84.35802778,1,1
26,163,9,12,15,4,2,2,0,1,13,2,0,12,1,4,1,2,2,45,1,1,2,1,0,0,1,1,0,0,15,7,15,12,99,99,0,0,0,0,1,7,0,260574,1210,2009,139,US-24,99999999999999999999,0000000,42.29162778,-83.271025,2,1
26,73,9,14,18,43,1,1,0,0,4,4,0,1,0,1,6,1,2,55,1,1,2,1,0,0,1,1,0,0,99,99,99,99,99,99,0,22,0,0,1,2,0,260575,0,2009,96,MISSION,99999999999999999999,0000000,43.75559722,-84.76793333,1,1
26,91,10,17,9,12,2,2,0,0,4,4,0,12,5,2,1,1,2,55,1,9,9,1,20,3,1,1,0,0,99,99,99,99,99,99,0,0,0,0,1,7,0,260576,0,2009,50,ROGERS,HOLLOWAY,0000000,41.93470556,-83.92541944,2,1
26,49,9,15,11,30,3,3,1,1,2,2,0,14,7,1,2,3,2,70,1,1,1,1,0,0,1,1,0,0,11,32,11,40,88,88,0,0,0,0,1,3,0,260577,0,2009,83,US-23,99999999999999999999,0000000,42.89745556,-83.73697778,1,1
26,93,10,20,19,37,3,3,0,1,12,2,0,12,7,1,1,2,2,70,1,1,1,1,0,0,2,1,0,0,19,37,19,44,99,99,0,0,0,0,1,3,0,260578,0,2009,38,US-23,99999999999999999999,0000000,42.48138333,-83.7563,3,1
26,107,9,16,7,59,2,4,0,0,4,4,0,12,1,1,1,1,2,55,1,9,9,1,0,0,1,1,0,0,99,99,99,99,99,99,0,22,0,0,1,4,0,260579,0,2009,102,13 MILE,99999999999999999999,0000000,43.65452222,-85.19112222,2,1
26,157,9,29,9,27,1,1,0,0,6,6,0,10,0,6,1,1,2,55,1,2,2,2,72,3,1,1,0,0,9,28,9,37,99,99,0,0,0,0,1,3,0,260580,3110,2009,3,LOBDELL,99999999999999999999,233492C,43.34089444,-83.36260556,1,1
26,163,9,6,1,20,1,2,1,0,15,6,0,8,0,4,4,4,3,30,1,9,9,1,20,3,3,1,0,0,99,99,99,99,88,88,0,0,0,0,1,1,0,260581,1260,2009,21,CHRYSLER SER DR,8 MILE,0000000,42.44654722,-83.09434167,1,1
26,99,10,3,22,32,1,2,1,0,13,4,0,8,0,1,1,5,2,45,2,1,1,2,0,0,2,1,0,0,22,35,22,36,22,46,0,0,0,0,1,7,0,260582,2181,2009,2,CASS AVE,99999999999999999999,0000000,42.61022778,-82.92860833,1,1
26,121,9,24,18,23,2,4,0,0,6,4,0,12,5,2,1,1,2,45,1,9,9,1,20,3,1,1,0,0,99,99,99,99,99,99,0,0,0,0,1,5,0,260583,0,2009,49,HALL,HILTON PARK,0000000,43.24957222,-86.08751667,2,1
26,121,9,5,14,57,2,3,0,0,4,4,0,12,2,11,1,1,2,50,1,9,9,1,0,0,1,1,0,0,99,99,99,99,99,99,0,0,0,0,1,7,0,260584,0,2009,21,RUSSELL,RAMP 31,0000000,43.32474722,-86.23663611,2,1
26,107,10,23,7,55,1,3,1,0,14,3,0,8,0,3,1,1,2,35,1,2,2,2,3,3,3,2,0,0,7,58,8,19,99,99,0,0,0,0,1,6,0,260585,480,2009,158,SR-20,FERRIS DR,0000000,43.68394167,-85.483525,1,2
26,163,10,15,19,35,1,2,1,1,13,3,0,8,0,1,1,1,4,35,1,1,2,2,0,0,3,2,0,0,19,36,19,38,99,99,0,0,0,0,1,5,0,260586,2820,2009,132,SR-85,99999999999999999999,0000000,42.25535556,-83.17301667,1,2
26,149,9,11,8,50,2,2,0,0,15,4,0,12,5,2,1,1,2,55,1,9,9,1,20,3,1,1,0,0,99,99,99,99,99,99,0,0,0,0,1,6,0,260587,0,2009,81,FAWN RIVER,WHITE SCHOOL,0000000,41.78118056,-85.44753611,2,1
26,163,9,19,7,27,1,1,0,1,13,3,0,27,0,1,6,2,2,45,1,9,9,1,0,0,4,1,0,0,99,99,99,99,99,99,0,0,0,0,1,7,0,260588,4571,2009,93,SR-85,99999999999999999999,0000000,42.19724167,-83.18049444,1,1
26,23,10,23,18,28,1,4,3,0,4,4,0,49,0,1,1,1,2,35,1,1,2,2,0,0,5,1,0,0,99,99,99,99,99,99,0,0,0,0,1,6,1,260589,0,2009,23,RAY-QUINCY,99999999999999999999,0000000,41.79276944,-84.88357778,1,1
26,163,9,21,18,30,1,2,1,0,16,6,0,9,0,2,1,4,2,30,1,9,9,2,3,3,1,1,0,0,99,99,99,99,99,99,0,0,0,0,1,2,0,260590,1260,2009,4,SEWARD,THIRD,0000000,42.37293056,-83.08253889,1,1
26,125,10,29,21,59,2,2,0,0,14,6,0,12,1,2,1,1,2,45,1,1,2,1,0,0,3,1,0,0,21,59,22,2,88,88,0,0,0,0,1,5,1,260591,5255,2009,35,PONTIAC TRL,CENTURY DR,0000000,42.52400833,-83.54956667,2,1
26,59,10,24,13,50,2,3,0,0,3,3,0,12,2,1,1,1,4,55,1,9,9,2,0,0,1,1,0,0,99,99,99,99,99,99,0,0,0,0,1,7,0,260594,2510,2009,46,SR-99,99999999999999999999,0000000,41.96973056,-84.67120556,2,1
26,133,10,27,11,24,2,5,0,1,2,3,0,12,2,2,1,1,4,55,1,9,9,1,0,0,1,1,0,0,99,99,99,99,99,99,0,0,0,0,1,3,0,260595,0,2009,68,SR-115,20 MILE RD,0000000,44.10173333,-85.24875556,2,1
26,115,11,1,0,31,1,2,0,0,4,4,0,34,0,1,6,1,2,45,2,9,9,1,0,0,2,1,0,0,99,99,99,99,88,88,0,0,0,0,1,1,1,260596,0,2009,47,BLUEBUSH RD,99999999999999999999,0000000,41.98109722,-83.449025,1,1
26,149,11,3,14,12,2,3,0,1,2,2,0,12,1,1,1,1,2,55,1,9,9,1,0,0,1,1,0,0,99,99,99,99,88,88,0,0,0,0,1,3,0,260597,0,2009,118,US-12,99999999999999999999,0000000,41.79285556,-85.536025,2,1
26,33,10,4,6,18,1,5,0,0,6,4,0,34,0,1,6,1,2,55,2,1,4,2,0,0,4,1,0,0,6,21,6,36,99,99,0,22,0,0,1,1,1,260598,1328,2009,33,MAXTON,99999999999999999999,0000000,46.07793333,-83.65921389,1,1
26,75,10,10,15,0,2,7,0,0,14,3,0,12,4,1,1,1,2,55,1,2,2,1,0,0,1,1,0,0,15,5,15,12,99,99,0,0,0,0,1,7,0,260599,3466,2009,26,SR-50,99999999999999999999,0000000,42.19698611,-84.35358611,2,1
26,49,10,17,17,39,1,1,0,0,4,4,0,30,0,1,6,1,2,55,1,1,1,1,0,0,1,1,0,0,17,41,17,52,88,88,0,22,0,0,1,7,0,260600,1880,2009,16,DUFFIELD,99999999999999999999,0000000,42.89520833,-83.90926111,1,1
26,163,10,22,18,45,5,6,0,1,12,3,0,12,1,1,1,3,5,70,1,1,1,2,0,0,5,2,0,0,18,45,18,46,99,99,0,0,0,0,1,5,0,260601,0,2009,21,SR-14,99999999999999999999,0000000,42.382275,-83.51508333,5,2
26,97,10,23,15,40,1,1,0,1,2,2,0,1,0,1,6,1,2,55,1,1,2,2,0,0,1,2,0,0,15,43,16,8,99,99,0,0,0,0,1,6,1,260602,0,2009,279,US-2,99999999999999999999,0000000,46.07948333,-85.29860278,1,2
26,69,10,25,0,20,1,2,0,0,4,4,0,33,0,1,4,1,2,35,2,1,2,1,0,0,3,1,0,0,0,24,0,34,99,99,0,0,0,0,1,1,1,260603,0,2009,40,LONG LAKE,99999999999999999999,0000000,44.42182778,-83.87525,1,1
26,147,10,25,0,55,1,1,0,0,4,4,0,42,0,1,6,1,2,55,1,1,2,1,0,0,2,1,0,0,0,58,1,43,88,88,0,0,0,0,1,1,0,260604,0,2009,149,CAPAC,99999999999999999999,0000000,43.09979167,-82.93235833,1,1
26,111,10,27,19,10,1,5,1,0,13,3,0,8,0,3,1,5,4,35,1,1,1,1,3,3,3,1,0,0,19,11,19,15,99,99,0,0,0,0,1,3,0,260605,3240,2009,100,SR-10BS,ST ANDREWS,0000000,43.62508611,-84.24705833,1,1
26,49,10,23,13,50,2,3,0,1,13,3,0,12,4,8,1,5,4,40,1,9,9,2,0,0,1,2,0,0,99,99,99,99,99,99,0,0,0,0,1,6,0,260606,1730,2009,96,SR-54,99999999999999999999,0000000,43.04261111,-83.65647778,2,2
26,91,11,1,1,56,1,1,0,1,2,2,0,34,0,1,6,1,2,55,2,2,2,1,0,0,2,1,0,0,1,56,2,4,88,88,0,0,0,0,1,1,1,260607,0,2009,16,US-12,99999999999999999999,0000000,42.07248889,-84.07648056,1,1
26,67,11,9,19,4,1,3,0,0,3,3,0,5,0,1,1,1,2,55,1,1,2,1,0,0,2,1,0,0,19,6,19,12,88,88,0,0,0,0,1,2,1,260608,0,2009,25,SR-21,99999999999999999999,0000000,43.02015,-85.07525,1,1
26,65,9,1,13,42,1,2,1,0,6,4,0,8,0,1,1,1,2,55,1,2,2,1,0,0,1,1,0,1,13,32,13,40,88,88,0,22,0,0,1,3,0,260609,0,2009,50,SWAN,99999999999999999999,0000000,42.51855,-84.18793333,1,1
26,45,9,20,5,44,2,2,0,0,13,3,0,12,5,2,1,2,2,55,1,1,2,1,20,3,2,5,0,0,5,44,5,54,88,88,0,0,0,0,1,1,0,260610,0,2009,107,SR-78,STROBEL,0000000,42.66121667,-84.67665278,2,5
26,23,9,24,11,0,2,3,0,0,14,4,0,12,7,8,1,1,2,45,1,9,9,1,0,0,1,1,0,0,99,99,99,99,88,88,0,0,0,0,1,5,0,260611,0,2009,11,MARSHALL,99999999999999999999,0000000,41.95690556,-85.00061944,2,1
26,117,10,4,16,14,2,2,0,1,2,3,0,12,5,2,1,1,2,55,1,9,9,1,3,3,1,1,0,0,99,99,99,99,88,88,0,0,0,0,1,1,0,260612,2680,2009,109,SR-46,SR-91,0000000,43.431575,-85.26349722,2,1