STATE,COUNTY,MONTH,DAY,HOUR,MINUTE,VE_TOTAL,PERSONS,PEDS,NHS,ROAD_FNC,ROUTE,SP_JUR,HARM_EV,MAN_COLL,REL_JUNC,REL_ROAD,TRAF_FLO,NO_LANES,SP_LIMIT,ALIGNMNT,PROFILE,PAVE_TYP,SUR_COND,TRA_CONT,T_CONT_F,LGT_COND,WEATHER1,WEATHER2,WRK_ZONE,NOT_HOUR,NOT_MIN,ARR_HOUR,ARR_MIN,HOSP_HR,HOSP_MN,SCH_BUS,CF1,CF2,CF3,FATALS,DAY_WEEK,DRUNK_DR,ST_CASE,CITY,YEAR,MILEPT,TWAY_ID,TWAY_ID2,RAIL,LATITUDE,LONGITUD,VE_FORMS,WEATHER
26,45,10,28,9,41,2,2,0,0,13,3,0,12,4,2,1,2,2,55,1,9,2,1,0,0,1,1,0,0,9,44,9,48,88,88,0,0,0,0,1,4,0,260613,1245,2009,142,SR-78,MILLETT,0000000,42.69741944,-84.62963889,2,1
26,165,10,28,20,45,1,1,0,0,4,4,0,42,0,1,6,1,2,55,1,1,2,1,0,0,2,1,0,0,20,50,21,19,88,88,0,0,0,0,1,4,1,260614,0,2009,68,34,99999999999999999999,0000000,44.28103333,-85.50521944,1,1
26,17,10,30,6,30,2,3,1,0,3,3,0,8,0,3,1,1,4,55,1,1,2,2,0,0,2,2,0,0,6,36,6,45,99,99,0,0,0,0,1,6,0,260615,0,2009,192,SR-13,COGGINS,0000000,43.80356111,-83.96730556,2,2
26,31,11,1,8,30,1,1,0,0,4,4,0,42,0,1,6,1,2,55,2,1,2,2,0,0,1,1,0,0,8,36,8,50,99,99,0,0,0,0,1,1,0,260616,0,2009,11,WOLVERINE,99999999999999999999,0000000,45.31453889,-84.71602778,1,1
26,99,11,8,18,36,1,1,0,0,16,4,0,17,0,1,6,1,2,25,2,9,1,1,0,0,9,1,0,0,18,36,18,42,88,88,0,0,0,0,1,1,0,260617,2181,2009,2,EXECUTIVE,99999999999999999999,0000000,42.59782778,-82.85605556,1,1
26,47,11,11,11,45,2,3,0,1,2,2,0,12,2,1,1,1,2,45,1,1,2,1,0,0,1,1,0,0,11,48,11,55,99,99,0,0,0,0,1,4,0,260618,0,2009,61,US-31,99999999999999999999,0000000,45.41547222,-84.86543611,2,1
26,163,2,27,3,0,1,2,1,0,16,6,0,15,0,1,1,1,2,25,1,9,9,2,0,0,2,2,0,0,99,99,99,99,99,99,0,0,0,0,1,6,0,260619,1260,2009,9,COLFAX,99999999999999999999,0000000,42.35579722,-83.13094722,1,2
26,163,4,30,20,0,1,5,1,0,13,6,0,8,0,2,1,1,6,35,1,9,9,2,3,3,5,2,0,0,99,99,99,99,99,99,0,0,0,0,1,5,0,260620,1260,2009,103,GREENFIELD,MCNICHOLS,0000000,42.41598889,-83.19930833,1,2
26,73,7,23,16,20,1,1,0,1,2,3,0,42,0,1,6,5,4,55,1,1,2,1,0,0,1,1,0,0,16,20,16,33,88,88,0,0,0,0,1,5,0,260621,0,2009,200,SR-20,99999999999999999999,0000000,43.61190556,-84.64921944,1,1
26,125,11,9,23,54,2,2,0,0,16,6,0,42,0,1,6,1,2,25,1,9,9,1,0,0,2,1,0,0,23,54,23,57,99,99,0,20,0,0,1,2,0,260622,3641,2009,3,MORTON,99999999999999999999,0000000,42.46817222,-83.17474444,1,1
26,25,11,18,20,44,1,1,0,0,5,4,0,42,0,1,6,1,2,55,2,9,2,2,0,0,2,2,0,0,20,46,20,55,88,88,0,0,0,0,1,4,1,260623,3885,2009,17,PENNFIELD,99999999999999999999,0000000,42.37363611,-85.11271389,1,2
26,163,8,14,2,30,1,1,0,0,13,6,0,30,0,1,6,1,4,40,1,9,9,1,0,0,3,1,0,0,99,99,99,99,99,99,0,0,0,0,1,6,1,260624,2430,2009,121,INKSTER RD,99999999999999999999,0000000,42.28278611,-83.30959444,1,1
26,15,8,26,18,15,2,2,0,0,4,3,0,12,2,1,1,1,2,55,2,1,2,1,0,0,1,1,0,0,18,21,18,26,88,88,0,22,0,0,1,4,0,260625,0,2009,97,SR-66,99999999999999999999,0000000,42.557,-85.12164167,2,1
26,163,8,22,21,45,1,2,1,0,15,6,0,8,0,1,1,1,4,30,1,9,9,1,0,0,2,1,0,0,99,99,99,99,99,99,0,0,0,0,1,7,0,260626,1260,2009,3,KERCHEVAL,99999999999999999999,0000000,42.35474722,-83.00977778,1,1
26,67,8,31,14,25,2,3,0,0,3,3,0,12,2,1,1,1,2,55,9,9,9,1,0,0,1,1,0,0,99,99,99,99,99,99,0,0,0,0,1,2,0,260627,3715,2009,54,SR-66,99999999999999999999,0000000,43.07196389,-85.07512778,2,1
26,163,9,2,18,30,2,5,0,0,13,6,0,12,4,2,1,1,2,35,1,9,9,1,0,0,1,1,0,0,99,99,99,99,99,99,0,0,0,0,1,4,0,260628,1260,2009,140,W MCNICHOLS,SALEM,0000000,42.41430556,-83.28513333,2,1
26,49,9,30,23,27,1,1,0,1,12,2,0,27,0,5,6,6,1,99,2,1,2,1,0,0,2,1,0,0,23,37,23,42,99,99,0,0,0,0,1,4,1,260629,0,2009,1,US-23 RAMP 013C,99999999999999999999,0000000,42.80758889,-83.72743889,1,1
26,3,9,3,16,0,2,2,0,0,4,4,0,12,4,1,1,1,2,99,2,9,9,9,0,0,1,1,0,0,99,99,99,99,99,99,0,0,0,0,1,5,0,260630,0,2009,2,CO RD 440,99999999999999999999,0000000,46.15968056,-86.6466,2,1
26,57,10,15,20,30,1,1,0,1,2,2,0,34,0,1,6,2,2,70,1,1,2,1,0,0,2,1,0,0,99,99,99,99,99,99,0,0,0,0,1,5,0,260631,0,2009,1,US-127,99999999999999999999,0000000,43.32067222,-84.60349722,1,1
26,111,10,28,19,14,1,2,0,0,14,6,0,31,0,1,5,5,4,40,1,1,2,9,0,0,2,1,0,0,19,21,19,27,99,99,0,0,0,0,1,4,0,260632,3240,2009,20,BAY CITY RD,99999999999999999999,0000000,43.60498889,-84.17770556,1,1
26,21,11,11,14,25,2,5,0,0,3,4,0,12,2,1,1,1,2,55,1,1,2,1,0,0,1,1,0,0,14,27,14,34,99,99,0,22,0,0,1,4,0,260633,0,2009,90,RED ARROW HWY,99999999999999999999,0000000,42.19261111,-86.235975,2,1
26,81,5,2,16,25,2,2,0,0,3,4,0,12,5,1,1,1,2,55,1,9,9,1,0,0,1,1,0,0,99,99,99,99,88,88,0,22,0,0,1,7,0,260634,0,2009,87,LINCOLN LAKE AVE NE,99999999999999999999,0000000,42.99111944,-85.35169444,2,1
26,81,6,12,23,25,3,3,0,0,15,4,0,12,5,2,1,1,2,55,1,3,2,1,3,3,3,1,0,0,23,33,23,45,99,99,0,0,0,0,1,6,0,260635,6,2009,47,GRAND RIVER DR NE,KNAPP ST NE,0000000,43.00569167,-85.54721944,2,1
26,125,8,2,11,57,2,3,0,0,14,4,0,12,5,2,1,1,4,50,1,1,2,1,20,3,1,1,0,0,11,59,12,3,99,99,0,0,0,0,1,1,0,260636,0,2009,44,SASHABAW RD,FLEMINGS LAKE RD,0000000,42.74094444,-83.37985833,2,1
26,81,8,14,1,40,1,3,1,0,3,4,0,8,0,1,1,1,2,55,1,9,9,1,0,0,3,1,0,0,99,99,99,99,99,99,0,22,19,23,1,6,1,260637,0,2009,17,ALDEN NASH AVE SE,99999999999999999999,0000000,42.90320556,-85.36901389,1,1
26,45,8,24,15,40,1,2,1,0,4,4,0,9,0,1,1,1,2,55,1,1,2,1,0,0,1,1,0,0,15,44,15,51,99,99,0,0,0,0,1,2,0,260638,0,2009,10,CANAL RD,99999999999999999999,0000000,42.55295556,-84.66073889,1,1
26,5,8,27,5,17,1,1,0,0,6,4,0,42,0,1,6,1,2,55,1,9,9,1,0,0,2,1,0,0,99,99,99,99,88,88,0,22,0,0,1,5,1,260639,0,2009,51,50TH ST,99999999999999999999,0000000,42.49132778,-86.03230556,1,1
26,163,9,30,15,53,2,3,0,0,13,6,0,12,5,2,1,1,4,40,1,1,2,1,3,3,1,1,0,0,15,54,15,57,99,99,0,0,0,0,1,4,0,260640,2850,2009,119,WAYNE,W CHICAGO,0000000,42.36078889,-83.3866,2,1
26,23,10,13,13,51,2,2,0,0,14,2,0,12,2,2,1,5,4,35,1,9,9,1,3,3,1,1,0,0,99,99,99,99,99,99,0,0,0,0,1,3,0,260641,1020,2009,189,US-12,N MICHIGAN AVE,0000000,41.93740278,-84.98086389,2,1
26,163,11,16,18,6,1,3,2,0,16,4,0,8,0,1,2,1,2,55,1,1,2,1,0,0,2,1,0,0,18,7,18,12,99,99,0,22,0,0,1,2,1,260642,0,2009,45,KING RD,99999999999999999999,0000000,42.15219722,-83.32285556,1,1
26,147,11,19,13,45,2,3,0,0,14,6,0,12,5,2,1,1,4,35,1,1,1,1,20,3,1,1,0,0,13,47,13,52,99,99,0,0,0,0,1,5,0,260643,4060,2009,23,TENTH AVE,RICHARDSON ST,0000000,42.98743889,-82.43383333,2,1
26,139,11,13,16,40,2,4,0,0,4,4,0,12,5,2,1,1,2,55,1,2,2,1,20,3,1,1,0,0,16,41,16,54,99,99,0,22,0,0,1,6,0,260644,0,2009,61,24TH,WILSON,0000000,43.11852778,-85.84871389,2,1
26,135,11,27,16,36,2,4,0,0,2,3,0,12,1,8,1,1,2,55,1,1,2,1,0,0,1,1,0,0,16,36,16,41,99,99,0,0,0,0,1,6,0,260645,0,2009,126,SR-33,99999999999999999999,0000000,44.69002778,-84.13025278,2,1
26,125,9,18,11,48,3,4,0,0,14,6,0,12,1,1,1,5,4,40,1,1,1,1,0,0,1,1,0,1,11,49,11,50,99,99,0,0,0,0,1,6,0,260646,3628,2009,8,NOVI,99999999999999999999,0000000,42.48431389,-83.45746944,3,1
26,115,11,16,15,30,1,2,0,0,6,4,0,42,0,1,6,1,2,40,2,1,2,1,0,0,1,1,0,0,15,35,15,45,99,99,0,0,0,0,1,2,1,260647,2723,2009,10,KELLY,99999999999999999999,0000000,41.83252778,-83.45513056,1,1
26,85,11,26,20,54,2,4,0,1,2,2,0,12,5,2,1,1,2,55,1,1,2,2,20,3,3,2,0,0,20,55,20,57,99,99,0,0,0,0,1,5,0,260648,0,2009,119,US-10,44TH,0000000,43.90834444,-85.85150278,2,2
26,99,7,22,16,52,2,2,0,0,13,4,0,12,5,11,1,5,4,35,1,2,1,1,3,3,1,1,0,0,16,55,16,57,99,99,0,0,0,0,1,4,0,260649,4521,2009,41,23 MILE,RAMP 026D,0000000,42.66975278,-83.01754444,2,1
26,81,9,23,5,39,1,1,0,0,3,4,0,34,0,3,4,1,2,55,1,2,2,1,20,3,3,1,0,0,5,39,5,48,88,88,0,0,0,0,1,4,1,260650,0,2009,64,ALDEN NASH,VERGENNES,0000000,42.95849444,-85.37110833,1,1
26,93,11,4,10,13,2,3,0,0,13,3,0,12,5,2,1,5,4,45,1,1,2,1,3,3,1,1,0,0,10,14,10,16,99,99,0,0,0,0,1,4,0,260651,2360,2009,112,SR-96BL,HIGHLANDER,0000000,42.61341667,-83.9537,2,1
26,87,11,8,21,42,2,2,0,0,3,3,0,12,5,2,1,1,2,55,1,1,2,1,20,3,2,1,0,0,21,45,21,49,88,88,0,0,0,0,1,1,0,260652,0,2009,103,SR-90,FISH LAKE,0000000,43.22850833,-83.254825,2,1
26,73,11,8,14,3,1,1,0,0,4,4,0,5,0,1,1,1,2,55,1,1,2,1,0,0,1,1,0,0,99,99,99,99,99,99,0,22,0,0,1,1,0,260653,5251,2009,79,WINN,99999999999999999999,0000000,43.59643056,-84.90818056,1,1
26,163,11,6,18,55,1,2,1,0,13,6,0,8,0,3,1,1,4,35,1,1,1,1,0,0,3,1,0,0,18,56,19,1,99,99,0,0,0,0,1,6,1,260654,1210,2009,30,SCHAEFER,PROSPECT,0000000,42.31663889,-83.17581667,1,1
26,151,11,21,21,30,2,6,0,0,3,3,0,12,5,1,1,1,2,55,1,2,2,9,0,0,2,5,0,0,21,32,21,37,99,99,0,0,0,0,1,7,0,260655,0,2009,151,SR-19,99999999999999999999,0000000,43.63708333,-82.93763611,2,5
26,163,11,21,18,23,1,2,1,0,14,6,0,8,0,1,1,1,2,35,1,1,2,1,0,0,3,1,0,0,18,24,18,27,99,99,0,0,0,0,1,7,0,260656,5176,2009,46,PALMER,99999999999999999999,0000000,42.29523056,-83.39713056,1,1
26,77,8,26,12,27,4,4,0,0,13,6,0,12,8,1,1,1,4,45,1,9,9,2,0,0,1,1,0,0,99,99,99,99,99,99,0,0,0,0,1,4,1,260657,4030,2009,86,PORTAGE,99999999999999999999,0000000,42.20391667,-85.56032222,4,1
26,99,10,11,21,57,1,1,0,0,16,6,0,38,0,4,6,1,2,25,1,1,1,1,20,3,3,1,0,0,21,58,22,0,88,88,0,20,0,0,1,1,1,260658,5110,2009,3,MACARTHUR,WESTMINSTER,0000000,42.45277778,-83.01790833,1,1
26,5,9,7,3,50,1,1,0,0,6,4,0,34,0,1,5,1,2,55,1,9,9,1,0,0,2,1,0,0,99,99,99,99,88,88,0,22,0,0,1,2,1,260659,0,2009,20,120TH AVE,99999999999999999999,0000000,42.56611111,-85.70243611,1,1
26,67,10,14,23,25,1,1,0,0,6,4,0,42,0,1,5,1,2,55,1,9,9,1,0,0,2,1,0,0,99,99,99,99,99,99,0,22,0,0,1,4,0,260660,3715,2009,23,KIDDVILLE RD,99999999999999999999,0000000,43.10445833,-85.16468611,1,1
26,147,11,2,15,12,2,3,0,0,4,4,0,12,7,2,1,1,2,55,1,1,2,1,0,0,1,1,0,0,99,99,99,99,99,99,0,0,0,0,1,2,1,260661,0,2009,14,PALMS RD,SHORT CUT RD,0000000,42.69458333,-82.62923611,2,1
26,149,11,30,21,45,1,1,0,0,4,4,0,42,0,1,4,1,2,55,2,1,2,1,0,0,2,1,0,0,99,99,99,99,88,88,0,22,0,0,1,2,1,260663,0,2009,3,SCOTT RD,99999999999999999999,0000000,41.77584167,-85.58913889,1,1
26,163,10,26,2,20,1,4,0,1,11,1,0,1,0,1,5,2,3,70,1,9,9,1,0,0,2,1,0,0,99,99,99,99,99,99,0,0,0,0,1,2,1,260664,4975,2009,19,I-94,99999999999999999999,0000000,42.22845,-83.57355,1,1
26,149,11,3,23,57,1,2,0,0,15,4,0,40,0,1,6,1,2,45,2,9,2,1,0,0,2,1,0,0,99,99,99,99,99,99,0,20,0,0,1,3,1,260665,0,2009,21,BUCKHORN RD,99999999999999999999,0000000,41.97306667,-85.61551667,1,1
26,49,11,16,23,12,2,2,0,1,13,6,0,12,5,2,1,5,4,35,1,9,9,1,3,3,3,1,0,0,99,99,99,99,99,99,0,0,0,0,1,2,1,260666,1730,2009,55,W PIERSON RD,DUPONT ST,0000000,43.06093889,-83.71396667,2,1
26,45,11,21,18,45,2,3,0,0,14,3,0,12,5,1,1,1,2,55,1,1,2,1,0,0,2,1,0,0,18,53,18,58,99,99,0,0,0,0,1,7,0,260667,0,2009,75,SR-100,99999999999999999999,0000000,42.72998333,-84.73961389,2,1
26,111,11,5,12,11,2,3,0,0,4,4,0,12,5,2,1,1,2,55,1,1,2,1,20,3,1,1,0,0,12,12,12,31,99,99,0,22,0,0,1,5,0,260668,0,2009,10,COLEMAN,REDSTONE,0000000,43.48039167,-84.58863333,2,1
26,15,11,2,17,15,1,2,0,0,3,3,0,53,0,1,4,1,2,40,2,1,2,1,0,0,1,1,0,0,17,15,17,17,99,99,0,0,0,0,1,2,0,260669,0,2009,56,SR-43,99999999999999999999,0000000,42.49061111,-85.41003333,1,1
26,81,11,23,7,11,2,2,0,0,13,3,0,12,2,1,1,2,2,55,1,2,1,1,0,0,2,1,0,0,7,23,7,25,99,99,0,0,0,0,1,2,1,260670,0,2009,11,SR-44,99999999999999999999,0000000,43.04386389,-85.58881667,2,1
26,75,11,21,1,34,1,1,0,0,4,4,0,42,0,1,6,1,2,55,2,2,2,1,0,0,2,1,0,0,1,35,1,47,88,88,0,0,0,0,1,7,1,260671,3466,2009,40,STONEY LAKE,99999999999999999999,0000000,42.16225833,-84.27790278,1,1
26,163,11,13,19,10,3,7,0,1,13,3,0,12,1,3,1,2,3,35,1,9,9,1,3,3,2,1,0,0,99,99,99,99,99,99,0,0,0,0,1,6,1,260672,1260,2009,43,SR-85,DEARBORN,0000000,42.2937,-83.13635556,3,1
26,163,11,15,2,0,2,1,0,0,14,6,0,14,1,1,4,1,2,35,1,9,9,1,0,0,3,1,0,0,99,99,99,99,99,99,0,0,0,0,1,1,1,260673,1260,2009,27,LAHSER,99999999999999999999,0000000,42.42166667,-83.25819167,1,1
26,35,12,9,16,21,2,2,0,0,3,3,0,12,4,1,1,1,2,55,1,2,2,2,0,0,1,4,0,0,16,24,16,30,99,99,0,0,0,0,1,4,0,260675,0,2009,201,SR-61,99999999999999999999,0000000,43.98844444,-84.72336667,2,4
26,151,12,8,10,5,1,1,0,0,3,3,0,42,0,1,6,1,2,55,1,1,2,1,0,0,1,1,0,0,10,5,10,29,99,99,0,0,0,0,1,3,0,260676,0,2009,282,SR-25,99999999999999999999,0000000,43.56385,-82.59143889,1,1
26,163,9,24,13,44,2,5,0,1,13,2,0,12,5,2,1,2,4,55,1,9,9,1,3,3,1,1,0,0,99,99,99,99,99,99,0,0,0,0,1,5,0,260677,5140,2009,65,US-12,HANNAN,0000000,42.27888056,-83.42712778,2,1
26,139,11,25,22,8,1,4,1,1,13,2,0,8,0,2,1,2,3,55,1,1,2,1,3,3,3,2,0,0,22,9,22,10,99,99,0,0,0,0,1,4,0,260678,0,2009,36,US-31,FELCH,0000000,42.81928056,-86.09134444,1,2
26,125,11,30,10,20,2,2,0,0,13,6,0,12,5,2,1,2,3,45,1,1,1,1,3,3,1,1,0,0,10,23,10,27,99,99,0,0,0,0,1,2,0,260679,4905,2009,67,CROOKS,LONG LAKE,0000000,42.59125833,-83.16882222,2,1
26,133,11,22,7,15,2,3,0,0,4,4,0,12,5,2,1,1,2,55,1,9,9,2,20,3,2,5,0,0,99,99,99,99,99,99,0,0,0,0,1,1,0,260680,0,2009,20,OLD 31,2 MILE,0000000,43.84449444,-85.50341667,2,5
26,163,10,30,23,35,1,5,4,0,15,6,0,8,0,2,1,1,2,25,1,9,9,2,0,0,3,1,0,0,99,99,99,99,99,99,0,0,0,0,1,6,0,260681,1260,2009,63,CONNER AVE,MONITOR ST,0000000,42.444675,-83.02022222,1,1
26,163,10,13,21,55,1,3,0,0,15,6,0,1,0,1,1,2,4,35,1,9,9,1,0,0,3,1,0,0,99,99,99,99,99,99,0,0,0,0,1,3,1,260682,1260,2009,3,CHRYSLER SERVICE DR,99999999999999999999,0000000,42.37848333,-83.06213333,1,1
26,163,10,26,21,9,2,5,0,0,13,6,0,12,5,2,1,1,4,30,1,9,9,1,3,3,3,1,0,0,99,99,99,99,99,99,0,20,0,0,2,2,0,260683,1260,2009,25,LINWOOD,FULLERTON,0000000,42.38853611,-83.11901944,2,1
26,79,11,26,10,3,2,5,0,0,3,3,0,12,5,2,1,1,2,55,1,1,2,2,20,3,1,2,0,0,10,3,10,15,88,88,0,22,0,0,2,5,0,260684,0,2009,90,SR-66,BOARDMAN RD,0000000,44.64084167,-85.17515556,2,2
26,113,11,30,21,42,2,3,0,0,3,3,0,12,4,1,1,1,2,55,1,1,2,3,0,0,2,4,0,0,21,45,21,53,99,99,0,0,0,0,1,2,0,260685,0,2009,12,SR-55,99999999999999999999,0000000,44.33915,-85.18996111,2,4
26,21,12,7,7,2,1,1,0,1,1,1,0,3,0,1,6,2,3,70,1,1,1,3,0,0,4,4,0,0,7,6,7,12,88,88,0,0,0,0,1,2,0,260686,0,2009,5,I-94,99999999999999999999,0000000,41.76490556,-86.74356389,1,4
26,163,12,1,0,10,2,4,0,0,13,3,0,14,9,1,5,1,2,30,2,9,9,1,0,0,3,1,0,0,99,99,99,99,99,99,0,0,0,0,2,3,1,260687,1260,2009,10,SR-97,99999999999999999999,0000000,42.42123611,-83.00405278,1,1
26,163,9,26,11,32,2,4,0,1,13,3,0,12,4,8,1,5,4,35,1,9,9,1,0,0,1,1,0,0,99,99,99,99,99,99,0,0,0,0,1,7,0,260688,1260,2009,29,SR-5,99999999999999999999,0000000,42.39964444,-83.2156,2,1
26,163,10,18,11,25,3,2,1,1,13,3,0,29,0,1,4,5,6,35,1,9,9,1,0,0,1,1,0,0,99,99,99,99,99,99,0,0,0,0,1,1,0,260689,1260,2009,18,SR-3,99999999999999999999,0000000,42.35519167,-83.03026389,1,1
26,75,11,13,20,7,2,2,0,1,11,1,0,12,1,1,1,2,4,70,1,1,1,1,0,0,2,1,0,0,20,7,20,10,88,88,0,0,0,0,1,6,0,260690,0,2009,134,I-94,99999999999999999999,0000000,42.26906389,-84.45079444,2,1
26,81,11,25,19,35,3,4,1,1,13,3,0,8,0,1,1,5,4,40,1,1,2,2,0,0,3,2,0,0,19,35,19,38,99,99,0,0,0,0,1,4,0,260691,2010,2009,127,SR-11,99999999999999999999,0000000,42.91280278,-85.64773333,3,2
26,161,11,27,6,15,2,1,0,1,1,1,0,12,4,1,1,2,2,70,2,2,1,4,0,0,2,4,0,0,6,15,6,15,88,88,0,19,0,0,1,6,0,260692,4799,2009,25,I-94,99999999999999999999,0000000,42.2916,-84.08432778,1,4
26,21,12,12,18,49,1,3,1,1,11,1,0,8,0,1,1,2,3,70,1,1,2,1,0,0,2,3,0,0,18,51,19,0,88,88,0,0,0,0,1,7,0,260693,0,2009,191,I-94,99999999999999999999,0000000,41.97712778,-86.54526111,1,3
26,65,12,5,13,15,1,2,1,0,15,6,0,8,0,1,1,5,2,30,1,1,2,1,0,0,1,1,0,0,13,15,13,18,99,99,0,0,0,0,1,7,0,260694,2700,2009,12,GRAND RIVER AVE,99999999999999999999,0000000,42.747375,-84.53670556,1,1
26,125,10,7,11,45,1,1,0,0,4,4,0,18,0,1,1,1,2,55,1,1,5,2,0,0,1,1,0,0,11,46,11,49,88,88,0,22,0,0,1,4,0,260695,0,2009,35,LEONARD,99999999999999999999,0000000,42.86611944,-83.11393333,1,1
26,123,11,7,15,45,2,3,0,0,3,3,0,12,5,2,1,1,4,40,1,1,2,1,20,3,1,1,0,0,15,48,15,50,99,99,0,0,0,0,1,7,0,260696,3490,2009,84,SR-37,BROOKS,0000000,43.41113056,-85.80649444,2,1
26,81,11,15,11,47,4,8,0,0,3,3,0,12,2,1,1,1,2,55,1,9,9,1,0,0,1,1,0,0,99,99,99,99,99,99,0,22,0,0,2,1,1,260697,0,2009,133,SR-57,99999999999999999999,0000000,43.17638889,-85.39608611,4,1
26,25,12,12,18,28,1,3,0,0,6,4,0,42,0,1,6,1,2,55,1,2,4,4,0,0,2,1,0,0,18,30,18,47,99,99,0,22,0,0,1,7,1,260698,0,2009,3,U DR SOUTH,99999999999999999999,0000000,42.09613611,-84.72381667,1,1
26,121,12,12,0,39,1,2,1,0,6,4,0,8,0,1,1,1,2,55,1,9,9,3,0,0,2,1,0,0,99,99,99,99,88,88,0,0,0,0,1,7,1,260699,0,2009,20,TYLER,99999999999999999999,0000000,43.31787222,-86.25280278,1,1
26,155,11,14,20,28,1,1,0,0,6,4,0,11,0,1,1,1,2,55,1,1,4,1,0,0,2,1,0,0,20,31,20,45,99,99,0,22,0,0,1,7,1,260700,0,2009,56,BRADEN,99999999999999999999,0000000,42.79338611,-84.01901667,1,1
26,125,12,1,19,44,2,5,0,0,14,6,0,12,4,2,1,5,5,45,1,1,1,1,3,3,2,1,0,0,19,46,19,48,99,99,0,0,0,0,1,3,0,260701,4905,2009,101,JOHN R,LONG LAKE,0000000,42.59268056,-83.10957778,2,1
26,127,12,5,14,50,2,5,0,0,4,4,0,12,4,1,1,1,2,55,1,2,2,4,0,0,1,1,0,0,14,55,15,7,99,99,0,0,0,0,1,7,0,260702,0,2009,24,TYLER,99999999999999999999,0000000,43.70203889,-86.31711111,2,1
26,159,12,9,19,57,1,1,0,0,4,4,0,34,0,1,6,1,2,55,1,9,9,4,0,0,2,4,0,0,99,99,99,99,99,99,0,22,0,0,1,4,0,260703,0,2009,56,COUNTY RD 687,99999999999999999999,0000000,42.15958611,-86.16697222,1,4
26,163,12,19,17,57,2,3,0,0,14,6,0,12,2,2,1,5,4,35,1,1,2,3,3,3,3,4,0,0,17,57,17,57,99,99,0,0,0,0,1,7,0,260704,3140,2009,7,ALLEN,OAKWOOD,0000000,42.28134444,-83.18804722,2,4
26,93,9,30,18,15,1,1,0,0,6,4,0,1,0,1,6,1,2,55,2,9,9,1,0,0,1,1,0,0,99,99,99,99,88,88,0,22,0,0,1,4,1,260705,2114,2009,3,SWARTHOUT,99999999999999999999,0000000,42.48774722,-83.90814444,1,1
26,81,10,3,22,25,2,3,0,0,6,6,0,12,5,2,1,5,4,45,1,9,9,1,5,3,3,1,0,0,99,99,99,99,99,99,0,0,0,0,1,7,1,260706,840,2009,30,WHITE CREEK,17 MILE,0000000,43.21993889,-85.57126389,2,1
26,155,11,15,21,14,1,2,1,0,4,4,0,8,0,8,1,1,2,55,1,1,1,1,0,0,2,9,0,0,21,14,99,99,88,88,0,0,0,0,1,1,0,260707,0,2009,1,MORRICE,99999999999999999999,0000000,42.77814167,-84.173125,1,9
26,51,11,14,20,42,1,1,0,0,3,3,0,1,0,1,6,1,2,55,2,1,2,1,0,0,2,1,0,0,20,42,20,55,99,99,0,0,0,0,1,7,1,260708,0,2009,18,SR-30,99999999999999999999,0000000,44.15396111,-84.34008889,1,1
26,55,12,3,19,36,2,6,3,1,2,2,0,12,1,1,1,1,2,55,1,2,2,4,0,0,2,4,0,0,19,36,19,43,99,99,0,22,19,0,1,5,0,260709,0,2009,12,US-31,99999999999999999999,0000000,44.65877778,-85.79418889,2,4
26,129,12,7,15,9,1,1,0,0,5,4,0,1,0,1,6,1,2,55,1,1,2,4,0,0,1,1,0,0,15,13,15,25,88,88,0,0,0,0,1,2,1,260710,0,2009,66,E COUNTY LINE,99999999999999999999,0000000,44.37074167,-83.88383333,1,1
26,137,12,13,0,45,2,5,0,0,6,4,0,12,4,1,1,1,2,25,2,1,2,3,0,0,2,4,0,0,0,46,1,0,99,99,0,0,0,0,1,1,0,260711,0,2009,5,CHIPPEWA,99999999999999999999,0000000,44.97990278,-84.40162778,2,4
26,57,12,11,16,35,1,1,0,0,6,4,0,34,0,1,6,1,2,55,1,1,4,3,0,0,1,1,0,0,16,35,16,50,99,99,0,22,0,0,1,6,0,260712,0,2009,5,WOODBRIDGE,99999999999999999999,0000000,43.29929167,-84.40933333,1,1
26,161,12,6,19,8,1,3,1,0,13,2,0,8,0,1,1,5,4,50,1,9,2,1,0,0,1,1,0,0,19,8,19,10,88,88,0,0,0,0,1,1,0,260713,0,2009,46,US-12,99999999999999999999,0000000,42.25106389,-83.56150556,1,1
26,125,12,10,6,15,1,2,1,1,13,3,0,8,0,1,1,5,4,35,1,1,2,3,0,0,2,4,0,0,6,15,6,20,99,99,0,0,0,0,1,5,0,260714,3712,2009,67,SR-24,99999999999999999999,0000000,42.77438889,-83.239025,1,4
26,145,12,15,18,15,1,1,0,0,16,4,0,42,0,1,5,1,2,55,1,2,2,1,0,0,2,1,0,0,18,21,18,25,99,99,0,22,0,0,1,3,0,260715,0,2009,3,VANWORMER RD,99999999999999999999,0000000,43.40576389,-84.09163056,1,1
26,149,12,20,19,54,1,2,0,0,4,4,0,1,0,1,6,1,2,55,1,1,2,4,0,0,2,1,0,0,19,57,20,6,88,88,0,0,0,0,2,1,0,260716,0,2009,11,FEATHERSTONE RD,99999999999999999999,0000000,41.84969167,-85.65224722,1,1