STATE,COUNTY,MONTH,DAY,HOUR,MINUTE,VE_TOTAL,PERSONS,PEDS,NHS,ROAD_FNC,ROUTE,SP_JUR,HARM_EV,MAN_COLL,REL_JUNC,REL_ROAD,TRAF_FLO,NO_LANES,SP_LIMIT,ALIGNMNT,PROFILE,PAVE_TYP,SUR_COND,TRA_CONT,T_CONT_F,LGT_COND,WEATHER1,WEATHER2,WRK_ZONE,NOT_HOUR,NOT_MIN,ARR_HOUR,ARR_MIN,HOSP_HR,HOSP_MN,SCH_BUS,CF1,CF2,CF3,FATALS,DAY_WEEK,DRUNK_DR,ST_CASE,CITY,YEAR,MILEPT,TWAY_ID,TWAY_ID2,RAIL,LATITUDE,LONGITUD,VE_FORMS,WEATHER
26,149,12,22,14,0,2,2,0,0,13,6,0,12,4,1,1,1,2,35,2,1,2,4,0,0,1,4,0,0,14,2,14,16,88,88,0,20,0,0,1,3,2,260717,0,2009,53,WASHINGTON ST,99999999999999999999,0000000,41.83253889,-85.66285,2,4
26,77,12,21,22,15,1,2,0,0,14,6,0,33,0,1,4,1,4,40,2,9,9,2,0,0,2,1,0,0,99,99,99,99,99,99,0,0,0,0,1,2,1,260718,2520,2009,27,E CORK ST,99999999999999999999,0000000,42.25954167,-85.53629167,1,1
26,161,12,8,3,14,1,1,0,1,1,1,0,37,0,1,3,2,2,70,1,1,2,1,0,0,2,1,0,0,3,15,3,20,88,88,0,0,0,0,1,3,1,260719,4799,2009,37,I-94,99999999999999999999,0000000,42.29272222,-84.06631111,1,1
26,143,12,11,12,20,2,3,0,0,3,3,0,12,5,2,1,1,2,55,1,1,2,3,20,3,1,4,0,0,12,21,12,29,99,99,0,22,0,0,1,6,0,260720,0,2009,36,SR-18,JOYCE KILMER,0000000,44.51076944,-84.50960278,2,4
26,81,12,23,22,54,1,1,0,0,14,6,0,33,0,1,4,2,2,35,1,1,2,1,0,0,3,1,0,0,22,53,22,58,99,99,0,0,0,0,1,4,0,260721,5319,2009,91,CLYDE PARK,99999999999999999999,0000000,42.89825833,-85.68520556,1,1
26,163,3,11,8,20,2,2,0,0,16,6,0,12,7,1,1,1,2,25,1,9,9,9,0,0,1,1,0,0,99,99,99,99,99,99,0,0,0,0,1,4,0,260722,1260,2009,8,LINSDALE,99999999999999999999,0000000,42.35994722,-83.12791667,2,1
26,121,9,5,2,35,1,2,1,1,13,6,0,9,0,1,1,1,4,45,1,1,2,1,0,0,3,9,0,0,99,99,99,99,99,99,0,0,0,0,1,7,0,260723,3450,2009,30,SHERMAN,99999999999999999999,0000000,43.20500278,-86.20439444,1,9
26,163,10,2,5,12,2,2,0,0,14,6,0,12,5,2,1,1,4,45,1,1,2,2,20,3,3,2,0,0,99,99,5,12,88,88,0,0,0,0,1,6,0,260724,4295,2009,30,VANBORD,DORAL,0000000,42.267,-83.36859167,2,2
26,163,10,11,9,58,3,3,0,1,13,2,0,13,2,1,1,2,4,45,1,1,2,1,0,0,1,1,0,0,10,1,10,2,99,99,0,0,0,0,1,1,0,260725,1212,2009,128,US-24,99999999999999999999,0000000,42.27473333,-83.27032222,3,1
26,139,11,29,14,42,2,4,0,0,14,4,0,12,5,2,1,5,4,50,1,1,2,2,20,3,1,1,0,0,14,43,14,47,99,99,0,0,0,0,1,1,0,260726,0,2009,50,RILEY,COUNTRY VIEW,0000000,42.82653611,-86.11328611,2,1
26,123,11,26,12,15,2,6,0,0,6,4,0,12,2,2,1,1,2,55,1,1,2,2,20,3,1,2,0,0,99,99,99,99,99,99,0,0,0,0,1,5,0,260727,0,2009,29,22 MILE,TYRONE,0000000,43.29326389,-85.73236944,2,2
26,161,12,11,7,40,1,1,0,0,14,4,0,42,0,1,6,1,2,50,1,1,1,1,0,0,2,9,0,0,7,40,7,45,88,88,0,0,0,0,1,6,1,260728,0,2009,85,GEDDES,99999999999999999999,0000000,42.27621389,-83.57778333,1,9
26,45,12,15,20,58,2,2,0,1,1,1,0,12,1,1,1,2,2,70,1,1,1,1,0,0,2,1,0,0,20,58,21,5,99,99,0,0,0,0,1,3,0,260729,0,2009,226,I-69,99999999999999999999,0000000,42.65274167,-84.68961111,2,1
26,161,12,20,22,48,1,1,0,0,15,4,0,42,0,1,6,1,2,55,1,1,2,3,0,0,2,4,0,0,22,50,22,55,88,88,0,22,0,0,1,1,0,260730,0,2009,35,RAWSONVILLE,99999999999999999999,0000000,42.13664444,-83.541025,1,4
26,151,12,23,10,46,2,5,0,0,4,4,0,12,5,2,1,1,2,55,1,1,2,1,20,3,1,1,0,0,10,49,11,1,99,99,0,0,0,0,1,4,1,260731,0,2009,158,GALBRAITH LINE,TODD,0000000,43.19184722,-82.68460833,2,1
26,151,12,28,7,44,2,2,0,0,2,3,0,12,4,1,1,1,2,55,1,1,2,3,0,0,1,4,0,0,7,50,8,3,99,99,0,0,0,0,1,2,2,260732,0,2009,66,SR-46,99999999999999999999,0000000,43.41770556,-82.97432778,2,4
26,157,12,26,18,40,1,3,0,0,5,4,0,42,0,1,6,1,2,55,2,1,2,1,0,0,5,1,0,0,99,99,99,99,99,99,0,0,0,0,1,7,1,260733,40,2009,118,GILFORD,99999999999999999999,0000000,43.49515,-83.46450833,1,1
26,59,12,29,13,52,2,4,0,0,3,3,0,12,5,2,1,1,3,55,1,9,2,1,20,3,1,1,0,0,99,99,99,99,99,99,0,0,0,0,1,3,0,260734,2510,2009,45,SR-99,INDUSTRIAL,0000000,41.96851944,-84.67103056,2,1
26,125,3,17,1,0,1,1,0,1,13,3,0,21,0,1,4,2,3,45,1,9,2,1,0,0,3,1,0,0,99,99,99,99,99,99,0,0,0,0,1,3,0,260735,4567,2009,60,SR-102,99999999999999999999,0000000,42.44496389,-83.20538611,1,1
26,47,8,20,16,20,4,7,0,1,13,2,0,12,2,1,1,1,2,55,2,1,2,1,0,0,1,1,0,0,16,20,16,27,99,99,0,0,0,0,4,5,0,260736,3930,2009,35,US-31,99999999999999999999,0000000,45.35991111,-85.02469444,4,1
26,73,9,7,21,10,1,2,0,0,4,4,0,30,0,1,6,1,2,55,2,1,2,1,0,0,2,1,0,0,99,99,99,99,88,88,0,22,0,0,1,2,0,260737,0,2009,1,WYMAN,99999999999999999999,0000000,43.46718611,-85.04516667,1,1
26,49,9,10,7,59,1,2,1,0,13,6,0,9,0,1,1,1,4,50,1,1,2,1,0,0,1,1,0,0,7,59,8,5,99,99,0,0,0,0,1,5,0,260738,686,2009,35,DAVISON,99999999999999999999,0000000,43.03351389,-83.60673056,1,1
26,163,10,16,5,22,1,1,0,1,11,1,0,26,0,13,4,6,2,55,2,2,1,1,0,0,3,1,0,0,5,28,5,32,99,99,0,0,0,0,1,6,1,260739,1260,2009,3,I-96 RAMP,99999999999999999999,0000000,42.37878056,-83.20816389,1,1
26,99,10,4,0,7,1,2,1,1,13,3,0,9,0,1,1,2,4,45,1,1,2,2,0,0,2,2,0,0,0,9,0,15,99,99,0,0,0,0,1,1,0,260740,1009,2009,74,SR-3,99999999999999999999,0000000,42.54636111,-82.90493611,1,2
26,55,12,15,12,3,2,4,0,1,2,2,0,12,2,2,1,1,2,55,1,1,2,4,0,0,1,4,0,0,12,4,12,10,99,99,0,0,0,0,2,3,0,260741,0,2009,11,US-31,MORGAN RUN,0000000,44.65873333,-85.79476944,2,4
26,81,12,16,18,28,3,4,0,1,11,1,0,34,0,1,3,2,2,70,2,2,1,1,0,0,2,1,0,0,18,30,18,42,99,99,0,0,0,0,1,4,0,260742,785,2009,225,I-96,99999999999999999999,0000000,42.87862222,-85.467475,3,1
26,125,12,1,0,35,1,2,0,0,6,4,0,42,0,1,6,1,2,55,1,9,9,1,0,0,2,1,0,0,99,99,99,99,99,99,0,22,0,0,1,3,0,260743,0,2009,43,JOSSMAN,99999999999999999999,0000000,42.85259167,-83.49184444,1,1
26,163,6,11,21,46,1,2,1,0,13,6,0,8,0,1,1,4,4,30,1,1,2,2,0,0,3,1,0,0,99,99,99,99,99,99,0,0,0,0,1,5,0,260744,1260,2009,114,W SEVEN MILE RD,99999999999999999999,0000000,42.43024722,-83.21100278,1,1
26,163,6,13,2,11,2,2,0,0,14,6,0,12,2,1,1,1,2,30,1,1,2,1,0,0,2,1,0,0,99,99,99,99,88,88,0,0,0,0,1,7,1,260745,1260,2009,18,CENTRAL,99999999999999999999,0000000,42.32613056,-83.13405,2,1
26,163,6,22,0,30,2,4,0,0,14,6,0,12,5,2,1,1,4,99,2,1,2,1,3,3,2,1,0,0,99,99,99,99,99,99,0,0,0,0,2,2,1,260746,1260,2009,45,HARPER,DEVONSHIRE,0000000,42.40931944,-82.9468,2,1
26,163,6,22,17,40,1,4,1,1,13,3,0,8,0,1,1,5,6,35,1,1,2,1,0,0,1,1,0,0,99,99,99,99,99,99,0,0,0,0,1,2,0,260747,1260,2009,74,SR-3,99999999999999999999,0000000,42.42869167,-82.9819,1,1
26,163,6,28,1,15,1,3,1,1,13,6,0,8,0,1,1,5,6,35,1,1,2,1,0,0,3,1,0,0,99,99,99,99,99,99,0,0,0,0,1,1,0,260748,1260,2009,39,E JEFFERSON,99999999999999999999,0000000,42.36364722,-82.97767778,1,1
26,115,7,9,4,41,1,2,1,0,14,4,0,8,0,1,1,5,2,45,1,1,2,1,0,0,2,1,0,0,4,42,4,54,88,88,0,0,0,0,1,5,0,260749,0,2009,46,DIXIE HWY,99999999999999999999,0000000,41.94734444,-83.31177778,1,1
26,163,7,9,0,25,1,2,1,1,13,3,0,9,0,2,1,5,4,35,1,1,2,1,0,0,3,1,0,0,99,99,99,99,99,99,0,0,0,0,1,5,0,260750,1260,2009,34,SR-5,METTETAL,0000000,42.39639722,-83.20761667,1,1
26,163,7,12,5,10,1,2,0,0,14,6,0,24,0,1,2,2,2,30,2,1,2,1,0,0,4,1,0,0,99,99,99,99,99,99,0,0,0,0,1,1,0,260751,1260,2009,1,HARPER,99999999999999999999,0000000,42.37919444,-83.03296667,1,1
26,163,7,16,17,30,2,1,0,1,13,6,0,33,0,1,4,1,2,30,1,1,2,1,0,0,1,1,0,0,99,99,99,99,99,99,0,0,0,0,1,5,0,260752,1260,2009,77,EVERGREEN,99999999999999999999,0000000,42.41876389,-83.23835556,1,1
26,163,7,18,21,45,2,2,0,0,13,6,0,12,4,2,1,1,2,30,1,1,2,1,0,0,3,1,0,0,99,99,99,99,99,99,0,0,0,0,1,7,2,260753,1260,2009,218,E SEVEN MILE RD,RUNYON,0000000,42.43436389,-83.00712778,2,1
26,163,7,31,20,30,1,1,0,1,13,6,0,40,0,1,4,4,3,30,1,1,2,1,0,0,1,1,0,0,99,99,99,99,99,99,0,0,0,0,1,6,1,260754,1260,2009,29,E WARREN,99999999999999999999,0000000,42.37010278,-83.02863889,1,1
26,163,7,5,0,20,1,2,1,0,14,6,0,8,0,1,1,1,4,30,1,1,2,1,0,0,2,1,0,0,99,99,99,99,99,99,0,0,0,0,1,1,0,260755,1260,2009,54,W CHICAGO,99999999999999999999,0000000,42.36650833,-83.14285278,1,1
26,163,8,19,21,35,1,1,0,0,15,6,0,30,0,1,4,1,2,25,1,1,2,1,0,0,3,1,0,0,99,99,99,99,88,88,0,0,0,0,1,4,0,260756,1260,2009,14,SCOTTEN,99999999999999999999,0000000,42.33168056,-83.10160833,1,1
26,115,8,5,18,25,1,4,0,0,9,4,8,5,0,1,1,1,2,15,2,9,2,1,0,0,1,1,0,0,18,29,18,37,99,99,0,0,0,0,1,4,0,260757,0,2009,5,STATE PARK,99999999999999999999,0000000,41.92359444,-83.34453889,1,1
26,163,9,12,1,45,2,3,0,0,13,6,0,12,5,2,1,1,2,30,1,1,2,1,20,3,3,1,0,0,99,99,99,99,99,99,0,0,0,0,2,7,2,260758,1260,2009,227,E SEVEN MILE RD,JOANN,0000000,42.43483611,-82.99003611,2,1
26,163,9,4,16,25,2,2,1,0,15,6,0,8,0,1,1,1,2,30,1,1,2,1,0,0,1,1,0,0,99,99,99,99,99,99,0,0,0,0,1,6,0,260759,1260,2009,22,CHENE,99999999999999999999,0000000,42.36281667,-83.03886944,1,1
26,107,10,3,22,21,1,1,0,0,6,4,0,1,0,3,2,1,2,55,1,1,2,9,20,3,2,1,0,0,22,24,22,36,88,88,0,22,0,0,1,7,1,260760,0,2009,6,160TH AVE,BEECH RD,0000000,43.8036,-85.40232778,1,1
26,107,10,9,14,48,2,2,0,0,4,3,0,12,5,1,1,1,2,55,1,1,2,2,0,0,1,2,0,0,14,48,15,3,88,88,0,22,0,0,1,6,0,260761,0,2009,116,SR-131,99999999999999999999,0000000,43.62229167,-85.48336389,2,2
26,115,10,9,19,26,2,5,0,0,14,4,0,12,8,1,1,1,2,45,1,1,2,2,0,0,2,2,0,0,19,30,19,38,99,99,0,0,0,0,1,6,0,260762,0,2009,36,N DIXIE HWY,99999999999999999999,0000000,41.9381,-83.32651944,2,2
26,163,10,25,4,5,2,3,1,0,16,6,0,8,0,1,1,1,2,25,1,1,2,2,0,0,3,1,0,0,99,99,99,99,99,99,0,0,0,0,1,1,0,260763,1260,2009,1,ROBSON,99999999999999999999,0000000,42.38133056,-83.19230556,1,1
26,163,10,22,15,15,2,3,0,1,13,3,0,12,5,2,1,5,6,35,1,1,2,1,3,3,1,1,0,0,99,99,99,99,99,99,0,0,0,0,1,5,0,260764,1260,2009,67,SR-5,OAKMAN,0000000,42.37349444,-83.15072222,2,1
26,163,11,8,13,32,2,4,0,0,13,6,0,12,5,2,1,5,4,40,1,1,1,1,3,3,1,1,0,0,13,32,13,42,99,99,0,0,0,0,1,1,0,260765,4815,2009,1,ALLEN,GODDARD,0000000,42.22754444,-83.229825,2,1
26,163,11,5,9,44,2,2,0,1,13,3,0,12,2,1,1,5,7,30,1,1,2,1,0,0,1,1,0,0,99,99,99,99,99,99,0,0,0,0,1,5,0,260766,1260,2009,41,SR-1,99999999999999999999,0000000,42.36353056,-83.06872222,2,1
26,163,11,5,21,10,1,2,1,0,14,6,0,8,0,1,1,1,2,25,1,1,2,1,0,0,3,1,0,0,99,99,99,99,99,99,0,0,0,0,1,5,0,260767,1260,2009,4,ATWATER,99999999999999999999,0000000,42.32569167,-83.04689444,1,1
26,67,12,14,3,23,1,2,0,0,14,4,0,42,0,1,4,1,2,45,1,1,2,4,0,0,3,1,0,0,3,23,3,27,99,99,0,0,0,0,1,2,1,260768,0,2009,29,W MAIN ST,99999999999999999999,0000000,42.97881111,-85.08304167,1,1
26,163,12,11,16,9,2,5,0,0,15,6,0,12,5,2,1,1,2,25,1,1,1,2,3,3,1,1,0,0,99,99,99,99,99,99,0,0,0,0,1,6,0,260769,1260,2009,13,FREUD,DICKERSON,0000000,42.36699444,-82.950275,2,1
26,163,12,15,1,25,1,2,0,0,13,6,0,42,0,3,4,1,3,30,1,1,2,2,0,0,3,1,0,0,99,99,99,99,99,99,0,0,0,0,1,3,0,260770,1260,2009,216,E SEVEN MILE RD,LANGHOLM,0000000,42.43424167,-83.01119444,1,1
26,163,12,23,19,20,1,1,0,0,14,6,0,39,0,1,4,1,2,25,2,1,2,4,0,0,3,1,0,0,99,99,99,99,88,88,0,0,0,0,1,4,1,260771,1260,2009,1,CLARK,99999999999999999999,0000000,42.33054722,-83.10274722,1,1
26,99,12,25,21,3,2,4,0,0,14,4,0,12,5,2,1,1,2,50,1,1,2,2,20,3,3,2,0,0,99,99,99,99,99,99,0,0,0,0,1,6,1,260772,5111,2009,56,MOUND RD,RICKETT DR,0000000,42.73824167,-83.05670278,2,2
26,163,9,30,22,35,2,3,1,1,13,3,0,8,0,1,1,5,4,35,1,9,9,1,0,0,3,1,0,0,99,99,99,99,99,99,0,0,0,0,1,4,0,260773,1260,2009,38,SR-5,99999999999999999999,0000000,42.39370278,-83.20092222,2,1
26,45,10,3,16,0,1,1,0,0,4,4,0,38,0,1,6,1,2,55,2,9,1,1,0,0,1,1,0,0,16,7,16,24,99,99,0,22,0,0,1,7,0,260774,0,2009,48,IONIA,99999999999999999999,0000000,42.51095556,-85.01443889,1,1
26,45,10,9,4,13,1,1,0,0,4,4,0,42,0,1,6,1,2,55,1,1,1,2,0,0,2,2,0,0,4,14,4,23,99,99,0,22,0,0,1,6,0,260775,0,2009,112,BELLEVUE,99999999999999999999,0000000,42.45075833,-84.70100556,1,2
26,45,10,9,22,0,2,3,0,0,14,3,0,12,2,1,1,1,2,55,1,1,2,2,0,0,2,2,0,0,22,5,22,10,99,99,0,0,0,0,1,6,1,260776,0,2009,167,SR-43,99999999999999999999,0000000,42.750275,-84.76587222,2,2
26,99,11,6,22,50,1,2,1,1,13,3,0,8,0,1,1,2,4,40,1,1,2,1,0,0,3,1,0,0,22,52,22,59,88,88,0,0,0,0,1,6,0,260777,5110,2009,47,SR-102,99999999999999999999,0000000,42.44937222,-82.99599167,1,1
26,81,11,28,21,44,1,3,1,1,13,3,0,15,0,2,1,2,2,40,1,1,2,1,20,3,2,1,0,0,21,45,21,48,99,99,0,0,0,0,1,7,0,260778,5319,2009,88,SR-11,FOREST GROVE,0000000,42.91400556,-85.7237,1,1
26,111,12,4,10,24,1,2,0,0,6,4,0,34,0,1,6,1,2,55,1,1,2,4,0,0,1,1,0,0,10,25,10,39,99,99,0,22,0,0,1,6,0,260779,0,2009,35,TITTABAWASSEE,99999999999999999999,0000000,43.48145,-84.30083056,1,1
26,61,12,11,1,34,1,1,0,0,16,6,0,48,0,4,4,1,2,25,2,9,2,4,0,0,2,4,0,0,1,34,1,47,99,99,0,0,0,0,1,6,1,260780,2130,2009,3,TOMASI,PORTAGE,0000000,,,1,4
26,19,12,26,20,20,1,1,0,0,6,4,0,42,0,1,6,1,2,55,2,1,5,4,0,0,2,1,0,0,20,22,20,44,99,99,0,22,0,0,1,7,1,260781,0,2009,26,BURNT MILL,99999999999999999999,0000000,44.70916944,-85.88188611,1,1
26,139,12,30,9,3,2,3,0,0,15,4,0,12,5,2,1,1,2,55,1,1,2,2,20,3,1,1,0,0,9,4,9,9,99,99,0,0,0,0,1,4,0,260782,0,2009,55,120TH,RANSOM,0000000,42.84855,-86.07918889,2,1
26,99,9,12,21,2,2,4,0,0,14,6,0,12,4,1,1,1,2,45,2,1,2,1,0,0,2,1,0,0,21,3,21,8,99,99,0,0,0,0,1,7,0,260783,4731,2009,62,UTICA,99999999999999999999,0000000,42.578225,-82.99190278,2,1
26,45,9,19,15,52,2,5,0,1,11,1,0,12,7,1,1,2,2,70,1,1,2,1,0,0,1,1,0,0,15,53,16,0,99,99,0,0,0,0,1,7,0,260784,0,2009,75,I-96,99999999999999999999,0000000,42.66593333,-84.61991667,2,1
26,5,10,25,1,49,1,2,0,0,16,4,0,32,0,1,6,1,2,35,1,2,2,1,0,0,2,1,0,1,99,99,99,99,99,99,0,0,0,0,1,1,1,260785,0,2009,7,32ND,99999999999999999999,0000000,42.76804444,-86.17534167,1,1
26,29,10,16,16,24,1,1,0,0,4,4,0,1,0,1,6,1,2,55,2,2,2,1,0,0,1,1,0,0,16,25,16,29,99,99,0,0,0,0,1,6,0,260786,0,2009,36,BOYNE CITY JORDANVIL,99999999999999999999,0000000,45.14690556,-85.05325556,1,1
26,77,11,27,22,59,1,1,0,0,4,4,0,42,0,1,6,1,2,55,1,1,2,1,0,0,2,1,0,0,22,59,99,99,88,88,0,0,0,0,1,6,0,260787,0,2009,165,W,99999999999999999999,0000000,42.11488333,-85.44193889,1,1
26,49,12,9,2,13,1,2,1,1,12,2,0,8,0,1,1,2,2,70,2,2,1,3,0,0,2,4,0,0,2,14,99,99,99,99,0,0,0,0,1,4,0,260788,1680,2009,21,US-23,99999999999999999999,0000000,42.81051389,-83.72483333,1,4
26,77,6,30,18,45,2,3,0,0,4,4,0,12,5,2,1,1,2,55,1,1,1,1,20,3,1,1,0,0,18,46,18,52,99,99,0,0,0,0,2,3,0,260789,47,2009,53,RAVINE RD,W B AVE,0000000,42.40428889,-85.69561944,2,1
26,61,12,16,9,35,2,3,0,0,2,3,0,12,1,1,1,1,2,45,2,2,2,4,0,0,1,4,0,0,9,40,9,54,99,99,0,0,0,0,1,4,1,260790,0,2009,8,SR-26,99999999999999999999,0000000,47.07989722,-88.63866111,2,4
26,77,10,15,6,25,1,2,1,0,14,3,0,8,0,1,1,1,4,55,2,3,2,2,0,0,2,2,0,0,6,25,6,30,88,88,0,0,0,0,1,5,0,260791,0,2009,30,SR-89,99999999999999999999,0000000,42.36962222,-85.38696944,1,2
26,59,12,19,10,58,2,5,0,0,3,3,0,12,4,1,1,1,2,55,1,1,2,3,0,0,1,9,0,0,11,3,11,27,99,99,0,0,0,0,1,7,1,260792,0,2009,31,SR-99,99999999999999999999,0000000,42.02015833,-84.69480556,2,9
26,161,12,21,16,19,1,1,0,0,6,4,0,42,0,1,6,1,2,55,1,2,4,4,0,0,5,1,0,0,16,15,16,19,99,99,0,22,0,0,1,2,0,260793,0,2009,106,WATERS,99999999999999999999,0000000,42.24221111,-83.80774444,1,1
26,99,10,24,10,36,2,2,0,1,13,6,0,12,1,1,1,1,2,50,1,1,1,1,0,0,1,1,0,0,10,37,10,43,88,88,0,0,0,0,1,7,0,260794,4731,2009,106,METROPOLITAN PKWY,99999999999999999999,0000000,42.56645833,-83.01413611,2,1
26,27,12,24,7,35,2,2,0,0,3,4,0,24,0,1,4,1,2,55,1,2,2,4,0,0,4,1,0,0,7,40,7,55,99,99,0,0,0,0,1,5,0,260795,0,2009,23,BARRON LAKE,99999999999999999999,0000000,41.87275556,-86.17572778,2,1
26,125,12,17,7,27,1,1,0,1,13,6,0,33,0,1,4,5,6,45,1,9,9,1,0,0,1,1,0,0,99,99,99,99,99,99,0,0,0,0,1,5,0,260796,4567,2009,39,SOUTHFIELD,99999999999999999999,0000000,42.47521389,-83.22128611,1,1
26,23,10,22,19,0,1,1,0,0,6,4,0,42,0,1,6,1,2,45,1,9,9,1,0,0,2,2,0,0,99,99,99,99,88,88,0,0,0,0,1,5,1,260797,0,2009,5,WHITMORE RD,99999999999999999999,0000000,41.94876667,-85.24891667,1,2
26,163,11,14,17,1,1,3,1,1,11,1,0,8,0,1,1,2,5,55,1,1,1,1,0,0,3,1,0,0,17,5,17,20,99,99,0,0,0,0,1,7,0,260798,1260,2009,17,I-75,99999999999999999999,0000000,42.3499,-83.04697778,1,1
26,65,11,25,6,0,2,3,0,0,14,6,0,12,2,1,1,1,2,45,1,1,1,2,0,0,3,2,0,0,6,4,6,7,99,99,0,0,0,0,1,4,0,260799,2700,2009,65,WAVERLY RD,99999999999999999999,0000000,42.67704722,-84.60304722,2,2
26,15,12,7,17,26,1,1,0,0,4,4,0,42,0,1,6,1,2,55,1,2,1,1,0,0,5,1,0,0,17,31,17,44,88,88,0,22,0,0,1,2,0,260800,0,2009,10,DOSTER RD,99999999999999999999,0000000,42.44352222,-85.54340278,1,1
26,165,12,11,11,55,2,3,0,1,2,3,0,12,2,1,1,1,2,55,2,1,2,4,0,0,1,4,0,0,11,56,12,16,88,88,0,0,0,0,1,6,0,260801,0,2009,311,SR-115,99999999999999999999,0000000,44.16578333,-85.354425,2,4
26,121,12,18,13,5,3,3,0,0,3,4,0,12,2,1,1,1,2,55,1,9,2,1,0,0,1,1,0,0,13,5,13,10,99,99,0,0,0,0,1,6,0,260802,0,2009,106,MAPLE ISLAND RD,99999999999999999999,0000000,43.27129722,-86.06753333,3,1
26,125,12,20,19,20,1,3,1,1,13,4,0,8,0,2,1,5,4,45,1,1,2,8,3,3,2,1,0,0,19,24,19,24,99,99,0,0,0,0,1,1,0,260803,5166,2009,58,ORCHARD LAKE RD,POWERS,0000000,42.53976667,-83.36058889,1,1
26,163,5,17,5,10,1,1,0,1,12,3,0,43,0,1,4,2,5,55,2,1,1,1,0,0,3,1,0,0,5,34,5,45,99,99,0,0,0,0,1,1,1,260804,1260,2009,4,SR-8,99999999999999999999,0000000,42.39946944,-83.10713889,1,1
26,159,11,2,15,19,1,1,0,0,6,4,0,42,0,1,6,1,2,55,1,9,9,1,0,0,1,1,0,0,99,99,99,99,99,99,0,22,0,0,1,2,1,260805,0,2009,5,62ND,99999999999999999999,0000000,42.19261389,-86.15740278,1,1
26,99,10,28,19,8,1,2,1,1,13,6,0,9,0,1,1,5,4,45,1,1,1,1,0,0,3,1,0,0,19,9,19,14,99,99,0,0,0,0,1,4,0,260806,4731,2009,66,14 MILE RD,99999999999999999999,0000000,42.53718889,-83.01065278,1,1
26,163,12,13,1,7,1,2,0,0,14,6,0,10,0,6,1,5,4,40,1,2,1,1,62,3,3,1,0,0,1,9,1,10,88,88,0,0,0,0,2,1,0,260807,4815,2009,37,GODDARD RD,99999999999999999999,258136D,42.22746944,-83.23449167,1,1
26,161,10,21,16,51,2,3,0,0,14,3,0,12,5,2,1,5,4,35,1,9,9,1,20,3,1,1,0,0,99,99,99,99,99,99,0,0,0,0,1,4,0,260808,0,2009,2,SR-17,EMERICK,0000000,42.23647778,-83.59709444,2,1
26,81,10,28,9,24,2,3,0,0,15,4,0,12,2,1,1,1,2,45,1,2,2,1,0,0,1,1,0,0,9,25,9,28,99,99,0,0,0,0,1,4,0,260809,0,2009,41,10 MILE,99999999999999999999,0000000,43.11772778,-85.47876111,2,1
26,99,3,16,20,10,2,5,0,1,13,3,0,12,5,7,1,2,4,45,1,1,2,1,3,3,3,1,0,0,20,12,20,15,99,99,0,0,0,0,4,2,1,260810,4330,2009,63,SR-3,99999999999999999999,0000000,42.53277222,-82.913775,2,1
26,163,5,29,15,28,1,2,1,0,16,6,0,8,0,1,1,1,2,25,1,9,9,1,0,0,1,1,0,0,99,99,99,99,99,99,0,0,0,0,1,6,0,260811,1260,2009,5,FERDINAND,99999999999999999999,0000000,42.32000278,-83.10041389,1,1
26,163,6,20,19,22,3,6,0,1,13,6,0,12,5,2,1,1,6,35,1,9,9,1,3,3,1,1,0,0,99,99,99,99,99,99,0,20,0,0,1,7,0,260812,1260,2009,54,WARREN,ST JEAN,0000000,42.38726111,-82.98386667,3,1
26,49,12,19,8,33,1,1,0,1,11,1,0,27,0,1,4,2,3,70,2,2,2,3,0,0,1,1,0,0,8,34,8,43,99,99,0,0,0,0,1,7,0,260813,0,2009,164,I-475,99999999999999999999,0000000,43.09668889,-83.75755556,1,1
26,157,10,22,16,9,1,1,0,0,6,4,0,42,0,1,6,1,2,55,1,1,2,1,0,0,1,1,0,0,99,99,99,99,99,99,0,22,0,0,1,5,0,260814,0,2009,130,DIXON,99999999999999999999,0000000,43.46634444,-83.44096944,1,1
26,81,10,2,14,5,2,5,0,0,6,4,0,12,5,2,1,1,2,55,1,9,9,1,20,3,1,1,0,0,99,99,99,99,99,99,0,22,0,0,1,6,0,260815,131,2009,27,STAGE AVE NW,EIGHT MILE RD NW,0000000,43.08869167,-85.77798889,2,1
26,143,12,23,2,33,1,3,0,0,4,4,0,1,0,1,6,1,2,55,1,9,9,1,0,0,2,1,0,0,99,99,99,99,99,99,0,0,0,0,1,4,1,260816,0,2009,55,OLD M76,99999999999999999999,0000000,44.38005,-84.42195,1,1
26,45,12,23,5,32,1,2,1,1,13,3,0,8,0,1,1,5,4,45,1,1,2,1,0,0,3,1,0,0,5,33,5,37,99,99,0,0,0,0,1,4,0,260817,0,2009,203,SR-43,99999999999999999999,0000000,42.74108611,-84.65799444,1,1
26,45,12,16,18,29,2,2,0,0,4,4,0,1,0,1,1,1,2,55,1,1,2,1,0,0,2,1,0,0,18,31,18,34,88,88,0,0,0,0,1,4,1,260818,0,2009,217,VERMONTVILLE,99999999999999999999,0000000,42.62566944,-84.65691111,2,1
26,65,10,5,13,30,2,4,0,0,14,3,0,12,5,2,1,4,3,35,1,9,9,1,20,3,1,1,0,0,99,99,99,99,99,99,0,0,0,0,1,2,0,260819,0,2009,5,SR-127,SELLERS,0000000,42.73708333,-84.509775,2,1