STATE,COUNTY,MONTH,DAY,HOUR,MINUTE,VE_TOTAL,PERSONS,PEDS,NHS,ROAD_FNC,ROUTE,SP_JUR,HARM_EV,MAN_COLL,REL_JUNC,REL_ROAD,TRAF_FLO,NO_LANES,SP_LIMIT,ALIGNMNT,PROFILE,PAVE_TYP,SUR_COND,TRA_CONT,T_CONT_F,LGT_COND,WEATHER1,WEATHER2,WRK_ZONE,NOT_HOUR,NOT_MIN,ARR_HOUR,ARR_MIN,HOSP_HR,HOSP_MN,SCH_BUS,CF1,CF2,CF3,FATALS,DAY_WEEK,DRUNK_DR,ST_CASE,CITY,YEAR,MILEPT,TWAY_ID,TWAY_ID2,RAIL,LATITUDE,LONGITUD,VE_FORMS,WEATHER
26,49,11,8,6,39,1,2,1,0,14,4,0,8,0,1,1,1,4,45,1,9,9,1,0,0,2,5,0,0,99,99,99,99,88,88,0,0,0,0,1,1,0,260820,0,2009,70,CLIO,99999999999999999999,0000000,43.14004444,-83.73431667,1,5
26,23,12,4,16,47,3,4,0,0,13,2,0,12,2,1,1,1,4,50,1,9,9,1,0,0,1,1,0,0,99,99,99,99,99,99,0,0,0,0,1,6,0,260821,1020,2009,161,US-12,99999999999999999999,0000000,41.94504722,-85.02845,3,1
26,163,6,6,17,30,2,7,0,0,14,6,0,12,7,2,1,1,2,35,1,1,2,1,3,3,1,1,0,0,99,99,99,99,99,99,0,0,0,0,2,7,0,260822,1260,2009,33,MCGRAW ST,GRAND RIVER AVE,0000000,42.35336389,-83.10089444,2,1
26,81,10,17,3,15,1,2,0,0,15,4,0,42,0,1,5,1,2,55,2,1,2,1,0,0,2,1,0,0,3,18,3,28,99,99,0,0,0,0,1,7,1,260823,6,2009,32,HONEY CREEK,99999999999999999999,0000000,42.99976389,-85.47148056,1,1
26,163,10,28,0,50,1,2,1,1,13,6,0,8,0,1,1,1,2,30,1,1,2,2,0,0,3,1,0,0,99,99,99,99,99,99,0,0,0,0,1,4,0,260824,1260,2009,240,MCNICHOLS,99999999999999999999,0000000,42.41846389,-83.08135,1,1
26,163,10,25,19,50,2,3,0,0,14,6,0,12,1,1,1,5,6,35,1,1,2,1,0,0,3,1,0,0,99,99,99,99,99,99,0,0,0,0,2,1,0,260825,1260,2009,18,DEXTER,99999999999999999999,0000000,42.37945833,-83.12393889,2,1
26,161,12,28,8,16,1,1,0,0,3,4,0,42,0,1,6,1,2,50,1,1,2,4,0,0,1,4,0,0,8,16,8,26,99,99,0,0,0,0,1,2,0,260826,0,2009,152,N TERRITORIAL,99999999999999999999,0000000,42.38061111,-83.79401111,1,4
26,155,12,18,10,15,2,3,0,0,3,3,0,12,2,2,1,1,2,55,1,1,2,1,0,0,1,1,0,0,99,99,99,99,99,99,0,0,0,0,1,6,0,260827,0,2009,127,SR-52,BEARD,0000000,42.80516111,-84.22823056,2,1
27,37,1,4,12,11,1,2,0,1,13,2,0,1,0,1,4,2,2,65,1,1,1,2,0,0,1,1,0,0,12,11,12,15,99,99,0,0,0,0,1,1,0,270001,3490,2009,1189,US-52 0200000052,99999999999999999999,0000000,44.77920278,-93.03497222,1,1
27,105,1,9,21,57,2,5,0,0,3,3,0,12,2,2,1,1,2,55,1,1,2,4,0,0,2,4,0,0,21,57,99,99,99,99,0,0,0,0,1,6,0,270002,0,2009,149,SR-91 0300000091,210TH ST,0000000,43.68868889,-95.93292222,2,4
27,135,1,2,22,13,1,1,0,0,6,6,0,10,0,6,1,1,2,99,1,9,2,4,71,3,3,1,0,0,99,99,99,99,88,88,0,0,0,0,1,6,0,270003,6020,2009,4,97TH AVE 0468000071,NEAR KIRKWOOD DR,312211J,48.80273611,-95.0974,1,1
27,65,1,9,22,30,2,3,0,0,3,3,0,12,5,2,1,1,2,55,1,1,2,1,20,3,2,1,0,0,22,30,22,42,99,99,0,0,0,0,1,6,0,270004,0,2009,43,SR-107 0300000107,MN 70,0000000,45.75963889,-93.15796389,2,1
27,163,1,15,20,35,2,3,0,1,13,2,0,12,4,1,1,1,4,40,1,4,2,8,0,0,2,1,0,0,20,37,20,39,21,30,0,0,0,0,1,5,1,270005,3120,2009,1176,US-61 0200000061,99999999999999999999,0000000,44.74918333,-92.85261944,2,1
27,53,1,16,5,51,1,1,0,0,15,6,0,42,0,1,3,2,2,35,2,1,2,4,0,0,6,1,0,0,5,51,5,54,5,57,0,0,0,0,1,6,0,270006,820,2009,18,SHINGLECR 0504600109,99999999999999999999,0000000,45.07756667,-93.30655278,1,1
27,25,1,16,8,36,2,3,0,0,3,3,0,12,5,2,1,1,2,55,1,1,2,8,20,3,1,1,0,0,8,36,8,46,88,88,0,0,0,0,2,6,0,270007,0,2009,612,SR-95 0300000095,CR 9,0000000,45.51321111,-92.84524444,2,1
27,49,1,17,8,26,1,2,0,1,2,2,0,1,0,1,3,2,2,65,1,2,1,4,0,0,1,4,0,0,8,29,8,42,9,12,0,0,0,0,1,7,1,270008,0,2009,700,US-52 0200000052,99999999999999999999,0000000,44.19666667,-92.60523056,1,4
27,123,1,18,1,18,2,2,0,0,14,4,0,27,0,3,3,2,2,40,2,1,2,1,2,3,3,1,0,0,1,18,1,23,99,99,0,0,0,0,1,1,1,270009,4536,2009,46,WHITEBEAR 0462000065,NEAR COPE,0000000,45.00990556,-93.02358889,2,1
27,139,1,19,7,45,2,2,0,0,14,4,0,12,1,1,1,1,2,55,1,2,2,4,0,0,4,1,0,0,7,55,8,9,8,27,0,0,0,0,1,2,0,270010,5770,2009,18,83 0470000083,99999999999999999999,0000000,44.752125,-93.46968056,2,1
27,85,1,20,9,56,2,2,0,0,3,4,0,12,5,2,1,1,2,55,1,1,2,1,20,3,1,1,0,0,9,57,10,1,10,14,0,0,0,0,1,3,0,270011,0,2009,86,AIRPORTRD 0443000008,ADAMS ST,0000000,44.86352222,-94.33578333,2,1
27,19,1,13,8,20,2,2,0,1,2,2,0,45,1,3,2,2,2,65,1,1,2,4,0,0,1,1,0,2,99,99,99,99,99,99,0,0,0,0,1,3,0,270012,0,2009,1383,US-212 0200000212,CR 53,0000000,44.76541389,-93.78115833,1,1
27,171,1,15,6,39,1,1,0,1,1,1,0,1,0,1,3,2,2,70,1,1,1,4,0,0,2,1,0,0,6,39,6,53,8,3,0,0,0,0,1,5,0,270013,4860,2009,1950,I-94 0100000094,99999999999999999999,0000000,45.29423333,-93.78045556,1,1
27,151,1,21,15,15,2,2,0,0,4,4,0,12,2,1,1,1,2,55,2,1,2,1,0,0,1,1,0,0,17,17,17,21,18,8,0,0,0,0,2,4,0,270014,0,2009,60,17 0476000017,99999999999999999999,0000000,45.23950278,-95.76905833,2,1
27,57,1,20,15,58,2,2,0,0,2,3,0,12,2,1,1,1,2,55,1,1,2,2,0,0,1,1,0,0,15,58,16,15,99,99,0,0,0,0,1,3,1,270015,0,2009,829,SR-34 0300000034,99999999999999999999,0000000,46.92962778,-94.89689722,2,1
27,119,1,22,6,10,2,2,0,0,3,3,0,12,5,2,1,1,2,55,1,1,2,4,20,3,2,5,0,0,6,15,6,35,88,88,0,0,0,0,1,5,0,270016,0,2009,731,SR-32 0300000032,CR 45,0000000,47.70176667,-96.266325,2,5
27,3,1,22,18,16,1,2,1,0,14,3,0,8,0,3,1,2,2,50,1,1,2,1,2,3,3,1,0,0,18,17,18,22,19,16,0,0,0,0,1,5,0,270017,2560,2009,69,SR-47 0300000047,49TH AVE NE,0000000,45.05726111,-93.26312222,1,1
27,63,1,24,15,35,2,2,0,0,6,5,0,12,2,1,1,1,2,55,1,2,4,1,0,0,1,1,0,4,15,40,15,49,16,15,0,0,0,0,1,7,1,270018,0,2009,29,525 AVE 0832000058,99999999999999999999,0000000,43.70186111,-95.02426944,2,1
27,63,1,28,22,29,2,4,0,1,2,3,0,1,0,1,3,2,2,65,1,1,1,4,0,0,2,4,0,0,22,30,22,40,23,5,0,0,0,0,1,4,1,270019,0,2009,224,SR-60 0300000060,99999999999999999999,0000000,43.72728611,-95.42777222,2,4
27,145,1,31,6,4,1,1,0,0,5,4,0,1,0,1,4,1,2,55,2,1,2,4,0,0,2,4,0,0,6,8,6,21,7,24,0,0,0,0,1,7,0,270020,0,2009,53,43 0473000043,99999999999999999999,0000000,45.43747222,-94.55072778,1,4
27,145,2,6,18,13,2,2,0,0,13,3,0,12,1,3,1,2,2,30,1,1,2,2,3,3,3,1,0,0,18,15,18,21,18,39,0,0,0,0,1,6,1,270021,6420,2009,1524,SR-15 0300000015,CR 1,0000000,45.595125,-94.19120556,2,1
27,3,2,6,19,38,1,2,0,0,14,4,0,53,0,1,4,2,2,40,1,1,2,1,0,0,3,1,0,0,19,38,19,44,99,99,0,0,0,0,1,6,0,270022,1492,2009,6,HANSON BL 0402000078,99999999999999999999,0000000,45.17005556,-93.31786111,1,1
27,47,2,11,6,23,1,1,0,0,3,3,0,1,0,1,4,1,2,55,1,1,2,4,0,0,2,1,0,0,6,23,6,33,88,88,0,0,0,0,1,4,0,270023,0,2009,86,SR-13 0300000013,99999999999999999999,0000000,43.74858611,-93.45248056,1,1
27,19,2,18,10,2,1,1,0,0,14,3,0,42,0,1,4,1,2,45,1,1,2,2,0,0,1,1,0,0,10,2,10,10,88,88,0,0,0,0,1,4,0,270024,1170,2009,84,SR-101 0300000101,99999999999999999999,0000000,44.80699167,-93.53358611,1,1
27,113,2,19,5,0,2,2,0,0,4,4,0,12,1,1,1,1,2,55,1,1,2,1,0,0,2,1,0,0,5,18,5,54,88,88,0,0,0,0,1,5,1,270025,0,2009,5,400AVESE 0457000027,99999999999999999999,0000000,47.94190556,-95.62535278,2,1
27,141,2,20,14,14,1,1,0,1,2,2,0,42,0,1,3,2,2,65,1,1,2,3,0,0,1,4,0,0,14,14,14,18,99,99,0,0,0,0,1,6,0,270026,0,2009,1688,US-169 0200000169,99999999999999999999,0000000,45.47235278,-93.58227222,1,4
27,1,2,20,17,5,1,8,0,0,3,3,0,1,0,8,1,1,2,55,1,1,2,1,40,3,1,1,0,0,17,2,17,10,18,2,0,0,0,0,1,6,0,270027,4350,2009,1204,SR-65 0300000065,NEAR MP 118,0000000,46.61741944,-93.31716389,1,1
27,27,2,20,19,41,1,1,0,0,4,4,0,34,0,1,4,1,2,55,1,1,2,3,0,0,2,4,0,0,19,47,20,16,22,3,0,0,0,0,1,6,0,270028,0,2009,118,90AVEN 0414000026,99999999999999999999,0000000,46.97714167,-96.56875,1,4
27,129,2,21,11,35,2,5,0,1,2,2,0,12,2,1,1,1,2,60,2,1,1,4,0,0,1,1,0,2,11,39,11,58,12,22,0,0,0,0,3,7,0,270029,0,2009,1072,US-71 0200000071,99999999999999999999,0000000,44.89002222,-95.03658889,2,1
27,103,2,24,13,12,2,2,0,0,15,6,0,12,5,2,1,1,2,30,1,1,2,1,20,3,1,1,0,0,13,16,13,29,13,59,0,0,0,0,1,3,0,270030,6350,2009,5,JEFFERSON 0534350101,WASHINGTON AVE S,0000000,44.31800556,-93.97005556,2,1
27,109,2,25,5,25,2,2,0,1,2,2,0,12,2,1,1,1,2,55,1,2,2,4,0,0,2,3,0,0,5,25,99,99,99,99,0,0,0,0,1,4,0,270031,0,2009,395,US-52 0200000052,99999999999999999999,0000000,43.90083056,-92.24644167,2,3
27,53,2,25,18,35,1,2,1,0,14,4,0,8,0,3,1,1,2,30,1,1,2,1,2,3,3,1,0,0,18,37,18,45,88,88,0,0,0,0,1,4,0,270032,4760,2009,1,MINNEHAHA 0427000048,46TH ST,0000000,44.91976944,-93.21484722,1,1
27,53,2,26,4,36,3,4,0,1,13,3,0,12,1,3,1,2,3,40,1,1,1,1,2,3,3,1,0,0,4,36,4,39,88,88,0,0,0,0,1,5,2,270033,4760,2009,1930,SR-55 0300000055,26TH ST E,0000000,44.95556944,-93.243175,3,1
27,141,1,18,7,0,1,2,1,0,2,3,0,8,0,1,1,1,2,55,1,1,2,4,0,0,4,1,0,0,7,0,99,99,99,99,0,0,0,0,1,1,0,270034,610,2009,696,SR-25 0300000025,99999999999999999999,0000000,45.31926667,-93.76626667,1,1
27,109,1,29,7,44,2,3,0,0,14,6,0,12,5,2,1,1,4,35,1,1,2,3,20,3,4,1,0,0,7,44,99,99,99,99,0,0,0,0,1,5,0,270035,5960,2009,7,16 ST SE 0532350123,8TH AVE SE,0000000,43.99991111,-92.45141667,2,1
27,17,2,26,10,0,2,4,0,0,3,3,0,12,4,1,1,1,2,55,2,1,2,4,0,0,1,4,0,0,10,2,10,14,10,45,0,0,0,0,1,5,0,270036,0,2009,82,SR-73 0300000073,99999999999999999999,0000000,46.46619167,-92.876375,2,4
27,137,3,2,17,14,2,3,0,1,2,2,0,12,5,2,1,2,2,65,1,1,1,1,21,3,1,1,0,0,17,16,17,32,18,4,0,0,0,0,1,2,0,270037,0,2009,139,US-53 0200000053,SOLWAY RD CR 889,0000000,46.85398056,-92.30175,2,1
27,93,3,3,13,50,1,1,0,0,4,4,0,42,0,1,4,1,2,55,2,1,2,1,0,0,1,4,0,0,13,51,14,1,14,32,0,0,0,0,1,3,0,270038,0,2009,20,14 0447000014,99999999999999999999,0000000,45.00848611,-94.40299444,1,4
27,127,3,3,17,43,3,3,0,1,2,3,0,12,8,1,2,1,2,60,1,1,1,4,0,0,1,4,0,0,17,43,17,46,17,56,0,0,0,0,1,3,0,270040,0,2009,746,SR-19 0300000019,99999999999999999999,0000000,44.54136667,-95.06780833,3,4
27,37,3,3,19,57,1,1,0,0,15,4,0,30,0,1,4,1,2,55,1,1,2,4,0,0,2,4,6,0,19,57,20,10,88,88,0,0,0,0,1,3,1,270041,0,2009,5,58 0719000058,99999999999999999999,0000000,44.70292222,-93.14288889,1,4
27,37,3,6,21,11,1,2,1,0,14,4,0,8,0,3,1,2,2,45,1,1,2,1,2,3,3,1,0,0,21,12,21,15,21,36,0,0,0,0,1,6,0,270042,202,2009,192,CEDAR AVE 0419000023,153RD ST,0000000,44.72811389,-93.21765278,1,1
27,53,3,7,2,14,1,2,0,0,16,6,0,42,0,1,4,1,2,30,1,1,2,3,0,0,3,1,0,0,2,14,2,17,2,35,0,0,0,0,1,7,1,270043,4760,2009,13,36 AVE N 1025850073,99999999999999999999,0000000,45.020325,-93.29295,1,1
27,19,3,7,2,26,2,3,0,0,2,3,0,12,5,2,1,1,2,55,1,1,2,1,20,3,2,1,0,0,99,99,99,99,99,99,0,0,0,0,1,7,1,270044,0,2009,1640,SR-7 0300000007,CR 21,0000000,44.90590556,-93.93025833,2,1
27,59,3,9,3,1,1,2,0,0,6,4,0,34,0,1,4,1,2,55,1,1,2,1,0,0,6,1,0,0,3,2,3,20,99,99,0,0,0,0,1,2,1,270045,0,2009,12,56 0730000056,99999999999999999999,0000000,45.42964444,-93.26548333,1,1
27,49,3,9,9,23,2,2,0,0,3,4,0,12,5,2,1,1,2,55,1,1,2,2,20,3,1,5,0,0,9,23,9,40,88,88,0,0,0,0,1,2,0,270046,0,2009,285,1 0425000001,CR 6,0000000,44.47791944,-92.64683333,2,5
27,153,3,10,1,40,1,3,0,0,4,4,0,1,0,1,4,1,2,55,1,1,2,4,0,0,2,3,4,0,1,41,1,56,2,30,0,0,0,0,1,3,1,270048,0,2009,74,23 0477000023,99999999999999999999,0000000,46.33965556,-95.03001111,1,3
27,113,3,10,11,36,1,1,0,0,5,4,0,10,0,6,1,1,2,55,2,3,4,4,70,3,1,4,0,0,11,37,12,0,12,52,0,0,0,0,1,3,0,270049,0,2009,48,2 0457000002,RR XING,695838G,47.99244444,-96.093925,1,4
27,111,3,10,12,29,2,5,0,0,4,4,0,12,8,1,1,1,2,55,1,2,2,3,0,0,1,4,0,0,12,30,99,99,99,99,0,0,0,0,1,3,0,270050,0,2009,491,35 0456000035,99999999999999999999,0000000,46.63694167,-95.80468333,2,4
27,3,3,10,14,18,2,2,0,0,14,4,0,12,8,1,1,1,2,45,2,1,2,3,0,0,1,4,0,0,14,19,14,29,15,6,0,0,0,0,1,3,0,270051,671,2009,75,RADISSON 0402000052,99999999999999999999,0000000,45.21041111,-93.21478611,2,4
27,137,3,10,15,35,2,4,0,0,4,4,0,12,5,2,1,1,2,45,1,4,2,3,20,3,1,4,0,0,15,37,15,55,17,8,0,0,0,0,1,3,0,270052,0,2009,10,STARK RD 0469000011,LINDAHL RD,0000000,46.74951389,-92.25903056,2,4
27,9,3,11,7,23,2,2,0,0,4,4,0,12,4,1,1,1,2,55,2,1,1,4,0,0,1,1,0,0,7,25,99,99,99,99,0,0,0,0,1,4,0,270053,0,2009,154,3 0405000003,99999999999999999999,0000000,45.7313,-93.95475278,2,1
27,145,3,11,15,53,2,2,0,0,2,3,0,12,4,1,1,1,2,55,1,1,2,4,0,0,1,4,0,0,15,53,99,99,88,88,0,0,0,0,1,4,0,270054,0,2009,1321,SR-15 0300000015,99999999999999999999,0000000,45.32384167,-94.29770278,2,4
27,109,3,14,6,36,1,1,0,0,5,4,0,37,0,1,5,1,2,55,1,2,2,8,0,0,4,1,0,0,6,37,99,99,88,88,0,0,0,0,1,7,1,270056,5968,2009,17,26  0455000026,99999999999999999999,0000000,43.92071111,-92.65495833,1,1
27,37,1,4,10,0,2,3,0,0,15,6,0,12,4,1,1,1,2,50,1,2,2,4,0,0,1,3,4,0,10,0,99,99,99,99,0,0,0,0,1,1,0,270057,2320,2009,8,AKIN RD 0512550112,99999999999999999999,0000000,44.65166667,-93.15969722,2,3
27,41,3,15,1,39,1,2,0,0,4,4,0,1,0,1,4,1,2,55,2,1,2,2,0,0,2,1,0,0,1,39,1,54,2,21,0,0,0,0,1,1,1,270058,0,2009,93,CR 82 0421000082,99999999999999999999,0000000,45.98251944,-95.64878889,1,1
27,137,3,15,23,59,2,3,0,1,13,2,0,12,5,2,1,2,2,50,1,1,2,1,2,3,3,1,0,0,23,59,99,99,99,99,0,0,0,0,2,1,0,270059,3255,2009,77,US-53 0200000053,ARROWHEAD RD,0000000,46.82209444,-92.18653611,2,1
27,11,3,16,11,0,2,3,0,0,3,2,0,12,2,1,1,1,2,55,1,1,2,1,0,0,1,1,0,0,11,10,11,19,11,49,0,0,0,0,2,2,0,270060,0,2009,159,US-12 0200000012,99999999999999999999,0000000,45.29776389,-96.13131389,2,1
27,131,3,19,8,39,2,3,0,0,13,3,0,12,5,2,1,2,2,40,1,1,2,1,20,3,1,1,0,0,8,39,99,99,88,88,1,0,0,0,1,5,0,270061,2310,2009,1498,SR-60 0300000060,PARK AVE NW,0000000,44.29454167,-93.29281667,2,1
27,19,3,20,16,41,2,2,0,0,14,2,0,12,5,2,1,1,2,45,1,1,2,2,20,3,1,2,0,0,16,41,16,46,99,99,0,0,0,0,1,6,0,270062,1180,2009,1487,US-912C 020000912C,ZEMBLE ST,0000000,44.797575,-93.58671389,2,2
27,145,3,22,13,13,1,2,0,0,4,4,0,37,0,1,5,1,2,55,2,2,2,1,0,0,1,1,0,0,99,99,99,99,99,99,0,0,0,0,1,1,0,270063,0,2009,37,9 0473000009,99999999999999999999,0000000,45.36182222,-94.51590556,1,1
27,53,2,9,14,13,1,1,0,0,14,3,0,27,0,1,4,2,2,55,1,1,1,2,0,0,1,2,0,0,99,99,99,99,99,99,0,0,0,0,1,2,1,270064,2008,2009,472,SR-5 0300000005,99999999999999999999,0000000,44.861725,-93.50728056,1,2
27,37,3,24,20,39,1,2,0,0,16,6,0,27,0,3,4,1,2,30,1,1,2,2,20,3,3,1,0,0,20,40,20,43,20,54,0,0,0,0,2,3,1,270065,6620,2009,1,9TH ST S 0535950110,7TH AVE S,0000000,44.87628333,-93.04245833,1,1
27,3,3,28,6,43,1,1,0,0,13,3,0,42,0,1,5,2,2,65,1,2,2,1,0,0,1,1,0,0,6,44,6,51,7,26,0,0,0,0,1,7,0,270066,1982,2009,292,SR-65 0300000065,99999999999999999999,0000000,45.36933611,-93.23680833,1,1
27,31,4,3,12,44,2,2,0,1,2,3,0,12,2,1,1,1,2,55,2,2,2,1,0,0,1,1,0,0,12,45,13,4,13,40,0,0,0,0,1,6,0,270067,0,2009,1233,SR-61 0300000061,99999999999999999999,0000000,47.81451667,-90.05841944,2,1
27,61,4,6,15,54,1,2,1,0,4,4,0,8,0,1,1,1,2,55,1,1,2,1,0,0,1,1,0,0,15,54,16,5,88,88,1,0,0,0,1,2,0,270068,0,2009,21,12 0431000012,99999999999999999999,0000000,47.29363889,-93.279075,1,1
27,47,4,9,16,45,1,3,0,0,4,4,0,35,0,3,8,1,2,55,2,1,2,1,0,0,1,1,0,0,16,48,17,5,17,48,0,0,0,0,1,5,1,270069,0,2009,166,13 0424000013,CR 34,0000000,43.56485833,-93.09075278,1,1
27,53,4,10,7,40,1,1,0,0,14,6,0,29,0,1,4,1,2,25,2,1,2,1,0,0,1,1,0,0,7,43,7,48,8,14,0,0,0,0,1,6,0,270070,4760,2009,25,E CALHOUN 0525850201,99999999999999999999,0000000,44.93727222,-93.30415833,1,1
27,7,4,6,22,40,1,1,0,1,2,2,0,18,0,1,1,2,2,65,1,2,2,1,0,0,2,1,0,0,22,40,22,44,23,21,0,0,0,0,1,2,0,270071,0,2009,1078,US-2 0200000002,99999999999999999999,0000000,47.51455278,-94.98879167,1,1
27,109,4,11,14,48,2,5,0,0,5,4,0,12,2,8,1,1,2,55,1,2,2,1,0,0,1,1,0,0,14,48,99,99,99,99,0,0,0,0,3,7,0,270072,0,2009,67,65TH ST 0755000124,99999999999999999999,0000000,44.09325,-92.33518333,2,1
27,171,4,11,19,41,1,1,0,0,5,4,0,34,0,1,4,1,2,55,2,3,2,1,0,0,1,1,0,0,99,99,99,97,99,97,0,0,0,0,1,7,1,270073,0,2009,88,80TH ST 0786000106,99999999999999999999,0000000,45.26793889,-93.88909444,1,1
27,171,4,13,5,27,2,3,0,0,14,4,0,13,2,1,1,2,2,40,1,1,2,1,0,0,3,1,0,0,5,33,5,56,6,23,0,0,0,0,1,2,1,270074,100,2009,57,19 0486000019,99999999999999999999,0000000,45.23770833,-93.66397778,2,1
27,139,4,16,10,30,1,1,0,0,3,4,0,35,0,1,4,1,2,55,2,1,2,1,0,0,1,1,0,0,10,30,99,99,88,88,0,0,0,0,1,5,0,270075,0,2009,24,UNIONHILL 0470000007,99999999999999999999,0000000,44.60852222,-93.70111111,1,1
27,153,4,11,6,30,1,1,0,0,5,4,0,1,0,1,2,1,2,55,2,1,2,1,0,0,9,1,0,0,6,30,6,41,88,88,0,0,0,0,1,7,1,270076,0,2009,35,37 0477000037,99999999999999999999,0000000,45.92349722,-95.05677222,1,1
27,95,4,14,21,41,1,1,0,0,4,4,0,1,0,1,4,1,2,55,1,1,2,1,0,0,2,1,0,0,21,44,21,52,88,88,0,0,0,0,1,3,0,270077,0,2009,59,70TH AVE 0448000001,99999999999999999999,0000000,45.60456111,-93.55315833,1,1
27,57,4,17,17,51,2,4,0,0,4,4,0,12,5,2,1,1,2,40,1,1,2,1,20,3,1,1,0,0,17,51,17,53,88,88,0,0,0,0,1,6,0,270078,0,2009,82,6 0429000006,CR 15,0000000,46.90726944,-95.03701667,2,1
27,97,4,19,18,53,1,2,0,0,6,4,0,35,0,1,4,1,2,55,1,1,2,1,0,0,1,1,0,0,18,53,19,11,20,3,0,0,0,0,1,1,1,270080,0,2009,25,281 0749000281,99999999999999999999,0000000,46.13248889,-94.27286667,1,1
27,53,2,25,0,48,2,2,0,1,11,1,0,27,0,15,8,2,2,55,1,1,2,2,0,0,3,1,0,0,0,51,99,99,99,99,0,0,0,0,1,4,1,270081,4760,2009,180,I-35W 010000035W,I-94,0000000,44.97108333,-93.25250556,2,1
27,49,2,25,13,17,1,1,0,0,3,4,0,34,0,1,4,1,2,55,2,1,2,1,0,0,1,1,0,0,13,21,13,26,99,99,0,0,0,0,1,4,0,270082,0,2009,341,1 0425000001,99999999999999999999,0000000,44.53270278,-92.58549444,1,1
27,123,3,21,7,58,1,2,0,1,12,3,0,27,0,11,8,2,2,50,2,2,1,4,0,0,1,1,0,0,7,58,99,99,99,99,0,0,0,0,1,7,0,270083,6070,2009,34,SR-280 0300000280,NEAR I-35W,0000000,45.00665833,-93.20435556,1,1
27,167,4,15,9,54,2,2,0,0,4,4,0,12,99,2,1,1,2,55,1,1,2,1,20,3,1,1,0,0,9,54,10,18,99,99,0,0,0,0,1,4,0,270084,0,2009,142,3 0484000003,CR 186,0000000,46.57280833,-96.63556111,2,1
27,123,4,25,9,26,1,2,1,0,16,6,0,8,0,1,1,1,2,30,1,1,2,1,0,0,1,1,0,0,9,26,9,29,9,46,0,0,0,0,1,7,0,270085,6330,2009,12,ROSE AV E 1034250689,99999999999999999999,0000000,44.97663056,-93.06119444,1,1
27,163,4,28,20,7,1,1,0,0,6,6,0,42,0,1,4,1,2,50,2,1,2,1,0,0,2,1,0,0,21,8,21,10,88,88,0,0,0,0,1,3,0,270086,40,2009,6,HUDSON RD 1000200090,99999999999999999999,0000000,44.94671944,-92.84994167,1,1
27,171,4,30,20,22,1,3,0,0,6,5,0,1,0,1,4,1,2,55,1,2,4,1,0,0,5,1,0,0,20,22,20,30,99,99,0,0,0,0,1,5,0,270087,0,2009,4,DAGUE AV 0886001021,99999999999999999999,0000000,45.15075278,-93.82723611,1,1
27,83,5,2,16,55,1,2,0,0,4,4,0,1,0,1,4,1,2,55,2,1,2,1,0,0,1,1,0,0,16,55,17,24,99,99,0,0,0,0,1,7,1,270088,0,2009,28,4 0442000004,99999999999999999999,0000000,44.39360556,-96.02926389,1,1
27,117,5,9,14,2,1,1,0,1,2,2,0,27,0,2,5,1,2,30,1,1,1,1,20,3,1,1,0,0,14,5,14,8,14,30,0,0,0,0,1,7,0,270089,5690,2009,365,US-75 0200000075,2ND ST NE,0000000,44.00141944,-96.30753056,1,1
27,129,4,9,13,13,2,2,0,1,2,2,0,12,5,2,1,1,2,60,1,1,2,1,20,3,1,1,0,0,13,13,13,22,13,45,0,0,0,0,1,5,0,270090,0,2009,905,US-71 0200000071,CR 4,0000000,44.67246111,-94.99473333,2,1
27,67,4,15,9,4,2,3,0,0,14,3,0,12,5,2,1,2,2,55,1,2,1,1,20,3,1,1,0,0,9,4,9,7,9,29,0,0,0,0,1,4,0,270091,7590,2009,10,SR-994A 030000994A,CR 24,0000000,45.14770833,-95.01851389,2,1
27,123,4,18,19,19,2,4,0,1,1,1,0,12,5,10,1,3,4,35,1,3,1,1,2,3,1,1,0,0,19,19,19,24,19,46,0,20,0,0,1,7,1,270092,6330,2009,1104,I-35E 010000035E,LARPENTEUR AVE,0000000,44.99183611,-93.09009167,2,1
27,53,4,28,9,35,1,1,0,0,14,4,0,46,0,3,4,1,2,55,2,1,2,1,3,3,1,1,0,0,9,36,9,45,88,88,0,0,0,0,1,3,0,270093,1680,2009,166,81 0427000081,113TH AVE N,0000000,45.16226944,-93.50546944,1,1
27,9,4,29,21,37,2,3,0,1,13,3,0,12,5,2,1,2,2,65,1,1,2,2,20,3,2,2,0,0,21,37,21,43,21,55,0,0,0,0,2,4,0,270094,0,2009,2065,SR-23 0300000023,CR 8,0000000,45.56813889,-94.13419444,2,2
27,105,5,2,14,22,1,2,0,0,6,5,1,21,0,1,4,1,2,55,1,1,4,1,0,0,9,9,0,0,14,22,14,27,88,88,0,18,0,0,2,7,1,270095,0,2009,1,READ AVE 0853000328,99999999999999999999,0000000,43.64491667,-95.57346111,1,9