STATE,COUNTY,MONTH,DAY,HOUR,MINUTE,VE_TOTAL,PERSONS,PEDS,NHS,ROAD_FNC,ROUTE,SP_JUR,HARM_EV,MAN_COLL,REL_JUNC,REL_ROAD,TRAF_FLO,NO_LANES,SP_LIMIT,ALIGNMNT,PROFILE,PAVE_TYP,SUR_COND,TRA_CONT,T_CONT_F,LGT_COND,WEATHER1,WEATHER2,WRK_ZONE,NOT_HOUR,NOT_MIN,ARR_HOUR,ARR_MIN,HOSP_HR,HOSP_MN,SCH_BUS,CF1,CF2,CF3,FATALS,DAY_WEEK,DRUNK_DR,ST_CASE,CITY,YEAR,MILEPT,TWAY_ID,TWAY_ID2,RAIL,LATITUDE,LONGITUD,VE_FORMS,WEATHER
27,61,5,5,22,16,1,1,0,0,4,4,0,34,0,1,4,1,2,55,1,2,2,1,0,0,6,1,0,0,22,16,22,35,88,88,0,0,0,0,1,3,1,270096,0,2009,28,60 0431000060,99999999999999999999,0000000,47.39094444,-93.55016667,1,1
27,39,5,6,12,26,2,2,0,0,3,3,0,12,5,2,1,1,2,55,1,1,2,2,20,3,1,2,0,0,12,26,12,28,12,57,0,0,0,0,1,4,0,270097,0,2009,588,SR-56 0300000056,CR 34,0000000,44.0518,-92.89945,2,2
27,109,5,8,16,5,1,1,0,0,4,4,0,32,0,1,4,1,2,55,1,1,2,1,0,0,1,1,0,0,16,5,16,15,88,88,0,0,0,0,1,6,0,270098,0,2009,108,8 0455000008,99999999999999999999,0000000,43.96553889,-92.5183,1,1
27,35,5,9,14,50,1,2,1,0,3,4,0,8,0,1,2,1,2,35,1,1,2,1,0,0,1,1,0,0,14,52,14,52,15,0,0,0,0,0,1,7,0,270099,4686,2009,83,3 0418000003,99999999999999999999,0000000,46.48044167,-94.17289444,1,1
27,115,5,13,2,37,1,4,0,0,6,5,3,42,0,1,5,1,2,25,2,1,4,2,0,0,2,2,0,0,88,88,88,88,88,88,0,0,0,0,1,4,1,270100,0,2009,3,BADGER RD 0858000127,99999999999999999999,0000000,46.05943056,-92.47095556,1,2
27,35,5,14,12,14,2,3,0,1,13,3,0,12,5,2,1,2,2,55,1,1,2,1,20,3,1,1,0,0,12,14,12,18,12,38,0,0,0,0,1,5,0,270101,420,2009,1205,SR-210 0300000210,ELDER DR,0000000,46.35143056,-94.24937222,2,1
27,123,5,16,15,18,2,2,0,1,1,1,0,35,0,13,8,6,1,40,1,2,2,1,0,0,1,1,0,0,15,20,15,25,15,52,0,0,0,0,1,7,0,270102,4536,2009,2472,I-94 RAMP 0100000094,MCKNIGHT RD N,0000000,44.95008333,-93.00585556,2,1
27,75,5,16,16,58,1,1,0,0,6,5,0,42,0,1,5,1,2,30,1,2,9,1,0,0,1,1,0,0,17,0,17,31,88,88,0,0,0,0,1,7,0,270103,0,2009,99999,BLACKWOODS DR,99999999999999999999,0000000,47.51763611,-91.06421389,1,1
27,1,5,16,23,9,2,2,0,0,6,5,0,53,0,1,4,1,2,55,1,3,4,1,0,0,2,1,0,0,23,9,23,15,23,43,0,0,0,0,1,7,0,270104,0,2009,41,490TH ST 0801000412,99999999999999999999,0000000,46.72433611,-93.238825,2,1
27,49,5,17,3,22,2,2,0,1,2,2,0,12,2,1,1,2,2,65,2,2,2,1,0,0,3,1,0,0,3,17,3,25,3,55,0,0,0,0,1,1,2,270105,0,2009,784,US-52 0200000052,99999999999999999999,0000000,44.28903333,-92.68228333,2,1
27,19,4,22,16,47,1,1,0,1,2,2,0,1,0,1,10,2,2,55,1,2,1,1,0,0,1,1,0,0,16,47,16,55,99,99,0,0,0,0,1,4,0,270106,0,2009,1447,US-212 0200000212,99999999999999999999,0000000,44.77625833,-93.65327222,1,1
27,159,5,18,5,18,1,1,0,0,4,4,0,34,0,1,4,1,2,55,2,2,2,1,0,0,2,1,0,0,5,18,99,97,99,97,0,0,0,0,1,2,1,270107,0,2009,27,TWINLAKES 0480000021,99999999999999999999,0000000,46.78200833,-95.06938333,1,1
27,53,5,18,12,38,1,1,0,1,2,2,0,35,0,1,4,1,2,55,2,1,2,1,0,0,1,1,0,0,12,38,12,48,13,22,0,0,0,0,1,2,0,270108,3473,2009,1426,US-12 0200000012,99999999999999999999,0000000,45.02900278,-93.72461944,1,1
27,45,5,18,16,0,1,1,0,0,6,6,0,38,0,3,5,1,2,30,1,1,2,1,0,0,1,1,0,0,16,0,16,5,88,88,0,0,0,0,1,2,0,270109,3090,2009,1,2 AVE SW 1016750004,3RD ST SW,0000000,43.55123889,-92.01250833,1,1
27,53,5,20,7,40,1,2,1,0,14,4,0,9,0,3,1,4,3,30,1,1,2,1,2,3,1,1,0,0,7,40,7,42,88,88,0,0,0,0,1,4,0,270110,4760,2009,34,PARK AVE 0427000033,14TH ST E,0000000,44.96887778,-93.26513333,1,1
27,41,5,22,6,26,1,1,0,0,16,6,0,1,0,1,1,1,2,30,2,2,2,1,0,0,1,1,0,0,6,26,6,32,88,88,0,0,0,0,1,6,0,270111,130,2009,2,MINNESOTA 1000650010,99999999999999999999,0000000,45.85648333,-95.40591667,1,1
27,109,5,23,16,5,2,5,0,0,3,2,0,12,4,1,1,1,2,55,1,1,2,1,0,0,1,1,0,0,16,5,99,99,16,23,0,0,0,0,1,7,0,270112,0,2009,2309,US-14 0200000014,99999999999999999999,0000000,43.98520278,-92.21086944,2,1
27,23,5,17,15,33,2,4,0,1,2,2,0,12,5,2,1,1,2,55,1,1,2,1,20,3,1,1,0,0,15,33,15,42,16,43,0,0,0,0,1,1,1,270113,0,2009,621,US-MN7 0300000007,CR 13,0000000,45.02203889,-95.81504722,2,1
27,57,5,20,14,47,1,4,0,0,5,4,0,27,0,1,4,1,2,55,1,2,2,1,0,0,1,1,0,0,14,47,14,58,99,99,0,0,0,0,1,4,1,270114,0,2009,242,9 0429000009,99999999999999999999,0000000,47.36620278,-94.72641667,1,1
27,1,5,23,6,15,1,5,0,1,2,2,0,42,0,1,4,1,2,55,2,1,2,1,0,0,1,1,0,0,6,20,99,99,99,99,0,0,0,0,1,7,0,270115,0,2009,2636,US-169 0200000169,99999999999999999999,0000000,46.68560833,-93.601425,1,1
27,37,5,23,22,23,2,3,0,1,12,3,0,12,1,1,1,1,4,55,1,1,1,1,0,0,3,1,0,0,22,23,99,99,99,99,0,0,0,0,1,7,2,270116,4673,2009,1990,SR-55 0300000055,99999999999999999999,0000000,44.88551389,-93.17429444,2,1
27,109,5,23,23,23,2,7,0,1,12,2,0,12,5,2,1,2,2,55,1,4,2,1,20,3,3,1,0,0,23,23,99,99,99,99,0,0,0,0,5,7,1,270117,0,2009,313,US-63 0200000063,MN 30 N JCT,0000000,43.891575,-92.48670278,2,1
27,45,5,24,4,47,1,4,0,0,4,3,0,37,0,1,4,1,2,55,2,2,2,1,0,0,4,1,0,0,4,47,5,2,99,99,0,0,0,0,1,1,1,270118,0,2009,133,SR-43 0300000043,99999999999999999999,0000000,43.69128056,-91.77483611,1,1
27,159,5,24,12,41,1,1,0,0,5,4,0,1,0,1,4,1,2,55,1,2,2,1,0,0,1,1,0,0,12,42,13,1,13,29,0,0,0,0,1,1,0,270119,0,2009,64,14 0480000014,99999999999999999999,0000000,46.64343333,-94.88390556,1,1
27,53,5,26,14,20,1,2,1,0,14,4,0,8,0,3,1,1,3,30,1,1,2,1,2,3,1,1,0,0,14,20,14,25,14,30,1,0,0,0,1,3,0,270120,4760,2009,33,PARK AV S 0427000033,E 15TH ST,0000000,44.968075,-93.26509444,1,1
27,47,5,29,18,19,2,2,0,0,3,4,0,12,5,2,1,1,2,55,1,1,2,1,20,3,1,1,0,0,18,20,18,25,18,40,0,0,0,0,1,6,1,270122,0,2009,90,CR 46 0424000046,CR 14,0000000,43.65855278,-93.46845,2,1
27,13,5,30,13,23,1,3,1,0,5,4,0,9,0,1,1,1,2,55,1,1,2,1,0,0,1,1,0,0,13,23,13,35,99,99,0,0,0,0,1,7,0,270123,0,2009,41,CR27 0407000027,99999999999999999999,0000000,44.18874444,-93.86867778,1,1
27,15,5,30,19,20,1,2,0,0,6,5,0,37,0,1,4,1,2,55,1,1,4,1,0,0,1,1,0,0,19,20,19,38,99,99,0,0,0,0,1,7,1,270124,0,2009,28,155 AVE 0808000256,99999999999999999999,0000000,44.14954167,-94.47965833,1,1
27,53,6,2,1,18,1,1,0,0,15,4,0,33,0,3,3,2,2,30,1,2,2,1,0,0,3,1,0,0,1,18,1,25,88,88,0,0,0,0,1,3,1,270125,4760,2009,80,WASHINGTN 0427000152,2 ST N,0000000,45.02016667,-93.28195278,1,1
27,129,6,4,10,32,2,2,0,0,5,4,0,12,5,2,1,1,2,55,1,1,2,1,20,3,1,1,0,0,10,35,10,42,11,15,0,0,0,0,1,5,0,270126,0,2009,101,12 0464000012,840TH ST,0000000,44.80339444,-95.30030556,2,1
27,53,6,4,10,50,1,2,1,0,16,6,0,8,0,1,1,1,2,30,1,1,2,1,0,0,1,1,0,0,10,52,10,58,88,88,0,0,0,0,1,5,0,270127,820,2009,1,51 AVE N 1004600193,99999999999999999999,0000000,45.04775,-93.32825278,1,1
27,3,6,4,19,3,2,3,0,0,3,4,0,12,4,2,1,1,2,55,2,1,2,1,0,0,1,1,0,0,19,4,19,11,88,88,0,0,0,0,1,5,0,270128,6253,2009,26,AMBASSADR 0402000028,BRIDGESTONE RD,0000000,45.39937778,-93.41204167,2,1
27,145,6,13,15,31,1,1,0,0,4,4,0,1,0,1,4,1,2,55,2,1,2,1,0,0,1,1,0,0,15,31,15,42,88,88,0,0,0,0,1,7,1,270130,0,2009,227,CR 18 0473000018,99999999999999999999,0000000,45.68611944,-95.0357,1,1
27,141,3,21,8,0,1,1,0,1,2,2,0,1,0,15,8,2,2,65,2,3,2,8,0,0,1,5,0,0,8,2,8,12,8,31,0,0,0,0,1,7,0,270131,5760,2009,1745,US-169 0200000169,CR 29,0000000,45.55507222,-93.58636111,1,5
27,139,2,5,15,58,2,4,0,0,14,4,0,12,5,2,1,1,2,55,1,2,2,1,20,3,1,1,0,0,15,58,16,3,99,99,0,0,0,0,1,5,0,270132,6510,2009,44,MARSCHALL 0470000017,CR 42,0000000,44.74663611,-93.50168611,2,1
27,111,2,26,9,23,2,2,0,1,2,2,0,12,2,1,1,1,2,55,1,2,2,3,0,0,1,4,0,0,9,21,9,36,10,26,0,0,0,0,1,5,0,270133,0,2009,2297,US-59 0200000059,99999999999999999999,0000000,46.44553611,-96.12432778,2,4
27,87,4,11,19,16,2,4,0,0,5,4,3,12,2,1,1,1,2,55,2,2,2,1,0,0,1,1,0,0,19,16,19,34,20,48,0,0,0,0,2,7,1,270134,0,2009,15,CR 3 0444000003,99999999999999999999,0000000,47.20110833,-95.78447778,2,1
27,21,5,23,18,1,2,4,0,1,2,3,0,12,2,1,1,1,2,55,1,1,2,1,0,0,1,1,0,0,18,3,18,6,19,10,0,0,0,0,1,7,0,270135,0,2009,541,SR-371 0300000371,99999999999999999999,0000000,46.69646389,-94.37211111,2,1
27,171,5,23,22,3,1,5,1,1,1,1,0,8,0,1,1,2,2,70,1,1,1,1,0,0,2,1,0,0,22,3,22,12,88,88,0,0,0,0,1,7,0,270136,0,2009,1965,I-94 0100000094,99999999999999999999,0000000,45.28761111,-93.75488056,1,1
27,19,5,24,15,50,2,2,0,0,3,4,0,12,5,2,1,1,2,45,1,2,2,2,20,3,1,1,0,0,15,54,15,57,99,99,0,0,0,0,1,1,0,270137,0,2009,7,CR 11 0410000011,DAHLGREN RD,0000000,44.76132222,-93.64299444,2,1
27,171,5,29,6,36,1,1,0,0,13,3,0,35,0,1,3,2,3,65,1,2,1,1,0,0,1,1,0,0,6,46,99,99,99,99,0,0,0,0,1,6,0,270138,5487,2009,451,SR-101 0300000101,99999999999999999999,0000000,45.27485,-93.55699444,1,1
27,121,6,2,12,59,2,3,0,0,3,3,0,12,5,2,1,1,2,55,1,1,2,1,20,3,1,1,0,0,13,0,13,6,13,15,0,0,0,0,1,3,0,270139,0,2009,679,SR-29 0300000029,CR 28,0000000,45.715375,-95.38708333,2,1
27,13,6,4,14,33,2,3,0,0,13,3,0,12,5,2,1,1,2,55,1,3,2,1,40,3,1,1,0,0,99,99,99,99,99,99,0,0,0,0,1,5,0,270140,4480,2009,500,SR-22 0300000022,VICTORY DR,0000000,44.13786111,-93.95795556,2,1
27,53,6,5,11,59,1,1,0,1,11,1,0,23,0,13,4,6,1,55,2,3,2,1,0,0,1,1,0,0,11,59,12,5,12,15,0,0,0,0,1,6,0,270141,2750,2009,58,I-394RAMP 0100000394,MN 100,0000000,44.97061389,-93.34263889,1,1
27,13,6,5,22,43,1,2,1,1,13,2,0,9,0,2,1,2,2,65,1,1,2,1,20,3,3,1,0,0,88,88,88,88,88,88,0,0,0,0,1,6,0,270142,0,2009,508,US-169 0200000169,CR 33,0000000,44.15278611,-94.04768611,1,1
27,123,6,11,22,50,1,2,1,1,11,1,0,8,0,1,1,2,2,60,2,1,2,1,0,0,3,1,0,0,22,52,23,1,88,88,0,19,0,0,1,5,0,270143,7550,2009,500,I-694 0100000694,99999999999999999999,0000000,45.03708889,-93.01148333,1,1
27,53,6,14,0,10,1,2,1,0,14,4,0,8,0,1,4,1,4,30,1,1,2,1,0,0,3,1,0,0,0,12,0,16,0,29,0,0,0,0,1,1,1,270144,4760,2009,154,LAKE ST E 0427000003,99999999999999999999,0000000,44.94835833,-93.21744722,1,1
27,111,6,14,13,27,2,2,0,1,2,2,0,12,8,1,1,1,2,55,1,2,2,1,0,0,1,1,0,0,13,27,13,35,99,99,0,0,0,0,1,1,0,270145,0,2009,2240,US-59 0200000059,99999999999999999999,0000000,46.36353056,-96.12901667,2,1
27,147,6,15,7,30,2,2,0,0,4,4,0,12,5,2,1,1,2,55,1,1,2,1,20,3,1,1,0,0,7,35,7,42,99,99,0,0,0,0,1,2,0,270146,0,2009,25,16 0400000016,CR 26,0000000,43.91381667,-93.05543333,2,1
27,61,6,15,18,15,2,2,0,1,2,2,0,12,5,2,1,2,2,65,2,2,2,1,21,3,1,1,0,0,18,19,18,24,18,52,0,0,0,0,1,2,1,270147,5030,2009,3239,US-169 0200000169,MN-65 N JCT,0000000,47.36983056,-93.17013611,2,1
27,163,6,17,4,11,1,1,0,0,6,5,0,42,0,1,4,1,2,30,2,1,1,2,0,0,2,1,0,0,4,11,99,99,88,88,0,0,0,0,1,4,1,270148,0,2009,5,MENDEL RD 0882000281,99999999999999999999,0000000,45.085175,-92.84949167,1,1
27,85,6,17,12,43,2,5,2,0,3,4,0,12,5,8,1,1,2,45,1,1,2,1,0,0,1,1,0,0,12,45,12,57,13,21,0,0,0,0,1,4,0,270149,4140,2009,132,BABCOCK 0443000001,NEAR KENNEDY AVE S,0000000,44.88108611,-94.05088333,2,1
27,53,4,15,0,6,1,2,0,1,11,1,0,24,0,13,8,6,1,55,1,2,2,1,0,0,3,1,0,0,0,8,0,15,99,99,0,0,0,0,1,4,1,270150,4760,2009,2343,I-94RAMP 0100000094,I-35W,0000000,44.96559444,-93.25631389,1,1
27,127,6,20,17,23,1,1,0,0,16,4,0,1,0,1,1,1,2,20,2,2,2,1,0,0,1,1,0,0,17,23,17,25,99,99,0,0,0,0,1,7,1,270151,5850,2009,12,31 0464000031,99999999999999999999,0000000,44.55129167,-95.12443889,1,1
27,123,6,20,18,0,1,2,1,0,16,8,0,8,0,1,1,9,9,15,1,1,9,1,0,0,1,1,0,0,18,0,18,0,88,88,0,19,0,0,1,7,0,270152,6330,2009,0,ALLEY 3034259999,99999999999999999999,0000000,44.92749167,-93.16832778,1,1
27,97,6,22,13,10,1,1,0,0,4,4,0,1,0,1,4,1,2,55,2,1,2,1,0,0,1,1,0,0,13,10,13,18,13,35,0,0,0,0,1,2,0,270153,0,2009,55,IRIS RD 0449000035,99999999999999999999,0000000,45.92651944,-94.24332222,1,1
27,163,6,22,23,32,1,3,0,1,11,1,0,18,0,15,1,2,2,60,1,1,2,1,0,0,3,1,0,0,23,32,23,39,0,3,0,0,0,0,1,2,0,270154,5334,2009,571,I-694 0100000694,CR 10,0000000,44.96319722,-92.958175,1,1
27,3,6,25,22,2,2,5,0,0,13,3,0,12,5,2,1,2,2,65,1,1,2,1,2,3,3,1,0,0,22,2,22,7,99,99,0,0,0,0,1,5,1,270155,1982,2009,283,SR-65 0300000065,SIMS RD NE,0000000,45.35604167,-93.23692222,2,1
27,123,6,26,5,53,1,2,1,0,15,6,0,8,0,3,1,4,2,30,1,1,2,1,2,3,4,1,0,0,5,54,5,59,88,88,0,0,0,0,1,6,0,270156,6330,2009,3,SIBLEY ST 0534250196,5TH ST,0000000,44.94873056,-93.08813889,1,1
27,57,6,24,5,44,1,1,0,0,4,4,0,1,0,1,4,1,2,55,2,1,4,5,0,0,9,1,0,0,88,88,88,88,88,88,0,0,0,0,1,4,1,270157,0,2009,48,2 0429000002,99999999999999999999,0000000,47.02396111,-94.83584167,1,1
27,157,6,25,14,15,1,1,0,0,4,4,0,23,0,1,4,1,2,55,1,1,2,1,0,0,1,1,0,0,18,51,18,59,88,88,0,0,0,0,1,5,0,270158,0,2009,62,24 0479000024,99999999999999999999,0000000,44.34483611,-92.00371111,1,1
27,53,6,25,17,26,2,3,0,0,14,4,0,12,2,2,1,1,2,35,1,1,1,1,2,3,1,1,0,0,19,26,19,30,20,0,0,0,0,0,1,5,0,270159,675,2009,10,NICOLLET 0427000052,W 90TH ST,0000000,44.84074444,-93.27843333,2,1
27,109,6,26,8,7,1,2,1,1,12,2,0,9,0,10,1,3,3,60,1,1,1,1,0,0,1,1,0,2,8,7,8,12,8,33,0,0,0,0,1,6,0,270160,5960,2009,585,US-52 0200000052,37TH ST NW EXIT,0000000,44.05706667,-92.49563889,1,1
27,123,6,27,6,12,2,3,0,0,15,6,0,12,2,2,1,1,4,30,1,2,2,2,20,3,4,2,0,0,6,14,6,20,6,26,0,0,0,0,1,7,1,270161,6330,2009,2,PARKWAY 0534250178,PAYNE AVE,0000000,44.98780833,-93.07363333,2,2
27,109,6,27,23,36,1,1,0,0,13,2,0,24,0,15,4,2,2,60,2,1,1,1,0,0,3,1,0,0,99,99,23,40,99,99,0,0,0,0,1,7,1,270163,5960,2009,2169,US-14 0200000014,US52 EXIT LOOP,0000000,44.00678056,-92.482925,1,1
27,63,6,30,17,20,2,4,0,1,2,3,0,12,5,2,1,2,2,65,1,1,1,1,21,3,1,1,0,0,17,32,17,48,18,9,0,0,0,0,2,3,0,270164,3260,2009,287,SR-60 0300000060,CR 9,0000000,43.79818889,-95.32418333,2,1
27,63,7,1,13,18,2,3,0,0,3,3,0,12,1,1,1,1,2,55,1,1,2,1,0,0,1,1,0,0,13,18,13,26,99,99,0,0,0,0,1,4,0,270165,0,2009,202,SR-86 0300000086,99999999999999999999,0000000,43.79173611,-95.17528889,2,1
27,3,7,1,15,49,1,2,1,0,16,5,0,9,0,1,1,1,2,40,1,1,2,1,0,0,1,1,0,0,15,49,15,56,99,99,0,0,0,0,1,4,0,270166,671,2009,15,JEFFERSON 0503700121,99999999999999999999,0000000,45.209325,-93.25508611,1,1
27,109,7,2,15,30,2,5,0,0,3,2,0,12,5,2,1,1,2,55,1,1,2,1,20,3,1,1,0,0,99,99,99,99,99,99,0,0,0,0,2,5,0,270167,2270,2009,2299,US-14 0200000014,CR 7,0000000,43.99126389,-92.22913333,2,1
27,45,7,2,19,0,1,1,0,1,2,2,0,1,0,1,4,1,2,55,2,2,2,1,0,0,1,1,0,0,99,99,99,99,88,88,0,0,0,0,1,5,1,270168,0,2009,291,US-52 0200000052,99999999999999999999,0000000,43.79593333,-92.13173889,1,1
27,5,7,4,2,31,1,7,0,0,4,4,3,1,0,1,4,1,2,55,2,1,2,1,0,0,2,1,0,0,99,99,99,99,99,99,0,0,0,0,4,7,1,270170,0,2009,86,37 0403000037,99999999999999999999,0000000,46.97814444,-95.46050556,1,1
27,129,7,4,16,10,2,4,0,0,4,4,0,12,5,2,1,1,2,55,1,1,2,1,20,1,1,1,0,0,16,10,16,18,16,46,0,0,0,0,1,7,0,270171,0,2009,59,6 0465000006,CR 17,0000000,44.73090556,-95.21894444,2,1
27,97,7,4,22,40,1,1,0,0,4,4,0,37,0,1,4,1,2,55,1,1,2,1,0,0,2,1,0,0,22,41,99,99,88,88,0,0,0,0,1,7,1,270172,0,2009,5,33 0449000033,99999999999999999999,0000000,45.82859167,-93.86732778,1,1
27,41,5,13,15,22,1,1,0,0,4,4,0,37,0,1,5,1,2,55,2,1,2,1,0,0,1,1,0,0,15,22,15,38,16,4,0,0,0,0,1,4,0,270173,0,2009,221,7 0421000007,99999999999999999999,0000000,46.03749444,-95.56260833,1,1
27,53,5,22,13,48,1,1,0,0,13,3,0,24,0,1,3,3,2,55,2,1,2,1,0,0,1,1,0,0,13,51,13,58,14,24,0,0,0,0,1,6,0,270174,5732,2009,1766,SR-55 0300000055,99999999999999999999,0000000,45.04183611,-93.52141944,1,1
27,171,6,20,22,26,1,1,0,0,2,3,0,57,0,1,4,1,2,45,2,1,2,1,0,0,3,1,0,0,22,26,22,34,22,53,0,0,0,0,1,7,1,270175,5970,2009,1646,SR-55 0300000055,99999999999999999999,0000000,45.09296667,-93.74744167,1,1
27,145,7,10,14,38,2,3,0,0,3,3,0,12,5,2,1,1,2,55,1,1,2,1,20,3,1,1,0,0,14,39,14,42,14,54,0,0,0,0,1,6,0,270177,0,2009,1043,SR-28 0300000028,NEAR CR 24,0000000,45.76214444,-94.91248611,2,1
27,49,7,10,19,1,2,3,0,0,3,3,0,12,5,2,1,1,2,55,1,1,2,1,20,3,1,1,0,0,19,1,19,1,19,45,0,0,0,0,1,6,0,270178,0,2009,2004,SR-19 0300000019,CR 7,0000000,44.50245556,-92.72698333,2,1
27,63,7,11,23,40,1,1,0,1,2,2,0,1,0,1,4,1,2,60,2,1,2,1,0,0,2,1,0,0,0,0,0,11,88,88,0,0,0,0,1,7,1,270179,0,2009,195,US-71 0200000071,99999999999999999999,0000000,43.77818889,-94.99608611,1,1
27,127,7,12,15,16,1,2,0,0,6,5,0,1,0,1,4,1,2,45,1,1,4,1,0,0,1,1,0,0,15,48,15,51,16,12,0,0,0,0,1,1,1,270180,0,2009,7,CROWN AVE 0864000166,99999999999999999999,0000000,44.23486389,-95.49271944,1,1
27,137,7,13,10,58,2,4,0,1,2,2,0,12,5,2,1,2,2,65,1,1,1,1,20,3,1,1,0,0,10,58,99,99,99,99,0,0,0,0,1,2,0,270181,0,2009,246,US-53 0200000053,CR 47 SWAN LAKE RD,0000000,46.96029722,-92.46212222,2,1
27,13,7,13,15,47,1,2,0,0,6,4,0,10,0,6,1,1,2,55,1,2,2,1,71,3,1,1,0,0,15,47,15,56,16,36,0,0,0,0,2,2,0,270182,0,2009,1,515TH AVE 0707000112,NEAR MN 60,185421X,44.11701944,-94.20848056,1,1
27,41,7,13,16,22,2,2,0,0,4,4,0,12,5,2,1,1,2,55,2,2,2,1,20,3,1,1,0,0,16,22,16,36,88,88,0,0,0,0,1,2,0,270183,2600,2009,37,40 0421000040,CR 56,0000000,45.93338889,-95.49413056,2,1
27,129,7,14,15,13,1,1,0,0,4,4,0,34,0,1,4,1,2,55,1,1,2,1,0,0,1,1,0,0,15,13,15,26,99,99,0,0,0,0,1,3,0,270184,0,2009,202,4 0465000004,99999999999999999999,0000000,44.67356389,-94.8121,1,1
27,111,7,14,16,40,1,1,0,0,5,4,0,1,0,1,4,1,2,55,1,1,2,6,0,0,1,1,0,0,16,42,17,5,17,48,0,5,0,0,1,3,0,270185,0,2009,16,122 0756000122,99999999999999999999,0000000,46.282375,-95.83915278,1,1
27,53,7,15,6,38,3,3,0,0,3,4,0,12,2,1,1,1,2,50,1,2,2,1,0,0,1,1,0,0,6,38,99,97,99,97,0,14,0,0,2,4,0,270186,3473,2009,45,6 0427000006,99999999999999999999,0000000,44.99318611,-93.68403056,3,1
27,127,7,16,5,45,1,2,0,0,16,6,0,19,0,1,5,1,2,15,2,9,2,1,0,0,4,1,0,0,5,45,99,99,99,99,0,0,0,0,1,5,0,270187,5850,2009,1,EDGEWWO 1031800126,99999999999999999999,0000000,44.546075,-95.09995556,1,1
27,137,7,17,22,10,1,1,0,0,4,4,0,34,0,1,4,1,2,30,2,2,2,1,0,0,3,1,0,0,22,10,99,97,99,97,0,0,0,0,1,6,1,270188,0,2009,55,MAPLE GRV 0469000006,99999999999999999999,0000000,46.80776944,-92.33371389,1,1
27,23,7,18,3,56,1,1,0,0,13,3,0,1,0,1,1,1,2,30,1,1,2,1,0,0,3,1,0,0,3,57,4,4,4,14,0,0,0,0,1,7,1,270189,4840,2009,19,SR-29 0300000029,99999999999999999999,0000000,44.95915,-95.71705278,1,1
27,153,7,19,6,47,2,2,0,0,2,2,0,12,2,1,1,1,2,60,1,1,2,1,0,0,1,1,0,0,6,49,6,57,7,28,0,0,0,0,2,1,0,270190,0,2009,1834,US-71 0200000071,99999999999999999999,0000000,45.92503889,-94.87704167,2,1
27,3,7,19,22,44,2,4,1,0,14,3,0,8,0,3,1,2,2,50,1,1,2,1,2,3,3,1,0,0,22,44,22,48,23,58,0,0,0,0,1,1,0,270191,2560,2009,104,SR-47 0300000047,OSBORNE RD NE,0000000,45.10712222,-93.26357778,2,1
27,139,7,22,19,17,1,1,0,0,14,4,0,1,0,1,4,1,2,55,1,1,2,1,0,0,1,1,0,0,19,19,19,27,88,88,0,0,0,0,1,4,1,270192,0,2009,17,MARSCHALL 0470000017,99999999999999999999,0000000,44.7107,-93.49036111,1,1
27,49,7,26,17,27,2,4,0,1,2,2,0,12,4,3,1,1,2,55,2,1,2,1,0,0,1,1,0,0,17,27,17,36,99,99,0,0,0,0,1,1,0,270193,0,2009,843,US-61 0200000061,NEAR WACOUTA RD,0000000,44.54443333,-92.42975,2,1
27,53,6,2,14,56,2,3,0,1,12,2,0,13,2,1,1,2,2,65,1,1,1,1,0,0,1,1,0,0,14,59,15,4,15,55,0,0,0,0,1,3,0,270194,675,2009,1168,US-169 0200000169,99999999999999999999,0000000,44.81430833,-93.39813333,2,1
27,171,7,4,5,30,1,1,0,0,5,4,0,1,0,1,4,1,2,55,1,1,2,1,0,0,4,1,0,0,6,0,6,10,88,88,0,0,0,0,1,7,1,270195,0,2009,16,4 0486000004,99999999999999999999,0000000,45.09516111,-94.16311944,1,1
27,141,7,8,8,25,2,3,0,0,2,4,0,12,5,10,1,1,2,55,1,2,2,1,20,3,1,1,0,0,8,25,8,34,8,44,0,0,0,0,1,4,0,270196,0,2009,1,CR 15 0471000015,US-10,0000000,45.31833889,-93.66511389,2,1
27,103,7,19,18,54,1,2,1,1,2,2,0,9,0,2,1,1,2,55,1,1,2,1,0,0,1,1,0,0,19,0,99,98,88,88,0,0,0,0,1,1,0,270197,0,2009,1257,US-14 0200000014,CR 6,0000000,44.19648889,-94.0863,1,1
27,141,7,20,10,18,2,3,0,0,2,2,0,13,2,1,1,2,2,65,1,1,1,1,0,0,1,1,0,0,10,19,10,23,99,99,0,0,0,0,1,2,0,270198,0,2009,2081,US-10 0200000010,99999999999999999999,0000000,45.33236944,-93.69767222,2,1
27,53,5,2,12,44,1,1,0,1,13,3,0,1,0,1,1,3,2,55,2,1,2,1,0,0,1,1,0,0,12,44,12,55,13,18,0,0,0,0,1,7,0,270199,821,2009,28,SR-252 0300000252,99999999999999999999,0000000,45.10162222,-93.30083611,1,1