STATE,COUNTY,MONTH,DAY,HOUR,MINUTE,VE_TOTAL,PERSONS,PEDS,NHS,ROAD_FNC,ROUTE,SP_JUR,HARM_EV,MAN_COLL,REL_JUNC,REL_ROAD,TRAF_FLO,NO_LANES,SP_LIMIT,ALIGNMNT,PROFILE,PAVE_TYP,SUR_COND,TRA_CONT,T_CONT_F,LGT_COND,WEATHER1,WEATHER2,WRK_ZONE,NOT_HOUR,NOT_MIN,ARR_HOUR,ARR_MIN,HOSP_HR,HOSP_MN,SCH_BUS,CF1,CF2,CF3,FATALS,DAY_WEEK,DRUNK_DR,ST_CASE,CITY,YEAR,MILEPT,TWAY_ID,TWAY_ID2,RAIL,LATITUDE,LONGITUD,VE_FORMS,WEATHER
27,53,5,10,23,59,1,2,0,0,14,4,0,30,0,1,4,1,2,50,2,1,2,1,0,0,3,1,0,0,23,59,0,8,99,99,0,0,0,0,1,1,1,270200,1150,2009,39,W RIVER 0427000012,99999999999999999999,0000000,45.15819444,-93.34794444,1,1
27,137,6,6,0,7,1,1,0,1,2,2,0,42,0,1,4,2,2,55,2,1,2,1,0,0,2,1,0,0,0,9,0,20,88,88,0,20,0,0,1,7,1,270201,0,2009,760,US-53 00000053,99999999999999999999,0000000,47.65595833,-92.60018611,1,1
27,61,6,22,16,10,1,3,0,0,3,3,3,42,0,1,4,1,2,55,2,1,2,1,0,0,1,1,0,0,16,11,16,32,99,99,0,0,0,0,1,2,0,270202,0,2009,301,SR-46 0300000046,99999999999999999999,0000000,47.66261389,-94.18025556,1,1
27,3,6,23,13,50,1,1,0,0,16,6,0,29,0,1,4,1,2,30,2,1,2,1,0,0,1,1,0,0,13,56,14,7,99,99,0,0,0,0,1,3,0,270203,1982,2009,2,193 LN NE 1010720135,99999999999999999999,0000000,45.32065833,-93.26034444,1,1
27,137,6,23,22,10,1,1,0,1,2,2,3,11,0,1,1,1,2,55,1,1,2,1,0,0,2,1,0,0,22,10,22,24,99,99,0,0,0,0,1,3,1,270204,0,2009,2377,US-2 0200000002,99999999999999999999,0000000,46.85449167,-92.60719167,1,1
27,111,6,26,16,34,1,2,0,0,2,3,0,11,0,1,1,1,2,55,1,1,2,1,0,0,1,1,0,0,16,35,16,50,17,10,0,0,0,0,1,6,0,270205,0,2009,689,SR-210 0300000210,99999999999999999999,0000000,46.32572222,-95.279525,1,1
27,53,6,26,22,6,2,3,0,0,16,6,0,14,8,1,7,1,2,30,1,1,2,1,0,0,3,1,0,0,22,13,99,99,99,99,0,0,0,0,1,6,0,270206,2750,2009,2,BRUNSWICK 1014950108,99999999999999999999,0000000,44.99965,-93.35760556,1,1
27,103,7,21,12,25,1,1,0,0,14,6,0,1,0,3,1,1,2,45,1,3,2,1,3,3,1,1,0,0,12,25,99,99,99,99,0,0,0,0,1,3,0,270207,5280,2009,11,LOOKOUTDR 0528550116,MARIE LN,0000000,44.16953889,-94.04673333,1,1
27,35,7,24,19,0,1,2,0,0,6,4,0,30,0,1,4,1,2,55,9,9,2,1,0,0,1,1,0,0,19,3,19,20,88,88,0,0,0,0,2,6,0,270208,0,2009,71,159 0718000159,99999999999999999999,0000000,46.38851111,-93.96785833,1,1
27,137,7,25,17,43,2,3,0,0,3,3,0,12,2,1,1,1,2,55,2,1,2,2,0,0,1,1,0,0,17,46,17,57,99,99,0,0,0,0,1,7,0,270209,0,2009,158,SR-37 0300000037,99999999999999999999,0000000,47.40192222,-92.59315833,2,1
27,53,7,28,9,5,2,6,0,0,3,4,0,12,2,1,1,1,2,50,1,1,2,1,0,0,1,1,0,0,9,7,9,21,9,52,0,0,0,0,4,3,0,270210,3473,2009,31,6 0427000006,99999999999999999999,0000000,44.98958611,-93.70870556,2,1
27,53,7,31,13,38,1,2,1,0,16,6,0,8,0,8,1,1,2,30,1,1,2,1,0,0,1,1,0,0,13,40,13,50,14,11,0,0,0,0,1,6,0,270211,821,2009,2,94 AVE N 1004650781,NEAR UPTON AVE N,0000000,45.12634722,-93.31729444,1,1
27,123,8,1,1,22,1,1,0,0,14,4,0,42,0,1,4,2,2,30,2,1,1,1,0,0,3,1,0,0,1,23,1,29,1,47,0,20,0,0,1,7,1,270212,7550,2009,89,WHITEBEAR 0462000065,99999999999999999999,0000000,45.06907222,-93.01175278,1,1
27,53,8,3,15,37,1,1,0,0,15,6,0,10,0,6,1,2,1,30,1,1,2,1,60,3,1,1,0,0,99,99,99,99,99,99,0,0,0,0,1,2,0,270213,4760,2009,30,35 ST W 052850249,NEAR HIAWATHA AVE,9999999,44.93953056,-93.23275833,1,1
27,49,8,4,15,50,2,3,0,0,4,4,0,12,7,8,1,1,2,55,1,2,2,1,0,0,1,1,0,1,15,50,99,99,88,88,0,0,0,0,2,3,0,270214,0,2009,74,1 0425000001,AT ADDRESS 45096,0000000,44.29843889,-92.87105278,2,1
27,111,8,11,17,38,1,1,0,0,3,3,0,37,0,1,4,1,2,55,2,1,2,1,0,0,1,1,0,0,17,39,17,44,18,14,0,0,0,0,1,3,1,270215,0,2009,390,SR-78 0300000078,99999999999999999999,0000000,46.46996667,-95.57273056,1,1
27,25,8,12,20,15,2,3,0,1,2,2,0,12,5,2,1,1,2,55,2,2,2,1,20,3,1,1,0,0,20,13,20,21,99,99,0,0,0,0,2,4,0,270216,0,2009,143,US-8 0200000008,PLEASANT VALLEY RD,0000000,45.38273611,-92.79513889,2,1
27,97,8,13,17,7,1,1,0,0,6,4,0,1,0,1,1,1,2,55,1,1,2,1,0,0,1,1,0,0,17,7,17,59,88,88,0,0,0,0,1,5,0,270217,0,2009,7,2200749000220,99999999999999999999,0000000,45.92901389,-94.59695278,1,1
27,129,8,15,6,17,1,1,0,0,4,4,0,1,0,1,4,1,2,55,2,2,1,1,0,0,2,1,0,0,6,27,7,5,7,47,0,0,0,0,1,7,1,270218,0,2009,15,CR-10 0465000010,99999999999999999999,0000000,44.73711944,-95.41257778,1,1
27,103,8,15,9,6,1,2,0,0,4,4,0,37,0,1,4,1,2,55,2,1,2,1,0,0,9,1,0,0,9,10,99,97,99,97,0,18,0,0,2,7,1,270219,0,2009,338,5 0452000005,99999999999999999999,0000000,44.34464722,-94.10163056,1,1
27,47,8,19,14,37,4,7,0,1,1,1,0,12,8,15,1,1,2,60,1,2,1,2,0,0,1,2,0,1,14,38,99,99,88,88,0,3,14,0,4,4,0,270220,0,2009,1547,I-90 0100000090,MN 13,0000000,43.68596111,-93.42187778,4,2
27,141,8,16,10,48,1,1,0,1,2,2,0,1,0,1,3,2,2,65,2,2,1,1,0,0,1,1,0,0,10,56,11,2,11,35,0,0,0,0,1,1,0,270221,0,2009,1632,US-169 0200000169,99999999999999999999,0000000,45.38996389,-93.56196944,1,1
27,37,5,3,20,54,1,1,0,0,16,6,0,33,0,4,4,1,2,30,1,1,2,1,0,0,3,1,0,0,99,99,99,99,99,99,0,0,0,0,1,1,1,270222,1945,2009,6,GOLD TRL 1010630219,SERPENTINE DR,0000000,44.81497222,-93.19686389,1,1
27,19,7,28,21,42,1,1,0,0,16,6,0,1,0,1,1,1,2,30,2,2,2,1,0,0,6,1,0,0,21,42,21,48,22,4,0,0,0,0,1,3,0,270223,1170,2009,10,BLUFF CRK 0506400104,99999999999999999999,0000000,44.813625,-93.55173333,1,1
27,123,8,23,0,14,2,2,0,0,14,4,0,12,5,2,1,2,2,30,1,1,2,1,2,3,3,1,0,0,0,15,0,20,0,50,0,20,0,0,1,1,0,270224,6330,2009,10,UNIVERSTY 0462000034,VANDALIA,0000000,44.96072778,-93.18977222,2,1
27,35,8,23,10,15,1,2,1,0,6,4,0,15,0,1,1,1,2,55,1,1,1,1,0,0,1,1,0,0,10,15,10,18,88,88,0,0,0,0,1,1,0,270225,5600,2009,37,CR 107 0718000107,99999999999999999999,0000000,46.57336944,-94.30536389,1,1
27,17,8,23,10,19,2,1,0,0,16,6,0,14,5,3,5,2,2,30,1,1,2,1,99,9,1,1,0,0,10,23,10,25,10,41,0,0,0,0,1,1,0,270226,1370,2009,1,BROADWAY 0507500105,AVENUE D,0000000,46.72195833,-92.46225,1,1
27,171,8,24,10,42,2,4,0,0,5,4,0,12,5,2,1,1,2,55,1,1,2,1,20,3,1,1,0,0,10,45,10,46,11,2,0,0,0,0,1,2,0,270227,0,2009,105,12 0486000012,CR 138,0000000,45.20147222,-93.88983333,2,1
27,61,8,26,8,20,2,2,0,0,4,4,0,12,4,2,1,1,2,55,1,1,2,1,0,0,1,1,0,0,8,20,8,28,8,42,0,0,0,0,1,4,0,270228,0,2009,49,RIVER RD 0431000003,HARRISTOWN RD,0000000,47.18175278,-93.46543611,2,1
27,67,8,26,11,1,2,2,0,1,2,2,0,12,5,2,1,2,2,65,2,1,1,1,21,3,1,1,0,0,10,56,11,1,11,15,0,0,0,0,1,4,0,270229,0,2009,1270,US-71 0200000071,CR 90,0000000,45.1611,-95.01650556,2,1
27,111,9,3,14,26,2,2,0,0,4,4,0,12,2,8,1,1,2,55,1,2,2,1,0,0,1,1,0,0,14,26,14,35,99,99,0,0,0,0,1,5,0,270231,0,2009,35,CR 40 0456000040,ADDRESS 48998,0000000,46.24365833,-95.47002222,2,1
27,107,6,29,10,44,2,2,0,0,4,4,0,12,5,2,1,1,2,55,1,2,2,1,21,3,1,1,0,0,10,45,11,2,11,22,0,0,0,0,1,2,0,270232,0,2009,6,CR 09 0454000019,120TH ST,0000000,47.36095833,-96.81436667,2,1
27,25,9,7,11,55,4,9,0,1,2,2,0,12,1,3,1,1,2,55,1,1,2,1,1,3,1,1,0,0,11,56,12,24,13,16,0,0,0,0,1,2,0,270233,7790,2009,73,US-8 0200000008,JOHNSON LN,0000000,45.35646667,-92.90998889,4,1
27,85,9,5,16,24,2,3,0,0,4,4,0,12,2,1,1,1,2,55,1,1,2,1,40,3,1,1,0,0,16,24,16,39,17,4,0,0,0,0,2,7,0,270234,0,2009,63,TAGUS AVE 0443000012,99999999999999999999,0000000,44.96650278,-94.39904722,2,1
27,123,5,22,5,24,1,2,1,0,14,6,0,8,0,1,1,2,2,30,1,2,2,1,0,0,4,1,0,0,5,26,5,28,5,45,0,0,0,0,1,6,0,270235,6330,2009,12,RICE ST 0534250236,99999999999999999999,0000000,44.95544722,-93.10591111,1,1
27,109,6,20,20,15,1,3,0,0,16,8,0,5,0,1,1,1,2,10,1,1,2,1,0,0,1,1,0,0,20,15,20,20,99,99,0,0,0,0,1,7,0,270236,5960,2009,0,ROAD IN ESSEX PARK,99999999999999999999,0000000,44.07874722,-92.47501944,1,1
27,19,6,27,5,52,2,2,0,0,14,3,0,12,2,1,1,1,2,50,2,1,2,2,0,0,1,2,0,0,5,52,5,56,6,19,0,0,0,0,1,7,1,270237,7160,2009,385,SR-5 0300000005,99999999999999999999,0000000,44.86148889,-93.67286111,2,2
27,5,6,15,6,8,1,1,0,0,5,4,0,37,0,1,4,1,2,55,2,1,2,1,0,0,2,9,0,0,6,8,7,0,88,88,0,0,0,0,1,2,0,270238,0,2009,3,CR 49 0403000049,99999999999999999999,0000000,46.717475,-95.19949444,1,9
27,145,8,16,22,37,2,3,0,0,4,4,0,12,2,1,1,1,2,55,1,1,2,1,0,0,2,1,0,0,22,41,99,97,99,97,0,0,0,0,1,1,1,270239,0,2009,357,CR 17 0473000017,99999999999999999999,0000000,45.74652778,-94.322175,2,1
27,53,8,22,17,5,1,1,0,1,12,2,0,27,0,15,8,3,2,55,2,2,1,1,0,0,1,1,0,0,88,88,88,88,88,88,0,0,0,0,1,7,0,270240,3410,2009,1251,US-169 0200000169,NB EXIT RAMP TO MN7,0000000,44.93192778,-93.39721944,1,1
27,3,8,24,18,1,2,5,0,0,14,4,0,12,3,1,1,1,2,55,1,1,2,1,0,0,1,1,0,0,18,1,99,99,99,99,0,0,0,0,1,2,0,270241,1108,2009,105,VIKINGBLV 0402000022,99999999999999999999,0000000,45.31988889,-93.34036667,2,1
27,163,8,27,12,6,2,4,0,0,14,2,0,12,1,2,1,1,2,55,1,1,2,1,0,0,1,1,0,0,12,7,12,20,12,51,0,0,0,0,2,5,0,270242,3440,2009,1537,US-61 0200000061,159TH ST N,0000000,45.17880833,-92.98768611,2,1
27,93,8,27,16,2,2,2,0,0,3,3,0,45,1,1,2,1,2,55,1,1,2,1,0,0,1,1,0,1,16,3,16,25,88,88,0,0,0,0,1,5,0,270243,0,2009,1164,SR-4 0300000004,99999999999999999999,0000000,45.03693611,-94.69652778,1,1
27,171,6,5,2,46,2,3,2,1,1,1,0,12,5,1,1,3,2,70,1,1,1,1,0,0,2,1,0,0,2,46,2,56,3,10,0,19,0,0,1,6,0,270244,0,2009,1886,I-94 0100000094,99999999999999999999,0000000,45.34477222,-93.88864444,2,1
27,97,8,28,4,34,1,1,0,1,2,2,0,1,0,1,2,2,2,65,2,1,2,1,0,0,4,1,0,0,4,34,99,99,88,88,0,0,0,0,1,6,0,270245,6100,2009,1580,US-10 0200000010,99999999999999999999,0000000,45.838675,-94.30278611,1,1
27,55,8,29,3,0,1,1,0,0,5,4,0,34,0,1,4,1,2,55,2,2,2,1,0,0,2,1,0,0,6,59,7,5,88,88,0,0,0,0,1,7,1,270246,890,2009,2,CR 18 0428000018,99999999999999999999,0000000,43.70142778,-91.27997222,1,1
27,5,8,29,7,19,1,1,0,0,5,4,0,1,0,1,2,1,2,40,2,3,2,9,0,0,9,9,0,0,7,19,7,25,8,38,0,0,0,0,1,7,1,270247,0,2009,32,CR B54 0403000054,99999999999999999999,0000000,46.78496667,-95.75277222,1,9
27,129,8,29,19,35,1,2,0,0,6,4,0,1,0,1,4,1,2,55,1,2,4,1,0,0,1,1,0,0,19,36,20,1,20,24,0,0,0,0,1,7,0,270248,0,2009,7,CR 21 0465000021,99999999999999999999,0000000,44.62868333,-95.177575,1,1
27,3,8,30,4,58,1,1,0,0,14,4,0,42,0,1,4,1,2,55,1,1,2,1,0,0,2,1,0,0,4,58,5,11,5,30,0,0,0,0,1,1,1,270249,1982,2009,170,VIKINGBVD 0402000022,99999999999999999999,0000000,45.31955,-93.21041111,1,1
27,53,8,13,0,49,1,2,1,1,1,1,0,8,0,15,1,3,4,55,1,1,2,1,0,0,3,1,0,1,0,51,0,56,88,88,0,19,0,0,1,5,0,270250,4760,2009,152,I-35W 010000035W,NEAR 35TH ST EXT RMP,0000000,44.94025556,-93.27483056,1,1
27,21,9,4,15,49,1,3,0,0,4,4,0,42,0,1,5,1,2,55,1,2,2,1,0,0,1,1,0,0,15,47,15,57,17,49,0,0,0,0,1,6,1,270251,0,2009,28,CR 11 0411000011,99999999999999999999,0000000,46.92096944,-94.29954444,1,1
27,43,9,4,16,51,2,4,0,0,6,4,0,12,2,1,1,1,2,55,1,1,4,1,0,0,1,7,0,0,16,51,16,59,17,54,0,0,0,0,1,6,0,270252,0,2009,60,560 AVE 0422000025,99999999999999999999,0000000,43.62302778,-93.74800556,2,7
27,3,9,9,19,56,1,2,1,0,14,3,0,8,0,3,1,2,2,45,2,1,2,1,2,3,3,1,0,0,19,56,99,99,88,88,0,0,0,0,1,4,1,270253,671,2009,116,SR-47 0300000047,85TH AVE NE,0000000,45.12471944,-93.23513056,1,1
27,157,9,9,7,22,2,2,0,1,2,2,0,12,5,2,1,2,2,65,1,2,2,1,0,0,1,5,0,0,99,99,99,99,99,99,0,0,0,0,1,4,0,270254,0,2009,537,US-61 0200000061,MN 42,0000000,44.30011111,-92.00003611,2,5
27,97,7,4,19,56,1,6,0,0,6,4,0,5,0,1,1,1,2,55,1,1,2,1,0,0,1,1,0,0,19,56,99,99,99,99,0,0,0,0,1,7,1,270255,3300,2009,1,CR 274 0749000247,99999999999999999999,0000000,46.004375,-93.88375556,1,1
27,21,7,7,16,13,2,3,0,1,2,3,3,12,2,8,2,1,2,55,2,2,2,1,0,0,1,1,0,0,16,13,16,23,99,99,0,0,0,0,1,3,0,270256,0,2009,944,SR-371 0300000371,NEAR CR 142,0000000,47.18907778,-94.63181667,2,1
27,47,9,9,22,28,1,1,0,0,6,5,0,34,0,1,4,1,2,55,1,1,4,1,0,0,2,1,0,0,22,28,22,36,99,99,0,0,0,0,1,4,1,270257,0,2009,0,100 ST,99999999999999999999,0000000,43.51388889,-93.27196667,1,1
27,137,9,12,20,14,1,2,1,0,14,3,0,8,0,3,1,1,4,45,1,1,2,1,0,0,3,1,0,0,20,16,20,21,20,40,0,0,0,0,1,7,0,270258,1900,2009,3379,SR-23 0300000023,92ND AVE W,0000000,46.70163611,-92.21532222,1,1
27,99,9,13,10,48,2,4,0,1,2,2,0,12,1,3,1,1,2,50,1,1,2,1,0,0,1,1,0,0,10,48,10,48,99,99,0,0,0,0,2,1,0,270259,5785,2009,232,US-63 0200000063,CR 1,0000000,43.77596389,-92.48530556,2,1
27,3,9,15,21,22,4,4,0,1,11,1,0,12,1,1,1,2,2,70,1,1,2,1,0,0,2,1,0,1,21,22,21,25,99,99,0,0,0,0,1,3,0,270260,4184,2009,1256,I-35E 010000035E,99999999999999999999,0000000,45.19284167,-93.02965556,4,1
27,163,9,17,7,45,1,3,1,0,16,6,0,8,0,1,1,1,2,30,1,1,2,1,0,0,4,1,0,0,99,99,99,99,99,99,0,0,0,0,1,5,0,270261,5334,2009,2,29TH ST 1028880198,99999999999999999999,0000000,44.98978611,-92.96932222,1,1
27,63,9,18,18,0,2,6,0,0,4,3,0,12,5,2,1,1,2,55,1,1,2,1,4,3,1,1,0,0,18,1,18,15,18,46,0,0,0,0,2,6,0,270262,0,2009,58,SR-264 0300000264,CR 35 LT CR 34 RT,0000000,43.61592778,-95.45425556,2,1
27,111,9,19,17,24,1,1,0,0,6,5,0,5,0,1,1,1,2,30,1,1,2,1,0,0,1,1,0,0,17,24,17,30,17,49,0,0,0,0,1,7,0,270263,0,2009,13,RSHLKLOOP 0856000253,99999999999999999999,0000000,46.49193611,-95.57382222,1,1
27,145,9,21,12,1,1,1,0,0,6,4,0,27,0,1,4,1,2,55,2,2,2,1,0,0,1,1,0,0,12,4,12,16,12,55,0,0,0,0,1,2,0,270264,0,2009,33,CR 151 0773000151,99999999999999999999,0000000,45.71678333,-94.41863611,1,1
27,53,9,23,15,33,2,2,0,0,14,6,0,12,5,2,1,2,2,30,1,2,2,1,20,3,1,1,0,0,15,33,15,59,88,88,0,0,0,0,1,4,0,270265,4760,2009,23,7TH ST N 0525850221,11TH AVE N,0000000,44.98986389,-93.29144167,2,1
27,163,9,3,14,4,2,2,0,1,13,3,0,12,2,2,1,2,2,55,1,1,2,1,2,3,1,1,0,0,14,5,14,9,14,32,0,0,0,0,1,5,0,270266,5334,2009,105,SR-36 0300000036,SR-120,0000000,45.02000278,-92.98476944,2,1
27,121,9,23,8,0,2,2,0,0,2,3,0,12,2,2,1,1,2,55,1,1,2,1,0,0,1,1,0,0,8,0,8,7,8,33,0,0,0,0,1,4,0,270267,4230,2009,721,SR-28 0300000028,NORTH RIDGE DR,0000000,45.62792222,-95.44787778,2,1
27,5,9,25,10,58,2,4,0,0,4,4,3,12,2,1,1,1,2,55,2,2,2,1,0,0,1,1,0,0,10,59,99,99,88,88,0,0,0,0,3,6,0,270268,0,2009,20,CR34 0403000034,99999999999999999999,0000000,46.98764722,-95.79323333,2,1
27,111,9,26,12,27,2,2,0,0,3,3,0,12,5,2,1,1,2,55,1,1,2,1,20,3,1,1,0,0,12,27,12,35,99,99,0,0,0,0,1,7,0,270269,0,2009,57,SR-106 0300000106,CR 142,0000000,46.47045278,-95.32201389,2,1
27,141,8,4,14,48,1,1,0,0,3,4,0,34,0,3,4,1,2,30,1,1,2,1,2,3,1,1,0,0,14,48,15,4,99,99,0,0,0,0,1,3,0,270270,5760,2009,3,RUMRIVER 0471000029,NORTHLAND BLVD,0000000,45.55771667,-93.58286667,1,1
27,27,9,26,15,11,1,2,1,0,6,4,0,8,0,1,1,1,2,55,1,1,4,8,0,0,1,1,0,4,15,14,15,35,88,88,0,0,0,0,1,7,0,270271,0,2009,10,CR86 0714000086,99999999999999999999,0000000,46.87759722,-96.44175278,1,1
27,35,9,27,0,44,1,3,0,0,6,4,0,37,0,3,4,1,2,55,1,1,2,1,0,0,2,1,0,0,0,44,0,57,2,22,0,0,0,0,1,1,1,270272,1565,2009,26,CR 103 0718000103,PARKINS DR,0000000,46.645975,-94.13547222,1,1
27,171,9,27,14,31,1,2,0,0,16,6,0,39,0,1,5,1,2,30,2,1,2,1,0,0,1,1,0,0,14,36,14,45,15,18,0,0,0,0,1,1,1,270273,5487,2009,2,OHLANDAVE 1029720222,99999999999999999999,0000000,45.28502222,-93.58235556,1,1
27,111,9,27,15,12,2,2,0,0,4,4,0,12,5,2,1,1,2,55,1,1,2,2,20,3,1,2,0,0,15,12,15,14,16,0,0,0,0,0,1,1,0,270274,0,2009,120,CR75 0456000075,320TH ST,0000000,46.42704722,-95.17656389,2,2
27,131,9,29,15,11,2,3,0,0,4,4,0,12,99,1,1,1,2,55,1,1,2,1,0,0,1,1,0,0,15,20,15,22,16,3,0,0,0,0,1,3,0,270275,0,2009,38,CR45 0466000045,99999999999999999999,0000000,44.24835,-93.262675,2,1
27,9,9,30,10,59,3,4,0,1,2,3,0,12,1,3,1,1,2,55,1,1,2,1,0,0,1,1,0,0,10,59,11,16,99,99,0,0,0,0,1,4,0,270276,6010,2009,2200,SR-23 0300000023,CR 6,0000000,45.68108333,-93.86454444,3,1
27,131,9,30,16,19,1,2,1,0,14,6,0,9,0,1,1,1,2,30,1,1,2,1,0,0,1,1,0,0,16,20,16,24,88,88,0,0,0,0,1,4,0,270277,2310,2009,3,7TH ST NW 0512500104,99999999999999999999,0000000,44.29790833,-93.28200556,1,1
27,19,8,29,15,33,3,7,0,1,2,2,0,12,1,3,1,1,2,55,1,1,2,1,0,0,1,1,0,0,15,33,15,40,99,99,0,0,0,0,2,7,1,270278,0,2009,1349,US-212 0200000212,CR 51,0000000,44.76770833,-93.848925,3,1
27,39,9,27,1,9,2,2,0,1,2,2,0,12,8,1,1,1,2,55,1,1,2,1,0,0,2,1,0,0,1,13,1,22,88,88,0,0,0,0,1,1,1,270279,0,2009,1905,US-14 0200000014,99999999999999999999,0000000,44.05180556,-92.92935833,2,1
27,35,10,2,7,51,2,2,0,1,13,3,0,12,4,2,1,2,2,65,1,1,2,2,1,3,1,2,0,0,7,53,8,0,8,20,0,0,0,0,1,6,0,270280,420,2009,259,SR-371 0300000371,CR 48,0000000,46.33241944,-94.25753611,2,2
27,137,10,3,3,26,1,1,0,0,4,4,0,42,0,3,5,1,2,55,1,1,2,1,20,3,3,2,0,0,3,29,99,98,88,88,0,0,0,0,1,7,0,270281,0,2009,70,CR 10 0469000010,CR 12,0000000,46.88761667,-91.98413333,1,2
27,123,10,5,16,18,2,3,0,0,14,4,0,12,5,8,1,5,4,30,1,4,1,2,0,0,1,2,0,0,16,21,16,28,16,55,0,0,0,0,1,2,0,270283,6330,2009,27,LARPENTER 0462000030,NEAR FERNWOOD ST,0000000,44.99186389,-93.15257222,2,2
27,103,10,7,10,1,2,2,0,0,4,4,0,12,2,1,1,1,2,55,2,2,2,1,0,0,1,1,0,0,10,4,10,17,10,55,0,0,0,0,1,4,0,270284,0,2009,336,CR 5 0452000005,99999999999999999999,0000000,44.34486111,-94.10051667,2,1
27,61,10,9,15,24,2,4,0,1,2,2,0,12,5,2,1,2,2,40,2,2,2,1,20,3,1,1,0,0,15,24,15,30,15,54,1,0,0,0,1,6,0,270285,1420,2009,3086,US-169 0200000169,CURLEY AVE,0000000,47.28278056,-93.43319444,2,1
27,123,10,9,23,24,2,3,0,1,12,3,0,12,2,1,1,3,3,55,1,2,1,1,0,0,3,1,0,0,23,26,23,31,99,99,0,0,0,0,1,6,1,270286,6330,2009,10,SR-280 0300000280,99999999999999999999,0000000,44.97191667,-93.20223333,2,1
27,3,10,10,7,56,1,2,1,1,11,1,0,8,0,15,1,3,2,70,2,2,2,4,0,0,1,1,0,4,7,57,8,1,88,88,0,0,0,0,1,7,0,270287,0,2009,415,I-35W 010000035W,I-35E,0000000,45.21910556,-93.02869722,1,1
27,119,10,10,23,20,1,1,0,0,4,4,0,1,0,1,4,1,2,55,1,1,2,1,0,0,2,1,0,0,23,21,23,28,23,38,0,0,0,0,1,7,1,270288,0,2009,598,CR1 0460000001,99999999999999999999,0000000,47.57156667,-95.72688056,1,1
27,53,10,10,20,6,1,2,1,0,16,6,0,9,0,1,1,3,2,30,1,1,2,1,20,3,3,1,0,0,20,6,20,10,99,99,0,0,0,0,1,7,0,270289,6300,2009,4,BELTLINE 0534050291,99999999999999999999,0000000,44.94374722,-93.3403,1,1
27,53,10,11,0,57,1,2,0,0,15,6,0,46,0,3,4,1,2,30,1,1,2,1,2,3,3,1,0,0,99,99,99,99,99,99,0,0,0,0,1,1,1,270290,4760,2009,14,31ST ST 0525850366,NICOLLET AVE S,0000000,44.94658333,-93.27791667,1,1
27,129,10,11,12,49,2,3,0,1,2,2,0,12,5,2,1,1,2,60,1,1,2,1,20,3,1,1,0,0,12,49,13,2,13,15,0,0,0,0,1,1,0,270291,0,2009,840,US-71 0200000071,CR 2,0000000,44.57794444,-94.99451667,2,1
27,105,10,12,8,7,2,3,0,0,4,4,0,12,2,1,1,1,2,55,1,1,2,3,0,0,1,4,0,0,8,12,0,99,99,99,0,99,99,99,2,2,0,270292,0,2009,141,CR 25 0453000025,99999999999999999999,0000000,43.74693333,-95.77341111,2,4
27,137,8,10,2,9,1,3,1,0,13,3,0,8,0,3,1,2,2,40,1,1,2,1,1,3,3,1,0,4,2,12,2,18,2,34,0,0,0,0,1,2,0,270293,1900,2009,136,SR-194 0300000194,US 53,0000000,46.80418611,-92.15376667,1,1
27,139,10,12,16,37,1,1,0,0,14,3,0,27,0,1,4,1,2,55,1,1,2,1,0,0,1,1,0,0,16,45,17,0,17,15,0,0,0,0,1,2,0,270294,0,2009,10,SR-41 0300000041,99999999999999999999,0000000,44.77676944,-93.59243611,1,1
27,53,10,16,6,30,1,2,1,0,16,6,0,8,0,2,1,1,3,30,1,1,2,2,2,3,4,3,0,0,99,99,99,99,99,99,0,0,0,0,1,6,0,270295,4760,2009,6,46 ST E 0525850427,36 AVE S,0000000,44.91969722,-93.22038611,1,3
27,141,10,17,11,32,1,1,0,1,13,2,0,1,0,1,3,2,2,65,2,2,2,1,0,0,1,1,0,0,11,39,11,48,88,88,0,0,0,0,1,7,1,270296,0,2009,1632,US-169 0200000169,99999999999999999999,0000000,45.39348056,-93.56176389,1,1
27,95,10,17,14,41,1,2,0,0,4,4,0,5,0,1,1,1,2,30,2,1,2,1,0,0,1,1,0,0,14,42,14,50,88,88,0,0,0,0,1,7,0,270297,710,2009,185,CR 1 0448000001,99999999999999999999,0000000,45.78453611,-93.55688056,1,1
27,53,10,17,17,43,1,1,0,1,12,3,0,27,0,1,4,2,3,55,1,1,2,1,0,0,1,1,0,0,17,47,17,55,18,24,0,0,0,0,1,7,1,270298,5910,2009,99,SR-77 0300000077,99999999999999999999,0000000,44.87400833,-93.24741667,1,1
27,35,10,18,7,54,1,1,0,0,3,3,0,42,0,1,4,1,2,55,1,1,2,1,0,0,1,1,0,0,7,58,8,12,88,88,0,0,0,0,1,1,0,270299,0,2009,177,SR-18 0300000018,99999999999999999999,0000000,46.32683333,-93.84238889,1,1