STATE,COUNTY,MONTH,DAY,HOUR,MINUTE,VE_TOTAL,PERSONS,PEDS,NHS,ROAD_FNC,ROUTE,SP_JUR,HARM_EV,MAN_COLL,REL_JUNC,REL_ROAD,TRAF_FLO,NO_LANES,SP_LIMIT,ALIGNMNT,PROFILE,PAVE_TYP,SUR_COND,TRA_CONT,T_CONT_F,LGT_COND,WEATHER1,WEATHER2,WRK_ZONE,NOT_HOUR,NOT_MIN,ARR_HOUR,ARR_MIN,HOSP_HR,HOSP_MN,SCH_BUS,CF1,CF2,CF3,FATALS,DAY_WEEK,DRUNK_DR,ST_CASE,CITY,YEAR,MILEPT,TWAY_ID,TWAY_ID2,RAIL,LATITUDE,LONGITUD,VE_FORMS,WEATHER
27,129,10,20,0,6,2,4,0,1,2,2,0,12,2,1,2,1,2,55,2,1,2,1,0,0,2,1,0,0,0,17,0,30,1,28,0,0,0,0,1,3,0,270300,0,2009,583,US-212 0200000212,99999999999999999999,0000000,44.78844722,-95.36654167,2,1
27,53,10,22,21,42,1,2,1,0,14,4,0,8,0,2,1,1,4,30,1,1,2,1,0,0,3,1,0,0,21,42,21,47,88,88,0,0,0,0,1,5,0,270301,4760,2009,21,MINNEHAHA 0427000048,31 ST E,0000000,44.946825,-93.23312778,1,1
27,157,10,23,15,51,2,2,0,1,2,2,0,12,4,1,1,1,2,55,2,2,2,3,0,0,1,4,0,0,15,53,16,15,99,99,0,0,0,0,1,6,0,270302,5826,2009,626,US-61 0200000061,99999999999999999999,0000000,44.39943056,-92.07365833,2,4
27,73,10,24,1,56,1,1,0,0,4,4,0,23,0,1,4,1,2,55,1,1,2,1,0,0,2,1,0,0,1,57,2,9,88,88,0,0,0,0,1,7,1,270303,0,2009,218,CR 7 0437000007,99999999999999999999,0000000,45.11895556,-96.414675,1,1
27,123,10,24,20,28,1,2,1,0,14,4,0,8,0,3,1,2,4,35,1,2,1,1,2,3,3,1,0,0,20,28,20,29,20,48,0,0,0,0,1,7,0,270304,4536,2009,39,WHITEBEAR 0462000065,FROST AVE,0000000,44.99915833,-93.02525833,1,1
27,111,10,30,12,52,2,4,0,1,2,3,0,12,5,1,1,1,2,55,1,1,2,3,0,0,1,4,0,0,12,52,99,99,99,99,0,0,0,0,2,6,0,270305,0,2009,159,SR-210 0300000210,99999999999999999999,0000000,46.28271389,-96.27052778,2,4
27,3,10,30,20,8,1,4,1,0,14,4,0,9,0,3,1,2,2,50,1,1,2,2,2,3,3,2,0,0,20,8,99,99,88,88,0,0,0,0,1,6,1,270306,671,2009,10,CR 10 0402000010,JEFFERSON ST NE,0000000,45.12762778,-93.25615278,1,2
27,37,10,31,21,12,2,6,0,0,14,2,0,12,5,8,1,1,4,40,1,1,2,1,20,3,3,1,0,0,21,12,99,99,99,99,0,0,0,0,1,7,0,270307,7510,2009,1277,US-952A 020000952A,NEAR MARIE AVE,0000000,44.88943889,-93.08056111,2,1
27,171,11,1,14,27,1,1,0,0,3,3,0,34,0,2,4,1,2,55,2,1,2,1,0,0,1,1,0,0,14,27,14,40,88,88,0,0,0,0,1,1,1,270308,0,2009,360,SR-24 0300000024,103 ST NW,0000000,45.30261944,-94.09093889,1,1
27,93,11,6,20,30,1,1,0,0,4,4,0,11,0,1,1,1,2,55,1,1,2,1,0,0,2,1,0,0,20,58,21,8,88,88,0,0,0,0,1,6,1,270309,0,2009,33,CR 1 0447000001,99999999999999999999,0000000,44.94037222,-94.60470833,1,1
27,133,11,6,23,4,1,1,0,0,6,4,0,1,0,1,4,1,2,55,1,1,4,1,0,0,2,1,0,0,99,99,99,99,88,88,0,0,0,0,1,6,0,270310,0,2009,50,80TH AVE 0767000053,99999999999999999999,0000000,43.572325,-96.31225833,1,1
27,163,11,8,10,55,2,4,0,1,11,1,0,1,0,1,3,2,2,70,1,1,2,1,0,0,1,1,0,0,10,56,12,1,99,99,0,0,0,0,3,1,0,270311,2450,2009,1327,I-35 0100000035,99999999999999999999,0000000,45.29285,-93.00273056,2,1
27,79,10,30,23,30,3,4,1,0,5,4,0,8,0,1,1,1,2,55,1,3,2,2,0,0,2,2,3,0,23,30,23,42,0,4,0,0,0,0,1,6,1,270312,0,2009,15,CR 144 0740000144,99999999999999999999,0000000,44.46466111,-93.5648,3,3
27,13,11,2,9,25,2,2,0,1,2,2,0,12,5,2,1,2,2,50,1,1,2,1,20,3,1,1,0,0,9,25,99,99,99,99,0,0,0,0,1,2,0,270313,4480,2009,559,US-169 0200000169,LAKE ST,0000000,44.19932778,-94.02117778,2,1
27,61,11,8,21,58,1,2,0,0,6,5,0,42,0,1,4,1,2,55,2,1,5,1,0,0,2,1,0,0,22,6,22,16,22,50,0,0,0,0,1,1,1,270314,0,2009,18,CR 348 0931000521,99999999999999999999,0000000,47.66261389,-93.52750556,1,1
27,169,9,30,11,52,1,2,1,0,14,6,0,9,0,2,1,2,2,30,1,1,1,1,0,0,1,1,0,0,11,52,11,56,12,19,0,0,0,0,1,4,0,270316,7660,2009,1,PELZER ST 0541450125,W 7TH ST,0000000,44.0559,-91.68808333,1,1
27,123,11,9,19,19,1,2,1,0,14,3,0,8,0,3,1,5,2,30,1,1,2,1,3,3,3,1,0,0,19,22,19,26,19,42,0,0,0,0,1,2,0,270318,6330,2009,681,SR-5 0300000005,JAMES AVE,0000000,44.92775556,-93.12668611,1,1
27,111,11,9,8,14,2,4,0,0,4,4,0,23,0,1,4,1,2,40,1,1,2,4,0,0,1,1,0,0,8,13,8,18,8,43,0,0,0,0,1,2,0,270319,0,2009,38,CR 8 0456000008,99999999999999999999,0000000,46.62659722,-95.54022778,2,1
27,23,11,12,14,19,2,2,0,0,3,3,0,12,5,2,1,1,2,55,1,1,2,1,20,3,1,1,0,0,14,21,99,99,88,88,0,0,0,0,1,5,0,270320,0,2009,587,SR-40 0300000040,CR 2,0000000,45.10906944,-95.36969444,2,1
27,117,11,14,13,8,2,2,0,0,6,5,0,12,5,2,1,1,2,55,1,1,4,1,0,0,1,1,0,0,13,10,13,22,88,88,0,0,0,0,1,7,0,270321,0,2009,50,90TH AVE 0859000105,181ST ST,0000000,44.11027222,-96.28513333,2,1
27,47,11,18,15,6,1,22,0,1,1,1,0,1,0,1,4,2,2,70,1,1,1,1,0,0,1,1,0,0,15,6,99,99,99,99,0,0,0,0,2,4,0,270322,0,2009,1720,I-90 0100000090,99999999999999999999,0000000,43.65885,-93.09423889,1,1
27,103,11,14,22,40,1,1,0,0,4,4,0,34,0,1,4,1,2,45,2,1,2,1,0,0,2,1,0,0,22,54,99,97,99,97,0,0,0,0,1,7,0,270323,0,2009,147,CR 1 0452000001,99999999999999999999,0000000,44.43488889,-94.24809444,1,1
27,53,11,18,14,36,1,1,0,0,14,4,0,36,0,2,4,1,2,50,2,2,2,1,0,0,1,1,0,0,14,40,14,48,88,88,0,0,0,0,1,4,0,270324,5732,2009,129,CR 101 0427000101,PRAIRIE CREEK DR,0000000,45.05433333,-93.52207222,1,1
27,53,11,20,18,24,2,4,0,0,14,2,0,33,0,1,3,2,2,45,2,2,2,1,0,0,3,1,0,0,18,25,18,35,19,24,0,0,0,0,1,6,0,270325,2008,2009,1582,US-912C 020000912C,99999999999999999999,0000000,44.85084444,-93.433425,2,1
27,137,11,19,6,18,1,1,0,1,2,2,0,1,0,1,3,2,2,65,2,1,2,3,0,0,4,5,0,0,6,18,6,34,8,9,0,0,0,0,1,5,0,270326,0,2009,535,US-53 0200000053,99999999999999999999,0000000,47.36469167,-92.50315556,1,5
27,123,9,25,17,28,1,2,1,0,14,3,0,8,0,3,1,5,4,35,1,1,2,2,0,0,1,2,0,0,17,29,17,31,17,49,0,0,0,0,1,6,0,270327,6330,2009,655,SR-5 0300000005,ALTON ST,0000000,44.9035,-93.16675556,1,2
27,61,11,20,23,25,1,1,0,1,2,2,0,35,0,3,4,2,2,55,1,1,1,1,20,3,2,1,0,0,23,26,23,32,88,88,0,0,0,0,1,6,1,270329,0,2009,1746,US-2 0200000002,HWY 6 E JCT,0000000,47.29463333,-93.69811111,1,1
27,171,11,21,18,26,2,2,0,0,14,4,0,12,2,1,1,1,2,55,1,1,2,1,0,0,2,1,0,0,18,26,18,52,19,39,0,0,0,0,1,7,1,270330,6320,2009,303,CR 35 0486000035,99999999999999999999,0000000,45.19552778,-93.69067222,2,1
27,145,11,24,16,4,2,2,0,1,1,1,0,13,4,1,1,2,2,70,1,1,2,2,0,0,1,1,0,0,16,4,16,4,16,31,0,0,0,0,1,3,0,270331,0,2009,1359,I-94 0100000094,99999999999999999999,0000000,45.66565278,-94.78972778,2,1
27,127,11,27,14,18,1,1,0,0,4,4,0,34,0,1,4,1,2,55,2,2,2,1,0,0,1,1,0,0,14,18,14,25,14,43,0,0,0,0,1,6,1,270332,0,2009,169,CR 2 0464000002,99999999999999999999,0000000,44.50949167,-94.92645833,1,1
27,171,11,27,17,16,1,2,1,1,2,2,0,8,0,3,1,5,2,35,1,2,2,1,0,0,3,1,0,0,17,16,99,99,88,88,0,0,0,0,1,6,0,270333,1400,2009,1176,US-12 0200000012,JOHNSON AVE N,0000000,45.08002222,-94.19517778,1,1
27,67,11,28,1,56,1,1,0,0,4,4,0,1,0,1,5,1,2,55,2,1,2,1,0,0,2,1,0,0,1,57,2,0,88,88,0,0,0,0,1,7,1,270334,0,2009,18,CR 25 0434000025,99999999999999999999,0000000,45.18241389,-95.03639167,1,1
27,169,11,28,5,1,1,2,0,0,14,6,0,5,0,1,1,1,4,30,1,1,2,1,0,0,3,1,0,0,5,1,5,1,99,99,0,0,0,0,1,7,0,270335,7660,2009,24,6TH ST 0541450104,99999999999999999999,0000000,44.05073333,-91.64262778,1,1
27,53,11,24,11,44,2,3,0,0,14,4,0,12,5,2,1,1,4,30,1,2,1,2,2,3,1,1,0,0,11,44,12,1,12,48,0,0,0,0,1,3,0,270336,5113,2009,53,ROCKFORD 0427000009,BOONE AVE N,0000000,45.03330556,-93.39041667,2,1
27,29,10,21,8,26,1,1,0,0,3,3,0,37,0,1,4,1,2,55,1,1,2,1,0,0,2,1,0,0,88,88,88,88,88,88,0,0,0,0,1,4,0,270337,0,2009,435,SR-93 0300000092,99999999999999999999,0000000,47.70236667,-95.44489167,1,1
27,115,11,6,9,38,1,1,0,1,1,1,0,1,0,1,3,2,2,70,2,1,1,1,0,0,1,1,0,0,99,99,99,99,88,88,0,0,0,0,1,6,0,270338,0,2009,2051,I-35 0100000035,99999999999999999999,0000000,46.31093889,-92.82693611,1,1
27,137,11,29,11,24,2,3,0,1,2,2,0,12,1,1,1,1,2,60,1,1,2,1,50,3,1,1,0,1,11,25,11,30,99,99,0,0,0,0,1,1,0,270339,0,2009,2190,US-2 0200000002,99999999999999999999,0000000,46.94324444,-92.93923333,2,1
27,109,12,1,5,40,1,1,0,0,13,6,0,46,0,3,4,1,4,35,1,1,1,1,2,3,3,1,0,0,5,40,5,42,6,5,0,0,0,0,1,3,1,270340,5960,2009,8,CIVICCENT 0532350114,4TH AVE NW,0000000,44.02718889,-92.46811389,1,1
27,19,12,1,7,49,2,2,0,0,3,4,0,12,5,1,1,1,2,55,1,1,2,3,0,0,4,1,0,0,7,49,7,57,8,25,0,0,0,0,1,3,0,270341,0,2009,20,CR 24 0410000024,99999999999999999999,0000000,44.94746667,-93.80338333,2,1
27,137,11,30,15,29,1,2,1,0,14,6,0,8,0,3,1,4,3,30,1,2,2,1,20,3,1,1,0,0,15,30,15,32,15,40,0,0,0,0,1,2,0,270342,1900,2009,54,3RD ST E 0510400126,4TH AVE E,0000000,46.79281111,-92.09643889,1,1
27,123,12,1,16,5,7,7,0,0,14,4,0,12,1,3,1,3,2,45,1,1,2,1,2,3,5,1,0,0,16,9,16,18,99,99,0,0,0,0,1,3,0,270343,6070,2009,20,CO RD C 0462000023,SNELLING AVE,0000000,45.021,-93.16763889,7,1
27,147,12,1,22,20,2,3,0,0,3,4,0,12,4,1,1,1,2,55,1,2,2,1,0,0,3,1,0,0,22,20,22,28,23,11,0,0,0,0,1,3,1,270344,0,2009,52,28STSW 0474000018,99999999999999999999,0000000,44.05161111,-93.25250278,2,1
27,57,12,3,15,17,2,3,0,0,4,4,0,12,5,2,1,1,2,55,1,1,2,2,20,3,1,4,0,0,15,24,15,40,99,99,0,0,0,0,2,5,1,270345,0,2009,126,CR 45 0429000045,CR 9,0000000,47.36673333,-94.75628611,2,4
27,137,12,4,12,20,1,2,0,1,2,2,0,24,0,1,4,3,2,65,1,1,1,4,0,0,1,4,0,0,12,16,12,30,13,15,0,0,0,0,1,6,0,270346,0,2009,482,US-53 0200000053,99999999999999999999,0000000,47.29826389,-92.47744444,1,4
27,93,12,4,16,15,2,3,0,0,3,5,0,12,5,2,1,1,2,55,1,1,4,1,21,3,1,1,0,0,16,17,16,27,99,99,0,0,0,0,1,6,0,270347,0,2009,24,365 ST 0847000286,642 AVE,0000000,45.27516111,-94.47618889,2,1
27,139,12,8,15,11,2,2,0,0,3,4,0,12,2,1,1,1,2,55,2,3,2,4,0,0,1,4,0,0,15,11,15,30,16,28,0,0,0,0,1,3,0,270348,0,2009,150,LUCERNE 0470000008,99999999999999999999,0000000,44.64501111,-93.32345278,2,4
27,145,12,9,14,56,2,3,2,0,4,4,0,12,1,2,1,1,2,30,2,2,2,4,0,0,1,1,0,0,14,57,15,0,88,88,0,19,0,0,1,4,0,270349,3360,2009,281,CR 17 0473000017,RIVER ST,0000000,45.73135278,-94.468175,2,1
27,21,12,10,6,43,1,2,1,0,3,3,3,8,0,1,1,1,2,55,1,2,2,1,0,0,1,1,0,0,99,98,99,98,88,88,0,0,0,0,1,5,0,270350,0,2009,1391,SR-200 0300000200,99999999999999999999,0000000,47.05274444,-94.31592778,1,1
27,37,12,12,18,52,2,4,0,0,14,4,0,12,2,1,1,5,2,45,1,1,2,2,0,0,3,1,0,0,18,54,18,57,19,38,0,0,0,0,3,7,0,270351,3990,2009,27,CR 50 0419000050,99999999999999999999,0000000,44.66303611,-93.26538611,2,1
27,79,12,13,22,55,1,2,1,0,3,3,0,8,0,1,1,1,2,55,1,1,2,3,0,0,2,3,4,0,23,0,99,99,88,88,0,0,0,0,1,1,0,270352,0,2009,231,SR-99 0300000099,99999999999999999999,0000000,44.36049444,-93.78884444,1,3
27,83,12,14,4,20,2,2,0,1,2,3,0,12,2,1,1,2,1,60,1,1,1,1,0,0,2,1,0,0,4,20,99,99,99,99,0,0,0,0,2,2,1,270353,0,2009,860,SR-23 0300000023,99999999999999999999,0000000,44.59122222,-95.6862,2,1
27,27,12,15,13,46,2,2,0,0,3,2,0,12,5,2,1,1,2,55,1,1,2,1,20,3,1,1,0,0,13,49,13,58,88,88,0,0,0,0,1,3,0,270354,0,2009,2454,US-75 0200000075,60TH AVE S,0000000,46.80398889,-96.76773333,2,1
27,131,12,18,8,35,1,3,0,1,1,1,0,1,0,1,1,2,2,70,1,1,1,1,0,0,1,1,0,0,8,36,8,44,99,99,0,0,0,0,1,6,0,270355,0,2009,629,I-35 0100000035,99999999999999999999,0000000,44.37356667,-93.293575,1,1
27,129,12,23,19,25,2,5,0,0,3,3,0,12,5,1,1,1,2,55,1,2,2,3,0,0,6,4,0,0,19,31,19,46,20,10,0,0,0,0,1,4,0,270357,0,2009,812,SR-19 0300000019,99999999999999999999,0000000,44.54067222,-94.94840833,2,4
27,37,12,24,17,1,2,6,0,0,15,4,0,12,5,2,1,2,2,50,1,1,2,3,20,3,3,4,3,0,17,3,17,8,17,47,0,0,0,0,1,5,1,270358,3990,2009,101,DODD BLVD 0419000009,GERDINE PATH,0000000,44.69990833,-93.20996389,2,3
27,53,11,23,20,4,4,8,1,0,14,4,0,8,0,1,1,5,2,50,1,1,2,2,0,0,2,2,0,0,20,4,99,98,88,88,0,0,0,0,1,2,0,270359,5423,2009,125,SHORELINE 0427000015,99999999999999999999,0000000,44.967475,-93.55440278,4,2
27,5,12,24,17,26,2,6,0,0,2,3,0,12,2,1,1,1,2,55,2,2,2,3,40,3,2,4,0,0,17,26,99,99,18,49,0,0,0,0,1,5,0,270360,0,2009,613,SR-34 0300000034,99999999999999999999,0000000,46.90647222,-95.35100278,2,4
27,163,12,30,16,28,1,1,0,1,2,2,0,1,0,1,4,3,2,65,2,1,1,2,0,0,5,4,0,0,16,28,16,35,88,88,0,0,0,0,1,4,0,270361,6340,2009,1274,US-61 0200000061,99999999999999999999,0000000,44.847725,-92.984075,1,4
27,137,12,30,15,23,1,1,0,1,11,1,0,25,0,1,3,3,2,55,1,2,1,3,0,0,1,1,0,0,15,23,99,99,99,99,0,0,0,0,1,4,0,270362,1900,2009,2565,I-35 0100000035,99999999999999999999,0000000,46.77775278,-92.10696111,1,1
27,59,12,25,11,31,3,6,0,0,3,3,0,12,2,1,1,1,2,55,1,1,2,3,0,0,1,4,3,0,11,31,11,41,12,19,0,0,0,0,1,6,0,270363,0,2009,497,SR-65 0300000065,99999999999999999999,0000000,45.65495833,-93.19327778,3,3
27,17,9,15,16,14,1,2,0,1,1,1,0,24,0,1,3,2,2,70,1,1,2,1,0,0,1,1,0,0,16,15,16,19,99,99,0,0,0,0,1,3,0,270364,0,2009,2416,I-35 0100000035,99999999999999999999,0000000,46.69796667,-92.37685,1,1
27,157,11,3,12,18,2,2,0,0,4,4,0,12,5,2,1,1,2,55,1,2,2,1,20,3,1,1,0,0,12,18,12,37,88,88,0,0,0,0,1,3,0,270365,0,2009,28,CR 33 0479000033,CR 2,0000000,44.36773056,-92.32735278,2,1
27,141,11,10,12,4,2,2,0,0,4,4,0,12,5,2,1,1,2,55,1,1,2,1,0,0,1,1,0,0,12,4,12,14,88,88,0,0,0,0,1,3,0,270366,0,2009,95,CR 19 0471000019,CR 38,0000000,45.52298889,-93.54181389,2,1
27,53,9,9,4,57,1,1,0,1,11,1,0,25,0,1,3,3,3,45,2,1,1,1,0,0,3,1,0,1,4,58,5,2,88,88,0,0,0,0,1,4,1,270367,4760,2009,132,I-35 010000035W,99999999999999999999,0000000,44.91271111,-93.27489722,1,1
27,3,5,27,14,38,1,4,1,0,14,4,0,8,0,3,1,1,4,30,1,1,2,1,2,3,1,1,0,0,99,99,99,99,99,99,0,0,0,0,1,4,0,270368,1440,2009,21,40AVENE 0402000002,CENTRAL AVE NE,0000000,45.04096667,-93.24743889,1,1
27,115,11,13,17,32,2,2,0,0,3,3,0,12,5,2,1,1,2,55,1,3,2,2,20,3,3,2,5,0,17,32,17,48,88,88,0,0,0,0,1,6,0,270369,2380,2009,800,SR-18 0300000018,CR 35,0000000,46.20189167,-92.92860833,2,2
27,89,9,18,21,35,2,2,0,0,6,5,0,12,5,1,1,1,2,55,1,1,4,1,0,0,2,1,0,0,21,40,21,52,99,99,0,0,0,0,1,6,1,270370,0,2009,65,260STW 0845000034,99999999999999999999,0000000,48.25498611,-96.32971111,2,1
27,139,9,11,17,11,1,1,0,0,6,6,0,1,0,1,1,1,2,99,2,1,4,1,0,0,1,9,0,0,99,99,99,99,99,99,0,0,0,0,1,6,1,270371,5130,2009,2,BRADY ST 1011400061,99999999999999999999,0000000,44.57625556,-93.35189722,1,9
27,53,12,8,21,55,1,1,0,1,1,1,0,38,0,1,4,3,3,70,1,1,1,4,0,0,2,4,0,0,99,99,99,99,99,99,0,23,0,0,1,3,0,270372,4495,2009,2123,I-94 0100000094,99999999999999999999,0000000,45.144575,-93.49856667,1,4
27,123,11,20,14,18,2,3,0,0,14,4,0,30,0,1,4,1,4,35,1,2,2,1,0,0,1,1,0,0,99,99,99,99,99,99,0,0,0,0,1,6,0,270373,6330,2009,22,RICE ST 0462000049,99999999999999999999,0000000,44.98743611,-93.10588333,2,1
27,53,12,12,17,45,1,3,1,0,15,6,0,8,0,1,1,1,2,30,1,1,2,3,0,0,2,4,0,0,99,99,99,99,99,99,0,0,0,0,1,7,0,270374,5732,2009,1,KILMER LN 1031050100,99999999999999999999,0000000,45.01929444,-93.40241111,1,4
27,145,9,19,0,13,1,2,0,0,4,3,0,1,0,1,4,1,2,55,1,2,2,1,0,0,2,1,0,0,99,99,99,99,99,99,0,0,0,0,1,7,1,270375,0,2009,1483,SR-4 0300000004,99999999999999999999,0000000,45.44030278,-94.78380833,1,1
27,161,9,23,11,48,2,3,0,0,5,4,0,12,5,2,1,1,2,55,1,1,2,1,20,3,1,1,0,0,11,50,11,54,99,99,0,0,0,0,1,4,0,270376,0,2009,46,410 AVE 0481000022,120TH ST,0000000,44.152875,-93.52711389,2,1
27,137,12,21,9,20,1,2,1,0,4,4,0,8,0,3,1,1,2,30,1,2,2,3,0,0,1,4,0,0,99,99,99,99,99,99,0,0,0,0,1,2,0,270377,2180,2009,1,CAMP ST 0469000152,1ST AVE E,0000000,47.90409444,-91.865475,1,4
27,141,12,28,11,27,2,2,0,1,2,2,0,12,5,8,1,2,2,65,1,1,1,1,20,3,1,1,0,0,99,99,99,99,99,99,0,0,0,0,1,2,0,270378,0,2009,1830,US-10 0200000010,TRAVEL INFO CENTER,0000000,45.53013333,-94.09580833,2,1
27,165,12,21,9,38,1,1,0,0,6,4,0,30,0,1,5,1,2,55,1,1,4,4,0,0,1,4,0,0,99,99,99,99,99,99,0,0,0,0,1,2,0,270379,0,2009,1,CR 102 0783000102,99999999999999999999,0000000,43.96298333,-94.81910278,1,4
27,119,6,18,5,30,1,1,0,0,6,5,0,1,0,1,2,1,2,99,1,1,4,2,0,0,4,5,0,0,6,0,6,20,88,88,0,0,0,0,1,5,1,270380,2940,2009,10,270THSTSE 0860000895,99999999999999999999,0000000,47.775775,-95.63611389,1,5
27,137,6,20,20,24,1,1,0,0,6,8,0,42,0,1,4,1,2,99,2,9,9,1,0,0,6,1,0,0,20,25,20,57,88,88,0,0,0,0,1,7,1,270381,0,2009,1,CABINCIR 1469000271,99999999999999999999,0000000,47.28549167,-92.194825,1,1
27,57,9,27,18,38,1,1,0,0,6,4,0,1,0,1,2,1,2,99,1,1,4,2,0,0,5,1,0,0,99,99,99,99,88,88,0,0,0,0,1,1,1,270382,0,2009,26,CR 93 0729000093,99999999999999999999,0000000,47.19454722,-94.80874722,1,1
27,21,4,12,16,28,1,2,0,0,6,5,0,1,0,1,1,1,2,99,1,1,5,1,0,0,1,1,0,0,99,99,99,99,88,88,0,0,0,0,1,1,0,270383,0,2009,1,96TH AVE 0811000851,99999999999999999999,0000000,46.76176944,-94.78684444,1,1
27,53,6,14,0,25,1,3,1,1,12,2,0,8,0,3,1,2,2,99,1,1,1,1,2,3,3,9,0,0,99,99,99,99,99,99,0,0,0,0,1,1,1,270384,1150,2009,1426,US-169 0200000169,HAYDEN LAKE RD,0000000,45.18058611,-93.39237778,1,9
27,9,7,2,19,1,1,2,0,0,6,5,0,42,0,1,4,1,2,99,2,1,2,1,0,0,1,1,0,0,99,99,99,99,99,99,0,0,0,0,1,5,1,270385,0,2009,0,RAVEN LOOP RD NE,99999999999999999999,0000000,45.57231389,-93.94560278,1,1
27,17,8,30,22,15,1,1,0,0,9,5,0,42,0,1,4,1,2,99,1,1,4,9,0,0,2,9,0,0,88,88,88,88,88,88,0,0,0,0,1,1,1,270386,0,2009,14,SPLITROCK 0809000177,99999999999999999999,0000000,46.43297778,-92.99078889,1,9
28,49,1,1,0,46,1,3,0,0,16,6,0,42,0,2,5,1,2,30,1,1,2,1,20,3,3,1,0,0,1,0,1,20,1,50,0,0,0,0,1,5,1,280001,1220,2009,0,MEADOWLANE DR,NORTH PARK DR,0000000,32.36379444,-90.18535,1,1
28,95,1,2,14,54,2,8,0,1,2,2,0,12,1,1,1,2,4,65,1,1,2,1,0,0,1,1,0,0,15,26,15,46,16,0,0,0,0,0,2,6,0,280002,0,2009,99999,US-45,99999999999999999999,0000000,33.77336944,-88.45706389,2,1
28,113,1,2,10,29,2,2,0,1,2,2,0,12,5,4,1,2,4,55,1,1,2,1,0,0,1,1,0,0,88,88,88,88,88,88,0,0,0,0,1,6,0,280003,0,2009,99999,US-98,99999999999999999999,0000000,31.20582778,-90.37336389,2,1
28,79,1,3,0,46,1,1,0,0,4,3,0,35,0,1,5,1,2,55,1,1,2,2,0,0,2,1,0,0,88,88,88,88,88,88,0,0,0,0,1,7,0,280004,0,2009,99999,SR-35,99999999999999999999,0000000,32.71118889,-89.52793056,1,1
28,139,1,3,0,21,1,1,0,0,4,3,0,42,0,1,6,1,2,55,2,1,2,1,0,0,2,1,0,0,88,88,88,88,88,88,0,0,0,0,1,7,1,280005,0,2009,99999,SR-15,99999999999999999999,0000000,34.8255,-88.93484167,1,1
28,59,1,3,4,24,2,5,0,0,4,3,0,12,4,2,1,2,4,25,1,1,2,1,20,3,3,1,0,0,99,99,99,99,99,99,0,0,0,0,2,7,0,280006,1680,2009,99999,SR-63,GREGORY,0000000,30.40608056,-88.50989444,2,1
28,49,1,4,23,59,1,4,0,1,11,1,0,30,0,1,5,2,4,70,1,1,2,2,0,0,3,1,0,0,0,26,1,0,99,99,0,0,0,0,1,1,0,280007,0,2009,99999,I-55,99999999999999999999,0000000,32.19152222,-90.25277222,1,1
28,45,1,5,0,38,2,4,0,1,2,2,0,12,2,1,1,2,4,65,1,1,2,1,0,0,3,5,0,0,0,54,1,8,1,40,0,0,0,0,2,2,0,280008,0,2009,99999,US-98,99999999999999999999,0000000,30.30183611,-89.49763333,2,5
28,103,1,5,17,55,1,1,0,0,3,3,0,1,0,1,5,1,2,55,1,1,2,2,0,0,2,2,0,0,18,0,18,49,19,22,0,0,0,0,1,2,0,280009,0,2009,99999,SR-21,99999999999999999999,0000000,32.93651389,-88.75399722,1,2
28,71,1,6,18,56,2,2,0,0,4,3,0,12,4,2,1,1,2,55,1,1,2,2,20,3,2,1,0,0,19,36,19,59,99,99,0,0,0,0,1,3,0,280010,0,2009,99999,SR-7,SR-9,0000000,34.26260833,-89.52269444,2,1
28,33,1,6,17,59,1,1,0,0,6,4,0,42,0,1,5,1,2,45,1,1,2,1,0,0,2,1,0,0,88,88,88,88,88,88,0,0,0,0,1,3,0,280011,0,2009,0,HOLLY SPRINGS RD,99999999999999999999,0000000,34.802175,-89.80018611,1,1
28,137,1,9,19,36,2,2,0,0,16,6,0,12,4,2,1,1,2,35,1,1,2,1,0,0,3,1,0,0,99,99,99,99,99,99,0,0,0,0,1,6,1,280012,0,2009,0,MAIN,WEST,0000000,34.61712222,-89.97038889,2,1
28,55,1,10,1,8,1,2,1,0,4,3,0,8,0,1,1,1,2,55,1,1,2,1,0,0,2,1,0,0,1,33,1,59,2,36,0,0,0,0,1,7,0,280013,0,2009,99999,SR-14,99999999999999999999,0000000,32.97799722,-90.75651111,1,1
28,51,1,10,17,50,1,2,1,0,4,3,0,8,0,1,1,1,2,55,1,1,2,1,0,0,5,1,0,0,88,88,88,88,88,88,0,0,0,0,1,7,0,280014,0,2009,99999,SR-17,99999999999999999999,0000000,32.99163889,-89.98811111,1,1
28,121,1,10,18,34,1,2,1,1,12,3,0,9,0,1,1,2,4,65,1,1,2,1,0,0,2,1,0,0,18,36,19,0,19,45,0,0,0,0,1,7,0,280015,0,2009,99999,SR-25,99999999999999999999,0000000,32.46770833,-89.90782778,1,1