STATE,COUNTY,MONTH,DAY,HOUR,MINUTE,VE_TOTAL,PERSONS,PEDS,NHS,ROAD_FNC,ROUTE,SP_JUR,HARM_EV,MAN_COLL,REL_JUNC,REL_ROAD,TRAF_FLO,NO_LANES,SP_LIMIT,ALIGNMNT,PROFILE,PAVE_TYP,SUR_COND,TRA_CONT,T_CONT_F,LGT_COND,WEATHER1,WEATHER2,WRK_ZONE,NOT_HOUR,NOT_MIN,ARR_HOUR,ARR_MIN,HOSP_HR,HOSP_MN,SCH_BUS,CF1,CF2,CF3,FATALS,DAY_WEEK,DRUNK_DR,ST_CASE,CITY,YEAR,MILEPT,TWAY_ID,TWAY_ID2,RAIL,LATITUDE,LONGITUD,VE_FORMS,WEATHER
28,47,1,12,13,53,1,2,0,1,11,1,0,42,0,1,5,2,4,70,1,1,2,1,0,0,1,1,0,0,14,1,14,26,14,50,0,0,0,0,1,2,0,280016,1020,2009,99999,I-10,99999999999999999999,0000000,30.44394722,-89.03318056,1,1
28,109,1,13,21,19,1,1,0,0,15,4,0,42,0,1,6,1,2,35,1,1,2,1,0,0,2,1,0,0,21,28,21,50,22,36,0,0,0,0,1,3,0,280017,0,2009,0,PEA RIDGE RD,99999999999999999999,0000000,30.58524444,-89.67478889,1,1
28,53,1,13,9,35,1,2,0,0,4,3,0,1,0,1,5,1,2,55,1,1,2,1,0,0,1,1,0,0,88,88,88,88,88,88,0,0,0,0,2,3,0,280018,0,2009,99999,SR-12,99999999999999999999,0000000,33.183825,-90.58274722,1,1
28,51,1,14,6,0,1,1,0,1,1,1,0,42,0,1,5,2,4,70,1,1,2,1,0,0,2,1,0,0,88,88,88,88,88,88,0,0,0,0,1,4,0,280019,0,2009,99999,I-55,99999999999999999999,0000000,33.11649167,-89.87897778,1,1
28,149,1,14,16,42,1,1,0,0,5,3,0,1,0,1,5,1,2,55,1,1,2,1,0,0,1,1,0,0,88,88,88,88,88,88,0,0,0,0,1,4,0,280020,0,2009,99999,SR-465,99999999999999999999,0000000,32.47761944,-90.83041111,1,1
28,33,1,15,19,31,2,2,0,1,11,1,0,12,1,1,1,2,6,70,1,1,2,1,0,0,3,1,0,0,88,88,88,88,88,88,0,0,0,0,1,5,0,280021,2422,2009,99999,I-55,99999999999999999999,0000000,34.98176944,-90.00210278,2,1
28,49,1,15,16,57,2,2,0,0,16,6,0,12,4,2,1,2,4,55,1,1,2,1,3,3,1,1,0,0,17,2,17,36,18,11,0,0,0,0,1,5,0,280022,1220,2009,0,18,MADDOX,0000000,32.27334444,-90.28598889,2,1
28,137,1,17,17,54,1,2,1,0,16,2,0,8,0,1,1,2,4,45,1,1,2,1,0,0,2,1,0,0,88,88,88,88,88,88,0,0,0,0,1,7,0,280023,2290,2009,99999,US-51,99999999999999999999,0000000,34.61482778,-89.96862778,1,1
28,29,2,21,12,20,1,1,0,0,4,4,0,34,0,1,5,1,2,45,1,1,2,1,0,0,1,1,0,0,99,99,99,99,99,99,0,0,0,0,1,7,0,280024,0,2009,0,SUMMERALL RD,99999999999999999999,0000000,31.97211389,-90.47249722,1,1
28,29,1,17,1,52,1,1,0,0,4,4,0,42,0,2,5,1,2,45,1,1,2,1,20,3,2,1,0,0,99,99,99,99,99,99,0,0,0,0,1,7,0,280025,0,2009,0,MIDWAY RD,RHYMES RD,0000000,32.04476111,-90.344225,1,1
28,107,1,18,17,10,1,1,0,1,1,1,0,1,0,1,5,2,4,70,1,1,2,1,0,0,1,1,0,0,88,88,88,88,88,88,0,0,0,0,1,1,0,280026,0,2009,99999,I-55,99999999999999999999,0000000,34.27473611,-89.92387778,1,1
28,137,1,18,10,5,2,3,0,0,16,6,0,12,4,2,1,2,4,55,1,1,2,1,20,3,1,1,0,0,10,26,10,43,11,0,0,0,0,0,1,1,0,280027,2290,2009,0,740 BYPASS,HOLMES RD,0000000,34.58299722,-89.95491667,2,1
28,43,1,19,17,0,1,1,0,1,1,1,0,24,0,1,5,2,4,70,1,1,2,1,0,0,5,1,0,0,88,88,88,88,88,88,0,0,0,0,1,2,0,280028,0,2009,99999,I-55,99999999999999999999,0000000,33.754175,-89.84086944,1,1
28,121,1,20,6,42,1,1,0,1,11,1,0,1,0,1,5,2,4,50,1,1,2,1,0,0,1,1,0,0,6,45,7,0,7,19,0,0,0,0,1,3,0,280029,300,2009,99999,I-20,99999999999999999999,0000000,32.28031111,-90.02231667,1,1
28,29,1,20,10,50,1,3,0,0,4,3,0,21,0,1,5,1,2,55,1,1,2,1,0,0,1,1,0,0,88,88,88,88,88,88,0,0,0,0,3,3,0,280030,0,2009,99999,SR-27,99999999999999999999,0000000,32.02481389,-90.37868611,1,1
28,25,1,21,8,22,1,1,0,1,2,2,0,34,0,1,6,2,4,65,1,1,2,1,0,0,2,1,0,0,88,88,88,88,88,88,0,0,0,0,1,4,0,280031,0,2009,99999,US-45,99999999999999999999,0000000,33.66921111,-88.66859444,1,1
28,103,1,21,14,55,2,3,0,0,5,3,0,12,4,2,1,1,2,55,1,1,2,1,21,3,1,1,0,0,15,15,15,36,16,0,0,0,0,0,1,4,0,280032,0,2009,99999,SR-21,SR-39,0000000,32.97180278,-88.62778056,2,1
28,31,1,21,21,11,2,2,0,1,2,2,0,12,4,2,1,2,4,65,1,1,2,1,0,0,2,1,0,0,88,88,88,88,88,88,0,0,0,0,2,4,1,280033,0,2009,99999,US-84,SUNSET WILLIAMSBURG,0000000,31.62590556,-89.618225,2,1
28,35,1,21,18,16,2,4,0,0,5,4,0,12,2,1,1,1,2,35,2,2,2,1,0,0,2,1,0,0,18,26,19,0,19,40,0,0,0,0,1,4,0,280034,0,2009,0,ELKS LAKE RD,99999999999999999999,0000000,31.21878333,-89.30382778,2,1
28,159,1,22,14,33,1,1,0,0,4,3,0,35,0,1,5,1,2,55,1,2,2,1,0,0,1,1,0,0,88,88,88,88,88,88,0,0,0,0,1,5,0,280035,0,2009,99999,SR-398,99999999999999999999,0000000,32.94415,-88.86737778,1,1
28,151,1,22,2,0,1,2,0,0,16,6,0,32,0,2,5,1,2,45,1,1,2,1,20,3,2,1,0,0,99,99,99,99,99,99,0,0,0,0,1,5,0,280036,990,2009,0,N BROADWAY,AIRPORT BLVD,0000000,33.43158333,-91.04438889,1,1
28,107,1,23,22,22,3,5,0,0,4,3,0,12,2,1,1,1,2,55,2,2,2,2,0,0,2,2,0,0,99,99,99,99,99,99,0,0,0,0,1,6,0,280037,0,2009,99999,SR-6,99999999999999999999,0000000,34.30636389,-89.97133333,3,2
28,49,1,23,15,10,1,4,0,0,16,6,0,1,0,2,5,2,4,35,1,2,2,1,0,0,1,1,0,0,15,30,15,42,16,0,0,0,0,0,1,6,0,280038,1220,2009,0,RIVERSIDE DR,ST ANN,0000000,32.32328611,-90.16464444,1,1
28,49,1,25,0,54,3,6,0,1,11,1,0,12,3,1,1,2,4,70,1,1,2,1,0,0,2,1,0,0,99,99,99,99,99,99,0,0,0,0,1,1,0,280039,1220,2009,99999,I-20,99999999999999999999,0000000,32.29043333,-90.25363056,3,1
28,1,1,26,21,26,1,2,1,0,5,3,0,8,0,1,1,1,2,45,1,2,2,1,0,0,2,1,0,0,88,88,88,88,88,88,0,0,0,0,1,2,0,280040,0,2009,99999,SR-555,99999999999999999999,0000000,31.58913611,-91.36668333,1,1
28,33,1,27,7,13,2,2,0,0,4,3,0,12,4,2,1,2,4,55,1,1,1,2,20,3,1,2,0,0,99,99,99,99,99,99,0,0,0,0,1,3,0,280041,0,2009,99999,SR-302,POLK,0000000,34.96267222,-89.96275,2,2
28,107,1,29,22,23,1,1,0,0,3,4,0,42,0,1,5,1,2,45,2,1,2,1,0,0,2,1,0,0,88,88,88,88,88,88,0,0,0,0,1,5,0,280042,0,2009,0,BENSON RD,99999999999999999999,0000000,34.206125,-89.97296389,1,1
28,157,1,30,15,1,1,1,0,0,4,4,0,1,0,1,5,1,2,45,2,1,2,1,0,0,1,1,0,0,88,88,88,88,88,88,0,0,0,0,1,6,0,280043,0,2009,0,LOWER WOODVILLE RD,99999999999999999999,0000000,31.13356389,-91.31964722,1,1
28,15,2,1,18,38,1,1,0,0,4,3,0,42,0,1,5,1,2,55,2,2,2,1,0,0,2,1,0,0,88,88,88,88,88,88,0,0,0,0,1,1,0,280044,0,2009,99999,SR-17,99999999999999999999,0000000,33.47956389,-89.935025,1,1
28,27,2,1,2,29,2,3,0,1,2,2,0,12,2,1,1,1,2,55,1,1,2,1,0,0,2,1,0,0,2,40,2,59,3,13,0,0,0,0,2,1,1,280045,0,2009,99999,US-49,99999999999999999999,0000000,34.40740556,-90.46889167,2,1
28,107,2,1,3,30,1,1,0,0,4,3,0,42,0,1,5,1,2,55,2,1,2,1,0,0,2,1,0,0,88,88,88,88,88,88,0,0,0,0,1,1,1,280046,0,2009,99999,SR-35,99999999999999999999,0000000,34.27048056,-89.96927222,1,1
28,137,2,1,0,31,1,2,0,0,4,2,0,1,0,1,5,1,2,55,1,1,2,1,0,0,2,1,0,0,0,31,0,45,1,26,0,0,0,0,1,1,1,280047,0,2009,99999,US-51,99999999999999999999,0000000,34.57400556,-89.96867222,1,1
28,121,2,2,5,36,1,1,0,1,11,1,0,34,0,1,5,2,4,60,1,1,2,2,0,0,3,2,0,0,88,88,88,88,88,88,0,0,0,0,1,2,0,280048,1918,2009,99999,I-20,99999999999999999999,0000000,32.26637778,-90.13046389,1,2
28,47,2,4,2,41,1,2,0,1,2,2,0,30,0,2,5,2,4,65,1,1,2,1,0,0,2,1,0,0,3,7,3,26,4,11,0,0,0,0,1,4,1,280049,0,2009,99999,US-49,CHURCH RD,0000000,30.415,-89.09311389,1,1
28,47,2,4,18,42,1,2,1,1,11,1,0,8,0,1,1,2,4,70,1,2,2,1,0,0,2,1,0,0,88,88,88,88,88,88,0,0,0,0,1,4,0,280050,230,2009,99999,I-10,99999999999999999999,0000000,30.45418611,-88.859825,1,1
28,121,2,5,15,17,2,2,0,0,4,4,0,12,2,1,1,1,2,55,1,2,2,1,0,0,1,1,0,0,88,88,88,88,88,88,0,0,0,0,1,5,0,280051,0,2009,0,E MOUNTAIN CREEK,99999999999999999999,0000000,32.08631944,-90.09364167,2,1
28,131,2,5,7,40,2,2,0,1,13,2,0,12,6,2,1,2,4,65,1,1,2,1,0,0,1,1,0,0,88,88,88,88,88,88,0,0,0,0,1,5,0,280052,2820,2009,99999,US-49,MILL AVE,0000000,30.82619167,-89.136725,2,1
28,27,2,6,14,42,1,4,0,1,2,2,0,31,0,1,5,2,4,65,1,1,2,1,0,0,1,1,0,0,15,12,15,40,15,59,0,0,0,0,2,6,0,280053,0,2009,99999,US-61,99999999999999999999,0000000,34.36873333,-90.48296944,1,1
28,23,2,6,16,44,2,4,0,0,4,3,0,12,2,1,1,1,2,55,2,1,2,1,0,0,1,1,0,0,17,0,17,18,17,36,0,0,0,0,1,6,0,280054,0,2009,99999,SR-511,99999999999999999999,0000000,32.036675,-88.64147222,2,1
28,145,2,6,13,17,1,2,1,0,16,6,0,8,0,1,1,1,2,35,1,1,2,1,0,0,1,1,0,0,13,20,13,50,14,3,0,0,0,0,1,6,0,280055,1740,2009,0,MOSS HILL,99999999999999999999,0000000,34.49651111,-89.01517778,1,1
28,47,2,7,17,49,2,2,0,0,4,4,0,12,3,2,1,1,2,35,1,1,2,1,0,0,3,1,0,0,88,88,88,88,88,88,0,0,0,0,1,7,0,280056,0,2009,0,LORRAINE RD,LORRAINE RD,0000000,30.463175,-89.00745278,2,1
28,59,2,8,22,5,1,1,0,0,4,4,0,35,0,1,6,1,2,40,1,2,2,1,0,0,2,1,0,0,88,88,88,88,88,88,0,0,0,0,1,1,1,280057,0,2009,0,OLD BILOXI RD,99999999999999999999,0000000,30.54821667,-88.86969444,1,1
28,83,2,8,23,46,1,2,0,0,4,3,0,1,0,1,5,1,2,55,2,1,2,1,0,0,2,1,0,0,23,59,0,26,1,11,0,0,0,0,1,1,0,280058,0,2009,0,SR-7,99999999999999999999,0000000,33.35139444,-90.38065833,1,1
28,49,2,11,22,18,2,4,0,0,16,6,0,12,2,2,1,2,4,40,1,1,2,1,0,0,3,1,0,0,22,23,22,50,23,2,0,0,0,0,2,4,0,280059,1220,2009,0,OLD CANTON RD,RIVERWOOD DR,0000000,32.36679444,-90.137575,2,1
28,67,2,11,15,17,1,1,0,1,2,2,0,1,0,1,5,2,4,65,1,3,2,1,0,0,1,1,0,0,15,22,15,39,16,12,0,0,0,0,1,4,0,280060,0,2009,99999,US-84,99999999999999999999,0000000,31.69494444,-89.19366389,1,1
28,85,2,12,18,20,1,1,0,1,1,1,0,42,0,1,6,2,4,70,1,2,2,1,0,0,2,1,0,0,88,88,88,88,88,88,0,0,0,0,1,5,0,280061,0,2009,99999,I-55,99999999999999999999,0000000,31.56200833,-90.47979444,1,1
28,17,2,12,16,49,2,3,0,0,4,3,0,12,2,1,1,1,2,55,1,3,2,1,0,0,1,1,0,0,17,11,17,49,18,11,0,0,0,0,1,5,0,280062,0,2009,99999,SR-413,99999999999999999999,0000000,33.98279722,-88.9151,2,1
28,57,2,13,18,57,1,3,0,0,4,3,0,42,0,1,5,1,2,55,2,1,2,2,0,0,2,2,0,0,19,19,19,36,19,50,0,0,0,0,1,6,0,280063,0,2009,99999,SR-363,99999999999999999999,0000000,34.27860278,-88.45625,1,2
28,85,2,13,20,39,2,4,0,0,4,3,0,12,2,1,1,1,2,55,2,2,2,2,0,0,2,2,0,0,20,58,21,22,22,0,0,0,0,0,1,6,1,280064,0,2009,99999,SR-583,99999999999999999999,0000000,31.55678056,-90.44546111,2,2
28,67,2,13,22,35,1,3,0,0,4,4,0,35,0,1,5,1,2,45,2,1,2,2,0,0,2,2,0,0,22,50,23,11,23,36,0,0,0,0,1,6,0,280065,0,2009,0,SPUR LINE RD,99999999999999999999,0000000,31.58263056,-89.12018056,1,2
28,149,2,13,18,24,2,3,0,1,1,1,0,12,2,1,1,2,4,70,1,1,2,2,0,0,2,2,0,0,18,46,19,0,19,26,0,0,0,0,1,6,0,280066,0,2009,99999,I-20,99999999999999999999,0000000,32.35067222,-90.80921111,2,2
28,5,2,14,9,7,1,1,0,0,5,3,0,32,0,1,5,1,2,55,1,1,2,1,0,0,1,1,0,0,88,88,88,88,88,88,0,0,0,0,1,7,0,280067,0,2009,99999,SR-469,99999999999999999999,0000000,31.178,-90.78449167,1,1
28,163,2,14,1,40,1,2,0,0,4,3,0,32,0,1,4,1,2,55,1,1,2,2,0,0,2,2,0,0,2,0,2,16,3,0,0,0,0,0,1,7,1,280068,0,2009,99999,SR-3,99999999999999999999,0000000,32.58688611,-90.62536111,1,2
28,49,2,14,2,10,1,1,0,0,16,6,0,21,0,2,4,1,2,40,1,1,2,2,0,0,3,2,0,0,88,88,88,88,88,88,0,0,0,0,1,7,0,280069,1220,2009,0,WEST ST,MEADOWBROOK DR,0000000,32.34396667,-90.18161667,1,2
28,93,2,15,3,49,1,1,0,0,4,2,0,1,0,1,5,2,4,55,1,1,2,1,0,0,2,1,0,0,88,88,88,88,88,88,0,0,0,0,1,1,1,280070,0,2009,99999,US-72,99999999999999999999,0000000,34.96158333,-89.53213611,1,1
28,137,2,15,0,39,1,4,0,0,6,4,0,42,0,1,5,1,2,45,2,2,2,1,0,0,2,1,0,0,99,99,99,99,99,99,0,0,0,0,2,1,0,280071,0,2009,0,PALENSTINE RD,99999999999999999999,0000000,34.73639444,-89.91974722,1,1
28,1,2,15,22,0,1,1,0,0,16,6,0,30,0,1,6,2,6,45,1,2,2,1,0,0,3,1,0,0,22,12,22,30,99,99,0,0,0,0,1,1,1,280072,1720,2009,0,S PRENTISS,99999999999999999999,0000000,31.55674167,-91.38736667,1,1
28,79,2,15,17,10,1,1,0,0,5,4,0,42,0,1,5,1,2,45,2,1,4,1,0,0,1,1,0,0,88,88,88,88,88,88,0,0,0,0,1,1,0,280073,0,2009,0,WILLIAM RD,99999999999999999999,0000000,32.69847778,-89.41077222,1,1
28,81,2,15,0,59,1,2,1,0,16,6,0,8,0,1,1,1,2,55,1,1,2,1,0,0,3,1,0,0,88,88,88,88,88,88,0,0,0,0,1,1,0,280074,2610,2009,0,MCCULLOUGH BLVD,99999999999999999999,0000000,34.29161667,-88.75210833,1,1
28,121,2,16,15,13,2,5,0,0,5,3,0,12,4,2,1,1,2,55,1,1,2,1,20,3,1,1,0,0,99,99,99,99,99,99,0,0,0,0,1,2,0,280075,0,2009,99999,SR-43,CARTER CREEK LN,0000000,32.49858611,-89.920875,2,1
28,39,2,17,10,35,2,5,0,0,5,3,0,12,2,1,1,1,2,55,2,1,2,1,0,0,1,1,0,0,10,43,10,59,11,20,0,0,0,0,3,3,0,280076,0,2009,99999,SR-57,99999999999999999999,0000000,30.79486111,-88.76111944,2,1
28,127,2,10,7,39,2,2,0,1,2,2,0,12,4,2,1,2,4,45,1,1,2,2,3,3,1,2,0,0,99,99,99,99,99,99,0,0,0,0,1,3,0,280077,1510,2009,99999,US-49,MAIN ST,0000000,31.86841111,-89.74276667,2,2
28,99,2,19,19,45,1,1,0,0,4,4,0,1,0,1,5,1,2,45,1,2,2,1,0,0,2,1,0,0,88,88,88,88,88,88,0,0,0,0,1,5,0,280078,0,2009,0,CO RD 397,99999999999999999999,0000000,32.80451944,-89.16139167,1,1
28,71,2,21,0,39,1,1,0,0,4,4,0,1,0,1,5,1,2,55,1,2,2,1,0,0,3,1,0,0,88,88,88,88,88,88,0,0,0,0,1,7,1,280079,0,2009,0,CO RD 244,99999999999999999999,0000000,34.39076111,-89.35661389,1,1
28,109,2,24,12,55,1,2,0,0,3,3,0,42,0,1,5,1,2,55,2,2,2,1,0,0,1,1,0,0,13,13,13,41,13,59,0,0,0,0,1,3,0,280080,0,2009,99999,SR-53,99999999999999999999,0000000,30.70339444,-89.46707778,1,1
28,99,2,25,21,10,2,5,0,0,4,3,0,12,2,1,1,1,2,55,2,2,2,1,0,0,2,1,0,0,21,38,99,99,99,99,0,0,0,0,2,4,0,280081,0,2009,99999,SR-488,99999999999999999999,0000000,32.750575,-89.24675,2,1
28,109,2,25,14,55,1,2,0,1,1,1,0,1,0,1,6,2,4,70,1,1,2,1,0,0,1,1,0,0,15,5,15,36,16,0,0,0,0,0,1,4,1,280082,0,2009,99999,I-59,99999999999999999999,0000000,30.59255833,-89.62268889,1,1
28,141,2,26,5,34,2,2,0,0,4,2,0,12,1,2,1,2,4,55,1,1,2,1,0,0,2,1,0,0,6,0,6,36,7,0,0,0,0,0,1,5,0,280083,0,2009,99999,US-72,RUBY LANE,0000000,34.84205556,-88.32655833,2,1
28,63,2,26,21,38,1,3,1,0,4,3,0,8,0,2,1,1,2,45,1,1,2,1,0,0,2,1,0,0,88,88,88,88,88,88,0,0,0,0,1,5,0,280084,0,2009,99999,SR-32,SR-28,0000000,31.69173056,-91.07537222,1,1
28,35,2,27,21,5,2,2,0,0,16,6,0,12,4,2,1,2,4,99,1,1,2,1,20,3,3,1,0,0,21,22,21,40,22,10,0,0,0,0,1,6,1,280085,1050,2009,99999,49,ATHENS STEEL RD,0000000,31.39819167,-89.38631111,2,1
28,5,2,28,10,28,1,3,0,0,4,4,0,42,0,1,6,1,2,45,2,1,2,1,0,0,1,1,0,0,99,99,99,99,99,99,0,0,0,0,1,7,0,280086,0,2009,0,THOMPSON RD,99999999999999999999,0000000,31.25492778,-90.59206111,1,1
28,89,3,1,5,40,1,2,0,1,11,1,0,30,0,1,5,2,4,60,1,1,2,4,0,0,3,3,0,0,5,45,6,0,6,36,0,0,0,0,1,1,0,280087,400,2009,99999,I-55,99999999999999999999,0000000,32.56591111,-90.07801944,1,3
28,59,3,1,22,51,1,1,0,1,11,1,0,42,0,1,5,2,4,60,1,1,2,1,0,0,3,1,0,0,88,88,88,88,88,88,0,0,0,0,1,1,1,280088,932,2009,99999,I-10,99999999999999999999,0000000,30.43624167,-88.64619167,1,1
28,73,3,3,10,50,1,2,1,0,4,3,0,8,0,1,1,1,2,55,1,2,2,1,0,0,1,1,0,0,99,99,99,99,99,99,0,0,0,0,1,3,0,280089,0,2009,99999,SR-42,99999999999999999999,0000000,31.35011944,-89.20383333,1,1
28,21,1,26,12,32,1,2,1,0,4,3,0,8,0,1,1,1,2,55,1,1,1,1,0,0,1,1,0,0,12,42,13,0,99,99,0,0,0,0,1,2,0,280090,0,2009,99999,SR-18,99999999999999999999,0000000,31.96643611,-90.94731389,1,1
28,81,2,20,13,16,2,3,0,0,16,6,0,12,4,2,1,2,4,45,1,1,2,1,20,3,1,1,0,0,13,30,14,2,14,16,0,0,0,0,1,6,0,280091,1730,2009,99999,UNKNOWN,METTS RD,0000000,34.07448889,-88.62224444,2,1
28,89,3,4,18,21,2,2,0,0,14,4,0,12,2,1,1,1,2,45,2,1,2,1,0,0,3,1,0,0,18,39,19,0,19,42,0,0,0,0,1,4,0,280092,0,2009,0,LORING RD,99999999999999999999,0000000,32.77119167,-89.88852778,2,1
28,57,3,5,6,40,1,1,0,1,2,2,0,31,0,2,4,2,4,55,1,1,2,1,0,0,1,1,0,0,88,88,88,88,88,88,0,0,0,0,1,5,0,280093,0,2009,0,US-25,JUSTICE RD,0000000,34.22620833,-88.39453611,1,1
28,61,3,5,10,15,1,1,0,1,1,1,0,23,0,1,5,2,4,70,1,1,2,1,0,0,1,1,0,0,88,88,88,88,88,88,0,0,0,0,1,5,0,280094,0,2009,99999,I-59,99999999999999999999,0000000,31.90299167,-89.02384722,1,1
28,97,3,5,22,52,1,2,0,1,11,1,0,24,0,1,4,2,4,70,1,2,2,1,0,0,2,1,0,0,22,56,23,20,23,58,0,0,0,0,1,5,0,280095,0,2009,99999,I-55,99999999999999999999,0000000,33.49760278,-89.76516667,1,1
28,107,3,6,8,51,1,2,1,1,1,1,0,8,0,1,1,2,4,70,1,1,2,1,0,0,2,1,0,0,9,11,9,36,9,40,0,0,0,0,1,6,0,280096,0,2009,99999,I-55,99999999999999999999,0000000,34.50068611,-89.918975,1,1
28,153,3,6,16,51,2,2,0,1,2,2,0,12,1,2,1,2,4,65,1,1,2,1,20,3,1,1,0,0,17,22,17,40,18,0,0,0,0,0,1,6,0,280097,0,2009,99999,US-45,DUB BEASLEY RD,0000000,31.63745278,-88.59383611,2,1
28,57,3,7,18,21,1,2,0,0,4,4,0,35,0,1,5,1,2,55,1,1,2,3,0,0,2,1,0,0,99,99,99,99,99,99,0,0,0,0,1,7,0,280098,0,2009,0,HURSEY BOTTOM RD,99999999999999999999,0000000,34.19363056,-88.52405556,1,1
28,89,3,7,17,16,1,1,0,0,15,4,0,11,0,1,1,1,2,45,1,1,2,1,0,0,1,1,0,0,88,88,88,88,88,88,0,0,0,0,1,7,0,280099,0,2009,0,MIGGINS RD,99999999999999999999,0000000,32.6427,-89.8413,1,1
28,161,3,7,19,13,1,2,0,0,4,4,0,1,0,1,5,1,2,45,2,3,2,1,0,0,2,1,0,0,88,88,88,88,88,88,0,0,0,0,1,7,0,280100,0,2009,0,CO  RD 3,99999999999999999999,0000000,34.04042778,-89.72808889,1,1
28,133,3,7,21,3,1,1,0,0,4,4,0,34,0,1,5,1,2,55,1,1,2,1,0,0,2,1,0,0,88,88,88,88,88,88,0,0,0,0,1,7,1,280101,0,2009,0,SUNFLOWER,99999999999999999999,0000000,33.67178333,-90.62999722,1,1
28,57,3,8,13,58,1,1,0,0,4,4,0,42,0,1,5,1,2,55,2,2,2,1,0,0,1,1,0,0,88,88,88,88,88,88,0,0,0,0,1,1,0,280102,0,2009,0,WOOD RD,99999999999999999999,0000000,34.23337778,-88.47418889,1,1
28,67,3,8,15,11,2,2,0,0,16,6,0,12,2,1,1,1,2,30,2,1,2,1,0,0,1,1,0,0,99,99,99,99,99,99,0,0,0,0,1,1,0,280103,1310,2009,0,QUEENSBURG AVE,99999999999999999999,0000000,31.66514444,-89.14057778,2,1
28,139,3,9,14,48,1,3,0,0,4,3,0,35,0,1,6,1,2,55,2,1,2,1,0,0,1,1,0,0,16,0,16,20,16,45,0,0,0,0,1,2,0,280104,0,2009,99999,SR-4,99999999999999999999,0000000,34.69970833,-88.72515556,1,1
28,91,3,11,0,43,1,1,0,0,4,3,0,1,0,1,5,1,2,55,1,2,2,1,0,0,2,1,0,0,88,88,88,88,88,88,0,0,0,0,1,4,0,280105,0,2009,99999,SR-586,99999999999999999999,0000000,31.23731667,-89.94060556,1,1
28,27,3,12,22,39,1,1,0,0,4,4,0,24,0,1,99,1,2,45,2,1,2,1,0,0,2,1,0,0,88,88,88,88,88,88,0,0,0,0,1,5,0,280106,0,2009,0,FRIARS POINT RD,99999999999999999999,0000000,34.33096111,-90.62313056,1,1
28,49,2,14,13,1,1,2,0,1,11,1,0,23,0,1,5,2,6,60,1,1,2,1,0,0,1,1,0,0,13,15,13,40,14,11,0,0,0,0,1,7,0,280107,1220,2009,99999,I-55,99999999999999999999,0000000,32.27668333,-90.17814167,1,1
28,9,3,12,16,32,2,3,0,0,4,2,0,12,4,2,1,1,2,65,1,1,2,2,20,3,1,2,0,0,16,46,17,11,17,36,0,0,0,0,2,5,0,280108,0,2009,99999,US-72,SR-5,0000000,34.94631667,-89.21155833,2,2
28,47,3,6,5,42,2,2,0,1,11,1,0,12,1,1,1,2,4,70,1,1,2,1,0,0,3,1,0,0,99,99,99,99,99,99,0,0,0,0,1,6,0,280109,680,2009,99999,I-10,99999999999999999999,0000000,30.45385278,-88.88638889,2,1
28,121,3,12,16,58,2,3,0,0,14,3,0,12,2,1,1,1,2,55,1,1,2,1,0,0,1,1,0,0,17,22,17,39,18,0,0,0,0,0,1,5,0,280110,1918,2009,99999,SR-475,99999999999999999999,0000000,32.26401944,-90.07767778,2,1
28,47,3,13,0,6,1,1,0,1,2,2,0,24,0,1,5,2,4,65,1,1,2,1,0,0,2,1,0,0,88,88,88,88,88,88,0,0,0,0,1,6,1,280111,0,2009,99999,US-49,99999999999999999999,0000000,30.44673056,-89.09903611,1,1
28,71,3,13,18,19,2,4,0,0,5,3,0,12,5,1,1,1,2,55,2,1,2,2,0,0,5,2,0,0,18,41,19,22,19,49,0,0,0,0,1,6,0,280112,0,2009,99999,SR-328,99999999999999999999,0000000,34.24029444,-89.62006944,2,2
28,49,3,14,1,6,1,2,0,1,11,1,0,21,0,1,6,2,4,70,1,1,2,2,0,0,3,2,0,0,99,99,99,99,99,99,0,0,0,0,1,7,0,280113,490,2009,99999,I-20,99999999999999999999,0000000,32.32685833,-90.32578056,1,2
28,49,3,14,12,4,2,4,0,0,16,2,0,12,4,2,1,2,4,30,1,1,2,1,0,0,1,1,0,0,12,38,13,10,13,40,0,0,0,0,1,7,0,280114,1220,2009,99999,US-80,GALLATIN ST,0000000,32.28412222,-90.19298056,2,1
28,93,3,14,15,38,2,2,0,0,16,3,0,12,4,2,1,1,2,40,1,1,2,2,20,3,1,2,0,0,99,99,99,99,99,99,0,0,0,0,1,7,0,280115,1140,2009,99999,SR-7,EDDIE SMITH DR,0000000,34.68460556,-89.46132778,2,2
28,87,3,15,0,41,1,6,0,0,4,3,0,32,0,1,5,1,2,55,1,1,2,2,0,0,2,2,0,0,1,0,1,36,1,50,0,0,0,0,1,1,0,280116,0,2009,99999,SR-69,99999999999999999999,0000000,33.49745833,-88.39179167,1,2
28,105,3,15,13,5,1,3,0,0,4,4,0,1,0,1,5,1,2,45,1,1,2,2,0,0,1,2,0,0,88,88,88,88,88,88,0,0,0,0,3,1,0,280117,0,2009,0,JOHN WHITE RD,99999999999999999999,0000000,33.41442778,-88.93183611,1,2
28,79,3,15,21,22,2,4,0,0,16,3,0,12,4,4,1,1,2,45,1,1,2,2,0,0,3,2,0,0,21,40,21,59,22,13,0,0,0,0,1,1,0,280118,420,2009,99999,SR-35,99999999999999999999,0000000,32.70093333,-89.52329722,2,2