STATE,COUNTY,MONTH,DAY,HOUR,MINUTE,VE_TOTAL,PERSONS,PEDS,NHS,ROAD_FNC,ROUTE,SP_JUR,HARM_EV,MAN_COLL,REL_JUNC,REL_ROAD,TRAF_FLO,NO_LANES,SP_LIMIT,ALIGNMNT,PROFILE,PAVE_TYP,SUR_COND,TRA_CONT,T_CONT_F,LGT_COND,WEATHER1,WEATHER2,WRK_ZONE,NOT_HOUR,NOT_MIN,ARR_HOUR,ARR_MIN,HOSP_HR,HOSP_MN,SCH_BUS,CF1,CF2,CF3,FATALS,DAY_WEEK,DRUNK_DR,ST_CASE,CITY,YEAR,MILEPT,TWAY_ID,TWAY_ID2,RAIL,LATITUDE,LONGITUD,VE_FORMS,WEATHER
28,63,3,16,6,2,1,1,0,0,4,3,0,42,0,1,5,1,2,55,1,2,2,2,0,0,2,2,0,0,6,24,6,50,7,11,0,0,0,0,1,2,0,280119,0,2009,99999,SR-28,99999999999999999999,0000000,31.72911667,-90.730075,1,2
28,85,3,16,22,3,1,2,0,0,4,3,0,35,0,1,5,1,2,55,1,2,2,1,0,0,2,1,0,0,22,22,23,2,23,36,0,0,0,0,1,2,0,280120,0,2009,99999,SR-550,99999999999999999999,0000000,31.60821667,-90.50168056,1,1
28,45,3,16,9,57,1,1,0,1,11,1,0,42,0,1,5,2,4,70,1,1,2,2,0,0,1,2,0,0,88,88,88,88,88,88,0,0,0,0,1,2,0,280121,0,2009,99999,I-10,99999999999999999999,0000000,30.32598889,-89.56629722,1,2
28,141,3,17,20,48,1,2,0,0,4,4,0,32,0,1,5,1,2,45,2,1,2,1,0,0,2,1,0,0,21,0,21,16,21,39,0,0,0,0,1,3,1,280122,0,2009,0,CO RD 992,99999999999999999999,0000000,34.66060556,-88.19223333,1,1
28,49,3,18,14,5,2,4,0,0,4,3,0,12,2,1,1,1,2,55,2,1,2,1,0,0,1,1,0,0,14,29,14,50,15,22,0,0,0,0,1,4,0,280123,0,2009,99999,SR-18,99999999999999999999,0000000,32.23059167,-90.45215556,2,1
28,17,3,18,21,24,2,2,0,1,2,2,0,12,4,2,1,1,2,45,1,1,2,1,20,3,2,1,0,0,21,50,22,13,22,36,0,0,0,0,1,4,0,280124,0,2009,99999,US-45,406,0000000,33.91886111,-88.73657222,2,1
28,39,3,18,22,16,2,5,0,0,4,3,0,12,2,1,1,2,2,55,1,3,2,1,0,0,2,1,0,0,99,99,99,99,99,99,0,0,0,0,2,4,0,280125,0,2009,99999,SR-98,99999999999999999999,0000000,30.92446389,-88.55152222,2,1
28,49,3,19,13,24,1,2,1,0,16,6,0,8,0,1,1,2,4,45,1,1,2,1,0,0,1,1,0,0,88,88,88,88,88,88,0,0,0,0,1,5,0,280126,1220,2009,0,MEDGER EVERS BLVD,99999999999999999999,0000000,32.35321111,-90.228825,1,1
28,89,3,19,16,48,1,1,0,0,5,4,0,42,0,1,5,1,2,45,1,1,2,1,0,0,1,1,0,0,88,88,88,88,88,88,0,0,0,0,1,5,0,280127,0,2009,0,PAT LUCKETT RD,99999999999999999999,0000000,32.69075,-89.73658611,1,1
28,149,3,20,20,26,3,4,0,1,1,1,0,12,7,1,1,2,4,70,1,1,2,1,0,0,2,1,0,0,20,38,21,0,21,36,0,0,0,0,2,6,0,280128,0,2009,99999,I-20,99999999999999999999,0000000,32.35690833,-90.72647222,3,1
28,87,3,21,3,46,1,3,0,1,2,2,0,1,0,1,5,1,2,55,1,1,2,1,0,0,2,1,0,0,4,0,4,7,4,22,0,0,0,0,1,7,0,280129,0,2009,99999,US-45,99999999999999999999,0000000,33.37641111,-88.52740278,1,1
28,163,3,22,11,54,1,3,0,1,2,2,0,42,0,1,5,2,4,65,1,3,2,1,0,0,1,1,0,0,12,12,12,36,13,11,0,0,0,0,1,1,0,280130,0,2009,99999,US-49,99999999999999999999,0000000,32.67536111,-90.37508056,1,1
28,79,3,22,15,10,2,7,0,1,2,3,0,12,4,2,1,1,2,35,1,1,2,1,20,3,1,1,0,0,15,26,15,42,16,11,0,0,0,0,2,1,0,280131,0,2009,99999,SR-25,RED DOG RD,0000000,32.76295556,-89.57539444,2,1
28,43,3,22,16,11,1,2,0,0,4,4,0,1,0,1,5,1,2,25,2,2,2,1,0,0,1,1,0,0,99,99,99,99,99,99,0,0,0,0,1,1,0,280132,0,2009,0,BOLTON HILL RD,99999999999999999999,0000000,33.68410278,-89.75911667,1,1
28,31,3,22,17,0,2,7,0,1,2,2,0,12,4,2,1,2,4,65,1,1,2,1,20,3,1,1,0,0,17,22,17,40,18,0,0,0,0,0,1,1,0,280133,0,2009,99999,US-84,MOONEY RD,0000000,31.62320278,-89.64629167,2,1
28,33,3,22,20,0,1,1,0,0,5,4,0,1,0,1,5,1,2,45,1,1,2,1,0,0,5,1,0,0,88,88,88,88,88,88,0,0,0,0,1,1,0,280134,0,2009,0,COLLEGE RD,99999999999999999999,0000000,34.91894444,-89.98798333,1,1
28,135,3,24,16,21,2,3,0,0,4,3,0,12,3,2,1,1,2,55,1,1,2,1,20,3,1,1,0,0,17,0,17,29,99,99,0,0,0,0,1,3,0,280135,0,2009,0,SR-35,CASCILLA RD,0000000,33.87583056,-90.05973889,2,1
28,23,3,24,19,51,1,3,0,0,4,4,0,42,0,1,5,1,2,55,2,2,2,2,0,0,2,2,0,0,99,99,99,99,99,99,0,0,0,0,1,3,0,280136,0,2009,0,CO RD 210,99999999999999999999,0000000,32.04598889,-88.66859444,1,2
28,33,3,24,19,55,1,2,1,0,4,4,0,8,0,1,1,1,2,55,1,1,2,2,0,0,2,2,0,0,88,88,88,88,88,88,0,0,0,0,1,3,0,280137,1830,2009,0,CO RD 302,99999999999999999999,0000000,34.96249722,-89.77066111,1,2
28,33,3,24,22,41,1,1,0,1,1,1,0,42,0,1,5,2,4,70,1,1,2,2,0,0,2,2,0,0,88,88,88,88,88,88,0,0,0,0,1,3,0,280138,0,2009,99999,I-55,99999999999999999999,0000000,34.72941111,-89.96360833,1,2
28,121,3,25,7,22,2,2,0,0,14,3,0,12,5,1,1,1,2,55,2,3,2,2,0,0,1,2,0,0,7,34,7,50,8,11,0,0,0,0,1,4,0,280139,0,2009,99999,SR-468,99999999999999999999,0000000,32.23364167,-90.00523611,2,2
28,35,3,26,7,20,1,2,1,0,16,6,0,8,0,1,1,1,2,30,1,1,2,2,0,0,1,2,0,0,7,25,7,36,8,0,0,0,0,0,1,5,0,280140,1050,2009,0,ASHFORD ST,99999999999999999999,0000000,31.30660556,-89.30000833,1,2
28,47,3,27,23,27,1,2,1,0,16,6,0,8,0,2,1,1,2,30,1,1,2,2,0,0,3,2,0,0,88,88,88,88,88,88,0,0,0,0,1,6,0,280141,230,2009,0,IRISH HILL DR,PAT HARRISON ST,0000000,30.397975,-88.92794167,1,2
28,121,3,28,3,44,1,3,0,0,4,4,0,42,0,1,5,1,2,45,1,1,2,2,0,0,2,2,0,0,3,49,4,0,4,20,0,0,0,0,1,7,0,280142,0,2009,0,SHELL OIL RD,99999999999999999999,0000000,32.16635,-89.98892778,1,2
28,47,3,28,7,38,2,4,0,0,4,3,0,12,4,2,1,1,2,55,1,2,2,2,20,3,1,2,0,0,99,99,99,99,99,99,0,0,0,0,1,7,0,280143,0,2009,99999,SR-53,DAWNLAND DR,0000000,30.50589167,-89.14546944,2,2
28,31,3,28,11,34,1,1,0,0,4,3,0,42,0,1,5,1,2,55,1,1,2,1,0,0,1,1,0,0,88,88,88,88,88,88,0,0,0,0,1,7,0,280144,0,2009,99999,SR-35,99999999999999999999,0000000,31.66295278,-89.72933333,1,1
28,49,3,28,20,20,2,2,0,0,4,4,0,12,5,2,1,1,2,50,1,1,2,1,0,0,2,1,0,0,88,88,88,88,88,88,0,0,0,0,1,7,0,280145,0,2009,0,JACKSON RAYMOND RD,WELLS RD,0000000,32.25810278,-90.35225,2,1
28,81,3,29,0,54,1,1,0,0,5,4,0,43,0,1,5,1,2,55,2,1,2,1,0,0,2,1,0,0,88,88,88,88,88,88,0,0,0,0,1,1,0,280146,0,2009,0,BARNES CROSSING RD,99999999999999999999,0000000,34.31568611,-88.68848611,1,1
28,27,3,29,20,28,2,6,0,1,2,2,0,12,4,2,1,1,2,65,1,1,2,1,20,3,3,1,0,0,88,88,88,88,88,88,0,0,0,0,1,1,0,280147,0,2009,99999,US-61,CO RD 161,0000000,34.14811111,-90.64166944,2,1
28,67,3,30,2,52,1,1,0,0,5,4,0,32,0,1,5,1,2,55,1,2,2,1,0,0,2,1,0,0,88,88,88,88,88,88,0,0,0,0,1,2,0,280148,0,2009,0,PAULDING RD,99999999999999999999,0000000,31.65086111,-89.20709722,1,1
28,67,3,30,12,5,2,3,0,0,16,6,0,12,4,2,1,1,2,30,1,1,2,1,20,3,1,1,0,0,88,88,88,88,88,88,0,0,0,0,1,2,0,280149,1310,2009,99999,INDUSTRIAL BLVD,AVEN C,0000000,31.65995556,-89.16993056,2,1
28,33,3,30,13,49,1,2,0,0,4,4,0,42,0,1,5,1,2,45,1,1,2,1,0,0,1,1,0,0,88,88,88,88,88,88,0,0,0,0,2,2,0,280150,0,2009,0,INGRAM MILL RD,99999999999999999999,0000000,34.81686944,-89.8095,1,1
28,41,3,30,20,42,1,1,0,0,4,3,0,11,0,1,1,1,2,55,1,1,2,1,0,0,2,1,0,0,88,88,88,88,88,88,0,0,0,0,1,2,0,280151,0,2009,99999,SR-57,99999999999999999999,0000000,31.129925,-88.64185833,1,1
28,97,3,31,12,49,1,2,0,0,4,4,0,42,0,1,5,1,2,45,2,1,2,1,0,0,1,1,0,0,99,99,99,99,99,99,0,0,0,0,1,3,0,280152,0,2009,0,BLUFF SPRINGS RD,99999999999999999999,0000000,33.45926389,-89.76353611,1,1
28,93,4,1,15,57,2,2,0,0,4,3,0,12,4,2,1,1,2,65,1,1,2,1,3,3,1,1,0,0,99,99,99,99,99,99,0,0,0,0,1,4,0,280153,0,2009,99999,SR-302,SR-309,0000000,34.96295556,-89.68882222,2,1
28,151,4,1,13,10,2,4,0,0,16,3,0,12,2,1,1,2,4,45,1,3,2,1,0,0,1,1,0,0,13,16,13,36,13,50,0,0,0,0,1,4,0,280154,990,2009,99999,SR-1,99999999999999999999,0000000,33.41998056,-91.03820833,2,1
28,97,4,1,13,27,1,2,0,1,2,2,0,1,0,1,6,2,4,65,2,2,2,1,0,0,1,1,0,0,88,88,88,88,88,88,0,0,0,0,2,4,0,280155,0,2009,99999,US-82,99999999999999999999,0000000,33.48278333,-89.68791944,1,1
28,27,4,1,17,49,1,1,0,0,16,6,0,18,0,1,2,1,2,30,1,1,2,1,0,0,1,1,0,0,88,88,88,88,88,88,0,0,0,0,1,4,0,280156,470,2009,0,CATALPA ST,99999999999999999999,0000000,34.20185556,-90.59005278,1,1
28,135,4,1,23,46,1,1,0,0,4,4,0,34,0,1,6,1,2,25,2,3,2,1,0,0,2,1,0,0,88,88,88,88,88,88,0,0,0,0,1,4,0,280157,0,2009,0,TIPPO RD,99999999999999999999,0000000,33.81566667,-90.18084444,1,1
28,47,4,3,23,57,1,2,1,1,12,2,0,8,0,1,1,2,4,60,1,1,2,1,0,0,2,1,0,0,99,99,99,99,99,99,0,0,0,0,1,6,0,280158,1020,2009,99999,US-49,99999999999999999999,0000000,30.37850278,-89.0932,1,1
28,61,4,4,19,5,2,6,0,0,4,3,0,12,2,1,1,1,2,55,1,1,2,1,0,0,5,1,0,0,19,19,19,36,19,52,0,0,0,0,1,7,0,280159,0,2009,99999,SR-15,99999999999999999999,0000000,31.92448333,-89.29790556,2,1
28,47,4,5,20,14,2,4,0,1,12,2,0,12,1,1,1,2,4,45,1,1,2,1,0,0,2,1,0,0,99,99,99,99,99,99,0,0,0,0,1,1,0,280160,230,2009,99999,US-90,99999999999999999999,0000000,30.39349722,-88.93192222,2,1
28,47,4,6,13,56,2,2,0,0,4,4,0,12,2,1,1,1,2,35,2,1,2,1,0,0,1,1,0,0,14,14,14,36,14,52,0,0,0,0,1,2,0,280161,0,2009,0,KILN DELISLE RD,99999999999999999999,0000000,30.37891111,-89.27078333,2,1
28,149,4,6,14,19,1,1,0,0,16,6,0,31,0,2,5,2,4,35,1,1,2,1,0,0,1,1,0,0,14,36,99,99,99,99,0,0,0,0,1,2,0,280162,2690,2009,0,IOWA BLVD,SR-61,0000000,32.31317778,-90.88706111,1,1
28,59,4,7,16,28,1,4,0,0,4,4,0,35,0,1,6,1,2,40,1,2,2,1,0,0,1,1,0,0,17,0,17,28,17,42,0,0,0,0,1,3,0,280163,0,2009,0,WADE VANCLEAVE RD,99999999999999999999,0000000,30.60334444,-88.68301389,1,1
28,127,4,8,11,29,1,1,0,0,5,4,0,42,0,2,6,1,2,55,1,1,2,1,0,0,1,1,0,0,88,88,88,88,88,88,0,0,0,0,1,4,0,280164,0,2009,0,SILOAM RD,BARR HILL DR,0000000,31.85071389,-89.72971944,1,1
28,141,4,8,19,32,1,2,0,0,5,4,0,42,0,1,5,1,2,45,1,1,2,1,0,0,5,1,0,0,88,88,88,88,88,88,0,0,0,0,2,4,1,280165,0,2009,0,CO RD 169,99999999999999999999,0000000,34.78578889,-88.27729167,1,1
28,145,4,9,10,48,1,1,0,0,4,4,0,32,0,1,5,1,2,55,2,1,2,1,0,0,1,1,0,0,88,88,88,88,88,88,0,0,0,0,1,5,0,280166,0,2009,0,CO RD 46,99999999999999999999,0000000,34.47079444,-89.09620278,1,1
28,75,4,10,7,3,1,2,0,0,4,4,0,35,0,1,5,1,2,35,1,1,2,1,0,0,1,1,0,0,7,18,7,36,99,99,0,0,0,0,1,6,0,280167,0,2009,0,SUQALENA RD,99999999999999999999,0000000,32.43778611,-88.85064167,1,1
28,27,4,10,17,25,1,1,0,0,4,4,0,1,0,1,5,1,2,45,2,1,2,1,0,0,1,1,0,0,88,88,88,88,88,88,0,0,0,0,1,6,0,280168,0,2009,0,STOVALL RD,99999999999999999999,0000000,34.21740833,-90.62793611,1,1
28,81,4,10,22,29,1,3,0,0,4,2,0,43,0,1,5,2,4,70,2,2,2,1,0,0,2,1,0,0,22,42,22,59,23,16,0,0,0,0,1,6,0,280169,0,2009,99999,US-78,99999999999999999999,0000000,34.28041111,-88.65185833,1,1
28,113,4,11,15,33,1,2,0,0,16,6,0,33,0,1,5,1,2,30,1,3,2,1,0,0,1,1,0,0,15,35,15,47,16,0,0,0,0,0,1,7,0,280170,1470,2009,0,24TH ST,99999999999999999999,0000000,31.23304167,-90.45960278,1,1
28,145,4,11,20,46,1,1,0,0,5,3,0,34,0,1,5,1,2,55,1,1,2,1,0,0,2,1,0,0,99,99,99,99,99,99,0,0,0,0,1,7,0,280171,0,2009,99999,SR-30,99999999999999999999,0000000,34.46906111,-89.11774722,1,1
28,7,4,13,1,29,1,4,1,0,4,3,0,8,0,1,1,1,2,55,2,1,2,1,0,0,2,1,0,0,88,88,88,88,88,88,0,0,0,0,1,2,0,280172,0,2009,99999,SR-14,99999999999999999999,0000000,33.04241389,-89.39540833,1,1
28,17,4,13,11,35,2,4,0,0,4,3,0,12,4,2,1,1,2,55,1,1,2,1,20,3,1,1,0,0,99,99,99,99,99,99,0,0,0,0,1,2,0,280173,0,2009,99999,SR-15,THORN RD,0000000,33.89585278,-89.0002,2,1
28,45,4,14,11,25,2,2,0,0,5,4,0,12,2,1,1,1,2,50,2,1,2,1,0,0,1,1,0,0,99,99,99,99,99,99,0,0,0,0,1,3,0,280174,0,2009,0,TEXAS FLAT RD,99999999999999999999,0000000,30.38605556,-89.47591667,2,1
28,115,4,16,5,16,1,1,0,0,6,4,0,37,0,1,5,1,2,45,2,2,2,1,0,0,2,1,0,0,88,88,88,88,88,88,0,0,0,0,1,5,0,280175,0,2009,0,PALESTINE RD,99999999999999999999,0000000,34.16955833,-89.1047,1,1
28,163,4,17,6,52,2,2,0,0,5,4,0,12,2,1,1,1,2,45,1,1,2,1,0,0,1,1,0,0,7,11,7,36,8,0,0,0,0,0,1,6,0,280176,0,2009,0,OLD BENTON RD,99999999999999999999,0000000,32.8408,-90.38250556,2,1
28,61,4,17,8,56,2,2,0,0,4,3,0,12,3,2,1,1,2,55,1,1,2,1,20,3,1,1,0,0,88,88,88,88,88,88,0,0,0,0,1,6,0,280177,0,2009,99999,SR-18,CO RD,0000000,32.06322778,-89.10598889,2,1
28,123,4,17,15,1,2,2,0,0,4,3,0,12,4,2,1,1,2,55,1,1,2,1,20,3,1,1,0,0,15,26,15,48,16,11,0,0,0,0,2,6,0,280178,0,2009,0,SR-21,DAMACUS RD,0000000,32.55640833,-89.35762222,2,1
28,33,4,17,18,4,2,2,0,0,16,6,0,12,3,2,1,1,2,45,1,1,2,1,20,3,1,1,0,0,88,88,88,88,88,88,0,0,0,0,1,6,0,280179,1830,2009,0,CHURCH RD,PLEASANT HILL RD,0000000,34.93316111,-89.90144444,2,1
28,67,4,17,21,1,1,1,0,0,4,4,0,35,0,2,5,1,2,35,1,1,2,1,0,0,2,1,0,0,88,88,88,88,88,88,0,0,0,0,1,6,0,280180,0,2009,0,ERRATA RD,SR-11,0000000,31.62901111,-89.18096111,1,1
28,31,4,18,8,36,2,2,0,0,5,4,0,12,2,2,1,1,2,55,1,1,2,1,21,3,1,1,0,0,99,99,99,99,99,99,0,0,0,0,1,7,0,280181,0,2009,0,LAKE MIKE CONNER RD,STRAHAN RD,0000000,31.58215556,-89.634875,2,1
28,9,4,19,21,52,1,1,0,0,4,2,0,24,0,2,6,2,4,70,1,1,2,1,0,0,2,1,0,0,88,88,88,88,88,88,0,0,0,0,1,1,0,280182,0,2009,99999,US-78,178,0000000,31.61832222,-89.20204167,1,1
28,59,4,20,17,50,1,2,0,1,1,1,0,42,0,1,6,2,4,70,1,1,2,1,0,0,1,1,0,0,18,12,18,36,19,0,0,0,0,0,1,2,0,280183,0,2009,99999,I-10,99999999999999999999,0000000,30.45751667,-88.47118333,1,1
28,149,4,21,21,21,1,1,0,0,6,4,0,35,0,1,5,1,2,45,2,2,2,1,0,0,2,1,0,0,88,88,88,88,88,88,0,0,0,0,1,3,0,280184,0,2009,0,HALLS FERRY RD,99999999999999999999,0000000,32.23360278,-90.79037222,1,1
28,33,4,22,19,6,2,2,0,0,5,3,0,12,4,1,1,1,2,55,1,1,2,1,0,0,1,1,0,0,19,22,19,40,20,11,0,0,0,0,1,4,0,280185,0,2009,99999,SR-304,99999999999999999999,0000000,34.86931389,-90.19569444,2,1
28,47,4,22,20,19,2,2,0,1,13,2,0,12,4,2,1,2,4,45,1,1,2,1,3,3,3,1,0,0,99,99,99,99,99,99,0,0,0,0,1,4,0,280186,1910,2009,99999,US-90,EMERALD,0000000,30.33036111,-89.19436111,2,1
28,91,3,13,23,55,1,1,0,0,4,3,0,37,0,1,5,1,2,55,1,1,2,2,0,0,2,2,0,0,0,1,1,36,2,1,0,0,0,0,1,6,0,280187,0,2009,99999,SR-586,99999999999999999999,0000000,31.2356,-89.92031667,1,2
28,49,4,23,14,29,1,1,0,1,11,1,0,30,0,1,5,2,4,50,1,1,2,1,0,0,1,1,0,0,88,88,88,88,88,88,0,0,0,0,1,5,0,280188,1220,2009,99999,I-55,99999999999999999999,0000000,32.27606667,-90.19298056,1,1
28,29,4,24,6,58,1,3,0,1,1,1,0,1,0,1,5,2,4,70,1,1,2,1,0,0,1,1,0,0,7,12,7,39,8,11,0,0,0,0,1,6,0,280189,0,2009,99999,I-55,99999999999999999999,0000000,31.93384444,-90.39881111,1,1
28,137,4,24,19,57,2,4,0,0,4,4,0,12,5,2,1,1,2,45,1,1,2,1,20,3,2,1,0,0,99,99,99,99,99,99,0,0,0,0,1,6,0,280190,0,2009,0,SYCAMORE RD,WALLHILL RD,0000000,34.71434722,-89.77596111,2,1
28,47,4,25,10,20,1,1,0,1,2,2,0,37,0,1,5,2,4,45,1,1,2,1,0,0,1,1,0,0,88,88,88,88,88,88,0,0,0,0,1,7,0,280191,0,2009,99999,US-90,99999999999999999999,0000000,30.39183056,-88.96818611,1,1
28,49,4,26,0,38,1,2,1,0,16,2,0,8,0,2,1,2,4,50,1,1,2,1,0,0,2,1,0,0,88,88,88,88,88,88,0,0,0,0,1,1,0,280192,1220,2009,0,US-80,VALLEY ST,0000000,32.28732222,-90.21509167,1,1
28,117,4,26,3,40,2,2,0,0,4,4,0,12,2,1,5,1,2,55,1,2,2,1,0,0,2,1,0,0,99,99,99,99,99,99,0,0,0,0,1,1,0,280193,0,2009,0,CO RD 3401,99999999999999999999,0000000,34.56948333,-88.38895833,2,1
28,5,4,26,5,50,1,1,0,0,4,4,0,42,0,1,5,1,2,45,2,1,2,1,0,0,1,1,0,0,88,88,88,88,88,88,0,0,0,0,1,1,0,280194,0,2009,0,GRAVES CHAPEL RD,99999999999999999999,0000000,31.22645278,-90.88879722,1,1
28,109,4,26,14,44,1,2,0,1,11,1,0,1,0,1,5,2,4,70,1,1,2,1,0,0,1,1,0,0,14,56,15,15,15,49,0,0,0,0,1,1,0,280195,0,2009,99999,I-59,99999999999999999999,0000000,30.5202,-89.66211667,1,1
28,35,4,26,21,20,1,2,1,1,11,1,0,8,0,1,1,2,4,70,1,1,2,1,0,0,3,1,0,0,88,88,88,88,88,88,0,0,0,0,1,1,0,280196,1050,2009,99999,I-59,99999999999999999999,0000000,31.32336111,-89.35232222,1,1
28,91,4,27,7,1,1,1,0,0,4,3,0,42,0,1,5,1,2,55,2,2,2,1,0,0,1,1,0,0,7,32,7,59,8,11,0,0,0,0,1,2,0,280197,0,2009,99999,SR-35,99999999999999999999,0000000,31.29021389,-89.83516111,1,1
28,151,4,27,13,16,2,5,0,1,13,2,0,12,3,2,1,2,4,45,1,1,2,1,20,3,1,1,0,0,13,42,13,59,99,99,0,0,0,0,1,2,0,280198,990,2009,99999,US-82,S BEAUCHAMP,0000000,33.381,-91.07013611,2,1
28,85,4,28,16,20,1,1,0,0,5,4,0,35,0,1,5,1,2,45,1,1,2,1,0,0,1,1,0,0,88,88,88,88,88,88,0,0,0,0,1,3,0,280199,0,2009,0,CADE LANE,99999999999999999999,0000000,31.61713611,-90.47189722,1,1
28,33,4,29,9,43,1,1,0,0,5,4,0,1,0,1,6,1,2,35,1,1,2,1,0,0,1,1,0,0,88,88,88,88,88,88,0,0,0,0,1,4,0,280200,0,2009,0,SLOCUM RD,99999999999999999999,0000000,34.77997222,-89.97783333,1,1
28,75,4,30,16,9,2,4,0,1,2,2,0,12,4,2,1,2,4,65,1,1,2,1,3,3,1,1,0,0,16,29,16,50,17,17,0,0,0,0,2,5,0,280201,0,2009,99999,US-45,MITCHUM,0000000,32.41244722,-88.641225,2,1
28,73,3,14,2,38,1,2,0,0,5,4,0,42,0,1,5,1,2,35,1,1,2,2,0,0,2,2,0,0,3,7,3,39,4,21,0,0,0,0,1,7,0,280202,0,2009,0,TALOWAH CUTOFF RD,99999999999999999999,0000000,31.07851944,-89.43128611,1,2
28,31,3,20,13,32,2,5,0,1,2,2,0,12,4,1,1,2,4,65,1,1,2,1,0,0,1,1,0,0,13,35,14,0,14,54,0,0,0,0,1,6,0,280203,520,2009,99999,US-49,99999999999999999999,0000000,31.62978056,-89.55333611,2,1
28,143,4,18,3,45,1,2,0,0,4,4,0,34,0,1,5,1,2,55,1,1,2,1,0,0,2,1,0,0,4,0,4,26,5,3,0,0,0,0,1,7,1,280204,0,2009,0,FOX ISLAND RD,99999999999999999999,0000000,34.69783611,-90.45314444,1,1
28,35,4,25,18,8,1,1,0,0,5,4,0,35,0,1,5,1,2,35,2,1,2,1,0,0,1,1,0,0,18,25,99,99,99,99,0,0,0,0,1,7,0,280205,0,2009,0,J B HORNE RD,99999999999999999999,0000000,31.0869,-89.24554722,1,1
28,159,5,1,10,16,2,2,0,0,16,6,0,12,5,2,1,1,2,30,1,1,2,1,20,3,1,1,0,0,99,99,99,99,99,99,0,0,0,0,1,6,0,280206,1410,2009,0,S CHURCH AVE,JOHN C STENNIS DR,0000000,33.11674167,-89.05530556,2,1
28,151,5,2,4,12,2,2,0,0,4,3,0,12,2,1,1,1,2,55,2,1,2,1,0,0,2,1,0,0,4,20,4,52,5,20,0,0,0,0,1,7,1,280207,0,2009,99999,SR-12,99999999999999999999,0000000,33.17233056,-91.04739167,2,1
28,53,5,2,11,28,1,2,1,0,16,6,0,9,0,2,1,1,2,25,1,1,2,1,20,3,1,1,0,0,11,30,11,40,99,99,0,0,0,0,1,7,0,280208,180,2009,0,CENTREL ST,FOURTH ST,0000000,33.18833056,-90.48814167,1,1
28,41,5,2,19,53,1,1,0,0,5,4,0,35,0,1,6,1,2,45,2,1,2,1,0,0,2,1,0,0,99,99,99,99,99,99,0,0,0,0,1,7,0,280209,0,2009,0,NEELY AVERA RD,99999999999999999999,0000000,31.21023333,-88.74820278,1,1
28,105,5,2,22,7,1,1,0,0,4,3,0,42,0,1,5,1,2,55,2,1,2,2,0,0,2,2,0,0,88,88,88,88,88,88,0,0,0,0,1,7,0,280210,0,2009,0,SR-389,99999999999999999999,0000000,33.48566667,-88.81611667,1,2
28,29,5,3,1,15,1,1,0,0,4,2,0,42,0,1,5,1,2,55,1,1,2,1,0,0,2,1,0,0,88,88,88,88,88,88,0,0,0,0,1,1,0,280211,0,2009,99999,US-51,99999999999999999999,0000000,31.94568056,-90.38409167,1,1
28,49,5,3,11,56,3,9,0,1,11,1,0,12,2,1,1,2,4,60,1,1,2,2,0,0,1,2,0,0,12,1,12,26,12,59,0,0,0,0,2,1,0,280212,1220,2009,99999,I-55,99999999999999999999,0000000,32.33392222,-90.16247778,3,2
28,109,5,4,5,45,2,4,0,0,4,2,0,12,2,1,1,1,2,35,2,2,2,2,0,0,4,2,0,0,6,12,6,30,6,46,0,0,0,0,1,2,0,280213,0,2009,99999,US-11,99999999999999999999,0000000,30.54910556,-89.66809167,2,2
28,35,5,4,10,2,1,1,0,0,16,6,0,42,0,2,5,2,4,45,1,1,2,2,0,0,1,2,0,0,10,10,10,26,99,99,0,0,0,0,1,2,0,280214,1050,2009,99999,59N,SR-11,0000000,31.26045833,-89.33728056,1,2
28,49,5,4,12,2,1,2,0,0,16,6,0,42,0,1,5,1,2,35,1,1,2,1,0,0,1,1,0,0,12,9,12,30,13,0,0,0,0,0,2,2,0,280215,1220,2009,0,BELVEDERE DR,99999999999999999999,0000000,32.26978056,-90.2273,1,1
28,137,5,5,13,14,1,1,0,0,4,3,0,35,0,1,5,1,2,55,1,1,2,1,0,0,1,1,0,0,88,88,88,88,88,88,0,0,0,0,1,3,0,280216,0,2009,0,SR-4,99999999999999999999,0000000,34.62639167,-90.21582222,1,1
28,69,5,6,3,36,2,2,0,1,2,2,0,12,4,2,1,2,4,65,1,1,2,1,20,3,2,1,0,0,4,20,4,59,5,39,0,0,0,0,1,4,0,280217,0,2009,99999,US-45,WAHALAK RD,0000000,32.91156667,-88.51680278,2,1
28,151,5,6,5,46,2,2,0,1,2,2,0,12,4,2,1,2,4,55,1,1,2,2,0,0,2,2,0,0,6,0,6,36,7,3,0,0,0,0,1,4,0,280218,0,2009,99999,US-82,WILCOX RD,0000000,33.32633333,-91.11206667,2,2
28,35,5,6,10,48,1,2,0,1,2,2,0,37,0,2,5,2,4,65,1,1,2,1,0,0,1,1,0,0,10,58,11,13,11,36,0,0,0,0,1,4,0,280219,1050,2009,99999,US-49,NORTH GATE,0000000,31.35913333,-89.34901667,1,1
28,93,5,6,22,11,1,1,0,0,4,2,0,1,0,1,6,2,4,70,1,2,2,1,0,0,2,1,0,0,88,88,88,88,88,88,0,0,0,0,1,4,0,280220,0,2009,99999,US-78,99999999999999999999,0000000,34.74083611,-89.44441667,1,1
28,41,5,8,14,36,1,2,0,1,2,2,0,1,0,1,5,2,4,65,1,1,2,1,0,0,1,1,0,0,88,88,88,88,88,88,0,0,0,0,2,6,0,280221,0,2009,99999,US-98,99999999999999999999,0000000,31.10687222,-88.78623611,1,1