STATE,COUNTY,MONTH,DAY,HOUR,MINUTE,VE_TOTAL,PERSONS,PEDS,NHS,ROAD_FNC,ROUTE,SP_JUR,HARM_EV,MAN_COLL,REL_JUNC,REL_ROAD,TRAF_FLO,NO_LANES,SP_LIMIT,ALIGNMNT,PROFILE,PAVE_TYP,SUR_COND,TRA_CONT,T_CONT_F,LGT_COND,WEATHER1,WEATHER2,WRK_ZONE,NOT_HOUR,NOT_MIN,ARR_HOUR,ARR_MIN,HOSP_HR,HOSP_MN,SCH_BUS,CF1,CF2,CF3,FATALS,DAY_WEEK,DRUNK_DR,ST_CASE,CITY,YEAR,MILEPT,TWAY_ID,TWAY_ID2,RAIL,LATITUDE,LONGITUD,VE_FORMS,WEATHER
28,59,5,11,0,53,1,2,1,0,16,6,0,8,0,2,1,2,4,55,1,1,2,1,3,3,3,1,0,0,1,12,1,36,2,0,0,0,0,0,1,2,0,280222,1900,2009,0,DENNY AVE,CHICOT,0000000,30.37931667,-88.52534167,1,1
28,29,5,11,16,52,1,1,0,0,13,4,0,1,0,1,5,1,2,45,1,1,2,1,0,0,1,1,0,0,88,88,88,88,88,88,0,0,0,0,1,2,0,280223,0,2009,0,TYSON RD,99999999999999999999,0000000,31.78297778,-90.49528611,1,1
28,109,5,11,21,45,1,3,0,0,4,3,0,1,0,1,5,1,2,55,1,1,2,1,0,0,2,1,0,0,22,0,22,36,22,50,0,0,0,0,1,2,1,280224,0,2009,99999,SR-43,99999999999999999999,0000000,30.85780556,-89.74525556,1,1
28,49,5,12,0,41,1,3,0,0,16,6,0,32,0,2,6,1,2,35,1,1,2,1,20,3,3,1,0,0,0,50,1,13,99,99,0,0,0,0,1,3,0,280225,1220,2009,0,FOREST AVE,LOCKSLEY AVE,0000000,32.36809167,-90.183625,1,1
28,3,5,13,4,55,1,3,0,0,16,6,0,31,0,1,5,1,2,35,1,1,2,1,0,0,3,1,0,0,4,57,5,13,5,36,0,0,0,0,2,4,0,280226,560,2009,0,LINDEN ST,99999999999999999999,0000000,34.93841944,-88.52326111,1,1
28,35,5,13,23,56,1,2,1,1,13,2,0,8,0,2,1,2,4,45,1,1,2,1,0,0,2,1,0,0,0,7,0,36,1,0,0,0,0,0,1,4,0,280227,1050,2009,99999,US-49,SIMS RD,0000000,31.34498611,-89.33059444,1,1
28,67,5,14,14,58,2,4,0,0,4,2,0,12,2,1,1,1,2,55,1,1,2,1,0,0,1,1,0,0,15,18,15,36,15,59,0,0,0,0,1,5,0,280228,0,2009,99999,US-11,99999999999999999999,0000000,31.51445833,-89.28108333,2,1
28,73,5,16,7,9,1,1,0,0,4,4,0,42,0,1,5,1,2,45,2,2,2,1,0,0,4,1,0,0,88,88,88,88,88,88,0,0,0,0,1,7,0,280229,0,2009,0,DEAVERS RD,99999999999999999999,0000000,31.09333889,-89.36559444,1,1
28,157,5,16,21,29,1,1,0,1,2,2,0,1,0,1,5,1,2,65,2,1,2,1,0,0,2,1,0,0,88,88,88,88,88,88,0,0,0,0,1,7,0,280230,0,2009,99999,US-61,99999999999999999999,0000000,31.08476667,-91.304025,1,1
28,161,5,17,2,39,1,2,0,1,1,1,0,18,0,1,5,2,4,70,1,1,2,2,0,0,2,2,0,0,2,52,99,99,99,99,0,0,0,0,2,1,1,280231,0,2009,99999,I-55,99999999999999999999,0000000,34.00293611,-89.87254167,1,2
28,49,5,17,22,20,1,1,0,0,16,6,0,21,0,1,5,1,2,50,2,1,2,1,0,0,2,1,0,0,22,36,99,99,99,99,0,0,0,0,1,1,0,280232,0,2009,0,SPRINGRIDGE RD,99999999999999999999,0000000,32.29357222,-90.32970833,1,1
28,153,5,18,3,30,1,1,0,1,13,2,0,1,0,1,5,2,4,65,1,2,2,1,0,0,2,1,0,0,3,46,3,58,99,99,0,0,0,0,1,2,1,280233,0,2009,99999,US-45,99999999999999999999,0000000,31.64494167,-88.59422222,1,1
28,75,5,20,16,56,1,2,0,0,4,4,0,42,0,1,5,1,2,45,1,1,2,1,0,0,1,1,0,0,17,4,17,36,17,50,0,0,0,0,1,4,0,280234,0,2009,0,VALLEY RD,99999999999999999999,0000000,32.39184722,-88.67846389,1,1
28,35,5,21,2,5,2,4,0,1,13,2,0,12,5,2,1,2,4,45,1,1,2,1,3,3,3,1,0,0,99,99,99,99,99,99,0,0,0,0,1,5,2,280235,1050,2009,99999,US-49,SR-42,0000000,31.35675278,-89.34652778,2,1
28,21,5,21,9,6,1,1,0,0,13,3,0,42,0,1,6,1,2,55,1,2,2,1,0,0,1,1,0,0,88,88,88,88,88,88,0,0,0,0,1,5,0,280236,0,2009,99999,SR-18,99999999999999999999,0000000,31.96556111,-90.96233333,1,1
28,85,5,21,11,53,1,2,0,0,5,4,0,42,0,1,5,1,2,45,2,1,2,1,0,0,1,1,0,0,12,15,12,36,13,0,0,0,0,0,1,5,0,280237,0,2009,0,BOUIE MILL RD,99999999999999999999,0000000,31.63708611,-90.645575,1,1
28,81,5,23,10,27,1,2,0,0,4,4,0,37,0,1,5,1,2,0,2,2,2,1,0,0,1,1,0,0,88,88,88,88,88,88,0,0,0,0,1,7,1,280238,0,2009,0,CO RD 2442,99999999999999999999,0000000,34.23798889,-88.65185833,1,1
28,59,5,24,3,42,2,4,0,0,16,2,0,12,4,2,1,2,4,55,1,1,2,2,3,3,3,2,0,0,3,59,99,99,99,99,0,0,0,0,2,1,0,280239,1900,2009,0,US-90,CHICOT ST,0000000,30.379225,-88.52532222,2,2
28,81,5,24,19,33,2,4,0,0,6,4,0,12,2,1,1,1,2,45,1,1,2,2,0,0,5,2,0,0,19,38,19,58,20,26,0,0,0,0,1,1,0,280240,0,2009,0,EASON BLVD,99999999999999999999,0000000,34.23568333,-88.70048056,2,2
28,49,5,24,21,14,1,2,1,0,16,6,0,8,0,1,1,1,2,35,1,1,2,1,0,0,3,1,0,0,88,88,88,88,88,88,0,0,0,0,1,1,0,280241,1220,2009,0,RAYMOND RD,99999999999999999999,0000000,32.28296111,-90.21466389,1,1
28,31,5,25,18,23,1,5,0,1,2,2,0,37,0,1,5,2,4,65,1,1,2,1,0,0,1,1,0,0,18,41,19,0,99,99,0,0,0,0,2,2,0,280242,0,2009,99999,US-49,99999999999999999999,0000000,31.55491389,-89.50741667,1,1
28,35,4,15,8,19,2,2,0,0,5,4,0,12,1,1,1,1,2,30,1,2,2,1,0,0,1,1,0,0,8,30,8,52,99,99,0,0,0,0,1,4,0,280243,0,2009,0,GLENDALE AVE,99999999999999999999,0000000,31.35297778,-89.30477222,2,1
28,109,5,8,23,36,1,2,0,1,11,1,0,42,0,1,5,2,4,70,1,1,2,1,0,0,2,1,0,0,23,48,1,0,1,9,0,0,0,0,1,6,0,280244,0,2009,99999,I-59,99999999999999999999,0000000,30.55815833,-89.64148611,1,1
28,127,5,26,16,13,1,1,0,0,5,4,0,42,0,1,5,1,2,45,1,2,2,1,0,0,1,1,0,0,88,88,88,88,88,88,0,0,0,0,1,3,0,280245,0,2009,0,RODNEY SULLIVAN RD,99999999999999999999,0000000,31.78288611,-89.68073056,1,1
28,67,5,28,20,18,1,1,0,0,16,6,0,24,0,1,5,1,2,45,1,2,2,1,0,0,2,1,0,0,88,88,88,88,88,88,0,0,0,0,1,5,0,280246,1310,2009,0,ELLISVILLE RD,99999999999999999999,0000000,31.67153611,-89.14555556,1,1
28,35,5,28,13,21,2,4,0,0,16,6,0,12,4,2,1,2,4,50,1,1,2,1,3,3,1,1,0,0,13,23,13,50,14,22,0,0,0,0,1,5,0,280247,1050,2009,99999,49,J M TATUM,0000000,31.28368611,-89.29567222,2,1
28,81,5,29,17,58,1,1,0,0,5,3,0,34,0,1,5,1,2,55,2,2,2,1,0,0,1,1,0,0,88,88,88,88,88,88,0,0,0,0,1,6,0,280248,0,2009,99999,SR-370,99999999999999999999,0000000,34.19391389,-88.64233056,1,1
28,51,5,30,6,0,1,1,0,0,16,6,0,42,0,2,5,1,2,20,1,1,2,1,0,0,4,1,0,0,88,88,88,88,88,88,0,0,0,0,1,7,0,280249,1360,2009,0,WESTWOOD AVE,WOOD,0000000,33.11178056,-90.065575,1,1
28,3,5,30,17,2,2,4,0,1,2,2,0,12,4,2,1,2,4,65,1,1,2,1,0,0,1,1,0,0,17,17,17,36,17,49,0,0,0,0,1,7,0,280250,0,2009,99999,US-72,746,0000000,34.86228889,-88.40940833,2,1
28,11,5,31,12,22,2,3,0,1,2,2,0,12,1,1,1,2,4,65,1,1,2,1,0,0,1,1,0,0,88,88,88,88,88,88,0,0,0,0,1,1,1,280251,0,2009,99999,US-61,99999999999999999999,0000000,34.06417778,-90.72578333,2,1
28,51,5,2,7,59,1,1,0,1,11,1,0,24,0,1,5,2,4,70,1,1,2,1,0,0,1,1,0,0,88,88,88,88,88,88,0,0,0,0,1,7,0,280252,0,2009,99999,I-55,99999999999999999999,0000000,33.07874167,-89.89820556,1,1
28,97,5,11,8,49,2,3,0,0,4,2,0,12,2,1,1,2,4,55,1,1,2,2,0,0,1,2,0,0,8,55,9,14,9,36,0,0,0,0,2,2,0,280253,0,2009,99999,US-51,99999999999999999999,0000000,33.44433333,-89.74928889,2,2
28,85,5,12,13,1,2,6,0,1,2,2,0,12,4,2,1,2,4,65,1,1,2,1,20,3,1,1,0,0,13,26,13,42,14,0,0,0,0,0,1,3,0,280254,0,2009,99999,US-84,JACKSON LIBERTY RD,0000000,31.54569722,-90.42275833,2,1
28,83,5,15,22,19,2,2,0,1,2,2,0,12,1,1,1,2,4,65,1,1,2,1,0,0,2,1,0,0,22,32,22,49,23,0,0,0,0,0,1,6,0,280255,0,2009,99999,US-82,99999999999999999999,0000000,33.52740833,-90.30572778,2,1
28,149,5,17,1,44,1,1,0,1,2,2,0,35,0,1,5,2,4,45,1,1,2,2,0,0,2,2,0,0,88,88,88,88,88,88,0,0,0,0,1,1,0,280256,0,2009,99999,US-61,99999999999999999999,0000000,32.3792,-90.82732222,1,2
28,5,5,21,21,50,1,1,0,0,4,3,0,42,0,1,5,1,2,55,2,1,2,1,0,0,2,1,0,0,99,99,99,99,99,99,0,0,0,0,1,5,1,280257,0,2009,99999,SR-568,99999999999999999999,0000000,31.04094722,-90.64870833,1,1
28,75,5,23,19,46,3,6,0,1,1,1,0,12,8,1,1,2,4,70,1,1,2,2,0,0,1,2,0,0,20,0,20,32,20,49,0,0,0,0,1,7,0,280258,0,2009,99999,I-20,99999999999999999999,0000000,32.37860278,-88.65498889,3,2
28,43,5,26,0,24,1,1,0,0,3,3,0,42,0,1,5,1,2,55,1,3,2,1,0,0,2,1,0,0,88,88,88,88,88,88,0,0,0,0,1,3,1,280259,0,2009,99999,SR-8,99999999999999999999,0000000,33.77889722,-89.75121944,1,1
28,99,5,29,12,59,2,2,0,0,4,3,0,12,2,1,1,1,2,55,1,1,2,1,0,0,1,1,0,0,13,22,13,49,14,10,0,0,0,0,1,6,0,280260,0,2009,99999,SR-19,99999999999999999999,0000000,32.8056,-89.13027778,2,1
28,101,5,28,16,40,1,1,0,1,1,1,0,24,0,1,6,2,4,70,1,1,2,1,0,0,1,1,0,0,88,88,88,88,88,88,0,0,0,0,1,5,0,280261,0,2009,99999,I-20,99999999999999999999,0000000,32.33972222,-89.12624444,1,1
28,147,6,1,1,24,1,1,0,1,2,2,0,35,0,1,6,2,4,65,1,1,2,1,0,0,2,1,0,0,88,88,88,88,88,88,0,0,0,0,1,2,1,280262,0,2009,99999,US-98,99999999999999999999,0000000,31.15235,-90.07115278,1,1
28,47,6,1,11,25,1,1,0,1,11,1,0,42,0,1,5,2,4,60,1,1,2,1,0,0,1,1,0,0,88,88,88,88,88,88,0,0,0,0,1,2,0,280263,1020,2009,99999,I-10,99999999999999999999,0000000,30.44393889,-89.034275,1,1
28,81,6,2,12,26,2,3,0,0,4,3,0,12,4,2,1,1,2,55,1,1,2,1,20,3,1,1,0,0,13,0,13,21,14,0,0,0,0,0,1,3,0,280264,0,2009,99999,SR-370,CO RD,0000000,34.48016944,-88.58598333,2,1
28,107,6,3,7,9,1,1,0,0,4,3,0,18,0,1,5,1,2,40,1,1,2,1,0,0,1,1,0,0,7,16,7,30,7,45,0,0,0,0,1,4,0,280265,0,2009,99999,SR-315,99999999999999999999,0000000,34.39129444,-89.78340556,1,1
28,101,6,4,0,15,1,4,0,1,11,1,0,1,0,1,5,2,4,70,1,1,2,1,0,0,2,1,0,0,0,49,1,12,1,40,0,0,0,0,1,5,0,280266,0,2009,99999,I-20,99999999999999999999,0000000,32.343475,-88.94816667,1,1
28,151,6,7,2,40,2,4,0,0,16,6,0,12,4,2,1,2,4,35,1,1,2,1,20,3,2,1,0,0,2,53,3,36,3,59,0,0,0,0,1,1,0,280267,990,2009,0,ROAD 1,RAILROAD,0000000,33.41338889,-91.03768333,2,1
28,101,6,7,7,56,1,1,0,0,4,3,0,35,0,1,5,1,2,55,2,2,2,1,0,0,1,1,0,0,8,11,8,36,9,10,0,0,0,0,1,1,0,280268,0,2009,99999,SR-489,99999999999999999999,0000000,32.45142222,-89.27477222,1,1
28,45,6,7,21,32,1,3,1,0,14,3,0,9,0,1,1,1,2,55,1,1,2,1,0,0,2,1,0,0,88,88,88,88,88,88,0,0,0,0,1,1,0,280269,0,2009,99999,SR-43,99999999999999999999,0000000,30.34850833,-89.42416111,1,1
28,31,3,16,20,12,1,2,1,0,6,4,0,8,0,1,1,1,2,0,1,2,2,1,0,0,2,1,0,0,99,99,99,99,99,99,0,0,0,0,1,2,0,280270,0,2009,0,EVERGREEN CHRUCH RD,99999999999999999999,0000000,31.59293889,-89.5051,1,1
28,107,3,18,1,0,1,1,0,0,4,4,0,42,0,1,5,1,2,0,2,2,2,1,0,0,2,1,0,0,88,88,88,88,88,88,0,0,0,0,1,4,0,280271,0,2009,0,UNION RD,99999999999999999999,0000000,34.46311667,-89.81430556,1,1
28,73,4,8,8,28,1,3,0,0,4,4,0,42,0,1,5,1,2,50,1,1,2,1,0,0,1,1,0,0,8,31,8,50,9,30,0,0,0,0,2,4,0,280272,0,2009,0,OLD HWY 24,99999999999999999999,0000000,31.27756111,-89.47785,1,1
28,51,5,2,23,10,1,2,0,0,5,4,0,42,0,2,5,1,2,0,1,1,2,2,20,3,2,2,0,0,88,88,88,88,88,88,0,0,0,0,2,7,0,280273,0,2009,0,HOLLY GROVE MEEKS RD,SR-12,0000000,33.30804444,-90.09679444,1,2
28,101,6,8,13,32,1,3,0,1,1,1,0,42,0,1,6,2,4,70,1,1,2,1,0,0,1,1,0,0,13,59,14,16,14,49,0,0,0,0,2,2,0,280274,0,2009,99999,I-20,99999999999999999999,0000000,32.343675,-89.03554167,1,1
28,99,6,10,4,31,1,3,0,0,16,6,0,35,0,1,5,1,2,35,1,1,2,1,0,0,3,1,0,0,4,33,5,0,5,13,0,0,0,0,2,4,0,280275,1940,2009,0,WILLIAMSVILLE RD,99999999999999999999,0000000,32.77175833,-89.12458056,1,1
28,59,6,10,18,23,3,3,0,0,16,6,0,12,1,2,1,1,2,35,1,1,2,1,0,0,1,1,0,0,18,45,19,0,19,22,0,0,0,0,1,4,0,280276,932,2009,0,MARTIN BLUFF RD,HAMPSTEAD,0000000,30.42108056,-88.63805,3,1
28,33,6,11,19,7,1,1,0,0,16,6,0,21,0,1,5,2,4,45,1,1,2,1,0,0,1,1,0,0,19,8,19,36,19,42,0,0,0,0,1,5,0,280277,1145,2009,0,INTERSTATE BLVD,99999999999999999999,0000000,34.95066111,-90.00609444,1,1
28,35,6,13,2,0,1,1,0,0,4,3,0,34,0,1,5,2,4,55,1,1,2,1,0,0,2,1,0,0,88,88,88,88,88,88,0,0,0,0,1,7,1,280278,0,2009,99999,SR-42,99999999999999999999,0000000,31.35678889,-89.34674167,1,1
28,57,6,13,15,43,1,1,0,0,5,4,0,42,0,1,6,1,2,55,2,1,2,1,0,0,1,1,0,0,88,88,88,88,88,88,0,0,0,0,1,7,0,280279,0,2009,0,CO RD,99999999999999999999,0000000,34.29976111,-88.36142778,1,1
28,83,6,13,16,33,2,3,0,0,4,4,0,12,2,1,1,1,2,45,1,1,2,1,0,0,1,1,0,0,88,88,88,88,88,88,0,0,0,0,1,7,0,280280,0,2009,0,CO RD 518,99999999999999999999,0000000,33.59803611,-90.30075,2,1
28,35,6,13,22,3,1,1,0,0,16,6,0,21,0,1,5,1,2,30,1,1,2,1,0,0,3,1,0,0,22,10,22,36,22,50,0,0,0,0,1,7,0,280281,1050,2009,0,HUTCHINSON AVE,99999999999999999999,0000000,31.32895,-89.31001667,1,1
28,99,6,14,15,45,2,4,0,0,5,3,0,12,2,1,1,1,2,55,2,2,2,1,0,0,1,1,0,0,16,0,16,21,16,48,0,0,0,0,1,1,0,280282,0,2009,99999,SR-15,99999999999999999999,0000000,32.73039722,-89.15609167,2,1
28,65,6,14,18,6,2,3,0,1,2,2,0,12,4,2,1,2,4,45,1,1,2,1,20,3,1,1,0,0,18,22,18,36,19,20,0,0,0,0,2,1,0,280283,0,2009,99999,US-84,LUCAS WARNER RD,0000000,31.58804167,-89.959725,2,1
28,77,6,18,15,8,2,2,0,0,4,2,0,12,4,2,1,2,4,65,1,1,2,1,20,3,1,1,0,0,15,20,15,42,16,0,0,0,0,0,1,5,0,280284,0,2009,99999,US-84,FERGUSON RD,0000000,31.58778611,-89.93764444,2,1
28,107,6,19,5,22,1,1,0,1,1,1,0,1,0,1,6,2,4,70,1,1,2,1,0,0,4,1,0,0,88,88,88,88,88,88,0,0,0,0,1,6,0,280285,0,2009,99999,I-55,99999999999999999999,0000000,34.51144444,-89.92260278,1,1
28,75,6,19,20,52,1,1,0,0,16,6,0,23,0,1,2,2,4,55,1,1,2,1,0,0,1,1,0,0,88,88,88,88,88,88,0,0,0,0,1,6,0,280286,1590,2009,0,19,99999999999999999999,0000000,32.3682,-88.63336111,1,1
28,89,6,20,17,40,1,1,0,0,5,4,0,1,0,1,5,1,2,45,1,2,2,1,0,0,1,1,0,0,88,88,88,88,88,88,0,0,0,0,1,7,0,280287,0,2009,0,COX FERRY RD,99999999999999999999,0000000,32.55321667,-90.36194722,1,1
28,37,6,20,23,32,1,2,0,1,2,2,0,37,0,1,5,2,4,65,2,2,2,1,0,0,2,1,0,0,23,50,0,16,0,40,0,0,0,0,1,7,0,280288,0,2009,99999,US-84,99999999999999999999,0000000,31.46188889,-90.89223056,1,1
28,137,3,5,12,57,3,4,0,0,16,6,0,12,5,4,1,1,2,45,1,1,2,1,0,0,1,1,0,0,99,99,99,99,99,99,0,0,0,0,1,5,0,280289,2290,2009,0,WILSON DR,99999999999999999999,0000000,34.618825,-89.99019444,3,1
28,117,4,12,9,23,1,2,0,0,5,4,0,42,0,1,5,1,2,55,2,2,2,1,0,0,1,1,0,0,99,99,99,99,99,99,0,0,0,0,1,1,0,280290,0,2009,0,CO RD 7200,99999999999999999999,0000000,34.6839,-88.68576111,1,1
28,51,6,21,3,30,1,2,1,0,2,3,0,8,0,1,1,1,2,55,1,1,2,1,0,0,2,1,0,0,88,88,88,88,88,88,0,0,0,0,1,1,0,280291,0,2009,99999,SR-17,99999999999999999999,0000000,33.02564722,-89.99793889,1,1
28,75,6,21,22,21,1,2,1,0,6,4,0,8,0,1,1,1,2,45,1,1,2,1,0,0,2,1,0,0,99,99,99,99,99,99,0,0,0,0,1,1,0,280292,0,2009,0,MARION LIZELIA RD,99999999999999999999,0000000,32.42612222,-88.60821111,1,1
28,99,6,22,16,55,2,2,0,0,5,3,0,12,2,1,1,1,2,45,2,2,2,1,0,0,1,1,0,0,17,17,17,36,18,0,0,0,0,0,1,2,0,280293,0,2009,99999,SR-21,99999999999999999999,0000000,32.67268889,-89.216,2,1
28,59,6,23,5,18,1,1,0,0,5,4,0,32,0,1,5,1,2,45,1,1,2,1,0,0,4,1,0,0,88,88,88,88,88,88,0,0,0,0,1,3,0,280294,0,2009,0,FORTS LAKE RD,99999999999999999999,0000000,30.50407778,-88.41530833,1,1
28,61,6,24,11,11,1,3,0,1,1,1,0,42,0,1,5,2,4,70,1,1,2,1,0,0,1,1,0,0,11,36,11,50,12,20,0,0,0,0,1,4,0,280295,0,2009,99999,I-59,99999999999999999999,0000000,31.90364722,-89.02256111,1,1
28,157,6,25,6,56,1,1,0,0,4,4,0,42,0,1,6,1,2,45,1,1,2,1,0,0,1,1,0,0,88,88,88,88,88,88,0,0,0,0,1,5,1,280296,0,2009,0,GAULDEN CLINTON RD,99999999999999999999,0000000,31.06146389,-91.06988056,1,1
28,33,6,25,6,57,1,2,1,0,4,2,0,8,0,1,1,2,4,45,1,1,2,1,0,0,1,1,0,0,88,88,88,88,88,88,0,0,0,0,1,5,0,280297,0,2009,99999,US-51,99999999999999999999,0000000,34.95941944,-90.01637222,1,1
28,23,6,25,14,50,2,5,0,1,2,2,0,12,4,2,1,2,4,40,1,1,2,1,20,3,1,1,0,0,99,99,99,99,99,99,0,0,0,0,1,5,0,280298,0,2009,99999,US-45,SR 212,0000000,31.85496111,-88.71983611,2,1
28,47,6,26,20,20,2,2,0,0,5,4,0,12,2,1,1,1,2,30,1,1,2,1,0,0,1,1,0,0,20,36,20,40,99,99,0,0,0,0,1,6,0,280299,0,2009,0,N SWAN RD,99999999999999999999,0000000,30.48988056,-89.07835,2,1
28,133,6,26,23,39,2,2,0,1,2,2,0,12,8,1,1,1,2,55,1,1,2,1,0,0,2,1,0,0,88,88,88,88,88,88,0,0,0,0,1,6,0,280300,0,2009,99999,US-49,99999999999999999999,0000000,33.47519722,-90.61304444,2,1
28,89,6,28,7,48,1,2,0,0,15,3,0,34,0,1,6,1,2,55,1,1,2,1,0,0,1,1,0,0,8,11,8,36,8,50,0,0,0,0,1,1,0,280301,0,2009,99999,SR-16,99999999999999999999,0000000,32.65700833,-89.84808056,1,1
28,113,6,29,3,46,1,2,0,0,4,2,0,35,0,1,5,1,2,55,1,1,2,1,0,0,2,1,0,0,4,0,4,16,4,36,0,0,0,0,2,2,1,280302,0,2009,99999,US-51,99999999999999999999,0000000,31.025725,-90.4731,1,1
28,43,6,29,13,39,1,1,0,0,5,2,0,42,0,1,5,1,2,55,1,1,2,1,0,0,1,1,0,0,88,88,88,88,88,88,0,0,0,0,1,2,0,280303,0,2009,99999,US-51,99999999999999999999,0000000,33.82878611,-89.84567778,1,1
28,151,6,29,22,19,1,2,0,0,4,3,0,1,0,1,6,1,2,55,2,1,2,1,0,0,2,1,0,0,88,88,88,88,88,88,0,0,0,0,1,2,0,280304,0,2009,99999,SR-436,99999999999999999999,0000000,33.03608333,-90.99198889,1,1
28,19,6,29,22,42,1,1,0,0,4,3,0,18,0,2,2,1,2,55,2,2,2,1,0,0,2,1,0,0,99,99,99,99,99,99,0,0,0,0,1,2,0,280305,0,2009,99999,SR-9,PERRY RD,0000000,33.38024722,-89.20225833,1,1
28,107,6,30,12,3,1,1,0,0,5,4,0,1,0,1,6,1,2,45,1,1,2,1,0,0,1,1,0,0,88,88,88,88,88,88,0,0,0,0,1,3,0,280306,0,2009,0,OLD PANOLA RD,99999999999999999999,0000000,34.35144444,-89.96811389,1,1
28,33,5,16,6,28,4,7,0,1,11,1,0,12,8,1,1,2,4,70,1,1,2,1,0,0,1,1,0,0,6,30,6,41,7,22,0,0,0,0,1,7,0,280307,2422,2009,99999,I-55,99999999999999999999,0000000,34.96174167,-89.99926944,4,1
28,3,6,13,1,18,1,1,0,0,4,4,0,42,0,1,6,1,2,45,1,1,2,1,0,0,2,1,0,0,88,88,88,88,88,88,0,0,0,0,1,7,0,280308,0,2009,0,CO RD 750,99999999999999999999,0000000,34.94638889,-88.67425833,1,1
28,5,6,19,11,36,1,2,1,0,5,4,0,8,0,1,1,1,2,45,2,1,2,1,0,0,1,1,0,0,88,88,88,88,88,88,0,0,0,0,1,6,0,280309,0,2009,0,THOMPSON RD,99999999999999999999,0000000,31.25666944,-90.64195,1,1
28,127,6,20,10,12,2,2,0,0,5,4,0,12,2,1,6,1,2,50,2,1,2,1,0,0,1,1,0,0,99,99,99,99,99,99,0,0,0,0,1,7,0,280310,0,2009,0,DRY CREEK RD,99999999999999999999,0000000,31.91521389,-89.69079444,2,1
28,127,6,23,20,53,2,5,0,0,16,2,0,12,1,2,1,2,4,45,1,1,2,1,0,0,3,1,0,0,21,11,21,36,88,88,0,0,0,0,4,3,0,280311,1510,2009,99999,US-49,11TH AVE SOUTHWEST,0000000,31.86930278,-89.74478333,2,1
28,83,6,6,17,10,2,2,0,0,5,4,0,12,4,4,1,1,2,35,1,1,2,1,0,0,1,1,0,0,17,26,17,39,99,99,0,0,0,0,1,7,0,280312,0,2009,0,CO RD 552,99999999999999999999,0000000,33.45314167,-90.23036944,2,1
28,1,6,17,99,99,1,1,0,0,4,4,0,35,0,1,6,1,2,0,1,1,2,1,0,0,9,1,0,0,88,88,88,88,88,88,0,0,0,0,1,4,0,280313,0,2009,0,N PALESTINE RD,99999999999999999999,0000000,31.52975,-91.2848,1,1
28,59,6,25,19,26,1,2,0,1,1,1,0,37,0,1,6,2,4,70,1,1,2,1,0,0,1,1,0,0,19,37,19,50,20,11,0,0,0,0,1,5,0,280314,0,2009,99999,I-10,99999999999999999999,0000000,30.45289167,-88.5032,1,1
28,3,7,3,9,27,1,1,0,0,4,2,0,1,0,1,6,2,4,65,2,1,2,1,0,0,1,1,0,0,9,46,10,0,88,88,0,0,0,0,1,6,0,280315,0,2009,99999,US-72,99999999999999999999,0000000,34.93117222,-88.71397778,1,1
28,45,7,5,3,58,1,3,0,0,4,4,0,1,0,1,6,1,2,50,1,1,2,1,0,0,2,1,0,0,99,99,99,99,99,99,0,0,0,0,1,1,1,280316,0,2009,0,TEXAS FLAT RD,99999999999999999999,0000000,30.38805556,-89.62440556,1,1
28,93,7,5,5,14,1,3,0,0,4,2,0,42,0,1,6,2,4,70,1,2,2,2,0,0,4,2,0,0,6,0,6,8,6,49,0,0,0,0,1,1,0,280317,0,2009,99999,US-78,99999999999999999999,0000000,34.68365278,-89.37339444,1,2
28,151,7,5,15,41,1,1,0,0,4,3,0,1,0,1,6,1,2,55,1,1,2,1,0,0,1,1,0,0,99,99,99,99,99,99,0,0,0,0,1,1,0,280318,0,2009,99999,SR-438,99999999999999999999,0000000,33.270125,-90.86079722,1,1
28,47,7,7,8,58,2,2,0,1,2,2,0,12,4,2,1,2,4,65,1,1,2,2,20,3,1,2,0,0,88,88,88,88,88,88,0,0,0,0,1,3,1,280319,0,2009,99999,US-49,E WORTHAM RD,0000000,30.56251111,-89.12269167,2,2
28,47,7,8,5,23,1,2,0,0,5,4,0,34,0,1,6,1,2,35,2,1,2,1,0,0,4,1,0,0,5,39,5,50,6,11,0,0,0,0,1,4,0,280320,0,2009,0,SHAW RD,99999999999999999999,0000000,30.54285833,-89.16971667,1,1
28,47,7,10,4,43,2,2,0,0,16,6,0,12,2,2,1,1,2,35,1,1,2,1,20,3,3,1,0,0,5,10,5,22,5,58,0,0,0,0,1,6,1,280321,1020,2009,0,28TH ST,57TH AVE,0000000,30.38394444,-89.1293,2,1
28,101,7,12,6,5,1,6,0,1,1,1,0,1,0,1,6,2,4,70,1,1,2,1,0,0,1,1,0,0,6,28,6,36,7,0,0,0,0,0,1,1,0,280322,0,2009,99999,I-20,99999999999999999999,0000000,32.343675,-89.0361,1,1
28,75,7,12,10,23,1,3,0,1,1,1,0,1,0,1,6,2,4,70,1,2,2,1,0,0,1,1,0,0,11,17,12,0,12,38,0,0,0,0,2,1,0,280323,0,2009,99999,I-20,99999999999999999999,0000000,32.34325833,-88.78431667,1,1