STATE,COUNTY,MONTH,DAY,HOUR,MINUTE,VE_TOTAL,PERSONS,PEDS,NHS,ROAD_FNC,ROUTE,SP_JUR,HARM_EV,MAN_COLL,REL_JUNC,REL_ROAD,TRAF_FLO,NO_LANES,SP_LIMIT,ALIGNMNT,PROFILE,PAVE_TYP,SUR_COND,TRA_CONT,T_CONT_F,LGT_COND,WEATHER1,WEATHER2,WRK_ZONE,NOT_HOUR,NOT_MIN,ARR_HOUR,ARR_MIN,HOSP_HR,HOSP_MN,SCH_BUS,CF1,CF2,CF3,FATALS,DAY_WEEK,DRUNK_DR,ST_CASE,CITY,YEAR,MILEPT,TWAY_ID,TWAY_ID2,RAIL,LATITUDE,LONGITUD,VE_FORMS,WEATHER
28,73,7,13,19,46,1,1,0,0,4,3,0,34,0,1,6,1,2,55,1,1,2,1,0,0,1,1,0,0,88,88,88,88,88,88,0,0,0,0,1,2,0,280324,0,2009,99999,SR-13,99999999999999999999,0000000,30.99659167,-89.29507222,1,1
28,87,7,17,21,5,1,6,0,0,16,6,0,1,0,1,5,1,2,40,1,1,2,1,0,0,3,1,0,0,21,9,21,30,99,99,0,0,0,0,1,6,0,280325,540,2009,0,LEHMBERG RD,99999999999999999999,0000000,33.50309444,-88.36336944,1,1
28,33,7,22,22,38,1,3,0,0,16,6,0,42,0,1,5,1,2,25,2,1,2,1,0,0,3,1,0,0,99,99,99,99,99,99,0,0,0,0,1,4,0,280326,2422,2009,0,CHESTERFIELD,99999999999999999999,0000000,34.98783333,-90.00716667,1,1
28,59,7,24,6,0,1,1,0,0,16,6,0,42,0,1,5,1,2,25,1,3,2,1,0,0,4,1,0,0,88,88,88,88,88,88,0,0,0,0,1,6,0,280327,1680,2009,0,DEL ROSA,99999999999999999999,0000000,30.39359722,-88.54114722,1,1
28,27,7,24,9,46,1,1,0,1,2,2,0,35,0,1,6,2,4,65,1,1,2,1,0,0,1,1,0,0,99,99,99,99,99,99,0,0,0,0,1,6,0,280328,0,2009,99999,US-61,99999999999999999999,0000000,34.364375,-90.55688056,1,1
28,59,7,24,14,48,2,2,0,0,5,4,0,12,5,2,1,1,2,35,1,1,2,1,20,3,1,1,0,0,15,0,15,22,15,46,0,0,0,0,1,6,0,280329,0,2009,0,FRANKLIN CREEK RD,I-110,0000000,30.46642222,-88.41941667,2,1
28,121,7,26,11,28,1,1,0,0,4,4,0,10,0,6,1,1,2,35,1,1,2,1,69,9,1,1,0,0,99,99,99,99,99,99,0,0,0,0,1,1,0,280330,0,2009,0,ANDREW JACKSON CIR,DIXIE RD,9999999,32.09279167,-90.04231389,1,1
28,67,7,27,22,2,1,1,0,0,4,3,0,35,0,1,5,1,2,55,2,1,1,1,0,0,2,1,0,0,88,88,88,88,88,88,0,0,0,0,1,2,0,280331,0,2009,99999,SR-15,99999999999999999999,0000000,31.50867778,-89.02479167,1,1
28,121,7,27,13,39,1,2,0,1,11,1,0,42,0,1,6,2,4,70,1,1,2,1,0,0,1,1,0,0,13,42,14,0,14,22,0,0,0,0,1,2,0,280332,300,2009,99999,I-20,99999999999999999999,0000000,32.28005833,-90.01579167,1,1
28,49,7,29,15,11,2,3,0,0,16,6,0,12,2,2,1,1,2,35,1,1,2,1,20,3,1,1,0,0,15,17,15,36,99,99,0,0,0,0,2,4,0,280333,1220,2009,0,BAILEY AVE,PETER ST,0000000,32.33273333,-90.19273333,2,1
28,121,7,30,6,25,1,2,1,1,12,3,0,9,0,1,1,1,2,55,1,1,2,1,0,0,1,1,0,1,88,88,88,88,88,88,0,0,0,0,1,5,0,280334,0,2009,99999,SR-18,99999999999999999999,0000000,32.09155556,-89.78653889,1,1
28,67,7,31,10,38,1,1,0,0,16,6,0,30,0,2,6,1,2,30,1,1,2,2,20,3,1,2,0,0,10,42,11,0,11,30,0,0,0,0,1,6,0,280335,1310,2009,0,SAWMILL RD,12TH AVE,0000000,31.69449722,-89.14107222,1,2
28,93,8,1,1,13,2,3,0,0,4,3,0,12,2,1,1,1,2,55,2,1,2,1,0,0,2,1,0,0,1,50,2,22,99,99,0,0,0,0,1,7,2,280336,0,2009,99999,SR-311,99999999999999999999,0000000,34.9581,-89.51295278,2,1
28,49,8,1,22,7,1,1,0,0,4,4,0,35,0,2,6,1,2,45,1,1,2,1,20,3,2,1,0,0,88,88,88,88,88,88,0,0,0,0,1,7,0,280337,0,2009,0,CHAPEL HILL,CHAMPION HILL,0000000,32.34199722,-90.47599444,1,1
28,39,8,6,11,40,2,2,0,1,2,2,0,12,4,2,1,2,4,65,1,1,2,1,4,3,1,1,0,0,12,1,12,36,12,59,0,0,0,0,1,5,0,280338,0,2009,99999,US-98,SR-63,0000000,30.95151944,-88.55027778,2,1
28,151,8,8,12,58,1,2,0,0,16,6,0,1,0,1,6,1,2,20,1,2,2,1,0,0,1,1,0,0,13,13,13,20,99,99,0,0,0,0,1,7,0,280339,990,2009,0,N CORNELL ST,99999999999999999999,0000000,33.40875,-91.02282222,1,1
28,91,8,10,10,23,1,1,0,0,4,3,0,35,0,2,5,1,2,55,1,1,2,1,0,0,1,1,0,0,88,88,88,88,88,88,0,0,0,0,1,2,0,280340,0,2009,99999,SR-44,STRINGER RD,0000000,31.30693611,-89.73688611,1,1
28,5,8,11,2,21,1,3,0,0,4,4,0,21,0,1,6,1,2,45,1,1,2,1,0,0,2,1,0,0,88,88,88,88,88,88,0,0,0,0,1,3,1,280341,0,2009,0,MARY WALL BRIDGE RD,99999999999999999999,0000000,31.04435,-90.78599444,1,1
28,67,8,11,13,3,2,3,0,1,2,2,0,12,4,2,1,2,4,55,1,1,2,1,20,3,1,1,0,0,13,25,13,49,14,1,0,0,0,0,1,3,0,280342,0,2009,99999,US-84,184,0000000,31.69691667,-89.013075,2,1
28,93,8,11,21,44,2,2,0,0,4,4,0,12,2,1,1,1,2,45,1,1,2,1,0,0,2,1,0,0,22,0,22,12,99,99,0,0,0,0,1,3,0,280343,0,2009,0,CAYCE RD,99999999999999999999,0000000,34.96759722,-89.61796667,2,1
28,47,8,13,3,2,1,1,0,1,12,2,0,33,0,1,6,2,4,45,1,1,2,1,0,0,3,1,0,0,88,88,88,88,88,88,0,0,0,0,1,5,1,280344,230,2009,99999,US-90,99999999999999999999,0000000,30.39343056,-88.93257778,1,1
28,133,2,16,19,7,1,4,1,0,16,6,0,8,0,2,1,1,2,35,1,1,2,1,0,0,2,1,0,0,88,88,88,88,88,88,0,0,0,0,1,2,0,280345,1170,2009,0,82,COLLEGE,0000000,33.45812778,-90.65479167,1,1
28,71,8,13,8,21,1,4,1,0,4,2,0,9,0,1,1,1,2,65,1,1,2,1,0,0,1,1,0,0,8,26,8,39,99,99,0,0,0,0,1,5,0,280346,0,2009,99999,US-278,99999999999999999999,0000000,34.33549722,-89.42016944,1,1
28,45,8,13,11,11,1,1,0,0,4,4,0,32,0,1,5,1,2,35,1,1,2,1,0,0,1,1,0,1,88,88,88,88,88,88,0,0,0,0,1,5,0,280347,0,2009,0,LOWER BAY RD,99999999999999999999,0000000,30.28975556,-89.40291944,1,1
28,137,8,14,22,0,2,3,0,0,4,3,0,12,4,2,1,1,2,55,1,1,2,1,20,3,2,1,0,0,22,20,22,50,23,11,0,0,0,0,2,6,1,280348,0,2009,99999,SR-306,OAK MANOR DR,0000000,34.69988333,-89.92228056,2,1
28,43,8,14,23,52,1,2,1,0,16,6,0,8,0,1,1,1,2,20,1,1,2,1,0,0,2,1,0,0,88,88,88,88,88,88,0,0,0,0,1,6,0,280349,1010,2009,0,FOX ST,99999999999999999999,0000000,33.77324444,-89.79735278,1,1
28,19,6,27,19,5,1,2,0,0,4,4,0,1,0,1,6,1,2,35,2,1,2,1,0,0,1,1,0,0,19,12,19,36,99,99,0,0,0,0,1,7,0,280350,0,2009,0,STATEN RD,99999999999999999999,0000000,33.39809167,-89.16628333,1,1
28,43,6,29,19,32,2,3,0,0,4,4,0,12,4,2,1,1,2,45,1,3,2,1,20,3,1,1,0,0,19,43,20,0,99,99,0,0,0,0,1,2,0,280351,0,2009,0,SCENIE LOOP 333,WRIGHTS RD,0000000,33.80767778,-89.77113333,2,1
28,49,7,3,9,55,1,2,0,0,16,6,0,42,0,1,6,1,2,30,2,1,1,1,0,0,1,1,0,0,99,99,99,99,99,99,0,0,0,0,1,6,0,280352,2650,2009,0,POWELL ST,99999999999999999999,0000000,32.10456944,-90.62630556,1,1
28,149,7,3,15,45,1,1,0,0,5,4,0,35,0,1,5,1,2,35,2,1,2,1,0,0,1,1,0,0,15,50,16,0,16,35,0,0,0,0,1,6,0,280353,0,2009,0,TUCKER RD,99999999999999999999,0000000,32.38376667,-90.7481,1,1
28,3,8,1,16,41,2,3,0,1,2,2,0,12,4,2,1,1,2,65,1,1,2,2,20,3,1,2,0,0,17,1,17,39,17,58,0,0,0,0,1,7,0,280354,0,2009,99999,US-45,SR-405,0000000,34.844575,-88.55896667,2,2
28,33,8,15,13,2,3,5,0,1,2,1,0,12,2,1,1,2,4,70,1,1,2,1,0,0,1,1,0,0,13,18,13,40,14,0,0,0,0,0,1,7,0,280355,0,2009,99999,I-55,99999999999999999999,0000000,34.88019167,-89.99111667,3,1
28,49,8,15,20,54,1,3,1,0,16,2,0,8,0,1,1,2,4,55,1,1,2,1,0,0,2,1,0,0,20,59,21,13,21,46,0,0,0,0,1,7,0,280356,1220,2009,99999,US-80,99999999999999999999,0000000,32.31205278,-90.27034444,1,1
28,59,8,15,21,3,1,1,0,0,13,3,0,10,0,6,1,1,2,50,1,1,2,1,60,3,2,1,0,0,88,88,88,88,88,88,0,0,0,0,1,7,0,280357,0,2009,99999,SR-611,99999999999999999999,9999999,30.38590833,-88.50414167,1,1
28,49,8,16,19,58,1,1,0,0,16,6,0,42,0,1,5,1,2,25,1,1,2,1,0,0,3,1,0,0,20,2,20,13,99,99,0,0,0,0,1,1,1,280358,1220,2009,0,CALIFORNIA AVE,99999999999999999999,0000000,32.34653889,-90.21015556,1,1
28,45,8,17,16,32,2,3,0,0,4,3,0,12,2,1,1,1,2,55,1,1,2,2,0,0,1,2,0,0,17,1,17,36,18,0,0,0,0,0,1,2,0,280359,0,2009,99999,SR-603,99999999999999999999,0000000,30.37623611,-89.43543889,2,2
28,151,8,17,22,55,2,2,0,0,16,6,0,12,4,2,1,1,2,35,1,1,2,1,20,3,2,1,0,0,88,88,88,88,88,88,0,0,0,0,1,2,0,280360,990,2009,0,BROADWAY,NELSON,0000000,33.41489444,-91.05513889,2,1
28,145,7,21,4,15,2,3,0,1,2,2,0,12,1,1,1,1,2,70,1,2,2,1,0,0,2,1,0,0,4,26,4,52,5,25,0,0,0,0,1,3,0,280361,0,2009,99999,US-78,99999999999999999999,0000000,34.41167222,-88.94874444,2,1
28,137,4,9,21,31,1,1,0,0,4,4,0,42,0,1,5,1,2,40,1,1,2,1,0,0,2,1,0,0,21,42,22,0,99,99,0,0,0,0,1,5,0,280362,0,2009,0,BETT RD,99999999999999999999,0000000,34.692475,-89.77756944,1,1
28,143,4,24,22,1,2,8,0,1,2,2,0,12,4,2,1,2,4,65,1,1,2,1,20,3,2,1,0,0,22,20,23,0,23,31,0,0,0,0,1,6,0,280363,0,2009,99999,US-61,SR-4,0000000,34.68472778,-90.37588611,2,1
28,63,7,10,14,35,1,2,0,1,2,2,0,1,0,1,5,2,4,65,1,2,2,1,0,0,1,1,0,0,14,47,14,59,15,13,0,0,0,0,1,6,0,280364,0,2009,99999,US-61,99999999999999999999,0000000,31.63326944,-91.19866944,1,1
28,87,7,13,7,10,3,3,0,0,3,3,0,12,2,1,1,1,2,55,2,2,2,2,0,0,1,2,0,0,7,39,8,11,8,48,0,0,0,0,1,2,0,280365,0,2009,0,SR-12,99999999999999999999,0000000,33.59353056,-88.33745833,3,2
28,85,7,19,18,7,2,5,0,1,2,2,0,12,4,2,1,2,4,45,1,1,2,1,20,3,1,1,0,0,18,12,18,30,18,59,0,0,0,0,1,1,0,280366,0,2009,99999,US-84,JACKSON LIBERTY RD,0000000,31.53040833,-90.52743056,2,1
28,163,8,13,9,47,2,3,0,1,2,2,0,12,2,1,1,2,4,65,1,2,2,1,0,0,1,1,0,1,10,10,10,39,11,8,0,0,0,0,1,5,2,280367,0,2009,99999,US-49,99999999999999999999,0000000,32.89328056,-90.38572222,2,1
28,143,8,18,13,15,1,2,0,0,4,4,0,34,0,1,6,1,2,50,1,1,2,1,0,0,1,1,0,0,13,30,13,40,99,99,0,0,0,0,1,3,1,280368,0,2009,0,OLD HWY 61,99999999999999999999,0000000,34.65781667,-90.387225,1,1
28,161,8,18,15,54,1,2,1,0,6,6,0,8,0,1,1,1,2,50,1,1,2,1,0,0,1,1,0,0,88,88,88,88,88,88,0,0,0,0,1,3,0,280369,2730,2009,0,BLACKMUR DR,99999999999999999999,0000000,34.14848333,-89.61936111,1,1
28,47,8,19,2,32,1,2,0,0,5,4,0,34,0,1,5,1,2,35,2,1,2,1,0,0,2,1,0,0,2,36,2,49,3,11,0,0,0,0,1,4,1,280370,0,2009,0,E WORTHAM RD,99999999999999999999,0000000,30.56318611,-89.11047222,1,1
28,53,8,19,20,33,1,1,0,0,4,4,0,1,0,2,5,1,2,45,1,1,2,1,0,0,2,1,0,0,88,88,88,88,88,88,0,0,0,0,1,4,1,280371,0,2009,0,ISOLA RD,SKYLAKE RD,0000000,33.27801944,-90.54605556,1,1
28,81,8,19,22,2,2,3,0,1,12,3,0,12,2,1,1,2,4,55,2,1,2,1,0,0,2,1,0,0,22,12,22,36,22,45,0,0,0,0,2,4,0,280372,2610,2009,99999,SR-45,99999999999999999999,0000000,34.25451944,-88.69391389,2,1
28,137,8,20,22,56,1,4,0,0,4,4,0,1,0,1,6,1,2,45,2,1,2,1,0,0,2,1,0,0,23,8,23,18,23,40,0,0,0,0,1,5,0,280373,0,2009,0,BROWNLEE RD,99999999999999999999,0000000,34.64532778,-90.12031389,1,1
28,21,8,23,0,11,1,3,1,0,4,3,0,8,0,1,1,1,2,45,1,1,2,1,0,0,3,1,0,0,88,88,88,88,88,88,0,0,0,0,1,1,0,280374,0,2009,99999,SR-18,99999999999999999999,0000000,31.965925,-90.96465,1,1
28,87,8,24,12,24,2,2,0,1,2,2,0,12,1,4,1,2,4,55,1,1,2,1,0,0,1,1,0,0,88,88,88,88,88,88,0,0,0,0,1,2,0,280375,0,2009,99999,US-45,99999999999999999999,0000000,33.37920833,-88.52645833,2,1
28,101,8,24,22,8,1,1,0,0,4,3,0,34,0,1,5,1,2,55,1,2,2,1,0,0,2,1,0,0,88,88,88,88,88,88,0,0,0,0,1,2,0,280376,0,2009,99999,SR-489,99999999999999999999,0000000,32.46422222,-89.25486111,1,1
28,65,8,27,15,49,1,1,0,0,4,3,0,34,0,1,6,1,2,45,1,1,2,1,0,0,1,1,0,0,88,88,88,88,88,88,0,0,0,0,1,5,0,280377,0,2009,99999,SR-42,99999999999999999999,0000000,31.5857,-89.87000833,1,1
28,91,8,28,10,34,2,4,0,0,4,3,0,12,4,2,1,1,2,55,1,1,2,1,20,3,1,1,0,0,11,5,11,36,11,56,0,0,0,0,1,6,0,280378,0,2009,99999,SR-13,REX LANE,0000000,31.12773056,-89.67643889,2,1
28,39,8,28,22,6,2,3,0,0,4,3,0,12,4,2,1,1,2,30,1,1,2,2,20,3,2,2,0,0,22,33,22,59,23,20,0,0,0,0,1,6,0,280379,0,2009,99999,SR-613,ROCKY CREEK RD,0000000,30.97054444,-88.53913889,2,2
28,109,8,29,0,25,1,1,0,0,4,4,0,42,0,1,6,1,2,35,1,1,2,1,0,0,2,1,0,0,88,88,88,88,88,88,0,0,0,0,1,7,0,280380,0,2009,0,W UNION RD,99999999999999999999,0000000,30.59270556,-89.60676667,1,1
28,111,8,30,1,21,1,1,0,0,3,3,0,1,0,1,6,1,2,55,1,1,2,1,0,0,2,1,0,0,1,30,99,99,99,99,0,0,0,0,1,1,0,280381,0,2009,99999,SR-42,99999999999999999999,0000000,31.35979444,-88.90205278,1,1
28,149,8,30,6,26,1,2,1,0,14,2,0,8,0,1,1,1,2,45,1,2,2,1,0,0,2,1,0,0,88,88,88,88,88,88,0,0,0,0,1,1,0,280382,0,2009,99999,US-80,99999999999999999999,0000000,32.35081667,-90.720625,1,1
28,83,8,30,7,9,1,1,0,0,4,3,0,35,0,1,5,1,2,55,1,1,2,2,0,0,1,2,0,0,88,88,88,88,88,88,0,0,0,0,1,1,0,280383,0,2009,99999,SR-8,99999999999999999999,0000000,33.73754444,-90.65162778,1,2
28,93,8,30,13,45,1,1,0,0,5,6,0,10,0,6,1,1,2,15,1,1,2,1,61,3,1,1,0,0,88,88,88,88,88,88,0,0,0,0,1,1,0,280384,0,2009,0,FULLER ST,99999999999999999999,9999999,34.87286944,-89.68461389,1,1
28,33,8,31,4,20,1,1,0,1,1,1,0,1,0,1,5,2,4,70,1,1,2,1,0,0,2,1,0,0,88,88,88,88,88,88,0,0,0,0,1,2,0,280385,0,2009,99999,I-55,99999999999999999999,0000000,34.94990556,-89.997425,1,1
28,15,8,31,19,6,2,2,0,1,2,2,0,12,1,1,1,2,4,65,1,2,2,1,0,0,1,1,0,0,19,19,19,36,19,50,0,0,0,0,1,2,0,280386,0,2009,99999,US-82,99999999999999999999,0000000,33.49545556,-89.89588611,2,1
28,49,7,8,18,20,1,4,0,0,16,6,0,42,0,2,6,1,2,25,1,1,2,1,20,3,1,1,0,1,18,23,18,40,19,0,0,0,0,0,3,4,0,280387,1220,2009,0,ST CHARLES ST,LEXINGTON AVE,0000000,32.312525,-90.21908333,1,1
28,49,7,12,21,18,2,2,0,0,13,3,0,12,2,1,1,1,2,55,1,1,2,1,0,0,2,1,0,0,21,38,22,0,88,88,0,0,0,0,1,1,2,280388,0,2009,99999,SR-22,99999999999999999999,0000000,32.38329444,-90.54103333,2,1
28,153,7,19,8,51,1,1,0,0,4,4,0,32,0,1,5,1,2,0,1,1,2,1,0,0,2,1,0,0,88,88,88,88,88,88,0,0,0,0,1,1,0,280389,0,2009,0,WOULARDBEND RIVER RD,99999999999999999999,0000000,31.48408889,-88.52075,1,1
28,33,9,2,7,39,3,4,0,1,2,2,0,12,6,1,1,2,4,70,1,1,2,1,0,0,1,1,0,1,8,7,8,39,9,20,0,0,0,0,1,4,0,280390,0,2009,99999,US-78,99999999999999999999,0000000,34.91338611,-89.76623889,3,1
28,35,9,2,8,24,1,2,0,1,12,2,0,1,0,1,6,2,4,45,1,2,9,1,0,0,1,1,0,0,8,30,8,36,9,0,0,0,0,0,1,4,1,280391,1050,2009,99999,US-49,99999999999999999999,0000000,31.33021667,-89.32901944,1,1
28,47,9,3,5,14,1,3,0,0,16,6,0,30,0,1,6,1,2,25,1,3,2,1,0,0,3,1,0,0,5,20,5,36,99,99,0,0,0,0,1,5,0,280392,230,2009,0,LAMEUSE ST,99999999999999999999,0000000,30.39903056,-88.88720556,1,1
28,71,9,3,9,16,1,1,0,0,16,2,0,1,0,1,6,1,2,55,1,2,2,1,0,0,1,1,0,0,88,88,88,88,88,88,0,0,0,0,1,5,0,280393,1860,2009,99999,US-278,99999999999999999999,0000000,34.36313611,-89.51325278,1,1
28,109,9,3,17,14,1,2,0,0,4,4,0,34,0,1,5,1,2,35,2,2,2,1,0,0,1,1,0,0,88,88,88,88,88,88,0,0,0,0,2,5,0,280394,0,2009,0,RICHARDSON OZONA RD,99999999999999999999,0000000,30.55379722,-89.66629167,1,1
28,59,9,3,23,43,1,2,1,0,4,3,0,8,0,1,1,1,2,55,1,1,2,1,0,0,2,1,0,0,88,88,88,88,88,88,0,0,0,0,1,5,0,280395,0,2009,99999,SR-613,99999999999999999999,0000000,30.53321111,-88.52414167,1,1
28,39,9,4,8,40,2,2,0,0,4,3,0,12,5,1,1,1,2,55,1,1,2,1,0,0,1,1,0,0,88,88,88,88,88,88,0,0,0,0,1,6,0,280396,0,2009,99999,SR-613,99999999999999999999,0000000,30.8441,-88.53238056,2,1
28,49,9,4,10,58,2,2,0,0,5,4,0,12,4,2,1,1,2,40,1,1,2,1,20,3,1,1,0,0,11,1,11,20,11,36,0,0,0,0,1,6,0,280397,0,2009,0,DAVIS RD,GARY RD,0000000,32.19958333,-90.29959167,2,1
28,33,9,4,22,6,2,2,0,1,2,1,0,12,4,1,1,2,4,70,1,1,2,1,0,0,3,1,0,0,22,19,22,36,99,99,0,0,0,0,1,6,0,280398,0,2009,99999,I-69,99999999999999999999,0000000,34.86959444,-90.19196111,2,1
28,93,9,4,2,21,1,1,0,0,4,3,0,35,0,1,5,1,2,55,1,2,2,1,0,0,2,1,0,0,88,88,88,88,88,88,0,0,0,0,1,6,1,280399,0,2009,99999,SR-311,99999999999999999999,0000000,34.85321944,-89.49348056,1,1
28,35,9,6,6,45,1,5,0,1,2,2,0,42,0,2,5,2,4,70,1,1,2,1,0,0,1,1,0,0,6,49,6,54,7,22,0,0,0,0,1,1,0,280400,1050,2009,99999,US-59,4TH ST,0000000,31.3293,-89.35236389,1,1
28,91,9,6,12,18,2,2,0,0,4,3,0,12,3,2,1,1,2,55,1,1,2,1,20,3,1,1,0,0,12,49,13,0,13,26,0,0,0,0,1,1,0,280401,0,2009,99999,SR-35,HART RD,0000000,31.03601944,-89.80654722,2,1
28,137,9,6,15,19,1,2,0,1,1,1,0,1,0,1,6,2,4,70,1,2,2,1,0,0,1,1,0,0,15,29,15,50,16,16,0,0,0,0,1,1,0,280402,0,2009,99999,I-55,99999999999999999999,0000000,34.55412778,-89.93732222,1,1
28,95,9,8,17,19,2,3,0,0,4,3,0,12,1,1,1,1,2,55,1,1,2,1,0,0,1,1,0,0,17,36,18,0,18,54,0,0,0,0,1,3,0,280403,0,2009,99999,SR-8,99999999999999999999,0000000,33.81580833,-88.48513056,2,1
28,33,9,9,17,48,2,3,0,0,4,3,0,12,4,2,5,1,2,55,1,1,2,2,20,3,1,2,0,0,18,9,18,26,19,0,0,0,0,0,1,4,0,280404,0,2009,99999,SR-78,REDBANKS RD,0000000,34.89645556,-89.74358056,2,2
28,59,9,9,22,9,1,1,0,0,3,3,0,35,0,1,6,1,2,55,1,1,2,1,0,0,2,1,0,0,88,88,88,88,88,88,0,0,0,0,1,4,0,280405,0,2009,99999,SR-613,99999999999999999999,0000000,30.52629722,-88.53808889,1,1
28,155,9,11,7,50,1,1,0,1,2,2,0,34,0,1,5,2,4,65,1,1,2,2,0,0,1,2,0,0,88,88,88,88,88,88,0,0,0,0,1,6,0,280406,0,2009,99999,US-82,99999999999999999999,0000000,33.54493611,-89.22138611,1,2
28,3,8,26,5,30,2,2,0,1,2,2,0,12,1,1,1,1,2,55,1,2,2,1,0,0,2,1,0,0,88,88,88,88,88,88,0,0,0,0,1,4,0,280407,0,2009,99999,US-72,99999999999999999999,0000000,34.87751667,-88.43955556,2,1
28,57,9,4,20,22,1,2,0,1,2,3,0,1,0,1,6,1,2,55,2,1,2,1,0,0,2,1,0,0,20,46,21,5,21,39,0,0,0,0,1,6,1,280408,0,2009,99999,SR-25,99999999999999999999,0000000,34.19496111,-88.36181389,1,1
28,11,9,6,2,41,1,2,0,0,4,3,0,42,0,1,6,1,2,55,1,1,2,1,0,0,2,1,0,0,3,0,3,24,3,56,0,0,0,0,1,1,1,280409,0,2009,99999,SR-161,99999999999999999999,0000000,33.93246389,-90.74964444,1,1
28,13,9,6,17,36,2,5,0,0,4,3,0,12,2,1,1,1,2,55,2,2,2,2,0,0,1,2,0,0,17,52,18,36,19,0,0,0,0,0,1,1,0,280410,0,2009,99999,SR-341,99999999999999999999,0000000,33.95635278,-89.18134722,2,2
28,147,9,6,10,46,2,3,0,1,2,2,0,12,4,2,1,2,4,65,1,1,2,1,21,3,1,1,0,0,88,88,88,88,88,88,0,0,0,0,1,1,0,280411,0,2009,99999,US-98,PAYNE RD,0000000,31.13050556,-90.16473056,2,1
28,139,9,10,15,35,2,6,0,1,2,2,0,12,4,10,1,2,4,65,1,1,2,1,21,3,1,1,0,0,15,38,16,11,16,39,0,0,0,0,1,5,0,280412,0,2009,99999,US-72,SR-301,0000000,34.94047778,-88.78081667,2,1
28,13,9,15,12,34,1,1,0,0,4,4,0,1,0,1,6,1,2,50,2,1,2,2,0,0,1,2,0,0,12,39,12,58,13,22,0,0,0,0,1,3,0,280413,0,2009,0,CO RD 25,99999999999999999999,0000000,34.018375,-89.433175,1,2
28,57,9,16,7,37,1,2,0,1,2,3,0,42,0,1,5,1,2,55,2,2,2,2,0,0,4,2,0,0,7,50,8,13,8,52,0,0,0,0,1,4,0,280414,0,2009,99999,SR-25,99999999999999999999,0000000,34.20548611,-88.375825,1,2
28,151,7,26,0,7,1,2,1,1,2,2,0,8,0,1,1,2,4,55,1,1,2,1,0,0,2,1,0,0,88,88,88,88,88,88,0,0,0,0,1,1,0,280415,0,2009,99999,US-82,99999999999999999999,0000000,33.40128056,-90.93443889,1,1
28,107,7,31,20,9,1,3,0,0,4,3,0,42,0,1,5,1,2,45,2,2,2,1,0,0,2,1,0,0,20,37,21,10,21,27,0,0,0,0,1,6,1,280416,0,2009,99999,SR-315,99999999999999999999,0000000,34.28806944,-89.78615278,1,1
28,47,4,25,8,2,1,1,0,0,16,6,0,10,0,6,1,1,2,30,1,1,2,1,69,3,1,1,0,0,8,19,99,99,99,99,0,0,0,0,1,7,0,280417,1910,2009,0,ST PAUL AVE,99999999999999999999,9999999,30.31913611,-89.24662222,1,1
28,17,5,29,3,30,1,1,0,0,16,6,0,18,0,1,4,1,2,0,1,1,2,1,0,0,2,1,0,0,88,88,88,88,88,88,0,0,0,0,1,6,1,280418,1820,2009,0,LASTER,99999999999999999999,0000000,34.01738056,-88.743375,1,1
28,53,7,2,22,43,1,7,0,0,5,4,0,1,0,1,5,2,4,50,2,1,2,1,0,0,2,1,0,0,22,48,23,12,23,59,0,0,0,0,1,5,1,280419,0,2009,0,ISOLA RD,99999999999999999999,0000000,33.13208889,-90.6112,1,1
28,77,7,4,7,25,1,1,0,0,4,4,0,1,0,1,5,1,2,45,1,1,2,1,0,0,1,1,0,0,88,88,88,88,88,88,0,0,0,0,1,7,0,280420,0,2009,0,GARRETT RD,99999999999999999999,0000000,31.51873889,-89.99570833,1,1
28,109,7,10,17,39,1,1,0,0,4,4,0,32,0,1,5,1,2,35,1,1,2,1,0,0,1,1,0,0,17,42,18,0,99,99,0,0,0,0,1,6,0,280421,0,2009,0,JACKSON LANDING RD,99999999999999999999,0000000,30.48200278,-89.69748889,1,1
28,51,7,12,2,17,1,2,0,0,4,4,0,1,0,1,5,1,2,50,2,1,2,1,0,0,3,1,0,0,2,28,99,99,99,99,0,0,0,0,1,1,1,280422,0,2009,0,PICKENS EBENEZER RD,99999999999999999999,0000000,33.02478611,-90.00652222,1,1
28,123,7,16,10,55,1,3,0,0,16,6,0,1,0,1,6,1,2,45,1,1,2,1,0,0,1,1,0,1,10,58,11,21,11,36,0,0,0,0,1,5,1,280423,0,2009,0,OLD HWY 80,99999999999999999999,0000000,32.36412222,-89.47372778,1,1
28,123,9,15,12,23,2,6,0,0,4,4,0,12,2,1,1,1,2,55,2,1,2,2,0,0,1,2,0,0,12,29,13,12,13,50,0,0,0,0,2,3,0,280424,0,2009,0,HILLSBORO LUDLOW RD,99999999999999999999,0000000,32.55723056,-89.63333056,2,2
28,51,9,17,14,45,3,4,0,0,3,3,0,12,1,2,1,1,2,55,1,1,2,1,0,0,1,1,0,0,15,6,15,36,16,12,0,0,0,0,1,5,0,280425,0,2009,99999,SR-17,FALLS CEMETARY RD,0000000,32.95261111,-89.98399167,3,1
28,137,9,17,15,35,1,3,0,0,4,4,0,34,0,2,5,1,2,45,1,1,2,1,0,0,1,1,0,0,15,56,16,13,16,51,0,0,0,0,1,5,0,280426,0,2009,0,MERRY HILL RD,NORRIS RD,0000000,34.64105556,-89.97844444,1,1