STATE,COUNTY,MONTH,DAY,HOUR,MINUTE,VE_TOTAL,PERSONS,PEDS,NHS,ROAD_FNC,ROUTE,SP_JUR,HARM_EV,MAN_COLL,REL_JUNC,REL_ROAD,TRAF_FLO,NO_LANES,SP_LIMIT,ALIGNMNT,PROFILE,PAVE_TYP,SUR_COND,TRA_CONT,T_CONT_F,LGT_COND,WEATHER1,WEATHER2,WRK_ZONE,NOT_HOUR,NOT_MIN,ARR_HOUR,ARR_MIN,HOSP_HR,HOSP_MN,SCH_BUS,CF1,CF2,CF3,FATALS,DAY_WEEK,DRUNK_DR,ST_CASE,CITY,YEAR,MILEPT,TWAY_ID,TWAY_ID2,RAIL,LATITUDE,LONGITUD,VE_FORMS,WEATHER
28,95,9,18,6,31,3,3,0,1,2,3,0,12,2,1,1,1,2,55,1,1,2,2,0,0,4,2,0,0,6,42,7,11,7,46,0,0,0,0,1,6,0,280427,0,2009,99999,SR-25,99999999999999999999,0000000,33.81021111,-88.56993333,3,2
28,67,9,18,11,52,2,4,0,0,4,3,0,12,2,2,1,1,2,55,1,3,2,1,0,0,1,1,0,0,12,0,12,36,13,11,0,0,0,0,3,6,0,280428,0,2009,99999,SR-588,SANDHILL CHURCH RD,0000000,31.620725,-89.281875,2,1
28,99,9,18,11,59,1,1,0,0,4,4,0,42,0,1,5,1,2,50,1,1,2,2,0,0,1,2,0,0,99,99,99,99,99,99,0,0,0,0,1,6,1,280429,0,2009,0,CO RD 505,99999999999999999999,0000000,32.772625,-89.16825833,1,2
28,59,9,18,21,55,1,1,0,0,3,3,0,34,0,1,5,1,2,55,1,1,2,2,0,0,2,2,0,0,88,88,88,88,88,88,0,0,0,0,1,6,0,280430,0,2009,99999,SR-57,99999999999999999999,0000000,30.64610833,-88.74476944,1,2
28,93,9,18,22,57,2,4,0,0,4,3,0,12,5,1,1,1,2,55,1,1,2,1,0,0,2,1,0,0,23,33,1,0,1,36,0,0,0,0,1,6,0,280431,0,2009,99999,SR-178,99999999999999999999,0000000,34.70566944,-89.385925,2,1
28,87,9,19,0,40,1,2,0,0,3,3,0,42,0,1,5,1,2,55,1,2,2,2,0,0,2,2,0,0,0,52,1,36,2,10,0,0,0,0,1,7,0,280432,0,2009,99999,SR-12,99999999999999999999,0000000,33.66563889,-88.26613333,1,2
28,147,9,19,0,50,1,1,0,0,4,3,0,1,0,1,5,1,2,55,2,2,2,1,0,0,2,1,0,0,88,88,88,88,88,88,0,0,0,0,1,7,0,280433,0,2009,99999,SR-27,99999999999999999999,0000000,31.16448889,-90.12898333,1,1
28,93,9,19,5,24,1,1,0,0,4,3,0,42,0,1,5,1,2,55,1,1,2,1,0,0,2,1,0,0,88,88,88,88,88,88,0,0,0,0,1,7,0,280434,0,2009,99999,SR-4,99999999999999999999,0000000,34.70429444,-89.49909167,1,1
28,23,9,19,19,58,1,3,0,1,2,2,0,11,0,1,5,2,4,65,1,1,2,1,0,0,2,1,0,0,20,27,21,0,21,36,0,0,0,0,1,7,0,280435,0,2009,99999,US-45,99999999999999999999,0000000,32.026925,-88.68335833,1,1
28,121,7,18,1,13,1,2,1,1,12,2,0,8,0,1,1,2,4,45,1,1,2,1,0,0,3,1,0,0,88,88,88,88,88,88,0,0,0,0,1,7,0,280436,2125,2009,99999,US-49,99999999999999999999,0000000,32.26104444,-90.160975,1,1
28,79,7,19,0,42,1,2,1,0,4,4,0,8,0,1,1,1,2,0,2,1,2,1,0,0,2,1,0,0,88,88,88,88,88,88,0,0,0,0,1,1,0,280437,0,2009,0,CO RD 487,99999999999999999999,0000000,32.80213889,-89.59419167,1,1
28,65,7,25,20,50,1,1,0,0,4,4,0,34,0,1,5,1,2,55,2,1,2,1,0,0,2,1,0,0,21,0,21,45,99,99,0,0,0,0,1,7,0,280438,0,2009,0,GRANBY RD,99999999999999999999,0000000,31.58453056,-89.76499444,1,1
28,115,7,25,17,25,1,1,0,0,4,4,0,42,0,1,6,1,2,45,1,3,2,1,0,0,1,1,0,0,88,88,88,88,88,88,0,0,0,0,1,7,0,280439,0,2009,0,CENTER HILL RD,99999999999999999999,0000000,34.35270278,-88.94456111,1,1
28,105,9,21,13,36,2,2,0,1,2,2,0,12,2,1,1,2,4,70,1,1,2,2,0,0,1,2,0,0,13,43,14,20,15,11,0,0,0,0,1,2,0,280440,0,2009,99999,US-82,99999999999999999999,0000000,33.50410556,-89.00056667,2,2
28,33,9,21,19,52,1,3,1,0,16,6,0,8,0,1,1,2,4,45,1,1,2,1,0,0,2,1,0,0,20,0,20,13,20,41,0,0,0,0,1,2,0,280441,1830,2009,99999,US 78,99999999999999999999,0000000,34.95293056,-89.84224444,1,1
28,69,9,21,20,13,2,6,0,1,2,2,0,12,4,7,1,2,4,65,1,1,2,2,0,0,2,2,0,0,20,21,20,46,21,11,0,0,0,0,1,2,0,280442,0,2009,99999,US-45,99999999999999999999,0000000,32.83380278,-88.46356667,2,2
28,45,9,21,20,54,1,2,1,1,2,2,0,8,0,2,1,2,4,45,1,1,2,1,20,3,3,1,0,0,20,57,99,99,99,99,0,0,0,0,1,2,0,280443,0,2009,99999,US-90,BOUSLOG ST,0000000,30.31043889,-89.36590556,1,1
28,103,9,22,1,13,1,1,0,1,2,2,0,32,0,1,5,2,4,65,1,1,2,2,0,0,2,2,0,0,88,88,88,88,88,88,0,0,0,0,1,3,0,280444,0,2009,99999,US-45,99999999999999999999,0000000,32.935,-88.53195278,1,2
28,49,9,22,23,45,1,1,0,0,16,6,0,18,0,1,1,1,2,25,1,1,2,1,0,0,2,1,0,0,88,88,88,88,88,88,0,0,0,0,1,3,1,280445,1220,2009,0,LIBERTY HILL RD,99999999999999999999,0000000,32.36236389,-90.19110278,1,1
28,59,9,23,16,56,1,1,0,0,4,4,0,34,0,1,5,1,2,35,2,2,2,1,0,0,1,1,0,0,88,88,88,88,88,88,0,0,0,0,1,4,1,280446,0,2009,0,BAYOU CUMBEST,99999999999999999999,0000000,30.39707778,-88.4483,1,1
28,123,9,23,17,36,1,1,0,1,1,1,0,24,0,1,4,2,4,70,1,2,2,2,0,0,1,2,0,0,88,88,88,88,88,88,0,0,0,0,1,4,1,280447,0,2009,99999,I-20,99999999999999999999,0000000,32.32811944,-89.45463056,1,2
28,51,9,24,1,2,1,4,1,1,2,2,0,9,0,1,1,2,4,65,1,1,2,2,0,0,2,2,0,0,1,25,1,59,99,99,0,0,0,0,1,5,0,280448,0,2009,99999,US-61,99999999999999999999,0000000,33.29093333,-90.43979722,1,2
28,3,9,24,10,34,1,3,0,0,4,6,0,18,0,1,1,1,2,25,1,1,2,1,0,0,1,1,0,0,10,36,10,49,11,0,0,0,0,0,1,5,0,280449,560,2009,0,PROPER ST,99999999999999999999,0000000,34.93083889,-88.50109444,1,1
28,107,9,25,6,14,2,3,0,0,4,3,0,12,4,2,1,1,2,55,1,1,2,2,20,3,2,2,0,0,6,36,7,0,7,26,0,0,0,0,1,6,0,280450,0,2009,99999,SR-310,PLEASANT GROVE,0000000,34.50341667,-90.18756111,2,2
28,47,9,25,7,13,1,2,1,0,16,6,0,9,0,1,1,1,2,35,1,1,2,1,0,0,1,1,0,0,88,88,88,88,88,88,0,0,0,0,1,6,0,280451,1020,2009,0,28TH ST,99999999999999999999,0000000,30.38397222,-89.06323333,1,1
28,137,9,26,1,30,1,1,0,0,4,4,0,38,0,1,6,1,2,45,1,1,2,2,0,0,2,2,0,0,88,88,88,88,88,88,0,0,0,0,1,7,1,280452,0,2009,0,YELLOW DOG RD,99999999999999999999,0000000,34.5904,-89.89056667,1,2
28,135,9,26,5,39,1,3,0,0,4,3,0,1,0,1,6,1,2,55,1,1,2,2,0,0,4,2,0,0,6,0,6,30,7,11,0,0,0,0,2,7,0,280453,0,2009,99999,SR-32,99999999999999999999,0000000,33.90226389,-90.38005833,1,2
28,93,9,28,9,17,1,1,0,0,16,6,0,18,0,1,5,1,2,45,1,3,2,1,0,0,1,1,0,0,88,88,88,88,88,88,0,0,0,0,1,2,0,280454,0,2009,0,178,99999999999999999999,0000000,34.87228889,-89.68985,1,1
28,71,9,28,17,4,2,3,0,0,4,3,0,12,3,2,5,1,2,55,1,1,2,1,20,3,1,1,0,0,17,16,17,32,17,59,0,0,0,0,1,2,0,280455,0,2009,99999,SR-7,SR-371,0000000,34.44733611,-89.50063611,2,1
28,33,9,29,2,50,1,2,1,1,1,1,0,8,0,1,1,2,4,70,1,1,2,1,0,0,2,1,0,0,88,88,88,88,88,88,0,0,0,0,1,3,0,280456,0,2009,99999,I-55,99999999999999999999,0000000,34.88464722,-89.99135278,1,1
28,115,9,29,7,36,1,1,0,0,4,3,0,18,0,1,5,1,2,55,1,1,2,1,0,0,1,1,0,0,88,88,88,88,88,88,0,0,0,0,1,3,0,280457,0,2009,99999,SR-9,99999999999999999999,0000000,34.38297222,-88.88596111,1,1
28,33,9,30,0,3,1,1,0,1,1,1,0,24,0,1,5,2,4,70,1,2,2,1,0,0,2,1,0,0,88,88,88,88,88,88,0,0,0,0,1,4,0,280458,0,2009,99999,I-55,99999999999999999999,0000000,34.92,-89.99244722,1,1
28,85,9,30,13,5,1,1,0,0,16,6,0,10,0,6,1,1,2,25,1,1,2,1,60,3,1,1,0,0,13,22,13,36,99,99,0,0,0,0,1,4,0,280459,0,2009,0,W MONTICELLO ST,99999999999999999999,9999999,31.58551944,-90.45533056,1,1
28,65,9,30,16,5,2,2,0,0,4,3,0,12,4,2,1,1,2,55,1,1,2,1,20,3,1,1,0,0,16,25,16,36,17,0,0,0,0,0,1,4,0,280460,0,2009,99999,SR-13,MT OLIVE RD,0000000,31.73731111,-89.87210278,2,1
28,35,8,20,1,17,2,4,0,0,16,2,0,12,4,2,1,2,4,45,1,1,2,1,3,3,3,1,0,0,1,30,1,49,2,0,0,0,0,0,1,5,1,280461,1050,2009,99999,US-49,HARDY ST,0000000,31.32482778,-89.32914722,2,1
28,35,8,28,20,11,1,1,0,0,16,6,0,18,0,1,5,1,2,35,2,2,2,2,0,0,2,2,0,0,99,99,99,99,99,99,0,0,0,0,1,6,0,280462,1050,2009,0,N 38TH ST,99999999999999999999,0000000,31.18631667,-89.18746111,1,2
28,49,9,15,6,5,1,1,0,0,16,6,0,18,0,1,5,1,2,40,1,1,2,2,0,0,1,2,0,0,6,12,6,30,99,99,0,0,0,0,1,3,0,280463,1220,2009,0,BULLARD ST,99999999999999999999,0000000,32.32783056,-90.22916667,1,2
28,35,10,1,10,49,2,2,0,1,2,2,0,12,3,2,1,2,4,55,1,1,2,1,20,3,1,1,0,0,10,56,11,26,12,0,0,0,0,0,1,5,0,280464,1050,2009,99999,US-98,LAMAR BLVD,0000000,31.31961111,-89.39405556,2,1
28,101,10,1,15,4,1,1,0,1,1,1,0,1,0,1,5,2,4,70,1,1,2,1,0,0,1,1,0,0,15,20,15,36,15,52,0,0,0,0,1,5,0,280465,0,2009,99999,I-20,99999999999999999999,0000000,32.34247778,-88.94514167,1,1
28,49,7,4,3,6,1,1,0,0,16,6,0,32,0,1,5,1,2,30,1,1,2,1,0,0,3,1,0,0,88,88,88,88,88,88,0,0,0,0,1,7,1,280466,490,2009,0,NORTHSIDE DR,99999999999999999999,0000000,32.35300278,-90.30641667,1,1
28,1,8,3,23,0,1,1,0,0,4,4,0,35,0,1,5,1,2,99,2,1,2,1,0,0,2,1,0,0,88,88,88,88,88,88,0,0,0,0,1,2,0,280467,0,2009,0,REDD LOOP RD,99999999999999999999,0000000,31.57536389,-91.33945278,1,1
28,1,8,21,20,35,1,1,0,0,4,4,0,42,0,1,5,1,2,99,2,1,2,1,0,0,2,1,0,0,88,88,88,88,88,88,0,0,0,0,1,6,0,280468,0,2009,0,LOWER WOODVILLE RD,99999999999999999999,0000000,31.37682222,-91.40166944,1,1
28,35,10,2,0,42,1,1,0,1,12,2,0,18,0,1,5,2,4,45,1,1,2,1,0,0,3,1,0,0,88,88,88,88,88,88,0,0,0,0,1,6,0,280469,1050,2009,99999,US-49,99999999999999999999,0000000,31.34919444,-89.33690556,1,1
28,33,10,2,8,45,1,1,0,1,11,1,0,1,0,1,5,2,4,55,1,1,2,1,0,0,1,1,0,0,88,88,88,88,88,88,0,0,0,0,1,6,0,280470,2422,2009,99999,I-55,99999999999999999999,0000000,34.90435833,-89.99130833,1,1
28,7,10,2,9,12,2,2,0,0,4,3,0,12,2,1,1,1,2,55,1,3,2,1,0,0,1,1,0,0,9,36,10,0,10,15,0,0,0,0,1,6,0,280471,0,2009,99999,SR-19,99999999999999999999,0000000,33.02323889,-89.43321667,2,1
28,49,10,2,15,19,2,4,0,0,16,6,0,12,2,1,1,2,4,45,1,1,2,1,0,0,1,1,0,0,15,22,15,36,99,99,0,0,0,0,2,6,0,280472,1220,2009,0,N STATE ST,99999999999999999999,0000000,32.39087778,-90.15467778,2,1
28,123,10,4,6,25,1,1,0,0,4,4,0,1,0,1,5,1,2,55,2,1,2,2,0,0,4,1,0,0,88,88,88,88,88,88,0,0,0,0,1,1,0,280473,0,2009,0,OLD HWY 80,99999999999999999999,0000000,32.35886667,-89.54964722,1,1
28,31,10,4,16,19,1,3,1,1,2,2,0,8,0,1,1,2,4,65,1,1,2,2,0,0,1,2,0,0,88,88,88,88,88,88,0,0,0,0,1,1,0,280474,0,2009,99999,US-49,99999999999999999999,0000000,31.671975,-89.58822778,1,2
28,109,10,7,4,29,1,1,0,0,4,4,0,30,0,1,5,1,2,35,2,1,2,1,0,0,2,1,0,0,88,88,88,88,88,88,0,0,0,0,1,4,0,280475,0,2009,0,ROCK RANCH RD,99999999999999999999,0000000,30.63407222,-89.70465556,1,1
28,109,10,7,15,47,2,3,0,0,4,2,0,12,2,1,1,1,2,55,2,1,2,1,0,0,1,1,0,0,15,55,16,22,17,0,0,0,0,0,2,4,0,280476,0,2009,99999,US-43,99999999999999999999,0000000,30.77148611,-89.49746111,2,1
28,87,8,22,0,53,1,2,1,0,4,4,0,8,0,1,1,1,2,40,1,1,2,1,0,0,2,1,0,0,88,88,88,88,88,88,0,0,0,0,1,7,0,280477,0,2009,0,SESSUMS RD,99999999999999999999,0000000,33.42588056,-88.65562222,1,1
28,87,8,27,8,52,1,1,0,0,4,4,0,34,0,1,6,1,2,40,2,1,2,1,0,0,1,1,0,0,9,0,9,36,10,10,0,0,0,0,1,5,0,280478,0,2009,0,SEEDTICK RD,99999999999999999999,0000000,33.67246111,-88.30879167,1,1
28,121,10,7,21,10,1,1,0,0,16,3,0,1,0,1,5,2,4,55,2,2,2,1,0,0,2,1,0,0,88,88,88,88,88,88,0,0,0,0,1,4,1,280479,875,2009,99999,SR-475,99999999999999999999,0000000,32.29454167,-90.07953333,1,1
28,107,8,29,21,28,1,1,0,0,4,4,0,34,0,1,5,1,2,45,1,1,2,1,0,0,2,1,0,0,88,88,88,88,88,88,0,0,0,0,1,7,0,280480,0,2009,0,LEE JENNINGS RD,99999999999999999999,0000000,34.46626667,-89.93095,1,1
28,107,9,2,17,36,2,2,0,0,4,4,0,12,2,1,5,1,2,45,2,3,2,1,0,0,1,1,0,0,17,53,18,11,18,36,0,0,0,0,1,4,0,280481,0,2009,0,COTTON PLANT RD,99999999999999999999,0000000,34.2697,-89.87781944,2,1
28,107,9,12,0,41,1,2,1,0,4,4,0,8,0,1,1,1,2,0,1,1,2,1,0,0,2,1,0,0,88,88,88,88,88,88,0,0,0,0,1,7,0,280482,0,2009,0,PEGRAM RD,99999999999999999999,0000000,34.46665556,-89.97399444,1,1
28,11,10,8,2,28,1,1,0,0,4,2,0,1,0,1,5,1,2,65,1,1,2,1,0,0,2,1,0,0,88,88,88,88,88,88,0,0,0,0,1,5,1,280483,0,2009,99999,US-61,99999999999999999999,0000000,33.85216944,-90.73823056,1,1
28,17,10,8,19,56,2,6,0,0,4,3,0,12,4,2,1,1,2,55,1,1,2,1,20,3,1,1,0,0,20,21,20,49,21,11,0,0,0,0,1,5,0,280484,0,2009,99999,SR-389,SR-419,0000000,33.76878333,-88.97857222,2,1
28,107,10,8,21,38,1,1,0,0,4,2,0,1,0,2,5,1,2,65,2,1,2,1,0,0,1,1,0,0,88,88,88,88,88,88,0,0,0,0,1,5,0,280485,0,2009,99999,US-72,SR-302,0000000,34.43735556,-90.02643611,1,1
28,137,10,9,6,36,2,3,0,0,16,6,0,12,2,1,1,1,2,55,1,1,2,2,0,0,4,2,0,0,6,40,6,59,7,20,0,0,0,0,1,6,0,280486,2290,2009,0,W MAIN ST,99999999999999999999,0000000,34.61918889,-89.96186944,2,2
28,129,10,9,14,55,1,1,0,0,4,4,0,11,0,1,1,1,2,55,2,1,2,1,0,0,1,1,0,0,99,99,99,99,99,99,0,0,0,0,1,6,0,280487,0,2009,0,SCR 1,99999999999999999999,0000000,31.84387778,-89.36038889,1,1
28,63,10,10,0,35,1,1,0,0,4,4,0,42,0,1,5,1,2,45,2,1,2,2,0,0,2,2,0,0,88,88,88,88,88,88,0,0,0,0,1,7,1,280488,0,2009,0,WOODVINEROAD,99999999999999999999,0000000,31.81558333,-90.98941389,1,2
28,43,10,10,6,55,2,3,0,0,16,6,0,12,2,1,1,1,2,35,1,1,2,2,0,0,4,2,0,0,7,0,7,16,7,38,0,0,0,0,1,7,0,280489,1010,2009,0,COMMERCE ST,99999999999999999999,0000000,33.73238889,-89.79430556,2,2
28,35,10,11,1,20,1,1,0,0,6,4,0,34,0,1,5,1,2,45,2,1,2,1,0,0,2,1,0,0,88,88,88,88,88,88,0,0,0,0,1,1,1,280490,0,2009,0,LOTT TOWN RD,99999999999999999999,0000000,31.42514722,-89.43450556,1,1
28,67,10,11,3,0,1,1,0,0,4,4,0,1,0,1,5,1,2,40,2,3,2,1,0,0,2,1,0,0,88,88,88,88,88,88,0,0,0,0,1,1,1,280491,0,2009,0,PLEASANT GROVE RD,99999999999999999999,0000000,31.75349722,-88.98603889,1,1
28,145,10,12,17,17,3,5,0,0,16,6,0,12,2,1,1,1,2,35,1,1,2,2,0,0,1,2,0,0,17,24,17,39,18,13,0,20,0,0,2,2,0,280492,1740,2009,0,DAVIS RD,99999999999999999999,0000000,34.52694167,-89.01779722,3,2
28,151,10,13,12,7,2,3,0,0,4,3,0,12,2,1,1,1,2,55,1,1,2,2,0,0,1,2,0,0,12,38,13,1,13,29,0,0,0,0,1,3,0,280493,0,2009,99999,SR-1,99999999999999999999,0000000,33.31650833,-91.04443056,2,2
28,147,10,15,8,14,1,3,0,0,4,3,0,31,0,1,5,1,2,55,1,1,2,1,0,0,1,1,0,0,8,20,8,39,8,51,0,0,0,0,1,5,0,280494,0,2009,99999,SR-27,99999999999999999999,0000000,31.04440278,-90.19211111,1,1
28,67,10,16,15,37,1,3,0,0,4,3,0,35,0,1,5,1,2,55,1,1,2,1,0,0,1,1,0,0,16,1,16,39,17,2,0,0,0,0,1,6,0,280495,0,2009,99999,SR-29,99999999999999999999,0000000,31.69611389,-89.260225,1,1
28,73,10,17,14,42,2,4,0,0,16,3,0,12,2,1,1,1,2,55,1,1,2,1,0,0,1,1,0,0,88,88,88,88,88,88,0,0,0,0,1,7,0,280496,2070,2009,99999,SR-589,99999999999999999999,0000000,31.14333333,-89.38862778,2,1
28,1,10,18,19,0,1,2,1,0,4,4,0,8,0,1,1,1,2,0,1,1,2,1,0,0,2,1,0,0,88,88,88,88,88,88,0,0,0,0,1,1,0,280497,0,2009,0,PROVIDENCE RD,99999999999999999999,0000000,31.53212778,-91.41527222,1,1
28,35,10,18,22,14,2,4,0,0,14,2,0,12,2,1,1,2,4,55,1,1,2,1,0,0,2,1,0,0,22,36,23,0,23,19,0,0,0,0,1,1,0,280498,1050,2009,99999,US-11,99999999999999999999,0000000,31.3872,-89.269925,2,1
28,151,10,19,8,50,1,3,0,1,2,2,0,1,0,1,5,2,4,55,1,1,2,1,0,0,1,1,0,0,9,6,9,36,10,11,0,0,0,0,1,2,0,280499,0,2009,99999,US-61,99999999999999999999,0000000,33.16456944,-90.84581944,1,1
28,31,10,19,14,43,2,2,0,0,4,3,0,12,4,1,1,1,2,55,1,1,2,1,20,3,1,1,0,0,15,0,15,14,15,39,0,0,0,0,1,2,0,280500,0,2009,99999,SR-532,99999999999999999999,0000000,31.74189167,-89.50003611,2,1
28,113,10,19,15,46,1,3,0,0,16,6,0,10,0,6,1,1,2,30,1,1,2,1,61,3,1,1,0,0,88,88,88,88,88,88,0,0,0,0,3,2,0,280501,1470,2009,0,NEH CIR,99999999999999999999,9999999,31.23171944,-90.44960278,1,1
28,31,10,19,15,57,2,2,0,0,4,3,0,12,4,2,1,1,2,55,1,1,2,1,0,0,1,1,0,0,88,88,88,88,88,88,0,0,0,0,1,2,0,280502,0,2009,99999,SR-532,UNKNOWN,0000000,31.70796944,-89.41,2,1
28,29,10,19,22,58,1,1,0,1,11,1,0,42,0,1,6,2,4,70,1,1,2,1,0,0,2,1,0,0,88,88,88,88,88,88,0,0,0,0,1,2,1,280503,0,2009,99999,I-55,99999999999999999999,0000000,31.93624722,-90.39769722,1,1
28,45,10,20,17,24,1,1,0,0,16,6,0,38,0,1,6,1,2,25,1,1,2,1,0,0,3,1,0,0,88,88,88,88,88,88,0,0,0,0,1,3,0,280504,130,2009,0,TURNER ST,99999999999999999999,0000000,30.30568889,-89.36420833,1,1
28,95,10,21,10,25,2,2,0,1,2,3,0,12,8,1,1,1,2,55,1,1,2,1,0,0,1,1,0,0,10,40,11,10,11,46,0,0,0,0,1,4,0,280505,0,2009,99999,SR-25,99999999999999999999,0000000,33.78977778,-88.59271944,2,1
28,65,10,21,20,35,2,2,0,0,4,3,0,12,2,1,1,1,2,55,1,1,2,1,0,0,2,1,0,0,88,88,88,88,88,88,0,0,0,0,2,4,0,280506,0,2009,99999,SR-42,99999999999999999999,0000000,31.48928611,-89.72474167,2,1
28,123,10,23,17,19,2,4,0,0,4,3,0,12,5,1,1,1,2,55,1,1,2,1,0,0,1,1,0,0,17,36,18,0,18,29,0,0,0,0,3,6,0,280507,0,2009,99999,SR-21,99999999999999999999,0000000,32.38568889,-89.45969444,2,1
28,53,10,23,19,4,1,2,1,1,2,2,0,8,0,1,1,2,4,45,1,1,2,1,0,0,3,1,0,0,88,88,88,88,88,88,0,0,0,0,1,6,0,280508,0,2009,99999,US-49,99999999999999999999,0000000,33.33970833,-90.23860833,1,1
28,49,10,23,19,41,1,2,1,0,16,6,0,8,0,2,1,2,4,35,1,1,2,1,0,0,3,1,0,0,88,88,88,88,88,88,0,0,0,0,1,6,0,280509,1220,2009,0,MEDGER EVERS BLVD,SUMMITT DR,0000000,32.337975,-90.21135833,1,1
28,35,10,24,18,38,1,1,0,1,1,1,0,1,0,1,6,2,4,70,1,1,2,1,0,0,1,1,0,0,88,88,88,88,88,88,0,0,0,0,1,7,0,280510,0,2009,99999,I-59,99999999999999999999,0000000,31.22814167,-89.32331111,1,1
28,141,10,25,3,57,1,1,0,0,4,3,0,35,0,1,5,1,2,55,1,2,2,1,0,0,2,1,0,0,88,88,88,88,88,88,0,0,0,0,1,1,0,280511,0,2009,99999,SR-350,99999999999999999999,0000000,34.99027778,-88.36050556,1,1
28,49,10,25,5,2,1,2,1,0,16,6,0,8,0,2,1,1,2,35,1,1,2,1,0,0,3,1,0,0,99,99,99,99,99,99,0,0,0,0,1,1,0,280512,1220,2009,0,RAYMOND RD,GIBRALTAR DR,0000000,32.28393056,-90.23226944,1,1
28,49,10,25,15,31,1,1,0,1,12,2,0,42,0,1,6,2,4,70,1,1,2,1,0,0,1,1,0,0,15,45,16,0,16,40,0,0,0,0,1,1,0,280513,0,2009,99999,US-51,99999999999999999999,0000000,32.12598056,-90.29028056,1,1
28,27,10,25,23,25,1,2,1,1,2,2,0,8,0,1,1,2,4,65,1,1,2,1,0,0,2,1,0,0,88,88,88,88,88,88,0,0,0,0,1,1,0,280514,0,2009,99999,US-61,99999999999999999999,0000000,34.14768333,-90.6427,1,1
28,27,10,30,5,34,2,3,0,1,2,2,0,12,4,2,1,2,4,65,1,1,2,2,0,0,2,2,0,0,6,11,6,39,99,99,0,0,0,0,1,6,0,280515,0,2009,99999,US-61,RODGERS RD,0000000,34.13361944,-90.66218333,2,2
28,49,10,30,7,37,2,2,0,1,2,3,0,12,4,2,1,2,4,65,1,1,2,1,3,3,4,1,0,0,8,1,8,36,9,0,0,0,0,0,1,6,0,280516,0,2009,99999,SR-18,MIDWAY RD,0000000,32.25512778,-90.37396389,2,1
28,123,10,30,16,43,2,3,0,1,2,2,0,12,2,1,1,1,2,55,1,1,2,2,0,0,1,2,0,0,16,59,17,24,18,3,0,0,0,0,1,6,0,280517,0,2009,99999,US-80,99999999999999999999,0000000,32.3622,-89.50089444,2,2
28,127,10,30,16,55,1,2,0,0,4,4,0,42,0,1,5,1,2,55,2,1,2,2,0,0,1,2,0,0,17,15,18,0,99,99,0,0,0,0,2,6,0,280518,0,2009,0,OLD RIVER RD,99999999999999999999,0000000,31.88870833,-90.128575,1,2
28,119,10,31,8,56,1,2,0,0,4,3,0,35,0,1,5,1,2,35,2,1,2,2,0,0,2,2,0,0,88,88,88,88,88,88,0,0,0,0,2,7,0,280519,0,2009,99999,SR-316,99999999999999999999,0000000,34.26601389,-90.32328056,1,2
28,93,10,31,20,56,1,2,0,0,16,6,0,43,0,1,5,1,2,40,2,3,2,1,0,0,3,1,0,0,21,13,22,0,22,40,0,0,0,0,1,7,0,280520,1140,2009,0,HWY 4 E,99999999999999999999,0000000,34.69970833,-89.50535833,1,1
28,89,7,5,18,24,1,1,0,1,11,1,0,34,0,1,5,2,4,60,1,1,2,1,0,0,1,1,0,0,88,88,88,88,88,88,0,0,0,0,1,1,0,280521,2130,2009,99999,I-55,99999999999999999999,0000000,32.41713056,-90.14699444,1,1
28,31,8,25,8,35,1,2,0,1,2,2,0,1,0,1,5,2,4,65,1,3,2,1,0,0,1,1,0,0,8,42,8,59,9,36,0,0,0,0,1,3,0,280522,1700,2009,99999,US-49,99999999999999999999,0000000,31.71546389,-89.62710833,1,1
28,97,8,30,12,50,1,2,0,0,4,4,0,42,0,1,5,1,2,55,2,2,2,2,0,0,1,2,0,0,99,99,99,99,99,99,0,0,0,0,1,1,0,280523,0,2009,0,LOWER MILLIGAN SPRIN,99999999999999999999,0000000,33.43781667,-89.62341667,1,2
28,45,10,3,1,29,1,1,0,0,4,4,0,32,0,1,5,1,2,35,2,1,2,1,0,0,2,1,0,0,88,88,88,88,88,88,0,0,0,0,1,7,0,280524,0,2009,99999,LOWERBAY RD,99999999999999999999,0000000,30.28708611,-89.40390556,1,1
28,105,11,1,2,21,1,1,0,0,4,3,0,42,0,1,5,1,2,55,1,1,2,1,0,0,2,1,0,0,88,88,88,88,88,88,0,0,0,0,1,1,1,280525,0,2009,99999,SR-12,99999999999999999999,0000000,33.37248889,-88.98921389,1,1
28,67,11,2,5,8,1,1,0,0,16,6,0,30,0,1,5,1,2,45,1,1,2,1,0,0,2,1,0,0,5,10,99,99,99,99,0,0,0,0,1,2,0,280526,1310,2009,0,CHANTILLY ST,99999999999999999999,0000000,31.69764722,-89.112425,1,1
28,47,11,2,6,4,2,2,0,0,13,4,0,12,8,1,1,1,2,45,1,1,2,1,0,0,4,1,0,0,88,88,88,88,88,88,0,0,0,0,1,2,0,280527,0,2009,0,CO FARM RD,99999999999999999999,0000000,30.48503333,-89.06303056,2,1