STATE,COUNTY,MONTH,DAY,HOUR,MINUTE,VE_TOTAL,PERSONS,PEDS,NHS,ROAD_FNC,ROUTE,SP_JUR,HARM_EV,MAN_COLL,REL_JUNC,REL_ROAD,TRAF_FLO,NO_LANES,SP_LIMIT,ALIGNMNT,PROFILE,PAVE_TYP,SUR_COND,TRA_CONT,T_CONT_F,LGT_COND,WEATHER1,WEATHER2,WRK_ZONE,NOT_HOUR,NOT_MIN,ARR_HOUR,ARR_MIN,HOSP_HR,HOSP_MN,SCH_BUS,CF1,CF2,CF3,FATALS,DAY_WEEK,DRUNK_DR,ST_CASE,CITY,YEAR,MILEPT,TWAY_ID,TWAY_ID2,RAIL,LATITUDE,LONGITUD,VE_FORMS,WEATHER
28,11,11,3,14,15,2,2,0,1,2,2,0,12,4,2,1,2,4,65,1,1,2,1,20,3,1,1,0,0,14,39,15,2,15,35,0,0,0,0,1,3,0,280528,0,2009,99999,US-61,PEMBLE RD,0000000,33.83621944,-90.73473333,2,1
28,49,11,3,20,59,1,3,0,0,16,6,0,42,0,2,6,1,2,25,1,1,2,1,0,0,3,1,0,0,21,1,21,20,21,36,0,0,0,0,1,3,0,280529,1220,2009,0,EMINENCE ROW,DOUGLAS AVE,0000000,32.34859722,-90.19704444,1,1
28,43,11,4,7,45,2,2,0,0,4,3,0,12,4,4,1,1,2,55,1,1,2,1,0,0,1,1,0,0,8,2,8,39,9,5,0,0,0,0,1,4,0,280530,0,2009,99999,SR-8,99999999999999999999,0000000,33.77146111,-89.72246667,2,1
28,163,11,4,21,3,1,1,0,0,4,4,0,30,0,1,5,1,2,45,1,1,2,1,0,0,2,1,0,0,88,88,88,88,88,88,0,0,0,0,1,4,0,280531,0,2009,0,VAUGHAN RD,99999999999999999999,0000000,32.87064722,-89.991675,1,1
28,121,11,5,6,11,1,2,0,0,4,4,0,35,0,1,6,1,2,25,2,2,2,1,0,0,2,1,0,0,88,88,88,88,88,88,0,0,0,0,2,5,0,280532,0,2009,0,JOHNS-MAYTON,99999999999999999999,0000000,32.12903333,-89.7783,1,1
28,145,11,5,13,5,2,5,0,0,16,6,0,12,1,1,1,1,2,35,1,2,2,1,0,0,1,1,0,0,13,10,13,30,13,59,0,0,0,0,1,5,0,280533,1740,2009,0,MOSS HILL DR,99999999999999999999,0000000,34.50049167,-89.02234444,2,1
28,151,11,7,13,34,2,3,0,0,4,3,0,12,4,2,1,1,2,55,1,1,2,1,20,3,1,1,0,0,13,49,14,22,15,0,0,0,0,0,1,7,0,280534,0,2009,99999,SR-1,LAKE FERGUSON RD,0000000,33.46649722,-91.0528,2,1
28,59,11,7,18,53,2,3,0,0,4,4,0,12,6,1,1,1,2,50,1,2,2,1,0,0,2,1,0,0,18,59,19,19,19,50,0,0,0,0,1,7,0,280535,0,2009,0,JIM RAMSEY RD,99999999999999999999,0000000,30.53409722,-88.81635278,2,1
28,49,11,8,2,22,2,2,0,0,16,6,0,12,2,1,1,1,2,40,1,1,2,1,0,0,3,1,0,0,88,88,88,88,88,88,0,0,0,0,1,1,0,280536,1220,2009,0,FRONTAGE RD,99999999999999999999,0000000,32.27541389,-90.20032778,2,1
28,35,11,8,2,23,2,3,0,1,12,2,0,12,1,1,1,2,4,45,1,1,2,1,0,0,3,1,0,0,2,29,99,99,99,99,0,0,0,0,1,1,0,280537,1050,2009,99999,US-49,99999999999999999999,0000000,31.32336111,-89.32914722,2,1
28,7,11,8,3,20,1,1,0,0,6,4,0,42,0,1,5,1,2,55,1,2,2,1,0,0,2,1,0,0,88,88,88,88,88,88,0,0,0,0,1,1,0,280538,0,2009,0,ATTALA CO RD 2101,99999999999999999999,0000000,33.09118333,-89.79100278,1,1
28,49,11,9,6,40,1,1,0,0,16,6,0,21,0,1,5,2,4,40,1,1,2,1,0,0,1,1,0,0,6,42,7,0,7,12,0,0,0,0,1,2,0,280539,1220,2009,0,STATE ST,99999999999999999999,0000000,32.39851667,-90.15011667,1,1
28,143,11,10,8,16,1,1,0,0,4,3,0,1,0,1,5,1,2,55,1,1,2,1,0,0,1,1,0,0,88,88,88,88,88,88,0,0,0,0,1,3,0,280540,0,2009,99999,SR-3,99999999999999999999,0000000,34.71762778,-90.24255833,1,1
28,141,11,10,16,50,1,2,0,1,12,2,0,1,0,1,5,2,4,65,1,1,2,1,0,0,5,1,0,0,16,54,17,17,17,39,0,20,0,0,2,3,0,280541,1210,2009,99999,US-72,99999999999999999999,0000000,34.79022778,-88.20158889,1,1
28,137,5,22,15,13,2,2,0,0,4,4,0,12,1,1,1,1,2,45,1,3,2,1,0,0,1,1,0,0,15,24,15,50,16,16,0,0,0,0,1,6,0,280542,0,2009,0,PRICHARD RD,99999999999999999999,0000000,34.69991944,-90.17586667,2,1
28,107,11,11,12,48,1,2,0,0,4,2,0,1,0,1,6,1,2,65,1,1,2,1,0,0,1,1,0,0,12,57,13,13,13,45,0,0,0,0,1,4,0,280543,0,2009,99999,US-278,99999999999999999999,0000000,34.31005,-89.89640278,1,1
28,7,11,11,21,30,2,6,0,0,4,3,0,12,4,2,1,1,2,45,1,1,2,1,20,3,2,1,0,0,22,0,22,39,99,99,1,0,0,0,2,4,0,280544,0,2009,99999,SR-35,BIG SPRINGS RD,0000000,32.94213333,-89.55436667,2,1
28,33,11,13,15,8,1,4,0,0,5,4,0,42,0,1,5,1,2,25,1,3,2,1,0,0,1,1,0,0,15,19,15,39,16,0,0,0,0,0,1,6,0,280545,0,2009,0,BALDWIN RD,99999999999999999999,0000000,34.90184167,-90.13125556,1,1
28,47,11,13,16,55,1,1,0,0,4,4,0,35,0,1,6,1,2,35,1,1,2,1,0,0,5,1,0,0,88,88,88,88,88,88,0,0,0,0,1,6,0,280546,0,2009,0,28TH ST,99999999999999999999,0000000,30.50289444,-89.14341111,1,1
28,73,11,13,19,40,1,1,0,0,4,4,0,36,0,1,6,1,2,45,2,2,2,1,0,0,2,1,0,0,88,88,88,88,88,88,0,0,0,0,1,6,0,280547,0,2009,0,OLOH-PURVIS RD,99999999999999999999,0000000,31.217425,-89.53874722,1,1
28,51,11,14,16,48,1,1,0,0,4,3,0,1,0,1,6,1,2,55,2,2,2,1,0,0,1,1,0,0,17,17,17,36,18,18,0,0,0,0,1,7,0,280548,0,2009,99999,SR-17,99999999999999999999,0000000,33.339025,-90.01047222,1,1
28,31,11,14,17,34,2,3,0,0,4,4,0,12,4,2,1,1,2,55,1,1,2,1,20,3,2,1,0,0,88,88,88,88,88,88,0,0,0,0,1,7,0,280549,0,2009,0,OLD 49,SR-598,0000000,31.48898333,-89.42731667,2,1
28,33,11,15,14,37,1,3,0,0,4,4,0,35,0,1,5,1,2,45,1,3,2,1,0,0,1,1,0,1,14,46,15,12,99,99,0,0,0,0,1,1,0,280550,0,2009,0,RED BANKS RD,99999999999999999999,0000000,34.83756389,-89.7683,1,1
28,149,11,15,18,31,1,1,0,0,4,4,0,1,0,1,6,1,2,35,2,1,2,1,0,0,2,1,0,0,18,46,19,0,19,41,0,0,0,0,1,1,0,280551,0,2009,0,REDBONE RD,99999999999999999999,0000000,32.21795556,-90.89341111,1,1
28,127,11,16,15,57,2,6,0,0,4,3,0,12,2,1,1,1,2,55,2,2,2,1,0,0,1,1,0,0,16,3,17,0,17,45,1,0,0,0,1,2,0,280552,0,2009,99999,SR-43,99999999999999999999,0000000,31.88389722,-89.95253611,2,1
28,49,11,15,21,21,3,5,0,0,16,6,0,12,4,2,1,2,4,40,1,1,2,1,3,3,2,1,0,0,21,25,21,36,21,49,0,0,0,0,1,1,0,280553,1220,2009,0,NORTHSIDE DR,BAILEY AVE,0000000,32.35593056,-90.192775,3,1
28,121,11,17,18,29,2,2,0,0,16,6,0,12,4,2,1,2,4,50,1,1,2,1,3,3,3,1,0,0,18,32,18,42,19,0,0,0,0,0,1,3,0,280554,875,2009,0,LAKE DR,RIVER OAKS DR,0000000,32.33134722,-90.108575,2,1
28,1,11,17,21,9,1,2,1,1,2,2,0,8,0,1,1,2,4,65,2,3,2,1,0,0,2,1,0,0,88,88,88,88,88,88,0,0,0,0,1,3,0,280555,0,2009,99999,US-61,99999999999999999999,0000000,31.48946667,-91.36749722,1,1
28,73,11,18,16,55,2,2,0,1,4,2,0,12,1,1,1,2,4,65,1,2,2,1,0,0,1,1,0,1,17,6,17,39,99,99,0,0,0,0,1,4,0,280556,0,2009,99999,US-98,99999999999999999999,0000000,31.29278056,-89.56101944,2,1
28,107,11,19,8,21,2,2,0,1,1,1,0,12,4,1,1,2,4,70,1,2,2,1,0,0,1,1,0,0,8,36,9,0,9,20,0,0,0,0,1,5,0,280557,0,2009,99999,I-55,99999999999999999999,0000000,34.20775556,-89.92601389,2,1
28,113,11,19,11,30,2,3,0,1,1,1,0,12,2,1,1,2,4,70,1,1,2,1,0,0,1,1,0,0,11,43,12,0,12,20,0,0,0,0,1,5,0,280558,0,2009,99999,I-55,99999999999999999999,0000000,31.09540556,-90.48771111,2,1
28,5,11,21,17,40,1,2,0,0,4,4,0,42,0,1,6,1,2,45,1,1,2,2,0,0,2,2,0,0,17,59,18,36,19,0,0,0,0,0,1,7,0,280559,0,2009,0,LOWER CENTREVILLE RD,99999999999999999999,0000000,31.04763889,-90.96285,1,2
28,29,11,24,16,57,2,5,0,0,4,3,0,12,5,2,1,1,2,55,1,1,2,1,20,3,2,1,0,0,17,12,17,36,18,0,0,0,0,0,1,3,0,280560,0,2009,99999,SR-27,LEE AVE,0000000,31.99566667,-90.32113611,2,1
28,131,11,24,21,49,2,2,0,0,16,6,0,12,2,1,1,2,4,45,1,1,2,1,0,0,2,1,0,1,88,88,88,88,88,88,0,0,0,0,2,3,1,280561,0,2009,0,S AZALEA DR,99999999999999999999,0000000,30.84946111,-89.15433056,2,1
28,75,11,26,17,22,1,2,0,0,16,6,0,42,0,1,5,1,2,30,1,1,2,1,0,0,2,1,0,0,17,27,17,39,17,59,0,0,0,0,1,5,0,280562,1590,2009,0,42ND AVE,99999999999999999999,0000000,32.39514722,-88.7199,1,1
28,15,11,27,2,28,1,1,0,1,1,1,0,24,0,1,6,2,4,70,1,1,2,1,0,0,2,1,0,0,88,88,88,88,88,88,0,0,0,0,1,6,0,280563,0,2009,99999,I-55,99999999999999999999,0000000,33.33615833,-89.77516667,1,1
28,47,11,27,23,34,1,1,0,0,4,4,0,32,0,1,6,1,2,35,1,1,2,1,0,0,2,1,0,0,99,99,99,99,99,99,0,0,0,0,1,6,1,280564,0,2009,0,EDWIN LADNER RD,99999999999999999999,0000000,30.44645278,-89.338675,1,1
28,143,11,28,1,37,1,1,0,1,2,3,0,1,0,1,5,2,4,65,1,1,2,1,0,0,2,1,0,0,88,88,88,88,88,88,0,0,0,0,1,7,0,280565,0,2009,99999,SR-61,99999999999999999999,0000000,34.61456111,-90.39361944,1,1
28,73,11,28,4,26,1,2,0,0,4,2,0,42,0,1,5,1,2,55,1,2,2,1,0,0,2,1,0,0,4,49,5,15,5,39,0,0,0,0,1,7,0,280566,0,2009,99999,US-11,99999999999999999999,0000000,31.03870556,-89.43948333,1,1
28,139,11,28,10,50,1,2,0,0,4,3,0,1,0,1,6,1,2,55,1,1,2,1,0,0,1,1,0,0,11,3,11,26,11,51,0,0,0,0,1,7,0,280567,0,2009,99999,SR-15,99999999999999999999,0000000,34.61802222,-89.01200278,1,1
28,101,11,29,5,58,1,2,0,0,4,3,0,35,0,1,2,1,2,55,2,2,2,1,0,0,1,1,0,0,6,30,7,0,7,32,0,0,0,0,1,1,0,280568,0,2009,99999,SR-15,99999999999999999999,0000000,32.37133611,-89.12148056,1,1
28,13,11,30,4,14,1,2,1,0,4,3,0,8,0,1,1,1,2,55,1,1,2,2,0,0,2,2,0,0,88,88,88,88,88,88,0,0,0,0,1,2,0,280569,0,2009,99999,SR-330,99999999999999999999,0000000,33.94728611,-89.49727778,1,2
28,33,11,30,12,42,1,4,0,1,1,1,0,1,0,1,6,2,4,70,1,1,2,1,0,0,1,1,0,0,13,0,13,40,14,20,0,0,0,0,2,2,0,280570,0,2009,99999,I-55,99999999999999999999,0000000,34.79155,-89.96716944,1,1
28,119,5,31,1,44,1,1,0,0,4,3,1,34,0,1,6,1,2,55,2,1,2,1,0,0,2,1,0,0,99,99,99,99,99,99,0,0,0,0,1,1,0,280571,0,2009,99999,SR-315,99999999999999999999,0000000,34.43774444,-90.00025833,1,1
28,59,7,18,22,17,2,4,0,0,4,4,0,12,4,2,1,1,2,0,1,1,2,1,0,0,2,1,0,0,22,24,23,0,23,26,0,0,0,0,1,7,0,280572,0,2009,0,OLD BILOXI RD,ALLIE BYRD RD,0000000,30.53445,-88.86631667,2,1
28,11,7,26,2,15,1,1,0,0,4,4,0,34,0,1,6,1,2,45,1,1,2,1,0,0,2,1,0,0,99,99,99,99,99,99,0,0,0,0,1,1,0,280573,0,2009,0,MERIGOLD-DREW RD,99999999999999999999,0000000,33.83285,-90.68535833,1,1
28,57,8,1,0,52,1,1,0,0,4,4,0,42,0,1,6,1,2,0,2,1,2,1,0,0,2,1,0,0,99,99,99,99,99,99,0,0,0,0,1,7,0,280574,0,2009,0,TOMBIGBEE CHURCH RD,99999999999999999999,0000000,34.33858056,-88.45766667,1,1
28,109,8,19,15,2,1,2,0,0,4,4,0,31,0,1,4,1,2,35,2,1,2,1,0,0,1,1,0,0,15,16,15,39,16,0,0,0,0,0,1,4,0,280575,0,2009,0,MCNEILL HENLFIELD RD,99999999999999999999,0000000,30.66390278,-89.66089444,1,1
28,137,8,2,18,57,2,5,0,0,4,4,0,12,2,2,1,1,2,0,1,1,2,1,0,0,2,1,0,0,99,99,99,99,99,99,0,0,0,0,1,1,0,280576,0,2009,0,MAYS RD,SUNSET,0000000,34.72821111,-89.74113333,2,1
28,51,8,22,11,40,1,1,0,0,4,4,0,42,0,1,6,1,2,0,1,1,2,1,0,0,1,1,0,0,99,99,99,99,99,99,0,0,0,0,1,7,0,280577,0,2009,0,HOLLY GROVE MEEK RD,99999999999999999999,0000000,33.30499444,-90.19783889,1,1
28,127,9,16,20,3,1,2,1,0,16,6,0,8,0,1,1,2,4,50,1,1,2,1,0,0,2,1,0,0,88,88,88,88,88,88,0,0,0,0,1,4,0,280578,1510,2009,99999,US 49,99999999999999999999,0000000,31.86605833,-89.73639167,1,1
28,49,7,8,20,38,1,2,1,0,4,4,0,9,0,1,1,1,2,35,1,1,2,1,0,0,2,1,0,0,20,51,21,16,21,39,0,0,0,0,1,4,0,280579,0,2009,0,CEMETERY RD,99999999999999999999,0000000,32.33653333,-90.59669444,1,1
28,151,9,26,20,24,1,2,1,0,4,4,0,8,0,1,1,1,2,45,1,2,2,1,0,0,2,1,0,0,88,88,88,88,88,88,0,0,0,0,1,7,0,280580,0,2009,0,BLACK BAYOU RD,99999999999999999999,0000000,33.38062222,-90.90849722,1,1
28,73,9,28,6,30,1,2,1,0,6,3,0,8,0,2,1,1,2,55,1,1,2,1,0,0,1,1,0,0,99,99,99,99,99,99,0,0,0,0,1,2,0,280581,0,2009,99999,SR-13,LOWER AIRPORT RD,0000000,31.01148056,-89.47703333,1,1
28,99,10,15,10,18,1,1,0,0,4,4,0,34,0,1,5,1,2,0,1,1,2,1,0,0,1,1,0,0,99,99,99,99,99,99,0,0,0,0,1,5,0,280582,0,2009,0,CO RD 573,99999999999999999999,0000000,32.78878889,-89.09058056,1,1
28,101,11,5,15,55,1,1,0,0,4,4,0,42,0,1,6,1,2,55,2,2,2,1,0,0,1,1,0,0,16,2,16,22,16,55,0,0,0,0,1,5,0,280583,0,2009,0,DECATUR CONEHATTA RD,99999999999999999999,0000000,32.44387222,-89.15570556,1,1
28,47,12,1,6,24,2,2,0,0,16,6,0,12,1,1,1,2,4,40,1,1,2,1,0,0,1,1,0,0,6,26,6,39,7,0,0,0,0,0,1,3,0,280584,1020,2009,0,25TH AVE,99999999999999999999,0000000,30.37413333,-89.09315556,2,1
28,49,12,1,11,30,3,3,0,0,16,6,0,12,1,2,1,2,4,35,1,1,2,1,1,3,1,1,0,0,11,45,12,10,12,36,0,0,0,0,1,3,0,280585,1220,2009,0,MEADOWBROOK RD,OLD CANTON RD,0000000,32.34867778,-90.15607222,3,1
28,31,12,1,13,9,1,2,0,0,4,4,0,32,0,1,6,1,2,55,2,1,2,2,0,0,1,2,0,0,13,12,13,39,14,0,0,0,0,0,1,3,0,280586,0,2009,0,SALEM SCHOOL RD,99999999999999999999,0000000,31.655875,-89.54291944,1,2
28,51,12,2,9,20,1,2,0,1,1,1,0,42,0,1,5,2,4,70,1,1,2,2,0,0,1,2,0,0,9,37,9,50,10,6,0,0,0,0,1,4,0,280587,0,2009,99999,I-55,99999999999999999999,0000000,33.08981667,-89.89588611,1,2
28,79,12,2,11,13,1,1,0,0,4,4,0,32,0,1,5,1,2,55,2,2,2,2,0,0,1,2,0,0,88,88,88,88,88,88,0,0,0,0,1,4,0,280588,0,2009,0,RED DOG RD,99999999999999999999,0000000,32.77103889,-89.59101667,1,2
28,85,12,5,1,6,1,1,0,0,4,4,0,42,0,2,6,1,2,45,1,1,2,2,0,0,2,2,0,0,88,88,88,88,88,88,0,0,0,0,1,7,1,280589,0,2009,0,LINFRANK DR,JORDAN DR,0000000,31.36148889,-90.62026667,1,2
28,121,12,5,1,51,1,2,0,1,11,1,0,35,0,1,5,2,4,60,1,2,2,4,0,0,3,1,0,0,1,55,2,30,99,99,0,0,0,0,1,7,1,280590,1918,2009,99999,I-55,99999999999999999999,0000000,32.27084167,-90.07754722,1,1
28,121,12,5,4,15,1,1,0,1,11,1,0,42,0,1,5,2,4,70,1,1,2,4,0,0,2,3,0,0,88,88,88,88,88,88,0,0,0,0,1,7,1,280591,300,2009,99999,I-20,99999999999999999999,0000000,32.28198056,-89.90700278,1,3
28,17,4,22,14,0,1,2,1,0,9,9,0,9,0,1,1,1,2,50,1,1,2,1,0,0,1,1,0,0,88,88,88,88,88,88,0,0,0,0,1,4,0,280592,0,2009,0,NATCHEZ TRACE,99999999999999999999,0000000,33.92573611,-88.92647222,1,1
28,79,7,11,13,45,1,1,0,0,9,8,0,42,0,1,6,1,2,50,1,1,2,1,0,0,1,1,0,0,88,88,88,88,88,88,0,0,0,0,1,7,0,280593,0,2009,0,NATCHEZ TRACE,99999999999999999999,0000000,32.68974722,-89.72159722,1,1
28,79,10,9,11,30,1,2,1,0,9,9,0,9,0,1,1,1,2,50,1,1,2,1,0,0,1,1,0,0,88,88,88,88,88,88,0,0,0,0,1,6,0,280594,0,2009,0,NATCHEZ TRACE,99999999999999999999,0000000,32.68858056,-89.72319722,1,1
28,151,12,5,18,55,1,1,0,0,4,4,0,42,0,1,5,1,2,30,1,1,2,1,0,0,3,1,0,0,88,88,88,88,88,88,0,0,0,0,1,7,0,280595,990,2009,0,FAIRVIEW,99999999999999999999,0000000,33.3962,-91.04356111,1,1
28,33,12,10,20,48,3,4,0,0,16,2,0,12,4,2,1,2,4,35,1,1,2,1,20,3,3,1,0,0,21,0,21,13,21,39,0,0,0,0,1,5,0,280596,2422,2009,99999,US-51,STATELINE RD,0000000,34.99186667,-90.02249722,3,1
28,151,12,10,22,25,2,2,0,0,16,2,0,12,4,2,1,2,4,45,1,1,2,1,20,3,3,1,0,0,22,39,23,11,23,36,0,0,0,0,1,5,0,280597,990,2009,99999,US-82,RACEWAY RD,0000000,33.40020556,-91.00655833,2,1
28,67,12,11,14,58,1,2,1,0,4,4,0,8,0,1,1,1,2,35,1,1,2,1,0,0,1,1,0,0,99,99,99,99,99,99,0,0,0,0,1,6,0,280598,0,2009,0,HOUSTON RD,99999999999999999999,0000000,31.75192778,-89.13976111,1,1
28,121,12,12,7,57,1,2,0,1,1,1,0,42,0,1,6,2,4,70,1,1,2,2,0,0,1,2,0,0,8,14,8,36,99,99,0,0,0,0,1,7,0,280599,0,2009,99999,I-20,99999999999999999999,0000000,32.27925833,-89.99107222,1,2
28,49,12,12,9,53,1,1,0,0,16,6,0,35,0,1,5,1,2,30,1,1,2,2,0,0,1,2,0,0,9,57,10,13,10,36,0,0,0,0,1,7,0,280600,1220,2009,0,ROBINSON RD,99999999999999999999,0000000,32.281075,-90.27937778,1,2
28,161,12,12,23,57,1,4,0,0,4,3,0,42,0,1,5,1,2,55,1,1,2,2,0,0,2,2,0,0,0,28,0,59,1,10,0,0,0,0,1,7,1,280601,0,2009,99999,SR-7,99999999999999999999,0000000,33.89678056,-89.77984444,1,2
28,141,12,12,18,12,2,2,0,0,16,3,0,12,5,8,1,2,4,45,1,1,2,2,0,0,2,2,0,0,18,20,18,39,18,56,0,0,0,0,1,7,0,280602,1210,2009,99999,SR-72,99999999999999999999,0000000,34.80971667,-88.19377778,2,2
28,77,12,13,17,10,1,4,0,0,4,4,0,42,0,1,6,1,2,45,2,1,2,2,0,0,2,2,0,0,17,14,17,36,18,0,0,0,0,0,1,1,1,280603,0,2009,0,CARMEL-NEW HOPE RD,99999999999999999999,0000000,31.49008889,-90.17621111,1,2
28,87,12,14,10,55,1,1,0,0,4,3,0,1,0,2,6,1,2,55,1,1,2,2,0,0,1,2,0,0,88,88,88,88,88,88,0,0,0,0,1,2,1,280604,0,2009,99999,SR-50,HONEY SUCKLE DR,0000000,33.52881111,-88.32108611,1,2
28,49,5,18,14,53,1,1,0,0,16,6,0,24,0,1,5,1,2,50,2,2,2,1,0,0,1,1,0,0,88,88,88,88,88,88,0,0,0,0,1,2,1,280605,1220,2009,0,W FRONTAGE RD,99999999999999999999,0000000,32.2454,-90.21347222,1,1
28,49,6,20,2,21,1,1,0,0,16,6,0,1,0,1,5,2,4,50,1,1,2,1,0,0,3,1,0,0,88,88,88,88,88,88,0,0,0,0,1,7,0,280606,1220,2009,99999,FRONTAGE RD,99999999999999999999,0000000,32.35996111,-90.23486389,1,1
28,11,8,13,16,22,1,1,0,0,4,4,0,34,0,1,5,1,2,45,1,1,2,1,0,0,1,1,0,0,99,99,99,99,99,99,0,0,0,0,1,5,0,280607,0,2009,0,SHAW SKENE RD,99999999999999999999,0000000,33.61050833,-90.79848333,1,1
28,83,11,11,15,9,1,3,1,0,16,2,0,8,0,2,1,2,4,45,1,1,2,1,20,3,1,1,0,0,15,15,15,36,15,50,0,0,0,0,1,4,0,280608,1000,2009,99999,US-82,MARTIN LUTHER KING,0000000,33.50980556,-90.16334722,1,1
28,33,12,15,14,40,2,2,0,1,1,1,0,12,4,1,6,2,4,70,1,1,2,1,0,0,1,1,0,0,88,88,88,88,88,88,0,0,0,0,1,3,0,280609,0,2009,99999,I-55,99999999999999999999,0000000,34.78511667,-89.96648333,2,1
28,59,12,16,5,23,2,2,0,0,4,3,0,12,2,1,1,1,2,45,1,1,2,1,0,0,2,1,0,0,5,48,6,11,6,39,0,0,0,0,1,4,0,280610,0,2009,99999,SR-613,99999999999999999999,0000000,30.45740556,-88.54186667,2,1
28,149,12,16,0,37,1,1,0,0,4,4,0,24,0,1,5,1,2,35,2,2,2,2,0,0,2,2,0,0,88,88,88,88,88,88,0,0,0,0,1,4,1,280611,0,2009,0,FREETOWN RD,99999999999999999999,0000000,32.39670278,-90.72981944,1,2
28,29,12,16,22,2,1,1,0,0,4,4,0,42,0,1,5,1,2,15,1,1,2,1,0,0,2,1,0,0,88,88,88,88,88,88,0,0,0,0,1,4,0,280612,0,2009,0,MADDOX LN,99999999999999999999,0000000,32.02768889,-90.35847222,1,1
28,47,12,18,8,25,2,3,0,0,16,6,0,12,2,1,1,1,2,40,1,2,2,2,0,0,1,2,0,0,99,99,99,99,99,99,1,0,0,0,1,6,0,280613,230,2009,0,POPPS FERRY BRIDGE,99999999999999999999,0000000,30.41470556,-88.97595278,2,2
28,49,12,19,12,23,2,5,0,0,13,3,0,12,4,2,1,2,4,65,1,1,2,1,20,3,1,1,0,0,99,99,99,99,99,99,0,0,0,0,1,7,0,280614,0,2009,99999,SR-18,MIDWAY RD,0000000,32.25501944,-90.37396389,2,1
28,25,12,20,5,27,1,2,1,0,4,2,0,8,0,2,1,2,4,65,1,1,2,1,0,0,2,1,0,0,88,88,88,88,88,88,0,0,0,0,1,1,0,280615,0,2009,99999,US-45A,OLD WEST POINT RD,0000000,33.528875,-88.658875,1,1
28,57,12,21,21,25,1,1,0,0,4,4,0,42,0,1,5,1,2,55,2,1,1,1,0,0,2,1,0,0,88,88,88,88,88,88,0,0,0,0,1,2,0,280616,0,2009,0,JOHN RANKIN,99999999999999999999,0000000,34.35590833,-88.39221944,1,1
28,85,10,19,12,56,1,1,0,0,4,4,0,35,0,1,5,1,2,45,1,1,2,1,0,0,1,1,0,0,13,12,13,36,13,50,0,0,0,0,1,2,0,280617,0,2009,0,BIG CREEK RD,99999999999999999999,0000000,31.65126389,-90.35018889,1,1
28,149,12,23,14,49,1,3,0,0,6,4,0,35,0,1,5,1,2,30,1,2,5,2,0,0,1,2,0,0,15,14,15,39,16,13,0,0,0,0,1,4,0,280618,0,2009,0,CAMPBELL SWAMP RD,99999999999999999999,0000000,32.18825278,-90.87161111,1,2
28,17,12,24,14,37,1,1,0,0,16,6,0,1,0,1,6,1,2,35,2,1,2,2,0,0,1,2,0,0,88,88,88,88,88,88,0,0,0,0,1,5,0,280619,1160,2009,0,OLD WEST POINT RD,99999999999999999999,0000000,33.92085556,-89.03440556,1,2
28,33,12,25,16,54,2,3,0,1,2,2,0,12,8,1,1,2,4,65,1,1,2,1,0,0,2,1,0,0,88,88,88,88,88,88,0,0,0,0,1,6,0,280620,0,2009,99999,US-61,99999999999999999999,0000000,34.91873333,-90.18213333,2,1
28,65,12,25,19,44,1,2,1,0,4,3,0,8,0,1,1,1,2,55,1,1,2,1,0,0,2,1,0,0,19,58,99,99,99,99,0,0,0,0,1,6,0,280621,0,2009,0,SR-42,99999999999999999999,0000000,31.53889444,-89.79988611,1,1
28,3,12,26,14,47,2,3,0,0,4,2,0,12,1,1,1,2,4,65,1,2,2,1,0,0,1,1,0,0,14,57,15,12,15,46,0,0,0,0,1,7,0,280622,0,2009,99999,US-72,99999999999999999999,0000000,34.93518333,-88.744725,2,1
28,151,12,26,17,53,1,2,0,0,4,4,0,1,0,1,6,1,2,45,2,2,2,1,0,0,2,1,0,0,18,0,18,18,18,36,0,0,0,0,1,7,0,280623,0,2009,0,OLD HWY 61,99999999999999999999,0000000,33.232225,-90.87366944,1,1
28,27,12,26,23,35,2,4,0,0,16,6,0,12,2,1,1,2,4,50,1,1,2,1,0,0,2,1,0,0,23,38,0,12,0,50,0,0,0,0,2,7,1,280624,0,2009,0,HWY 61,99999999999999999999,0000000,34.20115556,-90.53043333,2,1
28,35,12,27,10,0,1,1,0,0,4,4,0,42,0,1,5,1,2,45,1,1,2,1,0,0,1,1,0,0,10,12,10,36,99,99,0,0,0,0,1,1,0,280625,0,2009,0,OLD RIVER RD,99999999999999999999,0000000,31.24469167,-89.16851389,1,1
28,39,12,29,19,34,2,2,0,1,2,2,0,12,4,2,1,2,4,65,1,1,2,1,0,0,2,1,0,0,88,88,88,88,88,88,0,0,0,0,1,3,0,280626,0,2009,99999,US-98,SR-63,0000000,30.95170278,-88.549975,2,1
28,61,12,29,20,0,1,1,0,0,4,4,0,1,0,1,5,1,2,55,2,1,2,1,0,0,2,1,0,0,88,88,88,88,88,88,0,0,0,0,1,3,0,280627,0,2009,0,CO RD 812,99999999999999999999,0000000,32.08003056,-89.10341389,1,1
28,29,12,31,0,56,1,1,0,0,4,3,0,35,0,1,6,1,2,55,1,1,2,2,0,0,2,2,0,0,88,88,88,88,88,88,0,0,0,0,1,5,0,280628,0,2009,0,SR-28,99999999999999999999,0000000,31.745175,-90.67068056,1,2