STATE,COUNTY,MONTH,DAY,HOUR,MINUTE,VE_TOTAL,PERSONS,PEDS,NHS,ROAD_FNC,ROUTE,SP_JUR,HARM_EV,MAN_COLL,REL_JUNC,REL_ROAD,TRAF_FLO,NO_LANES,SP_LIMIT,ALIGNMNT,PROFILE,PAVE_TYP,SUR_COND,TRA_CONT,T_CONT_F,LGT_COND,WEATHER1,WEATHER2,WRK_ZONE,NOT_HOUR,NOT_MIN,ARR_HOUR,ARR_MIN,HOSP_HR,HOSP_MN,SCH_BUS,CF1,CF2,CF3,FATALS,DAY_WEEK,DRUNK_DR,ST_CASE,CITY,YEAR,MILEPT,TWAY_ID,TWAY_ID2,RAIL,LATITUDE,LONGITUD,VE_FORMS,WEATHER
28,153,12,30,23,29,1,1,0,0,4,4,0,1,0,1,6,1,2,35,2,1,2,2,0,0,2,2,0,0,99,99,99,99,99,99,0,0,0,0,1,4,0,280629,0,2009,0,DENHAM PROGRESS,99999999999999999999,0000000,31.62791667,-88.50028056,1,2
28,47,12,30,19,41,1,4,1,0,16,6,0,8,0,1,1,2,4,15,1,1,2,2,0,0,2,2,0,0,19,47,19,53,99,99,0,0,0,0,1,4,0,280630,230,2009,0,BEACH BLVD,99999999999999999999,0000000,30.39364444,-88.93235278,1,2
28,93,8,9,0,59,1,2,0,0,4,4,0,35,0,1,5,1,2,40,2,3,2,1,0,0,2,1,0,0,1,36,99,99,99,99,0,0,0,0,1,1,0,280631,0,2009,0,CAYCE RD,99999999999999999999,0000000,34.91831111,-89.618225,1,1
29,47,1,1,0,15,2,3,0,0,14,2,0,12,1,3,1,3,2,40,1,2,2,1,3,3,3,1,0,0,99,99,99,99,99,99,0,0,0,0,3,5,1,290001,4120,2009,289,US-69,SR-1,0000000,39.18623056,-94.54911111,2,1
29,101,1,1,0,15,1,2,0,0,4,3,0,27,0,1,4,1,2,55,2,2,2,1,0,0,2,1,0,0,0,30,0,50,1,28,0,0,0,0,1,5,1,290002,0,2009,9,SR-Y,99999999999999999999,0000000,38.70108333,-93.71872222,1,1
29,183,1,1,6,40,1,1,0,0,4,3,0,1,0,1,4,1,2,55,2,2,2,1,0,0,1,1,0,0,99,99,99,99,99,99,0,0,0,0,1,5,1,290003,0,2009,154,SR-D,99999999999999999999,0000000,38.70641667,-90.76441667,1,1
29,161,1,1,13,21,1,1,0,1,2,3,0,33,0,1,4,5,3,25,1,1,2,1,0,0,1,1,0,0,99,98,99,98,88,88,0,0,0,0,1,5,1,290004,7050,2009,4,SR-8,99999999999999999999,0000000,38.00128611,-91.61694167,1,1
29,95,1,2,1,32,1,3,0,0,14,6,0,42,0,1,4,5,2,30,1,1,2,1,0,0,3,1,0,0,99,99,99,99,99,99,0,0,0,0,1,6,1,290005,4120,2009,18,PROSPECTAVE,99999999999999999999,0000000,39.08133889,-94.55235278,1,1
29,189,1,2,2,50,1,6,0,0,6,4,0,32,0,1,4,1,2,25,2,2,2,1,0,0,3,1,0,0,2,55,3,4,3,36,0,0,0,0,2,6,1,290006,0,2009,3,ELCAMARA,99999999999999999999,0000000,38.79548611,-90.24493889,1,1
29,95,1,2,5,30,2,5,0,0,14,6,0,12,4,1,1,5,2,35,1,2,2,1,0,0,3,1,0,0,99,99,99,99,99,99,0,0,0,0,2,6,1,290007,4120,2009,41,PROSPECTAVE,99999999999999999999,0000000,39.04773611,-94.55404722,2,1
29,145,1,2,12,30,1,1,0,0,5,3,0,1,0,1,4,1,2,55,1,1,2,1,0,0,1,1,0,0,99,98,99,98,88,88,0,0,0,0,1,6,0,290008,0,2009,18,SR-DD,99999999999999999999,0000000,36.78,-94.58452778,1,1
29,49,1,2,20,0,2,3,0,0,3,3,0,12,2,1,1,1,2,60,1,2,2,1,0,0,2,1,0,0,20,8,20,14,99,99,0,0,0,0,1,6,1,290009,0,2009,145,SR-116,99999999999999999999,0000000,39.55855556,-94.38069444,2,1
29,23,1,3,1,20,1,2,1,0,13,3,0,8,0,1,1,5,4,35,1,2,2,1,0,0,3,1,0,0,99,99,99,99,99,99,0,0,0,0,1,7,0,290010,6410,2009,16,SR-67,99999999999999999999,0000000,36.77828611,-90.42343056,1,1
29,145,1,3,8,11,2,2,0,0,2,2,0,12,2,1,2,1,2,60,1,2,2,2,0,0,1,1,0,0,99,99,99,99,99,99,0,0,0,0,1,7,0,290011,7240,2009,5,US-60,99999999999999999999,0000000,36.82448889,-94.61180556,2,1
29,69,1,3,5,0,1,1,0,0,4,3,0,34,0,1,4,1,2,55,1,1,2,2,0,0,2,9,0,0,5,13,5,22,88,88,0,0,0,0,1,7,1,290012,0,2009,63,SR-J,99999999999999999999,0000000,36.56469444,-90.06577778,1,9
29,29,1,3,15,55,1,1,0,0,3,3,0,33,0,1,4,1,2,45,2,2,2,1,0,0,1,1,0,0,16,8,16,25,16,52,0,0,0,0,1,7,0,290013,0,2009,2,SR-TT,99999999999999999999,0000000,38.14466667,-92.76436111,1,1
29,187,1,3,16,50,2,3,0,0,4,3,0,12,5,2,1,1,2,55,1,3,2,2,20,3,1,1,0,0,99,99,99,99,99,99,0,0,0,0,1,7,1,290014,0,2009,39,SR-K,HILLSBORORD,0000000,37.92944444,-90.47222222,2,1
29,181,1,3,20,0,2,4,0,0,3,3,0,12,2,1,1,1,2,55,2,1,2,2,40,3,2,1,0,0,20,16,20,30,99,99,0,0,0,0,3,7,1,290015,0,2009,334,SR-142,99999999999999999999,0000000,36.59125,-90.61130556,2,1
29,95,1,3,23,47,2,3,1,1,11,1,0,12,5,1,1,3,4,65,1,2,2,1,0,0,2,1,0,0,99,99,99,99,99,99,0,19,0,0,1,7,0,290016,4120,2009,22,I-435,99999999999999999999,0000000,38.93966389,-94.56749167,2,1
29,183,1,4,3,30,2,5,0,1,12,3,0,12,4,2,1,2,2,55,1,1,2,1,1,3,3,1,0,0,99,99,99,99,99,99,0,0,0,0,1,1,2,290017,0,2009,275,SR-94,PRALLELN,0000000,38.76083333,-90.53002778,2,1
29,27,1,5,7,25,1,1,0,0,4,3,0,1,0,1,4,1,2,55,2,1,2,1,0,0,1,1,0,0,99,98,99,98,88,88,0,0,0,0,1,2,0,290018,0,2009,36,SR-UU,99999999999999999999,0000000,38.84444444,-91.87,1,1
29,47,1,5,12,3,2,2,0,1,2,3,0,12,4,8,1,1,2,55,1,2,2,1,0,0,1,1,0,0,12,4,12,22,12,51,0,0,0,0,1,2,0,290019,0,2009,5,SR-92,99999999999999999999,0000000,39.36944444,-94.59252778,2,1
29,139,1,6,5,50,1,1,0,0,3,3,0,42,0,1,4,1,2,55,2,2,2,4,0,0,2,5,0,0,6,2,6,12,88,88,0,0,0,0,1,3,0,290020,0,2009,286,SR-19,99999999999999999999,0000000,38.76888889,-91.47416667,1,5
29,99,1,6,21,12,3,4,0,1,11,1,0,12,3,15,1,3,4,65,1,2,1,1,0,0,3,1,0,0,21,14,21,33,21,48,0,0,0,0,1,3,0,290021,335,2009,8,I-55,SR-141,0000000,38.44560278,-90.37909722,3,1
29,221,1,7,14,25,2,3,0,0,3,3,0,12,5,2,1,1,2,55,1,2,2,1,20,3,1,1,0,0,14,28,14,46,99,99,0,0,0,0,1,4,0,290022,0,2009,31,SR-47,SR-H,0000000,38.16611111,-90.81444444,2,1
29,99,1,7,20,25,1,2,0,0,4,3,0,1,0,1,4,1,2,55,2,2,2,1,0,0,2,1,0,0,20,27,20,41,99,99,0,0,0,0,1,4,1,290023,0,2009,51,SR-Y,99999999999999999999,0000000,38.25197222,-90.70808333,1,1
29,99,1,8,23,54,1,1,0,0,4,3,0,42,0,1,4,1,2,55,2,2,2,1,0,0,2,1,0,0,23,53,23,58,88,88,0,0,0,0,1,5,1,290024,0,2009,76,SR-P,99999999999999999999,0000000,38.16945278,-90.53155,1,1
29,71,1,9,0,36,2,2,0,0,2,3,0,12,4,8,1,1,2,55,1,1,2,1,0,0,2,1,0,0,99,98,99,98,88,88,0,0,0,0,1,6,0,290025,0,2009,112,SR-47,99999999999999999999,0000000,38.40455556,-90.98466667,2,1
29,185,1,9,3,0,1,3,0,0,4,3,0,42,0,1,4,1,2,55,2,2,2,1,0,0,2,1,0,0,3,29,3,49,4,38,0,0,0,0,1,6,1,290026,0,2009,116,SR-B,99999999999999999999,0000000,38.05472222,-93.85805556,1,1
29,145,1,9,7,37,2,2,0,0,3,3,0,12,4,2,1,1,2,65,1,1,2,1,20,3,1,1,0,0,99,99,99,99,88,88,0,0,0,0,1,6,0,290027,7240,2009,143,SR-43,SR-U,0000000,36.86767222,-94.59889444,2,1
29,23,1,10,18,10,1,5,1,0,12,3,0,8,0,1,1,1,2,45,1,1,2,1,0,0,2,1,0,0,99,99,99,99,88,88,0,0,0,0,1,7,0,290028,0,2009,15,SR-53,99999999999999999999,0000000,36.73225,-90.39183333,1,1
29,95,1,10,18,16,2,3,0,1,11,1,0,12,3,1,1,3,3,65,1,1,2,1,0,0,3,1,0,0,18,18,18,25,18,51,0,0,0,0,1,7,0,290029,3940,2009,139,I-70,99999999999999999999,0000000,39.04495278,-94.38508889,2,1
29,510,1,10,19,58,1,2,1,1,11,1,0,8,0,1,1,3,3,55,1,1,2,1,0,0,3,1,0,0,19,59,20,11,99,99,0,0,0,0,1,7,0,290030,7080,2009,16,I-70,99999999999999999999,0000000,38.68638056,-90.24556111,1,1
29,99,1,10,23,41,3,7,0,1,11,1,0,12,1,1,1,3,4,65,1,2,1,1,0,0,2,1,0,0,23,40,23,43,99,99,0,0,0,0,1,7,1,290031,335,2009,25,I-55,99999999999999999999,0000000,38.41284444,-90.3895,3,1
29,143,1,12,5,15,1,1,0,0,3,2,0,34,0,1,4,1,2,55,1,1,2,1,0,0,2,1,0,0,6,1,6,35,7,31,0,0,0,0,1,2,0,290032,0,2009,141,US-62,99999999999999999999,0000000,36.55397222,-89.68991667,1,1
29,19,1,12,23,50,2,2,0,0,14,3,0,12,4,3,1,5,4,55,1,1,1,4,0,0,2,1,0,0,99,99,99,99,99,99,0,0,0,0,1,2,1,290033,1800,2009,82,SR-B,WACORD,0000000,39.011475,-92.27200278,2,1
29,97,1,13,10,30,2,4,0,1,12,2,0,12,4,1,1,5,4,45,1,2,2,1,0,0,1,1,0,0,99,99,99,99,99,99,0,0,0,0,1,3,0,290034,8220,2009,112,US-71BUS,99999999999999999999,0000000,37.11871667,-94.47615556,2,1
29,103,1,13,21,15,1,2,0,0,4,3,0,34,0,1,4,1,2,55,2,2,2,1,0,0,2,1,0,0,21,5,21,16,88,88,0,0,0,0,2,3,1,290035,0,2009,24,SR-T,99999999999999999999,0000000,40.1495,-92.119,1,1
29,189,1,15,21,20,1,2,1,1,11,1,0,8,0,1,1,3,5,60,1,2,1,1,0,0,2,1,0,0,21,20,21,30,88,88,0,0,0,0,1,5,0,290036,0,2009,25,I-55,99999999999999999999,0000000,38.48225,-90.35819444,1,1
29,95,1,15,23,3,1,2,1,1,11,1,0,8,0,1,1,3,4,65,1,1,2,1,0,0,2,1,0,0,88,88,88,88,88,88,0,0,0,0,1,5,0,290037,4120,2009,109,I-70,99999999999999999999,0000000,39.04725556,-94.44762222,1,1
29,97,1,16,4,47,2,4,0,1,1,1,0,12,11,1,1,3,2,70,1,1,2,1,0,0,2,1,0,0,4,56,5,10,88,88,0,19,0,0,2,6,0,290038,0,2009,90,I-44,99999999999999999999,0000000,37.08108333,-94.22225,2,1
29,91,1,16,5,0,1,2,0,0,3,3,0,34,0,1,4,1,2,55,2,2,2,1,0,0,2,1,0,0,99,99,99,99,88,88,0,0,0,0,1,6,1,290039,0,2009,2,SR-17,99999999999999999999,0000000,37.04652778,-91.67236111,1,1
29,37,1,16,15,14,1,1,0,0,4,3,0,42,0,1,4,1,2,55,1,2,2,3,0,0,1,1,0,0,15,21,15,38,16,46,0,0,0,0,1,6,0,290040,0,2009,229,SR-D,99999999999999999999,0000000,38.52327778,-94.59680556,1,1
29,71,1,16,19,45,2,3,0,0,6,4,0,12,4,1,1,1,2,45,2,2,2,1,0,0,2,1,0,0,19,57,20,9,20,39,0,0,0,0,1,6,0,290041,0,2009,46,GOODESMILLRD,99999999999999999999,0000000,38.4945,-90.96905556,2,1
29,95,1,17,1,1,1,1,0,0,16,6,0,43,0,1,4,2,2,35,1,2,2,2,0,0,3,1,0,0,99,99,99,99,88,88,0,0,0,0,1,7,1,290042,4120,2009,2,STERLINGAVE,99999999999999999999,0000000,39.04382222,-94.44777222,1,1
29,99,1,17,21,27,1,2,0,0,6,4,0,42,0,1,4,1,2,30,2,2,2,1,0,0,2,1,0,0,21,29,21,43,22,22,0,0,0,0,1,7,1,290043,0,2009,0,UPPERMOSSHOLLOWRD,99999999999999999999,0000000,38.3199,-90.4764,1,1
29,51,1,17,21,48,1,1,0,0,3,3,0,38,0,1,5,1,2,55,2,1,2,1,0,0,2,1,0,0,22,10,22,23,22,57,0,0,0,0,1,7,0,290044,0,2009,127,SR-179,99999999999999999999,0000000,38.62733333,-92.25202778,1,1
29,95,1,18,0,57,1,3,0,0,13,6,0,33,0,1,3,2,2,40,1,1,2,2,0,0,3,1,0,0,0,58,1,2,1,32,0,0,0,0,1,1,1,290045,6639,2009,9,BLUERIDGEBLVD,99999999999999999999,0000000,39.00007778,-94.4823,1,1
29,49,1,18,8,22,1,1,0,0,3,3,0,34,0,1,4,1,2,60,2,2,2,2,0,0,1,1,0,0,99,98,99,98,88,88,0,0,0,0,1,1,0,290046,0,2009,180,SR-116,99999999999999999999,0000000,39.55688889,-94.27708333,1,1
29,77,1,19,13,25,2,3,0,1,2,2,0,12,4,10,1,2,2,50,1,2,1,1,1,3,1,1,0,0,13,22,13,28,14,8,0,0,0,0,2,2,0,290047,0,2009,251,US-160,US-60,0000000,37.1525,-93.3625,2,1
29,183,1,19,17,35,2,3,0,0,4,3,0,12,4,1,1,1,2,55,1,2,2,1,0,0,2,1,0,0,99,99,99,99,99,99,0,0,0,0,1,2,2,290048,0,2009,25,SR-DD,99999999999999999999,0000000,38.74058333,-90.79530556,2,1
29,143,1,20,9,15,2,3,0,0,4,2,0,12,3,3,1,1,2,60,1,1,2,1,0,0,1,1,0,0,9,32,9,36,10,32,0,0,0,0,1,3,0,290049,0,2009,28,US-61,CRD806,0000000,36.82944444,-89.5775,2,1
29,87,1,20,13,15,2,2,0,0,4,3,0,12,4,1,1,1,2,45,2,2,2,1,40,3,1,1,0,0,13,13,13,34,14,33,0,0,0,0,1,3,0,290050,2820,2009,317,SR-111,99999999999999999999,0000000,39.98375,-95.17686111,2,1
29,223,1,20,18,40,1,1,0,0,4,3,0,1,0,1,4,1,2,55,2,2,2,1,0,0,2,1,0,0,99,98,99,98,88,88,0,0,0,0,1,3,1,290051,0,2009,14,SR-C,99999999999999999999,0000000,37.20744444,-90.34277778,1,1
29,143,1,20,19,30,1,5,1,0,15,3,0,8,0,1,1,1,2,55,1,1,2,1,0,0,2,1,0,0,99,98,99,98,88,88,0,0,0,0,1,3,0,290052,0,2009,3,SR-AA,99999999999999999999,0000000,36.865,-89.53777778,1,1
29,95,1,21,0,45,1,2,0,0,16,6,0,29,0,1,3,3,2,35,2,2,2,1,0,0,3,1,0,0,99,99,99,99,99,99,0,0,0,0,1,4,1,290053,4120,2009,3,WARDPKWY,99999999999999999999,0000000,38.98636667,-94.60498889,1,1
29,147,1,21,19,0,2,2,0,0,4,3,0,12,4,1,1,1,2,55,1,2,2,1,0,0,2,1,0,0,19,2,19,25,88,88,0,0,0,0,1,4,0,290054,0,2009,64,SR-E,99999999999999999999,0000000,40.48311111,-94.70766667,2,1
29,209,1,21,13,25,1,1,0,0,4,3,0,1,0,1,4,1,2,55,2,2,2,1,0,0,1,1,0,0,99,99,99,99,99,99,0,0,0,0,1,4,0,290055,0,2009,33,SR-Y,99999999999999999999,0000000,36.69805556,-93.47927778,1,1
29,141,1,21,23,41,1,3,0,0,2,3,0,27,0,1,4,1,2,55,2,2,2,1,0,0,2,1,0,0,23,41,23,57,0,36,0,0,0,0,1,4,1,290056,0,2009,224,SR-5,99999999999999999999,0000000,38.30277778,-92.82388889,1,1
29,27,1,23,14,55,1,1,0,0,3,3,0,42,0,1,4,1,2,60,1,1,2,1,0,0,1,1,0,0,99,98,99,98,88,88,0,0,0,0,1,6,0,290057,0,2009,323,SR-94,99999999999999999999,0000000,38.71877778,-91.65397222,1,1
29,221,1,25,2,35,2,2,0,0,4,3,0,12,2,1,1,1,2,55,1,3,2,1,0,0,2,1,0,0,2,41,3,11,99,99,0,0,0,0,1,1,1,290058,0,2009,53,SR-185,99999999999999999999,0000000,38.14222222,-91.03872222,2,1
29,47,1,25,3,29,1,2,0,0,16,6,0,27,0,1,4,1,2,45,1,2,2,1,0,0,3,1,0,0,99,99,99,99,99,99,0,0,0,0,1,1,1,290059,4120,2009,3,WORLDSOFFUNAVE,99999999999999999999,0000000,39.17593611,-94.4924,1,1
29,145,1,26,13,40,1,1,0,1,2,2,0,1,0,1,3,2,2,70,2,1,1,4,0,0,1,2,0,0,99,98,99,98,88,88,0,0,0,0,1,2,0,290060,0,2009,74,US-71,99999999999999999999,0000000,36.865,-94.43025,1,2
29,97,1,26,14,50,1,2,0,0,6,4,0,42,0,1,4,1,2,60,1,1,2,4,0,0,1,3,0,0,14,49,15,8,15,34,0,0,0,0,1,2,1,290061,0,2009,29,BELLECENTERRD,99999999999999999999,0000000,37.10125,-94.59052778,1,3
29,43,1,26,15,0,1,4,0,0,6,4,0,34,0,1,4,1,2,45,1,2,2,4,0,0,1,3,0,0,99,99,99,99,99,99,0,0,0,0,1,2,0,290062,0,2009,6,SPRINGHILLRD,99999999999999999999,0000000,37.06194444,-93.03972222,1,3
29,11,1,26,15,50,1,1,0,0,2,7,0,27,0,1,4,1,2,35,1,3,2,4,0,0,1,3,0,0,99,99,99,99,99,99,0,0,0,0,1,2,1,290063,0,2009,38,SE1STLN,99999999999999999999,0000000,37.48972222,-94.29852778,1,3
29,187,1,26,17,55,1,1,0,0,6,4,0,42,0,1,4,1,2,45,1,2,2,4,0,0,2,2,0,0,99,98,99,98,88,88,0,0,0,0,1,2,0,290064,0,2009,23,HILLSBORORD,99999999999999999999,0000000,37.9145,-90.47213889,1,2
29,131,1,26,21,28,1,1,0,1,2,2,0,1,0,1,4,2,2,70,1,1,2,4,0,0,2,5,0,0,21,28,21,44,23,3,0,0,0,0,1,2,0,290065,0,2009,136,US-54,99999999999999999999,0000000,38.28577778,-92.58105556,1,5
29,165,1,27,2,22,1,1,0,1,11,1,0,21,0,1,3,2,2,65,1,2,2,4,0,0,2,3,0,0,99,99,99,99,88,88,0,0,0,0,1,3,1,290066,6821,2009,11,I-635,99999999999999999999,0000000,39.17794722,-94.62219722,1,3
29,107,1,27,8,0,2,3,0,1,2,3,0,12,4,8,1,1,2,45,1,1,2,2,0,0,1,4,0,0,8,1,8,7,8,26,0,0,0,0,1,3,0,290067,4550,2009,59,SR-13,99999999999999999999,0000000,39.15602222,-93.88169167,2,4
29,95,1,30,0,46,1,2,0,0,16,6,0,23,0,2,4,1,2,25,1,2,1,1,3,3,3,1,0,0,99,99,99,99,99,99,0,20,0,0,1,6,1,290068,4120,2009,7,LOCUSTST,TRUMANRD,0000000,39.09563056,-94.57773611,1,1
29,189,1,30,14,35,1,3,0,1,11,1,0,24,0,15,4,3,4,60,1,2,1,1,0,0,1,1,0,0,14,34,14,45,15,7,0,0,0,0,1,6,0,290069,0,2009,64,I-55,BUTLERHILLRD,0000000,38.48566667,-90.35633333,1,1
29,109,1,30,15,55,1,2,0,0,4,3,0,22,0,1,2,1,2,55,1,1,2,1,0,0,1,1,0,0,16,3,16,15,88,88,0,0,0,0,2,6,1,290070,0,2009,47,SR-K,99999999999999999999,0000000,37.04877778,-93.71727778,1,1
29,27,1,30,17,25,2,4,0,0,3,3,0,12,2,1,1,1,2,50,1,2,2,1,0,0,2,1,0,0,18,0,18,29,19,1,0,0,0,0,2,6,0,290071,9997,2009,41,SR-J,99999999999999999999,0000000,38.89797222,-92.12280556,2,1
29,510,1,31,23,0,1,1,0,1,11,1,0,52,0,1,4,3,4,60,2,2,2,3,0,0,3,1,0,0,23,2,23,9,88,88,0,0,0,0,1,7,1,290072,7080,2009,38,I-55,99999999999999999999,0000000,38.58044722,-90.22573333,1,1
29,91,1,1,16,0,2,3,0,0,4,3,0,12,5,8,1,1,2,55,2,2,2,1,0,0,1,1,0,0,99,99,99,99,99,99,0,0,0,0,1,5,0,290073,0,2009,393,SR-17,99999999999999999999,0000000,36.63166667,-91.862,2,1
29,139,2,1,4,30,1,1,0,0,4,3,0,42,0,1,4,1,2,55,1,2,2,1,0,0,2,1,0,0,99,98,99,98,88,88,0,0,0,0,1,1,1,290074,0,2009,69,SR-A,99999999999999999999,0000000,39.11166667,-91.46722222,1,1
29,149,2,1,14,0,1,1,0,0,5,3,0,1,0,1,1,1,2,55,2,2,2,1,0,0,1,1,0,0,99,99,99,99,99,99,0,0,0,0,1,1,0,290075,0,2009,1,SR-FF,99999999999999999999,0000000,36.6825,-91.23530556,1,1
29,187,2,1,15,0,1,1,0,0,4,3,0,30,0,1,4,1,2,55,2,2,2,1,0,0,1,1,0,0,99,99,99,99,99,99,0,0,0,0,1,1,0,290076,0,2009,18,SR-B,99999999999999999999,0000000,37.80361111,-90.53972222,1,1
29,187,2,2,6,55,1,2,1,0,4,3,0,8,0,4,4,1,2,55,2,2,2,4,40,3,1,1,0,0,99,99,99,99,99,99,0,19,0,0,1,2,0,290077,0,2009,3,SR-47,99999999999999999999,0000000,37.94694444,-90.63833333,1,1
29,109,2,2,7,8,2,2,0,0,3,3,0,12,2,1,1,1,2,55,1,1,2,1,0,0,1,1,0,0,7,5,7,12,99,99,0,0,0,0,1,2,0,290078,0,2009,5,SR-H,99999999999999999999,0000000,37.08111111,-93.85277778,2,1
29,151,2,2,8,38,2,2,0,0,4,3,0,12,2,1,1,1,2,55,2,1,2,1,0,0,1,1,0,0,8,39,8,49,99,99,0,0,0,0,1,2,0,290079,0,2009,142,SR-89,99999999999999999999,0000000,38.51338889,-91.77125,2,1
29,201,2,2,19,52,2,3,2,1,1,1,0,12,1,1,1,3,2,70,1,2,1,1,0,0,2,1,0,0,99,99,99,99,99,99,0,15,17,23,1,2,0,290080,0,2009,166,I-55,99999999999999999999,0000000,37.00877778,-89.53519444,2,1
29,141,2,3,8,15,1,1,0,0,6,4,0,42,0,1,4,1,2,50,1,2,2,1,0,0,1,1,0,0,8,38,9,12,10,25,0,0,0,0,1,3,0,290081,0,2009,271,IVYBENDRD,99999999999999999999,0000000,38.20777778,-93.00027778,1,1
29,19,2,4,3,18,1,1,0,1,12,3,0,33,0,3,4,3,2,40,1,2,2,1,3,3,3,1,0,0,3,18,3,23,3,37,0,0,0,0,1,4,1,290082,1800,2009,53,SR-740,OLDHWY63,0000000,38.93198611,-92.31159722,1,1
29,217,2,4,4,30,1,1,0,1,2,2,0,34,0,1,4,1,2,65,2,1,2,1,0,0,1,1,0,0,4,43,5,0,5,21,0,0,0,0,1,4,0,290083,0,2009,273,US-54,99999999999999999999,0000000,37.85519444,-94.13327778,1,1
29,183,2,4,12,15,1,1,0,1,2,2,0,42,0,1,4,2,2,55,1,1,2,1,0,0,1,1,0,0,12,30,12,54,13,12,0,0,0,0,1,4,0,290084,0,2009,14,US-67,99999999999999999999,0000000,38.87305556,-90.20333333,1,1
29,133,2,5,20,15,1,1,0,0,6,4,0,18,0,1,4,1,2,60,1,1,4,1,0,0,2,1,0,0,99,98,99,98,88,88,0,0,0,0,1,5,1,290085,0,2009,9,525,99999999999999999999,0000000,36.76138889,-89.37611111,1,1
29,27,2,5,21,0,1,1,0,0,6,4,0,34,0,1,4,1,2,35,1,2,4,1,0,0,2,1,0,0,88,88,88,88,88,88,0,0,0,0,1,5,1,290086,0,2009,11,WISEDR,99999999999999999999,0000000,38.85875,-92.13347222,1,1
29,67,2,6,23,5,2,3,0,0,3,3,0,12,4,1,1,1,2,60,2,2,2,2,0,0,2,1,0,0,23,18,23,55,1,7,0,0,0,0,1,6,1,290087,0,2009,41,SR-5,99999999999999999999,0000000,37.02136111,-92.63786111,2,1
29,1,2,7,99,99,1,1,0,0,2,3,0,1,0,1,4,1,2,55,1,1,2,2,0,0,2,1,0,0,4,34,4,59,88,88,0,0,0,0,1,7,1,290088,0,2009,8,SR-6,99999999999999999999,0000000,40.25552778,-92.84141667,1,1
29,71,2,8,4,28,1,3,1,0,4,3,0,8,0,1,1,1,2,45,1,1,2,1,0,0,3,1,0,0,99,98,99,98,88,88,0,19,0,0,1,1,1,290089,0,2009,58,SR-O,99999999999999999999,0000000,38.41633333,-90.81705556,1,1
29,77,2,9,1,51,1,1,0,1,12,3,0,53,0,1,4,2,2,45,1,1,2,1,0,0,3,1,0,0,99,98,99,98,88,88,0,0,0,0,1,2,1,290090,7460,2009,21,SR-413,99999999999999999999,0000000,37.18302778,-93.35430556,1,1
29,43,2,10,8,30,2,3,0,1,2,2,0,36,0,1,4,2,2,65,2,2,2,1,0,0,1,1,0,0,8,52,9,16,9,44,0,14,0,0,2,3,0,290091,0,2009,189,US-65,99999999999999999999,0000000,36.83402778,-93.21930556,2,1
29,51,2,10,11,38,1,1,0,0,14,6,0,33,0,1,3,3,2,40,1,1,2,1,0,0,1,1,0,0,99,99,99,99,99,99,0,0,0,0,1,3,0,290092,4040,2009,22,EDGEWOODDR,99999999999999999999,0000000,38.56888889,-92.23928056,1,1
29,209,2,10,16,57,2,2,0,0,2,3,0,12,1,1,1,1,2,55,2,1,2,1,0,0,1,1,0,0,99,98,99,98,88,88,0,0,0,0,1,3,2,290093,0,2009,162,SR-13,99999999999999999999,0000000,36.61869444,-93.4195,2,1
29,77,2,12,7,54,2,2,0,0,16,6,0,12,4,2,1,1,2,30,1,1,2,1,20,3,1,1,0,0,99,99,99,99,99,99,0,0,0,0,1,5,0,290094,7460,2009,3,KIMBROUGH,MONTCLAIR,0000000,37.15773333,-93.28531944,2,1
29,77,2,16,18,51,2,3,0,0,12,6,0,12,4,8,1,5,4,45,1,1,2,1,0,0,3,1,0,0,18,53,19,0,19,27,0,0,0,0,1,2,0,290095,7460,2009,53,CAMPBELL,99999999999999999999,0000000,37.15193611,-93.29583333,2,1
29,99,2,16,22,0,1,1,0,1,11,1,0,1,0,5,4,6,1,65,1,2,1,1,0,0,3,1,0,0,22,1,22,2,88,88,0,0,0,0,1,2,1,290096,335,2009,252,I-55ENTRAMP,RICHARDSONRD,0000000,38.416175,-90.38969167,1,1
29,219,2,18,19,3,2,3,0,1,1,7,0,12,2,3,1,1,2,55,1,2,2,1,20,3,2,1,0,0,19,5,19,12,19,57,0,0,0,0,1,4,0,290097,2824,2009,88,I-70NOR,COTTONRD,0000000,38.81929722,-90.97038056,2,1
29,183,2,19,0,15,2,2,0,1,11,1,0,12,1,1,1,3,3,60,1,2,2,1,0,0,2,1,0,0,99,99,99,99,88,88,0,0,0,0,1,5,1,290098,5880,2009,122,I-70,99999999999999999999,0000000,38.80333333,-90.74222222,2,1
29,127,2,19,19,6,2,2,0,1,12,2,0,12,5,2,1,2,2,55,1,1,2,1,0,0,2,1,0,0,99,99,99,99,99,99,0,0,0,0,1,5,0,290099,3470,2009,38,US-61,LUTHERMANORRD,0000000,39.731375,-91.40007778,2,1
29,37,2,20,13,30,1,1,0,0,6,4,0,42,0,1,4,1,2,35,1,2,4,1,0,0,1,1,0,0,99,98,99,98,88,88,0,0,0,0,1,6,0,290100,0,2009,24,335THST,99999999999999999999,0000000,38.50797222,-94.31841667,1,1
29,215,2,20,14,52,2,2,0,0,3,3,0,12,11,1,1,1,2,55,2,2,2,1,0,0,1,1,0,0,14,42,14,54,88,88,0,0,0,0,1,6,1,290101,0,2009,358,SR-32,99999999999999999999,0000000,37.52188889,-91.765,2,1