STATE,COUNTY,MONTH,DAY,HOUR,MINUTE,VE_TOTAL,PERSONS,PEDS,NHS,ROAD_FNC,ROUTE,SP_JUR,HARM_EV,MAN_COLL,REL_JUNC,REL_ROAD,TRAF_FLO,NO_LANES,SP_LIMIT,ALIGNMNT,PROFILE,PAVE_TYP,SUR_COND,TRA_CONT,T_CONT_F,LGT_COND,WEATHER1,WEATHER2,WRK_ZONE,NOT_HOUR,NOT_MIN,ARR_HOUR,ARR_MIN,HOSP_HR,HOSP_MN,SCH_BUS,CF1,CF2,CF3,FATALS,DAY_WEEK,DRUNK_DR,ST_CASE,CITY,YEAR,MILEPT,TWAY_ID,TWAY_ID2,RAIL,LATITUDE,LONGITUD,VE_FORMS,WEATHER
29,189,2,21,22,55,1,5,0,0,16,6,0,35,0,1,4,1,2,40,2,1,1,1,0,0,2,1,0,0,23,0,23,2,99,99,0,0,0,0,1,7,1,290102,1050,2009,23,MOBOTTOMRD,99999999999999999999,0000000,38.78575556,-90.42220833,1,1
29,47,2,22,0,45,1,3,0,0,16,6,0,53,0,1,4,1,2,25,1,2,2,1,0,0,3,1,0,0,99,99,99,99,99,99,0,0,0,0,1,1,1,290103,4120,2009,7,52NDST,99999999999999999999,0000000,39.18777778,-94.50080278,1,1
29,207,2,24,13,55,2,2,0,1,2,2,0,12,5,2,1,3,2,65,1,1,1,1,20,3,1,1,0,0,99,99,99,99,99,99,0,0,0,0,1,3,0,290104,0,2009,268,US-60,SR-51,0000000,36.78416667,-90.18083333,2,1
29,27,2,24,18,30,2,4,0,0,6,4,0,12,2,3,1,1,2,55,1,1,2,1,20,3,2,1,0,0,99,99,99,99,99,99,0,0,0,0,2,3,1,290105,0,2009,68,OLDHWY54,CRD338,0000000,38.76194444,-92.04388889,2,1
29,91,2,25,20,35,1,3,2,1,2,2,0,8,0,3,1,2,2,65,1,1,2,1,0,0,3,1,0,0,99,99,99,99,99,99,0,0,0,0,1,4,0,290106,0,2009,238,US-63,SR-N,0000000,36.86663889,-91.91736111,1,1
29,77,2,28,1,21,2,3,0,0,15,3,0,12,1,1,1,1,2,55,1,1,2,1,0,0,2,1,0,0,99,98,99,98,88,88,0,0,0,0,1,7,1,290107,6710,2009,6,SR-ZZ,99999999999999999999,0000000,37.12947222,-93.42052778,2,1
29,11,2,28,17,12,1,2,0,1,2,2,0,52,0,1,3,2,2,70,2,2,1,3,0,0,1,4,0,0,17,16,17,30,99,99,0,0,0,0,1,7,0,290108,0,2009,203,US-71,99999999999999999999,0000000,37.35627778,-94.30130556,1,4
29,31,2,2,16,53,2,4,0,1,12,3,0,12,1,1,1,3,2,45,2,1,1,2,0,0,1,1,0,0,16,55,17,7,17,19,0,0,0,0,1,2,0,290109,1390,2009,15,SR-74,99999999999999999999,0000000,37.29412222,-89.54403611,2,1
29,189,2,4,15,30,2,2,0,1,11,1,0,12,1,5,1,6,1,40,1,2,2,1,3,3,1,1,0,0,15,30,15,35,15,59,0,0,0,0,1,4,1,290110,0,2009,9,I-270RP,99999999999999999999,0000000,38.76786944,-90.20286111,2,1
29,19,2,5,16,16,2,3,0,0,14,3,0,12,2,1,1,5,4,55,1,2,1,1,0,0,1,1,0,0,99,99,99,99,99,99,0,0,0,0,1,5,0,290111,1800,2009,95,SR-B,99999999999999999999,0000000,38.99503889,-92.28198056,2,1
29,139,3,1,1,20,1,2,0,0,4,3,0,53,0,1,4,1,2,55,2,2,2,1,0,0,2,1,0,0,1,31,2,5,2,53,0,0,0,0,1,1,1,290112,0,2009,36,SR-Y,99999999999999999999,0000000,38.84722222,-91.33111111,1,1
29,9,3,1,2,35,1,2,0,0,6,4,0,42,0,1,4,1,2,60,2,2,2,3,0,0,2,1,0,0,99,99,99,99,99,99,0,0,0,0,1,1,1,290113,0,2009,19,NEEDLESEYERD,99999999999999999999,0000000,36.61169444,-93.62688889,1,1
29,47,3,1,12,22,1,1,0,0,15,6,0,42,0,1,5,1,2,30,1,2,2,4,0,0,1,1,0,0,99,99,99,99,88,88,0,0,0,0,1,1,0,290114,4120,2009,7,TROOST,99999999999999999999,0000000,39.23860278,-94.56679444,1,1
29,183,3,1,20,25,2,4,0,0,4,3,0,12,2,1,1,1,2,55,2,1,2,1,0,0,2,1,0,0,99,99,99,99,99,99,0,0,0,0,1,1,0,290115,0,2009,51,SR-D,99999999999999999999,0000000,38.69130556,-90.92825,2,1
29,189,3,2,13,30,3,10,0,0,12,3,0,12,4,2,1,5,4,35,1,1,1,1,3,3,1,1,0,0,13,12,13,19,13,52,1,0,0,0,1,2,0,290116,0,2009,56,SR-AC,NETHERTON,0000000,38.77403611,-90.27090278,3,1
29,95,3,2,15,37,1,5,1,0,14,6,0,8,0,2,1,1,4,25,1,2,2,1,20,3,1,1,0,0,99,99,99,99,88,88,0,0,0,0,1,2,0,290117,4120,2009,18,9TH,EUCLIDAVE,0000000,39.10272778,-94.55826944,1,1
29,183,3,5,0,40,1,2,0,1,11,1,0,32,0,1,4,3,2,70,1,1,2,1,0,0,2,1,0,0,0,43,1,4,1,23,0,0,0,0,1,5,0,290118,8280,2009,231,I-70,99999999999999999999,0000000,38.80408333,-90.89822222,1,1
29,209,3,5,15,45,2,2,0,0,2,3,0,12,2,1,1,1,2,45,2,2,2,1,0,0,1,1,0,0,15,57,15,57,16,19,0,0,0,0,1,5,1,290119,0,2009,112,SR-13,99999999999999999999,0000000,36.67525,-93.39338889,2,1
29,99,3,7,1,35,1,2,0,0,4,4,0,1,0,1,4,1,2,30,2,9,1,1,0,0,2,1,0,0,99,99,99,99,99,99,0,0,0,0,1,7,0,290120,3620,2009,2,HORINERD,99999999999999999999,0000000,38.26797222,-90.42675,1,1
29,95,3,7,21,3,2,2,0,0,14,6,0,12,2,1,1,1,2,35,1,1,2,2,0,0,3,1,0,0,21,4,21,9,21,44,0,0,0,0,2,7,1,290121,3940,2009,129,TRUMANRD,99999999999999999999,0000000,39.09158333,-94.35150833,2,1
29,95,3,7,21,15,1,1,0,1,11,1,0,43,0,1,3,3,3,55,2,2,2,1,0,0,2,1,0,0,99,98,99,98,88,88,0,0,0,0,1,7,1,290122,4120,2009,8,I-35,99999999999999999999,0000000,39.11469444,-94.56477778,1,1
29,99,3,8,7,30,1,1,0,0,6,4,0,42,0,1,4,1,2,40,1,1,2,1,0,0,2,1,0,0,99,98,99,98,88,88,0,0,0,0,1,1,1,290123,0,2009,14,STJOSEPHHILLS,99999999999999999999,0000000,38.41777778,-90.68166667,1,1
29,95,3,10,20,54,1,2,1,0,14,6,0,15,0,1,1,1,4,35,1,1,2,1,0,0,3,1,0,0,99,99,99,99,99,99,0,0,0,0,1,3,0,290124,4120,2009,38,WORNALLRD,99999999999999999999,0000000,38.98518333,-94.59449444,1,1
29,510,3,11,4,55,1,1,0,1,11,1,0,27,0,13,8,6,1,60,1,2,1,1,0,0,3,1,0,0,5,0,5,9,5,25,0,0,0,0,1,4,0,290125,7080,2009,29,I-55,ARSENAL,0000000,38.59706667,-90.21619444,1,1
29,189,3,11,7,56,1,1,0,1,11,1,0,42,0,1,4,3,3,60,2,1,1,1,0,0,2,1,0,0,99,98,99,98,88,88,0,0,0,0,1,4,0,290126,3580,2009,6,I-70,99999999999999999999,0000000,38.76899167,-90.33830833,1,1
29,109,3,11,13,9,4,5,0,1,1,1,0,12,11,1,1,3,2,70,1,2,2,1,0,0,1,1,0,0,13,25,13,47,14,4,0,0,0,0,1,4,0,290127,0,2009,49,I-44,99999999999999999999,0000000,37.07530556,-93.96986111,4,1
29,131,3,11,19,15,1,2,0,0,5,3,0,42,0,1,4,1,2,55,2,2,2,1,0,0,2,1,0,0,19,45,20,16,20,48,0,0,0,0,1,4,1,290128,0,2009,14,SR-OO,99999999999999999999,0000000,38.40569444,-92.60772222,1,1
29,27,3,12,7,40,1,2,0,0,6,4,0,34,0,1,4,1,2,35,1,2,4,1,0,0,1,1,0,0,7,47,8,3,8,29,0,0,0,0,1,5,0,290129,0,2009,9,304,99999999999999999999,0000000,38.84433333,-92.02994444,1,1
29,183,3,12,8,56,1,1,0,0,14,6,0,1,0,1,4,2,2,35,2,1,1,1,40,3,1,1,0,0,99,99,99,99,99,99,0,20,0,0,1,5,0,290130,0,2009,30,ZUMBEHLRD,99999999999999999999,0000000,38.77138889,-90.52613889,1,1
29,77,3,12,11,45,2,2,0,1,2,2,0,12,5,2,1,2,2,60,1,2,1,1,20,3,1,1,0,0,99,98,99,98,88,88,0,0,0,0,1,5,0,290131,9997,2009,223,US-60,CRD213,0000000,37.11933333,-93.15572222,2,1
29,85,3,13,20,0,1,3,0,0,6,4,0,42,0,1,4,1,2,50,1,2,4,1,0,0,2,1,0,0,20,12,20,47,21,24,0,0,0,0,1,6,1,290132,0,2009,24,350,99999999999999999999,0000000,37.84194444,-93.55133333,1,1
29,510,3,13,22,53,2,4,0,0,16,6,0,14,1,1,7,1,2,30,1,1,2,1,0,0,3,1,0,0,22,53,22,57,23,26,0,0,0,0,1,6,1,290133,7080,2009,14,KOELNAVE,99999999999999999999,0000000,38.55083056,-90.26133889,1,1
29,7,3,14,99,99,1,1,0,0,6,4,0,38,0,1,4,1,2,60,2,1,4,1,0,0,2,1,0,0,99,98,99,98,88,88,0,0,0,0,1,7,1,290134,0,2009,34,532,99999999999999999999,0000000,39.25036111,-91.59252778,1,1
29,141,3,14,99,99,1,1,0,0,2,3,0,37,0,1,4,1,2,65,1,2,2,1,0,0,2,1,0,0,9,35,9,41,88,88,0,0,0,0,1,7,1,290135,0,2009,174,SR-5,99999999999999999999,0000000,38.36422222,-92.85311111,1,1
29,47,3,14,18,13,2,3,0,0,14,6,0,12,4,2,1,3,2,35,1,1,2,1,3,3,1,1,0,0,18,15,18,18,99,99,0,0,0,0,1,7,0,290136,3114,2009,8,NWENGLEWOODRD,NBROADWAY,0000000,39.196475,-94.58593333,2,1
29,47,3,14,19,22,4,7,0,0,4,2,0,12,2,1,1,1,2,60,2,2,2,1,0,0,1,1,0,0,99,99,99,99,99,99,0,14,20,0,1,7,1,290137,0,2009,6,US-69,99999999999999999999,0000000,39.44777778,-94.22944444,4,1
29,123,3,15,0,30,1,1,0,0,5,3,0,53,0,1,4,1,2,55,2,2,2,1,0,0,2,1,0,0,0,37,0,45,88,88,0,0,0,0,1,1,1,290138,0,2009,13,SR-Z,99999999999999999999,0000000,37.55972222,-90.26944444,1,1
29,187,3,15,2,45,1,1,0,0,6,4,0,39,0,1,4,1,2,50,1,2,2,1,0,0,2,1,0,0,99,98,99,98,88,88,0,0,0,0,1,1,1,290139,0,2009,69,HILLSBORORD,99999999999999999999,0000000,37.85458333,-90.45236111,1,1
29,113,3,15,16,30,2,6,0,0,4,3,0,12,2,1,1,1,2,55,2,2,2,1,0,0,1,1,0,0,16,44,16,57,17,22,0,0,0,0,1,1,0,290140,0,2009,135,SR-U,99999999999999999999,0000000,38.91583333,-90.95488889,2,1
29,71,3,15,21,32,2,2,0,0,3,3,0,11,0,1,1,1,2,55,1,2,2,1,0,0,2,1,0,0,99,98,99,98,88,88,0,0,0,0,1,1,1,290141,0,2009,238,SR-47,99999999999999999999,0000000,38.29288889,-90.87202778,2,1
29,21,3,16,20,14,3,4,0,1,12,2,0,12,4,2,1,5,4,40,1,2,2,1,3,3,3,1,0,0,99,99,99,99,99,99,0,0,0,0,1,2,1,290142,7070,2009,41,US-169,FARAON,0000000,39.76975556,-94.80377222,3,1
29,27,3,17,11,19,2,2,0,0,4,3,0,12,2,1,1,1,2,50,1,3,2,1,0,0,1,1,0,0,99,99,99,99,99,99,0,0,0,0,1,3,0,290143,0,2009,131,SR-C,99999999999999999999,0000000,38.68222222,-91.88305556,2,1
29,131,3,17,16,47,1,4,0,0,3,3,0,34,0,1,4,1,2,55,2,2,2,1,0,0,1,1,0,0,99,99,99,99,99,99,0,0,0,0,3,3,0,290144,0,2009,244,SR-17,99999999999999999999,0000000,38.04933333,-92.29294444,1,1
29,23,3,17,19,36,2,6,0,1,2,2,0,12,5,2,1,2,2,60,1,1,2,1,20,3,2,1,0,0,19,41,20,2,21,9,0,0,0,0,1,3,0,290145,0,2009,128,US-60,527,0000000,36.80730556,-90.46494444,2,1
29,119,3,19,11,25,1,1,0,0,4,3,0,42,0,1,4,1,2,45,2,2,2,1,0,0,1,1,0,0,99,98,99,98,88,88,0,18,0,0,1,5,1,290146,6300,2009,49,SR-W,99999999999999999999,0000000,36.60338889,-94.37883333,1,1
29,159,3,19,20,17,1,1,0,0,4,3,0,34,0,1,4,1,2,55,1,2,2,1,0,0,2,1,0,0,20,22,20,35,88,88,0,0,0,0,1,5,1,290147,0,2009,58,SR-M,99999999999999999999,0000000,38.63019444,-93.15891667,1,1
29,85,3,20,20,42,2,2,0,0,4,3,0,12,4,1,1,1,2,55,2,2,2,1,0,0,2,1,0,0,99,99,99,99,99,99,0,0,0,0,1,6,1,290148,0,2009,46,SR-254,99999999999999999999,0000000,37.89636111,-93.33880556,2,1
29,95,3,13,22,40,1,1,0,0,12,6,0,33,0,1,4,3,4,35,2,1,2,1,0,0,9,1,0,0,99,99,99,99,99,99,0,0,0,0,1,6,1,290149,4120,2009,10,WARDPKWY,99999999999999999999,0000000,39.03580278,-94.60209167,1,1
29,107,3,25,11,5,1,2,0,1,11,7,0,1,0,1,1,1,2,55,1,2,2,1,0,0,1,1,0,0,11,7,11,18,12,5,0,0,0,0,1,4,0,290150,0,2009,34,I-70NOR,99999999999999999999,0000000,39.00222222,-93.775,1,1
29,97,3,25,18,6,2,5,0,0,14,3,0,12,4,2,1,1,4,45,2,1,2,1,3,3,1,1,0,0,99,99,99,99,99,99,0,0,0,0,1,4,1,290151,4100,2009,42,SR-43,DAKOTALN,0000000,37.00645556,-94.55115556,2,1
29,179,3,25,22,45,1,1,0,0,4,3,0,1,0,1,1,1,2,55,1,1,2,1,0,0,2,1,0,0,22,47,23,14,23,38,0,0,0,0,1,4,1,290152,0,2009,20,SR-J,99999999999999999999,0000000,37.56847222,-91.07355556,1,1
29,213,3,26,1,12,1,1,0,1,12,2,0,17,0,1,3,2,2,65,1,2,2,1,0,0,2,1,0,0,1,12,1,18,1,34,0,0,0,0,1,5,1,290153,3760,2009,115,US-65,99999999999999999999,0000000,36.64913889,-93.21968056,1,1
29,219,4,1,17,25,1,1,0,0,6,4,0,35,0,1,4,1,2,40,2,2,4,1,0,0,1,1,0,0,17,23,17,36,88,88,0,0,0,0,1,4,0,290154,0,2009,4,SCHUETZENGROUNDRD,99999999999999999999,0000000,38.69266667,-91.26727778,1,1
29,29,3,26,12,7,2,3,0,1,2,3,0,12,2,1,1,1,2,55,1,1,2,1,0,0,1,1,0,0,12,16,12,34,13,10,0,0,0,0,1,5,0,290155,0,2009,235,SR-5,99999999999999999999,0000000,37.94661111,-92.71183333,2,1
29,189,3,27,2,35,2,2,0,1,11,1,0,12,2,1,1,2,6,60,2,2,8,1,0,0,2,1,0,0,99,99,99,99,88,88,0,0,0,0,1,6,1,290156,0,2009,38,I-55,99999999999999999999,0000000,38.51841667,-90.33261111,2,1
29,95,3,28,1,35,1,1,0,0,4,3,0,42,0,2,4,1,2,55,1,1,2,2,20,3,2,2,0,0,1,41,1,51,88,88,0,0,0,0,1,7,1,290157,0,2009,51,SR-FF,SR-BB,0000000,39.06472222,-94.19694444,1,2
29,71,3,28,9,15,1,2,0,0,4,3,0,42,0,1,4,1,2,45,1,2,2,2,0,0,1,2,0,0,9,23,9,39,10,23,0,0,0,0,1,7,1,290158,0,2009,69,SR-T,99999999999999999999,0000000,38.55261111,-90.80722222,1,2
29,181,3,28,16,30,1,2,0,0,3,2,0,42,0,1,4,1,2,55,1,1,2,1,0,0,1,1,0,0,99,99,99,99,99,99,0,0,0,0,1,7,0,290159,0,2009,89,US-160,99999999999999999999,0000000,36.65194444,-90.98794444,1,1
29,221,3,28,23,20,2,7,0,0,3,3,0,12,2,1,1,1,2,55,1,2,2,2,0,0,2,2,4,0,23,29,23,35,0,1,0,0,0,0,1,7,1,290160,0,2009,127,SR-21,99999999999999999999,0000000,37.97472222,-90.76444444,2,4
29,119,3,29,8,20,1,4,0,1,2,2,0,1,0,1,2,2,2,70,2,1,1,4,0,0,1,1,0,0,8,23,8,42,9,12,0,0,0,0,1,1,0,290161,0,2009,195,US-71,99999999999999999999,0000000,36.71955556,-94.41786111,1,1
29,219,3,21,0,40,1,2,0,0,6,4,0,42,0,1,4,1,2,55,2,1,2,1,0,0,2,1,0,0,0,51,1,3,1,53,0,0,0,0,1,7,0,290162,0,2009,24,SUNNYSIDERD,99999999999999999999,0000000,38.80411111,-91.17941667,1,1
29,189,3,21,1,45,2,6,0,0,14,6,0,12,4,3,1,1,4,45,1,1,1,1,2,3,3,1,0,0,1,52,1,54,2,13,0,0,0,0,4,7,1,290163,2210,2009,23,DOUGHETRYFERRYRD,DESPERESRD,0000000,38.58055556,-90.45388889,2,1
29,99,3,21,2,40,1,4,0,0,6,4,0,36,0,1,4,1,2,30,2,2,2,1,40,3,2,1,0,0,2,42,2,59,3,31,0,0,0,0,1,7,1,290164,0,2009,14,FOXFARMRD,99999999999999999999,0000000,38.11061111,-90.52441667,1,1
29,135,3,21,11,49,3,7,0,1,2,2,0,12,1,1,1,1,2,55,1,1,2,1,0,0,1,1,0,0,99,99,99,99,99,99,0,0,0,0,1,7,0,290165,1280,2009,161,US-50,99999999999999999999,0000000,38.62690278,-92.54343333,3,1
29,77,3,21,19,10,2,2,0,0,14,3,0,12,5,2,1,2,2,55,1,2,2,1,1,3,1,1,0,0,99,99,99,99,99,99,0,0,0,0,1,7,0,290166,512,2009,9,SR-FF,SR-M,0000000,37.13888889,-93.36525,2,1
29,75,3,22,4,15,1,1,0,0,5,3,0,37,0,1,4,1,2,55,1,2,2,1,0,0,2,1,0,0,99,98,99,98,88,88,0,0,0,0,1,1,1,290167,0,2009,5,SR-UU,99999999999999999999,0000000,40.15958333,-94.56744444,1,1
29,189,3,22,12,14,1,1,0,0,15,6,0,30,0,1,4,1,2,45,1,9,2,9,0,0,1,1,0,0,99,99,99,99,88,88,0,0,0,0,1,1,0,290168,5035,2009,6,CREVECOEURMILLRD,99999999999999999999,0000000,38.73432778,-90.47348056,1,1
29,91,3,22,16,20,2,8,0,1,2,2,0,12,2,1,1,1,2,60,2,1,2,1,40,3,1,1,0,0,16,40,17,26,18,9,0,0,0,0,4,1,0,290169,0,2009,238,US-60,99999999999999999999,0000000,37.00202778,-91.66813889,2,1
29,53,3,22,17,55,1,1,0,0,6,4,0,1,0,1,4,1,2,50,1,2,4,1,0,0,1,1,0,0,18,0,18,18,88,88,0,0,0,0,1,1,1,290170,0,2009,40,CHOTEAUSPRINGSRD,99999999999999999999,0000000,38.92019444,-92.88058333,1,1
29,217,3,23,6,37,1,2,1,1,12,2,0,8,0,1,1,5,4,30,1,1,2,1,0,0,3,1,0,0,6,39,6,44,88,88,0,0,0,0,1,2,0,290171,5590,2009,133,US-54,99999999999999999999,0000000,37.83763889,-94.37327778,1,1
29,95,4,1,21,58,1,2,1,0,14,6,0,8,0,1,1,1,6,25,1,1,2,1,0,0,3,1,0,0,99,99,99,99,99,99,0,0,0,0,1,4,0,290172,4120,2009,16,GRANDAVE,99999999999999999999,0000000,39.102075,-94.58081111,1,1
29,187,4,2,4,50,3,3,0,0,4,3,0,12,2,1,1,1,2,55,2,2,2,1,0,0,2,1,0,0,4,43,4,55,5,46,0,0,0,0,1,5,1,290173,0,2009,11,SR-M,99999999999999999999,0000000,37.85277778,-90.625,3,1
29,139,4,3,19,29,1,3,0,0,3,3,0,37,0,1,4,1,2,60,2,2,2,1,0,0,1,1,0,0,19,29,19,32,99,99,0,0,0,0,1,6,0,290174,0,2009,79,SR-19,99999999999999999999,0000000,39.02755556,-91.549,1,1
29,95,4,3,23,31,2,2,0,0,12,6,0,12,1,3,1,5,4,40,1,3,2,1,20,3,3,1,0,0,99,99,99,99,88,88,0,0,0,0,1,6,1,290175,4120,2009,60,BANNISTERRD,SYCAMORECT,0000000,38.951875,-94.49690556,2,1
29,217,4,3,23,35,1,1,0,0,6,4,0,1,0,1,4,1,2,50,1,1,4,2,0,0,2,1,0,0,0,0,0,11,88,88,0,0,0,0,1,6,1,290176,0,2009,62,1000,99999999999999999999,0000000,37.79447222,-94.45813889,1,1
29,183,4,4,1,17,2,3,0,0,3,3,0,12,4,1,1,1,2,55,2,2,2,1,0,0,2,1,0,0,99,98,99,98,88,88,0,20,0,0,1,7,1,290177,8280,2009,11,SR-Z,99999999999999999999,0000000,38.79130556,-90.85122222,2,1
29,221,4,4,8,17,2,2,0,0,3,3,0,12,4,8,1,1,2,55,1,2,2,1,0,0,1,1,0,0,8,21,8,24,9,4,0,0,0,0,1,7,0,290178,0,2009,107,SR-21,99999999999999999999,0000000,37.99705556,-90.76483333,2,1
29,29,4,4,11,12,3,4,0,1,2,3,0,12,1,1,1,1,2,55,2,2,2,1,0,0,1,1,0,0,11,13,11,28,11,56,0,0,0,0,1,7,0,290179,0,2009,203,SR-5,99999999999999999999,0000000,37.98694444,-92.70333333,3,1
29,27,4,4,11,45,2,4,0,0,4,3,0,1,0,1,1,1,2,55,2,1,2,1,0,0,1,1,0,0,99,99,99,99,99,99,0,0,0,0,2,7,0,290180,0,2009,17,SR-O,99999999999999999999,0000000,38.83602778,-91.92055556,2,1
29,95,4,4,19,12,2,4,0,0,12,6,0,12,4,2,1,1,4,45,1,2,2,1,3,3,1,1,0,0,99,99,99,99,99,99,0,0,0,0,1,7,1,290181,4120,2009,96,TROOSTAVE,89THST,0000000,38.96618333,-94.57700833,2,1
29,65,4,5,1,0,1,4,0,0,3,3,0,32,0,1,4,1,2,55,2,2,2,1,0,0,2,1,0,0,0,55,1,5,1,50,0,0,0,0,1,1,1,290182,0,2009,216,SR-19,99999999999999999999,0000000,37.56747222,-91.52433333,1,1
29,510,4,5,15,49,1,1,0,0,16,6,0,38,0,1,4,1,2,25,2,2,1,1,0,0,1,1,0,0,99,98,99,98,88,88,0,0,0,0,1,1,0,290183,7080,2009,11,DETONTYST,99999999999999999999,0000000,38.61656944,-90.2414,1,1
29,113,4,7,13,30,2,2,0,1,2,2,0,12,4,2,1,2,2,65,1,1,1,1,21,3,1,1,0,0,99,99,99,99,99,99,0,0,0,0,1,3,0,290184,0,2009,224,US-61,UNNAMEDCORD,0000000,39.19119444,-90.99275,2,1
29,19,4,7,18,0,1,1,0,0,5,3,0,34,0,1,4,1,2,55,1,1,2,1,0,0,1,1,0,0,99,98,99,98,88,88,0,0,0,0,1,3,0,290185,0,2009,29,SR-H,99999999999999999999,0000000,38.82313889,-92.20641667,1,1
29,173,4,9,5,10,2,2,0,1,2,3,0,12,2,1,1,1,2,60,1,1,2,1,0,0,2,1,0,0,5,21,5,34,6,15,0,0,0,0,1,5,0,290186,0,2009,6,SR-19,99999999999999999999,0000000,39.56869444,-91.40711111,2,1
29,9,4,9,19,50,2,2,0,0,4,3,0,12,2,1,1,1,2,55,2,1,8,2,0,0,2,2,0,0,99,98,99,98,88,88,0,0,0,0,1,5,0,290187,0,2009,29,SR-W,99999999999999999999,0000000,36.75994444,-94.01119444,2,2
29,203,4,9,21,0,1,1,0,0,4,3,0,34,0,1,4,1,2,55,2,2,2,2,0,0,2,9,0,0,21,6,21,37,88,88,0,0,0,0,1,5,0,290188,0,2009,58,SR-H,99999999999999999999,0000000,37.07241667,-91.26313889,1,9
29,201,4,9,21,30,1,1,0,0,4,3,0,34,0,1,4,1,2,55,1,2,2,2,0,0,2,2,0,0,21,23,21,38,22,26,0,0,0,0,1,5,0,290189,0,2009,24,SR-ZZ,99999999999999999999,0000000,36.919,-89.64530556,1,2
29,510,4,10,2,40,1,2,0,0,16,6,0,42,0,1,4,5,2,45,2,1,2,6,40,3,3,2,0,0,99,99,99,99,99,99,0,0,0,0,1,6,1,290190,7080,2009,2,RIVERVIEWDR,99999999999999999999,0000000,38.764525,-90.18333333,1,2
29,161,4,10,20,53,1,2,1,1,1,1,0,8,0,1,1,3,2,70,1,1,2,1,0,0,2,1,0,0,20,56,21,0,88,88,0,0,0,0,1,6,0,290191,0,2009,58,I-44,99999999999999999999,0000000,38.00027778,-91.62561111,1,1
29,29,4,11,11,35,1,2,0,0,6,4,0,17,0,1,4,1,2,35,2,2,4,1,0,0,1,1,0,0,11,33,11,42,12,27,0,0,0,0,1,7,0,290192,0,2009,3,581R,99999999999999999999,0000000,38.04555556,-92.80916667,1,1
29,183,4,11,18,45,1,1,0,1,11,1,0,1,0,1,1,3,3,65,1,1,8,1,0,0,1,1,0,0,99,98,99,98,88,88,0,0,0,0,1,7,0,290193,0,2009,84,I-70,99999999999999999999,0000000,38.80583333,-90.81536111,1,1
29,77,4,11,22,31,1,1,0,0,14,6,0,33,0,1,4,3,2,30,2,1,2,1,0,0,3,1,0,0,22,32,22,38,22,53,0,0,0,0,1,7,1,290194,7460,2009,23,GRANDST,99999999999999999999,0000000,37.19708333,-93.30918056,1,1
29,95,4,13,14,10,2,6,0,1,11,1,0,57,0,1,3,3,2,70,1,2,2,2,0,0,1,1,0,0,14,11,14,18,14,35,0,0,0,0,1,2,0,290195,840,2009,70,I-70,99999999999999999999,0000000,39.02583333,-94.23555556,2,1
29,145,4,14,23,52,1,1,0,0,4,3,0,42,0,1,4,1,2,55,2,2,2,1,40,3,2,1,0,0,99,98,99,98,88,88,0,0,0,0,1,3,1,290196,0,2009,54,SR-K,99999999999999999999,0000000,36.88913889,-94.54177778,1,1
29,47,4,15,5,35,2,3,0,1,12,3,0,12,4,3,1,2,2,55,1,1,2,1,20,3,3,1,0,0,99,99,99,99,99,99,0,0,0,0,1,4,0,290197,4120,2009,65,SR-210,PVTLANDWAY,0000000,39.15493889,-94.47489167,2,1
29,186,4,16,16,0,1,1,0,0,4,3,0,1,0,3,1,1,2,55,1,1,2,1,40,3,1,1,0,0,16,2,16,8,88,88,0,0,0,0,1,5,0,290198,0,2009,119,SR-C,SR-32,0000000,37.87388889,-90.22972222,1,1
29,45,4,17,12,15,1,1,0,0,4,3,0,1,0,2,1,1,2,55,1,1,2,1,20,3,1,1,0,0,12,29,12,54,13,28,0,0,0,0,1,6,0,290199,0,2009,52,SR-M,SR-FF,0000000,40.27661111,-91.76058333,1,1
29,225,4,18,13,53,2,2,0,0,6,4,0,12,4,4,1,1,2,50,1,2,4,1,0,0,1,1,0,0,99,99,99,99,88,88,0,14,0,0,1,7,0,290200,0,2009,14,JARRETTBRANCHRD,99999999999999999999,0000000,37.31283333,-93.04538889,2,1
29,99,4,18,17,43,1,2,0,1,11,1,0,31,0,15,8,3,4,70,1,2,1,1,40,3,1,1,0,0,17,44,17,48,18,34,0,0,0,0,1,7,1,290201,0,2009,59,I-55,IMPERIALMAINST,0000000,38.37191667,-90.38158333,1,1
29,145,4,20,16,6,1,1,0,0,4,3,0,34,0,1,4,1,2,55,1,2,2,1,0,0,1,1,0,0,16,0,16,29,16,45,0,0,0,0,1,2,0,290202,0,2009,237,SR-86,99999999999999999999,0000000,36.87166667,-94.32177778,1,1
29,145,4,21,0,48,1,1,0,1,2,2,0,37,0,1,4,1,2,60,1,1,2,1,0,0,2,1,0,0,0,58,1,21,1,52,0,0,0,0,1,3,0,290203,0,2009,82,US-60,99999999999999999999,0000000,36.83666667,-94.47416667,1,1
29,215,4,21,14,29,1,1,0,0,3,3,0,53,0,1,4,1,2,55,2,1,2,1,0,0,1,1,0,0,14,29,14,32,88,88,0,0,0,0,1,3,0,290204,0,2009,276,SR-17,99999999999999999999,0000000,37.35227778,-92.04352778,1,1