STATE,COUNTY,MONTH,DAY,HOUR,MINUTE,VE_TOTAL,PERSONS,PEDS,NHS,ROAD_FNC,ROUTE,SP_JUR,HARM_EV,MAN_COLL,REL_JUNC,REL_ROAD,TRAF_FLO,NO_LANES,SP_LIMIT,ALIGNMNT,PROFILE,PAVE_TYP,SUR_COND,TRA_CONT,T_CONT_F,LGT_COND,WEATHER1,WEATHER2,WRK_ZONE,NOT_HOUR,NOT_MIN,ARR_HOUR,ARR_MIN,HOSP_HR,HOSP_MN,SCH_BUS,CF1,CF2,CF3,FATALS,DAY_WEEK,DRUNK_DR,ST_CASE,CITY,YEAR,MILEPT,TWAY_ID,TWAY_ID2,RAIL,LATITUDE,LONGITUD,VE_FORMS,WEATHER
29,510,4,23,4,54,1,2,1,0,13,6,0,8,0,3,1,1,6,35,1,2,2,1,1,3,3,1,0,0,99,99,99,99,99,99,0,0,0,0,1,5,0,290205,7080,2009,28,KINGSHIGHWAYBLVD,HODIAMONTRIGHTOFWAY,0000000,38.65442222,-90.26308333,1,1
29,79,4,24,12,15,2,2,0,1,12,2,0,11,0,1,1,1,2,55,1,1,2,1,0,0,1,1,0,0,99,98,99,98,88,88,0,14,0,0,1,6,0,290206,7780,2009,129,US-65,99999999999999999999,0000000,40.08202778,-93.59505556,2,1
29,107,4,24,13,30,3,4,0,1,1,1,0,12,11,1,1,3,2,70,2,1,2,1,0,0,1,6,0,0,99,98,99,98,88,88,0,14,20,0,1,6,0,290207,0,2009,304,I-70,99999999999999999999,0000000,38.98911111,-93.55005556,3,6
29,19,4,24,14,30,2,2,0,1,2,2,0,12,1,1,1,2,2,70,1,2,2,1,0,0,1,1,0,0,99,98,99,98,88,88,0,0,0,0,1,6,0,290208,0,2009,425,US-63,99999999999999999999,0000000,38.69616667,-92.25516667,2,1
29,79,4,24,19,30,1,2,0,0,6,4,0,42,0,1,4,1,2,60,1,2,4,1,0,0,1,1,0,0,19,36,19,46,20,3,0,0,0,0,1,6,1,290209,0,2009,17,5THST,99999999999999999999,0000000,40.0825,-93.65583333,1,1
29,105,4,26,10,49,1,2,0,0,4,3,0,42,0,1,4,1,2,55,2,1,2,1,0,0,1,1,0,0,10,49,11,23,99,99,0,0,0,0,1,1,0,290210,0,2009,12,SR-95,99999999999999999999,0000000,37.48327778,-92.30638889,1,1
29,21,4,26,17,17,1,1,0,1,12,2,0,23,0,1,4,3,2,45,2,2,2,1,0,0,1,1,0,0,17,21,17,23,17,40,0,0,0,0,1,1,1,290211,7070,2009,9,US-36,99999999999999999999,0000000,39.74730833,-94.84426389,1,1
29,15,4,27,13,50,2,3,0,1,2,2,0,12,4,3,1,2,2,65,1,1,2,2,21,3,1,1,0,0,13,53,14,0,14,42,0,0,0,0,1,2,0,290212,0,2009,334,US-65,CHEESECREEKRD,0000000,38.49844444,-93.27377778,2,1
29,47,4,28,13,12,2,2,0,0,4,3,0,12,5,2,1,1,2,55,1,2,2,1,20,3,1,1,0,0,13,17,13,25,13,47,0,0,0,0,1,3,0,290213,0,2009,57,SR-C,CRD164THST,0000000,39.38966667,-94.44511111,2,1
29,183,4,28,14,55,1,1,0,0,4,3,0,42,0,1,4,1,2,50,1,1,2,1,0,0,1,1,0,0,14,59,15,4,15,28,0,0,0,0,1,3,0,290214,0,2009,45,SR-Z,99999999999999999999,0000000,38.74956389,-90.8725,1,1
29,181,4,29,1,25,1,3,0,0,4,3,0,1,0,1,4,1,2,55,1,2,2,1,0,0,2,1,0,0,99,98,99,98,88,88,0,0,0,0,3,4,1,290215,0,2009,14,SR-E,99999999999999999999,0000000,36.57386111,-90.77275,1,1
29,169,4,29,18,23,2,2,0,0,4,3,0,12,2,1,1,1,2,55,2,2,2,2,0,0,1,2,0,0,18,25,18,32,19,20,0,0,0,0,1,4,0,290216,0,2009,85,SR-T,99999999999999999999,0000000,37.82525,-92.26447222,2,2
29,201,4,30,7,40,2,3,0,0,4,2,0,12,4,4,1,1,2,60,1,1,2,1,0,0,1,1,0,0,7,49,8,15,8,41,0,0,0,0,1,5,0,290217,0,2009,199,US-61,99999999999999999999,0000000,36.98194444,-89.62166667,2,1
29,23,4,25,2,0,1,1,0,0,3,3,0,27,0,1,4,1,2,55,2,1,2,1,0,0,2,1,0,0,99,98,99,98,88,88,0,0,0,0,1,7,0,290218,0,2009,145,SR-142,99999999999999999999,0000000,36.63425,-90.42013889,1,1
29,189,2,13,12,5,1,1,0,1,12,2,0,28,0,1,3,3,2,35,1,1,1,1,0,0,1,1,0,0,12,14,12,18,12,41,0,0,0,0,1,6,0,290219,0,2009,32,US-61,99999999999999999999,0000000,38.50651667,-90.32686389,1,1
29,9,4,24,9,35,2,2,0,0,3,3,0,12,5,2,1,5,2,45,1,1,2,1,3,3,1,1,0,0,99,99,99,99,99,99,0,0,0,0,1,6,0,290220,1460,2009,138,SR-76,SR-37,0000000,36.66876389,-93.88598333,2,1
29,95,4,26,22,35,1,2,1,0,16,6,0,8,0,1,1,5,6,35,1,2,2,2,0,0,3,2,0,0,99,99,99,99,99,99,0,0,0,0,1,1,0,290221,4120,2009,28,MAINST,99999999999999999999,0000000,39.065975,-94.58556111,1,2
29,229,5,1,19,20,1,1,0,0,6,4,0,34,0,1,4,1,2,50,1,2,4,2,0,0,1,2,0,0,99,99,99,99,99,99,0,0,0,0,1,6,1,290222,0,2009,12,OLDNIANGUA,99999999999999999999,0000000,37.27605556,-92.56227778,1,2
29,207,5,1,21,15,3,2,0,0,4,3,0,42,0,1,4,1,2,55,2,1,2,1,0,0,2,1,0,0,21,12,21,38,23,2,0,14,0,0,1,6,1,290223,0,2009,69,SR-51,99999999999999999999,0000000,36.96897222,-90.14408333,1,1
29,215,5,3,19,23,2,3,0,1,2,2,0,14,9,1,3,2,2,65,2,1,2,2,0,0,1,1,0,0,19,31,20,4,21,22,0,19,0,0,1,1,0,290224,0,2009,32,US-60,99999999999999999999,0000000,37.08544444,-92.05702778,1,1
29,177,5,3,20,5,1,1,0,0,3,3,0,34,0,1,4,1,2,60,1,1,2,1,0,0,1,1,0,0,20,10,20,20,20,41,0,0,0,0,1,1,1,290225,0,2009,72,SR-13,99999999999999999999,0000000,39.39808333,-94.00277778,1,1
29,183,5,4,15,38,2,3,0,0,14,6,0,12,5,2,1,1,2,45,1,1,1,1,0,0,1,1,0,0,99,98,99,98,88,88,0,0,0,0,1,2,0,290226,7010,2009,0,LITTLEHILLSEXPRESSWA,BOSCHERTOWNRD,0000000,38.819125,-90.49792222,2,1
29,225,5,4,16,30,2,6,0,1,2,2,0,12,4,2,1,2,2,65,1,1,2,1,21,3,1,1,0,0,99,99,99,99,99,99,0,0,0,0,1,2,0,290227,2810,2009,163,US-60,SR-FF,0000000,37.15211111,-92.94347222,2,1
29,99,5,5,21,31,2,4,0,0,15,3,0,12,2,1,1,1,2,55,1,3,2,1,0,0,3,1,0,0,21,45,21,56,22,5,0,0,0,0,1,3,0,290228,0,2009,15,SR-B,99999999999999999999,0000000,38.32304722,-90.64868611,2,1
29,69,5,6,19,48,1,1,0,0,2,3,0,34,0,1,4,1,2,55,1,1,2,1,0,0,1,1,0,0,99,98,99,98,88,88,0,0,0,0,1,4,1,290229,0,2009,120,SR-53,99999999999999999999,0000000,36.46972222,-90.05222222,1,1
29,105,5,8,3,26,1,2,0,1,1,1,0,1,0,1,4,3,2,70,1,1,2,1,0,0,2,1,0,0,99,99,99,99,99,99,0,0,0,0,1,6,0,290230,0,2009,119,I-44,99999999999999999999,0000000,37.72472222,-92.60361111,1,1
29,83,5,8,21,28,2,2,0,0,3,3,0,12,4,1,1,1,2,55,1,1,2,1,0,0,2,1,0,0,21,35,22,10,23,3,0,0,0,0,1,6,0,290231,0,2009,76,SR-52,99999999999999999999,0000000,38.25394444,-93.90386111,2,1
29,219,5,8,22,50,1,1,0,0,6,4,0,42,0,1,4,1,2,60,2,2,4,2,0,0,2,1,0,0,99,98,99,98,88,88,0,0,0,0,1,6,0,290232,0,2009,50,JOERLINGRD,99999999999999999999,0000000,38.66766667,-91.01755556,1,1
29,61,5,9,2,45,1,1,0,0,4,3,0,42,0,1,4,1,2,55,1,2,2,1,0,0,2,1,0,0,99,98,99,98,88,88,0,0,0,0,1,7,1,290233,0,2009,79,SR-V,99999999999999999999,0000000,39.87983333,-93.79411111,1,1
29,209,5,9,18,0,1,1,0,0,6,4,0,1,0,1,1,1,2,60,2,2,2,1,0,0,1,1,0,0,99,98,99,98,88,88,0,0,0,0,1,7,0,290234,0,2009,12,MEADOWVIEW,99999999999999999999,0000000,36.69563889,-93.446,1,1
29,71,3,16,14,55,2,3,0,0,12,3,0,12,2,1,1,1,2,40,2,2,1,1,0,0,1,1,0,0,99,99,99,99,99,99,0,0,0,0,1,2,0,290235,7860,2009,85,SR-47,99999999999999999999,0000000,38.44505278,-90.99821111,2,1
29,99,3,18,14,52,2,3,0,1,12,3,0,12,5,2,1,3,2,45,1,1,1,1,20,3,1,1,0,0,99,99,99,99,99,99,0,0,0,0,1,4,0,290236,0,2009,2,SR-M,SR-21,0000000,38.37779722,-90.50511389,2,1
29,133,3,28,21,30,1,4,2,0,16,6,0,8,0,1,1,1,2,25,1,1,2,2,0,0,3,2,0,0,99,99,99,99,99,99,0,0,0,0,1,7,0,290237,2390,2009,6,PINEST,99999999999999999999,0000000,36.779725,-89.38747222,1,2
29,95,4,5,1,10,1,3,0,1,11,1,0,5,0,1,1,3,2,70,1,1,2,1,0,0,2,1,0,0,99,98,99,98,88,88,0,0,0,0,1,1,1,290238,0,2009,234,I-70,99999999999999999999,0000000,39.02480556,-94.22683333,1,1
29,149,5,10,20,15,1,2,0,0,2,2,0,36,0,1,4,1,2,65,2,1,2,1,0,0,9,1,0,0,99,99,99,99,99,99,0,0,0,0,1,1,0,290239,0,2009,99,US-63,99999999999999999999,0000000,36.56016667,-91.55475,1,1
29,219,5,11,8,45,2,2,0,0,3,3,0,12,4,1,1,1,2,55,1,1,2,1,0,0,1,1,0,0,8,49,8,54,88,88,0,0,0,0,1,2,1,290240,0,2009,114,SR-47,99999999999999999999,0000000,38.77272222,-91.14594444,2,1
29,159,5,11,8,50,2,2,0,0,3,3,0,12,1,1,1,1,2,55,1,2,2,1,0,0,1,1,0,0,99,98,99,98,88,88,0,0,0,0,1,2,0,290241,0,2009,120,SR-52,99999999999999999999,0000000,38.53536111,-93.2905,2,1
29,201,5,13,16,14,2,7,0,0,14,3,0,12,5,2,1,1,2,55,1,1,2,1,20,3,1,1,0,0,16,13,16,20,16,41,0,0,0,0,1,4,0,290242,7310,2009,31,SR-Y,SR-BB,0000000,36.89015833,-89.63348056,2,1
29,27,5,15,0,25,1,1,0,0,3,3,0,21,0,1,4,1,2,60,1,1,2,1,0,0,2,1,0,0,99,99,99,99,88,88,0,0,0,0,1,6,1,290243,0,2009,207,SR-94,99999999999999999999,0000000,38.69116667,-91.84197222,1,1
29,99,5,15,11,17,2,2,0,0,14,3,0,53,0,1,4,1,2,55,2,2,2,1,0,0,1,1,0,0,11,18,11,23,99,99,0,0,0,0,1,6,1,290244,0,2009,62,SR-30,99999999999999999999,0000000,38.33395556,-90.666625,2,1
29,105,5,16,21,5,1,2,1,0,3,3,0,8,0,1,1,1,2,55,2,2,2,2,0,0,2,1,0,1,21,6,21,24,88,88,0,0,0,0,1,7,0,290245,0,2009,288,SR-5,99999999999999999999,0000000,37.51766667,-92.58625,1,1
29,207,5,17,17,30,2,3,0,0,4,3,0,12,1,8,1,1,2,55,1,1,2,1,0,0,1,1,0,0,99,99,99,99,99,99,0,0,0,0,1,1,1,290246,0,2009,87,SR-Z,99999999999999999999,0000000,36.67191667,-89.81291667,2,1
29,183,5,17,17,50,2,3,0,0,3,3,0,12,4,1,1,1,2,55,1,1,2,1,0,0,1,1,0,0,17,57,18,13,18,48,0,0,0,0,1,1,1,290247,0,2009,108,SR-94,99999999999999999999,0000000,38.60775,-90.79525,2,1
29,21,5,17,18,45,1,1,0,0,6,4,0,30,0,1,4,1,2,20,1,1,2,1,0,0,1,1,0,0,18,46,18,51,19,18,0,0,0,0,1,1,1,290248,0,2009,63,LAKEFRONTLN,99999999999999999999,0000000,39.72169444,-94.90533333,1,1
29,107,5,18,14,30,2,2,0,1,2,1,0,45,1,1,1,2,2,70,1,2,2,1,41,3,1,1,0,4,14,30,14,35,15,2,0,0,0,0,1,2,0,290249,0,2009,298,I-70,99999999999999999999,0000000,38.99083333,-93.55975,2,1
29,127,5,19,20,45,1,1,0,1,2,2,0,1,0,13,8,6,1,65,2,2,1,1,0,0,5,1,0,0,99,98,99,98,88,88,0,0,0,0,1,3,1,290250,0,2009,53,US-24EXITRAMP,US-61,0000000,39.93599167,-91.514825,1,1
29,229,5,20,7,40,1,1,0,1,2,2,0,1,0,5,4,6,1,65,1,2,1,1,0,0,1,1,0,0,99,98,99,98,88,88,0,0,0,0,1,4,0,290251,0,2009,187,US-60RAMP,99999999999999999999,0000000,37.11569444,-92.57294444,1,1
29,155,5,20,16,15,1,1,0,0,6,4,0,30,0,1,4,1,2,50,1,1,4,1,0,0,1,1,0,0,99,99,99,99,99,99,0,0,0,0,1,4,0,290252,0,2009,42,580,99999999999999999999,0000000,36.00052778,-89.80291667,1,1
29,167,2,10,18,10,1,5,0,0,3,3,0,5,0,1,1,1,2,55,1,2,2,1,0,0,1,1,0,0,17,59,18,11,18,41,0,0,0,0,1,3,0,290253,0,2009,48,SR-32,99999999999999999999,0000000,37.623,-93.52813889,1,1
29,95,4,23,15,47,1,1,0,0,12,3,0,36,0,1,4,1,2,45,1,1,2,1,0,0,1,1,0,0,15,57,16,2,99,99,0,0,0,0,1,5,0,290254,4490,2009,197,SR-291,99999999999999999999,0000000,38.91574722,-94.36251667,1,1
29,510,5,8,20,47,3,3,0,0,12,6,0,12,5,2,1,1,4,35,2,2,2,1,20,3,3,1,0,0,99,99,99,99,99,99,0,14,0,0,1,6,1,290255,7080,2009,36,BROADWAY,ELWOODST,0000000,38.559575,-90.24388889,2,1
29,510,5,10,2,57,3,8,0,0,12,6,0,12,5,2,1,1,4,35,1,1,2,1,3,3,3,1,0,0,99,99,99,99,99,99,0,0,0,0,1,1,3,290256,7080,2009,33,KINGSHIGHWAYBLVD,DELMAR,0000000,38.65180278,-90.26358611,3,1
29,47,5,11,3,22,1,2,0,0,15,6,0,1,0,3,4,1,2,35,2,2,2,2,0,0,3,1,0,0,99,99,99,99,99,99,0,0,0,0,1,2,1,290257,4120,2009,57,NEANTIOCHRD,NE42NDST,0000000,39.16991389,-94.54934167,1,1
29,189,5,12,11,25,2,3,0,0,14,4,0,12,2,1,1,1,4,30,1,1,2,1,0,0,1,1,0,0,99,99,99,99,99,99,0,0,0,0,1,3,0,290258,4060,2009,30,JENNINGSSTATIONRD,99999999999999999999,0000000,38.72355833,-90.2529,2,1
29,165,5,13,13,28,1,1,0,0,6,4,0,36,0,1,4,1,2,45,1,2,2,1,0,0,1,1,0,0,99,98,99,98,88,88,0,0,0,0,1,4,0,290259,0,2009,0,FARMERSLN,99999999999999999999,0000000,39.37603611,-94.70665,1,1
29,95,5,17,2,0,1,2,0,0,16,6,0,33,0,1,4,1,2,35,1,2,2,1,0,0,3,1,0,0,99,99,99,99,99,99,0,0,0,0,1,1,1,290260,4120,2009,19,TOPPINGAVE,99999999999999999999,0000000,39.08738611,-94.51510278,1,1
29,91,5,18,8,58,2,5,0,1,12,2,0,12,2,1,1,5,4,55,1,1,1,1,0,0,1,1,0,4,8,58,9,14,10,8,0,0,0,0,3,2,0,290261,8330,2009,229,US-63,99999999999999999999,0000000,36.76591111,-91.877075,2,1
29,510,5,18,23,15,1,2,1,0,12,6,0,8,0,1,1,1,6,35,1,1,2,1,0,0,3,1,0,0,99,98,99,98,88,88,0,0,0,0,1,2,0,290262,7080,2009,24,GRANDBLVD,99999999999999999999,0000000,38.62954444,-90.23556111,1,1
29,71,5,21,18,0,1,2,1,0,6,4,0,8,0,1,1,1,2,30,1,2,2,1,0,0,1,1,0,0,18,9,18,19,18,31,0,0,0,0,1,5,0,290263,0,2009,9,NORTHBEND,99999999999999999999,0000000,38.41338889,-91.02480556,1,1
29,145,5,21,18,33,1,1,0,1,2,2,0,23,0,15,3,2,2,70,1,2,1,1,0,0,1,1,0,0,18,44,18,57,19,16,0,0,0,0,1,5,0,290264,0,2009,85,US-71,MO-86,0000000,36.87991667,-94.43108333,1,1
29,41,5,23,10,54,1,1,0,1,2,2,0,1,0,1,4,1,2,60,1,2,2,1,0,0,1,1,0,0,11,0,11,11,11,48,0,0,0,0,1,7,0,290265,0,2009,232,US-24,99999999999999999999,0000000,39.43105556,-92.76275,1,1
29,79,5,23,20,50,1,2,0,0,6,4,0,1,0,1,4,1,2,60,1,1,4,1,0,0,2,1,0,0,88,88,88,88,88,88,0,0,0,0,1,7,1,290266,0,2009,8,52NDAVE,99999999999999999999,0000000,40.10333333,-93.69833333,1,1
29,183,5,24,1,20,2,2,1,1,11,1,0,12,5,1,1,3,4,60,1,3,1,1,0,0,2,1,0,0,1,21,1,30,88,88,0,15,19,0,1,1,0,290267,0,2009,242,I-70,99999999999999999999,0000000,38.78358333,-90.52352778,2,1
29,23,5,24,4,0,1,1,0,0,4,3,0,1,0,1,4,1,2,55,2,1,2,2,0,0,2,1,0,0,99,99,99,99,88,88,0,0,0,0,1,1,1,290268,0,2009,46,SR-HH,99999999999999999999,0000000,36.61613889,-90.35658333,1,1
29,221,5,25,1,8,1,2,0,0,3,3,0,1,0,1,4,1,2,55,2,2,2,1,0,0,2,1,0,0,1,27,1,32,99,99,0,0,0,0,1,2,1,290269,0,2009,102,SR-47,99999999999999999999,0000000,38.08722222,-90.73944444,1,1
29,107,5,25,17,25,2,3,0,0,2,2,0,12,4,1,1,1,2,60,2,2,1,2,0,0,1,2,0,0,99,98,99,98,88,88,0,0,0,0,1,2,0,290270,0,2009,13,US-65,99999999999999999999,0000000,39.20075,-93.49488889,2,2
29,95,5,26,4,6,1,2,1,1,11,1,0,9,0,1,1,3,2,55,1,1,1,2,40,3,2,2,0,1,99,99,99,99,88,88,0,3,0,0,1,3,0,290271,4120,2009,10,I-29,99999999999999999999,0000000,39.11741389,-94.56448611,1,2
29,31,5,26,5,50,1,1,0,0,16,4,0,42,0,1,4,1,2,50,1,1,2,2,0,0,1,9,0,0,5,53,6,8,6,23,0,0,0,0,1,3,0,290272,0,2009,4,205,99999999999999999999,0000000,37.27327778,-89.59063889,1,9
29,189,5,26,16,16,4,4,0,1,12,2,0,12,4,2,1,2,4,40,2,2,1,1,1,3,1,1,0,0,16,16,16,27,99,99,0,14,0,0,2,3,0,290273,1050,2009,255,US-67,MOBOTTOMRD,0000000,38.75783333,-90.37711111,4,1
29,31,5,26,23,11,1,1,0,0,5,3,0,35,0,1,4,1,2,55,2,1,2,1,0,0,2,1,0,0,23,18,23,37,0,8,0,0,0,0,1,3,1,290274,0,2009,15,SR-CC,99999999999999999999,0000000,37.54611111,-89.65333333,1,1
29,99,5,27,10,42,2,3,0,0,4,3,0,12,4,2,1,1,2,55,1,2,2,1,20,3,1,1,0,0,10,44,10,57,99,99,0,0,0,0,1,4,0,290275,0,2009,41,SR-C,BUTCHERBRANCHRD,0000000,38.22036111,-90.65972222,2,1
29,13,5,27,16,15,2,3,0,1,2,2,0,13,2,1,1,2,2,70,1,2,2,2,0,0,1,2,0,0,16,14,16,21,17,14,0,20,0,0,2,4,0,290276,0,2009,176,US-71,99999999999999999999,0000000,38.30327778,-94.34991667,2,2
29,105,5,27,17,15,2,3,0,0,3,3,0,12,2,1,1,1,2,55,1,2,2,1,0,0,1,1,0,0,17,17,17,26,99,99,0,0,0,0,1,4,1,290277,0,2009,79,SR-32,99999999999999999999,0000000,37.64777778,-92.7275,2,1
29,159,5,28,4,41,1,1,0,0,4,3,0,42,0,1,5,1,2,55,2,1,2,2,0,0,2,2,0,0,99,98,99,98,88,88,0,0,0,0,1,5,1,290278,0,2009,22,SR-U,99999999999999999999,0000000,38.65472222,-93.22008333,1,2
29,107,5,11,10,50,2,3,0,0,2,2,0,12,2,1,1,1,2,60,1,1,2,1,0,0,1,1,0,0,10,47,10,53,99,99,0,0,0,0,1,2,0,290279,0,2009,72,US-24,99999999999999999999,0000000,39.12438889,-93.976,2,1
29,187,5,29,13,47,2,2,0,1,2,2,0,12,4,2,1,2,2,65,1,2,2,1,21,3,1,1,0,0,13,48,13,51,14,51,0,0,0,0,1,6,0,290280,0,2009,7,US-67,BERRYRD,0000000,37.98411111,-90.53266667,2,1
29,207,5,29,15,15,2,3,0,0,3,3,0,12,4,2,1,1,2,60,1,2,2,1,0,0,1,1,0,0,15,31,16,4,16,44,0,0,0,0,1,6,0,290281,0,2009,51,SR-25,SR-OO,0000000,37.06916667,-89.90416667,2,1
29,23,5,29,23,0,1,1,0,0,4,3,0,32,0,3,4,1,2,55,1,1,2,1,0,0,3,1,0,0,99,98,99,98,88,88,0,0,0,0,1,6,1,290282,0,2009,20,SR-AA,SR-B,0000000,36.765,-90.33444444,1,1
29,215,5,30,23,50,1,1,0,0,4,3,0,36,0,1,4,1,2,55,2,2,2,1,0,0,2,1,0,0,0,1,0,9,0,55,0,0,0,0,1,7,1,290283,0,2009,7,SR-B,99999999999999999999,0000000,37.32733333,-91.93878889,1,1
29,201,5,31,5,30,1,6,0,0,6,4,0,1,0,1,1,1,2,50,1,1,4,1,20,3,2,1,0,0,5,58,6,19,6,37,0,0,0,0,2,1,1,290284,0,2009,8,261,99999999999999999999,0000000,37.11280556,-89.67563889,1,1
29,161,5,31,9,46,1,1,0,1,11,1,0,1,0,1,1,3,2,70,1,1,2,1,0,0,1,1,0,0,9,52,10,11,10,49,0,0,0,0,1,1,0,290285,6910,2009,184,I-44,99999999999999999999,0000000,37.96805556,-91.75944444,1,1
29,57,5,31,15,45,1,1,0,0,5,3,0,37,0,1,4,1,2,55,2,2,2,1,0,0,1,1,0,0,15,52,16,3,88,88,0,0,0,0,1,1,0,290286,0,2009,50,SR-BB,99999999999999999999,0000000,37.44130556,-93.88838889,1,1
29,107,5,31,21,22,1,2,1,1,1,7,0,8,0,1,1,1,2,55,1,2,2,1,0,0,2,1,0,0,99,98,99,98,88,88,0,0,0,0,1,1,0,290287,0,2009,299,I-70NOR,99999999999999999999,0000000,38.99125,-93.55986111,1,1
29,105,5,31,1,10,2,7,0,1,2,3,0,12,4,1,1,1,2,55,1,1,1,1,0,0,2,1,0,0,1,15,1,25,2,18,0,0,0,0,1,1,0,290288,0,2009,92,SR-5,99999999999999999999,0000000,37.80191667,-92.68444444,2,1
29,99,5,23,3,25,1,1,0,0,5,4,0,32,0,1,4,1,2,40,1,2,5,1,0,0,2,1,0,0,3,25,3,33,88,88,0,0,0,0,1,7,1,290289,0,2009,45,BYRNESVILLERD,99999999999999999999,0000000,38.39249722,-90.645875,1,1
29,221,5,29,16,10,2,2,0,0,4,3,0,42,0,1,4,1,2,35,1,2,2,1,0,0,1,1,0,0,16,24,16,47,17,37,0,0,0,0,1,6,0,290290,523,2009,180,SR-C,99999999999999999999,0000000,37.78741667,-90.85308333,1,1
29,185,6,1,6,55,1,1,0,1,2,3,0,27,0,1,4,2,2,65,2,2,1,1,0,0,1,1,0,0,99,98,99,98,88,88,0,0,0,0,1,2,0,290291,0,2009,47,SR-13,99999999999999999999,0000000,38.14555556,-93.72333333,1,1
29,99,6,2,15,38,2,2,0,1,1,1,0,13,5,15,1,2,2,60,1,2,2,1,0,0,1,1,0,1,99,99,99,99,99,99,0,0,0,0,1,3,0,290292,0,2009,218,I-55,99999999999999999999,0000000,38.15447222,-90.35555556,2,1
29,221,6,3,4,20,2,2,0,0,4,3,0,12,5,1,1,1,2,55,1,2,2,2,0,0,2,2,0,0,4,25,4,38,99,99,0,0,0,0,1,4,0,290293,0,2009,162,SR-47,99999999999999999999,0000000,38.01102778,-90.75416667,2,2
29,147,6,4,2,15,1,2,0,0,4,3,0,42,0,1,4,1,2,55,2,2,2,1,0,0,2,1,0,0,2,29,2,53,99,99,0,0,0,0,1,5,1,290294,0,2009,137,SR-113,99999999999999999999,0000000,40.27277778,-95.08527778,1,1
29,109,6,4,5,20,1,9,0,1,1,1,0,1,0,1,1,3,2,70,1,1,1,1,0,0,2,1,0,0,5,26,5,40,99,99,0,0,0,0,2,5,0,290295,0,2009,32,I-55,99999999999999999999,0000000,37.07583333,-93.98349722,1,1
29,35,6,5,13,45,2,2,0,1,2,2,0,12,4,8,1,2,2,65,1,2,1,1,0,0,1,1,0,0,13,52,14,2,14,30,0,0,0,0,1,6,0,290296,0,2009,110,US-60,99999999999999999999,0000000,36.94922222,-90.82708333,2,1
29,209,6,6,12,19,2,4,0,0,3,3,0,12,2,1,1,1,2,55,2,2,2,1,0,0,1,1,0,0,99,98,99,98,88,88,0,0,0,0,1,7,0,290297,0,2009,62,SR-76,99999999999999999999,0000000,36.73663889,-93.48897222,2,1
29,99,6,7,10,15,1,1,0,0,16,4,0,42,0,1,4,1,2,30,2,2,2,1,0,0,1,1,0,0,10,20,10,21,88,88,0,0,0,0,1,1,0,290298,0,2009,7,DILLONRD,99999999999999999999,0000000,38.48047222,-90.52847222,1,1
29,183,6,7,10,50,1,2,0,0,3,3,0,24,0,1,4,1,2,55,2,2,2,1,0,0,1,1,0,0,10,51,11,10,11,42,0,0,0,0,1,1,0,290299,0,2009,74,SR-94,99999999999999999999,0000000,38.58202778,-90.84166667,1,1
29,95,6,8,14,3,1,1,0,1,12,2,0,25,0,1,4,3,2,45,1,1,1,1,0,0,1,1,0,0,99,99,99,99,99,99,0,0,0,0,1,2,0,290300,4120,2009,5,US-9,99999999999999999999,0000000,39.11254722,-94.57805833,1,1
29,19,6,8,19,50,1,1,0,0,5,4,0,1,0,1,4,1,2,35,2,2,2,1,0,0,1,1,0,0,99,99,99,99,99,99,0,0,0,0,1,2,0,290301,0,2009,0,BURROAKRD,99999999999999999999,0000000,38.88617222,-92.44982222,1,1
29,131,6,8,21,40,1,1,0,0,4,3,0,42,0,1,4,1,2,55,1,2,2,1,0,0,2,1,0,0,99,98,99,98,88,88,0,0,0,0,1,2,0,290302,0,2009,10,SR-Y,99999999999999999999,0000000,38.30125,-92.68902778,1,1
29,17,6,9,8,16,2,3,0,0,4,3,0,12,2,1,1,1,2,55,1,2,2,1,0,0,1,1,0,0,8,38,9,20,9,54,0,0,0,0,2,3,0,290303,0,2009,63,SR-A,99999999999999999999,0000000,37.46838889,-90.04369444,2,1
29,117,6,8,17,25,1,2,0,0,6,4,0,37,0,1,4,1,2,60,1,1,4,1,0,0,1,1,0,0,99,99,99,99,99,99,0,0,0,0,1,2,0,290304,0,2009,6,409,99999999999999999999,0000000,39.72777778,-93.71777778,1,1
29,15,6,12,5,8,1,2,1,0,4,3,0,8,0,1,1,1,2,55,1,2,2,1,0,0,2,5,0,0,5,10,5,27,88,88,0,0,0,0,1,6,0,290305,0,2009,69,SR-E,99999999999999999999,0000000,38.43022222,-93.45644444,1,5
29,203,6,12,11,25,2,6,0,1,2,2,0,12,5,2,1,1,2,60,1,2,2,1,0,0,1,1,0,0,11,26,11,57,12,39,0,0,0,0,1,6,0,290306,0,2009,87,US-60,SUNSETST,0000000,36.99761111,-91.50308333,2,1
29,15,6,18,15,10,1,1,0,0,4,3,0,34,0,1,4,1,2,55,1,2,2,1,0,0,1,1,0,0,99,98,99,98,88,88,0,0,0,0,1,5,0,290307,0,2009,67,SR-C,99999999999999999999,0000000,38.39016667,-93.39641667,1,1
29,99,5,29,10,1,1,2,0,0,13,3,0,5,0,1,1,1,2,45,1,2,2,1,0,0,1,1,0,0,10,4,10,13,10,37,0,0,0,0,1,6,0,290308,335,2009,8,SR-231,99999999999999999999,0000000,38.41331111,-90.36006389,1,1