STATE,COUNTY,MONTH,DAY,HOUR,MINUTE,VE_TOTAL,PERSONS,PEDS,NHS,ROAD_FNC,ROUTE,SP_JUR,HARM_EV,MAN_COLL,REL_JUNC,REL_ROAD,TRAF_FLO,NO_LANES,SP_LIMIT,ALIGNMNT,PROFILE,PAVE_TYP,SUR_COND,TRA_CONT,T_CONT_F,LGT_COND,WEATHER1,WEATHER2,WRK_ZONE,NOT_HOUR,NOT_MIN,ARR_HOUR,ARR_MIN,HOSP_HR,HOSP_MN,SCH_BUS,CF1,CF2,CF3,FATALS,DAY_WEEK,DRUNK_DR,ST_CASE,CITY,YEAR,MILEPT,TWAY_ID,TWAY_ID2,RAIL,LATITUDE,LONGITUD,VE_FORMS,WEATHER
29,189,5,26,17,28,1,2,1,0,16,6,0,8,0,1,1,1,2,20,1,1,2,2,0,0,1,1,0,0,99,99,99,99,99,99,0,0,0,0,1,3,0,290309,7680,2009,0,ASHLANDAVE,99999999999999999999,0000000,38.70212778,-90.348,1,1
29,77,5,30,18,48,2,5,2,1,12,2,0,8,0,1,2,2,2,70,1,2,1,1,0,0,1,1,0,0,19,0,19,7,19,24,0,15,0,0,1,7,0,290310,0,2009,167,US-60,99999999999999999999,0000000,37.14413889,-93.35205556,1,1
29,77,6,14,4,17,2,2,0,1,12,2,0,12,1,1,1,2,2,65,1,1,2,2,0,0,2,2,0,0,99,99,99,99,99,99,0,0,0,0,1,1,0,290311,7460,2009,195,US-65,99999999999999999999,0000000,37.15812778,-93.22500278,2,2
29,147,6,17,2,28,2,2,0,0,4,3,0,12,1,1,1,1,2,55,1,1,2,1,0,0,2,5,0,0,2,32,2,57,99,99,0,0,0,0,1,4,2,290312,0,2009,115,SR-246,99999999999999999999,0000000,40.51638889,-94.64333333,2,5
29,187,6,19,7,15,1,2,0,1,2,2,0,42,0,1,4,2,2,65,2,2,2,1,0,0,1,1,0,0,7,17,7,28,7,48,0,0,0,0,1,6,0,290313,0,2009,268,US-67,99999999999999999999,0000000,37.97138889,-90.53888889,1,1
29,47,6,19,23,55,1,2,0,0,4,3,0,1,0,1,2,1,2,45,2,2,2,1,0,0,2,1,0,0,99,99,99,99,99,99,0,0,0,0,1,6,1,290314,7370,2009,10,SR-KK,99999999999999999999,0000000,39.39777778,-94.58666667,1,1
29,221,6,20,20,35,1,4,0,0,6,4,0,42,0,1,4,1,2,50,2,2,2,1,0,0,2,1,0,0,20,41,20,58,21,20,0,0,0,0,1,7,1,290315,0,2009,44,GILDEARD,99999999999999999999,0000000,37.80638889,-90.79,1,1
29,51,6,21,11,22,2,3,0,1,2,2,0,12,5,2,1,2,2,70,2,2,2,1,21,3,1,1,0,0,11,27,11,37,11,55,0,0,0,0,2,1,0,290316,0,2009,124,US-54,BUFFALORD,0000000,38.50419444,-92.26422222,2,1
29,7,6,24,23,15,1,3,0,0,3,3,0,1,0,1,1,1,2,60,2,1,2,1,0,0,2,1,0,0,23,15,23,26,0,13,0,0,0,0,1,4,0,290317,0,2009,47,SR-22,99999999999999999999,0000000,39.24502778,-92.22697222,1,1
29,29,6,27,22,40,1,1,0,0,6,4,0,42,0,1,4,1,2,35,2,1,2,1,0,0,2,1,0,0,99,98,99,98,88,88,0,0,0,0,1,7,1,290318,0,2009,34,CHELSIERD,99999999999999999999,0000000,38.15863889,-92.82683333,1,1
29,19,3,28,23,0,1,2,1,0,16,6,0,8,0,1,1,1,2,30,2,2,1,2,0,0,2,4,0,0,99,98,99,98,88,88,0,0,0,0,1,7,0,290319,1800,2009,7,CLARKLN,99999999999999999999,0000000,38.96355278,-92.29674722,1,4
29,510,5,23,4,39,2,2,0,0,14,6,0,12,5,2,1,5,4,30,1,1,2,1,2,3,3,1,0,0,99,99,99,99,99,99,0,0,0,0,1,7,1,290320,7080,2009,1,DELMARBLVD,SKINKERBLVD,0000000,38.65546944,-90.29970833,2,1
29,95,6,21,5,45,1,1,0,0,6,4,0,42,0,1,4,1,2,25,2,1,2,1,40,3,9,1,0,0,6,13,6,32,88,88,0,0,0,0,1,1,1,290322,0,2009,18,MUNRORD,99999999999999999999,0000000,38.92196667,-94.13808056,1,1
29,9,6,22,21,50,1,1,0,0,4,3,0,34,0,1,4,1,2,55,1,2,2,1,0,0,2,1,0,0,99,98,99,98,88,88,0,0,0,0,1,2,1,290323,0,2009,439,SR-86,99999999999999999999,0000000,36.50111111,-93.61416667,1,1
29,97,6,25,9,18,1,1,0,0,3,3,0,37,0,1,4,1,2,65,1,2,1,1,0,0,1,1,0,0,9,17,9,24,10,12,0,0,0,0,1,5,0,290324,0,2009,161,SR-96,99999999999999999999,0000000,37.19155556,-94.29102778,1,1
29,169,6,4,22,5,2,2,0,1,11,1,0,12,2,1,1,2,2,45,2,2,2,1,0,0,2,1,0,0,22,5,22,14,88,88,0,0,0,0,1,5,2,290325,7105,2009,18,I-44LOOP,99999999999999999999,0000000,37.82080556,-92.15736111,2,1
29,183,6,6,23,51,1,3,2,0,13,3,0,8,0,2,1,1,4,30,1,1,2,1,4,3,3,1,0,0,99,99,99,99,99,99,0,0,0,0,1,7,0,290326,5880,2009,12,SR-M,THIRDST,0000000,38.81284722,-90.69984444,1,1
29,115,6,7,4,15,1,1,0,0,6,4,0,38,0,1,5,1,2,50,1,2,4,2,0,0,2,1,0,0,99,98,99,98,88,88,0,0,0,0,1,1,0,290327,0,2009,46,KAYAKRD,99999999999999999999,0000000,39.79680556,-92.94488889,1,1
29,165,6,12,22,52,2,3,0,0,13,6,0,1,0,2,1,2,2,45,1,2,2,2,20,3,3,2,0,0,99,99,99,99,88,88,0,0,0,0,1,6,1,290328,4120,2009,61,BARRYRD,ROBINHOODAVE,0000000,39.246425,-94.62151389,2,2
29,189,6,15,16,37,2,2,0,0,14,6,0,12,4,2,1,2,2,30,1,1,2,1,0,0,1,1,0,0,16,38,16,46,17,7,0,0,0,0,1,2,0,290329,3140,2009,7,LOCKWOODAVE,PARKAVE,0000000,38.58314167,-90.38998056,2,1
29,189,6,17,11,56,2,6,0,0,13,4,0,12,4,2,1,5,4,35,1,1,1,1,2,3,1,1,0,0,12,0,12,3,12,33,0,0,0,0,1,4,0,290330,2780,2009,19,PATTERSONRD,MULLANPHYRD,0000000,38.80461944,-90.33097778,2,1
29,153,6,22,16,30,1,1,0,0,6,4,0,38,0,1,5,1,2,50,2,1,4,1,0,0,1,1,0,0,99,98,99,98,88,88,0,0,0,0,1,2,1,290331,0,2009,43,308,99999999999999999999,0000000,36.60694444,-92.31777778,1,1
29,181,6,24,15,35,1,1,0,0,4,3,0,34,0,1,4,1,2,55,2,1,2,1,0,0,1,1,0,0,99,98,99,98,88,88,0,0,0,0,1,4,1,290332,0,2009,19,SR-P,99999999999999999999,0000000,36.55941667,-91.00475,1,1
29,145,6,26,10,48,2,3,0,0,3,3,0,12,5,2,1,1,2,55,1,2,2,1,20,3,1,1,0,0,10,49,11,4,11,48,0,0,0,0,1,6,0,290333,0,2009,273,SR-86,SR-B,0000000,36.87805556,-94.26422222,2,1
29,29,6,27,11,40,3,4,0,1,2,3,0,12,4,1,1,1,2,55,2,2,2,1,0,0,1,1,0,0,11,42,11,48,13,20,0,0,0,0,1,7,0,290334,0,2009,142,SR-7,99999999999999999999,0000000,38.09536111,-92.83466667,3,1
29,95,6,27,14,15,2,4,0,0,12,2,0,12,4,2,1,2,2,55,1,1,2,1,20,3,1,1,0,0,14,9,14,15,14,45,0,0,0,0,1,7,0,290335,0,2009,121,US-40,BOWLINRD,0000000,39.0125,-94.31916667,2,1
29,51,6,27,15,45,1,2,0,0,3,3,0,42,0,1,4,1,2,35,1,2,2,1,0,0,1,1,0,0,99,99,99,99,99,99,0,0,0,0,2,7,0,290336,6980,2009,15,SR-C,99999999999999999999,0000000,38.50916667,-92.44666667,1,1
29,51,6,27,23,6,1,1,0,0,5,4,0,38,0,1,4,1,2,45,2,2,2,1,0,0,2,1,0,0,99,98,99,98,88,88,0,0,0,0,1,7,1,290337,0,2009,10,ELSTONRD,99999999999999999999,0000000,38.61805556,-92.30472222,1,1
29,165,6,28,23,48,1,2,1,1,11,1,0,8,0,1,1,3,2,70,1,1,8,1,0,0,2,1,0,0,23,52,23,55,88,88,0,0,0,0,1,1,0,290338,6320,2009,128,I-29,99999999999999999999,0000000,39.34994444,-94.75788889,1,1
29,91,6,29,11,50,2,3,0,1,12,2,0,12,5,2,1,3,2,45,1,1,1,1,3,3,1,1,0,0,99,99,99,99,99,99,0,0,0,0,1,2,0,290339,8330,2009,262,US-63,SR-K,0000000,36.72579722,-91.87748056,2,1
29,9,6,29,18,52,1,1,0,0,16,6,0,33,0,1,4,1,2,30,2,2,2,1,0,0,1,1,0,0,99,98,99,98,88,88,0,0,0,0,1,2,1,290340,1460,2009,12,13TH,99999999999999999999,0000000,36.68214444,-93.85673889,1,1
29,29,6,30,15,15,1,2,0,0,5,3,0,42,0,1,4,1,2,55,2,2,2,1,0,0,1,1,0,0,99,99,99,99,99,99,0,0,0,0,1,3,1,290341,0,2009,36,SR-V,99999999999999999999,0000000,37.99930556,-92.68277778,1,1
29,221,7,5,3,40,1,1,0,0,3,3,0,1,0,1,4,1,2,55,2,2,2,2,0,0,2,2,0,0,99,98,99,98,88,88,0,0,0,0,1,1,1,290342,0,2009,67,SR-32,99999999999999999999,0000000,37.75513889,-90.70025,1,2
29,107,7,5,5,0,1,1,0,1,11,1,0,37,0,5,4,6,1,70,1,1,2,1,20,3,2,1,0,0,99,98,99,98,88,88,0,0,0,0,1,1,1,290343,0,2009,91,I-70RAMP,JOHNSONDR,0000000,39.00988889,-93.94258333,1,1
29,189,6,2,9,24,1,1,0,0,16,6,0,33,0,1,4,1,2,20,1,1,1,1,0,0,1,1,0,0,99,99,99,99,99,99,0,0,0,0,1,3,0,290344,1960,2009,8,QUEENSTONDR,99999999999999999999,0000000,38.55148611,-90.36596111,1,1
29,131,6,6,17,45,2,8,0,0,3,3,0,12,4,1,1,1,2,55,2,2,2,1,0,0,1,1,0,0,17,53,18,7,18,54,0,0,0,0,3,7,0,290345,0,2009,24,SR-87,99999999999999999999,0000000,38.39997222,-92.56333333,2,1
29,95,6,26,16,18,2,4,0,0,15,6,0,12,5,1,1,1,2,35,1,1,2,1,0,0,1,1,0,0,99,99,99,99,99,99,0,0,0,0,2,6,0,290346,4120,2009,2,WOODSWETHERRD,99999999999999999999,0000000,39.10851111,-94.60308333,2,1
29,81,7,1,0,17,1,1,0,0,4,3,0,38,0,1,4,1,2,55,1,2,2,1,0,0,2,1,0,0,0,25,0,43,88,88,0,0,0,0,1,4,1,290347,0,2009,136,SR-W,99999999999999999999,0000000,40.28988889,-94.06441667,1,1
29,21,7,3,8,0,2,2,0,0,5,3,0,12,2,1,1,1,2,55,2,2,2,1,0,0,1,1,0,0,8,4,8,18,8,47,0,0,0,0,1,6,0,290348,0,2009,10,SR-DD,99999999999999999999,0000000,39.57308333,-94.6665,2,1
29,147,7,4,12,0,2,5,0,1,2,2,0,12,4,8,1,1,2,60,1,2,2,1,0,0,1,1,0,0,11,56,12,14,12,46,0,0,0,0,1,7,0,290349,0,2009,101,US-71,99999999999999999999,0000000,40.43122222,-95.02519444,2,1
29,47,7,4,16,55,2,3,0,0,6,4,0,12,4,2,1,1,2,45,1,2,2,1,0,0,1,1,0,0,16,57,17,2,88,88,0,0,0,0,1,7,0,290350,0,2009,13,164THST,RAELEEDR,0000000,39.38972222,-94.33416667,2,1
29,189,7,5,21,52,1,2,0,0,14,6,0,1,0,1,4,1,2,35,2,1,2,1,40,3,2,9,0,0,99,99,99,99,88,88,0,0,0,0,2,1,1,290351,1575,2009,32,BAXTERRD,99999999999999999999,0000000,38.63265,-90.55696667,1,9
29,177,7,6,4,40,2,2,0,0,2,3,0,12,2,1,1,1,2,55,1,2,2,1,0,0,2,1,0,0,4,56,5,22,6,1,0,0,0,0,1,2,0,290352,0,2009,193,SR-10,99999999999999999999,0000000,39.27919444,-93.90647222,2,1
29,133,7,6,9,55,2,2,0,1,1,1,0,31,0,1,1,1,2,60,1,1,1,1,40,3,1,1,0,1,9,59,10,15,99,99,0,3,0,0,1,2,0,290353,0,2009,54,I-57,99999999999999999999,0000000,36.97980556,-89.25119444,2,1
29,143,7,6,13,5,1,1,0,0,4,2,0,34,0,1,4,1,2,55,2,1,2,1,0,0,1,1,0,0,13,11,13,28,88,88,0,0,0,0,1,2,0,290354,0,2009,3,US-162,99999999999999999999,0000000,36.455,-89.9525,1,1
29,67,7,8,17,0,2,4,0,0,3,3,0,12,2,1,1,1,2,55,2,2,2,1,0,0,1,1,0,0,17,5,17,25,18,53,0,0,0,0,1,4,0,290355,0,2009,269,SR-14,99999999999999999999,0000000,36.88661111,-92.53777778,2,1
29,83,7,9,0,15,1,5,0,1,2,3,0,34,0,1,4,1,2,55,1,3,2,1,0,0,2,1,0,0,0,30,0,54,1,31,0,0,0,0,1,5,0,290356,0,2009,58,SR-13,99999999999999999999,0000000,38.47963889,-93.75380556,1,1
29,51,7,11,13,25,1,2,0,0,4,3,0,27,0,1,4,1,2,55,1,1,2,1,0,0,1,1,0,0,99,99,99,99,99,99,0,0,0,0,1,7,0,290357,0,2009,113,SR-B,99999999999999999999,0000000,38.42277778,-92.2075,1,1
29,189,5,5,10,10,2,2,0,1,12,3,0,12,1,3,1,5,4,45,1,1,2,1,3,3,1,1,0,0,10,8,10,9,10,35,0,0,0,0,1,3,0,290358,0,2009,48,SR-21,BAUERRD,0000000,38.49891111,-90.38104444,2,1
29,29,6,28,11,40,2,6,0,1,2,3,0,12,2,3,1,1,2,55,2,1,2,1,0,0,1,1,0,0,11,58,12,6,12,41,0,0,0,0,1,1,0,290359,0,2009,125,SR-5,OLDHWY5,0000000,38.06266667,-92.79058333,2,1
29,77,7,1,13,30,1,1,0,0,6,4,0,10,0,6,1,1,2,99,1,2,2,1,70,3,1,1,0,0,99,98,99,98,88,88,0,0,0,0,1,4,0,290360,0,2009,2,RIVERWALKLN,99999999999999999999,667602K,37.1675,-93.19083333,1,1
29,151,7,4,14,25,1,1,0,1,2,2,0,1,0,1,4,1,2,60,2,2,2,1,0,0,1,1,0,0,14,34,14,38,15,13,0,0,0,0,1,7,0,290361,0,2009,79,US-63,99999999999999999999,0000000,38.40241667,-91.95483333,1,1
29,95,7,6,2,50,1,1,0,1,12,2,0,1,0,1,3,2,2,55,2,2,2,1,0,0,3,1,0,0,99,99,99,99,99,99,0,0,0,0,1,2,1,290362,4120,2009,102,US-71,99999999999999999999,0000000,38.98728333,-94.55181667,1,1
29,7,7,7,10,55,2,2,0,0,3,3,0,12,1,8,1,1,2,60,1,1,1,1,0,0,1,1,0,0,11,3,11,17,88,88,0,0,0,0,1,3,0,290363,0,2009,149,SR-19,99999999999999999999,0000000,39.11097222,-91.65097222,2,1
29,9,7,9,5,40,2,2,0,0,3,3,0,12,5,2,1,1,2,55,1,1,1,1,20,3,2,5,0,0,99,99,99,99,99,99,0,0,0,0,1,5,0,290364,0,2009,121,SR-39,SR-248,0000000,36.77302778,-93.66766667,2,5
29,201,7,10,15,25,1,1,0,0,4,3,0,35,0,1,4,1,2,55,2,2,2,2,0,0,1,1,0,1,15,30,15,36,16,4,0,0,0,0,1,6,0,290365,0,2009,37,SR-N,99999999999999999999,0000000,37.19644444,-89.50166667,1,1
29,510,6,17,1,40,1,1,0,1,11,1,0,24,0,10,8,2,2,60,1,1,8,1,0,0,3,1,0,0,99,99,99,99,88,88,0,0,0,0,1,4,1,290366,7080,2009,71,I-55,BROADWAY,0000000,38.61525278,-90.19411389,1,1
29,510,7,5,0,50,1,5,0,1,11,1,0,27,0,1,4,3,2,55,2,2,2,2,0,0,3,2,0,0,99,99,99,99,99,99,0,0,0,0,1,1,1,290368,7080,2009,31,I-70,99999999999999999999,0000000,38.6838,-90.21906111,1,2
29,211,6,27,10,0,1,1,0,0,3,3,0,36,0,1,2,1,2,55,2,2,2,1,0,0,1,1,0,0,99,98,99,98,88,88,0,0,0,0,1,7,0,290369,0,2009,55,SR-5,99999999999999999999,0000000,40.09197222,-93.153,1,1
29,77,7,11,10,35,2,2,0,1,12,2,0,13,4,1,1,2,2,70,2,1,1,1,0,0,1,1,0,0,10,40,10,44,11,12,0,0,0,0,1,7,0,290370,0,2009,168,US-60,99999999999999999999,0000000,37.14316667,-93.35027778,2,1
29,119,7,12,21,15,1,4,0,0,3,2,0,25,0,2,3,3,2,60,1,2,2,1,20,3,3,1,0,0,21,17,21,27,99,99,0,0,0,0,4,1,1,290372,6300,2009,128,US-71BUS,US-71,0000000,36.56722222,-94.36111111,1,1
29,143,7,15,14,52,2,2,0,0,4,2,0,12,4,1,1,1,2,60,1,1,2,1,0,0,1,1,0,0,14,52,15,17,15,58,0,0,0,0,1,4,0,290373,0,2009,62,US-61,99999999999999999999,0000000,36.78166667,-89.56944444,2,1
29,159,7,16,11,22,2,2,0,1,2,2,0,12,11,1,1,5,4,55,1,2,2,1,0,0,1,1,0,0,99,98,99,98,88,88,0,0,0,0,1,5,0,290374,0,2009,227,US-50,99999999999999999999,0000000,38.71866667,-93.29308333,2,1
29,77,7,18,15,12,1,1,0,1,2,2,0,37,0,1,4,1,2,65,1,2,1,1,0,0,1,1,0,0,99,98,99,98,88,88,0,0,0,0,1,7,0,290375,0,2009,116,US-65,99999999999999999999,0000000,37.27063889,-93.21744444,1,1
29,19,5,16,5,18,1,1,0,0,15,6,0,27,0,1,4,1,2,45,1,1,2,2,40,3,3,1,0,0,99,99,99,99,88,88,0,0,0,0,1,7,1,290376,1800,2009,44,NIFONGBLVD,99999999999999999999,0000000,38.90741111,-92.30475833,1,1
29,510,7,9,0,41,2,2,0,0,14,6,0,12,5,2,1,1,4,30,1,1,2,1,1,3,3,1,0,0,99,99,99,99,99,99,0,20,0,0,1,5,0,290377,7080,2009,2,CASSAVE,GRANDBLVD,0000000,38.648175,-90.226025,2,1
29,57,7,16,22,25,1,1,0,0,6,4,0,34,0,1,4,1,2,50,1,3,4,1,0,0,2,1,0,0,22,40,22,49,88,88,0,0,0,0,1,5,1,290378,0,2009,162,142,99999999999999999999,0000000,37.37488889,-93.89644444,1,1
29,105,7,10,13,40,3,13,0,1,2,3,0,12,8,1,1,1,2,60,1,2,1,1,0,0,1,1,0,0,13,38,13,49,14,13,0,0,0,0,1,6,0,290379,0,2009,106,SR-5,99999999999999999999,0000000,37.74452778,-92.67372222,3,1
29,189,7,15,19,46,1,4,1,1,12,3,0,8,0,1,1,5,4,45,2,2,2,1,0,0,1,1,0,0,19,49,19,53,20,9,0,0,0,0,1,4,0,290380,1575,2009,22,SR-340,99999999999999999999,0000000,38.62650278,-90.58069167,1,1
29,51,7,21,2,6,1,2,0,0,13,3,0,5,0,1,1,1,2,45,1,2,1,1,0,0,3,1,0,0,88,88,88,88,88,88,0,0,0,0,1,3,0,290381,4040,2009,151,SR-179,99999999999999999999,0000000,38.59631667,-92.22525278,1,1
29,211,7,22,23,30,1,1,0,0,4,3,0,42,0,1,4,1,2,35,1,2,2,1,0,0,2,1,0,0,23,26,23,30,88,88,0,0,0,0,1,4,1,290382,5210,2009,11,SR-5,99999999999999999999,0000000,40.19666667,-93.11694444,1,1
29,121,7,25,0,15,1,1,0,1,2,2,0,1,0,1,4,2,2,65,1,2,1,1,0,0,2,1,0,0,99,98,99,98,88,88,0,0,0,0,1,7,0,290383,0,2009,202,US-36,99999999999999999999,0000000,39.75963889,-92.66344444,1,1
29,145,7,25,9,5,2,2,0,0,3,3,0,12,2,1,1,1,2,65,1,2,2,1,0,0,1,1,0,0,99,99,99,99,99,99,0,0,0,0,1,7,0,290384,0,2009,71,SR-43,99999999999999999999,0000000,36.96527778,-94.55222222,2,1
29,225,5,9,16,0,1,1,0,1,11,1,0,24,0,1,4,3,2,70,2,1,2,1,0,0,1,1,0,0,99,99,99,99,99,99,0,0,0,0,1,7,0,290385,0,2009,115,I-44,99999999999999999999,0000000,37.33466667,-92.93972222,1,1
29,43,6,2,13,15,1,2,0,0,4,3,0,42,0,1,4,1,2,50,2,2,2,2,0,0,1,1,0,0,13,11,13,23,14,18,0,0,0,0,1,3,0,290386,0,2009,148,SR-125,99999999999999999999,0000000,36.93669444,-93.05491667,1,1
29,37,6,11,11,28,2,2,0,0,14,3,0,12,5,2,1,5,2,45,1,2,2,1,3,3,1,1,0,0,99,99,99,99,88,88,0,0,0,0,1,5,0,290387,600,2009,38,SR-58,TOWNCENTERDR,0000000,38.81162222,-94.46229444,2,1
29,95,6,23,23,30,1,2,1,1,12,2,0,8,0,1,1,2,2,45,1,1,2,2,40,3,2,2,0,1,99,99,99,99,88,88,0,0,0,0,1,3,0,290388,4120,2009,108,US-71,99999999999999999999,0000000,38.97129444,-94.545725,1,2
29,159,6,30,18,36,2,3,0,0,14,6,0,12,3,8,1,1,4,40,1,1,2,1,0,0,1,1,0,0,18,36,18,40,19,4,0,0,0,0,1,3,0,290389,7210,2009,22,MAINST,99999999999999999999,0000000,38.713125,-93.24254444,2,1
29,169,7,5,2,13,1,3,1,1,11,1,0,8,0,1,1,3,4,35,1,1,1,1,0,0,2,1,0,0,2,13,2,23,2,32,0,0,0,0,1,1,0,290390,7105,2009,19,I-44SP,99999999999999999999,0000000,37.82055556,-92.14222222,1,1
29,95,7,8,4,0,1,1,0,0,15,7,0,27,0,1,4,1,2,35,1,3,2,1,0,0,3,1,0,0,4,7,4,10,4,27,0,0,0,0,1,4,1,290391,3280,2009,7,US-71WOR,99999999999999999999,0000000,38.89574167,-94.52525,1,1
29,47,7,10,23,43,1,1,0,0,14,6,0,34,0,1,4,1,2,35,1,2,2,1,0,0,3,1,0,0,99,98,99,98,88,88,0,0,0,0,1,6,1,290392,4120,2009,49,BRIGHTONAVE,99999999999999999999,0000000,39.19755556,-94.52108889,1,1
29,145,7,13,13,26,1,1,0,0,16,6,0,42,0,1,4,1,2,25,2,2,2,1,0,0,1,1,0,0,13,50,14,2,14,15,0,0,0,0,1,2,0,290393,4100,2009,6,MURPHYBLVD,99999999999999999999,0000000,37.029075,-94.52289167,1,1
29,95,7,18,18,41,1,2,0,0,16,6,0,42,0,1,4,1,2,25,1,2,2,1,0,0,1,1,0,0,99,99,99,99,99,99,0,0,0,0,1,7,0,290394,4120,2009,20,SKILESAVE,99999999999999999999,0000000,39.02430278,-94.49059722,1,1
29,77,7,20,2,45,1,1,0,1,12,2,0,42,0,1,4,2,2,45,1,1,2,1,0,0,3,1,0,0,2,44,2,57,3,25,0,0,0,0,1,2,0,290395,7460,2009,105,US-160,99999999999999999999,0000000,37.19768889,-93.34935,1,1
29,137,7,21,8,25,3,5,0,0,2,2,0,12,8,1,1,1,2,60,1,2,2,2,0,0,1,1,0,0,99,99,99,99,99,99,0,0,0,0,1,3,0,290396,0,2009,228,US-24,99999999999999999999,0000000,39.52722222,-91.91472222,3,1
29,225,7,21,14,38,1,1,0,0,4,3,0,42,0,1,4,1,2,55,1,3,2,1,0,0,1,1,0,0,99,98,99,98,88,88,0,0,0,0,1,3,1,290397,6900,2009,223,SR-125,99999999999999999999,0000000,37.10745833,-93.11987778,1,1
29,165,7,21,15,38,2,2,0,0,14,6,0,12,5,2,1,1,4,35,1,1,2,1,20,3,1,1,0,0,99,99,99,99,99,99,0,0,0,0,1,3,0,290398,4120,2009,10,CONGRESS,112TH,0000000,39.29660556,-94.66791389,2,1
29,159,7,23,3,45,1,1,0,0,6,4,0,53,0,2,4,1,2,50,1,1,2,1,20,3,2,1,0,0,99,98,99,98,88,88,0,0,0,0,1,5,1,290399,0,2009,59,KEMPRD,SR-EE,0000000,38.83661111,-93.16713889,1,1
29,177,7,23,22,0,1,2,0,0,4,3,0,37,0,1,4,1,2,55,1,2,2,1,0,0,2,1,0,0,22,3,22,12,88,88,0,0,0,0,1,5,1,290400,0,2009,18,SR-T,99999999999999999999,0000000,39.20975,-94.07963889,1,1
29,95,7,13,23,59,2,2,0,0,13,6,0,12,1,1,1,2,2,35,1,1,2,1,0,0,3,1,0,0,99,98,99,98,88,88,0,0,0,0,1,2,1,290401,4120,2009,18,SOUTHWESTTRAFFICWAY,99999999999999999999,0000000,39.05118333,-94.59728611,2,1
29,35,7,24,4,29,1,3,1,0,6,3,0,8,0,1,1,1,2,55,2,1,2,1,0,0,2,1,0,0,99,98,99,98,88,88,0,0,0,0,1,6,0,290402,0,2009,14,SR-U,99999999999999999999,0000000,37.01236111,-90.89805556,1,1
29,109,7,22,10,55,1,1,0,0,3,3,0,1,0,1,4,1,2,65,1,2,2,1,0,0,1,1,0,0,11,3,11,16,88,88,0,0,0,0,1,4,0,290403,0,2009,189,SR-96,99999999999999999999,0000000,37.1875,-93.71277778,1,1
29,71,7,25,0,1,1,2,0,0,6,4,0,34,0,1,4,1,2,40,1,2,4,1,0,0,2,1,0,0,5,21,5,32,99,99,0,0,0,0,1,7,1,290404,0,2009,23,GRUBELN,99999999999999999999,0000000,38.37708333,-91.29194444,1,1
29,219,7,26,20,25,1,1,0,0,6,4,0,17,0,1,4,1,2,25,2,2,2,1,0,0,2,1,0,0,99,98,99,98,88,88,0,0,0,0,1,1,1,290405,0,2009,3,ELEANORCT,99999999999999999999,0000000,38.66111111,-90.98416667,1,1
29,169,7,27,6,0,1,1,0,0,3,3,0,11,0,1,1,1,2,55,2,1,2,1,0,0,1,1,0,0,99,99,99,99,99,99,0,0,0,0,1,2,0,290406,0,2009,1,SR-AW,99999999999999999999,0000000,37.62858333,-92.14563889,1,1
29,159,7,27,7,0,2,3,0,0,6,4,0,12,2,1,1,1,2,40,1,2,2,1,0,0,1,1,0,0,99,99,99,99,99,99,0,0,0,0,1,2,0,290407,0,2009,21,MCVEYRD,99999999999999999999,0000000,38.67416667,-93.19111111,2,1
29,97,7,27,10,30,1,1,0,1,1,1,0,42,0,1,4,3,2,70,1,2,2,1,0,0,1,1,0,0,99,98,99,98,88,88,0,0,0,0,1,2,0,290408,0,2009,172,I-44,99999999999999999999,0000000,37.07916667,-94.14888889,1,1
29,183,7,27,21,33,2,2,0,0,14,6,0,12,1,3,1,5,4,35,1,1,1,1,2,3,2,1,0,0,99,98,99,98,88,88,0,0,0,0,1,2,0,290409,7010,2009,3,NEWTOWNBLVD,FOUNTAINLAKESBLVD,0000000,38.82858889,-90.51841944,2,1
29,99,7,27,22,0,2,3,0,1,11,7,0,12,2,1,1,1,2,50,2,1,2,1,0,0,2,1,0,0,22,8,22,17,99,99,0,0,0,0,1,2,1,290410,0,2009,23,I-55WOR,99999999999999999999,0000000,38.38561111,-90.38152778,2,1
29,37,7,28,13,51,1,1,0,0,3,3,0,37,0,1,4,1,2,60,1,1,2,2,0,0,1,2,0,0,99,99,99,99,88,88,0,0,0,0,1,3,0,290411,0,2009,156,SR-2,99999999999999999999,0000000,38.64580556,-94.38066667,1,2
29,103,7,31,99,99,1,1,0,0,4,3,0,27,0,1,4,1,2,55,1,1,2,1,0,0,2,1,0,0,23,32,23,53,88,88,0,0,0,0,1,6,1,290412,0,2009,25,SR-J,99999999999999999999,0000000,40.20936111,-92.31794444,1,1
29,187,7,31,15,0,2,4,0,0,15,3,0,12,4,4,1,1,2,55,1,2,2,1,0,0,1,1,0,0,99,99,99,99,99,99,0,0,0,0,1,6,0,290413,0,2009,7,SR-OO,99999999999999999999,0000000,37.76947222,-90.39694444,2,1
29,189,5,24,3,29,1,1,0,0,16,6,0,42,0,1,4,1,2,20,1,2,2,1,0,0,2,1,0,0,3,28,3,36,88,88,0,0,0,0,1,1,1,290414,9997,2009,9,ROCKYRIDGE,99999999999999999999,0000000,38.55944167,-90.63772222,1,1