STATE,COUNTY,MONTH,DAY,HOUR,MINUTE,VE_TOTAL,PERSONS,PEDS,NHS,ROAD_FNC,ROUTE,SP_JUR,HARM_EV,MAN_COLL,REL_JUNC,REL_ROAD,TRAF_FLO,NO_LANES,SP_LIMIT,ALIGNMNT,PROFILE,PAVE_TYP,SUR_COND,TRA_CONT,T_CONT_F,LGT_COND,WEATHER1,WEATHER2,WRK_ZONE,NOT_HOUR,NOT_MIN,ARR_HOUR,ARR_MIN,HOSP_HR,HOSP_MN,SCH_BUS,CF1,CF2,CF3,FATALS,DAY_WEEK,DRUNK_DR,ST_CASE,CITY,YEAR,MILEPT,TWAY_ID,TWAY_ID2,RAIL,LATITUDE,LONGITUD,VE_FORMS,WEATHER
29,95,7,12,2,32,2,3,0,0,14,6,0,12,4,1,11,5,2,35,1,2,2,1,0,0,3,1,0,0,99,99,99,99,99,99,0,0,0,0,1,1,1,290415,4120,2009,43,PROSPECTAVE,99999999999999999999,0000000,39.04391389,-94.55421667,2,1
29,95,7,15,23,20,1,3,1,1,11,1,0,8,0,1,1,3,4,55,1,1,2,1,0,0,3,1,0,0,99,99,99,99,99,99,0,0,0,0,1,4,1,290416,4120,2009,32,I-70,99999999999999999999,0000000,39.09592222,-94.56020556,1,1
29,99,7,25,16,0,2,4,0,0,12,3,0,12,2,1,2,1,2,55,1,2,2,1,0,0,1,1,0,0,15,56,16,0,99,99,0,0,0,0,1,7,1,290417,2200,2009,269,SR-21,99999999999999999999,0000000,38.14562778,-90.58013056,2,1
29,23,7,27,18,20,2,6,0,0,4,3,0,12,4,2,1,1,2,55,1,1,2,1,20,3,1,1,0,0,18,27,19,3,19,38,0,0,0,0,1,2,0,290418,0,2009,51,SR-B,SR-VV,0000000,36.76869444,-90.28097222,2,1
29,203,7,29,14,45,2,3,0,0,3,3,0,12,4,1,2,1,2,55,2,2,2,1,0,0,1,1,0,0,14,53,15,32,16,9,0,0,0,0,1,4,0,290419,0,2009,239,SR-19,99999999999999999999,0000000,37.16347222,-91.35547222,2,1
29,227,8,1,6,45,1,1,0,0,4,3,0,34,0,1,4,1,2,55,2,2,2,2,0,0,1,1,0,0,99,98,99,98,88,88,0,0,0,0,1,7,1,290420,0,2009,97,SR-46,99999999999999999999,0000000,40.49861111,-94.50444444,1,1
29,151,8,1,21,15,2,3,0,1,2,2,0,12,5,1,2,1,2,60,2,2,2,1,0,0,2,1,0,0,22,24,22,33,99,99,0,0,0,0,1,7,1,290421,0,2009,20,US-63,99999999999999999999,0000000,38.47561111,-92.00505556,2,1
29,187,8,1,23,40,2,5,0,0,4,3,0,12,2,1,1,1,2,55,2,2,2,1,0,0,2,1,0,0,99,99,99,99,99,99,0,0,0,0,5,7,1,290422,0,2009,22,SR-OO,99999999999999999999,0000000,37.75594444,-90.37252778,2,1
29,189,7,7,8,8,2,2,0,0,15,6,0,1,0,1,1,1,2,30,2,2,2,1,0,0,1,1,0,0,8,15,8,26,88,88,0,0,0,0,1,3,1,290423,8393,2009,19,ALLENTONRD,99999999999999999999,0000000,38.53606667,-90.68926389,2,1
29,101,7,15,11,5,2,3,0,1,12,3,0,12,4,2,1,1,2,35,1,1,2,1,1,3,1,1,0,0,11,21,11,48,12,28,0,0,0,0,1,4,0,290424,8110,2009,112,SR-13,RUSSELLAVE,0000000,38.77286111,-93.7355,2,1
29,183,7,26,16,58,1,1,0,0,15,6,0,34,0,1,4,1,2,35,2,2,2,1,0,0,1,1,0,0,99,99,99,99,88,88,0,0,0,0,1,1,1,290426,0,2009,0,HOFFRD,99999999999999999999,0000000,38.83208611,-90.74899444,1,1
29,189,7,29,19,43,1,4,1,0,16,6,0,8,0,1,1,1,2,20,1,1,2,1,0,0,1,1,0,0,99,99,99,99,99,99,0,0,0,0,1,4,0,290427,7000,2009,1,LIVINGSTONAVE,99999999999999999999,0000000,38.72920556,-90.37585278,1,1
29,31,7,30,20,47,3,10,1,1,11,1,0,12,1,1,1,3,2,70,1,1,2,2,0,0,2,2,0,0,99,98,99,98,88,88,0,15,23,0,1,5,0,290428,1390,2009,6,I-55,99999999999999999999,0000000,37.24413611,-89.56692222,3,2
29,189,5,30,15,13,1,3,0,0,16,6,0,27,0,1,4,1,2,15,1,2,2,1,0,0,1,1,0,0,15,11,15,17,99,99,0,0,0,0,1,7,0,290429,7040,2009,0,VILLARIDGE,99999999999999999999,0000000,38.53556944,-90.31508611,1,1
29,145,7,24,0,14,2,3,0,1,11,1,0,13,4,11,1,2,2,45,1,2,2,1,21,3,3,1,0,0,0,18,0,21,88,88,0,0,0,0,1,6,1,290430,4100,2009,37,I-44,SR-43,0000000,37.03441944,-94.51484722,2,1
29,510,7,26,2,25,2,3,0,0,13,3,0,12,1,4,1,5,4,40,1,1,2,1,0,0,3,1,0,0,2,26,2,33,2,42,0,0,0,0,1,1,0,290431,7080,2009,66,SR-H,99999999999999999999,0000000,38.6896,-90.21041667,2,1
29,145,7,26,15,34,1,1,0,1,11,1,0,37,0,1,3,3,2,70,1,1,1,1,0,0,1,1,0,0,15,34,15,37,88,88,0,0,0,0,1,1,0,290432,4100,2009,98,I-44,99999999999999999999,0000000,37.04915833,-94.46304167,1,1
29,21,7,31,22,41,1,1,0,0,15,6,0,42,0,1,4,1,2,30,1,1,2,1,0,0,3,1,0,0,22,46,23,2,23,22,0,0,0,0,1,6,1,290433,7070,2009,13,ASHLANDAVE,99999999999999999999,0000000,39.78433056,-94.82265556,1,1
29,95,8,2,1,41,2,5,0,0,13,6,0,12,4,2,1,2,2,45,1,2,2,1,1,3,3,1,0,0,99,99,99,99,99,99,0,0,0,0,1,1,1,290434,4120,2009,34,EMANUELCLEAVERIIBLVD,39THST,0000000,39.05437778,-94.52053056,2,1
29,155,8,2,2,30,1,1,0,0,3,3,0,37,0,1,4,2,2,45,2,2,1,1,0,0,2,5,0,0,88,88,88,88,88,88,0,0,0,0,1,1,1,290435,0,2009,101,SR-84,99999999999999999999,0000000,36.23369444,-89.78155556,1,5
29,77,8,2,19,30,1,2,1,0,4,3,0,8,0,1,1,1,2,55,1,1,2,1,0,0,1,1,0,0,99,98,99,98,88,88,0,0,0,0,1,1,0,290436,0,2009,13,SR-AA,99999999999999999999,0000000,37.29475,-93.24030278,1,1
29,19,8,3,22,53,1,1,0,0,6,4,0,42,0,1,5,1,2,35,1,1,4,1,0,0,2,1,0,0,88,88,88,88,88,88,0,0,0,0,1,2,1,290437,0,2009,0,WEYMEYERRD,99999999999999999999,0000000,38.95965,-92.46794444,1,1
29,97,8,4,5,36,3,4,0,0,4,3,0,12,1,3,1,1,2,65,1,1,2,1,0,0,2,1,0,0,99,98,99,98,88,88,0,0,0,0,1,3,1,290438,0,2009,94,SR-43,LOCUSTRD,0000000,37.22936111,-94.50780556,3,1
29,59,8,6,11,50,1,2,1,0,4,3,0,8,0,1,1,1,2,30,1,1,2,1,0,0,1,1,0,0,99,99,99,99,99,99,0,0,0,0,1,5,0,290439,4719,2009,26,SR-64,99999999999999999999,0000000,37.75805556,-93.14361111,1,1
29,189,8,6,18,5,2,8,0,1,11,1,0,12,1,1,1,3,3,65,1,2,2,1,0,0,1,1,0,0,18,12,18,15,18,47,0,0,0,0,1,5,0,290440,0,2009,229,I-44,99999999999999999999,0000000,38.50305556,-90.69722222,2,1
29,171,8,6,21,0,1,1,0,0,6,4,0,37,0,1,4,1,2,50,1,1,4,1,0,0,2,1,0,0,99,98,99,98,88,88,0,0,0,0,1,5,1,290441,0,2009,12,ASPENTRAIL,99999999999999999999,0000000,40.39136111,-93.34094444,1,1
29,189,6,27,1,27,1,2,1,0,6,4,0,8,0,1,1,1,2,25,1,1,2,1,0,0,6,1,0,0,99,98,99,98,88,88,0,0,0,0,1,7,0,290442,0,2009,9,BARON,99999999999999999999,0000000,38.75836667,-90.24979722,1,1
29,95,7,5,12,57,1,2,1,0,16,6,0,15,0,1,1,1,2,99,1,1,2,1,0,0,1,1,0,0,99,99,99,99,99,99,0,0,0,0,1,1,0,290443,4490,2009,1,JACOBDR,99999999999999999999,0000000,38.92693056,-94.40755556,1,1
29,510,7,8,16,40,1,1,0,1,11,1,0,38,0,1,4,3,4,55,1,1,2,1,0,0,1,1,0,0,16,40,16,43,88,88,0,0,0,0,1,4,0,290444,7080,2009,20,I-44,99999999999999999999,0000000,38.61695556,-90.24126944,1,1
29,510,8,1,0,16,1,3,1,1,11,1,0,8,0,1,1,3,3,55,1,2,2,1,0,0,3,1,0,0,0,20,0,31,0,59,0,0,0,0,1,7,0,290445,7080,2009,12,I-70,99999999999999999999,0000000,38.68825556,-90.25075556,1,1
29,177,8,7,18,30,1,1,0,0,2,3,0,37,0,1,4,1,2,60,2,1,2,1,0,0,1,1,0,0,99,98,99,98,88,88,0,0,0,0,1,6,1,290446,0,2009,213,SR-10,99999999999999999999,0000000,39.27983333,-93.86886111,1,1
29,141,8,7,22,35,1,2,0,0,6,4,0,53,0,1,4,1,2,50,1,1,2,1,0,0,2,1,0,0,22,42,22,56,23,36,0,0,0,0,1,6,1,290447,0,2009,14,REDHOLLOWRD,99999999999999999999,0000000,38.29533333,-92.80727778,1,1
29,111,8,8,15,0,2,2,0,0,4,3,0,12,5,2,1,1,2,55,1,2,2,1,20,3,1,1,0,0,15,12,15,28,88,88,0,0,0,0,1,7,1,290448,0,2009,47,SR-A,135THST,0000000,40.20311111,-91.76005556,2,1
29,75,8,8,23,46,1,1,0,0,4,3,0,34,0,1,4,1,2,55,1,1,2,1,0,0,2,1,0,0,23,49,23,58,99,99,0,0,0,0,1,7,0,290449,0,2009,48,SR-B,99999999999999999999,0000000,40.31527778,-94.54722222,1,1
29,223,8,8,13,50,1,1,0,0,4,3,0,27,0,1,4,1,2,55,2,2,2,1,0,0,1,1,0,0,99,98,99,98,88,88,0,0,0,0,1,7,0,290450,0,2009,95,SR-V,99999999999999999999,0000000,37.0655,-90.54955556,1,1
29,213,8,9,12,39,2,3,0,0,4,2,0,12,2,1,1,1,2,45,2,1,2,1,0,0,1,1,0,0,12,38,12,48,99,99,0,0,0,0,1,1,0,290451,0,2009,98,US-160,99999999999999999999,0000000,36.73163889,-93.18186111,2,1
29,181,8,10,10,58,1,2,0,0,3,3,0,11,0,1,1,1,2,55,1,1,2,1,0,0,1,1,0,0,99,99,99,99,99,99,0,0,0,0,1,2,0,290452,0,2009,102,SR-21,99999999999999999999,0000000,36.68527778,-90.79194444,1,1
29,53,8,11,14,54,1,1,0,1,1,1,0,1,0,1,1,2,2,70,2,2,2,1,0,0,1,1,0,0,14,49,15,1,88,88,0,0,0,0,1,3,0,290453,0,2009,236,I-70,99999999999999999999,0000000,38.93363889,-92.97447222,1,1
29,35,4,15,16,0,1,1,0,0,4,3,0,1,0,1,1,1,2,50,1,2,2,1,0,0,1,1,0,0,16,30,16,40,17,15,0,0,0,0,1,4,0,290454,0,2009,27,SR-A,99999999999999999999,0000000,36.93502778,-90.72233333,1,1
29,95,5,14,14,15,2,2,0,0,14,6,0,12,1,3,1,1,2,35,1,1,2,1,0,0,1,1,0,0,99,99,99,99,99,99,0,0,0,0,1,5,0,290455,4120,2009,14,CLEVELANDAVE,28THST,0000000,39.07491389,-94.53861944,2,1
29,19,6,24,15,4,2,2,0,1,11,7,0,12,5,4,1,1,2,55,2,2,2,1,0,0,1,1,0,0,99,99,99,99,99,99,0,0,0,0,1,4,0,290456,1800,2009,11,I-70SOR,99999999999999999999,0000000,38.95880833,-92.273625,2,1
29,37,6,29,12,21,1,1,0,0,16,6,0,33,0,1,4,1,4,35,2,2,2,1,0,0,1,1,0,0,12,24,12,27,12,53,0,0,0,0,1,2,1,290457,6630,2009,47,FOXRIDGEDR,99999999999999999999,0000000,38.80987222,-94.47808611,1,1
29,219,7,12,23,30,1,1,0,0,4,3,0,27,0,3,4,1,2,55,2,2,2,1,40,3,2,5,0,0,23,27,23,40,0,10,0,0,0,0,1,1,0,290458,0,2009,112,SR-M,SR-O,0000000,38.74498611,-90.98911944,1,5
29,510,7,25,12,15,2,5,0,1,11,1,0,23,0,1,4,3,4,55,1,2,1,1,0,0,1,1,0,0,12,16,12,28,12,53,0,0,0,0,1,7,0,290459,7080,2009,69,I-70,99999999999999999999,0000000,38.68453056,-90.24186389,2,1
29,27,8,7,4,30,1,1,0,0,4,3,0,42,0,1,4,1,2,55,1,1,2,1,0,0,2,1,0,0,99,99,99,99,88,88,0,0,0,0,1,6,1,290460,0,2009,87,SR-B,99999999999999999999,0000000,39.01455556,-91.73058333,1,1
29,27,8,8,0,1,1,1,0,0,4,3,0,34,0,1,4,1,2,55,1,2,9,1,0,0,2,1,0,0,11,48,12,2,88,88,0,0,0,0,1,7,1,290461,0,2009,118,SR-J,99999999999999999999,0000000,38.801,-92.10230556,1,1
29,83,8,12,19,10,2,3,0,1,12,3,0,12,5,2,1,2,2,45,1,1,2,1,1,3,1,1,0,0,99,99,99,99,99,99,0,0,0,0,1,4,0,290462,1750,2009,207,SR-7,FRANKLINST,0000000,38.36984722,-93.75200833,2,1
29,85,8,12,20,25,1,1,0,0,4,3,0,42,0,1,4,1,2,55,2,2,2,1,0,0,2,1,0,0,99,98,99,98,88,88,0,0,0,0,1,4,1,290463,0,2009,48,SR-123,99999999999999999999,0000000,37.82205556,-93.54827778,1,1
29,53,8,14,10,5,2,2,1,0,13,2,0,8,0,1,2,1,2,45,2,1,1,1,99,9,1,1,0,1,10,4,10,9,88,88,0,0,0,0,1,6,1,290464,900,2009,155,US-40,99999999999999999999,0000000,38.94111111,-92.77155556,1,1
29,95,8,15,15,20,1,2,0,0,15,6,0,30,0,1,4,1,2,35,1,1,2,1,0,0,1,1,0,0,99,99,99,99,99,99,0,0,0,0,1,7,0,290465,4120,2009,11,OLDHAMRD,99999999999999999999,0000000,38.98390278,-94.5086,1,1
29,113,8,16,2,20,1,1,0,0,4,3,0,1,0,1,4,1,2,55,1,2,2,2,0,0,2,2,0,0,99,99,99,99,99,99,0,0,0,0,1,1,1,290466,0,2009,81,SR-W,99999999999999999999,0000000,39.12555556,-90.87694444,1,2
29,65,8,16,9,40,1,1,0,0,3,3,0,35,0,1,4,1,2,55,2,2,2,1,0,0,1,1,0,0,9,47,9,54,88,88,0,0,0,0,1,1,0,290467,0,2009,205,SR-32,99999999999999999999,0000000,37.62866667,-91.45163889,1,1
29,109,8,16,16,30,1,2,0,0,4,3,0,32,0,1,4,1,2,55,2,2,2,1,0,0,1,1,0,0,16,34,16,47,88,88,0,0,0,0,1,1,1,290468,0,2009,44,SR-14,99999999999999999999,0000000,37.06111111,-93.62694444,1,1
29,39,8,17,12,20,1,3,0,0,3,3,0,32,0,1,4,1,2,55,2,2,2,2,0,0,1,2,0,0,12,21,12,28,12,53,0,0,0,0,1,2,0,290469,0,2009,19,SR-82,99999999999999999999,0000000,37.89,-94.02055556,1,2
29,97,8,17,13,5,2,6,0,0,15,4,0,12,5,1,1,1,2,45,2,2,2,2,0,0,1,2,0,0,13,16,13,23,13,48,0,0,0,0,1,2,0,290470,0,2009,15,LONEELMAVE,99999999999999999999,0000000,37.12327778,-94.52913889,2,2
29,143,8,18,4,15,1,2,1,1,2,2,0,8,0,1,1,2,2,65,1,1,2,1,0,0,2,5,0,0,99,98,99,98,88,88,0,0,0,0,1,3,0,290471,0,2009,62,US-60,99999999999999999999,0000000,36.84305556,-89.65063889,1,5
29,107,8,18,22,30,1,1,0,0,6,4,0,42,0,1,4,1,2,50,1,2,4,1,0,0,2,1,0,0,2,58,3,13,99,99,0,18,0,0,1,3,0,290472,0,2009,4,LEWISRD,99999999999999999999,0000000,39.13694444,-93.62638889,1,1
29,183,8,18,23,58,1,2,0,0,4,3,0,37,0,1,4,1,2,55,2,1,2,1,0,0,2,1,0,0,99,99,99,99,99,99,0,0,0,0,1,3,1,290473,0,2009,503,SR-94,99999999999999999999,0000000,38.90877778,-90.3265,1,1
29,183,8,19,12,50,1,2,1,0,4,3,0,8,0,1,1,1,2,55,1,2,2,1,0,0,1,1,0,0,99,98,99,98,88,88,0,0,0,0,1,4,0,290474,0,2009,55,SR-P,99999999999999999999,0000000,38.84666667,-90.78,1,1
29,147,8,19,16,15,1,2,0,0,4,3,0,37,0,1,4,1,2,55,1,2,2,1,0,0,1,1,0,0,16,23,16,31,17,10,0,0,0,0,1,4,0,290475,0,2009,2,SR-F,99999999999999999999,0000000,40.34111111,-94.79833333,1,1
29,99,8,19,20,55,1,1,0,0,6,6,0,37,0,1,4,1,2,20,2,2,4,1,0,0,3,1,0,0,20,58,21,0,88,88,0,0,0,0,1,4,1,290476,0,2009,3,ELGRANDE,99999999999999999999,0000000,38.35289722,-90.64818056,1,1
29,21,8,21,5,30,2,2,0,0,4,3,0,12,2,1,1,1,2,55,1,2,2,1,0,0,2,1,0,0,5,33,5,43,6,39,0,0,0,0,1,6,0,290477,0,2009,22,SR-A,99999999999999999999,0000000,39.69427778,-94.79505556,2,1
29,117,8,21,7,35,2,3,0,1,2,2,0,12,4,2,1,1,2,60,1,1,2,1,0,0,1,1,0,0,7,40,8,20,9,20,0,0,0,0,1,6,0,290478,9997,2009,89,US-65,243,0000000,39.95861111,-93.54194444,2,1
29,19,8,21,22,20,1,1,0,0,4,6,0,42,0,1,4,1,2,35,2,2,2,1,0,0,2,1,0,0,22,27,22,35,22,50,0,0,0,0,1,6,1,290479,0,2009,29,CREASYSPRINGSRD,99999999999999999999,0000000,38.98954167,-92.35090278,1,1
29,77,8,22,17,28,2,3,0,0,14,2,0,12,5,2,1,1,2,60,1,2,2,1,20,3,1,1,0,0,17,33,17,46,18,11,0,0,0,0,1,7,0,290480,0,2009,172,US-160,123,0000000,37.25691667,-93.36383333,2,1
29,11,8,22,19,58,1,1,0,0,4,3,0,32,0,1,4,1,2,55,1,2,2,1,0,0,1,1,0,0,99,98,99,98,88,88,0,0,0,0,1,7,0,290481,0,2009,93,SR-A,99999999999999999999,0000000,37.50872222,-94.1875,1,1
29,223,8,22,22,25,1,1,0,0,6,4,0,42,0,1,4,1,2,25,2,1,4,1,0,0,2,1,0,0,99,99,99,99,99,99,0,0,0,0,1,7,0,290482,0,2009,0,SCENICDR,99999999999999999999,0000000,37.16208333,-90.72127778,1,1
29,189,8,23,18,19,1,1,0,1,11,1,0,27,0,13,3,6,1,60,2,1,1,1,0,0,1,1,0,0,18,21,18,22,88,88,0,0,0,0,1,1,0,290483,2210,2009,249,I-270EXITRAMP,SR-100,0000000,38.60436111,-90.45094444,1,1
29,143,8,25,19,28,2,4,0,1,2,2,0,12,5,2,1,2,2,65,1,1,2,1,20,3,1,1,0,0,99,99,99,99,99,99,0,0,0,0,2,3,0,290484,0,2009,82,US-60,SR-E,0000000,36.84063889,-89.68611111,2,1
29,95,7,24,15,28,4,7,0,0,13,2,0,12,4,1,1,5,4,40,1,1,2,1,0,0,1,1,0,0,99,99,99,99,99,99,0,0,0,0,1,6,0,290485,3940,2009,38,US-40,99999999999999999999,0000000,39.05411389,-94.45766944,4,1
29,141,8,6,12,55,2,2,0,0,2,3,0,12,4,2,1,1,2,45,1,1,2,1,0,0,1,1,0,0,99,99,99,99,99,99,0,0,0,0,1,5,0,290486,8010,2009,129,SR-5,DEKALBST,0000000,38.42804167,-92.851725,2,1
29,189,8,17,19,33,2,2,0,0,13,6,0,18,0,1,4,1,4,35,1,2,2,2,0,0,1,2,0,0,99,99,99,99,99,99,0,14,0,0,1,2,1,290487,2700,2009,2,HEREFORDAVE,99999999999999999999,0000000,38.74888889,-90.30384722,1,2
29,19,8,23,0,20,1,1,0,0,6,4,0,37,0,1,4,1,2,35,2,2,2,5,0,0,2,1,0,0,99,98,99,98,88,88,0,0,0,0,1,1,1,290488,0,2009,8,RICHARDSONRD,99999999999999999999,0000000,39.15671944,-92.41420556,1,1
29,510,8,25,14,27,5,11,0,1,11,1,0,12,1,1,1,3,4,55,2,2,1,1,0,0,1,1,0,0,14,28,14,41,99,99,0,0,0,0,1,3,0,290489,7080,2009,73,I-55,99999999999999999999,0000000,38.61622778,-90.19213333,5,1
29,147,8,26,17,45,2,3,0,0,6,4,0,12,2,1,1,1,2,50,1,3,4,2,0,0,1,2,0,0,17,43,18,12,99,99,0,0,0,0,1,4,0,290490,0,2009,34,APOLLOTRAIL,99999999999999999999,0000000,40.40241667,-95.15847222,2,2
29,510,8,26,20,9,1,2,1,0,14,6,0,8,0,1,1,1,4,30,1,1,2,1,0,0,3,1,0,0,99,99,99,99,99,99,0,0,0,0,1,4,0,290491,7080,2009,39,CHIPPEWAST,99999999999999999999,0000000,38.58890278,-90.24889444,1,1
29,225,8,27,3,0,1,1,0,0,5,3,0,17,0,1,4,1,2,55,2,2,2,1,0,0,2,1,0,0,3,31,3,48,3,55,0,0,0,0,1,5,1,290492,0,2009,49,SR-OO,99999999999999999999,0000000,37.29952778,-93.00444444,1,1
29,83,8,27,5,15,2,2,0,1,2,3,0,12,1,1,1,2,2,70,1,1,2,1,0,0,2,1,0,0,5,26,5,28,7,29,0,0,0,0,1,5,1,290493,0,2009,114,SR-7,99999999999999999999,0000000,38.42741667,-93.88688889,2,1
29,169,8,27,13,20,2,3,0,0,3,3,0,12,2,1,1,1,2,55,2,2,2,1,0,0,1,1,0,0,99,98,99,98,88,88,0,0,0,0,1,5,0,290494,0,2009,19,SR-7,99999999999999999999,0000000,37.81769444,-92.35911111,2,1
29,95,8,29,4,18,2,7,0,0,15,6,0,12,4,1,1,1,2,35,1,1,2,1,0,0,4,1,0,0,99,99,99,99,99,99,0,0,0,0,2,7,1,290495,4120,2009,23,INDIANAAVE,99999999999999999999,0000000,39.0681,-94.54357222,2,1
29,109,8,29,5,0,1,2,0,1,1,1,0,42,0,15,4,3,2,70,2,2,2,1,0,0,2,5,0,0,5,0,5,16,99,99,0,0,0,0,2,7,0,290496,0,2009,16,I-44,SR-96,0000000,37.18805556,-93.63888889,1,5
29,25,8,29,17,12,2,4,0,1,2,2,0,12,5,2,1,2,2,65,1,1,2,1,20,3,1,1,0,0,17,13,17,24,17,57,0,0,0,0,2,7,0,290497,0,2009,79,US-36,LOVELYRIDGERD,0000000,39.74883333,-94.056,2,1
29,209,8,30,2,20,1,2,0,0,5,3,0,1,0,1,4,1,2,55,2,1,2,1,0,0,2,1,0,0,99,99,99,99,99,99,0,0,0,0,1,1,1,290498,0,2009,19,SR-O,99999999999999999999,0000000,36.93044444,-93.35569444,1,1
29,186,8,13,9,26,1,1,0,1,2,3,0,32,0,1,4,1,2,55,1,2,2,1,0,0,1,1,0,0,9,51,10,18,11,4,0,0,0,0,1,5,0,290499,0,2009,10,SR-32,99999999999999999999,0000000,37.79477778,-90.34436111,1,1
29,510,8,20,19,10,1,2,1,0,14,3,0,8,0,2,1,5,4,35,2,2,2,1,0,0,1,1,0,0,19,12,19,14,19,38,0,0,0,0,1,5,0,290500,7080,2009,25,SR-366,LINDENWOODPL,0000000,38.59383889,-90.29878611,1,1
29,189,8,22,22,41,1,2,0,1,11,1,0,1,0,5,4,6,1,45,2,2,2,1,0,0,3,1,0,0,99,99,99,99,99,99,0,0,0,0,1,7,1,290501,5035,2009,168,I-270ENTRAMP,99999999999999999999,0000000,38.70115278,-90.44996667,1,1
29,189,8,27,10,27,1,2,1,0,12,3,0,8,0,2,1,1,4,30,1,2,2,1,3,3,1,1,0,0,10,30,10,32,10,51,0,0,0,0,1,5,0,290502,4900,2009,247,SR-100,LACLEDESTATIONRD,0000000,38.61330833,-90.32853889,1,1
29,99,8,28,1,16,1,1,0,0,15,3,0,37,0,1,4,1,2,45,2,2,2,1,0,0,2,1,0,0,99,98,99,98,88,88,0,0,0,0,1,6,1,290503,0,2009,15,SR-PP,99999999999999999999,0000000,38.45673611,-90.54675833,1,1
29,95,8,28,23,7,2,3,0,1,11,1,0,27,0,13,8,6,1,55,2,2,2,1,0,0,2,1,0,0,99,99,99,99,99,99,0,14,0,0,1,6,0,290504,3940,2009,3,I-70,99999999999999999999,0000000,39.03918611,-94.36320278,2,1
29,183,9,3,15,0,1,2,0,0,4,3,0,27,0,1,4,1,2,55,2,2,2,1,0,0,1,1,0,0,99,99,99,99,99,99,0,0,0,0,1,5,0,290505,0,2009,58,SR-DD,99999999999999999999,0000000,38.67366667,-90.80433333,1,1
29,153,9,3,23,55,1,1,0,0,3,3,0,42,0,1,4,1,2,60,2,1,2,1,0,0,2,1,0,0,0,7,99,99,99,99,0,0,0,0,1,5,1,290506,0,2009,116,SR-5,99999999999999999999,0000000,36.66668889,-92.48019167,1,1
29,141,9,5,10,25,2,5,0,0,2,3,0,12,4,1,1,1,2,65,1,2,2,2,0,0,1,2,0,0,10,38,11,5,12,13,0,0,0,0,1,7,0,290507,0,2009,139,SR-5,99999999999999999999,0000000,38.41355556,-92.85205556,2,2
29,131,9,5,15,20,2,2,0,0,3,3,0,12,2,1,1,1,2,55,1,2,2,2,0,0,1,1,0,0,15,22,15,35,88,88,0,0,0,0,2,7,1,290508,0,2009,52,SR-42,99999999999999999999,0000000,38.11488889,-92.53875,2,1
29,143,9,5,20,50,1,2,1,0,4,3,0,8,0,1,1,1,2,55,1,1,2,1,0,0,2,1,0,0,21,3,21,12,88,88,0,0,0,0,1,7,0,290509,0,2009,190,SR-162,99999999999999999999,0000000,36.42461111,-89.66638889,1,1
29,119,7,12,1,45,1,2,0,0,3,3,0,37,0,1,4,1,2,40,2,2,2,1,0,0,3,1,0,0,99,99,99,99,99,99,0,0,0,0,1,1,1,290510,6300,2009,128,SR-71BUS,99999999999999999999,0000000,36.58693889,-94.38628056,1,1
29,189,7,26,3,52,1,1,0,0,15,6,0,53,0,1,4,1,2,25,2,1,2,1,0,0,3,1,0,0,88,88,88,88,88,88,0,0,0,0,1,1,1,290511,0,2009,14,SEVENPINESDR,99999999999999999999,0000000,38.69247778,-90.47631667,1,1
29,95,8,17,16,17,3,3,0,0,13,2,0,12,4,2,1,1,4,35,1,2,2,1,20,3,1,1,0,0,16,17,16,22,88,88,0,0,0,0,1,2,1,290512,4120,2009,39,US-24,MYRTLEAVE,0000000,39.10574722,-94.53525278,3,1
29,109,8,27,7,45,3,3,0,0,14,3,0,12,8,1,1,1,2,60,2,1,2,1,0,0,1,1,0,0,7,50,7,59,8,43,0,0,0,0,1,5,0,290513,420,2009,34,SR-60BUS,99999999999999999999,0000000,36.96882222,-93.69246389,3,1
29,165,9,6,1,50,2,8,3,0,6,6,0,8,0,1,1,1,2,25,1,2,2,1,0,0,2,1,0,0,1,54,2,2,2,21,0,0,0,0,1,1,0,290514,0,2009,3,FRONTIERST,99999999999999999999,0000000,39.18233333,-94.60122222,2,1
29,77,9,6,1,50,1,1,0,0,15,3,0,27,0,3,4,1,2,45,1,1,2,1,1,3,3,1,0,0,99,98,99,98,88,88,0,0,0,0,1,1,1,290515,0,2009,115,SR-266,AIRPORTBLVD,0000000,37.21305556,-93.404,1,1
29,510,9,7,3,4,1,1,0,0,13,6,0,33,0,3,5,2,2,35,1,1,1,1,2,3,3,1,0,0,99,99,99,99,88,88,0,0,0,0,1,2,1,290517,7080,2009,19,TUCKERBLVD,PARKAVE,0000000,38.614625,-90.20455556,1,1
29,99,9,8,21,23,1,1,0,0,13,2,0,33,0,2,4,5,4,40,1,2,2,1,1,3,3,1,0,0,21,26,21,33,21,52,0,0,0,0,1,3,0,290518,335,2009,3,US-61,STARLINGAIRPORTRD,0000000,38.45302778,-90.3618,1,1
29,510,9,8,22,10,2,1,0,0,16,6,0,14,1,3,4,4,1,30,1,1,2,1,20,3,3,1,0,0,99,99,99,99,88,88,0,0,0,0,1,3,0,290519,7080,2009,8,WRENAVE,LILLIAN,0000000,38.69778056,-90.25409444,1,1
29,125,9,9,2,17,1,1,0,0,5,3,0,34,0,1,4,1,2,55,1,2,2,1,0,0,2,1,0,0,2,26,2,40,88,88,0,0,0,0,1,4,1,290520,0,2009,37,SR-M,99999999999999999999,0000000,38.28094444,-91.75008333,1,1