STATE,COUNTY,MONTH,DAY,HOUR,MINUTE,VE_TOTAL,PERSONS,PEDS,NHS,ROAD_FNC,ROUTE,SP_JUR,HARM_EV,MAN_COLL,REL_JUNC,REL_ROAD,TRAF_FLO,NO_LANES,SP_LIMIT,ALIGNMNT,PROFILE,PAVE_TYP,SUR_COND,TRA_CONT,T_CONT_F,LGT_COND,WEATHER1,WEATHER2,WRK_ZONE,NOT_HOUR,NOT_MIN,ARR_HOUR,ARR_MIN,HOSP_HR,HOSP_MN,SCH_BUS,CF1,CF2,CF3,FATALS,DAY_WEEK,DRUNK_DR,ST_CASE,CITY,YEAR,MILEPT,TWAY_ID,TWAY_ID2,RAIL,LATITUDE,LONGITUD,VE_FORMS,WEATHER
29,119,9,11,1,38,1,2,0,0,6,4,0,42,0,1,4,1,2,50,2,1,4,1,0,0,2,1,0,0,99,98,99,98,88,88,0,0,0,0,2,6,1,290521,0,2009,31,PLEASANTGROVERD,99999999999999999999,0000000,36.67380556,-94.52786111,1,1
29,221,9,11,2,30,1,2,0,1,2,3,0,37,0,1,4,1,2,55,2,2,2,1,0,0,2,1,0,0,2,42,2,46,3,35,0,0,0,0,1,6,1,290522,0,2009,177,SR-8,99999999999999999999,0000000,37.94388889,-90.80444444,1,1
29,201,9,12,19,10,1,1,0,0,4,3,0,42,0,1,4,1,2,55,2,2,2,1,0,0,1,1,0,0,99,98,99,98,88,88,0,0,0,0,1,7,0,290523,0,2009,82,SR-N,99999999999999999999,0000000,37.14805556,-89.47155556,1,1
29,107,9,13,7,37,1,1,0,1,1,1,0,42,0,1,4,2,2,70,1,1,2,1,0,0,1,1,0,1,7,41,7,52,88,88,0,0,0,0,1,1,0,290524,0,2009,329,I-70,99999999999999999999,0000000,39.01388889,-94.10311111,1,1
29,201,9,15,19,0,1,1,0,0,5,3,0,35,0,1,4,1,2,55,1,1,2,1,0,0,2,1,0,0,99,98,99,98,88,88,0,0,0,0,1,3,1,290525,0,2009,39,SR-PP,99999999999999999999,0000000,37.17822222,-89.53252778,1,1
29,9,9,18,0,40,1,1,0,0,4,3,0,1,0,1,5,1,2,55,1,1,2,1,0,0,2,1,0,0,0,43,0,57,88,88,0,0,0,0,1,6,0,290526,0,2009,74,SR-Z,99999999999999999999,0000000,36.89561111,-93.73988889,1,1
29,207,9,18,13,10,2,5,0,0,3,3,0,12,4,2,1,1,2,45,1,1,2,1,20,3,1,1,0,0,14,27,14,36,15,16,0,0,0,0,1,6,0,290527,820,2009,184,SR-25,EASTBLOOMFIELDAVE,0000000,36.88111111,-89.92611111,2,1
29,213,9,19,9,40,2,2,0,0,14,3,0,12,4,1,1,1,2,50,1,1,2,2,0,0,1,2,0,0,99,99,99,99,99,99,0,0,0,0,1,7,0,290528,0,2009,11,SR-F,99999999999999999999,0000000,36.71802778,-93.20497222,2,2
29,71,9,19,13,5,1,1,0,0,6,4,0,43,0,1,4,1,2,30,2,2,4,1,0,0,1,1,0,0,99,98,99,98,88,88,0,0,0,0,1,7,0,290529,0,2009,26,DOORFORDRD,99999999999999999999,0000000,38.33769444,-91.14116667,1,1
29,71,9,19,17,45,2,5,0,0,3,3,0,12,2,2,1,1,2,45,2,2,1,1,20,3,1,1,0,0,17,46,17,56,18,23,0,0,0,0,1,7,0,290530,0,2009,50,SR-A,SR-BB,0000000,38.48213889,-91.044,2,1
29,71,9,19,20,20,2,2,0,0,15,3,0,12,4,1,1,1,2,55,1,2,2,2,0,0,2,5,0,0,20,19,20,30,21,11,0,0,0,0,1,7,1,290531,0,2009,16,SR-AT,99999999999999999999,0000000,38.45261111,-90.89972222,2,5
29,183,9,21,6,14,1,1,0,1,12,2,0,23,0,1,3,2,2,60,2,2,2,1,0,0,2,1,0,0,99,98,99,98,88,88,0,0,0,0,1,2,0,290532,8280,2009,32,US-61,99999999999999999999,0000000,38.85805556,-90.87388889,1,1
29,123,9,22,13,25,1,1,0,0,5,3,0,42,0,1,4,1,2,55,1,2,2,1,0,0,1,1,0,0,13,43,14,5,14,55,0,0,0,0,1,3,0,290533,0,2009,52,SR-H,99999999999999999999,0000000,37.59988889,-90.34408333,1,1
29,205,7,12,19,59,1,1,0,0,6,6,0,1,0,1,1,1,2,25,1,1,2,1,0,0,1,1,0,0,19,59,20,7,20,40,0,0,0,0,1,1,0,290534,7260,2009,2,BEECHST,99999999999999999999,0000000,39.69628889,-92.04140833,1,1
29,510,9,14,12,0,1,2,1,0,16,6,0,8,0,1,1,1,2,25,1,2,2,1,0,0,1,1,0,0,99,99,99,99,99,99,0,0,0,0,1,2,0,290535,7080,2009,6,VIRGINIAAVE,99999999999999999999,0000000,38.58739722,-90.23954722,1,1
29,9,9,15,15,45,2,3,0,0,4,3,0,12,2,1,1,1,2,55,1,2,2,2,0,0,1,2,0,0,15,49,16,4,88,88,0,0,0,0,1,3,1,290536,0,2009,137,SR-112,99999999999999999999,0000000,36.64366667,-93.85211111,2,2
29,185,9,15,19,28,1,5,0,0,4,3,0,34,0,1,4,1,2,55,1,1,2,1,0,0,1,1,0,0,19,30,19,42,99,99,0,0,0,0,3,3,1,290537,0,2009,27,SR-F,99999999999999999999,0000000,38.16977778,-93.85091667,1,1
29,29,9,19,7,12,1,1,0,0,5,3,0,1,0,1,1,1,2,55,2,2,2,1,0,0,1,1,0,0,99,99,99,99,99,99,0,0,0,0,1,7,0,290538,0,2009,34,SR-FF,99999999999999999999,0000000,38.21833333,-93.05444444,1,1
29,147,9,19,18,45,2,4,0,0,2,2,0,12,5,2,1,1,2,35,1,2,2,1,20,3,1,1,0,0,99,98,99,98,88,88,0,0,0,0,1,7,1,290539,1210,2009,52,US-136,VALLEYBROOKDR,0000000,40.44611111,-95.07027778,2,1
29,510,9,20,4,50,1,2,1,0,12,6,0,8,0,2,1,1,4,35,1,1,2,2,3,3,3,2,0,0,99,98,99,98,88,88,0,0,0,0,1,1,0,290540,7080,2009,8,GRANDBLVD,MARKETST,0000000,38.65123056,-90.22383611,1,2
29,95,9,23,9,23,2,2,0,0,15,6,0,1,0,2,1,1,2,25,1,2,2,1,20,3,1,1,0,0,99,98,99,98,88,88,0,20,0,0,1,4,0,290541,4120,2009,19,17THST,EWINGAVE,0000000,39.09003333,-94.50353611,2,1
29,9,9,21,13,0,1,1,0,0,4,3,0,1,0,1,4,1,2,55,2,1,2,1,0,0,1,1,0,0,99,98,99,98,88,88,0,0,0,0,1,2,0,290542,0,2009,68,SR-112,99999999999999999999,0000000,36.5525,-93.84333333,1,1
29,71,9,24,6,0,1,1,0,0,3,3,0,27,0,1,4,1,2,55,1,2,2,2,0,0,2,2,0,0,99,98,99,98,88,88,0,0,0,0,1,5,1,290543,0,2009,62,SR-30,99999999999999999999,0000000,38.31641667,-90.89447222,1,2
29,69,9,24,11,55,2,3,0,0,4,3,2,12,4,8,1,1,2,55,1,1,2,1,0,0,1,1,0,0,99,99,99,99,99,99,0,0,0,0,1,5,0,290544,0,2009,56,SR-108,99999999999999999999,0000000,35.99780556,-90.24811111,2,1
29,183,9,25,21,4,2,3,0,1,2,2,0,12,9,1,1,2,2,55,1,1,2,1,0,0,2,1,0,0,99,98,99,98,88,88,0,0,0,0,1,6,1,290545,0,2009,17,US-67,99999999999999999999,0000000,38.86761111,-90.21544444,2,1
29,99,9,26,9,42,2,4,0,0,4,3,0,12,4,1,1,1,2,55,2,1,2,1,0,0,1,1,0,0,99,99,99,99,99,99,0,0,0,0,1,7,0,290546,0,2009,52,SR-B,99999999999999999999,0000000,38.27133333,-90.64536111,2,1
29,161,9,28,17,0,1,1,0,0,4,3,0,1,0,1,5,1,2,55,2,2,2,1,0,0,1,1,0,0,99,98,99,98,88,88,0,0,0,0,1,2,0,290547,0,2009,6,SR-D,99999999999999999999,0000000,37.93080556,-92.01077778,1,1
29,37,7,15,19,0,1,1,0,1,2,7,0,34,0,1,4,1,2,55,1,2,2,1,0,0,1,1,0,0,19,1,19,7,20,5,0,0,0,0,1,4,0,290548,6160,2009,99999,US-71WOR,99999999999999999999,0000000,38.69013889,-94.42697222,1,1
29,19,8,12,6,55,1,14,0,1,11,1,0,57,0,15,3,3,2,60,1,2,2,1,0,0,1,1,0,0,6,56,7,18,7,46,0,0,0,0,1,4,0,290549,1800,2009,95,I-70,SR-740,0000000,38.96863889,-92.37411667,1,1
29,95,9,4,11,27,1,2,1,0,13,2,0,8,0,3,1,1,4,35,1,2,2,2,2,3,1,2,0,0,99,98,99,98,88,88,0,0,0,0,1,6,0,290550,4120,2009,56,US-24,BENNINGTONAVE,0000000,39.10474167,-94.50486944,1,2
29,95,9,12,22,49,1,3,0,0,16,6,0,1,0,3,1,1,2,25,2,1,2,1,0,0,3,1,0,0,22,57,23,4,88,88,0,0,0,0,1,7,1,290551,840,2009,0,LAKESIDECT,LAKESIDETRACE,0000000,38.95575556,-94.27338056,1,1
29,510,9,24,17,53,1,1,0,0,13,3,0,21,0,1,4,2,1,25,1,1,2,1,0,0,1,1,0,0,99,98,99,98,88,88,0,0,0,0,1,5,0,290552,7080,2009,99999,SR-367,99999999999999999999,0000000,38.71220556,-90.24448611,1,1
29,101,9,26,18,10,1,5,0,1,2,2,0,42,0,1,4,2,2,65,2,2,2,1,0,0,1,1,0,0,18,19,18,38,19,4,0,0,0,0,1,7,0,290553,0,2009,135,US-50,99999999999999999999,0000000,38.80641667,-93.89177778,1,1
29,141,9,27,17,55,2,2,0,0,3,3,0,12,1,1,1,1,2,55,1,2,2,1,0,0,1,1,0,0,17,52,17,53,18,11,0,0,0,0,1,1,0,290554,0,2009,81,SR-52,99999999999999999999,0000000,38.43138889,-92.92916667,2,1
29,189,9,29,15,21,2,2,0,0,13,3,0,12,4,2,1,1,4,45,1,2,2,1,20,3,1,1,0,0,99,98,99,98,88,88,0,0,0,0,1,3,0,290555,5300,2009,57,SR-367,AMESBURYDR,0000000,38.73791667,-90.24080556,2,1
29,109,9,30,4,54,1,1,0,1,1,1,0,43,0,1,3,3,2,70,1,2,2,1,0,0,2,1,0,0,99,99,99,99,88,88,0,0,0,0,1,4,0,290556,0,2009,158,I-44,99999999999999999999,0000000,37.10538889,-93.7805,1,1
29,3,10,2,15,18,2,4,0,0,4,2,0,12,5,10,1,1,2,60,2,2,1,1,20,3,1,1,0,0,15,31,15,34,15,49,0,0,0,0,1,6,0,290557,0,2009,75,US-59,US-71,0000000,39.96163889,-94.86155556,2,1
29,173,9,19,12,30,1,1,0,0,6,4,0,34,0,1,4,1,2,50,1,1,4,1,0,0,1,1,0,0,12,17,12,24,13,7,0,0,0,0,1,7,0,290558,0,2009,3,599,99999999999999999999,0000000,39.64055556,-91.71583333,1,1
29,91,9,19,2,50,1,2,0,0,6,4,0,42,0,1,4,1,2,50,1,2,2,1,0,0,2,1,0,0,3,5,3,17,4,9,0,0,0,0,1,7,1,290559,0,2009,66,6540,99999999999999999999,0000000,36.70336111,-91.90205556,1,1
29,145,10,1,19,40,1,2,0,0,2,2,0,38,0,1,4,1,2,55,2,2,2,1,0,0,2,1,0,0,99,99,99,99,99,99,0,0,0,0,1,5,0,290560,0,2009,218,US-60,99999999999999999999,0000000,36.91583333,-94.28666667,1,1
29,135,10,3,1,25,1,1,0,0,4,3,0,38,0,1,4,1,2,55,2,2,2,1,0,0,2,1,0,0,1,23,1,29,99,99,0,0,0,0,1,7,1,290561,0,2009,25,SR-O,99999999999999999999,0000000,38.67106944,-92.58633611,1,1
29,21,10,4,20,40,1,1,0,0,4,3,0,34,0,1,4,1,2,60,2,2,2,1,0,0,2,1,0,0,99,98,99,98,88,88,0,0,0,0,1,1,0,290563,0,2009,117,SR-116,99999999999999999999,0000000,39.56277778,-94.87027778,1,1
29,141,7,25,19,58,1,1,0,0,4,3,0,27,0,1,4,1,2,45,2,3,2,1,40,3,1,1,0,0,20,0,20,2,20,56,0,0,0,0,1,7,1,290564,4445,2009,4,SR-O,99999999999999999999,0000000,38.20388611,-92.82826667,1,1
29,189,8,15,16,0,1,1,0,0,6,4,0,42,0,1,4,1,2,35,2,1,2,1,0,0,1,1,0,0,15,57,16,5,88,88,0,0,0,0,1,7,0,290565,0,2009,34,HUNTERSFORDRD,99999999999999999999,0000000,38.48149167,-90.66964722,1,1
29,29,8,25,15,49,1,1,0,1,2,3,0,37,0,1,4,1,2,55,1,2,2,1,0,0,1,1,0,0,15,44,16,3,16,43,0,0,0,0,1,3,0,290566,0,2009,46,SR-7,99999999999999999999,0000000,38.10568056,-93.01178056,1,1
29,215,9,18,21,25,2,3,0,1,2,2,0,12,4,4,1,1,2,65,2,2,2,1,0,0,2,1,0,0,21,27,21,35,22,2,0,0,0,0,1,6,0,290567,0,2009,241,US-63,99999999999999999999,0000000,37.27686111,-91.97155556,2,1
29,189,9,19,20,51,2,3,0,0,14,3,0,12,5,4,1,5,4,35,1,1,2,2,0,0,2,2,0,0,99,99,99,99,99,99,0,0,0,0,1,7,0,290568,0,2009,0,SR-AC,99999999999999999999,0000000,38.74113611,-90.25175278,2,2
29,95,9,20,1,47,1,4,0,0,13,2,0,33,0,1,4,1,4,35,2,2,2,1,0,0,3,1,0,0,1,49,1,52,2,10,0,0,0,0,2,1,1,290569,4120,2009,36,US-24,99999999999999999999,0000000,39.10593333,-94.54065,1,1
29,95,9,20,5,22,2,2,0,1,11,1,0,12,2,15,1,3,4,55,1,2,2,1,0,0,3,1,0,0,5,23,5,33,99,99,0,0,0,0,1,1,1,290570,4120,2009,256,I-70,PROSPECTAVE,0000000,39.09638611,-94.55189444,2,1
29,95,9,22,23,14,2,6,0,0,13,2,0,12,4,1,1,1,4,40,2,2,2,1,0,0,3,1,0,0,23,16,23,21,0,7,0,0,0,0,3,3,1,290571,4120,2009,19,US-40,99999999999999999999,0000000,39.06316389,-94.48905,2,1
29,163,9,26,19,15,1,2,0,0,6,4,0,38,0,1,5,1,2,50,1,2,4,1,0,0,2,1,0,0,19,58,20,22,21,6,0,0,0,0,1,7,0,290572,0,2009,32,223,99999999999999999999,0000000,39.24722222,-90.90611111,1,1
29,47,6,11,16,0,1,1,0,0,6,4,0,32,0,1,4,1,2,25,1,2,2,1,0,0,1,1,0,0,99,99,99,99,99,99,0,0,0,0,1,5,0,290573,3131,2009,6,SMILEYRD,99999999999999999999,0000000,39.22155833,-94.44690556,1,1
29,189,7,30,3,55,1,1,0,1,12,3,0,46,0,3,4,3,3,45,1,2,1,1,3,3,3,1,0,0,4,5,4,10,99,99,0,0,0,0,1,5,1,290574,0,2009,51,SR-141,CLAYWORTH,0000000,38.60864722,-90.51103611,1,1
29,165,8,23,4,3,1,1,0,0,4,3,0,27,0,1,4,1,2,45,2,1,2,1,40,3,2,1,0,4,99,98,99,98,88,88,0,0,0,0,1,1,1,290575,1330,2009,17,SR-E,99999999999999999999,0000000,39.45218333,-94.75371111,1,1
29,510,8,26,1,37,1,1,0,0,12,6,0,1,0,1,4,2,2,35,2,1,2,1,0,0,3,1,0,0,99,99,99,99,88,88,0,0,0,0,1,4,1,290576,7080,2009,24,BROADWAY,99999999999999999999,0000000,38.575625,-90.23386389,1,1
29,19,8,30,2,45,1,1,0,0,16,6,0,42,0,1,4,1,2,30,2,2,2,1,0,0,3,1,0,0,99,98,99,98,88,88,0,0,0,0,1,1,1,290577,1800,2009,0,HIGHLANDSCT,99999999999999999999,0000000,38.88499444,-92.36256389,1,1
29,219,9,4,22,28,1,1,0,0,5,3,0,1,0,1,2,1,2,55,2,2,2,1,0,0,2,1,0,0,22,31,22,48,88,88,0,0,0,0,1,6,1,290578,0,2009,19,SR-EE,99999999999999999999,0000000,38.79836111,-91.24555556,1,1
29,77,9,8,9,19,2,2,0,1,12,2,0,12,5,2,1,2,2,50,1,1,2,1,3,3,1,1,0,0,9,22,9,30,9,56,0,0,0,0,1,3,0,290579,7460,2009,211,US-160,MTVERNONST,0000000,37.20493611,-93.34954167,2,1
29,145,9,11,23,41,1,4,0,1,1,1,0,57,0,1,3,3,2,70,1,1,2,1,0,0,2,1,0,0,99,99,99,99,99,99,0,0,0,0,1,6,0,290580,4100,2009,92,I-44,99999999999999999999,0000000,37.00200556,-94.5934,1,1
29,189,9,14,13,25,2,2,0,0,15,4,0,12,1,1,1,1,2,35,1,3,2,1,0,0,1,1,0,0,99,99,99,99,99,99,0,0,0,0,1,2,0,290581,0,2009,8,RINGERRD,99999999999999999999,0000000,38.48535,-90.3392,2,1
29,19,9,21,1,5,1,1,0,1,12,2,0,31,0,1,4,2,2,70,1,2,2,1,0,0,2,1,0,0,1,9,1,16,88,88,0,0,0,0,1,2,0,290582,1800,2009,236,US-63,99999999999999999999,0000000,38.92376944,-92.29462778,1,1
29,95,9,24,14,8,1,1,0,0,12,3,0,39,0,1,4,2,2,45,1,1,1,1,0,0,1,1,0,0,99,98,99,98,88,88,0,0,0,0,1,5,0,290583,4120,2009,49,SR-150,99999999999999999999,0000000,38.85829167,-94.53765278,1,1
29,67,9,29,20,0,2,2,0,0,4,3,0,12,2,1,1,1,2,55,2,2,2,1,0,0,2,1,0,0,99,98,99,98,88,88,0,0,0,0,2,3,0,290584,0,2009,137,SR-76,99999999999999999999,0000000,36.922,-92.71066667,2,1
29,95,9,30,16,5,2,3,0,0,14,6,0,30,0,1,4,5,2,35,1,2,2,1,0,0,1,1,0,0,16,6,16,11,16,24,0,0,0,0,2,4,1,290585,4120,2009,37,PROSPECTAVE,99999999999999999999,0000000,39.05091944,-94.55381111,1,1
29,510,10,1,14,40,2,5,1,0,14,6,0,12,5,2,1,5,2,30,1,1,2,1,2,3,1,1,0,0,99,99,99,99,99,99,0,0,0,0,1,5,0,290586,7080,2009,60,GRANDBLVD,OSCEOLAST,0000000,38.57858056,-90.24590556,2,1
29,9,10,2,12,35,2,4,0,0,2,3,0,12,4,2,1,1,3,60,1,1,2,1,0,0,1,1,0,0,12,51,13,15,99,99,0,0,0,0,2,6,0,290587,0,2009,33,SR-37,CRD2030,0000000,36.88508333,-93.91969444,2,1
29,159,10,2,19,20,3,11,0,1,2,2,0,12,5,2,1,1,2,60,1,1,1,1,20,3,2,1,0,0,19,29,19,50,99,99,0,0,0,0,4,6,0,290588,0,2009,244,US-50,SR-135,0000000,38.69277778,-93.07438889,3,1
29,95,10,3,23,7,1,2,1,0,14,6,0,8,0,3,1,5,2,35,1,1,2,1,0,0,3,1,0,0,23,7,23,14,23,23,0,0,0,0,1,7,1,290589,4120,2009,73,PROSPECTAVE,69THST,0000000,39.00159167,-94.55656667,1,1
29,47,10,5,16,5,5,7,0,0,4,3,0,12,1,3,1,1,2,60,1,2,2,1,0,0,1,1,0,0,16,16,16,26,16,44,0,0,0,0,1,2,0,290590,0,2009,116,SR-210,CRDRAINESRD,0000000,39.20972222,-94.36472222,5,1
29,510,10,5,17,38,1,2,1,0,16,6,0,8,0,1,1,1,2,25,1,1,2,1,0,0,1,1,0,0,99,99,99,99,99,99,0,0,0,0,1,2,0,290591,7080,2009,31,OREGONAVE,99999999999999999999,0000000,38.58202222,-90.23360833,1,1
29,127,10,5,17,59,1,1,0,1,2,2,0,23,0,13,4,6,1,65,2,2,1,1,0,0,1,1,0,0,99,98,99,98,88,88,0,0,0,0,1,2,0,290592,0,2009,51,US-24,US-61,0000000,39.93611111,-91.51305556,1,1
29,19,10,5,19,45,1,1,0,0,6,4,0,27,0,1,4,1,2,35,1,1,4,1,40,3,2,1,0,0,19,50,20,3,20,23,0,0,0,0,1,2,1,290593,0,2009,15,WAGONTRAILRD,99999999999999999999,0000000,39.03436944,-92.31641111,1,1
29,510,10,6,14,25,4,17,0,0,13,6,0,12,4,2,1,2,3,35,1,1,2,1,1,3,1,1,0,0,99,99,99,99,99,99,0,14,0,0,2,3,0,290594,7080,2009,4,SKINKERPKWY,ETZELAVE,0000000,38.66570833,-90.29350833,4,1
29,169,10,7,18,15,3,3,0,0,3,3,0,12,4,1,1,1,2,55,2,2,2,1,0,0,1,1,0,0,18,21,18,26,19,22,0,0,0,0,1,4,1,290595,0,2009,52,SR-7,99999999999999999999,0000000,37.81694444,-92.35841667,3,1
29,77,10,8,15,45,2,4,0,0,3,2,0,12,4,1,1,1,2,60,2,1,1,2,0,0,1,2,0,0,16,53,17,2,88,88,0,0,0,0,3,5,0,290596,0,2009,157,US-160,99999999999999999999,0000000,37.27052778,-93.38313889,2,2
29,217,10,8,18,45,2,2,0,1,2,2,0,12,4,1,1,1,2,65,1,1,2,2,0,0,1,2,0,0,99,98,99,98,88,88,0,0,0,0,1,5,0,290597,0,2009,299,US-54,99999999999999999999,0000000,37.86255556,-94.09230556,2,2
29,95,9,14,21,25,1,2,1,1,12,2,0,8,0,1,1,2,2,65,1,1,1,1,0,0,2,1,0,0,21,26,21,32,21,53,0,0,0,0,1,2,0,290598,4490,2009,123,US-50,99999999999999999999,0000000,38.90213889,-94.33193611,1,1
29,145,10,9,9,56,2,3,0,0,3,3,0,12,1,4,1,1,2,60,1,1,2,2,0,0,1,1,0,0,9,57,10,10,10,47,0,0,0,0,1,6,0,290599,0,2009,8,SR-59,99999999999999999999,0000000,37.04236111,-94.31386111,2,1
29,221,10,9,16,15,1,1,0,1,2,3,0,35,0,1,4,1,2,55,2,3,2,2,0,0,1,1,0,0,99,98,99,98,88,88,0,0,0,0,1,6,0,290600,0,2009,158,SR-8,99999999999999999999,0000000,37.933,-90.82741667,1,1
29,77,10,9,23,0,1,3,0,0,4,3,0,36,0,1,4,1,2,55,2,2,2,1,40,3,3,1,0,0,23,17,23,34,0,10,0,0,0,0,2,6,1,290601,0,2009,59,SR-BB,99999999999999999999,0000000,37.40913889,-93.44638889,1,1
29,95,10,10,1,25,1,2,1,0,16,6,0,8,0,1,1,1,2,25,1,2,2,1,0,0,3,1,0,0,99,98,99,98,88,88,0,0,0,0,1,7,0,290602,5840,2009,5,15THST,99999999999999999999,0000000,39.00114722,-94.13360833,1,1
29,169,10,10,17,30,2,2,0,0,3,3,0,1,0,1,1,1,2,55,1,2,2,1,0,0,1,1,0,0,99,98,99,98,88,88,0,14,0,0,1,7,1,290603,0,2009,69,SR-7,99999999999999999999,0000000,37.80055556,-92.34583333,2,1
29,215,10,11,0,45,1,2,1,1,2,2,0,8,0,1,1,1,2,55,1,2,2,1,0,0,2,1,0,0,0,52,0,58,88,88,0,0,0,0,1,1,0,290604,0,2009,199,US-63,99999999999999999999,0000000,37.34402778,-91.93369444,1,1
29,97,10,11,1,2,1,2,0,0,16,6,0,43,0,1,5,1,2,25,1,1,2,1,0,0,3,1,0,0,1,5,1,8,1,35,0,20,0,0,1,1,1,290605,4100,2009,27,5THST,99999999999999999999,0000000,37.08648611,-94.50720278,1,1
29,99,10,11,8,40,2,6,0,1,2,2,0,12,4,2,1,2,2,65,1,1,2,1,1,3,1,1,0,0,8,47,8,52,9,9,0,0,0,0,1,1,0,290606,0,2009,236,US-67,MEYERRD,0000000,38.17402778,-90.44666667,2,1
29,165,10,11,10,42,2,6,0,0,13,6,0,12,5,2,1,2,2,45,1,2,1,1,20,3,1,1,0,0,10,44,10,53,11,13,0,0,0,0,1,1,0,290607,4120,2009,7,68THST,AMESAVE,0000000,39.21758611,-94.60236111,2,1
29,223,10,13,13,35,2,5,0,1,2,3,0,12,4,1,1,1,2,55,2,2,2,2,40,3,1,2,0,0,99,99,99,99,99,99,0,0,0,0,1,3,0,290608,0,2009,286,SR-34,99999999999999999999,0000000,37.203,-90.42838889,2,2
29,55,10,15,11,15,3,3,0,0,3,3,0,12,2,1,1,1,2,55,1,2,2,2,0,0,1,1,0,0,11,16,11,28,12,2,0,0,0,0,2,5,0,290609,0,2009,13,SR-19,99999999999999999999,0000000,38.19347222,-91.44288889,3,1
29,139,10,16,17,5,1,1,0,0,6,4,0,7,0,1,1,1,2,35,2,1,4,2,0,0,1,2,0,0,99,98,99,98,88,88,0,0,0,0,1,6,0,290610,0,2009,14,STUDENKEMPERRD,99999999999999999999,0000000,38.72311111,-91.46680556,1,2
29,201,10,16,20,35,1,2,0,0,6,4,0,1,0,1,4,1,2,60,1,1,4,2,0,0,2,2,0,0,20,42,20,59,99,99,0,0,0,0,1,6,0,290611,0,2009,10,405,99999999999999999999,0000000,37.03105556,-89.55305556,1,2
29,99,10,17,10,5,2,2,0,1,1,1,0,14,1,1,2,2,2,70,1,2,2,1,0,0,1,1,0,0,10,13,10,16,10,35,0,0,0,0,1,7,0,290612,0,2009,207,I-55,99999999999999999999,0000000,38.16972222,-90.37147222,1,1
29,13,10,17,12,45,1,2,0,0,4,3,0,10,0,6,1,1,2,55,1,1,2,1,61,3,1,1,0,0,12,46,13,11,88,88,0,0,0,0,2,7,1,290613,0,2009,38,SR-Y,99999999999999999999,329876F,38.37327778,-94.58361111,1,1
29,189,10,17,19,45,1,4,1,1,11,1,0,8,0,1,1,3,5,55,1,1,8,1,0,0,3,1,0,0,99,98,99,98,88,88,0,0,0,0,1,7,0,290614,650,2009,86,I-70,99999999999999999999,0000000,38.73325,-90.34361111,1,1
29,221,10,18,8,33,2,2,0,0,3,3,0,12,2,1,1,1,2,55,1,2,2,1,0,0,1,1,0,0,8,39,8,44,99,99,0,0,0,0,1,1,1,290615,0,2009,132,SR-21,99999999999999999999,0000000,37.96341667,-90.76416667,2,1
29,83,10,20,9,2,2,2,0,1,12,3,0,12,1,1,1,1,5,45,1,1,2,2,0,0,1,2,0,0,99,99,99,99,99,99,0,0,0,0,1,3,0,290616,1750,2009,182,SR-7,99999999999999999999,0000000,38.38856111,-93.77856667,2,2
29,33,10,20,20,12,2,4,0,1,2,2,0,12,2,1,1,1,2,60,1,2,2,1,0,0,2,1,0,1,20,13,20,20,99,99,0,0,0,0,1,3,0,290617,0,2009,145,US-65,99999999999999999999,0000000,39.40566667,-93.48355556,2,1
29,99,10,22,7,30,1,2,0,1,11,1,0,27,0,1,4,3,4,70,2,2,1,1,0,0,1,1,0,0,7,38,7,45,99,99,0,0,0,0,1,5,0,290618,0,2009,37,I-55,99999999999999999999,0000000,38.36816667,-90.38502778,1,1
29,69,10,22,19,50,1,2,0,0,3,3,0,30,0,1,4,1,2,55,1,2,2,2,0,0,2,2,0,0,99,99,99,99,99,99,0,0,0,0,1,5,0,290619,0,2009,88,SR-25,99999999999999999999,0000000,36.48694444,-89.96933333,1,2
29,99,10,24,17,28,1,2,0,1,11,1,0,34,0,1,3,2,2,70,1,1,2,1,0,0,1,1,0,0,17,31,17,38,17,59,0,0,0,0,1,7,1,290620,2020,2009,37,I-55,99999999999999999999,0000000,38.205475,-90.40434722,1,1
29,69,10,24,19,30,1,2,1,0,4,3,0,8,0,1,1,1,2,55,1,1,2,1,0,0,2,1,0,0,99,98,99,98,88,88,0,0,0,0,1,7,0,290621,0,2009,56,SR-B,99999999999999999999,0000000,36.40472222,-90.07694444,1,1
29,151,10,26,9,35,2,2,0,1,2,2,0,12,2,1,1,1,2,60,2,2,2,2,0,0,1,2,0,0,99,99,99,99,99,99,0,0,0,0,1,2,0,290622,0,2009,108,US-63,99999999999999999999,0000000,38.37386111,-91.92947222,2,2
29,97,10,26,11,30,2,6,0,0,4,3,0,12,5,2,1,1,2,65,1,2,2,1,20,3,1,1,0,0,11,35,11,57,12,9,0,0,0,0,2,2,0,290623,0,2009,114,SR-43,SR-96,0000000,37.20055556,-94.50861111,2,1
29,45,10,29,13,5,1,1,0,1,2,2,0,1,0,1,4,1,2,60,1,1,2,2,0,0,1,2,0,0,99,98,99,98,88,88,0,0,0,0,1,5,0,290624,0,2009,45,US-61,99999999999999999999,0000000,40.365,-91.50888889,1,2