STATE,COUNTY,MONTH,DAY,HOUR,MINUTE,VE_TOTAL,PERSONS,PEDS,NHS,ROAD_FNC,ROUTE,SP_JUR,HARM_EV,MAN_COLL,REL_JUNC,REL_ROAD,TRAF_FLO,NO_LANES,SP_LIMIT,ALIGNMNT,PROFILE,PAVE_TYP,SUR_COND,TRA_CONT,T_CONT_F,LGT_COND,WEATHER1,WEATHER2,WRK_ZONE,NOT_HOUR,NOT_MIN,ARR_HOUR,ARR_MIN,HOSP_HR,HOSP_MN,SCH_BUS,CF1,CF2,CF3,FATALS,DAY_WEEK,DRUNK_DR,ST_CASE,CITY,YEAR,MILEPT,TWAY_ID,TWAY_ID2,RAIL,LATITUDE,LONGITUD,VE_FORMS,WEATHER
29,71,10,29,22,30,3,3,0,0,2,3,0,12,8,1,1,1,2,55,1,2,2,2,0,0,2,2,0,1,22,44,22,51,23,21,0,0,0,0,1,5,2,290625,0,2009,275,SR-100,99999999999999999999,0000000,38.52233333,-90.92936111,3,2
29,95,10,29,22,44,1,3,0,1,11,1,0,25,0,1,3,3,2,55,2,2,2,2,0,0,3,2,0,0,99,99,99,99,99,99,0,0,0,0,1,5,1,290626,4120,2009,27,I-70,99999999999999999999,0000000,39.09682778,-94.57003333,1,2
29,217,10,30,1,0,1,1,0,0,14,3,0,27,0,1,4,1,2,30,2,2,2,1,0,0,2,9,0,0,0,10,0,14,88,88,0,18,0,0,1,6,1,290627,5590,2009,9,SR-BB,99999999999999999999,0000000,37.82469444,-94.36172222,1,9
29,165,10,30,18,35,1,1,0,0,4,3,0,35,0,1,4,1,2,55,1,2,2,1,0,0,2,1,0,0,99,98,99,98,88,88,0,0,0,0,1,6,1,290628,0,2009,139,SR-273,99999999999999999999,0000000,39.398,-94.86033333,1,1
29,129,10,31,15,10,1,1,0,0,4,3,0,34,0,1,4,1,2,60,1,2,2,1,0,0,1,1,0,0,15,26,15,52,16,49,0,0,0,0,1,7,0,290629,0,2009,63,SR-B,99999999999999999999,0000000,40.49808333,-93.72255556,1,1
29,27,10,31,1,15,1,2,0,1,12,2,0,52,0,5,8,6,1,70,2,2,1,1,0,0,2,1,0,0,99,99,99,99,99,99,0,0,0,0,2,7,1,290630,4040,2009,11,US-54EXITRP,99999999999999999999,0000000,38.59888889,-92.16722222,1,1
29,189,10,2,18,34,1,1,0,0,14,3,0,34,0,1,4,1,2,40,1,1,1,1,0,0,1,1,0,0,18,36,18,37,18,59,0,0,0,0,1,6,1,290631,2210,2009,23,SR-JJ,99999999999999999999,0000000,38.60714444,-90.44401111,1,1
29,510,10,6,12,56,2,2,0,0,13,6,0,12,4,2,1,1,4,35,1,1,2,1,2,3,1,1,0,0,99,99,99,99,99,99,0,0,0,0,1,3,0,290632,7080,2009,4,BROADWAY,ARSENALST,0000000,38.59518056,-90.21087222,2,1
29,127,10,22,17,20,3,5,0,1,2,2,0,12,4,2,1,2,2,65,1,1,2,2,20,3,1,2,0,0,99,99,99,99,99,99,0,0,0,0,1,5,0,290633,0,2009,188,US-24,SR-F,0000000,39.74597222,-91.51541667,3,2
29,23,10,30,7,31,2,4,0,0,4,3,0,12,7,1,1,2,4,45,1,2,2,2,0,0,1,2,0,0,99,99,99,99,99,99,0,0,0,0,3,6,0,290634,6410,2009,131,SR-PP,99999999999999999999,0000000,36.76700278,-90.44513333,2,2
29,107,11,1,10,50,1,2,0,0,4,3,0,38,0,1,5,1,2,80,1,2,2,1,0,0,1,1,0,0,11,5,11,21,11,41,0,0,0,0,1,1,0,290635,0,2009,34,SR-131,99999999999999999999,0000000,39.08444444,-93.98222222,1,1
29,221,11,2,12,0,1,1,0,0,6,4,0,44,0,1,1,1,2,50,1,2,4,1,0,0,1,1,0,0,12,43,13,0,88,88,0,7,0,0,1,2,1,290636,0,2009,26,BRINLEYRD,99999999999999999999,0000000,37.75669444,-90.86691667,1,1
29,186,11,3,14,35,3,8,0,0,4,2,0,12,1,8,1,1,2,45,2,2,2,1,0,0,1,1,0,0,14,37,14,41,15,30,0,0,0,0,1,3,0,290637,7110,2009,180,US-61,99999999999999999999,0000000,37.97043056,-90.05914444,3,1
29,77,11,3,22,30,3,5,0,1,12,2,0,12,1,15,1,2,2,60,2,1,2,1,60,3,2,1,0,0,22,34,22,38,22,55,0,0,0,0,1,3,1,290638,7460,2009,179,US-60,US-65,664262R,37.12925833,-93.23316944,3,1
29,175,11,4,15,45,2,2,0,1,2,2,0,12,11,2,1,2,2,70,1,1,2,1,0,0,1,1,0,0,99,98,99,98,88,88,0,0,0,0,1,4,0,290639,0,2009,176,US-63,CRD2610,0000000,39.36444444,-92.405,2,1
29,131,11,4,16,15,2,3,0,0,3,3,0,12,4,2,1,1,2,55,1,2,2,1,0,0,1,1,0,0,99,99,99,99,99,99,0,0,0,0,1,4,0,290640,0,2009,57,SR-52,CRDVFWRD,0000000,38.31797222,-92.58791667,2,1
29,159,11,5,99,99,1,1,0,0,6,4,0,1,0,1,1,1,2,50,1,1,4,1,0,0,1,1,0,0,99,99,99,99,99,99,0,0,0,0,1,5,0,290641,0,2009,15,BLACKWATERCHAPELRD,99999999999999999999,0000000,38.88919444,-93.43830556,1,1
29,125,11,5,22,30,1,1,0,1,2,2,0,1,0,1,4,1,2,65,2,1,1,1,0,0,2,1,0,0,99,98,99,98,88,88,0,0,0,0,1,5,0,290643,0,2009,144,US-63,99999999999999999999,0000000,38.13641667,-91.87041667,1,1
29,71,10,3,3,7,1,2,0,0,16,6,0,33,0,1,4,1,2,35,1,2,1,1,0,0,3,1,0,0,3,35,3,42,88,88,0,0,0,0,1,7,1,290644,7860,2009,0,STANDREWSDR,99999999999999999999,0000000,38.429875,-90.95351389,1,1
29,1,10,24,15,21,2,3,0,1,2,2,0,12,4,2,1,5,4,40,1,2,2,1,3,3,1,1,0,0,15,19,15,23,15,37,0,0,0,0,1,7,0,290645,4230,2009,94,US-63,POTTER,0000000,40.20964722,-92.58143333,2,1
29,187,11,6,6,40,2,2,0,0,3,3,0,12,4,1,1,1,2,55,2,2,1,1,0,0,1,1,0,0,99,98,99,98,88,88,0,0,0,0,2,6,0,290646,0,2009,65,SR-32,99999999999999999999,0000000,37.82222222,-90.56630556,2,1
29,143,11,6,2,20,1,1,0,1,1,1,0,37,0,1,3,3,2,70,1,2,2,1,0,0,2,1,0,0,2,52,3,5,88,88,0,0,0,0,1,6,0,290647,0,2009,146,I-55,99999999999999999999,0000000,36.66308333,-89.53836111,1,1
29,209,11,6,10,5,1,1,0,0,6,4,0,34,0,1,4,1,2,30,2,2,2,1,0,0,1,1,0,0,10,7,10,20,99,99,0,0,0,0,1,6,0,290648,0,2009,44,WELCH,99999999999999999999,0000000,36.66758333,-93.44105556,1,1
29,95,11,6,16,20,1,1,0,1,1,1,0,1,0,1,4,3,2,70,2,2,2,1,0,0,1,1,0,0,16,26,16,33,17,24,0,0,0,0,1,6,0,290649,0,2009,292,I-70,99999999999999999999,0000000,39.01488889,-94.1105,1,1
29,77,11,6,21,0,1,3,1,0,4,3,0,8,0,1,1,1,2,55,1,1,2,1,0,0,2,1,0,0,99,98,99,98,88,88,0,0,0,0,1,6,0,290650,0,2009,99,SR-266,99999999999999999999,0000000,37.21319444,-93.43383333,1,1
29,169,11,7,17,56,1,1,0,0,3,3,0,1,0,1,1,1,2,55,2,2,2,1,0,0,2,1,0,0,18,12,18,49,19,44,0,0,0,0,1,7,0,290651,0,2009,78,SR-28,99999999999999999999,0000000,37.92405556,-92.10013889,1,1
29,1,11,7,19,47,1,3,0,1,2,2,0,18,0,1,1,2,2,70,1,1,2,1,0,0,2,1,0,0,19,48,19,59,99,99,0,0,0,0,1,7,0,290652,0,2009,162,US-63,99999999999999999999,0000000,40.11805556,-92.56166667,1,1
29,131,11,7,20,1,2,3,0,0,3,3,0,12,2,1,1,1,2,55,1,2,2,1,0,0,2,1,0,0,99,99,99,99,99,99,0,0,0,0,1,7,0,290653,0,2009,29,SR-87,99999999999999999999,0000000,38.39233333,-92.56402778,2,1
29,95,10,31,23,36,2,4,0,0,12,2,0,12,2,1,1,2,2,50,2,1,2,1,0,0,2,1,0,0,23,44,23,51,0,32,0,0,0,0,1,7,1,290654,3940,2009,156,US-24,99999999999999999999,0000000,39.13385556,-94.34676667,2,1
29,105,11,7,23,55,2,3,0,0,3,3,0,12,2,1,1,1,2,50,1,1,2,1,0,0,2,1,0,0,1,10,1,19,2,18,0,0,0,0,2,7,0,290655,0,2009,149,SR-32,99999999999999999999,0000000,37.66805556,-92.62472222,2,1
29,91,11,8,2,15,1,5,0,0,4,3,0,19,0,2,4,1,2,55,1,1,2,1,20,3,2,5,0,0,2,28,3,5,4,22,0,0,0,0,1,1,0,290656,0,2009,74,SR-N,SR-17,0000000,36.86163889,-91.78530556,1,5
29,39,11,8,13,30,2,4,0,0,3,3,0,12,4,1,1,1,2,55,1,2,2,1,0,0,1,1,0,0,99,99,99,99,99,99,0,0,0,0,1,1,0,290657,0,2009,17,SR-32,99999999999999999999,0000000,37.83805556,-94.01388889,2,1
29,115,11,8,14,10,2,2,0,0,4,3,0,12,1,1,1,1,2,55,2,2,2,1,0,0,1,1,0,0,14,11,14,31,88,88,0,0,0,0,1,1,0,290658,0,2009,55,SR-O,99999999999999999999,0000000,40.03622222,-93.00005556,2,1
29,181,11,8,20,20,2,4,0,0,3,3,0,12,2,1,1,1,2,55,1,2,2,1,0,0,2,1,0,0,20,23,20,50,99,99,0,0,0,0,1,1,1,290659,0,2009,106,SR-21,99999999999999999999,0000000,36.67730556,-90.79175,2,1
29,177,11,8,21,18,1,2,0,0,6,4,0,34,0,1,4,1,2,60,1,2,8,1,0,0,2,1,0,0,99,98,99,98,88,88,0,0,0,0,1,1,1,290660,0,2009,15,NEWGARDENRD,99999999999999999999,0000000,39.32888889,-94.18305556,1,1
29,510,11,9,3,3,1,1,0,0,12,6,0,33,0,1,4,1,4,35,1,2,2,1,0,0,3,1,0,0,99,98,99,98,88,88,0,0,0,0,1,2,1,290661,7080,2009,35,BROADWAY,99999999999999999999,0000000,38.56257222,-90.24151667,1,1
29,189,11,9,13,12,1,1,0,1,11,1,0,21,0,13,4,6,2,55,2,2,1,1,0,0,1,1,0,0,99,98,99,98,88,88,0,0,0,0,1,2,0,290662,650,2009,103,I-70EXITRAMP,SR-N,0000000,38.72002778,-90.31255556,1,1
29,11,11,9,17,45,2,2,0,0,4,3,0,12,1,1,1,1,2,55,1,1,2,1,0,0,2,1,0,0,99,98,99,98,88,88,0,0,0,0,1,2,0,290663,0,2009,63,SR-K,99999999999999999999,0000000,37.60175,-94.54977778,2,1
29,189,11,9,22,55,2,4,0,0,12,3,0,12,4,1,1,2,4,40,1,3,2,1,0,0,2,1,0,0,99,99,99,99,99,99,0,0,0,0,1,2,0,290664,4060,2009,8,SR-U,99999999999999999999,0000000,38.71661111,-90.28266667,2,1
29,61,11,10,18,35,2,7,0,0,2,3,0,18,0,1,1,1,2,60,1,1,2,1,0,0,2,1,0,0,18,38,18,48,99,99,0,23,0,0,3,3,0,290665,0,2009,196,SR-6,99999999999999999999,0000000,39.93527778,-93.87166667,1,1
29,95,11,11,12,29,2,3,0,0,14,6,0,12,11,1,1,1,2,45,2,2,2,1,0,0,1,1,0,0,99,98,99,98,88,88,0,0,0,0,1,4,1,290666,4490,2009,109,LEESSUMMITRD,99999999999999999999,0000000,38.95583611,-94.38341111,2,1
29,71,11,11,14,5,1,2,0,1,11,1,0,31,0,1,10,3,2,70,2,1,2,1,0,0,1,1,0,0,14,11,14,15,15,6,0,0,0,0,1,4,0,290667,0,2009,196,I-44,99999999999999999999,0000000,38.33913889,-91.0135,1,1
29,145,11,11,15,30,1,3,0,0,4,3,0,42,0,1,4,1,2,55,1,2,2,1,0,0,1,1,0,0,99,99,99,99,99,99,0,0,0,0,1,4,0,290668,0,2009,2,SR-CC,99999999999999999999,0000000,36.8925,-94.52638889,1,1
29,9,11,11,17,30,3,5,0,0,4,3,0,12,2,1,1,1,2,55,1,3,2,1,0,0,2,1,0,0,17,32,17,44,99,99,0,0,0,0,1,4,1,290669,0,2009,72,SR-90,99999999999999999999,0000000,36.58730556,-93.98247222,3,1
29,101,11,13,16,2,2,2,0,0,6,4,0,12,2,1,1,1,2,45,1,2,2,1,0,0,1,1,0,0,99,99,99,99,99,99,0,0,0,0,1,6,1,290670,0,2009,67,501,99999999999999999999,0000000,38.79863889,-93.83775,2,1
29,3,11,13,18,40,1,2,1,1,1,1,0,8,0,1,1,2,2,50,1,1,2,1,0,0,2,1,0,0,18,45,18,53,19,8,0,0,0,0,1,6,0,290671,0,2009,24,I-29BUSLOOP,99999999999999999999,0000000,39.82594444,-94.81530556,1,1
29,175,11,14,3,0,1,1,0,0,4,3,0,27,0,3,4,1,2,55,1,2,2,1,20,3,2,1,0,0,88,88,88,88,88,88,0,0,0,0,1,7,1,290672,0,2009,15,SR-W,SR-3,0000000,39.52472222,-92.67194444,1,1
29,69,11,14,9,45,1,1,0,0,6,4,0,10,0,6,1,1,2,50,1,1,4,1,70,3,1,1,0,0,99,98,99,98,88,88,0,0,0,0,1,7,0,290673,0,2009,27,231,99999999999999999999,787968E,36.51286111,-90.03955556,1,1
29,185,11,14,20,10,1,2,0,1,2,3,0,1,0,1,4,2,2,65,1,1,2,1,0,0,2,1,0,0,99,99,99,99,99,99,0,0,0,0,1,7,0,290674,0,2009,2,SR-13,99999999999999999999,0000000,37.83183333,-93.61788889,1,1
29,71,11,15,14,45,2,2,0,1,2,2,0,12,2,1,1,1,2,55,2,3,2,1,0,0,1,1,0,0,14,53,15,7,15,50,0,0,0,0,1,1,0,290675,0,2009,114,US-50,99999999999999999999,0000000,38.42025,-91.17341667,2,1
29,47,11,16,9,0,2,1,0,0,14,6,0,33,0,1,4,1,4,35,1,2,2,2,0,0,1,1,0,0,9,9,9,14,88,88,0,0,0,0,1,2,0,290676,3114,2009,71,OAKTRFWY,99999999999999999999,0000000,39.20154167,-94.57644444,1,1
29,59,11,17,6,8,2,2,0,1,2,2,0,12,2,1,1,1,2,60,1,2,2,2,0,0,2,2,0,0,88,88,88,88,88,88,0,0,0,0,1,3,0,290677,0,2009,75,US-65,99999999999999999999,0000000,37.796,-93.15283333,2,2
29,55,11,18,9,30,1,1,0,1,2,3,0,18,0,1,4,1,2,55,1,2,2,2,0,0,1,2,0,0,99,98,99,98,88,88,0,0,0,0,1,4,0,290678,0,2009,265,SR-8,99999999999999999999,0000000,37.91661389,-91.11785556,1,2
29,145,11,19,99,99,1,1,0,0,4,3,0,53,0,1,4,1,2,55,1,1,2,1,0,0,1,1,0,0,88,88,88,88,88,88,0,0,0,0,1,5,0,290679,0,2009,19,SR-O,99999999999999999999,0000000,36.83833333,-94.19311111,1,1
29,163,11,6,15,33,1,2,0,0,6,4,0,37,0,1,4,1,2,50,1,1,4,1,0,0,1,1,0,0,99,98,99,98,88,88,0,0,0,0,2,6,1,290681,0,2009,29,442,99999999999999999999,0000000,39.23818611,-91.37629444,1,1
29,151,11,20,15,20,2,2,0,1,2,2,0,27,0,1,4,1,2,60,2,2,2,1,0,0,1,1,0,0,15,27,15,35,88,88,1,0,0,0,1,6,0,290683,0,2009,94,US-63,99999999999999999999,0000000,38.39172222,-91.93497222,2,1
29,95,11,20,23,54,1,1,0,0,14,3,0,1,0,1,4,1,4,35,2,2,2,1,0,0,3,1,0,0,23,55,23,59,0,42,0,0,0,0,1,6,1,290684,3940,2009,13,SR-12,99999999999999999999,0000000,39.09546389,-94.46643611,1,1
29,95,11,21,1,19,1,1,0,0,15,6,0,42,0,1,4,1,2,35,1,2,2,1,0,0,3,1,0,0,99,99,99,99,99,99,0,0,0,0,1,7,1,290685,3940,2009,7,KENTUCKY,99999999999999999999,0000000,39.11028333,-94.46227222,1,1
29,23,11,21,4,35,1,1,0,1,12,2,0,1,0,1,3,2,2,65,1,2,1,1,0,0,3,1,0,0,99,98,99,98,88,88,0,0,0,0,1,7,0,290686,0,2009,183,US-60,99999999999999999999,0000000,36.79508333,-90.37902778,1,1
29,195,11,22,3,0,1,1,0,1,12,2,0,32,0,1,4,1,2,45,2,1,2,1,0,0,2,1,0,0,99,98,99,98,88,88,0,0,0,0,1,1,1,290687,4970,2009,156,US-65,99999999999999999999,0000000,39.13516667,-93.22397222,1,1
29,95,11,22,11,31,2,3,0,0,15,6,0,12,5,1,1,1,2,35,2,1,2,1,0,0,1,1,0,0,99,99,99,99,99,99,0,0,0,0,1,1,0,290688,3940,2009,7,VALLEYVIEWDR,99999999999999999999,0000000,39.03298611,-94.34028611,2,1
29,65,11,22,18,53,2,6,0,0,14,3,0,12,5,8,1,1,2,55,1,2,2,1,0,0,2,1,0,0,18,53,19,0,19,59,0,0,0,0,3,1,0,290689,0,2009,198,SR-32,99999999999999999999,0000000,37.63388889,-91.46027778,2,1
29,35,11,23,0,45,1,4,0,0,5,3,0,1,0,1,1,1,2,55,2,2,2,1,0,0,2,1,0,0,1,20,1,32,99,99,0,0,0,0,1,2,1,290690,0,2009,27,SR-E,99999999999999999999,0000000,36.89118889,-90.86907778,1,1
29,113,11,23,7,56,2,2,0,0,4,3,0,12,1,1,1,1,2,55,1,1,2,1,0,0,1,1,0,0,8,11,8,13,99,99,0,0,0,0,1,2,0,290691,0,2009,185,SR-W,99999999999999999999,0000000,39.03581667,-90.86040833,2,1
29,215,11,23,17,10,2,2,0,0,3,3,0,12,2,1,1,1,2,55,1,2,2,1,0,0,1,1,0,0,18,18,18,28,18,56,0,0,0,0,1,2,0,290692,0,2009,626,SR-17,99999999999999999999,0000000,37.09375,-91.65888889,2,1
29,183,11,23,17,22,3,3,0,1,12,2,0,12,5,2,1,2,2,60,1,1,2,1,20,3,3,1,0,0,99,98,99,98,88,88,0,0,0,0,1,2,0,290693,8280,2009,166,US-61,SR-P,0000000,38.85233333,-90.86897222,3,1
29,95,11,23,19,47,1,2,1,0,12,2,0,8,0,1,1,1,4,35,1,1,2,1,0,0,3,1,0,0,19,47,19,56,20,10,0,0,0,0,1,2,0,290694,4120,2009,69,US-24,99999999999999999999,0000000,39.10748333,-94.48029444,1,1
29,99,11,23,20,25,1,1,0,0,14,3,0,1,0,1,1,1,2,55,2,2,2,1,0,0,2,1,0,0,20,29,20,35,88,88,0,0,0,0,1,2,1,290695,0,2009,62,SR-30,99999999999999999999,0000000,38.33361111,-90.66777778,1,1
29,189,11,6,22,52,1,2,1,0,13,6,0,8,0,1,1,5,4,35,1,1,2,1,0,0,2,1,0,0,22,54,22,54,23,22,0,0,0,0,1,6,0,290696,0,2009,17,CHAMBERSRD,99999999999999999999,0000000,38.74936667,-90.26905,1,1
29,183,11,7,3,0,2,2,0,1,12,1,0,12,2,1,1,3,2,60,1,2,1,1,0,0,2,1,0,0,99,99,99,99,99,99,0,0,0,0,1,7,1,290697,5880,2009,54,I-US40,99999999999999999999,0000000,38.73153889,-90.73683889,2,1
29,57,11,25,9,40,2,2,0,0,3,2,0,12,2,3,1,1,2,55,1,1,2,1,20,3,1,1,0,0,9,50,9,56,88,88,0,0,0,0,1,4,0,290698,0,2009,106,US-160,CRD105,0000000,37.38938889,-93.88833333,2,1
29,37,11,25,17,15,1,3,0,1,2,2,0,1,0,1,1,2,2,70,1,1,2,1,0,0,1,1,0,0,17,25,17,36,18,14,0,0,0,0,1,4,0,290699,0,2009,134,US-71,99999999999999999999,0000000,38.67611111,-94.41691667,1,1
29,219,11,25,16,40,2,3,0,0,3,3,0,12,4,1,1,1,2,55,1,1,2,1,0,0,1,1,0,0,16,39,16,43,17,0,0,0,0,0,2,4,0,290700,0,2009,262,SR-47,99999999999999999999,0000000,38.61297222,-91.03136111,2,1
29,77,11,26,1,57,2,2,0,0,16,6,0,14,11,1,7,1,2,25,1,9,2,1,0,0,3,1,0,0,99,99,99,99,99,99,0,0,0,0,1,5,1,290701,7460,2009,3,GLENNAVE,99999999999999999999,0000000,37.17674167,-93.33580278,1,1
29,95,11,26,18,17,1,1,0,1,11,1,0,28,0,1,4,3,4,65,1,1,2,1,0,0,2,1,0,0,99,98,99,98,88,88,0,0,0,0,1,5,0,290702,4120,2009,13,I-435,99999999999999999999,0000000,38.94049167,-94.58746667,1,1
29,177,11,27,15,50,2,3,0,0,13,3,0,12,1,13,1,6,1,60,1,2,1,1,0,0,1,1,0,0,16,1,16,21,16,54,0,0,0,0,1,6,0,290703,6770,2009,161,SR-10,SR-13,0000000,39.26663889,-93.96555556,2,1
29,15,11,29,16,5,4,9,0,1,2,3,0,12,4,1,1,1,2,55,1,2,2,1,0,0,1,1,0,0,16,10,16,21,17,24,0,14,0,0,1,1,0,290704,0,2009,62,SR-7,99999999999999999999,0000000,38.2425,-93.46683333,4,1
29,99,11,29,20,35,1,2,0,0,15,4,0,5,0,1,1,1,2,30,2,1,2,1,0,0,2,1,0,0,20,35,20,44,21,7,0,0,0,0,1,1,1,290705,0,2009,55,ROCKCREEKRD,99999999999999999999,0000000,38.43789444,-90.46331667,1,1
29,15,11,30,9,55,2,5,0,1,2,2,0,12,4,1,1,1,2,60,1,2,2,1,0,0,1,1,0,0,9,59,10,10,99,99,0,0,0,0,2,2,0,290706,0,2009,92,US-65,99999999999999999999,0000000,38.41416667,-93.32477778,2,1
29,95,12,1,7,58,2,4,1,0,12,2,0,33,0,1,4,1,4,35,2,2,2,1,0,0,1,1,0,4,99,99,99,99,99,99,0,0,0,0,1,3,0,290707,3940,2009,129,US-24,99999999999999999999,0000000,39.11734167,-94.38448889,1,1
29,19,12,1,13,45,1,1,0,1,11,1,0,42,0,1,4,3,2,70,1,1,2,1,0,0,1,1,0,0,99,98,99,98,88,88,0,0,0,0,1,3,0,290708,1800,2009,70,I-70,99999999999999999999,0000000,38.95890833,-92.19748056,1,1
29,153,12,1,18,30,1,3,0,0,3,3,0,1,0,1,4,1,2,55,2,1,2,1,0,0,2,1,0,0,18,43,19,6,20,24,0,0,0,0,1,3,0,290709,0,2009,11,SR-AR,99999999999999999999,0000000,36.50944444,-92.14111111,1,1
29,77,12,2,12,30,2,3,0,0,6,4,0,12,4,8,1,1,2,45,1,2,2,1,0,0,1,1,0,0,12,34,13,0,13,46,0,0,0,0,1,4,1,290710,0,2009,64,53,99999999999999999999,0000000,37.34236111,-93.53261111,2,1
29,186,12,2,21,0,1,1,0,0,4,3,0,42,0,1,4,1,2,55,2,2,2,2,0,0,2,2,0,0,99,98,99,98,88,88,0,0,0,0,1,4,0,290711,0,2009,4,SR-O,99999999999999999999,0000000,37.9725,-90.19361111,1,2
29,189,12,3,3,40,2,2,0,0,12,3,0,12,4,1,1,5,4,40,1,2,1,2,0,0,2,1,0,0,99,99,99,99,99,99,0,0,0,0,1,5,1,290712,1900,2009,0,SR-U,99999999999999999999,0000000,38.72391667,-90.27636111,2,1
29,111,12,3,9,55,1,1,0,0,4,2,0,53,0,1,4,1,2,25,1,1,2,1,0,0,1,1,0,0,99,99,99,99,99,99,0,0,0,0,1,5,1,290713,1380,2009,45,US-61BUS,99999999999999999999,0000000,40.12316667,-91.534,1,1
29,143,12,3,16,0,2,3,0,1,2,2,0,12,5,2,1,2,2,65,1,1,2,1,20,3,1,1,0,0,16,8,16,30,16,58,0,0,0,0,1,5,0,290714,0,2009,40,US-60,SR-FF,0000000,36.84388889,-89.63194444,2,1
29,510,12,3,18,45,2,7,0,0,3,6,0,12,5,2,1,1,2,30,1,2,2,1,3,3,3,1,0,0,18,46,18,49,19,11,0,20,0,0,1,5,0,290715,7080,2009,42,GOODFELLOWBLVD,DRMARTINLUTHERKING,0000000,38.67210833,-90.27946389,2,1
29,167,12,4,99,99,1,1,0,0,6,4,0,1,0,1,4,1,2,50,1,2,4,1,0,0,9,1,0,0,99,98,99,98,88,88,0,0,0,0,1,6,0,290716,0,2009,11,8TH,99999999999999999999,0000000,37.78061111,-93.61675,1,1
29,23,12,4,5,45,1,1,0,0,6,4,0,42,0,1,4,1,2,30,1,1,4,1,0,0,2,1,0,0,99,98,99,98,88,88,0,0,0,0,1,6,1,290717,0,2009,2,411,99999999999999999999,0000000,36.84316667,-90.57030556,1,1
29,189,12,4,8,3,2,2,0,0,15,6,0,12,2,1,1,1,2,30,2,1,2,1,0,0,1,1,0,0,8,4,8,8,8,20,0,0,0,0,1,6,0,290718,7665,2009,11,KENNERLYRD,99999999999999999999,0000000,38.51493056,-90.38370556,2,1
29,225,12,4,15,35,1,2,0,1,13,4,0,10,0,6,1,1,2,99,1,2,2,1,71,3,1,1,0,0,15,47,15,59,16,25,0,0,0,0,1,6,0,290719,0,2009,119,GREENBRIARDR,99999999999999999999,9999999,37.16611111,-92.87333333,1,1
29,99,12,4,20,10,2,3,0,1,12,3,0,12,4,2,1,3,2,55,1,2,2,1,3,3,3,1,0,0,20,16,20,18,99,99,0,0,0,0,1,6,0,290720,0,2009,31,SR-141,SR-21,0000000,38.46258333,-90.42433333,2,1
29,159,12,4,22,30,1,2,0,0,4,3,0,35,0,1,4,1,2,55,1,2,2,1,0,0,2,1,0,0,99,99,99,99,99,99,0,0,0,0,1,6,0,290721,0,2009,116,SR-127,99999999999999999999,0000000,38.798,-93.421,1,1
29,189,10,23,13,40,2,2,0,0,13,6,0,12,4,2,1,1,4,40,1,1,2,1,2,3,1,1,0,0,14,4,14,7,14,34,0,0,0,0,1,6,0,290722,8250,2009,12,KIENLENAVE,MARTINLUTHERKINGDR,0000000,38.67619444,-90.28696389,2,1
29,189,11,28,14,46,1,1,0,0,16,4,0,19,0,1,5,1,2,25,1,2,2,1,0,0,1,1,0,0,14,48,14,53,15,4,0,0,0,0,1,7,1,290723,0,2009,6,EDGEFIELDDR,99999999999999999999,0000000,38.76015,-90.25234444,1,1
29,95,12,3,21,24,2,2,0,1,11,1,0,12,1,1,1,3,3,65,1,1,2,1,0,0,2,1,0,0,21,25,21,33,21,58,0,19,23,0,1,5,0,290724,4120,2009,35,I-470,99999999999999999999,0000000,38.93785556,-94.48294444,2,1
29,107,12,6,1,50,2,2,0,1,2,3,0,12,2,1,1,1,2,60,2,1,2,1,0,0,2,1,0,0,2,12,2,19,88,88,0,0,0,0,2,1,1,290725,0,2009,123,SR-13,99999999999999999999,0000000,39.12833333,-93.76505556,2,1
29,183,12,6,17,28,2,1,0,0,16,4,0,14,1,1,7,1,2,25,1,9,1,9,0,0,2,1,0,0,99,99,99,99,99,99,0,0,0,0,1,1,0,290726,7100,2009,4,JAMESTOWNDR,99999999999999999999,0000000,38.79385,-90.63308889,1,1
29,63,12,6,21,55,1,1,0,1,2,2,0,37,0,1,4,2,2,65,1,1,2,3,0,0,2,4,0,0,99,98,99,98,88,88,0,0,0,0,1,1,0,290727,0,2009,101,US-36,99999999999999999999,0000000,39.76194444,-94.40305556,1,4
29,81,12,7,8,10,1,2,0,1,1,1,0,1,0,1,3,2,2,70,1,2,2,4,0,0,1,1,0,0,8,12,8,17,99,99,0,0,0,0,1,2,0,290728,0,2009,65,I-35,99999999999999999999,0000000,40.22266667,-94.01294444,1,1
29,97,12,7,11,19,2,3,0,0,13,6,0,12,4,2,1,1,4,40,1,2,2,1,0,0,1,1,0,0,99,98,99,98,88,88,0,0,0,0,1,2,0,290729,4100,2009,11,32NDST,JEFFERSONAVE,0000000,37.05543056,-94.54460278,2,1
29,81,12,7,15,55,2,2,0,0,4,3,0,12,5,2,1,1,2,55,1,2,2,2,20,3,1,1,0,0,15,57,16,7,16,35,0,0,0,0,1,2,0,290730,0,2009,78,SR-13,SR-H,0000000,40.14869444,-94.01238889,2,1