STATE,COUNTY,MONTH,DAY,HOUR,MINUTE,VE_TOTAL,PERSONS,PEDS,NHS,ROAD_FNC,ROUTE,SP_JUR,HARM_EV,MAN_COLL,REL_JUNC,REL_ROAD,TRAF_FLO,NO_LANES,SP_LIMIT,ALIGNMNT,PROFILE,PAVE_TYP,SUR_COND,TRA_CONT,T_CONT_F,LGT_COND,WEATHER1,WEATHER2,WRK_ZONE,NOT_HOUR,NOT_MIN,ARR_HOUR,ARR_MIN,HOSP_HR,HOSP_MN,SCH_BUS,CF1,CF2,CF3,FATALS,DAY_WEEK,DRUNK_DR,ST_CASE,CITY,YEAR,MILEPT,TWAY_ID,TWAY_ID2,RAIL,LATITUDE,LONGITUD,VE_FORMS,WEATHER
29,219,12,7,16,16,2,2,0,0,14,3,0,12,2,1,1,1,2,40,2,1,2,1,40,3,1,1,0,0,16,37,16,44,17,33,0,0,0,0,1,2,0,290731,0,2009,101,SR-47,99999999999999999999,0000000,38.79152778,-91.15041667,2,1
29,167,12,8,6,58,1,1,0,0,4,3,0,27,0,1,4,1,2,55,2,1,2,1,40,3,1,1,0,0,7,4,7,23,8,7,0,0,0,0,1,3,1,290732,0,2009,124,SR-H,99999999999999999999,0000000,37.44494444,-93.27177778,1,1
29,49,12,8,10,0,2,2,0,0,3,3,0,23,0,1,4,1,2,60,1,2,2,3,0,0,1,4,0,0,10,2,10,7,88,88,0,0,0,0,1,3,0,290733,0,2009,127,SR-33,99999999999999999999,0000000,39.56786111,-94.40672222,2,4
29,201,12,8,13,27,1,1,0,1,11,1,0,23,0,15,4,2,2,70,1,2,2,2,0,0,1,2,0,0,99,99,99,99,99,99,0,0,0,0,1,3,0,290734,7310,2009,259,I-55,I-57,0000000,36.87350556,-89.53320833,1,2
29,75,12,8,19,0,1,1,0,0,5,3,0,34,0,1,4,1,2,55,1,2,2,3,0,0,2,4,0,0,99,98,99,98,88,88,0,0,0,0,1,3,1,290736,0,2009,10,SR-EE,99999999999999999999,0000000,40.18666667,-94.26388889,1,4
29,79,12,8,15,55,1,2,0,0,2,2,0,1,0,1,4,1,2,60,1,1,2,3,0,0,1,4,0,0,15,58,16,5,16,37,0,0,0,0,1,3,0,290737,0,2009,75,US-65,99999999999999999999,0000000,40.15555556,-93.59827778,1,4
29,510,5,22,17,0,1,2,1,0,16,6,0,8,0,1,1,1,2,99,1,1,2,9,0,0,1,9,0,0,99,99,99,99,99,99,0,0,0,0,1,6,0,290738,7080,2009,1,MISSOURI,99999999999999999999,0000000,38.58386111,-90.22509444,1,9
29,127,8,27,14,39,2,3,0,1,12,2,0,12,5,2,1,2,2,35,2,2,2,1,20,3,1,1,0,0,99,99,99,99,99,99,0,0,0,0,1,5,0,290739,3470,2009,33,US-61,PALMYRARD,0000000,39.72699444,-91.39245278,2,1
29,51,10,9,6,45,2,3,0,1,2,2,0,12,4,2,1,2,2,70,1,2,2,2,20,3,1,2,0,0,7,2,7,11,7,36,0,0,0,0,1,6,0,290740,0,2009,102,US-54,HONEYCREEKRD,0000000,38.47333333,-92.27861111,2,2
29,63,11,24,17,4,2,3,0,1,2,2,0,12,5,2,1,2,2,65,1,1,2,2,21,3,3,5,0,0,99,99,99,99,99,99,0,0,0,0,1,3,0,290741,1350,2009,199,US-36,US-36BUS,0000000,39.75431667,-94.23441389,2,5
29,73,12,9,6,15,2,2,0,0,3,3,0,12,4,1,1,1,2,55,1,2,2,3,0,0,1,4,0,0,6,8,6,20,7,20,0,0,0,0,1,4,0,290742,0,2009,89,SR-19,99999999999999999999,0000000,38.60108333,-91.45816667,2,4
29,115,12,9,9,10,1,3,0,1,2,2,0,1,0,1,3,2,2,65,1,1,2,4,0,0,1,1,0,0,9,15,9,29,99,99,0,0,0,0,1,4,0,290743,0,2009,200,US-36,99999999999999999999,0000000,39.77775,-93.23119444,1,1
29,79,12,9,10,48,1,3,0,0,15,6,0,10,0,6,1,1,2,25,1,2,2,4,70,3,1,1,0,0,99,98,99,98,88,88,0,0,0,0,3,4,0,290744,7780,2009,3,1ST,99999999999999999999,605579X,40.06666667,-93.60686111,1,1
29,31,12,11,13,50,1,2,0,0,4,3,0,42,0,1,4,1,2,55,2,1,2,1,0,0,1,1,0,0,14,26,14,54,15,25,0,0,0,0,1,6,1,290745,0,2009,38,SR-NN,99999999999999999999,0000000,37.15888889,-89.85388889,1,1
29,215,12,11,22,49,1,1,0,0,3,3,0,27,0,1,4,1,2,55,1,1,2,1,0,0,2,1,0,0,99,98,99,98,88,88,0,0,0,0,1,6,1,290746,0,2009,248,SR-17,99999999999999999999,0000000,37.36647222,-92.06063889,1,1
29,115,12,12,1,15,1,1,0,0,3,3,0,36,0,1,4,1,2,35,2,2,2,1,0,0,2,1,0,0,1,20,1,39,2,3,0,0,0,0,1,7,1,290747,6530,2009,67,SR-5,99999999999999999999,0000000,39.95388889,-93.16666667,1,1
29,223,12,12,5,0,1,1,0,0,4,3,0,34,0,1,4,1,2,50,2,1,2,1,0,0,2,1,0,0,99,98,99,98,88,88,0,0,0,0,1,7,1,290748,0,2009,182,SR-D,99999999999999999999,0000000,36.95805556,-90.27638889,1,1
29,229,12,12,8,30,2,2,0,1,2,2,0,14,9,1,2,2,2,65,1,2,1,4,0,0,1,2,0,0,9,32,9,39,99,99,0,19,0,0,1,7,0,290749,0,2009,223,US-60,99999999999999999999,0000000,37.11155556,-92.63755556,1,2
29,43,12,12,11,35,1,1,0,0,6,4,0,35,0,1,4,1,2,45,2,2,2,2,0,0,1,2,0,0,99,98,99,98,88,88,0,0,0,0,1,7,0,290750,0,2009,9,NELSONMILL,99999999999999999999,0000000,37.075,-93.37058333,1,2
29,189,12,12,14,0,2,2,0,0,14,3,0,12,2,1,1,1,2,45,2,2,2,2,0,0,1,2,0,0,13,58,14,6,14,30,0,0,0,0,1,7,0,290751,7760,2009,7,SR-AB,99999999999999999999,0000000,38.65585278,-90.49348889,2,2
29,189,12,13,2,15,1,1,0,1,11,1,0,29,0,1,4,3,3,60,2,2,1,2,0,0,3,2,0,0,99,98,99,98,88,88,0,0,0,0,1,1,1,290752,2780,2009,84,I-270,99999999999999999999,0000000,38.77563333,-90.33606944,1,2
29,43,12,14,20,19,1,1,0,0,3,3,0,37,0,1,4,1,2,55,2,1,2,1,0,0,2,1,0,0,99,98,99,98,88,88,0,0,0,0,1,2,1,290753,730,2009,40,SR-14,99999999999999999999,0000000,37.05919444,-93.54544444,1,1
29,91,12,14,20,30,2,2,0,1,2,2,0,12,2,1,1,1,2,65,1,1,2,1,0,0,2,1,0,0,20,35,20,41,22,52,0,0,0,0,1,2,0,290754,0,2009,239,US-60,99999999999999999999,0000000,37.00144444,-91.66516667,2,1
29,21,12,15,3,0,1,1,0,0,3,2,0,30,0,1,4,1,2,60,1,2,2,1,0,0,2,1,0,0,99,98,99,98,88,88,0,0,0,0,1,3,1,290755,0,2009,143,US-169,99999999999999999999,0000000,39.67752778,-94.68166667,1,1
29,99,11,17,9,52,2,5,0,1,12,3,0,12,5,2,1,2,2,60,1,1,1,2,21,3,1,2,0,0,99,99,99,99,99,99,0,0,0,0,1,3,0,290756,0,2009,174,SR-30,OTTOMERYERRD,0000000,38.45085278,-90.53882222,2,2
29,51,12,16,12,12,3,6,0,1,12,2,0,12,5,2,1,3,2,40,1,1,2,1,3,3,1,1,0,0,99,99,99,99,99,99,0,0,0,0,1,4,0,290757,4040,2009,150,US-50,MISSOURIBLVD,0000000,38.57938889,-92.18072222,3,1
29,95,12,16,14,15,2,3,0,0,12,6,0,12,4,2,1,1,2,40,2,3,2,1,20,3,1,1,0,0,14,25,14,31,15,10,0,0,0,0,1,4,0,290758,4120,2009,7,NOLANDRD,51ST,0000000,39.02666944,-94.415775,2,1
29,27,12,16,19,40,2,8,0,1,2,2,0,12,5,2,1,2,2,70,1,1,2,1,21,3,2,1,0,0,19,50,20,3,20,31,0,0,0,0,1,4,0,290759,0,2009,42,US-54,176,0000000,39.00322222,-91.89316667,2,1
29,33,12,17,10,45,1,1,0,0,6,4,0,34,0,1,4,1,2,60,1,1,4,1,0,0,1,1,0,0,10,49,11,0,11,52,0,0,0,0,1,5,0,290760,0,2009,72,161,99999999999999999999,0000000,39.31177778,-93.64505556,1,1
29,95,12,17,14,48,2,4,0,0,12,3,0,12,4,2,1,1,2,55,1,1,2,1,0,0,1,1,0,0,99,99,99,99,99,99,0,0,0,0,1,5,0,290761,3940,2009,92,SR-78,POWELLRD,0000000,39.08678611,-94.32863611,2,1
29,43,12,19,18,0,2,3,0,0,14,3,0,12,5,2,1,1,2,55,1,1,2,1,20,3,2,1,0,0,18,10,18,20,19,11,0,0,0,0,1,7,1,290762,0,2009,0,SR-413,SR-265,0000000,36.99530556,-93.57363889,2,1
29,510,12,19,20,5,1,2,1,1,11,1,0,8,0,1,1,3,4,55,2,2,2,1,0,0,3,1,0,0,20,6,20,19,88,88,0,0,0,0,1,7,0,290763,7080,2009,31,I-70,99999999999999999999,0000000,38.66466944,-90.19854722,1,1
29,113,12,20,0,30,1,2,0,0,4,3,0,1,0,1,4,1,2,55,2,2,2,4,0,0,2,1,0,0,99,98,99,98,88,88,0,0,0,0,1,1,1,290764,0,2009,67,SR-U,99999999999999999999,0000000,38.92094444,-91.04483333,1,1
29,217,12,20,5,30,1,1,0,0,4,3,0,32,0,1,4,1,2,55,1,1,2,1,0,0,2,1,0,0,99,99,99,99,99,99,0,0,0,0,1,1,0,290765,0,2009,11,SR-E,99999999999999999999,0000000,37.762,-94.29169444,1,1
29,91,12,20,12,20,2,3,0,1,12,2,0,12,5,8,1,1,2,50,1,1,1,1,0,0,1,1,0,0,99,99,99,99,99,99,0,0,0,0,1,1,0,290766,8330,2009,252,US-63,99999999999999999999,0000000,36.71648056,-91.84641111,2,1
29,213,12,21,12,40,1,2,0,0,4,2,0,1,0,1,4,1,2,55,1,1,2,1,0,0,1,1,0,0,12,40,12,54,88,88,0,0,0,0,2,2,0,290767,8091,2009,84,US-160,99999999999999999999,0000000,36.72830556,-93.19425,1,1
29,77,12,22,2,53,1,1,0,0,15,6,0,43,0,1,4,1,2,30,1,1,2,1,20,3,3,1,0,0,99,99,99,99,99,99,0,0,0,0,1,3,1,290768,7460,2009,0,BENTONAVE,99999999999999999999,0000000,37.22991944,-93.28720833,1,1
29,229,12,22,6,25,2,3,0,0,3,3,0,12,2,1,1,1,2,60,1,2,2,1,0,0,2,1,0,0,7,28,7,35,8,59,0,0,0,0,1,3,0,290769,0,2009,338,SR-5,99999999999999999999,0000000,37.08708333,-92.60563889,2,1
29,27,12,22,10,30,1,5,0,0,6,4,0,42,0,1,4,1,2,35,2,1,4,4,0,0,1,1,0,0,10,36,10,59,99,99,0,0,0,0,1,3,0,290770,0,2009,10,447,99999999999999999999,0000000,38.72766667,-91.85969444,1,1
29,213,12,22,13,10,1,1,0,0,2,3,0,1,0,1,1,2,2,65,1,2,2,1,0,0,1,1,0,0,99,99,99,99,99,99,0,0,0,0,1,3,0,290771,0,2009,35,SR-465,99999999999999999999,0000000,36.71569444,-93.27941667,1,1
29,31,12,22,14,4,2,2,0,0,12,2,0,12,5,3,1,5,4,35,1,1,2,2,0,0,1,1,0,0,99,99,99,99,99,99,0,0,0,0,1,3,0,290772,1390,2009,245,US-61,FAIRVIEWPL,0000000,37.31886111,-89.55595556,2,1
29,95,12,22,18,53,1,2,0,0,16,6,0,30,0,1,4,1,2,35,2,2,2,1,0,0,3,1,0,0,19,1,19,5,19,26,0,0,0,0,1,3,0,290773,3940,2009,64,POWELLRD,99999999999999999999,0000000,39.08800278,-94.32927778,1,1
29,95,12,15,16,35,3,3,0,1,11,1,0,12,1,1,1,2,2,65,1,2,2,1,0,0,1,1,0,0,16,36,16,48,17,19,0,0,0,0,1,3,0,290774,4490,2009,117,I-470,99999999999999999999,0000000,38.96694444,-94.35833333,3,1
29,131,12,23,7,35,2,4,0,1,2,2,0,12,5,2,1,2,2,65,1,1,2,2,1,3,1,2,0,0,99,99,99,99,99,99,0,0,0,0,1,4,0,290775,4327,2009,196,US-54,BAGNELLDAMBLVD,0000000,38.21594444,-92.62327778,2,2
29,17,12,23,7,55,1,1,0,0,3,3,0,42,0,1,4,1,2,55,2,2,2,2,0,0,1,2,0,0,99,98,99,98,88,88,0,0,0,0,1,4,0,290776,0,2009,194,SR-51,99999999999999999999,0000000,37.35486111,-90.01805556,1,2
29,189,12,23,20,27,1,2,1,1,12,3,0,8,0,1,1,5,4,40,1,1,2,2,0,0,3,2,0,0,20,28,20,31,20,51,0,0,0,0,1,4,0,290777,2460,2009,111,SR-100,99999999999999999999,0000000,38.59273056,-90.57113056,1,2
29,510,12,24,8,20,1,3,1,1,11,1,0,8,0,15,4,3,3,55,2,2,2,2,0,0,1,2,0,0,8,31,8,43,8,51,0,19,0,0,1,5,0,290778,7080,2009,36,I-70,ADELAIDEAVE,0000000,38.68002222,-90.21218056,1,2
29,189,12,25,10,43,2,3,1,1,11,1,0,8,0,1,1,3,3,65,1,2,1,3,0,0,1,4,0,0,10,44,10,52,11,12,0,14,19,0,1,6,0,290779,2575,2009,179,I-44,99999999999999999999,0000000,38.50472222,-90.6136,2,4
29,167,12,25,12,20,1,2,0,0,4,3,0,42,0,1,4,1,2,45,2,1,2,3,0,0,1,4,0,0,12,28,12,51,13,47,0,0,0,0,1,6,0,290780,0,2009,63,SR-PP,99999999999999999999,0000000,37.73477778,-93.38033333,1,4
29,159,12,26,17,24,3,11,0,1,2,2,0,12,4,1,1,1,2,60,1,1,2,3,0,0,2,4,0,0,99,99,99,99,99,99,0,0,0,0,4,7,0,290781,0,2009,235,US-50,99999999999999999999,0000000,38.69355556,-93.09291667,3,4
29,207,12,26,23,10,1,1,0,0,4,3,0,32,0,1,4,1,2,55,2,1,2,1,0,0,2,1,0,0,99,98,99,98,88,88,0,0,0,0,1,7,1,290782,0,2009,40,SR-WW,99999999999999999999,0000000,36.84888889,-90.11555556,1,1
29,155,12,27,5,40,2,7,0,1,1,1,0,18,0,1,3,2,2,70,1,1,1,1,0,0,2,1,0,0,6,12,6,51,7,54,0,0,0,0,4,1,0,290783,0,2009,237,I-55,99999999999999999999,0000000,36.09455556,-89.79025,2,1
29,73,12,28,11,15,1,1,0,0,6,4,0,42,0,1,4,1,2,45,2,2,4,3,0,0,1,1,0,0,11,23,11,35,99,99,0,0,0,0,1,2,0,290784,0,2009,76,OLDIRONRD,99999999999999999999,0000000,38.60845833,-91.47343611,1,1
29,23,12,29,7,50,3,3,0,1,12,2,0,13,2,1,1,2,2,65,1,1,1,1,0,0,1,1,0,0,99,99,99,99,88,88,0,0,0,0,2,3,0,290785,0,2009,167,US-60,99999999999999999999,0000000,36.79547222,-90.41113889,3,1
29,77,12,29,19,36,1,2,1,0,16,6,0,9,0,2,1,1,2,25,1,2,2,1,20,3,3,1,0,0,99,99,99,99,99,99,0,0,0,0,1,3,0,290786,7460,2009,5,CLIFTONAVE,HIGHST,0000000,37.23754722,-93.32703611,1,1
29,510,12,30,7,39,2,2,0,0,13,3,0,12,2,1,1,5,4,45,1,1,2,3,0,0,1,4,0,0,7,32,7,42,8,26,0,0,0,0,1,4,1,290787,7080,2009,44,SR-H,99999999999999999999,0000000,38.71667222,-90.22704167,2,4
29,95,12,30,20,21,3,4,0,0,14,6,0,12,4,2,1,5,6,35,1,2,2,2,2,3,3,3,0,0,20,20,20,22,20,43,0,20,0,0,1,4,0,290788,4120,2009,24,TRUMANRD,BENTONBLVD,0000000,39.09433889,-94.54418611,3,3
29,201,12,31,9,30,1,1,0,0,4,3,0,43,0,1,4,1,2,55,1,1,2,2,0,0,1,1,0,0,9,41,9,57,88,88,0,0,0,0,1,5,1,290789,0,2009,243,SR-77,99999999999999999999,0000000,37.02916667,-89.45694444,1,1
29,207,11,23,17,25,1,2,0,1,2,2,0,1,0,1,3,2,2,65,2,1,1,1,0,0,2,5,0,0,17,31,17,47,18,24,0,0,0,0,1,2,0,290790,0,2009,275,US-60,99999999999999999999,0000000,36.83833333,-89.71527778,1,5
29,510,12,11,16,32,1,1,0,0,16,6,0,27,0,1,4,2,2,45,1,1,2,1,0,0,3,1,0,0,16,32,16,33,17,6,0,0,0,0,1,6,0,290791,7080,2009,42,RIVERVIEWDR,99999999999999999999,0000000,38.73037222,-90.21900556,1,1
29,95,12,30,11,35,2,3,0,0,12,3,0,12,4,2,1,1,2,55,1,1,2,2,20,3,1,1,0,0,11,35,99,99,12,5,0,0,0,0,1,4,0,290792,3280,2009,74,SR-150,KELLEYRD,0000000,38.85635278,-94.49139167,2,1
29,95,9,25,23,10,2,4,0,0,6,4,0,12,4,2,1,1,2,50,1,2,2,1,20,3,2,1,0,0,23,25,23,30,0,10,0,0,0,0,1,6,1,290793,0,2009,70,SMART,SR-150,0000000,38.85024444,-94.30540556,2,1
29,189,10,25,14,25,2,2,0,0,12,4,0,33,0,1,4,5,4,35,2,2,2,2,0,0,1,1,0,0,14,25,14,29,99,99,0,0,0,0,1,1,0,290794,1040,2009,52,HANLEYRD,99999999999999999999,0000000,38.62381944,-90.334675,2,1
29,183,8,10,20,45,1,3,0,1,11,1,0,7,0,1,1,3,3,60,1,1,8,1,0,0,1,1,0,0,99,99,99,99,99,99,0,0,0,0,1,2,0,290795,0,2009,215,I-70,99999999999999999999,0000000,38.79185833,-90.56004444,1,1
29,21,10,29,9,45,2,3,0,1,11,1,0,12,1,1,1,2,2,70,1,1,2,2,0,0,1,2,0,0,99,99,99,99,99,99,0,0,0,0,1,5,0,290796,0,2009,92,I-229,99999999999999999999,0000000,39.71222222,-94.80527778,2,2
30,111,1,2,10,1,4,6,0,1,2,2,0,12,4,1,1,1,2,60,1,1,2,4,0,0,1,1,0,0,10,3,10,12,11,7,0,0,0,0,1,6,0,300001,0,2009,30,US-212,99999999999999999999,0000000,45.87208333,-108.42405,4,1
30,89,1,15,14,4,1,1,0,0,3,3,0,1,0,1,4,1,2,70,2,3,2,4,0,0,1,1,0,0,14,10,14,39,88,88,0,0,0,0,1,5,1,300002,0,2009,885,SR-200,99999999999999999999,0000000,47.34140278,-114.6922222,1,1
30,89,1,13,21,40,1,1,0,0,3,3,0,11,0,1,1,1,2,65,1,1,2,1,0,0,2,1,0,0,21,57,22,32,0,10,0,0,0,0,1,3,0,300003,0,2009,210,SR-28,99999999999999999999,0000000,47.63834167,-114.6261111,1,1
30,93,1,21,16,35,2,3,0,1,1,1,0,14,1,1,2,2,2,75,2,4,2,1,0,0,1,1,0,0,16,38,99,99,88,88,0,0,0,0,3,4,1,300004,0,2009,1049,I-15,99999999999999999999,0000000,45.78584722,-112.7192167,2,1
30,89,1,29,18,55,1,1,0,0,2,3,0,37,0,1,4,1,2,65,2,2,2,1,0,0,2,1,0,0,18,58,19,6,19,31,0,0,0,0,1,5,1,300005,0,2009,776,SR-200,99999999999999999999,0000000,47.44221944,-114.8603111,1,1
30,39,1,8,8,0,1,3,0,0,6,8,0,1,0,1,4,1,2,0,2,2,5,4,0,0,1,2,0,0,99,99,99,99,99,99,0,0,0,0,1,5,0,300006,0,2009,0,TRAPPER RIDGE RD,99999999999999999999,0000000,46.21396111,-113.3459056,1,2
30,43,2,1,23,50,1,1,0,0,3,3,0,34,0,1,5,1,2,65,2,1,2,1,0,0,2,1,0,0,88,88,88,88,88,88,0,0,0,0,1,1,1,300007,0,2009,109,SR-69,99999999999999999999,0000000,45.93001944,-111.9252778,1,1
30,7,2,6,10,38,2,4,0,1,2,2,0,12,2,2,1,1,2,70,1,1,2,1,0,0,1,1,0,0,10,38,10,44,10,56,0,0,0,0,2,6,0,300008,0,2009,762,US-12/US-287,INDIAN CREEK ROAD,0000000,46.33649722,-111.5323639,2,1
30,47,2,6,15,44,4,8,0,1,2,2,0,12,1,1,1,1,2,70,1,1,2,2,0,0,1,2,0,0,15,45,15,52,16,12,0,0,0,0,1,6,0,300009,0,2009,411,US-93,99999999999999999999,0000000,47.44305278,-114.0969861,4,2
30,49,2,8,3,15,1,1,0,0,3,3,0,1,0,1,4,1,2,50,1,1,2,1,0,0,2,1,0,0,3,31,3,39,88,88,0,0,0,0,1,1,1,300010,0,2009,0,SR-229,99999999999999999999,0000000,46.67083333,-112.0211722,1,1
30,111,2,8,20,33,1,2,0,1,1,1,0,1,0,1,4,2,2,75,1,1,2,1,0,0,2,1,0,0,20,36,20,46,21,20,0,0,0,0,1,1,0,300011,0,2009,4426,I-90,99999999999999999999,0000000,45.72364444,-108.620875,1,1
30,81,2,14,18,58,3,7,0,1,2,2,0,12,5,2,1,1,2,65,1,1,2,1,1,3,3,1,0,0,19,3,19,13,19,39,0,0,0,0,1,7,0,300012,0,2009,520,US-93,WOODSIDE RD,0000000,46.31298889,-114.1558556,3,1
30,3,2,20,0,22,1,4,0,0,4,3,3,35,0,1,5,1,2,65,2,1,2,1,0,0,2,1,0,0,0,31,0,56,1,23,0,0,0,0,1,6,1,300013,0,2009,134,SR-451,99999999999999999999,0000000,45.34166389,-107.37505,1,1
30,3,2,20,8,5,1,2,0,1,1,1,0,1,0,1,3,2,2,75,1,1,2,4,0,0,1,4,0,0,8,10,8,16,88,88,0,0,0,0,1,6,0,300014,0,2009,5012,I-90,99999999999999999999,0000000,45.70470278,-107.527575,1,4
30,87,2,20,7,55,2,3,0,1,2,2,3,12,4,1,1,1,2,70,1,2,2,3,0,0,1,1,0,0,88,88,88,88,88,88,0,0,0,0,2,6,0,300016,0,2009,510,US-212,99999999999999999999,0000000,45.62916389,-106.4739056,2,1
30,47,2,21,12,30,1,1,0,0,6,4,3,34,0,1,4,1,2,45,1,1,2,1,0,0,1,1,0,0,12,54,13,2,88,88,0,0,0,0,1,7,1,300017,0,2009,0,SKYLINE DRIVE,99999999999999999999,0000000,47.62055833,-114.1344583,1,1
30,17,2,21,15,3,1,1,0,0,4,4,0,1,0,1,1,1,2,35,1,1,2,1,0,0,1,1,0,0,15,3,15,10,15,26,0,0,0,0,1,7,0,300018,0,2009,0,VALLEY DRIVE EAST,99999999999999999999,0000000,46.42413333,-105.8212556,1,1
30,63,2,24,11,40,1,1,0,0,3,3,0,42,0,1,4,1,2,70,1,2,2,2,0,0,1,1,0,0,88,88,88,88,88,88,0,0,0,0,1,3,0,300019,0,2009,107,SR-83,99999999999999999999,0000000,47.12859167,-113.4473528,1,1
30,111,3,2,23,45,1,2,0,1,1,1,0,38,0,1,5,2,2,65,1,1,2,1,0,0,2,1,0,0,23,53,0,0,0,36,0,0,0,0,1,2,0,300020,100,2009,4479,I-90 W,99999999999999999999,0000000,45.75273333,-108.5217056,1,1
30,49,3,6,1,20,1,1,0,0,4,3,0,52,0,1,2,1,2,55,2,2,2,3,0,0,2,4,0,0,7,8,7,11,7,25,0,0,0,0,1,6,1,300021,0,2009,0,SR-282,99999999999999999999,0000000,46.57806667,-111.9356,1,4
30,37,3,8,12,24,1,2,0,0,6,4,0,1,0,1,4,1,2,70,1,1,4,5,0,0,1,1,0,0,12,52,13,22,88,88,0,0,0,0,1,1,0,300022,0,2009,82,SOUTH BARBER ROAD,99999999999999999999,0000000,46.20919444,-109.4031,1,1
30,81,3,8,19,3,2,6,0,0,6,4,0,12,5,2,1,1,2,50,1,1,2,1,20,3,1,1,0,0,19,5,19,9,19,54,0,0,0,0,1,1,0,300023,0,2009,0,MIDDLE BURNT FORK RD,LOGAN LANE,0000000,46.50115,-114.0667306,2,1
30,63,3,17,7,30,1,1,0,1,2,2,3,1,0,1,4,1,2,55,1,1,2,4,0,0,4,1,0,0,7,38,7,40,8,51,0,0,0,0,1,3,0,300024,0,2009,147,US-93,99999999999999999999,0000000,47.13278333,-114.0445278,1,1
30,49,3,13,1,22,1,2,1,0,3,3,0,8,0,1,1,1,2,50,1,1,2,1,0,0,2,1,0,0,1,25,1,34,88,88,0,0,0,0,1,6,0,300025,0,2009,0,SR-229,99999999999999999999,0000000,46.62888333,-112.0211722,1,1
30,95,3,17,15,16,1,1,0,0,5,4,0,17,0,1,5,1,2,70,2,2,2,1,0,0,1,1,0,0,88,88,88,88,88,88,0,0,0,0,1,3,0,300026,0,2009,40,OLD HIGHWAY 10,99999999999999999999,0000000,45.61307778,-109.1815278,1,1
30,29,3,19,20,25,2,3,0,1,2,2,0,12,2,1,1,1,2,55,1,1,2,1,0,0,2,1,0,1,20,27,20,34,21,35,0,0,0,0,2,5,0,300027,0,2009,1190,US-93,99999999999999999999,0000000,48.28388889,-114.3303194,2,1
30,53,3,20,7,50,2,4,0,1,2,2,0,11,0,1,1,1,2,70,1,2,2,2,0,0,1,1,0,0,7,58,8,15,8,33,0,14,0,0,1,6,0,300028,0,2009,213,US-2,99999999999999999999,0000000,48.45214167,-115.7625222,2,1
30,29,3,20,16,20,2,2,0,1,2,2,0,12,1,1,1,1,2,70,1,1,2,1,0,0,1,1,0,0,16,22,16,35,16,54,0,0,0,0,1,6,1,300029,0,2009,1257,US-2,99999999999999999999,0000000,48.29305833,-114.3303222,2,1
30,13,3,20,6,18,2,2,0,0,15,6,0,12,5,2,1,1,2,25,1,1,2,1,0,0,1,1,0,0,6,19,6,26,6,48,0,0,0,0,1,6,0,300030,530,2009,0,8TH ST NE,25TH AVENUE NE,0000000,47.52873611,-111.2946139,2,1
30,29,3,23,2,35,2,2,0,1,2,2,0,12,2,1,1,2,2,55,2,1,2,1,0,0,2,1,0,0,2,36,2,44,3,19,0,0,0,0,2,2,1,300031,0,2009,1070,US-93,99999999999999999999,0000000,48.12952222,-114.2654222,2,1
30,47,3,22,20,15,2,2,0,0,6,4,3,12,1,1,1,1,2,35,1,1,2,2,0,0,3,2,0,0,20,20,20,25,20,33,0,0,0,0,1,1,1,300032,0,2009,0,TERRACE LAKE RD,99999999999999999999,0000000,47.52976389,-114.0850056,2,2
30,93,3,20,0,10,1,1,0,1,1,1,0,1,0,1,1,2,2,75,2,1,2,1,0,0,2,1,0,0,0,42,0,53,1,18,0,0,0,0,1,6,0,300033,0,2009,933,I-15,99999999999999999999,0000000,45.63447778,-112.6759944,1,1
30,47,3,23,21,55,1,4,1,0,3,3,0,8,0,1,1,1,2,50,2,1,2,1,0,0,2,1,0,0,22,2,22,12,22,35,0,0,0,0,1,2,0,300034,0,2009,0,SR-35,99999999999999999999,0000000,47.78056111,-114.0157278,1,1
30,43,3,26,12,20,1,1,0,0,6,4,0,42,0,1,4,1,2,0,2,2,5,4,0,0,1,1,0,0,12,30,13,1,88,88,0,0,0,0,1,5,0,300035,0,2009,0,TRAVIS CREEK ROAD,99999999999999999999,0000000,46.4839,-112.0852778,1,1
30,87,3,29,18,50,1,1,0,0,3,3,0,1,0,1,4,1,2,70,1,1,2,4,0,0,1,4,6,0,19,6,19,27,88,88,0,0,0,0,1,1,0,300036,0,2009,414,SR-39,99999999999999999999,0000000,46.12249722,-106.7697222,1,4
30,77,3,29,18,4,4,5,0,1,1,1,0,12,1,1,1,2,2,75,2,1,2,4,0,0,1,4,0,0,18,4,18,17,20,1,0,19,0,0,1,1,1,300037,0,2009,1870,I-90 E,99999999999999999999,0000000,46.37499167,-112.7374444,4,4
30,79,4,4,17,25,1,2,0,0,4,3,0,1,0,1,4,1,2,70,2,1,2,1,0,0,1,1,0,0,17,33,17,51,18,33,0,0,0,0,1,7,1,300038,0,2009,40,SR-340,99999999999999999999,0000000,46.80333889,-105.079725,1,1
30,81,4,7,10,35,2,3,0,1,2,2,0,12,2,1,1,1,2,65,2,1,2,1,0,0,1,1,0,0,10,38,10,46,99,99,0,0,0,0,1,3,0,300039,0,2009,657,US-93,99999999999999999999,0000000,46.50834444,-114.1206028,2,1