STATE,COUNTY,MONTH,DAY,HOUR,MINUTE,VE_TOTAL,PERSONS,PEDS,NHS,ROAD_FNC,ROUTE,SP_JUR,HARM_EV,MAN_COLL,REL_JUNC,REL_ROAD,TRAF_FLO,NO_LANES,SP_LIMIT,ALIGNMNT,PROFILE,PAVE_TYP,SUR_COND,TRA_CONT,T_CONT_F,LGT_COND,WEATHER1,WEATHER2,WRK_ZONE,NOT_HOUR,NOT_MIN,ARR_HOUR,ARR_MIN,HOSP_HR,HOSP_MN,SCH_BUS,CF1,CF2,CF3,FATALS,DAY_WEEK,DRUNK_DR,ST_CASE,CITY,YEAR,MILEPT,TWAY_ID,TWAY_ID2,RAIL,LATITUDE,LONGITUD,VE_FORMS,WEATHER
30,3,4,7,16,51,1,3,0,0,6,4,0,35,0,1,4,1,2,55,1,2,2,1,0,0,1,1,0,0,16,51,17,18,18,2,0,0,0,0,2,3,1,300040,0,2009,147,GOOD LUCK ROAD,99999999999999999999,0000000,45.30030833,-107.5317111,1,1
30,81,4,7,16,30,1,1,0,1,2,2,0,1,0,1,1,1,2,65,1,1,2,1,0,0,1,1,0,0,16,33,16,44,88,88,0,0,0,0,1,3,0,300041,0,2009,630,US-93,99999999999999999999,0000000,46.47695278,-114.1278194,1,1
30,17,4,7,19,35,1,1,0,1,1,1,0,1,0,1,3,2,2,75,1,1,2,1,0,0,1,1,0,0,19,46,19,57,88,88,0,0,0,0,1,3,1,300042,0,2009,1467,I-94 E,99999999999999999999,0000000,46.48960278,-105.7159417,1,1
30,89,4,8,19,0,1,1,0,0,3,3,0,42,0,1,4,1,2,70,2,2,1,1,0,0,1,1,0,0,19,34,19,38,88,88,0,0,0,0,1,4,1,300043,0,2009,178,SR-200,99999999999999999999,0000000,47.97416944,-115.7280556,1,1
30,15,4,9,20,38,1,3,0,1,2,2,0,1,0,1,4,1,2,65,2,1,2,1,0,0,2,1,0,0,20,40,20,59,21,30,0,0,0,0,2,5,1,300044,0,2009,622,US-87,99999999999999999999,0000000,48.06953333,-110.4234111,1,1
30,3,4,14,20,20,2,3,0,0,4,3,3,12,5,8,1,1,2,65,1,1,2,1,20,3,2,1,0,0,20,26,20,32,88,88,0,0,0,0,1,3,1,300045,0,2009,151,SR-451,99999999999999999999,0000000,45.31817778,-107.3626889,2,1
30,69,4,18,3,0,1,1,0,1,2,3,0,1,0,1,4,1,2,70,2,2,2,1,0,0,2,1,0,0,3,4,3,19,4,50,0,0,0,0,1,7,1,300046,0,2009,1390,SR-200,99999999999999999999,0000000,47.00286667,-108.2841889,1,1
30,31,4,19,19,30,1,1,0,0,4,3,0,1,0,1,1,1,2,70,1,1,2,1,0,0,1,1,0,0,19,42,20,0,20,45,0,0,0,0,1,1,1,300047,0,2009,140,SR-205,99999999999999999999,0000000,45.83029444,-111.2814194,1,1
30,67,4,21,23,33,1,1,0,0,4,3,0,42,0,1,4,1,2,55,1,1,2,1,0,0,2,1,0,0,23,34,23,55,88,88,0,0,0,0,1,3,1,300048,0,2009,130,SR-540,99999999999999999999,0000000,45.37611667,-110.6847444,1,1
30,29,4,16,8,20,4,8,0,0,3,3,0,12,1,3,1,1,2,70,1,2,2,1,0,0,1,1,0,0,8,21,8,30,9,4,0,0,0,0,1,5,0,300049,0,2009,0,SR-35,MONTFORD ROAD,0000000,48.22087778,-114.2015611,4,1
30,43,4,24,12,50,1,1,0,1,1,1,0,1,0,1,1,2,2,65,2,2,2,2,0,0,1,1,0,1,12,59,13,7,88,88,0,0,0,0,1,6,0,300050,0,2009,1728,I-15,99999999999999999999,0000000,46.34446944,-112.0490167,1,1
30,67,4,26,18,20,1,1,0,0,3,2,0,1,0,1,4,1,2,70,1,1,2,1,0,0,1,1,0,0,18,40,19,3,88,88,0,0,0,0,1,1,1,300051,0,2009,230,US-89,99999999999999999999,0000000,45.98671944,-110.6568944,1,1
30,1,4,26,21,0,1,1,0,1,1,1,0,1,0,1,4,2,2,75,1,1,2,1,0,0,2,1,0,0,23,34,23,39,88,88,0,0,0,0,1,1,1,300052,0,2009,6170,I-15 S,99999999999999999999,0000000,45.19738611,-112.6644306,1,1
30,77,4,28,4,15,1,6,0,1,1,1,0,1,0,1,3,2,2,75,2,1,2,4,0,0,2,4,0,0,4,18,4,39,5,41,0,0,0,0,1,3,0,300053,0,2009,1745,I-90 E,99999999999999999999,0000000,46.52139167,-112.8075056,1,4
30,93,4,28,23,5,1,2,0,1,1,1,0,1,0,1,3,2,2,75,1,1,2,4,0,0,2,4,0,0,23,8,0,4,0,51,0,0,0,0,1,3,0,300054,0,2009,945,I-15 S,99999999999999999999,0000000,45.65028333,-112.6746639,1,4
30,49,5,4,18,0,1,2,1,0,6,8,0,8,0,1,1,1,2,15,2,1,4,1,28,3,1,1,0,0,18,1,18,7,18,25,0,0,0,0,1,2,0,300055,380,2009,0,SHAR COURT,99999999999999999999,0000000,46.60916111,-111.9326611,1,1
30,111,5,6,22,58,2,3,0,1,1,1,0,12,2,1,1,3,2,75,2,2,2,1,0,0,2,1,0,0,22,58,23,9,88,88,0,0,0,0,1,4,1,300056,0,2009,4328,I-90 EB,99999999999999999999,0000000,45.66423611,-108.7910972,2,1
30,63,5,5,9,0,1,4,0,1,1,1,0,24,0,1,2,2,2,75,1,2,2,2,0,0,1,2,0,0,9,3,9,23,9,44,0,0,0,0,1,3,0,300057,0,2009,85,I-90 E,99999999999999999999,0000000,47.02713611,-114.2898056,1,2
30,65,5,9,23,35,1,4,0,0,3,2,0,1,0,8,4,1,2,65,2,2,2,1,0,0,2,1,0,0,23,46,0,1,0,56,0,0,0,0,1,7,0,300058,0,2009,1930,US-12,99999999999999999999,0000000,46.53918889,-108.07605,1,1
30,3,5,10,21,45,1,2,1,1,1,1,3,8,0,1,1,2,2,65,1,1,2,1,0,0,2,1,0,0,21,49,21,58,88,88,0,0,0,0,1,1,0,300059,0,2009,5029,I-90 W,99999999999999999999,0000000,45.685275,-107.5094583,1,1
30,111,5,12,7,5,1,1,0,0,6,4,0,1,0,1,4,1,2,15,1,2,4,1,0,0,1,1,0,0,7,10,7,23,88,88,0,0,0,0,1,3,1,300060,0,2009,0,88TH ST WEST,99999999999999999999,0000000,45.78251944,-108.7408944,1,1
30,49,4,22,1,20,1,1,0,0,16,6,0,33,0,2,2,1,2,30,2,2,2,1,0,0,2,1,0,0,1,20,1,26,1,44,0,20,0,0,1,4,1,300061,590,2009,0,HENDERSON ST,HUDSON ST,0000000,46.60785278,-112.0525222,1,1
30,33,5,12,11,19,1,1,0,0,3,3,0,1,0,1,4,1,2,70,1,2,2,1,0,0,1,1,0,0,11,21,11,22,11,43,0,0,0,0,1,3,0,300062,0,2009,786,SR-59,99999999999999999999,0000000,47.25003333,-106.8463972,1,1
30,87,5,13,7,0,1,4,0,0,3,3,0,1,0,1,4,1,2,70,2,1,2,2,0,0,1,2,0,0,7,29,7,37,8,2,0,0,0,0,2,4,0,300063,0,2009,450,SR-39,99999999999999999999,0000000,46.17421389,-106.8207556,1,2
30,7,5,13,23,14,1,2,0,1,1,1,0,1,0,1,1,2,2,75,2,2,1,1,0,0,2,6,0,0,23,14,23,29,0,28,0,0,0,0,1,4,0,300064,0,2009,2723,I-90 E,99999999999999999999,0000000,45.85158056,-111.3428722,1,6
30,43,5,19,0,9,1,1,0,1,1,1,0,1,0,1,3,2,2,75,1,1,2,1,0,0,2,1,0,0,0,16,0,28,88,88,0,0,0,0,1,3,0,300065,0,2009,1815,I-90 N,99999999999999999999,0000000,46.46083611,-111.9841694,1,1
30,89,5,22,19,0,1,2,0,0,3,3,0,38,0,1,5,1,2,70,1,1,2,1,0,0,1,1,0,0,19,8,19,13,19,41,0,0,0,0,1,6,0,300066,0,2009,814,SR-200,99999999999999999999,0000000,47.39741944,-114.8111639,1,1
30,47,5,23,13,45,1,1,0,1,2,2,3,1,0,1,4,1,2,70,2,2,2,1,0,0,1,1,0,0,13,55,13,59,88,88,0,0,0,0,1,7,1,300067,0,2009,6890,US-93 S,99999999999999999999,0000000,47.78750278,-114.239725,1,1
30,29,5,23,21,30,1,2,0,0,4,3,0,1,0,1,4,1,2,60,2,1,2,1,0,0,5,1,0,0,21,35,21,37,88,88,0,0,0,0,2,7,1,300068,0,2009,10,SR-209,99999999999999999999,0000000,47.98748056,-114.2011861,1,1
30,61,5,23,21,48,1,2,0,1,1,1,0,11,0,1,1,3,2,75,1,2,1,1,0,0,2,1,0,0,21,53,22,34,23,32,0,0,0,0,1,7,1,300069,0,2009,36,I-90 W,99999999999999999999,0000000,47.43113611,-115.6439361,1,1
30,47,5,12,1,10,1,1,0,0,4,3,3,1,0,1,4,1,2,65,1,1,2,1,0,0,2,1,0,0,1,16,1,27,2,8,0,0,0,0,1,3,1,300070,0,2009,79,SR-212,99999999999999999999,0000000,47.385,-114.2085028,1,1
30,77,6,3,16,45,1,3,0,1,2,3,0,1,0,1,4,1,2,70,2,1,2,1,0,0,1,1,0,0,16,50,17,15,17,56,0,0,0,0,1,4,0,300071,0,2009,567,SR-200,99999999999999999999,0000000,46.94249722,-112.9292167,1,1
30,29,6,3,23,22,1,1,0,0,6,4,0,1,0,1,4,1,2,35,2,2,5,1,0,0,2,1,0,0,23,27,23,38,88,88,0,0,0,0,1,4,0,300072,0,2009,0,LABRANT ROAD,99999999999999999999,0000000,48.14750278,-114.0587167,1,1
30,111,6,4,13,44,2,4,0,0,4,4,0,12,2,1,1,1,2,60,1,4,2,1,0,0,1,1,0,0,13,45,13,54,14,44,0,0,0,0,1,5,0,300073,0,2009,0,12 MILE ROAD,99999999999999999999,0000000,45.96915556,-108.3844222,2,1
30,35,6,8,17,5,2,4,2,0,3,2,3,14,4,1,2,1,2,70,2,2,2,3,0,0,1,3,0,0,17,11,17,56,18,27,0,15,0,0,1,2,0,300074,0,2009,338,US-89,99999999999999999999,0000000,48.77777222,-113.4125306,2,3
30,53,6,11,17,47,2,3,0,1,2,2,0,12,6,2,1,1,2,60,1,1,2,1,20,3,1,1,0,0,17,48,17,52,18,16,0,0,0,0,1,5,1,300075,0,2009,169,US-2,SR-56,0000000,48.43756389,-115.8528139,2,1
30,47,6,13,23,59,1,1,0,0,6,8,0,1,0,1,4,1,2,0,2,1,5,1,0,0,2,1,0,0,88,88,88,88,88,88,0,0,0,0,1,7,1,300076,0,2009,2,BOND CREEK LANE,99999999999999999999,0000000,47.92088611,-113.8350972,1,1
30,111,6,4,17,42,2,2,0,1,13,2,0,12,3,2,1,2,2,35,1,1,2,1,3,3,1,1,0,0,17,43,17,47,88,88,0,0,0,0,1,5,0,300077,100,2009,0,US-87/MAIN STREET,HILLTOP DRIVE,0000000,45.81291944,-108.4711944,2,1
30,111,6,10,16,44,2,4,0,0,13,6,0,12,5,2,1,1,2,35,1,1,2,1,3,3,1,1,0,0,16,45,16,48,17,8,0,0,0,0,1,4,0,300078,100,2009,0,BROADWATER AVENUE,5TH ST W,0000000,45.77713056,-108.5281,2,1
30,111,6,13,23,26,2,2,0,0,16,6,0,12,3,2,1,1,2,25,1,1,2,1,20,3,2,1,0,0,23,26,23,29,23,56,0,0,0,0,1,7,1,300079,100,2009,0,3RD AVENUE N,N 16TH,0000000,45.79092778,-108.4927583,2,1
30,3,6,17,22,15,1,2,0,0,4,3,3,11,0,1,4,1,2,65,1,2,2,1,0,0,2,1,0,0,2,42,2,50,3,22,0,0,0,0,1,4,1,300080,0,2009,38,SR-384,99999999999999999999,0000000,45.74988889,-107.5208556,1,1
30,29,6,22,10,50,3,3,0,1,2,2,0,12,4,9,1,5,3,45,2,2,1,1,0,0,1,1,0,0,10,53,10,57,99,99,0,0,0,0,1,2,0,300081,0,2009,1023,US-93,99999999999999999999,0000000,48.07641667,-114.2449806,3,1
30,39,6,14,12,26,1,1,0,1,1,1,0,24,0,1,3,2,2,75,1,2,2,1,0,0,1,1,0,0,12,50,13,0,13,20,0,0,0,0,1,1,0,300082,0,2009,1550,I-90 E,99999999999999999999,0000000,46.64809444,-113.1184861,1,1
30,87,6,22,15,21,1,1,0,0,5,4,0,42,0,1,4,1,2,70,2,1,2,1,0,0,1,1,0,0,17,20,17,23,88,88,0,0,0,0,1,2,1,300083,0,2009,246,HIGHWAY 10,99999999999999999999,0000000,46.25362222,-106.7189167,1,1
30,49,6,24,1,35,1,1,0,1,2,3,0,1,0,2,1,1,2,65,1,1,2,1,0,0,2,1,0,0,1,39,1,59,88,88,0,0,0,0,1,4,1,300084,0,2009,711,SR-200,1ST AVENUE N,0000000,46.9551,-112.6896611,1,1
30,29,6,12,0,36,1,2,0,0,6,4,0,24,0,1,4,1,2,25,1,1,2,1,99,9,2,1,0,0,0,36,0,45,1,0,0,0,0,0,1,6,0,300085,0,2009,0,SILVERBROOK,99999999999999999999,0000000,48.28399167,-114.4317056,1,1
30,43,6,24,21,0,2,3,0,1,2,2,0,12,2,2,1,1,2,70,1,1,2,1,4,3,1,1,0,0,21,6,21,7,21,20,0,0,0,0,2,4,1,300086,0,2009,557,US-12,SR-284,0000000,46.56309444,-111.794,2,1
30,63,6,26,22,30,1,2,1,0,3,3,0,9,0,1,1,1,2,55,1,1,2,1,0,0,2,1,0,0,16,59,17,2,88,88,0,0,0,0,1,6,1,300087,0,2009,160,SR-83,99999999999999999999,0000000,47.19168056,-113.4938972,1,1
30,47,6,29,18,21,2,2,0,1,2,2,3,12,2,1,1,2,2,70,2,1,2,1,0,0,1,1,0,0,18,23,18,32,19,42,0,0,0,0,1,2,1,300088,0,2009,246,US-93,99999999999999999999,0000000,47.24360833,-114.1679472,2,1
30,49,6,29,21,35,2,4,0,1,2,2,0,12,5,2,1,1,2,55,1,2,2,1,20,3,2,1,0,1,21,38,21,48,22,14,0,0,0,0,1,2,0,300089,0,2009,0,US-12,LAKE HELENA DRIVE,0000000,46.58706389,-111.8924639,2,1
30,15,6,12,1,13,1,2,0,0,4,3,0,34,0,1,4,1,2,45,2,1,2,1,0,0,2,1,0,0,1,14,1,18,1,52,0,0,0,0,1,6,1,300090,0,2009,1,SR-386,99999999999999999999,0000000,47.81583333,-110.7044639,1,1
30,3,7,3,3,29,1,6,1,1,2,2,3,8,0,1,1,1,2,65,1,1,2,1,0,0,2,1,0,0,99,99,3,29,4,2,0,0,0,0,1,6,0,300091,0,2009,243,US-212,99999999999999999999,0000000,45.52865278,-106.9763917,1,1
30,87,7,3,11,0,2,4,0,0,5,8,3,12,5,2,1,1,2,45,1,1,2,1,20,3,1,1,0,0,11,13,11,34,12,19,0,0,0,0,1,6,0,300092,0,2009,0,BIA ROUTE 4,CEMETARY ROAD,0000000,45.41725,-106.4690639,2,1
30,63,7,5,16,30,1,2,0,0,6,8,0,42,0,1,4,1,2,0,2,2,5,1,0,0,1,1,0,0,17,15,17,46,18,45,0,0,0,0,1,1,0,300093,0,2009,3,SCHWARTZ CREEK ROAD,99999999999999999999,0000000,46.74140556,-113.8011278,1,1
30,87,7,5,17,28,1,1,0,0,3,3,0,24,0,1,5,1,2,70,2,1,2,1,0,0,1,1,0,0,17,32,17,49,88,88,0,0,0,0,1,1,0,300094,0,2009,442,SR-39,99999999999999999999,0000000,46.15028611,-106.7959083,1,1
30,31,7,6,16,20,1,4,0,0,3,3,0,1,0,1,4,1,2,60,1,1,2,1,0,0,1,6,0,0,16,20,16,40,17,23,0,0,0,0,1,2,0,300095,0,2009,235,SR-84,99999999999999999999,0000000,45.66414722,-111.2950139,1,6
30,13,7,1,0,43,2,3,1,0,14,6,0,8,0,1,1,1,2,45,1,1,1,1,0,0,2,1,0,0,0,48,0,54,88,88,0,0,0,0,1,4,1,300096,0,2009,0,FOX FARM ROAD,99999999999999999999,0000000,47.47087778,-111.3274889,2,1
30,111,7,8,12,25,2,3,0,0,3,4,0,12,5,1,1,1,2,65,1,1,2,1,0,0,1,1,0,0,12,37,12,50,13,12,0,0,0,0,1,4,0,300097,0,2009,0,SOUTH FRONTAGE ROAD,99999999999999999999,0000000,45.70468056,-108.6590778,2,1
30,9,7,8,16,37,1,1,0,0,4,3,0,1,0,1,5,1,2,70,1,1,2,1,0,0,1,1,0,0,16,37,16,55,88,88,0,0,0,0,1,4,0,300098,0,2009,98,SR-308,99999999999999999999,0000000,45.16140278,-109.0955889,1,1
30,13,7,8,21,30,1,1,0,0,4,3,0,53,0,8,4,1,2,65,2,1,5,1,0,0,2,1,0,0,21,47,21,58,88,88,0,0,0,0,1,4,1,300099,0,2009,134,SR-227,99999999999999999999,0000000,47.30635833,-111.1827139,1,1
30,81,7,16,0,40,1,2,0,0,4,3,0,1,0,1,1,1,2,60,2,1,2,1,0,0,2,1,0,0,0,41,0,56,1,7,0,0,0,0,1,5,1,300100,0,2009,63,SR-38,99999999999999999999,0000000,46.175,-114.04695,1,1
30,111,7,12,4,30,1,1,0,0,5,4,0,1,0,1,1,1,2,45,2,1,1,1,0,0,2,1,0,0,4,40,4,47,5,8,0,0,0,0,1,1,1,300101,0,2009,0,NORTH FRONTAGE ROAD,99999999999999999999,0000000,45.79727222,-108.46055,1,1
30,111,7,18,5,43,1,1,0,1,11,1,0,27,0,13,4,6,1,45,2,2,2,1,0,0,2,1,0,0,6,51,6,56,88,88,0,0,0,0,1,7,1,300102,100,2009,4470,I-90 WEST,99999999999999999999,0000000,45.75133889,-108.5376472,1,1
30,111,7,19,0,30,2,4,0,0,13,6,0,12,5,2,1,1,2,35,1,1,2,1,20,3,3,1,0,0,0,33,0,45,1,0,0,0,0,0,1,1,1,300103,100,2009,0,6TH AVENUE N,NORTH 15TH ST,0000000,45.79409167,-108.4940472,2,1
30,13,7,18,15,45,3,6,0,1,3,2,0,12,2,1,1,1,2,70,2,1,2,1,0,0,1,1,0,0,15,48,15,59,17,3,0,0,0,0,2,7,0,300104,0,2009,34,US-87 E,99999999999999999999,0000000,47.31311944,-110.8465472,3,1
30,111,7,21,16,3,2,3,0,0,13,6,0,12,5,2,1,2,4,35,1,1,2,1,0,0,1,1,0,0,16,3,16,9,99,99,0,0,0,0,1,3,0,300105,100,2009,0,BROADWATER AVENUE,GLEN DRIVE,0000000,45.77700556,-108.5628611,2,1
30,77,7,21,22,55,1,3,0,1,2,3,0,24,0,1,4,1,2,70,2,2,2,1,0,0,2,1,0,0,23,3,23,25,0,13,0,0,0,0,2,3,1,300106,0,2009,416,SR-200,99999999999999999999,0000000,47.043575,-113.2118806,1,1
30,89,7,23,13,2,2,2,0,0,3,3,0,12,2,1,1,2,2,0,1,1,2,1,0,0,1,1,0,0,13,2,13,18,13,40,0,0,0,0,1,5,0,300107,0,2009,735,SR-200,99999999999999999999,0000000,47.48754167,-114.9105972,2,1
30,97,7,23,23,0,1,2,0,0,4,3,0,1,0,1,4,1,2,60,2,2,2,1,0,0,2,1,0,0,23,15,23,33,0,15,0,0,0,0,1,5,1,300108,0,2009,175,SR-298,99999999999999999999,0000000,45.64863889,-110.1142917,1,1
30,111,7,25,4,40,1,2,0,0,4,3,0,38,0,1,4,1,2,65,2,1,2,1,0,0,2,1,0,0,4,44,5,4,5,49,0,0,0,0,1,7,1,300109,0,2009,60,SR-416,99999999999999999999,0000000,45.66891389,-108.4889167,1,1
30,63,7,4,0,50,1,2,0,1,1,1,0,33,0,14,2,3,2,75,2,2,2,1,0,0,3,1,0,0,0,52,1,4,1,22,0,0,0,0,1,7,1,300110,0,2009,960,I-90,99999999999999999999,0000000,46.94883889,-114.1270278,1,1
30,63,7,25,11,35,1,1,0,1,1,1,0,7,0,1,1,3,2,65,1,2,1,1,0,0,1,1,0,0,11,37,11,39,11,56,0,0,0,0,1,7,1,300111,830,2009,1057,I-90 E,99999999999999999999,0000000,46.87055,-113.98125,1,1
30,29,7,25,23,50,1,2,0,0,4,3,0,24,0,1,4,1,2,45,2,2,4,1,0,0,2,1,0,0,23,52,0,1,88,88,0,0,0,0,1,7,1,300112,0,2009,123,SR-486,99999999999999999999,0000000,48.51056389,-114.1395167,1,1
30,9,7,26,10,55,1,2,0,0,3,3,0,1,0,1,4,1,2,70,2,1,2,1,0,0,1,1,0,0,11,3,11,8,88,88,0,0,0,0,2,1,0,300113,0,2009,140,SR-72,99999999999999999999,0000000,45.19693333,-108.9833444,1,1
30,1,7,28,2,41,2,2,0,1,1,1,0,12,1,1,1,2,2,75,1,1,2,1,0,0,2,1,0,0,2,56,3,12,88,88,1,0,0,0,1,3,0,300114,0,2009,322,I-15,99999999999999999999,0000000,44.83055278,-112.78455,2,1
30,21,6,17,18,53,1,1,0,0,16,6,0,7,0,1,1,2,2,25,1,1,2,1,0,0,1,1,0,0,18,57,19,1,19,7,0,0,0,0,1,4,0,300115,500,2009,0,BARRY STREET,99999999999999999999,0000000,47.10119722,-104.71625,1,1
30,21,7,28,16,17,1,3,0,1,1,1,0,35,0,1,3,2,2,75,1,1,1,1,0,0,1,1,0,0,16,21,16,38,17,2,0,0,0,0,1,3,0,300116,0,2009,2301,I-94 E,99999999999999999999,0000000,47.05383889,-104.4161222,1,1
30,85,7,29,5,0,2,2,0,1,2,2,3,12,2,1,1,1,2,65,1,1,2,1,0,0,2,1,0,0,88,88,88,88,88,88,0,0,0,0,1,4,0,300117,0,2009,6251,US-2,99999999999999999999,0000000,48.14545833,-104.9285306,2,1
30,29,7,25,12,53,1,2,0,1,2,2,0,7,0,1,1,1,2,70,2,1,2,1,0,0,1,1,0,0,12,54,13,6,13,57,0,0,0,0,1,7,0,300118,0,2009,1600,US-2,99999999999999999999,0000000,48.48224444,-113.8489972,1,1
30,1,8,1,12,28,1,1,0,0,3,3,0,52,0,1,4,1,2,70,2,1,2,1,0,0,1,1,0,0,12,42,12,45,13,31,0,0,0,0,1,7,0,300119,0,2009,110,SR-41,99999999999999999999,0000000,45.34958056,-112.4984111,1,1
30,89,8,1,13,40,1,1,0,0,6,4,0,1,0,1,4,1,2,25,1,2,4,8,0,0,1,1,0,0,14,17,14,33,88,88,0,0,0,0,1,7,0,300120,0,2009,9,HUGH LILLIARD RD,99999999999999999999,0000000,48.04472778,-115.9094417,1,1
30,53,8,2,4,0,1,1,0,1,2,2,0,36,0,1,4,1,2,65,2,2,2,1,0,0,2,1,0,0,6,38,6,42,88,88,0,0,0,0,1,1,1,300121,0,2009,297,US-2,99999999999999999999,0000000,48.41110833,-115.6000139,1,1
30,5,8,2,9,25,1,1,0,0,6,4,0,1,0,1,4,2,2,70,2,2,2,1,0,0,1,1,0,0,9,27,9,37,88,88,0,0,0,0,1,1,1,300122,0,2009,0,BIA ROUTE 11,99999999999999999999,0000000,48.04445556,-108.5852972,1,1
30,23,8,1,21,35,1,1,0,1,1,1,0,1,0,1,3,2,2,75,1,1,2,2,0,0,2,1,0,0,21,39,21,55,22,24,0,0,0,0,1,7,1,300123,0,2009,2091,I-90 W,99999999999999999999,0000000,46.08529444,-112.7891861,1,1
30,41,7,27,14,35,1,2,1,1,2,2,0,8,0,2,1,1,4,25,1,1,1,1,3,3,1,1,0,0,14,35,14,37,14,44,0,0,0,0,1,2,0,300124,580,2009,0,US-2,7TH ST,0000000,48.553025,-109.6719833,1,1
30,85,8,9,15,15,1,1,0,1,2,2,0,7,0,1,1,1,2,70,1,1,2,1,0,0,1,1,0,0,15,17,15,27,15,39,0,0,0,0,1,1,0,300125,0,2009,5823,US-2,99999999999999999999,0000000,48.07223056,-105.8181667,1,1
30,111,8,8,3,26,1,5,0,0,14,6,0,37,0,1,4,1,2,25,2,2,2,1,0,0,2,1,0,0,6,39,6,45,7,10,0,0,0,0,1,7,1,300126,100,2009,99999,ZIMMERMAN TRAIL RD,99999999999999999999,0000000,45.80499444,-108.5974722,1,1
30,39,8,11,15,50,1,1,0,1,1,1,0,1,0,1,3,2,2,75,2,2,2,1,0,0,1,1,0,1,15,55,16,22,16,53,0,0,0,0,1,3,0,300127,0,2009,1366,I-90 W,99999999999999999999,0000000,46.70444444,-113.4605611,1,1
30,63,8,12,99,99,1,1,0,0,6,8,0,1,0,1,5,1,2,0,2,1,4,1,0,0,2,1,0,0,17,45,18,12,88,88,0,0,0,0,1,4,1,300128,0,2009,67,ALBERT CREEK LOOP RD,99999999999999999999,0000000,46.95806944,-114.3750139,1,1
30,105,8,14,18,33,1,2,0,0,3,3,0,34,0,1,4,1,2,70,2,1,2,1,0,0,1,1,0,0,18,35,18,44,19,0,0,0,0,0,2,6,1,300129,0,2009,719,SR-24,99999999999999999999,0000000,48.14888056,-106.5988833,1,1
30,1,8,15,13,45,1,1,0,0,4,4,0,34,0,1,4,1,2,60,2,1,2,1,0,0,1,1,0,0,13,48,13,59,88,88,0,0,0,0,1,7,0,300130,0,2009,25,OLD HIGHWAY 91,99999999999999999999,0000000,45.18196389,-112.6727833,1,1
30,71,8,16,9,30,1,2,0,1,2,2,0,1,0,1,4,1,2,70,2,1,2,1,0,0,1,1,0,0,9,34,9,49,10,17,0,0,0,0,1,1,0,300131,0,2009,58,US-191,99999999999999999999,0000000,48.43055278,-107.8280639,1,1
30,111,8,16,5,45,1,1,0,1,2,2,0,1,0,1,1,1,2,70,2,2,2,1,0,0,2,1,0,0,6,0,6,13,88,88,0,0,0,0,1,1,1,300132,0,2009,52,US-87,99999999999999999999,0000000,45.73967222,-108.3587111,1,1
30,23,8,17,15,50,2,2,0,1,1,1,0,12,2,1,1,2,2,75,1,1,2,1,0,0,1,1,0,0,15,51,16,6,16,26,0,0,0,0,1,2,0,300133,0,2009,2022,I-90 E,99999999999999999999,0000000,46.1728,-112.7869972,2,1
30,85,8,24,13,15,1,2,0,1,2,2,0,32,0,1,4,1,2,35,1,1,4,1,40,3,1,1,0,1,13,16,13,43,14,24,0,0,0,0,1,2,1,300134,0,2009,6645,US-2,99999999999999999999,0000000,48.14280833,-104.1033778,1,1
30,31,8,3,15,38,2,4,0,0,13,6,0,12,5,8,1,5,5,40,1,1,2,1,0,0,1,1,0,0,15,38,15,42,99,99,0,0,0,0,1,2,0,300135,130,2009,0,NORTH 19TH AVENUE,99999999999999999999,0000000,45.68128333,-111.0623583,2,1
30,85,8,26,22,44,1,4,0,0,6,4,0,1,0,1,4,1,2,65,1,3,4,1,0,0,2,1,0,0,22,50,23,13,0,17,0,0,0,0,1,4,1,300136,0,2009,99999,COUNTY ROAD 17,99999999999999999999,0000000,48.21360556,-105.6036333,1,1
30,49,8,28,5,14,1,3,0,0,3,3,0,38,0,1,5,1,2,60,2,1,2,1,0,0,2,1,0,0,5,17,5,40,6,0,0,0,0,0,1,6,1,300138,0,2009,6,SR-280,99999999999999999999,0000000,46.62530278,-111.9803806,1,1
30,53,8,8,19,30,1,1,0,0,6,4,0,5,0,1,1,1,2,35,2,2,2,1,0,0,1,1,0,0,19,50,20,1,99,99,0,0,0,0,1,7,0,300139,0,2009,5,MCGINNIS MEADOWS RD,99999999999999999999,0000000,48.04510833,-115.2773306,1,1
30,53,9,2,15,50,2,3,0,1,2,2,0,12,2,4,2,1,2,70,1,1,2,1,0,0,1,1,0,0,15,53,16,7,16,52,0,0,0,0,1,4,0,300140,0,2009,69,US-2,99999999999999999999,0000000,48.56221667,-115.9723778,2,1
30,13,9,4,20,40,1,1,0,0,6,4,0,37,0,1,4,1,2,55,2,2,2,1,0,0,2,1,0,0,88,88,88,88,88,88,0,0,0,0,1,6,1,300141,0,2009,0,MCIVER ROAD,99999999999999999999,0000000,47.5141,-111.4481028,1,1
30,67,9,5,4,30,1,1,0,0,9,8,0,1,0,1,5,1,2,35,2,2,5,1,0,0,2,1,0,0,7,54,8,17,88,88,0,0,0,0,1,7,1,300142,0,2009,0,JACKSON CREEK RD,99999999999999999999,0000000,45.71456944,-110.7844167,1,1
30,49,9,6,10,30,1,2,0,1,1,1,0,1,0,1,5,2,2,75,1,1,2,1,0,0,1,1,0,0,10,33,10,42,11,7,0,0,0,0,1,1,0,300143,0,2009,2005,I-15 N,99999999999999999999,0000000,46.708075,-112.0122139,1,1