STATE,COUNTY,MONTH,DAY,HOUR,MINUTE,VE_TOTAL,PERSONS,PEDS,NHS,ROAD_FNC,ROUTE,SP_JUR,HARM_EV,MAN_COLL,REL_JUNC,REL_ROAD,TRAF_FLO,NO_LANES,SP_LIMIT,ALIGNMNT,PROFILE,PAVE_TYP,SUR_COND,TRA_CONT,T_CONT_F,LGT_COND,WEATHER1,WEATHER2,WRK_ZONE,NOT_HOUR,NOT_MIN,ARR_HOUR,ARR_MIN,HOSP_HR,HOSP_MN,SCH_BUS,CF1,CF2,CF3,FATALS,DAY_WEEK,DRUNK_DR,ST_CASE,CITY,YEAR,MILEPT,TWAY_ID,TWAY_ID2,RAIL,LATITUDE,LONGITUD,VE_FORMS,WEATHER
30,35,9,7,3,30,1,4,0,0,3,3,3,1,0,1,1,1,2,65,1,1,2,1,0,0,2,1,0,0,3,34,3,42,4,28,0,0,0,0,1,2,1,300144,0,2009,38,SR-49,99999999999999999999,0000000,48.49084167,-113.2584222,1,1
30,35,9,7,10,35,1,2,0,0,4,3,3,1,0,1,4,1,2,60,2,2,2,1,0,0,1,6,0,0,10,48,11,2,11,36,0,0,0,0,1,2,0,300145,0,2009,149,SR-464,99999999999999999999,0000000,48.74444722,-113.1511333,1,6
30,1,9,6,1,56,1,1,0,1,1,1,0,1,0,1,3,2,2,75,2,2,2,1,0,0,2,1,0,0,1,59,2,20,2,53,0,0,0,0,1,1,1,300146,0,2009,798,I-15,99999999999999999999,0000000,45.44805833,-112.7066694,1,1
30,41,9,9,19,0,1,2,0,0,4,3,0,1,0,1,4,1,2,70,1,1,2,1,0,0,1,1,0,0,19,3,19,13,19,29,0,0,0,0,1,4,1,300147,0,2009,46,SR-232,99999999999999999999,0000000,48.59869167,-109.7180139,1,1
30,25,9,10,10,35,2,6,0,0,3,2,0,12,8,1,1,1,2,70,1,1,2,1,0,0,1,1,0,0,10,36,10,51,11,10,0,0,0,0,2,5,0,300148,0,2009,895,US-12,99999999999999999999,0000000,46.35365278,-104.1497472,2,1
30,53,9,10,10,40,1,2,0,1,2,2,0,11,0,1,1,1,2,70,1,1,2,1,0,0,1,1,0,0,10,43,10,48,11,18,0,0,0,0,1,5,0,300149,0,2009,374,US-2,99999999999999999999,0000000,48.32472778,-115.5205972,1,1
30,31,9,17,12,9,3,4,0,1,2,2,0,12,1,2,1,1,2,70,1,1,2,1,0,0,1,1,0,0,12,16,12,31,13,6,0,0,0,0,1,5,0,300150,0,2009,757,US-191,COTTONWOOD ROAD,0000000,45.58376944,-111.197025,3,1
30,111,9,16,21,35,1,3,1,0,13,6,0,8,0,1,1,1,4,35,1,1,2,1,0,0,2,1,0,0,21,38,21,40,21,59,0,0,0,0,1,4,0,300151,100,2009,0,GRAND AVENUE,99999999999999999999,0000000,45.784125,-108.56865,1,1
30,85,9,19,1,50,1,1,0,1,2,2,3,1,0,1,4,1,2,65,1,1,2,1,0,0,2,1,0,0,2,0,2,12,88,88,0,0,0,0,1,7,1,300152,0,2009,6081,US-2,99999999999999999999,0000000,48.12391944,-105.2791917,1,1
30,9,9,19,21,15,1,2,0,0,6,4,0,1,0,1,1,1,2,35,1,1,4,1,0,0,2,1,0,0,21,17,21,40,22,40,0,0,0,0,1,7,1,300153,0,2009,0,LESLIE ROAD,99999999999999999999,0000000,45.46169722,-108.8823222,1,1
30,93,9,20,14,20,1,1,0,0,3,3,0,37,0,1,5,1,2,70,2,2,2,1,0,0,1,1,0,0,14,24,14,34,88,88,0,0,0,0,1,1,0,300154,0,2009,768,SR-2,99999999999999999999,0000000,45.86335833,-112.4481167,1,1
30,77,9,25,17,48,1,1,0,0,3,3,0,37,0,4,4,1,2,70,2,1,2,1,0,0,1,1,0,0,88,88,88,88,88,88,0,0,0,0,1,6,0,300155,0,2009,65,SR-141,99999999999999999999,0000000,46.56520556,-112.6750083,1,1
30,23,9,25,19,6,2,3,0,1,1,1,0,12,1,1,1,2,2,75,1,1,2,1,0,0,1,1,0,0,19,9,19,21,99,99,0,0,0,0,1,6,1,300156,0,2009,2032,I-90 W,99999999999999999999,0000000,46.15782222,-112.7917611,2,1
30,111,9,28,13,15,2,3,0,0,13,7,0,12,2,2,1,1,2,65,1,1,2,1,0,0,1,1,0,0,13,15,13,27,13,54,0,0,0,0,1,2,0,300157,100,2009,0,SOUTH FRONTAGE ROAD,WISE LANE,0000000,45.72506667,-108.6177194,2,1
30,111,9,30,1,40,1,2,0,0,14,6,0,46,0,2,4,1,2,25,1,2,2,1,3,3,2,1,0,0,1,40,1,47,2,16,0,20,0,0,1,4,1,300158,100,2009,0,CONSTITUTION AVE,GOVERNORS BLVD,0000000,45.820475,-108.5058611,1,1
30,3,10,1,5,30,1,2,0,0,6,4,3,1,0,1,1,1,2,35,1,1,4,2,0,0,2,1,0,0,5,47,5,55,6,23,0,0,0,0,1,5,1,300159,0,2009,0,COUNTY RD 154,99999999999999999999,0000000,45.72397778,-107.6434861,1,1
30,111,10,3,16,10,1,1,0,0,4,3,0,37,0,1,5,1,2,65,2,1,2,1,0,0,1,1,0,0,16,10,16,18,17,1,0,0,0,0,1,7,0,300160,0,2009,0,SR-302,99999999999999999999,0000000,45.81659722,-108.6877444,1,1
30,29,10,4,13,15,2,3,0,1,2,2,0,12,2,1,1,1,2,70,1,1,2,1,0,0,1,1,0,0,13,34,13,50,14,50,0,0,0,0,1,1,1,300161,0,2009,1470,US-93,99999999999999999999,0000000,48.56751944,-114.5846694,2,1
30,31,10,4,20,40,2,3,0,0,3,2,0,12,2,3,1,1,4,55,1,1,2,3,0,0,2,2,4,0,20,46,20,53,22,2,0,0,0,0,1,1,0,300162,0,2009,0,US-191,COBB HILL RD,0000000,45.67095278,-111.1652694,2,4
30,49,10,5,13,57,2,4,0,1,2,2,0,12,5,2,1,1,2,55,1,1,2,1,0,0,1,1,0,0,14,0,14,5,14,35,0,0,0,0,1,2,0,300163,590,2009,0,US-12,LOLA ST,0000000,46.59150278,-111.9715361,2,1
30,49,9,22,17,6,1,2,1,1,13,2,0,8,0,8,4,4,3,45,1,1,2,1,0,0,1,1,0,0,17,6,17,9,17,26,0,0,0,0,1,3,0,300164,590,2009,0,US-12,99999999999999999999,0000000,46.591175,-112.0056861,1,1
30,61,9,16,21,30,1,1,0,0,4,6,0,30,0,1,4,1,2,25,2,2,2,1,0,0,2,1,0,0,21,35,21,40,88,88,0,0,0,0,1,4,1,300165,10,2009,0,ADAMS ST,99999999999999999999,0000000,47.00097778,-114.4716583,1,1
30,73,10,7,13,43,2,3,0,0,3,2,0,12,2,2,1,1,2,70,2,2,2,2,0,0,1,1,0,0,13,54,14,10,15,1,0,0,0,0,3,4,0,300166,0,2009,769,US-89,SEVEN MILE ROAD,0000000,48.21197778,-112.5081528,2,1
30,43,10,11,20,0,1,1,0,0,4,3,0,42,0,1,4,1,2,65,2,1,2,1,0,0,2,1,0,0,20,20,20,31,88,88,0,0,0,0,1,1,1,300167,0,2009,22,SR-518,99999999999999999999,0000000,46.55228056,-111.9103,1,1
30,9,10,14,6,49,2,3,0,1,2,2,0,12,2,1,1,1,2,70,1,1,2,1,0,0,2,1,0,0,6,55,7,16,88,88,0,0,0,0,3,4,0,300168,0,2009,460,US-310,99999999999999999999,0000000,45.57307778,-108.8354583,2,1
30,1,10,14,19,53,1,1,0,1,1,1,0,32,0,1,3,2,2,0,2,1,2,2,0,0,2,2,0,0,20,4,20,13,88,88,0,0,0,0,1,4,0,300169,0,2009,645,I-15,99999999999999999999,0000000,45.23508333,-112.6396028,1,2
30,29,10,14,21,56,1,3,1,0,3,3,0,8,0,1,1,5,2,45,1,1,2,2,0,0,2,2,0,0,21,57,22,0,22,19,0,0,0,0,1,4,0,300170,0,2009,507,SR-35,99999999999999999999,0000000,48.21838333,-114.2683694,1,2
30,111,10,17,12,44,1,1,0,1,1,1,0,1,0,1,4,2,2,75,2,1,2,1,0,0,1,1,0,0,12,50,13,6,13,50,0,0,0,0,1,7,0,300171,0,2009,4631,I-90 W,99999999999999999999,0000000,45.79366111,-108.2727556,1,1
30,63,10,21,15,13,3,4,0,0,4,3,0,12,1,1,1,1,2,55,1,1,2,1,0,0,1,1,0,0,15,20,15,28,15,43,0,0,0,0,1,4,0,300172,0,2009,56,SR-263,99999999999999999999,0000000,46.91075833,-114.1448583,3,1
30,93,10,27,18,25,1,1,0,1,1,1,0,1,0,1,4,2,2,75,1,2,2,4,0,0,2,1,0,0,18,30,18,39,19,1,0,0,0,0,1,3,0,300173,0,2009,219,I-90 E,99999999999999999999,0000000,46.00779722,-112.6355694,1,1
30,73,11,1,1,0,1,1,0,0,6,4,0,38,0,1,5,1,2,45,2,1,2,1,0,0,2,1,0,0,7,57,99,97,99,97,0,0,0,0,1,1,1,300174,0,2009,0,VALIER-DUPUYER RD,99999999999999999999,0000000,48.25554167,-112.4067028,1,1
30,111,11,2,20,25,2,2,0,0,4,4,0,12,1,8,1,1,2,60,1,1,2,1,0,0,2,1,0,0,20,44,20,55,88,88,0,0,0,0,1,2,1,300175,0,2009,48,HIGHWAY 312,99999999999999999999,0000000,45.85599444,-108.4470028,2,1
30,71,11,8,12,40,1,1,0,0,5,3,0,34,0,1,4,1,2,70,1,1,4,1,0,0,1,1,0,0,12,51,13,27,88,88,0,0,0,0,1,1,1,300177,0,2009,62,SR-243,99999999999999999999,0000000,48.54222222,-107.5188944,1,1
30,53,11,13,18,45,1,2,0,1,2,2,0,1,0,1,4,1,2,65,2,1,2,1,0,0,2,1,0,0,18,53,19,13,20,17,0,0,0,0,1,6,1,300178,0,2009,1584,US-93,99999999999999999999,0000000,48.67305278,-114.7688472,1,1
30,87,11,18,21,10,2,2,0,1,2,2,3,12,2,1,1,1,2,65,2,1,2,1,0,0,2,1,0,0,21,18,21,28,88,88,0,0,0,0,1,4,1,300179,0,2009,550,US-212,99999999999999999999,0000000,45.61928889,-106.4095778,2,1
30,43,11,22,13,25,2,3,0,1,1,1,0,12,2,1,1,2,2,75,1,2,2,3,0,0,1,1,0,0,13,36,13,52,14,31,0,0,0,0,1,1,0,300180,0,2009,2718,I-90,99999999999999999999,0000000,45.91979167,-111.6606111,2,1
30,111,11,30,21,20,1,3,0,0,6,4,0,24,0,1,5,2,2,35,2,3,2,1,0,0,2,1,0,0,21,26,21,43,22,8,0,0,0,0,1,2,1,300181,0,2009,0,JOHNSON LANE,99999999999999999999,0000000,45.79508889,-108.4138583,1,1
30,35,12,2,12,45,3,4,0,0,3,2,3,12,8,1,1,1,2,35,1,1,2,1,0,0,1,1,0,1,12,46,13,0,13,17,0,0,0,0,1,4,0,300182,0,2009,1082,US-89,99999999999999999999,0000000,48.51143611,-112.9213417,3,1
30,15,12,3,13,2,2,2,0,1,1,2,0,12,2,1,1,1,2,70,1,1,2,1,0,0,1,1,0,0,13,11,99,99,88,88,0,0,0,0,1,5,0,300183,0,2009,745,US-87,99999999999999999999,0000000,48.12917778,-110.1808556,2,1
30,57,12,3,15,50,2,2,0,0,3,3,0,12,2,1,1,1,2,70,2,1,2,1,0,0,1,1,0,0,15,55,16,12,17,5,0,0,0,0,1,5,1,300184,0,2009,176,SR-287,99999999999999999999,0000000,45.32300556,-111.9970333,2,1
30,29,12,4,18,22,2,3,0,1,2,2,0,12,2,1,1,1,2,60,1,1,2,4,0,0,2,1,0,0,18,25,18,25,19,2,0,0,0,0,1,6,0,300185,0,2009,1176,US-2,99999999999999999999,0000000,48.19346111,-114.3837278,2,1
30,93,12,5,8,34,1,3,0,1,1,1,0,24,0,1,5,3,2,75,1,3,2,4,0,0,1,1,0,0,8,38,8,56,9,21,0,0,0,0,2,7,0,300186,0,2009,2108,I-90,99999999999999999999,0000000,46.06465278,-112.7729,1,1
30,63,12,9,13,41,1,1,0,0,3,3,0,42,0,1,4,1,2,70,2,1,2,1,0,0,1,1,0,0,13,43,13,48,88,88,0,0,0,0,1,4,1,300187,0,2009,155,SR-83,99999999999999999999,0000000,47.18861944,-113.4890472,1,1
30,105,12,11,8,0,1,4,0,0,6,4,0,1,0,1,4,1,2,70,1,1,4,5,0,0,1,1,0,0,8,20,8,36,99,99,0,0,0,0,1,6,0,300188,0,2009,0,TAMPICO ROAD,99999999999999999999,0000000,48.344725,-106.889725,1,1
30,87,12,15,17,46,2,5,0,1,2,2,3,12,2,1,1,1,2,65,2,2,2,4,0,0,2,1,0,0,17,50,17,53,18,29,0,0,0,0,1,3,0,300189,0,2009,409,US-212,99999999999999999999,0000000,45.61763889,-106.68965,2,1
30,35,12,16,20,45,1,5,0,0,4,4,3,23,0,1,4,1,2,65,1,1,2,4,0,0,2,1,0,0,20,49,21,0,99,99,0,0,0,0,1,4,1,300190,0,2009,42,3 C BAR ROAD,99999999999999999999,0000000,48.66557222,-112.9423083,1,1
30,31,12,18,12,45,1,1,0,0,6,4,0,37,0,8,4,1,2,45,1,2,4,1,0,0,1,1,0,0,12,50,13,10,88,88,0,0,0,0,1,6,1,300191,0,2009,154,ROCKY MOUNTAIN RD,99999999999999999999,0000000,45.90414167,-111.0770667,1,1
30,87,12,18,20,42,2,3,0,1,2,2,3,12,5,2,1,1,2,55,2,1,2,4,20,3,2,1,0,0,88,88,88,88,88,88,0,0,0,0,2,6,1,300192,0,2009,609,US-212,BIRNEY ROAD,0000000,45.59095556,-106.2978194,2,1
30,61,12,17,7,53,1,2,0,1,1,1,0,24,0,1,4,3,2,65,2,1,2,4,0,0,1,1,0,0,7,53,8,33,9,37,0,0,0,0,1,5,0,300193,0,2009,301,I-90 E,99999999999999999999,0000000,47.29536111,-115.1638333,1,1
30,63,12,21,19,27,1,2,1,1,13,2,0,8,0,2,1,2,2,45,1,1,2,2,3,3,3,2,0,0,19,30,19,33,19,48,0,0,0,0,1,2,0,300194,830,2009,0,US-93,MILLER CREEK RD,0000000,46.83291389,-114.0501111,1,2
30,63,12,26,23,45,1,5,4,1,2,3,0,8,0,1,4,1,2,45,1,1,2,1,0,0,2,1,0,0,23,49,23,55,0,11,0,0,0,0,2,7,1,300195,0,2009,0,SR-200,99999999999999999999,0000000,46.86401111,-113.9555722,1,1
30,93,12,28,21,55,1,2,1,1,1,1,0,8,0,1,1,2,2,75,1,2,2,1,0,0,2,1,0,0,21,55,22,15,88,88,0,0,0,0,1,2,0,300196,0,2009,1130,I-15 N,99999999999999999999,0000000,45.89653889,-112.670525,1,1
30,63,12,28,19,8,1,2,1,1,2,2,0,8,0,1,1,1,2,65,1,3,2,1,0,0,2,1,0,0,19,12,19,21,19,40,0,0,0,0,1,2,0,300197,0,2009,27,US-93,99999999999999999999,0000000,46.98384167,-114.124175,1,1
30,49,12,28,19,53,1,1,0,0,4,3,0,23,0,1,5,1,2,65,2,2,2,1,0,0,2,1,0,0,19,56,20,12,88,88,0,0,0,0,1,2,1,300198,0,2009,65,SR-279,99999999999999999999,0000000,46.72497222,-112.1415361,1,1
30,43,12,31,9,45,1,1,0,0,3,3,2,1,0,1,5,1,2,70,1,1,2,1,0,0,1,1,0,0,88,88,88,88,88,88,0,0,0,0,1,5,0,300199,0,2009,294,SR-69,99999999999999999999,0000000,46.11123611,-111.9399111,1,1
30,5,12,31,10,37,1,5,0,1,2,2,0,23,0,1,4,1,2,70,1,1,2,4,0,0,1,4,0,0,10,40,10,48,11,9,0,0,0,0,1,5,0,300200,0,2009,4279,US-2,99999999999999999999,0000000,48.49005278,-108.7608111,1,4
30,29,12,31,17,33,2,2,0,0,13,2,0,12,2,8,1,1,2,35,1,1,2,2,0,0,2,1,0,0,17,33,17,37,17,56,0,0,0,0,1,5,0,300201,680,2009,0,US-2,99999999999999999999,0000000,48.19887778,-114.3362611,2,1
31,49,1,1,3,17,1,1,0,1,2,2,0,34,0,1,4,1,2,60,1,2,2,1,0,0,2,1,0,0,99,99,99,99,99,99,0,0,0,0,1,5,1,310001,0,2009,995,US-30,00000000000000000000,0000000,41.09177222,-102.2270972,1,1
31,109,1,1,0,8,1,2,1,1,12,2,0,8,0,1,1,1,4,40,1,1,1,1,0,0,3,1,0,0,0,11,0,14,0,30,0,0,0,0,1,5,0,310002,2830,2009,3127,US-6,00000000000000000000,0000000,40.81406944,-96.72423333,1,1
31,131,1,6,17,20,2,2,0,0,3,3,0,12,5,2,1,1,2,40,1,1,1,1,0,0,1,1,0,0,99,99,99,99,99,99,0,0,0,0,1,3,0,310003,4740,2009,527,SR-50,12TH ST,0000000,40.66394167,-96.17929444,2,1
31,39,1,8,17,47,2,3,0,1,2,2,0,12,4,1,1,1,2,60,1,1,2,1,0,0,2,1,0,0,88,88,88,88,88,88,0,0,0,0,1,5,0,310004,0,2009,1229,US-275,00000000000000000000,0000000,41.7498,-96.7099,2,1
31,55,1,10,23,33,1,2,0,0,13,6,0,30,0,1,4,1,4,40,1,1,1,2,0,0,3,1,0,0,23,33,23,37,0,6,0,0,0,0,2,7,1,310005,3620,2009,0,84TH ST,00000000000000000000,0000000,41.21604722,-96.04316667,1,1
31,35,1,13,13,35,2,2,0,0,3,2,0,12,5,2,1,1,2,60,1,1,2,1,20,3,1,1,0,0,88,88,88,88,88,88,0,0,0,0,1,3,0,310006,0,2009,2307,US-6,SR-14,0000000,40.58319167,-97.99736111,2,1
31,73,1,13,6,40,1,1,0,0,3,2,0,1,0,2,4,1,2,35,2,1,1,1,0,0,2,1,0,0,88,88,88,88,88,88,0,0,0,0,1,3,0,310007,1700,2009,416,US-283,BELAMY STREET,0000000,40.59120833,-99.86181667,1,1
31,13,1,13,18,30,3,3,0,1,2,2,0,12,1,1,1,1,2,65,1,1,2,1,0,0,2,1,0,0,18,41,18,47,99,99,0,0,0,0,1,3,0,310008,0,2009,1115,US-385,00000000000000000000,0000000,42.13285833,-102.9130556,3,1
31,157,1,18,0,59,1,2,0,0,4,4,0,1,0,1,4,1,2,50,1,1,4,1,0,0,2,1,0,0,99,99,99,99,99,99,0,0,0,0,2,1,1,310009,0,2009,0,COUNTY ROAD U,00000000000000000000,0000000,41.75799444,-103.4002306,1,1
31,25,1,19,99,99,1,2,0,0,6,4,0,42,0,1,4,1,2,45,2,1,4,1,0,0,2,1,0,0,88,88,88,88,88,88,0,0,0,0,2,2,0,310010,0,2009,0,6TH ST,00000000000000000000,0000000,41.01921944,-95.88631111,1,1
31,67,1,31,18,49,1,1,0,0,4,4,0,37,0,1,4,1,2,55,2,1,2,1,0,0,2,1,0,0,88,88,88,88,88,88,0,0,0,0,1,7,1,310011,0,2009,0,S 134 ROAD,00000000000000000000,0000000,40.4067,-96.53961111,1,1
31,25,2,1,1,5,1,3,0,1,2,2,0,27,0,5,4,6,1,55,1,1,1,1,0,0,2,1,0,0,99,99,99,99,99,99,0,0,0,0,1,1,1,310012,0,2009,751,US-75,WEBSTER BLVD,0000000,41.04077778,-95.91562222,1,1
31,141,2,1,7,45,1,2,0,0,6,4,0,37,0,1,4,1,2,50,1,2,4,1,0,0,1,1,0,0,7,52,8,0,8,55,0,0,0,0,1,1,0,310013,0,2009,0,295TH AVE,00000000000000000000,0000000,41.7188,-97.50469167,1,1
31,45,2,2,13,8,2,4,0,1,2,2,0,12,2,1,1,1,2,65,1,1,2,1,0,0,1,1,0,0,13,8,13,24,99,99,0,0,0,0,1,2,0,310014,0,2009,1419,US-385,00000000000000000000,0000000,42.46095278,-102.9700472,2,1
31,161,2,4,1,15,1,1,0,0,3,3,0,34,0,1,4,1,2,55,1,1,2,1,0,0,2,1,0,0,88,88,88,88,88,88,0,0,0,0,1,4,1,310015,0,2009,2292,SR-27,00000000000000000000,0000000,42.90413611,-102.2216028,1,1
31,79,2,8,17,30,1,2,1,0,6,6,0,8,0,1,1,1,2,50,1,1,4,1,0,0,1,1,0,0,17,43,17,50,18,13,0,0,0,0,1,1,0,310016,2090,2009,0,BLAINE STREET,00000000000000000000,0000000,40.900475,-98.36402778,1,1
31,19,2,13,17,18,1,1,0,1,1,1,0,1,0,1,3,2,4,75,1,1,2,2,0,0,1,1,0,0,99,99,99,99,99,99,0,0,0,0,1,6,0,310017,0,2009,2854,I-80,00000000000000000000,0000000,40.694175,-98.87832778,1,1
31,53,2,14,12,30,2,3,0,1,2,2,0,12,2,1,1,1,2,60,1,1,1,1,0,0,1,1,0,0,12,32,12,40,99,99,0,0,0,0,1,7,0,310018,0,2009,4233,US-30,00000000000000000000,0000000,41.45224722,-96.54991111,2,1
31,55,2,16,10,1,2,2,0,0,2,2,0,12,5,2,1,1,2,60,1,1,1,1,20,3,1,1,0,0,10,2,10,20,99,99,0,0,0,0,1,2,1,310019,0,2009,1686,US-275,WEST DODGE RD,0000000,41.26155,-96.29310556,2,1
31,35,2,20,21,45,1,1,0,0,6,4,0,34,0,1,4,1,2,50,1,1,4,1,0,0,2,6,0,0,22,40,22,56,88,88,0,0,0,0,1,6,1,310020,0,2009,0,CO RD 318,00000000000000000000,0000000,40.59710833,-97.84591111,1,6
31,27,2,24,99,99,1,1,0,0,6,4,0,42,0,1,4,1,2,50,1,2,5,5,0,0,9,1,0,0,88,88,88,88,88,88,0,0,0,0,1,3,0,310021,0,2009,0,895 ROAD,00000000000000000000,0000000,42.80144722,-97.31466389,1,1
31,153,2,26,16,48,1,1,0,0,16,6,0,42,0,1,4,1,2,35,1,2,1,1,0,0,1,1,0,0,16,49,16,52,88,88,0,0,0,0,1,5,1,310022,460,2009,0,LINCOLN RD,00000000000000000000,0000000,41.14560278,-95.90746944,1,1
31,33,2,27,0,43,2,2,0,1,2,2,0,12,1,3,1,1,2,65,1,1,2,1,20,3,2,1,0,0,0,44,0,57,88,88,0,0,0,0,1,6,1,310023,0,2009,393,US-385,00000000000000000000,0000000,41.22101944,-102.9729639,2,1
31,55,3,3,19,54,1,2,1,0,16,6,0,8,0,1,1,1,2,30,1,2,2,2,0,0,3,1,0,0,19,57,19,59,20,10,0,0,0,0,1,3,0,310024,3620,2009,0,4329 S 25TH STREET,00000000000000000000,0000000,41.21648333,-95.94864722,1,1
31,107,3,4,10,15,2,2,0,0,3,3,0,12,2,1,1,1,2,60,1,2,1,1,0,0,1,1,0,0,10,15,10,31,99,99,0,0,0,0,1,4,0,310025,0,2009,1773,SR-12,00000000000000000000,0000000,42.73188333,-97.72064167,2,1
31,19,3,8,0,25,1,1,0,0,4,4,0,1,0,2,4,1,2,55,1,3,2,2,0,0,2,3,0,0,0,28,0,36,1,4,0,0,0,0,1,1,0,310026,0,2009,0,56TH ST,53RD AVE,0000000,40.72878611,-99.150925,1,3
31,67,3,9,21,29,1,1,0,0,4,4,0,37,0,1,4,1,2,55,1,1,2,2,0,0,2,1,0,0,88,88,88,88,88,88,0,0,0,0,1,2,0,310027,0,2009,0,E HICKORY ROAD,00000000000000000000,0000000,40.32109167,-96.72346111,1,1
31,41,3,11,16,0,1,3,0,0,5,4,0,37,0,1,4,1,2,55,1,1,2,1,0,0,1,1,0,0,16,2,16,18,99,99,0,0,0,0,1,4,1,310028,0,2009,0,ROUND VALLEY ROAD,00000000000000000000,0000000,41.47643056,-99.62058889,1,1
31,55,3,13,22,18,1,2,0,0,16,6,0,33,0,1,4,1,2,25,1,2,1,1,0,0,3,1,0,0,22,20,22,23,0,0,0,0,0,0,2,6,1,310029,3620,2009,0,O STREET,00000000000000000000,0000000,41.20842778,-95.9412,1,1
31,15,3,17,11,45,1,1,0,0,6,4,0,38,0,1,4,1,2,50,1,2,4,1,0,0,1,1,0,0,88,88,88,88,88,88,0,0,0,0,1,3,0,310030,0,2009,0,467TH ROAD,00000000000000000000,0000000,42.988325,-99.15590278,1,1
31,119,3,21,1,20,2,4,1,0,16,6,0,8,0,1,1,1,2,35,1,1,2,1,0,0,3,1,0,0,88,88,88,88,88,88,0,0,0,0,1,7,0,310031,3480,2009,0,RIVERSIDE BLVD,00000000000000000000,0000000,42.04463889,-97.41508611,2,1
31,37,3,22,3,41,1,1,0,1,2,2,0,1,0,1,4,1,2,65,1,1,1,1,0,0,2,1,0,0,88,88,88,88,88,88,0,0,0,0,1,1,1,310032,0,2009,3866,US-30,00000000000000000000,0000000,41.43938056,-97.227975,1,1
31,25,3,23,2,44,1,1,0,1,2,2,0,32,0,1,4,1,2,60,1,2,2,2,0,0,2,1,0,0,88,88,88,88,88,88,0,0,0,0,1,2,1,310033,0,2009,3685,US-34,00000000000000000000,0000000,40.84498333,-95.91236111,1,1
31,137,3,23,10,0,1,1,0,0,6,4,0,34,0,1,4,1,2,50,1,1,4,1,0,0,1,1,0,0,88,88,88,88,88,88,0,0,0,0,1,2,0,310034,0,2009,0,L ROAD,00000000000000000000,0000000,40.51275556,-99.41871667,1,1
31,1,3,27,22,44,1,2,0,0,6,4,0,1,0,1,4,1,2,50,1,1,4,1,0,0,2,1,0,0,22,50,23,0,23,25,0,0,0,0,1,6,1,310035,0,2009,0,DLD RD,00000000000000000000,0000000,40.58257222,-98.50371944,1,1
31,159,3,28,20,58,1,3,0,0,3,2,0,24,0,1,4,1,2,60,1,2,2,1,0,0,2,1,0,0,21,2,21,9,21,29,0,0,0,0,1,7,1,310036,0,2009,3033,US-34,00000000000000000000,0000000,40.90183611,-97.02695833,1,1
31,55,3,30,19,8,2,2,0,0,3,3,0,12,2,1,1,1,2,60,1,1,1,1,0,0,5,1,0,0,18,58,19,5,88,88,0,0,0,0,2,2,1,310037,0,2009,196,SR-36,00000000000000000000,0000000,41.3647,-96.07715556,2,1
31,153,4,3,12,16,2,4,0,1,1,1,0,12,9,1,1,2,4,75,2,1,1,1,0,0,1,1,0,0,12,19,12,34,99,99,0,0,0,0,1,6,1,310038,0,2009,4356,I-80,00000000000000000000,0000000,41.11738333,-96.21654444,2,1
31,55,4,5,2,24,1,2,0,0,6,6,0,42,0,1,4,1,2,30,1,2,1,2,0,0,3,2,0,0,2,26,2,31,2,56,0,0,0,0,1,1,1,310039,3620,2009,0,36TH AVE,00000000000000000000,0000000,41.31688333,-95.96617778,1,2
31,109,4,6,5,55,1,2,1,0,14,6,0,9,0,2,1,1,2,35,1,1,1,1,20,3,3,1,0,0,5,56,5,59,6,14,0,0,0,0,1,2,0,310040,2830,2009,0,Q ST,23RD ST,0000000,40.81582222,-96.6881,1,1
31,109,4,6,14,33,3,5,0,1,13,3,0,12,5,2,1,1,6,45,1,2,1,1,2,3,1,1,0,0,14,38,14,42,15,1,0,0,0,0,1,2,0,310041,2830,2009,4622,SR-2,56TH ST,0000000,40.75623056,-96.64428333,3,1
31,93,4,8,15,19,2,2,0,1,2,2,0,12,5,2,1,1,2,40,1,1,1,1,20,3,1,1,0,0,15,19,15,24,15,30,0,0,0,0,1,4,0,310042,4280,2009,935,US-281,M STREET,0000000,41.21813056,-98.45149167,2,1
31,53,4,8,23,15,1,2,0,0,4,4,0,1,0,1,1,1,2,55,1,1,1,1,0,0,2,1,0,0,23,21,23,28,23,41,0,0,0,0,1,4,1,310043,0,2009,0,275A,00000000000000000000,0000000,41.40848889,-96.46493889,1,1
31,55,4,10,16,50,1,1,0,0,14,6,0,42,0,1,4,1,2,40,1,1,2,1,0,0,1,1,0,0,16,50,16,54,17,16,0,0,0,0,1,6,0,310044,3620,2009,0,MORMAN BRIDGE RD,00000000000000000000,0000000,41.33353056,-95.99128333,1,1
31,17,4,11,20,45,1,1,0,1,2,2,0,1,0,1,4,1,2,65,1,1,2,1,0,0,2,1,0,0,21,0,21,7,21,11,0,0,0,0,1,7,1,310045,0,2009,2399,US-20,00000000000000000000,0000000,42.55333333,-99.91069722,1,1