STATE,COUNTY,MONTH,DAY,HOUR,MINUTE,VE_TOTAL,PERSONS,PEDS,NHS,ROAD_FNC,ROUTE,SP_JUR,HARM_EV,MAN_COLL,REL_JUNC,REL_ROAD,TRAF_FLO,NO_LANES,SP_LIMIT,ALIGNMNT,PROFILE,PAVE_TYP,SUR_COND,TRA_CONT,T_CONT_F,LGT_COND,WEATHER1,WEATHER2,WRK_ZONE,NOT_HOUR,NOT_MIN,ARR_HOUR,ARR_MIN,HOSP_HR,HOSP_MN,SCH_BUS,CF1,CF2,CF3,FATALS,DAY_WEEK,DRUNK_DR,ST_CASE,CITY,YEAR,MILEPT,TWAY_ID,TWAY_ID2,RAIL,LATITUDE,LONGITUD,VE_FORMS,WEATHER
31,53,4,11,20,46,1,1,0,0,6,6,0,1,0,1,1,1,2,25,1,2,2,1,0,0,3,1,0,0,99,99,99,99,99,99,0,0,0,0,1,7,0,310046,3450,2009,0,CEDAR ST,00000000000000000000,0000000,41.53453889,-96.47115,1,1
31,55,3,9,12,40,2,3,0,0,2,3,0,12,5,2,1,1,2,55,2,1,2,1,20,3,1,1,0,0,12,41,12,51,99,99,0,0,0,0,1,2,0,310048,0,2009,4660,SR-92,SR-L28E,0000000,41.23393056,-96.29636667,2,1
31,33,4,23,11,29,4,4,0,1,1,1,0,13,4,1,1,2,4,75,1,1,1,1,0,0,1,1,0,0,11,29,11,36,12,3,0,0,0,0,1,5,0,310050,0,2009,605,I-80,00000000000000000000,0000000,41.11401944,-102.9123694,4,1
31,131,4,26,17,22,2,3,0,1,2,2,0,12,2,1,1,1,2,60,1,2,2,2,0,0,1,2,0,0,17,24,17,27,17,34,0,0,0,0,1,1,0,310051,0,2009,536,US-75,00000000000000000000,0000000,40.73438056,-95.91236111,2,2
31,157,4,27,22,2,1,4,0,0,4,4,0,34,0,1,4,1,2,55,1,1,2,1,0,0,2,1,0,0,22,2,22,10,22,44,0,0,0,0,1,2,0,310052,0,2009,0,S MITCHELL RD,00000000000000000000,0000000,41.90840833,-103.8149639,1,1
31,157,4,17,14,23,2,5,0,1,2,2,0,12,5,2,1,1,4,45,1,1,2,2,3,3,1,2,1,0,99,99,99,99,99,99,0,0,0,0,1,6,0,310053,0,2009,252,US-26,HIGHLAND ROAD,0000000,41.85971667,-103.6311139,2,2
31,157,4,27,18,21,4,7,0,0,14,6,0,12,1,3,1,1,2,30,1,1,2,1,3,3,1,1,0,0,18,21,18,29,18,47,0,0,0,0,1,2,0,310054,4340,2009,0,5TH AVE,00000000000000000000,0000000,41.86623611,-103.65605,4,1
31,111,5,2,0,42,5,3,0,0,14,6,0,12,5,1,1,1,4,40,1,1,2,1,0,0,3,1,0,0,0,42,0,59,1,14,0,0,0,0,1,7,2,310055,3520,2009,0,EAST 4TH ST.,00000000000000000000,0000000,41.13273889,-100.7343722,2,1
31,143,5,3,6,25,1,1,0,0,3,3,0,34,0,1,4,1,2,60,1,1,1,1,0,0,4,1,0,0,6,32,6,42,6,57,0,0,0,0,1,1,0,310056,0,2009,3942,SR-92,00000000000000000000,0000000,41.19286389,-97.458,1,1
31,141,5,3,14,59,2,4,0,1,13,2,0,12,5,2,1,1,4,45,1,1,1,1,3,3,1,1,0,0,14,59,15,9,15,22,0,0,0,0,1,1,0,310057,1100,2009,3818,US-30,EAST 6TH ST,0000000,41.43844722,-97.33380278,2,1
31,17,5,4,7,15,2,2,0,0,6,4,0,12,5,2,1,1,2,50,1,3,4,1,0,0,1,5,1,0,7,20,7,27,7,45,0,0,0,0,1,2,0,310058,0,2009,0,CO RD,CO RD,0000000,42.59365833,-99.89284444,2,5
31,79,5,6,7,51,1,2,1,0,16,6,0,8,0,1,1,1,4,35,1,1,1,2,40,3,1,1,0,0,7,53,7,55,8,4,0,0,0,0,1,4,0,310059,2090,2009,0,BROADWELL AVE,00000000000000000000,0000000,40.94191667,-98.35905,1,1
31,41,5,6,8,30,1,1,0,0,4,4,0,38,0,1,4,1,2,55,2,1,2,1,0,0,1,1,0,0,8,49,9,16,88,88,0,0,0,0,1,4,0,310060,0,2009,0,DUNNING ROAD,00000000000000000000,0000000,41.63084167,-100.1554861,1,1
31,41,5,8,18,0,2,4,0,1,2,3,0,12,2,1,1,1,2,45,2,1,1,1,0,0,1,6,1,0,18,1,18,25,18,45,0,0,0,0,1,6,1,310061,0,2009,2943,SR-2,00000000000000000000,0000000,41.29528333,-99.39073611,2,6
31,47,5,11,8,35,2,3,0,1,1,1,0,13,4,1,1,2,4,75,1,1,1,1,0,0,1,1,0,0,8,37,8,46,99,99,0,0,0,0,1,2,0,310062,0,2009,2439,I-80,00000000000000000000,0000000,40.70458611,-99.641875,2,1
31,17,5,11,16,24,3,4,0,1,2,2,0,12,1,1,1,1,2,65,1,1,2,1,50,3,1,1,0,4,16,25,16,33,16,51,0,0,0,0,1,2,0,310063,0,2009,2346,US-20,00000000000000000000,0000000,42.56193056,-100.02245,3,1
31,55,5,12,7,24,4,9,0,0,13,2,0,12,5,2,1,1,4,45,1,1,1,1,3,3,1,1,0,0,7,25,7,30,7,59,0,0,0,0,1,3,0,310064,3620,2009,1757,US-275,180TH ST.,0000000,41.23431667,-96.19646111,4,1
31,147,5,16,19,58,1,2,0,0,3,3,0,27,0,1,4,1,2,60,2,1,2,1,0,0,5,1,0,0,19,58,20,8,99,99,0,0,0,0,1,7,1,310065,0,2009,1434,SR-8,00000000000000000000,0000000,40.08168333,-95.71048611,1,1
31,29,5,17,20,10,1,2,0,0,4,4,0,37,0,1,4,1,2,55,1,2,2,1,0,0,5,1,0,0,88,88,88,88,88,88,0,0,0,0,1,1,1,310066,0,2009,0,OLD HWY 6,00000000000000000000,0000000,40.43126944,-101.3753139,1,1
31,153,5,18,19,14,1,1,0,0,4,4,0,42,0,1,4,1,2,55,1,1,1,1,0,0,1,1,0,0,88,88,88,88,88,88,0,0,0,0,1,2,1,310067,0,2009,0,PLATTEVIEW RD,00000000000000000000,0000000,41.08944444,-96.19285556,1,1
31,45,5,26,16,15,1,1,0,1,2,2,0,32,0,1,4,1,2,65,1,1,2,1,0,0,1,1,0,0,88,88,88,88,88,88,0,0,0,0,1,3,0,310068,0,2009,506,US-20,00000000000000000000,0000000,42.80195,-103.1513222,1,1
31,67,5,29,16,7,2,2,0,1,13,2,0,12,5,2,1,1,2,45,1,1,2,1,0,0,1,1,0,0,99,99,99,99,99,99,0,0,0,0,1,6,0,310069,390,2009,251,US-77,N COMMERCE RD,0000000,40.3064,-96.74685,2,1
31,173,5,30,99,99,1,3,0,0,3,2,3,34,0,1,4,1,2,65,2,1,2,1,0,0,9,1,0,0,99,99,99,99,99,99,0,0,0,0,1,7,1,310070,0,2009,1593,US-75,00000000000000000000,0000000,42.12929444,-96.37687778,1,1
31,55,5,31,22,50,2,3,0,0,13,6,0,12,5,2,1,1,6,25,1,2,1,1,20,3,3,1,0,0,22,50,22,51,23,6,0,0,0,0,1,1,1,310071,3620,2009,0,AMES AVE,41ST ST,0000000,41.29954167,-95.97476111,2,1
31,89,4,13,5,30,1,1,0,0,3,3,0,1,0,1,1,1,2,60,1,1,2,1,0,0,2,1,0,0,6,6,6,24,88,88,0,0,0,0,1,2,0,310072,0,2009,1284,SR-11,00000000000000000000,0000000,42.23766944,-98.96312778,1,1
31,41,5,30,12,45,2,6,0,1,2,3,0,12,2,1,1,1,2,65,1,1,1,1,0,0,1,1,0,0,99,99,13,1,13,13,0,0,0,0,3,7,0,310073,0,2009,2810,SR-2,00000000000000000000,0000000,41.40050556,-99.61509722,2,1
31,119,6,1,12,30,1,2,0,0,6,4,0,1,0,1,1,1,2,50,1,1,4,5,0,0,1,1,0,0,12,30,12,44,99,99,0,0,0,0,1,2,0,310074,0,2009,0,835TH RD,00000000000000000000,0000000,41.93191111,-97.49816944,1,1
31,55,6,4,6,8,2,3,0,0,14,6,0,12,4,1,1,1,2,35,2,1,2,1,0,0,4,1,0,0,6,11,6,14,6,47,0,0,0,0,1,5,1,310075,3620,2009,0,JOHN J PERSHING DR,00000000000000000000,0000000,41.33183889,-95.94583611,2,1
31,55,6,11,18,20,2,2,0,0,14,6,0,12,5,2,1,1,4,35,1,3,1,1,20,3,1,1,0,0,18,21,18,26,18,50,0,0,0,0,1,5,1,310076,3620,2009,0,96TH ST,JEFFERSON ST,0000000,41.19596389,-96.06196389,2,1
31,59,6,14,21,0,1,1,0,0,4,4,0,11,0,1,1,1,2,50,1,1,4,9,0,0,2,9,0,0,88,88,88,88,88,88,0,0,0,0,1,1,0,310077,0,2009,0,COUNTY ROAD 20,00000000000000000000,0000000,40.38813611,-97.46418056,1,9
31,55,6,14,17,55,2,2,0,1,13,2,0,12,5,2,1,1,4,35,1,2,2,1,3,3,1,1,0,0,17,56,18,0,18,15,0,0,0,0,1,1,2,310078,3620,2009,1885,US-275,33RD ST,0000000,41.21217222,-95.963,2,1
31,79,6,17,9,50,1,2,1,0,16,6,0,8,0,1,5,1,2,35,1,1,1,1,0,0,1,1,0,0,88,88,88,88,88,88,0,0,0,0,1,4,0,310079,2090,2009,0,3222 W FAIRDLEY AVE,00000000000000000000,0000000,40.92431111,-98.377825,1,1
31,19,6,18,7,31,2,2,0,0,3,2,0,12,4,1,1,1,2,60,1,1,2,1,0,0,1,1,0,0,7,32,7,40,88,88,0,0,0,0,1,5,1,310080,0,2009,2771,US-30,00000000000000000000,0000000,40.71057222,-99.01290833,2,1
31,25,6,20,0,16,1,6,0,0,3,3,0,31,0,2,4,1,2,35,1,2,2,1,0,0,3,1,0,0,99,99,99,99,99,99,0,0,0,0,2,7,1,310081,4470,2009,1050,SR-66,KANSAS ST,0000000,41.00140833,-96.249675,1,1
31,177,6,22,8,3,1,1,0,0,3,3,0,24,0,1,4,1,2,60,1,2,1,1,0,0,1,1,0,0,88,88,88,88,88,88,0,0,0,0,1,2,0,310082,0,2009,116,SR-133,00000000000000000000,0000000,41.42573889,-96.11869722,1,1
31,31,6,26,99,99,1,2,0,0,4,3,0,34,0,1,4,1,2,65,1,2,2,6,0,0,1,2,6,0,20,4,20,27,20,48,0,0,0,0,1,6,1,310084,0,2009,1292,SR-97,00000000000000000000,0000000,42.76768333,-100.7652278,1,2
31,79,7,3,20,15,1,2,0,0,4,4,0,1,0,1,4,1,2,55,1,1,2,1,0,0,1,1,0,0,99,99,99,99,20,24,0,0,0,0,1,6,1,310085,0,2009,0,LOCUST,00000000000000000000,0000000,40.79301944,-98.34136944,1,1
31,55,7,4,18,48,2,4,0,0,16,6,0,12,5,2,1,1,2,25,1,1,1,1,20,3,1,1,0,0,18,48,18,52,19,11,0,0,0,0,1,7,0,310086,3620,2009,0,Y STREET,37TH STREET,0000000,41.19819167,-95.96965278,2,1
31,47,7,4,22,10,2,5,0,0,3,3,0,12,5,2,1,1,2,50,1,1,2,1,20,3,2,1,0,0,22,18,22,25,99,99,0,0,0,0,1,7,1,310087,0,2009,312,SR-21,ROAD 759,0000000,40.83069722,-99.75036667,2,1
31,25,7,5,19,57,1,1,0,0,4,3,0,1,0,1,4,1,2,55,2,1,2,1,40,3,1,1,0,0,88,88,88,88,88,88,0,0,0,0,1,1,1,310088,0,2009,70,SR-1,00000000000000000000,0000000,40.91338333,-96.29156111,1,1
31,1,7,10,23,30,1,1,0,0,6,4,0,34,0,1,4,1,2,50,1,1,4,1,0,0,2,1,0,0,23,31,23,41,0,7,0,0,0,0,1,6,1,310089,0,2009,0,LIBERTY AVE,00000000000000000000,0000000,40.57608611,-98.51637778,1,1
31,13,7,10,22,30,1,4,0,1,2,2,0,1,0,1,4,1,2,65,1,1,2,1,0,0,2,1,0,0,23,0,23,8,23,29,0,0,0,0,1,6,0,310090,0,2009,1130,US-385,00000000000000000000,0000000,42.15220556,-102.927475,1,1
31,1,7,11,19,19,1,2,1,0,16,6,0,9,0,2,1,1,2,25,1,1,1,1,2,3,1,1,0,0,19,19,19,20,19,37,0,0,0,0,1,7,0,310091,2280,2009,0,W 1ST STREET,N HASTINGS AVE,0000000,40.58428333,-98.38997222,1,1
31,161,7,13,12,7,2,2,0,1,2,2,0,12,5,2,1,1,2,65,1,1,2,1,0,0,1,1,0,0,12,8,12,19,88,88,0,0,0,0,1,2,0,310092,0,2009,1084,US-20,750 LANE,0000000,42.80031389,-102.1246139,2,1
31,135,7,13,14,0,2,4,0,0,3,3,0,12,5,2,1,1,2,50,1,1,2,1,20,3,1,1,0,0,99,99,99,99,99,99,0,0,0,0,1,2,0,310093,0,2009,387,SR-23,RD 348,0000000,40.83731944,-101.3615806,2,1
31,1,7,17,99,99,2,2,0,0,6,4,0,12,5,2,1,1,2,50,1,1,4,1,0,0,1,1,0,0,18,45,19,1,19,26,0,0,0,0,1,6,0,310094,0,2009,0,SUNDOWN,PAWNEE,0000000,40.45217222,-98.29725278,2,1
31,137,7,18,16,23,1,3,0,0,6,4,0,1,0,1,4,1,2,50,1,1,4,1,0,0,1,1,0,0,99,99,99,99,99,99,0,0,0,0,1,7,0,310095,0,2009,0,18TH AVE,00000000000000000000,0000000,40.45243333,-99.41219444,1,1
31,35,7,21,19,30,2,5,0,0,6,4,0,12,5,2,1,1,2,50,1,1,4,1,0,0,1,1,0,0,99,99,99,99,99,99,0,0,0,0,1,3,0,310096,0,2009,0,ROAD 318,ROAD L,0000000,40.60456944,-98.091775,2,1
31,19,7,19,18,52,2,2,0,0,6,4,0,12,7,1,1,1,2,50,1,2,1,1,0,0,1,1,0,0,99,99,99,99,99,99,0,0,0,0,1,1,0,310097,0,2009,0,78TH STREET,00000000000000000000,0000000,40.75050833,-99.05805556,2,1
31,185,7,22,6,55,1,1,0,1,1,1,0,27,0,13,4,6,1,75,2,1,2,1,21,3,4,1,0,0,6,57,7,7,7,25,0,0,0,0,1,4,0,310098,0,2009,3425,I-80,00000000000000000000,0000000,40.82108333,-97.80715833,1,1
31,161,7,26,21,15,1,2,0,0,6,4,0,1,0,2,4,1,2,50,1,1,5,1,0,0,2,1,0,0,88,88,88,88,88,88,0,0,0,0,1,1,1,310099,0,2009,0,210TH LANE,660TH ROAD,0000000,42.84324722,-102.2428889,1,1
31,185,7,26,8,7,1,4,0,0,5,4,0,10,0,6,1,1,2,50,1,1,4,1,70,3,1,1,0,0,8,9,8,21,99,99,0,0,0,0,3,1,0,310100,0,2009,0,RD V,00000000000000000000,073146U,40.89431111,-97.40718889,1,1
31,13,7,26,3,0,1,1,0,1,2,2,0,1,0,1,4,1,2,65,1,2,2,1,0,0,2,1,0,0,88,88,88,88,88,88,0,0,0,0,1,1,1,310101,0,2009,1133,US-385,00000000000000000000,0000000,42.17383611,-102.9460139,1,1
31,159,7,26,16,27,2,4,0,0,13,3,0,12,3,2,1,1,2,35,1,2,2,1,0,0,1,1,0,0,16,27,16,32,16,40,0,0,0,0,1,1,0,310102,4370,2009,671,SR-15,HILLCREST DR,0000000,40.91605,-97.09911389,2,1
31,51,7,27,13,50,2,2,0,0,4,4,0,12,5,2,1,1,2,50,1,2,4,1,20,3,1,1,0,0,99,99,99,99,99,99,0,0,0,0,1,2,0,310103,0,2009,0,577 AVE,879 ROAD,0000000,42.56875833,-96.996575,2,1
31,185,7,30,15,22,2,2,0,0,6,6,0,12,2,2,1,1,2,35,1,2,1,1,0,0,1,1,0,0,15,19,15,22,15,40,0,0,0,0,1,5,1,310104,5360,2009,0,N DIVISION AVE,W 18TH ST,0000000,40.87799167,-97.59760278,2,1
31,175,7,30,18,40,1,1,0,0,6,4,0,1,0,1,1,1,2,50,2,2,4,1,0,0,1,1,0,0,88,88,88,88,88,88,0,0,0,0,1,5,0,310105,0,2009,0,804TH RD,00000000000000000000,0000000,41.4453,-99.12551944,1,1
31,31,8,1,20,50,1,2,0,1,2,2,0,1,0,1,4,1,2,65,1,1,2,1,0,0,5,1,0,0,20,53,21,33,22,30,0,0,0,0,1,7,0,310106,0,2009,1690,US-83,00000000000000000000,0000000,42.29229444,-100.5369194,1,1
31,173,8,1,3,17,1,1,0,0,5,4,3,34,0,3,4,1,2,35,1,1,2,1,20,3,2,1,0,0,99,99,99,99,99,99,0,0,0,0,1,7,1,310107,0,2009,0,31 ROAD,D AVE,0000000,42.23690556,-96.45566944,1,1
31,177,8,2,99,99,1,1,0,0,6,4,0,1,0,1,4,1,2,50,2,1,2,1,0,0,1,1,0,0,99,99,99,99,99,99,0,0,0,0,1,1,0,310108,0,2009,0,LAKOTA LANE,00000000000000000000,0000000,41.427025,-96.03981944,1,1
31,123,8,2,18,0,1,3,0,0,6,4,0,1,0,1,4,1,2,50,1,2,2,1,0,0,1,1,0,0,99,99,99,99,99,99,0,0,0,0,1,1,1,310109,0,2009,0,CO RD 121,00000000000000000000,0000000,41.62031944,-102.8879917,1,1
31,29,8,3,23,0,1,3,0,0,6,4,0,37,0,1,4,1,2,50,1,1,5,1,0,0,2,1,0,0,23,16,23,34,23,58,0,0,0,0,1,2,1,310110,0,2009,0,733 RD,00000000000000000000,0000000,40.45191111,-101.6067111,1,1
31,109,8,5,8,18,2,4,0,0,4,3,0,12,5,2,1,1,2,55,1,1,2,2,20,3,1,1,0,0,99,99,99,99,99,99,0,0,0,0,1,4,0,310111,0,2009,20,SR-S55A,W VAN DORN ST,0000000,40.78548056,-96.83624167,2,1
31,35,8,6,18,25,1,2,0,0,5,4,0,34,0,1,4,1,2,50,1,1,4,1,0,0,1,1,0,0,99,99,99,99,99,99,0,0,0,0,1,5,0,310112,0,2009,0,CO RD N,00000000000000000000,0000000,40.63883611,-98.05229167,1,1
31,153,8,6,22,44,2,5,0,0,13,6,0,12,5,2,1,1,4,45,1,1,1,1,20,3,3,1,0,0,22,46,22,49,99,99,0,0,0,0,1,5,1,310113,3800,2009,0,CORNHUSKER RD,OAKWOOD DR,0000000,41.16166111,-96.01750278,2,1
31,55,8,7,5,0,2,3,0,0,13,6,0,12,5,2,1,1,4,40,1,1,2,2,20,3,3,2,1,0,5,1,5,4,5,35,0,0,0,0,1,6,1,310114,3620,2009,0,72ND ST,J ST,0000000,41.21514444,-96.02402778,2,2
31,19,8,7,21,42,2,3,0,0,6,4,0,12,5,2,1,1,2,50,1,1,4,5,20,3,2,1,0,0,21,46,21,53,99,99,0,0,0,0,1,6,1,310115,0,2009,0,92ND ST,AVE N,0000000,40.76546111,-99.06543611,2,1
31,19,8,13,12,45,2,3,0,1,1,1,0,13,4,1,1,2,4,75,1,1,1,1,0,0,1,1,0,0,12,45,12,59,99,99,0,0,0,0,2,5,0,310116,0,2009,2816,I-80,00000000000000000000,0000000,40.69001111,-98.94424444,2,1
31,41,8,14,0,1,2,3,0,1,2,3,0,12,1,1,1,1,2,65,1,1,1,1,0,0,2,1,0,0,0,8,0,14,88,88,0,0,0,0,1,6,1,310117,0,2009,2702,SR-2,00000000000000000000,0000000,41.47874722,-99.75998056,2,1
31,47,8,15,11,40,1,2,0,1,1,1,0,1,0,1,4,2,4,75,1,1,1,1,0,0,1,1,0,0,99,99,99,99,99,99,0,0,0,0,1,7,0,310118,0,2009,2240,I-80,00000000000000000000,0000000,40.83459444,-99.96631667,1,1
31,55,8,15,9,20,2,3,0,0,13,6,0,12,5,2,1,1,2,35,1,1,1,2,20,3,1,1,0,0,9,24,9,26,9,41,0,0,0,0,1,7,1,310119,3620,2009,0,42ND STREET,D STREET,0000000,41.22172778,-95.97613333,2,1
31,55,8,17,16,54,1,2,1,0,14,6,0,8,0,1,1,1,2,30,1,1,1,1,0,0,1,1,0,0,16,56,17,0,99,99,0,0,0,0,1,2,0,310120,3620,2009,0,FONTENELLE BLVD,00000000000000000000,0000000,41.31443333,-95.96776389,1,1
31,155,8,20,20,30,2,4,0,0,4,4,0,12,5,2,1,1,2,55,1,3,1,1,20,3,5,1,0,0,99,99,99,99,99,99,0,0,0,0,1,5,0,310121,0,2009,0,CO RD A,CO RD 14,0000000,41.06019722,-96.56398889,2,1
31,109,8,22,11,55,2,2,0,0,14,6,0,12,5,2,1,1,4,45,1,2,1,1,20,3,1,1,0,0,11,57,12,1,12,26,0,0,0,0,1,7,0,310122,2830,2009,0,PINE LAKE RD,S. 34TH ST.,0000000,40.74082778,-96.67157778,2,1
31,137,8,23,2,45,1,2,1,0,2,2,0,8,0,1,1,1,2,65,1,1,2,1,0,0,2,1,0,0,88,88,88,88,88,88,0,0,0,0,1,1,0,310123,0,2009,328,US-183,00000000000000000000,0000000,40.40290833,-99.37013611,1,1
31,29,8,23,20,40,1,2,0,0,6,4,0,1,0,1,4,1,2,50,1,1,4,1,0,0,5,1,0,0,99,99,99,99,99,99,0,0,0,0,1,1,1,310124,0,2009,0,AVE 331,00000000000000000000,0000000,40.56128611,-101.6681667,1,1
31,109,8,24,16,30,2,3,0,0,4,4,0,12,5,2,1,1,2,55,1,1,2,1,20,3,1,1,0,0,16,34,16,47,99,99,0,0,0,0,1,2,0,310125,0,2009,0,S. 148TH ST.,OLD CHENEY RD,0000000,40.75583889,-96.52210278,2,1
31,185,8,28,13,14,2,3,0,0,13,6,0,12,5,2,1,1,2,45,1,1,1,1,20,3,1,1,0,0,13,18,13,20,13,32,0,0,0,0,1,6,0,310126,5360,2009,0,W 25TH ST.,DIVISION AVE,0000000,40.88697778,-97.59781944,2,1
31,139,8,28,20,56,2,6,0,0,5,4,0,12,5,2,1,1,2,50,1,1,4,1,20,3,2,1,0,0,20,59,21,9,21,46,0,0,0,0,1,6,1,310127,0,2009,0,549 AVE,850 ROAD,0000000,42.14889722,-97.54365833,2,1
31,57,8,29,18,10,1,1,0,0,5,4,0,1,0,1,4,1,2,50,2,1,4,1,0,0,1,1,0,0,88,88,88,88,88,88,0,0,0,0,1,7,1,310128,0,2009,0,GREEN RD,00000000000000000000,0000000,40.33581389,-101.8739889,1,1
31,19,8,28,16,45,2,4,0,0,6,4,0,12,5,2,1,1,2,50,1,1,4,1,0,0,1,1,0,0,99,99,99,99,99,99,0,0,0,0,1,6,0,310129,0,2009,0,39TH RD,DUNBAR RD,0000000,40.71525833,-99.30370278,2,1
31,141,8,29,11,10,2,2,0,0,3,3,0,12,5,2,1,1,2,60,1,1,2,1,0,0,1,1,0,0,11,14,11,20,99,99,0,0,0,0,1,7,0,310130,0,2009,1485,SR-91,SR-71F,0000000,41.70060278,-97.58125278,2,1
31,35,8,30,11,25,1,6,0,0,6,4,0,32,0,1,4,1,2,50,1,1,4,1,0,0,1,1,0,0,99,99,99,99,99,99,0,0,0,0,2,1,1,310131,0,2009,0,RD 320,00000000000000000000,0000000,40.66931111,-98.27309167,1,1
31,55,9,1,0,15,2,3,0,0,4,6,0,12,5,2,1,1,4,40,1,2,1,1,3,3,3,1,0,0,99,99,99,99,99,99,0,0,0,0,1,3,1,310132,3620,2009,0,72ND STREET,BLONDO STREET,0000000,41.27783889,-96.02398333,2,1
31,111,9,3,22,50,1,3,0,1,2,2,0,34,0,1,4,1,2,65,1,1,2,1,0,0,2,1,0,0,99,99,99,99,99,99,0,0,0,0,1,5,1,310133,0,2009,761,US-83,00000000000000000000,0000000,41.05553889,-100.7569889,1,1
31,119,9,5,14,22,2,3,0,1,2,2,0,12,5,2,1,1,4,55,1,1,1,1,20,3,1,1,0,1,99,99,99,99,99,99,0,0,0,0,2,7,0,310134,0,2009,720,US-275,49TH STREET,0000000,42.03246389,-97.48580833,2,1
31,55,9,5,1,14,2,3,0,0,4,6,0,12,1,1,1,1,2,40,1,2,1,1,0,0,3,1,0,0,99,99,99,99,99,99,0,0,0,0,1,7,1,310135,3620,2009,0,Q STREET,00000000000000000000,0000000,41.20545833,-96.05423889,2,1
31,163,9,5,21,12,1,1,0,0,6,4,0,37,0,1,4,1,2,50,1,2,4,1,0,0,5,1,0,0,99,99,99,99,99,99,0,0,0,0,1,7,1,310136,0,2009,0,787 ROAD,00000000000000000000,0000000,41.23583333,-98.78013611,1,1
31,49,9,8,15,15,2,4,2,1,1,1,0,8,0,1,3,2,4,55,1,1,2,1,0,0,1,1,0,4,99,99,99,99,99,99,0,0,0,0,1,3,0,310137,0,2009,922,I-80,00000000000000000000,0000000,41.05061944,-102.3785028,2,1
31,25,7,9,15,19,2,2,0,1,2,2,0,12,5,2,1,1,2,55,1,1,1,1,3,3,1,1,0,0,99,99,99,99,99,99,0,0,0,0,1,5,0,310138,0,2009,729,US-75,OAK HILL ROAD,0000000,41.01326111,-95.90875556,2,1
31,25,7,30,13,48,2,2,0,0,6,4,0,12,5,2,1,1,2,45,1,1,1,1,20,3,1,1,0,0,99,99,99,99,99,99,0,0,0,0,1,5,0,310139,0,2009,0,ROCK BLUFF RD,12TH AVE,0000000,40.93283889,-95.89244722,2,1
31,141,9,8,14,19,2,2,0,1,13,2,0,12,5,2,1,1,4,35,1,1,2,1,3,3,1,1,0,0,99,99,99,99,99,99,0,0,0,0,1,3,0,310140,1100,2009,3975,US-30,30TH AVE,0000000,41.43873611,-97.36384444,2,1
31,121,9,8,10,55,2,3,0,0,6,4,0,12,5,2,1,1,2,50,1,1,4,1,0,0,1,1,0,0,99,99,99,99,99,99,0,0,0,0,1,3,0,310141,0,2009,0,3RD ROAD,A ROAD,0000000,40.93089444,-98.24523889,2,1
31,55,9,11,18,28,4,8,0,0,2,2,0,12,2,1,1,1,2,55,1,3,1,1,0,0,1,1,0,0,99,99,99,99,99,99,0,0,0,0,1,6,0,310142,0,2009,1728,US-275,00000000000000000000,0000000,41.23399444,-96.25336667,4,1
31,111,9,16,8,0,1,1,0,0,3,2,0,1,0,2,4,1,2,65,1,1,2,1,20,3,1,5,0,0,99,99,99,99,99,99,0,0,0,0,1,4,0,310143,0,2009,1543,US-30,SARBEN ROAD,0000000,41.151775,-101.1909472,1,5
31,183,9,16,11,35,2,2,0,0,3,3,0,12,4,1,1,1,2,60,2,1,2,1,0,0,1,1,0,0,99,99,99,99,99,99,0,0,0,0,1,4,0,310144,0,2009,1467,SR-70,00000000000000000000,0000000,41.78481667,-98.66203333,2,1
31,109,9,18,22,19,1,1,0,0,6,6,0,19,0,1,5,4,1,15,2,1,3,1,0,0,3,1,0,0,88,88,88,88,88,88,0,0,0,0,1,6,0,310145,2830,2009,0,3605 FAIR ST,00000000000000000000,0000000,40.83163889,-96.66859444,1,1
31,141,9,18,13,44,1,1,0,0,6,4,0,1,0,1,4,1,2,55,1,1,4,1,0,0,1,1,0,0,88,88,88,88,88,88,0,0,0,0,1,6,0,310146,0,2009,0,295TH ST,00000000000000000000,0000000,41.52837222,-97.65129167,1,1
31,35,9,18,17,23,2,3,0,0,6,4,0,12,5,2,1,1,2,50,1,1,4,1,20,3,1,1,0,0,99,99,99,99,99,99,0,0,0,0,1,6,0,310147,0,2009,0,ROAD 319,ROAD J,0000000,40.61160556,-98.12850833,2,1
31,31,9,18,14,10,2,4,0,1,2,2,0,12,4,1,2,1,2,65,1,1,2,1,0,0,1,1,0,0,99,99,99,99,99,99,0,0,0,0,2,6,0,310148,0,2009,1776,US-20,00000000000000000000,0000000,42.92375,-100.90805,2,1
31,109,9,19,0,49,2,2,0,0,6,6,0,42,0,1,4,1,2,25,1,1,2,1,0,0,3,1,0,0,99,99,99,99,99,99,0,0,0,0,1,7,1,310149,1370,2009,0,CEDAR ST,00000000000000000000,0000000,40.98571389,-96.66792778,1,1
31,171,9,20,2,0,1,1,0,1,2,2,0,39,0,2,4,1,2,45,1,1,2,1,20,3,3,1,0,4,88,88,88,88,88,88,0,0,0,0,1,1,0,310150,0,2009,1481,US-83,SR-2,0000000,41.97908056,-100.5585472,1,1
31,173,9,25,1,45,1,2,1,1,2,2,0,9,0,1,1,1,2,55,1,1,2,1,0,0,2,1,0,0,88,88,88,88,88,88,0,0,0,0,1,6,0,310151,0,2009,1669,US-77,00000000000000000000,0000000,42.19520556,-96.47317778,1,1
31,11,9,26,15,30,1,1,0,0,4,3,0,34,0,1,4,1,2,60,2,1,2,1,0,0,1,1,0,0,99,99,99,99,99,99,0,0,0,0,1,7,1,310152,0,2009,236,SR-52,00000000000000000000,0000000,41.63186667,-98.25279167,1,1