STATE,COUNTY,MONTH,DAY,HOUR,MINUTE,VE_TOTAL,PERSONS,PEDS,NHS,ROAD_FNC,ROUTE,SP_JUR,HARM_EV,MAN_COLL,REL_JUNC,REL_ROAD,TRAF_FLO,NO_LANES,SP_LIMIT,ALIGNMNT,PROFILE,PAVE_TYP,SUR_COND,TRA_CONT,T_CONT_F,LGT_COND,WEATHER1,WEATHER2,WRK_ZONE,NOT_HOUR,NOT_MIN,ARR_HOUR,ARR_MIN,HOSP_HR,HOSP_MN,SCH_BUS,CF1,CF2,CF3,FATALS,DAY_WEEK,DRUNK_DR,ST_CASE,CITY,YEAR,MILEPT,TWAY_ID,TWAY_ID2,RAIL,LATITUDE,LONGITUD,VE_FORMS,WEATHER
31,159,9,27,16,55,1,2,0,0,4,4,0,38,0,1,4,1,2,50,1,1,4,1,0,0,1,1,0,0,99,99,99,99,99,99,0,0,0,0,1,1,1,310153,0,2009,0,140TH ST,00000000000000000000,0000000,40.95423333,-96.90971389,1,1
31,101,9,28,18,50,1,1,0,0,3,3,0,31,0,1,4,1,2,55,2,2,2,1,0,0,5,1,0,0,99,99,99,99,99,99,0,0,0,0,1,2,1,310154,0,2009,1379,SR-92,00000000000000000000,0000000,41.28631944,-101.7309944,1,1
31,155,9,30,6,45,2,2,0,0,4,4,0,12,5,2,1,1,2,50,1,1,1,1,20,3,2,1,0,0,99,99,99,99,99,99,0,0,0,0,1,4,0,310155,0,2009,0,YUTAN RD,CO RD L,0000000,41.21946944,-96.39781944,2,1
31,121,10,2,14,20,2,3,0,0,6,4,0,12,5,2,1,1,2,50,1,1,4,1,0,0,1,1,0,0,99,99,99,99,99,99,0,0,0,0,1,6,0,310156,0,2009,0,7TH ROAD,K ROAD,0000000,41.07572778,-98.17348611,2,1
31,31,10,3,4,30,1,1,0,1,2,2,0,31,0,1,4,1,2,65,2,1,2,9,0,0,2,9,0,0,88,88,88,88,88,88,0,0,0,0,1,7,1,310157,0,2009,1789,US-20,00000000000000000000,0000000,42.92023056,-100.8915722,1,9
31,133,10,7,12,14,2,5,0,0,4,3,0,12,4,1,1,1,2,50,2,2,2,1,0,0,1,1,0,0,99,99,99,99,99,99,0,0,0,0,1,4,0,310158,0,2009,145,SR-65,00000000000000000000,0000000,40.17638056,-96.10178889,2,1
31,19,10,7,16,55,2,2,0,1,2,2,0,12,2,1,1,1,2,65,1,1,2,1,0,0,1,1,0,0,99,99,99,99,99,99,0,0,0,0,2,4,0,310159,0,2009,462,US-183,00000000000000000000,0000000,40.66918056,-99.382325,2,1
31,55,10,8,12,33,2,2,0,1,11,1,0,12,3,1,1,2,4,60,1,1,1,1,0,0,1,1,0,0,88,88,88,88,88,88,0,0,0,0,1,5,0,310160,3620,2009,4501,I-80,00000000000000000000,0000000,41.22385833,-96.00728889,2,1
31,55,10,10,19,14,3,5,0,1,11,1,0,13,4,1,1,2,4,60,1,1,1,1,0,0,5,1,0,0,99,99,99,99,99,99,0,0,0,0,1,7,2,310161,3620,2009,62,I-680,00000000000000000000,0000000,41.30953333,-96.070975,3,1
31,89,10,10,12,0,1,1,0,0,4,3,0,42,0,1,4,1,2,60,1,1,2,1,0,0,1,1,0,0,99,99,99,99,99,99,0,0,0,0,1,7,0,310162,0,2009,141,SR-95,00000000000000000000,0000000,42.20544167,-98.71018333,1,1
31,27,10,10,2,50,1,1,0,0,4,4,0,1,0,1,4,1,2,50,2,1,4,1,0,0,2,1,0,0,99,99,99,99,99,99,0,0,0,0,1,7,0,310163,0,2009,0,898 RD,00000000000000000000,0000000,42.84501111,-97.31517778,1,1
31,55,10,13,4,5,1,2,0,0,4,4,0,31,0,1,4,1,2,55,1,1,2,1,0,0,2,1,0,0,99,99,99,99,99,99,0,0,0,0,1,3,1,310164,0,2009,0,N 264TH ST.,00000000000000000000,0000000,41.26141944,-96.33087222,1,1
31,65,10,15,12,18,1,1,0,1,2,2,0,24,0,1,2,1,2,65,1,1,1,1,0,0,1,1,0,0,99,99,99,99,88,88,0,0,0,0,1,5,0,310165,0,2009,1257,US-6,00000000000000000000,0000000,40.30636667,-99.910525,1,1
31,3,10,22,10,5,2,2,0,1,2,2,0,12,4,1,1,1,2,65,1,1,2,3,0,0,1,4,0,0,88,88,88,88,88,88,0,0,0,0,1,5,0,310166,0,2009,3466,US-20,00000000000000000000,0000000,42.34966389,-97.94551944,2,4
31,41,10,22,7,45,2,2,0,1,2,3,0,12,4,1,1,1,2,65,2,1,1,3,0,0,2,4,0,0,99,99,99,99,99,99,0,0,0,0,1,5,0,310167,0,2009,2824,SR-2,00000000000000000000,0000000,41.38485833,-99.59681389,2,4
31,111,10,25,99,99,1,1,0,0,3,2,0,31,0,1,4,1,2,65,1,1,2,1,0,0,2,1,0,0,88,88,88,88,88,88,0,0,0,0,1,1,1,310168,0,2009,1880,US-30,00000000000000000000,0000000,41.0974,-100.5889333,1,1
31,79,10,12,7,50,2,3,0,0,6,4,0,12,5,2,1,1,2,55,1,1,4,2,0,0,1,1,0,0,99,99,99,99,99,99,0,0,0,0,1,2,0,310169,0,2009,0,110TH ROAD,STOLLEY PARK RD,0000000,40.902875,-98.55113889,2,1
31,55,10,26,1,29,2,3,0,0,16,6,0,12,5,2,1,1,4,35,1,2,1,1,3,3,3,1,0,0,88,88,88,88,88,88,0,0,0,0,1,2,2,310170,3620,2009,0,Q STREET,42ND STREET,0000000,41.20591111,-95.97789167,2,1
31,47,10,26,19,30,1,1,0,0,6,4,0,1,0,1,4,1,2,50,1,1,4,1,0,0,2,1,0,0,88,88,88,88,88,88,0,0,0,0,1,2,1,310171,0,2009,0,WIGGINS CANYON RD,00000000000000000000,0000000,40.81679722,-100.2215778,1,1
31,101,11,2,15,20,1,1,0,0,3,2,0,1,0,1,4,1,2,65,1,1,2,1,0,0,1,1,0,0,88,88,88,88,88,88,0,0,0,0,1,2,1,310172,0,2009,1482,US-30,00000000000000000000,0000000,41.12701667,-101.2923139,1,1
31,185,11,2,19,28,3,5,0,1,2,2,0,12,2,1,1,1,4,65,1,1,2,1,0,0,2,1,0,0,99,99,99,99,99,99,0,0,0,0,1,2,1,310173,0,2009,559,US-81,00000000000000000000,0000000,40.78366111,-97.59876389,3,1
31,141,11,5,16,34,2,3,0,0,16,6,0,12,5,2,1,1,4,50,1,1,1,1,3,3,1,1,0,0,99,99,99,99,99,99,0,0,0,0,1,5,0,310174,1100,2009,0,LOST CREEK PARKWAY,WILDERNESS DR,0000000,41.45462778,-97.38521667,2,1
31,101,11,6,15,33,2,2,0,0,4,4,0,12,4,1,1,1,2,50,1,1,4,1,0,0,1,1,0,0,99,99,99,99,99,99,0,0,0,0,1,6,1,310175,0,2009,0,ROAD EAST 80,00000000000000000000,0000000,41.10600278,-101.6788111,2,1
31,79,11,7,5,4,1,4,0,0,4,4,0,37,0,1,4,1,2,55,1,1,2,1,0,0,2,1,0,0,99,99,99,99,99,99,0,0,0,0,1,7,1,310176,0,2009,0,ALDA ROAD,00000000000000000000,0000000,40.72176111,-98.49414722,1,1
31,81,11,8,0,5,3,5,0,1,1,1,0,11,0,1,1,2,4,75,1,1,2,1,0,0,2,1,0,0,88,88,88,88,88,88,0,0,0,0,2,1,0,310177,0,2009,3181,I-80,00000000000000000000,0000000,40.82212222,-98.24043333,3,1
31,107,11,12,14,0,2,2,0,0,3,3,0,12,5,2,1,1,2,60,1,1,1,1,20,3,1,1,0,0,99,99,99,99,99,99,0,0,0,0,1,5,0,310178,0,2009,1792,SR-14,SR-59,0000000,42.46753889,-98.03443889,2,1
31,55,11,13,17,29,2,2,0,0,2,3,0,12,4,1,1,1,2,60,1,1,1,1,0,0,5,1,0,0,99,99,99,99,99,99,0,0,0,0,1,6,1,310179,0,2009,4628,SR-92,00000000000000000000,0000000,41.23444444,-96.36606111,2,1
31,13,11,13,8,10,2,3,0,0,3,3,0,12,4,1,1,1,2,60,1,2,2,3,0,0,1,4,0,0,99,99,99,99,99,99,0,0,0,0,2,6,0,310180,0,2009,561,SR-2,00000000000000000000,0000000,42.18884722,-102.9652417,2,4
31,37,11,15,3,50,2,2,0,1,2,2,0,12,1,1,1,1,2,65,1,1,1,1,0,0,2,1,0,0,99,99,99,99,99,99,0,0,0,0,1,1,0,310181,0,2009,3926,US-30,00000000000000000000,0000000,41.45289167,-97.14918056,2,1
31,131,11,19,99,99,1,1,0,0,6,4,0,34,0,1,4,1,2,55,2,1,2,1,0,0,9,9,0,0,88,88,88,88,88,88,0,0,0,0,1,5,1,310182,0,2009,0,I ROAD,00000000000000000000,0000000,40.66813889,-96.24263889,1,9
31,109,11,19,5,56,1,1,0,0,14,6,0,10,0,6,1,1,2,35,1,1,1,1,60,3,3,1,0,0,88,88,88,88,88,88,0,0,0,0,1,5,1,310183,2830,2009,0,WEST A,00000000000000000000,064130Y,40.79919167,-96.72509167,1,1
31,169,11,19,7,57,3,3,0,1,2,2,0,12,5,2,1,1,4,65,1,1,1,1,20,3,1,5,0,0,99,99,99,99,99,99,0,0,0,0,1,5,0,310184,0,2009,230,US-81,SR-4,0000000,40.32272778,-97.57678889,3,5
31,51,11,21,13,25,2,5,0,0,3,3,0,12,4,1,1,1,2,60,2,2,2,1,0,0,1,1,0,0,99,99,99,99,99,99,0,0,0,0,1,7,0,310185,0,2009,2364,SR-12,00000000000000000000,0000000,42.53107222,-96.69685278,2,1
31,141,11,21,18,7,2,2,0,0,3,3,0,12,1,1,1,1,2,60,1,1,2,1,0,0,2,1,0,0,88,88,88,88,88,88,0,0,0,0,1,7,0,310186,0,2009,1518,SR-91,00000000000000000000,0000000,41.70034444,-97.4992,2,1
31,19,11,22,18,41,2,2,0,0,3,2,0,12,2,1,1,1,2,50,1,1,2,2,0,0,2,5,0,0,99,99,99,99,99,99,0,0,0,0,1,1,1,310187,0,2009,2866,US-30,00000000000000000000,0000000,40.7535,-98.83369444,2,5
31,35,11,23,13,38,2,2,0,0,6,4,0,12,5,2,1,1,2,50,1,1,4,1,0,0,1,1,0,0,99,99,99,99,99,99,0,0,0,0,1,2,1,310188,0,2009,0,RD W,RD 314,0000000,40.53963333,-97.88303333,2,1
31,65,11,28,14,14,1,1,0,0,6,4,0,34,0,2,4,1,2,50,1,1,4,1,0,0,1,1,0,0,88,88,88,88,88,88,0,0,0,0,1,7,0,310189,0,2009,0,ROAD 419,ROAD 726,0000000,40.35073056,-100.0003056,1,1
31,63,11,30,20,0,1,1,0,0,6,4,0,34,0,1,4,1,2,50,1,2,4,1,0,0,2,1,0,0,88,88,88,88,88,88,0,0,0,0,1,2,1,310190,0,2009,0,ROAD 727,00000000000000000000,0000000,40.36642778,-100.4480639,1,1
31,137,12,6,14,10,2,4,0,0,2,2,0,12,2,2,1,1,2,65,1,1,2,3,20,3,1,4,0,0,99,99,99,99,99,99,0,0,0,0,1,1,0,310191,0,2009,373,US-183,739 ROAD,0000000,40.53885278,-99.38095,2,4
31,109,12,9,16,27,2,2,0,0,4,4,0,12,2,1,1,1,2,55,1,2,2,3,0,0,1,4,0,0,99,99,99,99,99,99,0,0,0,0,1,4,0,310192,0,2009,0,S 68TH ST.,00000000000000000000,0000000,40.66514444,-96.63025,2,4
31,55,12,10,11,25,2,3,0,1,12,2,0,12,4,1,1,1,6,45,1,1,1,2,0,0,1,1,0,0,99,99,99,99,99,99,0,0,0,0,1,5,0,310193,3620,2009,3651,US-6,00000000000000000000,0000000,41.26348611,-96.07543889,2,1
31,155,12,14,17,55,4,4,0,1,2,2,0,12,4,1,1,1,2,60,1,1,2,4,0,0,2,1,0,0,99,99,99,99,99,99,0,0,0,0,1,2,0,310194,0,2009,966,US-77,00000000000000000000,0000000,41.23470278,-96.57274167,4,1
31,127,12,14,11,21,2,3,0,1,2,2,0,12,9,1,2,1,2,60,1,2,1,4,0,0,1,1,0,0,99,99,99,99,99,99,0,0,0,0,1,2,0,310195,0,2009,372,US-75,00000000000000000000,0000000,40.51614722,-95.85948889,2,1
31,111,12,18,5,38,1,1,0,1,1,1,0,1,0,1,4,2,4,75,1,1,1,4,0,0,2,1,0,0,88,88,88,88,88,88,0,0,0,0,1,6,0,310196,0,2009,1880,I-80,00000000000000000000,0000000,41.06175,-100.5626667,1,1
31,35,12,18,16,10,1,1,0,0,5,4,0,34,0,1,4,1,2,50,1,1,4,2,0,0,1,1,0,0,88,88,88,88,88,88,0,0,0,0,1,6,0,310197,0,2009,0,CO RD 304,00000000000000000000,0000000,40.39493333,-97.85076111,1,1
31,159,12,20,0,45,2,5,0,1,1,1,0,1,0,1,3,2,4,75,1,1,1,1,0,0,2,1,0,0,99,99,99,99,99,99,0,0,0,0,1,1,0,310198,0,2009,3885,I-80,00000000000000000000,0000000,40.82212222,-96.92928333,2,1
31,31,12,20,19,50,2,1,0,0,3,3,0,14,4,2,4,1,2,60,1,1,2,1,20,3,3,1,0,0,88,88,88,88,88,88,0,0,0,0,1,1,0,310199,0,2009,1359,SR-61,US-20,0000000,42.91972778,-101.7025,1,1
31,49,12,22,10,25,2,2,0,1,1,1,0,12,1,1,1,2,4,75,1,1,2,2,0,0,1,5,0,0,99,99,99,99,99,99,0,0,0,0,1,3,0,310200,0,2009,837,I-80,00000000000000000000,0000000,41.08776111,-102.5019278,2,5
31,101,12,22,6,55,2,2,0,1,1,1,0,13,4,1,1,2,4,75,1,1,2,4,0,0,4,3,0,0,99,99,99,99,99,99,0,0,0,0,1,3,0,310201,0,2009,1362,I-80,00000000000000000000,0000000,41.11466667,-101.5298083,2,3
31,47,12,23,3,55,1,2,0,1,1,1,0,1,0,1,3,2,4,75,1,1,1,4,0,0,2,3,0,0,99,99,99,99,99,99,0,0,0,0,1,4,0,310202,0,2009,2259,I-80,00000000000000000000,0000000,40.82238333,-99.93061111,1,3
31,79,12,23,19,5,2,5,0,1,1,1,0,13,4,1,1,2,4,75,1,1,2,4,0,0,2,4,0,0,99,99,99,99,99,99,0,0,0,0,1,4,0,310203,0,2009,3030,I-80,00000000000000000000,0000000,40.79041944,-98.52470278,2,4
31,185,12,23,18,20,3,4,0,1,1,1,0,13,4,1,1,2,4,75,1,1,2,2,0,0,2,3,0,0,99,99,99,99,99,99,0,0,0,0,2,4,0,310204,0,2009,3631,I-80,00000000000000000000,0000000,40.82264444,-97.407875,3,3
31,131,12,24,3,47,2,2,0,1,2,3,0,12,9,1,1,1,2,65,1,1,1,2,0,0,3,3,6,0,99,99,99,99,99,99,0,0,0,0,1,5,0,310205,0,2009,5023,SR-2,00000000000000000000,0000000,40.67491111,-95.92575,2,3
31,45,12,27,10,25,2,2,0,1,2,2,0,12,4,1,1,1,2,65,1,2,2,4,0,0,1,3,5,0,99,99,99,99,99,99,0,0,0,0,1,1,0,310206,0,2009,1503,US-385,00000000000000000000,0000000,42.56319444,-102.9748528,2,3
31,53,12,28,12,41,1,3,0,1,2,2,0,1,0,1,4,1,2,60,1,1,1,3,0,0,1,4,0,0,99,99,99,99,99,99,0,0,0,0,1,2,0,310207,0,2009,1330,US-77,00000000000000000000,0000000,41.71060556,-96.50321944,1,4
31,175,12,29,21,12,1,1,0,0,3,3,0,42,0,1,4,1,2,60,2,2,2,1,0,0,2,1,0,0,99,99,99,99,99,99,0,0,0,0,1,3,1,310208,0,2009,808,SR-11,00000000000000000000,0000000,41.66444722,-98.99025,1,1
33,1,1,3,18,26,1,1,0,0,6,5,0,42,0,1,4,1,2,30,1,1,2,3,0,0,2,1,0,0,18,26,18,38,18,56,0,0,0,0,1,7,1,330001,155,2009,0,UPPER CITY ROAD,99999999999999999999,0000000,43.35493056,-71.36081667,1,1
33,19,1,15,18,48,2,2,0,0,6,5,0,12,2,1,1,1,2,30,2,2,2,1,0,0,2,1,0,0,18,48,18,58,19,23,0,0,0,0,1,5,1,330002,40,2009,0,RIVER ROAD,99999999999999999999,0000000,43.30431944,-72.38797222,2,1
33,15,1,27,8,8,1,1,0,0,6,6,0,42,0,1,4,1,2,30,2,1,2,1,0,0,1,1,0,0,8,8,8,10,8,31,0,0,0,0,1,3,0,330003,448,2009,0,BUTLER ST,99999999999999999999,0000000,42.76419444,-71.19331111,1,1
33,15,1,17,23,11,1,3,0,0,6,6,0,42,0,1,4,1,2,35,2,1,2,1,0,0,2,1,0,0,23,11,23,16,23,34,0,0,0,0,1,7,1,330004,85,2009,0,PINGREE HILL RD,99999999999999999999,0000000,42.93374167,-71.30800833,1,1
33,13,1,10,19,50,2,3,0,0,6,5,0,12,5,2,1,1,2,50,1,1,2,1,0,0,3,1,0,0,19,50,19,53,20,19,0,0,0,0,1,7,0,330005,124,2009,0,DOVER RD,SR-107,0000000,43.22136944,-71.29186111,2,1
33,19,1,15,3,12,1,2,0,0,6,5,0,42,0,1,4,1,2,25,2,3,2,3,0,0,2,1,0,0,3,12,3,59,4,30,0,0,0,0,1,5,1,330006,479,2009,0,HARDING HILL RD,99999999999999999999,0000000,43.35251944,-72.10760556,1,1
33,9,2,10,17,40,1,5,1,1,1,1,0,8,0,1,2,3,2,65,2,2,2,4,0,0,2,2,0,0,17,40,17,55,18,21,0,0,0,0,1,3,0,330007,489,2009,932,I-93 N,99999999999999999999,0000000,43.97105278,-71.67454722,1,2
33,1,2,19,6,51,2,2,0,0,6,5,0,12,4,1,1,1,2,30,1,2,2,3,0,0,1,1,0,0,6,51,6,56,7,22,0,0,0,0,1,5,0,330008,260,2009,0,NORTH MAIN ST,99999999999999999999,0000000,43.54197778,-71.48043056,2,1
33,17,2,20,10,43,4,5,0,0,5,5,0,12,1,1,1,1,2,55,1,1,2,2,0,0,1,1,0,0,10,43,10,51,11,24,0,0,0,0,2,6,0,330009,440,2009,0,FARMINGTON RD,99999999999999999999,0000000,43.34189444,-71.01903611,4,1
33,13,2,21,14,25,2,3,0,0,6,6,0,12,5,2,1,1,2,35,1,1,2,1,0,0,1,1,0,0,14,25,14,28,14,59,0,0,0,0,1,7,0,330011,236,2009,0,HACKETT HILL RD,I-93 EXIT 20,0000000,43.08316667,-71.47274722,2,1
33,11,3,6,12,28,2,2,0,0,6,5,0,12,2,1,1,1,2,30,1,2,2,1,0,0,1,1,0,0,12,28,12,33,12,52,0,0,0,0,1,6,0,330012,340,2009,0,ELM ST,99999999999999999999,0000000,42.84102222,-71.67763611,2,1
33,11,3,8,16,42,1,1,0,1,1,1,0,1,0,13,4,6,1,30,1,2,2,1,0,0,1,1,0,0,16,42,16,55,88,88,0,0,0,0,1,1,0,330013,310,2009,0,I-293 NB,EXIT 5 RAMP,0000000,42.98056111,-71.47004167,1,1
33,13,3,21,14,15,1,3,0,1,1,1,0,1,0,1,4,2,2,65,1,1,2,1,0,0,1,1,0,0,14,19,14,25,14,57,0,0,0,0,1,7,0,330014,237,2009,136,I-89 S,99999999999999999999,0000000,43.24008611,-71.74575833,1,1
33,15,3,22,15,28,2,5,0,0,5,3,0,12,5,2,1,1,2,35,1,2,2,1,0,0,1,1,0,0,15,28,15,32,15,55,0,0,0,0,1,1,0,330015,112,2009,0,SR-108S,SR-107A N,0000000,42.90896667,-71.01574167,2,1
33,9,3,23,13,35,1,1,0,0,5,3,0,42,0,1,4,1,2,40,1,1,2,1,0,0,1,1,0,0,13,35,13,51,14,24,0,0,0,0,1,2,0,330016,506,2009,0,SR-25A,99999999999999999999,0000000,43.901975,-72.14133611,1,1
33,15,4,5,11,4,1,2,0,0,5,5,0,1,0,8,7,1,2,30,1,1,2,1,0,0,1,1,0,0,11,4,11,13,11,54,0,0,0,0,1,1,0,330017,123,2009,0,CALEF HWY,SR-125,0000000,43.02826667,-71.07358333,1,1
33,11,4,6,19,51,1,1,0,1,1,1,0,1,0,13,4,6,1,30,2,2,2,2,0,0,3,2,0,0,19,51,19,57,88,88,0,0,0,0,1,2,1,330018,18,2009,0,I-293,ON RAMP NB,0000000,42.94670833,-71.46926111,1,2
33,11,4,9,14,14,2,2,0,0,4,3,0,12,2,1,1,1,2,50,2,2,2,1,0,0,1,1,0,0,14,14,14,25,14,57,0,0,0,0,1,5,0,330019,488,2009,0,SR-101,99999999999999999999,0000000,42.84375,-71.85934167,2,1
33,9,4,13,12,33,1,1,0,1,1,1,0,1,0,13,4,6,1,65,2,1,2,1,0,0,1,1,0,0,12,33,12,45,13,21,0,0,0,0,1,2,0,330020,280,2009,603,I-89 N,EXIT 20,0000000,43.63112778,-72.31409444,1,1
33,11,4,17,1,19,1,3,0,0,6,6,0,30,0,1,4,1,2,35,2,1,2,1,0,0,3,1,0,0,1,19,1,27,1,55,0,0,0,0,1,6,1,330021,310,2009,0,FRONT STREET,99999999999999999999,0000000,43.02243056,-71.481375,1,1
33,15,4,19,1,54,1,2,0,1,1,1,0,42,0,1,4,2,2,65,1,1,2,2,0,0,2,2,0,0,1,54,2,27,2,53,0,0,0,0,1,1,0,330022,201,2009,24,I-95 S,99999999999999999999,0000000,42.91275,-70.87383333,1,2
33,3,4,24,7,2,1,2,0,0,6,5,0,42,0,1,4,1,2,45,2,2,2,1,0,0,1,1,0,0,7,2,7,17,7,42,0,0,0,0,1,6,0,330023,464,2009,0,SQUAM LAKE ROAD,99999999999999999999,0000000,43.76638333,-71.47968889,1,1
33,5,4,25,2,51,1,1,0,0,5,3,0,42,0,1,4,1,2,35,2,1,2,1,0,0,2,1,0,0,2,51,3,9,88,88,0,0,0,0,1,7,1,330024,2,2009,0,SR-123,99999999999999999999,0000000,43.13101667,-72.31118611,1,1
33,13,4,26,17,30,1,2,0,0,6,5,0,1,0,1,1,1,2,30,2,2,2,1,0,0,1,1,0,0,17,30,17,40,18,7,0,0,0,0,1,1,1,330025,236,2009,0,HACKETT HILL ROAD,99999999999999999999,0000000,43.06958611,-71.49541111,1,1
33,11,4,27,22,41,1,3,0,0,6,5,0,42,0,1,4,1,2,50,2,2,2,1,0,0,3,1,0,0,22,41,22,55,23,17,0,0,0,0,2,2,0,330026,353,2009,0,MONT VERNON ROAD,99999999999999999999,0000000,42.95175,-71.69681944,1,1
33,13,4,27,10,13,1,2,1,0,5,6,0,8,0,1,1,1,2,40,1,1,2,1,0,0,1,1,0,0,10,13,10,22,10,48,0,0,0,0,1,2,0,330027,98,2009,0,STARK HIGHWAY,99999999999999999999,0000000,43.10286944,-71.61689167,1,1
33,7,5,1,0,50,1,1,0,0,5,3,0,42,0,1,4,1,2,50,2,1,2,1,0,0,2,1,0,0,0,50,1,3,88,88,0,0,0,0,1,6,1,330028,125,2009,0,SR-26,99999999999999999999,0000000,44.79089722,-71.15969167,1,1
33,15,5,5,0,1,1,2,0,0,6,5,0,42,0,1,4,1,2,30,2,2,2,1,0,0,2,1,0,0,0,1,0,12,0,47,0,0,0,0,2,3,1,330029,12,2009,0,ISLAND POND ROAD,99999999999999999999,0000000,42.85562778,-71.18684722,1,1
33,17,5,9,18,34,2,3,0,0,5,3,0,12,2,1,1,1,2,55,1,1,2,1,0,0,1,1,0,0,18,34,18,45,19,19,0,0,0,0,2,7,0,330030,281,2009,0,SR-CALEF HIGHWAY,99999999999999999999,0000000,43.13961389,-71.01318889,2,1
33,13,5,15,13,30,2,2,0,0,4,3,0,12,1,2,1,1,2,55,1,1,2,1,0,0,1,1,0,0,13,30,13,35,13,57,0,0,0,0,1,6,0,330031,304,2009,0,SR-106,GOSHEN ROAD,0000000,43.30188889,-71.47278889,2,1
33,3,5,25,19,2,2,5,0,0,5,3,0,12,5,2,1,1,2,55,1,1,2,1,0,0,1,1,0,0,19,2,19,5,19,31,0,0,0,0,1,2,0,330032,476,2009,0,SR-25,SR-153,0000000,43.79182222,-71.03317778,2,1
33,7,5,25,10,25,1,2,0,0,5,3,0,24,0,1,4,1,2,55,2,2,2,1,0,0,1,1,0,0,10,25,10,52,11,37,0,0,0,0,1,2,0,330033,405,2009,0,SR-16,99999999999999999999,0000000,44.71725278,-71.17385278,1,1
33,15,5,24,10,50,3,4,1,0,4,3,0,8,0,1,1,2,2,50,1,1,2,1,0,0,1,1,0,0,10,50,10,55,11,18,0,0,0,0,1,1,0,330034,356,2009,0,SR-16,99999999999999999999,0000000,43.08944167,-70.80066111,3,1
33,5,5,28,15,19,1,1,0,0,5,3,0,42,0,1,4,1,2,55,2,1,2,2,0,0,1,1,0,0,88,88,88,88,88,88,0,0,0,0,1,5,0,330035,483,2009,0,SR-12,99999999999999999999,0000000,42.98049167,-72.35006667,1,1
33,11,5,31,16,39,2,2,0,0,6,5,0,5,0,1,2,1,2,35,2,3,2,2,0,0,1,1,0,0,16,39,16,48,17,7,0,14,0,0,1,1,1,330036,18,2009,0,WALLACE ROAD,99999999999999999999,0000000,42.90581667,-71.51653056,2,1
33,3,5,31,17,35,3,8,0,0,5,3,0,12,2,1,1,1,2,50,2,2,2,1,0,0,1,1,0,0,17,35,17,55,18,27,0,0,0,0,1,1,0,330037,1,2009,0,SR-16,99999999999999999999,0000000,43.95799444,-71.16333889,3,1
33,3,6,5,22,43,1,2,0,0,5,3,0,11,0,1,1,1,2,50,2,2,2,1,0,0,2,1,0,0,22,43,23,17,23,48,0,0,0,0,1,6,0,330038,243,2009,0,SR-16,99999999999999999999,0000000,44.20460556,-71.23994444,1,1
33,1,6,15,5,48,1,2,0,1,1,1,0,11,0,1,1,2,2,65,1,1,2,1,0,0,4,1,0,0,5,48,6,0,6,39,0,0,0,0,1,2,0,330039,461,2009,654,I-93 SB,99999999999999999999,0000000,43.49695556,-71.6076,1,1
33,15,6,22,10,10,1,2,0,1,1,1,0,1,0,1,3,2,2,65,1,2,2,2,0,0,1,2,0,0,10,10,10,15,10,36,0,0,0,0,1,2,0,330040,551,2009,74,I-93,99999999999999999999,0000000,42.85020278,-71.3135,1,2
33,13,6,18,16,10,2,3,0,0,6,5,0,12,2,3,1,1,2,30,1,2,2,2,0,0,1,2,0,0,16,10,16,14,16,51,0,0,0,0,1,5,0,330041,218,2009,0,MAPLE STREET,PROSPECT STREET,0000000,43.18217778,-71.82387222,2,2
33,13,6,28,16,24,1,2,0,0,5,3,0,1,0,2,4,1,2,50,2,1,2,1,0,0,1,1,0,0,16,24,16,45,17,17,0,0,0,0,1,1,1,330042,86,2009,0,SR-4,WIGGIN ROAD,0000000,43.49352222,-71.881625,1,1
33,15,6,25,17,53,2,3,0,0,6,5,0,12,2,1,1,1,2,40,1,1,2,1,0,0,1,1,0,0,17,53,17,58,18,27,0,0,0,0,1,5,0,330043,551,2009,0,INDIAN ROCK ROAD,99999999999999999999,0000000,42.80881389,-71.27375,2,1
33,7,7,3,17,2,2,7,0,0,5,3,0,12,2,1,1,1,2,55,2,1,2,1,0,0,1,1,0,0,17,2,17,15,17,49,0,0,0,0,3,6,1,330044,431,2009,0,SR-2,99999999999999999999,0000000,44.37712222,-71.26183056,2,1
33,11,7,11,14,56,2,2,0,0,6,5,0,12,5,2,1,1,2,40,1,1,2,2,0,0,1,1,0,0,14,56,15,1,15,22,0,0,0,0,1,7,0,330045,240,2009,0,DERRY STREET,PAGE ROAD,0000000,42.81265556,-71.42298889,2,1
33,15,7,5,16,2,1,1,0,0,6,5,0,42,0,1,4,1,2,35,2,2,2,1,0,0,1,1,0,0,16,2,16,11,16,34,0,0,0,0,1,1,1,330046,435,2009,0,FREETOWN ROAD,99999999999999999999,0000000,43.03624167,-71.16368333,1,1
33,17,7,21,18,32,1,1,0,0,6,5,0,42,0,1,4,1,2,30,2,2,2,2,0,0,1,2,0,0,18,32,18,42,19,3,0,0,0,0,1,3,0,330047,440,2009,0,CHESTNUT HILL ROAD,99999999999999999999,0000000,43.31899722,-70.97554167,1,2
33,1,7,24,10,34,2,2,0,1,1,1,0,12,1,1,1,2,2,65,1,1,2,2,0,0,1,2,0,0,10,34,10,46,88,88,0,0,0,0,1,6,0,330048,461,2009,658,I-93,99999999999999999999,0000000,43.50570278,-71.61661111,2,2