STATE,COUNTY,MONTH,DAY,HOUR,MINUTE,VE_TOTAL,PERSONS,PEDS,NHS,ROAD_FNC,ROUTE,SP_JUR,HARM_EV,MAN_COLL,REL_JUNC,REL_ROAD,TRAF_FLO,NO_LANES,SP_LIMIT,ALIGNMNT,PROFILE,PAVE_TYP,SUR_COND,TRA_CONT,T_CONT_F,LGT_COND,WEATHER1,WEATHER2,WRK_ZONE,NOT_HOUR,NOT_MIN,ARR_HOUR,ARR_MIN,HOSP_HR,HOSP_MN,SCH_BUS,CF1,CF2,CF3,FATALS,DAY_WEEK,DRUNK_DR,ST_CASE,CITY,YEAR,MILEPT,TWAY_ID,TWAY_ID2,RAIL,LATITUDE,LONGITUD,VE_FORMS,WEATHER
33,11,7,25,18,6,1,2,0,0,6,6,0,42,0,3,5,1,2,30,1,2,2,1,0,0,1,1,0,0,18,6,18,10,18,43,0,0,0,0,1,7,1,330049,310,2009,0,MAMMOTH ROAD,NELSON STREET,0000000,42.98311389,-71.43291111,1,1
33,13,6,28,21,12,1,3,2,0,6,5,0,8,0,3,1,1,2,30,1,2,2,1,0,0,3,1,0,0,21,12,21,15,21,29,0,0,0,0,1,1,0,330050,150,2009,0,CENTRAL STREET,VICTORY DRIVE,0000000,43.44171111,-71.65664167,1,1
33,11,7,27,13,13,2,2,0,0,6,5,0,12,2,1,1,1,2,30,2,2,2,1,0,0,1,1,0,0,13,13,13,15,13,31,0,0,0,0,1,2,1,330051,509,2009,0,RESERVOIR DRIVE,99999999999999999999,0000000,43.10774167,-71.76291111,2,1
33,9,7,31,22,14,2,2,0,0,6,5,0,12,1,2,1,1,2,35,1,1,2,2,0,0,2,1,0,0,22,16,22,23,22,47,0,0,0,0,1,6,2,330052,444,2009,0,QUNICY ROAD,MOUNTAIN VIEW ROAD,0000000,43.788175,-71.77670833,2,1
33,3,8,7,21,21,1,1,1,0,6,5,0,8,0,2,1,1,2,25,2,2,2,1,0,0,3,1,0,0,21,21,21,33,88,88,0,0,0,0,1,6,0,330053,243,2009,0,TRANSFER STATION RD,ROUTE 16,0000000,44.13811944,-71.18845278,1,1
33,13,8,7,22,9,1,1,0,0,6,5,0,42,0,1,4,1,2,35,2,2,2,1,0,0,2,1,0,0,22,9,22,24,22,49,0,0,0,0,1,6,1,330054,546,2009,0,KEARSARGE VALLEY RD,99999999999999999999,0000000,43.41281944,-71.90215,1,1
33,7,8,8,11,50,1,1,0,0,6,8,0,42,0,1,4,1,2,0,2,2,2,1,0,0,1,1,0,0,11,50,12,0,88,88,0,0,0,0,1,7,0,330055,498,2009,0,AUTO ROAD,99999999999999999999,0000000,44.28413611,-71.26273056,1,1
33,11,8,8,23,19,1,1,0,0,5,3,0,42,0,1,4,1,2,50,1,1,2,1,0,0,2,1,0,0,23,19,23,35,23,58,0,0,0,0,1,7,0,330056,467,2009,0,SR-124,99999999999999999999,0000000,42.79121111,-71.94993611,1,1
33,15,8,10,12,14,2,2,0,0,3,3,0,12,4,2,1,1,2,30,1,1,2,1,4,3,1,1,0,0,12,14,12,37,13,12,0,0,0,0,1,2,0,330057,12,2009,0,SR-111,HALL FARM ROAD,0000000,42.85488056,-71.196375,2,1
33,13,8,14,14,37,2,3,0,0,6,5,0,12,4,2,1,1,2,35,2,2,2,1,20,3,1,1,0,0,14,37,14,41,15,9,0,0,0,0,2,6,0,330058,23,2009,0,LOGGING HILL ROAD,ALBIN ROAD,0000000,43.15946944,-71.5372,2,1
33,3,8,17,14,16,1,1,0,0,5,3,0,42,0,1,4,1,2,40,2,2,2,1,0,0,1,1,0,0,14,16,14,30,14,49,0,0,0,0,1,2,0,330059,1,2009,0,SR-112,99999999999999999999,0000000,43.99116389,-71.17183611,1,1
33,15,4,15,12,12,1,2,0,0,6,5,0,30,0,3,2,1,2,35,1,2,2,1,0,0,1,1,0,0,12,12,12,16,12,34,0,0,0,0,1,4,0,330060,305,2009,0,GILCREAST ROAD,PILLSBURY ROAD,0000000,42.87394444,-71.35971944,1,1
33,15,8,15,19,53,2,3,0,0,3,3,0,12,2,3,1,1,2,35,2,1,2,1,0,0,1,1,0,0,19,53,19,54,20,21,0,0,0,0,2,7,0,330061,417,2009,0,SR-125,OLD ROAD,0000000,42.84375833,-71.10723889,2,1
33,13,8,20,10,53,3,3,0,0,5,3,0,12,2,1,1,1,2,50,1,1,2,1,0,0,1,1,0,0,10,53,11,0,11,27,0,0,0,0,1,5,0,330062,22,2009,0,SR-3,99999999999999999999,0000000,43.32693333,-71.63244722,3,1
33,15,8,22,14,59,1,3,1,0,5,3,0,8,0,1,2,1,2,40,1,1,2,2,0,0,1,1,0,0,14,59,15,9,15,22,0,0,0,0,1,7,0,330063,45,2009,0,SR-102,99999999999999999999,0000000,42.93239167,-71.27933889,1,1
33,5,8,15,14,26,1,2,0,0,6,5,0,5,0,1,1,1,2,40,1,1,2,1,0,0,1,1,0,0,14,26,14,30,14,49,0,0,0,0,1,7,0,330064,550,2009,0,KEENE ROAD,99999999999999999999,0000000,42.78971667,-72.37933611,1,1
33,3,9,6,0,30,2,5,0,0,5,3,0,12,1,3,1,1,2,50,2,2,2,1,0,0,2,1,0,0,0,30,0,35,0,58,0,0,0,0,1,1,2,330065,1,2009,0,SR-16,PINE KNOLL ROAD,0000000,43.95725278,-71.20754167,2,1
33,5,9,5,13,24,2,3,0,0,4,3,0,12,1,2,1,1,2,50,1,1,2,1,0,0,1,1,0,0,13,24,13,46,14,9,0,0,0,0,1,7,0,330066,437,2009,0,SR-202,SOUTH WOODBOUND ROAD,0000000,42.77774722,-72.03318056,2,1
33,3,9,8,10,14,1,1,0,0,5,3,0,38,0,1,4,5,2,40,1,1,2,1,0,0,1,1,0,0,10,14,10,18,88,88,0,0,0,0,1,3,0,330067,80,2009,0,SR-16,99999999999999999999,0000000,44.06056111,-71.13853333,1,1
33,3,9,6,12,25,1,1,0,0,5,3,0,11,0,1,1,1,2,40,1,2,2,1,0,0,1,1,0,0,12,25,12,45,13,10,0,0,0,0,1,1,0,330068,80,2009,0,SR-112,99999999999999999999,0000000,44.02133611,-71.43834167,1,1
33,3,9,22,14,43,1,1,0,0,6,5,0,36,0,1,4,1,2,35,2,2,2,1,0,0,1,1,0,0,14,49,14,56,88,88,0,0,0,0,1,3,1,330069,395,2009,0,ELM STREET,99999999999999999999,0000000,43.72105556,-71.10325833,1,1
33,13,9,24,12,38,2,3,0,0,4,3,0,12,4,10,1,1,2,55,2,1,2,1,0,0,1,1,0,0,12,38,12,48,13,14,0,0,0,0,1,5,0,330070,218,2009,0,SR-202,SR-114,0000000,43.19001944,-71.82213333,2,1
33,13,9,26,20,3,1,1,0,1,1,1,0,1,0,1,4,2,2,65,2,1,2,1,0,0,1,1,0,0,20,3,20,10,20,34,0,0,0,0,1,7,0,330071,70,2009,1.5999999978,I-89,99999999999999999999,0000000,43.17056944,-71.5458,1,1
33,5,9,28,13,35,1,1,0,0,6,5,0,42,0,1,4,1,2,35,1,1,2,1,0,0,1,1,0,0,14,3,14,8,88,88,0,0,0,0,1,2,0,330072,437,2009,0,OLD ASHBURNHAM ROAD,99999999999999999999,0000000,42.72021944,-71.96268056,1,1
33,15,10,7,14,50,2,4,0,0,3,3,0,12,5,2,1,1,2,45,1,2,2,2,3,3,1,1,0,0,14,50,14,54,15,27,0,0,0,0,1,4,0,330073,25,2009,0,SR-125,SR-111A,0000000,42.97815278,-71.07373333,2,1
33,1,10,8,22,42,1,1,0,1,1,1,0,1,0,1,3,2,2,65,1,2,2,1,0,0,2,1,0,0,22,42,22,50,88,88,0,0,0,0,1,5,1,330074,490,2009,578,I-93,99999999999999999999,0000000,43.46008333,-71.57566944,1,1
33,11,10,9,20,3,1,2,1,0,6,6,0,8,0,1,1,1,2,35,1,1,2,2,0,0,2,2,0,0,20,3,20,7,20,22,0,0,0,0,1,6,0,330075,350,2009,0,WEST HOLLIS STREET,99999999999999999999,0000000,42.75205556,-71.48301667,1,2
33,11,10,12,11,29,2,4,0,0,4,3,0,12,2,1,1,1,2,50,1,1,2,1,0,0,1,1,0,0,11,29,11,34,88,88,0,0,0,0,4,2,0,330076,400,2009,108,SR-202,99999999999999999999,0000000,42.92739444,-71.94800278,2,1
33,13,10,12,13,34,2,2,0,1,1,1,0,12,4,1,1,2,2,65,1,2,2,1,0,0,1,1,0,0,13,34,13,39,14,3,0,0,0,0,1,2,0,330077,236,2009,24,I-93,99999999999999999999,0000000,43.03470556,-71.453275,2,1
33,5,10,16,17,31,2,2,0,0,5,3,0,12,5,1,1,1,2,55,2,1,2,1,0,0,1,1,0,0,17,31,17,35,17,52,0,0,0,0,1,6,0,330078,473,2009,0,SR-9,99999999999999999999,0000000,43.05910556,-72.07623611,2,1
33,9,10,19,8,48,2,3,0,1,1,1,0,12,3,1,1,2,2,65,1,1,2,1,0,0,1,1,0,0,8,48,8,55,9,24,0,0,0,0,1,2,0,330079,280,2009,606,I-89,99999999999999999999,0000000,43.63225556,-72.30707778,2,1
33,17,10,21,19,32,1,2,1,0,6,5,0,9,0,1,1,1,2,30,1,1,2,1,0,0,2,1,0,0,19,32,19,37,19,53,0,0,0,0,1,4,1,330080,140,2009,0,BAY ROAD,99999999999999999999,0000000,43.40211667,-71.07819444,1,1
33,3,10,25,7,51,2,2,0,0,3,3,0,12,5,2,1,1,2,35,1,2,2,1,0,0,1,1,0,0,7,51,8,2,8,24,0,0,0,0,1,1,0,330081,15,2009,0,SR-16,SR-16A,0000000,44.10681667,-71.15956389,2,1
33,15,10,26,17,36,2,2,0,0,16,6,0,36,0,1,4,1,2,30,1,1,2,1,0,0,5,1,0,0,17,36,17,40,17,57,0,0,0,0,1,2,0,330082,448,2009,0,BROOKDALE ROAD,99999999999999999999,0000000,42.77779444,-71.26873889,2,1
33,17,11,8,19,55,1,1,0,0,6,6,0,34,0,1,4,1,2,35,2,2,2,1,0,0,3,1,0,0,19,55,19,58,88,88,0,0,0,0,1,1,1,330083,470,2009,0,ROCKY HILL ROAD,99999999999999999999,0000000,43.27523611,-70.89215833,1,1
33,13,10,16,3,3,1,1,0,0,6,5,0,42,0,1,4,1,2,35,2,1,2,1,0,0,3,1,0,0,3,3,3,32,88,88,0,0,0,0,1,6,0,330084,70,2009,0,HORSE HILL ROAD,99999999999999999999,0000000,43.25161111,-71.64798333,1,1
33,13,11,11,12,10,2,3,0,0,6,5,0,12,2,1,1,1,2,45,1,1,2,1,0,0,1,1,0,0,12,13,12,20,12,44,0,0,0,0,2,4,0,330085,236,2009,0,WEST RIVER ROAD,99999999999999999999,0000000,43.05578056,-71.46147222,2,1
33,11,11,15,2,34,1,3,0,0,6,6,0,30,0,2,4,1,2,30,2,1,2,2,20,3,3,1,0,0,2,34,2,47,3,8,0,0,0,0,1,1,1,330086,310,2009,0,VARNEY STREET,RIDDLE STREET,0000000,42.98057222,-71.48101944,1,1
33,11,11,4,22,56,3,3,0,0,6,6,0,12,1,3,1,1,2,40,1,1,2,1,2,3,3,1,0,0,22,56,23,5,23,23,0,0,0,0,1,4,1,330087,350,2009,0,AMHERST STREET,CELINA AVE,0000000,42.80154167,-71.53807778,3,1
33,11,11,4,18,57,2,2,0,0,6,5,0,12,2,1,1,1,2,40,1,1,2,1,0,0,2,1,0,0,18,57,19,10,19,42,0,0,0,0,1,4,0,330088,400,2009,0,CONCORD STREET,99999999999999999999,0000000,42.89527222,-71.943025,2,1
33,7,11,4,9,57,2,3,0,0,5,3,0,12,2,1,1,1,2,55,2,1,2,1,0,0,1,1,0,0,9,57,10,3,10,37,0,0,0,0,1,4,0,330089,51,2009,0,SR-115,99999999999999999999,0000000,44.313225,-71.52580278,2,1
33,11,11,19,10,29,1,1,0,0,6,5,0,42,0,1,4,1,2,35,1,2,2,1,0,0,1,1,0,0,10,29,10,40,88,88,0,0,0,0,1,5,0,330090,353,2009,0,TUCKER MILL ROAD,99999999999999999999,0000000,42.99768056,-71.70596111,1,1
33,15,11,20,19,30,1,1,0,0,4,3,0,42,0,1,4,1,2,35,1,1,2,1,0,0,2,1,0,0,19,31,19,38,19,57,0,0,0,0,1,6,0,330091,252,2009,0,SR-107,99999999999999999999,0000000,42.90657222,-70.92299167,1,1
33,5,12,8,7,45,2,2,0,0,5,3,0,12,5,2,1,1,2,30,1,1,2,2,20,3,1,2,0,0,7,45,7,50,8,22,0,0,0,0,1,3,0,330092,250,2009,0,SR-12,WYMAN ROAD,0000000,42.95890278,-72.33335,2,2
33,17,12,4,17,0,1,2,1,0,5,3,0,8,0,1,1,1,2,40,1,2,2,1,0,0,2,1,0,0,17,0,17,4,88,88,0,0,0,0,1,6,0,330093,29,2009,0,SR-9,99999999999999999999,0000000,43.21552778,-71.01572222,1,1
33,13,11,19,19,32,1,1,0,0,6,5,0,42,0,1,4,1,2,35,2,1,2,1,0,0,2,1,0,0,19,32,19,45,20,29,0,0,0,0,1,5,1,330094,98,2009,0,STARK LANE,99999999999999999999,0000000,43.12476111,-71.63562222,1,1
33,17,12,5,0,14,1,3,0,0,6,5,0,30,0,1,4,1,2,30,2,1,2,1,0,0,3,1,0,0,0,14,0,22,1,9,0,0,0,0,2,7,1,330095,440,2009,0,HIGHLAND STREET,99999999999999999999,0000000,43.33216944,-70.94296944,1,1
33,15,12,5,13,26,2,2,0,0,6,6,0,12,2,1,1,1,2,35,2,2,2,2,0,0,1,2,0,0,13,26,13,31,13,58,0,0,0,0,1,7,0,330096,305,2009,0,MAMMOTH ROAD,99999999999999999999,0000000,42.84230278,-71.36109444,2,2
33,15,12,13,14,24,1,1,0,0,6,5,0,42,0,1,4,1,2,30,2,2,2,2,0,0,1,4,0,0,14,24,14,31,14,54,0,0,0,0,1,1,1,330097,195,2009,0,KENT FARM ROAD,99999999999999999999,0000000,42.90083611,-71.19273611,1,4
33,15,12,28,13,21,2,2,0,0,6,5,0,12,2,1,1,1,2,35,1,2,2,3,0,0,1,4,0,0,13,21,13,45,14,22,0,0,0,0,1,2,0,330098,32,2009,0,DEERFIELD ROAD,99999999999999999999,0000000,43.06214722,-71.28801944,2,4
34,31,1,1,18,47,2,6,1,1,11,1,0,8,0,1,1,3,4,55,1,1,2,1,0,0,3,1,0,0,99,99,99,99,88,88,0,0,0,0,1,5,0,340001,3370,2009,549,I-80,99999999999999999999,0000000,40.89801667,-74.22817222,2,1
34,39,1,2,2,12,1,2,1,0,16,6,0,8,0,1,1,1,2,25,1,1,2,1,0,0,3,1,0,0,99,99,99,99,99,99,0,0,0,0,1,6,0,340002,3395,2009,0,MARSHALL ST,99999999999999999999,0000000,40.65250833,-74.19538611,1,1
34,41,1,2,17,23,1,2,1,1,13,3,0,8,0,1,1,1,2,40,1,1,2,1,0,0,2,1,0,0,17,29,17,45,18,16,0,0,0,0,1,6,0,340003,0,2009,98,SR-57,99999999999999999999,0000000,40.75462778,-74.99580833,1,1
34,23,1,3,2,0,2,3,0,0,16,6,0,12,2,1,1,1,2,45,2,1,2,1,0,0,3,1,0,0,99,99,99,99,88,88,0,20,0,0,1,7,0,340004,570,2009,0,INDUSTRIAL RD,99999999999999999999,0000000,40.57461944,-74.21749722,2,1
34,15,1,2,4,40,1,2,0,0,14,4,0,53,0,1,5,1,2,50,1,1,2,1,0,0,3,1,0,0,4,50,5,5,5,9,0,0,0,0,1,6,0,340005,0,2009,0,610,99999999999999999999,0000000,39.66570556,-75.02494722,1,1
34,39,1,2,20,4,1,2,1,1,13,2,0,8,0,2,1,3,3,40,1,1,2,1,3,3,3,1,0,0,99,99,99,99,99,99,0,0,0,0,1,6,0,340006,860,2009,445,US-1,EAST GRAND ST,0000000,40.66550278,-74.20496389,1,1
34,13,1,1,0,43,1,2,1,1,13,6,0,8,0,2,1,1,4,0,1,1,2,1,0,0,3,1,0,0,99,99,99,99,99,99,0,0,0,0,1,5,0,340007,2130,2009,0,BROAD ST,EMMET ST,0000000,40.72065556,-74.18103889,1,1
34,39,1,6,17,5,1,2,1,0,12,3,0,8,0,1,1,1,2,35,1,1,2,1,0,0,3,1,0,0,17,6,17,16,17,43,0,0,0,0,1,3,0,340008,3395,2009,7,SR-82,99999999999999999999,0000000,40.70523889,-74.29626111,1,1
34,29,1,6,17,8,1,2,1,1,13,2,0,8,0,2,1,1,2,40,1,2,2,2,0,0,2,2,0,0,17,14,17,17,17,22,0,0,0,0,1,3,0,340009,1590,2009,1015,US-9,WEST SPRUCE ST,0000000,40.07236667,-74.21767778,1,2
34,39,1,4,17,42,1,3,1,0,14,6,0,8,0,2,1,1,2,25,1,1,2,1,0,0,3,1,0,0,17,45,18,12,18,32,0,0,0,0,1,1,0,340013,616,2009,0,VALLEY RD,AUTUMN RD,0000000,40.62752222,-74.28568611,1,1
34,5,1,10,16,39,1,6,0,1,12,8,0,34,0,1,5,3,3,65,1,1,2,1,0,0,3,1,0,0,16,37,16,51,17,44,0,0,0,0,1,7,0,340016,0,2009,419,700,99999999999999999999,0000000,40.00112222,-74.85544444,1,1
34,35,1,11,18,14,1,2,1,0,14,4,0,8,0,2,1,2,3,50,1,1,2,1,0,0,3,1,0,0,18,18,18,31,88,88,0,0,0,0,1,1,1,340017,1081,2009,0,619,EASTON AVE,0000000,40.53591667,-74.50772222,1,1
34,39,1,12,10,42,7,7,0,1,11,1,0,25,0,1,3,3,2,65,1,1,2,1,0,0,1,1,0,0,10,51,11,2,11,32,0,14,0,0,2,2,0,340018,3395,2009,509,I-78,99999999999999999999,0000000,40.71402778,-74.29706111,7,1
34,7,1,12,6,9,1,3,1,0,14,4,0,8,0,2,1,1,4,25,1,1,2,1,3,3,3,1,0,0,6,8,6,12,88,88,0,0,0,0,1,2,0,340019,3465,2009,0,670,673,0000000,39.83951111,-74.99822222,1,1
34,1,1,14,20,25,2,4,0,0,6,6,0,12,5,2,1,1,2,50,1,1,2,1,0,0,2,1,0,0,99,99,99,99,99,99,0,0,0,0,1,4,0,340020,0,2009,0,MALAGA RD,FIRST AVE,0000000,39.52278056,-74.80505,2,1
34,21,1,14,19,0,1,1,0,0,15,6,0,33,0,1,4,1,2,45,1,1,2,1,0,0,2,1,0,0,99,99,99,99,88,88,0,0,0,0,1,4,0,340021,3633,2009,0,VILLAGE RD WEST,99999999999999999999,0000000,40.28373333,-74.63969722,1,1
34,31,1,16,2,23,1,1,0,1,11,1,0,24,0,13,4,6,1,55,2,2,2,1,0,0,3,1,0,0,2,31,2,40,88,88,0,0,0,0,1,6,1,340022,3522,2009,539,I-80,99999999999999999999,0000000,40.89805,-74.25093056,1,1
34,39,1,16,15,43,1,2,0,1,12,8,0,35,0,1,4,2,5,55,1,1,2,1,0,0,1,1,0,0,15,47,15,54,16,48,0,0,0,0,1,6,0,340023,616,2009,1347,444,99999999999999999999,0000000,40.60816667,-74.31341667,1,1
34,11,1,16,21,56,5,8,0,1,13,3,0,12,1,1,1,2,2,65,1,1,2,1,0,0,2,1,0,0,99,99,99,99,99,99,0,19,0,0,1,6,1,340024,3460,2009,350,SR-55,99999999999999999999,0000000,39.5233,-75.06833611,5,1
34,31,1,16,11,6,1,2,1,0,15,6,0,8,0,1,1,1,2,25,1,1,2,1,0,0,1,1,0,0,99,99,99,99,99,99,0,0,0,0,1,6,0,340025,2500,2009,0,HOOVER AVE,99999999999999999999,0000000,40.86266944,-74.125125,1,1
34,15,1,17,4,0,1,7,0,0,15,4,0,34,0,1,5,1,2,35,2,2,2,1,0,0,3,1,0,0,99,99,99,99,99,99,0,0,0,0,1,7,0,340026,1814,2009,0,603,99999999999999999999,0000000,39.75906667,-75.16781389,1,1
34,11,1,18,15,48,1,1,0,1,2,3,0,42,0,1,5,2,2,65,1,1,2,1,0,0,1,1,0,0,15,47,15,55,16,47,0,0,0,0,1,1,0,340027,1845,2009,238,SR-55,99999999999999999999,0000000,39.37911111,-75.00876944,1,1
34,35,1,17,22,30,2,2,0,0,14,4,0,12,2,1,1,1,2,40,1,2,2,1,0,0,3,1,0,0,22,34,22,37,23,1,0,0,0,0,1,7,0,340028,425,2009,0,533,99999999999999999999,0000000,40.55941944,-74.58075278,2,1
34,5,1,19,5,33,2,3,0,0,14,4,0,12,5,2,1,1,2,50,1,2,2,4,0,0,2,5,0,0,99,99,99,99,88,88,0,0,0,0,1,2,0,340029,0,2009,0,630,STEMMERS LANE,0000000,40.02261944,-74.84835278,2,5
34,25,1,19,9,13,1,1,0,0,15,4,0,27,0,6,1,1,2,25,1,1,2,2,60,3,1,1,0,0,99,99,99,99,99,99,0,0,0,0,1,2,0,340030,1800,2009,0,49,99999999999999999999,856977U,40.13020556,-74.04272222,1,1
34,39,1,19,8,40,4,5,0,1,11,1,0,14,1,1,8,3,4,65,1,2,2,2,0,0,1,1,0,0,8,42,8,56,9,38,0,0,0,0,2,2,0,340031,3207,2009,487,I-78,99999999999999999999,0000000,40.70930278,-74.33328056,3,1
34,23,1,19,21,42,2,3,1,1,13,2,0,8,0,1,1,3,3,50,1,1,2,2,0,0,2,1,0,0,99,99,99,99,88,88,0,0,0,0,1,2,0,340032,3705,2009,1332,US-9,99999999999999999999,0000000,40.52225,-74.30002222,2,1
34,23,1,20,21,23,1,3,2,1,13,2,0,8,0,2,1,3,3,50,1,1,2,1,0,0,2,1,0,0,21,25,21,27,21,59,0,0,0,0,1,3,0,340033,3705,2009,375,US-1,DOUGLAS AVE,0000000,40.58498056,-74.28069444,1,1
34,15,1,21,10,20,2,2,0,0,14,4,0,45,8,2,1,2,2,35,2,1,2,1,3,3,1,1,0,3,99,99,99,99,99,99,0,0,0,0,1,4,0,340035,0,2009,0,651,NO NAME ST,0000000,39.75979444,-75.049025,1,1
34,7,1,10,23,13,1,3,0,0,16,6,0,33,0,1,4,1,2,25,2,1,2,2,0,0,3,3,0,0,23,15,23,20,23,52,0,0,0,0,1,7,0,340036,598,2009,0,BROOKMEAD DR,99999999999999999999,0000000,39.91034444,-75.00693333,1,3
34,5,1,21,16,9,4,5,0,0,15,4,0,12,5,2,1,1,2,45,1,1,2,1,0,0,1,1,0,0,16,9,16,16,16,31,0,0,0,0,1,4,0,340037,2081,2009,0,612,AMARYLLIS BLVD,0000000,39.93523611,-74.91157778,4,1
34,21,1,23,13,20,2,2,0,1,13,3,0,12,7,2,1,1,2,40,2,2,2,1,3,3,1,1,0,0,13,23,13,36,13,59,0,0,0,0,1,6,0,340038,0,2009,119,SR-29,WASH-CROSS PENNINTON,0000000,40.29677778,-74.86654722,2,1
34,7,1,24,1,50,1,2,1,1,13,2,0,8,0,2,1,3,2,40,1,1,2,1,3,3,3,1,0,0,2,7,2,11,2,28,0,0,0,0,1,7,1,340039,2545,2009,313,US-130,DREXEL AVE,0000000,39.94143889,-75.07250833,1,1
34,27,1,24,7,26,2,2,0,0,14,4,0,12,5,3,1,1,4,50,2,2,2,1,0,0,1,1,0,0,7,34,7,46,8,6,0,0,0,0,1,7,1,340040,0,2009,0,615,MT ARLINGTON RD,0000000,40.88577778,-74.64613333,2,1
34,15,1,25,2,6,1,1,0,0,15,4,0,42,0,1,5,1,2,35,2,1,2,1,0,0,3,1,0,0,2,11,2,15,2,45,0,0,0,0,1,1,1,340041,0,2009,0,667,99999999999999999999,0000000,39.804,-75.2287,1,1
34,23,1,19,15,0,1,1,0,0,13,4,0,33,0,1,4,1,2,45,1,2,2,3,0,0,1,4,0,0,15,50,15,58,16,36,0,0,0,0,1,2,0,340042,844,2009,0,514,99999999999999999999,0000000,40.50394444,-74.37627222,1,4
34,13,1,26,7,2,1,2,1,0,13,4,0,8,0,2,1,1,2,35,2,3,2,1,0,0,4,1,0,0,7,10,99,97,99,97,0,0,0,0,1,2,0,340043,3450,2009,0,506,SUNSET AVE,0000000,40.82485278,-74.22790278,1,1
34,23,1,26,6,37,2,3,1,1,13,2,0,8,0,2,1,3,3,50,1,1,2,1,0,0,2,1,0,0,6,40,6,56,88,88,0,0,0,0,1,2,0,340044,3705,2009,375,US-1,DOUGLAS AVE,0000000,40.58493611,-74.28072222,2,1
34,25,1,26,18,21,1,2,1,1,13,2,0,8,0,1,1,2,2,55,1,1,2,1,0,0,3,1,0,0,99,99,99,99,88,88,0,0,0,0,1,2,0,340045,0,2009,1113,US-9,99999999999999999999,0000000,40.221375,-74.26732778,1,1
34,25,1,19,14,43,1,3,2,1,13,2,0,8,0,2,1,3,2,50,1,1,2,3,3,3,1,4,0,0,99,99,99,99,99,99,0,0,0,0,1,2,0,340046,1465,2009,1050,US-9B,NEW FRIENDSHIP ROAD,0000000,40.14015833,-74.225125,1,4
34,17,1,27,18,2,1,2,1,0,14,6,0,8,0,2,1,1,2,25,1,1,2,1,0,0,3,1,0,0,99,99,99,99,99,99,0,0,0,0,1,3,0,340047,190,2009,0,AVENUE C,12TH STREET,0000000,40.65754444,-74.12703056,1,1
34,37,1,28,5,2,2,2,0,1,2,2,0,12,5,2,1,1,2,50,1,3,2,3,0,0,2,4,0,0,99,99,99,99,88,88,0,0,0,0,1,4,0,340048,1993,2009,1282,US-206,MYRTLE DRIVE,0000000,41.28628889,-74.79303333,2,4
34,13,1,27,17,45,2,2,0,0,15,4,0,12,5,2,1,1,2,35,1,2,2,1,0,0,3,1,0,0,17,49,17,58,18,41,0,0,0,0,1,3,1,340049,1945,2009,0,606,LONG HILL DR,0000000,40.74363056,-74.33190833,2,1
34,3,1,29,22,39,1,3,2,0,14,4,0,8,0,2,1,1,2,25,1,1,2,1,0,0,3,1,0,0,22,44,22,49,23,13,0,0,0,0,1,5,0,340050,1410,2009,0,104,PARK AVENUE,0000000,41.003475,-74.04068056,1,1
34,15,1,28,0,45,2,3,0,1,2,8,0,24,0,1,4,3,3,45,1,1,2,3,0,0,2,4,0,0,0,45,0,59,1,58,0,0,0,0,1,4,0,340051,0,2009,109,700,99999999999999999999,0000000,39.73649722,-75.30484167,2,4
34,17,1,30,5,47,1,2,1,1,14,4,0,8,0,1,1,1,2,25,1,1,1,1,0,0,3,1,0,0,99,99,99,99,99,99,0,0,0,0,1,6,0,340052,1520,2009,0,622,99999999999999999999,0000000,40.71709444,-74.05272222,1,1
34,9,1,31,13,19,2,3,0,0,15,3,0,12,5,2,1,2,2,40,2,1,2,1,20,3,1,1,0,0,13,20,13,35,13,55,0,0,0,0,1,7,0,340053,0,2009,7,SR-162,CR-603,0000000,38.963425,-74.92477778,2,1
34,5,1,31,14,1,2,3,0,1,13,2,0,12,5,2,1,1,2,50,1,1,2,1,0,0,1,1,0,0,99,99,99,99,99,99,0,0,0,0,1,7,0,340054,3149,2009,209,US-206,642,0000000,39.93316944,-74.74273611,2,1
34,1,2,2,3,19,1,2,1,0,16,4,0,8,0,1,1,1,2,45,1,1,2,1,0,0,2,1,0,0,3,23,99,97,99,97,0,0,0,0,1,2,0,340055,0,2009,0,618,99999999999999999999,0000000,39.48495833,-74.44291944,1,1
34,1,1,31,0,34,1,1,0,0,14,4,0,30,0,1,4,1,2,45,1,2,2,1,0,0,3,1,0,0,99,99,99,99,88,88,0,0,0,0,1,7,0,340056,0,2009,0,575,99999999999999999999,0000000,39.50576944,-74.51912778,1,1
34,5,2,2,5,51,2,2,0,1,13,2,0,12,1,2,1,3,2,50,1,1,2,2,3,3,3,1,0,0,5,55,6,1,88,88,0,0,0,0,1,2,0,340057,0,2009,490,US-130,DULTY'S LANE,0000000,40.09368889,-74.81327222,2,1
34,21,1,30,19,15,2,7,2,1,13,3,0,12,7,2,1,3,3,40,1,1,2,1,3,3,2,1,0,0,19,17,19,22,19,28,0,0,0,0,1,6,0,340058,3380,2009,21,SR-129,HAMILTON AVE,0000000,40.21354722,-74.75648611,2,1
34,29,2,1,14,43,3,7,0,0,13,3,0,12,1,2,1,1,2,35,1,2,2,1,3,3,1,1,0,0,99,99,99,99,99,99,0,0,0,0,1,1,1,340059,416,2009,63,SR-88,VAN ZILE RD,0000000,40.07380278,-74.11475556,3,1
34,17,1,31,2,21,2,3,1,1,13,4,0,8,0,2,1,1,2,25,1,1,2,1,3,3,3,1,0,0,99,99,99,99,88,88,0,0,0,0,1,7,0,340060,2205,2009,0,501,51ST ST,0000000,40.78429167,-74.02278333,2,1