STATE,COUNTY,MONTH,DAY,HOUR,MINUTE,VE_TOTAL,PERSONS,PEDS,NHS,ROAD_FNC,ROUTE,SP_JUR,HARM_EV,MAN_COLL,REL_JUNC,REL_ROAD,TRAF_FLO,NO_LANES,SP_LIMIT,ALIGNMNT,PROFILE,PAVE_TYP,SUR_COND,TRA_CONT,T_CONT_F,LGT_COND,WEATHER1,WEATHER2,WRK_ZONE,NOT_HOUR,NOT_MIN,ARR_HOUR,ARR_MIN,HOSP_HR,HOSP_MN,SCH_BUS,CF1,CF2,CF3,FATALS,DAY_WEEK,DRUNK_DR,ST_CASE,CITY,YEAR,MILEPT,TWAY_ID,TWAY_ID2,RAIL,LATITUDE,LONGITUD,VE_FORMS,WEATHER
34,29,2,4,13,11,2,3,0,0,14,4,0,12,5,2,1,3,2,45,1,3,2,1,3,3,1,1,0,0,99,99,99,99,99,99,0,0,0,0,1,4,0,340061,3360,2009,0,549,571,0000000,39.97906111,-74.182725,2,1
34,5,1,10,18,46,1,3,1,1,13,2,0,8,0,2,1,3,3,50,1,1,2,2,3,3,3,4,0,0,18,48,18,58,19,17,0,0,0,0,1,7,0,340063,481,2009,440,US-130,VAN SCIVER PKWY,0000000,40.05702222,-74.88730833,1,4
34,25,2,7,3,45,1,2,1,0,14,4,0,8,0,1,1,1,2,50,1,1,2,1,0,0,3,1,0,0,99,99,99,99,99,99,0,0,0,0,1,7,0,340064,3357,2009,0,51,99999999999999999999,0000000,40.27739722,-74.07510278,1,1
34,13,2,7,18,20,2,7,1,0,14,3,0,8,0,2,1,1,4,30,1,1,2,1,0,0,3,1,0,0,18,25,18,47,19,9,0,0,0,0,1,7,0,340065,230,2009,73,SR-7,OVERLOOK AVE,0000000,40.79894722,-74.14767222,2,1
34,25,2,8,17,7,1,2,0,0,15,6,0,33,0,1,4,1,2,35,2,2,2,1,0,0,5,1,0,0,99,99,99,99,99,99,0,0,0,0,1,1,1,340066,1925,2009,0,PORT MONMOUTH RD,99999999999999999999,0000000,40.43963056,-74.09824444,1,1
34,29,2,8,22,41,1,2,1,0,13,3,0,8,0,2,1,1,2,35,1,1,2,1,0,0,2,1,0,0,99,99,99,99,99,99,0,0,0,0,1,1,0,340067,2660,2009,88,SR-88,ALBERT CLIFTON AVE,0000000,40.08264444,-74.07005,1,1
34,9,2,10,3,58,1,1,0,0,15,4,0,42,0,2,5,1,2,50,1,1,2,1,0,0,3,1,0,0,3,58,99,97,99,97,0,0,0,0,1,3,1,340068,0,2009,0,631,602,0000000,39.26160833,-74.67068333,1,1
34,13,2,9,20,13,1,2,1,0,13,4,0,8,0,2,1,1,2,25,1,2,2,1,3,3,3,1,0,0,99,99,99,99,99,99,0,20,0,0,1,2,0,340069,3150,2009,0,510,VOSE AVE,0000000,40.74619167,-74.2592,1,1
34,5,2,11,21,58,1,1,0,0,6,4,0,1,0,1,1,1,2,50,2,2,2,2,0,0,2,1,0,0,99,99,99,99,88,88,0,0,0,0,1,4,1,340071,0,2009,0,664,99999999999999999999,0000000,40.10364722,-74.5678,1,1
34,21,2,4,15,55,2,3,0,0,15,4,0,12,5,2,1,1,2,40,1,1,2,1,3,3,1,1,0,0,16,0,99,97,99,97,0,0,0,0,1,4,0,340072,825,2009,0,539,OLD CRANBURY RD,0000000,40.28291389,-74.52095,2,1
34,5,2,12,12,37,2,3,0,0,12,8,0,12,3,1,1,3,3,65,1,1,2,1,0,0,1,1,0,0,12,37,12,43,13,30,0,0,0,0,1,5,0,340073,0,2009,440,700,99999999999999999999,0000000,40.02251944,-74.82573611,2,1
34,39,2,12,6,11,1,1,0,1,13,2,0,16,0,2,1,1,2,50,1,1,2,1,0,0,1,9,0,0,6,18,6,26,88,88,0,0,0,0,1,5,0,340074,2050,2009,490,US-22,ROBINHOOD RD,0000000,40.66792778,-74.37832222,1,9
34,35,1,20,17,13,3,4,0,1,13,2,0,12,5,2,1,1,4,40,1,1,2,1,3,3,5,1,0,0,99,99,99,99,99,99,0,0,0,0,1,3,0,340075,1194,2009,654,US-206,AMWELL RD,0000000,40.50237778,-74.64480278,3,1
34,17,2,14,19,8,2,3,0,1,14,4,0,12,5,2,1,1,2,25,1,1,2,1,3,3,3,1,0,0,99,99,99,99,99,99,0,0,0,0,1,7,1,340076,190,2009,0,501,31ST STREET,0000000,40.67240278,-74.11771667,2,1
34,35,2,15,22,30,1,2,0,0,16,6,0,33,0,1,4,1,2,35,2,1,2,1,0,0,2,1,0,0,22,35,22,44,23,25,0,0,0,0,1,1,1,340077,425,2009,0,FOOTHILL ROAD,99999999999999999999,0000000,40.58049444,-74.58041944,1,1
34,23,2,16,3,35,1,1,0,0,14,6,0,53,0,1,4,1,2,35,1,1,2,1,0,0,3,1,0,0,3,39,3,49,88,88,0,0,0,0,1,2,1,340078,0,2009,0,SANDHILLS RD,99999999999999999999,0000000,40.41654444,-74.55351389,1,1
34,17,2,16,14,14,6,2,1,0,16,6,0,14,7,1,4,1,2,0,1,1,2,1,0,0,1,1,0,0,99,99,99,99,99,99,0,0,0,0,1,2,0,340079,3410,2009,0,8TH ST,99999999999999999999,0000000,40.75843333,-74.04235833,1,1
34,29,2,16,21,28,1,2,1,1,13,3,0,8,0,2,1,9,9,50,9,9,2,9,99,9,9,9,0,0,99,99,99,99,99,99,0,0,0,0,1,2,0,340080,3360,2009,31,SR-37,BIMINI DR,0000000,39.98528056,-74.25855,1,9
34,13,2,13,1,55,1,2,1,0,13,4,0,8,0,1,1,1,2,25,1,2,2,1,0,0,3,1,0,0,1,55,2,1,88,88,0,0,0,0,1,6,0,340081,1990,2009,0,506,99999999999999999999,0000000,40.81254167,-74.21582222,1,1
34,13,2,4,18,44,1,2,1,0,16,6,0,8,0,2,1,1,2,99,1,1,2,1,3,3,3,1,0,0,99,99,99,99,99,99,0,0,0,0,1,4,0,340082,2130,2009,0,FLEMING AVE,CHAPEL ST,0000000,40.7323,-74.13974444,1,1
34,37,2,17,21,20,1,1,0,1,13,3,0,33,0,11,4,2,2,55,2,1,2,1,0,0,3,1,0,0,21,23,21,35,21,47,0,0,0,0,1,3,1,340083,3196,2009,104,SR-15,SR-181,0000000,41.0622,-74.64888056,1,1
34,11,2,18,18,19,1,1,0,1,2,3,0,42,0,1,5,2,2,65,1,1,2,1,0,0,2,1,0,0,99,99,99,99,88,88,0,0,0,0,1,4,0,340084,0,2009,214,SR-55,99999999999999999999,0000000,39.34521667,-74.98400556,1,1
34,13,2,18,21,40,1,2,1,1,12,8,0,8,0,1,1,3,3,55,2,2,2,2,0,0,2,2,0,0,21,43,99,97,99,97,0,0,0,0,1,4,0,340085,800,2009,1480,444,99999999999999999999,0000000,40.77603611,-74.20245833,1,2
34,11,1,24,12,10,2,5,0,1,2,3,0,12,5,2,1,1,2,50,2,1,2,1,0,0,1,1,0,0,12,22,12,37,13,14,0,0,0,0,1,7,0,340086,0,2009,206,SR-49,OLD COHANSEY RD,0000000,39.47112778,-75.30068889,2,1
34,7,2,14,17,15,2,5,0,0,15,4,0,12,5,1,1,1,2,35,1,1,2,1,0,0,1,1,0,0,17,11,17,15,17,36,0,0,0,0,1,7,0,340087,0,2009,0,704,99999999999999999999,0000000,39.75345,-74.99876944,2,1
34,25,2,18,18,13,3,5,0,1,13,4,0,13,2,3,1,3,4,40,1,1,2,2,0,0,3,1,0,0,99,99,99,99,99,99,0,0,0,0,1,4,0,340088,3357,2009,0,520,HANCE AVE,0000000,40.33650278,-74.08559444,3,1
34,35,2,19,17,48,1,1,0,0,14,4,0,37,0,1,5,1,2,40,2,2,2,1,0,0,5,1,0,0,17,53,18,10,88,88,0,0,0,0,1,5,0,340089,425,2009,0,620,99999999999999999999,0000000,40.64144167,-74.61580278,1,1
34,15,2,19,22,14,1,3,1,0,13,3,0,8,0,2,1,2,2,45,1,1,2,1,0,0,3,1,0,0,22,14,22,17,22,27,0,0,0,0,1,5,0,340090,0,2009,50,SR-42,JOHNSON RD,0000000,39.74961389,-75.04579444,1,1
34,19,2,19,7,8,1,1,0,0,15,4,0,30,0,1,5,1,2,45,1,1,2,4,0,0,1,1,0,0,7,5,7,33,8,13,0,0,0,0,1,5,0,340091,0,2009,0,514,99999999999999999999,0000000,40.48433889,-74.79421389,1,1
34,23,2,20,21,40,2,4,1,1,11,1,0,8,0,1,1,3,2,65,1,1,2,1,0,0,2,1,0,0,99,99,99,99,88,88,0,0,0,0,1,6,0,340092,0,2009,317,I-95,99999999999999999999,0000000,40.3948,-74.454725,2,1
34,23,2,21,23,0,1,2,1,1,13,2,0,8,0,2,1,3,3,55,1,1,2,1,0,0,3,1,0,0,99,99,99,99,99,99,0,0,0,0,1,7,0,340094,2417,2009,1249,US-9,FAIRWAY LA,0000000,40.40941111,-74.30583611,1,1
34,25,2,20,16,6,2,1,0,0,6,6,0,18,0,1,5,1,2,45,1,1,2,1,0,0,1,1,0,0,99,99,99,99,99,99,0,0,0,0,1,6,0,340095,0,2009,0,HERBERT RD,99999999999999999999,0000000,40.20877778,-74.54327778,1,1
34,41,2,19,17,30,1,1,0,0,6,4,0,42,0,1,5,1,2,35,2,2,2,1,0,0,1,6,0,0,17,33,17,47,88,88,0,0,0,0,1,5,1,340097,0,2009,0,635,99999999999999999999,0000000,40.64101944,-75.18030278,1,6
34,13,2,13,7,14,2,2,0,1,12,2,0,12,5,13,1,6,1,45,2,2,1,1,0,0,1,1,0,0,99,99,99,99,99,99,0,0,0,0,1,6,0,340098,2130,2009,514,US-1,99999999999999999999,0000000,40.73366667,-74.12653611,2,1
34,39,2,21,3,19,1,2,1,1,13,2,0,8,0,2,1,3,2,40,1,1,2,1,0,0,3,1,0,0,99,99,99,99,99,99,0,0,0,0,1,7,1,340099,860,2009,458,US-1,FLORA ST,0000000,40.66904722,-74.20278611,1,1
34,25,2,25,15,19,1,1,0,1,12,8,0,42,0,1,3,3,2,65,1,1,2,1,0,0,1,1,0,0,99,99,99,99,99,99,0,0,0,0,1,4,0,340100,1352,2009,1177,444,99999999999999999999,0000000,40.41034167,-74.19926667,1,1
34,1,2,26,10,2,2,5,0,0,15,6,0,12,5,2,1,1,2,45,1,1,2,1,0,0,1,1,0,0,10,7,10,11,10,45,0,0,0,0,1,5,0,340101,0,2009,0,WEST JERSEY AVE,FERNWOOD AVE,0000000,39.41388333,-74.59888889,2,1
34,39,2,26,4,15,1,2,0,1,11,1,0,25,0,1,4,3,3,65,2,1,2,1,0,0,3,1,0,0,4,20,99,97,99,97,0,0,0,0,2,5,0,340102,3207,2009,474,I-78,99999999999999999999,0000000,40.70043889,-74.354375,1,1
34,41,2,27,1,42,1,1,0,0,14,4,0,33,0,2,4,1,2,35,1,1,2,1,0,0,3,1,0,0,1,56,2,15,2,49,0,0,0,0,1,6,1,340104,1220,2009,0,517,OLD ALLAMUCHY RD,0000000,40.86575556,-74.82649722,1,1
34,1,2,27,8,59,2,2,0,0,14,4,0,12,2,1,1,1,2,45,1,1,2,1,0,0,1,1,0,0,9,4,9,11,9,33,0,0,0,0,1,6,0,340105,0,2009,0,651,99999999999999999999,0000000,39.37815833,-74.57899444,2,1
34,41,2,27,15,13,1,1,0,0,4,4,0,42,0,1,5,1,2,45,1,1,2,2,0,0,1,2,0,0,15,17,15,38,88,88,0,0,0,0,1,6,1,340106,0,2009,0,632,99999999999999999999,0000000,40.71153333,-74.998125,1,2
34,13,2,28,17,30,3,1,0,0,16,6,0,14,1,1,4,1,2,25,1,1,2,1,0,0,3,1,0,0,99,99,99,99,99,99,0,0,0,0,1,7,1,340107,2130,2009,0,MARNE ST,99999999999999999999,0000000,40.72446111,-74.15108333,1,1
34,17,2,28,18,56,1,4,1,1,14,6,0,8,0,2,1,1,2,25,1,1,2,1,0,0,3,1,0,0,99,99,99,99,99,99,0,0,0,0,1,7,0,340108,1520,2009,0,TONNELE AVE,PAVONIA AVE,0000000,40.73348611,-74.06733611,1,1
34,1,1,25,11,8,2,2,0,0,13,2,0,12,5,2,1,1,2,35,1,1,2,1,0,0,1,1,0,0,99,99,99,99,99,99,0,0,0,0,1,1,0,340110,2640,2009,394,US-9,PARK AVE,0000000,39.38705556,-74.53762222,2,1
34,25,3,3,16,21,1,2,1,0,15,4,0,8,0,1,1,1,2,30,1,1,2,9,0,0,1,1,0,0,99,99,99,99,99,99,0,0,0,0,1,3,0,340111,3130,2009,0,30 II,99999999999999999999,0000000,40.17205833,-74.02739722,1,1
34,29,3,4,20,51,1,2,1,0,14,2,0,8,0,2,1,1,2,50,1,1,2,1,3,3,2,1,0,0,99,99,99,99,99,99,0,0,0,0,1,4,0,340112,3180,2009,908,US-9,ARDMORE AVE,0000000,39.94202222,-74.20453611,1,1
34,23,3,5,19,42,1,2,1,1,11,1,0,8,0,1,2,3,3,65,1,1,2,1,0,0,2,1,0,0,88,88,88,88,88,88,0,0,0,0,1,5,0,340114,704,2009,239,I-95,99999999999999999999,0000000,40.28851944,-74.50080278,1,1
34,29,2,18,22,42,1,1,0,0,13,4,0,33,0,1,3,3,2,35,1,2,2,2,0,0,2,1,0,0,99,99,99,99,99,99,0,0,0,0,1,4,0,340115,416,2009,0,549,99999999999999999999,0000000,40.0623,-74.13692222,1,1
34,3,3,5,19,19,1,1,0,0,16,6,0,33,0,1,4,1,2,25,2,1,2,1,0,0,3,1,0,0,19,21,19,26,88,88,0,0,0,0,1,5,0,340116,900,2009,0,SUMMIT ST,99999999999999999999,0000000,40.88938889,-73.95003611,1,1
34,13,3,7,0,11,2,3,1,1,12,8,0,8,0,1,1,3,3,55,2,2,2,1,0,0,2,1,0,0,99,99,99,99,88,88,0,0,0,0,1,7,0,340117,320,2009,1511,444,99999999999999999999,0000000,40.80469722,-74.18483611,2,1
34,15,3,7,17,38,2,2,0,1,13,3,0,12,5,4,1,1,2,45,1,1,2,1,0,0,1,1,0,0,17,38,17,43,18,3,0,0,0,0,1,7,0,340118,1150,2009,637,SR-47,99999999999999999999,0000000,39.72346111,-75.11586389,2,1
34,1,3,7,2,51,2,3,0,1,2,8,0,12,1,1,1,2,3,65,1,1,2,2,0,0,2,1,0,0,99,99,99,99,99,99,0,0,0,0,1,7,1,340119,0,2009,186,446,99999999999999999999,0000000,39.52443611,-74.70325556,2,1
34,7,3,8,6,33,1,4,1,0,16,6,0,8,0,2,1,1,2,25,1,1,2,1,0,0,3,1,0,0,6,37,6,47,88,88,0,0,0,0,1,1,0,340120,3694,2009,0,TENTH AVE,RICHARDSON AVE,0000000,39.74808056,-74.89064444,1,1
34,13,3,7,15,15,2,2,0,1,12,3,0,33,0,1,4,3,2,55,2,1,2,1,0,0,1,1,0,0,99,99,99,99,88,88,0,0,0,0,1,7,1,340121,230,2009,59,SR-21,99999999999999999999,0000000,40.78359722,-74.14933611,2,1
34,3,3,9,10,23,1,1,0,1,13,3,0,42,0,1,5,3,3,55,1,1,2,2,0,0,1,2,0,0,10,28,10,38,88,88,0,0,0,0,1,2,0,340122,2950,2009,209,SR-17,99999999999999999999,0000000,41.03809167,-74.11295278,1,2
34,29,3,8,0,10,1,1,0,0,15,4,0,33,0,1,5,1,2,35,2,1,2,2,0,0,3,1,0,0,99,99,99,99,99,99,0,0,0,0,1,1,1,340123,0,2009,0,50,99999999999999999999,0000000,39.753525,-74.22371944,1,1
34,31,3,9,19,56,1,2,1,0,13,4,0,8,0,2,1,1,2,40,1,1,2,2,0,0,2,1,0,0,19,56,20,8,88,88,0,0,0,0,1,2,0,340124,3522,2009,0,681,PONDS CIRCLE,0000000,40.92552778,-74.23274167,1,1
34,33,3,11,14,6,2,3,0,0,14,2,0,12,2,2,1,1,2,50,1,1,2,1,0,0,1,1,0,0,14,2,14,30,14,56,0,0,0,0,1,4,0,340125,567,2009,17,US-130,SPRINGFIELD AVE,0000000,39.70031944,-75.47631667,2,1
34,23,3,14,5,8,3,4,0,1,11,1,0,14,1,1,2,3,3,65,1,1,2,1,0,0,2,1,0,0,5,11,5,23,5,51,0,0,0,0,1,7,1,340126,3705,2009,446,I-95,99999999999999999999,0000000,40.54035278,-74.31360556,2,1
34,29,3,14,21,36,1,7,0,0,13,3,0,33,0,2,4,1,4,35,1,1,2,1,0,0,3,1,0,0,99,99,99,99,99,99,0,0,0,0,1,7,0,340127,3360,2009,66,SR-35,WEST KINGFISHER WAY,0000000,39.99341389,-74.06633611,1,1
34,17,3,13,5,15,1,4,0,0,16,6,0,21,0,1,5,1,2,0,2,1,2,1,0,0,2,1,0,0,99,99,99,99,88,88,0,0,0,0,1,6,1,340128,2205,2009,0,83RD ST,99999999999999999999,0000000,40.81071667,-74.01901111,1,1
34,5,3,1,7,32,1,2,0,0,15,4,0,30,0,1,4,1,2,45,2,1,2,1,0,0,1,1,0,0,7,36,7,51,8,41,0,0,0,0,1,1,0,340129,0,2009,0,670,99999999999999999999,0000000,40.02792222,-74.65077222,1,1
34,11,3,18,0,41,1,1,0,0,14,3,0,42,0,1,5,1,2,45,1,2,2,1,0,0,3,1,0,0,0,41,0,46,1,2,0,0,0,0,1,4,0,340130,3460,2009,438,SR-47,99999999999999999999,0000000,39.44825556,-75.04237222,1,1
34,7,3,1,13,47,2,2,0,0,13,3,0,12,7,3,1,1,2,40,1,3,2,1,0,0,1,1,0,0,13,48,13,53,14,22,0,0,0,0,1,1,0,340131,0,2009,34,SR-168,BROWN AVE,0000000,39.81969444,-75.06796111,2,1
34,1,3,22,4,53,1,2,1,1,13,2,0,8,0,1,1,1,5,45,1,1,2,1,0,0,3,1,0,0,99,99,99,99,99,99,0,0,0,0,1,1,0,340132,0,2009,615,US-40,99999999999999999999,0000000,39.37954167,-74.49261667,1,1
34,23,3,20,21,24,1,2,1,0,14,4,0,8,0,1,1,1,2,40,2,1,2,1,0,0,2,1,0,0,21,26,21,36,88,88,0,0,0,0,1,6,0,340133,2417,2009,0,615,99999999999999999999,0000000,40.45183056,-74.31258611,1,1
34,1,3,24,9,42,2,3,0,1,13,2,0,12,5,4,1,1,4,50,1,1,2,1,0,0,1,1,0,0,9,52,10,2,10,14,0,0,0,0,1,3,0,340134,1270,2009,312,US-30,99999999999999999999,0000000,39.63021667,-74.77148889,2,1
34,21,3,24,10,20,1,3,1,1,13,2,0,8,0,2,1,4,2,25,1,1,2,1,0,0,1,1,0,0,10,20,10,26,10,40,0,0,0,0,1,3,0,340135,1650,2009,450,US-206,BRUNSWICK CIRCLE EXT,0000000,40.24548333,-74.74359444,1,1
34,3,3,27,0,42,2,2,0,1,11,1,0,12,1,1,1,3,2,55,2,1,2,2,0,0,2,2,0,0,1,3,1,16,1,36,0,0,0,0,1,6,1,340136,2780,2009,723,I-95,99999999999999999999,0000000,40.84692222,-74.01785278,2,2
34,29,3,28,2,52,1,2,0,1,12,8,0,31,0,1,4,2,3,65,1,1,2,2,0,0,3,2,0,0,99,99,99,99,99,99,0,0,0,0,1,7,0,340137,0,2009,692,444,99999999999999999999,0000000,39.81865556,-74.22796667,1,2
34,29,3,27,22,24,2,4,0,1,13,2,0,12,2,1,1,1,2,45,1,1,2,1,0,0,3,1,0,0,22,29,22,32,23,12,0,0,0,0,1,6,1,340138,1590,2009,994,US-9,99999999999999999999,0000000,40.05628889,-74.22031667,2,1
34,27,3,29,19,34,3,20,0,1,11,1,0,12,7,1,1,3,3,65,1,1,2,2,0,0,2,2,0,0,19,40,19,54,20,29,0,0,0,0,1,1,0,340139,0,2009,288,I-80,99999999999999999999,0000000,40.89267222,-74.66702222,3,2
34,29,3,26,13,20,2,3,0,0,4,4,0,12,2,1,1,1,2,50,2,1,2,2,0,0,1,2,0,0,99,99,99,99,99,99,0,0,0,0,3,5,0,340140,0,2009,320,539,99999999999999999999,0000000,40.04568611,-74.449625,2,2
34,13,3,29,2,30,3,6,0,0,13,4,0,12,5,2,1,1,2,25,1,1,2,2,3,3,3,2,0,0,99,99,99,99,99,99,0,0,0,0,1,1,0,340141,320,2009,0,506,JOHN KENNEDY DR,0000000,40.78933889,-74.19534167,3,2
34,17,3,22,2,41,1,2,0,0,16,6,0,5,0,1,1,1,2,25,1,1,2,1,0,0,3,1,0,0,99,99,99,99,99,99,0,0,0,0,1,1,0,340142,1430,2009,0,PARK AVE,99999999999999999999,0000000,40.73667222,-74.03398889,1,1
34,7,3,28,0,6,1,2,1,1,13,3,0,8,0,1,1,2,3,45,1,1,2,2,0,0,3,2,0,0,0,6,0,14,88,88,0,0,0,0,1,7,0,340143,598,2009,23,SR-70,99999999999999999999,0000000,39.91928056,-75.033875,1,2
34,29,3,28,6,59,1,3,0,1,12,8,0,27,0,1,4,2,2,65,1,1,2,2,0,0,4,2,0,0,7,1,99,99,99,99,0,0,0,0,1,7,1,340144,0,2009,780,444,99999999999999999999,0000000,39.90157222,-74.21226111,1,2
34,39,4,4,6,1,2,4,0,1,11,1,0,12,5,1,1,3,4,65,1,2,2,1,0,0,2,1,0,0,99,99,99,99,99,99,0,0,0,0,1,7,1,340145,1700,2009,510,I-95,99999999999999999999,0000000,40.60074167,-74.23014444,2,1
34,11,4,4,17,7,3,4,0,0,15,4,0,12,5,2,1,1,2,50,1,1,2,1,4,3,1,1,0,0,17,8,17,13,88,88,0,0,0,0,1,7,0,340146,0,2009,0,658,687,0000000,39.48919722,-75.184175,3,1
34,25,4,5,3,0,1,1,0,0,12,8,0,25,0,1,3,3,3,65,1,1,2,1,0,0,2,1,0,0,99,99,99,99,88,88,0,0,0,0,1,1,1,340147,1925,2009,1110,444,99999999999999999999,0000000,40.34441111,-74.11125833,1,1
34,31,4,5,13,0,2,2,0,0,14,4,0,12,5,2,1,1,2,45,2,1,2,1,0,0,1,1,0,0,99,99,99,99,99,99,0,0,0,0,1,1,0,340148,3522,2009,0,502,WORCESTER DRIVE,0000000,40.97654722,-74.23936111,2,1
34,21,4,4,18,20,1,1,0,0,16,6,0,33,0,1,4,1,2,25,1,1,2,1,0,0,1,1,0,0,18,23,18,33,18,53,0,0,0,0,1,7,0,340149,1265,2009,0,BUNTING AVE,99999999999999999999,0000000,40.19905,-74.74785833,1,1
34,17,3,31,19,50,1,2,1,0,14,4,0,8,0,1,1,1,2,25,1,1,2,1,0,0,3,1,0,0,99,99,99,99,99,99,0,0,0,0,1,3,0,340150,2205,2009,0,681,99999999999999999999,0000000,40.77835833,-74.03849167,1,1
34,39,4,6,14,30,2,3,1,0,13,3,0,33,0,2,4,1,2,25,1,1,2,2,0,0,1,2,0,0,14,38,14,45,99,99,0,0,0,0,1,2,0,340152,3570,2009,196,SR-28,EAST BROAD ST,0000000,40.64986944,-74.35017778,2,2
34,1,4,6,23,0,2,3,0,1,13,2,0,12,2,1,1,1,2,35,1,1,2,2,0,0,3,1,0,0,22,54,23,11,23,55,0,0,0,0,1,2,1,340153,470,2009,339,US-40,99999999999999999999,0000000,39.52572222,-74.93910556,2,1
34,5,4,7,5,2,1,2,1,0,13,3,0,8,0,1,1,3,3,50,2,2,2,1,0,0,2,1,0,0,5,0,5,10,88,88,0,0,0,0,1,3,0,340154,1290,2009,129,SR-38,99999999999999999999,0000000,39.97280833,-74.84914444,1,1
34,5,4,8,7,2,2,3,0,1,13,3,0,12,4,2,1,1,2,50,1,1,2,1,3,3,1,1,0,0,7,3,7,8,7,19,0,0,0,0,1,4,0,340155,0,2009,110,SR-70,TROTH ROAD,0000000,39.89521944,-74.87585,2,1
34,37,4,9,13,57,1,2,0,0,6,6,0,42,0,1,5,1,2,25,2,2,4,1,0,0,1,1,0,0,13,57,14,7,14,47,0,0,0,0,1,5,0,340157,0,2009,0,PINES RD,99999999999999999999,0000000,41.15028056,-74.72045278,1,1
34,29,4,9,5,38,1,2,1,0,16,6,0,8,0,1,1,1,2,25,2,1,2,1,0,0,2,1,0,0,99,99,99,99,99,99,0,0,0,0,1,5,0,340159,3360,2009,0,BANANIER DR,99999999999999999999,0000000,39.97576389,-74.24682778,1,1
34,23,4,10,21,15,1,1,0,0,16,6,0,33,0,1,4,1,2,35,2,2,2,2,0,0,2,2,0,0,21,23,21,24,88,88,0,0,0,0,1,6,1,340160,1986,2009,0,FEDERAL RD,99999999999999999999,0000000,40.29055833,-74.45756389,1,2
34,3,4,10,1,57,1,2,1,1,11,1,0,8,0,13,8,6,2,55,2,2,2,1,0,0,3,1,0,0,1,59,2,9,2,29,0,0,0,0,1,6,1,340161,1210,2009,654,I-80,99999999999999999999,0000000,40.87280833,-74.05966667,1,1
34,9,4,10,16,33,2,2,0,1,12,8,0,13,5,1,1,2,3,55,1,1,2,1,0,0,1,1,0,0,16,40,16,47,17,20,0,0,0,0,1,6,1,340162,530,2009,88,444,99999999999999999999,0000000,39.06760833,-74.82906389,2,1
34,35,4,13,21,5,1,1,0,0,15,4,0,42,0,1,4,1,2,45,1,1,2,1,0,0,2,1,0,0,21,16,99,97,99,97,0,0,0,0,1,2,0,340164,0,2009,0,533,99999999999999999999,0000000,40.44629444,-74.61171667,1,1
34,5,4,7,1,0,3,1,0,0,16,6,0,14,8,1,4,1,2,25,1,1,2,1,0,0,3,1,0,0,1,0,1,6,1,35,0,0,0,0,1,3,1,340165,735,2009,0,LEON AVE,99999999999999999999,0000000,40.02626667,-74.97202222,1,1
34,21,4,17,9,53,2,2,0,0,14,4,0,12,5,2,1,1,3,25,1,1,2,1,3,3,1,1,0,0,9,55,10,3,10,20,0,0,0,0,1,6,0,340167,0,2009,0,652,EAST STATE ST EXT.,0000000,40.23590278,-74.69038056,2,1
34,29,4,17,10,55,3,4,0,0,15,4,0,12,1,2,1,1,2,45,1,1,2,1,3,3,1,1,0,0,99,99,99,99,99,99,0,0,0,0,1,6,0,340168,0,2009,0,620,NORTH BAY AVE,0000000,40.01515833,-74.18530833,3,1
34,11,4,18,6,46,1,1,0,0,15,4,0,33,0,1,4,1,2,35,1,3,2,1,0,0,1,1,0,0,6,49,99,97,99,97,0,0,0,0,1,7,0,340169,3460,2009,0,540,99999999999999999999,0000000,39.48678611,-75.038575,1,1
34,7,4,19,12,42,2,4,1,1,12,3,0,8,0,1,2,3,3,55,1,1,2,1,0,0,1,1,0,0,12,41,12,51,14,4,0,0,0,0,1,1,0,340170,0,2009,97,SR-42,99999999999999999999,0000000,39.81251667,-75.06270278,1,1
34,5,4,19,19,39,1,1,0,1,11,1,0,42,0,1,5,3,3,65,1,1,2,1,0,0,1,1,0,0,19,42,19,56,88,88,0,0,0,0,1,1,0,340171,481,2009,482,I-295,99999999999999999999,0000000,40.05118056,-74.82570278,1,1
34,29,4,13,20,47,3,5,0,1,13,3,0,12,5,2,1,3,2,50,1,1,2,1,3,3,3,1,0,0,99,99,99,99,99,99,0,0,0,0,1,2,0,340172,1590,2009,522,SR-70,AIRPORT RD,0000000,40.05311111,-74.17904444,3,1
34,31,4,18,22,35,2,4,0,0,6,5,0,12,2,1,1,1,2,45,2,1,2,1,0,0,2,1,0,0,22,38,22,56,23,22,0,0,0,0,1,7,1,340173,3582,2009,0,MACOPIN ROAD,99999999999999999999,0000000,41.07073056,-74.39415556,2,1
34,39,4,18,11,38,2,2,0,0,15,4,0,12,5,2,1,4,2,25,1,1,2,1,0,0,1,1,0,0,99,99,99,99,99,99,0,0,0,0,1,7,1,340174,2730,2009,0,621,WITHERSPOON ST,0000000,40.59678889,-74.26280278,2,1
34,29,4,22,23,9,1,2,1,1,13,3,0,8,0,2,1,3,2,50,1,1,2,1,3,3,2,1,0,0,23,10,23,12,23,28,0,0,0,0,1,4,0,340176,1590,2009,522,SR-70,AIRPORT RD,0000000,40.05302778,-74.17905556,1,1
34,33,4,24,9,4,3,3,0,1,2,2,0,12,5,2,1,1,2,50,2,2,2,1,0,0,1,1,0,0,9,5,9,11,9,39,0,0,0,0,1,6,0,340177,2586,2009,139,US-40,GLASSBORO RD,0000000,39.637125,-75.27156111,3,1