STATE,COUNTY,MONTH,DAY,HOUR,MINUTE,VE_TOTAL,PERSONS,PEDS,NHS,ROAD_FNC,ROUTE,SP_JUR,HARM_EV,MAN_COLL,REL_JUNC,REL_ROAD,TRAF_FLO,NO_LANES,SP_LIMIT,ALIGNMNT,PROFILE,PAVE_TYP,SUR_COND,TRA_CONT,T_CONT_F,LGT_COND,WEATHER1,WEATHER2,WRK_ZONE,NOT_HOUR,NOT_MIN,ARR_HOUR,ARR_MIN,HOSP_HR,HOSP_MN,SCH_BUS,CF1,CF2,CF3,FATALS,DAY_WEEK,DRUNK_DR,ST_CASE,CITY,YEAR,MILEPT,TWAY_ID,TWAY_ID2,RAIL,LATITUDE,LONGITUD,VE_FORMS,WEATHER
34,5,4,25,12,59,9,23,0,1,12,8,0,12,1,1,1,3,3,65,1,1,2,1,0,0,1,1,0,0,12,55,13,11,13,36,0,0,0,0,5,7,0,340178,0,2009,350,700,99999999999999999999,0000000,39.93754722,-74.94576944,9,1
34,1,4,25,17,10,3,6,0,0,13,2,0,12,8,1,1,1,2,35,2,1,2,1,0,0,1,1,0,0,99,99,99,99,99,99,0,0,0,0,1,7,0,340179,2640,2009,416,US-9,99999999999999999999,0000000,39.41219167,-74.51571389,3,1
34,5,4,26,19,41,1,1,0,0,16,6,0,33,0,2,4,3,1,25,2,1,2,1,0,0,5,1,0,0,19,52,20,13,20,36,0,0,0,0,1,1,1,340180,1880,2009,0,HIGHBRIDGE BLVD,ABINGDON AVE,0000000,39.83626389,-74.81656389,1,1
34,29,4,23,16,34,1,1,0,0,14,4,0,33,0,3,4,1,2,50,1,1,2,1,0,0,1,1,0,0,99,99,99,99,88,88,0,0,0,0,1,5,0,340181,1505,2009,0,527,JEFFERSON CT,0000000,40.08786944,-74.30540556,1,1
34,19,4,24,6,30,2,2,0,0,14,4,0,12,2,1,1,1,2,50,1,1,2,1,0,0,1,1,0,0,6,32,6,52,88,88,0,0,0,0,1,6,0,340182,0,2009,0,523,99999999999999999999,0000000,40.64766111,-74.75694167,2,1
34,39,4,25,20,17,1,1,0,0,15,4,3,33,0,1,4,1,2,35,2,2,2,1,0,0,5,1,0,0,20,22,20,38,88,88,0,0,0,0,1,7,1,340183,2975,2009,0,642,99999999999999999999,0000000,40.67036944,-74.40143056,1,1
34,29,4,27,15,51,1,2,0,1,2,3,0,42,0,1,5,1,2,55,1,2,2,1,0,0,1,1,0,0,99,99,99,99,99,99,0,0,0,0,1,2,1,340184,0,2009,360,SR-70,99999999999999999999,0000000,39.957025,-74.42769444,1,1
34,3,4,24,11,48,2,4,0,1,12,8,0,13,2,1,1,3,3,55,1,1,2,1,0,0,1,1,0,0,12,5,12,22,12,48,0,0,0,0,1,6,0,340185,2942,2009,1603,444,99999999999999999999,0000000,40.90724444,-74.10063611,2,1
34,27,4,24,20,34,1,3,1,0,13,2,0,8,0,2,1,1,2,40,2,1,2,1,0,0,3,1,0,0,20,36,20,46,20,58,0,0,0,0,1,6,0,340186,750,2009,394,US-46,PALM ST,0000000,40.88773333,-74.53963889,1,1
34,5,4,27,15,45,2,2,0,0,13,4,0,12,1,1,1,1,2,35,1,1,2,1,0,0,1,1,0,0,15,47,15,54,16,21,0,0,0,0,1,2,0,340187,2540,2009,0,530,99999999999999999999,0000000,39.96775556,-74.68713056,2,1
34,39,4,29,21,17,1,2,1,0,14,4,0,8,0,2,1,1,2,25,1,1,2,1,0,0,3,1,0,0,99,99,99,99,99,99,0,0,0,0,1,4,0,340188,1700,2009,0,619,UNION ST,0000000,40.64066111,-74.25526111,1,1
34,23,4,29,2,59,1,2,1,1,13,3,0,8,0,2,1,1,2,45,1,1,2,1,3,3,2,1,0,0,3,2,3,7,88,88,0,0,0,0,1,4,0,340189,2570,2009,535,SR-35,DOROTHY ST,0000000,40.53196111,-74.27929444,1,1
34,5,5,1,2,34,1,2,1,1,2,2,0,8,0,1,1,1,2,55,1,1,2,1,0,0,2,1,0,0,2,34,2,40,88,88,0,0,0,0,1,6,0,340190,1805,2009,302,US-206,99999999999999999999,0000000,40.06591944,-74.72235278,1,1
34,35,4,30,10,2,6,6,0,1,13,2,0,12,7,3,5,3,2,55,1,1,2,1,0,0,1,1,0,0,10,2,10,8,10,42,0,0,0,0,1,5,1,340191,398,2009,214,US-202,N. BRANCH RIVER RD,0000000,40.56701944,-74.68572778,5,1
34,13,4,30,10,17,1,2,1,0,13,4,0,39,0,1,5,1,2,40,1,1,2,1,0,0,1,1,0,0,99,99,99,99,88,88,0,0,0,0,1,5,0,340192,3600,2009,0,636,99999999999999999999,0000000,40.80304167,-74.26440278,1,1
34,25,5,1,20,22,1,4,1,0,14,4,0,8,0,1,1,1,2,35,1,1,2,2,0,0,3,5,0,0,99,99,99,99,88,88,0,0,0,0,1,6,0,340193,8,2009,0,3,99999999999999999999,0000000,40.40466389,-74.21654167,1,5
34,23,4,30,21,16,1,2,1,1,13,2,0,8,0,1,1,3,3,50,2,1,2,1,0,0,3,1,0,0,21,18,21,26,88,88,0,0,0,0,1,5,0,340194,2970,2009,1312,US-9,99999999999999999999,0000000,40.49311111,-74.297575,1,1
34,31,5,3,21,45,1,2,0,1,12,3,0,25,0,1,4,3,3,55,2,1,2,2,0,0,3,2,0,0,99,99,99,99,88,88,0,0,0,0,2,1,1,340195,2500,2009,114,SR-21,99999999999999999999,0000000,40.85345556,-74.12218056,1,2
34,39,5,1,9,5,2,2,0,0,15,4,0,12,5,2,1,1,2,35,1,1,2,2,0,0,1,2,0,0,99,99,99,99,99,99,0,0,0,0,1,6,0,340196,2975,2009,0,634,JERUSALEM RD,0000000,40.66360556,-74.3864,2,2
34,5,5,4,20,20,1,2,1,1,13,2,0,8,0,1,1,1,2,50,1,2,2,2,0,0,2,2,0,0,20,22,20,26,21,0,0,0,0,0,1,2,0,340197,1805,2009,531,US-130,99999999999999999999,0000000,40.12205833,-74.74591389,1,2
34,29,5,3,9,30,2,4,0,0,14,4,0,12,5,1,1,1,2,50,2,1,2,2,0,0,1,2,0,0,99,99,99,99,99,99,0,0,0,0,1,1,1,340198,1505,2009,0,639,99999999999999999999,0000000,40.09117222,-74.26629167,2,2
34,25,4,28,14,31,1,2,0,0,16,6,0,33,0,1,4,1,2,25,2,1,2,1,0,0,1,1,0,0,99,99,99,99,99,99,0,0,0,0,1,3,0,340199,1352,2009,0,CRESCI BLVD,99999999999999999999,0000000,40.40793333,-74.20435278,1,1
34,29,5,5,10,13,2,2,0,0,15,4,0,12,5,3,1,1,2,40,1,1,2,2,0,0,1,1,0,0,99,99,99,99,99,99,0,0,0,0,1,3,0,340200,0,2009,0,EVERGREEN RD,MONMOUTH RD,0000000,40.08723333,-74.53348056,2,1
34,5,5,8,21,52,1,1,0,1,2,8,0,42,0,1,3,2,2,65,1,1,2,1,0,0,2,1,0,0,21,55,22,3,88,88,0,0,0,0,1,6,0,340201,0,2009,542,444,99999999999999999999,0000000,39.61736667,-74.41606389,1,1
34,7,5,11,0,59,1,1,0,0,14,4,0,42,0,1,5,1,2,40,2,1,2,1,0,0,3,1,0,0,0,59,1,13,1,51,0,0,0,0,1,2,1,340202,2600,2009,0,668,99999999999999999999,0000000,39.78012778,-75.00397222,1,1
34,29,5,10,0,54,1,4,1,0,14,2,0,8,0,1,1,1,2,45,1,1,2,1,0,0,2,1,0,0,99,99,99,99,99,99,0,0,0,0,1,1,0,340203,0,2009,797,US-9,99999999999999999999,0000000,39.80959167,-74.19938611,1,1
34,21,5,9,19,1,1,1,0,1,13,2,0,1,0,2,1,2,2,50,2,1,2,1,0,0,1,1,0,0,99,99,99,99,88,88,0,0,0,0,1,7,1,340204,1265,2009,595,US-130,SR-156,0000000,40.18511944,-74.65886944,1,1
34,23,5,9,18,15,1,4,1,0,16,6,0,8,0,1,1,1,2,10,1,1,2,1,0,0,1,1,0,0,18,18,18,29,18,46,0,0,0,0,1,7,0,340205,844,2009,0,HANA RD,99999999999999999999,0000000,40.53001389,-74.40846944,1,1
34,25,5,12,23,40,1,1,0,0,4,4,0,42,0,1,5,1,2,45,1,1,2,1,0,0,2,1,0,0,99,99,99,99,99,99,0,0,0,0,1,3,0,340206,1465,2009,0,524,99999999999999999999,0000000,40.178825,-74.16915833,1,1
34,17,5,14,7,40,2,3,0,0,14,4,0,12,5,2,1,1,2,25,1,1,2,1,0,0,1,1,0,0,99,99,99,99,99,99,0,0,0,0,1,5,0,340207,1520,2009,0,501,CLINTON AVENUE,0000000,40.71880833,-74.07856389,2,1
34,5,5,18,17,5,1,2,1,0,13,3,0,8,0,1,1,1,2,50,1,1,2,1,0,0,1,1,0,0,17,6,17,8,88,88,0,0,0,0,1,2,0,340208,1774,2009,177,SR-38,99999999999999999999,0000000,39.97754722,-74.76140556,1,1
34,11,5,14,20,44,1,1,0,0,16,6,0,42,0,2,5,1,2,25,2,1,2,1,0,0,3,1,0,0,20,42,21,0,88,88,0,0,0,0,1,5,1,340209,0,2009,0,SOUTH LAKE SHORE DR,CANARY RD,0000000,39.33423611,-75.03492778,1,1
34,21,5,9,19,15,1,2,1,0,16,6,0,8,0,2,1,1,2,25,1,1,2,1,0,0,1,1,0,0,19,18,19,27,19,40,0,0,0,0,2,7,1,340210,3380,2009,0,LIBERTY ST,MCCABE ALLEY,0000000,40.20751667,-74.73945278,1,1
34,23,5,14,20,46,1,3,0,0,13,2,0,33,0,3,4,1,3,50,1,2,2,1,0,0,3,1,0,0,20,54,21,5,21,23,0,0,0,0,1,5,0,340211,3705,2009,1350,US-9,MAIN ST,0000000,40.55026667,-74.29105278,1,1
34,17,5,16,0,17,1,1,0,1,13,3,0,25,0,2,4,3,2,45,2,1,2,1,0,0,3,1,0,0,99,99,99,99,88,88,0,0,0,0,1,7,0,340213,1520,2009,10,SR-139,PALISADES AVE,0000000,40.73160556,-74.05253056,1,1
34,25,5,17,15,35,1,1,0,1,13,8,0,42,0,1,3,2,2,65,1,1,2,1,0,0,1,1,0,0,99,99,99,99,88,88,0,0,0,0,1,1,0,340214,1925,2009,1095,444,99999999999999999999,0000000,40.32766944,-74.09868611,1,1
34,11,5,21,5,38,2,3,0,0,13,3,0,12,5,2,1,1,2,45,1,1,2,1,0,0,4,1,0,0,5,55,6,8,6,35,0,0,0,0,1,5,0,340217,3460,2009,262,SR-47,WEST FOREST GROVE RD,0000000,39.52726944,-75.04269444,2,1
34,27,5,21,18,53,1,8,0,1,11,1,0,1,0,1,1,3,3,65,2,1,2,1,0,0,1,1,0,0,19,2,19,8,19,40,0,0,0,0,1,5,0,340218,2498,2009,470,I-80,99999999999999999999,0000000,40.86293333,-74.35611111,1,1
34,29,5,24,3,14,1,6,1,0,14,4,0,8,0,1,1,1,2,40,1,1,2,1,0,0,3,1,0,0,99,99,99,99,99,99,0,0,0,0,1,1,0,340219,3360,2009,0,571,99999999999999999999,0000000,39.96980278,-74.14360556,1,1
34,29,5,24,21,2,2,2,0,0,14,4,0,12,5,2,1,1,2,35,1,1,2,1,0,0,2,1,0,0,99,99,99,99,99,99,0,0,0,0,1,1,1,340220,2650,2009,0,630,DELLWOOD RD,0000000,40.06993611,-74.072175,2,1
34,29,5,25,18,3,2,5,1,1,13,3,0,9,0,1,1,1,2,55,1,2,2,1,0,0,1,1,0,0,99,99,99,99,99,99,0,0,0,0,1,2,0,340221,0,2009,209,SR-72,99999999999999999999,0000000,39.71888056,-74.28511667,2,1
34,15,5,23,22,15,1,2,0,0,6,6,0,30,0,1,5,1,2,45,1,1,2,1,0,0,2,1,0,0,22,21,22,29,23,16,0,0,0,0,1,7,1,340222,1082,2009,0,MARSHALL MILL RD,99999999999999999999,0000000,39.58421111,-75.03898056,1,1
34,21,5,24,19,51,2,2,0,0,14,4,0,12,4,2,1,1,2,25,1,1,2,1,0,0,5,1,0,0,19,52,19,59,20,9,0,0,0,0,1,1,0,340223,3380,2009,0,606,WHITTAKER AVE,0000000,40.21524167,-74.74988333,2,1
34,5,5,24,1,15,2,2,0,0,13,3,0,12,4,2,1,2,2,40,1,1,2,1,3,3,3,1,0,0,1,16,1,19,2,5,0,0,0,0,1,1,1,340224,0,2009,86,SR-70,NORTH MAPLE AVE,0000000,39.894,-74.92208056,2,1
34,27,5,27,6,46,2,2,0,0,5,4,0,42,0,1,5,1,2,30,2,1,2,1,0,0,1,1,0,0,6,46,7,2,88,88,0,0,0,0,1,4,0,340225,0,2009,0,646,99999999999999999999,0000000,40.74270556,-74.48825,2,1
34,21,5,24,0,15,1,2,1,0,14,4,0,8,0,2,1,1,2,25,1,1,2,1,0,0,3,1,0,0,0,9,0,13,0,21,0,0,0,0,1,1,1,340226,935,2009,0,653,NEW TRENT AVE,0000000,40.23327222,-74.76429167,1,1
34,11,5,29,16,52,1,1,0,0,14,3,0,42,0,1,5,1,2,50,1,1,2,1,0,0,1,1,0,0,17,2,17,11,17,33,0,0,0,0,1,6,0,340227,1970,2009,370,SR-49,99999999999999999999,0000000,39.34654444,-75.00949722,1,1
34,11,5,28,20,19,1,4,0,0,6,4,0,42,0,1,5,1,2,50,1,1,2,1,0,0,1,1,0,0,20,26,20,34,99,99,0,0,0,0,1,5,0,340228,724,2009,0,666,99999999999999999999,0000000,39.46270278,-75.14755833,1,1
34,31,5,30,3,4,2,4,1,1,12,3,0,12,6,13,1,6,1,30,2,2,2,1,0,0,2,1,0,0,99,99,99,99,99,99,0,19,0,0,1,7,1,340229,660,2009,93,SR-21,99999999999999999999,0000000,40.82524722,-74.12369444,1,1
34,27,5,31,13,24,2,4,0,0,16,6,0,12,2,1,1,1,2,50,2,1,2,1,0,0,1,1,0,0,99,99,99,99,88,88,0,0,0,0,1,1,0,340230,0,2009,0,COZY LAKE RD,99999999999999999999,0000000,41.04483333,-74.47012778,2,1
34,17,5,31,2,55,1,2,1,1,12,3,0,8,0,1,1,3,3,50,1,2,2,1,0,0,3,1,0,0,99,99,99,99,88,88,0,0,0,0,1,1,0,340231,2205,2009,9,SR-495,99999999999999999999,0000000,40.77608889,-74.04095278,1,1
34,21,6,1,11,13,1,2,1,1,13,2,0,8,0,2,1,1,2,25,1,2,2,1,3,3,1,1,0,0,11,11,11,15,88,88,0,0,0,0,1,2,0,340232,3380,2009,425,US-206,MARKET ST,0000000,40.21586667,-74.76187778,1,1
34,5,6,1,8,34,1,2,1,0,15,6,0,8,0,1,2,1,2,35,1,2,2,1,0,0,1,1,0,0,99,99,99,99,99,99,0,0,0,0,1,2,1,340233,0,2009,0,NORTH ELMWOOD RD,99999999999999999999,0000000,39.90471667,-74.88269444,1,1
34,27,5,21,22,26,1,3,1,0,13,2,0,8,0,2,1,1,4,35,1,1,2,1,3,3,3,1,0,0,99,99,99,99,99,99,0,0,0,0,1,5,0,340234,750,2009,384,US-46,CR-661,0000000,40.88787778,-74.55613611,1,1
34,15,6,2,6,55,2,2,0,0,14,4,0,12,5,2,1,1,2,50,1,1,2,1,0,0,1,1,0,0,6,55,7,4,88,88,0,0,0,0,1,3,0,340235,620,2009,0,655,DESCHLER BLVD,0000000,39.67664167,-75.05361667,2,1
34,25,6,2,14,41,2,3,0,0,13,3,0,12,5,2,1,1,2,45,1,1,2,1,0,0,1,1,0,0,99,99,99,99,99,99,0,0,0,0,1,3,0,340236,1832,2009,104,SR-79,ROOSEVELT AVE,0000000,40.38353333,-74.24100278,2,1
34,31,5,30,16,0,1,3,0,1,12,8,0,1,0,1,1,3,3,55,2,2,2,1,0,0,1,1,0,0,99,99,99,99,99,99,0,0,0,0,1,7,0,340237,660,2009,1566,444,99999999999999999999,0000000,40.88366111,-74.16285278,1,1
34,17,6,4,11,56,1,2,0,1,12,3,0,17,0,1,3,2,2,50,2,2,2,1,0,0,1,1,0,0,99,99,99,99,99,99,0,0,0,0,1,5,0,340238,2205,2009,8,SR-495,99999999999999999999,0000000,40.77690556,-74.04319722,1,1
34,29,6,4,14,24,1,3,1,0,14,2,0,9,0,1,2,2,2,45,1,1,2,1,0,0,1,1,0,0,99,99,99,99,99,99,0,0,0,0,1,5,0,340239,0,2009,799,US-9,99999999999999999999,0000000,39.81529444,-74.20110278,1,1
34,7,6,5,6,16,1,1,0,1,13,2,0,30,0,3,5,3,3,40,1,1,2,2,0,0,1,2,0,0,6,23,6,38,6,49,0,0,0,0,1,6,0,340240,2545,2009,315,US-130,HOMESTEAD AVE,0000000,39.94351111,-75.070675,1,2
34,13,6,5,15,40,1,2,0,0,14,4,0,42,0,1,5,1,2,40,1,2,2,2,0,0,1,2,0,0,15,44,15,52,88,88,0,0,0,0,2,6,0,340241,2890,2009,0,611,99999999999999999999,0000000,40.82115,-74.297875,1,2
34,3,6,6,6,27,1,1,0,1,12,3,0,33,0,1,4,3,3,50,2,2,2,2,0,0,1,1,0,0,6,29,6,41,7,1,0,0,0,0,1,7,1,340242,1060,2009,104,SR-4,99999999999999999999,0000000,40.86781667,-73.97341389,1,1
34,5,6,8,1,8,1,2,1,1,13,2,0,8,0,1,1,3,3,50,1,2,2,1,0,0,2,1,0,0,1,8,1,16,88,88,0,0,0,0,1,2,0,340243,481,2009,394,US-130,99999999999999999999,0000000,40.01424722,-74.95775278,1,1
34,5,6,7,18,23,1,1,0,0,6,6,0,42,0,1,5,1,2,50,2,1,2,1,0,0,1,1,0,0,18,20,18,34,19,8,0,0,0,0,1,1,1,340244,0,2009,0,SAVOY BLVD,99999999999999999999,0000000,39.86837778,-74.46679167,1,1
34,31,5,7,3,6,1,1,0,1,13,3,0,33,0,1,4,3,3,45,1,2,2,2,0,0,3,2,0,0,3,34,3,43,88,88,0,0,0,0,1,5,1,340245,2510,2009,9,SR-20,99999999999999999999,0000000,40.90514167,-74.13491111,1,2
34,17,5,15,2,40,1,2,1,1,11,1,0,8,0,1,1,3,3,55,2,2,2,1,0,0,2,1,0,0,99,99,99,99,99,99,0,19,0,0,1,6,0,340246,3040,2009,660,I-95,99999999999999999999,0000000,40.76599722,-74.06805278,1,1
34,17,6,4,11,4,2,9,0,0,14,4,0,12,2,1,1,1,2,25,2,2,2,1,0,0,1,1,0,0,99,99,99,99,99,99,0,0,0,0,1,5,0,340247,1520,2009,0,681,99999999999999999999,0000000,40.74714444,-74.04023333,2,1
34,35,6,11,6,16,2,2,0,1,1,1,0,14,1,1,2,2,3,65,1,1,2,2,0,0,3,2,0,0,6,23,6,33,88,88,0,0,0,0,1,5,0,340248,214,2009,302,I-78,99999999999999999999,0000000,40.64389167,-74.657175,1,2
34,37,6,13,17,19,2,6,0,0,2,3,0,12,6,1,1,1,2,50,2,2,2,2,0,0,1,1,0,0,17,22,17,42,18,22,0,0,0,0,1,7,0,340250,0,2009,437,SR-23,99999999999999999999,0000000,41.25709722,-74.63008333,2,1
34,41,6,14,16,6,1,1,0,1,11,1,0,24,0,1,3,2,3,65,2,2,2,1,0,0,1,1,0,0,16,6,16,15,88,88,0,0,0,0,1,1,0,340252,1455,2009,108,I-80,99999999999999999999,0000000,40.929725,-74.98143333,1,1
34,41,5,30,13,32,1,1,0,1,13,3,0,33,0,2,4,1,4,40,2,2,2,1,0,0,1,1,0,0,13,32,13,55,14,23,0,0,0,0,1,7,0,340253,2450,2009,468,SR-31,KENT ST,0000000,40.80299167,-74.99319167,1,1
34,13,6,13,7,0,1,2,1,1,12,2,0,8,0,1,1,3,2,50,1,1,2,1,0,0,4,1,0,0,99,99,99,99,88,88,0,0,0,0,1,7,0,340254,2130,2009,518,US-1&9,99999999999999999999,0000000,40.73259722,-74.11871667,1,1
34,7,6,15,16,37,1,2,1,1,13,2,0,9,0,2,1,1,5,40,1,1,2,1,3,3,1,1,0,0,16,43,16,43,17,5,0,0,0,0,1,2,0,340255,3270,2009,117,US-30,LAUREL RD,0000000,39.83362778,-75.00552778,1,1
34,5,6,15,21,2,1,1,0,0,14,4,0,30,0,1,4,1,2,45,2,1,2,1,0,0,2,1,0,0,21,4,21,22,21,33,0,0,0,0,1,2,1,340256,1880,2009,0,541,99999999999999999999,0000000,39.92546944,-74.82783889,1,1
34,7,6,3,21,49,2,2,0,0,14,4,0,12,2,1,1,1,2,35,2,1,2,1,0,0,2,1,0,0,21,52,22,18,22,51,0,0,0,0,1,4,0,340257,0,2009,0,675,99999999999999999999,0000000,39.79158889,-74.9062,2,1
34,3,6,17,19,30,1,2,1,0,13,3,0,8,0,2,1,1,2,25,1,1,2,1,3,3,1,1,0,0,99,99,99,99,99,99,0,0,0,0,1,4,0,340258,2460,2009,12,SR-93,501,0000000,40.85053333,-74.00141667,1,1
34,3,6,17,23,42,1,2,1,0,13,4,0,8,0,2,1,1,2,35,1,1,2,1,3,3,3,1,0,0,23,42,23,48,0,1,0,0,0,0,1,4,0,340259,1210,2009,0,503,TEMPLE AVE,0000000,40.89870556,-74.03719722,1,1
34,31,6,17,6,34,2,2,0,1,13,8,0,1,0,1,1,3,3,55,2,2,2,1,0,0,1,1,0,1,99,99,99,99,99,99,0,0,0,0,1,4,0,340260,660,2009,1565,444,99999999999999999999,0000000,40.88362778,-74.16295,2,1
34,19,6,20,13,4,4,10,0,0,14,4,0,12,5,1,1,1,2,50,2,1,2,2,0,0,1,2,0,0,13,9,13,27,14,15,0,0,0,0,1,7,0,340261,2757,2009,0,523,99999999999999999999,0000000,40.58993889,-74.78886944,4,2
34,1,6,20,17,18,1,1,0,1,13,3,0,30,0,1,5,2,2,50,1,1,2,2,0,0,1,2,0,0,17,27,17,36,17,46,0,0,0,0,1,7,0,340262,0,2009,338,SR-30,99999999999999999999,0000000,39.60653056,-74.75940833,1,2
34,11,6,21,0,17,2,3,0,1,2,3,0,12,8,1,1,1,2,45,2,1,2,1,0,0,3,1,0,0,0,18,0,38,88,88,0,0,0,0,1,1,0,340263,1845,2009,339,SR-47,99999999999999999999,0000000,39.31443611,-74.98345,2,1
34,31,6,19,23,3,2,2,0,0,13,4,0,12,5,2,1,1,2,25,1,1,2,1,0,0,3,1,0,0,23,10,23,10,23,47,0,0,0,0,1,6,0,340264,2510,2009,0,646,ELBERON AVE,0000000,40.91262778,-74.19882778,2,1
34,21,6,20,17,20,2,5,0,0,4,4,0,12,2,1,1,1,2,45,1,1,2,2,0,0,1,1,0,0,17,24,17,37,18,3,0,0,0,0,1,7,0,340265,0,2009,0,624,99999999999999999999,0000000,40.33244444,-74.77661944,2,1
34,39,6,21,10,30,1,1,0,1,12,8,0,42,0,1,5,3,3,55,2,1,2,2,0,0,1,1,0,0,10,43,11,4,11,20,0,0,0,0,1,1,0,340266,616,2009,1371,444,99999999999999999999,0000000,40.63554722,-74.29457222,1,1
34,11,6,20,16,3,1,3,0,0,6,6,0,42,0,1,5,1,2,50,2,2,2,2,0,0,1,1,0,0,16,3,16,37,17,30,0,0,0,0,1,7,0,340267,0,2009,0,ACKLEY RD,99999999999999999999,0000000,39.31241944,-75.13305278,1,1
34,29,6,3,4,6,1,2,1,1,12,8,0,18,0,1,1,2,3,65,2,2,2,1,0,0,3,1,0,1,99,99,99,99,99,99,0,0,0,0,1,4,0,340268,0,2009,784,444,99999999999999999999,0000000,39.90631389,-74.21256111,1,1
34,29,6,5,9,27,3,6,0,1,13,3,0,12,1,3,1,3,3,40,1,1,2,2,3,3,1,2,0,0,99,99,99,99,99,99,0,0,0,0,1,6,0,340270,416,2009,544,SR-70,CHAMBERS BRIDGE RD,0000000,40.06056667,-74.14119167,3,2
34,11,6,21,23,16,1,2,0,0,14,4,0,42,0,1,4,1,2,50,1,1,2,2,0,0,3,2,0,0,23,19,23,28,99,99,0,0,0,0,2,1,0,340271,1970,2009,15,627,99999999999999999999,0000000,39.35305,-75.04814444,1,2
34,25,6,22,9,54,2,2,0,0,6,6,0,12,2,1,1,1,2,45,1,2,2,1,0,0,1,1,0,0,9,55,10,8,88,88,0,0,0,0,1,2,0,340272,0,2009,0,SHARON STATION RD,99999999999999999999,0000000,40.17087222,-74.54180833,2,1
34,29,6,23,13,33,1,1,0,0,14,2,0,42,0,1,5,1,2,45,1,1,2,1,0,0,1,1,0,0,99,99,99,99,99,99,0,0,0,0,1,3,0,340273,0,2009,690,US-9,99999999999999999999,0000000,39.67621944,-74.27503333,1,1
34,25,6,24,17,36,2,2,0,0,13,3,0,12,2,1,1,1,4,40,1,2,2,1,0,0,1,1,0,0,99,99,99,99,99,99,0,0,0,0,1,4,1,340274,2109,2009,398,SR-33,99999999999999999999,0000000,40.20736111,-74.05815,2,1
34,13,6,23,6,6,3,3,0,0,16,6,0,12,4,2,1,1,2,25,1,1,2,1,3,3,4,1,0,0,99,99,99,99,99,99,0,20,0,0,1,3,0,340275,2130,2009,0,DAYTON ST,FOSTER ST,0000000,40.69808056,-74.20037222,2,1
34,33,6,25,19,14,1,2,1,0,15,4,0,9,0,2,1,1,2,40,1,1,2,1,3,3,1,1,0,0,19,16,19,29,19,42,0,0,0,0,1,5,0,340277,2617,2009,307,520,638,0000000,39.49808056,-75.08773333,1,1
34,35,6,26,16,25,1,1,0,1,13,2,0,35,0,1,5,3,2,55,1,2,2,1,0,0,1,1,0,0,16,26,16,33,16,57,0,0,0,0,1,6,0,340278,425,2009,383,US-22,99999999999999999999,0000000,40.57739167,-74.53974722,1,1
34,7,6,27,8,10,1,1,0,0,14,4,0,33,0,1,4,2,2,35,1,1,1,1,0,0,1,1,0,0,8,16,8,24,8,59,0,0,0,0,1,7,0,340279,2545,2009,55,537,99999999999999999999,0000000,39.95282222,-75.02665278,1,1
34,7,6,27,23,58,1,1,0,0,13,4,0,33,0,2,4,1,2,40,1,1,2,2,3,3,2,1,0,0,23,57,0,3,0,14,0,0,0,0,1,7,1,340280,3465,2009,0,561,WHITE HORSE RD,0000000,39.85385,-74.98224722,1,1
34,25,6,26,13,50,1,1,0,1,11,1,0,24,0,1,3,2,3,65,1,1,2,1,0,0,1,1,0,0,13,59,14,26,15,9,0,0,0,0,1,6,0,340281,1465,2009,257,I-195,99999999999999999999,0000000,40.15604722,-74.25916667,1,1
34,39,6,29,23,50,2,2,0,1,13,2,0,33,0,1,4,3,2,45,1,1,2,1,0,0,3,1,0,0,99,99,99,99,99,99,0,0,0,0,1,2,0,340282,1700,2009,423,US-1,99999999999999999999,0000000,40.64372222,-74.228075,2,1
34,11,7,1,11,0,1,1,0,0,14,4,0,30,0,1,5,1,2,50,1,1,2,1,0,0,1,1,0,0,99,99,99,99,99,99,0,0,0,0,1,4,0,340283,724,2009,0,552,99999999999999999999,0000000,39.43559722,-75.11541389,1,1
34,13,6,28,20,9,2,2,0,0,14,6,0,12,5,2,1,1,2,0,1,1,2,1,3,3,3,1,0,0,99,99,99,99,99,99,0,0,0,0,1,1,1,340284,2130,2009,0,MOUNT PROSPECT AVE,GRAFTON AVE,0000000,40.77750278,-74.16486111,2,1
34,33,7,1,1,48,2,2,0,1,2,2,0,12,5,2,1,1,4,50,1,1,2,1,0,0,3,1,0,0,1,50,2,1,88,88,0,0,0,0,1,4,1,340285,0,2009,146,US-40,581,0000000,39.63180278,-75.26063889,2,1
34,23,7,2,2,14,2,2,0,0,13,2,0,12,5,2,1,2,2,55,2,1,2,2,3,3,3,2,0,0,2,14,2,22,88,88,0,0,0,0,1,5,1,340287,2208,2009,806,US-130,RENAISSANCE RD,0000000,40.428175,-74.49356944,2,2
34,21,7,2,22,56,1,2,1,0,14,4,0,15,0,2,1,1,2,25,1,1,2,1,2,3,2,1,0,0,22,56,23,2,23,18,0,0,0,0,1,5,0,340288,1650,2009,0,583,FREEDOM BLVD,0000000,40.246875,-74.74559167,1,1
34,35,7,3,1,45,1,1,0,0,15,6,0,33,0,2,4,1,2,35,2,2,2,1,0,0,3,1,0,0,2,0,2,13,88,88,0,0,0,0,1,6,1,340289,425,2009,0,FOOTHILL RD,RONSON RD,0000000,40.57859167,-74.57795556,1,1