STATE,COUNTY,MONTH,DAY,HOUR,MINUTE,VE_TOTAL,PERSONS,PEDS,NHS,ROAD_FNC,ROUTE,SP_JUR,HARM_EV,MAN_COLL,REL_JUNC,REL_ROAD,TRAF_FLO,NO_LANES,SP_LIMIT,ALIGNMNT,PROFILE,PAVE_TYP,SUR_COND,TRA_CONT,T_CONT_F,LGT_COND,WEATHER1,WEATHER2,WRK_ZONE,NOT_HOUR,NOT_MIN,ARR_HOUR,ARR_MIN,HOSP_HR,HOSP_MN,SCH_BUS,CF1,CF2,CF3,FATALS,DAY_WEEK,DRUNK_DR,ST_CASE,CITY,YEAR,MILEPT,TWAY_ID,TWAY_ID2,RAIL,LATITUDE,LONGITUD,VE_FORMS,WEATHER
34,37,7,3,5,43,1,1,0,1,2,3,0,42,0,1,5,1,2,45,2,2,2,1,0,0,1,1,0,0,5,44,6,0,88,88,0,0,0,0,1,6,1,340290,0,2009,418,SR-23,99999999999999999999,0000000,41.23250833,-74.61819722,1,1
34,15,7,3,10,35,1,2,0,1,12,3,0,42,0,1,3,2,2,65,1,1,2,1,0,0,1,1,0,0,10,35,10,42,11,33,0,0,0,0,1,6,0,340291,1311,2009,495,SR-55,99999999999999999999,0000000,39.69001667,-75.13695833,1,1
34,23,7,6,6,18,1,2,1,1,13,2,0,8,0,2,1,3,2,55,1,1,2,1,3,3,1,1,0,0,6,19,6,22,6,59,0,0,0,0,1,2,0,340293,2208,2009,238,US-1,NORTH OAKS BLVD,0000000,40.45823889,-74.47179167,1,1
34,7,7,7,9,51,1,2,1,0,14,4,0,8,0,4,2,1,2,35,1,1,2,1,0,0,1,1,0,0,9,53,10,4,10,12,0,0,0,0,1,3,0,340294,3521,2009,0,701,99999999999999999999,0000000,39.77450556,-74.87714722,1,1
34,39,7,7,4,48,2,2,0,1,12,8,0,12,1,1,1,3,3,55,1,1,2,1,0,0,3,1,0,0,99,99,99,99,88,88,0,19,0,0,1,3,0,340295,3395,2009,1423,444,99999999999999999999,0000000,40.69951111,-74.25256944,2,1
34,41,7,7,3,29,1,3,0,0,3,3,0,24,0,1,4,1,2,35,2,2,2,1,0,0,2,1,0,0,3,45,4,19,4,38,0,20,0,0,1,3,0,340296,1572,2009,45,SR-94,99999999999999999999,0000000,40.96619167,-75.03670556,1,1
34,11,7,8,10,58,2,3,0,1,2,3,0,12,11,1,1,1,2,50,2,2,2,1,0,0,1,1,0,0,11,4,11,13,11,44,0,0,0,0,1,4,0,340297,0,2009,206,SR-49,99999999999999999999,0000000,39.47095278,-75.30068056,2,1
34,39,4,28,8,20,2,2,0,0,14,6,0,12,5,2,1,1,2,25,1,1,2,1,0,0,1,1,0,0,99,99,99,99,99,99,0,0,0,0,1,3,0,340298,860,2009,0,TRUMBELL ST,FIRST ST,0000000,40.65488889,-74.17751944,2,1
34,11,7,15,12,51,1,2,1,0,14,4,0,9,0,2,1,1,2,50,1,2,2,1,0,0,1,1,0,0,12,52,13,20,13,40,0,0,0,0,1,4,0,340299,3460,2009,0,552,PANTHER RD,0000000,39.42406111,-74.94855833,1,1
34,5,7,15,18,44,2,2,0,0,15,4,0,1,0,4,1,1,2,50,1,1,2,1,0,0,1,1,0,0,18,45,99,97,99,97,0,0,0,0,1,4,0,340300,1880,2009,0,CHURCH ROAD,99999999999999999999,0000000,39.91928056,-74.85281389,2,1
34,25,7,9,5,12,1,2,1,1,13,2,0,9,0,2,1,3,4,50,1,1,2,1,3,3,4,1,0,0,5,45,6,6,6,25,0,0,0,0,1,5,0,340301,0,2009,1143,US-9,SR-33,0000000,40.241725,-74.27839167,1,1
34,33,7,10,2,17,1,1,0,0,4,4,0,42,0,1,5,1,2,50,1,1,2,1,0,0,2,1,0,0,2,17,2,28,88,88,0,0,0,0,1,6,1,340302,0,2009,0,603,99999999999999999999,0000000,39.59950556,-75.34119167,1,1
34,3,7,12,22,26,1,1,0,1,11,1,0,1,0,1,1,3,4,55,2,2,2,1,0,0,1,1,0,0,22,31,22,33,23,0,0,0,0,0,1,1,0,340303,883,2009,607,I-80,99999999999999999999,0000000,40.90140556,-74.12874722,1,1
34,7,5,15,18,34,1,3,1,0,14,4,0,9,0,1,1,1,2,25,1,1,2,1,0,0,1,1,0,0,18,34,18,39,19,3,0,0,0,0,1,6,0,340304,1710,2009,0,683,99999999999999999999,0000000,39.80833889,-75.00602222,1,1
34,25,7,13,10,50,1,4,1,0,16,6,0,8,0,1,4,1,2,25,1,1,1,1,0,0,1,1,0,0,99,99,99,99,88,88,0,0,0,0,1,2,0,340305,1760,2009,0,HIGHLAND AVE,99999999999999999999,0000000,40.27438889,-73.99715833,1,1
34,39,7,7,15,59,1,1,0,1,12,3,0,1,0,1,5,3,3,65,2,1,2,2,0,0,1,2,0,0,15,59,16,6,16,35,0,0,0,0,1,3,0,340306,3207,2009,102,SR-24,99999999999999999999,0000000,40.71392222,-74.32583611,1,2
34,13,7,10,2,15,1,3,0,1,13,6,0,26,0,2,3,3,2,99,2,1,2,1,0,0,3,1,0,0,99,99,99,99,99,99,0,0,0,0,1,6,1,340307,2130,2009,0,FERRY ST,LEXINGTON ST,0000000,40.72990833,-74.14576389,1,1
34,39,7,13,7,19,2,2,0,0,16,6,0,12,5,2,1,1,2,25,1,1,2,1,0,0,1,1,0,0,7,23,7,28,7,53,0,0,0,0,1,2,1,340308,3207,2009,0,FARM RD,DUNBAR RD,0000000,40.68400556,-74.33015,2,1
34,31,7,14,18,39,2,6,0,0,6,6,0,12,5,4,1,1,2,0,1,1,2,1,0,0,1,1,0,0,18,36,18,47,88,88,0,0,0,0,1,3,1,340310,3582,2009,0,MORESTOWN RD,99999999999999999999,0000000,41.11194444,-74.353,2,1
34,5,7,16,18,49,1,2,0,1,13,3,0,30,0,1,5,1,2,50,1,1,2,1,0,0,1,1,0,0,18,50,18,56,19,51,0,0,0,0,1,5,0,340311,1880,2009,159,SR-70,99999999999999999999,0000000,39.89926667,-74.79037222,1,1
34,29,6,12,11,18,3,3,0,1,13,3,0,12,5,2,1,1,4,50,1,1,2,1,3,3,1,1,0,0,99,99,99,99,99,99,0,0,0,0,2,6,0,340312,0,2009,468,SR-70,571,0000000,40.02360556,-74.26989444,3,1
34,27,7,17,12,52,1,3,2,0,14,4,0,33,0,1,4,1,2,35,1,2,2,1,0,0,1,1,0,0,12,56,13,4,13,59,0,0,0,0,1,6,0,340313,3650,2009,0,642,99999999999999999999,0000000,40.90477222,-74.58522778,1,1
34,39,7,18,13,48,2,4,0,0,15,6,0,12,5,2,1,1,2,25,1,1,2,1,0,0,1,1,0,0,13,51,13,56,14,28,0,0,0,0,1,7,0,340314,2630,2009,0,WATCHUNG AVE,KENSINGTON AVE,0000000,40.61774722,-74.40793333,2,1
34,1,7,19,10,14,2,2,0,0,13,2,0,12,1,1,1,1,2,35,2,1,2,1,0,0,1,1,0,0,10,22,10,27,10,48,0,0,0,0,1,1,0,340315,2640,2009,399,US-9,99999999999999999999,0000000,39.39080278,-74.53142222,2,1
34,27,7,19,14,55,2,3,0,0,14,4,0,12,5,4,1,1,2,35,1,2,2,1,0,0,1,1,0,0,14,55,15,7,15,46,0,0,0,0,1,1,0,340316,0,2009,0,513,99999999999999999999,0000000,40.95861667,-74.49807778,2,1
34,37,7,19,16,6,2,3,0,1,2,3,0,12,1,2,1,1,2,45,1,3,2,1,0,0,1,1,0,0,16,8,16,37,16,59,0,0,0,0,1,1,0,340317,0,2009,291,SR-23,SILVER GROVE RD,0000000,41.09739167,-74.530575,2,1
34,1,7,19,14,42,1,5,0,1,12,8,0,24,0,1,4,3,3,55,2,2,2,1,0,0,1,1,0,0,14,47,15,2,15,18,0,0,0,0,1,1,1,340318,2640,2009,59,446,99999999999999999999,0000000,39.40566111,-74.63132778,1,1
34,9,7,17,16,54,1,2,1,0,16,6,0,8,0,2,1,1,2,25,1,1,2,1,0,0,1,1,0,0,16,56,17,3,17,21,0,0,0,0,1,6,0,340319,2370,2009,0,CENTRAL AVE,14TH STREET,0000000,39.27295278,-74.58279167,1,1
34,21,4,20,2,38,1,2,0,1,12,2,0,5,0,1,1,3,2,50,1,1,2,9,0,0,3,1,0,0,2,40,2,45,3,1,0,0,0,0,1,2,0,340320,3380,2009,2,US-1,99999999999999999999,0000000,40.21004722,-74.76600833,1,1
34,5,6,9,15,0,2,3,0,1,13,2,0,12,5,2,1,1,2,40,1,2,2,1,3,3,1,1,0,0,15,5,15,10,15,31,0,0,0,0,1,3,0,340321,480,2009,0,US-130,JACKSONVILLE RD,0000000,40.07212778,-74.85049722,2,1
34,13,7,9,22,8,2,1,0,0,16,6,0,14,3,2,4,1,2,25,1,1,2,1,20,3,3,1,0,0,99,99,99,99,99,99,0,0,0,0,1,5,0,340322,2130,2009,0,LAFAYETTE STREET,JACKSON STREET,0000000,40.72747778,-74.15892222,1,1
34,13,7,21,0,32,1,2,1,1,11,1,0,8,0,1,1,3,5,55,1,2,2,1,0,0,3,1,0,0,99,99,99,99,88,88,0,0,0,0,1,3,0,340323,800,2009,128,I-280,99999999999999999999,0000000,40.75564444,-74.19953611,1,1
34,39,6,29,10,8,2,3,0,0,14,4,0,12,5,2,1,1,2,35,1,1,2,1,0,0,1,1,0,0,99,99,99,99,99,99,0,0,0,0,1,2,0,340324,616,2009,0,607,LEXINGTON BLVD,0000000,40.62875833,-74.31392778,2,1
34,23,7,23,2,31,2,1,0,0,14,4,0,53,0,1,5,1,2,40,2,2,2,1,0,0,3,1,0,0,2,36,2,50,88,88,0,0,0,0,1,5,1,340325,2417,2009,0,516,99999999999999999999,0000000,40.40971389,-74.258275,1,1
34,27,7,22,19,5,1,1,0,0,16,6,0,33,0,3,4,1,2,40,1,2,2,1,0,0,1,1,0,0,19,5,19,9,19,45,0,0,0,0,1,4,0,340326,781,2009,0,RIVER RD,HUGEOUT ST,0000000,40.81312778,-74.35875278,1,1
34,7,6,26,13,45,2,3,0,0,13,4,0,12,5,4,1,1,2,40,1,3,2,1,0,0,1,1,0,0,13,44,13,46,14,6,0,0,0,0,1,6,0,340327,598,2009,0,544,99999999999999999999,0000000,39.86640278,-74.95392222,2,1
34,31,7,24,1,22,1,2,1,1,11,1,0,8,0,1,1,3,4,55,1,1,2,2,0,0,3,1,0,0,1,34,1,41,88,88,0,19,0,0,1,6,0,340328,2510,2009,597,I-80,99999999999999999999,0000000,40.90083889,-74.14780278,1,1
34,29,7,23,15,41,1,1,0,0,16,6,0,19,0,2,5,1,2,25,2,1,2,1,0,0,1,1,0,0,99,99,99,99,88,88,0,0,0,0,1,5,0,340329,0,2009,0,PORT ROYAL DR,BANANIER DR,0000000,39.97043611,-74.26005833,1,1
34,1,7,25,1,33,1,2,1,0,16,6,0,8,0,2,1,1,2,50,1,1,2,1,0,0,3,1,0,0,99,99,99,99,88,88,0,0,0,0,1,7,0,340330,0,2009,0,LANDIS AVE,LLEWELLYN AVE,0000000,39.472775,-74.85835,1,1
34,13,7,25,13,23,2,5,0,1,11,1,0,12,7,1,1,3,3,55,2,1,2,1,0,0,1,1,0,0,99,99,99,99,99,99,0,0,0,0,1,7,0,340331,3600,2009,101,I-280,99999999999999999999,0000000,40.77527778,-74.241625,2,1
34,1,7,25,22,25,2,4,1,0,14,2,0,8,0,1,1,1,4,55,1,1,2,1,0,0,2,1,0,0,99,99,99,99,99,99,0,0,0,0,1,7,0,340332,0,2009,455,US-322,99999999999999999999,0000000,39.47926944,-74.71750278,2,1
34,31,7,26,10,55,1,1,0,0,14,4,0,33,0,2,4,1,2,35,1,1,2,1,0,0,1,1,0,0,10,56,10,59,99,99,0,0,0,0,1,1,0,340333,660,2009,0,618,LUDDINGTON AVE,0000000,40.876175,-74.15904444,1,1
34,17,7,25,21,3,1,2,1,1,12,3,0,8,0,1,1,3,2,50,1,1,2,1,0,0,2,1,0,0,99,99,99,99,88,88,0,0,0,0,1,7,0,340335,3040,2009,101,SR-3,99999999999999999999,0000000,40.79429444,-74.05831111,1,1
34,1,7,17,15,35,1,1,0,0,14,2,0,42,0,1,5,3,2,55,1,1,2,1,0,0,1,1,0,0,15,36,15,51,16,13,0,0,0,0,1,6,0,340336,0,2009,473,US-322,99999999999999999999,0000000,39.46807222,-74.68943611,1,1
34,29,7,24,20,38,1,1,0,1,12,8,0,42,0,1,3,2,3,55,1,1,1,1,0,0,2,1,0,0,20,43,20,50,21,10,0,0,0,0,1,6,0,340337,416,2009,937,444,99999999999999999999,0000000,40.10965278,-74.1354,1,1
34,3,7,27,10,0,2,1,0,0,16,6,0,10,0,6,1,1,2,25,1,1,2,1,60,3,1,1,0,0,10,6,99,97,99,97,0,0,0,0,1,2,0,340338,880,2009,0,LINWOOD AVE,99999999999999999999,263033N,40.97530833,-74.027425,1,1
34,29,7,25,4,0,1,2,1,0,16,4,0,8,0,2,1,2,2,25,1,1,2,1,0,0,3,1,0,0,99,99,99,99,88,88,0,20,0,0,1,7,1,340339,3010,2009,0,629,DUPONT AVE,0000000,39.93839444,-74.07996389,1,1
34,1,6,30,9,41,2,2,0,0,14,4,0,12,5,2,1,1,2,45,1,1,2,1,0,0,1,1,0,0,9,43,10,2,10,25,0,0,0,0,1,3,0,340340,0,2009,0,561,MANHEIM AVE,0000000,39.49913889,-74.58068889,2,1
34,1,7,28,18,24,1,3,1,0,16,5,0,9,0,2,1,1,2,35,1,1,2,1,0,0,1,1,0,0,18,24,18,32,18,45,0,0,0,0,1,3,1,340341,0,2009,0,REDWOOD AVENUE,ADAMS AVENUE,0000000,39.47575833,-74.54940556,1,1
34,7,7,28,16,29,1,1,0,0,16,6,0,10,0,6,1,1,2,99,1,2,2,1,60,3,1,1,0,0,99,99,99,99,88,88,0,0,0,0,1,3,0,340342,3521,2009,0,BARTRAM AVE,WEST ATLANTIC AVE,586054A,39.76718333,-74.88676111,1,1
34,39,7,22,2,0,2,5,0,0,16,6,0,12,2,2,1,1,2,99,1,1,2,1,0,0,3,1,0,0,99,99,99,99,99,99,0,0,0,0,1,4,0,340343,860,2009,0,EARHART DR,BASILONE RD,0000000,40.681225,-74.18932222,2,1
34,35,7,20,9,30,1,1,0,0,15,4,0,33,0,2,4,1,2,35,1,1,2,1,3,3,1,1,0,0,9,32,9,35,10,25,0,0,0,0,1,2,0,340344,1194,2009,0,529,634,0000000,40.60156389,-74.47368889,1,1
34,29,7,28,8,31,3,3,0,0,14,4,0,12,5,2,1,1,2,50,1,1,2,1,0,0,1,1,0,0,99,99,99,99,99,99,0,0,0,0,1,3,0,340345,1505,2009,0,527,BUTTERFLY RD,0000000,40.09366667,-74.30834722,3,1
34,7,7,30,23,50,2,5,0,1,12,8,0,12,1,1,1,2,2,65,1,1,2,1,0,0,2,1,0,0,23,56,0,3,0,48,0,0,0,0,1,5,1,340346,3694,2009,394,446,99999999999999999999,0000000,39.726375,-75.00159167,2,1
34,1,7,18,14,40,4,9,0,0,14,4,0,12,8,2,1,1,2,35,1,1,2,1,3,3,1,1,0,0,14,40,14,52,15,21,0,0,0,0,1,7,0,340347,0,2009,0,561,GREAT CREEK RD,0000000,39.47331389,-74.52040278,4,1
34,11,7,31,22,54,1,2,1,0,15,6,0,8,0,2,1,1,4,40,1,2,2,1,0,0,3,1,0,0,22,58,23,3,88,88,0,0,0,0,1,6,1,340348,3460,2009,0,CHESTNUT AVE,4TH ST,0000000,39.47920278,-75.02919722,1,1
34,35,8,1,3,5,1,4,0,0,6,6,0,33,0,1,4,1,2,45,1,2,2,1,0,0,2,1,0,0,3,5,3,27,4,26,0,0,0,0,1,7,1,340349,0,2009,0,PROVINCE LINE RD,99999999999999999999,0000000,40.38517778,-74.72755556,1,1
34,13,7,31,13,53,1,1,0,0,16,6,0,19,0,2,5,1,2,25,1,1,2,1,0,0,1,1,0,0,99,99,99,99,99,99,0,0,0,0,1,6,0,340350,2130,2009,0,FRELINGHUYSEN AVE,VANDERPOOL ST,0000000,40.71971389,-74.18522222,1,1
34,13,8,2,10,48,2,3,0,0,14,4,0,12,5,1,1,1,2,30,1,2,2,2,0,0,1,2,0,0,99,99,99,99,99,99,0,0,0,0,2,1,1,340351,3600,2009,0,611,99999999999999999999,0000000,40.809425,-74.25511111,2,2
34,5,8,5,16,29,1,2,0,1,2,2,0,27,0,1,5,1,4,55,1,1,2,1,0,0,1,1,0,0,16,30,16,35,16,57,0,0,0,0,1,4,0,340352,1805,2009,331,US-206,99999999999999999999,0000000,40.06555833,-74.72235278,1,1
34,7,8,3,9,45,2,3,0,1,13,3,0,12,5,1,1,1,4,55,2,1,2,1,0,0,1,1,0,0,99,99,99,99,99,99,0,0,0,0,1,2,0,340353,3694,2009,111,SR-73,99999999999999999999,0000000,39.71722222,-74.90092222,2,1
34,29,8,5,21,9,1,2,1,1,13,3,0,8,0,2,1,3,3,55,1,1,2,1,3,3,3,1,0,0,99,99,99,99,88,88,0,0,0,0,1,4,0,340354,0,2009,247,SR-72,MILL CREEK RD,0000000,39.68054444,-74.23872222,1,1
34,31,8,3,21,40,1,1,0,1,12,8,0,24,0,13,4,6,1,55,2,2,2,1,0,0,3,1,0,0,99,99,99,99,88,88,0,0,0,0,1,2,0,340355,330,2009,1541,444,99999999999999999999,0000000,40.85670833,-74.17627222,1,1
34,7,8,4,2,4,1,1,0,0,14,6,0,33,0,2,4,1,2,25,1,1,2,1,0,0,3,1,0,0,2,5,2,18,2,29,0,0,0,0,1,3,1,340356,520,2009,0,CARL MILLER BLVD,SOUTH 7TH ST,0000000,39.92345278,-75.11408333,1,1
34,3,8,8,5,43,1,2,1,0,13,3,0,30,0,3,4,1,2,35,1,1,2,1,0,0,3,1,0,0,6,3,6,17,88,88,0,0,0,0,2,7,1,340357,2460,2009,12,SR-93,WEST CENTRAL BLVD,0000000,40.85062222,-74.00135278,1,1
34,5,8,8,16,31,1,1,0,1,13,2,0,33,0,1,4,2,2,55,2,1,2,1,0,0,1,1,0,0,16,32,16,35,88,88,0,0,0,0,1,7,1,340358,1805,2009,306,US-206,99999999999999999999,0000000,40.06542778,-74.72235278,1,1
34,15,8,9,19,1,2,2,0,0,6,6,0,12,8,1,1,1,2,45,2,2,2,1,0,0,1,1,0,0,99,99,99,99,99,99,0,0,0,0,1,1,1,340360,1082,2009,0,MARSHALL MILL RD,99999999999999999999,0000000,39.58684722,-75.03481944,2,1
34,13,8,6,6,42,1,2,1,0,14,4,0,8,0,2,1,1,2,50,1,2,2,1,3,3,1,1,0,0,99,99,99,99,99,99,0,0,0,0,1,5,0,340361,1745,2009,0,527,HANSEN RD,0000000,40.75793611,-74.30506389,1,1
34,5,8,9,14,33,3,4,0,0,13,3,0,33,0,3,3,3,3,50,1,1,2,2,0,0,1,2,0,0,14,29,14,36,15,25,0,0,0,0,2,1,0,340362,2081,2009,93,SR-38,MIDLANTIC DR,0000000,39.96380833,-74.92521389,3,2
34,3,8,7,2,55,1,1,0,0,13,3,0,33,0,5,4,6,1,55,2,2,2,1,0,0,2,1,0,0,2,56,3,10,3,39,0,0,0,0,1,6,1,340363,2940,2009,40,SR-17,SR-3,0000000,40.81098333,-74.10183889,1,1
34,23,8,10,10,23,1,2,1,1,13,3,0,8,0,2,1,3,2,40,1,1,2,1,3,3,1,1,0,0,10,25,10,36,11,10,0,0,0,0,1,2,0,340364,2417,2009,465,SR-35,LAURENCE PKWY,0000000,40.45671111,-74.24663611,1,1
34,29,8,3,21,18,1,3,2,0,13,3,0,9,0,2,1,1,2,35,1,2,2,1,0,0,3,1,0,0,99,99,99,99,99,99,0,0,0,0,1,2,0,340365,2650,2009,92,SR-88,BENEDICT ST,0000000,40.08403889,-74.06281944,1,1
34,23,8,10,13,15,2,2,0,0,14,6,0,12,2,1,1,1,2,40,1,1,2,1,0,0,1,1,0,0,13,18,13,30,14,2,0,0,0,0,1,2,1,340366,779,2009,0,RIVA AVE,99999999999999999999,0000000,40.43808889,-74.45611667,2,1
34,1,7,24,23,4,1,1,0,0,6,6,0,42,0,1,4,1,2,35,2,1,2,1,0,0,2,1,0,0,23,19,23,41,0,6,0,0,0,0,1,6,0,340368,930,2009,0,WEST 9TH AVE,99999999999999999999,0000000,39.37484722,-74.85182778,1,1
34,5,8,1,22,54,1,1,0,1,13,3,0,1,0,2,1,3,2,50,2,1,2,1,0,0,3,1,0,0,22,56,23,3,23,23,0,0,0,0,1,7,0,340369,613,2009,316,SR-73,FORKLANDING RD,0000000,39.97706944,-75.01249167,1,1
34,27,8,6,0,9,1,1,0,1,11,1,0,27,0,1,5,3,3,65,2,2,2,1,0,0,3,1,0,0,0,15,0,25,0,53,0,0,0,0,1,5,1,340370,0,2009,323,I-287,99999999999999999999,0000000,40.76100833,-74.517775,1,1
34,31,8,13,14,24,3,4,0,0,13,4,0,12,5,2,1,1,2,40,1,1,2,2,0,0,1,2,0,0,14,27,14,32,15,0,0,0,0,0,1,5,0,340371,3522,2009,0,681,LITTLE POND RD,0000000,40.94110556,-74.22741944,3,2
34,25,8,13,9,50,1,2,1,0,16,6,0,8,0,2,1,1,2,40,1,1,2,1,0,0,1,1,0,0,99,99,99,99,88,88,0,0,0,0,1,5,0,340372,1925,2009,0,DWIGHT RD,MALUS LANE,0000000,40.37214167,-74.14112778,1,1
34,13,8,14,5,50,3,6,0,1,13,3,0,12,1,2,1,1,6,35,1,1,2,1,3,3,2,1,0,0,99,99,99,99,88,88,0,0,0,0,1,6,1,340373,2130,2009,33,SR-21,CLAY STREET,0000000,40.75042222,-74.16780556,3,1
34,25,7,31,10,34,2,3,0,0,16,6,0,12,5,2,1,1,2,40,1,1,2,1,0,0,1,1,0,0,99,99,99,99,99,99,0,0,0,0,1,6,0,340374,1832,2009,0,GORDONS CORNER RD,MASEPE TRAIL,0000000,40.33342778,-74.27710556,2,1
34,31,8,16,3,30,3,6,0,0,13,4,0,12,5,1,1,3,2,25,1,1,2,1,0,0,3,1,0,0,3,31,3,49,4,0,0,0,0,0,2,1,1,340375,2510,2009,0,649,99999999999999999999,0000000,40.90384722,-74.15835556,3,1
34,29,8,12,23,33,1,2,0,1,12,8,0,24,0,1,4,3,2,65,1,1,2,2,0,0,2,1,0,1,99,99,99,99,99,99,0,0,0,0,1,4,1,340377,0,2009,749,444,99999999999999999999,0000000,39.85823333,-74.222775,1,1
34,17,8,17,7,30,1,2,1,0,15,4,0,8,0,2,1,1,2,25,1,1,2,1,0,0,1,1,0,0,99,99,99,99,99,99,0,0,0,0,1,2,0,340378,3410,2009,0,684,BERGENLINE AVE,0000000,40.78159722,-74.02186667,1,1
34,7,8,17,13,5,2,4,0,1,13,3,0,12,5,2,1,2,2,55,1,1,2,1,3,3,1,1,0,0,13,5,13,9,13,29,0,0,0,0,1,2,0,340379,3694,2009,132,SR-73,COOPERS FOLLY RD,0000000,39.74606111,-74.91048333,2,1
34,5,8,19,15,18,2,2,0,0,4,4,0,12,2,1,1,1,2,50,2,1,2,1,0,0,1,1,0,0,15,14,15,28,16,5,0,0,0,0,1,4,0,340380,0,2009,0,534,99999999999999999999,0000000,39.77806667,-74.79964167,2,1
34,33,8,20,14,0,2,5,0,0,14,3,0,12,5,2,1,1,2,50,1,1,2,1,3,3,1,1,0,0,14,7,14,19,15,20,0,0,0,0,1,5,0,340381,0,2009,67,SR-56,GERSHAL AVE,0000000,39.48915556,-75.0893,2,1
34,15,8,21,8,48,2,3,0,1,13,2,0,12,5,2,1,2,2,50,1,1,2,1,0,0,1,1,0,0,8,50,8,55,9,27,0,0,0,0,1,6,0,340382,3620,2009,246,US-130,CHESTNUT ST,0000000,39.86743056,-75.13703333,2,1
34,11,8,22,16,49,1,1,0,0,5,3,0,42,0,1,5,1,2,50,1,1,2,2,0,0,1,2,0,0,16,45,16,57,88,88,0,0,0,0,1,7,1,340383,0,2009,68,SR-77,99999999999999999999,0000000,39.51380833,-75.22879722,1,2
34,1,8,22,21,35,2,4,0,0,13,2,0,12,5,2,1,1,2,55,1,1,2,2,0,0,3,1,0,0,18,38,18,42,19,2,0,0,0,0,1,7,0,340384,1050,2009,340,US-322,CHEROKEE DR,0000000,39.59823889,-74.86388611,2,1
34,25,8,25,12,16,1,2,1,1,13,3,0,8,0,1,2,1,2,50,1,1,2,1,0,0,9,1,0,0,99,99,99,99,88,88,0,0,0,0,1,3,0,340386,1465,2009,336,SR-33,99999999999999999999,0000000,40.22561389,-74.16363611,1,1
34,3,8,25,12,18,1,2,1,1,13,3,0,8,0,1,1,3,3,55,2,1,2,1,0,0,1,1,0,0,12,22,12,39,12,50,0,0,0,0,1,3,0,340387,3470,2009,188,SR-17,99999999999999999999,0000000,41.00853333,-74.10491944,1,1
34,25,8,6,12,10,1,1,0,0,14,4,0,30,0,1,5,1,2,40,2,1,2,2,0,0,1,1,0,0,99,99,99,99,99,99,0,0,0,0,1,5,0,340388,1465,2009,0,547,99999999999999999999,0000000,40.20316667,-74.16144722,1,1
34,13,8,27,12,9,1,2,1,0,16,6,0,8,0,1,1,1,2,0,1,1,2,1,0,0,1,1,0,0,99,99,99,99,99,99,0,0,0,0,1,5,0,340389,2130,2009,0,MOUNT VERNON PLACE,99999999999999999999,0000000,40.73611944,-74.24039167,1,1
34,11,8,19,1,0,1,2,0,1,2,3,0,42,0,1,4,1,2,50,1,1,2,2,0,0,2,1,0,0,1,2,1,18,1,40,0,0,0,0,1,4,0,340390,1845,2009,65,SR-347,99999999999999999999,0000000,39.27561944,-74.94458889,1,1
34,25,8,25,21,15,2,5,0,0,14,4,0,12,5,4,1,1,2,35,1,1,2,1,0,0,3,1,0,0,99,99,99,99,99,99,0,0,0,0,1,3,0,340391,910,2009,0,522,NORTH GATE DR,0000000,40.29887222,-74.36404167,2,1
34,39,8,25,7,20,1,2,1,0,14,6,0,8,0,2,1,1,2,25,1,1,2,1,3,3,1,1,0,0,7,19,7,28,7,54,0,0,0,0,1,3,0,340392,860,2009,0,ELIZABETH AVE,2ND ST,0000000,40.648475,-74.17295,1,1
34,7,8,29,1,4,1,2,0,1,13,3,0,33,0,1,4,3,3,45,2,2,2,2,0,0,3,1,0,0,88,88,88,88,88,88,0,0,0,0,2,7,1,340393,2545,2009,2,SR-70,99999999999999999999,0000000,39.93415278,-75.06908056,1,1
34,29,8,28,16,19,2,2,0,1,11,1,0,13,5,1,1,2,2,65,2,1,2,2,0,0,1,2,0,0,99,99,99,99,99,99,0,0,0,0,2,6,0,340394,1505,2009,173,I-195,99999999999999999999,0000000,40.15876944,-74.41919722,2,2
34,23,8,29,1,40,1,1,0,1,11,1,0,24,0,1,4,3,3,65,1,1,2,2,0,0,2,1,0,0,1,54,2,16,88,88,0,0,0,0,1,7,1,340395,704,2009,265,I-95,99999999999999999999,0000000,40.32426667,-74.48523333,1,1
34,3,8,19,13,7,1,2,1,0,16,6,0,8,0,1,1,1,2,25,1,1,2,1,0,0,1,1,0,0,13,7,13,15,13,44,0,0,0,0,1,4,0,340396,2480,2009,0,ESSEX ROAD,99999999999999999999,0000000,40.93197222,-74.07675,1,1
34,13,8,30,5,46,2,5,0,1,13,3,0,12,5,2,1,1,4,35,1,1,2,2,3,3,3,2,0,0,99,99,99,99,99,99,0,0,0,0,1,1,1,340397,2130,2009,13,SR-21,SOUTH STREET,0000000,40.72353611,-74.175825,2,2
34,23,8,30,15,9,2,4,0,1,12,8,0,12,7,1,1,3,3,65,1,1,2,1,0,0,1,1,0,0,15,17,15,35,15,48,0,0,0,0,1,1,0,340398,2417,2009,1209,444,99999999999999999999,0000000,40.43085278,-74.24475278,2,1
34,39,8,21,15,50,1,3,1,0,13,4,0,8,0,1,4,1,2,30,1,1,2,2,0,0,1,2,0,0,15,47,15,58,16,37,0,0,0,0,1,6,0,340399,2975,2009,0,655,99999999999999999999,0000000,40.64947778,-74.39655556,1,2
34,29,8,31,16,37,2,4,0,0,14,4,0,12,2,1,1,1,2,40,1,1,2,1,0,0,1,1,0,0,16,38,16,42,17,6,0,0,0,0,2,2,0,340400,416,2009,0,630,99999999999999999999,0000000,40.06627222,-74.12250278,2,1