STATE,COUNTY,MONTH,DAY,HOUR,MINUTE,VE_TOTAL,PERSONS,PEDS,NHS,ROAD_FNC,ROUTE,SP_JUR,HARM_EV,MAN_COLL,REL_JUNC,REL_ROAD,TRAF_FLO,NO_LANES,SP_LIMIT,ALIGNMNT,PROFILE,PAVE_TYP,SUR_COND,TRA_CONT,T_CONT_F,LGT_COND,WEATHER1,WEATHER2,WRK_ZONE,NOT_HOUR,NOT_MIN,ARR_HOUR,ARR_MIN,HOSP_HR,HOSP_MN,SCH_BUS,CF1,CF2,CF3,FATALS,DAY_WEEK,DRUNK_DR,ST_CASE,CITY,YEAR,MILEPT,TWAY_ID,TWAY_ID2,RAIL,LATITUDE,LONGITUD,VE_FORMS,WEATHER
34,17,9,1,10,26,1,2,1,0,14,4,0,8,0,3,1,1,2,25,1,3,2,1,3,3,1,1,0,0,99,99,99,99,99,99,0,0,0,0,1,3,0,340401,1520,2009,0,621,COMMUNIPAW AVE,0000000,40.71135278,-74.06282778,1,1
34,5,9,2,4,11,3,3,0,1,11,1,0,1,0,1,1,3,3,65,1,2,2,1,0,0,2,1,0,1,4,14,4,21,88,88,0,3,0,0,1,4,0,340402,0,2009,573,I-295,99999999999999999999,0000000,40.142,-74.71754444,3,1
34,35,8,29,20,54,3,9,0,0,14,4,0,12,1,1,1,1,2,45,1,2,1,2,0,0,2,2,0,0,20,59,21,13,21,55,0,0,0,0,1,7,1,340403,0,2009,0,533,99999999999999999999,0000000,40.44382778,-74.615,3,2
34,23,9,3,13,33,2,3,0,0,13,4,0,12,5,4,1,1,2,35,1,1,2,1,0,0,1,1,0,0,13,34,13,51,14,8,0,0,0,0,1,5,1,340404,3705,2009,340,514,US-9 RAMP,0000000,40.55016944,-74.29067778,2,1
34,1,9,2,20,4,1,1,0,0,14,2,0,42,0,1,5,1,2,55,1,1,2,1,0,0,2,1,0,0,20,9,20,23,88,88,0,0,0,0,1,4,1,340405,0,2009,465,US-322,99999999999999999999,0000000,39.4849,-74.72754444,1,1
34,5,9,2,12,23,1,1,0,1,11,1,0,1,0,1,1,2,3,65,1,2,2,1,0,0,1,1,0,1,12,22,12,30,12,50,0,3,0,0,1,4,0,340406,0,2009,570,I-295,99999999999999999999,0000000,40.13691667,-74.71580833,1,1
34,29,9,3,16,54,2,3,0,0,13,4,0,12,8,1,1,1,2,50,1,1,2,1,0,0,1,1,0,0,99,99,99,99,99,99,0,0,0,0,1,5,0,340407,1505,2009,0,527,99999999999999999999,0000000,40.10210556,-74.31963333,2,1
34,1,9,5,0,7,2,4,0,0,4,4,0,12,2,2,1,1,2,50,2,1,2,1,0,0,2,1,0,0,0,10,0,16,0,56,0,0,0,0,2,7,1,340408,0,2009,0,559,SOMERS AVE,0000000,39.31915833,-74.63673611,2,1
34,29,9,5,22,1,1,4,3,0,16,6,0,8,0,2,1,1,2,45,1,2,2,1,0,0,3,1,0,0,22,0,22,20,22,50,0,0,0,0,1,7,0,340409,1505,2009,0,FARMINGDALE RD,SAPPHIRE DERIVE,0000000,40.16163611,-74.27811944,1,1
34,33,9,5,21,24,1,1,0,1,2,3,0,1,0,1,4,1,2,50,1,1,2,1,0,0,2,1,0,0,21,22,21,35,88,88,0,0,0,0,1,7,1,340410,2725,2009,185,SR-49,99999999999999999999,0000000,39.49213611,-75.32778056,1,1
34,25,8,25,18,30,1,2,1,1,13,3,0,9,0,4,4,1,2,40,1,1,2,1,0,0,1,1,0,0,99,99,99,99,99,99,0,0,0,0,1,3,0,340411,0,2009,0,SR-35,99999999999999999999,0000000,40.15357222,-74.05518889,1,1
34,3,9,7,14,19,2,3,0,1,12,8,0,25,0,13,4,6,1,40,2,2,2,1,0,0,1,1,0,0,15,7,15,16,15,57,0,0,0,0,1,2,0,340412,1060,2009,5,445S,99999999999999999999,0000000,40.86027222,-73.95931667,2,1
34,15,9,9,6,14,1,2,1,1,13,2,0,8,0,1,2,1,4,45,1,1,2,1,0,0,3,1,0,0,6,15,6,20,88,88,0,0,0,0,1,4,0,340413,0,2009,26,US-322,99999999999999999999,0000000,39.79678333,-75.34655556,1,1
34,21,9,10,6,20,2,2,0,0,14,4,0,12,5,2,1,1,4,45,1,1,2,1,3,3,4,1,0,0,6,22,6,28,6,46,0,0,0,0,1,5,0,340414,935,2009,0,622,627,0000000,40.24656389,-74.76565278,2,1
34,11,9,12,2,22,2,5,0,0,15,6,0,12,8,2,1,1,2,35,1,2,1,2,0,0,3,2,0,0,2,24,99,97,99,97,0,0,0,0,1,7,1,340415,3460,2009,0,EAST AVE,MONTROSE ST,0000000,39.48271389,-75.01692222,2,2
34,7,9,12,9,4,2,3,0,1,13,2,0,12,2,2,1,1,4,50,1,2,2,1,0,0,1,1,0,0,9,9,9,18,10,5,0,0,0,0,2,7,1,340416,600,2009,218,US-30,CLEVELAND AVE,0000000,39.73894167,-74.87221111,2,1
34,9,9,12,20,27,2,4,0,0,14,2,0,12,2,2,1,1,2,45,2,1,2,1,0,0,3,1,0,0,20,34,20,38,21,38,0,0,0,0,1,7,1,340417,0,2009,42,US-9,BENNETTS CROSSING,0000000,38.98150833,-74.90584167,2,1
34,25,9,11,17,31,2,2,0,0,16,6,0,12,5,1,1,1,2,35,2,2,2,2,0,0,5,2,0,0,17,36,17,40,18,19,0,0,0,0,1,6,0,340418,3475,2009,0,METEDECONK,99999999999999999999,0000000,40.12982778,-74.11781389,2,2
34,5,9,13,12,57,2,2,0,1,2,3,0,12,5,2,1,1,2,55,1,1,2,1,0,0,1,1,0,0,12,58,13,7,88,88,0,0,0,0,1,1,0,340419,0,2009,260,SR-70,SLAB CROSSING RD,0000000,39.89718611,-74.60214722,2,1
34,23,9,14,21,40,2,4,0,1,13,2,0,12,7,1,1,3,3,50,1,1,2,1,0,0,3,1,0,0,21,40,21,49,22,10,0,0,0,0,1,2,0,340425,844,2009,306,US-1,OLD POST RD,0000000,40.51480278,-74.37586389,2,1
34,25,9,15,14,55,2,4,0,0,14,4,0,12,5,2,1,1,2,30,1,1,2,1,0,0,1,1,0,0,99,99,99,99,99,99,0,0,0,0,1,3,0,340426,2760,2009,0,13,NEWMAN SPRINGS RD,0000000,40.33753333,-74.07496389,2,1
34,7,8,30,18,45,3,3,0,1,11,1,0,12,7,1,1,3,3,55,2,1,2,1,0,0,1,1,0,0,18,43,18,54,19,1,0,0,0,0,1,1,0,340427,520,2009,19,I-676,99999999999999999999,0000000,39.92746111,-75.116025,3,1
34,5,9,16,22,12,1,2,0,0,6,5,0,53,0,1,4,1,2,45,1,1,2,1,0,0,2,1,0,0,99,99,99,99,99,99,0,0,0,0,1,4,1,340428,0,2009,0,WILLOW GROVE ROAD,99999999999999999999,0000000,39.78664167,-74.76451667,1,1
34,17,8,3,23,37,1,2,1,1,14,4,0,8,0,2,1,1,4,25,1,1,2,1,3,3,3,1,0,0,99,99,99,99,99,99,0,0,0,0,1,2,0,340429,190,2009,0,501,15TH STREET,0000000,40.65817778,-74.12314722,1,1
34,33,9,16,9,15,1,2,1,0,3,3,0,8,0,1,1,1,2,50,1,2,2,1,0,0,1,1,0,0,9,20,99,97,99,97,0,0,0,0,1,4,0,340430,0,2009,126,SR-77,99999999999999999999,0000000,39.59722222,-75.23935278,1,1
34,33,9,17,7,57,1,1,0,0,4,4,0,42,0,3,4,1,2,45,2,1,2,1,0,0,2,1,0,0,99,99,99,99,88,88,0,0,0,0,1,5,0,340431,2617,2009,28,610,DUTCH ROW ROAD,0000000,39.58881944,-75.16135556,1,1
34,23,9,17,15,31,2,4,0,0,14,4,0,12,1,1,1,1,2,50,1,2,2,1,0,0,1,1,0,0,15,46,15,55,16,43,0,0,0,0,3,5,0,340432,779,2009,0,535,99999999999999999999,0000000,40.39395278,-74.43537778,2,1
34,25,9,18,2,9,1,1,0,1,13,3,0,33,0,1,3,2,2,50,2,2,2,1,0,0,3,1,0,0,99,99,99,99,99,99,0,0,0,0,1,6,1,340433,3357,2009,372,SR-33,99999999999999999999,0000000,40.21640556,-74.10093889,1,1
34,29,9,19,7,59,2,2,0,0,13,4,0,12,5,2,1,1,2,40,1,1,2,1,3,3,1,1,0,0,99,99,99,99,99,99,0,0,0,0,1,7,0,340434,3360,2009,0,632,MAPLETREE RD,0000000,39.97748056,-74.19814167,2,1
34,21,9,16,3,0,1,2,0,0,16,6,0,5,0,1,1,4,1,25,1,1,2,1,0,0,2,1,0,0,3,3,3,11,3,25,0,0,0,0,1,4,0,340435,3380,2009,0,TIOGA STREET,99999999999999999999,0000000,40.22123889,-74.74592778,1,1
34,33,9,21,23,0,1,1,0,0,6,6,0,42,0,1,4,1,2,50,1,1,2,1,0,0,2,1,0,0,22,57,23,9,23,23,0,0,0,0,1,2,1,340436,0,2009,0,SOUTH SHEEP PEN RD,99999999999999999999,0000000,39.55069722,-75.15848056,1,1
34,9,9,18,12,23,2,3,0,0,14,4,0,12,2,1,1,1,2,25,2,2,1,1,0,0,1,1,0,0,12,32,12,43,12,52,0,0,0,0,1,6,0,340437,130,2009,0,619,99999999999999999999,0000000,39.11285556,-74.71404722,2,1
34,29,9,22,20,22,1,2,0,1,12,8,0,18,0,1,3,3,2,45,2,1,2,1,0,0,2,1,0,1,99,99,99,99,99,99,0,0,0,0,1,3,1,340438,145,2009,682,444,99999999999999999999,0000000,39.83319167,-74.22491944,1,1
34,27,9,22,20,23,1,1,0,1,11,1,0,25,0,1,3,3,4,65,2,2,2,1,0,0,3,1,0,0,20,29,20,38,20,58,0,0,0,0,1,3,1,340439,745,2009,399,I-80,99999999999999999999,0000000,40.8877,-74.47274444,1,1
34,25,9,22,20,8,1,3,1,1,13,3,0,8,0,2,1,3,3,50,1,1,2,1,3,3,3,1,0,0,99,99,99,99,88,88,0,0,0,0,1,3,0,340440,1925,2009,0,SR-36,WILSON AVE,0000000,40.42591111,-74.10316944,1,1
34,1,9,23,6,20,1,2,1,0,14,2,0,8,0,1,1,1,2,45,1,1,2,2,0,0,3,2,0,0,6,20,6,28,88,88,0,0,0,0,1,4,0,340441,0,2009,482,US-9,99999999999999999999,0000000,39.48801944,-74.45851944,1,2
34,11,9,2,16,8,2,4,0,0,14,4,0,12,5,2,1,1,2,50,1,1,2,1,3,3,1,1,0,0,16,7,16,16,17,0,0,0,0,0,1,4,0,340442,724,2009,0,553,552,0000000,39.43838056,-75.17892778,2,1
34,15,9,24,8,16,2,3,0,0,13,2,0,12,5,2,1,2,2,50,1,1,2,1,0,0,1,1,0,0,8,16,8,20,8,39,0,0,0,0,1,5,0,340443,0,2009,248,US-322,WASHINGTON AVE,0000000,39.6847,-74.98829722,2,1
34,23,9,26,1,23,1,1,0,0,14,4,0,33,0,1,4,1,2,50,2,1,2,1,0,0,2,1,0,0,1,25,1,38,2,3,0,0,0,0,1,7,1,340445,0,2009,0,535,99999999999999999999,0000000,40.35453333,-74.47856944,1,1
34,3,9,23,15,28,2,2,0,0,14,6,0,12,7,3,1,1,4,35,2,1,2,1,0,0,1,1,0,0,15,31,15,42,16,2,0,0,0,0,1,4,0,340446,2480,2009,0,MIDLAND AVE,ROEDEL PLACE,0000000,40.94916944,-74.06360278,2,1
34,3,9,26,4,40,2,3,1,1,12,3,0,8,0,1,1,1,6,55,1,2,1,1,0,0,3,1,0,0,4,55,5,5,88,88,0,19,23,0,1,7,0,340447,820,2009,70,SR-3,99999999999999999999,0000000,40.79909444,-74.06935278,2,1
34,5,9,17,16,41,3,4,0,0,13,3,1,12,5,2,1,3,2,50,1,1,2,1,3,3,1,1,0,0,16,44,16,54,17,26,0,0,0,0,1,5,0,340448,1774,2009,157,SR-38,691,0000000,39.98228333,-74.79749722,3,1
34,39,9,27,4,10,1,1,0,1,13,2,0,33,0,2,4,3,3,45,2,1,2,2,3,3,2,2,0,0,4,20,4,23,88,88,0,0,0,0,1,1,0,340449,2730,2009,384,US-1&9,RANDOPLH AVE,0000000,40.59503889,-74.27278056,1,2
34,11,9,28,11,37,1,1,0,0,6,4,0,42,0,1,5,1,2,50,1,2,2,1,0,0,1,1,0,0,11,38,11,47,88,88,0,0,0,0,1,2,0,340450,724,2009,0,658,99999999999999999999,0000000,39.48875,-75.13666667,1,1
34,23,9,27,14,21,1,1,0,0,13,4,0,1,0,1,1,1,2,40,2,2,2,2,0,0,1,2,0,0,14,23,14,31,15,18,0,0,0,0,1,1,0,340451,3705,2009,0,514,99999999999999999999,0000000,40.54046667,-74.30903333,1,2
34,13,9,29,13,58,1,3,0,1,11,1,0,33,0,13,4,6,1,55,2,2,1,1,0,0,1,1,0,0,14,3,14,16,14,51,0,0,0,0,1,3,0,340452,3600,2009,80,I-280,99999999999999999999,0000000,40.79725,-74.25187222,1,1
34,5,9,29,14,54,2,2,0,1,2,2,0,24,0,2,4,1,2,50,1,1,2,1,0,0,1,1,0,0,14,55,15,13,15,14,0,0,0,0,1,3,0,340453,0,2009,73,US-206,QUAKERBRIDGE RD,0000000,39.74145556,-74.72627778,2,1
34,39,9,28,10,1,1,2,1,0,14,4,0,8,0,2,1,1,2,25,2,2,2,1,0,0,1,1,0,0,10,3,10,8,10,49,0,0,0,0,1,2,0,340454,3290,2009,0,622,DEVON ROAD,0000000,40.70320556,-74.37115556,1,1
34,25,9,28,18,58,1,2,1,0,13,3,0,9,0,2,1,3,2,50,1,1,2,1,3,3,3,1,0,0,99,99,99,99,88,88,0,0,0,0,1,2,0,340455,2374,2009,260,SR-35,ALLAIRE AVE,0000000,40.24419722,-74.03778889,1,1
34,29,9,11,12,35,3,5,0,0,13,4,0,12,5,2,1,1,6,50,1,1,2,2,3,3,1,2,0,0,12,36,12,39,13,22,0,0,0,0,1,6,0,340456,1590,2009,0,528,623,0000000,40.07590278,-74.18449444,3,2
34,39,9,30,16,30,1,2,1,0,16,6,0,8,0,3,2,1,2,40,1,2,2,1,0,0,1,1,0,0,16,36,16,40,17,5,0,0,0,0,1,4,0,340457,2050,2009,0,NEW PROVIDENCE RD,APPLE TREE LANE,0000000,40.67325,-74.35973889,1,1
34,13,10,2,22,26,1,5,2,1,13,3,0,8,0,2,1,1,4,45,1,2,2,2,0,0,3,2,0,0,99,99,99,99,99,99,0,0,0,0,1,6,0,340458,1745,2009,197,SR-3,MOUNT PLEASANT PKWY,0000000,40.79518611,-74.32294444,1,2
34,23,10,4,15,24,2,3,0,1,13,3,0,12,7,1,1,3,4,55,2,1,1,1,0,0,1,1,0,0,15,25,15,33,15,52,0,0,0,0,1,1,0,340460,2140,2009,435,SR-18,99999999999999999999,0000000,40.50761667,-74.45763889,2,1
34,15,10,3,9,10,1,2,1,0,14,4,0,8,0,1,1,1,2,50,1,1,2,1,0,0,1,1,0,0,9,11,9,17,9,35,0,0,0,0,1,7,0,340461,0,2009,0,655,99999999999999999999,0000000,39.68757222,-75.05292778,1,1
34,29,9,24,12,3,1,1,0,0,4,4,0,1,0,1,5,1,2,55,1,1,2,1,0,0,1,1,0,0,99,99,99,99,99,99,0,0,0,0,1,5,0,340462,0,2009,0,539,99999999999999999999,0000000,,,1,1
34,25,10,4,19,5,1,2,1,1,13,3,0,8,0,1,1,1,2,40,1,1,2,1,0,0,5,1,0,0,99,99,99,99,88,88,0,0,0,0,1,1,1,340463,0,2009,199,SR-35,99999999999999999999,0000000,40.16874167,-74.04703611,1,1
34,29,10,5,19,48,1,2,1,0,13,4,0,8,0,1,1,1,2,40,1,2,2,1,0,0,2,1,0,0,19,50,19,52,20,12,0,0,0,0,1,2,0,340464,1590,2009,0,528,99999999999999999999,0000000,40.085,-74.20723889,1,1
34,39,10,6,20,4,1,2,1,1,13,2,0,8,0,2,1,3,3,40,1,1,2,1,3,3,3,1,0,0,20,4,20,9,88,88,0,0,0,0,1,3,0,340465,860,2009,433,US-1&9,GRIER AVE,0000000,40.65168333,-74.21768889,1,1
34,27,10,8,5,29,2,2,0,1,11,1,0,12,1,1,1,3,5,65,2,2,2,1,0,0,2,1,0,0,5,38,5,49,88,88,0,0,0,0,1,5,0,340466,2498,2009,414,I-80,99999999999999999999,0000000,40.87065833,-74.46155556,2,1
34,11,10,9,9,27,1,1,0,0,14,4,0,30,0,1,4,1,2,50,1,1,2,1,0,0,1,1,0,0,9,27,9,36,9,54,0,0,0,0,1,6,0,340469,724,2009,0,552,99999999999999999999,0000000,39.43579444,-75.14187222,1,1
34,21,10,10,2,28,2,2,1,1,11,1,0,14,1,1,2,3,3,65,1,1,2,1,0,0,3,1,0,0,2,43,3,20,3,35,0,0,0,0,1,7,1,340470,3509,2009,169,I-95,99999999999999999999,0000000,40.209425,-74.57810278,1,1
34,23,10,9,18,42,2,4,0,0,16,6,0,12,5,2,1,1,2,25,1,1,2,1,0,0,3,1,0,0,18,43,18,44,19,6,0,0,0,0,1,6,0,340471,2570,2009,0,GROOM ST,NEVILLE ST,0000000,40.51990833,-74.27976667,2,1
34,39,10,10,0,13,1,3,1,0,14,4,0,8,0,1,1,1,2,30,1,1,2,2,0,0,3,2,0,0,0,12,0,19,88,88,0,0,0,0,1,7,0,340472,2630,2009,6,620,99999999999999999999,0000000,40.61983333,-74.42265278,1,2
34,5,10,11,20,50,3,4,0,1,13,2,0,12,1,1,1,1,2,50,1,2,2,1,0,0,2,1,0,0,20,51,21,2,21,39,0,0,0,0,1,1,0,340473,3325,2009,156,US-206,99999999999999999999,0000000,39.85875833,-74.73346667,3,1
34,19,10,13,12,29,1,1,0,0,3,3,0,24,0,1,4,1,2,50,2,2,2,1,0,0,1,1,0,0,12,35,12,40,88,88,0,0,0,0,1,3,0,340474,0,2009,274,SR-29,99999999999999999999,0000000,40.42153333,-75.05876667,1,1
34,19,10,9,22,57,1,2,1,1,13,2,0,8,0,2,1,3,2,50,1,1,2,1,3,3,3,1,0,0,22,57,23,3,23,26,0,0,0,0,1,6,0,340475,0,2009,105,US-202,HART BLVD,0000000,40.49193889,-74.86176667,1,1
34,1,10,14,19,2,1,1,0,0,3,2,0,27,0,1,5,1,2,50,2,1,2,1,0,0,2,1,0,0,19,5,19,16,88,88,0,0,0,0,1,4,0,340476,2700,2009,522,US-9,99999999999999999999,0000000,39.54436111,-74.46245556,1,1
34,27,10,14,16,25,1,1,0,0,6,6,0,53,0,1,5,1,2,40,2,1,2,1,0,0,1,1,0,0,16,27,16,41,88,88,0,0,0,0,1,4,0,340477,0,2009,0,PARKER RD,99999999999999999999,0000000,40.76042222,-74.75436667,1,1
34,7,10,15,15,2,3,4,0,1,11,1,0,12,8,13,1,6,1,65,2,2,2,2,0,0,1,2,0,0,15,16,15,18,15,47,0,0,0,0,1,5,0,340478,2930,2009,261,I-95,99999999999999999999,0000000,39.859475,-75.07512778,3,2
34,29,10,7,16,44,2,2,0,0,14,4,0,12,5,2,1,1,2,50,1,1,2,1,3,3,1,1,0,0,99,99,99,99,99,99,0,0,0,0,1,4,0,340479,0,2009,0,530,DAVENPORT RD,0000000,39.93451944,-74.23032778,2,1
34,1,10,17,6,10,1,1,0,1,13,2,0,42,0,1,4,1,4,50,1,1,2,2,0,0,4,2,0,0,6,10,6,22,88,88,0,0,0,0,1,7,0,340481,0,2009,467,US-30,99999999999999999999,0000000,39.47681667,-74.5726,1,2
34,1,10,16,23,6,1,2,1,1,12,2,0,8,0,1,1,3,3,40,1,1,2,1,0,0,3,1,0,0,99,99,99,99,99,99,0,0,0,0,1,6,0,340482,90,2009,572,US-30,99999999999999999999,0000000,39.37488889,-74.44419722,1,1
34,13,10,16,23,53,2,6,0,1,13,3,0,12,5,2,1,1,4,35,1,1,2,1,3,3,3,1,0,0,99,99,99,99,99,99,0,0,0,0,1,6,0,340483,2130,2009,15,SR-21,CHESTNUT STREET,0000000,40.72633889,-74.17298056,2,1
34,1,10,18,1,10,1,3,1,1,13,2,0,8,0,2,1,2,2,55,1,1,2,2,0,0,2,2,0,0,1,13,1,17,1,40,0,0,0,0,1,1,0,340484,0,2009,562,US-40,FOSTER AVENUE,0000000,39.41519167,-74.57678889,1,2
34,7,10,15,16,51,1,1,0,0,14,4,0,42,0,1,5,1,2,50,1,1,2,6,0,0,1,2,0,0,16,51,16,56,17,39,0,0,0,0,1,5,0,340485,3694,2009,0,536S,99999999999999999999,0000000,39.76849444,-74.91955833,1,2
34,21,10,16,16,18,1,1,0,0,16,6,0,30,0,1,5,1,2,35,2,1,2,2,0,0,1,1,0,0,16,21,16,28,88,88,0,0,0,0,1,6,1,340486,1265,2009,0,YOUNGS RD,99999999999999999999,0000000,40.2666,-74.68208611,1,1
34,23,10,19,18,30,1,3,1,1,13,3,0,8,0,2,1,3,3,50,2,3,2,1,3,3,5,1,0,0,18,30,18,35,18,52,0,0,0,0,1,2,0,340487,2140,2009,418,SR-18,COMMERICAL AVE,0000000,40.48968333,-74.43730833,1,1
34,13,10,18,21,23,1,2,0,0,16,6,0,33,0,1,4,1,2,25,2,1,2,1,0,0,2,1,0,0,21,23,21,31,22,11,0,0,0,0,1,1,1,340488,1945,2009,0,PARKVIEW DR,99999999999999999999,0000000,40.72111111,-74.30354167,1,1
34,33,10,4,15,24,3,3,0,1,2,2,0,12,5,2,1,1,2,40,1,1,2,1,0,0,1,1,0,0,15,22,15,40,15,49,0,0,0,0,1,1,0,340489,0,2009,211,US-40,DUTCH ROW RD,0000000,39.59877778,-75.15099167,3,1
34,27,10,4,12,7,1,2,0,1,11,1,0,1,0,1,3,2,2,65,1,1,2,1,0,0,1,1,0,0,12,19,12,26,13,4,0,0,0,0,1,1,0,340490,2498,2009,476,I-80,99999999999999999999,0000000,40.86355556,-74.41125278,1,1
34,29,10,23,9,59,2,5,0,1,13,3,0,12,2,1,1,1,2,55,1,1,2,1,0,0,1,1,0,0,99,99,99,99,99,99,0,0,0,0,1,6,1,340491,145,2009,172,SR-72,99999999999999999999,0000000,39.76606111,-74.32231667,2,1
34,7,10,24,2,56,2,1,0,0,16,6,0,33,0,1,4,1,2,25,2,1,2,2,0,0,3,2,0,0,2,57,3,6,88,88,0,0,0,0,1,7,1,340492,110,2009,0,WALNUT ST,99999999999999999999,0000000,39.88346111,-75.07478333,1,2
34,7,10,24,2,19,1,3,1,1,13,2,0,8,0,1,1,1,2,50,1,1,2,2,0,0,2,2,0,0,2,17,2,23,88,88,0,0,0,0,1,7,0,340493,3694,2009,233,US-30,99999999999999999999,0000000,39.72075556,-74.85860833,1,2
34,39,10,26,21,51,3,3,0,0,13,3,0,12,5,1,1,1,2,35,1,1,2,1,0,0,3,1,0,0,21,53,22,0,22,33,0,0,0,0,1,2,1,340494,2630,2009,133,SR-28,99999999999999999999,0000000,40.60303889,-74.44578333,3,1
34,37,10,24,15,13,2,2,0,0,5,4,0,12,5,1,1,1,2,40,2,2,2,2,0,0,1,2,0,0,15,17,15,23,16,4,0,0,0,0,1,7,0,340495,0,2009,0,626,99999999999999999999,0000000,41.09798056,-74.74076389,2,2
34,1,10,3,6,27,4,4,0,0,13,2,0,12,5,2,1,1,2,35,1,1,2,1,3,3,3,1,0,0,6,27,6,33,6,59,0,0,0,0,1,7,2,340496,2640,2009,407,US-9,MARTIN TERRACE,0000000,39.40247778,-74.52388889,4,1
34,15,10,31,19,2,1,2,1,0,13,2,0,8,0,1,1,3,2,55,1,1,2,1,0,0,3,1,0,0,99,99,99,99,88,88,0,0,0,0,1,7,0,340497,0,2009,295,US-322,99999999999999999999,0000000,39.627375,-74.92771667,1,1
34,13,10,30,15,45,2,2,1,0,14,4,0,33,0,1,5,1,2,25,2,1,2,1,0,0,1,1,0,0,99,99,99,99,99,99,0,0,0,0,1,6,0,340498,230,2009,0,672,99999999999999999999,0000000,40.79271111,-74.17962222,1,1
34,13,10,31,20,27,1,3,2,0,14,3,0,8,0,2,1,1,2,35,1,1,2,2,0,0,3,2,0,0,99,99,99,99,99,99,0,0,0,0,1,7,1,340499,2320,2009,86,SR-7,NUTLEY AVE,0000000,40.81661944,-74.143275,1,2
34,39,10,26,23,21,3,4,0,0,14,4,0,12,4,2,1,1,2,25,1,1,2,1,3,3,3,1,0,0,99,99,99,99,99,99,0,20,0,0,1,2,1,340500,860,2009,0,610,STANDISH ST,0000000,40.66333889,-74.24004722,2,1
34,1,10,23,15,48,1,1,0,0,13,2,0,42,0,1,5,3,2,55,1,1,2,1,0,0,1,1,0,0,99,99,99,99,99,99,0,0,0,0,1,6,0,340501,0,2009,468,US-322,99999999999999999999,0000000,39.47115278,-74.69784722,1,1
34,1,10,19,12,29,2,2,0,0,13,3,0,12,5,2,1,1,2,45,1,1,2,1,3,3,1,1,0,0,12,45,13,2,13,23,0,0,0,0,1,2,0,340502,0,2009,179,SR-50,ELEVENTH AVE,0000000,39.44086667,-74.73574167,2,1
34,23,11,3,22,21,2,7,0,1,11,1,0,12,2,1,1,3,3,65,1,1,2,1,0,0,3,1,0,0,22,25,22,50,88,88,0,0,0,0,2,3,0,340503,0,2009,317,I-95,99999999999999999999,0000000,40.39481111,-74.45493611,2,1
34,31,11,3,20,1,4,4,0,1,14,2,0,12,1,3,1,3,3,55,1,1,2,1,0,0,3,1,0,0,99,99,99,99,99,99,0,0,0,0,1,3,0,340504,3522,2009,0,US-202,PACKANACK LAKE ROAD,0000000,40.93399722,-74.26904722,4,1
34,39,11,5,18,46,1,2,1,0,13,3,0,8,0,2,1,3,2,35,1,1,2,2,3,3,3,1,0,0,99,99,99,99,99,99,0,0,0,0,1,5,0,340506,2910,2009,242,SR-28,LOCUST STREET,0000000,40.66126389,-74.26698056,1,1
34,23,11,6,18,41,1,4,1,1,13,3,0,9,0,1,1,2,2,45,1,1,2,1,0,0,3,1,0,0,18,40,18,47,88,88,0,0,0,0,1,6,0,340507,2417,2009,342,SR-18,99999999999999999999,0000000,40.40663056,-74.35848889,1,1
34,31,10,31,4,8,2,5,0,0,14,4,0,12,5,2,1,1,2,35,2,2,2,2,0,0,3,2,0,0,99,99,99,99,99,99,0,0,0,0,1,7,1,340509,660,2009,0,611,FORNELIUS AVE,0000000,40.86922222,-74.15543056,2,2
34,21,11,8,22,16,1,1,0,0,15,4,0,33,0,1,4,1,2,40,2,2,1,1,0,0,3,1,0,0,22,22,22,30,23,0,0,0,0,0,1,1,0,340510,1265,2009,0,649,99999999999999999999,0000000,40.25156944,-74.71006389,1,1
34,27,11,7,7,15,2,2,0,0,13,2,0,12,8,1,1,1,2,40,1,2,2,1,0,0,1,1,0,1,7,25,7,25,88,88,0,0,0,0,1,7,0,340511,750,2009,384,US-46,99999999999999999999,0000000,40.88736111,-74.56094722,2,1
34,23,11,4,15,7,2,2,0,0,13,3,0,12,2,1,1,1,2,40,1,1,2,1,0,0,1,1,0,0,15,10,15,19,16,11,1,0,0,0,1,4,0,340512,2208,2009,112,SR-27,99999999999999999999,0000000,40.45294722,-74.517925,2,1
34,7,11,9,14,48,3,3,0,0,13,4,0,12,5,2,4,1,2,40,1,1,2,1,3,3,1,1,0,0,14,50,15,0,15,18,0,0,0,0,1,2,1,340513,1130,2009,385,561,VICTOR BLVD,0000000,39.82501667,-74.95222778,3,1
34,39,11,8,0,59,1,3,0,1,13,2,0,40,0,2,4,3,3,40,1,3,2,1,3,3,3,1,0,0,0,59,1,6,1,23,0,0,0,0,1,1,0,340514,860,2009,445,US-1,EAST GRAND AVE,0000000,40.66549444,-74.20499722,1,1
34,15,11,10,17,19,1,1,0,0,13,2,0,33,0,2,4,1,4,55,1,1,2,1,0,0,1,1,0,0,17,20,17,23,88,88,0,0,0,0,1,3,0,340515,0,2009,265,US-322,KAREN DR,0000000,39.66438611,-74.96781667,1,1
34,3,11,10,18,35,1,2,1,0,14,4,0,8,0,2,1,1,2,40,2,1,2,1,0,0,3,1,0,0,18,35,18,45,19,15,0,0,0,0,1,3,0,340516,2000,2009,56,53,MAYA RD,0000000,41.04373333,-74.01421667,1,1
34,7,11,10,9,24,2,4,0,1,11,1,0,12,7,1,1,3,3,55,1,1,2,1,0,0,1,1,0,0,9,23,9,27,99,99,0,0,0,0,1,3,1,340517,520,2009,3,I-676,99999999999999999999,0000000,39.90476667,-75.11287222,2,1