STATE,COUNTY,MONTH,DAY,HOUR,MINUTE,VE_TOTAL,PERSONS,PEDS,NHS,ROAD_FNC,ROUTE,SP_JUR,HARM_EV,MAN_COLL,REL_JUNC,REL_ROAD,TRAF_FLO,NO_LANES,SP_LIMIT,ALIGNMNT,PROFILE,PAVE_TYP,SUR_COND,TRA_CONT,T_CONT_F,LGT_COND,WEATHER1,WEATHER2,WRK_ZONE,NOT_HOUR,NOT_MIN,ARR_HOUR,ARR_MIN,HOSP_HR,HOSP_MN,SCH_BUS,CF1,CF2,CF3,FATALS,DAY_WEEK,DRUNK_DR,ST_CASE,CITY,YEAR,MILEPT,TWAY_ID,TWAY_ID2,RAIL,LATITUDE,LONGITUD,VE_FORMS,WEATHER
34,13,11,10,19,44,3,3,2,1,11,1,0,12,1,13,1,6,1,55,1,2,2,1,0,0,3,1,0,0,99,99,99,99,99,99,0,14,0,0,1,3,0,340518,800,2009,117,I-280,99999999999999999999,0000000,40.7626,-74.214975,3,1
34,29,11,11,18,18,1,1,0,0,4,4,0,33,0,1,4,2,2,50,1,2,2,1,0,0,3,1,0,0,88,88,88,88,88,88,0,0,0,0,1,4,0,340519,0,2009,0,532,99999999999999999999,0000000,39.79511667,-74.23282778,1,1
34,17,11,9,2,15,1,1,0,0,16,6,0,21,0,6,3,3,2,25,2,1,2,1,80,9,2,1,0,0,99,99,99,99,88,88,0,0,0,0,1,2,0,340520,2205,2009,0,83RD ST,99999999999999999999,263092R,40.81067222,-74.01901111,1,1
34,19,11,11,5,15,1,2,1,0,13,2,0,8,0,1,1,2,2,55,1,1,2,1,0,0,2,1,0,0,5,18,5,31,6,3,0,0,0,0,1,4,0,340521,0,2009,70,US-202,99999999999999999999,0000000,40.44028333,-74.85809444,1,1
34,15,11,13,6,34,1,1,0,0,15,4,0,34,0,1,5,1,2,40,2,1,2,2,0,0,4,2,0,0,6,28,6,43,88,88,0,0,0,0,1,6,1,340522,1311,2009,0,607,99999999999999999999,0000000,39.73128333,-75.26115556,1,2
34,25,11,13,5,47,1,2,1,1,13,2,0,8,0,2,1,3,2,50,1,1,2,2,3,3,3,2,0,0,99,99,99,99,88,88,0,0,0,0,1,6,0,340523,0,2009,1162,US-9,EAST FREEHOLD RD,0000000,40.28711389,-74.29490556,1,2
34,29,11,12,14,38,1,2,1,0,13,2,0,9,0,1,2,1,2,35,1,1,2,2,0,0,1,2,0,0,99,99,99,99,99,99,0,0,0,0,1,5,0,340524,0,2009,815,US-9,99999999999999999999,0000000,39.83819167,-74.19258889,1,2
34,27,11,14,5,40,4,4,0,1,11,1,0,12,1,1,1,3,3,65,2,2,1,2,0,0,2,2,0,0,99,99,99,99,99,99,0,14,0,0,1,7,0,340525,2003,2009,492,I-287,99999999999999999999,0000000,40.92077778,-74.36328056,4,2
34,21,11,15,17,4,1,3,1,0,14,4,0,8,0,3,1,1,2,35,1,1,2,1,0,0,5,1,0,0,17,7,17,12,17,31,0,0,0,0,1,1,0,340526,0,2009,0,535,WILSON AVE,0000000,40.24089722,-74.68025278,1,1
34,23,11,8,2,30,1,2,1,1,13,3,0,8,0,2,1,3,2,50,1,1,2,1,3,3,3,1,0,0,2,30,2,44,3,15,0,0,0,0,1,1,0,340527,2970,2009,482,SR-35,9TH STREET,0000000,40.46491389,-74.27683611,1,1
34,31,10,22,13,45,2,2,0,0,14,4,0,12,5,2,1,1,2,40,1,1,2,1,3,3,1,1,0,0,99,99,99,99,99,99,0,0,0,0,1,5,0,340528,660,2009,0,509,602,0000000,40.85576111,-74.17775556,2,1
34,31,11,14,2,20,1,3,0,0,6,6,0,17,0,1,5,1,2,25,2,2,2,2,0,0,2,2,0,0,2,28,2,49,3,2,0,0,0,0,2,7,0,340529,3582,2009,0,LARSEN DR,99999999999999999999,0000000,41.06936944,-74.36415833,1,2
34,29,11,6,10,7,2,3,0,0,14,4,0,12,5,4,1,1,2,40,1,1,2,1,0,0,1,1,0,0,99,99,99,99,99,99,0,0,0,0,1,6,0,340530,0,2009,0,530,99999999999999999999,0000000,39.94860278,-74.36659444,2,1
34,7,11,16,17,11,3,3,0,0,14,4,0,12,1,4,1,1,2,45,1,1,2,1,0,0,5,1,0,0,17,13,17,31,17,35,0,0,0,0,1,2,0,340531,3694,2009,0,536S,99999999999999999999,0000000,39.71231111,-74.97414722,3,1
34,23,11,18,19,50,4,5,0,0,13,2,0,13,2,1,1,3,2,55,1,1,2,1,0,0,3,1,0,0,20,0,20,13,20,41,0,0,0,0,1,4,1,340532,704,2009,709,US-130,99999999999999999999,0000000,40.30036111,-74.513,4,1
34,7,11,20,5,49,1,1,0,0,14,4,0,42,0,1,5,1,2,25,1,1,2,2,0,0,3,1,0,0,5,49,5,54,88,88,0,0,0,0,1,6,1,340533,2545,2009,0,612 III,99999999999999999999,0000000,39.95556944,-75.06182222,1,1
34,19,11,20,20,5,1,3,1,0,15,4,0,8,0,1,1,1,2,45,1,1,2,1,0,0,2,1,0,0,20,7,20,8,88,88,0,19,0,0,1,6,0,340534,0,2009,0,513,99999999999999999999,0000000,40.69362222,-74.88783333,1,1
34,39,11,23,11,35,1,16,0,1,11,1,0,5,0,1,1,3,3,55,1,1,2,1,0,0,1,1,0,0,99,99,99,99,88,88,0,0,0,0,1,2,0,340535,1700,2009,988,I-95,99999999999999999999,0000000,40.61861111,-74.2196,1,1
34,23,11,24,23,18,1,2,1,1,11,1,0,8,0,1,1,3,3,65,1,1,2,1,0,0,2,1,0,0,99,99,99,99,88,88,0,0,0,0,1,3,0,340536,844,2009,405,I-95,99999999999999999999,0000000,40.50182222,-74.38067778,1,1
34,23,11,14,5,15,2,3,0,1,11,1,0,14,7,13,2,6,1,65,1,1,2,2,0,0,3,2,0,0,5,26,5,40,6,6,0,0,0,0,1,7,0,340537,3705,2009,478,I-95,99999999999999999999,0000000,40.56153056,-74.26173889,1,2
34,23,11,24,5,44,1,2,1,1,13,3,0,33,0,3,4,1,4,30,1,2,2,1,0,0,3,1,0,0,5,46,5,48,5,58,0,0,0,0,1,3,1,340538,2570,2009,525,SR-35,SAYRE AVE,0000000,40.518425,-74.28396111,1,1
34,5,11,25,15,6,1,1,0,0,16,6,0,42,0,1,4,1,2,15,1,1,2,2,0,0,1,2,0,0,99,99,99,99,88,88,0,0,0,0,1,4,0,340539,1290,2009,0,WEST PARK AVE,99999999999999999999,0000000,39.98098333,-74.84559444,1,2
34,1,11,26,20,9,1,3,0,1,12,8,0,42,0,1,4,2,2,65,1,1,2,2,0,0,2,1,0,0,20,19,20,24,20,47,0,0,0,0,1,5,0,340540,0,2009,407,444,99999999999999999999,0000000,39.46406111,-74.53279444,1,1
34,29,11,27,12,34,2,4,1,0,13,3,0,8,0,1,2,1,2,35,1,1,2,2,0,0,1,1,0,0,99,99,99,99,99,99,0,0,0,0,1,6,0,340542,0,2009,57,SR-35,99999999999999999999,0000000,39.98163333,-74.06879444,2,1
34,29,11,27,23,18,2,7,0,1,12,3,0,12,1,1,1,3,3,50,1,2,1,1,0,0,3,1,0,0,23,36,0,7,0,28,0,0,0,0,1,6,1,340543,0,2009,127,SR-37,99999999999999999999,0000000,39.94258889,-74.08847222,2,1
34,33,11,27,10,16,2,3,0,1,2,2,0,12,2,1,1,1,2,50,1,1,2,1,0,0,1,1,0,0,10,16,10,24,10,54,0,0,0,0,2,6,0,340544,0,2009,230,US-40,99999999999999999999,0000000,39.59418056,-75.11961944,2,1
34,15,11,28,2,49,1,1,0,0,14,4,0,38,0,1,5,1,2,45,1,1,2,1,0,0,3,1,0,0,2,50,2,52,88,88,0,0,0,0,1,7,0,340545,1814,2009,0,678,99999999999999999999,0000000,39.78941111,-75.19017222,1,1
34,11,11,28,23,57,1,1,0,0,14,4,0,33,0,1,4,1,2,35,1,1,2,1,0,0,3,1,0,0,23,56,0,6,88,88,0,0,0,0,1,7,1,340546,420,2009,0,552,99999999999999999999,0000000,39.43611111,-75.21204722,1,1
34,23,11,24,17,10,2,2,0,0,13,4,0,13,2,1,1,2,2,45,1,1,2,1,0,0,3,1,0,0,17,18,17,25,17,52,0,0,0,0,1,3,0,340547,844,2009,0,514,99999999999999999999,0000000,40.513325,-74.36195833,2,1
34,29,12,1,17,10,1,2,1,0,14,4,0,8,0,2,1,1,2,45,1,1,2,1,0,0,3,1,0,0,99,99,99,99,88,88,0,0,0,0,1,3,0,340548,1505,2009,0,639,MURDOCK PLACE,0000000,40.08729444,-74.26724444,1,1
34,17,12,2,0,59,1,1,0,0,16,6,0,19,0,2,5,1,2,25,1,1,2,1,0,0,3,1,0,0,99,99,99,99,88,88,0,0,0,0,1,4,1,340549,1520,2009,0,OCEAN AVE,FORREST AVE,0000000,40.71185833,-74.07523056,1,1
34,5,12,1,6,10,3,3,0,1,12,8,0,12,1,1,1,3,3,65,1,1,2,1,0,0,1,1,0,0,99,99,99,99,88,88,0,0,0,0,1,3,0,340550,0,2009,420,700,99999999999999999999,0000000,40.00235,-74.85293056,3,1
34,1,12,1,17,23,1,3,1,0,15,4,0,8,0,1,1,1,2,50,1,1,2,1,0,0,1,1,0,0,17,47,18,1,18,24,0,0,0,0,1,3,0,340552,0,2009,0,614,99999999999999999999,0000000,39.45659167,-74.66355,1,1
34,15,12,3,1,53,3,4,0,1,12,3,0,24,0,1,3,3,3,55,1,1,2,2,0,0,2,2,0,0,99,99,99,99,88,88,0,0,0,0,1,5,0,340554,747,2009,124,SR-42,99999999999999999999,0000000,39.84267222,-75.09359167,3,2
34,7,12,2,5,6,2,3,0,1,12,8,0,13,2,1,2,2,2,65,1,1,2,1,0,0,2,1,0,0,5,11,5,19,5,47,0,0,0,0,3,4,1,340555,3694,2009,322,446,99999999999999999999,0000000,39.66223889,-74.88594444,2,1
34,25,12,3,9,25,2,1,0,0,16,4,0,14,1,1,4,1,2,25,1,1,2,1,0,0,1,1,0,0,99,99,99,99,88,88,0,0,0,0,1,5,0,340556,2110,2009,0,17,99999999999999999999,0000000,40.20070833,-74.03467778,1,1
34,29,12,3,10,16,1,1,0,0,16,6,0,33,0,1,4,1,2,35,2,1,2,1,0,0,1,1,0,0,99,99,99,99,99,99,0,0,0,0,1,5,1,340558,3360,2009,0,SHENANDOAH BLVD,99999999999999999999,0000000,39.99050278,-74.15631944,1,1
34,13,12,4,6,13,1,2,1,1,13,3,0,8,0,2,1,1,4,35,1,1,2,1,3,3,3,1,0,0,99,99,99,99,99,99,0,0,0,0,1,6,0,340560,2130,2009,29,SR-21,BRIDGE ST,0000000,40.74496389,-74.16714444,1,1
34,23,12,3,17,3,2,3,1,0,15,4,0,8,0,2,1,1,2,45,1,1,2,1,0,0,3,1,0,0,17,3,17,12,88,88,0,0,0,0,1,5,0,340561,2970,2009,0,670,AVON WAY,0000000,40.47705833,-74.30333889,2,1
34,3,12,5,3,27,2,2,0,1,13,3,0,12,1,1,1,3,3,50,1,1,2,1,8,3,3,1,0,1,3,31,3,42,88,88,0,0,0,0,1,7,0,340562,2480,2009,144,SR-17,99999999999999999999,0000000,40.94852778,-74.0724,2,1
34,41,12,6,0,3,1,3,2,1,13,2,0,8,0,1,2,1,2,45,2,1,2,2,0,0,3,1,0,0,0,4,0,25,1,6,0,0,0,0,1,1,0,340563,0,2009,98,US-46,99999999999999999999,0000000,40.8325,-75.00645278,1,1
34,23,12,6,19,31,1,2,1,0,13,4,0,8,0,2,1,1,2,40,1,1,2,1,0,0,2,1,0,0,19,33,19,44,88,88,0,0,0,0,1,1,0,340564,2582,2009,0,622,RIVERCREST DRIVE,0000000,40.53131667,-74.49275556,1,1
34,1,8,2,11,35,2,5,0,0,14,6,0,12,5,2,1,1,2,25,1,1,2,1,0,0,1,1,0,0,11,41,11,45,12,2,0,0,0,0,1,1,0,340565,3090,2009,0,BETHAL RD,DORAN AVE,0000000,39.32663056,-74.59429167,2,1
34,1,11,5,19,44,1,3,1,1,13,2,0,8,0,2,1,2,2,40,1,1,2,2,3,3,3,2,0,0,19,53,19,59,20,5,0,0,0,0,1,5,0,340566,90,2009,636,US-40,CROSSAN AVENUE,0000000,39.35885556,-74.46086944,1,2
34,7,12,6,11,12,1,2,0,0,13,4,0,33,0,3,4,1,2,25,1,1,2,1,3,3,1,1,0,0,11,17,11,27,11,41,0,0,0,0,1,1,0,340567,690,2009,0,636,HADDON AVE,0000000,39.91276389,-75.05735,1,1
34,19,12,7,19,21,2,3,0,1,1,1,0,12,1,1,1,3,3,65,1,2,2,1,0,0,2,1,0,0,19,20,19,33,88,88,0,0,0,0,1,2,1,340568,340,2009,75,I-78,99999999999999999999,0000000,40.65996944,-75.07055556,2,1
34,39,11,21,3,25,2,3,0,0,16,6,0,14,7,1,4,1,2,25,1,1,2,1,0,0,3,1,0,0,3,29,3,49,99,99,0,0,0,0,1,7,0,340569,2900,2009,0,EAST 3RD AVE,99999999999999999999,0000000,40.65889444,-74.253975,1,1
34,1,12,8,19,59,1,2,1,1,13,2,0,8,0,2,1,3,2,45,1,1,2,1,3,3,3,1,0,0,19,59,20,5,88,88,0,0,0,0,1,3,0,340570,0,2009,501,US-30,7TH AVE,0000000,39.44269722,-74.523525,1,1
34,17,12,8,19,40,2,1,0,1,14,4,0,14,1,1,4,1,4,25,1,1,2,1,0,0,1,1,0,0,99,99,99,99,99,99,0,0,0,0,1,3,0,340571,190,2009,0,501,99999999999999999999,0000000,40.68852222,-74.10646389,1,1
34,29,12,4,20,47,1,1,0,0,16,6,0,1,0,2,1,1,2,25,1,1,2,1,0,0,3,1,0,0,20,48,20,54,21,25,0,0,0,0,1,6,1,340572,416,2009,0,SCHINDLER DR,ASCHBY DR,0000000,40.03252778,-74.10857778,1,1
34,3,12,9,19,48,1,2,1,0,14,4,0,8,0,2,1,2,2,30,1,3,2,2,3,3,3,1,0,0,19,56,19,59,88,88,0,0,0,0,1,4,0,340573,1210,2009,0,57,ESSEX ST,0000000,40.88435,-74.05991111,1,1
34,15,12,13,14,48,1,1,0,0,15,4,0,38,0,1,5,1,2,45,1,1,2,2,0,0,1,2,0,0,14,48,14,58,88,88,0,0,0,0,1,1,1,340574,0,2009,0,612,99999999999999999999,0000000,39.659,-75.02443333,1,2
34,7,12,14,9,58,1,2,1,1,13,3,0,33,0,2,4,1,3,45,1,1,2,1,0,0,1,1,0,0,9,59,10,2,10,26,0,0,0,0,2,2,1,340575,598,2009,34,SR-70,BOUNDERY LANE,0000000,39.91440833,-75.01341944,1,1
34,23,12,12,10,46,1,1,0,0,15,4,0,33,0,2,4,1,2,25,2,2,2,1,0,0,1,1,0,0,10,46,11,0,11,40,0,0,0,0,1,7,0,340576,3110,2009,0,688,PORTIA STREET,0000000,40.4748,-74.28175,1,1
34,3,12,14,17,19,1,2,1,0,16,6,0,8,0,2,1,1,2,25,1,1,2,1,0,0,3,1,0,0,17,16,17,19,17,45,0,0,0,0,1,2,1,340577,350,2009,0,PALISADE AVE,HILL ST,0000000,40.87573611,-74.02556667,1,1
34,5,12,15,22,28,1,2,0,0,16,5,8,42,0,1,4,1,2,35,2,1,2,1,0,0,2,1,0,0,22,23,23,13,0,23,0,0,0,0,1,3,1,340578,0,2009,0,FOREST ROAD,99999999999999999999,0000000,39.91505278,-74.52434167,1,1
34,13,12,17,0,55,1,2,0,0,15,6,0,33,0,1,4,1,2,25,1,2,2,1,0,0,3,1,0,0,99,99,99,99,99,99,0,0,0,0,1,5,1,340579,230,2009,0,JORALEMON ST,99999999999999999999,0000000,40.80585,-74.17327222,1,1
34,1,12,17,10,31,2,2,0,0,14,4,0,12,5,2,1,1,2,45,1,1,2,1,20,3,1,1,0,0,10,31,10,40,11,26,0,0,0,0,1,5,0,340580,0,2009,0,561,S. MANNHELM DRIVE,0000000,39.52220833,-74.55354444,2,1
34,29,12,17,17,58,4,5,0,0,14,2,0,12,8,1,1,1,2,45,2,1,2,1,0,0,2,1,0,0,99,99,99,99,99,99,0,0,0,0,2,5,1,340581,145,2009,757,US-9,99999999999999999999,0000000,39.76253056,-74.21891111,4,1
34,23,11,27,9,3,2,5,0,0,14,4,0,12,2,2,1,1,2,50,2,1,2,1,0,0,1,1,0,0,9,6,9,13,10,5,0,0,0,0,2,6,0,340582,2970,2009,0,615,WINDING WOODS WAY,0000000,40.42685833,-74.3462,2,1
34,13,12,18,4,1,2,4,3,1,12,8,0,8,0,1,1,3,3,55,1,1,2,1,0,0,2,1,0,0,99,99,99,99,99,99,0,0,0,0,1,6,0,340583,1480,2009,1448,444,99999999999999999999,0000000,40.72758333,-74.22558611,1,1
34,9,12,21,19,44,1,1,0,0,14,4,0,30,0,1,4,1,2,50,2,1,2,4,0,0,2,1,0,0,19,45,20,2,88,88,0,0,0,0,1,2,1,340584,0,2009,0,631,99999999999999999999,0000000,39.25772778,-74.67585278,1,1
34,1,12,22,13,21,1,2,1,0,16,6,0,33,0,1,4,1,1,25,1,1,2,1,0,0,1,1,0,0,13,25,13,36,14,7,0,0,0,0,1,3,0,340585,851,2009,0,BRADYWINE CT,99999999999999999999,0000000,39.43096389,-74.61450556,1,1
34,41,12,23,4,9,1,1,0,0,4,4,0,42,0,1,4,1,2,40,2,1,2,4,0,0,2,1,0,0,4,10,4,36,99,99,0,0,0,0,1,4,1,340586,1455,2009,0,609,99999999999999999999,0000000,40.90198333,-75.00325556,1,1
34,3,12,25,22,29,1,2,1,0,14,4,0,8,0,1,1,1,2,30,2,1,2,1,0,0,3,1,0,0,99,99,99,99,99,99,0,0,0,0,1,6,0,340587,1775,2009,0,130,99999999999999999999,0000000,40.80103056,-74.11620556,1,1
34,7,11,25,19,16,1,2,1,0,13,4,0,8,0,3,1,1,2,25,1,1,2,2,0,0,3,2,0,0,99,99,99,99,99,99,0,0,0,0,1,4,0,340589,0,2009,0,544,CENTRAL AVENUE,0000000,39.84476944,-75.06964167,1,2
34,9,12,28,12,1,2,2,0,0,15,4,0,12,5,1,1,1,2,50,2,1,2,1,0,0,1,1,0,0,99,99,99,99,99,99,0,0,0,0,1,2,0,340590,0,2009,0,620,99999999999999999999,0000000,39.05639167,-74.84732222,2,1
34,11,12,28,23,56,2,5,0,0,15,4,0,12,1,2,1,1,2,50,1,3,2,1,20,3,2,1,0,0,23,57,0,17,0,25,0,0,0,0,1,2,1,340591,3460,2009,0,552,SOUTH WEST BLVD,586356C,39.44603611,-75.02949722,2,1
34,13,12,29,11,57,3,3,1,1,12,3,0,12,7,1,1,3,3,55,1,1,1,1,0,0,1,1,0,0,99,99,99,99,99,99,0,19,0,0,1,3,0,340592,2320,2009,90,SR-21,99999999999999999999,0000000,40.82131111,-74.12761111,3,1
34,15,12,29,12,45,1,1,0,1,12,3,0,36,0,1,3,3,2,65,1,1,2,1,0,0,1,1,0,0,12,46,13,0,13,40,0,0,0,0,1,3,0,340593,1150,2009,488,SR-55,99999999999999999999,0000000,39.69638889,-75.14565833,1,1
34,1,12,28,17,30,1,4,1,0,14,6,0,8,0,3,1,1,4,25,1,1,2,1,0,0,3,1,0,0,17,32,17,45,18,0,0,0,0,0,1,2,0,340594,90,2009,0,PACIFIC AVE,BRIGHTON AVE,0000000,39.35295,-74.44596667,1,1
34,1,12,31,9,14,2,3,0,0,4,4,0,24,0,1,4,1,2,50,2,2,2,3,0,0,1,3,0,0,9,19,9,31,10,3,0,0,0,0,2,5,0,340595,851,2009,0,559,99999999999999999999,0000000,39.36171111,-74.69758889,2,3
34,27,12,25,8,37,1,1,0,1,11,1,0,43,0,1,4,2,2,65,2,1,2,2,0,0,1,1,0,0,8,42,8,50,9,30,0,0,0,0,1,6,0,340596,2498,2009,6,I-280,99999999999999999999,0000000,40.85728056,-74.36251944,1,1
34,31,12,29,11,47,2,2,0,0,14,4,0,12,8,1,1,1,2,35,2,1,2,1,0,0,1,1,0,0,11,51,12,10,12,42,0,0,0,0,1,3,0,340597,3370,2009,0,640,99999999999999999999,0000000,40.88833333,-74.23335278,2,1
34,33,12,28,5,22,2,2,0,1,13,3,0,12,2,1,1,1,2,35,1,1,2,1,0,0,3,1,0,0,99,99,99,99,99,99,0,0,0,0,1,2,0,340598,2565,2009,32,SR-49,99999999999999999999,0000000,39.64525556,-75.51826944,2,1
34,3,12,17,22,41,4,7,0,1,12,8,0,12,1,1,1,3,3,45,1,2,2,1,0,0,3,1,0,1,99,99,99,99,99,99,0,0,0,0,1,5,0,340599,883,2009,1588,444,99999999999999999999,0000000,40.89299722,-74.12049722,4,1
34,3,12,11,10,22,1,1,0,1,12,3,0,25,0,1,4,3,3,50,1,2,2,1,0,0,1,1,0,0,10,20,99,97,99,97,0,0,0,0,1,6,0,340600,820,2009,69,SR-3,99999999999999999999,0000000,40.81090278,-74.09078889,1,1
34,11,12,12,13,43,1,1,0,0,4,4,0,42,0,1,4,1,2,50,1,1,2,1,0,0,1,1,0,0,13,39,13,53,14,50,0,0,0,0,1,7,0,340601,1845,2009,0,552,99999999999999999999,0000000,39.43208333,-74.87540833,1,1
34,13,11,7,20,20,1,2,1,0,16,6,0,8,0,2,1,1,4,25,1,1,2,1,0,0,3,1,0,0,99,99,99,99,99,99,0,0,0,0,1,7,0,340602,2130,2009,0,BROADWAY,IRVING STREET,0000000,40.77786944,-74.15696389,1,1
35,29,1,29,18,21,1,3,0,0,14,6,0,1,0,1,1,1,2,25,1,1,2,1,0,0,5,1,0,0,99,99,99,99,99,99,0,0,0,0,1,5,1,350001,230,2009,0,J STREET,99999999999999999999,0000000,32.24518333,-107.7329639,1,1
35,29,1,4,21,57,1,5,0,1,1,1,0,1,0,1,1,2,2,75,1,1,2,1,0,0,3,1,0,0,99,99,99,99,99,99,0,0,0,0,1,1,0,350002,0,2009,6530,I-10,99999999999999999999,0000000,32.23828611,-108.01775,1,1
35,39,1,15,9,6,1,1,0,1,2,3,0,35,0,1,6,1,2,45,2,2,2,1,28,3,1,1,0,0,88,88,88,88,88,88,0,0,0,0,1,5,1,350003,272,2009,1850,SR-68,99999999999999999999,0000000,36.09044722,-106.0493083,1,1
35,15,1,23,21,21,1,1,0,1,2,3,0,1,0,1,1,1,2,55,2,1,2,1,0,0,2,1,0,0,88,88,88,88,88,88,0,0,0,0,1,6,1,350004,0,2009,2250,SR-137,99999999999999999999,0000000,32.01943056,-104.8447611,1,1
35,43,1,15,17,16,1,1,0,1,13,6,0,38,0,2,4,1,2,5,1,2,2,1,20,3,5,1,0,0,99,99,99,99,99,99,0,0,0,0,1,5,0,350005,677,2009,0,MEADOWLARK LANE,SR-528,0000000,35.24092222,-106.6560472,1,1
35,57,1,19,18,18,1,4,1,1,2,1,0,8,0,1,1,2,4,75,2,2,2,1,0,0,3,1,0,0,99,99,99,99,99,99,0,0,0,0,1,2,0,350006,605,2009,1966,I-40,99999999999999999999,0000000,35.02138889,-106.0893389,1,1
35,41,1,29,0,24,1,1,0,0,3,3,0,1,0,1,1,1,2,55,1,1,2,1,0,0,2,1,0,0,88,88,88,88,88,88,0,0,0,0,1,5,1,350007,0,2009,0,SR-235,99999999999999999999,0000000,33.98244167,-103.3326806,1,1
35,57,1,24,2,41,1,2,0,1,1,1,0,1,0,1,6,2,2,75,1,4,2,1,0,0,2,1,0,0,99,99,99,99,99,99,0,0,0,0,1,7,1,350008,0,2009,22460,I-40,99999999999999999999,0000000,34.99906667,-105.4490083,1,1
35,35,1,23,23,39,1,2,1,1,2,2,0,8,0,1,1,2,2,65,1,2,2,1,0,0,2,8,0,0,99,99,99,99,99,99,0,0,0,0,1,6,0,350009,0,2009,24000,US-70,99999999999999999999,0000000,32.84635833,-106.0324861,1,8
35,5,1,30,8,47,1,2,1,0,16,6,0,8,0,2,1,2,2,30,1,1,2,1,20,3,1,1,0,0,88,88,88,88,88,88,0,0,0,0,1,6,0,350010,670,2009,0,RICHARDSON,ALBUQUERQUE,0000000,33.38694722,-104.5244417,1,1
35,45,1,30,21,0,1,2,1,0,15,6,0,8,0,2,1,2,4,35,1,1,2,1,98,9,3,1,0,0,88,88,88,88,88,88,0,0,0,0,1,6,0,350011,310,2009,0,AUBURN,PINON,0000000,36.72306389,-108.2100972,1,1
35,5,1,5,14,30,2,2,0,0,4,3,0,12,4,1,1,2,2,55,1,1,2,1,0,0,1,1,0,0,99,99,99,99,99,99,0,0,0,0,1,2,0,350012,0,2009,323,SR-249,99999999999999999999,0000000,32.96921111,-103.8014889,2,1
35,53,1,3,15,25,1,5,0,1,1,1,0,1,0,1,2,2,4,75,1,1,2,1,0,0,1,1,0,0,99,99,99,99,99,99,0,0,0,0,1,7,0,350013,0,2009,1800,I-25,99999999999999999999,0000000,33.92576944,-106.8800639,1,1
35,29,1,22,2,4,1,2,0,1,1,1,0,1,0,1,1,2,2,75,1,1,2,1,0,0,2,1,0,0,99,99,99,99,99,99,0,0,0,0,1,5,0,350014,0,2009,6280,I-10,99999999999999999999,0000000,32.26674167,-107.7910722,1,1
35,43,1,11,2,17,1,1,0,1,13,6,0,1,0,2,6,2,2,35,1,1,2,1,0,0,3,1,0,0,88,88,88,88,88,88,0,0,0,0,1,1,1,350015,677,2009,0,SOUTHERN BLVD,36TH ST. SW,0000000,35.24162222,-106.8091667,1,1
35,53,2,7,19,57,2,2,0,0,15,6,0,12,1,2,1,2,4,30,1,1,2,1,3,3,3,1,0,0,99,99,99,99,99,99,0,0,0,0,1,7,0,350016,760,2009,0,SECOND,SUNSET,0000000,34.06190278,-106.887875,2,1
35,31,2,21,0,25,1,2,0,0,9,4,3,35,0,1,2,1,2,99,1,1,5,1,0,0,2,1,0,0,99,99,0,48,99,99,0,0,0,0,1,7,1,350017,0,2009,0,DALTON PASS ROAD,99999999999999999999,0000000,35.73675833,-108.287,1,1
35,13,2,8,1,25,2,2,0,0,5,3,0,12,1,2,1,2,2,55,1,1,2,1,0,0,2,1,0,0,88,88,88,88,88,88,0,0,0,0,1,1,1,350018,0,2009,0,SR-213,SR-404,0000000,32.02554167,-106.6370778,2,1
35,49,2,14,8,24,1,1,0,1,2,5,0,1,0,2,6,1,2,35,2,1,2,1,0,0,1,1,0,0,99,99,99,99,99,99,0,0,0,0,1,7,0,350019,467,2009,0,LOS PINOS ROAD,CUERNO DE VACA,9999999,35.59387778,-106.087075,1,1
35,55,2,14,23,53,1,1,0,1,13,6,0,1,0,10,6,1,2,35,2,1,2,1,0,0,2,1,0,0,99,99,99,99,99,99,0,0,0,0,1,7,1,350020,780,2009,0,LOWER RANCHITOS ROAD,PACHECO LANE,0000000,36.38826111,-105.6306278,1,1
35,23,2,7,7,35,1,1,0,1,2,2,0,1,0,1,1,1,2,45,1,2,2,1,0,0,1,1,0,0,88,88,88,88,88,88,0,0,0,0,1,7,0,350021,0,2009,3105,US-80,99999999999999999999,0000000,32.31499167,-109.4238278,1,1
35,49,2,25,0,30,1,1,0,1,13,6,0,1,0,1,6,1,2,40,2,1,2,1,28,3,2,1,0,0,88,88,88,88,88,88,0,0,0,0,1,4,1,350022,0,2009,0,AVENIDA VISTA GRANDE,99999999999999999999,0000000,35.54005,-105.9645944,1,1
35,15,1,31,18,58,2,5,0,1,2,4,0,12,5,10,1,1,2,35,1,1,2,1,28,3,2,1,0,0,99,99,99,99,99,99,0,0,0,0,1,7,0,350023,0,2009,0,CR-704,CR701,0000000,32.35632778,-104.1861833,2,1
35,13,2,2,2,18,2,5,0,1,1,1,0,12,2,1,1,2,2,45,1,1,2,1,0,0,3,1,0,1,99,99,99,99,99,99,0,0,0,0,1,2,0,350024,470,2009,14450,I-10,99999999999999999999,0000000,32.24939444,-107.1455389,2,1
35,1,2,4,18,18,1,2,1,1,13,6,0,8,0,10,1,3,3,35,1,1,2,1,0,0,3,1,0,0,88,88,88,88,88,88,0,0,0,0,1,4,0,350025,30,2009,0,LOUISIANA BLVD SE,CONTINENTAL LP. SE,0000000,35.06302222,-106.5691,1,1