STATE,COUNTY,MONTH,DAY,HOUR,MINUTE,VE_TOTAL,PERSONS,PEDS,NHS,ROAD_FNC,ROUTE,SP_JUR,HARM_EV,MAN_COLL,REL_JUNC,REL_ROAD,TRAF_FLO,NO_LANES,SP_LIMIT,ALIGNMNT,PROFILE,PAVE_TYP,SUR_COND,TRA_CONT,T_CONT_F,LGT_COND,WEATHER1,WEATHER2,WRK_ZONE,NOT_HOUR,NOT_MIN,ARR_HOUR,ARR_MIN,HOSP_HR,HOSP_MN,SCH_BUS,CF1,CF2,CF3,FATALS,DAY_WEEK,DRUNK_DR,ST_CASE,CITY,YEAR,MILEPT,TWAY_ID,TWAY_ID2,RAIL,LATITUDE,LONGITUD,VE_FORMS,WEATHER
35,6,12,31,4,41,2,7,0,1,1,1,0,12,2,1,1,2,2,75,1,1,2,4,0,0,2,4,0,0,99,99,99,99,99,99,0,0,0,0,1,5,0,350233,0,2009,9520,I-40,99999999999999999999,0000000,35.06808056,-107.6830111,2,4
35,13,12,25,1,53,1,2,1,1,2,5,0,8,0,2,1,1,2,40,1,1,2,1,0,0,2,1,0,0,99,99,99,99,99,99,0,0,0,0,1,6,0,350234,0,2009,0,MCCOMBS,LUNA AZUL,0000000,32.03143611,-106.4091972,1,1
35,15,2,18,19,20,2,3,0,1,2,4,0,12,5,10,1,1,2,35,1,2,2,1,0,0,2,1,0,0,99,99,99,99,99,99,0,0,0,0,1,4,1,350236,0,2009,350,CR-206,SR-200,0000000,32.45647222,-104.228925,2,1
35,53,10,10,15,20,1,1,0,1,2,1,0,1,0,1,6,2,2,75,1,1,2,1,0,0,1,1,0,0,99,99,99,99,99,99,0,0,0,0,1,7,0,350237,760,2009,14590,I-25,99999999999999999999,0000000,33.9257,-106.8798056,1,1
35,5,10,3,0,20,1,1,0,1,2,6,0,1,0,2,1,1,2,50,1,1,2,1,0,0,2,1,0,0,88,88,88,88,88,88,0,0,0,0,1,7,1,350238,0,2009,0,COUNTRY CLUB ROAD,BROWN ROAD,0000000,33.42341944,-104.6454611,1,1
35,55,3,14,23,55,2,2,0,1,2,3,0,12,2,1,1,1,2,45,2,1,2,1,28,3,2,1,0,0,99,99,99,99,99,99,0,0,0,0,1,7,1,350239,46,2009,300,SR-150,99999999999999999999,0000000,36.46015556,-105.5948361,2,1
35,55,7,14,21,26,2,2,0,1,2,2,0,12,2,1,1,1,2,55,1,1,2,1,0,0,2,1,0,0,88,88,88,88,88,88,0,0,0,0,1,3,0,350240,809,2009,22500,US-64,99999999999999999999,0000000,36.46243333,-105.6493389,2,1
35,55,4,24,17,20,2,6,0,1,2,3,0,12,2,1,1,1,2,50,2,2,2,1,28,3,1,1,0,0,99,99,99,99,99,99,0,0,0,0,1,6,0,350241,780,2009,3280,SR-68,99999999999999999999,0000000,36.36628611,-105.6000722,2,1
35,55,10,18,12,21,1,2,0,1,1,3,0,1,0,1,1,1,2,55,1,1,2,1,0,0,1,1,0,0,99,99,99,99,99,99,0,0,0,0,1,1,0,350242,780,2009,6600,SR-518,99999999999999999999,0000000,36.25603889,-105.5796444,1,1
35,55,11,1,12,33,1,1,0,1,2,3,0,1,0,1,4,1,2,55,1,2,2,1,0,0,1,1,0,0,99,99,99,99,99,99,0,0,0,0,1,1,1,350243,780,2009,200,SR-585,99999999999999999999,0000000,36.37644722,-105.5583583,1,1
35,1,2,6,11,8,2,3,0,1,2,3,0,12,1,1,1,2,2,55,1,1,2,1,0,0,1,1,0,0,99,99,99,99,99,99,0,0,0,0,1,6,0,350244,435,2009,3900,SR-47,99999999999999999999,0000000,35.02437222,-106.6415417,2,1
35,53,5,2,16,53,2,2,0,1,2,2,0,12,1,10,1,2,2,35,1,1,2,1,0,0,1,1,0,0,99,99,99,99,99,99,0,0,0,0,1,7,0,350245,760,2009,0,US-85,MEEK ST.,0000000,34.04995833,-106.8919083,2,1
35,1,4,5,19,1,1,2,0,1,13,6,0,1,0,2,1,1,2,0,1,1,2,1,0,0,5,1,0,0,99,99,99,99,99,99,0,0,0,0,1,1,1,350246,0,2009,0,POWER LINE ROAD,PASEO DEL VOLCAN,0000000,35.15809167,-106.7967222,1,1
35,1,6,22,11,37,2,3,0,1,1,1,0,12,1,1,1,2,2,45,1,1,2,1,0,0,1,1,0,1,99,99,99,99,99,99,0,0,0,0,1,2,0,350247,0,2009,17500,I-40,99999999999999999999,0000000,35.03730556,-106.9285583,2,1
35,1,9,7,23,16,1,2,1,1,13,3,0,8,0,1,1,1,2,50,1,2,2,1,0,0,2,1,0,0,88,88,88,88,88,88,0,0,0,0,1,2,0,350248,0,2009,520,SR-556,99999999999999999999,0000000,35.20074444,-106.5632639,1,1
35,1,10,23,12,33,1,1,0,1,1,1,0,36,0,1,6,2,3,65,1,2,2,1,0,0,1,1,0,0,88,88,88,88,88,88,0,0,0,0,1,6,0,350249,0,2009,16900,I-40,99999999999999999999,0000000,35.03393333,-106.9402306,1,1
35,1,11,25,19,58,2,3,0,1,1,1,0,12,2,1,1,2,3,75,2,2,2,1,0,0,2,1,0,0,99,99,99,99,99,99,0,0,0,0,2,4,0,350250,0,2009,17230,I-40,99999999999999999999,0000000,35.03224444,-106.9436639,2,1
35,1,3,25,13,3,1,1,0,1,2,3,0,42,0,1,6,1,2,50,2,2,2,1,0,0,1,1,0,0,88,88,88,88,88,88,0,0,0,0,1,4,0,350251,0,2009,380,SR-14,99999999999999999999,0000000,35.08479722,-106.3809583,1,1
35,1,4,14,22,53,1,1,0,9,16,6,0,1,0,1,1,4,2,25,2,1,5,1,0,0,2,1,0,0,88,88,88,88,88,88,0,0,0,0,1,3,1,350252,30,2009,0,ESCARPMENT RD SW,99999999999999999999,0000000,34.99674722,-106.7683972,1,1
35,1,5,17,17,0,1,3,0,1,2,3,0,1,0,2,1,1,2,0,1,3,2,1,0,0,1,1,0,0,99,99,99,99,99,99,0,0,0,0,1,1,1,350253,0,2009,0,SR-217,MCCOMB RD,0000000,34.99625278,-106.261825,1,1
35,1,6,22,18,46,1,2,1,1,13,6,0,9,0,1,2,2,2,45,2,1,2,1,28,3,1,1,0,0,88,88,88,88,88,88,0,0,0,0,1,2,0,350254,30,2009,0,PASEO DEL VOLCAN RD,99999999999999999999,0000000,35.02444444,-106.7932889,1,1
35,6,9,12,11,15,4,9,0,1,13,6,0,12,2,10,1,2,2,45,1,1,2,1,0,0,1,1,0,0,99,99,99,99,99,99,0,0,0,0,1,7,0,350255,360,2009,0,SANTA FE AVE.,SOUTH 53,0000000,35.14644167,-107.8427417,4,1
35,3,3,5,8,30,1,1,0,1,2,2,0,1,0,1,1,1,2,45,2,2,2,1,98,3,1,1,0,0,99,99,99,99,99,99,0,0,0,0,1,5,0,350256,0,2009,4590,US-180,99999999999999999999,0000000,33.20860278,-108.8415528,1,1
35,1,10,23,8,50,3,4,0,1,2,3,0,12,2,10,1,1,2,55,2,2,2,1,0,0,1,1,0,0,99,99,99,99,99,99,0,0,0,0,1,6,0,350257,0,2009,270,SR-14,SANGRE DE CRISTO RD.,0000000,35.147775,-106.3596722,3,1
35,1,4,22,20,32,1,1,0,1,13,6,0,17,0,1,6,2,2,40,1,1,2,1,0,0,3,1,0,0,88,88,88,88,88,88,0,0,0,0,1,4,1,350258,30,2009,0,ISLETA BLVD.,99999999999999999999,0000000,34.94899167,-106.6938972,1,1
35,3,10,23,8,45,1,1,0,1,2,4,0,1,0,2,1,1,2,35,2,2,2,1,0,0,1,1,0,0,88,88,88,88,88,88,0,0,0,0,1,6,0,350259,0,2009,410,CR-B029,CR-B007,0000000,34.09026944,-108.8546,1,1
35,61,6,27,19,9,2,5,0,1,2,3,0,12,2,2,1,1,2,45,1,1,2,1,0,0,1,1,0,0,99,99,99,99,99,99,0,0,0,0,1,7,1,350260,100,2009,0,SR-116,MILL ROAD,0000000,34.61018056,-106.7786111,2,1
35,5,10,9,17,36,1,2,0,1,13,5,0,1,0,11,1,3,2,0,1,1,2,1,21,3,1,1,0,0,99,99,99,99,99,99,0,0,0,0,1,6,1,350261,390,2009,0,MONO,ABERDEEN ST.,0000000,33.11764167,-104.3192194,1,1
35,1,11,10,6,11,2,3,0,0,12,6,0,12,1,1,1,2,3,60,1,1,2,1,0,0,4,1,0,0,88,88,88,88,88,88,0,0,0,0,1,3,0,350262,30,2009,0,PASEO DEL NORTE,99999999999999999999,0000000,35.17338611,-106.5783694,2,1
35,31,10,13,6,5,1,3,0,1,2,4,0,1,0,10,6,1,2,35,1,4,2,1,20,3,2,1,0,0,99,99,99,99,99,99,0,0,0,0,1,3,1,350263,0,2009,825,CR-1,SR-264,0000000,35.629675,-108.9192306,1,1
35,13,3,29,14,3,1,3,0,1,13,5,0,30,0,10,6,3,2,25,1,3,2,1,0,0,1,1,0,0,99,99,99,99,99,99,0,0,0,0,1,1,0,350264,303,2009,0,QUESENBERRY LANE,SUPREME,0000000,32.30033889,-106.8632417,1,1
35,1,11,5,17,52,1,2,0,1,12,1,0,39,0,1,2,2,4,65,1,1,2,1,0,0,1,1,0,0,99,99,99,99,99,99,0,0,0,0,1,5,1,350265,30,2009,1590,I-40,99999999999999999999,0000000,35.0463,-106.8399806,1,1
35,33,7,26,20,1,1,5,0,1,1,1,0,42,0,1,4,2,4,75,1,1,2,2,0,0,2,2,0,0,99,99,99,99,99,99,0,0,0,0,1,1,0,350266,0,2009,3664,I-25,99999999999999999999,0000000,35.983275,-104.7464806,1,2
35,45,3,13,13,0,2,4,0,1,2,2,0,18,0,1,1,2,2,55,2,1,2,2,0,0,1,2,0,0,99,99,99,99,99,99,0,14,0,0,1,6,0,350267,0,2009,16690,US-550,99999999999999999999,0000000,36.83937778,-107.978525,2,2
35,57,10,6,13,25,1,1,0,1,2,3,0,42,0,1,6,1,2,45,1,1,2,1,0,0,1,1,0,0,88,88,88,88,88,88,0,0,0,0,1,3,0,350268,290,2009,305,SR-41,99999999999999999999,0000000,34.66681667,-106.0614111,1,1
35,57,4,8,17,57,2,3,0,1,13,5,0,12,5,10,1,1,2,25,1,2,2,1,20,3,1,1,0,0,99,99,99,99,99,99,0,0,0,0,2,4,0,350269,610,2009,0,SOUTH RIPLEY,WEST THIRD ST.,0000000,34.518225,-106.2423417,2,1
35,1,5,28,19,43,1,2,0,1,13,6,0,39,0,10,6,3,2,40,1,1,2,1,0,0,3,1,0,0,99,99,99,99,99,99,0,0,0,0,1,5,1,350270,30,2009,0,ACADEMY RD NE,ACADEMY RIDGE DR NE,0000000,35.15058333,-106.5127944,1,1
35,1,9,18,10,4,2,2,0,1,13,6,0,12,1,10,1,3,4,45,1,1,2,1,3,3,1,1,0,0,88,88,88,88,88,88,0,0,0,0,1,6,0,350271,30,2009,0,COORS BLVD NW,SEVILLA AVE NW,0000000,35.14068611,-106.6991333,2,1
35,1,11,29,2,0,2,2,0,1,13,6,0,12,7,10,1,2,2,45,1,1,2,2,0,0,3,2,0,0,99,99,99,99,99,99,0,0,0,0,1,1,1,350272,30,2009,0,98TH ST. SW,SUNSET GARDENS SW,0000000,35.06955556,-106.7423917,2,2
35,1,12,9,17,52,1,2,1,1,13,6,0,8,0,10,1,3,3,40,1,1,2,1,0,0,1,1,0,0,99,99,99,99,99,99,0,0,0,0,1,4,0,350273,30,2009,0,LOMAS BLVD NE,QUINCY ST NE,0000000,35.08746667,-106.5900417,1,1
35,61,7,9,9,40,1,3,2,1,13,5,0,8,0,1,1,1,2,25,1,1,2,1,0,0,1,1,0,0,99,99,99,99,99,99,0,0,0,0,1,5,0,350274,530,2009,0,OTERO ROAD,99999999999999999999,0000000,34.78053611,-106.6996472,1,1
35,1,12,21,19,23,2,4,1,1,13,6,0,8,0,1,1,3,3,30,1,1,2,1,98,3,3,1,0,0,88,88,88,88,88,88,0,0,0,0,1,2,0,350275,30,2009,0,SPAIN ROAD NE,99999999999999999999,0000000,35.14005556,-106.5512472,2,1
35,1,12,19,14,7,3,4,0,1,13,6,0,12,4,10,1,2,2,35,1,1,2,1,0,0,1,1,0,0,99,99,99,99,99,99,0,0,0,0,1,7,0,350276,30,2009,0,CENTRAL AVE,46TH ST,0000000,35.07889722,-106.7148389,3,1
35,1,12,15,15,20,1,5,0,1,11,1,0,39,0,1,4,2,4,65,1,1,2,1,0,0,1,1,0,0,88,88,88,88,88,88,0,0,0,0,1,3,0,350277,30,2009,15500,I-40,COORS,0000000,35.10755278,-106.6580194,1,1
35,1,9,2,12,25,2,4,0,1,13,6,0,12,5,10,1,3,3,35,1,1,2,1,3,3,1,1,0,0,99,99,99,99,99,99,0,0,0,0,1,4,0,350278,30,2009,0,EUBANK BLVD NE,I-40,0000000,35.08676389,-106.5357972,2,1
35,1,9,1,19,37,2,3,0,1,13,6,0,12,5,10,1,3,2,99,1,1,2,1,3,3,3,1,0,0,99,99,99,99,99,99,0,0,0,0,1,3,0,350279,30,2009,0,CENTRAL AVE,UNSER BLVD,0000000,35.07700278,-106.7231667,2,1
35,1,4,30,14,54,2,3,0,1,13,6,0,12,4,2,1,1,2,0,1,1,2,1,0,0,1,1,0,0,99,99,99,99,99,99,0,0,0,0,1,5,0,350280,30,2009,0,WISCONSIN ST,PHOENIX,0000000,35.11113333,-106.5522778,2,1
35,43,9,22,17,18,2,4,0,1,13,2,0,12,3,10,1,3,2,45,1,2,2,1,1,3,1,1,0,0,88,88,88,88,88,88,0,0,0,0,1,3,1,350281,706,2009,0,US-550,SPRINT BLVD.,0000000,35.33494444,-106.5781111,2,1
35,43,12,23,13,16,3,9,0,1,2,2,0,12,2,1,1,2,2,70,1,2,2,4,0,0,1,4,0,0,99,99,99,99,99,99,0,0,0,0,2,4,0,350282,212,2009,9290,US-550,99999999999999999999,0000000,36.05603889,-106.9729333,3,4
35,27,8,8,10,0,1,1,0,1,2,2,0,1,0,1,2,1,2,55,2,1,2,1,0,0,1,1,0,0,99,99,99,99,99,99,0,0,0,0,1,7,0,350283,0,2009,15500,US-54,99999999999999999999,0000000,33.38974167,-106.0736,1,1
35,55,3,8,19,49,2,3,0,1,2,3,0,12,2,1,1,1,2,45,2,2,2,1,28,3,5,1,0,0,99,99,99,99,99,99,0,0,0,0,2,1,2,350284,0,2009,3300,SR-68,99999999999999999999,0000000,36.11222222,-106.025275,2,1
35,35,6,3,8,0,1,1,0,1,2,5,0,42,0,2,6,1,2,20,2,2,2,1,0,0,1,1,0,0,99,99,99,99,99,99,0,0,0,0,1,4,0,350286,0,2009,0,CARSON DR,TANTO ST,0000000,32.63091944,-105.7252111,1,1
35,47,8,15,23,0,1,2,0,1,1,1,0,1,0,1,1,2,2,75,1,1,2,1,0,0,2,1,0,0,99,99,99,99,99,99,0,0,0,0,1,7,0,350287,0,2009,31650,I-25,99999999999999999999,0000000,35.422,-105.5581,1,1
35,49,8,23,12,18,1,2,0,1,2,3,0,24,0,1,4,1,2,35,2,2,2,1,0,0,1,1,0,0,99,99,99,99,99,99,0,0,0,0,1,1,0,350288,0,2009,2400,SR-14,99999999999999999999,0000000,35.29130833,-106.2161639,1,1
35,49,7,4,13,0,3,7,0,1,1,1,0,12,1,1,1,2,2,75,1,1,2,1,0,0,1,1,0,0,99,99,99,99,99,99,0,0,0,0,1,7,0,350289,0,2009,27500,I-25,99999999999999999999,0000000,35.59311111,-106.0606389,3,1
35,49,6,22,17,15,2,3,0,1,1,1,0,12,6,1,1,2,2,75,1,1,2,1,0,0,1,1,0,0,99,99,99,99,99,99,0,0,0,0,1,2,0,350290,467,2009,27185,I-25,99999999999999999999,0000000,35.59311111,-106.061325,2,1
35,13,8,22,9,32,2,2,0,1,2,2,0,12,5,2,1,1,2,45,1,1,2,1,98,3,1,1,0,0,99,99,99,99,99,99,0,0,0,0,1,7,0,350291,0,2009,14510,US-70,WEST PICACHO,0000000,32.31136389,-106.8214417,2,1
35,13,1,31,2,41,1,1,0,1,1,1,0,1,0,1,6,3,2,65,1,1,2,1,0,0,2,1,0,0,99,99,99,99,99,99,0,0,0,0,1,7,1,350292,0,2009,50,I-25,99999999999999999999,0000000,32.782775,-107.2620806,1,1
35,13,1,11,2,42,1,1,0,1,2,3,0,26,0,1,4,2,2,25,1,1,2,1,28,3,3,1,0,0,99,99,99,99,99,99,0,0,0,0,1,1,1,350293,157,2009,40,SR-226,99999999999999999999,0000000,32.06133611,-106.6775028,1,1
35,43,3,30,23,39,1,1,0,1,13,6,0,1,0,10,1,2,2,40,1,2,2,1,0,0,2,1,0,0,99,99,99,99,99,99,0,0,0,0,1,2,1,350294,677,2009,0,UNSER BLVD.,BLACKS ARROYO RD.,0000000,35.21806667,-106.6964722,1,1
35,43,7,2,1,15,1,3,0,1,13,6,0,1,0,2,1,1,2,25,1,1,2,5,0,0,2,1,0,0,99,99,99,99,99,99,0,0,0,0,1,5,1,350295,677,2009,0,RAINBOW BLVD.,KING RD.,0000000,35.22066111,-106.7366417,1,1
35,43,9,19,14,31,3,8,0,1,13,6,0,12,1,10,1,3,2,30,1,2,2,1,3,3,1,1,0,0,99,99,99,99,99,99,0,0,0,0,1,7,0,350296,677,2009,0,BROADMOOR,HIGH RESORT,0000000,35.25823611,-106.6773306,3,1
35,49,12,23,9,58,3,8,0,1,2,2,0,12,2,1,1,1,2,65,1,1,2,3,0,0,1,4,0,0,99,99,99,99,99,99,0,0,0,0,1,4,0,350297,0,2009,28180,US-285,99999999999999999999,0000000,35.31386389,-105.830525,3,4
35,28,11,18,17,46,2,7,1,1,13,5,0,8,0,10,1,3,2,35,1,1,2,1,98,3,3,1,0,0,99,99,99,99,99,99,0,0,0,0,1,4,0,350298,510,2009,0,SAN IDELFONSO,CAMINO DURASNILL,0000000,35.89294444,-106.2941833,2,1
35,49,10,16,21,11,1,4,1,1,1,1,0,8,0,1,1,2,2,75,1,1,2,1,0,0,2,1,0,0,88,88,88,88,88,88,0,0,0,0,1,6,0,350299,0,2009,28400,I-25,99999999999999999999,0000000,35.59366944,-106.061325,1,1
35,49,9,20,16,41,1,1,0,1,13,6,0,30,0,1,6,1,2,25,2,1,2,1,28,3,1,1,0,0,99,99,99,99,99,99,0,0,0,0,1,1,1,350300,0,2009,0,CAMINO DEL RINCON,99999999999999999999,0000000,35.88988333,-105.9962667,1,1
35,49,9,15,11,1,2,2,0,1,2,3,0,12,4,10,1,1,2,55,1,1,2,1,0,0,1,1,0,0,88,88,88,88,88,88,0,0,0,0,1,3,0,350301,0,2009,0,SR-599,CR-70,0000000,35.67626389,-106.0129167,2,1
35,49,7,14,17,58,1,3,0,1,2,3,0,42,0,1,6,1,2,55,1,2,2,1,0,0,1,1,0,0,99,99,99,99,99,99,0,0,0,0,1,3,0,350302,0,2009,630,SR-344,99999999999999999999,0000000,35.06028333,-106.1917028,1,1
35,39,10,13,19,21,1,2,1,1,2,3,0,8,0,10,1,1,2,45,1,1,2,1,0,0,2,1,0,0,88,88,88,88,88,88,0,0,0,0,1,3,0,350303,703,2009,0,SR-68,SOUTH PO PAY,0000000,36.03015278,-106.0645,1,1
35,43,12,4,23,51,1,1,0,1,2,3,0,1,0,1,1,1,2,40,2,2,2,1,28,3,2,1,0,0,88,88,88,88,88,88,0,0,0,0,1,6,1,350304,452,2009,990,SR-4,99999999999999999999,0000000,35.57489167,-106.7552667,1,1
35,43,10,7,19,0,1,1,0,1,1,1,0,24,0,1,3,2,2,70,1,1,2,2,0,0,2,2,0,0,88,88,88,88,88,88,0,0,0,0,1,4,0,350305,110,2009,23850,I-25,99999999999999999999,0000000,35.33214167,-106.5236944,1,2
35,1,6,8,2,14,2,3,0,1,13,6,0,12,5,10,1,3,2,40,1,1,2,1,3,3,3,1,0,0,99,99,99,99,99,99,0,20,0,0,1,2,0,350306,30,2009,0,JUAN TABO BLVD.,CONSTITUTION AVE.,0000000,35.09385833,-106.5155417,2,1
35,1,10,3,4,11,2,2,0,1,13,6,0,12,2,1,1,1,2,50,1,1,2,1,0,0,2,1,0,0,99,99,99,99,99,99,0,0,0,0,1,7,0,350307,30,2009,0,CENTRAL BLVD SW,99999999999999999999,0000000,35.08732778,-106.6829111,2,1
35,43,11,8,22,24,1,1,0,1,2,3,3,1,0,1,6,1,2,55,1,1,2,1,0,0,2,1,0,0,88,88,88,88,88,88,0,0,0,0,1,1,1,350308,740,2009,605,SR-22,99999999999999999999,0000000,35.46961667,-106.3038833,1,1
35,1,9,2,20,1,1,2,1,1,13,6,0,8,0,10,1,1,2,55,1,1,2,1,0,0,2,1,0,0,88,88,88,88,88,88,0,0,0,0,1,4,0,350309,30,2009,0,COORS BLVD.,CHANATE AVE.,0000000,34.97508611,-106.719475,1,1
35,31,5,6,21,57,1,5,0,1,2,3,3,1,0,1,6,1,2,55,1,1,2,1,98,3,2,1,0,0,99,99,99,99,99,99,0,0,0,0,1,4,1,350310,804,2009,590,SR-371,99999999999999999999,0000000,35.40507222,-108.2175639,1,1
35,31,8,19,17,30,2,3,0,1,2,2,0,12,2,1,1,2,2,55,1,2,2,1,98,3,1,1,0,0,99,99,99,99,99,99,0,0,0,0,1,4,1,350311,0,2009,1501,US-491,99999999999999999999,0000000,35.52761667,-108.7601,2,1
35,43,12,3,22,26,1,3,0,1,2,3,3,1,0,1,1,1,2,55,1,1,2,1,98,3,2,1,0,0,99,99,99,99,99,99,0,0,0,0,1,5,1,350312,740,2009,200,SR-22,I-25 OVERPASS,0000000,35.46954722,-106.303625,1,1
35,31,2,17,7,44,1,1,0,1,2,3,3,1,0,1,1,1,2,65,1,1,2,2,0,0,1,4,0,0,88,88,88,88,88,88,0,0,0,0,1,3,0,350313,880,2009,2180,SR-53,99999999999999999999,0000000,35.01994444,-109.0463444,1,4
35,31,8,4,9,15,1,4,1,1,2,4,3,8,0,1,1,1,2,0,1,1,2,1,0,0,1,1,0,0,88,88,88,88,88,88,0,0,0,0,1,3,0,350314,0,2009,0,REMNANT MESA ROAD,99999999999999999999,0000000,35.45383333,-108.7644611,1,1
35,43,4,7,20,49,1,4,0,1,2,8,3,5,0,1,1,1,2,0,1,1,2,1,0,0,2,1,0,0,88,88,88,88,88,88,0,0,0,0,1,3,0,350315,0,2009,8990,NAVAJO ROUTE 9,99999999999999999999,0000000,35.71741944,-107.01275,1,1
35,31,12,27,22,30,1,2,0,1,2,8,3,1,0,1,6,1,2,0,1,1,2,2,0,0,2,4,0,0,99,99,99,99,99,99,0,0,0,0,1,1,1,350316,612,2009,4100,NAVAJO RT. 12,99999999999999999999,0000000,35.63708333,-109.0006694,1,4
35,31,12,8,14,50,2,5,0,1,2,3,0,12,1,1,1,1,2,55,1,1,2,4,0,0,1,4,0,0,99,99,99,99,99,99,0,0,0,0,1,3,0,350317,0,2009,410,SR-264,99999999999999999999,0000000,35.64913611,-109.0357028,2,4
35,35,3,16,13,27,1,2,0,1,2,8,3,1,0,1,6,1,2,0,2,1,2,1,0,0,1,1,0,0,99,99,99,99,99,99,0,0,0,0,1,2,1,350318,0,2009,0,IR-10,99999999999999999999,0000000,33.19810556,-105.7279528,1,1
35,39,3,13,12,22,1,1,0,1,2,3,3,1,0,1,6,1,2,25,2,1,2,2,28,3,1,2,0,0,88,88,88,88,88,88,0,0,0,0,1,6,0,350319,707,2009,0,SR-399,99999999999999999999,0000000,35.94674444,-106.0723111,1,2
35,31,3,18,22,51,1,5,0,1,1,2,0,1,0,1,6,2,2,55,1,1,2,1,0,0,2,1,0,0,99,99,99,99,99,99,0,0,0,0,1,4,1,350320,0,2009,1400,US-491,99999999999999999999,0000000,35.66001667,-108.7695417,1,1
35,39,10,1,12,28,2,3,0,1,2,2,0,12,4,1,1,1,2,55,2,3,2,1,0,0,1,1,0,0,99,99,99,99,99,99,0,0,0,0,1,5,0,350321,0,2009,34401,US-285,99999999999999999999,0000000,36.29423611,-106.0495667,2,1
35,31,8,27,23,9,2,4,0,1,2,3,3,12,4,1,1,1,2,55,2,1,2,1,28,3,2,1,0,0,99,99,99,99,99,99,0,0,0,0,1,5,1,350322,215,2009,2000,SR-371,99999999999999999999,0000000,35.57593889,-108.1406583,2,1
36,13,1,5,9,25,1,1,0,1,2,3,0,27,0,1,4,1,2,55,2,1,2,1,0,0,1,1,0,0,9,50,10,30,88,88,0,0,0,0,1,2,0,360001,9997,2009,0,SR-62,99999999999999999999,0000000,42.15658056,-79.10450278,1,1
36,67,1,3,1,56,1,2,1,0,6,5,0,8,0,1,1,1,2,40,2,3,2,2,0,0,2,1,0,0,1,56,1,58,88,88,0,0,0,0,1,7,1,360002,810,2009,0,MILTON AVE,99999999999999999999,0000000,43.04587222,-76.29668056,1,1
36,111,1,8,18,35,1,2,1,0,6,5,0,8,0,1,1,2,2,30,1,1,2,1,0,0,3,1,0,0,99,99,99,99,19,0,0,0,0,0,1,5,0,360004,1885,2009,0,BROADWAY,99999999999999999999,0000000,41.90582222,-73.97625278,1,1
36,71,1,1,2,0,2,3,0,1,2,3,0,12,2,1,1,1,2,50,1,1,2,3,0,0,2,1,0,0,2,7,2,26,4,0,0,0,0,0,1,5,1,360005,9997,2009,82,SR-6,99999999999999999999,0000000,41.32101667,-74.06882778,2,1
36,113,1,3,12,19,2,7,0,1,1,1,0,12,1,1,4,2,3,65,1,1,2,1,0,0,1,1,0,0,12,18,12,27,13,16,0,0,0,0,1,7,0,360006,5068,2009,0,I-87,99999999999999999999,0000000,43.32856389,-73.68358611,2,1
36,5,1,9,22,18,1,1,0,0,13,6,0,21,0,1,4,9,9,99,1,2,9,1,0,0,3,1,0,0,99,99,99,99,99,99,0,0,0,0,1,6,0,360007,4170,2009,0,JEROME AVE,99999999999999999999,0000000,40.85535556,-73.90603889,1,1
36,25,1,12,17,4,2,2,0,0,2,3,0,12,5,1,1,1,2,55,2,2,2,4,28,3,5,1,0,0,17,51,18,15,99,99,0,0,0,0,1,2,0,360008,2130,2009,0,SR-28,99999999999999999999,0000000,42.41736667,-75.07729444,2,1
36,55,1,7,14,27,1,1,0,0,6,5,0,19,0,1,4,1,9,99,1,1,9,2,0,0,1,1,0,0,99,99,99,99,99,99,0,0,0,0,1,4,0,360009,6510,2009,0,RIDGE RD,99999999999999999999,0000000,43.21668611,-77.40606389,1,1
36,11,1,14,11,33,2,3,0,0,6,5,0,12,5,1,1,1,3,55,2,1,2,2,0,0,1,1,0,0,11,33,11,41,14,45,0,0,0,0,1,4,0,360010,990,2009,0,CLARK STREET RD,99999999999999999999,0000000,42.93971111,-76.70276667,2,1
36,29,1,13,14,17,2,2,0,1,13,3,0,12,5,1,1,1,4,55,2,2,2,3,0,0,1,4,0,0,14,17,14,23,14,23,0,0,0,0,1,3,0,360011,2485,2009,49,SR-5,99999999999999999999,0000000,42.72457222,-78.92857222,2,4
36,31,1,1,4,30,1,2,0,1,2,3,0,42,0,1,4,1,2,45,2,3,2,3,28,3,3,1,0,0,4,40,4,45,99,99,0,0,0,0,1,5,1,360012,1892,2009,0,SR-22,99999999999999999999,0000000,44.31483611,-73.34946944,1,1
36,9,1,13,15,34,1,2,1,0,6,5,0,8,0,2,1,1,2,55,1,3,4,3,0,0,1,4,0,0,15,34,15,42,16,8,0,0,0,0,1,3,0,360013,2712,2009,0,MILLER HILL RD,BURT HILL RD,0000000,42.23169444,-78.34088889,1,4
36,57,1,19,12,8,1,1,0,1,1,1,0,48,0,1,4,3,2,65,1,1,2,1,0,0,1,1,0,0,12,10,12,20,88,88,0,0,0,0,1,2,0,360014,9997,2009,1689,I-90,99999999999999999999,0000000,,,1,1
36,51,1,18,11,21,2,2,0,1,2,3,0,12,5,1,1,1,2,55,1,2,2,3,0,0,1,1,0,0,11,30,11,38,12,16,0,0,0,0,1,1,0,360015,2250,2009,0,SR-20A,99999999999999999999,0000000,42.82244444,-77.74552222,2,1