STATE,COUNTY,MONTH,DAY,HOUR,MINUTE,VE_TOTAL,PERSONS,PEDS,NHS,ROAD_FNC,ROUTE,SP_JUR,HARM_EV,MAN_COLL,REL_JUNC,REL_ROAD,TRAF_FLO,NO_LANES,SP_LIMIT,ALIGNMNT,PROFILE,PAVE_TYP,SUR_COND,TRA_CONT,T_CONT_F,LGT_COND,WEATHER1,WEATHER2,WRK_ZONE,NOT_HOUR,NOT_MIN,ARR_HOUR,ARR_MIN,HOSP_HR,HOSP_MN,SCH_BUS,CF1,CF2,CF3,FATALS,DAY_WEEK,DRUNK_DR,ST_CASE,CITY,YEAR,MILEPT,TWAY_ID,TWAY_ID2,RAIL,LATITUDE,LONGITUD,VE_FORMS,WEATHER
36,71,1,8,20,19,2,2,0,0,14,3,0,37,0,1,4,1,2,55,2,2,2,1,0,0,3,1,0,0,20,19,20,24,20,54,0,0,0,0,1,5,1,360016,4060,2009,63,SR-32,99999999999999999999,0000000,,,2,1
36,21,1,2,11,50,2,2,0,0,2,3,0,12,2,1,1,1,2,30,1,1,2,1,28,3,1,1,0,0,11,51,11,55,88,88,0,0,0,0,1,6,0,360017,1173,2009,0,SR-217,99999999999999999999,0000000,42.25307778,-73.66358889,2,1
36,71,1,17,23,57,1,1,0,0,6,5,0,32,0,1,4,2,2,35,2,1,2,1,0,0,3,1,0,0,23,57,0,10,5,15,0,0,0,0,1,7,1,360018,2320,2009,0,KNOELL RD.,99999999999999999999,0000000,41.38379444,-74.29035556,1,1
36,119,1,1,6,30,1,3,0,0,13,3,0,38,0,1,4,3,3,35,2,1,2,1,0,0,4,1,0,0,6,32,6,33,8,11,0,0,0,0,1,5,1,360019,6820,2009,99,SR-907H,99999999999999999999,0000000,40.90616389,-73.85631944,1,1
36,103,1,15,22,10,1,2,0,0,6,5,0,42,0,1,4,1,2,40,2,2,2,3,28,3,2,1,0,0,22,13,22,21,22,59,0,0,0,0,1,5,0,360020,5810,2009,0,CR-80,99999999999999999999,0000000,40.82348889,-72.65816667,1,1
36,21,1,18,0,3,1,1,0,1,2,3,0,27,0,1,4,1,2,55,2,1,2,1,0,0,2,1,0,0,0,3,0,8,0,37,0,0,0,0,1,1,0,360022,2269,2009,0,SR-66,99999999999999999999,0000000,42.29597778,-73.67739444,1,1
36,19,1,19,20,35,2,4,0,0,6,5,0,12,5,1,1,1,2,55,2,1,2,3,28,3,2,1,0,0,20,35,20,45,99,99,0,0,0,0,1,2,0,360023,3870,2009,0,CR-15,99999999999999999999,0000000,44.92864444,-73.63347222,2,1
36,51,1,28,20,36,1,3,1,0,6,5,0,8,0,1,1,1,2,55,1,1,1,3,0,0,2,4,0,0,20,38,20,49,21,33,0,0,0,0,1,4,0,360024,2250,2009,0,NORTH RD,99999999999999999999,0000000,42.83283056,-77.75316111,1,4
36,89,1,30,9,15,2,4,0,1,2,3,0,12,2,1,1,1,2,55,2,1,2,3,28,3,1,4,0,0,9,15,9,33,11,8,0,0,0,0,1,6,0,360025,1464,2009,0,SR-11,99999999999999999999,0000000,44.20090556,-75.61518333,2,4
36,33,1,20,9,45,2,2,0,0,6,4,0,12,5,8,1,1,2,30,1,1,2,3,0,0,1,1,0,0,99,99,99,99,13,16,0,0,0,0,1,3,0,360026,605,2009,0,CR-4,SR-95,0000000,44.93900833,-74.56663056,2,1
36,59,1,6,20,15,1,2,1,0,6,5,0,8,0,2,1,1,5,40,1,1,2,2,3,3,3,2,0,0,20,15,20,18,20,41,0,0,0,0,1,3,0,360027,4600,2009,0,S OYSTER BAY RD,GARDEN ST,0000000,40.78588611,-73.50336389,1,2
36,81,1,9,12,0,1,2,1,0,13,6,0,8,0,2,1,9,2,30,1,1,2,1,3,3,1,1,0,0,99,99,99,99,99,99,0,0,0,0,1,6,0,360028,4170,2009,0,JAMAICA AVE,218TH ST,0000000,40.71785,-73.73736944,1,1
36,45,1,27,6,51,2,2,0,1,2,3,0,12,2,1,4,1,2,55,1,3,2,3,0,0,4,1,0,0,6,53,7,7,10,25,0,0,0,0,1,3,0,360029,1077,2009,35,SR-26,99999999999999999999,0000000,,,2,1
36,103,1,26,0,54,1,3,0,1,1,1,0,42,0,1,4,3,4,99,1,2,9,1,0,0,3,1,0,0,1,0,1,9,88,88,0,0,0,0,3,2,0,360030,2920,2009,0,I-495,99999999999999999999,0000000,40.80901944,-73.19701111,1,1
36,119,1,17,4,17,1,1,0,1,13,3,0,99,99,1,1,1,2,99,2,2,2,1,0,0,3,1,0,0,4,17,99,99,88,88,0,0,0,0,1,7,1,360031,6825,2009,76,SR-35,99999999999999999999,0000000,41.28605,-73.77631111,1,1
36,9,1,30,22,24,2,2,0,0,6,5,0,12,8,1,1,1,2,45,2,1,4,3,0,0,2,4,0,0,22,24,22,35,23,1,0,0,0,0,1,6,0,360032,110,2009,0,NICOLS RUN RD,99999999999999999999,0000000,42.00919167,-78.528,2,4
36,103,1,29,18,30,1,2,1,1,13,3,0,8,0,2,1,1,2,99,1,1,2,1,0,0,3,1,0,0,18,30,18,31,88,88,0,0,0,0,1,5,0,360033,705,2009,99,SR-112,JAMES ST.,0000000,40.7738,-73.00766944,1,1
36,103,1,23,0,28,1,1,0,0,6,5,0,42,0,1,4,1,2,25,2,3,2,1,0,0,3,1,0,0,0,29,0,40,1,20,0,0,0,0,1,6,0,360034,705,2009,0,BLUE POINT RD,99999999999999999999,0000000,40.84552778,-73.03536111,1,1
36,103,1,27,21,13,1,2,1,0,6,5,0,8,0,1,1,2,2,40,1,1,2,1,0,0,3,1,0,0,21,16,21,18,99,99,0,0,0,0,1,3,0,360035,360,2009,0,WELLWOOD AVE,99999999999999999999,0000000,40.70212222,-73.38507778,1,1
36,61,2,6,20,34,1,3,2,1,13,6,0,8,0,1,1,2,3,99,1,3,2,1,0,0,3,1,0,0,99,99,99,99,99,99,0,0,0,0,1,6,0,360036,4170,2009,0,AMSTERDAM AVE,99999999999999999999,0000000,40.81655278,-73.95396389,1,1
36,61,2,7,3,42,1,4,2,0,6,6,0,8,0,2,1,4,4,30,1,1,2,1,3,3,3,1,0,0,99,99,99,99,99,99,0,0,0,0,1,7,1,360037,4170,2009,0,WEST ST.,ALBANY ST.,0000000,40.70984444,-74.01501389,1,1
36,99,2,1,11,5,2,7,0,0,2,3,0,12,5,2,1,1,2,55,1,1,2,1,0,0,1,1,0,0,11,5,11,8,12,8,0,0,0,0,1,1,0,360038,6440,2009,0,SR-318,BURGESS RD,0000000,42.96026944,-76.86148889,2,1
36,71,1,29,12,17,2,4,0,0,2,3,0,12,1,1,1,1,2,55,2,2,2,3,28,3,1,1,0,0,12,17,12,27,99,99,0,0,0,0,1,5,0,360039,581,2009,0,SR-17M,99999999999999999999,0000000,41.34451667,-74.22251667,2,1
36,103,1,20,12,51,3,6,0,0,15,6,0,12,5,2,1,1,2,99,1,1,9,1,3,3,1,1,0,0,99,99,99,99,99,99,0,0,0,0,1,3,0,360040,705,2009,0,CANAL RD.,CR-83,0000000,40.91405833,-73.00689722,3,1
36,59,1,30,0,31,1,1,0,1,2,3,0,24,0,1,4,3,3,55,2,1,2,1,0,0,3,1,0,0,0,31,0,35,88,88,0,0,0,0,1,6,1,360042,2600,2009,0,SR-908M,99999999999999999999,0000000,40.68311111,-73.67307222,1,1
36,1,1,19,18,31,1,2,1,1,2,3,0,8,0,2,1,2,4,40,1,1,2,1,0,0,3,1,0,0,18,32,18,38,19,2,0,0,0,0,1,2,0,360043,1290,2009,0,SR-5,REYNOLDS ST,0000000,42.69191389,-73.80361944,1,1
36,89,2,8,10,7,2,2,0,1,2,3,0,12,2,1,1,1,2,55,1,2,2,3,28,3,1,1,0,0,10,9,10,23,10,43,0,0,0,0,1,1,0,360044,3368,2009,0,SR-56,99999999999999999999,0000000,44.88029167,-74.93834444,2,1
36,53,2,7,14,35,3,5,0,1,2,3,0,12,2,1,1,1,2,55,2,1,2,1,0,0,1,1,0,0,99,99,14,42,99,99,0,0,0,0,2,7,0,360045,6004,2009,0,SR-5,99999999999999999999,0000000,,,3,1
36,103,1,24,4,5,2,2,0,1,13,3,0,12,1,1,1,2,4,45,1,1,2,1,0,0,3,1,0,0,4,5,4,13,99,99,0,0,0,0,1,7,1,360046,2840,2009,3,SR-110,99999999999999999999,0000000,40.81599444,-73.41050278,2,1
36,103,1,19,22,21,1,1,0,1,2,3,0,24,0,1,4,2,4,55,1,1,2,2,0,0,3,1,0,0,22,26,22,33,23,10,0,0,0,0,1,2,1,360047,2840,2009,0,SR-908G,99999999999999999999,0000000,40.82334167,-73.307475,1,1
36,103,1,24,2,52,1,1,0,1,2,3,0,42,0,1,4,2,4,55,1,1,2,1,0,0,3,1,0,0,2,52,3,0,3,28,0,0,0,0,1,7,1,360048,2840,2009,0,SR-908G,99999999999999999999,0000000,40.80243889,-73.42811111,1,1
36,1,2,11,0,2,1,2,1,0,13,6,0,8,0,1,1,1,4,30,1,1,2,2,0,0,3,1,0,0,0,5,0,10,2,0,0,0,0,0,1,4,0,360049,50,2009,0,MADISON AVE.,99999999999999999999,0000000,42.6629,-73.78598333,1,1
36,103,1,30,19,5,1,3,0,0,6,5,0,42,0,2,4,1,2,30,2,1,2,1,28,3,3,1,0,0,19,7,19,18,99,99,0,0,0,0,1,6,1,360050,5810,2009,0,NOYAC RD,ELM ST,0000000,40.99601389,-72.33990556,1,1
36,61,2,14,2,30,2,3,0,1,13,6,0,12,5,2,1,3,6,35,1,2,1,1,3,3,2,1,0,0,99,99,99,99,99,99,0,0,0,0,2,7,1,360051,4170,2009,0,12TH AVE,W 56TH ST,0000000,40.77060833,-73.99423889,2,1
36,69,2,18,16,48,2,3,0,0,2,3,0,12,2,1,1,1,2,55,1,1,2,3,0,0,5,4,0,0,16,50,16,55,17,36,0,0,0,0,2,4,0,360052,1640,2009,0,SR-444,99999999999999999999,0000000,42.91831111,-77.41722222,2,4
36,69,2,5,12,42,2,3,0,0,6,5,0,12,5,2,1,1,2,55,1,1,2,1,28,3,1,1,0,0,12,42,99,99,14,8,0,0,0,0,1,5,0,360053,830,2009,0,CR-4,FRESHOUR RD,0000000,42.90081944,-77.20931667,2,1
36,29,2,11,15,21,1,1,0,0,6,5,0,42,0,1,4,1,2,45,1,2,2,2,28,3,1,2,0,0,15,21,15,28,88,88,0,0,0,0,1,4,0,360054,9997,2009,0,CLINTON ST,99999999999999999999,0000000,42.85655556,-78.56791111,1,2
36,29,2,12,11,29,2,2,0,0,6,5,0,12,2,1,1,1,2,45,1,2,2,3,28,3,1,4,0,0,11,29,11,32,12,16,0,0,0,0,1,5,0,360055,3140,2009,0,GENESEE ST,99999999999999999999,0000000,42.94668611,-78.6034,2,4
36,59,1,19,23,40,1,1,0,0,6,5,0,30,0,2,4,9,9,99,1,1,9,3,3,3,3,4,0,0,99,99,99,99,99,99,0,0,0,0,1,2,0,360056,1960,2009,0,MAIN ST,GRANT AVE,0000000,40.72978056,-73.44512778,1,4
36,47,1,3,20,37,1,2,1,0,16,6,0,8,0,2,1,9,9,99,1,1,9,1,0,0,3,1,0,0,99,99,99,99,99,99,0,0,0,0,1,7,0,360057,4170,2009,0,36TH ST,CLARA ST,0000000,40.64255833,-73.98510833,1,1
36,29,1,31,15,30,1,2,0,1,13,3,0,24,0,1,3,3,2,99,1,1,9,3,0,0,1,4,0,0,99,99,99,99,99,99,0,0,0,0,1,7,0,360058,750,2009,99,SR-33,99999999999999999999,0000000,42.89822778,-78.85195556,1,4
36,29,1,4,20,14,1,3,0,1,1,1,0,24,0,1,4,3,2,65,1,2,1,3,0,0,2,3,0,0,20,17,20,21,99,99,0,0,0,0,1,1,0,360059,156,2009,0,I-990,99999999999999999999,0000000,43.03414167,-78.75995556,1,3
36,71,1,11,12,11,1,5,1,1,1,1,0,8,0,1,1,3,3,65,1,1,2,3,0,0,1,1,0,0,12,11,12,15,12,30,0,0,0,0,1,1,0,360060,4060,2009,60,I-87,99999999999999999999,0000000,41.50565278,-74.07548889,1,1
36,23,2,20,12,4,3,3,0,1,2,3,0,12,2,1,1,1,2,55,1,1,2,3,0,0,1,4,0,0,12,55,13,31,99,99,0,0,0,0,1,6,0,360061,2760,2009,62,SR-13,99999999999999999999,0000000,42.67506944,-76.07911944,3,4
36,7,1,10,14,0,2,4,0,1,2,3,0,12,5,1,1,1,2,55,2,2,2,3,28,3,1,4,0,0,14,0,14,9,17,30,0,0,0,0,1,7,0,360062,3453,2009,0,SR-26,99999999999999999999,0000000,42.17791389,-76.06728611,2,4
36,9,2,12,19,40,1,1,0,1,1,1,0,52,0,1,4,2,2,65,1,1,2,3,0,0,3,3,0,0,19,46,19,52,22,0,0,0,0,0,1,5,0,360063,2712,2009,99,I-86,99999999999999999999,0000000,42.130675,-78.41483056,1,3
36,27,2,14,0,28,1,2,0,0,2,3,0,42,0,1,4,1,2,40,2,2,2,3,28,3,2,1,0,0,0,28,0,42,1,10,0,0,0,0,1,7,1,360064,1221,2009,0,SR-115,99999999999999999999,0000000,41.82135,-73.77598333,1,1
36,121,2,20,12,22,2,2,0,0,2,3,0,12,2,1,1,1,2,55,1,2,2,3,0,0,1,4,0,0,12,22,12,35,88,88,0,0,0,0,1,6,0,360065,525,2009,0,SR-77,99999999999999999999,0000000,42.79711667,-78.39646389,2,4
36,101,3,1,1,7,1,2,0,0,6,5,0,38,0,1,4,1,2,55,1,1,2,1,0,0,2,1,0,0,1,30,3,10,5,15,0,0,0,0,1,1,1,360066,3275,2009,0,INDIAN HILLS RD.,99999999999999999999,0000000,42.083725,-77.15068611,1,1
36,61,1,14,9,26,1,2,1,1,13,6,0,8,0,2,1,3,2,30,1,1,2,1,3,3,1,1,0,0,99,99,99,99,88,88,0,0,0,0,1,4,0,360067,4170,2009,0,CANAL ST,BOWERY ST,0000000,40.71621667,-73.996075,1,1
36,5,2,27,19,55,2,4,0,0,13,6,0,12,2,1,1,2,7,35,1,1,2,2,0,0,3,1,0,0,99,99,99,99,99,99,0,0,0,0,1,6,0,360068,4170,2009,0,BRUCKNER BLVD,99999999999999999999,0000000,40.81095833,-73.90076944,2,1
36,91,2,26,0,15,1,1,0,0,6,5,0,48,0,1,4,1,2,40,2,1,2,1,28,3,2,1,0,0,0,15,0,20,1,43,0,0,0,0,1,5,1,360069,6731,2009,0,JONES RD,99999999999999999999,0000000,43.12385278,-73.75495556,1,1
36,13,1,23,17,25,2,3,0,0,4,3,0,12,5,2,1,1,2,99,1,2,9,1,20,3,2,1,0,0,99,99,99,99,99,99,0,0,0,0,1,6,0,360070,5660,2009,6,SR-430,W. MINA RD.,0000000,,,2,1
36,1,3,2,14,26,2,2,0,1,13,3,0,12,5,1,1,1,2,45,1,1,2,3,0,0,1,4,0,0,14,26,14,34,99,99,0,0,0,0,1,2,0,360071,4122,2009,9,SR-155,99999999999999999999,0000000,42.66180833,-73.914225,2,4
36,71,2,22,9,47,2,3,0,1,2,3,0,12,2,1,1,1,2,45,2,1,2,2,28,3,1,4,0,0,9,54,9,58,10,44,0,0,0,0,1,1,0,360072,4060,2009,0,SR-52,99999999999999999999,0000000,41.537975,-74.09033889,2,4
36,71,2,24,13,24,1,2,0,1,2,3,0,42,0,1,4,1,4,55,1,1,2,1,0,0,1,1,0,0,13,33,13,43,14,55,0,0,0,0,1,3,0,360073,6163,2009,0,SR-17,99999999999999999999,0000000,41.28169167,-74.14814444,1,1
36,39,2,26,23,40,1,2,0,0,6,5,0,35,0,1,4,1,2,45,2,2,2,2,28,3,3,1,0,0,23,40,23,47,1,52,0,0,0,0,1,5,1,360074,970,2009,0,CR-23B,99999999999999999999,0000000,42.24003611,-73.88755278,1,1
36,37,3,1,9,14,1,1,0,1,1,1,0,26,0,1,4,2,2,65,1,2,2,1,0,0,1,1,0,0,9,15,9,23,88,88,0,0,0,0,1,1,0,360075,410,2009,3944,I-90,99999999999999999999,0000000,,,1,1
36,59,2,9,5,21,1,1,0,1,2,3,0,42,0,1,4,3,4,55,1,2,2,1,0,0,3,1,0,0,5,21,5,38,88,88,0,0,0,0,1,2,0,360076,2600,2009,0,SR-908M,99999999999999999999,0000000,40.68343611,-73.67635556,1,1
36,67,2,25,11,25,2,4,0,0,6,5,0,12,2,1,1,1,4,30,1,1,2,1,0,0,1,1,0,0,11,26,11,28,11,52,0,0,0,0,1,4,0,360077,6010,2009,0,S SALINA ST,99999999999999999999,0000000,42.989425,-76.14430833,2,1
36,51,3,4,15,51,1,1,0,0,6,5,0,42,0,1,4,1,2,45,1,1,2,1,0,0,1,1,0,0,15,52,15,58,16,39,0,0,0,0,1,4,0,360078,3320,2009,0,POPLAR HILL RD,99999999999999999999,0000000,42.82801667,-77.66359722,1,1
36,117,3,5,12,52,2,3,0,1,2,3,0,12,2,1,1,1,2,55,1,2,2,1,0,0,1,1,0,0,12,52,13,5,14,30,0,0,0,0,1,5,0,360079,6760,2009,0,SR-104,99999999999999999999,0000000,43.20536389,-76.87090833,2,1
36,103,1,6,18,45,1,2,1,0,6,5,0,8,0,2,1,2,4,30,1,1,2,2,0,0,3,1,0,0,19,49,99,99,99,99,0,0,0,0,1,3,0,360080,360,2009,0,GREAT EAST NECK RD,CUMBERLAND ST,0000000,40.698275,-73.342775,1,1
36,103,2,1,19,28,1,2,1,0,6,5,0,8,0,1,1,2,2,40,1,1,2,1,0,0,1,1,0,0,19,29,19,32,19,39,0,0,0,0,1,1,0,360081,360,2009,0,DEER PARK AVE,99999999999999999999,0000000,40.73839722,-73.32055556,1,1
36,103,2,2,6,31,1,1,0,1,1,1,0,42,0,1,4,3,9,99,1,2,9,3,0,0,2,9,0,0,99,99,99,99,99,99,0,0,0,0,1,2,0,360082,705,2009,0,I-495,99999999999999999999,0000000,40.82840833,-72.9404,1,9
36,103,1,2,20,50,2,3,1,1,2,3,0,8,0,1,1,2,2,40,1,2,2,2,0,0,3,4,0,0,20,54,20,59,88,88,0,0,0,0,1,6,0,360083,360,2009,0,SR-231,99999999999999999999,0000000,40.77056389,-73.33303333,2,4
36,39,2,16,17,29,1,6,0,1,2,3,0,35,0,2,4,1,2,55,1,1,2,1,3,3,1,1,0,0,19,9,99,99,99,99,0,0,0,0,1,2,0,360084,4045,2009,0,SR-9W,I-87,0000000,,,1,1
36,103,2,15,21,51,2,3,0,0,16,6,0,12,2,1,2,1,2,30,2,1,2,1,0,0,2,1,0,0,99,99,99,99,99,99,0,0,0,0,1,1,0,360085,705,2009,0,CLIFF RD.,99999999999999999999,0000000,40.95365278,-73.06131667,2,1
36,103,1,24,4,4,1,3,1,1,2,3,0,8,0,1,1,3,3,45,1,2,2,2,28,3,3,1,0,0,4,48,4,54,99,99,0,0,0,0,1,7,0,360086,5769,2009,0,SR-25,99999999999999999999,0000000,40.85468889,-73.22042222,1,1
36,29,3,7,4,49,2,2,0,0,16,6,0,12,5,1,1,1,2,30,1,1,2,2,0,0,3,5,0,0,4,51,4,58,5,39,0,0,0,0,1,7,2,360087,750,2009,0,BAILEY AVE.,99999999999999999999,0000000,42.87541389,-78.81759722,2,5
36,29,3,11,3,42,1,3,1,0,6,5,0,8,0,1,1,1,4,45,1,2,2,2,0,0,3,2,0,0,3,43,3,47,4,4,0,0,0,0,1,4,1,360088,2485,2009,0,MCKINLEY PKWY,99999999999999999999,0000000,42.77933889,-78.81143333,1,2
36,53,3,8,15,24,2,2,0,0,6,5,0,12,2,1,1,1,2,30,1,1,2,2,0,0,1,1,0,0,15,24,15,34,15,52,0,0,0,0,1,1,0,360089,2490,2009,0,QUARTERLINE RD,99999999999999999999,0000000,42.82027222,-75.46071111,2,1
36,81,2,11,6,12,2,3,1,0,13,6,0,8,0,2,1,1,2,99,1,1,2,1,2,3,3,1,0,0,99,99,99,99,99,99,0,0,0,0,1,4,0,360090,4170,2009,0,108TH ST.,50TH AVE.,0000000,40.74460278,-73.85560556,2,1
36,59,2,5,2,30,1,1,0,0,6,5,0,24,0,2,4,2,4,99,1,3,2,1,3,3,3,1,0,0,2,37,2,40,2,49,0,0,0,0,1,5,1,360091,2600,2009,0,N JERUSALEM RD,LORING RD,0000000,40.707825,-73.52632222,1,1
36,81,1,12,6,5,1,2,1,0,13,6,0,8,0,2,1,3,4,30,2,1,2,2,3,3,4,1,0,0,99,99,99,99,99,99,0,0,0,0,1,2,0,360092,4170,2009,0,UNION TPK,CROSS ISLAND PKWY,0000000,40.74103056,-73.72690833,1,1
36,81,1,19,14,19,1,2,1,0,13,6,0,8,0,2,1,1,2,30,1,2,2,3,3,3,1,4,0,0,99,99,14,16,99,99,0,0,0,0,1,2,0,360093,4170,2009,0,ELIOT AVE.,85TH ST.,0000000,40.72791111,-73.87323333,1,4
36,55,2,15,18,20,1,2,1,0,6,5,0,8,0,1,1,1,2,35,1,1,2,1,0,0,3,1,0,0,18,20,18,25,99,99,0,0,0,0,1,1,0,360094,2395,2009,0,GREENLEAF RD,99999999999999999999,0000000,43.26197222,-77.62802222,1,1
36,47,1,21,23,44,1,2,1,0,14,6,0,8,0,2,1,9,9,99,1,1,9,1,3,3,3,1,0,0,99,99,99,99,99,99,0,0,0,0,1,4,0,360095,4170,2009,0,SEAVIEW AVE,E 95TH ST,0000000,40.63266667,-73.89131667,1,1
36,29,2,20,1,43,1,3,0,0,16,6,0,30,0,2,4,1,2,30,1,1,2,3,0,0,3,1,0,0,1,49,1,54,2,22,0,0,0,0,1,6,0,360096,750,2009,0,CLARK ST.,PADEREWSKI DR.,0000000,42.88965833,-78.83615,1,1
36,115,2,18,15,25,2,3,1,1,2,3,0,14,7,1,2,1,2,55,2,2,2,3,28,3,1,4,0,0,15,27,15,35,16,31,0,0,0,0,1,4,0,360097,790,2009,0,SR-22,99999999999999999999,0000000,43.14295556,-73.36665556,1,4
36,29,3,17,17,0,2,2,0,0,4,5,0,12,5,2,1,1,2,45,1,2,2,1,0,0,1,1,0,0,17,3,18,0,19,0,0,0,0,0,1,3,1,360098,1770,2009,0,EAST EDEN RD.,NORTH BOSTON RD.,0000000,42.68065,-78.82723611,2,1
36,65,2,20,8,55,2,3,0,0,14,6,0,12,5,1,1,1,2,30,2,1,2,3,0,0,1,4,0,0,8,56,8,58,10,0,0,0,0,0,1,6,0,360099,6220,2009,0,CULVER AVE.,99999999999999999999,0000000,,,2,4
36,39,3,9,15,4,2,3,0,0,3,3,0,12,5,1,1,1,2,55,1,1,2,2,0,0,1,1,0,0,15,8,15,9,15,58,0,0,0,0,1,2,0,360100,290,2009,8,SR-9W,99999999999999999999,0000000,42.27305278,-73.85782222,2,1
36,71,3,20,1,41,1,1,0,0,6,4,0,34,0,1,4,1,2,55,2,1,2,1,0,0,2,1,0,0,2,5,3,50,88,88,0,0,0,0,1,6,1,360101,5742,2009,0,CR-12,99999999999999999999,0000000,,,1,1
36,75,3,19,7,5,1,1,0,0,5,4,0,42,0,1,4,1,2,55,2,1,2,3,0,0,4,1,0,0,7,9,7,15,88,88,0,0,0,0,1,5,0,360102,6628,2009,0,CR-11,99999999999999999999,0000000,,,1,1
36,101,3,22,8,15,1,1,0,0,6,4,0,31,0,1,4,1,2,55,2,1,2,1,60,3,2,1,0,0,8,22,8,30,88,88,0,0,0,0,1,1,1,360103,813,2009,0,CR-125,99999999999999999999,9999999,,,1,1
36,27,3,5,23,44,1,2,1,0,6,5,0,8,0,2,1,1,2,20,1,3,2,1,0,0,3,1,0,0,99,99,23,44,23,49,0,0,0,0,1,5,0,360104,5030,2009,0,NORTH RD.,SR-9G,0000000,41.71861389,-73.93021389,1,1
36,87,1,29,18,58,1,2,1,0,2,3,0,8,0,1,1,1,2,50,1,1,2,1,0,0,3,1,0,0,18,58,99,99,99,99,0,0,0,0,1,5,0,360105,4902,2009,0,SR-202,99999999999999999999,0000000,41.18281944,-74.04931111,1,1
36,61,3,19,22,21,1,3,1,0,14,6,0,8,0,2,1,1,2,30,1,1,2,1,3,3,3,1,0,0,22,21,22,26,88,88,0,0,0,0,1,5,0,360106,4170,2009,0,CLINTON ST,GRAND ST,0000000,40.71595556,-73.98669722,1,1
36,55,3,7,20,13,1,2,1,0,6,5,0,8,0,2,1,1,2,35,1,1,2,2,0,0,3,2,0,0,20,18,20,25,20,34,0,0,0,0,1,7,0,360107,652,2009,0,ELMWOOD AVE,CLOVERCREST DR,0000000,43.12693889,-77.54950833,1,2
36,13,3,15,7,7,2,5,0,1,2,3,0,12,2,1,1,1,2,55,1,1,2,1,28,3,4,1,0,0,7,7,7,13,8,7,0,0,0,0,2,1,0,360108,2267,2009,0,SR-60,99999999999999999999,0000000,42.24103611,-79.26592778,2,1
36,59,3,5,23,36,1,1,0,1,2,3,0,48,0,1,4,3,3,55,1,1,1,1,0,0,3,1,0,0,23,37,23,40,88,88,0,0,0,0,1,5,1,360109,2600,2009,0,SR-908E,99999999999999999999,0000000,40.64297222,-73.56445278,1,1
36,71,3,16,5,27,1,2,0,0,6,5,0,3,0,1,4,1,2,55,1,1,2,1,0,0,6,1,0,0,5,28,5,44,6,21,0,0,0,0,2,2,1,360110,6410,2009,0,CR-1,99999999999999999999,0000000,41.28019167,-74.42185833,1,1
36,89,3,18,23,10,2,2,0,1,2,3,0,12,2,1,1,1,2,55,2,2,2,1,0,0,3,1,0,0,23,13,23,13,0,9,0,0,0,0,1,4,1,360111,2330,2009,2,SR-58,99999999999999999999,0000000,44.30799167,-75.45000278,2,1
36,59,3,21,5,35,1,1,0,1,2,3,0,26,0,1,4,3,4,55,1,1,2,1,0,0,3,1,0,0,5,38,5,46,88,88,0,0,0,0,1,7,1,360112,2600,2009,0,SR-908G,99999999999999999999,0000000,40.77235278,-73.62676667,1,1
36,39,3,16,11,43,2,2,0,0,4,3,0,12,5,2,1,1,2,45,2,2,2,1,0,0,1,1,0,0,11,45,11,56,12,40,0,0,0,0,1,2,0,360113,1400,2009,69,SR-81,MEDWAY-EARLTON RD.,0000000,42.35534167,-73.9014,2,1
36,7,3,19,19,32,5,7,0,1,12,3,0,12,1,1,1,3,2,65,1,1,2,1,0,0,2,1,0,0,19,34,19,37,23,30,0,0,0,0,2,5,0,360114,1882,2009,58,SR-17,99999999999999999999,0000000,,,5,1
36,45,3,22,3,16,1,1,0,1,2,3,0,35,0,1,4,1,2,55,2,2,2,2,0,0,2,4,0,0,3,16,3,34,4,0,0,0,0,0,1,1,1,360115,1077,2009,0,SR-26,99999999999999999999,0000000,43.99951389,-75.65395833,1,4
36,93,3,25,14,51,1,2,1,0,6,5,0,8,0,1,1,1,2,40,1,1,2,1,28,3,1,1,0,0,14,51,14,54,15,6,0,0,0,0,1,4,0,360116,4225,2009,0,BALLTOWN RD,99999999999999999999,0000000,42.82438056,-73.89224167,1,1
36,81,1,6,15,37,1,2,1,1,13,6,0,8,0,2,1,9,9,99,1,1,2,1,3,3,1,1,0,0,99,99,99,99,88,88,0,0,0,0,1,3,0,360117,4170,2009,0,CROSSBAY BLVD,LIBERTY AVE,0000000,40.68093056,-73.84464722,1,1
36,5,1,1,20,27,1,2,1,0,16,6,0,8,0,2,1,9,9,99,1,1,9,1,0,0,3,1,0,0,99,99,99,99,99,99,0,0,0,0,1,5,0,360118,4170,2009,0,WATSON AVE,CASTLEHILL AVE,0000000,40.82980278,-73.85056944,1,1
36,89,3,15,6,50,1,1,0,0,6,5,0,42,0,1,4,1,2,55,1,1,2,1,0,0,4,1,0,0,7,30,7,36,88,88,0,0,0,0,1,1,1,360119,880,2009,0,POTTER RD,99999999999999999999,0000000,44.58271944,-75.07833611,1,1
36,61,1,22,11,29,1,3,3,0,14,6,0,33,0,2,4,1,2,99,1,1,2,1,3,3,1,1,0,0,99,99,99,99,99,99,0,0,0,0,2,5,0,360120,4170,2009,0,E. BROADWAY,CATHERINE ST.,0000000,40.71345556,-73.99728889,1,1
36,47,2,14,5,45,1,3,1,1,2,3,0,8,0,2,1,1,9,99,1,1,9,1,0,0,6,1,0,0,99,99,99,99,99,99,0,0,0,0,1,7,0,360121,4170,2009,0,SR-907C,PLUM BEACH,0000000,,,1,1
36,61,3,27,17,0,1,4,2,0,15,6,0,8,0,1,5,4,2,30,1,1,2,1,0,0,1,1,0,0,99,99,99,99,99,99,0,0,0,0,1,6,1,360122,4170,2009,0,E 37TH ST,99999999999999999999,0000000,40.75024722,-73.98287778,1,1