STATE,COUNTY,MONTH,DAY,HOUR,MINUTE,VE_TOTAL,PERSONS,PEDS,NHS,ROAD_FNC,ROUTE,SP_JUR,HARM_EV,MAN_COLL,REL_JUNC,REL_ROAD,TRAF_FLO,NO_LANES,SP_LIMIT,ALIGNMNT,PROFILE,PAVE_TYP,SUR_COND,TRA_CONT,T_CONT_F,LGT_COND,WEATHER1,WEATHER2,WRK_ZONE,NOT_HOUR,NOT_MIN,ARR_HOUR,ARR_MIN,HOSP_HR,HOSP_MN,SCH_BUS,CF1,CF2,CF3,FATALS,DAY_WEEK,DRUNK_DR,ST_CASE,CITY,YEAR,MILEPT,TWAY_ID,TWAY_ID2,RAIL,LATITUDE,LONGITUD,VE_FORMS,WEATHER
36,75,3,29,23,48,1,1,0,0,6,5,0,42,0,1,4,1,2,30,1,1,2,1,0,0,2,1,0,0,23,51,23,54,99,99,0,0,0,0,1,1,1,360123,4800,2009,0,MAIN ST,99999999999999999999,0000000,43.22156389,-76.28964167,1,1
36,81,1,22,19,53,1,2,1,0,16,6,0,8,0,2,1,4,2,99,1,1,3,1,3,3,3,1,0,0,99,99,99,99,88,88,0,0,0,0,1,5,0,360124,4170,2009,0,146TH ST.,JAMAICA AVE.,0000000,40.70182778,-73.80903056,1,1
36,119,2,19,17,55,1,3,1,0,6,5,0,8,0,2,1,9,9,99,2,2,9,1,3,3,3,1,0,0,99,99,99,99,99,99,0,0,0,0,1,5,0,360125,3940,2009,0,S FULTON AVE,E 3RD ST,0000000,40.90848611,-73.82829722,1,1
36,19,3,31,20,9,2,2,0,0,3,3,0,12,5,2,1,1,4,55,1,1,2,1,3,3,2,1,0,0,20,9,20,16,22,46,0,0,0,0,1,3,0,360126,4880,2009,0,SR-190,SR-374,0000000,44.71625,-73.53740556,2,1
36,119,1,31,4,52,3,1,0,0,6,5,0,38,0,1,4,9,9,99,1,1,9,1,0,0,3,1,0,0,99,99,99,99,99,99,0,0,0,0,1,7,1,360127,3940,2009,0,N MACQUESTEN PKWY,99999999999999999999,0000000,40.920825,-73.84344444,1,1
36,91,3,30,21,56,1,2,1,1,2,3,0,8,0,1,1,1,2,55,1,1,2,1,0,0,2,1,0,0,21,59,22,14,23,14,0,0,0,0,1,2,0,360128,5580,2009,0,SR-50,99999999999999999999,0000000,43.18540278,-73.64895278,1,1
36,55,3,27,2,10,1,2,0,0,15,5,0,35,0,2,4,1,2,45,1,1,1,1,28,3,3,1,0,0,2,11,2,12,2,39,0,0,0,0,1,6,1,360129,2248,2009,0,SPENCERPORT RD,MARC MAR TRAIL,0000000,43.17451111,-77.72425833,1,1
36,29,3,28,1,18,1,1,0,0,6,5,0,42,0,1,4,4,2,45,2,1,2,1,0,0,3,1,0,0,1,21,1,22,2,16,0,0,0,0,1,7,1,360130,2348,2009,0,SOUTH STATE PARKWAY,99999999999999999999,0000000,42.96863889,-78.96839722,1,1
36,19,3,31,19,56,1,2,0,0,6,5,0,42,0,1,4,1,2,55,1,2,2,1,28,3,3,1,0,0,99,99,20,0,23,6,0,0,0,0,2,3,0,360131,5459,2009,0,HUGH HERRON RD,99999999999999999999,0000000,44.70814722,-73.75229444,1,1
36,71,1,25,14,15,2,2,0,0,14,5,0,12,5,1,1,1,2,40,2,1,2,1,28,3,1,1,0,0,14,20,14,49,99,99,0,0,0,0,1,1,0,360132,1169,2009,0,INGRASSIA RD,99999999999999999999,0000000,41.46665556,-74.44121389,2,1
36,91,3,29,22,26,2,4,0,1,13,3,0,12,2,1,1,1,2,55,1,1,2,2,0,0,2,2,0,0,22,30,22,35,99,99,0,0,0,0,1,1,1,360133,5470,2009,96,SR-50,99999999999999999999,0000000,43.02711389,-73.83384722,2,2
36,63,3,27,17,21,2,2,0,0,15,6,0,12,5,1,1,1,7,35,1,1,2,1,3,3,1,1,0,0,17,21,17,23,99,99,0,0,0,0,1,6,0,360134,4210,2009,0,HYDE PARK BLVD.,99999999999999999999,0000000,43.10910556,-79.03053611,2,1
36,103,3,1,9,9,1,4,0,0,16,5,0,42,0,1,4,1,2,40,1,1,2,3,0,0,1,4,0,0,9,10,9,24,9,42,0,0,0,0,1,1,1,360135,705,2009,0,MILL RD,99999999999999999999,0000000,40.84368333,-72.96303611,1,4
36,65,3,19,17,4,1,1,0,0,5,5,0,53,0,1,4,1,2,99,1,1,9,1,0,0,1,1,0,0,99,99,99,99,99,99,0,0,0,0,1,5,0,360136,6275,2009,0,BLACKMANS CORNERS RD,99999999999999999999,0000000,43.14696389,-75.52276667,1,1
36,103,3,15,19,15,1,2,1,1,2,3,0,8,0,2,6,2,3,30,1,2,2,1,0,0,3,1,0,0,19,15,19,20,19,34,0,0,0,0,1,1,0,360137,705,2009,0,SR-25A,FRANKLIN ST,0000000,40.8911,-73.34464167,1,1
36,103,3,14,15,55,1,2,0,0,14,5,0,42,0,1,4,3,2,50,1,1,2,1,0,0,1,1,0,0,15,58,16,1,16,46,0,0,0,0,1,7,0,360138,705,2009,0,CR-16,99999999999999999999,0000000,40.82641111,-72.98868056,1,1
36,55,3,28,2,4,1,3,0,0,16,5,0,42,0,1,4,1,2,35,1,1,2,1,0,0,3,1,0,0,2,8,2,13,2,39,0,0,0,0,1,7,1,360139,2395,2009,0,LING RD,99999999999999999999,0000000,43.26357222,-77.62938333,1,1
36,103,2,9,5,57,1,1,0,1,12,5,0,42,0,1,4,1,9,99,1,2,2,1,0,0,4,1,0,0,99,99,99,99,99,99,0,0,0,0,1,2,0,360140,705,2009,0,CR-46,99999999999999999999,0000000,40.8481,-72.88252778,1,1
36,103,2,15,18,59,1,2,1,0,16,5,0,8,0,1,1,2,4,30,1,1,2,1,0,0,3,1,0,0,18,59,19,7,99,99,0,0,0,0,1,1,0,360141,2920,2009,0,SUFFOLK AVE,99999999999999999999,0000000,40.77880278,-73.25694444,1,1
36,29,2,17,19,47,1,2,1,0,14,5,0,8,0,2,1,1,2,30,1,1,2,1,0,0,3,1,0,0,19,49,20,0,20,22,0,0,0,0,1,3,0,360142,750,2009,0,SOUTH PARK,HARDING,0000000,42.84044722,-78.82385833,1,1
36,81,3,16,9,45,1,2,1,0,16,6,0,8,0,1,1,1,9,99,9,9,2,9,99,9,1,9,0,0,99,99,99,99,99,99,0,0,0,0,1,2,0,360143,4170,2009,0,65TH AVE,99999999999999999999,0000000,40.75314167,-73.73834722,1,9
36,103,3,1,21,5,2,3,0,0,15,6,0,12,5,2,1,1,2,30,1,1,2,3,0,0,3,4,0,0,21,9,21,10,99,99,0,0,0,0,1,1,1,360144,2840,2009,0,BROADWAY,E. SAUNDERS ST.,0000000,40.87528056,-73.36699722,2,4
36,71,1,20,17,52,1,2,1,0,3,3,0,8,0,2,1,1,2,55,1,1,2,1,0,0,2,1,0,0,17,52,18,0,99,99,0,0,0,0,1,3,0,360145,6410,2009,62,SR-94,GLENMERE HOMESITES,0000000,41.31219167,-74.34941389,1,1
36,13,4,6,17,20,1,3,0,1,1,1,0,35,0,1,4,3,2,65,1,1,1,2,0,0,1,1,0,0,20,17,20,38,21,36,0,0,0,0,2,2,0,360146,4987,2009,4769,I-90,99999999999999999999,0000000,42.40061111,-79.45196667,1,1
36,3,4,10,15,12,2,3,0,0,2,3,0,12,5,2,1,1,2,55,1,1,2,1,4,3,1,1,0,0,15,16,15,26,15,53,0,0,0,0,1,6,0,360147,100,2009,0,SR-244,CR-10&11,0000000,42.25857222,-77.83195556,2,1
36,43,3,27,17,27,2,4,0,0,13,3,0,12,1,4,1,1,2,55,1,1,2,1,0,0,1,1,0,0,17,29,17,35,17,53,0,0,0,0,1,6,0,360148,2120,2009,63,SR-5,WATKINS RD.,0000000,43.05106389,-75.06983056,2,1
36,117,4,5,17,40,2,4,0,0,4,3,0,14,5,1,4,1,2,55,1,2,2,1,0,0,1,1,0,0,17,40,17,45,20,0,0,0,0,0,1,1,0,360149,773,2009,42,SR-89,99999999999999999999,0000000,43.19689444,-76.79839722,1,1
36,61,2,17,3,7,2,4,0,0,15,6,0,12,5,2,1,4,5,99,1,1,2,1,3,3,3,1,0,0,3,7,3,13,99,99,0,0,0,0,1,3,0,360150,4170,2009,0,W 52ND ST,7TH AVE,0000000,40.76234167,-73.98241667,2,1
36,59,2,18,0,20,1,1,0,0,2,3,0,42,0,1,4,1,2,40,2,1,1,1,0,0,3,1,0,0,0,20,0,31,1,0,0,0,0,0,1,4,1,360151,4430,2009,0,SR-107,99999999999999999999,0000000,40.82856944,-73.59861389,1,1
36,61,4,8,22,6,1,2,1,0,15,6,0,8,0,2,1,4,2,30,1,1,2,1,3,3,3,1,0,0,99,99,99,99,99,99,0,0,0,0,1,4,0,360152,4170,2009,0,W 40TH ST,9TH AVE,0000000,40.757125,-73.99360556,1,1
36,59,2,8,17,55,1,2,1,1,2,3,0,8,0,1,1,1,6,45,1,1,2,1,0,0,1,1,0,0,17,55,17,58,18,12,0,0,0,0,1,1,0,360153,2160,2009,0,SR-27,99999999999999999999,0000000,40.65772222,-73.57247778,1,1
36,5,4,5,6,41,2,2,0,1,2,3,0,12,1,2,1,3,3,50,1,1,1,1,0,0,1,1,0,0,99,99,99,99,99,99,0,0,0,0,1,1,0,360154,4170,2009,0,SR-908A,SENGER PL,0000000,40.82101111,-73.8366,2,1
36,107,4,11,19,0,1,1,0,0,5,5,0,32,0,1,4,1,2,55,2,2,2,1,28,3,1,1,0,0,19,0,19,13,88,88,0,0,0,0,1,7,1,360155,406,2009,0,HAMILTON VALLEY RD,99999999999999999999,0000000,42.13863333,-76.46274167,1,1
36,1,4,7,21,28,1,3,1,0,13,5,0,8,0,1,1,2,5,40,1,1,2,1,0,0,3,1,0,0,21,28,21,29,21,51,0,0,0,0,1,3,0,360156,1290,2009,0,CENTRAL AVE,99999999999999999999,0000000,42.69016389,-73.80158056,1,1
36,11,4,12,17,50,1,1,0,0,6,5,0,35,0,1,2,1,2,55,1,1,2,1,0,0,1,1,0,0,17,52,17,55,88,88,0,0,0,0,1,1,1,360157,6264,2009,0,BOOTH RD,99999999999999999999,0000000,42.75136111,-76.50763056,1,1
36,19,2,8,15,10,1,5,0,1,2,3,0,35,0,1,4,1,2,55,2,1,2,1,28,3,1,1,0,0,15,10,15,20,99,99,0,0,0,0,3,1,1,360158,1165,2009,0,SR-11,99999999999999999999,0000000,,,1,1
36,51,4,13,6,50,2,2,0,0,6,5,0,12,5,2,1,1,2,55,1,2,1,1,0,0,1,1,0,0,6,54,7,3,99,99,0,0,0,0,1,2,0,360160,1450,2009,0,STONER HILL RD.,ROCK SPRING HILL RD.,0000000,42.59434167,-77.75165833,2,1
36,115,4,5,1,27,1,1,0,0,5,5,0,30,0,1,4,1,2,55,2,2,2,2,0,0,3,1,0,0,1,27,1,39,88,88,0,0,0,0,1,1,1,360161,2820,2009,0,VAUGHN RD,99999999999999999999,0000000,43.37498333,-73.57797222,1,1
36,1,4,15,22,22,1,2,1,0,16,5,0,8,0,1,1,1,5,40,1,1,2,1,0,0,1,1,0,0,22,24,22,26,22,48,0,0,0,0,1,4,0,360162,2464,2009,0,WESTERN AVE,99999999999999999999,0000000,42.68623611,-73.85338056,1,1
36,99,4,9,15,20,2,3,0,0,5,3,0,12,4,1,1,1,2,55,1,1,2,1,0,0,1,1,0,0,15,22,15,24,16,29,0,0,0,0,1,5,0,360163,5630,2009,27,SR-318,99999999999999999999,0000000,42.94820556,-76.79571944,2,1
36,81,4,12,4,15,1,1,0,0,16,6,0,42,0,1,4,4,2,30,2,1,2,1,0,0,3,1,0,0,99,99,99,99,99,99,0,0,0,0,1,1,0,360164,4170,2009,0,71ST ST,99999999999999999999,0000000,40.76216111,-73.89689722,1,1
36,81,2,1,1,26,1,3,2,0,16,6,0,8,0,2,1,1,2,30,1,1,2,1,3,3,3,1,0,0,99,99,99,99,99,99,0,0,0,0,2,1,1,360165,4170,2009,0,80TH ST,62ND AVE,0000000,40.72309444,-73.87769167,1,1
36,13,3,22,2,30,1,1,0,0,6,5,0,25,0,1,4,3,2,55,1,1,2,1,0,0,2,1,0,0,99,99,99,99,99,99,0,0,0,0,1,1,1,360166,769,2009,0,WELLMAN RD,99999999999999999999,0000000,42.03122222,-79.36746667,1,1
36,119,3,23,11,0,2,2,0,1,2,3,1,12,1,1,1,2,3,50,1,1,2,1,0,0,1,1,0,0,11,8,11,21,11,45,0,0,0,0,1,2,0,360167,6820,2009,0,SR-987D,99999999999999999999,0000000,,,2,1
36,81,4,16,7,55,1,2,1,0,13,6,0,8,0,2,1,9,9,30,1,1,1,1,3,3,1,1,0,0,99,99,99,99,99,99,0,0,0,0,1,5,0,360168,4170,2009,0,SUTPHIN BLVD,LINDEN BLVD,0000000,40.68628889,-73.79389722,1,1
36,59,3,15,0,40,1,2,1,0,14,5,0,8,0,1,1,1,4,30,9,9,2,9,0,0,6,9,0,0,0,43,0,45,0,59,0,0,0,0,1,1,0,360169,2600,2009,0,JERUSALEM AVE,99999999999999999999,0000000,40.70011389,-73.59163889,1,9
36,59,3,8,5,36,1,1,0,0,2,3,0,42,0,2,4,1,2,50,2,2,2,2,3,3,3,1,0,0,5,36,5,42,88,88,0,0,0,0,1,1,0,360170,4610,2009,0,SR-25A,COVE RD,0000000,40.85131389,-73.48810556,1,1
36,55,3,21,2,19,1,3,1,0,14,5,0,8,0,2,1,1,4,30,1,1,2,1,0,0,3,1,0,0,2,19,2,23,2,41,0,0,0,0,1,7,0,360171,5230,2009,0,EAST AVE,SIBLEY PL,0000000,43.15444722,-77.59205833,1,1
36,59,3,7,0,40,2,2,0,0,16,5,0,12,5,1,1,3,2,30,2,1,2,2,0,0,3,1,0,0,0,44,0,46,1,20,0,0,0,0,1,7,1,360172,2600,2009,0,ATLANTIC AVE,99999999999999999999,0000000,40.64748333,-73.664875,2,1
36,5,4,17,5,3,2,4,1,1,2,3,0,8,0,2,1,1,9,99,1,2,9,1,0,0,1,1,0,0,99,99,99,99,99,99,0,0,0,0,1,6,0,360173,4170,2009,0,SR-907V,BROADWAY,0000000,40.90034444,-73.89701389,2,1
36,103,3,28,8,56,3,6,0,0,2,4,0,12,2,1,1,1,9,99,1,1,9,2,28,3,1,1,0,0,99,99,99,99,99,99,0,0,0,0,1,7,0,360174,5810,2009,0,CR-39,99999999999999999999,0000000,40.89533333,-72.42015833,3,1
36,13,3,17,17,3,2,2,0,1,2,3,0,12,1,2,1,3,4,45,1,1,2,1,0,0,1,1,0,0,17,3,17,13,18,18,0,0,0,0,1,3,0,360175,5710,2009,0,SR-5 AND 20,BEEBE RD,0000000,42.56114167,-79.12138889,2,1
36,81,2,20,22,10,1,2,1,0,16,6,0,8,0,1,1,1,2,99,1,1,9,4,0,0,3,1,0,0,99,99,99,99,99,99,0,0,0,0,1,6,0,360176,4170,2009,0,MYRTLE AVE.,99999999999999999999,0000000,40.69954722,-73.911075,1,1
36,29,3,3,18,50,2,2,0,0,16,5,0,12,2,1,1,1,2,45,1,1,2,1,28,3,3,1,0,0,18,50,18,54,19,31,0,0,0,0,1,3,0,360177,156,2009,0,TRANSIT RD,99999999999999999999,0000000,43.03970833,-78.69702222,2,1
36,73,4,21,5,8,1,1,0,0,5,5,0,42,0,1,4,1,2,55,1,1,2,1,0,0,2,5,0,0,99,99,99,99,99,99,0,0,0,0,1,3,1,360178,60,2009,0,TRANSIT RD,99999999999999999999,0000000,43.31309444,-78.11556111,1,5
36,51,4,23,19,27,1,2,0,0,6,5,0,42,0,1,4,1,2,55,1,3,2,1,0,0,1,1,0,0,19,27,19,35,88,88,0,0,0,0,2,5,0,360179,3240,2009,0,DORAN RD,99999999999999999999,0000000,42.87335278,-77.57085833,1,1
36,45,4,24,22,30,1,1,0,0,5,5,0,34,0,1,4,1,2,55,2,1,2,1,0,0,3,1,0,0,22,36,22,43,23,11,0,0,0,0,1,6,1,360180,220,2009,0,CR-26,99999999999999999999,0000000,44.21992222,-75.58527222,1,1
36,31,4,16,6,24,2,7,0,0,3,3,0,12,4,1,1,1,3,55,2,2,2,1,0,0,1,1,0,0,6,24,6,32,10,31,0,0,0,0,1,5,0,360181,2997,2009,85,SR-9N,99999999999999999999,0000000,44.22506389,-73.75186111,2,1
36,99,4,26,3,46,1,1,0,0,6,5,0,53,0,1,4,1,2,55,1,1,1,1,0,0,2,1,0,0,3,48,3,56,5,25,0,0,0,0,1,1,1,360182,5265,2009,0,KINGS CORNERS RD,99999999999999999999,0000000,42.76954167,-76.79074167,1,1
36,117,4,24,2,43,1,1,0,0,2,3,0,34,0,1,4,1,2,55,2,2,2,1,0,0,2,1,0,0,2,43,2,50,88,88,0,0,0,0,1,6,1,360183,6760,2009,0,SR-89,99999999999999999999,0000000,43.16261944,-76.77228889,1,1
36,29,4,21,21,59,1,2,1,1,13,3,0,8,0,2,1,2,9,45,1,1,1,2,3,3,3,2,0,0,21,59,22,0,22,35,0,0,0,0,1,3,0,360184,1117,2009,23,SR-952Q,SR-277,0000000,42.90705,-78.75431111,1,2
36,15,4,17,13,57,1,1,0,0,14,3,0,27,0,1,4,1,2,55,1,1,1,1,0,0,1,1,0,0,13,57,13,59,14,28,0,0,0,0,1,6,0,360185,535,2009,19,SR-352,99999999999999999999,0000000,42.12832778,-76.93375556,1,1
36,55,3,30,7,59,1,1,0,0,14,5,0,27,0,2,4,9,9,99,2,2,9,1,3,3,1,1,0,0,99,99,99,99,99,99,0,0,0,0,1,2,0,360186,5230,2009,0,ST PAUL ST,E RIDGE RD,0000000,43.19253611,-77.61797778,1,1
36,81,4,19,4,45,1,1,0,1,1,1,0,20,0,1,8,3,3,50,2,1,2,1,0,0,3,1,0,0,99,99,99,99,88,88,0,0,0,0,1,1,1,360187,4170,2009,0,I-495,99999999999999999999,0000000,40.74328611,-73.77529167,1,1
36,59,3,22,4,25,1,1,0,1,2,3,0,42,0,1,4,1,9,99,1,1,9,1,0,0,2,1,0,0,99,99,99,99,99,99,0,0,0,0,1,1,0,360188,4600,2009,0,SR-135,99999999999999999999,0000000,40.74678056,-73.47401389,1,1
36,119,4,25,2,25,1,1,0,1,2,3,0,25,0,1,2,3,4,50,2,2,2,1,0,0,2,1,0,0,2,31,2,38,88,88,0,0,0,0,1,7,1,360189,2900,2009,0,SR-987D,99999999999999999999,0000000,,,1,1
36,13,4,20,18,40,1,3,1,0,14,5,0,8,0,1,1,1,2,30,1,1,2,2,0,0,1,2,0,0,18,40,18,43,18,50,0,0,0,0,1,2,0,360190,2950,2009,0,FALCONER ST,99999999999999999999,0000000,42.10537778,-79.22684444,1,2
36,43,4,19,18,46,1,1,0,1,2,3,0,27,0,1,4,1,2,55,2,3,2,1,28,3,1,1,0,0,18,48,18,54,19,40,0,0,0,0,1,1,1,360192,4110,2009,0,SR-8,99999999999999999999,0000000,43.25809722,-74.98997222,1,1
36,27,4,25,0,19,1,1,0,1,2,3,0,24,0,1,4,1,2,55,2,2,2,1,28,3,2,1,0,0,0,19,0,29,0,56,0,0,0,0,1,7,0,360193,4835,2009,0,SR-199,99999999999999999999,0000000,41.97834722,-73.62174444,1,1
36,59,2,21,23,25,2,4,0,0,15,6,0,12,7,2,1,1,2,99,1,1,9,1,0,0,3,1,0,0,99,99,99,99,88,88,0,0,0,0,2,7,1,360194,2280,2009,0,SEA CLIFF AVE.,PEARL ST.,0000000,40.85056667,-73.63414722,2,1
36,81,4,7,99,99,1,2,1,1,11,1,0,8,0,2,1,2,2,45,1,2,1,1,0,0,5,1,0,0,99,99,99,99,99,99,0,0,0,0,1,3,0,360195,4170,2009,6,I-495,WOODHAVEN BLVD.,0000000,40.73195,-73.87107778,1,1
36,17,4,18,5,55,1,5,0,0,2,3,0,24,0,1,4,1,3,55,1,2,2,1,0,0,4,1,0,0,6,0,6,7,7,1,0,0,0,0,1,7,1,360196,370,2009,0,SR-206,99999999999999999999,0000000,42.28956389,-75.47287778,1,1
36,63,4,27,9,23,1,2,0,0,15,5,0,42,0,1,4,1,2,45,1,1,2,1,0,0,1,1,0,0,9,24,9,30,9,52,0,0,0,0,1,2,0,360197,4729,2009,0,TONAWANDA CREEK RD,99999999999999999999,0000000,43.08658333,-78.72858611,1,1
36,67,4,10,15,57,2,2,0,1,2,3,0,14,1,1,4,1,2,55,1,1,2,1,28,3,1,1,0,0,15,58,16,2,16,52,0,0,0,0,1,6,0,360198,3082,2009,0,SR-11,99999999999999999999,0000000,42.84453889,-76.11984722,1,1
36,59,5,2,19,59,2,3,0,0,2,3,0,12,5,2,1,2,4,55,1,1,2,1,3,3,5,1,0,0,19,59,20,2,99,99,0,0,0,0,1,7,0,360199,710,2009,0,SR-106,BROOKVILLE RD,0000000,40.80393333,-73.53726667,2,1
36,5,2,6,11,8,1,2,1,0,13,6,0,8,0,2,1,2,3,30,1,1,2,1,3,3,1,1,0,0,11,8,11,12,11,29,0,0,0,0,1,6,0,360200,4170,2009,0,BROADWAY,W 225TH ST,0000000,40.87465,-73.90975,1,1
36,103,4,28,1,2,1,1,0,0,14,5,0,38,0,2,4,2,2,30,1,1,2,1,0,0,3,1,0,0,1,4,1,10,1,40,0,0,0,0,1,3,1,360201,2840,2009,0,CLAY PITTS RD,STONEHENGE LN,0000000,40.86882778,-73.29728889,1,1
36,103,2,22,4,12,2,2,0,0,14,6,0,12,99,2,1,1,2,99,1,1,9,1,3,3,3,1,0,0,99,99,99,99,88,88,0,0,0,0,1,1,1,360202,5769,2009,0,COMMACK RD.,CR-67,0000000,40.81684722,-73.29375278,2,1
36,103,3,18,6,24,1,2,1,1,2,3,0,8,0,2,1,1,2,99,1,1,9,1,3,3,1,1,0,0,99,99,99,99,99,99,0,0,0,0,1,4,0,360204,705,2009,0,SR-347,SR-25A,0000000,40.93254722,-73.03253889,1,1
36,59,1,31,12,1,1,1,0,1,2,3,0,42,0,1,4,3,3,55,2,1,1,1,0,0,1,1,0,0,12,1,12,7,12,25,0,0,0,0,1,7,0,360205,2600,2009,0,SR-908T,99999999999999999999,0000000,40.67844167,-73.51269722,1,1
36,59,3,17,13,51,1,2,0,1,2,3,0,38,0,1,4,1,4,50,1,2,2,1,0,0,1,1,0,0,13,51,13,54,99,99,0,0,0,0,1,3,0,360206,710,2009,0,SR-25A,99999999999999999999,0000000,40.81301389,-73.61597222,1,1
36,85,2,26,10,40,1,3,1,0,13,6,0,8,0,2,4,2,2,35,1,1,2,1,3,3,1,1,0,0,10,45,10,50,10,55,0,0,0,0,1,5,0,360207,4170,2009,0,FR. CAPODANNO BLVD.,SEAVIEW AVE.,0000000,40.57928333,-74.07766111,1,1
36,47,2,21,14,28,1,3,1,0,14,6,0,8,0,2,1,9,9,99,1,1,9,1,3,3,1,1,0,0,99,99,99,99,99,99,0,0,0,0,1,7,0,360208,4170,2009,0,GATES AVE,TOMPKINS AVE,0000000,40.68689444,-73.94463056,1,1
36,85,2,23,12,30,1,2,1,1,13,6,0,8,0,2,1,3,2,35,1,1,2,1,3,3,1,1,0,0,12,35,12,44,12,55,0,0,0,0,1,2,0,360209,4170,2009,0,HYLAN BLVD,BURGHER AVE,0000000,40.59071944,-74.08834167,1,1
36,61,5,1,21,30,1,2,1,0,13,6,0,8,0,1,1,3,3,50,1,1,2,2,0,0,3,2,0,0,99,99,99,99,88,88,0,0,0,0,1,6,0,360210,4170,2009,0,HARLEM RIVER DR,99999999999999999999,0000000,40.81450833,-73.93436111,1,2
36,103,4,11,16,36,2,3,0,0,2,4,0,12,5,1,1,1,6,35,2,1,2,2,0,0,1,2,0,0,16,37,16,43,99,99,0,0,0,0,1,7,0,360211,5810,2009,0,CR-39,99999999999999999999,0000000,40.89646667,-72.39906667,2,2
36,103,4,2,9,25,2,2,0,1,13,3,0,12,5,2,1,2,4,45,1,1,2,2,3,3,1,1,0,0,9,26,9,31,9,54,0,0,0,0,1,5,0,360212,705,2009,59,SR-25A,BROOKHAVEN DR.,0000000,40.94520278,-72.95558611,2,1
36,13,4,28,18,14,1,2,0,0,2,3,0,34,0,1,4,1,2,55,1,2,2,2,0,0,1,1,0,0,18,14,18,21,19,11,0,0,0,0,1,3,0,360213,3525,2009,0,SR-430,99999999999999999999,0000000,42.22103333,-79.43312778,1,1
36,37,4,25,12,37,2,4,0,0,2,3,0,12,5,2,1,1,2,55,1,1,2,1,20,3,1,1,0,0,12,37,12,45,99,99,0,0,0,0,2,7,0,360214,1451,2009,0,SR-77,SUMNER RD,0000000,42.92321389,-78.38963889,2,1
36,29,4,1,10,0,2,2,0,0,14,5,0,12,2,1,1,1,2,45,1,1,2,2,28,3,1,2,0,0,10,0,10,10,99,99,1,0,0,0,1,4,0,360215,1844,2009,0,BOWEN RD,99999999999999999999,0000000,42.81095556,-78.636875,2,2
36,1,5,2,5,31,2,2,0,0,16,5,0,12,2,2,1,1,4,45,1,1,2,1,20,3,1,1,0,0,5,32,5,37,6,9,0,0,0,0,1,7,0,360216,2464,2009,0,WESTERN AVE,GAY LN,0000000,42.71309167,-73.92946944,2,1
36,103,3,29,17,15,2,3,0,1,13,3,0,12,2,1,1,2,2,50,2,3,1,2,0,0,1,1,0,0,99,99,99,99,99,99,0,0,0,0,1,1,0,360217,705,2009,24,SR-25,99999999999999999999,0000000,40.90186111,-72.86343611,2,1
36,103,4,9,20,0,2,5,0,0,14,6,0,12,5,2,1,2,2,35,2,3,2,1,20,3,3,1,0,0,20,9,20,14,20,45,0,0,0,0,1,5,1,360218,1050,2009,0,CONNETQUOT AVE.,PALERMO ST.,0000000,40.77581111,-73.17558611,2,1
36,59,3,30,8,45,1,2,1,0,14,5,0,8,0,2,1,9,9,99,1,1,9,1,3,3,1,1,0,0,99,99,99,99,99,99,0,0,0,0,1,2,0,360219,4600,2009,0,CARMANS RD,VIOLET ST,0000000,40.70056944,-73.43297222,1,1
36,103,4,11,17,30,1,2,0,1,13,3,0,25,0,1,3,3,3,99,1,1,1,2,0,0,1,1,0,0,17,40,17,44,99,99,0,0,0,0,1,7,0,360220,360,2009,99,SR-27,99999999999999999999,0000000,40.71469444,-73.32961389,1,1
36,91,4,9,0,5,1,1,0,0,16,5,0,43,0,1,4,1,2,55,2,1,2,1,0,0,2,1,0,0,10,55,11,4,12,0,0,0,0,0,1,5,1,360221,2484,2009,0,TERMINAL RD,99999999999999999999,0000000,42.82343611,-73.73169444,1,1
36,29,4,27,7,36,1,2,1,0,16,5,0,9,0,2,1,1,2,30,1,2,2,1,20,3,1,1,0,0,7,37,7,42,88,88,0,0,0,0,1,2,0,360222,6090,2009,0,WENDEL AVE,CAMBRIDGE ST,0000000,42.96264167,-78.83010278,1,1
36,19,4,24,21,15,1,1,0,0,5,5,0,26,0,1,4,1,2,55,2,1,2,1,28,3,2,1,0,0,21,31,21,40,22,15,0,20,0,0,1,6,0,360223,3000,2009,0,CLINTONVILLE RD,99999999999999999999,0000000,44.5093,-73.58359444,1,1
36,21,4,30,14,56,1,2,1,0,2,3,0,9,0,1,1,1,2,55,1,1,2,1,28,3,1,1,0,0,14,57,15,13,88,88,0,0,0,0,1,5,0,360224,3313,2009,0,SR-82,99999999999999999999,0000000,42.177175,-73.759075,1,1
36,29,4,21,12,32,2,2,0,0,6,5,0,12,2,1,1,1,2,55,1,2,2,1,0,0,1,1,0,0,12,32,12,35,99,99,0,0,0,0,1,3,0,360225,40,2009,0,MAIN RD.,99999999999999999999,0000000,42.98660556,-78.56463333,2,1
36,71,4,21,14,5,1,1,0,1,2,3,0,34,0,2,4,1,2,30,1,1,2,2,0,0,1,1,0,0,14,5,14,10,15,0,0,0,0,0,1,3,0,360226,814,2009,65,SR-207,CHURCH ST.,0000000,41.45471389,-74.26099444,1,1
36,45,5,5,11,49,2,3,0,0,6,5,0,12,5,2,1,1,2,55,1,1,2,1,20,1,1,1,0,0,11,49,11,56,13,20,0,0,0,0,1,3,0,360227,1900,2009,0,GOULDS CORNERS RD,WADDINGHAM RD,0000000,44.06745278,-75.850725,2,1
36,119,5,9,23,5,1,1,0,1,2,3,0,25,0,1,4,3,3,35,1,1,2,1,0,0,3,1,0,1,23,5,23,10,23,40,0,0,0,0,1,7,0,360228,6820,2009,0,SR-907G,99999999999999999999,0000000,41.01879722,-73.7877,1,1