STATE,COUNTY,MONTH,DAY,HOUR,MINUTE,VE_TOTAL,PERSONS,PEDS,NHS,ROAD_FNC,ROUTE,SP_JUR,HARM_EV,MAN_COLL,REL_JUNC,REL_ROAD,TRAF_FLO,NO_LANES,SP_LIMIT,ALIGNMNT,PROFILE,PAVE_TYP,SUR_COND,TRA_CONT,T_CONT_F,LGT_COND,WEATHER1,WEATHER2,WRK_ZONE,NOT_HOUR,NOT_MIN,ARR_HOUR,ARR_MIN,HOSP_HR,HOSP_MN,SCH_BUS,CF1,CF2,CF3,FATALS,DAY_WEEK,DRUNK_DR,ST_CASE,CITY,YEAR,MILEPT,TWAY_ID,TWAY_ID2,RAIL,LATITUDE,LONGITUD,VE_FORMS,WEATHER
36,1,5,8,0,56,1,1,0,0,15,6,0,42,0,1,4,1,2,30,2,1,2,1,0,0,3,1,0,0,1,0,1,7,1,49,0,0,0,0,1,6,0,360229,1290,2009,0,OLD NISKAYUNA RD.,99999999999999999999,0000000,42.75860556,-73.79745278,1,1
36,29,4,14,11,41,2,3,0,0,2,3,0,12,5,2,1,1,4,40,1,1,2,1,3,3,1,1,0,0,11,41,11,45,12,35,0,0,0,0,1,3,0,360230,6090,2009,29,SR-324,PARKHURST,0000000,42.98075556,-78.83105556,2,1
36,61,2,8,22,27,1,2,1,1,12,3,0,8,0,1,1,3,3,50,1,1,2,1,0,0,3,1,0,0,99,99,99,99,88,88,0,0,0,0,1,1,0,360231,4170,2009,97,SR-907V,99999999999999999999,0000000,40.80833333,-73.96885833,1,1
36,5,2,28,21,59,1,2,1,1,11,2,0,8,0,1,1,3,2,30,2,1,2,1,0,0,3,1,0,0,99,99,99,99,88,88,0,0,0,0,1,7,0,360232,4170,2009,99,US-9,99999999999999999999,0000000,40.89309444,-73.89660833,1,1
36,59,2,13,9,0,1,1,0,0,15,6,0,10,0,6,1,1,4,99,1,1,2,1,60,3,1,1,0,0,9,0,9,10,88,88,0,0,0,0,1,6,0,360233,6020,2009,0,ROBBINS LANE,99999999999999999999,9999999,40.797425,-73.51503056,1,1
36,103,4,27,15,43,1,3,0,1,13,3,0,1,0,1,2,1,3,55,1,2,2,1,0,0,1,1,0,0,15,44,15,48,16,19,0,0,0,0,1,2,0,360234,5810,2009,53,SR-24,99999999999999999999,0000000,40.89320278,-72.57074722,1,1
36,29,5,8,12,33,1,1,0,0,5,5,0,24,0,1,4,1,2,45,2,2,2,1,0,0,1,1,0,0,12,34,12,40,99,99,0,0,0,0,1,6,0,360235,5940,2009,0,ZOAR VALLEY RD.,99999999999999999999,0000000,42.48966944,-78.71308056,1,1
36,95,5,3,17,17,1,3,0,0,16,5,0,30,0,1,4,1,2,30,1,1,2,1,0,0,1,1,0,0,17,18,17,21,18,23,0,0,0,0,1,1,0,360236,1240,2009,0,ELM ST,99999999999999999999,0000000,42.67945278,-74.49048056,1,1
36,21,5,12,14,48,2,2,0,1,2,3,0,12,2,1,1,1,2,55,1,2,2,1,0,0,1,1,0,0,14,48,14,49,99,99,0,0,0,0,1,3,0,360237,2810,2009,10,SR-9H,99999999999999999999,0000000,42.19040556,-73.75399444,2,1
36,91,4,23,18,42,2,2,0,1,2,2,0,12,5,1,1,2,4,55,1,1,2,1,0,0,1,1,0,0,19,30,19,34,20,35,0,0,0,0,1,5,0,360238,1209,2009,0,US-9,99999999999999999999,0000000,42.89231667,-73.77267778,2,1
36,29,5,11,11,22,2,2,0,1,2,3,0,12,5,2,1,1,2,55,1,1,2,1,20,3,1,1,0,0,11,22,99,99,12,16,0,0,0,0,1,2,0,360239,5892,2009,49,SR-78,HUNTERS CREEK RD.,0000000,42.76117222,-78.53121111,2,1
36,79,5,7,20,15,3,3,0,1,2,3,0,12,4,1,1,1,2,45,2,1,2,2,0,0,1,5,0,0,20,16,20,22,99,99,0,0,0,0,1,5,1,360240,4682,2009,46,SR-22,99999999999999999999,0000000,41.52093611,-73.59098889,3,5
36,63,4,8,10,24,1,1,0,0,4,5,0,30,0,2,4,1,2,45,1,1,2,1,0,0,1,1,0,0,10,24,10,33,10,55,0,0,0,0,1,4,0,360241,4070,2009,0,LAKE RD,PHILLIPS,0000000,43.343375,-78.67408333,1,1
36,13,4,12,23,44,1,1,0,0,2,3,0,34,0,1,4,1,2,40,1,1,2,1,0,0,2,1,0,0,23,45,23,53,0,30,0,0,0,0,1,1,1,360242,5660,2009,0,SR-426,99999999999999999999,0000000,42.09188611,-79.71289167,1,1
36,61,5,15,17,35,4,2,1,0,13,6,0,8,0,1,1,9,9,30,1,1,2,1,0,0,1,1,0,0,99,99,99,99,99,99,0,0,0,0,1,6,0,360243,4170,2009,0,W 14TH ST,99999999999999999999,0000000,40.73948611,-74.00173889,1,1
36,5,5,16,14,20,1,2,1,0,15,6,0,8,0,2,1,9,9,30,1,1,2,1,3,3,1,1,0,0,99,99,99,99,99,99,0,0,0,0,1,7,0,360244,4170,2009,0,ASTOR AVE,EASTCHESTER RD,0000000,40.859525,-73.842975,1,1
36,111,4,15,17,47,2,2,0,0,14,6,0,12,5,8,1,2,2,30,1,1,2,1,0,0,1,1,0,0,99,99,99,99,99,99,0,0,0,0,1,4,0,360245,3060,2009,0,DELAWARE AVE.,NORTH ST.,0000000,41.92852778,-73.96501111,2,1
36,61,5,9,18,0,1,6,1,0,15,6,0,8,0,2,1,1,2,99,1,1,2,1,3,3,1,1,0,0,99,99,99,99,99,99,0,0,0,0,1,7,0,360246,4170,2009,0,W 180TH ST,AUDUBON AVE,0000000,40.84811667,-73.93288056,1,1
36,85,2,14,0,34,2,5,0,0,13,6,0,12,5,2,1,1,4,99,1,2,9,1,3,3,3,1,0,0,99,99,99,99,99,99,0,0,0,0,2,7,1,360247,4170,2009,0,VICTORY BLVD.,CEBRA AVE.,0000000,40.633975,-74.08574444,2,1
36,85,4,25,4,16,2,2,0,1,13,6,0,12,5,2,1,1,2,30,1,1,2,1,3,3,3,1,0,0,4,17,4,21,4,30,0,0,0,0,1,7,1,360248,4170,2009,0,FOREST AVE,MANOR RD,0000000,40.62711111,-74.12513611,2,1
36,7,4,29,8,18,1,1,0,1,1,1,0,42,0,1,4,2,2,65,1,1,1,1,0,0,1,1,0,0,8,18,8,26,9,42,0,0,0,0,1,4,1,360249,3280,2009,99,I-81,99999999999999999999,0000000,42.32143333,-75.97189167,1,1
36,19,5,16,1,54,1,3,0,0,6,5,0,35,0,1,4,1,2,55,1,1,2,1,28,3,2,1,0,0,2,7,2,15,3,10,0,0,0,0,1,7,0,360250,1116,2009,0,STETSON RD,99999999999999999999,0000000,44.90005556,-73.415,1,1
36,83,2,15,1,55,1,1,0,1,2,2,0,57,0,1,4,1,2,55,2,1,2,1,0,0,3,1,0,0,1,55,2,1,3,30,0,0,0,0,1,1,1,360251,4000,2009,37,US-20,99999999999999999999,0000000,42.510175,-73.56618611,1,1
36,29,4,12,1,44,2,2,0,0,2,3,0,12,2,1,1,1,2,55,2,2,2,1,28,3,3,1,0,0,1,46,1,56,88,88,0,0,0,0,1,1,1,360252,1770,2009,0,SR-75,99999999999999999999,0000000,42.62956944,-78.84462778,2,1
36,69,5,14,14,33,2,2,0,0,6,4,0,12,4,2,1,1,2,55,1,1,2,2,20,3,1,1,0,0,14,33,14,42,15,39,0,0,0,0,1,5,0,360253,3490,2009,0,CR-7,OUTLET RD,0000000,42.98430833,-77.17929722,2,1
36,27,5,15,20,52,1,2,0,1,2,3,0,24,0,1,2,3,2,55,2,1,2,1,0,0,2,1,0,0,99,99,99,99,99,99,0,0,0,0,1,6,1,360254,2000,2009,0,SR-9,99999999999999999999,0000000,,,1,1
36,51,5,18,11,28,1,2,0,0,2,3,0,42,0,1,4,1,2,45,1,1,2,1,0,0,1,1,0,0,11,30,99,99,99,99,0,0,0,0,2,2,0,360255,3930,2009,0,SR-36,99999999999999999999,0000000,42.71205278,-77.86607222,1,1
36,35,5,18,12,37,1,1,0,0,16,5,0,19,0,2,4,1,2,99,1,1,2,1,0,0,1,1,0,0,12,37,12,49,13,15,0,0,0,0,1,2,0,360256,4766,2009,0,CEDAR ST,MAPLE ST,0000000,,,1,1
36,33,5,18,17,24,2,3,0,0,6,4,0,12,5,1,1,1,2,55,1,3,2,1,28,3,1,1,0,0,99,99,17,25,19,55,0,0,0,0,1,2,0,360257,2080,2009,0,CR-42,99999999999999999999,0000000,44.95122222,-74.46413056,2,1
36,29,5,19,17,32,2,3,0,0,14,5,0,12,5,2,1,1,2,40,1,1,2,1,20,3,1,1,0,0,17,32,17,42,18,30,0,0,0,0,1,3,0,360258,1170,2009,0,GREINER RD,THOMPSON RD,0000000,42.98860833,-78.64715278,2,1
36,83,1,4,18,11,1,2,0,0,19,6,0,5,0,1,2,1,2,35,1,1,2,1,0,0,2,1,0,0,18,11,18,16,99,99,0,0,0,0,1,1,1,360259,6807,2009,0,PERSHING AVE.,99999999999999999999,0000000,42.66705833,-73.639775,1,1
36,7,1,10,2,25,2,3,0,0,14,3,0,32,0,1,4,1,2,50,1,1,2,1,0,0,3,1,0,0,2,25,2,33,99,99,0,0,0,0,1,7,1,360260,1302,2009,73,SR-7,99999999999999999999,0000000,,,1,1
36,39,3,21,8,40,1,1,0,0,4,3,0,32,0,1,4,1,2,55,1,1,2,1,0,0,1,1,0,0,8,42,8,58,10,5,0,0,0,0,1,7,0,360261,2966,2009,81,SR-23A,99999999999999999999,0000000,,,1,1
36,47,4,5,22,0,5,4,0,0,16,6,0,12,5,2,1,1,2,99,1,1,9,1,20,3,3,1,0,0,99,99,99,99,99,99,0,0,0,0,1,1,0,360262,4170,2009,0,PITKIN AVE.,BARBEY ST.,0000000,40.6731,-73.88760556,2,1
36,103,5,7,21,13,1,1,0,0,6,5,0,30,0,2,4,1,2,30,2,2,2,2,28,3,2,2,0,0,99,99,99,99,99,99,0,0,0,0,1,5,1,360263,5810,2009,0,CR-38,BAYVIEW RD,0000000,40.96674167,-72.38368056,1,2
36,59,4,10,21,37,2,3,1,0,16,5,0,8,0,2,1,2,4,30,1,1,2,2,3,3,3,2,0,0,99,99,21,38,99,99,0,0,0,0,1,6,0,360264,2135,2009,0,FRANKLIN AVE,FRANKLIN GATE,0000000,40.69058889,-73.68504444,2,2
36,61,5,9,19,14,1,2,1,0,15,6,0,8,0,1,1,4,1,30,1,1,1,1,0,0,1,1,0,0,19,15,19,22,19,45,0,0,0,0,1,7,0,360266,4170,2009,0,W 20TH ST,99999999999999999999,0000000,40.74678333,-74.00784722,1,1
36,105,4,18,11,0,2,2,0,0,2,3,0,12,2,1,1,1,2,55,1,1,2,1,28,3,1,1,0,0,11,4,11,9,99,99,0,0,0,0,1,7,0,360267,3850,2009,0,SR-17B,99999999999999999999,0000000,41.66710833,-74.77955833,2,1
36,81,2,10,14,54,2,3,0,0,12,6,0,50,0,1,4,3,2,99,2,1,2,9,0,0,1,9,0,0,99,99,99,99,99,99,0,0,0,0,1,3,0,360268,4170,2009,0,ROCKAWAY FREEWAY,99999999999999999999,0000000,40.60286667,-73.75760556,2,9
36,55,5,13,14,30,2,3,0,0,14,5,0,12,4,2,1,1,6,40,1,1,2,1,3,3,1,1,0,0,14,30,14,37,99,99,0,0,0,0,1,4,0,360269,2606,2009,0,E HENRIETTA RD,JEFFERSON RD,0000000,43.087225,-77.60926667,2,1
36,81,5,28,22,10,1,3,0,0,14,6,0,23,0,1,2,1,4,30,1,1,2,2,0,0,3,2,0,0,99,99,99,99,99,99,0,0,0,0,3,5,1,360270,4170,2009,0,LAUREL HILL BLVD,99999999999999999999,0000000,40.73543056,-73.91707778,1,2
36,61,5,22,17,12,2,2,0,0,15,6,0,12,2,2,1,1,2,99,1,1,2,1,3,3,1,1,0,0,99,99,99,99,99,99,0,0,0,0,1,6,0,360271,4170,2009,0,VERMILYEA AVE.,ACADEMY ST.,0000000,40.86537222,-73.92437778,2,1
36,81,5,20,16,48,2,7,0,0,14,6,0,12,4,1,1,1,2,30,2,1,2,1,0,0,1,1,0,0,99,99,99,99,99,99,0,0,0,0,2,4,0,360272,4170,2009,0,BROOKVILLE BLVD.,99999999999999999999,0000000,,,2,1
36,81,4,8,21,13,1,2,1,0,13,6,0,8,0,2,1,3,3,99,1,1,1,1,3,3,3,1,0,0,99,99,99,99,88,88,0,0,0,0,1,4,0,360273,4170,2009,0,QUEENS BLVD.,70TH ST.,0000000,40.7398,-73.894225,1,1
36,59,4,14,0,35,1,2,1,1,2,3,0,8,0,1,1,3,3,55,1,1,1,1,0,0,3,1,0,0,0,35,0,40,0,50,0,0,0,0,1,3,0,360274,4090,2009,0,SR-908E,99999999999999999999,0000000,40.74673611,-73.61286111,1,1
36,1,5,19,19,17,1,2,1,0,16,5,0,9,0,2,1,1,2,30,1,1,2,1,20,3,1,1,0,0,19,17,19,24,19,41,0,0,0,0,1,3,0,360275,50,2009,0,MCCORMACK RD,FAIRWAY CT,0000000,42.64699722,-73.83685833,1,1
36,83,5,23,14,29,1,2,0,0,16,5,0,34,0,1,4,1,2,55,1,1,4,1,0,0,1,1,0,0,14,30,14,36,15,13,0,0,0,0,1,7,0,360276,5958,2009,0,BERKSHIRE WAY,99999999999999999999,0000000,42.52063611,-73.37150556,1,1
36,103,4,29,13,9,2,2,0,1,13,3,0,12,1,1,1,2,2,55,1,1,1,1,0,0,1,1,0,0,13,14,13,21,88,88,0,0,0,0,1,4,0,360277,5810,2009,99,SR-27,99999999999999999999,0000000,,,2,1
36,101,5,22,10,0,2,2,0,0,6,5,0,14,1,2,2,1,2,55,2,1,2,1,28,3,1,1,0,0,10,5,10,18,10,40,0,0,0,0,1,6,0,360278,5062,2009,0,CR-76,RUGBY RD,0000000,,,1,1
36,45,5,21,14,41,2,3,0,0,4,3,0,12,5,2,1,1,2,55,1,1,2,1,20,3,1,1,0,0,17,45,18,46,19,21,0,0,0,0,2,5,0,360279,3075,2009,13,SR-180,CR-3,0000000,44.23948889,-75.98292778,2,1
36,29,5,23,19,34,2,2,0,0,15,5,0,12,1,1,1,1,5,50,1,1,2,1,0,0,1,1,0,0,19,34,19,38,20,10,0,0,0,0,1,7,1,360280,2485,2009,0,SOUTHWESTERN BLVD,99999999999999999999,0000000,42.73560278,-78.87870278,2,1
36,23,5,6,11,40,2,2,0,0,2,3,0,12,2,1,1,1,2,55,1,2,2,1,0,0,1,1,0,0,11,42,11,48,12,57,0,0,0,0,1,4,0,360281,1380,2009,0,SR-215,99999999999999999999,0000000,42.550425,-76.18503611,2,1
36,79,5,17,16,46,1,1,0,0,14,5,0,27,0,1,4,1,2,40,2,3,2,1,0,0,1,1,0,0,16,46,16,52,17,54,0,0,0,0,1,1,0,360282,630,2009,0,DOANSBURG RD,99999999999999999999,0000000,41.44111667,-73.55994722,1,1
36,17,5,18,1,23,1,1,0,0,13,5,0,33,0,2,4,1,2,30,2,2,2,1,0,0,3,1,0,0,1,28,1,31,1,48,0,0,0,0,1,2,1,360283,4350,2009,0,REXFORD ST,RIVER ST,0000000,42.53774444,-75.51396944,1,1
36,65,5,27,16,29,1,1,0,1,2,3,0,35,0,1,4,2,3,55,2,2,2,1,0,0,1,1,0,0,16,29,16,37,88,88,0,0,0,0,1,4,0,360284,6220,2009,0,SR-8,99999999999999999999,0000000,,,1,1
36,51,5,29,19,50,1,1,0,0,6,5,0,42,0,1,4,1,2,55,2,2,2,1,0,0,1,1,0,0,19,54,99,99,88,88,0,0,0,0,1,6,1,360285,3240,2009,0,HEATH MARKUM RD,99999999999999999999,0000000,,,1,1
36,67,5,6,23,55,1,2,1,1,11,1,0,8,0,1,1,3,2,55,1,2,2,2,0,0,3,2,0,0,23,55,23,59,0,18,0,0,0,0,1,4,0,360286,6010,2009,99,I-690,99999999999999999999,0000000,,,1,2
36,63,5,30,2,21,1,2,0,0,15,5,0,29,0,1,4,1,2,30,2,1,2,1,0,0,3,1,0,0,2,33,2,57,3,0,0,0,0,0,1,7,1,360287,4330,2009,0,SWEENEY ST,99999999999999999999,0000000,43.038,-78.82831944,1,1
36,73,5,28,10,15,2,2,0,0,6,5,0,12,2,1,1,1,2,55,1,1,2,1,0,0,1,1,0,0,11,0,11,24,99,99,0,0,0,0,1,5,1,360288,1176,2009,0,4TH SECTION RD,99999999999999999999,0000000,,,2,1
36,13,5,26,16,25,2,3,0,1,2,3,0,12,4,1,1,1,2,55,1,1,2,1,0,0,1,1,0,0,16,27,16,27,99,99,0,0,0,0,1,3,1,360289,5730,2009,32,SR-60,99999999999999999999,0000000,42.29100556,-79.29579167,2,1
36,71,5,7,12,39,2,3,0,1,2,3,0,12,2,1,1,1,2,45,1,2,2,1,0,0,1,1,0,0,12,39,12,49,99,99,0,0,0,0,1,5,0,360290,1431,2009,40,SR-209,99999999999999999999,0000000,41.42730833,-74.62637222,2,1
36,29,1,23,4,39,1,2,1,0,14,6,0,8,0,1,1,1,4,99,1,1,9,2,0,0,3,1,0,0,99,99,99,99,99,99,0,0,0,0,1,6,0,360291,750,2009,0,KENSINGTON AVE.,99999999999999999999,0000000,42.93478333,-78.82143333,1,1
36,55,5,15,19,41,1,1,0,0,14,5,0,33,0,1,4,2,4,99,2,1,9,1,0,0,1,1,0,0,99,99,99,99,99,99,0,0,0,0,1,6,0,360292,5230,2009,0,MAPLEWOOD DR,99999999999999999999,0000000,43.19888889,-77.62523056,1,1
36,101,5,23,3,12,1,1,0,0,6,5,0,30,0,1,4,2,2,55,2,1,2,1,0,0,2,1,0,0,99,99,3,13,3,47,0,0,0,0,1,7,1,360293,420,2009,0,CR-13,99999999999999999999,0000000,42.36669444,-77.30913889,1,1
36,69,5,24,18,57,1,1,0,0,6,5,0,24,0,2,4,1,2,45,2,1,2,1,0,0,1,1,0,0,18,57,19,2,99,99,0,0,0,0,1,1,0,360294,9999,2009,0,CR-36,CRATSLEY HILL RD,0000000,,,1,1
36,69,5,16,13,19,1,2,0,0,6,5,0,42,0,1,4,1,2,55,1,2,2,2,0,0,1,2,0,0,14,25,15,18,18,35,0,0,0,0,1,7,0,360295,9999,2009,0,CR-36,99999999999999999999,0000000,,,1,2
36,45,5,23,21,28,1,5,0,0,6,5,0,30,0,1,4,1,2,55,1,1,2,1,0,0,2,1,0,0,21,29,21,41,99,99,0,0,0,0,4,7,0,360296,1077,2009,0,CR-47,99999999999999999999,0000000,44.01414444,-75.71060556,1,1
36,27,5,18,11,37,3,3,0,1,2,3,0,14,1,1,2,1,2,30,2,2,2,1,28,3,1,1,0,0,99,99,99,99,99,99,0,0,0,0,1,2,0,360297,3770,2009,0,SR-44,99999999999999999999,0000000,41.95379444,-73.51029444,1,1
36,29,5,31,11,15,3,6,0,0,16,5,0,12,1,1,1,1,2,55,1,1,2,1,28,3,1,1,0,0,99,99,99,99,12,5,0,0,0,0,1,1,0,360298,1630,2009,0,OLEAN RD,99999999999999999999,0000000,,,3,1
36,71,5,31,11,56,2,3,0,0,2,3,0,12,2,1,1,1,2,55,2,1,1,1,28,3,1,1,0,0,11,56,12,11,16,0,0,0,0,0,1,1,0,360299,4828,2009,0,SR-17K,99999999999999999999,0000000,41.53106944,-74.28525833,2,1
36,37,6,6,16,10,1,1,0,0,5,5,0,35,0,1,4,1,2,55,1,2,2,1,28,3,1,1,0,0,16,11,16,18,88,88,0,0,0,0,1,7,1,360300,42,2009,0,JUDGE RD,99999999999999999999,0000000,43.08700556,-78.44225278,1,1
36,35,5,27,3,30,1,2,1,0,2,3,0,8,0,1,1,1,2,55,1,1,2,2,0,0,2,2,0,0,3,41,4,6,88,88,0,0,0,0,1,4,0,360301,4340,2009,0,SR-30,99999999999999999999,0000000,43.22209722,-74.18539444,1,2
36,87,5,31,1,15,1,2,1,0,14,5,0,8,0,1,1,1,2,30,1,1,2,1,0,0,2,1,0,0,1,33,1,40,88,88,0,0,0,0,1,1,0,360302,4380,2009,0,N MIDDLETOWN RD,99999999999999999999,0000000,41.06178333,-74.01300556,1,1
36,53,5,6,18,27,2,4,0,0,5,5,0,12,5,1,1,1,2,55,1,2,2,1,28,3,1,1,0,0,18,29,18,30,19,44,0,0,0,0,1,4,0,360303,1010,2009,0,DAMON RD,99999999999999999999,0000000,42.85434722,-75.83275556,2,1
36,105,3,4,23,56,1,1,0,0,2,3,0,35,0,1,4,1,2,55,1,2,2,1,0,0,2,1,0,0,23,56,0,7,99,99,0,0,0,0,1,4,0,360304,3995,2009,0,SR-97,99999999999999999999,0000000,41.64443889,-75.04438889,1,1
36,81,4,11,5,5,1,1,0,1,2,3,0,27,0,1,4,3,4,50,1,1,2,2,0,0,3,1,0,0,99,99,5,15,88,88,0,0,0,0,1,7,1,360305,4170,2009,0,SR-907M,99999999999999999999,0000000,40.76022778,-73.85709167,1,1
36,79,4,24,14,35,1,1,0,0,16,5,0,42,0,1,4,1,2,30,1,1,2,1,28,3,1,1,0,0,14,35,14,42,15,2,0,0,0,0,1,6,0,360306,900,2009,0,BULLET HOLE RD,99999999999999999999,0000000,41.38873056,-73.78840556,1,1
36,47,1,31,12,16,1,2,1,0,16,6,0,8,0,2,1,9,9,99,1,1,9,1,3,3,1,1,0,0,99,99,99,99,99,99,0,0,0,0,1,7,0,360307,4170,2009,0,E 17TH ST,KINGS HWY,0000000,40.60963611,-73.95655,1,1
36,119,4,25,14,52,1,1,0,1,2,3,0,35,0,1,4,3,2,40,2,2,2,1,0,0,1,1,0,0,14,52,14,55,15,33,0,0,0,0,1,7,1,360308,4530,2009,0,SR-9A,99999999999999999999,0000000,41.1751,-73.84996944,1,1
36,113,5,10,8,4,1,1,0,0,16,5,0,34,0,2,4,1,2,45,1,1,2,1,0,0,1,1,0,0,8,5,8,13,8,58,0,0,0,0,1,1,0,360309,5068,2009,0,COUNTRY CLUB RD,WINCREST DR,0000000,43.34543611,-73.665775,1,1
36,71,5,11,22,35,1,1,0,0,15,5,0,18,0,1,2,9,9,99,1,1,9,1,0,0,3,1,0,0,99,99,99,99,99,99,0,0,0,0,1,2,0,360310,4060,2009,0,WEST ST,99999999999999999999,0000000,41.19335,-73.96120556,1,1
36,47,3,9,22,13,1,2,1,0,15,6,0,9,0,2,1,9,9,99,1,1,9,1,3,3,3,1,0,0,99,99,99,99,99,99,0,0,0,0,1,2,0,360311,4170,2009,0,CHURCH AVE,E 19TH ST,0000000,40.64980556,-73.96216667,1,1
36,5,6,8,23,0,1,2,1,0,13,6,0,8,0,1,1,2,2,99,1,1,2,2,0,0,2,2,0,0,99,99,99,99,99,99,0,0,0,0,1,2,0,360312,4170,2009,0,BROADWAY,99999999999999999999,0000000,40.90159444,-73.89681111,1,2
36,103,3,7,21,50,1,2,1,0,14,5,0,8,0,2,1,9,9,99,1,1,9,1,3,3,3,1,0,0,99,99,99,99,99,99,0,0,0,0,1,7,0,360313,2840,2009,0,DEPOT RD,E 11TH ST,0000000,40.84567778,-73.40676667,1,1
36,119,4,29,15,57,3,3,0,1,2,3,0,12,4,2,1,1,4,45,1,1,2,1,0,0,1,1,0,0,99,99,99,99,99,99,0,0,0,0,1,4,0,360314,6040,2009,0,SR-987D,FIELD CREST DR,0000000,41.07234722,-73.81716111,3,1
36,103,5,4,7,41,2,2,0,0,16,5,0,12,5,2,1,1,4,35,1,1,2,2,4,3,1,2,0,0,7,42,7,53,8,10,0,0,0,0,1,2,0,360315,360,2009,0,STRAIGHT PATH,SHERBROOKE RD,0000000,40.70561111,-73.38648333,2,2
36,59,5,11,20,36,2,2,0,0,15,5,0,12,5,2,1,1,2,30,1,1,2,1,0,0,3,1,0,0,20,38,20,42,20,55,0,0,0,0,1,2,0,360316,2600,2009,0,SEAMAN'S NECK RD,KINGSBERRY RD,0000000,40.71434722,-73.49104722,2,1
36,47,4,18,0,34,2,2,0,0,15,6,0,12,5,2,1,9,9,99,1,1,9,1,3,3,3,1,0,0,99,99,99,99,99,99,0,0,0,0,1,7,0,360317,4170,2009,0,W 6TH ST,KINGS HWY,0000000,40.60512222,-73.97914444,2,1
36,47,4,19,16,40,3,4,1,0,13,6,0,8,0,2,1,9,9,99,1,1,9,1,3,3,1,1,0,0,99,99,99,99,99,99,0,0,0,0,1,1,0,360318,4170,2009,0,ROCKAWAY PKWY,RUTLAND RD,0000000,40.66436389,-73.923825,3,1
36,103,4,19,13,55,2,2,0,1,2,3,0,12,5,2,1,1,2,40,1,1,2,1,20,3,1,1,0,0,13,56,14,5,14,20,0,0,0,0,1,1,0,360319,5769,2009,0,SR-25,CAMBON PL,0000000,40.86129444,-73.14398889,2,1
36,103,4,2,3,30,2,2,0,1,2,3,0,12,2,1,1,1,9,99,2,2,9,2,0,0,3,2,0,0,99,99,99,99,99,99,0,0,0,0,1,5,1,360320,5769,2009,0,SR-25A,99999999999999999999,0000000,40.86067778,-73.21610833,2,2
36,103,5,23,16,9,3,4,0,0,16,5,0,12,4,2,1,2,9,99,1,1,9,1,3,3,1,1,0,0,99,99,99,99,88,88,0,0,0,0,1,7,0,360321,705,2009,0,WOODSIDE AVE,ALEXAN BLVD,0000000,40.79828889,-72.94550556,3,1
36,103,5,24,19,30,3,5,0,1,2,3,0,12,5,2,1,1,5,99,1,1,2,1,20,3,5,1,0,0,19,35,19,39,20,22,0,0,0,0,1,1,0,360322,2840,2009,0,SR-25,RURAL PL,0000000,40.84165556,-73.30521111,3,1
36,117,4,17,16,9,1,1,0,0,6,5,0,24,0,1,4,1,2,45,1,2,2,1,0,0,1,1,0,0,16,9,16,14,88,88,0,0,0,0,1,6,0,360323,3562,2009,0,SMITH RD,99999999999999999999,0000000,43.13293611,-77.177175,1,1
36,29,6,5,16,4,1,1,0,0,14,5,0,27,0,1,4,1,2,15,1,1,8,1,0,0,1,1,0,0,16,6,16,9,16,25,0,0,0,0,1,6,0,360324,1117,2009,0,PINE RIDGE HERITAGE,99999999999999999999,0000000,42.93331667,-78.78881667,1,1
36,35,6,6,12,39,1,1,0,0,6,5,0,27,0,2,4,1,2,55,2,1,2,1,28,3,1,1,0,0,12,41,12,52,14,10,0,0,0,0,1,7,0,360325,5992,2009,0,CR-119,BICKFORD RD,0000000,43.15119167,-74.69673056,1,1
36,9,5,18,4,40,1,2,1,1,2,3,0,8,0,1,1,1,4,55,1,1,1,1,0,0,3,1,0,0,4,44,4,49,6,13,0,0,0,0,1,2,0,360326,2712,2009,0,SR-16,99999999999999999999,0000000,42.17091111,-78.38710833,1,1
36,103,4,2,23,10,3,7,0,0,14,6,0,12,5,2,1,3,4,40,1,1,2,1,20,3,3,1,0,0,23,10,23,14,99,99,0,0,0,0,1,5,0,360327,1050,2009,0,SUFFOLK AVE.,CHURCH ST.,0000000,40.79109444,-73.20012778,3,1
36,29,6,7,13,53,1,1,0,1,1,1,0,34,0,1,4,3,2,65,1,1,1,1,0,0,1,1,0,0,13,56,13,57,88,88,0,0,0,0,1,1,0,360328,2348,2009,178,I-90,99999999999999999999,0000000,,,1,1
36,79,6,8,18,44,1,3,2,0,4,5,0,8,0,2,5,1,2,99,1,1,1,1,3,3,1,1,0,0,18,44,18,44,99,99,0,0,0,0,2,2,1,360329,630,2009,0,MAIN ST,SR-22,0000000,41.39458333,-73.60678889,1,1
36,5,3,26,22,8,1,3,1,0,15,6,0,8,0,2,1,1,6,99,1,1,2,2,0,0,5,2,0,0,99,99,99,99,99,99,0,0,0,0,1,5,0,360330,4170,2009,0,E. 165TH ST.,GRAND CONCOURSE,0000000,40.83097222,-73.92061944,1,2
36,63,6,5,16,59,2,2,0,0,13,5,0,12,2,1,1,2,2,40,1,1,2,1,0,0,1,1,0,0,17,1,17,2,17,19,0,0,0,0,1,6,0,360331,4210,2009,0,MILITARY RD,99999999999999999999,0000000,43.1054,-78.98298611,2,1
36,103,3,18,9,15,4,6,0,0,15,6,0,12,2,2,1,1,9,99,1,1,9,1,3,3,1,1,0,0,99,99,99,99,99,99,0,0,0,0,1,4,0,360332,5769,2009,0,COMMACK RD.,NEW HWY.,0000000,40.82861111,-73.29313611,4,1
36,119,6,8,11,8,1,2,1,0,15,5,0,8,0,2,1,1,2,30,1,1,2,1,3,3,1,1,0,0,11,8,11,9,11,19,0,0,0,0,1,2,0,360333,6670,2009,0,QUARROPAS ST,M LUTHER KING BLVD,0000000,41.02936944,-73.76905278,1,1