STATE,COUNTY,MONTH,DAY,HOUR,MINUTE,VE_TOTAL,PERSONS,PEDS,NHS,ROAD_FNC,ROUTE,SP_JUR,HARM_EV,MAN_COLL,REL_JUNC,REL_ROAD,TRAF_FLO,NO_LANES,SP_LIMIT,ALIGNMNT,PROFILE,PAVE_TYP,SUR_COND,TRA_CONT,T_CONT_F,LGT_COND,WEATHER1,WEATHER2,WRK_ZONE,NOT_HOUR,NOT_MIN,ARR_HOUR,ARR_MIN,HOSP_HR,HOSP_MN,SCH_BUS,CF1,CF2,CF3,FATALS,DAY_WEEK,DRUNK_DR,ST_CASE,CITY,YEAR,MILEPT,TWAY_ID,TWAY_ID2,RAIL,LATITUDE,LONGITUD,VE_FORMS,WEATHER
36,93,5,25,15,22,2,3,0,1,1,1,0,24,0,1,2,3,4,55,1,1,1,1,0,0,1,1,0,0,15,22,15,32,99,99,0,0,0,0,1,2,0,360334,5315,2009,0,I-890,99999999999999999999,0000000,42.82384722,-73.99049444,2,1
36,11,6,2,16,17,4,6,0,1,2,3,0,12,5,2,1,1,2,55,1,1,2,1,20,3,1,1,0,0,16,17,16,20,17,8,0,0,0,0,1,3,0,360335,6290,2009,0,SR-370,SR-38,0000000,43.19941944,-76.6547,2,1
36,91,6,6,12,44,2,3,0,0,5,5,0,12,5,1,1,1,2,45,1,2,2,1,0,0,1,1,0,0,12,46,13,5,99,99,0,0,0,0,1,7,0,360336,2469,2009,0,NORTH SHORE RD.,99999999999999999999,0000000,43.26717222,-74.06485556,2,1
36,103,5,23,22,46,1,1,0,0,6,5,0,42,0,1,4,1,2,99,1,1,9,1,0,0,3,1,0,0,99,99,99,99,99,99,0,0,0,0,1,7,1,360337,5810,2009,0,JONES RD,99999999999999999999,0000000,40.85948611,-72.55841111,1,1
36,61,6,12,22,48,1,4,1,0,13,6,0,8,0,2,1,4,3,99,1,1,2,1,3,3,3,1,0,0,99,99,99,99,99,99,0,0,0,0,1,6,1,360338,4170,2009,0,7TH AVE,W 120TH ST,0000000,40.80583611,-73.95074444,1,1
36,81,4,18,23,42,2,2,0,0,13,6,0,12,1,1,1,1,2,30,1,1,2,1,0,0,3,1,0,0,99,99,99,99,88,88,0,0,0,0,1,7,0,360339,4170,2009,0,JAMAICA AVE.,99999999999999999999,0000000,40.6923,-73.86101944,2,1
36,81,4,6,22,24,1,2,1,0,13,6,0,8,0,2,1,9,9,99,1,1,1,2,3,3,3,2,0,0,99,99,99,99,99,99,0,0,0,0,1,2,0,360340,4170,2009,0,JAMAICA AVE,98TH ST,0000000,40.69485833,-73.84767222,1,2
36,81,6,11,23,0,1,2,1,0,13,6,0,8,0,2,1,9,9,30,1,1,2,1,3,3,3,1,0,0,99,99,99,99,99,99,0,0,0,0,1,5,0,360341,4170,2009,0,NORTHERN BLVD,BELL BLVD,0000000,40.76026111,-73.76928889,1,1
36,81,3,12,21,28,1,2,1,0,13,6,0,8,0,2,1,1,2,99,1,1,2,1,3,3,3,1,0,0,99,99,99,99,99,99,0,0,0,0,1,5,0,360342,4170,2009,0,KISSENA BLVD.,OAK AVE.,0000000,40.74777222,-73.81598889,1,1
36,115,6,10,14,43,1,2,0,0,2,3,0,33,0,1,4,1,2,40,1,1,2,1,28,3,1,1,0,0,14,50,14,53,15,42,0,0,0,0,2,4,0,360343,2440,2009,0,SR-29,99999999999999999999,0000000,,,1,1
36,75,6,9,23,35,1,2,0,0,6,5,0,30,0,2,4,1,2,55,1,1,2,1,20,3,2,1,0,0,23,35,23,44,99,99,0,0,0,0,1,3,1,360344,5105,2009,0,CR-17,CR-2,0000000,43.54123889,-75.82488889,1,1
36,109,6,11,20,48,1,1,0,0,6,5,0,42,0,1,4,1,2,55,1,2,1,2,0,0,1,2,0,0,20,48,20,56,21,21,0,0,0,0,1,5,0,360345,2940,2009,0,BOSTWICK RD,99999999999999999999,0000000,42.42239444,-76.59558611,1,2
36,71,6,17,9,35,1,1,0,0,4,5,0,30,0,1,4,1,2,55,2,2,2,1,28,3,1,1,0,0,9,35,9,45,88,88,0,0,0,0,1,4,0,360346,3830,2009,0,LAKES RD,99999999999999999999,0000000,41.28915833,-74.23560556,1,1
36,87,6,20,1,30,1,1,0,1,2,3,0,5,0,1,4,1,2,55,2,1,2,1,0,0,2,1,0,0,1,34,1,51,88,88,0,0,0,0,1,7,1,360347,4063,2009,0,SR-9W,99999999999999999999,0000000,,,1,1
36,29,6,12,19,36,2,2,0,0,13,3,0,12,5,4,1,1,6,40,1,2,2,1,0,0,1,1,0,0,19,36,19,39,19,59,0,0,0,0,1,6,0,360348,1117,2009,48,SR-277,WILLIAM ST.,0000000,42.88495278,-78.75458889,2,1
36,119,5,20,7,30,2,2,0,0,2,3,0,12,5,2,1,1,2,45,1,1,2,1,20,3,1,1,0,0,7,40,8,0,88,88,0,0,0,0,1,4,0,360349,1379,2009,0,SR-202,ARLO LN,0000000,41.29241389,-73.87494444,2,1
36,75,6,10,14,55,2,2,0,1,2,3,0,12,8,1,1,1,2,55,2,2,2,1,28,3,1,1,0,0,14,56,15,5,16,21,0,0,0,0,1,4,0,360350,2540,2009,0,SR-104,99999999999999999999,0000000,43.31802778,-76.56689722,2,1
36,1,5,15,23,8,2,3,0,1,13,3,0,12,5,1,1,1,3,45,1,1,2,1,6,3,3,1,0,0,23,9,23,15,23,58,0,0,0,0,1,6,0,360351,1290,2009,23,SR-9,99999999999999999999,0000000,42.71575278,-73.75535,2,1
36,97,5,31,17,50,3,3,0,1,2,3,0,12,2,1,1,1,2,55,2,2,1,1,28,3,1,1,0,0,17,51,18,0,99,99,0,0,0,0,1,1,1,360352,2592,2009,0,SR-414,99999999999999999999,0000000,42.49925,-76.87193889,3,1
36,67,5,18,18,50,1,1,0,0,4,5,0,1,0,1,4,1,2,55,2,3,2,1,0,0,1,1,0,0,18,53,19,1,88,88,0,0,0,0,1,2,1,360353,5740,2009,0,OLD SENECA TPKE,99999999999999999999,0000000,42.97853056,-76.42038333,1,1
36,13,6,15,18,18,1,1,0,1,2,3,0,32,0,1,4,1,2,50,1,1,2,1,0,0,1,1,0,0,18,19,18,27,18,46,0,0,0,0,1,2,1,360354,2150,2009,0,SR-60,99999999999999999999,0000000,42.43074167,-79.30674167,1,1
36,47,5,26,9,48,1,2,1,0,16,6,0,8,0,1,1,9,9,99,1,1,9,1,0,0,1,1,0,0,99,99,99,99,99,99,0,0,0,0,1,3,0,360355,4170,2009,0,44TH ST,99999999999999999999,0000000,40.63675278,-73.98753333,1,1
36,81,4,16,2,35,2,3,0,1,1,1,0,12,1,1,1,3,9,99,1,2,9,1,0,0,3,1,0,0,99,99,99,99,99,99,0,0,0,0,2,5,1,360356,4170,2009,0,I-678,99999999999999999999,0000000,40.761625,-73.83876667,2,1
36,67,4,30,17,36,2,2,0,1,1,1,0,12,4,11,1,3,2,99,2,1,2,1,21,3,1,1,0,0,17,36,17,39,18,9,0,0,0,0,1,5,0,360357,1539,2009,0,I-90,CARRIER CIR,0000000,43.08963889,-76.08967778,2,1
36,5,6,17,7,43,2,6,0,1,2,3,0,12,7,1,1,3,9,99,1,1,9,1,0,0,1,1,0,0,99,99,99,99,99,99,0,0,0,0,1,4,0,360358,4170,2009,0,SR-908A,99999999999999999999,0000000,40.83355278,-73.83825278,2,1
36,59,5,15,9,53,1,2,1,0,14,6,0,8,0,2,1,3,2,99,1,1,9,1,3,3,1,1,0,0,99,99,99,99,99,99,0,0,0,0,1,6,0,360359,3360,2009,0,NATIONAL BLVD.,W. PARK AVE.,0000000,40.58863889,-73.66678333,1,1
36,71,6,2,14,18,1,1,0,0,3,3,0,42,0,1,4,1,2,55,1,2,2,1,0,0,1,1,0,0,14,18,14,28,14,44,0,0,0,0,1,3,0,360360,2695,2009,38,SR-32,99999999999999999999,0000000,41.35884722,-74.11496944,1,1
36,29,6,3,22,45,4,4,0,0,15,5,0,12,4,1,1,1,5,30,1,1,2,1,0,0,3,1,0,0,23,34,1,25,88,88,0,20,0,0,1,4,1,360361,1500,2009,0,TRANSIT RD,99999999999999999999,0000000,42.90463889,-78.69708611,4,1
36,49,6,23,16,47,1,1,0,0,6,5,0,30,0,1,4,1,2,55,2,1,2,1,28,3,1,1,0,0,16,51,16,56,17,40,0,0,0,0,1,3,1,360362,3420,2009,0,LYONS FALLS RD,99999999999999999999,0000000,43.62405278,-75.359775,1,1
36,21,6,23,23,54,1,1,0,0,2,3,0,24,0,1,4,1,2,55,2,1,2,1,28,3,2,1,0,0,99,99,0,11,88,88,0,0,0,0,1,3,0,360363,5995,2009,0,SR-9J,99999999999999999999,0000000,42.42475556,-73.77207778,1,1
36,45,6,7,17,10,2,4,0,1,1,1,0,12,1,1,1,2,2,65,1,1,2,1,0,0,1,1,0,0,17,10,17,20,99,99,0,0,0,0,1,1,0,360364,1840,2009,0,I-81,99999999999999999999,0000000,43.70641389,-76.07517222,2,1
36,29,6,25,13,41,1,2,0,0,14,5,0,33,0,2,4,5,2,30,1,1,2,1,3,3,1,1,0,0,13,46,13,50,99,99,0,0,0,0,1,5,0,360365,750,2009,0,JEFFERSON,E NORTH,0000000,42.90210833,-78.85398333,1,1
36,59,6,8,14,45,1,2,1,0,16,5,0,9,0,2,1,9,9,99,1,1,9,1,3,3,1,1,0,0,99,99,99,99,99,99,0,0,0,0,1,2,0,360366,4600,2009,0,CENTRAL AVE,STEWART AVE,0000000,40.73844444,-73.48141111,1,1
36,59,3,24,4,31,1,3,1,0,16,5,0,8,0,1,1,1,2,35,1,3,2,1,0,0,3,1,0,0,4,31,4,42,5,8,0,0,0,0,1,3,0,360367,2600,2009,0,BAYVIEW AVE,99999999999999999999,0000000,40.6141,-73.74411944,1,1
36,59,6,4,22,13,1,2,1,0,14,5,0,8,0,1,1,2,4,35,2,1,2,1,0,0,3,1,0,0,22,15,22,18,99,99,0,0,0,0,1,5,0,360368,2600,2009,0,MERRICK RD,99999999999999999999,0000000,40.65363611,-73.61945,1,1
36,103,6,22,4,15,2,2,0,1,1,1,0,12,1,1,1,3,4,55,1,1,1,1,0,0,3,1,0,0,4,16,4,23,88,88,0,0,0,0,1,2,1,360369,2920,2009,0,I-495,99999999999999999999,0000000,40.808775,-73.16813056,2,1
36,81,6,23,5,12,2,3,0,1,1,1,0,14,1,1,4,3,3,99,1,1,1,1,0,0,4,1,0,0,5,12,5,20,5,35,0,0,0,0,1,3,0,360370,4170,2009,0,I-495,99999999999999999999,0000000,40.73621667,-73.927175,1,1
36,61,6,26,19,51,2,3,0,1,1,1,0,12,5,13,1,6,1,40,1,1,2,1,0,0,1,1,0,0,99,99,99,99,99,99,0,0,0,0,1,6,0,360371,4170,2009,0,I-278,99999999999999999999,0000000,,,2,1
36,29,7,1,11,33,1,2,1,0,15,6,0,8,0,1,1,1,2,30,1,1,2,1,0,0,1,1,0,0,11,33,11,40,88,88,0,0,0,0,1,4,0,360372,6090,2009,0,PARKER BLVD.,99999999999999999999,0000000,43.00144167,-78.83630278,1,1
36,89,6,20,0,24,2,5,0,1,2,3,0,12,2,1,1,1,2,40,1,1,2,1,0,0,2,1,0,0,0,31,0,37,3,30,0,0,0,0,1,7,2,360373,5020,2009,46,SR-56,99999999999999999999,0000000,44.69751389,-74.98718056,2,1
36,81,4,6,16,6,1,5,1,0,15,6,0,8,0,1,1,9,9,99,1,1,2,2,0,0,1,2,0,0,99,99,99,99,88,88,0,0,0,0,1,2,0,360374,4170,2009,0,TOTTEN ST,99999999999999999999,0000000,40.79311667,-73.79581111,1,2
36,81,4,28,13,36,1,1,0,0,13,6,0,33,0,1,4,3,3,99,1,1,2,1,0,0,1,1,0,0,99,99,99,99,99,99,0,0,0,0,1,3,0,360375,4170,2009,0,S. CONDUIT AVE.,99999999999999999999,0000000,40.67357222,-73.85958889,1,1
36,81,4,16,16,45,1,3,1,1,13,6,0,8,0,1,1,9,9,99,1,1,2,1,0,0,1,1,0,0,99,99,99,99,99,99,0,0,0,0,1,5,1,360376,4170,2009,0,CROSS BAY BLVD,99999999999999999999,0000000,40.61315,-73.82027778,1,1
36,55,5,30,1,46,1,2,1,0,14,5,0,8,0,1,1,2,2,30,1,1,2,1,0,0,3,1,0,0,1,47,1,50,88,88,0,0,0,0,1,7,0,360377,5230,2009,0,E MAIN ST,99999999999999999999,0000000,43.16141389,-77.57815278,1,1
36,85,5,21,7,50,1,2,1,0,13,6,0,8,0,1,1,1,2,30,1,2,2,1,0,0,1,1,0,0,7,52,7,55,8,25,0,0,0,0,1,5,0,360378,4170,2009,0,ARTHUR KILL RD,99999999999999999999,0000000,40.51466389,-74.24590556,1,1
36,81,4,26,5,9,4,2,0,0,13,6,0,14,2,2,2,1,2,30,1,2,2,1,5,3,3,1,0,0,99,99,99,99,99,99,0,0,0,0,1,1,0,360379,4170,2009,0,SPRINGFIELD BLVD,131ST AVE,0000000,40.68370556,-73.75126389,1,1
36,5,4,13,2,42,1,3,0,0,16,6,0,24,0,2,4,1,2,99,1,2,9,1,0,0,3,1,0,0,99,99,99,99,99,99,0,0,0,0,1,2,1,360380,4170,2009,0,WATERLOO PL.,E 176TH ST.,0000000,40.84073056,-73.88723056,1,1
36,81,4,27,0,28,2,3,0,0,13,6,0,14,1,1,2,9,9,99,1,1,2,1,0,0,3,1,0,0,99,99,99,99,99,99,0,0,0,0,1,2,0,360381,4170,2009,0,JAMAICA AVE,99999999999999999999,0000000,40.709825,-73.77361111,1,1
36,61,4,15,22,27,1,2,1,0,13,6,0,8,0,2,1,3,3,30,1,1,2,1,3,3,3,1,0,0,99,99,99,99,99,99,0,0,0,0,1,4,1,360382,4170,2009,0,7TH AVE.,W 121ST ST.,0000000,40.80644167,-73.95026111,1,1
36,103,5,11,15,47,2,3,0,1,2,3,0,12,5,2,1,1,2,40,1,1,1,1,0,0,1,1,0,0,99,99,99,99,99,99,0,0,0,0,1,2,1,360383,705,2009,0,SR-112,SR-25,0000000,40.86874167,-73.00110278,2,1
36,103,5,26,0,15,1,4,0,0,15,6,0,42,0,1,4,1,2,30,1,1,2,1,0,0,3,1,0,0,0,19,0,28,0,40,0,0,0,0,1,3,0,360384,2840,2009,0,SWEET HOLLOW RD.,99999999999999999999,0000000,40.7935,-73.42081667,1,1
36,103,4,3,12,16,2,5,0,0,16,5,0,12,4,1,1,2,2,30,1,1,2,2,0,0,1,2,0,0,12,19,12,20,12,35,0,0,0,0,1,6,0,360385,2920,2009,0,HAWTHORNE AVE,99999999999999999999,0000000,40.79801111,-73.19638333,2,2
36,103,5,17,18,40,1,1,0,0,16,5,0,33,0,1,4,1,2,40,2,2,2,1,0,0,5,1,0,0,18,41,18,43,99,99,0,0,0,0,1,1,0,360386,360,2009,0,LONG ISLAND AVE,99999999999999999999,0000000,40.76812778,-73.30215556,1,1
36,103,5,26,11,37,1,3,2,0,6,5,0,8,0,1,1,9,9,99,1,1,9,1,0,0,1,1,0,0,99,99,99,99,99,99,0,0,0,0,1,3,0,360387,360,2009,0,ACCESS RD,99999999999999999999,0000000,,,1,1
36,103,5,22,22,11,1,1,0,0,16,6,0,42,0,1,4,1,2,99,2,1,9,2,0,0,3,1,0,0,99,99,99,99,99,99,0,0,0,0,1,6,1,360388,2920,2009,0,ABERDEEN RD.,99999999999999999999,0000000,40.70638333,-73.272175,1,1
36,103,3,17,10,50,2,3,0,0,16,5,0,12,5,2,1,9,9,99,1,1,9,1,20,3,1,1,0,0,99,99,99,99,99,99,0,0,0,0,1,3,0,360389,2920,2009,0,N CLINTON AVE,ACKERSON ST,0000000,40.72429167,-73.25918611,2,1
36,103,5,7,7,46,2,2,0,0,16,5,0,12,5,1,1,3,4,40,1,1,2,2,0,0,1,2,0,0,7,48,7,53,99,99,0,0,0,0,1,5,0,360390,5769,2009,0,MOTOR PKWY,99999999999999999999,0000000,40.80775278,-73.24145,2,2
36,103,6,24,12,10,2,2,0,0,6,5,0,12,5,2,1,2,2,55,1,1,2,1,0,0,1,1,0,0,12,15,12,21,99,99,0,0,0,0,1,4,0,360391,705,2009,0,CR-16,GEUCCI LN,0000000,40.80419444,-72.93336111,2,1
36,103,6,20,23,35,2,3,0,0,14,6,0,12,5,2,1,1,2,99,1,1,9,2,20,3,3,2,0,0,99,99,99,99,99,99,0,0,0,0,1,7,1,360392,360,2009,0,COLONIAL SPRINGS RD.,RIDGE RD.,0000000,40.76195833,-73.3913,2,2
36,103,6,12,23,20,2,3,0,0,14,5,0,12,2,1,1,1,2,30,2,1,2,1,0,0,3,1,0,0,99,99,99,99,99,99,0,0,0,0,1,6,1,360393,620,2009,0,SPUR DR N,99999999999999999999,0000000,40.75678333,-73.20945833,2,1
36,67,4,3,19,45,1,3,1,0,14,5,0,8,0,2,1,1,2,30,1,1,2,2,3,3,3,2,0,0,19,47,19,49,20,8,0,0,0,0,1,6,0,360394,6010,2009,0,S GEDDES ST,SEYMOUR ST,0000000,43.04198333,-76.17173333,1,2
36,61,4,5,3,55,1,4,1,0,15,6,0,8,0,2,1,4,4,30,1,1,2,1,3,3,3,1,0,0,3,55,3,58,99,99,0,0,0,0,1,1,0,360395,4170,2009,0,W 24TH ST,10TH AVE,0000000,40.74835556,-74.00369167,1,1
36,103,4,26,0,29,1,2,1,1,2,3,0,8,0,1,1,1,9,99,1,1,9,1,0,0,3,1,0,0,99,99,99,99,99,99,0,0,0,0,1,1,0,360396,360,2009,0,SR-27,99999999999999999999,0000000,40.70268333,-73.37659167,1,1
36,119,6,8,15,23,1,2,1,0,14,5,0,8,0,2,1,2,3,30,2,2,2,1,0,0,1,1,0,0,15,25,15,32,15,50,0,0,0,0,1,2,0,360397,6040,2009,0,WHITE PLAINS RD,OLD WHITE PLAINS RD,0000000,41.06325556,-73.84391667,1,1
36,59,6,25,21,6,1,2,1,1,2,3,0,9,0,2,1,1,9,99,1,2,9,1,0,0,2,1,0,0,99,99,99,99,99,99,0,0,0,0,1,5,0,360398,4090,2009,0,SR-25,TOWN PATH,0000000,,,1,1
36,103,7,5,21,18,1,4,1,0,2,3,0,8,0,1,1,1,2,50,1,1,1,1,0,0,3,1,0,0,21,18,21,25,21,37,0,0,0,0,1,1,0,360399,5870,2009,0,SR-48,99999999999999999999,0000000,41.09626667,-72.39668333,1,1
36,103,6,16,23,13,1,3,2,1,1,1,0,8,0,1,1,2,4,55,1,1,2,1,0,0,3,1,0,0,23,13,23,22,99,99,0,0,0,0,1,3,0,360400,705,2009,0,I-495,99999999999999999999,0000000,40.81772222,-73.06854444,1,1
36,59,5,23,11,40,2,3,0,0,14,5,0,12,5,2,1,2,4,30,1,1,2,1,3,3,1,1,0,0,11,40,99,99,99,99,0,0,0,0,1,7,0,360401,2600,2009,0,GRAND AVE,VILLAGE AVE,0000000,40.68197222,-73.61511389,2,1
36,65,5,21,17,38,2,4,0,0,14,3,0,12,5,8,1,1,2,40,1,1,2,1,0,0,1,1,0,0,17,38,17,42,18,7,0,0,0,0,2,5,0,360402,5260,2009,26,SR-69,SR-233,0000000,43.19326111,-75.43085278,2,1
36,63,5,27,10,34,2,5,0,0,4,5,0,12,5,2,1,1,2,55,1,1,2,1,20,3,1,1,0,0,10,34,10,40,99,99,0,0,0,0,2,4,0,360403,5081,2009,0,RANSOMVILLE RD.,YOUNGSTOWN WILSON RD,0000000,43.28129722,-78.90986389,2,1
36,101,6,7,16,10,1,2,0,0,2,3,0,42,0,1,4,1,2,55,2,2,2,1,28,3,1,1,0,0,16,13,16,16,17,37,0,0,0,0,1,1,0,360404,2445,2009,0,SR-417,99999999999999999999,0000000,42.14221389,-77.67690278,1,1
36,67,7,10,22,32,2,3,0,1,2,3,0,12,2,1,1,3,4,65,2,1,2,1,0,0,2,1,0,0,22,34,22,42,88,88,0,0,0,0,3,6,0,360405,1179,2009,0,SR-481,99999999999999999999,0000000,43.17108611,-76.19851111,2,1
36,103,5,3,16,45,2,2,0,1,2,3,0,13,5,1,1,2,2,55,1,2,1,2,0,0,1,2,0,0,16,45,16,50,17,15,0,0,0,0,2,1,0,360406,5769,2009,0,SR-908K,99999999999999999999,0000000,40.81486389,-73.28792778,2,2
36,111,6,26,2,24,3,4,0,1,1,1,0,12,1,1,1,3,2,65,1,1,2,2,0,0,2,1,0,0,2,27,2,33,3,32,0,0,0,0,1,6,1,360407,5480,2009,1031,I-87,99999999999999999999,0000000,,,3,1
36,15,6,21,1,5,1,2,1,0,14,5,0,9,0,1,1,1,2,30,1,2,2,2,0,0,3,2,0,0,4,17,4,24,88,88,0,0,0,0,1,1,0,360408,1850,2009,0,GRAND CENTRAL AVE,99999999999999999999,0000000,42.11372778,-76.81248056,1,2
36,1,7,3,12,21,2,2,0,0,13,5,0,12,2,1,1,1,2,45,1,3,2,1,28,3,1,1,0,0,12,27,12,36,13,11,0,0,0,0,1,6,0,360409,1290,2009,0,NEW KARNER RD,99999999999999999999,0000000,42.72534167,-73.86099722,2,1
36,107,7,7,14,54,2,3,0,0,2,3,0,12,2,1,1,1,2,55,1,1,2,1,28,3,1,1,0,0,14,54,15,0,99,99,0,0,0,0,2,3,1,360410,860,2009,0,SR-96B,99999999999999999999,0000000,42.26351111,-76.37600833,2,1
36,107,7,5,16,34,2,4,0,0,6,5,0,12,5,2,1,1,2,55,1,1,2,1,20,3,1,1,0,0,16,34,16,39,99,99,0,0,0,0,1,1,1,360411,406,2009,0,SHEPARD RD.,SR-17C,0000000,42.00797778,-76.484175,2,1
36,53,6,28,10,40,1,1,0,1,2,3,0,34,0,1,4,1,2,55,2,1,2,1,28,3,1,1,0,0,10,42,10,50,11,30,0,0,0,0,1,1,0,360412,1762,2009,0,SR-26,99999999999999999999,0000000,42.85344167,-75.650975,1,1
36,65,7,17,14,30,1,1,0,1,1,1,0,24,0,1,4,3,2,65,1,1,2,2,0,0,1,2,0,0,14,30,14,42,88,88,0,0,0,0,1,6,0,360413,3542,2009,2348,I-90,99999999999999999999,0000000,,,1,2
36,1,6,26,11,52,2,2,0,0,16,5,0,12,2,1,1,1,2,30,1,1,2,2,0,0,1,2,0,0,99,99,11,53,12,22,0,0,0,0,1,6,0,360414,1260,2009,0,MCDONALD DR,99999999999999999999,0000000,42.78503889,-73.73001944,2,2
36,97,7,4,22,9,2,3,0,0,2,3,0,12,2,2,1,1,2,55,1,1,2,1,20,3,2,1,0,0,22,11,22,17,99,99,0,0,0,0,1,7,0,360415,4410,2009,0,SR-224,CR-10,0000000,42.32821944,-76.75838333,2,1
36,27,6,28,12,30,2,4,0,1,2,3,0,12,5,2,1,1,2,55,1,1,2,1,28,3,1,1,0,0,99,99,99,99,99,99,0,0,0,0,1,1,0,360416,147,2009,0,SR-22,SINPATCH RD,0000000,41.78472222,-73.55672778,2,1
36,75,7,17,15,8,2,3,0,0,5,4,0,12,8,1,1,2,2,55,2,1,2,2,0,0,1,2,0,0,15,8,15,30,16,10,0,0,0,0,1,6,0,360417,4800,2009,0,CR-12,99999999999999999999,0000000,43.25391667,-76.22204167,2,2
36,103,4,16,8,27,2,2,0,1,13,3,0,12,5,2,1,1,9,99,1,1,9,1,20,3,1,1,0,0,99,99,99,99,99,99,0,0,0,0,1,5,0,360418,5769,2009,74,SR-25,HILLSIDE AVE.,0000000,40.861575,-73.14074722,2,1
36,81,5,6,14,30,1,2,1,0,13,6,0,9,0,2,1,1,2,30,1,1,2,1,0,0,1,1,0,0,99,99,99,99,99,99,0,0,0,0,1,4,0,360419,4170,2009,0,JAMAICA AVE.,MYRTLE AVE.,0000000,40.69996389,-73.83115556,1,1
36,103,6,21,15,23,1,2,0,0,4,5,0,42,0,1,4,1,2,50,2,1,2,1,28,3,1,1,0,0,15,23,15,31,99,99,0,0,0,0,2,1,0,360420,5810,2009,0,SPEONK-RIVERHEAD RD,99999999999999999999,0000000,40.87328611,-72.71254167,1,1
36,81,5,10,18,3,1,1,0,1,2,3,0,42,0,1,4,2,4,99,1,1,1,1,0,0,1,1,0,0,99,99,99,99,99,99,0,0,0,0,1,1,0,360421,4170,2009,0,SR-908B,99999999999999999999,0000000,,,1,1
36,59,6,17,0,50,1,2,0,0,14,5,0,42,0,1,4,1,5,45,2,1,2,2,0,0,3,1,0,0,0,50,0,56,1,4,0,0,0,0,1,4,0,360422,4600,2009,0,UNDERHILL BLVD,99999999999999999999,0000000,40.81658611,-73.51168889,1,1
36,27,7,10,6,30,1,1,0,0,5,5,0,35,0,2,4,1,2,35,1,2,2,1,20,3,1,1,0,0,7,21,7,31,99,99,0,0,0,0,1,6,0,360423,6266,2009,0,E NOXON RD,CLAPP HILL RD,0000000,41.65152778,-73.73006389,1,1
36,79,7,12,3,51,1,5,1,0,16,3,0,18,0,1,4,1,2,30,1,1,9,1,0,0,3,1,0,0,99,99,99,99,99,99,0,0,0,0,1,1,0,360424,3455,2009,42,SR-6N,99999999999999999999,0000000,41.37195278,-73.73713056,1,1
36,71,6,27,13,57,2,3,0,0,4,5,0,12,5,2,1,2,2,55,1,1,2,1,28,3,1,1,0,0,13,57,14,9,14,43,0,0,0,0,1,7,0,360425,814,2009,0,SCOTCHTOWN AVE,HILL RD,0000000,41.43880278,-74.322725,2,1
36,81,7,18,0,48,2,2,0,1,13,6,0,12,5,2,1,1,2,30,1,1,2,2,3,3,3,2,0,0,99,99,99,99,88,88,0,0,0,0,1,7,0,360426,4170,2009,0,21ST ST,30TH AVE,0000000,40.76989722,-73.92779722,2,2
36,5,7,12,13,37,2,2,0,1,11,1,0,5,0,1,1,3,4,99,1,1,9,1,0,0,1,1,0,0,99,99,99,99,99,99,0,0,0,0,1,1,0,360427,4170,2009,64,I-95,99999999999999999999,0000000,40.84390278,-73.82560833,2,1
36,5,7,14,23,55,3,3,0,0,16,6,0,12,5,2,1,2,9,30,1,1,2,1,3,3,3,1,0,0,99,99,99,99,99,99,0,0,0,0,2,3,1,360428,4170,2009,0,LACONIA AVE,WARING AVE,0000000,40.86111667,-73.85597778,2,1
36,55,7,5,16,28,3,6,0,0,16,5,0,12,5,2,1,1,4,35,1,1,2,1,20,3,1,1,0,0,16,29,16,41,17,16,0,0,0,0,1,1,0,360429,2606,2009,0,S. WINTON RD.,PINNACLE RD.,0000000,43.08129722,-77.5819,3,1
36,81,7,16,13,14,5,2,1,1,1,1,0,8,0,1,1,3,3,99,1,1,2,1,0,0,1,1,0,0,99,99,99,99,99,99,0,0,0,0,1,5,0,360430,4170,2009,0,I-495,99999999999999999999,0000000,40.74976111,-73.754225,1,1
36,63,7,21,21,42,1,2,0,0,15,5,0,42,0,1,4,2,2,30,2,1,2,2,0,0,3,2,0,0,21,42,21,51,22,26,0,0,0,0,1,3,1,360431,4330,2009,0,RUIE RD,99999999999999999999,0000000,43.06029722,-78.88956111,1,2
36,13,7,18,17,0,2,4,0,0,2,3,0,12,5,1,1,1,3,45,1,1,2,1,20,3,1,1,0,0,17,0,17,10,17,22,0,0,0,0,2,7,0,360432,9999,2009,0,SR-394,99999999999999999999,0000000,42.13502222,-79.17934722,2,1
36,53,7,1,22,32,1,2,1,1,2,3,0,8,0,1,1,1,2,45,1,1,2,2,28,3,2,2,0,0,22,32,22,40,99,99,0,0,0,0,1,4,0,360433,3450,2009,0,SR-12B,99999999999999999999,0000000,,,1,2
36,75,7,1,21,45,1,6,1,0,16,5,0,8,0,1,1,1,2,55,1,1,2,1,28,3,2,1,0,0,21,45,21,50,22,36,0,0,0,0,1,4,0,360434,5450,2009,0,CR-22,99999999999999999999,0000000,43.6042,-76.02770833,1,1
36,45,6,28,17,30,2,4,0,0,16,5,0,12,5,2,1,1,2,55,1,1,2,1,20,3,1,1,0,0,17,31,17,45,99,99,0,0,0,0,1,1,1,360435,1182,2009,0,CR-54,MORRIS TRACT RD,0000000,44.09045278,-76.0423,2,1
36,87,7,7,14,59,1,1,0,1,1,1,0,24,0,5,4,6,2,35,2,1,1,1,0,0,1,1,0,0,14,59,15,10,88,88,0,0,0,0,1,3,0,360436,6000,2009,99,I-87,99999999999999999999,0000000,41.11808611,-74.154925,1,1