STATE,COUNTY,MONTH,DAY,HOUR,MINUTE,VE_TOTAL,PERSONS,PEDS,NHS,ROAD_FNC,ROUTE,SP_JUR,HARM_EV,MAN_COLL,REL_JUNC,REL_ROAD,TRAF_FLO,NO_LANES,SP_LIMIT,ALIGNMNT,PROFILE,PAVE_TYP,SUR_COND,TRA_CONT,T_CONT_F,LGT_COND,WEATHER1,WEATHER2,WRK_ZONE,NOT_HOUR,NOT_MIN,ARR_HOUR,ARR_MIN,HOSP_HR,HOSP_MN,SCH_BUS,CF1,CF2,CF3,FATALS,DAY_WEEK,DRUNK_DR,ST_CASE,CITY,YEAR,MILEPT,TWAY_ID,TWAY_ID2,RAIL,LATITUDE,LONGITUD,VE_FORMS,WEATHER
36,89,7,18,22,12,1,2,0,0,6,5,0,30,0,1,4,1,2,55,1,1,2,1,0,0,2,1,0,0,22,12,22,20,23,1,0,0,0,0,1,7,1,360437,9999,2009,0,GARRISON RD.,99999999999999999999,0000000,44.17085278,-75.31680278,1,1
36,103,4,26,6,50,1,2,0,0,16,6,0,42,0,1,4,3,2,55,1,1,2,1,0,0,1,1,0,0,6,58,6,59,99,99,0,0,0,0,1,1,0,360438,705,2009,0,CR-97,99999999999999999999,0000000,40.83195,-73.05594722,1,1
36,29,7,21,1,39,1,2,0,0,5,5,0,35,0,1,4,1,2,55,2,1,2,1,0,0,3,1,0,0,1,39,1,49,88,88,0,0,0,0,2,3,1,360439,40,2009,0,CLARENCE CENTER RD.,99999999999999999999,0000000,43.01231944,-78.53694722,1,1
36,71,6,20,0,45,2,3,0,0,2,3,0,12,2,1,1,1,2,55,1,2,2,1,0,0,2,1,0,0,0,52,1,2,1,50,0,0,0,0,2,7,0,360440,581,2009,0,SR-208,99999999999999999999,0000000,41.43252778,-74.19799167,2,1
36,113,5,5,1,4,1,2,1,0,3,3,0,8,0,1,1,1,2,40,2,2,2,1,0,0,3,1,0,0,1,4,1,10,2,30,0,0,0,0,1,3,0,360441,3105,2009,6,SR-9N,99999999999999999999,0000000,43.31284722,-73.83489444,1,1
36,113,6,5,14,43,1,1,0,0,16,5,0,24,0,1,4,1,2,55,2,2,2,1,28,3,1,1,0,0,14,46,14,51,99,99,0,0,0,0,1,6,0,360442,2481,2009,0,LAKE SHORE DR,99999999999999999999,0000000,43.66026667,-73.53930556,1,1
36,1,7,14,3,58,1,1,0,0,2,3,0,42,0,2,4,1,9,99,1,1,9,1,0,0,3,1,0,0,99,99,99,99,99,99,0,0,0,0,1,3,0,360443,1290,2009,0,SR-2,VISTA AVE,0000000,42.74285278,-73.74390278,1,1
36,103,7,5,19,41,1,1,0,0,15,6,0,42,0,1,4,1,2,30,2,1,2,1,0,0,1,1,0,0,99,99,99,99,99,99,0,0,0,0,1,1,0,360444,9999,2009,0,PECONIC BAY BLVD.,99999999999999999999,0000000,40.97663056,-72.53586667,1,1
36,119,7,8,22,20,1,4,1,0,16,5,0,8,0,2,1,1,2,30,1,1,2,1,0,0,3,1,0,0,22,21,22,34,99,99,0,0,0,0,1,4,0,360445,4700,2009,0,WASHINGTON ST,HOOVER,0000000,41.2745,-73.9292,1,1
36,113,7,5,3,13,1,10,0,1,1,1,0,24,0,1,4,3,3,65,2,2,2,1,0,0,2,1,0,0,3,20,99,99,3,30,0,0,0,0,1,1,0,360446,5068,2009,98,I-87,99999999999999999999,0000000,,,1,1
36,103,7,13,16,11,1,4,0,1,2,3,0,35,0,1,4,2,2,55,1,1,1,1,0,0,1,1,0,0,16,15,16,33,16,58,0,0,0,0,1,2,1,360447,360,2009,0,SR-908H,99999999999999999999,0000000,40.64020556,-73.28876389,1,1
36,105,7,24,11,15,1,1,0,0,6,5,0,1,0,1,4,1,2,55,2,2,2,2,28,3,1,1,0,0,99,99,11,17,11,46,0,0,0,0,1,6,0,360448,4905,2009,0,CR-31,99999999999999999999,0000000,41.42836111,-74.75747778,1,1
36,111,7,27,21,16,1,5,0,1,1,1,0,27,0,1,4,2,2,65,1,2,2,1,0,0,2,1,0,0,21,16,21,20,22,6,0,0,0,0,1,2,0,360449,4100,2009,788,I-87,99999999999999999999,0000000,,,1,1
36,67,7,3,8,38,1,2,1,1,2,3,0,9,0,1,1,1,4,55,1,3,2,1,0,0,1,1,0,0,8,42,9,13,88,88,0,0,0,0,1,6,0,360450,4903,2009,0,SR-20,99999999999999999999,0000000,42.92340278,-75.94968889,1,1
36,75,7,19,20,35,2,2,0,0,4,3,0,12,5,2,1,1,2,55,1,2,2,1,0,0,5,1,0,0,20,35,20,58,88,88,0,0,0,0,1,1,1,360451,6712,2009,41,SR-183,GIFFORD RD.,0000000,43.4195,-75.90088611,2,1
36,77,7,27,10,40,2,4,0,0,6,5,0,12,5,13,1,6,1,55,1,2,2,1,21,3,1,1,0,0,10,40,10,50,11,18,0,0,0,0,1,2,0,360452,3750,2009,0,GERSONI RD,99999999999999999999,0000000,42.48133889,-74.96903056,2,1
36,103,7,30,17,29,2,4,0,1,13,3,0,12,2,1,1,1,2,50,1,1,2,1,0,0,1,1,0,0,17,31,17,37,99,99,0,0,0,0,2,5,0,360453,5210,2009,6,SR-25,99999999999999999999,0000000,40.96081111,-72.57036944,2,1
36,119,8,3,15,54,1,1,0,0,16,6,0,30,0,2,4,1,2,30,1,2,2,1,0,0,1,1,0,0,99,99,15,57,16,36,0,0,0,0,1,2,0,360454,1379,2009,0,LOCUST AVE.,RANCHO AVE.,0000000,41.30837778,-73.89425556,1,1
36,119,4,19,2,21,1,2,0,0,14,6,0,24,0,1,4,1,2,30,2,3,2,1,0,0,2,1,0,0,2,21,2,26,88,88,0,0,0,0,2,1,1,360455,6825,2009,0,UNDERHILL AVE.,99999999999999999999,0000000,41.26360833,-73.79244167,1,1
36,27,3,10,6,44,1,2,1,1,12,3,0,8,0,2,1,1,2,30,1,1,2,1,0,0,4,1,0,0,6,45,6,52,7,15,0,0,0,0,1,3,0,360456,5150,2009,53,SR-9,LIVINGSTON ST.,0000000,41.92804722,-73.91275,1,1
36,65,6,24,4,54,1,1,0,1,2,3,0,35,0,1,4,1,2,99,1,2,9,1,0,0,1,1,0,0,99,99,99,99,88,88,0,0,0,0,1,4,0,360457,5260,2009,0,SR-49,99999999999999999999,0000000,43.23257222,-75.61117222,1,1
36,13,7,11,0,51,1,1,0,0,6,5,0,30,0,1,4,1,2,55,2,1,2,1,0,0,2,1,0,0,0,52,1,0,99,99,0,0,0,0,1,7,1,360458,4987,2009,0,FULLER RD,99999999999999999999,0000000,42.38726944,-79.464625,1,1
36,55,6,22,2,0,1,3,0,0,16,5,0,35,0,1,4,1,2,55,2,2,2,1,0,0,3,1,0,0,2,7,2,13,3,0,0,0,0,0,1,2,0,360459,2710,2009,0,WEST AVE,99999999999999999999,0000000,43.28742222,-77.82912222,1,1
36,39,7,23,10,50,1,1,0,0,6,5,0,34,0,1,4,1,2,55,2,2,2,1,0,0,1,1,0,0,10,56,11,1,88,88,0,0,0,0,1,5,0,360460,5045,2009,0,ALBERT SLATER RD,99999999999999999999,0000000,42.35700556,-74.38098056,1,1
36,5,5,9,1,7,2,3,0,0,16,6,0,12,5,2,1,1,2,30,1,1,9,1,3,3,3,1,0,0,99,99,99,99,99,99,0,0,0,0,1,7,0,360461,4170,2009,0,E. 173RD ST.,VYSE AVE.,0000000,40.83508889,-73.88694722,2,1
36,81,5,5,6,30,1,2,1,0,16,6,0,8,0,2,1,1,2,99,1,1,9,2,0,0,3,2,0,0,99,99,99,99,99,99,0,0,0,0,1,3,0,360462,4170,2009,0,HEMPSTEAD AVE.,221ST ST.,0000000,40.71254722,-73.73287778,1,2
36,81,5,12,14,0,1,2,1,0,16,6,0,9,0,2,1,9,9,99,1,1,2,1,20,3,1,1,0,0,99,99,99,99,99,99,0,0,0,0,1,3,0,360463,4170,2009,0,45TH AVE,BURLING ST,0000000,40.7548,-73.81709444,1,1
36,61,5,13,3,54,2,2,0,1,12,3,0,12,2,1,1,3,3,40,1,1,2,1,0,0,3,1,0,0,99,99,99,99,99,99,0,0,0,0,1,4,1,360464,4170,2009,37,SR-907L,99999999999999999999,0000000,,,2,1
36,61,5,15,14,12,1,2,1,0,14,6,0,8,0,2,1,4,3,30,1,1,2,1,20,3,1,1,0,0,99,99,99,99,99,99,0,0,0,0,1,6,0,360465,4170,2009,0,E 14TH ST,AVE A,0000000,40.73059167,-73.98026111,1,1
36,55,7,24,21,56,1,2,1,0,4,5,0,8,0,1,1,2,4,30,1,1,2,1,0,0,3,1,0,0,21,57,21,58,22,18,0,0,0,0,1,6,0,360466,5230,2009,0,W MAIN ST,99999999999999999999,0000000,,,1,1
36,61,5,20,20,40,1,2,1,0,15,6,0,8,0,2,1,9,9,99,1,1,9,1,3,3,5,1,0,0,99,99,99,99,99,99,0,0,0,0,1,4,0,360467,4170,2009,0,W 180TH ST,BROADWAY,0000000,40.84952778,-73.93635833,1,1
36,89,7,14,13,22,1,5,1,0,14,5,0,8,0,2,1,4,2,30,1,1,2,1,3,3,1,1,0,0,13,22,13,24,13,33,0,0,0,0,1,3,0,360468,4420,2009,0,WASHINGTON ST,STATE ST,0000000,44.6986,-75.49373333,1,1
36,119,5,18,12,18,2,2,1,0,13,5,0,8,0,1,1,1,4,30,1,2,2,1,0,0,1,1,0,0,12,24,12,27,99,99,0,0,0,0,1,2,0,360469,4120,2009,0,NORTH AVE,99999999999999999999,0000000,40.94622778,-73.79553056,1,1
36,81,5,13,3,32,1,2,1,1,1,1,0,8,0,1,1,3,9,99,1,1,9,1,0,0,3,1,0,0,99,99,99,99,99,99,0,0,0,0,1,4,0,360470,4170,2009,0,I-495,99999999999999999999,0000000,40.74296389,-73.77963056,1,1
36,61,5,26,14,30,1,2,1,0,13,6,0,8,0,1,1,1,3,30,1,2,2,1,0,0,1,1,0,0,99,99,99,99,99,99,0,0,0,0,1,3,0,360471,4170,2009,0,AMSTERDAM AVE.,99999999999999999999,0000000,40.81592778,-73.95440556,1,1
36,105,5,15,20,20,1,1,0,0,6,5,0,1,0,1,1,1,2,99,1,2,2,1,0,0,5,1,0,0,20,20,20,32,21,8,0,0,0,0,1,6,1,360472,5244,2009,0,PARKSTON RD,99999999999999999999,0000000,41.90170278,-74.77118889,1,1
36,113,7,5,13,56,2,3,0,0,14,5,0,12,2,2,1,1,2,55,1,2,2,1,0,0,1,1,0,0,13,56,14,0,14,26,0,0,0,0,1,1,0,360473,5068,2009,0,BAY RD,ELLSWORTH RD,0000000,43.40058056,-73.64862222,2,1
36,71,6,23,6,10,1,2,0,1,2,3,0,35,0,1,4,1,2,55,1,1,2,1,28,3,4,1,0,0,6,10,6,33,6,55,0,0,0,0,1,3,0,360474,1431,2009,0,SR-209,99999999999999999999,0000000,41.47122222,-74.59133056,1,1
36,25,7,2,1,0,1,1,0,0,2,3,0,35,0,1,4,2,2,55,2,1,2,2,28,3,2,2,0,0,99,99,99,99,88,88,0,0,0,0,1,5,0,360475,6360,2009,0,SR-10,99999999999999999999,0000000,42.13438611,-75.16094722,1,2
36,29,7,8,12,30,1,1,0,0,6,5,0,34,0,1,4,1,2,30,1,2,2,1,28,3,1,1,0,0,99,99,12,32,13,16,0,0,0,0,1,4,0,360476,1630,2009,0,EMERY RD,99999999999999999999,0000000,42.71520556,-78.60361667,1,1
36,61,5,30,4,41,3,6,0,1,12,3,0,12,1,1,1,3,3,99,1,1,9,1,0,0,3,1,0,0,99,99,99,99,99,99,0,0,0,0,1,7,2,360477,4170,2009,99,SR-907L,99999999999999999999,0000000,40.70912222,-73.99620556,3,1
36,29,8,1,2,31,1,4,0,1,1,1,0,35,0,1,4,2,4,65,1,1,1,1,0,0,2,1,0,0,2,31,2,55,3,16,0,0,0,0,1,7,0,360478,9999,2009,4525,I-90,99999999999999999999,0000000,,,1,1
36,3,7,25,10,2,1,2,1,0,6,5,0,8,0,1,1,1,2,55,2,2,2,1,28,3,1,1,0,0,10,9,10,13,99,99,0,0,0,0,1,7,1,360479,476,2009,0,CR-26,99999999999999999999,0000000,42.32806111,-78.09596944,1,1
36,17,7,26,4,10,2,1,0,1,2,3,0,14,1,1,2,1,2,40,1,1,2,2,28,3,3,1,0,0,4,10,4,25,88,88,0,0,0,0,1,1,1,360480,2466,2009,0,SR-8,99999999999999999999,0000000,42.42291667,-75.38208889,1,1
36,119,5,2,17,8,2,2,0,1,13,3,0,12,5,2,1,2,2,99,1,1,9,1,20,3,1,1,0,0,99,99,99,99,99,99,0,0,0,0,1,7,0,360481,4320,2009,98,SR-9,SR-117,0000000,41.111525,-73.858275,2,1
36,109,5,2,23,50,1,4,0,0,5,5,0,32,0,1,4,1,2,55,2,1,2,1,28,3,2,1,0,0,99,99,99,99,99,99,0,0,0,0,1,7,1,360482,2460,2009,0,LAFAYETTE RD,99999999999999999999,0000000,42.56913889,-76.28820556,1,1
36,29,8,2,8,1,1,1,0,0,4,5,0,34,0,1,4,1,2,55,1,2,2,2,0,0,1,2,0,0,8,1,8,8,88,88,0,0,0,0,1,1,0,360483,4250,2009,0,JENNINGS RD,99999999999999999999,0000000,42.586075,-78.87162222,1,2
36,51,8,4,18,3,1,1,0,0,6,5,0,34,0,1,4,1,2,55,2,2,2,1,0,0,1,1,0,0,18,3,18,11,88,88,0,0,0,0,1,3,0,360484,3200,2009,0,DUNKLEY RD,99999999999999999999,0000000,42.76725833,-77.94971389,1,1
36,59,4,15,16,30,2,2,0,0,13,3,0,12,2,1,1,2,2,55,1,1,2,1,0,0,1,1,0,0,16,30,16,35,99,99,0,0,0,0,1,4,0,360485,4600,2009,14,SR-907E,99999999999999999999,0000000,40.721325,-73.46325556,2,1
36,21,7,30,22,23,2,4,0,0,2,3,0,12,5,2,1,1,2,45,1,1,2,1,28,3,3,1,0,0,22,23,22,30,99,99,0,0,0,0,1,5,0,360486,1100,2009,0,SR-203,CHAPEL DR,0000000,42.448525,-73.64753611,2,1
36,81,3,8,19,41,1,2,1,1,13,6,0,8,0,2,1,9,9,99,1,1,2,1,0,0,3,1,0,0,99,99,99,99,99,99,0,0,0,0,1,1,0,360487,4170,2009,0,BEACH CHANNEL DR,BEACH 39TH ST,0000000,40.59588611,-73.77149722,1,1
36,47,5,18,17,22,1,3,1,0,13,6,0,8,0,2,1,9,9,99,1,1,2,1,3,3,1,1,0,0,99,99,99,99,99,99,0,0,0,0,1,2,0,360488,4170,2009,0,ROGERS AVE,CORTELYOU RD,0000000,40.644325,-73.95185,1,1
36,27,6,27,13,6,2,2,0,1,2,3,0,12,2,1,1,1,2,45,2,2,2,1,0,0,1,1,0,0,13,7,13,12,14,27,0,0,0,0,1,7,0,360489,4835,2009,82,SR-199,99999999999999999999,0000000,41.99464167,-73.69425,2,1
36,59,6,25,23,5,2,2,0,1,13,3,0,12,5,2,1,2,4,35,1,1,2,1,3,3,3,1,0,0,23,10,23,10,23,20,0,0,0,0,1,5,1,360490,2600,2009,99,SR-24,PLAINFIELD AVE,0000000,40.70836111,-73.71088056,2,1
36,109,7,9,9,26,2,3,0,0,4,3,0,12,5,2,1,1,2,55,1,1,2,1,20,3,1,1,0,0,9,26,9,27,9,46,0,0,0,0,1,5,0,360491,2460,2009,23,SR-222,SALT RD.,0000000,42.59246111,-76.32418056,2,1
36,103,7,18,2,11,2,2,0,1,11,1,0,12,1,1,1,3,7,55,1,1,2,2,0,0,3,2,5,0,2,11,2,24,2,51,0,0,0,0,1,7,0,360492,705,2009,0,I-495,99999999999999999999,0000000,,,2,2
36,109,6,26,17,41,2,2,0,0,3,3,0,12,2,1,1,1,2,55,1,3,2,1,0,0,1,1,0,0,17,41,17,43,21,13,0,0,0,0,1,6,0,360493,1590,2009,99,SR-38,99999999999999999999,0000000,42.46358889,-76.28638611,2,1
36,27,6,28,23,29,1,2,0,0,15,5,0,30,0,1,4,1,2,45,2,3,2,1,28,3,2,1,0,0,23,31,23,37,99,99,0,0,0,0,1,1,1,360494,3084,2009,0,NOXON RD,99999999999999999999,0000000,,,1,1
36,103,6,10,20,18,1,2,0,1,2,3,0,33,0,1,4,2,2,40,1,1,1,1,0,0,5,1,0,0,99,99,20,20,20,55,0,0,0,0,1,4,1,360495,2840,2009,0,SR-231,99999999999999999999,0000000,40.77582222,-73.33531667,1,1
36,11,8,2,3,14,1,1,0,0,15,5,0,42,0,1,4,1,2,35,2,3,2,1,0,0,2,1,0,0,3,16,3,22,88,88,0,0,0,0,1,1,0,360496,310,2009,0,N DIVISON STREET RD,99999999999999999999,0000000,42.96560833,-76.59183056,1,1
36,61,5,8,19,30,1,2,1,0,13,6,0,8,0,2,1,2,6,99,1,1,2,1,3,3,1,1,0,0,99,99,99,99,99,99,0,0,0,0,1,6,0,360497,4170,2009,0,BOWERY,PRINCE ST,0000000,40.72234722,-73.99326389,1,1
36,103,6,30,17,53,1,2,1,0,14,5,0,8,0,1,1,2,2,30,1,2,2,1,0,0,1,1,0,0,17,53,17,56,18,25,0,0,0,0,1,3,0,360498,705,2009,0,N COUNTRY RD,99999999999999999999,0000000,40.94551389,-72.96458333,1,1
36,103,7,19,6,0,1,2,1,1,2,3,0,9,0,1,1,1,2,45,1,1,2,1,0,0,1,1,0,0,6,0,6,6,99,99,0,0,0,0,1,1,0,360499,705,2009,0,SR-25A,99999999999999999999,0000000,40.94402222,-72.8518,1,1
36,103,7,29,1,24,1,1,0,0,16,5,0,33,0,1,4,1,2,30,2,2,2,1,0,0,3,1,0,0,1,31,1,32,99,99,0,0,0,0,1,4,0,360500,705,2009,0,OLD DOCK RD,99999999999999999999,0000000,40.82040278,-72.94406944,1,1
36,61,8,2,5,14,1,2,1,0,16,6,0,8,0,2,1,2,2,30,1,1,2,1,3,3,3,1,0,0,5,14,5,16,99,99,0,0,0,0,1,1,0,360501,4170,2009,0,SHERMAN AVE,ARDEN ST,0000000,40.862925,-73.92779722,1,1
36,81,2,25,14,0,1,2,1,0,13,6,0,8,0,2,1,9,9,99,9,9,9,9,99,9,1,9,0,0,99,99,99,99,99,99,0,0,0,0,1,4,0,360502,4170,2009,0,HILLSIDE AVE,88TH AVE,0000000,40.70483056,-73.81288889,1,9
36,81,5,23,8,5,1,3,1,0,16,6,0,8,0,2,1,9,9,99,1,1,2,1,0,0,1,1,0,0,99,99,99,99,99,99,0,0,0,0,1,7,0,360503,4170,2009,0,46TH AVE,165TH ST,0000000,40.75385556,-73.80190278,1,1
36,81,5,24,15,53,1,3,1,1,13,6,0,8,0,11,1,2,4,99,1,1,2,1,0,0,1,1,0,0,99,99,99,99,99,99,0,0,0,0,1,1,0,360504,4170,2009,0,LEFFERTS BLVD,135TH AVE,0000000,40.67049167,-73.82083889,1,1
36,47,3,8,1,45,2,2,0,0,16,6,0,12,5,2,1,9,9,99,1,1,9,1,3,3,3,1,0,0,99,99,99,99,99,99,0,0,0,0,1,1,2,360505,4170,2009,0,GREENPOINT AVE,HUMBOLT ST,0000000,40.731425,-73.94637778,2,1
36,103,7,7,11,45,3,2,0,0,16,5,0,42,0,1,4,1,4,40,1,1,2,1,0,0,1,1,0,0,11,46,11,50,99,99,0,0,0,0,1,3,0,360506,2920,2009,0,CROOKED HILL RD,99999999999999999999,0000000,,,1,1
36,5,8,7,17,46,2,3,0,0,13,6,0,12,1,1,1,2,2,30,1,1,2,1,0,0,1,1,0,0,99,99,99,99,99,99,0,0,0,0,1,6,0,360507,4170,2009,0,BRUCKNER BLVD,99999999999999999999,0000000,40.81522222,-73.89614444,2,1
36,103,6,29,8,15,3,3,0,0,16,6,0,12,5,2,1,1,2,40,1,1,2,1,3,3,1,1,0,0,99,99,99,99,99,99,0,0,0,0,1,2,0,360508,2840,2009,0,BREAD AND CHEESE HLW,PULASKI RD.,0000000,40.88386944,-73.28780556,3,1
36,103,7,26,16,25,2,7,0,0,14,3,0,33,0,1,4,2,2,40,1,1,2,1,0,0,1,1,0,0,99,99,99,99,99,99,0,0,0,0,4,1,0,360509,360,2009,22,SR-27A,99999999999999999999,0000000,40.67094444,-73.38396667,2,1
36,65,6,28,4,31,1,1,0,1,2,3,0,24,0,1,4,3,2,55,1,2,2,1,0,0,3,1,0,0,4,39,4,43,5,11,0,0,0,0,1,1,0,360510,6220,2009,0,SR-12,99999999999999999999,0000000,43.13613056,-75.21909722,1,1
36,25,8,1,18,22,1,1,0,0,6,5,0,35,0,1,4,1,2,55,2,1,2,1,0,0,1,1,0,0,18,25,18,34,19,11,0,0,0,0,1,7,1,360511,6360,2009,0,BEERS BROOK RD,99999999999999999999,0000000,42.12416944,-75.14163611,1,1
36,29,8,3,15,40,1,1,0,0,15,5,0,7,0,1,1,3,6,45,1,2,2,1,0,0,1,1,0,0,99,99,99,99,99,99,0,0,0,0,1,2,0,360512,1170,2009,0,TRANSIT RD,99999999999999999999,0000000,42.97808333,-78.69691389,1,1
36,63,8,9,1,14,1,1,0,0,16,5,0,33,0,1,4,1,2,30,1,1,2,2,0,0,3,1,0,0,1,16,1,20,88,88,0,0,0,0,1,1,1,360513,4210,2009,0,BUFFALO AVE,99999999999999999999,0000000,43.07498611,-78.97101389,1,1
36,67,8,5,19,40,1,1,0,0,2,3,0,24,0,1,4,1,2,45,2,1,2,1,28,3,1,1,0,0,19,44,19,51,20,19,0,0,0,0,1,4,0,360514,3540,2009,0,SR-174,99999999999999999999,0000000,42.95221389,-76.33375833,1,1
36,111,8,6,14,47,1,1,0,1,2,3,0,1,0,1,1,1,2,55,2,2,2,1,28,3,1,1,0,0,14,47,14,56,88,88,0,0,0,0,1,5,0,360515,6491,2009,0,SR-52,99999999999999999999,0000000,41.64893056,-74.39651667,1,1
36,71,7,24,10,49,1,2,1,1,2,3,0,8,0,1,1,3,4,65,1,2,2,1,0,0,1,1,0,0,10,57,11,2,88,88,0,0,0,0,1,6,0,360516,1140,2009,0,SR-17,99999999999999999999,0000000,41.355825,-74.28002222,1,1
36,75,8,3,7,22,2,2,0,1,2,2,0,12,2,1,1,1,2,55,1,1,2,1,28,3,1,1,0,0,7,23,7,29,99,99,0,0,0,0,1,2,0,360517,2569,2009,0,US-11,99999999999999999999,0000000,,,2,1
36,21,8,3,17,36,2,3,0,1,2,3,0,12,2,11,1,1,2,55,1,1,2,1,3,3,1,1,0,0,17,36,17,42,99,99,0,0,0,0,1,2,0,360518,2810,2009,0,SR-9,CR-31,0000000,42.20836667,-73.79134722,2,1
36,119,5,23,22,55,2,5,0,1,12,3,0,12,7,1,1,3,3,55,1,1,2,2,0,0,2,2,0,0,22,55,23,1,23,23,0,0,0,0,1,7,0,360519,4320,2009,30,SR-987G,99999999999999999999,0000000,,,2,2
36,91,8,4,15,30,2,3,0,0,16,5,0,12,2,2,1,1,2,45,2,1,2,1,0,0,1,1,0,0,15,31,15,39,16,16,0,0,0,0,1,3,0,360520,1209,2009,0,KINNS RD.,TWILIGHT DR.,0000000,42.89056944,-73.78426944,2,1
36,97,8,5,20,59,2,3,0,0,3,3,0,12,2,2,1,1,5,55,2,1,2,1,21,3,2,1,0,0,20,59,99,99,99,99,0,0,0,0,1,4,0,360521,3860,2009,22,SR-224,SPEEDWAY ST.,0000000,42.33344444,-76.80477222,2,1
36,37,6,23,7,41,3,3,0,0,2,3,0,12,1,1,1,1,2,55,2,3,2,1,28,3,1,1,0,0,7,41,7,50,88,88,0,0,0,0,2,3,0,360522,3210,2009,0,SR-19,99999999999999999999,0000000,,,3,1
36,103,7,19,3,42,1,1,0,0,5,5,0,42,0,1,4,1,2,30,2,3,2,1,0,0,3,1,0,0,3,45,3,48,99,99,0,0,0,0,1,1,1,360523,5810,2009,0,LYNN AVE,99999999999999999999,0000000,40.87206944,-72.49579722,1,1
36,5,6,17,15,35,1,2,1,0,15,6,0,8,0,2,1,3,6,30,1,2,2,1,3,3,1,1,0,0,99,99,99,99,99,99,0,0,0,0,1,4,0,360524,4170,2009,0,E 149TH ST,MELROSE AVE,0000000,40.81621389,-73.91781944,1,1
36,81,8,14,18,25,1,2,1,0,13,6,0,9,0,2,1,3,2,30,1,1,2,1,3,3,1,1,0,0,99,99,99,99,99,99,0,0,0,0,1,6,0,360525,4170,2009,0,QUEENS BLVD,69TH ST,0000000,40.72319444,-73.84820833,1,1
36,55,6,14,2,9,2,2,0,0,14,6,0,12,2,1,1,1,2,40,1,2,2,1,0,0,3,1,0,0,2,9,99,99,99,99,0,0,0,0,1,1,2,360526,2395,2009,0,MANITOU RD.,99999999999999999999,0000000,43.18521111,-77.75344167,2,1
36,63,7,14,21,21,2,2,0,0,16,5,0,12,2,1,1,3,2,55,2,1,2,1,0,0,2,1,0,0,21,26,21,26,99,99,0,0,0,0,1,3,1,360527,2247,2009,0,RIDGE RD,99999999999999999999,0000000,,,2,1
36,59,7,20,23,28,2,2,0,1,2,3,0,33,0,13,2,6,4,40,1,1,2,1,0,0,3,1,0,0,23,30,23,37,88,88,0,0,0,0,1,2,0,360528,4600,2009,0,SR-908G,99999999999999999999,0000000,40.78269444,-73.5326,2,1
36,61,8,14,0,10,1,2,1,0,13,6,0,8,0,2,1,2,4,99,1,3,2,1,3,3,3,1,0,0,99,99,99,99,99,99,0,0,0,0,1,6,0,360529,4170,2009,0,BROADWAY AVE,181ST ST,0000000,40.85020833,-73.93569167,1,1
36,9,8,9,10,42,2,9,0,1,1,1,0,12,5,1,1,3,2,65,1,1,1,1,0,0,1,1,0,0,10,42,99,99,99,99,0,0,0,0,1,1,0,360530,5410,2009,0,I-86,99999999999999999999,0000000,,,2,1
36,59,6,24,11,22,1,1,0,1,2,3,0,22,0,1,4,3,4,55,2,1,2,1,0,0,1,1,0,0,11,23,11,25,88,88,0,0,0,0,1,4,0,360531,2600,2009,0,SR-908M,99999999999999999999,0000000,40.69973889,-73.50636667,1,1
36,59,8,4,14,2,1,1,0,1,2,3,0,24,0,1,4,3,3,55,1,1,2,1,0,0,1,1,0,0,14,2,14,7,88,88,0,0,0,0,1,3,0,360532,4600,2009,0,SR-908M,99999999999999999999,0000000,40.70300833,-73.48175556,1,1
36,53,7,20,16,12,2,2,0,0,5,5,0,12,2,2,1,1,2,55,2,1,2,1,28,3,1,1,0,0,99,99,99,99,99,99,0,0,0,0,1,2,0,360533,2490,2009,0,HAMILTON RD,KILEY RD,0000000,42.802075,-75.49813333,2,1
36,61,8,14,11,35,1,2,1,0,13,6,0,8,0,1,1,4,9,99,1,1,2,1,0,0,1,1,0,0,99,99,99,99,99,99,0,0,0,0,1,6,0,360534,4170,2009,0,LEXINGTON AVE.,99999999999999999999,0000000,40.76511111,-73.96608889,1,1
36,105,7,20,8,41,2,2,0,1,2,3,0,12,3,2,1,1,2,45,1,2,2,1,28,3,1,1,0,0,8,41,9,0,88,88,0,0,0,0,1,2,0,360535,3230,2009,0,SR-55,INDIAN LAKE RD,0000000,41.76827222,-74.76852778,2,1
36,29,8,5,16,26,2,5,0,0,13,3,0,12,4,1,1,1,4,45,2,1,2,1,0,0,1,1,0,0,16,26,16,26,16,40,0,0,0,0,1,4,0,360536,9999,2009,10,SR-324,99999999999999999999,0000000,42.97793333,-78.66894444,2,1
36,19,8,13,11,8,2,2,0,0,6,5,0,12,5,2,1,1,2,35,1,1,2,1,20,3,1,1,0,0,11,8,11,16,99,99,0,0,0,0,1,5,0,360537,4767,2009,0,LAPHAMS HILL RD,DASHNAW RD,0000000,44.59634167,-73.50259167,2,1
36,11,8,16,12,49,2,3,0,0,2,3,0,12,5,2,1,1,2,55,1,2,2,1,20,3,1,1,0,0,12,50,12,57,99,99,0,0,0,0,2,1,0,360538,5633,2009,0,SR-34,TURNPIKE RD,0000000,42.97923611,-76.561425,2,1
36,105,7,19,16,3,1,2,0,0,6,5,0,32,0,2,4,2,2,55,2,2,2,1,28,3,1,1,0,0,16,3,16,9,99,99,0,0,0,0,1,1,0,360539,1954,2009,0,CR-57,CAUTHERS RD,0000000,41.68696667,-74.57076389,1,1
36,1,8,20,19,12,2,2,0,0,15,5,0,12,2,1,1,1,2,30,2,1,2,1,0,0,1,1,0,0,19,15,19,17,19,35,0,0,0,0,1,5,1,360540,50,2009,0,KINGS RD,99999999999999999999,0000000,42.75959722,-73.91674444,2,1