STATE,COUNTY,MONTH,DAY,HOUR,MINUTE,VE_TOTAL,PERSONS,PEDS,NHS,ROAD_FNC,ROUTE,SP_JUR,HARM_EV,MAN_COLL,REL_JUNC,REL_ROAD,TRAF_FLO,NO_LANES,SP_LIMIT,ALIGNMNT,PROFILE,PAVE_TYP,SUR_COND,TRA_CONT,T_CONT_F,LGT_COND,WEATHER1,WEATHER2,WRK_ZONE,NOT_HOUR,NOT_MIN,ARR_HOUR,ARR_MIN,HOSP_HR,HOSP_MN,SCH_BUS,CF1,CF2,CF3,FATALS,DAY_WEEK,DRUNK_DR,ST_CASE,CITY,YEAR,MILEPT,TWAY_ID,TWAY_ID2,RAIL,LATITUDE,LONGITUD,VE_FORMS,WEATHER
36,91,8,14,19,12,1,2,1,0,2,3,0,8,0,1,1,1,4,55,1,1,2,1,0,0,1,1,0,0,19,14,99,99,99,99,0,0,0,0,1,6,0,360541,5470,2009,0,SR-9,99999999999999999999,0000000,43.04086944,-73.79050833,1,1
36,65,8,22,22,43,1,3,0,1,1,1,0,24,0,13,2,6,1,55,2,1,2,2,0,0,3,1,0,0,22,43,22,46,99,99,0,0,0,0,1,7,0,360542,6220,2009,0,I-790,99999999999999999999,0000000,43.11946667,-75.23094167,1,1
36,87,8,16,1,44,1,4,0,1,1,1,0,25,0,1,3,3,3,55,1,1,2,1,0,0,2,1,0,0,1,58,2,15,2,31,0,0,0,0,1,1,1,360543,4063,2009,203,I-87,99999999999999999999,0000000,,,1,1
36,119,8,9,5,23,1,2,1,1,1,1,0,8,0,1,1,3,3,55,2,1,2,2,0,0,4,1,0,0,5,23,5,30,5,55,0,0,0,0,1,1,0,360544,6820,2009,15,I-87,99999999999999999999,0000000,,,1,1
36,29,7,24,4,0,2,6,0,1,11,1,0,12,1,1,1,3,3,55,1,1,1,1,0,0,3,1,0,0,4,0,4,15,4,35,0,0,0,0,1,6,2,360545,750,2009,99,I-90,99999999999999999999,0000000,,,2,1
36,35,8,18,19,0,2,2,0,1,2,3,0,5,0,1,1,1,2,55,1,1,2,1,28,3,1,1,0,0,20,16,20,27,20,54,0,0,0,0,1,3,0,360546,3630,2009,0,SR-29,99999999999999999999,0000000,43.04821667,-74.24290278,2,1
36,37,8,14,23,8,3,6,0,1,2,3,0,12,4,8,1,1,2,40,1,1,2,1,0,0,3,1,0,0,23,8,23,13,23,33,0,0,0,0,1,6,1,360547,1451,2009,57,SR-20,HARPER RD.,0000000,42.90203611,-78.35304444,2,1
36,55,8,22,11,52,2,2,0,0,14,5,0,12,3,2,1,1,2,40,1,1,2,1,0,0,1,1,0,0,99,99,99,99,99,99,0,0,0,0,1,7,0,360548,6510,2009,0,KLEM RD.,BROOKVILLE DR.,0000000,43.23081667,-77.48996111,2,1
36,27,7,27,20,29,2,2,0,1,2,3,0,12,2,1,1,1,2,55,1,1,2,2,28,3,2,1,0,0,20,29,20,34,21,10,0,0,0,0,1,2,1,360549,4690,2009,0,SR-55,99999999999999999999,0000000,,,2,1
36,79,8,11,23,40,1,4,0,0,14,3,0,42,0,1,4,1,2,99,2,1,9,1,0,0,3,1,0,0,99,99,99,99,99,99,0,0,0,0,1,3,0,360550,900,2009,23,SR-6N,99999999999999999999,0000000,41.3682,-73.76874167,1,1
36,11,8,14,16,57,2,3,0,0,6,5,0,12,5,2,1,1,2,55,1,1,2,1,0,0,1,1,0,0,16,57,17,2,99,99,0,0,0,0,1,6,0,360551,4579,2009,0,EAST LAKE RD.,WATERS EDGE,0000000,42.87015,-76.50803611,2,1
36,103,8,17,8,42,3,2,0,0,6,4,0,12,5,8,1,1,2,30,1,1,9,1,0,0,1,1,0,0,8,48,8,52,99,99,0,14,0,0,1,2,0,360552,5810,2009,0,CR-71,JOHNS WAY,0000000,40.82232222,-72.658225,2,1
36,59,7,28,8,30,5,3,1,0,16,5,0,14,5,1,2,3,3,35,1,1,2,1,0,0,1,1,0,0,8,36,8,37,99,99,0,0,0,0,1,3,0,360553,3360,2009,0,E PARK AVE,99999999999999999999,0000000,40.58853611,-73.64408333,1,1
36,81,8,29,19,50,2,3,1,1,1,1,0,14,1,1,2,3,9,99,2,1,2,1,0,0,3,1,0,0,99,99,99,99,99,99,0,0,0,0,1,7,0,360554,4170,2009,0,I-678,99999999999999999999,0000000,,,1,1
36,59,8,6,16,37,2,4,1,1,13,3,0,12,1,1,1,2,4,40,1,1,2,1,0,0,1,1,0,0,16,37,16,40,16,50,0,0,0,0,1,5,0,360555,1960,2009,3,SR-109,99999999999999999999,0000000,,,2,1
36,69,8,12,10,39,2,7,0,0,6,5,0,12,2,1,1,1,2,55,2,1,2,1,0,0,1,1,0,0,10,39,10,41,99,99,1,0,0,0,1,4,0,360556,3990,2009,0,GULICK RD.,99999999999999999999,0000000,42.72025278,-77.46440278,2,1
36,119,8,7,12,25,1,2,0,1,1,1,0,42,0,1,4,3,7,65,1,1,1,1,0,0,1,1,0,0,12,36,12,41,12,58,0,0,0,0,1,6,0,360557,472,2009,0,I-684,99999999999999999999,0000000,41.25471944,-73.67739444,1,1
36,105,8,15,12,45,1,1,0,1,2,3,0,24,0,1,4,3,3,55,2,2,2,1,0,0,1,1,0,0,99,99,12,48,88,88,0,0,0,0,1,7,0,360558,6800,2009,0,SR-17,99999999999999999999,0000000,41.58533889,-74.50275556,1,1
36,67,8,16,13,27,1,1,0,0,14,5,0,38,0,1,4,1,2,30,1,1,1,1,0,0,1,1,0,0,13,28,13,30,99,99,0,0,0,0,1,1,0,360559,1539,2009,0,JAMESVILLE RD,99999999999999999999,0000000,43.02250278,-76.07311111,1,1
36,71,8,26,0,18,1,1,0,0,4,5,0,34,0,1,4,1,2,55,2,2,2,1,0,0,2,1,0,0,0,18,0,24,99,99,0,0,0,0,1,4,0,360560,1140,2009,0,KINGS HWY BYPASS,99999999999999999999,0000000,41.31361111,-74.28821944,1,1
36,107,8,26,15,50,2,6,0,0,6,5,0,12,2,1,1,2,2,55,2,1,2,2,28,3,1,2,0,0,15,50,15,56,16,36,0,0,0,0,1,4,0,360561,4220,2009,0,SULPHUR SPRINGS RD,99999999999999999999,0000000,42.06758333,-76.27713333,2,2
36,7,8,28,12,5,2,3,0,1,12,3,0,18,0,1,1,3,3,55,1,1,2,1,0,0,1,1,0,0,12,6,12,11,14,59,0,0,0,0,1,6,0,360562,2970,2009,85,SR-17,99999999999999999999,0000000,42.11941389,-75.96348889,2,1
36,51,8,22,21,26,1,1,0,0,6,4,0,34,0,1,4,1,2,55,1,1,4,1,0,0,2,1,0,0,21,29,21,39,99,99,0,0,0,0,1,7,1,360563,3930,2009,0,CR-15,99999999999999999999,0000000,42.62059722,-77.91027778,1,1
36,103,7,22,4,5,1,1,0,0,16,5,0,27,0,1,4,1,2,30,2,1,2,2,0,0,3,1,0,0,99,99,4,12,99,99,0,0,0,0,1,4,0,360564,705,2009,0,MAIN ST,99999999999999999999,0000000,,,1,1
36,5,6,14,6,40,2,2,1,1,1,1,0,14,7,11,2,3,3,50,1,2,2,1,0,0,1,1,0,0,6,54,7,0,88,88,0,0,0,0,1,1,0,360565,4170,2009,0,I-95,CROES AVE,0000000,40.835875,-73.87211389,1,1
36,103,8,25,21,25,2,2,0,1,13,3,0,12,5,2,1,3,2,55,1,1,2,1,3,3,3,1,0,0,99,99,99,99,88,88,0,0,0,0,1,3,0,360566,2728,2009,31,SR-454,BROADWAY AVE.,0000000,40.77409444,-73.066725,2,1
36,81,6,3,1,55,1,3,0,1,13,6,0,50,0,2,2,9,2,30,1,2,2,1,3,3,3,1,0,0,99,99,99,99,99,99,0,0,0,0,1,4,0,360567,4170,2009,0,WOODHAVEN BLVD,ELIOT AVE,0000000,40.72921111,-73.87138333,1,1
36,29,8,27,17,40,2,3,0,0,2,3,0,12,1,2,1,1,2,40,1,1,2,1,0,0,1,1,0,0,17,40,17,43,18,10,0,0,0,0,1,5,1,360568,6642,2009,0,SR-240,W CRANWOOD DR,0000000,42.81743889,-78.76841111,2,1
36,103,8,5,10,18,2,2,0,0,2,3,0,12,5,1,1,1,9,99,1,1,9,1,0,0,1,1,0,0,99,99,99,99,99,99,0,0,0,0,1,4,0,360569,2920,2009,0,SR-27A,99999999999999999999,0000000,,,2,1
36,103,8,20,14,0,4,6,0,1,13,3,0,12,2,2,1,1,4,99,1,1,2,1,3,3,1,1,0,0,99,99,99,99,99,99,0,0,0,0,1,5,0,360570,2840,2009,89,SR-231,DEFOREST RD.,0000000,,,4,1
36,5,8,31,20,51,1,2,1,0,13,6,0,8,0,2,1,1,2,30,1,2,2,1,3,3,3,1,0,0,20,51,20,56,21,4,0,0,0,0,1,2,0,360571,4170,2009,0,BRUCKNER BLVD,WILKINSON AVE,0000000,40.85169722,-73.82719167,1,1
36,5,8,30,23,18,1,2,1,0,13,6,0,8,0,2,1,3,7,30,1,1,2,1,3,3,3,1,0,0,99,99,99,99,99,99,0,0,0,0,1,1,0,360572,4170,2009,0,BRUCKNER BLVD,LONGWOOD AVE,0000000,40.81566111,-73.89513611,1,1
36,81,8,23,1,2,1,4,1,0,16,6,0,8,0,2,1,3,2,30,1,1,1,1,0,0,3,1,0,0,99,99,99,99,99,99,0,0,0,0,1,1,1,360573,4170,2009,0,SUTTER AVE,85TH ST,0000000,40.67513889,-73.85155556,1,1
36,1,8,1,16,43,1,1,0,0,2,3,0,42,0,1,4,1,2,45,2,1,2,1,0,0,1,1,0,0,99,99,16,48,17,26,0,0,0,0,1,7,1,360574,50,2009,0,SR-397,99999999999999999999,0000000,42.73438889,-74.01639444,1,1
36,1,8,9,6,29,1,1,0,0,16,5,0,42,0,1,4,2,4,40,1,1,2,1,0,0,1,1,0,0,6,32,6,36,6,56,0,0,0,0,1,1,1,360575,50,2009,0,WOLF RD,99999999999999999999,0000000,42.71679722,-73.80945556,1,1
36,75,9,2,15,48,1,3,1,0,16,5,0,8,0,4,4,1,2,30,1,1,2,1,0,0,1,1,0,0,15,48,15,48,99,99,0,0,0,0,1,4,0,360576,4540,2009,0,W CAYUGA ST,99999999999999999999,0000000,43.45499722,-76.52153611,1,1
36,31,9,4,10,10,1,6,0,1,1,1,0,35,0,1,4,2,4,65,1,1,2,1,0,0,1,1,0,0,10,15,10,17,13,30,0,0,0,0,1,6,0,360577,6630,2009,118,I-87,99999999999999999999,0000000,,,1,1
36,53,8,28,17,26,2,3,0,1,2,3,0,12,5,1,1,1,2,55,1,1,2,2,0,0,1,2,0,0,17,26,99,99,99,99,0,0,0,0,2,6,0,360578,1762,2009,0,SR-26,99999999999999999999,0000000,42.85123889,-75.63958056,2,2
36,59,6,30,13,0,3,1,0,0,14,6,0,14,7,1,7,1,2,99,1,1,9,1,0,0,1,1,0,0,99,99,99,99,99,99,0,0,0,0,1,3,0,360579,5250,2009,0,MERRICK RD.,99999999999999999999,0000000,,,1,1
36,65,8,29,17,43,2,7,0,1,1,1,0,24,0,1,4,3,4,65,1,1,2,2,0,0,1,2,0,0,17,43,17,52,88,88,0,0,0,0,1,7,0,360580,3542,2009,2317,I-90,99999999999999999999,0000000,,,2,2
36,105,8,12,18,35,1,2,1,0,6,4,0,8,0,1,1,2,2,30,1,2,2,1,0,0,1,1,0,0,18,35,99,99,88,88,0,0,0,0,1,4,0,360581,1954,2009,0,CR-53,99999999999999999999,0000000,41.71988889,-74.59077222,1,1
36,103,8,21,11,24,2,2,0,0,4,5,0,12,5,8,1,1,2,45,1,1,2,1,0,0,1,1,0,0,11,25,11,36,99,99,0,0,0,0,1,6,0,360582,5210,2009,0,DOCTORS PATH,MIDDLE RD,0000000,40.93783056,-72.64911111,2,1
36,103,8,23,11,15,4,7,0,0,14,5,0,12,5,2,1,9,9,99,1,1,2,1,3,3,1,1,0,0,99,99,99,99,99,99,0,0,0,0,1,1,0,360583,2920,2009,0,EXPRESS DR,OLD NICHOLLS RD,0000000,40.81017222,-73.15941944,4,1
36,103,8,9,19,53,2,6,0,0,16,6,0,12,5,1,1,1,2,30,2,1,2,2,0,0,5,1,0,0,19,54,19,59,99,99,0,0,0,0,1,1,1,360584,5769,2009,0,OLD NORTHPORT RD,99999999999999999999,0000000,40.86887222,-73.259325,2,1
36,103,7,26,3,40,1,1,0,1,2,3,0,42,0,2,4,2,2,30,2,1,2,2,0,0,3,1,0,0,99,99,99,99,99,99,0,0,0,0,1,1,0,360585,2840,2009,14,SR-110,E 22ND ST,0000000,40.83186667,-73.41090278,1,1
36,5,6,7,1,46,2,3,1,0,13,6,0,8,0,2,1,1,2,30,1,1,2,1,3,3,3,1,0,0,99,99,99,99,99,99,0,0,0,0,1,1,1,360586,4170,2009,0,3RD AVE,E 140TH ST,0000000,40.81203889,-73.92554167,2,1
36,69,9,2,14,48,1,2,1,0,6,5,0,8,0,1,1,1,2,45,1,2,2,1,0,0,1,1,0,0,14,48,14,52,15,40,0,0,0,0,1,4,0,360587,830,2009,0,MIDDLE CHESHIRE RD,99999999999999999999,0000000,42.85460556,-77.29643611,1,1
36,15,4,25,14,48,3,5,0,0,16,4,0,12,1,1,1,3,2,50,1,1,2,1,0,0,1,1,0,0,14,48,14,51,15,1,0,0,0,0,1,7,1,360588,1850,2009,0,CLEMENS CTR PKWY,99999999999999999999,0000000,42.05818333,-76.80632222,3,1
36,59,5,5,12,10,1,2,1,0,16,5,0,9,0,2,1,1,2,99,1,1,9,2,20,3,1,2,0,0,99,99,99,99,99,99,0,0,0,0,1,3,0,360589,2600,2009,0,1ST ST,HOFFMAN AVE,0000000,40.69928889,-73.71586944,1,2
36,1,5,11,14,32,2,4,0,0,2,3,0,12,5,2,1,1,9,99,1,1,9,1,20,3,1,1,0,0,99,99,99,99,99,99,0,0,0,0,1,2,0,360590,2464,2009,0,SR-146,SR-158,0000000,42.71164167,-73.9888,2,1
36,119,6,4,9,35,3,3,0,0,14,5,0,14,9,1,7,9,9,30,1,2,2,1,0,0,1,1,0,0,99,99,9,37,10,1,0,0,0,0,1,5,0,360591,240,2009,0,SAW MILL RIVER RD,99999999999999999999,0000000,41.01290278,-73.84653611,2,1
36,81,6,4,0,37,3,1,0,1,1,1,0,33,0,1,4,2,9,99,2,1,9,2,0,0,3,2,0,0,99,99,99,99,88,88,0,0,0,0,1,5,1,360592,4170,2009,0,I-495,99999999999999999999,0000000,40.74259167,-73.82769722,1,2
36,47,4,24,19,54,4,5,0,1,2,3,0,25,0,1,2,3,9,99,2,2,9,1,0,0,3,1,0,0,99,99,99,99,99,99,0,14,0,0,1,6,0,360593,4170,2009,0,SR-907C,99999999999999999999,0000000,,,4,1
36,47,6,7,1,50,1,2,1,0,14,6,0,8,0,2,1,9,9,99,1,1,9,1,3,3,3,1,0,0,99,99,99,99,99,99,0,0,0,0,1,1,0,360594,4170,2009,0,REMSEN AVE,FOSTER AVE,0000000,40.64484444,-73.91111389,1,1
36,47,6,27,8,27,1,2,1,0,16,6,0,9,0,2,1,9,9,99,1,1,9,1,3,3,1,1,0,0,99,99,99,99,99,99,0,0,0,0,1,7,0,360595,4170,2009,0,DEAN ST,5TH AVE,0000000,40.68211389,-73.9766,1,1
36,81,6,6,11,45,2,2,0,1,11,1,0,1,0,13,1,6,2,99,2,2,1,1,0,0,1,1,0,0,99,99,99,99,99,99,0,0,0,0,1,7,0,360596,4170,2009,99999,I-878 EXIT RAMP,NORTH RD,0000000,40.66512778,-73.78778333,2,1
36,47,6,9,21,46,5,4,1,0,14,6,0,12,4,2,4,9,9,99,1,1,9,1,3,3,3,1,0,0,99,99,99,99,99,99,0,0,0,0,1,3,0,360597,4170,2009,0,BAY RIDGE PKWY,18TH AVE,0000000,40.61343056,-73.99583889,2,1
36,85,6,22,14,55,2,3,0,0,15,6,0,12,5,2,1,2,5,99,1,1,2,1,3,3,1,1,0,0,14,55,14,58,15,14,0,0,0,0,1,2,0,360598,4170,2009,0,HYLAN BLVD,STEUBEN ST,0000000,40.59811667,-74.07875,2,1
36,67,7,23,17,35,1,1,0,0,15,5,0,30,0,1,4,1,2,55,1,2,1,1,0,0,1,1,0,0,17,38,17,45,88,88,0,0,0,0,1,5,1,360599,4903,2009,0,POMPEY CENTER RD,99999999999999999999,0000000,42.93204444,-75.95209167,1,1
36,47,6,30,17,18,1,3,1,0,6,6,0,9,0,1,1,1,2,99,1,1,2,1,0,0,1,1,0,0,99,99,99,99,99,99,0,0,0,0,1,3,0,360600,4170,2009,99999,MCDONALD AVE,99999999999999999999,0000000,40.62111944,-73.97558333,1,1
36,103,6,9,16,50,3,3,0,0,16,6,0,12,5,2,1,1,9,99,1,1,2,1,20,3,1,1,0,0,16,52,16,56,17,15,0,0,0,0,1,3,1,360601,360,2009,0,CAMPAGNOLI AVE,LEONARDO DAVINCI ST,0000000,40.68234167,-73.40380833,2,1
36,47,7,22,4,21,1,4,3,0,13,6,0,8,0,2,1,9,9,99,1,1,9,1,3,3,1,1,0,0,99,99,99,99,99,99,0,0,0,0,1,4,0,360602,4170,2009,0,4TH AVE,39TH ST,0000000,40.652775,-74.00648056,1,1
36,53,8,23,14,2,2,5,0,1,2,3,0,12,2,8,1,1,2,55,1,2,2,1,0,0,1,1,0,0,14,2,14,10,14,57,0,0,0,0,1,1,0,360603,1010,2009,22,SR-92,WEST LAKE RD,0000000,42.94129167,-75.88068056,2,1
36,67,7,5,20,42,2,3,0,1,13,3,0,12,5,2,1,1,2,40,2,2,2,1,3,3,5,1,0,0,20,43,20,47,21,29,0,0,0,0,2,1,1,360604,3425,2009,19,SR-370,RIVER RD,0000000,43.13228889,-76.25545278,2,1
36,67,7,25,18,45,2,2,0,0,6,5,0,12,5,2,1,1,2,35,1,2,2,1,20,3,5,1,0,0,18,53,19,5,19,28,0,0,0,0,1,7,0,360605,3425,2009,0,TATER RD,SPRAGUE RD,0000000,43.13580278,-76.4542,2,1
36,119,8,29,9,39,1,1,0,0,16,6,0,19,0,2,4,1,3,30,1,1,2,2,3,3,1,2,0,0,9,39,9,46,10,19,0,0,0,0,1,7,0,360606,6130,2009,0,COLUMBUS AVE,MAIN ST,0000000,40.95066944,-73.82795278,1,2
36,55,8,16,18,25,1,1,0,1,1,1,0,24,0,13,4,6,2,45,2,2,2,1,0,0,1,1,0,0,18,29,18,35,88,88,0,0,0,0,1,1,1,360607,2248,2009,99,I-490,SR-531,0000000,43.15693333,-77.71255556,1,1
36,117,9,3,19,48,1,3,1,0,6,5,0,8,0,1,1,1,2,55,1,1,2,1,28,3,5,1,0,0,19,50,19,57,20,36,0,0,0,0,1,5,0,360608,5277,2009,0,LASHER RD,99999999999999999999,0000000,43.18058333,-76.83923611,1,1
36,19,9,7,5,15,1,3,0,0,2,3,0,27,0,1,4,1,2,55,1,1,2,1,0,0,2,1,0,0,5,23,5,31,6,27,0,0,0,0,2,2,0,360609,1440,2009,0,SR-374,99999999999999999999,0000000,44.76398333,-73.78263611,1,1
36,25,9,5,17,35,1,1,0,0,2,3,0,11,0,2,1,1,2,55,2,2,2,1,28,3,1,1,0,0,99,99,17,47,18,22,0,0,0,0,1,7,0,360610,2530,2009,0,SR-30,WALZ RD,0000000,42.02283611,-75.11245278,1,1
36,73,9,4,22,0,1,6,0,0,6,5,0,1,0,1,4,1,2,50,2,1,2,1,0,0,3,5,0,0,22,12,22,20,22,50,0,0,0,0,1,6,0,360611,401,2009,0,OAK ORCHARD RD,99999999999999999999,0000000,43.13768056,-78.16319722,1,5
36,27,9,10,19,48,2,4,0,1,2,3,0,24,0,1,4,1,2,55,2,2,2,1,0,0,2,1,0,0,19,48,19,57,99,99,0,0,0,0,2,5,0,360612,2870,2009,88,SR-9,99999999999999999999,0000000,41.83765,-73.93221111,2,1
36,45,9,7,1,0,1,1,0,0,2,3,0,35,0,2,4,1,2,55,1,1,2,1,4,3,2,1,0,0,1,4,1,6,2,28,0,0,0,0,1,2,0,360613,10,2009,0,SR-178,SR-289,0000000,43.80994167,-76.09353889,1,1
36,55,8,13,14,3,2,2,0,1,13,3,0,12,2,1,1,1,2,55,1,1,2,1,0,0,1,1,0,0,14,8,14,29,99,99,0,0,0,0,1,5,1,360614,1160,2009,14,SR-383,99999999999999999999,0000000,43.07855556,-77.69696389,2,1
36,99,8,27,14,47,2,4,0,0,2,3,0,12,5,2,1,1,2,55,1,1,2,1,0,0,1,1,0,0,14,49,14,52,15,59,0,0,0,0,1,5,0,360615,5630,2009,0,SR-89,WILLOW HILL RD EXT,0000000,42.895775,-76.75323611,2,1
36,111,9,9,18,20,2,2,0,0,5,5,0,12,2,1,1,1,2,40,2,1,2,1,0,0,1,1,0,0,18,20,18,28,19,1,0,0,0,0,1,4,0,360616,3560,2009,0,ORCHARD RD,99999999999999999999,0000000,,,2,1
36,47,2,11,22,15,2,3,1,0,13,6,0,8,0,1,1,9,9,99,1,1,2,2,0,0,3,1,0,0,99,99,99,99,99,99,0,0,0,0,1,4,0,360617,4170,2009,0,ROCKAWAY PKWY,99999999999999999999,0000000,40.6573,-73.91582222,2,1
36,27,9,13,15,47,2,6,0,0,2,3,0,12,5,2,1,1,2,45,1,2,2,1,28,3,1,1,0,0,15,47,15,53,18,45,0,0,0,0,3,1,0,360618,6266,2009,0,SR-82,CAMBY RD,0000000,41.73244444,-73.71515,2,1
36,29,9,3,16,41,7,10,0,1,11,1,0,12,1,1,1,3,3,55,1,1,1,1,0,0,1,1,0,0,16,42,16,50,17,15,0,0,0,0,1,5,0,360619,750,2009,99,I-90,99999999999999999999,0000000,,,7,1
36,47,4,17,20,19,1,1,0,0,13,6,0,33,0,2,4,9,9,99,1,1,2,1,3,3,3,1,0,0,99,99,99,99,99,99,0,0,0,0,1,6,0,360620,4170,2009,0,METROPOLITAN AVE,GARDNER AVE,0000000,40.71376111,-73.92629444,1,1
36,57,9,10,20,9,1,1,0,0,5,5,0,35,0,1,4,1,2,55,2,3,4,1,0,0,2,1,0,0,20,9,20,28,22,13,0,0,0,0,1,5,1,360621,5400,2009,0,BURRELL RD,99999999999999999999,0000000,42.99793056,-74.6103,1,1
36,103,6,20,16,28,2,5,0,1,13,3,0,12,2,1,1,1,9,99,1,1,2,2,0,0,1,1,0,0,99,99,99,99,99,99,0,0,0,0,2,7,0,360622,705,2009,99,SR-25A,99999999999999999999,0000000,40.94391667,-72.85319167,2,1
36,81,9,19,4,36,2,4,0,1,11,1,0,12,1,1,1,3,3,50,1,1,2,1,0,0,3,1,0,0,99,99,99,99,99,99,0,0,0,0,1,7,1,360623,4170,2009,99,I-278,99999999999999999999,0000000,,,2,1
36,113,8,2,4,14,1,1,0,0,6,5,0,1,0,1,4,1,2,40,2,2,2,1,0,0,3,1,0,0,4,14,4,27,5,1,0,0,0,0,1,1,1,360624,0,2009,0,THOMAS RD,99999999999999999999,0000000,43.37992778,-73.83963056,1,1
36,81,7,4,4,45,1,2,1,0,13,6,0,8,0,2,1,5,4,30,1,1,2,1,3,3,4,1,0,0,99,99,4,52,99,99,0,0,0,0,1,7,0,360625,4170,2009,0,NORTHERN BLVD,105TH ST,0000000,40.75773333,-73.86371389,1,1
36,85,8,27,15,26,3,1,0,0,13,6,0,14,3,1,5,1,2,30,1,2,2,1,0,0,1,1,0,0,15,26,15,32,88,88,0,0,0,0,1,5,0,360626,4170,2009,0,FOREST AVE,99999999999999999999,0000000,40.63124444,-74.09333333,1,1
36,103,8,16,14,12,3,2,1,0,16,6,0,14,6,1,5,1,2,30,1,1,2,1,0,0,1,1,0,0,14,12,14,20,14,50,0,0,0,0,1,1,0,360627,5210,2009,0,N WADING RIVER RD,99999999999999999999,0000000,40.96381111,-72.81094444,1,1
36,5,7,26,2,37,1,3,1,0,14,6,0,8,0,2,1,9,9,99,2,1,2,1,3,3,3,1,0,0,99,99,99,99,99,99,0,0,0,0,1,1,0,360628,4170,2009,0,METROPOLITAN AVE,WOOD RD,0000000,40.83751667,-73.86074167,1,1
36,5,7,12,17,46,1,2,1,0,13,6,0,8,0,2,1,1,4,30,1,1,2,1,3,3,1,1,0,0,99,99,99,99,88,88,0,0,0,0,1,1,0,360629,4170,2009,0,E GUNHILL RD,KNAPP ST,0000000,40.86991944,-73.84522778,1,1
36,13,9,20,3,17,1,2,0,0,6,5,0,42,0,1,4,1,2,55,1,2,2,1,20,3,2,1,0,0,3,18,3,31,4,45,0,0,0,0,1,1,1,360630,3525,2009,0,PICKARD HILL RD,99999999999999999999,0000000,42.23016944,-79.30064722,1,1
36,65,9,13,10,1,1,1,0,0,2,3,0,34,0,1,4,1,2,55,1,2,2,1,28,3,1,1,0,0,10,2,10,31,99,99,0,0,0,0,1,1,0,360631,2740,2009,0,SR-274,99999999999999999999,0000000,43.24407778,-75.25686389,1,1
36,55,8,20,16,41,2,2,0,0,15,5,0,12,2,1,1,1,2,45,1,1,2,1,0,0,1,1,0,0,16,41,16,50,99,99,0,0,0,0,1,5,0,360632,1160,2009,0,BEAHAN RD,99999999999999999999,0000000,43.11080556,-77.68760833,2,1
36,59,7,28,21,50,1,2,1,1,2,3,0,8,0,1,1,1,6,40,1,1,2,1,0,0,2,1,0,0,21,50,21,55,22,7,0,0,0,0,1,3,0,360633,2600,2009,0,SR-24,99999999999999999999,0000000,40.72468889,-73.54436944,1,1
36,27,9,4,19,34,1,1,0,0,6,5,0,11,0,2,1,1,2,55,1,1,2,1,28,3,5,1,0,0,19,34,19,42,99,99,0,0,0,0,1,6,0,360634,4690,2009,0,N QUAKER HILL RD,BERRY LN,0000000,41.60032778,-73.54788889,1,1
36,47,7,15,22,41,2,3,1,0,13,6,0,8,0,1,1,9,9,99,1,1,9,1,0,0,3,1,0,0,99,99,99,99,99,99,0,14,0,0,1,4,0,360635,4170,2009,0,OCEAN PKWY,99999999999999999999,0000000,40.63693333,-73.97292222,2,1
36,47,8,26,4,10,2,1,0,1,12,6,0,12,1,1,1,3,9,99,1,1,9,1,0,0,3,1,0,0,99,99,99,99,99,99,0,0,0,0,1,4,1,360636,4170,2009,0,BROOKLYN BRIDGE,99999999999999999999,0000000,40.70569167,-73.996525,2,1
36,47,8,8,5,20,2,3,0,0,16,6,0,12,5,2,1,1,2,99,1,1,9,1,3,3,4,1,0,0,99,99,99,99,88,88,0,0,0,0,1,7,0,360637,4170,2009,0,NEVINS ST,SCHERMERHORN ST,0000000,40.68740833,-73.98189167,2,1
36,81,6,14,17,9,1,1,0,1,1,1,0,26,0,11,4,2,9,99,1,1,2,1,0,0,1,1,0,0,99,99,99,99,88,88,0,0,0,0,1,1,1,360638,4170,2009,0,I-678,58TH RD,0000000,40.74540278,-73.83658056,1,1
36,89,9,13,4,45,1,1,0,0,6,5,0,42,0,1,4,1,2,55,2,1,2,1,0,0,2,1,0,0,5,6,5,25,88,88,0,0,0,0,1,1,1,360639,5020,2009,0,RIVER RD,99999999999999999999,0000000,,,1,1
36,71,9,7,19,41,1,2,1,0,16,5,0,8,0,1,1,9,9,99,1,1,2,1,0,0,5,1,0,0,99,99,99,99,99,99,0,0,0,0,1,2,0,360640,4060,2009,0,WISNER AVE,99999999999999999999,0000000,41.50443056,-74.04068333,1,1
36,59,8,15,2,43,2,2,1,0,14,5,0,8,0,1,1,1,4,30,1,1,2,1,0,0,3,1,0,0,2,44,2,45,88,88,0,14,0,0,1,7,0,360641,2600,2009,0,JERUSALEM AVE,99999999999999999999,0000000,40.70156111,-73.59908611,1,1
36,119,5,23,1,2,2,3,0,0,14,5,0,12,2,2,1,9,2,30,2,2,2,1,0,0,3,1,0,0,1,2,1,6,1,49,0,0,0,0,1,7,0,360642,4120,2009,0,PELHAM RD,PARK AVE,0000000,40.90748056,-73.7733,2,1
36,111,5,15,18,30,2,3,0,0,4,5,0,12,5,2,1,1,2,40,1,2,2,1,20,3,1,1,0,0,18,30,18,40,99,99,0,0,0,0,1,6,0,360643,3560,2009,0,MILTON TURNPIKE,MULBERRY LN,0000000,41.66691667,-73.99427222,2,1
36,59,7,4,21,35,1,3,1,0,16,5,0,8,0,2,1,9,9,99,1,1,9,1,0,0,3,1,0,0,99,99,99,99,99,99,0,0,0,0,1,7,0,360644,2160,2009,0,LONG BEACH AVE,ROOSEVELT AVE,0000000,40.63489722,-73.58614722,1,1
36,91,8,14,12,46,1,1,0,0,2,3,0,24,0,2,4,1,2,99,2,2,9,1,28,3,1,1,0,0,99,99,99,99,99,99,0,0,0,0,1,6,0,360645,1350,2009,0,SR-9N,OLD RIVER RD,0000000,43.27758056,-73.83115,1,1