STATE,COUNTY,MONTH,DAY,HOUR,MINUTE,VE_TOTAL,PERSONS,PEDS,NHS,ROAD_FNC,ROUTE,SP_JUR,HARM_EV,MAN_COLL,REL_JUNC,REL_ROAD,TRAF_FLO,NO_LANES,SP_LIMIT,ALIGNMNT,PROFILE,PAVE_TYP,SUR_COND,TRA_CONT,T_CONT_F,LGT_COND,WEATHER1,WEATHER2,WRK_ZONE,NOT_HOUR,NOT_MIN,ARR_HOUR,ARR_MIN,HOSP_HR,HOSP_MN,SCH_BUS,CF1,CF2,CF3,FATALS,DAY_WEEK,DRUNK_DR,ST_CASE,CITY,YEAR,MILEPT,TWAY_ID,TWAY_ID2,RAIL,LATITUDE,LONGITUD,VE_FORMS,WEATHER
36,29,8,4,1,20,1,4,0,0,13,6,0,5,0,2,1,4,2,30,2,1,2,1,0,0,3,1,0,0,1,25,1,33,1,48,0,0,0,0,1,3,1,360646,750,2009,0,COLONIAL CIRCLE,RICHMOND,0000000,42.92059722,-78.88153333,1,1
36,119,9,27,9,3,1,2,0,0,13,3,0,38,0,1,4,3,3,45,1,1,2,2,0,0,1,2,0,0,9,6,9,9,9,25,0,0,0,0,1,1,0,360647,6820,2009,99,SR-907H,99999999999999999999,0000000,40.90886389,-73.85501111,1,2
36,59,8,15,2,31,2,2,1,1,12,3,0,12,7,1,1,3,4,99,1,1,9,1,0,0,3,1,0,0,99,99,99,99,99,99,0,0,0,0,1,7,0,360648,2600,2009,23,SR-908M,99999999999999999999,0000000,40.67903333,-73.69996111,1,1
36,69,9,19,4,27,1,2,0,0,6,5,0,34,0,1,4,1,2,55,2,3,2,1,0,0,2,1,0,0,4,37,4,47,4,55,0,0,0,0,1,7,1,360649,6280,2009,0,MALONE RD,99999999999999999999,0000000,42.97273611,-77.45690833,1,1
36,47,3,15,1,5,1,2,1,1,13,6,0,8,0,2,1,9,9,99,1,1,9,1,3,3,3,1,0,0,99,99,99,99,99,99,0,0,0,0,1,1,0,360650,4170,2009,0,EASTERN PKWY,FRANKLIN AVE,0000000,40.67069444,-73.95800833,1,1
36,47,3,27,1,10,1,2,1,0,13,6,0,8,0,1,1,9,9,99,1,1,9,1,0,0,3,1,0,0,99,99,99,99,99,99,0,0,0,0,1,6,0,360651,4170,2009,0,UTICA AVE,99999999999999999999,0000000,40.65751111,-73.93118611,1,1
36,119,2,5,9,41,4,6,0,0,13,5,0,12,5,2,1,9,9,99,1,1,9,1,3,3,1,1,0,0,99,99,99,99,99,99,0,0,0,0,1,5,0,360652,6820,2009,0,YONKERS AVE,BELMONT AVE,0000000,40.92276389,-73.86403889,3,1
36,81,3,1,15,30,2,2,0,0,13,6,0,12,2,2,1,9,9,99,1,1,9,1,3,3,1,1,0,0,99,99,99,99,99,99,0,0,0,0,1,1,0,360653,4170,2009,0,GREENPOINT AVE,MIDTOWN EXPRESSWAY,0000000,40.73704722,-73.93138056,2,1
36,47,5,28,8,15,1,2,1,0,14,6,0,9,0,2,1,9,9,99,1,1,9,2,0,0,1,1,0,0,99,99,99,99,99,99,0,0,0,0,1,5,0,360654,4170,2009,0,MORGAN AVE,HARRISON PL,0000000,40.706375,-73.93192778,1,1
36,89,9,4,21,55,1,1,0,0,6,5,0,34,0,1,4,1,2,55,1,1,2,1,0,0,1,1,0,0,21,55,22,2,22,38,0,0,0,0,1,6,1,360655,2500,2009,0,DUBOIS RD,99999999999999999999,0000000,44.46750833,-75.76513056,1,1
36,19,9,9,22,40,1,1,0,0,6,4,0,17,0,1,4,1,2,55,2,2,2,1,28,3,3,1,0,0,22,45,23,0,88,88,0,0,0,0,1,4,0,360656,1817,2009,0,CR-6,99999999999999999999,0000000,44.848475,-73.859925,1,1
36,81,8,12,22,52,5,4,0,0,13,6,0,12,9,1,1,2,2,30,1,1,2,1,0,0,3,1,0,0,99,99,99,99,99,99,0,0,0,0,1,4,0,360657,4170,2009,0,FRANCIS LEWIS BLVD,99999999999999999999,0000000,,,2,1
36,53,9,19,13,13,2,6,0,0,5,5,0,12,2,1,1,1,2,55,1,1,2,1,0,0,1,1,0,0,13,13,13,17,13,54,0,0,0,0,1,7,0,360658,3201,2009,0,NEW BOSTON RD,99999999999999999999,0000000,43.08591667,-75.79670833,2,1
36,111,9,12,3,19,1,1,0,1,2,3,0,35,0,1,4,1,2,55,1,2,2,2,28,3,3,2,0,0,3,19,3,28,88,88,0,0,0,0,1,7,0,360659,3531,2009,0,SR-209,99999999999999999999,0000000,41.87908333,-74.11604444,1,2
36,37,9,16,15,34,1,1,0,0,6,5,0,1,0,1,1,1,2,45,2,2,2,1,28,3,1,1,0,0,15,34,15,45,16,31,0,0,0,0,1,4,0,360660,771,2009,0,SWAMP RD,99999999999999999999,0000000,43.08600278,-78.04565278,1,1
36,89,9,17,20,40,1,1,0,0,6,5,0,37,0,1,4,1,2,55,1,1,4,1,0,0,2,1,0,0,21,5,21,22,88,88,0,0,0,0,1,5,1,360661,4284,2009,0,KINGSLEY RD,99999999999999999999,0000000,44.63798611,-74.77874167,1,1
36,75,9,20,5,25,1,4,0,0,6,4,0,42,0,1,4,1,2,45,2,1,1,1,0,0,2,5,0,0,5,40,5,45,99,99,0,0,0,0,1,1,1,360662,2200,2009,0,CR-8,99999999999999999999,0000000,43.29704167,-76.4645,1,5
36,47,4,26,15,58,4,10,1,0,13,6,0,12,3,2,1,2,4,99,1,1,2,1,3,3,1,1,0,0,99,99,99,99,99,99,0,0,0,0,1,1,1,360663,4170,2009,0,KINGS HWY,E 92ND ST,0000000,40.656225,-73.92125,2,1
36,99,9,20,19,52,1,1,0,0,14,5,0,37,0,1,4,1,2,45,2,1,2,1,28,3,2,1,0,0,19,54,19,59,20,52,0,0,0,0,1,1,1,360664,5630,2009,0,E RIVER RD,99999999999999999999,0000000,42.90577222,-76.8225,1,1
36,9,9,20,22,6,1,1,0,0,6,5,0,1,0,1,1,1,2,35,2,2,2,1,0,0,2,1,0,0,22,6,22,11,22,38,0,0,0,0,1,1,0,360665,110,2009,0,VALLEY VIEW DR,99999999999999999999,0000000,42.10072222,-78.46959167,1,1
36,21,9,28,23,12,1,3,0,0,6,5,0,32,0,1,4,1,2,40,1,1,2,2,0,0,2,1,0,0,23,12,23,20,99,99,0,0,0,0,1,2,0,360666,5977,2009,0,SOUTHERS RD,99999999999999999999,0000000,42.31751111,-73.76900833,1,1
36,59,8,3,22,35,1,2,1,1,2,3,0,8,0,1,1,1,9,99,1,1,9,1,0,0,3,1,0,0,99,99,99,99,99,99,0,0,0,0,1,2,0,360667,2600,2009,0,SR-24,99999999999999999999,0000000,40.70751389,-73.67626944,1,1
36,67,7,3,21,30,1,2,0,0,6,5,0,1,0,1,4,1,2,55,2,2,2,1,0,0,2,1,0,0,99,99,99,99,99,99,0,0,0,0,1,6,1,360668,6140,2009,0,SKY HIGH RD,99999999999999999999,0000000,42.83213889,-76.08431389,1,1
36,67,7,15,23,28,1,1,0,0,13,5,0,1,0,1,1,1,2,50,1,1,2,1,0,0,2,1,0,0,23,28,23,36,88,88,0,0,0,0,1,4,1,360669,1166,2009,0,E TAFT RD,99999999999999999999,0000000,43.12294444,-76.01895278,1,1
36,67,9,13,2,0,1,1,0,0,6,5,0,42,0,1,4,1,2,40,2,1,2,2,0,0,2,1,0,0,2,0,2,14,88,88,0,0,0,0,1,1,1,360670,9999,2009,0,NUNNERY RD,99999999999999999999,0000000,42.85135,-76.33682778,1,1
36,1,9,21,14,56,2,3,0,0,16,5,0,12,5,1,1,1,2,30,1,1,2,1,0,0,1,1,0,0,14,56,15,0,99,99,0,0,0,0,1,2,0,360671,50,2009,0,HOLLAND AVE,99999999999999999999,0000000,42.65251389,-73.77570278,2,1
36,91,9,21,16,12,2,2,0,1,2,3,0,12,5,2,1,1,2,55,1,1,2,1,20,3,1,1,0,0,16,24,16,27,99,99,0,0,0,0,1,2,0,360672,390,2009,0,SR-29,STONE CHURCH RD,0000000,43.07166111,-73.87788611,2,1
36,1,8,15,0,2,2,3,0,0,15,5,0,12,5,2,1,1,4,30,1,1,2,1,3,3,3,1,0,0,0,3,0,7,0,22,0,0,0,0,1,7,0,360673,50,2009,0,QUAIL ST,MADISON AVE,0000000,42.65952778,-73.779975,2,1
36,81,10,2,17,19,1,2,1,0,13,6,0,8,0,2,3,3,9,30,1,1,2,1,3,3,1,1,0,0,99,99,99,99,99,99,0,0,0,0,1,6,0,360674,4170,2009,0,METROPOLITAN AVE,FLUSHING AVE,0000000,40.7135,-73.91569444,1,1
36,103,8,12,20,21,1,3,1,0,4,5,0,9,0,2,2,3,2,30,1,1,2,2,28,3,3,2,0,0,20,21,21,12,21,34,0,0,0,0,1,4,1,360675,5810,2009,0,PONQUOGUE AVE,ARGONNE RD E,0000000,40.87414444,-72.52077222,1,2
36,5,9,27,10,0,1,2,1,0,16,6,0,8,0,2,1,1,9,30,1,1,2,2,3,3,1,1,0,0,10,3,10,6,10,16,0,0,0,0,1,1,0,360676,4170,2009,0,E TREMONT AVE,WASHINGTON AVE,0000000,,,1,1
36,61,9,19,15,45,1,2,1,0,16,6,0,8,0,2,1,4,4,30,1,1,2,1,3,3,1,1,0,0,99,99,99,99,99,99,0,0,0,0,1,7,0,360677,4170,2009,0,W 45TH ST,8TH AVE,0000000,40.75916389,-73.98839167,1,1
36,71,9,5,0,10,1,3,0,0,5,4,0,1,0,1,4,1,2,55,2,2,2,1,0,0,2,1,0,0,0,10,0,19,99,99,0,0,0,0,1,7,0,360678,4828,2009,0,CR-89,99999999999999999999,0000000,,,1,1
36,29,9,29,22,17,2,6,0,0,16,6,0,12,5,2,1,1,2,30,1,1,2,2,20,3,3,1,0,0,22,29,22,34,23,10,0,0,0,0,1,3,1,360679,750,2009,0,PECKHAM,CLARK,0000000,42.88780278,-78.83616944,2,1
36,61,9,26,23,3,1,3,1,0,13,6,0,8,0,2,1,1,4,30,1,1,2,2,0,0,3,2,0,0,99,99,99,99,99,99,0,0,0,0,1,7,1,360680,4170,2009,0,BROADWAY,W 174TH ST,0000000,40.84543056,-73.93867222,1,2
36,25,9,18,21,10,1,1,0,1,2,3,0,24,0,1,4,3,4,55,2,1,2,1,0,0,2,1,0,0,21,13,21,23,22,6,0,0,0,0,1,6,1,360681,1510,2009,0,SR-17,99999999999999999999,0000000,42.00777222,-75.36271389,1,1
36,7,8,18,16,11,2,2,0,0,3,3,0,12,1,1,1,1,2,55,1,1,2,1,0,0,1,1,0,0,16,11,16,12,21,30,0,0,0,0,1,3,1,360682,3280,2009,64,SR-79,99999999999999999999,0000000,42.35419722,-76.01747222,2,1
36,17,7,12,15,12,2,6,0,1,2,3,0,12,5,4,2,1,2,55,1,1,2,1,0,0,1,1,0,0,15,12,15,20,16,42,0,0,0,0,1,1,0,360683,4350,2009,0,SR-12,99999999999999999999,0000000,42.49008889,-75.53531944,2,1
36,119,9,4,19,34,2,7,0,1,13,3,0,12,2,2,1,1,2,50,1,1,2,1,0,0,5,1,0,0,19,35,19,39,20,20,0,0,0,0,1,6,1,360684,1379,2009,16,SR-9,SUSAN LANE,0000000,41.31743889,-73.93026389,2,1
36,77,9,19,20,19,2,3,0,0,14,3,0,12,5,8,1,1,2,55,1,2,2,1,0,0,2,1,0,0,20,38,21,2,21,30,0,0,0,0,1,7,0,360685,4490,2009,19,SR-23,SR-28,0000000,42.44809722,-75.031175,2,1
36,67,9,20,20,16,2,2,0,1,11,1,0,12,2,13,1,6,2,65,1,1,2,1,0,0,3,1,0,0,20,16,20,20,99,99,0,0,0,0,1,1,1,360686,5800,2009,0,I-690,SR-695,0000000,43.07402778,-76.21040833,2,1
36,103,9,13,11,9,3,4,0,1,12,3,0,12,1,1,1,3,3,55,1,1,2,1,0,0,1,1,0,0,11,9,11,15,11,46,0,0,0,0,1,1,0,360687,360,2009,19,SR-908M,99999999999999999999,0000000,40.72062778,-73.39876111,3,1
36,5,10,2,13,30,2,4,1,0,16,6,0,12,5,2,1,4,2,99,1,1,2,1,3,3,1,1,0,0,99,99,99,99,99,99,0,0,0,0,1,6,0,360688,4170,2009,0,W190TH ST,JEROME AVE,0000000,40.86378333,-73.90027778,2,1
36,5,8,18,20,55,1,3,1,0,13,6,0,8,0,1,7,1,6,30,1,1,2,1,0,0,5,1,0,0,99,99,99,99,99,99,0,0,0,0,1,3,0,360689,4170,2009,0,E TREMONT,99999999999999999999,0000000,40.82451944,-73.81992778,1,1
36,59,8,28,1,40,1,1,0,1,2,3,0,33,0,10,4,2,3,40,1,1,2,1,0,0,3,1,0,0,1,44,2,19,2,31,0,0,0,0,1,6,0,360690,4600,2009,0,SR-25,S SERVICE RD,0000000,40.78164722,-73.55759722,1,1
36,59,8,23,4,15,1,3,2,1,2,3,0,8,0,1,1,3,3,40,1,1,2,1,0,0,3,1,0,0,4,17,4,19,4,28,0,0,0,0,2,1,1,360691,2600,2009,0,SR-24,99999999999999999999,0000000,40.72464167,-73.56036667,1,1
36,103,9,13,3,20,1,2,1,1,2,3,0,8,0,2,1,3,3,55,1,1,2,2,3,3,3,1,0,0,3,25,3,35,3,59,0,0,0,0,1,1,0,360692,360,2009,0,SR-110,GRUMMAN,0000000,40.72818611,-73.42370278,1,1
36,103,9,27,19,5,1,3,2,0,16,5,0,8,0,2,1,1,5,40,1,1,2,1,0,0,3,1,0,0,19,9,19,13,19,31,0,0,0,0,2,1,0,360693,450,2009,0,5TH AVE,5TH INDUSTRIES CT,0000000,40.75296389,-73.26289722,1,1
36,103,8,31,21,17,2,2,0,0,16,5,0,12,5,2,1,1,5,40,1,1,2,1,3,3,3,1,0,0,21,20,21,23,21,46,0,0,0,0,1,2,0,360694,705,2009,0,MIDDLE COUNTRY RD,HOLBROOK RD,0000000,40.85842222,-73.08241667,2,1
36,103,9,25,16,12,2,2,0,1,2,3,0,12,5,2,1,1,2,45,1,1,2,1,3,3,1,1,0,0,16,12,16,19,99,99,0,0,0,0,1,6,0,360695,705,2009,0,SR-25,SMITH RD,0000000,40.85834167,-73.09951389,2,1
36,103,9,3,10,15,2,1,0,0,15,5,0,14,1,1,7,2,2,30,1,1,2,1,0,0,1,1,0,0,10,19,10,25,99,99,0,0,0,0,1,5,0,360696,705,2009,0,HORSEBLOCK RD,99999999999999999999,0000000,40.85686389,-73.07497222,1,1
36,59,6,5,9,55,2,3,0,0,14,5,0,12,5,2,1,9,9,99,1,1,9,2,0,0,1,2,0,0,99,99,99,99,99,99,0,0,0,0,1,6,0,360697,4600,2009,0,JERUSALEM AVE,WALNUT LN,0000000,40.74870278,-73.51814722,2,2
36,123,10,11,23,14,1,1,0,0,6,5,0,35,0,1,4,1,2,55,1,1,2,1,0,0,2,1,0,0,23,35,0,5,88,88,0,0,0,0,1,1,1,360698,4740,2009,0,NORRIS RD,99999999999999999999,0000000,42.60564722,-76.95517222,1,1
36,105,9,5,18,30,1,1,0,0,2,3,0,34,0,1,4,1,2,55,2,2,2,1,28,3,5,1,0,0,18,30,19,0,99,99,0,0,0,0,1,7,1,360699,3995,2009,0,SR-97,99999999999999999999,0000000,41.61659722,-75.04044167,1,1
36,119,7,26,13,35,3,11,0,1,2,3,0,12,2,1,1,2,3,55,1,1,2,1,0,0,1,1,0,0,13,38,13,43,17,20,0,0,0,0,8,1,1,360700,6040,2009,41,SR-987G,99999999999999999999,0000000,41.12418889,-73.8098,3,1
36,67,7,5,7,47,1,2,0,1,11,1,0,24,0,1,4,3,2,65,2,2,2,1,0,0,1,1,0,0,99,99,99,99,99,99,0,0,0,0,1,1,1,360701,6010,2009,12,I-81,99999999999999999999,0000000,43.00541667,-76.13333611,1,1
36,29,8,10,23,4,2,6,0,0,3,3,0,12,5,4,1,1,2,55,1,1,2,1,0,0,2,1,0,0,23,4,23,22,23,57,0,0,0,0,1,2,0,360702,2739,2009,12,SR-16,BLANCHARD RD,0000000,42.675375,-78.56151667,2,1
36,105,8,23,15,41,1,1,0,0,6,4,0,34,0,1,4,1,2,35,2,2,2,1,0,0,1,1,0,0,15,57,16,30,99,99,0,0,0,0,1,1,0,360703,3995,2009,0,CR-111,99999999999999999999,0000000,41.60320833,-75.03763056,1,1
36,59,8,17,3,38,2,2,0,1,12,3,0,12,1,1,1,3,4,55,1,2,1,1,0,0,3,1,0,0,3,38,3,41,99,99,0,0,0,0,1,2,0,360704,2600,2009,0,SR-908M,99999999999999999999,0000000,40.683275,-73.68225556,2,1
36,59,10,6,15,28,2,4,0,0,13,3,0,12,5,2,1,1,4,50,1,1,2,1,3,3,1,1,0,0,99,99,99,99,99,99,0,0,0,0,1,3,0,360705,710,2009,81,SR-25A,POST LANE,0000000,40.81991389,-73.60028056,2,1
36,55,9,5,4,4,1,1,0,0,16,6,0,30,0,1,4,1,2,40,2,1,2,1,0,0,2,1,0,0,4,5,4,11,88,88,0,0,0,0,1,7,1,360706,2606,2009,0,E RIVER RD,99999999999999999999,0000000,43.01735556,-77.70870278,1,1
36,91,9,13,11,18,3,7,0,0,16,5,0,12,1,2,1,1,2,55,1,1,2,1,0,0,1,1,0,0,11,18,11,26,99,99,0,0,0,0,1,1,0,360707,390,2009,0,ROWLAND ST,ADAMS RD,0000000,43.06486944,-73.850175,3,1
36,109,9,13,0,25,1,1,0,0,4,3,0,34,0,1,4,1,2,45,2,1,2,1,0,0,3,1,0,0,0,25,0,30,1,45,0,0,0,0,1,1,1,360708,3146,2009,1,SR-34B,99999999999999999999,0000000,42.53803056,-76.50771667,1,1
36,27,9,20,0,15,1,1,0,0,6,5,0,30,0,1,4,9,9,99,2,2,9,1,28,3,2,1,0,0,99,99,99,99,99,99,0,0,0,0,1,1,1,360709,2785,2009,0,HOLMES RD,99999999999999999999,0000000,41.51953611,-73.69478611,1,1
36,45,10,5,7,36,1,1,0,1,2,3,0,34,0,1,4,1,2,55,2,1,2,2,0,0,1,1,0,0,7,39,7,55,8,35,0,0,0,0,1,2,0,360710,2605,2009,0,SR-3,99999999999999999999,0000000,43.86638889,-76.19303889,1,1
36,115,10,11,3,50,1,2,0,0,6,5,0,34,0,1,4,1,2,55,2,3,2,1,0,0,3,1,0,0,3,51,3,56,4,52,0,0,0,0,1,1,0,360711,790,2009,0,CR-61,99999999999999999999,0000000,43.09828889,-73.38764167,1,1
36,59,9,29,6,18,1,2,1,1,2,3,0,8,0,1,1,2,6,40,1,1,2,1,0,0,4,1,0,0,99,99,99,99,99,99,0,0,0,0,1,3,0,360712,3380,2009,0,SR-27,99999999999999999999,0000000,40.65760833,-73.68852222,1,1
36,59,10,12,20,30,2,2,0,1,2,3,0,25,0,1,2,3,3,55,1,1,2,1,0,0,2,1,0,0,20,31,20,32,21,1,0,0,0,0,1,2,0,360713,4600,2009,0,SR-135,99999999999999999999,0000000,40.71506111,-73.47845,2,1
36,103,3,14,19,30,2,5,0,0,15,6,0,12,5,2,1,1,2,99,1,1,9,1,20,3,1,1,0,0,99,99,99,99,99,99,0,0,0,0,1,7,1,360714,2920,2009,0,HOWELLS RD,GARDEN CITY AVE,0000000,,,2,1
36,67,9,11,3,15,1,3,2,1,1,1,0,8,0,1,1,3,9,55,2,1,2,1,0,0,2,1,0,0,3,16,3,26,3,46,0,0,0,0,1,6,0,360715,6010,2009,0,I-81,99999999999999999999,0000000,43.06830833,-76.1667,1,1
36,67,8,24,18,44,1,3,1,0,16,5,0,15,0,2,1,1,2,30,1,1,2,1,0,0,1,1,0,0,18,46,18,51,19,3,0,0,0,0,1,2,0,360716,6010,2009,0,CARBON ST,COMMONWEALTH AVE,0000000,43.071975,-76.16280556,1,1
36,101,6,22,23,35,1,1,0,0,2,3,0,30,0,1,4,1,2,55,2,2,2,1,0,0,2,1,0,0,23,52,0,15,88,88,0,0,0,0,1,2,1,360717,813,2009,0,SR-415,99999999999999999999,0000000,42.18188333,-77.1393,1,1
36,39,10,4,20,54,1,4,0,0,6,5,0,42,0,1,4,1,2,45,1,2,2,1,28,3,2,1,0,0,22,55,23,55,0,55,0,0,0,0,3,1,0,360718,2437,2009,0,E RED MILL RD,99999999999999999999,0000000,42.390025,-74.0415,1,1
36,81,7,3,3,33,1,2,1,0,16,6,0,8,0,2,1,9,9,99,1,1,2,1,3,3,3,1,0,0,99,99,99,99,88,88,0,0,0,0,1,6,0,360719,4170,2009,0,149TH PL,SANFORD AVE,0000000,40.76040833,-73.81512222,1,1
36,67,9,16,20,0,1,1,0,0,16,5,0,53,0,1,4,1,2,45,2,3,2,2,28,3,2,1,0,0,20,1,20,9,20,47,0,0,0,0,1,4,0,360720,380,2009,0,HERMAN RD,99999999999999999999,0000000,43.10223611,-76.2964,1,1
36,103,10,1,22,17,3,5,0,1,2,3,0,12,1,1,1,3,3,55,1,1,2,1,0,0,3,1,0,0,22,18,22,22,99,99,0,0,0,0,1,5,1,360721,360,2009,0,SR-908M,99999999999999999999,0000000,40.725275,-73.380175,3,1
36,67,8,1,18,45,2,3,0,1,2,2,0,12,5,1,1,1,9,35,1,1,2,1,0,0,1,1,0,0,18,45,19,5,19,49,0,0,0,0,1,7,1,360722,6010,2009,0,US-11,99999999999999999999,0000000,43.12184722,-76.14280833,2,1
36,85,7,25,11,0,2,2,0,0,14,6,0,12,5,1,1,9,9,99,1,1,2,1,0,0,1,1,0,0,99,99,99,99,99,99,0,0,0,0,1,7,0,360723,4170,2009,0,NARROWS RD N,99999999999999999999,0000000,40.60583889,-74.07272222,2,1
36,77,10,9,16,35,2,2,0,0,6,4,0,12,2,1,1,1,2,55,2,2,2,2,0,0,1,2,0,0,99,99,99,99,99,99,0,0,0,0,1,6,0,360724,9999,2009,0,CR-13,99999999999999999999,0000000,42.60640833,-75.293975,2,2
36,113,9,11,16,48,2,3,0,1,2,3,0,12,2,1,1,1,2,45,2,2,2,2,28,3,1,2,0,0,16,48,16,52,17,43,0,0,0,0,1,6,0,360725,5068,2009,0,SR-149,99999999999999999999,0000000,43.39678333,-73.63127222,2,2
36,71,10,11,4,20,1,1,0,0,2,3,0,30,0,1,4,1,2,55,1,1,2,1,0,0,1,1,0,0,4,20,4,25,88,88,0,0,0,0,1,1,1,360726,3840,2009,0,SR-211,99999999999999999999,0000000,41.496075,-74.27044167,1,1
36,39,10,1,13,58,2,2,0,0,2,3,0,12,2,1,1,1,2,55,2,3,2,1,0,0,1,1,0,0,14,0,14,7,16,4,0,0,0,0,1,5,0,360727,4045,2009,26,SR-9W,99999999999999999999,0000000,42.44093611,-73.81351389,2,1
36,59,6,20,22,55,1,1,0,0,15,5,0,42,0,1,4,9,9,99,2,1,9,2,28,3,2,2,0,0,99,99,99,99,99,99,0,0,0,0,1,7,1,360728,5440,2009,0,MIDDLENECK RD,99999999999999999999,0000000,40.85491667,-73.69673889,1,2
36,27,8,27,18,48,2,3,0,1,2,3,0,12,5,2,1,1,4,45,1,1,2,1,3,3,1,1,0,0,18,51,19,0,19,30,0,0,0,0,1,5,0,360729,4690,2009,0,SR-22,QUAKER HILL RD,0000000,41.55406667,-73.59307778,2,1
36,75,10,20,13,7,2,3,0,1,2,3,0,12,2,1,1,1,2,55,1,1,2,1,0,0,1,1,0,0,99,99,99,99,99,99,0,0,0,0,2,3,0,360730,2540,2009,0,SR-3,99999999999999999999,0000000,43.32623889,-76.555375,2,1
36,119,10,22,15,35,2,1,0,0,15,5,0,14,1,1,7,9,2,20,1,2,2,1,0,0,1,1,0,0,99,99,99,99,99,99,0,0,0,0,1,5,0,360731,5350,2009,0,MILTON RD,99999999999999999999,0000000,40.97336111,-73.68516389,1,1
36,29,9,1,20,50,1,7,1,0,15,5,0,8,0,1,1,2,4,45,1,1,2,1,0,0,1,1,0,0,20,50,20,53,21,14,0,0,0,0,1,3,0,360732,156,2009,0,TRANSIT RD,99999999999999999999,0000000,43.02726944,-78.69702222,1,1
36,71,8,23,18,8,1,2,0,1,1,1,0,1,0,1,1,2,4,65,1,1,2,1,0,0,1,1,0,0,18,9,18,15,18,58,0,0,0,0,1,1,0,360733,3840,2009,26,I-84,99999999999999999999,0000000,,,1,1
36,71,8,30,3,0,1,1,0,0,2,3,0,42,0,1,4,1,4,45,1,1,2,1,0,0,3,5,0,0,6,8,6,11,88,88,0,0,0,0,1,1,1,360734,5742,2009,0,SR-17M,99999999999999999999,0000000,41.41775833,-74.42610833,1,5
36,37,9,26,16,50,1,1,0,1,1,1,0,24,0,1,4,2,2,65,2,2,2,2,0,0,1,2,0,0,16,55,17,55,88,88,0,0,0,0,1,7,0,360735,4725,2009,4209,I-90,99999999999999999999,0000000,,,1,2
36,109,10,18,0,3,1,1,0,0,6,5,0,42,0,1,4,1,2,55,2,1,2,1,0,0,2,1,0,0,0,3,0,11,88,88,0,0,0,0,1,1,0,360736,2940,2009,0,IRADELL RD,99999999999999999999,0000000,42.48121944,-76.57640278,1,1
36,59,10,21,9,45,1,1,0,0,16,5,0,27,0,1,4,1,2,30,1,1,1,1,0,0,1,1,0,0,9,50,9,53,10,22,0,0,0,0,1,4,0,360737,3380,2009,0,FOREST AVE,99999999999999999999,0000000,40.6513,-73.66538889,1,1
36,51,10,21,13,48,1,2,0,1,1,1,0,24,0,1,4,3,2,65,2,2,1,1,0,0,1,1,0,0,13,50,14,0,16,0,0,0,0,0,1,4,0,360738,2250,2009,0,I-390,99999999999999999999,0000000,42.75621389,-77.83890833,1,1
36,45,10,23,17,20,1,2,0,0,6,5,0,34,0,1,4,1,2,55,1,2,4,2,0,0,1,2,0,0,17,20,99,99,99,99,0,0,0,0,2,6,1,360739,3075,2009,0,MIDDLE RD,99999999999999999999,0000000,44.22269167,-75.96191944,1,2
36,39,9,21,0,0,1,1,0,0,2,3,0,24,0,1,4,1,2,55,2,2,2,1,0,0,2,1,0,0,0,42,0,50,99,99,0,0,0,0,1,2,0,360740,2830,2009,0,SR-23A,99999999999999999999,0000000,42.20051389,-74.19196111,1,1
36,47,8,9,11,43,3,3,1,0,16,6,0,8,0,2,1,9,9,99,1,1,9,1,3,3,1,1,0,0,99,99,99,99,99,99,0,0,0,0,1,1,0,360741,4170,2009,0,W 6TH ST,AVENUE O,0000000,40.61066111,-73.98023889,1,1
36,47,8,10,10,27,1,2,1,0,14,6,0,8,0,2,1,9,9,99,1,1,9,1,20,3,1,1,0,0,99,99,99,99,99,99,0,0,0,0,1,2,0,360742,4170,2009,0,NEW UTRECHT AVE,64TH ST,0000000,40.62466944,-73.99759722,1,1
36,59,10,29,0,23,1,1,0,0,14,5,0,38,0,1,4,1,2,35,2,1,2,2,28,3,3,1,0,0,0,23,0,30,1,38,0,0,0,0,1,5,1,360743,3600,2009,0,PIPING ROCK RD,99999999999999999999,0000000,40.85037222,-73.58855,1,1
36,59,9,16,21,10,1,2,1,0,19,6,0,8,0,1,1,3,2,99,2,1,9,1,0,0,3,1,0,0,99,99,99,99,99,99,0,0,0,0,1,4,0,360744,1678,2009,0,PARK BLVD,99999999999999999999,0000000,,,1,1
36,111,10,31,8,0,1,1,0,0,6,5,0,42,0,1,4,1,2,35,2,2,1,2,0,0,1,2,0,0,8,21,8,35,88,88,0,0,0,0,1,7,0,360745,6008,2009,0,GREENVILLE RD,99999999999999999999,0000000,41.87703889,-74.40688056,1,2
36,29,10,10,23,27,2,4,1,0,6,5,0,9,0,1,1,1,4,50,1,1,2,1,0,0,3,1,0,0,23,27,23,30,88,88,0,0,0,0,1,7,0,360746,1899,2009,0,ERIE RD,99999999999999999999,0000000,42.63111667,-79.052125,2,1
36,53,9,18,12,49,2,2,0,0,4,5,0,12,5,1,1,1,3,55,2,2,2,2,28,3,1,2,0,0,12,49,12,54,13,46,0,0,0,0,1,6,0,360747,1222,2009,0,OXBOW RD,99999999999999999999,0000000,43.03181944,-75.74099167,2,2
36,19,10,16,12,55,2,4,0,0,2,3,0,12,2,1,1,1,2,55,2,1,2,1,28,3,1,1,0,0,12,55,13,9,15,0,0,0,0,0,2,6,0,360748,4880,2009,0,SR-190,99999999999999999999,0000000,44.73095833,-73.54173056,2,1