STATE,COUNTY,MONTH,DAY,HOUR,MINUTE,VE_TOTAL,PERSONS,PEDS,NHS,ROAD_FNC,ROUTE,SP_JUR,HARM_EV,MAN_COLL,REL_JUNC,REL_ROAD,TRAF_FLO,NO_LANES,SP_LIMIT,ALIGNMNT,PROFILE,PAVE_TYP,SUR_COND,TRA_CONT,T_CONT_F,LGT_COND,WEATHER1,WEATHER2,WRK_ZONE,NOT_HOUR,NOT_MIN,ARR_HOUR,ARR_MIN,HOSP_HR,HOSP_MN,SCH_BUS,CF1,CF2,CF3,FATALS,DAY_WEEK,DRUNK_DR,ST_CASE,CITY,YEAR,MILEPT,TWAY_ID,TWAY_ID2,RAIL,LATITUDE,LONGITUD,VE_FORMS,WEATHER
36,27,10,22,6,49,2,2,0,1,2,3,0,12,2,2,1,1,4,45,1,1,2,1,28,3,4,1,0,0,6,49,6,55,7,37,0,0,0,0,1,5,0,360749,4885,2009,0,SR-44,TACONIC STATE PKWY,0000000,41.77630556,-73.76847222,2,1
36,55,10,29,8,7,2,2,0,0,14,5,0,12,2,1,1,1,2,40,1,1,2,2,0,0,1,1,0,0,8,7,8,11,8,50,0,0,0,0,1,5,0,360750,5230,2009,0,BUFFALO RD,99999999999999999999,0000000,43.15001667,-77.6763,2,1
36,59,7,13,20,52,1,2,1,0,15,6,0,8,0,1,1,1,2,99,1,1,9,1,0,0,3,1,0,0,99,99,99,99,99,99,0,0,0,0,1,2,0,360751,6250,2009,0,N CENTRAL AVE,99999999999999999999,0000000,40.67737222,-73.70950833,1,1
36,61,11,4,8,40,1,2,1,0,15,6,0,8,0,2,1,9,9,30,1,1,2,1,3,3,1,1,0,0,99,99,99,99,99,99,0,0,0,0,1,4,0,360752,4170,2009,0,W 53RD ST,9TH AVE,0000000,40.76544444,-73.98764167,1,1
36,27,10,9,14,15,2,2,0,0,16,4,0,12,5,1,1,1,2,35,1,3,2,2,0,0,1,1,0,0,14,16,14,35,15,32,0,0,0,0,1,6,0,360753,4835,2009,0,CR-50,99999999999999999999,0000000,,,2,1
36,59,8,29,19,33,2,3,0,0,16,6,0,12,5,2,1,1,4,99,1,2,9,1,3,3,1,1,0,0,99,99,99,99,99,99,0,0,0,0,1,7,0,360754,2280,2009,0,FOREST AVE,FORD ST,0000000,40.87433611,-73.61603889,2,1
36,59,9,20,1,5,3,4,0,0,14,6,0,12,5,2,1,1,4,30,1,1,2,1,20,3,3,1,0,0,1,9,1,10,99,99,0,0,0,0,1,1,1,360755,2600,2009,0,JERUSALEM AVE,HAWTHORNE AVE,0000000,40.70178056,-73.60021389,2,1
36,61,10,22,20,35,3,2,0,1,13,6,0,14,3,1,7,9,2,30,1,2,2,1,0,0,3,1,0,0,99,99,99,99,99,99,0,0,0,0,1,5,0,360756,4170,2009,0,AMSTERDAM AVE,99999999999999999999,0000000,40.84413056,-73.93379444,2,1
36,55,9,26,19,8,1,2,1,0,14,5,0,8,0,2,1,1,2,30,1,1,2,2,0,0,3,2,0,0,19,8,19,9,19,35,0,0,0,0,1,7,0,360757,5230,2009,0,E MAIN ST,QUINCY ST,0000000,43.16029444,-77.57002222,1,2
36,21,10,20,8,41,2,2,0,1,2,3,0,12,2,1,1,1,2,55,2,1,2,1,0,0,1,1,0,0,8,42,8,59,88,88,0,0,0,0,1,3,0,360758,1195,2009,0,SR-9G,99999999999999999999,0000000,42.10328611,-73.89614444,2,1
36,71,10,4,13,10,3,1,0,1,13,2,0,25,0,1,4,3,2,25,2,2,2,1,98,3,1,1,0,0,99,99,99,99,88,88,0,0,0,0,1,1,0,360759,1431,2009,34,US-97,99999999999999999999,0000000,41.42251944,-74.73333889,1,1
36,101,10,2,21,51,2,2,0,0,2,4,0,12,5,1,1,1,2,55,2,1,2,2,0,0,2,2,0,0,21,51,22,19,23,30,0,0,0,0,1,6,1,360760,6102,2009,0,CR-103,99999999999999999999,0000000,42.00740556,-77.47991944,2,2
36,111,11,1,0,9,1,1,0,0,5,5,0,24,0,1,4,1,2,45,1,2,2,2,28,3,2,1,0,0,0,10,0,21,88,88,0,0,0,0,1,1,1,360761,5480,2009,0,GLASCO TPK,99999999999999999999,0000000,42.04668056,-74.05010556,1,1
36,29,10,31,0,11,1,1,0,0,16,5,0,24,0,2,4,1,2,15,1,1,2,1,20,3,3,1,0,0,99,99,99,99,0,37,0,0,0,0,1,7,1,360762,2485,2009,0,JEFFREY BLVD,MILESTRIP RD,0000000,42.78945,-78.83458611,1,1
36,45,10,31,3,30,1,1,0,0,6,5,0,42,0,1,4,1,2,55,1,1,2,1,0,0,2,1,0,0,3,43,3,43,4,17,0,0,0,0,1,7,1,360763,10,2009,0,FULLER RD,99999999999999999999,0000000,43.82960556,-75.98753889,1,1
36,111,11,1,16,31,1,1,0,0,5,5,0,42,0,1,4,1,2,30,1,2,2,1,0,0,5,1,0,0,16,31,16,41,17,20,0,0,0,0,1,1,1,360764,5480,2009,0,GLASCO TPK,99999999999999999999,0000000,,,1,1
36,39,10,25,4,15,1,3,0,0,6,5,0,30,0,1,4,1,2,40,2,1,2,1,28,3,2,1,0,0,4,17,4,25,10,0,0,0,0,0,1,1,1,360765,6030,2009,0,PLATTE COVE RD,99999999999999999999,0000000,,,1,1
36,109,9,11,16,22,2,2,0,0,16,5,0,12,5,2,1,1,2,45,1,1,2,2,20,3,1,2,0,0,16,22,16,28,99,99,0,0,0,0,1,6,0,360766,1590,2009,0,HANSHAW RD,ETNA RD,0000000,42.48655278,-76.43137222,2,2
36,35,11,4,22,16,1,2,0,0,16,4,0,42,0,1,4,1,2,55,2,1,2,1,28,3,1,1,0,0,22,19,22,23,0,30,0,0,0,0,1,4,0,360767,2980,2009,0,CR-131,99999999999999999999,0000000,43.04765833,-74.41246111,1,1
36,43,10,31,18,50,1,2,1,0,14,5,0,8,0,1,1,1,2,45,1,1,2,2,28,3,3,2,0,0,18,52,18,56,88,88,0,0,0,0,1,7,0,360768,2610,2009,0,W GERMAN ST,99999999999999999999,0000000,43.01901111,-75.005775,1,2
36,67,10,31,13,7,1,3,1,0,14,5,0,8,0,1,1,1,4,30,1,2,2,1,0,0,1,1,0,0,13,8,13,9,13,26,0,0,0,0,1,7,0,360769,5800,2009,0,W GENESS ST,99999999999999999999,0000000,43.04853889,-76.19675278,1,1
36,27,10,18,0,16,1,2,1,1,2,3,0,8,0,1,1,1,2,45,1,1,2,1,0,0,2,1,0,0,0,16,0,25,2,30,0,0,0,0,1,1,0,360770,3760,2009,44,SR-44,99999999999999999999,0000000,41.78040556,-73.74891667,1,1
36,17,10,16,15,45,2,2,0,1,2,3,0,12,5,1,1,1,2,55,2,2,2,1,28,3,1,1,0,0,15,45,16,2,16,30,0,0,0,0,1,6,1,360771,4050,2009,0,SR-8,99999999999999999999,0000000,42.67801944,-75.33024722,2,1
36,89,10,29,10,6,2,2,0,0,6,4,0,12,5,1,1,1,2,55,2,1,2,1,28,3,1,1,0,0,10,8,10,16,11,30,0,0,0,0,1,5,0,360772,619,2009,0,CR-38,99999999999999999999,0000000,44.86268333,-74.81376111,2,1
36,73,10,28,21,15,2,3,0,0,3,3,0,12,5,2,1,1,2,55,1,1,2,2,20,3,6,2,0,0,21,21,21,23,99,99,0,0,0,0,1,4,0,360773,1176,2009,1,SR-31A,S HOLLEY RD,0000000,43.19505,-78.02672222,2,2
36,103,9,28,5,50,1,1,0,1,2,3,0,42,0,1,4,1,2,50,1,1,2,1,0,0,3,1,0,0,6,5,99,99,88,88,0,0,0,0,1,2,0,360774,705,2009,0,SR-112,99999999999999999999,0000000,40.89265556,-73.01567222,1,1
36,103,10,15,22,16,1,4,1,0,14,5,0,9,0,2,1,1,9,99,1,2,9,2,0,0,3,2,0,0,99,99,99,99,99,99,0,0,0,0,1,5,0,360775,705,2009,0,ROCKY POINT RD,BROOKHAVEN DR,0000000,40.96246667,-72.96243611,1,2
36,61,9,14,12,30,1,2,1,0,13,6,0,8,0,1,1,4,5,30,1,1,2,1,0,0,1,1,0,0,99,99,99,99,99,99,0,0,0,0,1,2,0,360776,4170,2009,0,MADISON,99999999999999999999,0000000,40.77459444,-73.96340556,1,1
36,103,8,18,21,45,3,4,0,0,16,5,0,12,5,2,1,1,9,99,1,1,9,1,3,3,1,1,0,0,99,99,99,99,99,99,0,0,0,0,1,3,1,360777,5769,2009,0,HARNED RD,NEW HIGHWAY,0000000,40.82718889,-73.28288611,3,1
36,103,8,14,16,25,2,2,0,0,14,6,0,12,5,2,1,2,6,50,1,1,2,1,3,3,1,1,0,0,99,99,99,99,99,99,0,0,0,0,1,6,0,360778,2920,2009,0,LAKELAND AVE,CHURCH ST,0000000,40.77010833,-73.10390833,2,1
36,103,9,4,10,5,2,2,0,0,16,5,0,12,5,2,1,1,2,35,1,1,2,1,0,0,1,1,0,0,10,10,10,15,11,5,0,0,0,0,1,6,0,360779,2840,2009,0,OLD COUNTRY RD,CRAIG DR,0000000,40.81575833,-73.37884444,2,1
36,1,11,6,17,27,1,2,1,0,15,5,0,8,0,1,1,1,2,30,1,1,2,1,0,0,2,1,0,0,17,27,17,32,17,53,0,0,0,0,1,6,0,360780,1495,2009,0,KENWOOD AVE,99999999999999999999,0000000,42.62273333,-73.83458333,1,1
36,71,10,12,10,39,1,1,0,1,1,1,0,35,0,13,2,6,1,55,2,2,2,1,0,0,1,1,0,0,10,39,10,45,11,1,0,0,0,0,1,2,0,360781,4060,2009,0,I-84,99999999999999999999,0000000,41.514425,-74.06433056,1,1
36,43,10,11,2,26,1,3,0,0,2,3,0,35,0,1,4,1,2,55,2,2,2,1,28,3,2,1,0,0,2,48,2,50,6,35,0,0,0,0,2,1,1,360782,4445,2009,0,SR-28,99999999999999999999,0000000,43.76512778,-74.84581944,1,1
36,11,10,31,3,13,1,1,0,0,4,5,0,34,0,1,4,1,2,55,1,1,2,1,0,0,2,1,0,0,99,99,99,99,88,88,0,0,0,0,1,7,1,360783,990,2009,0,W GENESEE ST RD,99999999999999999999,0000000,42.9218,-76.70165,1,1
36,27,10,28,22,36,1,2,1,0,2,3,0,8,0,1,1,1,2,40,1,1,2,2,28,3,2,2,0,0,22,36,22,36,88,88,0,0,0,0,1,4,0,360784,2000,2009,0,SR-9D,99999999999999999999,0000000,41.52608889,-73.96738611,1,2
36,59,7,4,3,21,1,2,1,1,13,3,0,8,0,1,1,1,4,99,1,9,9,1,3,3,3,1,0,0,99,99,99,99,99,99,0,0,0,0,1,7,0,360785,2600,2009,9,SR-24,99999999999999999999,0000000,40.70820833,-73.70984444,1,1
36,7,11,7,23,46,1,2,0,0,16,5,0,34,0,1,4,1,2,30,1,2,2,1,28,3,2,1,0,0,23,47,23,52,99,99,0,0,0,0,1,7,1,360786,1119,2009,0,AIRPORT RD,99999999999999999999,0000000,42.18778056,-75.84593889,1,1
36,53,10,14,19,37,2,3,0,0,4,5,0,12,5,1,1,1,3,55,2,2,1,1,0,0,2,1,0,0,99,99,99,99,99,99,0,0,0,0,1,4,0,360787,1222,2009,0,OXBOW RD,99999999999999999999,0000000,43.03225833,-75.74373611,2,1
36,79,11,10,10,30,2,2,0,1,13,3,0,12,2,1,1,1,2,50,1,1,2,1,0,0,1,1,0,0,99,99,99,99,11,24,0,0,0,0,1,3,0,360788,1280,2009,18,SR-9,99999999999999999999,0000000,,,2,1
36,115,11,5,18,32,3,4,0,1,2,3,0,12,2,1,1,1,2,55,1,2,2,1,0,0,2,1,0,0,18,33,18,37,19,27,0,0,0,0,1,5,0,360789,6660,2009,0,SR-4,99999999999999999999,0000000,43.54167222,-73.35150833,3,1
36,63,7,28,10,39,1,2,1,0,13,3,0,9,0,1,1,1,2,99,1,1,9,1,0,0,1,1,0,0,99,99,99,99,99,99,0,0,0,0,1,3,0,360790,4330,2009,99,SR-265,99999999999999999999,0000000,43.05646111,-78.90125556,1,1
36,63,9,29,11,44,1,2,0,0,16,5,0,27,0,1,4,1,2,45,2,2,2,1,0,0,1,1,0,0,11,44,11,47,99,99,0,0,0,0,2,3,0,360791,3340,2009,0,CHURCH RD,99999999999999999999,0000000,43.21174444,-78.852225,1,1
36,5,9,20,5,36,1,1,0,1,2,3,0,24,0,2,2,2,9,99,2,2,2,1,0,0,3,1,0,0,99,99,99,99,88,88,0,0,0,0,1,1,1,360792,4170,2009,0,SR-907H,E 236TH ST,0000000,40.89881944,-73.86131944,1,1
36,103,8,13,1,14,1,3,1,1,2,3,0,8,0,2,1,2,4,45,1,1,2,1,3,3,2,1,0,0,99,99,99,99,99,99,0,0,0,0,1,5,0,360793,705,2009,0,SR-112,HORSEBLOCK RD,0000000,40.82738333,-72.99505278,1,1
36,103,2,26,6,20,1,1,0,0,14,5,0,42,0,2,4,2,2,99,1,3,2,1,0,0,4,1,0,0,6,20,6,22,6,55,0,0,0,0,1,5,1,360794,705,2009,0,HAWKINS AVE,RYDER PL,0000000,40.82303333,-73.10761944,1,1
36,81,8,18,21,40,2,4,0,0,16,6,0,12,5,2,1,4,3,99,1,1,2,1,3,3,3,1,0,0,99,99,99,99,99,99,0,0,0,0,1,3,0,360796,4170,2009,0,VAN WYCK EXP SERV RD,101ST AVE,0000000,40.6939,-73.81210556,2,1
36,5,8,31,20,30,1,3,1,0,16,6,0,8,0,1,1,1,4,99,1,1,9,1,0,0,6,1,0,0,99,99,99,99,99,99,0,0,0,0,1,2,0,360797,4170,2009,0,BRONX BLVD,99999999999999999999,0000000,40.89469722,-73.861325,1,1
36,81,8,2,1,0,1,2,1,1,13,3,0,8,0,1,1,4,4,50,1,1,2,1,0,0,3,1,0,0,99,99,1,10,88,88,0,0,0,0,1,1,0,360798,4170,2009,48,SR-907M,99999999999999999999,0000000,,,1,1
36,29,10,25,3,33,2,5,1,0,13,5,0,8,0,2,1,1,4,30,1,1,2,1,0,0,3,1,0,0,99,99,99,99,99,99,0,0,0,0,1,1,1,360799,750,2009,0,BAILEY,WESTMINSTER,0000000,42.93913056,-78.81368611,1,1
36,47,9,4,13,10,1,2,1,0,13,6,0,8,0,2,1,9,9,99,1,1,9,1,0,0,1,1,0,0,99,99,99,99,99,99,0,0,0,0,1,6,0,360800,4170,2009,0,SURF AVE,W 24TH ST,0000000,40.57380556,-73.99073056,1,1
36,103,10,23,2,5,2,3,0,0,14,6,0,12,5,2,1,1,4,50,1,1,2,1,20,3,3,1,0,0,2,11,2,15,99,99,0,0,0,0,1,6,1,360801,5270,2009,0,LAKELAND AVE,MARCONI AVE,0000000,40.79552778,-73.12069444,2,1
36,103,9,11,7,6,2,2,0,0,14,5,0,12,3,2,1,9,9,99,1,1,9,2,3,3,1,2,0,0,99,99,99,99,99,99,0,0,0,0,1,6,0,360802,2920,2009,0,SUFFOLK AVE,VETERANS HWY,0000000,40.79880278,-73.17328056,2,2
36,103,9,28,9,29,2,5,0,0,2,3,0,12,5,2,1,2,2,35,1,1,2,1,20,3,1,1,0,0,9,32,99,99,99,99,0,0,0,0,1,2,0,360803,6640,2009,0,SR-27A,WASHINGTON AVE,0000000,40.72844444,-73.10150278,2,1
36,103,9,10,12,44,2,2,0,0,14,6,0,12,5,2,1,1,2,99,1,1,2,1,3,3,1,1,0,0,12,44,12,45,88,88,0,0,0,0,1,5,0,360804,2920,2009,0,EXPRESS DR. N,MOTOR PKWY,0000000,40.80953056,-73.19362778,2,1
36,85,8,12,0,35,2,3,0,0,13,6,0,12,5,2,1,4,2,30,1,1,2,1,20,3,3,1,0,0,0,36,0,43,0,55,0,0,0,0,1,4,0,360805,4170,2009,0,TARGEE ST,LAUREL AVE,0000000,40.61981111,-74.08457222,2,1
36,47,8,24,15,55,2,2,0,1,12,6,0,12,1,11,1,9,9,99,1,2,9,1,0,0,1,1,0,0,99,99,99,99,88,88,0,0,0,0,1,2,0,360806,4170,2009,0,WILLIAMSBURG BRIDGE,KENT AVE,0000000,40.71237778,-73.96792222,2,1
36,67,10,11,18,25,2,3,0,0,16,5,0,12,1,1,1,1,2,45,1,1,2,1,0,0,5,1,0,0,18,27,18,30,88,88,0,0,0,0,1,1,1,360807,1166,2009,0,SOUTH BAY RD,99999999999999999999,0000000,43.19519722,-76.05944444,2,1
36,103,10,19,16,54,2,5,0,0,16,5,0,12,5,2,1,2,4,55,1,1,2,1,3,3,1,1,0,0,16,54,17,2,99,99,0,0,0,0,1,2,0,360808,6812,2009,0,HORSE BLOCK RD,CR-101,0000000,40.82283889,-72.97664167,2,1
36,81,11,6,18,30,2,4,0,0,13,6,0,12,1,2,1,2,3,40,2,1,2,1,0,0,3,1,0,0,99,99,99,99,99,99,0,0,0,0,1,6,0,360809,4170,2009,0,N CONDUIT AVE,78TH ST,0000000,40.67416667,-73.85829444,2,1
36,103,10,21,13,1,2,4,0,1,2,3,0,12,1,1,1,3,3,55,1,1,1,1,0,0,1,1,0,0,13,4,13,10,99,99,0,0,0,0,1,4,0,360810,2920,2009,0,SR-27,99999999999999999999,0000000,40.93293611,-73.03891111,2,1
36,103,8,8,23,10,1,1,0,0,19,6,0,42,0,1,4,1,2,30,1,1,2,1,0,0,2,1,0,0,99,99,99,99,88,88,0,0,0,0,1,7,1,360811,2920,2009,0,N. THOMPSON DR,99999999999999999999,0000000,,,1,1
36,67,8,6,22,0,1,1,0,0,16,5,0,33,0,1,4,3,3,35,2,1,2,1,0,0,2,1,0,0,22,3,22,5,22,24,0,0,0,0,1,5,1,360812,6010,2009,0,S WEST ST,99999999999999999999,0000000,43.04735278,-76.158975,1,1
36,11,10,9,12,7,1,2,0,0,2,3,0,42,0,1,4,1,2,99,2,2,2,2,0,0,1,1,0,0,12,7,12,14,13,19,0,0,0,0,1,6,0,360813,6180,2009,0,SR-326,99999999999999999999,0000000,,,1,1
36,55,10,31,18,34,1,2,1,0,14,5,0,8,0,1,1,1,3,35,1,1,2,1,0,0,2,1,0,0,99,99,18,38,19,0,0,0,0,0,1,7,0,360814,2606,2009,0,LEHIGH STATION RD,99999999999999999999,0000000,43.05922778,-77.61052222,1,1
36,81,10,4,19,34,1,4,1,0,13,6,0,8,0,2,1,3,3,30,1,1,2,1,3,3,3,1,0,0,99,99,99,99,99,99,0,0,0,0,1,1,0,360815,4170,2009,0,ATLANTIC AVE,118TH ST,0000000,40.69392222,-73.82891944,1,1
36,11,10,9,14,1,2,2,0,0,2,3,0,12,5,2,1,1,2,99,1,2,2,1,20,3,1,1,0,0,99,99,99,99,99,99,0,0,0,0,1,6,0,360816,5633,2009,0,SR-34,TURNPIKE RD,0000000,42.97925278,-76.56161667,2,1
36,55,10,31,14,51,2,3,0,0,6,5,0,12,5,2,1,1,2,45,1,1,2,1,20,3,1,1,0,0,14,51,15,4,99,99,0,0,0,0,1,7,0,360817,2710,2009,0,HAMLIN PARMA TNLN RD,CURTIS RD,0000000,43.30934722,-77.82277222,2,1
36,91,11,8,1,28,1,1,0,0,5,5,0,30,0,1,4,1,2,45,2,1,2,1,28,3,2,1,0,0,1,34,1,40,99,99,0,0,0,0,1,1,1,360818,390,2009,0,GALWAY RD,99999999999999999999,0000000,43.02846389,-73.92245278,1,1
36,29,11,1,20,26,2,6,0,0,14,5,0,12,5,2,1,1,2,55,1,1,2,1,20,3,2,1,0,0,20,26,99,99,99,99,0,0,0,0,4,1,0,360819,1170,2009,0,COUNTY RD,STRICKLER RD,0000000,43.03128611,-78.60760556,2,1
36,91,11,11,12,13,1,3,0,0,16,5,0,35,0,1,4,1,2,55,1,1,2,1,28,3,1,1,0,0,12,14,12,39,15,0,0,0,0,0,2,4,0,360820,5860,2009,0,GANSEVOORT RD,99999999999999999999,0000000,43.23247778,-73.64371667,1,1
36,47,9,1,14,25,2,3,0,0,14,6,0,12,2,2,1,1,9,99,1,1,9,1,99,9,1,1,0,0,99,99,99,99,99,99,0,0,0,0,1,3,0,360821,4170,2009,0,BROADWAY,STUYVESANT AVE,0000000,40.69671389,-73.93472778,2,1
36,59,10,29,14,5,1,1,0,0,15,5,0,42,0,2,4,9,9,5,1,1,9,1,0,0,1,1,0,0,99,99,14,10,14,40,0,0,0,0,1,5,0,360822,4600,2009,0,LARABEE AVE,SHORE AVE,0000000,40.87528056,-73.53610833,1,1
36,65,11,2,11,0,1,2,1,0,2,3,0,8,0,2,1,1,2,55,2,2,2,1,20,3,1,1,0,2,11,0,11,4,99,99,0,0,0,0,1,2,0,360823,2057,2009,0,SR-28,ALDER CREEK RD,0000000,43.42809444,-75.21674167,1,1
36,63,11,15,17,33,1,1,0,0,16,6,0,42,0,1,4,1,4,45,2,2,2,1,0,0,3,1,0,0,17,33,17,45,88,88,0,0,0,0,1,1,0,360824,3220,2009,0,LEWISTON RD,99999999999999999999,0000000,43.13805,-79.04034444,1,1
36,63,11,9,22,25,1,2,0,0,16,5,0,42,0,1,4,1,2,30,2,2,2,1,0,0,2,1,0,0,22,30,22,31,99,99,0,0,0,0,1,2,1,360825,3340,2009,0,VINE ST,99999999999999999999,0000000,43.17841667,-78.67938333,1,1
36,101,11,13,21,54,1,1,0,0,6,5,0,1,0,2,1,1,2,55,1,1,4,1,0,0,2,1,0,0,22,6,22,24,88,88,0,0,0,0,1,6,1,360826,1250,2009,0,AVERY HOLLOW RD,RYNDERS RD,0000000,42.512425,-77.43123056,1,1
36,61,9,12,19,18,1,2,1,0,13,6,0,8,0,2,1,4,4,30,1,1,2,2,3,3,3,2,0,0,99,99,99,99,99,99,0,0,0,0,1,7,0,360827,4170,2009,0,W 40TH ST,8TH AVE,0000000,40.75595,-73.99071667,1,2
36,5,7,4,21,50,2,4,0,0,13,6,0,12,7,2,1,9,9,99,1,1,2,1,3,3,3,1,0,0,99,99,99,99,99,99,0,0,0,0,1,7,0,360828,4170,2009,0,W 225TH ST,EXTERIOR ST,0000000,40.87349722,-73.90676667,2,1
36,97,11,17,0,2,1,1,0,0,16,4,0,37,0,1,4,1,2,55,1,2,2,1,0,0,2,1,0,0,0,24,0,29,1,45,0,0,0,0,1,3,0,360829,2592,2009,0,CR-8,99999999999999999999,0000000,42.39424167,-76.84434444,1,1
36,85,9,4,5,20,2,2,0,0,13,6,0,12,5,2,1,3,2,35,1,1,2,1,3,3,3,1,0,0,5,23,5,32,5,56,0,0,0,0,1,6,0,360830,4170,2009,0,HYLAN BLVD,ARMSTRONG AVE,0000000,40.53770833,-74.15004167,2,1
36,79,10,4,13,54,3,3,0,0,3,3,0,12,5,2,2,2,3,55,2,1,2,1,0,0,1,1,0,0,13,54,14,6,14,45,0,0,0,0,1,1,0,360831,900,2009,12,SR-301,FOREST CT,0000000,41.47941111,-73.77916944,3,1
36,107,11,13,22,1,1,1,0,0,4,5,0,34,0,1,4,1,2,40,2,1,2,1,0,0,2,1,0,0,22,1,22,2,88,88,0,0,0,0,1,6,1,360832,6078,2009,0,GLEN MARY DR,99999999999999999999,0000000,42.10156667,-76.28773333,1,1
36,29,11,14,0,25,1,2,0,0,14,5,0,34,0,1,4,1,2,40,2,2,2,1,0,0,3,1,0,0,0,25,0,35,1,24,0,0,0,0,1,7,1,360833,1844,2009,0,MAPLE RD,99999999999999999999,0000000,42.78245556,-78.62069722,1,1
36,29,11,13,17,53,1,2,1,0,2,3,0,8,0,1,1,1,5,45,1,1,2,1,0,0,2,1,0,0,99,99,99,99,99,99,0,0,0,0,1,6,0,360834,1844,2009,0,SR-78,99999999999999999999,0000000,42.84771667,-78.69691389,1,1
36,119,11,16,14,19,2,2,0,0,14,5,0,12,2,1,1,1,2,50,2,1,2,1,28,3,1,1,0,0,14,19,14,23,99,99,0,0,0,0,1,2,0,360835,1379,2009,0,ALBANY POST RD,99999999999999999999,0000000,41.31638333,-73.93002778,2,1
36,81,11,14,5,54,3,4,1,1,12,3,0,8,0,1,1,3,4,50,1,1,2,1,0,0,4,1,0,0,99,99,99,99,88,88,0,0,0,0,1,7,0,360836,4170,2009,31,SR-907M,99999999999999999999,0000000,40.77167778,-73.87603056,3,1
36,61,8,13,13,55,1,3,1,0,14,6,0,8,0,1,1,4,1,99,1,1,2,2,0,0,1,2,0,0,99,99,99,99,99,99,0,0,0,0,1,5,0,360837,4170,2009,0,E 112TH ST,99999999999999999999,0000000,40.79603333,-73.94338611,1,2
36,81,8,8,18,10,5,2,1,1,13,6,0,9,0,1,1,9,9,99,1,1,2,1,0,0,1,1,0,0,99,99,99,99,88,88,0,0,0,0,1,7,0,360838,4170,2009,0,21ST ST,99999999999999999999,0000000,40.76177222,-73.9352,1,1
36,59,8,12,9,16,2,2,0,0,16,5,0,12,5,2,1,9,9,99,1,1,9,1,3,3,1,1,0,0,99,99,99,99,99,99,0,0,0,0,1,4,0,360839,2600,2009,0,W WINDSOR PKWY,FULTON AVE,0000000,40.63600278,-73.64489722,2,1
36,47,8,27,8,20,1,2,1,1,13,6,0,9,0,2,1,9,9,99,1,1,9,1,3,3,1,1,0,0,99,99,99,99,99,99,0,0,0,0,1,5,0,360840,4170,2009,0,BUSHWICK AVE,MOORE ST,0000000,40.70408333,-73.93854722,1,1
36,59,10,17,3,18,1,3,1,0,15,5,0,8,0,2,1,2,2,30,1,1,2,1,3,3,3,1,0,0,99,99,3,18,3,24,0,0,0,0,1,7,0,360841,3360,2009,0,E BROADWAY,LONG BEACH BLVD,0000000,40.58477222,-73.65822222,1,1
36,5,8,19,4,59,6,1,0,0,13,6,0,14,5,1,5,1,4,30,1,1,2,1,0,0,3,1,0,0,99,99,99,99,88,88,0,0,0,0,1,4,0,360842,4170,2009,0,BROADWAY,99999999999999999999,0000000,,,1,1
36,103,11,7,3,0,1,3,0,1,2,3,0,24,0,1,2,2,9,99,1,1,9,1,0,0,2,1,0,0,99,99,99,99,99,99,0,0,0,0,1,7,0,360843,2920,2009,0,SR-27,99999999999999999999,0000000,40.75232778,-73.12487222,1,1
36,103,3,8,3,50,1,2,1,1,12,3,0,8,0,1,1,3,3,99,1,1,9,2,0,0,2,1,0,0,99,99,99,99,99,99,0,0,0,0,1,1,0,360844,2920,2009,43,SR-27,99999999999999999999,0000000,40.74683333,-73.17272222,1,1
36,119,11,6,15,31,1,2,1,0,15,5,0,9,0,2,1,9,9,99,1,1,9,9,0,0,1,9,0,0,99,99,99,99,99,99,0,0,0,0,1,6,0,360845,6040,2009,0,TARRYTOWN RD,AQUEDUCT RD,0000000,41.03789722,-73.78143333,1,9
36,59,11,1,1,0,1,3,1,1,2,3,0,8,0,1,1,3,9,99,1,1,9,2,0,0,3,2,0,0,99,99,99,99,99,99,0,0,0,0,1,1,0,360846,2600,2009,0,SR-27,99999999999999999999,0000000,40.67505556,-73.48508056,1,2
36,57,11,21,5,35,2,2,0,0,2,3,0,12,2,1,1,1,2,55,1,2,2,1,0,0,2,1,0,0,5,37,5,44,88,88,0,0,0,0,2,7,0,360847,5927,2009,0,SR-162,99999999999999999999,0000000,42.87794444,-74.49992222,2,1
36,91,10,30,21,28,1,1,0,0,5,5,0,42,0,1,4,2,2,40,2,1,2,1,20,3,2,1,0,0,21,34,21,45,22,30,0,0,0,0,1,6,0,360848,5317,2009,0,ROUND LAKE RD,99999999999999999999,0000000,42.93554722,-73.80906944,1,1
36,27,10,16,3,37,1,2,0,0,6,5,0,30,0,1,4,2,2,35,2,1,2,2,28,3,3,2,0,0,3,40,4,4,99,99,0,0,0,0,1,6,1,360849,5110,2009,0,ANNANDALE RD,99999999999999999999,0000000,42.01376667,-73.90809722,1,2
36,11,8,7,14,38,2,3,0,0,2,3,0,12,2,1,1,1,2,35,1,2,2,1,0,0,1,1,0,0,14,41,14,46,16,24,0,0,0,0,1,6,0,360850,2261,2009,0,SR-90,99999999999999999999,0000000,42.66766944,-76.53848611,2,1
36,75,11,6,19,46,1,3,1,0,6,4,0,8,0,1,1,1,2,55,1,1,2,1,0,0,2,1,0,0,19,46,20,7,88,88,0,0,0,0,1,6,0,360851,6712,2009,0,CR-27,99999999999999999999,0000000,43.510775,-75.81261667,1,1
36,29,11,14,18,18,1,2,1,0,14,6,0,8,0,1,1,1,4,40,1,1,2,1,0,0,3,1,0,0,18,18,18,20,88,88,0,0,0,0,1,7,1,360852,3010,2009,0,MILITARY RD,99999999999999999999,0000000,42.96333056,-78.88841944,1,1