STATE,COUNTY,MONTH,DAY,HOUR,MINUTE,VE_TOTAL,PERSONS,PEDS,NHS,ROAD_FNC,ROUTE,SP_JUR,HARM_EV,MAN_COLL,REL_JUNC,REL_ROAD,TRAF_FLO,NO_LANES,SP_LIMIT,ALIGNMNT,PROFILE,PAVE_TYP,SUR_COND,TRA_CONT,T_CONT_F,LGT_COND,WEATHER1,WEATHER2,WRK_ZONE,NOT_HOUR,NOT_MIN,ARR_HOUR,ARR_MIN,HOSP_HR,HOSP_MN,SCH_BUS,CF1,CF2,CF3,FATALS,DAY_WEEK,DRUNK_DR,ST_CASE,CITY,YEAR,MILEPT,TWAY_ID,TWAY_ID2,RAIL,LATITUDE,LONGITUD,VE_FORMS,WEATHER
36,51,11,9,12,30,1,1,0,0,5,5,0,37,0,1,4,1,2,20,2,1,2,1,0,0,1,1,0,0,12,38,12,42,13,32,0,0,0,0,1,2,0,360853,2250,2009,0,LAKEVLLE GROVELND RD,99999999999999999999,0000000,42.77596667,-77.75337778,1,1
36,47,8,30,15,52,2,1,0,1,13,6,0,14,7,1,7,9,9,99,1,1,2,1,0,0,1,1,0,0,99,99,99,99,99,99,0,0,0,0,1,1,0,360854,4170,2009,0,ATLANTIC AVE,99999999999999999999,0000000,40.67652222,-73.91294722,1,1
36,47,8,30,1,11,1,2,0,0,16,6,0,42,0,2,4,9,9,99,1,1,2,2,0,0,3,1,0,0,99,99,99,99,99,99,0,0,0,0,1,1,1,360855,4170,2009,0,PROVOST ST,HURON ST,0000000,40.73348611,-73.94971389,1,1
36,63,11,17,16,2,1,3,1,0,16,5,0,8,0,1,1,1,2,30,1,1,2,1,0,0,1,1,0,0,16,4,99,99,99,99,0,0,0,0,1,3,0,360856,3340,2009,0,PORTER ST,99999999999999999999,0000000,43.18161667,-78.68845,1,1
36,39,11,4,14,25,2,2,0,1,2,3,0,12,3,1,1,1,2,55,1,1,2,1,0,0,1,1,0,0,14,27,14,34,88,88,0,20,0,0,1,4,0,360857,970,2009,0,SR-32,99999999999999999999,0000000,42.23449167,-73.98283611,2,1
36,5,8,30,10,7,2,2,0,0,13,6,0,12,5,2,1,1,4,99,1,1,9,1,0,0,1,1,0,0,99,99,99,99,88,88,0,0,0,0,1,1,0,360858,4170,2009,0,WESTCHESTER AVE,FAILE ST,0000000,40.82580556,-73.88970278,2,1
36,119,11,1,1,28,3,10,5,1,1,1,0,14,1,1,2,3,3,55,2,1,1,2,0,0,3,2,0,0,1,34,1,39,99,99,0,0,0,0,1,1,1,360859,2555,2009,109,I-95,99999999999999999999,0000000,,,1,2
36,111,11,10,17,52,2,4,0,0,2,3,0,12,2,1,1,1,2,45,2,1,2,1,28,3,2,1,0,0,17,52,17,59,99,99,0,0,0,0,1,3,0,360860,2865,2009,0,SR-28,99999999999999999999,0000000,41.97381667,-74.24002778,2,1
36,71,11,9,13,26,2,2,0,0,3,3,0,12,2,1,1,1,2,55,2,1,2,1,0,0,1,1,0,0,13,26,99,99,99,99,0,0,0,0,1,2,0,360861,1169,2009,2,SR-17M,99999999999999999999,0000000,,,2,1
36,111,11,17,11,1,2,2,0,1,2,2,0,12,2,1,1,2,4,55,1,1,2,1,0,0,1,1,0,0,11,1,11,6,99,99,0,0,0,0,1,3,0,360862,3060,2009,0,US-209,99999999999999999999,0000000,41.97585833,-73.99983056,2,1
36,45,11,19,7,31,2,3,0,0,6,4,0,12,2,1,1,1,2,55,2,2,2,3,0,0,1,1,0,0,7,33,7,53,8,35,0,0,0,0,1,5,0,360863,220,2009,0,CR-22,99999999999999999999,0000000,44.25062222,-75.72252778,2,1
36,111,11,8,18,50,1,2,1,1,2,3,0,8,0,1,1,1,2,35,1,1,2,1,28,3,2,1,0,0,18,54,18,55,99,99,0,0,0,0,1,1,0,360864,6491,2009,0,SR-209,99999999999999999999,0000000,41.73404444,-74.38173333,1,1
36,29,11,10,17,58,2,2,0,0,4,5,0,12,5,2,1,1,2,45,1,2,2,1,20,3,3,1,0,0,17,58,18,5,99,99,0,0,0,0,1,3,0,360865,5940,2009,0,GENESEE RD,BOSTON SPRINGVILLE R,0000000,42.55282778,-78.68009167,2,1
36,59,11,29,14,45,1,1,0,1,1,1,0,24,0,1,2,3,4,55,1,1,2,1,0,0,1,1,0,0,14,48,14,53,15,15,0,0,0,0,1,1,0,360866,4600,2009,0,I-495,99999999999999999999,0000000,40.79696667,-73.50535833,1,1
36,83,9,5,3,49,1,1,0,0,6,4,0,42,0,2,4,2,2,45,2,2,2,1,0,0,2,1,0,0,99,99,3,50,99,99,0,0,0,0,1,7,0,360867,940,2009,0,CR-7,BOYCE RD,0000000,42.54402222,-73.60865556,1,1
36,103,8,24,9,40,2,3,0,0,16,5,0,12,5,2,1,1,9,99,1,2,9,1,3,3,1,1,0,0,99,99,99,99,99,99,0,0,0,0,1,2,0,360868,160,2009,0,COUNTYLINE RD,SUNRISE HWY,0000000,40.68638889,-73.42588056,2,1
36,11,11,27,8,34,3,4,0,0,6,5,0,12,5,2,1,1,2,30,1,1,2,2,3,3,1,1,0,0,8,34,8,37,8,49,0,0,0,0,1,6,0,360869,310,2009,0,NORTH ST,ARTERIAL WEST,0000000,42.93436944,-76.56651111,3,1
36,11,11,20,18,35,4,5,0,1,2,3,0,12,1,1,1,1,2,55,1,2,2,1,28,3,2,1,0,0,18,37,18,43,99,99,0,14,0,0,1,6,1,360870,960,2009,0,SR-370,99999999999999999999,0000000,43.16668889,-76.51569722,4,1
36,77,11,23,20,24,1,1,0,0,3,3,0,42,0,1,4,1,2,45,1,1,2,1,0,0,2,1,0,0,20,24,20,41,21,16,0,0,0,0,1,2,0,360871,2047,2009,48,SR-28,99999999999999999999,0000000,42.72585833,-75.00649167,1,1
36,103,10,31,3,15,1,1,0,0,16,5,0,30,0,2,4,2,2,25,2,2,2,2,0,0,3,2,0,0,99,99,3,25,88,88,0,0,0,0,1,7,1,360872,705,2009,0,MAIN ST,BATES RD,0000000,40.94557778,-73.11248889,1,2
36,103,11,1,0,28,2,3,0,0,15,5,0,12,2,1,1,2,2,35,1,1,2,2,0,0,3,2,0,0,0,28,99,99,99,99,0,0,0,0,1,1,1,360873,705,2009,0,CANAL RD,99999999999999999999,0000000,40.91889722,-73.02298056,2,2
36,103,10,8,15,20,2,1,0,0,16,5,0,14,1,1,7,1,9,99,2,1,2,1,0,0,1,1,0,0,15,34,15,36,16,6,0,0,0,0,1,5,0,360874,360,2009,0,CHELMSFORD DR,99999999999999999999,0000000,40.76913333,-73.35599167,1,1
36,103,11,6,16,5,1,1,0,0,16,4,0,27,0,2,4,1,9,99,1,1,9,1,0,0,1,1,0,0,99,99,99,99,99,99,0,0,0,0,1,6,0,360875,705,2009,0,CR-51,CR-111,0000000,40.84673611,-72.73584444,1,1
36,71,11,26,17,0,1,2,1,1,2,3,0,8,0,1,1,2,2,45,1,1,2,1,0,0,5,1,0,0,17,0,17,3,17,6,0,0,0,0,1,5,0,360876,1370,2009,20,SR-9W,99999999999999999999,0000000,41.43671111,-74.04354722,1,1
36,103,9,9,20,26,1,3,1,0,14,6,0,8,0,2,1,3,2,30,2,1,2,1,3,3,3,1,0,0,20,28,20,30,20,46,0,0,0,0,1,4,0,360877,705,2009,0,CR-19,LAKE ST,0000000,,,1,1
36,3,11,24,7,42,1,1,0,0,2,3,0,24,0,1,4,1,2,55,2,1,2,2,0,0,4,2,0,0,7,42,8,15,88,88,0,0,0,0,1,3,0,360878,3291,2009,0,SR-417,99999999999999999999,0000000,42.01572778,-78.22793611,1,2
36,105,11,23,13,30,1,1,0,0,6,5,0,30,0,1,4,1,2,35,2,1,2,1,0,0,1,1,0,0,13,30,13,35,14,0,0,0,0,0,1,2,1,360879,3850,2009,0,COLD SPRING RD,99999999999999999999,0000000,41.64673333,-74.68681944,1,1
36,119,12,1,17,49,1,2,1,0,2,3,0,8,0,1,1,2,2,40,1,1,1,1,0,0,3,1,0,0,17,49,17,51,88,88,0,0,0,0,1,3,0,360880,4309,2009,0,SR-116,99999999999999999999,0000000,,,1,1
36,11,11,30,2,23,2,2,0,0,16,5,0,34,0,1,4,1,2,55,2,2,2,2,0,0,2,2,0,0,2,23,2,32,99,99,0,0,0,0,1,2,1,360881,4920,2009,0,N MAIN STREET RD,99999999999999999999,0000000,43.06202222,-76.63225556,1,2
36,61,7,21,5,56,1,2,1,0,13,6,0,8,0,1,1,1,3,99,1,1,2,2,3,3,4,2,0,0,99,99,99,99,99,99,0,0,0,0,1,3,0,360882,4170,2009,0,AMSTERDAM AVE,99999999999999999999,0000000,40.82456389,-73.94809444,1,2
36,21,12,1,22,10,2,5,0,0,2,3,0,12,5,2,1,1,2,55,2,1,2,1,21,3,2,1,0,0,22,19,22,25,99,99,0,0,0,0,1,3,0,360883,3030,2009,0,SR-203,CR-21B,0000000,42.37718889,-73.637775,2,1
36,81,7,27,15,50,1,2,1,0,16,6,0,8,0,2,1,9,9,99,1,1,9,1,3,3,1,1,0,0,99,99,99,99,99,99,0,0,0,0,1,2,0,360884,4170,2009,0,157TH ST,CROSS BAY BLVD,0000000,40.662525,-73.84056944,1,1
36,47,9,1,20,48,1,2,1,1,13,6,0,8,0,2,1,1,9,99,1,1,9,1,3,3,3,1,0,0,99,99,99,99,99,99,0,0,0,0,1,3,0,360885,4170,2009,0,EASTERN PKWY,UTICA AVE,0000000,40.66875833,-73.93116389,1,1
36,81,10,24,5,46,1,1,0,0,2,3,0,37,0,2,4,3,3,50,2,2,2,2,0,0,2,2,0,0,99,99,99,99,99,99,0,0,0,0,1,7,1,360886,4170,2009,0,SR-907M,UNION TPK,0000000,40.71558333,-73.82610833,1,2
36,59,11,20,17,0,1,3,1,0,14,5,0,8,0,1,1,2,4,30,1,1,2,1,0,0,3,1,0,0,99,99,99,99,99,99,0,0,0,0,1,6,0,360887,2600,2009,0,DUTCH BROADWAY,99999999999999999999,0000000,40.69641944,-73.72452778,1,1
36,59,11,29,11,45,2,2,0,0,16,5,0,12,99,2,1,1,2,99,1,1,2,1,20,3,1,1,0,0,11,47,11,48,12,4,0,0,0,0,1,1,0,360888,2600,2009,0,COMMONWEALTH ST,NAPLE AVE,0000000,40.70061667,-73.66953056,2,1
36,81,9,29,6,30,1,2,1,1,13,6,0,8,0,2,1,2,4,35,1,1,2,1,3,3,4,1,0,0,6,39,99,99,88,88,0,0,0,0,1,3,0,360889,4170,2009,0,WOODHAVEN BLVD,63RD AVE,0000000,40.72454444,-73.869325,1,1
36,47,9,27,0,41,1,6,1,0,14,6,0,8,0,1,1,1,9,99,1,1,9,2,0,0,3,2,0,0,99,99,99,99,99,99,0,0,0,0,1,1,1,360890,4170,2009,0,AVE N,99999999999999999999,0000000,40.61932778,-73.92150833,1,2
36,65,11,15,18,23,2,4,3,0,14,5,0,14,5,1,4,2,2,55,1,1,2,1,28,3,2,1,0,0,18,23,18,27,19,48,0,0,0,0,1,1,0,360891,4659,2009,0,MOHAWK ST,99999999999999999999,0000000,43.02162222,-75.25291389,1,1
36,37,12,4,6,45,2,2,0,1,2,3,0,12,5,1,1,1,2,55,1,2,2,3,0,0,2,4,0,0,6,45,6,53,8,29,0,0,0,0,1,6,0,360892,42,2009,28,SR-63,99999999999999999999,0000000,43.09195833,-78.39110556,2,4
36,5,12,4,12,57,3,4,0,1,1,1,0,12,7,1,1,3,9,99,1,2,2,1,0,0,1,1,0,0,99,99,99,99,99,99,0,0,0,0,1,6,0,360893,4170,2009,0,I-278,99999999999999999999,0000000,40.81291667,-73.89802222,3,1
36,15,11,30,17,20,2,2,0,0,3,3,0,12,5,8,1,1,2,40,1,1,2,1,0,0,2,1,0,0,17,20,17,40,18,22,0,0,0,0,1,2,0,360894,6260,2009,5,SR-224,SR-34,0000000,42.20157778,-76.56627222,2,1
36,47,9,25,18,15,1,4,1,0,13,6,0,8,0,2,1,4,2,30,1,1,2,1,0,0,5,1,0,0,99,99,99,99,99,99,0,0,0,0,1,6,0,360895,4170,2009,0,NOSTRAND AVE,NEWKIRK-FOSTER,0000000,40.64004167,-73.94848056,1,1
36,85,11,13,11,27,2,5,1,0,16,6,0,12,5,1,1,1,2,30,1,1,2,2,0,0,1,2,0,0,11,28,11,38,12,20,0,0,0,0,1,6,0,360897,4170,2009,0,LUTEN AVE,99999999999999999999,0000000,40.52823611,-74.19213333,2,2
36,63,11,11,23,23,1,1,0,0,14,5,0,1,0,2,4,1,2,99,1,1,2,1,0,0,2,1,0,0,23,23,23,27,99,99,0,0,0,0,1,4,0,360898,4070,2009,0,LOCKPORT-OLCOTT RD,RAILROAD AVE,0000000,43.31695,-78.71375833,1,1
36,11,12,2,17,50,1,2,1,0,16,5,0,8,0,2,1,4,2,30,1,2,2,1,3,3,3,1,0,0,17,50,17,50,99,99,0,0,0,0,1,4,0,360899,310,2009,0,ARTERIAL WEST,SEMINARY AVE,0000000,42.93465278,-76.56365556,1,1
36,119,12,10,0,4,3,5,1,1,2,3,0,8,0,1,1,3,3,50,2,2,2,1,0,0,3,1,0,0,0,4,0,9,88,88,0,14,0,0,1,5,0,360900,4120,2009,0,SR-907W,99999999999999999999,0000000,40.94355278,-73.80280556,3,1
36,29,12,12,20,45,2,1,0,0,16,5,0,42,0,1,4,9,9,99,1,1,9,3,0,0,3,1,0,0,99,99,99,99,99,99,0,0,0,0,1,7,0,360901,750,2009,0,MONTANA AVE,99999999999999999999,0000000,42.91265556,-78.820425,1,1
36,47,9,12,19,26,1,3,1,0,13,6,0,8,0,1,1,1,4,30,1,1,2,1,0,0,3,1,0,0,99,99,99,99,99,99,0,0,0,0,1,7,0,360902,4170,2009,0,GERRITSEN AVE,99999999999999999999,0000000,40.60210278,-73.93545833,1,1
36,61,10,8,16,20,1,3,1,0,13,6,0,8,0,2,1,4,4,30,1,1,2,1,3,3,1,1,0,0,99,99,99,99,99,99,0,20,0,0,1,5,0,360903,4170,2009,0,BROADWAY,W 136TH ST,0000000,40.82072778,-73.95459722,1,1
36,85,8,10,0,5,4,1,0,1,13,6,0,14,7,1,7,9,9,99,1,1,2,1,0,0,3,1,0,0,99,99,99,99,99,99,0,0,0,0,1,2,1,360904,4170,2009,0,FOREST AVE,99999999999999999999,0000000,40.62647778,-74.15921667,1,1
36,59,9,19,14,25,1,3,2,0,16,5,0,8,0,2,1,1,2,30,1,1,2,1,0,0,1,1,0,0,14,29,14,34,14,50,0,0,0,0,1,7,0,360905,2370,2009,0,GILBERT RD,CARRIAGE RD,0000000,40.80960278,-73.74021389,1,1
36,85,9,19,2,20,1,2,0,0,16,6,0,42,0,1,4,1,3,30,1,2,2,1,0,0,3,1,0,0,99,99,2,23,99,99,0,0,0,0,1,7,1,360906,4170,2009,0,HUGUENOT AVE,99999999999999999999,0000000,40.534025,-74.19290556,1,1
36,47,9,28,20,12,1,2,1,1,13,6,0,8,0,2,1,9,9,99,1,1,9,2,3,3,3,2,0,0,99,99,99,99,99,99,0,0,0,0,1,2,0,360907,4170,2009,0,EASTERN PKWY,NOSTRAND AVE,0000000,40.66986389,-73.95047778,1,2
36,59,11,28,18,0,1,3,1,0,16,5,0,8,0,2,1,3,4,40,1,1,2,1,0,0,3,1,0,0,18,0,18,4,88,88,0,0,0,0,1,7,0,360908,4600,2009,0,BROADWAY,E CHERRY ST,0000000,40.76575278,-73.52149444,1,1
36,91,12,9,8,48,1,2,0,0,16,5,0,5,0,1,1,1,2,30,1,2,2,3,0,0,1,4,0,0,8,48,9,0,99,99,0,0,0,0,1,4,0,360909,5470,2009,0,SAUNDERS DR,99999999999999999999,0000000,43.200125,-73.64601389,1,4
36,59,12,8,17,3,2,3,0,0,2,3,0,12,5,2,1,3,4,50,1,1,2,1,3,3,3,1,0,0,17,3,17,3,17,40,0,0,0,0,1,3,0,360910,4430,2009,0,SR-107,POUND HOLLOW RD,0000000,40.84460833,-73.61569444,2,1
36,81,9,17,20,10,1,2,1,0,16,6,0,8,0,2,1,1,2,30,1,1,2,1,3,3,3,1,0,0,99,99,20,20,99,99,0,0,0,0,1,5,0,360911,4170,2009,0,BREWER BLVD,110TH RD,0000000,,,1,1
36,29,11,13,16,8,1,2,1,0,13,6,0,8,0,2,1,2,4,30,1,1,2,1,3,3,1,1,0,0,16,8,16,12,16,44,0,0,0,0,1,6,0,360912,750,2009,0,DELAWARE AVE,LINDEN AVE,0000000,42.94456389,-78.86813333,1,1
36,103,11,21,2,58,1,1,0,1,13,3,0,2,0,1,4,2,4,55,1,1,1,1,0,0,2,1,0,0,99,99,99,99,99,99,0,0,0,0,1,7,0,360913,705,2009,36,SR-27,99999999999999999999,0000000,,,1,1
36,19,11,20,9,13,2,3,0,0,2,3,0,12,5,2,1,1,2,45,1,1,2,2,20,3,1,1,0,0,9,13,9,13,9,48,0,0,0,0,2,6,0,360914,4880,2009,31,SR-3,BANKER RD,0000000,44.70329444,-73.54131111,2,1
36,59,7,20,19,59,1,2,1,1,2,3,0,8,0,1,5,3,3,55,2,2,2,1,0,0,1,1,0,0,19,59,20,8,99,99,0,0,0,0,1,2,1,360915,2600,2009,0,SR-908T,99999999999999999999,0000000,40.64035,-73.50739722,1,1
36,59,8,3,2,56,1,4,0,1,2,3,0,42,0,1,4,3,3,55,2,2,2,1,0,0,2,1,0,0,3,9,3,15,6,24,0,0,0,0,3,2,1,360916,2600,2009,0,SR-908T,99999999999999999999,0000000,40.66608889,-73.51523056,1,1
36,33,10,30,11,45,2,3,0,0,3,3,0,12,2,1,1,1,2,55,2,2,2,2,0,0,1,1,0,0,11,50,12,21,12,44,0,0,0,0,1,6,0,360917,9999,2009,96,SR-3,99999999999999999999,0000000,44.53348056,-74.00107778,2,1
36,71,11,29,13,36,2,8,0,1,1,1,0,12,1,1,1,3,2,65,1,1,2,1,0,0,1,1,0,0,13,36,13,47,14,25,0,0,0,0,1,1,0,360918,1370,2009,99,I-87,99999999999999999999,0000000,,,2,1
36,57,10,26,8,42,2,2,0,1,2,3,0,12,2,2,1,2,4,55,1,1,2,1,28,3,1,5,0,0,8,42,8,45,9,8,0,0,0,0,1,2,0,360919,170,2009,0,SR-5,MOHAWK DR,0000000,42.93920833,-74.19631667,2,5
36,67,12,1,12,14,1,1,0,0,16,5,0,34,0,1,4,1,2,99,1,2,2,1,28,3,1,1,0,0,12,15,12,25,88,88,0,0,0,0,1,3,0,360920,3082,2009,0,EAGER RD,99999999999999999999,0000000,42.90735833,-76.07781111,1,1
36,19,12,13,12,20,1,1,0,0,6,5,0,42,0,1,4,1,2,55,2,1,2,4,28,3,1,1,0,0,12,24,12,26,88,88,0,0,0,0,1,1,0,360921,1116,2009,0,RATTA RD,99999999999999999999,0000000,44.86941944,-73.44227222,1,1
36,101,12,11,18,10,1,2,1,0,6,5,0,8,0,1,1,1,2,35,1,1,2,1,28,3,3,1,0,0,18,10,18,14,88,88,0,0,0,0,1,6,0,360922,813,2009,0,MAIN ST,99999999999999999999,0000000,42.23298056,-77.19713056,1,1
36,47,5,13,18,10,1,2,1,0,16,6,0,8,0,1,1,1,2,99,1,1,2,1,0,0,1,1,0,0,99,99,99,99,99,99,0,0,0,0,1,4,0,360923,4170,2009,0,15TH AVE,99999999999999999999,0000000,40.63181111,-73.98828333,1,1
36,61,10,24,17,32,1,2,1,0,13,6,0,8,0,2,1,3,3,99,1,1,2,2,3,3,3,2,0,0,99,99,99,99,99,99,0,0,0,0,1,7,0,360924,4170,2009,0,PARK AVE,E 34TH ST,0000000,40.74712222,-73.98144444,1,2
36,37,12,12,11,20,2,2,0,1,1,1,0,12,1,1,1,3,2,65,1,3,2,1,0,0,1,1,0,0,11,25,11,32,99,99,0,0,0,0,1,7,0,360925,4725,2009,0,I-90,99999999999999999999,0000000,,,2,1
36,61,10,28,18,50,1,2,1,0,13,6,0,8,0,1,1,1,4,30,1,1,2,2,0,0,3,1,0,0,99,99,99,99,99,99,0,0,0,0,1,4,0,360926,4170,2009,0,BROADWAY,99999999999999999999,0000000,40.85022222,-73.93571667,1,1
36,83,12,4,10,59,1,2,0,0,6,5,0,42,0,1,4,1,2,55,2,1,2,1,0,0,1,1,0,0,10,59,11,15,12,35,0,0,0,0,1,6,0,360927,5540,2009,0,BELL RD,99999999999999999999,0000000,42.93158889,-73.560225,1,1
36,113,11,13,4,33,1,1,0,0,3,5,0,34,0,1,4,1,2,55,1,3,2,1,0,0,2,1,0,0,4,51,4,58,99,99,0,0,0,0,1,6,0,360928,5068,2009,0,QUEENSBURY AVE,99999999999999999999,0000000,43.33723611,-73.60181111,1,1
36,71,12,14,15,28,1,1,0,0,6,5,0,30,0,1,4,1,2,55,1,2,2,1,0,0,1,1,0,0,15,28,15,38,16,31,0,0,0,0,1,2,1,360929,4060,2009,0,ROCK CUT RD,99999999999999999999,0000000,41.55861667,-74.11384722,1,1
36,103,12,2,6,52,1,5,0,1,2,3,0,42,0,1,4,3,2,55,1,1,2,1,0,0,1,1,0,0,6,52,7,10,7,30,0,0,0,0,1,4,1,360930,5769,2009,0,SR-908G,99999999999999999999,0000000,40.82115,-73.26550556,1,1
36,73,12,6,0,14,1,2,0,0,6,5,0,42,0,1,4,1,2,55,1,1,2,1,0,0,2,1,0,0,0,16,0,24,88,88,0,0,0,0,1,1,1,360931,5642,2009,0,MARTIN RD,99999999999999999999,0000000,43.18587222,-78.33325,1,1
36,81,10,26,16,52,2,8,0,0,15,6,0,12,5,2,1,1,9,99,1,1,9,1,0,0,1,1,0,0,99,99,99,99,99,99,0,0,0,0,2,2,0,360932,4170,2009,0,DUNKIRK ST,ARCADE AVE,0000000,40.70405,-73.77441667,2,1
36,67,12,4,19,33,1,2,1,0,2,3,0,8,0,1,1,1,2,45,1,1,2,1,0,0,2,1,0,0,19,33,19,40,20,5,0,0,0,0,1,6,0,360933,1166,2009,0,SR-298,99999999999999999999,0000000,43.12930278,-75.991875,1,1
36,11,12,14,12,39,2,2,0,0,16,6,0,12,2,1,1,1,2,30,1,1,2,1,0,0,1,1,0,0,12,42,12,45,13,2,0,0,0,0,1,2,0,360934,310,2009,0,DUNNING AVE,99999999999999999999,0000000,42.915925,-76.58392222,2,1
36,79,12,17,17,23,1,3,1,1,2,3,0,8,0,1,1,1,2,40,1,1,2,1,0,0,3,1,0,0,17,23,17,35,17,55,0,0,0,0,1,5,0,360935,900,2009,0,SR-52,99999999999999999999,0000000,41.45567222,-73.67066944,1,1
36,7,12,17,19,35,2,3,0,0,3,3,0,12,5,1,1,1,2,55,2,1,2,2,0,0,2,1,0,0,19,39,19,45,20,26,0,0,0,0,1,5,0,360936,3453,2009,74,SR-26,99999999999999999999,0000000,42.20332778,-76.05586111,2,1
36,91,12,27,5,21,1,1,0,1,2,3,0,34,0,1,4,3,2,55,1,1,2,2,0,0,2,2,0,0,5,23,5,27,88,88,0,0,0,0,1,1,0,360937,5470,2009,0,SR-9,99999999999999999999,0000000,43.06612778,-73.7889,1,2
36,59,12,24,18,2,1,3,1,0,14,5,0,8,0,1,1,1,4,30,1,1,2,2,0,0,2,1,0,0,18,4,18,9,18,25,0,0,0,0,1,5,0,360938,3380,2009,0,MERRICK RD,99999999999999999999,0000000,40.65845556,-73.66061667,1,1
36,55,2,24,22,45,2,2,0,1,1,1,0,12,2,1,1,3,4,55,1,1,1,1,0,0,2,1,0,0,22,46,22,54,99,99,0,0,0,0,1,3,1,360939,652,2009,0,I-390,99999999999999999999,0000000,43.1737,-77.68321111,2,1
36,115,12,21,22,53,2,2,0,1,2,3,0,12,5,2,1,1,2,55,1,2,2,1,4,3,2,1,0,0,22,54,23,3,99,99,0,0,0,0,1,2,0,360940,2440,2009,0,SR-29,CR-113,0000000,43.09628333,-73.56771389,2,1
36,63,12,15,19,36,1,2,0,0,14,5,0,24,0,1,4,1,2,55,1,1,2,3,0,0,2,4,0,0,19,36,19,43,99,99,0,0,0,0,1,3,0,360941,4729,2009,0,LOCKPORT RD,99999999999999999999,0000000,43.13340556,-78.79433056,1,4
36,121,12,11,5,47,2,2,0,0,5,5,0,12,5,1,1,1,2,55,1,1,2,3,0,0,2,4,0,0,99,99,5,57,6,44,0,0,0,0,1,6,0,360942,5994,2009,0,MINKEL RD,99999999999999999999,0000000,42.69388611,-78.39807222,2,4
36,79,12,13,11,45,2,6,0,1,2,3,0,12,2,2,1,1,2,55,1,2,2,3,28,3,1,3,0,0,11,45,12,0,12,55,0,0,0,0,1,1,0,360943,4682,2009,0,SR-22,SR-164,0000000,41.47361111,-73.5806,2,3
36,73,12,17,5,19,2,2,0,0,16,5,0,12,5,1,1,1,2,55,1,1,2,3,0,0,2,4,0,0,5,21,5,24,88,88,0,0,0,0,1,5,0,360944,401,2009,0,W LEE RD,99999999999999999999,0000000,43.21174444,-78.2021,2,4
36,99,12,26,21,9,4,7,0,1,2,3,0,12,2,1,1,2,4,45,1,1,2,2,0,0,2,2,0,0,21,16,21,21,0,15,0,14,0,0,1,7,1,360945,6440,2009,0,SR-5,99999999999999999999,0000000,42.87555556,-76.950475,4,2
36,53,7,13,14,22,2,3,0,1,2,3,0,12,5,8,1,1,2,99,1,1,9,1,0,0,1,1,0,0,99,99,99,99,99,99,0,0,0,0,1,2,0,360946,850,2009,34,SR-13,WARNERS RD,0000000,43.09765278,-75.75056111,2,1
36,61,12,21,5,17,3,3,1,0,13,6,0,12,5,2,1,3,2,30,1,1,2,3,3,3,3,1,0,0,99,99,99,99,99,99,0,0,0,0,1,2,0,360947,4170,2009,0,PARK AVE,E 50TH ST,0000000,40.75714167,-73.97388333,2,1
36,59,12,29,0,1,1,1,0,0,16,5,0,39,0,2,4,9,9,99,1,2,9,1,3,3,3,1,0,0,99,99,99,99,99,99,0,0,0,0,1,3,0,360948,5440,2009,0,MIDDLE NECK RD,ASTOR LN,0000000,40.84327778,-73.690175,1,1
36,65,11,24,20,58,1,4,0,1,2,3,0,35,0,1,4,2,2,55,2,3,2,2,28,3,2,1,0,0,20,58,21,6,99,99,0,0,0,0,2,3,0,360949,4659,2009,0,SR-12,99999999999999999999,0000000,42.98628611,-75.32205,1,1
36,63,12,22,7,19,2,2,0,1,13,3,0,12,5,1,1,1,2,55,1,2,2,3,0,0,1,4,0,0,7,20,7,29,8,20,0,0,0,0,1,3,0,360950,3340,2009,92,SR-104 (RIDGE RD),99999999999999999999,0000000,,,2,4
36,103,12,27,20,15,2,7,1,0,3,4,0,9,0,1,1,3,4,55,1,1,2,1,0,0,2,1,0,0,20,16,20,18,88,88,0,0,0,0,1,1,0,360951,9999,2009,0,CR-48,99999999999999999999,0000000,41.05445833,-72.45397222,2,1
36,61,10,11,0,41,1,8,0,1,2,3,0,42,0,1,4,3,3,50,1,1,2,1,0,0,3,1,0,0,99,99,99,99,99,99,0,0,0,0,1,1,1,360952,4170,2009,0,SR-907V,99999999999999999999,0000000,40.79363611,-73.979175,1,1
36,47,9,18,22,28,2,2,1,0,16,6,0,9,0,1,1,1,9,99,1,1,9,1,0,0,3,1,0,0,99,99,99,99,99,99,0,0,0,0,2,6,1,360953,4170,2009,0,GREENE AVE,99999999999999999999,0000000,40.68674722,-73.9654,1,1
36,81,10,22,10,58,1,2,1,0,13,6,0,8,0,2,1,9,9,99,1,1,9,1,3,3,1,1,0,0,99,99,99,99,99,99,0,0,0,0,1,5,0,360954,4170,2009,0,ROOSEVELT AVE,103RD ST,0000000,40.74990556,-73.86273611,1,1
36,85,10,24,19,54,1,2,0,0,13,6,0,46,0,2,4,3,4,35,1,1,2,2,3,3,3,2,0,0,19,57,20,5,20,8,0,0,0,0,1,7,0,360955,4170,2009,0,FATHER CAPODANNO BLV,SLATER BLVD,0000000,40.57615278,-74.08244167,1,2
36,81,10,22,21,58,5,6,0,0,13,6,0,12,5,2,1,1,2,30,1,1,2,1,3,3,3,1,0,0,99,99,22,5,99,99,0,0,0,0,2,5,0,360956,4170,2009,0,32ND AVE,88TH ST,0000000,,,2,1