STATE,COUNTY,MONTH,DAY,HOUR,MINUTE,VE_TOTAL,PERSONS,PEDS,NHS,ROAD_FNC,ROUTE,SP_JUR,HARM_EV,MAN_COLL,REL_JUNC,REL_ROAD,TRAF_FLO,NO_LANES,SP_LIMIT,ALIGNMNT,PROFILE,PAVE_TYP,SUR_COND,TRA_CONT,T_CONT_F,LGT_COND,WEATHER1,WEATHER2,WRK_ZONE,NOT_HOUR,NOT_MIN,ARR_HOUR,ARR_MIN,HOSP_HR,HOSP_MN,SCH_BUS,CF1,CF2,CF3,FATALS,DAY_WEEK,DRUNK_DR,ST_CASE,CITY,YEAR,MILEPT,TWAY_ID,TWAY_ID2,RAIL,LATITUDE,LONGITUD,VE_FORMS,WEATHER
36,47,10,18,7,56,7,1,0,0,16,6,0,14,3,1,7,9,9,99,1,1,9,2,0,0,1,2,0,0,99,99,99,99,99,99,0,0,0,0,1,1,1,360957,4170,2009,0,HART ST,99999999999999999999,0000000,40.69838889,-73.92696944,1,2
36,119,12,25,18,11,1,1,0,0,16,5,0,42,0,1,4,9,9,99,2,2,9,1,0,0,2,1,0,0,99,99,99,99,99,99,0,0,0,0,1,6,0,360958,6825,2009,0,RIDGE ST,99999999999999999999,0000000,41.28370833,-73.78349167,1,1
36,83,7,28,15,46,1,3,1,0,13,5,0,8,0,1,1,1,2,30,1,1,2,1,0,0,1,1,0,0,15,48,15,49,16,6,0,0,0,0,1,3,0,360959,6110,2009,0,4TH ST,99999999999999999999,0000000,42.71026944,-73.69603056,1,1
36,59,12,18,18,5,1,2,1,1,2,3,0,8,0,2,1,1,9,99,1,1,9,1,3,3,1,1,0,0,99,99,99,99,99,99,0,0,0,0,1,6,0,360960,2600,2009,0,SR-27,OAKLAND AVE,0000000,40.673575,-73.502525,1,1
36,103,10,2,1,35,2,2,0,0,3,5,0,14,1,1,2,1,2,55,1,1,2,1,0,0,3,1,0,0,1,35,1,45,99,99,0,0,0,0,1,6,1,360961,2758,2009,0,NICOLLS RD,99999999999999999999,0000000,,,1,1
36,67,12,9,9,18,2,3,0,0,16,5,0,12,1,1,1,1,5,40,1,1,2,3,0,0,1,1,0,0,9,19,9,25,10,1,0,0,0,0,1,4,0,360962,1179,2009,0,OSWEGO RD,99999999999999999999,0000000,43.15318056,-76.22829444,2,1
36,115,12,18,12,30,1,2,0,0,6,5,0,36,0,1,4,1,2,55,2,2,2,1,0,0,1,1,0,0,12,34,12,41,15,35,0,0,0,0,1,6,0,360963,2517,2009,0,HICKEY RD,99999999999999999999,0000000,43.53209167,-73.28756389,1,1
36,29,12,30,6,59,2,2,0,0,16,5,0,12,2,1,1,1,2,55,1,1,2,2,0,0,3,2,0,0,6,59,7,6,88,88,0,0,0,0,2,4,0,360964,2485,2009,0,SOUTHWESTERN BLVD,99999999999999999999,0000000,42.69972222,-78.93178889,2,2
36,71,12,11,14,43,1,2,1,0,2,3,0,8,0,1,1,1,2,55,1,1,2,1,0,0,1,1,0,0,99,99,14,43,15,5,0,0,0,0,1,6,0,360965,2320,2009,0,SR-17M,99999999999999999999,0000000,41.39818889,-74.35795833,1,1
36,103,10,18,20,12,1,2,1,1,2,3,0,8,0,1,1,2,2,99,2,1,2,2,0,0,3,2,0,0,99,99,8,13,99,99,0,0,0,0,1,1,0,360966,705,2009,0,SR-27A,99999999999999999999,0000000,40.80084722,-72.89016667,1,2
36,103,11,24,19,1,3,3,1,1,2,3,0,8,0,2,1,1,9,99,1,1,9,1,0,0,3,1,0,0,99,99,99,99,99,99,0,14,0,0,1,3,0,360967,5769,2009,0,SR-25A,LAWRENCE AVE,0000000,40.85520833,-73.19351389,1,1
36,103,10,31,19,5,1,1,0,0,2,3,0,33,0,2,4,3,9,99,1,2,9,1,0,0,2,1,0,0,99,99,99,99,99,99,0,0,0,0,1,7,1,360968,360,2009,0,SR-27 SERVICE RD,DEER PARK AVE,0000000,40.716575,-73.322175,1,1
36,103,12,7,21,29,1,2,1,1,2,3,0,8,0,2,1,3,4,55,1,1,2,1,0,0,3,1,0,0,99,99,21,31,88,88,0,0,0,0,1,2,0,360969,360,2009,0,SR-27,N GREENE AVE,0000000,40.70273333,-73.37661389,1,1
36,103,12,9,18,55,1,2,1,1,2,3,0,8,0,1,1,1,2,40,1,1,2,2,0,0,3,5,0,0,19,0,19,4,19,40,0,0,0,0,1,4,0,360970,705,2009,0,SR-112,99999999999999999999,0000000,40.91957778,-73.04015556,1,5
36,103,12,7,6,18,1,2,1,1,2,3,0,8,0,2,1,1,9,99,1,1,9,1,3,3,3,1,0,0,99,99,99,99,99,99,0,0,0,0,1,2,0,360971,2920,2009,0,SR-454,5TH AVE,0000000,40.78821111,-73.137875,1,1
36,103,10,25,18,30,2,7,0,0,16,5,0,12,5,2,1,9,9,99,1,1,9,1,20,3,3,1,0,0,99,99,99,99,99,99,0,0,0,0,1,1,0,360972,705,2009,0,STATION RD,HAMPTON AVE,0000000,40.78176111,-72.94541944,2,1
36,13,12,26,10,10,1,2,0,1,1,1,0,52,0,1,4,3,2,65,2,2,2,3,0,0,1,4,0,0,10,20,10,28,99,99,0,0,0,0,1,7,0,360973,5710,2009,4587,I-90,99999999999999999999,0000000,,,1,4
36,103,8,22,2,20,2,3,0,0,13,6,0,12,2,2,1,1,2,30,2,1,2,1,0,0,3,1,0,0,2,24,99,99,99,99,0,0,0,0,1,7,0,360974,705,2009,0,HAWKINS RD,EISENHOWER RD,0000000,40.88083333,-73.0701,2,1
36,103,12,4,8,30,3,4,0,0,16,5,0,12,5,2,1,3,2,40,1,1,2,1,3,3,1,1,0,0,8,34,8,51,9,2,0,0,0,0,1,6,0,360975,705,2009,0,N SERVICE RD,CR-19,0000000,40.77836389,-73.03105833,3,1
36,13,10,10,14,39,1,3,0,0,15,5,0,10,0,6,1,1,2,55,1,1,1,1,60,3,1,1,0,0,14,45,15,15,88,88,0,0,0,0,3,7,0,360976,2150,2009,0,VAN BUREN RD,99999999999999999999,9999999,42.44629444,-79.38780833,1,1
36,1,12,20,1,4,1,1,0,0,6,5,0,32,0,1,4,1,2,45,2,2,2,1,0,0,2,1,0,0,1,4,1,9,1,54,0,0,0,0,1,1,1,360977,2464,2009,0,DUNNSVILLE RD,99999999999999999999,0000000,42.71889444,-74.01982778,1,1
36,1,12,30,16,54,1,2,1,0,16,5,0,8,0,1,1,1,4,45,1,1,2,1,0,0,2,1,0,0,16,55,16,59,17,26,0,0,0,0,1,4,0,360978,2464,2009,0,WESTERN AVE,99999999999999999999,0000000,42.71071111,-73.92620833,1,1
36,59,11,15,17,40,1,2,1,0,16,5,0,9,0,2,1,9,9,99,1,1,9,1,3,3,3,1,0,0,99,99,99,99,99,99,0,0,0,0,1,1,0,360979,4600,2009,0,FULTON ST,STAPLES ST,0000000,40.72616944,-73.43918333,1,1
36,31,12,2,5,0,1,2,1,0,2,3,0,8,0,2,1,2,3,30,1,1,2,1,20,3,3,1,0,0,5,7,5,12,5,34,0,0,0,0,1,4,0,360980,6070,2009,0,SR-74,SHORE AIRPORT RD,0000000,43.85643889,-73.41738333,1,1
36,17,12,21,8,8,2,2,0,1,2,3,0,12,2,1,1,1,2,55,1,1,2,2,0,0,1,4,0,0,8,8,8,16,8,34,0,0,0,0,1,2,0,360981,4289,2009,0,SR-12,99999999999999999999,0000000,42.59991389,-75.52999722,2,4
36,29,12,11,17,57,2,2,0,1,2,3,0,12,5,1,1,1,9,55,2,2,2,3,28,3,2,4,0,0,99,99,99,99,18,52,0,0,0,0,1,6,0,360982,5475,2009,0,SR-16,99999999999999999999,0000000,42.584275,-78.48894722,2,4
36,117,11,30,7,15,2,2,0,1,2,3,0,12,5,2,1,1,2,55,1,1,2,2,20,3,4,2,0,0,7,16,7,22,88,88,0,0,0,0,1,2,0,360983,6760,2009,41,SR-104,BRICK SCHOOLHOUSE RD,0000000,43.20391944,-76.94415,2,2
36,85,10,15,23,36,2,1,0,0,13,5,0,14,7,1,7,1,2,30,1,1,2,2,0,0,3,2,0,0,23,37,23,48,23,59,0,0,0,0,1,5,1,360984,4170,2009,0,HEBERTON AVE,99999999999999999999,0000000,40.63882778,-74.12949722,1,2
36,103,10,18,2,25,1,3,1,0,13,5,0,8,0,1,1,2,9,35,1,1,2,2,0,0,3,2,0,0,2,28,2,31,88,88,0,0,0,0,1,1,1,360985,705,2009,0,WILLIAM FLOYD PKWY,99999999999999999999,0000000,,,1,2
36,119,9,11,18,17,3,6,0,0,13,6,0,12,2,1,1,3,3,99,2,2,9,2,0,0,5,2,0,0,99,99,99,99,99,99,0,0,0,0,1,6,0,360986,6820,2009,0,CENTRAL PARK AVE,99999999999999999999,0000000,40.94653611,-73.84960278,3,2
36,5,10,30,6,37,1,2,1,0,15,6,0,8,0,2,1,9,9,99,1,1,9,1,3,3,1,1,0,0,99,99,99,99,99,99,0,0,0,0,1,6,1,360987,4170,2009,0,KINGSBRIDGE AVE,W 232ND ST,0000000,40.88108889,-73.90545833,1,1
36,103,10,21,7,45,2,3,0,0,13,6,0,12,2,2,1,3,2,99,1,1,9,1,0,0,1,1,0,0,99,99,99,99,99,99,0,0,0,0,1,4,1,360988,705,2009,0,NICHOLLS RD,DANIEL WEBSTER DR,0000000,,,2,1
36,47,4,27,14,10,4,2,1,0,15,6,0,8,0,2,1,9,9,99,1,1,2,1,3,3,1,1,0,0,99,99,99,99,99,99,0,0,0,0,1,2,0,360989,4170,2009,0,MANHATTAN AVE,INDIA ST,0000000,40.732325,-73.95463889,1,1
36,103,11,26,21,14,2,5,0,0,16,6,0,12,5,2,1,1,9,99,1,1,9,1,3,3,3,1,0,0,99,99,99,99,99,99,0,0,0,0,1,5,2,360990,620,2009,0,2ND AVE,AMERICAN BLVD,0000000,40.77830833,-73.23608056,2,1
36,81,10,8,19,39,1,3,2,0,13,6,0,8,0,2,1,9,9,99,1,1,2,1,0,0,5,1,0,0,99,99,99,99,99,99,0,0,0,0,1,5,0,360991,4170,2009,0,FRANCIS LEWIS BLVD,17TH RD,0000000,40.78263611,-73.80426389,1,1
36,81,10,22,16,15,1,2,1,0,14,6,0,8,0,2,1,9,9,99,1,1,9,9,3,3,1,1,0,0,99,99,99,99,99,99,0,0,0,0,1,5,0,360992,4170,2009,0,JEWEL AVE,UTOPIA PKWY,0000000,40.73125833,-73.79383611,1,1
36,47,10,25,14,47,1,2,1,0,13,6,0,8,0,1,1,9,9,99,1,1,9,1,0,0,1,1,0,0,99,99,99,99,99,99,0,0,0,0,1,1,0,360993,4170,2009,0,NEPTUNE AVE,99999999999999999999,0000000,40.58016111,-73.96910278,1,1
36,103,11,30,14,33,2,2,0,1,13,3,0,14,9,1,2,3,2,40,1,1,2,2,0,0,1,2,0,0,14,33,14,39,14,56,0,0,0,0,1,2,0,360994,2840,2009,61,SR-25,99999999999999999999,0000000,40.83209722,-73.34321667,1,2
36,5,11,27,20,45,1,2,1,0,13,6,0,8,0,1,1,3,4,99,1,1,2,1,0,0,3,1,0,0,99,99,99,99,99,99,0,0,0,0,1,6,0,360995,4170,2009,0,BAYCHESTER AVE,99999999999999999999,0000000,40.89753889,-73.84537778,1,1
36,47,10,10,2,25,3,3,0,0,15,6,0,12,5,2,1,9,9,99,1,1,9,1,3,3,3,1,0,0,99,99,99,99,99,99,0,0,0,0,1,7,1,360996,4170,2009,0,21ST AVE,86TH ST,0000000,40.60326667,-73.99605278,2,1
36,103,12,14,15,5,2,5,0,0,16,6,0,12,5,2,1,1,2,99,1,1,9,1,3,3,1,1,0,0,99,99,99,99,99,99,0,0,0,0,1,2,0,360997,705,2009,0,FROWEIN RD,RAILROAD AVE,0000000,40.80626667,-72.79035556,2,1
36,47,11,14,19,18,3,3,1,0,13,6,0,8,0,2,1,9,9,99,9,9,9,9,99,9,3,9,0,0,99,99,99,99,99,99,0,0,0,0,1,7,0,360998,4170,2009,0,DEKALB AVE,MARCUS GARVEY BLVD,0000000,40.69274444,-73.94000556,2,9
36,55,12,17,17,5,2,2,0,0,14,5,0,12,2,2,1,1,4,30,1,1,2,3,3,3,2,1,0,0,17,8,17,16,17,45,0,0,0,0,1,5,0,360999,4730,2009,0,BAY RD,KIDD CASTLE WAY,0000000,43.19305278,-77.50658056,2,1
36,83,10,28,19,41,2,3,0,1,2,2,0,12,5,2,1,1,2,45,2,1,2,2,20,3,2,1,0,0,19,41,19,51,99,99,0,20,0,0,1,4,0,361000,940,2009,0,US-20,SCHOOLHOUSE RD,0000000,42.52772222,-73.64663611,2,1
36,47,11,30,15,39,2,4,1,1,13,6,0,12,5,2,1,1,9,99,1,1,9,2,3,3,1,2,0,0,99,99,99,99,99,99,0,0,0,0,1,2,0,361001,4170,2009,0,AVE U,HENDRICKSON ST,0000000,40.60931111,-73.92348333,2,2
36,9,12,25,16,55,1,1,0,0,2,3,0,27,0,1,4,1,2,55,2,2,2,3,28,3,2,3,0,0,17,12,18,18,88,88,0,0,0,0,1,6,0,361002,110,2009,0,SR-417,99999999999999999999,0000000,42.10786944,-78.55065833,1,3
36,19,12,28,15,0,2,5,0,1,2,3,0,12,5,1,1,1,2,55,1,1,2,3,0,0,1,4,0,0,15,0,15,15,15,30,0,0,0,0,1,2,0,361003,475,2009,0,SR-22,99999999999999999999,0000000,44.79678889,-73.49454444,2,4
36,33,11,24,12,50,1,3,0,0,2,3,0,34,0,1,4,1,2,55,1,1,2,1,0,0,1,1,0,0,12,50,13,30,14,30,0,0,0,0,1,3,0,361004,6150,2009,0,SR-30,99999999999999999999,0000000,44.16832222,-74.51833333,1,1
36,5,10,26,11,8,1,2,1,0,16,6,0,8,0,2,1,3,2,30,1,1,2,1,3,3,1,1,0,0,99,99,99,99,88,88,0,0,0,0,1,2,0,361005,4170,2009,0,TIFFANY ST,RANDALL AVE,0000000,40.81152222,-73.89053056,1,1
36,5,10,31,22,22,1,2,1,0,13,6,0,8,0,2,1,1,2,99,1,2,9,2,0,0,3,2,0,0,99,99,99,99,88,88,0,0,0,0,1,7,0,361006,4170,2009,0,BOSTON RD,3RD AVE,0000000,40.82476111,-73.90841389,1,2
36,29,12,21,9,39,2,3,0,0,13,3,0,12,5,8,1,1,4,40,1,1,2,2,0,0,1,4,0,0,9,43,9,45,10,41,0,0,0,0,1,2,0,361007,6090,2009,23,SR-265,C R KNOCHE,0000000,42.99351944,-78.88310556,2,4
36,47,11,18,15,56,1,2,1,0,16,5,0,8,0,1,1,4,1,30,1,2,2,1,0,0,1,1,0,0,15,56,99,99,99,99,0,0,0,0,1,4,0,361008,4170,2009,0,53RD ST,99999999999999999999,0000000,40.64312778,-74.01155556,1,1
36,55,10,27,11,45,2,3,0,0,15,5,0,12,2,1,1,9,9,99,1,1,9,1,0,0,1,1,0,0,99,99,99,99,99,99,0,0,0,0,1,3,0,361009,2606,2009,0,JEFFERSON RD,99999999999999999999,0000000,43.09484167,-77.61411667,2,1
36,59,12,11,15,53,1,1,0,1,2,3,0,42,0,1,4,3,3,55,1,1,1,1,0,0,1,1,0,0,99,99,99,99,88,88,0,0,0,0,1,6,0,361010,2600,2009,0,SR-908T,99999999999999999999,0000000,40.66879167,-73.51595833,1,1
36,119,12,28,23,47,2,3,0,0,16,5,0,12,1,1,1,9,9,99,1,2,9,1,0,0,3,1,0,0,99,99,99,99,99,99,0,0,0,0,1,2,1,361011,6820,2009,0,CENTRAL AVE,99999999999999999999,0000000,40.91004167,-73.87691944,2,1
36,59,7,8,16,35,1,2,0,0,16,5,0,30,0,1,4,1,2,99,1,2,9,1,0,0,1,1,0,0,99,99,99,99,99,99,0,0,0,0,1,4,0,361012,4600,2009,0,PINE HOLLOW RD,99999999999999999999,0000000,40.85516667,-73.53513056,1,1
36,59,10,28,11,55,1,2,1,0,14,5,0,8,0,1,1,9,9,99,1,1,9,2,0,0,1,2,0,0,99,99,99,99,99,99,0,0,0,0,1,4,0,361013,2600,2009,0,E MEADOW AVE,99999999999999999999,0000000,40.713175,-73.55848889,1,2
36,59,11,14,17,53,1,2,1,0,14,5,0,8,0,2,1,9,9,99,1,1,9,2,3,3,3,2,0,0,99,99,99,99,99,99,0,0,0,0,1,7,0,361014,4090,2009,0,WILLIS AVE,OXFORD ST,0000000,40.77998889,-73.64976944,1,2
36,59,11,5,4,45,2,2,0,1,2,3,0,12,9,1,1,3,9,99,1,2,9,1,0,0,3,1,0,0,99,99,99,99,99,99,0,0,0,0,1,5,0,361015,4600,2009,0,SR-495,99999999999999999999,0000000,40.79776111,-73.50274167,2,1
36,59,10,9,0,36,4,3,0,0,14,6,0,12,5,2,1,1,2,99,1,1,9,1,20,3,3,1,0,0,99,99,99,99,99,99,0,0,0,0,1,6,0,361016,2600,2009,0,BALDWIN RD,LAWSON ST,0000000,40.69353056,-73.61392778,2,1
36,59,9,2,5,38,1,2,1,1,13,3,0,8,0,2,1,1,4,99,1,1,9,1,3,3,4,1,0,0,99,99,99,99,99,99,0,0,0,0,1,4,0,361017,2600,2009,99,SR-24,BILTMORE AVE,0000000,40.70808889,-73.71731111,1,1
36,81,10,11,14,30,2,3,0,1,12,3,0,12,2,1,1,3,3,99,1,1,9,1,0,0,1,1,0,0,99,99,99,99,99,99,0,0,0,0,1,1,0,361018,4170,2009,10,SR-907M,99999999999999999999,0000000,,,2,1
36,85,11,7,2,35,1,2,0,1,1,1,0,24,0,11,4,3,6,50,1,1,2,2,0,0,3,2,0,0,99,99,2,44,2,49,0,0,0,0,1,7,1,361019,4170,2009,0,I-278,RICHMOND AVE,0000000,40.61509167,-74.15745833,1,2
36,85,11,20,15,0,1,2,1,0,13,6,0,8,0,2,1,2,3,40,1,1,2,1,0,0,1,1,0,1,99,99,99,99,99,99,0,0,0,0,1,6,0,361020,4170,2009,0,RICHMOND AVE,RIVINGTON AVE,0000000,40.5975,-74.16254167,1,1
36,81,12,9,20,6,1,2,1,1,13,6,0,8,0,2,1,9,9,99,1,1,9,1,3,3,2,1,0,0,99,99,99,99,99,99,0,0,0,0,1,4,0,361021,4170,2009,0,21ST ST,44TH DR,0000000,40.74823333,-73.94751667,1,1
36,85,11,25,19,14,1,3,2,0,16,6,0,8,0,2,1,1,2,30,1,1,2,2,3,3,3,1,0,0,19,15,19,17,19,35,0,0,0,0,2,4,0,361022,4170,2009,0,NEW DORP LANE,3RD ST,0000000,40.57503333,-74.11829444,1,1
36,5,12,29,0,3,1,3,0,0,16,6,0,38,0,2,4,3,2,99,1,1,9,1,0,0,3,1,0,0,99,99,99,99,99,99,0,0,0,0,1,3,0,361023,4170,2009,0,BRUCKNER BLVD,BAISLEY AVE,0000000,40.83710278,-73.82583333,1,1
36,47,12,11,19,25,1,2,1,0,16,6,0,8,0,2,1,1,2,99,1,1,9,1,0,0,3,1,0,0,99,99,99,99,99,99,0,0,0,0,1,6,0,361024,4170,2009,0,BEVERLY RD,E 56TH ST,0000000,40.64667778,-73.92403056,1,1
36,79,12,12,10,51,1,1,0,1,1,1,0,27,0,1,4,2,2,65,1,1,2,1,0,0,1,1,0,0,10,51,10,51,12,30,0,0,0,0,1,7,1,361025,900,2009,594,I-84,99999999999999999999,0000000,41.50221389,-73.676375,1,1
36,103,12,12,0,20,1,2,1,0,16,5,0,8,0,1,1,1,2,99,1,1,2,1,0,0,2,1,0,0,1,8,1,17,1,34,0,0,0,0,1,7,0,361026,2920,2009,0,MARTINSTEIN ST,99999999999999999999,0000000,40.74727222,-73.28934444,1,1
36,103,11,25,16,1,1,2,1,1,2,3,0,9,0,2,1,1,9,99,1,1,9,1,3,3,1,1,0,0,99,99,99,99,99,99,0,0,0,0,1,4,0,361027,5769,2009,0,SR-347,TERRY RD,0000000,40.847775,-73.16958889,1,1
36,59,12,1,15,0,1,1,0,0,14,5,0,42,0,1,4,1,2,25,2,1,2,1,0,0,1,1,0,0,99,99,99,99,99,99,0,0,0,0,1,3,0,361028,2600,2009,0,OCEANSIDE RD,99999999999999999999,0000000,40.638675,-73.633825,1,1
36,71,8,15,19,30,1,3,0,0,16,5,0,30,0,1,4,1,2,40,2,2,2,2,0,0,1,1,0,0,19,30,19,40,99,99,0,0,0,0,1,7,0,361029,4828,2009,0,CRAWFORD ST,99999999999999999999,0000000,41.58351111,-74.36679722,1,1
36,45,11,4,22,31,1,1,0,1,2,3,0,27,0,1,4,1,2,55,1,1,2,1,0,0,2,1,0,0,22,32,22,38,23,17,0,0,0,0,1,4,1,361030,1900,2009,0,SR-37,99999999999999999999,0000000,44.01957778,-75.90218056,1,1
36,47,6,28,2,40,1,3,1,0,14,6,0,8,0,1,1,9,9,99,1,1,2,1,0,0,3,1,0,0,99,99,99,99,99,99,0,0,0,0,1,1,0,361031,4170,2009,0,W 9TH ST,99999999999999999999,0000000,40.59885,-73.98090278,1,1
36,81,12,13,5,38,1,1,0,0,16,6,0,39,0,2,4,4,9,30,1,1,2,2,20,3,3,1,0,0,99,99,99,99,88,88,0,0,0,0,1,1,1,361032,4170,2009,0,111TH AVE,VAN WYCK EXP SR,0000000,40.68496667,-73.80623889,1,1
36,5,11,15,4,52,1,3,1,1,13,6,0,8,0,2,1,9,9,99,1,2,9,2,3,3,3,1,0,0,99,99,99,99,99,99,0,0,0,0,1,1,0,361033,4170,2009,0,GRAND CONCOURSE,E 165TH ST,0000000,40.83108611,-73.92073611,1,1
36,47,12,2,18,58,1,2,1,0,13,6,0,8,0,2,1,1,2,99,1,1,9,2,3,3,3,2,0,0,99,99,99,99,88,88,0,0,0,0,1,4,0,361034,4170,2009,0,E 71ST ST,AVENUE U,0000000,40.619825,-73.90746111,1,2
36,61,11,22,0,48,1,1,0,1,2,3,0,24,0,2,4,3,3,50,1,1,2,1,0,0,3,1,0,0,99,99,99,99,99,99,0,0,0,0,1,1,1,361035,4170,2009,0,SR-907V,W 85TH ST,0000000,40.789575,-73.98206111,1,1
36,81,11,13,17,45,1,2,1,0,13,6,0,8,0,2,1,9,9,99,1,1,2,2,0,0,5,2,0,0,99,99,99,99,88,88,0,0,0,0,1,6,0,361036,4170,2009,0,21ST AVE,23RD ST,0000000,40.78161389,-73.91356944,1,2
36,5,11,15,3,41,2,6,1,1,2,3,0,8,0,1,1,1,9,99,1,1,2,2,0,0,3,2,0,0,99,99,99,99,88,88,0,0,0,0,1,1,0,361037,4170,2009,0,SR-907H,99999999999999999999,0000000,40.85770833,-73.87254167,2,2
36,5,11,7,3,1,1,1,0,0,13,6,0,21,0,1,3,3,2,99,1,1,2,1,0,0,3,1,0,0,99,99,99,99,88,88,0,0,0,0,1,7,1,361038,4170,2009,0,BRUCKNER BLVD,99999999999999999999,0000000,,,1,1
36,81,11,19,17,12,1,2,1,0,16,6,0,8,0,2,1,1,2,30,1,1,2,2,0,0,3,1,0,0,99,99,99,99,99,99,0,0,0,0,1,5,0,361039,4170,2009,0,164TH AVE,91ST ST,0000000,40.65054167,-73.83971667,1,1
36,81,7,7,12,15,1,2,1,0,13,6,0,8,0,2,1,9,9,99,1,1,2,1,0,0,1,1,0,0,99,99,99,99,99,99,0,0,0,0,1,3,0,361040,4170,2009,0,CYPRESS AVE,PUTNAM AVE,0000000,40.70058611,-73.90661667,1,1
36,47,12,31,16,35,1,2,1,0,16,6,0,8,0,2,1,9,9,99,1,2,2,2,3,3,3,1,0,0,99,99,99,99,99,99,0,0,0,0,1,5,0,361041,4170,2009,0,49TH ST,FT HAMILTON PARKWAY,0000000,40.63846389,-73.99768333,1,1
36,5,12,13,15,0,1,3,1,0,13,6,0,8,0,2,1,1,4,30,1,1,9,2,3,3,1,2,0,0,99,99,99,99,99,99,0,0,0,0,1,1,0,361042,4170,2009,0,WESTCHESTER AVE,HARROD AVE,0000000,40.82975556,-73.8737,1,2
36,47,12,15,6,6,1,5,1,0,13,6,0,8,0,2,1,3,2,99,2,2,9,1,3,3,2,1,0,0,99,99,99,99,88,88,0,0,0,0,1,3,0,361043,4170,2009,0,BAY PKWY,SR 907C,0000000,40.596525,-73.99946111,1,1
36,47,11,20,6,25,1,2,1,0,13,6,0,8,0,2,1,9,9,99,1,1,2,2,0,0,3,2,0,0,99,99,99,99,99,99,0,0,0,0,1,6,0,361044,4170,2009,0,BEDFORD AVE,MAPLE ST,0000000,40.66044167,-73.95691389,1,2
36,47,7,20,16,30,1,2,1,0,16,6,0,8,0,1,1,1,2,99,1,1,2,1,0,0,1,1,0,0,99,99,99,99,99,99,0,0,0,0,1,2,0,361045,4170,2009,0,NOSTRAND AVE,99999999999999999999,0000000,40.58866944,-73.93961944,1,1
36,47,6,28,20,20,6,4,0,0,16,6,0,12,2,2,1,1,2,99,1,2,2,1,3,3,3,1,0,0,99,99,99,99,99,99,0,0,0,0,1,1,0,361046,4170,2009,0,9TH AVE,45TH ST,0000000,40.64256944,-73.99858056,2,1
36,47,12,9,16,35,1,2,1,1,13,6,0,8,0,2,1,9,9,99,1,1,2,2,3,3,1,1,0,0,99,99,99,99,99,99,0,0,0,0,1,4,0,361047,4170,2009,0,86TH ST,23RD AVE,0000000,40.60056111,-73.99163333,1,1
36,81,12,4,15,40,2,2,1,1,1,1,0,12,1,1,1,3,4,50,1,1,2,1,0,0,1,1,0,0,99,99,99,99,99,99,0,14,0,0,1,6,0,361048,4170,2009,0,I-295,99999999999999999999,0000000,40.73925833,-73.76907222,2,1
36,67,12,4,18,40,1,3,1,0,13,5,0,8,0,1,1,2,6,40,1,1,2,1,0,0,3,1,0,0,18,42,18,44,19,8,0,0,0,0,1,6,0,361049,1539,2009,0,ERIE BLVD E,99999999999999999999,0000000,43.0465,-76.06946389,1,1
36,61,12,24,5,17,1,2,1,9,13,6,0,8,0,2,1,3,3,30,1,1,2,1,3,3,4,1,0,0,5,18,99,99,5,43,0,0,0,0,1,5,0,361050,4170,2009,0,BROADWAY,W 150TH ST,0000000,40.82964722,-73.94822222,1,1
36,5,12,16,13,26,1,1,0,1,11,1,0,42,0,1,4,3,3,50,1,2,2,1,0,0,1,1,0,0,13,30,13,35,88,88,0,0,0,0,1,4,0,361051,4170,2009,68,I-87,99999999999999999999,0000000,,,1,1
36,59,12,7,8,0,1,1,0,0,13,6,0,42,0,1,4,3,2,99,1,1,9,1,0,0,1,1,0,0,99,99,99,99,99,99,0,0,0,0,1,2,0,361052,2649,2009,0,PENINSULA BLVD,99999999999999999999,0000000,40.64383056,-73.70398056,1,1
36,47,5,29,19,30,2,4,1,0,13,6,0,8,0,2,1,3,2,99,1,1,9,1,3,3,1,1,0,0,99,99,99,99,99,99,0,0,0,0,1,6,0,361053,4170,2009,0,OCEAN PKWY,BRIGHTON BEACH AVE,0000000,40.57630278,-73.96825833,2,1
36,47,5,1,23,50,1,2,1,0,13,6,0,8,0,2,1,1,2,99,1,1,2,1,3,3,3,1,0,0,99,99,99,99,99,99,0,0,0,0,1,6,0,361054,4170,2009,0,ATLANTIC AVE,FRANKLIN AVE,0000000,40.67927222,-73.95528056,1,1
36,81,6,15,5,15,1,2,1,1,11,1,0,8,0,2,1,3,3,99,1,1,2,1,3,3,3,1,0,0,99,99,99,99,99,99,0,0,0,0,1,2,0,361055,4170,2009,0,I-678,ATLANTIC AVE,0000000,,,1,1
36,47,8,3,20,53,2,3,1,0,13,6,0,12,5,2,1,1,2,99,1,1,2,1,3,3,1,1,0,0,99,99,99,99,99,99,0,0,0,0,1,2,0,361056,4170,2009,0,ROGERS AVE,MARTENSE ST,0000000,40.65153611,-73.95255833,2,1
36,81,8,11,15,0,1,2,0,0,16,6,0,30,0,2,4,1,2,99,1,1,2,1,0,0,1,1,0,0,99,99,99,99,99,99,0,0,0,0,1,3,0,361057,4170,2009,0,FOCH BLVD,141ST ST,0000000,40.67843889,-73.80053889,1,1
36,47,8,25,15,3,2,3,1,0,13,6,0,12,5,2,1,1,2,99,1,1,2,1,3,3,1,1,0,0,99,99,99,99,99,99,0,0,0,0,1,3,0,361058,4170,2009,0,UTICA AVE,FOSTER AVE,0000000,40.63981111,-73.92911111,2,1
36,81,11,1,21,10,1,2,1,0,16,6,0,8,0,2,1,3,2,99,1,1,2,1,3,3,3,1,0,0,99,99,99,99,99,99,0,0,0,0,1,1,0,361059,4170,2009,0,QUEENS BLVD,67TH RD,0000000,,,1,1
36,47,11,24,1,24,1,2,1,0,13,6,0,8,0,2,1,3,2,99,2,1,2,1,3,3,3,1,0,0,99,99,99,99,99,99,0,0,0,0,1,3,0,361060,4170,2009,0,KINGS HWY,E 98TH ST,0000000,40.66196944,-73.91958333,1,1