STATE,COUNTY,MONTH,DAY,HOUR,MINUTE,VE_TOTAL,PERSONS,PEDS,NHS,ROAD_FNC,ROUTE,SP_JUR,HARM_EV,MAN_COLL,REL_JUNC,REL_ROAD,TRAF_FLO,NO_LANES,SP_LIMIT,ALIGNMNT,PROFILE,PAVE_TYP,SUR_COND,TRA_CONT,T_CONT_F,LGT_COND,WEATHER1,WEATHER2,WRK_ZONE,NOT_HOUR,NOT_MIN,ARR_HOUR,ARR_MIN,HOSP_HR,HOSP_MN,SCH_BUS,CF1,CF2,CF3,FATALS,DAY_WEEK,DRUNK_DR,ST_CASE,CITY,YEAR,MILEPT,TWAY_ID,TWAY_ID2,RAIL,LATITUDE,LONGITUD,VE_FORMS,WEATHER
36,81,12,1,7,16,1,2,0,1,12,3,0,25,0,1,3,3,2,99,2,1,2,1,0,0,1,1,0,0,99,99,99,99,99,99,0,0,0,0,1,3,0,361061,4170,2009,35,SR-908B,99999999999999999999,0000000,40.70805556,-73.84518056,1,1
36,67,11,27,18,42,1,2,1,0,16,6,0,8,0,2,1,1,2,30,1,2,2,2,0,0,3,2,0,0,18,44,18,47,19,14,0,0,0,0,1,6,0,361062,6010,2009,0,W GENESSEE ST,N LOWELL AVE,0000000,43.05224722,-76.18506389,1,2
36,81,12,2,23,40,1,1,0,0,13,6,0,30,0,2,4,3,3,99,1,1,2,2,0,0,6,1,0,0,99,99,99,99,99,99,0,0,0,0,1,4,1,361063,4170,2009,0,SEAGIRT BLVD,BEACH 13TH ST,0000000,40.59549167,-73.74702778,1,1
36,47,12,17,21,13,2,3,1,0,13,6,0,8,0,1,1,1,4,99,1,1,2,1,0,0,3,1,0,0,99,99,99,99,99,99,0,0,0,0,1,5,0,361064,4170,2009,0,4TH AVE,99999999999999999999,0000000,40.62770556,-74.026325,2,1
36,81,12,13,22,5,1,1,0,1,11,1,0,42,0,1,4,3,3,99,1,1,9,2,0,0,3,2,0,0,99,99,99,99,99,99,0,0,0,0,1,1,0,361065,4170,2009,24,I-295,99999999999999999999,0000000,40.754,-73.775925,1,2
36,61,7,13,23,40,2,2,0,0,16,6,0,12,5,2,1,1,6,99,1,1,2,1,3,3,3,1,0,0,99,99,99,99,99,99,0,0,0,0,1,2,0,361066,4170,2009,0,YORK AVE,E 63RD ST,0000000,40.76115556,-73.9579,2,1
36,105,12,5,10,0,2,7,0,0,5,6,0,12,8,1,1,1,2,35,2,1,2,1,0,0,1,1,0,0,10,5,10,13,13,25,0,0,0,0,4,7,1,361067,1954,2009,0,PLEASANT VALLEY RD,99999999999999999999,0000000,41.73885,-74.63699444,2,1
36,103,12,7,6,45,3,3,0,0,16,6,0,12,1,2,1,1,2,99,1,2,2,1,3,3,1,1,0,0,99,99,99,99,99,99,0,0,0,0,1,2,0,361068,705,2009,0,MASTIC RD,CLINTON AVE,0000000,40.80427222,-72.8399,3,1
36,47,12,13,12,10,1,2,1,1,13,6,0,9,0,2,1,9,9,99,1,1,2,2,0,0,1,2,0,0,99,99,99,99,99,99,0,0,0,0,1,1,0,361069,4170,2009,0,MCGUINESS BLVD,NASSAU AVE,0000000,40.72473889,-73.94826667,1,2
36,81,11,25,6,30,1,2,1,1,13,6,0,8,0,2,1,3,2,30,1,1,2,1,3,3,4,1,0,0,99,99,99,99,99,99,0,0,0,0,1,4,0,361071,4170,2009,0,DITMARS BLVD,35TH ST,0000000,40.77501667,-73.90901944,1,1
36,119,11,9,14,22,2,2,0,0,16,5,0,12,2,2,1,9,9,99,2,1,9,9,0,0,1,9,0,0,99,99,99,99,99,99,0,0,0,0,1,2,0,361072,6040,2009,0,RIDGE RD,W HARTSDALE AVE,0000000,41.02470556,-73.80575556,2,9
36,81,1,17,17,30,1,2,1,1,13,6,0,8,0,2,1,9,9,99,1,1,9,1,3,3,2,1,0,0,99,99,99,99,99,99,0,0,0,0,1,7,0,361073,4170,2009,0,21ST ST,36TH AVE,0000000,40.75993611,-73.93680833,1,1
36,61,11,25,0,4,2,5,0,0,16,6,0,12,5,2,1,1,2,30,1,2,2,1,3,3,3,1,0,0,99,99,99,99,99,99,0,0,0,0,1,4,0,361074,4170,2009,0,W 92ND ST,AMSTERDAM AVE,0000000,40.7915,-73.97222778,2,1
36,47,9,12,7,56,1,2,1,0,13,6,0,8,0,2,1,9,9,99,1,1,2,2,3,3,1,1,0,0,99,99,99,99,99,99,0,0,0,0,1,7,0,361075,4170,2009,0,BEDFORD AVE,WALLABOUT ST,0000000,40.69972222,-73.95724722,1,1
36,5,7,27,1,18,7,4,0,0,16,6,0,12,5,1,1,1,4,30,1,2,2,2,0,0,3,1,0,0,99,99,99,99,88,88,0,14,0,0,1,2,0,361076,4170,2009,0,BAYCHESTER AVE,99999999999999999999,0000000,40.89938611,-73.84610833,3,1
36,61,10,23,6,18,2,3,0,0,13,6,0,12,5,2,1,4,9,99,1,1,2,1,3,3,4,1,0,0,99,99,99,99,99,99,0,0,0,0,1,6,0,361077,4170,2009,0,1ST AVE,E 4TH ST,0000000,40.725225,-73.98707222,2,1
36,47,11,3,5,20,1,2,1,0,16,6,0,8,0,2,1,1,2,99,1,2,2,1,1,3,3,1,0,0,99,99,99,99,88,88,0,1,0,0,1,3,0,361078,4170,2009,0,FLATBUSH AVE,ST MARKS AVE,0000000,40.67988889,-73.97442222,1,1
36,47,12,13,23,20,1,2,1,0,16,6,0,8,0,2,1,1,2,99,1,1,2,1,1,3,3,1,0,0,99,99,99,99,99,99,0,0,0,0,1,1,0,361079,4170,2009,0,4TH AVE,45TH ST,0000000,40.64932222,-74.00957222,1,1
37,5,1,10,2,59,1,3,0,0,6,4,0,1,0,1,1,1,2,55,1,1,2,1,0,0,2,1,0,0,2,51,3,1,99,99,0,0,0,0,1,7,1,370001,0,2009,99999,RP-1464,99999999999999999999,0000000,36.46021111,-81.00413611,1,1
37,11,1,25,13,40,1,1,0,0,3,3,0,38,0,1,4,1,2,55,1,1,2,1,0,0,1,1,0,0,13,38,13,42,99,99,0,0,0,0,1,1,0,370002,0,2009,99999,SR-194,99999999999999999999,0000000,36.12906389,-81.93484444,1,1
37,13,1,3,1,29,1,1,0,0,4,4,0,34,0,1,4,1,2,55,2,1,2,1,0,0,2,1,0,0,99,99,99,99,88,88,0,0,0,0,1,7,0,370003,0,2009,99999,RP-1507,99999999999999999999,0000000,35.56816389,-76.979925,1,1
37,19,1,1,0,15,1,1,0,0,16,5,0,53,0,1,4,1,2,45,2,1,2,1,0,0,3,1,0,0,0,20,0,28,1,47,0,0,0,0,1,5,1,370004,0,2009,99999,CEDAR HILL ROAD,99999999999999999999,0000000,,,1,1
37,23,1,2,8,54,1,1,0,0,5,4,0,42,0,1,5,1,2,55,1,1,2,4,0,0,1,3,0,0,8,23,8,54,9,0,0,0,0,0,1,6,0,370005,0,2009,99999,RP-1786,99999999999999999999,0000000,35.6807,-81.49408333,1,3
37,35,1,20,20,45,1,2,1,1,12,2,0,8,0,1,1,2,4,45,1,2,2,1,0,0,3,1,0,0,20,44,20,48,88,88,0,0,0,0,1,3,0,370006,2150,2009,99999,US-70,99999999999999999999,0000000,35.72208611,-81.35451944,1,1
37,39,1,11,20,0,1,1,0,1,2,2,0,37,0,1,4,3,2,55,2,2,2,1,0,0,3,1,0,0,20,5,20,23,88,88,0,0,0,0,1,1,0,370007,0,2009,99999,US-64,99999999999999999999,0000000,35.0139,-84.30216667,1,1
37,43,1,18,20,5,1,2,0,0,4,4,0,1,0,1,1,1,2,45,1,2,2,1,0,0,2,1,0,0,20,8,20,17,20,35,0,0,0,0,1,1,0,370008,0,2009,99999,RP-1100,99999999999999999999,0000000,35.02751111,-83.84554722,1,1
37,57,1,24,3,19,1,2,0,0,6,5,0,43,0,1,4,1,2,35,1,2,2,1,0,0,2,1,0,0,3,11,3,18,99,99,0,0,0,0,1,7,1,370009,0,2009,99999,RP-1506,99999999999999999999,0000000,35.95718333,-80.22541944,1,1
37,67,1,9,13,40,2,2,0,0,16,6,0,12,2,1,1,1,2,45,2,2,2,1,0,0,1,1,0,0,13,40,13,52,99,99,0,0,0,0,1,6,1,370010,5120,2009,99999,OLD LEXINGTON ROAD,99999999999999999999,0000000,36.03596944,-80.21736667,2,1
37,67,1,11,3,11,1,2,0,1,12,2,0,33,0,1,4,3,2,55,1,2,2,1,0,0,2,1,0,0,3,22,3,24,3,39,0,0,0,0,1,1,1,370011,5120,2009,99999,US-52,99999999999999999999,0000000,36.07893333,-80.23034167,1,1
37,69,1,12,20,7,1,1,0,0,6,4,0,34,0,1,4,1,2,55,2,2,2,1,0,0,2,1,0,0,19,51,19,59,88,88,0,0,0,0,1,2,1,370012,0,2009,99999,RP-1616,99999999999999999999,0000000,36.07511667,-78.14298333,1,1
37,71,1,26,5,8,1,1,0,0,16,6,0,30,0,1,4,1,2,45,2,1,2,1,0,0,3,1,0,0,5,10,5,19,5,45,0,0,0,0,1,2,1,370013,1800,2009,99999,RP-1122,99999999999999999999,0000000,35.24515556,-81.25401389,1,1
37,71,1,8,16,0,1,1,0,1,12,2,0,42,0,1,4,3,2,55,1,1,2,1,0,0,1,1,0,0,16,29,16,45,88,88,0,0,0,0,1,5,0,370014,0,2009,99999,US-74,99999999999999999999,0000000,35.24416389,-81.32515556,1,1
37,73,1,11,16,43,1,2,0,0,6,4,0,19,0,3,5,1,2,35,1,1,2,1,20,3,2,1,0,0,16,44,16,54,17,49,0,0,0,0,1,1,0,370015,0,2009,99999,RP-1202,SR-37,0000000,36.50327222,-76.76918889,1,1
37,87,1,23,18,20,1,1,0,0,6,4,0,42,0,1,4,1,2,35,2,1,2,1,0,0,2,1,0,0,99,99,99,99,88,88,0,0,0,0,1,6,0,370016,0,2009,99999,RP-1847,99999999999999999999,0000000,35.50450833,-82.83803056,1,1
37,89,1,24,15,35,1,1,0,0,16,6,0,38,0,1,4,1,2,45,1,1,2,1,0,0,1,1,0,0,15,41,15,43,88,88,0,0,0,0,1,7,0,370017,0,2009,99999,RP-1419,99999999999999999999,0000000,,,1,1
37,91,1,23,3,43,1,2,0,1,2,2,0,32,0,1,4,1,2,45,1,1,2,1,0,0,2,1,0,0,3,33,3,44,4,15,0,0,0,0,2,6,1,370018,0,2009,99999,US-158 BUS,99999999999999999999,0000000,36.43885833,-77.12894722,1,1
37,91,1,31,8,0,1,1,0,0,6,4,0,23,0,1,4,1,2,55,2,1,2,1,0,0,1,1,0,0,8,46,9,15,10,15,0,0,0,0,1,7,1,370019,0,2009,99999,RP-1150,99999999999999999999,0000000,,,1,1
37,97,1,8,18,27,1,2,0,0,5,4,0,1,0,1,1,1,2,55,2,1,2,1,0,0,2,1,0,0,18,27,18,34,99,99,0,0,0,0,1,5,1,370020,0,2009,99999,RP-1892,99999999999999999999,0000000,,,1,1
37,101,1,6,8,0,1,1,0,0,6,4,0,34,0,1,4,1,2,55,2,2,2,2,0,0,1,2,0,0,8,3,8,10,8,37,0,0,0,0,1,3,0,370021,0,2009,99999,BAGLEY ROAD,99999999999999999999,0000000,35.55766944,-78.15722222,1,2
37,101,1,13,23,3,1,2,1,1,11,1,0,8,0,1,1,3,3,65,1,1,2,1,0,0,2,1,0,0,23,1,23,13,88,88,0,0,0,0,1,3,0,370022,4230,2009,99999,I-95,99999999999999999999,0000000,35.52139167,-78.286,1,1
37,119,1,9,15,13,4,5,0,0,16,6,0,12,1,1,1,3,2,55,1,1,2,1,0,0,1,1,0,0,99,99,99,99,99,99,0,0,0,0,1,6,0,370023,870,2009,99999,BROOKSHIRE FREEWAY,99999999999999999999,0000000,35.243025,-80.84611389,4,1
37,119,1,10,15,6,2,4,0,0,14,3,0,12,5,2,1,1,4,35,1,1,2,1,20,3,1,1,0,0,14,56,15,10,15,43,0,0,0,0,1,7,0,370024,3640,2009,99999,SR-51,CRANFORD DRIVE,0000000,35.086775,-80.89245278,2,1
37,119,1,23,1,43,1,1,0,0,16,6,0,42,0,1,3,2,2,25,1,1,2,1,0,0,3,1,0,0,1,42,1,54,88,88,0,0,0,0,1,6,1,370025,870,2009,99999,RAINTREE LANE,99999999999999999999,0000000,35.08671667,-80.78610833,1,1
37,133,1,15,16,34,2,3,0,0,4,3,0,12,4,3,1,1,2,55,1,1,2,1,3,3,1,1,0,0,16,35,16,41,18,27,0,0,0,0,1,5,0,370026,0,2009,99999,SR-210,RP-1518,0000000,34.55060833,-77.436575,2,1
37,133,1,20,1,14,1,2,0,1,2,2,0,1,0,1,1,2,2,55,1,1,2,1,0,0,2,1,0,0,1,41,1,55,3,39,0,0,0,0,1,3,0,370027,0,2009,99999,US-17,99999999999999999999,0000000,34.85061389,-77.27955,1,1
37,133,1,22,5,5,1,1,0,0,6,4,0,42,0,1,4,1,2,35,2,2,2,1,0,0,2,1,0,0,6,51,7,4,8,48,0,0,0,0,1,5,1,370028,0,2009,99999,RP-1557,99999999999999999999,0000000,34.56588611,-77.38605278,1,1
37,147,1,25,17,34,1,2,0,0,5,4,0,38,0,1,5,1,2,55,2,1,2,1,0,0,2,1,0,0,17,23,17,30,99,99,0,0,0,0,1,1,1,370029,0,2009,99999,RP-1774,99999999999999999999,0000000,35.51815,-77.29061944,1,1
37,151,1,19,6,35,2,3,0,0,4,4,0,12,4,1,1,1,2,40,2,2,2,4,0,0,2,4,0,0,6,35,6,47,7,40,0,0,0,0,1,2,0,370030,0,2009,99999,RP-2261,99999999999999999999,0000000,35.81956111,-79.6961,2,4
37,155,1,3,13,30,2,5,0,0,4,3,0,12,5,2,1,1,2,55,1,1,2,1,20,3,1,1,0,0,13,36,13,49,14,29,0,0,0,0,1,7,0,370031,0,2009,99999,SR-130,RP-1131,0000000,34.63836389,-79.34444167,2,1
37,155,1,24,4,17,1,1,0,0,6,4,0,34,0,1,4,1,2,55,2,1,2,1,0,0,2,1,0,0,99,99,99,99,88,88,0,0,0,0,1,7,1,370032,0,2009,99999,RP-1529,99999999999999999999,0000000,34.69155556,-78.97762222,1,1
37,157,1,26,7,1,1,2,1,0,16,5,0,8,0,1,1,1,2,45,1,1,2,1,0,0,4,1,0,0,7,2,7,15,8,57,1,0,0,0,1,2,0,370033,4470,2009,99999,MAIN STREET,99999999999999999999,0000000,36.46443611,-79.91371389,1,1
37,159,1,8,5,13,1,1,0,1,2,2,0,1,0,1,1,1,2,55,2,2,2,1,0,0,2,1,0,0,5,10,99,97,99,97,0,0,0,0,1,5,0,370034,0,2009,99999,US-52,99999999999999999999,0000000,35.54720833,-80.37985,1,1
37,161,1,17,23,25,1,1,0,0,6,4,0,1,0,1,4,1,2,55,1,1,2,1,0,0,2,1,0,0,23,31,23,47,99,99,0,0,0,0,1,7,1,370035,0,2009,99999,RP-1929,99999999999999999999,0000000,,,1,1
37,163,1,14,18,45,3,6,0,0,3,3,0,12,4,1,1,1,2,55,1,1,2,1,0,0,2,1,0,0,99,99,99,99,99,99,0,0,0,0,1,4,0,370036,0,2009,99999,SR-24,99999999999999999999,0000000,34.98468611,-78.60228611,3,1
37,163,1,19,17,45,2,2,0,0,3,3,0,12,2,1,1,1,2,55,1,1,2,1,0,0,1,1,0,0,99,99,99,99,99,99,0,0,0,0,1,2,0,370037,0,2009,99999,SR-24,99999999999999999999,0000000,34.99385278,-78.16804167,2,1
37,167,1,19,18,16,1,2,1,0,16,6,0,8,0,1,1,1,2,35,1,2,2,1,0,0,3,1,0,0,18,17,18,21,18,37,0,0,0,0,1,2,0,370038,60,2009,99999,LEONARD AVE,99999999999999999999,0000000,35.34628611,-80.17836111,1,1
37,171,1,29,2,25,2,4,0,0,16,6,0,12,5,2,1,1,2,35,1,1,2,1,3,3,2,1,0,0,99,99,99,99,88,88,0,0,0,0,1,5,1,370039,3170,2009,99999,WORTH STREET,HAYMORE STREET,0000000,36.49040278,-80.60599167,2,1
37,179,1,31,17,42,1,1,0,0,6,4,0,1,0,1,1,1,2,55,2,2,2,1,0,0,2,1,0,0,99,99,99,99,88,88,0,0,0,0,1,7,1,370040,0,2009,99999,RP-1622,99999999999999999999,0000000,35.02461944,-80.52448611,1,1
37,183,1,16,20,21,1,2,1,0,16,6,0,8,0,1,1,2,3,45,1,1,2,1,0,0,3,1,0,0,20,22,20,27,20,42,0,0,0,0,1,6,0,370041,3750,2009,99999,S. SAUNDERS STREET,99999999999999999999,0000000,35.74505833,-78.64878333,1,1
37,133,2,2,9,37,1,2,1,0,16,6,0,8,0,1,1,1,6,45,1,1,2,1,0,0,1,1,0,0,9,37,9,43,9,53,0,0,0,0,1,2,0,370042,2330,2009,99999,WESTERN BLVD,99999999999999999999,0000000,34.77330833,-77.38823056,1,1
37,1,1,3,17,2,1,1,0,0,6,4,0,53,0,1,4,1,2,35,2,1,2,1,0,0,1,1,0,0,16,50,16,58,17,33,0,0,0,0,1,7,1,370043,0,2009,99999,RP-1730,99999999999999999999,0000000,36.12366389,-79.40506111,1,1
37,1,1,17,16,21,2,4,0,0,4,4,0,12,4,2,1,1,2,50,1,1,2,1,20,3,1,1,0,0,16,17,16,25,99,99,0,0,0,0,1,7,0,370044,0,2009,99999,RP-1005,RP-2351,0000000,35.89503056,-79.25846111,2,1
37,23,1,18,13,7,2,4,0,0,14,4,0,12,4,1,1,1,2,45,1,3,2,1,0,0,1,1,0,0,13,4,13,10,14,45,0,0,0,0,1,1,0,370045,2180,2009,99999,RP-1007,99999999999999999999,0000000,35.71271944,-81.43100833,2,1
37,25,1,4,18,50,2,12,0,1,11,1,0,12,7,1,1,3,5,65,1,2,2,2,0,0,3,1,0,0,18,48,18,58,19,23,0,0,0,0,1,1,0,370046,1040,2009,99999,I-85,99999999999999999999,0000000,35.41171667,-80.684625,2,1
37,27,1,5,9,57,1,1,0,0,6,4,0,42,0,1,4,1,2,35,2,2,2,1,0,0,1,1,0,0,9,55,10,4,10,34,0,0,0,0,1,2,0,370047,0,2009,99999,RP-1325,99999999999999999999,0000000,35.85058611,-81.64652778,1,1
37,35,1,17,12,36,2,4,0,0,3,4,0,12,4,2,1,1,5,45,1,1,2,1,4,3,1,1,0,0,12,36,12,39,13,8,0,0,0,0,2,7,0,370048,0,2009,99999,RP-1453,RP-1633,0000000,35.74261111,-81.28440833,2,1
37,45,1,24,7,15,2,4,0,0,13,3,0,12,2,1,1,1,2,45,2,1,2,2,0,0,4,1,0,0,99,99,99,99,99,99,0,0,0,0,2,7,0,370049,2440,2009,99999,SR-161,99999999999999999999,0000000,35.24120278,-81.33324722,2,1
37,47,1,7,20,29,1,1,0,0,6,4,0,34,0,1,4,1,2,55,2,1,2,1,0,0,2,1,0,0,99,99,99,99,88,88,0,0,0,0,1,4,1,370050,0,2009,99999,RP-1849,99999999999999999999,0000000,34.26168611,-78.23681944,1,1
37,63,1,17,17,18,1,2,1,0,16,6,0,8,0,1,6,1,2,25,1,1,2,1,0,0,1,1,0,0,17,19,17,22,88,88,0,0,0,0,1,7,0,370051,1360,2009,99999,WORTH STREET,99999999999999999999,0000000,35.98918889,-78.88715833,1,1
37,65,1,21,10,55,2,2,0,0,4,3,0,12,8,1,1,1,2,55,2,2,2,4,0,0,1,1,0,0,10,45,11,3,12,8,0,0,0,0,1,4,0,370052,0,2009,99999,SR-97,99999999999999999999,0000000,36.00897778,-77.507,2,1
37,65,1,25,23,14,1,1,0,0,4,3,0,43,0,1,4,1,2,55,2,2,2,1,0,0,2,1,0,0,23,12,23,16,23,45,0,0,0,0,1,1,1,370053,0,2009,99999,SR-33,99999999999999999999,0000000,35.7146,-77.48554167,1,1
37,77,1,20,14,10,1,2,0,0,6,4,0,42,0,1,4,1,2,55,2,4,2,3,0,0,1,1,0,0,14,19,14,31,15,0,0,0,0,0,1,3,1,370054,0,2009,99999,RP-1618,99999999999999999999,0000000,,,1,1
37,79,1,9,3,39,1,2,0,0,6,4,0,32,0,1,4,1,2,55,2,1,2,1,0,0,2,1,0,0,99,99,99,99,88,88,0,0,0,0,2,6,0,370055,0,2009,99999,RP-1119,99999999999999999999,0000000,35.365675,-77.69677222,1,1
37,81,1,23,3,37,1,2,0,0,4,4,0,32,0,1,4,1,2,50,1,2,2,1,0,0,2,1,0,0,3,35,3,46,99,99,0,0,0,0,1,6,0,370056,0,2009,99999,RP-1001,99999999999999999999,0000000,,,1,1
37,81,1,29,9,0,1,3,0,0,6,4,0,32,0,1,4,1,2,45,2,2,2,1,0,0,1,1,0,0,9,19,9,41,99,99,0,0,0,0,1,5,0,370057,0,2009,99999,RP-2515,99999999999999999999,0000000,36.18776667,-79.70495278,1,1
37,83,1,1,18,5,1,1,0,0,4,4,0,34,0,1,4,1,2,55,1,3,2,1,0,0,2,1,0,0,17,58,18,8,19,24,0,0,0,0,1,5,1,370058,0,2009,99999,RP-1400,99999999999999999999,0000000,36.43744167,-77.64484444,1,1
37,87,1,29,16,23,1,2,0,0,6,6,0,37,0,1,4,1,2,99,2,2,2,5,0,0,1,1,0,0,16,23,16,42,99,99,0,0,0,0,1,5,0,370059,0,2009,99999,PRESIDENTIAL DR,99999999999999999999,0000000,35.44955278,-82.96840556,1,1
37,97,1,27,2,15,2,5,0,1,1,1,0,12,7,1,1,3,4,65,1,1,2,1,0,0,2,1,0,0,2,10,2,22,99,99,0,0,0,0,1,3,1,370060,0,2009,99999,I-77,99999999999999999999,0000000,35.55094444,-80.85817222,2,1
37,97,1,29,22,43,1,2,0,0,4,2,0,37,0,1,4,1,2,55,1,1,2,1,0,0,2,1,0,0,22,42,22,52,99,99,0,0,0,0,1,5,0,370061,0,2009,99999,US-21,99999999999999999999,0000000,35.90990833,-80.80453056,1,1
37,97,1,29,23,30,1,1,0,0,6,4,0,34,0,1,4,1,2,55,2,2,2,1,0,0,2,1,0,0,99,99,99,99,99,99,0,0,0,0,1,5,0,370062,0,2009,99999,RP-1863,99999999999999999999,0000000,36.00071667,-80.93284722,1,1
37,117,1,1,6,50,1,1,0,0,4,3,0,34,0,1,4,1,2,55,2,1,2,1,0,0,4,1,0,0,6,52,7,34,7,52,0,0,0,0,1,5,1,370063,0,2009,99999,SR-903,99999999999999999999,0000000,,,1,1
37,127,1,3,3,30,1,1,0,0,6,4,0,1,0,1,4,1,2,55,1,2,2,4,0,0,2,5,0,0,3,27,3,41,88,88,0,0,0,0,1,7,1,370064,0,2009,99999,RP-1151,99999999999999999999,0000000,35.85872778,-78.19175833,1,5
37,127,1,30,20,8,2,3,0,1,2,2,0,12,2,1,1,1,2,55,1,1,2,1,0,0,2,1,0,0,20,7,20,12,99,99,0,0,0,0,1,6,0,370065,0,2009,99999,US-301,99999999999999999999,0000000,36.10619167,-77.71479722,2,1
37,139,1,13,0,14,1,2,0,0,4,3,0,34,0,1,4,1,2,55,1,1,2,1,0,0,2,1,0,0,0,3,0,7,99,99,0,0,0,0,1,3,1,370066,0,2009,99999,SR-344,99999999999999999999,0000000,36.16843889,-76.07259722,1,1
37,147,1,14,8,6,2,3,0,0,5,4,0,12,4,1,1,1,2,55,2,1,2,1,0,0,1,1,0,0,8,4,8,13,99,99,0,0,0,0,1,4,0,370067,0,2009,99999,RP-1725,99999999999999999999,0000000,35.46982778,-77.34804167,2,1
37,165,1,25,2,5,1,2,0,0,4,4,0,43,0,1,4,1,2,55,2,4,2,1,0,0,2,1,0,0,2,8,2,17,2,44,0,0,0,0,1,1,1,370068,0,2009,99999,RP-1369,99999999999999999999,0000000,34.75120278,-79.35879722,1,1
37,179,1,15,21,26,1,1,0,0,4,3,0,39,0,1,4,1,2,55,2,1,2,1,0,0,2,1,0,0,99,99,99,99,88,88,0,0,0,0,1,5,1,370069,0,2009,99999,SR-205,99999999999999999999,0000000,34.98626944,-80.36850833,1,1
37,183,1,5,8,56,2,2,0,0,14,4,0,12,8,1,1,1,2,35,2,1,2,1,0,0,1,1,0,0,8,58,9,7,88,88,1,0,0,0,1,2,0,370070,800,2009,99999,RP-3014,99999999999999999999,0000000,35.82505,-78.8657,2,1
37,183,1,4,16,53,1,4,0,1,2,2,0,42,0,1,4,2,4,55,1,1,2,2,0,0,2,2,1,0,99,99,99,99,99,99,0,0,0,0,1,1,0,370071,0,2009,99999,US-70,99999999999999999999,0000000,35.76713056,-78.65112222,1,2
37,183,1,22,15,20,2,3,0,0,16,6,0,12,4,1,1,1,2,45,2,1,2,1,0,0,1,1,0,0,15,23,15,27,15,49,0,0,0,0,1,5,0,370072,3750,2009,99999,TRYON RD,99999999999999999999,0000000,35.745675,-78.69300833,2,1
37,35,2,8,14,11,3,6,0,0,5,4,0,12,4,2,1,1,2,45,1,2,2,1,20,3,1,1,0,0,14,10,14,18,99,99,0,0,0,0,2,1,0,370073,0,2009,99999,RP-1844,RP-1899,0000000,35.55506389,-80.99224167,3,1
37,35,2,11,6,33,2,2,0,0,6,4,0,12,2,1,1,1,2,55,2,3,2,1,0,0,2,1,0,0,6,32,6,44,7,3,0,0,0,0,1,4,0,370074,0,2009,99999,RP-1707,99999999999999999999,0000000,35.73620278,-81.13360278,2,1
37,35,2,9,13,3,1,2,1,1,12,2,0,8,0,1,1,1,5,45,1,2,2,1,0,0,1,1,0,0,13,1,13,5,13,21,0,0,0,0,1,2,0,370075,3300,2009,99999,US-321,99999999999999999999,0000000,35.59597222,-81.265525,1,1
37,51,2,7,3,0,1,1,0,0,6,4,0,39,0,1,4,1,2,55,2,1,2,1,0,0,2,1,0,0,4,25,4,41,5,23,0,0,0,0,1,7,1,370076,0,2009,99999,RP-2238,99999999999999999999,0000000,34.98760556,-78.66545556,1,1
37,193,2,7,22,36,1,2,0,0,6,4,0,37,0,1,4,1,2,35,1,2,2,1,0,0,2,1,0,0,22,36,22,47,23,12,0,0,0,0,1,7,1,370077,0,2009,99999,RP-2049,99999999999999999999,0000000,,,1,1
37,37,1,27,22,19,1,2,1,0,5,4,0,8,0,1,1,1,2,45,1,2,2,2,0,0,2,5,0,0,22,17,22,28,88,88,0,0,0,0,1,3,0,370078,0,2009,99999,RP-1532,99999999999999999999,0000000,35.84608611,-79.103325,1,5
37,51,1,6,16,21,2,4,0,0,4,3,0,12,5,2,1,1,2,55,1,1,2,1,20,3,1,1,0,0,16,24,16,31,99,99,0,0,0,0,1,3,0,370079,0,2009,99999,SR-210,RP-2022,0000000,34.96664167,-78.7161,2,1
37,61,1,30,12,30,2,2,0,0,4,3,0,12,2,1,1,1,2,55,1,1,2,1,0,0,1,1,0,0,12,28,12,36,13,36,0,0,0,0,1,6,0,370080,0,2009,99999,SR-11,99999999999999999999,0000000,34.99033889,-77.93189167,2,1
37,175,1,9,20,29,1,4,0,1,2,2,0,3,0,1,2,1,2,45,1,2,2,1,0,0,2,1,0,0,20,31,20,43,21,0,0,0,0,0,3,6,0,370081,0,2009,99999,US-178,99999999999999999999,0000000,35.11481111,-82.81910556,1,1
37,9,2,21,21,25,1,3,1,0,4,3,0,8,0,1,1,1,2,55,2,2,2,1,0,0,2,1,0,0,21,27,21,39,22,26,0,0,0,0,1,7,0,370082,0,2009,99999,SR-16,99999999999999999999,0000000,36.33313611,-81.38637778,1,1
37,17,2,12,9,4,1,1,0,0,5,4,0,1,0,1,2,1,2,55,2,1,2,1,0,0,1,1,0,0,9,1,9,14,10,24,0,0,0,0,1,5,0,370083,0,2009,99999,RP-1139,99999999999999999999,0000000,34.52049722,-78.67214722,1,1
37,19,2,27,14,57,1,1,0,0,5,4,0,34,0,1,4,1,2,55,1,1,2,1,0,0,1,1,0,0,99,99,99,99,99,99,0,0,0,0,1,6,1,370084,0,2009,99999,RP-1336,99999999999999999999,0000000,34.10415556,-78.50886944,1,1