STATE,COUNTY,MONTH,DAY,HOUR,MINUTE,VE_TOTAL,PERSONS,PEDS,NHS,ROAD_FNC,ROUTE,SP_JUR,HARM_EV,MAN_COLL,REL_JUNC,REL_ROAD,TRAF_FLO,NO_LANES,SP_LIMIT,ALIGNMNT,PROFILE,PAVE_TYP,SUR_COND,TRA_CONT,T_CONT_F,LGT_COND,WEATHER1,WEATHER2,WRK_ZONE,NOT_HOUR,NOT_MIN,ARR_HOUR,ARR_MIN,HOSP_HR,HOSP_MN,SCH_BUS,CF1,CF2,CF3,FATALS,DAY_WEEK,DRUNK_DR,ST_CASE,CITY,YEAR,MILEPT,TWAY_ID,TWAY_ID2,RAIL,LATITUDE,LONGITUD,VE_FORMS,WEATHER
37,19,2,28,5,25,1,1,0,0,5,4,0,23,0,1,4,1,2,55,2,1,2,2,0,0,2,1,0,0,99,99,99,99,88,88,0,0,0,0,1,7,0,370085,0,2009,99999,RP-1115,99999999999999999999,0000000,34.00454722,-78.28020556,1,1
37,21,2,5,15,52,1,1,0,0,5,4,0,42,0,1,4,1,2,35,2,2,2,1,0,0,1,1,0,0,99,99,99,99,99,99,0,0,0,0,1,5,0,370086,0,2009,99999,RP-1238,99999999999999999999,0000000,35.56278889,-82.64477222,1,1
37,23,2,7,1,44,1,1,0,0,6,6,0,53,0,1,4,1,2,55,1,2,2,1,0,0,2,1,0,0,2,5,2,20,5,5,0,0,0,0,1,7,0,370087,0,2009,99999,RP-1786,99999999999999999999,0000000,35.66900833,-81.50887778,1,1
37,23,2,12,15,46,1,1,0,1,2,2,0,27,0,1,4,1,2,45,1,1,2,1,0,0,1,1,0,0,15,37,15,50,17,6,0,0,0,0,1,5,0,370088,0,2009,99999,US-70,99999999999999999999,0000000,35.73623611,-81.49553056,1,1
37,27,2,4,20,2,1,2,1,0,16,6,0,8,0,1,1,1,4,45,1,1,2,1,0,0,2,1,0,0,20,3,20,5,20,53,0,0,0,0,1,4,0,370089,2590,2009,99999,N.MAIN STREET/US-321,99999999999999999999,0000000,35.92784722,-81.54455,1,1
37,35,2,17,7,42,2,2,0,0,6,4,0,12,4,1,1,1,2,45,2,1,2,1,0,0,4,1,0,0,7,41,7,49,8,18,0,0,0,0,1,3,0,370090,0,2009,99999,RP-1853,99999999999999999999,0000000,35.56670556,-81.03985556,2,1
37,37,2,22,19,58,1,1,0,0,5,4,0,34,0,1,5,1,2,55,2,1,2,1,0,0,2,1,0,0,19,55,20,6,88,88,0,0,0,0,1,1,1,370091,0,2009,99999,RP-1151,99999999999999999999,0000000,35.59045,-79.54735556,1,1
37,37,2,24,22,44,2,2,0,1,2,2,0,12,5,2,1,1,4,55,1,1,2,1,20,3,2,1,0,0,22,36,22,41,23,34,0,0,0,0,1,3,0,370092,0,2009,99999,US-15,US-64,0000000,35.748225,-79.16721111,2,1
37,37,2,28,14,3,1,1,0,0,4,3,0,32,0,1,5,1,2,55,1,2,2,2,0,0,1,2,0,0,14,4,14,19,88,88,0,0,0,0,1,7,0,370093,0,2009,99999,SR-902,99999999999999999999,0000000,35.66093889,-79.312675,1,2
37,41,2,6,19,23,1,1,0,0,4,3,0,53,0,1,4,1,2,55,1,1,2,1,0,0,2,1,0,0,19,17,19,29,19,42,0,0,0,0,1,6,1,370094,0,2009,99999,SR-32,99999999999999999999,0000000,36.14975278,-76.65427222,1,1
37,45,2,9,18,26,2,2,0,0,4,3,0,12,4,4,1,1,2,35,1,1,2,1,0,0,2,1,0,0,99,99,99,99,88,88,0,0,0,0,1,2,1,370095,3683,2009,99999,SR-182,99999999999999999999,0000000,35.41675556,-81.63918889,2,1
37,47,2,1,8,50,1,1,0,0,4,3,0,34,0,1,4,1,2,55,2,1,2,1,0,0,1,1,0,0,8,46,9,2,9,33,0,0,0,0,1,1,1,370096,0,2009,99999,SR-211,99999999999999999999,0000000,34.27778611,-78.38581944,1,1
37,57,2,16,22,56,1,1,0,0,5,4,0,32,0,1,4,1,2,55,1,1,2,1,0,0,2,1,0,0,22,56,23,6,23,52,0,0,0,0,1,2,1,370097,0,2009,99999,RP-1457,99999999999999999999,0000000,35.88934444,-80.27998056,1,1
37,61,2,14,15,10,1,2,0,1,11,1,0,1,0,1,2,3,2,70,1,1,2,1,0,0,1,1,0,0,15,14,15,19,99,99,0,0,0,0,1,7,0,370098,0,2009,99999,I-40,99999999999999999999,0000000,34.73125,-77.94469444,1,1
37,61,2,15,2,45,1,4,0,0,6,6,0,23,0,1,4,1,2,55,1,1,2,1,0,0,2,1,0,0,3,1,3,9,99,99,0,0,0,0,1,1,1,370099,0,2009,99999,RP-1305,99999999999999999999,0000000,35.09775556,-78.02033056,1,1
37,89,2,3,21,45,1,2,0,0,5,4,0,42,0,1,4,1,2,45,2,1,2,1,0,0,2,1,0,0,21,57,22,8,22,55,0,0,0,0,1,3,0,370100,0,2009,99999,RP-1726,99999999999999999999,0000000,35.37140556,-82.36831667,1,1
37,91,2,4,5,26,1,2,0,0,4,3,0,42,0,1,4,1,2,55,1,1,2,1,0,0,2,1,0,0,5,26,5,35,6,45,0,0,0,0,1,4,0,370101,0,2009,99999,SR-11,99999999999999999999,0000000,36.32034444,-77.00260556,1,1
37,93,2,14,19,20,4,7,0,0,3,3,0,12,8,1,1,1,2,55,1,2,2,1,0,0,2,1,0,0,99,99,99,99,99,99,0,0,0,0,2,7,0,370102,0,2009,99999,SR-211,99999999999999999999,0000000,35.07324444,-79.35686667,4,1
37,97,2,8,12,12,1,1,0,1,2,2,0,1,0,1,1,1,2,55,1,2,2,1,0,0,1,1,0,0,12,10,12,19,99,99,0,0,0,0,1,1,0,370103,0,2009,99999,US-21,99999999999999999999,0000000,35.654375,-80.84535278,1,1
37,97,2,16,20,35,1,2,0,1,1,1,0,24,0,1,3,3,2,65,2,1,2,1,0,0,2,1,0,0,99,99,99,99,99,99,0,0,0,0,2,2,1,370104,0,2009,99999,I-77,99999999999999999999,0000000,35.60961667,-80.85800833,1,1
37,105,2,18,23,32,1,2,1,0,16,6,0,8,0,1,1,1,4,35,1,1,2,2,0,0,3,2,0,0,99,99,99,99,99,99,0,0,0,0,1,4,0,370105,4090,2009,99999,SEVENTH STREET,99999999999999999999,0000000,35.47750556,-79.16464722,1,2
37,119,2,6,18,45,2,2,0,0,16,6,0,12,5,2,1,1,2,35,2,1,2,1,20,3,3,1,0,0,18,50,18,54,19,46,0,0,0,0,1,6,0,370106,1080,2009,99999,TORRENCE CHAPEL ROAD,KNOX ROAD,0000000,35.48833611,-80.87589167,2,1
37,125,2,21,17,52,1,1,0,0,4,3,0,1,0,1,2,1,2,55,2,1,2,1,0,0,1,1,0,0,99,99,99,99,99,99,0,0,0,0,1,7,0,370107,0,2009,99999,SR-705,99999999999999999999,0000000,35.30018889,-79.62706111,1,1
37,129,2,18,1,22,1,1,0,0,16,6,0,42,0,1,4,2,3,50,1,1,2,1,0,0,3,1,0,0,1,23,1,29,88,88,0,0,0,0,1,4,0,370108,5060,2009,99999,SHIPYARD BLVD,99999999999999999999,0000000,34.1974,-77.89860278,1,1
37,129,2,21,0,40,2,2,0,0,16,6,0,12,5,2,1,1,4,55,1,1,2,1,4,3,3,1,0,0,0,41,0,45,88,88,0,0,0,0,2,7,1,370109,5060,2009,99999,EASTWOOD ROAD,ROGERSVILLE ROAD,0000000,34.23397222,-77.84112778,2,1
37,137,2,5,12,3,2,3,0,0,4,3,0,12,5,1,1,1,4,45,1,1,2,1,0,0,1,1,0,1,11,57,12,1,12,26,0,0,0,0,1,5,0,370110,73,2009,99999,SR-55,99999999999999999999,0000000,35.14503056,-76.80266944,2,1
37,141,2,9,18,14,1,2,1,0,6,4,0,8,0,1,1,1,2,55,1,2,2,1,0,0,5,1,0,0,99,99,99,99,88,88,0,0,0,0,1,2,0,370111,0,2009,99999,RP-1318,99999999999999999999,0000000,34.63783889,-77.94107222,1,1
37,147,2,22,16,18,1,1,0,0,6,4,0,1,0,1,1,1,2,55,2,1,2,1,0,0,1,1,0,0,99,99,99,99,88,88,0,0,0,0,1,1,1,370112,0,2009,99999,RP-1744,99999999999999999999,0000000,35.50150556,-77.29673611,1,1
37,155,2,4,7,18,2,2,0,0,4,3,0,12,2,1,1,1,2,55,2,1,2,4,0,0,1,4,0,0,7,17,7,42,9,54,0,0,0,0,1,4,0,370113,0,2009,99999,SR-71,99999999999999999999,0000000,34.80520556,-79.24116667,2,4
37,155,2,15,4,9,1,1,0,0,4,3,0,43,0,1,4,1,2,55,1,1,2,1,0,0,3,1,0,0,99,99,99,99,99,99,0,0,0,0,1,1,1,370114,0,2009,99999,SR-711,99999999999999999999,0000000,34.65982778,-79.16404722,1,1
37,155,2,25,6,55,2,2,0,0,5,4,0,12,5,2,1,1,2,55,1,1,2,1,20,3,1,1,0,0,6,54,7,11,8,1,0,0,0,0,1,4,0,370115,0,2009,99999,RP-1153,RP-1188,0000000,34.67922222,-79.29828611,2,1
37,163,2,13,13,15,1,1,0,0,4,3,0,34,0,1,4,1,2,55,1,1,2,1,0,0,1,1,0,0,13,13,13,21,13,46,0,0,0,0,1,6,0,370116,0,2009,99999,SR-411,99999999999999999999,0000000,34.84063333,-78.42541111,1,1
37,163,2,19,21,20,2,6,0,0,4,4,0,12,5,2,1,1,2,55,1,1,2,1,20,3,2,1,0,0,21,17,21,29,22,0,0,0,0,0,1,5,0,370117,0,2009,99999,RP-1006,RP-1323,0000000,35.068475,-78.43256667,2,1
37,163,2,22,13,40,2,3,0,0,6,4,0,12,5,2,1,1,2,55,1,1,2,1,20,3,1,1,0,0,99,99,99,99,99,99,0,0,0,0,1,1,0,370118,0,2009,99999,RP-1452,RP-1445,0000000,35.11801389,-78.57840278,2,1
37,163,2,22,18,30,1,1,0,0,6,4,0,34,0,1,4,1,2,55,2,2,2,1,0,0,2,1,0,0,18,30,18,55,19,40,0,0,0,0,1,1,1,370119,0,2009,99999,RP-1746,99999999999999999999,0000000,35.14110833,-78.36663611,1,1
37,181,2,19,7,52,2,3,0,0,3,3,0,12,2,1,1,1,2,55,2,1,2,2,0,0,1,1,0,0,7,34,7,48,99,99,0,0,0,0,1,5,0,370120,0,2009,99999,SR-39,99999999999999999999,0000000,36.26624722,-78.34320556,2,1
37,181,2,21,13,28,2,3,0,0,5,4,0,12,2,1,1,1,2,55,1,1,2,1,0,0,1,1,0,0,99,99,99,99,99,99,0,0,0,0,1,7,0,370121,0,2009,99999,RP-1101,99999999999999999999,0000000,36.26507222,-78.45145833,2,1
37,183,2,17,3,31,1,2,0,0,15,6,0,5,0,1,1,1,2,45,1,1,2,1,0,0,3,1,0,0,3,38,3,43,4,9,0,0,0,0,1,3,1,370122,1770,2009,99999,AVERSBORO ROAD,99999999999999999999,0000000,35.68482222,-78.61829167,1,1
37,185,2,22,2,12,2,5,0,0,6,6,0,11,0,1,1,1,2,55,1,1,2,1,0,0,2,1,0,0,99,99,99,99,88,88,0,14,0,0,1,1,1,370123,0,2009,99999,RP-1365,99999999999999999999,0000000,36.474575,-77.91398889,2,1
37,89,3,2,19,53,1,3,1,1,13,2,0,8,0,1,1,1,4,40,1,2,2,1,0,0,3,1,0,0,19,59,20,1,20,38,0,0,0,0,1,2,0,370124,2130,2009,99999,US-25,99999999999999999999,0000000,35.33553056,-82.47179167,1,1
37,81,1,30,19,46,1,2,1,0,16,6,0,8,0,2,1,2,6,35,1,1,2,1,3,3,3,1,0,0,19,45,19,49,20,5,0,0,0,0,1,6,0,370125,1940,2009,99999,S EUGENE ST,W WHITTINGTON ST,0000000,36.05916111,-79.79387222,1,1
37,31,2,3,2,18,1,1,0,0,2,3,0,32,0,1,4,1,2,55,1,1,2,2,0,0,2,2,1,0,2,10,2,16,88,88,0,0,0,0,1,3,1,370126,0,2009,99999,SR-58,99999999999999999999,0000000,,,1,2
37,53,2,17,21,25,1,1,0,1,2,2,0,30,0,1,5,1,5,55,1,1,2,1,0,0,2,1,0,0,21,27,21,31,88,88,0,0,0,0,1,3,1,370127,0,2009,99999,US-158,99999999999999999999,0000000,,,1,1
37,63,2,17,1,53,1,1,0,1,11,1,0,25,0,1,4,3,3,60,2,2,2,1,0,0,3,1,0,0,1,53,2,0,88,88,0,0,0,0,1,3,1,370128,1360,2009,99999,I-85,99999999999999999999,0000000,36.01883611,-78.90071944,1,1
37,81,2,16,6,14,1,2,1,0,16,6,0,8,0,1,1,1,5,35,1,1,2,2,0,0,3,1,0,0,6,12,6,16,6,42,0,0,0,0,1,2,0,370129,1940,2009,99999,E BESSEMER AVE,99999999999999999999,0000000,36.08600833,-79.78520278,1,1
37,81,2,27,0,46,1,2,1,1,12,2,0,8,0,1,1,3,4,55,2,2,2,1,0,0,3,1,0,0,0,44,0,53,1,6,0,0,0,0,1,6,0,370130,1940,2009,99999,US-29,99999999999999999999,0000000,36.06533611,-79.76743611,1,1
37,89,2,6,19,1,1,2,1,1,2,2,0,8,0,1,1,2,5,45,2,1,2,1,0,0,2,1,0,0,19,1,19,7,88,88,0,0,0,0,1,6,0,370131,0,2009,99999,US-25,99999999999999999999,0000000,35.29663333,-82.450675,1,1
37,129,2,23,20,33,1,2,1,1,2,2,0,8,0,1,1,1,5,45,1,1,2,1,0,0,2,1,0,0,20,35,20,39,20,59,0,0,0,0,1,2,0,370132,0,2009,99999,US-17,99999999999999999999,0000000,34.31898333,-77.76886944,1,1
37,193,2,24,1,42,1,2,0,0,4,4,0,1,0,1,2,1,2,55,2,2,2,1,0,0,2,1,0,0,1,40,2,1,99,99,0,0,0,0,1,3,1,370133,0,2009,99999,RP-1300,99999999999999999999,0000000,,,1,1
37,199,2,24,13,51,1,1,0,0,4,3,0,24,0,1,4,1,2,55,2,2,2,1,0,0,1,1,0,0,99,99,99,99,88,88,0,0,0,0,1,3,0,370134,0,2009,99999,SR-197,99999999999999999999,0000000,35.81085278,-82.34853611,1,1
37,15,3,8,17,15,1,1,0,0,4,4,0,27,0,1,4,1,2,45,1,1,2,1,0,0,1,1,0,0,99,99,99,99,88,88,0,0,0,0,1,1,0,370135,0,2009,99999,RP-1500,99999999999999999999,0000000,35.920475,-76.81675,1,1
37,17,3,8,11,58,2,2,0,0,3,3,0,12,2,1,1,1,2,55,1,1,2,1,0,0,1,1,0,0,11,54,12,9,13,1,0,0,0,0,1,1,0,370136,0,2009,99999,SR-242,99999999999999999999,0000000,34.57128333,-78.72999167,2,1
37,51,3,8,9,45,1,1,0,1,2,2,0,42,0,2,4,2,2,55,1,1,2,1,0,0,1,1,0,0,9,52,10,9,10,38,0,0,0,0,1,1,1,370137,0,2009,99999,US-301,DANUBE STREET,0000000,35.02771111,-78.88552778,1,1
37,55,3,16,17,20,2,3,0,1,1,2,0,12,5,2,1,2,2,50,1,1,2,2,3,3,1,2,0,0,17,22,17,24,17,41,0,0,0,0,1,2,0,370138,3235,2009,99999,US-158,DANUBE STREET,0000000,35.946325,-75.62000833,2,2
37,69,3,6,4,30,1,1,0,1,2,2,0,34,0,1,3,2,2,55,1,2,2,1,0,0,2,1,0,0,4,41,4,56,5,30,0,0,0,0,1,6,0,370139,0,2009,99999,US-1,99999999999999999999,0000000,36.13641111,-78.44991389,1,1
37,85,3,5,15,35,1,2,0,0,5,4,0,1,0,1,2,1,2,55,2,2,2,1,0,0,1,1,0,0,99,99,99,99,88,88,0,0,0,0,2,5,0,370140,0,2009,99999,RP-1267,99999999999999999999,0000000,35.47829444,-78.96653056,1,1
37,87,3,6,2,32,1,1,0,1,2,2,0,34,0,1,4,2,2,55,2,2,2,1,0,0,3,1,0,0,2,24,2,28,99,99,0,0,0,0,1,6,0,370141,0,2009,99999,US-19,99999999999999999999,0000000,,,1,1
37,133,3,7,16,45,1,1,0,0,4,6,0,34,0,1,4,1,2,55,2,1,2,1,0,0,1,1,0,0,16,54,99,99,88,88,0,0,0,0,1,7,1,370142,0,2009,99999,RP-1534,99999999999999999999,0000000,34.496575,-77.50236389,1,1
37,147,3,7,11,38,1,1,0,0,5,4,0,38,0,1,5,1,2,55,2,1,2,1,0,0,1,1,0,0,99,99,99,99,88,88,0,0,0,0,1,7,1,370143,0,2009,99999,RP-1255,99999999999999999999,0000000,35.68738333,-77.50541111,1,1
37,147,3,8,3,40,1,1,0,0,5,4,0,27,0,1,4,1,2,45,2,2,2,1,0,0,2,1,0,0,99,99,99,99,88,88,0,0,0,0,1,1,1,370144,0,2009,99999,RP-1529,99999999999999999999,0000000,35.64536944,-77.33635833,1,1
37,179,3,7,7,30,1,1,0,0,4,3,0,34,0,1,4,1,2,55,2,1,2,1,0,0,1,1,0,0,7,49,8,2,9,0,0,0,0,0,1,7,0,370145,0,2009,99999,SR-218,99999999999999999999,0000000,35.13454444,-80.38069722,1,1
37,179,3,8,0,50,1,3,0,0,4,4,0,34,0,1,4,1,2,55,2,2,2,1,0,0,2,1,0,0,0,56,1,6,3,7,0,20,0,0,1,1,1,370146,0,2009,99999,RP-1902,99999999999999999999,0000000,34.95548056,-80.36200833,1,1
37,57,1,30,18,42,2,2,0,1,2,2,0,12,4,1,1,2,3,55,1,2,2,1,0,0,2,1,0,0,18,41,18,50,99,99,0,0,0,0,1,6,1,370147,0,2009,99999,US-64,99999999999999999999,0000000,35.78140556,-80.12406389,2,1
37,65,2,27,2,7,1,1,0,0,4,3,0,23,0,1,4,1,2,55,1,1,2,1,0,0,2,1,0,0,2,34,2,40,88,88,0,0,0,0,1,6,1,370148,0,2009,99999,SR-97,99999999999999999999,0000000,35.9787,-77.60742222,1,1
37,133,2,23,7,55,2,2,0,1,2,2,0,12,4,2,1,1,5,55,2,1,2,1,20,3,1,1,0,0,7,55,8,3,8,41,0,0,0,0,1,2,0,370149,0,2009,99999,US-258,RP-1250,0000000,34.756,-77.47756111,2,1
37,135,2,25,1,43,1,1,0,0,5,3,0,42,0,1,4,1,2,55,2,1,2,1,0,0,2,1,0,0,99,99,99,99,88,88,0,0,0,0,1,4,1,370150,0,2009,99999,SR-86,99999999999999999999,0000000,36.02341944,-79.07933333,1,1
37,9,3,20,0,5,1,2,0,0,4,3,0,43,0,1,5,1,2,55,2,1,2,1,0,0,2,1,0,0,99,99,99,99,88,88,0,0,0,0,1,6,0,370151,0,2009,99999,SR-88,99999999999999999999,0000000,36.40187222,-81.386975,1,1
37,13,3,23,17,30,2,2,0,1,2,2,0,12,1,1,1,1,4,55,1,4,2,1,0,0,1,1,0,0,99,99,99,99,99,99,0,0,0,0,1,2,0,370152,0,2009,99999,US-264,99999999999999999999,0000000,35.51203889,-76.90421111,2,1
37,19,3,19,17,25,2,2,0,0,4,3,0,12,4,2,1,1,2,55,1,1,2,1,20,3,1,1,0,0,17,26,17,42,99,99,0,0,0,0,1,5,0,370153,0,2009,99999,SR-904,RP-1300,0000000,34.01716667,-78.56589444,2,1
37,25,3,4,18,20,2,2,0,0,2,3,0,12,2,1,1,1,2,55,1,1,2,1,0,0,1,1,0,0,18,22,18,30,99,99,0,0,0,0,1,4,1,370154,0,2009,99999,SR-73,99999999999999999999,0000000,,,2,1
37,25,3,7,19,15,3,5,0,0,16,6,0,12,8,1,1,1,4,35,1,1,2,1,0,0,3,1,0,0,19,9,19,11,19,29,0,0,0,0,1,7,0,370155,1040,2009,99999,COPPERFIELD BLVD NE,99999999999999999999,0000000,35.44864444,-80.595875,3,1
37,37,3,15,13,42,2,4,0,1,2,2,0,12,4,2,1,2,4,55,1,1,2,2,20,3,1,2,1,0,13,38,13,47,99,99,0,0,0,0,1,1,0,370156,0,2009,99999,US-421,RP-2116,0000000,35.77938611,-79.52341944,2,2
37,37,3,27,20,0,1,1,0,0,6,4,0,34,0,1,4,1,2,55,2,1,2,2,0,0,2,2,1,0,23,14,23,31,88,88,0,0,0,0,1,6,1,370157,0,2009,99999,RP-1136,99999999999999999999,0000000,35.62911667,-79.45647222,1,2
37,57,3,7,11,44,1,2,1,0,6,4,0,9,0,1,1,1,2,55,2,1,2,1,0,0,1,1,0,0,11,40,11,53,12,12,0,0,0,0,1,7,0,370158,0,2009,99999,RP-1713,99999999999999999999,0000000,35.98768611,-80.22763889,1,1
37,63,3,10,15,0,1,3,0,0,5,3,0,34,0,1,4,1,2,55,2,1,2,1,0,0,1,1,0,0,14,28,14,33,14,44,0,0,0,0,1,3,0,370159,0,2009,99999,SR-751,99999999999999999999,0000000,36.01591111,-78.98138889,1,1
37,65,3,7,22,31,1,3,0,0,5,4,0,34,0,1,4,1,2,55,2,2,2,1,0,0,2,1,0,0,22,12,22,25,23,18,0,0,0,0,1,7,1,370160,0,2009,99999,RP-1514,99999999999999999999,0000000,,,1,1
37,71,3,24,23,1,1,1,0,0,14,6,0,30,0,1,4,1,2,25,2,3,2,1,0,0,3,1,0,0,99,99,99,99,88,88,0,20,0,0,1,3,0,370161,890,2009,99999,W. MAIN STREET,99999999999999999999,0000000,35.37782222,-81.38278611,1,1
37,81,3,11,17,49,2,2,0,0,6,4,0,11,0,1,1,1,2,55,1,1,2,1,0,0,1,1,0,0,17,46,18,2,18,28,0,14,0,0,1,4,1,370162,0,2009,99999,RP-2777,99999999999999999999,0000000,36.18964722,-79.65950556,2,1
37,87,3,1,16,22,2,4,0,1,1,2,0,25,0,1,3,3,2,55,1,2,2,3,0,0,1,4,0,0,16,15,16,24,99,99,0,0,0,0,1,1,0,370163,0,2009,99999,US-23,99999999999999999999,0000000,35.44788056,-83.06462778,2,4
37,89,3,10,9,48,3,4,0,1,2,2,0,12,4,2,1,1,4,45,1,2,2,1,0,0,1,1,0,0,99,99,99,99,99,99,0,0,0,0,2,3,0,370164,0,2009,99999,US-25,RP-1368,0000000,35.37561944,-82.49643333,3,1
37,101,3,1,5,40,2,2,0,1,1,1,0,12,1,1,1,3,2,65,1,1,2,1,0,0,2,1,0,0,99,99,99,99,88,88,0,0,0,0,1,1,0,370165,0,2009,99999,I-95,99999999999999999999,0000000,35.56986667,-78.16263889,2,1
37,123,3,8,6,50,1,2,1,0,6,4,0,8,0,1,1,1,2,55,1,1,2,1,0,0,2,1,0,0,99,99,99,99,88,88,0,0,0,0,1,1,0,370166,0,2009,99999,RP-1533,99999999999999999999,0000000,,,1,1
37,127,3,2,2,30,1,1,0,1,2,2,0,42,0,1,5,2,2,70,1,2,2,3,0,0,2,4,0,0,99,99,99,99,88,88,0,0,0,0,1,2,0,370167,0,2009,99999,US-264,99999999999999999999,0000000,35.79863611,-78.18973056,1,4
37,155,3,8,21,16,2,4,0,0,5,4,0,12,2,1,1,1,2,55,1,1,2,1,0,0,2,1,0,0,21,11,21,23,23,34,0,0,0,0,1,1,1,370168,0,2009,99999,RP-1752,99999999999999999999,0000000,34.71477222,-79.02903611,2,1
37,155,3,11,17,46,1,3,0,0,4,4,0,53,0,1,4,1,2,55,1,1,2,1,0,0,1,1,0,0,17,10,17,34,18,0,0,0,0,0,1,4,1,370169,0,2009,99999,RP-1006,99999999999999999999,0000000,34.81486111,-79.10615556,1,1
37,155,3,7,15,47,1,1,0,0,4,4,0,1,0,1,2,1,2,55,1,2,2,1,0,0,1,1,0,0,15,47,16,4,16,33,0,0,0,0,1,7,0,370170,2770,2009,99999,RP-1003,99999999999999999999,0000000,34.57428889,-79.14851111,1,1
37,155,3,19,22,25,1,1,0,0,6,4,0,27,0,1,4,1,2,55,1,1,2,1,0,0,2,1,0,0,22,18,22,24,23,8,0,0,0,0,1,5,1,370171,0,2009,99999,RP-1924,99999999999999999999,0000000,,,1,1
37,157,3,3,16,0,2,3,0,0,4,3,0,12,4,1,1,1,2,55,2,1,2,3,0,0,1,1,0,0,16,4,16,16,18,1,0,0,0,0,2,3,1,370172,0,2009,99999,SR-770,99999999999999999999,0000000,36.48,-80.00491944,2,1
37,157,3,12,2,45,1,2,1,1,2,2,0,8,0,1,1,3,2,65,1,1,2,1,0,0,2,1,0,0,2,42,2,56,3,9,0,0,0,0,1,5,0,370173,0,2009,99999,US-29,99999999999999999999,0000000,36.25240556,-79.66130833,1,1
37,171,3,10,16,10,2,4,0,0,4,3,0,12,5,8,1,2,2,55,1,2,2,1,0,0,1,1,0,0,16,9,16,25,17,18,0,0,0,0,1,3,1,370174,0,2009,99999,SR-89,99999999999999999999,0000000,36.48786667,-80.74095,2,1
37,181,3,21,22,23,1,2,0,0,4,4,0,1,0,1,4,1,2,45,1,1,2,1,0,0,2,1,0,0,22,21,22,28,99,99,0,0,0,0,2,7,1,370175,0,2009,99999,RP-1369,99999999999999999999,0000000,36.41158611,-78.32892778,1,1
37,183,3,25,0,55,1,1,0,1,1,1,0,1,0,1,3,2,2,65,2,1,2,1,0,0,2,1,0,0,0,55,1,4,88,88,0,0,0,0,1,4,0,370176,0,2009,99999,I-40,99999999999999999999,0000000,35.81036667,-78.73866944,1,1
37,197,3,14,20,15,2,3,0,0,6,4,0,12,2,1,1,1,2,55,2,1,2,2,0,0,2,2,0,0,20,12,20,40,21,30,0,0,0,0,2,7,1,370177,0,2009,99999,RP-1003,99999999999999999999,0000000,36.265175,-80.56356944,2,2
37,191,1,17,1,31,1,2,0,0,4,3,0,34,0,1,4,1,2,55,2,1,2,1,0,0,2,1,0,0,1,30,1,44,2,28,0,0,0,0,1,7,0,370178,0,2009,99999,SR-55,99999999999999999999,0000000,35.22148333,-78.20263611,1,1
37,183,2,25,14,35,2,2,0,0,14,6,0,12,2,1,1,1,2,45,1,1,2,1,0,0,1,1,0,0,14,37,14,45,15,16,0,0,0,0,1,4,0,370179,800,2009,99999,AVIATION PARKWAY,99999999999999999999,0000000,35.84038611,-78.80871944,2,1
37,17,3,24,21,39,1,1,0,0,4,3,0,34,0,1,4,1,2,55,2,2,2,1,0,0,2,1,0,0,21,35,21,43,22,55,0,0,0,0,1,3,1,370180,0,2009,99999,SR-131,99999999999999999999,0000000,34.67601944,-78.78026667,1,1
37,17,3,30,17,44,1,2,0,0,4,3,0,34,0,1,4,1,2,55,1,1,2,1,0,0,1,1,0,0,17,55,18,9,18,48,0,0,0,0,1,2,1,370181,0,2009,99999,SR-210,99999999999999999999,0000000,34.78046389,-78.45901389,1,1
37,19,3,16,14,50,2,3,0,0,4,3,0,12,4,1,1,1,2,55,1,1,2,2,0,0,1,2,0,0,14,48,99,99,88,88,0,0,0,0,1,2,0,370182,0,2009,99999,SR-211,99999999999999999999,0000000,33.98644444,-78.19085556,2,2
37,49,3,11,23,20,1,1,0,0,6,4,0,34,0,1,4,1,2,45,2,1,2,1,0,0,2,1,0,0,23,27,23,38,2,18,0,0,0,0,1,4,1,370183,0,2009,99999,RP-1715,99999999999999999999,0000000,34.86881944,-76.76868333,1,1
37,81,3,20,22,50,1,3,1,1,12,2,0,8,0,1,1,3,3,55,1,1,2,1,0,0,2,1,0,0,22,49,22,56,88,88,0,0,0,0,1,6,0,370184,1940,2009,99999,US-29,99999999999999999999,0000000,36.106625,-79.76060278,1,1
37,81,3,21,21,50,2,3,0,0,16,6,0,12,2,2,1,1,4,35,1,2,2,1,20,3,3,1,0,0,21,50,21,55,22,16,0,0,0,0,2,7,1,370185,1940,2009,99999,BENNETTE STREET,E BRAGG STREET,0000000,36.063475,-79.7777,2,1
37,107,3,28,15,44,1,2,0,0,4,3,0,27,0,1,4,1,2,55,2,1,2,2,0,0,1,2,0,0,15,43,15,57,16,14,0,0,0,0,1,7,0,370186,0,2009,99999,SR-58,99999999999999999999,0000000,35.20567222,-77.56394444,1,2
37,127,3,29,0,7,2,6,0,1,1,1,0,12,1,1,1,3,2,70,1,1,2,2,0,0,2,1,0,0,99,99,99,99,99,99,0,0,0,0,1,1,0,370187,0,2009,99999,I-95,99999999999999999999,0000000,36.09492222,-77.80637778,2,1