STATE,COUNTY,MONTH,DAY,HOUR,MINUTE,VE_TOTAL,PERSONS,PEDS,NHS,ROAD_FNC,ROUTE,SP_JUR,HARM_EV,MAN_COLL,REL_JUNC,REL_ROAD,TRAF_FLO,NO_LANES,SP_LIMIT,ALIGNMNT,PROFILE,PAVE_TYP,SUR_COND,TRA_CONT,T_CONT_F,LGT_COND,WEATHER1,WEATHER2,WRK_ZONE,NOT_HOUR,NOT_MIN,ARR_HOUR,ARR_MIN,HOSP_HR,HOSP_MN,SCH_BUS,CF1,CF2,CF3,FATALS,DAY_WEEK,DRUNK_DR,ST_CASE,CITY,YEAR,MILEPT,TWAY_ID,TWAY_ID2,RAIL,LATITUDE,LONGITUD,VE_FORMS,WEATHER
37,135,3,20,23,10,2,2,0,1,1,1,0,12,1,1,1,3,2,65,1,1,2,1,0,0,2,1,0,0,23,2,23,6,99,99,0,0,0,0,1,6,0,370188,0,2009,99999,I-40,99999999999999999999,0000000,36.03466389,-79.09435278,2,1
37,135,3,26,22,18,1,1,0,0,6,4,0,42,0,1,4,1,2,55,2,2,2,2,0,0,2,2,0,0,22,18,22,30,88,88,0,0,0,0,1,5,1,370189,0,2009,99999,RP-1548,99999999999999999999,0000000,36.1403,-79.02369167,1,2
37,163,3,19,1,16,1,4,1,1,2,2,0,8,0,1,1,1,2,55,2,1,2,1,0,0,2,1,0,0,1,54,1,58,3,18,0,0,0,0,1,5,0,370190,0,2009,99999,US-701,99999999999999999999,0000000,34.949025,-78.31902222,1,1
37,165,3,7,17,12,1,1,0,0,4,4,0,32,0,1,4,1,2,55,2,1,2,1,0,0,1,1,0,0,17,8,17,22,17,52,0,0,0,0,1,7,0,370191,0,2009,99999,RP-1407,99999999999999999999,0000000,,,1,1
37,171,3,4,14,44,2,4,0,0,6,4,0,12,2,1,1,1,2,55,1,1,2,1,0,0,1,1,0,0,14,45,14,52,15,27,0,0,0,0,1,4,1,370192,0,2009,99999,RP-1742,99999999999999999999,0000000,36.50328889,-80.55682222,2,1
37,173,3,20,0,2,1,2,0,0,6,4,0,42,0,1,4,1,2,25,2,2,2,1,0,0,2,1,0,0,0,7,0,10,0,27,0,0,0,0,1,6,1,370193,0,2009,99999,RP-1328,99999999999999999999,0000000,35.44281111,-83.458125,1,1
37,183,3,5,16,24,2,2,0,0,16,6,0,12,5,2,1,1,4,45,1,1,2,1,0,0,1,1,0,0,16,24,16,27,88,88,0,0,0,0,1,5,0,370194,3750,2009,99999,DURANT ROAD,RAVEN RIDGE ROAD,0000000,35.90528611,-78.59086111,2,1
37,7,3,31,10,55,1,1,0,0,5,4,0,30,0,1,4,1,2,55,2,2,2,1,0,0,1,1,0,0,10,48,10,58,12,51,0,0,0,0,1,3,0,370195,0,2009,99999,RP-1121,99999999999999999999,0000000,,,1,1
37,9,3,26,10,45,1,1,0,0,6,4,0,27,0,1,5,1,2,55,1,2,2,2,0,0,1,2,5,0,10,50,10,58,11,48,0,0,0,0,1,5,0,370196,0,2009,99999,RP-1159,99999999999999999999,0000000,36.31056111,-81.38028056,1,2
37,15,3,23,8,46,2,1,0,0,5,4,0,32,0,1,4,1,2,55,1,1,2,1,0,0,1,1,0,0,99,99,99,99,99,99,0,0,0,0,1,2,0,370197,0,2009,99999,RP-1108,99999999999999999999,0000000,35.95668056,-77.06248333,1,1
37,23,3,30,20,35,1,1,0,0,6,4,0,24,0,1,4,1,2,55,1,1,2,1,0,0,3,1,0,0,20,35,20,48,21,27,0,0,0,0,1,2,1,370198,0,2009,99999,RP-1244,99999999999999999999,0000000,35.77945556,-81.82634444,1,1
37,43,3,31,0,28,2,2,0,1,2,2,0,12,2,1,1,1,2,55,2,2,2,1,0,0,2,1,0,0,0,38,0,45,99,99,0,0,0,0,1,3,1,370199,0,2009,99999,US-64,99999999999999999999,0000000,35.04208333,-83.60681667,2,1
37,67,3,31,22,23,1,2,0,1,12,2,0,35,0,1,4,3,4,55,1,1,2,1,0,0,2,1,0,0,22,24,22,30,22,50,0,0,0,0,1,3,1,370200,5120,2009,99999,US-52,99999999999999999999,0000000,36.11153056,-80.23761667,1,1
37,99,3,30,19,10,1,1,0,0,4,3,0,53,0,1,4,1,2,45,2,3,2,1,0,0,5,1,0,0,16,12,16,47,17,55,0,18,0,0,1,2,0,370201,0,2009,99999,SR-281,99999999999999999999,0000000,35.37635833,-83.22938333,1,1
37,107,3,24,13,50,2,5,0,0,6,4,0,12,4,2,1,1,2,55,1,1,2,1,5,3,1,1,0,0,99,99,99,99,99,99,0,0,0,0,1,3,0,370202,0,2009,99999,RP-1536,RP-1541,0000000,35.34075556,-77.67934722,2,1
37,137,3,12,9,0,3,4,0,0,6,4,0,12,4,4,1,1,2,45,1,1,2,1,0,0,1,1,0,0,9,2,9,13,10,6,0,0,0,0,1,5,0,370203,0,2009,99999,RP-1324,99999999999999999999,0000000,35.147775,-76.61590556,3,1
37,165,3,14,3,29,1,3,0,0,5,4,0,1,0,1,4,1,2,55,1,1,2,2,0,0,2,2,1,0,3,29,3,41,4,18,0,0,0,0,1,7,0,370204,0,2009,99999,RP-1105,99999999999999999999,0000000,34.71706389,-79.505225,1,2
37,51,3,15,18,17,3,5,0,0,14,6,0,12,7,1,1,1,4,40,1,1,2,2,0,0,1,2,0,0,18,18,18,32,19,22,0,14,0,0,1,1,0,370205,1670,2009,99999,YADKIN ROAD,99999999999999999999,0000000,35.10223611,-78.99176111,2,2
37,115,3,8,13,42,1,1,0,0,3,3,0,1,0,1,4,1,2,55,2,1,2,1,0,0,1,1,0,0,13,31,13,56,88,88,0,0,0,0,1,1,0,370206,0,2009,99999,SR-208,99999999999999999999,0000000,35.95605556,-82.749225,1,1
37,1,4,4,17,42,1,1,0,0,3,3,0,1,0,1,2,1,2,55,1,1,2,1,0,0,1,1,0,0,17,54,18,8,88,88,0,0,0,0,1,7,0,370207,0,2009,99999,SR-87,99999999999999999999,0000000,35.853025,-79.27325,1,1
37,3,4,16,17,39,2,3,0,0,6,4,0,12,5,2,1,1,2,55,1,1,2,1,0,0,1,1,0,0,17,38,17,46,18,27,0,0,0,0,1,5,0,370208,0,2009,99999,RP-1626,ROSEMONT DRIVE,0000000,35.83576389,-81.07178333,2,1
37,21,4,17,13,30,1,5,0,1,1,1,0,1,0,1,1,3,2,65,1,1,2,1,0,0,1,1,0,0,13,32,13,43,14,0,0,0,0,0,1,6,0,370209,0,2009,99999,I-40,99999999999999999999,0000000,35.59129167,-82.42981944,1,1
37,49,4,12,11,0,1,2,0,0,5,4,0,5,0,1,1,1,2,55,1,1,2,1,0,0,1,1,0,0,99,99,99,99,99,99,0,0,0,0,1,1,0,370210,0,2009,99999,RP-1256,99999999999999999999,0000000,35.21266667,-77.30898889,1,1
37,67,4,1,21,6,1,1,0,0,5,4,0,42,0,1,4,1,2,50,2,2,2,2,0,0,2,1,0,0,21,5,21,11,22,15,0,0,0,0,1,4,1,370211,0,2009,99999,RP-2024,99999999999999999999,0000000,36.15190278,-80.09174722,1,1
37,67,4,4,22,10,2,3,0,0,16,6,0,1,0,1,1,1,2,35,2,2,2,1,0,0,3,1,0,0,22,14,22,24,88,88,0,0,0,0,1,7,1,370212,5120,2009,99999,BRAEHILL BLVD,99999999999999999999,0000000,36.07488611,-80.35293611,2,1
37,67,4,9,16,10,2,4,0,0,5,4,0,12,2,1,1,1,2,45,2,1,2,1,0,0,1,1,0,0,16,30,16,38,99,99,0,0,0,0,2,5,0,370213,0,2009,99999,RP-2692,99999999999999999999,0000000,36.02824167,-80.15163611,2,1
37,69,4,5,20,25,2,2,0,0,4,3,0,12,2,1,1,1,2,45,2,1,2,1,0,0,1,1,0,0,20,22,20,29,88,88,0,0,0,0,1,1,1,370214,0,2009,99999,SR-39,99999999999999999999,0000000,35.99132222,-78.27255833,2,1
37,81,4,8,17,10,3,4,0,0,4,3,0,12,2,1,1,1,2,55,1,3,2,1,0,0,1,1,0,0,17,8,17,24,99,99,0,14,0,0,1,4,0,370215,0,2009,99999,SR-62,99999999999999999999,0000000,35.93339167,-79.619725,3,1
37,85,4,6,12,20,1,1,0,0,6,4,0,42,0,1,4,1,2,55,2,2,2,1,0,0,1,1,0,0,99,99,99,99,99,99,0,0,0,0,1,2,0,370216,0,2009,99999,RP-1226,99999999999999999999,0000000,35.38302222,-79.02234722,1,1
37,97,4,2,20,44,1,2,0,0,4,3,0,42,0,1,4,1,2,45,1,2,2,2,0,0,2,2,1,0,99,99,99,99,88,88,0,0,0,0,2,5,1,370217,0,2009,99999,SR-801,99999999999999999999,0000000,35.58724722,-80.79946389,1,2
37,119,4,7,12,25,2,2,0,1,12,2,0,13,2,1,1,3,6,55,1,1,2,1,0,0,1,1,0,0,99,99,99,99,99,99,0,0,0,0,1,3,0,370218,2940,2009,99999,US-74,99999999999999999999,0000000,35.09786111,-80.67569722,2,1
37,125,4,7,8,12,3,5,0,0,4,3,0,12,1,1,1,1,2,55,1,2,2,1,0,0,1,1,0,0,99,99,99,99,99,99,0,0,0,0,1,3,0,370219,0,2009,99999,SR-211,99999999999999999999,0000000,35.20088611,-79.45098056,3,1
37,129,4,13,18,57,1,1,0,0,6,4,0,27,0,1,5,1,2,35,2,1,2,1,0,0,1,1,0,0,19,0,19,7,19,36,0,0,0,0,1,2,0,370220,0,2009,99999,RP-2003,99999999999999999999,0000000,34.25962778,-77.86731667,1,1
37,139,4,10,13,47,2,2,0,0,5,4,0,12,4,2,1,1,2,55,1,1,2,1,5,3,1,1,0,0,13,29,13,32,14,32,0,0,0,0,1,6,0,370221,0,2009,99999,RP-1101,RP-1169,0000000,36.24032778,-76.220225,2,1
37,151,4,10,11,4,2,2,0,0,14,4,0,12,4,2,1,1,2,35,1,2,2,1,20,3,1,1,0,0,11,5,11,9,11,16,0,0,0,0,1,6,0,370222,160,2009,99999,RP-1707,WAINMAN AVE,0000000,35.70283333,-79.81669167,2,1
37,155,4,2,8,15,2,4,0,0,4,3,0,12,2,1,2,1,2,55,1,1,2,2,0,0,1,2,1,0,8,19,8,35,8,52,0,0,0,0,2,5,1,370223,0,2009,99999,SR-211,99999999999999999999,0000000,34.64789722,-79.01487222,2,2
37,159,4,1,15,21,1,1,0,0,6,4,0,42,0,1,4,1,2,55,1,1,2,2,0,0,1,1,0,0,15,18,15,33,88,88,0,0,0,0,1,4,0,370224,0,2009,99999,RP-1959,99999999999999999999,0000000,35.76295,-80.595875,1,1
37,161,4,1,21,0,2,2,0,0,6,4,0,12,2,1,1,1,2,45,1,1,2,1,0,0,2,1,0,0,99,99,99,99,99,99,0,0,0,0,1,4,2,370226,0,2009,99999,RP-2145,99999999999999999999,0000000,,,2,1
37,161,4,13,19,16,1,2,0,0,5,4,0,1,0,1,4,1,2,55,2,2,2,2,0,0,1,2,1,0,19,15,19,24,20,25,0,0,0,0,1,2,1,370227,0,2009,99999,RP-1008,99999999999999999999,0000000,35.43542778,-82.15730556,1,2
37,165,4,16,19,11,1,2,0,0,5,4,0,1,0,1,4,1,2,55,1,1,2,1,0,0,1,1,0,0,19,11,19,16,20,10,0,0,0,0,1,5,1,370228,0,2009,99999,RP-1614,99999999999999999999,0000000,34.70464722,-79.50891389,1,1
37,157,2,16,7,43,1,2,1,0,14,6,0,8,0,1,1,2,2,25,1,1,2,2,50,3,1,1,0,0,7,46,7,52,8,7,0,0,0,0,1,2,0,370229,1435,2009,99999,STADIUM DRIVE,99999999999999999999,0000000,36.51651389,-79.68853611,1,1
37,45,3,23,17,55,2,3,0,0,6,4,0,12,5,2,1,1,2,55,1,1,2,1,20,3,1,1,0,0,99,99,99,99,99,99,0,0,0,0,1,2,0,370230,0,2009,99999,RP-1002,RP-1202,0000000,,,2,1
37,183,3,11,7,5,5,8,1,0,14,6,0,8,0,1,1,1,4,45,1,1,2,1,0,0,4,1,0,0,99,99,99,99,88,88,0,0,0,0,1,4,0,370231,3750,2009,99999,FALLS OF NEUSE ROAD,99999999999999999999,0000000,35.86705556,-78.62065278,5,1
37,183,3,24,20,21,1,2,1,0,15,6,0,8,0,3,1,1,4,35,1,3,2,1,3,3,3,1,0,0,99,99,99,99,88,88,0,0,0,0,1,3,1,370232,3750,2009,99999,MARTIN LUTHER KING B,CHAVIS WAY,0000000,35.76797222,-78.62830278,1,1
37,1,4,5,14,59,3,4,0,1,12,2,0,12,5,2,1,1,2,35,1,1,2,1,3,3,1,1,0,0,14,57,15,5,15,57,0,0,0,0,1,1,0,370233,700,2009,99999,US-70,DAVIS STREET,0000000,36.09475556,-79.43913056,3,1
37,21,4,11,5,0,1,1,0,0,6,4,0,42,0,1,4,1,2,45,2,2,2,1,0,0,2,1,0,0,5,55,6,4,7,24,0,0,0,0,1,7,1,370234,0,2009,99999,RP-3150,99999999999999999999,0000000,35.48723889,-82.47644444,1,1
37,27,4,11,20,10,3,7,0,0,4,4,0,12,2,1,1,1,2,45,1,1,2,1,0,0,5,1,0,0,20,9,20,10,20,41,0,0,0,0,2,7,1,370235,0,2009,99999,RP-1002,99999999999999999999,0000000,35.83569722,-81.41039722,3,1
37,37,4,17,1,33,1,1,0,0,4,4,0,42,0,1,4,1,2,55,2,1,2,1,0,0,2,1,0,0,1,7,1,18,88,88,0,0,0,0,1,6,1,370236,0,2009,99999,RP-1012,99999999999999999999,0000000,35.635675,-79.104825,1,1
37,79,4,9,21,46,1,3,1,1,2,2,0,8,0,1,1,1,2,55,1,1,2,1,0,0,1,1,0,0,21,44,21,47,88,88,0,0,0,0,1,5,0,370237,0,2009,99999,US-13,99999999999999999999,0000000,35.53976944,-77.60287222,1,1
37,79,4,10,16,36,1,1,0,0,6,4,0,1,0,1,2,1,2,55,2,2,2,1,0,0,1,1,0,0,16,33,16,38,17,13,0,0,0,0,1,6,0,370238,0,2009,99999,RP-1209,99999999999999999999,0000000,35.43438056,-77.73694167,1,1
37,89,4,16,22,32,1,2,1,1,1,1,0,8,0,1,1,3,4,65,1,1,1,1,0,0,2,1,0,0,22,34,22,40,88,88,0,0,0,0,1,5,0,370239,0,2009,99999,I-26,99999999999999999999,0000000,35.39597778,-82.49745278,1,1
37,125,4,16,23,58,1,1,0,1,12,2,0,32,0,1,3,2,4,55,2,1,2,1,0,0,2,1,0,0,99,99,99,99,88,88,0,0,0,0,1,5,1,370240,4270,2009,99999,US-1,99999999999999999999,0000000,35.18846944,-79.39115556,1,1
37,133,4,9,21,52,1,5,1,1,12,2,0,8,0,1,1,2,4,45,1,1,2,1,0,0,2,1,0,0,21,52,21,56,22,6,0,0,0,0,1,5,0,370241,2330,2009,99999,US-17,99999999999999999999,0000000,34.77376667,-77.39833889,1,1
37,133,4,10,20,53,2,2,0,0,6,4,0,12,2,1,1,1,2,45,2,1,2,1,0,0,2,1,0,0,20,53,21,1,99,99,0,0,0,0,1,6,1,370242,0,2009,99999,RP-1697,99999999999999999999,0000000,34.54424722,-77.39610556,2,1
37,159,4,18,17,58,1,1,0,0,6,4,0,34,0,1,4,1,2,55,2,2,2,1,0,0,1,1,0,0,99,99,99,99,88,88,0,0,0,0,1,7,1,370243,0,2009,99999,RP-1752,99999999999999999999,0000000,,,1,1
37,181,4,15,23,12,2,2,0,0,6,4,0,12,2,1,1,1,2,55,2,1,2,1,0,0,2,1,0,0,23,13,23,21,99,99,0,0,0,0,1,4,1,370244,0,2009,99999,RP-1231,99999999999999999999,0000000,36.29783333,-78.39079722,2,1
37,13,4,4,14,58,4,7,0,0,4,3,0,12,8,1,1,1,2,55,2,1,2,1,0,0,1,1,0,0,14,50,15,5,99,99,0,0,0,0,2,7,1,370245,0,2009,99999,SR-33,99999999999999999999,0000000,35.37561389,-76.97639444,4,1
37,13,4,22,5,43,1,1,0,0,4,3,0,27,0,1,4,1,2,55,2,1,2,1,0,0,2,1,0,0,5,40,5,52,8,30,0,0,0,0,1,4,0,370246,0,2009,99999,SR-33,99999999999999999999,0000000,35.29621389,-76.89725833,1,1
37,19,4,25,20,54,2,4,0,0,4,3,0,12,2,1,1,1,2,55,1,1,2,1,0,0,2,1,0,0,20,49,21,3,22,1,0,0,0,0,1,7,0,370247,0,2009,99999,SR-179,99999999999999999999,0000000,33.95372778,-78.40328611,2,1
37,23,4,11,16,35,2,3,0,0,5,4,0,12,2,3,1,1,2,35,2,1,2,1,0,0,1,1,0,0,16,33,16,45,17,0,0,0,0,0,1,7,0,370248,3810,2009,99999,RP-1611,RP-1621,0000000,35.75993056,-81.44155833,2,1
37,37,4,17,20,30,2,3,0,1,2,2,0,12,5,2,1,2,2,55,1,1,2,1,20,3,5,1,0,0,20,29,20,40,99,99,0,0,0,0,1,6,0,370249,0,2009,99999,US-64,RP-1506,0000000,35.73416389,-79.33949722,2,1
37,37,4,17,13,55,2,2,0,0,5,4,0,12,2,1,1,1,2,55,1,3,2,1,0,0,1,1,0,0,13,55,14,7,14,28,0,0,0,0,1,6,0,370250,0,2009,99999,RP-1003,99999999999999999999,0000000,35.77475556,-79.37729444,2,1
37,43,4,21,11,38,2,2,0,0,4,3,0,12,2,1,1,1,2,45,1,1,2,1,0,0,1,1,0,0,11,34,11,34,88,88,0,0,0,0,1,3,0,370251,0,2009,99999,SR-69,99999999999999999999,0000000,35.02685,-83.82654167,2,1
37,47,4,16,15,11,1,2,0,0,5,4,0,1,0,1,1,1,2,55,2,1,2,1,0,0,1,1,0,0,99,99,99,99,99,99,0,0,0,0,1,5,0,370252,0,2009,99999,RP-1412,99999999999999999999,0000000,34.30886389,-78.86206389,1,1
37,47,4,21,11,14,1,2,1,1,2,2,0,8,0,1,1,1,2,55,1,1,2,1,0,0,1,1,0,0,99,99,99,99,99,99,0,0,0,0,1,3,0,370253,0,2009,99999,US-76,99999999999999999999,0000000,34.33734167,-78.79881667,1,1
37,47,4,23,20,24,2,4,0,0,5,4,0,12,1,1,1,1,2,55,1,1,2,1,0,0,5,1,0,0,99,99,99,99,99,99,0,0,0,0,4,5,1,370254,0,2009,99999,RP-1800,99999999999999999999,0000000,34.33211389,-78.39959722,2,1
37,59,4,18,12,30,2,2,0,1,2,2,0,12,4,8,1,1,2,55,1,2,2,1,0,0,1,1,0,0,12,34,12,42,13,32,0,0,0,0,1,7,0,370255,0,2009,99999,US-601,99999999999999999999,0000000,35.77990833,-80.50858611,2,1
37,61,4,9,18,5,1,4,0,0,4,3,0,1,0,1,1,1,2,55,1,1,2,1,0,0,1,1,0,0,18,19,18,25,18,59,0,0,0,0,1,5,0,370256,0,2009,99999,SR-403,99999999999999999999,0000000,35.15337222,-78.0434,1,1
37,61,4,11,23,35,1,3,1,0,5,4,0,9,0,2,1,1,2,55,1,1,2,1,0,0,2,1,0,0,99,99,99,99,88,88,0,0,0,0,1,7,0,370257,0,2009,99999,RP-1300,RP-1375,0000000,35.01105556,-78.02848056,1,1
37,63,4,9,12,2,2,4,0,0,16,6,0,12,4,2,1,1,2,45,1,1,2,1,0,0,1,1,0,0,12,3,12,7,12,38,0,0,0,0,1,5,0,370258,1360,2009,99999,ANGIER AVE,MIDWAY AVE,0000000,35.96680833,-78.85933889,2,1
37,67,4,4,19,33,2,3,0,0,4,3,0,12,4,1,1,1,2,45,2,1,2,1,0,0,5,1,0,0,19,30,19,38,20,12,0,0,0,0,1,7,1,370259,0,2009,99999,SR-66,99999999999999999999,0000000,36.02265556,-80.06535556,2,1
37,77,4,25,1,4,1,3,0,0,3,4,0,34,0,1,4,1,2,55,1,1,2,1,0,0,2,1,0,0,1,3,1,11,99,99,0,0,0,0,2,7,1,370260,0,2009,99999,RP-1139,99999999999999999999,0000000,36.25320278,-78.74854167,1,1
37,81,4,16,2,2,2,2,0,1,11,1,0,12,1,1,1,3,6,65,2,2,2,1,0,0,2,1,0,0,2,12,2,27,88,88,0,0,0,0,1,5,1,370261,1940,2009,99999,I-85,99999999999999999999,0000000,35.94354722,-79.90425,2,1
37,91,4,14,15,20,2,5,0,0,3,3,0,12,4,2,1,1,2,45,1,1,2,1,3,3,1,1,0,0,15,19,15,26,15,40,0,0,0,0,1,3,0,370262,0,2009,99999,SR-11,SR-561,0000000,36.304475,-77.01931111,2,1
37,93,4,24,9,24,1,1,0,1,2,2,0,42,0,1,5,1,2,55,1,1,2,1,0,0,1,1,0,0,99,99,99,99,99,99,0,0,0,0,1,6,0,370263,0,2009,99999,US-401,99999999999999999999,0000000,34.96256667,-79.26120833,1,1
37,101,4,19,14,49,2,2,0,0,3,3,0,12,4,4,1,1,2,55,1,1,2,1,0,0,1,1,0,0,14,45,14,47,15,36,0,0,0,0,1,1,0,370264,0,2009,99999,SR-50,99999999999999999999,0000000,35.30741944,-78.43654722,2,1
37,125,4,20,22,1,1,1,0,0,16,6,0,43,0,1,5,1,2,35,2,3,2,1,0,0,2,1,0,0,99,99,99,99,88,88,0,0,0,0,1,2,1,370265,4740,2009,99999,UNION CH RD,99999999999999999999,0000000,35.25655278,-79.28360833,1,1
37,133,4,17,14,53,2,2,0,0,2,3,0,12,2,2,1,1,2,55,1,1,2,1,3,3,1,1,0,0,14,57,15,9,16,23,0,0,0,0,1,6,0,370266,0,2009,99999,SR-210,SR-172,0000000,34.54955,-77.435075,2,1
37,139,4,13,1,36,1,2,1,0,16,6,0,9,0,1,1,2,5,50,1,1,2,1,0,0,3,1,0,0,1,40,1,44,1,55,0,0,0,0,1,2,0,370267,1460,2009,99999,HALSTEAD BLVD,99999999999999999999,0000000,36.2795,-76.21722222,1,1
37,141,4,17,9,10,2,6,0,1,2,2,0,12,4,2,1,1,2,45,1,1,2,1,5,3,1,1,0,0,99,99,99,99,99,99,0,0,0,0,1,6,0,370268,0,2009,99999,US-421,SR-53,0000000,34.53435,-78.07150833,2,1
37,151,4,9,16,25,2,6,0,1,2,2,0,12,4,2,1,1,4,35,1,1,2,1,20,3,1,1,0,0,16,25,16,30,16,47,0,0,0,0,1,5,0,370269,160,2009,99999,US-220B,TAFT AVE,0000000,35.69222778,-79.81584444,2,1
37,153,4,12,16,45,1,1,0,0,3,4,0,27,0,2,4,1,2,55,1,1,2,1,20,3,1,1,0,0,16,41,16,50,17,44,0,0,0,0,1,1,0,370270,0,2009,99999,RP-1607,RP-1613,0000000,34.87424167,-79.61757778,1,1
37,155,4,25,16,4,2,4,0,1,1,1,0,13,4,1,1,2,4,65,1,1,2,1,0,0,1,1,0,0,16,7,16,22,17,29,0,0,0,0,4,7,1,370271,0,2009,99999,I-95,99999999999999999999,0000000,34.54134722,-79.23108056,2,1
37,161,4,18,12,3,1,2,0,0,2,4,0,37,0,1,4,1,2,55,2,2,2,1,0,0,1,1,0,0,12,3,12,35,13,0,0,0,0,0,1,7,0,370272,0,2009,99999,RP-1504,99999999999999999999,0000000,,,1,1
37,183,4,26,19,50,1,2,0,0,4,4,0,53,0,1,4,1,2,55,2,2,2,1,0,0,1,1,0,0,19,37,19,46,99,99,0,0,0,0,1,1,1,370273,0,2009,99999,RP-3738,99999999999999999999,0000000,35.66440833,-78.55748056,1,1
37,57,2,23,2,44,1,1,0,0,5,4,0,27,0,1,4,1,2,55,2,1,2,1,0,0,2,1,0,0,2,41,2,50,3,15,0,0,0,0,1,2,1,370274,0,2009,99999,RP-2932,99999999999999999999,0000000,35.9478,-80.22048889,1,1
37,67,2,17,0,8,1,2,1,0,16,6,0,8,0,1,1,1,2,35,1,3,2,1,0,0,3,1,0,0,99,99,99,99,88,88,0,0,0,0,1,3,0,370275,5120,2009,99999,BUCHANAN STREET,99999999999999999999,0000000,36.06178056,-80.25189722,1,1
37,45,3,31,17,16,1,1,0,0,16,6,0,1,0,1,2,1,2,35,2,1,2,1,0,0,1,1,0,0,99,99,99,99,88,88,0,0,0,0,1,3,1,370276,2440,2009,99999,GALILEE CHURCH RD,99999999999999999999,0000000,35.21196944,-81.34048889,1,1
37,55,3,28,13,27,1,2,1,0,4,3,0,9,0,1,1,1,4,35,2,3,2,1,0,0,1,1,0,0,99,99,99,99,88,88,0,0,0,0,1,7,0,370277,4280,2009,99999,SR-12,99999999999999999999,0000000,36.10035556,-75.71369722,1,1
37,1,4,11,23,6,1,3,1,1,1,1,0,8,0,1,1,3,4,65,1,1,2,1,0,0,2,1,0,0,23,37,23,40,88,88,0,0,0,0,1,7,0,370278,2080,2009,99999,I-40,99999999999999999999,0000000,36.06821389,-79.33328333,1,1
37,1,4,16,8,35,1,1,0,0,5,4,0,42,0,1,4,1,2,55,1,1,2,1,0,0,1,1,0,0,8,37,8,43,88,88,0,0,0,0,1,5,1,370279,0,2009,99999,RP-2158,99999999999999999999,0000000,35.99840278,-79.34143889,1,1
37,1,4,19,1,30,1,1,0,0,4,3,0,39,0,1,4,1,2,45,2,2,2,1,0,0,2,1,0,0,1,38,1,54,88,88,0,0,0,0,1,1,0,370280,0,2009,99999,SR-62,99999999999999999999,0000000,36.13650556,-79.42590556,1,1
37,19,4,27,10,13,2,2,0,0,5,4,0,12,5,11,1,1,2,45,1,2,2,1,20,3,1,1,0,0,10,11,10,24,88,88,0,0,0,0,1,2,0,370282,0,2009,99999,RP-1438,US-74 OFF RAMP,0000000,34.25585,-78.05737778,2,1
37,25,4,28,1,51,1,1,0,0,16,6,0,42,0,1,5,1,2,45,2,1,2,1,0,0,2,1,0,0,1,48,1,56,99,99,0,0,0,0,1,3,0,370283,2390,2009,99999,TRINITY CHURCH ROAD,99999999999999999999,0000000,35.44161667,-80.65776944,1,1
37,29,4,27,18,45,2,2,0,0,5,4,0,12,5,2,1,1,2,55,1,1,2,1,20,3,1,1,0,0,99,99,99,99,99,99,0,0,0,0,1,2,0,370284,0,2009,99999,RP-1145,RP-1203,0000000,36.36396389,-76.16650833,2,1
37,31,4,25,10,28,1,1,0,1,2,2,0,1,0,1,2,1,2,55,2,1,2,1,0,0,1,1,0,0,99,99,99,99,99,99,0,0,0,0,1,7,0,370285,0,2009,99999,US-70,99999999999999999999,0000000,34.82127222,-76.450425,1,1
37,71,4,7,21,21,1,1,0,1,12,2,0,1,0,1,2,2,2,65,1,1,2,1,0,0,2,1,0,0,21,23,21,32,99,99,0,0,0,0,1,3,0,370286,0,2009,99999,US-74,99999999999999999999,0000000,35.24381389,-81.31024444,1,1
37,77,4,26,9,45,1,2,0,0,5,4,0,32,0,1,4,1,2,45,1,1,2,1,0,0,1,1,0,0,9,56,10,6,10,48,0,0,0,0,1,1,1,370287,0,2009,99999,RP-1711,99999999999999999999,0000000,36.07164167,-78.59746944,1,1
37,127,4,12,1,8,1,2,0,0,4,3,0,27,0,1,4,1,2,55,2,1,2,1,0,0,2,1,0,0,1,5,1,13,1,41,0,0,0,0,1,1,1,370288,0,2009,99999,SR-581,99999999999999999999,0000000,35.93701667,-78.10077778,1,1
37,129,4,26,19,57,2,2,0,0,16,6,0,12,5,2,1,1,4,40,1,1,2,1,0,0,5,1,0,0,19,59,20,3,20,15,0,0,0,0,1,1,1,370289,5060,2009,99999,MARKET STREET,WILMINGTON AVE,0000000,34.24329444,-77.886875,2,1
37,181,4,25,22,10,1,1,0,0,5,4,0,42,0,1,5,1,2,45,2,1,2,1,0,0,2,1,0,0,22,12,22,20,99,99,0,0,0,0,1,7,0,370290,0,2009,99999,RP-1308,99999999999999999999,0000000,36.40129444,-78.41794167,1,1
37,189,4,10,20,42,1,2,1,1,2,2,0,8,0,1,1,1,2,45,2,2,2,2,0,0,2,2,0,0,99,99,99,99,99,99,0,0,0,0,1,6,0,370291,0,2009,99999,US-421,99999999999999999999,0000000,36.22408056,-81.70857778,1,2