STATE,COUNTY,MONTH,DAY,HOUR,MINUTE,VE_TOTAL,PERSONS,PEDS,NHS,ROAD_FNC,ROUTE,SP_JUR,HARM_EV,MAN_COLL,REL_JUNC,REL_ROAD,TRAF_FLO,NO_LANES,SP_LIMIT,ALIGNMNT,PROFILE,PAVE_TYP,SUR_COND,TRA_CONT,T_CONT_F,LGT_COND,WEATHER1,WEATHER2,WRK_ZONE,NOT_HOUR,NOT_MIN,ARR_HOUR,ARR_MIN,HOSP_HR,HOSP_MN,SCH_BUS,CF1,CF2,CF3,FATALS,DAY_WEEK,DRUNK_DR,ST_CASE,CITY,YEAR,MILEPT,TWAY_ID,TWAY_ID2,RAIL,LATITUDE,LONGITUD,VE_FORMS,WEATHER
37,191,4,18,13,49,5,6,0,1,2,2,0,12,8,1,1,1,2,45,1,1,2,1,0,0,1,1,0,0,13,47,13,51,14,8,0,0,0,0,2,7,2,370292,0,2009,99999,US-13,99999999999999999999,0000000,35.40689167,-77.89791667,5,1
37,193,4,20,16,30,1,2,0,0,4,3,0,30,0,1,4,1,2,50,1,2,2,2,0,0,1,2,0,0,16,22,16,40,17,9,0,0,0,0,1,2,0,370293,0,2009,99999,SR-268,99999999999999999999,0000000,36.22896389,-80.92401667,1,2
37,7,4,28,6,3,2,3,1,0,2,4,0,12,8,1,1,1,2,45,1,1,2,1,0,0,2,1,0,0,6,1,6,14,6,49,1,0,0,0,1,3,0,370294,0,2009,99999,RP-1103,99999999999999999999,0000000,34.84142222,-80.04484167,2,1
37,19,1,12,5,40,1,1,0,0,2,3,0,34,0,1,4,1,2,55,2,1,2,1,0,0,2,1,0,0,5,43,5,53,88,88,0,0,0,0,1,2,0,370295,0,2009,99999,SR-87,99999999999999999999,0000000,34.18148889,-78.08309444,1,1
37,47,4,18,15,9,2,5,0,0,2,3,0,12,2,1,1,1,2,55,1,1,2,1,0,0,1,1,0,0,99,99,99,99,99,99,0,0,0,0,3,7,1,370296,0,2009,99999,SR-214,99999999999999999999,0000000,34.33138889,-78.64039444,2,1
37,85,5,1,8,0,2,2,0,1,2,2,0,12,4,2,1,1,2,55,1,2,2,1,20,3,1,1,0,0,99,99,99,99,99,99,0,0,0,0,1,6,0,370297,0,2009,99999,US-421,RP-1265,0000000,35.42004167,-78.93582222,2,1
37,127,1,29,22,40,1,2,1,1,1,1,0,8,0,1,1,3,4,70,1,2,2,1,0,0,2,1,0,0,99,99,99,99,88,88,0,0,0,0,1,5,0,370298,0,2009,99999,I-95,99999999999999999999,0000000,,,1,1
37,155,4,30,7,10,1,1,0,0,2,4,0,34,0,1,4,1,2,55,2,1,2,1,0,0,4,1,0,0,7,40,8,3,8,37,0,0,0,0,1,5,0,370299,0,2009,99999,RP-1774,99999999999999999999,0000000,34.76925556,-79.0977,1,1
37,155,5,2,18,32,2,3,0,0,2,3,0,12,2,1,1,1,2,55,2,1,2,1,0,0,1,1,0,0,99,99,99,99,88,88,0,0,0,0,1,7,0,370300,0,2009,99999,SR-72,99999999999999999999,0000000,34.62953611,-79.06276667,2,1
37,161,4,24,19,35,1,2,1,0,2,4,0,8,0,1,1,1,2,35,1,2,2,1,0,0,1,1,0,0,99,99,99,99,99,99,0,0,0,0,1,6,0,370301,0,2009,99999,RP-1510,99999999999999999999,0000000,35.41458611,-81.91294722,1,1
37,179,4,12,2,26,1,3,0,0,2,4,0,1,0,1,4,1,2,55,2,1,2,1,0,0,2,1,0,0,99,99,99,99,99,99,0,0,0,0,1,1,1,370302,0,2009,99999,RP-1349,99999999999999999999,0000000,35.03308889,-80.35391944,1,1
37,183,2,17,15,29,1,3,1,0,16,6,0,8,0,2,1,1,2,35,1,1,2,1,3,3,1,1,0,0,15,30,15,33,16,2,0,0,0,0,1,3,0,370303,2230,2009,99999,NORTH MAIN,CAYMAN,0000000,35.66078333,-78.83626111,1,1
37,119,1,2,5,58,1,1,0,1,11,1,0,21,0,1,4,3,4,65,1,1,2,1,0,0,2,1,0,0,5,57,6,5,88,88,0,0,0,0,1,6,0,370304,870,2009,99999,I-77,99999999999999999999,0000000,35.30732222,-80.84846944,1,1
37,45,2,14,8,23,2,5,0,1,12,2,0,12,2,1,1,1,2,35,1,1,2,2,0,0,1,2,0,0,99,99,99,99,99,99,0,0,0,0,1,7,0,370305,2440,2009,99999,US-74,99999999999999999999,0000000,35.24090556,-81.34173889,2,2
37,151,2,4,19,20,2,2,0,1,2,2,0,12,2,1,1,1,2,55,2,1,2,1,0,0,2,1,0,0,19,16,19,23,20,7,0,0,0,0,1,4,0,370306,0,2009,99999,US-220,99999999999999999999,0000000,35.87461667,-79.79521944,2,1
37,181,2,19,22,41,1,2,0,0,6,6,0,34,0,1,4,1,2,45,2,1,2,1,0,0,2,1,0,0,99,99,99,99,99,99,0,0,0,0,1,5,1,370307,0,2009,99999,RP-1523,99999999999999999999,0000000,36.30234722,-78.29687778,1,1
37,81,4,25,22,18,1,1,0,0,16,6,0,33,0,1,4,1,2,35,2,2,2,1,0,0,3,1,0,0,22,17,22,24,22,44,0,0,0,0,1,7,1,370308,1940,2009,99999,DONEGAL DRIVE,99999999999999999999,0000000,36.00981944,-79.82075833,1,1
37,151,4,26,17,21,4,7,0,1,2,2,0,12,2,3,1,1,2,55,2,2,2,1,0,0,1,1,0,0,17,21,17,32,99,99,0,14,0,0,1,1,0,370309,0,2009,99999,US-64,RP-1391,0000000,35.73421667,-79.96527778,4,1
37,15,5,1,11,16,1,1,0,0,6,4,0,34,0,1,4,1,2,55,1,1,2,1,0,0,1,1,0,0,99,99,99,99,88,88,0,0,0,0,1,6,0,370310,0,2009,99999,RP-1238,99999999999999999999,0000000,36.24011944,-76.98523611,1,1
37,51,1,28,2,41,1,1,0,0,16,6,0,42,0,1,4,1,2,35,2,1,2,2,0,0,3,5,1,0,2,38,2,38,3,47,0,0,0,0,1,4,1,370311,2250,2009,99999,CAMERON RD,99999999999999999999,0000000,34.96692778,-78.925525,1,5
37,59,1,14,9,5,1,1,0,0,2,4,0,43,0,1,4,1,2,45,1,1,2,1,0,0,1,1,0,0,99,99,99,99,99,99,0,0,0,0,1,4,0,370312,0,2009,99999,RP-1801,99999999999999999999,0000000,35.84237778,-80.49347778,1,1
37,119,2,13,21,57,2,2,0,0,13,2,0,12,4,1,1,2,6,45,1,1,2,1,0,0,3,1,0,0,21,58,21,59,99,99,0,0,0,0,1,6,1,370313,870,2009,99999,US-29,99999999999999999999,0000000,35.285425,-80.76599167,2,1
37,131,3,7,19,41,3,5,0,1,1,1,0,12,1,1,1,3,4,70,1,1,2,1,0,0,2,1,0,0,99,99,99,99,99,99,0,0,0,0,1,7,0,370314,0,2009,99999,I-95,99999999999999999999,0000000,,,3,1
37,35,4,18,22,47,2,3,1,0,2,3,0,9,0,1,1,1,2,55,1,1,2,1,0,0,2,1,0,0,22,45,22,57,88,88,0,0,0,0,1,7,0,370316,0,2009,99999,SR-16,99999999999999999999,0000000,,,2,1
37,63,4,19,0,18,1,2,0,0,3,3,0,42,0,1,4,1,2,45,2,1,2,1,0,0,2,1,0,0,0,31,0,45,99,99,0,0,0,0,1,1,1,370317,1360,2009,99999,SR-54,99999999999999999999,0000000,35.90935278,-78.92749722,1,1
37,81,4,11,23,41,1,1,0,0,2,3,0,53,0,1,4,1,2,45,2,2,2,1,0,0,2,1,0,0,99,99,99,99,88,88,0,0,0,0,1,7,0,370318,4504,2009,99999,SR-150,99999999999999999999,0000000,36.19988889,-79.85000556,1,1
37,85,4,27,15,50,2,5,0,0,2,3,0,12,4,2,1,2,4,55,1,1,2,1,3,3,1,1,0,0,15,45,15,55,16,55,0,0,0,0,1,2,0,370319,0,2009,99999,SR-87,RP-1222,0000000,35.38107222,-79.10945833,2,1
37,147,4,25,20,48,2,3,0,0,4,3,0,12,5,2,1,1,2,55,1,1,2,1,20,3,2,1,0,0,20,46,20,58,99,99,0,0,0,0,1,7,0,370320,0,2009,99999,SR-222,RP-1401,0000000,35.70253056,-77.47642222,2,1
37,45,5,2,0,51,1,1,0,1,2,2,0,43,0,6,4,2,2,55,1,1,2,1,60,3,2,1,0,0,99,99,99,99,88,88,0,0,0,0,1,7,0,370321,0,2009,99999,US-29,99999999999999999999,9999999,35.18627778,-81.41163056,1,1
37,67,5,1,20,27,2,3,0,0,14,6,0,12,2,1,1,1,2,45,1,1,2,1,0,0,3,1,0,0,20,28,20,40,99,99,0,0,0,0,1,6,1,370322,5120,2009,99999,BETHANIA RURAL HALL,99999999999999999999,0000000,36.20498056,-80.30668889,2,1
37,133,5,3,2,5,1,1,0,0,6,4,0,34,0,1,4,1,2,55,1,1,2,1,0,0,2,1,0,0,2,5,2,19,3,14,0,0,0,0,1,1,0,370323,0,2009,99999,RP-1203,99999999999999999999,0000000,34.772075,-77.63458611,1,1
37,151,5,6,9,47,2,2,0,1,2,2,0,12,1,1,1,1,2,55,1,1,2,1,0,0,1,1,0,0,9,45,9,50,88,88,0,0,0,0,1,4,0,370324,0,2009,99999,US-64,99999999999999999999,0000000,35.72575,-79.701475,2,1
37,181,5,3,5,20,1,2,1,1,2,2,0,8,0,1,1,1,4,45,1,1,2,1,0,0,2,1,0,0,5,20,5,24,5,41,0,0,0,0,1,1,1,370325,0,2009,99999,US-1,99999999999999999999,0000000,36.34969722,-78.38150833,1,1
37,191,5,4,22,4,1,1,0,0,6,4,0,34,0,1,4,1,2,55,1,1,2,2,0,0,2,2,0,0,23,0,23,9,0,29,0,0,0,0,1,2,1,370326,0,2009,99999,RP-1105,99999999999999999999,0000000,35.27827778,-78.22510278,1,2
37,193,5,4,21,59,1,2,0,0,6,4,0,27,0,1,4,1,2,55,2,1,2,2,0,0,2,2,0,0,21,55,22,6,88,88,0,0,0,0,1,2,0,370327,0,2009,99999,RP-1752,99999999999999999999,0000000,36.31301667,-80.96344444,1,2
37,195,5,3,1,22,1,1,0,0,6,4,0,34,0,1,4,1,2,55,2,2,2,1,0,0,2,1,0,0,1,21,1,37,88,88,0,0,0,0,1,1,1,370328,0,2009,99999,RP-1003,99999999999999999999,0000000,35.81671667,-77.79721389,1,1
37,49,1,22,2,16,1,1,0,0,5,4,0,42,0,1,5,1,2,45,2,1,2,1,0,0,2,1,0,0,2,3,2,19,88,88,0,0,0,0,1,5,1,370329,0,2009,99999,RP-1433,99999999999999999999,0000000,35.18001667,-77.05606667,1,1
37,1,1,23,22,34,1,2,0,0,6,4,0,42,0,1,4,1,2,45,1,1,2,1,0,0,2,1,0,0,22,31,22,38,23,10,0,0,0,0,1,6,1,370330,0,2009,99999,RP-2142,99999999999999999999,0000000,35.99335556,-79.28391111,1,1
37,63,4,4,5,38,1,1,0,1,2,2,0,27,0,1,4,2,2,45,2,1,2,1,0,0,2,1,0,0,5,35,5,42,88,88,0,0,0,0,1,7,0,370331,0,2009,99999,US-501,99999999999999999999,0000000,36.10929167,-78.90801389,1,1
37,81,4,10,7,50,2,3,0,0,5,4,0,12,1,8,1,1,2,25,1,2,2,1,0,0,1,1,0,0,7,45,7,54,8,17,0,0,0,0,1,6,0,370332,0,2009,99999,RP-4205,99999999999999999999,0000000,36.02278611,-79.87349167,2,1
37,63,4,26,16,37,2,3,0,0,5,4,0,12,4,2,1,1,2,45,1,1,2,1,0,0,1,1,0,0,16,29,16,37,16,50,0,0,0,0,1,1,0,370333,0,2009,99999,RP-1004,RP-1638,0000000,36.06346389,-78.86669444,2,1
37,183,4,26,22,30,2,2,0,1,11,1,0,12,1,1,1,2,3,65,1,1,2,1,0,0,2,1,0,0,22,32,22,44,23,1,0,0,0,0,1,1,0,370334,3750,2009,99999,I-40,99999999999999999999,0000000,35.75323333,-78.71086111,2,1
37,69,4,28,18,54,2,4,0,0,6,4,0,12,5,1,1,1,2,55,1,4,2,1,0,0,1,1,0,0,18,43,18,54,19,17,0,0,0,0,1,3,0,370335,0,2009,99999,RP-1436,99999999999999999999,0000000,,,2,1
37,3,5,2,17,7,2,5,0,0,4,3,0,12,2,1,1,1,2,50,1,1,2,1,0,0,1,1,0,0,17,0,17,10,17,31,0,0,0,0,2,7,0,370336,0,2009,99999,SR-16,99999999999999999999,0000000,35.83563611,-81.18681389,2,1
37,19,5,2,1,23,1,2,1,0,5,4,0,8,0,1,1,1,2,45,1,1,2,1,0,0,2,1,0,0,1,19,1,26,99,99,0,0,0,0,1,7,0,370337,0,2009,99999,RP-1139,99999999999999999999,0000000,33.92411389,-78.31130278,1,1
37,51,5,2,22,25,2,1,0,0,6,4,0,34,0,1,4,1,2,55,2,1,2,2,0,0,2,2,0,0,22,21,22,27,99,99,0,0,0,0,1,7,1,370338,0,2009,99999,RP-2027,99999999999999999999,0000000,34.99766111,-78.68346111,1,2
37,47,5,4,18,15,3,4,0,0,4,3,0,12,5,2,1,1,2,55,1,1,2,1,20,3,1,1,0,0,99,99,99,99,99,99,0,0,0,0,2,2,0,370339,0,2009,99999,SR-87,US-74,0000000,34.31265556,-78.21023889,3,1
37,39,5,6,7,56,2,3,0,0,6,4,0,12,2,1,1,1,2,35,2,3,2,6,0,0,1,2,0,0,8,1,8,14,99,99,0,0,0,0,1,4,0,370340,0,2009,99999,RP-1564,99999999999999999999,0000000,35.02106944,-84.01666667,2,2
37,19,5,7,23,49,1,5,0,0,5,4,0,34,0,1,4,1,2,55,2,1,2,1,0,0,2,1,0,0,23,45,23,54,0,10,0,0,0,0,1,5,0,370341,0,2009,99999,RP-1345,99999999999999999999,0000000,33.98941667,-78.38376111,1,1
37,91,5,10,4,24,1,1,0,0,12,3,0,23,0,1,4,1,2,45,1,1,2,1,0,0,6,1,0,0,4,30,4,40,88,88,0,0,0,0,1,1,0,370342,50,2009,99999,SR-42,99999999999999999999,0000000,,,1,1
37,97,5,5,20,52,1,1,0,1,11,1,0,34,0,1,4,1,2,65,2,2,2,2,0,0,2,2,1,0,20,54,21,4,21,34,0,0,0,0,1,3,1,370343,4430,2009,99999,I-77,99999999999999999999,0000000,35.71139444,-80.85559722,1,2
37,99,5,1,22,15,1,4,1,1,2,2,0,8,0,1,1,1,5,50,1,2,2,6,0,0,2,2,1,0,22,22,22,37,23,5,0,0,0,0,1,6,0,370344,0,2009,99999,US-441,99999999999999999999,0000000,35.28255278,-83.28606667,1,2
37,129,4,19,7,29,2,2,0,1,2,2,0,12,1,1,1,2,4,45,1,1,2,1,0,0,1,1,0,0,7,26,7,29,7,46,0,0,0,0,1,1,0,370345,0,2009,99999,US-421,99999999999999999999,0000000,34.28161667,-77.96516389,2,1
37,133,5,5,2,7,2,2,0,0,2,4,0,12,2,1,1,1,2,45,2,1,2,2,0,0,2,2,1,0,2,3,2,9,3,45,0,0,0,0,1,3,1,370346,0,2009,99999,RP-1501,99999999999999999999,0000000,34.6791,-77.2114,2,2
37,171,4,18,7,0,1,2,0,0,2,4,0,42,0,1,4,1,2,55,2,1,2,1,0,0,1,1,0,0,7,7,7,20,7,42,0,0,0,0,1,7,1,370347,0,2009,99999,RP-2019,99999999999999999999,0000000,36.40491111,-80.55441944,1,1
37,31,5,14,14,29,2,3,0,0,2,3,0,12,4,4,1,1,5,55,1,1,2,2,0,0,1,1,0,0,14,30,14,39,15,3,0,0,0,0,1,5,0,370348,0,2009,99999,SR-24,99999999999999999999,0000000,,,2,1
37,67,5,6,2,8,1,2,0,0,16,6,0,42,0,1,4,1,2,40,1,1,2,2,0,0,3,2,1,0,2,10,2,17,2,53,0,0,0,0,1,4,1,370349,5120,2009,99999,JONESTOWN RD,99999999999999999999,0000000,36.07324444,-80.33855556,1,2
37,103,5,11,21,30,1,1,0,0,2,4,0,34,0,1,4,1,2,55,2,1,2,1,0,0,2,1,0,0,21,19,21,28,21,46,0,0,0,0,1,2,1,370350,0,2009,99999,RP-1309,99999999999999999999,0000000,35.21764444,-77.50931667,1,1
37,37,5,1,7,56,1,1,0,0,2,4,0,37,0,1,4,1,2,55,2,1,2,1,0,0,1,1,0,0,7,55,8,13,88,88,0,0,0,0,1,6,0,370351,0,2009,99999,RP-1539,99999999999999999999,0000000,35.85211667,-79.19374444,1,1
37,101,1,18,18,5,2,3,0,0,2,4,0,24,0,1,4,1,2,55,1,1,2,2,0,0,2,3,1,0,18,2,18,18,18,43,0,0,0,0,2,1,0,370352,0,2009,99999,RP-1550,99999999999999999999,0000000,35.64481111,-78.50666944,2,3
37,159,3,16,19,26,1,1,0,0,2,4,0,32,0,1,4,1,2,45,1,1,2,2,0,0,2,2,1,0,19,16,19,28,20,4,0,0,0,0,1,2,0,370353,0,2009,99999,RP-1355,99999999999999999999,0000000,35.50714722,-80.72127222,1,2
37,175,4,19,15,2,2,8,0,1,2,2,0,12,2,1,1,1,5,45,1,2,2,2,0,0,1,2,1,0,15,6,15,11,15,35,0,0,0,0,6,1,0,370354,0,2009,99999,US-64,99999999999999999999,0000000,35.13577222,-82.87081667,2,2
37,183,4,27,10,56,1,1,0,1,11,1,0,24,0,1,4,2,3,65,1,1,2,1,0,0,1,1,0,0,10,58,11,5,88,88,0,0,0,0,1,2,0,370355,3750,2009,99999,I-40,99999999999999999999,0000000,35.75765833,-78.66657222,1,1
37,191,5,12,11,46,2,4,0,1,2,2,0,12,3,2,1,2,4,55,1,1,2,1,3,3,1,1,0,0,11,46,11,53,12,9,0,0,0,0,1,3,0,370356,0,2009,99999,US-117,RP-1926,0000000,35.31960833,-78.03863611,2,1
37,77,5,3,1,0,1,1,0,0,2,4,0,1,0,1,1,1,2,55,2,1,2,1,0,0,2,1,0,0,99,99,99,99,99,99,0,0,0,0,1,1,1,370357,0,2009,99999,RP-1126,99999999999999999999,0000000,36.26206111,-78.73746944,1,1
37,83,1,19,0,31,1,1,0,0,2,4,0,42,0,1,4,1,2,55,1,1,2,4,0,0,2,1,0,0,0,29,0,42,1,39,0,0,0,0,1,2,1,370358,0,2009,99999,RP-1431,99999999999999999999,0000000,36.39634444,-77.76552222,1,1
37,147,4,21,15,31,2,5,0,0,16,6,0,12,4,2,1,2,3,50,1,1,2,1,3,3,1,1,0,0,15,29,15,33,15,56,0,0,0,0,1,3,0,370359,5130,2009,99999,WINTERVILLE PARKWAY,MILL ST,0000000,35.52838333,-77.40348889,2,1
37,51,1,23,12,29,3,5,0,0,16,6,0,12,4,2,1,2,7,45,1,1,2,1,3,3,1,1,0,0,99,99,99,99,99,99,0,0,0,0,1,6,0,370360,1670,2009,99999,OWEN DR,SOUTHER AVE,0000000,35.01832778,-78.90432222,3,1
37,97,1,5,13,20,2,2,0,0,16,6,0,12,2,1,1,1,2,35,1,1,2,1,0,0,1,1,0,0,13,22,13,27,13,56,0,0,0,0,1,2,0,370361,4430,2009,99999,SIMONTON RD,99999999999999999999,0000000,35.79790556,-80.85963333,2,1
37,133,1,9,15,43,2,3,0,1,12,2,0,12,4,7,1,2,4,45,1,1,2,1,0,0,1,1,0,0,15,46,15,49,16,17,0,0,0,0,1,6,0,370362,2330,2009,99999,US-17,99999999999999999999,0000000,34.77348611,-77.399025,2,1
37,195,1,17,22,8,1,1,0,0,16,6,0,39,0,1,4,1,2,45,2,1,2,1,0,0,3,1,0,0,22,9,22,17,23,25,0,0,0,0,1,7,1,370363,5070,2009,99999,LAKE WILSON RD,99999999999999999999,0000000,35.77193333,-77.93984444,1,1
37,21,2,20,19,25,2,4,0,0,2,4,0,12,2,1,1,1,2,55,1,3,2,1,0,0,2,1,0,0,19,31,19,40,88,88,0,0,0,0,1,6,1,370364,0,2009,99999,RP-1743,99999999999999999999,0000000,35.72693611,-82.62130833,2,1
37,25,2,24,17,17,2,8,0,0,16,2,0,12,4,2,1,3,5,45,1,1,2,1,3,3,1,1,0,0,17,12,17,17,17,40,0,0,0,0,1,3,0,370365,2390,2009,99999,US-29/CANNON BLVD,SR-3 DALE EARNHARDT,0000000,35.47597778,-80.61141111,2,1
37,35,2,1,3,6,1,1,0,0,2,4,0,53,0,1,4,1,2,55,2,2,2,1,0,0,2,1,0,0,3,15,3,21,4,3,0,0,0,0,1,1,1,370366,0,2009,99999,RP-1453,99999999999999999999,0000000,35.74400556,-81.28063333,1,1
37,51,2,8,14,33,2,2,0,0,16,6,0,12,4,2,1,1,7,45,1,2,2,1,3,3,1,1,0,0,14,31,14,40,15,0,0,0,0,0,1,1,0,370367,1670,2009,99999,RAEFORD RD,REVERE ST,0000000,35.04433333,-78.98243056,2,1
37,51,2,22,1,49,1,2,1,0,16,6,0,8,0,1,1,1,5,45,1,1,2,1,0,0,2,1,0,0,1,52,1,59,2,16,0,0,0,0,1,1,0,370368,1670,2009,99999,CLIFFDALE RD,99999999999999999999,0000000,35.05810556,-78.99822222,1,1
37,51,2,22,20,43,1,1,0,0,16,6,0,1,0,1,1,3,4,55,1,1,2,1,0,0,2,1,0,0,99,99,99,99,99,99,0,0,0,0,1,1,0,370369,1670,2009,99999,ALL AMERICAN FWY,99999999999999999999,0000000,35.121875,-78.980025,1,1
37,129,2,8,20,29,3,4,0,0,16,6,0,12,2,1,1,1,5,40,1,1,2,1,0,0,3,1,0,0,20,30,20,40,21,17,0,0,0,0,1,1,1,370370,5060,2009,99999,MARKET ST,99999999999999999999,0000000,34.25324444,-77.85255556,3,1
37,159,2,20,16,49,3,4,0,0,16,6,0,12,4,2,1,1,5,45,1,1,2,1,20,3,1,1,0,0,16,31,16,34,17,1,0,0,0,0,1,6,0,370371,4070,2009,99999,JAKE ALEXANDER BLVD,MORLAN PARK RD,0000000,35.64236944,-80.46781667,3,1
37,191,2,7,12,20,1,1,0,0,4,4,0,34,0,1,4,1,2,55,1,1,2,1,0,0,1,1,0,0,12,21,12,27,12,56,0,0,0,0,1,7,0,370372,0,2009,99999,RP-1141,99999999999999999999,0000000,35.20081389,-78.07545556,1,1
37,7,5,19,6,55,1,1,0,0,4,4,0,1,0,1,2,1,2,55,1,2,2,1,0,0,1,1,0,0,7,1,7,17,8,22,0,0,0,0,1,3,0,370373,0,2009,99999,RP-1733,99999999999999999999,0000000,34.93906944,-80.00801944,1,1
37,23,5,16,21,39,1,6,2,0,4,4,0,8,0,1,1,1,2,55,1,2,2,2,0,0,2,2,1,0,21,37,21,53,22,10,0,0,0,0,1,7,0,370374,0,2009,99999,RP-1149,99999999999999999999,0000000,35.75157778,-81.76211944,1,2
37,33,5,16,22,5,1,2,0,0,3,3,0,42,0,1,4,1,2,55,2,2,2,1,0,0,2,1,0,0,99,99,99,99,99,99,0,0,0,0,1,7,0,370375,0,2009,99999,SR-119,99999999999999999999,0000000,,,1,1
37,73,5,13,20,20,1,4,0,0,4,4,0,27,0,1,4,1,2,55,2,1,2,1,0,0,2,1,0,0,99,99,99,99,99,99,0,0,0,0,1,4,0,370376,0,2009,99999,RP-1302,99999999999999999999,0000000,36.50197778,-76.74653889,1,1
37,81,5,16,18,6,3,1,0,0,16,6,0,14,1,1,2,1,2,35,1,1,2,1,0,0,1,1,0,0,99,99,99,99,99,99,0,0,0,0,1,7,0,370377,1940,2009,99999,W TERRELL ST,99999999999999999999,0000000,36.04646111,-79.79164167,1,1
37,21,3,13,17,26,2,3,0,1,12,2,0,12,5,2,1,2,3,45,1,2,2,2,3,3,1,2,0,0,17,26,17,33,17,57,0,0,0,0,1,6,0,370378,170,2009,99999,US-19/23-PATTON AVE,DRUID DRIVE,0000000,35.58590278,-82.60085833,2,2
37,51,3,29,2,52,1,1,0,0,15,6,0,42,0,1,4,1,4,45,1,2,2,2,0,0,3,1,0,0,2,53,2,56,88,88,0,0,0,0,1,1,1,370379,1670,2009,99999,MORGANTON ROAD,99999999999999999999,0000000,35.08021667,-78.99661389,1,1
37,63,3,20,21,40,1,2,1,0,15,6,0,8,0,1,1,1,4,35,1,1,2,1,0,0,3,1,0,0,21,41,21,49,99,99,0,0,0,0,1,6,0,370380,1360,2009,99999,ALSTON AVE,99999999999999999999,0000000,35.97739722,-78.89260833,1,1
37,95,3,8,14,30,2,7,0,0,4,3,0,12,1,1,1,1,2,55,1,1,2,1,0,0,1,1,0,0,14,14,14,31,99,99,0,0,0,0,1,1,0,370381,0,2009,99999,SR-94,99999999999999999999,0000000,35.50931389,-76.21662222,2,1
37,101,3,27,22,20,1,2,1,0,6,4,0,8,0,1,1,1,2,55,1,2,2,2,0,0,2,2,0,0,22,21,22,34,23,0,0,0,0,0,1,6,0,370382,0,2009,99999,RP-1903,99999999999999999999,0000000,35.62140833,-78.37071389,1,2
37,153,3,14,0,1,1,1,0,0,5,4,0,43,0,1,5,1,2,55,2,3,2,1,0,0,2,1,0,0,99,99,99,99,88,88,0,0,0,0,1,7,0,370383,0,2009,99999,RP-1608,99999999999999999999,0000000,34.89295833,-79.67266944,1,1
37,155,3,13,15,41,2,4,0,0,5,6,0,12,2,1,1,1,2,55,1,1,2,2,0,0,1,2,0,0,99,99,99,99,99,99,0,0,0,0,1,6,0,370384,0,2009,99999,RP-1774,99999999999999999999,0000000,34.79466944,-79.13842778,2,2
37,21,4,26,11,22,2,2,0,1,11,1,0,12,3,1,1,3,2,60,2,2,2,1,0,0,1,1,0,0,11,18,11,27,88,88,0,0,0,0,1,1,0,370385,170,2009,99999,I-40,99999999999999999999,0000000,35.55714167,-82.59828889,2,1
37,27,4,2,20,20,1,1,0,0,16,6,0,42,0,1,4,1,2,35,2,2,2,6,0,0,2,2,0,0,20,19,20,24,88,88,0,0,0,0,1,5,1,370386,2590,2009,99999,NORWOOD STREET,99999999999999999999,0000000,35.90072778,-81.531425,1,2
37,45,4,17,21,11,1,3,1,0,15,6,0,9,0,1,1,2,2,45,1,1,2,1,0,0,2,1,0,0,99,99,99,99,88,88,0,0,0,0,1,6,1,370387,4180,2009,99999,DIXON BLVD,99999999999999999999,0000000,35.28093056,-81.54927222,1,1
37,51,4,1,17,21,2,6,0,0,13,6,0,12,1,1,1,2,2,60,1,2,2,1,0,0,1,1,0,0,17,19,17,22,99,99,0,0,0,0,1,4,0,370388,1670,2009,99999,MLK FREEWAY,99999999999999999999,0000000,35.03573333,-78.88048333,2,1
37,51,4,2,13,40,5,8,0,0,16,6,0,12,4,1,1,1,4,50,2,1,2,2,0,0,1,2,0,0,13,39,13,45,14,14,0,0,0,0,1,5,0,370389,1670,2009,99999,COUNTRY CLUB DRIVE,99999999999999999999,0000000,35.10061667,-78.90571944,5,2
37,51,4,24,2,51,1,2,0,0,16,6,0,5,0,1,1,3,2,55,1,1,2,1,0,0,2,1,0,0,2,49,2,51,88,88,0,0,0,0,1,6,1,370390,1670,2009,99999,ALL AMERICAN FREEWAY,99999999999999999999,0000000,35.04465,-78.93942778,1,1
37,51,4,25,9,49,2,4,0,0,16,6,0,12,5,1,1,1,4,45,1,1,2,1,0,0,1,1,0,0,9,47,10,2,10,30,0,0,0,0,2,7,0,370391,1670,2009,99999,BRAGG BLVD,99999999999999999999,0000000,35.20011667,-78.98996111,2,1
37,51,4,25,22,42,1,3,1,0,16,6,0,8,0,1,1,1,4,45,1,1,2,1,0,0,3,1,0,0,22,42,22,50,23,18,0,0,0,0,1,7,1,370392,1670,2009,99999,RAMSEY STREET,99999999999999999999,0000000,35.11799444,-78.87994722,1,1
37,63,4,18,4,17,1,1,0,0,16,6,0,39,0,1,4,1,2,35,1,3,2,1,0,0,3,1,0,0,99,99,99,99,99,99,0,0,0,0,1,7,1,370393,1360,2009,99999,CHEEK ROAD,99999999999999999999,0000000,36.00477778,-78.85882778,1,1