STATE,COUNTY,MONTH,DAY,HOUR,MINUTE,VE_TOTAL,PERSONS,PEDS,NHS,ROAD_FNC,ROUTE,SP_JUR,HARM_EV,MAN_COLL,REL_JUNC,REL_ROAD,TRAF_FLO,NO_LANES,SP_LIMIT,ALIGNMNT,PROFILE,PAVE_TYP,SUR_COND,TRA_CONT,T_CONT_F,LGT_COND,WEATHER1,WEATHER2,WRK_ZONE,NOT_HOUR,NOT_MIN,ARR_HOUR,ARR_MIN,HOSP_HR,HOSP_MN,SCH_BUS,CF1,CF2,CF3,FATALS,DAY_WEEK,DRUNK_DR,ST_CASE,CITY,YEAR,MILEPT,TWAY_ID,TWAY_ID2,RAIL,LATITUDE,LONGITUD,VE_FORMS,WEATHER
37,81,4,23,17,51,2,11,0,0,16,6,0,12,5,2,1,1,4,35,1,1,2,1,3,1,1,1,0,0,17,51,18,11,99,99,0,0,0,0,1,5,0,370394,2170,2009,99999,BRENTWOOD STREET,GREEN DRIVE,0000000,35.95313333,-79.97958889,2,1
37,155,4,2,1,9,1,2,1,0,4,3,0,8,0,1,1,1,2,55,1,1,2,1,0,0,2,1,0,0,1,2,1,3,1,38,0,0,0,0,1,5,0,370395,0,2009,99999,SR-211,99999999999999999999,0000000,34.59498333,-78.94193889,1,1
37,159,4,3,13,50,1,3,1,0,16,6,0,8,0,1,1,1,2,35,1,2,3,1,0,0,1,1,0,0,13,50,13,56,14,20,0,0,0,0,1,6,0,370396,4070,2009,99999,CALHOUN STREET,99999999999999999999,0000000,35.65326944,-80.48641944,1,1
37,167,4,3,15,30,2,2,0,0,15,6,0,12,5,2,1,1,2,45,1,1,2,1,20,3,1,1,0,0,15,30,15,33,16,7,0,0,0,0,1,6,0,370397,60,2009,99999,NORTH EAST CONNECTOR,MOUNTAIN CREEK ROAD,0000000,35.38513056,-80.18376944,2,1
37,13,5,25,23,3,1,3,0,0,5,4,0,1,0,1,4,1,2,55,2,1,2,1,0,0,2,1,0,0,23,2,23,21,99,99,0,0,0,0,1,2,0,370398,0,2009,99999,RP-1110,99999999999999999999,0000000,35.40877222,-76.9435,1,1
37,25,5,30,17,46,2,2,0,0,5,4,0,12,5,2,1,1,2,45,1,1,2,1,5,3,1,1,0,0,17,42,17,52,99,99,0,0,0,0,1,7,0,370399,0,2009,99999,RP-1132,RP-2630,0000000,35.36011111,-80.50916389,2,1
37,35,5,24,0,1,1,1,0,0,5,4,0,1,0,1,2,1,2,45,2,2,2,1,0,0,2,1,0,0,99,99,99,99,99,99,0,0,0,0,1,1,1,370400,0,2009,99999,RP-1815,99999999999999999999,0000000,35.60110278,-81.03923333,1,1
37,45,5,31,15,54,1,2,0,0,4,3,0,32,0,1,4,1,2,55,1,1,2,1,0,0,1,1,0,0,99,99,99,99,99,99,0,0,0,0,1,1,1,370401,0,2009,99999,SR-10,99999999999999999999,0000000,35.53733333,-81.57656667,1,1
37,47,5,7,15,0,1,1,0,1,2,2,0,42,0,1,4,2,2,55,1,1,2,1,0,0,1,1,0,0,99,99,99,99,99,99,0,0,0,0,1,5,0,370402,0,2009,99999,US-74,99999999999999999999,0000000,34.31636111,-78.24789167,1,1
37,67,5,30,2,4,1,2,1,1,11,1,0,8,0,1,1,3,3,65,1,1,2,1,0,0,3,1,0,0,2,3,2,9,88,88,0,0,0,0,1,7,0,370403,5120,2009,99999,I-40,99999999999999999999,0000000,36.06171111,-80.22566111,1,1
37,75,5,18,10,46,1,1,0,0,4,3,0,1,0,1,4,1,2,55,2,2,2,1,0,0,1,1,0,0,10,23,10,48,99,99,0,0,0,0,1,2,0,370404,0,2009,99999,SR-28,99999999999999999999,0000000,35.435375,-83.81514722,1,1
37,77,5,24,18,41,1,1,0,0,5,4,0,42,0,1,4,1,2,55,2,1,2,1,0,0,1,1,0,0,18,40,18,50,88,88,0,0,0,0,1,1,0,370405,0,2009,99999,RP-1317,99999999999999999999,0000000,36.40985,-78.74396944,1,1
37,99,5,20,0,45,1,1,0,1,2,2,0,17,0,1,4,3,2,55,2,2,2,1,0,0,2,1,0,0,0,56,1,8,99,99,0,0,0,0,1,4,0,370407,0,2009,99999,US-23,99999999999999999999,0000000,35.4323,-83.08679444,1,1
37,101,5,23,15,51,1,1,0,0,5,4,0,34,0,1,4,1,2,55,2,1,2,1,0,0,1,1,0,0,15,48,15,53,17,4,0,0,0,0,1,7,1,370408,0,2009,99999,RP-2346,99999999999999999999,0000000,35.59176667,-78.08725833,1,1
37,111,5,22,18,44,2,2,0,1,1,1,0,12,1,13,1,6,1,55,1,2,2,1,0,0,1,1,0,0,18,29,18,42,99,99,0,0,0,0,1,6,0,370409,0,2009,99999,I-40,99999999999999999999,0000000,35.62313333,-82.1793,2,1
37,123,5,14,0,20,1,1,0,0,4,3,0,23,0,1,4,1,2,55,2,1,2,1,0,0,2,1,0,0,99,99,99,99,88,88,0,0,0,0,1,5,0,370410,0,2009,99999,SR-73,99999999999999999999,0000000,35.18531389,-79.65186667,1,1
37,153,5,12,11,54,3,3,0,1,2,2,0,12,8,7,3,2,2,55,1,1,2,1,0,0,1,1,0,0,11,54,12,5,12,24,0,0,0,0,1,3,0,370411,0,2009,99999,US-74,99999999999999999999,0000000,,,3,1
37,155,5,16,12,25,2,3,0,0,5,4,0,12,2,1,1,1,2,55,1,1,2,2,0,0,1,2,0,0,12,18,12,39,14,38,0,0,0,0,1,7,0,370412,0,2009,99999,RP-1006,99999999999999999999,0000000,34.81480833,-79.08581389,2,2
37,157,5,5,23,32,2,3,0,0,5,4,0,12,4,1,1,1,2,45,2,1,2,2,0,0,2,1,0,0,23,27,23,31,23,59,0,0,0,0,1,3,1,370413,0,2009,99999,RP-2571,99999999999999999999,0000000,36.34824444,-79.56994167,2,1
37,159,5,29,18,24,1,2,0,0,5,4,0,32,0,1,4,1,2,45,2,1,2,1,0,0,1,1,0,0,99,99,99,99,99,99,0,0,0,0,1,6,1,370414,0,2009,99999,RP-1361,99999999999999999999,0000000,35.53666111,-80.67853056,1,1
37,183,5,12,15,4,4,5,0,1,1,1,0,12,7,1,1,3,4,65,1,1,2,1,0,0,1,1,0,0,15,3,15,9,15,29,0,0,0,0,1,3,0,370415,0,2009,99999,I-40,99999999999999999999,0000000,35.83225278,-78.76448333,4,1
37,183,5,17,2,6,1,2,0,0,5,4,0,53,0,1,4,1,2,45,2,2,2,1,0,0,2,1,0,0,2,7,2,17,99,99,0,0,0,0,1,1,0,370416,0,2009,99999,RP-2224,99999999999999999999,0000000,35.87776111,-78.46128056,1,1
37,183,5,13,8,59,2,2,0,1,2,2,0,12,2,1,1,1,2,55,1,1,2,1,0,0,1,1,0,0,8,57,9,8,88,88,0,0,0,0,1,4,0,370417,0,2009,99999,US-401,99999999999999999999,0000000,35.900075,-78.49656111,2,1
37,183,5,16,9,47,1,1,0,0,5,4,0,53,0,1,4,1,2,45,2,1,2,1,0,0,1,1,0,0,9,42,9,48,10,15,0,0,0,0,1,7,0,370418,0,2009,99999,RP-2255,99999999999999999999,0000000,35.68230556,-78.55054444,1,1
37,183,5,30,5,11,1,1,0,0,5,4,0,23,0,1,4,1,2,55,1,1,2,1,0,0,2,1,0,0,5,8,5,15,88,88,0,0,0,0,1,7,1,370419,0,2009,99999,RP-2368,99999999999999999999,0000000,35.82665278,-78.35433056,1,1
37,49,4,27,15,10,2,5,0,1,2,2,0,12,4,2,1,2,4,55,1,1,2,1,20,3,1,1,0,0,99,99,99,99,99,99,0,0,0,0,1,2,0,370420,0,2009,99999,US-70,RP-1158,0000000,34.89191389,-76.92360833,2,1
37,151,4,6,22,28,1,1,0,0,16,6,0,38,0,1,5,1,2,35,2,1,2,1,0,0,3,1,0,0,22,33,22,45,23,47,0,0,0,0,1,2,0,370421,9997,2009,99999,PROSPECT ST,99999999999999999999,0000000,35.91808889,-80.02750833,1,1
37,155,4,17,23,43,1,1,0,0,2,4,0,27,0,1,4,1,2,55,1,1,2,1,0,0,2,1,0,0,23,38,23,52,0,31,0,0,0,0,1,6,0,370422,0,2009,99999,RP-2104,99999999999999999999,0000000,34.61752778,-78.89316667,1,1
37,183,4,6,7,48,3,3,0,0,4,4,0,12,8,1,1,1,2,45,2,2,2,2,0,0,1,2,1,0,7,37,7,47,8,14,0,0,0,0,1,2,0,370423,0,2009,99999,RP-1379,99999999999999999999,0000000,,,3,2
37,23,5,7,19,57,1,1,0,0,16,6,0,34,0,1,4,1,2,35,2,2,2,1,20,3,1,1,0,0,20,3,20,13,20,27,0,0,0,0,1,5,1,370424,4700,2009,99999,ABEE'S GROVE RD,99999999999999999999,0000000,35.72763056,-81.55666389,1,1
37,97,5,30,12,9,2,1,0,0,4,4,0,14,1,1,5,1,2,45,2,2,2,1,0,0,1,1,0,0,99,99,99,99,99,99,0,0,0,0,1,7,0,370425,0,2009,99999,RP-1150,99999999999999999999,0000000,35.54437778,-80.73998333,1,1
37,131,5,21,8,3,2,2,0,0,2,3,0,12,4,4,1,1,2,55,1,1,2,1,0,0,1,1,0,0,99,99,99,99,99,99,0,0,0,0,1,5,0,370426,0,2009,99999,SR-186,99999999999999999999,0000000,36.47223611,-77.4858,2,1
37,133,5,17,2,50,1,2,0,1,12,2,0,37,0,1,4,3,5,55,2,1,2,1,0,0,2,1,0,0,2,30,2,49,3,17,0,0,0,0,1,1,0,370427,2330,2009,99999,US-17,99999999999999999999,0000000,34.77320278,-77.39851111,1,1
37,101,6,1,19,8,2,3,0,0,4,4,0,12,4,1,1,1,2,45,2,1,2,1,0,0,1,1,0,0,19,11,19,13,19,51,0,0,0,0,1,2,0,370428,0,2009,99999,RP-1004,99999999999999999999,0000000,35.64160278,-78.45010833,2,1
37,83,2,20,22,30,2,1,0,0,4,4,0,45,2,1,1,1,2,55,1,1,2,1,41,3,3,1,0,1,99,99,99,99,99,99,0,0,0,0,1,6,1,370429,0,2009,99999,RP-1315,99999999999999999999,0000000,36.27161111,-77.92448056,1,1
37,119,3,1,2,15,1,3,1,0,16,6,0,8,0,2,1,2,4,55,1,1,2,2,3,3,2,2,1,0,99,99,99,99,88,88,0,0,0,0,1,1,1,370430,870,2009,99999,BILLY GRAHAM PKWY,WEST BLVD,0000000,35.20635556,-80.922375,1,2
37,141,3,26,3,47,1,5,0,1,2,2,0,1,0,1,3,2,4,55,1,1,2,2,0,0,2,2,1,0,3,52,4,8,4,20,0,0,0,0,1,5,0,370431,0,2009,99999,US-17,99999999999999999999,0000000,34.31905278,-77.76904167,1,2
37,145,3,2,19,16,1,1,0,0,4,4,0,42,0,1,4,1,2,45,2,1,2,1,0,0,2,1,0,0,19,13,19,23,19,40,0,0,0,0,1,2,0,370432,0,2009,99999,RP-1326,99999999999999999999,0000000,36.44345,-78.95899722,1,1
37,147,3,26,12,53,1,2,1,0,16,6,0,9,0,2,1,1,5,35,1,1,2,2,20,3,1,1,0,0,12,53,12,57,13,13,0,0,0,0,1,5,0,370433,1950,2009,99999,E 10TH ST,LAWRENCE ST,0000000,35.604975,-77.36941389,1,1
37,155,3,18,20,13,1,2,1,0,2,4,0,15,0,1,1,1,2,55,1,1,2,1,0,0,2,1,0,0,20,7,20,38,21,14,0,0,0,0,1,4,0,370434,0,2009,99999,RP-1387,99999999999999999999,0000000,34.83973056,-79.17468889,1,1
37,155,3,23,8,35,1,2,0,0,2,3,0,23,0,1,4,1,2,55,1,1,2,1,0,0,1,1,0,0,8,43,8,54,10,4,0,0,0,0,1,2,1,370435,0,2009,99999,SR-904,99999999999999999999,0000000,,,1,1
37,163,3,28,16,25,2,4,0,1,2,2,0,12,2,1,1,1,2,55,2,1,2,2,0,0,1,2,1,0,16,21,16,32,18,1,0,0,0,0,1,7,0,370436,0,2009,99999,US-421,99999999999999999999,0000000,34.85367778,-78.26196667,2,2
37,49,4,11,19,11,1,3,0,0,4,4,0,1,0,1,2,1,2,45,2,1,2,1,0,0,1,1,0,0,99,99,99,99,99,99,0,0,0,0,1,7,1,370437,0,2009,99999,RP-1700,99999999999999999999,0000000,34.86079167,-76.75331944,1,1
37,51,4,6,10,49,1,1,0,0,4,4,0,42,0,1,4,1,2,55,2,1,2,2,0,0,1,1,0,0,10,46,10,54,12,35,0,0,0,0,1,2,0,370438,0,2009,99999,RP-1600,99999999999999999999,0000000,35.15366944,-78.91299167,1,1
37,101,4,4,16,44,1,2,0,0,4,4,0,1,0,1,1,1,2,55,2,1,2,1,0,0,1,1,0,0,99,99,99,99,99,99,0,0,0,0,1,7,0,370439,0,2009,99999,RP-1143,99999999999999999999,0000000,35.36273611,-78.31569722,1,1
37,127,4,18,22,31,2,6,0,0,16,6,0,12,1,2,1,1,4,45,1,2,2,1,3,3,3,1,0,0,22,37,22,43,99,99,0,0,0,0,1,7,0,370440,3930,2009,99999,BETHLEHEM RD,HARBOR WEST DR,0000000,35.93402778,-77.82783611,2,1
37,163,4,21,2,30,1,1,0,1,1,1,0,52,0,1,3,3,2,70,1,1,2,2,0,0,2,1,0,0,2,19,2,36,5,2,0,0,0,0,1,3,0,370441,0,2009,99999,I-40,99999999999999999999,0000000,35.18926944,-78.28023056,1,1
37,179,4,22,20,48,1,2,1,0,14,6,0,8,0,1,1,1,2,45,1,2,2,1,0,0,3,1,0,0,20,34,20,40,21,2,0,0,0,0,1,4,0,370442,3100,2009,99999,GOLDMINE ROAD,99999999999999999999,0000000,35.0002,-80.58434167,1,1
37,19,5,24,22,2,1,1,0,0,4,3,0,24,0,1,4,1,2,55,2,1,2,1,0,0,2,1,0,0,21,56,21,56,88,88,0,0,0,0,1,1,1,370443,0,2009,99999,SR-133,99999999999999999999,0000000,34.19991111,-77.98061389,1,1
37,27,5,23,19,0,2,4,0,0,5,4,0,12,5,8,1,1,2,45,1,1,2,1,0,0,1,1,0,0,19,1,19,5,20,26,0,0,0,0,2,7,0,370444,0,2009,99999,RP-1123,MANOR BROOK LANE,0000000,35.81555,-81.52321111,2,1
37,47,5,27,12,37,1,2,0,0,5,4,0,1,0,1,1,1,2,55,2,1,2,1,0,0,1,1,0,0,12,39,12,48,14,22,0,20,0,0,1,4,0,370445,0,2009,99999,RP-1170,99999999999999999999,0000000,34.286475,-78.70257778,1,1
37,51,5,18,14,39,3,5,0,0,16,6,0,12,5,2,1,2,3,45,1,1,2,1,3,3,1,1,0,0,14,35,14,38,15,9,0,0,0,0,1,2,0,370446,1670,2009,99999,PURDUE DRIVE,RAEFORD ROAD,0000000,35.04553056,-78.92435556,3,1
37,55,5,15,3,53,1,1,0,1,2,2,0,30,0,1,5,1,4,50,1,1,2,2,0,0,2,2,0,0,3,16,3,19,88,88,0,0,0,0,1,6,0,370447,3235,2009,99999,US-158,99999999999999999999,0000000,35.97463889,-75.63943333,1,2
37,71,5,28,17,30,1,1,0,0,4,3,0,42,0,1,4,1,2,45,2,2,2,2,0,0,1,2,0,0,17,23,17,30,17,50,0,0,0,0,1,5,0,370448,0,2009,99999,SR-275,99999999999999999999,0000000,35.31739167,-81.16737778,1,2
37,81,5,12,21,13,2,2,0,0,5,4,0,12,4,1,1,1,2,50,1,1,2,1,0,0,2,1,0,0,21,10,21,22,88,88,0,0,0,0,1,3,1,370449,0,2009,99999,RP-1104,99999999999999999999,0000000,35.93810556,-79.82208889,2,1
37,81,5,31,1,56,1,1,0,0,4,3,0,34,0,1,4,1,2,50,1,1,2,1,0,0,2,1,0,0,2,8,2,32,88,88,0,0,0,0,1,1,0,370450,0,2009,99999,SR-61,99999999999999999999,0000000,36.00168889,-79.56565,1,1
37,93,5,24,0,30,1,1,0,0,5,4,0,42,0,1,4,1,2,55,2,1,2,1,0,0,2,1,0,0,88,88,88,88,88,88,0,18,0,0,1,1,0,370451,0,2009,99999,RP-1439,99999999999999999999,0000000,34.93089167,-79.0668,1,1
37,101,5,16,22,41,3,6,0,0,4,3,0,12,8,1,1,1,2,55,1,1,2,1,0,0,2,1,0,0,22,44,22,55,99,99,0,0,0,0,1,7,1,370452,0,2009,99999,SR-42,99999999999999999999,0000000,35.66593889,-78.26019167,3,1
37,109,5,28,8,10,2,2,0,0,2,3,0,12,2,1,1,1,2,55,1,1,2,2,0,0,1,1,0,0,8,14,8,22,9,0,0,0,0,0,1,5,0,370453,0,2009,99999,SR-150,99999999999999999999,0000000,35.49317222,-81.19600278,2,1
37,119,5,19,16,13,1,1,0,1,11,1,0,57,0,1,3,3,6,65,1,1,2,1,0,0,1,1,0,0,16,10,16,17,88,88,0,0,0,0,1,3,0,370454,2940,2009,99999,I-485,99999999999999999999,0000000,35.06618333,-80.752,1,1
37,125,5,26,10,24,1,1,0,0,2,4,0,27,0,1,4,1,2,55,2,4,2,2,0,0,1,2,1,0,99,99,99,99,88,88,0,0,0,0,1,3,0,370455,0,2009,99999,RP-1240,99999999999999999999,0000000,35.31764722,-79.4563,1,2
37,129,5,23,14,6,2,6,0,1,2,2,0,12,4,2,1,1,2,50,2,1,2,1,5,3,1,1,0,0,13,53,13,58,14,21,0,0,0,0,1,7,0,370456,0,2009,99999,US-117,SR-133,0000000,34.25835278,-77.941475,2,1
37,141,5,28,17,30,2,4,0,0,2,3,0,12,2,1,1,1,2,55,1,1,2,1,0,0,1,1,0,0,17,30,17,35,17,59,0,0,0,0,2,5,1,370457,0,2009,99999,SR-210,99999999999999999999,0000000,,,2,1
37,175,5,14,17,44,2,2,0,1,2,2,0,12,8,1,1,1,2,55,2,2,2,1,0,0,1,1,0,0,18,10,18,14,99,99,0,0,0,0,1,5,0,370458,0,2009,99999,US-64,99999999999999999999,0000000,35.13584444,-82.87081667,2,1
37,45,6,3,19,10,1,1,0,0,2,4,0,42,0,1,4,1,2,55,1,2,2,1,0,0,1,1,0,0,99,99,99,99,99,99,0,0,0,0,1,4,0,370459,0,2009,99999,RP-1005,99999999999999999999,0000000,35.38911944,-81.53718056,1,1
37,45,6,9,9,38,2,2,0,0,16,6,0,12,2,1,1,1,2,35,1,2,2,1,0,0,1,1,0,0,99,99,99,99,99,99,0,0,0,0,1,3,0,370460,4180,2009,99999,POLKVILLE RD,99999999999999999999,0000000,35.298525,-81.57443056,2,1
37,47,6,5,14,5,3,5,0,0,2,3,0,12,1,1,1,1,2,55,1,1,2,2,0,0,1,2,1,0,14,9,14,18,14,45,0,0,0,0,1,6,0,370461,0,2009,99999,SR-904,99999999999999999999,0000000,34.02805,-78.63833333,3,2
37,103,6,5,16,8,1,2,0,0,4,4,0,1,0,1,2,1,2,55,1,1,2,1,0,0,1,1,0,0,16,55,17,15,99,99,0,0,0,0,1,6,0,370462,0,2009,99999,RU-1105,99999999999999999999,0000000,34.88184722,-77.16736667,1,1
37,107,6,1,6,53,3,3,0,0,2,3,0,12,8,1,1,1,5,55,1,1,2,1,0,0,1,1,0,0,6,49,6,51,6,59,0,0,0,0,1,2,1,370463,0,2009,99999,SR-11,99999999999999999999,0000000,35.17689444,-77.6754,3,1
37,155,6,7,4,36,1,1,0,0,2,3,0,42,0,1,4,1,2,75,1,1,2,1,0,0,2,1,0,0,99,99,99,99,99,99,0,0,0,0,1,1,1,370464,0,2009,99999,SR-710,99999999999999999999,0000000,34.69737778,-79.22121111,1,1
37,179,6,6,0,34,2,2,0,0,2,4,0,12,4,1,1,1,2,45,2,2,2,1,0,0,2,1,0,0,0,35,0,42,99,99,0,0,0,0,1,7,2,370465,2290,2009,99999,RP-1501,99999999999999999999,0000000,35.05318611,-80.59106944,2,1
37,129,3,3,13,30,1,1,0,1,2,2,0,22,0,1,4,2,2,45,1,3,2,1,0,0,1,1,0,0,13,31,13,36,14,4,0,0,0,0,1,3,0,370466,0,2009,99999,US-421,99999999999999999999,0000000,34.06367222,-77.89867778,1,1
37,63,4,30,13,10,2,4,0,0,5,4,0,12,2,1,1,1,2,45,2,3,2,1,0,0,1,1,0,0,13,15,13,21,13,54,0,0,0,0,1,5,0,370467,0,2009,99999,RP-1109,99999999999999999999,0000000,35.87639444,-78.99993889,2,1
37,191,4,26,12,37,1,1,0,0,6,6,0,30,0,1,4,1,2,55,2,1,2,1,0,0,1,1,0,0,12,30,12,38,14,0,0,0,0,0,1,1,1,370468,0,2009,99999,RP-1120,99999999999999999999,0000000,,,1,1
37,59,5,19,9,49,2,2,0,0,16,6,0,12,5,8,1,1,2,35,1,2,2,1,0,0,1,1,0,0,8,56,8,58,9,26,0,0,0,0,1,3,0,370469,3090,2009,99999,AVON STREET,99999999999999999999,0000000,35.89648611,-80.57036111,2,1
37,61,5,29,9,59,1,1,0,0,4,3,0,34,0,1,4,1,2,55,2,1,2,1,0,0,1,1,0,0,9,44,9,54,10,25,0,0,0,0,1,6,0,370470,0,2009,99999,SR-111,99999999999999999999,0000000,34.88156667,-77.789125,1,1
37,123,5,23,20,50,1,3,0,1,2,2,0,37,0,1,4,1,2,55,1,1,2,1,0,0,2,1,0,0,20,31,20,44,21,21,0,0,0,0,1,7,0,370471,0,2009,99999,US-220,99999999999999999999,0000000,35.20228889,-79.72688333,1,1
37,135,5,13,2,17,1,1,0,0,6,6,0,42,0,1,4,1,2,55,2,1,2,1,0,0,2,1,0,0,2,14,2,32,88,88,0,0,0,0,1,4,1,370472,0,2009,99999,RP-1567,99999999999999999999,0000000,36.10357222,-78.99083056,1,1
37,135,5,30,14,1,1,2,1,0,6,4,0,9,0,1,1,1,2,55,1,1,2,1,0,0,1,1,0,0,99,99,99,99,99,99,0,0,0,0,1,7,0,370473,0,2009,99999,RP-1306,99999999999999999999,0000000,36.10966111,-79.23699722,1,1
37,171,5,17,10,44,1,1,0,0,6,6,0,42,0,1,4,1,2,55,1,4,2,2,0,0,1,2,0,0,10,39,10,50,12,6,0,0,0,0,1,1,0,370474,0,2009,99999,RP-1624,99999999999999999999,0000000,36.53715833,-80.68149167,1,2
37,171,5,22,9,5,3,10,0,1,1,1,0,12,4,1,1,2,4,70,1,2,2,1,0,0,1,1,0,0,9,4,9,13,10,6,0,0,0,0,5,6,0,370475,0,2009,99999,I-77,99999999999999999999,0000000,36.29804167,-80.81148056,3,1
37,179,5,15,3,15,1,1,0,1,2,2,0,33,0,2,4,1,2,55,1,1,2,1,0,0,2,1,0,0,99,99,99,99,88,88,0,20,0,0,1,6,1,370476,0,2009,99999,US-601,RP-1001,0000000,35.04032778,-80.53184444,1,1
37,183,5,5,11,33,2,6,0,0,16,6,0,12,2,1,1,1,2,45,2,1,2,2,0,0,1,2,0,0,11,33,11,42,11,52,0,0,0,0,1,3,0,370477,0,2009,99999,SUNNYBROOK ROAD,99999999999999999999,0000000,35.75365278,-78.58288889,2,2
37,13,6,12,15,27,2,3,0,1,2,2,0,12,2,1,1,1,2,55,1,1,2,1,0,0,1,1,0,0,15,25,15,32,88,88,0,0,0,0,2,6,0,370478,0,2009,99999,US-264,99999999999999999999,0000000,35.52583611,-76.87386944,2,1
37,17,6,5,19,14,2,5,0,0,4,3,0,12,2,1,1,1,2,55,1,1,2,1,0,0,1,1,0,0,19,10,19,46,99,99,0,0,0,0,1,6,1,370479,0,2009,99999,SR-210,99999999999999999999,0000000,34.56955278,-78.26299722,2,1
37,19,6,8,21,30,1,2,1,0,4,3,0,8,0,1,1,1,2,55,1,1,2,1,0,0,2,1,0,0,21,32,21,38,88,88,0,0,0,0,1,2,0,370480,0,2009,99999,SR-87,99999999999999999999,0000000,34.09753611,-78.08738611,1,1
37,27,6,9,13,20,2,2,0,0,5,3,0,12,5,1,1,1,2,45,1,1,2,1,0,0,1,1,0,0,13,18,13,28,14,20,0,0,0,0,1,3,0,370481,0,2009,99999,SR-18,99999999999999999999,0000000,35.99095833,-81.40334722,2,1
37,31,6,28,17,26,2,3,0,0,5,3,0,12,2,1,1,1,2,55,2,1,2,1,0,0,1,1,0,0,99,99,99,99,99,99,0,0,0,0,1,1,0,370482,0,2009,99999,SR-58,99999999999999999999,0000000,34.72694167,-77.07578611,2,1
37,31,6,26,7,20,1,1,0,0,5,4,0,18,0,1,2,1,2,45,2,1,2,1,0,0,1,1,0,0,7,19,7,25,88,88,0,0,0,0,1,6,1,370483,0,2009,99999,RP-1118,99999999999999999999,0000000,34.70373056,-77.02690556,1,1
37,35,6,3,20,16,2,2,0,0,16,6,0,12,7,1,1,1,2,35,1,1,2,6,0,0,5,2,0,0,20,14,20,20,20,36,0,0,0,0,1,4,1,370484,3300,2009,99999,N COLLEGE AVE,99999999999999999999,0000000,35.68994167,-81.21761389,2,2
37,35,6,13,17,42,2,9,0,0,15,6,0,12,5,13,1,6,1,45,1,1,2,1,3,3,1,1,0,0,17,43,17,52,99,99,0,0,0,0,2,7,0,370485,1060,2009,99999,THORNBURG DRIVE,I-40,0000000,35.72339444,-81.20501111,2,1
37,45,6,20,5,24,1,2,1,1,12,2,0,8,0,1,1,3,2,65,1,1,2,1,0,0,6,5,0,0,99,99,99,99,88,88,0,0,0,0,1,7,0,370486,2440,2009,99999,US-74,99999999999999999999,0000000,35.25664167,-81.35727778,1,5
37,45,6,25,3,38,1,3,0,0,5,4,0,43,0,1,4,1,2,45,1,2,2,1,0,0,2,1,0,0,3,34,3,35,4,5,0,0,0,0,2,5,1,370487,0,2009,99999,RP-1337,99999999999999999999,0000000,35.35125556,-81.61100556,1,1
37,57,6,9,20,1,1,3,1,0,5,4,0,8,0,1,1,1,2,55,1,1,2,2,0,0,5,2,0,0,19,59,20,14,20,28,0,0,0,0,1,3,0,370488,0,2009,99999,RP-1493,99999999999999999999,0000000,35.95176389,-80.31175278,1,2
37,57,6,14,3,24,1,1,0,0,16,6,0,53,0,1,4,1,2,35,1,2,2,1,0,0,3,1,0,0,3,59,4,6,88,88,0,0,0,0,1,1,1,370489,4590,2009,99999,LAKE ROAD,99999999999999999999,0000000,35.84841389,-80.09791667,1,1
37,67,6,3,3,17,2,2,0,0,16,6,0,42,0,1,4,1,2,35,2,2,2,1,0,0,3,1,0,0,3,20,3,28,88,88,0,14,0,0,1,4,1,370490,5120,2009,99999,SHATTALON DRIVE,99999999999999999999,0000000,36.12606667,-80.332875,2,1
37,75,6,9,10,57,1,1,0,0,4,3,0,1,0,1,2,1,2,55,2,2,2,1,0,0,1,1,0,0,10,47,11,14,88,88,0,0,0,0,1,3,0,370491,0,2009,99999,SR-28,99999999999999999999,0000000,35.43945,-83.82544722,1,1
37,77,6,12,16,24,1,4,0,0,5,4,0,42,0,1,4,1,2,55,1,1,2,1,0,0,1,1,0,0,16,19,16,30,99,99,0,0,0,0,1,6,1,370492,0,2009,99999,RP-1133,99999999999999999999,0000000,36.21943611,-78.68529444,1,1
37,81,6,2,13,30,3,4,0,1,12,2,0,12,3,1,1,2,2,55,1,1,2,1,0,0,1,1,0,0,13,28,13,38,14,1,0,0,0,0,1,3,0,370493,1940,2009,99999,US-29,99999999999999999999,0000000,36.12455556,-79.74855833,3,1
37,81,6,1,9,47,2,4,0,0,5,3,0,12,2,10,1,1,4,45,1,2,2,1,3,3,1,1,0,0,9,43,9,53,10,29,0,0,0,0,1,2,0,370494,0,2009,99999,SR-6,I-40,0000000,36.05093889,-79.73316944,2,1
37,97,6,11,13,24,3,3,0,1,1,1,0,12,1,1,1,3,3,65,1,1,2,1,0,0,1,1,0,0,13,24,13,36,88,88,0,0,0,0,1,5,0,370495,0,2009,99999,I-40,99999999999999999999,0000000,35.77423333,-80.99327222,3,1
37,109,6,17,11,46,1,1,0,0,5,4,0,37,0,1,4,1,2,55,2,2,2,9,0,0,9,9,0,0,11,47,11,59,88,88,0,18,0,0,1,4,1,370496,0,2009,99999,RP-1169,99999999999999999999,0000000,35.42725556,-81.33271111,1,9