STATE,COUNTY,MONTH,DAY,HOUR,MINUTE,VE_TOTAL,PERSONS,PEDS,NHS,ROAD_FNC,ROUTE,SP_JUR,HARM_EV,MAN_COLL,REL_JUNC,REL_ROAD,TRAF_FLO,NO_LANES,SP_LIMIT,ALIGNMNT,PROFILE,PAVE_TYP,SUR_COND,TRA_CONT,T_CONT_F,LGT_COND,WEATHER1,WEATHER2,WRK_ZONE,NOT_HOUR,NOT_MIN,ARR_HOUR,ARR_MIN,HOSP_HR,HOSP_MN,SCH_BUS,CF1,CF2,CF3,FATALS,DAY_WEEK,DRUNK_DR,ST_CASE,CITY,YEAR,MILEPT,TWAY_ID,TWAY_ID2,RAIL,LATITUDE,LONGITUD,VE_FORMS,WEATHER
37,111,6,7,3,38,1,2,1,1,2,2,0,8,0,1,1,2,2,55,2,2,2,1,0,0,2,1,0,0,99,99,99,99,88,88,0,0,0,0,1,1,0,370497,0,2009,99999,US-22,99999999999999999999,0000000,35.66956944,-81.99251111,1,1
37,119,6,11,5,47,2,2,0,1,11,1,0,12,1,1,1,3,5,65,1,2,2,2,0,0,4,1,0,0,5,34,5,48,6,23,0,0,0,0,1,5,0,370498,870,2009,99999,I-85,99999999999999999999,0000000,35.25791111,-81.01306667,2,1
37,127,6,13,21,37,1,1,0,0,6,4,0,32,0,1,5,1,2,55,2,1,2,1,0,0,2,1,0,0,21,37,21,50,23,30,0,0,0,0,1,7,1,370499,0,2009,99999,RP-1732,99999999999999999999,0000000,35.88666944,-77.83978611,1,1
37,139,6,19,13,18,1,1,0,0,6,6,0,34,0,1,4,1,2,55,2,1,2,1,0,0,1,1,0,0,13,14,13,25,14,10,0,0,0,0,1,6,1,370500,0,2009,99999,RP-1116,99999999999999999999,0000000,36.16848889,-76.18919722,1,1
37,149,6,10,3,38,1,1,0,1,1,1,0,42,0,1,4,3,2,65,2,2,2,1,0,0,2,1,0,0,3,40,3,51,88,88,0,0,0,0,1,4,0,370501,0,2009,99999,I-26,99999999999999999999,0000000,35.243025,-82.20494167,1,1
37,151,6,28,11,17,1,1,0,0,6,4,0,37,0,1,4,1,2,55,2,2,2,1,0,0,1,1,0,0,11,12,11,26,12,15,0,0,0,0,1,1,0,370502,0,2009,99999,RP-1004,99999999999999999999,0000000,35.76991389,-79.90510833,1,1
37,155,6,5,0,53,1,1,0,0,6,4,0,34,0,1,4,1,2,55,1,1,2,2,0,0,2,1,0,0,0,45,0,51,2,39,0,0,0,0,1,6,0,370503,0,2009,99999,RP-1339,99999999999999999999,0000000,34.70568611,-79.25479167,1,1
37,155,6,9,5,55,1,1,0,0,6,6,0,1,0,1,2,1,2,55,2,1,2,1,0,0,4,5,0,0,5,52,5,57,7,32,0,0,0,0,1,3,1,370504,0,2009,99999,RP-2435,99999999999999999999,0000000,34.50570833,-79.14027222,1,5
37,155,6,14,0,41,1,1,0,0,5,4,0,34,0,1,4,1,2,55,2,1,2,1,0,0,2,1,0,0,0,37,0,44,2,39,0,0,0,0,1,1,0,370505,0,2009,99999,RP-2426,99999999999999999999,0000000,34.53693056,-79.10851389,1,1
37,157,6,6,20,56,2,3,0,0,5,4,0,12,8,1,1,1,2,55,1,3,2,1,0,0,2,1,0,0,20,55,21,18,21,41,0,0,0,0,1,7,1,370506,0,2009,99999,RP-1358,99999999999999999999,0000000,36.53099444,-79.98173611,2,1
37,157,6,16,8,14,2,2,0,0,5,4,0,12,5,2,1,1,2,45,1,3,2,2,20,3,1,2,0,0,8,11,8,20,9,11,0,0,0,0,1,3,0,370507,0,2009,99999,RP-1914,RP-2023,0000000,36.456825,-79.64210278,2,2
37,159,6,22,0,47,2,4,0,0,5,4,0,12,2,1,1,1,2,55,2,1,2,1,0,0,2,1,0,0,0,46,1,7,99,99,0,20,0,0,1,2,0,370508,0,2009,99999,RP-1984,99999999999999999999,0000000,35.8096,-80.63486389,2,1
37,159,6,28,19,15,2,2,0,0,16,6,0,12,2,1,1,1,2,35,1,2,2,1,0,0,1,1,0,0,99,99,99,99,88,88,0,0,0,0,1,1,0,370509,0,2009,99999,LONG MEADOW DRIVE,99999999999999999999,0000000,35.62451111,-80.53710278,2,1
37,161,6,26,9,30,2,4,0,0,5,4,0,12,4,8,1,1,2,35,1,3,2,1,0,0,1,1,0,0,99,99,99,99,99,99,0,0,0,0,1,6,0,370510,0,2009,99999,RP-2125,99999999999999999999,0000000,35.27134167,-81.82771667,2,1
37,171,6,3,22,25,1,1,0,0,4,3,0,1,0,1,2,1,2,55,2,1,2,1,0,0,2,1,0,0,22,23,22,35,23,5,0,0,0,0,1,4,1,370511,0,2009,99999,SR-89,99999999999999999999,0000000,36.49719167,-80.53385,1,1
37,173,6,7,18,40,2,3,0,0,4,3,0,1,0,1,1,1,2,55,2,1,2,1,0,0,1,1,0,0,18,39,19,8,21,5,0,14,0,0,1,1,0,370512,0,2009,99999,SR-28,99999999999999999999,0000000,35.28213056,-83.45386389,2,1
37,183,6,7,21,43,1,1,0,0,4,6,0,42,0,1,3,2,2,45,1,4,2,1,0,0,3,1,0,0,99,99,99,99,99,99,0,0,0,0,1,1,0,370513,800,2009,99999,CARY PARKWAY,99999999999999999999,0000000,35.75505278,-78.80675556,1,1
37,183,6,9,12,21,1,1,0,0,16,6,0,10,0,6,1,1,2,35,1,1,2,1,60,3,1,1,0,0,99,99,99,99,88,88,0,0,0,0,1,3,0,370514,3750,2009,99999,ROYAL STREET,99999999999999999999,630646E,35.79303056,-78.68816111,1,1
37,183,6,11,20,20,1,1,0,0,5,4,0,1,0,1,2,1,2,45,2,4,2,1,0,0,5,1,0,0,20,15,20,17,88,88,0,0,0,0,1,5,1,370515,0,2009,99999,RP-2320,99999999999999999999,0000000,35.86069167,-78.42536667,1,1
37,183,6,13,12,51,1,1,0,1,1,1,0,27,0,1,4,3,4,65,2,1,2,1,0,0,1,1,0,0,99,99,99,99,99,99,0,0,0,0,1,7,1,370516,0,2009,99999,I-540,99999999999999999999,0000000,35.91009167,-78.6443,1,1
37,183,6,22,12,41,2,4,0,0,5,4,0,12,5,2,1,2,2,45,1,3,2,1,20,3,1,1,0,0,99,99,99,99,99,99,0,0,0,0,1,2,0,370517,800,2009,99999,RP-1625,CARY GLEN BLVD,0000000,35.81883889,-78.90252222,2,1
37,197,6,7,17,15,4,4,0,1,2,2,0,12,4,1,1,1,2,55,2,1,2,1,0,0,1,1,0,0,17,6,17,19,99,99,0,0,0,0,2,1,1,370518,0,2009,99999,US-21,99999999999999999999,0000000,36.05586389,-80.753075,4,1
37,133,5,31,2,56,1,2,0,0,2,4,0,53,0,1,4,1,2,55,2,1,2,1,0,0,2,1,0,0,2,36,2,48,3,48,0,0,0,0,1,1,1,370519,0,2009,99999,RP-1107,99999999999999999999,0000000,34.69328611,-77.49137778,1,1
37,3,6,4,13,47,1,1,0,0,2,4,0,34,0,1,4,1,2,55,2,1,2,1,0,0,1,1,0,0,13,45,13,56,88,88,0,0,0,0,1,5,0,370520,0,2009,99999,RP-1610,99999999999999999999,0000000,35.8565,-81.18304167,1,1
37,13,6,21,4,39,1,1,0,1,2,2,0,27,0,1,4,1,2,55,2,2,2,1,0,0,2,1,0,0,99,99,99,99,88,88,0,0,0,0,1,1,1,370521,0,2009,99999,US-264,99999999999999999999,0000000,35.570425,-76.50398333,1,1
37,13,6,28,2,29,1,4,0,0,2,3,0,34,0,1,4,1,2,55,2,1,2,1,0,0,2,1,0,0,99,99,99,99,99,99,0,0,0,0,1,1,1,370522,0,2009,99999,SR-33,99999999999999999999,0000000,35.3901,-76.99227222,1,1
37,19,6,18,15,58,2,3,0,1,2,2,0,12,4,2,1,2,4,55,2,1,2,1,20,3,1,1,0,0,15,58,16,5,99,99,0,0,0,0,1,5,0,370523,0,2009,99999,US-17,RP-1303,0000000,33.93638056,-78.56786667,2,1
37,21,6,29,8,6,2,2,0,0,2,4,0,1,0,3,1,1,2,45,1,2,2,1,20,3,1,1,0,0,8,5,8,14,8,44,0,14,0,0,1,2,0,370524,0,2009,99999,RP-3136,RP-3133,0000000,35.50735556,-82.41436944,2,1
37,25,6,24,11,5,2,2,0,0,16,6,0,12,4,2,1,1,5,45,1,2,2,1,3,3,1,1,0,0,11,1,11,4,11,29,0,0,0,0,1,4,0,370525,2390,2009,99999,DAVIDSON HWY,KANNAPOLIS PKWY,0000000,35.43717778,-80.68153333,2,1
37,51,6,26,4,18,1,1,0,0,2,4,0,11,0,1,1,1,2,55,1,1,2,1,0,0,2,1,0,0,99,99,99,99,99,99,0,0,0,0,1,6,0,370526,0,2009,99999,RP-2243,99999999999999999999,0000000,,,1,1
37,67,6,18,10,52,2,3,0,0,16,6,0,12,4,2,1,2,6,55,1,1,2,1,3,3,1,1,0,0,10,54,11,2,99,99,0,0,0,0,1,5,0,370527,5120,2009,99999,PETERS CREEK PKWY,SOUTH PARK BLVD,0000000,36.04590556,-80.26001944,2,1
37,69,6,27,7,35,1,1,0,0,2,4,0,27,0,1,4,1,2,45,2,2,2,1,0,0,1,1,0,0,8,17,8,20,8,43,0,0,0,0,1,7,0,370528,0,2009,99999,RP-1235,99999999999999999999,0000000,36.12969444,-78.29664167,1,1
37,79,6,26,17,1,1,1,0,0,2,4,0,53,0,1,4,1,2,55,1,1,2,1,0,0,1,1,0,0,99,99,99,99,88,88,0,0,0,0,1,6,0,370529,0,2009,99999,RP-1336,99999999999999999999,0000000,,,1,1
37,81,6,10,3,43,1,2,1,0,16,6,0,10,0,6,1,1,2,35,1,2,2,1,61,3,3,1,0,0,3,43,3,51,4,5,0,0,0,0,1,4,1,370530,2170,2009,99999,N HOSKINS ST,99999999999999999999,722351T,35.96425278,-79.98621944,1,1
37,85,6,28,22,0,1,1,0,0,2,3,0,34,0,1,4,1,2,55,1,1,2,1,0,0,2,1,0,0,99,99,99,99,88,88,0,0,0,0,1,1,0,370531,0,2009,99999,SR-210,99999999999999999999,0000000,35.41815278,-78.80373056,1,1
37,97,6,16,0,56,1,2,0,1,1,1,0,24,0,1,4,3,2,70,1,2,2,2,0,0,2,2,0,0,0,53,1,8,2,7,0,0,0,0,1,3,0,370532,0,2009,99999,I-40,99999999999999999999,0000000,35.86914167,-80.71795833,1,2
37,117,6,15,0,43,1,1,0,0,5,4,0,32,0,1,4,1,2,55,2,1,2,1,0,0,2,1,0,0,0,43,0,51,1,14,0,0,0,0,1,2,0,370533,0,2009,99999,RP-1138,99999999999999999999,0000000,35.88080833,-77.17650833,1,1
37,117,6,18,10,39,1,2,1,0,5,4,0,53,0,1,4,1,2,55,1,2,2,1,0,0,1,1,0,0,10,42,10,47,88,88,0,0,0,0,1,5,0,370534,0,2009,99999,RP-1416,99999999999999999999,0000000,35.92655556,-77.19710833,1,1
37,123,6,12,9,44,2,2,0,0,4,3,0,12,2,1,1,1,2,55,2,1,2,1,0,0,1,1,0,0,9,42,9,52,10,24,0,0,0,0,1,6,0,370535,0,2009,99999,SR-109,99999999999999999999,0000000,35.38418611,-79.95341111,2,1
37,131,6,13,13,47,2,2,0,1,2,2,0,12,1,1,1,1,2,55,1,1,2,1,0,0,1,1,0,0,13,44,13,49,14,25,0,0,0,0,1,7,0,370536,0,2009,99999,US-158,99999999999999999999,0000000,36.34221389,-77.50292222,2,1
37,131,6,26,3,45,1,1,0,0,5,4,0,34,0,1,4,1,2,55,2,3,2,1,0,0,2,1,0,0,4,13,4,29,88,88,0,0,0,0,1,6,1,370537,0,2009,99999,RP-1200,99999999999999999999,0000000,36.49638889,-77.60591944,1,1
37,151,6,21,15,6,1,2,0,0,4,3,0,1,0,1,5,1,2,55,1,2,2,1,0,0,1,1,0,0,15,2,15,8,99,99,0,0,0,0,1,1,0,370538,0,2009,99999,SR-49,99999999999999999999,0000000,35.65720833,-79.91242778,1,1
37,153,6,29,1,30,1,2,1,1,2,2,0,8,0,1,1,1,2,70,1,1,2,1,0,0,2,1,0,0,1,30,1,42,3,54,0,0,0,0,1,2,0,370539,0,2009,99999,US-74,99999999999999999999,0000000,34.85406667,-79.71568056,1,1
37,179,6,26,22,25,1,2,1,0,16,6,0,8,0,1,1,1,2,35,1,2,2,1,0,0,3,1,0,0,22,29,22,31,99,99,0,0,0,0,1,6,0,370540,3100,2009,99999,N CHARLOTTE AVE,99999999999999999999,0000000,34.98904722,-80.554075,1,1
37,191,6,27,9,3,2,3,0,0,4,3,0,12,5,2,1,1,2,55,1,1,2,1,20,3,1,1,0,0,9,1,9,7,10,8,0,0,0,0,2,7,0,370541,0,2009,99999,SR-581,SR-222,0000000,35.56036944,-78.05037222,2,1
37,51,6,3,14,38,2,4,0,0,16,6,0,12,2,1,1,1,2,45,1,1,2,1,0,0,1,1,0,0,14,37,14,39,88,88,0,0,0,0,1,4,1,370542,1670,2009,99999,LEGION ROAD,99999999999999999999,0000000,35.01403056,-78.90759722,2,1
37,67,6,16,23,0,1,3,0,0,16,6,0,33,0,1,4,2,2,45,1,2,2,1,0,0,3,1,0,0,23,2,23,13,23,33,0,0,0,0,2,3,1,370543,5120,2009,99999,UNIVERSITY PARKWAY,99999999999999999999,0000000,36.14776111,-80.27931111,1,1
37,17,6,24,18,5,2,2,0,0,4,3,0,12,1,1,1,1,2,55,1,1,2,1,0,0,1,1,0,0,99,99,99,99,99,99,0,0,0,0,1,4,0,370544,0,2009,99999,SR-242,99999999999999999999,0000000,34.57133889,-78.72948611,2,1
37,35,6,27,19,33,1,1,0,0,16,6,0,32,0,1,4,1,2,45,2,2,2,1,0,0,1,1,0,0,19,32,19,36,88,88,0,0,0,0,1,7,1,370545,3300,2009,99999,RP-1149,99999999999999999999,0000000,35.68813611,-81.23730278,1,1
37,39,6,11,12,45,2,2,0,1,2,2,0,12,1,1,1,2,2,45,1,1,2,2,0,0,1,1,0,0,12,49,12,51,99,99,0,0,0,0,1,5,1,370546,0,2009,99999,US-19,99999999999999999999,0000000,35.1894,-83.87368333,2,1
37,53,6,10,16,42,1,1,0,0,4,3,0,42,0,1,5,1,2,35,1,1,2,1,0,0,1,1,0,0,16,39,16,46,99,99,0,0,0,0,1,4,0,370547,0,2009,99999,SR-136,99999999999999999999,0000000,36.27558889,-75.89462778,1,1
37,67,6,27,14,39,1,1,0,0,14,3,0,33,0,1,4,2,4,55,1,2,2,1,0,0,1,1,0,0,14,40,14,47,88,88,0,0,0,0,1,7,0,370548,5120,2009,99999,SR-150,99999999999999999999,0000000,36.05066111,-80.25946111,1,1
37,77,6,20,23,35,1,1,0,1,2,2,0,34,0,1,4,1,2,55,1,1,2,1,0,0,2,1,0,0,23,34,23,41,0,29,0,0,0,0,1,7,1,370549,0,2009,99999,US-15,99999999999999999999,0000000,36.38352778,-78.59400278,1,1
37,165,6,24,15,43,2,2,0,1,2,2,0,12,2,1,1,1,2,55,1,1,2,1,0,0,1,1,0,0,15,36,15,46,16,42,0,0,0,0,1,4,0,370550,0,2009,99999,US-15,99999999999999999999,0000000,34.86582778,-79.4554,2,1
37,1,7,4,6,7,1,1,0,0,16,6,0,42,0,1,2,1,2,35,1,2,2,1,0,0,1,1,0,0,6,4,6,15,88,88,0,0,0,0,1,7,0,370551,700,2009,99999,W. FRONT STREET,99999999999999999999,0000000,36.097825,-79.45116111,1,1
37,7,7,7,4,55,1,1,0,0,4,3,0,1,0,1,2,1,2,55,1,2,2,1,0,0,1,1,0,0,4,58,5,9,6,18,0,0,0,0,1,3,0,370552,0,2009,99999,SR-109,99999999999999999999,0000000,35.04138056,-80.01588333,1,1
37,11,7,6,18,10,1,1,0,0,4,3,0,37,0,1,4,1,2,55,1,2,2,1,0,0,1,1,0,0,99,99,99,99,99,99,0,0,0,0,1,2,0,370553,0,2009,99999,SR-105,99999999999999999999,0000000,36.11262222,-81.84655556,1,1
37,17,7,9,6,24,1,1,0,0,5,4,0,34,0,1,4,1,2,55,2,1,2,1,0,0,1,1,0,0,99,99,99,99,99,99,0,0,0,0,1,5,0,370554,0,2009,99999,RP-1132,99999999999999999999,0000000,34.55248333,-78.82188333,1,1
37,33,7,12,11,38,2,2,0,0,5,4,0,12,2,1,1,1,2,45,2,1,2,1,0,0,1,1,0,0,99,99,99,99,99,99,0,0,0,0,1,1,0,370555,0,2009,99999,RP-1500,99999999999999999999,0000000,36.44048056,-79.35330278,2,1
37,35,7,3,15,49,2,3,0,0,4,3,0,12,4,2,1,1,2,45,1,2,2,1,3,3,1,1,0,0,15,49,15,54,16,24,0,0,0,0,1,6,0,370556,0,2009,99999,SR-10,RP-1735,0000000,35.66383333,-81.18604722,2,1
37,93,7,4,7,11,2,5,0,0,4,3,0,12,4,1,1,1,2,55,1,1,2,1,0,0,1,1,0,0,99,99,99,99,99,99,0,0,0,0,1,7,1,370557,0,2009,99999,SR-211,99999999999999999999,0000000,35.09192778,-79.37079167,2,1
37,151,7,4,4,1,3,2,0,0,5,4,0,53,0,1,4,1,2,45,2,1,2,1,0,0,2,1,0,0,4,0,4,9,4,35,0,14,0,0,1,7,1,370558,0,2009,99999,RP-1522,99999999999999999999,0000000,35.82138056,-79.85970556,1,1
37,159,7,10,21,8,2,3,0,0,5,4,0,12,5,2,1,1,2,55,1,1,2,1,20,3,2,1,0,0,21,3,21,12,21,43,0,0,0,0,1,6,0,370559,0,2009,99999,RP-1526,RP-1728,0000000,35.68625,-80.58098333,2,1
37,163,7,6,10,9,2,3,0,0,4,3,0,12,5,2,1,1,2,55,1,1,2,1,20,3,1,1,0,0,10,6,10,25,10,41,0,0,0,0,1,2,0,370560,0,2009,99999,SR-55,RP-1005,0000000,35.29146667,-78.54068056,2,1
37,179,7,7,21,56,2,2,0,1,2,2,0,12,2,1,1,2,2,55,1,2,2,1,0,0,2,1,0,0,99,99,99,99,88,88,0,0,0,0,2,3,1,370561,2290,2009,99999,US-74,99999999999999999999,0000000,35.05662778,-80.62720278,2,1
37,181,7,10,7,25,1,7,0,1,1,1,0,1,0,1,1,3,2,65,1,1,2,1,0,0,1,1,0,0,7,29,7,36,7,58,0,0,0,0,1,6,0,370562,0,2009,99999,I-85,99999999999999999999,0000000,36.390525,-78.34065278,1,1
37,151,6,30,15,24,3,4,0,1,2,2,0,12,8,1,1,1,2,55,1,2,2,1,0,0,1,1,0,0,15,24,15,37,15,56,0,0,0,0,2,3,0,370563,0,2009,99999,US-64,99999999999999999999,0000000,35.72456667,-79.71525278,3,1
37,51,6,29,13,27,2,5,0,1,2,2,0,12,7,1,1,3,2,55,1,1,2,1,0,0,1,1,0,0,13,35,13,49,14,18,0,0,0,0,1,2,1,370564,0,2009,99999,US-301,99999999999999999999,0000000,35.13268611,-78.75145833,2,1
37,59,7,10,15,5,1,2,0,1,1,1,0,37,0,1,4,3,4,70,1,1,1,1,0,0,1,1,0,0,15,6,15,15,15,48,0,0,0,0,1,6,0,370565,0,2009,99999,I-40,99999999999999999999,0000000,35.920475,-80.595875,1,1
37,57,7,1,18,50,1,2,0,0,2,4,0,42,0,1,4,1,2,55,2,1,2,1,0,0,1,1,0,0,18,53,19,19,19,33,0,0,0,0,1,4,0,370566,0,2009,99999,RP-2501,99999999999999999999,0000000,35.58529444,-80.15350278,1,1
37,51,6,17,23,2,3,6,0,0,2,3,0,12,4,2,1,2,4,55,1,1,2,2,3,3,2,2,1,0,23,2,23,14,23,36,0,0,0,0,1,4,0,370567,0,2009,99999,SR-87,RP-2238,0000000,34.93048611,-78.85359722,3,2
37,67,6,20,17,31,2,3,0,0,16,6,0,12,4,2,1,1,2,45,1,3,2,1,20,3,1,1,0,0,17,33,17,45,18,7,0,0,0,0,1,7,0,370568,5120,2009,99999,PATTERSON AVE,KEVIN DR,0000000,36.17224722,-80.26465278,2,1
37,81,6,11,18,56,1,1,0,0,16,6,0,29,0,1,4,2,4,35,2,2,2,2,0,0,5,2,1,0,18,55,19,5,19,34,0,0,0,0,1,5,0,370569,1940,2009,99999,W MARKET ST,99999999999999999999,0000000,36.07518611,-79.84425556,1,2
37,81,6,29,9,8,1,3,0,1,2,2,0,27,0,1,3,2,4,55,1,1,2,1,0,0,1,1,0,0,9,6,9,14,9,30,0,0,0,0,1,2,0,370570,0,2009,99999,US-29,99999999999999999999,0000000,36.11860278,-79.75284444,1,1
37,91,6,28,9,30,2,5,0,0,2,3,0,12,4,2,1,1,2,55,1,1,2,1,20,3,1,1,0,0,99,99,99,99,99,99,0,0,0,0,1,1,0,370571,0,2009,99999,SR-11,SR-11B,0000000,36.25811667,-77.07776111,2,1
37,109,6,28,14,57,2,2,0,0,16,6,0,12,4,1,1,1,2,35,1,2,2,1,0,0,1,1,0,0,14,58,15,2,88,88,0,0,0,0,1,1,0,370572,2660,2009,99999,HUSS ST,99999999999999999999,0000000,35.47968333,-81.21694444,2,1
37,129,6,29,17,44,4,5,0,0,16,6,0,12,8,1,1,1,5,45,1,1,2,1,0,0,1,1,0,0,17,46,17,53,18,12,0,0,0,0,1,2,0,370573,5060,2009,99999,MARKET ST,99999999999999999999,0000000,34.24785278,-77.86800278,4,1
37,129,6,28,18,4,1,2,0,0,16,6,0,34,0,2,4,2,5,45,1,1,2,1,3,3,1,1,0,0,18,5,18,10,18,24,0,0,0,0,1,1,0,370574,5060,2009,99999,S COLLEGE RD,WALTMOOR RD,0000000,34.17587778,-77.89143611,1,1
37,135,6,27,18,3,1,1,0,0,2,4,0,30,0,1,4,1,2,55,2,1,2,1,0,0,1,1,0,0,17,52,18,0,18,40,0,0,0,0,1,7,0,370575,0,2009,99999,RP-1343,99999999999999999999,0000000,36.11035,-79.23906389,1,1
37,161,6,30,9,20,3,6,0,1,2,2,0,12,7,4,1,1,2,55,1,2,2,1,0,0,1,1,0,0,9,21,9,26,10,51,0,0,0,0,1,3,0,370576,0,2009,99999,US-221,99999999999999999999,0000000,35.24309444,-81.86161944,3,1
37,183,6,30,17,14,3,3,0,0,3,3,0,12,4,2,1,1,2,45,1,1,2,1,3,3,1,1,0,0,99,99,99,99,99,99,0,0,0,0,1,3,0,370577,0,2009,99999,SR-42,RP-2736,0000000,35.58920278,-78.64271111,3,1
37,1,7,2,2,10,1,3,0,0,16,6,0,24,0,1,2,1,2,45,2,2,2,1,0,0,2,1,0,0,2,10,2,16,99,99,0,0,0,0,1,5,1,370578,1900,2009,99999,GILBREATH STREET,99999999999999999999,0000000,36.05426111,-79.38090833,1,1
37,3,7,14,14,29,2,2,0,0,4,3,0,12,2,1,1,1,2,50,1,1,2,1,0,0,1,1,0,0,14,26,14,31,99,99,0,0,0,0,1,3,0,370579,0,2009,99999,SR-16,99999999999999999999,0000000,35.89040556,-81.18188333,2,1
37,25,7,4,21,27,1,1,0,0,5,4,0,34,0,1,4,1,2,45,2,3,2,1,0,0,2,1,0,0,99,99,99,99,99,99,0,0,0,0,1,7,1,370580,0,2009,99999,RP-1145,99999999999999999999,0000000,,,1,1
37,25,7,6,22,48,1,2,0,0,5,4,0,24,0,1,4,1,2,45,2,2,2,1,0,0,2,1,0,0,22,48,22,59,99,99,0,0,0,0,1,2,1,370581,0,2009,99999,RP-1445,99999999999999999999,0000000,,,1,1
37,33,7,12,22,47,1,1,0,0,5,4,0,19,0,1,5,1,2,45,2,2,2,1,0,0,2,1,0,0,22,35,22,57,88,88,0,0,0,0,1,1,0,370582,0,2009,99999,RP-1133,99999999999999999999,0000000,36.28234444,-79.51776667,1,1
37,35,7,18,16,30,1,1,0,0,4,4,0,1,0,1,1,1,2,65,2,3,2,1,0,0,1,1,0,0,99,99,99,99,99,99,0,0,0,0,1,7,1,370583,0,2009,99999,RP-1857,99999999999999999999,0000000,35.58431667,-81.09766111,1,1
37,51,7,3,21,56,2,5,1,0,16,6,0,9,0,2,1,2,4,50,1,1,2,1,3,3,3,1,0,0,21,56,22,4,88,88,0,0,0,0,1,6,0,370584,1670,2009,99999,CLIFFDALE ROAD,PRITCHETT ROAD,0000000,35.0583,-78.99283333,2,1
37,65,7,11,9,24,1,1,0,0,4,3,0,34,0,1,4,1,2,55,2,2,2,1,0,0,1,1,0,0,9,25,9,30,9,52,0,0,0,0,1,7,1,370585,0,2009,99999,SR-33,99999999999999999999,0000000,35.84636111,-77.52772778,1,1
37,71,7,4,10,2,1,2,1,0,16,6,0,8,0,1,1,1,2,35,1,2,2,1,0,0,1,1,0,0,10,4,10,12,10,34,0,0,0,0,1,7,0,370586,1800,2009,99999,WALNUT AVE,99999999999999999999,0000000,35.26608889,-81.20625833,1,1
37,87,7,10,14,49,2,3,0,1,1,1,0,12,7,1,1,3,2,60,2,1,2,1,0,0,1,1,0,0,14,43,14,53,99,99,0,0,0,0,1,6,0,370587,0,2009,99999,I-40,99999999999999999999,0000000,35.57033611,-82.95812778,2,1
37,89,7,18,17,28,1,2,1,0,16,6,0,8,0,1,1,1,2,99,2,2,2,1,0,0,1,1,0,0,17,28,17,32,17,50,0,0,0,0,1,7,0,370588,2130,2009,99999,SLEEPY CREEK LANE,99999999999999999999,0000000,35.33354167,-82.48706944,1,1
37,97,7,11,23,44,1,1,0,0,2,4,0,1,0,1,4,1,2,45,2,2,2,1,0,0,2,1,0,0,23,41,23,46,88,88,0,0,0,0,1,7,1,370589,0,2009,99999,RP-2397,99999999999999999999,0000000,35.61313889,-80.79955,1,1
37,119,7,4,14,9,1,2,0,0,16,6,0,53,0,1,4,1,2,45,2,3,2,1,0,0,1,1,0,0,14,3,14,10,14,40,0,0,0,0,1,7,0,370590,3095,2009,99999,THOMPSON RD,99999999999999999999,0000000,35.309475,-80.87041944,1,1
37,129,7,9,11,45,1,1,0,0,16,6,0,30,0,2,4,1,4,40,1,1,2,2,3,3,1,2,1,0,11,48,11,53,99,99,0,0,0,0,1,5,0,370591,5060,2009,99999,CAROLINA BEACH RD,SOUTHERN BLV,0000000,34.2008,-77.93993056,1,2
37,147,7,11,23,8,2,2,0,0,16,6,0,12,2,1,1,1,2,35,2,1,2,1,0,0,3,1,0,0,23,5,23,10,23,26,0,0,0,0,1,7,1,370592,1950,2009,99999,WIMBLEDON DR,99999999999999999999,0000000,35.56532778,-77.36074444,2,1
37,149,7,18,1,31,1,1,0,0,2,4,0,1,0,1,4,1,2,55,2,2,2,1,0,0,2,1,0,0,1,29,1,44,99,99,0,0,0,0,1,7,1,370593,0,2009,99999,RP-1348,99999999999999999999,0000000,35.18903056,-82.008475,1,1
37,155,7,13,16,18,2,3,0,0,2,3,0,12,2,1,1,1,2,55,2,4,2,2,0,0,1,2,1,0,17,15,17,50,18,35,0,0,0,0,1,2,0,370594,0,2009,99999,SR-71,99999999999999999999,0000000,34.79273056,-79.28335278,2,2
37,191,7,4,15,56,2,2,0,0,16,6,0,12,4,2,1,2,6,45,1,1,2,1,3,3,1,1,0,0,99,99,99,99,88,88,0,0,0,0,1,7,0,370595,1880,2009,99999,W GRANTHAM ST,US-17,0000000,35.38975,-78.01039722,2,1
37,195,7,12,20,13,1,1,0,0,2,4,0,34,0,1,4,1,2,55,2,1,2,1,0,0,1,1,0,0,20,14,20,22,20,54,0,0,0,0,1,1,0,370596,0,2009,99999,RP-1154,99999999999999999999,0000000,35.68246944,-78.02902222,1,1
37,197,7,17,12,30,3,3,0,0,2,4,0,12,7,1,1,1,2,55,1,2,2,1,0,0,1,1,0,0,12,27,12,37,99,99,0,0,0,0,1,6,0,370597,0,2009,99999,RP-1600,99999999999999999999,0000000,36.12914167,-80.55536389,3,1
37,83,3,1,16,2,2,4,0,1,2,2,0,12,4,1,1,1,2,55,2,2,2,2,0,0,1,2,1,1,99,99,99,99,99,99,0,0,0,0,1,1,0,370598,0,2009,99999,US-301,99999999999999999999,0000000,36.15783611,-77.69170833,2,2