STATE,COUNTY,MONTH,DAY,HOUR,MINUTE,VE_TOTAL,PERSONS,PEDS,NHS,ROAD_FNC,ROUTE,SP_JUR,HARM_EV,MAN_COLL,REL_JUNC,REL_ROAD,TRAF_FLO,NO_LANES,SP_LIMIT,ALIGNMNT,PROFILE,PAVE_TYP,SUR_COND,TRA_CONT,T_CONT_F,LGT_COND,WEATHER1,WEATHER2,WRK_ZONE,NOT_HOUR,NOT_MIN,ARR_HOUR,ARR_MIN,HOSP_HR,HOSP_MN,SCH_BUS,CF1,CF2,CF3,FATALS,DAY_WEEK,DRUNK_DR,ST_CASE,CITY,YEAR,MILEPT,TWAY_ID,TWAY_ID2,RAIL,LATITUDE,LONGITUD,VE_FORMS,WEATHER
37,47,5,10,2,22,1,4,0,0,2,4,0,1,0,1,1,1,2,55,2,1,2,1,0,0,2,1,0,0,99,99,99,99,99,99,0,0,0,0,1,1,1,370599,0,2009,99999,RP-1847,99999999999999999999,0000000,34.355625,-78.29286667,1,1
37,101,5,18,11,7,1,1,0,0,16,6,0,37,0,1,4,1,2,55,1,2,2,1,0,0,1,1,0,0,11,6,11,12,12,4,0,0,0,0,1,2,0,370600,930,2009,99999,COVERED BRIDGE,99999999999999999999,0000000,35.67549722,-78.43611667,1,1
37,31,6,15,8,55,2,2,0,0,16,6,0,12,2,1,1,1,2,35,2,1,2,1,0,0,1,1,0,0,99,99,99,99,99,99,0,0,0,0,1,2,0,370601,1531,2009,99999,COAST GUARD RD,99999999999999999999,0000000,34.65778056,-77.08025,2,1
37,101,6,8,12,48,1,1,0,0,2,3,0,34,0,1,4,1,2,55,2,2,2,1,0,0,1,1,0,0,12,43,12,49,13,29,0,0,0,0,1,2,0,370602,0,2009,99999,SR-242,99999999999999999999,0000000,35.33606389,-78.52091667,1,1
37,121,6,14,16,55,1,1,0,0,2,3,0,1,0,1,2,1,4,55,2,2,2,1,0,0,1,1,0,0,99,99,99,99,88,88,0,0,0,0,1,1,0,370603,4380,2009,99999,SR-226,99999999999999999999,0000000,35.85524722,-82.05551111,1,1
37,155,6,12,23,4,4,5,0,0,2,3,0,12,7,1,1,1,2,20,1,2,2,1,0,0,3,1,0,0,99,99,99,99,99,99,0,0,0,0,2,6,0,370604,3550,2009,99999,SR-711,99999999999999999999,0000000,34.67401667,-79.18464722,4,1
37,157,6,1,16,46,1,2,0,0,2,4,0,32,0,4,4,1,2,55,1,2,2,1,0,0,1,1,0,0,16,42,16,58,17,46,0,0,0,0,1,2,0,370605,0,2009,99999,RP-1759,99999999999999999999,0000000,36.54108889,-79.54341944,1,1
37,161,6,5,7,30,2,3,0,1,2,2,0,12,2,1,1,1,2,35,1,1,2,2,0,0,1,2,1,0,7,36,7,45,8,30,0,0,0,0,1,6,0,370606,1500,2009,99999,US-74 B,99999999999999999999,0000000,35.30545833,-81.72420556,2,2
37,183,6,4,14,14,1,1,0,1,1,1,0,27,0,13,4,6,1,65,1,4,2,1,0,0,1,1,0,0,14,17,14,24,14,57,0,0,0,0,1,5,0,370607,2470,2009,99999,I-540,99999999999999999999,0000000,35.77332778,-78.50649722,1,1
37,3,7,11,13,54,1,1,0,1,2,2,0,1,0,1,2,1,2,55,2,1,2,1,0,0,1,1,0,0,13,55,13,59,99,99,0,0,0,0,1,7,0,370608,0,2009,99999,US-64,99999999999999999999,0000000,35.91886111,-81.25194444,1,1
37,9,7,11,23,30,1,2,0,0,4,4,0,42,0,1,5,1,2,55,1,1,2,1,0,0,2,1,0,0,99,99,99,99,88,88,0,0,0,0,2,7,1,370609,0,2009,99999,RP-1571,99999999999999999999,0000000,36.46536944,-81.38266389,1,1
37,19,7,12,19,9,2,4,0,0,6,4,0,12,2,1,1,1,2,55,2,1,4,1,0,0,1,1,0,0,19,2,19,39,20,33,0,0,0,0,1,1,1,370610,0,2009,99999,1413,99999999999999999999,0000000,34.21634444,-78.21725,2,1
37,21,7,24,16,41,2,3,0,0,4,3,0,1,0,1,1,1,2,35,2,2,2,1,0,0,1,1,0,0,99,99,99,99,99,99,0,0,0,0,1,6,0,370611,0,2009,99999,SR-694,99999999999999999999,0000000,35.62625556,-82.52556389,2,1
37,25,7,17,23,9,1,2,1,0,16,6,0,8,0,1,1,4,1,25,1,1,2,1,0,0,3,1,0,0,23,6,23,13,88,88,0,0,0,0,1,6,0,370612,1040,2009,99999,ACADEMY AVE NW,99999999999999999999,0000000,35.41233056,-80.59176111,1,1
37,45,7,23,21,30,1,1,0,0,5,4,0,42,0,1,4,1,2,55,2,1,2,1,0,0,2,1,0,0,99,99,99,99,88,88,0,0,0,0,1,5,0,370613,0,2009,99999,RP-1004,99999999999999999999,0000000,35.43983333,-81.56679167,1,1
37,51,7,11,19,40,1,4,0,0,5,4,0,27,0,1,4,1,2,55,2,3,2,1,0,0,1,1,0,0,19,40,19,49,99,99,0,0,0,0,1,7,1,370614,0,2009,99999,RP-1006,99999999999999999999,0000000,35.08365833,-78.67565,1,1
37,61,7,12,4,3,1,2,0,0,4,3,0,27,0,1,4,1,4,45,1,1,2,1,0,0,2,1,0,0,3,56,4,12,5,16,0,0,0,0,1,1,1,370615,0,2009,99999,SR-24,99999999999999999999,0000000,34.99358056,-78.12923056,1,1
37,63,7,20,11,24,1,1,0,0,16,6,0,18,0,1,4,1,2,35,1,1,2,2,0,0,1,2,0,0,11,29,11,34,88,88,0,0,0,0,1,2,0,370616,1360,2009,99999,HOPE VALLEY ROAD,99999999999999999999,0000000,35.94434722,-78.94333333,1,2
37,69,7,12,2,30,1,2,0,0,5,4,0,37,0,3,5,1,2,45,1,2,2,1,20,3,2,1,0,0,99,99,99,99,88,88,0,0,0,0,1,1,0,370617,0,2009,99999,RP-1750,SR-39,0000000,,,1,1
37,81,7,5,5,50,1,1,0,1,2,2,0,42,0,1,4,1,2,65,2,1,2,1,0,0,2,1,0,0,5,46,6,2,6,31,0,0,0,0,1,1,0,370618,0,2009,99999,US-220,99999999999999999999,0000000,35.93715556,-79.82751944,1,1
37,99,7,10,15,47,2,3,0,1,2,2,0,12,5,2,1,1,4,50,2,2,2,1,20,3,1,1,0,0,99,99,99,99,99,99,0,0,0,0,1,6,0,370619,0,2009,99999,US-441,RP-1406,0000000,35.41381667,-83.32683611,2,1
37,119,7,9,0,1,1,1,0,1,11,1,0,25,0,1,3,3,4,60,1,1,2,1,0,0,3,1,0,0,23,58,0,3,88,88,0,0,0,0,1,5,1,370620,870,2009,99999,I-85,99999999999999999999,0000000,35.27998611,-80.78891944,1,1
37,133,7,4,23,31,1,3,0,0,4,3,0,42,0,3,4,1,2,55,1,1,2,1,20,3,2,1,0,0,23,21,23,34,0,44,0,0,0,0,1,7,1,370621,0,2009,99999,SR-50,RP-1105,0000000,34.64666111,-77.62471667,1,1
37,133,7,13,11,25,5,5,0,1,2,2,0,12,4,1,1,1,4,55,1,1,2,2,0,0,1,2,0,0,11,31,11,39,12,26,0,0,0,0,1,2,0,370622,0,2009,99999,US-258,99999999999999999999,0000000,34.80118889,-77.50384444,5,2
37,157,7,24,9,32,1,1,0,1,2,2,0,42,0,1,4,1,2,55,2,1,2,1,0,0,1,1,0,0,99,99,99,99,99,99,0,0,0,0,1,6,0,370623,0,2009,99999,US-158,99999999999999999999,0000000,36.29638056,-79.72658056,1,1
37,167,7,18,20,13,1,1,0,0,4,3,0,34,0,1,4,1,2,55,2,2,2,1,0,0,1,1,0,0,20,14,20,21,88,88,0,0,0,0,1,7,1,370624,0,2009,99999,SR-200,99999999999999999999,0000000,35.19351111,-80.39909444,1,1
37,169,7,4,20,37,1,1,0,0,6,4,0,1,0,1,2,1,2,55,2,1,2,1,0,0,5,1,0,0,20,32,20,45,88,88,0,0,0,0,1,7,1,370625,0,2009,99999,RP-2019,99999999999999999999,0000000,36.36566389,-80.23924722,1,1
37,169,7,19,18,52,1,2,0,0,5,4,0,1,0,1,2,1,2,55,2,2,2,1,0,0,1,1,0,0,19,2,19,12,20,37,0,0,0,0,1,1,1,370626,0,2009,99999,RP-2006,99999999999999999999,0000000,36.37290556,-80.31732778,1,1
37,165,4,22,13,0,4,6,0,0,5,6,0,12,5,2,1,1,2,55,1,1,2,1,20,3,1,1,0,0,13,54,14,4,14,36,0,0,0,0,1,4,0,370627,0,2009,99999,RP-1615,RP-1614,0000000,34.71840833,-79.48821944,4,1
37,51,5,21,21,7,2,4,0,0,16,6,0,12,4,2,1,1,2,55,1,1,2,1,20,3,2,1,0,0,99,99,99,99,99,99,0,0,0,0,1,5,1,370628,1670,2009,99999,STONEY POINT RD,BRADDY RD,0000000,34.99526944,-79.03718889,2,1
37,21,7,13,19,28,2,4,0,0,16,6,0,12,4,4,1,1,2,35,2,1,2,1,0,0,1,1,0,0,19,30,19,41,20,4,0,0,0,0,1,2,0,370629,170,2009,99999,BEAVERDAM RD,99999999999999999999,0000000,35.64299722,-82.53521944,2,1
37,21,7,17,15,53,1,2,1,0,2,4,0,8,0,1,1,1,2,55,1,1,2,1,0,0,1,1,0,0,99,99,99,99,88,88,0,0,0,0,1,6,0,370630,0,2009,99999,RP-2173,99999999999999999999,0000000,35.75403611,-82.39711667,1,1
37,37,7,22,6,30,2,1,0,0,2,3,0,53,0,1,4,1,2,55,2,1,2,1,0,0,1,1,0,0,6,19,6,30,88,88,0,0,0,0,1,4,0,370631,0,2009,99999,SR-751,99999999999999999999,0000000,35.80806944,-78.96423333,1,1
37,49,7,10,11,31,3,4,0,0,2,3,0,12,4,1,1,1,5,55,1,1,2,1,0,0,1,1,0,0,11,32,11,42,12,16,0,0,0,0,1,6,0,370632,0,2009,99999,SR-55,99999999999999999999,0000000,35.14433611,-76.78387778,3,1
37,51,7,25,4,8,1,2,1,0,16,6,0,8,0,1,1,1,5,45,1,1,2,1,0,0,3,1,0,0,4,4,4,11,4,33,0,0,0,0,1,7,0,370633,1670,2009,99999,SYCAMORE DAIRY RD,99999999999999999999,0000000,35.0678,-78.95298889,1,1
37,71,7,31,16,19,1,2,0,0,2,4,0,37,0,1,4,1,2,45,2,1,2,1,0,0,1,1,0,0,16,12,16,23,99,99,0,0,0,0,1,6,0,370634,0,2009,99999,RP-1403,99999999999999999999,0000000,35.29628333,-81.30775556,1,1
37,81,7,12,15,21,2,3,0,0,16,6,0,12,4,2,1,1,4,35,1,1,2,1,3,3,1,1,0,0,15,22,15,24,15,39,0,0,0,0,1,1,0,370635,2170,2009,99999,MAIN ST,ENGLISH RD,0000000,35.95952778,-80.00733333,2,1
37,89,7,6,15,40,2,7,0,0,2,4,0,12,3,2,1,1,2,45,1,1,2,1,20,3,1,1,0,0,15,37,15,50,16,8,0,0,0,0,1,2,0,370636,0,2009,99999,RP-1006,RP-1793,0000000,35.31421389,-82.39754722,2,1
37,93,7,26,9,56,3,1,0,0,2,4,0,53,0,1,4,1,2,55,1,1,2,1,0,0,1,1,0,0,99,99,99,99,99,99,0,0,0,0,1,1,0,370637,0,2009,99999,RP-1304,99999999999999999999,0000000,,,1,1
37,133,7,24,3,7,1,1,0,0,5,4,0,38,0,1,4,1,2,55,2,1,2,1,0,0,2,1,0,0,3,7,3,25,4,45,0,0,0,0,1,6,1,370638,0,2009,99999,RP-1213,99999999999999999999,0000000,34.74171944,-77.56733889,1,1
37,155,7,25,23,45,1,2,1,0,4,3,0,8,0,1,1,1,2,55,1,1,2,1,0,0,2,1,0,0,0,1,0,2,1,6,0,0,0,0,1,7,0,370639,0,2009,99999,SR-72,99999999999999999999,0000000,34.663875,-79.11153611,1,1
37,157,7,20,12,22,1,2,0,0,4,3,0,24,0,1,4,1,2,55,2,1,2,1,0,0,1,1,0,0,12,25,12,25,13,27,0,0,0,0,1,2,0,370640,0,2009,99999,SR-14,99999999999999999999,0000000,36.53212778,-79.77946111,1,1
37,179,7,29,9,45,2,3,0,0,5,4,0,12,5,2,1,1,2,45,1,1,2,1,20,3,1,1,0,0,9,43,9,49,10,45,0,0,0,0,1,4,0,370641,4922,2009,99999,RP-1346,RP-1338,0000000,35.00098611,-80.70268889,2,1
37,191,7,6,10,1,1,2,1,0,5,4,0,8,0,1,1,1,2,55,2,3,2,1,0,0,1,1,0,0,99,99,99,99,99,99,0,0,0,0,1,2,0,370642,0,2009,99999,RP-1229,99999999999999999999,0000000,35.44310278,-78.13888611,1,1
37,23,8,2,9,26,1,2,0,0,6,6,0,1,0,1,2,1,2,35,1,2,4,5,0,0,1,1,0,0,9,22,9,38,10,52,0,0,0,0,1,1,1,370643,0,2009,99999,1969,99999999999999999999,0000000,35.60651111,-81.78514444,1,1
37,53,8,2,18,28,2,2,0,1,2,2,0,12,2,1,1,1,4,55,1,1,2,2,0,0,1,2,0,0,18,20,18,30,99,99,0,0,0,0,1,1,0,370644,0,2009,99999,US-158,99999999999999999999,0000000,36.13492778,-75.83896667,2,2
37,101,8,1,16,21,2,3,0,0,5,4,0,12,2,1,1,1,2,55,1,1,2,1,0,0,1,1,0,0,16,18,16,22,99,99,0,0,0,0,1,7,0,370645,0,2009,99999,RP-1002,99999999999999999999,0000000,35.47938611,-78.147125,2,1
37,159,8,1,2,52,2,2,0,0,5,4,0,12,7,1,1,1,2,55,2,2,2,1,0,0,2,1,0,0,2,49,3,8,99,99,0,0,0,0,1,7,1,370646,0,2009,99999,RP-1752,99999999999999999999,0000000,35.64124444,-80.72400833,2,1
37,195,8,1,17,59,2,6,0,0,4,3,0,12,5,2,1,1,2,55,1,1,2,1,5,3,1,1,0,0,18,4,18,4,99,99,0,0,0,0,1,7,0,370647,0,2009,99999,SR-42,SR-581,0000000,35.67838889,-78.10772778,2,1
37,147,6,30,8,31,3,4,0,0,16,2,0,12,2,1,1,1,5,45,1,2,2,1,0,0,1,1,0,0,99,99,99,99,99,99,0,0,0,0,1,3,0,370648,1950,2009,99999,US-264,99999999999999999999,0000000,35.62493056,-77.21843611,3,1
37,7,7,19,16,0,2,4,0,1,2,2,0,12,4,2,1,2,4,60,1,2,2,1,20,3,1,1,0,0,15,59,16,11,16,30,0,0,0,0,1,1,1,370649,0,2009,99999,US-74,RP-1740,0000000,34.962075,-79.97480278,2,1
37,51,7,18,16,16,1,1,0,0,2,4,0,42,0,1,4,1,2,55,2,1,2,1,0,0,1,1,0,0,99,99,99,99,88,88,0,0,0,0,1,7,1,370650,0,2009,99999,RP-2252,99999999999999999999,0000000,34.88565,-78.89213611,1,1
37,65,7,22,15,36,1,1,0,0,2,3,0,32,0,1,4,1,2,55,2,2,2,1,0,0,1,1,0,0,99,99,99,99,88,88,0,0,0,0,1,4,0,370651,0,2009,99999,SR-42,99999999999999999999,0000000,35.76761667,-77.73333333,1,1
37,101,7,31,20,50,3,5,1,1,2,2,0,9,0,1,1,1,2,55,1,2,2,1,0,0,2,1,0,0,20,56,21,0,21,24,0,0,0,0,1,6,0,370652,0,2009,99999,US-301,99999999999999999999,0000000,35.60085833,-78.11588333,3,1
37,183,7,28,7,4,2,3,0,0,2,4,0,12,4,4,1,1,2,45,1,1,2,1,0,0,1,1,0,0,7,0,7,9,7,42,0,0,0,0,1,3,0,370653,0,2009,99999,RP-1844,99999999999999999999,0000000,35.97439444,-78.687,2,1
37,21,8,2,19,18,2,3,0,1,2,2,0,13,4,1,1,2,4,55,2,1,2,1,0,0,5,1,0,0,19,12,19,16,19,45,0,0,0,0,2,1,1,370654,0,2009,99999,US-25,99999999999999999999,0000000,35.73348333,-82.60937778,2,1
37,23,8,7,14,32,1,1,0,1,2,2,0,24,0,1,4,1,2,55,2,2,2,1,0,0,1,1,0,0,14,32,14,39,16,0,0,0,0,0,1,6,0,370655,0,2009,99999,US-70,99999999999999999999,0000000,35.72129167,-81.79080833,1,1
37,27,8,7,22,1,2,2,0,0,16,6,0,12,1,1,1,1,4,45,1,1,2,1,0,0,3,1,0,0,22,3,22,11,22,26,0,0,0,0,1,6,1,370656,2590,2009,99999,BLOWING ROCK BLVD,99999999999999999999,0000000,35.92191111,-81.52527222,2,1
37,31,8,10,9,10,3,3,0,0,4,3,0,12,2,1,1,1,4,55,1,1,2,1,0,0,1,1,0,0,9,9,9,10,10,32,0,14,0,0,1,2,0,370657,0,2009,99999,SR-24,99999999999999999999,0000000,34.72537222,-76.93714722,3,1
37,69,8,8,22,48,1,2,0,0,5,4,0,34,0,1,4,1,2,55,2,1,2,1,0,0,2,1,0,0,22,44,22,58,99,99,0,0,0,0,1,7,1,370658,0,2009,99999,RP-1405,99999999999999999999,0000000,36.26240833,-78.28359722,1,1
37,101,8,7,18,38,2,3,0,1,1,1,0,12,3,1,1,3,2,65,1,1,2,1,0,0,1,1,0,0,18,34,18,40,88,88,0,0,0,0,2,6,0,370659,0,2009,99999,I-95,99999999999999999999,0000000,35.581,-78.1435,2,1
37,111,8,9,1,5,1,1,0,0,5,4,0,34,0,1,4,1,2,45,2,2,2,1,0,0,2,1,0,0,0,56,1,12,2,53,0,0,0,0,1,1,1,370660,0,2009,99999,RP-1274,99999999999999999999,0000000,35.62193056,-82.18515833,1,1
37,155,8,2,5,25,1,2,1,0,5,4,0,8,0,1,1,1,2,55,1,1,2,1,0,0,2,1,0,0,6,12,6,29,6,39,0,0,0,0,1,1,0,370661,0,2009,99999,RP-2236,99999999999999999999,0000000,34.50492222,-79.09347222,1,1
37,189,8,8,3,0,1,1,0,1,2,2,0,34,0,1,5,1,2,55,2,2,2,9,0,0,2,1,0,0,99,99,99,99,88,88,0,0,0,0,1,7,1,370662,0,2009,99999,US-321,99999999999999999999,0000000,36.25546944,-81.84888611,1,1
37,75,5,24,11,45,1,1,0,0,4,3,0,24,0,1,4,1,2,55,2,2,2,1,0,0,1,1,0,0,11,37,12,1,12,20,0,0,0,0,1,1,0,370663,0,2009,99999,SR-143,99999999999999999999,0000000,35.34229444,-84.02901667,1,1
37,19,6,18,21,19,1,1,0,0,5,4,0,1,0,1,2,1,2,55,2,1,2,1,0,0,2,1,0,0,21,16,21,23,99,99,0,0,0,0,1,5,0,370664,0,2009,99999,RP-1137,99999999999999999999,0000000,33.92134167,-78.34210556,1,1
37,67,6,12,20,23,1,1,0,0,16,6,0,30,0,2,4,1,2,35,1,1,2,1,20,3,1,1,0,0,20,25,20,33,99,99,0,0,0,0,1,6,0,370665,5120,2009,99999,SPRAGUE STREET,TRYON STREET,0000000,36.06556111,-80.20551667,1,1
37,105,6,17,21,46,1,1,0,1,2,2,0,42,0,1,5,3,2,65,1,1,2,6,0,0,2,2,0,0,99,99,99,99,99,99,0,0,0,0,1,4,0,370666,0,2009,99999,US-1,99999999999999999999,0000000,35.57168056,-79.14271944,1,2
37,21,7,19,15,52,1,5,0,0,6,8,0,5,0,1,1,1,2,0,2,2,5,1,0,0,1,1,0,0,99,99,99,99,88,88,0,0,0,0,1,1,0,370667,0,2009,99999,FOREST SER RD #74,99999999999999999999,0000000,,,1,1
37,67,7,12,7,30,1,4,1,1,12,2,0,9,0,1,1,2,2,65,1,1,2,1,0,0,2,1,0,0,99,99,99,99,88,88,0,0,0,0,1,1,0,370668,5120,2009,99999,US-311,99999999999999999999,0000000,36.05034722,-80.13135833,1,1
37,183,7,11,11,25,1,4,1,0,16,6,0,9,0,2,1,1,2,45,1,1,2,1,0,0,1,1,0,0,99,99,99,99,99,99,0,0,0,0,1,7,0,370669,110,2009,99999,S. SALEM STREET,APEX PEAKWAY,0000000,35.72146111,-78.86496389,1,1
37,173,7,23,10,1,2,2,0,0,4,3,0,12,4,1,1,1,2,55,2,2,2,1,0,0,1,1,0,0,10,21,10,49,88,88,0,0,0,0,1,5,0,370670,0,2009,99999,SR-28,99999999999999999999,0000000,35.46486389,-83.92095556,2,1
37,191,8,7,20,12,2,1,0,0,6,8,0,53,0,1,4,1,2,0,2,1,2,1,0,0,3,1,0,0,20,0,20,15,20,51,0,0,0,0,1,6,1,370671,0,2009,99999,STARCREST DRIVE,99999999999999999999,0000000,35.45566111,-77.83983056,1,1
37,25,7,27,4,10,1,1,0,0,2,4,0,38,0,1,4,1,2,35,2,1,2,1,0,0,1,1,0,0,4,9,4,17,88,88,0,0,0,0,1,2,1,370672,0,2009,99999,RP-2180,99999999999999999999,0000000,35.49596667,-80.54686667,1,1
37,49,8,9,18,20,2,9,0,1,2,2,0,12,2,1,1,1,2,55,1,1,2,1,0,0,1,1,0,0,99,99,99,99,99,99,0,0,0,0,2,1,0,370673,0,2009,99999,US-17,99999999999999999999,0000000,35.30938333,-77.1587,2,1
37,73,8,6,13,5,2,2,0,1,2,2,0,12,4,2,1,1,2,55,1,1,2,2,20,3,1,2,1,0,99,99,99,99,99,99,0,0,0,0,1,5,0,370674,0,2009,99999,US-158,RP-1002,0000000,36.43564722,-76.73126111,2,2
37,85,8,1,15,11,1,2,1,0,2,4,0,8,0,1,1,1,2,55,1,1,2,1,0,0,1,1,0,0,99,99,99,99,99,99,0,0,0,0,1,7,0,370675,0,2009,99999,RP-2064,99999999999999999999,0000000,35.28290278,-78.91625278,1,1
37,155,8,2,22,30,1,3,2,1,1,1,0,8,0,1,2,3,2,65,1,1,2,1,0,0,2,1,0,0,22,32,22,41,22,58,0,0,0,0,1,1,0,370676,2770,2009,99999,I-95,99999999999999999999,0000000,34.63461944,-79.02422778,1,1
37,163,8,1,14,29,2,4,0,1,2,2,0,12,4,1,1,1,2,55,1,1,2,2,0,0,1,2,1,0,14,20,14,28,15,4,0,0,0,0,1,7,0,370677,0,2009,99999,US-421,99999999999999999999,0000000,34.85339722,-78.26196667,2,2
37,163,8,2,2,5,1,2,0,0,2,4,0,42,0,1,4,1,2,55,2,1,2,1,0,0,2,1,0,0,2,2,2,12,2,50,0,0,0,0,1,1,1,370678,0,2009,99999,RP-1934,99999999999999999999,0000000,34.95954167,-78.29252222,1,1
37,163,8,2,3,30,1,2,1,0,2,4,0,8,0,1,1,1,2,55,1,1,2,1,0,0,2,1,0,0,99,99,99,99,88,88,0,0,0,0,1,1,0,370679,0,2009,99999,RP-1714,99999999999999999999,0000000,35.19204722,-78.33080278,1,1
37,35,7,27,4,17,2,4,1,1,2,2,0,8,0,5,2,6,1,55,1,1,2,1,0,0,2,1,0,0,4,16,4,24,88,88,0,0,0,0,1,2,0,370680,0,2009,99999,US-321,99999999999999999999,0000000,35.75515,-81.37401667,1,1
37,81,7,27,2,53,2,5,0,1,12,2,0,27,0,1,4,3,4,55,2,2,2,2,0,0,3,1,0,0,2,51,2,58,3,22,0,0,0,0,1,2,0,370681,1940,2009,99999,US-29,99999999999999999999,0000000,36.11839444,-79.74889722,2,1
37,147,7,25,22,19,1,5,0,0,2,3,0,34,0,1,4,1,2,55,2,2,2,1,0,0,2,1,0,0,99,99,99,99,99,99,0,0,0,0,1,7,0,370682,0,2009,99999,SR-43,99999999999999999999,0000000,35.5054,-77.31559722,1,1
37,155,7,18,22,41,1,5,1,0,4,4,0,8,0,1,1,1,2,45,2,1,2,1,0,0,3,1,0,0,99,99,99,99,99,99,0,0,0,0,1,7,0,370683,0,2009,99999,RP-1515,99999999999999999999,0000000,34.70386944,-79.17194444,1,1
37,183,7,26,8,22,3,6,0,0,16,6,0,12,1,2,1,2,7,45,1,2,2,1,3,3,1,1,0,0,8,24,8,29,8,53,0,0,0,0,1,1,0,370684,3750,2009,99999,CAPITAL BLVD,OLD BUFFALOE RD,0000000,35.82929722,-78.58529167,3,1
37,25,8,11,13,19,1,1,0,0,2,4,0,42,0,1,4,1,2,45,1,1,2,1,0,0,1,1,0,0,99,99,99,99,99,99,0,0,0,0,1,3,0,370685,0,2009,99999,RP-1168,99999999999999999999,0000000,35.27365278,-80.64582778,1,1
37,31,8,7,10,33,2,2,0,1,2,2,0,12,4,2,1,2,4,55,1,1,2,1,20,3,1,1,0,0,10,18,10,23,10,36,0,0,0,0,1,6,0,370686,0,2009,99999,US-70,RP-1274,0000000,,,2,1
37,47,8,15,1,51,1,2,0,0,16,6,0,34,0,1,4,1,2,35,1,1,2,1,0,0,2,1,0,0,1,50,1,56,99,99,0,0,0,0,1,7,1,370687,1600,2009,99999,W BROOKS ST,99999999999999999999,0000000,34.30969722,-79.031525,1,1
37,61,8,5,21,51,1,2,1,0,4,3,0,8,0,1,1,1,2,55,1,1,1,1,0,0,2,1,0,0,21,48,21,57,22,15,0,0,0,0,1,4,1,370688,0,2009,99999,SR-11,99999999999999999999,0000000,35.05469722,-77.83285556,1,1
37,63,8,9,3,54,2,1,0,0,16,6,0,30,0,1,4,1,2,35,1,1,2,1,0,0,3,1,0,0,99,99,99,99,88,88,0,0,0,0,1,1,1,370689,1360,2009,99999,N HYDE PARK AVE,99999999999999999999,0000000,35.99632222,-78.88171111,1,1
37,67,8,1,12,47,1,1,0,0,16,6,0,33,0,1,4,1,2,35,2,2,2,1,0,0,1,1,0,0,12,48,12,54,99,99,0,0,0,0,1,7,0,370690,5120,2009,99999,EAST FIFTH STREET,99999999999999999999,0000000,36.10034722,-80.22339167,1,1
37,85,8,9,10,40,1,1,0,0,5,4,0,34,0,1,4,1,2,55,2,1,2,1,0,0,1,1,0,0,10,38,10,47,12,29,0,0,0,0,1,1,0,370691,0,2009,99999,RP-1229,99999999999999999999,0000000,35.36852778,-79.00814722,1,1
37,141,8,9,13,15,2,3,0,1,2,2,0,12,1,1,1,2,2,55,1,1,2,1,0,0,1,1,0,0,13,17,13,33,14,9,0,0,0,0,1,1,0,370692,0,2009,99999,US-421,99999999999999999999,0000000,34.38495556,-78.03065278,2,1
37,155,8,2,16,53,1,2,1,0,5,4,0,8,0,1,1,1,2,55,1,1,2,1,0,0,9,1,0,0,17,54,18,25,19,5,0,0,0,0,1,1,0,370693,0,2009,99999,RP-1710,99999999999999999999,0000000,34.90895,-79.04963611,1,1
37,157,8,13,1,20,1,1,0,0,6,4,0,42,0,1,4,1,2,55,2,2,2,1,0,0,2,1,0,0,99,99,99,99,99,99,0,0,0,0,1,5,1,370694,0,2009,99999,BAYNES ROAD,99999999999999999999,0000000,36.30241944,-79.82028611,1,1
37,159,8,13,18,44,2,2,0,0,5,4,0,12,5,2,1,1,2,55,1,1,2,1,5,3,1,1,0,0,18,43,18,55,99,99,0,0,0,0,1,5,0,370695,0,2009,99999,RP-1002,RP-1221,0000000,35.521575,-80.53223056,2,1
37,119,4,5,18,44,2,5,0,0,16,6,0,12,5,2,1,2,3,55,1,4,2,1,20,3,1,1,0,0,18,43,18,57,19,28,0,0,0,0,2,1,0,370696,870,2009,99999,YORK ROAD,RIVER POINT ROAD,0000000,35.09497222,-81.03005556,2,1
37,119,5,23,9,58,1,2,0,0,16,6,0,42,0,1,4,1,4,35,2,2,2,2,0,0,1,2,0,0,9,58,10,8,10,37,0,0,0,0,1,7,0,370697,870,2009,99999,WENDOVER ROAD,99999999999999999999,0000000,35.18660556,-80.8064,1,2
37,101,6,28,15,19,1,2,0,0,4,3,0,42,0,1,4,1,2,55,2,2,2,1,0,0,1,1,0,0,15,16,15,36,16,11,0,0,0,0,1,1,0,370698,0,2009,99999,SR-210,99999999999999999999,0000000,35.51905833,-78.68566944,1,1
37,119,6,13,14,55,1,1,1,0,16,6,0,8,0,1,1,1,2,25,1,2,2,1,0,0,1,1,0,0,99,99,99,99,88,88,0,0,0,0,1,7,0,370699,870,2009,99999,GINGER SPICE LANE,99999999999999999999,0000000,35.18485278,-80.69980556,1,1