STATE,COUNTY,MONTH,DAY,HOUR,MINUTE,VE_TOTAL,PERSONS,PEDS,NHS,ROAD_FNC,ROUTE,SP_JUR,HARM_EV,MAN_COLL,REL_JUNC,REL_ROAD,TRAF_FLO,NO_LANES,SP_LIMIT,ALIGNMNT,PROFILE,PAVE_TYP,SUR_COND,TRA_CONT,T_CONT_F,LGT_COND,WEATHER1,WEATHER2,WRK_ZONE,NOT_HOUR,NOT_MIN,ARR_HOUR,ARR_MIN,HOSP_HR,HOSP_MN,SCH_BUS,CF1,CF2,CF3,FATALS,DAY_WEEK,DRUNK_DR,ST_CASE,CITY,YEAR,MILEPT,TWAY_ID,TWAY_ID2,RAIL,LATITUDE,LONGITUD,VE_FORMS,WEATHER
37,119,6,15,9,59,3,9,0,0,16,6,0,12,7,3,1,2,3,35,1,1,2,1,3,3,1,1,0,0,9,59,10,13,10,36,0,0,0,0,1,2,0,370700,870,2009,99999,PARK AVE,SHARON ROAD,0000000,35.11806667,-80.85570556,3,1
37,119,6,21,22,0,2,4,0,0,16,6,0,12,5,2,1,2,2,45,1,1,2,1,3,3,3,1,0,0,22,0,22,10,23,0,0,0,0,0,1,1,1,370701,870,2009,99999,WILKINSON BLVD,SAM WILSON ROAD,0000000,35.24172778,-80.98372778,2,1
37,81,7,30,16,9,1,2,0,0,5,4,0,53,0,1,4,1,2,45,1,1,2,1,0,0,1,1,0,0,16,9,16,19,16,44,0,0,0,0,1,5,0,370703,4504,2009,99999,RP-2320,99999999999999999999,0000000,36.19455556,-79.87798611,1,1
37,119,7,15,17,18,2,2,0,0,16,6,0,12,5,8,1,3,2,45,1,1,2,1,0,0,1,1,0,0,17,17,17,32,18,0,0,0,0,0,1,4,0,370704,870,2009,99999,WILKINSON BLVD,99999999999999999999,0000000,35.24092222,-80.97833611,2,1
37,119,7,19,6,26,1,1,0,0,16,6,0,42,0,1,4,1,2,35,1,4,2,1,0,0,1,1,0,0,6,26,6,36,88,88,0,0,0,0,1,1,1,370705,870,2009,99999,SUNSET ROAD,99999999999999999999,0000000,35.31613333,-80.88490833,1,1
37,119,7,18,1,25,1,3,1,0,16,6,0,8,0,1,1,1,4,45,1,2,2,1,0,0,3,1,0,0,1,25,1,30,1,49,0,0,0,0,1,7,0,370706,0,2009,99999,SUGAR CREEK ROAD,99999999999999999999,0000000,35.25735833,-80.79459444,1,1
37,119,7,29,12,46,1,4,1,0,16,6,0,9,0,2,1,1,2,25,1,2,2,1,20,3,1,1,0,0,99,99,99,99,99,99,0,0,0,0,1,4,0,370707,870,2009,99999,RUSH AVE,BRICE STREET,0000000,35.24411944,-80.87591667,1,1
37,133,7,27,22,0,2,3,0,0,5,4,0,12,4,1,1,1,2,45,2,1,2,1,0,0,2,1,0,0,21,56,22,17,22,45,0,0,0,0,1,2,1,370708,0,2009,99999,RP-1509,99999999999999999999,0000000,34.6811,-77.18143056,2,1
37,193,7,22,16,19,2,2,0,0,4,3,0,1,0,1,1,1,2,55,2,2,2,2,0,0,1,1,0,0,16,14,16,35,99,99,0,0,0,0,1,4,1,370709,0,2009,99999,SR-18,99999999999999999999,0000000,36.13371667,-81.16368889,2,1
37,15,8,2,13,8,1,6,0,0,4,3,0,5,0,1,1,1,2,35,1,1,2,1,0,0,1,1,0,0,99,99,99,99,99,99,0,0,0,0,1,1,0,370710,0,2009,99999,SR-45,99999999999999999999,0000000,36.19920556,-76.76793889,1,1
37,57,8,15,0,59,1,1,0,0,5,4,0,37,0,2,4,1,2,55,1,1,2,1,20,3,2,1,0,0,0,57,1,3,2,10,0,0,0,0,1,7,1,370711,0,2009,99999,RP-2005,RP-2123,0000000,35.90052222,-80.06648056,1,1
37,81,8,8,17,55,1,1,0,0,16,6,0,33,0,3,4,3,2,45,1,2,2,1,0,0,1,1,0,0,17,50,17,56,18,17,0,0,0,0,1,7,0,370712,1940,2009,99999,WENDOVER AVE,HUFFINE MILL ROAD,0000000,36.08760278,-79.73708056,1,1
37,115,8,15,0,33,1,1,0,0,5,4,0,53,0,1,4,1,2,45,2,2,2,1,0,0,2,1,0,0,99,99,99,99,99,99,0,0,0,0,1,7,1,370713,0,2009,99999,RP-1565,99999999999999999999,0000000,35.78999444,-82.58353056,1,1
37,119,8,7,19,0,2,2,0,1,11,1,0,1,0,1,1,2,5,65,1,4,2,1,0,0,1,1,0,0,18,58,19,6,19,30,0,0,0,0,1,6,0,370714,870,2009,99999,I-77,99999999999999999999,0000000,35.12406944,-80.918275,2,1
37,135,8,6,11,28,2,2,0,0,16,6,0,12,2,2,1,1,2,25,1,1,2,1,3,3,1,1,0,0,11,26,11,41,12,4,0,0,0,0,1,5,0,370715,860,2009,99999,WILLOW DRIVE,US-15-501,0000000,35.93033889,-79.02411667,2,1
37,155,8,18,17,59,1,1,0,0,5,4,0,30,0,1,4,1,2,55,2,2,2,1,0,0,1,1,0,0,99,99,99,99,99,99,0,0,0,0,1,3,1,370716,0,2009,99999,RP-1003,99999999999999999999,0000000,34.68356389,-79.10325833,1,1
37,155,8,21,20,50,1,2,0,0,5,4,0,53,0,1,4,1,2,55,1,1,2,1,0,0,2,1,0,0,99,99,99,99,99,99,0,0,0,0,1,6,1,370717,0,2009,99999,RP-1001,99999999999999999999,0000000,34.74435556,-79.07288333,1,1
37,183,8,18,16,3,2,2,0,0,4,3,0,12,4,1,1,1,2,55,1,1,2,1,0,0,1,1,0,0,16,9,16,13,16,37,0,0,0,0,1,3,1,370718,0,2009,99999,SR-98,99999999999999999999,0000000,35.98053333,-78.60179167,2,1
37,191,8,8,15,15,1,1,0,0,5,4,0,37,0,1,4,1,2,45,1,1,2,1,0,0,1,1,0,0,15,12,15,15,15,44,0,0,0,0,1,7,0,370719,0,2009,99999,RP-1006,99999999999999999999,0000000,35.26410556,-78.193475,1,1
37,195,8,23,4,43,1,1,0,0,5,4,0,34,0,1,4,1,2,55,1,1,2,2,0,0,2,5,0,0,99,99,99,99,88,88,0,0,0,0,1,1,1,370720,0,2009,99999,RP-1418,99999999999999999999,0000000,35.78496389,-77.79945833,1,5
37,51,6,24,7,30,1,1,0,0,4,4,0,34,0,1,4,1,2,35,2,1,2,1,40,3,1,1,0,1,7,31,7,43,88,88,0,0,0,0,1,4,0,370721,0,2009,99999,RP-1710,99999999999999999999,0000000,35.18103333,-78.83540278,1,1
37,47,7,6,21,35,1,3,1,0,16,6,0,8,0,1,1,1,4,45,1,1,2,1,0,0,3,1,0,0,99,99,99,99,99,99,0,0,0,0,1,2,0,370722,5020,2009,99999,JEFFERSON ST,99999999999999999999,0000000,34.33861667,-78.69575556,1,1
37,1,8,13,8,17,1,5,0,0,2,4,0,34,0,1,4,1,2,55,1,1,2,1,0,0,1,1,0,0,8,14,8,24,99,99,0,0,0,0,1,5,0,370723,0,2009,99999,RP-1003,99999999999999999999,0000000,35.87841111,-79.34652222,1,1
37,21,8,17,22,4,1,1,0,1,11,1,0,42,0,1,4,3,4,65,2,1,2,1,0,0,2,1,0,0,22,34,22,42,23,38,0,0,0,0,1,2,0,370724,490,2009,99999,I-40,99999999999999999999,0000000,35.60699722,-82.33858056,1,1
37,21,8,21,17,30,1,2,0,0,2,4,0,42,0,1,4,1,2,55,2,1,2,1,0,0,1,1,0,0,17,47,18,21,18,59,0,0,0,0,1,6,0,370725,0,2009,99999,RP-2791,99999999999999999999,0000000,35.43780556,-82.24219444,1,1
37,35,8,18,13,42,2,3,0,1,2,2,0,13,2,1,1,3,4,55,1,1,2,1,0,0,1,1,0,0,13,41,13,49,99,99,0,0,0,0,1,3,0,370726,0,2009,99999,US-321,99999999999999999999,0000000,35.75473056,-81.37401667,2,1
37,45,8,15,21,55,1,2,1,0,2,3,0,8,0,1,1,1,2,55,1,1,2,1,0,0,2,1,0,0,99,99,99,99,99,99,0,0,0,0,1,7,0,370727,0,2009,99999,SR-10,99999999999999999999,0000000,35.42039167,-81.64463889,1,1
37,47,8,12,14,30,2,4,0,0,2,3,0,12,4,1,1,1,2,55,1,1,2,2,0,0,1,2,1,0,99,99,99,99,99,99,0,0,0,0,2,4,0,370728,0,2009,99999,SR-87,99999999999999999999,0000000,,,2,2
37,51,8,16,1,50,1,1,0,0,4,4,0,1,0,1,4,1,2,45,1,3,2,1,0,0,2,1,0,0,1,52,1,59,2,11,0,0,0,0,1,1,1,370729,0,2009,99999,RP-1107,99999999999999999999,0000000,35.0068,-78.99873611,1,1
37,57,8,15,12,35,2,2,0,0,2,3,0,12,4,2,1,1,2,55,1,1,2,1,20,3,1,1,0,0,12,29,12,44,13,27,0,0,0,0,1,7,0,370730,0,2009,99999,SR-150,RP-1147,0000000,35.85121389,-80.326625,2,1
37,59,8,14,18,6,2,2,0,0,2,4,0,12,4,2,1,1,2,55,1,4,2,1,20,3,1,1,0,0,18,6,18,13,99,99,0,0,0,0,1,6,1,370731,0,2009,99999,RP-1306,RP-1314,0000000,35.92436667,-80.63861944,2,1
37,69,8,17,10,35,1,3,0,0,4,4,0,42,0,1,4,1,2,55,2,4,2,1,0,0,1,1,0,0,10,23,10,27,99,99,0,0,0,0,1,2,0,370732,0,2009,99999,RP-1110,99999999999999999999,0000000,36.06491944,-78.3084,1,1
37,69,8,18,7,6,2,3,0,1,2,2,0,12,1,1,2,3,4,70,1,1,2,1,0,0,1,1,0,1,7,7,7,26,99,99,0,0,0,0,1,3,1,370733,0,2009,99999,US-64,99999999999999999999,0000000,,,2,1
37,73,8,21,12,15,1,1,0,0,5,4,0,42,0,1,4,1,2,55,1,1,2,1,0,0,1,1,0,0,12,43,13,10,13,42,0,0,0,0,1,6,1,370734,0,2009,99999,RP-1116,99999999999999999999,0000000,36.42515,-76.78023889,1,1
37,85,8,17,7,50,1,1,0,0,4,3,0,1,0,1,2,2,2,55,1,1,2,1,0,0,1,1,0,0,99,99,99,99,99,99,0,0,0,0,1,2,1,370735,0,2009,99999,SR-24,99999999999999999999,0000000,35.26675833,-79.05513889,1,1
37,89,8,16,21,26,1,3,0,0,5,4,0,42,0,1,4,1,2,35,2,1,2,2,0,0,2,2,0,0,21,31,21,44,22,6,0,0,0,0,1,1,0,370736,0,2009,99999,RP-1351,99999999999999999999,0000000,35.41292778,-82.56566667,1,2
37,95,8,23,21,2,1,1,0,0,5,4,0,1,0,1,4,1,2,55,1,1,2,2,0,0,2,1,0,0,20,56,21,8,99,99,0,0,0,0,1,1,1,370737,0,2009,99999,RP-1152,99999999999999999999,0000000,35.46731111,-76.44576667,1,1
37,133,8,22,23,50,1,2,0,0,5,4,0,34,0,1,4,1,2,55,2,1,2,2,0,0,2,2,0,0,23,44,23,48,1,31,0,0,0,0,1,7,1,370738,0,2009,99999,RP-1508,99999999999999999999,0000000,34.6629,-77.18251667,1,2
37,135,8,20,14,31,1,1,0,1,1,1,0,27,0,13,4,6,1,65,2,2,2,9,0,0,9,9,0,0,99,99,99,99,88,88,0,18,0,0,1,5,0,370739,0,2009,99999,I-40 OFF RAMP,I-85,0000000,36.06075556,-79.12838333,1,9
37,151,8,17,19,16,2,2,0,0,5,4,0,12,4,4,1,1,2,55,1,2,2,1,0,0,1,1,0,0,19,17,19,25,21,0,0,0,0,0,1,2,0,370740,0,2009,99999,RP-1344,99999999999999999999,0000000,,,2,1
37,151,8,14,21,44,2,4,0,0,5,4,0,12,2,1,1,1,2,55,2,2,2,1,0,0,2,1,0,0,21,36,21,42,22,1,0,0,0,0,2,6,2,370741,0,2009,99999,RP-1193,99999999999999999999,0000000,35.68271111,-79.85138056,2,1
37,155,8,22,0,25,1,3,0,0,4,3,0,30,0,1,4,1,2,55,2,1,2,1,0,0,2,1,0,0,0,40,0,44,1,0,0,0,0,0,1,7,1,370742,0,2009,99999,SR-211,99999999999999999999,0000000,34.70859722,-79.07109167,1,1
37,163,8,14,12,26,2,3,0,0,4,3,0,12,2,1,1,1,2,55,1,1,2,2,0,0,1,2,0,0,12,26,12,40,13,8,0,0,0,0,1,6,0,370743,0,2009,99999,SR-24,99999999999999999999,0000000,34.96048333,-78.45392778,2,2
37,175,8,11,18,13,1,1,0,0,5,4,0,37,0,1,4,1,2,55,2,1,2,1,0,0,1,1,0,0,18,14,18,22,99,99,0,0,0,0,1,3,1,370744,0,2009,99999,RP-1388,99999999999999999999,0000000,,,1,1
37,189,8,9,13,0,1,7,0,0,5,4,0,1,0,1,1,1,2,55,2,1,2,1,0,0,1,1,0,0,99,99,99,99,99,99,0,0,0,0,2,1,0,370745,0,2009,99999,RP-1359,99999999999999999999,0000000,36.26797778,-81.55009722,1,1
37,195,8,22,20,40,1,2,0,0,4,3,0,34,0,1,4,1,2,55,1,1,2,2,0,0,2,2,0,0,99,99,99,99,99,99,0,0,0,0,1,7,1,370746,0,2009,99999,SR-42,99999999999999999999,0000000,,,1,2
37,85,6,22,2,3,1,1,0,0,2,3,0,27,0,1,4,1,2,55,2,1,2,1,0,0,2,1,0,0,2,4,2,12,88,88,0,0,0,0,1,2,1,370747,0,2009,99999,SR-217,99999999999999999999,0000000,35.27000833,-78.74021667,1,1
37,129,6,17,21,13,1,4,0,0,4,4,0,34,0,1,4,1,2,45,1,1,2,1,0,0,2,1,0,0,21,11,21,15,99,99,0,0,0,0,1,4,0,370748,0,2009,99999,RP-1175,99999999999999999999,0000000,34.25593889,-77.88954722,1,1
37,23,8,31,14,19,1,1,0,0,4,4,0,30,0,1,4,1,2,45,2,2,2,1,0,0,1,1,0,0,14,16,14,24,99,99,0,0,0,0,1,2,0,370749,0,2009,99999,RP-1786,99999999999999999999,0000000,35.66496667,-81.53245833,1,1
37,25,8,20,6,1,2,3,0,0,16,6,0,12,4,2,1,1,4,55,1,1,2,1,3,3,3,1,0,0,5,57,6,4,6,38,0,0,0,0,2,5,1,370750,1040,2009,99999,CONCORD PKWY,ROBERTA CHURCH RD,0000000,35.38247222,-80.64823056,2,1
37,25,8,22,11,39,2,6,0,0,16,6,0,12,4,2,1,2,4,45,1,1,2,1,3,3,1,1,0,0,11,37,11,44,12,6,0,0,0,0,1,7,0,370751,1040,2009,99999,CONCORD PKWY,MCGILL AVE NW,0000000,35.41458611,-80.61329722,2,1
37,61,8,9,23,12,2,8,4,1,1,1,0,14,1,1,2,3,4,70,1,1,2,1,0,0,2,1,0,0,23,4,23,11,23,53,0,0,0,0,1,1,1,370752,0,2009,99999,I-40,99999999999999999999,0000000,34.76361389,-77.95906944,1,1
37,65,8,23,18,38,1,1,0,0,2,3,0,34,0,1,4,1,2,55,1,1,2,1,0,0,1,1,0,0,18,31,18,48,19,29,0,0,0,0,1,1,0,370753,0,2009,99999,SR-11,99999999999999999999,0000000,35.77165556,-77.36795556,1,1
37,89,8,20,15,36,4,4,0,1,2,2,0,12,8,1,1,1,2,45,2,2,2,1,0,0,1,1,0,0,15,40,15,44,15,57,0,0,0,0,1,5,0,370754,0,2009,99999,US-64,99999999999999999999,0000000,35.32184722,-82.47951389,4,1
37,89,8,21,17,59,5,6,0,1,2,2,0,12,1,3,1,1,5,50,1,3,2,1,3,3,1,1,0,0,17,40,17,56,18,12,0,0,0,0,1,6,0,370755,0,2009,99999,US-25,RP-1511,0000000,35.31904722,-82.46131944,5,1
37,125,8,28,17,22,1,1,0,0,4,4,0,42,0,1,4,1,2,55,1,2,2,1,0,0,1,1,0,0,99,99,99,99,99,99,0,0,0,0,1,6,0,370756,0,2009,99999,RP-1405,99999999999999999999,0000000,,,1,1
37,147,8,28,2,33,1,2,0,0,4,4,0,1,0,1,1,1,2,55,1,1,2,1,0,0,2,1,0,0,2,32,2,39,99,99,0,0,0,0,1,6,1,370757,0,2009,99999,RP-1711,99999999999999999999,0000000,35.52510278,-77.38503333,1,1
37,183,8,29,17,7,1,1,0,1,2,2,0,24,0,1,4,3,4,70,1,1,2,1,0,0,1,1,0,0,17,0,17,7,88,88,0,0,0,0,1,7,0,370758,0,2009,99999,US-64,99999999999999999999,0000000,35.81781389,-78.39818056,1,1
37,189,8,29,0,39,1,1,0,0,5,9,0,1,0,1,5,1,9,0,1,1,2,2,0,0,2,1,0,0,99,99,99,99,99,99,0,0,0,0,1,7,1,370759,0,2009,99999,OLD FORD TRAIL,99999999999999999999,0000000,36.19289167,-81.759225,1,1
37,101,6,13,17,45,2,4,0,1,1,1,0,12,7,1,1,3,4,65,1,1,2,1,0,0,1,1,0,0,99,99,99,99,99,99,0,0,0,0,1,7,1,370760,0,2009,99999,I-95,99999999999999999999,0000000,35.38065278,-78.53370556,2,1
37,119,7,25,1,20,1,2,1,1,11,1,0,8,0,5,99,6,2,65,1,1,2,1,0,0,2,1,0,0,99,99,99,99,99,99,0,0,0,0,1,7,0,370761,870,2009,99999,I-485,99999999999999999999,0000000,35.15023056,-80.63690278,1,1
37,1,8,29,8,21,1,2,0,0,4,4,0,42,0,1,4,1,2,55,1,1,2,1,0,0,1,1,0,0,8,17,8,28,9,54,0,0,0,0,1,7,0,370762,0,2009,99999,RP-1002,99999999999999999999,0000000,36.18208611,-79.33553611,1,1
37,35,8,27,21,59,1,2,0,0,16,6,0,42,0,1,4,1,3,35,1,1,2,1,0,0,3,1,0,0,22,1,22,7,22,32,0,0,0,0,1,5,0,370763,2150,2009,99999,29TH AVE,99999999999999999999,0000000,35.76698889,-81.27565278,1,1
37,63,8,29,22,29,1,1,0,0,16,6,0,30,0,1,4,1,2,45,2,1,2,1,0,0,2,1,0,0,22,27,22,32,23,1,0,0,0,0,1,7,1,370764,1360,2009,99999,FAYETTEVILLE RD,99999999999999999999,0000000,35.93506944,-78.90878611,1,1
37,101,8,28,17,12,2,2,0,1,2,2,0,13,8,1,1,2,4,55,1,1,2,2,0,0,1,2,1,0,17,5,17,16,17,48,0,0,0,0,1,6,0,370765,0,2009,99999,US-70,99999999999999999999,0000000,35.50805556,-78.28265278,2,2
37,133,8,13,14,10,1,1,0,0,4,4,0,1,0,1,1,1,2,55,2,1,2,1,0,0,1,1,0,0,14,10,14,31,16,45,0,0,0,0,1,5,0,370766,0,2009,99999,RP-1553,99999999999999999999,0000000,34.51638611,-77.38177222,1,1
37,133,8,24,19,52,2,6,0,1,2,2,0,12,4,2,1,2,5,45,1,1,2,1,20,3,5,1,0,0,99,99,99,99,99,99,0,0,0,0,1,2,1,370767,0,2009,99999,US-258,RP-1212,0000000,34.77841944,-77.494125,2,1
37,159,8,16,2,30,3,7,0,1,1,1,0,12,7,1,1,3,7,65,1,2,2,1,0,0,2,1,0,0,99,99,99,99,99,99,0,0,0,0,1,1,0,370768,0,2009,99999,I-85,99999999999999999999,0000000,35.58396667,-80.55107222,3,1
37,159,8,29,1,55,1,2,0,0,4,4,0,53,0,1,4,1,2,55,2,2,2,1,0,0,2,1,0,0,99,99,99,99,99,99,0,0,0,0,1,7,1,370769,0,2009,99999,RP-1355,99999999999999999999,0000000,35.55178056,-80.72058611,1,1
37,171,8,19,1,5,1,4,0,0,4,4,0,42,0,1,4,1,2,55,2,2,2,1,0,0,2,1,0,0,1,2,1,10,99,99,0,0,0,0,1,4,0,370770,0,2009,99999,RP-1724,99999999999999999999,0000000,36.54260556,-80.57458889,1,1
37,181,8,16,9,2,1,4,0,1,1,1,0,57,0,1,3,3,4,65,1,1,2,1,0,0,1,1,0,0,9,3,9,4,9,38,0,0,0,0,1,1,0,370771,0,2009,99999,I-85,99999999999999999999,0000000,36.35135556,-78.38959722,1,1
37,183,8,19,13,40,1,2,1,0,16,6,0,8,0,2,1,1,2,20,1,1,2,1,38,3,1,1,0,0,13,40,13,46,14,1,1,0,0,0,1,4,0,370772,3750,2009,99999,NORTH HILLS DR,HILLOCK DR,0000000,35.84036111,-78.67189444,1,1
37,183,8,18,18,2,2,3,0,0,16,6,0,12,8,2,1,3,7,35,1,1,2,1,3,3,1,1,0,0,18,3,18,17,18,29,0,0,0,0,1,3,0,370773,3750,2009,99999,LAKE WHEELER RD,CENTENNIAL PKWY,0000000,35.76127778,-78.66168056,2,1
37,183,8,27,21,35,2,2,0,0,16,6,0,12,2,2,1,2,5,45,1,1,2,1,3,3,3,1,0,0,20,55,21,5,21,8,0,0,0,0,1,5,0,370774,3750,2009,99999,RALEIGH BLVD,MILBURNIE RD,0000000,35.78829722,-78.61387222,2,1
37,105,3,25,21,23,1,2,1,0,16,6,0,8,0,1,1,1,2,35,1,1,2,2,0,0,2,2,0,0,99,99,99,99,99,99,0,0,0,0,1,4,0,370775,4090,2009,99999,HUMBER STREET,99999999999999999999,0000000,35.45867222,-79.15029722,1,2
37,61,7,27,13,41,1,2,1,0,16,5,0,8,0,1,2,1,2,35,1,1,2,1,0,0,1,1,0,0,13,42,13,53,99,99,0,0,0,0,1,2,0,370776,2840,2009,99999,SAMPSON STREET,99999999999999999999,0000000,34.89371389,-78.04995278,1,1
37,51,8,28,1,13,1,2,0,0,4,3,0,39,0,1,4,1,2,55,2,1,2,1,0,0,2,1,0,0,99,99,99,99,88,88,0,0,0,0,2,6,1,370777,0,2009,99999,SR-53,99999999999999999999,0000000,34.90534444,-78.73351944,1,1
37,67,8,25,11,57,1,1,0,0,5,4,0,1,0,1,2,1,2,55,1,2,2,1,0,0,1,1,0,0,11,54,12,0,12,25,0,0,0,0,1,3,0,370778,4604,2009,99999,RP-1898,99999999999999999999,0000000,36.22537222,-80.34220278,1,1
37,141,8,27,11,4,2,2,0,1,2,2,0,12,4,1,1,1,2,55,1,1,2,1,0,0,1,1,0,0,99,99,99,99,99,99,0,0,0,0,1,5,0,370779,0,2009,99999,US-421,99999999999999999999,0000000,34.55983056,-78.09384722,2,1
37,155,8,24,18,7,2,2,0,0,5,4,0,12,2,1,1,1,2,55,2,1,2,1,0,0,1,1,0,0,99,99,99,99,99,99,0,0,0,0,1,2,0,370780,0,2009,99999,RP-1529,99999999999999999999,0000000,34.68245278,-79.05353889,2,1
37,27,9,4,5,36,2,2,0,1,2,2,0,12,1,1,1,1,4,50,1,1,2,1,0,0,2,1,0,0,5,35,5,45,7,4,0,0,0,0,1,6,0,370781,0,2009,99999,US-64,99999999999999999999,0000000,35.8854,-81.58273333,2,1
37,119,8,25,18,37,2,3,0,0,16,6,0,12,5,2,1,2,2,55,1,1,2,1,20,3,1,1,0,0,99,99,99,99,99,99,0,0,0,0,1,3,0,370782,870,2009,99999,BROOKSHIRE BLVD,OLD PLANK ROAD,0000000,35.3008,-80.92028056,2,1
37,147,8,2,3,48,2,2,0,1,2,2,0,12,1,1,1,2,2,55,1,1,2,1,0,0,2,1,0,0,99,99,99,99,99,99,0,0,0,0,1,1,1,370783,0,2009,99999,US-264,99999999999999999999,0000000,35.62658889,-77.19871667,2,1
37,183,8,29,2,19,2,4,0,0,16,6,0,12,5,3,1,1,2,45,1,2,2,2,0,0,2,1,0,0,99,99,99,99,99,99,0,0,0,0,1,7,2,370784,3750,2009,99999,OLD WAKE FOREST ROAD,ZACHARY BROOK ROAD,0000000,35.84715556,-78.60771667,2,1
37,45,9,11,5,58,1,1,0,0,5,4,0,37,0,1,4,1,2,55,2,2,2,1,0,0,2,1,0,0,99,99,99,99,99,99,0,0,0,0,1,6,0,370785,0,2009,99999,RP--1376,99999999999999999999,0000000,35.43088333,-81.67485278,1,1
37,57,9,11,23,3,2,3,0,0,5,4,0,12,2,3,1,1,2,55,1,1,2,9,0,0,2,1,0,0,23,1,23,5,23,31,0,0,0,0,1,6,1,370786,0,2009,99999,RP-1507,EDGEWOOD LANE,0000000,35.95854722,-80.23479167,2,1
37,67,9,10,0,39,2,2,0,0,16,6,0,12,5,2,1,2,2,35,1,1,2,1,4,3,3,1,0,0,99,99,99,99,99,99,0,0,0,0,1,5,0,370787,5120,2009,99999,AKRON DRIVE,SHERATON STREET,0000000,36.13691389,-80.24145278,2,1
37,71,9,6,18,34,1,1,0,0,5,4,0,34,0,1,4,1,2,35,2,1,2,1,0,0,1,1,0,0,18,32,18,40,88,88,0,0,0,0,1,1,0,370788,0,2009,99999,RP-1860,99999999999999999999,0000000,35.35584167,-81.111675,1,1
37,81,9,4,4,29,2,3,0,0,16,6,0,12,5,2,1,1,2,35,1,2,2,1,4,3,3,1,0,0,4,29,4,35,5,4,0,0,0,0,1,6,1,370789,1940,2009,99999,MARTIN LUTHER KING D,BENNOW ROAD,0000000,36.04882222,-79.77613333,2,1
37,81,9,7,20,27,1,1,0,0,16,6,0,30,0,1,4,1,4,45,2,2,2,1,0,0,3,1,0,0,99,99,99,99,99,99,0,0,0,0,1,2,1,370790,2170,2009,99999,WESTCHESTER DRIVE,99999999999999999999,0000000,35.98188333,-80.03109167,1,1
37,87,9,4,16,53,2,4,0,1,2,2,0,12,2,1,1,2,3,50,2,2,2,1,0,0,1,1,0,0,16,56,17,5,99,99,0,0,0,0,2,6,0,370791,0,2009,99999,US-19,99999999999999999999,0000000,35.50728611,-83.14393056,2,1
37,93,9,5,22,35,1,2,1,1,2,2,0,8,0,1,1,2,2,55,1,1,2,1,0,0,2,1,0,0,99,99,99,99,88,88,0,0,0,0,1,7,0,370792,0,2009,99999,US-401,99999999999999999999,0000000,35.03168333,-79.12580833,1,1
37,103,9,7,10,11,2,2,0,1,2,2,0,12,4,1,1,1,2,55,1,1,2,2,0,0,1,2,0,0,10,3,10,14,11,26,0,0,0,0,1,2,0,370793,0,2009,99999,US-17,99999999999999999999,0000000,35.05283611,-77.20753611,2,2
37,117,9,11,15,5,2,2,0,1,2,2,0,12,5,2,1,2,2,55,2,3,2,1,20,3,1,1,0,2,99,99,99,99,99,99,0,0,0,0,1,6,0,370794,2350,2009,99999,US-64,US-64A,0000000,35.80789444,-76.88794722,2,1
37,127,9,7,11,41,2,2,0,0,4,3,0,12,2,1,1,1,2,55,1,1,2,2,0,0,1,1,0,0,11,35,11,37,99,99,0,0,0,0,1,2,0,370795,0,2009,99999,SR-43,99999999999999999999,0000000,36.04781389,-77.91220556,2,1
37,129,9,10,20,56,1,2,1,1,2,2,0,8,0,1,1,2,2,50,1,2,2,1,0,0,2,1,0,0,99,99,99,99,88,88,0,0,0,0,1,5,0,370796,0,2009,99999,US-74,99999999999999999999,0000000,34.25232222,-77.94664722,1,1
37,155,9,5,2,48,1,1,0,0,5,4,0,42,0,1,4,1,2,55,2,1,2,1,0,0,2,1,0,0,2,48,2,59,3,57,0,0,0,0,1,7,1,370797,0,2009,99999,RP-1318,99999999999999999999,0000000,34.82775556,-79.25665833,1,1
37,183,9,11,20,35,2,2,0,0,16,6,0,12,1,3,1,2,4,45,1,2,2,1,3,3,2,1,0,0,99,99,99,99,99,99,0,0,0,0,1,6,1,370798,3750,2009,99999,STRICKLAND ROAD,LEAD MINE ROAD,0000000,35.90245833,-78.66290278,2,1
37,183,9,12,17,41,2,3,0,0,5,4,0,12,9,4,1,1,2,45,1,1,2,1,20,3,1,1,0,0,17,43,17,50,18,17,0,0,0,0,1,7,0,370799,800,2009,99999,RP-1379,99999999999999999999,0000000,35.71516667,-78.79734722,2,1
37,183,9,12,15,36,1,3,1,0,16,6,0,15,0,1,1,1,2,25,1,1,2,1,0,0,1,1,0,0,15,34,15,54,16,5,0,0,0,0,1,7,0,370800,800,2009,99999,COUNCIL GAP ROAD,99999999999999999999,0000000,35.79707778,-78.84581944,1,1
37,191,9,15,11,18,2,3,0,1,2,2,0,12,5,2,1,3,2,55,1,1,2,1,20,3,1,1,0,0,11,4,11,9,11,39,0,0,0,0,1,3,0,370801,0,2009,99999,US-117,RP-1135,0000000,,,2,1
37,141,8,26,12,53,2,4,1,1,1,1,0,8,0,1,2,3,2,70,1,1,2,1,0,0,1,1,0,0,12,50,13,2,99,99,0,15,0,0,1,4,0,370802,0,2009,99999,I-40,99999999999999999999,0000000,34.57336944,-77.90748611,1,1