STATE,COUNTY,MONTH,DAY,HOUR,MINUTE,VE_TOTAL,PERSONS,PEDS,NHS,ROAD_FNC,ROUTE,SP_JUR,HARM_EV,MAN_COLL,REL_JUNC,REL_ROAD,TRAF_FLO,NO_LANES,SP_LIMIT,ALIGNMNT,PROFILE,PAVE_TYP,SUR_COND,TRA_CONT,T_CONT_F,LGT_COND,WEATHER1,WEATHER2,WRK_ZONE,NOT_HOUR,NOT_MIN,ARR_HOUR,ARR_MIN,HOSP_HR,HOSP_MN,SCH_BUS,CF1,CF2,CF3,FATALS,DAY_WEEK,DRUNK_DR,ST_CASE,CITY,YEAR,MILEPT,TWAY_ID,TWAY_ID2,RAIL,LATITUDE,LONGITUD,VE_FORMS,WEATHER
37,55,9,11,19,58,1,2,1,0,4,3,0,8,0,1,1,1,2,35,1,1,2,1,0,0,3,1,0,0,19,59,20,4,20,22,0,0,0,0,1,6,0,370803,2435,2009,99999,SR-12,99999999999999999999,0000000,35.99364167,-75.64893611,1,1
37,83,9,19,4,31,1,1,0,0,5,4,0,34,0,1,4,1,2,55,2,2,2,1,0,0,2,1,0,0,4,26,4,33,5,29,0,0,0,0,1,7,1,370804,0,2009,99999,RP-1327,99999999999999999999,0000000,36.22423056,-77.93379444,1,1
37,97,9,16,15,5,2,3,0,0,4,3,0,12,2,1,1,1,2,55,1,1,2,2,0,0,1,1,0,0,15,0,15,5,99,99,0,0,0,0,2,4,0,370805,0,2009,99999,SR-901,99999999999999999999,0000000,35.98161667,-80.796375,2,1
37,97,9,3,1,1,1,1,0,0,16,6,0,1,0,1,1,1,2,45,1,1,2,1,0,0,2,1,0,0,0,57,1,7,88,88,0,0,0,0,1,5,1,370806,3110,2009,99999,WATERLYNN ROAD,99999999999999999999,0000000,35.55533889,-80.84229444,1,1
37,129,9,3,20,20,1,1,0,0,16,6,0,1,0,1,1,2,3,55,1,1,2,1,0,0,2,1,0,0,20,20,20,24,20,52,0,0,0,0,1,5,0,370807,5060,2009,99999,MARTIN LUTHER KING P,99999999999999999999,0000000,34.25446667,-77.86828333,1,1
37,147,9,14,4,48,2,3,0,0,5,4,0,12,1,1,1,1,2,55,1,1,2,1,0,0,2,1,0,0,99,99,99,99,99,99,0,0,0,0,1,2,0,370808,0,2009,99999,RP-1565,99999999999999999999,0000000,35.58986389,-77.16539444,2,1
37,157,9,2,14,53,2,2,0,1,2,2,0,12,5,2,1,2,2,55,1,1,2,1,20,3,1,1,0,1,14,49,15,0,99,99,0,0,0,0,1,4,0,370809,0,2009,99999,US-29,RP-2427,0000000,36.24542222,-79.66670278,2,1
37,157,9,20,18,37,1,1,0,0,4,3,0,38,0,1,4,1,2,50,2,2,2,1,0,0,2,1,0,0,18,33,18,50,19,52,0,0,0,0,1,1,1,370810,0,2009,99999,SR-700,99999999999999999999,0000000,36.53057222,-79.51981667,1,1
37,171,9,15,19,5,2,4,0,1,1,1,0,12,1,1,1,3,2,65,1,2,2,1,0,0,1,1,0,0,19,6,19,16,21,4,0,0,0,0,1,3,0,370811,0,2009,99999,I-74,99999999999999999999,0000000,36.47465278,-80.69806667,2,1
37,181,9,16,17,28,1,2,1,1,2,2,0,8,0,1,1,1,2,35,1,1,2,2,0,0,1,1,0,0,17,22,17,29,17,52,0,0,0,0,1,4,0,370812,0,2009,99999,US-1,99999999999999999999,0000000,36.28086667,-78.39379167,1,1
37,191,9,19,19,1,1,1,0,0,5,4,0,34,0,1,4,1,2,55,2,1,2,1,0,0,1,1,0,0,19,0,19,10,19,42,0,0,0,0,1,7,1,370813,0,2009,99999,RP-1719,99999999999999999999,0000000,35.37383056,-77.84628889,1,1
37,191,9,20,12,15,2,4,0,0,4,3,0,12,2,2,1,1,2,45,1,1,2,1,0,0,1,1,0,0,12,16,12,23,13,16,0,0,0,0,1,1,0,370814,0,2009,99999,SR-581,RP-1337,0000000,35.52517222,-78.06631667,2,1
37,193,9,4,14,8,2,2,0,0,4,3,0,12,5,2,1,1,2,55,1,1,2,1,3,3,1,1,0,0,14,12,14,21,14,38,0,0,0,0,1,6,0,370815,0,2009,99999,SR-16,RP-2467,0000000,36.09778333,-81.17654167,2,1
37,193,9,10,8,11,2,2,0,0,4,3,0,12,4,1,1,1,2,55,2,1,2,2,0,0,1,2,0,0,7,58,8,19,9,55,0,0,0,0,1,5,0,370816,0,2009,99999,SR-268,99999999999999999999,0000000,36.21036389,-80.97996667,2,2
37,163,7,27,17,7,2,6,0,0,4,3,0,12,2,1,1,1,2,55,1,2,2,2,0,0,1,2,1,0,16,59,17,7,17,39,0,0,0,0,2,2,0,370817,0,2009,99999,SR-24,99999999999999999999,0000000,34.99787222,-78.30951667,2,2
37,101,8,5,19,22,2,1,0,1,11,1,0,14,7,1,2,3,4,65,1,1,2,1,0,0,1,1,0,0,99,99,99,99,99,99,0,0,0,0,1,4,1,370818,4230,2009,99999,I-95,99999999999999999999,0000000,35.50798611,-78.31398056,1,1
37,19,9,14,20,33,1,2,1,0,4,4,0,8,0,1,2,2,2,55,2,1,2,1,0,0,2,1,0,0,20,33,20,44,99,99,0,0,0,0,1,2,1,370819,0,2009,99999,RP-1317,99999999999999999999,0000000,34.03231944,-78.03194167,1,1
37,25,9,5,7,35,1,2,1,0,16,6,0,8,0,1,2,1,2,35,1,1,2,1,0,0,1,1,0,0,7,31,7,36,8,8,0,0,0,0,1,7,0,370820,2390,2009,99999,PINE ST,99999999999999999999,0000000,35.49918056,-80.63063611,1,1
37,37,9,21,13,15,1,1,0,0,4,4,0,38,0,1,4,1,2,55,1,2,2,1,0,0,1,1,0,0,13,9,13,14,13,32,0,0,0,0,1,2,0,370821,0,2009,99999,RP-1003,99999999999999999999,0000000,35.73689722,-79.41261389,1,1
37,61,9,10,20,37,1,2,1,1,2,2,0,8,0,1,1,1,2,55,1,1,2,1,0,0,2,1,0,0,20,40,20,45,99,99,0,0,0,0,1,5,0,370822,0,2009,99999,US-117,99999999999999999999,0000000,34.93105,-78.068075,1,1
37,89,9,14,14,30,2,4,0,0,4,4,0,12,2,1,1,1,2,45,2,3,2,1,0,0,1,1,0,0,14,35,14,42,15,2,0,0,0,0,2,2,0,370823,0,2009,99999,RP-1006,99999999999999999999,0000000,35.3236,-82.40698889,2,1
37,101,9,19,20,0,2,2,0,0,5,4,0,1,0,1,4,1,2,55,2,1,2,1,0,0,5,1,0,0,20,28,20,40,99,99,0,0,0,0,1,7,2,370824,0,2009,99999,RP-1947,99999999999999999999,0000000,35.63843056,-78.28110833,2,1
37,119,9,19,6,40,1,4,0,1,11,1,0,24,0,1,4,3,4,65,1,1,2,1,0,0,4,1,0,0,99,99,99,99,99,99,0,0,0,0,1,7,0,370825,870,2009,99999,I-485,99999999999999999999,0000000,35.1456,-80.93765278,1,1
37,133,9,12,21,30,1,2,1,0,5,4,0,8,0,1,1,1,2,45,1,1,2,1,0,0,2,1,0,0,21,33,21,39,22,3,0,0,0,0,1,7,1,370826,0,2009,99999,RP-1213,99999999999999999999,0000000,34.75614167,-77.48494167,1,1
37,155,9,7,1,29,1,1,0,0,5,4,0,33,0,1,10,1,4,45,1,1,2,1,0,0,3,1,0,0,1,26,1,29,1,57,0,0,0,0,1,2,1,370827,0,2009,99999,RP-1340,99999999999999999999,0000000,34.68765833,-79.19910833,1,1
37,159,9,9,13,38,2,2,0,0,5,4,0,12,2,1,1,1,2,55,2,1,2,1,0,0,1,1,0,0,99,99,99,99,99,99,0,0,0,0,1,4,0,370828,0,2009,99999,RP-1004,99999999999999999999,0000000,35.61385556,-80.37793889,2,1
37,163,9,2,11,49,1,1,0,0,5,4,0,1,0,1,1,1,2,55,2,2,2,1,0,0,1,1,0,0,11,41,11,50,12,15,0,0,0,0,1,4,0,370829,0,2009,99999,RP-1933,99999999999999999999,0000000,34.96736944,-78.24634444,1,1
37,175,9,11,15,36,2,3,0,1,2,2,0,12,8,1,1,1,2,55,1,1,2,1,0,0,1,1,0,0,15,36,15,51,88,88,0,0,0,0,1,6,0,370830,0,2009,99999,US-64,99999999999999999999,0000000,35.14716111,-82.83371667,2,1
37,7,9,18,16,30,1,4,0,0,4,3,0,42,0,1,4,1,2,55,2,1,2,1,0,0,1,1,0,0,16,8,16,16,16,26,0,0,0,0,1,6,0,370831,0,2009,99999,SR-109,99999999999999999999,0000000,34.99323056,-80.03917778,1,1
37,11,9,21,17,42,1,1,0,0,4,3,0,37,0,1,4,1,2,55,1,1,2,2,0,0,1,2,0,0,99,99,99,99,99,99,0,0,0,0,1,2,0,370832,0,2009,99999,SR-194,99999999999999999999,0000000,36.17205278,-81.91121389,1,2
37,25,9,15,20,21,2,3,0,0,16,6,0,12,5,2,1,1,2,45,1,2,2,1,3,3,3,1,0,0,20,20,20,23,21,0,0,0,0,0,1,3,0,370833,2390,2009,99999,DAVIDSON HIGHWAY,KANNAPOLIS PARKWAY,0000000,35.43658333,-80.68048333,2,1
37,33,9,27,0,15,1,1,0,1,2,2,0,37,0,1,4,2,2,65,1,2,2,2,0,0,2,2,0,0,99,99,99,99,99,99,0,0,0,0,1,1,1,370834,0,2009,99999,US-29,99999999999999999999,0000000,36.53979444,-79.46632778,1,2
37,49,9,19,2,50,1,2,0,0,16,6,0,33,0,3,4,1,5,40,1,1,2,1,0,0,3,1,0,0,2,50,2,54,3,38,0,0,0,0,1,7,1,370835,2078,2009,99999,MAIN STREET,WOODHAVEN DRIVE,0000000,34.87976667,-76.90583889,1,1
37,51,9,8,14,36,2,2,0,1,2,2,0,12,5,7,1,2,2,55,1,1,2,1,20,3,1,1,0,0,99,99,99,99,99,99,0,0,0,0,1,3,0,370836,0,2009,99999,US-301,99999999999999999999,0000000,,,2,1
37,67,9,21,19,35,1,2,1,0,16,6,0,8,0,3,1,1,2,25,1,1,2,1,0,0,5,1,0,0,19,38,19,46,19,57,0,0,0,0,1,2,0,370838,5120,2009,99999,CRAFTON STREET,WESTEND BLVD,0000000,36.090775,-80.260075,1,1
37,97,9,11,10,33,2,5,0,0,4,3,0,12,5,4,1,1,2,55,1,1,2,1,0,0,1,1,0,0,10,32,10,44,99,99,0,0,0,0,1,6,0,370839,0,2009,99999,SR-90,99999999999999999999,0000000,35.8509,-81.02305278,2,1
37,137,9,16,22,16,1,1,0,0,4,3,0,42,0,1,4,1,2,55,2,1,2,1,0,0,2,1,0,0,22,8,22,15,23,22,0,0,0,0,1,4,0,370840,1933,2009,99999,SR-306,99999999999999999999,0000000,35.12068889,-76.83970833,1,1
37,147,9,14,19,40,1,1,0,0,4,4,0,42,0,1,4,1,2,55,2,2,2,1,0,0,1,1,0,0,19,36,19,50,20,27,0,0,0,0,1,2,1,370841,0,2009,99999,RP-1778,99999999999999999999,0000000,35.55233889,-77.21251389,1,1
37,151,9,12,14,23,1,1,0,0,4,4,0,34,0,1,4,1,2,45,1,1,2,1,0,0,1,1,0,0,14,18,14,30,99,99,0,0,0,0,1,7,0,370842,0,2009,99999,RP-2845,99999999999999999999,0000000,35.57070278,-79.79618889,1,1
37,157,9,11,20,0,2,2,0,0,4,4,0,12,1,1,1,1,2,55,1,1,2,1,0,0,5,1,0,0,20,1,20,8,21,10,0,0,0,0,1,6,0,370843,0,2009,99999,RP-2614,99999999999999999999,0000000,,,2,1
37,157,9,25,13,50,2,5,1,1,2,2,0,12,7,1,1,3,4,65,1,1,2,2,21,3,1,1,0,1,13,51,14,9,99,99,0,0,0,0,1,6,0,370844,0,2009,99999,US-29,99999999999999999999,0000000,36.47265,-79.51912778,2,1
37,179,9,7,18,1,1,1,0,0,4,4,0,1,0,1,4,1,2,55,1,1,2,1,0,0,1,1,0,0,99,99,99,99,99,99,0,0,0,0,1,2,0,370845,0,2009,99999,RP-1962,99999999999999999999,0000000,34.96130278,-80.48618333,1,1
37,183,9,11,23,0,1,2,1,0,16,6,0,8,0,1,1,1,2,45,1,1,2,1,0,0,3,1,0,0,23,2,23,8,88,88,0,0,0,0,1,6,1,370846,3750,2009,99999,GARNER RD,99999999999999999999,0000000,35.73731667,-78.63670278,1,1
37,183,9,23,22,7,2,2,0,0,4,4,0,12,2,1,1,1,2,55,1,2,2,1,0,0,2,1,0,0,22,6,22,10,99,99,0,0,0,0,1,4,1,370847,0,2009,99999,RP-2765,99999999999999999999,0000000,35.58131389,-78.747425,2,1
37,183,9,25,14,38,1,2,0,1,1,1,0,1,0,5,1,6,1,45,2,2,2,2,0,0,1,2,1,0,14,42,14,44,15,20,0,0,0,0,1,6,0,370848,0,2009,99999,I-40,99999999999999999999,0000000,35.84168056,-78.78450278,1,2
37,191,9,30,15,40,2,4,0,0,4,4,0,12,2,1,1,1,2,35,1,1,2,1,0,0,1,1,0,0,15,34,15,42,16,11,0,0,0,0,1,4,0,370849,0,2009,99999,RP-1130,99999999999999999999,0000000,35.32906111,-78.04395556,2,1
37,195,9,20,3,31,2,7,0,1,2,2,0,13,8,1,1,2,4,55,1,1,2,1,0,0,2,1,0,0,3,40,3,54,99,99,0,0,0,0,1,1,1,370850,0,2009,99999,US-301,99999999999999999999,0000000,35.77061111,-77.85761944,2,1
37,199,9,11,8,30,3,3,0,1,2,2,0,12,2,1,1,1,2,55,1,1,2,1,0,0,1,1,0,0,8,33,8,39,10,3,0,0,0,0,1,6,0,370851,0,2009,99999,US-19E,99999999999999999999,0000000,35.90420833,-82.17799167,3,1
37,71,8,30,1,56,1,3,0,0,5,4,0,42,0,1,4,1,2,35,2,1,2,1,0,0,2,1,0,0,99,99,99,99,99,99,0,0,0,0,2,1,1,370852,0,2009,99999,RP-1919,99999999999999999999,0000000,35.36825556,-81.048825,1,1
37,51,9,22,20,43,1,2,1,0,16,6,0,8,0,1,1,2,3,35,1,1,2,1,0,0,3,1,0,0,20,38,20,49,21,1,0,0,0,0,1,3,0,370853,1670,2009,99999,EASTERN BLVD,99999999999999999999,0000000,35.05184722,-78.86448611,1,1
37,57,9,3,21,34,1,1,0,0,5,4,0,42,0,1,5,1,2,45,2,2,2,1,0,0,2,1,0,0,21,31,21,37,99,99,0,0,0,0,1,5,1,370854,0,2009,99999,RP-1147,99999999999999999999,0000000,35.78196111,-80.332225,1,1
37,57,9,14,11,20,2,2,0,1,11,1,0,12,1,1,1,3,3,70,1,1,2,1,0,0,1,1,0,0,11,23,11,27,99,99,0,0,0,0,1,2,0,370855,2620,2009,99999,I-85,99999999999999999999,0000000,35.78020278,-80.26027778,2,1
37,57,9,26,6,58,2,4,0,1,2,2,0,12,2,3,1,1,2,55,1,1,2,2,20,3,4,2,0,0,6,55,7,4,7,49,0,0,0,0,2,7,0,370856,0,2009,99999,US-64,RP-2266,0000000,35.77733611,-80.116875,2,2
37,63,9,29,5,45,1,2,1,0,16,6,0,8,0,2,1,2,3,45,1,1,2,1,3,3,2,1,0,1,5,47,5,52,88,88,0,0,0,0,1,3,0,370857,1360,2009,99999,CHAPEL HILL BLVD,MT MORIAH RD,0000000,35.95301944,-78.99444167,1,1
37,71,9,20,2,35,1,2,0,0,16,6,0,37,0,1,4,1,4,45,2,2,2,2,0,0,3,2,0,0,2,39,2,45,3,16,0,0,0,0,1,1,1,370858,1800,2009,99999,GARRISON BLVD,99999999999999999999,0000000,35.25665833,-81.201775,1,2
37,163,9,23,5,44,2,4,0,0,4,3,0,12,2,1,1,1,2,45,1,1,2,1,0,0,2,1,0,0,99,99,99,99,99,99,0,0,0,0,1,4,0,370859,0,2009,99999,SR-24,99999999999999999999,0000000,34.99468889,-78.28438889,2,1
37,13,10,1,15,22,2,3,0,0,5,5,0,12,2,1,1,1,2,55,2,1,2,1,0,0,1,1,0,0,15,16,15,20,15,42,0,0,0,0,1,5,0,370860,0,2009,99999,RP-1136,99999999999999999999,0000000,35.47940278,-77.09479722,2,1
37,49,10,1,6,40,2,3,0,1,2,2,0,12,1,6,1,3,4,50,1,1,2,1,60,3,4,1,0,0,99,99,99,99,99,99,1,0,0,0,1,5,0,370861,0,2009,99999,US-70,99999999999999999999,722599E,35.08825833,-77.03430833,2,1
37,93,10,3,3,57,1,1,0,0,5,4,0,42,0,1,4,1,2,55,2,1,2,1,0,0,2,1,0,0,99,99,99,99,88,88,0,0,0,0,1,7,0,370862,0,2009,99999,RP-1105,99999999999999999999,0000000,34.87369722,-79.24728056,1,1
37,95,10,1,11,41,1,1,0,1,2,2,0,34,0,1,4,1,2,55,1,1,2,1,0,0,1,1,0,0,11,33,11,48,12,22,0,0,0,0,1,5,0,370863,0,2009,99999,US-264,99999999999999999999,0000000,35.43381944,-76.29627222,1,1
37,101,10,4,0,30,1,1,0,0,5,4,0,43,0,1,4,1,2,45,2,2,2,1,0,0,2,1,0,0,0,33,0,43,99,99,0,0,0,0,1,1,1,370864,0,2009,99999,RP-1553,99999999999999999999,0000000,35.67971389,-78.47545,1,1
37,163,10,1,20,17,1,3,0,0,5,4,0,34,0,1,4,1,2,55,2,1,2,1,0,0,2,1,0,0,20,14,20,18,20,39,0,0,0,0,1,5,1,370865,0,2009,99999,RP-1305,99999999999999999999,0000000,34.977075,-78.47053611,1,1
37,171,10,2,5,54,2,2,0,0,4,3,0,12,1,1,1,1,2,45,1,2,2,1,0,0,1,1,0,0,5,52,6,1,6,34,0,0,0,0,1,6,0,370866,0,2009,99999,SR-89,99999999999999999999,0000000,36.50115,-80.712975,2,1
37,177,10,2,17,48,1,2,0,0,5,4,0,34,0,1,4,1,2,55,1,1,2,1,0,0,1,1,0,0,99,99,99,99,99,99,0,0,0,0,1,6,1,370867,0,2009,99999,RP-1200,99999999999999999999,0000000,35.92995278,-76.33135556,1,1
37,193,10,3,22,35,2,3,0,0,4,3,0,12,4,1,1,1,2,55,2,2,2,1,0,0,2,1,0,0,22,37,22,50,23,26,0,0,0,0,1,7,0,370868,0,2009,99999,SR-16,99999999999999999999,0000000,36.21787778,-81.24694444,2,1
37,61,8,14,20,21,2,5,0,0,4,3,0,12,5,1,1,1,2,55,2,2,2,1,0,0,5,1,0,0,20,23,20,31,20,57,0,0,0,0,1,6,0,370869,0,2009,99999,SR-111,99999999999999999999,0000000,34.94163889,-77.78740833,2,1
37,63,8,25,15,45,1,3,0,0,16,6,0,34,0,1,4,1,2,45,2,2,2,1,0,0,1,1,0,0,15,10,15,16,99,99,0,0,0,0,2,3,0,370870,1360,2009,99999,OLD OXFORD ROAD,99999999999999999999,0000000,36.04395556,-78.878725,1,1
37,157,8,9,23,19,2,5,1,0,4,3,0,8,0,1,1,1,2,55,1,2,2,1,0,0,2,1,0,0,23,17,23,22,23,37,0,0,0,0,1,1,0,370871,0,2009,99999,SR-14,99999999999999999999,0000000,36.52374167,-79.753425,2,1
37,197,8,21,16,4,1,3,0,1,2,2,0,1,0,1,2,3,2,65,1,1,2,1,0,0,1,1,0,0,16,0,16,6,99,99,0,0,0,0,1,6,0,370872,0,2009,99999,US-421,99999999999999999999,0000000,36.11964167,-80.6872,1,1
37,23,9,25,22,56,1,2,0,0,5,4,0,37,0,1,4,1,2,55,1,2,2,2,0,0,2,2,0,0,22,52,0,23,0,57,0,0,0,0,2,6,1,370873,0,2009,99999,RP-1206,99999999999999999999,0000000,35.71759722,-81.817375,1,2
37,31,9,11,2,55,1,2,1,0,5,4,0,8,0,1,1,1,2,45,1,1,2,1,0,0,3,1,0,0,99,99,99,99,99,99,0,0,0,0,1,6,0,370874,0,2009,99999,RP-1247,99999999999999999999,0000000,34.81338889,-76.87203611,1,1
37,51,9,26,15,45,1,1,0,0,4,3,0,34,0,1,4,1,2,45,2,1,2,2,0,0,1,2,0,0,99,99,99,99,99,99,0,0,0,0,1,7,0,370875,0,2009,99999,SR-82,99999999999999999999,0000000,35.20016667,-78.65949167,1,2
37,75,9,27,1,30,1,2,0,0,4,3,0,1,0,1,2,1,2,55,2,2,2,2,0,0,2,1,0,0,1,28,1,37,99,99,0,0,0,0,1,1,1,370876,0,2009,99999,SR-28,99999999999999999999,0000000,35.38628611,-83.71504722,1,1
37,77,9,29,8,40,2,3,0,0,4,3,0,12,4,1,1,1,2,55,2,1,2,1,0,0,1,1,0,0,8,40,9,6,9,34,0,0,0,0,1,3,0,370877,713,2009,99999,SR-75,99999999999999999999,0000000,36.14447778,-78.79037222,2,1
37,107,9,16,7,47,2,2,0,0,5,4,0,12,2,1,1,1,2,45,1,1,2,1,0,0,1,1,0,0,7,46,7,59,99,99,0,0,0,0,1,4,0,370878,0,2009,99999,RP-1804,99999999999999999999,0000000,35.24243889,-77.5341,2,1
37,175,9,28,20,48,1,2,0,0,5,4,0,17,0,1,4,1,2,55,1,2,2,1,0,0,2,1,0,0,99,99,99,99,99,99,0,0,0,0,1,2,1,370879,0,2009,99999,RP-1536,99999999999999999999,0000000,35.15185556,-82.64339722,1,1
37,183,9,12,7,45,3,6,0,0,16,6,0,12,5,2,1,1,4,55,1,1,2,1,3,3,1,1,0,0,99,99,99,99,99,99,0,0,0,0,1,7,0,370880,3750,2009,99999,WESTGATE ROAD,GLENWOOD AVE,0000000,35.90164722,-78.76566389,3,1
37,27,10,6,21,30,1,2,1,1,11,2,0,8,0,1,1,1,4,45,1,1,2,1,0,0,3,1,0,0,21,31,21,34,21,47,0,0,0,0,1,3,0,370881,2590,2009,99999,US-64,99999999999999999999,0000000,35.90015833,-81.54945278,1,1
37,89,10,4,2,14,2,1,0,1,1,1,0,12,1,1,1,3,2,65,1,1,2,1,0,0,2,1,0,0,2,12,2,19,99,99,0,0,0,0,1,1,0,370882,0,2009,99999,I-26,99999999999999999999,0000000,35.35137778,-82.45419444,2,1
37,3,10,10,22,35,1,3,1,0,5,4,0,8,0,2,1,1,2,45,1,1,2,1,0,0,2,1,0,0,99,99,99,99,88,88,0,0,0,0,1,7,0,370883,0,2009,99999,RP-1319,RP-1618,0000000,35.88346667,-81.100075,1,1
37,17,10,11,12,6,2,5,0,0,4,3,0,12,2,3,1,1,2,55,1,1,2,1,5,3,1,1,0,0,11,55,12,9,12,44,0,0,0,0,1,1,0,370884,0,2009,99999,SR-41,SR-131,0000000,34.64021667,-78.75806944,2,1
37,61,10,5,9,51,2,2,0,0,4,3,0,12,5,2,1,1,2,55,1,1,2,2,5,3,1,2,0,0,9,53,10,3,11,4,0,0,0,0,1,2,0,370885,0,2009,99999,SR-11,RP-1102,0000000,34.82330833,-77.94550278,2,2
37,101,10,6,0,41,1,2,0,1,11,1,0,1,0,1,2,3,2,65,1,1,2,2,0,0,2,2,0,0,0,41,0,51,1,47,0,0,0,0,1,3,0,370886,4230,2009,99999,I-95,99999999999999999999,0000000,35.49416667,-78.341275,1,2
37,131,10,3,1,37,2,3,0,1,1,1,0,24,0,1,4,3,2,70,1,1,2,1,0,0,2,1,0,0,1,35,1,40,2,15,0,14,0,0,1,7,1,370887,0,2009,99999,I-95,99999999999999999999,0000000,36.46578333,-77.61216389,2,1
37,147,10,2,9,35,2,3,0,0,4,3,0,12,2,1,1,1,2,55,1,1,2,1,0,0,1,1,0,0,99,99,99,99,99,99,0,0,0,0,1,6,0,370888,0,2009,99999,SR-903,99999999999999999999,0000000,35.48215556,-77.48032778,2,1
37,157,10,9,6,19,2,2,0,0,4,3,0,12,2,1,1,1,4,55,1,2,2,1,0,0,2,1,0,0,6,19,6,29,7,42,0,0,0,0,1,6,0,370889,0,2009,99999,SR-14,99999999999999999999,0000000,36.44555556,-79.71229167,2,1
37,183,10,11,19,54,1,2,0,0,5,4,0,53,0,1,4,1,2,45,2,1,2,1,0,0,2,1,0,0,19,51,19,57,20,24,0,0,0,0,1,1,0,370890,0,2009,99999,RP-1302,99999999999999999999,0000000,35.6809,-78.8089,1,1
37,191,10,1,17,17,1,1,0,0,4,3,0,42,0,1,4,1,2,55,1,1,2,1,0,0,1,1,0,0,17,14,17,21,19,4,0,0,0,0,1,5,0,370891,0,2009,99999,SR-55,99999999999999999999,0000000,35.20756944,-77.87860278,1,1
37,25,4,20,20,35,1,1,0,0,16,6,0,30,0,1,4,1,2,35,1,2,2,1,0,0,2,1,0,0,20,34,20,42,21,2,0,0,0,0,1,2,1,370892,1040,2009,99999,BROAD STREET,99999999999999999999,0000000,35.40339167,-80.57658889,1,1
37,25,5,3,14,53,2,1,0,0,16,6,0,14,1,1,2,1,2,35,1,1,2,1,0,0,1,1,0,0,14,53,15,1,88,88,0,0,0,0,1,1,1,370893,1040,2009,99999,YOUNG AVE,99999999999999999999,0000000,35.40355,-80.584175,1,1
37,55,5,23,23,43,1,2,1,1,13,2,0,8,0,1,1,1,4,50,1,1,2,1,0,0,3,1,0,0,23,44,23,49,0,25,0,0,0,0,1,7,0,370894,2435,2009,99999,US-158,99999999999999999999,0000000,36.00176944,-75.65383056,1,1
37,21,8,6,9,30,1,1,0,0,4,3,0,31,0,1,5,1,2,35,1,1,2,1,0,0,1,1,0,0,9,31,9,40,9,54,0,0,0,0,1,5,0,370895,170,2009,99999,SR-81,99999999999999999999,0000000,35.57656111,-82.51085278,1,1
37,71,8,7,23,37,2,2,0,0,4,3,0,12,2,1,1,1,2,45,2,1,2,1,0,0,3,1,0,0,23,41,23,58,99,99,0,0,0,0,1,6,1,370896,4400,2009,99999,SR-27,99999999999999999999,0000000,35.36771389,-81.09933611,2,1
37,71,8,23,2,46,1,4,0,1,13,2,0,24,0,1,4,2,2,65,2,1,2,1,0,0,2,1,0,0,2,51,5,4,99,99,0,0,0,0,1,1,1,370897,9997,2009,99999,US-74,99999999999999999999,0000000,35.24391111,-81.32538611,1,1
37,81,8,19,23,26,1,1,0,0,16,6,0,18,0,1,2,1,2,35,1,1,2,1,0,0,2,1,0,0,23,25,23,30,23,49,0,0,0,0,1,4,0,370898,1940,2009,99999,RALEIGH STREET,99999999999999999999,0000000,36.08848333,-79.75749722,1,1
37,83,8,29,22,27,1,3,0,0,16,6,0,32,0,1,4,1,2,25,1,1,2,1,0,0,3,1,0,0,22,30,22,33,22,58,0,0,0,0,1,7,1,370899,4930,2009,99999,ELM STREET,99999999999999999999,0000000,36.42451944,-77.5999,1,1
37,97,9,1,21,23,2,2,0,0,16,6,0,12,4,3,1,1,2,45,1,1,2,1,0,0,3,1,0,0,21,26,21,31,21,43,0,0,0,0,1,3,0,370900,4430,2009,99999,DAVIE AVE,SIMONTON ROAD,0000000,35.81074722,-80.84508333,2,1
37,173,8,8,23,5,1,2,0,0,4,3,0,42,0,1,4,1,2,55,2,2,2,1,0,0,2,1,0,0,23,15,23,42,99,99,0,0,0,0,1,7,0,370901,0,2009,99999,SR-28,99999999999999999999,0000000,35.46559722,-83.91942222,1,1
37,183,8,29,1,31,1,5,0,0,16,6,0,5,0,3,1,1,2,25,1,2,2,2,0,0,3,1,0,0,22,25,22,30,22,49,0,0,0,0,1,7,0,370902,2470,2009,99999,AQUA MARINE LANE,OLD KNIGHT ROAD,0000000,35.81578056,-78.46625556,1,1
37,153,9,5,18,43,2,2,0,0,16,6,0,12,5,2,1,1,2,35,1,2,2,1,20,3,1,1,0,0,18,40,18,42,18,58,0,0,0,0,1,7,0,370903,3910,2009,99999,LONG DRIVE,SCALEYBARK ROAD,0000000,34.92087222,-79.75991667,2,1
37,155,9,30,5,50,1,1,0,0,2,4,0,34,0,1,4,1,2,55,2,3,2,1,0,0,2,1,0,0,6,55,7,17,7,51,0,20,0,0,1,4,1,370904,0,2009,99999,RP-1529,99999999999999999999,0000000,34.70027222,-78.99513333,1,1