STATE,COUNTY,MONTH,DAY,HOUR,MINUTE,VE_TOTAL,PERSONS,PEDS,NHS,ROAD_FNC,ROUTE,SP_JUR,HARM_EV,MAN_COLL,REL_JUNC,REL_ROAD,TRAF_FLO,NO_LANES,SP_LIMIT,ALIGNMNT,PROFILE,PAVE_TYP,SUR_COND,TRA_CONT,T_CONT_F,LGT_COND,WEATHER1,WEATHER2,WRK_ZONE,NOT_HOUR,NOT_MIN,ARR_HOUR,ARR_MIN,HOSP_HR,HOSP_MN,SCH_BUS,CF1,CF2,CF3,FATALS,DAY_WEEK,DRUNK_DR,ST_CASE,CITY,YEAR,MILEPT,TWAY_ID,TWAY_ID2,RAIL,LATITUDE,LONGITUD,VE_FORMS,WEATHER
37,173,9,23,13,29,1,2,0,0,3,3,0,37,0,1,4,1,2,55,2,2,2,1,0,0,1,1,0,0,13,20,13,40,99,99,0,0,0,0,1,4,0,370905,0,2009,99999,SR-28,99999999999999999999,0000000,35.39408889,-83.58896389,1,1
37,25,10,17,17,43,2,7,0,1,2,2,0,12,8,1,1,1,2,55,1,1,2,1,0,0,1,1,0,0,17,38,17,45,18,16,0,0,0,0,1,7,0,370906,0,2009,99999,US-601,99999999999999999999,0000000,35.22998611,-80.50824167,2,1
37,29,10,7,9,17,1,1,0,0,2,4,0,42,0,1,4,1,2,45,2,1,2,2,0,0,1,2,1,0,99,99,99,99,99,99,0,0,0,0,1,4,0,370907,0,2009,99999,RP-1217,99999999999999999999,0000000,36.44248333,-76.31515556,1,2
37,33,10,8,11,50,2,3,0,0,2,3,0,12,4,4,1,1,2,55,1,1,2,1,0,0,1,1,0,0,99,99,99,99,99,99,0,0,0,0,1,5,0,370908,0,2009,99999,SR-49,99999999999999999999,0000000,36.24551944,-79.18988333,2,1
37,47,10,15,18,52,2,4,0,0,4,4,0,12,4,2,1,1,2,55,1,1,2,1,20,3,5,1,0,0,99,99,99,99,88,88,0,0,0,0,1,5,0,370909,0,2009,99999,RP-1166,RP-1170,0000000,34.27948889,-78.72922778,2,1
37,101,10,17,3,50,2,2,0,0,2,3,0,12,4,2,1,1,2,55,1,2,2,1,20,3,2,1,0,0,3,49,4,7,88,88,0,0,0,0,1,7,2,370910,0,2009,99999,SR-42,RP-2117,0000000,35.67431111,-78.24462778,2,1
37,163,10,5,0,10,2,2,0,1,2,2,0,12,1,1,1,3,4,65,1,1,2,1,0,0,2,1,0,0,0,7,0,10,2,48,0,0,0,0,1,2,1,370911,0,2009,99999,US-421,99999999999999999999,0000000,34.85367778,-78.26205278,2,1
37,163,10,9,2,57,1,1,0,0,2,4,0,32,0,1,4,1,2,55,2,1,2,1,0,0,2,1,0,0,2,52,3,3,4,51,0,0,0,0,1,6,1,370912,0,2009,99999,RP-1130,99999999999999999999,0000000,34.74266944,-78.19381667,1,1
37,171,10,11,9,50,2,2,0,0,2,3,0,12,2,1,1,1,2,45,1,2,2,1,0,0,1,1,0,0,9,52,10,3,88,88,0,0,0,0,1,1,0,370913,0,2009,99999,SR-268,99999999999999999999,0000000,36.38356389,-80.454425,2,1
37,195,10,10,21,10,3,3,0,0,4,4,0,53,0,1,4,1,2,55,2,1,2,1,0,0,2,1,0,0,21,8,21,21,21,49,0,0,0,0,1,7,0,370914,0,2009,99999,RP-1003,99999999999999999999,0000000,35.810575,-77.87452778,1,1
37,159,8,9,18,27,2,3,0,0,4,3,0,12,4,1,1,1,2,55,1,1,2,1,0,0,1,1,0,0,18,21,18,28,99,99,0,0,0,0,2,1,0,370915,0,2009,99999,SR-152,99999999999999999999,0000000,35.57363611,-80.57484722,2,1
37,61,9,30,16,0,1,2,0,0,6,4,0,60,0,1,1,1,2,55,1,1,2,1,0,0,1,1,0,0,15,57,16,4,88,88,0,0,0,0,1,4,0,370916,0,2009,99999,RP-1804,99999999999999999999,0000000,34.890225,-77.72440833,1,1
37,77,9,29,19,35,1,1,0,0,6,4,0,37,0,1,4,1,2,55,2,3,2,1,0,0,2,1,0,0,19,33,19,43,22,14,0,0,0,0,1,3,0,370917,0,2009,99999,RP-1448,99999999999999999999,0000000,36.50735833,-78.60915278,1,1
37,127,9,29,22,11,1,2,1,1,1,1,0,8,0,1,1,3,4,70,1,2,2,1,0,0,2,1,0,0,23,45,23,57,88,88,0,0,0,0,1,3,0,370918,0,2009,99999,I-95,99999999999999999999,0000000,35.808,-77.98739444,1,1
37,183,9,27,2,45,1,3,1,0,16,6,0,8,0,1,1,1,2,35,1,1,2,2,0,0,3,2,1,0,99,99,99,99,99,99,0,0,0,0,1,1,0,370919,3750,2009,99999,HODGES ST,99999999999999999999,0000000,35.81537778,-78.62648889,1,2
37,15,10,18,2,18,1,2,0,1,2,2,0,30,0,1,4,2,4,55,2,1,2,1,0,0,2,1,0,0,99,99,99,99,99,99,0,0,0,0,1,1,1,370920,0,2009,99999,US-13,99999999999999999999,0000000,35.86046667,-77.04016667,1,1
37,45,10,9,2,27,1,2,0,0,6,4,0,42,0,1,4,1,2,55,1,1,2,1,0,0,2,1,0,0,99,99,99,99,99,99,0,0,0,0,1,6,1,370921,0,2009,99999,RP-1342,99999999999999999999,0000000,35.32296944,-81.61056389,1,1
37,51,10,17,1,53,1,3,0,1,1,1,0,1,0,1,3,3,4,65,1,1,2,1,0,0,2,1,0,0,1,53,2,8,2,52,0,0,0,0,1,7,0,370922,0,2009,99999,I-95,99999999999999999999,0000000,35.07271667,-78.79600556,1,1
37,57,10,20,8,2,2,4,0,0,4,3,0,12,1,1,1,1,2,55,1,1,2,1,0,0,1,1,0,0,8,7,8,27,9,20,0,0,0,0,1,3,0,370923,0,2009,99999,SR-47,99999999999999999999,0000000,35.61,-80.05994722,2,1
37,155,10,10,22,25,1,1,0,0,4,4,0,34,0,1,4,1,2,55,1,1,2,1,0,0,2,1,0,0,22,26,22,38,23,37,0,0,0,0,1,7,1,370924,0,2009,99999,RP-1935,99999999999999999999,0000000,34.66413333,-78.86673056,1,1
37,163,10,2,14,55,2,2,0,0,16,6,0,12,4,2,1,1,2,35,1,1,2,1,20,3,1,1,0,0,14,53,14,57,15,42,0,0,0,0,1,6,0,370925,970,2009,99999,RAILROAD ST,FONTANA ST,0000000,34.99548056,-78.30084722,2,1
37,169,10,7,0,27,1,1,0,0,4,3,0,32,0,1,4,1,2,55,2,1,2,1,0,0,2,1,0,0,0,34,0,42,99,99,0,0,0,0,1,4,1,370926,0,2009,99999,SR-65,99999999999999999999,0000000,36.27922222,-80.15230278,1,1
37,131,5,20,23,17,2,7,1,1,2,2,0,8,0,1,1,1,2,45,1,1,2,1,0,0,2,1,0,0,99,99,99,99,99,99,0,14,0,0,1,4,0,370927,0,2009,99999,US-301,99999999999999999999,0000000,36.43098611,-77.58935556,2,1
37,21,9,26,0,14,1,2,1,1,2,2,0,8,0,3,1,1,4,35,1,2,2,1,3,3,3,1,0,0,99,99,99,99,99,99,0,0,0,0,1,7,0,370928,170,2009,99999,US-25,CHESTNUT STREET,0000000,35.603375,-82.55315556,1,1
37,69,9,18,14,54,2,2,0,1,2,2,0,13,4,1,1,2,4,55,1,1,2,1,0,0,1,1,0,0,14,50,14,56,88,88,0,0,0,0,1,6,1,370929,0,2009,99999,US-1,99999999999999999999,0000000,36.12338611,-78.452725,2,1
37,119,9,29,9,3,1,3,2,1,11,1,0,8,0,1,2,3,4,60,1,1,2,1,0,0,1,1,0,0,99,99,99,99,88,88,0,23,0,0,1,3,0,370930,870,2009,99999,I-85,99999999999999999999,0000000,35.2767,-80.81628889,1,1
37,129,9,26,13,1,2,3,0,0,16,6,0,12,5,2,1,1,4,45,1,1,2,2,0,0,1,2,0,0,13,2,13,10,13,20,0,0,0,0,1,7,0,370931,5060,2009,99999,OLEANDER DRIVE,51ST STREET,0000000,34.20851944,-77.86931944,2,2
37,131,9,19,20,39,2,8,0,1,2,2,0,12,4,1,1,1,2,55,1,1,2,1,0,0,2,1,0,0,99,99,99,99,99,99,0,0,0,0,1,7,0,370932,0,2009,99999,US-158,99999999999999999999,0000000,36.43661389,-77.53998056,2,1
37,141,9,13,6,49,1,1,0,0,5,4,0,42,0,1,4,1,2,55,1,1,2,1,0,0,1,1,0,0,99,99,99,99,88,88,0,0,0,0,1,1,1,370933,0,2009,99999,RP-1207,99999999999999999999,0000000,34.58941111,-78.17064167,1,1
37,19,10,30,14,12,2,2,0,0,5,4,0,12,5,4,1,1,2,55,1,1,2,1,0,0,1,1,0,0,14,12,14,16,99,99,0,0,0,0,1,6,0,370934,0,2009,99999,RP-1141,99999999999999999999,0000000,33.92893889,-78.31098611,2,1
37,25,10,19,5,55,2,2,0,0,5,4,0,12,5,2,1,1,2,55,2,1,2,1,20,3,2,1,0,0,5,51,6,8,99,99,0,0,0,0,1,2,0,370935,0,2009,99999,RP-1002,RP-2000,0000000,35.48992222,-80.55484722,2,1
37,27,10,29,19,44,1,1,0,0,4,3,0,37,0,1,4,1,2,45,2,2,2,1,0,0,2,1,0,0,19,45,19,59,99,99,0,0,0,0,1,5,1,370936,0,2009,99999,SR-18,99999999999999999999,0000000,35.99639167,-81.39618056,1,1
37,33,10,23,12,0,1,1,0,0,4,3,0,37,0,1,4,1,2,55,1,2,2,1,0,0,1,1,0,0,11,48,11,52,99,99,0,0,0,0,1,6,0,370937,0,2009,99999,SR-86,99999999999999999999,0000000,36.46309167,-79.37300278,1,1
37,35,10,18,2,0,1,4,2,1,2,2,0,8,0,1,2,2,3,55,2,1,2,1,0,0,2,1,0,0,2,0,2,4,99,99,0,0,0,0,1,1,1,370938,2150,2009,99999,US-321,99999999999999999999,0000000,35.71418333,-81.35539167,1,1
37,35,10,24,12,48,1,1,0,1,2,2,0,42,0,1,4,1,4,50,1,2,2,1,0,0,1,1,0,0,12,48,12,52,13,6,0,0,0,0,1,7,1,370939,2150,2009,99999,US-70,99999999999999999999,0000000,35.70940833,-81.31235833,1,1
37,35,10,27,15,10,1,1,0,0,16,6,0,19,0,1,5,1,2,20,1,2,2,2,0,0,1,2,0,0,15,10,15,15,15,37,0,0,0,0,1,3,1,370940,3300,2009,99999,ASHE AVE,99999999999999999999,0000000,35.67075556,-81.22308889,1,2
37,47,10,10,15,20,1,1,0,0,4,3,0,34,0,1,4,1,2,55,2,1,2,1,0,0,1,1,0,0,99,99,99,99,99,99,0,0,0,0,1,7,0,370941,0,2009,99999,SR-905,99999999999999999999,0000000,33.98070833,-78.66347222,1,1
37,47,10,21,15,20,2,3,0,0,4,3,0,12,5,2,1,1,2,55,1,1,2,1,20,3,1,1,0,0,99,99,99,99,99,99,0,0,0,0,1,4,0,370942,0,2009,99999,SR-87,RP-1870,0000000,34.31820278,-78.21287222,2,1
37,51,10,12,13,45,2,2,0,0,16,6,0,12,2,1,1,2,4,55,1,1,2,2,0,0,1,2,0,0,13,41,13,53,99,99,0,0,0,0,1,2,1,370943,1670,2009,99999,RAMSEY STREET,99999999999999999999,0000000,35.15472778,-78.86970278,2,2
37,57,10,20,12,41,2,3,0,0,4,3,0,12,5,2,1,2,2,55,1,1,2,1,0,0,1,1,0,0,12,44,12,49,12,56,0,0,0,0,1,3,0,370944,4590,2009,99999,SR-29,MOUNT CALVARY ROAD,0000000,35.88851111,-80.11554444,2,1
37,57,10,21,5,29,1,2,1,0,5,4,0,8,0,1,1,1,2,55,1,2,2,1,0,0,2,1,0,0,5,27,5,36,6,47,0,0,0,0,1,4,0,370945,0,2009,99999,RP-2005,99999999999999999999,0000000,35.81834444,-80.19126944,1,1
37,59,10,13,10,35,2,3,0,0,5,4,0,12,5,2,1,1,2,55,1,1,2,1,20,3,1,1,0,0,10,29,10,37,11,11,0,0,0,0,1,3,0,370946,0,2009,99999,RP-1801,RP-1802,0000000,35.86551667,-80.52970556,2,1
37,61,10,21,13,20,2,2,0,0,4,3,0,12,1,1,1,1,2,55,1,1,2,1,0,0,1,1,0,0,13,20,13,31,15,26,0,0,0,0,1,4,0,370947,0,2009,99999,SR-11,99999999999999999999,0000000,35.01657222,-77.86796111,2,1
37,77,10,19,15,45,1,1,0,0,4,3,0,53,0,1,4,1,2,55,1,1,2,1,0,0,1,1,0,0,15,49,16,1,16,18,0,0,0,0,1,2,0,370948,0,2009,99999,SR-96,99999999999999999999,0000000,36.27252778,-78.57728611,1,1
37,81,10,3,9,35,1,1,0,0,16,6,0,27,0,1,3,3,3,45,1,2,2,1,0,0,1,1,0,0,9,33,9,41,9,52,0,0,0,0,1,7,0,370949,1940,2009,99999,WENDOVER AVE,99999999999999999999,0000000,36.08832778,-79.79403333,1,1
37,81,10,11,1,57,1,3,1,0,5,4,0,8,0,1,1,1,2,50,1,1,2,1,0,0,2,1,0,0,1,53,2,5,99,99,0,0,0,0,1,1,0,370950,0,2009,99999,RP-1007,99999999999999999999,0000000,35.92130833,-79.81028889,1,1
37,81,10,22,12,43,1,1,0,0,16,6,0,24,0,1,4,1,4,35,2,1,2,1,0,0,1,1,0,0,12,42,12,49,13,12,0,0,0,0,1,5,0,370951,1940,2009,99999,SPRING GARDEN ST,99999999999999999999,0000000,36.05985556,-79.84820278,1,1
37,81,10,22,19,35,1,1,0,0,2,4,0,32,0,1,4,1,2,55,2,2,2,1,0,0,2,1,0,0,19,31,19,35,88,88,0,0,0,0,1,5,1,370952,0,2009,99999,RP-3549,99999999999999999999,0000000,35.90393056,-79.62633056,1,1
37,85,10,16,7,5,1,1,0,0,2,4,0,34,0,1,4,1,2,55,2,1,2,1,0,0,4,1,0,0,99,99,99,99,99,99,0,0,0,0,1,6,0,370953,0,2009,99999,RP-1121,99999999999999999999,0000000,35.44256111,-78.61464444,1,1
37,105,10,11,4,0,1,1,0,0,2,4,0,42,0,1,4,1,2,55,1,1,2,2,0,0,2,2,1,0,99,99,99,99,99,99,0,0,0,0,1,1,1,370954,0,2009,99999,RP-1001,99999999999999999999,0000000,35.36294722,-79.18147222,1,2
37,109,10,25,22,32,1,2,0,0,2,4,0,42,0,1,4,1,2,45,1,1,2,1,0,0,2,1,0,0,22,31,22,34,99,99,0,0,0,0,2,1,0,370955,0,2009,99999,RP-1386,99999999999999999999,0000000,35.53180833,-81.02914722,1,1
37,119,10,10,20,23,1,1,0,0,16,6,0,43,0,1,4,1,2,45,2,1,2,1,0,0,2,1,0,0,99,99,99,99,99,99,0,0,0,0,1,7,1,370956,2280,2009,99999,MCCOY RD,99999999999999999999,0000000,35.40423333,-80.87096111,1,1
37,123,10,21,22,21,1,1,0,0,4,4,0,32,0,1,4,1,2,55,2,3,2,1,0,0,2,1,0,0,22,16,22,27,88,88,0,0,0,0,1,4,1,370957,0,2009,99999,RP-1310,99999999999999999999,0000000,35.37680278,-79.89858611,1,1
37,123,10,26,22,31,1,2,0,0,2,3,0,42,0,1,4,1,2,55,1,1,2,1,0,0,2,1,0,0,22,27,22,35,23,3,0,0,0,0,2,2,1,370958,0,2009,99999,SR-109,99999999999999999999,0000000,35.32205833,-79.94433333,1,1
37,127,10,27,0,45,1,1,0,0,13,3,0,34,0,1,4,1,2,55,2,2,2,2,0,0,2,2,1,0,0,43,0,50,1,43,0,0,0,0,1,3,0,370959,3788,2009,99999,SR-43,99999999999999999999,0000000,36.01800278,-77.87178056,1,2
37,135,10,18,0,51,1,1,0,0,2,4,0,37,0,1,4,1,2,55,1,2,2,1,0,0,2,1,0,0,99,99,99,99,99,99,0,0,0,0,1,1,1,370960,0,2009,99999,RP-1005,99999999999999999999,0000000,35.90671111,-79.11229167,1,1
37,139,10,13,8,8,1,1,0,0,3,2,0,42,0,1,4,1,2,55,2,2,2,1,0,0,1,5,1,0,7,56,8,10,9,14,0,0,0,0,1,3,0,370961,0,2009,99999,US-17,99999999999999999999,0000000,36.28925556,-76.25224167,1,5
37,143,10,16,7,10,2,2,0,0,3,2,0,12,4,7,1,2,4,55,1,1,2,2,0,0,4,2,1,1,7,6,7,12,7,51,0,0,0,0,1,6,0,370962,0,2009,99999,US-17,99999999999999999999,0000000,36.29070833,-76.251125,2,2
37,147,10,16,10,18,1,1,0,0,5,4,0,34,0,1,4,1,2,55,2,1,2,1,0,0,1,1,0,0,99,99,99,99,99,99,0,0,0,0,1,6,0,370963,0,2009,99999,RP-1760,99999999999999999999,0000000,35.54689167,-77.27585833,1,1
37,159,10,31,2,47,1,2,0,0,5,4,0,53,0,1,4,1,2,55,2,2,2,1,0,0,2,1,0,0,2,43,2,56,3,38,0,0,0,0,1,7,0,370964,0,2009,99999,RP-1358,99999999999999999999,0000000,35.57918611,-80.74178611,1,1
37,167,10,23,15,2,2,2,0,0,4,3,0,12,2,1,1,1,2,55,1,1,2,1,0,0,1,1,0,0,15,1,15,12,17,20,0,0,0,0,1,6,0,370965,0,2009,99999,SR-49,99999999999999999999,0000000,35.46843889,-80.28806389,2,1
37,167,10,23,16,41,1,1,0,0,5,4,0,34,0,1,4,1,2,55,2,1,2,1,0,0,1,1,0,0,16,40,16,57,17,54,0,0,0,0,1,6,1,370966,0,2009,99999,RP-1935,99999999999999999999,0000000,35.16395,-80.17320278,1,1
37,169,10,30,4,21,1,2,0,0,5,4,0,37,0,1,4,1,2,55,2,2,2,1,0,0,2,1,0,0,4,8,4,33,4,48,0,0,0,0,1,6,1,370967,0,2009,99999,RP-1649,99999999999999999999,0000000,36.49704444,-80.12354722,1,1
37,179,10,22,1,17,1,1,0,0,5,4,0,42,0,1,5,1,2,45,2,1,2,1,0,0,2,1,0,0,1,14,1,28,99,99,0,0,0,0,1,5,1,370968,0,2009,99999,RP-1346,99999999999999999999,0000000,,,1,1
37,195,10,23,15,43,3,5,0,1,2,2,0,12,1,1,1,2,2,55,1,1,2,1,0,0,1,1,0,0,99,99,99,99,99,99,1,0,0,0,1,6,0,370969,0,2009,99999,US-301,99999999999999999999,0000000,35.83190556,-77.8556,3,1
37,17,11,3,15,9,2,4,0,0,4,3,0,12,5,2,1,1,2,55,1,1,2,1,20,3,1,1,0,0,15,2,15,19,20,33,0,0,0,0,1,3,0,370970,0,2009,99999,SR-20,RP-1005,0000000,34.79512778,-78.82596111,2,1
37,57,11,2,7,16,1,1,0,0,5,4,0,42,0,1,4,1,2,35,2,1,2,1,0,0,2,1,0,0,7,16,7,25,88,88,0,0,0,0,1,2,0,370971,0,2009,99999,RP-1564,99999999999999999999,0000000,,,1,1
37,59,11,5,18,24,1,3,1,1,2,2,0,8,0,1,1,1,2,45,1,2,2,1,0,0,5,1,0,0,18,23,18,24,88,88,0,0,0,0,1,5,0,370972,0,2009,99999,US-601,99999999999999999999,0000000,35.84793611,-80.54903333,1,1
37,133,11,7,21,37,2,2,0,0,5,4,0,12,2,1,1,1,2,55,2,1,2,1,0,0,2,1,0,0,21,28,21,36,23,10,0,0,0,0,1,7,1,370973,0,2009,99999,RP-1109,99999999999999999999,0000000,34.71938333,-77.54829444,2,1
37,131,5,7,8,39,2,2,0,1,2,2,0,12,2,1,1,1,2,55,2,1,2,2,0,0,1,1,0,0,99,99,99,99,88,88,0,0,0,0,1,5,0,370974,0,2009,99999,US-158,99999999999999999999,0000000,36.34236944,-77.50305278,2,1
37,35,8,18,0,33,3,4,0,0,4,3,0,12,7,1,1,1,2,55,1,1,2,1,0,0,2,1,0,0,0,29,0,32,88,88,0,0,0,0,1,3,1,370975,0,2009,99999,SR-150,99999999999999999999,0000000,35.57515,-81.009525,3,1
37,119,9,23,5,2,2,2,0,0,16,6,0,12,2,1,1,2,4,45,1,1,2,1,0,0,4,1,0,0,99,99,99,99,99,99,0,0,0,0,1,4,1,370976,870,2009,99999,WT HARRIS BLVD,99999999999999999999,0000000,35.227725,-80.72647778,2,1
37,11,10,3,10,23,2,3,0,1,2,2,0,12,2,1,1,1,2,55,1,1,2,1,0,0,1,1,0,0,99,99,99,99,99,99,0,0,0,0,1,7,0,370977,0,2009,99999,US-19,99999999999999999999,0000000,35.97481111,-82.015,2,1
37,51,10,26,7,10,2,2,0,1,1,1,0,24,0,1,4,3,2,65,1,1,2,1,0,0,1,1,0,0,7,26,7,43,8,2,0,0,0,0,1,2,0,370978,0,2009,99999,I-95,99999999999999999999,0000000,35.19534444,-78.677925,2,1
37,51,10,30,16,52,2,2,0,0,16,6,0,12,7,1,1,1,2,35,2,1,2,1,0,0,1,1,0,0,16,49,17,0,99,99,0,0,0,0,1,6,1,370979,1670,2009,99999,HELEN STREET,99999999999999999999,0000000,35.09384444,-78.92871111,2,1
37,69,10,28,18,5,1,2,0,1,2,2,0,34,0,1,4,3,2,70,1,1,2,1,0,0,1,1,0,0,17,54,18,5,20,11,0,0,0,0,1,4,0,370980,0,2009,99999,US-64,99999999999999999999,0000000,35.86940278,-78.24093889,1,1
37,81,10,19,14,14,2,2,0,0,16,6,0,43,0,1,4,1,4,35,1,1,2,1,0,0,1,1,0,0,14,12,14,19,14,51,0,14,0,0,1,2,0,370981,1940,2009,99999,GUILFORD COLLEGE RD,99999999999999999999,0000000,36.07195833,-79.89946667,1,1
37,85,10,21,18,3,1,2,1,0,5,4,0,8,0,1,1,1,2,45,1,1,2,1,0,0,2,1,0,0,99,99,99,99,99,99,0,0,0,0,1,4,0,370982,0,2009,99999,RP-1121,99999999999999999999,0000000,35.23605,-78.96703333,1,1
37,85,10,24,16,3,1,1,0,0,5,4,0,34,0,1,4,1,2,55,2,2,2,2,0,0,1,2,0,0,99,99,99,99,99,99,0,0,0,0,1,7,1,370983,0,2009,99999,RP-1291,99999999999999999999,0000000,35.41238333,-78.90732778,1,2
37,97,10,31,2,16,1,2,0,0,5,4,0,42,0,1,4,1,2,35,2,2,2,1,0,0,2,1,0,0,2,11,2,19,3,0,0,0,0,0,1,7,0,370984,0,2009,99999,RP-1330,99999999999999999999,0000000,35.66671111,-80.92591389,1,1
37,119,10,5,0,30,1,2,0,0,16,6,0,30,0,1,5,3,3,45,1,1,2,2,0,0,3,2,0,0,99,99,99,99,99,99,0,0,0,0,1,2,1,370985,870,2009,99999,TRYON STREET,99999999999999999999,0000000,35.25820556,-80.79545278,1,2
37,119,10,26,12,53,1,3,0,0,16,6,0,42,0,1,4,3,1,30,2,2,2,1,0,0,1,1,0,0,99,99,99,99,99,99,0,0,0,0,2,2,0,370986,2280,2009,99999,WYNFIELD CREEK PKY,99999999999999999999,0000000,35.40558889,-80.87696944,1,1
37,129,10,7,9,7,6,9,0,0,16,6,0,12,4,2,1,3,7,55,1,1,2,1,3,3,1,1,0,0,9,7,9,21,9,40,0,0,0,0,1,4,1,370987,5060,2009,99999,MARTIN LUTHER KING,N KERR AVE,0000000,34.25423611,-77.88963333,6,1
37,147,10,27,18,41,2,2,0,1,2,2,0,12,4,2,1,1,2,50,1,1,2,1,20,3,2,1,0,0,18,50,18,54,19,7,0,0,0,0,1,3,0,370988,0,2009,99999,US-13,RP-1127,0000000,35.57237778,-77.44365556,2,1
37,163,10,13,19,44,1,2,1,1,2,2,0,8,0,1,1,1,5,45,1,1,2,1,0,0,3,1,0,0,19,34,19,39,21,5,0,0,0,0,1,3,0,370989,0,2009,99999,US-701,99999999999999999999,0000000,34.79096944,-78.38676389,1,1
37,19,11,14,20,35,1,1,0,0,4,4,0,32,0,1,4,1,2,55,1,1,2,1,0,0,2,1,0,0,20,25,20,34,88,88,0,0,0,0,1,7,1,370990,0,2009,99999,RP-1517,99999999999999999999,0000000,34.0897,-78.06756111,1,1
37,21,11,3,15,8,3,3,0,0,13,2,0,12,4,2,1,1,2,35,1,1,2,1,20,3,1,1,0,0,99,99,99,99,88,88,0,0,0,0,1,3,0,370991,170,2009,99999,US-25,STRATFORD RD,0000000,35.63727778,-82.57118333,3,1
37,35,11,11,11,48,2,6,0,1,2,3,0,12,4,2,1,1,5,45,1,1,2,2,3,2,1,2,1,0,11,48,11,53,99,99,0,0,0,0,3,4,0,370992,0,2009,99999,SR-10,SR-16,0000000,35.66106111,-81.22329722,2,2
37,45,11,16,14,28,1,1,0,1,2,4,0,34,0,1,4,1,2,55,2,1,2,1,0,0,1,1,0,0,99,99,99,99,99,99,0,0,0,0,1,2,0,370993,0,2009,99999,RP-1351,99999999999999999999,0000000,35.32913056,-81.74652222,1,1
37,73,11,8,0,53,1,1,0,0,4,4,0,34,0,1,4,1,2,55,2,1,2,1,0,0,2,1,0,0,99,99,99,99,99,99,0,0,0,0,1,1,1,370994,0,2009,99999,RP-1302,99999999999999999999,0000000,36.501425,-76.74645556,1,1
37,85,11,7,18,5,1,3,1,0,4,4,0,9,0,1,1,1,2,55,1,1,2,1,0,0,2,1,0,0,18,2,18,7,20,7,0,0,0,0,1,7,0,370995,0,2009,99999,RP-1841,99999999999999999999,0000000,35.30763056,-78.58795278,1,1
37,101,11,10,13,3,2,3,0,0,2,3,0,12,2,1,1,1,2,55,2,1,2,1,0,0,1,1,0,0,12,58,13,7,99,99,0,0,0,0,1,3,0,370996,0,2009,99999,SR-42,99999999999999999999,0000000,35.68239722,-78.21561944,2,1
37,133,11,14,3,15,1,1,0,0,2,4,0,1,0,1,1,1,2,55,2,1,2,1,0,0,2,1,0,0,3,31,3,40,6,30,0,0,0,0,1,7,1,370997,0,2009,99999,RP-1230,99999999999999999999,0000000,34.92337778,-77.63265556,1,1
37,179,11,1,2,27,1,1,0,0,2,4,0,10,0,6,1,1,2,55,1,1,2,2,60,3,2,2,1,0,2,35,2,51,99,99,0,0,0,0,1,1,0,370998,0,2009,99999,RP-1728,99999999999999999999,631768M,34.94005556,-80.30619722,1,2
37,189,11,14,16,46,2,2,0,1,2,2,0,12,4,1,1,1,4,50,2,1,2,1,0,0,1,1,0,0,99,99,99,99,99,99,0,0,0,0,1,7,0,370999,0,2009,99999,US-321,99999999999999999999,0000000,36.19365556,-81.65236389,2,1
37,191,11,12,3,54,1,2,1,0,16,6,0,8,0,1,1,2,4,45,1,1,2,2,0,0,2,2,1,0,3,54,4,3,5,10,0,0,0,0,1,5,0,371000,1880,2009,99999,HWY 70,99999999999999999999,0000000,35.41815278,-78.04790556,1,2
37,1,10,23,14,32,2,2,1,0,16,6,0,14,7,1,7,1,2,35,1,1,2,1,0,0,1,1,0,0,14,33,14,35,14,59,0,0,0,0,1,6,0,371001,700,2009,99999,E MAPLE AVE,99999999999999999999,0000000,36.03022222,-79.43956389,1,1
37,3,10,28,7,11,2,2,0,0,2,3,0,12,2,2,1,1,2,45,1,4,2,2,5,3,2,5,1,0,7,7,7,12,7,32,0,0,0,0,1,4,0,371002,0,2009,99999,SR-127,RP-1208,0000000,35.81614167,-81.30655278,2,5
37,25,10,27,3,49,1,2,0,1,11,1,0,24,0,1,4,3,4,65,1,1,2,1,0,0,2,1,0,0,3,43,3,49,99,99,0,0,0,0,1,3,0,371003,1040,2009,99999,I-85,99999999999999999999,0000000,35.45228056,-80.59707778,1,1
37,27,10,22,19,47,2,2,0,0,16,6,0,12,2,1,1,1,4,45,1,2,2,1,0,0,3,1,0,0,20,53,20,55,21,16,0,0,0,0,1,5,0,371004,2590,2009,99999,WILKESBORO BLVD,99999999999999999999,0000000,35.924575,-81.50447778,2,1
37,71,10,31,3,29,1,2,0,1,11,1,0,42,0,1,4,3,6,45,1,2,2,1,0,0,2,1,0,0,99,99,99,99,99,99,0,0,0,0,1,7,1,371005,1800,2009,99999,I-85,99999999999999999999,0000000,35.28374167,-81.21128056,1,1