STATE,COUNTY,MONTH,DAY,HOUR,MINUTE,VE_TOTAL,PERSONS,PEDS,NHS,ROAD_FNC,ROUTE,SP_JUR,HARM_EV,MAN_COLL,REL_JUNC,REL_ROAD,TRAF_FLO,NO_LANES,SP_LIMIT,ALIGNMNT,PROFILE,PAVE_TYP,SUR_COND,TRA_CONT,T_CONT_F,LGT_COND,WEATHER1,WEATHER2,WRK_ZONE,NOT_HOUR,NOT_MIN,ARR_HOUR,ARR_MIN,HOSP_HR,HOSP_MN,SCH_BUS,CF1,CF2,CF3,FATALS,DAY_WEEK,DRUNK_DR,ST_CASE,CITY,YEAR,MILEPT,TWAY_ID,TWAY_ID2,RAIL,LATITUDE,LONGITUD,VE_FORMS,WEATHER
37,97,10,16,23,56,1,1,0,0,4,4,0,37,0,3,4,1,2,45,1,1,2,1,20,3,2,1,0,0,23,58,0,4,0,27,0,0,0,0,1,6,1,371006,0,2009,99999,RP-1551,RP-1645,0000000,35.82964444,-80.92228889,1,1
37,101,10,7,8,45,2,2,0,1,1,1,0,52,0,1,3,3,4,70,1,1,2,2,0,0,1,1,0,0,8,51,9,1,99,99,0,0,0,0,1,4,0,371007,0,2009,99999,I-40,99999999999999999999,0000000,35.59597222,-78.56726667,2,1
37,125,10,10,15,23,1,3,0,0,16,6,0,5,0,1,1,1,2,35,1,1,2,1,0,0,1,1,0,0,99,99,99,99,88,88,0,0,0,0,1,7,0,371008,3590,2009,99999,W BALTIMORE,99999999999999999999,0000000,35.11422222,-79.4878,1,1
37,141,10,30,13,56,2,5,0,1,2,2,0,12,4,1,1,1,2,55,1,2,2,2,0,0,1,2,1,0,99,99,99,99,99,99,0,0,0,0,1,6,0,371009,0,2009,99999,US-117,99999999999999999999,0000000,34.46906111,-77.88740278,2,2
37,157,10,31,6,44,2,2,0,0,2,3,0,12,1,1,1,1,4,55,1,4,2,2,0,0,2,5,1,0,6,41,6,52,8,14,0,0,0,0,1,7,0,371010,0,2009,99999,SR-14,99999999999999999999,0000000,36.36041111,-79.62942222,2,5
37,183,10,25,2,54,1,1,0,0,16,6,0,24,0,1,4,1,2,35,1,1,2,1,0,0,2,1,0,0,2,57,3,10,3,30,0,0,0,0,1,1,1,371011,3750,2009,99999,JONES FRANKLIN RD,99999999999999999999,0000000,35.75793611,-78.72922778,1,1
37,5,11,23,17,21,2,4,0,0,13,2,0,12,2,1,1,1,2,45,1,2,2,2,0,0,5,1,0,0,17,16,17,25,99,99,0,0,0,0,3,2,0,371012,3863,2009,99999,US-21,99999999999999999999,0000000,36.38777778,-80.98906389,2,1
37,21,11,11,6,34,1,2,1,0,13,2,0,8,0,1,1,1,4,45,1,1,2,2,0,0,3,2,1,0,6,34,6,46,6,56,0,0,0,0,1,4,0,371013,170,2009,99999,US-25,99999999999999999999,0000000,35.614325,-82.55676389,1,2
37,81,11,4,14,20,1,1,0,0,13,2,0,37,0,1,4,3,4,55,1,1,2,1,0,0,1,1,0,0,14,19,14,27,14,46,0,0,0,0,1,4,0,371014,1940,2009,99999,US-29,99999999999999999999,0000000,36.11839444,-79.75258889,1,1
37,101,11,20,11,59,3,6,0,0,3,3,0,12,4,2,1,1,2,55,1,1,2,1,5,3,1,1,0,0,11,50,12,5,99,99,0,0,0,0,1,6,0,371015,0,2009,99999,SR-55,SR-242,0000000,35.20888056,-78.49697222,3,1
37,159,11,23,18,33,1,2,1,1,2,2,0,8,0,1,1,1,4,55,1,2,2,2,0,0,2,2,1,0,18,33,18,40,19,11,0,0,0,0,1,2,0,371016,0,2009,99999,US-29,99999999999999999999,0000000,35.83208056,-80.27049167,1,2
37,191,11,13,6,55,1,2,1,0,2,4,0,8,0,1,1,1,2,55,1,1,2,2,0,0,1,1,0,0,6,51,6,59,7,16,0,0,0,0,1,6,0,371017,0,2009,99999,RP-1008,99999999999999999999,0000000,35.37386389,-78.04696111,1,1
37,51,3,11,17,53,2,2,0,0,16,6,0,12,6,3,1,1,4,45,1,1,2,1,3,3,1,1,0,0,17,50,17,54,18,22,0,0,0,0,1,4,0,371018,1670,2009,99999,GILLESPIE STREET,OWEN DRIVE,0000000,35.02018611,-78.89541944,2,1
37,119,9,21,12,7,2,3,0,0,16,6,0,12,5,3,1,1,5,35,1,1,2,1,0,0,1,1,0,0,12,7,12,10,12,31,0,0,0,0,1,2,0,371019,870,2009,99999,SHARON AMITY ROAD,WATER OAK ROAD,0000000,35.17906944,-80.79013611,2,1
37,47,10,25,14,36,2,5,0,0,4,3,0,12,2,1,1,1,2,55,1,1,2,1,0,0,1,1,0,0,14,27,14,58,99,99,0,0,0,0,2,1,0,371020,0,2009,99999,SR-211,99999999999999999999,0000000,34.20953056,-78.3914,2,1
37,49,10,12,15,10,2,3,0,1,2,2,0,12,2,1,1,1,2,55,1,1,2,1,0,0,1,1,0,0,15,9,15,15,99,99,0,0,0,0,1,2,0,371021,0,2009,99999,US-17,99999999999999999999,0000000,35.28156944,-77.12342222,2,1
37,81,10,24,17,41,1,2,1,0,5,4,0,9,0,1,1,1,2,50,1,2,2,1,0,0,1,1,0,0,99,99,99,99,99,99,0,0,0,0,1,7,0,371022,0,2009,99999,RP-1001,99999999999999999999,0000000,36.22457778,-79.79001111,1,1
37,125,10,19,8,41,4,4,0,0,16,6,0,12,1,4,1,1,2,45,1,2,2,1,0,0,1,1,0,0,99,99,99,99,88,88,0,0,0,0,1,2,0,371023,4270,2009,99999,AIRPORT ROAD,99999999999999999999,0000000,35.218925,-79.41231389,4,1
37,139,10,30,18,21,2,3,0,0,16,6,0,12,4,1,1,1,4,45,1,1,2,1,0,0,3,1,0,0,99,99,99,99,99,99,0,0,0,0,2,6,0,371024,1460,2009,99999,HUGHES BLVD,99999999999999999999,0000000,36.30288333,-76.23804722,2,1
37,155,10,2,21,45,1,3,0,0,5,4,0,53,0,1,4,1,2,55,1,1,2,2,0,0,2,1,0,0,21,39,22,6,22,51,0,0,0,0,1,6,1,371025,0,2009,99999,RP-2454,99999999999999999999,0000000,34.45122778,-79.15761111,1,1
37,183,10,22,15,58,2,2,0,0,16,6,0,12,6,3,1,1,4,45,1,1,2,1,3,3,1,1,0,0,16,0,16,7,16,16,0,0,0,0,1,5,0,371026,3750,2009,99999,LEESVILLE ROAD,STRICKLAND ROAD,0000000,35.90804722,-78.72835556,2,1
37,183,10,27,2,51,1,1,0,0,16,6,0,27,0,1,4,1,2,35,1,1,2,2,0,0,3,2,0,0,2,52,2,56,88,88,0,20,0,0,1,3,1,371027,3750,2009,99999,MARTIN STREET,99999999999999999999,0000000,35.77614167,-78.61694167,1,2
37,3,11,24,2,53,1,2,1,0,5,4,0,8,0,1,1,1,2,55,1,1,2,1,0,0,2,1,0,0,2,44,2,55,3,22,0,0,0,0,1,3,0,371028,0,2009,99999,RP-1005,99999999999999999999,0000000,35.84613333,-81.06241111,1,1
37,65,11,12,17,9,2,2,0,0,16,6,0,12,5,2,1,1,2,45,1,1,2,2,20,3,5,2,0,0,17,11,17,14,17,46,0,0,0,0,1,5,0,371029,4560,2009,99999,WESTERN BLVD,SPEIGHT AVE,0000000,35.90648056,-77.56274167,2,2
37,81,11,6,6,7,2,2,0,1,2,2,0,12,5,2,1,2,4,55,1,4,2,1,3,3,2,1,0,0,6,4,6,12,6,40,0,0,0,0,1,6,0,371030,0,2009,99999,US-29,RP-1144,0000000,35.97368333,-79.91615,2,1
37,101,11,8,13,2,1,1,0,0,16,5,0,32,0,1,5,1,2,35,2,2,2,1,0,0,1,1,0,0,99,99,99,99,99,99,0,0,0,0,1,1,1,371031,4140,2009,99999,GRAHAM STREET,99999999999999999999,0000000,35.52151944,-78.28623889,1,1
37,127,11,14,1,25,1,1,0,0,16,6,0,33,0,1,4,1,2,20,2,2,2,2,0,0,3,1,0,0,1,35,1,42,88,88,0,0,0,0,1,7,1,371032,4370,2009,99999,MCLEAN STREET,99999999999999999999,0000000,35.95021944,-78.10954167,1,1
37,133,11,8,23,29,2,5,0,1,2,2,0,12,2,1,1,1,4,55,2,1,2,1,0,0,2,1,0,0,23,31,23,43,0,10,0,0,0,0,2,1,1,371033,0,2009,99999,US-258,99999999999999999999,0000000,34.77856111,-77.49400833,2,1
37,133,11,11,14,30,2,2,0,0,5,4,0,12,4,1,1,1,2,55,1,1,2,2,0,0,1,2,0,0,99,99,99,99,99,99,0,0,0,0,1,4,0,371034,0,2009,99999,RP-1229,99999999999999999999,0000000,34.89087778,-77.5915,2,2
37,155,11,28,1,30,1,1,0,1,1,1,0,27,0,1,4,3,2,65,2,1,2,1,0,0,2,1,0,0,1,30,1,37,2,0,0,0,0,0,1,7,1,371035,0,2009,99999,I-95,99999999999999999999,0000000,34.84121111,-78.97290278,1,1
37,157,11,28,20,14,1,1,0,0,5,4,0,34,0,1,4,1,2,55,1,1,2,1,0,0,2,1,0,0,20,14,20,28,88,88,0,0,0,0,1,7,0,371036,0,2009,99999,RP-2708,99999999999999999999,0000000,36.46698333,-79.52886111,1,1
37,179,11,2,8,59,1,1,0,0,4,3,0,30,0,1,4,1,2,55,1,1,2,1,0,0,1,1,0,0,8,57,9,9,9,36,0,0,0,0,1,2,0,371037,0,2009,99999,SR-207,99999999999999999999,0000000,34.89951944,-80.54102778,1,1
37,179,11,24,18,27,1,1,0,0,5,4,0,1,0,1,2,1,2,45,2,1,2,1,0,0,2,1,0,0,18,28,18,50,99,99,0,0,0,0,1,3,0,371038,9997,2009,99999,RP-1544,99999999999999999999,0000000,,,1,1
37,191,11,26,3,13,1,1,0,0,5,4,0,18,0,1,2,1,2,55,2,1,2,1,0,0,2,1,0,0,2,39,2,55,3,56,0,0,0,0,1,5,1,371039,0,2009,99999,RP-1517,99999999999999999999,0000000,35.56463056,-77.83805,1,1
37,193,11,10,7,40,2,3,0,0,5,4,0,12,2,1,1,1,2,55,2,2,2,2,0,0,1,2,0,0,7,52,8,1,8,16,0,0,0,0,2,3,0,371040,0,2009,99999,RP-1151,99999999999999999999,0000000,,,2,2
37,49,10,27,17,36,1,1,0,0,6,4,0,34,0,1,4,1,2,55,2,1,5,2,0,0,1,1,0,0,99,99,99,99,99,99,0,0,0,0,1,3,0,371041,0,2009,99999,CAT F ISH LAKE ROAD,99999999999999999999,0000000,34.92366111,-77.08574167,1,1
37,21,11,12,17,48,2,2,0,0,5,4,0,12,2,1,1,1,2,45,2,2,2,1,0,0,5,1,0,0,18,16,19,29,19,32,0,0,0,0,1,5,1,371042,0,2009,99999,RP-1115,99999999999999999999,0000000,,,2,1
37,21,11,21,0,6,1,2,0,0,3,3,0,42,0,1,4,1,2,55,2,2,2,1,0,0,2,1,0,0,0,15,0,24,1,10,0,0,0,0,1,7,1,371043,0,2009,99999,SR-197,99999999999999999999,0000000,,,1,1
37,39,11,29,19,25,1,2,0,0,5,4,0,32,0,1,4,1,2,55,1,1,2,2,0,0,2,2,0,0,99,99,99,99,99,99,0,0,0,0,1,1,0,371044,0,2009,99999,RP-1428,99999999999999999999,0000000,35.19171389,-83.88158056,1,2
37,63,11,11,17,10,2,2,0,0,5,4,0,12,5,2,1,1,2,45,1,1,2,2,20,3,5,2,0,0,17,15,17,24,17,42,0,0,0,0,1,4,0,371045,0,2009,99999,RP-1110,RP-1107,0000000,35.88850556,-78.98287222,2,2
37,85,11,26,20,4,1,3,1,0,4,3,0,8,0,1,1,1,2,55,1,1,2,1,0,0,2,1,0,0,99,99,99,99,99,99,0,0,0,0,1,5,0,371046,0,2009,99999,SR-27,99999999999999999999,0000000,35.40136389,-78.60610556,1,1
37,97,11,19,18,15,2,2,0,0,5,4,0,12,2,2,1,1,2,55,1,1,2,1,20,3,2,5,0,0,18,10,18,19,18,41,0,0,0,0,1,5,0,371047,0,2009,99999,RP-2158,RP-2163,0000000,35.86783889,-80.79206111,2,5
37,125,11,23,18,8,2,4,0,0,4,3,0,12,4,1,1,1,2,55,1,1,2,2,0,0,2,1,0,0,99,99,99,99,99,99,0,0,0,0,1,2,0,371048,0,2009,99999,SR-211,99999999999999999999,0000000,35.22495556,-79.53573611,2,1
37,129,11,17,14,54,2,3,0,0,16,6,0,12,5,8,1,1,4,45,1,1,2,1,0,0,1,1,0,0,14,54,14,58,15,40,0,0,0,0,1,3,0,371049,5060,2009,99999,OLEANDER DRIVE,99999999999999999999,0000000,34.20825278,-77.8594,2,1
37,129,11,20,21,55,2,5,0,0,16,6,0,12,1,3,1,1,4,35,1,2,2,1,3,3,3,1,0,0,21,55,22,0,22,13,0,0,0,0,1,6,0,371050,5060,2009,99999,MARKET STREET,17TH STREET,0000000,34.23705833,-77.92768333,2,1
37,135,11,26,10,4,2,3,0,0,4,3,0,12,5,2,1,1,2,55,1,1,2,1,20,3,1,1,0,0,10,1,10,23,10,57,0,0,0,0,2,5,0,371051,0,2009,99999,SR-57,SR-157,0000000,36.18984444,-79.01710556,2,1
37,135,11,27,17,4,2,2,0,0,2,3,0,53,0,1,4,1,2,55,1,1,2,1,0,0,1,1,0,0,17,1,17,23,18,30,0,0,0,0,1,6,0,371052,0,2009,99999,SR-157,99999999999999999999,0000000,36.16518056,-78.97805278,2,1
37,155,11,15,18,54,1,2,1,0,2,3,0,8,0,1,1,1,2,55,1,1,2,1,0,0,2,1,0,0,18,55,19,8,20,2,0,0,0,0,1,1,0,371053,0,2009,99999,SR-71,99999999999999999999,0000000,34.82571111,-79.18078333,1,1
37,161,11,24,12,13,2,4,0,0,13,2,0,12,8,1,1,1,2,35,1,1,2,1,0,0,1,1,0,0,12,15,12,18,12,37,0,0,0,0,1,3,0,371054,4350,2009,99999,US-74,99999999999999999999,0000000,35.30952222,-81.93878056,2,1
37,171,11,21,1,55,2,2,0,0,3,2,0,13,2,1,1,3,4,70,2,1,2,2,0,0,2,1,0,0,99,99,99,99,99,99,0,0,0,0,1,7,1,371055,0,2009,99999,US-21,99999999999999999999,0000000,36.2923,-80.85310833,2,1
37,1,12,4,22,5,1,2,0,0,2,3,0,38,0,1,4,1,2,55,2,1,2,1,0,0,2,1,0,0,22,6,22,19,23,25,0,0,0,0,1,6,1,371056,0,2009,99999,SR-87,99999999999999999999,0000000,36.07158056,-79.40952222,1,1
37,71,12,5,7,18,1,1,0,0,2,4,0,37,0,1,4,1,2,45,1,1,2,2,0,0,1,1,0,0,99,99,99,99,99,99,0,0,0,0,1,7,1,371057,0,2009,99999,RP-1401,99999999999999999999,0000000,35.27267222,-81.31582222,1,1
37,93,12,5,15,52,2,2,0,0,2,4,0,12,4,2,1,1,2,55,1,2,2,2,20,3,1,2,1,0,99,99,99,99,99,99,0,0,0,0,1,7,0,371058,0,2009,99999,RP-1406,RP-1410,0000000,34.99126111,-79.148425,2,2
37,117,12,4,7,45,2,7,0,0,2,3,0,12,2,1,1,1,2,55,1,1,2,1,0,0,1,1,0,0,99,99,99,99,99,99,0,0,0,0,1,6,0,371059,0,2009,99999,SR-11,99999999999999999999,0000000,35.93604167,-77.31225,2,1
37,147,12,6,5,42,1,2,1,0,2,3,0,8,0,1,1,1,2,55,1,1,2,1,0,0,2,1,0,0,99,99,99,99,88,88,0,0,0,0,1,1,0,371060,0,2009,99999,SR-33,99999999999999999999,0000000,35.626325,-77.33036111,1,1
37,155,12,4,18,18,1,1,0,0,2,4,0,34,0,2,4,1,2,55,1,1,2,2,20,3,2,1,0,0,18,22,18,39,20,51,0,0,0,0,1,6,0,371061,0,2009,99999,RP-2478,RP-2477,0000000,34.39314444,-79.16771667,1,1
37,183,12,1,2,26,1,1,0,0,2,3,0,38,0,1,4,1,2,55,1,2,2,1,0,0,2,1,0,0,99,99,99,99,88,88,0,0,0,0,1,3,1,371062,0,2009,99999,SR-96,99999999999999999999,0000000,35.92019722,-78.38968333,1,1
37,183,12,7,12,54,1,2,0,0,2,4,0,34,0,1,4,1,2,55,2,2,2,1,0,0,1,1,0,0,12,57,13,9,13,24,0,0,0,0,1,2,0,371063,0,2009,99999,RP-2235,99999999999999999999,0000000,35.81969167,-78.435,1,1
37,71,7,29,22,20,3,3,0,1,2,2,0,57,0,1,3,3,4,65,1,1,2,2,0,0,2,1,0,0,22,18,22,29,88,88,0,0,0,0,1,4,1,371064,0,2009,99999,US-321,99999999999999999999,0000000,35.39414167,-81.2086,3,1
37,101,7,15,2,43,1,2,1,0,5,4,0,8,0,1,1,1,2,45,1,1,2,1,0,0,2,1,0,0,99,99,99,99,88,88,0,0,0,0,1,4,0,371065,0,2009,99999,RP-2393,99999999999999999999,0000000,35.52848056,-78.29040833,1,1
37,21,11,17,23,45,1,1,0,0,16,6,0,24,0,1,4,1,2,45,2,3,2,2,0,0,2,2,0,0,99,99,99,99,88,88,0,0,0,0,1,3,0,371066,4910,2009,99999,MERRIMON AVE,99999999999999999999,0000000,35.67851944,-82.57399444,1,2
37,21,11,29,16,14,3,4,0,0,16,6,0,12,8,1,1,1,2,45,2,1,2,9,0,0,1,9,0,0,99,99,99,99,99,99,0,0,0,0,1,1,0,371067,4910,2009,99999,REEMS CREEK ROAD,99999999999999999999,0000000,35.690225,-82.557375,3,9
37,31,11,23,8,58,1,2,0,0,5,4,0,1,0,1,2,1,2,55,1,1,2,2,0,0,1,1,0,0,99,99,99,99,99,99,0,0,0,0,1,2,0,371068,0,2009,99999,RP-1154,99999999999999999999,0000000,34.78490556,-76.79151667,1,1
37,37,11,28,18,1,2,5,0,1,2,2,0,12,2,8,1,1,2,55,1,1,2,1,0,0,2,1,0,0,17,58,17,58,18,40,0,0,0,0,1,7,0,371069,0,2009,99999,US-15,99999999999999999999,0000000,35.59664444,-79.19336944,2,1
37,47,11,12,8,27,1,1,0,0,5,4,0,18,0,1,2,1,2,55,2,1,2,2,0,0,1,2,0,0,99,99,99,99,99,99,0,0,0,0,1,5,0,371070,0,2009,99999,RP-1429,99999999999999999999,0000000,34.30630278,-78.79903056,1,2
37,77,11,25,21,48,1,3,0,0,5,4,0,34,0,1,4,1,2,45,2,1,2,1,0,0,2,1,0,0,99,99,99,99,99,99,0,0,0,0,3,4,0,371071,0,2009,99999,RP-1712,99999999999999999999,0000000,36.07783611,-78.54743889,1,1
37,135,11,23,19,50,1,3,0,0,5,4,0,34,0,1,4,1,2,45,1,1,2,2,0,0,2,2,0,0,20,41,20,59,21,34,0,0,0,0,1,2,0,371072,0,2009,99999,RP-1009,99999999999999999999,0000000,35.99338889,-79.10615556,1,2
37,183,11,8,6,40,1,1,0,0,16,6,0,39,0,1,5,1,4,45,1,2,2,1,0,0,1,1,0,0,6,49,6,54,7,8,0,0,0,0,1,1,0,371073,3750,2009,99999,SIX FORKS ROAD,99999999999999999999,0000000,35.87944444,-78.64578056,1,1
37,1,12,3,22,3,1,2,1,0,5,4,0,8,0,1,1,1,2,45,1,1,2,1,0,0,2,1,0,0,21,55,22,1,23,48,0,0,0,0,1,5,0,371074,0,2009,99999,RP-2312,99999999999999999999,0000000,36.04007222,-79.42792778,1,1
37,13,12,10,9,59,2,3,0,0,4,3,0,12,5,2,1,1,2,55,1,1,2,1,0,0,1,1,0,0,99,99,99,99,88,88,0,0,0,0,2,5,0,371075,0,2009,99999,SR-33,RP-1936,0000000,35.31673611,-76.86653056,2,1
37,49,12,9,17,51,1,3,1,0,5,4,0,8,0,1,1,1,2,55,1,1,2,1,0,0,2,1,0,0,17,50,18,58,19,10,0,0,0,0,1,4,0,371076,0,2009,99999,RP-1400,99999999999999999999,0000000,35.24574167,-77.16381667,1,1
37,57,12,13,17,37,2,3,0,0,5,4,0,12,2,1,1,1,2,45,1,1,2,2,0,0,5,1,0,0,17,45,18,0,18,45,0,0,0,0,1,1,0,371077,0,2009,99999,RP-2005,99999999999999999999,0000000,35.83381944,-80.18991667,2,1
37,71,12,14,19,44,1,1,0,0,5,4,0,32,0,1,4,1,2,45,1,1,2,1,0,0,2,1,0,0,19,41,19,51,20,12,0,0,0,0,1,2,1,371078,0,2009,99999,RP-1804,99999999999999999999,0000000,35.3385,-81.20381944,1,1
37,81,12,10,17,14,1,1,0,0,5,4,0,42,0,1,4,1,2,45,1,1,2,1,0,0,1,1,0,0,17,8,17,29,18,1,0,0,0,0,1,5,0,371079,3665,2009,99999,RP-3621,99999999999999999999,0000000,35.91503889,-79.7233,1,1
37,81,12,11,1,4,2,3,0,1,1,1,0,12,1,1,1,3,4,65,1,3,2,1,0,0,2,1,0,0,1,2,1,18,88,88,0,0,0,0,2,6,0,371080,0,2009,99999,I-85,99999999999999999999,0000000,36.06028889,-79.60360833,2,1
37,101,12,12,21,31,1,4,0,0,5,4,0,43,0,1,4,1,2,55,2,1,2,1,0,0,2,1,0,0,99,99,99,99,99,99,0,0,0,0,1,7,0,371081,0,2009,99999,RP-1143,99999999999999999999,0000000,35.36710278,-78.50927778,1,1
37,109,12,11,20,55,1,2,1,0,5,4,0,8,0,1,1,1,2,45,1,1,2,1,0,0,2,1,0,0,99,99,99,99,99,99,0,0,0,0,1,6,0,371082,0,2009,99999,RP-1360,99999999999999999999,0000000,35.49946111,-81.06039167,1,1
37,155,12,7,16,39,1,1,0,0,4,3,0,42,0,1,4,1,2,55,1,4,2,1,0,0,1,1,0,0,16,39,17,13,18,36,0,0,0,0,1,2,1,371083,0,2009,99999,SR-83,99999999999999999999,0000000,34.68451667,-79.37109167,1,1
37,183,12,2,18,36,2,3,0,0,16,6,0,12,2,1,1,1,2,35,1,1,2,6,0,0,2,2,0,0,18,38,18,44,88,88,0,0,0,0,1,4,0,371084,3750,2009,99999,SKYCREST DRIVE,99999999999999999999,0000000,35.81188889,-78.59171667,2,2
37,183,12,4,6,29,3,3,0,0,5,4,0,12,2,1,1,1,2,45,2,2,2,1,0,0,2,1,0,0,6,30,6,39,7,42,1,0,0,0,1,6,0,371085,0,2009,99999,RP-2044,99999999999999999999,0000000,35.89318611,-78.52533889,3,1
37,183,12,8,7,19,1,2,0,0,5,4,0,43,0,1,4,1,2,35,1,1,2,1,0,0,1,1,0,0,7,27,7,37,8,1,0,0,0,0,1,3,0,371086,0,2009,99999,RP-1633,99999999999999999999,0000000,35.82885278,-78.87404722,1,1
37,183,12,13,3,0,1,2,0,0,16,6,0,33,0,1,4,1,2,45,1,2,2,2,0,0,2,2,0,0,99,99,99,99,88,88,0,0,0,0,2,1,1,371087,3750,2009,99999,PINECREST DRIVE,99999999999999999999,0000000,35.88601667,-78.72714722,1,2
37,119,10,24,23,26,2,4,0,0,16,6,0,13,1,1,1,2,2,45,1,1,2,1,0,0,2,1,0,0,23,25,23,36,99,99,0,0,0,0,1,7,1,371088,870,2009,99999,WT HARRIS BLVD,99999999999999999999,0000000,35.28616111,-80.72556389,2,1
37,81,11,30,13,55,2,3,0,0,4,4,0,12,4,2,1,1,2,45,1,2,2,2,20,3,1,1,0,0,13,52,14,4,14,21,0,0,0,0,1,2,0,371089,0,2009,99999,RP-1113,RP-1145,0000000,35.94215833,-79.90390833,2,1
37,101,11,26,15,15,2,2,0,0,4,4,0,12,2,1,1,1,2,55,2,1,2,1,0,0,1,1,0,0,15,11,15,18,16,29,0,0,0,0,1,5,0,371090,0,2009,99999,RP-1143,99999999999999999999,0000000,35.36518611,-78.51396667,2,1
37,113,11,25,7,50,3,3,0,0,2,3,0,12,8,1,1,1,2,55,1,2,2,1,0,0,1,1,0,0,7,52,7,59,8,38,0,0,0,0,1,4,0,371091,0,2009,99999,SR-28,99999999999999999999,0000000,35.15633611,-83.31456111,3,1
37,119,11,4,15,35,2,3,0,0,16,6,0,12,2,1,1,1,4,45,1,1,2,1,0,0,1,1,0,0,15,35,15,38,99,99,0,0,0,0,2,4,1,371092,870,2009,99999,PINEVILLE MATTHEWS,99999999999999999999,0000000,35.08774722,-80.85980278,2,1
37,119,11,27,13,46,2,7,0,0,16,6,0,12,4,2,1,1,4,55,1,1,2,1,5,3,1,1,0,0,13,46,13,52,99,99,0,0,0,0,1,6,0,371093,870,2009,99999,BILLY GRAHAM PARKWAY,WEST BOULEVARD,0000000,35.206425,-80.92246111,2,1
37,169,11,21,12,23,1,1,0,0,2,3,0,32,0,1,4,1,2,50,2,2,2,1,0,0,9,1,0,0,12,19,12,25,99,99,0,0,0,0,1,7,1,371094,0,2009,99999,SR-65,99999999999999999999,0000000,36.27915278,-80.15204444,1,1
37,35,12,12,22,50,2,3,0,0,4,4,0,12,4,2,1,1,2,45,1,3,2,2,20,3,2,2,1,0,22,46,23,0,99,99,0,0,0,0,1,7,1,371095,0,2009,99999,RP-1722,RP-2436,0000000,35.69940833,-81.16716389,2,2
37,35,12,17,18,10,2,2,0,0,2,4,0,12,4,2,1,1,2,45,1,1,2,1,20,3,2,1,0,0,18,9,18,13,99,99,0,0,0,0,1,5,0,371096,0,2009,99999,RP-1802,RP-1801,0000000,35.65506389,-81.17231389,2,1
37,45,12,16,7,38,1,1,0,0,2,3,0,42,0,1,4,1,2,55,2,2,2,1,0,0,1,1,0,0,99,99,99,99,88,88,0,0,0,0,1,4,0,371097,0,2009,99999,SR-226,99999999999999999999,0000000,,,1,1
37,65,12,17,14,41,1,3,1,0,3,2,0,8,0,1,1,1,2,55,1,1,2,1,0,0,1,1,0,0,14,41,14,43,15,26,0,0,0,0,1,5,0,371098,0,2009,99999,US-258,99999999999999999999,0000000,35.80605,-77.589225,1,1
37,67,12,9,16,47,2,3,0,0,16,6,0,12,4,2,1,1,2,45,1,1,2,1,20,3,1,1,0,0,16,46,16,51,17,23,0,0,0,0,1,4,1,371099,2430,2009,99999,HOPKINS RD,KENTON DR,0000000,36.11998889,-80.10226111,2,1
37,109,12,15,4,35,1,1,0,0,2,4,0,1,0,1,4,1,2,55,2,2,2,2,0,0,2,5,1,0,6,25,6,32,9,54,0,0,0,0,1,3,0,371100,0,2009,99999,RP-1379,99999999999999999999,0000000,35.51643889,-81.00356944,1,5
37,191,12,13,18,38,2,6,0,0,3,4,0,12,2,1,1,1,2,55,2,1,2,1,0,0,2,1,0,0,18,43,19,3,20,9,0,0,0,0,2,1,0,371101,0,2009,99999,RP-1008,99999999999999999999,0000000,35.371975,-78.04841944,2,1
37,77,10,4,23,45,1,1,0,0,5,4,0,42,0,1,4,1,2,55,2,1,2,9,0,0,2,9,0,0,99,99,99,99,88,88,0,18,0,0,1,1,0,371102,0,2009,99999,RP-1127,99999999999999999999,0000000,36.18400833,-78.71496944,1,9
37,51,11,19,7,14,2,6,1,0,16,6,0,9,0,1,1,1,2,55,1,1,2,2,0,0,1,2,0,0,7,10,7,22,7,47,0,0,0,0,1,5,0,371103,1670,2009,99999,STRICKLAND BRIDGE RD,99999999999999999999,0000000,35.00958611,-79.02428333,2,2
37,51,11,30,15,43,3,3,0,0,16,6,0,12,8,1,1,1,4,45,1,1,2,1,0,0,1,1,0,0,15,38,15,44,16,2,0,0,0,0,1,2,0,371104,1670,2009,99999,GROVE STREET,99999999999999999999,0000000,35.04935278,-78.85528611,3,1
37,127,11,20,14,34,2,2,0,0,16,6,0,12,5,2,1,2,2,50,1,1,2,1,3,3,1,1,0,0,14,37,14,42,15,17,0,0,0,0,1,6,0,371105,3930,2009,99999,N WESLEYAN BLVD,JEFFERYS ROAD,0000000,35.98561111,-77.78386667,2,1
37,183,11,4,16,31,2,3,0,0,16,6,0,12,5,8,1,1,4,45,1,2,2,1,20,3,1,1,0,0,16,32,16,39,16,59,0,0,0,0,1,4,0,371106,3750,2009,99999,CREEDMOOR ROAD,99999999999999999999,0000000,35.84039444,-78.68611944,2,1