STATE,COUNTY,MONTH,DAY,HOUR,MINUTE,VE_TOTAL,PERSONS,PEDS,NHS,ROAD_FNC,ROUTE,SP_JUR,HARM_EV,MAN_COLL,REL_JUNC,REL_ROAD,TRAF_FLO,NO_LANES,SP_LIMIT,ALIGNMNT,PROFILE,PAVE_TYP,SUR_COND,TRA_CONT,T_CONT_F,LGT_COND,WEATHER1,WEATHER2,WRK_ZONE,NOT_HOUR,NOT_MIN,ARR_HOUR,ARR_MIN,HOSP_HR,HOSP_MN,SCH_BUS,CF1,CF2,CF3,FATALS,DAY_WEEK,DRUNK_DR,ST_CASE,CITY,YEAR,MILEPT,TWAY_ID,TWAY_ID2,RAIL,LATITUDE,LONGITUD,VE_FORMS,WEATHER
37,13,12,28,11,51,1,5,0,0,5,4,0,34,0,1,4,1,2,55,2,2,2,1,0,0,1,1,0,0,99,99,99,99,99,99,0,0,0,0,3,2,0,371107,0,2009,99999,RP-1001,99999999999999999999,0000000,35.62979722,-77.11108333,1,1
37,37,12,18,14,49,1,2,0,0,5,4,0,34,0,1,4,1,2,55,1,2,2,3,0,0,1,3,0,0,99,99,99,99,99,99,0,0,0,0,1,6,0,371108,0,2009,99999,RP-1003,99999999999999999999,0000000,35.756125,-79.40510278,1,3
37,63,12,9,17,19,2,4,0,0,16,6,0,10,0,6,1,1,2,35,1,2,2,1,60,3,5,1,0,0,17,19,18,23,99,99,0,14,0,0,2,4,0,371109,1360,2009,99999,ELLIS ROAD,PETTIGREW STREET,7352364,35.97254722,-78.86682778,2,1
37,97,12,26,16,42,1,2,0,0,5,4,0,34,0,1,4,1,2,55,2,1,2,1,0,0,1,1,0,0,16,46,16,49,17,32,0,0,0,0,1,7,1,371110,0,2009,99999,RP-2158,99999999999999999999,0000000,35.82218056,-80.83006389,1,1
37,109,12,9,22,3,1,1,0,0,5,4,0,42,0,1,4,1,2,55,2,2,2,1,0,0,2,1,0,0,22,2,22,10,2,3,0,20,0,0,1,4,0,371111,0,2009,99999,RP-1150,99999999999999999999,0000000,35.44635556,-81.41796111,1,1
37,129,12,17,17,30,2,2,0,1,2,2,0,45,5,1,1,1,2,55,1,1,2,1,0,0,5,1,0,0,17,28,17,32,88,88,0,0,0,0,1,5,0,371112,0,2009,99999,US-117,99999999999999999999,0000000,34.33301667,-77.88808889,2,1
37,137,12,1,18,44,2,4,1,0,4,3,0,9,0,1,1,1,4,55,1,1,2,1,0,0,2,1,0,0,18,37,18,47,20,25,0,0,0,0,1,3,0,371113,0,2009,99999,SR-55,99999999999999999999,0000000,35.13651944,-76.86169167,2,1
37,167,12,28,12,28,2,2,0,1,2,2,0,12,5,2,1,1,4,55,1,1,2,1,20,3,1,1,0,0,12,30,12,35,13,37,0,0,0,0,1,2,0,371114,3280,2009,99999,US-52,RP-1817,0000000,,,2,1
37,181,12,21,20,0,2,4,0,0,4,3,0,12,1,8,1,1,2,55,1,1,2,1,0,0,2,1,0,0,99,99,99,99,99,99,0,0,0,0,1,2,0,371115,0,2009,99999,SR-39,99999999999999999999,0000000,36.36931111,-78.41894167,2,1
37,183,12,26,22,15,1,1,0,0,5,4,0,43,0,1,5,1,2,45,2,2,2,1,0,0,2,1,0,0,22,11,22,13,22,49,0,0,0,0,1,7,0,371116,0,2009,99999,RP-2751,99999999999999999999,0000000,35.617325,-78.72411111,1,1
37,173,5,17,3,29,1,1,0,0,16,6,0,19,0,1,4,1,2,30,1,1,2,2,0,0,3,2,1,0,99,99,99,99,99,99,0,0,0,0,1,1,1,371117,660,2009,99999,MAIN ST,99999999999999999999,0000000,35.42605556,-83.44811389,1,2
37,51,6,18,22,51,2,3,0,0,16,6,0,12,4,1,1,1,2,45,1,1,2,1,0,0,2,1,0,0,23,3,23,12,23,39,0,0,0,0,2,5,0,371118,1670,2009,99999,GILLIS HILL RD,99999999999999999999,0000000,35.003425,-79.06001944,2,1
37,81,7,20,13,9,1,1,0,0,16,6,0,33,0,1,4,1,2,35,1,1,2,1,0,0,1,1,0,0,13,3,13,10,13,33,0,0,0,0,1,2,0,371119,1940,2009,99999,HUNT CLUB RD,99999999999999999999,0000000,36.08781111,-79.88811389,1,1
37,89,8,25,11,50,2,4,0,1,2,2,0,12,8,1,1,1,2,55,2,1,2,1,0,0,1,1,0,1,11,55,12,7,99,99,0,0,0,0,1,3,0,371120,0,2009,99999,US-25,99999999999999999999,0000000,35.399125,-82.51075833,2,1
37,27,11,6,23,20,1,1,0,1,2,2,0,1,0,1,2,1,2,55,1,1,2,1,0,0,2,1,0,0,23,24,23,40,0,43,0,0,0,0,1,6,1,371121,0,2009,99999,US-64,99999999999999999999,0000000,35.83611667,-81.63210833,1,1
37,61,12,19,18,25,1,2,1,0,4,4,0,8,0,1,1,1,2,55,1,1,2,1,0,0,2,1,0,0,18,32,18,39,20,19,0,0,0,0,1,7,0,371122,0,2009,99999,RP-1712,99999999999999999999,0000000,34.99351111,-77.71496667,1,1
37,67,12,27,4,3,1,2,1,0,16,6,0,8,0,1,1,1,2,35,1,1,2,1,0,0,3,1,0,0,4,5,4,10,4,33,0,0,0,0,1,1,0,371123,5120,2009,99999,CARVER SCHOOL RD,99999999999999999999,0000000,36.14064722,-80.21109444,1,1
37,129,12,9,1,17,2,2,0,0,16,6,0,12,4,2,1,1,6,50,1,1,2,2,3,3,3,2,1,0,1,18,1,24,1,34,0,0,0,0,1,4,1,371124,5060,2009,99999,CAROLINA BEACH RD,SHIPYARD BLVD,0000000,34.191925,-77.93460833,2,2
37,183,12,8,17,36,1,2,1,0,16,6,0,8,0,1,1,2,4,45,1,1,2,1,0,0,2,1,0,0,99,99,99,99,99,99,0,0,0,0,1,3,0,371125,3140,2009,99999,MORRISVILLE PKWY,99999999999999999999,0000000,35.81126944,-78.83797778,1,1
37,53,11,29,15,5,2,4,0,1,2,2,0,12,2,1,1,1,4,55,1,1,2,1,0,0,1,1,0,0,15,0,15,4,15,58,0,0,0,0,1,1,0,371126,0,2009,99999,US-158,99999999999999999999,0000000,36.21593889,-75.86761111,2,1
37,49,12,31,8,49,1,1,0,0,4,3,0,34,0,1,4,1,2,55,1,1,2,2,0,0,1,1,0,0,9,0,99,99,88,88,0,0,0,0,1,5,0,371127,0,2009,99999,SR-55,99999999999999999999,0000000,35.19771111,-77.20255833,1,1
37,83,12,25,2,8,1,2,0,1,1,1,0,42,0,1,3,2,2,70,1,2,2,1,0,0,2,1,0,0,2,0,2,10,3,32,0,0,0,0,2,6,1,371128,0,2009,99999,I-95,99999999999999999999,0000000,36.37703333,-77.66175278,1,1
37,101,12,14,13,7,3,5,0,0,4,3,0,12,8,1,1,1,2,55,1,1,2,1,0,0,1,1,0,0,13,1,13,10,88,88,0,0,0,0,2,2,0,371129,0,2009,99999,SR-39,99999999999999999999,0000000,35.60581111,-78.25818889,3,1
37,117,12,31,22,39,2,2,0,0,5,4,0,12,2,1,1,1,2,55,2,1,2,2,0,0,2,2,0,0,22,43,22,48,23,6,0,0,0,0,1,5,1,371130,0,2009,99999,RP-1142,99999999999999999999,0000000,35.80716389,-77.13479444,2,2
37,111,12,31,14,56,2,4,0,0,5,4,0,27,0,1,4,1,2,40,2,2,2,1,0,0,1,1,0,0,14,52,14,59,15,25,0,14,0,0,4,5,1,371131,0,2009,99999,RP-1501,99999999999999999999,0000000,35.72617778,-82.01751111,1,1
37,179,12,11,22,46,2,3,0,1,2,2,0,12,2,1,1,1,2,45,1,1,2,1,0,0,3,1,0,0,22,49,22,53,99,99,0,0,0,0,1,6,0,371132,3100,2009,99999,US-601,99999999999999999999,0000000,35.00303889,-80.54416111,2,1
37,93,11,22,2,0,1,2,1,0,2,4,0,8,0,1,1,1,2,55,1,1,2,1,0,0,2,1,0,0,99,99,99,99,99,99,0,0,0,0,1,1,0,371133,0,2009,99999,RP-1134,99999999999999999999,0000000,34.91028889,-79.24661667,1,1
37,85,12,25,13,1,2,8,0,1,11,1,0,12,7,1,1,3,4,65,1,1,2,2,0,0,1,2,1,0,13,0,13,7,13,17,0,0,0,0,1,6,0,371134,1350,2009,99999,I-95,99999999999999999999,0000000,35.34390556,-78.55756667,2,2
37,133,12,31,22,3,1,2,1,1,2,2,0,8,0,1,1,2,4,55,1,1,2,2,0,0,2,2,1,0,22,1,22,14,23,20,0,0,0,0,1,5,0,371135,0,2009,99999,US-17,99999999999999999999,0000000,34.49495556,-77.55558056,1,2
37,135,12,22,10,23,1,3,0,0,4,4,0,10,0,6,1,1,2,45,1,3,2,1,61,3,1,1,0,0,10,24,10,34,11,2,0,0,0,0,2,3,0,371136,0,2009,99999,RP-1120,99999999999999999999,735145T,36.07914167,-79.17037778,1,1
37,165,12,17,19,0,1,1,0,0,4,4,0,1,0,1,2,1,2,55,2,2,2,1,0,0,2,1,0,0,18,58,19,12,20,11,0,0,0,0,1,5,1,371137,0,2009,99999,RP-1223,99999999999999999999,0000000,34.79484444,-79.42771944,1,1
37,155,12,20,10,40,1,1,0,0,2,3,0,34,0,1,4,1,2,55,2,1,2,1,0,0,1,1,0,0,10,40,11,23,12,17,0,0,0,0,1,1,0,371138,0,2009,99999,SR-71,99999999999999999999,0000000,34.79216667,-79.26086389,1,1
37,119,12,18,3,59,1,2,0,1,11,1,0,37,0,1,4,3,4,65,2,1,2,1,0,0,2,1,0,0,3,57,4,6,5,10,0,0,0,0,1,6,0,371139,870,2009,99999,I-485,99999999999999999999,0000000,35.22991667,-80.65612778,1,1
37,17,8,29,8,19,1,2,0,0,2,3,0,34,0,1,4,1,2,55,1,1,2,2,0,0,1,2,1,0,7,56,8,1,8,28,0,0,0,0,1,7,0,371140,0,2009,99999,SR-87,99999999999999999999,0000000,34.60212778,-78.57155833,1,2
37,27,9,20,20,53,1,1,0,0,16,6,0,30,0,1,4,1,2,35,1,1,2,2,0,0,2,1,0,0,20,54,20,56,21,16,0,0,0,0,1,1,0,371141,2270,2009,99999,MAIN STREET,99999999999999999999,0000000,35.81294167,-81.46001944,1,1
37,155,10,5,7,9,1,2,1,0,16,6,0,8,0,1,1,1,2,45,1,1,2,2,0,0,2,2,1,0,7,4,7,28,8,0,0,0,0,0,1,2,0,371142,3790,2009,99999,FOURTH AVE,99999999999999999999,0000000,34.79258889,-79.15615,1,2
37,183,10,31,0,7,1,2,0,0,16,6,0,30,0,1,4,3,3,45,2,1,2,2,0,0,3,2,1,0,0,14,0,18,0,34,0,0,0,0,1,7,1,371143,3750,2009,99999,CAPITAL BLVD,99999999999999999999,0000000,35.81196667,-78.61301389,1,2
37,23,11,13,16,46,1,2,1,0,16,6,0,8,0,1,1,1,5,35,1,1,2,1,0,0,1,1,0,0,16,46,16,54,17,19,0,0,0,0,1,6,0,371144,3130,2009,99999,W UNION STREET,99999999999999999999,0000000,35.74623333,-81.68815556,1,1
37,183,11,8,14,29,1,1,0,0,16,6,0,10,0,6,1,1,2,35,1,1,2,1,61,3,1,1,0,0,14,30,14,38,88,88,0,0,0,0,1,1,0,371145,3140,2009,99999,BARBEE RD,99999999999999999999,734749U,35.85003056,-78.84441389,1,1
37,101,12,29,10,16,2,2,0,0,16,6,0,12,2,1,1,2,2,45,1,1,2,1,0,0,1,1,0,0,99,99,99,99,99,99,0,0,0,0,1,3,0,371146,930,2009,99999,SHOTWELL RD,99999999999999999999,0000000,35.65896944,-78.47826111,2,1
37,179,12,29,9,19,2,4,0,0,2,4,0,12,2,1,1,1,2,55,1,2,2,1,0,0,1,1,0,0,9,18,9,27,9,58,0,0,0,0,1,3,0,371147,0,2009,99999,RP-1006,99999999999999999999,0000000,35.00820556,-80.50824167,2,1
37,127,12,8,18,39,1,2,1,0,16,6,0,8,0,1,1,1,2,45,1,1,2,2,0,0,3,2,1,0,18,41,18,44,88,88,0,0,0,0,1,3,0,371148,3930,2009,99999,S CHURCH ST,99999999999999999999,0000000,35.93618056,-77.80011111,1,2
37,27,12,17,17,47,2,7,0,0,16,6,0,12,2,1,1,1,2,35,2,3,2,1,0,0,2,1,0,0,17,58,18,6,18,33,0,0,0,0,1,5,0,371149,2590,2009,99999,NUWAY CIRCLE,99999999999999999999,0000000,35.93986389,-81.53752222,2,1
37,49,12,5,20,46,1,3,1,0,2,3,0,8,0,1,1,1,2,55,1,1,2,1,0,0,2,1,0,0,20,44,20,50,20,51,0,0,0,0,1,7,0,371150,0,2009,99999,SR-43,99999999999999999999,0000000,35.11078056,-77.099475,1,1
37,51,12,10,14,23,4,8,0,1,12,3,0,12,2,1,1,1,5,45,1,1,2,1,0,0,1,1,0,0,14,25,14,33,14,49,0,0,0,0,4,5,0,371151,2250,2009,99999,SR-59,99999999999999999999,0000000,34.93752222,-78.92251944,4,1
37,61,12,4,20,50,1,1,0,0,4,3,0,24,0,1,4,1,2,55,2,1,2,2,0,0,2,2,0,0,20,49,20,56,21,48,0,0,0,0,1,6,1,371152,0,2009,99999,SR-41,99999999999999999999,0000000,34.781275,-77.91013611,1,2
37,85,12,6,3,45,1,1,0,0,5,4,0,23,0,1,4,1,2,55,1,4,2,1,0,0,2,1,0,0,99,99,99,99,88,88,0,0,0,0,1,1,1,371153,0,2009,99999,RP-1441,99999999999999999999,0000000,35.51420278,-78.76540556,1,1
37,119,12,20,3,45,1,1,0,0,16,6,0,33,0,1,4,1,2,25,1,1,2,1,0,0,3,1,0,0,3,58,4,3,4,22,0,0,0,0,1,1,1,371154,870,2009,99999,EDGEWOOD ROAD,99999999999999999999,0000000,35.24962222,-80.89929167,1,1
37,135,12,12,17,36,1,2,1,0,5,4,0,8,0,1,1,1,2,55,1,1,2,1,0,0,2,1,0,0,99,99,99,99,88,88,0,0,0,0,1,7,0,371155,0,2009,99999,RP-1942,99999999999999999999,0000000,35.87560278,-79.14787778,1,1
37,183,12,9,12,44,2,1,0,0,16,6,0,12,9,1,1,2,2,45,2,2,2,2,0,0,1,1,0,0,99,99,99,99,99,99,0,0,0,0,1,4,0,371156,800,2009,99999,CARY PARKWAY,99999999999999999999,0000000,35.74658056,-78.76948333,1,1
37,61,12,3,21,29,2,6,0,0,2,3,0,12,2,1,1,1,2,55,2,1,2,1,0,0,2,1,0,0,21,27,21,41,22,34,0,0,0,0,1,5,0,371157,0,2009,99999,SR-903,99999999999999999999,0000000,34.84945278,-78.11236389,2,1
37,115,12,25,1,55,1,1,0,0,4,4,0,1,0,1,2,1,2,55,2,2,2,2,0,0,2,2,1,0,99,99,99,99,99,99,0,0,0,0,1,6,1,371158,0,2009,99999,RP-1576,99999999999999999999,0000000,35.76984444,-82.59710278,1,2
37,183,12,4,8,1,1,1,0,0,16,6,0,42,0,1,4,2,5,45,2,1,2,1,0,0,1,1,0,0,8,1,8,7,88,88,0,0,0,0,1,6,0,371159,3750,2009,99999,DURANT RD,99999999999999999999,0000000,35.898575,-78.57473333,1,1
37,97,6,21,2,0,2,2,0,0,4,4,0,12,1,1,1,1,2,55,1,2,2,1,0,0,2,1,0,0,2,4,2,14,2,41,0,0,0,0,1,1,2,371160,0,2009,99999,RP-1001,99999999999999999999,0000000,,,2,1
37,119,12,21,9,42,2,2,0,0,16,6,0,12,4,2,1,1,4,40,1,1,2,1,20,3,1,1,0,0,9,42,9,47,10,21,0,0,0,0,1,2,0,371161,870,2009,99999,MONROE RD,FOX RUN DR,0000000,35.16756389,-80.75595,2,1
37,145,10,24,3,51,1,1,0,0,4,4,0,42,0,1,4,1,2,35,2,2,2,2,0,0,2,2,1,0,3,36,3,51,88,88,0,0,0,0,1,7,1,371162,0,2009,99999,RP-1533,99999999999999999999,0000000,,,1,2
37,57,12,9,16,14,1,1,0,0,2,3,0,16,0,1,1,1,2,55,1,1,2,1,0,0,1,6,1,0,16,0,16,14,88,88,0,0,0,0,1,4,0,371163,0,2009,99999,SR-109,99999999999999999999,0000000,35.51741667,-80.07187778,1,6
37,119,8,3,23,0,1,3,1,0,16,6,0,8,0,2,1,2,4,45,1,1,2,1,20,3,2,1,0,0,99,99,99,99,88,88,0,0,0,0,1,2,0,371164,870,2009,99999,BROOKSHIRE BLVD,OAKDALE RD,0000000,35.28030833,-80.89748333,1,1
37,173,8,14,15,45,1,1,0,0,2,4,0,36,0,1,4,1,2,55,2,2,2,1,0,0,1,1,0,0,15,45,16,3,17,15,0,0,0,0,1,6,0,371165,0,2009,99999,RP-1103,99999999999999999999,0000000,35.30461944,-83.62698611,1,1
37,87,10,11,18,43,1,1,0,0,6,6,0,42,0,1,5,1,2,99,2,2,2,1,0,0,1,1,0,0,18,47,19,19,88,88,0,0,0,0,1,1,0,371166,0,2009,99999,LISTENING COVE,99999999999999999999,0000000,35.70414722,-82.90360556,1,1
37,155,7,18,13,15,1,5,1,1,11,1,0,8,0,1,1,3,2,60,1,2,2,1,0,0,1,1,0,0,13,20,13,24,13,35,0,0,0,0,1,7,0,371167,2770,2009,99999,I-95,99999999999999999999,0000000,34.63504444,-79.02448611,1,1
37,183,9,5,0,29,2,4,0,0,4,4,0,12,8,1,1,1,2,45,2,1,2,1,0,0,2,1,0,0,0,40,0,52,1,21,0,0,0,0,1,7,1,371168,0,2009,99999,RP-2044,99999999999999999999,0000000,35.94695278,-78.52941389,2,1
37,183,8,19,14,47,1,3,0,0,4,4,0,16,0,1,1,1,2,45,1,1,2,1,0,0,1,1,0,0,14,38,14,45,15,32,0,0,0,0,1,4,0,371169,0,2009,99999,RP-1006,99999999999999999999,0000000,35.67744722,-78.65790278,1,1
37,57,11,25,11,31,1,2,0,0,16,6,0,30,0,1,4,1,2,35,1,2,2,1,0,0,1,1,0,0,11,32,11,37,11,52,0,0,0,0,1,4,0,371170,4590,2009,99999,LAKE RD,99999999999999999999,0000000,35.84676111,-80.091275,1,1
37,183,11,23,23,12,2,2,0,1,1,1,0,12,1,1,1,2,6,65,1,1,2,2,0,0,2,1,0,0,23,5,23,10,88,88,0,0,0,0,1,2,0,371171,0,2009,99999,I-540,99999999999999999999,0000000,35.91463611,-78.66485556,2,1
37,119,8,31,21,49,1,2,1,0,16,6,0,8,0,1,1,1,5,45,1,1,2,1,0,0,3,1,0,0,99,99,99,99,88,88,0,0,0,0,1,2,0,371172,870,2009,99999,MONROE RD,99999999999999999999,0000000,35.155775,-80.74848056,1,1
37,137,7,2,18,4,2,2,0,0,4,3,0,12,4,2,1,1,5,55,1,1,2,1,20,3,1,1,0,0,18,1,18,6,19,5,0,0,0,0,1,5,0,371173,0,2009,99999,SR-55,RP-1106,0000000,35.13717778,-76.86000833,2,1
37,69,10,14,20,47,1,3,0,0,4,4,0,34,0,1,4,1,2,55,1,1,2,2,0,0,2,2,1,0,20,40,20,50,21,26,0,0,0,0,1,4,0,371174,0,2009,99999,RP-1211,99999999999999999999,0000000,36.09481667,-78.30428056,1,2
37,157,11,11,19,36,1,2,0,0,4,4,0,16,0,1,1,1,2,55,1,1,2,2,0,0,2,2,1,0,99,99,99,99,99,99,0,0,0,0,1,4,0,371175,0,2009,99999,RP-2351,99999999999999999999,0000000,36.25057222,-79.83884722,1,2
37,145,11,21,9,12,1,1,0,0,4,4,0,42,0,1,4,1,2,55,1,1,2,1,0,0,1,1,0,0,9,15,9,30,88,88,0,0,0,0,1,7,0,371176,0,2009,99999,RP-1721,99999999999999999999,0000000,36.27403333,-78.80141389,1,1
37,67,8,22,7,27,2,2,0,1,11,1,0,42,0,1,4,2,2,60,1,1,2,1,0,0,1,1,0,0,99,99,99,99,99,99,0,14,0,0,1,7,0,371177,2430,2009,99999,I-40,99999999999999999999,0000000,36.08503611,-80.06835833,2,1
37,27,11,5,16,10,2,4,0,0,4,4,0,12,2,1,1,1,2,55,2,1,2,1,0,0,1,1,0,0,16,9,16,20,17,3,0,0,0,0,1,5,1,371178,0,2009,99999,RP-1734,99999999999999999999,0000000,35.86721389,-81.37015278,2,1
37,59,10,7,16,25,1,2,0,0,2,3,0,1,0,1,4,1,2,55,1,1,2,1,0,0,1,1,0,0,16,24,16,34,99,99,0,0,0,0,1,4,0,371179,0,2009,99999,SR-801,99999999999999999999,0000000,35.84126389,-80.49914444,1,1
37,119,1,10,19,55,1,2,1,0,16,6,0,8,0,1,1,3,4,35,1,1,2,1,0,0,3,1,0,0,19,56,20,2,20,19,0,0,0,0,1,7,0,371180,870,2009,99999,CENTRAL AVE,99999999999999999999,0000000,35.20986111,-80.75792222,1,1
37,119,1,17,2,39,1,3,0,0,16,6,0,42,0,1,4,1,2,45,1,1,2,1,0,0,3,1,0,0,2,39,2,47,3,31,0,0,0,0,1,7,1,371181,870,2009,99999,OLD CONCORD RD,99999999999999999999,0000000,35.30447778,-80.723075,1,1
37,119,3,22,4,8,2,3,0,0,16,6,0,12,2,1,1,1,4,35,1,2,2,1,0,0,3,1,0,0,4,8,4,15,4,50,0,0,0,0,1,1,2,371182,870,2009,99999,SHAMROCK DR,99999999999999999999,0000000,35.23706667,-80.77594722,2,1
37,119,3,29,22,15,2,5,0,0,16,6,0,12,4,2,1,2,4,45,1,2,2,1,20,3,3,1,0,0,22,15,22,40,22,45,0,0,0,0,1,1,0,371183,870,2009,99999,OLD STATESVILLE RD,HENDERSON CIR,0000000,35.32219722,-80.82804722,2,1
37,119,4,3,3,30,1,2,0,0,16,6,0,38,0,1,4,1,4,35,2,1,2,2,0,0,3,2,1,0,99,99,99,99,99,99,0,0,0,0,1,6,1,371184,870,2009,99999,TYVOLA RD,99999999999999999999,0000000,35.16595,-80.879975,1,2
37,119,5,22,15,17,2,6,0,0,16,6,0,12,2,1,1,1,2,45,2,2,2,1,0,0,1,1,0,0,15,18,15,39,16,9,0,20,0,0,1,6,0,371185,870,2009,99999,MALLARD CREEK RD,99999999999999999999,0000000,35.31463611,-80.78341389,2,1
37,119,5,31,22,45,1,1,0,0,16,6,0,25,0,1,3,3,4,45,2,2,2,1,0,0,3,1,0,0,22,45,22,51,88,88,0,0,0,0,1,1,0,371186,870,2009,99999,PINEVILLE MATTHEWS,99999999999999999999,0000000,35.08936389,-80.87276389,1,1
37,119,6,5,22,41,1,4,1,0,16,6,0,8,0,1,1,1,5,35,1,1,2,2,0,0,3,1,0,0,22,44,22,47,88,88,0,0,0,0,1,6,0,371187,870,2009,99999,BATTIES FORD RD,99999999999999999999,0000000,35.241975,-80.85903056,1,1
37,119,6,10,12,42,1,1,0,0,16,6,0,33,0,1,4,2,3,35,1,1,2,1,0,0,1,1,0,0,12,44,12,55,13,24,0,0,0,0,1,4,0,371188,870,2009,99999,W ARROWOOD RD,99999999999999999999,0000000,35.14644167,-80.92460556,1,1
37,119,7,11,1,24,1,1,0,0,16,6,0,42,0,1,4,1,2,45,1,1,2,1,0,0,3,1,0,0,1,26,1,33,88,88,0,20,0,0,1,7,0,371189,870,2009,99999,MT HOLLY HUNTERSVILE,99999999999999999999,0000000,35.32591111,-80.94589167,1,1
37,119,7,12,5,20,1,1,0,0,16,6,0,42,0,1,4,1,2,45,2,1,2,1,0,0,4,1,0,0,5,20,5,26,88,88,0,0,0,0,1,1,1,371190,870,2009,99999,BEATTIES FORD RD,99999999999999999999,0000000,35.24043056,-80.8574,1,1
37,119,7,21,23,10,1,2,1,0,13,3,0,8,0,2,1,2,7,45,1,1,2,1,3,3,3,1,0,0,23,9,23,13,23,36,0,0,0,0,1,3,0,371191,870,2009,99999,SR-49,CAROWINDS BLVD,0000000,35.11759167,-80.95756667,1,1
37,119,8,1,23,8,1,2,1,0,16,6,0,8,0,1,1,3,4,45,1,1,2,1,0,0,2,1,0,0,23,8,23,14,88,88,0,0,0,0,1,7,0,371192,870,2009,99999,S TRYON ST,99999999999999999999,0000000,35.11660833,-80.95893889,1,1
37,119,8,6,8,9,1,1,0,0,16,6,0,24,0,1,4,1,2,45,1,2,2,9,0,0,2,1,0,0,8,9,8,12,88,88,0,0,0,0,1,5,1,371193,870,2009,99999,LITTLE ROCK RD,99999999999999999999,0000000,35.2391,-80.94005556,1,1
37,119,8,16,0,59,2,4,0,0,16,6,0,12,4,1,1,2,7,55,1,4,2,1,0,0,3,1,0,0,0,59,1,6,1,40,0,0,0,0,1,1,1,371194,870,2009,99999,N TRYON ST,99999999999999999999,0000000,35.23945,-80.82916389,2,1
37,119,8,19,2,23,1,2,0,0,16,6,0,42,0,1,4,2,3,35,1,1,2,1,0,0,3,1,0,0,2,23,2,28,3,20,0,0,0,0,1,4,1,371195,870,2009,99999,KILBORNE,99999999999999999999,0000000,35.21645278,-80.770625,1,1
37,119,9,30,10,51,1,2,1,0,16,6,0,8,0,1,1,1,4,35,1,2,2,1,0,0,1,1,0,0,10,51,10,56,11,14,0,0,0,0,1,4,0,371196,870,2009,99999,S SHARON AMITY RD,99999999999999999999,0000000,35.17121111,-80.80804722,1,1
37,119,10,14,1,4,1,1,0,0,16,6,0,19,0,1,5,2,4,35,1,1,2,1,0,0,3,1,0,0,1,4,1,10,1,43,0,0,0,0,1,4,1,371197,870,2009,99999,N TRYON ST,99999999999999999999,0000000,35.24001111,-80.82573056,1,1
37,119,10,16,18,57,2,6,0,0,16,6,0,12,4,2,1,3,6,45,1,1,2,1,3,3,1,1,0,0,18,57,19,2,19,32,0,0,0,0,1,6,1,371198,870,2009,99999,INDEPENDENCE BLVD,N SHARON AMITY BLVD,0000000,35.19499444,-80.76667778,2,1
37,119,11,19,20,21,1,2,1,0,16,6,0,8,0,1,1,1,6,55,1,1,2,1,0,0,2,1,0,0,20,21,20,32,88,88,0,0,0,0,1,5,0,371199,870,2009,99999,N TRYON ST,99999999999999999999,0000000,35.24113333,-80.82641667,1,1
37,119,11,25,21,0,1,1,0,0,16,6,0,1,0,1,2,1,2,35,2,1,2,1,0,0,3,1,0,0,21,6,21,11,88,88,0,0,0,0,1,4,1,371200,870,2009,99999,QUEEN CITY BLVD,99999999999999999999,0000000,35.24057222,-80.916625,1,1
37,119,12,7,23,52,1,2,0,0,16,6,0,5,0,1,1,3,7,45,1,1,2,1,0,0,3,1,0,0,23,52,23,56,88,88,0,0,0,0,1,2,1,371201,870,2009,99999,INDEPENDENCE BLVD,99999999999999999999,0000000,35.21393056,-80.83611389,1,1
37,119,12,11,19,48,1,2,1,0,16,6,0,8,0,2,1,3,5,35,1,1,2,1,3,3,1,1,0,0,19,48,19,53,88,88,0,0,0,0,1,6,0,371202,870,2009,99999,CENTRAL AVE,KILBORNE DR,0000000,35.21406944,-80.77131389,1,1
37,119,12,16,11,55,1,2,0,0,16,6,0,5,0,1,1,1,2,35,1,1,2,1,0,0,1,1,0,0,11,54,12,4,12,26,0,0,0,0,1,4,0,371203,870,2009,99999,OAKDALE RD,99999999999999999999,0000000,35.28016944,-80.896625,1,1
37,119,5,29,22,7,1,2,0,1,11,1,0,1,0,1,1,3,6,65,1,1,1,1,0,0,2,1,0,0,22,6,22,18,22,56,0,0,0,0,1,6,0,371204,870,2009,99999,I-485,99999999999999999999,0000000,35.14573889,-80.63964722,1,1
37,51,6,12,4,48,1,2,0,0,16,6,0,42,0,1,4,1,4,50,2,2,2,1,0,0,3,1,0,0,4,56,5,2,5,19,0,0,0,0,1,6,1,371205,1670,2009,99999,PAMALEE DR,99999999999999999999,0000000,35.08999444,-78.92251944,1,1