STATE,COUNTY,MONTH,DAY,HOUR,MINUTE,VE_TOTAL,PERSONS,PEDS,NHS,ROAD_FNC,ROUTE,SP_JUR,HARM_EV,MAN_COLL,REL_JUNC,REL_ROAD,TRAF_FLO,NO_LANES,SP_LIMIT,ALIGNMNT,PROFILE,PAVE_TYP,SUR_COND,TRA_CONT,T_CONT_F,LGT_COND,WEATHER1,WEATHER2,WRK_ZONE,NOT_HOUR,NOT_MIN,ARR_HOUR,ARR_MIN,HOSP_HR,HOSP_MN,SCH_BUS,CF1,CF2,CF3,FATALS,DAY_WEEK,DRUNK_DR,ST_CASE,CITY,YEAR,MILEPT,TWAY_ID,TWAY_ID2,RAIL,LATITUDE,LONGITUD,VE_FORMS,WEATHER
37,51,10,15,8,56,3,5,0,0,16,6,0,12,4,2,1,2,7,45,1,1,2,2,3,3,1,1,0,0,7,49,8,2,8,10,1,0,0,0,1,5,0,371206,1670,2009,99999,RAEFORD RD,PURDUE DR,0000000,35.04552778,-78.92440833,3,1
37,155,11,22,3,37,1,1,0,0,5,4,0,34,0,1,4,1,2,55,2,4,2,1,0,0,2,1,0,0,99,99,99,99,99,99,0,0,0,0,1,1,0,371208,0,2009,99999,RP-1527,99999999999999999999,0000000,34.62854722,-79.10654167,1,1
37,183,12,13,3,2,3,3,0,1,13,2,0,12,2,1,1,2,4,55,1,1,2,2,0,0,2,2,1,0,99,99,99,99,99,99,0,0,0,0,1,1,2,371209,4790,2009,99999,US-1,99999999999999999999,0000000,35.91227222,-78.55190278,3,2
37,133,12,21,11,37,2,4,0,0,14,6,0,12,4,1,1,1,5,45,1,1,2,1,0,0,1,1,0,0,11,24,11,28,11,55,0,0,0,0,1,2,0,371210,2330,2009,99999,WESTERN BLVD,99999999999999999999,0000000,34.79900278,-77.44305556,2,1
37,1,12,22,13,41,2,3,0,0,13,2,0,12,4,2,1,4,3,35,1,1,2,1,3,3,1,1,0,0,13,41,13,50,14,18,0,0,0,0,1,3,0,371211,700,2009,99999,US-70,MOREHEAD ST,0000000,36.09398611,-79.441625,2,1
37,17,12,31,17,53,3,3,0,0,5,4,0,12,2,1,1,1,2,55,1,1,2,2,0,0,2,2,0,0,17,50,18,6,18,38,0,0,0,0,1,5,0,371212,0,2009,99999,RP-1712,99999999999999999999,0000000,34.51723611,-78.52752778,2,2
37,49,10,11,0,44,1,2,0,0,4,3,0,1,0,1,2,1,2,55,2,1,2,1,0,0,2,1,0,0,99,99,99,99,99,99,0,0,0,0,1,1,1,371213,0,2009,99999,SR-55,99999999999999999999,0000000,35.29894444,-77.34598056,1,1
37,47,10,18,11,38,2,7,0,0,4,3,0,12,4,1,1,1,2,55,1,1,2,1,0,0,1,1,0,0,99,99,99,99,99,99,0,0,0,0,1,1,0,371214,0,2009,99999,SR-905,99999999999999999999,0000000,34.18269444,-78.66571389,2,1
38,61,1,4,22,45,1,2,0,0,6,9,0,1,0,1,2,1,2,45,1,2,4,1,0,0,2,1,0,0,22,59,23,23,88,88,0,0,0,0,1,1,1,380001,0,2009,0,74TH AVE NW,99999999999999999999,0000000,48.36038333,-102.2243917,1,1
38,25,1,6,17,43,1,1,0,0,3,3,0,1,0,1,4,1,2,65,1,1,2,1,0,0,2,4,0,0,17,52,18,6,88,88,0,0,0,0,1,3,1,380002,0,2009,1125,SR-22,99999999999999999999,0000000,47.44866667,-102.8257667,1,4
38,29,1,7,15,41,1,2,0,1,2,2,0,27,0,2,2,1,2,65,2,1,2,1,20,3,1,1,0,0,15,41,15,54,16,23,0,0,0,0,1,4,0,380003,0,2009,142,US-83,11TH AVE SE,0000000,46.12340278,-100.1498639,1,1
38,103,1,16,22,15,2,2,0,1,2,2,0,12,2,1,1,1,2,65,1,1,2,4,0,0,2,4,0,0,22,17,22,28,22,50,0,0,0,0,1,6,1,380004,0,2009,1733,US-52,99999999999999999999,0000000,47.73759167,-99.85928611,2,4
38,59,1,30,10,1,1,3,0,1,1,1,0,1,0,1,2,2,2,75,1,1,1,4,0,0,1,1,0,0,10,7,10,19,11,16,0,0,0,0,1,6,0,380005,0,2009,1334,I-94,99999999999999999999,0000000,46.86113056,-101.29665,1,1
38,77,2,5,21,2,2,3,0,0,2,3,0,12,5,2,1,1,2,45,1,1,1,1,20,3,3,1,0,0,21,7,21,12,21,42,0,0,0,0,1,5,1,380006,3230,2009,24,SR-210,4TH ST,0000000,46.28993056,-96.60531389,2,1
38,103,2,14,2,0,1,3,0,0,2,3,0,1,0,1,4,1,2,65,1,1,2,1,0,0,2,1,0,0,2,5,2,23,2,53,0,0,0,0,1,7,1,380007,0,2009,150,SR-15,99999999999999999999,0000000,47.64567222,-99.31078333,1,1
38,101,2,17,7,50,2,2,0,1,2,2,0,12,5,2,1,1,2,70,1,1,2,4,20,3,4,5,0,0,7,53,8,18,9,0,0,0,0,0,1,3,0,380008,0,2009,1827,US-83,SR-23,0000000,47.97895,-101.2912833,2,5
38,99,2,21,2,0,1,1,0,1,2,3,0,1,0,1,4,1,2,65,1,1,2,1,0,0,2,1,0,0,2,22,2,31,88,88,0,0,0,0,1,7,1,380009,0,2009,122,SR-17,99999999999999999999,0000000,48.41265278,-97.52121389,1,1
38,93,2,20,10,57,2,2,0,1,2,2,0,12,4,2,1,1,2,45,1,1,2,4,20,3,1,4,0,0,10,58,11,21,12,2,0,0,0,0,1,6,0,380010,0,2009,904,US-52,17TH ST SE,0000000,47.16774722,-98.90729444,2,4
38,17,3,6,14,11,1,2,0,1,1,1,0,1,0,1,4,2,2,75,1,1,1,1,0,0,1,1,0,0,14,11,14,31,15,25,0,0,0,0,1,6,1,380011,0,2009,820,I-29,99999999999999999999,0000000,47.10334444,-96.95687778,1,1
38,79,3,7,23,15,2,3,0,1,2,2,3,12,2,1,1,1,2,65,1,1,2,1,0,0,2,1,0,0,23,56,23,59,0,30,0,0,0,0,1,7,2,380012,0,2009,2410,US-281,99999999999999999999,0000000,48.82238333,-99.79015278,2,1
38,17,3,9,2,56,1,3,0,1,1,1,0,1,0,1,4,2,2,75,2,1,1,4,0,0,2,2,0,0,2,56,3,11,4,0,0,0,0,0,1,2,0,380013,0,2009,3299,I-94,99999999999999999999,0000000,46.8758,-97.23707222,1,2
38,97,3,10,17,0,3,3,1,1,1,1,0,12,2,1,1,2,2,75,1,1,1,3,0,0,1,4,0,0,17,1,17,44,18,45,0,0,0,0,1,3,0,380014,0,2009,112,I-29,99999999999999999999,0000000,47.51102778,-97.09103056,3,4
38,101,3,27,18,2,2,4,0,0,4,4,0,12,4,1,1,1,2,65,1,1,2,1,0,0,1,1,0,0,18,2,18,14,18,43,0,0,0,0,2,6,0,380015,0,2009,0,CR-14,99999999999999999999,0000000,48.19671667,-101.3499528,2,1
38,89,4,6,11,30,2,4,0,0,3,3,0,12,1,1,1,1,2,65,1,1,2,1,0,0,1,1,0,0,11,35,11,48,12,13,0,0,0,0,2,2,0,380016,0,2009,575,SR-22,99999999999999999999,0000000,46.68568889,-102.7898889,2,1
38,105,4,6,20,5,1,2,0,0,6,4,0,1,0,1,2,1,2,65,2,2,2,1,0,0,1,1,0,0,20,8,20,14,20,33,0,0,0,0,2,2,0,380017,0,2009,0,CR-9,99999999999999999999,0000000,48.13665278,-103.5362722,1,1
38,71,4,10,3,45,1,2,0,0,3,3,3,36,0,1,4,1,2,55,1,2,2,1,0,0,2,1,0,0,4,5,4,14,5,5,0,0,0,0,1,6,1,380018,0,2009,965,SR-20,99999999999999999999,0000000,48.02505556,-98.87835556,1,1
38,77,4,27,16,31,1,1,0,0,4,4,0,1,0,1,4,1,2,55,1,1,4,1,0,0,1,1,0,0,16,33,16,42,88,88,0,0,0,0,1,2,0,380019,0,2009,0,CR-16,99999999999999999999,0000000,46.15204167,-97.21179444,1,1
38,51,5,4,12,5,1,2,0,0,3,3,0,1,0,1,4,1,2,65,1,2,2,1,0,0,1,1,0,0,12,15,12,30,12,55,0,0,0,0,1,2,0,380020,0,2009,514,SR-11,99999999999999999999,0000000,46.02688611,-99.04179167,1,1
38,85,5,6,0,40,2,5,0,0,3,3,3,12,4,1,1,1,2,65,2,2,2,1,0,0,2,1,0,0,0,49,0,58,2,28,0,0,0,0,2,4,1,380021,0,2009,151,SR-24,99999999999999999999,0000000,46.16856667,-100.6834306,2,1
38,35,5,8,10,15,1,1,0,0,6,5,0,10,0,6,1,1,2,55,1,2,4,1,70,3,1,1,0,0,10,24,10,48,88,88,0,0,0,0,1,6,0,380022,0,2009,0,1ST AVE NE,99999999999999999999,086850D,47.68665556,-97.11073056,1,1
38,101,5,8,13,31,2,4,0,1,2,2,0,12,5,2,1,2,2,65,1,2,2,1,20,3,1,1,0,0,13,32,13,32,14,28,0,0,0,0,1,6,0,380023,0,2009,1827,US-83,SR-23,0000000,47.97895,-101.2938167,2,1
38,5,5,10,0,18,1,1,0,0,6,6,3,1,0,1,1,2,2,55,1,1,2,1,0,0,2,1,0,0,0,18,0,23,0,55,0,0,0,0,1,1,1,380024,1117,2009,0,BIA-6,99999999999999999999,0000000,47.97877778,-98.98505556,1,1
38,93,5,10,10,57,2,4,0,0,13,6,0,12,1,8,1,1,2,45,1,1,2,1,0,0,1,1,0,0,11,0,11,5,11,31,0,0,0,0,1,1,0,380025,1600,2009,0,BUS-94/17 1/2 ST SW,99999999999999999999,0000000,46.89216667,-98.72898056,2,1
38,101,5,16,8,30,2,4,0,1,2,3,0,12,6,2,1,1,2,65,1,1,2,1,20,3,1,1,0,0,8,34,8,42,9,47,0,0,0,0,1,7,0,380026,0,2009,813,SR-23,CR-9,0000000,47.97797222,-101.8077278,2,1
38,95,4,21,12,6,2,2,0,1,2,2,0,12,8,1,1,1,2,65,1,1,2,1,0,0,1,1,0,0,12,13,12,24,13,2,0,0,0,0,1,3,0,380027,0,2009,2239,US-281,99999999999999999999,0000000,48.86302222,-99.43013056,2,1
38,49,5,18,6,0,1,4,0,1,2,2,0,1,0,1,4,1,2,65,2,2,2,1,0,0,4,1,0,0,6,12,6,47,8,40,0,0,0,0,3,2,0,380028,0,2009,1323,US-52,99999999999999999999,0000000,48.01458889,-100.8076722,1,1
38,55,5,21,15,38,1,2,0,1,2,2,0,1,0,1,4,2,2,70,1,2,2,1,0,0,1,1,0,0,15,54,15,54,16,44,0,0,0,0,1,5,0,380029,0,2009,1159,US-83,99999999999999999999,0000000,47.18714722,-100.8557806,1,1
38,77,5,22,5,46,1,1,0,0,4,4,0,1,0,1,1,1,2,55,1,1,2,1,0,0,4,1,0,0,5,50,6,3,6,15,0,0,0,0,1,6,1,380030,0,2009,0,CR-10,99999999999999999999,0000000,46.31169444,-96.62514167,1,1
38,101,5,22,16,28,1,2,1,0,16,6,2,8,0,1,1,1,2,99,2,1,1,1,0,0,1,1,0,0,16,28,16,35,99,99,0,0,0,0,1,6,0,380031,0,2009,0,DELTON DR,99999999999999999999,0000000,48.42390278,-101.3086639,1,1
38,55,5,24,1,15,1,4,0,0,4,4,0,1,0,1,4,1,2,55,1,1,4,1,0,0,2,1,0,0,1,56,2,9,2,28,0,0,0,0,1,1,1,380032,0,2009,0,CR-15,99999999999999999999,0000000,47.78288611,-101.4219194,1,1
38,29,5,24,5,30,1,3,0,0,4,3,0,1,0,1,4,1,2,65,2,2,2,1,0,0,2,1,0,0,6,10,6,41,7,35,0,0,0,0,1,1,1,380033,0,2009,510,SR-1804,99999999999999999999,0000000,46.5547,-100.5296667,1,1
38,5,5,24,18,46,1,2,0,0,2,3,3,38,0,1,4,1,2,40,1,1,2,1,0,0,1,1,0,0,18,50,18,52,19,35,0,0,0,0,1,1,0,380034,1117,2009,45,SR-57,99999999999999999999,0000000,47.97820278,-99.02895833,1,1
38,5,5,31,2,30,1,1,0,0,6,8,3,36,0,1,4,1,2,40,1,1,4,1,0,0,2,1,0,0,2,52,3,0,3,51,0,0,0,0,1,1,1,380035,1117,2009,0,BIA-5,99999999999999999999,0000000,48.02187778,-98.867575,1,1
38,43,6,2,22,12,2,2,0,1,1,1,0,12,2,1,1,2,2,75,1,2,2,1,0,0,2,1,0,0,22,27,22,38,0,7,0,0,0,0,1,3,1,380036,0,2009,2067,I-94,99999999999999999999,0000000,46.87846944,-99.79375278,2,1
38,81,6,4,22,56,1,1,0,0,4,4,0,1,0,1,1,1,2,55,1,1,2,1,0,0,2,1,0,0,23,0,23,25,88,88,0,0,0,0,1,5,1,380037,0,2009,0,CR-1,99999999999999999999,0000000,46.15290278,-97.53717778,1,1
38,13,6,7,4,0,1,2,0,0,4,3,0,34,0,1,4,1,2,65,2,1,2,2,0,0,2,2,0,0,5,54,6,18,88,88,0,0,0,0,2,1,1,380038,0,2009,280,SR-40,99999999999999999999,0000000,48.646775,-102.7787722,1,2
38,13,6,14,6,15,1,3,0,0,6,4,0,1,0,1,4,1,2,45,1,1,4,1,0,0,4,1,0,0,6,30,7,0,88,88,0,0,0,0,1,1,1,380039,0,2009,0,CR-13 / 77TH AVE N,99999999999999999999,0000000,48.93265,-102.3932639,1,1
38,105,6,15,18,10,1,1,0,0,4,4,0,23,0,1,2,1,2,40,1,1,2,1,28,3,1,1,0,0,18,13,18,35,19,35,0,0,0,0,1,2,0,380040,0,2009,0,CR-6,99999999999999999999,0000000,48.24128056,-103.5840806,1,1
38,35,6,15,14,15,2,2,0,0,16,6,0,12,5,2,1,1,2,25,1,1,1,1,20,3,1,1,0,0,14,17,14,19,14,59,0,0,0,0,1,2,0,380041,1280,2009,0,38TH ST S,TARGET LOT ENT/EXIT,0000000,47.88708333,-97.082275,2,1
38,75,6,16,19,15,1,1,0,1,2,3,0,35,0,1,4,1,2,65,1,1,2,1,0,0,1,1,0,0,19,21,19,33,21,4,0,0,0,0,1,3,1,380042,0,2009,1173,SR-5,99999999999999999999,0000000,48.76365833,-101.7001833,1,1
38,101,6,20,1,1,2,4,0,0,15,6,0,12,1,1,1,1,2,25,1,1,2,1,0,0,3,1,0,0,1,5,1,7,1,40,0,0,0,0,1,7,1,380043,2170,2009,0,16TH AVE SE,99999999999999999999,0000000,48.21841111,-101.2784528,2,1
38,79,6,20,0,55,1,5,1,0,6,4,3,8,0,1,1,1,2,55,1,2,2,1,0,0,2,1,0,0,0,55,1,10,88,88,0,0,0,0,1,7,0,380044,0,2009,0,BIA-25,99999999999999999999,0000000,48.86653889,-100.0295389,1,1
38,43,6,21,12,7,2,2,0,0,4,3,0,12,5,2,1,1,2,65,1,1,2,1,20,3,1,1,0,0,12,12,12,30,13,41,0,0,0,0,1,1,0,380045,0,2009,389,SR-36,SR-3,0000000,47.14057778,-99.96820556,2,1
38,101,6,21,12,15,1,1,0,0,6,4,0,10,0,6,1,1,2,55,1,1,4,1,70,3,1,1,0,0,12,27,14,20,88,88,0,0,0,0,1,1,0,380046,0,2009,0,CR-5,99999999999999999999,087174,48.32626667,-101.8143361,1,1
38,99,6,23,5,45,1,1,0,0,5,4,0,1,0,1,4,1,2,55,1,1,3,1,0,0,4,1,0,0,8,23,8,39,88,88,0,0,0,0,1,3,1,380047,0,2009,0,CR-12B,99999999999999999999,0000000,48.36939444,-97.78329722,1,1
38,53,6,23,16,0,1,3,0,0,5,4,0,1,0,1,1,1,2,35,2,2,4,1,0,0,1,1,0,0,16,34,17,8,17,50,0,0,0,0,2,3,1,380048,0,2009,0,CR-2/SAND CREEK RD,99999999999999999999,0000000,48.09086667,-103.0236056,1,1
38,77,6,25,1,15,1,2,0,0,5,4,0,42,0,1,4,1,2,55,2,2,2,1,0,0,2,1,0,0,7,22,7,58,88,88,0,0,0,0,2,5,1,380049,0,2009,0,CR-4,99999999999999999999,0000000,46.47129444,-96.78264167,1,1
38,75,6,25,20,30,1,2,0,0,3,3,0,11,0,1,1,1,2,65,1,1,2,1,0,0,1,1,0,0,20,42,20,53,22,11,0,0,0,0,1,5,0,380050,0,2009,888,SR-28,99999999999999999999,0000000,48.88088889,-101.6281278,1,1
38,103,6,26,9,15,1,1,0,0,2,3,0,44,0,1,1,1,2,65,1,2,2,1,0,0,1,1,0,0,9,30,9,36,10,8,0,3,0,0,1,6,0,380051,0,2009,2590,SR-200,99999999999999999999,0000000,47.44321111,-99.83336389,1,1
38,7,6,26,16,52,1,2,0,1,1,1,0,1,0,1,4,2,2,75,1,1,2,2,0,0,1,2,0,0,16,54,17,6,18,0,0,0,0,0,1,6,0,380052,0,2009,318,I-94,99999999999999999999,0000000,46.89389722,-103.406625,1,2
38,79,4,25,1,30,1,2,0,0,6,4,3,5,0,1,1,1,2,99,1,1,1,1,0,0,2,9,0,0,99,99,99,99,99,99,0,0,0,0,1,7,1,380053,0,2009,0,BIA-8,99999999999999999999,0000000,48.84918056,-100.0310694,1,9
38,101,7,16,3,12,1,1,0,0,5,4,0,53,0,1,4,1,2,55,1,1,2,1,0,0,2,1,0,0,5,13,5,30,6,25,0,0,0,0,1,5,1,380054,0,2009,0,CO RD 15,99999999999999999999,0000000,48.3183,-101.4306,1,1
38,85,7,10,3,57,1,2,0,0,3,3,3,1,0,1,4,1,2,65,2,1,2,1,0,0,2,9,0,0,99,99,99,99,99,99,0,0,0,0,1,6,1,380055,0,2009,25,SR-24,99999999999999999999,0000000,46.30118889,-100.6358806,1,9
38,69,7,16,19,35,1,2,0,0,3,3,0,1,0,1,4,1,2,65,1,2,2,1,0,0,1,1,0,0,21,25,21,30,23,5,0,0,0,0,1,5,0,380056,0,2009,1036,SR-19,99999999999999999999,0000000,48.02856111,-99.86996111,1,1
38,99,7,17,18,37,2,3,0,1,2,2,0,12,2,1,1,1,2,65,2,1,2,1,0,0,1,1,0,0,18,37,18,45,19,30,0,0,0,0,2,6,0,380057,0,2009,1846,US-81,99999999999999999999,0000000,48.3225,-97.405,2,1
38,61,7,25,18,10,2,4,0,0,2,3,0,12,2,1,1,1,2,65,1,1,2,1,0,0,1,1,0,0,18,13,18,35,19,35,0,0,0,0,3,7,1,380058,0,2009,764,SR-23,99999999999999999999,0000000,47.978,-101.9136,2,1
38,61,7,27,16,15,1,3,0,0,6,5,3,1,0,1,4,1,2,55,1,2,4,1,0,0,1,1,0,0,16,49,17,9,88,88,0,0,0,0,2,2,1,380059,0,2009,0,79 AVE NW,99999999999999999999,0000000,47.8828,-102.2897,1,1
38,101,7,31,8,15,2,2,0,1,2,2,0,12,2,1,1,1,2,65,1,1,2,2,0,0,1,2,0,0,8,19,8,35,9,58,0,0,0,0,2,6,0,380060,0,2009,595,US-52,99999999999999999999,0000000,48.5048,-101.875,2,2
38,79,8,3,22,32,2,5,0,0,6,4,3,12,2,1,1,1,2,55,1,3,1,1,0,0,2,1,0,0,22,32,22,40,99,99,0,0,0,0,3,2,0,380061,0,2009,0,BIA-10,99999999999999999999,0000000,48.83441111,-99.7675,2,1
38,69,8,6,9,35,2,2,0,0,2,3,0,12,2,1,1,1,2,65,1,2,2,1,0,0,1,1,0,0,9,38,9,48,88,88,0,0,0,0,1,5,0,380062,0,2009,1707,SR-3,99999999999999999999,0000000,47.92756111,-99.94063889,2,1
38,7,8,6,10,44,1,2,0,1,1,1,0,1,0,1,1,2,2,75,1,1,1,2,0,0,1,2,0,0,10,47,11,11,11,43,0,0,0,0,1,5,0,380063,0,2009,345,I-94,99999999999999999999,0000000,46.8895,-103.3521,1,2
38,15,8,7,1,0,1,1,0,0,6,5,0,42,0,1,4,1,2,55,1,2,4,1,0,0,2,9,0,0,11,36,12,0,88,88,0,0,0,0,1,6,1,380064,0,2009,0,145TH ST NE,99999999999999999999,0000000,47.0283,-100.5587,1,9
38,105,8,7,1,15,1,1,0,0,6,6,0,1,0,1,4,1,2,35,2,1,2,1,0,0,2,1,0,0,6,16,6,33,88,88,0,0,0,0,1,6,1,380065,0,2009,0,WEST FRONT ST,99999999999999999999,0000000,48.1437,-103.6575,1,1
38,71,8,7,23,15,1,1,0,0,6,4,0,1,0,1,1,1,2,55,1,1,4,5,0,0,2,2,0,0,23,48,0,16,0,57,0,0,0,0,1,6,1,380066,0,2009,0,94 AVE NE,99999999999999999999,0000000,47.958,-98.5686,1,2
38,99,8,11,1,0,1,3,0,0,6,4,0,34,0,2,4,1,2,55,1,1,4,1,0,0,2,1,0,0,1,15,1,24,1,35,0,0,0,0,1,3,0,380067,0,2009,0,74 ST NE,159 AVE NE,0000000,48.4849,-97.2123,1,1
38,17,8,11,8,5,2,4,0,1,1,1,0,13,4,1,1,2,2,75,1,1,2,1,0,0,1,1,0,0,8,5,8,14,8,35,0,0,0,0,2,3,0,380068,0,2009,895,I-29,99999999999999999999,0000000,47.2046,-96.991,2,1
38,17,8,15,13,13,2,4,0,0,3,3,0,12,5,2,1,1,2,65,1,1,2,1,20,9,1,1,0,0,13,18,13,29,15,0,0,0,0,0,1,7,1,380069,0,2009,829,SR-18,CR-32,0000000,47.00646111,-97.21385,2,1
38,61,8,23,5,54,2,4,0,0,2,3,3,12,2,1,1,1,2,40,2,2,2,1,29,9,2,1,0,0,5,56,6,11,7,0,0,0,0,0,3,1,1,380070,0,2009,487,SR-23,99999999999999999999,0000000,47.9795,-102.5396,2,1
38,33,8,25,15,41,2,3,0,1,1,1,0,12,7,1,1,2,2,75,1,2,1,1,0,0,1,1,0,0,15,41,15,55,16,44,0,0,0,0,1,3,0,380071,0,2009,18,I-94,99999999999999999999,0000000,46.94906944,-103.6584194,2,1
38,53,8,25,17,18,1,2,1,1,2,2,0,9,0,2,1,1,2,65,1,1,2,1,28,3,1,1,0,0,17,32,17,39,17,48,0,0,0,0,1,3,0,380072,0,2009,138,US-85,23 ST NW,0000000,47.74693889,-103.2831389,1,1
38,43,8,28,16,10,3,3,0,0,2,3,0,12,2,4,1,1,2,65,1,2,2,1,0,0,1,1,0,0,16,15,16,20,17,37,0,0,0,0,1,6,0,380073,0,2009,95,SR-3,99999999999999999999,0000000,46.8887,-99.9322,3,1
38,103,8,31,1,58,2,3,0,1,2,2,0,12,5,2,1,1,2,65,1,1,2,1,20,3,2,1,0,0,2,30,2,32,3,13,0,0,0,0,1,2,1,380074,0,2009,2084,US-52,HUGHES AVE S,0000000,47.45728889,-99.40095,2,1
38,55,9,5,19,10,1,2,0,0,5,4,0,1,0,1,2,1,2,55,1,1,4,1,0,0,1,1,0,0,19,25,19,47,99,98,0,0,0,0,1,7,0,380075,0,2009,0,29 ST NW,99999999999999999999,0000000,47.8336,-101.4779,1,1
38,85,9,5,18,2,1,2,0,0,6,4,3,1,0,1,1,1,2,55,2,1,3,1,0,0,1,1,0,0,99,99,99,99,99,99,0,0,0,0,1,7,1,380076,0,2009,0,74 ST SW,99999999999999999999,0000000,46.33523056,-100.5633111,1,1
38,55,9,6,11,40,2,5,0,1,2,2,0,12,1,3,1,2,2,70,1,1,2,1,0,0,1,1,0,0,11,41,11,56,12,45,0,0,0,0,1,1,0,380077,0,2009,135,US-83,COUNTY 18,0000000,47.38606944,-101.1002306,2,1
38,61,9,9,18,17,3,3,0,0,2,3,3,12,2,1,1,1,2,65,1,1,1,1,0,0,1,1,0,0,18,21,18,30,19,48,0,0,0,0,1,4,0,380078,0,2009,596,SR-23,99999999999999999999,0000000,47.9778,-102.2746,3,1
38,91,9,12,2,35,2,2,0,0,5,4,0,12,2,1,1,1,2,55,1,1,2,1,0,0,2,1,0,0,2,50,3,1,3,40,0,0,0,0,1,7,2,380079,0,2009,0,7 ST SE,99999999999999999999,0000000,47.3114,-97.5628,2,1
38,79,9,12,16,15,1,1,0,0,6,4,0,35,0,1,4,1,2,55,1,1,2,1,0,0,1,1,0,0,16,20,16,29,16,46,0,0,0,0,1,7,0,380080,0,2009,0,106 ST NE,99999999999999999999,0000000,48.95021111,-99.72421944,1,1
38,15,9,18,1,0,1,1,0,0,6,4,0,1,0,2,1,1,2,25,1,1,2,1,0,0,2,1,0,0,1,4,1,17,88,88,0,0,0,0,1,6,1,380081,0,2009,0,PINEWOOD LOOP,PRESTON LOOP,0000000,46.7522,-100.7002,1,1
38,53,9,19,16,20,2,2,0,0,2,3,0,12,5,1,1,1,2,65,1,2,2,1,0,0,1,1,0,0,16,34,17,50,88,88,0,0,0,0,1,7,0,380082,0,2009,26,SR-68,99999999999999999999,0000000,47.7761,-103.6478,2,1
38,11,9,25,20,55,1,2,1,1,2,2,0,8,0,2,1,1,2,25,1,1,2,1,0,0,3,1,0,0,20,58,21,4,88,88,0,0,0,0,1,6,0,380083,410,2009,175,US-85,2 ST SW,0000000,46.18018889,-103.3965111,1,1
38,15,9,26,10,45,2,4,0,1,2,2,0,13,2,1,1,2,2,70,1,1,2,1,0,0,1,1,0,0,10,47,10,53,11,28,0,0,0,0,1,7,0,380084,0,2009,943,US-83,99999999999999999999,0000000,46.9079,-100.7717,2,1
38,15,9,29,8,23,2,2,0,0,6,4,0,12,5,2,1,1,2,55,1,1,2,1,21,3,4,1,0,0,8,24,8,44,9,26,0,0,0,0,2,3,0,380085,0,2009,0,158 ST SE,MOFFIT ROAD,0000000,46.6929,-100.5426,2,1
38,77,9,29,13,34,3,3,0,0,2,3,0,12,5,2,1,1,2,45,1,1,2,1,3,3,1,1,0,0,13,35,13,43,13,55,0,0,0,0,1,3,0,380086,0,2009,1,SR-210,78 ST SE,0000000,46.2825,-96.6256,3,1
38,35,10,2,12,27,2,2,0,1,2,2,0,12,5,2,1,2,2,70,1,1,2,1,0,0,1,1,0,0,12,28,12,38,13,8,0,0,0,0,1,6,0,380087,0,2009,3477,US-2,20 ST NE,0000000,47.933,-97.2604,2,1
38,53,10,4,18,35,1,2,0,1,2,2,0,1,0,1,1,1,2,65,2,2,2,1,0,0,1,1,0,0,18,40,18,53,19,12,0,0,0,0,1,1,0,380088,0,2009,126,US-85,99999999999999999999,0000000,47.5949,-103.2531,1,1
38,85,10,11,3,30,1,3,0,0,3,3,3,1,0,2,1,1,2,65,1,1,2,1,20,3,2,1,0,0,4,8,4,25,99,99,0,0,0,0,1,1,1,380089,0,2009,0,SR-24,SR -6,0000000,46.02793056,-100.8094111,1,1
38,35,10,11,13,35,1,1,0,0,6,4,0,10,0,6,1,1,2,25,1,2,4,1,70,9,1,1,0,0,13,39,13,42,88,88,0,0,0,0,1,1,0,380090,0,2009,0,36 ST NE,99999999999999999999,086787N,47.90366111,-97.60826111,1,1
38,15,10,12,6,13,1,2,0,1,1,1,0,1,0,1,1,2,2,75,1,2,1,3,0,0,2,4,0,0,6,16,6,28,6,58,0,0,0,0,1,2,0,380091,0,2009,1633,I-94,99999999999999999999,0000000,46.8385,-100.693,1,4
38,67,10,12,7,51,1,2,0,1,1,1,0,1,0,1,1,2,2,75,1,1,1,2,0,0,1,4,0,0,7,51,8,10,9,48,0,0,0,0,1,2,0,380092,0,2009,2142,I-94,99999999999999999999,0000000,48.95611944,-97.26015,1,4
38,61,10,14,5,15,1,2,0,1,2,2,0,1,0,1,1,2,2,70,1,2,2,2,0,0,2,3,0,0,5,40,6,0,6,17,0,0,0,0,2,4,0,380093,0,2009,925,US-2,99999999999999999999,0000000,48.31588889,-102.3354889,1,3
38,93,10,14,16,53,2,3,0,0,2,3,0,12,4,2,1,1,2,65,1,2,2,3,0,0,1,4,0,0,17,0,17,30,18,50,0,0,0,0,1,4,0,380094,0,2009,324,SR-30,47 ST SE,0000000,46.73295,-99.34291111,2,4
38,19,10,18,9,42,2,2,0,0,2,3,0,12,5,1,1,1,2,65,1,1,2,1,0,0,1,1,0,0,9,45,10,4,10,25,0,0,0,0,1,1,0,380095,0,2009,2653,SR-5,99999999999999999999,0000000,48.76136667,-98.64216389,2,1
38,5,10,20,11,15,1,3,0,0,6,4,0,35,0,1,2,1,2,55,1,1,4,5,0,0,1,1,0,0,11,19,11,32,12,45,0,0,0,0,1,3,0,380096,0,2009,0,38 ST NE,99999999999999999999,0000000,47.9627,-99.3707,1,1
38,71,10,24,14,30,1,3,0,1,2,2,0,35,0,1,3,2,2,70,1,2,2,2,0,0,1,2,0,0,14,30,14,37,14,59,0,0,0,0,1,7,0,380097,0,2009,2665,US-2,99999999999999999999,0000000,48.1327,-98.905,1,2
38,101,10,29,14,20,2,2,0,0,4,4,0,12,5,2,1,1,2,65,1,1,2,2,21,3,1,4,1,0,14,30,14,43,15,25,0,0,0,0,1,5,0,380098,0,2009,0,22 AVE N,66 ST NW,0000000,48.3713,-101.0599,2,4