STATE,COUNTY,MONTH,DAY,HOUR,MINUTE,VE_TOTAL,PERSONS,PEDS,NHS,ROAD_FNC,ROUTE,SP_JUR,HARM_EV,MAN_COLL,REL_JUNC,REL_ROAD,TRAF_FLO,NO_LANES,SP_LIMIT,ALIGNMNT,PROFILE,PAVE_TYP,SUR_COND,TRA_CONT,T_CONT_F,LGT_COND,WEATHER1,WEATHER2,WRK_ZONE,NOT_HOUR,NOT_MIN,ARR_HOUR,ARR_MIN,HOSP_HR,HOSP_MN,SCH_BUS,CF1,CF2,CF3,FATALS,DAY_WEEK,DRUNK_DR,ST_CASE,CITY,YEAR,MILEPT,TWAY_ID,TWAY_ID2,RAIL,LATITUDE,LONGITUD,VE_FORMS,WEATHER
38,59,10,31,99,99,1,1,0,0,6,4,0,1,0,1,2,1,2,55,2,2,2,1,0,0,9,1,0,0,11,33,11,49,88,88,0,0,0,0,1,7,1,380099,0,2009,0,39 ST SW,99999999999999999999,0000000,46.85043889,-101.1373,1,1
38,15,10,31,20,47,1,5,0,0,3,4,0,1,0,1,1,1,2,55,1,2,4,5,0,0,2,1,0,0,20,47,21,12,21,59,0,0,0,0,1,7,0,380100,0,2009,0,LINCOLN RD,99999999999999999999,0000000,46.765,-100.51,1,1
38,35,11,1,1,45,1,1,0,0,4,4,0,1,0,1,1,1,2,55,1,1,2,1,0,0,2,1,0,0,2,20,2,40,88,88,0,0,0,0,1,1,1,380101,0,2009,0,30 ST,99999999999999999999,0000000,48.1466,-97.4707,1,1
38,61,11,9,18,58,2,4,0,0,3,3,0,12,5,2,1,1,2,65,1,2,2,1,0,0,2,1,0,0,19,5,19,12,19,43,0,0,0,0,1,2,0,380102,0,2009,1632,SR-8,88 ST NW,0000000,48.4004,-102.4079,2,1
38,3,11,13,15,5,2,2,0,1,1,1,0,12,1,1,1,2,2,75,1,2,1,1,0,0,1,1,0,0,15,6,15,17,99,99,0,0,0,0,1,6,0,380103,0,2009,290,I-94,99999999999999999999,0000000,46.9137,-98.0529,2,1
38,101,11,16,8,25,1,1,0,0,6,5,0,1,0,1,1,1,2,55,1,2,4,1,0,0,1,1,0,0,8,33,8,44,9,15,0,0,0,0,1,2,0,380104,0,2009,0,97 ST NE,99999999999999999999,0000000,48.2569,-101.144,1,1
38,57,11,17,17,34,2,2,0,0,2,3,0,12,5,2,1,1,2,65,1,1,2,1,20,3,2,1,0,0,17,35,17,53,99,99,0,0,0,0,1,3,1,380105,0,2009,1649,SR-200,CR-37,0000000,47.4004,-101.5046,2,1
38,53,11,23,21,18,1,2,0,0,2,3,3,1,0,1,1,1,2,65,1,1,2,1,0,0,2,1,0,0,21,45,22,18,88,88,0,0,0,0,1,2,1,380106,0,2009,1333,SR-22,99999999999999999999,0000000,47.6765,-102.7282,1,1
38,53,11,24,19,53,2,4,0,1,2,2,0,12,4,1,1,1,2,65,2,1,2,4,0,0,2,4,0,0,19,53,20,30,21,15,0,0,0,0,1,3,0,380107,0,2009,1136,US-85,99999999999999999999,0000000,47.41113889,-103.2481694,2,4
38,55,11,24,22,30,1,1,0,1,2,2,0,1,0,1,1,2,2,70,1,1,2,4,0,0,2,1,0,0,22,30,22,55,23,15,0,0,0,0,1,3,1,380108,0,2009,159,US-83,99999999999999999999,0000000,47.638,-101.2913,1,1
38,69,11,27,18,46,3,5,0,1,2,2,0,12,1,1,1,2,2,70,1,1,2,1,0,0,2,1,0,0,18,49,18,55,19,28,0,0,0,0,1,6,0,380109,0,2009,2136,US-2,99999999999999999999,0000000,48.3547,-99.9543,3,1
38,53,11,29,22,0,1,1,0,0,6,4,0,23,0,1,2,1,2,55,2,2,4,1,0,0,2,1,0,0,99,99,99,99,99,99,0,0,0,0,1,1,1,380110,0,2009,0,SHEEP BUTTE RD,99999999999999999999,0000000,47.66976944,-103.8605194,1,1
38,15,11,30,6,45,2,3,0,0,3,3,0,12,5,2,1,1,2,65,1,1,2,1,20,3,2,1,0,0,6,55,7,8,8,26,0,0,0,0,2,2,1,380111,0,2009,0,SR-14,214 AVE NE,0000000,47.0399,-100.2836,2,1
38,89,11,30,17,0,2,3,0,0,6,4,0,12,1,1,1,1,2,55,1,2,2,1,0,0,2,1,0,0,17,16,17,23,17,42,0,0,0,0,2,2,0,380112,0,2009,0,36 AVE SW,99999999999999999999,0000000,46.89126944,-102.6495111,2,1
38,47,12,3,6,0,1,1,0,0,3,3,0,35,0,1,4,1,2,65,1,2,2,1,0,0,2,1,0,0,6,8,6,20,88,88,0,0,0,0,1,5,0,380113,0,2009,79,SR-46,99999999999999999999,0000000,46.6308,-99.1808,1,1
38,17,12,23,17,13,1,3,0,1,11,1,0,21,0,1,3,2,2,55,1,1,1,4,0,0,3,4,0,0,17,13,17,18,17,32,0,0,0,0,1,4,0,380114,1020,2009,602,I-29,99999999999999999999,0000000,46.8037,-96.83855,1,4
38,21,12,29,13,50,2,2,0,1,2,2,0,12,2,1,1,1,2,65,1,1,2,1,0,0,1,1,0,0,99,99,99,99,99,99,0,0,0,0,1,3,0,380115,0,2009,0.5,US-281,99999999999999999999,0000000,45.9451,-98.5277,2,1
38,57,12,30,18,11,2,2,0,0,2,3,0,12,2,1,1,1,2,65,1,1,2,1,0,0,2,1,0,0,18,11,18,17,18,41,0,0,0,0,2,4,1,380116,0,2009,1491,SR-200,99999999999999999999,0000000,47.29895,-101.66465,2,1
39,113,1,1,0,5,1,5,0,0,14,6,0,43,0,1,4,1,2,35,1,1,2,1,0,0,3,1,0,0,88,88,88,88,88,88,0,0,0,0,5,5,1,390001,2090,2009,0,FINDLAY-ST,99999999999999999999,0000000,39.77229444,-84.15915,1,1
39,49,1,1,3,35,1,3,1,0,15,6,0,8,0,1,1,1,2,35,1,1,2,1,0,0,3,1,0,0,3,35,3,38,4,10,0,0,0,0,1,5,1,390002,1800,2009,0,AIRPORT-DR,99999999999999999999,0000000,39.98961667,-82.94343056,1,1
39,35,1,6,18,47,2,2,0,0,15,6,0,12,2,1,1,1,2,35,2,2,2,4,0,0,3,3,0,0,18,47,18,56,19,23,0,0,0,0,1,3,0,390003,6180,2009,0,LINDBERG-BLVD,99999999999999999999,0000000,41.36970833,-81.87284167,2,3
39,61,1,6,6,4,1,2,1,1,1,1,0,8,0,15,3,2,4,65,1,1,2,4,0,0,2,3,0,0,6,4,6,9,6,40,0,19,0,0,1,3,0,390004,0,2009,44,I-74,99999999999999999999,0000000,39.23415278,-84.76058056,1,3
39,95,1,7,19,32,1,1,0,0,6,4,0,31,0,1,4,1,2,55,1,1,2,3,0,0,2,1,0,0,88,88,88,88,88,88,0,0,0,0,1,4,0,390005,0,2009,0,181,99999999999999999999,0000000,41.65318056,-83.32191944,1,1
39,49,1,8,21,15,1,2,0,1,12,3,0,52,0,1,4,3,4,45,1,1,2,1,0,0,2,1,0,0,23,49,0,15,0,30,0,0,0,0,1,5,1,390006,3200,2009,98,SR-104,99999999999999999999,0000000,39.88049722,-83.02788611,1,1
39,165,1,9,17,25,2,1,0,0,5,4,0,30,0,1,4,1,2,55,2,2,2,1,0,0,1,1,0,0,17,28,17,39,88,88,0,0,0,0,1,6,0,390007,0,2009,0,12,99999999999999999999,0000000,39.45896111,-84.09152222,1,1
39,109,1,11,4,5,1,2,0,0,5,4,0,34,0,1,4,1,2,55,1,1,2,4,0,0,2,4,0,0,4,44,4,51,5,23,0,0,0,0,1,1,1,390008,0,2009,0,31,99999999999999999999,0000000,40.10363056,-84.28812778,1,4
39,17,1,12,19,9,1,2,1,0,12,3,0,8,0,1,1,3,4,45,1,1,2,1,0,0,3,1,0,0,19,9,19,12,19,31,0,0,0,0,1,2,0,390009,5010,2009,104,SR-122,99999999999999999999,0000000,39.49926389,-84.35521111,1,1
39,169,1,14,15,19,2,2,0,0,3,3,0,12,5,1,1,1,2,55,1,2,2,3,0,0,1,4,0,0,15,19,15,28,16,11,0,0,0,0,1,4,0,390010,0,2009,127,SR-585,99999999999999999999,0000000,40.93164444,-81.75589444,2,4
39,17,1,16,23,22,4,1,0,0,6,5,0,42,0,1,4,1,2,35,2,2,2,1,0,0,3,1,0,0,88,88,88,88,88,88,0,0,0,0,1,6,1,390011,0,2009,0,247,99999999999999999999,0000000,39.46063056,-84.55211389,1,1
39,129,1,18,2,35,1,1,0,0,5,4,0,7,0,2,4,1,2,55,1,2,2,3,20,3,2,4,0,0,88,88,88,88,88,88,0,0,0,0,1,1,1,390012,0,2009,0,20,3,0000000,39.72253333,-83.14870833,1,4
39,61,1,21,16,18,1,1,0,0,13,6,0,42,0,1,4,1,6,35,1,2,2,1,0,0,1,1,0,0,88,88,88,88,88,88,0,20,0,0,1,4,0,390013,1610,2009,0,MARTIN-LUTHER-KING,99999999999999999999,0000000,39.13490833,-84.49762222,1,1
39,89,1,6,9,31,2,2,0,0,2,3,0,12,5,2,1,1,2,55,1,1,2,4,0,0,1,3,2,0,9,32,9,38,9,44,0,0,0,0,1,3,0,390015,0,2009,92,SR-16,491,0000000,40.02570833,-82.61032222,2,3
39,83,1,10,16,28,1,1,0,0,4,3,0,37,0,1,4,1,2,55,1,2,2,2,0,0,1,4,0,0,16,29,16,43,88,88,0,0,0,0,1,7,1,390016,0,2009,36,SR-229,99999999999999999999,0000000,40.40321944,-82.57485,1,4
39,61,1,10,6,26,1,2,1,0,15,6,0,8,0,1,1,1,2,25,1,1,2,2,0,0,3,2,0,0,6,26,6,30,88,88,0,0,0,0,1,7,0,390017,1610,2009,0,GRACELY DR,99999999999999999999,0000000,39.10984722,-84.69043611,1,2
39,47,1,10,0,50,1,2,0,0,4,3,0,34,0,1,4,1,2,35,1,1,2,1,0,0,2,1,0,0,0,52,0,58,88,88,0,0,0,0,1,7,1,390018,0,2009,254,SR-41,99999999999999999999,0000000,39.66821667,-83.59085,1,1
39,133,1,15,8,15,1,4,2,1,11,1,0,8,0,1,2,3,6,65,1,2,2,4,0,0,1,1,0,0,8,21,8,29,88,88,0,0,0,0,1,5,0,390019,7875,2009,6,I-80,99999999999999999999,0000000,41.25555,-81.37959444,1,1
39,109,1,14,10,38,2,6,0,1,11,1,0,25,0,1,5,3,6,65,1,1,2,3,0,0,1,4,0,0,10,99,10,99,88,88,0,19,0,0,1,4,0,390020,8100,2009,29,I-75,99999999999999999999,0000000,39.96455556,-84.18977778,2,4
39,47,1,20,23,16,2,4,0,1,1,1,0,12,7,13,1,6,1,55,1,1,2,1,0,0,2,1,0,0,23,16,23,32,0,21,0,0,0,0,1,3,0,390021,0,2009,136,I-71,99999999999999999999,0000000,39.69609167,-83.45729722,2,1
39,141,1,23,14,51,1,2,0,0,4,4,0,34,0,1,5,1,2,55,1,1,2,1,0,0,1,1,0,0,15,16,15,44,16,23,0,0,0,0,1,6,1,390022,0,2009,0,550,99999999999999999999,0000000,39.41358333,-83.19508611,1,1
39,89,1,6,9,40,2,3,0,0,3,2,0,12,5,1,1,1,2,55,1,1,2,4,0,0,1,3,0,0,9,48,9,53,10,49,0,0,0,0,2,3,0,390023,0,2009,22,US-62,99999999999999999999,0000000,40.13738611,-82.72308333,2,3
39,63,1,14,10,10,3,8,0,1,1,1,0,12,1,15,1,3,4,65,1,1,2,3,0,0,1,4,0,0,10,16,10,27,11,45,0,0,0,0,1,4,0,390024,0,2009,244,I-75,99999999999999999999,0000000,41.15705,-83.655275,3,4
39,95,1,15,12,52,2,5,0,0,4,4,0,12,5,1,1,1,2,40,2,1,2,3,0,0,1,1,0,0,12,52,13,1,88,88,0,0,0,0,1,5,0,390025,0,2009,0,1572,99999999999999999999,0000000,41.60697222,-83.68391944,2,1
39,39,1,17,15,8,1,2,1,0,5,3,0,8,0,1,1,1,2,55,1,1,2,3,0,0,1,1,0,0,15,20,15,31,16,35,0,0,0,0,1,7,0,390026,2130,2009,55,SR-424,99999999999999999999,0000000,41.29631111,-84.31664167,1,1
39,87,1,17,16,55,1,1,0,0,3,3,0,24,0,1,2,1,2,55,2,1,2,1,0,0,1,1,0,0,16,57,17,2,17,32,0,0,0,0,1,7,0,390027,0,2009,39,SR-93,99999999999999999999,0000000,38.60713889,-82.6484,1,1
39,153,1,19,5,27,1,2,1,1,12,3,0,8,0,1,1,3,4,50,1,1,2,1,0,0,3,1,0,0,88,88,88,88,88,88,0,0,0,0,1,2,0,390028,880,2009,144,SR-8,99999999999999999999,0000000,41.25525556,-81.50038611,1,1
39,95,1,22,8,10,2,2,0,0,13,3,0,12,2,1,1,1,4,50,1,1,2,1,0,0,1,1,0,0,8,11,8,18,8,44,0,0,0,0,1,5,0,390029,8120,2009,89,SR-184,99999999999999999999,0000000,41.72282778,-83.51946111,2,1
39,141,1,22,8,10,1,1,0,0,3,2,0,37,0,1,4,1,2,55,2,1,2,1,0,0,1,1,0,0,88,88,88,88,88,88,0,0,0,0,1,5,0,390030,0,2009,84,US-50,99999999999999999999,0000000,39.25323056,-83.20024444,1,1
39,17,1,23,14,47,2,3,0,1,12,3,0,12,5,2,1,3,4,50,2,2,1,1,3,3,1,1,0,0,14,55,15,15,15,37,0,0,0,0,1,6,0,390031,3260,2009,162,SR-129,HAMPSHIRE-RD,0000000,39.39060833,-84.53344444,2,1
39,9,1,27,3,30,1,3,0,0,5,4,0,38,0,1,4,1,2,55,1,2,2,3,0,0,2,4,0,0,3,37,4,3,4,52,0,0,0,0,1,3,1,390032,0,2009,0,10,99999999999999999999,0000000,39.2775,-82.21412222,1,4
39,49,2,1,22,55,1,2,1,0,4,4,0,8,0,1,1,1,4,45,1,2,2,2,0,0,2,1,0,0,88,88,88,88,88,88,0,0,0,0,1,1,1,390033,0,2009,0,125,99999999999999999999,0000000,39.91661667,-83.03582778,1,1
39,105,1,15,20,31,2,3,0,1,2,2,0,12,2,1,1,3,4,55,1,1,2,1,0,0,2,1,0,0,20,31,20,59,21,39,0,0,0,0,1,5,0,390034,0,2009,132,US-33,99999999999999999999,0000000,39.04341944,-81.95658056,2,1
39,119,1,20,16,36,1,1,0,0,3,2,0,32,0,1,5,1,2,55,2,2,2,1,0,0,1,1,0,0,16,40,16,48,17,21,0,0,0,0,1,3,0,390035,0,2009,6,US-22,99999999999999999999,0000000,39.85045556,-82.15813889,1,1
39,127,1,16,13,12,2,2,0,0,3,3,0,12,2,1,1,1,2,55,2,2,2,1,0,0,1,1,0,0,13,28,14,3,14,35,0,0,0,0,1,6,0,390036,0,2009,236,SR-13,99999999999999999999,0000000,39.76925833,-82.25165,2,1
39,65,1,17,11,44,2,2,0,0,3,3,0,12,4,1,1,1,2,55,1,1,2,4,0,0,1,1,0,0,11,48,12,2,12,30,0,0,0,0,1,7,0,390037,0,2009,58,SR-309,99999999999999999999,0000000,40.72220556,-83.77499722,2,1
39,9,1,17,5,45,1,2,0,0,6,4,0,37,0,1,5,1,2,55,2,2,2,1,0,0,2,1,0,0,88,88,88,88,88,88,0,0,0,0,1,7,1,390038,0,2009,0,31,99999999999999999999,0000000,39.51884167,-82.08563889,1,1
39,155,1,18,23,25,1,2,0,0,4,2,0,30,0,1,3,2,2,55,2,2,2,2,0,0,2,1,0,0,23,33,23,36,0,2,0,0,0,0,1,1,0,390039,0,2009,16,US-62,99999999999999999999,0000000,41.21009444,-80.53964167,1,1
39,151,1,24,15,0,1,1,0,0,13,3,0,30,0,1,5,1,4,40,1,1,2,1,0,0,1,1,0,0,15,1,15,4,15,30,0,0,0,0,1,7,1,390040,0,2009,105,SR-172,99999999999999999999,0000000,40.79262778,-81.45268056,1,1
39,141,1,26,17,18,3,7,0,1,2,2,0,12,5,2,1,1,4,55,2,1,2,2,0,0,1,1,0,0,17,25,17,31,17,56,0,0,0,0,1,2,1,390041,0,2009,7,US-23,167,0000000,39.18803889,-82.97885278,3,1
39,61,1,28,8,0,2,2,0,0,15,3,0,12,2,1,1,1,2,55,1,1,2,3,0,0,1,1,0,0,8,0,8,10,9,10,0,0,0,0,1,4,0,390042,5070,2009,249,SR-126,99999999999999999999,0000000,39.18840278,-84.29223333,2,1
39,147,1,4,6,15,1,1,0,0,4,4,0,42,0,1,4,1,2,55,2,1,2,4,0,0,2,1,0,0,6,21,6,34,88,88,0,0,0,0,1,1,0,390043,0,2009,0,15,99999999999999999999,0000000,41.22983333,-83.13055833,1,1
39,107,1,8,9,36,1,1,0,0,4,3,0,43,0,1,4,1,2,55,1,1,2,2,0,0,1,1,0,0,9,41,10,2,10,10,0,0,0,0,1,5,0,390044,0,2009,150,SR-219,99999999999999999999,0000000,40.50196667,-84.53491944,1,1
39,145,1,25,16,4,1,2,0,0,4,4,0,42,0,1,4,1,2,55,2,2,2,3,0,0,1,4,0,0,16,4,16,12,17,23,0,0,0,0,1,1,0,390045,0,2009,0,23,99999999999999999999,0000000,38.93798889,-82.89041111,1,4
39,109,2,5,12,46,2,2,0,1,11,1,0,12,7,15,1,3,6,65,1,1,2,1,0,0,1,1,0,2,13,41,13,47,14,40,0,0,0,0,1,5,0,390046,8100,2009,40,I-75,99999999999999999999,0000000,39.96511111,-84.18956944,2,1
39,155,2,8,0,34,1,2,0,0,16,6,0,52,0,1,5,1,2,35,1,2,2,1,0,0,2,1,0,0,0,44,0,53,1,39,0,0,0,0,1,1,1,390047,4365,2009,0,PALMYRA-RD,99999999999999999999,0000000,41.18148333,-80.89393333,1,1
39,129,2,9,2,41,1,2,0,0,4,3,0,38,0,1,4,1,2,55,1,2,2,1,0,0,2,1,0,0,2,54,3,7,3,47,0,0,0,0,1,2,1,390048,0,2009,49,SR-674,99999999999999999999,0000000,39.69315278,-82.83391111,1,1
39,29,2,10,13,55,2,3,0,0,15,3,0,12,5,2,1,1,2,35,2,2,2,2,20,3,1,1,0,0,14,1,14,8,99,99,0,0,0,0,1,3,0,390049,4280,2009,157,SR-164,SR-517,0000000,40.78088611,-80.76303889,2,1
39,79,2,10,11,35,2,2,0,0,4,3,0,12,5,1,1,1,2,55,2,2,2,2,0,0,1,5,0,0,11,39,11,52,12,27,0,0,0,0,1,3,0,390050,0,2009,233,SR-124,99999999999999999999,0000000,39.09373056,-82.44045,2,5
39,37,2,19,6,32,2,2,0,0,3,2,0,12,2,1,1,1,2,55,1,1,2,4,0,0,2,1,0,0,6,33,6,43,88,88,0,0,0,0,1,5,0,390051,0,2009,181,US-127,99999999999999999999,0000000,40.16265556,-84.60635833,2,1
39,5,2,2,13,50,2,3,0,0,4,2,0,12,5,2,1,1,2,55,1,2,2,1,20,3,1,1,0,0,13,50,14,2,14,31,0,0,0,0,1,2,0,390052,0,2009,134,US-42,SR-89,0000000,40.90119722,-82.21339722,2,1
39,49,1,6,20,48,1,2,0,0,14,2,0,39,0,1,5,1,2,35,2,1,2,2,0,0,2,1,0,0,20,48,20,99,22,1,0,0,0,0,1,3,1,390053,1800,2009,186,US-62,99999999999999999999,0000000,39.98138889,-82.94277778,1,1
39,35,2,5,7,40,2,2,1,1,11,1,0,8,0,1,2,3,6,65,1,2,2,2,0,0,1,1,0,0,7,47,7,52,8,35,0,19,0,0,1,5,0,390054,970,2009,172,I-80,99999999999999999999,0000000,41.29006944,-81.66944444,1,1
39,155,2,10,12,32,2,2,0,1,2,2,0,12,5,2,1,3,4,55,1,1,2,2,20,3,1,1,0,0,12,33,12,40,88,88,0,0,0,0,1,3,1,390055,0,2009,77,US-62,175,0000000,41.20661944,-80.54137222,2,1
39,49,2,10,2,28,1,1,0,1,1,1,0,42,0,13,4,6,1,25,2,2,2,1,0,0,3,1,0,0,2,45,3,1,3,25,0,0,0,0,1,3,1,390056,0,2009,545,I-270,99999999999999999999,0000000,40.11004722,-82.97819167,1,1
39,31,2,7,3,56,2,3,0,1,2,3,0,12,2,1,1,1,2,55,2,1,2,2,0,0,2,1,0,0,3,99,4,16,5,4,0,0,0,0,1,7,1,390057,0,2009,18,SR-16,99999999999999999999,0000000,40.17085,-81.91075278,2,1
39,97,2,11,22,25,2,2,0,0,3,2,0,1,0,1,1,1,2,55,1,1,2,1,0,0,2,6,0,0,22,26,22,30,88,88,0,0,0,0,1,4,1,390059,0,2009,231,US-42,99999999999999999999,0000000,40.08431111,-83.28423333,2,6
39,49,2,16,22,39,2,3,2,0,16,6,0,12,1,1,1,3,4,45,1,1,2,1,0,0,2,1,0,0,22,41,22,45,23,1,0,0,0,0,1,2,0,390060,1800,2009,0,W LANE AVE,99999999999999999999,0000000,40.00700833,-83.04599722,1,1
39,95,2,11,0,3,1,3,0,0,6,4,0,30,0,1,4,1,2,55,1,2,2,2,0,0,2,1,0,0,0,4,0,15,1,25,0,0,0,0,2,4,1,390061,0,2009,0,1577,99999999999999999999,0000000,41.41639167,-83.86028333,1,1
39,101,2,13,21,17,2,2,0,0,4,3,0,12,5,2,1,1,2,55,1,1,2,1,20,3,2,1,0,0,21,22,21,41,22,11,0,0,0,0,1,6,0,390062,0,2009,53,SR-98,SR-529,0000000,40.54936389,-83.05011944,2,1
39,33,2,15,5,5,1,1,0,0,5,4,0,42,0,1,4,1,2,55,2,1,2,3,0,0,2,4,0,0,5,5,5,10,88,88,0,0,0,0,1,1,0,390063,0,2009,0,12,99999999999999999999,0000000,40.73229444,-83.10852778,1,4
39,155,2,15,18,45,2,3,0,1,2,3,0,12,5,1,1,2,4,65,1,2,2,4,0,0,2,4,0,0,18,50,18,57,19,30,0,0,0,0,1,1,0,390064,0,2009,131,SR-11,99999999999999999999,0000000,41.25801111,-80.70401667,2,4
39,151,2,16,21,11,1,1,0,0,6,5,0,42,0,1,5,1,2,55,2,2,2,1,0,0,2,1,0,0,21,12,21,24,21,40,0,0,0,0,1,2,1,390065,0,2009,0,174,99999999999999999999,0000000,40.78908056,-81.25317222,1,1
39,89,2,17,17,55,1,3,0,0,6,5,0,31,0,1,4,1,2,55,1,1,4,5,0,0,1,1,0,0,17,57,18,8,18,55,0,0,0,0,1,3,1,390066,0,2009,0,236,99999999999999999999,0000000,40.186125,-82.32927778,1,1
39,45,2,18,20,35,1,1,0,0,6,5,0,42,0,1,4,1,2,55,1,1,2,2,0,0,2,2,0,0,20,44,20,55,21,33,0,0,0,0,1,4,0,390067,0,2009,0,319,99999999999999999999,0000000,39.644475,-82.52978611,1,2
39,55,2,20,1,24,1,2,0,0,4,2,0,34,0,1,4,1,2,55,1,2,2,3,0,0,2,1,0,0,1,37,1,50,2,50,0,0,0,0,1,6,1,390068,0,2009,142,US-6,99999999999999999999,0000000,41.60731111,-81.04086111,1,1
39,17,2,20,10,47,1,2,0,0,5,4,0,1,0,1,1,1,2,55,2,1,2,1,0,0,1,1,0,0,10,55,11,3,88,88,0,0,0,0,1,6,0,390069,0,2009,0,53,99999999999999999999,0000000,39.53972778,-84.71480278,1,1
39,45,2,21,21,0,1,1,0,1,12,2,0,21,0,1,2,3,4,65,1,1,2,4,0,0,2,4,0,0,21,6,21,17,88,88,0,0,0,0,1,7,1,390070,4050,2009,124,US-33,99999999999999999999,0000000,39.73531389,-82.67901667,1,4
39,83,1,1,3,5,1,1,0,0,4,2,0,34,0,1,4,1,2,55,2,2,2,1,0,0,2,1,0,0,3,14,3,21,88,88,0,0,0,0,1,5,1,390071,0,2009,140,US-62,99999999999999999999,0000000,40.38948611,-82.27836111,1,1
39,89,1,2,18,30,2,2,0,1,1,1,0,12,4,1,1,3,4,65,1,1,2,1,0,0,2,1,0,0,18,30,18,35,88,88,0,0,0,0,1,6,0,390072,0,2009,88,I-70,99999999999999999999,0000000,39.94536944,-82.603,2,1
39,49,1,4,10,7,1,2,0,0,15,6,0,33,0,1,4,1,2,25,1,1,2,2,0,0,1,2,0,0,10,17,10,21,10,38,0,0,0,0,1,1,0,390073,1800,2009,0,E 2ND AVE,99999999999999999999,0000000,39.98155,-82.98318056,1,2
39,145,1,6,15,28,2,3,0,1,2,2,0,12,8,1,1,3,4,65,1,1,2,2,0,0,1,2,0,0,15,99,15,99,15,99,0,0,0,0,1,3,0,390074,0,2009,328,US-52,99999999999999999999,0000000,38.66223056,-82.85465,2,2
39,153,1,9,23,43,1,2,1,0,16,6,0,8,0,1,1,1,2,25,1,2,2,3,0,0,2,1,0,0,23,43,23,51,0,21,0,0,0,0,1,6,1,390075,70,2009,0,THE BROOKLANDS ST,99999999999999999999,0000000,41.07051944,-81.45705833,1,1
39,49,1,20,0,45,2,2,0,1,11,1,0,12,1,1,1,3,7,65,2,2,2,1,0,0,2,1,0,0,0,46,0,51,88,88,0,19,0,0,1,3,1,390077,1800,2009,189,I-71,99999999999999999999,0000000,39.98416667,-82.985,2,1
39,155,1,25,18,7,1,3,0,1,1,1,0,34,0,1,3,3,4,65,2,2,2,4,0,0,2,1,0,0,18,13,18,26,18,56,0,0,0,0,1,1,0,390078,0,2009,112,I-80,99999999999999999999,0000000,41.17681389,-80.5382,1,1
39,61,1,30,10,30,1,2,0,0,15,6,0,36,0,1,5,1,4,35,1,2,2,2,0,0,1,1,0,0,10,32,10,38,11,10,0,0,0,0,1,6,0,390079,1610,2009,0,WESTWOOD NORTHERN,99999999999999999999,0000000,39.14871944,-84.58480556,1,1
39,133,2,1,10,52,2,3,0,0,13,3,0,12,5,2,1,1,4,50,2,2,2,2,3,3,1,1,0,0,10,52,10,57,88,88,0,0,0,0,1,1,0,390080,6830,2009,110,SR-14,SR-88,0000000,41.17574722,-81.23213889,2,1
39,49,1,22,19,5,1,2,1,0,13,6,0,8,0,2,1,1,4,40,1,2,2,2,3,3,3,1,0,0,19,7,19,14,19,34,0,0,0,0,1,5,0,390081,1800,2009,0,BETHEL-RD,KENNY-RD,0000000,40.063425,-83.04706944,1,1
39,69,2,11,23,7,2,3,0,0,6,4,0,12,4,2,1,1,2,55,1,1,2,2,20,3,2,2,0,0,23,10,23,20,23,53,0,0,0,0,1,4,0,390082,0,2009,0,P-3,12,0000000,41.39303611,-84.09656389,2,2
39,23,2,24,5,10,1,1,0,0,14,6,0,30,0,1,4,1,2,35,1,1,2,1,0,0,3,1,0,0,5,13,5,16,5,29,0,0,0,0,1,3,1,390083,7800,2009,0,MITCHELL-BLVD,99999999999999999999,0000000,39.93973333,-83.78974167,1,1
39,57,2,28,2,10,3,7,0,1,2,2,0,12,5,2,1,3,4,55,1,1,2,1,3,3,2,1,0,0,2,14,2,17,2,50,0,0,0,0,1,7,1,390084,0,2009,62,US-35,84,0000000,39.70068333,-83.99849444,3,1
39,135,2,28,16,58,1,2,0,0,6,4,0,34,0,1,4,1,2,55,1,2,2,1,0,0,1,1,0,0,16,59,17,5,88,88,0,0,0,0,1,7,1,390085,0,2009,0,32,99999999999999999999,0000000,39.86935,-84.48441944,1,1
39,77,3,4,21,46,1,2,1,0,6,5,0,8,0,1,1,1,2,55,1,1,2,1,0,0,2,1,0,0,88,88,88,88,88,88,0,0,0,0,1,4,0,390086,0,2009,0,168,99999999999999999999,0000000,41.14405,-82.48472778,1,1
39,41,3,4,16,34,1,1,0,0,5,4,0,27,0,1,4,1,2,55,2,2,2,1,0,0,1,1,0,0,16,35,16,46,17,0,0,0,0,0,1,4,1,390087,0,2009,0,220,99999999999999999999,0000000,40.37156944,-83.03103889,1,1
39,93,3,7,18,29,2,2,0,0,4,3,0,12,4,2,1,1,2,55,1,1,2,1,3,3,1,1,0,0,18,29,18,38,19,10,0,0,0,0,1,7,0,390088,0,2009,37,SR-113,51,0000000,41.34731111,-82.27446944,2,1
39,101,2,3,12,32,1,2,1,0,14,3,0,8,0,4,1,1,4,35,1,1,2,4,0,0,1,1,0,0,88,88,88,88,88,88,0,0,0,0,1,3,0,390089,4740,2009,76,SR-423,99999999999999999999,0000000,40.56639722,-83.12092778,1,1
39,121,3,1,6,50,1,4,0,1,1,1,0,24,0,15,2,3,4,65,1,1,2,1,0,0,4,1,0,0,6,55,6,57,7,28,0,0,0,0,1,1,0,390090,0,2009,27,I-77,99999999999999999999,0000000,39.67813889,-81.48922222,1,1