STATE,COUNTY,MONTH,DAY,HOUR,MINUTE,VE_TOTAL,PERSONS,PEDS,NHS,ROAD_FNC,ROUTE,SP_JUR,HARM_EV,MAN_COLL,REL_JUNC,REL_ROAD,TRAF_FLO,NO_LANES,SP_LIMIT,ALIGNMNT,PROFILE,PAVE_TYP,SUR_COND,TRA_CONT,T_CONT_F,LGT_COND,WEATHER1,WEATHER2,WRK_ZONE,NOT_HOUR,NOT_MIN,ARR_HOUR,ARR_MIN,HOSP_HR,HOSP_MN,SCH_BUS,CF1,CF2,CF3,FATALS,DAY_WEEK,DRUNK_DR,ST_CASE,CITY,YEAR,MILEPT,TWAY_ID,TWAY_ID2,RAIL,LATITUDE,LONGITUD,VE_FORMS,WEATHER
39,99,1,18,7,0,2,2,0,0,16,6,0,12,8,1,1,1,4,35,1,2,2,3,0,0,3,1,0,0,7,13,7,20,7,48,0,0,0,0,1,1,0,390091,9230,2009,0,S MEIDIAN RD,99999999999999999999,0000000,41.09999444,-80.71108333,2,1
39,35,1,22,20,8,2,2,0,0,13,6,0,12,2,1,1,1,4,35,1,2,1,1,0,0,2,1,0,0,20,11,20,18,21,46,0,0,0,0,1,5,2,390092,1680,2009,0,W 117TH ST,99999999999999999999,0000000,41.46712222,-81.76944444,2,1
39,141,2,13,8,55,1,1,0,0,4,3,0,1,0,1,5,1,2,55,1,2,2,1,0,0,1,1,0,0,8,57,9,0,88,88,0,0,0,0,1,6,0,390093,0,2009,82,SR-180,99999999999999999999,0000000,39.449525,-82.80854167,1,1
39,11,2,13,14,29,2,4,0,0,4,3,0,14,8,1,2,1,2,55,1,1,2,1,0,0,1,1,0,0,14,41,14,52,99,99,0,0,0,0,1,6,0,390094,0,2009,53,SR-196,99999999999999999999,0000000,40.61168889,-83.97539444,1,1
39,133,2,15,17,52,2,7,0,0,4,3,0,12,8,1,1,1,2,45,1,1,2,4,0,0,5,4,0,0,18,7,18,14,19,0,0,0,0,0,1,1,0,390095,0,2009,69,SR-82,99999999999999999999,0000000,41.30918056,-81.26938889,2,4
39,41,2,16,19,51,1,1,0,0,6,4,0,34,0,1,4,1,2,55,2,1,2,1,0,0,3,1,0,0,19,52,20,0,88,88,0,0,0,0,1,2,0,390096,0,2009,0,19,99999999999999999999,0000000,40.2184,-82.85341111,1,1
39,139,1,22,22,30,3,3,0,0,14,3,0,12,5,2,1,1,2,25,1,1,2,1,3,3,3,1,0,0,22,31,22,37,22,52,0,20,0,0,1,5,2,390097,4680,2009,154,SR-39,SR-13,0000000,40.76331667,-82.51556389,3,1
39,49,2,1,16,55,1,2,1,0,14,6,0,9,0,1,1,1,4,35,1,1,2,2,0,0,5,1,0,0,16,56,16,59,17,15,0,0,0,0,1,1,0,390098,1800,2009,0,KARL RD,99999999999999999999,0000000,40.07872778,-82.97604444,1,1
39,159,2,10,18,15,1,1,0,0,6,4,0,52,0,1,4,1,2,55,1,1,2,1,0,0,5,1,0,0,18,46,18,58,88,88,0,0,0,0,1,3,0,390099,0,2009,0,343,99999999999999999999,0000000,40.49556389,-83.46246667,1,1
39,3,2,12,5,23,1,1,0,1,1,1,0,27,0,1,4,3,4,65,2,2,2,1,0,0,3,1,0,0,99,99,99,99,88,88,0,0,0,0,1,5,0,390100,0,2009,167,I-75,99999999999999999999,0000000,40.834075,-83.97588611,1,1
39,35,2,20,0,10,1,1,0,0,16,6,0,30,0,1,4,1,2,35,1,1,2,3,0,0,3,4,0,0,1,19,1,27,88,88,0,19,0,0,1,6,1,390102,1680,2009,0,HARVARD AVE,99999999999999999999,0000000,41.44903056,-81.59348611,1,4
39,151,2,21,2,40,1,1,0,0,6,4,0,42,0,1,4,1,2,55,1,1,2,1,0,0,2,1,0,0,3,53,4,22,88,88,0,0,0,0,1,7,1,390103,0,2009,0,JUSTUS AVE,99999999999999999999,0000000,40.69150833,-81.57975278,1,1
39,73,2,17,20,14,2,4,0,1,2,2,0,12,8,1,1,3,4,55,2,1,2,1,0,0,2,1,0,0,20,16,20,26,21,16,0,0,0,0,1,3,0,390104,0,2009,170,US-33,99999999999999999999,0000000,39.46908056,-82.31357778,2,1
39,137,2,24,7,31,1,1,0,0,4,3,0,52,0,1,4,1,2,55,2,2,2,1,40,3,1,1,0,0,7,31,7,36,88,88,0,0,0,0,1,3,0,390105,0,2009,1,SR-694,99999999999999999999,0000000,41.02341389,-84.284575,1,1
39,49,2,25,7,27,2,3,0,0,13,6,0,12,5,2,1,1,2,35,2,1,2,1,20,3,1,1,0,0,7,27,7,30,88,88,0,0,0,0,1,4,0,390106,1800,2009,0,HILLIARD ROME RD,GLENCHESTER DR,0000000,39.95888889,-83.14583333,2,1
39,49,2,28,1,18,1,1,0,1,11,1,0,25,0,1,2,3,6,65,1,1,1,1,0,0,3,1,0,0,99,99,99,99,88,88,0,0,0,0,1,7,1,390107,1800,2009,324,I-270,99999999999999999999,0000000,40.06191389,-82.90497778,1,1
39,57,2,28,20,25,1,2,0,1,12,2,0,33,0,1,2,1,2,35,1,1,2,1,0,0,3,1,0,0,20,26,20,31,20,57,0,0,0,0,1,7,1,390108,9180,2009,91,US-68,99999999999999999999,0000000,39.67561667,-83.92524722,1,1
39,143,3,1,13,30,2,4,0,0,4,3,0,12,2,1,1,1,2,55,1,1,2,1,0,0,1,1,0,0,13,35,13,38,99,99,0,0,0,0,3,1,1,390109,0,2009,143,SR-53,99999999999999999999,0000000,41.41617778,-83.09271389,2,1
39,113,3,3,15,15,2,2,0,0,5,4,0,53,0,1,5,1,2,50,1,1,2,1,20,3,1,1,0,0,15,17,15,30,88,88,0,0,0,0,1,3,0,390110,0,2009,0,DIAMOND MILL RD,99999999999999999999,0000000,39.92086111,-84.36959167,2,1
39,75,3,7,23,6,2,1,0,0,14,6,0,1,0,1,5,1,2,25,1,1,2,1,0,0,3,1,0,0,23,7,23,11,23,30,0,20,0,0,1,7,1,390111,3910,2009,0,FRONT ST,99999999999999999999,0000000,40.495,-81.98335,1,1
39,169,2,22,11,50,2,4,2,0,4,3,0,8,0,1,5,1,2,55,1,1,2,4,0,0,1,4,0,0,11,52,12,4,12,24,0,19,0,0,1,1,0,390112,0,2009,50,SR-539,99999999999999999999,0000000,40.87861389,-82.05346667,1,4
39,73,2,19,7,56,2,2,0,0,4,3,0,12,2,1,1,1,2,55,2,2,2,2,0,0,1,4,0,0,7,58,8,10,8,43,0,0,0,0,1,5,0,390113,0,2009,96,SR-180,99999999999999999999,0000000,39.52137778,-82.60097222,2,4
39,141,1,26,10,5,1,2,0,0,6,5,0,37,0,1,4,1,2,45,1,1,2,4,0,0,1,4,0,0,88,88,88,88,88,88,0,0,0,0,2,2,1,390114,0,2009,0,227,99999999999999999999,0000000,39.26643333,-82.83748333,1,4
39,45,2,22,3,20,1,3,1,0,15,6,0,8,0,1,1,1,2,45,1,1,2,4,0,0,3,4,0,0,88,88,88,88,88,88,0,0,0,0,1,1,1,390116,4050,2009,0,SHERIDAN-DR,99999999999999999999,0000000,39.73090556,-82.57224444,1,4
39,113,3,3,21,40,1,1,0,1,12,2,0,24,0,5,2,3,6,50,1,1,1,1,0,0,3,1,0,0,21,44,21,49,23,33,0,0,0,0,1,3,1,390117,2090,2009,124,US-35,99999999999999999999,0000000,39.74078889,-84.25311944,1,1
39,153,3,3,12,50,1,1,0,0,16,6,0,33,0,1,5,1,2,35,2,2,3,1,0,0,1,1,0,0,88,88,88,88,88,88,0,0,0,0,1,3,0,390118,70,2009,0,GLENWOOD-AVE,99999999999999999999,0000000,41.09499167,-81.51428333,1,1
39,95,3,5,11,3,1,2,0,0,13,3,0,42,0,1,4,1,4,50,1,1,2,1,0,0,1,1,0,0,11,14,11,31,11,48,0,0,0,0,1,5,0,390119,8120,2009,26,SR-25,99999999999999999999,0000000,41.57956111,-83.62080556,1,1
39,61,3,11,1,23,2,2,0,1,11,1,0,12,1,15,1,3,6,55,2,2,2,1,0,0,2,1,0,0,1,26,1,33,88,88,0,0,0,0,1,4,1,390120,1610,2009,89,I-75,99999999999999999999,0000000,39.18963056,-84.48089722,2,1
39,57,3,13,12,54,1,1,0,0,6,5,0,38,0,1,4,1,2,55,2,1,2,1,0,0,1,1,0,0,88,88,88,88,88,88,0,0,0,0,1,6,0,390121,0,2009,0,73,99999999999999999999,0000000,39.73145556,-83.95654167,1,1
39,173,3,16,13,43,3,4,0,1,1,1,0,12,2,15,1,3,4,65,2,1,3,1,0,0,1,1,0,0,13,47,14,6,14,43,0,0,0,0,2,2,0,390123,0,2009,45,I-75,99999999999999999999,0000000,41.23616667,-83.65391944,3,1
39,35,1,29,22,26,1,3,0,1,11,1,0,20,0,13,8,6,1,65,1,2,2,3,0,0,2,4,0,0,22,57,23,14,23,32,0,0,0,0,1,5,1,390125,1680,2009,166,I-71,99999999999999999999,0000000,41.45585,-81.71476389,1,4
39,59,2,8,12,36,2,3,0,0,13,3,0,12,5,4,1,1,2,45,1,1,2,1,3,3,1,1,0,0,12,36,12,39,12,59,0,0,0,0,1,1,0,390126,1260,2009,113,SR-209,99999999999999999999,0000000,39.99030833,-81.57327778,2,1
39,93,3,3,12,50,1,3,0,0,9,4,0,42,0,1,4,1,2,55,2,2,2,1,0,0,1,1,0,0,13,11,13,42,14,15,0,0,0,0,3,3,1,390128,0,2009,0,114,99999999999999999999,0000000,41.32901111,-82.10783056,1,1
39,153,3,7,2,1,1,1,0,0,16,6,0,42,0,1,4,1,2,25,1,1,2,2,0,0,3,1,0,0,2,2,2,17,2,31,0,0,0,0,1,7,1,390129,70,2009,0,W YORK ST,99999999999999999999,0000000,41.09992222,-81.51887778,1,1
39,41,3,12,10,24,2,2,0,1,2,2,0,12,5,4,1,1,4,45,1,1,2,1,3,3,1,1,0,0,10,27,10,29,10,48,0,0,0,0,1,5,0,390130,0,2009,10,US-23,99999999999999999999,0000000,40.15241389,-83.01811944,2,1
39,137,3,2,8,3,2,6,0,0,4,3,0,12,8,1,1,1,2,55,1,2,2,1,0,0,1,1,0,0,8,9,8,18,9,11,0,0,0,0,2,2,0,390131,0,2009,31,SR-15,99999999999999999999,0000000,41.13123056,-84.27503889,2,1
39,49,3,13,22,27,1,2,1,0,13,2,0,8,0,1,1,1,2,45,1,1,2,1,0,0,3,1,0,0,22,27,22,31,22,40,0,0,0,0,1,6,0,390132,0,2009,118,US-62,99999999999999999999,0000000,39.94523889,-83.03615833,1,1
39,49,3,17,2,12,1,1,0,0,4,6,0,24,0,1,5,1,2,45,1,1,2,1,0,0,2,1,0,0,2,16,2,23,2,50,0,0,0,0,1,3,0,390133,0,2009,0,SUNBURY RD,99999999999999999999,0000000,40.06046944,-82.92034167,1,1
39,49,3,17,21,29,2,2,0,0,14,6,0,12,5,2,1,1,4,50,1,1,2,1,3,3,3,1,0,0,88,88,88,88,88,88,0,0,0,0,1,3,1,390134,1800,2009,0,HENDERSON-RD,WINTERSET-DR,0000000,40.05181389,-83.05788611,2,1
39,145,3,17,17,25,1,1,0,0,6,4,0,34,0,1,4,1,2,55,2,1,2,1,0,0,1,1,0,0,17,25,17,31,18,22,0,0,0,0,1,3,1,390135,0,2009,0,257,99999999999999999999,0000000,38.70243056,-82.87431111,1,1
39,147,3,19,21,2,1,3,0,0,6,4,0,32,0,1,4,1,2,55,1,1,2,1,0,0,2,1,0,0,21,13,21,28,22,2,0,0,0,0,1,5,0,390136,0,2009,0,18,99999999999999999999,0000000,41.108825,-83.34671944,1,1
39,165,3,21,23,10,1,2,0,0,5,4,0,24,0,1,5,1,2,55,2,1,2,1,0,0,2,1,0,0,23,51,0,1,0,23,0,0,0,0,1,7,1,390137,0,2009,0,38,99999999999999999999,0000000,39.36872778,-84.20215833,1,1
39,49,3,21,23,50,1,2,1,0,14,6,0,8,0,1,1,1,2,40,1,2,2,1,0,0,3,1,0,0,23,51,23,59,1,12,0,0,0,0,1,7,0,390138,1800,2009,0,ALUM-CREEK-DR,99999999999999999999,0000000,39.93446944,-82.94225,1,1
39,29,3,22,3,35,2,2,0,0,6,5,0,12,8,1,1,1,2,55,1,2,2,1,0,0,2,1,0,0,88,88,88,88,88,88,0,0,0,0,1,1,1,390139,0,2009,0,901,99999999999999999999,0000000,40.73687778,-80.69885278,2,1
39,61,3,25,18,47,2,2,0,0,5,4,0,12,5,1,1,1,2,35,1,2,2,2,0,0,1,1,0,0,18,47,18,57,19,30,0,0,0,0,1,4,0,390140,0,2009,0,148,99999999999999999999,0000000,39.18104722,-84.66629722,2,1
39,151,3,26,18,10,1,2,0,0,16,6,0,33,0,1,5,1,2,35,1,1,2,2,0,0,1,1,0,0,18,11,18,17,18,34,0,0,0,0,1,5,1,390141,1320,2009,0,12TH-ST,99999999999999999999,0000000,40.80958611,-81.38438056,1,1
39,45,3,28,12,8,1,1,0,0,6,4,0,38,0,1,4,1,2,55,1,1,2,1,0,0,1,1,0,0,12,8,12,12,12,44,0,0,0,0,1,7,0,390142,0,2009,0,34,99999999999999999999,0000000,39.75493333,-82.68125833,1,1
39,109,4,6,2,0,1,1,0,0,9,4,0,38,0,1,4,1,2,55,1,1,2,2,0,0,2,1,0,0,88,88,88,88,88,88,0,0,0,0,1,2,1,390143,0,2009,0,31,99999999999999999999,0000000,40.10382222,-84.272,1,1
39,153,3,3,10,15,2,2,0,1,11,1,0,12,8,1,1,3,4,55,2,2,2,1,0,0,1,1,0,0,10,18,10,26,10,53,0,0,0,0,1,3,0,390144,460,2009,52,I-76,99999999999999999999,0000000,41.03637778,-81.57795,2,1
39,99,3,4,20,6,1,4,0,1,1,3,0,43,0,1,5,3,4,65,1,1,2,1,0,0,2,1,0,0,20,6,20,13,20,49,0,0,0,0,1,4,0,390145,0,2009,121,SR-11,99999999999999999999,0000000,41.04884722,-80.74609167,1,1
39,93,3,13,20,22,1,2,1,0,14,3,0,8,0,1,1,1,2,40,1,1,2,1,0,0,3,1,0,0,20,22,20,27,20,44,0,0,0,0,1,6,0,390146,400,2009,83,SR-254,99999999999999999999,0000000,41.45533611,-81.97800556,1,1
39,95,3,16,0,57,1,1,0,1,2,2,0,27,0,1,8,3,4,65,2,1,2,1,0,0,3,1,0,0,0,58,1,4,88,88,0,0,0,0,1,2,1,390147,0,2009,100,US-23,99999999999999999999,0000000,41.68944444,-83.69638889,1,1
39,113,3,17,17,10,2,2,0,0,13,4,0,12,7,1,1,1,4,50,1,2,2,1,0,0,1,1,0,0,17,11,17,17,88,88,0,0,0,0,1,3,1,390148,0,2009,0,74,99999999999999999999,0000000,39.82013889,-84.16644722,2,1
39,49,3,18,22,53,1,2,0,0,14,6,0,27,0,1,5,1,2,45,1,1,2,2,0,0,3,2,0,0,22,58,23,6,88,88,0,0,0,0,2,4,1,390149,1800,2009,0,WILLIAMS RD,99999999999999999999,0000000,39.88916667,-82.94527778,1,2
39,23,3,22,2,35,1,1,0,0,6,4,0,34,0,1,4,1,2,55,2,1,2,1,0,0,2,1,0,0,99,99,2,53,88,88,0,0,0,0,1,1,1,390150,0,2009,0,312,99999999999999999999,0000000,39.952325,-83.911775,1,1
39,57,3,21,13,5,2,3,0,0,2,3,0,12,5,2,1,3,5,55,1,1,2,1,3,3,1,1,0,1,13,5,13,11,99,99,0,0,0,0,1,7,0,390151,0,2009,28,SR-444,SR-844,0000000,39.79350278,-84.04832778,2,1
39,37,3,27,12,48,2,5,0,1,2,2,0,12,5,2,1,3,4,55,1,1,2,1,20,3,1,1,0,0,12,51,13,1,13,13,0,0,0,0,2,6,0,390153,0,2009,115,US-36,88,0000000,40.07781944,-84.60941944,2,1
39,95,1,25,5,30,1,2,1,0,16,6,0,9,0,1,1,1,2,25,1,1,2,4,0,0,3,1,0,0,88,88,88,88,88,88,0,0,0,0,1,1,0,390154,8120,2009,0,DOVER-PLACE,99999999999999999999,0000000,41.63834722,-83.49961389,1,1
39,63,3,5,19,28,1,3,1,1,2,3,0,8,0,2,1,1,2,55,1,1,2,1,0,0,2,1,0,0,88,88,88,88,88,88,0,0,0,0,1,5,0,390155,0,2009,198,SR-12,215,0000000,41.08918333,-83.55488889,1,1
39,49,3,20,10,42,2,3,0,0,13,3,0,12,5,4,1,1,4,35,1,1,2,1,0,0,1,1,0,0,10,45,10,49,11,28,0,0,0,0,1,6,0,390157,8940,2009,55,SR-16,99999999999999999999,0000000,39.97333889,-82.90143611,2,1
39,35,3,23,17,26,3,3,0,1,11,1,0,12,4,15,1,3,7,60,1,1,2,1,0,0,1,1,0,0,17,43,17,55,18,16,0,0,0,0,1,2,0,390158,2840,2009,200,I-480,99999999999999999999,0000000,41.41321944,-81.60541667,3,1
39,35,3,29,5,9,1,1,0,0,14,6,0,30,0,1,4,1,4,35,1,1,2,2,0,0,3,1,0,0,88,88,88,88,88,88,0,0,0,0,1,1,1,390159,1680,2009,0,ST-CLAIR-AVE,99999999999999999999,0000000,41.51686944,-81.66336111,1,1
39,113,3,6,19,28,1,4,1,0,15,6,0,8,0,1,1,1,4,40,1,2,2,1,0,0,3,1,0,0,19,28,19,35,88,88,0,0,0,0,1,6,0,390160,8710,2009,0,ALEXANDERSVILLE RD,99999999999999999999,0000000,39.64634444,-84.24305278,1,1
39,99,3,17,21,1,2,5,1,0,13,3,0,8,0,1,1,1,4,35,1,1,2,1,0,0,3,1,0,0,21,4,21,6,21,30,0,0,0,0,1,3,0,390161,9230,2009,115,SR-7,99999999999999999999,0000000,41.06441389,-80.64608611,2,1
39,45,3,27,15,18,1,1,0,0,4,3,0,27,0,1,4,1,2,55,2,1,2,1,0,0,1,1,0,0,15,18,15,25,15,59,0,0,0,0,1,6,1,390162,0,2009,109,SR-158,99999999999999999999,0000000,39.8592,-82.60477222,1,1
39,83,3,28,4,25,1,3,0,0,6,4,0,42,0,1,4,1,2,55,2,2,2,1,40,3,2,1,0,0,5,50,6,26,7,1,0,0,0,0,2,7,1,390163,0,2009,0,79,99999999999999999999,0000000,40.29877222,-82.48928611,1,1
39,49,4,3,1,56,1,1,0,1,11,1,0,50,0,1,4,3,7,65,1,2,2,2,0,0,3,2,0,0,2,12,2,24,2,42,0,0,0,0,1,6,0,390165,1800,2009,94,I-70,99999999999999999999,0000000,39.97060833,-83.070975,1,2
39,129,4,4,21,7,2,4,0,0,3,2,0,12,2,1,1,1,2,55,1,1,2,1,0,0,2,1,0,0,21,10,21,22,99,99,0,0,0,0,2,7,1,390166,0,2009,142,US-22,99999999999999999999,0000000,39.59143611,-83.00561389,2,1
39,49,4,4,2,21,1,3,0,0,14,6,0,21,0,1,5,1,4,35,2,1,2,1,0,0,3,1,0,0,2,22,2,32,2,47,0,0,0,0,1,7,1,390167,1800,2009,0,E 5TH AVE,99999999999999999999,0000000,39.98604722,-82.95368611,1,1
39,35,3,23,11,24,1,2,0,0,16,6,0,33,0,1,4,1,2,25,2,1,2,1,0,0,1,1,0,0,11,28,11,29,11,53,0,0,0,0,1,2,0,390168,530,2009,0,VILLAGE LANE,99999999999999999999,0000000,41.49475,-81.49498333,1,1
39,119,4,6,18,26,1,2,0,0,4,2,0,31,0,1,4,1,4,25,1,1,2,2,0,0,1,2,0,0,18,26,18,99,18,52,0,0,0,0,1,2,0,390169,5660,2009,267,US-22,99999999999999999999,0000000,39.99361111,-81.73305556,1,2
39,27,4,12,11,58,2,4,0,0,4,3,0,12,5,2,1,1,2,55,1,1,2,1,20,3,1,1,0,0,12,0,12,7,99,99,0,0,0,0,1,1,0,390170,0,2009,44,SR-72,SR-729,0000000,39.43228056,-83.63016111,2,1
39,113,4,14,15,22,2,4,0,0,14,3,0,12,8,2,1,1,2,35,1,1,2,2,3,3,1,1,0,0,15,23,15,31,16,7,0,0,0,0,1,3,1,390171,3622,2009,95,SR-201,EXECUTIVE BLVD,0000000,39.87209167,-84.09921944,2,1
39,45,4,6,11,18,2,5,0,0,15,6,0,12,5,2,1,1,4,45,1,1,2,2,3,3,1,1,0,0,11,18,11,23,11,30,0,0,0,0,1,2,0,390172,4050,2009,0,N MEMORIAL DRIVE,SCHORRWAY DRIVE,0000000,39.73633333,-82.62941944,2,1
39,113,2,8,16,11,1,1,0,0,16,6,0,30,0,2,5,1,2,25,1,1,2,1,20,3,1,1,0,0,16,11,16,15,16,35,0,0,0,0,1,1,0,390173,2090,2009,0,BELLAIRE-AVE,SMITHVILLE-RD,0000000,39.72858611,-84.14140278,1,1
39,95,2,25,16,45,1,1,0,1,11,1,0,34,0,15,5,3,4,60,2,2,1,1,0,0,1,1,0,0,88,88,88,88,88,88,0,0,0,0,1,4,1,390174,8120,2009,55,I-280,99999999999999999999,0000000,41.68771944,-83.51540556,1,1
39,3,3,6,23,50,1,2,0,0,6,5,0,53,0,1,4,1,2,55,1,1,2,1,0,0,2,1,0,0,88,88,88,88,88,88,0,0,0,0,2,6,1,390175,0,2009,0,238,99999999999999999999,0000000,40.70142222,-83.89926667,1,1
39,35,3,21,15,15,1,2,1,0,15,6,0,8,0,2,1,1,2,25,1,1,2,1,3,3,1,1,0,0,15,18,15,23,15,39,0,0,0,0,1,7,0,390176,1680,2009,0,ONTARIO-ST,ROCKWELL-AVE,0000000,41.50035,-81.69433611,1,1
39,21,4,3,15,5,2,4,0,0,3,3,0,12,2,1,1,1,2,55,2,1,2,1,0,0,1,1,0,0,15,8,15,17,15,33,0,0,0,0,2,6,0,390177,0,2009,84,SR-36,99999999999999999999,0000000,40.11878056,-83.871725,2,1
39,131,4,4,18,5,1,1,0,0,5,4,0,38,0,1,4,1,2,55,2,2,2,1,0,0,1,1,0,0,18,9,18,33,19,12,0,0,0,0,1,7,0,390178,0,2009,0,65A,99999999999999999999,0000000,39.03036667,-82.93256389,1,1
39,3,4,5,14,19,2,4,0,0,4,3,0,12,5,4,1,1,4,45,1,2,1,1,0,0,1,1,0,0,14,20,14,24,14,52,0,0,0,0,1,1,0,390179,0,2009,105,SR-81,99999999999999999999,0000000,40.75621944,-84.07049167,2,1
39,151,4,7,6,19,3,3,0,1,2,2,0,12,2,2,1,1,2,55,1,2,2,4,20,3,2,4,0,0,88,88,88,88,88,88,0,0,0,0,1,3,0,390180,0,2009,316,US-30,SPRINGDALE-AVE,0000000,40.73535833,-81.11313889,3,4
39,35,4,12,22,57,1,1,0,1,11,1,0,29,0,15,3,3,6,60,1,1,2,1,0,0,3,1,0,0,23,0,23,8,23,24,0,0,0,0,1,1,1,390181,7880,2009,50,I-71,99999999999999999999,0000000,41.34153611,-81.81754722,1,1
39,141,4,21,15,4,1,1,0,0,6,5,0,34,0,1,4,1,2,55,1,1,2,1,0,0,1,1,0,0,88,88,88,88,88,88,0,0,0,0,1,3,1,390182,0,2009,0,144A,99999999999999999999,0000000,39.31184722,-83.05061111,1,1
39,61,4,4,13,26,2,1,0,1,11,1,0,12,3,15,1,3,7,55,1,2,2,1,0,0,1,1,0,0,88,88,88,88,88,88,0,0,0,0,1,7,0,390183,1610,2009,6,I-71,99999999999999999999,0000000,39.10021667,-84.50448056,2,1
39,71,4,1,6,9,2,3,0,0,4,3,0,12,8,1,1,1,2,55,1,1,2,2,0,0,2,1,0,0,6,15,6,20,99,99,0,0,0,0,1,4,0,390184,0,2009,119,SR-73,99999999999999999999,0000000,39.17675,-83.58718056,2,1
39,115,4,2,1,30,1,1,0,0,3,3,0,34,0,1,4,1,2,55,1,2,2,1,0,0,2,1,0,0,1,54,1,57,88,88,0,0,0,0,1,5,1,390185,0,2009,166,SR-78,99999999999999999999,0000000,39.649325,-81.89110833,1,1
39,33,4,4,18,45,1,1,0,0,6,5,0,1,0,1,5,1,2,55,2,1,2,1,0,0,1,1,0,0,18,45,18,52,19,19,0,0,0,0,1,7,0,390186,0,2009,0,8,99999999999999999999,0000000,40.71233056,-82.80421389,1,1
39,129,4,10,12,19,3,3,0,0,4,3,0,12,1,1,1,1,2,55,1,1,2,2,0,0,1,2,0,0,12,19,12,27,12,53,0,0,0,0,1,6,0,390187,0,2009,156,SR-104,99999999999999999999,0000000,39.72583333,-83.02111111,3,2
39,35,3,24,21,5,1,1,0,0,14,6,0,30,0,15,2,1,2,35,1,2,2,1,0,0,3,1,0,0,21,6,21,14,21,35,0,0,0,0,1,3,0,390188,1680,2009,0,W-41ST-ST,99999999999999999999,0000000,41.47643889,-81.71344444,1,1
39,37,4,14,8,49,2,2,0,0,3,2,0,12,2,1,1,1,2,55,1,2,2,2,0,0,1,1,0,0,8,47,8,56,9,34,0,0,0,0,1,3,1,390189,0,2009,182,US-127,99999999999999999999,0000000,40.16388056,-84.60595,2,1
39,145,4,15,7,0,1,1,0,0,6,4,0,42,0,1,4,1,2,55,2,2,2,1,0,0,1,1,0,0,7,0,7,10,7,46,0,0,0,0,1,4,1,390190,0,2009,0,47,99999999999999999999,0000000,38.85138889,-83.07246111,1,1
39,1,4,15,22,0,2,2,0,0,12,3,0,12,5,2,1,3,4,60,1,1,2,2,3,3,2,1,0,0,22,0,22,4,23,58,0,0,0,0,1,4,0,390191,7350,2009,63,SR-32,SR-247,0000000,38.93193056,-83.56901111,2,1
39,113,4,17,4,20,3,3,0,1,1,1,0,12,1,15,1,3,6,55,1,1,2,1,0,0,3,1,0,1,4,32,4,48,6,13,0,0,0,0,1,6,0,390192,0,2009,168,I-75,99999999999999999999,0000000,39.80911944,-84.18903889,3,1
39,41,4,18,19,21,2,2,0,0,2,2,0,12,2,1,1,1,4,45,1,1,2,1,0,0,1,1,0,0,19,41,19,56,20,11,0,0,0,0,1,7,0,390193,0,2009,3,US-23,99999999999999999999,0000000,40.14180278,-83.01751111,2,1
39,27,4,19,16,19,2,5,0,0,4,3,0,12,5,2,1,1,2,55,1,1,2,1,20,3,1,1,0,0,16,19,16,28,99,99,0,0,0,0,1,1,1,390194,0,2009,44,SR-72,SR-729,0000000,39.43217778,-83.63006111,2,1
39,113,4,26,1,42,2,2,0,0,14,3,0,12,5,2,1,3,4,50,1,1,2,1,3,3,3,1,0,0,1,42,1,49,2,22,0,0,0,0,1,1,2,390195,3895,2009,27,SR-835,SHAKERTOWN-RD,0000000,39.71709167,-84.10459167,2,1
39,77,4,15,8,21,2,2,0,1,2,2,0,12,8,2,1,1,2,45,1,1,2,2,3,3,1,2,0,0,8,26,8,43,9,19,0,0,0,0,1,4,0,390196,0,2009,186,US-224,SR-13,0000000,41.02959722,-82.48526944,2,2
39,27,4,17,15,30,1,3,0,0,4,4,0,53,0,1,4,1,2,55,1,1,2,1,0,0,1,1,0,0,15,38,15,57,16,99,0,0,0,0,1,6,0,390197,0,2009,0,12,99999999999999999999,0000000,39.41187778,-83.75326667,1,1
39,71,4,17,1,39,1,2,0,0,6,5,0,53,0,1,4,1,2,40,1,2,2,1,0,0,2,1,0,0,1,45,1,52,88,88,0,0,0,0,2,6,1,390198,0,2009,0,228,99999999999999999999,0000000,39.12764722,-83.54714167,1,1
39,145,4,22,9,17,3,3,0,0,14,3,0,12,8,1,1,1,2,35,1,1,2,1,0,0,1,1,0,0,9,29,9,34,99,99,0,0,0,0,1,4,1,390199,6700,2009,14,SR-139,99999999999999999999,0000000,38.77385833,-82.9415,3,1
39,113,4,26,2,10,1,3,0,0,13,3,0,30,0,1,4,1,4,35,1,1,2,1,0,0,3,1,0,0,2,13,2,18,88,88,0,0,0,0,3,1,1,390200,2090,2009,138,SR-48,99999999999999999999,0000000,39.77218056,-84.19692222,1,1
39,31,2,1,14,53,2,3,0,0,4,4,0,12,2,1,1,1,2,55,2,2,2,4,0,0,1,1,0,0,14,58,15,18,15,57,0,0,0,0,1,1,0,390201,0,2009,0,16,99999999999999999999,0000000,40.27731667,-81.83228611,2,1