STATE,COUNTY,MONTH,DAY,HOUR,MINUTE,VE_TOTAL,PERSONS,PEDS,NHS,ROAD_FNC,ROUTE,SP_JUR,HARM_EV,MAN_COLL,REL_JUNC,REL_ROAD,TRAF_FLO,NO_LANES,SP_LIMIT,ALIGNMNT,PROFILE,PAVE_TYP,SUR_COND,TRA_CONT,T_CONT_F,LGT_COND,WEATHER1,WEATHER2,WRK_ZONE,NOT_HOUR,NOT_MIN,ARR_HOUR,ARR_MIN,HOSP_HR,HOSP_MN,SCH_BUS,CF1,CF2,CF3,FATALS,DAY_WEEK,DRUNK_DR,ST_CASE,CITY,YEAR,MILEPT,TWAY_ID,TWAY_ID2,RAIL,LATITUDE,LONGITUD,VE_FORMS,WEATHER
39,35,1,5,18,14,1,1,0,1,11,1,0,24,0,1,5,3,4,60,1,1,2,1,0,0,2,1,0,0,18,14,18,18,18,44,0,0,0,0,1,2,0,390202,960,2009,233,I-90,99999999999999999999,0000000,41.54960278,-81.60640278,1,1
39,153,2,22,19,17,2,2,0,0,15,6,0,12,8,1,1,1,2,35,2,1,2,3,0,0,2,4,0,0,88,88,88,88,88,88,0,0,0,0,1,1,1,390203,6065,2009,0,SUMMIT RD,99999999999999999999,0000000,41.05896667,-81.61786111,2,4
39,151,3,22,18,22,2,6,0,1,2,2,0,12,5,2,1,3,4,65,1,1,2,1,3,3,1,1,0,0,18,22,18,27,18,52,0,0,0,0,1,1,1,390204,0,2009,257,US-62,REGENT AVE NE,0000000,40.835,-81.33646389,2,1
39,63,4,12,12,35,2,3,0,0,15,6,0,12,5,2,1,1,2,35,1,1,2,1,0,0,1,1,0,0,12,36,12,42,13,1,0,0,0,0,1,1,0,390205,2610,2009,0,N BLANCHARD ST,STERLING HILL DR,0000000,41.064025,-83.64151111,2,1
39,85,4,18,1,44,1,2,0,0,16,6,0,30,0,1,4,1,2,25,1,1,2,1,0,0,3,1,0,0,1,44,1,49,2,12,0,0,0,0,1,7,1,390206,2350,2009,0,ROBERTS RD,99999999999999999999,0000000,41.65944167,-81.44885278,1,1
39,167,4,22,8,58,2,2,0,1,13,3,0,12,8,1,1,1,2,40,1,2,2,2,0,0,1,1,0,0,8,58,9,0,9,51,0,0,0,0,1,4,0,390207,4730,2009,208,SR-7,99999999999999999999,0000000,39.40861111,-81.465,2,1
39,93,4,21,22,48,1,2,0,0,14,6,0,33,0,1,5,1,4,35,1,1,1,2,0,0,2,1,0,0,22,48,22,53,23,10,0,0,0,0,2,3,1,390208,4360,2009,0,OBERLIN-AVE,99999999999999999999,0000000,41.41994722,-82.18571667,1,1
39,3,4,24,12,16,2,4,0,0,3,3,0,12,1,2,1,1,2,55,1,1,2,1,20,3,1,1,0,0,12,40,12,58,13,12,0,0,0,0,1,6,1,390209,0,2009,14,SR-309,DEFIANCE-TRAIL,0000000,40.82193333,-84.28152778,2,1
39,113,5,1,23,52,1,2,1,1,12,3,0,8,0,1,1,1,4,45,1,1,2,2,0,0,2,1,0,0,88,88,88,88,88,88,0,0,0,0,1,6,0,390210,6990,2009,53,SR-202,99999999999999999999,0000000,39.77224167,-84.17493333,1,1
39,15,4,20,14,8,2,3,0,0,2,3,0,12,4,2,1,3,4,60,1,1,2,2,20,3,1,2,0,0,14,8,14,16,99,99,0,0,0,0,1,2,0,390211,0,2009,192,SR-32,17D,0000000,38.94985,-83.68556944,2,2
39,149,4,4,20,29,1,1,0,0,5,4,0,34,0,1,5,1,2,55,1,1,2,1,0,0,2,1,0,0,20,30,20,41,88,88,0,0,0,0,1,7,0,390212,0,2009,0,22,99999999999999999999,0000000,40.45312778,-84.14632222,1,1
39,171,4,25,15,18,1,1,0,0,6,4,0,32,0,1,4,1,2,55,2,1,2,1,0,0,1,1,0,0,15,21,15,30,99,99,0,0,0,0,1,7,0,390213,0,2009,0,F,99999999999999999999,0000000,41.49925556,-84.77389722,1,1
39,103,4,27,16,14,1,2,0,0,14,3,0,30,0,1,5,1,2,35,2,2,2,1,0,0,1,1,0,0,16,14,16,15,16,33,0,0,0,0,1,2,0,390214,4330,2009,23,SR-421,99999999999999999999,0000000,41.03489722,-82.01105,1,1
39,49,4,27,20,39,2,2,0,0,14,6,0,12,2,2,1,1,4,40,1,1,2,1,3,3,2,1,0,0,20,44,20,49,21,3,0,0,0,0,1,2,0,390215,1800,2009,0,OLENTANGY RIVER RD,KING AVE,0000000,39.99112778,-83.02608611,2,1
39,93,4,12,14,22,3,3,0,0,16,6,0,12,7,1,1,1,2,25,1,1,2,1,0,0,1,1,0,0,14,23,14,30,14,43,0,0,0,0,1,1,0,390216,6025,2009,0,NOLL DR,99999999999999999999,0000000,41.38608333,-82.02281111,3,1
39,99,4,17,15,52,2,2,0,0,14,6,0,12,4,4,1,1,4,40,1,2,2,1,0,0,1,1,0,0,15,54,15,58,88,88,0,0,0,0,1,6,0,390217,865,2009,0,SOUTH AVE,99999999999999999999,0000000,40.99795833,-80.63389722,2,1
39,119,4,20,22,15,2,4,0,0,3,3,0,12,8,1,1,1,4,55,1,1,2,2,0,0,2,1,0,0,22,18,22,25,22,59,0,0,0,0,1,2,0,390218,0,2009,111,SR-60,99999999999999999999,0000000,39.87463611,-81.96237222,2,1
39,151,4,23,15,55,2,2,0,0,15,4,0,12,2,1,1,1,2,55,1,2,2,1,0,0,1,1,0,0,15,57,16,4,17,3,0,0,0,0,1,5,0,390219,0,2009,0,252,99999999999999999999,0000000,40.81648056,-81.58415278,2,1
39,35,4,14,16,9,1,2,1,0,13,3,0,9,0,2,1,1,4,25,1,1,2,2,3,3,1,2,0,0,16,12,16,13,16,24,0,0,0,0,1,3,0,390220,2560,2009,70,SR-10,FAIRVIEW-PARKWAY,0000000,41.44443056,-81.85714722,1,2
39,3,4,25,4,55,1,2,1,0,2,3,0,8,0,1,1,1,4,40,1,1,2,1,0,0,2,1,0,0,5,6,5,9,5,17,0,0,0,0,1,7,1,390221,0,2009,102,SR-309,99999999999999999999,0000000,40.75735556,-84.13775556,1,1
39,7,4,26,11,35,3,4,0,0,4,3,0,12,4,2,1,1,2,55,1,1,2,1,20,3,1,1,0,0,11,47,11,52,12,27,0,0,0,0,1,1,0,390222,0,2009,13,SR-166,68,0000000,41.661775,-80.97844167,3,1
39,173,4,26,1,53,1,1,0,0,5,4,0,34,0,1,4,1,2,55,1,1,2,1,0,0,2,1,0,0,1,54,1,55,2,27,0,0,0,0,1,1,1,390223,0,2009,0,88,99999999999999999999,0000000,41.31184167,-83.47586111,1,1
39,27,4,26,18,35,2,5,0,0,3,2,0,12,5,2,1,1,2,55,1,1,2,1,20,3,1,1,0,0,18,36,18,41,19,13,0,0,0,0,1,1,0,390224,0,2009,124,US-22,11,0000000,39.45795278,-83.76565833,2,1
39,49,5,1,0,19,3,5,0,0,12,3,0,12,3,1,1,3,4,50,1,1,2,2,0,0,3,2,0,0,0,19,0,23,0,46,0,0,0,0,2,6,0,390225,1800,2009,82,SR-16,99999999999999999999,0000000,39.97863333,-82.84946667,3,2
39,61,5,11,12,36,1,1,0,0,6,4,0,32,0,1,5,1,2,35,2,2,2,1,0,0,1,1,0,0,12,36,12,44,13,8,0,0,0,0,1,2,0,390226,0,2009,0,48,99999999999999999999,0000000,39.29978889,-84.79516667,1,1
39,97,4,25,21,0,1,2,0,0,4,6,0,53,0,1,4,1,2,50,2,1,2,1,0,0,2,1,0,0,21,3,21,10,21,45,0,0,0,0,1,7,0,390227,0,2009,0,7,99999999999999999999,0000000,40.00507778,-83.26221111,1,1
39,49,5,9,20,9,2,2,0,0,5,4,0,12,8,1,1,1,2,45,2,1,2,1,0,0,1,1,0,0,20,10,20,17,20,55,0,0,0,0,1,7,1,390228,0,2009,0,140,99999999999999999999,0000000,39.95666111,-83.23222778,2,1
39,133,4,27,14,0,2,8,0,1,2,3,0,12,5,4,1,1,2,55,1,1,2,1,0,0,1,1,0,0,14,15,14,33,15,10,0,0,0,0,2,2,0,390230,0,2009,70,SR-5,99999999999999999999,0000000,41.15293889,-81.15414722,2,1
39,43,4,28,17,5,2,3,0,0,4,3,0,12,5,2,1,1,2,55,1,2,2,2,20,3,1,1,0,0,17,7,17,15,18,21,0,0,0,0,1,3,0,390231,0,2009,48,SR-61,13,0000000,41.33163611,-82.49338056,2,1
39,87,4,29,18,30,2,4,0,0,5,4,0,12,2,1,1,1,2,55,2,1,2,1,0,0,1,1,0,0,18,35,18,52,20,9,0,0,0,0,1,4,1,390232,0,2009,0,37,99999999999999999999,0000000,38.57101111,-82.37991944,2,1
39,25,4,29,0,22,1,3,0,0,6,4,0,34,0,1,4,1,2,55,1,1,2,1,0,0,2,1,0,0,0,26,0,36,0,54,0,20,0,0,1,4,0,390233,0,2009,0,94,99999999999999999999,0000000,39.23433056,-84.08418889,1,1
39,125,5,2,22,49,1,4,0,0,6,4,0,42,0,1,4,1,2,55,2,1,2,1,0,0,2,1,0,0,23,0,23,22,0,2,0,0,0,0,2,7,1,390234,0,2009,0,153,99999999999999999999,0000000,41.20649167,-84.4586,1,1
39,101,4,24,21,10,2,4,0,0,16,6,0,12,4,4,1,1,2,35,1,1,2,1,0,0,3,1,0,0,21,15,21,20,21,24,0,0,0,0,1,6,0,390235,4740,2009,0,E-CENTER-ST,99999999999999999999,0000000,40.58906667,-83.11759167,2,1
39,107,4,12,2,53,1,3,0,0,6,5,0,34,0,1,4,1,2,55,1,1,2,1,0,0,2,1,0,0,3,31,3,55,4,16,0,0,0,0,1,1,1,390236,0,2009,0,77,99999999999999999999,0000000,40.72738889,-84.65325833,1,1
39,123,4,24,23,50,1,1,0,0,4,3,0,43,0,1,4,1,2,55,2,1,2,1,0,0,2,1,0,0,88,88,88,88,88,88,0,0,0,0,1,6,1,390238,0,2009,95,SR-105,99999999999999999999,0000000,41.501125,-83.17744444,1,1
39,57,4,27,11,49,1,2,0,1,2,2,0,7,0,1,1,3,4,55,1,1,2,1,0,0,1,1,0,0,11,49,11,53,99,99,0,0,0,0,1,2,0,390239,0,2009,250,US-35,99999999999999999999,0000000,39.65889722,-83.6957,1,1
39,169,4,28,9,30,2,3,0,1,2,2,0,12,5,2,1,3,4,55,1,1,2,1,20,3,1,1,0,0,9,34,9,42,10,13,0,0,0,0,1,3,0,390240,0,2009,123,US-250,30A,0000000,40.80264167,-82.01024444,2,1
39,1,4,29,7,20,1,1,0,0,6,4,0,37,0,1,4,1,2,55,2,2,2,2,0,0,1,1,0,0,7,25,7,29,8,53,0,0,0,0,1,4,0,390241,0,2009,0,20,99999999999999999999,0000000,38.69778056,-83.61945,1,1
39,15,5,4,3,14,1,3,0,0,4,3,0,53,0,1,4,1,2,55,2,1,2,2,0,0,2,2,0,0,3,30,3,46,4,30,0,0,0,0,1,2,0,390242,0,2009,99,SR-774,99999999999999999999,0000000,38.9892,-83.93597778,1,2
39,119,5,7,15,45,1,2,0,0,3,3,0,37,0,1,4,1,2,55,1,1,2,1,0,0,1,1,0,0,16,0,16,18,17,4,0,0,0,0,1,5,0,390243,0,2009,22,SR-60,99999999999999999999,0000000,39.79238056,-81.90101667,1,1
39,173,5,14,16,21,1,2,1,0,6,6,0,8,0,1,1,1,2,55,1,1,2,1,0,0,1,1,0,0,16,30,16,44,16,57,0,0,0,0,1,5,0,390244,0,2009,0,101,99999999999999999999,0000000,41.49251389,-83.54061111,1,1
39,35,4,10,9,25,3,3,0,0,13,6,0,12,7,2,1,1,2,35,2,1,2,1,0,0,1,1,0,0,9,28,9,30,9,57,0,0,0,0,1,6,1,390245,6360,2009,0,PLEASANT-VALLEY-RD,WARD-RD,0000000,41.36381389,-81.70987222,3,1
39,95,5,3,16,6,1,1,0,0,2,2,0,53,0,1,4,1,2,55,2,1,2,1,0,0,1,1,0,0,88,88,88,88,88,88,0,0,0,0,1,1,0,390246,0,2009,77,US-24,99999999999999999999,0000000,41.46781111,-83.762825,1,1
39,173,5,3,20,18,3,5,0,0,13,3,0,12,4,4,1,1,2,55,1,1,2,1,0,0,1,1,0,0,20,20,20,35,99,99,0,0,0,0,1,1,1,390247,0,2009,10,SR-51,99999999999999999999,0000000,41.57569444,-83.42586389,3,1
39,97,5,9,5,12,1,1,0,0,4,3,0,43,0,1,4,1,2,55,1,1,2,2,0,0,2,1,0,0,5,13,5,18,6,24,0,0,0,0,1,7,1,390248,0,2009,63,SR-142,99999999999999999999,0000000,39.92241111,-83.33904722,1,1
39,167,5,10,19,50,1,4,0,1,2,3,0,32,0,1,4,1,2,55,1,1,2,1,0,0,1,1,0,0,19,50,19,57,20,31,0,0,0,0,1,1,0,390249,0,2009,308,SR-7,99999999999999999999,0000000,39.35653333,-81.35506944,1,1
39,65,5,10,4,38,1,1,0,0,4,3,0,34,0,1,4,1,2,55,2,2,2,1,0,0,2,1,0,0,88,88,88,88,88,88,0,0,0,0,1,1,0,390250,0,2009,169,SR-81,99999999999999999999,0000000,40.78202222,-83.56633333,1,1
39,143,5,15,23,55,1,2,0,0,6,5,0,42,0,1,4,1,2,25,2,1,2,1,0,0,2,1,0,0,23,56,0,10,1,0,0,0,0,0,1,6,1,390251,0,2009,0,165,99999999999999999999,0000000,41.48639722,-83.36028889,1,1
39,41,5,16,1,1,1,1,0,0,6,4,0,33,0,1,5,1,2,45,2,1,2,1,0,0,2,1,0,0,88,88,88,88,88,88,0,0,0,0,1,7,1,390252,0,2009,0,609,99999999999999999999,0000000,40.139475,-83.089325,1,1
39,35,3,16,6,21,1,1,0,0,16,6,0,38,0,1,5,1,2,15,1,1,2,1,0,0,3,1,0,0,6,24,6,30,6,55,0,0,0,0,1,2,1,390253,1680,2009,0,VINE COURT,99999999999999999999,0000000,41.48711944,-81.71259444,1,1
39,61,4,12,20,42,1,2,0,0,13,6,0,33,0,1,4,1,4,35,1,1,2,1,0,0,3,1,0,0,20,44,20,46,21,17,0,0,0,0,1,1,0,390254,1610,2009,0,QUEEN CITY AVE,99999999999999999999,0000000,39.12626389,-84.55326944,1,1
39,35,4,25,1,35,3,4,0,0,13,6,0,12,1,1,1,1,4,25,1,2,2,1,0,0,3,1,0,0,1,39,1,42,2,13,0,20,0,0,1,7,1,390255,1680,2009,0,LEE RD,99999999999999999999,0000000,41.44851667,-81.565075,2,1
39,93,4,26,2,35,2,3,0,0,13,2,0,12,5,2,1,1,4,50,1,1,2,1,0,0,3,1,0,0,2,37,2,45,3,0,0,0,0,0,1,1,1,390256,8400,2009,33,US-6,AVON AVE,0000000,41.42485278,-82.30829444,2,1
39,25,5,2,20,25,3,4,1,0,6,4,0,8,0,1,1,1,2,40,1,2,2,1,0,0,1,1,0,0,20,26,20,31,21,10,0,0,0,0,1,7,0,390259,0,2009,0,71,99999999999999999999,0000000,39.01056111,-84.18416944,3,1
39,1,5,7,20,45,1,1,0,0,4,3,0,52,0,1,4,1,2,55,1,2,2,1,0,0,2,1,0,0,20,53,21,5,21,37,0,0,0,0,1,5,1,390260,0,2009,248,SR-136,99999999999999999999,0000000,39.01638333,-83.66045833,1,1
39,157,5,11,21,30,2,3,0,1,2,2,0,12,5,2,1,3,2,50,1,1,1,1,3,3,3,1,0,0,21,99,21,31,88,88,0,0,0,0,2,2,1,390262,0,2009,219,US-250,N WATER ST,0000000,40.41005556,-81.34970833,2,1
39,159,5,14,17,28,2,3,0,1,2,2,0,12,7,1,1,3,4,65,1,1,2,1,0,0,1,1,0,0,17,32,17,42,18,3,0,0,0,0,1,5,0,390263,0,2009,190,US-33,99999999999999999999,0000000,40.17419167,-83.2448,2,1
39,79,5,4,19,20,1,1,0,0,4,4,0,38,0,1,4,1,2,55,1,1,2,1,0,0,1,1,0,0,88,88,88,88,88,88,0,0,0,0,1,2,1,390264,0,2009,0,28,99999999999999999999,0000000,39.144275,-82.67788889,1,1
39,5,5,15,11,30,1,1,0,0,4,4,0,24,0,1,5,1,2,55,2,2,2,1,0,0,1,1,0,0,11,31,11,38,12,22,0,0,0,0,1,6,1,390265,0,2009,0,3006,99999999999999999999,0000000,40.62571111,-82.32940833,1,1
39,103,5,16,2,49,1,1,0,0,5,4,0,31,0,2,4,1,2,45,1,1,2,1,20,3,3,1,0,0,2,52,2,58,3,28,0,0,0,0,1,7,1,390266,0,2009,0,13,146,0000000,41.27526389,-81.85803056,1,1
39,171,5,17,15,16,2,2,0,0,2,2,0,12,7,1,1,1,2,55,1,1,2,1,0,0,1,1,0,0,15,20,15,28,88,88,0,0,0,0,1,1,0,390267,0,2009,143,US-20,99999999999999999999,0000000,41.66553889,-84.56196944,2,1
39,27,5,17,9,45,1,1,0,0,4,3,0,34,0,1,4,1,2,55,1,1,2,1,0,0,1,1,0,0,88,88,88,88,88,88,0,0,0,0,1,1,0,390268,0,2009,65,SR-730,99999999999999999999,0000000,39.40643333,-83.90210556,1,1
39,35,5,23,2,22,2,5,0,0,13,2,0,12,3,2,1,1,6,25,1,1,2,1,3,3,3,1,0,0,2,49,2,55,3,10,0,0,0,0,1,7,1,390269,1680,2009,153,US-6,W-THIRD-ST,0000000,41.4988,-81.69541944,2,1
39,7,5,24,0,17,1,1,0,0,13,2,0,33,0,1,2,1,4,50,2,1,2,1,0,0,2,1,0,0,0,17,0,27,88,88,0,20,0,0,1,1,1,390270,5980,2009,212,US-20,99999999999999999999,0000000,41.92325,-80.63435,1,1
39,79,5,25,17,15,1,1,0,0,6,4,0,30,0,1,4,1,2,55,1,1,2,2,0,0,1,2,0,0,88,88,88,88,88,88,0,0,0,0,1,2,0,390271,0,2009,0,78,99999999999999999999,0000000,39.07476667,-82.56295556,1,2
39,119,5,27,21,21,1,1,0,0,3,3,0,37,0,1,5,1,2,55,2,1,2,2,0,0,2,1,0,0,21,26,21,27,21,53,0,0,0,0,1,4,1,390272,0,2009,275,SR-60,99999999999999999999,0000000,40.07483889,-82.06245833,1,1
39,33,5,30,22,52,2,6,0,0,5,4,0,42,0,1,4,1,2,55,2,1,2,1,0,0,2,1,0,0,22,52,22,58,99,99,0,0,0,0,4,7,0,390273,0,2009,0,35,99999999999999999999,0000000,40.78509167,-82.86832778,1,1
39,113,5,15,9,55,2,2,0,0,6,4,0,12,5,2,1,1,2,55,1,1,2,1,4,3,1,1,0,0,10,0,10,6,99,99,0,0,0,0,1,6,0,390274,0,2009,0,38,9,0000000,39.75991111,-84.42283056,2,1
39,39,5,16,17,18,1,1,0,0,4,4,0,1,0,1,1,1,2,55,1,1,2,1,0,0,1,1,0,0,17,22,17,26,88,88,0,0,0,0,1,7,0,390275,0,2009,0,188,99999999999999999999,0000000,41.26142222,-84.26586944,1,1
39,169,5,18,13,41,2,2,0,0,15,6,0,12,5,2,1,1,2,35,1,1,2,1,20,3,1,1,0,0,13,54,13,58,88,88,0,0,0,0,1,2,0,390276,9140,2009,0,OAK HILL RD,COUNTRY CLUB DR,0000000,40.81805556,-81.95333333,2,1
39,63,5,20,13,43,2,2,0,0,6,5,0,12,5,2,1,1,2,55,1,1,2,1,20,3,1,1,0,0,13,43,13,54,88,88,0,0,0,0,1,4,0,390277,0,2009,0,215,230,0000000,41.10205,-83.62183333,2,1
39,113,5,20,9,45,2,2,0,1,2,3,0,12,5,2,1,3,4,55,1,1,2,1,20,3,1,1,0,0,9,55,10,4,99,99,0,0,0,0,1,4,0,390278,0,2009,110,SR-49,31,0000000,39.85779167,-84.37386389,2,1
39,49,5,25,22,4,1,2,1,0,14,6,0,8,0,1,1,1,2,50,1,1,2,1,0,0,2,1,0,0,22,4,22,7,22,35,0,0,0,0,1,2,0,390279,1800,2009,0,BRICE RD,99999999999999999999,0000000,39.87944444,-82.83555556,1,1
39,109,5,24,21,17,1,1,0,0,6,4,0,34,0,1,4,1,2,55,1,1,2,1,0,0,5,1,0,0,21,17,21,25,21,56,0,0,0,0,1,1,0,390280,0,2009,0,76,99999999999999999999,0000000,40.058075,-84.35673889,1,1
39,155,5,15,12,25,2,3,0,0,3,3,0,12,8,1,1,1,2,55,1,1,2,1,0,0,1,1,0,0,12,42,12,57,13,39,0,0,0,0,1,6,0,390281,0,2009,170,SR-45,99999999999999999999,0000000,41.36673611,-80.86503611,2,1
39,49,5,16,16,16,2,6,0,1,11,1,0,12,3,1,1,3,6,65,1,1,2,1,0,0,1,1,0,0,16,19,16,23,16,39,0,0,0,0,2,7,0,390282,1800,2009,129,I-71,99999999999999999999,0000000,39.92027778,-83.01277778,2,1
39,173,6,3,14,21,2,2,0,0,14,2,0,12,7,3,1,1,2,35,1,1,2,1,3,3,1,1,0,0,14,30,14,32,14,55,0,0,0,0,1,4,1,390283,6490,2009,5,US-20,BOUNDARY ST,0000000,41.55277778,-83.61069444,2,1
39,69,5,3,3,49,1,1,0,0,6,4,0,1,0,1,4,1,2,55,2,1,2,1,0,0,2,1,0,0,3,49,3,56,4,55,0,0,0,0,1,1,1,390284,0,2009,0,13,99999999999999999999,0000000,41.4275,-84.115,1,1
39,105,5,11,6,48,2,4,0,1,2,3,0,12,8,1,1,1,2,55,1,1,2,1,0,0,1,1,0,0,6,50,6,51,88,88,0,0,0,0,3,2,0,390285,0,2009,54,SR-7,99999999999999999999,0000000,39.03373333,-82.06342222,2,1
39,93,5,23,19,40,1,1,0,0,5,4,0,30,0,1,4,1,2,45,2,1,2,1,40,3,1,1,0,0,19,40,19,47,20,21,0,0,0,0,1,7,1,390286,0,2009,0,61,99999999999999999999,0000000,41.30193889,-81.95366389,1,1
39,165,5,24,17,28,2,3,0,0,4,2,0,12,8,1,1,1,2,55,1,1,2,1,0,0,1,1,0,0,99,99,99,99,88,88,0,0,0,0,1,1,0,390287,0,2009,131,US-22,99999999999999999999,0000000,39.36011667,-84.08377778,2,1
39,103,5,24,17,30,1,2,0,1,1,1,0,25,0,1,3,3,6,65,1,2,2,1,0,0,1,1,0,0,17,47,18,4,18,17,0,0,0,0,1,1,0,390288,0,2009,130,I-71,99999999999999999999,0000000,41.08876944,-81.83085,1,1
39,125,5,25,9,50,1,1,0,0,6,4,0,34,0,1,4,1,2,55,1,1,2,1,0,0,1,1,0,0,10,0,10,9,88,88,0,0,0,0,1,2,0,390289,0,2009,0,107,99999999999999999999,0000000,41.05894722,-84.59248333,1,1
39,21,6,2,1,45,1,1,0,1,2,2,0,38,0,1,4,1,2,55,1,1,2,2,0,0,3,1,0,0,5,32,5,42,7,29,0,0,0,0,1,3,1,390290,0,2009,114,US-68,99999999999999999999,0000000,40.17551111,-83.74363333,1,1
39,61,6,3,1,50,1,1,0,0,15,6,0,30,0,1,5,1,4,35,1,2,2,2,0,0,3,2,0,0,1,51,1,59,88,88,0,0,0,0,1,4,1,390291,1610,2009,0,DUCK CREEK RD,99999999999999999999,0000000,39.16465278,-84.40779167,1,2
39,49,6,6,22,57,5,9,0,0,13,2,0,12,1,2,1,1,2,40,1,1,2,1,3,3,2,1,0,0,22,57,23,2,23,16,0,0,0,0,1,7,1,390292,1800,2009,102,US-62,BRIGGS RD,0000000,39.92823333,-83.05518056,5,1
39,127,5,25,16,45,2,6,0,0,4,4,0,12,2,1,1,1,2,55,1,2,2,1,0,0,1,1,0,0,16,58,17,16,17,54,0,0,0,0,2,2,0,390293,0,2009,0,6,99999999999999999999,0000000,39.73353611,-82.13508056,2,1
39,61,4,16,16,29,2,2,0,1,12,6,0,12,9,1,1,1,4,25,1,1,2,1,0,0,1,1,0,0,16,30,16,31,16,51,0,0,0,0,1,5,0,390294,1610,2009,0,HOPPLE-ST,99999999999999999999,0000000,39.13718333,-84.54116944,2,1
39,85,5,15,6,18,1,2,0,1,1,1,0,35,0,15,4,3,4,65,1,1,2,1,0,0,1,1,0,0,6,26,6,57,7,29,0,0,0,0,1,6,0,390295,0,2009,277,I-90,99999999999999999999,0000000,41.76159444,-81.03842222,1,1
39,29,5,21,23,0,1,2,0,0,4,3,0,53,0,1,4,1,2,55,2,1,2,1,0,0,2,1,0,0,23,30,23,37,0,18,0,0,0,0,1,5,1,390296,0,2009,111,SR-558,99999999999999999999,0000000,40.82219444,-80.63383611,1,1
39,21,5,21,15,35,3,19,0,0,3,2,0,12,2,1,1,1,2,55,2,1,2,1,0,0,1,1,0,0,15,35,15,37,16,23,1,0,0,0,2,5,0,390297,0,2009,82,US-36,99999999999999999999,0000000,40.11885556,-83.871925,3,1
39,159,5,24,18,10,2,4,0,0,4,3,0,12,5,2,1,1,2,55,1,1,2,1,20,3,1,1,0,0,18,23,18,43,19,9,0,0,0,0,1,1,0,390298,0,2009,40,SR-37,286,0000000,40.45826944,-83.30258611,2,1
39,157,5,25,11,15,2,7,0,0,5,4,0,12,2,1,1,1,2,55,1,1,2,1,0,0,1,1,0,0,11,15,11,19,12,12,0,0,0,0,1,2,0,390299,0,2009,0,94,99999999999999999999,0000000,40.60013056,-81.55493889,2,1
39,29,5,28,13,50,2,3,0,0,2,3,0,12,5,2,1,1,2,55,1,1,2,1,20,3,1,1,0,0,13,54,14,0,14,41,0,0,0,0,1,5,0,390300,0,2009,263,SR-45,400,0000000,40.89253889,-80.88056944,2,1
39,91,6,1,17,11,2,2,0,0,4,3,0,12,5,1,1,1,2,55,2,1,2,1,0,0,1,1,0,0,88,88,88,88,88,88,0,0,0,0,1,2,0,390301,0,2009,79,SR-47,99999999999999999999,0000000,40.36696667,-83.86050556,2,1
39,111,6,6,14,25,2,2,0,0,4,3,0,12,2,4,1,1,2,55,1,1,2,1,0,0,1,1,0,0,14,25,14,31,15,21,0,0,0,0,1,7,0,390302,0,2009,186,SR-145,99999999999999999999,0000000,39.8586,-81.13798889,2,1
39,49,6,6,18,39,2,2,0,0,14,6,0,12,5,2,1,1,4,45,1,1,2,1,3,3,1,1,0,0,18,39,18,40,88,88,0,0,0,0,1,7,0,390303,1800,2009,0,GEORGESVILLE-RD,HALL-RD,0000000,39.92994444,-83.11672222,2,1
39,107,4,4,1,48,1,1,0,0,4,3,0,38,0,1,4,1,2,55,2,1,2,1,0,0,2,1,0,0,88,88,88,88,88,88,0,0,0,0,1,7,1,390304,0,2009,66,SR-49,99999999999999999999,0000000,40.41842778,-84.78440833,1,1
39,61,4,8,10,34,1,3,1,0,13,6,0,8,0,2,1,3,4,25,1,1,2,1,0,0,1,1,0,0,10,35,10,36,11,1,0,0,0,0,1,4,0,390305,7190,2009,0,VINE-ST,ROSS-AVE,0000000,39.17036389,-84.49739444,1,1
39,49,4,11,13,46,2,2,0,0,6,5,0,12,5,2,1,1,2,55,1,1,2,1,20,3,1,1,0,0,13,47,13,52,14,28,0,0,0,0,1,7,0,390306,0,2009,0,293,278,0000000,39.89169444,-83.16255556,2,1
39,153,4,25,5,30,1,1,0,0,15,6,0,42,0,2,4,1,4,25,2,2,2,1,3,3,3,1,0,0,5,31,5,36,6,7,0,0,0,0,1,7,0,390307,70,2009,0,E-SOUTH-ST,SPICER-ST,0000000,41.06181667,-81.50863056,1,1
39,89,5,6,7,25,1,1,0,0,14,3,0,34,0,1,4,1,2,50,2,1,2,1,0,0,2,1,0,0,88,88,88,88,88,88,0,0,0,0,1,4,1,390308,6390,2009,13,SR-310,99999999999999999999,0000000,39.972225,-82.68197222,1,1
39,153,5,8,19,55,1,2,0,0,16,6,0,42,0,1,4,1,2,25,1,1,4,2,0,0,5,1,0,0,19,58,20,4,20,35,0,0,0,0,1,6,1,390309,3139,2009,0,THURSBY-RD,99999999999999999999,0000000,40.91675556,-81.47761389,1,1
39,17,5,27,5,30,2,2,0,1,13,3,0,12,2,1,1,1,4,35,1,1,2,1,0,0,3,1,0,0,88,88,88,88,88,88,0,0,0,0,2,4,0,390310,3260,2009,58,SR-4,99999999999999999999,0000000,39.36487778,-84.54455833,2,1
39,11,6,7,3,5,1,1,0,0,16,6,0,33,0,2,5,1,2,25,2,1,2,1,0,0,3,1,0,0,3,6,3,13,3,26,0,20,0,0,1,1,1,390311,5210,2009,0,INDUSTRIAL-DR,EXECUTIVE-PKWY,0000000,40.38348333,-84.38998056,1,1