STATE,COUNTY,MONTH,DAY,HOUR,MINUTE,VE_TOTAL,PERSONS,PEDS,NHS,ROAD_FNC,ROUTE,SP_JUR,HARM_EV,MAN_COLL,REL_JUNC,REL_ROAD,TRAF_FLO,NO_LANES,SP_LIMIT,ALIGNMNT,PROFILE,PAVE_TYP,SUR_COND,TRA_CONT,T_CONT_F,LGT_COND,WEATHER1,WEATHER2,WRK_ZONE,NOT_HOUR,NOT_MIN,ARR_HOUR,ARR_MIN,HOSP_HR,HOSP_MN,SCH_BUS,CF1,CF2,CF3,FATALS,DAY_WEEK,DRUNK_DR,ST_CASE,CITY,YEAR,MILEPT,TWAY_ID,TWAY_ID2,RAIL,LATITUDE,LONGITUD,VE_FORMS,WEATHER
39,61,6,8,15,16,1,2,0,1,11,1,0,1,0,15,3,2,4,65,1,1,2,1,0,0,1,1,0,0,15,19,15,25,15,53,0,0,0,0,1,2,0,390312,0,2009,151,I-275,99999999999999999999,0000000,39.248075,-84.61155,1,1
39,49,6,13,22,0,1,1,0,0,6,4,0,34,0,1,4,1,2,25,2,2,2,1,0,0,2,1,0,0,22,4,22,10,22,19,0,0,0,0,1,7,0,390313,0,2009,0,12,99999999999999999999,0000000,39.93040556,-83.19233889,1,1
39,91,5,23,8,15,1,2,0,0,5,3,0,1,0,1,1,1,2,55,2,1,2,1,0,0,1,1,0,0,8,23,8,41,9,0,0,0,0,0,1,7,1,390314,0,2009,30,SR-273,99999999999999999999,0000000,40.51115833,-83.80797778,1,1
39,103,5,28,17,44,2,3,0,0,6,4,0,12,5,1,1,1,2,50,1,2,2,2,0,0,1,1,0,0,17,48,18,4,19,17,0,0,0,0,2,5,1,390315,0,2009,0,76,99999999999999999999,0000000,41.19260278,-81.86926944,2,1
39,17,6,2,7,8,2,2,0,0,6,5,0,12,5,2,1,1,2,55,1,1,2,1,20,3,1,1,0,0,7,12,7,19,88,88,0,0,0,0,1,3,0,390316,0,2009,0,28,25,0000000,39.53839167,-84.53421667,2,1
39,155,6,6,20,15,1,2,0,0,5,4,0,53,0,1,4,1,2,40,2,1,2,1,0,0,1,1,0,0,20,18,20,23,99,99,0,0,0,0,1,7,1,390317,0,2009,0,83,99999999999999999999,0000000,41.27317778,-80.86735,1,1
39,71,5,27,22,42,2,3,1,0,3,2,0,8,0,1,1,1,2,55,1,1,2,1,0,0,2,1,0,0,22,42,22,58,0,1,0,0,0,0,1,4,0,390318,0,2009,20,US-62,99999999999999999999,0000000,39.06003333,-83.70335,1,1
39,149,5,29,21,28,1,1,0,0,5,4,0,30,0,1,5,1,2,55,1,1,2,1,0,0,2,1,0,0,99,99,99,99,88,88,0,0,0,0,1,6,1,390319,0,2009,0,44,99999999999999999999,0000000,40.42725556,-84.2595,1,1
39,161,5,31,20,59,1,2,0,0,6,5,0,1,0,1,4,1,2,55,1,1,2,1,0,0,1,1,0,0,21,4,21,14,88,88,0,0,0,0,1,1,1,390320,0,2009,0,150,99999999999999999999,0000000,40.88826389,-84.44539167,1,1
39,9,6,7,16,2,1,1,0,1,12,2,0,1,0,1,3,3,4,65,2,2,1,1,0,0,1,1,0,0,16,2,16,10,16,44,0,0,0,0,1,1,1,390321,360,2009,121,US-50,99999999999999999999,0000000,39.31194444,-82.1025,1,1
39,35,6,9,20,10,2,3,0,0,13,2,0,12,5,2,1,1,4,35,1,1,2,1,3,3,1,1,0,0,20,10,20,13,20,20,0,0,0,0,1,3,0,390322,2520,2009,253,US-6,DILLE RD,0000000,41.56749167,-81.53726667,2,1
39,113,6,13,19,10,1,3,1,0,16,6,0,9,0,1,1,1,2,30,1,1,2,1,0,0,1,1,0,0,19,12,19,28,88,88,0,0,0,0,1,7,1,390323,2090,2009,0,ELMHURST DR,99999999999999999999,0000000,39.75331111,-84.25923333,1,1
39,31,4,2,13,28,1,1,0,0,4,3,0,24,0,1,4,1,2,55,2,2,2,1,0,0,1,1,0,0,13,32,13,53,14,50,0,0,0,0,1,5,0,390324,0,2009,80,SR-541,99999999999999999999,0000000,40.25522778,-82.06074722,1,1
39,139,5,29,14,27,3,4,0,0,14,6,0,12,5,2,1,1,2,35,1,1,2,1,3,3,1,1,0,0,14,28,14,30,14,57,0,0,0,0,1,6,0,390325,4680,2009,0,W-COOK-RD,RIDGEWOOD-BLVD,0000000,40.73293611,-82.52083611,3,1
39,31,6,6,21,13,1,1,0,0,4,4,0,32,0,1,4,1,2,55,2,2,2,1,0,0,2,1,0,0,21,18,21,24,21,49,0,0,0,0,1,7,1,390326,0,2009,0,16,99999999999999999999,0000000,40.27808333,-81.83122222,1,1
39,17,6,10,13,58,2,2,0,0,4,4,0,12,5,1,1,1,2,55,2,2,2,2,0,0,1,2,0,0,14,4,14,9,14,36,0,0,0,0,1,4,1,390327,0,2009,0,29,99999999999999999999,0000000,39.40567778,-84.70349167,2,2
39,161,6,13,15,25,2,2,0,1,2,2,0,12,5,2,1,3,4,55,1,1,1,1,20,3,1,1,0,0,88,88,88,88,88,88,0,0,0,0,1,7,0,390328,0,2009,56,US-30,SR-49,0000000,40.94048056,-84.70728889,2,1
39,151,6,13,2,45,1,1,0,0,3,3,0,18,0,1,4,1,2,55,2,1,2,1,0,0,2,1,0,0,88,88,88,88,88,88,0,0,0,0,1,7,1,390329,0,2009,135,SR-183,99999999999999999999,0000000,40.84405278,-81.10515833,1,1
39,83,6,14,11,38,4,1,0,0,16,6,0,14,3,1,4,1,2,25,1,2,2,1,0,0,1,1,0,0,88,88,88,88,88,88,0,0,0,0,1,1,1,390330,5410,2009,0,S-MCKENZIE-ST,99999999999999999999,0000000,40.39013056,-82.48171389,1,1
39,97,6,14,18,13,1,1,0,0,4,3,0,32,0,1,4,1,2,55,1,1,2,1,0,0,1,1,0,0,88,88,88,88,88,88,0,0,0,0,1,1,0,390331,0,2009,213,SR-56,99999999999999999999,0000000,39.74555556,-83.28382222,1,1
39,113,6,18,3,6,1,1,0,0,6,5,0,37,0,1,4,1,2,40,2,2,2,1,0,0,2,1,0,0,88,88,88,88,88,88,0,0,0,0,1,5,1,390332,0,2009,0,109,99999999999999999999,0000000,39.92053611,-84.17443611,1,1
39,49,6,21,9,45,1,1,0,0,4,4,0,7,0,1,4,1,2,55,2,1,2,1,0,0,1,1,0,0,88,88,88,88,88,88,0,0,0,0,1,1,1,390333,0,2009,0,18,99999999999999999999,0000000,40.10070833,-82.86431667,1,1
39,151,5,10,17,0,1,2,0,0,6,4,0,37,0,1,4,1,2,55,2,2,2,1,0,0,1,1,0,0,17,9,17,14,17,57,0,0,0,0,1,1,0,390334,0,2009,0,366,99999999999999999999,0000000,40.90673333,-81.632625,1,1
39,89,5,30,14,44,2,3,0,1,2,3,0,12,2,1,1,3,4,45,1,1,2,1,0,0,1,1,0,0,14,44,15,6,15,43,0,0,0,0,1,7,0,390335,0,2009,156,SR-37,99999999999999999999,0000000,40.06351944,-82.53663889,2,1
39,51,6,8,19,38,1,1,0,1,1,1,0,52,0,1,2,3,4,65,1,2,2,1,0,0,1,1,0,0,19,38,19,51,88,88,0,0,0,0,1,2,0,390336,0,2009,253,I-80,99999999999999999999,0000000,41.599775,-83.90055556,1,1
39,99,6,10,8,40,2,2,0,0,3,3,0,12,2,1,1,1,2,55,1,2,2,1,0,0,1,1,0,0,8,40,9,1,99,99,0,0,0,0,1,4,0,390337,0,2009,74,SR-14,99999999999999999999,0000000,40.90035556,-80.72716111,2,1
39,7,6,11,19,10,1,1,0,0,4,2,0,34,0,1,4,1,2,55,1,2,2,2,0,0,1,2,0,0,19,16,19,20,88,88,0,0,0,0,1,5,1,390338,0,2009,216,US-6,99999999999999999999,0000000,41.60712778,-80.58844167,1,2
39,49,6,13,17,54,2,3,0,0,16,6,0,12,4,2,1,1,2,35,1,1,2,1,20,3,1,1,0,0,17,55,17,58,18,12,0,0,0,0,1,7,1,390339,1800,2009,0,KENT ST,MILLER AVE,0000000,39.95202222,-82.96121944,2,1
39,13,6,16,11,50,2,3,0,0,3,3,0,12,8,1,1,1,2,55,1,1,2,1,0,0,1,1,0,0,11,51,11,54,13,18,0,0,0,0,1,3,0,390340,0,2009,22,SR-800,99999999999999999999,0000000,39.89162778,-81.13818611,2,1
39,57,6,20,0,55,1,2,0,0,6,5,0,1,0,1,1,1,2,55,2,2,2,1,40,3,2,1,0,0,0,58,1,5,1,35,0,0,0,0,1,7,1,390341,0,2009,0,132,99999999999999999999,0000000,39.62281667,-83.97950556,1,1
39,95,6,1,9,40,2,3,0,0,13,3,0,12,4,1,1,1,4,45,1,1,2,2,0,0,1,2,0,0,9,44,9,54,10,10,0,0,0,0,2,2,1,390342,8120,2009,132,SR-2,99999999999999999999,0000000,41.62173611,-83.63479167,2,2
39,141,3,31,4,52,1,1,0,0,4,3,0,24,0,1,2,1,2,55,1,1,2,1,0,0,2,1,0,0,4,52,5,0,88,88,0,0,0,0,1,3,1,390344,0,2009,222,SR-104,99999999999999999999,0000000,39.45801389,-83.01858333,1,1
39,35,5,1,15,0,2,3,0,0,16,6,0,12,2,2,1,1,2,35,1,2,2,1,0,0,1,1,0,0,15,7,15,11,15,44,0,0,0,0,1,6,0,390345,6910,2009,0,BRUSH RD,LOGANBERR DR,0000000,41.582125,-81.49529722,2,1
39,153,5,27,15,0,1,2,0,0,15,6,0,33,0,1,5,1,4,35,2,2,2,1,0,0,1,1,0,0,15,13,15,19,15,34,0,0,0,0,1,4,1,390346,70,2009,0,N HOWARD ST,99999999999999999999,0000000,41.08706667,-81.51771667,1,1
39,167,5,30,11,30,1,2,0,0,5,3,0,37,0,1,4,1,2,55,2,1,2,1,0,0,1,1,0,0,11,37,12,8,99,99,0,0,0,0,1,7,1,390347,0,2009,34,SR-260,99999999999999999999,0000000,39.54414444,-81.12076389,1,1
39,69,6,18,15,17,2,2,0,0,6,4,0,12,2,1,1,1,2,55,1,1,2,1,0,0,1,1,0,0,15,18,15,23,15,49,0,0,0,0,1,5,0,390348,0,2009,0,0,99999999999999999999,0000000,41.37055556,-84.09527778,2,1
39,27,6,19,14,58,2,2,0,0,13,2,0,12,5,2,1,1,2,55,1,1,2,1,3,3,1,1,0,0,15,3,15,3,15,23,0,0,0,0,1,6,0,390349,9040,2009,81,US-22,SR-73,0000000,39.33253611,-83.96459444,2,1
39,99,3,3,9,30,1,2,1,0,13,2,0,8,0,4,6,1,2,35,1,1,2,1,0,0,1,1,0,0,88,88,88,88,88,88,0,0,0,0,1,3,0,390350,1310,2009,128,US-224,99999999999999999999,0000000,41.02498056,-80.758525,1,1
39,35,6,11,15,13,1,1,0,0,14,6,0,30,0,1,4,1,2,25,1,1,2,1,0,0,1,1,0,0,88,88,88,88,88,88,0,0,0,0,1,5,0,390351,1680,2009,0,E-131ST,99999999999999999999,0000000,41.46140556,-81.59117778,1,1
39,9,6,15,11,16,2,3,0,0,14,6,0,12,2,1,1,1,2,35,1,1,2,1,0,0,1,1,0,0,11,16,11,22,11,52,0,0,0,0,1,2,0,390352,360,2009,0,W-UNION-ST,99999999999999999999,0000000,39.33103611,-82.121375,2,1
39,139,6,16,21,40,1,1,0,0,6,5,0,38,0,1,4,1,2,55,2,2,2,1,0,0,2,1,0,0,88,88,88,88,88,88,0,0,0,0,1,3,1,390353,0,2009,0,115,99999999999999999999,0000000,40.56349167,-82.47712778,1,1
39,25,6,16,13,49,1,2,0,0,5,4,0,32,0,1,4,1,2,45,2,2,2,1,0,0,1,1,0,0,14,11,14,30,14,47,0,0,0,0,1,3,0,390354,0,2009,0,4,99999999999999999999,0000000,39.08297778,-84.22511944,1,1
39,11,6,19,21,55,1,1,0,0,5,3,0,32,0,1,4,1,2,55,2,1,2,1,0,0,2,1,0,0,21,55,22,6,22,31,0,0,0,0,1,6,1,390355,0,2009,85,SR-198,99999999999999999999,0000000,40.66029167,-84.25659444,1,1
39,27,6,19,10,30,1,1,0,0,4,3,0,53,0,1,4,1,2,55,1,1,2,1,0,0,1,1,0,0,10,36,10,40,88,88,0,0,0,0,1,6,0,390356,0,2009,1,SR-730,99999999999999999999,0000000,39.33253611,-83.96459444,1,1
39,49,6,26,23,11,1,3,1,1,12,3,0,8,0,1,1,1,4,50,1,1,2,1,0,0,3,1,0,0,23,12,23,15,23,37,0,0,0,0,1,6,0,390357,1800,2009,85,SR-16,99999999999999999999,0000000,39.97955278,-82.84498333,1,1
39,49,6,26,2,0,1,1,0,0,15,6,0,53,0,1,2,1,2,35,1,2,2,2,0,0,2,2,0,0,2,9,2,14,88,88,0,0,0,0,1,6,1,390358,6890,2009,0,PALMER RD,99999999999999999999,0000000,39.94736944,-82.78811944,1,2
39,61,6,26,22,6,1,2,1,1,2,2,0,8,0,1,1,3,4,35,1,1,2,1,0,0,2,1,0,0,22,7,22,10,22,19,0,0,0,0,1,6,0,390359,0,2009,111,US-27,99999999999999999999,0000000,39.21514167,-84.58506111,1,1
39,49,6,29,14,45,2,2,0,0,14,6,0,12,8,2,1,1,2,45,1,1,2,1,0,0,1,1,0,0,14,45,14,50,88,88,0,0,0,0,1,2,0,390360,1800,2009,0,ALUM CREEK DR,NEW WORLD DR,0000000,39.89777778,-82.92944444,2,1
39,107,4,23,11,6,2,3,0,0,3,3,0,12,3,2,1,1,2,55,1,2,2,1,20,3,1,1,0,0,11,6,11,13,11,39,0,0,0,0,2,5,0,390361,0,2009,82,SR-29,SR-118,0000000,40.54541111,-84.64754167,2,1
39,25,6,16,12,3,2,2,0,0,12,3,0,12,2,1,1,3,7,55,1,2,2,1,0,0,1,1,0,0,12,3,12,6,12,27,0,0,0,0,1,3,0,390362,0,2009,26,SR-32,99999999999999999999,0000000,39.09538056,-84.26485833,2,1
39,93,6,20,14,14,4,4,0,0,6,4,0,11,0,1,1,1,2,45,1,1,2,1,0,0,1,1,0,0,14,19,14,25,15,4,0,0,0,0,1,7,0,390363,0,2009,0,19,99999999999999999999,0000000,41.32535,-82.11751944,4,1
39,7,6,25,17,12,2,7,1,0,4,4,0,12,4,2,1,1,2,55,1,1,2,1,20,3,1,1,0,0,17,15,17,32,18,14,0,0,0,0,1,5,0,390364,0,2009,0,12,33,0000000,41.68037222,-80.61486111,2,1
39,147,6,26,13,7,2,4,0,0,3,2,0,12,4,2,1,1,2,55,1,1,2,1,20,3,1,1,0,0,13,18,13,23,13,50,0,0,0,0,1,6,0,390365,0,2009,36,US-224,SR-587,0000000,41.08944722,-83.35250833,2,1
39,165,6,27,20,10,2,3,0,0,4,3,0,12,2,1,1,1,2,55,2,2,2,1,0,0,1,1,0,0,20,10,20,16,20,42,0,0,0,0,2,7,0,390366,0,2009,167,SR-123,99999999999999999999,0000000,39.42568333,-84.17575556,2,1
39,41,6,27,1,33,1,1,0,0,2,2,0,42,0,1,4,3,4,55,1,1,2,1,0,0,2,1,0,0,88,88,88,88,88,88,0,0,0,0,1,7,0,390367,0,2009,159,US-23,99999999999999999999,0000000,40.35283056,-83.07391389,1,1
39,55,6,28,15,20,2,3,0,0,4,3,0,12,2,1,1,1,2,55,1,1,2,1,0,0,1,1,0,0,15,38,16,7,17,14,0,0,0,0,1,1,0,390368,0,2009,44,SR-166,99999999999999999999,0000000,41.64793889,-81.08151111,2,1
39,103,6,29,17,37,2,2,0,1,1,1,0,12,7,13,1,6,1,65,1,2,2,1,0,0,1,1,0,0,88,88,88,88,88,88,0,0,0,0,1,2,0,390369,0,2009,80,I-76,99999999999999999999,0000000,41.03426667,-81.75880833,2,1
39,99,6,25,17,30,2,5,0,0,4,3,0,12,2,1,1,1,2,55,1,2,2,1,0,0,1,1,0,0,17,34,18,1,18,39,0,0,0,0,3,5,0,390370,0,2009,29,SR-164,99999999999999999999,0000000,40.93641111,-80.66974722,2,1
39,35,4,10,5,23,1,1,0,0,15,6,0,30,0,1,4,1,4,35,1,2,2,1,0,0,2,1,0,0,5,26,5,32,6,1,0,0,0,0,1,6,0,390371,1680,2009,0,ST CLAIR AVE,99999999999999999999,0000000,41.57484722,-81.546875,1,1
39,45,5,25,18,16,1,2,0,0,6,5,0,1,0,1,1,1,2,25,1,2,2,1,0,0,1,1,0,0,18,35,18,43,19,7,0,0,0,0,1,2,0,390372,0,2009,0,475,99999999999999999999,0000000,39.90628056,-82.53213056,1,1
39,35,5,26,21,17,3,1,0,0,13,3,0,14,1,1,7,1,4,35,1,1,2,2,0,0,3,2,0,0,21,18,21,23,22,4,0,0,0,0,1,3,0,390373,1680,2009,31,SR-87,99999999999999999999,0000000,41.48808333,-81.638275,1,2
39,85,6,23,22,45,1,1,0,0,16,6,0,16,0,1,1,1,2,25,1,1,2,1,0,0,2,1,0,0,22,52,23,16,23,53,0,0,0,0,1,3,0,390374,9010,2009,0,DODD RD,99999999999999999999,0000000,41.59305833,-81.40054444,1,1
39,173,6,23,9,28,1,3,1,0,4,3,0,9,0,2,1,1,2,55,1,1,2,1,20,3,1,1,0,0,9,32,9,40,10,6,0,0,0,0,1,3,0,390375,0,2009,75,SR-64,216,0000000,41.59305833,-81.40054444,1,1
39,95,6,25,10,34,1,1,0,0,4,3,0,1,0,1,4,2,2,55,2,1,2,1,0,0,1,1,0,0,10,34,10,42,88,88,0,0,0,0,1,5,1,390376,0,2009,138,SR-295,99999999999999999999,0000000,41.61701944,-83.82601944,1,1
39,77,6,26,19,27,2,3,0,0,6,5,0,12,5,2,1,1,2,55,1,2,2,1,20,3,1,1,0,0,19,34,19,44,20,38,0,0,0,0,1,6,1,390377,0,2009,0,32,147,0000000,41.09370556,-82.51316667,2,1
39,3,6,27,20,45,1,2,0,1,1,1,0,34,0,1,4,3,4,65,2,2,2,1,0,0,1,1,0,0,20,48,21,2,21,19,0,0,0,0,1,7,1,390378,0,2009,179,I-75,99999999999999999999,0000000,40.84163333,-83.95972222,1,1
39,7,6,27,14,30,1,1,0,0,6,4,0,24,0,1,4,1,2,45,1,2,2,1,0,0,1,1,0,0,14,48,14,58,88,88,0,0,0,0,1,7,1,390379,0,2009,0,20,99999999999999999999,0000000,41.85360556,-80.7772,1,1
39,87,6,27,12,9,2,3,0,0,6,4,0,12,5,2,1,1,2,55,1,1,2,1,4,3,1,1,0,0,12,14,12,17,12,48,0,0,0,0,1,7,0,390380,0,2009,0,403,775,0000000,38.44318611,-82.37617222,2,1
39,31,5,26,17,17,1,1,0,0,14,3,0,42,0,1,4,1,2,55,1,2,2,1,0,0,1,1,0,0,17,20,17,31,18,4,0,0,0,0,1,3,1,390381,6580,2009,44,SR-93,99999999999999999999,0000000,40.20818056,-81.71463611,1,1
39,153,6,5,18,50,1,2,0,0,15,6,0,30,0,2,5,1,2,35,1,1,1,1,0,0,1,1,0,0,18,51,18,54,19,19,0,0,0,0,1,6,1,390382,70,2009,0,W-THORNTON-ST,NORKA-AVE,0000000,41.06565,-81.54230833,1,1
39,5,6,18,13,55,1,1,0,0,3,3,0,27,0,1,2,1,4,50,1,1,2,1,0,0,1,1,0,0,13,56,13,58,14,37,0,0,0,0,1,5,0,390383,4380,2009,56,SR-3,99999999999999999999,0000000,40.63133611,-82.23385,1,1
39,31,6,20,20,49,1,1,0,0,6,4,0,1,0,1,5,1,2,55,2,1,2,1,0,0,5,1,0,0,20,55,21,7,21,57,0,0,0,0,1,7,0,390384,0,2009,0,23,99999999999999999999,0000000,40.30975,-81.90490556,1,1
39,153,6,22,22,38,1,1,0,1,11,1,0,43,0,15,4,3,4,55,2,2,2,1,0,0,3,1,0,0,88,88,88,88,88,88,0,0,0,0,1,2,0,390385,70,2009,115,I-76,99999999999999999999,0000000,41.06204167,-81.50476944,1,1
39,63,6,26,18,21,2,2,0,0,4,3,0,12,5,2,1,1,2,55,1,1,2,1,20,3,1,1,0,0,18,22,18,29,19,30,0,0,0,0,1,6,0,390386,0,2009,1,SR-18,85,0000000,41.16650278,-83.55441389,2,1
39,135,6,27,8,15,2,2,0,0,2,2,0,12,4,4,1,1,2,55,1,1,2,1,0,0,1,1,0,0,8,15,8,18,9,1,0,0,0,0,1,7,0,390387,0,2009,148,US-127,99999999999999999999,0000000,39.77468889,-84.63648611,2,1
39,27,6,29,12,31,2,5,0,0,4,2,0,12,9,2,1,1,2,55,1,1,2,1,20,3,1,1,0,0,12,36,12,43,12,56,0,0,0,0,1,2,1,390388,0,2009,4,US-22,40,0000000,39.42444722,-83.98280556,2,1
39,39,6,1,21,31,1,1,0,0,4,3,0,1,0,1,1,1,2,35,2,1,2,1,0,0,3,1,0,0,21,32,21,38,21,45,0,0,0,0,1,2,1,390389,3460,2009,26,SR-18,99999999999999999999,0000000,41.29638056,-84.76747222,1,1
39,153,6,3,20,5,1,1,0,1,12,3,0,26,0,1,3,3,6,55,1,1,2,2,0,0,1,1,0,0,20,11,20,15,20,27,0,0,0,0,1,4,0,390390,70,2009,26,SR-8,99999999999999999999,0000000,41.097625,-81.49996111,1,1
39,7,6,9,18,32,2,2,0,0,13,2,0,12,5,4,1,1,4,35,1,1,2,1,0,0,1,1,0,0,19,3,19,34,20,27,0,0,0,0,1,3,0,390391,330,2009,114,US-20,99999999999999999999,0000000,41.86138056,-80.80095833,2,1
39,89,6,13,14,57,1,2,0,1,12,3,0,24,0,13,5,6,1,55,2,2,2,1,0,0,1,1,0,0,14,57,15,1,15,11,0,0,0,0,1,7,1,390392,5570,2009,222,SR-16,99999999999999999999,0000000,40.06031667,-82.41359444,1,1
39,93,6,21,11,52,2,2,0,0,13,3,0,12,5,2,1,1,2,40,1,1,2,1,20,3,1,1,0,0,11,57,12,3,12,21,0,0,0,0,1,1,0,390393,6140,2009,162,SR-58,WALNUT DR,0000000,41.29644444,-82.217325,2,1
39,91,6,23,1,0,1,1,0,0,4,4,0,30,0,1,4,1,2,55,2,1,2,1,40,3,2,1,0,0,1,2,1,10,88,88,0,0,0,0,1,3,1,390394,0,2009,0,130,99999999999999999999,0000000,40.39813611,-83.79723056,1,1
39,131,6,24,20,14,1,1,0,0,4,3,0,37,0,1,4,1,2,55,2,2,2,1,0,0,1,1,0,0,20,15,20,35,20,58,0,0,0,0,1,4,1,390395,0,2009,154,SR-124,99999999999999999999,0000000,39.08050833,-83.13406111,1,1
39,65,6,27,4,30,1,1,0,0,6,5,0,42,0,1,4,1,2,55,1,1,2,1,0,0,2,1,0,0,4,59,5,14,99,99,0,0,0,0,1,7,1,390396,0,2009,0,64,99999999999999999999,0000000,40.73793889,-83.568625,1,1
39,49,6,28,1,30,1,2,0,1,11,1,0,24,0,13,2,6,1,55,2,1,2,1,0,0,3,1,0,0,1,32,1,40,99,99,0,0,0,0,1,1,1,390397,1800,2009,47,I-670,I-71,0000000,39.97166667,-82.99027778,1,1
39,11,6,29,4,45,1,2,0,0,6,5,0,27,0,1,4,1,2,55,1,1,2,1,20,3,2,1,0,0,5,16,5,25,5,48,0,0,0,0,1,2,1,390398,0,2009,0,31,99999999999999999999,0000000,40.481775,-84.41546111,1,1
39,141,6,27,1,34,1,2,0,0,3,2,0,1,0,1,4,1,2,55,2,2,2,1,0,0,2,1,0,0,1,36,1,48,99,99,0,0,0,0,1,7,1,390399,0,2009,373,US-50,99999999999999999999,0000000,39.25531389,-82.76486389,1,1
39,169,6,30,11,8,1,3,2,0,5,4,0,15,0,1,1,1,2,55,1,2,2,1,0,0,1,1,0,0,11,12,11,21,11,41,0,0,0,0,1,3,0,390400,0,2009,0,94A,99999999999999999999,0000000,40.71346944,-81.82970556,1,1
39,127,7,3,22,30,1,1,0,0,6,4,0,17,0,1,4,1,2,55,1,1,4,1,0,0,2,1,0,0,23,4,23,18,23,58,0,0,0,0,1,6,0,390401,0,2009,0,39,99999999999999999999,0000000,39.62309722,-82.25431944,1,1
39,11,7,3,22,44,1,1,0,0,6,4,0,34,0,1,4,1,2,55,1,1,2,1,0,0,2,1,0,0,22,50,23,40,0,46,0,0,0,0,1,6,1,390402,0,2009,0,160,99999999999999999999,0000000,40.58273889,-84.36521111,1,1
39,89,7,6,16,0,2,2,0,0,6,4,0,12,5,2,1,1,2,55,1,1,2,1,20,3,1,1,0,0,16,8,16,13,16,42,0,0,0,0,1,2,0,390403,0,2009,0,22,88,0000000,40.09725,-82.75391389,2,1
39,133,7,1,17,2,1,1,0,0,6,5,0,1,0,1,4,1,2,35,2,2,2,1,0,0,1,1,0,0,17,3,17,11,17,33,0,0,0,0,1,4,0,390404,0,2009,0,105,99999999999999999999,0000000,41.12803889,-81.27406944,1,1
39,63,7,1,6,50,2,2,0,0,4,3,0,12,2,1,1,1,2,55,1,2,2,1,0,0,1,1,0,0,6,53,6,58,99,99,0,0,0,0,1,4,0,390405,0,2009,199,SR-37,99999999999999999999,0000000,40.82049722,-83.52054722,2,1
39,59,7,2,11,52,2,4,0,1,1,1,0,12,3,14,1,3,4,65,1,2,2,1,0,0,1,1,0,0,11,54,11,58,12,30,0,0,0,0,1,5,0,390406,0,2009,106,I-70,99999999999999999999,0000000,40.00238333,-81.54526944,2,1
39,9,7,2,15,55,1,3,0,0,6,4,0,42,0,1,4,1,2,55,2,2,2,1,0,0,1,1,0,0,88,88,88,88,88,88,0,0,0,0,3,5,0,390407,0,2009,0,14,99999999999999999999,0000000,39.23251944,-82.21266389,1,1
39,139,7,3,20,39,2,6,0,0,3,3,0,12,5,2,1,1,2,55,1,1,2,1,20,3,5,1,0,0,20,39,20,50,22,15,0,0,0,0,1,6,0,390408,0,2009,269,SR-13,SR-603,0000000,40.91226944,-82.49945,2,1
39,99,7,6,10,11,1,3,1,0,16,6,0,9,0,1,1,1,2,25,1,1,2,1,0,0,1,1,0,0,88,88,88,88,88,88,0,0,0,0,1,2,0,390409,9230,2009,0,HUDSON-AVE,99999999999999999999,0000000,41.07058333,-80.66641944,1,1
39,165,7,9,21,55,1,1,0,0,6,5,0,34,0,1,4,1,2,45,1,1,2,1,0,0,2,1,0,0,88,88,88,88,88,88,0,0,0,0,1,5,0,390410,0,2009,0,124,99999999999999999999,0000000,39.53463056,-84.2478,1,1
39,129,7,11,10,29,2,5,0,0,6,4,0,12,5,4,1,1,2,55,1,1,2,1,0,0,1,1,0,0,10,36,10,50,11,39,0,0,0,0,1,7,0,390411,0,2009,0,31,99999999999999999999,0000000,39.730425,-82.94282778,2,1
39,43,7,12,22,36,3,6,0,0,4,3,0,12,1,2,1,1,2,55,1,2,2,1,20,3,3,1,0,0,23,6,23,9,23,43,0,0,0,0,1,1,0,390412,0,2009,74,SR-60,14,0000000,41.38819444,-82.36424722,3,1
39,151,7,14,18,55,3,3,1,0,6,6,0,43,0,1,4,1,2,25,1,1,2,1,0,0,1,1,0,0,18,56,18,58,19,41,0,0,0,0,1,3,0,390413,0,2009,0,MELODY-RD-NE,99999999999999999999,0000000,40.86973333,-81.34305278,1,1
39,173,7,5,19,2,2,3,0,0,4,3,0,12,5,2,1,1,2,55,1,1,2,1,20,3,1,1,0,0,19,3,19,12,99,99,0,0,0,0,1,1,0,390414,0,2009,95,SR-199,SR-281,0000000,41.28222222,-83.50875,2,1
39,93,7,7,15,14,2,4,0,0,13,6,0,12,5,2,1,1,2,35,2,2,2,1,0,0,1,1,0,0,15,15,15,20,15,51,0,0,0,0,1,3,0,390415,4360,2009,0,KOLBE RD,JAEGER RD,0000000,41.427475,-82.229575,2,1
39,35,7,9,12,56,1,1,0,0,14,3,0,31,0,1,5,1,4,35,1,1,1,1,0,0,1,1,0,0,12,58,13,1,13,23,0,0,0,0,1,5,0,390416,530,2009,114,SR-87,99999999999999999999,0000000,41.46485556,-81.49846944,1,1
39,119,7,11,2,45,1,1,0,0,4,4,0,43,0,1,4,1,2,35,2,2,2,1,0,0,3,1,0,0,88,88,88,88,88,88,0,0,0,0,1,7,1,390418,0,2009,0,2,99999999999999999999,0000000,39.98534167,-82.00266667,1,1