STATE,COUNTY,MONTH,DAY,HOUR,MINUTE,VE_TOTAL,PERSONS,PEDS,NHS,ROAD_FNC,ROUTE,SP_JUR,HARM_EV,MAN_COLL,REL_JUNC,REL_ROAD,TRAF_FLO,NO_LANES,SP_LIMIT,ALIGNMNT,PROFILE,PAVE_TYP,SUR_COND,TRA_CONT,T_CONT_F,LGT_COND,WEATHER1,WEATHER2,WRK_ZONE,NOT_HOUR,NOT_MIN,ARR_HOUR,ARR_MIN,HOSP_HR,HOSP_MN,SCH_BUS,CF1,CF2,CF3,FATALS,DAY_WEEK,DRUNK_DR,ST_CASE,CITY,YEAR,MILEPT,TWAY_ID,TWAY_ID2,RAIL,LATITUDE,LONGITUD,VE_FORMS,WEATHER
39,113,7,15,17,25,1,2,1,0,13,3,0,8,0,2,1,2,4,45,1,1,2,1,3,3,1,1,0,0,17,27,17,35,17,56,0,0,0,0,1,4,0,390419,0,2009,168,SR-725,LYONS-RD,0000000,39.62933611,-84.19278889,1,1
39,151,7,15,23,48,1,2,0,0,15,6,0,33,0,1,5,1,2,35,1,1,2,1,0,0,3,1,0,0,23,55,23,57,88,88,0,0,0,0,1,4,1,390420,4820,2009,0,ERIE-ST,99999999999999999999,0000000,40.76950833,-81.51557778,1,1
39,79,7,16,11,17,1,2,0,1,2,2,0,34,0,1,3,3,4,60,1,1,2,1,0,0,1,1,0,0,11,17,11,21,11,48,0,0,0,0,1,5,0,390421,0,2009,179,US-35,99999999999999999999,0000000,39.000375,-82.55719167,1,1
39,49,7,18,5,58,1,3,1,0,14,6,0,9,0,1,1,1,4,35,1,1,2,1,0,0,4,1,0,0,6,0,6,5,6,25,0,0,0,0,1,7,1,390422,3500,2009,0,CEMETERY-RD,99999999999999999999,0000000,40.03048056,-83.15228889,1,1
39,145,7,18,18,20,1,3,0,0,6,6,0,34,0,1,4,1,2,55,1,1,2,5,0,0,1,1,0,0,18,20,18,40,19,13,0,0,0,0,1,7,0,390423,0,2009,0,ADAMS-RD,99999999999999999999,0000000,38.93557778,-82.88206111,1,1
39,49,7,19,3,21,1,3,1,0,13,2,0,8,0,1,1,1,4,35,1,1,2,1,0,0,3,1,0,0,88,88,88,88,88,88,0,0,0,0,1,1,0,390424,1800,2009,85,US-23,99999999999999999999,0000000,39.92421944,-82.9957,1,1
39,139,7,19,13,15,2,3,0,0,4,3,0,12,5,2,1,1,2,55,1,2,2,1,20,3,1,1,0,0,13,16,13,24,13,38,0,0,0,0,2,1,0,390425,0,2009,39,SR-545,CRALL-RD,0000000,40.81448056,-82.48975,2,1
39,173,7,19,9,10,1,1,0,0,6,6,0,53,0,1,4,1,2,40,2,2,2,1,0,0,1,1,0,0,88,88,88,88,88,88,0,0,0,0,1,1,1,390426,0,2009,0,SAND-RIDGE-RD,99999999999999999999,0000000,41.35226944,-83.69954722,1,1
39,173,7,24,5,50,3,3,0,0,4,3,0,12,5,2,1,1,2,55,1,2,2,1,20,3,2,1,0,0,5,54,6,6,88,88,0,0,0,0,1,6,0,390427,0,2009,53,SR-64,BISHOP-RD,0000000,41.40820278,-83.68450278,3,1
39,49,6,20,18,41,4,7,0,0,13,2,0,12,5,2,1,1,4,25,1,1,2,1,0,0,1,1,0,0,18,42,18,46,19,13,0,20,0,0,1,7,0,390429,790,2009,158,US-40,SHERIDAN AVE,0000000,39.95731944,-82.94121944,3,1
39,173,6,27,16,42,1,1,0,1,13,2,0,1,0,1,1,1,4,45,1,1,2,1,0,0,1,1,0,0,16,43,16,47,17,7,0,0,0,0,1,7,0,390430,6490,2009,5,US-20,99999999999999999999,0000000,41.55625,-83.64625,1,1
39,35,7,2,5,0,2,2,0,1,11,1,0,12,2,1,1,3,7,65,9,9,2,9,0,0,4,1,0,0,5,3,5,10,5,41,0,0,0,0,1,5,1,390431,1040,2009,162,I-480,99999999999999999999,0000000,41.42110556,-81.68317778,2,1
39,61,7,3,11,48,4,5,0,0,13,2,0,12,1,1,1,1,4,40,2,1,2,1,0,0,1,1,0,0,11,49,11,58,12,29,0,0,0,0,1,6,0,390432,1610,2009,319,US-52,99999999999999999999,0000000,39.08138889,-84.42013611,4,1
39,17,7,4,0,35,1,1,0,0,16,6,0,30,0,1,4,1,2,35,2,2,2,1,0,0,2,1,0,0,0,35,0,39,0,59,0,0,0,0,1,7,1,390433,2535,2009,0,WOODBRIDGE BLVD,99999999999999999999,0000000,39.30704722,-84.49938333,1,1
39,129,7,7,0,40,2,5,0,1,1,1,0,12,1,1,1,3,4,65,1,1,2,1,0,0,2,1,0,0,0,53,1,12,1,50,0,0,0,0,1,3,0,390434,0,2009,1,I-71,99999999999999999999,0000000,39.78666944,-83.24403056,2,1
39,119,7,11,4,3,1,1,0,1,2,2,0,37,0,1,4,1,4,45,2,1,2,1,0,0,2,1,0,0,4,5,4,13,4,32,0,0,0,0,1,7,0,390435,0,2009,83,US-22,99999999999999999999,0000000,39.89778889,-82.0375,1,1
39,27,7,16,22,34,2,2,0,1,1,1,0,25,0,1,3,3,4,65,2,1,2,1,0,0,2,1,0,0,99,99,99,99,88,88,0,0,0,0,1,5,1,390436,0,2009,95,I-71,99999999999999999999,0000000,39.52415556,-83.83197222,2,1
39,101,7,17,20,13,1,3,0,0,5,4,0,60,0,1,1,1,2,55,1,1,2,1,0,0,1,1,0,0,20,31,20,54,21,38,0,0,0,0,1,6,0,390437,0,2009,0,175,99999999999999999999,0000000,40.60020278,-83.10144444,1,1
39,5,7,18,18,10,2,2,0,0,4,3,0,12,5,2,1,1,2,55,1,1,2,1,20,3,1,1,0,0,18,10,18,18,18,46,0,0,0,0,1,7,1,390438,0,2009,208,SR-511,620,0000000,40.96989444,-82.31071389,2,1
39,109,7,22,17,1,3,3,0,1,2,3,0,12,1,1,1,1,2,55,1,1,2,2,0,0,1,2,0,0,17,1,17,7,17,49,0,0,0,0,1,4,0,390440,0,2009,6,SR-49,99999999999999999999,0000000,39.92326667,-84.42093333,3,2
39,173,7,24,16,15,4,10,0,1,2,2,0,12,5,2,1,1,2,45,1,1,2,1,20,3,1,1,0,0,16,20,16,23,16,55,0,0,0,0,1,6,0,390441,0,2009,55,US-20,GLENWOOD RD,0000000,41.53118056,-83.55795556,4,1
39,95,6,17,5,58,2,3,0,0,13,3,0,12,5,2,1,1,4,35,1,1,2,2,4,3,4,1,0,0,6,3,6,3,6,29,0,0,0,0,1,4,0,390442,8120,2009,72,SR-51,PROMEDICA PKWY,0000000,41.67623056,-83.59456389,2,1
39,35,7,5,21,18,2,2,0,1,11,1,0,12,1,1,1,3,7,60,1,1,2,1,0,0,5,1,0,0,21,19,21,22,21,34,0,0,0,0,1,1,0,390443,1680,2009,197,I-90,99999999999999999999,0000000,41.52981944,-81.65243889,2,1
39,69,7,9,20,33,1,1,0,0,6,6,0,24,0,1,5,1,2,55,2,2,2,1,0,0,1,1,0,0,20,42,20,56,21,42,0,0,0,0,1,5,0,390444,0,2009,0,10,99999999999999999999,0000000,41.35388889,-84.05722222,1,1
39,107,7,15,16,47,2,3,0,0,6,6,0,12,5,2,1,1,2,55,1,1,2,1,20,3,1,1,0,0,88,88,88,88,88,88,0,0,0,0,1,4,0,390445,0,2009,0,BURKETTSVILLE ST,BURK ST,0000000,40.46518333,-84.64786389,2,1
39,61,7,16,11,30,2,2,0,0,16,6,0,12,1,2,1,1,4,35,1,2,2,1,0,0,1,1,0,0,11,52,12,1,12,14,0,0,0,0,2,5,0,390446,7190,2009,0,E MITCHELL AVE,LEONARD AVE,0000000,39.16099722,-84.50116111,2,1
39,153,6,1,0,20,1,1,0,0,15,6,0,33,0,1,5,1,4,35,1,1,2,1,0,0,3,1,0,0,88,88,88,88,88,88,0,0,0,0,1,2,1,390447,70,2009,0,ARCHWOOD-AVE,99999999999999999999,0000000,41.04768889,-81.47573611,1,1
39,85,6,24,16,3,2,6,0,0,2,2,0,12,4,2,1,1,4,45,2,1,2,1,20,3,1,1,0,1,16,4,16,12,16,34,0,0,0,0,1,4,0,390448,0,2009,297,US-20,1,0000000,41.79838611,-81.016025,2,1
39,35,7,7,20,40,1,1,0,1,11,1,0,5,0,13,2,6,1,60,2,2,2,1,0,0,5,1,0,0,20,40,20,46,21,7,0,0,0,0,1,3,0,390449,1680,2009,89,I-480,99999999999999999999,0000000,41.42058889,-81.81896111,1,1
39,153,7,9,19,52,2,5,0,0,6,4,0,12,5,2,1,1,2,40,1,1,2,1,20,3,1,1,0,0,19,53,20,0,20,33,0,0,0,0,1,5,0,390450,0,2009,0,215,KUNGLE-RD,0000000,40.97987222,-81.63783611,2,1
39,13,7,10,19,56,1,2,0,0,6,6,0,33,0,1,5,1,2,15,2,1,2,1,0,0,1,1,0,0,19,57,20,0,20,24,0,0,0,0,1,6,0,390451,0,2009,0,MALL-RING-RD,99999999999999999999,0000000,40.07145556,-80.87081111,1,1
39,153,7,10,23,25,2,4,0,0,6,6,0,37,0,1,4,1,2,45,2,2,2,1,0,0,2,1,0,0,23,36,23,55,0,31,0,0,0,0,1,6,2,390452,0,2009,0,HAMPSHIRE-RD,99999999999999999999,0000000,40.92768333,-81.57741389,2,1
39,79,7,15,3,0,1,1,0,0,6,5,0,32,0,1,4,1,2,55,1,1,4,1,0,0,2,1,0,0,88,88,88,88,88,88,0,0,0,0,1,4,0,390453,0,2009,0,190,99999999999999999999,0000000,39.10676944,-82.59108889,1,1
39,111,7,20,19,15,1,2,0,0,5,3,0,37,0,1,5,1,2,55,2,2,2,1,0,0,5,1,0,0,19,20,19,25,19,59,0,0,0,0,1,2,0,390454,0,2009,175,SR-255,99999999999999999999,0000000,39.62818333,-80.91635278,1,1
39,103,7,20,20,48,2,2,0,0,4,3,0,12,5,1,1,1,2,55,1,2,2,1,0,0,5,1,0,0,21,27,21,36,22,12,0,0,0,0,1,2,1,390455,0,2009,29,SR-421,99999999999999999999,0000000,41.04375556,-81.99963889,2,1
39,61,7,20,13,58,1,1,0,0,15,6,0,30,0,1,4,1,2,35,1,1,2,1,0,0,1,1,0,0,14,11,14,22,14,39,0,0,0,0,1,2,0,390456,3680,2009,0,SHAWNEE-RUN-RD,99999999999999999999,0000000,39.18005,-84.35680556,1,1
39,91,7,11,1,33,1,4,2,0,15,3,0,8,0,1,1,1,2,45,2,1,2,1,0,0,2,1,0,0,1,39,2,12,3,9,0,0,0,0,1,7,1,390457,0,2009,32,SR-366,99999999999999999999,0000000,40.48389722,-83.92005278,1,1
39,147,7,15,22,30,1,1,0,0,6,6,0,11,0,1,1,1,2,55,1,1,2,1,0,0,2,1,0,0,22,47,23,10,23,51,0,0,0,0,1,4,1,390458,0,2009,0,CHAMPMAN RD,99999999999999999999,0000000,41.21806389,-83.20123056,1,1
39,69,7,17,1,14,1,2,0,0,6,4,0,1,0,1,4,1,2,55,2,2,2,2,0,0,2,1,0,0,1,15,1,21,99,99,0,0,0,0,1,6,1,390459,0,2009,0,CR-15,99999999999999999999,0000000,41.39944444,-84.15125,1,1
39,127,7,18,2,7,1,1,0,0,5,3,0,37,0,1,4,1,2,55,1,2,2,1,0,0,2,1,0,0,2,10,2,23,88,88,0,20,0,0,1,7,1,390460,0,2009,177,SR-668,99999999999999999999,0000000,39.81922778,-82.28872222,1,1
39,97,7,2,14,47,1,2,0,1,1,1,0,26,0,15,3,3,4,65,1,1,2,1,0,0,1,1,0,0,14,58,15,21,15,56,0,0,0,0,1,5,0,390461,0,2009,71,I-71,99999999999999999999,0000000,39.75206667,-83.31626389,1,1
39,61,7,21,23,18,1,1,0,1,2,3,0,42,0,5,4,6,4,45,2,1,2,1,0,0,3,1,0,0,88,88,88,88,88,88,0,0,0,0,1,3,1,390462,0,2009,15,SR-125 RAMP,SR-32,0000000,39.10789722,-84.40015278,1,1
39,3,7,23,2,5,1,1,0,0,13,3,0,33,0,1,5,1,2,35,1,1,2,2,0,0,3,2,0,0,2,7,2,11,2,29,0,0,0,0,1,5,0,390463,4220,2009,178,SR-117,99999999999999999999,0000000,40.73208611,-84.08206389,1,2
39,49,7,23,10,13,1,1,0,0,9,6,0,42,0,1,4,1,2,55,1,1,2,2,0,0,1,1,0,0,88,88,88,88,88,88,0,0,0,0,1,5,0,390465,0,2009,0,WINCHESTER-PIKE,99999999999999999999,0000000,39.88550278,-82.85588333,1,1
39,143,7,23,8,36,2,3,0,0,13,3,0,12,4,2,1,1,4,50,1,1,2,2,3,3,1,2,0,0,8,36,8,40,9,2,0,0,0,0,1,5,0,390466,2760,2009,110,SR-53,FANGBONER-RD,0000000,41.372975,-83.11704444,2,2
39,45,7,26,10,25,2,2,0,0,4,6,0,12,5,4,1,1,2,50,1,2,2,1,0,0,1,1,0,0,88,88,88,88,88,88,0,0,0,0,1,1,0,390467,0,2009,0,LITHOPOLIS-RD,99999999999999999999,0000000,39.74811944,-82.70254444,2,1
39,93,7,29,2,25,3,7,0,1,1,1,0,12,7,15,1,3,6,65,1,2,2,1,0,0,2,1,0,0,2,36,2,42,3,12,0,0,0,0,2,4,0,390468,0,2009,24,I-80,99999999999999999999,0000000,41.35498611,-82.2976,3,1
39,111,7,30,11,55,2,4,0,0,2,3,0,12,7,1,1,1,2,55,1,1,2,1,0,0,1,1,0,0,12,43,13,8,13,40,0,0,0,0,1,5,1,390469,0,2009,62,SR-7,99999999999999999999,0000000,39.61059167,-80.94057778,2,1
39,17,7,30,10,43,2,4,0,0,6,6,0,12,5,4,1,1,2,55,1,2,2,1,0,0,1,1,0,0,11,13,11,21,12,9,0,0,0,0,1,5,0,390470,0,2009,0,MORGAN-ROSS-RD,99999999999999999999,0000000,39.34422778,-84.70302778,2,1
39,99,7,17,19,11,2,4,0,0,16,6,0,12,1,1,1,1,2,35,1,1,2,1,0,0,1,1,0,0,19,39,19,41,20,0,0,20,0,0,1,6,1,390471,9230,2009,0,S PORTLAND AVE,99999999999999999999,0000000,41.10196944,-80.66222778,2,1
39,65,7,19,5,48,1,2,0,0,3,2,0,34,0,1,4,1,2,55,1,1,2,1,0,0,2,1,0,0,5,48,5,57,6,54,0,0,0,0,1,1,1,390472,0,2009,27,US-68,99999999999999999999,0000000,40.55734444,-83.65740556,1,1
39,31,7,21,17,18,2,3,0,0,4,3,0,12,4,1,1,1,2,55,2,1,2,1,0,0,1,1,0,0,17,18,17,25,17,52,0,0,0,0,1,3,0,390473,0,2009,133,SR-60,99999999999999999999,0000000,40.32113333,-82.01694167,2,1
39,135,7,22,15,2,2,2,0,0,4,3,0,12,8,1,1,1,2,55,2,1,2,2,0,0,1,2,0,0,15,2,15,9,88,88,0,0,0,0,1,4,0,390474,0,2009,97,SR-725,99999999999999999999,0000000,39.63219444,-84.63287222,2,2
39,155,7,27,19,41,1,1,0,0,4,2,0,1,0,1,4,1,4,45,1,1,2,1,0,0,1,1,0,0,99,99,99,99,88,88,0,0,0,0,1,2,1,390475,0,2009,25,US-62,99999999999999999999,0000000,41.15234444,-80.59115278,1,1
39,151,7,28,14,55,1,1,0,0,5,4,0,24,0,1,4,1,2,55,2,1,2,1,0,0,1,1,0,0,15,2,15,15,88,88,0,0,0,0,1,3,1,390476,0,2009,0,ROBERTSVILLE AVE,99999999999999999999,0000000,40.73567222,-81.18776667,1,1
39,49,7,30,7,14,1,2,1,0,14,6,0,8,0,1,1,1,4,35,9,9,2,9,0,0,9,1,0,4,7,16,7,21,88,88,0,0,0,0,1,5,0,390477,1800,2009,0,E 5TH AVE,99999999999999999999,0000000,39.98611111,-82.98083333,1,1
39,61,7,20,17,49,2,3,0,0,15,6,0,12,5,1,1,1,4,35,2,2,2,2,0,0,1,2,0,0,17,51,99,99,99,99,0,0,0,0,1,2,1,390478,1610,2009,0,WESTERN HILLS VIADUC,99999999999999999999,0000000,39.1247,-84.53859722,2,2
39,17,7,21,0,1,1,1,0,0,6,6,0,53,0,4,4,1,2,45,1,2,2,1,0,0,2,1,0,0,0,4,0,15,88,88,0,0,0,0,1,3,1,390479,0,2009,0,TOLBERT RD,99999999999999999999,0000000,39.52324722,-84.56452222,1,1
39,151,7,25,2,28,1,2,1,0,14,6,0,9,0,1,1,1,2,35,1,1,2,1,0,0,2,1,0,0,2,31,2,37,88,88,0,0,0,0,1,7,1,390480,5930,2009,0,E MAPLE ST,99999999999999999999,0000000,40.87516667,-81.37382222,1,1
39,93,7,23,19,3,1,2,1,0,6,6,0,8,0,1,1,1,2,55,1,1,2,2,0,0,1,2,0,0,19,5,19,17,88,88,0,0,0,0,1,5,0,390481,0,2009,0,BETTS RD,99999999999999999999,0000000,41.21554444,-82.32591111,1,2
39,117,7,25,1,35,1,1,0,0,5,4,0,34,0,1,4,1,2,55,1,1,2,1,0,0,2,1,0,0,1,35,1,45,2,6,0,0,0,0,1,7,1,390482,0,2009,0,37,99999999999999999999,0000000,40.68058333,-82.634475,1,1
39,1,7,28,12,42,2,2,1,0,3,3,0,8,0,1,1,1,2,55,1,1,2,1,0,0,1,1,0,0,12,42,12,47,13,18,0,0,0,0,1,3,0,390483,0,2009,255,SR-41,99999999999999999999,0000000,38.9276,-83.4214,1,1
39,49,8,5,22,1,2,2,0,0,13,3,0,12,5,2,1,1,4,35,1,1,2,1,0,0,3,1,0,0,22,2,22,7,88,88,0,0,0,0,1,4,0,390484,1800,2009,43,SR-16,GOULD RD,0000000,39.97083333,-82.92305556,2,1
39,35,6,1,15,15,2,2,0,1,11,1,0,18,0,15,1,3,7,60,2,2,2,1,0,0,1,1,0,0,15,17,15,25,15,49,0,0,0,0,1,2,0,390485,1680,2009,125,I-71,99999999999999999999,0000000,41.44560556,-81.76208611,2,1
39,115,7,2,6,2,1,1,0,0,4,3,0,11,0,1,1,1,2,55,1,1,2,1,0,0,4,1,0,0,6,7,6,14,7,54,0,0,0,0,1,5,0,390486,0,2009,35,SR-37,99999999999999999999,0000000,39.66271667,-81.96766111,1,1
39,49,7,2,15,25,1,2,1,0,16,6,0,33,0,2,4,1,2,25,2,1,2,1,0,0,1,1,0,0,15,25,15,31,99,99,0,0,0,0,1,5,0,390487,8730,2009,0,N-OTTERBEIN-AVE,FARTHING-DR,0000000,40.13086111,-82.921275,1,1
39,61,7,29,21,30,1,2,0,1,11,1,0,27,0,15,4,3,4,55,2,2,2,1,0,0,3,1,0,0,21,33,21,37,22,6,0,0,0,0,1,4,1,390488,1610,2009,183,I-74,99999999999999999999,0000000,39.15925,-84.56242222,1,1
39,47,7,31,15,50,2,5,0,0,15,3,0,12,2,2,1,1,2,55,1,1,2,1,0,0,1,1,0,0,16,5,16,27,17,9,0,0,0,0,1,6,1,390489,8570,2009,11,SR-38,HICKORY-LANE,0000000,39.55673611,-83.43504722,2,1
39,129,8,2,1,11,1,1,0,0,6,6,0,34,0,1,4,1,2,55,2,2,2,1,0,0,2,1,0,0,88,88,88,88,88,88,0,0,0,0,1,1,1,390490,0,2009,0,DARBY-CREEK-RD,99999999999999999999,0000000,39.73517778,-83.14058333,1,1
39,151,8,2,2,55,1,1,0,0,6,6,0,34,0,1,4,1,2,35,2,1,2,1,0,0,2,1,0,0,88,88,88,88,88,88,0,0,0,0,1,1,1,390491,0,2009,0,GREENBOWER-ST,99999999999999999999,0000000,40.96431389,-81.12380833,1,1
39,49,8,5,19,36,2,1,0,0,16,6,0,14,10,1,7,1,2,25,2,1,2,1,0,0,1,1,0,0,19,42,19,44,20,4,0,0,0,0,1,4,1,390492,1800,2009,0,QUEENSBRIDGE-DR,99999999999999999999,0000000,40.10858611,-83.06704722,1,1
39,49,8,7,18,39,2,2,0,0,16,6,0,12,5,2,1,1,2,25,1,2,1,1,0,0,1,1,0,0,88,88,88,88,88,88,0,0,0,0,1,6,0,390493,1800,2009,0,BRANDENBERRY-DR,NORTON-RD,0000000,39.94021944,-83.14296389,2,1
39,131,8,9,2,48,1,2,0,0,15,3,0,33,0,1,5,1,2,35,2,2,2,1,0,0,3,1,0,0,4,34,4,34,6,27,0,0,0,0,1,1,1,390494,8610,2009,72,SR-220,99999999999999999999,0000000,39.12941389,-83.00361667,1,1
39,35,6,6,16,45,1,1,0,0,12,3,0,25,0,1,2,3,6,50,2,1,2,1,0,0,1,1,0,0,16,50,16,50,17,11,0,0,0,0,1,7,0,390495,1680,2009,143,SR-2,99999999999999999999,0000000,41.49137222,-81.73024167,1,1
39,31,7,4,11,57,1,2,0,0,6,4,0,37,0,1,4,1,2,55,1,2,2,1,0,0,1,1,0,0,12,1,12,25,13,19,0,0,0,0,1,7,0,390496,0,2009,0,323,99999999999999999999,0000000,40.45187778,-81.98873611,1,1
39,61,7,26,14,49,2,3,0,0,16,6,0,12,4,4,1,1,2,25,1,1,2,1,0,0,1,1,0,0,14,52,14,53,15,9,0,0,0,0,1,1,0,390498,7450,2009,0,CREEK RD,99999999999999999999,0000000,39.26972222,-84.40336667,2,1
39,71,7,29,20,0,1,1,0,0,5,3,0,27,0,1,4,1,2,55,1,2,2,2,0,0,1,1,0,0,20,0,20,14,88,88,0,0,0,0,1,4,0,390499,0,2009,36,SR-131,99999999999999999999,0000000,39.14278889,-83.80553056,1,1
39,95,7,30,18,28,1,3,1,0,16,6,0,9,0,4,1,1,2,25,1,1,2,1,0,0,1,1,0,0,18,29,18,36,18,47,0,0,0,0,1,5,0,390500,6213,2009,0,WORDEN RD,99999999999999999999,0000000,41.63449722,-83.46725556,1,1
39,17,7,31,16,1,2,5,0,0,3,3,0,12,5,2,1,1,2,45,1,2,2,1,20,3,1,1,0,0,16,2,16,8,99,99,0,0,0,0,1,6,1,390501,0,2009,130,SR-73,JACKSONBURG RD,0000000,39.48496389,-84.51267222,2,1
39,147,8,2,19,44,1,1,0,0,4,3,0,32,0,1,4,1,2,55,1,1,2,1,0,0,1,1,0,0,19,44,19,46,88,88,0,0,0,0,1,1,0,390502,0,2009,162,SR-18,99999999999999999999,0000000,41.12255556,-83.14611111,1,1
39,143,8,4,2,30,1,3,0,0,3,3,0,32,0,1,4,1,2,55,1,1,2,1,0,0,2,1,0,0,2,52,3,21,4,7,0,0,0,0,1,3,0,390503,0,2009,8,SR-51,99999999999999999999,0000000,41.43144167,-83.29918333,1,1
39,41,8,6,7,4,2,3,0,0,4,2,0,12,2,1,1,1,2,55,1,1,2,1,0,0,1,1,0,0,7,6,7,13,7,35,0,0,0,0,2,5,0,390504,0,2009,120,US-42,99999999999999999999,0000000,40.32108056,-83.023,2,1
39,165,8,6,10,30,2,2,0,0,5,6,0,12,8,2,1,1,2,55,1,2,2,1,0,0,1,1,0,0,10,31,10,41,10,57,0,0,0,0,1,5,0,390505,0,2009,0,STUBBS MILL RD,78,0000000,39.41117222,-84.18121111,2,1
39,7,7,21,17,3,1,1,0,0,3,3,0,30,0,1,4,1,2,45,1,1,2,1,0,0,1,1,0,0,17,22,17,25,17,55,0,0,0,0,1,3,1,390506,0,2009,12,SR-85,99999999999999999999,0000000,41.60712222,-80.55390278,1,1
39,61,7,23,13,10,1,1,0,0,4,6,0,34,0,1,5,1,2,40,1,1,2,1,0,0,1,1,0,0,13,11,13,17,14,4,0,0,0,0,1,5,0,390507,0,2009,0,LAWRENCEBURG-RD,99999999999999999999,0000000,39.23483056,-84.80761667,1,1
39,167,7,24,19,58,1,1,0,0,15,6,0,34,0,1,5,1,2,35,1,1,2,1,0,0,1,1,0,0,19,58,19,59,20,19,0,0,0,0,1,6,0,390508,4730,2009,0,GLENDALE-RD,99999999999999999999,0000000,39.44439167,-81.43040278,1,1
39,139,7,31,16,28,1,2,1,0,15,6,0,9,0,2,1,1,2,25,1,1,2,1,20,3,1,1,0,0,16,29,16,32,16,48,0,0,0,0,1,6,0,390509,4680,2009,0,W-FIFTH-AVE,WILLOW-ST,0000000,40.76315556,-82.52418333,1,1
39,155,8,3,23,32,1,3,0,0,5,6,0,42,0,1,4,1,2,45,1,1,2,1,0,0,2,1,0,0,23,32,23,36,0,7,0,0,0,0,1,2,0,390510,0,2009,0,STATE-RD,99999999999999999999,0000000,41.29816944,-80.88146111,1,1
39,151,8,7,14,35,2,3,0,0,3,2,0,12,5,2,1,1,2,55,1,2,2,1,20,3,1,1,0,0,14,38,14,45,15,9,0,0,0,0,1,6,0,390511,0,2009,66,US-62,DAY-RD,0000000,40.70957222,-81.55891944,2,1
39,167,8,9,12,45,2,3,0,0,4,3,0,12,5,1,1,1,2,55,2,2,2,5,0,0,1,1,0,0,13,51,14,18,15,13,0,0,0,0,1,1,1,390512,0,2009,298,SR-26,99999999999999999999,0000000,39.57376944,-81.16131111,2,1
39,125,8,9,17,50,1,1,0,0,6,4,0,11,0,1,1,1,2,55,1,1,2,1,0,0,1,1,0,0,17,54,18,6,19,6,0,0,0,0,1,1,0,390513,0,2009,0,82,99999999999999999999,0000000,41.07726944,-84.67705833,1,1
39,49,8,11,9,45,2,2,0,0,14,2,0,12,5,2,1,1,4,35,1,1,2,1,20,3,1,1,0,0,9,51,9,55,10,11,0,0,0,0,1,3,0,390514,1800,2009,156,US-23,OLENTANGY-ST,0000000,40.02026944,-83.00185833,2,1
39,63,8,16,23,56,1,1,0,0,16,6,0,42,0,1,5,1,2,15,1,1,2,1,0,0,2,1,0,0,23,58,0,2,0,10,0,0,0,0,1,1,1,390515,2610,2009,0,SIXTH-ST,99999999999999999999,0000000,41.02240833,-83.64673611,1,1
39,49,8,8,21,12,2,6,0,0,15,6,0,12,8,2,1,1,2,40,2,1,2,1,0,0,3,1,0,0,21,20,21,25,21,35,0,0,0,0,1,7,1,390516,1800,2009,0,COOPER RD,FOREST HILLS BLVD,0000000,40.09055556,-82.93527778,2,1
39,113,8,9,13,20,10,15,0,0,13,3,0,12,2,2,1,1,4,35,1,1,2,1,0,0,1,1,0,0,13,25,13,29,14,20,0,0,0,0,2,1,0,390517,2090,2009,143,SR-48,MUMMA AVE,0000000,39.77750833,-84.20329444,10,1
39,35,8,10,2,37,1,2,0,0,14,6,0,33,0,1,4,1,4,35,2,1,2,1,0,0,2,1,0,0,3,2,3,6,99,99,0,20,0,0,1,2,0,390518,1680,2009,0,WARREN RD,99999999999999999999,0000000,41.45475556,-81.80196667,1,1
39,41,8,10,15,47,2,2,0,1,11,1,0,12,3,1,1,3,6,65,1,1,2,1,0,0,1,1,0,0,15,47,15,52,88,88,0,0,0,0,1,2,0,390519,0,2009,23,I-71,99999999999999999999,0000000,40.15615556,-82.97238889,2,1
39,113,8,13,20,25,2,2,0,0,16,6,0,12,7,2,1,1,2,35,1,1,2,1,0,0,1,1,0,0,20,27,20,30,88,88,0,0,0,0,1,5,0,390520,2090,2009,0,ARDMORE AVE,BISH AVE,0000000,39.75240833,-84.23475278,2,1
39,95,8,7,22,8,2,3,0,1,1,1,0,12,7,1,1,3,4,65,1,1,1,1,0,0,3,1,0,0,22,11,22,23,23,2,0,0,0,0,1,6,1,390521,0,2009,65,I-475,99999999999999999999,0000000,41.63666667,-83.69416667,2,1
39,151,8,9,18,55,1,1,0,0,4,3,0,34,0,1,4,1,2,55,2,2,2,1,0,0,1,1,0,0,18,55,19,11,88,88,0,0,0,0,1,1,1,390522,0,2009,32,SR-212,99999999999999999999,0000000,40.65436389,-81.52241389,1,1
39,45,8,12,0,30,2,3,0,0,5,4,0,12,2,4,1,1,2,55,2,2,2,1,0,0,2,1,0,0,0,36,0,57,1,37,0,0,0,0,1,4,0,390523,0,2009,0,108,99999999999999999999,0000000,39.72586111,-82.81208333,2,1
39,155,8,12,20,24,2,3,0,0,3,3,0,12,5,2,1,1,2,55,1,1,2,1,20,3,5,1,0,0,20,26,20,30,21,35,0,0,0,0,1,4,0,390524,0,2009,195,SR-7,SR-88,0000000,41.386825,-80.56834444,2,1
39,39,8,13,21,45,1,1,0,0,3,2,0,34,0,1,4,1,2,55,1,1,2,1,0,0,2,1,0,0,21,50,22,0,88,88,0,0,0,0,1,5,1,390525,0,2009,99,US-127,99999999999999999999,0000000,41.39258889,-84.55524444,1,1