STATE,COUNTY,MONTH,DAY,HOUR,MINUTE,VE_TOTAL,PERSONS,PEDS,NHS,ROAD_FNC,ROUTE,SP_JUR,HARM_EV,MAN_COLL,REL_JUNC,REL_ROAD,TRAF_FLO,NO_LANES,SP_LIMIT,ALIGNMNT,PROFILE,PAVE_TYP,SUR_COND,TRA_CONT,T_CONT_F,LGT_COND,WEATHER1,WEATHER2,WRK_ZONE,NOT_HOUR,NOT_MIN,ARR_HOUR,ARR_MIN,HOSP_HR,HOSP_MN,SCH_BUS,CF1,CF2,CF3,FATALS,DAY_WEEK,DRUNK_DR,ST_CASE,CITY,YEAR,MILEPT,TWAY_ID,TWAY_ID2,RAIL,LATITUDE,LONGITUD,VE_FORMS,WEATHER
39,141,8,15,13,0,2,4,0,0,4,6,0,12,1,1,1,1,2,55,2,2,2,1,0,0,1,1,0,0,99,99,99,99,88,88,0,0,0,0,2,7,1,390526,0,2009,0,BLAIN HIGHWAY,99999999999999999999,0000000,39.24622778,-83.06845556,2,1
39,103,8,16,16,49,2,3,0,0,4,2,0,12,5,2,1,1,2,55,1,2,2,1,20,3,1,1,0,0,16,49,16,54,17,17,0,0,0,0,1,1,0,390527,0,2009,22,US-42,80,0000000,41.01432778,-82.05216389,2,1
39,59,8,16,21,22,1,1,0,0,5,3,0,27,0,1,4,1,2,55,1,1,2,1,0,0,2,1,0,0,21,26,21,42,88,88,0,0,0,0,1,1,1,390528,0,2009,105,SR-285,99999999999999999999,0000000,40.06828611,-81.43478333,1,1
39,113,8,24,2,24,1,3,1,1,11,1,0,8,0,1,1,3,6,65,1,1,2,1,0,0,2,1,0,0,99,99,99,99,88,88,0,0,0,0,1,2,0,390529,5275,2009,79,I-75,99999999999999999999,0000000,39.69553056,-84.22996667,1,1
39,61,7,25,23,28,2,2,0,0,12,2,0,12,5,2,1,1,4,35,1,1,2,1,0,0,3,1,0,0,23,30,23,36,88,88,0,0,0,0,1,7,0,390530,1610,2009,71,US-42,JOSEPH-ST,0000000,39.1729,-84.46769722,2,1
39,133,8,5,1,35,1,3,0,0,4,6,0,53,0,1,4,1,2,45,2,1,2,1,0,0,2,1,0,0,1,35,1,49,2,27,0,0,0,0,1,4,1,390531,0,2009,0,WATERLOO-RD,99999999999999999999,0000000,41.03232778,-81.21771389,1,1
39,3,8,9,19,38,2,2,0,0,4,3,0,12,7,2,1,1,2,55,1,1,2,1,20,3,1,1,0,0,19,39,19,45,20,2,0,0,0,0,1,1,2,390532,0,2009,237,SR-81,N-MCCLURE-RD,0000000,40.76406944,-83.98565,2,1
39,173,8,12,14,41,2,3,0,0,2,2,0,12,5,2,1,1,2,55,1,1,2,1,20,3,1,1,0,0,14,41,14,46,15,28,0,0,0,0,1,4,0,390533,0,2009,234,US-6,PEMBERVILLE-RD,0000000,41.348675,-83.45569167,2,1
39,153,8,16,2,53,1,2,0,0,14,3,0,33,0,2,5,1,4,25,1,1,2,1,0,0,3,1,0,0,2,54,3,0,3,19,0,0,0,0,1,1,1,390534,70,2009,65,SR-162,NOME-AVE,0000000,41.08389722,-81.57062222,1,1
39,57,8,17,10,15,2,2,0,1,1,1,0,12,1,13,1,6,1,65,1,1,2,1,0,0,1,1,0,0,10,17,10,21,11,10,0,0,0,0,1,2,0,390535,0,2009,173,I-675 RAMP,99999999999999999999,0000000,39.84250278,-83.99305833,2,1
39,13,8,19,22,38,1,1,0,0,4,3,0,34,0,1,5,1,2,35,2,1,2,1,0,0,2,1,0,0,88,88,88,88,88,88,0,0,0,0,1,4,1,390536,0,2009,99,SR-149,99999999999999999999,0000000,40.002725,-80.88698611,1,1
39,29,8,20,10,55,3,4,0,0,3,3,0,12,2,1,1,1,2,55,2,1,2,1,0,0,1,1,0,0,11,7,11,26,12,9,0,0,0,0,1,5,0,390537,0,2009,187,SR-7,99999999999999999999,0000000,40.77079444,-80.62929722,3,1
39,11,8,23,3,7,1,3,0,0,6,6,0,32,0,1,4,1,2,55,1,1,2,1,0,0,2,1,0,0,3,25,3,43,3,57,0,0,0,0,1,1,1,390538,0,2009,0,MIDDLE-PIKE,99999999999999999999,0000000,40.57013611,-84.15283611,1,1
39,173,8,23,19,46,2,2,0,0,13,3,0,12,4,2,1,1,2,55,1,1,2,1,20,3,5,1,0,0,19,50,19,56,20,23,0,0,0,0,1,1,0,390539,5090,2009,1,SR-51,FOSTORIA-RD,0000000,41.56891944,-83.415175,2,1
39,169,8,16,0,0,2,3,0,0,6,6,0,12,7,1,1,1,2,55,1,1,2,1,0,0,2,1,0,0,0,1,0,5,0,18,0,0,0,0,1,1,0,390540,0,2009,0,TANNERVILLE RD,99999999999999999999,0000000,40.86046944,-81.725325,2,1
39,95,7,15,21,30,1,2,0,0,13,6,0,1,0,2,1,1,4,45,1,1,2,1,0,0,3,1,0,0,21,32,21,39,21,56,0,0,0,0,1,4,1,390541,8120,2009,0,W-LASKEY-RD,OAK-GLEN,0000000,41.70636944,-83.62080556,1,1
39,95,7,24,6,5,3,3,0,0,13,3,0,12,7,2,1,1,4,35,1,1,2,1,0,0,1,1,0,0,6,17,6,25,6,38,0,0,0,0,1,6,0,390542,8120,2009,89,SR-51,VOGEL-RD,0000000,41.68925833,-83.62222222,3,1
39,95,7,30,21,5,2,1,0,0,16,6,0,14,7,1,7,1,2,30,1,1,2,1,0,0,5,1,0,0,21,5,21,14,21,31,0,0,0,0,1,5,0,390543,8120,2009,0,WOODSDALE-AVE,99999999999999999999,0000000,41.62255833,-83.58711389,1,1
39,157,8,3,13,0,2,4,0,0,14,6,0,12,2,1,1,1,2,45,1,1,2,1,0,0,1,1,0,0,13,9,13,16,13,38,0,0,0,0,1,2,0,390544,8210,2009,0,N-WATER-ST,99999999999999999999,0000000,40.39953333,-81.34824167,2,1
39,171,8,14,10,10,2,5,0,0,3,2,0,12,8,1,1,1,2,55,1,1,2,1,0,0,1,1,0,0,10,23,10,42,11,26,0,0,0,0,1,6,0,390545,0,2009,69,US-20,99999999999999999999,0000000,41.64066667,-84.67100278,2,1
39,83,8,16,13,10,1,1,0,0,4,3,0,1,0,1,2,1,2,55,1,2,2,1,0,0,1,1,0,0,88,88,88,88,88,88,0,0,0,0,1,1,0,390546,0,2009,59,SR-586,99999999999999999999,0000000,40.29725556,-82.38956667,1,1
39,61,8,16,12,46,2,4,0,0,14,6,0,12,4,2,1,1,4,35,1,2,2,1,3,3,1,1,0,0,12,53,13,0,13,10,0,0,0,0,1,1,0,390547,1610,2009,0,WINTON-RD,GRAY-RD,0000000,39.17595278,-84.51963056,2,1
39,135,8,18,19,12,1,2,1,0,6,4,0,9,0,2,1,1,2,55,1,2,2,5,20,3,1,1,0,0,19,19,19,40,99,99,0,0,0,0,1,3,0,390548,0,2009,0,CAMDEN-SUGAR-VALLEY,GASPER-SOMERS-RD,0000000,39.65336944,-84.68143611,1,1
39,137,8,22,10,16,2,3,0,0,4,3,0,12,5,2,1,1,2,55,1,1,2,1,20,3,1,1,0,0,10,28,10,48,11,15,0,0,0,0,1,7,0,390549,0,2009,78,SR-613,SR-15,0000000,41.09328056,-84.20283611,2,1
39,113,8,29,0,50,2,3,0,0,14,6,0,12,1,2,1,1,4,35,1,1,2,2,3,3,3,1,0,0,0,54,0,55,88,88,0,0,0,0,1,7,0,390550,2090,2009,0,S-SMITHVILLE-RD,WAYNE-AVE,0000000,39.73844444,-84.14048889,2,1
39,83,7,4,21,35,1,2,0,0,5,4,0,1,0,1,5,1,2,55,1,1,2,1,0,0,2,1,0,0,21,35,21,45,22,15,0,0,0,0,1,7,1,390551,0,2009,0,11,99999999999999999999,0000000,40.444475,-82.59058611,1,1
39,19,8,3,8,20,1,1,0,0,5,3,0,37,0,1,4,1,2,55,2,2,2,1,0,0,1,1,0,0,8,22,8,37,88,88,0,0,0,0,1,2,0,390552,0,2009,39,SR-524,99999999999999999999,0000000,40.60007222,-80.95619167,1,1
39,125,8,11,20,42,1,1,0,0,6,4,0,17,0,1,4,1,2,55,1,1,2,1,0,0,5,1,0,0,20,44,20,57,21,50,0,19,0,0,1,3,1,390553,0,2009,0,24,99999999999999999999,0000000,41.00484722,-84.47116944,1,1
39,119,8,16,0,56,2,5,0,0,14,6,0,12,3,4,1,1,4,35,1,1,2,1,0,0,3,1,0,0,1,0,1,2,99,99,0,0,0,0,1,1,0,390554,9260,2009,0,LINDEN AVE,99999999999999999999,0000000,39.95523056,-82.00478611,2,1
39,171,8,17,0,12,2,7,0,1,1,1,0,12,1,1,1,3,4,65,1,1,2,1,0,0,2,1,0,0,0,13,0,22,2,20,0,0,0,0,1,2,0,390555,0,2009,127,I-80,99999999999999999999,0000000,41.615,-84.56361111,2,1
39,41,8,17,15,50,4,4,0,1,2,2,0,12,5,2,1,1,2,55,1,1,2,1,20,3,1,1,0,0,15,50,15,53,16,23,0,0,0,0,1,2,1,390556,0,2009,200,US-36,33,0000000,40.26089722,-82.88880278,4,1
39,103,8,20,18,15,2,5,0,1,2,3,0,12,4,1,1,1,4,55,1,1,2,2,0,0,1,2,0,0,18,27,18,35,20,10,0,0,0,0,2,5,0,390557,0,2009,179,SR-18,99999999999999999999,0000000,41.13612222,-81.70915833,2,2
39,61,8,23,17,56,2,2,0,1,11,1,0,12,7,1,1,3,6,55,2,1,2,1,0,0,1,1,0,0,17,58,18,2,18,15,0,0,0,0,1,1,0,390558,7190,2009,74,I-75,99999999999999999999,0000000,39.17199444,-84.49705,2,1
39,99,7,11,12,32,2,4,0,0,5,6,0,12,7,2,1,1,2,25,2,2,2,2,20,3,1,2,0,0,12,46,12,48,13,26,0,0,0,0,1,7,1,390559,0,2009,0,ROBINSON RD,12TH ST,0000000,41.070525,-80.59355833,2,2
39,153,8,15,23,31,2,4,0,0,4,6,0,12,5,1,1,1,2,40,1,2,2,1,0,0,2,1,0,0,23,32,23,36,88,88,0,0,0,0,3,7,1,390560,0,2009,0,KILLIAN-RD,99999999999999999999,0000000,40.997025,-81.43565278,2,1
39,155,8,18,22,57,1,2,0,0,4,3,0,37,0,1,4,1,2,45,1,2,2,1,0,0,2,1,0,0,22,57,23,1,23,26,0,0,0,0,1,3,0,390561,0,2009,13,SR-305,99999999999999999999,0000000,41.30844444,-80.9769,1,1
39,117,8,25,13,50,2,3,0,0,4,3,0,12,4,4,1,1,2,55,1,2,2,1,0,0,1,1,0,0,13,59,14,37,15,22,0,0,0,0,2,3,0,390562,0,2009,115,SR-229,99999999999999999999,0000000,40.39886389,-82.71252778,2,1
39,81,8,26,2,50,1,2,0,0,6,5,0,24,0,1,4,1,2,35,2,2,2,1,0,0,2,1,0,0,3,12,3,28,4,34,0,0,0,0,1,4,1,390563,0,2009,0,163,99999999999999999999,0000000,40.25601389,-80.65013889,1,1
39,23,8,27,14,20,2,2,0,1,1,1,0,12,3,13,1,3,4,65,1,1,2,1,0,0,1,1,0,1,14,20,14,28,88,88,0,0,0,0,1,5,0,390564,0,2009,208,I-70,99999999999999999999,0000000,39.925025,-83.68653611,2,1
39,49,8,6,14,35,4,7,0,1,1,1,0,20,0,1,8,3,7,65,1,2,2,1,0,0,1,1,0,0,14,41,14,49,15,7,0,0,0,0,1,5,0,390565,0,2009,234,I-270,99999999999999999999,0000000,40.11205556,-83.023925,4,1
39,79,8,29,15,35,2,6,0,0,5,6,0,12,5,2,1,1,2,55,1,1,2,1,20,3,1,1,0,0,15,42,15,59,16,39,0,0,0,0,1,7,0,390566,0,2009,0,CH-AND-D-RD,MORIAH-RD,0000000,38.90033889,-82.54255278,2,1
39,99,8,8,12,25,2,2,0,0,3,3,0,12,5,4,1,1,2,55,1,2,2,2,0,0,1,1,0,0,12,50,13,5,13,29,0,0,0,0,1,7,0,390567,0,2009,1,SR-14,99999999999999999999,0000000,40.98736667,-81.01308889,2,1
39,9,8,29,0,37,1,2,0,0,3,3,0,42,0,1,4,1,2,55,1,2,2,1,0,0,2,1,0,0,0,39,1,5,2,7,0,0,0,0,1,7,1,390568,0,2009,183,SR-550,99999999999999999999,0000000,39.42895278,-81.85248056,1,1
39,59,8,29,14,40,1,1,0,1,1,1,0,42,0,15,4,3,4,65,2,1,2,1,0,0,1,1,0,0,88,88,88,88,88,88,0,0,0,0,1,7,0,390570,0,2009,56,I-77,99999999999999999999,0000000,39.97354444,-81.53599722,1,1
39,41,8,30,21,25,2,2,0,0,3,2,0,12,2,1,1,1,2,55,1,1,2,1,0,0,2,1,0,0,21,25,21,28,22,7,0,0,0,0,1,1,0,390571,0,2009,10,US-42,99999999999999999999,0000000,40.23424444,-83.16032778,2,1
39,133,9,7,13,49,2,7,0,0,5,6,0,12,4,1,5,1,2,40,2,1,2,1,0,0,1,9,0,0,13,49,13,55,14,41,0,0,0,0,1,2,1,390572,0,2009,0,MOGADORE-RD,99999999999999999999,0000000,41.12397778,-81.37830833,2,9
39,111,8,28,23,56,2,4,0,1,12,3,0,12,3,1,1,3,4,50,2,1,2,1,0,0,3,1,0,0,23,57,0,3,0,39,0,20,0,0,1,6,1,390573,0,2009,203,SR-7,99999999999999999999,0000000,40.08334167,-80.73659444,2,1
39,95,8,23,6,17,1,1,0,0,6,4,0,18,0,1,4,1,2,55,1,1,2,1,0,0,2,1,0,0,6,17,6,26,88,88,0,0,0,0,1,1,0,390574,0,2009,0,MONCLOVA RD,99999999999999999999,0000000,41.56036111,-83.81133889,1,1
39,111,8,26,13,30,2,3,0,0,4,3,0,12,7,2,1,1,2,55,1,2,2,1,0,0,1,1,0,0,99,99,99,99,88,88,0,0,0,0,1,4,0,390575,0,2009,175,SR-145,39,0000000,39.85305,-81.15574167,2,1
39,61,8,26,22,17,2,6,0,0,4,6,0,12,8,1,1,1,2,45,2,1,2,1,0,0,2,1,0,0,22,17,22,28,23,28,0,0,0,0,1,4,1,390576,0,2009,0,HARRISON RD,99999999999999999999,0000000,39.23156944,-84.75311389,2,1
39,99,8,26,3,35,1,2,1,1,1,1,0,8,0,1,1,3,4,55,1,1,2,1,0,0,2,1,0,0,3,40,3,48,88,88,0,0,0,0,1,4,1,390577,0,2009,7,I-80,99999999999999999999,0000000,41.11118611,-80.82171389,1,1
39,13,8,29,2,35,1,1,0,0,4,2,0,34,0,1,4,1,2,40,2,2,2,1,0,0,2,1,0,0,2,38,2,50,3,18,0,0,0,0,1,7,1,390578,0,2009,197,US-250,99999999999999999999,0000000,40.1411,-80.82781389,1,1
39,49,8,25,20,15,2,2,0,0,14,6,0,12,1,1,1,1,2,35,1,1,2,1,0,0,5,1,0,0,20,50,99,99,99,99,0,0,0,0,1,3,0,390579,1800,2009,0,S JAMES RD,99999999999999999999,0000000,39.97198889,-82.91356111,2,1
39,113,6,6,1,24,2,4,0,0,15,6,0,14,3,1,7,1,2,35,1,2,2,1,0,0,3,1,0,0,1,24,1,35,1,52,0,0,0,0,1,7,1,390580,2090,2009,0,BURKHARDT-AVE,99999999999999999999,0000000,39.75994167,-84.12874167,1,1
39,23,8,24,20,50,2,2,0,1,2,2,0,12,4,2,1,1,2,55,1,1,2,1,20,3,2,1,0,0,99,99,99,99,99,99,0,0,0,0,1,2,0,390581,0,2009,5,US-68,JACKSON-RD,0000000,39.8327,-83.868275,2,1
39,43,9,1,18,25,2,3,0,0,4,6,0,12,4,2,1,1,2,55,1,1,2,1,20,3,1,1,0,0,18,26,18,34,19,20,0,0,0,0,1,3,0,390582,0,2009,0,MASON-RD,BERLIN-RD,0000000,41.33065,-82.505375,2,1
39,15,9,1,5,25,2,2,0,0,2,3,0,12,4,2,1,1,4,55,1,1,2,1,21,3,2,1,0,0,5,25,5,35,7,3,0,0,0,0,1,3,0,390583,0,2009,119,SR-32,SARDINIA-MOWRYSTOWN,0000000,39.01286389,-83.79776944,2,1
39,53,9,1,14,51,1,1,0,1,2,3,0,34,0,1,4,1,2,55,2,1,2,1,0,0,1,1,0,0,14,51,14,59,15,26,0,0,0,0,1,3,0,390584,0,2009,353,SR-7,99999999999999999999,0000000,38.95873056,-82.10506944,1,1
39,151,9,3,1,7,1,2,0,0,5,6,0,30,0,1,4,1,2,55,2,1,2,1,0,0,2,1,0,0,1,7,1,7,99,99,0,0,0,0,1,5,1,390585,0,2009,0,WOOSTER-ST,99999999999999999999,0000000,40.807475,-81.55245833,1,1
39,113,9,4,2,56,1,1,0,0,6,6,0,33,0,1,5,1,4,25,2,2,2,1,0,0,2,1,0,0,2,57,3,2,3,27,0,0,0,0,1,6,1,390586,0,2009,0,SUE-ANN-BLVD,99999999999999999999,0000000,39.80956389,-84.223425,1,1
39,103,9,5,16,28,1,1,0,0,4,3,0,34,0,1,4,1,2,55,2,2,2,1,0,0,1,1,0,0,16,28,16,34,17,22,0,0,0,0,1,7,1,390587,0,2009,44,SR-252,99999999999999999999,0000000,41.21530833,-81.92596111,1,1
39,63,9,6,1,58,1,1,0,0,6,4,0,30,0,1,4,1,2,55,1,1,2,1,0,0,2,1,0,0,88,88,88,88,88,88,0,0,0,0,1,1,1,390588,0,2009,0,9,99999999999999999999,0000000,41.02792778,-83.69841944,1,1
39,1,8,23,3,0,1,2,0,0,6,4,0,21,0,1,4,1,2,55,1,1,2,1,0,0,2,1,0,0,3,4,3,16,4,8,0,0,0,0,1,1,1,390589,0,2009,0,3H,99999999999999999999,0000000,38.74737778,-83.50669167,1,1
39,89,9,6,21,17,1,3,0,0,3,3,0,53,0,1,4,1,2,55,1,1,2,1,0,0,2,1,0,0,21,18,21,53,22,28,0,0,0,0,1,1,0,390590,0,2009,67,SR-37,99999999999999999999,0000000,40.108825,-82.64327778,1,1
39,61,8,29,1,49,3,5,0,1,1,1,0,12,2,10,1,3,4,65,1,1,2,1,0,0,2,1,0,0,1,54,2,3,2,36,0,0,0,0,1,7,1,390591,0,2009,39,I-275,KILBY RD,0000000,39.18639722,-84.77825833,3,1
39,11,8,30,12,5,1,1,0,0,6,5,0,34,0,1,4,1,2,55,1,1,2,1,0,0,1,1,0,0,12,7,12,15,12,47,0,0,0,0,1,1,0,390592,0,2009,0,ARNOLD RD,99999999999999999999,0000000,40.60445278,-84.40087778,1,1
39,61,8,30,10,19,1,1,0,1,1,1,0,42,0,13,8,6,1,65,1,2,2,1,0,0,1,1,0,0,10,19,10,23,88,88,0,0,0,0,1,1,1,390593,0,2009,79,I-74,99999999999999999999,0000000,39.20660556,-84.70727778,1,1
39,101,8,30,17,32,2,2,0,0,4,3,0,12,8,2,1,1,2,55,1,1,2,1,20,3,1,1,0,0,17,33,17,38,18,17,0,0,0,0,1,1,0,390594,0,2009,42,SR-423,108,0000000,40.52068611,-83.10061667,2,1
39,109,9,1,5,37,1,2,0,0,4,3,0,11,0,1,5,1,2,55,1,1,2,1,0,0,2,1,0,0,5,37,5,46,6,9,0,0,0,0,1,3,0,390595,0,2009,39,SR-202,99999999999999999999,0000000,39.93673333,-84.13229167,1,1
39,169,9,2,18,0,1,4,0,0,6,4,0,34,0,1,4,1,2,55,1,1,2,1,0,0,1,1,0,0,18,14,18,27,18,57,0,0,0,0,1,4,1,390596,0,2009,0,7,99999999999999999999,0000000,40.82394722,-81.71581111,1,1
39,93,9,3,23,0,1,2,0,1,12,2,0,53,0,1,5,1,2,35,1,1,2,1,0,0,3,1,0,0,23,12,23,15,23,35,0,0,0,0,1,5,1,390597,7490,2009,146,US-6,99999999999999999999,0000000,41.49482222,-82.090875,1,1
39,49,9,5,14,10,2,2,0,1,2,2,0,12,5,2,1,2,4,55,1,1,2,1,3,3,1,1,0,0,14,15,14,36,14,59,0,0,0,0,1,7,0,390598,0,2009,21,US-23,SR-317,0000000,39.83358611,-83.00016389,2,1
39,49,9,8,2,39,1,1,0,0,14,6,0,24,0,1,5,1,2,35,1,1,2,2,0,0,3,1,0,0,99,99,99,99,88,88,0,0,0,0,1,3,1,390599,1800,2009,0,E 17TH AVE,99999999999999999999,0000000,39.99908333,-82.94969444,1,1
39,31,8,27,13,30,1,1,0,0,4,4,0,32,0,1,4,1,2,55,2,2,2,1,0,0,1,1,0,0,13,36,13,54,14,40,0,0,0,0,1,5,0,390600,0,2009,0,271,99999999999999999999,0000000,40.19866667,-81.85641667,1,1
39,29,8,31,15,17,1,1,0,1,12,2,0,7,0,1,5,1,2,35,1,1,2,1,0,0,1,1,0,0,15,19,15,28,16,10,0,0,0,0,1,2,0,390601,4280,2009,181,US-30,99999999999999999999,0000000,40.77218889,-80.77251389,1,1
39,75,9,3,19,15,1,5,3,0,6,4,0,49,0,1,1,1,2,55,1,2,2,1,0,0,1,1,0,0,19,15,19,25,20,17,0,0,0,0,3,5,0,390603,0,2009,0,200,99999999999999999999,0000000,40.65335556,-81.72496111,1,1
39,127,9,4,10,54,2,3,0,0,3,2,0,12,7,2,1,1,2,55,2,2,2,1,20,3,1,1,0,0,11,2,11,27,12,14,0,0,0,0,1,6,0,390604,0,2009,131,US-22,WESLEY-CHAPEL-RD,0000000,39.84361389,-82.18666944,2,1
39,75,9,5,17,47,2,3,0,0,3,3,0,12,5,4,1,1,2,55,1,1,2,1,0,0,1,1,0,0,17,47,17,47,18,2,0,0,0,0,1,7,0,390605,0,2009,159,SR-39,99999999999999999999,0000000,40.56086667,-81.94475556,2,1
39,141,9,5,20,55,1,2,1,0,4,3,0,8,0,1,1,1,2,45,1,1,2,1,0,0,3,1,0,0,88,88,88,88,88,88,0,0,0,0,1,7,0,390606,0,2009,72,SR-180,99999999999999999999,0000000,39.44448333,-82.82438611,1,1
39,71,9,5,9,20,3,4,0,0,3,2,0,7,0,2,1,1,2,45,1,2,2,1,20,3,1,1,0,0,9,26,9,47,99,99,0,0,0,0,1,7,1,390607,0,2009,28,US-50,SR-134,0000000,39.20241389,-83.81538611,3,1
39,11,9,11,6,25,2,2,0,0,4,3,0,12,8,1,1,1,2,55,1,1,2,1,0,0,4,1,0,0,6,31,6,48,88,88,0,0,0,0,1,6,0,390608,0,2009,46,SR-197,99999999999999999999,0000000,40.64803333,-84.396725,2,1
39,167,9,12,2,13,1,2,0,0,3,3,0,37,0,1,4,1,2,40,2,2,2,1,0,0,2,1,0,0,2,13,2,18,99,99,0,0,0,0,1,7,1,390609,0,2009,110,SR-550,99999999999999999999,0000000,39.39816389,-81.65602222,1,1
39,81,9,13,0,21,1,1,0,0,14,6,0,33,0,1,5,1,4,25,1,1,2,1,0,0,3,1,0,0,0,29,0,31,0,47,0,0,0,0,1,1,1,390610,7830,2009,0,LINCOLN-AVE,99999999999999999999,0000000,40.349825,-80.63384722,1,1
39,105,8,29,17,49,2,3,0,0,4,3,0,12,5,4,1,1,2,55,1,1,2,1,0,0,1,1,0,0,17,49,18,7,18,26,0,0,0,0,1,7,1,390611,0,2009,361,SR-124,99999999999999999999,0000000,38.88722222,-81.91648611,2,1
39,45,9,1,14,10,2,2,0,0,4,3,0,12,5,2,1,1,2,55,1,1,2,1,20,3,1,1,0,0,14,31,14,49,15,48,0,0,0,0,1,3,0,390612,0,2009,153,SR-158,BLACKLICK RD,0000000,39.92346111,-82.60165278,2,1
39,53,9,2,11,50,1,2,0,1,2,3,0,1,0,1,1,1,2,55,2,1,2,1,0,0,1,1,0,0,11,52,12,5,12,25,0,0,0,0,1,4,0,390613,0,2009,312,SR-7,99999999999999999999,0000000,38.91308889,-82.13403889,1,1
39,93,9,3,7,0,1,1,0,1,11,1,0,25,0,1,3,3,6,65,2,2,2,1,0,0,1,1,0,0,7,5,7,14,7,48,0,0,0,0,1,5,1,390614,6025,2009,153,I-80,99999999999999999999,0000000,41.38184444,-82.06886667,1,1
39,89,9,4,20,24,1,2,0,0,4,3,0,24,0,1,4,1,2,55,2,2,2,1,0,0,2,1,0,0,20,24,20,45,21,35,0,0,0,0,1,6,1,390615,0,2009,174,SR-79,99999999999999999999,0000000,40.09057222,-82.37673889,1,1
39,95,9,5,18,36,1,1,0,1,11,1,0,1,0,1,1,3,4,65,1,1,2,1,0,0,1,1,0,0,18,40,19,2,19,24,0,0,0,0,1,7,0,390616,4840,2009,136,I-80,99999999999999999999,0000000,41.58578611,-83.62261667,1,1
39,133,9,5,0,52,1,2,1,1,2,3,0,8,0,1,2,1,2,45,1,2,2,1,0,0,3,1,0,0,0,55,1,2,88,88,0,0,0,0,1,7,1,390617,0,2009,41,SR-59,99999999999999999999,0000000,41.15640278,-81.31423056,1,1
39,75,9,6,12,50,1,1,0,0,4,3,0,38,0,1,4,1,2,55,2,2,2,1,0,0,1,1,0,0,12,55,13,3,88,88,0,0,0,0,1,1,0,390618,0,2009,91,SR-241,99999999999999999999,0000000,40.640075,-81.78438611,1,1
39,9,9,6,13,59,1,1,0,0,13,2,0,37,0,1,3,3,4,55,2,2,1,1,0,0,1,1,0,0,13,59,14,3,14,16,0,0,0,0,1,1,0,390619,360,2009,121,US-50,99999999999999999999,0000000,39.31031944,-82.10601944,1,1
39,41,9,7,18,32,2,4,0,0,4,2,0,12,5,2,1,1,2,45,1,1,2,1,0,0,1,1,0,0,18,32,18,35,19,6,0,0,0,0,1,2,0,390620,0,2009,22,US-23,995,0000000,40.1657,-83.02023056,2,1
39,51,9,7,16,0,1,5,0,1,2,2,0,34,0,1,4,1,2,55,1,1,2,2,0,0,1,2,0,0,16,20,16,30,17,13,0,0,0,0,1,2,1,390621,0,2009,223,US-20,99999999999999999999,0000000,41.67120278,-83.98260556,1,2
39,43,9,8,21,50,1,1,0,0,5,5,0,30,0,1,4,1,2,55,2,1,2,2,40,3,2,1,0,0,22,58,23,24,0,10,0,0,0,0,1,3,0,390622,0,2009,0,SHAW MILL RD,99999999999999999999,0000000,41.29004722,-82.62043611,1,1
39,25,9,11,21,15,1,2,0,0,5,3,0,34,0,1,4,1,2,55,1,1,2,1,0,0,2,1,0,0,21,18,21,28,88,88,0,0,0,0,2,6,0,390623,0,2009,66,SR-232,99999999999999999999,0000000,38.92675,-84.14321667,1,1
39,113,9,12,3,14,1,2,0,0,14,6,0,42,0,1,4,1,2,35,1,2,2,1,0,0,2,1,0,0,3,14,3,22,99,99,0,0,0,0,1,7,1,390624,8360,2009,0,FROST RD,99999999999999999999,0000000,39.91726111,-84.17691111,1,1
39,87,9,12,13,35,2,2,0,1,2,3,0,12,8,1,1,1,2,55,2,2,2,1,0,0,1,1,0,0,13,38,13,58,14,21,0,0,0,0,1,7,0,390625,0,2009,148,SR-7,99999999999999999999,0000000,38.52246944,-82.30741111,2,1
39,77,9,14,21,30,1,1,0,0,6,5,0,1,0,1,5,1,2,55,2,1,2,1,0,0,2,1,0,0,23,3,23,17,0,22,0,18,0,0,1,2,1,390626,0,2009,0,RIDGE RD,99999999999999999999,0000000,41.078925,-82.62776944,1,1
39,77,9,15,5,30,1,1,0,0,6,5,0,34,0,1,4,1,2,55,1,1,2,1,0,0,2,1,0,0,5,38,5,51,7,35,0,0,0,0,1,3,0,390627,0,2009,0,76,99999999999999999999,0000000,41.08083333,-82.5128,1,1
39,23,9,8,12,53,1,2,1,0,6,6,0,8,0,1,1,1,2,10,2,2,2,1,0,0,1,1,0,0,88,88,88,88,88,88,0,0,0,0,1,3,1,390628,0,2009,0,S-TECUMSEH-RD,99999999999999999999,0000000,39.89457222,-83.9227,1,1
39,131,9,12,0,21,2,4,0,0,2,3,0,12,5,2,1,2,4,55,1,2,2,1,20,3,3,1,0,0,99,99,99,99,99,99,0,0,0,0,1,7,0,390629,0,2009,200,SR-32,GERMANY-RD,0000000,39.05297222,-82.93754722,2,1
39,93,9,12,19,15,2,5,0,0,4,3,0,12,2,1,1,1,2,55,1,2,2,1,0,0,1,1,0,0,19,15,19,16,99,99,0,0,0,0,2,7,0,390630,0,2009,46,SR-511,99999999999999999999,0000000,41.13191944,-82.30632778,2,1
39,35,9,13,19,42,1,4,0,0,15,3,0,52,0,1,2,1,2,40,2,2,2,1,0,0,5,1,0,0,19,45,19,52,99,99,0,0,0,0,1,1,0,390631,2860,2009,28,SR-174,99999999999999999999,0000000,41.56838889,-81.41709167,1,1
39,5,9,14,6,4,1,2,1,0,4,3,0,8,0,1,1,1,2,55,1,2,2,1,0,0,2,1,0,0,6,7,6,19,6,46,0,0,0,0,1,2,0,390632,0,2009,64,SR-89,99999999999999999999,0000000,40.80848056,-82.2056,1,1