STATE,COUNTY,MONTH,DAY,HOUR,MINUTE,VE_TOTAL,PERSONS,PEDS,NHS,ROAD_FNC,ROUTE,SP_JUR,HARM_EV,MAN_COLL,REL_JUNC,REL_ROAD,TRAF_FLO,NO_LANES,SP_LIMIT,ALIGNMNT,PROFILE,PAVE_TYP,SUR_COND,TRA_CONT,T_CONT_F,LGT_COND,WEATHER1,WEATHER2,WRK_ZONE,NOT_HOUR,NOT_MIN,ARR_HOUR,ARR_MIN,HOSP_HR,HOSP_MN,SCH_BUS,CF1,CF2,CF3,FATALS,DAY_WEEK,DRUNK_DR,ST_CASE,CITY,YEAR,MILEPT,TWAY_ID,TWAY_ID2,RAIL,LATITUDE,LONGITUD,VE_FORMS,WEATHER
39,85,9,14,12,0,6,10,0,1,2,3,0,12,1,3,1,1,4,45,1,1,2,1,3,3,1,1,0,0,12,0,12,14,12,27,0,0,0,0,1,2,0,390633,0,2009,23,SR-44,99999999999999999999,0000000,41.67160556,-81.24998611,6,1
39,137,9,15,9,52,1,2,1,0,4,3,0,9,0,1,2,1,2,55,1,1,2,1,0,0,1,1,0,0,9,53,9,57,10,30,0,0,0,0,1,3,0,390634,0,2009,76,SR-12,99999999999999999999,0000000,40.93895,-84.00116111,1,1
39,113,9,16,0,49,1,3,0,0,5,6,0,42,0,1,4,1,2,35,1,1,2,1,0,0,2,1,0,0,0,49,0,52,99,99,0,0,0,0,1,4,0,390635,0,2009,0,S0LDIERS-HOME-RD,99999999999999999999,0000000,39.678025,-84.26724167,1,1
39,49,9,17,17,45,2,4,0,0,5,6,0,12,4,2,1,1,2,55,1,1,2,1,20,3,1,1,0,0,17,52,17,56,18,15,0,0,0,0,1,5,0,390636,0,2009,0,AMITY-RD,ROBERTS-RD,0000000,39.98363056,-83.22916111,2,1
39,45,9,19,1,20,2,2,1,0,4,6,0,8,0,1,1,1,2,45,1,2,2,1,0,0,2,1,0,0,88,88,88,88,88,88,0,0,0,0,1,7,0,390637,0,2009,0,COONPATH-RD,99999999999999999999,0000000,39.76834444,-82.59560833,2,1
39,129,9,13,21,13,2,6,0,0,2,2,0,12,1,1,1,2,4,55,1,1,2,1,0,0,2,1,0,0,21,14,21,21,21,45,0,0,0,0,1,1,1,390638,0,2009,136,US-23,99999999999999999999,0000000,39.67086111,-82.96660556,2,1
39,55,9,18,7,0,2,3,0,0,6,4,0,12,5,2,1,1,2,55,1,1,2,1,20,3,1,1,0,0,7,12,7,47,8,36,0,0,0,0,1,6,0,390639,0,2009,0,32,195,0000000,41.36323056,-81.27743056,2,1
39,99,9,8,15,55,4,5,0,0,4,3,0,12,4,1,1,1,2,55,2,1,2,1,0,0,1,1,0,0,15,57,16,24,16,41,0,0,0,0,2,3,0,390640,0,2009,9,SR-46,99999999999999999999,0000000,40.90980278,-80.70807778,4,1
39,105,4,26,12,5,4,7,0,0,4,3,0,12,1,2,1,1,2,55,1,1,2,1,0,0,1,1,0,0,12,9,12,17,13,29,0,0,0,0,2,1,0,390641,0,2009,23,SR-143,365,0000000,39.06600833,-82.06826389,4,1
39,153,7,16,1,21,1,1,0,1,11,1,0,24,0,13,2,6,1,65,2,2,2,1,0,0,3,1,0,0,88,88,88,88,88,88,0,0,0,0,1,5,1,390642,6065,2009,12,I-76 RAMP,SR-21,0000000,41.04026111,-81.65991667,1,1
39,155,8,21,21,46,1,1,0,0,16,6,0,42,0,1,5,1,2,25,2,1,2,1,0,0,3,1,0,0,21,47,21,54,22,20,0,0,0,0,1,6,0,390643,8530,2009,0,HAMILTON-ST-SW,99999999999999999999,0000000,41.23049722,-80.84977222,1,1
39,93,9,2,8,39,1,1,0,0,15,6,0,7,0,1,5,1,2,35,1,1,2,1,0,0,1,1,0,0,8,39,8,40,8,56,0,0,0,0,1,4,0,390644,2480,2009,0,LOWELL-ST,99999999999999999999,0000000,41.37511667,-82.12471111,1,1
39,153,9,18,13,47,2,2,0,0,16,6,0,12,5,2,1,1,2,25,1,1,2,1,20,3,1,1,0,0,13,49,13,53,14,11,0,0,0,0,1,6,0,390645,70,2009,0,HAMMEL-ST,CROSIER-ST,0000000,41.05972778,-81.50268611,2,1
39,35,9,19,1,39,1,1,0,0,14,6,0,33,0,5,5,1,4,35,1,2,2,1,3,3,3,1,0,0,88,88,88,88,88,88,0,0,0,0,1,7,1,390646,1030,2009,0,TIEDMAN-RD,99999999999999999999,0000000,41.42688056,-81.76173333,1,1
39,101,9,19,2,20,1,4,0,0,4,3,0,30,0,1,4,1,2,45,2,1,2,1,0,0,2,1,0,0,2,28,2,40,3,17,0,0,0,0,1,7,1,390647,0,2009,11,SR-529,99999999999999999999,0000000,40.57075833,-83.09211389,1,1
39,7,9,20,19,44,1,1,0,0,6,6,0,42,0,1,4,1,2,35,1,1,2,1,0,0,3,1,0,0,88,88,88,88,88,88,0,0,0,0,1,1,0,390648,1850,2009,0,STATE-ST,99999999999999999999,0000000,41.94388056,-80.55830278,1,1
39,133,10,1,6,32,1,2,1,0,13,3,0,8,0,1,1,1,2,35,2,1,2,1,0,0,3,1,0,0,88,88,88,88,88,88,0,0,0,0,1,5,0,390649,7875,2009,38,SR-14,99999999999999999999,0000000,41.23641389,-81.33459722,1,1
39,51,10,1,20,13,1,2,1,0,14,3,0,9,0,1,1,1,2,50,1,1,2,1,0,0,2,1,0,0,20,15,20,18,20,33,0,0,0,0,1,5,0,390650,280,2009,31,SR-2,99999999999999999999,0000000,41.52143889,-84.31848056,1,1
39,57,8,24,6,24,1,2,1,0,14,6,0,8,0,2,1,1,4,40,2,2,2,1,0,0,3,1,0,0,6,26,6,31,6,45,0,0,0,0,1,2,0,390651,558,2009,0,DAYTON XENIA RD,STEDMAN DR,0000000,39.73940278,-84.09304722,1,1
39,49,8,27,16,46,2,2,0,0,15,6,0,12,5,2,1,1,2,25,1,1,2,1,20,3,1,1,0,0,16,54,17,1,17,20,0,0,0,0,1,5,0,390652,1800,2009,0,SULLIVANT AVE,GRUBB ST,0000000,39.95488611,-83.01647222,2,1
39,49,8,27,14,44,2,4,0,0,13,2,0,12,5,2,1,1,4,30,1,1,2,1,3,3,1,1,0,0,14,45,14,47,14,57,0,0,0,0,1,5,0,390653,1800,2009,120,US-40,STARLING ST,0000000,39.96083333,-83.01027778,2,1
39,35,9,10,21,23,2,4,2,1,11,1,0,12,7,1,1,3,6,60,1,2,2,1,0,0,3,1,0,0,21,24,21,29,22,2,0,0,0,0,1,5,0,390654,1050,2009,94,I-71,99999999999999999999,0000000,41.41127222,-81.817975,2,1
39,55,9,20,5,50,1,2,0,0,9,4,0,34,0,1,4,1,2,55,1,2,2,1,0,0,2,1,0,0,6,5,6,9,99,99,0,0,0,0,1,1,0,390655,0,2009,0,3,99999999999999999999,0000000,41.50084722,-81.14418056,1,1
39,5,9,21,15,35,1,2,1,0,13,6,0,8,0,4,1,1,4,25,1,1,2,2,20,3,1,2,0,0,15,55,15,58,16,10,0,0,0,0,1,2,0,390656,310,2009,0,CLAIRMONT AVE,99999999999999999999,0000000,40.86713611,-82.31858333,1,2
39,109,9,22,16,20,2,2,0,0,4,3,0,12,2,1,1,1,2,55,1,2,2,1,0,0,1,1,0,0,16,21,16,25,17,23,0,0,0,0,1,3,0,390657,0,2009,23,SR-571,99999999999999999999,0000000,39.99209722,-84.39396111,2,1
39,113,9,28,16,54,2,3,0,0,13,6,0,12,6,2,1,1,4,35,1,1,2,1,3,3,1,1,0,0,16,55,16,58,99,99,0,0,0,0,1,2,0,390658,2090,2009,0,STANLEY AVE,WEBSTER ST,0000000,39.7883,-84.18178056,2,1
39,1,8,22,19,52,1,1,0,0,9,6,0,42,0,1,4,1,2,55,2,1,2,5,0,0,1,1,0,0,19,52,20,2,20,36,0,0,0,0,1,7,1,390659,0,2009,0,LUCAS-RD,99999999999999999999,0000000,38.89023889,-83.36233889,1,1
39,157,9,19,23,8,1,2,1,1,1,1,0,8,0,15,1,3,4,65,1,2,2,1,0,0,2,1,0,0,23,17,23,36,0,20,0,0,0,0,1,7,0,390660,0,2009,7,I-77,99999999999999999999,0000000,40.232725,-81.55435,1,1
39,91,9,24,21,23,1,2,0,0,6,5,0,42,0,1,4,1,2,55,2,1,2,2,0,0,2,2,0,0,21,23,21,33,21,59,0,0,0,0,1,5,1,390662,0,2009,0,56,99999999999999999999,0000000,40.40276111,-83.76907778,1,2
39,133,9,24,2,51,1,1,0,0,6,6,0,1,0,1,1,1,2,40,1,1,2,1,0,0,2,1,0,0,2,57,3,5,88,88,0,0,0,0,1,5,1,390663,0,2009,0,HANKEE-RD,99999999999999999999,0000000,41.27335556,-81.14630833,1,1
39,87,9,26,23,0,2,5,1,0,2,2,0,8,0,1,1,2,4,55,1,1,3,2,0,0,2,2,0,0,23,11,23,29,1,42,0,0,0,0,1,7,0,390664,0,2009,197,US-52,99999999999999999999,0000000,38.410975,-82.53750556,2,2
39,135,9,26,8,20,1,1,0,0,4,3,0,34,0,1,4,1,2,55,1,2,2,2,0,0,4,5,0,0,8,22,8,28,88,88,0,0,0,0,1,7,0,390665,0,2009,136,SR-732,99999999999999999999,0000000,39.71101944,-84.68398056,1,5
39,103,9,27,10,33,1,2,1,0,6,6,0,8,0,1,1,1,2,45,1,2,2,2,0,0,1,1,0,0,10,35,10,36,11,38,0,0,0,0,1,1,0,390666,0,2009,0,STATE-RD,99999999999999999999,0000000,41.13621944,-81.78046944,1,1
39,87,9,27,20,15,1,2,0,0,6,6,0,5,0,1,1,1,2,55,2,2,2,1,0,0,2,1,0,0,20,17,20,20,20,57,0,0,0,0,1,1,0,390667,0,2009,0,TALLOW-RIDGE-RD,99999999999999999999,0000000,38.43388056,-82.47791944,1,1
39,43,9,28,19,44,1,2,1,0,6,5,0,15,0,1,1,1,2,45,1,1,2,1,0,0,2,1,0,0,19,44,19,49,20,28,0,0,0,0,1,2,0,390668,0,2009,0,STRUB-RD,99999999999999999999,0000000,41.40915556,-82.69822222,1,1
39,89,9,24,23,43,1,2,0,0,6,5,0,34,0,1,4,1,2,35,1,2,2,2,0,0,2,1,0,0,23,44,23,47,0,41,0,0,0,0,1,5,1,390669,0,2009,0,38,99999999999999999999,0000000,39.96305556,-82.69478056,1,1
39,97,9,25,19,43,2,2,0,1,1,1,0,12,1,1,1,3,6,65,1,1,1,2,0,0,5,2,0,0,19,45,19,52,88,88,0,0,0,0,1,6,0,390670,0,2009,101,I-70,99999999999999999999,0000000,39.95881389,-83.34699722,2,2
39,25,9,27,19,35,1,2,0,0,6,4,0,43,0,1,4,1,2,40,2,1,2,1,0,0,5,1,0,0,19,39,19,48,20,23,0,0,0,0,1,1,1,390671,0,2009,0,HOPPER HILL RD,99999999999999999999,0000000,39.05065833,-84.305425,1,1
39,57,9,27,13,8,2,3,0,0,4,3,0,12,5,2,1,1,2,55,1,1,2,1,20,3,1,1,0,0,13,9,13,19,14,0,0,0,0,0,1,1,0,390672,0,2009,10,SR-343,MEREDITH RD,0000000,39.80641111,-83.86639167,2,1
39,151,9,29,2,56,1,1,0,0,16,6,0,33,0,1,4,1,2,25,1,1,2,1,20,3,3,1,0,0,7,19,7,25,88,88,0,18,0,0,1,3,1,390673,4820,2009,0,TOMMY HENRICH DR,99999999999999999999,0000000,40.79621111,-81.52723611,1,1
39,131,9,17,7,3,2,2,0,0,4,3,0,12,8,1,1,1,2,55,2,2,2,1,0,0,1,1,0,0,99,99,99,99,99,99,0,0,0,0,1,5,1,390674,0,2009,85,SR-104,99999999999999999999,0000000,39.10551944,-83.00935,2,1
39,31,9,16,6,10,1,1,0,0,5,4,0,42,0,1,4,1,2,55,2,2,2,1,0,0,2,1,0,0,6,18,6,40,88,88,0,0,0,0,1,4,0,390675,0,2009,0,10,99999999999999999999,0000000,40.35955278,-81.76498056,1,1
39,31,9,20,17,43,2,4,0,0,4,3,0,12,2,1,1,1,2,55,2,1,2,2,0,0,1,1,0,0,17,49,18,4,99,99,0,0,0,0,1,1,0,390676,0,2009,5,SR-79,99999999999999999999,0000000,40.21226944,-82.175825,2,1
39,167,9,28,12,19,2,3,0,0,14,3,0,12,5,4,1,1,4,35,1,1,2,1,0,0,1,1,0,0,12,21,12,24,12,48,0,0,0,0,1,2,0,390677,680,2009,56,SR-618,99999999999999999999,0000000,39.2825,-81.67138889,2,1
39,77,9,29,22,52,2,2,0,0,14,3,0,12,5,2,1,1,2,35,1,1,2,1,3,3,3,1,0,0,23,9,23,11,23,30,0,0,0,0,1,3,0,390678,8980,2009,48,SR-103,SR-99,0000000,41.05314167,-82.71615,2,1
39,149,9,21,20,14,2,3,0,0,4,3,0,12,2,1,1,1,2,55,2,1,2,1,0,0,2,1,0,0,20,16,20,29,88,88,0,0,0,0,3,2,1,390679,0,2009,99,SR-47,99999999999999999999,0000000,40.28729722,-84.24921944,2,1
39,49,10,3,15,11,3,3,0,0,14,6,0,12,8,1,1,1,2,35,1,1,2,1,0,0,1,1,0,0,15,12,15,18,88,88,0,0,0,0,1,7,0,390680,1800,2009,0,NOE BIXBY RD,99999999999999999999,0000000,39.91934722,-82.86506667,3,1
39,7,8,9,0,22,1,1,0,1,12,2,0,37,0,1,5,1,4,35,2,2,2,2,0,0,3,1,0,0,0,23,0,27,0,49,0,0,0,0,1,1,0,390681,1850,2009,226,US-20,99999999999999999999,0000000,41.92871944,-80.60883611,1,1
39,21,10,4,0,19,1,1,0,1,2,2,0,1,0,1,4,1,2,99,1,1,2,1,0,0,2,1,0,0,99,99,99,99,88,88,0,0,0,0,1,1,0,390682,0,2009,123,US-68,99999999999999999999,0000000,40.18934722,-83.74206111,1,1
39,87,10,9,20,18,1,3,0,0,4,3,0,53,0,1,4,1,2,55,2,2,2,2,0,0,2,1,0,0,20,19,20,37,99,99,0,0,0,0,1,6,1,390683,0,2009,71,SR-217,99999999999999999999,0000000,38.55558889,-82.451025,1,1
39,95,10,11,13,45,2,2,0,0,5,4,0,12,5,2,1,1,2,50,1,1,2,1,0,0,1,1,0,0,13,45,13,50,14,14,0,0,0,0,1,1,0,390684,0,2009,0,30,2621,0000000,41.63920556,-83.73146944,2,1
39,41,10,12,19,53,2,3,0,0,3,2,0,12,5,2,1,1,2,55,2,1,2,1,20,3,2,1,0,0,19,53,20,2,20,45,0,0,0,0,1,2,0,390685,0,2009,260,US-36,16,0000000,40.26006111,-82.78813056,2,1
39,141,9,26,12,10,1,1,0,0,5,6,0,27,0,1,2,1,2,55,1,1,2,2,0,0,1,2,0,0,12,16,12,30,88,88,0,0,0,0,1,7,1,390686,0,2009,0,STONEY CREEK RD,99999999999999999999,0000000,39.22455,-82.92411944,1,2
39,81,9,27,1,33,1,1,0,0,6,5,0,1,0,4,4,1,2,25,2,2,2,2,0,0,2,2,0,0,1,38,1,42,2,13,0,0,0,0,1,1,1,390687,0,2009,0,162,99999999999999999999,0000000,40.26545833,-80.67533889,1,2
39,129,10,2,14,25,2,12,1,0,13,2,0,8,0,1,1,1,2,35,1,1,2,1,0,0,1,1,0,0,16,21,16,24,16,39,0,0,0,0,1,6,0,390688,1620,2009,175,US-22,99999999999999999999,0000000,39.59873056,-82.93471111,2,1
39,119,10,6,8,2,3,9,0,0,3,3,0,12,5,2,1,1,2,55,1,1,2,1,3,3,1,5,0,0,8,5,8,10,8,35,0,0,0,0,1,3,0,390689,0,2009,347,SR-60,616,0000000,40.15053889,-82.02843056,3,5
39,153,10,6,8,5,2,2,1,0,15,6,0,12,1,1,1,1,2,35,1,1,2,1,0,0,1,1,0,0,8,15,8,21,8,40,0,0,0,0,1,3,0,390690,8205,2009,0,LIBERTY RD,99999999999999999999,0000000,41.33804167,-81.41903333,1,1
39,137,10,7,10,55,2,2,0,0,3,2,0,12,8,1,1,1,2,55,2,1,2,1,0,0,1,1,0,0,11,0,11,6,11,34,1,0,0,0,1,4,0,390691,0,2009,164,US-224,99999999999999999999,0000000,41.00461944,-84.12561944,2,1
39,35,7,29,18,4,2,2,0,0,15,6,0,12,1,3,1,1,2,35,1,1,2,1,3,3,1,1,0,0,18,5,18,9,18,24,0,0,0,0,1,4,0,390692,2520,2009,0,LAKELAND-BLVD,E-222ND-ST,0000000,41.58646389,-81.52756667,2,1
39,55,8,19,8,27,2,2,0,0,6,6,0,12,5,4,1,1,2,35,1,2,2,1,0,0,1,1,0,0,8,29,8,35,9,8,0,0,0,0,1,4,0,390693,0,2009,0,CEDAR-RD,99999999999999999999,0000000,41.50796389,-81.36082778,2,1
39,89,8,19,15,23,2,2,0,0,15,6,0,12,4,2,1,1,2,35,1,2,2,1,20,3,1,1,0,0,15,23,15,30,15,58,0,0,0,0,1,4,0,390694,5570,2009,0,PRICE-RD,KING-RD,0000000,40.09951111,-82.444925,2,1
39,157,8,26,20,59,2,2,0,0,15,6,0,12,4,2,1,1,2,35,1,1,2,1,20,3,3,1,0,0,21,0,21,4,99,99,0,0,0,0,1,4,1,390695,5770,2009,0,UNION-AVE-NW,PARK-AVE-NW,0000000,40.49723889,-81.45856944,2,1
39,61,9,23,0,50,1,1,0,0,13,6,0,30,0,1,4,1,4,35,2,2,2,2,0,0,3,1,0,0,0,52,0,59,88,88,0,0,0,0,1,4,1,390696,1610,2009,0,QUEEN-CITY-AVE,99999999999999999999,0000000,39.13040556,-84.58692222,1,1
39,107,9,25,7,15,1,3,1,0,6,6,0,8,0,1,1,1,2,35,1,1,2,1,0,0,1,1,0,0,7,16,7,30,7,45,0,0,0,0,1,6,0,390697,0,2009,0,ST-JOHN-RD,99999999999999999999,0000000,40.40914444,-84.47430833,1,1
39,89,9,29,6,35,3,3,0,1,2,3,0,12,8,1,1,1,2,45,1,1,2,1,0,0,2,1,0,4,6,36,6,44,88,88,0,0,0,0,1,3,0,390698,0,2009,150,SR-37,99999999999999999999,0000000,40.06844167,-82.546075,3,1
39,33,9,30,11,45,1,1,0,0,6,6,0,10,0,6,1,1,2,55,1,2,2,1,70,3,1,1,0,0,88,88,88,88,88,88,0,0,0,0,1,4,0,390699,0,2009,0,SCHWEMLEY-RD,99999999999999999999,001938R,40.95764167,-82.92068889,1,1
39,151,9,30,22,11,3,5,0,1,2,2,0,12,1,1,1,1,2,55,1,2,2,1,0,0,2,1,0,0,22,12,22,25,22,52,0,0,0,0,1,4,1,390700,0,2009,235,US-30,99999999999999999999,0000000,40.77548889,-81.24053056,3,1
39,49,10,2,21,8,2,3,0,0,13,2,0,12,99,2,1,1,4,35,1,1,2,1,3,3,3,1,0,0,21,13,21,16,21,28,0,0,0,0,1,6,0,390701,1800,2009,86,US-40,HAGUE-AVE,0000000,39.95493611,-83.07394722,2,1
39,7,10,3,5,15,1,1,0,1,1,1,0,42,0,15,4,3,4,65,1,2,2,2,0,0,2,1,0,0,5,28,5,45,88,88,0,0,0,0,1,7,0,390702,0,2009,177,I-90,99999999999999999999,0000000,41.85541111,-80.69568056,1,1
39,67,10,3,15,0,1,1,0,0,4,2,0,53,0,1,4,1,2,55,2,2,2,1,0,0,1,1,0,0,15,27,15,37,88,88,0,0,0,0,1,7,1,390703,0,2009,241,US-250,99999999999999999999,0000000,40.22693611,-80.96153889,1,1
39,45,10,5,13,30,2,2,0,0,5,6,0,12,5,2,1,1,4,55,1,1,2,1,20,3,1,1,0,0,13,35,13,41,14,12,0,0,0,0,1,2,0,390704,0,2009,0,MEMORIAL-DR,CLAYPOOL-DR,0000000,39.75947778,-82.67040833,2,1
39,173,10,6,6,28,2,2,0,0,4,6,0,12,5,4,1,1,4,55,1,1,2,1,0,0,3,1,0,0,6,37,6,45,7,20,0,0,0,0,1,3,0,390705,0,2009,0,OREGON-RD,99999999999999999999,0000000,41.56433611,-83.53781111,2,1
39,119,10,7,16,30,1,2,0,1,2,3,0,34,0,1,5,1,2,55,1,1,2,1,0,0,1,1,0,0,16,33,16,41,88,88,0,0,0,0,2,4,0,390706,0,2009,124,SR-16,99999999999999999999,0000000,40.15298611,-81.98814722,1,1
39,45,9,29,21,40,1,1,0,0,4,3,0,30,0,1,4,1,2,55,1,1,2,1,0,0,2,1,0,0,21,54,22,15,22,52,0,0,0,0,1,3,0,390707,0,2009,137,SR-204,99999999999999999999,0000000,39.899375,-82.55298611,1,1
39,169,10,8,15,23,1,2,1,0,5,6,0,8,0,2,1,1,2,55,1,1,2,2,20,3,1,2,0,0,88,88,88,88,88,88,0,0,0,0,1,5,0,390708,0,2009,0,CARR-RD,ELY-RD,0000000,40.77777778,-81.78901667,1,2
39,143,9,30,23,35,1,1,0,0,4,4,0,27,0,1,4,1,2,55,1,1,2,1,0,0,2,1,0,0,0,0,0,0,88,88,0,18,0,0,1,4,1,390709,0,2009,0,41,99999999999999999999,0000000,41.32798056,-83.18459722,1,1
39,113,10,1,8,37,2,2,0,0,6,4,0,12,2,1,1,1,2,55,1,1,2,1,0,0,1,1,0,0,8,42,8,44,9,11,0,0,0,0,1,5,1,390710,0,2009,0,38,99999999999999999999,0000000,39.76010556,-84.39958611,2,1
39,173,10,11,0,9,1,1,0,0,5,6,0,37,0,1,4,1,2,55,1,1,2,1,0,0,2,1,0,0,0,24,0,46,1,28,0,0,0,0,1,1,1,390711,0,2009,0,CYGNET-RD,99999999999999999999,0000000,41.23918889,-83.56016667,1,1
39,27,10,7,17,53,1,1,0,0,5,4,0,1,0,1,4,1,2,55,1,1,2,1,0,0,1,1,0,0,99,99,99,99,88,88,0,0,0,0,1,4,0,390712,0,2009,0,23,99999999999999999999,0000000,39.50096944,-83.70046944,1,1
39,165,10,11,18,53,2,3,0,0,6,6,0,12,2,1,1,1,2,55,1,1,2,1,0,0,1,1,0,0,18,59,19,8,20,5,0,0,0,0,1,1,1,390713,0,2009,0,LOWER-SPRINGBORO-RD,99999999999999999999,0000000,39.52886944,-84.15608889,2,1
39,49,10,13,13,54,2,5,0,0,15,6,0,12,5,2,1,1,2,30,1,1,2,1,20,3,1,1,0,0,13,56,13,58,14,22,0,0,0,0,1,3,0,390714,1800,2009,0,MAPLE CANYON AVE,BAYFIELD DR,0000000,40.09583333,-82.95861111,2,1
39,109,10,12,20,41,2,2,0,0,4,4,0,12,4,2,1,1,2,55,1,1,2,1,3,3,3,1,0,0,20,53,20,56,21,12,0,0,0,0,1,2,0,390715,0,2009,0,25A,FARRINGTON-RD,0000000,40.10770556,-84.23181944,2,1
39,109,10,17,11,37,1,1,0,0,4,6,0,31,0,1,4,1,2,55,2,2,2,1,0,0,1,1,0,0,88,88,88,88,88,88,0,0,0,0,1,7,0,390716,0,2009,0,BELLEFONTAINE-RD,99999999999999999999,0000000,39.88616389,-84.06103056,1,1
39,41,10,16,0,37,2,2,0,0,4,3,0,12,5,2,1,1,2,45,2,2,2,1,20,3,2,1,0,0,0,37,0,41,88,88,0,0,0,0,1,6,2,390718,0,2009,34,SR-745,378,0000000,40.17468056,-83.13741944,2,1
39,165,10,17,21,10,2,3,0,1,1,1,0,12,1,1,1,3,6,65,1,2,2,1,0,0,2,1,0,0,99,99,99,99,88,88,0,0,0,0,2,7,0,390719,0,2009,55,I-75,99999999999999999999,0000000,39.51502778,-84.32151667,2,1
39,117,10,18,19,13,2,3,0,0,5,4,0,12,5,2,1,1,2,55,1,2,2,1,20,3,2,1,0,0,19,13,19,21,19,48,0,0,0,0,1,1,0,390720,0,2009,0,19,21,0000000,40.40730556,-82.68036389,2,1
39,141,6,6,19,11,1,1,0,0,4,4,0,34,0,1,4,1,2,55,2,1,2,1,0,0,1,1,0,0,19,99,19,99,19,40,0,0,0,0,1,7,0,390721,0,2009,0,207,99999999999999999999,0000000,39.19145278,-82.82203333,1,1
39,165,9,11,16,30,1,2,1,0,14,3,0,8,0,2,1,1,2,35,1,2,2,1,3,3,1,1,0,0,16,30,16,31,17,2,0,0,0,0,1,6,0,390722,4120,2009,147,SR-48,SR-163,0000000,39.43277778,-84.20861111,1,1
39,151,10,5,20,5,1,2,0,0,6,5,0,37,0,1,2,1,2,45,1,1,2,1,0,0,2,1,0,0,20,13,20,20,20,35,0,0,0,0,1,2,0,390723,0,2009,0,MOULIN AVE NE,99999999999999999999,0000000,40.91234444,-81.18287222,1,1
39,113,10,15,11,51,2,2,0,1,2,3,0,12,5,2,1,1,4,55,1,2,2,2,20,3,1,1,0,0,11,55,12,1,12,30,0,0,0,0,1,5,0,390724,0,2009,113,SR-49,20,0000000,39.86113889,-84.37721111,2,1
39,77,8,23,3,31,1,1,0,0,14,3,0,33,0,2,5,1,2,35,2,2,2,1,3,3,3,1,0,0,88,88,88,88,88,88,0,0,0,0,1,1,1,390725,6070,2009,195,SR-61,SCHAUSS-AVE,0000000,41.24772778,-82.60416944,1,1
39,35,8,28,16,10,1,1,0,1,11,1,0,1,0,15,1,3,4,60,2,2,2,2,0,0,1,2,0,0,16,23,16,30,16,53,0,0,0,0,1,6,1,390726,1680,2009,101,I-71,I-480,0000000,41.42058889,-81.81904722,1,2
39,35,8,30,22,45,2,6,0,0,16,6,0,12,5,2,1,1,2,25,1,1,2,1,3,3,3,1,0,0,22,51,22,55,23,40,0,0,0,0,2,1,2,390727,1680,2009,0,W-46TH-ST,STORER-AVE,0000000,41.46234722,-81.71879722,2,1
39,153,9,4,20,52,1,2,1,0,14,6,0,8,0,1,1,1,4,25,1,1,2,1,0,0,3,1,0,0,20,52,20,53,21,10,0,0,0,0,1,6,0,390728,2030,2009,0,STATE-RD,99999999999999999999,0000000,41.14665278,-81.50857778,1,1
39,61,9,21,14,0,1,1,0,1,12,3,0,21,0,1,4,3,4,60,1,1,2,1,0,0,1,1,0,0,88,88,88,88,88,88,0,0,0,0,1,2,0,390729,5940,2009,99,SR-126,99999999999999999999,0000000,39.22066667,-84.53398056,1,1
39,71,10,11,1,30,1,1,0,0,4,3,0,42,0,1,4,1,2,55,1,2,2,1,0,0,2,1,0,0,1,35,1,59,2,40,0,0,0,0,1,1,1,390730,0,2009,33,SR-506,99999999999999999999,0000000,39.16151944,-83.42577222,1,1
39,95,9,26,2,41,2,2,0,0,14,3,0,14,3,3,7,1,4,35,1,1,2,1,0,0,3,1,0,0,2,44,2,48,3,10,0,0,0,0,1,7,0,390731,8120,2009,153,SR-120,ISABELLA-ST,0000000,41.67784722,-83.58307222,1,1
39,37,9,26,20,58,2,2,0,0,13,3,0,12,5,2,1,1,2,35,1,1,2,1,3,3,3,1,0,0,88,88,88,88,88,88,0,0,0,0,1,7,1,390732,3180,2009,123,SR-571,GREEN-ST,0000000,40.09945278,-84.62664167,2,1
39,35,10,7,0,59,2,2,1,1,11,1,0,12,1,15,1,2,6,60,1,1,2,2,0,0,3,2,0,0,99,99,99,99,99,99,0,19,0,0,1,4,0,390733,8540,2009,234,I-480,99999999999999999999,0000000,41.42491111,-81.54524722,2,2
39,75,10,11,14,18,1,1,0,0,4,3,0,42,0,1,4,1,2,55,2,2,2,1,0,0,1,1,0,0,14,18,14,27,88,88,0,0,0,0,1,1,0,390734,0,2009,3,SR-651,99999999999999999999,0000000,40.446575,-81.71291389,1,1
39,153,9,15,22,25,3,4,0,1,11,1,0,12,8,1,1,3,4,65,1,1,2,1,0,0,2,1,0,0,22,25,22,31,99,99,0,0,0,0,1,3,0,390735,8205,2009,54,I-480,99999999999999999999,0000000,41.303925,-81.43506389,3,1
39,61,9,26,18,17,1,4,2,0,16,6,0,8,0,3,4,1,2,25,1,2,2,1,0,0,1,1,0,0,18,17,18,23,18,30,0,0,0,0,1,7,0,390736,1610,2009,0,CLARION AVE,DANA AVE,0000000,39.14636944,-84.47095833,1,1
39,157,10,16,3,10,2,2,0,1,2,2,0,12,2,1,1,1,2,55,1,1,2,2,0,0,2,2,0,0,3,16,3,26,88,88,0,0,0,0,1,6,0,390737,0,2009,269,US-250,99999999999999999999,0000000,40.40025278,-81.27381389,2,2
39,145,10,19,19,17,1,1,0,0,6,4,0,32,0,1,4,1,2,55,2,2,2,1,0,0,2,1,0,0,19,17,19,33,21,9,0,0,0,0,1,2,1,390738,0,2009,0,308,99999999999999999999,0000000,38.70556111,-82.80163056,1,1