STATE,COUNTY,MONTH,DAY,HOUR,MINUTE,VE_TOTAL,PERSONS,PEDS,NHS,ROAD_FNC,ROUTE,SP_JUR,HARM_EV,MAN_COLL,REL_JUNC,REL_ROAD,TRAF_FLO,NO_LANES,SP_LIMIT,ALIGNMNT,PROFILE,PAVE_TYP,SUR_COND,TRA_CONT,T_CONT_F,LGT_COND,WEATHER1,WEATHER2,WRK_ZONE,NOT_HOUR,NOT_MIN,ARR_HOUR,ARR_MIN,HOSP_HR,HOSP_MN,SCH_BUS,CF1,CF2,CF3,FATALS,DAY_WEEK,DRUNK_DR,ST_CASE,CITY,YEAR,MILEPT,TWAY_ID,TWAY_ID2,RAIL,LATITUDE,LONGITUD,VE_FORMS,WEATHER
39,165,10,21,20,3,2,2,0,1,11,1,0,12,1,1,1,3,6,65,1,1,2,1,0,0,2,1,0,0,20,3,20,4,20,7,0,0,0,0,1,4,1,390739,0,2009,44,I-75,99999999999999999999,0000000,39.49658056,-84.32411944,2,1
39,113,10,22,12,44,1,2,1,0,14,4,0,9,0,2,1,1,2,35,1,1,2,1,0,0,1,1,0,0,12,45,12,52,13,23,0,0,0,0,1,5,0,390740,0,2009,0,159,2451,0000000,39.83206944,-84.230525,1,1
39,49,10,30,2,35,1,1,0,1,11,1,0,29,0,13,4,6,1,45,1,1,2,1,0,0,3,1,0,0,2,59,3,5,88,88,0,0,0,0,1,6,1,390741,1800,2009,223,I-70,99999999999999999999,0000000,39.93555556,-82.84861111,1,1
39,139,8,4,15,49,2,2,0,0,6,6,0,12,2,1,1,1,2,40,2,2,2,1,0,0,1,1,0,0,15,49,15,52,16,29,0,0,0,0,1,3,0,390742,0,2009,0,WINDSOR-RD,99999999999999999999,0000000,40.81313889,-82.43091667,2,1
39,105,9,4,13,18,2,3,0,1,2,3,0,12,5,2,1,1,2,55,1,1,2,1,20,3,1,1,0,0,13,53,14,8,14,50,0,0,0,0,1,6,0,390743,0,2009,161,SR-7,SUMNER-RD,0000000,39.10838611,-81.92025556,2,1
39,153,9,15,17,34,1,1,0,0,6,6,0,52,0,1,2,1,2,35,2,1,2,1,0,0,1,1,0,0,18,15,18,26,18,44,0,0,0,0,1,3,0,390744,0,2009,0,STANFORD-RD,99999999999999999999,0000000,41.26571111,-81.55814444,1,1
39,35,9,15,8,51,1,2,1,0,14,6,0,9,0,2,1,1,4,25,1,1,2,1,3,3,1,1,0,0,8,51,8,53,9,0,0,0,0,0,1,3,0,390746,1680,2009,0,PROSPECTS-AVE,E-21ST-ST,0000000,41.50025,-81.675475,1,1
39,95,9,30,13,18,2,3,0,1,11,1,0,12,7,15,1,3,4,60,2,2,2,1,0,0,1,1,0,0,88,88,88,88,88,88,0,0,0,0,2,4,0,390747,8120,2009,87,I-75,99999999999999999999,0000000,41.69143611,-83.51223056,2,1
39,61,10,8,13,55,1,1,0,0,14,6,0,33,0,1,7,1,2,35,1,2,2,2,0,0,1,2,0,0,13,59,14,2,14,24,0,0,0,0,1,5,0,390748,1610,2009,0,CLIFTON-AVE,99999999999999999999,0000000,39.16070556,-84.51586944,1,2
39,139,10,8,3,1,2,2,0,0,15,6,0,12,4,4,1,1,2,30,1,1,2,1,0,0,3,1,0,0,88,88,88,88,88,88,0,0,0,0,1,5,1,390749,4680,2009,0,WOODVILLE -RD,99999999999999999999,0000000,40.74294167,-82.50374167,2,1
39,45,10,14,23,59,1,1,0,0,5,6,0,24,0,1,4,1,2,55,1,1,2,1,0,0,2,1,0,0,88,88,88,88,88,88,0,0,0,0,1,4,1,390750,0,2009,0,LOGAN-LANCASTER-RD,99999999999999999999,0000000,39.66771667,-82.56066667,1,1
39,19,10,15,12,57,2,2,0,0,4,3,0,12,2,1,1,1,2,55,2,2,2,2,0,0,1,2,0,0,13,0,13,6,13,55,0,0,0,0,1,5,0,390751,0,2009,24,SR-171,99999999999999999999,0000000,40.64546667,-81.22976944,2,2
39,51,10,16,10,0,2,2,0,0,4,3,0,12,5,1,1,1,2,55,1,1,2,1,0,0,1,1,0,0,10,11,10,21,11,13,0,0,0,0,1,6,0,390752,0,2009,54,SR-109,99999999999999999999,0000000,41.56079167,-84.00272222,2,1
39,29,7,10,15,15,2,2,0,1,2,2,0,12,8,1,1,1,2,55,2,2,2,1,0,0,1,1,0,0,15,15,15,26,15,58,0,0,0,0,1,6,0,390753,0,2009,171,US-30,99999999999999999999,0000000,40.7699,-80.78956111,2,1
39,35,9,6,20,52,2,2,0,0,13,3,0,12,5,2,1,1,4,35,1,1,2,1,0,0,2,1,0,0,20,52,20,55,21,8,0,0,0,0,1,1,0,390754,1680,2009,114,SR-10,W 129TH ST,0000000,41.45881389,-81.778525,2,1
39,11,9,12,16,33,2,3,0,0,14,3,0,12,5,4,1,1,2,35,1,1,2,1,0,0,1,1,0,0,16,33,16,44,17,12,0,0,0,0,1,7,0,390755,8520,2009,27,SR-67,99999999999999999999,0000000,40.57598056,-84.18116667,2,1
39,17,9,15,13,43,2,4,0,1,13,3,0,12,5,2,1,1,2,35,1,1,2,1,20,3,1,1,0,0,13,45,13,48,99,99,0,0,0,0,1,3,0,390756,5010,2009,210,SR-4,MANCHESTER AVE,0000000,39.51673611,-84.40058889,2,1
39,171,9,18,23,15,2,2,0,0,3,2,0,12,8,1,1,1,2,55,2,1,2,1,0,0,2,1,0,0,23,18,23,27,0,39,0,0,0,0,1,6,1,390757,0,2009,1,US-127,99999999999999999999,0000000,41.42691111,-84.55201944,2,1
39,135,9,23,11,28,1,2,0,0,4,3,0,34,0,1,4,1,2,55,2,2,2,1,0,0,1,1,0,0,11,45,11,59,12,30,0,0,0,0,1,4,0,390758,0,2009,217,SR-122,99999999999999999999,0000000,39.59805556,-84.51083333,1,1
39,153,10,9,21,44,1,2,1,0,15,6,0,9,0,2,1,1,2,25,1,1,2,2,20,3,3,2,0,0,21,49,21,55,22,14,0,0,0,0,1,6,1,390760,70,2009,0,E MILLER AVE,BELLOWS ST,0000000,41.05655556,-81.51943333,1,2
39,131,10,17,1,58,1,2,0,0,4,3,0,43,0,1,4,1,2,55,2,2,2,1,0,0,2,1,0,0,2,1,2,13,88,88,0,0,0,0,1,7,1,390761,0,2009,120,SR-124,99999999999999999999,0000000,39.09516944,-83.18428889,1,1
39,151,10,18,22,0,1,1,0,0,4,3,0,27,0,1,4,1,2,55,2,1,2,1,0,0,2,1,0,0,88,88,88,88,88,88,0,0,0,0,1,1,1,390762,0,2009,54,SR-44,99999999999999999999,0000000,40.7534,-81.24982222,1,1
39,117,10,21,18,17,1,1,0,0,5,4,0,1,0,1,4,1,2,55,1,1,2,1,0,0,5,1,0,0,88,88,88,88,88,88,0,0,0,0,1,4,1,390763,0,2009,0,156,99999999999999999999,0000000,40.42162222,-82.99556667,1,1
39,93,10,21,15,10,2,2,0,0,4,3,0,12,5,2,1,1,2,55,1,1,2,1,20,3,1,1,0,0,15,36,15,48,16,9,0,0,0,0,1,4,0,390764,0,2009,105,SR-303,WHITEHEAD-RD,0000000,41.23719167,-82.1391,2,1
39,17,10,22,4,0,1,1,0,0,16,6,0,33,0,1,7,1,2,25,2,1,2,1,0,0,3,1,0,0,88,88,88,88,88,88,0,0,0,0,1,5,1,390765,8715,2009,0,PLUM-TREE-DR,99999999999999999999,0000000,39.35825556,-84.46785833,1,1
39,77,10,22,22,59,2,2,0,0,4,6,0,12,5,2,1,1,2,55,1,1,2,1,20,3,2,1,0,0,23,2,23,7,88,88,0,0,0,0,1,5,0,390766,0,2009,0,BOUGHTONVILLE-RD,OLD-STATE-RD,0000000,41.05277222,-82.58525,2,1
39,61,10,24,2,27,1,2,1,1,1,1,0,8,0,15,1,3,6,65,1,1,2,2,0,0,2,1,0,0,2,28,2,40,3,6,0,19,0,0,1,7,0,390768,0,2009,89,I-74,99999999999999999999,0000000,39.21479167,-84.67967778,1,1
39,79,10,26,13,27,2,3,0,0,3,3,0,12,2,1,1,1,2,55,2,1,2,1,0,0,1,1,0,0,13,27,13,39,14,16,0,0,0,0,1,2,0,390769,0,2009,80,SR-93,99999999999999999999,0000000,38.94388889,-82.56375833,2,1
39,49,10,29,18,17,2,2,0,0,14,6,0,12,5,2,1,1,4,50,1,1,2,1,20,3,1,1,0,0,18,19,18,22,19,9,0,0,0,0,1,5,1,390770,1800,2009,0,GENDER-RD,WINCHESTER-LAKES,0000000,39.864375,-82.82740833,2,1
39,17,10,11,22,0,1,2,0,0,6,4,0,1,0,1,6,1,2,45,1,2,2,1,0,0,2,1,0,0,22,1,22,99,88,88,0,0,0,0,2,1,1,390771,8715,2009,0,118,99999999999999999999,0000000,39.31755,-84.35128889,1,1
39,51,10,12,13,40,2,3,1,0,4,4,0,42,0,1,4,1,2,55,1,1,2,2,0,0,1,1,0,0,13,40,13,49,14,44,0,0,0,0,1,2,0,390772,0,2009,0,C,99999999999999999999,0000000,41.51574167,-83.95240278,1,1
39,53,10,25,18,2,1,1,0,0,4,3,0,30,0,1,5,1,2,55,2,1,2,1,0,0,1,1,0,0,18,2,18,9,18,57,0,0,0,0,1,1,1,390773,0,2009,70,SR-554,99999999999999999999,0000000,38.92769444,-82.27096944,1,1
39,151,10,29,9,2,2,2,0,0,4,4,0,12,5,2,1,1,2,55,1,2,2,1,20,3,1,1,0,0,9,7,9,13,99,99,0,0,0,0,1,5,0,390774,0,2009,0,PARIS AVE,EASTON ST,0000000,40.87049722,-81.20926111,2,1
39,127,10,31,7,0,1,1,0,0,5,3,0,24,0,1,4,1,2,55,2,2,2,2,0,0,2,2,0,0,7,7,7,11,88,88,0,0,0,0,1,7,0,390775,0,2009,11,SR-188,99999999999999999999,0000000,39.85805833,-82.45444722,1,2
39,103,11,8,2,33,1,1,0,0,16,6,0,33,0,1,5,1,2,25,1,2,2,1,20,3,3,1,0,0,2,35,2,41,88,88,0,0,0,0,1,1,1,390776,4890,2009,0,GRANT ST,99999999999999999999,0000000,41.13111111,-81.86055556,1,1
39,49,11,12,6,51,1,2,1,0,14,6,0,8,0,2,1,1,4,35,1,1,2,1,0,0,1,1,0,0,6,52,6,54,7,11,0,0,0,0,1,5,0,390777,1800,2009,0,CLEVELAND AVE,TIMBERTRAIL DR N,0000000,40.05333333,-82.95333333,1,1
39,49,11,12,22,52,2,3,0,0,14,6,0,12,5,4,1,1,4,45,1,1,2,1,0,0,3,1,0,0,23,0,23,4,23,17,0,0,0,0,1,5,1,390778,1800,2009,0,GEORGESVILLE RD,99999999999999999999,0000000,39.92790556,-83.11706667,2,1
39,93,10,7,14,49,3,3,0,0,13,3,0,12,1,2,1,1,2,20,1,1,2,1,3,3,1,1,0,0,14,51,14,56,15,9,0,0,0,0,1,4,1,390779,4360,2009,107,SR-6,KANSAS AVE,0000000,41.475275,-82.15953889,3,1
39,113,10,21,11,35,1,3,0,1,11,1,0,22,0,1,5,3,6,55,2,1,2,1,0,0,1,1,0,0,11,50,11,55,12,21,0,0,0,0,1,4,0,390780,2090,2009,106,I-75,99999999999999999999,0000000,39.72955833,-84.206675,1,1
39,85,11,21,1,25,1,1,0,0,5,3,0,30,0,1,5,1,2,50,1,1,2,2,0,0,2,2,0,0,1,26,1,37,88,88,0,0,0,0,1,7,0,390781,0,2009,275,SR-84,99999999999999999999,0000000,41.76641111,-81.08506389,1,2
39,17,10,17,8,56,1,1,0,0,6,6,0,34,0,1,4,1,2,45,2,1,2,1,0,0,1,1,0,0,88,88,88,88,88,88,0,0,0,0,1,7,1,390782,0,2009,0,KINGWOOD-RD,99999999999999999999,0000000,39.53034722,-84.78706111,1,1
39,49,10,30,3,11,1,2,1,1,11,1,0,8,0,15,1,3,4,65,1,1,2,1,0,0,3,1,0,0,88,88,88,88,88,88,0,0,0,0,1,6,0,390783,1800,2009,413,I-270,99999999999999999999,0000000,39.95422778,-82.84463889,1,1
39,127,10,31,15,5,1,2,0,0,5,6,0,34,0,3,4,1,2,55,1,2,2,2,20,3,1,1,0,0,15,17,15,31,88,88,0,0,0,0,1,7,1,390784,0,2009,0,TATMANS-RD,22,0000000,39.63671111,-82.09668333,1,1
39,99,11,2,18,45,1,2,0,0,6,6,0,42,0,1,4,1,2,55,1,2,2,1,0,0,2,1,0,0,19,10,19,26,19,48,0,0,0,0,1,2,1,390785,0,2009,0,OYSTER-RD,99999999999999999999,0000000,40.90966667,-81.07838056,1,1
39,93,11,5,7,36,2,2,0,0,4,6,0,12,4,1,1,1,2,45,2,1,2,1,0,0,1,1,0,0,7,39,7,46,99,99,0,0,0,0,1,5,1,390786,0,2009,0,MIDDLE-RIDGE-RD,99999999999999999999,0000000,41.40169722,-82.1817,2,1
39,45,11,6,18,25,1,2,1,0,6,6,0,49,0,1,1,1,2,55,1,2,2,1,0,0,2,1,0,0,18,27,18,34,19,15,0,0,0,0,1,6,0,390787,0,2009,0,MARCY-RD,99999999999999999999,0000000,39.75079444,-82.81589722,1,1
39,93,11,7,9,43,3,3,0,0,4,3,0,12,1,2,1,1,2,45,1,1,2,1,20,3,1,1,0,0,9,43,9,48,10,34,0,0,0,0,1,7,0,390788,0,2009,90,SR-82,BOONE-RD,0000000,41.31256389,-81.89726944,3,1
39,175,11,12,15,7,1,1,0,0,6,5,0,1,0,1,2,1,2,55,1,1,2,5,0,0,1,1,0,0,15,8,15,17,15,38,0,0,0,0,1,5,0,390790,0,2009,0,104,99999999999999999999,0000000,40.87625278,-83.34271944,1,1
39,175,11,13,2,55,1,2,0,0,4,3,0,37,0,1,4,1,2,55,2,2,2,1,0,0,2,1,0,0,3,12,3,27,4,10,0,0,0,0,1,6,0,390791,0,2009,16,SR-67,99999999999999999999,0000000,40.70670833,-83.43245556,1,1
39,131,10,29,1,55,1,1,0,0,2,2,0,52,0,1,4,1,4,55,2,2,2,1,0,0,2,1,0,0,1,58,2,4,88,88,0,0,0,0,1,5,1,390792,0,2009,160,US-23,99999999999999999999,0000000,39.17528889,-82.97522778,1,1
39,109,11,15,15,9,2,3,0,0,3,3,0,12,5,2,1,1,2,55,1,1,2,1,20,3,1,1,0,0,15,27,15,31,16,2,0,0,0,0,1,1,0,390793,0,2009,110,SR-48,SUGAR-GROVE-RD,0000000,40.07701389,-84.34481111,2,1
39,141,11,23,18,29,2,3,0,0,4,3,0,12,2,1,1,1,2,55,2,2,2,2,0,0,2,1,0,0,18,31,18,41,18,54,0,0,0,0,1,2,0,390794,0,2009,96,SR-159,99999999999999999999,0000000,39.46270278,-82.92368889,2,1
39,49,11,26,10,30,1,1,0,0,16,6,0,43,0,2,4,1,2,25,1,1,2,1,0,0,1,9,0,0,10,32,10,35,10,58,0,0,0,0,1,5,1,390795,1800,2009,0,DEMONYE-AVE,CASSADY-AVE,0000000,39.99819722,-82.93025556,1,9
39,89,10,17,4,47,2,3,0,1,1,1,0,14,1,1,2,3,4,65,1,1,2,1,0,0,3,1,0,0,4,48,5,5,99,99,0,0,0,0,1,7,1,390796,0,2009,167,I-70,99999999999999999999,0000000,39.94668056,-82.46003889,1,1
39,151,10,23,1,45,1,2,0,0,5,4,0,30,0,1,4,1,2,45,2,1,2,1,0,0,2,1,0,0,1,53,2,4,99,99,0,0,0,0,1,6,1,390797,0,2009,0,DUEBER AVE,99999999999999999999,0000000,40.71220278,-81.40220278,1,1
39,151,10,24,23,55,1,3,0,0,4,4,0,32,0,1,4,1,2,40,2,2,2,1,40,3,2,1,0,0,23,59,0,2,0,15,0,0,0,0,1,7,1,390798,0,2009,0,RICHVILLE DR,99999999999999999999,0000000,40.77980556,-81.49307222,1,1
39,153,10,31,0,58,1,1,0,1,1,1,0,1,0,1,2,3,6,65,2,2,2,1,0,0,3,1,0,0,0,58,1,5,1,25,0,0,0,0,1,7,1,390799,0,2009,219,I-77,99999999999999999999,0000000,41.15245278,-81.64876111,1,1
39,23,11,5,6,28,2,3,0,0,6,6,0,12,2,1,1,1,2,45,1,2,2,1,0,0,2,1,0,0,6,29,6,41,7,48,0,0,0,0,2,5,0,390800,0,2009,0,MORRIS RD,99999999999999999999,0000000,40.00259167,-83.73293333,2,1
39,169,11,7,22,0,1,1,0,0,4,4,0,1,0,1,4,1,2,55,2,2,2,1,0,0,2,1,0,0,22,4,22,11,88,88,0,0,0,0,1,7,1,390801,0,2009,0,70,99999999999999999999,0000000,40.97805,-81.81644722,1,1
39,17,11,9,17,56,1,3,1,0,6,3,0,8,0,1,1,1,2,45,1,1,2,1,0,0,2,1,0,0,17,56,17,59,18,17,0,0,0,0,1,2,0,390802,5010,2009,0,SR-122,99999999999999999999,0000000,39.49983611,-84.36798056,1,1
39,83,11,14,1,34,1,4,0,0,4,2,0,24,0,1,4,1,2,55,2,2,2,1,0,0,2,1,0,0,1,34,1,39,2,27,0,0,0,0,1,7,1,390803,0,2009,195,US-62,99999999999999999999,0000000,40.45290833,-82.23599722,1,1
39,9,11,15,1,26,1,3,0,0,13,3,0,31,0,1,4,1,2,35,2,1,2,1,0,0,2,1,0,0,1,31,2,10,2,57,0,0,0,0,1,1,1,390804,8170,2009,107,SR-13,99999999999999999999,0000000,39.48501111,-82.07945833,1,1
39,15,11,18,13,40,2,3,0,0,5,3,0,12,4,1,1,1,2,55,2,1,2,2,40,3,1,1,0,0,13,99,13,99,99,99,0,0,0,0,2,4,1,390805,0,2009,20,SR-41,99999999999999999999,0000000,38.67215,-83.75033333,2,1
39,93,7,13,13,35,1,1,0,0,13,3,0,1,0,1,1,2,4,50,1,1,2,1,0,0,1,1,0,0,13,36,13,46,13,55,0,0,0,0,1,2,0,390806,2480,2009,187,SR-57,99999999999999999999,0000000,41.38426389,-82.11145278,1,1
39,137,11,16,13,15,1,1,0,0,4,3,0,43,0,1,5,1,2,5,2,1,2,2,0,0,1,2,0,0,13,24,13,41,14,22,0,0,0,0,1,2,0,390807,0,2009,199,SR-613,99999999999999999999,0000000,41.09135,-83.96618889,1,2
39,61,11,17,15,39,2,3,0,0,4,4,0,12,4,1,1,1,2,35,2,2,2,2,0,0,1,2,0,0,15,39,15,46,16,20,0,0,0,0,2,3,1,390808,0,2009,0,SALEM RD,99999999999999999999,0000000,39.07834167,-84.40299722,2,2
39,117,11,21,22,34,1,2,0,0,6,5,0,42,0,1,4,1,2,55,2,2,2,1,0,0,2,1,0,0,22,40,22,46,23,20,0,0,0,0,1,7,1,390809,0,2009,0,51,99999999999999999999,0000000,40.66153611,-82.80363611,1,1
39,11,11,25,22,45,1,1,0,0,9,4,0,1,0,1,5,1,2,55,1,2,2,2,20,3,2,2,0,0,22,49,22,57,23,18,0,0,0,0,1,4,1,390810,0,2009,0,191,99999999999999999999,0000000,40.59913056,-84.10761944,1,2
39,169,11,25,7,5,1,2,1,0,4,3,0,8,0,2,1,1,2,55,1,1,2,2,0,0,2,2,0,0,7,9,7,15,7,30,0,0,0,0,1,4,0,390811,0,2009,202,SR-94,70,0000000,40.97108611,-81.73673611,1,2
39,41,11,26,18,25,1,1,0,0,6,5,0,42,0,1,4,1,2,55,1,1,2,2,0,0,2,2,0,0,18,38,18,41,88,88,0,0,0,0,1,5,1,390812,0,2009,0,141,99999999999999999999,0000000,40.25458056,-83.11356111,1,2
39,25,11,30,17,21,2,2,0,0,4,3,0,12,2,1,1,1,2,45,1,2,2,1,0,0,5,1,0,0,17,25,17,30,18,28,0,0,0,0,1,2,0,390813,0,2009,20,SR-749,99999999999999999999,0000000,39.01021111,-84.26541111,2,1
39,29,7,23,21,40,1,3,0,0,6,6,0,42,0,1,4,1,2,35,2,2,2,1,0,0,2,1,0,4,21,41,21,46,22,9,0,0,0,0,1,5,1,390814,0,2009,0,IRISH-RIDGE-RD,99999999999999999999,0000000,40.66070833,-80.60551667,1,1
39,95,10,30,12,23,2,2,0,0,14,3,0,12,1,1,1,1,4,55,1,1,2,1,0,0,1,1,0,0,12,23,12,32,88,88,0,0,0,0,1,6,0,390815,0,2009,30,SR-2,99999999999999999999,0000000,41.58841667,-83.82558611,2,1
39,151,11,7,17,43,2,2,0,0,15,6,0,14,3,1,7,1,2,25,1,1,2,1,0,0,3,1,0,0,17,44,17,48,18,8,0,0,0,0,1,7,1,390816,5930,2009,0,LINDY-LANE-AVE,99999999999999999999,0000000,40.879775,-81.41221111,1,1
39,45,11,10,16,8,2,2,0,0,4,3,0,12,5,2,1,1,2,55,1,1,1,1,20,3,1,1,0,0,16,8,16,8,16,37,0,0,0,0,1,3,0,390817,0,2009,96,SR-188,MILL-PARK-DR,0000000,39.71761944,-82.67160278,2,1
39,167,11,15,13,35,1,2,0,0,5,6,0,1,0,1,4,1,2,55,2,1,2,1,0,0,1,1,0,0,13,39,13,47,14,17,0,0,0,0,1,1,0,390818,0,2009,0,CATS-CREEK-RD,99999999999999999999,0000000,39.53655,-81.51494167,1,1
39,141,11,15,15,17,1,2,1,0,2,3,0,9,0,1,2,1,4,55,1,2,2,1,0,0,1,1,0,0,88,88,88,88,88,88,0,0,0,0,1,1,0,390819,0,2009,24,SR-23,99999999999999999999,0000000,39.19993056,-82.9791,1,1
39,15,11,19,13,24,2,2,0,0,4,2,0,12,4,1,1,1,2,55,1,1,2,1,0,0,1,1,0,0,13,24,13,28,88,88,0,0,0,0,1,5,0,390820,0,2009,9,US-50,99999999999999999999,0000000,39.15571667,-83.98977778,2,1
39,29,11,19,8,35,2,4,0,0,5,6,0,12,2,1,1,1,2,55,2,2,2,2,0,0,1,2,0,0,8,36,8,49,9,51,0,0,0,0,1,5,0,390821,0,2009,0,ROCHESTER-RD,99999999999999999999,0000000,40.83338056,-80.9864,2,2
39,153,11,22,22,37,1,1,0,0,16,6,0,42,0,1,4,1,2,25,1,1,2,1,0,0,3,1,0,0,88,88,88,88,88,88,0,0,0,0,1,1,1,390822,70,2009,0,DORCHESTER-AVE,99999999999999999999,0000000,41.09870833,-81.55767222,1,1
39,49,11,23,8,8,1,1,0,0,15,6,0,43,0,1,4,1,2,35,1,2,2,1,0,0,1,1,0,0,8,23,8,42,8,58,0,0,0,0,1,2,1,390823,2780,2009,0,TAYLOR-RD,99999999999999999999,0000000,40.00281667,-82.84833056,1,1
39,25,11,24,13,26,1,1,0,0,2,2,0,42,0,1,4,1,2,55,2,1,2,1,0,0,1,1,0,0,88,88,88,88,88,88,0,0,0,0,1,3,0,390824,0,2009,225,US-52,99999999999999999999,0000000,38.78278889,-84.1072,1,1
39,23,11,26,4,10,1,1,0,0,6,6,0,42,0,1,4,1,2,45,1,1,2,1,0,0,2,1,0,0,88,88,88,88,88,88,0,0,0,0,1,5,1,390825,0,2009,0,LAKE-RD,99999999999999999999,0000000,39.88829722,-84.02127778,1,1
39,115,8,15,19,25,1,1,0,0,6,5,0,37,0,1,5,1,2,55,1,2,4,1,0,0,5,1,0,0,19,25,19,38,88,88,0,0,0,0,1,7,1,390826,0,2009,0,185,99999999999999999999,0000000,39.64201389,-81.97564444,1,1
39,1,11,13,14,15,1,5,1,0,5,4,0,15,0,1,6,1,2,55,2,2,2,1,0,0,1,1,0,0,14,17,14,26,14,46,0,0,0,0,1,6,0,390827,0,2009,0,1H,99999999999999999999,0000000,38.87569167,-83.48259444,1,1
39,119,11,24,15,20,2,3,0,0,6,4,0,12,2,1,1,1,2,35,1,1,2,1,0,0,1,1,0,0,15,37,16,5,16,25,0,0,0,0,2,3,0,390828,0,2009,0,72,99999999999999999999,0000000,39.90932222,-81.986625,2,1
39,143,10,2,14,25,2,2,0,0,4,4,0,12,5,2,1,1,2,45,1,1,2,1,20,3,1,1,0,0,14,28,14,32,14,47,0,0,0,0,1,6,1,390829,0,2009,0,6,150,0000000,41.34234167,-83.15354444,2,1
39,95,9,13,4,0,1,2,1,0,15,6,0,9,0,1,1,1,4,45,1,1,2,1,0,0,3,1,0,0,4,15,4,20,88,88,0,0,0,0,1,1,0,390830,8120,2009,0,W BANCROFT ST,99999999999999999999,0000000,41.66305556,-83.58833333,1,1
39,153,11,18,19,3,2,3,0,1,11,1,0,13,1,1,1,3,6,65,2,2,2,2,0,0,3,2,0,0,19,7,19,11,99,99,0,0,0,0,1,4,0,390831,70,2009,67,I-77,99999999999999999999,0000000,40.98773889,-81.49254722,2,2
39,91,11,21,20,19,1,1,0,0,6,4,0,30,0,1,4,1,2,55,1,2,2,1,0,0,2,1,0,0,20,19,20,19,88,88,0,0,0,0,1,7,1,390832,0,2009,0,5,99999999999999999999,0000000,40.41968333,-83.66578333,1,1
39,17,9,8,17,52,1,3,1,1,12,3,0,8,0,2,1,1,4,50,1,1,2,1,3,3,1,1,0,0,18,0,18,16,18,48,0,0,0,0,1,3,0,390833,2535,2009,16,SR-4,BOYMEL-DR,0000000,39.31990556,-84.49825,1,1
39,57,10,6,0,35,1,1,0,1,11,1,0,24,0,13,2,6,1,55,2,1,2,1,0,0,2,1,0,0,0,43,0,54,1,14,0,0,0,0,1,3,1,390834,558,2009,59,I-675,99999999999999999999,0000000,39.73573889,-84.09306667,1,1
39,7,10,21,2,20,1,1,0,0,14,3,0,1,0,1,1,1,4,50,1,1,2,1,0,0,2,1,0,0,88,88,88,88,88,88,0,0,0,0,1,4,1,390835,1850,2009,284,SR-7,99999999999999999999,0000000,41.91146667,-80.56861944,1,1
39,161,11,18,7,30,3,4,0,0,3,2,0,12,4,1,1,1,2,55,1,1,2,2,0,0,4,2,0,0,7,30,7,38,8,3,0,0,0,0,1,4,0,390838,0,2009,69,US-127,99999999999999999999,0000000,40.82677778,-84.58123056,3,2
39,107,11,21,14,24,1,2,0,1,2,2,0,42,0,1,4,1,2,55,1,1,2,1,0,0,1,1,0,0,14,25,14,34,15,16,0,0,0,0,1,7,0,390839,0,2009,164,US-33,99999999999999999999,0000000,40.59985833,-84.48628889,1,1
39,61,11,22,16,48,2,2,0,0,4,3,0,12,5,4,1,1,2,35,1,1,2,1,0,0,1,1,0,0,16,48,16,51,17,25,0,0,0,0,1,1,1,390840,0,2009,60,SR-128,99999999999999999999,0000000,39.22061667,-84.70639167,2,1
39,17,11,28,5,18,1,1,0,1,1,1,0,27,0,15,4,3,6,65,2,1,2,1,0,0,2,1,0,0,88,88,88,88,88,88,0,0,0,0,1,7,0,390841,0,2009,85,I-75,99999999999999999999,0000000,39.41310278,-84.35252222,1,1
39,41,11,28,23,58,1,2,0,0,6,6,0,24,0,1,4,1,2,40,2,2,2,1,0,0,2,1,0,0,88,88,88,88,88,88,0,0,0,0,2,7,0,390842,0,2009,0,KLONDIKE-RD,99999999999999999999,0000000,40.26694722,-83.14695278,1,1
39,109,11,30,14,55,1,1,0,0,13,2,0,32,0,1,4,1,4,40,1,1,2,1,0,0,1,1,0,0,88,88,88,88,88,88,0,0,0,0,1,2,0,390843,6550,2009,117,US-36,99999999999999999999,0000000,40.15190833,-84.21955278,1,1
39,57,9,16,12,41,1,1,0,1,11,1,0,1,0,1,5,3,6,65,1,1,2,1,0,0,1,1,0,0,12,45,12,52,88,88,0,0,0,0,1,4,0,390844,558,2009,56,I-675,99999999999999999999,0000000,39.73715833,-84.09356111,1,1
39,77,9,29,5,50,1,1,0,0,16,6,0,30,0,1,5,1,2,25,1,1,2,1,0,0,1,1,0,0,5,51,5,56,6,7,0,0,0,0,1,3,0,390845,6070,2009,0,N WEST ST,99999999999999999999,0000000,41.247225,-82.63675556,1,1
39,89,10,21,20,39,2,2,0,0,14,6,0,12,5,4,1,1,4,35,1,1,2,1,0,0,3,1,0,0,20,39,20,44,99,99,0,0,0,0,1,4,1,390846,5570,2009,0,N 21ST ST,99999999999999999999,0000000,40.07898889,-82.42818889,2,1
39,123,11,26,14,53,2,5,0,0,6,5,0,12,4,1,1,1,2,55,2,1,2,1,40,3,1,1,0,0,15,4,15,16,15,55,0,0,0,0,1,5,0,390847,0,2009,0,281,99999999999999999999,0000000,41.49873611,-82.97020833,2,1