STATE,COUNTY,MONTH,DAY,HOUR,MINUTE,VE_TOTAL,PERSONS,PEDS,NHS,ROAD_FNC,ROUTE,SP_JUR,HARM_EV,MAN_COLL,REL_JUNC,REL_ROAD,TRAF_FLO,NO_LANES,SP_LIMIT,ALIGNMNT,PROFILE,PAVE_TYP,SUR_COND,TRA_CONT,T_CONT_F,LGT_COND,WEATHER1,WEATHER2,WRK_ZONE,NOT_HOUR,NOT_MIN,ARR_HOUR,ARR_MIN,HOSP_HR,HOSP_MN,SCH_BUS,CF1,CF2,CF3,FATALS,DAY_WEEK,DRUNK_DR,ST_CASE,CITY,YEAR,MILEPT,TWAY_ID,TWAY_ID2,RAIL,LATITUDE,LONGITUD,VE_FORMS,WEATHER
39,85,10,25,15,13,4,5,0,0,14,3,0,12,5,2,1,1,2,35,1,1,2,1,3,3,1,1,0,0,15,19,15,19,15,38,0,0,0,0,1,1,0,390848,8090,2009,38,SR-283,SR-93,0000000,41.66305556,-81.43805556,4,1
39,95,10,30,22,55,1,1,0,0,15,6,0,40,0,1,4,1,2,40,1,1,2,2,0,0,2,2,0,0,22,57,23,1,99,99,0,19,0,0,1,6,1,390849,8120,2009,0,SOUTH AVE,99999999999999999999,0000000,41.63123056,-83.63278611,1,2
39,39,10,31,11,54,3,1,0,0,14,3,0,34,0,1,5,1,2,35,2,1,2,1,0,0,1,1,0,0,11,54,11,58,88,88,0,0,0,0,1,7,0,390850,2130,2009,36,SR-66,99999999999999999999,0000000,41.26208889,-84.36231944,1,1
39,155,11,28,2,16,1,5,0,0,5,4,0,42,0,1,4,1,2,45,2,1,2,2,0,0,2,1,0,0,2,21,2,30,3,3,0,0,0,0,2,7,1,390852,0,2009,0,N LEAVITT RD,99999999999999999999,0000000,41.23993056,-80.88123611,1,1
39,23,11,29,19,17,1,3,1,0,5,3,0,8,0,2,1,1,2,45,1,1,2,2,3,3,2,2,0,0,19,17,19,22,20,0,0,0,0,0,1,1,0,390853,0,2009,10,SR-235,1383,0000000,39.89075556,-84.04730556,1,2
39,141,11,26,0,50,1,2,1,0,2,2,0,8,0,1,1,1,4,55,1,1,2,1,0,0,2,1,0,0,88,88,88,88,88,88,0,0,0,0,1,5,0,390854,0,2009,61,US-23,99999999999999999999,0000000,39.26516944,-82.967525,1,1
39,141,12,1,19,24,2,4,0,0,6,6,0,12,5,2,1,1,2,55,1,1,2,1,20,3,2,1,0,0,99,99,99,99,99,99,0,0,0,0,1,3,0,390855,0,2009,0,WESTFALL-RD,BIERS-RUN-RD,0000000,39.42503056,-83.13790278,2,1
39,49,12,1,11,12,1,1,0,1,12,3,0,24,0,1,2,1,4,65,1,1,2,1,0,0,1,1,0,0,11,15,11,23,11,53,0,0,0,0,1,3,0,390856,1800,2009,104,SR-104,99999999999999999999,0000000,39.915875,-82.96789167,1,1
39,139,12,2,17,6,2,4,0,0,4,3,0,12,2,1,1,1,2,55,2,2,2,2,0,0,5,2,0,0,17,8,17,20,17,58,0,0,0,0,1,4,1,390858,0,2009,51,SR-545,99999999999999999999,0000000,40.82913056,-82.47711111,2,2
39,41,12,5,4,36,2,2,0,1,1,1,0,12,2,15,1,3,4,65,1,1,2,1,0,0,2,1,0,0,88,88,88,88,88,88,0,0,0,0,1,7,1,390860,0,2009,117,I-71,99999999999999999999,0000000,40.292725,-82.92476111,2,1
39,139,12,5,21,2,1,1,0,1,1,1,0,24,0,15,2,3,6,65,1,1,2,1,0,0,2,1,0,0,88,88,88,88,88,88,0,0,0,0,1,7,1,390861,0,2009,170,I-71,99999999999999999999,0000000,40.70709167,-82.49358611,1,1
39,165,12,11,20,56,1,1,0,0,13,2,0,27,0,1,4,1,2,40,1,1,2,1,0,0,2,1,0,0,88,88,88,88,88,88,0,0,0,0,1,6,0,390862,4810,2009,1,US-42,99999999999999999999,0000000,39.33293056,-84.34929167,1,1
39,49,12,12,0,53,2,2,0,0,14,6,0,12,3,2,1,1,4,40,1,1,2,1,3,3,2,1,0,0,0,53,0,56,1,22,0,0,0,0,1,7,1,390863,1800,2009,0,SAWMILL-RD,HARD-RD,0000000,40.11772778,-83.09097222,2,1
39,113,11,14,16,0,2,4,0,1,12,3,0,12,5,2,1,1,4,55,1,1,2,1,3,3,1,1,0,0,16,0,16,5,16,29,0,0,0,0,1,7,0,390864,0,2009,120,SR-49,US-40,0000000,39.87101389,-84.37911944,2,1
39,81,12,5,3,24,1,1,0,0,13,3,0,30,0,2,4,1,4,35,1,1,2,1,3,3,3,1,0,0,88,88,88,88,88,88,0,0,0,0,1,7,1,390865,7830,2009,34,SR-43,JOHN-SCOTT-HGWY,0000000,40.37791944,-80.66920556,1,1
39,61,12,10,0,34,1,1,0,0,4,3,0,1,0,1,2,1,2,55,2,1,2,1,0,0,2,1,0,0,88,88,88,88,88,88,0,20,0,0,1,5,1,390866,0,2009,36,SR-32,99999999999999999999,0000000,39.12386111,-84.37276667,1,1
39,141,12,27,7,51,1,1,0,0,14,3,0,33,0,4,2,1,4,35,1,2,2,1,0,0,1,1,0,0,88,88,88,88,88,88,0,0,0,0,1,1,1,390867,1580,2009,153,SR-772,99999999999999999999,0000000,39.32121667,-82.97910278,1,1
39,153,11,7,17,30,2,2,0,0,14,3,0,12,5,4,1,1,4,35,1,2,2,1,0,0,1,1,0,0,17,31,17,37,17,47,0,0,0,0,1,7,0,390868,70,2009,67,SR-162,99999999999999999999,0000000,41.08401667,-81.56659722,2,1
39,3,11,12,2,45,1,2,0,0,5,4,0,38,0,1,5,1,2,55,1,1,2,1,0,0,2,5,0,0,7,23,7,29,88,88,0,18,0,0,2,5,1,390869,0,2009,0,94,99999999999999999999,0000000,40.76776944,-84.20029167,1,5
39,137,11,13,17,40,1,2,1,0,5,4,0,8,0,1,1,1,2,55,1,1,2,1,0,0,5,1,0,0,17,43,17,54,99,99,0,0,0,0,1,6,0,390870,0,2009,0,224,99999999999999999999,0000000,41.01538889,-83.94056111,1,1
39,49,12,2,22,12,2,3,0,1,12,2,0,12,2,13,1,6,1,65,2,1,2,2,0,0,3,1,0,0,22,15,22,19,22,38,0,0,0,0,1,4,1,390871,1800,2009,225,US-62,I-270,0000000,40.01617778,-82.903775,2,1
39,61,12,5,9,31,2,5,0,1,1,1,0,12,1,1,1,3,4,65,1,2,2,1,0,0,1,1,0,0,9,31,9,42,99,99,0,0,0,0,1,7,0,390872,0,2009,70,I-275,99999999999999999999,0000000,39.21270278,-84.75365278,2,1
39,49,9,15,5,0,2,2,0,0,15,6,0,12,4,1,1,1,2,45,1,1,2,1,0,0,3,1,0,0,5,5,5,10,5,43,0,0,0,0,1,3,0,390873,1800,2009,0,GALLOWAY RD,99999999999999999999,0000000,39.93666667,-83.15777778,1,1
39,35,10,18,21,5,1,1,0,0,13,6,0,33,0,1,5,1,4,35,2,2,2,1,0,0,2,1,0,0,99,99,99,99,88,88,0,0,0,0,1,1,0,390874,1680,2009,0,STOKES BLVD,99999999999999999999,0000000,41.495125,-81.602775,1,1
39,35,11,2,16,7,2,3,0,1,11,1,0,12,1,1,1,3,7,60,1,1,2,1,0,0,1,1,0,0,16,22,16,30,17,0,0,0,0,0,1,2,0,390875,1680,2009,119,I-90,99999999999999999999,0000000,41.47069167,-81.73583611,2,1
39,99,11,6,2,21,1,2,0,1,12,2,0,30,0,1,5,1,4,45,2,2,2,2,0,0,3,1,0,0,2,23,2,26,2,45,0,0,0,0,1,6,1,390876,9230,2009,180,US-62,99999999999999999999,0000000,41.09081389,-80.65617222,1,1
39,141,11,19,18,21,2,3,0,1,2,2,0,12,5,2,1,1,4,55,1,1,2,1,20,3,2,1,0,0,18,21,18,36,99,99,0,0,0,0,1,5,0,390877,0,2009,67,US-23,183C,0000000,39.26914167,-82.96591667,2,1
39,95,11,28,2,14,1,2,0,0,15,6,0,38,0,1,4,1,2,35,1,1,2,1,0,0,3,1,0,0,2,15,2,23,2,41,0,0,0,0,1,7,0,390878,8120,2009,0,ANGOLA RD,99999999999999999999,0000000,41.62360833,-83.64410833,1,1
39,45,11,28,20,40,2,4,0,0,4,4,0,12,2,3,1,1,2,55,2,2,2,1,40,3,2,1,0,0,20,58,21,9,21,26,0,0,0,0,1,7,1,390879,0,2009,0,6,197,0000000,39.80479167,-82.80430833,2,1
39,35,10,29,22,20,2,2,0,0,15,6,0,12,3,2,1,1,2,35,1,1,1,1,20,3,3,1,0,0,22,26,22,30,22,51,0,0,0,0,1,5,0,390880,1680,2009,0,VILLAVIEW-RD,GROVEWOOD-AVE,0000000,41.57586111,-81.55479722,2,1
39,35,10,30,6,15,1,1,0,0,13,6,0,33,0,2,2,1,4,35,1,2,2,1,3,3,3,1,0,0,6,42,6,50,7,17,0,0,0,0,1,6,0,390881,1680,2009,0,LEE-RD,SEVILLE-RD,0000000,41.43502222,-81.56480556,1,1
39,157,12,13,9,5,2,4,0,1,2,2,0,12,5,1,1,1,4,65,2,1,2,4,0,0,1,3,2,0,9,5,9,10,99,99,0,19,0,0,1,1,0,390882,0,2009,125,US-250,99999999999999999999,0000000,40.49030278,-81.47686944,2,3
39,55,12,17,13,55,1,2,1,0,6,6,0,8,0,1,1,1,2,25,2,2,2,1,0,0,1,1,0,0,13,58,14,2,88,88,0,0,0,0,1,5,0,390883,0,2009,0,MAY-COURT,99999999999999999999,0000000,41.36388056,-81.24148056,1,1
39,7,12,18,21,40,2,4,0,0,5,3,0,12,5,2,1,1,2,45,1,1,2,1,20,3,3,1,0,0,21,42,21,45,88,88,0,0,0,0,1,6,1,390884,0,2009,233,SR-534,216,0000000,41.82579167,-80.94578056,2,1
39,139,12,19,9,55,2,3,0,0,4,6,0,12,5,1,1,1,2,55,1,1,2,3,0,0,1,4,0,0,9,56,10,6,11,54,0,0,0,0,1,7,0,390885,0,2009,0,BOWMAN-STREET-RD,99999999999999999999,0000000,40.93846389,-82.61928333,2,4
39,21,12,19,14,0,1,2,0,0,6,6,0,34,0,1,4,1,2,55,1,1,2,2,0,0,1,1,0,0,14,6,14,15,14,39,0,0,0,0,1,7,0,390886,0,2009,0,NINE-MILE-RD,99999999999999999999,0000000,40.21444444,-83.88372222,1,1
39,7,12,23,10,15,2,2,0,0,3,2,0,12,2,1,1,1,2,55,1,2,2,1,0,0,1,1,0,0,88,88,88,88,88,88,0,0,0,0,1,4,0,390887,0,2009,19,US-322,99999999999999999999,0000000,41.53543056,-80.96606111,2,1
39,105,12,24,0,57,2,2,0,1,2,2,0,12,5,1,1,1,2,55,2,1,1,1,0,0,2,1,0,0,88,88,88,88,88,88,0,0,0,0,1,5,0,390888,0,2009,202,US-33,99999999999999999999,0000000,38.99823056,-81.87583611,2,1
39,7,12,27,20,25,1,3,0,1,1,1,0,42,0,15,4,3,4,65,1,2,2,3,0,0,2,4,0,0,20,37,20,42,21,41,0,0,0,0,1,1,0,390889,0,2009,224,I-90,99999999999999999999,0000000,41.89623889,-80.63168056,1,4
39,165,12,2,14,48,2,2,0,1,1,1,0,12,1,1,1,3,4,65,1,1,2,2,0,0,1,2,0,0,14,48,15,14,99,99,0,19,0,0,1,4,0,390890,0,2009,204,I-71,99999999999999999999,0000000,39.45125833,-84.01668333,2,2
39,145,12,6,13,36,2,2,0,0,4,3,0,12,2,1,1,1,2,55,1,1,2,1,0,0,1,1,0,0,13,49,14,11,14,31,0,0,0,0,1,1,0,390892,0,2009,93,SR-104,99999999999999999999,0000000,38.84145,-83.02108056,2,1
39,89,12,6,2,22,1,1,0,1,1,1,0,25,0,1,3,3,4,65,1,1,2,1,0,0,2,1,0,0,2,25,2,35,88,88,0,0,0,0,1,1,1,390893,0,2009,132,I-70,99999999999999999999,0000000,39.94196944,-82.52510278,1,1
39,145,12,9,8,50,1,2,0,0,4,4,0,42,0,1,4,1,2,55,2,2,2,2,0,0,1,2,0,0,8,51,8,59,9,56,0,0,0,0,1,4,0,390894,0,2009,0,23,99999999999999999999,0000000,38.62198889,-82.84803056,1,2
39,85,11,13,18,58,2,4,0,0,5,6,0,12,2,1,1,1,2,35,1,1,2,1,0,0,2,1,0,0,19,5,19,11,19,25,0,0,0,0,1,6,1,390895,0,2009,0,FAIRGROUND-RD,99999999999999999999,0000000,41.69873889,-81.268625,2,1
39,55,12,14,9,1,2,2,0,0,4,2,0,12,5,2,1,1,2,45,1,1,2,1,20,3,1,1,0,0,9,2,9,7,9,34,0,0,0,0,1,2,0,390897,0,2009,40,US-322,SPERRY-RD,0000000,41.52164444,-81.31330833,2,1
39,17,12,14,8,29,2,4,0,0,3,2,0,12,2,1,1,1,2,55,2,1,2,2,0,0,1,1,0,0,8,38,8,52,9,20,0,0,0,0,2,2,1,390898,0,2009,168,US-127,99999999999999999999,0000000,39.50118611,-84.58627222,2,1
39,57,12,16,18,12,1,2,1,0,16,6,0,8,0,4,1,1,2,25,1,2,2,1,0,0,3,1,0,0,88,88,88,88,88,88,0,0,0,0,1,4,0,390899,2530,2009,0,HIGHVIEW-DR,99999999999999999999,0000000,39.83564722,-84.01581944,1,1
39,129,12,21,23,46,1,1,0,0,6,6,0,42,0,2,4,1,2,55,1,2,2,2,20,3,2,1,0,0,88,88,88,88,88,88,0,0,0,0,1,2,0,390900,0,2009,0,SCIOTO-DARBY-RD,FIVE-POINTS-PIKE,0000000,39.72923889,-83.20596389,1,1
39,41,12,28,5,30,1,1,0,0,6,6,0,37,0,1,4,1,2,55,1,2,2,3,0,0,2,4,0,0,88,88,88,88,88,88,0,0,0,0,1,2,1,390901,0,2009,0,STOVER-RD,99999999999999999999,0000000,40.25432778,-83.23049167,1,4
39,49,10,12,14,8,1,1,0,0,15,6,0,30,0,1,4,1,2,35,1,1,2,1,0,0,1,1,0,0,14,9,14,14,14,37,0,0,0,0,1,2,0,390902,1800,2009,0,BRIGGS RD,99999999999999999999,0000000,39.92916667,-83.0675,1,1
39,17,12,1,15,18,2,2,0,0,13,3,0,12,8,2,1,1,4,45,2,2,2,1,3,3,1,1,0,0,15,19,15,24,88,88,0,0,0,0,1,3,0,390903,5010,2009,89,SR-122,HIGHLAND ST,0000000,39.50213889,-84.38093056,2,1
39,103,12,11,2,11,1,2,0,0,5,5,0,11,0,1,1,1,2,45,1,1,2,1,0,0,2,1,0,0,2,13,2,29,3,10,0,0,0,0,1,6,0,390905,0,2009,0,38,99999999999999999999,0000000,41.21116389,-81.860375,1,1
39,7,12,12,18,38,1,3,2,0,6,5,0,8,0,1,1,1,2,25,1,1,2,1,0,0,3,1,0,0,18,42,18,45,88,88,0,0,0,0,1,7,1,390906,0,2009,0,FARGO DR,99999999999999999999,0000000,41.87170556,-80.76613611,1,1
39,73,12,13,6,5,1,1,0,0,4,3,0,24,0,1,5,1,2,55,2,2,2,2,0,0,1,1,0,0,7,17,7,35,88,88,0,0,0,0,1,1,0,390907,0,2009,17,SR-664,99999999999999999999,0000000,39.42589722,-82.57412778,1,1
39,5,12,13,10,55,1,1,0,0,4,3,0,34,0,1,4,1,2,55,1,1,2,4,0,0,1,1,0,0,10,55,11,0,88,88,0,0,0,0,1,1,0,390908,0,2009,44,SR-302,99999999999999999999,0000000,40.91089722,-82.18657778,1,1
39,43,12,14,12,50,2,3,0,1,1,1,0,12,1,1,2,3,6,65,1,1,2,1,0,0,1,1,0,0,13,6,13,16,14,10,0,0,0,0,1,2,0,390909,0,2009,229,I-80,99999999999999999999,0000000,41.33364167,-82.40866667,2,1
39,79,12,14,13,35,1,1,0,0,5,4,0,42,0,1,4,1,2,55,1,1,2,1,0,0,1,1,0,0,13,43,13,56,88,88,0,0,0,0,1,2,0,390910,0,2009,0,CH & D RD,99999999999999999999,0000000,38.898825,-82.54293333,1,1
39,61,12,16,23,7,1,2,0,0,4,3,0,43,0,1,5,1,2,55,2,2,2,1,0,0,2,1,0,0,23,7,23,13,88,88,0,0,0,0,2,4,1,390911,0,2009,68,SR-32,99999999999999999999,0000000,39.11371389,-84.30858056,1,1
39,99,12,16,0,10,2,2,0,1,1,1,0,12,1,1,1,3,4,65,1,2,2,4,0,0,2,4,0,0,0,14,0,18,88,88,0,0,0,0,1,4,1,390912,0,2009,56,I-80,99999999999999999999,0000000,41.13378889,-80.73665833,2,4
39,75,12,18,18,30,1,2,1,0,3,3,0,8,0,1,1,1,2,55,1,1,2,1,0,0,2,1,0,0,99,99,18,41,88,88,0,0,0,0,1,6,0,390913,0,2009,168,SR-83,99999999999999999999,0000000,40.66000556,-81.94235833,1,1
39,39,12,19,6,50,1,1,0,0,4,3,0,34,0,1,4,1,2,55,1,1,2,3,0,0,2,4,0,0,6,56,7,10,88,88,0,0,0,0,1,7,0,390914,0,2009,58,SR-15,99999999999999999999,0000000,41.36179722,-84.47913611,1,4
39,61,12,20,12,45,2,4,0,0,14,6,0,12,2,1,1,1,4,25,2,2,2,2,0,0,1,1,0,0,12,46,12,49,99,99,0,0,0,0,1,1,0,390915,1610,2009,0,GUERLEY RD,99999999999999999999,0000000,39.12273889,-84.58483611,2,1
39,13,12,22,14,23,2,2,0,0,4,3,0,12,8,2,1,1,2,55,1,1,2,1,20,3,1,1,0,0,14,24,14,31,88,88,0,0,0,0,1,3,1,390916,0,2009,123,SR-331,1025,0000000,40.09771389,-80.977375,2,1
39,7,12,23,18,2,2,9,4,0,13,2,0,12,5,2,1,1,2,35,1,1,2,1,0,0,3,1,0,0,18,2,18,6,18,28,0,0,0,0,1,4,0,390917,330,2009,114,US-20,SAMUEL AVE,0000000,41.86114167,-80.80161111,2,1
39,123,12,24,9,10,2,2,0,0,3,3,0,12,2,1,1,1,2,55,1,1,2,2,0,0,1,1,0,0,9,15,9,47,10,16,0,0,0,0,1,5,0,390918,0,2009,35,SR-53,99999999999999999999,0000000,41.48686944,-83.00087222,2,1
39,93,12,24,11,1,1,1,0,0,13,2,0,53,0,1,4,1,2,35,1,1,2,1,0,0,1,1,0,0,11,9,11,14,88,88,0,0,0,0,1,5,1,390919,7490,2009,123,US-6,99999999999999999999,0000000,41.48438889,-82.13007778,1,1
39,161,12,25,10,10,1,2,1,0,6,4,0,9,0,1,1,1,2,45,1,1,2,2,0,0,1,2,0,0,99,99,99,99,88,88,0,0,0,0,1,6,0,390920,0,2009,0,418,99999999999999999999,0000000,40.87565556,-84.61260556,1,2
39,17,12,27,17,49,1,2,1,0,16,6,0,8,0,4,1,1,2,99,1,1,2,2,0,0,2,1,0,0,17,50,17,54,18,0,0,0,0,0,1,1,0,390921,3260,2009,0,EMERSON AVE,99999999999999999999,0000000,39.41591389,-84.57735833,1,1
39,7,12,28,10,6,2,2,0,0,16,6,0,12,2,1,1,1,2,35,1,2,2,3,0,0,1,4,0,0,10,6,10,8,10,31,0,0,0,0,1,2,0,390922,330,2009,0,COLUMBUS AVE,99999999999999999999,0000000,41.88147222,-80.78348611,2,4
39,113,11,19,17,36,1,2,1,0,13,3,0,15,0,1,1,1,4,35,1,1,2,2,0,0,3,2,0,0,17,38,17,40,18,21,0,0,0,0,1,5,0,390923,8220,2009,245,SR-48,99999999999999999999,0000000,39.89676389,-84.30637778,1,2
39,35,12,13,7,20,1,2,1,0,16,6,0,8,0,1,1,1,2,35,1,1,2,1,0,0,3,1,0,0,88,88,88,88,88,88,0,0,0,0,1,1,0,390924,7880,2009,0,DRAKE-RD,99999999999999999999,0000000,41.29036667,-81.83316667,1,1
39,35,12,25,3,18,1,2,0,1,11,1,0,20,0,13,8,6,1,60,2,2,2,2,0,0,3,2,0,0,3,24,3,28,4,0,0,20,0,0,1,6,1,390925,1050,2009,96,I-71-RAMP,99999999999999999999,0000000,41.42071944,-81.81896111,1,2
39,113,12,25,20,17,4,8,0,1,11,1,0,12,1,15,1,3,6,65,1,1,2,2,0,0,2,1,0,0,20,30,20,34,21,0,0,0,0,0,1,6,0,390926,1450,2009,69,I-675,99999999999999999999,0000000,39.65044167,-84.14291389,4,1
39,95,12,26,2,43,2,2,0,1,11,1,0,12,2,15,1,3,6,60,1,1,2,1,0,0,3,1,0,0,99,99,99,99,99,99,0,0,0,0,1,7,1,390927,8120,2009,94,I-475,99999999999999999999,0000000,41.67566944,-83.69419167,2,1
39,35,12,30,6,42,3,3,0,1,11,1,0,12,1,13,1,6,1,60,1,2,2,1,0,0,2,1,0,0,6,42,6,49,7,18,0,0,0,0,1,4,0,390928,3670,2009,84,I-77-RAMP,99999999999999999999,0000000,41.40708889,-81.647,3,1
39,35,8,5,20,10,2,2,0,0,13,3,0,12,5,2,1,1,4,35,1,1,1,1,3,3,1,1,0,0,20,12,20,14,20,25,0,0,0,0,1,4,1,390929,6360,2009,62,SR-3,W-PLEASANT-VALLEY-RD,0000000,41.36396944,-81.7342,2,1
39,95,11,28,15,18,2,2,0,0,15,6,0,12,4,2,1,1,2,40,1,1,2,1,3,3,1,1,0,0,15,20,15,23,88,88,0,0,0,0,1,7,1,390930,8120,2009,0,STICKNEY-AVE,MATZINGER-ST,0000000,41.70451111,-83.52768056,2,1
39,93,12,15,15,27,2,2,0,0,6,6,0,12,1,2,1,1,2,35,1,1,2,2,3,3,1,4,0,0,15,42,15,45,16,31,0,0,0,0,1,3,1,390931,2480,2009,0,W-RIVER-RD,SR-57,0000000,41.38287778,-82.10593611,2,4
39,3,12,20,18,48,3,7,0,0,3,3,0,12,1,2,1,1,2,55,1,1,2,2,20,3,2,4,0,0,19,1,19,11,19,32,0,0,0,0,1,1,0,390932,0,2009,222,SR-309,PHILLIPS-RD,0000000,40.73191944,-83.93737222,3,4
39,137,12,31,8,14,1,1,0,0,6,6,0,34,0,1,4,1,2,55,1,1,2,3,0,0,1,2,0,0,88,88,88,88,88,88,0,0,0,0,1,5,0,390933,0,2009,0,H-RD,99999999999999999999,0000000,41.06501389,-84.03476111,1,2
39,49,9,23,13,48,1,1,0,0,6,6,0,1,0,1,5,1,2,45,1,1,2,1,0,0,1,1,0,0,13,48,13,52,88,88,0,0,0,0,1,4,0,390934,0,2009,0,WINCHESTER PIKE,99999999999999999999,0000000,39.86944444,-82.83527778,1,1
39,113,10,21,6,15,2,2,0,0,14,6,0,12,1,3,1,1,4,35,1,1,2,1,3,3,1,1,0,0,99,99,99,99,99,99,0,0,0,0,1,4,0,390935,2090,2009,0,N GETTYSBURG AVE,N JAMES H MCGEE BLVD,0000000,39.7718,-84.25359167,2,1
39,49,10,28,2,19,2,5,0,1,11,1,0,12,7,1,1,3,6,65,1,1,2,2,0,0,3,2,0,0,2,32,2,37,2,52,0,0,0,0,1,4,1,390936,1800,2009,190,I-70,99999999999999999999,0000000,39.93194444,-82.92277778,2,2
39,33,11,19,8,56,2,2,0,0,4,3,0,12,8,1,1,1,2,55,1,1,2,2,0,0,1,1,0,0,9,0,9,13,88,88,0,0,0,0,1,5,0,390937,0,2009,2,SR-98,99999999999999999999,0000000,40.70464167,-83.00428611,2,1
39,95,11,24,17,40,2,4,1,0,14,2,0,8,0,1,1,1,4,35,1,1,2,1,0,0,3,1,0,0,17,44,17,46,99,99,0,0,0,0,1,3,0,390938,8120,2009,252,US-24,99999999999999999999,0000000,41.65840278,-83.57377778,2,1
39,35,12,4,7,2,1,2,1,0,13,2,0,8,0,2,1,1,6,35,1,1,2,1,3,3,4,1,0,0,7,2,7,6,7,17,0,0,0,0,1,6,0,390939,1690,2009,79,US-322,COPPER TRACE,0000000,41.52058056,-81.54998889,1,1
39,17,12,15,22,52,1,1,0,0,15,6,0,30,0,1,5,1,3,45,2,2,2,1,0,0,3,1,0,0,22,53,22,58,88,88,0,0,0,0,1,3,0,390940,5010,2009,0,N UNIVERSITY BLVD,99999999999999999999,0000000,39.52391111,-84.36876111,1,1
39,35,12,19,12,56,1,2,1,0,13,3,0,8,0,2,1,1,2,35,1,1,2,2,3,3,1,4,0,0,12,57,13,0,13,24,0,0,0,0,1,7,0,390941,8770,2009,72,SR-252,WESTWOOD RD,0000000,41.44961111,-81.90273333,1,4
39,131,12,19,16,44,2,7,0,1,2,2,0,12,5,2,1,1,4,55,2,2,2,2,0,0,1,1,0,0,16,53,16,55,17,5,0,0,0,0,1,7,0,390942,0,2009,159,US-23,438,0000000,39.17516111,-82.97523889,2,1
39,173,12,27,21,4,2,4,0,1,2,2,0,12,4,1,1,1,2,55,1,1,2,3,0,0,2,4,0,0,21,4,21,12,21,45,0,0,0,0,1,1,0,390943,0,2009,192,US-6,99999999999999999999,0000000,41.36211111,-83.52033056,2,4
39,61,12,29,17,43,2,2,0,0,14,6,0,12,1,2,1,1,4,40,1,2,2,1,3,3,3,1,0,0,17,43,17,46,18,9,0,0,0,0,1,3,1,390944,2652,2009,0,WINTON RD,WAYCROSS RD,0000000,39.28326389,-84.522025,2,1
39,161,12,30,14,45,3,6,0,0,3,2,0,12,1,3,1,1,2,55,1,1,2,1,20,3,1,1,0,0,14,47,14,52,15,21,0,0,0,0,1,4,0,390945,0,2009,123,US-127,US-224,0000000,40.89998333,-84.57208889,3,1
39,23,12,30,20,35,1,3,0,1,1,1,0,38,0,1,4,3,6,65,1,1,2,1,0,0,2,1,0,0,20,39,20,48,22,24,0,0,0,0,1,4,0,390946,0,2009,45,I-70,99999999999999999999,0000000,39.87516389,-83.97022222,1,1
39,95,12,31,18,5,2,3,1,0,14,6,0,8,0,1,1,1,4,35,1,1,2,2,0,0,3,1,0,0,18,7,18,10,18,22,0,0,0,0,1,5,0,390947,8120,2009,0,CHERRY ST,99999999999999999999,0000000,41.68083333,-83.55222222,2,1
39,35,10,24,14,58,1,2,0,0,16,6,0,30,0,1,4,1,2,35,2,1,2,2,0,0,1,2,0,0,15,0,15,2,15,27,0,0,0,0,1,7,0,390948,1690,2009,0,MT-VERNON-BLVD,99999999999999999999,0000000,41.52562222,-81.56499722,1,2
39,91,12,12,14,0,1,1,0,0,5,6,0,24,0,1,2,1,2,55,2,1,2,1,0,0,1,1,0,0,14,6,14,24,15,1,0,0,0,0,1,7,1,390949,0,2009,0,COLUMBUS-ST,99999999999999999999,0000000,40.31753611,-83.63204444,1,1
39,103,12,30,14,44,2,3,0,0,6,6,0,12,5,2,1,1,2,45,1,1,2,1,20,3,1,1,0,0,14,45,14,53,15,42,0,0,0,0,1,4,0,390950,0,2009,0,S-WEYMOUTH-RD,REMSEN-RD,0000000,41.18548889,-81.79386111,2,1
39,93,12,31,0,5,2,3,0,0,3,3,0,12,5,1,1,1,2,55,2,2,2,2,0,0,3,1,0,0,88,88,88,88,88,88,0,0,0,0,2,5,1,390951,0,2009,69,SR-57,99999999999999999999,0000000,41.26395278,-82.04625556,2,1
39,153,9,10,23,57,2,3,1,1,11,1,0,8,0,13,1,6,1,55,1,2,2,1,0,0,3,1,0,0,0,2,0,8,0,18,0,0,0,0,1,5,0,390952,0,2009,98,I-76,99999999999999999999,0000000,41.06198611,-81.53896111,2,1
39,99,12,21,14,14,2,6,0,0,16,6,0,12,5,2,1,1,4,35,1,1,2,1,20,3,1,1,0,0,14,16,14,20,14,42,0,0,0,0,1,2,0,390953,9230,2009,0,GLENWOOD AVE,EARLE AVE,0000000,41.07880833,-80.67544444,2,1
39,3,12,31,6,46,1,3,0,0,4,3,0,38,0,1,4,1,2,55,1,1,2,2,0,0,2,4,0,0,6,46,6,58,7,16,0,0,0,0,1,5,0,390954,0,2009,11,SR-501,99999999999999999999,0000000,40.67393333,-84.20368333,1,4
39,17,7,12,17,25,2,3,0,0,16,6,0,12,4,2,1,1,2,40,1,2,2,1,0,0,1,1,0,0,17,26,17,31,99,99,0,0,0,0,1,1,0,390955,8715,2009,0,W CHESTER RD,CENTRE POINTE DR,0000000,39.32801944,-84.42208889,2,1