STATE,COUNTY,MONTH,DAY,HOUR,MINUTE,VE_TOTAL,PERSONS,PEDS,NHS,ROAD_FNC,ROUTE,SP_JUR,HARM_EV,MAN_COLL,REL_JUNC,REL_ROAD,TRAF_FLO,NO_LANES,SP_LIMIT,ALIGNMNT,PROFILE,PAVE_TYP,SUR_COND,TRA_CONT,T_CONT_F,LGT_COND,WEATHER1,WEATHER2,WRK_ZONE,NOT_HOUR,NOT_MIN,ARR_HOUR,ARR_MIN,HOSP_HR,HOSP_MN,SCH_BUS,CF1,CF2,CF3,FATALS,DAY_WEEK,DRUNK_DR,ST_CASE,CITY,YEAR,MILEPT,TWAY_ID,TWAY_ID2,RAIL,LATITUDE,LONGITUD,VE_FORMS,WEATHER
39,173,11,13,17,27,1,1,0,0,4,3,0,24,0,1,2,1,2,35,1,1,2,1,0,0,5,1,0,0,18,36,18,54,19,26,0,0,0,0,1,6,0,390956,5910,2009,163,SR-18,99999999999999999999,0000000,41.17288056,-83.60806944,1,1
39,131,12,1,15,41,1,1,0,0,6,6,0,52,0,1,4,1,2,55,2,1,2,1,0,0,1,1,0,0,88,88,88,88,88,88,0,0,0,0,1,3,0,390957,0,2009,0,BUCHANAN-RD,99999999999999999999,0000000,39.12936944,-83.08370833,1,1
39,61,11,28,13,40,2,7,1,0,15,6,0,12,5,2,1,1,4,35,1,1,2,1,3,3,1,1,0,0,13,50,13,58,88,88,0,0,0,0,1,7,0,390958,1610,2009,0,WESTWOOD-AVE,GRAND-AVE,0000000,39.125,-84.55308333,2,1
39,35,12,24,1,15,1,1,0,1,11,1,0,52,0,13,4,6,1,60,2,2,2,4,0,0,3,1,0,0,1,23,1,29,1,53,0,0,0,0,1,5,0,390959,1680,2009,101,I-71-RAMP,I-480,0000000,41.42168333,-81.82806111,1,1
39,35,11,12,16,40,1,2,1,0,16,3,0,8,0,3,1,1,2,35,1,1,2,1,20,3,1,1,0,0,99,99,99,99,99,99,0,0,0,0,1,5,0,390960,2520,2009,106,SR-283,E 238TH ST,0000000,41.61534722,-81.51640833,1,1
39,149,11,21,14,55,2,3,0,0,6,4,0,12,5,2,1,1,2,55,1,1,2,1,20,3,1,1,0,0,99,99,99,99,99,99,0,0,0,0,1,7,0,390961,0,2009,0,MASON RD,THOMPSON SCHIFF RD,0000000,40.33150556,-84.15085,2,1
39,63,12,1,22,29,1,1,0,0,4,4,0,1,0,1,1,1,2,55,2,1,2,1,0,0,2,1,0,0,99,99,99,99,88,88,0,0,0,0,1,3,1,390962,0,2009,0,313,99999999999999999999,0000000,40.91481111,-83.83821389,1,1
39,109,12,4,11,20,3,3,0,0,4,3,0,12,5,2,1,1,2,55,1,1,2,1,20,3,1,1,0,0,99,99,99,99,99,99,0,0,0,0,1,6,0,390963,0,2009,201,SR-571,SR-201,0000000,39.94014722,-84.08360556,3,1
39,109,12,22,10,29,1,1,0,0,6,6,0,30,0,1,4,1,2,55,1,1,2,2,0,0,1,1,0,0,10,36,10,43,11,11,0,0,0,0,1,3,0,390964,0,2009,0,HORSESHOE-BEND-RD,99999999999999999999,0000000,40.00828889,-84.35328611,1,1
39,5,12,21,6,43,1,2,1,0,16,6,0,8,0,1,1,1,2,35,1,1,2,2,0,0,3,1,0,0,6,45,6,47,7,3,0,0,0,0,1,2,0,390965,310,2009,0,STEELE-AVE,99999999999999999999,0000000,40.86553056,-82.29755278,1,1
39,153,11,25,17,40,2,3,0,0,13,3,0,12,5,2,1,1,2,45,1,1,2,1,3,3,3,1,0,0,17,43,17,47,19,5,0,0,0,0,1,4,0,390966,3139,2009,41,SR-241,RABER RD,0000000,40.96650833,-81.46500833,2,1
39,133,12,15,12,53,1,1,0,0,16,6,0,37,0,1,5,1,2,25,2,2,2,2,0,0,1,2,0,0,12,56,12,58,13,40,0,0,0,0,1,3,0,390967,380,2009,0,RIDGEWAY DR,99999999999999999999,0000000,41.30482778,-81.36611944,1,2
39,15,12,20,9,45,1,1,0,1,2,3,0,34,0,1,4,1,2,55,1,2,2,2,0,0,1,4,0,0,9,47,9,59,10,16,0,0,0,0,1,1,0,390968,2900,2009,98,SR-125,99999999999999999999,0000000,38.86078056,-83.88149167,1,4
39,45,12,26,14,13,2,2,0,0,14,6,0,12,8,2,1,1,2,35,1,1,2,1,3,3,1,1,0,0,14,13,14,16,14,48,0,0,0,0,1,7,0,390969,4050,2009,0,W FAIR AVE,ETY RD,0000000,39.72580556,-82.64036111,2,1
39,35,12,25,14,40,2,3,2,1,11,1,0,14,9,1,2,3,2,50,2,2,2,1,0,0,1,5,0,0,14,51,14,54,15,47,0,0,0,0,1,6,0,390970,1680,2009,157,I-77,99999999999999999999,0000000,41.49305278,-81.67727778,1,5
39,35,8,13,13,21,1,1,0,0,16,6,0,33,0,1,2,1,2,25,1,1,2,1,0,0,1,1,0,0,13,21,13,28,13,45,0,0,0,0,1,5,0,390971,1680,2009,0,GUARDIAN-AVE,99999999999999999999,0000000,41.4427,-81.77745278,1,1
39,35,12,16,23,50,1,3,0,0,16,6,0,33,0,2,2,1,2,25,1,1,2,1,20,3,3,1,0,0,23,54,0,1,0,29,0,0,0,0,1,4,1,390972,1680,2009,0,E-135TH-ST,MARSTON-AVE,0000000,41.44722222,-81.58873333,1,1
39,35,10,28,22,40,1,1,0,0,16,6,0,40,0,1,5,1,2,25,1,2,2,2,0,0,2,1,0,0,22,51,22,56,99,99,0,0,0,0,1,4,1,390974,970,2009,0,OAK PARK PLACE,99999999999999999999,0000000,41.3506,-81.60660278,1,1
39,89,12,27,20,53,1,2,0,0,15,6,0,42,0,1,4,1,2,35,1,2,2,2,0,0,2,4,0,0,20,53,20,57,22,18,0,0,0,0,1,1,0,390976,5570,2009,0,THORNWOOD DR,99999999999999999999,0000000,40.04442222,-82.47890278,1,4
39,49,12,17,7,57,1,1,0,0,3,6,0,3,0,1,5,1,4,99,9,9,2,9,0,0,3,1,0,0,88,88,88,88,88,88,0,0,0,0,1,5,1,390977,1800,2009,0,NEW ALBANY RD,99999999999999999999,0000000,40.09472222,-82.82277778,1,1
39,35,10,29,23,47,1,2,0,0,16,6,0,33,0,1,5,1,2,25,1,1,2,1,0,0,3,1,0,0,23,47,23,50,0,23,0,0,0,0,1,5,1,390978,6360,2009,0,FORTUNE-AVE,99999999999999999999,0000000,41.41131389,-81.71036389,1,1
39,49,11,27,2,30,1,2,0,0,6,6,0,42,0,1,4,1,2,35,2,2,2,1,0,0,3,1,0,0,88,88,88,88,88,88,0,0,0,0,1,6,1,390979,1300,2009,0,WASHINGTON-ST,99999999999999999999,0000000,39.84232778,-82.80877222,1,1
39,35,11,28,1,29,1,1,0,0,13,3,0,33,0,1,5,1,4,25,1,1,2,1,0,0,3,1,0,0,1,30,1,31,1,49,0,0,0,0,1,7,1,390980,4685,2009,99,SR-14,99999999999999999999,0000000,41.40555833,-81.55655556,1,1
39,113,12,11,16,16,2,3,0,0,6,6,0,12,4,2,1,3,4,40,1,1,2,1,3,3,1,1,0,0,16,26,16,35,16,50,0,0,0,0,1,6,0,390981,2090,2009,0,TERMINAL DR,BOEING DR,0000000,39.89463056,-84.22853056,2,1
39,17,12,2,14,59,2,3,0,0,16,6,0,12,2,1,1,1,2,35,1,1,2,2,0,0,1,2,0,0,15,14,15,21,16,3,0,0,0,0,1,4,0,390982,2535,2009,0,GILMORE-RD,99999999999999999999,0000000,39.30889444,-84.52330556,2,2
39,85,12,9,16,4,5,7,0,0,13,2,0,12,1,3,1,1,2,35,1,1,2,1,20,3,1,1,0,0,16,5,16,17,16,31,0,0,0,0,1,4,0,390983,4920,2009,120,US-20,JOHNNY CAKE,0000000,41.68233611,-81.29685278,5,1
39,35,12,3,17,1,1,1,0,0,16,6,0,33,0,1,5,1,2,25,1,1,2,2,20,3,5,2,0,0,17,4,17,10,88,88,0,0,0,0,1,5,1,390984,1680,2009,0,MORGAN AVE,99999999999999999999,0000000,41.46701111,-81.638375,1,2
39,35,12,15,17,51,2,2,0,0,13,3,0,12,2,1,1,1,4,35,1,1,2,2,0,0,3,4,0,0,17,57,17,59,18,16,0,0,0,0,1,3,0,390985,570,2009,29,SR-8,99999999999999999999,0000000,41.39350278,-81.52641944,2,4
40,141,1,1,3,45,1,2,0,0,3,3,0,32,0,1,4,1,2,65,1,2,2,1,0,0,2,1,0,0,3,38,3,44,4,11,0,0,0,0,1,5,1,400001,0,2009,46,SR-5,99999999999999999999,0000000,34.39239167,-98.93591944,1,1
40,35,1,3,15,6,2,2,0,0,4,3,0,12,2,1,4,1,2,65,1,1,2,1,0,0,1,1,0,0,99,99,99,99,99,99,0,0,0,0,1,7,0,400002,0,2009,34,SR-66,99999999999999999999,0000000,36.61504444,-95.27901667,2,1
40,17,1,6,12,11,2,2,0,0,4,3,0,12,2,1,1,1,2,55,1,1,2,1,0,0,1,1,0,0,12,5,12,13,99,99,0,0,0,0,2,3,0,400003,1540,2009,45,SR-66,99999999999999999999,0000000,35.508475,-97.85814167,2,1
40,133,1,7,17,57,3,8,0,1,2,3,0,12,2,1,1,1,2,65,1,2,2,1,0,0,2,1,0,0,18,5,18,15,99,99,0,14,0,0,1,4,0,400004,0,2009,83,SR-3E,99999999999999999999,0000000,35.10488333,-96.67917222,3,1
40,97,1,9,17,45,1,1,0,1,2,2,0,32,0,1,4,2,2,75,1,2,1,1,0,0,5,1,0,0,17,31,17,41,88,88,0,0,0,0,1,6,0,400005,0,2009,110,US-412,99999999999999999999,0000000,36.21225,-95.08834444,1,1
40,9,1,10,2,42,1,1,0,0,4,4,0,30,0,1,4,1,2,55,1,1,2,1,0,0,2,6,0,0,2,32,2,41,88,88,0,0,0,0,1,7,1,400006,0,2009,0,NO NAME,99999999999999999999,0000000,35.37925278,-99.47948333,1,6
40,17,1,2,20,2,3,6,0,0,4,6,0,12,5,2,1,1,2,45,1,2,2,1,20,3,2,1,0,0,20,10,20,17,21,16,0,0,0,0,1,6,0,400007,3550,2009,0,SW 29TH STREET,SARA ROAD,0000000,35.4064,-97.70699444,3,1
40,131,1,4,17,46,2,3,0,1,2,2,0,12,2,1,1,2,2,65,1,2,1,1,0,0,5,1,0,0,17,40,17,45,18,44,0,0,0,0,1,1,0,400008,0,2009,19,US-169,99999999999999999999,0000000,36.40656944,-95.76044167,2,1
40,127,1,14,13,27,2,3,0,1,2,8,0,12,4,13,1,6,1,45,1,1,1,1,0,0,1,1,0,0,13,45,13,50,14,45,0,0,0,0,1,4,0,400009,170,2009,65,INDIAN NATION RAMP,99999999999999999999,0000000,34.2365,-95.65229444,2,1
40,5,1,3,15,20,2,3,0,0,4,4,0,12,2,1,1,1,2,45,1,1,5,1,0,0,1,1,0,0,99,99,99,99,99,99,0,0,0,0,1,7,0,400010,0,2009,0,WESLEY RD,99999999999999999999,0000000,34.59937222,-95.89116111,2,1
40,19,1,7,19,47,1,1,0,0,6,4,0,34,0,1,4,1,2,45,2,2,2,1,0,0,2,1,0,0,19,43,19,49,88,88,0,0,0,0,1,4,1,400011,0,2009,0,MEMORIAL ROAD,99999999999999999999,0000000,34.18823333,-97.51739444,1,1
40,55,1,9,18,30,2,2,0,0,4,4,0,12,5,2,1,1,2,55,1,1,2,1,0,0,2,1,0,0,99,99,99,99,99,99,0,0,0,0,1,6,1,400012,0,2009,0,NO NAME,NO NAME,0000000,34.91510833,-99.69595,2,1
40,47,1,9,13,58,2,2,0,1,2,2,0,12,5,2,1,2,2,70,1,1,2,1,20,3,1,1,0,0,13,52,14,1,14,18,0,0,0,0,1,6,0,400013,0,2009,50,US-412,90TH,0000000,36.39779722,-97.74776389,2,1
40,11,1,9,16,16,1,1,0,0,4,4,0,42,0,1,4,1,2,45,1,1,2,1,0,0,1,1,0,0,16,21,16,30,18,12,0,0,0,0,1,6,1,400014,0,2009,0,NO NAME,99999999999999999999,0000000,36.13025,-98.56225556,1,1
40,63,1,9,14,44,3,4,0,0,3,2,0,12,1,3,1,1,2,65,1,1,2,1,0,0,1,1,0,0,14,35,14,40,15,9,0,0,0,0,1,6,0,400015,0,2009,17,US-270,NO NAME,0000000,35.10446111,-96.44176389,3,1
40,51,1,11,4,2,1,4,0,0,6,4,0,1,0,1,4,1,2,45,1,2,2,1,0,0,2,1,0,0,99,99,99,99,99,99,0,0,0,0,1,1,1,400016,0,2009,0,NO NAME,99999999999999999999,0000000,35.23440278,-97.74171389,1,1
40,9,1,11,18,59,1,1,0,0,6,4,0,1,0,1,4,1,2,55,1,3,2,1,0,0,2,1,0,0,99,99,99,99,99,99,0,0,0,0,1,1,0,400017,0,2009,0,NO NAME,99999999999999999999,0000000,35.24856389,-99.67809722,1,1
40,37,1,12,7,29,1,1,0,0,13,3,0,27,0,1,3,2,2,65,1,1,2,1,0,0,1,1,0,0,99,98,99,98,88,88,0,0,0,0,1,2,0,400018,0,2009,46,SR-97,99999999999999999999,0000000,36.06415556,-96.11972778,1,1
40,69,1,14,16,25,1,2,0,0,4,3,0,37,0,1,4,1,2,65,2,2,2,1,0,0,1,1,0,0,16,32,17,6,18,10,0,0,0,0,1,4,0,400019,0,2009,86,SR-7,99999999999999999999,0000000,34.37491389,-96.49429444,1,1
40,9,1,14,18,14,1,3,0,0,6,4,0,53,0,1,4,1,2,55,1,1,2,1,0,0,5,1,0,0,18,12,18,23,18,54,0,0,0,0,1,4,0,400020,0,2009,0,NO NAME,99999999999999999999,0000000,35.36434722,-99.45665278,1,1
40,109,1,14,22,38,1,1,0,0,4,6,0,31,0,1,2,1,2,55,1,2,2,1,0,0,2,1,0,0,99,98,99,98,88,88,0,0,0,0,1,4,1,400021,3550,2009,0,N PORTLAND,99999999999999999999,0000000,35.62547222,-97.58505,1,1
40,21,1,17,11,23,1,2,0,0,4,3,0,42,0,1,4,1,2,45,2,1,2,1,0,0,1,1,0,0,99,98,99,98,88,88,0,0,0,0,2,7,0,400022,0,2009,0,SR-82A,99999999999999999999,0000000,36.15755833,-94.87046111,1,1
40,109,1,17,19,35,1,1,0,0,16,6,0,1,0,1,1,1,2,25,2,1,2,1,40,3,2,1,0,0,99,99,99,99,99,99,0,0,0,0,1,7,1,400023,3550,2009,0,SE 82ND,99999999999999999999,0000000,35.38471111,-97.50113056,1,1
40,133,1,17,23,5,1,1,0,0,4,4,0,34,0,1,4,1,2,45,1,1,2,1,0,0,2,1,0,0,99,98,99,98,88,88,0,0,0,0,1,7,1,400024,0,2009,0,NO NAME,99999999999999999999,0000000,34.96643611,-96.65084722,1,1
40,109,1,20,18,25,3,4,1,0,13,6,0,8,0,1,1,1,4,40,1,1,2,1,0,0,2,1,0,0,99,98,99,98,88,88,0,0,0,0,1,3,0,400025,3550,2009,0,S WESTERN,99999999999999999999,0000000,35.429,-97.53021111,3,1
40,37,1,21,18,57,2,2,0,0,13,3,0,12,4,2,1,1,2,65,1,2,2,1,20,3,2,1,0,0,19,6,19,25,19,59,0,0,0,0,1,4,0,400026,0,2009,44,SR-97,W 71ST ST S,0000000,36.06117222,-96.11964167,2,1
40,43,1,22,14,54,2,2,0,1,2,2,0,12,4,1,1,1,4,65,1,2,2,1,0,0,1,1,0,0,14,57,15,16,88,88,0,0,0,0,1,5,0,400027,0,2009,185,US-270,99999999999999999999,0000000,35.94243611,-98.70700833,2,1
40,81,1,22,16,6,1,2,0,0,6,4,0,5,0,1,1,1,2,99,1,2,4,1,0,0,1,1,0,0,16,8,16,18,88,88,0,0,0,0,1,5,1,400028,0,2009,0,NO NAME,99999999999999999999,0000000,35.63804722,-96.86576944,1,1
40,17,1,23,99,99,1,2,0,0,16,6,0,1,0,1,2,1,2,45,1,1,2,1,0,0,2,1,0,0,99,98,99,98,88,88,0,0,0,0,2,6,1,400029,3550,2009,0,HEFNER RD,99999999999999999999,0000000,35.58033611,-97.67643889,1,1
40,91,1,23,17,5,1,2,0,0,4,4,0,1,0,1,1,1,2,45,2,1,2,1,0,0,3,1,0,0,17,26,17,37,19,7,0,0,0,0,1,6,1,400030,0,2009,0,TEXANNA RD,99999999999999999999,0000000,35.38898056,-95.46938889,1,1
40,27,1,24,16,47,1,2,0,1,11,1,0,5,0,1,1,2,3,60,1,1,2,1,0,0,1,1,0,0,16,49,16,53,17,25,0,0,0,0,1,7,0,400031,3220,2009,127,I-35,99999999999999999999,0000000,35.31736667,-97.49005833,1,1
40,143,1,26,14,34,2,3,0,1,11,1,0,25,0,1,2,3,4,65,1,1,2,4,0,0,1,1,0,0,15,44,15,57,16,31,0,19,0,0,1,2,0,400032,4780,2009,120,I-244,99999999999999999999,0000000,36.16209722,-95.89566667,1,1
40,71,1,28,12,28,1,2,0,0,4,4,0,1,0,1,1,1,2,55,1,2,2,4,0,0,1,1,0,0,12,26,12,31,99,99,0,0,0,0,1,4,0,400033,0,2009,0,HUBBARD RD,99999999999999999999,0000000,36.75336111,-97.09815556,1,1
40,17,1,28,16,42,3,3,0,1,13,3,0,12,1,2,1,1,4,55,1,1,2,2,0,0,1,1,0,0,16,45,16,57,17,51,0,0,0,0,1,4,0,400034,3550,2009,180,SR-3,CHARLESTON WAY,0000000,35.591925,-97.71609444,3,1
40,13,1,30,20,50,2,4,0,0,14,3,0,12,5,2,1,1,2,55,1,3,2,1,0,0,2,1,0,0,20,54,21,1,88,88,0,0,0,0,1,6,0,400035,0,2009,41,SR-78,SANDSTONE,0000000,34.05578889,-96.37292778,2,1
40,121,1,31,14,44,1,2,0,0,4,3,0,24,0,1,4,2,2,65,1,2,2,1,0,0,1,1,0,0,14,58,15,24,99,99,0,0,0,0,1,7,0,400036,0,2009,113,SR-113,99999999999999999999,0000000,35.12510278,-95.77202778,1,1
40,27,1,22,16,21,2,2,0,0,14,6,0,12,4,4,1,1,4,40,1,1,2,1,0,0,1,1,0,0,16,26,16,34,17,11,0,0,0,0,1,5,0,400037,3550,2009,0,SW 104TH,99999999999999999999,0000000,35.36338333,-97.54739167,2,1
40,109,1,31,19,17,1,3,1,0,14,6,0,9,0,1,1,1,4,45,1,1,2,1,0,0,2,1,0,0,19,18,19,25,19,48,0,0,0,0,1,7,0,400038,3550,2009,0,N ROCKWELL,99999999999999999999,0000000,35.56036944,-97.63848056,1,1
40,125,2,1,21,48,1,1,0,0,4,4,0,38,0,1,4,1,2,40,1,1,2,1,0,0,1,1,0,0,21,33,21,47,88,88,0,0,0,0,1,1,1,400039,367,2009,0,BETHEL RD,99999999999999999999,0000000,35.29663333,-97.01914722,1,1
40,43,2,2,19,15,1,1,0,0,4,4,0,34,0,1,4,1,2,55,1,2,5,5,20,3,2,1,0,0,99,98,99,98,88,88,0,0,0,0,1,2,0,400040,0,2009,0,NO NAME,99999999999999999999,0000000,35.85601389,-98.96750556,1,1
40,81,1,26,12,43,1,1,0,1,1,1,0,1,0,1,4,3,2,75,1,1,2,4,0,0,1,3,0,0,99,99,99,99,99,98,0,0,0,0,1,2,0,400041,0,2009,173,I-44,99999999999999999999,0000000,35.72605833,-96.84765278,1,3
40,97,2,4,0,35,1,1,0,0,16,6,0,38,0,1,4,1,2,25,1,1,2,1,0,0,2,1,0,0,0,36,0,57,1,39,0,0,0,0,1,4,0,400042,3855,2009,0,OAKWOOD ROAD,99999999999999999999,0000000,36.25680278,-95.32836944,1,1
40,47,2,5,18,46,2,2,0,0,2,2,0,12,5,7,1,2,2,70,1,1,2,1,21,3,2,1,0,0,99,99,99,99,99,99,0,0,0,0,1,5,0,400043,0,2009,40,US-60,99999999999999999999,0000000,36.39116389,-98.03323611,2,1
40,91,2,7,18,45,2,2,0,0,4,4,0,12,2,1,1,1,2,55,2,1,2,1,0,0,2,1,0,0,18,51,19,11,99,99,0,0,0,0,1,7,1,400044,0,2009,0,OLD 69,99999999999999999999,0000000,35.55038333,-95.52234722,2,1
40,109,2,7,22,42,2,2,0,0,14,6,0,12,2,1,1,1,2,50,1,1,2,1,0,0,3,1,0,0,22,44,22,51,23,33,0,0,0,0,1,7,0,400045,3550,2009,0,N SANTA FE AVE,99999999999999999999,0000000,35.61718611,-97.51381111,2,1
40,121,2,8,21,50,2,6,0,0,13,2,0,12,4,2,1,3,2,65,1,2,1,1,20,3,2,1,0,0,22,0,22,3,22,9,0,0,0,0,1,1,0,400046,2930,2009,152,US-270,MITCHELL RD,0000000,34.94610556,-95.833525,2,1
40,19,2,9,18,37,1,2,0,0,6,4,0,30,0,1,4,1,2,45,1,1,2,1,0,0,2,1,0,0,99,98,99,98,88,88,0,0,0,0,1,2,0,400047,2858,2009,0,PRAIRIE VALLEY,99999999999999999999,0000000,34.20204167,-97.21438056,1,1
40,109,2,10,17,50,2,2,0,0,14,6,0,12,2,1,1,1,4,30,2,2,2,2,0,0,5,2,0,0,17,52,17,58,18,24,0,0,0,0,1,3,0,400048,3550,2009,0,N MACARTHUR,99999999999999999999,0000000,35.554425,-97.62065,2,2
40,111,2,7,18,0,1,2,0,0,4,4,0,37,0,1,4,1,2,45,2,2,4,1,0,0,5,1,0,0,18,18,18,25,18,41,0,0,0,0,1,7,0,400049,0,2009,0,WEBSTER RD,99999999999999999999,0000000,35.69141389,-96.06880556,1,1
40,131,2,11,14,3,2,4,0,1,2,2,0,14,1,1,2,2,2,65,1,2,2,1,0,0,1,1,0,0,14,3,14,16,88,88,0,0,0,0,3,4,0,400050,0,2009,96,US-412,99999999999999999999,0000000,36.16987222,-95.56309444,1,1
40,115,1,26,14,34,2,2,0,1,1,1,0,12,3,1,1,3,2,75,1,1,2,4,0,0,1,3,0,0,15,0,15,20,88,88,0,0,0,0,1,2,0,400051,0,2009,12,I-44,99999999999999999999,0000000,36.70621389,-94.98000833,2,3
40,123,2,12,15,42,2,2,0,0,3,3,0,12,2,1,1,1,2,65,2,1,2,1,0,0,1,1,0,0,15,38,15,51,16,36,0,0,0,0,1,5,0,400052,0,2009,165,SR-1,99999999999999999999,0000000,35.88198056,-96.43703056,2,1
40,119,2,13,7,10,3,3,0,0,3,3,0,12,1,1,1,1,2,65,1,3,2,1,0,0,4,1,0,0,7,11,7,19,8,1,0,0,0,0,2,6,1,400053,0,2009,21,SR-33,99999999999999999999,0000000,35.98627222,-96.88645278,3,1
40,109,2,13,19,44,2,6,1,0,14,6,0,8,0,1,1,1,2,45,1,2,2,1,0,0,2,1,0,0,19,45,19,50,20,17,0,0,0,0,1,6,0,400054,3550,2009,0,N ROCKWELL,99999999999999999999,0000000,35.48351111,-97.63665833,2,1
40,133,2,14,2,5,1,2,0,0,4,3,0,38,0,1,4,1,2,65,2,2,2,1,0,0,2,1,0,0,2,0,2,7,2,39,0,0,0,0,1,7,1,400055,0,2009,1,SR-3E,99999999999999999999,0000000,35.32548889,-96.77590278,1,1
40,145,2,14,19,27,1,1,0,1,2,2,0,38,0,1,4,1,2,65,1,1,2,1,0,0,2,1,0,0,99,99,99,99,99,99,0,0,0,0,1,7,0,400056,0,2009,66,US-69,99999999999999999999,0000000,35.88793611,-95.40458611,1,1
40,83,2,17,15,24,1,2,0,1,1,1,0,42,0,1,4,2,2,70,1,1,2,1,0,0,1,1,0,0,15,29,15,37,16,12,0,0,0,0,1,3,0,400057,0,2009,98,I-35,99999999999999999999,0000000,35.86106944,-97.39408333,1,1
40,143,2,18,15,30,2,2,0,1,11,1,0,12,3,1,1,3,2,60,1,1,2,1,0,0,1,1,0,0,15,35,15,37,88,88,0,0,0,0,1,4,0,400058,4780,2009,38,I-44,99999999999999999999,0000000,36.089725,-95.97274167,2,1
40,109,2,19,2,8,1,1,0,0,16,6,0,38,0,1,4,1,2,55,2,2,2,1,0,0,2,1,0,0,2,12,2,27,88,88,0,0,0,0,1,5,1,400059,3550,2009,0,MEMORIAL RD,99999999999999999999,0000000,35.60971944,-97.26419444,1,1
40,143,2,19,4,18,1,1,0,0,19,6,0,38,0,1,4,1,2,45,2,1,2,1,0,0,2,1,0,0,4,20,4,45,5,15,0,0,0,0,1,5,0,400060,0,2009,0,GARNETT,99999999999999999999,0000000,36.34167778,-95.84850278,1,1
40,19,2,20,2,13,1,1,0,0,14,6,0,52,0,1,4,1,2,35,1,1,2,1,0,0,2,1,0,0,2,23,2,50,3,54,0,0,0,0,1,6,0,400061,210,2009,0,SPRINGDALE RD,99999999999999999999,0000000,34.15844444,-97.10982778,1,1
40,71,1,2,14,44,1,3,0,1,1,1,0,1,0,1,1,2,2,70,1,1,1,1,0,0,1,1,0,0,99,99,99,99,99,99,0,0,0,0,1,6,0,400062,0,2009,99999,I-35,99999999999999999999,0000000,,,1,1
40,47,2,22,12,48,2,2,0,0,16,6,0,12,4,2,1,1,2,30,1,1,2,1,20,3,1,1,0,0,12,47,12,52,13,17,0,0,0,0,1,1,0,400063,1550,2009,0,E WALNUT,20TH,0000000,36.4036,-97.84904444,2,1
40,11,2,22,17,45,1,1,0,0,4,4,0,1,0,1,4,1,2,55,2,2,2,1,0,0,1,1,0,0,17,50,18,3,88,88,0,0,0,0,1,1,1,400064,0,2009,0,8 MILE BLK TOP,99999999999999999999,0000000,35.89934167,-98.27896944,1,1
40,71,2,22,18,15,1,1,0,1,1,1,0,18,0,1,2,2,2,70,1,1,2,1,0,0,5,1,0,4,18,17,18,20,88,88,0,0,0,0,1,1,0,400065,0,2009,67,I-35,99999999999999999999,0000000,36.69078056,-97.34569444,1,1
40,133,2,26,19,31,3,8,0,0,4,3,0,12,1,3,1,1,2,65,1,2,2,1,0,0,2,1,0,0,19,27,19,30,99,99,0,0,0,0,1,5,1,400066,0,2009,48,SR-39,NS3540,0000000,34.94170833,-96.70539444,3,1
40,109,2,2,17,44,2,3,0,1,13,3,0,1,0,4,1,2,2,45,1,1,2,1,0,0,1,1,0,0,17,47,18,25,88,88,0,0,0,0,1,2,0,400067,3550,2009,25,SR-3,99999999999999999999,0000000,35.55638056,-97.63459722,2,1
40,143,2,10,15,24,1,1,0,0,6,4,0,42,0,1,4,1,2,25,1,1,2,1,0,0,1,1,0,0,15,8,15,21,88,88,0,0,0,0,1,3,1,400068,0,2009,0,181ST ST S,99999999999999999999,0000000,35.90142778,-95.79640278,1,1
40,15,2,27,0,28,1,1,0,0,4,2,0,24,0,1,2,1,2,65,2,2,2,1,0,0,2,1,0,0,0,35,0,42,88,88,0,0,0,0,1,6,1,400069,0,2009,65,US-277,99999999999999999999,0000000,34.91816944,-98.16988056,1,1
40,23,2,27,9,0,2,2,0,1,2,2,0,12,3,3,1,1,2,45,1,1,2,2,0,0,1,2,0,0,99,99,99,99,99,99,0,0,0,0,1,6,0,400070,1710,2009,126,US-70,W 2ND ST,0000000,34.01955,-95.26906111,2,2
40,79,2,28,2,0,1,1,0,0,4,3,0,34,0,1,4,1,2,55,2,2,2,1,0,0,2,1,0,0,99,98,99,98,88,88,0,0,0,0,1,7,1,400071,0,2009,34,SR-82,99999999999999999999,0000000,,,1,1
40,63,2,28,6,20,1,1,0,0,4,3,0,1,0,1,4,1,2,65,2,2,2,1,0,0,2,1,0,0,6,14,6,30,88,88,0,0,0,0,1,7,0,400072,0,2009,10,SR-9,99999999999999999999,0000000,35.22914444,-96.217575,1,1
40,71,3,1,7,55,1,1,0,1,1,1,0,57,0,1,3,3,2,70,1,1,2,1,0,0,4,1,0,0,7,58,8,9,88,88,0,0,0,0,1,1,0,400073,0,2009,222,I-35,99999999999999999999,0000000,36.91511111,-97.35138333,1,1
40,41,3,1,14,46,1,1,0,0,3,2,0,1,0,1,1,1,4,55,1,1,2,1,0,0,1,1,0,0,14,47,14,49,15,24,0,0,0,0,1,1,0,400074,2420,2009,32,US-59,99999999999999999999,0000000,36.43588889,-94.78232778,1,1
40,143,3,1,2,40,1,1,0,0,14,6,0,38,0,1,4,1,2,40,2,1,2,1,0,0,2,1,0,0,99,98,99,98,88,88,0,0,0,0,1,1,1,400075,590,2009,0,LYNN LANE,99999999999999999999,0000000,36.00890833,-95.77971111,1,1