STATE,COUNTY,MONTH,DAY,HOUR,MINUTE,VE_TOTAL,PERSONS,PEDS,NHS,ROAD_FNC,ROUTE,SP_JUR,HARM_EV,MAN_COLL,REL_JUNC,REL_ROAD,TRAF_FLO,NO_LANES,SP_LIMIT,ALIGNMNT,PROFILE,PAVE_TYP,SUR_COND,TRA_CONT,T_CONT_F,LGT_COND,WEATHER1,WEATHER2,WRK_ZONE,NOT_HOUR,NOT_MIN,ARR_HOUR,ARR_MIN,HOSP_HR,HOSP_MN,SCH_BUS,CF1,CF2,CF3,FATALS,DAY_WEEK,DRUNK_DR,ST_CASE,CITY,YEAR,MILEPT,TWAY_ID,TWAY_ID2,RAIL,LATITUDE,LONGITUD,VE_FORMS,WEATHER
40,63,3,2,9,46,3,3,0,0,3,2,0,60,0,1,2,1,2,65,2,2,2,1,0,0,1,1,0,0,9,48,10,8,10,42,0,14,0,0,1,2,0,400076,0,2009,67,US-270,99999999999999999999,0000000,34.90455,-96.10483611,3,1
40,101,3,2,19,36,1,1,0,0,5,4,0,1,0,3,4,1,2,45,1,1,4,1,0,0,2,1,0,0,19,41,19,49,88,88,0,0,0,0,1,2,1,400077,0,2009,0,NO NAME,NO NAME,0000000,35.46430556,-95.15132222,1,1
40,153,3,4,7,59,1,1,0,0,3,3,0,1,0,1,4,1,2,65,1,1,2,1,0,0,1,1,0,0,8,20,8,39,9,45,0,0,0,0,1,4,0,400078,0,2009,62,SR-34,99999999999999999999,0000000,36.24891111,-99.33271389,1,1
40,145,3,4,11,50,1,1,0,0,3,3,0,42,0,1,4,1,2,65,1,1,2,1,0,0,1,1,0,0,11,55,11,59,88,88,0,0,0,0,1,4,0,400079,0,2009,46,SR-51,99999999999999999999,0000000,35.93882222,-95.33042778,1,1
40,1,3,4,22,22,1,1,0,0,6,4,0,1,0,1,1,1,2,45,2,2,2,1,0,0,2,1,0,0,99,98,99,98,88,88,0,0,0,0,1,4,1,400080,0,2009,0,WAUHILLAU RD,99999999999999999999,0000000,35.885225,-94.76531944,1,1
40,137,3,5,2,48,1,1,0,0,6,4,0,38,0,1,4,1,2,55,1,4,2,1,0,0,2,1,0,0,2,51,3,9,88,88,0,0,0,0,1,5,1,400081,0,2009,0,9 MILE RD,99999999999999999999,0000000,34.622225,-98.12468889,1,1
40,79,3,8,3,51,1,1,0,0,6,4,0,26,0,1,4,1,2,45,2,1,2,1,0,0,2,1,0,0,99,98,99,98,88,88,0,0,0,0,1,1,1,400082,0,2009,0,RIDGE ROAD,99999999999999999999,0000000,34.99285,-94.65545833,1,1
40,117,3,8,17,50,1,1,0,0,6,4,0,18,0,1,4,1,2,35,2,1,2,1,40,3,1,1,0,0,17,58,18,2,18,37,0,0,0,0,1,1,1,400083,0,2009,0,OLD KEYSTONE RD,99999999999999999999,0000000,36.21098611,-96.26619722,1,1
40,119,3,8,21,0,1,2,0,0,6,6,0,34,0,1,6,1,2,45,1,2,5,1,0,0,2,1,0,0,0,1,1,23,1,54,0,18,0,0,1,1,1,400084,0,2009,0,56TH ST,99999999999999999999,0000000,36.05818889,-97.07296389,1,1
40,109,3,8,17,51,2,4,0,1,11,1,0,13,4,15,1,2,2,60,1,1,1,1,0,0,1,1,0,0,99,99,99,99,99,99,0,0,0,0,1,1,0,400085,3550,2009,48,I-240,99999999999999999999,0000000,35.39141667,-97.48940833,2,1
40,107,3,10,19,43,1,1,0,0,6,4,0,34,0,1,4,1,2,35,2,2,4,1,0,0,2,1,0,0,99,98,99,98,88,88,0,0,0,0,1,3,1,400086,0,2009,0,NO NAME,99999999999999999999,0000000,35.47873889,-96.52441944,1,1
40,125,3,8,17,32,2,5,0,0,3,2,0,12,1,1,1,1,2,65,1,2,2,1,0,0,1,1,0,0,17,26,17,46,18,16,0,0,0,0,1,1,0,400087,0,2009,94,US-177,99999999999999999999,0000000,35.10031944,-96.93194444,2,1
40,89,3,12,6,50,1,2,0,0,4,4,0,33,0,1,4,1,2,55,1,1,2,2,0,0,2,2,0,0,99,98,99,98,88,88,0,0,0,0,2,5,0,400088,0,2009,0,NO NAME,99999999999999999999,0000000,33.91021944,-94.65238889,1,2
40,109,3,14,0,56,1,1,0,0,13,6,0,3,0,1,5,1,2,40,1,1,2,1,0,0,3,1,0,0,0,59,1,3,88,88,0,0,0,0,1,7,1,400089,3170,2009,0,SE 29TH,99999999999999999999,0000000,35.43527222,-97.40343333,1,1
40,19,3,15,18,30,1,1,0,0,4,3,0,37,0,1,4,2,2,65,1,1,2,1,0,0,1,1,0,0,18,27,18,38,88,88,0,0,0,0,1,1,1,400090,0,2009,1,SR-76,99999999999999999999,0000000,34.34779444,-97.49258889,1,1
40,121,3,17,16,30,3,3,0,0,3,2,0,12,5,2,1,1,2,45,1,1,2,1,20,3,1,1,0,0,16,24,16,49,88,88,0,0,0,0,1,3,0,400091,0,2009,168,US-270,COLLINS,0000000,34.85361667,-95.53461111,3,1
40,151,3,14,4,15,1,1,0,0,4,4,0,53,0,1,4,1,2,55,1,1,2,1,0,0,3,1,0,0,7,40,7,50,88,88,0,0,0,0,1,7,1,400092,0,2009,0,CHOCTAW RD,99999999999999999999,0000000,36.56413056,-98.84285278,1,1
40,109,1,26,10,54,2,4,0,0,14,6,0,12,5,1,1,4,4,40,1,2,2,4,0,0,1,3,0,0,10,55,11,17,11,49,0,0,0,0,1,2,0,400093,1480,2009,0,KELLY AVE,99999999999999999999,0000000,35.65764444,-97.49615278,2,3
40,31,2,5,12,0,1,1,0,1,2,3,0,38,0,1,4,2,2,65,1,1,2,1,0,0,1,1,0,0,11,58,12,10,12,39,0,0,0,0,1,5,1,400094,0,2009,49,SR-7,99999999999999999999,0000000,34.59442778,-98.292875,1,1
40,137,2,20,21,22,1,3,0,0,6,4,0,42,0,1,4,1,2,55,2,2,2,1,0,0,2,1,0,0,21,22,21,33,99,99,0,0,0,0,1,6,0,400095,0,2009,0,NALLEY RD,99999999999999999999,0000000,34.40011111,-97.73746389,1,1
40,143,2,15,18,57,2,3,1,1,12,2,0,8,0,1,1,2,2,65,1,1,1,1,0,0,2,1,0,0,19,0,19,1,88,88,0,0,0,0,1,1,0,400096,3630,2009,93,US-169,99999999999999999999,0000000,36.27290278,-95.84792778,2,1
40,109,3,15,2,18,1,2,0,0,15,6,0,46,0,2,4,2,3,30,2,2,2,1,3,3,3,1,0,0,99,98,99,98,88,88,0,0,0,0,1,1,1,400097,3550,2009,0,E K GAYLORD,NW 3RD,0000000,35.47065,-97.51313611,1,1
40,11,3,16,8,10,2,2,0,1,2,2,0,12,4,2,1,1,2,65,1,1,1,1,20,3,1,5,0,0,8,20,8,30,88,88,0,0,0,0,1,2,0,400098,0,2009,33,US-270,SR-33,0000000,35.84136111,-98.58971389,2,5
40,109,2,28,2,3,1,2,1,1,11,1,0,8,0,1,1,2,3,60,1,1,1,1,0,0,3,1,0,0,99,98,99,98,88,88,0,0,0,0,1,7,0,400099,3550,2009,8,I-40,99999999999999999999,0000000,35.46028056,-97.65754167,1,1
40,21,3,18,19,49,2,2,0,0,13,3,0,12,4,1,1,1,4,55,1,2,2,1,0,0,2,1,0,0,99,99,99,99,88,88,0,0,0,0,1,4,0,400100,0,2009,15,SR-82,99999999999999999999,0000000,35.88852778,-94.97710833,2,1
40,81,3,19,7,30,1,1,0,0,4,3,0,38,0,1,4,1,2,65,1,2,2,2,0,0,1,2,0,0,7,33,7,40,88,88,0,0,0,0,1,5,1,400101,0,2009,93,SR-18,99999999999999999999,0000000,35.63637778,-96.88645556,1,2
40,103,3,19,17,24,2,2,0,0,6,4,0,12,5,2,1,1,2,45,1,1,4,4,0,0,1,1,0,1,17,32,17,46,18,1,0,0,0,0,1,5,0,400102,3060,2009,0,4TH ST,ANTELOPE ST,0000000,36.56101389,-97.15244167,2,1
40,37,3,19,19,40,2,3,0,0,4,4,0,12,4,2,1,1,2,45,1,2,2,1,20,3,1,1,0,0,19,44,20,4,88,88,0,0,0,0,1,5,1,400103,0,2009,0,101ST ST SOUTH,161ST W AVENUE,0000000,36.01751111,-96.17236944,2,1
40,133,3,21,7,19,1,1,0,1,2,2,0,1,0,1,4,1,2,65,2,1,2,9,0,0,2,9,0,0,7,21,7,29,88,88,0,0,0,0,1,7,1,400104,0,2009,22,US-377,99999999999999999999,0000000,35.27853333,-96.67062222,1,9
40,113,3,23,19,40,2,5,0,0,6,4,0,12,2,1,1,1,2,30,1,2,2,1,0,0,2,1,0,0,19,56,20,7,21,21,0,0,0,0,1,2,1,400105,0,2009,0,ANDERSON RD,99999999999999999999,0000000,36.17295,-96.21548056,2,1
40,49,3,24,6,4,1,1,0,0,4,2,0,1,0,1,4,1,2,65,1,1,2,1,0,0,2,1,0,0,6,0,6,13,88,88,0,0,0,0,1,3,0,400106,0,2009,132,US-77,99999999999999999999,0000000,34.76681667,-97.24998889,1,1
40,79,3,26,18,39,2,6,0,0,2,2,0,12,4,1,1,1,2,65,2,1,2,2,0,0,1,1,0,0,18,39,18,46,19,3,0,0,0,0,4,5,0,400107,0,2009,56,US-59,99999999999999999999,0000000,34.96494167,-94.6372,2,1
40,17,3,27,18,8,1,2,1,1,1,1,0,8,0,1,1,2,2,70,1,2,1,4,0,0,1,3,0,0,18,6,18,11,18,36,0,0,0,0,1,6,0,400108,0,2009,99999,I-40,99999999999999999999,0000000,35.50180278,-97.95534722,1,3
40,19,3,29,2,30,1,1,0,0,4,4,0,42,0,1,4,1,2,45,1,1,2,1,0,0,2,1,0,0,7,25,7,39,88,88,0,0,0,0,1,1,1,400109,0,2009,0,BLUE BELL RD,99999999999999999999,0000000,34.30416667,-97.18008056,1,1
40,63,3,31,1,51,1,1,0,0,6,4,0,38,0,1,4,1,2,35,1,3,5,1,0,0,2,1,0,0,1,55,2,19,88,88,0,0,0,0,1,3,0,400110,0,2009,0,NO NAME,99999999999999999999,0000000,34.927125,-96.19806389,1,1
40,43,3,31,14,25,2,2,0,0,4,4,0,12,2,1,1,1,2,55,1,3,2,1,0,0,1,1,0,0,14,36,14,50,88,88,0,0,0,0,2,3,0,400111,0,2009,3,LENORA BLACKTOP,99999999999999999999,0000000,36.04315833,-99.1896,2,1
40,121,3,31,19,5,2,4,0,0,13,2,0,12,5,2,1,2,2,50,1,1,2,1,20,3,1,1,0,0,18,17,18,33,19,55,0,0,0,0,1,3,0,400112,0,2009,99999,US-69B,US-69,0000000,34.89494167,-95.77838056,2,1
40,83,4,2,14,58,1,2,0,1,1,1,0,37,0,1,4,2,2,70,1,2,1,1,0,0,1,1,0,0,15,0,15,4,99,99,0,0,0,0,1,5,0,400113,0,2009,149,I-35,99999999999999999999,0000000,35.93244722,-97.37978056,1,1
40,15,4,4,2,50,1,3,0,0,4,4,0,1,0,1,4,2,2,45,2,1,2,1,0,0,2,1,0,0,3,6,3,14,99,99,0,0,0,0,2,7,1,400114,0,2009,3,NO NAME,99999999999999999999,0000000,35.47878889,-98.38579167,1,1
40,143,4,5,18,28,2,3,0,1,2,2,0,12,5,2,1,2,2,65,1,1,2,1,20,3,1,1,0,0,18,30,18,36,19,4,0,0,0,0,2,1,0,400115,0,2009,124,US-75,116TH ST N,0000000,36.32259444,-95.92437778,2,1
40,63,4,7,21,27,1,3,0,0,4,4,0,34,0,1,4,1,2,35,1,1,5,1,0,0,2,1,0,0,21,16,21,24,99,99,0,0,0,0,1,3,0,400116,0,2009,0,NO NAME,99999999999999999999,0000000,35.24621389,-96.22941944,1,1
40,59,4,10,99,99,1,2,0,0,3,3,0,37,0,3,4,1,2,65,1,1,2,1,20,3,9,1,0,0,9,47,10,9,10,54,0,0,0,0,2,6,0,400117,0,2009,184,SR-34,US-64,0000000,36.85229167,-99.30481944,1,1
40,11,4,11,16,46,1,1,0,0,4,4,0,1,0,3,1,1,2,45,2,2,2,1,0,0,1,1,0,0,16,53,17,6,88,88,0,0,0,0,1,7,0,400118,0,2009,0,NO NAME,NO NAME,0000000,35.62346667,-98.41951944,1,1
40,9,4,12,18,0,1,1,0,1,1,1,0,24,0,1,4,3,2,70,2,1,2,2,0,0,1,1,0,0,18,0,18,10,18,33,0,0,0,0,1,1,1,400119,0,2009,79,I-40,99999999999999999999,0000000,35.38553056,-99.50563333,1,1
40,71,4,13,15,50,4,6,0,0,3,3,0,12,1,2,1,1,2,65,1,1,2,1,0,0,1,1,0,0,99,98,99,98,88,88,0,14,0,0,1,2,0,400120,0,2009,110,SR-11,UNION RD,0000000,36.81175833,-97.08618056,4,1
40,145,4,14,17,57,2,4,0,1,2,2,0,12,5,2,1,2,2,65,1,1,2,1,20,3,1,1,0,0,18,1,18,8,18,41,0,0,0,0,1,3,1,400121,0,2009,79,US-69,NO NAME,0000000,36.06880556,-95.36613333,2,1
40,41,4,15,17,33,1,1,0,1,2,2,0,1,0,1,6,2,2,70,1,4,2,1,0,0,1,1,0,0,99,98,99,98,88,88,0,0,0,0,1,4,1,400122,5138,2009,99999,US-412,99999999999999999999,0000000,36.18056111,-94.66232222,1,1
40,143,1,31,15,20,1,1,0,0,16,6,0,32,0,1,4,1,2,25,1,1,2,1,0,0,1,1,0,0,14,55,14,56,15,51,0,0,0,0,1,7,0,400124,590,2009,0,E COLLEGE ST,99999999999999999999,0000000,36.05364444,-95.77679167,1,1
40,143,3,26,5,58,3,3,0,1,12,2,0,12,1,2,1,2,2,45,1,1,2,1,3,3,2,1,0,0,6,0,6,7,6,29,0,0,0,0,1,5,1,400125,2440,2009,99999,US-75,111TH ST,0000000,36.00307778,-96.01175278,3,1
40,91,4,16,17,19,1,1,0,0,4,2,0,43,0,5,4,6,2,45,1,2,1,1,0,0,1,1,0,0,99,98,99,98,88,88,0,0,0,0,1,5,1,400126,0,2009,99999,US-69B RAMP,99999999999999999999,0000000,,,1,1
40,17,4,16,7,40,1,2,0,1,2,2,0,34,0,1,4,1,2,65,2,3,2,1,0,0,1,1,0,0,7,45,7,56,99,99,0,0,0,0,1,5,0,400127,1820,2009,47,US-281,99999999999999999999,0000000,35.61343056,-98.30857778,1,1
40,143,4,17,13,4,1,1,0,0,3,3,0,27,0,1,4,3,2,45,2,2,2,1,0,0,1,1,0,0,12,51,12,55,88,88,0,0,0,0,1,6,0,400128,0,2009,96,SR-20,99999999999999999999,0000000,36.368775,-95.98986667,1,1
40,87,4,17,14,26,3,7,0,0,4,3,0,12,4,2,1,1,2,45,1,1,2,1,0,0,1,1,0,0,14,27,14,41,15,36,0,0,0,0,1,6,0,400129,3378,2009,36,SR-37,JUANITA DRIVE,0000000,35.29093333,-97.60646667,3,1
40,133,4,18,15,53,2,3,0,0,4,3,0,12,2,1,1,1,2,65,1,1,2,2,0,0,1,1,0,0,15,35,15,45,16,27,0,0,0,0,2,7,0,400130,0,2009,126,SR-9,99999999999999999999,0000000,35.23201944,-96.48579722,2,1
40,107,4,19,6,16,1,1,0,0,4,4,0,31,0,2,4,1,2,55,2,1,2,2,0,0,1,1,0,0,6,18,6,32,88,88,0,0,0,0,1,1,0,400131,0,2009,0,NO NAME,NO NAME,0000000,35.55261944,-96.56604722,1,1
40,39,4,23,16,7,1,2,0,1,11,1,0,27,0,1,4,2,2,70,1,1,2,1,0,0,1,1,0,0,16,10,16,11,99,99,0,0,0,0,2,5,0,400132,5080,2009,138,I-40,99999999999999999999,0000000,35.53390556,-98.68111111,1,1
40,119,4,25,2,35,1,3,0,0,6,4,0,37,0,1,4,1,2,45,2,2,4,1,0,0,2,1,0,0,2,32,2,40,99,99,0,0,0,0,1,7,1,400133,0,2009,0,44TH,99999999999999999999,0000000,36.07324444,-97.15175556,1,1
40,79,4,26,16,10,1,1,0,0,6,4,0,34,0,1,4,1,2,45,2,1,5,5,0,0,1,1,0,0,99,99,99,99,99,99,0,0,0,0,1,1,0,400134,0,2009,0,BLACKFORK DRIVE,99999999999999999999,0000000,34.78944722,-94.53546667,1,1
40,109,4,27,20,0,1,1,0,1,11,1,0,1,0,15,2,3,2,60,2,1,1,1,0,0,1,1,0,0,20,1,20,9,88,88,0,0,0,0,1,2,1,400135,3550,2009,37,I-44,99999999999999999999,0000000,35.51168889,-97.57464444,1,1
40,17,4,28,2,46,1,4,0,0,4,2,0,27,0,1,4,1,2,55,2,1,2,1,0,0,2,1,0,0,2,40,2,52,88,88,0,0,0,0,1,3,1,400136,720,2009,106,US-270,99999999999999999999,0000000,35.60490556,-98.12580556,1,1
40,91,4,28,14,15,2,3,0,1,2,2,0,12,2,15,2,2,2,70,1,1,2,1,0,0,1,1,0,0,14,19,14,22,15,39,0,0,0,0,2,3,0,400137,0,2009,153,US-69,99999999999999999999,0000000,35.45724444,-95.54491944,2,1
40,109,4,30,15,56,2,2,0,1,11,1,0,12,4,13,1,1,2,45,1,1,1,1,20,3,1,1,0,0,15,59,16,14,16,46,0,0,0,0,1,5,0,400138,3550,2009,159,I-40 RAMP,99999999999999999999,0000000,35.38438889,-97.21783056,2,1
40,135,4,30,17,5,1,2,0,1,1,1,0,34,0,1,3,3,2,70,1,2,1,2,0,0,1,2,0,0,17,16,17,27,17,57,0,0,0,0,1,5,0,400139,0,2009,101,I-40,99999999999999999999,0000000,35.39364167,-94.6487,1,2
40,99,4,22,12,21,1,1,0,0,6,4,0,42,0,1,4,1,2,45,2,1,2,1,0,0,1,1,0,0,12,22,12,34,13,14,0,0,0,0,1,4,0,400140,0,2009,0,HEALEY RANCH RD,99999999999999999999,0000000,34.42352778,-97.08211389,1,1
40,123,4,30,20,15,1,1,0,0,4,4,0,11,0,1,1,1,2,45,1,1,2,1,0,0,1,1,0,0,20,18,20,35,88,88,0,0,0,0,1,5,1,400141,0,2009,0,NO NAME,99999999999999999999,0000000,34.62360278,-96.71848333,1,1
40,109,5,3,13,29,2,4,0,0,13,6,0,12,5,2,1,1,4,40,1,1,2,1,0,0,1,1,0,0,99,99,99,99,99,99,0,0,0,0,1,1,0,400142,3550,2009,0,MAY AVE,SW 51ST ST,0000000,35.41381667,-97.56555556,2,1
40,79,5,4,8,20,1,1,0,0,2,2,0,38,0,1,4,1,2,65,1,1,2,1,0,0,1,1,0,0,99,99,99,99,99,99,0,0,0,0,1,2,0,400143,0,2009,32,US-59,99999999999999999999,0000000,35.24351667,-94.74163056,1,1
40,101,5,9,0,25,1,1,0,0,4,3,0,42,0,1,4,1,2,55,2,1,2,1,0,0,2,1,0,0,0,34,0,47,88,88,0,0,0,0,1,7,0,400144,0,2009,143,SR-10,99999999999999999999,0000000,35.722825,-95.20374167,1,1
40,77,5,9,20,55,2,8,0,0,3,2,0,12,1,3,1,1,2,65,2,1,2,1,0,0,2,1,0,0,99,99,99,99,99,99,0,0,0,0,1,7,0,400145,0,2009,59,US-270,FAZEKAS LANE,0000000,34.91063889,-95.42355556,2,1
40,105,5,9,20,33,2,6,0,1,2,2,0,12,2,1,1,1,2,65,1,1,2,2,0,0,5,1,0,0,99,99,99,99,99,99,0,0,0,0,3,7,0,400146,0,2009,69,US-169,99999999999999999999,0000000,36.80053056,-95.6295,2,1
40,109,5,11,21,37,1,2,1,0,13,6,0,8,0,2,1,1,4,40,1,1,2,1,2,3,3,1,0,0,99,99,99,99,99,99,0,0,0,0,1,2,1,400147,3550,2009,0,SW 44TH,S WESTERN,0000000,35.42088056,-97.53044167,1,1
40,17,5,12,6,40,2,2,0,1,12,3,0,12,1,3,1,1,4,65,1,2,2,2,3,3,4,2,0,0,99,99,99,99,99,99,0,0,0,0,1,3,0,400148,3550,2009,162,SR-3,SR-4,0000000,35.60483611,-97.745575,2,2
40,31,5,12,20,54,1,1,0,1,11,1,0,23,0,1,4,3,2,55,2,2,1,1,0,0,3,1,0,0,99,98,99,98,88,88,0,0,0,0,1,3,0,400149,2750,2009,83,I-44,99999999999999999999,0000000,34.61640833,-98.38411111,1,1
40,31,5,18,1,26,1,1,0,1,11,1,0,21,0,15,4,2,2,65,2,1,1,1,0,0,2,1,0,0,1,35,1,39,88,88,0,0,0,0,1,2,0,400150,2750,2009,74,I-44,99999999999999999999,0000000,34.605,-98.37669722,1,1
40,139,2,10,21,16,2,3,0,0,14,6,1,12,5,2,1,1,2,35,1,1,2,1,0,0,3,1,0,0,99,99,99,99,99,99,0,0,0,0,1,3,0,400151,2010,2009,0,SUNSET LANE,NW 10TH,0000000,36.68800278,-101.4922139,2,1
40,83,2,28,19,0,1,3,1,0,14,2,0,8,0,2,1,1,2,35,1,1,1,1,0,0,3,1,0,0,99,99,99,99,99,99,0,0,0,0,1,7,0,400152,2000,2009,4,US-77,JEFFERSON,0000000,35.88640833,-97.42405278,1,1
40,123,3,9,11,22,1,2,0,1,13,2,0,30,0,1,4,1,4,40,2,2,2,1,0,0,1,1,0,0,11,25,11,30,11,52,0,0,0,0,1,2,0,400153,20,2009,14,US-377,99999999999999999999,0000000,34.76234167,-96.6642,1,1
40,19,3,24,16,33,1,2,1,0,15,6,0,9,0,4,1,4,1,25,1,1,2,1,0,0,1,1,0,0,99,99,99,99,99,99,0,0,0,0,1,3,0,400154,210,2009,0,B ST SW,99999999999999999999,0000000,34.17091389,-97.13123333,1,1
40,123,4,26,9,49,2,5,0,0,3,3,0,12,4,4,1,1,4,65,1,1,2,1,0,0,1,1,0,0,9,46,9,48,10,11,0,0,0,0,1,1,0,400156,0,2009,33,SR-1,99999999999999999999,0000000,34.78201667,-96.61265278,2,1
40,27,5,2,16,30,1,3,1,0,14,6,0,8,0,2,1,1,4,40,1,1,2,1,0,0,1,1,0,0,16,42,16,43,17,4,0,0,0,0,1,7,0,400157,3220,2009,0,SW 19TH,WESTMOORE,0000000,35.32002778,-97.52014167,1,1
40,109,5,7,19,31,1,3,0,1,11,1,0,1,0,1,3,2,2,60,1,1,2,1,0,0,1,1,0,0,19,33,19,44,20,28,0,0,0,0,1,5,0,400158,3550,2009,99999,I-240,99999999999999999999,0000000,35.39492778,-97.33122778,1,1
40,109,5,9,18,40,2,4,0,0,13,6,0,12,4,4,1,2,3,45,1,2,2,1,20,3,1,1,0,0,18,43,18,46,19,27,0,0,0,0,1,7,0,400159,3550,2009,0,S SHIELDS AVE,99999999999999999999,0000000,35.39323056,-97.50715833,2,1
40,123,5,12,11,14,1,1,0,0,4,4,0,52,0,1,4,1,2,45,1,2,2,2,0,0,1,1,0,0,10,22,10,30,88,88,0,0,0,0,1,3,0,400160,0,2009,0,NO NAME,99999999999999999999,0000000,34.74542222,-96.79298333,1,1
40,51,5,13,17,53,2,2,0,0,13,6,0,12,5,2,1,1,4,40,1,1,2,1,20,3,1,1,0,0,99,99,99,99,99,99,0,0,0,0,1,4,0,400161,960,2009,0,WEST GRAND AVE,SOUTH 20TH STREET,0000000,35.02971389,-97.95899444,2,1
40,131,5,14,18,53,2,2,0,0,6,4,1,12,4,4,1,1,2,45,1,3,2,1,0,0,1,1,0,0,18,58,19,10,88,88,0,0,0,0,1,5,0,400162,0,2009,0,NO NAME,99999999999999999999,0000000,36.32231667,-95.47788611,2,1
40,131,5,17,3,32,2,2,0,0,3,3,0,12,2,1,1,2,2,55,1,2,1,1,0,0,2,1,0,0,3,47,4,9,4,59,0,0,0,0,2,1,1,400163,0,2009,30,SR-20,99999999999999999999,0000000,36.30758611,-95.56886667,2,1
40,151,5,18,4,50,1,1,0,0,3,2,0,37,0,1,4,1,2,65,1,1,2,1,0,0,2,1,0,0,99,98,99,98,88,88,0,0,0,0,1,2,0,400164,0,2009,41,US-64,99999999999999999999,0000000,36.79883889,-98.81034722,1,1
40,115,5,19,16,26,2,2,0,0,6,4,0,12,1,1,1,1,2,45,1,2,2,1,0,0,1,1,0,0,16,33,16,51,17,11,0,0,0,0,1,3,0,400165,0,2009,0,NO NAME,99999999999999999999,0000000,36.89005556,-94.72171667,2,1
40,109,5,23,12,32,2,2,0,0,13,3,0,12,5,2,1,1,4,55,1,1,2,1,20,3,1,1,0,0,12,33,12,40,13,14,0,0,0,0,1,7,0,400166,3550,2009,99999,SR-152,SW59TH STREET,0000000,35.4064,-97.64099167,2,1
40,107,5,23,20,44,1,4,0,0,4,2,0,1,0,1,4,1,2,65,1,2,1,1,0,0,2,1,0,0,99,99,99,99,99,99,0,0,0,0,2,7,1,400167,0,2009,14,US-62,99999999999999999999,0000000,35.503025,-96.601925,1,1
40,119,5,24,15,30,2,4,0,1,1,1,0,12,5,13,1,6,1,70,1,2,2,1,20,3,1,1,0,0,15,34,15,47,88,88,0,0,0,0,1,1,1,400168,0,2009,89,I-35 RAMP,99999999999999999999,0000000,36.11589722,-97.34719167,2,1
40,51,3,9,7,4,2,3,0,0,3,2,1,12,2,1,1,1,2,65,1,1,2,1,0,0,2,1,0,0,99,99,99,99,99,99,0,0,0,0,1,2,0,400170,0,2009,136,US-62,99999999999999999999,0000000,35.04440278,-97.85745556,2,1
40,109,3,8,14,29,3,4,0,1,11,1,0,12,1,15,1,3,2,65,1,1,1,1,0,0,1,1,0,0,99,99,99,99,99,99,0,0,0,0,1,1,0,400171,3550,2009,76,I-240,99999999999999999999,0000000,35.3915,-97.44332222,3,1
40,31,3,12,15,50,2,3,0,0,4,4,0,12,5,2,1,1,2,55,1,1,4,1,20,3,1,1,0,0,15,46,16,6,16,38,0,0,0,0,1,5,0,400172,0,2009,0,LOGUE CHAPEL,HURST RD,0000000,34.45037778,-98.50496389,2,1
40,31,3,11,21,15,1,4,0,0,6,4,0,1,0,1,4,1,2,55,1,1,4,1,0,0,2,1,0,0,99,99,99,99,99,99,0,0,0,0,1,4,0,400173,0,2009,0,TIMMY ROAD,99999999999999999999,0000000,34.52268056,-98.44471111,1,1
40,143,1,9,18,8,4,4,0,0,14,6,0,12,4,4,1,1,4,40,1,1,2,1,0,0,2,1,0,0,18,9,18,15,18,28,0,14,0,0,1,6,1,400174,4780,2009,0,S PEORIA AV,E 49TH ST,0000000,36.09280556,-95.97591944,4,1
40,143,2,1,22,0,1,2,0,0,14,6,0,30,0,1,4,1,2,45,2,1,2,1,0,0,2,1,0,0,22,9,22,15,88,88,0,0,0,0,2,1,1,400175,4780,2009,0,E 36TH S. N.,99999999999999999999,0000000,36.20619167,-95.92103056,1,1
40,143,2,17,12,27,1,1,0,1,11,1,0,1,0,15,1,1,2,95,2,2,1,1,0,0,1,1,0,0,12,25,12,27,12,43,0,0,0,0,1,3,0,400176,4780,2009,320,I-44,99999999999999999999,0000000,36.08829722,-96.01020833,1,1
40,143,2,23,22,38,1,2,1,0,14,6,0,8,0,1,1,1,4,40,1,2,2,1,0,0,2,1,0,0,22,36,22,40,22,54,0,0,0,0,1,2,0,400177,4780,2009,0,W EDISON ST,99999999999999999999,0000000,36.16135278,-96.01673056,1,1
40,143,2,24,19,45,1,2,0,0,16,6,0,42,0,3,4,1,2,25,1,1,2,1,20,3,2,1,0,0,19,46,19,56,20,27,0,0,0,0,1,3,1,400178,4780,2009,0,E VIRGIN ST,N KINGSTON PL,0000000,36.18440833,-95.90965833,1,1
40,141,3,15,1,50,1,1,0,0,4,2,0,43,0,1,4,1,2,65,2,1,2,1,0,0,2,1,0,0,2,8,2,15,88,88,0,0,0,0,1,1,1,400179,0,2009,215,US-70,99999999999999999999,0000000,34.232525,-98.76691944,1,1
40,37,3,16,13,12,2,2,0,0,6,4,0,12,4,2,1,1,2,40,1,2,2,1,0,0,1,1,0,0,99,98,99,98,88,88,0,0,0,0,1,2,0,400180,0,2009,0,W 61ST ST S,43RD W AVE,0000000,36.07518611,-96.04145,2,1
40,5,3,24,7,35,1,2,0,0,4,4,0,42,0,1,4,1,2,45,1,3,2,1,0,0,4,1,0,0,7,43,7,54,88,88,0,0,0,0,2,3,1,400181,0,2009,0,BENTLY,99999999999999999999,0000000,34.26785556,-96.076125,1,1
40,111,3,27,9,16,1,1,0,1,1,1,0,42,0,1,4,2,2,70,1,1,1,2,0,0,1,2,0,0,9,14,9,21,9,43,0,0,0,0,1,6,0,400182,0,2009,99999,I-40,99999999999999999999,0000000,35.4327,-95.93845278,1,2