STATE,COUNTY,MONTH,DAY,HOUR,MINUTE,VE_TOTAL,PERSONS,PEDS,NHS,ROAD_FNC,ROUTE,SP_JUR,HARM_EV,MAN_COLL,REL_JUNC,REL_ROAD,TRAF_FLO,NO_LANES,SP_LIMIT,ALIGNMNT,PROFILE,PAVE_TYP,SUR_COND,TRA_CONT,T_CONT_F,LGT_COND,WEATHER1,WEATHER2,WRK_ZONE,NOT_HOUR,NOT_MIN,ARR_HOUR,ARR_MIN,HOSP_HR,HOSP_MN,SCH_BUS,CF1,CF2,CF3,FATALS,DAY_WEEK,DRUNK_DR,ST_CASE,CITY,YEAR,MILEPT,TWAY_ID,TWAY_ID2,RAIL,LATITUDE,LONGITUD,VE_FORMS,WEATHER
40,67,3,27,9,49,2,6,0,1,2,2,0,12,4,1,2,1,2,65,1,1,2,2,0,0,1,2,0,0,9,47,9,52,10,35,0,0,0,0,1,6,0,400183,0,2009,178,US-81,99999999999999999999,0000000,34.12544722,-97.965775,2,2
40,125,3,27,10,3,2,2,0,0,3,3,0,12,2,1,2,1,2,65,2,2,2,2,0,0,1,2,0,0,10,4,10,10,10,46,0,0,0,0,1,6,0,400184,0,2009,46,SR-9,99999999999999999999,0000000,35.25928611,-96.85813056,2,2
40,29,3,28,8,38,1,1,0,0,4,4,0,42,0,1,4,1,2,45,1,1,2,1,0,0,4,1,0,0,99,98,99,98,88,88,0,0,0,0,1,7,1,400185,0,2009,0,BOLING SPRINGS,99999999999999999999,0000000,34.72101389,-96.35593333,1,1
40,115,3,28,23,22,1,1,0,0,3,2,0,42,0,1,4,1,2,65,2,1,2,2,0,0,2,1,0,0,23,19,23,29,88,88,0,0,0,0,1,7,1,400186,0,2009,145,US-69,99999999999999999999,0000000,36.82446944,-94.92492222,1,1
40,143,3,30,1,29,1,1,0,0,14,3,0,27,0,1,4,2,2,55,1,1,2,1,0,0,2,1,0,0,99,98,99,98,88,88,0,0,0,0,1,2,0,400187,4170,2009,94,SR-51,99999999999999999999,0000000,36.12296944,-96.12685278,1,1
40,13,4,11,21,12,1,2,1,1,2,2,0,8,0,1,1,3,2,55,1,1,2,1,0,0,3,1,0,0,99,98,99,98,88,88,0,0,0,0,1,7,0,400188,710,2009,54,US-69,99999999999999999999,0000000,33.92854722,-96.43215278,1,1
40,121,4,16,18,36,1,3,2,0,14,6,0,8,0,3,1,1,2,30,1,2,1,1,0,0,1,1,0,0,18,40,18,45,18,53,0,0,0,0,1,5,0,400189,2930,2009,0,A STREET,TYLER AVE,0000000,34.94323889,-95.76891667,1,1
40,35,3,20,6,43,2,2,0,1,1,1,0,12,3,1,1,3,2,75,1,1,2,1,0,0,2,1,0,0,6,46,6,53,8,8,0,0,0,0,1,6,0,400190,0,2009,57,I-44,99999999999999999999,0000000,36.59568333,-95.19498889,2,1
40,121,5,1,10,25,2,2,0,0,4,3,0,12,4,1,1,1,2,65,2,1,2,1,0,0,1,1,0,0,10,24,10,33,11,46,0,0,0,0,1,6,0,400191,0,2009,69,SR-31,99999999999999999999,0000000,34.965425,-95.62535,2,1
40,119,5,2,18,25,2,3,2,0,16,6,0,14,2,4,5,1,2,25,1,1,1,2,0,0,1,2,0,0,18,22,18,26,18,51,0,0,0,0,1,7,0,400192,4460,2009,0,BRIARWOOD ST,99999999999999999999,0000000,36.13993611,-97.04363056,1,2
40,109,4,4,2,22,2,2,0,1,12,8,0,12,2,1,1,2,2,70,1,2,2,1,0,0,2,1,0,0,99,98,99,98,88,88,0,0,0,0,2,7,1,400193,3550,2009,98,JOHN KILPATRICK TURN,99999999999999999999,0000000,35.59287222,-97.60095833,2,1
40,111,4,14,6,54,2,2,0,1,2,2,0,13,2,1,1,2,2,65,1,1,2,1,0,0,1,1,0,0,99,99,99,99,99,99,0,0,0,0,1,3,0,400194,0,2009,51,US-75,99999999999999999999,0000000,35.49820278,-95.95536111,2,1
40,111,4,28,15,14,1,4,0,1,2,2,0,1,0,1,4,2,2,65,1,2,2,1,0,0,1,1,0,0,99,99,99,99,99,99,0,0,0,0,1,3,0,400195,0,2009,128,US-75,99999999999999999999,0000000,35.78168333,-96.01535833,1,1
40,127,5,6,12,0,2,4,0,1,2,3,0,12,1,1,1,1,2,65,1,1,2,1,0,0,1,1,0,0,12,8,12,31,13,14,0,0,0,0,3,4,0,400196,0,2009,237,SR-3,99999999999999999999,0000000,34.18600278,-95.21387778,2,1
40,147,5,7,6,55,2,4,0,1,2,2,0,12,4,2,1,2,2,70,1,4,1,2,20,3,4,5,0,0,7,1,7,13,7,45,1,0,0,0,1,5,0,400197,0,2009,9,US-75,NO NAME,0000000,36.43663889,-95.92036667,2,5
40,33,4,29,7,7,2,2,0,1,1,1,0,12,4,1,1,2,2,75,1,1,1,2,0,0,4,2,0,0,7,5,7,26,88,88,0,0,0,0,1,4,0,400198,0,2009,90,I-44,99999999999999999999,0000000,34.28439444,-98.42720833,2,2
40,41,4,30,2,27,1,2,0,0,4,3,0,32,0,1,4,1,2,55,2,1,2,1,0,0,2,1,0,0,2,15,2,36,4,14,0,0,0,0,1,5,1,400199,0,2009,28,SR-125,99999999999999999999,0000000,36.59759167,-94.8745,1,1
40,115,4,7,19,25,1,1,0,0,6,4,0,38,0,1,4,1,2,45,1,1,4,1,0,0,1,1,0,0,19,28,19,41,88,88,0,0,0,0,1,3,1,400200,0,2009,0,NO NAME,99999999999999999999,0000000,36.71721389,-94.89140556,1,1
40,55,4,24,19,37,1,5,0,0,4,2,0,43,0,1,4,1,2,65,2,2,2,1,0,0,1,1,0,0,99,99,99,99,99,99,0,0,0,0,1,6,0,400201,0,2009,116,US-283,99999999999999999999,0000000,34.86044444,-99.47884722,1,1
40,125,4,10,22,46,1,1,0,0,3,3,0,53,0,1,4,1,2,65,1,2,2,1,0,0,2,1,0,0,99,98,99,98,88,88,0,0,0,0,1,6,1,400202,0,2009,5,SR-39,99999999999999999999,0000000,35.01488333,-97.133175,1,1
40,89,4,23,6,8,2,2,0,1,2,2,0,12,4,1,1,1,2,65,1,1,2,1,0,0,4,1,0,0,99,98,99,98,88,88,0,0,0,0,1,5,0,400203,0,2009,7,US-259,99999999999999999999,0000000,33.69620833,-94.69450833,2,1
40,111,3,30,23,30,1,3,1,0,3,3,0,8,0,4,1,1,2,65,1,1,2,2,0,0,2,2,0,0,99,99,99,99,99,99,0,0,0,0,1,2,0,400204,0,2009,80,SR-16,99999999999999999999,0000000,35.7408,-95.86429722,1,2
40,37,4,14,18,57,1,2,0,0,14,4,0,34,0,1,4,1,2,35,1,2,2,1,0,0,1,1,0,0,19,0,19,5,88,88,0,0,0,0,1,3,0,400205,0,2009,0,81ST ST S,99999999999999999999,0000000,36.04666944,-96.14358889,1,1
40,65,4,24,5,55,2,6,0,1,2,2,0,12,5,2,1,1,2,65,1,1,2,1,20,3,2,1,0,0,5,3,5,20,99,99,0,0,0,0,4,6,0,400206,0,2009,135,US-62,NO NAME,0000000,34.63843333,-99.43914444,2,1
40,137,4,27,20,11,1,2,1,0,14,6,0,9,0,2,1,1,4,30,1,1,1,1,0,0,1,1,0,0,99,99,99,99,99,99,0,0,0,0,1,2,0,400207,1420,2009,0,CHISHOLM TRAIL PKWY,CLAYTON STREET,0000000,34.51215278,-97.98452778,1,1
40,27,1,10,1,28,1,2,0,0,3,3,0,42,0,1,4,1,2,65,2,1,2,1,0,0,2,1,0,0,99,99,99,99,99,99,0,0,0,0,1,7,1,400208,3430,2009,141,SR-9,99999999999999999999,0000000,35.23214167,-97.20507778,1,1
40,125,4,8,13,29,1,1,0,0,6,4,0,38,0,1,4,1,2,45,1,2,1,9,0,0,1,9,0,0,99,98,99,98,88,88,0,0,0,0,1,4,0,400209,0,2009,0,OLD HIGHWAY 18,99999999999999999999,0000000,34.98011667,-96.92439167,1,9
40,7,5,4,20,23,1,1,0,0,3,2,0,38,0,1,4,1,3,65,1,2,2,1,0,0,5,1,0,0,99,98,99,98,88,88,0,0,0,0,1,2,0,400210,0,2009,174,US-83,99999999999999999999,0000000,36.74108333,-100.8321167,1,1
40,109,5,10,19,28,1,3,0,1,11,1,0,1,0,1,2,3,4,60,1,1,1,2,0,0,1,2,0,0,19,30,19,35,19,51,0,0,0,0,1,1,0,400211,3550,2009,52,I-35,99999999999999999999,0000000,35.45211389,-97.48847222,1,2
40,47,5,12,21,55,2,2,0,0,4,3,0,12,2,1,1,1,2,65,1,1,2,1,0,0,2,5,0,0,99,99,99,99,99,99,0,0,0,0,1,3,0,400212,0,2009,110,SR-132,99999999999999999999,0000000,36.32469167,-98.03292222,2,5
40,101,5,13,2,56,3,4,0,1,1,1,0,12,1,1,1,2,2,70,1,1,1,1,0,0,2,1,0,0,3,0,3,11,88,88,0,0,0,0,1,4,0,400213,0,2009,141,I-40,99999999999999999999,0000000,35.48553611,-95.10040556,3,1
40,17,5,13,10,27,2,3,1,1,11,1,0,14,3,1,2,3,2,70,1,1,2,1,0,0,1,1,0,0,10,32,10,43,88,88,0,0,0,0,1,4,0,400214,3550,2009,340,I-40,99999999999999999999,0000000,35.46926111,-97.72716389,1,1
40,143,4,15,17,27,1,1,0,0,4,4,0,42,0,1,4,1,2,40,1,1,2,1,0,0,1,1,0,0,99,98,99,98,88,88,0,0,0,0,1,4,1,400215,0,2009,0,COYOTE TRAIL,99999999999999999999,0000000,36.10223889,-96.20830556,1,1
40,143,1,23,21,57,1,3,0,0,14,6,0,33,0,1,4,1,4,40,1,2,2,1,3,3,9,1,0,0,99,99,99,99,99,99,0,0,0,0,1,6,1,400216,4780,2009,0,E 31ST ST,99999999999999999999,0000000,36.11915556,-95.91759722,1,1
40,143,3,5,6,18,3,3,0,1,12,3,0,12,11,13,1,6,1,65,1,1,1,1,0,0,2,1,0,0,99,99,99,99,99,99,0,0,0,0,1,5,0,400217,4780,2009,99999,SR-51,US-169 RAMP,0000000,36.09766111,-95.85708611,3,1
40,143,3,17,1,40,2,2,0,1,13,2,0,12,2,1,1,3,2,65,1,2,1,1,0,0,2,1,0,0,99,98,99,98,88,88,0,0,0,0,1,3,1,400218,4780,2009,77,US-75,99999999999999999999,0000000,36.05673333,-96.006775,2,1
40,17,5,13,11,58,3,3,0,1,11,1,0,12,1,1,1,2,3,65,1,1,2,1,0,0,1,1,0,0,12,3,12,10,12,55,0,0,0,0,1,4,1,400219,3550,2009,366,I-40,99999999999999999999,0000000,35.460125,-97.68499444,3,1
40,109,5,14,5,12,1,1,0,1,11,1,0,20,0,1,3,3,2,70,1,1,2,1,0,0,2,1,0,0,5,16,5,24,88,88,0,0,0,0,1,5,0,400220,3550,2009,74,I-40,99999999999999999999,0000000,35.42710556,-97.35397222,1,1
40,5,5,14,1,30,1,2,0,0,4,4,0,34,0,1,4,1,2,45,2,2,2,1,0,0,2,1,0,0,2,41,3,13,88,88,0,0,0,0,2,5,1,400221,0,2009,0,CENTERPOINT RD,99999999999999999999,0000000,34.16824722,-95.81415556,1,1
40,109,5,15,15,42,1,1,0,0,13,6,0,27,0,15,4,3,4,30,1,2,1,1,0,0,1,1,0,0,15,44,15,50,16,3,0,0,0,0,1,6,0,400222,3550,2009,0,LINCOLN BLVD,NE 23RD,0000000,35.49352222,-97.50117222,1,1
40,29,5,16,0,30,1,2,0,0,6,4,0,42,0,3,4,1,2,45,1,1,5,9,0,0,2,1,0,0,99,99,99,99,99,99,0,0,0,0,1,7,1,400223,0,2009,0,NO NAME,OLD HWY 3,0000000,34.65228611,-96.496275,1,1
40,27,5,17,13,34,3,4,0,0,4,3,0,12,4,1,1,1,2,60,1,1,2,1,0,0,1,1,0,0,13,39,13,44,14,25,0,0,0,0,1,1,0,400224,0,2009,77,SR-77,99999999999999999999,0000000,35.10145278,-97.36044444,3,1
40,65,1,9,23,36,2,1,0,0,13,2,0,14,4,1,5,1,4,99,1,1,1,1,0,0,3,1,0,0,19,7,19,9,88,88,0,0,0,0,1,6,1,400225,120,2009,0,US-283,99999999999999999999,0000000,34.65786944,-99.33393611,1,1
40,15,5,17,18,12,1,3,0,0,3,3,0,1,0,1,4,1,2,65,1,1,2,1,0,0,1,1,0,0,99,99,99,99,99,99,0,0,0,0,1,1,0,400226,0,2009,63,SR-9,99999999999999999999,0000000,35.11747222,-98.52485278,1,1
40,89,5,20,18,5,2,2,0,0,4,4,0,12,99,1,4,1,2,55,2,2,2,1,0,0,1,1,0,0,18,10,18,33,19,5,0,0,0,0,1,4,1,400227,0,2009,0,OLD HWY 98,99999999999999999999,0000000,34.04952222,-95.0522,2,1
40,17,5,21,17,7,3,5,0,0,13,6,0,12,5,2,1,2,2,45,1,1,1,1,3,3,1,1,0,0,17,9,17,16,17,42,0,0,0,0,1,5,1,400228,3550,2009,0,MORGAN RD,RENO AV,0000000,35.46451389,-97.68905556,3,1
40,21,5,22,14,24,2,3,0,0,6,4,0,12,2,1,1,1,2,45,1,2,2,1,0,0,1,1,0,0,99,99,99,99,99,99,0,0,0,0,1,6,0,400229,0,2009,0,PARK HILL,99999999999999999999,0000000,35.86644722,-94.96744722,2,1
40,109,5,22,6,28,2,2,0,0,4,3,0,12,2,1,1,1,2,55,1,1,2,1,0,0,4,1,0,0,6,30,6,37,7,6,0,0,0,0,1,6,0,400230,3550,2009,92,SR-74,99999999999999999999,0000000,35.63694444,-97.58499722,2,1
40,153,5,23,11,15,1,1,0,1,2,3,0,23,0,1,2,1,2,65,1,1,2,1,0,0,1,1,0,0,99,99,99,99,99,99,0,0,0,0,1,7,0,400231,0,2009,21,SR-15,99999999999999999999,0000000,36.39934722,-99.57393333,1,1
40,21,5,23,16,34,1,1,0,0,9,4,0,42,0,1,4,1,2,45,1,1,4,1,0,0,1,1,0,0,99,98,99,98,88,88,0,0,0,0,1,7,1,400232,0,2009,0,NO NAME,99999999999999999999,0000000,35.93406389,-95.14329444,1,1
40,109,5,24,3,42,1,1,0,1,11,1,0,25,0,1,10,3,2,60,2,2,1,1,0,0,2,1,0,0,3,44,3,50,88,88,0,0,0,0,1,1,1,400233,3550,2009,45,I-235,99999999999999999999,0000000,35.51781111,-97.51713889,1,1
40,135,5,24,1,8,1,1,0,1,1,1,0,52,0,1,4,2,2,70,1,1,1,1,0,0,2,1,0,0,1,5,1,17,2,11,0,0,0,0,1,1,0,400234,0,2009,99,I-40,99999999999999999999,0000000,35.46729444,-94.93642778,1,1
40,79,5,25,21,24,1,2,1,1,2,2,0,8,0,1,1,1,5,55,1,1,2,1,0,0,2,1,0,0,99,99,99,99,99,99,0,0,0,0,1,2,0,400235,0,2009,57,US-271,99999999999999999999,0000000,35.24581944,-94.57353056,1,1
40,27,3,19,12,31,1,1,0,0,4,6,0,1,0,1,4,1,2,50,1,1,1,2,0,0,1,1,0,0,99,99,99,99,99,99,0,0,0,0,1,5,0,400236,3430,2009,0,156TH AVE NE,99999999999999999999,0000000,35.28850556,-97.21226667,1,1
40,139,5,27,17,30,2,2,0,1,2,2,0,12,1,1,1,1,2,65,1,1,2,1,50,3,1,1,0,1,99,98,99,98,88,88,0,0,0,0,1,4,0,400237,0,2009,35,US-64,99999999999999999999,0000000,36.76205556,-101.7537361,2,1
40,79,5,27,21,4,2,2,0,0,4,3,0,12,5,2,1,1,2,65,1,1,2,1,20,3,2,1,0,0,21,6,21,6,21,39,0,0,0,0,1,4,0,400238,3798,2009,130,SR-112,GEORGE,0000000,35.21673333,-94.49031944,2,1
40,49,5,29,3,25,1,2,0,0,6,4,0,38,0,1,4,1,2,45,1,1,4,1,0,0,3,5,0,0,99,99,99,99,99,99,0,0,0,0,1,6,1,400239,0,2009,0,NO NAME,99999999999999999999,0000000,34.84004722,-97.07309167,1,5
40,109,5,29,9,50,2,2,0,0,13,6,0,12,4,2,1,1,4,45,1,2,2,1,0,0,1,1,0,0,99,99,99,99,99,99,0,0,0,0,1,6,0,400240,3170,2009,0,SOONER RD,TINA DR,0000000,35.46682222,-97.423925,2,1
40,143,5,30,17,23,1,2,0,1,11,1,0,1,0,1,1,3,2,60,1,2,2,1,0,0,1,1,0,0,17,23,17,24,18,13,0,0,0,0,1,7,0,400241,4780,2009,56,I-44,99999999999999999999,0000000,36.09061111,-95.941775,1,1
40,13,5,30,23,35,2,4,0,1,2,2,0,12,3,4,1,1,2,45,1,2,2,1,0,0,2,1,0,1,23,36,23,47,0,50,0,0,0,0,1,7,1,400242,3115,2009,53,US-70,99999999999999999999,0000000,33.99845556,-96.549225,2,1
40,119,5,13,15,26,2,4,0,0,3,3,0,12,5,2,1,3,2,65,1,1,2,1,20,3,1,1,0,0,99,99,99,99,99,99,0,0,0,0,1,4,0,400243,0,2009,105,SR-51,REDLANDS RD,0000000,36.11638333,-97.176475,2,1
40,113,5,25,19,39,1,2,0,0,4,4,0,1,0,1,4,1,2,50,2,1,1,1,0,0,1,1,0,0,99,99,99,99,88,88,0,0,0,0,2,2,1,400244,0,2009,0,NO NAME,99999999999999999999,0000000,36.27341389,-96.30726111,1,1
40,153,6,1,15,51,2,2,0,1,13,2,0,12,4,2,1,2,2,50,1,1,2,1,21,3,1,1,0,0,15,53,15,56,16,13,0,0,0,0,1,2,1,400245,5220,2009,14,US-183,LAKEVIEW DRIVE,0000000,36.405425,-99.3708,2,1
40,119,6,1,18,49,1,1,0,0,3,3,0,34,0,1,2,1,2,65,1,2,2,1,0,0,1,1,0,0,18,52,19,2,88,88,0,0,0,0,1,2,0,400246,0,2009,57,SR-33,99999999999999999999,0000000,35.98620278,-96.664925,1,1
40,89,6,1,18,16,1,2,0,0,4,2,0,24,0,1,2,1,2,45,2,2,2,1,0,0,1,1,0,0,18,26,18,41,19,33,0,0,0,0,1,2,0,400247,0,2009,75,US-259A,99999999999999999999,0000000,34.15721111,-94.70327778,1,1
40,37,6,2,18,46,2,3,0,0,3,3,0,12,2,1,1,1,2,65,1,2,1,1,0,0,1,1,0,0,99,99,99,99,99,99,0,0,0,0,1,3,0,400248,0,2009,98,SR-51,99999999999999999999,0000000,36.11616667,-96.40837222,2,1
40,115,6,2,14,31,3,4,0,0,4,3,0,12,4,1,1,1,2,55,1,2,2,1,0,0,1,1,0,0,14,35,14,46,15,38,0,0,0,0,1,3,1,400249,0,2009,62,SR-10,99999999999999999999,0000000,36.871325,-94.72474167,3,1
40,31,6,2,16,35,1,1,0,1,11,1,0,34,0,13,8,6,1,55,2,2,1,1,0,0,1,1,0,0,16,36,16,44,17,22,0,0,0,0,1,3,1,400250,2750,2009,88,I-44,99999999999999999999,0000000,34.62277778,-98.38709167,1,1
40,17,6,4,18,48,1,1,0,1,1,1,0,1,0,1,3,2,2,70,1,1,2,1,0,0,1,1,0,0,18,48,18,52,88,88,0,0,0,0,1,5,0,400251,1540,2009,192,I-40,99999999999999999999,0000000,35.51043056,-97.97950833,1,1
40,115,6,5,23,10,2,3,0,0,14,4,0,12,1,1,1,1,2,45,1,1,2,1,0,0,2,1,0,0,23,6,23,25,23,37,0,0,0,0,1,6,0,400252,0,2009,0,NO NAME,99999999999999999999,0000000,36.90035278,-94.85149444,2,1
40,143,5,18,9,43,2,2,0,1,12,2,0,12,1,1,1,3,2,65,1,1,1,1,0,0,1,1,0,0,99,99,99,99,99,99,0,0,0,0,1,2,0,400253,4780,2009,55,US-65,99999999999999999999,0000000,36.22736111,-95.94504167,2,1
40,143,5,21,2,7,2,2,0,1,12,2,0,12,1,1,1,3,3,65,1,1,1,1,0,0,3,1,0,4,99,99,99,99,88,88,0,0,0,0,1,5,1,400254,4780,2009,2,US-169,99999999999999999999,0000000,36.14362778,-95.86008889,2,1
40,143,5,27,99,99,1,1,0,0,19,6,0,33,0,1,4,1,2,30,2,1,1,1,0,0,3,1,0,0,99,99,99,99,88,88,0,0,0,0,1,4,0,400255,4780,2009,0,WEST SKELLY DR,99999999999999999999,0000000,36.075725,-96.05198889,1,1
40,145,6,6,11,37,2,2,0,0,3,3,0,12,1,3,1,1,4,55,1,1,2,1,0,0,1,1,0,0,11,37,11,40,13,0,0,0,0,0,1,7,0,400257,1150,2009,25,SR-51,332ND E AVE,0000000,35.9518,-95.60761944,2,1
40,77,6,6,22,20,1,1,0,0,3,3,0,1,0,1,4,1,2,65,2,2,2,1,0,0,2,1,0,0,22,38,23,5,0,12,0,0,0,0,1,7,1,400258,0,2009,129,SR-2,99999999999999999999,0000000,34.78222778,-95.287,1,1
40,69,6,6,23,0,1,1,0,0,4,3,0,1,0,1,4,1,2,65,2,1,2,1,0,0,2,1,0,0,22,45,22,55,23,10,0,0,0,0,1,7,1,400259,0,2009,51,SR-1,99999999999999999999,0000000,34.23288056,-96.79246944,1,1
40,27,6,7,13,40,2,2,0,1,11,1,0,57,0,1,3,3,2,60,1,1,2,1,0,0,1,1,0,4,13,42,13,49,14,22,0,0,0,0,1,1,0,400260,3550,2009,29,I-44,99999999999999999999,0000000,35.344675,-97.58794722,2,1
40,39,6,7,18,37,1,1,0,1,11,1,0,60,0,13,1,1,1,45,1,1,2,1,0,0,1,1,0,0,99,98,99,98,88,88,0,0,0,0,1,1,0,400261,1030,2009,107,I-40 RAMP,99999999999999999999,0000000,35.50049444,-98.96498056,1,1
40,109,6,9,15,15,2,2,0,1,11,1,0,12,1,1,1,2,4,60,1,2,2,1,0,0,1,1,0,4,99,99,99,99,99,99,0,14,0,0,1,3,0,400262,3550,2009,10,I-44,99999999999999999999,0000000,35.39100556,-97.57398056,2,1
40,143,6,9,16,8,1,4,3,0,4,3,0,9,0,1,2,2,2,65,1,1,2,1,0,0,1,1,0,0,16,16,16,20,17,4,0,0,0,0,2,3,1,400263,0,2009,70,SR-51,99999999999999999999,0000000,36.13572778,-96.17323889,1,1
40,17,6,10,4,30,1,1,0,0,6,4,0,34,0,1,4,1,2,45,1,3,5,1,0,0,2,1,0,0,99,98,99,98,88,88,0,0,0,0,1,4,0,400264,3780,2009,0,FRISCO ROAD,99999999999999999999,0000000,35.71064722,-97.78050556,1,1
40,59,6,10,14,40,1,1,0,0,3,2,0,1,0,1,4,1,2,65,1,2,2,2,0,0,1,2,0,0,14,40,14,54,88,88,0,0,0,0,1,4,0,400265,0,2009,163,US-64,99999999999999999999,0000000,36.85570278,-99.36126944,1,2
40,99,6,6,1,30,1,4,0,0,4,4,0,32,0,1,4,1,2,40,1,4,2,1,0,0,2,1,0,0,99,99,99,99,99,99,0,0,0,0,1,7,0,400266,0,2009,0,JOY RD,99999999999999999999,0000000,34.59347222,-97.08463611,1,1
40,1,6,11,14,21,1,1,0,0,2,2,0,1,0,1,4,1,2,65,1,2,2,1,0,0,1,1,0,0,99,98,99,98,88,88,0,0,0,0,1,5,0,400267,0,2009,32,US-59,99999999999999999999,0000000,36.03383056,-94.58335833,1,1
40,139,6,9,6,23,2,3,0,0,4,3,0,12,5,2,1,1,2,65,1,1,2,1,20,3,4,1,0,0,99,99,99,99,88,88,0,0,0,0,2,3,0,400268,0,2009,100,SR-95,G ROAD,0000000,36.90762778,-101.9043722,2,1
40,117,6,11,20,0,1,1,0,0,4,3,0,37,0,1,4,1,2,65,1,2,2,1,0,0,1,1,0,0,19,59,20,12,20,59,0,0,0,0,1,5,1,400269,0,2009,60,SR-15,99999999999999999999,0000000,36.40574444,-96.92408611,1,1
40,69,6,13,11,10,1,7,0,0,4,4,0,5,0,1,1,1,2,45,1,2,5,1,0,0,1,1,0,0,11,10,11,29,11,49,0,0,0,0,1,7,0,400270,0,2009,0,HARRIS RANCH RD,99999999999999999999,0000000,34.44850278,-96.59990833,1,1
40,37,6,12,23,36,1,1,0,0,4,4,0,18,0,3,4,1,2,45,1,1,2,2,0,0,2,2,0,0,99,98,99,98,88,88,0,0,0,0,1,6,1,400271,0,2009,0,W 251ST S,S 449 W AVE,0000000,35.79922778,-96.49437778,1,2
40,109,6,12,11,15,1,2,0,0,16,6,0,43,0,1,4,1,1,25,2,2,2,1,0,0,1,1,0,0,99,99,99,99,99,99,0,0,0,0,1,6,1,400272,1666,2009,0,MAXWELL DRIVE,99999999999999999999,0000000,35.50445556,-97.45568333,1,1
40,89,6,12,18,10,1,3,0,0,4,4,0,38,0,1,4,1,2,55,1,1,2,1,0,0,1,1,0,0,99,99,99,99,99,99,0,0,0,0,1,6,1,400273,0,2009,0,NO NAME,99999999999999999999,0000000,34.397375,-94.99596389,1,1
40,103,6,12,12,23,2,2,0,0,3,2,0,12,2,1,1,2,2,65,1,1,2,1,0,0,1,1,0,0,99,99,99,99,99,99,0,0,0,0,1,6,0,400274,0,2009,81,US-177,99999999999999999999,0000000,36.57978611,-97.06782778,2,1
40,67,6,12,17,48,2,4,0,1,2,2,0,12,4,1,1,1,2,65,1,2,2,1,0,0,1,1,0,0,17,43,17,48,18,3,0,0,0,0,1,6,0,400275,0,2009,188,US-81,99999999999999999999,0000000,34.14328056,-97.98045278,2,1
40,89,6,13,11,50,1,2,0,0,2,2,0,24,0,1,4,1,2,65,1,1,2,1,0,0,1,1,0,0,11,37,11,55,12,54,0,0,0,0,1,7,0,400276,0,2009,103,US-259,99999999999999999999,0000000,34.42915833,-94.66863333,1,1
40,131,6,13,15,42,2,6,0,0,6,4,0,12,5,2,1,1,2,45,1,1,2,1,20,3,1,1,0,0,15,43,15,53,16,17,0,0,0,0,1,7,0,400277,0,2009,0,NO NAME,NO NAME,0000000,36.24981111,-95.54363333,2,1
40,9,6,13,18,40,1,2,0,0,6,4,0,34,0,1,4,1,2,55,1,1,5,1,0,0,1,1,0,0,99,99,99,99,99,99,0,0,0,0,1,7,1,400278,0,2009,0,NO NAME,99999999999999999999,0000000,35.15725,-99.85353333,1,1
40,1,6,13,23,15,1,2,0,0,2,2,0,38,0,1,4,1,2,65,2,1,2,1,0,0,2,1,0,0,22,48,22,53,99,99,0,0,0,0,1,7,1,400279,0,2009,95,US-59,99999999999999999999,0000000,35.76713056,-94.62661667,1,1
40,109,6,16,1,54,2,5,0,1,11,1,0,12,1,1,1,3,3,60,1,1,2,1,0,0,3,1,0,0,99,99,99,99,99,99,0,0,0,0,1,3,1,400280,1300,2009,99999,I-40,99999999999999999999,0000000,35.45360833,-97.43860278,2,1
40,81,6,17,15,1,2,2,0,0,4,2,0,12,1,1,1,1,2,65,1,4,4,1,50,3,1,1,0,1,15,4,15,21,15,47,0,0,0,0,1,4,0,400281,0,2009,118,US-62,99999999999999999999,0000000,35.5069,-96.93945,2,1
40,97,6,20,2,0,1,2,0,0,6,4,0,42,0,1,4,1,2,45,1,1,4,1,0,0,2,1,0,0,3,3,3,42,99,99,0,0,0,0,1,7,1,400282,0,2009,0,NO NAME,99999999999999999999,0000000,36.43487222,-95.07728056,1,1
40,109,6,21,2,36,1,1,0,0,16,6,0,42,0,1,4,1,2,25,1,1,2,1,0,0,2,1,0,0,99,98,99,98,88,88,0,20,0,0,1,1,1,400283,3550,2009,0,LEROY AVE,99999999999999999999,0000000,35.47603056,-97.62116389,1,1
40,37,6,1,13,56,2,8,0,1,11,1,0,12,3,7,1,3,2,75,1,1,2,1,40,3,1,1,0,0,99,99,99,99,99,99,0,0,0,0,1,2,0,400284,0,2009,366,I-44,99999999999999999999,0000000,36.04353889,-96.08073611,2,1
40,15,6,7,5,10,1,1,0,0,3,2,0,42,0,1,4,1,2,65,1,1,2,1,0,0,2,1,0,0,99,98,99,98,88,88,0,0,0,0,1,1,1,400286,0,2009,170,US-281,99999999999999999999,0000000,35.29523333,-98.28472222,1,1