STATE,COUNTY,MONTH,DAY,HOUR,MINUTE,VE_TOTAL,PERSONS,PEDS,NHS,ROAD_FNC,ROUTE,SP_JUR,HARM_EV,MAN_COLL,REL_JUNC,REL_ROAD,TRAF_FLO,NO_LANES,SP_LIMIT,ALIGNMNT,PROFILE,PAVE_TYP,SUR_COND,TRA_CONT,T_CONT_F,LGT_COND,WEATHER1,WEATHER2,WRK_ZONE,NOT_HOUR,NOT_MIN,ARR_HOUR,ARR_MIN,HOSP_HR,HOSP_MN,SCH_BUS,CF1,CF2,CF3,FATALS,DAY_WEEK,DRUNK_DR,ST_CASE,CITY,YEAR,MILEPT,TWAY_ID,TWAY_ID2,RAIL,LATITUDE,LONGITUD,VE_FORMS,WEATHER
40,23,6,9,14,0,1,1,0,1,2,8,0,38,0,1,4,2,2,75,1,1,1,1,0,0,1,1,0,0,99,98,99,98,88,88,0,0,0,0,1,3,0,400287,0,2009,99999,INDIAN NATION TPK,99999999999999999999,0000000,34.090625,-95.56749444,1,1
40,41,6,22,12,38,2,2,0,0,3,2,0,12,2,1,1,1,2,65,1,1,2,1,0,0,1,1,0,0,12,47,13,19,14,10,0,0,0,0,2,2,0,400289,0,2009,4,US-60,99999999999999999999,0000000,36.62723889,-94.99156944,2,1
40,143,6,6,11,51,2,3,0,0,14,6,0,12,2,1,1,1,2,40,2,2,2,1,0,0,1,1,0,0,99,99,11,57,88,88,0,0,0,0,1,7,0,400290,4780,2009,0,E 61ST ST,99999999999999999999,0000000,36.07600278,-95.94160833,2,1
40,49,6,30,22,59,1,1,0,0,16,6,0,1,0,3,4,1,2,25,1,1,2,1,0,0,6,1,0,0,99,98,99,98,88,88,0,0,0,0,1,3,1,400291,4500,2009,0,2ND ST,HYDEN,0000000,34.79357778,-96.96232778,1,1
40,109,2,20,22,48,1,2,0,1,11,1,0,27,0,1,4,3,2,60,1,1,2,1,0,0,2,1,0,0,22,49,22,55,23,32,0,0,0,0,1,6,0,400292,3550,2009,6,I-44,99999999999999999999,0000000,35.38553611,-97.57398333,1,1
40,23,6,26,23,17,2,4,0,1,2,2,0,12,2,1,1,2,2,65,1,1,2,1,0,0,2,1,0,0,23,15,23,19,99,99,0,0,0,0,1,6,1,400293,4208,2009,43,US-70,99999999999999999999,0000000,33.99945278,-95.40217222,2,1
40,143,6,6,0,27,1,1,0,0,14,6,0,43,0,4,4,2,2,35,1,1,2,1,3,3,3,1,0,0,99,98,99,98,88,88,0,0,0,0,1,7,1,400294,2440,2009,0,MAIN STREET,RIVERFRONT DR,0000000,36.0234,-95.96061944,1,1
40,137,6,22,17,32,2,2,0,0,6,4,0,12,4,4,1,1,2,55,1,2,2,1,0,0,1,1,0,0,99,99,99,99,99,99,0,0,0,0,1,2,0,400295,0,2009,0,TERRY ROAD,99999999999999999999,0000000,34.43579722,-97.87136111,2,1
40,77,6,23,23,26,1,1,0,0,6,4,0,38,0,1,4,1,2,45,1,1,4,1,0,0,2,1,0,0,23,39,23,44,88,88,0,0,0,0,1,3,0,400296,0,2009,0,SW CRAVENS,99999999999999999999,0000000,34.898375,-95.34028611,1,1
40,55,6,23,16,5,2,4,0,0,3,2,0,12,5,2,1,1,4,65,1,1,2,1,20,3,1,1,0,0,99,99,99,99,99,99,0,0,0,0,2,3,0,400298,0,2009,0,US-283,SR-6,0000000,34.81330278,-99.33476389,2,1
40,33,6,24,18,11,1,1,0,1,1,1,0,1,0,1,4,2,2,75,1,2,1,1,0,0,1,1,0,0,99,98,99,98,88,88,0,0,0,0,1,4,1,400299,0,2009,99999,I-44,99999999999999999999,0000000,34.19540556,-98.48779722,1,1
40,71,6,25,8,20,1,1,0,1,2,2,0,1,0,1,1,2,2,70,2,2,2,1,0,0,1,1,0,0,99,99,99,99,99,99,0,0,0,0,1,5,0,400300,0,2009,92,US-60,99999999999999999999,0000000,36.69285556,-97.29908333,1,1
40,145,6,25,23,48,1,2,0,0,4,4,0,38,0,1,4,1,2,45,1,2,4,5,0,0,2,1,0,0,23,34,0,1,99,99,0,18,0,0,1,5,0,400301,0,2009,0,NO NAME,99999999999999999999,0000000,36.019975,-95.49364167,1,1
40,123,6,26,12,59,1,1,0,1,2,3,0,1,0,1,2,2,2,65,2,2,2,1,0,0,1,1,0,0,13,2,13,12,99,99,0,0,0,0,1,6,0,400302,0,2009,115,SR-1,99999999999999999999,0000000,34.73735556,-96.70895556,1,1
40,1,6,27,11,57,1,1,0,0,4,3,0,42,0,1,4,1,2,65,2,2,2,1,0,0,1,1,0,0,99,98,99,98,88,88,0,0,0,0,1,7,0,400303,0,2009,43,SR-51,99999999999999999999,0000000,35.825875,-94.55116111,1,1
40,145,6,27,14,19,1,1,0,0,4,3,0,42,0,1,4,1,2,65,2,1,2,1,0,0,1,1,0,0,99,98,99,98,88,88,0,0,0,0,1,7,1,400304,0,2009,66,SR-16,99999999999999999999,0000000,35.87912222,-95.35816111,1,1
40,131,6,27,21,46,1,1,0,0,6,4,0,42,0,1,4,1,2,45,2,1,2,1,0,0,2,1,0,0,99,98,99,98,88,88,0,0,0,0,1,7,1,400305,0,2009,0,NO NAME,99999999999999999999,0000000,36.45950278,-95.60428889,1,1
40,109,6,26,21,24,1,1,0,0,14,6,0,34,0,1,4,1,2,30,2,1,2,1,40,3,3,1,0,0,21,25,21,32,21,50,0,0,0,0,1,6,0,400306,3550,2009,0,SW GRAND BLVD,99999999999999999999,0000000,35.42805,-97.51302778,1,1
40,27,6,28,0,19,1,4,0,0,4,6,0,42,0,1,4,1,2,50,1,2,2,1,0,0,2,1,0,0,99,99,99,99,99,99,0,0,0,0,3,1,1,400307,3430,2009,0,ROCK CREEK RD,99999999999999999999,0000000,35.24731944,-97.40502222,1,1
40,17,6,29,14,15,1,1,0,0,16,6,0,10,0,6,1,1,2,45,1,1,2,1,70,3,1,1,0,0,99,98,99,98,88,88,0,0,0,0,1,2,0,400308,1540,2009,0,RADIO ROAD,99999999999999999999,596834C,35.522725,-97.90170278,1,1
40,49,6,8,16,4,1,1,0,0,6,4,0,42,0,1,4,1,2,45,2,2,2,1,0,0,1,1,0,0,99,98,99,98,88,88,0,0,0,0,1,2,1,400309,0,2009,0,NO NAME,99999999999999999999,0000000,34.756675,-97.58411667,1,1
40,109,6,16,15,7,1,1,0,1,11,1,0,27,0,1,3,2,2,60,1,1,1,1,0,0,1,1,0,0,99,98,99,98,88,88,0,0,0,0,1,3,0,400310,3550,2009,49,I-240,99999999999999999999,0000000,35.391425,-97.48763333,1,1
40,143,6,22,14,6,1,2,0,1,11,1,0,34,0,15,4,3,2,65,1,1,2,1,0,0,1,1,0,0,99,99,99,99,99,99,0,0,0,0,1,2,0,400311,4780,2009,13,I-44,99999999999999999999,0000000,36.16240833,-95.79283056,1,1
40,51,6,26,14,29,2,2,0,1,2,2,0,12,4,1,1,1,2,65,1,1,2,1,0,0,1,1,0,0,99,99,99,99,88,88,0,0,0,0,1,6,0,400312,0,2009,217,US-81,99999999999999999999,0000000,35.12889444,-97.961825,2,1
40,115,6,26,13,16,7,21,0,1,1,1,0,12,1,1,1,3,2,75,1,1,2,1,0,0,1,1,0,0,13,22,13,33,14,7,0,19,0,0,10,6,0,400313,0,2009,232,I-44,99999999999999999999,0000000,36.92804444,-94.73365556,7,1
40,3,7,2,16,30,1,2,0,0,6,4,0,21,0,1,4,1,2,55,1,1,5,1,0,0,1,1,0,0,16,48,17,2,18,29,0,0,0,0,1,5,1,400315,0,2009,0,NO NAME,99999999999999999999,0000000,36.56442222,-98.14563611,1,1
40,133,7,2,20,11,1,5,0,1,1,1,0,1,0,1,4,3,2,70,1,1,2,1,0,0,1,1,0,0,99,99,99,99,99,99,0,0,0,0,3,5,0,400316,0,2009,38,I-40,99999999999999999999,0000000,35.38413056,-96.71010278,1,1
40,109,7,3,1,59,1,1,0,1,12,3,0,1,0,1,4,3,3,65,2,2,1,1,0,0,2,1,0,0,2,0,2,8,88,88,0,0,0,0,1,6,1,400317,3550,2009,33,SR-74,99999999999999999999,0000000,35.55335278,-97.57610278,1,1
40,119,7,3,14,57,2,3,0,0,14,3,0,12,4,2,1,1,2,40,1,1,2,1,0,0,1,1,0,0,99,99,99,99,99,99,0,0,0,0,1,6,0,400318,1210,2009,5,SR-18N,LELAND ST,0000000,35.99321667,-96.76775,2,1
40,1,7,3,19,5,1,4,0,0,4,3,0,1,0,1,4,1,2,65,2,2,2,1,0,0,1,1,0,0,19,21,19,40,20,28,0,0,0,0,1,6,1,400319,0,2009,86,SR-100,99999999999999999999,0000000,35.804275,-94.68019722,1,1
40,87,7,4,18,13,1,3,0,0,4,3,0,1,0,3,4,1,2,65,1,1,2,2,0,0,1,2,0,0,18,19,18,25,19,12,0,0,0,0,1,7,0,400320,440,2009,38,SR-76,NE 55TH ST,0000000,35.18968056,-97.65307222,1,2
40,37,7,6,2,51,1,1,0,0,4,3,0,34,0,1,4,1,2,65,2,2,2,1,0,0,2,1,0,0,2,58,3,2,88,88,0,0,0,0,1,2,1,400321,0,2009,54,SR-66,99999999999999999999,0000000,35.90093889,-96.365225,1,1
40,91,7,6,16,46,1,3,0,1,2,2,0,1,0,1,3,2,2,70,1,1,2,1,0,0,1,1,0,0,16,52,17,5,17,35,0,0,0,0,1,2,0,400322,0,2009,115,US-69,99999999999999999999,0000000,35.37743333,-95.56989722,1,1
40,5,7,8,10,57,2,2,0,1,2,2,0,12,4,1,1,1,2,45,1,1,2,1,0,0,1,1,0,0,10,58,11,3,88,88,0,0,0,0,1,4,0,400323,4797,2009,126,US-69,99999999999999999999,0000000,34.32055,-96.16702778,2,1
40,17,7,10,15,33,1,2,0,1,1,1,0,1,0,1,1,3,2,70,1,1,2,1,0,0,1,1,0,0,99,99,99,99,99,99,0,0,0,0,1,6,0,400324,0,2009,18,I-40,99999999999999999999,0000000,35.53280833,-98.27888889,1,1
40,133,7,11,18,38,1,3,0,0,4,3,0,32,0,1,4,1,2,65,1,2,2,1,0,0,1,1,0,0,18,47,18,53,19,39,0,0,0,0,1,7,0,400325,0,2009,7,SR-3E,99999999999999999999,0000000,35.31908333,-96.76779167,1,1
40,77,7,12,20,40,1,1,0,0,3,2,0,1,0,1,4,1,2,65,1,2,2,1,0,0,5,1,0,0,20,36,20,45,22,22,0,0,0,0,1,1,1,400326,0,2009,27,US-270,99999999999999999999,0000000,34.88755,-95.46998889,1,1
40,41,7,13,18,15,2,5,0,0,4,2,0,12,4,3,1,1,2,55,1,2,2,1,20,3,1,1,0,0,99,99,99,99,99,99,0,0,0,0,1,2,0,400327,0,2009,65,US-412A,NO NAME,0000000,36.20506667,-94.90453611,2,1
40,81,7,15,7,10,1,5,0,0,3,3,0,1,0,1,4,1,2,65,1,1,2,1,0,0,1,1,0,0,7,25,7,35,8,15,0,0,0,0,1,4,0,400328,0,2009,85,SR-99,99999999999999999999,0000000,35.87305556,-96.66406667,1,1
40,27,7,17,23,47,2,2,0,1,11,1,0,12,3,1,1,3,3,55,1,1,2,1,0,0,2,1,0,0,99,99,99,99,99,99,0,0,0,0,1,6,1,400329,3430,2009,77,I-35,99999999999999999999,0000000,35.29530278,-97.48907222,2,1
40,125,7,22,16,10,2,4,0,0,3,2,0,12,2,1,1,1,2,65,1,1,2,1,0,0,1,1,0,0,99,99,99,99,88,88,0,0,0,0,4,4,0,400330,0,2009,180,US-177,99999999999999999999,0000000,35.22626944,-96.92396111,2,1
40,127,7,23,10,23,2,2,0,0,3,2,0,12,4,9,1,1,2,45,1,1,2,1,0,0,1,1,0,0,99,99,99,99,88,88,0,0,0,0,1,5,0,400331,1000,2009,366,US-271,99999999999999999999,0000000,34.58071111,-95.34541667,2,1
40,125,7,25,22,58,2,4,0,0,3,2,0,12,2,1,1,1,4,65,1,1,2,1,0,0,2,1,0,0,99,99,99,99,99,99,0,0,0,0,1,7,0,400332,0,2009,13,US-177,99999999999999999999,0000000,35.39569722,-97.00103889,2,1
40,135,7,26,12,26,1,2,0,1,1,1,0,42,0,1,4,2,2,70,1,1,2,1,0,0,1,1,0,0,99,99,99,99,99,99,0,0,0,0,1,1,0,400333,0,2009,157,I-40,99999999999999999999,0000000,35.45373333,-94.83948611,1,1
40,113,7,26,99,99,1,1,0,0,16,4,0,42,0,1,4,1,2,45,2,1,2,1,0,0,9,9,0,0,99,99,99,99,88,88,0,0,0,0,1,1,1,400334,0,2009,0,KELLY AVE,99999999999999999999,0000000,36.68190833,-97.015425,1,9
40,101,7,27,16,4,2,2,0,1,12,2,0,12,1,8,1,1,2,45,1,1,2,2,0,0,1,2,0,0,99,99,99,99,88,88,0,0,0,0,1,2,0,400335,3310,2009,12,US-69,99999999999999999999,0000000,35.78311111,-95.40263333,2,2
40,17,7,28,16,48,1,1,0,0,6,4,0,10,0,6,1,1,2,45,1,1,4,5,70,3,1,1,0,0,99,99,99,99,99,99,0,0,0,0,1,3,0,400336,4830,2009,0,SW 59TH ST,99999999999999999999,595497T,35.40360278,-97.94380278,1,1
40,1,7,28,19,37,1,1,0,0,6,4,0,38,0,1,4,1,2,45,1,1,4,1,0,0,1,1,0,0,99,98,99,98,88,88,0,0,0,0,1,3,1,400337,0,2009,0,NO NAME,99999999999999999999,0000000,35.92259167,-94.78139167,1,1
40,113,7,30,11,30,1,1,0,0,4,4,0,32,0,1,4,1,2,50,2,2,2,2,0,0,1,2,0,0,99,99,99,99,99,99,0,0,0,0,1,5,0,400338,0,2009,0,209TH W AVE,99999999999999999999,0000000,36.20390556,-96.21006389,1,2
40,93,8,3,14,45,1,1,0,1,2,2,0,34,0,1,4,1,2,65,1,1,2,1,0,0,1,1,0,0,99,99,99,99,99,99,0,0,0,0,1,2,0,400339,0,2009,63,US-412,99999999999999999999,0000000,36.39123333,-98.32832222,1,1
40,151,8,3,19,0,1,2,0,0,5,4,0,1,0,1,4,1,2,55,1,2,4,1,0,0,1,1,0,0,99,99,99,99,99,99,0,0,0,0,1,2,1,400340,0,2009,0,NO NAME,99999999999999999999,0000000,36.65430556,-98.935875,1,1
40,47,8,5,18,17,1,2,1,1,12,2,0,9,0,1,2,2,2,55,1,1,2,1,0,0,1,1,0,0,99,99,99,99,99,99,0,0,0,0,1,4,0,400341,1550,2009,27,US-412,99999999999999999999,0000000,36.39766667,-97.79011389,1,1
40,47,8,8,18,15,1,1,0,0,16,6,0,33,0,1,4,1,2,30,1,1,2,1,0,0,1,1,0,0,99,98,99,98,88,88,0,0,0,0,1,7,0,400342,1550,2009,0,S GRAND,99999999999999999999,0000000,36.38689722,-97.879225,1,1
40,121,8,9,5,30,1,1,0,0,3,2,0,1,0,1,4,2,2,65,1,1,2,1,0,0,2,1,0,0,99,99,99,99,99,99,0,0,0,0,1,1,1,400343,0,2009,98,US-270,99999999999999999999,0000000,34.88878333,-95.61564167,1,1
40,79,8,11,17,55,1,1,0,0,4,4,0,53,0,1,4,1,2,35,1,1,2,1,0,0,1,1,0,0,99,98,99,98,88,88,0,0,0,0,1,3,0,400344,0,2009,0,SUMMERFIELD RD,99999999999999999999,0000000,34.88974722,-94.857225,1,1
40,49,7,6,16,0,1,1,0,0,4,3,0,38,0,1,4,1,2,65,1,1,2,1,0,0,1,9,0,0,99,98,99,98,88,88,0,0,0,0,1,2,0,400345,0,2009,35,SR-29,99999999999999999999,0000000,34.65145278,-97.11190556,1,9
40,123,7,16,21,35,1,1,0,0,4,4,0,23,0,1,2,1,2,45,1,2,2,1,0,0,2,1,0,0,99,99,99,99,99,99,0,0,0,0,1,5,1,400346,0,2009,0,NO NAME,99999999999999999999,0000000,34.73833056,-96.75890278,1,1
40,133,7,28,13,33,1,2,1,0,4,3,0,9,0,2,2,1,2,65,1,2,2,1,0,0,1,1,0,0,99,99,99,99,99,99,0,0,0,0,1,3,0,400347,0,2009,21,SR-3,NO NAME,0000000,35.30383611,-96.75110833,1,1
40,109,7,11,8,11,1,1,0,1,11,1,0,34,0,1,4,3,3,60,1,1,1,1,0,0,1,1,0,0,99,99,99,99,99,99,0,0,0,0,1,7,0,400348,3550,2009,26,I-44,99999999999999999999,0000000,35.43124167,-97.57091111,1,1
40,27,7,14,15,54,2,2,0,0,4,4,0,12,5,2,1,1,2,55,1,1,2,1,20,3,1,1,0,0,99,99,99,99,99,99,0,0,0,0,1,3,0,400349,0,2009,0,SE 180TH,ETOWAH ROAD,0000000,35.14553056,-97.21269722,2,1
40,109,8,4,21,24,2,4,0,0,13,6,0,12,4,2,1,1,4,45,1,1,2,1,20,3,2,1,0,0,99,99,99,99,99,99,0,0,0,0,1,3,1,400350,3550,2009,0,S SOONER ROAD,SE 67TH,0000000,35.399475,-97.42383889,2,1
40,109,7,2,16,16,4,5,0,0,14,3,0,12,1,1,1,2,2,65,1,1,1,1,0,0,1,1,0,0,16,4,16,10,17,16,0,0,0,0,1,5,0,400352,3550,2009,79,SR-74,99999999999999999999,0000000,35.617475,-97.58503333,4,1
40,123,7,4,0,45,1,1,0,0,3,2,0,21,0,1,4,1,2,65,2,2,2,1,0,0,2,1,0,0,11,41,12,0,88,88,0,0,0,0,1,7,0,400353,0,2009,11,US-377,99999999999999999999,0000000,34.52098333,-96.63205278,1,1
40,101,7,14,17,0,1,1,0,0,4,4,0,21,0,1,4,1,2,45,2,2,1,2,0,0,1,1,0,0,99,98,99,98,88,88,0,0,0,0,1,3,1,400354,0,2009,0,DUNCAN ROAD,99999999999999999999,0000000,35.82725556,-95.75738889,1,1
40,63,7,15,0,35,1,1,0,0,6,4,0,1,0,1,1,1,2,35,2,1,4,1,0,0,2,1,0,0,99,99,99,99,88,88,0,0,0,0,1,4,1,400355,0,2009,0,OAK RIDGE LANE,99999999999999999999,0000000,34.90116667,-96.15066389,1,1
40,101,7,17,21,7,1,3,0,1,1,1,0,27,0,13,8,6,1,60,2,2,1,1,40,3,2,1,0,4,99,99,99,99,99,99,0,0,0,0,1,6,1,400356,0,2009,20,I-40,99999999999999999999,0000000,35.47574167,-95.31088611,1,1
40,27,8,4,19,13,1,2,0,0,4,6,0,1,0,1,4,1,2,55,1,2,2,1,0,0,1,1,0,0,99,99,99,99,99,99,0,0,0,0,1,3,0,400357,3430,2009,0,PEEBLY RD,99999999999999999999,0000000,35.29743889,-97.21256667,1,1
40,147,2,2,12,30,1,1,0,1,13,2,0,27,0,1,4,1,4,35,1,1,1,1,0,0,1,1,0,0,99,98,99,98,88,88,0,0,0,0,1,2,0,400358,300,2009,12,US-60,99999999999999999999,0000000,36.74603611,-95.97845,1,1
40,109,3,25,19,49,1,1,0,0,14,6,0,1,0,1,1,2,2,45,2,2,1,1,40,3,5,1,0,0,99,99,99,99,99,99,0,0,0,0,1,4,1,400359,3550,2009,0,NE 63RD STREET,99999999999999999999,0000000,35.53603333,-97.47465,1,1
40,15,8,8,2,24,1,3,0,0,14,3,0,1,0,1,4,1,2,50,1,1,2,1,0,0,2,1,0,0,99,99,99,99,99,99,0,0,0,0,1,7,1,400360,160,2009,121,SR-8,99999999999999999999,0000000,35.05989722,-98.23390833,1,1
40,93,8,10,9,8,2,2,0,0,4,4,0,12,2,1,1,1,2,55,1,1,3,1,0,0,1,1,0,0,99,98,99,98,88,88,0,0,0,0,1,2,0,400361,0,2009,0,NO NAME,99999999999999999999,0000000,36.31150556,-98.61373889,2,1
40,71,7,5,15,17,2,2,0,0,14,6,0,12,2,2,1,1,2,45,2,2,2,1,0,0,1,1,0,0,15,18,15,21,99,99,0,0,0,0,1,1,0,400362,3800,2009,0,HARTFORD AVE.,KYGER RD.,0000000,36.72352778,-97.03158333,2,1
40,81,7,15,17,34,2,3,0,0,4,3,0,12,4,1,1,1,2,65,1,2,2,1,0,0,1,1,0,0,17,38,18,5,18,45,0,0,0,0,1,4,0,400363,0,2009,63,SR-66,99999999999999999999,0000000,35.71007222,-96.78551667,2,1
40,27,7,18,19,25,2,3,0,0,15,6,0,12,4,2,1,1,4,35,1,1,1,1,20,3,1,1,0,0,19,37,19,40,20,9,0,0,0,0,1,7,1,400364,3220,2009,0,SANTA FE AVE,SW 3RD ST,0000000,35.33574722,-97.51220278,2,1
40,109,8,10,20,34,1,1,0,1,11,1,0,25,0,1,2,3,3,60,2,1,1,1,0,0,3,1,0,1,99,99,99,99,99,99,0,0,0,0,1,2,1,400365,3550,2009,58,I-44,99999999999999999999,0000000,35.52231667,-97.54187778,1,1
40,123,8,11,5,45,2,2,0,0,3,3,0,12,2,1,1,1,2,65,1,1,2,2,0,0,2,2,0,0,99,99,99,99,99,99,0,0,0,0,1,3,1,400366,0,2009,115,SR-1,99999999999999999999,0000000,34.82547778,-96.48911667,2,2
40,27,8,18,6,56,1,2,0,0,4,3,0,1,0,3,4,1,2,65,1,1,2,2,20,3,4,2,0,0,99,99,99,99,99,99,0,0,0,0,1,3,0,400367,4335,2009,50,SR-77,BRYANT,0000000,35.07280833,-97.33556667,1,2
40,79,8,18,16,24,1,1,0,0,4,4,0,1,0,1,4,1,2,40,2,2,2,1,0,0,1,1,0,0,99,98,99,98,88,88,0,0,0,0,1,3,0,400368,0,2009,0,INDIAN TRAIL ROAD,99999999999999999999,0000000,34.53606389,-94.93748611,1,1
40,119,8,12,8,50,1,1,0,0,4,4,0,42,0,1,2,1,2,45,1,2,4,1,0,0,1,1,0,0,99,98,99,98,88,88,0,0,0,0,1,4,0,400369,0,2009,0,ESCO ROAD,99999999999999999999,0000000,35.95628333,-96.88266944,1,1
40,109,8,14,22,11,2,4,0,1,11,1,0,12,5,10,1,3,3,45,1,1,2,1,3,3,3,1,0,0,22,22,22,27,23,59,0,0,0,0,1,6,0,400370,3550,2009,58,I-44,BELLE ISLE BLVD,0000000,35.52243611,-97.54166944,2,1
40,61,8,13,22,14,1,1,0,0,6,4,0,35,0,1,4,1,2,45,1,2,5,1,0,0,2,1,0,0,99,98,99,98,88,88,0,0,0,0,1,5,1,400371,0,2009,0,NO NAME,99999999999999999999,0000000,35.14479722,-95.03135278,1,1
40,111,8,14,1,0,1,1,0,1,1,1,0,24,0,1,2,2,2,70,1,1,1,1,0,0,2,1,0,0,99,99,99,99,99,99,0,0,0,0,1,6,1,400372,0,2009,98,I-40,99999999999999999999,0000000,35.43031944,-95.91547222,1,1
40,145,7,7,16,31,1,2,0,1,2,8,0,1,0,1,2,3,2,75,1,1,1,1,0,0,1,1,0,0,99,99,99,99,99,99,0,0,0,0,1,3,0,400373,0,2009,227,MUSKOGEE TURNPKE,99999999999999999999,0000000,35.86017222,-95.47856111,1,1
40,143,7,3,16,38,1,4,1,0,13,6,0,8,0,3,1,1,4,40,1,4,2,1,3,3,1,1,0,0,99,99,99,99,99,99,0,0,0,0,1,6,0,400374,4780,2009,0,S YALE AVE,E 41ST ST,0000000,36.10422222,-95.92237222,1,1
40,35,7,4,17,30,1,1,0,0,6,4,0,38,0,1,4,1,2,45,1,1,2,1,0,0,1,1,0,0,99,98,99,98,88,88,0,0,0,0,1,7,1,400375,0,2009,0,NO NAME,99999999999999999999,0000000,36.58286389,-95.24726667,1,1
40,31,7,6,9,5,2,6,0,0,4,3,0,12,2,1,1,1,2,65,1,1,2,1,0,0,1,1,0,0,99,99,99,99,99,99,0,0,0,0,1,2,0,400376,0,2009,52,SR-65,99999999999999999999,0000000,34.58239444,-98.21234167,2,1
40,71,7,17,17,1,1,1,0,0,4,3,0,42,0,1,4,1,2,65,2,2,2,1,0,0,1,1,0,0,99,98,99,98,88,88,0,0,0,0,1,6,0,400377,0,2009,77,SR-11,99999999999999999999,0000000,36.76668056,-96.92532222,1,1
40,143,7,21,13,18,2,3,0,0,13,6,0,12,3,1,1,2,3,45,1,1,1,1,0,0,1,1,0,0,99,99,99,99,99,99,0,0,0,0,1,3,0,400378,4780,2009,0,E 71ST ST,99999999999999999999,0000000,36.060775,-95.96188611,2,1
40,37,7,23,20,14,2,4,0,0,3,3,0,12,2,1,4,1,2,65,1,2,2,1,0,0,5,1,0,0,99,99,99,99,99,99,0,0,0,0,3,5,0,400379,0,2009,42,SR-33,99999999999999999999,0000000,35.98856389,-96.55849444,2,1
40,69,7,24,11,30,1,3,0,0,4,3,0,1,0,1,1,1,2,55,1,2,2,1,0,0,1,1,0,0,99,99,99,99,99,99,0,0,0,0,1,6,0,400380,0,2009,109,SR-22,99999999999999999999,0000000,34.20872222,-96.59346944,1,1
40,143,7,25,2,30,1,2,0,0,6,4,0,27,0,1,4,1,2,50,1,1,2,1,20,3,2,1,0,0,99,99,99,99,99,99,0,0,0,0,1,7,0,400381,0,2009,0,YALE AVE,99999999999999999999,0000000,35.914775,-95.92246667,1,1
40,143,7,25,21,12,1,1,0,1,12,2,0,1,0,1,2,2,2,65,2,2,1,1,0,0,2,1,0,0,99,98,99,98,88,88,0,0,0,0,1,7,1,400382,4780,2009,26,US-75,99999999999999999999,0000000,36.18950833,-95.95890833,1,1
40,113,7,17,18,40,3,4,0,0,4,3,0,12,4,1,1,1,2,65,1,1,2,1,0,0,1,1,0,0,99,99,99,99,99,99,0,14,0,0,1,6,0,400383,0,2009,22,SR-99,99999999999999999999,0000000,36.63797222,-96.30906667,3,1
40,65,7,19,16,54,1,1,0,0,4,3,0,34,0,1,4,1,2,65,2,1,2,1,0,0,1,1,0,0,99,99,99,99,88,88,0,0,0,0,1,1,1,400384,0,2009,100,SR-6,99999999999999999999,0000000,34.56778333,-99.419975,1,1
40,139,7,20,7,20,2,2,0,0,6,4,0,12,5,2,1,1,2,45,1,1,2,1,20,3,1,1,0,0,99,99,99,99,99,99,0,0,0,0,1,2,0,400385,0,2009,0,NO NAME,NO NAME,0000000,36.68923333,-101.4387333,2,1
40,137,7,27,14,25,2,3,0,0,4,4,0,12,5,2,1,1,2,55,1,1,2,2,20,3,1,1,0,0,99,99,99,99,99,99,0,0,0,0,1,2,0,400386,0,2009,0,5TH,GATLIN RD,0000000,34.57978889,-97.94938056,2,1
40,71,7,28,15,25,1,2,0,0,4,2,0,34,0,1,4,1,2,65,1,1,2,1,0,0,1,1,0,0,99,99,99,99,99,99,0,0,0,0,1,3,0,400387,0,2009,49,US-177,99999999999999999999,0000000,36.75945,-97.28307778,1,1
40,143,7,31,5,0,1,2,1,1,12,2,0,8,0,1,1,2,3,60,1,1,2,1,0,0,2,1,0,0,99,98,99,98,88,88,0,0,0,0,1,6,0,400388,4780,2009,30,US-64,99999999999999999999,0000000,36.12594444,-95.940375,1,1
40,147,6,23,17,5,2,3,0,1,13,2,0,12,5,2,1,1,4,50,1,1,2,1,20,3,1,1,0,0,17,5,17,10,88,88,0,0,0,0,2,3,0,400389,300,2009,30,US-75,MINNESOTA ST,0000000,36.77157222,-95.93546389,2,1
40,97,8,14,22,3,1,1,0,0,9,4,0,42,0,1,4,1,2,35,1,1,2,1,0,0,2,1,0,0,99,98,99,98,88,88,0,0,0,0,1,6,1,400390,0,2009,0,NO NAME,99999999999999999999,0000000,36.41591389,-95.03248889,1,1
40,103,8,15,12,53,1,7,0,1,1,1,0,1,0,1,3,2,1,70,1,1,1,1,0,0,1,1,0,1,99,99,99,99,99,99,0,0,0,0,3,7,0,400391,0,2009,203,I-35,99999999999999999999,0000000,36.45346944,-97.32686111,1,1
40,143,8,15,21,40,3,4,0,1,13,2,0,12,2,1,1,2,4,65,1,1,2,1,0,0,2,1,0,0,99,99,99,99,99,99,0,0,0,0,1,7,2,400392,1870,2009,47,US-75,99999999999999999999,0000000,35.92436389,-96.01175556,3,1
40,147,5,21,22,40,1,1,0,0,14,6,0,1,0,1,4,1,4,40,2,1,1,1,0,0,2,1,0,0,22,40,22,43,22,59,0,0,0,0,1,5,1,400393,300,2009,0,TUXEDO BLVD,99999999999999999999,0000000,36.75456389,-95.96265833,1,1