STATE,COUNTY,MONTH,DAY,HOUR,MINUTE,VE_TOTAL,PERSONS,PEDS,NHS,ROAD_FNC,ROUTE,SP_JUR,HARM_EV,MAN_COLL,REL_JUNC,REL_ROAD,TRAF_FLO,NO_LANES,SP_LIMIT,ALIGNMNT,PROFILE,PAVE_TYP,SUR_COND,TRA_CONT,T_CONT_F,LGT_COND,WEATHER1,WEATHER2,WRK_ZONE,NOT_HOUR,NOT_MIN,ARR_HOUR,ARR_MIN,HOSP_HR,HOSP_MN,SCH_BUS,CF1,CF2,CF3,FATALS,DAY_WEEK,DRUNK_DR,ST_CASE,CITY,YEAR,MILEPT,TWAY_ID,TWAY_ID2,RAIL,LATITUDE,LONGITUD,VE_FORMS,WEATHER
40,143,8,4,7,7,1,1,0,0,13,6,0,21,0,1,4,1,4,45,1,1,2,1,0,0,1,1,0,0,99,99,99,99,99,99,0,0,0,0,1,3,0,400394,590,2009,0,S ASPEN AVE,99999999999999999999,0000000,36.02367778,-95.81528611,1,1
40,145,8,14,20,10,1,2,0,0,6,4,0,30,0,1,4,1,2,45,1,2,2,1,0,0,2,1,0,0,99,99,99,99,99,99,0,0,0,0,1,6,1,400396,0,2009,0,EAST 71ST ST,99999999999999999999,0000000,36.06096389,-95.5723,1,1
40,59,8,15,20,37,1,1,0,1,2,2,0,11,0,1,1,1,2,65,1,1,1,1,0,0,5,1,0,0,20,43,20,58,88,88,0,0,0,0,1,7,1,400397,0,2009,157,US-270,99999999999999999999,0000000,36.60906944,-99.72835,1,1
40,19,8,15,23,58,6,1,0,0,16,6,0,38,0,1,5,1,4,25,1,1,2,1,0,0,3,1,0,0,23,59,0,6,0,23,0,0,0,0,1,7,1,400398,210,2009,0,HOLIDAY DR NW,99999999999999999999,0000000,34.17708611,-97.16630556,1,1
40,29,8,16,14,29,1,1,0,0,4,3,0,1,0,1,1,1,2,55,2,3,2,1,0,0,1,1,0,0,99,98,99,98,88,88,0,0,0,0,1,1,0,400399,0,2009,159,SR-31,99999999999999999999,0000000,34.71503333,-96.11370278,1,1
40,109,8,19,13,25,2,2,0,0,13,6,0,12,5,2,1,1,4,40,1,2,2,1,0,0,1,1,0,0,13,26,13,31,88,88,0,0,0,0,1,4,0,400400,3550,2009,0,WESTERN AE,SW 56TH ST,0000000,35.40647222,-97.53035556,2,1
40,5,8,20,14,45,2,2,0,1,2,2,0,12,5,2,1,1,4,45,2,1,2,1,20,3,1,1,0,0,14,47,14,47,15,10,0,0,0,0,1,5,0,400401,260,2009,4,US-69,WEST 7TH STREET,0000000,34.37933333,-96.13126667,2,1
40,37,8,20,20,27,1,3,0,0,6,4,0,1,0,1,1,1,2,45,1,2,4,1,0,0,5,1,0,0,99,99,99,99,99,99,0,0,0,0,2,5,0,400402,0,2009,0,W 231ST,99999999999999999999,0000000,35.827875,-96.50683056,1,1
40,37,8,20,19,58,1,1,0,0,15,4,0,42,0,1,4,1,2,45,1,1,2,1,0,0,5,1,0,0,99,98,99,98,88,88,0,0,0,0,1,5,1,400403,0,2009,0,W 61ST ST,99999999999999999999,0000000,36.07567222,-96.113925,1,1
40,117,8,5,13,45,1,3,0,0,3,3,0,1,0,1,1,1,2,65,1,1,2,1,0,0,1,1,0,0,13,45,13,54,14,50,0,0,0,0,1,4,0,400404,0,2009,70,SR-18,99999999999999999999,0000000,36.26005556,-96.78268333,1,1
40,89,8,16,0,50,1,3,0,0,4,4,0,42,0,1,4,1,2,55,1,2,5,1,20,3,2,1,0,0,1,20,1,43,88,88,0,0,0,0,1,1,1,400405,0,2009,0,NO NAME,99999999999999999999,0000000,34.37742778,-94.84430556,1,1
40,31,8,21,19,36,1,2,0,0,4,4,0,1,0,1,4,1,2,45,1,1,2,1,0,0,1,1,0,0,99,99,99,99,88,88,0,0,0,0,1,6,1,400406,0,2009,0,WATTS ROAD,99999999999999999999,0000000,34.81168889,-98.31338889,1,1
40,109,8,21,8,1,1,1,0,1,11,1,0,7,0,1,1,3,4,60,1,1,1,1,0,0,1,1,0,0,8,4,8,16,8,22,0,0,0,0,1,6,0,400407,3550,2009,65,I-40,99999999999999999999,0000000,35.46252778,-97.48151667,1,1
40,41,8,21,9,48,1,2,0,0,6,4,0,34,0,1,4,1,2,45,2,1,2,1,0,0,1,1,0,0,99,99,99,99,99,99,0,0,0,0,1,6,0,400408,0,2009,0,NO NAME,99999999999999999999,0000000,36.42245556,-94.82544444,1,1
40,115,8,23,2,5,2,3,0,0,13,2,0,12,2,1,1,1,2,65,1,1,2,1,0,0,2,1,0,0,2,5,2,14,2,45,0,0,0,0,1,1,2,400409,0,2009,164,US-69,99999999999999999999,0000000,36.84553889,-94.90746944,2,1
40,109,8,23,99,99,1,1,0,1,12,3,0,33,0,13,8,6,1,40,1,2,1,1,21,3,4,1,0,0,99,98,99,98,88,88,0,0,0,0,1,1,1,400410,3550,2009,70,SR-74,99999999999999999999,0000000,35.60449722,-97.58495833,1,1
40,63,8,23,19,56,1,1,0,0,6,4,0,34,0,1,4,1,2,45,1,1,4,1,0,0,1,1,0,0,99,98,99,98,88,88,0,0,0,0,1,1,1,400411,0,2009,0,NO NAME,99999999999999999999,0000000,35.07225833,-96.31987222,1,1
40,133,8,24,11,18,2,4,0,0,4,3,0,12,5,2,1,1,2,55,1,1,2,1,20,3,1,1,0,0,99,99,99,99,99,99,0,0,0,0,1,2,0,400412,0,2009,3,SR-59,OLD HWY 99(MAIN ST),0000000,35.14903056,-96.66956667,2,1
40,143,8,2,18,10,3,10,0,0,14,6,0,12,2,2,1,2,2,45,1,1,1,1,3,3,1,1,0,0,18,12,18,22,18,53,0,0,0,0,1,1,0,400413,4780,2009,0,N PEORIA AV,E 46TH ST N,0000000,36.21946667,-95.97552778,3,1
40,131,8,6,15,12,2,2,0,0,4,3,0,12,2,1,1,1,2,55,2,1,2,1,0,0,1,1,0,0,15,10,15,30,16,0,0,0,0,0,1,5,0,400414,0,2009,47,SR-88,99999999999999999999,0000000,36.22914444,-95.54929444,2,1
40,37,8,8,8,16,1,1,0,0,3,3,0,1,0,1,1,1,2,45,2,2,2,1,0,0,1,1,0,0,8,12,8,23,88,88,0,0,0,0,1,7,0,400415,0,2009,35,SR-33,99999999999999999999,0000000,35.98839722,-96.56003056,1,1
40,143,8,9,0,18,1,2,1,0,13,6,0,8,0,2,1,1,4,40,1,1,2,1,0,0,3,1,0,0,0,18,0,24,0,45,0,0,0,0,1,1,0,400416,4780,2009,0,N YALE AVE,E LATIMER AV,0000000,36.17093056,-95.922575,1,1
40,111,8,21,18,24,1,1,0,1,2,2,0,42,0,1,4,1,2,65,1,2,2,1,0,0,1,1,0,0,18,24,18,35,88,88,0,0,0,0,1,6,1,400417,0,2009,129,US-75,99999999999999999999,0000000,35.78314444,-96.01557222,1,1
40,1,8,21,21,51,1,1,0,0,4,3,0,35,0,1,4,1,2,65,1,2,2,1,0,0,2,1,0,4,99,98,99,98,88,88,0,0,0,0,1,6,1,400418,0,2009,41,SR-51,99999999999999999999,0000000,35.87562778,-94.742225,1,1
40,31,8,22,22,8,1,1,0,0,6,4,0,34,0,1,4,1,2,55,1,1,4,1,0,0,2,1,0,0,22,15,22,25,88,88,0,0,0,0,1,7,1,400419,0,2009,0,75TH ST,99999999999999999999,0000000,34.55786111,-98.29964444,1,1
40,147,8,21,16,31,1,4,0,0,4,4,0,30,0,1,4,1,2,55,1,2,4,1,0,0,1,1,0,0,16,31,16,41,17,39,0,0,0,0,1,6,0,400420,0,2009,0,NO NAME,99999999999999999999,0000000,36.45265833,-95.92367222,1,1
40,81,8,22,16,49,2,10,0,0,3,2,0,12,5,2,1,1,2,65,1,1,2,1,20,3,1,1,0,0,16,52,17,0,17,15,0,0,0,0,2,7,0,400421,0,2009,63,US-377,NO NAME,0000000,35.84087222,-96.663325,2,1
40,9,8,27,15,23,2,2,0,0,3,3,0,12,5,2,1,2,2,65,1,1,2,1,20,3,1,1,0,0,15,24,15,30,16,3,0,0,0,0,1,5,0,400422,0,2009,0,SR-6,SR-152,0000000,35.29130278,-99.39961944,2,1
40,39,8,27,17,6,1,1,0,0,3,3,0,43,0,1,4,1,3,65,2,2,2,1,0,0,1,1,0,0,17,11,17,17,17,56,0,0,0,0,1,5,1,400423,0,2009,181,SR-33,99999999999999999999,0000000,35.76498611,-98.68110556,1,1
40,143,8,28,21,14,2,4,0,1,13,2,0,5,0,7,1,2,2,45,1,1,1,1,0,0,2,1,0,0,21,13,21,17,88,88,0,0,0,0,1,6,1,400424,1870,2009,15,US-75,99999999999999999999,0000000,35.96621944,-96.01166111,2,1
40,111,8,28,22,25,2,3,0,0,14,6,0,12,4,1,1,1,2,35,1,1,2,2,0,0,2,1,0,0,22,28,22,33,22,53,0,0,0,0,1,6,0,400425,3560,2009,0,S MISSION,99999999999999999999,0000000,35.61593889,-95.94410278,2,1
40,89,8,29,5,15,1,3,0,0,6,4,0,42,0,1,2,1,2,55,2,2,2,1,0,0,2,1,0,0,5,14,5,54,7,14,0,0,0,0,1,7,1,400426,0,2009,0,NO NAME,99999999999999999999,0000000,34.40889167,-94.97560556,1,1
40,137,7,18,23,18,1,1,0,0,6,4,0,42,0,1,4,1,2,55,1,2,4,1,0,0,2,1,0,0,99,99,99,99,88,88,0,0,0,0,1,7,1,400427,0,2009,0,GATLIN  RD,99999999999999999999,0000000,34.57986111,-97.98615278,1,1
40,31,8,29,17,41,2,2,0,0,3,4,0,12,9,2,1,1,2,45,1,1,2,1,0,0,1,1,0,0,99,99,99,99,99,99,0,0,0,0,1,7,1,400428,0,2009,0,CACHE RD,BUFFALO RD,0000000,34.62335278,-98.51535556,2,1
40,117,8,30,23,43,1,1,0,0,3,3,0,24,0,1,4,1,2,65,1,1,2,1,0,0,2,9,0,0,88,88,88,88,88,88,0,0,0,0,1,1,0,400429,0,2009,18,SR-99,99999999999999999999,0000000,36.328025,-96.45606111,1,9
40,49,8,30,13,36,1,1,0,0,4,3,0,24,0,1,4,1,2,65,1,1,2,1,0,0,1,1,0,0,13,36,13,42,88,88,0,0,0,0,1,1,0,400430,0,2009,30,SR-29,99999999999999999999,0000000,34.64649444,-97.19486111,1,1
40,113,8,31,21,14,1,1,0,0,3,3,0,1,0,1,4,1,2,65,1,1,2,1,0,0,2,1,0,0,99,98,99,98,88,88,0,0,0,0,1,2,1,400431,0,2009,117,SR-99,99999999999999999999,0000000,36.89170278,-96.20521667,1,1
40,143,9,1,7,30,1,2,1,1,11,1,0,9,0,13,1,6,1,55,1,1,1,1,20,3,4,1,0,0,7,20,7,22,88,88,0,0,0,0,1,3,0,400432,4780,2009,42,I-244,99999999999999999999,0000000,36.13844722,-96.00745278,1,1
40,137,9,3,22,5,1,1,0,0,6,4,0,31,0,1,4,1,2,55,1,2,2,1,0,0,2,1,0,0,22,3,22,10,88,88,0,0,0,0,1,5,1,400433,0,2009,0,OLD HWY 7,99999999999999999999,0000000,34.44864722,-97.61494722,1,1
40,111,9,5,11,33,1,1,0,1,2,2,0,1,0,1,1,1,2,65,1,1,2,1,0,0,1,1,0,0,11,36,11,48,12,10,0,0,0,0,1,7,0,400434,0,2009,74,US-75,99999999999999999999,0000000,35.80570278,-96.06900278,1,1
40,79,9,8,13,10,1,2,0,1,2,2,0,34,0,1,4,1,2,65,1,1,2,1,0,0,1,1,0,0,99,98,99,98,88,88,0,0,0,0,1,3,0,400435,0,2009,43,US-59,99999999999999999999,0000000,35.25753333,-94.76154444,1,1
40,109,9,9,21,57,2,2,0,1,12,8,0,12,2,1,1,2,2,70,1,1,1,1,0,0,2,1,0,0,22,6,22,12,22,43,0,0,0,0,1,4,1,400436,3550,2009,70,KILPATRICK TURNPIKE,99999999999999999999,0000000,35.60902222,-97.55030833,2,1
40,143,1,16,21,15,1,1,0,0,19,9,0,21,0,1,4,2,2,25,1,1,2,1,0,0,2,1,0,0,99,99,21,29,88,88,0,0,0,0,1,6,1,400437,4780,2009,0,W 17TH ST S,99999999999999999999,0000000,36.13103611,-96.00926111,1,1
40,125,7,19,14,25,2,4,0,0,3,3,0,12,4,2,1,1,2,65,1,1,2,1,20,3,1,1,0,0,99,99,99,99,99,99,0,0,0,0,1,1,0,400438,0,2009,73,SR-9,BETHEL RD,0000000,35.26073611,-97.01838056,2,1
40,89,9,2,14,57,1,1,0,0,2,2,0,1,0,1,4,1,2,65,1,2,2,2,0,0,1,2,0,0,15,0,15,23,16,56,0,0,0,0,1,4,0,400439,0,2009,118,US-259,99999999999999999999,0000000,34.16961944,-94.76366667,1,2
40,143,9,3,17,24,1,1,0,1,12,2,0,25,0,15,2,3,4,65,1,2,1,1,0,0,1,1,0,1,17,25,17,31,17,47,0,0,0,0,1,5,0,400440,4780,2009,7,US-169,99999999999999999999,0000000,36.15018333,-95.86039167,1,1
40,135,9,9,19,22,1,2,0,0,6,4,0,42,0,1,4,1,2,45,1,1,2,1,0,0,5,1,0,0,19,22,19,34,21,13,0,0,0,0,1,4,0,400441,0,2009,32,NO NAME,99999999999999999999,0000000,35.49242222,-94.61113611,1,1
40,61,9,9,21,24,2,1,0,0,3,3,0,1,0,1,6,1,2,25,1,1,2,1,0,0,2,1,0,0,21,10,21,28,88,88,0,20,0,0,1,4,1,400442,2620,2009,73,SR-31,99999999999999999999,0000000,35.11713056,-95.24126111,1,1
40,109,9,10,17,45,1,3,1,0,14,6,0,9,0,1,1,1,4,40,1,2,2,1,0,0,1,1,0,0,17,46,17,49,88,88,0,0,0,0,1,5,0,400443,1480,2009,0,KELLY AVE,99999999999999999999,0000000,35.65843889,-97.49602778,1,1
40,143,9,11,23,47,2,2,0,1,11,1,0,12,1,1,1,3,4,65,1,1,2,1,0,0,3,1,0,0,23,47,23,54,0,18,0,19,0,0,1,6,0,400444,4780,2009,121,I-244,99999999999999999999,0000000,36.161925,-95.89566667,2,1
40,97,8,29,2,1,2,8,0,0,3,3,0,12,2,1,1,1,2,65,1,3,1,1,0,0,2,1,0,0,2,1,2,17,3,18,0,0,0,0,2,7,1,400445,0,2009,14,SR-20,99999999999999999999,0000000,36.30744722,-95.43368333,2,1
40,125,9,12,20,20,1,1,0,0,6,4,0,1,0,1,4,1,2,35,1,1,4,2,0,0,2,2,0,0,20,20,20,45,88,88,0,0,0,0,1,7,1,400446,0,2009,0,BRANGUS RD,99999999999999999999,0000000,35.22902222,-96.87750833,1,2
40,27,9,12,18,36,2,3,0,0,3,3,0,12,2,1,1,1,2,65,1,2,2,2,0,0,1,2,0,0,18,39,19,0,19,48,0,0,0,0,2,7,1,400447,0,2009,165,SR-9,99999999999999999999,0000000,35.23796667,-97.15438889,2,2
40,31,9,18,17,30,1,3,0,0,4,3,0,24,0,1,2,2,2,65,1,1,2,1,0,0,1,1,0,0,99,99,99,99,99,99,0,0,0,0,1,6,0,400448,0,2009,45,SR-49,99999999999999999999,0000000,34.72386944,-98.43909167,1,1
40,15,9,18,8,21,2,2,0,0,3,2,0,12,2,1,1,1,2,65,2,1,2,1,0,0,1,1,0,0,8,23,8,28,8,47,0,0,0,0,1,6,1,400449,0,2009,28,US-62,99999999999999999999,0000000,35.04310278,-98.31186667,2,1
40,27,6,20,1,37,1,1,0,0,14,6,0,1,0,1,4,1,4,35,2,1,2,1,0,0,3,1,0,0,1,38,1,42,2,3,0,0,0,0,1,7,1,400450,3430,2009,0,24TH AVE NW,99999999999999999999,0000000,35.22963056,-97.4804,1,1
40,51,9,19,12,8,2,5,0,1,2,2,0,12,2,1,1,1,2,65,2,2,2,1,0,0,1,1,0,0,99,99,99,99,99,99,0,0,0,0,4,7,0,400451,0,2009,21,US-81,99999999999999999999,0000000,35.09010556,-97.95975,2,1
40,109,9,23,2,14,1,1,0,0,16,6,0,43,0,1,5,1,2,40,1,1,2,1,40,3,2,1,0,0,99,98,99,98,88,88,0,0,0,0,1,4,0,400452,3550,2009,0,SE 89TH ST,99999999999999999999,0000000,35.37743333,-97.48452222,1,1
40,109,9,26,15,48,1,1,0,0,14,6,0,1,0,1,4,1,4,45,1,1,2,1,0,0,1,1,0,0,15,49,15,56,16,20,0,0,0,0,1,7,0,400453,3550,2009,0,N COUNCIL RD,99999999999999999999,0000000,35.52468333,-97.65455278,1,1
40,113,9,26,0,5,1,2,0,0,6,4,0,38,0,3,4,1,2,45,1,2,2,1,21,3,2,1,0,0,0,7,0,45,1,31,0,0,0,0,1,7,0,400454,0,2009,0,NO NAME,NO NAME,0000000,36.57280278,-96.013125,1,1
40,121,9,27,0,59,1,1,0,0,14,6,0,27,0,1,4,1,4,40,2,1,1,8,0,0,3,1,0,0,99,99,99,99,88,88,0,0,0,0,1,1,1,400455,2930,2009,0,ELECTRIC AVE,99999999999999999999,0000000,34.94749444,-95.753125,1,1
40,75,9,28,18,19,1,2,0,0,3,3,0,5,0,1,1,1,2,65,1,1,2,1,0,0,1,1,0,0,18,30,18,43,88,88,0,0,0,0,1,2,0,400456,0,2009,71,SR-9,99999999999999999999,0000000,35.09779167,-98.74322778,1,1
40,143,9,16,21,26,2,4,1,0,14,6,0,8,0,1,1,1,4,40,1,1,2,2,0,0,1,2,0,0,21,25,21,30,21,53,0,0,0,0,1,4,0,400457,4780,2009,0,N CINCINNATI AV,99999999999999999999,0000000,36.1732,-95.99355833,2,2
40,153,10,3,0,15,1,1,0,0,4,3,0,37,0,1,4,1,2,65,1,2,2,1,0,0,2,1,0,0,0,24,0,45,88,88,0,0,0,0,1,7,1,400458,0,2009,150,SR-50,99999999999999999999,0000000,36.64471944,-99.18698889,1,1
40,101,10,3,12,24,1,3,1,0,16,6,0,9,0,2,1,2,2,25,1,2,2,1,0,0,1,1,0,0,99,99,99,99,99,99,0,0,0,0,1,7,0,400459,3310,2009,0,NORTH 17TH ST,KATY,0000000,35.76707778,-95.38531667,1,1
40,109,10,3,19,48,2,2,0,0,16,6,0,12,4,2,1,1,2,25,1,1,1,1,0,0,2,1,0,0,99,99,99,99,99,99,0,0,0,0,1,7,1,400460,3550,2009,0,UTAH AVE,NW 21ST STREET,0000000,35.49168611,-97.5943,2,1
40,41,10,4,12,59,2,4,0,1,13,2,0,12,5,2,1,2,2,70,1,1,2,2,20,3,1,2,0,0,13,3,13,11,13,32,0,0,0,0,2,1,0,400461,5138,2009,49,US-412,NEW LIFE RANCH ROAD,0000000,36.17933889,-94.63566111,2,2
40,83,10,4,3,56,1,7,0,0,6,4,0,32,0,1,4,1,2,35,1,2,5,2,0,0,2,2,0,0,4,18,4,47,6,4,0,0,0,0,1,1,1,400462,0,2009,0,SIMMONS RD,99999999999999999999,0000000,35.743725,-97.64854444,1,2
40,79,10,10,11,54,1,1,0,0,4,3,0,42,0,1,4,1,2,55,2,2,2,1,0,0,1,1,0,0,99,99,99,99,99,99,0,0,0,0,1,7,0,400463,0,2009,13,SR-82,99999999999999999999,0000000,34.79309444,-95.05714444,1,1
40,123,10,13,20,35,1,1,0,1,12,3,0,21,0,1,3,3,2,65,1,2,1,2,0,0,2,1,0,0,20,35,20,39,21,11,0,0,0,0,1,3,1,400464,0,2009,9,SR-3E,99999999999999999999,0000000,34.77611111,-96.70235,1,1
40,101,10,24,2,48,1,1,0,0,15,6,0,34,0,1,4,1,2,35,2,2,2,1,0,0,3,1,0,0,99,99,99,99,88,88,0,0,0,0,1,7,1,400465,3310,2009,0,CHEROKEE ST,99999999999999999999,0000000,35.72916389,-95.37600556,1,1
40,113,9,1,7,25,2,5,0,0,3,3,0,11,0,1,1,1,2,65,1,2,2,1,0,0,1,1,0,0,7,24,7,29,7,39,0,14,0,0,1,3,0,400467,0,2009,82,SR-18,99999999999999999999,0000000,36.61686389,-96.69163333,2,1
40,55,9,4,14,42,2,2,0,0,4,3,0,12,4,2,1,1,2,55,1,1,2,1,0,0,1,1,0,0,15,6,15,36,16,48,0,0,0,0,1,6,0,400468,0,2009,20,SR-9,NO NAME,0000000,34.90049722,-99.69576389,2,1
40,111,9,6,23,56,1,1,0,0,4,3,0,34,0,1,4,1,2,65,1,1,2,1,0,0,3,1,0,0,23,58,0,14,88,88,0,0,0,0,1,1,1,400469,0,2009,9,SR-16,99999999999999999999,0000000,35.74082222,-96.1765,1,1
40,37,9,3,1,52,2,2,0,1,1,1,0,12,2,1,1,3,2,75,2,1,2,2,0,0,2,2,1,1,1,57,2,16,88,88,0,0,0,0,1,5,1,400470,0,2009,353,I-44,99999999999999999999,0000000,36.02761944,-96.09278333,2,2
40,83,9,6,20,52,2,4,0,0,5,4,0,12,3,4,1,1,2,45,1,1,2,1,0,0,2,1,0,0,20,50,20,59,99,99,0,0,0,0,1,1,0,400471,0,2009,0,SOONER ROAD,99999999999999999999,0000000,35.76863611,-97.42495556,2,1
40,91,9,7,15,1,1,3,0,1,2,8,0,1,0,1,4,2,2,75,1,1,2,1,0,0,1,1,0,0,15,2,15,20,99,99,0,0,0,0,1,2,0,400472,0,2009,48,INDIAN NATION TURNPI,99999999999999999999,0000000,35.21101389,-95.92332778,1,1
40,37,9,7,19,1,1,2,0,0,6,4,0,31,0,1,4,1,2,45,1,1,5,5,0,0,1,1,0,0,19,3,19,19,88,88,0,0,0,0,1,2,1,400473,0,2009,0,449TH WEST AVE,99999999999999999999,0000000,35.78429722,-96.49441389,1,1
40,131,9,15,3,37,2,2,0,0,13,3,0,12,5,2,1,2,2,35,1,1,2,1,3,3,3,1,0,0,3,38,3,47,4,16,0,0,0,0,1,3,0,400474,990,2009,106,SR-66,FLINT ROAD,0000000,36.27785833,-95.64047778,2,1
40,123,9,16,1,1,1,6,0,0,15,6,0,5,0,2,1,1,2,25,1,1,2,1,0,0,2,1,0,0,1,2,1,7,88,88,0,0,0,0,1,4,1,400475,20,2009,0,BROADWAY AVE,KINGS RD,0000000,34.76001944,-96.679,1,1
40,109,9,18,21,19,1,1,0,1,11,1,0,32,0,13,4,6,1,60,2,2,1,1,0,0,2,1,0,0,21,22,21,29,22,5,0,0,0,0,1,6,1,400476,3550,2009,45,I-35,99999999999999999999,0000000,35.60148611,-97.42835833,1,1
40,119,9,19,7,28,1,1,0,0,3,3,0,43,0,1,4,1,2,65,1,1,2,1,0,0,1,1,0,0,7,57,8,9,9,0,0,0,0,0,1,7,0,400477,0,2009,32,SR-33,99999999999999999999,0000000,35.98538889,-96.71084167,1,1
40,109,9,19,2,3,1,1,0,1,11,1,0,1,0,13,8,6,1,60,2,1,1,1,0,0,2,1,0,0,99,98,99,98,88,88,0,0,0,0,1,7,1,400478,3550,2009,56,I-44,99999999999999999999,0000000,35.46039167,-97.57576111,1,1
40,17,9,22,3,39,1,1,0,1,11,1,0,21,0,1,4,3,2,70,1,1,2,1,0,0,2,1,0,0,3,52,3,58,88,88,0,0,0,0,1,3,0,400479,3550,2009,331,I-40,99999999999999999999,0000000,35.479125,-97.74742222,1,1
40,121,9,25,20,11,1,1,0,1,2,8,0,1,0,1,1,3,2,75,1,2,1,1,0,0,2,1,0,0,20,48,21,45,23,11,0,0,0,0,1,6,0,400480,0,2009,185,INDIAN NATION TURNPI,99999999999999999999,0000000,35.11738611,-96.89076667,1,1
40,89,9,27,1,5,1,3,0,0,4,3,0,38,0,1,4,1,2,55,2,2,2,1,0,0,2,1,0,0,1,7,1,34,99,99,0,0,0,0,1,1,1,400481,0,2009,54,SR-4,99999999999999999999,0000000,34.43773611,-94.5752,1,1
40,9,9,27,5,13,1,2,0,1,1,1,0,52,0,1,3,2,2,70,1,2,2,1,0,0,2,1,0,0,5,19,5,26,88,88,0,0,0,0,2,1,0,400482,0,2009,109,I-40,99999999999999999999,0000000,35.38633333,-99.45320556,1,1
40,127,9,28,20,30,1,1,0,0,2,3,0,37,0,1,4,1,2,55,1,2,2,1,0,0,2,1,0,0,20,24,20,38,88,88,0,0,0,0,1,2,1,400483,0,2009,21,SR--147,99999999999999999999,0000000,34.1821,-95.34450556,1,1
40,143,9,28,16,15,1,1,0,1,12,8,0,43,0,1,4,2,2,65,1,1,1,1,0,0,1,1,0,0,16,43,16,51,88,88,0,0,0,0,1,2,0,400484,4780,2009,71,CREEK TURNPIKE,99999999999999999999,0000000,36.02526667,-95.89218611,1,1
40,113,9,28,15,33,1,1,0,0,6,4,0,1,0,1,4,1,2,99,2,2,2,1,0,0,1,1,0,0,99,98,99,98,88,88,0,0,0,0,1,2,1,400485,0,2009,0,BIRCH COVE RD,99999999999999999999,0000000,36.51494167,-96.16554444,1,1
40,51,9,30,10,28,1,1,0,0,4,4,0,10,0,6,1,1,2,99,1,1,2,1,70,3,1,1,0,0,10,26,10,31,88,88,0,0,0,0,1,4,0,400486,0,2009,0,CARDINAL RD,99999999999999999999,595487E,35.18923889,-97.95067778,1,1
40,143,9,2,17,30,1,1,0,1,12,2,0,7,0,1,1,3,2,99,1,2,1,1,0,0,1,1,0,0,17,35,17,37,17,56,0,0,0,0,1,4,0,400487,1060,2009,159,US-169,99999999999999999999,0000000,36.36105556,-95.82186111,1,1
40,83,10,2,10,0,1,2,1,0,16,6,0,8,0,3,1,1,2,25,1,1,2,1,0,0,1,1,0,0,10,8,10,10,10,32,0,0,0,0,1,6,0,400488,2000,2009,0,OKLAHOMA AVENUE,1ST SREET,0000000,35.87825278,-97.42660833,1,1
40,71,10,5,19,13,2,5,0,0,4,4,0,12,5,2,1,1,2,55,1,1,2,2,20,3,5,2,0,0,19,13,19,17,19,45,0,0,0,0,2,2,1,400489,0,2009,0,HUBBARD,13TH,0000000,36.75332778,-97.30084444,2,2
40,83,10,6,20,54,1,1,0,0,4,3,0,42,0,1,5,1,2,65,1,1,1,1,0,0,2,1,0,0,20,45,20,50,88,88,0,0,0,0,1,3,0,400490,0,2009,34,SR-74,99999999999999999999,0000000,35.77465,-97.5852,1,1
40,51,10,6,22,53,1,3,0,0,6,4,0,1,0,1,4,1,2,45,1,1,4,1,0,0,2,1,0,0,22,53,22,59,88,88,0,0,0,0,1,3,1,400491,136,2009,0,NO NAME,99999999999999999999,0000000,35.14910833,-97.95169722,1,1
40,15,10,10,12,15,2,2,0,0,3,2,0,12,4,1,2,1,2,65,2,2,2,1,0,0,1,1,0,0,99,99,99,99,99,99,0,0,0,0,1,7,1,400492,0,2009,179,US-281,99999999999999999999,0000000,35.29446944,-98.30694444,2,1
40,25,10,10,10,26,1,1,0,1,2,2,0,24,0,1,4,1,2,65,1,1,2,2,0,0,1,3,0,0,10,16,10,40,88,88,0,0,0,0,1,7,0,400493,0,2009,200,US-56,99999999999999999999,0000000,36.63157778,-102.6804556,1,3
40,113,10,11,16,16,3,9,0,0,3,3,0,12,2,1,1,1,2,55,2,2,2,1,0,0,1,1,0,0,16,30,16,46,17,37,0,0,0,0,4,1,0,400494,0,2009,177,SR-11,99999999999999999999,0000000,36.55083611,-96.12307222,3,1
40,137,10,14,1,30,1,1,0,0,3,3,0,38,0,1,4,1,2,65,2,1,2,2,0,0,2,2,0,0,99,98,99,98,88,88,0,0,0,0,1,4,1,400495,0,2009,207,SR-29,99999999999999999999,0000000,34.63763611,-97.59883056,1,2
40,111,10,14,3,27,1,3,0,0,4,4,0,42,0,1,6,1,2,40,2,1,2,1,0,0,2,1,0,0,3,28,3,40,4,1,0,0,0,0,2,4,0,400496,0,2009,0,OLD HWY 75,99999999999999999999,0000000,35.67967778,-95.9797,1,1
40,101,10,19,21,45,1,2,0,0,6,4,0,37,0,1,4,1,2,45,1,2,5,1,0,0,2,1,0,0,22,16,22,37,88,88,0,0,0,0,2,2,1,400497,0,2009,0,ARROW POINT RD,99999999999999999999,0000000,35.61409722,-95.19830556,1,1