STATE,COUNTY,MONTH,DAY,HOUR,MINUTE,VE_TOTAL,PERSONS,PEDS,NHS,ROAD_FNC,ROUTE,SP_JUR,HARM_EV,MAN_COLL,REL_JUNC,REL_ROAD,TRAF_FLO,NO_LANES,SP_LIMIT,ALIGNMNT,PROFILE,PAVE_TYP,SUR_COND,TRA_CONT,T_CONT_F,LGT_COND,WEATHER1,WEATHER2,WRK_ZONE,NOT_HOUR,NOT_MIN,ARR_HOUR,ARR_MIN,HOSP_HR,HOSP_MN,SCH_BUS,CF1,CF2,CF3,FATALS,DAY_WEEK,DRUNK_DR,ST_CASE,CITY,YEAR,MILEPT,TWAY_ID,TWAY_ID2,RAIL,LATITUDE,LONGITUD,VE_FORMS,WEATHER
40,133,10,20,9,59,2,3,0,1,2,3,0,12,4,1,1,1,2,65,1,1,2,1,0,0,1,1,0,0,10,15,10,28,11,5,0,0,0,0,1,3,0,400498,0,2009,150,SR-3E,99999999999999999999,0000000,35.00870556,-96.67863333,2,1
40,89,9,25,7,56,2,2,0,0,14,2,0,12,4,3,1,1,2,55,1,1,2,1,0,0,1,1,0,0,7,56,7,57,8,22,0,0,0,0,1,6,0,400499,2370,2009,35,US-70,LEFLORE,0000000,33.88092778,-94.84057222,2,1
40,71,10,1,2,10,1,2,0,0,14,4,0,43,0,1,4,1,2,55,1,2,2,1,0,0,2,1,0,0,99,99,99,99,88,88,0,0,0,0,1,5,1,400500,0,2009,0,HUBBARD,99999999999999999999,0000000,36.75275833,-97.040325,1,1
40,139,10,1,10,40,3,4,0,1,2,2,0,12,1,1,1,2,2,65,1,1,2,1,50,3,1,1,0,2,8,30,8,36,9,44,0,14,18,0,1,5,0,400501,0,2009,150,US-54,99999999999999999999,0000000,36.62607222,-101.5708167,3,1
40,31,10,2,18,18,2,7,0,1,13,6,0,12,4,2,1,2,3,40,1,1,1,1,20,3,1,1,0,0,18,20,18,24,18,53,0,0,0,0,1,6,0,400502,2750,2009,0,NW CACHE RD,NW PERSHING,0000000,34.62325,-98.41621389,2,1
40,9,10,2,19,0,2,2,0,0,4,4,0,12,2,1,1,1,2,55,1,3,2,1,0,0,1,1,0,0,99,99,99,99,99,99,0,0,0,0,1,6,0,400503,0,2009,0,NO NAME,99999999999999999999,0000000,35.18935278,-99.84432222,2,1
40,21,10,2,22,49,2,3,0,0,4,4,0,12,2,1,1,1,2,45,1,1,2,1,0,0,2,1,0,0,22,53,23,24,0,35,0,0,0,0,1,6,0,400504,0,2009,0,4 MILE ROAD,99999999999999999999,0000000,35.81721389,-95.18059444,2,1
40,53,10,3,1,0,1,2,0,0,4,3,0,32,0,1,4,1,2,65,2,1,2,1,0,0,2,1,0,0,1,1,1,22,88,88,0,0,0,0,1,7,1,400505,0,2009,200,SR-132,99999999999999999999,0000000,36.94350833,-98.03930556,1,1
40,15,10,3,3,0,1,1,0,0,4,4,0,1,0,1,4,1,2,45,1,1,2,1,0,0,2,1,0,0,99,98,99,98,88,88,0,0,0,0,1,7,1,400506,0,2009,0,NO NAME,99999999999999999999,0000000,35.2736,-98.50006389,1,1
40,77,10,3,8,15,1,1,0,0,3,3,0,27,0,1,4,1,2,65,1,2,2,1,0,0,1,1,0,0,8,12,8,20,88,88,0,0,0,0,1,7,0,400507,0,2009,84,SR-2,99999999999999999999,0000000,35.00900556,-95.32599444,1,1
40,71,10,5,14,20,2,3,0,1,1,1,0,12,5,11,1,2,2,65,1,1,2,1,20,3,1,1,0,0,14,12,14,16,88,88,0,0,0,0,2,2,0,400508,4750,2009,70,I-35,US-60,0000000,36.69498333,-97.34568611,2,1
40,5,10,7,13,10,1,1,0,0,9,4,0,38,0,1,6,1,2,45,2,1,2,2,0,0,1,1,0,0,13,24,13,46,88,88,0,0,0,0,1,4,0,400509,0,2009,0,NO NAME,99999999999999999999,0000000,34.22916111,-95.91886944,1,1
40,71,10,7,13,25,2,3,0,0,3,2,0,12,5,1,1,1,2,65,2,1,2,1,0,0,1,1,0,0,13,30,13,41,88,88,0,0,0,0,2,4,0,400510,0,2009,215,US-77,99999999999999999999,0000000,36.97804722,-97.04255278,2,1
40,95,10,19,15,1,2,2,0,0,3,3,0,12,4,1,1,1,2,65,2,1,2,1,0,0,1,1,0,0,15,2,15,10,88,88,0,0,0,0,1,2,0,400511,0,2009,54,SR-70,99999999999999999999,0000000,34.14481389,-96.70701111,2,1
40,143,10,10,11,10,2,2,0,0,14,6,0,12,2,1,1,1,2,40,1,1,2,1,0,0,1,1,0,0,11,11,11,18,11,52,0,0,0,0,1,7,0,400512,4780,2009,0,S LEWIS AVE,99999999999999999999,0000000,36.03607778,-95.954525,2,1
40,95,10,20,8,0,2,3,0,0,4,3,0,12,5,2,1,1,2,55,1,1,2,1,20,3,1,1,0,0,8,1,8,12,8,25,0,0,0,0,1,3,0,400513,0,2009,10,SR-70B,MUNCRIEF RD,0000000,33.988925,-96.70933333,2,1
40,111,10,23,22,44,2,2,0,1,2,2,0,12,2,1,1,3,2,65,1,1,2,1,0,0,2,1,0,0,22,46,22,59,99,99,0,0,0,0,1,6,1,400514,0,2009,155,US-75,99999999999999999999,0000000,35.82254444,-96.0157,2,1
40,109,10,24,9,16,2,2,0,1,13,3,0,1,0,1,1,2,3,45,1,3,2,1,0,0,1,1,0,0,9,19,9,21,9,52,0,0,0,0,1,7,0,400515,4990,2009,33,SR-3,99999999999999999999,0000000,35.55069444,-97.62189167,2,1
40,105,10,24,1,30,1,1,0,0,6,4,0,42,0,1,4,1,2,45,2,1,4,1,0,0,2,1,0,0,99,99,99,99,88,88,0,0,0,0,1,7,1,400516,0,2009,0,NO NAME,99999999999999999999,0000000,36.94248333,-95.64268056,1,1
40,21,10,27,18,13,5,8,0,0,13,2,0,12,2,1,1,1,4,35,1,2,2,1,0,0,1,1,0,0,18,12,18,18,18,43,0,0,0,0,1,3,1,400517,4600,2009,21,US-62,99999999999999999999,0000000,35.88808333,-94.97695833,5,1
40,109,10,29,7,30,1,1,0,0,13,6,0,30,0,1,4,3,2,40,1,2,2,6,0,0,3,2,0,0,99,99,99,99,99,99,0,5,0,0,1,5,0,400518,3550,2009,0,N MAY,99999999999999999999,0000000,35.52894444,-97.565675,1,2
40,71,10,31,4,41,1,1,0,1,1,1,0,24,0,1,2,3,2,70,1,1,1,1,0,0,2,1,0,0,4,45,4,53,88,88,0,0,0,0,1,7,0,400519,0,2009,30,I-35,99999999999999999999,0000000,36.63670833,-97.34568333,1,1
40,143,10,27,17,9,2,3,0,0,14,3,0,12,4,1,1,2,2,65,1,1,1,1,0,0,2,1,0,0,17,8,17,19,18,23,0,0,0,0,2,3,0,400520,400,2009,50,SR-67,99999999999999999999,0000000,35.94437222,-95.93969167,2,1
40,79,10,31,9,35,1,1,0,0,4,3,0,1,0,1,1,1,2,65,1,1,2,1,0,0,1,1,0,0,9,48,10,0,88,88,0,0,0,0,1,7,0,400521,0,2009,48,SR-83,99999999999999999999,0000000,34.99306111,-94.55802222,1,1
40,27,10,23,12,45,2,3,0,0,14,6,0,12,4,2,1,1,2,35,1,2,2,1,20,3,1,1,0,0,12,51,13,3,13,18,0,0,0,0,1,6,0,400522,3220,2009,0,S BRYANT AVE,S BROADWAY,0000000,35.29558333,-97.45928889,2,1
40,37,11,5,19,18,3,9,0,0,4,3,0,12,4,1,1,1,2,65,2,3,2,1,0,0,2,1,0,0,19,19,19,33,20,57,0,0,0,0,1,5,1,400523,0,2009,106,SR-66,99999999999999999999,0000000,35.81592778,-96.45146944,3,1
40,109,3,16,17,12,2,2,0,0,4,6,0,12,2,4,1,1,2,40,1,2,2,1,0,0,1,1,0,0,99,98,99,98,88,88,0,0,0,0,1,2,0,400524,3550,2009,0,S CHOCTAW RD,99999999999999999999,0000000,35.39366667,-97.26489167,2,1
40,131,3,25,12,30,2,4,0,0,13,3,0,12,5,4,1,2,2,50,1,1,2,1,0,0,1,1,0,0,12,32,12,35,99,99,0,0,0,0,2,4,0,400525,870,2009,24,SR-66,99999999999999999999,0000000,36.19056667,-95.73514444,2,1
40,109,4,3,1,48,1,4,2,1,13,3,0,43,0,1,5,2,3,50,1,1,1,1,0,0,3,1,0,0,1,49,1,53,2,22,0,0,0,0,1,6,1,400526,3550,2009,14,SR-3,99999999999999999999,0000000,35.56359722,-97.65141667,1,1
40,99,7,28,21,0,2,3,0,0,4,3,0,12,4,2,1,1,4,30,1,1,2,1,20,3,2,1,0,0,21,8,21,35,22,39,0,0,0,0,1,3,1,400527,4560,2009,78,SR-7,WEST 13TH ST,0000000,34.50643889,-96.98468611,2,1
40,143,6,12,1,56,1,1,0,0,14,6,0,1,0,1,1,1,4,40,1,1,2,1,0,0,3,1,0,0,1,54,1,58,88,88,0,0,0,0,1,6,1,400528,4780,2009,0,E PINE ST,99999999999999999999,0000000,36.17716667,-95.96184167,1,1
40,143,8,16,7,0,1,1,0,1,12,2,0,43,0,1,2,3,3,65,1,1,1,1,0,0,1,1,0,0,6,57,7,7,7,28,0,0,0,0,1,1,1,400529,4780,2009,69,US-169,99999999999999999999,0000000,36.10805,-95.85957222,1,1
40,111,9,5,0,44,1,1,0,0,6,4,0,5,0,1,1,1,2,45,1,1,5,5,0,0,2,1,0,0,0,43,1,4,2,22,0,0,0,0,1,7,1,400530,0,2009,0,DENTONVILLE RD,99999999999999999999,0000000,35.71165278,-96.17512778,1,1
40,83,9,26,19,56,1,3,0,0,3,3,0,1,0,1,4,1,2,70,2,2,2,1,0,0,2,1,0,0,19,56,20,2,21,0,0,0,0,0,1,7,1,400531,0,2009,52,SR-33,99999999999999999999,0000000,35.90289167,-97.34321111,1,1
40,109,8,25,12,36,3,4,0,0,14,6,0,12,3,4,1,1,4,40,1,1,2,1,0,0,1,1,0,0,12,36,12,44,13,7,0,0,0,0,1,3,0,400533,3550,2009,0,NW 10TH ST,99999999999999999999,0000000,35.47891389,-97.62839444,3,1
40,81,10,23,16,20,1,1,0,0,4,3,0,34,0,1,4,1,2,65,1,2,2,2,0,0,1,1,0,0,99,98,99,98,88,88,0,0,0,0,1,6,0,400534,0,2009,17,SR-18B,99999999999999999999,0000000,35.59374444,-96.85348611,1,1
40,31,11,1,15,4,2,3,0,0,6,4,0,12,5,2,1,1,2,45,1,1,2,1,21,3,1,1,0,0,15,10,15,18,16,49,0,0,0,0,1,1,0,400535,0,2009,0,135TH ST,WOODLAWN,0000000,34.550675,-98.22961667,2,1
40,19,11,1,18,16,1,1,0,0,4,2,0,11,0,1,1,2,2,65,1,1,2,1,0,0,5,1,0,0,18,16,18,25,88,88,0,0,0,0,1,1,0,400536,0,2009,72,US-77,99999999999999999999,0000000,34.27895833,-97.14301389,1,1
40,9,11,2,6,39,2,2,0,0,4,3,0,12,2,1,1,1,2,65,1,2,2,1,0,0,2,1,0,0,6,48,7,7,7,47,0,0,0,0,1,2,0,400537,0,2009,35,SR-6,99999999999999999999,0000000,35.42016111,-99.77941667,2,1
40,37,11,2,15,14,2,3,0,0,4,3,0,12,5,2,1,1,2,65,2,1,2,1,0,0,1,1,0,0,15,14,15,24,16,23,0,0,0,0,1,2,0,400538,0,2009,82,SR-66,S 449T W AVE,0000000,35.80915278,-96.49173333,2,1
40,139,11,2,16,20,2,2,0,1,2,2,0,12,2,1,1,1,2,65,2,1,2,1,0,0,1,1,0,0,16,27,16,34,88,88,0,0,0,0,1,2,1,400539,0,2009,184,US-64,99999999999999999999,0000000,36.74772222,-101.4927667,2,1
40,137,11,2,19,16,1,2,0,0,4,4,0,1,0,1,4,1,2,55,1,2,2,1,0,0,2,1,0,0,19,23,19,37,99,99,0,0,0,0,1,2,0,400540,2840,2009,0,NO NAME,99999999999999999999,0000000,34.373475,-97.68486667,1,1
40,79,11,4,12,19,1,1,0,0,4,3,0,1,0,1,4,1,2,45,2,2,2,1,0,0,1,1,0,0,11,59,12,29,13,19,0,0,0,0,1,4,0,400541,0,2009,194,SR-1,99999999999999999999,0000000,34.71319167,-94.66611944,1,1
40,41,11,7,12,50,1,1,0,0,6,4,0,37,0,1,4,1,2,40,2,1,2,1,0,0,1,1,0,0,99,99,99,99,99,99,0,0,0,0,1,7,0,400542,0,2009,0,SUMMERFIELD RD,99999999999999999999,0000000,36.42335833,-94.82727222,1,1
40,97,11,10,16,5,1,2,0,0,6,4,0,1,0,1,1,1,2,45,2,1,2,1,0,0,1,1,0,0,16,3,16,17,88,88,0,0,0,0,1,3,0,400543,0,2009,0,NO NAME,99999999999999999999,0000000,36.15146944,-95.17406667,1,1
40,71,11,10,21,14,1,2,0,0,6,4,0,1,0,1,1,1,2,55,1,1,4,1,0,0,2,1,0,0,21,9,21,15,21,42,0,0,0,0,1,3,1,400544,0,2009,0,INDUSTRIAL BLVD,99999999999999999999,0000000,36.72424722,-97.12115278,1,1
40,61,11,12,5,57,1,1,0,0,3,3,0,11,0,1,1,1,2,65,1,4,2,1,0,0,2,5,0,0,6,0,6,32,88,88,0,0,0,0,1,5,0,400545,0,2009,8,SR-2,99999999999999999999,0000000,35.11512222,-95.34247222,1,5
40,143,11,12,17,37,2,3,0,1,11,1,0,12,1,1,1,3,3,65,1,1,2,1,0,0,5,1,0,0,17,35,18,27,18,40,0,0,0,0,1,5,0,400546,4780,2009,128,I-244,99999999999999999999,0000000,36.16255,-95.87787222,2,1
40,41,11,15,12,17,1,2,1,0,4,3,0,8,0,1,4,1,2,65,2,1,2,2,0,0,1,2,0,0,11,56,12,17,88,88,0,0,0,0,1,1,0,400547,0,2009,154,SR-20,99999999999999999999,0000000,36.48491389,-94.61544722,1,2
40,17,11,16,8,11,1,1,0,0,4,4,0,35,0,1,4,1,2,45,1,1,2,5,0,0,1,2,0,0,8,10,8,30,88,88,0,0,0,0,1,2,1,400548,0,2009,0,WALBAUM RD,99999999999999999999,0000000,35.55858056,-98.24244167,1,2
40,109,11,8,23,17,8,5,0,0,14,6,0,31,0,1,5,1,4,40,1,1,2,1,0,0,3,1,0,0,23,17,23,20,23,43,0,14,0,0,1,1,1,400549,3550,2009,0,NW 10TH ST,99999999999999999999,0000000,35.47873889,-97.59045833,1,1
40,85,11,8,15,36,1,2,0,1,1,1,0,24,0,1,4,2,2,70,1,1,1,1,0,0,1,1,0,0,15,35,15,39,15,56,0,0,0,0,1,1,0,400550,0,2009,143,I-35,99999999999999999999,0000000,33.92458056,-97.13402778,1,1
40,93,11,11,9,5,2,2,0,1,2,2,0,12,2,1,1,1,2,65,1,1,2,1,0,0,1,1,0,0,9,21,9,31,10,14,0,0,0,0,1,4,0,400551,0,2009,93,US-60,99999999999999999999,0000000,36.39104444,-98.27464444,2,1
40,121,11,7,7,37,2,3,0,0,3,2,0,12,5,2,1,1,4,55,1,1,2,1,20,3,1,1,0,0,99,99,99,99,99,98,0,0,0,0,1,7,0,400552,284,2009,89,US-270,BACHE RD,0000000,34.89386667,-95.62999167,2,1
40,81,11,5,13,57,1,1,0,0,4,2,0,38,0,1,4,1,2,65,2,2,2,1,0,0,1,1,0,0,99,99,99,99,99,99,0,0,0,0,1,5,0,400553,0,2009,50,US-62,99999999999999999999,0000000,35.50829722,-97.05963333,1,1
40,109,11,6,8,5,2,3,0,0,14,6,0,12,1,2,1,1,4,45,1,2,2,1,0,0,1,1,0,0,8,6,8,12,8,43,0,0,0,0,1,6,0,400554,1480,2009,0,EAGLE DR,DANFORTH,0000000,35.66733889,-97.45370833,2,1
40,145,11,7,5,14,2,2,0,0,14,6,0,12,2,1,1,1,4,45,1,1,2,1,0,0,2,1,0,0,99,99,99,99,99,99,0,0,0,0,1,7,1,400555,590,2009,0,EAST KENOSHA,99999999999999999999,0000000,36.06093056,-95.72284722,2,1
40,23,11,6,13,30,2,2,0,1,2,2,0,12,5,1,1,3,2,70,1,1,2,1,20,3,1,1,0,0,13,5,13,11,13,59,0,0,0,0,1,6,0,400556,0,2009,53,US-271,99999999999999999999,0000000,33.93998889,-95.5235,2,1
40,109,11,6,18,17,2,2,0,0,14,6,0,12,5,2,1,2,4,40,1,2,1,1,20,3,3,1,0,0,18,19,18,29,18,37,0,0,0,0,1,6,0,400557,3550,2009,0,NE 36TH,SPRINGLAKE DRIVE,0000000,35.50772222,-97.49507778,2,1
40,111,11,6,17,0,2,2,0,0,4,3,0,12,2,1,1,1,2,65,1,2,2,1,0,0,1,1,0,0,17,5,17,24,88,88,0,0,0,0,1,6,1,400558,0,2009,3,SR-16,99999999999999999999,0000000,35.74079722,-96.18711667,2,1
40,89,11,7,1,49,1,2,0,1,2,2,0,42,0,1,2,1,2,65,1,2,2,1,0,0,2,1,0,0,1,38,1,57,88,88,0,0,0,0,1,7,0,400559,0,2009,192,US-70,99999999999999999999,0000000,34.053625,-94.54873611,1,1
40,5,11,7,14,55,1,2,0,1,2,2,0,42,0,1,4,3,2,70,1,2,2,1,0,0,1,1,0,0,15,0,15,15,99,99,0,0,0,0,1,7,1,400560,0,2009,203,US-69,99999999999999999999,0000000,34.62345278,-95.96251111,1,1
40,21,11,7,13,42,2,3,0,0,3,2,0,12,5,4,1,1,4,65,1,1,1,1,0,0,1,1,0,0,99,98,99,98,88,88,0,0,0,0,1,7,0,400561,0,2009,57,US-62,99999999999999999999,0000000,35.833975,-95.04078889,2,1
40,145,11,8,0,17,1,2,0,0,5,4,0,42,0,1,4,1,2,45,2,1,2,1,0,0,2,1,0,0,0,14,0,27,99,99,0,18,0,0,1,1,1,400562,0,2009,0,WHITEHORN COVE RD,99999999999999999999,0000000,36.00255833,-95.31830278,1,1
40,113,11,9,9,45,2,2,0,0,4,4,0,12,2,1,1,1,2,45,1,2,2,1,0,0,1,1,0,0,99,99,99,99,99,99,0,0,0,0,1,2,0,400563,0,2009,0,NO NAME,99999999999999999999,0000000,36.26311667,-96.25543333,2,1
40,79,11,16,17,57,1,3,1,0,13,2,0,8,0,1,1,1,4,35,1,1,2,1,0,0,3,1,0,0,17,59,18,5,88,88,0,0,0,0,1,2,0,400564,3840,2009,46,US-59,99999999999999999999,0000000,35.09033056,-94.63105278,1,1
40,125,11,18,18,45,2,2,0,0,4,3,0,12,5,2,1,1,2,55,1,1,2,1,20,3,2,1,0,0,18,42,18,56,88,88,0,0,0,0,1,4,1,400565,2950,2009,9,SR-102,NO NAME,0000000,35.44839167,-97.088925,2,1
40,3,11,19,9,52,2,2,0,0,6,4,0,12,4,2,1,1,2,55,1,2,5,1,0,0,1,1,0,0,9,51,10,3,11,26,0,0,0,0,1,5,1,400566,0,2009,0,NO NAME,NO NAME,0000000,36.52101111,-98.15784722,2,1
40,47,11,20,17,51,3,5,0,1,13,2,0,12,4,4,1,2,2,40,1,1,1,2,0,0,1,1,0,0,17,55,17,58,18,32,0,0,0,0,1,6,0,400567,1550,2009,107,US-412,99999999999999999999,0000000,36.39075556,-97.9122,3,1
40,113,11,24,13,0,2,2,0,1,2,2,0,12,5,2,1,1,2,45,1,1,2,1,20,3,1,1,0,0,13,13,13,20,13,40,0,0,0,0,1,3,0,400568,0,2009,14,US-60,CITY VIEW,0000000,36.68054722,-97.04256667,2,1
40,85,11,25,14,26,1,1,0,0,4,2,0,34,0,1,4,1,2,65,1,2,2,1,0,0,1,1,0,0,13,28,13,31,99,99,0,0,0,0,1,4,1,400569,0,2009,21,US-77,99999999999999999999,0000000,33.97110833,-97.12631111,1,1
40,27,11,26,19,17,2,6,1,1,11,1,0,8,0,1,1,3,2,60,1,1,2,1,0,0,2,1,0,0,99,99,99,99,99,99,0,0,0,0,1,5,0,400570,3430,2009,16,I-35,99999999999999999999,0000000,35.20740833,-97.48078889,2,1
40,109,11,26,23,33,1,1,0,0,14,6,0,33,0,1,4,1,3,40,2,2,2,1,0,0,2,1,0,0,23,35,23,43,0,8,0,0,0,0,1,5,1,400571,3550,2009,0,KELLY AVE,99999999999999999999,0000000,35.55370278,-97.49576667,1,1
40,109,11,27,4,46,1,1,0,1,12,8,0,32,0,1,4,2,2,70,1,1,1,1,0,0,3,1,0,0,99,99,99,99,88,88,0,0,0,0,1,6,1,400572,3550,2009,53,KILPATRICK TP,99999999999999999999,0000000,35.603325,-97.5211,1,1
40,115,11,28,4,3,1,2,1,0,14,3,0,8,0,1,1,1,2,55,1,1,2,1,0,0,2,1,0,0,99,99,99,99,99,99,0,0,0,0,1,7,0,400573,3160,2009,12,SR-69A,99999999999999999999,0000000,36.88554722,-94.84175278,1,1
40,91,11,29,19,40,1,2,0,1,1,1,0,42,0,1,4,2,2,70,1,1,2,2,0,0,2,2,0,0,19,32,19,45,99,99,0,0,0,0,1,1,0,400574,0,2009,75,I-40,99999999999999999999,0000000,35.449675,-95.74739444,1,2
40,95,11,30,12,49,2,5,0,0,4,2,0,12,5,2,1,1,2,65,1,1,2,1,3,3,1,1,0,0,12,45,12,48,88,88,0,0,0,0,3,2,0,400575,0,2009,99,US-377,SR-32,0000000,33.99840556,-96.79603611,2,1
40,145,11,6,21,11,3,5,0,1,2,8,0,12,2,1,1,3,2,75,1,1,1,1,0,0,2,1,0,0,21,11,21,20,22,25,0,0,0,0,2,6,1,400576,0,2009,65,MUSKOGEE TP,99999999999999999999,0000000,36.00724167,-95.655575,3,1
40,13,12,1,5,25,1,2,0,0,4,3,0,42,0,1,4,1,2,65,1,2,2,1,0,0,2,1,0,0,5,20,5,32,88,88,0,0,0,0,2,3,0,400577,0,2009,25,SR-70E,99999999999999999999,0000000,33.925,-96.32965556,1,1
40,13,12,2,9,22,1,1,0,1,2,2,0,32,0,1,4,1,2,50,1,1,2,2,0,0,1,2,0,0,9,39,9,50,88,88,0,0,0,0,1,4,1,400579,0,2009,81,US-70,99999999999999999999,0000000,33.9976,-96.23274444,1,2
40,21,12,2,21,2,1,3,1,0,13,2,0,8,0,1,1,2,2,45,2,2,2,1,0,0,2,1,0,0,99,99,99,99,99,99,0,0,0,0,1,4,0,400580,4600,2009,99999,US-62,99999999999999999999,0000000,35.85843611,-94.97933333,1,1
40,113,12,3,0,1,1,1,0,0,4,4,0,38,0,1,4,1,2,45,2,1,2,1,0,0,2,1,0,0,99,98,99,98,88,88,0,0,0,0,1,5,0,400581,0,2009,0,NO NAME,99999999999999999999,0000000,36.29635833,-96.246375,1,1
40,119,12,3,16,35,1,2,0,0,6,4,0,42,0,1,4,1,2,45,1,2,2,1,0,0,2,1,0,0,16,30,16,35,88,88,0,0,0,0,2,5,0,400582,0,2009,0,KINGS HWY,99999999999999999999,0000000,35.95388333,-96.78493611,1,1
40,109,12,3,22,57,1,2,0,0,16,6,0,30,0,2,4,1,2,25,1,1,2,1,0,0,3,1,0,0,23,4,23,4,23,40,0,0,0,0,1,5,1,400583,3550,2009,0,NW 25TH ST,N DOUGLAS AVE,0000000,35.49531944,-97.53446389,1,1
40,71,12,5,19,42,2,3,0,1,2,2,0,12,4,2,1,2,2,70,1,1,2,1,20,3,2,1,0,0,19,45,19,50,20,13,0,0,0,0,1,7,0,400584,0,2009,10,US-60,O STREET,0000000,36.688275,-97.26476389,2,1
40,143,12,6,6,59,2,3,0,1,11,1,0,24,0,1,4,3,2,65,1,1,2,1,0,0,4,1,0,0,6,58,7,2,7,55,0,0,0,0,2,1,0,400585,4780,2009,6,I-44,99999999999999999999,0000000,36.08885556,-96.03008056,2,1
40,113,12,8,11,44,2,3,0,0,3,3,0,12,2,1,1,1,2,65,1,2,2,2,0,0,1,1,0,0,11,5,11,18,12,50,0,18,0,0,1,3,1,400586,0,2009,132,SR-99,99999999999999999999,0000000,36.58589167,-96.30654444,2,1
40,131,12,9,15,35,1,2,0,0,6,4,0,38,0,1,4,1,2,45,1,1,2,1,0,0,1,1,0,0,99,99,99,99,99,99,0,0,0,0,1,4,0,400587,0,2009,0,NO NAME,99999999999999999999,0000000,36.46691944,-95.76571111,1,1
40,39,12,8,17,43,2,2,0,0,13,3,0,12,3,1,1,2,2,40,1,1,2,2,0,0,3,1,0,0,17,45,17,49,18,6,0,0,0,0,1,3,0,400588,0,2009,12,SR-40B,99999999999999999999,0000000,35.52606111,-98.69751667,2,1
40,111,12,7,18,25,1,1,0,1,13,2,0,32,0,1,4,3,2,65,1,1,2,1,0,0,2,1,0,0,18,28,18,34,88,88,0,0,0,0,1,2,0,400589,0,2009,25,US-75,99999999999999999999,0000000,35.46654722,-95.96286667,1,1
40,79,12,9,20,24,2,3,0,0,14,3,0,12,2,1,2,1,2,65,1,1,2,1,0,0,2,1,0,0,20,16,20,25,21,45,0,0,0,0,2,4,1,400590,0,2009,10,SR-112,99999999999999999999,0000000,35.10340278,-94.61778889,2,1
40,121,12,10,99,99,1,1,0,0,4,3,0,42,0,1,4,1,2,55,2,1,2,9,0,0,9,9,0,0,99,98,99,98,88,88,0,0,0,0,1,5,0,400591,0,2009,13,SR-113,99999999999999999999,0000000,34.99969167,-95.74153889,1,9
40,107,12,10,4,13,1,4,0,1,1,1,0,27,0,1,4,2,2,70,2,3,2,2,0,0,2,1,0,0,99,99,99,99,99,99,0,0,0,0,2,5,0,400592,0,2009,46,I-40,99999999999999999999,0000000,35.40542222,-96.36537778,1,1
40,153,12,12,18,51,2,2,0,0,16,6,0,12,1,1,1,1,2,25,1,1,1,1,0,0,2,1,0,0,18,52,18,57,19,7,0,0,0,0,1,7,1,400593,5220,2009,0,10TH ST,99999999999999999999,0000000,36.44228333,-99.39195833,2,1
40,117,12,13,19,20,1,2,0,1,2,2,0,31,0,5,4,6,1,45,2,2,2,2,0,0,6,1,0,1,99,98,99,98,88,88,0,0,0,0,1,1,1,400594,0,2009,211,US-412,99999999999999999999,0000000,36.191275,-96.27459722,1,1
40,39,12,14,23,5,1,1,0,0,4,3,0,11,0,1,1,1,2,65,1,1,2,1,0,0,2,1,0,0,23,13,23,18,88,88,0,0,0,0,1,2,0,400595,0,2009,121,SR-54,99999999999999999999,0000000,35.69550278,-98.72088611,1,1
40,135,12,14,14,13,1,1,0,1,1,1,0,34,0,1,4,3,2,70,1,2,2,1,0,0,1,1,0,0,14,11,14,18,14,39,0,0,0,0,1,2,0,400597,0,2009,204,I-40,99999999999999999999,0000000,35.43415,-94.48252222,1,1
40,89,12,17,11,30,3,3,0,0,2,3,0,12,5,2,1,1,2,65,2,2,2,1,0,0,1,1,0,0,11,34,11,47,88,88,0,0,0,0,1,5,0,400598,0,2009,161,SR-3,SR-98,0000000,34.10081667,-94.910575,3,1
40,109,12,17,19,43,3,3,0,0,14,6,0,12,1,1,1,1,2,50,1,1,2,1,0,0,2,1,0,0,19,41,19,53,20,25,0,0,0,0,1,5,0,400599,3550,2009,0,CHOCTAW RD,99999999999999999999,0000000,35.43030556,-97.26494444,3,1
40,43,12,23,17,11,1,1,0,1,2,2,0,43,0,1,4,1,2,65,2,2,2,1,0,0,1,1,0,0,99,98,99,98,88,88,0,0,0,0,1,4,1,400600,0,2009,206,US-183,99999999999999999999,0000000,36.10185278,-98.95554722,1,1
40,137,12,24,14,13,1,3,1,0,3,3,0,8,0,1,1,1,2,65,1,2,2,3,0,0,1,4,0,0,88,88,88,88,88,88,0,0,0,0,1,5,0,400601,0,2009,28,SR-29,99999999999999999999,0000000,34.63795278,-97.90984167,1,4
40,143,12,24,12,14,2,4,0,0,14,3,0,12,2,1,1,1,4,45,1,1,2,2,0,0,1,1,0,0,12,14,12,25,13,14,0,0,0,0,3,5,0,400602,4170,2009,100,SR-51,99999999999999999999,0000000,36.12155,-96.12348056,2,1
40,133,12,24,17,19,2,3,1,0,4,3,0,8,0,1,4,1,2,65,2,2,2,3,0,0,5,4,0,0,17,17,17,31,88,88,0,0,0,0,1,5,0,400603,0,2009,2,SR-3,99999999999999999999,0000000,35.32427222,-96.77401111,1,4