STATE,COUNTY,MONTH,DAY,HOUR,MINUTE,VE_TOTAL,PERSONS,PEDS,NHS,ROAD_FNC,ROUTE,SP_JUR,HARM_EV,MAN_COLL,REL_JUNC,REL_ROAD,TRAF_FLO,NO_LANES,SP_LIMIT,ALIGNMNT,PROFILE,PAVE_TYP,SUR_COND,TRA_CONT,T_CONT_F,LGT_COND,WEATHER1,WEATHER2,WRK_ZONE,NOT_HOUR,NOT_MIN,ARR_HOUR,ARR_MIN,HOSP_HR,HOSP_MN,SCH_BUS,CF1,CF2,CF3,FATALS,DAY_WEEK,DRUNK_DR,ST_CASE,CITY,YEAR,MILEPT,TWAY_ID,TWAY_ID2,RAIL,LATITUDE,LONGITUD,VE_FORMS,WEATHER
40,51,12,25,14,21,1,3,0,1,2,2,0,1,0,1,3,2,2,70,1,1,2,3,0,0,1,1,0,0,99,99,99,99,99,99,0,0,0,0,1,6,0,400604,0,2009,112,US-81,99999999999999999999,0000000,34.83951667,-97.96031111,1,1
40,109,12,26,10,57,2,3,0,0,13,6,0,12,5,1,1,1,4,45,1,1,2,3,0,0,1,1,0,0,11,4,11,8,11,46,0,0,0,0,1,7,0,400605,3170,2009,0,DOUGLAS,99999999999999999999,0000000,35.48410833,-97.37082778,2,1
40,149,12,27,16,43,1,5,0,0,5,4,0,35,0,1,4,1,2,45,1,3,2,3,0,0,1,1,0,0,16,48,16,59,17,35,0,0,0,0,2,1,0,400606,0,2009,0,NO NAME,99999999999999999999,0000000,35.36406667,-99.29786667,1,1
40,109,12,27,4,8,1,1,0,0,14,6,0,30,0,1,4,1,4,45,1,1,2,4,0,0,2,1,0,0,99,98,99,98,88,88,0,0,0,0,1,1,1,400607,3550,2009,0,SW 89TH ST,99999999999999999999,0000000,35.37714167,-97.53291389,1,1
40,11,12,30,0,1,1,3,0,0,6,4,0,42,0,1,4,1,2,45,1,4,4,4,0,0,2,1,0,0,0,10,0,21,0,55,0,0,0,0,1,4,0,400608,0,2009,0,LOUIS LANE,99999999999999999999,0000000,36.11714444,-98.56553611,1,1
40,13,12,30,2,30,1,1,0,0,4,3,0,1,0,1,4,1,2,65,1,2,2,4,0,0,2,1,0,0,99,99,99,99,99,99,0,0,0,0,1,4,1,400609,0,2009,130,SR-78,99999999999999999999,0000000,34.0982,-96.48768611,1,1
40,137,4,21,12,14,1,1,0,1,13,2,0,1,0,1,1,1,2,65,2,1,2,1,0,0,1,1,0,0,12,13,12,20,12,39,0,18,0,0,1,3,0,400610,1420,2009,127,US-81,99999999999999999999,0000000,34.47033611,-97.97212778,1,1
40,19,4,24,17,30,2,3,0,0,4,3,0,12,4,2,1,1,3,45,1,3,2,1,0,0,1,1,0,0,18,50,18,53,19,15,0,0,0,0,1,6,0,400611,2140,2009,30,SR-76S,E LINCOLN ST,0000000,34.21725556,-97.47475,2,1
40,121,6,25,22,58,1,1,0,0,4,3,0,27,0,1,4,1,2,45,2,2,2,1,0,0,2,1,0,0,23,5,23,26,0,50,0,0,0,0,1,5,0,400612,3920,2009,4,SR-71,99999999999999999999,0000000,35.12819167,-95.37303611,1,1
40,41,7,29,22,20,1,1,0,0,4,4,0,32,0,1,4,1,2,45,1,1,2,1,0,0,2,1,0,0,22,22,22,30,23,15,0,0,0,0,1,4,0,400613,0,2009,0,MISSION RD,99999999999999999999,0000000,36.638625,-94.72994444,1,1
40,31,8,13,18,37,2,2,0,1,12,2,0,12,5,15,1,2,2,50,1,1,1,1,20,3,1,1,0,0,99,99,99,99,99,99,0,0,0,0,1,5,0,400614,2750,2009,53,US-62,SHERIDAN ROAD,0000000,34.63795278,-98.41985833,2,1
40,109,7,2,22,58,1,1,0,1,11,1,0,34,0,13,4,6,1,60,2,1,1,1,0,0,3,1,0,0,23,3,23,15,23,46,0,0,0,0,1,5,0,400615,3550,2009,52,I-44,I40,0000000,35.45998056,-97.57888056,1,1
40,93,8,21,11,37,2,2,0,0,14,2,0,12,1,8,1,1,4,45,1,1,2,9,0,0,1,1,0,0,99,99,99,99,99,99,0,0,0,0,1,6,0,400616,1610,2009,25,US-60,99999999999999999999,0000000,36.29703611,-98.47966111,2,1
40,27,10,2,21,17,2,3,0,0,14,6,0,12,4,2,1,1,4,40,1,1,2,1,3,3,3,1,0,0,99,99,99,99,99,99,0,0,0,0,1,6,1,400617,3430,2009,0,ALAMEDA ST,CRESTLAND DR,0000000,35.21841667,-97.413325,2,1
40,143,10,12,20,0,2,1,0,0,16,6,0,5,0,1,1,1,2,25,1,3,1,1,0,0,3,1,0,0,20,3,20,12,20,34,0,0,0,0,1,2,0,400618,4780,2009,0,E ARCHER ST,99999999999999999999,0000000,36.16315278,-95.83998333,1,1
40,143,11,2,17,11,2,3,0,0,14,6,0,12,2,1,1,1,2,45,1,1,2,1,0,0,1,1,0,0,17,5,17,14,17,38,0,0,0,0,1,2,0,400619,4780,2009,0,E ADMIRAL PL,99999999999999999999,0000000,36.16060833,-95.77898056,2,1
40,143,11,16,19,9,1,1,0,0,13,6,0,30,0,1,6,1,4,40,1,1,2,1,0,0,2,1,0,0,19,10,19,17,88,88,0,0,0,0,1,2,1,400620,4780,2009,0,S RIVERSIDE DR.,99999999999999999999,0000000,36.11023333,-95.98339722,1,1
40,143,11,23,21,8,1,1,0,0,14,6,0,43,0,1,6,1,2,40,1,2,2,1,0,0,2,1,0,0,21,6,21,13,88,88,0,0,0,0,1,2,1,400621,4780,2009,0,W 61ST ST,99999999999999999999,0000000,36.07484167,-95.99960833,1,1
40,29,9,24,15,5,3,3,0,1,2,3,0,12,2,1,2,1,2,65,2,1,2,1,0,0,1,1,0,0,15,15,15,22,15,46,0,20,0,0,1,5,1,400622,0,2009,114,SR-3,99999999999999999999,0000000,34.60022222,-96.32658056,3,1
40,143,11,26,6,30,1,1,0,0,15,6,0,42,0,1,4,1,2,45,1,2,2,1,0,0,6,1,0,0,6,30,6,45,88,88,0,0,0,0,1,5,1,400623,4780,2009,0,MOHAWK BL,99999999999999999999,0000000,36.20274444,-95.96321667,1,1
40,143,12,5,18,10,2,3,1,0,14,3,0,8,0,1,1,1,2,45,1,1,2,1,28,3,2,1,0,0,99,99,99,99,88,88,0,0,0,0,1,7,0,400624,4780,2009,1,SR-11,99999999999999999999,0000000,36.20598333,-95.9746,2,1
40,143,12,8,19,32,3,4,0,0,14,6,0,12,4,2,1,1,2,35,1,1,2,1,0,0,3,1,0,0,99,99,99,99,99,99,0,0,0,0,1,3,0,400625,4780,2009,0,1S 101ST E A,E 24TH ST,0000000,36.12756667,-95.86454722,3,1
40,143,12,13,22,10,1,1,0,1,12,3,0,23,0,1,4,2,3,55,2,2,2,1,0,0,3,1,0,0,99,99,99,99,88,88,0,0,0,0,1,1,1,400626,4780,2009,13,SR-51,99999999999999999999,0000000,36.14273611,-95.96010556,1,1
40,145,12,21,18,4,1,3,0,0,14,4,0,1,0,1,1,1,2,45,1,1,3,1,0,0,2,1,0,0,17,58,18,6,99,99,0,0,0,0,1,2,0,400627,0,2009,0,225TH,99999999999999999999,0000000,35.98531944,-95.726025,1,1
40,31,12,24,12,13,2,3,1,1,2,3,0,8,0,1,1,3,2,70,1,2,2,3,0,0,1,4,0,0,99,99,99,99,99,99,0,19,0,0,1,5,0,400628,0,2009,59,SR-7,99999999999999999999,0000000,34.59402778,-98.27520833,2,4
40,149,12,25,12,16,1,2,0,0,4,3,0,30,0,1,4,1,2,65,1,1,2,2,0,0,1,1,0,0,99,99,12,32,13,15,0,0,0,0,2,6,0,400629,0,2009,41,SR-55,99999999999999999999,0000000,35.16006667,-98.98828889,1,1
40,89,12,25,18,40,2,5,1,0,3,3,0,8,0,1,1,1,2,65,1,2,2,1,0,0,2,1,0,0,18,40,18,54,88,88,0,0,0,0,1,6,0,400630,0,2009,98,SR-3,99999999999999999999,0000000,33.85266944,-94.652625,2,1
40,143,11,3,19,45,3,7,0,0,14,6,0,12,5,2,1,2,2,40,1,1,2,1,3,3,3,1,0,0,99,99,99,99,99,99,0,0,0,0,1,3,0,400631,4780,2009,0,E 51ST ST,S HARVARD AV,0000000,36.08982222,-95.9403,3,1
40,125,11,30,13,32,1,1,0,0,3,2,0,1,0,1,4,1,2,65,1,1,2,1,0,0,1,1,0,0,13,30,13,36,14,1,0,0,0,0,1,2,0,400632,0,2009,5,US-177,99999999999999999999,0000000,35.39905556,-97.00095278,1,1
40,125,12,10,8,0,1,1,0,0,4,4,0,37,0,1,4,1,2,45,1,2,2,1,0,0,2,1,0,0,8,0,8,10,88,88,0,0,0,0,1,5,1,400633,0,2009,0,MOCCASIN TRAIL RD,99999999999999999999,0000000,35.43441389,-96.85731389,1,1
40,103,12,27,15,0,4,9,0,1,1,1,0,12,1,1,1,4,1,60,1,1,1,1,0,0,1,1,0,4,15,22,15,41,16,39,0,0,0,0,1,1,0,400634,0,2009,215,I-35,99999999999999999999,0000000,36.47043889,-97.32690833,4,1
40,85,12,29,18,40,1,1,0,0,4,3,0,42,0,1,4,1,2,65,1,2,2,3,0,0,2,4,0,0,18,50,19,1,88,88,0,0,0,0,1,3,1,400635,0,2009,117,SR-32,99999999999999999999,0000000,33.98392778,-96.95112778,1,4
40,139,12,30,4,20,1,1,0,0,4,4,0,1,0,1,4,1,2,45,2,1,2,1,0,0,2,1,0,0,5,51,6,5,88,88,0,0,0,0,1,4,0,400636,0,2009,0,NO NAME,99999999999999999999,0000000,36.84865833,-101.0796194,1,1
40,83,2,28,6,15,1,1,0,1,11,1,0,37,0,1,6,3,2,70,1,1,1,1,0,0,4,1,0,0,6,17,6,22,99,99,0,0,0,0,1,7,0,400637,0,2009,94,I-35,99999999999999999999,0000000,35.85526389,-97.3941,1,1
40,27,11,26,13,39,1,4,0,0,4,6,0,34,0,1,4,1,2,50,1,2,2,1,0,0,1,1,0,0,13,41,13,58,14,33,0,0,0,0,1,5,0,400638,3430,2009,0,120 AVE NE,99999999999999999999,0000000,35.31260278,-97.26539722,1,1
40,81,11,23,9,18,2,2,0,0,3,2,0,12,4,1,4,1,2,65,1,2,2,1,0,0,1,1,0,0,9,15,9,19,10,17,0,18,0,0,1,2,0,400639,0,2009,136,US-177,99999999999999999999,0000000,35.66308333,-97.01700278,2,1
40,153,5,18,12,20,1,1,0,1,2,2,0,1,0,1,4,2,2,65,2,1,2,1,0,0,1,1,0,0,99,99,99,99,99,99,0,0,0,0,1,2,0,400640,0,2009,266,US-183,99999999999999999999,0000000,36.38374167,-99.33855556,1,1
40,103,7,2,16,29,2,6,0,1,1,1,0,1,0,1,1,2,2,70,1,1,1,1,0,0,1,1,0,0,16,29,16,42,17,3,0,0,0,0,1,5,0,400641,0,2009,141,I-35,99999999999999999999,0000000,36.36295278,-97.32688611,2,1
40,111,8,20,20,16,1,2,1,0,14,6,0,9,0,2,1,1,2,35,1,1,1,1,0,0,5,1,0,0,20,14,20,17,20,31,0,0,0,0,1,5,0,400642,3560,2009,0,20TH ST,OKMULGEE,0000000,35.61003333,-95.975125,1,1
40,143,9,9,11,35,2,3,0,0,13,6,0,12,1,3,1,1,2,40,1,2,1,2,0,0,1,2,0,0,11,51,11,54,12,24,0,0,0,0,1,4,0,400643,4780,2009,0,E 41ST ST,S 72ND E AVE,0000000,36.10440556,-95.896525,2,2
40,143,9,5,3,32,1,4,0,1,13,3,0,38,0,2,4,1,2,45,1,1,1,1,20,3,2,1,0,0,99,99,99,99,99,99,0,0,0,0,3,7,1,400644,4780,2009,10,SR-266,N 129TH E AVE,0000000,36.22018056,-95.83313889,1,1
40,137,12,23,15,11,2,2,0,1,13,2,0,12,4,4,1,3,2,50,1,1,2,1,0,0,1,1,0,0,15,14,15,19,15,30,0,0,0,0,1,4,0,400645,1420,2009,40,US-81,99999999999999999999,0000000,34.54837778,-97.96671389,2,1
40,143,10,3,13,25,2,4,0,0,13,6,0,12,2,1,1,1,4,40,1,2,2,1,0,0,1,1,0,0,13,25,13,32,14,2,0,0,0,0,1,7,0,400646,4780,2009,0,N YALE AVE,99999999999999999999,0000000,36.16745,-95.92255278,2,1
40,109,12,6,2,44,1,2,0,1,11,1,0,1,0,15,8,3,3,70,1,1,2,1,0,0,3,1,0,0,2,52,2,55,3,13,0,0,0,0,1,1,1,400647,1480,2009,70,I-35,99999999999999999999,0000000,35.63693056,-97.42482778,1,1
40,17,12,24,10,45,1,2,1,1,11,1,0,8,0,1,1,2,2,60,1,1,1,4,0,0,1,4,0,1,10,52,11,9,11,10,0,0,0,0,1,5,0,400648,1540,2009,266,I-40,99999999999999999999,0000000,35.50008056,-97.84853333,1,4
40,41,12,23,4,55,1,4,0,0,14,4,0,24,0,1,4,1,2,25,1,2,2,2,0,0,2,2,0,0,99,99,99,99,99,99,0,0,0,0,2,4,1,400649,1990,2009,0,HARBER RD,99999999999999999999,0000000,36.58321111,-94.77334444,1,2
40,91,9,18,14,41,2,2,0,0,4,2,0,12,2,2,1,1,2,25,1,1,2,1,38,3,1,1,0,0,99,99,99,99,99,99,0,21,0,0,1,6,0,400650,1570,2009,99999,US-69B,LAKELAND DR,0000000,35.27584167,-95.58306111,2,1
40,143,12,22,21,46,1,1,0,0,14,6,0,34,0,1,4,1,2,35,2,2,2,1,0,0,2,1,0,0,21,47,21,52,22,16,0,0,0,0,1,3,1,400651,4780,2009,0,W 61ST ST,99999999999999999999,0000000,36.07501389,-95.99978056,1,1
40,109,7,31,20,30,1,5,0,0,16,4,0,5,0,1,1,1,2,25,1,1,2,1,0,0,5,1,0,0,99,98,99,98,88,88,0,0,0,0,1,6,0,400652,2080,2009,0,SWEENY RD,99999999999999999999,0000000,35.49292778,-97.16074722,1,1
40,133,9,4,10,27,2,2,0,0,14,6,0,32,0,1,3,2,2,50,1,1,2,1,0,0,1,1,0,0,10,29,10,32,88,88,0,14,0,0,1,6,0,400653,4240,2009,0,WRANGLER BLVD.,99999999999999999999,0000000,35.24659167,-96.65862778,2,1
40,143,8,22,99,99,2,1,0,0,16,6,0,1,0,1,2,1,2,40,2,2,2,1,0,0,1,1,0,0,99,99,99,99,99,99,0,0,0,0,1,7,1,400654,4780,2009,0,W SKELLY DR,99999999999999999999,0000000,36.08881667,-96.01275833,1,1
40,133,11,6,23,54,2,3,0,1,13,2,0,12,1,3,1,2,2,45,1,1,1,1,3,3,3,1,0,0,0,0,0,1,88,88,0,0,0,0,2,6,0,400655,4240,2009,15,US-377,SR-9,0000000,35.24651389,-96.67105,2,1
40,109,4,8,20,47,2,4,0,0,14,6,0,12,5,2,1,1,2,45,1,1,2,1,20,3,3,1,0,0,20,51,20,58,21,40,0,0,0,0,1,4,0,400656,1480,2009,0,DANFORTH RD,TEESIDE,0000000,35.66719722,-97.449075,2,1
40,111,5,20,19,0,1,1,0,0,6,6,0,32,0,1,6,1,2,35,1,1,2,1,0,0,1,1,0,0,19,37,19,42,99,99,0,0,0,0,1,4,0,400657,3560,2009,0,EAST KENNEDY,99999999999999999999,0000000,35.63155278,-95.93682222,1,1
40,145,5,28,14,32,2,2,0,1,2,8,0,12,1,2,1,1,4,45,1,1,2,1,3,3,1,1,0,0,14,34,14,39,15,25,0,0,0,0,1,5,0,400658,590,2009,10,CREEK TURNPIKE,KENOSHA ST,0000000,36.06131111,-95.73889722,2,1
40,109,4,5,13,6,2,3,0,0,15,4,0,12,5,2,1,1,2,55,1,1,2,1,20,3,1,1,0,0,99,99,99,99,99,99,0,0,0,0,1,1,0,400659,2080,2009,0,POTTAWATOMIE RD,NE 50TH ST,0000000,35.52155556,-97.14147778,2,1
40,143,10,31,12,19,1,2,1,0,16,6,0,8,0,1,1,1,2,99,1,1,2,1,0,0,1,1,0,0,99,99,99,99,99,99,0,0,0,0,1,7,0,400660,590,2009,0,WALMART THROUGH-WAY,99999999999999999999,0000000,36.06125,-95.81705556,1,1
41,27,1,2,20,42,2,8,0,1,2,3,0,12,4,1,1,1,3,55,2,2,2,4,0,0,2,1,0,0,20,42,20,51,21,11,0,0,0,0,3,6,0,410001,0,2009,1011,SR-35 (OODT 26),99999999999999999999,0000000,45.69856389,-121.5040528,2,1
41,17,1,2,7,35,3,3,0,1,2,2,0,12,4,1,1,5,4,55,1,1,2,4,0,0,1,1,0,0,7,35,7,43,8,20,0,0,0,0,1,6,0,410002,0,2009,1270,US-97 (ODOT 4),99999999999999999999,0000000,44.20249722,-121.2274639,3,1
41,19,1,3,14,45,4,7,0,1,2,3,0,12,8,1,1,1,2,55,2,1,2,1,0,0,1,1,0,0,14,50,15,12,99,99,0,0,0,0,1,7,0,410003,0,2009,203,SR-38 (ODOT 45),99999999999999999999,0000000,43.65768611,-123.7781694,4,1
41,39,1,5,99,99,1,1,0,0,4,4,0,42,0,1,4,1,2,55,2,2,2,2,0,0,2,2,0,0,20,10,20,23,88,88,0,0,0,0,1,2,1,410004,1525,2009,40,POODLE CREEK RD,99999999999999999999,0000000,44.11946667,-123.4642528,1,2
41,51,1,7,17,17,1,3,2,0,14,6,0,8,0,1,1,5,4,99,1,1,2,2,0,0,3,2,0,0,17,17,17,27,17,51,0,0,0,0,1,4,0,410005,1650,2009,0,N COLUMBIA BLVD,99999999999999999999,0000000,45.60380833,-122.7498472,1,2
41,33,1,9,13,19,2,2,0,0,4,4,0,12,3,1,1,1,2,55,1,1,2,1,0,0,1,1,0,0,13,19,13,24,14,20,0,0,0,0,1,6,0,410006,0,2009,12,UPPER RIVER RD,99999999999999999999,0000000,42.44433889,-123.3721861,2,1
41,9,1,9,17,59,2,2,0,1,2,2,0,12,2,1,1,1,2,55,1,1,2,2,0,0,2,1,0,0,17,59,18,4,18,37,0,0,0,0,1,6,0,410007,0,2009,523,US-30 (ODOT 92),99999999999999999999,0000000,46.09899167,-123.0584833,2,1
41,47,1,9,22,19,2,3,0,0,3,4,0,12,2,1,1,1,2,50,1,1,2,1,0,0,2,5,0,0,22,22,22,25,22,54,0,0,0,0,1,6,0,410008,0,2009,3,GOLF CLUB RD SE,99999999999999999999,0000000,44.8202,-122.8216139,2,5
41,5,1,13,12,44,2,3,0,0,3,3,0,12,2,2,1,1,2,55,1,2,2,1,20,3,1,1,0,0,12,45,13,3,13,23,0,0,0,0,1,3,0,410009,0,2009,76,SR-211 (ODOT 161),CANBY-MARQUAM RD,0000000,45.15090556,-122.6813889,2,1
41,33,1,14,19,18,1,2,1,0,14,6,0,9,0,1,1,1,2,35,1,1,2,1,0,0,3,1,0,0,19,20,19,23,88,88,0,0,0,0,1,4,0,410010,860,2009,0,NE AGNESS AVE,99999999999999999999,0000000,42.43500278,-123.2979889,1,1
41,23,1,17,11,10,1,1,0,1,2,2,0,1,0,1,4,1,2,55,2,1,2,1,0,0,1,1,0,0,11,12,11,23,88,88,0,0,0,0,1,7,0,410011,0,2009,1708,US-26 (ODOT 5),99999999999999999999,0000000,44.44630556,-118.7884389,1,1
41,39,1,21,21,16,2,6,0,0,14,6,0,12,5,2,1,5,4,40,1,1,2,1,2,3,3,1,0,0,21,16,21,24,0,21,0,0,0,0,4,4,1,410012,660,2009,0,W 11TH AVE,BERTELSEN RD,0000000,44.04800278,-123.1624778,2,1
41,33,1,22,8,47,1,2,0,0,6,4,0,30,0,1,4,1,2,55,2,2,2,2,0,0,1,2,0,0,8,47,8,56,99,99,0,0,0,0,2,5,0,410013,0,2009,7,SARATOGA WAY,99999999999999999999,0000000,42.48345278,-123.3849528,1,2
41,51,1,24,0,10,1,1,0,1,1,1,0,1,0,1,3,2,2,65,1,1,2,1,0,0,2,6,0,0,0,11,0,16,88,88,0,0,0,0,1,7,1,410014,0,2009,188,I-84,99999999999999999999,0000000,45.54291389,-122.36105,1,6
41,71,1,29,11,50,1,3,0,0,3,3,0,42,0,1,4,1,2,55,1,1,2,1,0,0,1,1,0,0,11,50,11,54,12,23,0,0,0,0,1,5,0,410015,0,2009,400,SR-99 (ODOT 91),99999999999999999999,0000000,45.17967778,-123.2328583,1,1
41,47,1,2,13,2,2,3,0,0,3,4,0,12,1,1,1,1,2,55,1,2,2,3,0,0,1,3,0,0,13,4,13,13,13,40,0,0,0,0,1,6,0,410016,0,2009,30,SILVERTON RD,99999999999999999999,0000000,44.98365833,-122.9343333,2,3
41,43,1,5,15,40,1,2,0,0,3,4,0,22,0,1,4,1,2,55,1,1,2,1,0,0,1,1,0,0,15,42,15,47,16,35,0,0,0,0,1,2,0,410017,0,2009,1,STAYTON SCIO RD,99999999999999999999,0000000,44.78944167,-122.7944306,1,1
41,35,1,14,21,6,2,2,0,1,13,2,0,12,2,1,1,1,4,55,1,2,2,2,0,0,2,5,0,0,21,7,21,12,21,45,0,0,0,0,1,4,0,410018,0,2009,2785,US-97 (ODOT 4),99999999999999999999,0000000,42.18223889,-121.8017889,2,5
41,59,1,24,19,38,1,5,0,1,1,1,0,1,0,1,4,2,2,65,2,1,2,4,0,0,2,4,0,0,19,40,19,52,20,15,0,0,0,0,1,7,0,410019,0,2009,40,I-82,99999999999999999999,0000000,45.90335,-119.3320583,1,4
41,67,1,24,19,15,1,1,0,0,13,6,0,10,0,6,1,1,2,30,1,1,2,1,68,3,3,1,0,0,19,16,19,21,20,7,0,0,0,0,1,7,0,410020,1000,2009,0,SE WASHINGTON ST,SE 10TH AVE,9999999,45.52123889,-122.9738944,1,1
41,47,1,30,6,5,2,6,0,0,13,3,0,12,5,1,1,1,2,55,1,2,2,2,0,0,2,5,0,0,6,6,6,11,7,0,0,23,0,0,2,6,0,410021,0,2009,433,SR-99 (ODOT 81),99999999999999999999,0000000,45.02075556,-122.9759833,2,5
41,47,1,31,15,14,2,3,0,0,4,3,0,12,4,1,1,1,2,55,2,1,2,1,0,0,1,1,0,0,15,14,15,22,15,42,0,0,0,0,1,7,0,410022,0,2009,183,SR-214 (ODOT 163),99999999999999999999,0000000,44.86806667,-122.7393167,2,1
41,5,2,1,0,1,1,1,0,0,6,6,0,1,0,3,5,1,2,25,1,1,3,1,20,3,2,1,0,0,0,9,0,50,1,35,0,21,0,0,1,1,1,410023,650,2009,0,6TH AVE,PIERCE RD,0000000,45.29429722,-122.3315806,1,1
41,43,2,5,17,33,2,5,0,0,3,2,0,12,2,1,1,1,2,55,1,1,2,2,0,0,2,1,0,0,17,34,17,42,18,22,0,0,0,0,1,5,0,410024,0,2009,69,US-20 (ODOT 16),99999999999999999999,0000000,44.62475556,-122.9456556,2,1
41,65,2,6,7,15,2,2,0,1,2,2,0,12,3,1,1,1,2,55,1,1,2,2,0,0,1,5,0,0,7,31,7,39,88,88,0,0,0,0,1,6,0,410025,0,2009,830,US-26 (ODOT 53),99999999999999999999,0000000,44.99648333,-121.4884167,2,5
41,17,1,1,21,32,1,2,0,0,15,6,0,1,0,1,5,5,2,99,1,1,2,1,0,0,2,1,0,0,21,35,21,39,88,88,0,0,0,0,1,5,1,410026,190,2009,0,NE PURCELL BLVD,99999999999999999999,0000000,44.05568056,-121.2686778,1,1
41,39,1,16,22,2,1,2,0,0,5,4,0,30,0,1,4,1,2,55,1,1,2,1,0,0,2,1,0,0,22,6,22,25,88,88,0,0,0,0,1,6,1,410027,0,2009,92,JASPER-LOWELL RD,99999999999999999999,0000000,43.93641111,-122.7815667,1,1
41,59,2,6,8,0,2,3,0,0,3,3,0,14,1,1,2,1,2,55,2,2,2,4,0,0,1,4,0,0,8,4,8,26,9,21,0,0,0,0,1,6,0,410028,0,2009,85,SR-204 (ODOT 330),99999999999999999999,0000000,45.78679167,-118.2802778,1,4
41,47,2,6,11,37,2,4,0,1,2,3,0,51,0,1,1,1,2,40,2,2,2,9,0,0,1,9,0,0,11,37,11,48,12,56,0,0,0,0,1,6,0,410029,0,2009,461,SR-22 (ODOT 162),99999999999999999999,0000000,44.704775,-122.1997472,2,9
41,59,2,14,15,55,1,1,0,1,1,1,0,1,0,1,4,2,2,65,2,2,1,1,0,0,1,1,0,0,17,56,18,2,88,88,0,0,0,0,1,7,1,410030,0,2009,1940,I-84,99999999999999999999,0000000,45.74279722,-119.0893833,1,1
41,49,2,14,99,99,1,1,0,0,4,4,0,1,0,1,4,1,2,55,1,2,2,1,0,0,2,1,0,0,21,6,21,22,88,88,0,0,0,0,1,7,0,410031,0,2009,81,WILLOW CREEK RD,99999999999999999999,0000000,45.32918333,-119.4116222,1,1
41,43,2,14,12,46,2,6,0,1,2,3,0,12,4,1,1,1,2,55,1,2,2,4,0,0,1,4,0,0,12,53,13,15,99,99,0,0,0,0,1,7,0,410032,0,2009,787,SR-22 (ODOT 16),99999999999999999999,0000000,44.461175,-121.9789111,2,4
41,47,2,16,16,18,2,2,0,0,3,4,0,12,2,1,1,1,2,55,2,1,2,1,0,0,1,1,0,0,16,18,16,36,17,13,0,0,0,0,2,2,1,410033,0,2009,58,MCKAY RD NE,99999999999999999999,0000000,45.23114444,-122.7958833,2,1
41,67,2,27,7,15,1,2,1,0,15,6,0,8,0,1,1,1,2,99,1,1,2,1,0,0,4,1,0,0,7,15,7,23,88,88,0,0,0,0,1,6,0,410034,1000,2009,0,NW QUATAMA RD,99999999999999999999,0000000,45.522275,-122.8893306,1,1
41,45,2,27,5,11,1,1,0,0,4,4,0,1,0,1,5,1,2,45,1,1,2,9,0,0,2,1,0,0,5,18,5,30,88,88,0,0,0,0,1,6,0,410035,0,2009,5,STANTON BLVD,99999999999999999999,0000000,44.08256111,-116.9957194,1,1
41,51,2,27,22,15,2,4,0,0,15,6,0,12,2,1,1,1,2,45,2,1,2,1,0,0,2,1,0,0,22,15,22,29,22,57,0,0,0,0,1,6,1,410036,1650,2009,0,NE MARINE DR,99999999999999999999,0000000,45.59798889,-122.5986306,2,1
41,35,2,28,3,40,1,1,0,0,4,4,0,30,0,1,4,1,2,99,2,1,2,1,0,0,2,1,0,0,3,47,4,2,88,88,0,0,0,0,1,7,1,410037,0,2009,32,KENO WARDEN RD,99999999999999999999,0000000,42.08736389,-121.8990833,1,1
41,43,3,1,99,99,1,1,0,0,13,2,0,30,0,2,3,2,2,35,2,2,2,9,0,0,3,9,0,0,6,40,6,47,88,88,0,0,0,0,1,1,1,410038,20,2009,19,US-20 (ODOT 58),SW 9TH AVE,0000000,44.63264167,-123.0973472,1,9
41,51,3,1,18,25,2,4,1,1,11,1,0,8,0,1,1,3,2,50,1,1,2,1,0,0,3,1,0,0,18,25,18,28,18,55,0,0,0,0,1,1,0,410039,1650,2009,3020,I-5,99999999999999999999,0000000,45.53185833,-122.6654139,2,1
41,47,3,2,12,54,1,2,1,0,13,6,0,9,0,1,1,5,4,45,1,2,2,1,0,0,1,1,0,0,12,54,12,58,13,11,0,0,0,0,1,2,0,410040,1810,2009,0,STATE ST,99999999999999999999,0000000,44.92791667,-122.9902,1,1
41,3,3,3,21,29,2,4,0,0,14,6,0,12,7,1,1,1,2,55,1,1,2,1,0,0,3,1,0,0,21,30,21,38,99,99,0,0,0,0,1,3,0,410041,20,2009,0,SPRINGHILL DR,99999999999999999999,0000000,44.66542222,-123.1012972,2,1
41,21,3,6,99,99,1,1,0,0,5,4,0,1,0,1,4,1,2,55,2,2,2,9,0,0,9,9,0,0,10,35,10,47,88,88,0,0,0,0,1,6,1,410042,0,2009,60,LONE ROCK RD,99999999999999999999,0000000,45.17416944,-120.0227,1,9
41,5,3,8,11,27,1,1,0,0,4,4,0,42,0,1,4,1,2,45,1,1,2,3,0,0,1,4,0,0,11,27,11,43,88,88,0,0,0,0,1,1,1,410043,0,2009,20,E BARLOW TRAIL RD,99999999999999999999,0000000,45.376875,-122.0057972,1,4
41,45,3,15,5,27,1,1,0,0,3,3,0,30,0,1,4,1,2,35,2,1,2,1,0,0,2,1,0,0,5,34,5,40,88,88,0,0,0,0,1,1,1,410044,0,2009,131,SR-201 (ODOT 455),99999999999999999999,0000000,44.23668611,-116.9860111,1,1