STATE,COUNTY,MONTH,DAY,HOUR,MINUTE,VE_TOTAL,PERSONS,PEDS,NHS,ROAD_FNC,ROUTE,SP_JUR,HARM_EV,MAN_COLL,REL_JUNC,REL_ROAD,TRAF_FLO,NO_LANES,SP_LIMIT,ALIGNMNT,PROFILE,PAVE_TYP,SUR_COND,TRA_CONT,T_CONT_F,LGT_COND,WEATHER1,WEATHER2,WRK_ZONE,NOT_HOUR,NOT_MIN,ARR_HOUR,ARR_MIN,HOSP_HR,HOSP_MN,SCH_BUS,CF1,CF2,CF3,FATALS,DAY_WEEK,DRUNK_DR,ST_CASE,CITY,YEAR,MILEPT,TWAY_ID,TWAY_ID2,RAIL,LATITUDE,LONGITUD,VE_FORMS,WEATHER
41,39,3,23,5,59,1,4,0,1,2,3,0,42,0,1,4,1,2,55,1,1,2,4,0,0,2,1,0,0,6,0,6,13,88,88,0,0,0,0,4,2,0,410045,0,2009,414,SR-58 (ODOT 18),99999999999999999999,0000000,43.72623611,-122.3613778,1,1
41,51,3,24,22,55,2,3,0,0,14,6,0,12,2,1,1,1,2,45,2,2,2,1,0,0,3,1,0,0,22,57,23,3,23,43,0,0,0,0,1,3,0,410046,1650,2009,0,SE FOSTER RD,99999999999999999999,0000000,45.47351389,-122.4936833,2,1
41,47,3,26,20,32,1,1,0,0,4,4,0,42,0,1,4,1,2,55,2,1,2,1,0,0,2,1,0,0,20,34,20,37,88,88,0,0,0,0,1,5,1,410047,0,2009,23,ABIQUA RD NE,99999999999999999999,0000000,44.99858333,-122.6639417,1,1
41,51,3,28,2,6,2,3,0,0,13,2,0,12,4,2,1,5,4,35,1,1,2,2,0,0,3,1,0,0,2,7,2,10,88,88,0,0,0,0,1,7,2,410048,1650,2009,18,US-26 (ODOT 26),SE 21ST AVE,0000000,45.49935833,-122.6446722,2,1
41,11,3,28,22,25,1,1,0,1,2,2,0,35,0,1,4,1,2,55,2,2,2,2,0,0,2,2,0,0,22,25,22,47,88,88,0,0,0,0,1,7,1,410049,0,2009,2856,US-101 (ODOT 9),99999999999999999999,0000000,42.95532778,-124.4373556,1,2
41,7,1,5,0,0,1,1,0,0,4,4,0,24,0,1,4,1,2,45,2,1,2,2,0,0,2,1,0,0,0,3,0,10,88,88,0,0,0,0,1,2,1,410050,0,2009,48,HILLCREST LP,99999999999999999999,0000000,46.16790556,-123.5818583,1,1
41,33,2,25,19,23,2,3,0,1,13,2,0,12,5,2,1,1,4,35,1,2,2,2,2,3,3,1,0,0,19,24,19,29,19,48,0,0,0,0,1,4,0,410051,860,2009,5,US-199 (ODOT 25),SR-99 (ODOT 60),0000000,42.42537778,-123.3300167,2,1
41,5,3,27,21,27,1,2,1,0,4,3,0,8,0,1,1,1,2,55,1,1,2,1,0,0,2,1,0,0,21,31,21,34,88,88,0,0,0,0,1,6,0,410052,0,2009,245,SR-224 (ODOT 171),99999999999999999999,0000000,45.27300833,-122.3190694,1,1
41,51,4,2,15,7,2,2,0,0,15,6,0,12,2,2,1,1,2,25,2,2,2,1,0,0,1,1,0,0,15,7,15,11,88,88,0,0,0,0,1,5,1,410053,1650,2009,0,SE 28TH AVE,SE TOLMAN ST,0000000,45.47478333,-122.6345778,2,1
41,59,4,3,16,35,1,2,0,0,6,4,0,53,0,1,4,1,2,45,1,2,4,1,0,0,1,1,0,0,16,37,16,39,99,99,0,0,0,0,1,6,1,410054,0,2009,3,SAGEBRUSH RD,99999999999999999999,0000000,45.86948333,-119.2864472,1,1
41,17,4,3,3,38,1,1,0,1,2,3,0,30,0,1,4,1,2,55,1,1,2,1,0,0,2,1,0,0,3,38,3,49,88,88,0,0,0,0,1,6,1,410055,0,2009,968,SR-126 (ODOT 15),99999999999999999999,0000000,44.291475,-121.4628528,1,1
41,5,3,28,3,46,1,2,0,0,4,4,0,42,0,1,4,1,2,99,1,2,2,2,0,0,2,2,0,0,4,19,4,37,5,4,0,0,0,0,1,7,1,410056,0,2009,67,S RIDGE RD,99999999999999999999,0000000,45.24723889,-122.4521333,1,2
41,41,4,4,15,57,2,6,0,1,2,3,0,12,2,1,1,1,2,55,2,1,2,1,0,0,1,1,0,0,15,57,16,11,16,51,0,0,0,0,1,7,0,410057,0,2009,56,SR-18 (ODOT 39),99999999999999999999,0000000,45.00709444,-123.8853333,2,1
41,29,4,4,17,59,2,2,0,0,3,3,0,12,2,1,1,1,2,40,2,1,2,1,0,0,1,1,0,0,17,59,18,5,18,39,0,0,0,0,1,7,0,410058,0,2009,59,SR-99 (ODOT 60),99999999999999999999,0000000,42.41849722,-123.2202222,2,1
41,39,3,9,13,10,1,2,1,0,15,6,0,8,0,1,1,1,2,25,1,1,1,1,0,0,1,1,0,0,13,10,13,20,14,10,0,0,0,0,1,2,0,410059,660,2009,0,OAK ST,99999999999999999999,0000000,44.04010278,-123.0912139,1,1
41,19,4,4,17,26,1,1,0,1,2,3,0,24,0,3,4,1,2,55,2,2,2,1,0,0,1,1,0,0,17,29,17,53,88,88,0,0,0,0,1,7,0,410060,0,2009,228,SR-38 (ODOT 45),WEATHERLY CREEK RD,0000000,43.66148056,-123.7381139,1,1
41,63,3,31,14,51,1,7,0,0,6,4,0,1,0,1,4,1,2,99,2,2,2,1,0,0,1,1,0,0,14,54,18,26,21,16,0,0,0,0,1,3,0,410062,0,2009,0,DUG BAR RD,99999999999999999999,0000000,45.69010556,-116.7953,1,1
41,51,4,5,13,18,1,1,0,0,6,4,0,53,0,1,4,1,2,99,2,2,2,1,0,0,1,1,0,0,13,18,13,25,88,88,0,0,0,0,1,1,0,410063,405,2009,0,NE LITTLEPAGE RD,99999999999999999999,0000000,45.52326944,-122.2803972,1,1
41,31,4,8,23,8,1,2,0,1,2,2,0,1,0,1,4,1,2,55,1,1,2,1,0,0,2,1,0,0,23,8,23,20,23,51,0,0,0,0,1,4,0,410064,0,2009,1121,US-26 (ODOT 53),99999999999999999999,0000000,44.71464722,-121.1719556,1,1
41,43,4,10,18,4,3,5,0,0,4,4,0,12,4,1,1,1,2,55,1,1,2,1,0,0,1,1,0,0,18,4,18,11,19,20,0,0,0,0,1,6,1,410065,0,2009,10,OAKVILLE RD,99999999999999999999,0000000,44.60587222,-123.1338389,3,1
41,53,4,12,99,99,1,1,0,0,4,4,0,42,0,1,5,1,2,55,2,2,2,1,40,3,2,1,0,0,4,26,4,31,88,88,0,0,0,0,1,1,1,410066,0,2009,104,PERRYDALE RD,99999999999999999999,0000000,44.94763056,-123.3106917,1,1
41,53,4,14,12,35,1,1,0,1,2,3,0,1,0,1,4,1,2,45,2,2,2,1,0,0,1,1,0,1,12,40,12,45,88,88,0,0,0,0,1,3,0,410067,0,2009,250,SR-18 (ODOT 39),99999999999999999999,0000000,45.06209444,-123.5627,1,1
41,11,3,21,99,99,1,1,0,0,6,8,0,42,0,1,4,1,2,0,2,2,4,9,0,0,1,9,0,0,88,88,88,88,88,88,0,22,0,0,1,7,1,410068,0,2009,0,USFS 26-10-2.1,99999999999999999999,0000000,43.24971111,-123.8627,1,9
41,47,4,15,17,40,2,3,0,0,3,4,0,12,2,1,1,1,2,55,2,1,2,1,40,3,1,1,0,0,17,40,17,49,18,37,0,0,0,0,1,4,0,410069,0,2009,69,CASCADE HWY NE,99999999999999999999,0000000,44.92916667,-122.7995861,2,1
41,23,4,17,14,0,2,3,0,0,6,4,0,12,1,3,1,1,2,55,2,2,2,1,0,0,1,1,0,0,14,17,14,51,17,45,0,0,0,0,1,6,0,410070,0,2009,136,SUMMIT PRAIRIE RD,USFS RD 3200-918,0000000,44.31999444,-118.5612778,2,1
41,67,4,18,2,30,1,4,0,0,3,4,0,1,0,1,4,1,2,45,1,1,2,1,0,0,2,1,0,0,2,34,2,40,4,20,0,0,0,0,1,7,1,410071,0,2009,0,NW WEST UNION RD,99999999999999999999,0000000,45.55938889,-122.87695,1,1
41,43,4,19,12,37,2,4,0,1,1,1,0,12,7,1,1,3,2,65,1,1,2,1,0,0,1,1,0,0,12,45,12,58,13,14,0,0,0,0,1,1,0,410072,0,2009,2150,I-5,99999999999999999999,0000000,44.37232778,-123.061425,2,1
41,33,4,20,21,10,1,2,1,1,1,1,0,8,0,1,1,3,2,65,2,1,2,1,0,0,2,1,0,1,88,88,88,88,88,88,0,0,0,0,1,2,0,410073,0,2009,612,I-5,99999999999999999999,0000000,42.56784722,-123.3725389,1,1
41,39,2,24,20,57,2,3,1,1,13,3,0,8,0,3,1,5,4,40,1,1,2,2,0,0,3,2,0,0,20,58,21,0,88,88,0,0,0,0,1,3,0,410074,1960,2009,57,SR-126B (ODOT 15),S 51ST ST,0000000,44.04572222,-122.9428944,2,2
41,47,3,9,16,7,1,2,1,0,15,6,0,8,0,2,1,1,2,99,1,1,2,1,0,0,1,1,0,0,16,7,16,10,88,88,0,0,0,0,1,2,0,410075,2260,2009,0,HARRISON ST,FRONT ST,0000000,45.14441944,-122.8540806,1,1
41,33,4,1,22,0,1,2,1,1,1,1,0,8,0,1,1,2,2,55,1,1,2,1,0,0,3,1,0,0,88,88,88,88,88,88,0,0,0,0,1,4,0,410076,0,2009,628,I-5,99999999999999999999,0000000,42.50880556,-123.3630278,1,1
41,39,4,4,14,55,1,4,1,0,14,6,0,8,0,2,1,1,2,99,1,1,2,1,2,3,1,1,0,0,14,56,15,0,15,27,0,0,0,0,1,7,0,410077,660,2009,0,11TH AVE,WILLAMETTE ST,0000000,44.04766944,-123.0927556,1,1
41,5,4,21,14,49,2,3,0,1,13,3,0,12,5,2,1,1,2,45,1,1,2,1,2,3,1,1,0,0,14,49,14,53,15,47,0,0,0,0,1,3,0,410078,1360,2009,52,SR-99E (ODOT 81),SE MILPORT RD,0000000,45.452875,-122.6412389,2,1
41,51,4,22,18,47,2,3,0,0,13,3,0,12,4,2,1,1,4,45,2,2,2,1,0,0,1,1,0,0,18,47,18,52,88,88,0,0,0,0,2,4,1,410079,1650,2009,34,SR-99W (ODOT 91),SW PARKHILL DR,0000000,45.476875,-122.6796944,2,1
41,31,4,25,18,30,1,1,0,0,4,3,0,1,0,1,4,1,2,55,1,1,2,1,0,0,1,1,0,0,18,35,18,42,19,1,0,0,0,0,1,7,1,410080,0,2009,59,SR-361 (ODOT 361),99999999999999999999,0000000,44.56624167,-121.1964028,1,1
41,51,4,25,1,21,1,1,0,0,13,2,0,33,0,1,4,5,5,40,2,1,2,1,0,0,3,1,0,0,1,21,1,21,88,88,0,0,0,0,1,7,1,410081,1650,2009,19,US-30 (ODOT 92),99999999999999999999,0000000,45.5413,-122.6987639,1,1
41,39,4,26,17,17,1,1,0,0,4,4,0,1,0,1,1,1,2,55,1,1,2,1,0,0,1,1,0,0,17,19,17,25,99,99,0,0,0,0,1,1,0,410082,0,2009,18,CLEAR LAKE RD,99999999999999999999,0000000,44.10288056,-123.2083,1,1
41,51,4,27,17,15,1,2,1,0,15,6,0,9,0,1,1,1,2,35,1,1,2,1,0,0,1,1,0,0,17,15,17,20,88,88,0,0,0,0,1,2,0,410083,1650,2009,0,NE WEIDLER ST,99999999999999999999,0000000,45.53415833,-122.552375,1,1
41,41,4,29,99,99,1,1,0,0,4,4,0,1,0,1,5,1,2,99,1,1,2,2,0,0,1,1,0,0,16,28,16,44,88,88,0,0,0,0,1,4,0,410084,0,2009,4,E FIVE RIVERS RD,99999999999999999999,0000000,44.35855278,-123.8304667,1,1
41,53,4,30,17,42,3,8,0,0,3,3,0,12,2,1,1,1,2,55,1,1,2,1,0,0,1,1,0,0,17,43,17,48,18,27,0,0,0,0,1,5,2,410085,0,2009,564,SR-99W (ODOT 91),99999999999999999999,0000000,44.94768889,-123.2285389,3,1
41,51,5,2,16,46,1,1,0,0,15,4,0,16,0,1,1,1,4,30,2,2,2,2,0,0,1,1,0,0,16,46,16,53,88,88,0,0,0,0,1,7,0,410086,1650,2009,0,SW CAPITOL HWY,99999999999999999999,0000000,45.4781,-122.6798806,1,1
41,3,5,4,6,0,1,1,0,0,3,3,0,42,0,1,4,1,2,55,1,2,2,2,0,0,4,1,0,0,6,5,6,10,88,88,0,0,0,0,1,2,0,410087,0,2009,264,SR-223 (ODOT 191),99999999999999999999,0000000,44.68914444,-123.4332333,1,1
41,51,5,4,1,0,1,1,0,0,14,6,0,30,0,2,4,1,2,25,1,1,2,1,2,3,3,1,0,0,1,0,1,5,88,88,0,0,0,0,1,2,0,410088,1650,2009,0,NE HALSEY ST,NE 43RD AVE,0000000,45.53378611,-122.6191417,1,1
41,47,5,7,99,99,1,1,0,0,4,4,0,1,0,1,4,1,2,55,2,2,2,1,0,0,2,1,0,0,21,54,22,7,88,88,0,0,0,0,1,5,1,410089,0,2009,136,HOWELL PRAIRIE RD,99999999999999999999,0000000,45.07086944,-122.8586278,1,1
41,41,5,8,17,20,2,4,0,1,2,2,0,12,2,1,1,1,2,55,1,3,2,1,0,0,1,1,0,0,17,25,17,45,18,33,0,0,0,0,2,6,0,410090,0,2009,202,US-20 (ODOT 33),99999999999999999999,0000000,44.66754167,-123.8151611,2,1
41,51,5,8,1,33,1,1,0,0,19,8,0,24,0,5,4,6,2,45,2,2,1,1,0,0,3,1,0,0,1,33,1,40,88,88,0,0,0,0,1,6,1,410091,1650,2009,3020,RAMP I-5,99999999999999999999,0000000,45.51710278,-122.6674139,1,1
41,47,5,9,99,99,1,1,0,0,4,4,0,42,0,2,4,1,2,99,1,1,2,9,20,3,9,9,0,0,19,9,19,29,88,88,0,0,0,0,1,7,0,410092,0,2009,0,WHEATLAND RD N,BROOKLAKE RD NE,0000000,45.04946389,-123.0097111,1,9
41,51,5,11,15,11,2,1,0,1,1,1,0,45,1,1,1,3,2,65,1,1,2,1,41,3,1,1,0,1,15,11,15,36,88,88,0,0,0,0,1,2,0,410094,0,2009,350,I-84,99999999999999999999,0000000,45.59409167,-122.0701111,1,1
41,37,5,13,13,50,1,1,0,0,4,3,0,36,0,1,4,1,2,55,2,2,2,1,0,0,1,1,0,0,13,55,14,33,88,88,0,0,0,0,1,4,0,410095,0,2009,256,SR-140 (ODOT 431),99999999999999999999,0000000,42.17474444,-119.9490028,1,1
41,51,5,14,16,54,1,2,1,0,15,6,0,9,0,2,1,1,2,35,1,1,2,1,20,3,1,1,0,0,16,54,16,58,88,88,0,0,0,0,1,5,0,410096,1650,2009,0,NE PRESCOTT ST,NE 57TH AVE,0000000,45.55548611,-122.6044389,1,1
41,51,5,15,12,3,1,2,0,0,3,4,0,42,0,1,4,1,2,99,2,2,2,1,0,0,1,1,0,0,12,3,12,12,12,55,0,0,0,0,1,6,0,410097,0,2009,0,SW STARK ST,99999999999999999999,0000000,45.51450556,-122.3607722,1,1
41,17,5,15,20,0,1,1,0,0,4,8,0,42,0,1,4,1,2,0,2,1,4,1,0,0,5,1,0,0,20,27,99,97,99,97,0,22,0,0,1,6,0,410098,0,2009,0,USFS 4285,99999999999999999999,0000000,43.74666389,-121.8298333,1,1
41,17,5,16,11,7,1,1,0,1,2,2,0,42,0,1,4,1,2,55,2,1,2,1,0,0,1,1,0,0,11,10,11,17,88,88,0,0,0,0,1,7,0,410099,0,2009,920,US-20 (ODOT 16),99999999999999999999,0000000,44.38028611,-121.65505,1,1
41,29,5,17,21,3,1,1,0,0,4,4,0,42,0,1,4,1,2,45,1,1,2,1,0,0,2,1,0,0,21,3,21,8,88,88,0,0,0,0,1,1,0,410100,0,2009,11,SCENIC AVE,99999999999999999999,0000000,42.38952222,-122.9407889,1,1
41,49,5,19,16,47,1,2,0,1,1,1,0,1,0,1,4,2,2,65,1,1,2,1,0,0,1,1,0,0,16,47,16,59,88,88,0,0,0,0,2,3,0,410101,0,2009,1554,I-84,99999999999999999999,0000000,45.82335556,-119.871975,1,1
41,23,5,23,11,30,1,2,0,0,4,3,0,1,0,1,1,1,2,55,1,2,2,1,0,0,1,1,0,0,11,39,11,58,13,43,0,0,0,0,1,7,1,410102,0,2009,155,SR-402 (ODOT 402),99999999999999999999,0000000,44.79782222,-119.4029889,1,1
41,49,5,4,5,49,1,6,0,0,2,2,0,1,0,1,4,5,2,55,1,1,1,1,0,0,1,1,0,0,5,49,5,56,6,41,0,0,0,0,1,2,0,410103,0,2009,1710,US-730 (ODOT 2),99999999999999999999,0000000,45.86274444,-119.5672139,1,1
41,39,5,13,14,52,1,2,0,0,4,4,0,42,0,1,4,1,2,55,1,1,2,2,0,0,1,2,0,0,14,54,14,57,15,43,0,0,0,0,1,4,0,410104,0,2009,60,CAMAS SWALE RD,99999999999999999999,0000000,43.92125,-123.1311333,1,2
41,19,5,19,20,17,1,1,0,1,1,1,0,35,0,1,4,3,2,65,1,1,1,1,0,0,1,1,0,0,20,18,20,26,88,88,0,0,0,0,1,3,1,410105,0,2009,1673,I-5,99999999999999999999,0000000,43.72315,-123.2070028,1,1
41,5,5,31,15,5,1,1,0,0,14,6,0,1,0,1,1,1,2,99,2,2,2,1,0,0,1,1,0,0,15,6,15,6,15,47,0,0,0,0,1,1,0,410106,1580,2009,0,HOLCOMB BLVD,99999999999999999999,0000000,45.36381667,-122.5848111,1,1
41,29,4,25,13,52,2,2,0,0,5,4,0,12,2,8,1,1,2,99,1,1,2,1,0,0,1,1,0,0,13,52,14,3,88,88,0,0,0,0,1,7,0,410107,0,2009,13,OLD SAMS VALLEY RD,99999999999999999999,0000000,42.49104167,-122.9710722,2,1
41,25,5,1,22,45,1,1,0,0,3,3,0,1,0,1,4,1,2,55,2,1,2,2,0,0,2,2,0,0,23,6,23,16,88,88,0,0,0,0,1,6,0,410108,0,2009,37,SR-78 (ODOT 442),99999999999999999999,0000000,43.58563056,-118.9815972,1,2
41,39,3,9,14,0,1,1,0,0,16,6,0,6,0,1,1,1,2,25,1,1,2,1,0,0,1,1,0,0,99,99,99,99,88,88,0,0,0,0,1,2,0,410109,660,2009,0,REGAL CT,99999999999999999999,0000000,44.06564722,-123.0651389,1,1
41,65,5,24,99,99,1,2,0,1,2,2,0,42,0,1,4,1,2,55,9,9,2,1,0,0,9,1,0,0,99,99,99,99,88,88,0,0,0,0,2,1,1,410110,0,2009,815,US-26 (ODOT 53),99999999999999999999,0000000,44.96085,-121.4643278,1,1
41,47,5,26,23,15,1,3,0,0,4,4,0,34,0,1,4,1,2,55,1,1,2,1,0,0,2,1,0,0,23,15,23,23,23,46,0,0,0,0,1,3,0,410111,0,2009,44,MARION RD,99999999999999999999,0000000,44.80611389,-122.9141972,1,1
41,47,6,5,22,37,2,7,0,0,3,3,0,12,5,2,1,1,2,55,1,1,2,1,20,3,2,1,0,0,22,37,22,50,23,49,0,0,0,0,2,6,1,410112,0,2009,438,SR-214 (ODOT 140),MONITOR MCKEE RD,0000000,45.10019444,-122.7844306,2,1
41,67,6,6,23,6,1,2,0,0,6,4,0,42,0,1,4,1,2,45,1,2,2,1,0,0,2,1,0,0,23,7,23,17,88,88,0,0,0,0,2,7,0,410113,0,2009,0,SW LAUREL RD,99999999999999999999,0000000,45.41915278,-123.0168583,1,1
41,51,6,8,5,16,1,2,0,0,15,6,0,24,0,1,4,1,2,45,1,1,2,1,0,0,4,1,0,0,5,16,5,21,5,52,0,20,0,0,1,2,1,410114,1650,2009,0,NE MARINE DR,99999999999999999999,0000000,45.57308056,-122.5459222,1,1
41,5,6,11,5,20,2,2,0,0,14,6,0,12,4,1,1,1,2,55,2,1,2,2,0,0,4,2,0,0,5,21,5,27,6,21,0,0,0,0,1,5,0,410115,0,2009,118,REDLAND RD,99999999999999999999,0000000,45.36152778,-122.5798139,2,2
41,51,6,20,22,23,1,3,1,0,14,6,0,8,0,2,1,1,2,35,1,2,2,1,2,3,3,1,0,0,22,23,22,26,22,54,0,0,0,0,1,7,0,410116,1650,2009,0,NE 122ND AVE,NE SKIDMORE ST,0000000,45.55359444,-122.5372194,1,1
41,67,6,25,2,36,2,3,0,1,13,3,0,12,1,1,1,5,4,45,1,1,2,1,0,0,2,1,0,0,2,36,2,40,88,88,0,0,0,0,1,5,1,410117,1000,2009,95,SR-8 (ODOT 29),99999999999999999999,0000000,45.49991667,-122.9257028,2,1
41,37,6,25,11,17,2,2,0,0,6,4,0,12,2,8,1,1,2,0,1,2,4,1,0,0,1,1,0,0,11,17,11,40,12,51,0,22,0,0,1,5,0,410118,0,2009,143,SINKS RD,99999999999999999999,0000000,43.00733889,-120.0260139,2,1
41,51,6,28,5,19,1,1,0,0,14,6,0,42,0,1,4,1,4,35,2,1,2,1,0,0,4,1,0,0,5,19,5,23,88,88,0,0,0,0,1,1,1,410119,1650,2009,0,E BURNSIDE ST,99999999999999999999,0000000,45.52281667,-122.6183583,1,1
41,67,6,29,22,43,1,2,0,0,15,6,0,38,0,1,4,1,2,35,2,2,2,1,0,0,2,1,0,0,22,48,23,0,23,37,0,0,0,0,1,2,1,410121,2100,2009,0,GRAHAMS FERRY RD,99999999999999999999,0000000,45.35765278,-122.7818944,1,1
41,33,6,30,23,42,4,8,0,1,1,1,0,12,2,1,1,3,2,65,1,2,2,1,0,0,2,1,0,0,23,42,23,50,0,13,0,0,0,0,2,3,0,410122,0,2009,535,I-5,99999999999999999999,0000000,42.440625,-123.2979528,4,1
41,39,1,21,16,8,1,1,0,0,15,6,0,42,0,1,4,1,2,25,1,1,2,1,0,0,1,1,0,0,16,9,16,16,16,37,0,0,0,0,1,4,0,410123,660,2009,0,W 8TH AVE,99999999999999999999,0000000,44.05090833,-123.1112167,1,1
41,59,6,5,10,15,1,2,0,1,1,1,0,1,0,1,4,2,2,65,1,1,1,1,0,0,1,1,0,0,10,16,10,25,10,42,0,0,0,0,1,6,0,410124,0,2009,49,I-82,99999999999999999999,0000000,45.78916111,-119.3560583,1,1
41,49,6,5,3,35,3,7,0,0,6,4,0,12,3,1,1,1,2,55,1,2,2,1,0,0,2,1,0,0,3,42,4,0,5,21,0,0,0,0,1,6,0,410125,0,2009,58,TOWER RD,99999999999999999999,0000000,45.74751944,-119.8083639,3,1
41,35,6,9,11,11,2,4,0,1,2,2,0,12,4,1,1,1,2,55,1,1,2,1,0,0,1,1,0,0,11,12,11,14,88,88,0,0,0,0,2,3,0,410126,0,2009,2828,US-97 (ODOT 4),99999999999999999999,0000000,42.12377222,-121.82725,2,1
41,33,5,14,2,35,1,2,0,0,4,4,0,42,0,1,4,1,2,55,1,1,2,1,0,0,2,1,0,0,2,35,2,45,3,20,0,0,0,0,1,5,1,410128,0,2009,7,STRINGER GAP RD,99999999999999999999,0000000,42.37041389,-123.3818722,1,1
41,5,5,29,1,50,1,2,1,0,4,4,0,8,0,1,1,1,2,99,2,2,2,1,0,0,2,1,0,0,1,53,1,57,88,88,0,0,0,0,1,6,0,410129,0,2009,13,S HAYDEN RD,99999999999999999999,0000000,45.28493889,-122.3716639,1,1
41,19,6,9,10,50,1,1,0,0,3,3,0,38,0,1,5,1,4,55,1,1,2,1,0,0,1,1,0,0,10,52,10,57,99,99,0,0,0,0,1,3,0,410130,0,2009,101,SR-138 (ODOT 138),99999999999999999999,0000000,43.27294167,-123.1997972,1,1
41,39,6,14,12,27,3,3,0,1,11,1,0,12,1,15,1,3,2,55,1,1,1,1,0,0,1,1,0,0,12,28,12,33,12,50,0,0,0,0,1,1,0,410131,1960,2009,1954,I-5,99999999999999999999,0000000,44.08325556,-123.0466444,3,1
41,39,6,17,20,46,2,5,0,1,1,1,0,13,2,1,1,2,2,65,1,1,1,1,0,0,5,1,0,0,20,46,20,56,21,23,0,0,0,0,2,4,1,410132,0,2009,1838,I-5,99999999999999999999,0000000,43.93088333,-123.0104194,2,1
41,43,4,12,1,51,1,4,0,0,16,6,0,5,0,2,1,1,2,25,1,1,2,1,0,0,3,1,0,0,1,51,2,0,2,34,0,0,0,0,1,1,0,410133,20,2009,0,22ND AVE,BOSTON ST,0000000,44.61997222,-123.0646389,1,1
41,5,4,25,17,0,2,3,0,1,2,2,0,12,5,2,1,5,4,55,1,1,2,1,2,3,1,1,0,0,17,5,17,6,17,51,0,0,0,0,2,7,0,410134,0,2009,222,US-26 (ODOT 26),SE ORIENT DR,0000000,45.40898611,-122.3017694,2,1
41,51,6,25,18,5,1,3,1,0,14,3,0,8,0,1,1,1,3,45,2,2,2,1,0,0,1,1,0,0,18,5,18,18,18,26,0,0,0,0,1,5,0,410135,1650,2009,42,SR-43 (ODOT 3),99999999999999999999,0000000,45.45036389,-122.6727611,1,1
41,45,7,4,19,52,1,1,0,1,1,1,0,31,0,1,4,3,2,65,2,1,1,1,0,0,1,1,0,0,19,53,20,8,88,88,0,0,0,0,1,7,1,410136,0,2009,3556,I-84,99999999999999999999,0000000,44.05383333,-116.9832,1,1
41,29,7,5,2,43,1,3,0,0,6,6,0,42,0,1,4,1,2,99,2,2,2,1,0,0,2,1,0,0,2,44,2,53,3,41,0,0,0,0,1,1,1,410137,0,2009,29,GRIFFIN CREEK RD,99999999999999999999,0000000,42.25006389,-122.8811028,1,1
41,43,7,6,12,0,1,1,0,1,2,3,0,24,0,1,4,1,2,55,2,2,2,1,40,3,1,1,0,2,12,18,12,23,88,88,0,0,0,0,1,2,0,410138,0,2009,114,SR-126 (ODOT 215),99999999999999999999,0000000,44.27776667,-122.0456639,1,1
41,67,7,7,0,50,1,1,0,0,14,6,0,36,0,1,4,1,2,25,2,2,2,1,0,0,3,1,0,0,0,50,0,56,1,21,0,0,0,0,1,3,1,410139,1650,2009,0,SW GARDEN HOME RD,99999999999999999999,0000000,45.46569167,-122.7485583,1,1
41,33,7,7,16,0,2,2,0,0,3,3,0,12,3,8,1,1,2,30,1,1,2,1,0,0,1,1,0,0,16,5,16,7,16,47,0,0,0,0,1,3,0,410140,310,2009,3,SR-46 (ODOT 38),99999999999999999999,0000000,42.161025,-123.6408361,2,1
41,51,7,9,19,50,1,1,0,0,16,6,0,1,0,1,4,1,2,25,2,1,2,1,0,0,5,1,0,0,19,50,19,59,88,88,0,0,0,0,1,5,1,410141,1650,2009,0,SW FAIRMOUNT BLVD,99999999999999999999,0000000,45.49368889,-122.6958833,1,1
41,71,7,11,10,14,2,2,0,0,4,3,0,12,2,2,1,1,2,55,2,1,2,1,0,0,1,1,0,0,10,15,10,28,99,99,0,0,0,0,1,7,0,410142,0,2009,63,SR-154 (ODOT 154),SR-153 (ODOT 153),0000000,45.12396389,-123.1170361,2,1
41,17,7,13,19,1,2,3,0,0,14,4,0,12,5,2,1,1,2,35,1,1,2,1,20,3,1,1,0,0,19,2,19,5,19,32,0,0,0,0,1,2,0,410143,190,2009,0,OB RILEY RD,EMPIRE AVE,0000000,44.09114444,-121.3099417,2,1
41,51,7,14,17,48,2,3,0,0,6,6,0,12,4,1,1,1,2,99,2,2,2,1,0,0,1,1,0,0,17,48,17,51,18,33,0,0,0,0,1,3,0,410144,405,2009,0,E BELL RD,99999999999999999999,0000000,45.52101389,-122.3247583,2,1
41,39,7,17,13,38,1,2,1,0,4,4,0,9,0,1,1,1,2,99,1,1,2,1,0,0,1,1,0,0,13,38,13,41,88,88,0,0,0,0,1,6,0,410145,0,2009,45,PRAIRIE RD,99999999999999999999,0000000,44.13639444,-123.1682417,1,1
41,61,7,17,16,32,1,1,0,0,13,3,0,33,0,2,4,5,4,30,1,1,2,1,2,3,1,1,0,0,16,37,16,38,16,53,0,0,0,0,1,6,0,410146,1190,2009,2,SR-82 (ODOT 10),MONROE AVE,0000000,45.32674444,-118.0844528,1,1
41,53,7,17,12,51,1,1,0,0,5,4,0,42,0,1,4,1,2,99,2,2,2,1,0,0,1,1,0,0,12,59,13,20,13,42,0,0,0,0,1,6,1,410147,0,2009,23,MISTLETOE RD,99999999999999999999,0000000,44.8882,-123.3112361,1,1
41,57,7,18,14,30,1,2,0,0,6,4,0,1,0,1,5,1,2,99,2,1,2,1,0,0,1,1,0,0,17,10,17,29,18,29,0,0,0,0,1,7,1,410148,0,2009,5,ANDERSON CREEK RD,99999999999999999999,0000000,45.69812222,-123.7609056,1,1