STATE,COUNTY,MONTH,DAY,HOUR,MINUTE,VE_TOTAL,PERSONS,PEDS,NHS,ROAD_FNC,ROUTE,SP_JUR,HARM_EV,MAN_COLL,REL_JUNC,REL_ROAD,TRAF_FLO,NO_LANES,SP_LIMIT,ALIGNMNT,PROFILE,PAVE_TYP,SUR_COND,TRA_CONT,T_CONT_F,LGT_COND,WEATHER1,WEATHER2,WRK_ZONE,NOT_HOUR,NOT_MIN,ARR_HOUR,ARR_MIN,HOSP_HR,HOSP_MN,SCH_BUS,CF1,CF2,CF3,FATALS,DAY_WEEK,DRUNK_DR,ST_CASE,CITY,YEAR,MILEPT,TWAY_ID,TWAY_ID2,RAIL,LATITUDE,LONGITUD,VE_FORMS,WEATHER
41,51,7,18,1,36,1,2,1,0,13,2,0,8,0,1,1,5,4,35,1,2,2,1,0,0,3,1,0,0,1,36,1,40,88,88,0,0,0,0,1,7,1,410149,1650,2009,27,US-26 (ODOT 26),99999999999999999999,0000000,45.49702222,-122.6266389,1,1
41,5,7,18,18,20,2,2,0,0,3,3,0,12,5,2,1,5,4,55,1,1,2,1,0,0,1,1,0,0,18,21,18,27,19,7,0,0,0,0,1,7,1,410150,0,2009,222,SR-224 (ODOT 171),NE INDUSTRIAL WAY,0000000,45.29666389,-122.3433528,2,1
41,19,7,19,21,37,1,1,0,0,14,4,0,46,0,2,4,1,2,45,1,1,2,1,2,3,3,1,0,0,21,38,21,43,22,6,0,0,0,0,1,1,0,410151,0,2009,10,OLD HWY 99,HAPPY VALLEY RD,0000000,43.15778333,-123.3697833,1,1
41,39,7,21,18,40,1,1,0,0,5,4,0,7,0,1,4,1,2,55,2,2,2,1,40,3,1,1,0,0,18,44,18,50,19,26,0,0,0,0,1,3,1,410152,0,2009,12,SHOREVIEW RD,99999999999999999999,0000000,43.77734722,-122.9630194,1,1
41,39,7,23,6,8,2,3,0,1,2,3,0,12,4,1,1,1,2,55,2,1,2,1,0,0,4,1,0,1,6,8,6,22,88,88,0,0,0,0,1,5,0,410153,0,2009,110,SR-126 (ODOT 62),99999999999999999999,0000000,44.02285833,-123.9078361,2,1
41,35,7,24,0,2,2,1,0,0,6,6,0,14,1,1,4,1,2,25,1,1,2,1,0,0,2,1,0,0,0,2,0,13,88,88,0,0,0,0,1,6,0,410154,330,2009,0,E MAPLE ST,99999999999999999999,0000000,42.573275,-121.8610306,1,1
41,5,7,24,21,54,2,3,0,0,15,4,0,30,0,1,4,1,2,35,2,2,2,1,40,3,3,1,0,0,22,0,22,10,23,4,0,14,0,0,1,6,1,410155,0,2009,1,STRAWBERRY LN,99999999999999999999,0000000,45.40123611,-122.5872278,1,1
41,47,7,25,11,22,2,3,0,0,15,4,0,12,2,1,1,1,2,55,1,1,2,1,0,0,1,1,0,0,11,22,11,24,12,12,0,0,0,0,1,7,0,410156,0,2009,11,S BOONES FERRY RD,99999999999999999999,0000000,45.13001944,-122.8687139,2,1
41,5,7,25,11,30,1,1,0,0,4,4,0,11,0,2,1,1,2,99,1,1,1,1,0,0,1,1,0,0,11,33,11,46,88,88,0,0,0,0,1,7,0,410157,0,2009,15,S FISCHERS MILL RD,S CHALET DR,0000000,45.33971667,-122.4606944,1,1
41,43,7,27,12,44,2,4,0,0,2,2,0,12,2,1,1,1,2,55,2,2,2,1,0,0,1,1,0,0,12,44,13,17,99,99,0,0,0,0,1,2,0,410158,0,2009,535,US-20 (ODOT 16),99999999999999999999,0000000,44.39937778,-122.2616972,2,1
41,51,7,29,21,34,1,2,1,0,13,6,0,15,0,2,1,5,4,35,1,1,2,1,2,3,3,1,0,0,21,34,21,36,88,88,0,0,0,0,1,4,0,410159,1650,2009,0,SE DIVISION ST,SE 168TH AVE,0000000,45.50458611,-122.4896056,1,1
41,39,7,31,13,52,2,4,0,1,2,2,0,12,4,1,1,1,2,45,1,1,2,1,0,0,1,1,0,0,13,53,13,58,14,24,0,0,0,0,2,6,0,410160,0,2009,1945,US-101 (ODOT 9),99999999999999999999,0000000,43.91546111,-124.1104111,2,1
41,65,7,31,21,10,1,1,0,0,5,8,0,42,0,1,4,1,2,0,2,2,2,1,0,0,2,1,0,0,21,17,21,47,88,88,0,0,0,0,1,6,1,410161,0,2009,20,USFS RD 2730,99999999999999999999,0000000,45.364075,-121.3651389,1,1
41,9,5,1,22,53,1,1,0,0,5,4,0,1,0,1,4,1,2,99,1,1,2,1,0,0,2,1,0,0,22,53,22,58,88,88,0,0,0,0,1,6,1,410162,0,2009,14,ORR RD,99999999999999999999,0000000,45.98746389,-122.9180417,1,1
41,19,5,25,20,18,1,1,0,0,5,4,0,1,0,1,5,1,2,99,2,2,2,1,0,0,2,1,0,0,20,54,21,40,23,30,0,0,0,0,1,2,1,410164,0,2009,260,UPPER SMITH RIVER RD,99999999999999999999,0000000,43.77556667,-123.4216472,1,1
41,5,7,8,4,58,2,2,0,1,1,1,0,12,3,1,1,3,2,65,2,2,2,1,0,0,2,1,0,1,5,9,5,25,88,88,0,1,0,0,1,4,0,410165,0,2009,2820,I-5,99999999999999999999,0000000,45.27325833,-122.774925,2,1
41,13,5,15,17,0,1,1,0,0,6,4,0,1,0,1,4,1,2,0,2,2,5,1,0,0,1,1,0,0,88,88,88,88,88,88,0,22,0,0,1,6,1,410166,0,2009,0,USFS RD 22,99999999999999999999,0000000,44.4343,-120.3499222,1,1
41,43,6,11,13,25,1,2,0,1,1,1,0,35,0,1,8,2,2,65,1,1,1,1,0,0,1,1,0,0,13,25,13,34,14,13,0,0,0,0,1,5,0,410167,0,2009,2377,I-5,99999999999999999999,0000000,44.69381111,-123.0525528,1,1
41,31,6,22,9,1,2,2,0,0,4,4,0,12,5,1,1,1,2,99,1,1,2,1,0,0,1,1,0,0,9,3,9,14,9,46,0,0,0,0,1,2,0,410168,0,2009,5,JERICHO LN,99999999999999999999,0000000,44.50237222,-121.2193028,2,1
41,5,5,1,7,45,3,7,0,0,4,3,0,12,2,1,1,1,4,45,1,1,2,1,0,0,1,1,0,0,7,54,8,13,8,33,0,0,0,0,1,6,0,410169,0,2009,60,SR-22 (ODOT 171),99999999999999999999,0000000,45.39064444,-122.4128389,3,1
41,5,7,14,16,50,3,4,0,0,3,2,0,12,1,1,1,5,4,55,1,1,2,1,0,0,1,1,0,0,16,51,16,55,17,37,0,0,0,0,1,3,0,410170,0,2009,211,US-26 (ODOT 26),99999999999999999999,0000000,45.41836389,-122.3188583,3,1
41,67,7,18,18,19,2,2,0,0,4,4,0,12,4,1,1,1,2,45,2,2,2,1,0,0,1,1,0,0,18,19,18,26,19,3,0,0,0,0,1,7,1,410171,0,2009,0,CORNELIUS-SCHEFFLIN,99999999999999999999,0000000,45.55428333,-123.0635472,2,1
41,7,7,20,16,16,1,1,0,1,2,2,0,35,0,1,4,1,2,55,2,1,2,1,0,0,1,1,0,0,16,16,16,25,88,88,0,0,0,0,1,2,1,410172,0,2009,203,US-26 (ODOT 47),99999999999999999999,0000000,45.86503056,-123.5798083,1,1
41,37,7,15,19,8,1,1,0,0,6,4,0,1,0,1,5,1,2,35,1,1,2,1,0,0,1,1,0,1,19,9,19,45,88,88,0,0,0,0,1,4,1,410173,0,2009,99,FORT ROCK RD,99999999999999999999,0000000,43.21376111,-120.8990833,1,1
41,51,7,21,99,99,1,1,0,0,4,4,0,42,0,1,4,1,2,99,2,2,2,1,0,0,1,1,0,0,9,25,9,35,88,88,0,0,0,0,1,3,1,410174,0,2009,0,NW GERMANTOWN RD,99999999999999999999,0000000,45.58163333,-122.8037389,1,1
41,67,7,23,15,36,2,3,0,0,3,6,0,12,4,1,1,1,2,55,1,1,2,1,0,0,1,1,0,0,15,36,15,40,88,88,0,0,0,0,2,5,0,410175,1515,2009,0,NW WEST UNION RD,99999999999999999999,0000000,45.59628333,-122.9757694,2,1
41,53,7,24,10,55,2,4,0,0,3,3,0,12,4,2,1,1,2,55,1,1,2,1,20,3,1,1,0,0,11,0,11,5,11,33,0,0,0,0,1,6,0,410176,0,2009,679,SR-99 (ODOT 91),OLD FORT RD,0000000,44.78396944,-123.2289639,2,1
41,39,5,11,12,16,2,2,0,1,13,3,0,12,4,2,1,5,4,45,1,1,2,1,2,3,1,1,0,0,12,17,12,25,12,47,0,0,0,0,1,2,0,410177,660,2009,1198,SR-99 (ODOT 91),LAKEWOOD CT,0000000,44.08039167,-123.1515361,2,1
41,9,5,31,1,38,1,1,0,0,4,4,0,1,0,1,4,1,2,99,1,2,2,1,0,0,2,1,0,0,1,38,1,42,88,88,0,0,0,0,1,1,1,410178,0,2009,19,PITTSBURG RD,99999999999999999999,0000000,45.86027778,-122.8580806,1,1
41,43,7,23,14,38,3,5,0,0,3,3,0,12,2,1,1,1,2,55,2,2,2,1,0,0,1,1,0,0,14,38,14,43,15,40,0,0,0,0,1,5,1,410179,0,2009,70,SR-226 (ODOT 211),99999999999999999999,0000000,44.66403889,-122.8473639,3,1
41,43,8,1,10,0,1,2,0,1,2,3,0,1,0,1,1,1,2,55,2,2,2,1,0,0,1,1,0,0,10,22,11,23,12,3,0,0,0,0,1,7,0,410180,0,2009,700,SR-22 (ODOT 162),99999999999999999999,0000000,44.57384167,-121.9892944,1,1
41,61,8,2,14,16,1,4,0,1,11,1,0,27,0,1,4,2,2,65,1,1,2,1,0,0,1,1,0,1,14,16,14,22,14,43,0,0,0,0,1,1,0,410181,0,2009,2608,I-84,99999999999999999999,0000000,45.332125,-118.07335,1,1
41,29,8,3,14,45,1,1,0,0,3,3,0,1,0,3,1,1,2,55,1,1,2,1,20,3,1,1,0,0,14,45,15,0,88,88,0,0,0,0,1,2,0,410182,0,2009,322,SR-62 (ODOT 22),A ROAD,0000000,42.65921111,-122.6819556,1,1
41,19,8,4,2,30,2,3,0,1,2,3,0,12,2,1,1,1,2,55,1,1,2,1,0,0,2,1,0,0,2,31,2,49,3,29,0,0,0,0,1,3,0,410183,0,2009,113,SR-38 (ODOT 45),99999999999999999999,0000000,43.65574167,-123.9146278,2,1
41,71,8,5,18,35,1,6,1,0,14,6,0,8,0,2,1,1,2,25,1,1,2,1,0,0,1,1,0,0,18,35,18,38,88,88,0,0,0,0,1,4,0,410184,1260,2009,0,NE 2ND ST,NE GALLOWAY ST,0000000,45.20930278,-123.192125,1,1
41,51,8,5,21,27,1,2,1,0,13,6,0,8,0,2,1,1,4,35,1,2,2,1,0,0,3,1,0,0,21,27,21,40,21,57,0,0,0,0,1,4,0,410185,1650,2009,0,NE SANDY BLVD,NE 91ST AVE,0000000,45.55640833,-122.5689389,1,1
41,43,8,7,14,43,2,2,0,0,3,2,0,12,2,1,1,1,2,55,2,2,2,1,0,0,1,1,0,0,14,43,14,51,88,88,0,0,0,0,2,6,0,410186,0,2009,93,US-20 (ODOT 16),99999999999999999999,0000000,44.59324722,-122.930575,2,1
41,9,8,10,11,10,2,6,0,1,2,2,0,12,4,1,1,1,2,55,1,1,2,1,0,0,1,1,0,0,11,15,11,20,12,1,0,0,0,0,4,2,0,410187,0,2009,629,US-30 (ODOT 92),99999999999999999999,0000000,46.11748889,-123.2251056,2,1
41,39,8,11,17,25,1,1,0,0,5,4,0,27,0,1,5,1,2,45,1,1,2,1,0,0,1,1,0,0,17,25,17,34,88,88,0,0,0,0,1,3,1,410188,0,2009,1,ELLMAKER RD,99999999999999999999,0000000,44.05473056,-123.3184028,1,1
41,41,8,12,8,12,2,3,0,1,2,2,0,12,2,1,1,1,2,55,1,1,2,1,0,0,1,1,0,0,8,14,8,38,9,38,0,0,0,0,1,4,0,410189,0,2009,256,US-20 (ODOT 33),99999999999999999999,0000000,44.61871389,-123.7275556,2,1
41,29,8,13,10,45,2,3,0,1,1,1,0,12,1,1,1,3,2,65,1,2,2,1,0,0,1,1,0,2,10,49,10,59,88,88,0,0,0,0,1,5,0,410190,0,2009,402,I-5,99999999999999999999,0000000,42.42305556,-123.0307194,2,1
41,5,8,7,21,40,3,5,0,0,3,4,0,12,4,1,1,1,2,99,2,1,2,1,0,0,2,1,0,0,21,41,21,59,22,48,0,0,0,0,1,6,0,410191,0,2009,39,SE ORIENT DR,99999999999999999999,0000000,45.45434444,-122.3421639,3,1
41,65,8,13,19,5,1,2,0,0,4,2,0,1,0,1,1,1,2,55,2,1,2,1,0,0,1,1,0,0,19,5,19,12,19,48,0,0,0,0,1,5,1,410192,0,2009,701,US-30 (ODOT 100),99999999999999999999,0000000,45.65732222,-121.2167361,1,1
41,39,8,15,99,99,1,2,0,0,4,4,0,1,0,1,5,1,2,55,1,1,4,1,0,0,2,1,0,0,3,37,3,56,4,30,0,0,0,0,1,7,1,410193,0,2009,5,WASHBURN LN,99999999999999999999,0000000,44.22256944,-123.2500139,1,1
41,39,8,16,9,54,3,10,0,1,2,3,0,12,4,1,1,1,2,55,2,1,2,1,0,0,1,1,0,0,9,54,10,4,11,43,0,0,0,0,1,1,0,410194,0,2009,301,SR-126 (ODOT 62),99999999999999999999,0000000,43.99825278,-123.6117389,3,1
41,67,8,16,16,51,1,1,0,0,4,4,0,24,0,1,4,1,2,45,2,2,2,1,0,0,1,1,0,0,16,52,17,4,88,88,0,0,0,0,1,1,0,410195,0,2009,0,SW SCOGGINS VALLEY R,99999999999999999999,0000000,45.49257222,-123.2071722,1,1
41,29,8,17,13,44,1,2,0,0,4,4,0,42,0,1,4,1,2,45,2,1,2,1,0,0,1,1,0,0,13,44,13,58,88,88,0,0,0,0,1,2,0,410196,0,2009,263,E EVANS CREEK RD,99999999999999999999,0000000,42.49053611,-123.1661528,1,1
41,29,8,19,15,39,1,1,0,0,4,4,0,1,0,1,4,1,2,55,2,2,2,1,0,0,1,1,0,0,15,41,15,54,88,88,0,0,0,0,1,4,0,410197,0,2009,303,BUTTE FALLS RD,99999999999999999999,0000000,42.44466944,-122.39665,1,1
41,67,8,20,17,45,2,2,0,0,4,4,0,12,2,1,1,1,2,45,2,1,2,1,0,0,1,1,0,0,17,45,17,52,88,88,0,0,0,0,2,5,1,410198,0,2009,0,NW GERMANTOWN RD,99999999999999999999,0000000,45.57962222,-122.8583111,2,1
41,37,8,21,7,40,2,2,0,0,6,4,0,12,3,1,1,1,2,35,2,1,4,1,0,0,1,1,0,0,7,41,8,32,9,14,0,0,0,0,1,6,0,410199,0,2009,99999,PIVOT RD,99999999999999999999,0000000,43.24970278,-120.8992389,2,1
41,37,8,24,3,45,1,2,0,1,2,2,0,1,0,1,4,1,2,55,2,2,2,1,0,0,2,1,0,0,4,24,5,11,5,55,0,0,0,0,1,2,0,410200,0,2009,756,US-395 (ODOT 49),99999999999999999999,0000000,42.67223889,-120.16835,1,1
41,25,6,22,99,99,1,1,0,0,3,3,0,17,0,1,4,1,2,55,1,1,2,1,0,0,1,1,0,0,14,59,15,41,88,88,0,0,0,0,1,2,0,410201,0,2009,565,SR-78 (ODOT 442),99999999999999999999,0000000,43.14196389,-118.2788667,1,1
41,71,8,25,14,33,2,3,0,1,2,3,0,12,5,2,1,1,2,55,1,1,2,1,20,3,1,1,0,0,14,34,14,40,15,20,0,0,0,0,1,3,0,410202,0,2009,499,SR-18 (ODOT 39),SR-154 (ODOT 154),0000000,45.21258611,-123.1050056,2,1
41,41,8,26,13,10,2,3,0,1,2,3,0,12,5,2,1,1,2,50,1,1,2,1,0,0,1,1,0,0,13,10,13,25,13,40,0,0,0,0,1,4,0,410203,0,2009,48,SR-18 (ODOT 39),BEAR CREEK RD,0000000,45.00571111,-123.8874278,2,1
41,35,8,26,6,15,1,1,0,1,2,2,0,42,0,1,4,1,2,55,1,1,2,1,0,0,4,1,0,1,6,15,6,30,88,88,0,0,0,0,1,4,0,410204,0,2009,1730,US-97 (ODOT 4),99999999999999999999,0000000,43.60898611,-121.5540528,1,1
41,39,8,27,20,54,2,5,0,0,3,3,0,12,2,1,1,1,2,55,1,1,2,1,0,0,2,1,0,0,20,55,20,56,21,49,0,0,0,0,2,5,0,410205,0,2009,1067,SR-99 (ODOT 91),99999999999999999999,0000000,44.254675,-123.2256583,2,1
41,51,8,27,2,18,1,2,1,0,14,6,0,9,0,1,2,3,2,35,1,2,2,1,0,0,3,1,0,0,2,20,2,23,88,88,0,0,0,0,1,5,0,410206,1650,2009,0,NE 122ND AVE,99999999999999999999,0000000,45.54804444,-122.5373333,1,1
41,5,8,27,99,99,1,1,0,0,5,4,0,42,0,1,4,1,2,99,2,2,2,9,0,0,2,1,0,0,88,88,88,88,88,88,0,0,0,0,1,5,0,410207,0,2009,22,SW PETES MTN RD,99999999999999999999,0000000,45.32839167,-122.6812806,1,1
41,33,8,30,8,47,1,1,0,0,3,3,0,34,0,1,4,1,2,45,1,1,2,1,0,0,1,1,0,1,8,47,8,51,88,88,0,0,0,0,1,1,0,410208,860,2009,24,SR-238 (ODOT 272),99999999999999999999,0000000,42.39543056,-123.3472972,1,1
41,39,8,31,13,40,1,2,0,0,4,4,0,42,0,1,4,1,2,55,2,2,2,1,0,0,1,1,0,0,13,44,14,6,15,14,0,0,0,0,1,2,0,410209,0,2009,32,SHARPS CREEK RD,99999999999999999999,0000000,43.66584722,-122.8075556,1,1
41,19,8,31,4,0,1,4,0,0,6,4,0,1,0,1,4,1,2,99,2,1,4,1,0,0,2,1,0,0,5,0,5,25,6,45,0,0,0,0,1,2,1,410210,0,2009,20,RITCHIE RD,99999999999999999999,0000000,42.87795,-123.2697861,1,1
41,19,8,11,18,52,1,3,0,0,4,4,0,1,0,1,4,1,2,55,2,2,2,1,0,0,1,1,0,0,18,52,19,9,88,88,0,0,0,0,1,3,0,410211,0,2009,50,AZALEA GLEN RD,99999999999999999999,0000000,42.77166111,-123.3339778,1,1
41,47,5,23,1,30,1,2,0,0,4,4,0,3,0,1,5,1,2,99,2,1,2,1,0,0,2,1,0,0,5,49,6,5,88,88,0,0,0,0,1,7,1,410212,0,2009,109,NORTH FORK RD NE,99999999999999999999,0000000,44.79714167,-122.5272,1,1
41,27,7,24,18,13,1,2,0,0,4,4,0,42,0,1,4,1,2,55,1,2,2,1,0,0,1,1,0,0,18,13,18,21,19,7,0,0,0,0,1,6,0,410213,0,2009,5,RIORDAN HILL DR,99999999999999999999,0000000,45.68713889,-121.5841806,1,1
41,39,7,19,2,43,1,3,0,0,14,6,0,5,0,1,1,2,1,20,1,1,1,1,0,0,3,1,0,0,2,44,2,48,88,88,0,0,0,0,1,1,0,410214,660,2009,0,BROADWAY ST,99999999999999999999,0000000,44.04991667,-123.0929306,1,1
41,33,9,1,7,47,1,1,0,0,4,4,0,1,0,1,4,1,2,55,1,1,2,1,0,0,1,1,0,0,7,47,8,4,8,21,0,0,0,0,1,3,0,410215,0,2009,7,ROBERTSON BRIDGE RD,99999999999999999999,0000000,42.50723889,-123.4396667,1,1
41,39,9,2,18,48,1,2,0,0,4,4,0,34,0,1,4,1,2,45,1,1,2,1,0,0,1,1,0,0,18,50,18,51,19,40,0,0,0,0,1,4,0,410216,0,2009,96,JASPER-LOWELL RD,99999999999999999999,0000000,43.93910278,-122.7778528,1,1
41,57,8,29,17,31,2,6,0,1,2,2,0,12,2,1,1,1,2,55,1,2,2,1,0,0,1,1,0,0,17,31,17,41,19,10,0,0,0,0,1,7,1,410217,0,2009,732,US-101 (ODOT 9),99999999999999999999,0000000,45.35105,-123.8113806,2,1
41,35,9,5,15,32,1,2,1,1,2,3,0,8,0,1,1,1,2,45,1,1,2,1,0,0,1,1,0,0,15,32,15,45,99,99,0,0,0,0,1,7,0,410218,0,2009,135,SR-39 (ODOT 50),99999999999999999999,0000000,42.0244,-121.6076972,1,1
41,13,9,10,22,15,1,2,0,0,4,4,0,1,0,1,4,1,2,55,1,1,2,1,0,0,2,1,0,0,22,33,22,51,23,34,0,0,0,0,1,5,1,410219,0,2009,102,MILLICAN RD,99999999999999999999,0000000,44.14088889,-120.91355,1,1
41,61,9,11,19,40,1,1,0,0,4,4,0,1,0,1,4,1,2,55,1,1,2,1,0,0,2,1,0,0,19,40,19,48,88,88,0,0,0,0,1,6,1,410220,0,2009,4,PEACH RD,99999999999999999999,0000000,45.3566,-117.9635028,1,1
41,53,9,11,15,18,3,3,0,1,2,3,0,12,5,2,1,1,4,55,1,1,2,1,0,0,1,1,0,0,15,18,15,27,15,59,0,0,0,0,1,6,0,410221,0,2009,220,SR-22 (ODOT 30),DOAKS FERRY RD,0000000,44.93129722,-123.1123611,3,1
41,39,9,14,16,10,1,1,0,1,13,3,0,1,0,1,1,3,2,55,2,1,2,1,0,0,1,1,0,0,16,10,16,16,16,33,0,0,0,0,1,2,0,410222,0,2009,67,SR-569 (ODOT 569),99999999999999999999,0000000,44.09723056,-123.1642583,1,1
41,5,9,16,20,48,2,2,0,1,2,2,0,12,5,2,1,1,2,45,1,2,2,2,0,0,2,2,0,0,20,49,20,50,22,3,0,0,0,0,1,4,1,410223,0,2009,411,US-26 (ODOT 26),E WOODSEY WAY,0000000,45.34553611,-121.9529083,2,2
41,51,9,18,13,45,1,1,0,0,6,4,0,42,0,1,4,1,2,99,2,2,2,1,0,0,1,1,0,0,13,45,13,48,88,88,0,0,0,0,1,6,0,410224,0,2009,0,LAIDLAW RD,99999999999999999999,0000000,45.55181111,-122.7959556,1,1
41,51,9,19,23,54,1,1,0,1,13,2,0,1,0,1,1,1,2,50,1,1,2,1,0,0,3,1,0,0,23,54,0,4,0,40,0,0,0,0,1,7,1,410225,1650,2009,120,US-30 (ODOT 92),99999999999999999999,0000000,45.54242778,-122.49465,1,1
41,29,9,23,11,18,1,1,0,0,4,4,0,34,0,1,4,1,2,55,2,1,2,1,0,0,1,1,0,0,11,20,11,24,88,88,0,0,0,0,1,4,0,410226,0,2009,38,AGATE RD,99999999999999999999,0000000,42.46901667,-122.8517056,1,1
41,51,9,24,10,46,1,1,0,0,14,6,0,33,0,1,4,1,2,99,2,1,2,1,0,0,1,1,0,0,10,46,10,51,11,18,0,0,0,0,1,5,0,410227,1650,2009,0,NE 148TH AVE,99999999999999999999,0000000,45.52704167,-122.5106111,1,1
41,67,9,24,22,41,1,1,0,0,4,4,0,32,0,1,4,1,2,55,1,2,2,1,0,0,2,1,0,0,22,41,22,54,88,88,0,0,0,0,1,5,1,410228,0,2009,0,CLAPSHAW HILL RD,99999999999999999999,0000000,45.59258889,-123.1585472,1,1
41,17,9,25,0,20,1,1,0,1,2,2,0,1,0,1,4,1,2,55,2,1,2,1,0,0,2,1,0,0,0,25,0,45,88,88,0,0,0,0,1,6,1,410229,0,2009,280,US-20 (ODOT 7),99999999999999999999,0000000,43.87469444,-120.8929111,1,1
41,33,9,25,14,20,1,1,0,1,2,2,0,24,0,1,4,1,4,55,2,2,2,1,0,0,1,1,0,0,14,21,14,23,88,88,0,0,0,0,1,6,1,410230,0,2009,156,US-199 (ODOT 25),99999999999999999999,0000000,42.30973889,-123.608925,1,1
41,1,9,25,22,50,1,2,0,1,1,1,0,18,0,1,1,3,2,65,1,1,2,1,0,0,2,1,0,1,22,58,23,15,0,24,0,0,0,0,1,6,0,410231,0,2009,3362,I-84,99999999999999999999,0000000,44.48441389,-117.3574556,1,1
41,47,9,26,23,7,1,1,0,0,13,6,0,42,0,1,4,5,4,35,1,1,2,1,0,0,3,1,0,0,23,7,23,13,88,88,0,0,0,0,1,7,0,410232,1810,2009,0,LANCASTER DR NE,99999999999999999999,0000000,44.96100833,-122.98355,1,1
41,33,9,27,17,4,1,4,0,1,2,2,0,42,0,1,4,1,2,55,2,1,2,1,0,0,5,1,0,0,17,4,17,10,17,33,0,0,0,0,1,1,0,410233,0,2009,377,US-199 (ODOT 25),99999999999999999999,0000000,42.05024167,-123.71675,1,1
41,51,9,28,15,56,1,1,0,0,14,3,0,42,0,1,5,1,2,35,2,1,2,1,0,0,1,1,0,0,15,57,16,3,88,88,0,0,0,0,1,2,0,410234,2090,2009,2,SR-100 (ODOT 100),99999999999999999999,0000000,45.53683611,-122.3732333,1,1
41,45,9,29,20,10,2,2,0,1,2,2,0,12,2,1,1,1,2,55,1,1,2,1,0,0,2,1,0,0,20,11,20,31,88,88,0,0,0,0,1,3,1,410235,0,2009,2594,US-26 (ODOT 5),99999999999999999999,0000000,44.19540833,-117.4599,2,1
41,31,9,29,16,57,1,4,0,0,3,2,0,1,0,2,1,1,2,55,1,1,2,1,0,0,1,1,0,1,16,59,17,5,17,21,0,0,0,0,1,3,0,410236,0,2009,12,US-26 (ODOT 360),DOVER LN,0000000,44.59253333,-121.1320167,1,1
41,25,9,30,7,21,2,3,0,1,2,2,0,12,2,1,1,1,2,55,1,2,2,1,0,0,1,1,0,0,7,30,7,50,99,99,0,0,0,0,1,4,0,410237,0,2009,1551,US-20 (ODOT 7),99999999999999999999,0000000,43.64787222,-118.6189167,2,1
41,61,8,3,19,17,2,2,0,1,1,1,0,12,3,1,1,2,2,65,1,2,2,1,0,0,1,1,0,0,19,17,19,17,99,99,0,0,0,0,1,2,0,410238,0,2009,2770,I-84,99999999999999999999,0000000,45.138375,-117.9681806,2,1
41,7,8,10,99,99,1,1,0,0,4,4,0,1,0,1,4,1,2,45,2,1,2,9,0,0,9,9,0,0,88,88,88,88,88,88,0,0,0,0,1,2,0,410239,0,2009,115,LEWIS AND CLARK RD,99999999999999999999,0000000,46.01021111,-123.8770444,1,9
41,11,8,14,18,45,1,2,0,0,4,4,0,1,0,1,4,1,2,99,2,1,2,1,0,0,1,1,0,0,18,46,18,56,20,19,0,0,0,0,1,6,0,410240,0,2009,23,NORTH BAY RD,99999999999999999999,0000000,43.45046389,-124.1986028,1,1
41,11,9,17,15,0,1,3,2,1,13,2,0,8,0,2,1,4,2,25,1,2,2,1,2,3,1,1,0,0,15,1,15,4,15,21,0,0,0,0,1,5,0,410241,1510,2009,2354,US-101 (ODOT 9),VIRGINIA AVE,0000000,43.40661667,-124.2240306,1,1
41,19,9,27,14,33,1,2,0,1,1,1,0,1,0,1,4,2,2,65,1,2,2,1,0,0,1,1,0,0,14,34,14,39,15,41,0,0,0,0,1,1,0,410242,0,2009,830,I-5,99999999999999999999,0000000,42.76681944,-123.3293028,1,1
41,1,9,27,6,25,1,5,0,1,1,1,0,1,0,1,1,2,2,65,1,1,2,1,0,0,4,1,0,1,6,26,7,30,8,12,0,0,0,0,2,1,0,410243,0,2009,3309,I-84,99999999999999999999,0000000,44.55157778,-117.4229639,1,1
41,39,4,24,16,16,2,2,0,1,13,3,0,12,5,2,1,5,4,40,1,1,2,1,20,3,1,1,0,1,16,20,16,34,16,39,0,0,0,0,1,6,1,410244,1960,2009,53,SR-126 (ODOT 15),48TH ST,0000000,44.04574722,-122.9496139,2,1
41,33,9,30,16,30,1,1,0,0,4,3,0,42,0,1,4,1,2,55,1,1,2,1,0,0,1,1,0,0,16,45,16,49,88,88,0,0,0,0,1,4,1,410245,0,2009,222,SR-260 (ODOT 260),99999999999999999999,0000000,42.39724722,-123.4587917,1,1
41,45,9,18,8,0,1,1,0,1,2,2,0,1,0,1,1,1,2,55,2,1,2,1,0,0,1,1,0,0,8,10,9,30,99,99,0,0,0,0,1,6,0,410246,0,2009,630,US-95 (ODOT 456),99999999999999999999,0000000,42.80719722,-117.8851889,1,1
41,41,9,20,18,1,1,4,1,1,2,2,0,9,0,1,1,5,4,30,1,1,2,1,0,0,1,1,0,0,18,3,18,4,88,88,0,0,0,0,1,1,0,410247,1225,2009,1145,US-101 (ODOT 9),99999999999999999999,0000000,44.97255278,-124.0139583,1,1
41,33,9,5,1,26,1,1,0,0,5,4,0,34,0,1,4,1,2,99,2,1,2,1,0,0,2,1,0,0,1,26,1,31,2,5,0,0,0,0,1,7,1,410248,0,2009,21,MONUMENT DR,99999999999999999999,0000000,42.52320278,-123.382775,1,1
41,67,9,12,2,8,2,2,0,1,1,1,0,12,1,1,1,3,2,55,1,1,2,1,0,0,3,1,0,0,2,10,2,16,88,88,0,0,0,0,1,7,1,410249,2100,2009,2902,I-5,99999999999999999999,0000000,45.33715278,-122.7691222,2,1