STATE,COUNTY,MONTH,DAY,HOUR,MINUTE,VE_TOTAL,PERSONS,PEDS,NHS,ROAD_FNC,ROUTE,SP_JUR,HARM_EV,MAN_COLL,REL_JUNC,REL_ROAD,TRAF_FLO,NO_LANES,SP_LIMIT,ALIGNMNT,PROFILE,PAVE_TYP,SUR_COND,TRA_CONT,T_CONT_F,LGT_COND,WEATHER1,WEATHER2,WRK_ZONE,NOT_HOUR,NOT_MIN,ARR_HOUR,ARR_MIN,HOSP_HR,HOSP_MN,SCH_BUS,CF1,CF2,CF3,FATALS,DAY_WEEK,DRUNK_DR,ST_CASE,CITY,YEAR,MILEPT,TWAY_ID,TWAY_ID2,RAIL,LATITUDE,LONGITUD,VE_FORMS,WEATHER
41,5,9,18,14,45,27,27,0,1,1,1,0,12,1,1,1,2,3,65,1,2,2,1,0,0,1,1,0,0,14,45,15,16,15,37,0,0,0,0,1,6,0,410250,0,2009,2822,I-5,99999999999999999999,0000000,45.27956111,-122.7698194,27,1
41,29,9,19,1,18,1,3,0,0,4,4,0,43,0,1,5,1,2,40,1,1,2,1,0,0,2,1,0,0,1,18,1,26,88,88,0,0,0,0,3,7,1,410251,0,2009,12,W MAIN ST,99999999999999999999,0000000,42.32363889,-122.933175,1,1
41,11,9,26,19,30,1,2,0,0,6,4,0,42,0,1,5,1,2,99,2,1,4,1,0,0,2,1,0,0,19,31,19,43,20,59,0,0,0,0,1,7,1,410252,0,2009,12,GRAVELFORD RD,99999999999999999999,0000000,43.13268056,-124.1003444,1,1
41,57,9,30,13,35,1,1,0,0,4,3,0,42,0,1,4,1,2,35,2,2,2,2,0,0,1,1,0,0,13,55,14,6,88,88,0,0,0,0,1,4,1,410253,0,2009,8,SR-131 (ODOT 131),99999999999999999999,0000000,45.456075,-123.8726056,1,1
41,35,10,2,12,45,3,5,0,1,2,2,0,12,2,1,1,1,2,55,1,1,2,1,0,0,1,1,0,0,12,48,13,10,14,33,0,14,0,0,2,6,0,410254,0,2009,2260,US-97 (ODOT 4),99999999999999999999,0000000,42.88702222,-121.8306111,3,1
41,7,10,7,15,28,2,3,0,1,2,2,0,1,0,1,1,1,2,55,2,1,2,1,0,0,1,1,0,0,15,30,15,34,16,4,0,0,0,0,1,4,1,410255,0,2009,321,US-101 (ODOT 9),99999999999999999999,0000000,45.92815556,-123.9289944,2,1
41,67,10,10,23,44,1,1,0,0,6,4,0,1,0,1,4,1,2,99,1,1,2,1,0,0,2,1,0,0,23,44,23,56,88,88,0,0,0,0,1,7,1,410256,0,2009,0,SW PATTON VALLEY RD,99999999999999999999,0000000,45.43908333,-123.20335,1,1
41,59,10,11,15,45,2,4,0,0,4,4,0,12,2,1,1,1,2,45,2,1,2,1,0,0,1,1,0,0,15,53,16,2,16,29,0,0,0,0,2,1,1,410257,0,2009,17,UMATILLA RIVER RD,99999999999999999999,0000000,45.89411389,-119.3254,2,1
41,39,10,12,15,48,2,2,0,1,2,3,0,12,2,2,1,1,4,35,1,1,2,1,0,0,1,1,0,0,15,48,16,1,16,59,0,20,0,0,1,2,0,410258,1550,2009,355,SR-58 (ODOT 18),CRESTVIEW ST,0000000,43.74465556,-122.4674194,2,1
41,39,10,12,99,99,1,2,1,0,6,6,0,8,0,1,1,1,2,99,2,2,2,1,0,0,1,1,0,0,10,8,10,12,88,88,0,0,0,0,1,2,0,410259,2145,2009,0,FOREST CT,99999999999999999999,0000000,44.04567778,-123.3645694,1,1
41,7,10,14,19,30,2,5,0,1,2,2,0,12,2,1,1,1,2,55,1,2,2,2,0,0,2,1,0,0,19,30,19,35,21,1,0,0,0,0,1,4,2,410260,57,2009,355,US-101 (ODOT 9),99999999999999999999,0000000,45.80395556,-123.9644444,2,1
41,45,10,14,22,20,1,2,0,1,2,2,0,1,0,1,4,1,2,55,2,2,2,2,0,0,2,2,0,0,22,31,23,59,88,88,0,0,0,0,2,4,1,410261,0,2009,630,US-95 (ODOT 456),99999999999999999999,0000000,42.77723889,-117.8117056,1,2
41,51,10,14,3,20,1,1,0,0,14,6,0,1,0,1,5,1,2,35,1,1,2,2,0,0,3,2,0,0,3,26,3,35,88,88,0,0,0,0,1,4,1,410262,880,2009,0,SE STARK ST,99999999999999999999,0000000,45.51906667,-122.401,1,2
41,51,10,15,2,50,1,1,0,0,13,6,0,31,0,1,5,1,4,40,2,1,2,2,0,0,3,1,0,0,2,54,3,1,3,33,0,0,0,0,1,5,1,410263,1650,2009,0,BEAVERTON-HILLSDALE,99999999999999999999,0000000,45.48586111,-122.7240167,1,1
41,47,10,17,6,52,2,2,0,0,3,4,0,12,2,1,1,1,2,55,2,1,2,1,0,0,2,1,0,0,6,53,7,2,99,99,0,0,0,0,1,7,0,410264,0,2009,29,HAZELGREEN RD NE,99999999999999999999,0000000,45.00941111,-122.9357167,2,1
41,39,10,17,22,23,1,3,1,1,13,3,0,8,0,1,1,5,4,40,1,1,2,1,0,0,3,1,0,0,22,23,22,27,22,44,0,0,0,0,1,7,0,410265,1960,2009,62,SR-126 (ODOT 15),99999999999999999999,0000000,44.04568333,-122.9288806,1,1
41,33,10,19,19,0,1,2,1,0,3,3,0,8,0,1,1,1,2,55,1,1,2,2,0,0,2,1,0,0,19,5,19,13,88,88,0,0,0,0,1,2,0,410266,0,2009,85,SR-238 (ODOT 272),99999999999999999999,0000000,42.33653889,-123.3045972,1,1
41,43,10,24,6,10,1,2,1,1,2,3,0,8,0,1,1,5,4,40,1,2,2,1,0,0,2,1,0,0,6,10,6,20,6,50,0,0,0,0,1,7,0,410267,0,2009,99,SR-34 (ODOT 210),99999999999999999999,0000000,44.55580278,-123.0649444,1,1
41,19,10,24,21,35,1,4,0,1,2,3,0,1,0,1,4,1,2,55,2,1,2,1,40,3,2,1,0,0,21,35,21,39,22,35,0,0,0,0,2,7,1,410268,0,2009,685,SR-42 (ODOT 35),99999999999999999999,0000000,43.11502778,-123.4946917,1,1
41,59,10,26,13,22,1,2,0,1,1,1,0,24,0,1,4,2,2,65,2,2,2,2,0,0,1,2,0,0,13,22,13,30,14,2,0,0,0,0,2,2,0,410269,0,2009,2055,I-84,99999999999999999999,0000000,45.67563333,-118.8777,1,2
41,5,8,1,20,6,1,5,0,0,6,4,0,42,0,1,4,1,2,25,2,1,2,1,0,0,1,1,0,0,20,6,20,10,21,41,0,0,0,0,1,7,1,410270,0,2009,0,SOUTH ENTRANCE RD,99999999999999999999,0000000,45.28989167,-122.3586167,1,1
41,43,10,28,16,20,2,2,1,0,16,6,0,14,1,1,2,1,2,25,2,1,2,1,0,0,1,1,0,0,16,20,16,25,88,88,0,15,0,0,1,4,0,410271,20,2009,0,16TH AVE,99999999999999999999,0000000,44.62644722,-123.07685,1,1
41,17,10,29,7,45,2,2,0,1,2,2,0,12,2,1,1,1,2,55,1,1,2,4,0,0,4,4,5,0,7,55,9,6,88,88,0,0,0,0,1,5,0,410272,0,2009,680,US-20 (ODOT 7),99999999999999999999,0000000,43.62564167,-120.1801889,2,4
41,51,10,29,6,55,1,2,1,0,13,6,0,8,0,1,1,1,2,99,1,1,2,2,0,0,3,2,0,0,6,57,7,2,7,38,0,0,0,0,1,5,0,410273,880,2009,0,NE SANDY BLVD,99999999999999999999,0000000,45.54493611,-122.4559167,1,2
41,67,10,30,22,25,1,3,1,1,1,1,0,8,0,1,1,3,3,55,1,1,2,1,0,0,2,1,0,1,22,30,22,40,88,88,0,0,0,0,1,6,0,410274,0,2009,2872,I-5,99999999999999999999,0000000,45.35283611,-122.7646889,1,1
41,3,10,31,99,99,1,1,0,0,3,3,0,35,0,1,4,1,2,55,1,1,2,2,0,0,2,1,0,0,6,11,6,19,88,88,0,0,0,0,1,7,0,410275,0,2009,889,SR-99W (ODOT 91),99999999999999999999,0000000,44.46317778,-123.2745389,1,1
41,43,10,31,1,32,2,4,0,0,4,4,0,12,5,2,1,1,2,55,1,1,2,2,20,3,2,2,0,0,1,32,1,40,2,6,0,0,0,0,1,7,1,410276,0,2009,28,DENNY SCHOOL RD,OAK ST,0000000,44.53641389,-122.9546,2,2
41,65,11,1,20,35,2,2,0,0,15,6,0,12,1,3,1,1,2,45,1,1,2,1,20,3,3,1,0,0,20,35,20,44,21,22,0,0,0,0,1,1,1,410277,2060,2009,0,BRET CLODFELTER WAY,US-197 (ODOT 4),0000000,45.60383889,-121.1382083,2,1
41,51,11,1,19,25,1,3,2,0,13,6,0,8,0,1,1,1,4,35,1,1,2,1,0,0,3,1,0,0,19,35,19,36,20,3,0,0,0,0,1,1,0,410278,1650,2009,0,SE FOSTER RD,99999999999999999999,0000000,45.483575,-122.5808889,1,1
41,39,11,3,16,17,1,2,1,0,4,4,0,8,0,1,2,1,2,55,2,1,2,1,0,0,1,1,0,0,16,17,16,25,16,55,0,0,0,0,1,3,0,410279,0,2009,41,CLEAR LAKE RD,99999999999999999999,0000000,44.10671667,-123.2549278,1,1
41,51,11,4,2,26,2,3,1,0,15,6,0,9,0,1,1,1,2,99,1,1,2,1,0,0,3,1,0,0,2,26,2,30,2,52,0,0,0,0,1,4,2,410280,1650,2009,0,N WILLAMETTE BLVD,99999999999999999999,0000000,45.57515833,-122.7264528,2,1
41,29,9,21,4,10,1,2,0,0,4,7,0,34,0,1,4,1,2,99,2,1,2,1,0,0,3,1,0,0,4,13,4,25,5,5,0,0,0,0,1,2,1,410281,0,2009,0,LAMPMAN RD,99999999999999999999,0000000,42.42779722,-123.0418389,1,1
41,59,11,8,2,35,1,5,0,1,1,1,0,35,0,1,5,2,2,65,1,2,1,4,0,0,2,5,0,0,2,36,3,20,4,37,0,0,0,0,1,1,0,410282,0,2009,2379,I-84,99999999999999999999,0000000,45.50308333,-118.4230722,1,5
41,35,11,12,15,16,2,2,0,1,2,2,0,12,4,1,1,1,2,55,1,1,2,4,0,0,1,1,0,0,15,16,15,35,88,88,0,0,0,0,1,5,0,410283,0,2009,2401,US-97 (ODOT 4),99999999999999999999,0000000,42.57299444,-121.8820361,2,1
41,35,8,5,20,25,1,5,0,0,6,8,0,1,0,1,4,1,2,0,2,2,4,1,0,0,1,1,0,0,20,25,20,38,21,52,0,22,0,0,1,4,0,410284,0,2009,0,USFS RD 3651,99999999999999999999,0000000,42.43568889,-122.17605,1,1
41,29,11,12,19,15,1,1,0,0,4,4,0,35,0,1,4,1,2,55,2,2,2,1,0,0,3,1,0,0,19,17,19,28,88,88,0,0,0,0,1,5,1,410285,0,2009,91,OLD STAGE RD,99999999999999999999,0000000,42.402625,-123.0263528,1,1
41,27,11,14,10,29,2,9,0,1,2,3,0,12,4,1,1,1,2,55,1,1,2,4,0,0,1,1,0,0,10,30,10,56,13,50,0,0,0,0,2,7,0,410286,0,2009,697,SR-35 (ODOT 26),99999999999999999999,0000000,45.35736944,-121.5679528,2,1
41,47,11,15,22,43,1,1,0,0,5,4,0,42,0,1,5,1,2,55,1,1,1,1,0,0,2,1,0,0,22,43,22,49,88,88,0,0,0,0,1,1,1,410287,0,2009,1,DOMINIC RD NE,99999999999999999999,0000000,45.08576111,-122.8078,1,1
41,51,10,18,1,18,2,2,0,0,15,6,0,12,5,2,1,1,2,25,1,1,2,1,20,3,3,1,0,0,1,21,1,23,1,40,0,0,0,0,1,1,0,410288,1650,2009,0,NE 33RD AVE,NE SHAVER ST,0000000,45.55178056,-122.6306833,2,1
41,1,11,12,5,10,1,16,0,1,1,1,0,1,0,1,4,2,2,65,1,1,2,4,0,0,2,1,0,0,5,16,5,25,6,10,0,0,0,0,3,5,0,410289,0,2009,3020,I-84,99999999999999999999,0000000,44.80818333,-117.8135444,1,1
41,5,11,14,1,40,1,2,0,0,4,4,0,42,0,1,4,1,2,55,2,2,2,2,40,3,2,2,0,0,2,2,2,17,3,23,0,0,0,0,1,7,1,410290,0,2009,0,S BEAVERCREEK RD,99999999999999999999,0000000,45.244225,-122.4869889,1,2
41,53,11,15,4,45,1,6,0,1,2,3,0,1,0,1,1,1,2,55,1,1,2,2,0,0,2,2,0,0,4,48,4,58,5,30,0,0,0,0,2,1,1,410291,0,2009,146,SR-22 (ODOT 30),99999999999999999999,0000000,44.93878611,-123.2474333,1,2
41,3,11,15,14,22,1,1,0,0,3,3,0,1,0,1,4,1,2,55,1,1,2,9,0,0,1,9,0,0,14,41,14,59,15,24,0,0,0,0,1,1,0,410292,0,2009,918,SR-99 (ODOT 91),99999999999999999999,0000000,44.47464167,-123.2733722,1,9
41,7,11,17,11,39,2,2,0,1,2,2,0,12,2,1,1,1,2,55,1,1,2,1,0,0,1,1,0,0,11,39,11,41,12,29,0,0,0,0,1,3,0,410293,0,2009,15,US-101 (ODOT 9),99999999999999999999,0000000,46.21481389,-123.8616778,2,1
41,13,11,20,16,22,2,2,0,1,2,2,0,12,2,1,1,1,2,55,2,2,2,4,0,0,5,4,2,0,16,27,16,57,18,7,0,0,0,0,1,6,1,410294,0,2009,498,US-26 (ODOT 41),99999999999999999999,0000000,44.57900833,-121.1263694,2,4
41,35,11,21,13,29,1,1,0,1,2,3,0,1,0,1,4,1,2,55,2,2,2,4,0,0,1,1,0,0,13,30,13,42,88,88,0,0,0,0,1,7,0,410295,0,2009,469,SR-140 (ODOT 270),99999999999999999999,0000000,42.37572222,-121.9984167,1,1
41,17,11,23,14,17,3,3,0,1,2,2,0,12,4,1,1,1,4,55,1,1,2,1,0,0,1,1,0,0,14,17,14,21,14,57,0,0,0,0,1,2,0,410296,0,2009,1310,US-97 (ODOT 4),99999999999999999999,0000000,44.15309167,-121.2639111,3,1
41,19,11,23,2,30,1,1,0,1,2,3,0,38,0,1,5,1,2,55,2,2,2,2,0,0,2,1,0,0,11,19,11,30,88,88,0,0,0,0,1,2,1,410297,0,2009,428,SR-38 (ODOT 45),99999999999999999999,0000000,43.66433056,-123.4291833,1,1
41,71,11,24,20,7,2,3,0,1,2,3,0,12,5,2,1,1,2,55,1,1,2,1,20,3,2,1,0,0,20,9,20,12,21,6,0,0,0,0,1,3,0,410298,0,2009,501,SR-18 (ODOT 39),ASH RD,0000000,45.21425,-123.1014917,2,1
41,5,11,26,2,46,2,2,0,0,6,6,0,12,4,2,1,1,2,99,1,1,2,2,0,0,2,1,0,0,2,51,3,6,4,11,0,0,0,0,1,5,2,410299,2196,2009,2,E WELCHES RD,E TWIN BERRY LP,0000000,45.34445278,-121.9633139,2,1
41,5,11,27,20,21,1,2,1,0,14,3,0,8,0,1,1,5,4,40,1,1,1,1,0,0,2,1,0,0,20,22,20,25,21,4,0,0,0,0,1,6,0,410300,0,2009,101,SR-99 (ODOT 81),99999999999999999999,0000000,45.38729722,-122.6098528,1,1
41,65,11,30,8,20,1,2,0,1,2,2,0,1,0,1,2,1,2,55,1,1,2,4,0,0,1,1,0,0,8,24,9,41,10,20,0,0,0,0,1,2,0,410301,0,2009,630,US-97 (ODOT 42),99999999999999999999,0000000,45.05100556,-120.6837028,1,1
41,65,11,13,10,0,2,5,0,0,3,2,0,12,4,1,1,1,3,55,1,2,2,4,0,0,1,1,0,0,10,5,10,16,11,8,0,0,0,0,1,6,0,410302,0,2009,184,US-197 (ODOT 4),99999999999999999999,0000000,45.38316111,-121.1420833,2,1
41,15,12,1,0,51,1,1,0,1,2,2,0,1,0,1,4,1,2,55,2,1,2,2,0,0,2,1,0,0,0,55,1,12,88,88,0,0,0,0,1,3,1,410303,0,2009,3080,US-101 (ODOT 9),99999999999999999999,0000000,42.65624444,-124.4105306,1,1
41,67,12,2,16,14,2,2,0,1,2,3,0,12,5,2,1,2,2,55,1,1,2,1,20,3,5,1,0,0,16,16,16,23,17,9,0,0,0,0,1,4,0,410304,0,2009,182,SR-99 (ODOT 91),SW BELL RD,0000000,45.33346667,-122.8808972,2,1
41,59,12,2,17,37,2,4,0,1,2,3,0,12,2,2,1,1,2,55,2,2,2,4,0,0,2,5,0,0,17,38,17,45,18,32,0,0,0,0,3,4,0,410305,0,2009,222,SR-11 (ODOT 8),UPPER DRY CREEK RD,0000000,45.85540278,-118.3996056,2,5
41,53,12,6,20,34,2,5,0,0,3,3,0,12,2,1,1,1,2,55,2,1,2,1,0,0,2,1,0,0,20,36,20,42,21,56,0,0,0,0,2,1,0,410306,0,2009,30,SR-223 (ODOT 189),99999999999999999999,0000000,44.92821944,-123.2513111,2,1
41,61,12,6,17,25,1,2,0,1,1,1,0,1,0,1,4,2,2,65,1,1,2,1,0,0,2,6,0,0,17,25,17,26,88,88,0,0,0,0,2,1,0,410307,0,2009,2834,I-84,99999999999999999999,0000000,45.056375,-117.9414778,1,6
41,33,12,7,17,55,1,1,0,0,6,4,0,34,0,1,4,1,2,0,2,1,2,1,0,0,2,1,0,0,18,1,18,10,88,88,0,22,0,0,1,2,1,410308,0,2009,2,CROOKS CREEK RD,99999999999999999999,0000000,42.30431111,-123.486625,1,1
41,47,12,7,12,23,2,2,0,0,4,4,0,12,5,2,1,1,2,55,1,1,2,1,20,3,1,1,0,0,12,23,12,29,13,29,0,0,0,0,1,2,1,410309,0,2009,44,MERIDIAN RD NE,MARQUAM RD NE,0000000,45.07110278,-122.7434917,2,1
41,67,12,9,21,5,1,2,1,1,13,3,0,8,0,1,1,5,4,45,2,2,2,1,0,0,2,1,0,0,21,5,21,10,88,88,0,0,0,0,1,4,0,410310,0,2009,78,SR-8 (ODOT 29),99999999999999999999,0000000,45.49646944,-122.8920611,1,1
41,33,12,12,18,37,1,5,0,0,6,4,0,1,0,1,2,1,2,0,2,2,4,4,0,0,2,5,0,0,18,38,19,55,23,10,0,22,0,0,1,7,1,410311,0,2009,45,SHAN CREEK RD,99999999999999999999,0000000,42.45830556,-123.5956306,1,5
41,33,12,12,99,99,1,1,0,0,6,4,0,1,0,1,5,1,2,99,1,2,2,4,0,0,9,1,0,0,10,59,11,39,88,88,0,0,0,0,1,7,1,410312,0,2009,0,USFS RD 11,99999999999999999999,0000000,42.19887222,-123.6882139,1,1
41,3,12,13,12,13,1,3,0,0,4,4,0,1,0,1,4,1,2,50,2,2,2,4,0,0,1,2,0,0,12,13,12,26,13,21,0,0,0,0,1,1,0,410313,0,2009,101,BELLFOUNTAIN RD,99999999999999999999,0000000,44.39967222,-123.3520361,1,2
41,59,12,14,17,31,1,2,1,0,13,3,0,15,0,3,1,5,2,30,1,1,2,1,20,3,6,1,0,0,17,33,17,36,88,88,0,0,0,0,1,2,0,410314,990,2009,84,SR-207 (ODOT 333),W ORCHARD AVE,0000000,45.83874444,-119.3109861,1,1
41,45,12,15,8,2,2,3,2,1,1,1,0,8,0,5,1,6,1,25,2,2,2,4,0,0,4,4,5,0,8,2,8,14,8,39,0,0,0,0,1,3,0,410316,0,2009,3749,I-84 RAMP,99999999999999999999,0000000,44.04749167,-116.9743972,1,4
41,65,12,16,0,32,1,2,1,0,6,5,3,8,0,1,1,1,2,99,1,1,2,2,0,0,2,2,0,0,99,99,99,99,88,88,0,0,0,0,1,4,0,410317,0,2009,30,WARM SPRINGS RD,99999999999999999999,0000000,44.76340833,-121.2684778,1,2
41,47,12,17,22,11,1,2,1,0,13,6,0,8,0,1,1,5,4,35,1,1,2,2,0,0,3,1,0,0,22,11,22,14,22,28,0,0,0,0,1,5,0,410318,1810,2009,0,LANCASTER DR NE,99999999999999999999,0000000,44.95391944,-122.9836667,1,1
41,37,12,18,8,25,1,3,0,1,2,2,0,1,0,1,4,1,2,55,2,1,2,4,0,0,1,1,0,0,8,30,9,39,10,25,0,0,0,0,1,6,0,410319,0,2009,348,US-395 (ODOT 49),99999999999999999999,0000000,43.18621944,-119.9203278,1,1
41,5,12,18,17,38,2,5,0,0,3,2,0,12,2,1,1,2,2,55,1,1,2,2,0,0,2,2,0,0,17,38,17,45,18,46,0,0,0,0,2,6,0,410320,0,2009,200,US-26 (ODOT 26),99999999999999999999,0000000,45.42756667,-122.3357389,2,2
41,47,12,19,16,28,3,6,0,1,2,3,0,12,2,1,1,1,2,55,1,2,2,1,0,0,2,1,0,0,16,28,17,58,18,26,0,0,0,0,1,7,0,410321,0,2009,564,SR-22 (ODOT 162),99999999999999999999,0000000,44.69625556,-122.0564306,3,1
41,11,12,19,17,27,1,2,1,1,13,2,0,8,0,1,1,1,2,30,1,1,2,1,0,0,3,1,0,1,17,28,17,29,17,47,0,0,0,0,1,7,0,410322,1510,2009,2349,US-101 (ODOT 9),99999999999999999999,0000000,43.41282222,-124.2240472,1,1
41,51,12,20,19,45,1,1,0,0,4,4,0,42,0,1,4,1,2,99,1,1,2,2,0,0,2,2,0,0,19,47,20,28,21,10,0,0,0,0,1,1,1,410323,0,2009,0,SE BLUFF RD,99999999999999999999,0000000,45.46281944,-122.3327861,1,2
41,51,12,21,0,3,2,1,0,0,15,6,0,14,3,1,2,1,2,25,1,1,2,9,0,0,3,9,0,0,0,3,0,6,0,44,0,0,0,0,1,2,0,410324,1650,2009,0,NE 146TH AVE,99999999999999999999,0000000,45.52141111,-122.5132306,1,9
41,19,12,23,6,31,1,2,1,1,1,1,0,8,0,1,1,2,2,65,1,1,2,2,0,0,2,5,0,0,6,31,6,31,88,88,0,0,0,0,1,4,0,410325,0,2009,871,I-5,99999999999999999999,0000000,42.78858611,-123.2626583,1,5
41,11,12,24,9,48,1,1,0,1,2,3,0,35,0,1,4,1,2,50,2,1,2,4,0,0,1,1,0,0,9,51,10,9,88,88,0,0,0,0,1,5,0,410326,0,2009,431,SR-42 (ODOT 35),99999999999999999999,0000000,42.96239167,-123.8560778,1,1
41,43,12,24,10,45,2,3,0,1,2,3,0,12,4,1,1,1,2,55,1,2,2,4,0,0,1,1,0,0,10,53,11,26,13,22,0,0,0,0,1,5,0,410327,0,2009,764,SR-22 (ODOT 162),99999999999999999999,0000000,44.49036111,-122.0027944,2,1
41,11,12,26,9,36,4,12,0,1,2,3,0,12,2,1,1,1,2,55,2,1,2,4,0,0,1,1,0,0,9,36,10,4,99,99,0,0,0,0,1,7,0,410328,0,2009,431,SR-42 (ODOT 35),99999999999999999999,0000000,42.96239167,-123.8560833,4,1
41,5,12,26,10,20,1,1,0,0,3,3,0,18,0,1,1,1,2,55,1,2,2,1,0,0,1,1,0,0,10,25,10,32,11,24,0,0,0,0,1,7,0,410329,0,2009,305,SR-11 (ODOT 161),99999999999999999999,0000000,45.25070556,-122.3305333,1,1
41,17,12,26,17,52,1,2,1,1,2,2,0,8,0,3,1,2,2,45,1,1,2,4,0,0,5,5,0,0,17,57,18,4,88,88,0,0,0,0,1,7,1,410330,190,2009,1403,US-97 (ODOT 4),BADGER RD,0000000,44.024525,-121.3185139,1,5
41,5,12,27,12,15,1,1,0,0,6,4,0,1,0,1,4,1,2,99,1,1,2,1,0,0,1,1,0,0,12,17,12,27,88,88,0,0,0,0,1,1,0,410331,0,2009,41,E EADEN RD,99999999999999999999,0000000,45.34970833,-122.4129528,1,1
41,51,12,28,2,41,1,4,0,0,16,8,0,27,0,13,4,6,3,25,2,2,2,1,0,0,3,1,0,0,2,43,2,50,3,7,0,0,0,0,1,2,1,410332,1650,2009,3039,RAMP I-5,99999999999999999999,0000000,45.555175,-122.6771639,1,1
41,11,12,30,6,28,1,1,0,1,2,2,0,42,0,1,4,1,2,55,1,2,2,2,0,0,2,1,0,0,6,28,6,37,88,88,0,0,0,0,1,4,1,410333,0,2009,2826,US-101 (ODOT 9),99999999999999999999,0000000,42.99624444,-124.4178,1,1
41,71,12,4,17,23,1,1,0,0,16,6,0,47,0,1,5,1,2,25,1,1,2,1,0,0,3,1,0,0,17,27,17,32,18,26,0,0,0,0,1,6,0,410334,1260,2009,0,SW EMMA DR,99999999999999999999,0000000,45.19921111,-123.2245028,1,1
41,11,12,5,11,23,1,1,0,1,2,2,0,1,0,1,4,1,2,55,1,1,2,9,0,0,1,9,0,0,99,99,99,99,88,88,0,0,0,0,1,7,0,410335,0,2009,2778,US-101 (ODOT 9),99999999999999999999,0000000,43.05508889,-124.4152417,1,9
41,25,12,29,99,99,1,1,0,1,2,2,0,35,0,1,4,1,3,55,2,2,2,9,0,0,9,9,0,0,88,88,88,88,88,88,0,0,0,0,1,3,0,410336,0,2009,1160,US-20 (ODOT 7),99999999999999999999,0000000,43.52716667,-119.2843083,1,9
41,1,12,12,12,30,2,3,0,1,1,1,0,12,3,1,1,3,2,65,1,1,2,4,0,0,1,4,0,0,12,31,12,50,14,12,0,0,0,0,1,7,0,410337,0,2009,3389,I-84,99999999999999999999,0000000,44.45995833,-117.3320444,2,4
42,41,1,18,10,8,1,3,0,1,1,1,0,24,0,1,2,2,2,55,2,1,2,2,0,0,1,1,0,0,99,99,99,99,88,88,0,0,0,0,1,1,0,420001,0,2009,438,I-81,99999999999999999999,0000000,40.18326389,-77.24256389,1,1
42,51,1,26,20,0,1,1,0,1,13,2,0,33,0,1,3,2,2,35,2,1,2,1,0,0,3,1,0,0,20,7,20,8,88,88,0,0,0,0,1,2,1,420002,1610,2009,274,US-119,99999999999999999999,0000000,40.01848056,-79.60004444,1,1
42,27,1,3,5,15,1,2,0,0,3,3,0,24,0,1,2,1,2,45,1,1,2,1,0,0,2,1,0,0,5,19,5,23,88,88,0,0,0,0,1,7,1,420003,0,2009,201,SR-150,99999999999999999999,0000000,41.07060556,-77.59835833,1,1
42,123,1,9,8,20,1,3,1,0,6,5,0,8,0,1,1,1,2,55,1,2,5,3,0,0,1,4,0,0,99,99,99,99,99,99,0,0,0,0,1,6,0,420004,0,2009,0,CEMETERY RD,99999999999999999999,0000000,41.95500556,-79.25005,1,4
42,53,1,17,1,50,1,1,0,0,6,5,0,42,0,1,5,1,2,25,2,1,5,3,0,0,2,1,0,0,1,59,2,10,88,88,0,0,0,0,1,7,1,420005,0,2009,0,LAMONAVILLE RD,99999999999999999999,0000000,41.47117222,-79.08489444,1,1
42,61,1,16,14,15,1,1,0,0,6,3,0,38,0,1,4,1,2,55,2,2,2,8,0,0,1,1,0,0,14,13,14,32,88,88,0,0,0,0,1,6,1,420006,0,2009,22,SR-2017,99999999999999999999,0000000,40.25174444,-77.84785556,1,1
42,67,1,17,23,50,1,1,0,0,5,3,0,30,0,1,4,1,2,45,1,2,2,2,0,0,2,4,0,0,23,53,0,9,88,88,0,0,0,0,1,7,1,420007,0,2009,42,SR-2018,99999999999999999999,0000000,40.65636389,-77.07445556,1,4
42,41,1,19,19,55,1,2,1,1,1,1,0,8,0,1,1,3,2,65,1,1,2,2,0,0,2,1,0,0,88,88,88,88,88,88,0,19,0,0,1,2,0,420008,0,2009,2300,I-76,99999999999999999999,0000000,40.21733333,-77.08949722,1,1
42,125,1,24,3,30,1,2,0,0,6,3,0,42,0,1,4,1,2,40,2,1,2,1,0,0,2,1,0,0,4,5,4,28,99,99,0,0,0,0,1,7,1,420009,0,2009,100,SR-3035,99999999999999999999,0000000,40.057075,-80.330675,1,1
42,133,1,24,20,5,1,2,0,0,6,5,0,35,0,1,4,1,2,25,2,4,2,1,0,0,2,1,0,0,20,6,20,17,20,43,0,20,0,0,1,7,0,420010,0,2009,0,WOODLAND VIEW DR,99999999999999999999,0000000,40.00594444,-76.72452778,1,1
42,43,1,23,15,37,2,3,0,0,16,6,0,12,5,2,1,1,2,25,1,1,2,1,20,3,1,1,0,0,99,99,99,99,99,99,0,0,0,0,1,6,0,420011,3500,2009,0,SYCAMORE ST,18TH ST,0000000,40.25329444,-76.85647778,2,1
42,35,1,3,1,7,2,2,0,0,3,3,0,24,0,1,2,1,2,55,1,2,2,1,0,0,2,1,0,0,1,13,1,23,88,88,0,0,0,0,1,7,1,420012,0,2009,25,SR-150,99999999999999999999,0000000,41.08527778,-77.54923889,2,1