STATE,COUNTY,MONTH,DAY,HOUR,MINUTE,VE_TOTAL,PERSONS,PEDS,NHS,ROAD_FNC,ROUTE,SP_JUR,HARM_EV,MAN_COLL,REL_JUNC,REL_ROAD,TRAF_FLO,NO_LANES,SP_LIMIT,ALIGNMNT,PROFILE,PAVE_TYP,SUR_COND,TRA_CONT,T_CONT_F,LGT_COND,WEATHER1,WEATHER2,WRK_ZONE,NOT_HOUR,NOT_MIN,ARR_HOUR,ARR_MIN,HOSP_HR,HOSP_MN,SCH_BUS,CF1,CF2,CF3,FATALS,DAY_WEEK,DRUNK_DR,ST_CASE,CITY,YEAR,MILEPT,TWAY_ID,TWAY_ID2,RAIL,LATITUDE,LONGITUD,VE_FORMS,WEATHER
42,51,1,24,22,20,1,1,0,0,4,3,0,32,0,1,4,1,2,45,1,1,2,1,0,0,3,1,0,0,22,23,22,30,22,46,0,0,0,0,1,7,1,420013,0,2009,22,SR-4010,99999999999999999999,0000000,39.94626667,-79.81433333,1,1
42,17,1,17,22,3,1,4,1,1,2,3,0,8,0,1,1,1,2,45,1,1,2,1,0,0,2,1,0,0,22,6,22,9,22,46,0,0,0,0,1,7,0,420014,0,2009,219,SR-611,99999999999999999999,0000000,40.51461389,-75.16236944,1,1
42,5,1,27,18,15,1,2,1,0,14,3,0,8,0,3,1,2,2,45,1,1,2,2,4,3,3,1,0,0,18,15,18,19,88,88,0,0,0,0,1,3,0,420015,0,2009,194,SR-66,SR-128,0000000,40.77966944,-79.52142222,1,1
42,81,1,25,3,28,1,6,0,1,2,2,0,36,0,1,4,2,2,65,1,2,2,1,0,0,2,1,0,0,3,23,3,36,4,24,0,0,0,0,2,1,0,420016,0,2009,352,US-15,99999999999999999999,0000000,41.53257778,-77.12625278,1,1
42,117,1,10,7,30,1,3,0,0,5,3,0,42,0,3,5,1,2,35,2,2,2,3,0,0,4,1,0,0,99,99,99,99,99,99,0,0,0,0,1,7,0,420017,0,2009,21,SR-2014,WATER ST,0000000,41.67771667,-77.01961389,1,1
42,71,1,19,15,54,1,2,0,0,3,3,0,37,0,1,4,1,2,45,2,2,2,3,0,0,1,4,0,0,15,53,16,0,16,45,0,19,0,0,1,2,0,420018,0,2009,59,SR-272,99999999999999999999,0000000,39.77256944,-76.16653056,1,4
42,71,1,18,0,1,1,2,0,0,6,5,0,30,0,1,4,1,2,35,1,2,2,1,0,0,2,1,0,0,0,1,0,9,88,88,0,0,0,0,1,1,0,420019,0,2009,0,CHERRY HILL RD,99999999999999999999,0000000,39.98705,-76.12648056,1,1
42,9,1,10,23,43,1,2,0,0,4,3,0,42,0,1,4,1,2,55,2,2,2,4,0,0,2,8,0,0,99,99,99,99,88,88,0,0,0,0,1,7,1,420020,0,2009,169,SR-869,99999999999999999999,0000000,40.17459444,-78.48335833,1,8
42,77,1,3,2,35,1,4,0,0,6,3,0,38,0,1,4,1,2,35,2,2,2,1,0,0,2,1,0,0,2,35,2,49,3,49,0,0,0,0,1,7,1,420021,0,2009,4,SR-4027,99999999999999999999,0000000,40.63701111,-75.65213611,1,1
42,77,1,27,16,30,1,1,0,1,13,2,0,38,0,1,5,2,2,45,1,1,2,1,0,0,1,1,0,0,99,99,99,99,88,88,0,0,0,0,1,3,0,420022,0,2009,77,US-222,99999999999999999999,0000000,40.568525,-75.55810556,1,1
42,49,1,31,21,15,2,2,0,0,6,4,0,12,2,2,1,1,2,40,2,1,2,3,0,0,3,1,0,0,21,20,21,30,88,88,0,0,0,0,1,7,1,420023,0,2009,0,OLD ROUTE 99 RD,HILL RD,0000000,41.98054167,-80.14386944,2,1
42,11,1,14,8,23,2,2,1,0,5,3,0,8,0,1,1,1,2,40,1,3,2,1,0,0,1,1,0,0,8,27,8,36,99,99,0,14,0,0,1,4,0,420024,0,2009,33,SR-1022,99999999999999999999,0000000,40.46183889,-75.74571111,1,1
42,79,1,29,22,0,1,2,0,1,13,2,0,22,0,1,4,5,2,35,1,1,2,1,0,0,2,1,0,0,22,10,22,17,99,99,0,0,0,0,2,5,1,420025,0,2009,224,US-11,99999999999999999999,0000000,41.22748611,-75.97371111,1,1
42,79,1,9,7,10,1,1,0,0,5,3,0,42,0,1,4,1,2,40,1,1,2,4,0,0,1,4,0,0,7,8,7,16,8,9,0,0,0,0,1,6,0,420026,0,2009,45,SR-3006,99999999999999999999,0000000,41.14034444,-76.05342222,1,4
42,33,1,24,6,0,2,2,0,0,3,3,0,12,2,1,1,1,2,55,1,1,2,1,0,0,2,4,0,0,20,44,20,48,21,50,0,0,0,0,1,7,0,420027,0,2009,92,SR-53,99999999999999999999,0000000,40.80655833,-78.48199444,2,4
42,107,1,31,3,20,1,1,0,0,3,2,0,30,0,1,2,1,2,45,1,2,2,4,0,0,2,1,0,0,3,8,3,23,88,88,0,0,0,0,1,7,1,420028,0,2009,76,US-209,99999999999999999999,0000000,40.61659444,-76.44749722,1,1
42,125,1,15,11,40,2,3,0,1,1,1,0,12,1,1,1,3,2,55,1,2,2,1,0,0,1,1,0,0,88,88,88,88,88,88,0,0,0,0,1,5,0,420029,0,2009,270,I-70,99999999999999999999,0000000,40.16783056,-80.092675,2,1
42,69,1,8,16,10,2,2,0,0,4,3,0,12,2,1,1,1,2,40,1,1,2,1,0,0,1,1,0,0,16,10,16,13,99,99,0,0,0,0,1,5,0,420030,0,2009,6,SR-247,99999999999999999999,0000000,41.41399722,-75.50604167,2,1
42,49,1,19,16,16,2,2,0,0,3,2,0,12,4,1,1,1,2,55,1,1,2,3,0,0,1,4,0,0,99,99,99,99,99,99,0,0,0,0,1,2,0,420031,0,2009,389,US-20,99999999999999999999,0000000,42.20107222,-79.87346944,2,4
42,85,1,3,12,25,1,4,1,0,6,5,0,8,0,1,1,1,2,0,1,2,2,2,0,0,1,1,0,0,12,27,12,42,99,99,0,0,0,0,1,7,0,420032,0,2009,0,JAMISON RD,99999999999999999999,0000000,41.23215556,-80.03286944,1,1
42,19,1,9,20,57,1,2,0,0,16,6,0,33,0,1,4,1,2,25,2,2,2,3,0,0,3,4,0,0,21,1,21,4,21,19,0,0,0,0,2,6,0,420033,1020,2009,0,BRADY ST,99999999999999999999,0000000,40.86376111,-79.88822222,1,4
42,19,1,3,23,34,2,3,0,1,13,2,0,12,5,2,1,1,2,45,1,1,2,1,4,3,3,1,0,0,23,36,23,45,88,88,0,0,0,0,1,7,0,420034,0,2009,117,US-422,EAGLE MILL RD,0000000,40.88792778,-79.98066111,2,1
42,133,1,2,15,31,1,2,1,0,16,6,0,8,0,1,1,4,2,25,1,1,2,1,0,0,1,1,0,0,15,37,15,39,15,55,0,0,0,0,1,6,0,420035,9610,2009,0,PHILADELPHIA ST,99999999999999999999,0000000,39.96900556,-76.71506111,1,1
42,121,1,18,13,40,2,3,0,0,3,3,0,12,4,1,1,1,2,50,1,4,2,3,0,0,1,4,0,0,13,41,13,42,99,99,0,0,0,0,1,1,0,420036,0,2009,29,SR-157,99999999999999999999,0000000,41.39648056,-79.62839167,2,4
42,19,1,26,15,43,2,5,0,0,4,2,0,12,11,2,1,2,2,55,1,2,2,1,20,3,1,1,0,0,15,43,15,58,88,88,0,0,0,0,1,2,0,420037,0,2009,217,US-19,SR-8016,0000000,40.96859722,-80.16280833,2,1
42,21,1,9,23,6,1,4,0,0,14,3,0,30,0,1,2,1,2,25,2,2,2,2,0,0,3,4,0,0,23,9,23,17,23,43,0,0,0,0,1,6,0,420038,4010,2009,9,SR-3002,99999999999999999999,0000000,40.30281944,-78.92999167,1,4
42,91,1,13,15,17,1,1,0,0,6,5,0,32,0,1,5,1,2,35,1,1,2,1,0,0,1,1,0,0,99,99,99,99,99,99,0,0,0,0,1,3,0,420039,1257,2009,0,TOOKANY CREEK PY,99999999999999999999,0000000,40.05711667,-75.09726111,1,1
42,77,1,7,17,38,1,2,1,0,15,3,0,8,0,1,1,1,2,35,1,1,2,2,0,0,2,2,0,0,17,39,17,46,18,9,0,0,0,0,1,4,0,420040,0,2009,0,SR-1002,99999999999999999999,0000000,40.58335556,-75.63236111,1,2
42,37,1,6,22,18,2,2,0,1,11,1,0,12,3,1,1,2,2,65,1,2,2,4,0,0,2,3,0,0,22,22,22,33,23,24,0,0,0,0,1,3,0,420041,0,2009,2328,I-80,99999999999999999999,0000000,41.01617222,-76.48003611,2,3
42,91,1,23,9,25,6,7,0,1,11,1,0,12,1,1,1,3,2,55,1,1,2,1,0,0,1,1,0,0,99,99,99,99,99,99,0,0,0,0,1,6,0,420042,0,2009,3341,I-0076,99999999999999999999,0000000,40.06541944,-75.27748611,6,1
42,129,1,10,17,20,3,4,0,1,11,1,0,12,1,15,1,3,3,65,1,1,2,2,0,0,5,5,2,0,17,29,17,35,99,99,0,0,0,0,1,7,1,420043,6087,2009,671,I-0076,99999999999999999999,0000000,40.31255,-79.6786,3,2
42,101,1,1,1,37,2,4,1,1,11,1,0,8,0,1,1,3,3,55,1,1,1,1,0,0,3,1,0,0,1,38,1,44,88,88,0,14,0,0,1,5,0,420044,6540,2009,13,I-676,99999999999999999999,0000000,39.9572,-75.15773056,2,1
42,95,1,30,17,35,2,3,0,1,2,3,0,13,4,1,1,2,2,65,2,1,2,1,0,0,2,1,0,0,99,99,99,99,88,88,0,0,0,0,1,6,0,420045,0,2009,69,SR-33,99999999999999999999,0000000,40.729625,-75.27316389,2,1
42,11,1,24,1,14,1,1,0,0,3,3,0,27,0,1,5,1,2,55,1,2,2,1,20,9,3,1,0,0,1,15,1,26,2,15,0,0,0,0,1,7,1,420046,0,2009,84,SR-562,99999999999999999999,0000000,40.31795,-75.73111667,1,1
42,17,1,5,23,17,1,1,0,0,6,5,0,42,0,1,5,1,2,35,1,1,2,1,8,3,3,1,0,0,23,16,23,23,88,88,0,0,0,0,1,2,1,420047,0,2009,0,CLYMER RD,99999999999999999999,0000000,40.43130278,-75.28274167,1,1
42,91,1,31,23,12,1,1,0,0,6,5,0,42,0,1,5,1,2,25,2,1,2,1,0,0,3,1,0,0,99,99,99,99,88,88,0,0,0,0,1,7,1,420048,0,2009,0,CHELTEN HILLS DR,99999999999999999999,0000000,40.08473611,-75.13515556,1,1
42,125,1,16,15,36,2,2,0,0,4,3,0,12,4,1,1,1,2,35,2,2,2,1,0,0,1,1,0,0,15,52,16,7,16,57,0,0,0,0,1,6,0,420049,0,2009,49,SR-1006,99999999999999999999,0000000,40.23471389,-80.099925,2,1
42,71,1,29,13,49,2,2,0,1,13,3,0,12,5,8,1,1,2,25,1,2,2,1,8,3,1,1,0,0,13,50,13,56,88,88,0,0,0,0,1,5,0,420050,4800,2009,113,SR-72,99999999999999999999,0000000,40.16815833,-76.39944167,2,1
42,129,1,21,13,54,2,3,0,0,13,3,0,12,4,1,1,1,4,40,2,1,2,1,0,0,1,1,0,0,13,50,14,1,99,99,0,0,0,0,1,4,0,420051,5880,2009,9,SR-56,99999999999999999999,0000000,40.568075,-79.75283889,2,1
42,73,1,2,23,28,1,2,0,0,6,5,0,42,0,1,4,1,2,35,1,4,2,1,0,0,2,1,0,0,23,32,23,45,99,99,0,0,0,0,1,6,0,420052,0,2009,0,REBECCA ST,99999999999999999999,0000000,41.01045833,-80.36790833,1,1
42,109,1,17,23,33,2,3,0,1,13,2,0,12,2,2,1,5,4,40,1,1,2,1,0,0,3,1,0,0,23,39,23,42,0,6,0,0,0,0,1,7,0,420053,7540,2009,169,US-11,ARBOGAST AV,0000000,40.84441389,-76.82449444,2,1
42,79,1,21,8,39,2,2,0,0,13,3,0,12,4,2,1,1,4,35,1,1,2,1,3,3,1,1,0,0,8,41,8,47,9,24,0,0,0,0,1,4,0,420054,1860,2009,334,SR-309,SR-1045,0000000,41.32875278,-75.94784167,2,1
42,3,1,18,14,48,3,4,0,1,11,1,0,12,7,1,1,2,2,55,1,1,2,3,0,0,1,4,0,0,15,5,15,19,99,99,0,0,0,0,1,1,0,420055,0,2009,662,I-79,99999999999999999999,0000000,40.53915833,-80.12320556,3,4
42,17,1,21,14,26,2,3,0,0,13,3,0,12,4,1,1,1,2,45,1,2,2,1,0,0,1,1,0,0,14,26,14,30,99,99,0,0,0,0,1,4,0,420056,0,2009,24,SR-2038,99999999999999999999,0000000,40.26409444,-75.22546944,2,1
42,3,1,18,0,40,2,4,0,0,16,4,0,12,4,1,1,1,4,25,1,1,2,3,0,0,3,4,0,0,0,45,0,54,1,17,0,0,0,0,1,1,0,420057,6600,2009,0,HOMESTEAD GRAYS BR,99999999999999999999,0000000,40.41153611,-79.91965833,2,4
42,77,1,22,2,28,1,2,0,1,12,2,0,42,0,1,5,3,2,55,1,1,2,1,0,0,3,1,0,0,99,99,99,99,88,88,0,0,0,0,2,5,1,420058,0,2009,11,US-22,99999999999999999999,0000000,40.59414444,-75.57805,1,1
42,79,1,9,22,1,1,2,1,0,14,3,0,8,0,1,1,1,3,35,1,1,2,1,0,0,3,1,0,0,99,99,99,99,99,99,0,0,0,0,1,6,0,420059,6610,2009,87,SR-2004,99999999999999999999,0000000,41.31718333,-75.79521389,1,1
42,101,1,14,21,31,1,1,0,0,14,3,0,25,0,1,3,3,1,25,1,2,2,1,0,0,3,1,0,0,21,32,21,35,22,7,0,0,0,0,1,4,1,420060,6540,2009,1,SR-4007,99999999999999999999,0000000,40.01600278,-75.15773333,1,1
42,101,1,26,4,10,1,1,0,1,13,2,0,42,0,1,10,2,3,45,1,1,2,1,0,0,3,1,0,0,3,47,3,53,4,10,0,0,0,0,1,2,1,420061,6540,2009,75,US-6001,99999999999999999999,0000000,40.07086944,-75.03794167,1,1
42,101,1,15,19,34,3,4,0,0,14,3,0,12,2,8,4,1,2,35,1,2,2,1,3,3,3,1,0,0,19,36,19,40,20,16,0,0,0,0,1,5,0,420062,6540,2009,11,SR-1014,DUNGAN RD,0000000,40.06871667,-75.06733889,3,1
42,17,1,2,18,15,1,2,1,0,13,3,0,8,0,1,1,1,4,35,1,1,2,1,0,0,3,1,0,0,18,16,18,20,18,40,0,0,0,0,1,6,0,420063,6480,2009,45,SR-2037,99999999999999999999,0000000,40.15809722,-74.91540556,1,1
42,91,1,3,2,50,1,3,0,0,6,5,0,35,0,1,4,1,2,35,1,1,2,1,0,0,3,1,0,0,99,99,99,99,99,99,0,0,0,0,1,7,1,420064,0,2009,0,SWEDESFORD RD,99999999999999999999,0000000,40.20306389,-75.26141111,1,1
42,49,1,1,16,45,1,3,0,0,14,3,0,42,0,1,5,1,2,35,1,1,2,3,0,0,1,1,0,0,16,53,16,58,17,19,0,0,0,0,2,5,0,420065,0,2009,13,SR-4018,99999999999999999999,0000000,42.094625,-80.17329722,1,1
42,101,1,1,5,7,1,1,0,0,16,6,0,42,0,3,4,1,2,35,1,1,2,1,0,0,3,1,0,0,5,7,5,12,5,39,0,0,0,0,1,5,0,420066,6540,2009,0,SEDGLEY DR,POPLAR DR,0000000,39.97166111,-75.18577222,1,1
42,49,1,4,13,17,1,2,0,0,6,5,0,30,0,1,5,1,2,25,1,1,2,2,0,0,1,1,0,0,13,19,13,24,13,46,0,0,0,0,1,1,0,420067,0,2009,0,CLIFFORD DR,99999999999999999999,0000000,42.07249167,-80.20241667,1,1
42,41,1,22,20,6,3,8,1,0,14,3,0,8,0,1,1,1,2,45,1,1,2,1,0,0,2,1,0,0,20,10,20,19,88,88,0,14,0,0,1,5,0,420068,0,2009,33,SR-114,99999999999999999999,0000000,40.23996389,-77.03055278,3,1
42,107,1,2,14,17,1,3,1,0,16,6,0,8,0,1,1,1,2,25,1,2,2,1,0,0,1,1,0,0,14,16,14,19,14,30,0,0,0,0,1,6,0,420069,6790,2009,0,LAUREL BL,99999999999999999999,0000000,40.68699167,-76.19906944,1,1
42,17,1,15,5,40,2,2,0,0,14,3,0,12,5,2,1,1,2,40,1,1,2,1,3,3,3,1,0,0,5,42,5,49,88,88,0,0,0,0,1,5,0,420070,5490,2009,47,SR-2055,SR-2073,0000000,40.20318889,-74.77325278,2,1
42,75,2,18,9,6,1,1,0,0,5,3,0,30,0,1,2,1,2,35,2,2,2,8,0,0,1,1,0,0,99,99,99,99,88,88,0,0,0,0,1,4,0,420071,0,2009,12,SR-3001,99999999999999999999,0000000,40.26637222,-76.46089444,1,1
42,89,2,4,21,13,1,1,0,0,14,3,0,42,0,1,4,1,2,35,2,1,2,1,0,0,2,1,0,0,99,99,99,99,88,88,0,0,0,0,1,4,1,420072,0,2009,1,SR-2022,99999999999999999999,0000000,41.013975,-75.20529167,1,1
42,59,2,2,6,36,1,1,0,0,16,6,0,43,0,3,5,1,2,25,2,2,2,2,0,0,4,1,0,0,6,38,6,47,99,99,0,0,0,0,1,2,0,420073,8930,2009,0,RICHHILL ST,FIRST ST,0000000,39.89204722,-80.1901,1,1
42,99,2,1,3,0,1,1,0,0,3,3,0,42,0,1,4,1,2,45,2,2,2,1,0,0,2,1,0,0,4,57,5,10,88,88,0,0,0,0,1,1,1,420074,0,2009,213,SR-34,99999999999999999999,0000000,40.508275,-77.08879444,1,1
42,97,2,6,17,50,1,1,0,0,5,3,0,42,0,1,4,1,2,40,2,2,2,1,0,0,5,1,0,0,17,52,17,59,88,88,0,0,0,0,1,6,1,420075,0,2009,14,SR-4019,99999999999999999999,0000000,40.76196944,-76.78005278,1,1
42,125,2,4,15,55,2,2,0,0,4,2,0,12,4,1,1,1,3,45,2,2,2,1,0,0,1,1,0,0,16,2,16,27,99,99,0,0,0,0,1,4,0,420076,0,2009,114,US-40,99999999999999999999,0000000,40.14840278,-80.33278889,2,1
42,119,2,2,12,15,2,7,0,0,4,3,0,12,5,2,1,1,2,45,1,2,2,2,20,3,1,1,0,0,12,16,12,22,99,99,0,0,0,0,1,2,1,420077,0,2009,128,SR-192,SR-2001,0000000,40.96081944,-76.98763889,2,1
42,63,2,4,17,40,2,2,0,1,2,2,0,12,2,1,1,1,2,55,1,1,2,3,0,0,2,4,0,1,17,40,17,45,88,88,0,0,0,0,1,4,0,420078,0,2009,119,US-22,99999999999999999999,0000000,40.44926667,-79.07546944,2,4
42,43,2,2,22,6,1,2,1,1,11,1,0,8,0,1,1,3,2,55,2,1,2,1,0,0,2,1,0,0,22,6,22,22,88,88,0,0,0,0,1,2,0,420079,0,2009,454,I-83,99999999999999999999,0000000,40.25376111,-76.82443333,1,1
42,3,2,4,8,55,1,4,0,1,12,3,0,37,0,1,4,2,2,65,2,2,1,4,0,0,1,1,0,0,9,2,9,15,9,43,0,0,0,0,1,4,0,420080,0,2009,226,SR-28,99999999999999999999,0000000,40.65138056,-79.724375,1,1
42,67,2,17,14,20,2,2,0,0,3,3,0,12,5,2,1,1,2,45,1,1,2,1,20,3,1,1,0,0,14,17,14,20,99,99,0,0,0,0,1,3,0,420081,0,2009,130,SR-75,SR-850,0000000,40.4023,-77.55262222,2,1
42,33,2,12,18,5,1,1,0,1,2,2,0,1,0,1,4,1,2,55,1,1,2,1,0,0,2,1,0,0,18,6,18,17,88,88,0,19,0,0,1,5,0,420082,0,2009,41,US-219,99999999999999999999,0000000,40.77874722,-78.77708056,1,1
42,125,2,10,21,27,2,2,0,0,3,3,0,12,5,10,1,1,2,45,1,1,2,2,20,3,2,1,0,0,99,99,99,99,88,88,0,0,0,0,1,3,1,420083,0,2009,21,SR-519,SR-8022,0000000,40.15514722,-80.13123056,2,1
42,43,2,5,21,14,1,1,0,0,16,3,0,24,0,1,2,1,2,35,1,2,2,1,0,0,2,1,0,0,21,13,21,24,88,88,0,0,0,0,1,5,1,420084,0,2009,52,SR-2015,99999999999999999999,0000000,40.36260833,-76.67421667,1,1
42,49,2,14,16,45,2,4,0,0,4,3,0,12,4,1,1,1,2,55,1,1,2,4,0,0,1,1,0,0,16,48,16,59,99,99,0,0,0,0,1,7,0,420085,0,2009,99,SR-699,99999999999999999999,0000000,41.98746944,-80.14204167,2,1
42,11,2,7,10,4,3,3,0,1,13,3,0,13,2,1,1,2,2,55,1,1,2,1,0,0,1,1,0,0,10,7,10,13,99,99,0,14,0,0,2,7,1,420086,0,2009,2,SR-100,99999999999999999999,0000000,40.33734444,-75.62164444,3,1
42,65,2,15,20,35,1,1,0,0,3,2,0,27,0,1,4,1,2,55,2,1,2,1,0,0,2,1,0,0,20,45,20,56,21,21,0,0,0,0,1,1,1,420087,0,2009,207,US-322,99999999999999999999,0000000,41.08483333,-78.86691389,1,1
42,101,2,14,3,51,2,3,0,1,11,1,0,12,2,1,1,3,3,50,1,1,2,1,0,0,2,1,0,0,3,51,3,57,4,26,0,0,0,0,1,7,1,420088,6540,2009,3465,I-76,99999999999999999999,0000000,39.92844722,-75.19653056,2,1
42,43,2,18,15,40,3,4,0,0,3,3,0,12,4,1,1,1,2,55,2,1,2,3,0,0,1,3,0,0,15,41,15,55,88,88,0,0,0,0,1,4,0,420089,0,2009,162,SR-147,99999999999999999999,0000000,40.57046944,-76.975975,3,3
42,11,2,26,7,24,1,1,0,0,3,3,0,42,0,1,4,1,2,55,2,2,2,4,0,0,1,5,0,0,7,23,7,36,99,99,0,0,0,0,1,5,0,420090,0,2009,108,SR-183,99999999999999999999,0000000,40.41962778,-76.1049,1,5
42,129,2,8,20,42,2,2,0,1,2,2,0,12,2,1,1,3,2,55,1,2,1,1,0,0,2,1,0,0,20,46,20,52,99,99,0,0,0,0,1,1,1,420091,0,2009,117,US-22,99999999999999999999,0000000,40.39842222,-79.50274722,2,1
42,107,2,24,10,13,1,1,0,0,5,3,0,43,0,1,4,1,2,55,2,2,2,1,0,0,1,1,0,0,10,11,10,20,88,88,0,0,0,0,1,3,0,420092,0,2009,5,SR-2004,99999999999999999999,0000000,40.67854444,-76.17723056,1,1
42,39,2,4,8,34,2,2,0,0,3,2,0,12,4,1,1,1,2,45,2,1,2,3,0,0,1,4,0,0,8,35,99,97,99,97,0,0,0,0,1,4,0,420093,0,2009,348,US-6,99999999999999999999,0000000,41.76391389,-80.117025,2,4
42,133,2,19,4,50,1,1,0,0,4,3,0,42,0,1,5,1,2,45,2,1,2,4,0,0,2,8,0,0,4,50,5,4,6,12,0,0,0,0,1,5,0,420094,0,2009,228,SR-425,99999999999999999999,0000000,39.93790556,-76.48617778,1,8
42,129,2,3,1,30,1,1,0,1,11,1,0,38,0,1,5,3,2,65,2,2,2,1,0,0,2,1,0,0,88,88,88,88,88,88,0,0,0,0,1,3,0,420095,0,2009,597,I-76,99999999999999999999,0000000,40.40331667,-79.70753889,1,1
42,11,2,13,11,21,1,2,0,0,15,3,0,30,0,1,5,5,2,55,1,1,2,1,0,0,1,1,0,0,11,22,11,23,99,99,0,0,0,0,2,6,1,420096,0,2009,1,SR-1014,99999999999999999999,0000000,40.50015556,-75.79941944,1,1
42,85,2,28,17,25,2,7,0,0,5,3,0,12,5,2,1,1,2,45,1,1,2,1,20,2,1,1,0,0,99,99,99,99,88,88,0,0,0,0,2,7,0,420097,0,2009,66,SR-3007,ORCHARD RD,0000000,41.17335556,-80.32696667,2,1
42,17,2,17,13,14,4,5,0,1,13,3,0,12,1,1,1,1,2,55,1,1,2,1,0,0,1,1,0,0,13,14,13,22,99,99,0,0,0,0,1,3,0,420098,0,2009,45,SR-663,99999999999999999999,0000000,40.43953333,-75.39585278,4,1
42,71,2,1,22,23,1,1,0,0,6,3,0,41,0,1,5,1,2,40,1,1,2,4,0,0,2,1,0,0,22,22,22,35,88,88,0,0,0,0,1,1,1,420099,0,2009,6,SR-1042,99999999999999999999,0000000,40.20939444,-76.04780556,1,1
42,121,2,7,2,40,1,2,0,0,3,3,0,48,0,1,5,1,2,45,2,3,2,1,0,0,2,1,0,0,99,99,99,99,99,99,0,0,0,0,1,7,1,420100,8217,2009,18,SR-417,99999999999999999999,0000000,41.42623333,-79.81646389,1,1
42,1,2,11,20,2,1,1,0,0,5,3,0,11,0,1,1,1,2,45,1,1,2,1,0,0,2,1,0,0,99,99,99,99,99,99,0,0,0,0,1,4,0,420101,0,2009,62,SR-3005,99999999999999999999,0000000,39.78826389,-77.29414722,1,1
42,101,2,20,18,0,1,2,1,0,13,3,0,8,0,1,1,1,4,35,2,1,2,1,0,0,3,1,0,0,18,58,19,4,19,33,0,0,0,0,1,6,0,420102,6540,2009,24,SR-3007,99999999999999999999,0000000,39.966625,-75.17950556,1,1
42,101,2,1,2,38,1,2,0,0,16,6,0,30,0,1,5,1,2,25,1,1,2,1,0,0,3,1,0,0,2,39,2,48,88,88,0,0,0,0,2,1,1,420103,6540,2009,0,CHRISTOPHER COLUM BL,99999999999999999999,0000000,39.90935833,-75.13841667,1,1
42,11,2,11,21,12,1,2,0,1,13,2,0,24,0,1,2,2,2,45,1,1,2,1,0,0,2,1,0,0,21,12,21,20,21,51,0,0,0,0,1,4,1,420104,0,2009,258,US-422,99999999999999999999,0000000,40.28596944,-75.81041111,1,1
42,101,2,13,21,38,1,2,1,1,13,2,0,8,0,3,1,2,3,45,1,1,2,1,3,3,3,1,0,0,21,38,99,97,99,97,0,0,0,0,1,6,0,420105,6540,2009,73,US-6001,WOODWARD ST,0000000,40.07128333,-75.03828611,1,1
42,85,2,27,21,48,1,1,0,1,12,2,0,37,0,1,4,3,2,40,2,1,2,4,0,0,2,1,0,0,21,48,21,55,88,88,0,0,0,0,1,6,1,420106,3604,2009,35,US-62,99999999999999999999,0000000,41.22808056,-80.46226667,1,1
42,101,2,27,19,15,1,2,1,0,14,3,0,8,0,1,1,1,2,25,1,1,2,2,0,0,3,1,0,0,19,18,19,23,19,38,0,0,0,0,1,6,0,420107,6540,2009,9,SR-4007,99999999999999999999,0000000,40.02410833,-75.16533056,1,1
42,41,2,5,7,5,2,2,0,0,15,3,0,12,5,2,1,1,2,35,1,1,2,1,20,3,1,1,0,0,7,4,7,9,7,38,0,0,0,0,1,5,0,420108,0,2009,112,SR-2027,SR-2029,0000000,40.22118056,-76.943075,2,1
42,1,2,25,16,7,2,3,0,0,3,3,0,12,2,1,1,1,2,45,2,1,2,1,0,0,1,1,0,0,16,8,16,12,99,99,0,0,0,0,1,4,1,420109,9997,2009,19,SR-116,99999999999999999999,0000000,39.76171944,-77.38088611,2,1
42,101,2,26,5,40,2,2,0,0,13,3,0,33,0,1,4,1,2,35,2,1,2,1,0,0,3,1,0,0,5,40,5,43,6,19,0,0,0,0,1,5,0,420110,6540,2009,6,SR-1020,99999999999999999999,0000000,40.13116944,-75.01365,1,1
42,101,2,28,16,58,2,2,0,0,16,6,0,12,5,2,1,1,2,99,1,1,2,1,3,3,1,1,0,0,16,58,17,3,17,16,0,0,0,0,1,7,0,420111,6540,2009,0,DIAMOND ST,25TH ST,0000000,39.98705,-75.1744,2,1
42,91,2,23,11,12,1,2,1,0,13,3,0,33,0,1,4,1,2,35,2,2,2,1,8,3,1,1,0,3,99,99,99,99,99,99,0,0,0,0,1,2,0,420112,0,2009,0,SR-3053,99999999999999999999,0000000,40.08631111,-75.23095,1,1
42,101,2,26,10,1,2,2,0,1,13,3,0,12,1,3,1,1,4,30,1,1,2,1,3,3,1,1,0,0,10,1,10,7,10,43,0,0,0,0,1,5,0,420113,6540,2009,18,SR-73,SR-1009,0000000,40.04769167,-75.05982222,2,1
42,71,2,19,6,44,2,3,0,0,5,3,0,12,4,1,1,1,2,45,1,2,2,4,0,0,4,5,0,0,6,45,7,1,7,43,0,0,0,0,1,5,0,420114,0,2009,74,SR-3032,99999999999999999999,0000000,39.98039722,-76.33653889,2,5
42,101,2,8,13,39,2,2,0,1,13,2,0,1,0,8,1,1,5,35,1,2,2,1,0,0,1,1,0,0,99,99,99,99,88,88,0,0,0,0,1,1,0,420115,6540,2009,21,US-1,99999999999999999999,0000000,39.99656944,-75.23639167,2,1