STATE,COUNTY,MONTH,DAY,HOUR,MINUTE,VE_TOTAL,PERSONS,PEDS,NHS,ROAD_FNC,ROUTE,SP_JUR,HARM_EV,MAN_COLL,REL_JUNC,REL_ROAD,TRAF_FLO,NO_LANES,SP_LIMIT,ALIGNMNT,PROFILE,PAVE_TYP,SUR_COND,TRA_CONT,T_CONT_F,LGT_COND,WEATHER1,WEATHER2,WRK_ZONE,NOT_HOUR,NOT_MIN,ARR_HOUR,ARR_MIN,HOSP_HR,HOSP_MN,SCH_BUS,CF1,CF2,CF3,FATALS,DAY_WEEK,DRUNK_DR,ST_CASE,CITY,YEAR,MILEPT,TWAY_ID,TWAY_ID2,RAIL,LATITUDE,LONGITUD,VE_FORMS,WEATHER
42,81,2,25,15,0,1,2,0,1,13,2,0,24,0,1,2,2,2,55,1,2,2,1,0,0,1,1,0,0,15,8,99,99,16,0,0,0,0,0,1,4,0,420116,0,2009,62,US-220,99999999999999999999,0000000,41.21487222,-77.18443611,1,1
42,125,3,10,22,17,1,2,0,0,4,3,0,24,0,1,2,1,2,55,1,1,2,1,0,0,2,1,0,0,88,88,88,88,88,88,0,0,0,0,2,3,1,420117,0,2009,46,SR-18,99999999999999999999,0000000,40.03028889,-80.2889,1,1
42,39,3,7,2,32,1,1,0,0,3,3,0,34,0,1,4,1,2,55,2,1,2,2,0,0,2,1,0,0,2,27,2,40,3,19,0,0,0,0,1,7,1,420118,0,2009,108,SR-18,99999999999999999999,0000000,41.68499444,-80.32250278,1,1
42,131,3,7,23,0,1,1,0,0,4,3,0,38,0,1,5,1,2,45,2,2,2,2,0,0,2,1,0,0,23,3,23,11,88,88,0,0,0,0,1,7,1,420119,0,2009,9,SR-307,99999999999999999999,0000000,41.48485833,-75.80213056,1,1
42,3,2,28,19,51,2,4,0,0,13,3,0,12,4,1,1,1,5,35,1,1,2,1,0,0,9,1,0,0,19,53,20,14,20,44,0,0,0,0,1,7,0,420120,5413,2009,38,SR-2048,99999999999999999999,0000000,40.43836111,-79.77223056,2,1
42,107,3,15,12,45,2,4,0,0,4,3,0,12,5,2,1,1,2,45,1,2,2,1,20,3,1,1,0,0,12,50,13,0,99,99,0,0,0,0,1,1,1,420121,0,2009,26,SR-4034,SR-4036,0000000,40.85218333,-76.25499167,2,1
42,25,3,15,16,44,1,1,0,0,6,5,0,42,0,1,5,1,2,55,1,1,2,1,0,0,1,1,0,0,16,44,16,57,88,88,0,0,0,0,1,1,0,420122,0,2009,0,LOVITT RD,99999999999999999999,0000000,40.89664722,-75.58640833,1,1
42,101,2,19,14,5,1,2,1,1,13,2,0,8,0,3,1,2,3,40,1,1,2,1,0,0,1,1,0,0,14,16,14,21,14,48,0,0,0,0,1,5,0,420123,6540,2009,119,US-1,TYSON AV,0000000,40.04049722,-75.05888056,1,1
42,15,2,6,7,55,1,1,0,0,5,3,0,42,0,1,4,1,2,30,1,2,2,1,0,0,1,1,0,0,99,99,99,99,99,99,0,0,0,0,1,6,0,420124,0,2009,69,SR-4031,99999999999999999999,0000000,41.94255556,-76.87472778,1,1
42,43,3,28,13,9,1,1,0,1,2,3,0,42,0,1,3,2,2,65,1,1,1,1,0,0,1,1,0,0,99,99,99,99,99,99,0,0,0,0,1,7,0,420125,0,2009,102,SR-300,99999999999999999999,0000000,40.19035,-76.62241111,1,1
42,51,2,14,0,57,1,1,0,0,2,2,0,25,0,13,5,6,1,35,2,2,1,1,0,0,3,1,0,0,0,57,1,1,88,88,0,0,0,0,1,7,1,420126,0,2009,172,US-40 RAMP,99999999999999999999,0000000,39.87037222,-79.69691667,1,1
42,99,3,13,21,10,1,5,1,1,2,2,0,8,0,1,1,5,4,55,1,1,1,1,0,0,2,1,0,0,21,11,21,15,88,88,0,0,0,0,1,6,0,420127,0,2009,117,US-11,99999999999999999999,0000000,40.43295,-77.00006111,1,1
42,89,3,18,15,28,1,3,0,0,6,5,0,24,0,1,2,1,2,40,2,1,2,1,0,0,1,1,0,0,99,99,99,99,99,99,0,0,0,0,1,4,1,420128,0,2009,0,MERWINSBURG RD,99999999999999999999,0000000,40.95996944,-75.46307222,1,1
42,133,3,21,6,6,1,1,0,0,4,3,0,42,0,1,4,1,2,45,1,2,2,1,0,0,2,1,0,0,99,99,99,99,88,88,0,0,0,0,1,7,1,420129,0,2009,223,SR-425,99999999999999999999,0000000,39.93084167,-76.48881944,1,1
42,17,3,4,20,23,1,2,1,1,13,3,0,8,0,1,1,1,2,35,1,1,1,1,0,0,2,9,0,0,20,24,20,28,20,54,0,0,0,0,1,4,0,420130,0,2009,37,SR-413,99999999999999999999,0000000,40.13516111,-74.88511667,1,9
42,17,3,3,21,9,1,2,1,0,14,3,0,8,0,1,1,1,2,45,1,1,2,1,0,0,2,1,0,0,21,10,21,17,88,88,0,0,0,0,1,3,0,420131,0,2009,10,SR-322,99999999999999999999,0000000,40.19647778,-75.08268611,1,1
42,75,3,13,18,49,1,1,0,0,14,3,0,43,0,1,5,1,2,40,2,1,2,1,0,0,1,1,0,0,18,50,19,1,20,56,0,0,0,0,1,6,1,420132,0,2009,79,SR-897,99999999999999999999,0000000,40.31751111,-76.36768889,1,1
42,133,3,8,11,10,1,2,0,0,6,5,0,42,0,1,4,1,2,40,1,2,2,2,0,0,1,1,0,0,11,12,11,26,11,53,0,0,0,0,1,1,0,420133,0,2009,0,FUHRMAN MILL RD,99999999999999999999,0000000,39.75722778,-76.92492778,1,1
42,63,3,11,15,20,2,3,1,0,3,3,0,8,0,1,1,1,2,55,2,1,2,1,0,0,1,1,0,0,15,29,15,44,99,99,0,14,0,0,1,4,0,420134,0,2009,262,SR-286,99999999999999999999,0000000,40.66583056,-79.07982222,2,1
42,51,3,5,5,52,2,3,0,1,13,2,0,12,5,8,1,2,2,45,1,1,2,1,3,9,3,1,0,0,5,56,5,58,99,99,0,0,0,0,1,5,1,420135,0,2009,222,US-119,AIRPORT RD,0000000,39.960375,-79.64950556,2,1
42,101,2,26,3,0,1,1,0,0,16,6,0,43,0,1,4,1,2,99,1,1,2,1,0,0,3,1,0,0,3,7,3,13,3,37,0,0,0,0,1,5,1,420136,6540,2009,0,SWANSON ST,99999999999999999999,0000000,39.92120833,-75.14617222,1,1
42,41,3,7,15,17,2,2,0,0,3,3,0,12,5,2,1,1,2,45,1,1,2,1,20,3,1,1,0,0,15,10,15,21,15,36,0,0,0,0,1,7,0,420138,0,2009,129,SR-233,SR-4008,0000000,40.191975,-77.4072,2,1
42,29,3,20,18,19,1,2,1,0,6,5,0,8,0,1,5,1,2,25,2,1,2,1,0,0,1,1,0,0,99,99,99,99,99,99,0,0,0,0,1,6,0,420139,0,2009,0,BUTTONWOOD RD,99999999999999999999,0000000,39.78915556,-75.73853333,1,1
42,95,3,14,15,30,1,1,0,0,14,3,0,30,0,1,5,1,2,40,2,3,2,1,0,0,1,1,0,0,99,99,99,99,88,88,0,0,0,0,1,7,0,420140,0,2009,159,SR-191,99999999999999999999,0000000,40.85380278,-75.21063611,1,1
42,11,3,5,3,48,1,1,0,0,16,6,0,30,0,1,4,1,2,35,2,1,2,1,0,0,3,1,0,0,3,49,3,58,88,88,0,0,0,0,1,5,1,420141,6900,2009,0,KENHORST BL,99999999999999999999,0000000,40.31996389,-75.95195278,1,1
42,111,3,5,15,29,1,3,0,1,2,2,0,24,0,1,2,2,2,55,2,1,1,1,0,0,1,1,0,0,99,99,99,99,88,88,0,0,0,0,3,5,0,420142,0,2009,89,US-219,99999999999999999999,0000000,39.82059167,-79.046325,1,1
42,63,3,8,21,47,2,2,0,1,13,2,0,12,2,1,1,3,2,55,2,1,1,2,0,0,2,2,0,0,21,52,22,0,22,34,0,0,0,0,1,1,1,420143,0,2009,55,US-119,99999999999999999999,0000000,40.50978611,-79.16506667,2,2
42,3,2,27,18,30,3,9,0,0,14,3,0,12,4,2,1,1,2,35,2,2,2,1,20,3,3,1,0,0,18,31,18,40,99,99,0,0,0,0,1,6,0,420144,0,2009,39,SR-4011,HILLENDALE RD,0000000,40.53294722,-80.04722222,3,1
42,51,3,21,15,56,2,2,0,0,4,3,0,12,5,2,1,1,2,40,1,1,2,1,0,0,1,1,0,0,15,59,16,9,88,88,0,0,0,0,1,7,1,420145,0,2009,82,SR-1058,ROY STOUT RD,0000000,40.05393889,-79.34571944,2,1
42,133,3,27,10,45,2,2,0,0,14,3,0,12,4,8,1,1,2,35,1,2,2,1,3,9,1,1,0,0,10,45,10,49,88,88,0,0,0,0,1,6,0,420146,0,2009,49,SR-4001,SR-4011,0000000,39.98117222,-76.76129167,2,1
42,69,3,4,13,59,2,2,0,0,14,3,0,12,4,2,1,1,2,35,1,1,2,2,20,2,1,1,0,0,13,59,14,7,14,32,1,0,0,0,1,4,0,420147,200,2009,7,SR-1012,COLUMBUS DR,0000000,41.49321944,-75.55942222,2,1
42,101,3,7,18,26,1,2,1,0,16,6,0,8,0,2,1,1,2,35,1,1,2,1,3,3,5,1,0,0,18,27,18,38,18,50,0,0,0,0,1,7,1,420148,6540,2009,0,OLD YORK RD,66TH AV,0000000,40.05363611,-75.14181667,1,1
42,39,3,31,0,50,2,1,0,0,16,6,0,14,8,1,2,1,2,35,1,1,2,1,0,0,3,1,0,0,0,54,1,0,88,88,0,0,0,0,1,3,1,420149,5000,2009,0,STATE ST,99999999999999999999,0000000,41.64157778,-80.13651944,1,1
42,29,2,9,12,28,3,5,1,1,13,2,0,12,5,2,1,2,2,55,1,1,2,1,3,3,1,1,0,0,12,28,12,36,13,18,0,14,0,0,1,2,0,420150,0,2009,21,US-30,SR-10,0000000,39.9835,-75.93240278,2,1
42,91,2,14,3,16,1,2,1,1,12,2,0,8,0,13,1,6,2,55,1,2,2,1,0,0,2,1,0,0,3,14,3,21,88,88,0,0,0,0,1,7,0,420151,0,2009,184,US-422 RAMP,99999999999999999999,0000000,40.11109444,-75.419975,1,1
42,3,1,6,12,30,1,1,0,0,14,3,0,30,0,1,5,1,2,35,2,2,2,2,0,0,1,3,0,0,12,30,12,42,13,17,0,0,0,0,1,3,0,420152,0,2009,12,SR-4070,99999999999999999999,0000000,40.58226944,-80.04093056,1,3
42,125,2,8,21,1,1,1,0,0,3,3,0,53,0,1,4,1,2,55,1,2,2,1,0,0,2,1,0,0,99,99,99,99,99,99,0,0,0,0,1,1,0,420153,0,2009,23,SR-844,99999999999999999999,0000000,40.25115,-80.47784722,1,1
42,89,2,27,21,3,1,1,0,0,15,3,0,42,0,1,4,1,2,40,1,2,2,2,0,0,2,2,0,0,99,99,99,99,99,99,0,0,0,0,1,6,1,420154,0,2009,59,SR-3005,99999999999999999999,0000000,40.92108056,-75.43586667,1,2
42,71,2,15,15,21,1,3,0,0,4,3,0,37,0,1,4,1,2,35,2,2,2,1,0,0,1,1,0,0,15,20,15,46,16,2,0,0,0,0,1,1,1,420155,0,2009,55,SR-472,99999999999999999999,0000000,39.86475556,-76.10187222,1,1
42,27,2,14,9,25,1,2,0,1,2,2,0,42,0,1,4,1,2,55,1,4,2,3,8,3,1,4,0,0,9,27,9,40,10,44,0,0,0,0,1,7,0,420156,0,2009,51,US-322,99999999999999999999,0000000,40.86192222,-78.16618333,1,4
42,125,3,15,14,16,2,2,0,0,13,3,0,12,4,1,1,1,3,45,2,2,2,1,0,0,1,1,0,0,99,99,99,99,99,99,0,0,0,0,1,1,0,420157,0,2009,239,SR-88,99999999999999999999,0000000,40.16157778,-79.92021667,2,1
42,89,2,22,21,3,2,2,0,0,3,2,0,12,5,8,1,1,2,35,1,1,2,1,0,0,2,1,0,0,21,3,21,8,88,88,0,0,0,0,1,1,0,420158,0,2009,254,US-209,99999999999999999999,0000000,41.05900556,-75.08331389,2,1
42,77,3,31,15,2,1,1,0,0,3,3,0,36,0,3,5,1,2,55,1,2,2,1,20,3,1,1,0,0,99,99,99,99,99,99,0,0,0,0,1,3,0,420159,0,2009,129,SR-100,GEORGE RD,0000000,40.63478333,-75.67706944,1,1
42,3,3,28,1,20,1,2,0,1,11,1,0,27,0,1,3,2,2,55,1,1,1,2,0,0,3,1,0,1,1,18,1,24,2,8,0,0,0,0,1,7,1,420160,0,2009,597,I-79,99999999999999999999,0000000,40.44468333,-80.11119167,1,1
42,101,3,16,1,44,1,3,0,0,16,6,0,42,0,1,5,4,1,25,1,1,2,1,0,0,3,1,0,0,1,44,1,55,2,23,0,0,0,0,1,2,1,420161,6540,2009,0,VARE AV,99999999999999999999,0000000,39.93345278,-75.19973056,1,1
42,31,4,12,1,30,1,1,0,1,2,3,0,27,0,1,4,1,2,55,2,2,2,1,0,0,2,1,0,0,2,12,2,21,2,58,0,0,0,0,1,1,1,420162,0,2009,57,SR-28,99999999999999999999,0000000,41.03948333,-79.25761389,1,1
42,99,4,4,13,15,1,1,0,0,4,3,0,42,0,1,4,1,2,45,2,2,2,1,0,0,1,1,0,0,99,99,99,99,88,88,0,0,0,0,1,7,0,420163,0,2009,58,SR-850,99999999999999999999,0000000,40.40552222,-77.44603611,1,1
42,89,1,10,0,34,1,2,1,0,14,3,0,8,0,1,1,1,2,35,1,1,2,1,0,0,2,1,0,0,99,99,99,99,99,99,0,0,0,0,1,7,1,420164,0,2009,0,SR-2022,99999999999999999999,0000000,41.01413611,-75.20651111,1,1
42,55,1,20,6,43,7,9,0,1,1,1,0,23,0,1,4,2,2,65,2,2,2,1,0,0,2,1,0,0,6,44,6,56,99,99,0,0,0,0,2,3,0,420165,0,2009,188,I-81,99999999999999999999,0000000,39.94997778,-77.58923889,7,1
42,3,2,6,22,43,1,1,0,0,14,3,0,99,0,3,99,2,2,25,2,1,1,1,0,0,6,9,0,0,22,42,99,97,99,97,0,0,0,0,1,6,1,420166,6600,2009,24,SR-400,BLOOMFIELD BR,0000000,40.45868611,-79.95732778,1,9
42,25,3,13,8,50,2,4,0,1,11,1,0,54,11,1,1,3,2,65,1,1,2,1,0,0,1,1,0,0,99,99,99,99,88,88,0,14,0,0,1,6,0,420167,0,2009,760,I-476,99999999999999999999,0000000,40.83877222,-75.66770278,2,1
42,51,3,22,22,45,2,3,0,0,15,3,0,12,8,1,1,1,2,40,2,1,2,1,0,0,2,1,0,0,99,99,99,99,99,99,0,0,0,0,1,1,0,420168,0,2009,68,SR-2021,99999999999999999999,0000000,39.90411944,-79.674525,2,1
42,125,3,21,18,7,2,3,0,0,15,2,0,12,4,1,1,1,2,35,2,1,2,1,0,0,1,1,0,0,18,9,18,16,18,44,0,0,0,0,2,7,1,420169,0,2009,140,US-40,99999999999999999999,0000000,40.16105556,-80.29004722,2,1
42,63,4,23,0,10,1,1,0,0,4,3,0,37,0,1,4,1,2,45,2,2,2,2,0,0,2,2,0,0,0,12,0,26,88,88,0,0,0,0,1,5,1,420170,0,2009,13,SR-3013,99999999999999999999,0000000,40.48198056,-79.22043889,1,2
42,51,4,11,23,43,1,1,0,0,2,2,0,35,0,1,5,5,2,45,1,1,2,1,0,0,2,1,0,0,23,49,23,56,88,88,0,0,0,0,1,7,1,420171,0,2009,20,US-40,99999999999999999999,0000000,40.00253611,-79.85901944,1,1
42,69,4,12,5,40,1,1,0,0,13,2,0,37,0,1,4,1,2,45,1,1,2,1,0,0,2,1,0,0,5,40,5,50,88,88,0,0,0,0,1,1,1,420172,200,2009,75,US-6B,99999999999999999999,0000000,41.52771389,-75.56336667,1,1
42,123,4,15,18,46,1,1,0,0,14,3,0,30,0,1,5,1,2,35,1,1,2,1,0,0,1,1,0,0,99,99,99,99,88,88,0,0,0,0,1,4,0,420173,8850,2009,12,SR-1011,99999999999999999999,0000000,41.85899722,-79.14596944,1,1
42,101,3,7,17,0,2,1,0,0,16,6,0,33,0,1,4,1,2,99,2,2,2,1,0,0,1,1,0,0,17,0,17,4,17,25,0,0,0,0,1,7,0,420174,6540,2009,0,GLENWOOD AV,99999999999999999999,0000000,40.00454444,-75.13294444,1,1
42,69,4,17,13,5,1,2,0,0,4,3,0,30,0,1,2,1,2,45,1,1,2,1,0,0,1,1,0,0,13,17,13,23,14,1,0,0,0,0,1,6,0,420175,0,2009,105,SR-435,99999999999999999999,0000000,41.3785,-75.544975,1,1
42,125,4,15,13,43,1,2,0,0,15,3,0,33,0,8,4,1,2,25,1,1,2,2,0,0,1,2,0,0,99,99,99,99,99,99,0,0,0,0,1,4,0,420176,5400,2009,27,SR-1018,99999999999999999999,0000000,40.20250556,-79.92695833,1,2
42,71,3,18,14,51,3,3,0,1,13,2,0,12,1,1,1,1,2,35,1,1,2,1,0,0,1,1,0,0,99,99,99,99,99,99,0,0,0,0,1,4,1,420177,0,2009,131,US-322,99999999999999999999,0000000,40.16483611,-76.15718333,3,1
42,77,4,17,13,36,1,1,0,1,13,2,0,52,0,1,2,2,2,45,1,1,2,1,0,0,1,1,0,0,99,99,99,99,88,88,0,0,0,0,1,6,1,420178,0,2009,52,US-222,99999999999999999999,0000000,40.56201944,-75.60182778,1,1
42,29,3,10,12,24,2,2,0,1,13,2,0,12,2,1,1,1,2,55,1,1,2,1,0,0,1,1,0,0,12,25,12,31,13,16,0,0,0,0,1,3,0,420179,0,2009,69,US-322,99999999999999999999,0000000,40.06853056,-75.82426667,2,1
42,41,4,26,13,30,2,2,0,0,4,2,0,12,4,2,1,1,2,40,1,1,2,1,3,3,1,1,0,0,13,29,13,35,99,99,0,0,0,0,1,1,0,420180,1100,2009,183,US-11,SR-465,0000000,40.19130556,-77.24066389,2,1
42,35,4,3,8,16,2,2,0,0,4,3,0,12,2,1,1,1,2,45,1,1,2,2,0,0,1,2,0,0,8,16,8,24,9,17,0,0,0,0,1,6,0,420181,0,2009,45,SR-64,99999999999999999999,0000000,41.05818611,-77.49354722,2,2
42,101,4,5,1,35,1,2,0,0,13,3,0,30,0,3,5,1,2,30,1,2,2,8,0,0,6,9,0,0,1,37,1,41,1,59,0,0,0,0,1,1,1,420182,6540,2009,54,SR-2007,BRILL ST,0000000,40.02404167,-75.07568611,1,9
42,101,3,22,21,30,2,6,2,0,13,3,0,12,4,2,1,4,2,35,1,1,2,1,3,3,2,1,0,0,21,31,21,36,21,55,0,0,0,0,1,1,0,420183,6540,2009,46,SR-3,16TH ST,0000000,39.94978611,-75.16753333,2,1
42,109,4,1,22,50,2,2,0,0,5,3,0,12,2,1,1,1,2,55,2,2,2,2,0,0,2,5,0,0,22,54,23,1,23,59,0,0,0,0,1,4,1,420184,0,2009,5,SR-1005,99999999999999999999,0000000,40.80085,-77.04244167,2,5
42,33,4,10,21,42,2,3,0,1,2,2,0,11,0,1,1,1,2,55,1,1,2,2,0,0,2,1,0,0,21,43,22,17,88,88,0,0,0,0,1,6,0,420185,0,2009,351,US-322,99999999999999999999,0000000,40.90801389,-78.23895833,2,1
42,131,1,9,21,30,1,2,0,0,5,3,0,42,0,1,4,1,2,40,1,1,2,1,0,0,2,1,0,0,21,28,22,3,99,99,0,0,0,0,1,6,1,420186,0,2009,199,SR-3001,99999999999999999999,0000000,41.63141944,-76.14952222,1,1
42,1,2,13,18,50,1,1,0,0,5,3,0,42,0,1,5,1,2,45,2,1,2,1,0,0,2,1,0,0,18,48,19,15,99,99,0,0,0,0,1,6,0,420187,0,2009,82,SR-2001,99999999999999999999,0000000,39.83153333,-77.12028056,1,1
42,79,3,1,20,25,3,3,0,0,3,3,0,12,4,1,1,1,2,55,1,1,2,1,0,0,2,1,0,0,20,21,20,36,21,2,0,0,0,0,1,1,0,420188,0,2009,127,SR-93,99999999999999999999,0000000,41.03064444,-76.099975,2,1
42,17,1,10,21,23,1,1,0,1,13,3,0,33,0,1,4,5,2,45,1,1,2,2,0,0,3,1,0,0,21,25,21,31,88,88,0,0,0,0,1,7,0,420189,0,2009,139,SR-132,99999999999999999999,0000000,40.09915,-74.94752778,1,1
42,79,2,6,13,20,1,1,0,0,5,3,0,37,0,1,4,1,2,35,2,2,2,1,0,0,1,1,0,0,88,88,88,88,88,88,0,0,0,0,1,6,0,420190,0,2009,84,SR-2035,99999999999999999999,0000000,41.30041944,-75.71855833,1,1
42,9,2,2,10,26,2,3,0,0,3,3,0,12,2,3,1,1,2,55,1,1,2,2,20,3,1,1,0,0,99,99,99,99,99,99,0,0,0,0,1,2,0,420191,0,2009,84,SR-36,SR-866,0000000,40.235625,-78.36231667,2,1
42,73,2,6,12,17,2,3,0,0,4,3,0,12,4,2,1,1,2,45,1,1,2,1,20,3,1,1,0,0,12,25,12,41,99,99,0,0,0,0,1,6,0,420192,0,2009,43,SR-388,SR-1012,0000000,40.99123889,-80.26771944,2,1
42,83,3,24,16,32,2,2,0,1,2,2,0,12,2,1,1,1,2,55,1,1,2,1,0,0,1,1,0,0,16,39,16,43,88,88,0,0,0,0,2,3,0,420193,0,2009,483,US-6,99999999999999999999,0000000,41.79027778,-78.23326111,2,1
42,89,3,24,6,25,4,5,0,1,2,3,0,12,4,1,1,2,2,55,1,2,2,1,0,0,4,1,0,0,6,25,6,31,7,19,0,99,99,99,1,3,0,420194,0,2009,23,SR-33,99999999999999999999,0000000,40.88646389,-75.30944167,4,1
42,3,3,25,0,20,1,1,0,1,11,1,0,1,0,15,8,3,2,55,2,2,1,1,0,0,3,1,0,0,0,18,0,24,88,88,0,0,0,0,1,4,1,420195,0,2009,18,I-279,99999999999999999999,0000000,40.41133056,-80.07515278,1,1
42,55,3,10,20,18,1,1,0,0,6,4,0,30,0,1,4,1,2,35,2,1,2,1,0,0,2,1,0,0,20,17,20,24,88,88,0,0,0,0,1,3,0,420196,0,2009,0,GRANT SHOOK RD,99999999999999999999,0000000,39.76114722,-77.7696,1,1
42,91,3,25,14,28,1,2,1,0,6,5,0,8,0,1,1,1,2,55,1,2,2,1,0,0,1,1,0,0,14,30,14,37,14,58,0,0,0,0,1,4,0,420197,0,2009,0,GRANGE AV,99999999999999999999,0000000,40.18123333,-75.40556389,1,1
42,107,2,11,20,45,1,1,0,0,3,3,0,34,0,1,4,1,2,55,2,1,2,1,0,0,2,1,0,0,20,37,20,38,21,3,0,0,0,0,1,4,0,420198,0,2009,349,SR-443,99999999999999999999,0000000,40.75258889,-75.94977222,1,1
42,133,3,22,17,12,2,2,0,0,14,3,0,12,3,2,1,1,2,45,1,1,2,1,0,0,1,1,0,0,17,15,17,24,99,99,0,0,0,0,1,1,0,420199,0,2009,87,SR-234,BAKER RD,0000000,39.94704722,-76.809325,2,1
42,17,2,22,0,12,1,2,0,0,6,5,0,42,0,3,5,1,2,25,1,1,2,1,0,0,3,1,0,0,0,12,0,21,0,48,0,0,0,0,1,1,1,420200,0,2009,0,ELMWOOD RD,AUSTIN DR,0000000,40.18126667,-74.85543333,1,1
42,15,3,1,19,48,1,3,0,0,6,3,0,35,0,1,4,1,2,55,2,2,2,1,0,0,2,1,0,0,19,47,19,50,20,55,0,0,0,0,1,1,0,420201,0,2009,130,SR-3008,99999999999999999999,0000000,41.69234444,-76.61606944,1,1
42,17,3,27,23,4,1,1,0,0,14,3,0,42,0,1,5,1,2,45,1,1,2,1,0,0,2,1,0,0,23,6,23,12,88,88,0,0,0,0,1,6,1,420202,0,2009,24,SR-2036,99999999999999999999,0000000,40.25281667,-74.99361944,1,1
42,11,3,12,22,15,1,4,0,0,4,3,0,37,0,1,4,1,2,45,2,1,2,1,0,0,2,1,0,0,22,17,22,30,23,0,0,0,0,0,1,5,1,420203,0,2009,25,SR-4028,99999999999999999999,0000000,40.53626111,-76.02364444,1,1
42,11,3,13,14,10,1,2,1,1,13,2,0,8,0,1,3,3,2,45,1,1,2,1,0,0,1,1,0,0,14,9,14,15,88,88,0,99,99,99,1,6,0,420204,0,2009,39,US-222B,99999999999999999999,0000000,40.37866111,-75.92711667,1,1
42,91,2,25,20,13,1,2,1,0,14,3,0,8,0,3,1,1,2,35,1,1,2,1,3,3,3,1,0,0,20,13,20,18,20,31,0,0,0,0,1,4,0,420205,0,2009,0,SR-2017,OLD HUNTNGDON PK,0000000,40.097,-75.09204722,1,1
42,133,3,13,22,37,1,1,0,1,12,2,0,34,0,1,3,3,2,55,2,2,2,1,0,0,2,1,0,0,22,42,22,47,88,88,0,0,0,0,1,6,1,420206,0,2009,197,US-30,99999999999999999999,0000000,39.99133056,-76.65971944,1,1
42,27,3,7,18,55,1,2,1,0,16,3,0,8,0,1,2,1,2,35,1,2,2,1,0,0,3,1,0,0,18,58,19,3,19,30,0,0,0,0,1,7,0,420207,540,2009,0,SR-2002,99999999999999999999,0000000,40.91433056,-77.75655556,1,1
42,79,2,2,19,19,2,2,0,0,4,3,0,12,4,1,1,1,2,45,2,1,2,3,0,0,2,4,0,0,99,99,99,99,99,99,0,0,0,0,1,2,0,420208,0,2009,161,SR-239,99999999999999999999,0000000,41.19519167,-76.25394722,2,4
42,11,2,26,3,10,2,2,0,1,13,2,0,12,1,1,1,1,4,45,1,2,2,1,0,0,2,1,0,0,3,12,99,97,99,97,0,0,0,0,1,5,1,420209,0,2009,249,US-422,99999999999999999999,0000000,40.29082778,-75.82613333,2,1
42,71,3,29,19,4,2,7,0,0,4,3,0,12,4,1,4,1,2,45,1,3,2,2,0,0,1,1,0,0,19,3,19,15,19,43,0,0,0,0,4,1,0,420210,0,2009,113,SR-340,99999999999999999999,0000000,40.03900278,-76.05862222,2,1
42,5,3,19,17,30,2,2,0,1,2,2,0,12,2,1,1,1,2,55,1,3,2,1,0,0,1,1,0,0,17,39,17,42,19,6,0,0,0,0,1,5,0,420211,0,2009,135,US-422,99999999999999999999,0000000,40.79329444,-79.46573056,2,1
42,31,4,2,22,52,2,4,0,0,3,3,0,12,2,1,1,1,2,55,1,2,2,1,0,0,2,1,0,0,23,13,23,42,0,55,0,0,0,0,3,5,1,420212,0,2009,86,SR-208,99999999999999999999,0000000,41.23860556,-79.51436389,2,1
42,37,3,16,14,16,2,2,0,1,11,1,0,12,7,1,1,2,2,65,1,1,1,1,0,0,1,1,0,0,14,17,14,26,99,99,0,23,0,0,1,2,0,420213,0,2009,2413,I-80,99999999999999999999,0000000,41.03041111,-76.32938333,2,1
42,27,4,11,10,5,2,2,0,0,3,3,0,12,4,1,1,1,2,55,1,1,2,2,0,0,1,1,0,0,10,10,10,19,12,29,0,0,0,0,2,7,1,420214,0,2009,126,SR-150,99999999999999999999,0000000,40.99652778,-77.70109167,2,1
42,51,4,25,16,0,2,2,0,0,5,3,0,12,2,1,1,1,2,45,2,2,2,1,0,0,1,1,0,0,16,15,16,26,17,2,0,0,0,0,1,7,0,420215,0,2009,18,SR-1054,99999999999999999999,0000000,40.03585,-79.44010278,2,1
42,77,4,11,1,42,1,1,0,1,12,2,0,34,0,15,4,3,2,55,2,2,2,1,0,0,3,1,0,0,99,99,99,99,88,88,0,0,0,0,1,7,1,420216,0,2009,65,US-22,99999999999999999999,0000000,40.62756944,-75.48047222,1,1
42,89,2,4,18,5,3,3,0,0,3,3,0,12,2,1,1,1,2,45,1,1,2,1,0,0,6,1,0,0,99,99,99,99,99,99,0,0,0,0,1,4,0,420217,0,2009,144,SR-611,99999999999999999999,0000000,41.05346944,-75.31488333,3,1
42,91,4,27,7,55,2,3,0,1,13,3,0,12,2,1,1,5,4,40,1,1,2,1,0,0,1,1,0,0,7,57,8,3,99,99,0,0,0,0,1,2,0,420218,0,2009,165,SR-309,99999999999999999999,0000000,40.27445833,-75.25906111,2,1
42,1,4,28,15,45,2,4,0,0,3,3,0,12,4,1,1,1,2,45,2,1,2,1,0,0,1,1,0,0,15,51,15,57,16,21,0,0,0,0,1,3,0,420219,0,2009,203,SR-116,99999999999999999999,0000000,39.80104444,-77.08202222,2,1