STATE,COUNTY,MONTH,DAY,HOUR,MINUTE,VE_TOTAL,PERSONS,PEDS,NHS,ROAD_FNC,ROUTE,SP_JUR,HARM_EV,MAN_COLL,REL_JUNC,REL_ROAD,TRAF_FLO,NO_LANES,SP_LIMIT,ALIGNMNT,PROFILE,PAVE_TYP,SUR_COND,TRA_CONT,T_CONT_F,LGT_COND,WEATHER1,WEATHER2,WRK_ZONE,NOT_HOUR,NOT_MIN,ARR_HOUR,ARR_MIN,HOSP_HR,HOSP_MN,SCH_BUS,CF1,CF2,CF3,FATALS,DAY_WEEK,DRUNK_DR,ST_CASE,CITY,YEAR,MILEPT,TWAY_ID,TWAY_ID2,RAIL,LATITUDE,LONGITUD,VE_FORMS,WEATHER
42,129,4,11,1,8,1,2,0,0,16,3,0,42,0,1,4,1,2,35,2,2,2,1,0,0,2,1,0,0,1,18,1,20,2,11,0,0,0,0,1,7,1,420220,0,2009,11,SR-3103,99999999999999999999,0000000,40.27465278,-79.57667222,1,1
42,29,4,7,0,28,2,2,0,1,2,3,0,12,4,1,1,1,3,55,1,1,2,1,0,0,2,1,0,0,0,26,0,37,99,99,0,0,0,0,1,3,0,420221,0,2009,167,SR-41,99999999999999999999,0000000,39.93571944,-75.95711111,2,1
42,95,4,25,9,38,2,4,0,0,6,5,0,37,0,1,5,1,2,35,1,1,2,1,0,0,1,1,0,0,9,39,9,53,99,99,0,0,0,0,1,7,1,420222,0,2009,0,BOOKSHILL RD,99999999999999999999,0000000,40.80029167,-75.26321389,1,1
42,3,3,10,4,11,2,2,0,1,11,1,0,12,2,1,1,3,3,55,2,1,2,1,0,0,3,1,0,0,4,12,4,20,4,47,0,0,0,0,1,3,0,420223,0,2009,103,I-376,99999999999999999999,0000000,40.44047778,-79.83265278,2,1
42,129,4,6,17,50,1,1,0,0,15,3,0,52,0,1,2,1,2,55,2,1,2,1,0,0,1,1,0,0,17,57,18,0,88,88,0,0,0,0,1,2,1,420224,0,2009,67,SR-3089,99999999999999999999,0000000,40.20068611,-79.62424444,1,1
42,11,4,5,0,28,1,1,0,0,6,5,0,33,0,1,4,1,2,25,2,1,2,1,0,0,2,1,0,0,0,26,99,97,99,97,0,0,0,0,1,1,1,420225,0,2009,0,HOPEWELL ST,99999999999999999999,0000000,40.25243611,-75.80712778,1,1
42,79,4,1,22,20,2,3,0,0,16,6,0,12,5,2,1,1,4,35,1,1,2,2,3,3,3,2,0,0,22,29,22,33,22,52,0,0,0,0,1,4,1,420226,9340,2009,0,WILKES-BARRE BL,BUTLER ST,0000000,41.24891111,-75.86497222,2,2
42,91,4,26,14,33,2,4,0,0,16,3,0,12,3,2,1,1,2,35,1,1,2,1,20,3,1,1,0,0,14,33,14,40,14,53,0,0,0,0,1,1,0,420227,0,2009,5,SR-2062,PARKVIEW RD,0000000,40.05832778,-75.11735278,2,1
42,37,3,10,6,0,2,3,0,0,13,2,0,12,2,1,1,3,2,55,1,1,2,1,0,0,2,1,0,0,99,99,99,99,99,99,0,0,0,0,1,3,0,420228,0,2009,29,US-11,99999999999999999999,0000000,40.989125,-76.47791667,2,1
42,69,4,16,20,39,1,1,0,1,11,1,0,27,0,1,2,2,2,55,1,1,2,1,0,0,2,1,0,0,88,88,88,88,88,88,0,0,0,0,1,5,1,420229,5480,2009,1805,I-81,99999999999999999999,0000000,41.36019722,-75.70315278,1,1
42,45,4,9,22,50,1,1,0,1,11,1,0,24,0,1,2,2,3,55,1,1,2,1,0,0,3,1,0,0,22,51,23,0,88,88,0,0,0,0,1,5,1,420230,0,2009,117,I-476,99999999999999999999,0000000,40.01864167,-75.35908056,1,1
42,1,4,24,18,46,2,3,0,1,2,2,0,12,1,8,1,1,2,55,1,2,2,1,0,0,5,1,0,1,18,46,18,54,19,6,0,0,0,0,1,6,0,420231,0,2009,206,US-30,99999999999999999999,0000000,39.86210556,-77.11976944,2,1
42,129,3,28,1,39,3,8,0,1,2,2,0,12,1,1,1,1,2,20,1,1,2,2,3,3,3,1,0,1,1,38,1,46,3,16,0,3,0,0,1,7,1,420233,0,2009,362,US-0030,99999999999999999999,0000000,40.21357222,-79.20180278,3,1
42,91,2,26,17,36,3,4,0,0,6,5,0,33,0,1,4,1,4,35,1,2,2,1,0,0,1,1,0,0,99,99,99,99,99,99,0,0,0,0,1,5,0,420234,0,2009,0,DRESHER RD,99999999999999999999,0000000,40.181225,-75.13309444,3,1
42,133,1,25,2,55,1,2,1,0,14,3,0,8,0,1,99,1,2,35,1,4,2,1,0,0,2,1,0,0,2,55,99,99,88,88,0,0,0,0,1,1,0,420235,0,2009,8,SR-1033,99999999999999999999,0000000,39.97970278,-76.709275,1,1
42,91,3,24,11,40,2,3,0,0,14,3,0,12,4,8,1,1,4,45,1,2,2,1,20,3,1,1,0,0,11,41,11,44,12,15,0,0,0,0,1,3,0,420236,0,2009,126,SR-463,99999999999999999999,0000000,40.18108611,-75.13418889,2,1
42,133,3,18,13,25,1,1,0,0,6,3,0,42,0,1,4,1,2,35,2,2,2,1,0,0,1,1,0,0,13,23,13,37,14,38,0,0,0,0,1,4,0,420237,0,2009,7,SR-2053,99999999999999999999,0000000,39.74455,-76.41085556,1,1
42,119,4,16,1,40,1,1,0,1,11,1,0,52,0,11,2,4,1,55,1,2,1,1,20,3,2,1,0,0,1,38,1,52,88,88,0,0,0,0,1,5,0,420238,0,2009,2,I-80-SR8002 RAMP,SR-4001,0000000,41.06657778,-77.06915556,1,1
42,13,4,13,5,49,1,1,0,1,1,1,0,35,0,1,3,2,2,65,2,2,1,1,0,0,4,1,0,0,99,99,99,99,99,99,0,0,0,0,1,2,0,420239,0,2009,206,I-99,99999999999999999999,0000000,40.33938056,-78.43029167,1,1
42,129,4,9,11,56,1,2,1,0,15,3,0,9,0,2,1,1,2,55,2,1,2,1,8,3,1,1,0,0,12,0,12,9,88,88,0,0,0,0,1,5,0,420240,0,2009,4,SR-66,SR-4003,0000000,40.34880278,-79.57498333,1,1
42,17,1,29,10,47,3,3,1,1,12,2,0,12,1,1,1,3,2,55,1,1,2,1,0,0,1,1,0,0,10,47,10,52,11,5,0,0,0,0,1,5,0,420241,0,2009,71,US-1,99999999999999999999,0000000,40.19111389,-74.88776389,2,1
42,51,4,23,5,46,1,2,0,0,6,5,0,42,0,1,4,1,2,35,2,1,2,1,0,0,4,1,0,0,5,50,5,57,99,99,0,0,0,0,1,5,0,420242,0,2009,0,TREE FARM RD,99999999999999999999,0000000,39.89972778,-79.84685278,1,1
42,113,4,10,17,30,1,1,0,0,3,3,0,1,0,1,4,1,2,35,2,2,2,2,0,0,1,1,0,0,17,30,17,34,88,88,0,0,0,0,1,6,1,420243,2160,2009,249,SR-87,99999999999999999999,0000000,41.52939722,-76.38606667,1,1
42,107,4,27,12,15,2,2,0,1,2,3,0,12,4,1,1,1,2,55,1,1,2,1,0,0,1,1,0,0,12,22,12,29,99,99,0,0,0,0,1,2,0,420244,0,2009,29,SR-309,99999999999999999999,0000000,40.72093056,-75.85905,2,1
42,33,4,25,13,3,1,1,0,1,2,2,0,24,0,1,2,1,2,45,2,1,2,1,0,0,1,1,0,0,13,8,13,27,99,99,0,0,0,0,1,7,0,420245,0,2009,121,US-219,99999999999999999999,0000000,40.87351944,-78.76411111,1,1
42,103,4,11,4,10,1,1,0,0,4,3,0,35,0,1,5,1,2,35,2,3,2,2,0,0,2,1,0,0,4,8,4,26,88,88,0,0,0,0,1,7,1,420246,0,2009,177,SR-2001,99999999999999999999,0000000,41.29768333,-74.85635556,1,1
42,17,4,18,9,54,2,2,0,0,14,3,0,12,5,8,1,1,4,35,1,1,2,1,0,0,1,1,0,0,99,99,99,99,99,99,0,0,0,0,1,7,0,420247,0,2009,14,SR-2006,99999999999999999999,0000000,40.13483889,-74.88375556,2,1
42,125,3,4,20,6,2,2,0,0,14,3,0,12,2,1,1,1,2,40,2,1,2,1,0,0,3,1,0,0,20,6,20,8,88,88,0,0,0,0,1,4,1,420248,0,2009,179,SR-136,99999999999999999999,0000000,40.20062222,-79.9422,2,1
42,95,1,10,0,30,1,1,0,0,16,6,0,27,0,1,2,1,2,25,2,1,1,1,0,0,2,1,0,0,99,99,99,99,88,88,0,0,0,0,1,7,1,420249,3080,2009,0,MAIN ST,99999999999999999999,0000000,40.63606944,-75.33525833,1,1
42,85,4,7,22,5,1,1,0,0,4,3,0,27,0,1,5,1,2,35,1,1,2,2,0,0,2,4,0,0,88,88,88,88,88,88,0,0,0,0,1,3,1,420250,0,2009,19,SR-58,99999999999999999999,0000000,41.47610556,-80.48838333,1,4
42,101,4,28,0,0,2,2,0,1,13,3,0,14,1,1,7,1,4,30,1,1,2,1,0,0,3,1,0,0,0,5,0,16,0,26,0,0,0,0,1,3,0,420251,6540,2009,48,SR-611,99999999999999999999,0000000,40.00376111,-75.15247222,1,1
42,49,4,11,17,28,2,2,0,0,16,6,0,12,5,2,1,1,2,25,1,1,2,1,20,3,1,1,0,0,17,29,17,38,17,56,0,0,0,0,1,7,0,420252,2640,2009,0,FAIRMONT PY,JUNE ST,0000000,42.13206389,-80.02883333,2,1
42,79,4,4,22,32,2,5,0,0,14,3,0,12,4,2,1,1,2,45,1,1,2,1,0,0,2,1,0,0,22,31,22,38,23,1,0,0,0,0,1,7,0,420253,0,2009,19,SR-3026,HESS RD,0000000,40.99238333,-75.992275,2,1
42,71,4,22,12,2,1,1,0,0,6,3,0,1,0,1,1,1,2,45,1,2,2,1,0,0,1,1,0,0,12,4,12,20,12,55,0,0,0,0,1,4,1,420254,0,2009,3,SR-4030,99999999999999999999,0000000,40.20935833,-76.41346389,1,1
42,101,4,17,16,10,1,2,1,0,13,3,0,15,0,3,1,1,4,25,1,1,2,1,3,3,1,1,0,0,16,7,16,14,88,88,0,0,0,0,1,6,0,420255,6540,2009,22,SR-2008,8TH ST,0000000,39.97050278,-75.14998333,1,1
42,55,4,19,15,15,1,2,0,0,15,3,0,37,0,1,4,1,2,45,1,1,2,1,0,0,1,1,0,0,15,17,15,24,99,99,0,0,0,0,1,1,0,420256,0,2009,24,SR-1004,99999999999999999999,0000000,39.96385278,-77.61632778,1,1
42,29,4,14,16,37,2,3,0,0,15,3,0,12,4,1,1,1,2,35,1,1,2,2,0,0,1,2,0,0,16,41,16,52,17,47,1,0,0,0,1,3,1,420257,0,2009,69,SR-282,99999999999999999999,0000000,40.05108889,-75.74286667,2,2
42,129,4,18,17,42,1,1,0,0,12,3,0,24,0,1,2,2,2,45,2,2,2,1,0,0,1,1,0,0,17,42,17,46,88,88,0,0,0,0,1,7,0,420258,4603,2009,53,SR-56,99999999999999999999,0000000,40.59768056,-79.69058333,1,1
42,101,4,29,0,37,2,3,0,0,13,3,9,12,5,2,1,1,2,30,1,1,2,1,3,3,3,1,0,0,0,39,0,40,0,56,0,0,0,0,1,4,1,420259,6540,2009,35,SR-1004,SR-1005,0000000,40.00574722,-75.09905,2,1
42,77,4,17,12,47,2,1,0,1,12,3,0,1,0,1,1,2,2,55,2,1,2,1,41,3,1,1,0,2,99,99,99,99,99,99,0,3,0,0,1,6,0,420260,660,2009,47,SR-378,99999999999999999999,0000000,40.62693056,-75.40021111,1,1
42,101,4,6,21,20,1,3,1,0,13,3,0,8,0,1,1,2,3,40,1,1,2,1,0,0,3,1,0,0,21,23,21,32,21,45,0,0,0,0,1,2,0,420261,6540,2009,49,SR-291,99999999999999999999,0000000,39.90773889,-75.18983889,1,1
42,57,4,25,10,30,1,1,0,1,1,1,0,24,0,1,2,3,2,55,2,3,2,1,0,0,1,1,0,0,10,29,10,56,11,22,0,0,0,0,1,7,0,420262,0,2009,1570,I-70,99999999999999999999,0000000,39.86801667,-78.25808611,1,1
42,71,4,26,1,10,1,5,0,0,6,5,0,37,0,1,5,1,2,45,1,2,2,1,0,0,2,1,0,0,1,14,1,24,2,30,0,0,0,0,1,1,1,420263,0,2009,0,GAULT RD,99999999999999999999,0000000,40.08835,-76.00328889,1,1
42,11,4,28,15,25,1,1,0,0,15,3,0,37,0,1,4,1,2,45,2,1,2,1,0,0,1,1,0,0,15,26,15,30,15,46,0,0,0,0,1,3,0,420264,0,2009,4,SR-737,99999999999999999999,0000000,40.53221944,-75.78288333,1,1
42,79,4,18,3,41,1,1,0,0,14,3,4,24,0,1,2,1,2,35,2,1,2,1,4,3,3,1,0,0,3,40,3,47,88,88,0,0,0,0,1,7,1,420265,5670,2009,14,SR-2008,99999999999999999999,0000000,41.19118056,-75.98837222,1,1
42,69,4,2,19,6,1,1,0,0,14,3,0,19,0,1,5,1,2,35,1,1,2,1,0,0,5,1,0,0,88,88,88,88,88,88,0,0,0,0,1,5,1,420266,6250,2009,7,SR-1016,99999999999999999999,0000000,41.47243889,-75.591875,1,1
42,125,4,26,18,32,1,1,0,0,6,3,0,1,0,1,1,1,2,45,2,2,2,1,0,0,1,1,0,0,99,99,99,99,99,99,0,0,0,0,1,1,0,420267,0,2009,23,SR-1007,99999999999999999999,0000000,40.27855,-80.21704444,1,1
42,71,4,9,9,42,2,4,0,0,3,2,0,12,4,1,1,1,2,45,1,1,1,1,0,0,1,1,0,0,9,43,10,1,10,35,0,0,0,0,1,5,0,420268,0,2009,232,US-222,99999999999999999999,0000000,39.99030278,-76.26444722,2,1
42,91,4,16,0,8,2,3,0,0,14,3,0,12,4,1,1,1,2,45,2,1,2,2,0,0,2,1,0,0,0,10,0,16,99,99,0,0,0,0,1,5,1,420269,0,2009,86,SR-23,99999999999999999999,0000000,40.095075,-75.32631944,2,1
42,89,5,21,7,26,2,3,0,0,14,3,0,12,4,1,1,1,2,55,1,1,2,1,0,0,1,1,0,0,7,21,7,25,7,38,0,0,0,0,2,5,0,420270,0,2009,127,SR-611,99999999999999999999,0000000,41.03076111,-75.30108056,2,1
42,89,5,2,7,0,1,1,0,0,6,5,0,42,0,1,5,1,2,40,1,2,2,2,0,0,1,2,0,0,6,52,7,6,88,88,0,0,0,0,1,7,0,420271,0,2009,0,MEIXELL VALLEY RD,99999999999999999999,0000000,40.90738333,-75.34895833,1,2
42,81,5,11,22,15,1,2,0,0,4,3,0,32,0,1,4,1,2,45,2,1,2,1,0,0,2,1,0,0,22,15,22,22,0,0,0,0,0,0,1,2,0,420272,0,2009,67,SR-2022,99999999999999999999,0000000,41.34134444,-76.96926944,1,1
42,63,5,24,1,25,1,2,0,0,16,6,0,53,0,1,4,1,2,25,1,1,2,1,0,0,2,1,0,0,1,25,1,36,2,10,0,0,0,0,1,1,1,420273,7598,2009,0,MAIN ST,99999999999999999999,0000000,40.65508611,-79.30144444,1,1
42,79,5,27,10,10,2,2,0,1,12,3,0,12,1,1,1,3,2,55,1,1,9,1,0,0,1,1,0,0,99,99,99,99,99,99,0,3,0,0,1,4,0,420274,2960,2009,268,SR-309,99999999999999999999,0000000,41.26710556,-75.86628056,2,1
42,51,5,30,15,20,2,3,0,0,14,3,0,12,5,8,1,1,2,45,1,1,2,1,0,0,1,1,0,0,15,22,15,25,16,35,0,0,0,0,1,7,0,420275,0,2009,9,SR-1029,99999999999999999999,0000000,40.08233056,-79.57516389,2,1
42,21,1,27,6,40,2,5,0,1,2,3,0,12,2,1,1,1,2,55,1,1,2,3,0,0,2,4,0,0,6,42,6,45,7,44,0,0,0,0,2,3,0,420276,0,2009,14,SR-56,99999999999999999999,0000000,40.37345278,-78.9656,2,4
42,75,3,25,19,45,1,1,0,1,1,1,0,24,0,1,2,2,2,65,1,1,1,1,0,0,2,1,0,0,19,49,20,2,88,88,0,0,0,0,1,4,0,420277,0,2009,947,I-81,99999999999999999999,0000000,40.50015556,-76.50614722,1,1
42,45,5,25,20,0,2,6,0,0,13,3,0,12,2,1,1,1,2,45,2,1,2,1,0,0,1,1,0,0,19,58,20,4,20,29,0,0,0,0,1,2,1,420278,0,2009,89,SR-352,99999999999999999999,0000000,39.94081944,-75.46349444,2,1
42,75,5,4,5,25,2,2,0,0,4,3,0,12,4,1,2,1,2,50,2,1,2,2,0,0,2,2,0,0,5,28,5,39,88,88,0,0,0,0,1,2,0,420279,0,2009,7,SR-1008,99999999999999999999,0000000,40.39723333,-76.40567222,2,2
42,79,5,31,19,45,1,1,0,0,3,3,0,30,0,1,2,1,2,45,1,1,2,1,0,0,1,1,0,0,19,47,19,57,99,99,0,0,0,0,1,1,0,420280,0,2009,182,SR-93,99999999999999999999,0000000,41.055275,-76.19190833,1,1
42,5,5,6,16,10,1,2,0,0,14,3,0,30,0,1,4,1,2,35,1,1,2,1,0,0,1,1,0,0,16,9,16,19,16,43,0,0,0,0,1,4,0,420281,0,2009,14,SR-85,99999999999999999999,0000000,40.81399722,-79.46569722,1,1
42,95,3,18,15,40,2,2,0,0,14,3,0,12,1,3,1,1,2,35,1,1,2,1,0,0,1,1,0,0,15,35,15,42,16,16,0,0,0,0,1,4,0,420282,3590,2009,29,SR-412,SAUCON ST,0000000,40.57649167,-75.34061944,2,1
42,129,4,10,18,33,1,1,0,0,15,3,0,37,0,1,4,1,2,35,2,2,2,2,0,0,1,1,0,0,18,36,18,43,19,28,0,0,0,0,1,6,1,420283,0,2009,48,SR-3071,99999999999999999999,0000000,40.27515833,-79.66462222,1,1
42,41,4,28,2,33,1,2,0,0,6,5,0,38,0,1,5,1,2,35,2,1,2,1,0,0,3,1,0,0,2,33,2,41,99,99,0,0,0,0,1,3,1,420284,0,2009,0,BRANDY LN,99999999999999999999,0000000,40.22926667,-76.99409722,1,1
42,101,4,29,14,30,2,4,0,0,14,3,0,12,5,2,1,1,2,45,1,1,2,1,20,3,1,1,0,0,99,99,99,99,99,99,0,0,0,0,1,4,0,420285,6540,2009,9,SR-3018,68TH ST,0000000,39.97269167,-75.25488056,2,1
42,41,5,16,6,15,2,2,0,1,1,1,0,12,5,8,1,3,2,55,1,3,2,1,0,0,1,1,0,1,6,21,6,30,88,88,0,3,0,0,1,7,0,420286,0,2009,2141,I-76,99999999999999999999,0000000,40.20126944,-77.38239444,2,1
42,97,5,30,14,5,2,2,0,0,3,3,0,12,2,1,1,1,2,55,1,2,2,1,0,0,1,1,0,0,14,7,99,99,99,99,0,0,0,0,1,7,1,420287,0,2009,129,SR-54,99999999999999999999,0000000,40.89110833,-76.56124167,2,1
42,37,5,20,3,30,1,1,0,0,5,3,0,42,0,1,4,1,2,40,1,1,2,1,0,0,2,1,0,0,3,33,3,47,88,88,0,0,0,0,1,4,1,420288,0,2009,4,SR-1022,99999999999999999999,0000000,41.13408611,-76.41498056,1,1
42,33,5,27,17,45,2,4,0,0,6,3,0,12,4,1,1,1,2,35,1,2,2,1,0,0,1,1,0,0,17,52,18,10,18,47,0,0,0,0,1,4,0,420290,0,2009,29,SR-1014,99999999999999999999,0000000,41.00719167,-78.19865833,2,1
42,73,5,15,7,15,2,3,0,0,4,3,0,12,2,1,1,1,2,55,1,1,2,1,0,0,1,1,0,0,7,17,7,24,99,99,0,0,0,0,1,6,0,420291,0,2009,189,SR-18,99999999999999999999,0000000,41.08972778,-80.35748889,2,1
42,85,5,25,15,2,2,3,0,0,5,3,0,12,5,2,1,1,2,40,1,1,2,1,20,3,1,1,0,0,15,2,15,14,15,59,0,0,0,0,1,2,0,420292,0,2009,90,SR-3022,LAKE RD,0000000,41.3018,-80.366025,2,1
42,3,5,9,3,11,2,4,0,1,12,3,0,12,2,13,1,6,2,50,1,2,2,1,0,0,3,1,0,0,3,22,3,24,4,3,0,0,0,0,1,7,2,420293,6600,2009,3,SR-65-SR8045 RAMP,99999999999999999999,0000000,40.44831944,-80.01358611,2,1
42,5,4,10,15,25,4,4,0,1,2,2,0,12,1,8,1,1,2,55,1,1,2,2,0,0,1,2,0,0,15,29,15,42,16,14,0,0,0,0,1,6,0,420294,0,2009,180,US-422,99999999999999999999,0000000,40.75445,-79.40285833,3,2
42,87,4,19,20,32,2,4,0,1,13,2,0,12,1,1,1,1,2,35,1,2,2,1,0,0,3,1,0,0,20,31,20,33,20,45,0,0,0,0,1,1,1,420295,4430,2009,4,US-522,99999999999999999999,0000000,40.60789444,-77.56288056,2,1
42,65,5,24,1,30,1,1,0,0,3,3,0,1,0,1,4,1,2,55,2,1,2,1,0,0,2,1,0,0,1,39,1,56,88,88,0,0,0,0,1,1,1,420296,0,2009,28,SR-36,99999999999999999999,0000000,40.92035833,-78.85566944,1,1
42,125,4,4,3,45,1,2,1,0,3,3,0,19,0,1,5,1,2,35,1,1,2,1,0,0,2,1,0,0,3,46,3,56,99,99,0,15,0,0,1,7,1,420297,0,2009,140,SR-980,99999999999999999999,0000000,40.38948333,-80.27574722,1,1
42,1,1,3,2,45,1,2,1,0,3,3,0,8,0,1,1,1,2,40,1,2,2,1,0,0,2,1,0,0,2,46,2,53,88,88,0,0,0,0,1,7,0,420298,0,2009,156,SR-194,99999999999999999999,0000000,39.94383056,-76.97470278,1,1
42,49,4,25,0,35,2,2,0,0,3,3,0,12,4,1,1,1,2,35,1,2,2,1,0,0,2,1,0,0,0,38,0,49,88,88,0,0,0,0,1,7,1,420299,0,2009,41,SR-197,99999999999999999999,0000000,41.91718333,-79.91896111,2,1
42,49,4,11,22,20,1,1,0,0,3,2,0,19,0,1,5,1,4,35,2,1,2,1,0,0,2,1,0,0,22,27,22,29,88,88,0,0,0,0,1,7,1,420300,0,2009,352,US-20,99999999999999999999,0000000,42.17690278,-79.93479722,1,1
42,111,4,17,15,10,1,2,0,0,5,3,0,37,0,1,4,1,2,55,1,4,2,1,0,0,1,1,0,0,15,18,15,23,16,35,0,0,0,0,1,6,1,420301,0,2009,95,SR-3010,99999999999999999999,0000000,39.94173889,-79.08010833,1,1
42,51,5,2,23,25,1,2,0,0,4,3,0,30,0,1,4,1,2,35,1,2,2,1,0,0,2,1,0,0,23,28,23,36,99,99,0,0,0,0,1,7,0,420302,0,2009,58,SR-4010,99999999999999999999,0000000,39.96610278,-79.75983056,1,1
42,79,5,20,0,27,1,1,0,0,3,3,0,1,0,1,2,1,2,55,1,2,2,1,0,0,2,1,0,0,0,26,0,26,88,88,0,0,0,0,1,4,1,420303,0,2009,61,SR-115,99999999999999999999,0000000,41.18226389,-75.71165278,1,1
42,17,5,16,20,2,2,3,0,0,13,2,0,12,2,1,1,1,2,35,2,4,2,1,0,0,3,1,0,0,20,3,20,7,20,25,0,0,0,0,2,7,0,420304,0,2009,30,US-13,99999999999999999999,0000000,40.08596667,-74.93238611,2,1
42,1,5,22,20,51,2,3,0,0,14,3,0,12,4,8,2,1,2,25,1,1,2,1,0,0,5,1,0,0,20,50,21,5,99,99,0,20,0,0,1,6,0,420305,4530,2009,26,SR-97,99999999999999999999,0000000,39.75050833,-77.09373611,2,1
42,129,5,26,13,1,2,2,0,0,15,3,0,12,2,1,1,1,2,35,2,1,2,2,0,0,1,2,0,0,13,6,13,10,14,15,0,0,0,0,1,3,0,420306,0,2009,5,SR-981,99999999999999999999,0000000,40.15310833,-79.76588611,2,2
42,89,5,15,13,32,2,3,0,0,4,2,0,12,4,2,1,1,2,45,1,1,2,1,20,3,1,1,0,0,15,53,16,6,88,88,0,0,0,0,2,6,0,420307,0,2009,26,US-209B,SR-2008,0000000,40.92918333,-75.31683889,2,1
42,49,4,28,6,55,3,4,0,1,11,1,0,12,7,1,1,2,2,65,1,1,2,1,0,0,1,1,0,0,6,58,7,9,99,99,0,0,0,0,1,3,0,420308,0,2009,301,I-90,99999999999999999999,0000000,42.09957778,-79.99343889,3,1
42,51,4,15,17,28,3,7,0,0,2,2,0,12,2,1,1,1,4,55,2,2,2,2,0,0,1,2,0,0,17,24,17,31,18,37,0,0,0,0,1,4,1,420309,0,2009,351,US-40,99999999999999999999,0000000,39.74601389,-79.41825556,3,2
42,87,4,28,14,46,3,4,0,0,3,3,0,12,8,1,1,1,2,55,2,2,2,1,0,0,1,1,0,0,99,99,99,99,88,88,0,0,0,0,1,3,2,420310,0,2009,105,SR-655,99999999999999999999,0000000,40.62354444,-77.68256111,3,1
42,95,3,21,23,50,1,1,0,0,6,5,0,30,0,1,4,1,2,40,2,1,2,5,0,0,2,1,0,0,99,99,99,99,88,88,0,0,0,0,1,7,1,420311,0,2009,0,SMITH GAP RD,99999999999999999999,0000000,40.80499167,-75.41785833,1,1
42,13,3,21,1,58,1,3,0,0,15,3,0,33,0,1,4,1,2,35,2,1,2,1,0,0,3,1,0,0,2,1,2,10,99,99,0,0,0,0,1,7,1,420312,580,2009,11,SR-865,99999999999999999999,0000000,40.60280833,-78.33395278,1,1
42,107,5,17,21,45,1,2,0,0,6,5,0,30,0,1,4,1,2,55,2,1,2,1,0,0,2,1,0,0,21,51,22,1,99,99,0,0,0,0,2,1,1,420313,0,2009,0,OLD 209 RD,99999999999999999999,0000000,40.77788611,-76.02128333,1,1
42,67,5,24,6,20,1,3,0,0,5,3,0,35,0,1,4,1,2,55,2,3,2,1,0,0,4,1,0,0,6,34,6,49,7,25,0,0,0,0,1,1,1,420314,0,2009,18,SR-2013,99999999999999999999,0000000,40.63814722,-77.22059444,1,1
42,13,5,10,15,36,1,1,0,0,16,6,0,31,0,3,5,1,2,25,1,1,2,1,20,3,1,1,0,0,14,34,15,38,16,4,0,0,0,0,1,1,0,420315,2110,2009,0,6TH AV,PARK DR,0000000,40.42756111,-78.42865,1,1
42,17,5,26,14,24,2,2,0,0,13,3,0,12,2,1,1,1,2,45,1,1,2,2,0,0,1,2,0,0,14,22,14,29,99,99,0,0,0,0,1,3,0,420316,0,2009,17,SR-2038,99999999999999999999,0000000,40.27093056,-75.237225,2,2
42,45,2,17,15,55,1,2,1,0,14,3,0,8,0,1,1,1,2,35,2,1,2,1,0,0,1,8,0,0,15,57,16,1,16,27,0,0,0,0,1,3,0,420317,5040,2009,1,SR-1008,99999999999999999999,0000000,39.92709167,-75.38531111,1,8
42,51,2,13,13,0,1,1,0,0,4,3,0,42,0,1,5,1,2,40,2,1,2,1,0,0,1,1,0,0,99,99,99,99,88,88,0,0,0,0,1,6,0,420318,0,2009,24,SR-4046,99999999999999999999,0000000,40.11034722,-79.79931389,1,1
42,79,3,7,3,12,1,1,0,0,5,3,0,42,0,1,5,1,2,40,1,3,2,1,0,0,2,1,0,0,88,88,88,88,88,88,0,0,0,0,1,7,1,420319,0,2009,16,SR-3010,99999999999999999999,0000000,41.10485833,-75.97436667,1,1
42,39,3,30,6,58,2,2,0,0,3,2,0,12,4,1,1,1,2,55,1,3,2,3,0,0,4,4,0,0,99,99,99,99,99,99,0,0,0,0,1,2,1,420320,0,2009,276,US-6,99999999999999999999,0000000,41.69305278,-80.15784167,2,4
42,45,4,3,17,30,1,2,1,0,14,3,0,8,0,1,1,1,2,35,1,1,2,1,0,0,1,1,0,0,17,39,17,42,18,7,0,0,0,0,1,6,0,420321,0,2009,13,SR-3006,99999999999999999999,0000000,39.82495556,-75.41951944,1,1
42,131,4,22,9,52,1,2,0,0,6,3,0,36,0,1,4,1,2,40,1,1,2,1,0,0,1,1,0,0,9,53,9,55,99,99,0,0,0,0,1,4,0,420322,0,2009,13,SR-4019,99999999999999999999,0000000,41.60230833,-75.98375556,1,1
42,129,5,16,11,56,2,3,0,1,2,2,0,12,5,2,1,3,2,50,1,1,2,1,20,3,1,1,0,0,11,57,12,0,99,99,0,0,0,0,1,7,0,420323,0,2009,342,US-30,SR-9410,0000000,40.23463611,-79.22819444,2,1
42,5,5,26,16,50,1,4,0,1,13,3,0,1,0,1,1,2,2,65,1,2,2,1,0,0,1,1,0,0,16,53,17,0,17,55,0,0,0,0,1,3,0,420324,0,2009,9,SR-28,99999999999999999999,0000000,40.715,-79.68484167,1,1
42,89,5,31,20,15,1,1,0,1,2,2,0,27,0,1,4,2,2,55,2,1,2,1,0,0,5,1,0,0,20,26,20,35,88,88,0,0,0,0,1,1,1,420325,0,2009,121,US-209,99999999999999999999,0000000,40.92521667,-75.30996667,1,1