STATE,COUNTY,MONTH,DAY,HOUR,MINUTE,VE_TOTAL,PERSONS,PEDS,NHS,ROAD_FNC,ROUTE,SP_JUR,HARM_EV,MAN_COLL,REL_JUNC,REL_ROAD,TRAF_FLO,NO_LANES,SP_LIMIT,ALIGNMNT,PROFILE,PAVE_TYP,SUR_COND,TRA_CONT,T_CONT_F,LGT_COND,WEATHER1,WEATHER2,WRK_ZONE,NOT_HOUR,NOT_MIN,ARR_HOUR,ARR_MIN,HOSP_HR,HOSP_MN,SCH_BUS,CF1,CF2,CF3,FATALS,DAY_WEEK,DRUNK_DR,ST_CASE,CITY,YEAR,MILEPT,TWAY_ID,TWAY_ID2,RAIL,LATITUDE,LONGITUD,VE_FORMS,WEATHER
42,123,5,14,12,40,1,1,0,0,3,3,0,1,0,1,1,1,2,35,2,4,2,2,0,0,1,2,0,0,99,99,99,99,99,99,0,0,0,0,1,5,0,420326,0,2009,272,SR-27,99999999999999999999,0000000,41.93728889,-79.31954167,1,2
42,81,5,28,12,20,2,4,0,0,4,3,0,24,0,1,2,1,2,55,2,2,2,2,0,0,1,1,0,0,12,23,12,37,13,20,0,0,0,0,1,5,1,420327,0,2009,44,SR-654,99999999999999999999,0000000,41.19664722,-77.11123333,2,1
42,65,5,27,21,20,1,2,0,0,3,3,0,42,0,1,4,1,2,45,2,2,2,2,0,0,2,2,0,0,21,23,21,29,21,49,0,0,0,0,1,4,1,420328,0,2009,84,SR-36,99999999999999999999,0000000,40.94176111,-78.95158056,1,2
42,79,5,13,9,30,2,2,0,0,3,3,0,12,3,2,1,1,2,50,1,2,2,1,20,3,1,1,0,0,99,99,99,99,99,99,0,0,0,0,1,4,0,420329,0,2009,166,SR-93,CHERRY RD,0000000,41.05184167,-76.16316111,2,1
42,27,5,4,16,56,2,3,0,0,13,3,0,11,0,1,1,1,2,45,1,3,2,2,0,0,1,2,0,0,17,0,17,13,88,88,0,14,0,0,1,2,0,420330,0,2009,50,SR-3042,99999999999999999999,0000000,40.82667222,-77.95303333,2,2
42,123,5,25,18,35,1,1,0,1,2,2,0,30,0,1,4,1,2,55,2,1,2,1,0,0,1,1,0,0,18,36,18,51,99,99,0,0,0,0,1,2,0,420331,0,2009,69,US-6,99999999999999999999,0000000,41.93280556,-79.48364444,1,1
42,75,5,4,21,59,2,7,0,0,15,3,0,12,5,2,1,1,2,45,1,1,2,1,20,3,2,1,0,0,21,59,22,15,22,39,0,0,0,0,1,2,0,420332,0,2009,11,SR-2003,LEBANON VALLEY PY,0000000,40.30084444,-76.38471944,2,1
42,129,5,29,5,23,1,1,0,0,5,3,0,42,0,1,4,1,2,40,2,1,2,1,0,0,4,1,0,0,5,28,5,33,6,55,0,0,0,0,1,6,0,420333,0,2009,21,SR-3029,99999999999999999999,0000000,40.15266111,-79.74459444,1,1
42,55,4,20,12,25,2,2,0,1,13,2,0,12,2,1,1,5,2,45,1,1,2,2,0,0,1,2,0,0,12,29,12,31,12,57,0,21,0,0,2,2,0,420334,0,2009,223,US-30,99999999999999999999,0000000,39.91828333,-77.58325,2,2
42,51,5,2,7,2,2,3,0,0,3,3,0,30,0,1,4,1,2,45,1,1,2,2,0,0,1,1,0,0,7,1,7,3,7,45,0,0,0,0,2,7,1,420335,0,2009,7,SR-166,99999999999999999999,0000000,39.75203889,-79.90884444,1,1
42,79,1,7,9,38,1,5,1,0,14,3,0,8,0,1,2,1,2,35,1,1,2,4,0,0,1,2,0,0,88,88,88,88,88,88,0,0,0,0,1,4,0,420336,3515,2009,9,SR-1415,99999999999999999999,0000000,41.36349167,-76.03574722,1,2
42,121,3,13,17,8,2,3,0,0,3,3,0,12,5,2,1,1,2,50,1,1,2,1,20,3,1,1,0,0,99,99,99,99,99,99,0,0,0,0,1,6,0,420337,0,2009,10,SR-157,HORSECREEK RD,0000000,41.39533611,-79.66326111,2,1
42,101,4,2,14,4,2,3,0,1,11,1,0,12,1,15,1,3,3,55,1,1,1,1,0,0,1,1,0,0,14,4,14,11,14,25,0,0,0,0,1,5,0,420338,6540,2009,199,I-95,99999999999999999999,0000000,39.92764444,-75.14641111,2,1
42,107,4,4,3,0,1,1,0,1,1,1,0,24,0,1,2,2,2,65,1,1,2,1,0,0,2,1,0,0,2,54,3,12,88,88,0,0,0,0,1,7,0,420339,0,2009,1025,I-81,99999999999999999999,0000000,40.57117222,-76.41823056,1,1
42,77,4,3,21,23,3,5,1,1,12,2,0,8,0,1,3,3,2,55,1,1,2,1,0,0,3,1,0,0,21,25,21,31,22,6,0,14,0,0,1,6,0,420340,0,2009,67,US-22,99999999999999999999,0000000,40.62717222,-75.48109444,3,1
42,81,5,23,17,30,1,1,0,0,3,3,0,36,0,1,4,1,2,55,2,2,2,1,0,0,1,1,0,0,99,99,99,99,99,99,0,0,0,0,1,7,0,420341,0,2009,198,SR-287,99999999999999999999,0000000,41.482275,-77.28508611,1,1
42,107,5,23,23,0,1,1,0,0,6,5,0,42,0,1,5,4,1,25,1,1,2,1,0,0,2,1,0,0,0,14,0,23,88,88,0,0,0,0,1,7,1,420342,0,2009,0,HIGH RD,99999999999999999999,0000000,40.70156389,-76.28137778,1,1
42,29,5,22,14,25,2,3,0,0,3,3,0,12,5,2,1,1,2,45,1,1,2,1,20,3,1,1,0,0,14,25,14,29,15,8,0,0,0,0,2,6,0,420343,0,2009,39,SR-10,CULLEN RD,0000000,39.83409167,-75.94978611,2,1
42,15,5,9,11,55,1,2,0,0,3,3,0,1,0,1,4,1,2,55,2,1,2,1,0,0,1,1,0,0,11,52,12,16,99,99,0,0,0,0,1,7,0,420344,0,2009,70,SR-706,99999999999999999999,0000000,41.74735556,-76.21031111,1,1
42,129,5,17,6,15,1,1,0,0,6,5,0,42,0,1,4,1,2,45,1,2,2,1,0,0,4,1,0,0,6,16,6,21,88,88,0,0,0,0,1,1,1,420345,0,2009,0,SLOPE HILL RD,99999999999999999999,0000000,40.16833611,-79.51886944,1,1
42,101,5,12,14,45,2,3,0,0,13,3,0,12,4,2,1,2,2,35,1,1,2,1,3,3,1,1,0,0,14,45,14,49,15,12,0,0,0,0,1,3,0,420346,6540,2009,11,SR-1018,BLUE GRASS RD,0000000,40.07799444,-75.02368611,2,1
42,123,5,31,18,26,1,2,0,0,3,3,0,1,0,3,4,1,2,45,1,1,2,1,20,3,1,1,0,0,18,28,19,7,19,58,0,0,0,0,1,1,1,420347,0,2009,44,SR-69,SR-1005,0000000,41.90063611,-79.22568611,1,1
42,33,5,18,10,35,2,9,0,1,2,2,0,12,4,1,1,1,2,55,1,2,2,1,0,0,1,1,0,0,10,58,11,4,11,31,0,0,0,0,1,2,0,420348,0,2009,292,US-322,99999999999999999999,0000000,40.9725,-78.30121667,2,1
42,101,5,22,20,0,2,2,0,0,14,3,0,12,3,3,1,2,2,35,2,3,2,1,3,3,1,1,0,0,19,56,20,2,20,11,0,0,0,0,1,6,1,420349,6540,2009,5,SR-1015,RED LION RD,0000000,40.07197222,-74.98104444,2,1
42,29,5,27,13,35,2,3,0,0,15,3,0,12,4,2,1,1,2,35,1,1,2,1,3,3,1,1,0,0,13,56,14,2,15,24,0,0,0,0,1,4,0,420350,0,2009,17,SR-2021,SR-2026,0000000,40.03968611,-75.41921389,2,1
42,79,5,22,22,52,1,2,1,1,13,3,0,8,0,1,1,1,4,45,1,1,2,1,0,0,2,1,0,0,22,52,22,59,23,9,0,0,0,0,1,6,0,420351,0,2009,153,SR-115,99999999999999999999,0000000,41.24936111,-75.81244444,1,1
42,51,5,14,7,54,2,2,0,0,16,6,0,12,5,2,1,1,2,25,1,1,2,1,20,3,1,1,0,0,7,58,8,2,9,3,0,0,0,0,1,5,0,420352,4940,2009,0,WASHINGTON ST,CROSS AV,0000000,39.84498889,-79.90088611,2,1
42,3,5,18,16,0,1,1,0,1,11,1,0,27,0,15,8,2,2,55,1,1,1,1,0,0,1,1,0,0,16,1,16,4,16,18,0,0,0,0,1,2,0,420353,0,2009,119,I-279,99999999999999999999,0000000,40.50535278,-80.031125,1,1
42,3,5,5,17,35,2,3,0,0,15,3,0,12,8,1,1,1,2,35,2,1,2,1,0,0,1,1,0,0,17,35,17,46,88,88,0,0,0,0,1,3,0,420354,0,2009,63,SR-4031,99999999999999999999,0000000,40.64979722,-80.00888611,2,1
42,41,5,4,13,32,2,5,0,1,13,2,0,12,4,1,1,1,2,45,2,1,2,2,0,0,1,2,0,0,13,32,13,43,14,11,0,0,0,0,2,2,0,420355,0,2009,423,US-11,99999999999999999999,0000000,40.32266944,-76.914275,2,2
42,129,5,13,21,35,1,6,0,0,15,3,0,24,0,3,2,1,2,35,1,3,2,1,20,3,2,1,0,0,21,36,21,46,99,99,0,0,0,0,1,4,0,420356,4603,2009,0,SR-4079,SR-4081,0000000,40.59831944,-79.71816389,1,1
42,41,5,11,14,56,1,2,1,0,14,3,0,8,0,2,1,1,2,35,1,1,2,1,20,3,1,1,0,0,14,56,15,2,88,88,0,0,0,0,1,2,0,420357,0,2009,144,SR-34,HILLCREST DR,0000000,40.22835833,-77.17961944,1,1
42,55,4,12,14,45,1,1,0,0,3,3,0,37,0,1,5,1,2,55,2,1,2,1,0,0,1,1,0,0,14,46,14,49,88,88,0,0,0,0,1,1,1,420358,0,2009,93,SR-16,99999999999999999999,0000000,39.80385,-77.86873889,1,1
42,55,4,26,1,50,1,1,0,0,3,3,0,24,0,1,2,1,2,40,2,2,2,1,0,0,2,1,0,0,1,54,2,9,88,88,0,0,0,0,1,1,1,420359,0,2009,79,SR-641,99999999999999999999,0000000,40.12558056,-77.71761111,1,1
42,27,5,23,21,5,1,1,0,0,6,3,0,24,0,1,2,1,2,30,2,1,2,1,0,0,2,1,0,0,21,7,21,11,88,88,0,0,0,0,1,7,1,420360,0,2009,19,SR-4004,99999999999999999999,0000000,40.938675,-77.87947778,1,1
42,25,5,9,19,10,1,2,0,0,4,3,0,1,0,1,1,1,2,45,2,1,2,1,0,0,1,1,0,0,99,99,99,99,99,99,0,0,0,0,1,7,1,420361,0,2009,6,SR-4004,99999999999999999999,0000000,40.90776111,-75.97656111,1,1
42,95,5,3,16,29,2,3,0,9,13,2,0,23,0,1,4,1,4,25,1,1,2,2,0,0,1,2,0,0,99,99,99,99,99,99,0,0,0,0,1,1,0,420362,2270,2009,99999,US-22,99999999999999999999,0000000,40.69444444,-75.20426944,2,2
42,19,5,16,6,10,1,1,0,0,5,3,0,42,0,1,4,1,2,55,2,1,2,1,0,0,4,1,0,0,6,27,7,41,88,88,0,0,0,0,1,7,1,420363,0,2009,111,SR-4010,99999999999999999999,0000000,41.07624722,-79.86258056,1,1
42,19,5,17,22,20,1,1,0,0,4,3,0,42,0,1,4,1,2,55,2,3,2,1,0,0,3,1,0,0,22,24,22,29,23,27,0,0,0,0,1,1,0,420364,0,2009,58,SR-1006,99999999999999999999,0000000,41.01622778,-79.71028889,1,1
42,11,5,28,14,40,2,2,0,0,4,3,0,12,4,1,1,1,2,55,1,1,2,1,0,0,1,1,0,0,14,45,14,53,15,35,0,0,0,0,1,5,0,420365,0,2009,69,SR-1010,99999999999999999999,0000000,40.47085833,-75.79910278,2,1
42,17,5,7,13,42,2,3,0,0,14,3,0,12,4,2,1,1,2,35,1,1,2,1,3,3,1,1,0,0,13,42,13,49,14,17,0,0,0,0,2,5,0,420366,0,2009,0,SR-213,SR-532,0000000,40.15457778,-74.99988611,2,1
42,95,4,15,11,49,1,2,1,0,16,6,0,8,0,2,1,9,2,35,1,2,4,1,0,0,1,1,0,0,99,99,99,99,99,99,0,0,0,0,1,4,0,420367,660,2009,0,STEFKO BL,HILTON ST,0000000,40.63384722,-75.35235556,1,1
42,127,5,20,0,30,1,2,0,0,3,3,0,42,0,1,5,1,2,55,2,2,2,1,0,0,2,1,0,0,0,42,0,55,88,88,0,0,0,0,2,4,1,420368,0,2009,141,SR-191,99999999999999999999,0000000,41.41975833,-75.39930833,1,1
42,101,5,5,20,20,1,2,1,0,13,3,0,8,0,1,1,1,2,35,1,1,2,2,0,0,3,2,0,0,20,21,20,27,20,39,0,0,0,0,1,3,1,420369,6540,2009,2,SR-1004,99999999999999999999,0000000,40.01046389,-75.16066944,1,2
42,73,5,22,0,3,1,2,0,0,14,3,0,27,0,1,5,1,2,45,2,2,2,1,0,0,3,1,0,0,0,6,0,9,0,33,0,0,0,0,1,6,1,420370,0,2009,91,SR-65,99999999999999999999,0000000,40.95695,-80.28722778,1,1
42,101,5,25,13,51,1,2,1,1,13,2,0,8,0,1,1,2,3,40,1,1,2,1,0,0,1,1,0,0,13,51,13,54,14,8,0,0,0,0,1,2,0,420371,6540,2009,28,US-1,99999999999999999999,0000000,40.02603611,-75.09509167,1,1
42,133,5,23,18,30,1,1,0,0,6,5,0,33,0,1,4,1,2,35,2,2,2,1,0,0,1,1,0,0,99,99,99,99,99,99,0,0,0,0,1,7,1,420372,0,2009,0,CHESTNUT HILL RD,99999999999999999999,0000000,39.92441667,-76.66104167,1,1
42,45,5,19,13,51,2,2,0,0,14,3,0,33,0,1,4,3,2,35,1,1,2,1,0,0,1,1,0,0,13,51,13,56,14,10,0,0,0,0,1,3,0,420373,1270,2009,35,SR-291,99999999999999999999,0000000,39.85385833,-75.34743611,2,1
42,101,5,31,3,43,2,2,0,1,13,3,0,12,5,2,1,1,6,30,1,1,2,1,3,3,3,1,0,0,3,46,3,49,4,14,0,0,0,0,1,1,0,420374,6540,2009,53,SR-2001,PENN ST,0000000,39.96171111,-75.13660556,2,1
42,11,6,6,9,48,1,1,0,0,4,3,0,17,0,1,4,1,2,40,2,2,2,1,0,0,1,1,0,0,9,52,9,59,88,88,0,0,0,0,1,7,1,420375,0,2009,185,SR-1010,99999999999999999999,0000000,40.48074722,-75.61715,1,1
42,77,6,17,21,17,1,3,1,0,13,3,0,8,0,2,1,1,2,40,1,1,2,2,20,3,2,2,0,0,21,22,21,28,99,99,0,0,0,0,1,4,1,420376,0,2009,26,SR-1019,HIGHLAND ST,0000000,40.60429167,-75.52990833,1,2
42,95,6,14,17,6,1,1,0,1,12,2,0,24,0,13,2,6,1,25,1,2,2,1,0,0,1,1,0,0,17,8,17,16,88,88,0,0,0,0,1,1,0,420377,2270,2009,0,US-22-SR8010 RAMP,99999999999999999999,0000000,40.69452222,-75.23176389,1,1
42,25,7,16,21,30,1,2,1,0,2,2,0,8,0,1,2,1,2,35,1,1,2,1,0,0,3,1,0,0,99,99,99,99,88,88,0,0,0,0,1,5,0,420378,3995,2009,103,US-209,99999999999999999999,0000000,40.86288889,-75.73823333,1,1
42,89,2,14,20,27,1,1,0,1,1,1,0,35,0,1,3,2,2,65,1,1,1,1,0,0,2,1,0,0,20,28,20,37,88,88,0,0,0,0,1,7,1,420379,0,2009,114,I-0380,99999999999999999999,0000000,41.21486111,-75.47413333,1,1
42,17,2,20,2,33,1,2,1,1,13,3,0,8,0,1,1,1,2,55,1,1,2,1,0,0,2,1,0,0,99,99,99,99,99,99,0,0,0,0,1,6,0,420380,0,2009,106,SR-0611,99999999999999999999,0000000,40.36469167,-75.14306389,1,1
42,29,4,13,6,52,3,4,0,1,13,2,0,12,1,3,1,3,2,45,1,4,2,1,3,3,1,1,0,0,6,52,7,1,99,99,0,0,0,0,1,2,0,420381,0,2009,9,US-202,SR-9100,0000000,39.91296111,-75.57187222,3,1
42,123,7,9,13,20,2,3,0,0,6,3,0,12,2,1,1,1,2,40,2,1,2,1,0,0,1,1,0,0,13,29,13,44,15,1,0,0,0,0,1,5,0,420382,0,2009,18,SR-4015,99999999999999999999,0000000,41.97208611,-79.45217778,2,1
42,79,4,12,1,50,1,1,0,0,3,3,0,36,0,1,4,1,2,55,2,2,2,1,0,0,2,1,0,0,1,52,2,16,88,88,0,0,0,0,1,1,1,420383,0,2009,19,SR-115,99999999999999999999,0000000,41.14745556,-75.65354167,1,1
42,63,5,8,21,0,3,3,0,0,14,3,0,12,8,1,1,1,2,55,1,2,2,1,0,0,2,1,0,0,20,59,21,10,99,99,0,0,0,0,1,6,0,420384,0,2009,53,SR-4005,99999999999999999999,0000000,40.64870278,-79.12962222,3,1
42,125,3,8,3,44,1,3,2,0,13,3,0,8,0,1,2,1,2,25,2,1,2,2,0,0,3,1,0,0,3,47,3,55,4,46,0,0,0,0,1,1,0,420385,2850,2009,341,SR-0088,99999999999999999999,0000000,40.25239722,-80.00297222,1,1
42,123,5,2,20,30,2,6,0,0,6,3,0,12,5,2,1,1,2,35,1,1,2,1,20,3,5,1,0,0,99,99,99,99,99,99,0,0,0,0,1,7,0,420386,0,2009,1,SR-2004,CENTER ST,0000000,41.70030278,-79.02936389,2,1
42,5,4,30,14,32,5,7,1,1,2,2,0,12,1,3,1,1,4,55,1,2,2,2,8,3,1,2,0,2,14,32,14,47,15,12,0,3,0,0,1,5,0,420387,0,2009,6,US-422,SR-3013,0000000,40.84928611,-79.68044444,4,2
42,103,3,24,17,20,1,4,2,0,6,2,0,8,0,2,1,1,2,25,1,1,2,1,20,3,1,1,0,0,17,27,17,31,17,59,0,0,0,0,1,3,0,420388,5210,2009,245,US-0006,GEORGE ST,0000000,41.32531111,-74.79953889,1,1
42,125,5,31,2,30,1,1,0,0,6,5,0,42,0,1,4,1,2,40,2,2,2,1,0,0,2,1,0,0,2,34,2,48,88,88,0,0,0,0,1,1,1,420389,0,2009,0,SUGAR RUN RD,99999999999999999999,0000000,40.22338056,-80.042925,1,1
42,79,5,4,19,40,1,3,0,1,11,1,0,1,0,1,3,2,2,55,2,1,2,2,0,0,5,2,0,0,19,48,20,0,20,23,0,0,0,0,1,2,0,420390,0,2009,1762,I-81,99999999999999999999,0000000,41.31369167,-75.74881111,1,2
42,81,5,7,13,33,2,5,0,0,14,3,0,12,5,2,1,1,2,55,2,2,2,1,20,3,1,1,0,0,13,35,13,37,14,0,0,0,0,0,1,5,0,420391,9380,2009,23,SR-2016,HEPBURN ST,0000000,41.24586944,-77.007025,2,1
42,89,4,10,20,24,1,3,1,0,14,3,0,8,0,2,1,1,2,55,1,1,2,1,0,0,2,1,0,0,99,99,99,99,88,88,0,0,0,0,1,6,0,420392,0,2009,109,SR-0611,GLENVIEW DR,0000000,41.00903333,-75.28700833,1,1
42,49,5,11,9,4,2,2,0,1,13,2,0,12,4,8,1,1,4,45,1,1,2,1,3,3,1,1,0,0,9,4,9,10,9,36,0,0,0,0,1,2,0,420393,0,2009,203,US-20,99999999999999999999,0000000,42.07271389,-80.18081389,2,1
42,101,5,4,14,42,2,4,0,0,14,3,0,12,5,2,1,1,4,25,1,1,2,2,3,3,1,2,0,0,14,42,14,47,15,9,0,0,0,0,1,2,0,420394,6540,2009,13,SR-1007,FRALEY ST,0000000,40.00961111,-75.06417222,2,2
42,17,5,18,1,8,1,1,0,0,15,3,0,42,0,1,5,1,2,40,1,1,2,1,0,0,2,1,0,0,1,11,1,17,1,45,0,0,0,0,1,2,1,420395,0,2009,19,SR-2049,99999999999999999999,0000000,40.13543056,-74.889925,1,1
42,3,5,6,2,24,1,1,0,0,13,3,0,30,0,1,2,1,2,35,2,2,2,2,0,0,3,1,0,0,2,25,2,33,88,88,0,0,0,0,1,4,1,420396,5413,2009,113,SR-130,99999999999999999999,0000000,40.39637222,-79.79383056,1,1
42,55,5,15,0,15,1,2,0,0,4,3,0,42,0,1,4,1,2,55,1,1,2,2,0,0,2,5,0,0,0,19,0,29,88,88,0,0,0,0,2,6,1,420397,0,2009,25,SR-75,99999999999999999999,0000000,39.75744722,-77.89117222,1,5
42,79,5,22,23,18,1,2,0,0,16,3,0,30,0,1,4,1,2,35,2,2,2,1,8,9,2,1,0,0,23,20,23,27,23,58,0,0,0,0,1,6,1,420398,4280,2009,9,SR-1004,99999999999999999999,0000000,41.25848333,-75.9184,1,1
42,75,5,8,19,26,1,3,1,0,16,6,0,9,0,2,1,1,2,25,1,2,2,1,0,0,1,1,0,0,19,28,19,31,19,57,0,0,0,0,1,6,0,420399,4340,2009,0,LINCOLN AV,TIFFANY LN,0000000,40.34850278,-76.41150556,1,1
42,91,5,23,1,20,1,1,0,0,14,3,0,33,0,1,4,1,2,35,2,1,2,1,0,0,3,1,0,0,99,99,99,99,88,88,0,0,0,0,1,7,1,420400,0,2009,25,SR-4002,99999999999999999999,0000000,40.132875,-75.45622778,1,1
42,133,5,24,21,25,1,2,1,0,14,3,0,9,0,2,1,1,2,35,1,2,2,2,20,3,3,2,0,0,21,18,21,22,21,42,0,0,0,0,1,1,0,420401,3910,2009,1112,SR-3001,SCHOOL RD,0000000,39.8769,-76.70945,1,2
42,133,5,11,9,35,1,2,1,0,5,3,0,8,0,1,1,1,2,40,1,2,2,1,0,0,1,1,0,0,9,38,9,46,88,88,0,0,0,0,1,2,0,420402,0,2009,14,SR-3008,99999999999999999999,0000000,39.80938333,-76.71484444,1,1
42,99,5,30,0,30,2,3,0,0,3,3,0,12,2,1,1,1,2,45,2,1,2,1,0,0,2,1,0,0,0,32,0,52,1,16,0,0,0,0,1,7,1,420403,0,2009,3,SR-34,99999999999999999999,0000000,40.29795556,-77.13633889,2,1
42,85,5,21,16,21,2,3,0,1,2,3,0,12,5,2,1,3,2,55,1,2,2,1,20,3,1,1,0,0,99,99,99,99,88,88,0,0,0,0,2,5,1,420404,0,2009,154,SR-18,BIRCHWOOD DR,0000000,41.30123611,-80.42138056,2,1
42,129,5,17,16,29,1,1,0,0,14,3,0,1,0,2,1,1,2,35,1,1,2,1,20,3,1,1,0,0,16,30,16,39,16,46,0,0,0,0,1,1,0,420405,0,2009,39,SR-993,SR-4014,0000000,40.34358889,-79.7247,1,1
42,41,5,15,20,34,1,1,0,0,6,5,0,35,0,1,5,1,2,25,2,2,2,1,0,0,2,1,0,0,20,34,20,42,88,88,0,0,0,0,1,6,1,420406,0,2009,0,SAMPLE BRIDGE RD,99999999999999999999,0000000,40.25355,-77.01826944,1,1
42,79,5,9,7,40,2,2,0,0,14,3,0,12,5,2,1,1,2,55,1,2,2,1,20,3,1,1,0,0,7,42,7,56,8,25,0,0,0,0,1,7,0,420407,0,2009,175,SR-118,IDETOWN RD,0000000,41.33074444,-76.00185833,2,1
42,11,5,15,18,0,3,3,0,0,14,3,0,12,2,2,1,1,2,55,1,1,2,1,0,0,1,1,0,0,18,3,18,11,18,39,0,0,0,0,1,6,0,420408,0,2009,19,SR-73,ORCHARD RD,0000000,40.44934722,-75.91345556,3,1
42,133,5,2,11,38,2,3,0,1,2,2,0,12,5,2,1,1,2,55,1,1,2,1,20,3,1,9,0,0,11,40,11,53,99,99,0,0,0,0,1,7,0,420409,0,2009,53,US-30,SR-3096,0000000,39.921525,-76.89330278,2,9
42,29,5,1,16,15,3,3,0,1,13,3,0,12,7,1,1,1,3,55,1,1,2,2,0,0,1,1,0,0,16,16,16,21,99,99,0,0,0,0,1,6,1,420410,0,2009,201,SR-100,99999999999999999999,0000000,40.22299722,-75.66018889,3,1
42,101,5,28,18,0,3,1,0,0,16,6,0,14,7,1,7,1,2,99,1,1,2,1,0,0,1,1,0,0,18,3,18,8,88,88,0,20,0,0,1,5,0,420411,6540,2009,0,UPLAND WY,99999999999999999999,0000000,39.98500833,-75.23795833,1,1
42,21,6,14,2,20,1,1,0,0,4,3,0,36,0,1,5,1,2,55,2,2,2,1,0,0,2,1,0,0,99,99,99,99,88,88,0,0,0,0,1,1,1,420412,0,2009,3,SR-865,99999999999999999999,0000000,40.65615,-78.40475556,1,1
42,95,6,8,10,13,1,2,0,1,13,3,0,24,0,1,2,2,2,65,1,1,2,1,0,0,1,1,0,0,10,13,10,24,88,88,0,0,0,0,1,2,0,420413,0,2009,99,SR-33,99999999999999999999,0000000,40.775575,-75.28049722,1,1
42,95,5,2,19,52,3,2,0,0,16,6,0,5,0,1,1,1,2,0,1,2,2,1,0,0,1,1,0,0,19,53,19,53,88,88,0,14,0,0,2,7,1,420414,6010,2009,0,WASHINGTON AV,99999999999999999999,0000000,40.69162778,-75.49841667,1,1
42,29,6,23,14,24,1,1,0,0,6,5,0,42,0,1,4,1,2,35,1,1,2,1,0,0,1,1,0,0,14,22,14,30,15,16,0,0,0,0,1,3,0,420415,0,2009,0,BEAVER DAM RD,99999999999999999999,0000000,40.07086667,-75.86741111,1,1
42,119,6,15,15,10,2,3,0,1,2,2,0,12,5,2,1,3,2,55,1,1,2,1,20,3,1,1,0,0,15,12,15,20,15,39,0,0,0,0,1,2,0,420416,0,2009,93,US-15,SR-1002,0000000,41.00630556,-76.868125,2,1
42,129,6,23,17,10,1,1,0,1,12,1,0,24,0,1,2,3,2,65,1,1,1,1,0,0,1,1,0,0,17,13,17,20,17,45,0,0,0,0,1,3,0,420417,0,2009,121,I-66,99999999999999999999,0000000,40.37745278,-79.56325556,1,1
42,31,6,27,21,0,1,1,0,0,3,3,0,1,0,3,1,1,2,55,1,1,2,1,20,3,5,1,0,0,21,15,99,99,88,88,0,0,0,0,1,7,1,420418,0,2009,271,SR-66,SR-4033,0000000,41.35996111,-79.32154167,1,1
42,47,6,24,2,30,1,1,0,0,3,3,0,42,0,1,4,1,2,40,1,4,2,1,0,0,2,1,0,0,99,99,99,99,88,88,0,0,0,0,1,4,0,420419,0,2009,44,SR-255,99999999999999999999,0000000,41.29544167,-78.50399444,1,1
42,71,6,15,10,38,1,2,0,0,3,3,0,43,0,1,4,1,2,45,1,2,2,1,0,0,1,1,0,0,10,41,10,50,88,88,0,0,0,0,2,2,0,420420,0,2009,335,SR-23,99999999999999999999,0000000,40.14503333,-75.92368056,1,1
42,77,6,12,2,46,3,7,0,1,11,1,0,12,3,15,1,3,2,55,1,2,2,2,0,0,2,5,0,0,99,99,99,99,99,99,0,0,0,0,1,6,1,420421,0,2009,499,I-78,99999999999999999999,0000000,40.58055,-75.62051944,3,5
42,51,5,22,20,30,3,2,0,0,16,6,0,12,5,2,1,4,1,35,1,1,2,1,20,3,1,1,0,0,20,32,20,32,20,43,0,0,0,0,1,6,1,420422,8690,2009,0,SOUTH ST,BROWNFIELD AL,0000000,,,2,1
42,81,6,17,19,26,2,2,0,1,13,2,0,12,4,1,1,1,3,45,1,3,2,2,0,0,2,2,0,0,19,27,19,36,20,6,0,0,0,0,1,4,0,420423,0,2009,45,US-15,99999999999999999999,0000000,41.20487222,-76.92010833,2,2
42,63,6,24,12,34,2,4,0,1,2,2,0,12,2,1,1,1,2,55,1,1,2,1,0,0,1,1,0,0,12,33,12,38,13,40,0,0,0,0,1,4,0,420424,0,2009,9,US-422,99999999999999999999,0000000,40.659175,-79.30714444,2,1
42,79,5,10,14,23,2,2,0,0,13,3,0,12,1,8,1,2,4,45,1,1,2,1,0,0,1,1,0,0,14,27,14,31,14,48,0,0,0,0,1,1,0,420425,250,2009,236,SR-309,99999999999999999999,0000000,41.20676389,-75.89555833,2,1
42,61,5,16,1,12,2,3,0,1,2,2,0,12,2,1,1,1,2,55,1,1,2,1,0,0,2,1,0,0,1,17,1,21,2,17,0,0,0,0,1,7,1,420426,0,2009,198,US-522,99999999999999999999,0000000,40.33212778,-77.86817778,2,1
42,79,6,29,19,25,1,1,0,1,1,1,0,25,0,1,3,3,2,65,2,2,1,1,0,0,1,1,0,0,99,99,99,99,88,88,0,0,0,0,1,2,0,420427,0,2009,1097,I-476,99999999999999999999,0000000,41.24906111,-75.76911944,1,1
42,1,6,21,19,15,1,1,0,0,6,5,0,27,0,1,4,1,2,40,2,1,2,1,0,0,1,1,0,0,19,11,19,17,19,34,0,0,0,0,1,1,0,420428,0,2009,0,GRANITE STATION RD,99999999999999999999,0000000,39.8634,-77.16285,1,1
42,15,6,1,16,0,2,2,0,1,2,2,0,12,2,1,1,1,3,55,1,2,2,1,0,0,1,1,0,0,16,3,16,25,88,88,0,0,0,0,1,2,0,420429,0,2009,441,US-6,99999999999999999999,0000000,41.654625,-76.23725278,2,1