STATE,COUNTY,MONTH,DAY,HOUR,MINUTE,VE_TOTAL,PERSONS,PEDS,NHS,ROAD_FNC,ROUTE,SP_JUR,HARM_EV,MAN_COLL,REL_JUNC,REL_ROAD,TRAF_FLO,NO_LANES,SP_LIMIT,ALIGNMNT,PROFILE,PAVE_TYP,SUR_COND,TRA_CONT,T_CONT_F,LGT_COND,WEATHER1,WEATHER2,WRK_ZONE,NOT_HOUR,NOT_MIN,ARR_HOUR,ARR_MIN,HOSP_HR,HOSP_MN,SCH_BUS,CF1,CF2,CF3,FATALS,DAY_WEEK,DRUNK_DR,ST_CASE,CITY,YEAR,MILEPT,TWAY_ID,TWAY_ID2,RAIL,LATITUDE,LONGITUD,VE_FORMS,WEATHER
42,49,6,30,15,30,2,5,0,0,14,3,0,12,5,2,1,1,2,45,1,1,2,1,20,3,1,1,0,0,15,43,15,44,15,57,0,0,0,0,1,3,0,420430,0,2009,150,SR-5,EATON RD,0000000,42.05499722,-80.24762778,2,1
42,111,6,21,14,51,1,2,1,1,2,2,0,30,0,1,4,1,2,35,1,1,2,1,0,0,1,1,0,0,99,99,99,99,88,88,0,0,0,0,1,1,0,420431,3975,2009,30,US-30,99999999999999999999,0000000,40.16365,-79.079775,1,1
42,55,6,14,23,50,1,1,0,0,6,4,0,53,0,1,4,1,2,25,1,2,2,1,0,0,3,1,0,0,23,50,23,55,88,88,0,0,0,0,1,1,1,420432,0,2009,0,WHITE CHURCH RD,99999999999999999999,0000000,39.95369722,-77.55755278,1,1
42,129,6,24,16,45,2,2,0,0,3,2,0,12,4,1,1,1,2,55,1,1,2,1,0,0,1,1,0,0,16,50,16,55,17,20,0,0,0,0,1,4,1,420433,0,2009,219,US-119,99999999999999999999,0000000,40.37606944,-79.45759167,2,1
42,11,6,22,14,12,2,3,0,0,4,3,0,12,2,1,1,1,2,55,2,2,2,1,0,0,1,1,0,0,99,99,99,99,99,99,0,0,0,0,3,2,1,420434,0,2009,35,SR-4016,99999999999999999999,0000000,40.45288333,-76.17255833,2,1
42,51,6,5,23,40,1,2,0,0,4,3,0,42,0,1,4,1,2,45,2,2,2,1,0,0,2,1,0,0,23,57,0,8,0,53,0,0,0,0,1,6,1,420435,0,2009,115,SR-3009,99999999999999999999,0000000,39.86962222,-79.80658889,1,1
42,125,6,7,17,25,2,4,0,0,3,3,0,12,1,1,1,1,2,55,1,1,2,1,0,0,1,1,0,1,99,99,99,99,99,99,0,0,0,0,1,1,0,420436,0,2009,3,SR-88,99999999999999999999,0000000,39.985275,-80.00552778,2,1
42,3,6,14,5,15,1,2,1,1,11,1,0,8,0,1,1,3,2,55,1,2,2,1,0,0,3,1,0,0,5,11,5,15,5,26,0,0,0,0,1,1,0,420437,6600,2009,46,I-376,99999999999999999999,0000000,40.42893889,-79.93058889,1,1
42,29,6,28,6,58,1,4,3,1,2,3,0,49,0,1,1,1,2,55,1,1,2,1,0,0,1,1,0,0,6,52,7,5,7,38,0,0,0,0,1,1,0,420438,0,2009,144,SR-41,99999999999999999999,0000000,39.90746944,-75.93368333,1,1
42,3,5,15,8,28,1,3,1,0,16,6,0,33,0,3,4,1,2,35,2,1,2,1,0,0,1,1,0,0,8,28,8,32,8,55,0,15,0,0,1,6,0,420439,6600,2009,0,FRANKSTOWN AV,PAULSON ET,0000000,40.4609,-79.91517222,1,1
42,5,6,28,2,30,1,1,0,0,6,3,0,42,0,3,5,1,2,25,1,2,2,8,20,3,6,9,0,0,16,16,16,26,88,88,0,0,0,0,1,1,1,420440,0,2009,4,SR-3009,TOY RD,0000000,40.807425,-79.59111944,1,9
42,3,5,10,17,42,2,3,0,0,16,6,0,12,2,1,1,1,2,25,1,2,2,1,0,0,1,1,0,0,17,42,17,45,88,88,0,0,0,0,1,1,0,420441,6600,2009,0,P J MCARDLE RD,99999999999999999999,0000000,40.430525,-80.00270833,2,1
42,21,6,23,19,15,2,3,0,0,3,3,0,12,4,8,1,1,2,55,1,4,2,1,0,0,1,1,0,0,99,99,99,99,99,99,0,0,0,0,1,3,2,420442,0,2009,279,SR-53,99999999999999999999,0000000,40.62644444,-78.49812778,2,1
42,45,6,6,6,2,1,1,0,0,6,5,0,38,0,1,4,1,2,35,1,2,2,2,0,0,1,1,0,0,6,2,6,8,6,26,0,0,0,0,1,7,1,420443,0,2009,0,GRADYVILLE RD,99999999999999999999,0000000,39.97080556,-75.40133611,1,1
42,3,5,8,20,36,2,2,0,0,14,3,0,24,0,3,2,1,2,35,1,1,2,1,20,3,5,1,0,0,20,38,20,41,22,12,0,0,0,0,1,6,0,420444,6600,2009,12,SR-3101,WOODVILLE AV,0000000,40.43495278,-80.03401389,1,1
42,17,6,1,21,0,1,2,1,1,13,2,0,8,0,1,1,3,2,40,1,1,1,1,0,0,3,1,0,0,21,0,21,3,21,22,0,0,0,0,1,2,1,420445,910,2009,68,US-13,99999999999999999999,0000000,40.10130833,-74.86487778,1,1
42,17,5,11,15,57,1,2,1,0,6,5,0,8,0,3,2,1,2,35,1,1,2,1,20,3,1,1,0,3,16,0,16,9,88,88,0,3,0,0,1,2,0,420446,0,2009,0,BIG OAK RD,TOWNSHIP LINE RD,0000000,40.20180278,-74.87788889,1,1
42,43,6,6,14,2,1,1,0,1,13,2,0,24,0,1,2,3,2,50,2,2,2,1,0,0,1,1,0,0,14,2,14,8,88,88,0,0,0,0,1,7,0,420447,0,2009,12,US-322,99999999999999999999,0000000,40.256275,-76.79411667,1,1
42,17,4,17,2,37,3,4,3,1,12,2,0,8,0,1,1,3,2,55,1,1,1,1,0,0,2,1,0,0,2,35,2,45,99,99,0,0,0,0,1,6,1,420448,0,2009,38,US-0001,99999999999999999999,0000000,40.16267778,-74.93534167,3,1
42,33,6,28,3,25,2,4,0,1,1,1,0,12,7,1,1,2,2,65,2,1,1,1,0,0,2,1,0,0,5,51,99,97,99,97,0,0,0,0,1,1,2,420449,0,2009,1084,I-80,99999999999999999999,0000000,41.127125,-78.57028611,2,1
42,25,2,9,15,5,1,1,0,0,3,3,0,48,0,1,2,1,2,55,2,2,2,1,0,0,1,1,0,0,99,99,99,99,88,88,0,0,0,0,1,2,1,420450,0,2009,91,SR-0940,99999999999999999999,0000000,41.08333056,-75.60804167,1,1
42,71,6,20,8,53,2,6,0,0,3,3,0,12,4,1,1,1,2,55,2,1,2,2,0,0,1,2,0,0,8,53,9,0,9,25,0,0,0,0,1,7,0,420451,0,2009,78,SR-340,99999999999999999999,0000000,40.03996944,-76.12461111,2,2
42,85,6,16,16,30,3,3,0,0,4,3,0,12,4,1,1,1,2,45,1,1,2,1,0,0,1,1,0,0,16,35,16,51,17,56,0,0,0,0,2,3,0,420452,0,2009,7,SR-1014,99999999999999999999,0000000,41.47305556,-80.18388333,3,1
42,133,4,25,19,15,1,2,0,0,4,3,0,1,0,3,1,1,2,45,2,1,2,1,0,0,1,1,0,0,99,99,99,99,99,99,0,0,0,0,1,7,0,420453,0,2009,229,SR-0425,CHAPEL CHURCH RD,0000000,39.93916667,-76.48645556,1,1
42,77,5,14,0,12,1,2,1,0,14,3,0,9,0,1,1,1,4,45,1,3,2,1,0,0,3,1,0,0,99,99,99,99,99,99,0,0,0,0,1,5,1,420454,660,2009,11,SR-1009,99999999999999999999,0000000,40.64520556,-75.40549167,1,1
42,101,4,1,16,4,1,1,0,0,13,3,0,30,0,1,5,4,4,99,1,1,2,2,0,0,1,2,0,0,99,99,99,99,99,99,0,0,0,0,1,4,0,420455,6540,2009,0,SR-1012,99999999999999999999,0000000,40.02558333,-75.03163333,1,2
42,17,5,12,12,57,2,2,0,0,14,3,0,12,5,2,1,2,2,40,1,1,2,1,20,3,1,1,0,0,12,57,13,4,88,88,0,0,0,0,1,3,0,420456,0,2009,8,SR-2051,PINEWOOD DR,0000000,40.15054167,-74.82488056,2,1
42,11,5,20,16,30,3,3,0,0,13,3,0,12,3,3,1,1,2,40,1,4,2,1,0,0,1,1,0,0,99,99,99,99,99,99,0,0,0,0,1,4,0,420457,0,2009,12,SR-2021,BEECHWOOD DR,0000000,40.32164722,-75.8757,3,1
42,101,6,3,20,9,3,3,0,0,16,6,0,12,5,2,1,1,2,99,1,1,2,1,20,3,1,1,0,0,20,10,20,13,20,33,0,0,0,0,1,4,0,420458,6540,2009,0,PARRISH ST,46TH ST,0000000,39.9677,-75.21367778,3,1
42,17,5,23,3,5,1,2,1,1,13,2,0,8,0,1,3,3,2,40,1,1,1,1,0,0,3,1,0,0,99,99,99,99,88,88,0,0,0,0,1,7,0,420459,0,2009,63,US-13,99999999999999999999,0000000,40.09836111,-74.87483056,1,1
42,85,6,29,12,41,1,2,0,0,15,3,0,42,0,1,5,1,2,40,1,2,2,1,0,0,1,1,0,0,99,99,99,99,99,99,0,0,0,0,1,2,0,420460,0,2009,23,SR-2005,99999999999999999999,0000000,41.18902778,-80.12407778,1,1
42,133,6,29,21,52,2,3,0,0,15,3,0,12,5,2,1,1,2,40,1,2,2,1,20,3,2,1,0,0,99,99,99,99,99,99,0,0,0,0,2,2,1,420461,0,2009,16,SR-2068,SR-2087,0000000,39.88440278,-76.68252778,2,1
42,95,6,5,14,51,2,2,0,0,3,3,0,12,4,1,1,1,2,55,2,2,2,2,0,0,1,2,0,0,99,99,99,99,99,99,0,0,0,0,1,6,0,420462,0,2009,129,SR-191,99999999999999999999,0000000,40.82141389,-75.23416389,2,2
42,3,6,9,18,37,1,2,1,0,6,4,0,8,0,4,1,1,2,25,1,2,2,1,0,0,1,1,0,0,99,99,99,99,99,99,0,0,0,0,1,3,0,420463,0,2009,0,MORAY LN,99999999999999999999,0000000,40.31215556,-79.79456667,1,1
42,91,6,23,21,5,2,4,0,1,13,3,0,12,7,1,1,3,2,55,1,1,1,1,0,0,2,1,0,0,21,5,21,9,21,27,0,0,0,0,1,3,0,420464,0,2009,9,SR-3020,99999999999999999999,0000000,40.10891111,-75.35085556,2,1
42,3,6,21,13,21,1,1,0,1,11,1,0,24,0,13,2,6,1,45,2,1,1,1,0,0,1,1,0,0,13,26,13,28,88,88,0,0,0,0,1,1,1,420465,0,2009,12,I-79-SR8003 RAMP,99999999999999999999,0000000,40.35715278,-80.11837778,1,1
42,79,6,11,17,19,1,2,1,0,16,6,0,8,0,1,1,4,2,35,1,1,1,1,0,0,1,1,0,0,17,20,17,20,88,88,0,0,0,0,1,5,0,420466,9340,2009,0,WASHINGTON ST,99999999999999999999,0000000,41.24288333,-75.88395833,1,1
42,3,6,13,22,55,1,1,0,0,14,3,0,39,0,3,2,1,2,35,2,2,2,1,0,0,2,1,0,0,22,57,23,0,88,88,0,0,0,0,1,7,0,420467,0,2009,64,SR-910,MONTOUR RD,0000000,40.63005278,-79.98492222,1,1
42,91,6,27,8,13,2,3,0,0,6,4,0,12,5,2,1,1,4,35,1,1,2,1,3,3,1,1,0,0,8,15,8,17,8,34,0,0,0,0,1,7,0,420468,0,2009,0,MONTGOMERY AV,PENN RD,0000000,40.01210556,-75.27441389,2,1
42,47,6,8,14,43,2,2,0,0,3,3,0,12,2,1,1,1,2,55,1,1,2,1,0,0,1,1,0,0,14,48,14,55,99,99,0,0,0,0,1,2,1,420469,7300,2009,158,SR-120,99999999999999999999,0000000,41.44743333,-78.46800833,2,1
42,17,6,6,13,10,2,2,0,0,13,2,0,14,1,1,2,1,2,35,1,1,2,1,0,0,1,1,0,0,13,12,13,17,13,33,0,0,0,0,1,7,0,420470,0,2009,26,US-13,99999999999999999999,0000000,40.08281944,-74.93853056,1,1
42,33,6,11,20,33,1,4,0,0,6,5,0,42,0,1,5,1,2,30,2,3,4,2,0,0,5,2,0,0,20,33,20,41,21,16,0,0,0,0,1,5,0,420471,0,2009,0,GRAY HOLLOW RD,99999999999999999999,0000000,40.92735,-78.24008333,1,2
42,11,6,14,15,2,1,2,1,1,13,2,0,8,0,1,2,5,2,35,1,1,2,1,0,0,1,1,0,0,99,99,99,99,99,99,0,0,0,0,1,1,0,420472,0,2009,127,US-422,99999999999999999999,0000000,40.32661389,-76.03796389,1,1
42,71,6,13,19,20,1,1,0,0,6,3,0,35,0,1,4,1,2,40,1,1,2,1,0,0,1,1,0,0,19,27,99,97,99,97,0,0,0,0,1,7,1,420473,0,2009,6,SR-4017,99999999999999999999,0000000,40.08861667,-76.53391389,1,1
42,3,6,25,18,13,1,2,1,0,16,6,0,8,0,1,1,1,2,25,1,1,2,1,0,0,1,1,0,0,18,17,18,19,18,23,0,0,0,0,1,5,0,420474,6600,2009,0,HATFIELD ST,99999999999999999999,0000000,40.47603889,-79.959575,1,1
42,11,6,12,20,5,2,2,0,0,15,3,0,12,5,2,1,1,2,40,1,1,2,1,20,3,5,1,0,0,20,7,20,17,20,56,0,0,0,0,1,6,1,420475,0,2009,36,SR-2049,WINDING CREEK RD,0000000,40.31455556,-75.73137778,2,1
42,43,6,20,16,52,2,2,0,0,14,3,0,12,2,1,1,1,2,35,1,1,2,1,0,0,1,1,0,0,16,55,17,3,17,30,0,0,0,0,1,7,0,420476,0,2009,23,SR-2003,99999999999999999999,0000000,40.23385556,-76.71591667,2,1
42,3,6,17,12,30,2,3,0,1,13,2,0,12,5,2,1,3,2,35,1,4,2,1,3,3,1,1,0,0,12,37,12,43,13,1,0,0,0,0,1,4,0,420477,6600,2009,6,US-19T,SR-4009,0000000,40.49357778,-80.01151111,2,1
42,101,6,19,18,10,3,4,0,0,13,3,0,12,2,1,1,3,2,35,1,1,2,1,0,0,1,1,0,0,18,12,18,19,18,51,0,0,0,0,3,6,1,420478,6540,2009,4,SR-3019,99999999999999999999,0000000,39.89557222,-75.22856944,3,1
42,71,6,24,9,30,1,2,1,0,5,3,0,9,0,1,1,1,2,45,2,2,2,1,0,0,1,1,0,0,9,35,9,46,99,99,0,16,0,0,1,4,0,420479,0,2009,106,SR-1010,99999999999999999999,0000000,40.15551111,-76.05640278,1,1
42,63,6,29,22,45,1,1,0,0,14,3,0,33,0,3,4,1,2,35,1,3,2,1,3,3,3,1,0,0,22,45,22,48,23,0,0,0,0,0,1,2,1,420480,3870,2009,62,SR-954,SCHOOL ST,0000000,40.62061944,-79.15080278,1,1
42,21,6,27,1,10,1,1,0,0,15,3,0,42,0,1,5,1,2,40,2,1,2,1,0,0,3,1,0,0,99,99,99,99,88,88,0,0,0,0,1,7,1,420481,0,2009,12,SR-2019,99999999999999999999,0000000,40.43490278,-78.60543056,1,1
42,7,6,16,19,9,1,1,0,0,14,3,0,1,0,2,1,1,2,35,1,2,2,1,20,3,1,1,0,0,19,13,19,19,99,99,0,0,0,0,1,3,0,420482,0,2009,106,SR-251,PROJECT RD,0000000,40.78101944,-80.34272778,1,1
42,63,8,11,10,30,3,5,0,1,2,2,0,12,2,1,1,1,2,55,1,1,2,1,0,0,1,1,0,1,10,36,10,42,11,41,0,14,0,0,1,3,0,420483,0,2009,75,US-0022,99999999999999999999,0000000,40.45439167,-79.13291111,3,1
42,17,6,21,13,27,2,3,0,1,13,3,0,12,2,3,1,1,2,35,1,1,2,1,3,3,1,1,0,0,13,29,13,34,14,14,0,0,0,0,1,1,0,420484,6850,2009,19,SR-313,FAIRVIEW AV,0000000,40.43818889,-75.32427222,2,1
42,3,7,6,6,27,3,3,0,0,13,3,0,12,5,2,1,1,2,35,1,1,2,1,3,3,1,1,0,0,6,28,6,34,88,88,0,0,0,0,1,2,0,420485,4710,2009,42,SR-148,EDEN PARK BL,0000000,40.35517222,-79.83524167,3,1
42,107,4,10,13,58,2,2,0,0,3,2,0,12,2,1,2,1,2,55,1,1,2,1,0,0,1,1,0,0,99,99,99,99,99,99,0,0,0,0,1,6,0,420486,0,2009,327,US-209,99999999999999999999,0000000,40.74708056,-76.06746389,2,1
42,5,6,20,22,13,1,1,0,0,14,3,0,39,0,1,4,1,2,55,1,1,2,2,0,0,3,1,0,0,22,14,22,27,88,88,0,0,0,0,1,7,1,420487,0,2009,34,SR-66,99999999999999999999,0000000,40.6323,-79.58199167,1,1
42,45,5,25,12,35,2,2,0,1,13,2,0,12,5,2,1,1,2,35,1,1,2,1,3,3,1,1,0,0,99,99,99,99,88,88,0,0,0,0,1,2,0,420488,0,2009,49,US-322,BETHEL AV,0000000,39.84996111,-75.44810833,2,1
42,63,6,3,13,12,2,2,0,0,14,3,0,12,4,1,1,1,2,55,1,1,2,2,0,0,1,2,0,0,13,10,13,16,88,88,0,0,0,0,1,4,0,420489,0,2009,228,SR-286,99999999999999999999,0000000,40.63331389,-79.12188333,2,2
42,107,6,3,0,4,1,1,0,0,15,3,0,33,0,1,4,1,2,35,1,1,2,1,0,0,3,1,0,0,0,5,0,12,0,31,0,0,0,0,1,4,1,420490,2990,2009,0,SR-1008,99999999999999999999,0000000,40.78389722,-76.22995,1,1
42,107,6,1,21,15,1,4,2,0,3,3,0,9,0,1,1,1,2,35,1,1,2,1,0,0,3,1,0,0,21,15,21,20,21,37,0,0,0,0,1,2,0,420491,0,2009,96,SR-54,99999999999999999999,0000000,40.81721111,-76.21479722,1,1
42,101,6,14,23,45,1,2,1,0,14,3,0,8,0,2,1,1,2,35,1,1,2,1,3,9,3,1,0,0,23,46,23,52,0,10,0,0,0,0,1,1,0,420492,6540,2009,21,SR-1014,HORROCKS ST,0000000,40.05972778,-75.05238056,1,1
42,133,6,19,1,30,1,1,0,0,6,5,0,1,0,1,1,1,2,55,1,2,2,1,0,0,2,1,0,0,99,99,99,99,88,88,0,0,0,0,1,6,1,420493,0,2009,0,LABOTT RD,99999999999999999999,0000000,39.91315833,-76.88597222,1,1
42,91,6,22,22,26,2,2,0,0,13,3,0,1,0,1,1,1,2,45,1,1,2,1,0,0,3,1,0,0,99,99,99,99,88,88,0,0,0,0,1,2,1,420494,0,2009,32,SR-63,99999999999999999999,0000000,40.308675,-75.4276,2,1
42,7,8,9,20,40,4,10,0,1,2,2,0,12,2,1,1,1,2,45,1,1,2,1,0,0,2,1,0,0,99,99,99,99,99,99,0,0,0,0,1,1,0,420495,0,2009,101,US-0030,99999999999999999999,0000000,40.52409722,-80.37556944,4,1
42,77,6,22,11,30,2,2,0,1,11,1,0,12,7,1,1,3,3,55,1,2,1,1,0,0,1,1,0,0,99,99,99,99,99,99,0,0,0,0,1,2,0,420496,0,2009,549,I-78,99999999999999999999,0000000,40.57001944,-75.53481944,2,1
42,29,6,12,6,35,2,2,0,1,13,2,0,12,2,1,1,1,2,45,1,1,2,2,0,0,4,2,0,0,6,32,6,39,7,38,1,0,0,0,1,6,1,420497,0,2009,172,US-322,99999999999999999999,0000000,39.97645,-75.68371111,2,2
42,75,7,3,17,5,3,3,0,1,2,2,0,12,5,2,1,3,2,55,1,3,2,1,20,3,1,1,0,0,17,9,17,18,99,99,0,14,0,0,1,6,0,420498,0,2009,1,US-0022,SR-4011,0000000,40.37898889,-76.63786667,3,1
42,11,6,13,12,40,1,1,0,1,12,2,0,24,0,1,2,3,2,55,2,1,2,1,0,0,1,1,0,0,12,41,12,48,13,8,0,0,0,0,1,7,0,420499,0,2009,212,US-422,99999999999999999999,0000000,40.30505278,-75.89132778,1,1
42,11,6,30,5,43,2,2,0,0,3,3,0,12,8,1,1,1,2,45,1,1,2,1,0,0,4,1,0,0,99,99,99,99,99,99,0,0,0,0,1,3,0,420500,0,2009,12,SR-23,99999999999999999999,0000000,40.15622222,-75.86733611,2,1
42,3,6,30,22,17,2,6,0,0,6,4,0,12,2,1,1,1,4,35,2,2,2,2,0,0,3,2,0,0,22,27,22,29,23,30,0,0,0,0,1,3,0,420501,0,2009,0,SPRING HILL RD,99999999999999999999,0000000,40.623725,-79.71478056,2,2
42,107,6,15,14,0,2,1,1,0,16,6,0,14,7,1,7,1,2,25,1,2,2,1,0,0,1,1,0,0,13,54,14,9,14,18,0,23,0,0,1,2,0,420502,240,2009,0,FIRST ST,99999999999999999999,0000000,40.78330556,-76.33494167,1,1
42,71,6,21,20,4,2,3,0,0,14,3,0,12,8,1,1,1,2,40,2,1,2,1,0,0,1,1,0,0,20,7,20,12,99,99,0,0,0,0,1,1,0,420503,0,2009,186,SR-772,99999999999999999999,0000000,40.14760556,-76.27261667,2,1
42,77,6,4,19,28,3,4,0,0,16,6,0,12,5,2,1,1,2,25,1,1,2,1,3,3,1,1,0,0,99,99,99,99,99,99,0,14,20,0,1,5,0,420504,110,2009,0,WALNUT ST,EIGHTH ST,0000000,40.53218056,-75.50123611,2,1
42,91,6,2,12,5,2,2,0,0,16,6,0,12,5,2,1,1,2,25,1,1,2,1,3,3,1,1,0,0,12,6,12,11,12,35,0,0,0,0,1,3,0,420505,4230,2009,0,BROAD ST,HANCOCK ST,0000000,40.23679167,-75.28853333,2,1
42,109,7,22,15,48,3,3,0,0,3,3,0,12,8,1,1,1,2,55,2,2,2,1,0,0,1,1,0,0,15,43,15,48,16,58,0,0,0,0,1,4,0,420506,0,2009,134,SR-0104,99999999999999999999,0000000,40.81635833,-77.05445833,3,1
42,95,6,14,19,6,2,3,0,0,15,3,0,12,4,8,1,1,2,50,1,1,2,1,0,0,1,1,0,0,99,99,99,99,99,99,0,0,0,0,1,1,0,420507,0,2009,65,SR-3020,99999999999999999999,0000000,40.70091944,-75.27959444,2,1
42,49,6,2,14,5,2,2,0,1,13,2,0,12,4,2,1,1,4,40,1,1,2,1,3,3,1,1,0,0,99,99,99,99,99,99,0,0,0,0,1,3,0,420508,0,2009,215,US-20,SR-299,0000000,42.07998611,-80.15965833,2,1
42,101,6,21,17,58,2,1,0,0,16,6,0,14,1,1,7,4,1,25,1,1,2,1,0,0,1,1,0,0,99,99,99,99,99,99,0,0,0,0,1,1,1,420509,6540,2009,0,NORRIS ST,99999999999999999999,0000000,39.98123611,-75.14179722,1,1
42,73,6,26,22,44,1,3,0,0,13,3,0,30,0,1,5,1,2,35,1,2,2,1,20,3,3,1,0,0,22,43,22,44,23,8,0,0,0,0,1,6,0,420510,5800,2009,132,SR-65,99999999999999999999,0000000,40.99778056,-80.33916667,1,1
42,3,7,21,21,14,3,6,0,1,11,1,0,12,2,1,1,3,2,55,1,3,2,1,41,3,5,1,0,1,99,99,99,99,99,99,0,3,0,0,1,3,0,420511,5413,2009,555,I-0076,99999999999999999999,0000000,40.4508,-79.75405278,3,1
42,17,8,12,12,54,3,4,0,1,13,3,0,12,8,1,1,5,3,55,1,2,2,1,0,0,1,1,0,0,99,99,99,99,99,99,0,0,0,0,1,4,1,420512,0,2009,111,SR-0611,99999999999999999999,0000000,40.372175,-75.14528056,3,1
42,45,6,27,13,49,1,1,0,0,16,6,0,33,0,1,4,4,2,30,2,1,2,1,0,0,1,1,0,4,13,50,13,56,14,12,0,0,0,0,1,7,0,420513,1270,2009,0,SEAPORT DR,99999999999999999999,0000000,39.83386944,-75.37890833,1,1
42,3,6,5,0,56,1,2,0,0,15,3,0,30,0,1,4,1,2,40,2,2,2,1,0,0,3,1,0,0,0,57,1,2,88,88,0,0,0,0,1,6,1,420514,0,2009,16,SR-3063,99999999999999999999,0000000,40.43858889,-80.21173889,1,1
42,99,5,20,16,28,2,2,0,0,3,3,0,12,4,8,1,1,2,45,1,2,2,1,0,0,1,1,0,0,99,99,99,99,99,99,0,0,0,0,1,4,0,420515,0,2009,40,SR-34,99999999999999999999,0000000,40.33351389,-77.18173333,2,1
42,101,6,3,0,1,1,2,1,1,13,2,0,8,0,1,1,2,3,40,1,1,2,1,0,0,3,1,0,0,0,1,0,3,88,88,0,0,0,0,1,4,0,420516,6540,2009,13,US-1,99999999999999999999,0000000,40.02552222,-75.12215833,1,1
42,89,6,23,15,28,1,2,1,0,4,3,0,8,0,1,4,1,2,45,1,1,2,1,0,0,1,1,0,0,99,99,99,99,88,88,0,0,0,0,1,3,1,420517,0,2009,14,SR-196,99999999999999999999,0000000,41.14662778,-75.35921944,1,1
42,101,6,22,22,33,1,2,1,0,13,3,0,8,0,1,1,1,4,35,1,1,2,1,0,0,3,1,0,0,99,99,99,99,99,99,0,0,0,0,1,2,0,420518,6540,2009,22,SR-3007,99999999999999999999,0000000,39.97555833,-75.19194444,1,1
42,101,6,21,18,18,1,2,0,0,16,6,0,5,0,1,1,4,1,99,1,1,1,1,0,0,1,1,0,0,99,99,99,99,99,99,0,0,0,0,1,1,1,420519,6540,2009,0,STILLMAN ST,99999999999999999999,0000000,40.00138333,-75.17185556,1,1
42,101,6,29,16,0,1,2,1,1,13,3,0,8,0,2,1,1,4,30,1,1,2,1,2,3,1,1,0,0,16,4,16,8,16,28,0,0,0,0,1,2,0,420520,6540,2009,34,SR-73,COTTAGE ST,0000000,40.0333,-75.03776944,1,1
42,101,6,30,18,10,1,2,1,0,16,6,0,8,0,1,1,1,2,15,1,1,2,1,0,0,1,1,0,0,18,10,18,15,18,32,0,0,0,0,1,3,0,420521,6540,2009,0,UNRUH ST,99999999999999999999,0000000,40.03497778,-75.05919722,1,1
42,101,6,10,19,36,1,5,4,0,16,6,0,33,0,3,4,4,1,99,1,2,1,1,20,3,1,1,0,0,19,36,19,41,20,10,0,0,0,0,4,4,0,420522,6540,2009,0,3RD ST,ANNSBURY ST,0000000,40.01999722,-75.13115278,1,1
42,125,6,28,3,30,1,2,0,0,5,3,0,42,0,3,5,1,2,40,1,1,2,1,20,3,2,1,0,0,3,56,4,8,4,30,0,0,0,0,1,1,1,420523,0,2009,41,SR-4047,ULLOM RD,0000000,40.25785833,-80.28040278,1,1
42,71,6,2,11,29,1,2,0,0,14,3,0,30,0,1,4,1,2,35,2,1,2,1,0,0,1,1,0,0,99,99,99,99,99,99,0,0,0,0,1,3,0,420524,2630,2009,326,SR-272,99999999999999999999,0000000,40.18163333,-76.19391389,1,1
42,63,6,29,19,47,1,2,0,0,6,5,0,30,0,1,4,1,2,55,1,1,2,1,0,0,1,1,0,0,19,47,20,3,99,99,0,0,0,0,1,2,0,420525,0,2009,0,FIR RD,99999999999999999999,0000000,40.69498333,-78.97505,1,1
42,25,7,6,9,43,5,5,0,1,2,2,0,12,8,2,1,1,2,55,1,1,2,1,0,0,1,1,0,0,99,99,99,99,88,88,0,14,0,0,1,2,0,420526,0,2009,186,US-0209,RIDGEVIEW DR,0000000,40.84811667,-75.61998889,5,1
42,9,6,11,16,40,1,1,0,0,6,5,0,42,0,1,4,1,2,35,2,1,2,2,0,0,1,2,0,0,16,43,17,5,17,26,0,0,0,0,1,5,0,420527,0,2009,0,DUNNINGS CREEK RD,99999999999999999999,0000000,40.161325,-78.59770556,1,2
42,97,6,15,15,53,2,3,0,0,4,3,0,12,5,2,1,1,2,55,1,1,2,1,20,3,1,1,0,0,15,53,16,2,16,19,0,0,0,0,1,2,0,420529,4693,2009,54,SR-44,SR-1007,0000000,41.07374722,-76.81857778,2,1
42,77,7,15,21,29,3,2,0,0,13,3,0,12,7,1,2,1,2,40,1,1,2,1,0,0,2,1,0,0,99,99,99,99,88,88,0,20,0,0,1,4,1,420530,0,2009,127,SR-0145,99999999999999999999,0000000,40.72916667,-75.53340556,2,1
42,129,6,19,1,46,2,2,0,1,2,2,0,12,2,1,1,3,2,55,1,1,1,1,0,0,2,1,0,0,1,53,2,0,2,53,0,0,0,0,2,6,0,420531,0,2009,124,US-22,99999999999999999999,0000000,40.39708333,-79.47953889,2,1
42,9,6,13,18,7,1,1,0,0,3,2,0,33,0,1,4,5,4,40,1,1,2,1,0,0,1,1,0,0,99,99,99,99,88,88,0,0,0,0,1,7,1,420532,0,2009,189,US-30,99999999999999999999,0000000,40.02318056,-78.45870556,1,1
42,79,7,16,13,45,3,5,0,0,14,3,0,12,5,2,1,5,4,45,1,1,2,1,20,3,1,1,0,0,99,99,99,99,99,99,0,0,0,0,1,5,0,420533,0,2009,107,SR-0309,PINE ST,0000000,41.04946389,-75.95796389,3,1