STATE,COUNTY,MONTH,DAY,HOUR,MINUTE,VE_TOTAL,PERSONS,PEDS,NHS,ROAD_FNC,ROUTE,SP_JUR,HARM_EV,MAN_COLL,REL_JUNC,REL_ROAD,TRAF_FLO,NO_LANES,SP_LIMIT,ALIGNMNT,PROFILE,PAVE_TYP,SUR_COND,TRA_CONT,T_CONT_F,LGT_COND,WEATHER1,WEATHER2,WRK_ZONE,NOT_HOUR,NOT_MIN,ARR_HOUR,ARR_MIN,HOSP_HR,HOSP_MN,SCH_BUS,CF1,CF2,CF3,FATALS,DAY_WEEK,DRUNK_DR,ST_CASE,CITY,YEAR,MILEPT,TWAY_ID,TWAY_ID2,RAIL,LATITUDE,LONGITUD,VE_FORMS,WEATHER
42,11,8,13,22,39,3,1,0,1,13,2,0,14,7,1,7,1,2,35,1,1,2,1,0,0,3,1,0,0,99,99,99,99,88,88,0,0,0,0,1,5,1,420534,7080,2009,66,US-0422,99999999999999999999,0000000,40.35452222,-76.14358333,1,1
42,67,7,1,19,20,1,1,0,0,6,5,0,42,0,1,4,1,2,55,1,2,2,1,0,0,1,1,0,0,19,22,19,29,88,88,0,0,0,0,1,4,1,420535,0,2009,0,RED ROCK RD,99999999999999999999,0000000,40.57165278,-77.319975,1,1
42,7,6,6,23,37,1,2,0,0,4,3,0,1,0,1,1,1,2,45,2,2,2,1,0,0,2,1,0,0,99,99,99,99,99,99,0,0,0,0,1,7,1,420536,0,2009,12,SR-4002,99999999999999999999,0000000,40.83483056,-80.49803056,1,1
42,39,6,11,22,11,2,3,0,0,3,3,0,12,4,3,1,1,2,55,1,1,2,2,4,3,2,5,0,0,99,99,99,99,99,99,0,0,0,0,2,5,1,420537,0,2009,33,SR-285,SR-3005,0000000,41.60468889,-80.45568333,2,5
42,1,8,13,20,24,4,4,1,0,14,3,0,42,0,1,5,1,2,25,1,2,2,1,0,0,3,1,0,0,99,99,99,99,99,99,0,0,0,0,1,5,1,420538,3160,2009,85,SR-3001,99999999999999999999,0000000,39.82834722,-77.23108333,1,1
42,51,6,6,5,44,1,3,0,1,13,3,0,31,0,1,5,2,2,55,1,2,2,1,0,0,4,5,0,0,5,46,5,53,6,17,0,0,0,0,2,7,1,420539,0,2009,21,SR-51,99999999999999999999,0000000,39.92836111,-79.72773611,1,5
42,3,6,27,14,50,1,1,0,0,14,3,0,24,0,1,2,1,2,40,2,2,2,1,0,0,1,1,0,0,14,52,15,1,88,88,0,0,0,0,1,7,0,420540,0,2009,73,SR-3077,99999999999999999999,0000000,40.52615556,-80.22741389,1,1
42,49,6,23,22,23,3,6,0,0,15,3,0,12,1,1,1,1,2,35,2,3,2,1,0,0,2,1,0,0,22,24,22,31,22,53,0,0,0,0,1,3,3,420541,0,2009,335,SR-5,99999999999999999999,0000000,42.19026944,-79.95279722,3,1
42,71,7,18,15,34,2,3,0,1,13,3,0,12,4,2,1,2,2,55,1,1,2,1,20,3,1,1,0,0,15,33,15,42,16,7,0,0,0,0,1,7,0,420542,0,2009,182,SR-272,MT HOPE SCHOOL RD,0000000,39.93051111,-76.25300556,2,1
42,29,7,4,12,35,1,1,0,1,12,2,0,1,0,13,1,6,1,55,2,1,1,1,0,0,1,1,0,0,12,26,12,35,13,10,0,0,0,0,1,7,0,420543,0,2009,2,US-1-SR8015 RAMP,99999999999999999999,0000000,39.84499722,-75.76729722,1,1
42,51,7,25,9,50,1,2,0,0,3,3,0,39,0,1,4,1,2,35,2,2,2,1,0,0,1,1,0,0,9,48,10,2,10,54,0,0,0,0,1,7,0,420544,0,2009,216,SR-381,99999999999999999999,0000000,39.94105,-79.4492,1,1
42,5,7,30,17,45,2,2,0,0,3,3,0,12,4,1,1,1,2,45,2,2,2,1,40,3,1,1,0,0,17,47,17,52,19,10,0,0,0,0,1,5,0,420545,0,2009,54,SR-85,99999999999999999999,0000000,40.80514444,-79.40001944,2,1
42,107,7,5,12,20,2,2,0,0,3,3,0,1,0,8,1,1,3,55,1,2,2,1,0,0,1,1,0,0,99,99,99,99,99,99,0,0,0,0,1,1,0,420546,0,2009,9,SR-183,99999999999999999999,0000000,40.54020278,-76.21942778,2,1
42,109,7,9,19,30,2,3,0,0,14,3,0,12,7,1,1,1,2,55,1,1,2,1,0,0,1,1,0,0,19,26,19,29,88,88,0,0,0,0,1,5,2,420547,0,2009,137,SR-35,99999999999999999999,0000000,40.78118333,-76.885825,2,1
42,69,7,12,16,55,2,3,0,1,12,2,0,25,0,1,3,3,2,55,2,2,1,1,0,0,1,1,0,0,99,99,99,99,99,99,0,0,0,0,1,1,1,420548,0,2009,233,US-6,99999999999999999999,0000000,41.57693056,-75.47228611,2,1
42,43,7,3,6,2,1,1,0,0,13,3,0,33,0,1,2,3,2,45,2,2,2,1,0,0,1,1,0,0,99,99,99,99,99,99,0,0,0,0,1,6,0,420549,0,2009,4,SR-3001,99999999999999999999,0000000,40.21641111,-76.79075556,1,1
42,113,7,12,11,40,1,1,0,0,4,3,0,24,0,1,2,1,2,55,2,1,2,1,0,0,1,1,0,0,99,99,99,99,88,88,0,0,0,0,1,1,0,420550,0,2009,9,SR-487,99999999999999999999,0000000,41.34422778,-76.30347778,1,1
42,99,6,6,6,10,1,3,0,0,6,5,0,42,0,1,4,1,2,35,1,1,2,2,0,0,1,1,0,0,6,18,6,26,99,99,0,0,0,0,2,7,0,420551,0,2009,0,FOX HOLLOW RD,99999999999999999999,0000000,40.30035833,-77.15555278,1,1
42,45,6,17,7,28,2,2,0,1,13,2,0,12,5,2,1,1,3,35,1,1,2,1,3,3,1,1,0,0,7,28,7,33,7,48,0,0,0,0,1,4,0,420552,0,2009,49,US-0322,BETHEL AV,0000000,39.84996389,-75.448075,2,1
42,95,7,14,2,13,1,1,0,0,3,3,0,35,0,1,4,1,2,40,1,3,2,1,0,0,2,1,0,0,99,99,99,99,99,99,0,0,0,0,1,3,1,420553,0,2009,155,SR-611,99999999999999999999,0000000,40.78480278,-75.18201389,1,1
42,129,7,1,20,19,2,3,0,1,13,2,0,12,5,8,1,3,2,55,1,1,2,2,0,0,1,2,0,0,20,25,20,31,99,99,0,0,0,0,1,4,0,420554,0,2009,213,US-30,99999999999999999999,0000000,40.28563333,-79.43606667,2,2
42,117,7,6,18,49,2,4,0,0,4,3,0,14,8,1,6,1,2,55,2,1,2,1,0,0,1,1,0,0,18,51,19,2,99,99,0,0,0,0,2,2,1,420555,0,2009,106,SR-349,99999999999999999999,0000000,41.88100556,-77.52525556,1,1
42,55,7,24,13,29,2,2,0,1,2,2,0,12,4,1,1,5,2,55,1,1,2,2,0,0,1,2,0,0,13,28,13,31,88,88,0,0,0,0,1,6,0,420556,0,2009,98,US-30,99999999999999999999,0000000,39.91375556,-77.81132222,2,2
42,75,7,3,12,59,2,3,0,0,4,3,0,12,2,1,1,1,2,50,1,1,2,1,0,0,1,1,0,0,13,9,13,15,88,88,0,0,0,0,1,6,0,420557,0,2009,157,SR-72,99999999999999999999,0000000,40.47681389,-76.52398889,2,1
42,129,7,2,14,28,2,3,0,0,13,3,0,12,5,8,1,2,2,40,1,1,2,2,20,3,1,1,0,0,14,28,14,37,15,38,0,0,0,0,1,5,0,420558,4603,2009,19,SR-366,WESTMORELAND RD,0000000,40.552475,-79.75556111,2,1
42,129,7,2,15,12,2,3,0,0,14,3,0,12,2,1,1,1,2,40,1,1,2,1,0,0,1,1,0,0,15,12,15,16,15,42,0,0,0,0,2,5,0,420559,0,2009,45,SR-130,99999999999999999999,0000000,40.37918056,-79.69241111,2,1
42,51,7,27,2,10,1,1,0,0,15,3,0,39,0,1,5,1,2,45,2,2,2,1,0,0,3,1,0,0,2,8,2,14,88,88,0,0,0,0,1,2,1,420560,0,2009,106,SR-857,99999999999999999999,0000000,39.861075,-79.74282778,1,1
42,51,7,22,22,0,2,5,0,0,3,3,0,12,4,1,2,1,2,40,2,1,2,1,40,3,2,1,0,0,22,10,22,18,23,9,0,0,0,0,2,4,0,420561,0,2009,10,SR-4028,99999999999999999999,0000000,40.00558889,-79.84983889,2,1
42,21,7,15,8,12,2,2,0,0,4,3,0,12,5,8,1,1,2,35,1,1,2,1,0,0,1,1,0,0,99,99,99,99,88,88,0,0,0,0,1,4,0,420562,0,2009,212,SR-160,99999999999999999999,0000000,40.46091111,-78.75082778,2,1
42,17,7,4,17,24,2,4,0,0,15,3,0,12,5,2,1,1,4,50,1,2,2,1,20,3,1,1,0,0,17,25,17,31,99,99,0,0,0,0,1,7,0,420563,0,2009,131,SR-152,OLD STATE RD,0000000,40.3444,-75.310075,2,1
42,11,7,11,15,27,2,2,0,0,4,3,0,12,4,2,1,1,2,35,2,1,2,1,0,0,1,1,0,0,99,99,99,99,99,99,0,0,0,0,1,7,0,420564,0,2009,18,SR-625,REMP RD,0000000,40.248375,-75.99500556,2,1
42,17,7,16,23,24,2,3,0,1,13,3,0,12,5,2,1,1,4,45,1,1,2,1,3,3,3,1,0,0,23,26,23,33,99,99,0,0,0,0,1,5,0,420565,0,2009,134,SR-132,SR-2019,0000000,40.10490278,-74.95071389,2,1
42,91,7,23,12,28,2,3,0,1,13,3,0,12,5,2,1,1,4,45,1,1,2,2,3,3,1,2,0,0,12,29,12,38,13,20,0,0,0,0,1,5,0,420566,0,2009,14,SR-309,UNIONVILLE RD,0000000,40.29844722,-75.28413611,2,2
42,3,7,6,14,48,1,1,0,0,16,6,0,24,0,3,2,1,2,25,1,4,2,1,20,3,1,1,0,0,14,50,14,53,15,30,0,0,0,0,1,2,0,420567,652,2009,0,MAPLE ST,ELM ST,0000000,40.32487778,-80.04033056,1,1
42,17,7,19,11,50,1,1,0,0,13,3,0,21,0,1,5,1,4,40,1,1,2,1,0,0,1,1,0,0,11,53,11,59,88,88,0,0,0,0,1,1,0,420568,0,2009,62,SR-213,99999999999999999999,0000000,40.17674444,-74.89317222,1,1
42,125,7,6,23,0,1,1,0,0,16,6,0,30,0,1,5,1,2,25,1,2,2,1,0,0,3,1,0,0,23,4,23,15,99,99,0,0,0,0,1,2,0,420569,2010,2009,0,13TH ST,99999999999999999999,0000000,40.18715556,-79.85745,1,1
42,129,7,7,21,51,1,1,0,0,3,3,0,24,0,1,2,3,2,55,2,2,2,1,0,0,2,1,0,1,22,4,22,8,88,88,0,0,0,0,1,3,1,420570,0,2009,56,SR-400,99999999999999999999,0000000,40.53308056,-79.61894167,1,1
42,45,7,16,2,29,1,1,0,0,14,3,0,42,0,1,5,1,2,35,2,1,2,1,0,0,3,1,0,0,2,29,2,34,88,88,0,0,0,0,1,5,1,420571,0,2009,31,SR-2015,99999999999999999999,0000000,39.91788333,-75.29662222,1,1
42,29,7,14,17,1,1,2,0,0,13,3,0,42,0,1,5,1,2,40,2,1,2,1,0,0,1,1,0,0,16,58,17,4,18,0,0,0,0,0,1,3,0,420572,0,2009,5,SR-3013,99999999999999999999,0000000,39.79365278,-75.726725,1,1
42,3,7,5,3,0,1,1,0,0,16,6,0,30,0,1,2,1,2,25,1,1,1,1,0,0,3,1,0,0,3,3,3,5,3,28,0,0,0,0,1,1,1,420573,590,2009,0,CHURCH AV,99999999999999999999,0000000,40.50759444,-80.08108611,1,1
42,17,7,10,21,22,1,2,0,1,11,1,0,43,0,1,5,2,2,55,1,1,2,1,0,0,2,1,0,0,21,22,21,33,99,99,0,0,0,0,1,6,1,420574,0,2009,466,I-95,99999999999999999999,0000000,40.20821389,-74.87526944,1,1
42,129,7,18,19,10,1,3,1,0,14,3,0,8,0,3,1,4,2,25,1,1,2,2,20,3,1,2,0,0,19,12,19,15,19,44,0,0,0,0,1,7,0,420575,5390,2009,36,SR-906,3RD ST,0000000,40.16115833,-79.88217778,1,2
42,25,7,11,0,7,1,1,0,0,4,3,0,34,0,1,5,1,2,55,1,1,2,1,0,0,2,1,0,0,99,99,99,99,88,88,0,0,0,0,1,7,1,420576,0,2009,126,SR-903,99999999999999999999,0000000,41.00463611,-75.60297778,1,1
42,25,7,16,23,56,1,2,0,0,4,3,0,34,0,1,4,1,2,55,1,1,2,1,0,0,2,1,0,0,99,99,99,99,99,99,0,0,0,0,1,5,1,420577,0,2009,37,SR-903,99999999999999999999,0000000,40.89730278,-75.68788611,1,1
42,77,7,1,7,35,2,5,0,1,13,3,0,12,2,1,1,1,2,45,1,1,2,1,0,0,1,1,0,0,99,99,99,99,99,99,0,0,0,0,1,4,1,420578,0,2009,44,SR-100,99999999999999999999,0000000,40.52857778,-75.59528333,2,1
42,39,7,30,11,41,2,7,0,0,3,3,0,12,2,1,1,1,2,55,2,3,2,1,0,0,1,1,0,0,99,99,99,99,99,99,0,0,0,0,1,5,0,420579,0,2009,128,SR-2007,99999999999999999999,0000000,41.59258889,-79.93226667,2,1
42,95,7,3,22,45,1,1,0,0,5,3,0,30,0,1,4,1,2,40,2,1,2,1,0,0,2,1,0,0,99,99,99,99,88,88,0,0,0,0,1,6,0,420580,0,2009,69,SR-2006,99999999999999999999,0000000,40.61288611,-75.23477778,1,1
42,123,7,28,12,45,2,3,0,0,15,3,0,12,4,1,1,1,2,35,1,1,2,1,0,0,1,1,0,0,99,99,99,99,99,99,0,0,0,0,1,3,0,420581,0,2009,5,SR-1012,99999999999999999999,0000000,41.93807778,-79.13286111,2,1
42,79,7,24,23,2,1,2,0,0,13,3,0,19,0,1,4,5,4,35,1,1,2,1,0,0,3,1,0,0,99,99,99,99,99,99,0,0,0,0,1,6,0,420582,0,2009,46,SR-309,99999999999999999999,0000000,40.97594167,-75.97885833,1,1
42,59,7,15,22,10,2,2,0,1,1,1,0,12,4,1,1,2,2,65,2,1,1,1,0,0,2,1,0,0,23,33,23,35,88,88,0,0,0,0,1,4,0,420583,0,2009,167,I-79,99999999999999999999,0000000,39.93257222,-80.16598889,2,1
42,133,7,31,4,15,2,1,0,0,14,3,0,14,2,1,7,1,2,25,1,1,2,1,0,0,3,1,0,0,4,15,4,20,88,88,0,0,0,0,1,6,0,420584,6920,2009,136,SR-24,99999999999999999999,0000000,39.89015556,-76.59682222,1,1
42,103,7,7,19,30,1,2,0,0,3,2,0,42,0,1,4,1,2,35,1,2,2,2,0,0,1,1,0,0,99,99,99,99,99,99,0,0,0,0,1,3,1,420585,0,2009,164,US-6,99999999999999999999,0000000,41.37087222,-74.9272,1,1
42,97,7,8,23,45,1,5,1,0,3,3,0,8,0,1,1,1,2,55,1,1,2,1,0,0,2,1,0,0,99,99,99,99,88,88,0,19,0,0,1,4,0,420586,0,2009,267,SR-0054,99999999999999999999,0000000,40.76680833,-76.42535278,1,1
42,107,7,4,2,20,1,2,0,0,6,5,0,35,0,1,4,1,2,0,2,2,2,1,0,0,2,1,0,0,99,99,99,99,99,99,0,0,0,0,1,7,0,420587,0,2009,0,BEAR CREEK RD,99999999999999999999,0000000,40.55688611,-76.18447778,1,1
42,125,7,17,13,33,2,3,0,0,3,3,0,12,2,1,1,1,2,45,1,4,2,1,0,0,1,1,0,0,13,36,13,41,14,19,0,0,0,0,1,6,0,420588,0,2009,93,SR-519,99999999999999999999,0000000,40.23701667,-80.17242778,2,1
42,17,7,30,0,36,2,3,0,0,13,3,0,12,2,1,1,1,2,45,1,1,2,2,0,0,2,2,0,0,0,38,0,42,99,99,0,0,0,0,1,5,0,420589,0,2009,16,SR-2038,99999999999999999999,0000000,40.27106389,-75.23745,2,2
42,37,7,17,23,10,1,1,0,0,3,3,0,27,0,1,4,1,2,55,2,1,2,2,0,0,2,1,0,0,23,13,23,25,88,88,0,0,0,0,1,6,1,420590,0,2009,213,SR-487,99999999999999999999,0000000,41.10208333,-76.366925,1,1
42,29,9,6,1,56,3,6,0,1,12,2,0,12,2,15,1,3,2,55,1,2,2,1,0,0,2,1,0,0,1,55,2,2,3,31,0,0,0,0,2,1,1,420591,0,2009,97,US-0202,99999999999999999999,0000000,40.03107222,-75.58653889,3,1
42,65,7,14,22,0,1,3,0,0,6,5,0,17,0,1,4,1,2,55,2,1,5,1,0,0,2,1,0,0,99,99,99,99,99,99,0,0,0,0,1,3,1,420592,0,2009,0,POINT VIEW RD,99999999999999999999,0000000,41.09196111,-78.91734167,1,1
42,51,8,23,19,27,3,5,0,1,2,2,0,12,4,8,1,1,2,45,1,1,2,1,0,0,1,1,0,0,99,99,99,99,88,88,0,0,0,0,1,1,1,420593,0,2009,43,US-0119,99999999999999999999,0000000,39.75484444,-79.86566667,3,1
42,131,7,28,17,5,1,3,0,0,6,5,0,42,0,1,4,1,2,55,2,1,2,1,0,0,1,1,0,0,16,44,17,1,88,88,0,0,0,0,1,3,1,420594,0,2009,0,CARPENTER RD,99999999999999999999,0000000,41.5567,-75.80746667,1,1
42,11,7,26,15,15,2,3,0,1,13,3,0,12,1,1,1,3,2,55,2,4,2,1,0,0,1,1,0,0,99,99,99,99,99,99,0,0,0,0,1,1,0,420595,0,2009,144,SR-61,99999999999999999999,0000000,40.53533611,-75.97539167,2,1
42,71,7,22,13,50,2,3,0,0,3,3,0,12,2,1,1,1,2,45,2,1,2,1,0,0,1,1,0,0,13,54,13,59,14,32,0,0,0,0,1,4,0,420596,0,2009,291,SR-272,99999999999999999999,0000000,40.134075,-76.212675,2,1
42,19,7,18,10,26,2,4,0,1,13,3,0,12,4,2,1,2,2,35,2,1,2,1,3,3,1,1,0,0,10,28,10,30,99,99,0,0,0,0,1,7,0,420597,1020,2009,135,SR-0008,PITTSBURGH RD,0000000,40.854225,-79.89875556,2,1
42,107,7,31,16,15,1,3,0,0,4,3,0,24,0,1,2,1,2,55,1,1,2,2,0,0,1,2,0,0,99,99,99,99,99,99,0,0,0,0,1,6,0,420598,0,2009,284,SR-895,99999999999999999999,0000000,40.69303333,-75.93334167,1,2
42,1,7,12,1,0,1,1,0,0,3,3,0,30,0,1,2,1,2,45,2,1,2,1,0,0,2,1,0,0,1,16,1,24,88,88,0,0,0,0,1,1,1,420599,0,2009,99,SR-34,99999999999999999999,0000000,39.97672778,-77.24197222,1,1
42,79,7,24,12,57,2,3,0,0,15,3,0,24,0,1,2,1,2,30,1,1,2,1,0,0,1,1,0,0,12,57,13,10,13,36,0,0,0,0,1,6,0,420600,0,2009,17,SR-2010,99999999999999999999,0000000,41.1909,-75.96396944,2,1
42,79,7,24,21,25,2,2,0,0,15,3,0,34,0,1,6,1,2,40,2,1,2,2,0,0,2,2,0,0,21,34,21,43,22,16,0,14,2,0,1,6,1,420601,0,2009,3,SR-1014,99999999999999999999,0000000,41.31250833,-75.96769444,2,2
42,1,7,4,2,17,1,2,0,0,5,3,0,30,0,3,4,1,2,45,1,1,2,1,20,3,2,1,0,0,2,15,2,26,88,88,0,0,0,0,2,7,1,420602,0,2009,29,SR-3015,WINDING RD,0000000,39.90585278,-77.29877222,1,1
42,17,7,12,2,8,1,3,2,0,14,3,0,8,0,15,1,1,2,25,1,1,2,2,0,0,3,8,0,0,99,99,99,99,99,99,0,0,0,0,1,1,1,420603,5490,2009,19,SR-2073,99999999999999999999,0000000,40.20716111,-74.77509167,1,8
42,75,7,26,15,19,2,5,0,0,5,3,0,12,5,2,1,1,2,35,1,1,2,1,20,3,1,1,0,0,99,99,99,99,99,99,0,0,0,0,2,1,0,420604,0,2009,53,SR-0117,SR-3005,0000000,40.2382,-76.51089722,2,1
42,41,7,9,14,35,1,2,1,0,15,3,0,8,0,1,1,1,2,45,1,1,2,1,0,0,1,1,0,0,14,41,14,58,15,18,0,0,0,0,1,5,0,420605,0,2009,257,SR-944,99999999999999999999,0000000,40.28765,-77.00108333,1,1
42,91,7,14,11,16,1,1,0,0,14,3,0,30,0,1,5,1,2,45,1,1,2,1,0,0,1,1,0,0,99,99,99,99,99,99,0,0,0,0,1,3,0,420606,0,2009,8,SR-463,99999999999999999999,0000000,40.27217778,-75.31006111,1,1
42,133,7,20,16,1,2,2,0,0,3,3,0,12,2,1,1,1,2,40,1,2,2,1,0,0,1,1,0,0,99,99,99,99,88,88,0,0,0,0,1,2,0,420607,0,2009,129,SR-116,99999999999999999999,0000000,39.91092222,-76.84158333,2,1
42,19,7,25,16,50,1,1,0,0,6,5,0,37,0,1,4,1,2,35,2,2,2,1,0,0,1,1,0,0,21,9,21,18,88,88,0,0,0,0,1,7,1,420608,0,2009,0,KNIESS RD,99999999999999999999,0000000,40.85978889,-80.06669167,1,1
42,129,6,10,20,4,1,1,0,0,14,3,0,37,0,8,5,3,2,55,1,1,1,1,3,3,1,1,0,0,20,4,20,8,88,88,0,0,0,0,1,4,0,420609,0,2009,105,SR-56,99999999999999999999,0000000,40.609075,-79.61059167,1,1
42,17,7,16,2,10,1,1,0,0,6,5,0,33,0,1,4,1,2,25,2,1,2,1,0,0,2,1,0,0,2,11,2,19,88,88,0,0,0,0,1,5,1,420610,0,2009,0,WOODEN BRIDGE RD,99999999999999999999,0000000,40.18609444,-74.97146389,1,1
42,71,7,10,1,40,1,1,0,0,6,5,0,42,0,1,5,1,2,40,1,2,2,1,0,0,2,1,0,0,1,55,2,6,88,88,0,0,0,0,1,6,1,420611,0,2009,0,STEHMANS RD,99999999999999999999,0000000,39.97050833,-76.346525,1,1
42,43,7,2,19,24,1,2,0,0,4,3,0,1,0,1,4,1,2,55,2,1,2,1,0,0,1,1,0,0,19,23,19,36,99,99,0,0,0,0,1,5,0,420612,0,2009,156,SR-25,99999999999999999999,0000000,40.61153056,-76.68814444,1,1
42,71,7,19,0,35,1,1,0,0,4,3,0,38,0,1,5,1,2,40,1,3,2,1,0,0,2,1,0,0,0,41,0,51,88,88,0,0,0,0,1,1,1,420613,0,2009,36,SR-743,99999999999999999999,0000000,40.10658889,-76.59128889,1,1
42,3,7,30,10,42,1,1,0,0,6,4,0,38,0,1,5,1,2,35,2,1,2,1,0,0,1,1,0,0,99,99,99,99,88,88,0,0,0,0,1,5,0,420614,0,2009,0,THOMS RUN RD,99999999999999999999,0000000,40.37749444,-80.14021389,1,1
42,129,7,20,8,53,2,2,0,0,3,3,0,12,8,1,1,1,2,55,1,1,2,1,0,0,1,2,0,0,8,54,9,1,99,99,0,0,0,0,1,2,0,420615,0,2009,57,SR-906,99999999999999999999,0000000,40.17193056,-79.84955278,2,2
42,71,7,6,19,25,2,2,0,0,14,3,0,12,2,1,1,1,2,45,1,1,2,1,0,0,1,1,0,0,19,26,19,30,88,88,0,0,0,0,1,2,0,420616,0,2009,364,SR-272,99999999999999999999,0000000,40.21015556,-76.13282778,2,1
42,1,7,16,1,18,1,1,0,1,13,2,0,33,0,1,4,1,3,25,1,1,2,1,0,0,3,1,0,0,1,18,1,23,1,50,0,0,0,0,1,5,1,420617,3160,2009,146,US-30,99999999999999999999,0000000,39.832275,-77.22424722,1,1
42,101,7,14,2,18,2,2,0,0,14,3,0,12,7,3,1,2,1,35,2,4,2,1,3,3,3,1,0,0,2,18,2,22,2,43,0,0,0,0,1,3,1,420618,6540,2009,46,SR-1013,TORREY RD,0000000,40.09638889,-74.97099167,2,1
42,101,7,10,16,0,1,1,0,0,16,6,0,33,0,3,4,1,2,25,1,1,2,1,20,3,1,1,0,0,15,58,16,3,88,88,0,0,0,0,1,6,1,420619,6540,2009,0,SEDGLEY AVE,30TH ST,0000000,39.98453889,-75.18301111,1,1
42,95,5,15,9,34,2,2,0,1,1,1,0,12,1,1,1,3,2,65,1,1,1,1,0,0,1,1,0,0,99,99,99,99,99,99,0,19,0,0,1,6,0,420620,0,2009,630,I-0078,99999999999999999999,0000000,40.57347778,-75.39179444,2,1
42,133,7,4,21,28,1,1,0,0,6,5,0,24,0,3,2,1,2,40,1,2,2,1,20,3,2,1,0,0,99,99,99,99,88,88,0,0,0,0,1,7,0,420621,0,2009,0,OLD TRAIL RD,RIVER RD,0000000,40.10913333,-76.76850556,1,1
42,69,7,15,17,10,2,2,0,0,13,3,0,12,5,10,1,1,3,35,1,1,2,1,3,2,1,1,0,0,17,11,17,15,17,39,0,0,0,0,1,4,0,420622,7460,2009,120,SR-307,US-11-8031 RAMP,0000000,41.44421111,-75.67220833,2,1
42,29,7,26,19,3,1,3,0,0,15,3,0,35,0,1,4,1,2,35,2,3,2,1,0,0,1,1,0,0,19,5,19,16,99,99,0,0,0,0,1,1,1,420623,0,2009,10,SR-2016,99999999999999999999,0000000,39.98742778,-75.46560278,1,1
42,43,3,16,9,6,4,4,0,0,14,3,0,24,0,11,2,3,2,35,1,1,2,1,3,3,1,1,0,0,9,8,9,12,9,46,0,14,0,0,1,2,0,420624,0,2009,32,SR-3015,I-81-8005 RAMP,0000000,40.30255556,-76.84919444,4,1
42,101,7,26,20,40,1,2,1,1,13,2,0,8,0,1,1,2,3,40,1,1,2,1,0,0,3,1,0,0,20,41,20,48,21,26,0,0,0,0,1,1,0,420625,6540,2009,30,US-1,99999999999999999999,0000000,40.02918333,-75.09014167,1,1
42,101,7,27,23,7,1,2,1,1,13,3,0,8,0,1,1,1,4,25,1,1,2,1,0,0,3,1,0,0,23,7,23,12,23,35,0,0,0,0,1,2,0,420626,6540,2009,45,SR-73,99999999999999999999,0000000,40.01926389,-75.04474444,1,1
42,101,7,15,21,42,1,2,1,0,13,3,0,8,0,3,1,1,2,25,1,2,2,1,1,3,3,1,0,0,21,42,21,47,22,8,0,0,0,0,1,4,0,420627,6540,2009,33,SR-4004,10TH ST,0000000,40.03755,-75.13798611,1,1
42,69,7,15,20,34,1,1,0,1,11,1,0,24,0,11,2,6,2,99,2,2,2,1,0,0,1,1,0,0,20,38,20,40,88,88,0,0,0,0,1,4,0,420628,7460,2009,3,I-81-SR8005 RAMP,SR-3022,0000000,41.39726944,-75.64667222,1,1
42,133,8,4,20,54,3,5,0,0,15,3,0,12,1,1,1,1,2,55,1,1,2,1,0,0,2,1,0,0,99,99,99,99,99,99,0,0,0,0,1,3,1,420629,0,2009,128,SR-0616,99999999999999999999,0000000,39.91701944,-76.79594167,3,1
42,87,7,9,13,26,1,2,0,1,12,2,0,24,0,1,3,3,2,55,2,2,2,1,0,0,1,1,0,0,13,28,13,32,99,99,0,0,0,0,1,5,0,420630,0,2009,100,US-322,99999999999999999999,0000000,40.64687222,-77.58284167,1,1
42,101,7,25,22,40,1,3,2,0,13,3,0,8,0,1,1,1,4,25,1,1,2,2,0,0,3,2,0,0,99,99,99,99,99,99,0,0,0,0,1,7,0,420631,6540,2009,26,SR-3007,99999999999999999999,0000000,39.96761944,-75.181525,1,2
42,89,8,19,8,45,2,2,0,0,6,3,0,12,2,1,1,1,2,40,1,2,2,1,0,0,1,1,0,0,99,99,99,99,99,99,0,0,0,0,1,4,0,420632,0,2009,37,SR-4004,99999999999999999999,0000000,41.07135278,-75.361325,2,1
42,101,7,4,1,53,1,1,0,1,11,1,0,25,0,15,2,3,3,55,1,2,1,1,0,0,3,1,0,0,99,99,99,99,99,99,0,0,0,0,1,7,1,420633,6540,2009,16,I-676,99999999999999999999,0000000,39.95679167,-75.154325,1,1
42,77,7,15,19,9,2,3,0,1,13,3,0,12,4,2,1,3,2,40,1,1,2,1,3,3,1,1,0,0,99,99,99,99,99,99,0,0,0,0,1,4,2,420634,0,2009,15,SR-309,SR-2028,0000000,40.52326944,-75.38816111,2,1
42,129,7,9,19,7,2,4,0,0,4,3,0,12,4,2,1,1,2,40,2,1,2,1,20,3,1,1,0,0,19,13,19,21,19,42,0,0,0,0,1,5,0,420635,0,2009,75,SR-982,SR-2027,0000000,40.23581111,-79.40951111,2,1
42,75,8,31,13,40,3,3,0,0,3,3,0,12,2,1,1,1,2,55,1,1,2,1,0,0,1,1,0,0,13,46,13,56,14,17,0,0,0,0,1,2,0,420636,0,2009,49,SR-0501,99999999999999999999,0000000,40.31933056,-76.30255278,3,1