STATE,COUNTY,MONTH,DAY,HOUR,MINUTE,VE_TOTAL,PERSONS,PEDS,NHS,ROAD_FNC,ROUTE,SP_JUR,HARM_EV,MAN_COLL,REL_JUNC,REL_ROAD,TRAF_FLO,NO_LANES,SP_LIMIT,ALIGNMNT,PROFILE,PAVE_TYP,SUR_COND,TRA_CONT,T_CONT_F,LGT_COND,WEATHER1,WEATHER2,WRK_ZONE,NOT_HOUR,NOT_MIN,ARR_HOUR,ARR_MIN,HOSP_HR,HOSP_MN,SCH_BUS,CF1,CF2,CF3,FATALS,DAY_WEEK,DRUNK_DR,ST_CASE,CITY,YEAR,MILEPT,TWAY_ID,TWAY_ID2,RAIL,LATITUDE,LONGITUD,VE_FORMS,WEATHER
42,49,7,13,17,40,2,2,0,0,6,3,0,12,5,2,1,1,2,40,1,1,2,1,20,3,1,1,0,0,17,34,17,46,99,99,0,0,0,0,1,2,0,420637,0,2009,64,SR-1013,LAW RD,0000000,42.18696111,-79.87283056,2,1
42,43,7,13,22,4,1,1,0,1,11,1,0,25,0,13,2,6,1,35,2,2,1,1,0,0,3,1,0,0,22,10,22,28,88,88,0,0,0,0,1,2,1,420638,3500,2009,11,I-83-SR8015 RAMP,99999999999999999999,0000000,40.25140556,-76.87100556,1,1
42,51,7,3,13,49,2,5,0,0,3,3,0,12,4,1,1,1,2,55,1,2,2,2,0,0,1,2,0,0,13,52,14,2,14,48,0,0,0,0,1,6,0,420639,0,2009,72,SR-711,99999999999999999999,0000000,40.00715833,-79.47749167,2,2
42,107,7,11,16,50,2,5,0,1,1,1,0,12,7,1,1,2,2,65,1,1,2,1,0,0,1,1,0,0,99,99,99,99,99,99,0,0,0,0,1,7,0,420640,0,2009,1358,I-81,99999999999999999999,0000000,40.85896667,-76.04247778,2,1
42,51,7,12,2,45,1,1,0,0,2,2,0,25,0,1,2,3,2,55,1,2,2,1,0,0,2,1,0,0,99,99,99,99,99,99,0,0,0,0,1,1,0,420641,0,2009,188,US-40,99999999999999999999,0000000,39.86150833,-79.66795833,1,1
42,71,7,16,18,13,1,1,0,0,6,5,0,1,0,1,1,1,2,55,2,1,2,2,0,0,1,1,0,0,18,12,18,20,19,2,0,0,0,0,1,5,0,420642,0,2009,0,BARTVILLE RD,99999999999999999999,0000000,39.87393611,-76.095125,1,1
42,9,8,7,5,50,2,2,0,1,1,1,0,27,0,1,4,3,2,65,1,1,2,1,0,0,4,1,0,0,5,56,6,11,88,88,0,0,0,0,1,6,1,420643,0,2009,1498,I-76,99999999999999999999,0000000,40.01162222,-78.45319722,1,1
42,115,8,16,15,50,2,3,0,0,3,3,0,12,4,1,1,1,2,45,1,2,2,1,0,0,1,1,0,0,99,99,99,99,99,99,0,0,0,0,1,1,1,420644,0,2009,294,SR-171,99999999999999999999,0000000,41.96729444,-75.66851667,2,1
42,97,7,14,8,10,2,3,0,0,4,3,0,12,4,2,1,1,2,45,1,2,2,1,20,3,1,1,0,0,99,99,99,99,99,99,0,0,0,0,1,3,0,420645,0,2009,58,SR-890,FOYE RD,0000000,40.82230278,-76.73524722,2,1
42,1,7,18,15,30,2,2,0,0,3,3,0,12,2,1,1,1,2,45,2,2,2,1,0,0,1,1,0,0,15,31,15,41,99,99,0,0,0,0,1,7,0,420646,0,2009,4,SR-97,99999999999999999999,0000000,39.72535833,-77.06806944,2,1
42,39,7,18,17,0,2,3,0,0,3,2,0,12,4,1,1,1,2,55,2,1,2,1,0,0,1,1,0,0,17,21,17,21,18,10,0,0,0,0,1,7,0,420647,0,2009,328,US-6,99999999999999999999,0000000,41.75377778,-80.11785278,2,1
42,97,8,4,17,0,2,5,0,0,4,3,0,12,4,8,1,1,2,55,1,1,2,1,0,0,1,1,0,0,17,3,17,11,17,38,0,0,0,0,1,3,0,420648,0,2009,82,SR-405,99999999999999999999,0000000,41.04081389,-76.85282222,2,1
42,31,8,14,15,55,2,3,0,0,13,3,0,12,5,10,1,3,2,40,1,1,1,1,3,3,1,1,0,0,15,58,16,0,16,10,0,0,0,0,1,6,0,420649,0,2009,225,SR-0068,I-0080-SR 8008 RAMP,0000000,41.18681944,-79.39410556,2,1
42,51,8,13,17,1,2,2,0,0,3,3,0,12,5,2,1,1,2,45,1,1,2,1,20,3,1,1,0,0,16,54,17,7,17,28,0,0,0,0,1,5,0,420650,0,2009,181,SR-31,SR-1058,0000000,40.13024722,-79.447575,2,1
42,49,8,28,12,14,2,3,0,1,2,2,0,12,4,8,1,1,2,45,1,1,2,2,0,0,1,2,0,0,11,36,11,53,12,36,0,0,0,0,1,6,0,420651,0,2009,83,US-6,99999999999999999999,0000000,41.87813889,-79.89406667,2,2
42,9,8,10,16,41,2,3,0,1,1,1,0,12,2,1,1,2,2,65,1,1,2,1,0,0,1,1,0,0,16,46,16,57,17,2,0,0,0,0,2,2,0,420652,0,2009,24,I-99,99999999999999999999,0000000,40.08840833,-78.52964722,2,1
42,3,8,16,9,43,1,1,0,0,14,3,0,24,0,1,2,1,2,35,1,2,2,1,0,0,1,1,0,0,9,44,9,56,88,88,0,0,0,0,1,1,0,420653,0,2009,135,SR-0910,99999999999999999999,0000000,40.591125,-79.88838611,1,1
42,17,8,25,15,6,2,3,0,1,13,3,0,12,4,2,1,1,4,45,1,1,2,1,3,3,1,1,0,0,99,99,99,99,99,99,0,0,0,0,2,3,0,420654,615,2009,141,SR-0132,SR-0513,0000000,40.09610833,-74.94501667,2,1
42,51,8,14,22,17,2,2,0,0,2,2,0,12,1,1,1,1,2,55,1,1,2,1,0,0,2,1,0,0,99,99,99,99,88,88,0,0,0,0,1,6,2,420655,0,2009,320,US-40,99999999999999999999,0000000,39.76649444,-79.46665278,2,1
42,33,8,22,11,58,2,3,0,0,4,3,0,12,2,1,1,1,2,45,2,1,2,1,0,0,1,1,0,0,99,99,99,99,99,99,0,0,0,0,2,7,0,420656,0,2009,91,SR-0253,99999999999999999999,0000000,40.82231667,-78.36205278,2,1
42,83,8,11,16,13,2,6,0,0,3,3,0,24,0,1,2,1,2,55,2,2,2,2,0,0,1,2,0,0,16,10,16,13,17,43,0,0,0,0,1,3,0,420657,0,2009,16,SR-59,99999999999999999999,0000000,41.86177222,-78.88693333,2,2
42,81,8,5,2,50,2,1,0,0,6,5,0,42,0,1,5,1,2,35,1,1,2,1,0,0,2,1,0,0,99,99,99,99,88,88,0,0,0,0,1,4,1,420658,0,2009,0,WILSON ST,99999999999999999999,0000000,41.19561667,-77.25934722,1,1
42,19,8,3,20,8,1,1,0,0,6,5,0,1,0,1,1,1,2,25,1,2,4,1,0,0,1,1,0,0,99,99,99,99,88,88,0,0,0,0,1,2,1,420659,0,2009,0,HIGGINS RD,99999999999999999999,0000000,41.09926944,-79.83671944,1,1
42,121,8,25,10,0,2,2,0,0,3,2,0,12,1,8,1,1,2,50,1,4,2,1,0,0,1,1,0,0,99,99,99,99,99,99,0,0,0,0,1,3,0,420660,0,2009,85,US-62,99999999999999999999,0000000,41.38430556,-79.86143056,2,1
42,31,8,30,15,48,2,2,0,1,2,2,0,12,4,1,1,1,2,55,2,2,2,2,0,0,1,1,0,0,15,54,16,0,99,99,0,0,0,0,1,1,0,420661,0,2009,28,US-322,99999999999999999999,0000000,41.28021944,-79.5574,2,1
42,107,8,3,20,45,2,2,0,1,2,3,0,12,5,8,1,3,2,55,1,1,2,1,0,0,5,1,0,0,99,99,99,99,99,99,0,0,0,0,1,2,0,420662,0,2009,147,SR-309,99999999999999999999,0000000,40.83596389,-75.992325,2,1
42,121,8,14,19,50,1,1,0,0,6,3,0,24,0,1,2,1,2,45,1,2,2,1,0,0,5,1,0,0,99,99,99,99,99,99,0,0,0,0,1,6,0,420663,0,2009,27,SR-3010,99999999999999999999,0000000,41.17634722,-79.82146389,1,1
42,133,8,27,20,16,2,3,0,0,4,3,0,12,5,1,1,1,2,45,2,2,2,1,0,0,2,1,0,0,99,99,99,99,99,99,0,0,0,0,1,5,0,420664,0,2009,117,SR-516,99999999999999999999,0000000,39.85603056,-76.86935278,2,1
42,15,8,14,15,30,2,3,0,1,2,2,0,42,0,1,4,1,2,40,1,1,2,1,0,0,1,1,0,0,15,30,15,35,16,9,0,0,0,0,1,6,0,420665,0,2009,286,US-0220,99999999999999999999,0000000,41.91133889,-76.52378611,2,1
42,95,8,1,21,54,1,3,1,0,13,3,0,8,0,3,1,1,2,40,1,2,2,1,0,0,3,1,0,0,99,99,99,99,88,88,0,0,0,0,1,7,0,420666,0,2009,30,SR-3015,CHRISTIAN SPRINGS RD,0000000,40.67091944,-75.347025,1,1
42,41,8,2,17,43,2,3,0,0,6,3,0,12,5,2,1,1,2,35,1,2,2,1,3,3,1,1,0,0,17,35,17,44,99,99,0,0,0,0,1,1,1,420667,0,2009,288,SR-0944,CENTER ST,0000000,40.28818333,-76.94348056,2,1
42,33,8,13,0,5,2,1,0,0,14,3,0,24,0,1,2,1,2,45,2,1,2,1,0,0,2,1,0,0,99,99,99,99,99,99,0,0,0,0,1,5,0,420668,0,2009,278,SR-0053,99999999999999999999,0000000,40.91711944,-78.2133,1,1
42,9,8,17,19,45,2,4,0,0,5,3,0,12,5,2,1,1,2,45,1,2,2,1,20,3,1,1,0,0,19,52,20,1,20,23,0,0,0,0,3,2,0,420669,0,2009,33,SR-4003,SR-4022,0000000,40.09385833,-78.60581111,2,1
42,133,4,3,10,54,2,3,0,0,6,5,0,12,5,2,1,1,2,25,1,1,2,2,20,3,1,2,0,0,10,54,11,1,99,99,0,0,0,0,1,6,0,420670,0,2009,0,POPLARS RD,HILLTOP DR,0000000,39.986475,-76.81164167,2,2
42,17,7,8,16,30,7,11,0,0,13,3,0,12,3,3,1,1,4,45,1,1,2,1,3,3,1,1,0,0,16,35,16,39,99,99,0,0,0,0,1,4,0,420671,8845,2009,104,SR-2038,SR-2026,0000000,40.19229444,-75.10691111,7,1
42,133,8,21,9,55,2,2,0,0,13,3,0,12,5,8,1,1,4,25,1,2,1,1,0,0,1,1,0,0,9,59,10,10,10,24,0,0,0,0,1,6,0,420672,0,2009,5,SR-3054,99999999999999999999,0000000,39.94868611,-76.74519167,2,1
42,101,4,14,23,50,1,4,0,1,13,2,0,31,0,1,5,2,3,40,1,1,2,2,0,0,3,2,0,0,99,99,99,99,99,99,0,0,0,0,1,3,0,420673,6540,2009,13,US-1,99999999999999999999,0000000,40.02573889,-75.12066111,1,2
42,127,7,5,4,5,1,3,0,0,6,5,0,34,0,1,4,4,1,0,1,2,5,1,0,0,2,1,0,0,4,25,4,58,88,88,0,0,0,0,1,1,1,420674,0,2009,0,MINKLER MOUNTAIN RD,99999999999999999999,0000000,41.81435556,-75.12722778,1,1
42,77,7,31,15,34,2,2,0,1,11,1,0,12,7,15,1,3,2,55,2,1,2,2,21,3,1,2,5,0,99,99,99,99,99,99,0,0,0,0,1,6,0,420675,0,2009,499,I-78,99999999999999999999,0000000,40.58050278,-75.62073056,2,2
42,25,8,3,8,33,1,2,0,1,1,1,0,42,0,1,4,2,2,65,1,1,2,1,0,0,1,1,0,0,99,99,99,99,99,99,0,0,0,0,1,2,0,420676,0,2009,2744,I-80,99999999999999999999,0000000,41.05998333,-75.74212222,1,1
42,133,8,23,15,36,2,3,0,0,5,3,0,12,4,2,1,1,2,45,1,1,2,1,0,0,1,1,0,0,15,40,15,48,88,88,0,0,0,0,2,1,1,420677,0,2009,179,SR-425,KOHLER RD,0000000,39.91138056,-76.43688611,2,1
42,27,8,12,17,40,2,2,0,0,3,3,0,1,0,1,1,1,2,55,1,1,2,6,0,0,1,2,0,0,17,41,17,59,18,26,0,5,14,0,1,4,0,420678,0,2009,103,SR-64,99999999999999999999,0000000,40.98386667,-77.58108333,2,2
42,29,8,8,2,0,1,1,0,0,14,3,0,43,0,1,5,1,2,55,2,1,2,1,0,0,2,1,0,0,6,3,6,9,88,88,0,0,0,0,1,7,1,420679,0,2009,135,SR-3026,99999999999999999999,0000000,39.83357222,-75.80371111,1,1
42,11,8,8,10,30,2,3,0,1,13,2,0,12,5,8,1,2,2,40,1,1,2,1,0,0,1,1,0,0,99,99,99,99,99,99,0,0,0,0,1,7,0,420680,0,2009,306,US-422,99999999999999999999,0000000,40.258375,-75.72960833,2,1
42,85,8,2,17,35,1,1,0,0,4,3,0,34,0,1,4,1,2,35,1,2,2,1,0,0,1,1,0,0,17,34,17,40,18,19,0,0,0,0,1,1,1,420681,0,2009,39,SR-58,99999999999999999999,0000000,41.48095833,-80.45041389,1,1
42,129,8,11,23,0,2,5,0,0,3,3,0,12,2,1,1,1,2,45,2,1,2,1,0,0,2,1,0,0,23,7,23,11,0,4,0,0,0,0,1,3,1,420682,0,2009,123,SR-711,99999999999999999999,0000000,40.23382222,-79.23924167,2,1
42,33,8,6,18,45,1,1,0,0,3,3,0,34,0,1,5,1,2,55,1,1,2,1,0,0,1,1,0,0,19,7,19,17,88,88,0,0,0,0,1,5,1,420683,0,2009,106,SR-255,99999999999999999999,0000000,41.19273333,-78.5976,1,1
42,107,8,1,21,45,1,2,1,1,13,3,0,8,0,1,1,5,2,55,1,1,2,1,0,0,3,1,0,0,99,99,99,99,99,99,0,0,0,0,1,7,0,420684,1945,2009,46,SR-61,99999999999999999999,0000000,40.62105833,-76.05886389,1,1
42,43,6,5,21,57,2,3,0,0,13,3,0,12,2,1,1,2,2,35,1,2,2,1,0,0,3,1,0,0,21,55,22,0,22,46,0,0,0,0,1,6,0,420685,0,2009,9,SR-3020,99999999999999999999,0000000,40.27790833,-76.83985,2,1
42,131,8,24,20,30,1,2,0,0,4,3,0,24,0,1,2,1,2,45,2,1,2,1,0,0,2,1,0,0,20,33,20,42,88,88,0,0,0,0,2,2,1,420686,0,2009,20,SR-107,99999999999999999999,0000000,41.59246389,-75.76998333,1,1
42,71,8,1,14,0,2,3,0,0,15,3,0,12,5,2,1,1,2,35,1,1,2,1,20,3,1,1,0,0,99,99,99,99,99,99,0,0,0,0,1,7,0,420687,5550,2009,39,SR-4002,SR-4015,0000000,40.10797222,-76.52430833,2,1
42,39,8,10,22,2,1,1,0,0,6,5,0,42,0,3,4,1,2,55,1,4,2,2,0,0,2,1,0,0,99,99,99,99,99,99,0,0,0,0,1,2,1,420688,0,2009,0,PINEWOODS RD,LEE RD,0000000,41.84184722,-79.97091111,1,1
42,125,8,17,14,16,2,2,0,0,5,3,0,12,4,8,1,1,2,40,1,2,2,1,0,0,1,1,0,0,14,15,14,26,88,88,0,0,0,0,1,2,0,420689,0,2009,42,SR-4009,99999999999999999999,0000000,40.422775,-80.31392778,2,1
42,11,8,10,17,40,1,2,1,0,4,3,0,9,0,1,1,1,2,55,1,1,2,1,0,0,1,1,0,0,99,99,99,99,88,88,0,0,0,0,1,2,0,420690,0,2009,119,SR-1010,99999999999999999999,0000000,40.4963,-75.71189444,1,1
42,11,8,15,17,20,2,2,0,0,4,3,0,12,2,1,1,1,2,55,2,1,2,1,0,0,1,1,0,0,99,99,99,99,88,88,0,0,0,0,1,7,0,420691,0,2009,54,SR-419,99999999999999999999,0000000,40.42028056,-76.21341944,2,1
42,3,8,14,3,53,2,2,0,1,13,3,0,12,2,1,1,1,3,35,1,1,2,1,0,0,3,1,0,0,3,58,4,5,4,25,0,0,0,0,1,6,0,420692,6600,2009,209,SR-0051,99999999999999999999,0000000,40.45239722,-80.0388,2,1
42,21,8,23,20,12,1,1,0,0,4,3,0,43,0,1,4,1,2,35,1,3,2,1,0,0,3,1,0,0,99,99,99,99,88,88,0,0,0,0,1,1,1,420693,0,2009,79,SR-2006,99999999999999999999,0000000,40.368025,-78.66705556,1,1
42,129,9,6,16,56,3,7,0,0,13,3,0,24,0,1,2,1,3,55,2,2,2,1,0,0,1,1,0,0,16,47,16,55,17,57,0,14,2,0,1,1,1,420694,5880,2009,6,SR-0366,99999999999999999999,0000000,40.57766667,-79.75037778,3,1
42,69,8,16,18,20,2,3,0,0,4,3,0,12,8,1,1,1,2,40,2,2,2,1,0,0,1,1,0,0,18,21,18,25,18,50,0,0,0,0,1,1,0,420695,0,2009,5,SR-247,99999999999999999999,0000000,41.41329722,-75.50589167,2,1
42,79,8,30,17,45,2,2,0,0,16,6,0,12,4,2,1,4,2,25,1,1,2,1,3,3,1,1,0,0,17,48,17,52,18,9,0,0,0,0,1,1,0,420696,9340,2009,0,FRANKLIN ST,NORTHAMPTON ST,0000000,41.24531389,-75.88595,2,1
42,107,8,21,3,28,2,3,0,1,2,3,0,12,4,1,1,1,2,55,2,2,2,1,0,0,2,1,0,0,99,99,99,99,99,99,0,0,0,0,2,6,1,420697,0,2009,5,SR-309,99999999999999999999,0000000,40.70844444,-75.81751667,2,1
42,51,8,14,5,47,1,1,0,0,4,3,0,32,0,1,4,1,2,45,2,2,2,1,40,3,2,5,0,0,5,46,5,52,88,88,0,0,0,0,1,6,1,420698,0,2009,57,SR-4006,99999999999999999999,0000000,39.91808056,-79.80835833,1,5
42,45,8,26,5,44,1,2,1,1,11,1,0,8,0,1,1,3,3,55,1,1,2,1,0,0,3,1,0,0,5,42,5,48,88,88,0,0,0,0,1,4,0,420699,0,2009,6,I-95,99999999999999999999,0000000,39.82381111,-75.43945,1,1
42,71,8,24,15,9,2,3,0,0,13,3,0,12,1,1,1,4,2,25,1,1,2,1,0,0,1,1,0,0,99,99,99,99,99,99,0,0,0,0,1,2,0,420700,4180,2009,9,SR-72,99999999999999999999,0000000,40.04660833,-76.30732222,2,1
42,13,8,11,14,47,1,1,0,1,2,2,0,1,0,1,3,2,2,65,2,2,1,1,0,0,1,1,0,0,99,99,99,99,99,99,0,0,0,0,1,3,0,420701,0,2009,55,US-22,99999999999999999999,0000000,40.45275,-78.45708611,1,1
42,3,8,25,15,0,2,4,0,0,15,3,0,12,4,1,1,1,2,40,1,1,2,1,0,0,1,1,0,0,15,21,15,28,88,88,0,0,0,0,1,3,0,420702,0,2009,40,SR-4068,99999999999999999999,0000000,40.66805833,-80.02092778,2,1
42,107,8,29,18,12,1,3,0,1,1,1,0,42,0,1,3,2,2,65,1,1,2,2,0,0,1,5,2,0,99,99,99,99,99,99,0,0,0,0,2,7,0,420703,0,2009,1044,I-81,99999999999999999999,0000000,40.59065833,-76.41265,1,2
42,17,8,19,16,3,1,1,0,1,11,1,0,24,0,1,3,2,3,55,2,1,2,1,0,0,1,1,0,0,99,99,99,99,88,88,0,0,0,0,1,4,0,420704,0,2009,351,I-95,99999999999999999999,0000000,40.07290833,-74.95231111,1,1
42,7,8,21,19,57,2,2,0,0,14,3,0,12,4,1,1,1,2,40,2,1,2,1,0,0,1,1,0,0,20,0,20,6,99,99,0,0,0,0,1,6,0,420705,2388,2009,79,SR-989,99999999999999999999,0000000,40.66406667,-80.19503611,2,1
42,21,8,21,20,45,2,2,0,1,2,2,0,12,5,2,1,2,2,55,1,1,2,1,4,3,1,1,0,0,20,48,20,53,99,99,0,0,0,0,1,6,1,420706,0,2009,47,US-22,FORD'S CORNER RD,0000000,40.45065278,-78.86279167,2,1
42,67,8,25,13,41,1,4,2,0,5,3,0,49,0,1,1,1,2,55,1,2,2,1,0,0,1,1,0,0,13,44,99,99,88,88,0,0,0,0,1,3,0,420707,0,2009,78,SR-2006,99999999999999999999,0000000,40.59292778,-77.25625,1,1
42,111,8,2,16,9,1,1,0,0,6,5,0,1,0,1,4,4,1,35,1,1,4,1,0,0,1,1,0,0,16,6,16,7,88,88,0,0,0,0,1,1,1,420708,0,2009,0,TURKEYFOOT TRAIL RD,99999999999999999999,0000000,39.90825556,-79.22677222,1,1
42,47,8,3,17,11,1,1,0,0,14,3,0,37,0,1,5,1,4,35,1,2,1,1,0,0,1,1,0,0,99,99,99,99,99,99,0,0,0,0,1,2,0,420709,7300,2009,135,SR-255,99999999999999999999,0000000,41.40448889,-78.56049722,1,1
42,9,8,28,23,15,1,1,0,0,4,3,0,17,0,1,4,1,2,40,1,1,2,2,0,0,2,2,0,0,22,55,23,2,88,88,0,0,0,0,1,6,0,420710,0,2009,69,SR-96,99999999999999999999,0000000,39.8133,-78.73046667,1,2
42,89,8,24,11,20,1,1,0,0,6,5,0,37,0,1,4,1,2,35,1,1,2,1,0,0,1,1,0,0,99,99,99,99,88,88,0,0,0,0,1,2,0,420711,0,2009,0,HIDDEN LAKE DR,99999999999999999999,0000000,41.05731944,-75.03971111,1,1
42,11,8,25,15,5,2,4,0,0,15,3,0,12,2,1,1,1,2,45,1,2,2,1,0,0,1,1,0,0,99,99,99,99,88,88,0,0,0,0,3,3,0,420712,0,2009,21,SR-625,99999999999999999999,0000000,40.24899167,-75.98852222,2,1
42,79,8,28,13,13,2,3,0,0,13,3,0,12,4,2,1,5,2,35,1,1,2,1,3,3,1,1,0,0,13,22,13,28,13,55,0,0,0,0,1,6,0,420713,0,2009,347,SR-309,SR-1044,0000000,41.34492222,-75.96005833,2,1
42,71,8,30,15,8,2,3,0,0,5,3,0,12,4,1,1,1,2,35,2,3,2,1,0,0,1,1,0,0,15,9,15,20,88,88,0,0,0,0,1,1,0,420714,0,2009,85,SR-3017,99999999999999999999,0000000,39.95818333,-76.398625,2,1
42,101,8,21,0,44,1,2,0,1,13,3,0,19,0,3,5,1,4,30,1,1,2,1,0,0,3,1,0,0,99,99,99,99,99,99,0,0,0,0,2,6,1,420715,6540,2009,39,SR-611,HUNTINGDON ST,0000000,39.99235278,-75.15493333,1,1
42,101,5,7,2,0,1,2,1,1,13,2,0,8,0,1,1,2,3,40,1,1,2,2,0,0,3,2,0,0,2,1,2,5,2,17,0,0,0,0,1,5,0,420716,6540,2009,3,US-1,99999999999999999999,0000000,40.021075,-75.13965833,1,2
42,43,8,22,2,54,1,2,1,0,15,3,0,9,0,1,1,1,2,40,1,1,2,1,0,0,2,1,0,0,99,99,99,99,88,88,0,0,0,0,1,7,0,420717,0,2009,10,SR-3007,99999999999999999999,0000000,40.24777778,-76.85142222,1,1
42,17,8,15,13,55,1,1,0,0,6,5,0,34,0,1,5,1,2,25,2,1,2,1,40,3,1,1,0,0,14,1,14,9,88,88,0,0,0,0,1,7,1,420718,0,2009,0,OLD MILL RD,99999999999999999999,0000000,40.37805278,-75.31626667,1,1
42,85,8,27,13,27,2,2,0,0,4,3,0,12,4,1,1,1,2,45,1,1,2,1,0,0,1,1,0,0,13,33,13,39,99,99,0,0,0,0,1,5,0,420719,0,2009,109,SR-0208,99999999999999999999,0000000,41.17288889,-80.04905,2,1
42,77,8,26,3,28,1,2,0,0,16,6,0,19,0,1,5,4,2,25,1,2,2,1,0,0,3,1,0,0,99,99,99,99,99,99,0,0,0,0,1,4,1,420720,110,2009,0,LINDEN ST,99999999999999999999,0000000,40.60306667,-75.47444444,1,1
42,29,8,15,0,40,2,4,0,0,15,3,0,12,4,1,1,1,2,40,2,2,2,1,0,0,3,1,0,0,0,41,0,55,88,88,0,0,0,0,1,7,1,420721,0,2009,18,SR-3064,99999999999999999999,0000000,39.98583333,-75.75034722,2,1
42,101,8,8,7,20,1,1,0,0,16,6,0,1,0,3,1,1,2,99,1,1,2,1,20,3,1,1,0,0,99,99,99,99,99,99,0,0,0,0,1,7,0,420722,6540,2009,0,POINT BREEZE AV,28TH ST,0000000,39.92606667,-75.19280556,1,1
42,125,8,4,21,48,1,2,1,0,3,3,0,8,0,1,1,1,2,35,1,1,2,1,0,0,3,1,0,0,21,49,21,55,88,88,0,0,0,0,1,3,0,420723,0,2009,329,SR-18,99999999999999999999,0000000,40.36010278,-80.39011944,1,1
42,85,8,31,16,34,2,2,0,0,3,2,0,12,4,1,1,1,2,35,2,2,2,1,0,0,1,1,0,0,16,38,16,40,17,24,0,0,0,0,1,2,1,420724,7370,2009,290,US-62,99999999999999999999,0000000,41.35104444,-80.07763056,2,1
42,107,8,23,1,25,1,1,0,0,3,2,0,24,0,1,2,1,2,55,1,1,2,6,0,0,2,1,0,0,99,99,99,99,88,88,0,5,0,0,1,1,1,420725,0,2009,375,US-0209,99999999999999999999,0000000,40.78820278,-75.9957,1,1
42,91,7,28,2,7,1,2,0,0,15,3,0,42,0,1,5,1,2,40,2,1,2,2,0,0,2,1,0,0,2,8,2,14,2,37,0,0,0,0,1,3,1,420726,0,2009,44,SR-4013,99999999999999999999,0000000,40.192675,-75.49283333,1,1
42,35,7,16,12,3,1,1,0,0,15,3,0,30,0,1,5,1,2,45,1,2,2,1,0,0,1,1,0,0,12,2,12,10,13,6,0,0,0,0,1,5,0,420727,0,2009,154,SR-150,99999999999999999999,0000000,41.17796667,-77.35158611,1,1
42,115,8,23,2,1,2,4,0,1,1,1,0,12,4,1,1,2,2,65,2,1,2,2,0,0,2,1,0,0,2,0,2,14,3,15,0,19,0,0,1,1,0,420728,0,2009,2150,I-81,99999999999999999999,0000000,41.76244167,-75.68673889,2,1
42,41,8,28,13,52,3,3,0,1,11,1,0,32,0,1,3,2,2,55,1,2,2,1,0,0,1,1,0,0,99,99,99,99,99,99,0,0,0,0,1,6,0,420729,0,2009,475,I-81,99999999999999999999,0000000,40.19029722,-77.17382778,3,1
42,89,8,27,9,40,1,1,0,0,5,3,0,42,0,1,4,1,2,45,2,1,2,8,40,3,1,1,0,0,99,99,99,99,88,88,0,0,0,0,1,5,0,420730,0,2009,35,SR-715,99999999999999999999,0000000,40.96779444,-75.38899167,1,1
42,19,8,30,23,3,1,2,1,1,1,1,0,8,0,1,1,2,2,65,1,1,2,1,0,0,2,1,0,0,99,99,99,99,99,99,0,0,0,0,1,1,0,420731,0,2009,952,I-79,99999999999999999999,0000000,40.90992778,-80.12651111,1,1
42,43,8,29,23,28,2,9,0,0,16,6,0,12,1,1,1,1,2,55,1,1,2,1,0,0,2,1,0,0,99,99,99,99,99,99,0,0,0,0,1,7,2,420732,3320,2009,0,SOUTH ST,99999999999999999999,0000000,40.61121667,-76.71409722,2,1
42,3,8,8,14,24,1,1,0,0,16,4,0,30,0,1,5,1,2,25,2,2,2,1,0,0,1,1,0,0,14,26,14,29,15,2,0,0,0,0,1,7,0,420733,860,2009,0,BROWNSVILLE RD,99999999999999999999,0000000,40.362775,-79.98668889,1,1
42,127,8,1,14,0,1,1,0,0,6,3,0,32,0,1,4,1,2,35,2,2,4,1,0,0,1,1,0,0,14,34,14,44,88,88,0,0,0,0,1,7,1,420734,0,2009,11,SR-3011,99999999999999999999,0000000,41.37102222,-75.37171389,1,1
42,3,8,1,2,19,1,2,0,0,13,3,0,19,0,1,5,1,2,25,2,2,2,1,0,0,3,1,0,0,99,99,99,99,99,99,0,0,0,0,1,7,0,420735,8770,2009,76,SR-48,99999999999999999999,0000000,40.31688611,-79.83357222,1,1
42,113,8,4,16,42,2,3,0,0,3,2,0,12,4,8,1,1,2,55,1,1,2,1,0,0,1,1,0,0,16,44,99,99,99,99,0,0,0,0,1,3,0,420736,0,2009,95,US-220,99999999999999999999,0000000,41.39787222,-76.49985833,2,1
42,3,8,13,3,8,1,1,0,0,16,6,0,30,0,1,5,1,2,30,2,2,2,1,0,0,3,1,0,0,3,10,3,16,88,88,0,0,0,0,1,5,1,420737,4710,2009,0,EDEN PARK BL,99999999999999999999,0000000,40.32877222,-79.83401389,1,1
42,133,8,2,20,52,2,3,0,0,5,3,0,12,4,2,1,1,2,40,1,1,2,1,20,3,2,1,0,0,20,52,21,8,88,88,0,0,0,0,1,1,1,420738,0,2009,97,SR-4001,NURSERY RD,0000000,40.02373611,-76.82478611,2,1
42,73,8,15,16,1,2,8,0,0,15,3,0,12,4,2,1,1,2,25,1,1,2,1,20,3,1,1,0,0,99,99,99,99,99,99,0,0,0,0,1,7,1,420739,5800,2009,67,SR-2001,JEFFERSON ST,0000000,40.98580833,-80.34665833,2,1