STATE,COUNTY,MONTH,DAY,HOUR,MINUTE,VE_TOTAL,PERSONS,PEDS,NHS,ROAD_FNC,ROUTE,SP_JUR,HARM_EV,MAN_COLL,REL_JUNC,REL_ROAD,TRAF_FLO,NO_LANES,SP_LIMIT,ALIGNMNT,PROFILE,PAVE_TYP,SUR_COND,TRA_CONT,T_CONT_F,LGT_COND,WEATHER1,WEATHER2,WRK_ZONE,NOT_HOUR,NOT_MIN,ARR_HOUR,ARR_MIN,HOSP_HR,HOSP_MN,SCH_BUS,CF1,CF2,CF3,FATALS,DAY_WEEK,DRUNK_DR,ST_CASE,CITY,YEAR,MILEPT,TWAY_ID,TWAY_ID2,RAIL,LATITUDE,LONGITUD,VE_FORMS,WEATHER
42,101,8,8,6,4,2,1,0,0,16,6,0,30,0,3,5,1,2,25,1,1,2,1,0,0,4,1,0,0,6,2,6,6,88,88,0,0,0,0,1,7,0,420740,6540,2009,0,G ST,BRISTOL ST,0000000,40.01371111,-75.11181667,1,1
42,101,8,27,19,19,2,3,0,0,15,3,0,12,4,2,1,4,1,99,1,1,2,1,3,3,1,1,0,0,19,10,19,14,19,24,0,0,0,0,1,5,0,420741,6540,2009,2,SR-2012,30TH ST,0000000,39.991175,-75.18152778,2,1
42,101,8,28,21,0,2,5,1,0,13,2,0,8,0,1,1,1,4,30,1,9,2,2,0,0,3,2,0,0,99,99,99,99,99,99,0,14,0,0,1,6,0,420742,6540,2009,71,US-13,99999999999999999999,0000000,40.01428889,-75.15747778,2,2
42,79,8,23,20,20,1,2,1,0,13,3,0,9,0,11,1,2,2,35,1,1,2,1,3,3,2,1,0,0,99,99,99,99,99,99,0,0,0,0,1,1,0,420743,6615,2009,34,SR-2004,SR-2024,0000000,41.26708056,-75.86366389,1,1
42,3,8,3,13,50,1,2,1,0,16,6,0,9,0,2,1,4,1,25,1,1,2,1,20,3,1,1,0,0,13,56,14,1,14,11,0,0,0,0,1,2,0,420744,6600,2009,0,MEYRAN AV,LOUISA ST,0000000,40.43920833,-79.95660278,1,1
42,61,8,28,23,45,1,1,0,0,4,3,0,35,0,1,4,1,2,55,2,1,2,2,0,0,2,2,0,0,99,99,99,97,99,97,0,0,0,0,1,6,0,420745,0,2009,13,SR-0655,99999999999999999999,0000000,40.14307778,-78.04207778,1,2
42,11,8,8,16,0,2,3,0,0,3,3,0,12,5,2,1,1,2,55,2,1,2,1,20,3,1,1,0,0,99,99,99,99,99,99,0,0,0,0,1,7,0,420746,0,2009,84,SR-183,TULPEHOCKEN DR,0000000,40.40375833,-76.06615,2,1
42,3,8,2,22,28,2,5,0,1,11,1,0,12,7,1,1,2,3,55,1,1,1,1,0,0,3,1,0,0,22,33,22,37,23,14,0,0,0,0,1,1,0,420747,0,2009,536,I-79,99999999999999999999,0000000,40.36286944,-80.11873056,2,1
42,71,8,21,1,59,1,1,0,0,14,3,0,42,0,1,6,1,2,35,2,2,2,1,0,0,3,1,0,0,99,99,99,99,88,88,0,0,0,0,1,6,1,420748,0,2009,23,SR-0501,99999999999999999999,0000000,40.09358611,-76.30403889,1,1
42,1,8,9,15,15,2,3,0,0,14,3,0,12,4,8,1,1,2,45,1,2,2,1,0,0,1,1,0,0,15,17,15,23,99,99,0,0,0,0,1,1,0,420749,0,2009,145,SR-116,99999999999999999999,0000000,39.82117222,-77.18586944,2,1
42,29,8,15,23,43,2,3,0,1,13,2,0,12,2,1,1,1,2,55,1,1,2,1,0,0,2,1,0,0,23,49,23,52,0,23,0,22,0,0,1,7,1,420750,0,2009,173,US-0322,99999999999999999999,0000000,39.97470278,-75.68223611,2,1
42,13,8,8,15,50,2,4,0,1,2,2,0,13,4,1,1,2,2,65,2,2,1,1,0,0,1,1,0,0,99,99,99,99,99,99,0,0,0,0,2,7,0,420751,0,2009,18,US-22,99999999999999999999,0000000,40.47543056,-78.51454167,2,1
42,95,8,20,9,40,2,4,0,0,4,3,0,12,4,8,1,1,2,45,1,1,2,1,0,0,1,1,0,0,99,99,99,99,99,99,0,0,0,0,1,5,0,420752,0,2009,122,SR-0946,99999999999999999999,0000000,40.78186667,-75.37435556,2,1
42,111,8,2,16,55,1,2,0,0,4,3,0,42,0,1,4,1,2,55,1,2,2,1,0,0,1,1,0,0,16,55,16,56,99,99,0,0,0,0,1,1,0,420753,0,2009,53,SR-653,99999999999999999999,0000000,39.93719167,-79.26226111,1,1
42,119,8,7,2,0,1,1,0,0,6,3,0,42,0,1,4,1,2,40,1,1,2,1,0,0,2,1,0,0,2,20,2,29,88,88,0,0,0,0,1,6,1,420754,0,2009,64,SR-3005,99999999999999999999,0000000,40.94210556,-77.07500278,1,1
42,129,9,1,14,6,2,3,0,0,6,5,0,12,4,2,1,1,2,35,2,1,2,1,0,0,1,1,0,0,14,11,14,14,15,4,0,0,0,0,1,3,0,420755,0,2009,0,RACETRACK RD,WILSON FOX RD,0000000,40.23868333,-79.59463056,2,1
42,115,8,10,15,45,1,1,0,0,15,3,0,38,0,1,4,1,2,35,2,1,2,1,0,0,1,1,0,0,99,99,99,99,99,99,0,0,0,0,1,2,0,420756,3450,2009,6,SR-1033,99999999999999999999,0000000,41.96846667,-75.75076944,1,1
42,111,8,2,15,51,2,6,0,0,3,3,0,12,2,1,1,1,2,55,2,1,2,1,0,0,1,1,0,0,99,99,99,99,99,99,0,0,0,0,1,1,1,420757,0,2009,30,SR-31,99999999999999999999,0000000,40.051925,-79.21761111,2,1
42,129,8,1,21,37,2,2,0,1,13,2,0,12,5,2,1,2,2,45,1,3,2,1,0,0,2,1,0,0,99,99,99,99,99,99,0,0,0,0,1,7,0,420758,0,2009,74,US-30,SR-3069,0000000,40.31143889,-79.66190833,2,1
42,63,8,4,10,30,2,2,0,0,4,3,0,12,5,2,1,1,2,45,2,1,2,1,20,3,1,1,0,0,99,99,99,99,99,99,0,0,0,0,1,3,1,420759,0,2009,207,SR-403,SR-553,0000000,40.62849722,-78.90868889,2,1
42,51,8,8,19,25,2,4,0,0,6,3,0,12,8,1,1,1,2,40,1,2,2,1,0,0,1,1,0,0,99,99,99,99,99,99,0,0,0,0,1,7,0,420760,0,2009,16,SR-1038,99999999999999999999,0000000,40.05793056,-79.61615278,2,1
42,3,8,2,19,26,1,1,0,1,13,3,0,39,0,1,2,1,2,35,1,1,2,1,0,0,1,1,0,0,19,26,19,33,88,88,0,0,0,0,1,1,1,420761,6600,2009,205,SR-0051,99999999999999999999,0000000,40.44789444,-80.03308333,1,1
42,87,8,8,17,25,2,7,0,1,2,2,0,12,2,1,1,1,2,45,1,1,2,1,0,0,1,1,0,0,99,99,99,99,99,99,0,0,0,0,2,7,1,420762,0,2009,122,US-22,99999999999999999999,0000000,40.50816111,-77.73225,2,1
42,47,9,26,14,40,2,3,0,0,3,3,0,12,5,2,1,1,2,55,1,2,2,2,20,3,1,2,0,0,99,99,99,99,88,88,0,0,0,0,2,7,0,420763,0,2009,39,SR-66,SR-948,0000000,41.57088611,-78.88355278,2,2
42,69,9,9,5,45,2,2,0,0,3,3,0,12,1,3,1,1,3,45,1,2,2,1,3,3,3,1,0,0,5,47,5,59,6,52,0,0,0,0,1,4,1,420764,0,2009,39,SR-307,SR-690,0000000,41.32707778,-75.56399722,2,1
42,63,9,25,12,13,2,3,1,1,2,2,0,8,0,15,2,2,2,55,1,1,1,1,0,0,1,1,0,0,12,8,12,16,12,35,0,0,0,0,1,6,0,420765,0,2009,60,US-0422,99999999999999999999,0000000,40.62037778,-79.22936111,1,1
42,43,9,19,13,10,2,4,0,0,6,5,0,12,5,2,1,1,2,35,1,1,2,1,20,3,1,1,0,0,99,99,99,99,99,99,0,0,0,0,1,7,0,420766,0,2009,0,JONESTOWN RD,FAIRVILLE AV,0000000,40.34444167,-76.72843056,2,1
42,43,9,4,3,21,2,2,0,1,11,1,0,12,1,1,1,2,3,55,1,1,1,1,0,0,2,1,0,0,99,99,99,99,88,88,0,0,0,0,1,6,1,420767,0,2009,692,I-81,99999999999999999999,0000000,40.3056,-76.84237778,2,1
42,89,9,7,9,40,3,4,0,1,13,2,0,12,4,2,1,3,2,55,1,1,1,1,3,3,1,1,0,0,99,99,99,99,99,99,0,0,0,0,1,2,0,420768,0,2009,174,US-0209,SHAFERS SCHOOL HOUSE,0000000,40.97313333,-75.24456667,3,1
42,125,9,9,6,3,3,3,0,0,2,3,0,12,8,1,1,1,2,45,2,2,2,2,0,0,2,2,0,0,99,99,99,99,88,88,0,0,0,0,1,4,0,420769,0,2009,124,SR-0837,99999999999999999999,0000000,40.24693333,-79.93387222,3,2
42,75,9,1,9,2,3,8,0,0,4,3,0,12,8,1,1,1,2,50,1,2,2,1,0,0,1,1,0,0,99,99,99,99,99,99,0,0,0,0,2,3,1,420770,0,2009,118,SR-0443,99999999999999999999,0000000,40.51040833,-76.51725278,3,1
42,101,9,18,13,2,2,2,0,1,13,3,0,12,3,8,1,3,2,35,1,1,2,1,0,0,1,1,0,0,13,2,13,6,13,28,0,0,0,0,1,6,0,420771,6540,2009,19,SR-2001,99999999999999999999,0000000,39.91485556,-75.13776944,2,1
42,101,9,27,23,5,1,2,1,1,13,2,0,8,0,2,1,2,3,40,1,1,2,1,3,3,3,1,0,0,23,5,23,10,88,88,0,0,0,0,1,1,0,420772,6540,2009,102,US-1,BRIDGE ST,0000000,40.0299,-75.08782222,1,1
42,101,9,9,18,0,1,2,1,0,16,6,0,8,0,1,1,1,2,25,1,1,2,2,0,0,1,2,0,0,99,99,99,99,99,99,0,0,0,0,1,4,0,420773,6540,2009,0,RED LION RD,99999999999999999999,0000000,40.10458889,-75.03193611,1,2
42,49,9,26,9,37,2,2,0,0,3,3,0,12,5,2,1,1,2,55,1,3,2,1,20,3,1,1,0,0,9,36,9,59,88,88,0,0,0,0,1,7,0,420774,0,2009,172,SR-89,WILDMAN RD,0000000,42.0962,-79.82176944,2,1
42,129,9,13,21,31,2,2,0,0,14,3,0,12,4,1,1,1,2,55,2,1,2,1,0,0,2,1,0,0,99,99,99,99,88,88,0,0,0,0,1,1,2,420775,0,2009,57,SR-217,99999999999999999999,0000000,40.34784167,-79.28615278,2,1
42,43,9,1,23,5,1,1,0,0,4,3,0,36,0,1,4,1,2,45,2,2,2,1,0,0,2,1,0,0,22,15,99,99,88,88,0,0,0,0,1,3,1,420776,0,2009,1,SR-1001,99999999999999999999,0000000,40.5539,-76.53920278,1,1
42,115,9,1,16,50,1,1,0,0,3,3,0,42,0,1,4,1,2,45,2,1,2,1,40,3,1,1,0,0,16,52,16,57,88,88,0,0,0,0,1,3,0,420777,0,2009,169,SR-706,99999999999999999999,0000000,41.86003889,-75.79285556,1,1
42,97,9,18,0,57,2,2,0,0,2,3,0,12,1,1,1,1,2,55,1,1,2,1,50,2,3,1,0,1,99,99,99,99,88,88,0,0,0,0,1,6,0,420778,0,2009,281,SR-147,99999999999999999999,0000000,40.91179167,-76.83835278,2,1
42,101,9,13,4,27,1,1,0,0,16,6,0,42,0,1,4,1,2,35,1,1,2,2,39,3,3,2,0,0,4,27,4,30,88,88,0,21,0,0,1,1,1,420779,6540,2009,0,13TH ST,99999999999999999999,0000000,40.02522778,-75.14550278,1,2
42,107,9,16,13,28,2,4,0,1,2,3,0,12,1,3,1,3,2,50,1,2,2,1,0,0,1,1,0,0,13,30,13,37,13,58,0,0,0,0,1,4,0,420780,0,2009,165,SR-309,SR-1012,0000000,40.86038611,-76.00255278,2,1
42,71,9,6,16,49,2,3,0,1,13,3,0,12,2,1,1,1,2,55,1,2,2,1,0,0,1,1,0,0,16,50,17,8,17,29,0,0,0,0,2,1,0,420781,0,2009,203,SR-272,99999999999999999999,0000000,39.96038889,-76.26723056,2,1
42,101,9,29,17,32,1,1,0,0,16,6,0,33,0,3,4,1,2,25,1,1,2,1,0,0,1,1,0,0,17,32,17,37,88,88,0,22,0,0,1,3,0,420782,6540,2009,0,POPLAR ST,UNION ST,0000000,39.97282222,-75.20291111,1,1
42,19,9,4,14,32,1,1,0,0,6,5,0,18,0,1,4,1,2,35,2,1,2,1,0,0,1,1,0,0,14,34,14,41,88,88,0,0,0,0,1,6,0,420783,0,2009,0,GEIBEL RD,99999999999999999999,0000000,40.8578,-79.815525,1,1
42,3,9,6,4,20,1,1,0,0,16,6,0,30,0,1,2,1,2,25,2,2,1,1,0,0,3,1,0,0,4,21,4,25,88,88,0,0,0,0,1,1,1,420784,6600,2009,0,LINCOLN AV,99999999999999999999,0000000,40.46568056,-79.89803056,1,1
42,3,9,29,3,10,1,1,0,0,16,6,0,33,0,1,4,1,2,25,1,1,2,1,0,0,2,1,0,0,3,10,3,17,88,88,0,0,0,0,1,3,1,420785,2460,2009,0,WOODLAND RD,99999999999999999999,0000000,40.55582778,-80.19224167,1,1
42,79,8,28,3,33,1,3,0,1,11,1,0,1,0,1,3,2,2,55,1,1,2,1,0,0,3,1,0,0,99,99,99,99,88,88,0,0,0,0,3,6,1,420786,0,2009,1684,I-81,99999999999999999999,0000000,41.23541389,-75.845875,1,1
42,125,9,27,1,48,1,3,1,0,13,3,0,8,0,2,1,1,2,35,1,3,2,2,20,3,2,1,0,0,99,99,99,99,99,99,0,0,0,0,1,1,0,420787,0,2009,252,SR-88,WESTVIEW RD,0000000,40.17850278,-79.91436667,1,1
42,87,9,6,16,12,1,1,0,0,6,5,0,42,0,1,5,4,1,99,1,1,5,1,0,0,1,1,0,0,16,13,16,45,88,88,0,0,0,0,1,1,1,420788,0,2009,0,KNOB RIDGE RD,99999999999999999999,0000000,40.73085,-77.47879167,1,1
42,29,9,28,16,37,2,3,0,0,5,3,0,12,5,2,1,1,2,40,1,1,2,2,20,3,1,2,0,0,16,29,16,42,17,39,0,0,0,0,1,2,0,420789,0,2009,16,SR-3001,SR-3016,0000000,39.77248889,-76.02910278,2,2
42,11,9,10,5,39,2,4,0,1,13,2,0,12,2,1,1,5,2,45,1,1,2,1,0,0,3,1,0,0,99,99,99,99,99,99,0,0,0,0,1,5,1,420790,0,2009,191,US-222,99999999999999999999,0000000,40.44890278,-75.89718333,2,1
42,49,9,4,22,50,1,4,0,0,14,3,0,30,0,1,4,1,2,45,1,2,2,1,0,0,2,1,0,0,22,46,22,55,99,99,0,0,0,0,1,6,0,420791,0,2009,25,SR-4024,99999999999999999999,0000000,42.05956111,-80.03231389,1,1
42,45,9,26,16,27,2,4,0,1,11,1,0,12,1,13,1,6,1,35,1,1,2,1,0,0,1,1,0,0,16,29,16,35,16,58,0,0,0,0,1,7,0,420792,1296,2009,38,I-0095-SR8017 RAMP,99999999999999999999,0000000,39.84658056,-75.38940278,2,1
42,115,9,12,16,20,2,3,0,0,5,3,0,12,2,1,5,1,2,45,1,3,2,1,0,0,1,1,0,0,16,26,16,32,99,99,0,0,0,0,1,7,0,420793,0,2009,213,SR-167,99999999999999999999,0000000,41.92032778,-75.93015556,2,1
42,89,9,18,6,40,2,2,0,0,6,5,0,12,5,2,1,1,2,40,1,1,2,1,20,3,4,1,0,0,99,99,99,99,99,99,0,0,0,0,1,6,0,420794,0,2009,0,TOLL RD,RUSSELL CT,0000000,40.99972222,-75.47381667,2,1
42,129,9,13,21,45,1,2,1,0,13,3,0,8,0,2,1,1,2,25,1,1,2,1,2,3,3,1,0,0,21,52,21,54,99,99,0,0,0,0,1,1,0,420795,4290,2009,295,SR-981,SR-1026,0000000,40.3133,-79.38939722,1,1
42,45,9,17,19,26,1,2,1,0,14,3,0,8,0,1,1,5,2,35,1,1,2,1,0,0,3,1,0,0,19,26,19,30,20,12,0,0,0,0,1,5,0,420796,0,2009,13,SR-2017,99999999999999999999,0000000,39.90916389,-75.30811667,1,1
42,71,9,13,20,15,2,2,0,0,6,5,0,12,4,1,1,1,2,35,2,1,2,1,0,0,2,1,0,0,20,19,20,29,21,4,0,0,0,0,1,1,0,420797,0,2009,0,METZLER RD,99999999999999999999,0000000,40.1338,-76.20663611,2,1
42,3,9,26,19,34,2,5,0,0,13,3,0,12,2,1,1,1,2,25,2,2,2,2,0,0,3,2,0,0,19,24,19,29,20,9,0,0,0,0,1,7,1,420798,6600,2009,23,SR-2045,99999999999999999999,0000000,40.36707778,-79.91001667,2,2
42,69,9,13,4,24,2,9,0,1,12,2,0,24,0,15,2,3,2,50,1,2,2,1,0,0,3,1,0,0,8,26,8,27,8,50,0,14,0,0,1,1,1,420799,7460,2009,74,US-0011,99999999999999999999,0000000,41.42410556,-75.67100556,2,1
42,61,9,20,13,0,1,1,0,0,6,3,0,37,0,1,4,1,2,55,2,1,2,1,0,0,1,1,0,0,99,99,99,99,88,88,0,0,0,0,1,1,1,420800,0,2009,73,SR-1001,99999999999999999999,0000000,40.53020278,-77.91554722,1,1
42,81,9,19,2,10,1,1,0,0,4,3,0,37,0,1,5,1,2,55,1,2,2,1,0,0,2,1,0,0,2,12,2,27,3,15,0,0,0,0,1,7,1,420801,0,2009,13,SR-654,99999999999999999999,0000000,41.16660833,-77.14173056,1,1
42,111,9,27,20,55,1,1,0,0,5,3,0,53,0,1,4,1,2,55,2,2,2,1,40,3,2,1,0,0,99,99,99,99,88,88,0,0,0,0,1,1,1,420802,0,2009,62,SR-3001,99999999999999999999,0000000,39.83284167,-79.27564167,1,1
42,101,9,3,21,0,2,2,0,1,13,2,0,12,4,2,1,5,2,30,1,1,2,1,0,0,3,1,0,0,99,99,99,99,88,88,0,0,0,0,1,5,0,420803,6540,2009,14,US-30,54TH ST,0000000,39.97876667,-75.23009722,2,1
42,75,9,14,0,8,1,3,2,1,13,2,0,49,0,2,1,1,2,45,1,1,2,1,3,3,3,1,0,0,99,99,99,99,99,99,0,0,0,0,1,2,0,420804,0,2009,133,US-422,RAMONA RD,0000000,40.36906944,-76.33416111,1,1
42,49,9,11,0,55,1,1,0,0,3,2,0,33,0,1,4,3,2,35,2,1,2,1,0,0,2,1,0,0,0,57,1,39,2,22,0,0,0,0,1,6,1,420805,0,2009,15,US-20,99999999999999999999,0000000,41.94946944,-80.49136389,1,1
42,49,9,3,15,0,1,2,0,0,4,3,0,42,0,1,4,1,2,55,1,1,2,1,0,0,1,1,0,0,88,88,88,88,88,88,0,0,0,0,1,5,0,420806,0,2009,12,SR-226,99999999999999999999,0000000,41.87340556,-80.50183889,1,1
42,87,9,29,15,15,1,2,0,0,6,5,0,42,0,1,5,1,2,55,1,1,2,1,0,0,1,1,0,0,99,99,99,99,99,99,0,0,0,0,1,3,0,420807,0,2009,0,WHISKEY ROAD ET,99999999999999999999,0000000,40.707025,-77.38374167,1,1
42,49,9,20,23,45,1,2,0,0,6,5,0,34,0,1,4,1,2,45,2,1,2,1,0,0,2,1,0,0,23,48,23,54,99,99,0,0,0,0,1,1,1,420808,0,2009,0,BELLE RD,99999999999999999999,0000000,42.16093056,-79.90992778,1,1
42,1,9,23,4,42,1,1,0,0,3,3,0,42,0,1,4,1,2,55,2,1,2,1,0,0,2,1,0,0,99,99,99,99,88,88,0,0,0,0,1,4,0,420809,0,2009,45,SR-97,99999999999999999999,0000000,39.75944167,-77.12698333,1,1
42,77,9,28,15,55,1,1,0,0,5,3,0,35,0,1,4,1,2,40,2,2,2,2,40,3,1,1,0,0,99,99,99,99,88,88,0,0,0,0,1,2,0,420810,0,2009,40,SR-4019,99999999999999999999,0000000,40.66080278,-75.70566389,1,1
42,103,9,11,14,28,1,1,0,0,6,5,0,1,0,1,4,1,2,25,1,2,2,2,0,0,1,2,0,0,99,99,99,99,99,99,0,0,0,0,1,6,0,420811,0,2009,0,BREWSTER RD,99999999999999999999,0000000,41.27884444,-75.08399722,1,2
42,101,9,26,13,11,1,1,0,1,11,1,0,24,0,1,2,3,3,55,1,1,2,1,0,0,1,1,0,0,13,12,13,26,14,16,0,0,0,0,1,7,0,420812,6540,2009,129,I-95,99999999999999999999,0000000,39.88805833,-75.24166944,1,1
42,71,9,10,23,49,1,2,0,1,2,3,0,24,0,1,2,2,2,65,1,1,2,1,0,0,2,1,0,0,99,99,99,99,99,99,0,0,0,0,1,5,0,420813,0,2009,88,SR-300,99999999999999999999,0000000,40.12779167,-76.47544167,1,1
42,95,9,12,2,8,1,1,0,1,13,3,0,42,0,1,4,1,2,35,2,2,2,2,0,0,2,2,0,0,99,99,99,99,88,88,0,0,0,0,1,7,1,420814,0,2009,125,SR-248,99999999999999999999,0000000,40.72630833,-75.40176389,1,2
42,13,9,18,12,20,2,4,0,0,14,3,0,12,1,3,1,5,2,55,1,1,2,1,3,3,1,1,0,0,12,22,12,29,12,55,0,0,0,0,1,6,0,420815,0,2009,125,SR-1001,HALLORAN DR,0000000,40.62841111,-78.29405,2,1
42,15,9,19,18,40,1,2,0,0,6,5,0,37,0,1,5,1,2,55,1,1,5,1,0,0,1,1,0,0,18,41,18,51,88,88,0,0,0,0,1,7,0,420816,0,2009,0,RANCH RD,99999999999999999999,0000000,41.99216667,-76.65333889,1,1
42,77,9,26,13,33,3,8,0,0,4,3,0,12,7,1,1,1,2,55,1,3,2,1,0,0,1,1,0,0,99,99,99,99,99,99,0,0,0,0,2,7,0,420817,0,2009,43,SR-4024,99999999999999999999,0000000,40.72799167,-75.72382222,3,1
42,87,9,6,0,1,1,1,0,1,2,2,0,32,0,1,4,1,2,55,2,1,2,1,0,0,2,1,0,0,0,2,0,13,0,48,0,0,0,0,1,1,0,420818,0,2009,98,US-522,99999999999999999999,0000000,40.67783333,-77.41634722,1,1
42,25,9,25,21,58,1,4,0,1,1,1,0,35,0,1,4,2,2,65,1,2,2,1,0,0,2,1,0,0,99,99,99,99,99,99,0,0,0,0,1,6,0,420819,0,2009,2758,I-80,99999999999999999999,0000000,41.05943333,-75.71698889,1,1
42,7,9,3,23,54,2,5,0,0,13,3,0,12,1,3,1,3,2,40,1,2,2,1,3,3,3,1,0,1,23,58,0,7,0,23,0,0,0,0,1,5,1,420820,0,2009,195,SR-18,SR-3002,0000000,40.68455278,-80.29146667,2,1
42,69,9,4,18,50,2,7,0,0,14,3,0,1,0,1,1,1,2,35,2,1,2,1,0,0,1,1,0,0,99,99,99,99,99,99,0,0,0,0,1,6,1,420821,8750,2009,49,SR-171,99999999999999999999,0000000,41.631525,-75.47244167,2,1
42,69,9,24,1,36,1,1,0,0,6,3,0,38,0,1,4,1,2,35,2,2,2,1,0,0,2,1,0,0,1,43,2,0,88,88,0,0,0,0,1,5,1,420822,0,2009,20,SR-1017,99999999999999999999,0000000,41.55563611,-75.58735278,1,1
42,17,9,20,12,47,1,1,0,0,5,3,0,36,0,1,4,1,2,55,2,1,2,1,0,0,1,1,0,0,12,51,13,4,13,48,0,0,0,0,1,1,0,420823,0,2009,42,SR-1012,99999999999999999999,0000000,40.49040556,-75.0948,1,1
42,101,9,12,2,0,1,2,0,1,11,1,0,24,0,1,2,3,4,55,1,1,2,2,0,0,3,2,0,0,2,2,2,9,2,49,0,0,0,0,1,7,1,420824,6540,2009,253,I-95,99999999999999999999,0000000,39.98584444,-75.09319722,1,2
42,17,9,2,14,43,1,3,0,0,14,3,0,34,0,1,4,1,2,40,2,2,2,1,40,3,1,1,0,0,14,45,14,53,15,19,0,0,0,0,1,4,0,420825,0,2009,14,SR-3001,99999999999999999999,0000000,40.24291111,-75.15911111,1,1
42,51,9,13,15,0,1,1,0,0,13,2,0,1,0,2,1,1,2,35,2,1,2,1,0,0,1,1,0,0,15,3,15,10,99,99,0,0,0,0,1,1,1,420826,8690,2009,16,US-40B,MAIN ST,0000000,39.89467778,-79.71476667,1,1
42,99,9,22,14,20,3,3,0,1,13,2,0,12,8,1,1,5,2,45,1,1,2,1,0,0,1,1,0,1,99,99,99,99,88,88,0,0,0,0,1,3,0,420827,4930,2009,0,US-11,99999999999999999999,0000000,40.32802222,-76.91626111,3,1
42,11,9,6,13,28,1,1,0,0,4,3,0,24,0,1,2,1,2,45,2,1,2,1,0,0,1,1,0,0,99,99,99,99,88,88,0,0,0,0,1,1,0,420828,0,2009,53,SR-625,99999999999999999999,0000000,40.27322222,-75.94660833,1,1
42,91,9,25,11,12,1,1,0,0,16,6,0,30,0,1,5,1,2,25,1,1,2,1,0,0,1,1,0,0,11,14,11,16,11,35,0,0,0,0,1,6,0,420829,6780,2009,0,INDUSTRIAL AV,99999999999999999999,0000000,40.23628611,-75.63369167,1,1
42,107,9,5,19,1,1,1,0,1,13,3,0,1,0,3,1,3,2,45,1,1,2,1,3,3,1,1,0,0,99,99,99,99,99,99,0,0,0,0,1,7,0,420830,7280,2009,182,SR-61,SR-1006,0000000,40.72007222,-76.19312778,1,1
42,69,9,26,13,0,1,1,0,0,6,5,0,23,0,1,4,1,2,25,1,1,5,1,0,0,1,1,0,0,99,99,99,99,88,88,0,0,0,0,1,7,0,420831,0,2009,0,OPEIL RD,99999999999999999999,0000000,41.59528889,-75.61808056,1,1
42,133,9,2,15,17,2,2,0,0,15,3,0,12,4,10,1,1,2,40,1,1,2,1,3,3,1,1,0,0,99,99,99,99,88,88,0,0,0,0,1,4,0,420832,0,2009,5,SR-295,I-83-SR8021 RAMP,0000000,40.08270833,-76.76471944,2,1
42,89,9,16,7,9,2,2,0,0,15,2,0,12,5,2,1,1,2,40,1,1,2,1,20,3,1,1,0,0,99,99,99,99,99,99,0,0,0,0,1,4,0,420833,0,2009,90,US-209B,TANITE RD,0000000,40.98189167,-75.22695,2,1
42,129,9,4,1,10,2,2,0,1,1,1,0,12,4,15,1,3,2,55,2,1,2,1,21,3,2,1,0,0,1,12,1,21,88,88,0,0,0,0,1,6,1,420834,0,2009,533,I-70,99999999999999999999,0000000,40.20861111,-79.67721667,2,1
42,77,9,27,2,39,1,5,0,1,12,2,0,52,0,15,8,3,2,55,1,2,2,2,0,0,3,2,0,0,99,99,99,99,99,99,0,0,0,0,1,1,1,420835,0,2009,65,US-22,99999999999999999999,0000000,40.62756111,-75.48046111,1,2
42,117,9,5,15,5,2,6,0,1,2,2,0,12,4,2,1,1,2,55,1,2,2,1,0,0,1,1,0,1,15,0,15,4,99,99,0,0,0,0,1,7,0,420836,0,2009,246,US-6,SR-4035,0000000,41.75688611,-77.22746667,2,1
42,11,9,24,16,15,2,2,0,0,14,3,0,12,4,1,1,1,2,55,1,1,2,1,0,0,1,1,0,0,99,99,99,99,99,99,0,0,0,0,1,5,0,420837,0,2009,112,SR-724,99999999999999999999,0000000,40.27111111,-75.83301944,2,1
42,33,9,6,16,40,2,2,0,0,4,3,0,12,2,1,1,1,2,45,2,2,2,1,0,0,1,1,0,0,99,99,99,99,99,99,0,0,0,0,1,1,0,420838,0,2009,191,SR-453,99999999999999999999,0000000,40.9438,-78.51701944,2,1
42,65,9,13,15,15,2,5,0,1,2,2,0,31,0,1,4,1,2,55,1,1,2,1,0,0,1,1,0,0,99,99,99,99,99,99,0,0,0,0,1,1,0,420839,0,2009,49,US-219,99999999999999999999,0000000,41.23078056,-78.78239167,2,1
42,59,9,20,2,1,2,2,0,1,1,1,0,12,2,1,1,2,2,65,1,1,2,1,0,0,2,1,0,0,2,11,2,21,3,12,0,0,0,0,1,1,1,420840,0,2009,41,I-79,99999999999999999999,0000000,39.77260833,-80.08119167,2,1
42,91,9,18,21,40,1,1,0,0,14,3,0,33,0,1,4,1,2,40,2,2,2,1,0,0,3,1,0,0,22,7,22,9,22,29,0,0,0,0,1,6,1,420841,0,2009,37,SR-2038,99999999999999999999,0000000,40.15840278,-75.11554722,1,1
42,129,10,6,14,28,2,3,0,0,13,3,0,12,7,8,1,1,2,50,1,1,2,1,0,0,1,1,0,0,99,99,99,99,99,99,0,0,0,0,1,3,0,420842,0,2009,305,SR-981,99999999999999999999,0000000,40.32270556,-79.37720278,2,1
42,123,9,7,2,23,1,2,0,1,2,2,0,34,0,1,5,1,2,55,1,1,2,1,0,0,2,1,0,0,99,99,99,99,88,88,0,0,0,0,1,2,1,420843,0,2009,104,US-6,99999999999999999999,0000000,41.90466389,-79.42831944,1,1