STATE,COUNTY,MONTH,DAY,HOUR,MINUTE,VE_TOTAL,PERSONS,PEDS,NHS,ROAD_FNC,ROUTE,SP_JUR,HARM_EV,MAN_COLL,REL_JUNC,REL_ROAD,TRAF_FLO,NO_LANES,SP_LIMIT,ALIGNMNT,PROFILE,PAVE_TYP,SUR_COND,TRA_CONT,T_CONT_F,LGT_COND,WEATHER1,WEATHER2,WRK_ZONE,NOT_HOUR,NOT_MIN,ARR_HOUR,ARR_MIN,HOSP_HR,HOSP_MN,SCH_BUS,CF1,CF2,CF3,FATALS,DAY_WEEK,DRUNK_DR,ST_CASE,CITY,YEAR,MILEPT,TWAY_ID,TWAY_ID2,RAIL,LATITUDE,LONGITUD,VE_FORMS,WEATHER
42,45,9,5,6,40,1,1,0,1,12,2,0,1,0,1,1,3,2,55,1,1,2,1,0,0,1,1,0,0,99,99,99,99,88,88,0,0,0,0,1,7,0,420844,0,2009,104,US-1,99999999999999999999,0000000,39.91852778,-75.41661111,1,1
42,101,10,4,1,24,2,5,0,1,11,1,0,12,1,1,1,3,3,55,1,1,1,1,0,0,3,1,0,0,1,26,1,38,88,88,0,0,0,0,4,1,2,420845,6540,2009,234,I-95,99999999999999999999,0000000,39.97551111,-75.11636389,2,1
42,119,10,10,13,50,1,5,4,0,4,3,0,49,0,1,1,1,2,55,1,2,2,1,0,0,1,1,0,0,99,99,99,99,99,99,0,0,0,0,1,7,0,420846,0,2009,61,SR-304,99999999999999999999,0000000,40.88054167,-76.97241944,1,1
42,43,10,3,2,30,2,4,0,0,13,3,0,12,2,1,1,1,4,45,1,1,2,2,0,0,3,2,0,0,99,99,99,99,99,99,0,0,0,0,2,7,1,420847,3500,2009,4,SR-3012,99999999999999999999,0000000,40.25545,-76.88583611,2,2
42,41,9,24,19,47,1,2,1,0,13,3,0,9,0,10,1,1,2,45,1,1,2,1,0,0,2,1,0,0,99,99,99,99,99,99,0,0,0,0,1,5,0,420848,0,2009,15,SR-174,I-81-SR8015 RAMP,0000000,40.06016111,-77.48047222,1,1
42,3,9,24,19,38,2,2,0,1,13,3,0,12,5,2,1,1,2,35,1,1,2,1,20,3,3,1,0,0,19,36,19,43,20,22,0,0,0,0,1,5,0,420849,0,2009,246,SR-51,FLEMING BR CONN RD,0000000,40.48914444,-80.07979722,2,1
42,7,9,8,11,0,2,2,0,0,14,3,0,12,5,2,1,1,2,45,1,1,2,1,20,3,1,1,0,0,99,99,99,99,99,99,0,0,0,0,1,3,0,420850,9997,2009,48,SR-351,SR-4001,0000000,40.84272778,-80.36462222,2,1
42,111,9,1,14,50,1,1,0,1,2,2,0,24,0,1,2,1,2,55,2,2,2,1,40,3,1,1,0,0,14,51,15,2,16,7,0,0,0,0,1,3,0,420851,0,2009,147,US-219,99999999999999999999,0000000,39.87870278,-79.03546667,1,1
42,73,9,3,14,48,2,2,0,0,15,3,0,14,3,1,4,1,2,35,1,1,2,1,0,0,1,1,0,0,14,47,14,58,15,13,0,0,0,0,1,5,0,420852,5800,2009,3,SR-1007,99999999999999999999,0000000,40.98451944,-80.31975556,1,1
42,43,9,17,20,40,2,6,0,0,3,3,0,12,2,1,1,1,2,55,1,1,2,1,0,0,2,1,0,0,99,99,99,99,99,99,0,0,0,0,2,5,2,420853,0,2009,113,SR-147,99999999999999999999,0000000,40.50833056,-76.96106389,2,1
42,81,9,25,10,44,2,3,0,0,3,2,0,12,2,1,1,1,2,55,2,2,2,1,0,0,1,1,0,0,10,44,10,50,99,99,0,0,0,0,2,6,0,420854,0,2009,174,US-220,99999999999999999999,0000000,41.25082778,-76.75090278,2,1
42,95,9,26,11,48,2,2,1,0,16,6,0,8,0,1,1,1,2,99,1,2,2,1,0,0,1,1,0,0,99,99,99,99,99,99,0,0,0,0,1,7,1,420855,660,2009,0,GUETTER ST,99999999999999999999,0000000,40.62290278,-75.38050278,1,1
42,71,9,15,17,29,2,2,0,1,13,3,0,12,5,2,1,2,2,55,1,1,2,1,20,3,1,1,0,0,99,99,99,99,99,99,0,0,0,0,1,3,0,420856,0,2009,179,SR-272,PENNSY RD,0000000,39.92785556,-76.25246667,2,1
42,17,9,7,1,16,1,2,0,1,11,1,0,35,0,1,4,2,2,55,2,1,2,1,0,0,2,1,0,0,99,99,99,99,99,99,0,0,0,0,1,2,1,420857,0,2009,436,I-95,99999999999999999999,0000000,40.17178611,-74.898225,1,1
42,81,10,15,11,50,2,3,0,0,4,3,0,12,4,2,1,1,2,45,2,3,2,2,20,3,1,4,0,0,11,49,12,9,13,23,0,0,0,0,1,5,0,420858,0,2009,318,SR-44,SR-414,0000000,41.31975278,-77.38583889,2,4
42,11,9,18,22,56,1,4,0,0,4,3,0,42,0,1,4,1,2,40,1,2,2,1,0,0,2,1,0,0,22,58,23,10,23,27,0,0,0,0,1,6,1,420859,0,2009,24,SR-4026,99999999999999999999,0000000,40.50605556,-76.04757222,1,1
42,71,10,10,13,55,2,3,0,0,6,5,0,1,0,1,1,1,2,40,1,3,2,1,0,0,1,1,0,0,99,99,99,99,88,88,0,14,0,0,1,7,0,420860,0,2009,0,HAMMERTOWN RD,99999999999999999999,0000000,40.14506389,-75.96620833,1,1
42,15,10,16,9,54,2,2,0,0,3,2,0,12,5,2,1,1,2,45,2,1,2,2,20,3,1,4,0,0,9,54,9,59,88,88,0,0,0,0,1,6,0,420861,0,2009,147,US-220,SR-2027,0000000,41.73905278,-76.45300556,2,4
42,5,10,17,17,10,2,3,0,1,2,3,0,37,0,1,4,1,2,55,1,2,2,2,0,0,5,2,0,0,16,58,17,17,17,51,0,0,0,0,2,7,0,420862,0,2009,205,SR-28,99999999999999999999,0000000,40.89530556,-79.37188889,2,2
42,87,7,9,5,50,4,4,0,1,2,2,0,12,2,1,1,1,2,45,1,2,2,1,0,0,1,1,0,0,5,53,5,59,99,99,0,0,0,0,2,5,0,420863,0,2009,187,US-22,99999999999999999999,0000000,40.57057222,-77.64073611,4,1
42,123,7,27,16,5,2,4,0,1,2,2,0,12,5,8,1,1,2,55,1,1,2,1,0,0,1,1,0,0,99,99,99,99,99,99,0,0,0,0,2,2,0,420864,0,2009,58,US-6,99999999999999999999,0000000,41.93053889,-79.50325,2,1
42,27,10,10,20,40,1,1,0,1,1,1,0,37,0,1,4,2,2,55,2,1,1,1,0,0,2,1,0,0,99,99,99,99,99,99,0,0,0,0,1,7,1,420865,0,2009,69,I-99,99999999999999999999,0000000,40.81563056,-77.92196389,1,1
42,19,10,14,21,50,1,4,0,0,4,3,0,30,0,1,5,1,2,45,2,1,2,1,0,0,2,1,0,0,21,59,22,11,22,34,0,0,0,0,2,4,1,420866,0,2009,49,SR-488,99999999999999999999,0000000,40.91421944,-80.08165,1,1
42,63,10,28,12,10,2,3,0,0,4,3,0,14,7,1,2,1,2,55,2,2,2,2,40,3,1,2,0,0,99,99,99,99,99,99,0,0,0,0,1,4,0,420867,0,2009,75,SR-259,99999999999999999999,0000000,40.47949167,-79.09425,1,2
42,91,9,2,16,22,1,2,0,0,6,5,0,34,0,1,4,1,2,40,1,1,2,1,0,0,1,1,0,0,16,20,16,27,17,27,0,0,0,0,1,4,0,420868,0,2009,0,OLD SKIPPACK RD,99999999999999999999,0000000,40.30459167,-75.44495,1,1
42,77,9,3,15,33,1,2,0,1,11,1,0,37,0,1,5,3,2,65,1,1,1,1,0,0,1,1,0,0,99,99,99,99,99,99,0,0,0,0,1,5,0,420869,0,2009,472,I-476,99999999999999999999,0000000,40.47880833,-75.45966389,1,1
42,119,9,2,15,5,2,3,0,0,3,3,0,12,1,3,1,1,2,55,1,1,2,1,0,0,1,1,0,0,99,99,99,99,99,99,0,0,0,0,1,4,0,420870,0,2009,144,SR-45,BUFFALO CREEK RD,0000000,40.92855833,-77.01729167,2,1
42,47,10,14,22,52,1,2,1,1,2,2,0,8,0,3,1,1,2,45,1,1,2,1,0,0,2,1,0,0,99,99,99,99,88,88,0,0,0,0,1,4,0,420871,0,2009,286,US-219,SR-321,0000000,41.56867778,-78.69049444,1,1
42,17,7,1,20,1,2,2,0,0,15,3,0,12,2,2,1,1,2,35,2,1,2,1,0,0,5,1,0,0,99,99,99,99,99,99,0,0,0,0,1,4,1,420872,0,2009,4,SR-2027,MAPLE AV,0000000,40.10026111,-74.90390833,2,1
42,71,10,29,18,1,2,2,0,0,4,3,0,12,2,1,1,1,2,50,1,1,2,1,0,0,5,1,0,0,99,99,99,99,99,99,0,0,0,0,1,5,2,420873,0,2009,177,SR-741,99999999999999999999,0000000,39.98373333,-76.11941111,2,1
42,11,9,14,16,42,2,2,0,0,6,5,0,33,0,1,4,5,3,40,1,1,2,1,0,0,1,1,0,0,99,99,99,99,99,99,0,0,0,0,1,2,0,420874,0,2009,0,BROADCASTING RD,99999999999999999999,0000000,40.34512222,-75.98926667,2,1
42,55,9,8,11,25,2,2,0,0,15,3,0,12,5,2,1,1,2,25,1,1,2,1,20,3,1,1,0,0,12,3,12,7,12,27,0,0,0,0,1,3,0,420875,3340,2009,12,SR-2001,GRANT ST,0000000,39.79217778,-77.72270556,2,1
42,77,9,20,18,46,2,1,0,0,16,6,0,14,3,1,7,1,2,25,1,1,2,1,0,0,1,1,0,0,99,99,99,99,99,99,0,0,0,0,1,1,0,420876,1670,2009,0,HOKENDAUQUA ST,99999999999999999999,0000000,40.66468889,-75.49838611,1,1
42,19,10,25,6,54,1,1,0,0,3,3,0,43,0,1,2,1,2,55,1,1,2,1,0,0,2,1,0,0,7,0,7,8,88,88,0,0,0,0,1,1,1,420877,0,2009,138,SR-356,99999999999999999999,0000000,40.82366944,-79.85666667,1,1
42,95,10,31,9,8,2,2,0,0,14,3,0,12,4,4,4,1,2,35,1,1,2,2,0,0,1,2,0,0,99,99,99,99,99,99,0,0,0,0,1,7,0,420878,0,2009,227,SR-512,99999999999999999999,0000000,40.88112222,-75.17633056,2,2
42,15,10,15,12,30,2,2,0,0,3,3,0,12,1,8,1,1,2,55,1,2,2,2,0,0,1,4,0,0,99,99,99,99,99,99,0,0,0,0,1,5,0,420879,0,2009,77,SR-14,99999999999999999999,0000000,41.69743611,-76.84279167,2,4
42,61,9,28,18,42,1,1,0,0,3,3,0,35,0,1,4,1,2,55,2,2,2,1,0,0,5,1,0,0,99,99,99,99,88,88,0,0,0,0,1,2,0,420880,0,2009,62,SR-0913,99999999999999999999,0000000,40.20795833,-78.15310833,1,1
42,11,10,25,14,57,2,3,0,0,4,3,0,1,0,1,1,1,2,45,2,3,2,1,0,0,1,1,0,0,99,99,99,99,88,88,0,0,0,0,1,1,0,420881,0,2009,33,SR-3033,99999999999999999999,0000000,40.39575,-76.11852222,2,1
42,125,10,10,6,35,1,2,0,1,12,1,0,35,0,1,3,2,2,55,2,1,1,1,0,0,2,1,0,0,6,47,6,55,7,15,0,0,0,0,1,7,1,420882,0,2009,379,I-43,99999999999999999999,0000000,40.13886667,-79.92426111,1,1
42,83,10,31,15,45,2,3,0,0,4,3,0,12,2,1,1,1,2,55,2,1,2,1,0,0,1,1,0,0,15,47,15,55,16,35,0,0,0,0,2,7,0,420883,0,2009,101,SR-155,99999999999999999999,0000000,41.84268611,-78.30421944,2,1
42,133,10,7,14,15,2,2,0,0,16,6,0,12,5,2,1,1,2,25,1,1,2,1,20,3,1,1,0,0,99,99,99,99,99,99,0,0,0,0,1,4,0,420884,9610,2009,0,PARKWAY BL,SMITH ST,0000000,39.97022222,-76.73908889,2,1
42,33,10,17,21,20,2,7,0,1,2,2,0,24,0,1,2,1,2,45,1,1,2,2,0,0,2,2,0,0,99,99,99,99,99,99,0,0,0,0,3,7,1,420885,0,2009,276,US-0322,99999999999999999999,0000000,40.99271389,-78.3095,2,2
42,101,10,14,10,14,1,4,2,1,13,3,0,8,0,1,1,5,5,35,1,1,2,1,0,0,1,1,0,0,10,14,10,16,10,39,0,0,0,0,2,4,0,420886,6540,2009,17,SR-0073,99999999999999999999,0000000,40.04801389,-75.06039167,1,1
42,45,10,18,2,15,1,3,1,1,11,1,0,8,0,13,1,6,1,25,1,1,1,2,0,0,3,2,0,0,2,13,2,21,88,88,0,0,0,0,1,1,0,420887,0,2009,0,I-0476-SR 8025 RAMP,99999999999999999999,0000000,39.87445,-75.350625,1,2
42,61,10,22,16,15,2,3,0,1,2,2,0,12,2,1,1,5,2,55,1,1,2,1,0,0,1,1,0,0,99,99,99,99,99,99,0,0,0,0,1,5,0,420888,0,2009,172,US-22,99999999999999999999,0000000,40.44450833,-77.94919722,2,1
42,71,10,18,18,54,1,2,0,0,5,3,0,37,0,1,5,1,2,40,2,4,2,1,0,0,2,1,0,0,99,99,99,99,99,99,0,0,0,0,1,1,1,420889,0,2009,19,SR-1046,99999999999999999999,0000000,40.18349444,-76.056275,1,1
42,111,10,18,17,55,1,1,0,0,5,3,0,17,0,1,4,1,2,55,1,1,2,1,0,0,1,1,0,0,17,29,17,42,18,29,0,0,0,0,1,1,1,420890,0,2009,1,SR-2019,99999999999999999999,0000000,39.82348056,-78.75964167,1,1
42,101,10,7,17,47,1,2,1,0,16,6,0,8,0,1,1,1,2,25,1,1,2,1,0,0,1,1,0,0,17,47,17,53,18,0,0,16,0,0,1,4,0,420891,6540,2009,0,KESWICK RD,99999999999999999999,0000000,40.07476111,-74.99226111,1,1
42,43,10,17,14,56,1,1,0,0,6,5,0,42,0,1,4,1,2,40,1,1,2,2,0,0,1,2,0,0,99,99,99,99,88,88,0,0,0,0,1,7,0,420892,0,2009,0,GRAYSON RD,99999999999999999999,0000000,40.262925,-76.76704444,1,2
42,115,9,27,16,25,2,6,0,0,4,3,0,12,4,1,1,1,2,55,2,2,2,2,0,0,1,5,0,0,99,99,99,99,99,99,0,0,0,0,3,1,0,420893,0,2009,76,SR-267,99999999999999999999,0000000,41.74685278,-76.045,2,5
42,101,10,22,19,20,1,2,1,1,13,3,0,9,0,1,1,3,2,35,1,1,2,1,0,0,3,1,0,0,19,15,19,32,20,1,0,0,0,0,1,5,0,420894,6540,2009,23,SR-2001,99999999999999999999,0000000,39.920025,-75.140625,1,1
42,29,10,29,15,14,2,2,0,0,13,3,0,12,7,1,1,1,2,40,2,2,2,1,0,0,1,1,0,0,15,15,15,26,16,15,0,0,0,0,1,5,0,420895,0,2009,3,SR-1037,99999999999999999999,0000000,40.21500556,-75.65853611,2,1
42,133,10,19,7,35,2,2,0,0,15,3,0,12,2,1,1,1,2,45,1,2,2,1,0,0,1,1,0,0,99,99,99,99,99,99,0,0,0,0,1,2,0,420896,0,2009,25,SR-2031,99999999999999999999,0000000,39.926925,-76.600325,2,1
42,1,10,2,17,10,1,1,0,0,6,5,0,24,0,1,2,1,2,45,2,1,2,1,0,0,1,1,0,0,99,99,99,99,88,88,0,0,0,0,1,6,1,420897,0,2009,0,OLD CARLISLE RD,99999999999999999999,0000000,39.92641389,-77.22373333,1,1
42,1,10,8,15,49,1,2,0,0,3,3,0,53,0,1,4,1,2,45,1,1,2,1,0,0,1,1,0,0,99,99,99,99,99,99,0,0,0,0,1,5,0,420898,0,2009,178,SR-234,99999999999999999999,0000000,39.94942778,-77.15323333,1,1
42,55,10,8,15,20,1,1,0,1,2,2,0,24,0,1,2,1,2,55,2,2,2,1,0,0,1,1,0,0,99,99,99,99,88,88,0,0,0,0,1,5,1,420899,0,2009,34,US-30,99999999999999999999,0000000,39.92489444,-77.91593056,1,1
42,1,10,19,2,40,1,1,0,0,6,3,0,32,0,1,5,1,2,45,2,1,2,1,0,0,2,1,0,0,99,99,99,99,88,88,0,0,0,0,1,2,1,420900,0,2009,32,SR-2006,99999999999999999999,0000000,39.84775,-77.11274167,1,1
42,133,10,14,16,53,2,2,0,1,13,3,0,12,2,1,1,1,2,25,1,1,2,1,0,0,1,1,0,0,99,99,99,99,99,99,0,0,0,0,1,4,0,420901,3470,2009,71,SR-94,99999999999999999999,0000000,39.80233611,-76.98531389,2,1
42,21,10,18,21,0,2,1,0,0,4,3,0,14,2,1,2,1,2,35,2,2,2,1,0,0,3,1,0,0,21,0,21,3,21,37,0,0,0,0,1,1,1,420902,0,2009,76,SR-3024,99999999999999999999,0000000,40.34081111,-78.78569722,1,1
42,17,10,3,7,23,2,3,0,1,13,3,0,12,1,8,1,1,2,45,1,1,2,1,3,3,1,1,0,0,99,99,99,99,99,99,0,0,0,0,1,7,0,420903,0,2009,39,SR-132,99999999999999999999,0000000,40.1953,-75.07984167,2,1
42,17,10,16,8,55,2,3,0,0,16,3,0,12,4,1,1,1,2,25,2,2,2,2,8,3,1,2,0,0,9,25,9,34,10,11,0,0,0,0,1,6,0,420904,0,2009,140,SR-2025,99999999999999999999,0000000,40.17325556,-74.99006667,2,2
42,89,10,18,6,0,1,1,0,0,6,5,0,36,0,1,4,1,2,35,1,1,2,2,0,0,2,1,0,0,99,99,99,99,88,88,0,0,0,0,1,1,0,420905,0,2009,0,RESERVOIR RD,99999999999999999999,0000000,41.06136944,-75.17279444,1,1
42,17,10,18,15,20,2,2,0,1,13,3,0,12,4,8,1,3,2,45,1,2,2,1,3,3,1,1,0,0,15,21,15,24,15,42,0,0,0,0,1,1,0,420906,0,2009,18,SR-611,OAKFIELD RD,0000000,40.23445278,-75.13716389,2,1
42,133,10,11,15,0,2,4,0,0,15,3,0,1,0,1,1,1,2,45,2,2,2,1,0,0,1,1,0,0,99,99,99,99,88,88,0,0,0,0,2,1,1,420907,0,2009,258,SR-24,99999999999999999999,0000000,40.03670278,-76.69455833,2,1
42,91,10,24,2,3,2,2,0,0,14,3,0,12,4,1,1,1,2,45,1,1,2,2,0,0,2,2,0,0,99,99,99,99,88,88,0,0,0,0,2,7,2,420908,0,2009,89,SR-23,99999999999999999999,0000000,40.09083056,-75.32653889,2,2
42,43,10,15,20,30,2,3,0,0,6,5,4,12,5,2,1,1,2,99,1,1,2,2,20,3,3,2,0,0,99,99,99,99,88,88,0,0,0,0,1,5,0,420909,0,2009,0,COLLEGE AV,O ST,0000000,40.20266667,-76.74265278,2,2
42,79,10,26,7,34,2,2,0,0,3,2,0,12,2,1,1,1,2,45,2,1,2,1,0,0,4,1,0,0,99,99,99,99,99,99,0,0,0,0,1,2,0,420910,0,2009,12,US-11,99999999999999999999,0000000,41.06376667,-76.20677222,2,1
42,7,10,24,23,42,2,5,0,0,13,3,0,12,5,2,1,2,2,55,1,2,2,1,20,3,3,1,0,0,23,50,23,56,0,30,0,0,0,0,4,7,1,420911,0,2009,213,SR-51,SR-168,0000000,40.79968611,-80.43393333,2,1
42,1,10,29,17,9,2,3,0,1,13,2,0,12,1,8,1,1,2,40,1,1,2,1,0,0,1,1,0,0,99,99,99,99,88,88,0,0,0,0,1,5,1,420912,0,2009,126,US-30,99999999999999999999,0000000,39.84046111,-77.25748056,2,1
42,17,10,1,10,52,1,1,0,0,14,3,0,34,0,1,4,1,2,45,2,1,2,1,40,3,1,1,0,0,10,53,10,59,11,45,0,0,0,0,1,5,0,420913,0,2009,33,SR-2036,99999999999999999999,0000000,40.24893611,-74.97685556,1,1
42,89,10,27,23,52,1,1,0,0,3,3,0,37,0,1,4,1,2,45,2,2,2,2,0,0,2,2,0,0,99,99,99,99,88,88,0,0,0,0,1,3,1,420914,0,2009,29,SR-191,99999999999999999999,0000000,40.96715,-75.19122778,1,2
42,69,10,6,2,42,1,2,0,0,16,6,0,1,0,1,1,1,2,0,1,1,2,1,0,0,2,1,0,0,6,45,6,51,88,88,0,0,0,0,1,3,1,420915,8430,2009,0,KEYSTONE INDUSTRI RD,99999999999999999999,0000000,41.43476667,-75.60576667,1,1
42,7,10,4,16,15,1,1,0,0,15,3,0,30,0,1,5,1,2,35,2,2,1,1,0,0,1,1,0,0,16,18,16,25,88,88,0,0,0,0,1,1,1,420916,5850,2009,23,SR-351,99999999999999999999,0000000,40.83571389,-80.40415,1,1
42,133,10,3,19,18,1,2,0,0,6,5,0,42,0,1,4,1,2,40,2,2,2,1,0,0,2,1,0,0,99,99,99,99,99,99,0,0,0,0,2,7,1,420917,0,2009,0,FUHRMAN MILL RD,99999999999999999999,0000000,39.75917778,-76.92150278,1,1
42,11,10,11,2,0,1,1,0,0,4,3,0,42,0,1,5,1,2,45,1,1,2,1,0,0,2,1,0,0,99,99,99,99,88,88,0,0,0,0,1,1,1,420918,0,2009,179,SR-662,99999999999999999999,0000000,40.50061667,-75.85313056,1,1
42,51,10,23,21,57,1,2,0,0,4,3,0,41,0,1,5,1,2,35,2,2,2,2,40,3,2,1,0,0,22,4,22,11,23,21,0,0,0,0,1,6,1,420919,0,2009,9,SR-4010,99999999999999999999,0000000,39.94374722,-79.83271389,1,1
42,17,10,25,1,24,1,1,0,0,6,5,0,34,0,1,5,1,2,40,2,1,2,2,0,0,2,2,0,0,1,24,1,29,1,54,0,0,0,0,1,1,1,420920,0,2009,0,CALIFORNIA RD,99999999999999999999,0000000,40.47063889,-75.35421667,1,2
42,79,6,23,18,2,1,1,0,0,16,6,0,7,0,2,1,1,2,35,1,1,2,1,20,3,1,1,0,0,18,0,18,3,18,22,0,0,0,0,1,3,0,420921,3570,2009,0,BIRCH KNOLL DR,NORTH PINE TREE RD,0000000,40.94414167,-75.97886667,1,1
42,81,8,3,16,51,2,4,0,0,14,3,0,12,2,2,1,1,2,35,1,1,2,1,3,3,1,1,0,0,16,51,16,57,17,21,0,0,0,0,1,2,0,420922,7980,2009,113,SR-654,SIDNEY ST,0000000,41.23114444,-77.00119722,2,1
42,17,9,20,18,52,2,4,0,0,14,3,0,12,7,1,1,1,2,45,1,1,2,1,0,0,5,1,0,0,19,2,19,9,19,33,0,0,0,0,2,1,1,420923,0,2009,121,SR-532,99999999999999999999,0000000,40.28359167,-74.88281389,2,1
42,3,10,15,9,6,2,2,0,0,14,3,0,12,2,1,1,1,2,35,2,1,2,2,0,0,1,2,0,0,99,99,99,99,99,99,0,0,0,0,1,5,0,420924,0,2009,19,SR-3072,99999999999999999999,0000000,40.465775,-80.15329722,2,2
42,101,10,2,13,53,1,1,0,0,16,6,0,30,0,1,5,4,9,99,1,1,2,8,0,0,1,9,0,0,13,53,13,57,14,30,0,0,0,0,1,6,0,420925,6540,2009,0,OXFORD ST,99999999999999999999,0000000,39.97918056,-75.17309722,1,9
42,3,10,30,2,26,1,1,0,0,16,6,0,30,0,1,5,1,2,25,2,2,2,1,0,0,3,1,0,0,2,19,2,25,2,41,0,20,0,0,1,6,0,420926,6600,2009,0,BECKS RUN RD,99999999999999999999,0000000,40.38974722,-79.98300833,1,1
42,89,10,17,17,54,1,1,0,0,15,3,0,30,0,1,4,1,2,45,2,1,2,1,0,0,1,1,0,0,99,99,99,99,99,99,0,0,0,0,1,7,1,420927,0,2009,58,SR-196,99999999999999999999,0000000,41.20884444,-75.36128056,1,1
42,11,10,22,0,5,1,3,0,0,6,5,0,37,0,1,5,1,2,40,1,1,2,1,0,0,2,1,0,0,99,99,99,99,88,88,0,0,0,0,2,5,1,420928,0,2009,0,SHORT LN,99999999999999999999,0000000,40.48113333,-75.80193056,1,1
42,17,10,31,0,35,1,2,1,1,13,3,0,8,0,2,1,3,2,45,1,1,2,2,1,3,3,2,0,0,3,37,3,44,4,2,0,0,0,0,1,7,0,420929,0,2009,43,SR-132,NEWTOWN RD,0000000,40.19179444,-75.07345833,1,2
42,11,10,16,12,44,3,4,0,1,13,3,0,12,4,1,1,1,4,55,1,2,2,2,0,0,1,2,0,0,99,99,99,99,99,99,1,0,0,0,1,6,0,420930,0,2009,140,SR-61,99999999999999999999,0000000,40.52936389,-75.97567222,3,2
42,29,10,4,9,4,3,4,0,1,13,3,0,12,5,2,1,2,2,55,1,1,2,1,3,3,1,1,0,0,9,5,9,13,9,56,0,0,0,0,1,1,0,420931,0,2009,75,SR-3,SR-2013,0000000,39.96948889,-75.47485,3,1
42,3,10,1,7,24,2,2,0,1,13,3,0,12,4,8,1,5,4,40,1,1,2,1,0,0,1,1,0,0,7,28,7,35,8,20,0,0,0,0,1,5,0,420932,3950,2009,93,SR-0051,99999999999999999999,0000000,40.30541111,-79.93435556,2,1
42,15,10,25,12,33,2,4,0,0,14,3,0,12,5,2,1,1,2,35,1,1,2,1,20,3,1,1,0,0,12,35,12,36,99,99,0,0,0,0,1,1,0,420933,7410,2009,42,SR-0199,ELMER AV,0000000,41.99048889,-76.52362778,2,1
42,3,10,4,2,2,1,1,0,1,13,3,0,30,0,1,6,1,4,35,1,1,2,1,0,0,3,1,0,1,1,59,2,3,88,88,0,0,0,0,1,1,1,420934,6600,2009,239,SR-0837,99999999999999999999,0000000,40.44284444,-80.02480278,1,1
42,11,10,14,11,19,3,3,0,0,14,3,0,12,2,1,1,1,2,50,2,1,2,1,0,0,1,1,0,0,99,99,99,99,99,99,0,0,0,0,2,4,0,420935,0,2009,173,SR-73,99999999999999999999,0000000,40.36194167,-75.66969167,3,1
42,133,10,9,18,23,1,4,0,0,6,5,0,37,0,1,5,1,2,30,1,2,2,1,0,0,5,1,0,0,99,99,99,99,99,99,0,0,0,0,1,6,1,420936,0,2009,0,CONEWAGO RD,99999999999999999999,0000000,40.03254167,-76.89479444,1,1
42,91,10,17,18,41,1,2,1,0,16,6,0,8,0,2,1,1,2,25,1,1,2,2,1,3,3,2,0,0,18,43,18,48,19,8,0,0,0,0,1,7,0,420937,6000,2009,0,MAIN ST,BUTTONWOOD ST,0000000,40.12106389,-75.35813611,1,2
42,107,10,17,14,43,2,3,0,0,3,3,0,12,2,1,1,1,3,55,2,2,2,2,0,0,1,2,0,0,99,99,99,99,99,99,0,0,0,0,1,7,0,420938,0,2009,141,SR-901,99999999999999999999,0000000,40.72902778,-76.39188889,2,2
42,49,10,28,5,31,2,2,1,1,1,1,0,12,7,1,1,2,2,65,1,2,1,2,0,0,2,2,0,1,5,41,5,51,6,29,0,19,0,0,1,4,0,420939,3475,2009,327,I-0090,99999999999999999999,0000000,42.124625,-79.95343056,2,2
42,55,9,14,14,40,2,3,0,0,3,3,0,12,5,2,1,1,2,55,1,1,2,1,20,3,1,1,0,0,99,99,99,99,88,88,0,0,0,0,1,2,0,420940,0,2009,167,SR-75,BRICKER LN,0000000,39.96119444,-77.90181667,2,1
42,91,10,3,11,27,1,1,0,0,16,3,0,33,0,1,4,1,2,35,2,2,2,2,0,0,1,1,0,0,11,25,11,33,12,23,0,0,0,0,1,7,1,420941,0,2009,16,SR-4009,99999999999999999999,0000000,40.20479167,-75.4473,1,1
42,43,11,23,21,49,2,2,0,1,13,2,0,12,5,2,1,2,2,50,1,1,2,2,20,3,3,1,0,0,99,99,99,99,99,99,0,0,0,0,1,2,0,420942,0,2009,4,US-422,SIPE AV,0000000,40.27011111,-76.68096667,2,1
42,33,10,28,23,28,1,1,0,1,1,1,0,27,0,15,8,2,2,65,2,2,1,2,0,0,2,2,0,0,99,99,99,99,88,88,0,0,0,0,1,4,1,420943,0,2009,962,I-80,99999999999999999999,0000000,41.14771944,-78.79226389,1,2
42,89,10,13,3,22,2,4,0,0,4,3,0,12,2,1,1,1,2,55,1,2,2,1,0,0,2,9,0,0,99,99,99,99,99,99,0,0,0,0,1,3,1,420944,0,2009,18,SR-314,99999999999999999999,0000000,41.10309444,-75.35692778,2,9
42,55,10,2,22,34,1,1,0,0,6,5,0,42,0,1,4,1,2,40,2,1,2,2,0,0,2,2,0,0,99,99,99,99,99,99,0,0,0,0,1,6,1,420945,0,2009,0,GRAND POINT RD,99999999999999999999,0000000,39.95401389,-77.61984722,1,2