STATE,COUNTY,MONTH,DAY,HOUR,MINUTE,VE_TOTAL,PERSONS,PEDS,NHS,ROAD_FNC,ROUTE,SP_JUR,HARM_EV,MAN_COLL,REL_JUNC,REL_ROAD,TRAF_FLO,NO_LANES,SP_LIMIT,ALIGNMNT,PROFILE,PAVE_TYP,SUR_COND,TRA_CONT,T_CONT_F,LGT_COND,WEATHER1,WEATHER2,WRK_ZONE,NOT_HOUR,NOT_MIN,ARR_HOUR,ARR_MIN,HOSP_HR,HOSP_MN,SCH_BUS,CF1,CF2,CF3,FATALS,DAY_WEEK,DRUNK_DR,ST_CASE,CITY,YEAR,MILEPT,TWAY_ID,TWAY_ID2,RAIL,LATITUDE,LONGITUD,VE_FORMS,WEATHER
42,103,10,1,13,20,1,1,0,0,4,3,0,42,0,1,4,1,2,40,1,1,2,1,0,0,1,1,0,0,99,99,99,99,99,99,0,0,0,0,1,5,0,420946,0,2009,128,SR-739,99999999999999999999,0000000,41.34016389,-75.02728889,1,1
42,79,10,5,13,15,1,1,0,1,11,1,0,1,0,1,3,2,2,65,1,1,2,1,0,0,1,1,0,0,99,99,99,99,88,88,0,0,0,0,1,2,0,420947,0,2009,1443,I-81,99999999999999999999,0000000,40.96320556,-76.02754167,1,1
42,101,10,12,13,15,4,4,1,0,13,3,0,44,0,2,1,4,2,35,1,1,2,1,1,3,1,1,0,4,13,13,13,16,13,35,0,0,0,0,1,2,0,420948,6540,2009,41,SR-0003,TWENTYFIRST ST,0000000,39.95076667,-75.17569167,1,1
42,59,10,14,23,35,1,1,0,0,2,3,0,18,0,1,1,3,2,45,2,1,2,2,28,3,2,1,0,1,23,36,23,41,99,99,0,0,0,0,1,4,1,420949,0,2009,306,SR-21,99999999999999999999,0000000,39.85732222,-79.94417222,1,1
42,17,10,31,0,59,4,8,1,1,12,2,0,8,0,1,1,3,2,55,1,1,2,2,0,0,2,2,0,0,1,1,1,6,88,88,0,16,0,0,1,7,0,420950,0,2009,53,US-0001,99999999999999999999,0000000,40.17333889,-74.91158611,4,2
42,17,10,16,2,49,1,1,0,0,13,3,0,40,0,1,5,5,4,35,1,1,2,2,0,0,3,2,0,0,88,88,88,88,88,88,0,0,0,0,1,6,1,420951,0,2009,0,SR-0532,99999999999999999999,0000000,40.13479167,-75.00878056,1,2
42,61,10,15,14,56,2,2,0,0,3,3,0,12,4,1,1,1,2,55,2,1,2,2,40,3,1,2,0,0,99,99,99,99,99,99,0,0,0,0,1,5,0,420952,0,2009,240,SR-26,99999999999999999999,0000000,40.51403611,-77.97905833,2,2
42,51,10,1,16,15,2,2,0,0,3,3,0,12,2,1,1,1,2,55,1,2,2,1,0,0,1,1,0,0,16,13,16,23,88,88,0,0,0,0,1,5,0,420953,0,2009,79,SR-711,99999999999999999999,0000000,40.00446944,-79.465625,2,1
42,85,10,25,6,0,1,1,0,0,3,3,0,27,0,1,2,1,2,45,2,1,2,1,40,3,2,1,0,0,6,2,6,10,6,52,0,0,0,0,1,1,0,420954,0,2009,181,SR-358,99999999999999999999,0000000,41.39258056,-80.18951111,1,1
42,49,10,3,2,56,1,1,0,0,14,3,0,53,0,1,5,1,2,45,1,1,2,2,0,0,2,2,0,0,2,55,3,14,88,88,0,0,0,0,1,7,1,420955,0,2009,142,SR-699,99999999999999999999,0000000,42.04165556,-80.11090833,1,2
42,27,10,31,18,22,2,4,0,0,3,3,0,12,1,1,1,1,2,55,1,1,2,1,0,0,2,1,0,0,99,99,99,99,99,99,0,0,0,0,1,7,0,420956,0,2009,67,SR-0064,99999999999999999999,0000000,40.94881944,-77.62970556,2,1
42,81,10,22,18,19,2,3,1,0,13,2,0,8,0,1,1,2,2,55,1,1,2,1,0,0,5,1,0,0,18,32,99,97,99,97,0,14,0,0,1,5,0,420957,0,2009,92,US-220,99999999999999999999,0000000,41.23223611,-77.13312222,2,1
42,71,10,24,3,50,1,1,0,1,1,1,0,35,0,1,4,3,2,65,1,1,2,2,0,0,2,1,0,0,99,99,99,99,88,88,0,0,0,0,1,7,1,420958,0,2009,2767,I-76,99999999999999999999,0000000,40.2413,-76.24904444,1,1
42,13,11,1,18,35,2,6,0,0,14,3,0,12,5,2,1,2,2,35,1,3,1,1,3,3,3,1,0,0,18,36,18,40,18,53,0,0,0,0,1,1,0,420959,0,2009,11,SR-4013,SR-4017,0000000,40.52949167,-78.38875,2,1
42,45,8,14,11,14,1,3,2,0,14,3,0,33,0,1,4,1,4,35,1,2,2,1,0,0,1,1,0,0,11,14,11,15,12,16,0,0,0,0,1,6,0,420960,0,2009,37,SR-2005,99999999999999999999,0000000,39.95483056,-75.28456944,1,1
42,119,10,16,18,30,1,1,0,0,5,3,0,37,0,1,4,1,2,40,2,1,2,2,0,0,2,2,0,0,99,99,99,99,88,88,0,0,0,0,1,6,1,420961,0,2009,8,SR-1008,99999999999999999999,0000000,41.05081389,-76.92121667,1,2
42,81,10,26,10,40,1,2,0,0,4,3,0,38,0,1,5,1,2,55,1,4,2,1,0,0,1,1,0,0,10,42,10,55,99,99,0,0,0,0,1,2,0,420962,0,2009,9,SR-554,99999999999999999999,0000000,41.15058611,-77.01935,1,1
42,53,10,16,0,1,1,4,0,0,3,3,0,34,0,1,5,1,2,45,1,1,2,3,0,0,2,4,0,0,1,17,1,41,99,99,0,0,0,0,1,6,1,420963,0,2009,171,SR-66,99999999999999999999,0000000,41.57765278,-78.95916111,1,4
42,89,10,13,4,50,1,3,0,1,1,1,0,1,0,15,3,2,2,65,1,1,1,1,0,0,2,1,0,0,99,99,99,99,99,99,0,0,0,0,1,3,0,420964,0,2009,2834,I-80,99999999999999999999,0000000,41.07686111,-75.58080278,1,1
42,127,10,16,14,13,2,5,0,0,3,2,0,12,2,1,1,1,2,45,1,1,2,1,0,0,1,1,0,0,14,13,14,16,15,1,0,0,0,0,1,6,0,420965,0,2009,186,US-0006,99999999999999999999,0000000,41.50326389,-75.19658333,2,1
42,101,11,1,21,40,1,1,0,1,13,2,0,1,0,1,3,2,3,40,1,1,2,1,0,0,3,1,0,0,21,42,21,50,88,88,0,0,0,0,1,1,0,420966,6540,2009,99999,US-1,99999999999999999999,0000000,,,1,1
42,101,11,7,3,25,1,2,0,0,13,3,0,42,0,1,5,4,3,25,1,1,2,1,0,0,3,1,0,0,3,28,3,32,3,56,0,0,0,0,1,7,0,420967,6540,2009,8,SR-1008,99999999999999999999,0000000,40.02711944,-75.05665833,1,1
42,3,11,17,18,11,1,2,1,0,13,3,0,8,0,3,1,1,4,25,1,1,1,1,2,3,3,1,0,0,99,99,99,99,99,99,0,0,0,0,1,3,0,420968,4710,2009,28,SR-148,SHERIDAN WY,0000000,40.35193611,-79.86066389,1,1
42,99,11,22,13,20,2,4,1,0,6,3,0,12,7,1,1,1,2,35,1,2,2,1,0,0,1,1,0,0,99,99,99,99,88,88,0,0,0,0,1,1,0,420969,0,2009,38,SR-3019,99999999999999999999,0000000,40.411275,-77.18138611,2,1
42,21,11,1,1,0,1,1,0,0,6,5,0,17,0,1,4,1,2,55,2,1,2,1,0,0,2,1,0,0,99,99,99,99,88,88,0,0,0,0,1,1,1,420970,0,2009,0,GRACE ST,99999999999999999999,0000000,40.68223889,-78.74618889,1,1
42,17,11,1,13,6,2,4,0,0,6,5,0,12,4,8,1,1,2,35,1,2,2,1,8,3,1,1,0,0,13,7,13,15,14,10,0,0,0,0,1,1,0,420971,0,2009,0,OLD BETHLEHEM PK,99999999999999999999,0000000,40.39481944,-75.324225,2,1
42,77,11,7,22,40,1,1,0,0,16,6,0,29,0,1,4,1,2,30,1,1,2,1,0,0,3,1,0,0,99,99,99,99,88,88,0,0,0,0,1,7,0,420972,110,2009,0,8TH ST,99999999999999999999,0000000,40.59933889,-75.47244722,1,1
42,91,11,29,17,49,2,5,0,0,13,3,0,12,1,2,1,1,4,45,1,2,2,1,20,3,2,1,0,0,17,43,17,50,88,88,0,0,0,0,1,1,1,420973,0,2009,85,SR-2038,WILLOW DR,0000000,40.20937778,-75.1353,2,1
42,79,11,9,1,21,1,1,0,0,14,3,0,30,0,1,5,1,2,35,2,1,2,1,0,0,2,1,0,0,1,23,1,43,1,51,0,0,0,0,1,2,1,420974,3515,2009,38,SR-1415,99999999999999999999,0000000,41.37381944,-76.044825,1,1
42,91,11,4,23,0,1,1,0,0,13,3,0,19,0,1,5,1,2,45,1,1,2,1,0,0,2,1,0,0,6,54,7,1,88,88,0,0,0,0,1,4,0,420975,0,2009,97,SR-152,99999999999999999999,0000000,40.22059167,-75.18609722,1,1
42,101,11,12,4,0,1,1,0,1,13,3,0,30,0,1,5,2,3,30,1,1,2,2,0,0,3,2,0,0,4,4,4,13,4,23,0,0,0,0,1,5,0,420976,6540,2009,24,SR-2001,99999999999999999999,0000000,39.92090833,-75.14151111,1,2
42,7,11,25,14,35,1,1,0,0,14,3,0,27,0,1,4,1,2,40,2,1,2,2,0,0,1,2,0,0,14,33,14,41,15,16,0,0,0,0,1,4,0,420977,0,2009,56,SR-3007,99999999999999999999,0000000,40.61968056,-80.29513333,1,2
42,77,11,21,13,20,3,5,0,0,16,5,0,12,5,2,1,1,4,20,2,1,2,1,0,0,1,1,0,0,99,99,99,99,99,99,0,0,0,0,1,7,1,420978,9310,2009,0,RING RD,LEHIGH VALLEY MAL LT,0000000,40.62975833,-75.482875,2,1
42,71,11,16,12,48,3,5,0,0,14,3,0,12,1,8,1,1,2,40,1,2,2,1,0,0,1,1,0,0,99,99,99,99,99,99,0,0,0,0,1,2,0,420979,0,2009,40,SR-0340,99999999999999999999,0000000,40.0393,-76.19555833,3,1
42,91,11,27,2,56,1,2,0,0,14,3,0,33,0,4,6,1,4,50,1,2,2,1,3,3,3,1,0,0,2,57,3,3,88,88,0,0,0,0,2,6,1,420980,0,2009,26,SR-3015,SR-3053,0000000,40.10523889,-75.28150833,1,1
42,35,11,22,14,36,1,2,0,0,6,3,0,1,0,1,1,1,2,30,1,2,2,1,0,0,1,1,0,0,99,99,99,99,99,99,0,0,0,0,1,1,0,420981,0,2009,27,SR-1003,99999999999999999999,0000000,41.20218889,-77.39597222,1,1
42,11,11,2,16,35,3,3,0,1,1,1,0,12,1,1,1,3,2,35,1,1,2,1,40,3,1,1,0,2,99,99,99,99,99,99,0,3,0,0,1,2,0,420982,0,2009,217,I-0078,99999999999999999999,0000000,40.51068611,-76.13415,3,1
42,33,11,19,10,30,2,3,0,0,3,3,0,12,4,1,1,1,2,45,2,2,2,2,0,0,1,2,0,0,10,28,10,40,11,9,0,0,0,0,2,5,0,420983,0,2009,174,SR-153,99999999999999999999,0000000,40.96616389,-78.376325,2,2
42,91,11,30,17,1,1,2,1,0,14,3,0,8,0,1,1,1,2,35,1,1,2,2,0,0,3,2,0,0,17,3,17,10,17,28,0,0,0,0,1,2,0,420984,0,2009,18,SR-2023,99999999999999999999,0000000,40.07646389,-75.12689722,1,2
42,11,11,28,0,20,1,2,0,0,15,3,0,37,0,1,5,1,2,40,2,2,2,1,0,0,2,1,0,0,99,99,99,99,99,99,0,0,0,0,1,7,1,420985,0,2009,49,SR-4030,99999999999999999999,0000000,40.42617778,-75.96128889,1,1
42,75,11,13,3,9,2,4,0,1,1,1,0,12,1,1,1,2,2,65,1,1,1,1,0,0,2,1,0,0,99,99,99,99,99,99,0,0,0,0,2,6,0,420986,0,2009,19,I-78,99999999999999999999,0000000,40.43436389,-76.49347778,2,1
42,17,11,18,0,11,1,1,0,0,6,5,0,24,0,1,2,1,2,35,2,2,1,1,40,3,3,1,0,0,0,15,0,21,88,88,0,0,0,0,1,4,1,420987,0,2009,0,RELIANCE RD,99999999999999999999,0000000,40.3305,-75.30805556,1,1
42,17,11,22,12,45,1,2,1,0,16,3,0,8,0,1,1,1,2,55,1,1,2,1,0,0,1,1,0,0,12,46,12,53,13,7,0,0,0,0,1,1,0,420988,6480,2009,3,SR-2047,99999999999999999999,0000000,40.15467222,-74.91455278,1,1
42,109,11,6,17,39,3,4,0,0,3,3,0,12,1,3,1,1,2,45,1,1,2,1,0,0,2,1,0,0,99,99,99,99,99,99,0,0,0,0,1,6,0,420989,0,2009,111,SR-0035,FRONT ST,0000000,40.76662778,-76.92980278,3,1
42,129,11,25,10,10,4,5,0,1,11,1,0,12,1,1,1,3,2,55,1,1,2,2,0,0,1,2,0,0,10,29,10,38,11,49,0,0,0,0,1,4,0,420990,0,2009,550,I-0070,99999999999999999999,0000000,40.21331944,-79.64529722,4,2
42,29,11,23,20,49,2,7,0,0,14,3,0,37,0,1,5,1,2,45,1,1,2,2,0,0,2,2,0,0,99,99,99,99,99,99,0,0,0,0,2,2,0,420991,0,2009,56,SR-724,99999999999999999999,0000000,40.21493889,-75.60302222,2,2
42,131,11,4,8,50,2,2,0,0,4,2,0,12,4,1,1,1,2,50,2,1,2,1,0,0,1,1,0,0,8,48,9,6,88,88,0,0,0,0,1,4,0,420992,0,2009,44,US-11,99999999999999999999,0000000,41.62010278,-75.77927778,2,1
42,19,11,29,2,13,2,3,0,0,4,3,0,12,4,1,1,1,2,45,1,1,2,1,0,0,2,1,0,0,99,99,99,99,99,99,0,0,0,0,1,1,1,420993,0,2009,104,SR-308,99999999999999999999,0000000,41.04749444,-79.90804722,2,1
42,45,11,9,20,48,2,2,0,1,11,1,0,12,7,1,1,3,3,55,1,1,2,1,0,0,2,1,0,0,20,46,20,49,21,5,0,0,0,0,1,2,0,420994,1270,2009,41,I-95,99999999999999999999,0000000,39.84882778,-75.38168333,2,1
42,1,11,4,12,0,2,3,0,0,5,3,0,12,5,8,1,1,2,45,1,1,2,1,0,0,1,1,0,0,99,99,99,99,99,99,0,0,0,0,1,4,1,420995,0,2009,61,SR-394,99999999999999999999,0000000,39.88412778,-77.16796944,2,1
42,9,11,12,7,12,2,2,0,1,2,2,0,12,4,1,1,1,2,55,1,1,2,1,0,0,1,1,0,0,7,13,7,18,88,88,0,0,0,0,1,5,0,420996,0,2009,218,US-220,99999999999999999999,0000000,39.99679722,-78.52816389,2,1
42,37,11,18,15,42,1,1,0,0,5,3,0,42,0,1,5,1,2,40,2,1,2,1,0,0,1,1,0,0,99,99,99,99,88,88,0,0,0,0,1,4,0,420997,0,2009,39,SR-44,99999999999999999999,0000000,41.05301667,-76.53425,1,1
42,91,11,16,16,6,1,2,1,0,13,3,0,8,0,1,1,1,2,35,1,3,2,1,0,0,1,1,0,0,99,99,99,99,88,88,0,0,0,0,1,2,0,420998,990,2009,44,SR-232,99999999999999999999,0000000,40.131975,-75.06185833,1,1
42,125,11,11,20,53,1,1,0,0,3,3,0,32,0,1,5,1,2,45,2,1,2,1,0,0,2,1,0,0,99,99,99,99,88,88,0,0,0,0,1,4,1,420999,0,2009,79,SR-980,99999999999999999999,0000000,40.32934722,-80.23656944,1,1
42,9,11,11,21,6,1,4,1,0,6,3,0,8,0,2,1,1,2,25,1,1,2,1,20,3,2,1,0,0,21,5,21,9,21,35,0,0,0,0,1,4,0,421000,520,2009,7,SR-4008,ANDERSON ST,0000000,40.01792778,-78.49394444,1,1
42,95,11,3,0,49,1,1,0,1,2,3,0,34,0,1,5,1,2,50,2,2,2,1,0,0,2,1,0,0,99,99,99,99,99,99,0,0,0,0,1,3,1,421001,0,2009,87,SR-248,99999999999999999999,0000000,40.74389722,-75.46347778,1,1
42,91,11,7,10,59,1,2,0,0,6,5,0,42,0,1,4,2,2,35,1,1,2,1,0,0,1,1,0,0,11,3,11,8,11,26,0,0,0,0,1,7,0,421002,0,2009,0,TOOKANY CREEK PY,99999999999999999999,0000000,40.05503056,-75.10121389,1,1
42,47,11,14,14,10,2,2,0,0,6,5,0,12,1,1,1,1,2,30,1,3,2,1,0,0,1,1,0,0,99,99,99,99,88,88,0,0,0,0,1,7,0,421003,0,2009,0,SPRING CREEK RD,99999999999999999999,0000000,41.40441111,-78.85876111,2,1
42,133,11,20,11,42,2,4,0,0,15,3,0,12,5,2,1,1,2,25,1,1,2,1,20,3,1,1,0,0,99,99,99,99,99,99,0,0,0,0,1,6,0,421004,6920,2009,57,SR-2002,CHARLES ST,0000000,39.90218611,-76.610525,2,1
42,19,11,20,14,5,1,3,0,0,5,3,0,1,0,1,2,1,2,40,2,2,2,1,0,0,1,1,0,0,14,6,14,15,14,43,0,0,0,0,1,6,0,421005,0,2009,12,SR-3004,99999999999999999999,0000000,40.81913056,-79.94596111,1,1
42,43,11,11,15,12,1,2,0,0,16,6,0,27,0,3,5,1,2,25,1,1,2,1,3,3,1,1,0,0,99,99,99,99,99,99,0,0,0,0,1,4,1,421006,3500,2009,0,MARKET ST,HALE AV,0000000,40.27169167,-76.848775,1,1
42,49,11,1,2,30,1,1,0,0,3,3,0,53,0,1,4,1,2,40,2,1,2,2,40,3,2,1,0,0,2,34,2,48,88,88,0,0,0,0,1,1,0,421007,0,2009,135,SR-197,99999999999999999999,0000000,42.034625,-80.01903889,1,1
42,37,11,12,9,27,1,2,0,0,3,3,0,42,0,1,4,1,2,55,2,2,2,1,0,0,1,1,0,0,99,99,99,99,99,99,0,0,0,0,1,5,0,421008,0,2009,22,SR-42,99999999999999999999,0000000,40.82845556,-76.33480833,1,1
42,33,11,15,12,25,1,2,0,0,4,3,0,42,0,1,5,1,2,55,1,2,2,1,0,0,1,1,0,0,12,27,12,43,13,11,0,0,0,0,1,1,0,421009,0,2009,283,SR-879,99999999999999999999,0000000,41.10148056,-78.21199444,1,1
42,125,11,29,12,41,3,4,1,1,11,1,0,12,1,1,1,3,2,65,1,1,2,1,0,0,1,1,0,0,12,46,12,54,13,13,0,19,0,0,1,1,0,421010,0,2009,327,I-0079,99999999999999999999,0000000,40.15032778,-80.20425556,3,1
42,29,12,18,6,36,3,4,0,1,13,2,0,12,1,2,1,1,3,45,1,2,2,1,0,0,1,1,0,0,6,39,6,47,7,29,0,0,0,0,1,6,0,421011,0,2009,79,US-0322,HIGHSPIRE RD,0000000,40.06020556,-75.80765,3,1
42,101,11,22,6,1,3,5,1,1,11,1,0,9,0,1,1,3,4,55,1,1,2,1,0,0,3,1,0,0,6,3,6,11,6,30,0,0,0,0,1,1,0,421012,6540,2009,239,I-0095,99999999999999999999,0000000,39.98009722,-75.10583056,3,1
42,101,12,29,3,5,1,3,0,0,13,3,0,33,0,1,4,1,2,25,2,1,2,1,0,0,3,1,0,0,99,99,99,99,99,99,0,0,0,0,1,3,0,421013,6540,2009,1,SR-3015,99999999999999999999,0000000,39.91861944,-75.24689722,1,1
42,101,12,18,12,16,2,2,0,0,16,6,0,12,5,1,1,1,2,35,1,2,2,1,0,0,1,1,0,0,99,99,99,99,99,99,0,0,0,0,1,6,0,421014,6540,2009,0,CHELTEN AV,99999999999999999999,0000000,40.04206111,-75.16835,2,1
42,107,11,14,1,10,1,1,0,0,5,3,0,42,0,1,4,1,2,30,2,2,2,2,0,0,2,2,0,0,99,99,99,99,88,88,0,0,0,0,1,7,1,421015,0,2009,8,SR-1011,99999999999999999999,0000000,40.76006667,-76.065775,1,2
42,19,11,11,13,35,1,1,0,1,2,2,0,1,0,1,1,5,2,55,1,2,2,1,0,0,1,1,0,0,13,36,13,41,88,88,0,0,0,0,1,4,1,421016,0,2009,108,US-422,99999999999999999999,0000000,40.89289444,-79.99785833,1,1
42,33,11,14,22,15,1,1,0,1,2,2,0,11,0,1,1,1,2,40,2,2,2,1,0,0,2,1,0,0,99,99,99,99,99,99,0,0,0,0,1,7,0,421017,0,2009,228,US-219,99999999999999999999,0000000,40.93987778,-78.64042778,1,1
42,33,11,17,6,20,1,12,1,0,4,3,0,8,0,2,1,1,2,55,1,1,2,1,0,0,2,1,0,0,99,99,99,99,88,88,0,0,0,0,1,3,0,421018,0,2009,23,SR-410,SR-4003,0000000,41.03511389,-78.77005,1,1
42,63,11,22,23,0,1,1,0,1,2,2,0,27,0,1,5,1,2,40,2,1,2,1,0,0,2,1,0,0,99,99,99,99,88,88,0,0,0,0,1,1,0,421019,0,2009,231,US-119,99999999999999999999,0000000,40.7357,-79.10428333,1,1
42,129,11,23,8,25,1,5,0,0,3,3,0,30,0,1,4,1,2,45,2,2,2,1,0,0,1,1,0,0,8,34,8,43,9,26,0,0,0,0,1,2,0,421020,0,2009,209,SR-31,99999999999999999999,0000000,40.11663611,-79.39801667,1,1
42,77,11,21,1,31,1,2,0,0,14,3,0,42,0,1,6,1,2,40,2,2,2,1,0,0,2,1,0,0,99,99,99,99,99,99,0,0,0,0,2,7,1,421021,0,2009,33,SR-4022,99999999999999999999,0000000,40.71405833,-75.63508611,1,1
42,43,11,13,4,5,1,1,0,1,11,1,0,23,0,1,2,3,3,55,2,1,2,1,0,0,2,1,0,0,99,99,99,99,88,88,0,0,0,0,1,6,1,421022,3500,2009,429,I-83,99999999999999999999,0000000,40.25329167,-76.86764167,1,1
42,133,11,12,15,8,1,2,0,0,6,3,0,38,0,1,4,1,2,35,1,2,2,1,0,0,1,1,0,0,99,99,99,99,99,99,0,0,0,0,1,5,0,421023,0,2009,6,SR-2081,99999999999999999999,0000000,39.86929444,-76.55179444,1,1
42,77,11,15,18,52,1,1,0,0,14,3,0,42,0,3,5,1,2,45,1,2,2,1,20,3,2,1,0,0,99,99,99,99,88,88,0,0,0,0,1,1,1,421024,0,2009,17,SR-1004,WILLOW BROOK RD,0000000,40.658275,-75.44575833,1,1
42,61,11,15,2,0,1,1,0,1,2,2,0,24,0,1,2,1,2,45,2,3,2,1,0,0,2,5,0,0,99,99,99,99,88,88,0,0,0,0,1,1,0,421025,0,2009,180,US-522,99999999999999999999,0000000,40.30749167,-77.87310833,1,5
42,79,11,17,21,6,1,1,0,0,14,3,0,24,0,3,2,1,2,35,1,1,2,1,20,3,3,1,0,0,99,99,99,99,88,88,0,0,0,0,1,3,1,421026,0,2009,24,SR-940,OAKMONT RD,0000000,40.98693333,-75.94229722,1,1
42,49,11,7,20,0,1,1,0,1,2,2,0,35,0,1,4,1,2,45,2,1,2,1,0,0,2,1,0,0,20,4,20,10,88,88,0,0,0,0,1,7,1,421027,0,2009,36,US-6,99999999999999999999,0000000,41.87589722,-79.982575,1,1
42,117,11,22,2,56,1,2,0,0,5,3,0,1,0,1,1,1,2,40,2,1,2,1,0,0,2,1,0,0,99,99,99,99,99,99,0,0,0,0,1,1,1,421028,0,2009,52,SR-1004,99999999999999999999,0000000,41.86112222,-77.01689444,1,1
42,117,11,19,22,40,1,1,0,0,4,3,0,42,0,1,5,1,2,40,1,1,2,2,0,0,2,5,0,0,99,99,99,99,88,88,0,0,0,0,1,5,0,421029,0,2009,98,SR-2017,99999999999999999999,0000000,41.65778889,-77.04781111,1,5
42,55,11,15,14,30,1,1,0,1,2,2,0,32,0,1,4,1,2,55,2,2,2,1,0,0,1,1,0,0,99,99,99,99,88,88,0,0,0,0,1,1,1,421030,0,2009,39,US-30,99999999999999999999,0000000,39.91837222,-77.91400278,1,1
42,1,11,8,2,57,1,4,1,1,2,2,0,8,0,1,1,2,2,55,1,1,2,1,0,0,2,1,0,0,99,99,99,99,88,88,0,0,0,0,1,1,0,421031,0,2009,250,US-15,99999999999999999999,0000000,40.01930833,-77.09465,1,1
42,91,11,9,23,27,1,1,0,0,13,3,0,30,0,1,6,1,2,45,1,1,2,1,0,0,2,1,0,0,23,26,23,36,88,88,0,0,0,0,1,2,0,421032,0,2009,62,SR-0363,99999999999999999999,0000000,40.18375556,-75.35896667,1,1
42,27,11,17,23,5,1,2,1,1,11,1,0,8,0,15,1,3,2,55,1,2,1,1,0,0,2,1,0,0,23,14,23,19,88,88,0,19,0,0,1,3,0,421033,0,2009,752,I-0099,99999999999999999999,0000000,40.83788611,-77.83265,1,1
42,91,11,1,1,48,1,2,0,0,14,3,0,42,0,1,6,1,2,45,1,2,2,1,0,0,2,1,0,0,1,48,1,52,99,99,0,0,0,0,1,1,1,421034,0,2009,6,SR-4013,99999999999999999999,0000000,40.20679444,-75.541725,1,1
42,39,11,22,3,0,1,1,0,0,4,3,0,42,0,1,5,1,2,45,1,3,2,1,0,0,2,1,0,0,99,99,99,99,88,88,0,0,0,0,1,1,1,421035,0,2009,28,SR-89,99999999999999999999,0000000,41.65716389,-79.65808611,1,1
42,61,11,7,1,35,1,2,1,0,3,3,0,8,0,1,1,1,2,35,1,1,2,1,0,0,3,1,0,0,1,41,1,55,88,88,0,0,0,0,1,7,1,421036,9997,2009,25,SR-913,99999999999999999999,0000000,40.21378056,-78.20446944,1,1
42,61,11,22,15,3,1,1,0,1,2,2,0,27,0,1,4,1,4,55,1,3,2,1,0,0,1,1,0,0,99,99,99,99,99,99,0,0,0,0,1,1,0,421037,0,2009,203,US-22,99999999999999999999,0000000,40.40790556,-77.93188889,1,1
42,111,11,8,16,25,1,1,0,0,3,3,0,11,0,1,1,1,2,55,1,1,2,1,0,0,1,1,0,0,99,99,99,99,99,99,0,0,0,0,1,1,1,421038,0,2009,161,SR-31,99999999999999999999,0000000,39.99166944,-79.00341111,1,1
42,87,11,5,1,50,1,2,0,1,2,2,0,37,0,1,4,2,2,55,1,2,1,1,0,0,6,1,0,0,99,99,99,99,99,99,0,0,0,0,1,5,0,421039,0,2009,229,US-22,99999999999999999999,0000000,40.60824444,-77.58208889,1,1
42,13,12,18,10,40,1,2,1,0,6,5,0,8,0,1,1,1,2,45,1,3,2,1,0,0,1,1,0,0,10,43,10,51,11,26,0,0,0,0,1,6,0,421040,0,2009,0,BLOOMFIELD RD,99999999999999999999,0000000,40.29608333,-78.41655556,1,1
42,101,11,1,10,2,2,5,0,0,13,3,0,12,4,1,1,1,4,35,2,1,2,2,0,0,1,2,0,0,9,59,10,6,10,24,0,0,0,0,1,1,0,421041,6540,2009,30,SR-3007,99999999999999999999,0000000,39.98333333,-75.20282778,2,2
42,17,11,18,11,51,2,2,0,1,13,3,0,12,5,8,1,1,2,45,1,4,2,1,0,0,1,1,0,0,11,51,11,57,12,20,0,0,0,0,1,4,0,421042,0,2009,129,SR-313,99999999999999999999,0000000,40.34595556,-75.15894444,2,1
42,73,11,23,23,3,2,3,0,1,2,2,0,12,2,1,1,1,2,55,1,2,2,2,0,0,6,1,0,0,23,6,23,12,23,43,0,0,0,0,1,2,1,421043,0,2009,60,US-422,99999999999999999999,0000000,41.04409167,-80.42341389,2,1
42,81,11,3,16,49,1,1,0,0,4,3,0,42,0,1,4,1,2,40,1,2,2,1,0,0,2,1,0,0,16,49,17,4,17,28,0,0,0,0,1,3,0,421044,0,2009,101,SR-973,99999999999999999999,0000000,41.31125278,-77.18966389,1,1
42,89,11,2,11,39,1,1,0,0,5,3,0,42,0,1,4,1,2,45,2,1,2,1,0,0,1,1,0,0,99,99,99,99,99,99,0,0,0,0,1,2,0,421045,0,2009,34,SR-715,99999999999999999999,0000000,40.96661389,-75.38963611,1,1
42,45,11,17,8,26,1,1,0,1,13,2,0,32,0,1,5,1,2,45,1,1,2,1,0,0,1,1,0,0,8,26,8,32,88,88,0,0,0,0,1,3,0,421046,0,2009,29,US-322,99999999999999999999,0000000,39.86133056,-75.48276944,1,1
42,125,7,8,16,29,1,1,0,0,6,5,0,1,0,1,1,1,2,35,2,2,2,1,0,0,1,1,0,0,16,29,16,33,99,99,0,0,0,0,1,4,0,421047,0,2009,0,BERRY RD,99999999999999999999,0000000,40.19329167,-80.22783333,1,1
42,55,12,4,7,59,4,4,0,0,6,5,0,12,7,3,1,1,2,35,1,1,2,1,20,3,1,1,0,0,99,99,99,99,99,99,0,14,0,0,1,6,0,421048,0,2009,0,MOUNT ROCK RD,POSSUM HOLLOW RD,0000000,40.014475,-77.53596111,4,1