STATE,COUNTY,MONTH,DAY,HOUR,MINUTE,VE_TOTAL,PERSONS,PEDS,NHS,ROAD_FNC,ROUTE,SP_JUR,HARM_EV,MAN_COLL,REL_JUNC,REL_ROAD,TRAF_FLO,NO_LANES,SP_LIMIT,ALIGNMNT,PROFILE,PAVE_TYP,SUR_COND,TRA_CONT,T_CONT_F,LGT_COND,WEATHER1,WEATHER2,WRK_ZONE,NOT_HOUR,NOT_MIN,ARR_HOUR,ARR_MIN,HOSP_HR,HOSP_MN,SCH_BUS,CF1,CF2,CF3,FATALS,DAY_WEEK,DRUNK_DR,ST_CASE,CITY,YEAR,MILEPT,TWAY_ID,TWAY_ID2,RAIL,LATITUDE,LONGITUD,VE_FORMS,WEATHER
42,133,12,23,17,30,3,6,0,0,6,3,0,12,1,3,1,1,2,55,1,1,2,1,0,0,2,1,0,0,99,99,99,99,99,99,0,14,0,0,2,4,0,421049,0,2009,67,SR-0074,SLAB RD,0000000,39.80040556,-76.36630556,3,1
42,95,12,23,18,0,2,2,1,0,6,5,0,8,0,1,2,1,2,35,1,1,2,1,0,0,2,1,0,0,99,99,99,99,88,88,0,0,0,0,1,4,1,421050,0,2009,0,SUNRISE BL,99999999999999999999,0000000,40.884775,-75.08135833,2,1
42,67,12,13,9,32,2,3,0,1,2,2,0,24,0,1,2,3,2,55,1,1,1,4,0,0,1,2,0,0,99,99,99,99,88,88,0,19,0,0,1,1,0,421051,0,2009,11,US-11,99999999999999999999,0000000,40.64158333,-76.94048611,2,2
42,71,11,19,15,59,2,3,0,1,13,2,0,12,2,1,1,5,2,55,1,2,2,2,0,0,1,2,0,0,99,99,99,99,88,88,0,0,0,0,1,5,0,421052,0,2009,317,US-30,99999999999999999999,0000000,39.98795556,-75.97715556,2,2
42,63,11,24,15,40,2,3,0,0,3,3,0,12,2,1,1,1,2,55,2,2,2,1,40,3,1,1,0,0,15,49,15,54,16,25,0,0,0,0,1,3,0,421053,0,2009,91,SR-286,99999999999999999999,0000000,40.53863333,-79.31996667,2,1
42,49,11,11,17,15,2,3,0,0,6,5,0,12,2,1,1,1,2,40,1,2,2,1,0,0,5,1,0,0,17,13,17,24,88,88,0,0,0,0,3,4,0,421054,0,2009,0,DRAKETOWN RD,99999999999999999999,0000000,41.89484167,-80.08864444,2,1
42,91,12,13,23,24,2,6,3,1,13,3,0,14,4,1,2,1,2,45,1,1,2,4,0,0,2,1,0,0,23,24,23,25,23,50,0,19,0,0,1,1,0,421055,0,2009,114,SR-0029,99999999999999999999,0000000,40.27296944,-75.47368611,1,1
42,71,12,19,15,34,1,4,2,0,6,5,0,49,0,1,1,1,2,40,1,2,2,3,0,0,1,4,0,0,99,99,99,99,99,99,0,0,0,0,1,7,0,421056,0,2009,0,SPRING GARDEN RD,99999999999999999999,0000000,39.99938056,-76.02071667,1,4
42,59,11,18,7,35,2,3,0,0,6,3,0,12,4,1,1,1,2,40,2,2,2,1,0,0,1,1,0,0,99,99,99,99,99,99,0,0,0,0,1,4,0,421057,0,2009,32,SR-2021,99999999999999999999,0000000,39.75916111,-79.99913333,2,1
42,75,11,19,17,27,2,2,0,1,13,2,0,12,2,1,1,1,2,45,1,1,2,2,0,0,2,2,0,0,99,99,99,99,88,88,0,0,0,0,2,5,1,421058,0,2009,126,US-422,99999999999999999999,0000000,40.36465556,-76.34760278,2,2
42,29,11,2,23,32,2,2,0,0,14,3,0,12,7,1,1,1,2,45,1,2,2,1,0,0,2,1,0,0,23,31,23,37,0,10,0,0,0,0,1,2,1,421059,0,2009,99,SR-724,99999999999999999999,0000000,40.16595,-75.55591389,2,1
42,19,11,6,22,40,2,3,1,0,16,6,0,9,0,1,1,1,2,25,1,1,2,1,0,0,3,1,0,0,22,41,22,45,88,88,0,0,0,0,1,6,1,421060,1020,2009,0,ZEIGLER AV,99999999999999999999,0000000,40.85404722,-79.88374722,1,1
42,71,11,3,18,29,2,2,0,0,14,3,0,12,5,2,1,2,2,35,1,1,2,1,3,3,3,1,0,0,99,99,99,99,99,99,0,0,0,0,1,3,0,421061,2630,2009,333,SR-272,MARTIN AV,0000000,40.18731111,-76.18443611,2,1
42,129,11,6,17,55,2,3,1,1,13,2,0,8,0,1,1,1,4,40,1,2,2,1,0,0,2,1,0,0,18,0,18,3,88,88,0,0,0,0,1,6,0,421062,0,2009,13,US-30,99999999999999999999,0000000,40.34669722,-79.76542222,2,1
42,45,12,23,2,15,2,2,0,1,11,1,0,12,7,13,2,6,1,25,1,3,2,3,0,0,2,1,0,0,2,17,2,29,88,88,0,0,0,0,1,4,1,421063,0,2009,64,I-0095 SR 8025 RAMP,99999999999999999999,0000000,39.86596389,-75.3463,2,1
42,101,12,9,2,32,2,5,0,0,16,6,0,12,5,2,1,1,2,99,1,1,2,2,20,3,3,2,0,0,2,32,2,37,2,52,0,0,0,0,1,4,0,421064,6540,2009,0,S CONCOURSE DR,E RD,0000000,39.97723611,-75.20997778,2,2
42,19,12,5,12,11,1,1,0,0,6,5,0,42,0,1,4,1,2,35,2,1,2,2,0,0,1,4,0,0,99,99,99,99,99,99,0,0,0,0,1,7,0,421065,0,2009,0,NORTH RD,99999999999999999999,0000000,40.92159444,-79.98481389,1,4
42,91,12,25,16,40,2,3,0,0,13,3,0,12,2,1,1,1,2,55,1,2,2,2,0,0,5,2,0,0,99,99,99,99,99,99,0,0,0,0,1,6,1,421066,0,2009,127,SR-29,99999999999999999999,0000000,40.28895556,-75.48146944,2,2
42,3,12,30,15,54,2,2,0,0,5,3,0,12,4,1,1,1,2,40,1,2,2,1,0,0,1,1,0,0,15,57,16,17,16,38,0,20,0,0,1,4,0,421067,0,2009,3,SR-1032,99999999999999999999,0000000,40.64781944,-79.743025,2,1
42,129,11,20,5,35,1,1,0,0,4,3,0,37,0,1,4,1,2,45,1,2,2,1,0,0,2,1,0,0,5,41,5,47,88,88,0,0,0,0,1,6,0,421068,0,2009,94,SR-286,99999999999999999999,0000000,40.48446111,-79.54528056,1,1
42,89,11,16,17,59,1,3,1,0,14,3,0,8,0,1,1,1,2,45,1,1,2,1,0,0,2,1,0,0,99,99,99,99,99,99,0,0,0,0,1,2,0,421069,0,2009,28,SR-611,99999999999999999999,0000000,40.98521944,-75.15588611,1,1
42,85,11,17,19,0,1,1,0,1,1,1,0,1,0,1,3,2,2,65,2,1,2,1,0,0,2,1,0,0,19,0,19,11,88,88,0,0,0,0,1,3,1,421070,0,2009,201,I-80,99999999999999999999,0000000,41.19781667,-80.142875,1,1
42,117,12,15,15,30,1,3,0,1,2,2,0,35,0,1,5,1,2,55,2,3,2,2,0,0,1,1,0,0,99,99,99,99,99,99,0,0,0,0,1,3,0,421071,0,2009,399,US-6,99999999999999999999,0000000,41.80014444,-76.96915278,1,1
42,85,12,19,14,39,1,6,0,0,4,3,0,42,0,1,4,1,2,45,2,2,2,3,0,0,1,4,0,0,14,41,14,50,99,99,0,0,0,0,1,7,0,421072,0,2009,22,SR-4020,99999999999999999999,0000000,41.43837222,-80.290825,1,4
42,9,12,5,14,8,1,2,0,1,1,1,0,27,0,1,2,2,2,65,1,1,2,3,0,0,1,4,0,0,14,10,14,20,99,99,0,0,0,0,1,7,0,421073,0,2009,65,I-99,99999999999999999999,0000000,40.1451,-78.51116667,1,4
42,77,12,12,2,20,1,1,0,0,6,3,0,42,0,1,4,1,2,40,1,1,2,4,0,0,2,1,0,0,99,99,99,99,88,88,0,0,0,0,1,7,1,421074,0,2009,11,SR-4022,99999999999999999999,0000000,40.72314167,-75.670475,1,1
42,91,12,12,23,49,1,6,0,1,13,3,0,24,0,1,2,1,4,55,1,1,2,1,0,0,2,1,0,0,23,50,0,0,0,22,0,0,0,0,2,7,0,421075,0,2009,34,SR-100,99999999999999999999,0000000,40.28723611,-75.64382222,1,1
42,25,12,28,8,0,2,2,0,0,3,3,0,12,5,2,1,1,2,55,1,1,2,1,3,3,1,1,0,0,8,14,8,22,99,99,0,0,0,0,1,2,0,421076,0,2009,16,SR-443,SR-3001,0000000,40.78898056,-75.80050556,2,1
42,41,11,30,1,39,2,4,0,0,4,2,0,12,4,1,1,1,2,40,1,1,2,1,0,0,2,1,0,0,99,99,99,99,99,99,0,0,0,0,2,2,1,421077,0,2009,179,US-11,99999999999999999999,0000000,40.18892222,-77.24723056,2,1
42,49,12,12,12,35,1,2,0,0,3,2,0,42,0,1,4,1,4,35,2,2,2,3,0,0,1,1,0,0,12,35,12,37,13,18,0,0,0,0,1,7,0,421078,0,2009,359,US-20,99999999999999999999,0000000,42.18413056,-79.92562222,1,1
42,19,12,25,11,45,1,2,0,0,5,3,0,42,0,1,4,1,2,45,2,2,2,3,0,0,1,2,0,0,11,45,12,4,13,12,0,0,0,0,1,6,0,421079,0,2009,48,SR-3010,99999999999999999999,0000000,40.777675,-79.96906389,1,2
42,99,12,4,14,10,1,1,0,0,4,3,0,30,0,1,2,1,2,45,1,1,2,1,0,0,1,1,0,0,99,99,99,99,88,88,0,0,0,0,1,6,1,421080,0,2009,270,SR-17,99999999999999999999,0000000,40.56392778,-77.12209722,1,1
42,17,12,4,16,5,2,2,0,1,2,3,0,12,5,2,1,1,2,35,1,1,2,1,20,3,1,1,0,0,16,0,16,11,99,99,0,0,0,0,1,6,0,421081,7030,2009,279,SR-611,SPRUCE RD,0000000,40.59030278,-75.19393056,2,1
42,125,12,7,16,25,1,1,0,0,6,3,0,34,0,1,5,1,2,35,1,1,2,1,0,0,5,1,0,0,16,40,16,51,17,43,0,0,0,0,1,2,1,421082,0,2009,99999,SR-4004,99999999999999999999,0000000,,,1,1
42,133,12,8,12,25,1,2,1,0,6,5,0,9,0,1,1,1,2,35,1,1,9,1,0,0,1,1,0,0,99,99,99,99,99,99,0,0,0,0,1,3,0,421083,0,2009,0,INDUSTRIAL HW,99999999999999999999,0000000,39.97957778,-76.67648056,1,1
42,43,12,7,17,10,1,2,1,0,16,5,0,8,0,1,1,1,2,25,1,2,2,1,0,0,2,1,0,0,99,99,99,99,99,99,0,0,0,0,1,2,0,421084,0,2009,0,48TH ST,99999999999999999999,0000000,40.26468333,-76.80506667,1,1
42,89,12,28,17,18,1,3,0,0,3,3,0,36,0,1,5,1,2,45,2,2,2,4,0,0,2,1,0,0,99,99,99,99,99,99,0,0,0,0,1,2,0,421085,0,2009,19,SR-191,99999999999999999999,0000000,40.95563611,-75.19708333,1,1
42,17,12,20,1,0,1,2,0,0,5,3,0,34,0,1,4,1,2,35,2,1,2,3,40,3,2,4,0,0,1,3,1,18,1,40,0,0,0,0,1,1,1,421086,0,2009,9,SR-4057,99999999999999999999,0000000,40.43053056,-75.42266111,1,4
42,133,12,10,12,0,1,1,0,0,16,3,0,42,0,1,5,1,2,35,1,2,2,1,0,0,1,1,0,0,99,99,99,99,99,99,0,0,0,0,1,5,0,421087,0,2009,12,SR-3044,99999999999999999999,0000000,39.91746667,-76.76733056,1,1
42,77,12,8,23,8,1,2,0,0,5,3,0,24,0,3,2,1,2,45,1,2,2,3,20,3,2,4,0,0,99,99,99,99,99,99,0,0,0,0,1,3,1,421088,0,2009,95,SR-4024,REXTOWN RD,0000000,40.76725833,-75.64556944,1,4
42,37,12,19,0,50,1,1,0,0,13,2,0,27,0,1,4,1,2,35,2,1,2,1,0,0,3,1,0,0,99,99,99,99,88,88,0,0,0,0,1,7,0,421089,740,2009,34,US-0011,99999999999999999999,0000000,40.99516389,-76.47278889,1,1
42,3,12,2,16,20,1,1,0,0,14,3,0,37,0,1,4,1,2,55,2,2,2,2,0,0,1,2,0,0,16,22,16,30,88,88,0,0,0,0,1,4,0,421090,0,2009,149,SR-910,99999999999999999999,0000000,40.58705556,-79.88308889,1,2
42,3,12,9,16,5,1,2,1,0,13,3,0,8,0,1,1,1,2,25,1,1,2,1,0,0,1,1,0,0,99,99,99,99,88,88,0,0,0,0,1,4,0,421091,6600,2009,13,SR-2122,99999999999999999999,0000000,40.46919167,-79.96170278,1,1
42,3,12,13,1,40,1,1,0,0,14,3,0,42,0,1,4,1,2,45,2,1,2,1,0,0,2,1,0,0,99,99,99,99,88,88,0,0,0,0,1,1,1,421092,6645,2009,25,SR-2082,99999999999999999999,0000000,40.52846944,-79.80460278,1,1
42,7,12,13,7,20,1,1,0,0,14,3,0,30,0,1,4,1,2,35,1,1,2,4,0,0,1,2,0,0,99,99,99,99,88,88,0,0,0,0,1,1,0,421093,480,2009,116,SR-251,99999999999999999999,0000000,40.77815278,-80.32461667,1,2
42,71,12,13,8,40,1,1,0,0,15,3,0,42,0,1,4,1,2,35,2,1,2,4,0,0,1,3,0,0,99,99,99,99,99,99,0,0,0,0,1,1,0,421094,0,2009,62,SR-1045,99999999999999999999,0000000,40.27688889,-76.09695278,1,3
42,17,12,15,13,41,1,2,1,0,15,3,0,15,0,1,1,1,2,35,2,1,2,1,0,0,1,1,0,0,13,41,13,46,14,3,0,0,0,0,1,3,0,421095,0,2009,5,SR-2009,99999999999999999999,0000000,40.09070556,-74.916425,1,1
42,131,12,12,16,55,1,2,1,1,2,2,0,9,0,1,2,1,3,35,1,2,2,1,0,0,5,1,0,0,16,57,17,5,99,99,0,0,0,0,1,7,0,421096,0,2009,88,US-6,99999999999999999999,0000000,41.61216111,-76.03378611,1,1
42,69,12,24,21,40,1,1,0,0,4,3,0,37,0,1,4,1,2,45,2,1,2,1,0,0,2,1,0,0,21,37,21,45,88,88,0,0,0,0,1,5,0,421097,0,2009,196,SR-307,99999999999999999999,0000000,41.48436667,-75.77675556,1,1
42,27,12,5,12,30,1,2,1,0,4,3,0,8,0,1,1,1,2,35,2,1,2,3,0,0,1,4,0,0,12,41,12,56,13,52,0,0,0,0,1,7,0,421098,0,2009,8,SR-3049,99999999999999999999,0000000,40.81443056,-78.23553611,1,4
42,63,12,6,3,20,1,1,0,0,4,3,0,42,0,1,4,1,2,55,2,2,2,2,0,0,2,9,0,0,99,99,99,99,88,88,0,0,0,0,1,1,1,421099,0,2009,332,SR-403,99999999999999999999,0000000,40.73688056,-79.02968056,1,9
42,63,12,3,12,46,2,3,0,1,13,2,0,12,5,2,1,3,2,55,1,1,2,2,3,3,1,1,0,0,99,99,99,99,99,99,0,0,0,0,1,5,0,421100,0,2009,20,US-22,VILLA RD,0000000,40.44252222,-79.23566667,2,1
42,9,12,1,13,25,2,3,0,0,3,3,0,12,4,2,1,1,2,55,1,1,2,1,20,3,1,1,0,0,13,30,13,40,14,0,0,0,0,0,1,3,0,421101,0,2009,126,SR-31,MAIN ST,0000000,40.01098333,-78.58765,2,1
42,17,12,10,6,2,1,1,0,0,6,5,0,42,0,1,5,1,2,35,2,1,2,1,8,3,2,1,0,0,6,5,6,13,6,53,0,0,0,0,1,5,1,421102,0,2009,0,RIDGEVIEW DR,99999999999999999999,0000000,40.38054444,-75.08380278,1,1
42,45,12,14,18,18,2,2,0,0,15,3,0,12,4,1,1,1,2,30,2,2,2,1,0,0,3,1,0,0,18,18,18,24,19,9,0,0,0,0,1,2,1,421103,0,2009,9,SR-1018,99999999999999999999,0000000,39.99068056,-75.32905278,2,1
42,3,12,23,2,32,1,1,0,0,16,6,0,37,0,1,5,1,2,35,2,2,2,2,0,0,2,1,0,0,2,35,2,39,88,88,0,0,0,0,1,4,1,421104,3013,2009,0,LOCUST RD,99999999999999999999,0000000,40.587175,-80.11210833,1,1
42,129,12,13,7,26,2,2,0,1,13,2,0,24,0,1,2,3,2,55,1,2,1,4,0,0,4,2,0,0,7,59,8,12,88,88,0,0,0,0,1,1,0,421105,5645,2009,34,US-22,99999999999999999999,0000000,40.416175,-79.64388333,2,2
42,71,12,13,3,55,2,3,0,1,2,2,0,12,2,1,1,2,2,65,1,2,1,1,0,0,2,1,0,0,99,99,99,99,99,99,0,0,0,0,1,1,1,421106,0,2009,437,US-222,99999999999999999999,0000000,40.19763333,-76.12198333,2,1
42,17,12,3,13,30,2,2,0,0,14,3,0,12,5,2,1,1,2,45,1,1,2,1,20,3,1,1,0,0,99,99,99,99,88,88,0,0,0,0,1,5,0,421107,0,2009,55,SR-2079,LOWER MOUNTAIN RD,0000000,40.28264167,-75.06888333,2,1
42,27,12,2,16,25,2,3,0,0,3,3,0,12,2,1,1,1,2,55,1,3,2,2,0,0,5,2,0,0,16,26,99,99,88,88,0,0,0,0,1,4,0,421108,0,2009,45,SR-350,99999999999999999999,0000000,40.78808056,-78.23604722,2,2
42,127,12,18,12,48,1,1,0,0,4,3,0,43,0,1,4,1,2,45,2,2,2,1,0,0,1,1,0,0,12,48,12,50,88,88,0,0,0,0,1,6,0,421109,0,2009,80,SR-0296,99999999999999999999,0000000,41.55570556,-75.40710833,1,1
42,85,12,1,18,26,2,2,0,1,13,3,0,12,3,1,1,5,2,55,1,1,2,1,0,0,2,1,0,0,99,99,99,99,99,99,0,0,0,0,1,3,0,421110,3604,2009,117,SR-18,99999999999999999999,0000000,41.25405833,-80.45140556,2,1
42,29,12,29,7,42,1,1,0,0,15,3,0,18,0,1,1,1,2,35,1,1,2,1,0,0,1,1,0,0,7,45,7,57,8,32,0,0,0,0,1,3,0,421111,0,2009,25,SR-3100,99999999999999999999,0000000,39.89302222,-75.61345833,1,1
42,71,12,30,20,3,1,1,0,0,15,3,0,17,0,1,5,1,2,40,1,1,2,1,0,0,2,1,0,0,99,99,99,99,99,99,0,0,0,0,1,4,0,421112,0,2009,46,SR-4011,99999999999999999999,0000000,40.11659722,-76.340175,1,1
42,129,12,31,21,30,1,2,1,0,16,6,0,8,0,1,1,1,2,25,1,2,2,2,0,0,3,2,0,0,21,34,21,40,88,88,0,0,0,0,1,5,0,421113,5880,2009,0,FREEPORT RD,99999999999999999999,0000000,40.58578056,-79.75614167,1,2
42,77,12,7,9,14,1,2,1,0,16,6,0,8,0,2,1,1,2,35,1,1,2,2,0,0,1,1,0,0,99,99,99,99,99,99,0,0,0,0,1,2,0,421114,110,2009,0,HANOVER AV,JASPER ST,0000000,40.61758056,-75.43961944,1,1
42,125,12,8,19,4,1,2,1,0,14,3,0,8,0,2,1,1,2,25,1,1,2,2,1,3,3,2,0,0,19,1,19,3,19,26,0,0,0,0,1,3,0,421115,1070,2009,68,SR-1009,HUTCHINSON AV,0000000,40.25807778,-80.19409167,1,2
42,71,12,31,3,31,1,3,0,0,4,3,0,53,0,1,5,1,2,40,2,2,2,1,0,0,2,1,0,0,99,99,99,99,99,99,0,0,0,0,1,5,1,421116,0,2009,3,SR-4018,99999999999999999999,0000000,40.13630278,-76.5833,1,1
42,101,12,7,18,50,2,5,0,0,14,3,0,12,3,1,1,1,2,25,1,1,2,1,0,0,3,1,0,0,18,52,18,58,19,38,0,0,0,0,1,2,0,421117,6540,2009,72,SR-2001,99999999999999999999,0000000,39.97905556,-75.10886111,2,1
42,3,12,27,16,38,1,1,0,0,16,6,0,37,0,1,5,1,2,25,1,2,2,1,0,0,1,1,0,0,16,38,16,46,17,7,0,0,0,0,1,1,1,421118,4460,2009,0,LIBERTY WY,99999999999999999999,0000000,40.32889444,-79.85687222,1,1
42,3,12,27,7,36,2,3,0,1,13,3,0,26,0,1,2,5,4,40,2,1,2,4,0,0,1,1,0,0,7,38,7,45,8,15,0,0,0,0,1,1,0,421119,3950,2009,84,SR-0051,99999999999999999999,0000000,40.29794722,-79.92035556,2,1
42,91,9,13,7,59,2,1,0,0,16,6,0,30,0,1,6,1,2,25,1,1,2,1,0,0,1,1,0,0,8,0,8,7,8,17,0,0,0,0,1,1,1,421120,4230,2009,0,LINE ST,99999999999999999999,0000000,40.23776111,-75.28061667,1,1
42,3,12,13,6,25,2,2,0,0,14,3,0,12,2,1,1,1,2,35,1,1,2,1,0,0,3,1,0,0,5,28,5,40,6,30,0,0,0,0,1,1,1,421121,0,2009,49,SR-2058,99999999999999999999,0000000,40.48316389,-79.82385278,2,1
42,125,11,13,6,32,1,1,0,0,3,3,0,30,0,1,2,1,2,45,1,1,2,1,0,0,4,1,0,0,99,99,99,99,88,88,0,0,0,0,1,6,0,421122,0,2009,127,SR-0136,99999999999999999999,0000000,40.189625,-80.03013333,1,1
42,69,12,3,4,0,2,2,0,1,12,2,0,12,8,1,1,3,2,45,2,2,1,2,0,0,2,2,0,0,4,2,4,10,4,56,0,0,0,0,1,5,1,421123,0,2009,234,US-6,99999999999999999999,0000000,41.57710556,-75.47234167,2,2
42,3,12,8,17,12,2,2,0,0,14,3,0,12,2,1,1,1,2,45,1,2,2,1,0,0,5,1,0,0,99,99,99,99,99,99,0,0,0,0,1,3,1,421124,0,2009,62,SR-3089,99999999999999999999,0000000,40.52698889,-80.24686111,2,1
42,131,12,6,3,4,1,1,0,0,4,3,0,34,0,1,4,1,2,25,2,1,2,3,0,0,2,4,0,0,3,0,3,23,88,88,0,0,0,0,1,1,1,421125,0,2009,229,SR-92,99999999999999999999,0000000,41.628825,-75.77215,1,4
42,55,12,4,14,35,2,4,0,0,6,3,0,12,5,8,1,1,2,40,1,4,2,1,0,0,1,1,0,0,99,99,99,99,99,99,0,0,0,0,1,6,0,421126,0,2009,19,SR-2019,99999999999999999999,0000000,39.78590278,-77.63033611,2,1
42,125,12,21,23,35,2,2,0,0,13,3,0,30,0,1,4,1,2,55,1,1,2,2,0,0,2,1,0,0,99,99,99,99,88,88,0,0,0,0,1,2,0,421127,0,2009,90,SR-837,99999999999999999999,0000000,40.217775,-79.96740556,2,1
42,107,12,31,7,45,2,2,0,1,1,1,0,12,2,1,1,2,2,65,1,1,2,3,0,0,1,4,0,0,7,47,8,12,9,20,0,0,0,0,1,5,0,421128,0,2009,1010,I-81,99999999999999999999,0000000,40.553875,-76.43095556,2,4
42,121,12,20,20,58,2,8,0,0,3,3,0,12,4,1,1,1,2,45,2,2,2,3,0,0,2,4,0,0,20,59,21,37,99,99,0,0,0,0,1,1,0,421129,0,2009,112,SR-417,99999999999999999999,0000000,41.52415,-79.729,2,4
42,77,12,26,21,21,2,3,0,1,13,3,0,12,2,1,1,5,4,40,1,1,2,2,0,0,3,2,0,0,99,99,99,99,99,99,0,0,0,0,1,7,0,421130,660,2009,7,SR-0987,99999999999999999999,0000000,40.65341389,-75.429575,2,2
42,41,12,13,11,50,2,2,0,0,6,5,0,23,0,1,4,1,2,40,1,1,2,2,0,0,1,2,0,0,99,99,99,99,88,88,0,0,0,0,1,1,0,421131,0,2009,0,MIDDLESEX RD,99999999999999999999,0000000,40.22795556,-77.130825,2,2
42,129,12,15,18,45,1,1,0,0,16,6,0,5,0,1,1,1,2,25,1,2,4,2,0,0,3,1,0,0,99,99,99,99,88,88,0,0,0,0,1,3,1,421132,1980,2009,0,BLAIR WY,99999999999999999999,0000000,40.33733056,-79.29610278,1,1
42,29,12,2,10,1,2,6,0,0,15,3,0,12,2,1,1,1,2,45,1,2,2,1,0,0,1,1,0,0,10,2,10,11,10,48,0,0,0,0,2,4,0,421133,0,2009,62,SR-340,99999999999999999999,0000000,40.005825,-75.83573889,2,1
42,71,12,7,17,39,2,3,0,1,13,2,0,12,5,10,1,1,2,35,1,1,2,1,3,3,3,1,0,0,99,99,99,99,99,99,0,0,0,0,1,2,0,421134,0,2009,134,US-322,US-222-SR8034 RAMP,0000000,40.16365,-76.15233333,2,1
42,11,12,5,19,6,1,2,1,0,6,5,0,8,0,1,1,1,2,25,1,1,2,3,0,0,2,4,0,0,99,99,99,99,88,88,0,0,0,0,1,7,1,421135,0,2009,0,CARAMIST DR,99999999999999999999,0000000,40.32296111,-76.04803056,1,4
42,97,12,13,9,0,2,2,0,1,13,3,0,13,4,1,1,2,2,55,2,1,2,4,0,0,1,2,0,0,9,0,9,17,9,45,0,0,0,0,1,1,0,421136,0,2009,109,SR-61,99999999999999999999,0000000,40.80308056,-76.58020833,2,2
42,129,12,26,16,40,2,3,0,1,2,3,0,12,2,1,1,1,2,55,2,2,2,2,0,0,1,1,0,0,16,48,16,54,99,99,0,0,0,0,2,7,0,421137,0,2009,148,SR-56,99999999999999999999,0000000,40.41416944,-79.00538333,2,1
42,15,12,20,9,30,2,3,0,0,3,3,0,12,4,1,1,1,2,55,2,2,2,1,0,0,1,1,0,0,99,99,99,99,99,99,0,0,0,0,1,1,1,421138,0,2009,213,SR-14,99999999999999999999,0000000,41.86888333,-76.81408056,2,1
42,33,12,30,12,10,2,2,0,1,2,2,0,24,0,1,2,1,2,55,2,1,2,3,0,0,1,1,0,0,99,99,99,99,99,99,0,0,0,0,1,4,0,421139,0,2009,49,US-219,99999999999999999999,0000000,40.78898611,-78.77660833,2,1
42,19,12,17,9,25,1,1,0,0,3,3,0,35,0,1,4,1,2,55,2,3,2,1,40,3,1,1,0,0,9,36,9,47,88,88,0,0,0,0,1,5,0,421140,0,2009,340,SR-68,99999999999999999999,0000000,40.96920833,-79.69121944,1,1
42,37,12,3,2,51,1,1,0,0,16,6,0,1,0,1,1,4,1,55,2,2,4,1,0,0,2,1,0,0,99,99,99,99,88,88,0,20,0,0,1,5,0,421141,8125,2009,0,KLINE RD,99999999999999999999,0000000,41.137875,-76.37287222,1,1
42,53,12,13,23,25,1,1,0,0,3,3,0,34,0,1,5,1,2,45,1,1,2,3,0,0,2,4,0,0,23,27,23,32,88,88,0,0,0,0,1,1,1,421142,0,2009,65,SR-66,99999999999999999999,0000000,41.478525,-79.11097778,1,4
42,65,12,18,0,35,1,1,0,0,5,3,0,17,0,1,4,1,2,55,2,1,2,1,0,0,2,1,0,0,99,99,99,99,88,88,0,0,0,0,1,6,1,421143,0,2009,52,SR-3039,99999999999999999999,0000000,41.14072222,-79.07848056,1,1
42,49,12,24,20,2,1,1,0,1,2,2,0,53,0,1,4,1,2,55,2,1,2,2,0,0,2,1,0,0,20,8,20,12,20,41,0,0,0,0,1,5,0,421144,0,2009,89,US-006A,99999999999999999999,0000000,41.88425833,-80.32765278,1,1
42,101,12,4,22,45,1,2,1,0,14,3,0,8,0,1,1,1,4,35,1,1,2,1,0,0,3,1,0,0,22,46,22,50,88,88,0,0,0,0,1,6,0,421145,6540,2009,48,SR-1007,99999999999999999999,0000000,40.04641111,-74.993825,1,1
42,101,12,28,1,14,1,2,0,0,16,6,0,33,0,1,4,1,2,35,1,1,9,1,0,0,3,1,0,0,99,99,99,99,99,99,0,0,0,0,1,2,1,421146,6540,2009,0,G ST,99999999999999999999,0000000,40.00915278,-75.11277778,1,1
42,69,12,8,8,19,2,8,0,0,4,3,0,12,1,8,1,1,2,35,1,2,2,1,8,3,1,1,0,0,8,27,8,33,9,3,1,0,0,0,1,3,0,421147,0,2009,86,SR-0435,99999999999999999999,0000000,41.35574167,-75.52776944,2,1
44,9,1,28,5,36,1,2,1,0,14,3,0,8,0,1,1,1,2,25,1,1,2,3,0,0,2,4,0,0,5,44,5,48,6,1,0,0,0,0,1,4,0,440001,240,2009,0,SR-1A,99999999999999999999,0000000,41.37313611,-71.83082222,1,4
44,9,2,20,22,2,1,2,1,1,13,2,0,8,0,1,1,2,2,40,1,1,2,1,0,0,2,1,0,0,22,3,22,8,22,22,0,0,0,0,1,6,0,440002,240,2009,0,US-1,99999999999999999999,0000000,41.35175833,-71.76609722,1,1
44,7,3,1,21,7,2,2,0,1,11,1,0,24,0,1,4,3,3,65,1,1,2,3,0,0,2,4,0,0,99,99,99,99,88,88,0,0,0,0,1,1,0,440003,206,2009,70,I-295,99999999999999999999,0000000,41.87335,-71.51487222,2,4