STATE,COUNTY,MONTH,DAY,HOUR,MINUTE,VE_TOTAL,PERSONS,PEDS,NHS,ROAD_FNC,ROUTE,SP_JUR,HARM_EV,MAN_COLL,REL_JUNC,REL_ROAD,TRAF_FLO,NO_LANES,SP_LIMIT,ALIGNMNT,PROFILE,PAVE_TYP,SUR_COND,TRA_CONT,T_CONT_F,LGT_COND,WEATHER1,WEATHER2,WRK_ZONE,NOT_HOUR,NOT_MIN,ARR_HOUR,ARR_MIN,HOSP_HR,HOSP_MN,SCH_BUS,CF1,CF2,CF3,FATALS,DAY_WEEK,DRUNK_DR,ST_CASE,CITY,YEAR,MILEPT,TWAY_ID,TWAY_ID2,RAIL,LATITUDE,LONGITUD,VE_FORMS,WEATHER
44,7,3,18,9,54,2,3,0,0,13,3,0,12,5,2,1,1,2,50,1,1,2,1,20,3,1,1,0,0,99,99,99,99,99,99,0,0,0,0,1,4,0,440004,32,2009,99999,SR-102,LAPHAM FARM RD,0000000,41.94305278,-71.65929167,2,1
44,7,2,7,23,37,2,7,0,1,13,2,0,12,5,1,1,1,4,35,1,1,2,2,0,0,2,1,0,0,23,39,23,42,0,10,0,0,0,0,3,7,1,440005,50,2009,99999,US-1,99999999999999999999,0000000,41.76395,-71.42546667,2,1
44,7,4,7,23,21,3,3,0,0,4,3,0,12,2,1,1,1,2,30,1,2,2,1,0,0,2,1,0,0,99,99,99,99,99,99,0,0,0,0,1,3,1,440006,202,2009,0,SR-12 TUNK HILL RD,99999999999999999999,0000000,41.75901944,-71.57524167,3,1
44,7,4,20,12,56,1,2,1,0,16,6,0,8,0,1,1,1,2,25,1,1,2,1,0,0,1,1,0,0,12,56,13,2,13,39,0,0,0,0,1,2,0,440007,206,2009,0,MOUNTAINDALE RD,99999999999999999999,0000000,41.88163889,-71.53155278,1,1
44,7,4,13,6,5,2,2,0,1,13,2,0,12,1,1,1,1,2,35,1,1,2,1,0,0,1,1,0,0,6,4,6,11,6,35,0,0,0,0,1,2,0,440008,206,2009,0,US-44,99999999999999999999,0000000,41.86804167,-71.50591111,2,1
44,7,4,25,23,55,1,1,0,0,14,6,0,30,0,1,5,1,2,25,1,1,2,1,0,0,3,1,0,0,23,56,23,59,0,21,0,0,0,0,1,7,1,440009,156,2009,0,FRUIT HILL AVE,99999999999999999999,0000000,41.84875278,-71.46507778,1,1
44,7,5,13,16,25,2,1,0,0,16,6,0,14,2,2,5,2,4,25,2,1,2,1,0,0,1,1,0,0,16,25,16,31,16,40,0,0,0,0,1,4,1,440010,190,2009,0,PLEASANT VALLEY PKWY,CANTON ST,0000000,41.83478056,-71.44250278,1,1
44,3,5,22,21,43,2,3,0,0,13,3,0,12,1,1,1,1,2,35,1,1,2,1,0,0,3,1,0,0,21,43,21,44,22,16,0,0,0,0,1,6,1,440011,230,2009,0,SR-117,99999999999999999999,0000000,41.70194722,-71.43345,2,1
44,9,4,17,22,26,1,1,0,0,13,3,0,1,0,1,2,1,2,25,2,9,2,1,0,0,2,1,0,0,22,26,22,26,22,50,0,0,0,0,1,6,1,440012,155,2009,0,SR-102,99999999999999999999,0000000,41.56711389,-71.45810278,1,1
44,9,4,17,5,55,1,1,0,1,2,2,9,27,0,2,6,3,4,50,2,2,2,1,0,0,2,1,0,0,99,99,99,99,88,88,0,0,0,0,1,6,1,440013,45,2009,0,US-1,KINGS FACTORY RD,0000000,41.38492222,-71.66021389,1,1
44,1,6,3,18,58,2,2,0,0,13,3,0,12,5,2,1,1,2,30,1,1,2,1,20,3,1,1,0,0,18,55,19,1,20,18,0,0,0,0,1,4,0,440014,225,2009,0,SR-114,SEYMOUR ST.,0000000,41.71609167,-71.28092778,2,1
44,7,6,6,1,20,1,2,0,0,16,6,0,30,0,2,4,1,2,25,1,1,2,2,0,0,3,2,0,0,1,16,1,21,1,34,0,0,0,0,1,7,1,440015,190,2009,0,ACADEMY AVE,WABUN AVE,0000000,41.84032778,-71.44503611,1,2
44,7,6,10,0,38,1,5,0,1,1,1,0,42,0,1,4,2,3,65,2,9,9,2,0,0,2,5,0,0,99,99,99,99,99,99,0,0,0,0,2,4,1,440016,206,2009,0,I-295,99999999999999999999,0000000,41.89256667,-71.52322778,1,5
44,1,8,23,1,32,1,2,1,0,13,3,0,8,0,2,4,1,2,35,1,2,2,2,0,0,3,2,0,0,99,99,1,42,1,43,0,0,0,0,1,1,1,440017,30,2009,0,SR-114,MEADOW LN,0000000,41.69802222,-71.27955556,1,2
44,5,7,25,15,5,1,1,0,0,14,3,0,24,0,1,4,1,2,25,2,2,2,1,0,0,1,1,0,0,99,99,99,99,99,99,0,0,0,0,1,7,1,440018,135,2009,0,SR-138A,99999999999999999999,0000000,41.4999,-71.27929722,1,1
44,9,8,30,19,34,2,2,0,0,6,4,0,12,2,1,1,1,2,35,2,2,2,1,0,0,1,1,0,0,19,33,19,38,19,53,0,0,0,0,1,1,1,440019,240,2009,0,WINNIPAUG RD,99999999999999999999,0000000,41.33509167,-71.81505278,2,1
44,7,9,1,15,0,1,6,0,1,11,1,0,1,0,1,2,3,3,55,1,1,2,1,0,0,1,1,0,0,15,10,15,12,15,25,0,0,0,0,2,3,0,440021,105,2009,99999,I-295,99999999999999999999,0000000,41.82857778,-71.51751944,1,1
44,7,5,31,2,0,3,7,1,1,11,1,0,12,1,1,1,3,4,55,2,1,2,1,0,0,3,1,0,0,99,99,99,99,99,99,0,19,0,0,1,1,1,440022,190,2009,0,I-95,99999999999999999999,0000000,41.82849722,-71.418,3,1
44,9,9,4,22,58,1,1,0,0,13,3,0,37,0,1,5,2,4,35,1,1,2,1,0,0,3,1,0,0,99,99,99,99,99,99,0,0,0,0,1,6,0,440023,155,2009,0,SR-2,99999999999999999999,0000000,41.58505,-71.50151389,1,1
44,7,6,7,17,6,2,4,0,0,16,6,0,12,2,1,4,1,2,30,1,1,2,1,0,0,1,1,0,0,99,99,99,99,99,99,0,0,0,0,2,1,0,440024,50,2009,0,EAST ST,99999999999999999999,0000000,41.73181944,-71.46793056,2,1
44,3,5,1,7,7,1,2,1,1,12,3,0,8,0,10,1,1,2,25,1,1,2,1,1,3,1,1,0,0,7,6,7,10,88,88,1,0,0,0,1,6,0,440025,230,2009,99999,SR-117,PILGRIM PKWY,0000000,41.74518889,-71.40731389,1,1
44,5,5,2,23,16,1,1,0,1,12,3,0,24,0,1,4,3,4,40,2,1,2,1,0,0,3,1,0,0,23,18,23,20,88,88,0,0,0,0,1,7,1,440026,150,2009,0,SR-13,99999999999999999999,0000000,41.49951389,-71.32204167,1,1
44,7,6,17,21,33,2,2,0,0,16,6,0,12,5,2,2,1,2,25,1,1,2,1,0,0,3,1,0,0,99,99,99,99,88,88,0,0,0,0,1,4,0,440027,190,2009,0,ARLINGTON AVE,IRVING AVE,0000000,41.83243056,-71.39362222,2,1
44,7,6,26,5,45,1,1,0,0,13,3,0,24,0,1,4,3,2,35,2,1,2,1,0,0,1,1,0,0,5,50,5,54,88,88,0,0,0,0,1,6,0,440028,159,2009,0,SR-146A,99999999999999999999,0000000,41.97235,-71.50928056,1,1
44,9,7,12,19,5,1,2,0,0,6,4,0,39,0,1,5,1,2,25,2,1,2,1,0,0,1,1,0,0,18,56,19,6,19,35,0,0,0,0,1,1,1,440029,194,2009,0,BEAVER RIVER RD,99999999999999999999,0000000,41.48961389,-71.62957222,1,1
44,9,7,26,20,49,2,1,0,1,1,1,0,12,1,1,1,3,2,65,1,1,2,9,0,0,9,9,0,0,20,57,21,9,22,0,0,0,0,0,1,1,0,440030,84,2009,99999,I-95,99999999999999999999,0000000,41.45855278,-71.77385278,2,9
44,7,7,30,15,52,2,3,0,1,2,3,0,12,5,4,1,1,2,35,1,1,2,1,0,0,1,1,0,0,99,99,99,99,99,99,0,0,0,0,2,5,0,440031,47,2009,99999,SR-114,99999999999999999999,0000000,42.00408889,-71.41851389,2,1
44,5,7,30,19,53,2,2,0,0,5,6,0,12,2,1,1,1,2,40,1,2,2,1,0,0,1,1,0,0,19,53,19,55,88,88,0,0,0,0,1,5,1,440032,115,2009,0,PECKHAM RD,99999999999999999999,0000000,41.53245,-71.16655833,2,1
44,3,9,20,1,33,2,3,0,1,2,3,0,12,7,2,1,1,2,35,2,1,2,1,0,0,2,1,0,0,1,33,1,45,2,38,0,0,0,0,1,1,0,440033,48,2009,99999,SR-117,STONE MOUNTAIN LN,0000000,41.70241111,-71.67111389,2,1
44,7,8,7,23,13,1,5,1,0,3,3,0,8,0,1,1,1,2,50,9,2,2,1,0,0,2,1,0,0,99,99,99,99,99,99,0,0,0,0,1,6,0,440034,59,2009,0,SR-101,99999999999999999999,0000000,41.85492222,-71.752225,1,1
44,9,8,16,21,8,1,1,0,1,2,2,0,52,0,1,3,3,4,50,1,1,2,1,0,0,2,1,0,0,21,8,21,11,88,88,0,0,0,0,1,1,1,440035,45,2009,99999,US-1,99999999999999999999,0000000,41.37358889,-71.67094167,1,1
44,7,8,21,2,57,2,4,0,1,11,1,0,5,0,15,1,3,3,55,2,9,2,1,0,0,2,1,0,0,3,0,3,13,3,23,0,0,0,0,1,6,0,440036,50,2009,0,I-95,99999999999999999999,0000000,41.78513611,-71.42297778,2,1
44,7,12,11,1,30,1,3,0,0,13,3,0,31,0,2,4,1,2,25,9,9,2,1,0,0,3,1,0,0,99,99,99,99,99,99,0,0,0,0,2,6,0,440037,190,2009,0,SR-7,STANSBURY-ST,0000000,41.85031944,-71.43385556,1,1
44,3,6,7,23,43,1,1,0,0,13,3,0,33,0,1,5,1,2,35,2,2,2,1,0,0,3,1,0,0,23,43,23,45,23,55,0,0,0,0,1,1,1,440038,230,2009,0,SR-117 W SHORE RD,99999999999999999999,0000000,41.69911111,-71.45101111,1,1
44,7,6,11,21,29,1,1,0,0,13,3,0,34,0,1,5,1,2,25,1,1,2,2,0,0,2,2,0,0,99,99,99,99,99,99,0,0,0,0,1,5,1,440039,32,2009,99999,SR-7,99999999999999999999,0000000,41.99216111,-71.63073056,1,2
44,3,7,18,1,45,1,2,0,1,13,2,0,42,0,1,5,1,2,25,2,1,2,2,0,0,6,2,0,0,1,50,1,54,99,99,0,0,0,0,1,7,1,440040,55,2009,0,US-1,99999999999999999999,0000000,41.65883333,-71.45030278,1,2
44,5,6,13,18,30,1,2,0,0,12,3,0,33,0,5,5,6,1,55,2,9,2,1,0,0,1,1,0,0,18,45,18,52,19,15,0,0,0,0,1,7,1,440041,212,2009,0,SR-24,99999999999999999999,0000000,41.64078333,-71.20513889,1,1
44,7,11,2,14,42,1,1,0,1,11,1,0,1,0,1,6,3,3,65,1,1,2,2,0,0,1,2,0,0,14,42,99,99,88,88,0,0,0,0,1,2,0,440042,112,2009,0,I-295,99999999999999999999,0000000,41.94951667,-71.48366111,1,2
44,5,11,7,20,17,1,3,1,0,14,3,0,8,0,1,1,1,2,25,1,1,2,1,0,0,2,1,0,0,20,17,99,99,99,99,0,0,0,0,1,7,0,440043,212,2009,0,SR-138,99999999999999999999,0000000,41.67249444,-71.18488333,1,1
44,9,11,1,16,30,2,3,0,0,13,3,0,12,5,2,1,1,2,40,1,2,2,1,0,0,1,1,0,0,16,30,99,99,99,99,0,0,0,0,1,1,0,440044,194,2009,0,SR-138,SR-112,0000000,41.4999,-71.66167222,2,1
44,5,12,3,15,58,1,1,0,0,12,3,0,25,0,1,6,3,2,30,9,9,2,1,21,3,1,1,0,0,99,99,99,99,99,99,0,0,0,0,1,5,0,440045,185,2009,0,SR-24,99999999999999999999,0000000,41.62862778,-71.24406389,1,1
44,7,11,20,1,29,1,3,0,0,12,3,0,52,0,1,4,3,2,50,1,1,2,2,0,0,3,2,0,0,1,29,99,99,99,99,0,0,0,0,1,6,1,440046,50,2009,0,SR-10,99999999999999999999,0000000,41.78965556,-71.43686111,1,2
44,7,9,13,0,0,1,4,0,1,13,2,0,30,0,1,4,2,2,99,1,1,2,2,0,0,2,2,0,0,0,0,99,99,99,99,0,0,0,0,1,1,1,440047,190,2009,0,US-1 NORTH MAIN ST,99999999999999999999,0000000,41.85383611,-71.400725,1,2
44,7,12,4,5,30,1,2,1,0,12,3,0,8,0,2,1,3,3,45,1,1,2,1,3,3,4,1,0,0,88,88,88,88,88,88,0,0,0,0,1,6,0,440048,159,2009,0,SR-146,SAYLES HILL RD,0000000,41.960575,-71.49408889,1,1
44,1,12,7,18,37,1,2,1,0,16,6,0,8,0,10,1,1,2,25,1,1,2,1,0,0,2,1,0,0,18,38,18,40,19,12,0,0,0,0,1,2,0,440049,30,2009,0,GRISWOLD AVE,CHURCH COVE RD,0000000,41.66223611,-71.25655278,1,1
44,7,12,10,2,59,1,1,0,0,13,3,0,25,0,5,6,6,1,35,2,1,9,1,0,0,3,1,0,0,99,99,99,99,88,88,0,0,0,0,1,5,1,440050,112,2009,0,SR-116,99999999999999999999,0000000,41.93453056,-71.46579722,1,1
44,9,9,11,22,53,1,1,0,0,2,3,0,30,0,1,6,1,2,35,2,1,2,2,0,0,2,2,1,0,22,53,99,99,99,99,0,0,0,0,1,6,1,440051,84,2009,0,SR-138,99999999999999999999,0000000,41.52252222,-71.76284444,1,2
44,7,9,7,6,13,1,1,0,1,11,1,0,1,0,1,4,3,2,65,1,1,2,1,0,0,1,1,0,0,99,99,99,99,88,88,0,0,0,0,1,2,1,440052,105,2009,99999,I-295,99999999999999999999,0000000,41.80523056,-71.51094444,1,1
44,3,7,7,0,13,1,1,0,0,16,6,0,42,0,1,5,1,2,30,2,1,2,1,0,0,3,1,0,0,0,12,0,17,0,31,0,0,0,0,1,3,1,440053,230,2009,99999,CHURCH AVE,99999999999999999999,0000000,41.72058611,-71.39659444,1,1
44,7,12,12,23,25,1,5,0,0,16,6,0,5,0,1,1,2,2,15,1,1,2,1,0,0,3,1,0,0,23,27,23,30,23,52,0,0,0,0,1,7,0,440054,50,2009,0,WESTCOTT AVE,99999999999999999999,0000000,41.78571389,-71.44786944,1,1
44,9,12,13,16,41,1,2,1,0,13,3,0,8,0,2,1,1,2,25,1,1,2,2,0,0,2,2,0,0,99,99,99,99,99,99,0,0,0,0,1,1,0,440055,240,2009,0,SR-3,NARRAGANSETT AVE,0000000,41.38151667,-71.82555556,1,2
44,5,12,17,0,4,1,2,1,1,13,3,0,8,0,1,1,3,4,25,1,1,2,1,0,0,3,1,0,0,0,5,0,8,0,28,0,0,0,0,1,5,0,440056,150,2009,0,SR-138,99999999999999999999,0000000,41.50798333,-71.31159167,1,1
44,5,12,24,13,8,2,4,0,1,13,3,0,12,6,1,1,2,4,35,1,1,2,1,0,0,1,1,0,0,13,8,13,13,99,99,0,0,0,0,1,5,0,440057,185,2009,0,SR-114,99999999999999999999,0000000,41.62216389,-71.25668056,2,1
44,7,12,24,1,22,1,1,0,1,12,3,0,24,0,1,4,3,2,55,1,1,2,1,0,0,2,1,0,0,99,99,99,99,99,99,0,0,0,0,1,5,1,440058,112,2009,0,SR-146,99999999999999999999,0000000,41.92220556,-71.45670833,1,1
44,7,12,30,0,57,1,3,0,0,6,6,0,33,0,1,6,2,2,30,9,9,2,1,0,0,2,1,0,0,99,99,99,99,99,99,0,0,0,0,1,4,1,440059,32,2009,0,BUCK HILL RD,99999999999999999999,0000000,41.97671944,-71.78509722,1,1
44,9,12,31,6,28,1,2,1,0,14,3,0,8,0,1,1,2,2,45,1,1,2,1,0,0,3,1,0,0,99,99,99,99,88,88,0,0,0,0,1,5,0,440060,155,2009,0,SR-2,99999999999999999999,0000000,41.57121389,-71.51704722,1,1
44,9,12,12,22,10,1,1,0,0,12,3,0,24,0,1,6,3,2,55,1,1,2,1,0,0,2,1,0,0,99,99,99,99,99,99,0,0,0,0,1,7,0,440061,155,2009,0,SR-4,99999999999999999999,0000000,41.56350833,-71.49044167,1,1
44,7,10,18,6,17,1,1,0,1,11,1,0,27,0,1,6,3,3,50,1,1,2,2,0,0,1,2,0,0,99,99,99,99,99,99,0,0,0,0,1,1,1,440062,190,2009,99999,I-95,99999999999999999999,0000000,41.84130278,-71.41121944,1,2
44,3,10,21,19,21,2,1,0,0,13,3,0,27,0,2,6,2,3,25,1,1,2,1,3,3,3,1,0,0,99,99,99,99,99,99,0,0,0,0,1,4,0,440063,48,2009,0,SR-117,SR-116,0000000,41.69211111,-71.55695833,1,1
44,7,10,25,12,8,2,2,0,0,14,3,0,12,5,1,1,2,2,30,1,1,2,1,0,0,1,1,0,0,12,6,12,8,12,36,0,0,0,0,1,1,0,440064,50,2009,0,SR-33,99999999999999999999,0000000,41.73455833,-71.48348889,2,1
44,7,9,4,7,17,1,2,1,0,13,3,0,8,0,3,1,1,5,30,1,1,2,1,3,3,1,1,0,0,7,17,7,17,99,99,0,0,0,0,1,6,0,440065,50,2009,0,SR-2,SR-12,0000000,41.78132778,-71.44078611,1,1
44,7,9,1,14,34,1,1,0,0,16,6,0,33,0,2,4,1,2,25,1,1,2,1,20,3,1,1,0,0,14,34,14,34,99,99,0,0,0,0,1,3,0,440067,50,2009,0,CRANSTON ST,ROLAND AVE,0000000,41.80215833,-71.44452222,1,1
44,9,6,23,1,10,1,3,0,0,4,6,0,30,0,1,4,1,2,25,2,1,2,2,0,0,2,1,0,0,1,10,1,15,99,99,0,0,0,0,1,3,1,440068,15,2009,0,CORN NECK RD,99999999999999999999,0000000,41.17451944,-71.56155,1,1
44,7,7,16,13,25,1,1,0,0,19,8,0,39,0,1,6,1,2,99,1,1,2,1,0,0,1,1,0,0,13,25,99,99,99,99,0,0,0,0,1,5,0,440069,190,2009,0,DIAMOND HILL RD,99999999999999999999,0000000,42.01582222,-71.50131944,1,1
44,5,7,19,2,53,2,2,0,0,12,3,0,12,7,1,1,1,4,35,1,1,2,1,0,0,3,1,0,0,99,99,99,99,88,88,0,20,0,0,1,1,1,440070,185,2009,0,SR-138,99999999999999999999,0000000,41.57171944,-71.25099444,2,1
44,7,7,19,1,5,1,2,1,1,13,2,0,8,0,3,1,1,4,30,1,1,2,1,0,0,3,1,0,1,1,9,1,12,1,32,0,0,0,0,1,1,0,440071,180,2009,0,US-1 NEWPORT-AVE,MILL-ST,0000000,41.89661389,-71.35418333,1,1
44,7,7,25,19,48,1,2,0,0,16,6,0,42,0,1,4,1,2,15,1,1,2,1,0,0,1,1,0,0,99,99,99,99,99,99,0,0,0,0,1,7,0,440072,47,2009,0,BEAR HILL RD,99999999999999999999,0000000,41.94825556,-71.38928889,1,1
44,7,8,1,22,31,3,4,0,0,3,2,0,12,2,1,1,1,2,50,1,9,2,1,0,0,1,1,0,0,99,99,99,99,99,99,0,0,0,0,1,7,1,440073,62,2009,0,US-44,99999999999999999999,0000000,41.91671389,-71.76938889,3,1
44,9,8,2,11,5,1,2,0,0,4,3,0,11,0,1,1,1,2,25,1,9,2,1,0,0,1,1,0,0,99,99,99,99,99,99,0,0,0,0,1,1,0,440074,84,2009,0,SR-138 SPRING ST,99999999999999999999,0000000,41.51320556,-71.72282778,1,1
44,7,4,21,18,19,2,2,0,1,11,1,0,25,0,1,3,3,4,55,1,1,2,2,0,0,3,2,0,0,17,40,17,48,19,32,0,0,0,0,1,3,0,440075,190,2009,0,I-95,99999999999999999999,0000000,41.81399444,-71.40838611,2,2
44,7,7,5,20,27,2,2,0,0,16,6,0,12,5,1,1,1,2,25,1,1,2,1,0,0,5,1,0,0,20,26,20,31,21,4,0,0,0,0,1,1,0,440076,260,2009,0,LINDEN AVE,99999999999999999999,0000000,42.01385278,-71.48755556,2,1
44,9,8,8,17,53,1,1,0,0,6,6,0,42,0,1,4,1,2,30,1,1,2,1,0,0,1,1,0,0,17,53,18,4,88,88,0,0,0,0,1,7,0,440078,45,2009,0,CAROLINA BACK RD,99999999999999999999,0000000,41.4536,-71.66021389,1,1
44,3,5,17,12,54,2,3,1,1,13,2,0,8,0,1,6,5,3,0,1,1,2,1,0,0,1,1,0,0,12,52,12,56,13,35,0,0,0,0,1,1,0,440079,55,2009,0,US-1  POST RD,99999999999999999999,0000000,41.636975,-71.46840278,1,1
45,43,1,1,18,35,1,3,2,1,2,2,0,8,0,1,1,2,2,50,1,1,2,1,0,0,2,1,0,0,99,99,99,99,88,88,0,0,0,0,2,5,0,450001,0,2009,99999,US-17,99999999999999999999,0000000,33.3915,-79.62444167,1,1
45,33,1,1,20,55,2,3,0,0,4,4,0,12,2,1,1,1,2,55,1,1,2,1,0,0,2,1,0,0,99,99,99,99,99,99,0,0,0,0,1,5,2,450002,0,2009,154,30,99999999999999999999,0000000,34.41179444,-79.28416667,2,1
45,19,1,3,12,18,2,2,0,0,4,4,0,12,2,1,1,1,2,45,1,1,2,1,0,0,1,1,0,0,99,99,99,99,99,99,0,0,0,0,1,7,0,450003,1245,2009,99999,BOHICKET RD,99999999999999999999,0000000,32.72039722,-80.08127778,2,1
45,63,1,3,13,7,2,3,0,0,3,3,0,12,5,2,1,1,2,55,1,2,2,1,20,3,1,1,0,0,99,99,99,99,99,99,0,0,0,0,1,7,0,450004,0,2009,164,SR-6,627,0000000,33.87853889,-81.21716111,2,1
45,85,1,3,4,18,1,4,0,1,2,2,0,42,0,1,4,1,2,40,2,1,2,2,0,0,2,5,0,0,99,99,99,99,99,99,0,0,0,0,1,7,1,450005,0,2009,252,US-521,99999999999999999999,0000000,34.07164444,-80.51549444,1,5
45,43,1,3,18,15,1,2,1,0,3,3,0,8,0,1,1,1,2,45,1,1,2,1,0,0,3,1,0,0,99,99,99,99,99,99,0,0,0,0,1,7,0,450006,0,2009,2,SR-261,99999999999999999999,0000000,33.72705278,-79.37274444,1,1
45,79,1,5,20,10,1,3,1,0,3,3,0,8,0,1,1,1,2,40,1,1,2,1,0,0,3,1,0,0,99,99,99,99,88,88,0,0,0,0,1,2,0,450007,0,2009,25,SR-16,99999999999999999999,0000000,34.03551944,-81.01356944,1,1
45,41,1,5,13,55,2,2,0,0,3,3,0,12,3,1,1,1,2,55,1,1,2,1,0,0,1,1,0,0,99,99,99,99,88,88,0,0,0,0,1,2,0,450008,0,2009,14,SR-341,99999999999999999999,0000000,33.95190278,-79.93588056,2,1
45,69,1,5,13,12,1,3,0,0,3,3,0,42,0,1,4,1,2,45,2,1,2,1,0,0,1,1,0,0,99,99,99,99,88,88,0,0,0,0,3,2,0,450009,0,2009,163,SR-381,99999999999999999999,0000000,34.67556944,-79.55839722,1,1
45,41,1,6,10,0,2,3,0,0,3,3,0,12,7,1,1,1,2,55,1,1,2,2,0,0,1,1,0,0,99,99,99,99,99,99,0,0,0,0,1,3,0,450010,0,2009,172,SR-403,99999999999999999999,0000000,34.10540833,-79.95510556,2,1
45,43,1,6,14,26,2,2,0,1,2,2,0,12,4,2,1,2,2,45,1,1,2,1,20,3,1,1,0,0,99,99,99,99,99,99,0,0,0,0,1,3,0,450011,0,2009,351,US-17,752,0000000,33.53595833,-79.05778889,2,1
45,77,1,6,9,0,1,1,0,0,4,4,0,52,0,1,4,1,2,45,1,1,2,2,40,3,1,2,0,0,99,99,99,99,88,88,0,0,0,0,1,3,1,450012,0,2009,99999,55,99999999999999999999,0000000,34.87646111,-82.67701111,1,2
45,19,1,7,22,30,1,1,0,0,4,4,0,18,0,1,4,1,2,35,1,1,2,1,20,3,3,1,0,0,99,99,99,99,88,88,0,0,0,0,1,4,1,450013,2100,2009,44,477,99999999999999999999,0000000,32.766925,-80.21646111,1,1
45,51,1,9,10,25,2,3,0,0,3,3,0,12,5,2,1,3,2,60,1,1,2,1,0,0,1,1,0,0,99,99,99,99,99,99,0,0,0,0,1,6,1,450014,0,2009,323,SR-9,SR-905,0000000,33.938875,-78.73339167,2,1
45,91,1,9,19,43,2,2,0,0,3,3,0,12,4,2,1,3,2,55,1,1,2,1,20,3,2,1,0,0,99,99,99,99,99,99,0,0,0,0,1,6,1,450015,0,2009,350,SR-5,188,0000000,34.86424167,-80.90915556,2,1
45,77,1,9,7,50,2,4,0,0,3,3,0,12,5,1,1,2,2,45,1,2,2,4,0,0,1,1,0,0,99,99,99,99,99,99,0,0,0,0,2,6,0,450016,0,2009,60,SR-8,99999999999999999999,0000000,34.84297222,-82.64782778,2,1
45,91,1,10,19,9,1,2,1,0,3,3,0,8,0,1,1,1,2,55,1,1,2,1,0,0,2,1,0,0,99,99,99,99,99,99,0,0,0,0,1,7,0,450017,0,2009,85,SR-322,99999999999999999999,0000000,34.858925,-81.30955833,1,1
45,89,1,10,5,0,1,2,0,1,2,2,0,37,0,1,4,1,2,55,1,2,2,1,0,0,2,1,0,0,99,99,99,99,99,99,0,0,0,0,1,7,0,450018,0,2009,99999,US-521,99999999999999999999,0000000,33.56596389,-79.78799444,1,1
45,39,1,12,20,39,1,1,0,0,3,3,0,34,0,1,4,1,2,55,1,2,2,1,0,0,2,1,0,0,99,99,99,99,88,88,0,0,0,0,1,2,1,450019,0,2009,227,SR-215,99999999999999999999,0000000,34.45366944,-81.31015833,1,1
45,29,1,13,18,25,2,4,0,0,3,3,0,12,2,2,1,1,2,99,1,1,2,1,0,0,2,1,0,0,99,99,99,99,99,99,0,0,0,0,1,3,0,450020,0,2009,34,SR-303,436,0000000,32.75855278,-80.62213889,2,1
45,45,1,14,18,9,2,2,0,0,3,3,0,12,2,1,1,1,2,55,1,1,2,1,0,0,2,1,0,0,99,99,99,99,99,99,0,0,0,0,1,4,0,450021,0,2009,308,SR-14,99999999999999999999,0000000,35.04960278,-82.26060278,2,1
45,35,1,14,2,58,1,1,0,1,1,1,0,42,0,1,3,3,2,70,1,1,2,1,0,0,2,1,0,0,99,99,99,99,88,88,0,0,0,0,1,4,1,450022,0,2009,29,I-95,99999999999999999999,0000000,33.15030833,-80.62372778,1,1
45,29,1,14,17,0,2,2,0,1,2,2,0,12,4,2,1,1,2,55,1,1,2,1,20,3,1,1,0,0,99,99,99,99,99,99,0,0,0,0,1,4,1,450023,0,2009,28,US-601,SR-641,0000000,33.02953333,-81.04202222,2,1
45,9,1,15,21,40,1,1,0,1,2,2,0,42,0,1,4,1,2,55,2,1,2,1,0,0,2,1,0,0,99,99,99,99,88,88,0,0,0,0,1,5,1,450024,0,2009,24,US-601,99999999999999999999,0000000,33.07496389,-81.02674444,1,1
45,19,1,15,7,41,4,4,0,0,4,4,0,12,2,1,1,2,2,45,1,1,2,1,0,0,1,1,0,0,99,99,99,99,99,99,0,0,0,0,1,5,0,450025,410,2009,99999,MAIN RD,99999999999999999999,0000000,32.78218611,-80.10638333,4,1
45,25,1,16,9,5,1,1,0,0,4,4,0,42,0,1,4,1,2,55,1,1,2,1,0,0,1,1,0,0,99,99,99,99,88,88,0,0,0,0,1,6,0,450026,0,2009,25,46,99999999999999999999,0000000,34.45275,-80.13578056,1,1
45,19,1,16,20,29,1,1,0,0,5,5,0,42,0,1,4,1,2,35,1,1,2,1,0,0,2,1,0,0,99,99,99,99,99,99,0,0,0,0,1,6,0,450027,410,2009,99999,CENTRAL PARK RD,99999999999999999999,0000000,32.74469167,-79.983,1,1
45,85,1,16,20,25,1,4,0,1,2,2,0,37,0,1,4,2,2,60,2,3,2,1,0,0,2,1,0,0,99,99,99,99,99,99,0,0,0,0,1,6,1,450028,0,2009,224,US-521,99999999999999999999,0000000,34.04487222,-80.47656944,1,1
45,25,1,17,13,54,1,1,0,0,3,3,0,1,0,1,4,2,2,55,1,2,2,1,0,0,1,1,0,0,99,99,99,99,99,99,0,0,0,0,1,7,1,450029,0,2009,305,SR-9,99999999999999999999,0000000,34.71861667,-80.00801944,1,1
45,83,1,17,22,6,1,2,0,0,5,5,0,42,0,1,4,1,2,25,1,2,2,1,0,0,2,1,0,0,99,99,99,99,99,99,0,0,0,0,2,7,1,450030,0,2009,99999,LINE RD,99999999999999999999,0000000,35.01913611,-82.22035,1,1
45,55,1,17,1,30,1,1,0,0,4,4,0,42,0,1,4,1,2,45,1,1,2,1,0,0,2,1,0,0,99,99,99,99,99,99,0,0,0,0,1,7,1,450031,0,2009,118,20,99999999999999999999,0000000,34.43031111,-80.52914167,1,1