STATE,COUNTY,MONTH,DAY,HOUR,MINUTE,VE_TOTAL,PERSONS,PEDS,NHS,ROAD_FNC,ROUTE,SP_JUR,HARM_EV,MAN_COLL,REL_JUNC,REL_ROAD,TRAF_FLO,NO_LANES,SP_LIMIT,ALIGNMNT,PROFILE,PAVE_TYP,SUR_COND,TRA_CONT,T_CONT_F,LGT_COND,WEATHER1,WEATHER2,WRK_ZONE,NOT_HOUR,NOT_MIN,ARR_HOUR,ARR_MIN,HOSP_HR,HOSP_MN,SCH_BUS,CF1,CF2,CF3,FATALS,DAY_WEEK,DRUNK_DR,ST_CASE,CITY,YEAR,MILEPT,TWAY_ID,TWAY_ID2,RAIL,LATITUDE,LONGITUD,VE_FORMS,WEATHER
45,73,1,18,19,0,1,4,0,0,4,4,0,1,0,1,4,1,2,45,1,2,2,4,0,0,2,1,0,0,99,99,99,99,99,99,0,0,0,0,1,1,0,450032,0,2009,22,196,99999999999999999999,0000000,34.81126667,-83.25847222,1,1
45,41,1,19,22,25,1,1,0,0,4,4,0,34,0,1,4,1,2,55,2,1,2,2,0,0,2,2,0,0,99,99,99,99,88,88,0,0,0,0,1,2,1,450033,0,2009,59,45,99999999999999999999,0000000,34.10306389,-79.87880278,1,2
45,45,1,20,6,47,1,2,1,1,2,2,0,8,0,1,1,2,2,35,1,1,2,1,0,0,3,1,0,0,99,99,99,99,99,99,0,0,0,0,1,3,0,450034,1040,2009,99999,US-276,99999999999999999999,0000000,34.90310833,-82.41814722,1,1
45,29,1,20,10,30,2,2,0,1,2,2,0,12,2,1,1,1,2,50,1,1,2,2,0,0,1,1,0,0,99,99,99,99,99,99,0,0,0,0,1,3,0,450035,0,2009,60,US-17,99999999999999999999,0000000,32.70176389,-80.61780556,2,1
45,75,1,20,14,15,1,1,0,0,4,4,0,1,0,1,4,1,2,45,2,1,2,1,0,0,1,1,0,0,99,99,99,99,88,88,0,0,0,0,1,3,1,450036,0,2009,448,92,99999999999999999999,0000000,33.32561667,-80.62205278,1,1
45,33,1,21,20,25,1,4,0,0,4,4,0,1,0,1,5,1,2,55,2,1,2,1,0,0,2,1,0,0,99,99,99,99,99,99,0,0,0,0,1,4,0,450037,0,2009,36,61,99999999999999999999,0000000,34.5207,-79.37806667,1,1
45,15,1,22,20,25,3,4,0,0,4,4,0,12,2,1,1,1,2,55,1,1,2,1,0,0,2,1,0,0,99,99,99,99,99,99,0,0,0,0,2,5,1,450038,0,2009,95,791,99999999999999999999,0000000,33.18131111,-80.00407222,3,1
45,45,1,22,7,0,2,2,0,1,2,2,0,12,4,1,1,1,2,55,1,1,2,1,0,0,1,1,0,0,99,99,99,99,99,99,0,0,0,0,1,5,0,450039,0,2009,432,US-25,99999999999999999999,0000000,35.03937778,-82.42973333,2,1
45,29,1,24,5,30,1,1,0,1,2,2,0,42,0,1,4,1,2,50,1,1,2,2,0,0,2,2,0,0,99,99,99,99,88,88,0,0,0,0,1,7,1,450040,0,2009,39,US-17,99999999999999999999,0000000,32.68486111,-80.63406944,1,2
45,75,1,24,3,50,1,2,0,0,3,3,0,34,0,1,4,1,2,55,2,1,2,1,0,0,2,1,0,0,99,99,99,99,99,99,0,0,0,0,1,7,1,450041,0,2009,116,SR-400,99999999999999999999,0000000,33.48743889,-80.93803889,1,1
45,75,1,24,20,9,3,3,0,1,2,2,0,12,2,4,1,1,2,55,1,1,2,1,0,0,2,5,0,0,99,99,99,99,99,99,0,0,0,0,1,7,1,450042,0,2009,401,US-321,SR-400,0000000,33.48679444,-81.11875556,3,5
45,27,1,24,5,0,1,1,0,0,4,4,0,34,0,1,4,1,2,35,2,1,2,1,0,0,2,1,0,0,99,99,99,99,99,99,0,0,0,0,1,7,0,450043,0,2009,98,373,99999999999999999999,0000000,33.58695278,-80.39005278,1,1
45,7,1,24,17,20,1,2,0,0,5,5,0,34,0,1,4,1,2,35,2,1,2,1,0,0,1,1,0,0,99,99,99,99,99,99,0,0,0,0,1,7,0,450044,0,2009,99999,CHEDDAR RD,99999999999999999999,0000000,34.58008333,-82.5111,1,1
45,79,1,24,14,30,1,1,0,0,4,4,0,42,0,1,4,1,2,45,1,1,2,2,0,0,1,1,0,0,99,99,99,99,88,88,0,0,0,0,1,7,1,450045,0,2009,21,334,99999999999999999999,0000000,34.06794722,-81.05039167,1,1
45,15,1,25,3,0,1,2,0,0,3,3,0,42,0,1,4,1,2,25,2,1,2,2,0,0,2,2,0,0,99,99,99,99,99,99,0,0,0,0,1,1,0,450046,0,2009,471,SR-45,99999999999999999999,0000000,33.18799167,-79.60212778,1,2
45,41,1,27,23,13,1,1,0,0,4,4,0,32,0,1,4,1,2,55,1,1,2,1,0,0,3,5,0,0,99,99,99,99,88,88,0,0,0,0,1,3,1,450047,0,2009,904,13,99999999999999999999,0000000,34.16987778,-79.72443611,1,5
45,19,1,21,21,40,1,1,0,0,4,4,0,34,0,1,4,1,2,45,2,1,2,1,0,0,2,1,0,0,99,99,99,99,88,88,0,0,0,0,1,4,1,450048,0,2009,12,1336,99999999999999999999,0000000,33.09607222,-79.50668333,1,1
45,47,1,23,15,21,1,2,0,0,4,4,0,34,0,1,4,1,2,99,2,2,2,2,0,0,1,2,0,0,99,99,99,99,99,99,0,0,0,0,1,6,0,450049,0,2009,29,180,99999999999999999999,0000000,34.34970833,-82.26867222,1,2
45,51,1,25,8,28,1,1,0,1,2,2,0,28,0,1,4,2,2,40,1,1,2,1,0,0,1,1,0,0,99,99,99,99,88,88,0,0,0,0,1,1,0,450050,1825,2009,99999,US-17,99999999999999999999,0000000,33.81420556,-78.69948889,1,1
45,43,1,26,17,45,1,1,0,0,4,4,0,43,0,1,5,1,2,35,1,1,2,1,20,3,3,1,0,0,99,99,99,99,88,88,0,0,0,0,1,2,1,450051,0,2009,77,18,99999999999999999999,0000000,33.25106944,-79.26944722,1,1
45,51,1,27,16,6,1,1,0,0,3,3,0,24,0,1,4,3,2,40,2,1,2,1,0,0,1,1,0,0,99,99,99,99,88,88,0,0,0,0,1,3,1,450052,0,2009,99999,SR-31,99999999999999999999,0000000,33.86097222,-78.69536944,1,1
45,43,1,27,20,15,2,3,0,1,2,2,0,12,5,2,1,1,2,35,1,1,2,1,20,3,2,1,0,0,99,99,99,99,99,99,0,20,0,0,1,3,2,450053,0,2009,362,US-17,62,0000000,33.54962222,-79.04843333,2,1
45,13,1,28,16,15,2,2,0,1,2,2,0,12,5,1,1,3,2,45,1,1,2,2,0,0,1,2,0,0,99,99,99,99,99,99,0,0,0,0,1,4,0,450054,1145,2009,30,US-278,99999999999999999999,0000000,32.21966389,-80.77723611,2,2
45,3,1,28,15,2,2,3,0,0,3,3,0,12,5,2,1,1,2,99,1,1,2,2,20,3,1,2,0,0,99,99,99,99,99,99,0,0,0,0,1,4,0,450055,0,2009,11,SR-389,337,0000000,33.62791389,-81.30140278,2,2
45,45,1,28,19,37,2,3,0,0,4,4,0,12,2,1,1,1,2,35,1,1,2,1,0,0,2,1,0,0,99,99,99,99,99,99,0,0,0,0,1,4,2,450056,0,2009,8,38,99999999999999999999,0000000,34.92038889,-82.29896944,2,1
45,45,1,28,9,35,1,2,0,0,4,4,0,1,0,1,2,1,2,25,2,2,2,1,0,0,1,1,0,0,99,99,99,99,99,99,0,0,0,0,1,4,0,450057,0,2009,99999,453,99999999999999999999,0000000,34.70895,-82.30373333,1,1
45,53,1,28,19,20,1,1,0,0,4,4,0,42,0,1,4,1,2,55,1,1,2,1,0,0,2,1,0,0,99,99,99,99,88,88,0,0,0,0,1,4,1,450058,0,2009,33,15,99999999999999999999,0000000,32.641325,-81.06378056,1,1
45,59,1,29,13,32,2,2,0,0,4,4,0,12,4,2,1,1,2,45,1,1,2,1,3,3,1,1,0,0,99,99,99,99,99,99,0,0,0,0,1,5,0,450059,480,2009,99999,SPRINGDALE AVE,76,0000000,34.48356667,-81.86157778,2,1
45,19,1,30,3,21,1,1,0,0,5,5,0,32,0,1,4,1,2,55,2,1,2,1,0,0,2,1,0,0,99,99,99,99,88,88,0,0,0,0,1,6,1,450060,763,2009,99999,INDIGO HILL RD,99999999999999999999,0000000,32.57014444,-80.28195,1,1
45,45,1,31,2,18,1,1,0,0,4,4,0,23,0,1,4,1,2,35,1,2,2,1,0,0,3,1,0,0,99,99,99,99,88,88,0,0,0,0,1,7,1,450061,0,2009,99999,5,99999999999999999999,0000000,34.81313333,-82.42934722,1,1
45,91,1,31,0,20,1,2,0,0,4,4,0,34,0,1,4,1,2,45,2,1,2,1,0,0,2,1,0,0,99,99,99,99,99,99,0,0,0,0,1,7,1,450062,0,2009,45,50,99999999999999999999,0000000,34.95876944,-80.96099722,1,1
45,47,2,1,15,14,1,4,0,0,3,3,0,34,0,1,4,1,2,55,1,1,2,1,0,0,1,1,0,0,99,99,99,99,99,99,0,0,0,0,1,1,0,450063,0,2009,212,SR-246,99999999999999999999,0000000,34.13621111,-81.99015278,1,1
45,19,2,1,23,38,1,1,0,0,4,4,0,34,0,1,5,1,2,30,1,1,2,1,0,0,3,1,0,0,99,99,99,99,99,99,0,0,0,0,1,1,1,450064,1450,2009,99999,2410,99999999999999999999,0000000,33.01172222,-80.16491944,1,1
45,3,2,1,3,30,1,1,0,0,4,4,0,37,0,1,4,1,2,55,2,3,2,1,0,0,2,1,0,0,99,99,99,99,88,88,0,0,0,0,1,1,1,450065,0,2009,24,21,99999999999999999999,0000000,33.61883611,-81.57756389,1,1
45,45,2,2,6,5,1,2,0,0,4,4,0,42,0,1,4,1,2,25,1,2,2,1,0,0,2,1,0,0,99,99,99,99,99,99,0,0,0,0,2,2,1,450066,0,2009,6,518,99999999999999999999,0000000,34.77856111,-82.36192778,1,1
45,51,2,4,21,0,1,1,0,0,5,5,0,34,0,1,4,1,2,55,2,1,2,1,0,0,2,1,0,0,99,99,99,99,88,88,0,0,0,0,1,4,1,450067,0,2009,99999,RIDGE RD,99999999999999999999,0000000,33.95987778,-79.19996667,1,1
45,89,2,5,22,55,1,1,0,0,3,3,0,34,0,1,4,1,2,55,1,1,2,1,0,0,2,1,0,0,99,99,99,99,88,88,0,0,0,0,1,5,0,450068,0,2009,288,SR-527,99999999999999999999,0000000,33.57236667,-79.63650278,1,1
45,31,2,7,18,15,1,2,0,0,4,4,0,34,0,1,4,1,2,45,2,1,2,1,0,0,2,1,0,0,99,99,99,99,99,99,0,0,0,0,1,7,1,450069,0,2009,236,29,99999999999999999999,0000000,34.35084167,-79.76945278,1,1
45,15,2,7,21,10,1,2,0,0,4,4,0,30,0,1,4,1,2,55,2,1,2,1,0,0,2,1,0,0,99,99,99,99,99,99,0,0,0,0,1,7,1,450070,0,2009,99999,135,99999999999999999999,0000000,33.24134444,-80.20573056,1,1
45,77,2,8,12,38,2,2,0,0,4,4,0,12,2,1,1,1,2,35,2,2,2,1,0,0,1,1,0,0,99,99,99,99,88,88,0,0,0,0,1,1,1,450071,0,2009,13,337,99999999999999999999,0000000,34.72440278,-82.78507222,2,1
45,29,2,8,16,5,3,4,0,1,2,2,0,12,2,1,1,1,2,55,1,1,2,1,0,0,1,1,0,0,99,99,99,99,99,99,0,0,0,0,1,1,0,450072,0,2009,99999,US-17,99999999999999999999,0000000,32.92441111,-80.437175,3,1
45,57,2,10,7,17,1,1,0,0,4,4,0,30,0,1,4,1,2,45,1,1,2,1,20,3,1,1,0,0,99,99,99,99,88,88,0,0,0,0,1,3,1,450073,0,2009,54,13,99999999999999999999,0000000,34.53427778,-80.60917778,1,1
45,67,1,12,11,50,2,3,2,1,2,2,0,8,0,1,1,2,2,45,1,1,2,1,0,0,1,1,0,0,99,99,99,99,99,99,0,0,0,0,1,2,0,450074,0,2009,183,US-76,99999999999999999999,0000000,34.18379722,-79.36759444,1,1
45,91,1,30,14,0,2,3,0,0,3,3,0,12,5,2,1,2,2,45,1,3,2,1,3,3,1,1,0,0,99,99,99,99,99,99,0,0,0,0,2,6,0,450075,0,2009,254,SR-161,196,0000000,34.96939167,-81.05309444,2,1
45,15,2,1,22,10,1,2,1,0,4,4,0,8,0,1,1,1,2,45,1,1,2,1,0,0,1,1,0,0,99,99,99,99,99,99,0,0,0,0,1,1,0,450076,0,2009,16,62,99999999999999999999,0000000,33.04133611,-80.09766944,1,1
45,51,2,10,18,40,1,1,0,0,4,4,0,42,0,1,4,1,2,35,2,1,2,1,0,0,2,1,0,0,99,99,99,99,88,88,0,0,0,0,1,3,0,450077,0,2009,166,99,99999999999999999999,0000000,34.10139444,-79.2031,1,1
45,75,2,13,1,40,1,3,0,1,2,2,0,32,0,1,4,1,2,45,2,1,2,1,0,0,2,1,0,0,99,99,99,99,99,99,0,0,0,0,3,6,1,450078,2940,2009,196,US-321,99999999999999999999,0000000,33.67271111,-81.11321944,1,1
45,41,2,14,4,50,1,4,0,0,4,4,0,34,0,1,4,1,2,55,1,1,2,1,0,0,2,1,0,0,99,99,99,99,99,99,0,0,0,0,1,7,1,450079,0,2009,68,72,99999999999999999999,0000000,33.98383056,-79.70048889,1,1
45,3,2,15,15,0,2,4,0,0,3,3,0,12,5,2,1,1,2,55,2,1,2,1,21,3,1,1,0,0,99,99,99,99,99,99,0,0,0,0,1,1,0,450080,0,2009,508,SR-113,51,0000000,33.63884722,-81.36315833,2,1
45,45,2,15,2,30,1,1,0,1,11,1,0,25,0,1,3,3,4,65,1,1,2,1,0,0,2,1,0,0,99,99,99,99,88,88,0,0,0,0,1,1,1,450081,0,2009,62,I-385,99999999999999999999,0000000,34.74429167,-82.27781389,1,1
45,33,2,19,14,20,2,4,0,0,3,3,0,12,2,1,1,1,2,40,1,1,2,1,0,0,1,1,0,0,99,99,99,99,99,99,0,0,0,0,2,5,0,450082,0,2009,15,SR-57,99999999999999999999,0000000,34.29214722,-79.27833056,2,1
45,31,2,22,18,0,2,5,0,0,4,4,0,12,5,2,1,1,2,55,1,1,2,1,20,3,5,1,0,0,99,99,99,99,99,99,0,0,0,0,1,1,0,450083,600,2009,29,48,255,0000000,34.22383333,-79.93390556,2,1
45,61,1,6,20,50,2,3,0,1,1,1,0,12,1,1,1,3,2,70,1,1,2,1,0,0,2,1,0,0,99,99,99,99,99,99,0,0,0,0,1,3,0,450084,0,2009,168,I-20,99999999999999999999,0000000,34.19508611,-80.12783889,2,1
45,19,2,3,14,25,2,2,0,0,4,4,0,18,0,1,1,1,2,35,2,1,2,1,0,0,1,1,0,0,99,99,99,99,88,88,0,0,0,0,1,3,1,450085,85,2009,99999,89,99999999999999999999,0000000,32.99426667,-79.75700833,2,1
45,7,2,14,19,30,1,2,1,0,4,4,0,8,0,1,1,2,2,35,1,1,2,1,0,0,3,1,0,0,99,99,99,99,99,99,0,0,0,0,1,7,0,450086,40,2009,99999,E. SHOCKLEY FERY RD,99999999999999999999,0000000,34.49499167,-82.63061944,1,1
45,87,2,17,9,33,2,3,0,0,4,4,0,12,5,2,1,1,2,45,1,1,2,1,20,3,1,1,0,0,99,99,99,99,99,99,0,0,0,0,1,3,0,450087,2660,2009,99999,137,530,0000000,34.71935833,-81.64901667,2,1
45,57,2,5,17,30,3,2,1,0,4,4,0,12,1,1,1,1,2,45,1,2,2,1,50,3,1,1,0,0,99,99,99,99,99,99,0,0,0,0,1,5,1,450088,0,2009,99999,71,99999999999999999999,0000000,34.64951944,-80.73775278,1,1
45,75,2,7,6,0,2,2,0,1,2,2,0,12,2,1,1,1,2,55,1,2,2,1,0,0,2,1,0,0,99,99,99,99,99,99,0,0,0,0,1,7,0,450089,0,2009,280,US-21,99999999999999999999,0000000,33.56045833,-80.86349444,2,1
45,47,2,10,10,35,4,4,0,0,3,3,0,12,5,2,1,3,3,45,1,1,2,1,3,3,1,1,0,0,99,99,99,99,99,99,0,0,0,0,1,3,0,450090,0,2009,27,SR-72,58,0000000,34.19476667,-82.18940833,4,1
45,67,2,11,23,25,1,2,0,0,4,4,0,42,0,1,4,1,2,45,2,1,2,1,0,0,2,1,0,0,99,99,99,99,88,88,0,0,0,0,1,4,1,450091,0,2009,6,21,99999999999999999999,0000000,34.24079167,-79.25365556,1,1
45,7,2,16,4,28,1,1,0,1,1,1,0,24,0,1,4,3,3,65,1,1,2,1,0,0,2,1,0,0,99,99,99,99,88,88,0,0,0,0,1,2,0,450092,0,2009,278,I-85,99999999999999999999,0000000,34.67133611,-82.544275,1,1
45,75,2,17,13,30,2,3,0,0,3,3,0,12,2,1,1,1,2,55,1,1,2,1,0,0,1,1,0,0,99,99,99,99,99,99,0,0,0,0,2,3,0,450093,0,2009,48,SR-70,99999999999999999999,0000000,33.40081389,-81.02318333,2,1
45,69,2,17,18,15,2,2,0,0,3,3,0,12,4,2,1,1,2,45,1,2,2,1,20,3,5,1,0,0,99,99,99,99,99,99,0,0,0,0,1,3,0,450094,0,2009,99999,SR-912,36,0000000,34.67415833,-79.76091389,2,1
45,19,2,27,19,0,2,1,0,0,4,4,0,14,1,1,2,1,2,25,2,1,2,1,0,0,2,1,0,0,99,99,99,99,88,88,0,0,0,0,1,6,1,450095,410,2009,99999,STEFAN DRIVE,99999999999999999999,0000000,32.75238056,-79.98656389,1,1
45,35,2,28,23,20,1,1,0,0,4,4,0,32,0,1,5,1,2,40,2,1,2,2,0,0,2,2,0,0,99,99,99,99,88,88,0,0,0,0,1,7,1,450096,0,2009,313,58,99999999999999999999,0000000,33.06780833,-80.22354167,1,2
45,75,2,2,12,0,2,4,0,1,2,2,0,12,5,2,1,1,2,45,1,1,2,1,20,3,1,1,0,0,99,99,99,99,99,99,0,0,0,0,1,2,0,450097,0,2009,94,US-15,SR-210,0000000,33.41987222,-80.50438056,2,1
45,45,2,20,3,2,1,1,0,0,4,4,0,37,0,1,4,1,2,35,2,2,2,1,0,0,2,1,0,0,99,99,99,99,88,88,0,0,0,0,1,6,1,450099,0,2009,99999,313,99999999999999999999,0000000,34.87346944,-82.27249167,1,1
45,91,2,20,2,30,1,1,0,0,4,4,0,42,0,1,5,1,2,45,1,1,2,1,20,3,2,1,0,0,99,99,99,99,88,88,0,0,0,0,1,6,1,450100,0,2009,12,238,99999999999999999999,0000000,35.06994167,-81.21025,1,1
45,7,2,24,7,29,2,2,0,0,4,4,0,12,8,1,1,1,2,45,1,1,2,1,0,0,1,1,0,0,99,99,99,99,99,99,0,0,0,0,1,3,0,450101,0,2009,28,49,99999999999999999999,0000000,34.32915556,-82.60122222,2,1
45,45,2,25,17,35,2,4,0,0,3,3,0,12,2,1,1,1,2,45,1,2,2,1,0,0,1,1,0,0,99,99,99,99,99,99,0,0,0,0,1,4,1,450102,0,2009,10,SR-418,99999999999999999999,0000000,34.63144167,-82.3848,2,1
45,13,2,26,21,5,1,4,1,1,2,2,0,8,0,2,1,2,2,60,1,1,2,1,3,3,2,1,0,0,99,99,99,99,99,99,0,0,0,0,1,5,0,450103,0,2009,266,US-21,71,0000000,32.49260556,-80.74191667,1,1
45,73,2,28,7,5,1,2,0,0,3,3,0,37,0,1,5,1,2,55,1,1,2,2,0,0,4,2,0,0,99,99,99,99,99,99,0,0,0,0,1,7,0,450104,0,2009,145,SR-183,99999999999999999999,0000000,34.80594444,-82.94858056,1,2
45,51,2,28,4,30,2,2,0,0,3,3,0,12,2,1,1,2,2,45,1,2,2,2,0,0,2,2,0,0,99,99,99,99,99,99,0,0,0,0,1,7,2,450105,0,2009,99999,SR-544,99999999999999999999,0000000,33.760775,-79.020325,2,2
45,77,3,1,10,5,1,2,1,0,5,5,0,8,0,1,1,1,2,30,1,1,2,2,0,0,1,2,0,0,99,99,99,99,99,99,0,0,0,0,1,1,0,450106,0,2009,99999,FLAT ROCK RD,99999999999999999999,0000000,34.75229722,-82.65688333,1,2
45,45,3,1,3,25,1,2,0,1,2,2,0,34,0,1,4,1,2,99,1,1,2,2,0,0,2,2,0,0,99,99,99,99,99,99,0,0,0,0,1,1,1,450107,0,2009,143,US-276,99999999999999999999,0000000,35.07953056,-82.54024167,1,2
45,75,3,2,1,30,1,3,0,0,4,4,0,42,0,1,4,1,2,55,2,1,2,2,0,0,2,1,0,0,99,99,99,99,88,88,0,0,0,0,3,2,1,450108,0,2009,8,39,99999999999999999999,0000000,33.3572,-80.86473889,1,1
45,5,3,2,8,30,1,1,0,0,4,4,0,1,0,1,1,1,2,55,2,1,2,2,0,0,1,2,0,0,99,99,99,99,88,88,0,0,0,0,1,2,1,450109,0,2009,108,49,99999999999999999999,0000000,32.85605,-81.33869722,1,2
45,13,3,6,22,15,1,1,0,0,4,4,0,27,0,1,4,1,2,55,1,1,2,1,0,0,2,1,0,0,99,99,99,99,88,88,0,0,0,0,1,6,0,450110,0,2009,49,235,99999999999999999999,0000000,32.60760278,-80.79504444,1,1
45,7,3,6,15,35,1,2,0,0,4,4,0,53,0,1,5,1,2,40,2,2,2,1,0,0,1,1,0,0,99,99,99,99,99,99,0,0,0,0,1,6,0,450111,0,2009,18,162,99999999999999999999,0000000,34.60255278,-82.77713333,1,1
45,51,2,25,15,0,2,4,0,0,3,3,0,12,2,1,1,1,2,35,1,2,2,1,0,0,1,1,0,0,99,99,99,99,99,99,1,0,0,0,1,4,0,450112,1825,2009,220,SR-90,99999999999999999999,0000000,33.85413056,-78.669275,2,1
45,85,1,8,5,30,1,4,0,0,5,5,0,42,0,1,4,1,2,30,1,1,2,1,0,0,2,1,0,0,99,99,99,99,99,99,0,0,0,0,1,5,1,450113,0,2009,99999,OLD ST. JOHN CHURCH,99999999999999999999,0000000,34.00955278,-79.98875278,1,1
45,63,1,23,1,50,1,1,0,0,4,4,0,37,0,1,4,1,2,55,2,2,2,1,0,0,2,1,0,0,99,99,99,99,88,88,0,0,0,0,1,6,1,450114,0,2009,99999,77,99999999999999999999,0000000,33.85487778,-81.53306111,1,1
45,79,1,25,3,10,1,1,0,0,3,3,0,37,0,1,4,1,2,50,2,2,2,1,0,0,3,1,0,0,99,99,99,99,88,88,0,0,0,0,1,1,1,450115,0,2009,92,SR-555,99999999999999999999,0000000,34.119125,-80.94752222,1,1
45,85,1,26,22,33,1,2,1,0,4,4,0,8,0,1,1,2,2,45,1,1,2,1,0,0,2,1,0,0,99,99,99,99,88,88,0,0,0,0,1,2,0,450116,0,2009,44,33,99999999999999999999,0000000,33.89706389,-80.40069444,1,1
45,27,2,1,6,16,1,1,0,0,4,4,0,1,0,1,4,1,2,55,2,1,2,1,0,0,2,1,0,0,99,99,99,99,99,99,0,0,0,0,1,1,1,450117,0,2009,50,38,99999999999999999999,0000000,33.56181667,-80.33361944,1,1
45,7,2,4,7,0,1,1,0,1,1,1,0,1,0,1,4,3,2,65,1,1,2,1,0,0,1,1,0,0,99,99,99,99,99,99,0,0,0,0,1,4,0,450118,0,2009,72,I-85,99999999999999999999,0000000,34.52795,-82.84099167,1,1
45,85,2,6,14,20,3,3,0,0,4,4,0,12,2,2,1,1,2,35,1,1,2,1,20,3,1,1,0,0,99,99,99,99,99,99,0,0,0,0,1,6,0,450119,2550,2009,99999,1074,396,0000000,33.95332778,-80.37426111,3,1
45,63,2,7,20,30,1,1,0,0,5,5,0,1,0,1,4,1,2,45,1,1,2,1,21,3,2,1,0,0,99,99,99,99,88,88,0,0,0,0,1,7,1,450120,0,2009,99999,JONES WIRE RD,99999999999999999999,0000000,33.68013889,-81.12420556,1,1
45,55,2,7,5,55,1,1,0,0,4,4,0,42,0,1,4,1,2,40,1,2,2,1,0,0,2,1,0,0,99,99,99,99,99,99,0,0,0,0,1,7,1,450121,0,2009,83,36,99999999999999999999,0000000,34.226175,-80.70393611,1,1
45,61,2,9,5,43,1,3,0,0,3,3,0,1,0,1,2,1,2,45,1,1,2,1,0,0,2,1,0,0,99,99,99,99,99,99,0,0,0,0,1,2,0,450122,0,2009,99999,SR-341,99999999999999999999,0000000,34.20938889,-80.23778889,1,1
45,59,2,16,23,0,1,1,0,0,3,3,0,32,0,1,4,1,2,55,1,2,2,1,0,0,2,1,0,0,99,99,99,99,99,99,0,0,0,0,1,2,1,450123,0,2009,234,SR-72,99999999999999999999,0000000,34.50036667,-81.83908889,1,1
45,29,2,25,20,50,1,1,0,0,4,4,0,27,0,1,4,1,2,55,2,2,2,1,0,0,2,1,0,0,99,99,99,99,88,88,0,0,0,0,1,4,0,450124,0,2009,99999,45,99999999999999999999,0000000,32.94886667,-80.63025,1,1
45,63,2,27,23,51,1,1,0,0,4,4,0,34,0,1,4,1,2,55,1,2,2,2,0,0,2,2,0,0,99,99,99,99,88,88,0,0,0,0,1,6,1,450125,0,2009,99999,100,99999999999999999999,0000000,33.78838611,-81.14326111,1,2
45,3,3,6,5,56,2,2,0,1,2,2,0,12,4,2,1,1,2,55,1,1,2,1,20,3,2,1,0,0,99,99,99,99,88,88,0,0,0,0,1,6,0,450126,0,2009,99999,US-1,109,0000000,33.85894167,-81.59168333,2,1
45,75,3,9,17,5,1,2,0,0,4,4,0,1,0,1,1,1,2,40,2,1,2,1,0,0,1,1,0,0,99,99,99,99,99,99,0,0,0,0,1,2,1,450127,0,2009,2,142,99999999999999999999,0000000,33.58627222,-80.78740556,1,1
45,19,3,14,0,18,1,2,0,0,5,5,0,1,0,1,1,1,2,25,2,1,2,1,0,0,2,1,0,0,99,99,99,99,99,99,0,0,0,0,1,7,1,450128,410,2009,99999,ASHLEY CROSSING LANE,99999999999999999999,0000000,32.81797222,-80.03613056,1,1
45,15,3,14,21,40,1,1,0,0,4,4,0,42,0,1,4,1,2,45,2,1,2,1,0,0,2,1,0,0,99,99,99,99,99,99,0,0,0,0,1,7,0,450129,0,2009,126,98,99999999999999999999,0000000,33.07924444,-79.83846111,1,1
45,15,3,15,2,20,1,1,0,0,4,4,0,42,0,1,4,1,2,45,1,1,2,2,0,0,2,2,0,0,99,99,99,99,88,88,0,0,0,0,1,1,1,450130,0,2009,19,34,99999999999999999999,0000000,33.17753889,-80.05441111,1,2
45,61,2,23,21,5,1,2,1,1,2,2,0,8,0,1,1,1,2,55,1,1,2,1,0,0,2,1,0,0,99,99,99,99,99,99,0,0,0,0,1,2,0,450131,0,2009,169,US-15,99999999999999999999,0000000,34.25898889,-80.16869444,1,1
45,75,3,14,13,54,1,1,0,0,3,3,0,34,0,1,4,1,2,55,2,2,2,2,0,0,1,2,0,0,99,99,99,99,88,88,0,0,0,0,1,7,0,450132,0,2009,29,SR-39,99999999999999999999,0000000,33.50794444,-81.28681111,1,2
45,75,3,16,12,20,1,2,0,1,2,2,0,34,0,1,4,1,2,55,1,1,2,2,0,0,1,2,0,0,99,99,99,99,99,99,0,0,0,0,1,2,0,450133,0,2009,76,US-321,99999999999999999999,0000000,33.50300556,-81.11781111,1,2
45,59,1,8,13,50,2,3,0,1,1,1,0,12,7,1,1,3,2,70,1,2,2,1,0,0,1,1,0,0,99,99,99,99,99,99,0,0,0,0,1,5,1,450134,0,2009,79,I-26,99999999999999999999,0000000,34.49718333,-81.84488333,2,1
45,41,3,21,15,50,2,2,0,1,1,1,0,12,1,1,1,3,2,70,1,1,2,1,0,0,1,1,0,0,99,99,99,99,88,88,0,0,0,0,1,7,0,450135,0,2009,79,I-95,99999999999999999999,0000000,34.12725833,-79.89296389,2,1
45,91,3,16,4,45,1,1,0,0,4,4,0,37,0,1,4,1,2,25,2,2,2,2,41,3,2,5,0,0,99,99,99,99,88,88,0,0,0,0,1,2,0,450136,0,2009,29,156,99999999999999999999,0000000,35.02989167,-81.18033889,1,5