STATE,COUNTY,MONTH,DAY,HOUR,MINUTE,VE_TOTAL,PERSONS,PEDS,NHS,ROAD_FNC,ROUTE,SP_JUR,HARM_EV,MAN_COLL,REL_JUNC,REL_ROAD,TRAF_FLO,NO_LANES,SP_LIMIT,ALIGNMNT,PROFILE,PAVE_TYP,SUR_COND,TRA_CONT,T_CONT_F,LGT_COND,WEATHER1,WEATHER2,WRK_ZONE,NOT_HOUR,NOT_MIN,ARR_HOUR,ARR_MIN,HOSP_HR,HOSP_MN,SCH_BUS,CF1,CF2,CF3,FATALS,DAY_WEEK,DRUNK_DR,ST_CASE,CITY,YEAR,MILEPT,TWAY_ID,TWAY_ID2,RAIL,LATITUDE,LONGITUD,VE_FORMS,WEATHER
45,1,3,14,2,50,1,1,0,0,4,4,0,42,0,1,4,1,2,35,1,2,2,2,0,0,2,1,0,0,99,99,99,99,88,88,0,0,0,0,1,7,1,450137,0,2009,50,87,99999999999999999999,0000000,34.39621667,-82.27583889,1,1
45,63,3,24,0,35,1,1,0,0,4,4,0,34,0,1,4,1,2,40,2,1,2,1,0,0,2,1,0,0,99,99,99,99,88,88,0,0,0,0,1,3,1,450138,0,2009,12,83,99999999999999999999,0000000,34.14480556,-81.342,1,1
45,27,3,10,12,34,1,1,0,1,2,2,0,42,0,1,4,2,2,55,1,1,2,1,0,0,1,1,0,0,99,99,99,99,99,99,0,0,0,0,1,3,0,450139,0,2009,173,US-521,99999999999999999999,0000000,33.76573333,-80.23293889,1,1
45,27,3,12,12,58,1,2,0,1,1,1,0,1,0,1,5,2,2,70,1,1,2,1,0,0,1,1,0,0,99,99,99,99,99,99,0,0,0,0,1,5,0,450140,0,2009,154,I-95,99999999999999999999,0000000,33.670675,-80.27121944,1,1
45,55,3,14,21,45,1,1,0,0,4,4,0,42,0,1,4,1,2,45,1,1,2,2,0,0,2,2,0,0,99,99,99,99,99,99,0,0,0,0,1,7,1,450141,0,2009,8,902,99999999999999999999,0000000,34.59668889,-80.41726111,1,2
45,55,3,19,20,53,2,2,0,1,1,1,0,12,1,1,1,3,2,70,1,1,2,1,0,0,2,1,0,0,99,99,99,99,88,88,0,0,0,0,1,5,1,450142,0,2009,24,I-20,99999999999999999999,0000000,34.13130833,-80.77049722,2,1
45,63,3,11,18,0,2,3,0,1,2,2,0,12,5,2,1,2,2,55,1,2,2,1,20,3,5,1,0,0,99,99,99,99,99,99,0,0,0,0,1,4,0,450143,0,2009,121,US-321,1697,0000000,33.85209722,-81.08442222,2,1
45,19,3,11,22,24,1,2,1,0,4,4,0,8,0,2,1,2,2,45,1,1,2,1,3,3,2,1,0,0,99,99,99,99,99,99,0,0,0,0,1,4,1,450144,1805,2009,99999,75,BRANDYWINE,0000000,32.92966944,-80.07260833,1,1
45,59,3,13,1,35,2,2,0,0,3,3,0,12,5,2,1,1,2,55,1,2,2,1,0,0,2,1,0,0,99,99,99,99,99,99,0,0,0,0,1,6,0,450145,0,2009,38,SR-49,266,0000000,34.55290833,-81.94702222,2,1
45,25,3,17,19,5,2,2,0,0,3,3,0,12,3,2,1,2,2,55,1,1,2,1,20,3,2,1,0,0,99,99,99,99,99,99,0,0,0,0,1,3,1,450146,0,2009,314,SR-151,172,0000000,34.42361944,-80.18414444,2,1
45,75,3,20,18,40,3,3,0,1,2,2,0,12,4,2,1,2,2,45,1,1,2,1,0,0,1,1,0,0,99,99,99,99,99,99,0,0,0,0,1,6,1,450147,0,2009,178,US-601,1336,0000000,33.52329444,-80.842725,3,1
45,45,3,17,2,40,1,1,0,0,3,3,0,30,0,1,4,1,2,35,2,2,2,1,0,0,2,1,0,0,99,99,99,99,88,88,0,0,0,0,1,3,0,450148,0,2009,103,SR-101,99999999999999999999,0000000,35.05097222,-82.30549444,1,1
45,65,3,7,11,52,1,2,0,0,4,4,0,1,0,1,1,1,2,25,2,2,2,1,0,0,1,1,0,0,99,99,99,99,99,99,0,0,0,0,1,7,0,450149,0,2009,21,7,99999999999999999999,0000000,33.926375,-82.42067778,1,1
45,83,3,13,2,30,1,4,0,0,15,3,0,38,0,1,4,1,2,45,1,1,2,1,0,0,3,1,0,0,99,99,99,99,99,99,0,0,0,0,1,6,1,450150,0,2009,32,SR-9,99999999999999999999,0000000,35.05416944,-81.99238333,1,1
45,65,3,11,11,10,1,2,0,1,2,2,0,34,0,1,4,1,2,55,1,2,2,1,0,0,1,1,0,0,99,99,99,99,99,99,0,0,0,0,2,4,0,450151,0,2009,195,US-221,99999999999999999999,0000000,33.89724167,-82.28455,1,1
45,79,2,27,14,35,1,1,0,1,11,1,0,27,0,13,4,6,1,60,2,1,2,1,0,0,1,1,0,0,99,99,99,99,99,99,0,0,0,0,1,6,0,450152,0,2009,209,I-77,US-21,0000000,34.17250556,-80.96979722,1,1
45,75,3,21,17,54,1,1,0,0,5,5,0,34,0,1,4,1,2,40,1,1,2,1,0,0,1,1,0,0,99,99,99,99,88,88,0,0,0,0,1,7,1,450153,0,2009,99999,SUNNY DRIVE,99999999999999999999,0000000,33.52096667,-80.99704722,1,1
45,57,3,17,19,40,3,4,0,0,3,3,0,12,8,1,1,1,2,55,1,1,2,1,0,0,2,1,0,0,99,99,99,99,99,99,0,0,0,0,1,3,1,450154,0,2009,126,SR-9,99999999999999999999,0000000,34.73554722,-80.78620556,3,1
45,51,3,14,4,30,1,1,0,0,3,3,0,37,0,1,4,1,2,55,2,1,2,2,0,0,2,1,0,0,99,99,99,99,88,88,0,0,0,0,1,7,1,450155,0,2009,148,SR-410,99999999999999999999,0000000,34.14050833,-78.91925833,1,1
45,13,3,28,13,35,1,3,0,0,4,4,0,1,0,1,1,1,2,30,1,2,1,2,0,0,1,1,0,0,99,99,99,99,99,99,0,0,0,0,1,7,1,450156,1145,2009,99999,245,99999999999999999999,0000000,32.19163056,-80.74878333,1,1
45,7,3,22,0,20,1,1,0,0,4,4,0,1,0,1,4,1,2,45,2,1,2,1,0,0,2,1,0,0,99,99,99,99,88,88,0,0,0,0,1,1,1,450157,40,2009,99999,143,99999999999999999999,0000000,34.71843889,-82.46852778,1,1
45,3,2,11,19,5,2,3,0,1,13,2,0,12,4,2,1,2,2,45,1,1,2,1,3,3,2,1,0,0,99,99,99,99,99,99,0,0,0,0,1,4,0,450158,20,2009,123,US-1,SR-118,0000000,33.57665556,-81.70339167,2,1
45,19,3,26,21,54,1,2,1,0,3,3,0,8,0,1,1,1,2,40,1,1,2,1,0,0,2,1,0,0,99,99,99,99,99,99,0,0,0,0,1,5,1,450159,410,2009,99999,SR-61,99999999999999999999,0000000,32.79723056,-79.99815,1,1
45,19,3,28,0,8,1,1,0,0,4,4,0,33,0,1,4,1,2,99,1,1,2,1,0,0,3,1,0,0,99,99,99,99,88,88,0,0,0,0,1,7,1,450160,410,2009,99999,NORTH ROMNEY STREET,99999999999999999999,0000000,32.81429444,-79.94618056,1,1
45,91,4,3,23,32,1,2,1,0,4,4,0,8,0,1,1,2,2,40,1,1,2,1,0,0,2,1,0,0,99,99,99,99,99,99,0,0,0,0,1,6,0,450161,2200,2009,99999,HERLONG AVE,99999999999999999999,0000000,34.95898056,-81.04232222,1,1
45,19,4,3,23,25,1,2,1,0,3,3,0,8,0,1,1,2,2,40,1,1,2,1,0,0,2,1,0,0,99,99,99,99,99,99,0,0,0,0,1,6,0,450162,410,2009,113,SR-61,99999999999999999999,0000000,32.78604722,-79.98008333,1,1
45,15,2,7,13,33,2,2,0,1,2,2,0,12,5,2,1,2,2,60,1,1,2,1,20,3,1,1,0,0,99,99,99,99,99,99,0,0,0,0,1,7,0,450163,0,2009,128,US-52,0230,0000000,33.16464167,-80.02982222,2,1
45,15,2,13,15,0,2,2,0,1,2,2,0,12,5,2,1,2,2,60,1,1,2,1,0,0,1,1,0,0,99,99,99,99,99,99,0,0,0,0,1,6,0,450164,1680,2009,128,US-52,230,0000000,33.17121667,-80.02531667,2,1
45,7,2,27,15,33,1,4,0,0,4,4,0,42,0,1,4,1,2,40,2,1,2,2,0,0,1,2,0,0,99,99,99,99,99,99,0,0,0,0,2,6,0,450165,0,2009,370,1084,99999999999999999999,0000000,34.68213333,-82.58388611,1,2
45,15,3,24,9,15,3,3,0,1,2,2,0,12,1,1,1,1,2,45,1,1,2,1,0,0,1,1,0,0,99,99,99,99,99,99,0,0,0,0,1,3,0,450166,0,2009,99999,US-17,99999999999999999999,0000000,33.09470556,-80.07870278,3,1
45,49,3,24,15,18,2,4,0,0,4,4,0,12,5,2,1,1,2,55,1,1,2,1,20,3,1,1,0,0,99,99,99,99,99,99,0,0,0,0,1,3,0,450167,0,2009,40,512,315,0000000,32.91655833,-81.13583611,2,1
45,21,3,15,1,10,2,4,0,1,1,1,0,57,0,1,3,3,2,65,1,1,2,2,0,0,2,2,0,0,99,99,99,99,99,99,0,0,0,0,1,1,0,450168,0,2009,12,I-85,99999999999999999999,0000000,35.05525833,-81.78887778,2,2
45,79,3,26,5,8,2,2,0,1,2,2,0,12,4,2,1,1,2,45,1,1,2,2,3,3,3,2,0,0,99,99,99,99,88,88,0,0,0,0,1,5,1,450169,0,2009,287,US-76,1083,0000000,33.95318611,-80.92173056,2,2
45,31,3,22,23,30,1,1,0,0,4,4,0,1,0,1,5,1,2,55,1,1,2,1,0,0,2,1,0,0,99,99,99,99,99,99,0,0,0,0,1,1,1,450170,0,2009,30,45,99999999999999999999,0000000,34.16139167,-79.96394722,1,1
45,55,3,26,7,25,2,3,0,0,4,4,0,12,4,2,1,1,2,45,1,1,2,1,20,3,1,1,0,0,99,99,99,99,99,99,0,0,0,0,1,5,0,450171,0,2009,22,757,700,0000000,34.19551111,-80.76719167,2,1
45,31,3,27,4,53,1,1,0,1,2,2,0,34,0,1,4,1,2,45,1,1,2,1,0,0,2,1,0,0,99,99,99,99,88,88,0,0,0,0,1,6,1,450172,0,2009,57,US-15,99999999999999999999,0000000,34.33319444,-80.079475,1,1
45,61,3,28,16,0,1,1,0,0,4,4,0,42,0,1,4,1,2,55,1,1,2,2,0,0,1,2,0,0,99,99,99,99,99,99,0,0,0,0,1,7,1,450173,0,2009,140,101,99999999999999999999,0000000,33.96066111,-80.16916667,1,2
45,33,3,28,4,30,1,3,0,0,3,3,0,42,0,1,4,1,2,55,1,2,2,2,0,0,2,5,0,0,99,99,99,99,99,99,0,0,0,0,1,7,1,450174,0,2009,271,SR-9,99999999999999999999,0000000,34.32738333,-79.15971389,1,5
45,23,3,30,1,10,1,6,0,1,1,1,0,1,0,1,3,2,2,70,1,1,2,1,0,0,2,1,0,0,99,99,99,99,99,99,0,0,0,0,1,2,0,450175,0,2009,103,I-77,99999999999999999999,0000000,34.67585278,-81.02910556,1,1
45,3,3,30,12,0,1,2,0,1,2,2,0,18,0,1,4,2,2,45,2,2,1,1,0,0,1,1,0,0,99,99,99,99,99,99,0,0,0,0,1,2,0,450176,0,2009,180,US-78,99999999999999999999,0000000,33.56396111,-81.76463056,1,1
45,49,3,31,14,15,2,2,0,1,2,2,0,12,2,1,1,1,2,55,1,1,2,1,0,0,1,1,0,0,99,99,99,99,99,99,0,0,0,0,1,3,0,450177,0,2009,53,US-278,99999999999999999999,0000000,32.89176944,-81.14055556,2,1
45,67,4,1,17,57,2,2,0,1,2,2,0,12,5,2,1,2,3,50,1,1,2,1,20,3,1,1,0,0,99,99,99,99,99,99,0,0,0,0,1,4,0,450178,0,2009,184,US-501,32,0000000,34.09688056,-79.32098889,2,1
45,11,4,2,22,10,1,1,0,0,3,3,0,42,0,1,4,1,2,55,1,1,2,2,20,3,2,2,0,0,99,99,99,99,88,88,0,0,0,0,1,5,1,450179,0,2009,143,SR-37,99999999999999999999,0000000,33.45521944,-81.32011389,1,2
45,31,4,2,1,23,3,2,0,0,4,4,0,42,0,1,4,1,2,45,2,2,2,1,0,0,3,1,0,0,99,99,99,99,88,88,0,0,0,0,1,5,0,450180,0,2009,34,179,99999999999999999999,0000000,34.279275,-79.83721667,1,1
45,31,4,3,9,4,1,1,0,0,3,3,0,42,0,1,4,1,2,55,1,1,2,2,0,0,1,1,0,0,99,99,99,99,99,99,0,0,0,0,1,6,0,450181,0,2009,36,SR-102,99999999999999999999,0000000,34.44248611,-80.03909167,1,1
45,7,3,11,15,40,2,4,0,0,4,4,0,12,2,1,1,1,2,45,1,2,2,1,0,0,1,1,0,0,99,99,99,99,99,99,0,0,0,0,1,4,0,450182,0,2009,46,54,99999999999999999999,0000000,34.59046944,-82.4578,2,1
45,41,4,3,14,30,1,1,0,0,3,3,0,37,0,1,4,1,2,55,2,1,2,1,0,0,1,1,0,0,99,99,99,99,88,88,0,0,0,0,1,6,1,450183,0,2009,59,SR-403,99999999999999999999,0000000,34.10523056,-79.95506389,1,1
45,17,4,4,1,35,1,2,0,0,3,3,0,42,0,1,4,1,2,55,1,1,2,1,0,0,2,1,0,0,99,99,99,99,99,99,0,0,0,0,2,7,1,450184,0,2009,131,SR-6,99999999999999999999,0000000,33.67124722,-80.80839167,1,1
45,43,4,4,20,15,2,8,0,0,4,4,0,12,1,1,1,1,2,50,1,1,2,1,0,0,2,1,0,0,99,99,99,99,99,99,0,0,0,0,1,7,1,450185,0,2009,19,55,99999999999999999999,0000000,33.69992222,-79.26635833,2,1
45,53,4,6,3,45,1,4,0,1,1,1,0,37,0,1,4,3,2,70,1,1,2,2,0,0,2,2,0,0,99,99,99,99,99,99,0,0,0,0,1,2,0,450186,0,2009,167,I-95,99999999999999999999,0000000,32.42485556,-81.00455833,1,2
45,7,4,7,0,37,1,1,0,0,3,3,0,24,0,1,4,1,2,35,2,1,2,1,0,0,2,1,0,0,99,99,99,99,88,88,0,0,0,0,1,3,1,450187,0,2009,112,SR-8,99999999999999999999,0000000,34.76685833,-82.57328611,1,1
45,35,4,12,3,2,1,1,0,0,4,4,0,42,0,1,4,1,2,45,2,1,2,1,0,0,2,1,0,0,99,99,99,99,88,88,0,0,0,0,1,1,1,450188,0,2009,44,13,99999999999999999999,0000000,33.0173,-80.22564444,1,1
45,91,4,5,1,6,2,3,0,0,4,4,0,1,0,1,4,1,2,45,2,1,2,1,0,0,2,1,0,0,99,99,99,99,99,99,0,0,0,0,1,1,2,450189,0,2009,232,181,99999999999999999999,0000000,35.02511111,-81.16016944,2,1
45,83,3,28,4,37,1,2,0,1,1,1,0,42,0,1,4,2,2,70,1,2,2,2,0,0,2,1,0,0,99,99,99,99,99,99,0,0,0,0,2,7,1,450190,0,2009,9,I-26,99999999999999999999,0000000,35.17054722,-82.13851111,1,1
45,45,4,1,11,6,3,3,0,0,4,4,0,12,2,2,1,1,2,50,1,1,2,2,0,0,1,2,0,0,99,99,99,99,99,99,0,0,0,0,1,4,0,450191,0,2009,80,55,WILSON BRIDGE RD,0000000,34.68488611,-82.25309444,3,2
45,23,4,5,4,30,2,2,0,0,3,3,0,12,2,1,1,1,2,55,1,1,2,1,0,0,2,1,0,0,99,99,99,99,99,99,0,0,0,0,1,1,1,450192,0,2009,253,SR-72,99999999999999999999,0000000,34.81679722,-81.10931389,2,1
45,3,4,10,23,20,1,1,0,0,4,4,0,18,0,1,1,1,2,45,1,1,2,2,0,0,2,2,0,0,99,99,99,99,88,88,0,0,0,0,1,6,1,450193,0,2009,48,869,99999999999999999999,0000000,33.40547222,-81.74536111,1,2
45,85,4,2,11,23,2,2,0,0,15,3,0,12,5,2,1,1,2,45,1,1,2,2,20,3,1,2,0,0,99,99,99,99,99,99,0,0,0,0,1,5,0,450194,0,2009,66,SR-763,507,0000000,33.91003056,-80.40893611,2,2
45,81,4,3,20,50,3,4,0,0,3,3,0,12,5,2,1,1,2,55,1,1,2,1,20,3,2,1,0,0,99,99,99,99,99,99,0,0,0,0,1,6,0,450195,0,2009,131,SR-121,51,0000000,34.03633611,-81.76969444,3,1
45,63,4,5,5,5,2,4,0,0,3,3,0,12,3,1,1,1,2,45,1,1,2,1,0,0,3,1,0,0,99,99,99,99,99,99,0,0,0,0,1,1,1,450196,0,2009,516,SR-391,99999999999999999999,0000000,33.96108889,-81.5307,2,1
45,45,4,8,20,45,1,1,0,0,3,3,0,37,0,1,4,1,2,35,2,1,2,1,0,0,2,1,0,0,99,99,99,99,88,88,0,0,0,0,1,4,1,450197,0,2009,23,SR-186,99999999999999999999,0000000,34.99512778,-82.52045556,1,1
45,79,4,10,23,45,1,1,0,0,3,3,0,37,0,1,4,1,2,55,1,1,2,2,0,0,2,2,0,0,99,99,99,99,88,88,0,0,0,0,1,6,1,450198,0,2009,107,SR-48,99999999999999999999,0000000,33.90044722,-80.92409167,1,2
45,17,4,11,22,0,1,1,0,1,1,1,0,38,0,1,4,2,2,70,1,1,2,1,0,0,2,1,0,0,99,99,99,99,99,99,0,0,0,0,1,7,0,450199,0,2009,161,I-26,99999999999999999999,0000000,33.66356667,-80.89156111,1,1
45,45,4,12,9,19,2,6,0,0,5,5,0,18,0,1,1,1,2,30,2,2,2,1,40,3,1,1,0,0,99,99,99,99,88,88,0,0,0,0,1,1,0,450200,0,2009,99999,GOLDSMITH RD,99999999999999999999,0000000,34.72524722,-82.20601667,2,1
45,41,4,13,11,20,2,2,0,0,4,4,0,12,4,2,1,1,2,30,1,1,2,1,20,3,1,1,0,0,99,99,99,99,99,99,0,0,0,0,1,2,0,450201,0,2009,99999,196,1507,0000000,34.20470278,-79.75143056,2,1
45,51,4,13,21,55,1,2,1,1,2,2,0,8,0,1,1,2,2,45,1,1,2,2,0,0,3,2,0,0,99,99,99,99,99,99,0,0,0,0,1,2,0,450202,0,2009,99999,US-17,99999999999999999999,0000000,33.65760278,-78.9287,1,2
45,57,4,13,0,30,1,7,0,1,2,2,0,1,0,1,4,1,2,55,1,1,2,1,20,3,2,1,0,0,99,99,99,99,99,99,0,0,0,0,1,2,0,450203,0,2009,60,US-521,99999999999999999999,0000000,34.56895278,-80.60282778,1,1
45,19,4,12,14,50,1,1,0,0,4,4,0,38,0,1,4,1,2,35,1,1,2,1,0,0,1,1,0,0,99,99,99,99,88,88,0,0,0,0,1,1,0,450204,1805,2009,100,405,99999999999999999999,0000000,32.91475556,-80.02617222,1,1
45,25,4,14,17,35,2,4,0,0,3,3,0,12,5,2,1,1,2,45,1,2,2,2,20,3,1,2,0,0,99,99,99,99,99,99,0,0,0,0,1,3,0,450205,0,2009,69,SR-265,109,0000000,34.67539444,-80.322375,2,2
45,7,4,17,21,45,2,3,0,0,13,3,0,12,5,2,1,2,2,35,1,1,2,1,20,3,2,1,0,0,99,99,99,99,99,99,0,0,0,0,1,6,0,450206,0,2009,141,SR-81,259,0000000,34.44025556,-82.66482222,2,1
45,3,4,20,22,41,1,2,1,0,4,4,0,8,0,1,1,1,2,45,1,2,2,1,0,0,2,1,0,0,99,99,99,99,88,88,0,0,0,0,1,2,0,450207,0,2009,31,65,99999999999999999999,0000000,33.47394444,-81.84101944,1,1
45,63,2,28,11,20,2,2,0,0,4,4,0,12,4,2,1,1,2,35,1,1,2,2,3,3,1,2,0,0,99,99,99,99,99,99,0,0,0,0,1,7,0,450208,0,2009,33,168,104,0000000,33.94506944,-81.16879444,2,2
45,45,3,21,22,15,1,2,0,0,4,4,0,42,0,1,4,1,2,35,2,1,2,1,0,0,2,1,0,0,99,99,99,99,99,99,0,0,0,0,1,7,1,450209,0,2009,99999,565,99999999999999999999,0000000,34.594075,-82.30055833,1,1
45,15,3,22,3,35,1,2,1,0,4,4,0,8,0,1,1,2,2,45,1,1,2,1,0,0,3,1,0,0,99,99,99,99,88,88,0,0,0,0,1,1,0,450210,0,2009,47,29,99999999999999999999,0000000,32.971625,-80.01540278,1,1
45,35,4,15,2,15,3,7,0,0,4,4,0,12,1,1,1,3,2,50,1,1,2,1,0,0,3,1,0,0,99,99,99,99,99,99,0,0,0,0,1,4,1,450211,0,2009,2,230,99999999999999999999,0000000,32.97043611,-80.14341944,3,1
45,59,4,15,22,0,1,1,0,0,4,4,0,42,0,1,4,1,2,35,2,1,2,1,0,0,2,1,0,0,99,99,99,99,99,99,0,0,0,0,1,4,0,450212,0,2009,106,82,99999999999999999999,0000000,34.42266389,-82.10838333,1,1
45,61,4,17,4,0,1,1,0,0,4,4,0,34,0,1,4,1,2,55,2,1,2,1,0,0,2,1,0,0,99,99,99,99,99,99,0,0,0,0,1,6,1,450213,0,2009,27,39,99999999999999999999,0000000,34.229225,-80.19075278,1,1
45,79,4,18,22,50,1,1,0,0,4,4,0,34,0,1,4,1,2,55,1,1,2,1,0,0,2,1,0,0,99,99,99,99,99,99,0,0,0,0,1,7,1,450214,0,2009,233,489,99999999999999999999,0000000,33.86122222,-80.70260556,1,1
45,63,2,3,12,40,1,3,0,1,1,1,0,27,0,1,4,3,2,60,1,2,2,1,0,0,1,1,0,0,99,99,99,99,99,99,0,0,0,0,1,3,0,450215,0,2009,241,I-20,99999999999999999999,0000000,34.01972778,-81.13519167,1,1
45,83,4,14,23,45,1,1,0,0,3,3,0,1,0,1,4,1,2,35,1,2,2,1,0,0,3,1,0,0,99,99,99,99,99,99,0,0,0,0,1,3,0,450216,1550,2009,99999,SR-358,99999999999999999999,0000000,34.95862778,-82.13125833,1,1
45,83,4,23,16,0,2,2,0,1,2,2,0,12,4,2,1,2,2,40,1,1,2,1,0,0,1,1,0,0,99,99,99,99,99,99,0,0,0,0,1,5,0,450217,2460,2009,278,US-176,47,0000000,34.93270278,-81.89178889,2,1
45,71,4,16,1,0,1,1,0,0,3,3,0,33,0,1,4,1,2,45,1,2,2,1,0,0,2,1,0,0,99,99,99,99,88,88,0,0,0,0,1,5,1,450218,0,2009,28,SR-219,99999999999999999999,0000000,34.28654444,-81.56104167,1,1
45,27,4,23,14,45,2,5,0,1,2,2,0,12,4,2,1,1,2,55,2,1,2,1,0,0,1,1,0,0,99,99,99,99,99,99,0,0,0,0,1,5,0,450219,0,2009,235,US-301,49,0000000,33.73861667,-80.19015278,2,1
45,27,4,23,0,2,1,2,0,0,4,4,0,1,0,1,1,1,2,55,1,1,2,1,0,0,2,1,0,0,99,99,99,99,99,99,0,0,0,0,1,5,1,450220,0,2009,99999,63,99999999999999999999,0000000,33.60428889,-80.18041111,1,1
45,77,4,25,19,30,1,3,0,0,5,5,0,5,0,1,1,1,2,35,1,2,2,1,0,0,2,1,0,0,99,99,99,99,99,99,0,0,0,0,1,7,1,450221,0,2009,99999,MORDECI MOUNTIAN RD,99999999999999999999,0000000,34.66974722,-82.11014167,1,1
45,85,4,26,14,0,1,1,0,0,5,5,0,37,0,1,4,1,2,55,1,1,2,1,0,0,1,1,0,0,99,99,99,99,88,88,0,0,0,0,1,1,0,450222,0,2009,99999,KEYSTONE RD,99999999999999999999,0000000,34.0624,-80.41296944,1,1
45,91,5,2,20,7,1,1,0,0,4,4,0,32,0,1,4,1,2,45,1,1,2,2,0,0,5,2,0,0,99,99,99,99,88,88,0,0,0,0,1,7,1,450223,0,2009,25,163,99999999999999999999,0000000,34.87677778,-81.09326389,1,2
45,29,5,3,17,45,2,2,0,0,4,4,0,12,5,1,2,1,2,55,1,1,2,1,0,0,1,1,0,0,99,99,99,99,99,99,0,0,0,0,1,1,0,450224,0,2009,142,45,99999999999999999999,0000000,32.9785,-80.54463333,2,1
45,19,3,22,14,1,2,3,0,1,2,2,0,1,0,1,1,2,3,45,1,1,2,1,0,0,1,1,0,0,99,99,99,99,99,99,0,0,0,0,1,1,0,450225,1805,2009,99999,US-52,99999999999999999999,0000000,32.85269722,-79.97128611,2,1
45,15,4,23,20,34,2,3,0,1,2,2,0,12,5,2,1,2,2,55,1,1,2,1,3,3,2,1,0,0,99,99,99,99,99,99,0,0,0,0,2,5,1,450226,985,2009,99999,US-52,45,0000000,33.033275,-80.03471389,2,1
45,79,4,25,21,30,2,2,0,1,1,1,0,12,1,1,1,3,3,60,1,1,2,1,0,0,2,1,0,0,99,99,99,99,88,88,0,0,0,0,1,7,0,450227,1220,2009,99999,I-26,99999999999999999999,0000000,34.10125,-81.17707778,2,1
45,63,4,28,14,0,2,3,0,1,2,2,0,12,4,2,1,2,2,45,1,1,2,1,3,3,1,1,0,0,99,99,99,99,99,99,1,0,0,0,1,3,0,450228,1430,2009,99999,US-378,CAUGHMAN FARM RD,0000000,33.99930833,-81.21535833,2,1
45,3,5,1,8,32,1,1,0,0,4,4,0,34,0,1,4,1,2,45,2,2,2,1,0,0,1,1,0,0,99,99,99,99,99,99,0,0,0,0,1,6,1,450229,1800,2009,99999,1445,99999999999999999999,0000000,33.55130278,-81.95701944,1,1
45,9,5,2,21,8,1,2,0,1,2,2,0,33,0,1,4,1,2,30,1,1,2,1,0,0,3,1,0,0,99,99,99,99,99,99,0,0,0,0,1,7,0,450230,110,2009,99999,US-78,99999999999999999999,0000000,33.29703056,-81.03511389,1,1
45,79,5,2,3,53,2,2,0,1,1,1,0,12,1,1,1,2,3,60,1,2,2,1,0,0,2,1,0,0,99,99,99,99,99,99,0,0,0,0,1,7,1,450231,0,2009,99999,I-20,99999999999999999999,0000000,34.06919167,-81.01666111,2,1
45,79,5,3,17,40,2,2,0,0,3,3,0,12,2,1,2,3,2,40,1,1,2,1,0,0,1,1,0,0,99,99,99,99,88,88,0,0,0,0,1,1,0,450232,0,2009,99999,SR-12,99999999999999999999,0000000,34.05226944,-80.92284722,2,1
45,79,4,19,6,35,1,1,0,0,3,3,0,34,0,1,4,1,2,55,1,1,2,1,0,0,4,1,0,0,99,99,99,99,99,99,0,0,0,0,1,1,1,450233,0,2009,99999,SR-262,99999999999999999999,0000000,33.99432778,-80.84838889,1,1
45,19,3,28,9,27,1,3,0,1,1,1,0,23,0,1,4,3,2,60,1,2,2,1,0,0,1,1,0,0,99,99,99,99,99,99,0,0,0,0,2,7,0,450234,1805,2009,99999,I-526,99999999999999999999,0000000,32.84790278,-80.01780556,1,1
45,67,2,22,17,23,1,7,0,1,2,2,0,1,0,1,4,1,2,50,1,1,2,1,0,0,1,1,0,0,99,99,99,99,99,99,0,0,0,0,1,1,0,450235,0,2009,99999,US-501,99999999999999999999,0000000,34.14789722,-79.38621944,1,1
45,79,3,7,11,50,2,3,0,0,3,3,0,12,5,2,1,2,2,55,1,1,2,1,3,3,1,1,0,0,99,99,99,99,99,99,0,0,0,0,1,7,0,450236,0,2009,99999,SR-268,50,0000000,33.94827222,-80.96533333,2,1
45,83,4,25,6,30,1,1,0,1,11,1,0,34,0,1,4,3,2,65,1,2,2,1,0,0,1,1,0,0,99,99,99,99,88,88,0,0,0,0,1,7,1,450237,0,2009,21,I-26,99999999999999999999,0000000,34.95088889,-82.00161111,1,1
45,45,4,25,21,5,1,2,1,0,4,4,0,37,0,1,4,1,2,35,2,1,2,1,0,0,2,1,0,0,99,99,99,99,99,99,0,0,0,0,1,7,0,450238,0,2009,99999,88,99999999999999999999,0000000,34.93583333,-82.46149167,1,1
45,73,4,26,21,15,1,1,0,0,4,4,0,40,0,1,4,1,2,45,1,1,2,1,0,0,2,1,0,0,99,99,99,99,88,88,0,0,0,0,1,1,1,450239,0,2009,35,37,99999999999999999999,0000000,34.665475,-82.89043056,1,1
45,77,4,26,0,30,1,1,0,0,5,5,0,42,0,1,4,1,2,40,1,2,2,1,0,0,2,1,0,0,99,99,99,99,88,88,0,0,0,0,1,1,1,450240,0,2009,148,PINEY CREEK RD,99999999999999999999,0000000,34.93752222,-82.59392778,1,1
45,7,4,26,1,44,1,2,0,0,4,4,0,38,0,1,4,1,2,45,2,1,2,1,0,0,3,1,0,0,99,99,99,99,99,99,0,0,0,0,1,1,1,450241,0,2009,151,22,99999999999999999999,0000000,34.484025,-82.69735278,1,1