STATE,COUNTY,MONTH,DAY,HOUR,MINUTE,VE_TOTAL,PERSONS,PEDS,NHS,ROAD_FNC,ROUTE,SP_JUR,HARM_EV,MAN_COLL,REL_JUNC,REL_ROAD,TRAF_FLO,NO_LANES,SP_LIMIT,ALIGNMNT,PROFILE,PAVE_TYP,SUR_COND,TRA_CONT,T_CONT_F,LGT_COND,WEATHER1,WEATHER2,WRK_ZONE,NOT_HOUR,NOT_MIN,ARR_HOUR,ARR_MIN,HOSP_HR,HOSP_MN,SCH_BUS,CF1,CF2,CF3,FATALS,DAY_WEEK,DRUNK_DR,ST_CASE,CITY,YEAR,MILEPT,TWAY_ID,TWAY_ID2,RAIL,LATITUDE,LONGITUD,VE_FORMS,WEATHER
45,89,5,3,13,11,2,2,0,0,4,4,0,12,4,2,1,1,2,55,1,1,2,1,20,3,1,1,0,0,99,99,99,99,99,99,0,0,0,0,1,1,0,450242,0,2009,16,39,84,0000000,33.74625278,-79.46951944,2,1
45,45,4,5,17,58,2,3,0,1,2,2,0,12,1,1,1,2,2,55,1,1,2,1,0,0,1,1,0,0,99,99,99,99,99,99,0,0,0,0,1,1,0,450243,0,2009,99999,US-25,99999999999999999999,0000000,35.01695833,-82.41243889,2,1
45,73,4,28,11,30,1,2,1,0,5,5,0,8,0,1,4,1,2,35,2,1,2,1,0,0,1,1,0,0,99,99,99,99,88,88,0,0,0,0,1,3,0,450244,0,2009,99999,HOPEWELL CHURCH RD,99999999999999999999,0000000,34.63063056,-83.15538889,1,1
45,77,5,2,18,45,1,1,0,0,4,4,0,42,0,1,4,1,2,40,2,1,2,1,0,0,1,1,0,0,99,99,99,99,88,88,0,0,0,0,1,7,1,450245,0,2009,78,112,99999999999999999999,0000000,35.0197,-82.63473889,1,1
45,91,5,3,18,24,2,3,0,0,3,3,0,12,5,2,1,2,2,45,1,2,2,1,20,3,1,1,0,0,99,99,99,99,99,99,0,0,0,0,2,1,0,450246,2200,2009,99999,SR-901,WADE HAMPTON BLVD,0000000,34.95563889,-81.06691389,2,1
45,51,4,30,16,35,2,3,0,0,4,4,0,12,2,2,1,1,2,55,1,1,2,1,0,0,1,1,0,0,99,99,99,99,99,99,0,0,0,0,1,5,0,450247,0,2009,99999,545,66,0000000,33.94560278,-78.90221944,2,1
45,51,4,11,16,41,2,2,0,1,2,2,0,33,0,1,4,2,2,35,1,1,2,1,0,0,1,1,0,0,99,99,99,99,99,99,0,0,0,0,1,7,1,450248,540,2009,99999,US-501,99999999999999999999,0000000,33.83933889,-79.06027778,1,1
45,69,4,29,8,5,1,2,0,0,3,3,0,34,0,1,4,1,2,55,1,1,2,1,0,0,1,1,0,0,99,99,99,99,99,99,0,0,0,0,1,4,0,450249,0,2009,217,SR-9,99999999999999999999,0000000,34.58884444,-79.58333056,1,1
45,7,4,29,13,33,2,5,0,0,4,4,0,12,4,1,1,1,2,35,1,1,2,1,0,0,1,1,0,0,99,99,99,99,99,99,0,0,0,0,1,4,0,450250,0,2009,217,74,99999999999999999999,0000000,34.78391944,-82.50698056,2,1
45,5,4,29,15,30,2,2,0,0,3,3,0,12,4,1,1,1,2,55,2,1,2,1,0,0,1,1,0,0,99,99,99,99,99,99,0,0,0,0,1,4,0,450251,0,2009,81,SR-125,99999999999999999999,0000000,33.06755556,-81.39006667,2,1
45,77,5,2,18,45,1,1,0,1,2,2,0,42,0,1,4,2,2,65,1,2,2,1,0,0,1,1,0,0,99,99,99,99,99,99,0,0,0,0,1,7,0,450252,0,2009,162,US-123,99999999999999999999,0000000,34.80118889,-82.62924722,1,1
45,45,5,2,12,25,1,1,0,0,3,3,0,34,0,1,4,1,2,55,2,2,2,1,0,0,1,1,0,0,99,99,99,99,99,99,0,0,0,0,1,7,1,450253,0,2009,187,SR-11,99999999999999999999,0000000,35.12334722,-82.32364722,1,1
45,75,5,9,11,5,1,2,1,1,2,2,0,9,0,1,1,2,2,45,1,1,2,1,0,0,1,1,0,0,99,99,99,99,99,99,0,0,0,0,1,7,0,450254,0,2009,138,US-301,99999999999999999999,0000000,33.48317778,-80.82753056,1,1
45,19,4,6,21,35,1,2,1,0,5,5,0,8,0,1,1,2,2,35,1,1,2,1,0,0,2,1,0,0,99,99,99,99,88,88,0,0,0,0,1,2,0,450255,1805,2009,99999,PATRIOT BLVD,99999999999999999999,0000000,32.92239444,-80.10977222,1,1
45,27,5,3,18,40,1,1,0,0,4,4,0,1,0,1,4,1,2,55,1,1,2,1,0,0,1,1,0,0,99,99,99,99,99,99,0,0,0,0,1,1,1,450256,0,2009,42,813,99999999999999999999,0000000,33.71448889,-80.36031111,1,1
45,79,5,4,17,30,3,5,0,0,4,4,0,12,4,2,1,2,2,45,1,1,2,2,0,0,1,2,0,0,99,99,99,99,99,99,0,0,0,0,1,2,0,450257,0,2009,102,1036,1923,0000000,34.08131389,-80.95756667,3,2
45,79,5,4,22,31,1,2,1,0,4,4,0,8,0,1,1,1,2,45,1,1,2,1,0,0,2,1,0,0,99,99,99,99,99,99,0,0,0,0,1,2,0,450258,0,2009,73,83,99999999999999999999,0000000,34.11670833,-80.93975556,1,1
45,91,5,6,19,22,2,3,0,0,3,3,0,12,2,1,1,2,2,55,1,1,2,2,0,0,1,2,0,0,99,99,99,99,99,99,0,0,0,0,2,4,0,450259,0,2009,185,SR-161,99999999999999999999,0000000,34.99878611,-81.15918056,2,2
45,53,5,8,21,35,2,2,0,0,3,3,0,11,0,1,1,1,2,55,1,2,2,1,0,0,2,1,0,0,99,99,99,99,88,88,0,0,0,0,1,6,0,450260,0,2009,66,SR-170,99999999999999999999,0000000,32.16569444,-81.04009167,2,1
45,41,5,9,14,46,1,1,0,0,4,4,0,39,0,1,4,1,2,35,1,1,2,1,0,0,1,1,0,0,99,99,99,99,99,99,0,0,0,0,1,7,0,450261,870,2009,14,588,99999999999999999999,0000000,34.16220833,-79.80533056,1,1
45,91,5,12,23,0,1,2,0,0,4,4,0,34,0,1,4,1,2,45,2,1,2,1,0,0,2,1,0,0,99,99,99,99,99,99,0,0,0,0,1,3,1,450262,0,2009,54,195,99999999999999999999,0000000,35.00862778,-81.0785,1,1
45,7,4,25,2,45,1,1,0,0,4,4,0,11,0,1,1,1,2,45,1,1,2,1,0,0,2,1,0,0,99,99,99,99,99,99,0,0,0,0,1,7,0,450263,0,2009,27,80,99999999999999999999,0000000,34.49548611,-82.50178889,1,1
45,39,4,26,19,15,1,2,1,0,4,4,0,8,0,1,1,1,2,35,1,2,2,1,0,0,1,1,0,0,99,99,99,99,99,99,0,0,0,0,1,1,0,450264,0,2009,99999,504,99999999999999999999,0000000,34.30225278,-80.94713611,1,1
45,79,2,18,7,55,3,4,0,1,2,2,0,12,5,1,1,2,3,35,1,2,2,2,0,0,2,1,0,0,99,99,99,99,99,99,0,0,0,0,1,4,1,450265,520,2009,34,US-21,99999999999999999999,0000000,34.00798889,-81.04966111,3,1
45,51,2,19,18,5,2,2,0,1,2,2,0,12,2,1,1,1,2,55,1,1,2,1,0,0,3,1,0,0,99,99,99,99,99,99,0,0,0,0,1,5,0,450266,0,2009,396,US-701,99999999999999999999,0000000,33.79213056,-79.0768,2,1
45,57,4,26,20,15,1,1,0,0,4,4,0,34,0,1,4,1,2,55,1,1,2,1,0,0,2,1,0,0,99,99,99,99,99,99,0,0,0,0,1,1,1,450267,0,2009,13,13,99999999999999999999,0000000,34.50669722,-80.65793056,1,1
45,21,4,29,22,20,1,1,0,0,4,4,0,42,0,1,4,1,2,40,2,1,2,1,0,0,2,1,0,0,99,99,99,99,88,88,0,0,0,0,1,4,1,450268,0,2009,39,34,99999999999999999999,0000000,35.15714444,-81.70038611,1,1
45,43,4,30,20,37,2,3,0,1,2,2,0,12,1,1,1,1,2,45,1,1,2,1,0,0,2,1,0,0,99,99,99,99,88,88,0,0,0,0,1,5,1,450269,0,2009,113,US-17,99999999999999999999,0000000,33.37286389,-79.289275,2,1
45,19,5,2,17,13,2,3,0,0,3,3,0,34,0,1,4,1,2,55,2,1,2,1,0,0,1,1,0,0,99,99,99,99,99,99,0,0,0,0,1,7,1,450270,0,2009,99999,SR-45,99999999999999999999,0000000,33.09808611,-79.47771667,2,1
45,83,5,2,10,35,1,1,0,1,2,2,0,18,0,1,1,1,2,50,1,1,2,6,0,0,1,1,0,0,99,99,99,99,99,99,0,0,0,0,1,7,0,450271,2780,2009,99999,US-29,99999999999999999999,0000000,34.93755833,-82.02341111,1,1
45,63,5,7,17,30,1,2,0,1,11,1,0,27,0,1,4,3,3,60,1,2,2,1,0,0,1,1,0,0,99,99,99,99,99,99,0,0,0,0,1,5,0,450272,0,2009,262,I-20,99999999999999999999,0000000,34.023675,-81.13055833,1,1
45,63,5,11,4,45,1,4,0,1,1,1,0,42,0,1,4,3,2,70,1,1,2,1,0,0,2,1,0,0,99,99,99,99,99,99,0,0,0,0,1,2,0,450273,0,2009,262,I-26,99999999999999999999,0000000,33.90190833,-81.04888889,1,1
45,63,5,14,13,23,2,3,0,0,4,4,0,12,2,1,1,1,2,45,1,2,2,1,0,0,1,1,0,0,99,99,99,99,88,88,0,0,0,0,1,5,0,450274,0,2009,5,916,99999999999999999999,0000000,34.02203889,-81.18149722,2,1
45,45,5,15,9,35,2,2,0,1,2,2,0,12,2,2,1,1,2,45,1,1,2,1,0,0,1,1,0,0,99,99,99,99,88,88,0,0,0,0,1,6,0,450275,0,2009,271,US-25,EARLE DRIVE,0000000,34.84526111,-82.44621389,2,1
45,51,5,15,22,8,4,5,0,0,3,3,0,12,2,1,1,2,2,45,1,1,2,1,0,0,3,1,0,0,99,99,99,99,99,99,0,0,0,0,1,6,0,450276,0,2009,99999,SR-544,99999999999999999999,0000000,33.67003333,-78.99809444,4,1
45,51,5,15,21,39,2,3,0,0,3,3,0,12,5,2,1,2,2,40,2,1,2,1,0,0,2,1,0,0,99,99,99,99,99,99,0,0,0,0,1,6,1,450277,0,2009,226,SR-544,US-501,0000000,33.76883889,-79.02053889,2,1
45,27,5,16,3,30,1,6,0,1,1,1,0,1,0,1,4,3,2,70,1,1,2,1,0,0,2,1,0,0,99,99,99,99,99,99,0,0,0,0,3,7,0,450278,0,2009,325,I-95,99999999999999999999,0000000,33.86966667,-80.106125,1,1
45,41,5,17,18,14,1,1,0,1,1,1,0,34,0,1,4,3,2,60,2,1,2,2,0,0,1,2,0,0,99,99,99,99,88,88,0,0,0,0,1,1,0,450279,0,2009,24,I-20,99999999999999999999,0000000,34.19625556,-79.84970556,1,2
45,49,5,18,16,45,1,1,0,0,4,4,0,42,0,1,4,1,2,55,2,1,2,1,0,0,1,1,0,0,99,99,99,99,88,88,0,0,0,0,1,2,0,450280,0,2009,29,42,99999999999999999999,0000000,32.80311111,-80.92580833,1,1
45,83,5,18,15,25,1,1,0,0,3,3,0,34,0,1,4,1,2,45,2,2,2,1,0,0,1,1,0,0,99,99,99,99,88,88,0,0,0,0,1,2,1,450281,0,2009,217,SR-56,99999999999999999999,0000000,34.88378333,-81.88088889,1,1
45,27,5,20,2,55,1,3,0,1,1,1,0,42,0,1,3,3,2,70,1,1,2,1,0,0,2,1,0,0,99,99,99,99,99,99,0,0,0,0,1,4,0,450282,0,2009,234,I-95,99999999999999999999,0000000,33.76584167,-80.17796389,1,1
45,79,5,21,21,20,1,1,0,0,4,4,0,33,0,1,4,1,2,35,1,1,2,1,0,0,2,1,0,0,99,99,99,99,99,99,0,0,0,0,1,5,0,450283,0,2009,41,1280,99999999999999999999,0000000,34.06869444,-81.13708056,1,1
45,15,5,21,7,0,1,1,0,1,1,1,0,42,0,1,3,2,2,70,1,1,2,1,0,0,1,1,0,0,99,99,99,99,88,88,0,0,0,0,1,5,0,450284,0,2009,9,I-26,99999999999999999999,0000000,33.13151389,-80.29834167,1,1
45,15,5,22,23,16,1,3,1,0,4,4,0,9,0,1,1,1,2,45,1,1,2,1,0,0,2,1,0,0,99,99,99,99,88,88,0,0,0,0,1,6,1,450285,0,2009,271,41,99999999999999999999,0000000,33.34479722,-79.93446389,1,1
45,41,5,24,10,25,1,3,1,1,1,1,0,8,0,1,2,3,3,70,1,2,2,6,0,0,1,2,0,0,99,99,99,99,99,99,0,0,0,0,1,1,0,450286,0,2009,24,I-95,99999999999999999999,0000000,34.21141111,-79.82661667,1,2
45,45,5,22,3,12,1,1,0,0,4,4,0,34,0,1,4,1,2,30,2,1,2,1,70,3,2,1,0,0,99,99,99,99,88,88,0,0,0,0,1,6,1,450287,0,2009,129,335,99999999999999999999,716730E,34.91176667,-82.31781111,1,1
45,17,5,29,1,25,1,3,0,1,2,2,0,42,0,1,4,1,2,55,2,1,2,1,0,0,2,1,0,0,99,99,99,99,99,99,0,0,0,0,1,6,1,450288,0,2009,152,US-176,99999999999999999999,0000000,33.71141667,-80.86971667,1,1
45,43,5,27,21,18,1,2,1,1,13,2,0,8,0,1,1,1,2,35,1,1,2,1,0,0,3,1,0,0,99,99,99,99,99,99,0,0,0,0,1,4,0,450289,0,2009,371,US-17,99999999999999999999,0000000,33.56310278,-79.02959444,1,1
45,51,5,29,21,7,2,3,0,0,4,4,0,12,2,1,1,1,2,55,1,1,2,1,0,0,2,1,0,0,99,99,99,99,99,99,0,0,0,0,2,6,0,450290,0,2009,105,31,99999999999999999999,0000000,33.97678333,-78.85561389,2,1
45,73,3,24,19,0,1,2,1,0,15,4,0,9,0,1,1,1,2,25,1,3,2,1,20,3,1,1,0,0,99,99,99,99,99,99,0,0,0,0,1,3,0,450291,2340,2009,7,155,99999999999999999999,0000000,34.6827,-82.94793611,1,1
45,75,5,4,18,40,2,2,0,0,4,4,0,12,4,2,1,1,2,45,1,1,2,2,20,3,1,1,0,0,99,99,99,99,99,99,0,0,0,0,1,2,0,450292,0,2009,194,906,US-601,0000000,33.54350556,-80.83169444,2,1
45,63,5,7,6,36,2,2,0,1,2,2,0,12,5,2,1,1,2,45,2,3,2,2,20,3,4,2,0,0,99,99,99,99,88,88,0,0,0,0,1,5,0,450293,0,2009,142,US-321,875,0000000,33.87886111,-81.06966111,2,2
45,43,5,9,23,20,1,3,1,1,2,2,0,8,0,1,1,2,2,45,1,1,2,1,0,0,2,1,0,0,99,99,99,99,99,99,0,0,0,0,1,7,0,450294,0,2009,259,US-17,99999999999999999999,0000000,33.42986667,-79.14619444,1,1
45,51,5,13,21,6,2,1,0,1,2,2,0,12,2,1,1,3,3,45,1,1,2,1,0,0,2,1,0,0,99,99,99,99,99,99,0,0,0,0,1,4,0,450295,0,2009,207,US-17,99999999999999999999,0000000,33.779075,-78.79184167,1,1
45,31,5,28,14,20,1,1,0,0,4,4,0,42,0,1,4,1,2,55,1,1,2,1,0,0,1,1,0,0,99,99,99,99,99,99,0,0,0,0,1,5,0,450296,0,2009,17,200,99999999999999999999,0000000,34.36880278,-80.13286111,1,1
45,13,5,31,2,26,1,2,0,0,5,5,0,42,0,1,5,1,2,35,2,1,2,1,0,0,2,1,0,0,99,99,99,99,88,88,0,0,0,0,1,1,1,450297,1145,2009,99999,LEG O MUTON RD,99999999999999999999,0000000,32.20713611,-80.71363333,1,1
45,15,6,1,12,45,1,1,0,1,1,1,0,1,0,1,4,2,2,70,1,1,2,1,0,0,1,1,0,0,99,99,99,99,88,88,0,0,0,0,1,2,0,450298,0,2009,802,I-26,99999999999999999999,0000000,33.08636389,-80.21633056,1,1
45,79,3,5,17,53,2,3,0,0,3,3,0,12,5,1,1,1,2,35,1,1,2,1,0,0,1,1,0,0,99,99,99,99,99,99,0,0,0,0,1,5,1,450299,520,2009,2,SR-760,99999999999999999999,0000000,33.99201389,-80.97327222,2,1
45,7,5,16,13,0,2,4,0,1,2,2,0,12,4,1,1,1,2,50,1,1,2,2,0,0,1,2,0,0,99,99,99,99,99,99,0,0,0,0,1,7,1,450300,0,2009,235,US-29,99999999999999999999,0000000,34.56580833,-82.55023889,2,2
45,19,6,11,21,40,2,1,0,1,2,2,0,53,0,1,4,2,2,45,1,1,2,2,0,0,2,1,0,0,99,99,99,99,99,99,0,0,0,0,1,5,1,450301,410,2009,99999,US-78,99999999999999999999,0000000,32.80083889,-79.94914167,1,1
45,5,5,15,1,35,1,1,0,0,4,4,0,42,0,1,4,1,2,55,2,1,2,1,0,0,2,1,0,0,99,99,99,99,99,99,0,0,0,0,1,6,1,450302,0,2009,102,618,99999999999999999999,0000000,33.69410278,-81.49606667,1,1
45,23,4,22,11,38,2,3,0,1,2,2,0,12,2,2,1,1,2,55,1,2,2,1,20,3,1,1,0,0,99,99,99,99,99,99,0,0,0,0,1,4,0,450303,0,2009,201,US-21,749,0000000,34.80858889,-80.93288889,2,1
45,47,4,3,6,31,3,2,1,1,2,2,0,12,3,1,1,1,2,55,1,1,2,1,0,0,4,1,0,0,99,99,99,99,88,88,0,0,0,0,1,6,0,450304,0,2009,149,US-25,99999999999999999999,0000000,34.13521667,-82.12893889,1,1
45,77,6,14,22,42,1,1,0,0,3,3,0,19,0,1,4,1,2,35,1,1,2,1,0,0,3,1,0,0,99,99,99,99,99,99,0,0,0,0,1,1,0,450305,700,2009,46,SR-8,99999999999999999999,0000000,34.83004444,-82.61521389,1,1
45,41,6,3,21,6,1,2,1,1,2,2,0,8,0,1,1,2,2,40,1,1,2,1,0,0,2,1,0,0,99,99,99,99,99,99,0,0,0,0,1,4,0,450306,870,2009,99999,US-52,99999999999999999999,0000000,34.20186389,-79.77069722,1,1
45,27,5,24,2,12,1,7,1,0,3,3,0,8,0,1,1,1,2,55,1,1,2,1,0,0,2,1,0,0,99,99,99,99,88,88,0,0,0,0,1,1,0,450307,0,2009,100,SR-527,99999999999999999999,0000000,33.754425,-80.02668889,1,1
45,61,5,29,20,49,1,1,0,0,4,4,0,34,0,1,4,1,2,45,1,1,2,1,0,0,2,1,0,0,99,99,99,99,99,99,0,0,0,0,1,6,1,450308,0,2009,24,29,99999999999999999999,0000000,34.20353333,-80.31301944,1,1
45,85,5,30,21,50,1,1,0,0,4,4,0,42,0,1,4,1,2,35,2,1,2,1,0,0,2,1,0,0,99,99,99,99,88,88,0,0,0,0,1,7,1,450309,0,2009,99999,984,99999999999999999999,0000000,33.99923611,-80.30649722,1,1
45,55,5,30,0,3,1,1,0,0,4,4,0,42,0,1,4,1,2,45,1,1,2,1,0,0,2,1,0,0,99,99,99,99,99,99,0,0,0,0,1,7,0,450310,0,2009,37,101,99999999999999999999,0000000,34.19742778,-80.80203889,1,1
45,45,5,30,1,40,1,2,0,0,4,4,0,42,0,1,5,1,2,30,2,1,2,1,20,3,2,1,0,0,99,99,99,99,99,99,0,0,0,0,1,7,1,450311,0,2009,94,167,99999999999999999999,0000000,34.89441389,-82.356175,1,1
45,45,5,30,23,10,1,1,0,0,5,5,0,24,0,1,4,1,2,45,2,2,2,1,0,0,2,1,0,0,99,99,99,99,88,88,0,0,0,0,1,7,1,450312,0,2009,99999,BRUCE RD,99999999999999999999,0000000,34.79096944,-82.41162222,1,1
45,55,5,31,22,45,1,2,0,0,4,4,0,42,0,1,4,1,2,45,2,2,2,1,0,0,2,1,0,0,99,99,99,99,99,99,0,0,0,0,1,1,0,450313,0,2009,15,906,99999999999999999999,0000000,34.11507222,-80.75097222,1,1
45,47,6,1,22,10,1,1,0,0,4,4,0,42,0,1,4,1,2,40,2,1,2,1,0,0,2,1,0,0,99,99,99,99,88,88,0,0,0,0,1,2,1,450314,0,2009,24,284,99999999999999999999,0000000,34.23025556,-82.22906111,1,1
45,7,6,1,17,40,1,1,0,1,1,1,0,24,0,1,5,3,2,65,1,2,2,1,0,0,1,1,0,0,99,99,99,99,88,88,0,0,0,0,1,2,0,450315,0,2009,96,I-85,99999999999999999999,0000000,34.58729167,-82.67739722,1,1
45,75,6,1,22,30,2,4,0,1,1,1,0,12,5,1,1,3,2,70,1,2,2,2,0,0,2,2,0,0,99,99,99,99,99,99,0,0,0,0,1,2,0,450316,0,2009,46,I-26,99999999999999999999,0000000,33.56006389,-80.82525833,2,2
45,35,6,1,2,13,2,2,0,1,2,2,0,12,2,1,1,1,2,55,1,1,2,1,0,0,2,1,0,0,99,99,99,99,99,99,0,0,0,0,1,2,2,450317,0,2009,60,US-78,99999999999999999999,0000000,33.19725556,-80.62068056,2,1
45,71,6,3,11,40,2,2,0,1,1,1,0,12,1,1,5,3,2,70,1,2,2,1,0,0,1,1,0,0,99,99,99,99,99,99,0,0,0,0,1,4,0,450318,0,2009,99999,I-26,99999999999999999999,0000000,34.41243333,-81.70579444,2,1
45,67,6,3,20,28,2,2,0,1,2,2,0,12,5,3,1,2,2,50,1,1,2,1,99,9,3,1,0,0,99,99,99,99,88,88,0,0,0,0,1,4,0,450319,0,2009,188,US-501,146,0000000,34.08685833,-79.31635278,2,1
45,45,6,3,18,10,3,7,0,0,3,3,0,12,8,1,1,2,2,45,1,1,2,1,0,0,1,1,0,0,99,99,99,99,99,99,0,0,0,0,2,4,0,450320,0,2009,13,SR-183,99999999999999999999,0000000,34.89575278,-82.48663889,3,1
45,41,6,5,18,5,2,2,0,0,4,4,0,12,2,1,1,1,2,50,1,1,2,1,0,0,1,1,0,0,99,99,99,99,99,99,0,0,0,0,1,6,0,450321,0,2009,31,49,99999999999999999999,0000000,33.85056667,-79.54573611,2,1
45,45,3,26,20,30,2,3,0,0,3,3,0,12,5,2,1,2,2,45,1,2,2,2,3,3,2,2,0,0,99,99,99,99,99,99,0,0,0,0,1,5,1,450322,0,2009,99999,SR-291,765,0000000,34.79089722,-82.37681944,2,2
45,3,5,22,23,42,1,2,1,1,2,2,0,8,0,2,1,2,2,45,1,1,2,1,3,3,2,1,0,0,99,99,99,99,88,88,0,0,0,0,1,6,0,450323,0,2009,85,US-25,36,0000000,33.58580833,-81.94075556,1,1
45,91,5,25,20,35,2,6,0,0,3,3,0,12,5,2,1,2,3,45,1,2,2,2,20,3,1,2,0,1,99,99,99,99,99,99,0,0,0,0,1,2,1,450324,2200,2009,99999,SR-901,HERLONG VILLAGE,0000000,34.95303611,-81.06399444,2,2
45,53,5,27,12,30,1,1,0,0,4,4,0,32,0,1,5,1,2,35,1,1,2,2,0,0,1,1,0,0,99,99,99,99,99,99,0,0,0,0,1,4,1,450325,0,2009,16,31,99999999999999999999,0000000,32.2966,-81.09253333,1,1
45,47,5,31,2,13,1,2,0,0,3,3,0,32,0,1,4,1,2,45,1,1,2,1,0,0,2,1,0,0,99,99,99,99,99,99,0,0,0,0,1,1,1,450326,0,2009,53,SR-34,99999999999999999999,0000000,34.17261389,-82.07585278,1,1
45,45,6,5,21,41,2,2,0,0,4,4,0,12,5,2,1,1,2,35,1,2,2,1,20,3,3,1,0,0,99,99,99,99,99,99,0,0,0,0,2,6,2,450327,0,2009,99999,38,AIKEN CHAPEL RD,0000000,34.920775,-82.29665278,2,1
45,77,6,6,9,35,1,1,0,0,3,3,0,34,0,1,4,1,2,55,1,2,2,1,0,0,1,1,0,0,99,99,99,99,88,88,0,0,0,0,1,7,1,450328,0,2009,225,SR-183,99999999999999999999,0000000,34.89149167,-82.55770556,1,1
45,45,6,7,0,5,2,3,0,0,4,4,0,12,2,1,1,1,2,50,1,1,2,1,0,0,2,1,0,0,99,99,99,99,88,88,0,0,0,0,1,1,1,450329,0,2009,99999,55,99999999999999999999,0000000,34.69123889,-82.25287778,2,1
45,83,6,7,8,20,1,2,1,0,3,3,0,8,0,1,2,1,2,50,1,1,2,1,0,0,1,1,0,0,99,99,99,99,88,88,0,0,0,0,1,1,1,450330,0,2009,99999,SR-290,99999999999999999999,0000000,34.93477778,-82.20554444,1,1
45,77,5,30,8,0,1,1,0,0,5,5,0,38,0,1,4,1,2,30,2,1,2,1,0,0,4,5,0,0,99,99,99,99,88,88,0,0,0,0,1,7,1,450331,0,2009,99999,MARTIN SCHOOL RD,99999999999999999999,0000000,34.88519167,-82.80271111,1,5
45,3,6,8,21,15,3,8,0,0,4,4,0,12,5,1,1,1,2,55,1,2,2,1,0,0,2,1,0,0,99,99,99,99,99,99,0,0,0,0,5,2,1,450332,0,2009,99999,21,99999999999999999999,0000000,33.58234167,-81.59803333,3,1
45,73,6,2,14,21,2,2,0,0,4,4,0,12,5,2,1,1,2,45,1,1,2,1,0,0,1,1,0,0,99,99,99,99,99,99,0,0,0,0,1,3,0,450333,0,2009,28,488,87,0000000,34.657675,-82.95192778,2,1
45,83,4,27,16,20,3,3,1,0,5,5,0,12,8,2,1,1,2,30,1,1,2,1,0,0,1,1,0,0,99,99,99,99,99,99,0,0,0,0,1,2,1,450334,0,2009,99999,OVERHEAD BRIDGE RD,MOSSBURG RD,0000000,35.12591111,-81.86732778,3,1
45,21,4,5,16,25,1,3,0,0,4,4,0,34,0,1,4,1,2,45,2,2,2,1,0,0,1,1,0,0,99,99,99,99,99,99,0,0,0,0,1,1,0,450335,0,2009,45,92,99999999999999999999,0000000,35.00771389,-81.62309722,1,1
45,1,4,11,21,20,1,2,0,0,4,4,0,18,0,1,1,1,2,99,1,1,2,1,0,0,2,1,0,0,99,99,99,99,88,88,0,0,0,0,1,7,1,450336,0,2009,27,146,99999999999999999999,0000000,34.18738056,-82.54620556,1,1
45,83,5,7,20,55,1,2,1,0,3,3,0,8,0,1,1,2,2,45,1,2,2,1,0,0,2,1,0,0,99,99,99,99,99,99,0,0,0,0,1,5,0,450337,2460,2009,99999,SR-56,99999999999999999999,0000000,34.97571944,-81.95951111,1,1
45,51,6,5,10,30,2,3,0,0,3,3,0,12,5,2,1,2,2,60,1,1,2,1,21,3,1,1,0,0,99,99,99,99,99,99,0,0,0,0,1,6,0,450338,0,2009,206,SR-9,66,0000000,34.06304167,-78.85080833,2,1
45,91,6,5,11,28,2,2,0,1,2,2,0,12,2,1,1,1,2,45,1,1,2,2,0,0,1,1,0,0,99,99,99,99,88,88,0,0,0,0,1,6,0,450339,2970,2009,154,US-321,99999999999999999999,0000000,34.99533889,-81.25209444,2,1
45,51,6,5,0,20,4,1,0,0,4,4,0,14,5,1,4,2,2,35,1,1,2,2,0,0,2,2,0,0,99,99,99,99,88,88,0,0,0,0,1,6,1,450340,0,2009,255,1224,99999999999999999999,0000000,33.77672222,-78.98148611,1,2
45,91,6,8,6,40,1,2,1,0,4,4,0,8,0,1,1,2,2,35,2,1,2,1,0,0,4,1,0,0,99,99,99,99,99,99,0,0,0,0,1,2,0,450341,2970,2009,99999,RIVER CHASE BLVD,99999999999999999999,0000000,34.97811111,-80.99121111,1,1
45,67,6,12,0,24,1,1,0,0,4,4,0,1,0,1,4,1,2,45,1,1,2,2,0,0,2,1,0,0,99,99,99,99,88,88,0,0,0,0,1,6,1,450342,0,2009,124,39,99999999999999999999,0000000,34.16423333,-79.36849722,1,1
45,75,6,13,21,50,1,1,0,1,2,2,0,34,0,1,4,1,2,55,1,1,2,1,0,0,2,1,0,0,99,99,99,99,88,88,0,0,0,0,1,7,1,450343,0,2009,107,US-15,99999999999999999999,0000000,33.43853333,-80.51094444,1,1
45,9,6,13,22,45,1,6,1,1,2,2,0,8,0,1,1,1,2,55,1,1,2,1,20,3,2,1,0,0,99,99,99,99,88,88,0,0,0,0,1,7,0,450344,0,2009,23,US-78,99999999999999999999,0000000,33.34053056,-81.17995278,1,1
45,33,6,13,1,55,2,2,0,1,1,1,0,12,1,1,1,3,2,70,1,1,2,1,0,0,2,1,0,0,99,99,99,99,88,88,0,0,0,0,1,7,1,450345,0,2009,113,I-95,99999999999999999999,0000000,34.36880278,-79.49329444,2,1