STATE,COUNTY,MONTH,DAY,HOUR,MINUTE,VE_TOTAL,PERSONS,PEDS,NHS,ROAD_FNC,ROUTE,SP_JUR,HARM_EV,MAN_COLL,REL_JUNC,REL_ROAD,TRAF_FLO,NO_LANES,SP_LIMIT,ALIGNMNT,PROFILE,PAVE_TYP,SUR_COND,TRA_CONT,T_CONT_F,LGT_COND,WEATHER1,WEATHER2,WRK_ZONE,NOT_HOUR,NOT_MIN,ARR_HOUR,ARR_MIN,HOSP_HR,HOSP_MN,SCH_BUS,CF1,CF2,CF3,FATALS,DAY_WEEK,DRUNK_DR,ST_CASE,CITY,YEAR,MILEPT,TWAY_ID,TWAY_ID2,RAIL,LATITUDE,LONGITUD,VE_FORMS,WEATHER
45,83,6,13,17,45,2,2,0,0,4,4,0,12,2,1,1,1,2,45,1,2,2,2,0,0,1,2,0,0,99,99,99,99,88,88,0,0,0,0,2,7,1,450346,0,2009,99999,111,99999999999999999999,0000000,34.77739722,-81.88226111,2,2
45,59,6,15,5,40,1,1,0,0,4,4,0,43,0,1,4,1,2,35,2,1,2,1,40,3,4,5,0,0,99,99,99,99,99,99,0,0,0,0,1,2,0,450347,0,2009,99999,53,99999999999999999999,0000000,34.51026944,-81.96431667,1,5
45,59,6,17,16,5,1,8,1,1,1,1,0,8,0,1,1,3,2,65,1,1,2,1,0,0,1,1,0,0,99,99,99,99,99,99,0,0,0,0,1,4,0,450348,0,2009,189,I-385,99999999999999999999,0000000,34.65785,-82.16709167,1,1
45,31,6,21,19,40,1,1,0,0,4,4,0,32,0,1,4,1,2,35,2,1,2,1,0,0,1,1,0,0,99,99,99,99,99,99,0,0,0,0,1,1,1,450349,0,2009,99999,21,99999999999999999999,0000000,34.38913333,-80.07359444,1,1
45,15,6,18,10,31,2,2,0,1,2,2,0,12,4,1,1,1,2,55,1,1,2,1,20,3,1,1,0,0,99,99,99,99,99,99,0,0,0,0,1,5,0,450350,0,2009,99999,US-17,99999999999999999999,0000000,33.28655833,-79.85283889,2,1
45,35,6,20,0,55,1,1,0,1,2,2,0,1,0,1,4,1,2,45,1,1,2,1,0,0,2,1,0,0,99,99,99,99,88,88,0,0,0,0,1,7,1,450351,0,2009,99999,US-17,99999999999999999999,0000000,32.97590833,-80.24808889,1,1
45,89,6,20,20,50,1,6,1,0,4,4,0,9,0,1,1,1,2,55,1,1,2,1,0,0,2,1,0,0,99,99,99,99,88,88,0,0,0,0,1,7,0,450352,0,2009,99999,33,99999999999999999999,0000000,33.84760833,-80.04136667,1,1
45,75,6,20,2,0,1,2,1,1,2,2,0,8,0,1,1,2,2,60,1,1,2,1,0,0,2,1,0,0,99,99,99,99,99,99,0,0,0,0,1,7,1,450353,0,2009,241,US-301,99999999999999999999,0000000,33.46506389,-80.77671944,1,1
45,71,6,1,18,19,1,2,1,0,3,3,0,9,0,1,1,2,2,45,1,1,2,1,0,0,1,1,0,0,99,99,99,99,99,99,0,0,0,0,1,2,0,450354,0,2009,109,SR-121,99999999999999999999,0000000,34.31721111,-81.61361111,1,1
45,7,6,20,9,55,1,1,0,1,1,1,0,24,0,1,4,3,2,65,1,1,2,1,0,0,1,1,0,0,99,99,99,99,99,99,0,0,0,0,1,7,0,450355,0,2009,71,I-85,99999999999999999999,0000000,34.52901111,-82.83820278,1,1
45,29,6,12,7,55,1,1,0,1,1,1,0,42,0,1,3,3,2,70,1,1,2,1,0,0,1,1,0,0,99,99,99,99,88,88,0,0,0,0,1,6,1,450356,0,2009,99,I-95,99999999999999999999,0000000,32.84754167,-80.73543611,1,1
45,61,6,17,21,25,1,1,0,0,4,4,0,53,0,1,5,1,2,55,1,1,2,1,0,0,2,1,0,0,99,99,99,99,88,88,0,0,0,0,1,4,1,450357,0,2009,12,14,99999999999999999999,0000000,34.34386111,-80.18066944,1,1
45,55,6,20,9,15,1,2,0,0,4,4,0,34,0,1,4,1,2,45,1,1,2,1,0,0,1,1,0,0,99,99,99,99,88,88,0,0,0,0,1,7,1,450358,0,2009,9,385,99999999999999999999,0000000,34.18787778,-80.86555556,1,1
45,25,6,20,21,10,1,1,0,0,4,4,0,34,0,1,4,1,2,35,2,1,2,1,0,0,2,1,0,0,99,99,99,99,88,88,0,0,0,0,1,7,0,450359,0,2009,324,113,99999999999999999999,0000000,34.71575833,-79.98227222,1,1
45,53,6,20,16,25,1,1,0,1,1,1,0,52,0,1,3,3,2,70,2,2,2,1,0,0,1,1,0,0,99,99,99,99,88,88,0,0,0,0,1,7,1,450360,0,2009,31,I-95,99999999999999999999,0000000,32.25396667,-81.11811111,1,1
45,7,6,21,18,5,2,4,0,0,3,3,0,12,3,2,1,1,2,40,1,1,2,1,20,3,1,1,0,0,99,99,99,99,99,99,0,0,0,0,1,1,0,450361,0,2009,3,SR-20,67,0000000,34.402625,-82.44904444,2,1
45,29,6,22,21,10,1,2,1,0,3,3,0,15,0,1,1,1,2,45,1,1,2,1,20,3,2,1,0,0,99,99,99,99,99,99,0,0,0,0,1,2,1,450362,0,2009,99999,SR-64,99999999999999999999,0000000,32.92041111,-80.67784444,1,1
45,55,6,24,16,55,1,4,0,0,4,4,0,1,0,1,4,1,2,40,2,1,2,1,0,0,1,1,0,0,99,99,99,99,99,99,0,0,0,0,1,4,0,450363,0,2009,1,140,99999999999999999999,0000000,34.45098056,-80.57411667,1,1
45,81,6,21,14,55,2,2,0,1,2,2,0,12,2,1,1,1,2,55,1,2,2,1,0,0,1,1,0,0,99,99,99,99,99,99,0,0,0,0,1,1,0,450364,0,2009,164,US-178,99999999999999999999,0000000,33.98909722,-81.67867222,2,1
45,43,6,27,5,50,1,2,0,0,5,5,0,37,0,1,4,1,2,35,1,1,2,1,0,0,4,1,0,0,99,99,99,99,99,99,0,0,0,0,1,7,0,450365,0,2009,75,BRICK CHIMNEY RD,99999999999999999999,0000000,33.42488611,-79.31643889,1,1
45,41,7,5,2,20,1,2,0,1,2,2,0,34,0,1,4,1,2,55,1,1,2,1,0,0,2,1,0,0,99,99,99,99,99,99,0,0,0,0,1,1,0,450366,0,2009,183,US-378,99999999999999999999,0000000,33.911525,-79.63688889,1,1
45,19,6,30,23,50,1,2,1,1,2,2,0,9,0,1,1,2,2,45,1,1,2,1,0,0,2,1,0,0,99,99,99,99,88,88,0,0,0,0,1,3,0,450367,1316,2009,99999,US-78,99999999999999999999,0000000,32.99192778,-80.10440833,1,1
45,29,7,4,1,53,1,2,1,0,4,4,0,8,0,1,1,1,2,45,1,1,2,1,0,0,2,1,0,0,99,99,99,99,88,88,0,0,0,0,1,7,0,450368,0,2009,4,132,99999999999999999999,0000000,32.90643333,-80.62909167,1,1
45,75,7,4,11,15,1,1,0,1,2,2,0,34,0,1,4,1,2,55,2,1,2,1,0,0,1,1,0,0,99,99,99,99,88,88,0,0,0,0,1,7,1,450369,0,2009,332,US-178,99999999999999999999,0000000,33.42227222,-80.75818056,1,1
45,19,7,11,2,35,1,2,1,1,2,2,0,8,0,1,1,2,2,45,1,1,2,1,0,0,2,1,0,0,99,99,99,99,88,88,0,0,0,0,1,7,0,450370,410,2009,99999,US-78,99999999999999999999,0000000,32.98796667,-80.09788611,1,1
45,3,6,28,9,50,1,1,0,1,2,2,0,34,0,1,4,2,2,45,2,2,2,1,0,0,1,1,0,0,99,99,99,99,88,88,0,0,0,0,1,1,1,450371,0,2009,24,US-1,99999999999999999999,0000000,33.48357222,-81.94835278,1,1
45,51,7,2,14,13,2,3,0,0,3,3,0,12,5,2,1,2,2,45,1,1,2,1,3,3,1,1,0,0,99,99,99,99,99,99,0,0,0,0,1,5,0,450372,0,2009,24,SR-544,1121,0000000,33.77686389,-79.02118333,2,1
45,63,6,29,8,45,4,6,0,0,3,3,0,12,1,1,1,1,2,99,1,2,2,1,0,0,1,1,0,0,99,99,99,99,99,99,0,0,0,0,2,2,0,450373,0,2009,24,SR-6,99999999999999999999,0000000,33.88894167,-81.21909167,4,1
45,63,7,5,16,35,1,2,0,0,4,4,0,42,0,1,4,1,2,55,1,1,2,2,0,0,1,2,0,0,99,99,99,99,88,88,0,0,0,0,2,1,1,450374,0,2009,24,70,99999999999999999999,0000000,33.90789167,-81.39435833,1,2
45,79,7,7,17,10,1,1,0,0,5,5,0,53,0,1,4,1,2,25,1,3,2,1,0,0,1,1,0,0,99,99,99,99,99,99,0,0,0,0,1,3,1,450375,0,2009,99999,LINCOLNSHIRE NORTH,99999999999999999999,0000000,34.09488889,-81.03644444,1,1
45,13,6,14,11,10,1,5,1,1,2,2,0,8,0,1,1,2,2,45,1,1,2,1,0,0,1,1,0,0,99,99,99,99,99,99,0,0,0,0,1,1,0,450376,1145,2009,99999,US-278,99999999999999999999,0000000,32.17731944,-80.72916944,1,1
45,19,6,28,18,56,2,5,0,0,4,4,0,12,3,2,1,1,2,99,1,1,2,1,20,3,1,1,0,0,99,99,99,99,99,99,0,0,0,0,2,1,0,450377,0,2009,99999,103/ ASHLEY AVE,103/MARY MURRAY DR,0000000,32.79914444,-79.95381944,2,1
45,83,5,28,7,39,1,1,0,1,2,2,0,42,0,1,4,1,2,45,2,2,2,2,0,0,1,2,0,0,99,99,99,99,88,88,0,0,0,0,1,5,0,450378,0,2009,99999,US-221,99999999999999999999,0000000,34.98011667,-81.93208611,1,2
45,51,5,24,12,15,2,2,0,1,2,2,0,12,2,1,1,1,2,55,1,1,2,1,0,0,1,1,0,0,99,99,99,99,99,99,0,0,0,0,1,1,0,450379,0,2009,333,US-701,99999999999999999999,0000000,34.03591111,-78.92033056,2,1
45,85,4,18,5,5,1,1,0,0,4,4,0,34,0,1,4,1,2,35,1,1,2,1,0,0,2,1,0,0,99,99,99,99,88,88,0,0,0,0,1,7,1,450380,2550,2009,99999,FULTON ST,99999999999999999999,0000000,33.91223889,-80.32748333,1,1
45,19,5,31,2,20,1,1,0,0,4,4,0,42,0,1,4,1,2,35,1,1,2,1,0,0,2,1,0,0,99,99,99,99,88,88,0,0,0,0,1,1,1,450381,1170,2009,99999,SALTERS HILL RD,99999999999999999999,0000000,32.76674444,-80.21813333,1,1
45,3,6,21,20,24,1,1,0,0,4,4,0,32,0,1,5,1,2,40,1,1,2,1,0,0,1,1,0,0,99,99,99,99,88,88,0,0,0,0,1,1,1,450382,0,2009,34,114/COLBERT BRIDGE R,99999999999999999999,0000000,33.43763611,-81.54284444,1,1
45,69,6,22,19,55,1,1,0,0,4,4,0,34,0,1,4,1,2,55,1,1,2,1,0,0,1,1,0,0,99,99,99,99,99,99,0,0,0,0,1,2,0,450383,0,2009,500,28,99999999999999999999,0000000,34.67881667,-79.58839444,1,1
45,15,6,27,3,0,1,1,0,0,4,4,0,1,0,1,4,1,2,45,1,1,2,1,0,0,2,1,0,0,99,99,99,99,88,88,0,0,0,0,1,7,1,450384,0,2009,99999,179,99999999999999999999,0000000,33.27884444,-79.885925,1,1
45,85,6,27,21,10,1,2,1,0,4,4,0,8,0,1,1,2,2,45,1,1,2,1,0,0,2,1,0,0,99,99,99,99,88,88,0,0,0,0,1,7,0,450385,0,2009,1,466,99999999999999999999,0000000,33.89606667,-80.31846944,1,1
45,51,6,30,13,45,1,1,0,1,2,2,0,43,0,13,3,6,1,45,1,1,2,1,0,0,1,1,0,0,99,99,99,99,99,99,0,0,0,0,1,3,1,450386,0,2009,99999,US-17,FARROW PKWY,0000000,33.65824444,-78.92779722,1,1
45,51,7,3,18,25,1,1,0,0,4,4,0,34,0,1,4,1,2,55,1,1,2,1,0,0,1,1,0,0,99,99,99,99,88,88,0,0,0,0,1,6,0,450387,0,2009,43,554,99999999999999999999,0000000,33.96044722,-78.87651389,1,1
45,11,7,5,14,50,1,2,0,0,3,3,0,42,0,1,4,1,2,55,1,1,2,1,0,0,1,1,0,0,99,99,99,99,99,99,0,0,0,0,1,1,0,450388,0,2009,209,SR-3,99999999999999999999,0000000,33.38891944,-81.27638333,1,1
45,63,7,9,5,15,1,1,0,0,4,4,0,42,0,1,4,1,2,45,2,2,2,2,0,0,2,1,0,0,99,99,99,99,88,88,0,0,0,0,1,5,1,450389,0,2009,41,330,99999999999999999999,0000000,33.92317222,-81.49271944,1,1
45,31,7,11,0,38,2,5,0,1,2,2,0,12,1,2,2,1,2,45,1,1,2,1,3,3,2,1,0,0,99,99,99,99,99,99,0,0,0,0,3,7,1,450390,0,2009,99999,US-15,351,0000000,34.34535,-80.07016111,2,1
45,85,3,7,18,25,2,4,0,1,2,2,0,12,5,2,1,2,2,45,1,1,2,1,20,3,2,1,0,0,99,99,99,99,88,88,0,0,0,0,1,7,0,450391,2550,2009,134,US-76,673,0000000,33.96514444,-80.40644722,2,1
45,69,7,11,11,13,1,1,0,0,3,3,0,30,0,1,5,1,2,55,1,1,2,1,0,0,1,1,0,0,99,99,99,99,88,88,0,0,0,0,1,7,0,450392,0,2009,68,SR-385,99999999999999999999,0000000,34.67768889,-79.65233889,1,1
45,15,7,12,1,10,1,1,0,0,3,3,0,34,0,1,4,1,2,55,2,1,2,1,0,0,3,1,0,0,99,99,99,99,88,88,0,0,0,0,1,1,1,450393,0,2009,17,SR-6,99999999999999999999,0000000,33.37691389,-80.22088056,1,1
45,13,7,18,20,7,2,2,0,0,3,3,0,12,1,1,1,1,2,45,1,1,2,1,0,0,5,1,0,0,99,99,99,99,99,99,0,0,0,0,1,7,0,450394,0,2009,99999,SR-3/CASTLE HALL RD,99999999999999999999,0000000,32.67586667,-80.83984722,2,1
45,41,6,9,18,16,1,1,0,0,4,4,0,1,0,1,4,1,2,55,1,1,2,1,0,0,1,1,0,0,99,99,99,99,99,99,0,0,0,0,1,3,0,450395,0,2009,23,105,99999999999999999999,0000000,34.01023056,-79.60135556,1,1
45,7,7,6,8,25,1,7,0,1,1,1,0,1,0,1,4,3,2,65,1,1,2,1,0,0,1,1,0,0,99,99,99,99,99,99,0,0,0,0,1,2,0,450396,0,2009,71,I-85,99999999999999999999,0000000,34.52618056,-82.84545556,1,1
45,77,7,7,10,52,1,1,0,0,4,4,0,30,0,1,4,1,2,25,2,1,2,1,0,0,1,1,0,0,99,99,99,99,88,88,0,0,0,0,1,3,1,450397,0,2009,28,162/ THOMAS MILL RD,99999999999999999999,0000000,34.90377778,-82.538525,1,1
45,3,7,10,11,15,2,4,0,0,3,3,0,12,1,1,1,1,2,40,1,2,2,1,0,0,1,1,0,0,99,99,99,99,99,99,0,0,0,0,1,6,0,450398,0,2009,6,SR-421,99999999999999999999,0000000,33.49330833,-81.917325,2,1
45,45,7,11,1,40,1,3,0,1,2,2,0,1,0,1,1,2,2,40,1,1,2,1,0,0,2,1,0,0,99,99,99,99,99,99,0,0,0,0,1,7,0,450399,0,2009,243,US-25,99999999999999999999,0000000,34.80034167,-82.42544167,1,1
45,45,7,11,23,30,1,2,1,0,4,4,0,8,0,1,1,1,2,35,1,1,2,1,0,0,2,1,0,0,99,99,99,99,88,88,0,0,0,0,1,7,0,450400,0,2009,99999,178,99999999999999999999,0000000,35.03351111,-82.492475,1,1
45,51,7,12,17,20,1,1,0,0,4,4,0,37,0,1,4,1,2,55,2,1,2,1,0,0,1,1,0,0,99,99,99,99,88,88,0,0,0,0,1,1,1,450401,0,2009,15,348,99999999999999999999,0000000,34.00955278,-78.82789167,1,1
45,75,7,13,15,45,2,4,0,0,3,3,0,12,1,1,1,1,2,55,1,1,2,1,0,0,1,1,0,0,99,99,99,99,99,99,0,0,0,0,1,2,0,450402,0,2009,53,SR-3,99999999999999999999,0000000,33.53173611,-81.25217778,2,1
45,23,7,16,14,12,1,1,0,0,3,3,0,53,0,1,4,1,2,55,1,2,2,2,0,0,1,2,0,0,99,99,99,99,99,99,0,0,0,0,1,5,0,450403,0,2009,316,SR-901,99999999999999999999,0000000,34.59301389,-80.99691944,1,2
45,25,7,17,4,50,1,1,0,0,4,4,0,34,0,1,4,1,2,40,1,1,2,1,0,0,2,1,0,0,99,99,99,99,88,88,0,0,0,0,1,6,1,450404,0,2009,76,149,99999999999999999999,0000000,34.524025,-80.00535833,1,1
45,83,7,18,13,50,2,3,0,0,3,3,0,12,2,1,1,1,2,50,2,1,2,1,0,0,1,1,0,0,99,99,99,99,99,99,0,0,0,0,2,7,0,450405,1550,2009,99999,SR-129,99999999999999999999,0000000,34.96914444,-82.09731111,2,1
45,19,7,18,22,40,1,4,2,1,2,2,0,8,0,1,1,2,2,45,1,1,2,1,0,0,2,1,0,0,99,99,99,99,88,88,0,0,0,0,2,7,0,450406,410,2009,99999,US-2245,99999999999999999999,0000000,32.79192778,-80.04243889,1,1
45,21,7,18,6,35,1,1,0,0,4,4,0,34,0,1,4,1,2,45,2,1,2,1,0,0,1,1,0,0,99,99,99,99,88,88,0,0,0,0,1,7,1,450407,0,2009,107,154,99999999999999999999,0000000,35.09649167,-81.68965833,1,1
45,57,7,19,10,20,1,2,0,0,4,4,0,34,0,1,4,1,2,45,2,2,2,1,0,0,1,1,0,0,99,99,99,99,99,99,0,0,0,0,1,1,0,450408,0,2009,101,51,99999999999999999999,0000000,34.75314444,-80.71376389,1,1
45,63,6,18,18,50,3,4,0,1,2,2,0,12,3,2,1,1,2,35,1,1,2,2,0,0,1,2,0,0,99,99,99,99,99,99,0,0,0,0,1,5,1,450409,1430,2009,159,US-378,SR-6,0000000,33.99308056,-81.23059167,3,2
45,79,7,5,0,55,1,3,0,0,3,3,0,37,0,1,4,3,2,55,2,2,2,1,0,0,2,1,0,0,99,99,99,99,99,99,0,0,0,0,1,1,0,450410,520,2009,19,SR-277,99999999999999999999,0000000,34.03605278,-81.02228056,1,1
45,91,7,4,23,50,2,4,0,0,4,4,0,12,5,2,1,1,2,45,1,2,2,1,20,3,2,1,0,0,99,99,99,99,99,99,0,0,0,0,1,7,0,450411,0,2009,54,195,962,0000000,34.99955833,-81.11429167,2,1
45,83,7,15,12,25,2,5,0,0,5,5,0,12,5,2,1,1,2,35,1,1,2,1,0,0,1,1,0,0,99,99,99,99,99,99,0,0,0,0,1,4,0,450412,0,2009,99999,HOLLY SPRINGS CHURCH,SLOAN RD,0000000,35.04215556,-82.20391389,2,1
45,41,7,18,3,13,2,2,0,1,1,1,0,12,1,1,1,3,2,70,1,1,2,1,0,0,2,1,0,0,99,99,99,99,88,88,0,0,0,0,1,7,0,450413,0,2009,237,I-95,99999999999999999999,0000000,34.29920278,-79.63414167,2,1
45,83,7,10,23,58,1,1,0,0,5,5,0,38,0,1,4,1,2,35,2,2,2,1,0,0,3,1,0,0,99,99,99,99,88,88,0,0,0,0,1,6,1,450414,0,2009,99999,BIBLE CHURCH RD,99999999999999999999,0000000,35.06210833,-81.960325,1,1
45,27,7,14,14,45,2,3,0,0,4,4,0,12,2,1,1,1,2,25,2,1,2,1,0,0,1,1,0,0,99,99,99,99,99,99,0,0,0,0,1,3,1,450415,0,2009,99999,797,99999999999999999999,0000000,33.58638056,-80.22860556,2,1
45,27,7,13,23,24,1,1,0,0,4,4,0,42,0,1,4,1,2,55,1,1,2,2,0,0,2,1,0,0,99,99,99,99,88,88,0,0,0,0,1,2,1,450416,0,2009,99999,674,99999999999999999999,0000000,33.49069444,-80.37559167,1,1
45,55,7,15,20,45,1,1,0,0,3,3,0,37,0,1,4,1,2,55,2,2,2,1,0,0,2,1,0,0,99,99,99,99,88,88,0,0,0,0,1,4,1,450417,0,2009,122,SR-97,426,0000000,34.35615556,-80.69715556,1,1
45,61,7,15,8,30,1,1,0,0,4,4,0,30,0,1,4,1,2,55,2,2,2,1,0,0,1,1,0,0,99,99,99,99,88,88,0,0,0,0,1,4,0,450418,0,2009,99999,22,99999999999999999999,0000000,34.17815278,-80.14839722,1,1
45,55,7,17,19,31,1,1,0,0,4,4,0,42,0,1,4,1,2,55,1,1,2,2,0,0,1,2,0,0,99,99,99,99,99,99,0,0,0,0,1,6,0,450419,0,2009,39,19,99999999999999999999,0000000,34.26995,-80.44803056,1,2
45,23,7,7,21,25,2,3,0,0,3,3,0,12,2,1,1,1,2,35,1,1,2,1,0,0,2,1,0,0,99,99,99,99,99,99,0,0,0,0,1,3,0,450420,0,2009,182,SR-97,99999999999999999999,0000000,34.67864167,-81.17853611,2,1
45,47,7,8,18,10,1,1,0,0,4,4,0,34,0,1,4,1,2,45,1,2,2,2,0,0,1,2,0,0,99,99,99,99,88,88,0,0,0,0,1,4,1,450421,0,2009,13,157,99999999999999999999,0000000,34.22422222,-82.10786944,1,2
45,21,7,26,3,50,1,1,0,0,5,5,0,38,0,1,4,1,2,25,2,1,2,1,0,0,2,1,0,0,99,99,99,99,88,88,0,0,0,0,1,1,1,450422,0,2009,99999,SUNNY SLOP DRIVE,99999999999999999999,0000000,35.05613611,-81.78840556,1,1
45,19,5,11,0,10,2,3,0,1,2,2,0,12,1,2,1,1,2,45,1,1,2,1,3,3,3,1,0,0,99,99,99,99,99,99,0,0,0,0,2,2,1,450423,410,2009,99999,US-78,1224,0000000,32.977925,-80.07320833,2,1
45,39,6,1,16,0,2,4,0,0,3,3,0,12,4,1,1,1,2,45,1,2,2,1,20,3,1,1,0,0,99,99,99,99,99,99,0,0,0,0,2,2,0,450424,0,2009,218,SR-215,99999999999999999999,0000000,34.44651944,-81.30041667,2,1
45,21,5,27,22,8,2,3,0,1,2,2,0,12,4,2,1,1,2,35,1,2,2,1,20,3,1,1,0,0,99,99,99,99,99,99,0,0,0,0,1,4,0,450425,930,2009,95,US-29,RACE STREET,0000000,35.07018889,-81.65343889,2,1
45,15,6,3,18,0,2,4,0,1,2,2,0,12,4,1,1,1,2,55,1,1,2,1,0,0,1,1,0,0,99,99,99,99,99,99,0,0,0,0,1,4,1,450426,0,2009,99999,US-17,99999999999999999999,0000000,33.28888889,-79.81511667,2,1
45,79,6,4,1,39,1,1,0,1,2,2,0,33,0,1,4,2,2,35,2,2,2,1,0,0,3,1,0,0,99,99,99,99,88,88,0,0,0,0,1,5,1,450427,520,2009,48,US-1,99999999999999999999,0000000,34.03768889,-81.00322778,1,1
45,7,7,2,10,9,1,1,0,0,4,4,0,34,0,1,4,1,2,35,1,2,2,1,0,0,1,1,0,0,99,99,99,99,99,99,0,0,0,0,1,5,0,450428,0,2009,99999,BLAKE DAIRY RD,99999999999999999999,0000000,34.51797778,-82.46788611,1,1
45,57,7,2,10,20,1,1,0,0,4,4,0,42,0,1,4,1,2,40,2,2,2,1,0,0,1,1,0,0,99,99,99,99,99,99,0,0,0,0,1,5,0,450429,0,2009,34,64,99999999999999999999,0000000,35.04152222,-80.89285,1,1
45,23,7,5,3,20,1,2,1,0,4,4,0,8,0,1,1,1,2,35,1,1,2,1,0,0,2,1,0,0,99,99,99,99,88,88,0,0,0,0,1,1,0,450430,0,2009,12,16,99999999999999999999,0000000,34.68823889,-81.21119444,1,1
45,7,7,7,3,55,2,8,0,1,1,1,0,12,1,1,1,3,2,70,1,2,2,1,0,0,2,1,0,0,99,99,99,99,99,99,0,0,0,0,1,3,0,450431,0,2009,96,I-85,99999999999999999999,0000000,34.55368333,-82.78704722,2,1
45,51,7,8,6,38,2,2,0,1,2,2,0,12,5,2,1,2,2,55,1,1,2,1,3,3,1,1,0,0,99,99,99,99,99,99,0,0,0,0,1,4,1,450432,1730,2009,99999,US-17,62 ND AVE,0000000,33.73615278,-78.83183889,2,1
45,35,7,11,19,42,1,1,0,0,4,4,0,34,0,1,4,1,2,55,2,1,2,1,0,0,1,1,0,0,99,99,99,99,88,88,0,0,0,0,1,7,1,450433,0,2009,9,83,99999999999999999999,0000000,33.11293056,-80.53755278,1,1
45,25,7,11,0,30,1,2,0,0,5,5,0,1,0,1,5,1,2,40,1,1,2,1,0,0,2,1,0,0,99,99,99,99,99,99,0,0,0,0,1,7,0,450434,0,2009,99999,COUNTY LINE DR,99999999999999999999,0000000,34.45586389,-80.12140278,1,1
45,91,7,12,16,35,2,2,0,0,4,4,0,12,2,1,1,1,2,45,2,1,2,1,0,0,1,1,0,0,99,99,99,99,88,88,0,0,0,0,1,1,1,450435,0,2009,8,654,99999999999999999999,0000000,34.92883333,-80.93396111,2,1
45,57,7,12,16,55,3,4,0,0,4,4,0,12,3,2,1,1,2,45,2,3,2,1,0,0,1,1,0,0,99,99,99,99,88,88,0,0,0,0,1,1,1,450436,0,2009,69,51,195,0000000,34.77891389,-80.67333611,3,1
45,23,7,12,1,33,1,2,0,1,1,1,0,1,0,1,3,2,2,70,1,2,2,1,0,0,2,1,0,0,99,99,99,99,99,99,0,0,0,0,1,1,0,450437,0,2009,42,I-77,99999999999999999999,0000000,34.56944722,-81.01090833,1,1
45,51,7,13,12,45,2,6,0,1,2,2,0,12,4,1,1,2,2,55,1,1,2,1,0,0,1,1,0,0,99,99,99,99,99,99,0,0,0,0,1,2,0,450438,0,2009,359,US-701,99999999999999999999,0000000,34.09929722,-78.87531389,2,1
45,19,7,30,22,0,1,6,0,0,4,4,0,34,0,1,4,1,2,55,1,1,2,2,0,0,2,1,0,0,99,99,99,99,99,99,0,0,0,0,2,5,1,450439,85,2009,481,584,99999999999999999999,0000000,32.92606667,-79.71392222,1,1
45,15,7,14,7,56,2,2,0,0,4,4,0,12,1,2,1,1,2,55,1,1,2,1,3,3,4,1,0,0,99,99,99,99,99,99,0,0,0,0,1,3,0,450440,1072,2009,99999,136,TANNER FORD BLVD.,0000000,32.93334444,-79.99737778,2,1
45,3,7,14,21,1,2,2,0,0,4,4,0,12,2,2,1,1,2,30,1,1,2,1,0,0,2,1,0,0,99,99,99,99,99,99,0,0,0,0,1,3,2,450441,0,2009,99999,835,212,0000000,33.48840278,-81.48791389,2,1
45,3,7,14,13,0,2,3,0,0,4,4,0,12,8,1,1,1,2,35,1,2,2,1,0,0,1,1,0,0,99,99,99,99,99,99,0,0,0,0,1,3,0,450442,0,2009,99999,2509,99999999999999999999,0000000,33.69185278,-81.80248333,2,1
45,29,7,16,5,30,1,1,0,1,1,1,0,42,0,1,4,2,2,70,1,1,2,1,0,0,2,1,0,0,99,99,99,99,99,99,0,0,0,0,1,5,0,450443,0,2009,177,I-95,99999999999999999999,0000000,32.99466389,-80.67080556,1,1
45,15,5,31,14,34,2,2,0,0,4,4,0,12,2,1,1,1,2,45,1,3,2,1,0,0,1,1,0,0,99,99,99,99,99,99,0,0,0,0,1,1,0,450444,1072,2009,99999,1092,99999999999999999999,0000000,32.92106111,-80.02291111,2,1
45,3,6,4,18,5,1,1,0,0,3,3,0,42,0,1,4,1,2,55,1,2,2,2,0,0,1,2,0,0,99,99,99,99,88,88,0,0,0,0,1,5,1,450445,0,2009,134,SR-39,99999999999999999999,0000000,33.67235556,-81.4156,1,2
45,7,6,20,19,32,3,3,0,0,4,4,0,12,5,4,1,1,2,45,1,2,2,1,0,0,1,1,0,0,99,99,99,99,99,99,0,0,0,0,1,7,0,450446,40,2009,99999,29,WILLIAMSTON RD,0000000,34.50510556,-82.60654444,3,1
45,51,6,24,10,50,1,1,0,0,4,4,0,34,0,1,4,1,2,55,1,3,2,1,0,0,1,1,0,0,99,99,99,99,88,88,0,0,0,0,1,4,0,450447,0,2009,15,915,99999999999999999999,0000000,34.1209,-78.89888889,1,1
45,69,7,19,2,5,1,1,0,0,9,4,0,11,0,1,1,1,2,55,1,1,2,1,0,0,2,1,0,0,99,99,99,99,99,99,0,0,0,0,1,1,0,450448,0,2009,7,PALMETTO CHASE RD,99999999999999999999,0000000,34.58163889,-79.64152222,1,1