STATE,COUNTY,MONTH,DAY,HOUR,MINUTE,VE_TOTAL,PERSONS,PEDS,NHS,ROAD_FNC,ROUTE,SP_JUR,HARM_EV,MAN_COLL,REL_JUNC,REL_ROAD,TRAF_FLO,NO_LANES,SP_LIMIT,ALIGNMNT,PROFILE,PAVE_TYP,SUR_COND,TRA_CONT,T_CONT_F,LGT_COND,WEATHER1,WEATHER2,WRK_ZONE,NOT_HOUR,NOT_MIN,ARR_HOUR,ARR_MIN,HOSP_HR,HOSP_MN,SCH_BUS,CF1,CF2,CF3,FATALS,DAY_WEEK,DRUNK_DR,ST_CASE,CITY,YEAR,MILEPT,TWAY_ID,TWAY_ID2,RAIL,LATITUDE,LONGITUD,VE_FORMS,WEATHER
45,59,7,17,1,25,1,1,0,1,2,2,0,33,0,1,4,1,2,35,2,1,2,1,0,0,3,1,0,0,99,99,99,99,88,88,0,0,0,0,1,6,1,450449,1410,2009,99999,US-76,99999999999999999999,0000000,34.49895278,-81.99911944,1,1
45,83,7,17,16,20,1,1,0,0,5,5,0,42,0,1,4,1,2,35,2,1,2,1,0,0,1,1,0,0,99,99,99,99,99,99,0,0,0,0,1,6,0,450450,0,2009,99999,MITCHELL FARM RD,99999999999999999999,0000000,35.07324444,-82.05911667,1,1
45,77,7,19,19,21,1,1,0,0,4,4,0,1,0,1,4,1,2,35,2,1,2,1,0,0,1,1,0,0,99,99,99,99,99,99,0,0,0,0,1,1,0,450451,0,2009,19,41,99999999999999999999,0000000,34.77743333,-82.61092222,1,1
45,35,7,19,21,0,1,2,1,0,3,3,0,9,0,1,1,1,2,45,2,1,2,1,0,0,2,1,0,0,99,99,99,99,88,88,0,0,0,0,1,1,0,450452,0,2009,104,SR-165,99999999999999999999,0000000,32.96366667,-80.20186944,1,1
45,83,7,21,17,50,2,2,0,1,1,1,0,12,2,1,1,3,2,65,1,2,2,1,0,0,1,1,0,0,99,99,99,99,99,99,0,0,0,0,1,3,0,450453,0,2009,154,I-26,99999999999999999999,0000000,34.99741389,-82.02036389,2,1
45,51,7,3,16,50,2,3,0,0,3,3,0,12,4,2,1,2,2,60,1,1,2,1,0,0,1,1,0,0,99,99,99,99,88,88,0,0,0,0,1,6,0,450454,0,2009,99999,SR-9,SR-410,0000000,34.11905278,-78.97719444,2,1
45,3,7,21,4,0,1,1,0,0,4,4,0,53,0,1,4,1,2,45,2,1,2,1,0,0,2,1,0,0,99,99,99,99,99,99,0,0,0,0,1,3,1,450455,0,2009,27,1467,99999999999999999999,0000000,33.60961667,-81.76343056,1,1
45,59,7,22,19,0,1,1,0,0,4,4,0,42,0,1,4,1,2,45,1,1,2,1,0,0,1,1,0,0,99,99,99,99,99,99,0,0,0,0,1,4,0,450456,0,2009,99999,103,99999999999999999999,0000000,34.44733611,-81.90294722,1,1
45,45,7,24,2,30,1,1,0,0,5,5,0,42,0,1,4,1,2,30,1,2,2,1,0,0,2,1,0,0,99,99,99,99,99,99,0,0,0,0,1,6,0,450457,0,2009,99999,LEAGUE RD,99999999999999999999,0000000,34.76537778,-82.23107778,1,1
45,19,7,24,14,20,1,2,1,0,9,4,0,9,0,1,1,1,2,30,1,1,2,2,20,3,1,2,0,0,99,99,99,99,99,99,0,0,0,0,1,6,0,450458,410,2009,4,63,99999999999999999999,0000000,33.01525,-80.15659444,1,2
45,39,7,26,19,15,2,3,0,0,3,3,0,12,3,1,1,1,2,55,1,2,2,1,0,0,1,1,0,0,99,99,99,99,99,99,0,0,0,0,1,1,0,450459,0,2009,152,SR-215,99999999999999999999,0000000,34.379075,-81.292175,2,1
45,11,7,26,3,45,1,1,0,0,3,3,0,37,0,1,4,1,2,55,2,2,2,1,0,0,2,1,0,0,99,99,99,99,88,88,0,0,0,0,1,1,1,450460,2890,2009,96,SR-37,99999999999999999999,0000000,33.39493889,-81.35878056,1,1
45,29,7,29,17,28,1,1,0,1,2,2,0,53,0,1,4,1,2,55,1,1,2,2,0,0,1,1,0,0,99,99,99,99,88,88,0,0,0,0,1,4,1,450461,0,2009,99999,US-17,99999999999999999999,0000000,32.92430278,-80.43811667,1,1
45,43,7,29,13,30,3,4,0,1,2,2,0,12,5,1,1,2,2,60,1,1,2,2,0,0,1,1,0,0,99,99,99,99,99,99,0,0,0,0,1,4,0,450462,0,2009,166,US-17,99999999999999999999,0000000,33.36713056,-79.26940556,3,1
45,25,7,30,23,10,1,2,1,0,3,3,0,8,0,1,1,1,2,60,1,2,2,1,0,0,2,1,0,0,99,99,99,99,99,99,0,0,0,0,1,5,0,450463,0,2009,99999,SR-151,99999999999999999999,0000000,34.68044167,-80.38829444,1,1
45,63,7,22,19,0,1,1,0,0,3,3,0,32,0,1,4,1,2,35,1,1,2,1,0,0,1,1,0,0,99,99,99,99,99,99,0,0,0,0,1,4,1,450464,130,2009,99999,SR-245,99999999999999999999,0000000,33.91312778,-81.51224722,1,1
45,57,7,25,9,35,1,1,0,1,2,2,0,24,0,1,5,2,2,55,1,2,2,1,0,0,1,1,0,0,99,99,99,99,99,99,0,0,0,0,1,7,0,450465,0,2009,368,US-521,99999999999999999999,0000000,34.91394722,-80.81474167,1,1
45,21,7,30,15,50,2,3,0,0,4,4,0,12,2,1,1,1,2,30,2,1,2,2,0,0,1,2,0,0,99,99,99,99,99,99,0,0,0,0,1,5,0,450466,0,2009,118,668,99999999999999999999,0000000,35.09779167,-81.66609722,2,2
45,59,8,1,14,0,2,6,0,1,1,1,0,12,3,1,1,3,2,70,1,2,2,1,0,0,1,1,0,0,99,99,99,99,99,99,0,0,0,0,1,7,1,450467,0,2009,79,I-26,99999999999999999999,0000000,34.48278889,-81.82587222,2,1
45,35,8,1,9,50,1,2,0,1,1,1,0,42,0,1,3,2,2,70,1,1,2,1,0,0,1,1,0,0,99,99,99,99,99,99,0,0,0,0,1,7,0,450468,0,2009,93,I-26,99999999999999999999,0000000,33.17574167,-80.37112778,1,1
45,51,8,1,21,37,2,8,0,0,3,3,0,12,2,1,1,1,2,55,1,1,2,1,0,0,2,1,0,0,99,99,99,99,99,99,0,0,0,0,1,7,1,450469,0,2009,94,SR-917,99999999999999999999,0000000,34.10235278,-78.99933889,2,1
45,15,8,2,3,10,1,1,0,0,4,4,0,1,0,1,4,1,2,55,1,1,2,1,0,0,2,1,0,0,99,99,99,99,88,88,0,0,0,0,1,1,1,450470,0,2009,28,32,99999999999999999999,0000000,33.13032778,-80.21225556,1,1
45,7,8,6,6,20,1,1,0,0,5,5,0,42,0,1,4,1,2,35,2,2,2,1,0,0,4,1,0,0,99,99,99,99,88,88,0,0,0,0,1,5,0,450471,0,2009,99999,CHEDDAR RD,99999999999999999999,0000000,34.58439444,-82.53702222,1,1
45,51,7,5,12,15,2,3,0,1,2,2,0,12,5,2,1,2,2,45,1,1,2,1,20,3,1,1,0,0,99,99,99,99,99,99,0,0,0,0,1,1,0,450472,2555,2009,99999,US-17,13TH AVE NORTH,0000000,33.62183889,-78.97144444,2,1
45,51,7,30,20,50,5,7,0,1,2,2,0,12,7,1,1,2,3,50,1,1,2,2,0,0,2,1,0,0,99,99,99,99,99,99,0,0,0,0,1,5,0,450473,0,2009,129,US-17,99999999999999999999,0000000,33.71256111,-78.90423889,5,1
45,3,8,2,9,17,3,5,0,1,2,2,0,12,8,1,1,2,2,45,1,3,2,1,0,0,1,1,0,0,99,99,99,99,99,99,0,0,0,0,2,1,1,450474,1800,2009,99999,US-17,99999999999999999999,0000000,33.48604167,-81.93277222,3,1
45,71,8,2,19,17,1,1,0,1,1,1,0,42,0,1,4,3,2,70,1,2,2,1,0,0,1,1,0,0,99,99,99,99,88,88,0,0,0,0,1,1,1,450475,0,2009,241,I-26,99999999999999999999,0000000,34.22450556,-81.42435556,1,1
45,35,8,6,19,20,1,1,0,0,4,4,0,34,0,1,5,1,2,55,1,1,2,1,0,0,1,1,0,0,99,99,99,99,88,88,0,0,0,0,1,5,1,450476,0,2009,26,610,99999999999999999999,0000000,33.13543056,-80.54896944,1,1
45,3,8,7,20,32,1,2,1,0,3,3,0,8,0,1,1,1,2,35,1,1,2,1,0,0,1,1,0,0,99,99,99,99,99,99,0,0,0,0,1,6,0,450477,0,2009,139,SR-19,99999999999999999999,0000000,33.57708611,-81.72051389,1,1
45,51,8,7,21,50,1,1,0,0,4,4,0,53,0,1,4,1,2,45,1,1,2,1,0,0,2,1,0,0,99,99,99,99,88,88,0,0,0,0,1,6,1,450478,0,2009,14,472,99999999999999999999,0000000,33.911775,-78.93706667,1,1
45,77,8,7,3,30,1,1,0,0,3,3,0,37,0,1,4,1,2,45,2,2,2,1,0,0,2,1,0,0,99,99,99,99,99,99,0,0,0,0,1,6,1,450479,0,2009,181,SR-93,99999999999999999999,0000000,34.81408611,-82.63821667,1,1
45,57,8,8,3,0,1,1,0,0,4,4,0,1,0,1,4,1,2,35,2,1,2,1,0,0,2,1,0,0,99,99,99,99,88,88,0,0,0,0,1,7,1,450480,0,2009,46,60,99999999999999999999,0000000,34.62169444,-80.6145,1,1
45,75,8,8,5,30,1,1,0,0,5,5,0,42,0,1,4,1,2,40,1,3,2,1,0,0,1,1,0,0,99,99,99,99,88,88,0,0,0,0,1,7,1,450481,0,2009,99999,SCUFFLE TOWN RD,99999999999999999999,0000000,33.58634444,-80.93323333,1,1
45,85,7,23,12,35,1,1,0,0,4,4,0,10,0,6,1,1,2,30,1,1,2,1,70,3,1,1,0,0,99,99,99,99,88,88,0,0,0,0,1,5,0,450482,0,2009,3,479,963,632617B,33.90814167,-80.38696389,1,1
45,55,7,24,12,45,1,1,0,0,3,3,0,42,0,1,4,1,2,55,1,1,2,1,0,0,1,1,0,0,99,99,99,99,88,88,0,0,0,0,1,6,0,450483,0,2009,95,SR-97,99999999999999999999,0000000,34.38661944,-80.72097222,1,1
45,85,7,29,23,10,3,4,0,0,4,4,0,12,1,1,1,1,2,55,1,1,2,1,0,0,2,1,0,0,99,99,99,99,99,99,0,0,0,0,1,4,1,450484,0,2009,158,1342,99999999999999999999,0000000,33.98404444,-80.40910833,3,1
45,79,8,1,4,50,1,2,1,0,3,3,0,8,0,1,1,2,2,50,1,1,2,1,0,0,2,1,0,0,99,99,99,99,88,88,0,0,0,0,1,7,0,450485,0,2009,110,SR-555,99999999999999999999,0000000,34.13891111,-80.94645,1,1
45,63,8,1,4,45,1,2,0,1,2,2,0,32,0,1,4,1,2,55,2,2,2,2,0,0,2,1,0,0,99,99,99,99,99,99,0,0,0,0,1,7,1,450486,0,2009,9,US-378,99999999999999999999,0000000,34.02865556,-81.47563889,1,1
45,79,8,5,9,0,3,3,0,1,1,1,0,12,2,1,1,3,2,70,1,1,2,1,0,0,1,1,0,0,99,99,99,99,99,99,0,0,0,0,1,4,0,450487,0,2009,9,I-26,99999999999999999999,0000000,34.17019722,-81.30101667,3,1
45,3,8,7,11,50,2,3,0,0,4,4,0,1,0,1,1,1,2,45,1,1,2,1,0,0,1,1,0,0,99,99,99,99,99,99,0,0,0,0,1,6,0,450488,0,2009,7,218,99999999999999999999,0000000,33.55495,-81.66738611,2,1
45,35,8,7,12,0,1,1,0,1,1,1,0,42,0,1,4,3,2,70,1,1,2,1,0,0,1,1,0,0,99,99,99,99,99,99,0,0,0,0,1,6,1,450489,0,2009,99999,I-26,99999999999999999999,0000000,33.17829167,-80.374475,1,1
45,31,8,10,16,30,5,12,0,0,3,3,0,12,5,2,1,2,2,45,1,1,2,1,3,3,1,1,0,0,99,99,99,99,99,99,0,0,0,0,1,2,0,450490,0,2009,54,SR-151,12,0000000,34.36015833,-80.12500833,5,1
45,53,8,15,23,35,1,2,1,1,2,2,0,8,0,1,1,1,2,55,1,1,2,1,0,0,2,1,0,0,99,99,99,99,88,88,0,0,0,0,1,7,0,450491,0,2009,99999,US-278,99999999999999999999,0000000,32.52467222,-81.00618889,1,1
45,85,7,18,6,35,1,2,0,1,2,2,0,42,0,1,4,1,2,60,1,1,2,1,0,0,4,1,0,0,99,99,99,99,88,88,0,0,0,0,2,7,1,450492,0,2009,99999,US-378,99999999999999999999,0000000,33.95322222,-80.36730833,1,1
45,47,8,3,18,12,2,3,0,0,4,4,0,12,2,1,1,1,2,45,1,2,2,1,0,0,1,1,0,0,99,99,99,99,99,99,0,0,0,0,1,2,0,450493,0,2009,23,495,99999999999999999999,0000000,34.16899167,-82.22163611,2,1
45,51,3,29,23,8,1,2,1,0,4,4,0,8,0,1,1,1,2,55,1,1,2,1,0,0,2,1,0,0,99,99,99,99,99,99,0,0,0,0,1,1,0,450494,0,2009,105,112,99999999999999999999,0000000,33.99941389,-78.89788611,1,1
45,65,7,10,1,30,1,1,0,1,2,2,0,27,0,1,4,1,2,55,1,1,2,1,0,0,2,1,0,0,99,99,99,99,99,99,0,0,0,0,1,6,1,450495,0,2009,61,US-378,99999999999999999999,0000000,33.90066111,-82.30643611,1,1
45,51,8,5,18,42,1,2,1,1,2,2,0,8,0,2,1,2,2,40,1,1,2,1,3,3,1,1,0,0,99,99,99,99,99,99,0,0,0,0,1,4,0,450496,1730,2009,99999,US-17,17TH AVE SOUTH /556,0000000,33.674925,-78.90509722,1,1
45,63,8,8,1,40,1,2,0,0,4,4,0,30,0,1,4,1,2,45,1,1,2,1,0,0,2,1,0,0,99,99,99,99,99,99,0,0,0,0,1,7,1,450497,0,2009,139,278,99999999999999999999,0000000,33.92548611,-81.3308,1,1
45,63,8,9,1,50,1,2,0,0,4,4,0,37,0,1,4,1,2,45,1,1,2,1,0,0,2,1,0,0,99,99,99,99,88,88,0,0,0,0,2,1,1,450498,0,2009,3,68,99999999999999999999,0000000,34.03630278,-81.19123889,1,1
45,79,8,9,21,49,1,2,1,1,2,2,0,8,0,1,1,2,2,45,1,1,2,1,0,0,3,1,0,0,99,99,99,99,99,99,0,0,0,0,1,1,0,450499,0,2009,157,US-176,99999999999999999999,0000000,34.06186667,-81.11429167,1,1
45,21,8,9,0,50,1,1,0,0,4,4,0,32,0,1,4,1,2,45,2,1,2,1,0,0,2,1,0,0,99,99,99,99,99,99,0,0,0,0,1,1,1,450500,0,2009,17,163,99999999999999999999,0000000,35.13443889,-81.71291944,1,1
45,79,8,10,14,55,2,2,0,0,4,4,0,12,1,2,1,2,2,45,1,1,2,1,3,3,1,1,0,0,99,99,99,99,99,99,0,0,0,0,1,2,0,450501,0,2009,50,1036,2873,0000000,34.08561389,-80.95915278,2,1
45,45,8,10,11,46,1,1,0,0,4,4,0,42,0,1,4,1,2,35,2,1,2,1,0,0,1,1,0,0,99,99,99,99,88,88,0,0,0,0,1,2,0,450502,0,2009,31,69,99999999999999999999,0000000,34.50630833,-82.29738333,1,1
45,7,8,10,15,35,2,4,0,0,3,3,0,12,2,2,1,1,2,45,1,1,2,1,3,3,1,1,0,0,99,99,99,99,99,99,0,0,0,0,1,2,1,450503,0,2009,159,SR-20,77,0000000,34.60629722,-82.49869722,2,1
45,59,8,12,16,43,1,1,0,0,3,3,0,42,0,1,4,1,2,55,1,2,2,2,0,0,1,2,0,0,99,99,99,99,99,99,0,0,0,0,1,4,1,450504,0,2009,152,SR-56,99999999999999999999,0000000,34.52801944,-81.84943333,1,2
45,79,8,13,5,55,1,1,0,1,1,1,0,24,0,1,4,3,2,60,2,1,2,2,0,0,2,2,0,0,99,99,99,99,99,99,0,0,0,0,1,5,0,450505,0,2009,21,I-77,99999999999999999999,0000000,33.95119167,-80.98425833,1,2
45,63,8,16,2,52,1,2,0,0,4,4,0,42,0,1,4,1,2,55,2,2,2,1,0,0,2,1,0,0,99,99,99,99,88,88,0,0,0,0,2,1,1,450506,0,2009,135,278,99999999999999999999,0000000,33.78966944,-81.33642222,1,1
45,7,8,16,20,50,1,2,1,0,5,5,0,9,0,1,1,1,2,35,2,1,2,2,0,0,2,2,0,0,99,99,99,99,99,99,0,0,0,0,1,1,1,450507,0,2009,99999,GORDON STREET,99999999999999999999,0000000,34.47624444,-82.66263611,1,2
45,77,8,16,20,30,2,5,0,0,4,4,0,12,2,1,1,1,2,45,1,1,2,2,0,0,2,2,0,0,99,99,99,99,99,99,0,0,0,0,1,1,1,450508,0,2009,54,36,99999999999999999999,0000000,34.85403056,-82.52067222,2,2
45,59,8,16,13,20,3,4,0,1,1,1,0,12,1,1,1,2,2,70,1,2,2,1,0,0,1,1,0,0,99,99,99,99,99,99,0,0,0,0,1,1,0,450509,0,2009,79,I-26,99999999999999999999,0000000,34.49117222,-81.83775833,3,1
45,23,8,16,20,30,1,1,0,0,4,4,0,37,0,1,4,1,2,45,2,1,2,1,0,0,2,1,0,0,99,99,99,99,88,88,0,0,0,0,1,1,1,450510,0,2009,38,49,99999999999999999999,0000000,34.68456944,-81.40972222,1,1
45,45,8,17,14,7,3,4,0,0,3,3,0,12,4,2,1,1,2,45,1,1,2,1,20,3,1,1,0,0,99,99,99,99,99,99,0,0,0,0,1,2,0,450511,0,2009,15,SR-418,454,0000000,34.63451389,-82.37209722,3,1
45,61,8,18,21,54,1,1,0,0,4,4,0,37,0,1,4,1,2,45,1,1,2,1,0,0,2,1,0,0,99,99,99,99,99,99,0,0,0,0,1,3,1,450512,0,2009,109,7,99999999999999999999,0000000,34.14406111,-80.4767,1,1
45,45,8,22,13,0,2,2,0,1,2,2,0,12,5,4,1,2,2,45,1,1,2,1,0,0,1,1,0,0,99,99,99,99,99,99,0,0,0,0,1,7,0,450513,0,2009,315,US-25,SR-183,0000000,34.89040278,-82.46844167,2,1
45,83,8,22,5,0,2,5,0,1,1,1,0,12,2,1,1,3,2,70,1,2,2,1,0,0,2,1,0,0,99,99,99,99,99,99,0,0,0,0,1,7,1,450514,0,2009,9,I-26,99999999999999999999,0000000,35.02208889,-82.03512778,2,1
45,17,8,23,10,22,1,1,0,0,3,3,0,42,0,1,4,1,2,55,1,2,2,1,0,0,1,1,0,0,99,99,99,99,88,88,0,0,0,0,1,1,1,450515,0,2009,205,SR-6,99999999999999999999,0000000,33.635525,-80.70277778,1,1
45,41,8,23,1,7,1,1,0,0,4,4,0,53,0,1,4,1,2,35,1,1,2,2,0,0,2,1,0,0,99,99,99,99,88,88,0,0,0,0,1,1,1,450516,0,2009,11,26,99999999999999999999,0000000,34.22429444,-79.74615,1,1
45,19,7,16,21,16,2,3,0,1,2,2,0,12,5,2,1,1,2,45,1,1,2,2,3,3,3,2,0,0,99,99,99,99,99,99,0,0,0,0,1,5,1,450517,410,2009,99999,US-17,MARFIELD RD,0000000,32.78561389,-80.006475,2,2
45,87,8,25,1,30,1,2,0,0,4,4,0,1,0,1,4,1,2,40,1,1,2,1,0,0,2,1,0,0,99,99,99,99,99,99,0,0,0,0,2,3,1,450518,0,2009,99999,73,99999999999999999999,0000000,34.89413333,-81.71575,1,1
45,45,8,25,20,30,2,2,0,0,4,4,0,12,2,1,1,1,2,50,1,1,2,1,0,0,2,1,0,0,99,99,99,99,99,99,0,0,0,0,1,3,1,450519,0,2009,99999,55,99999999999999999999,0000000,34.68866389,-82.25236389,2,1
45,45,8,27,15,30,3,6,0,0,4,4,0,12,8,1,1,1,2,45,2,1,2,1,0,0,1,1,0,0,99,99,99,99,99,99,0,0,0,0,1,5,0,450520,0,2009,99999,50,99999999999999999999,0000000,34.67384167,-82.35677778,3,1
45,25,8,24,23,55,1,2,0,0,4,4,0,1,0,1,4,1,2,55,1,1,2,1,0,0,2,1,0,0,99,99,99,99,99,99,0,0,0,0,1,2,1,450521,0,2009,30,71,99999999999999999999,0000000,34.72718889,-80.30958611,1,1
45,31,8,26,13,5,2,3,0,1,2,2,0,12,5,2,1,2,2,55,1,2,2,1,21,3,1,1,0,0,99,99,99,99,99,99,0,0,0,0,1,4,0,450522,0,2009,95,US-52,177,0000000,34.33698611,-79.8988,2,1
45,25,8,29,21,20,1,1,0,0,4,4,0,1,0,1,5,1,2,45,1,1,2,1,0,0,3,1,0,0,99,99,99,99,99,99,0,0,0,0,1,7,1,450523,0,2009,53,43,99999999999999999999,0000000,34.68566389,-80.35756667,1,1
45,25,8,30,16,25,2,8,0,1,2,2,0,12,5,2,1,1,2,55,1,1,2,2,20,3,1,2,0,0,99,99,99,99,99,99,0,0,0,0,1,1,1,450524,0,2009,57,US-52,494,0000000,34.63776389,-79.88596944,2,2
45,55,6,18,12,9,2,4,0,1,1,1,0,42,0,1,4,3,2,70,1,1,2,1,0,0,1,1,0,0,99,99,99,99,99,99,0,0,0,0,1,5,0,450525,0,2009,99999,I-20,99999999999999999999,0000000,34.13042222,-80.77281389,2,1
45,73,6,20,1,25,1,2,0,0,4,4,0,34,0,1,4,1,2,30,2,1,2,1,0,0,2,1,0,0,99,99,99,99,99,99,0,0,0,0,1,7,1,450526,0,2009,99999,90,99999999999999999999,0000000,34.65619167,-83.25100556,1,1
45,49,7,18,0,30,1,4,2,0,3,3,0,8,0,1,1,1,2,45,2,1,2,6,0,0,2,1,0,2,99,99,99,99,99,99,0,0,0,0,1,7,1,450527,0,2009,99999,SR-3,99999999999999999999,0000000,32.75375278,-81.21750278,1,1
45,73,7,19,11,45,1,2,0,0,5,5,0,35,0,1,4,1,2,55,2,2,2,1,0,0,1,1,0,0,99,99,99,99,99,99,0,0,0,0,1,1,0,450528,0,2009,99999,ROCKY GAP RD,99999999999999999999,0000000,34.84755,-83.20856111,1,1
45,79,8,3,18,45,1,3,0,0,4,4,0,1,0,1,4,1,2,45,2,2,2,1,0,0,5,1,0,0,99,99,99,99,99,99,0,0,0,0,1,2,1,450529,0,2009,99999,83,99999999999999999999,0000000,34.17005556,-80.90666667,1,1
45,51,8,20,18,25,1,3,1,0,4,4,0,8,0,1,1,1,2,25,1,3,2,1,0,0,1,1,0,0,99,99,99,99,99,99,0,0,0,0,1,5,0,450530,0,2009,99999,469,99999999999999999999,0000000,33.76466389,-78.78613333,1,1
45,63,8,23,18,20,1,1,0,0,5,5,0,34,0,1,4,1,2,25,1,2,2,1,0,0,1,1,0,0,99,99,99,99,88,88,0,0,0,0,1,1,0,450531,0,2009,99999,LOCKWEED DR,99999999999999999999,0000000,34.08600556,-81.22106667,1,1
45,43,8,23,13,20,1,4,0,0,4,4,0,34,0,1,4,1,2,55,2,1,2,1,0,0,1,1,0,0,99,99,99,99,99,99,0,0,0,0,1,1,0,450532,0,2009,99999,6,99999999999999999999,0000000,33.55970556,-79.358925,1,1
45,79,8,24,6,0,1,1,0,0,4,4,0,52,0,1,4,1,2,35,2,1,2,1,0,0,4,1,0,0,99,99,99,99,88,88,0,0,0,0,1,2,1,450533,0,2009,99999,551,99999999999999999999,0000000,33.86571111,-80.82774722,1,1
45,55,8,25,16,0,2,3,0,1,2,2,0,12,3,1,1,1,2,55,1,1,2,1,0,0,1,1,0,0,99,99,99,99,99,99,0,0,0,0,1,3,0,450534,0,2009,99999,US-521,99999999999999999999,0000000,34.42298333,-80.59870833,2,1
45,61,8,27,18,55,2,5,0,0,4,4,0,12,4,2,1,1,2,55,2,2,2,1,20,3,1,1,0,0,99,99,99,99,99,99,0,0,0,0,2,5,0,450535,0,2009,99999,21,50,0000000,34.26757222,-80.32413611,2,1
45,51,8,29,3,45,1,1,0,0,5,5,0,42,0,1,4,1,2,35,2,1,2,1,0,0,3,1,0,0,99,99,99,99,99,99,0,0,0,0,1,7,1,450536,0,2009,99999,TIBWIN AVE,99999999999999999999,0000000,33.782,-78.96702222,1,1
45,63,8,30,21,15,1,1,0,1,1,1,0,42,0,1,4,3,3,60,1,1,2,2,0,0,2,2,0,0,99,99,99,99,88,88,0,0,0,0,1,1,0,450537,0,2009,242,I-26,99999999999999999999,0000000,33.95592778,-81.09343611,1,2
45,67,9,4,20,30,2,5,0,1,2,2,0,12,5,2,1,2,2,50,1,1,2,1,4,3,2,1,0,0,99,99,99,99,99,99,0,0,0,0,1,6,1,450538,0,2009,184,US-501,32,0000000,34.09688056,-79.32103056,2,1
45,23,9,6,2,10,1,1,0,1,2,2,0,34,0,1,4,1,2,55,1,1,2,1,0,0,2,1,0,0,99,99,99,99,88,88,0,0,0,0,1,1,1,450539,0,2009,130,US-21,99999999999999999999,0000000,34.72775278,-80.90361944,1,1
45,19,9,6,15,45,1,7,0,1,11,1,0,20,0,13,4,6,1,99,2,2,2,1,0,0,1,1,0,0,99,99,99,99,99,99,0,0,0,0,1,1,0,450540,410,2009,99999,I-26,US-52,0000000,32.83719167,-79.96184444,1,1
45,79,9,7,17,0,1,1,0,1,2,2,0,53,0,1,4,2,2,55,1,2,2,1,0,0,1,1,0,0,99,99,99,99,88,88,0,0,0,0,1,2,0,450541,0,2009,336,US-76,99999999999999999999,0000000,33.95076389,-80.91713889,1,1
45,11,9,7,23,30,1,1,0,0,4,4,0,42,0,1,4,1,2,55,2,1,2,1,0,0,2,1,0,0,99,99,99,99,88,88,0,0,0,0,1,2,1,450542,0,2009,13,60,99999999999999999999,0000000,33.36680833,-81.24793056,1,1
45,43,9,9,11,10,1,1,0,1,2,2,0,1,0,1,4,2,2,60,2,2,2,1,0,0,1,1,0,0,99,99,99,99,99,99,0,0,0,0,1,4,0,450543,0,2009,84,US-17,99999999999999999999,0000000,33.27568611,-79.35214444,1,1
45,67,9,9,14,50,1,1,0,0,3,3,0,34,0,1,4,1,2,55,1,1,2,1,0,0,1,1,0,0,99,99,99,99,88,88,0,0,0,0,1,4,0,450544,0,2009,183,SR-41,99999999999999999999,0000000,34.11056111,-79.28682778,1,1
45,57,9,10,3,0,1,3,0,0,4,4,0,42,0,1,4,1,2,40,2,1,2,1,0,0,2,1,0,0,99,99,99,99,99,99,0,0,0,0,2,5,1,450545,0,2009,7,347,99999999999999999999,0000000,34.75448333,-80.74861111,1,1
45,51,9,13,3,30,1,2,0,1,2,2,0,34,0,1,4,1,2,45,1,1,2,1,0,0,3,1,0,0,99,99,99,99,99,99,0,0,0,0,1,1,0,450546,0,2009,73,US-378,99999999999999999999,0000000,33.83630833,-79.12448056,1,1
45,89,8,20,18,0,2,2,0,1,2,2,0,12,5,1,1,2,2,60,1,1,2,1,0,0,1,1,0,0,99,99,99,99,99,99,0,0,0,0,1,5,0,450547,0,2009,99999,US-52,99999999999999999999,0000000,33.50100278,-79.95789444,2,1
45,85,8,20,22,50,2,6,0,0,4,4,0,32,0,1,4,1,2,45,1,1,2,1,0,0,2,1,0,0,99,99,99,99,99,99,0,0,0,0,1,5,0,450548,0,2009,3,520,99999999999999999999,0000000,33.77715,-80.34773889,2,1
45,91,8,24,14,30,1,3,0,1,1,1,0,27,0,1,4,2,2,70,1,1,2,1,0,0,1,1,0,0,99,99,99,99,99,99,0,0,0,0,2,2,0,450549,0,2009,300,I-77,99999999999999999999,0000000,34.848925,-81.01605833,1,1
45,27,9,10,22,29,1,2,0,0,4,4,0,34,0,1,4,1,2,45,1,1,2,1,0,0,2,1,0,0,99,99,99,99,88,88,0,0,0,0,2,5,1,450550,0,2009,110,79,99999999999999999999,0000000,33.68635278,-80.24834722,1,1
45,61,9,11,16,30,1,3,0,1,1,1,0,1,0,1,1,3,2,70,1,1,2,1,0,0,1,1,0,0,99,99,99,99,99,99,0,0,0,0,2,6,0,450551,0,2009,168,I-20,99999999999999999999,0000000,34.19543889,-80.12067222,1,1
45,55,9,13,16,45,2,2,0,0,3,3,0,12,2,4,1,1,2,55,1,1,2,1,0,0,1,1,0,0,99,99,99,99,88,88,0,0,0,0,1,1,2,450552,0,2009,122,SR-97,426,0000000,34.36359444,-80.69745556,2,1