STATE,COUNTY,MONTH,DAY,HOUR,MINUTE,VE_TOTAL,PERSONS,PEDS,NHS,ROAD_FNC,ROUTE,SP_JUR,HARM_EV,MAN_COLL,REL_JUNC,REL_ROAD,TRAF_FLO,NO_LANES,SP_LIMIT,ALIGNMNT,PROFILE,PAVE_TYP,SUR_COND,TRA_CONT,T_CONT_F,LGT_COND,WEATHER1,WEATHER2,WRK_ZONE,NOT_HOUR,NOT_MIN,ARR_HOUR,ARR_MIN,HOSP_HR,HOSP_MN,SCH_BUS,CF1,CF2,CF3,FATALS,DAY_WEEK,DRUNK_DR,ST_CASE,CITY,YEAR,MILEPT,TWAY_ID,TWAY_ID2,RAIL,LATITUDE,LONGITUD,VE_FORMS,WEATHER
45,79,9,14,8,1,2,4,0,0,4,4,0,12,4,2,1,1,2,35,2,2,2,1,20,3,1,1,0,0,99,99,99,99,99,99,0,0,0,0,1,2,0,450553,0,2009,600,217,244,0000000,34.15411111,-81.17840833,2,1
45,89,9,14,7,50,2,3,0,1,2,2,0,12,5,2,1,2,2,60,1,2,2,1,20,3,1,1,0,0,99,99,99,99,99,99,0,0,0,0,1,2,0,450554,0,2009,208,US-52,186,0000000,33.72187778,-79.80816389,2,1
45,41,9,18,3,30,1,1,0,0,4,4,0,53,0,1,4,1,2,55,1,1,2,1,0,0,2,1,0,0,99,99,99,99,99,99,0,0,0,0,1,6,1,450555,0,2009,38,34,99999999999999999999,0000000,34.02083056,-79.69963056,1,1
45,83,3,8,12,15,2,2,0,0,4,4,0,12,3,2,1,1,2,25,1,1,2,1,20,3,1,1,0,0,99,99,99,99,99,99,0,0,0,0,1,1,0,450556,1890,2009,16,227,816,0000000,34.899975,-81.76411667,2,1
45,77,6,6,20,56,1,1,0,0,5,5,0,37,0,1,4,1,2,35,1,1,2,1,0,0,2,1,0,0,99,99,99,99,88,88,0,0,0,0,1,7,1,450557,0,2009,99999,MT. BETHEL RD,99999999999999999999,0000000,34.90106667,-82.78893333,1,1
45,45,8,14,23,35,1,1,0,0,4,4,0,42,0,1,4,1,2,40,1,1,2,1,0,0,2,1,0,0,99,99,99,99,88,88,0,0,0,0,1,6,1,450558,0,2009,126,548,99999999999999999999,0000000,34.82986944,-82.25425278,1,1
45,79,6,22,13,43,1,2,0,1,2,2,0,1,0,1,1,2,2,60,1,2,2,1,0,0,1,1,0,0,99,99,99,99,99,99,0,0,0,0,1,2,0,450559,0,2009,410,US-76,99999999999999999999,0000000,33.94236389,-80.72612222,1,1
45,59,7,14,17,33,2,4,0,0,4,4,0,12,4,2,1,1,2,25,1,1,2,1,20,3,1,1,0,0,99,99,99,99,99,99,0,0,0,0,1,3,0,450560,1410,2009,99999,PEACHTREE STREET,PINE STREET,0000000,34.46195,-81.90170278,2,1
45,61,9,5,16,0,2,1,0,0,4,4,0,14,2,1,4,1,2,45,1,2,2,1,0,0,1,1,0,0,99,99,99,99,99,99,0,0,0,0,1,7,0,450561,0,2009,14,184,99999999999999999999,0000000,34.18312222,-80.43425556,1,1
45,45,9,6,2,55,1,1,0,1,11,1,0,26,0,1,5,3,2,65,2,3,2,1,0,0,2,1,0,0,99,99,99,99,99,99,0,0,0,0,1,1,1,450562,2380,2009,71,I-385,99999999999999999999,0000000,34.75303889,-82.28648056,1,1
45,33,9,8,18,15,2,2,0,1,1,1,0,12,1,1,1,2,2,70,1,1,2,1,0,0,1,1,0,0,99,99,99,99,99,99,0,0,0,0,1,3,0,450563,0,2009,153,I-95,99999999999999999999,0000000,34.40921111,-79.42746111,2,1
45,75,9,10,11,48,3,6,0,1,2,2,0,12,8,1,1,1,2,45,1,1,2,1,0,0,1,1,0,0,99,99,99,99,99,99,0,0,0,0,3,5,0,450564,0,2009,197,US-321,99999999999999999999,0000000,33.67006944,-81.11236111,3,1
45,51,9,10,0,35,1,3,0,0,3,3,0,34,0,1,4,1,2,50,2,1,2,1,0,0,2,1,0,0,99,99,99,99,99,99,0,0,0,0,1,5,1,450565,0,2009,125,SR-319,99999999999999999999,0000000,33.89293333,-79.05633056,1,1
45,61,9,12,7,40,1,1,0,0,4,4,0,34,0,1,4,1,2,55,2,1,2,1,0,0,4,1,0,0,99,99,99,99,99,99,0,0,0,0,1,7,1,450566,0,2009,112,33,99999999999999999999,0000000,34.12171667,-80.24748889,1,1
45,57,9,12,19,45,3,5,0,1,2,2,0,12,8,1,1,1,2,55,1,1,2,1,0,0,1,1,0,0,99,99,99,99,99,99,0,0,0,0,1,7,0,450567,0,2009,65,US-521,99999999999999999999,0000000,34.57064722,-80.61201111,3,1
45,77,9,15,16,50,2,3,0,0,4,4,0,12,4,1,1,1,2,45,2,2,2,1,0,0,1,1,0,0,99,99,99,99,99,99,0,0,0,0,1,3,0,450568,0,2009,99999,325,99999999999999999999,0000000,34.857975,-82.57800556,2,1
45,45,9,20,17,5,1,1,0,0,4,4,0,23,0,1,4,1,2,45,1,1,2,2,0,0,1,1,0,0,99,99,99,99,99,99,0,0,0,0,1,1,0,450569,0,2009,81,154,99999999999999999999,0000000,34.624275,-82.30399167,1,1
45,39,9,20,3,0,1,1,0,0,3,3,0,37,0,1,4,1,2,55,2,1,2,1,0,0,2,1,0,0,99,99,99,99,88,88,0,0,0,0,1,1,1,450570,0,2009,167,SR-213,99999999999999999999,0000000,34.34584444,-81.12141667,1,1
45,53,9,12,9,11,2,3,0,1,11,1,0,12,5,13,1,6,1,40,1,1,2,1,20,3,1,1,0,0,99,99,99,99,99,99,0,0,0,0,1,7,0,450571,1080,2009,51,I-95,US-17,0000000,32.27327222,-81.08068889,2,1
45,15,9,18,18,25,1,1,0,0,4,4,0,42,0,1,4,1,2,45,2,1,2,1,0,0,1,1,0,0,99,99,99,99,99,99,0,0,0,0,1,6,0,450572,0,2009,99999,127,99999999999999999999,0000000,33.28526667,-79.87133611,1,1
45,35,9,19,2,18,2,2,0,0,4,4,0,12,4,1,1,2,2,45,1,2,2,1,0,0,3,1,0,0,99,99,99,99,99,99,0,0,0,0,1,7,1,450573,2530,2009,99999,TROLLEY RD,99999999999999999999,0000000,32.99304444,-80.18028333,2,1
45,35,9,20,3,45,1,1,0,0,4,4,0,34,0,1,4,1,2,45,2,1,2,1,0,0,2,1,0,0,99,99,99,99,88,88,0,0,0,0,1,1,1,450574,0,2009,30,22,99999999999999999999,0000000,33.07158333,-80.25220833,1,1
45,31,9,22,21,30,1,2,1,1,2,2,0,8,0,1,1,3,2,45,1,1,2,1,0,0,2,1,0,0,99,99,99,99,88,88,0,0,0,0,1,3,0,450575,0,2009,51,US-52,99999999999999999999,0000000,34.28885,-79.88528333,1,1
45,59,9,27,12,25,1,1,0,0,4,4,0,53,0,1,4,1,2,45,1,1,2,1,0,0,1,1,0,0,99,99,99,99,99,99,0,0,0,0,1,1,0,450576,0,2009,211,270,99999999999999999999,0000000,34.54650833,-81.99603056,1,1
45,49,9,22,13,35,2,3,0,1,2,2,0,12,3,2,1,1,2,30,1,1,2,1,20,3,1,1,0,0,99,99,99,99,99,99,0,0,0,0,1,3,0,450577,1070,2009,89,US-278,113,0000000,32.86765556,-81.11021389,2,1
45,15,9,23,20,50,1,1,0,1,2,2,0,34,0,1,4,1,2,55,2,1,2,1,0,0,2,1,0,0,99,99,99,99,88,88,0,0,0,0,1,4,1,450578,0,2009,99999,US-17,99999999999999999999,0000000,33.23961944,-79.94137222,1,1
45,15,9,25,13,25,2,3,0,0,3,3,0,12,2,1,1,1,2,55,1,1,2,1,0,0,1,1,0,0,99,99,99,99,99,99,0,0,0,0,2,6,0,450579,0,2009,202,SR-45,99999999999999999999,0000000,33.41682778,-79.96853889,2,1
45,7,7,10,3,50,6,2,0,0,3,3,0,14,2,1,2,2,2,99,2,1,2,1,0,0,3,1,0,0,99,99,99,99,99,99,0,0,0,0,1,6,1,450580,0,2009,151,SR-28,99999999999999999999,0000000,34.50019167,-82.68301944,1,1
45,35,8,13,4,10,1,1,0,1,2,2,0,34,0,1,4,1,2,55,1,1,2,1,0,0,2,1,0,0,99,99,99,99,99,99,0,0,0,0,1,5,1,450581,0,2009,99999,US-17,99999999999999999999,0000000,32.92837222,-80.37782222,1,1
45,15,8,27,18,25,1,1,0,0,3,3,0,42,0,1,4,1,2,55,1,1,2,1,0,0,1,1,0,0,99,99,99,99,99,99,0,0,0,0,1,5,0,450582,0,2009,274,SR-41,99999999999999999999,0000000,33.27252778,-79.706025,1,1
45,15,9,17,23,46,2,5,0,1,1,1,0,12,5,1,1,3,2,70,1,1,2,1,0,0,2,1,0,0,99,99,99,99,99,99,0,0,0,0,1,5,0,450583,0,2009,42,I-26,99999999999999999999,0000000,33.10236389,-80.24516944,2,1
45,83,9,25,18,23,1,2,0,0,5,5,0,37,0,1,4,1,2,35,2,2,2,1,0,0,1,1,0,0,99,99,99,99,99,99,0,0,0,0,1,6,1,450584,0,2009,99999,GREEN RIVER RD,99999999999999999999,0000000,35.04886389,-81.87398056,1,1
45,13,9,26,22,30,1,1,0,0,4,4,0,32,0,1,4,1,2,35,2,1,2,2,0,0,2,1,0,0,99,99,99,99,88,88,0,0,0,0,1,7,1,450585,0,2009,34,263,99999999999999999999,0000000,32.44991944,-80.78277222,1,1
45,15,9,27,2,33,2,5,0,0,4,4,0,12,2,2,1,1,2,45,2,1,2,2,40,3,2,2,0,0,99,99,99,99,99,99,0,0,0,0,2,1,0,450586,0,2009,23,62,976,0000000,33.03546944,-80.09153333,2,2
45,85,9,27,12,59,1,1,0,0,4,4,0,34,0,1,4,1,2,45,2,1,2,1,0,0,1,1,0,0,99,99,99,99,88,88,0,0,0,0,1,1,1,450587,0,2009,59,983,99999999999999999999,0000000,33.91968056,-80.42472778,1,1
45,35,9,28,14,29,1,3,0,1,2,2,0,42,0,1,4,2,2,45,1,1,2,1,0,0,1,1,0,0,99,99,99,99,99,99,0,0,0,0,1,2,0,450588,0,2009,99999,US-17,99999999999999999999,0000000,32.96543056,-80.26568333,1,1
45,55,9,19,9,53,2,2,0,1,2,2,0,12,5,2,1,2,2,40,1,1,2,1,0,0,1,1,0,0,99,99,99,99,99,99,0,0,0,0,1,7,0,450589,0,2009,173,US-1,169,0000000,34.26402778,-80.57046944,2,1
45,41,10,3,1,50,2,3,0,0,4,4,0,12,5,2,1,1,2,35,1,1,2,1,0,0,2,1,0,0,99,99,99,99,88,88,0,0,0,0,1,7,1,450590,0,2009,99999,1413,1322,0000000,33.85605556,-79.77348889,2,1
45,57,10,1,15,50,1,2,0,0,3,3,0,1,0,1,5,1,2,55,1,3,2,1,0,0,1,1,0,0,99,99,99,99,99,99,0,0,0,0,1,5,0,450591,0,2009,122,SR-903,99999999999999999999,0000000,34.63165556,-80.569825,1,1
45,39,9,24,20,7,1,1,0,1,2,2,0,32,0,1,4,2,2,45,1,1,2,1,0,0,2,1,0,0,99,99,99,99,99,99,0,0,0,0,1,5,1,450592,2910,2009,74,US-321,99999999999999999999,0000000,34.33741111,-81.08489444,1,1
45,23,9,26,4,20,1,2,0,1,1,1,0,1,0,1,4,2,2,70,1,1,2,2,0,0,2,2,0,0,99,99,99,99,99,99,0,0,0,0,1,7,0,450593,0,2009,103,I-77,99999999999999999999,0000000,34.67373611,-81.02906111,1,2
45,45,9,20,1,30,2,2,0,1,1,1,0,12,2,1,1,3,2,65,1,1,2,1,0,0,2,1,0,0,99,99,99,99,99,99,0,0,0,0,1,1,1,450594,0,2009,5,I-385,99999999999999999999,0000000,34.68146389,-82.20528611,2,1
45,41,9,29,18,5,2,2,0,0,4,4,0,12,1,1,1,1,2,55,1,1,2,1,0,0,1,1,0,0,99,99,99,99,99,99,0,0,0,0,1,3,0,450595,0,2009,17,46,99999999999999999999,0000000,34.08060278,-79.59427222,2,1
45,15,10,1,0,45,1,3,0,0,4,4,0,42,0,1,4,1,2,55,2,1,2,1,0,0,2,1,0,0,99,99,99,99,99,99,0,0,0,0,1,5,1,450596,0,2009,99999,180,99999999999999999999,0000000,33.28436944,-79.86948889,1,1
45,75,7,8,15,0,3,8,0,1,1,1,0,12,1,1,1,3,2,70,1,1,2,2,0,0,1,2,0,0,99,99,99,99,99,99,0,0,0,0,1,4,0,450597,0,2009,135,I-26,99999999999999999999,0000000,33.55941944,-80.82478611,3,2
45,85,8,1,3,10,1,2,1,0,4,4,0,9,0,1,1,1,2,40,1,1,2,1,0,0,2,1,0,0,99,99,99,99,88,88,0,0,0,0,1,7,0,450598,2550,2009,99999,467,99999999999999999999,0000000,33.95525,-80.40902222,1,1
45,23,9,7,18,55,1,1,0,0,3,3,0,1,0,1,1,1,2,45,2,1,2,1,21,3,1,1,0,0,99,99,99,99,99,99,0,0,0,0,1,2,1,450599,0,2009,30,SR-9,99999999999999999999,0000000,34.78779722,-81.45091944,1,1
45,63,9,19,0,35,1,1,0,0,5,5,0,35,0,1,4,1,2,45,1,1,2,1,0,0,2,1,0,0,99,99,99,99,88,88,0,0,0,0,1,7,1,450600,0,2009,99999,BAGPIPE RD,99999999999999999999,0000000,33.835525,-81.47302222,1,1
45,61,9,20,21,45,1,1,0,0,4,4,0,53,0,1,4,1,2,55,1,1,2,1,0,0,2,1,0,0,99,99,99,99,99,99,0,0,0,0,1,1,0,450601,0,2009,32,52,99999999999999999999,0000000,34.083375,-80.27461111,1,1
45,1,9,21,19,58,2,2,0,0,3,3,0,12,4,1,1,2,2,55,1,3,2,2,0,0,2,2,0,0,99,99,99,99,99,99,0,0,0,0,1,2,0,450602,0,2009,30,SR-72,99999999999999999999,0000000,34.13070556,-82.42514167,2,2
45,63,9,22,13,45,2,2,0,1,2,2,0,12,4,2,1,1,2,55,1,1,2,1,3,3,1,1,0,0,99,99,99,99,99,99,0,0,0,0,1,3,0,450604,0,2009,99999,US-01,278,0000000,33.97845556,-81.33178611,2,1
45,29,10,2,0,15,2,4,0,0,3,3,0,12,5,1,1,2,2,55,1,1,2,1,0,0,2,1,0,0,99,99,99,99,99,99,0,0,0,0,1,6,0,450605,0,2009,195,SR-61,99999999999999999999,0000000,33.04683889,-80.53390556,2,1
45,41,10,1,20,5,4,8,0,1,2,2,0,12,1,1,1,3,2,60,1,1,2,1,0,0,2,1,0,0,99,99,99,99,99,99,0,0,0,0,2,5,0,450606,0,2009,283,US-76,99999999999999999999,0000000,34.20335556,-79.55861111,4,1
45,45,9,30,7,55,1,1,0,0,4,4,0,53,0,1,4,1,2,35,1,1,2,1,0,0,1,1,0,0,99,99,99,99,99,99,0,0,0,0,1,4,0,450607,0,2009,99999,447,99999999999999999999,0000000,34.87646111,-82.28287778,1,1
45,41,10,8,20,0,1,2,0,0,5,5,0,42,0,1,4,1,2,25,1,1,2,1,0,0,2,1,0,0,99,99,99,99,99,99,0,0,0,0,1,5,1,450608,0,2009,99999,MAXIE THOMAS RD,99999999999999999999,0000000,33.85715833,-79.79365833,1,1
45,85,8,4,19,4,1,8,0,0,4,4,0,42,0,1,4,1,2,35,1,1,2,1,0,0,1,1,0,0,99,99,99,99,99,99,0,0,0,0,1,3,0,450609,2550,2009,28,82,99999999999999999999,0000000,33.91718889,-80.32701111,1,1
45,37,9,23,17,8,2,2,0,1,2,2,0,12,2,1,1,1,2,55,1,2,2,1,0,0,1,1,0,0,99,99,99,99,99,99,0,0,0,0,1,4,0,450610,0,2009,95,US-25,99999999999999999999,0000000,33.69699444,-81.86591111,2,1
45,45,9,25,20,3,1,4,1,1,2,2,0,8,0,1,1,1,2,40,1,2,2,1,0,0,2,1,0,0,99,99,99,99,99,99,0,0,0,0,1,6,0,450611,1040,2009,99999,US-29,99999999999999999999,0000000,34.82409167,-82.41299722,1,1
45,15,10,2,22,22,1,2,1,1,2,2,0,8,0,1,1,2,2,45,1,1,2,1,0,0,2,1,0,0,99,99,99,99,99,99,0,0,0,0,1,6,0,450612,1680,2009,99999,US-17,99999999999999999999,0000000,33.20142222,-79.99351389,1,1
45,29,10,2,16,36,2,3,0,0,4,4,0,12,5,2,1,2,2,45,1,1,2,1,3,3,1,1,0,0,99,99,99,99,99,99,0,0,0,0,1,6,0,450613,2720,2009,99999,BELLS HWY,299,0000000,32.92023333,-80.6775,2,1
45,19,10,2,4,34,1,2,1,1,2,2,0,8,0,2,1,2,2,45,1,1,2,1,3,3,2,1,0,0,99,99,99,99,88,88,0,0,0,0,1,6,0,450614,410,2009,99999,US-17,ORLEANS RD,0000000,32.78933056,-80.02741944,1,1
45,81,10,4,14,50,1,1,0,0,3,3,0,11,0,1,1,1,2,55,1,1,2,1,0,0,1,1,0,0,99,99,99,99,88,88,0,0,0,0,1,1,0,450615,0,2009,99999,SR-702,99999999999999999999,0000000,34.11294167,-81.88380833,1,1
45,83,10,10,6,25,1,2,1,0,4,4,0,8,0,1,1,1,2,35,1,2,2,2,0,0,2,1,0,0,99,99,99,99,88,88,0,0,0,0,1,7,0,450616,0,2009,99999,96,99999999999999999999,0000000,34.97505278,-81.95491667,1,1
45,27,10,15,19,20,1,3,1,0,4,4,0,8,0,1,1,1,2,55,1,1,2,2,0,0,2,1,0,0,99,99,99,99,99,99,0,0,0,0,1,5,0,450617,0,2009,99999,28,99999999999999999999,0000000,33.76744722,-80.21028056,1,1
45,79,10,18,6,0,1,1,0,1,1,1,0,27,0,1,4,3,2,60,1,1,2,1,0,0,4,1,0,0,99,99,99,99,88,88,0,0,0,0,1,1,1,450618,0,2009,101,I-20,99999999999999999999,0000000,34.04426667,-81.08270556,1,1
45,59,10,20,20,50,1,3,0,0,5,5,0,42,0,1,4,1,2,45,1,1,2,1,0,0,2,1,0,0,99,99,99,99,99,99,0,0,0,0,1,3,1,450619,0,2009,99999,OLD LAURENS RD,99999999999999999999,0000000,34.65785,-82.16962222,1,1
45,53,10,16,23,10,1,1,0,0,3,3,0,43,0,1,4,1,2,55,1,1,2,2,0,0,2,1,0,0,99,99,99,99,88,88,0,0,0,0,1,6,1,450620,2150,2009,99999,SR-462,99999999999999999999,0000000,32.46360833,-80.89297778,1,1
45,51,10,10,9,37,2,2,0,0,3,3,0,12,1,1,1,2,2,60,1,1,2,1,0,0,1,1,0,0,99,99,99,99,99,99,0,0,0,0,1,7,0,450621,0,2009,323,SR-9,99999999999999999999,0000000,33.933925,-78.72871389,2,1
45,13,10,12,15,20,2,4,0,1,2,2,0,12,5,2,1,2,2,45,1,1,2,1,3,3,1,1,0,0,99,99,99,99,88,88,0,0,0,0,1,2,0,450622,0,2009,323,US-278,242,0000000,32.23777778,-80.80976389,2,1
45,55,10,6,23,55,1,1,0,0,4,4,0,42,0,1,4,1,2,55,1,1,2,1,0,0,2,1,0,0,99,99,99,99,99,99,0,0,0,0,1,3,1,450623,0,2009,99999,45,99999999999999999999,0000000,34.24611389,-80.53274722,1,1
45,15,10,12,20,17,1,1,0,1,1,1,0,42,0,1,4,2,2,70,1,1,2,2,0,0,2,2,0,0,99,99,99,99,88,88,0,0,0,0,1,2,0,450624,0,2009,800,I-26,99999999999999999999,0000000,33.08028611,-80.20448611,1,2
45,3,10,11,18,38,1,2,0,1,1,1,0,1,0,1,4,3,2,70,1,1,2,1,0,0,1,1,0,0,99,99,99,99,99,99,0,0,0,0,1,1,0,450625,0,2009,99999,I-20,99999999999999999999,0000000,33.636525,-81.7527,1,1
45,91,10,12,12,25,2,4,0,0,4,4,0,12,5,1,1,1,2,30,2,2,2,2,0,0,1,2,0,0,99,99,99,99,99,99,0,0,0,0,1,2,1,450626,900,2009,99999,STEELE STREET,99999999999999999999,0000000,35.01196667,-80.93271667,2,2
45,19,10,2,2,31,1,1,0,0,4,4,0,42,0,1,4,1,2,35,2,1,2,1,0,0,2,1,0,0,99,99,99,99,88,88,0,0,0,0,1,6,1,450627,1237,2009,99999,94,99999999999999999999,0000000,32.72656944,-79.94103056,1,1
45,51,10,17,17,19,2,2,0,1,2,2,0,12,5,1,1,2,2,60,1,1,2,1,0,0,1,1,0,0,99,99,99,99,88,88,0,0,0,0,2,7,0,450628,0,2009,52,US-501,99999999999999999999,0000000,33.99674722,-79.20464444,2,1
45,51,10,17,4,8,1,2,0,0,4,4,0,34,0,1,4,1,2,55,2,1,2,1,40,3,2,1,0,0,99,99,99,99,99,99,0,0,0,0,1,7,1,450629,0,2009,10,847,99999999999999999999,0000000,33.90272778,-79.18181389,1,1
45,67,10,8,6,45,2,2,0,1,2,2,0,12,1,1,1,2,2,60,1,1,2,1,0,0,4,1,0,0,99,99,99,99,99,99,0,0,0,0,1,5,0,450630,0,2009,54,US-76,99999999999999999999,0000000,34.17854167,-79.46775833,2,1
45,79,10,12,11,30,1,3,0,0,5,5,0,1,0,1,1,1,2,99,1,3,2,2,0,0,1,2,0,0,99,99,99,99,99,99,0,0,0,0,1,2,0,450631,0,2009,380,WATERMELON HILL RD,99999999999999999999,0000000,33.93396111,-80.74861111,1,2
45,87,10,7,20,20,1,1,0,1,2,2,0,11,0,1,1,2,2,55,1,1,2,1,0,0,2,1,0,0,99,99,99,99,99,99,0,0,0,0,1,4,0,450632,0,2009,6,US-176,99999999999999999999,0000000,34.86889167,-81.74635,1,1
45,83,10,17,0,46,1,6,0,1,2,2,0,1,0,1,4,2,2,99,1,1,2,2,0,0,2,2,0,0,99,99,99,99,99,99,0,0,0,0,1,7,1,450633,0,2009,99999,US-29,99999999999999999999,0000000,34.948075,-82.20168056,1,2
45,53,10,18,4,50,1,3,0,0,4,4,0,42,0,1,4,1,2,35,2,2,2,1,0,0,2,1,0,0,99,99,99,99,99,99,0,0,0,0,1,1,0,450634,0,2009,96,22,99999999999999999999,0000000,32.48779167,-81.01378333,1,1
45,51,10,22,19,50,1,1,0,0,3,3,0,23,0,13,4,6,1,45,1,1,2,1,0,0,2,1,0,0,99,99,99,99,88,88,0,0,0,0,1,5,1,450635,0,2009,99999,SR-22,US-17,0000000,33.78852778,-78.77330278,1,1
45,39,10,8,5,30,2,2,0,1,1,1,0,14,1,1,5,2,2,70,1,2,2,1,0,0,2,1,0,0,99,99,99,99,99,99,0,0,0,0,1,5,1,450636,0,2009,186,I-77,99999999999999999999,0000000,34.50995278,-80.99777778,1,1
45,75,10,11,2,0,2,2,0,0,4,4,0,12,2,1,1,1,2,55,1,1,2,1,0,0,2,1,0,0,99,99,99,99,88,88,0,0,0,0,1,1,1,450637,0,2009,16,162,99999999999999999999,0000000,33.39576111,-81.06438056,2,1
45,79,9,18,15,15,2,6,0,0,3,3,0,12,5,2,1,2,2,40,1,1,2,1,20,3,1,1,0,0,99,99,99,99,99,99,0,0,0,0,1,6,0,450638,520,2009,99999,SR-555,BENDALE DR,0000000,34.0501,-81.01129444,2,1
45,77,9,21,18,0,2,3,0,1,2,2,0,12,5,1,1,2,2,45,1,1,2,2,0,0,1,2,0,0,99,99,99,99,99,99,0,0,0,0,1,2,0,450639,0,2009,189,US-123,99999999999999999999,0000000,34.82796667,-82.53277222,2,2
45,85,10,12,4,24,1,2,1,1,2,2,0,8,0,1,1,2,2,55,1,1,2,1,0,0,2,1,0,0,99,99,99,99,99,99,0,0,0,0,1,2,0,450640,0,2009,111,US-76,99999999999999999999,0000000,33.96503889,-80.44386944,1,1
45,3,10,14,6,30,1,1,0,0,4,4,0,37,0,1,4,1,2,55,2,2,2,2,0,0,2,2,0,0,99,99,99,99,99,99,0,0,0,0,1,4,0,450641,0,2009,117,183,99999999999999999999,0000000,33.65631667,-81.27183333,1,2
45,45,10,14,8,15,2,2,0,1,1,1,0,12,4,11,1,2,2,45,1,1,2,2,0,0,1,2,0,0,99,99,99,99,99,99,0,0,0,0,1,4,0,450642,0,2009,54,I-85,107,0000000,34.80009722,-82.37008056,2,2
45,75,10,17,23,15,1,1,0,0,3,3,0,34,0,1,4,1,2,55,2,1,2,2,0,0,2,1,0,0,99,99,99,99,99,99,0,0,0,0,1,7,1,450643,0,2009,55,SR-332,99999999999999999999,0000000,33.47440833,-81.17900833,1,1
45,77,10,17,0,19,2,2,0,0,4,4,0,12,5,2,1,1,2,45,1,1,2,2,20,3,2,2,0,0,99,99,99,99,99,99,0,0,0,0,1,7,1,450644,0,2009,33,162,250,0000000,34.89628056,-82.53611944,2,2
45,91,10,17,22,20,1,1,0,0,4,4,0,53,0,1,4,1,2,35,1,1,2,2,0,0,2,1,0,0,99,99,99,99,88,88,0,0,0,0,1,7,0,450645,0,2009,15,660,99999999999999999999,0000000,34.98081944,-80.90447778,1,1
45,63,10,20,18,20,2,3,0,0,4,4,0,12,2,1,1,1,2,45,1,1,2,1,0,0,1,1,0,0,99,99,99,99,99,99,0,0,0,0,1,3,0,450646,0,2009,234,342,99999999999999999999,0000000,33.78143056,-81.17789167,2,1
45,45,10,21,21,19,1,3,0,0,4,4,0,42,0,1,4,1,2,40,2,2,2,1,0,0,2,1,0,0,99,99,99,99,99,99,0,0,0,0,1,4,0,450647,0,2009,119,272,99999999999999999999,0000000,34.68322778,-82.36063889,1,1
45,57,10,22,14,23,2,2,0,1,2,2,0,12,1,1,1,2,2,55,2,1,2,1,0,0,1,1,0,0,99,99,99,99,88,88,1,0,0,0,1,5,0,450648,0,2009,430,US-521,99999999999999999999,0000000,34.98595278,-80.85366667,2,1
45,21,10,17,12,24,2,3,0,0,3,3,0,12,5,2,1,1,2,99,1,1,2,1,3,3,1,1,0,0,99,99,99,99,99,99,0,0,0,0,1,7,0,450649,930,2009,131,SR-11,31,0000000,35.081075,-81.65644167,2,1
45,29,10,11,19,30,1,1,0,1,1,1,0,1,0,1,4,3,2,70,1,1,2,1,0,0,2,1,0,0,99,99,99,99,99,99,0,0,0,0,1,1,0,450650,0,2009,18,I-95,99999999999999999999,0000000,32.86873889,-80.722175,1,1
45,53,10,21,8,19,2,3,0,1,2,2,0,12,5,2,1,2,2,60,1,1,2,1,20,3,1,1,0,0,99,99,99,99,99,99,0,0,0,0,1,4,0,450651,0,2009,92,US-17,34,0000000,32.20321389,-81.07309444,2,1
45,41,10,23,9,30,1,1,0,0,4,4,0,37,0,1,4,1,2,55,2,1,2,1,0,0,1,1,0,0,99,99,99,99,99,99,0,0,0,0,1,6,0,450652,0,2009,158,57,99999999999999999999,0000000,34.07690556,-79.56036944,1,1
45,15,10,2,20,6,2,3,0,1,2,2,0,12,5,1,2,2,2,60,1,1,2,1,0,0,2,1,0,0,99,99,99,99,99,99,0,0,0,0,1,6,0,450653,1680,2009,99999,US-52,99999999999999999999,0000000,33.16471389,-80.02990833,2,1
45,63,10,23,19,19,1,3,1,1,2,2,0,8,0,1,3,2,2,45,1,1,2,1,0,0,3,1,0,0,99,99,99,99,88,88,0,0,0,0,1,6,0,450654,1430,2009,181,US-378,99999999999999999999,0000000,34.01008889,-81.18982222,1,1
45,13,10,23,11,55,1,1,0,0,3,3,0,1,0,1,1,2,2,55,2,2,2,1,0,0,1,1,0,0,99,99,99,99,99,99,0,0,0,0,1,6,0,450655,0,2009,99999,SR-170,99999999999999999999,0000000,32.32173611,-80.93413333,1,1
45,89,10,24,20,5,1,1,0,0,4,4,0,42,0,1,4,1,2,55,1,1,2,1,0,0,2,1,0,0,99,99,99,99,88,88,0,0,0,0,1,7,1,450656,0,2009,99999,16,99999999999999999999,0000000,33.45532778,-79.590625,1,1
45,13,10,24,3,5,1,2,0,1,2,2,0,1,0,1,4,2,2,50,1,1,2,1,0,0,2,1,0,0,99,99,99,99,99,99,0,0,0,0,1,7,1,450657,0,2009,161,US-278,99999999999999999999,0000000,32.218175,-80.76745,1,1