STATE,COUNTY,MONTH,DAY,HOUR,MINUTE,VE_TOTAL,PERSONS,PEDS,NHS,ROAD_FNC,ROUTE,SP_JUR,HARM_EV,MAN_COLL,REL_JUNC,REL_ROAD,TRAF_FLO,NO_LANES,SP_LIMIT,ALIGNMNT,PROFILE,PAVE_TYP,SUR_COND,TRA_CONT,T_CONT_F,LGT_COND,WEATHER1,WEATHER2,WRK_ZONE,NOT_HOUR,NOT_MIN,ARR_HOUR,ARR_MIN,HOSP_HR,HOSP_MN,SCH_BUS,CF1,CF2,CF3,FATALS,DAY_WEEK,DRUNK_DR,ST_CASE,CITY,YEAR,MILEPT,TWAY_ID,TWAY_ID2,RAIL,LATITUDE,LONGITUD,VE_FORMS,WEATHER
45,63,10,24,0,0,1,1,0,0,4,4,0,42,0,1,4,1,2,55,1,1,2,1,0,0,2,1,0,0,99,99,99,99,88,88,0,0,0,0,1,7,1,450658,0,2009,99999,278,99999999999999999999,0000000,33.84204722,-81.31354722,1,1
45,15,10,25,0,45,1,3,0,0,4,4,0,33,0,2,4,1,2,35,1,1,2,1,3,3,2,1,0,0,99,99,99,99,99,99,0,0,0,0,1,1,1,450659,0,2009,9,33,98,0000000,32.93384722,-79.83193889,1,1
45,71,10,25,18,50,1,5,0,0,4,4,0,1,0,1,4,1,2,50,2,1,2,1,40,3,2,1,0,0,99,99,99,99,99,99,0,0,0,0,1,1,1,450660,0,2009,49,44,99999999999999999999,0000000,34.339575,-81.560825,1,1
45,63,10,23,15,25,1,1,0,0,4,4,0,42,0,1,4,1,2,35,1,1,2,1,0,0,1,1,0,0,99,99,99,99,88,88,0,0,0,0,1,6,1,450661,0,2009,6,727,99999999999999999999,0000000,33.99350833,-81.10163333,1,1
45,37,10,26,6,35,2,2,0,1,2,2,0,50,0,1,1,1,2,35,1,2,2,1,0,0,4,1,0,0,99,99,99,99,99,99,0,0,0,0,1,2,0,450662,750,2009,168,US-25,99999999999999999999,0000000,33.780325,-81.92071389,2,1
45,13,10,26,19,20,1,3,1,1,2,2,0,8,0,1,1,2,3,45,1,1,2,1,0,0,2,1,0,0,99,99,99,99,99,99,0,0,0,0,1,2,0,450663,1145,2009,171,US-278,99999999999999999999,0000000,32.21541667,-80.73505,1,1
45,51,10,28,23,5,1,2,0,0,4,4,0,42,0,1,4,1,2,55,1,1,2,1,0,0,2,1,0,0,99,99,99,99,99,99,0,0,0,0,1,4,1,450664,0,2009,32,131,99999999999999999999,0000000,34.00681389,-79.12568056,1,1
45,83,10,30,20,23,1,3,1,0,3,3,0,8,0,1,1,2,2,40,1,1,2,1,0,0,2,1,0,0,99,99,99,99,88,88,0,0,0,0,1,6,0,450665,0,2009,99999,SR-9,99999999999999999999,0000000,35.03916667,-81.97474444,1,1
45,15,10,31,11,1,1,1,0,0,4,4,0,42,0,1,5,1,2,30,1,1,2,1,0,0,1,1,0,0,99,99,99,99,99,99,0,0,0,0,1,7,1,450666,0,2009,18,24,99999999999999999999,0000000,32.9283,-79.98364444,1,1
45,27,10,31,2,40,1,1,0,0,4,4,0,42,0,1,4,1,2,45,2,3,2,1,0,0,2,1,0,0,99,99,99,99,99,99,0,0,0,0,1,7,1,450667,0,2009,25,145,99999999999999999999,0000000,33.71291667,-80.4555,1,1
45,29,5,10,3,10,2,2,0,1,1,1,0,12,7,1,1,2,2,70,1,1,2,1,0,0,2,1,0,0,99,99,99,99,88,88,0,0,0,0,1,1,1,450668,0,2009,13,I-95,99999999999999999999,0000000,32.86005,-80.72758333,2,1
45,47,9,25,15,20,2,2,0,1,2,2,0,12,1,1,1,2,2,45,1,1,2,1,0,0,1,1,0,0,99,99,99,99,99,99,0,0,0,0,1,6,0,450670,0,2009,24,US-25,99999999999999999999,0000000,34.22294444,-82.18962222,2,1
45,51,9,25,0,45,1,1,0,0,4,4,0,34,0,1,4,1,2,55,1,1,2,1,0,0,2,1,0,0,99,99,99,99,88,88,0,0,0,0,1,6,1,450671,0,2009,128,568,99999999999999999999,0000000,34.02548889,-78.87960556,1,1
45,51,10,5,19,15,2,2,0,1,2,2,0,12,4,4,1,2,2,50,1,1,2,2,0,0,2,2,0,0,99,99,99,99,99,99,0,0,0,0,1,2,1,450672,0,2009,219,US-501,1024,0000000,33.81081667,-79.02873611,2,2
45,43,10,26,19,30,2,4,0,0,3,3,0,12,5,1,1,1,2,55,1,1,2,1,0,0,2,1,0,0,99,99,99,99,99,99,0,0,0,0,1,2,1,450673,0,2009,99999,SR-41,99999999999999999999,0000000,33.49448889,-79.54170278,2,1
45,35,10,27,17,37,1,1,0,1,1,1,0,1,0,1,4,2,2,70,1,1,2,2,0,0,1,1,0,0,99,99,99,99,99,99,0,0,0,0,1,3,1,450674,0,2009,93,I-26,99999999999999999999,0000000,33.17164722,-80.36601944,1,1
45,11,10,27,20,41,1,1,0,0,4,4,0,42,0,1,4,1,2,55,1,1,2,2,0,0,2,2,0,0,99,99,99,99,99,99,0,0,0,0,1,3,0,450675,120,2009,29,69,99999999999999999999,0000000,33.18795556,-81.40195278,1,2
45,45,11,1,0,20,1,3,0,1,1,1,0,37,0,1,4,3,2,60,1,1,2,2,0,0,3,2,0,0,99,99,99,99,99,99,0,0,0,0,1,1,0,450676,0,2009,11,I-85,99999999999999999999,0000000,34.78628056,-82.4466,1,2
45,83,11,1,1,21,1,2,1,0,3,3,0,8,0,1,1,1,2,35,1,1,2,2,0,0,2,2,0,0,99,99,99,99,99,99,0,0,0,0,1,1,0,450677,0,2009,31,SR-357,99999999999999999999,0000000,34.96538056,-82.20150833,1,2
45,35,11,2,15,35,1,1,0,1,1,1,0,42,0,1,4,3,2,70,1,1,2,1,0,0,1,1,0,0,99,99,99,99,88,88,0,0,0,0,1,2,0,450678,0,2009,93,I-26,99999999999999999999,0000000,33.15314722,-80.34404722,1,1
45,31,11,2,18,55,2,2,0,1,1,1,0,12,1,1,1,3,2,70,1,1,2,1,0,0,2,1,0,0,99,99,99,99,99,99,0,0,0,0,1,2,0,450679,0,2009,112,I-20,99999999999999999999,0000000,34.20679722,-79.92266111,2,1
45,45,11,2,19,15,1,5,1,0,5,5,0,8,0,1,1,1,2,30,1,2,2,1,0,0,2,1,0,0,99,99,99,99,88,88,0,0,0,0,1,2,0,450680,0,2009,99999,PINE DRIVE,99999999999999999999,0000000,34.71015,-82.40183889,1,1
45,45,11,2,22,45,1,2,1,1,2,2,0,8,0,1,1,1,2,40,1,1,2,1,0,0,2,1,0,0,99,99,99,99,88,88,0,0,0,0,1,2,0,450681,0,2009,220,US-25,99999999999999999999,0000000,34.7811,-82.37578889,1,1
45,7,10,23,21,30,1,4,2,0,4,4,0,8,0,2,1,1,2,35,1,1,2,1,20,3,2,1,0,0,99,99,99,99,99,99,0,0,0,0,1,6,0,450682,0,2009,6,953,388,0000000,34.72288611,-82.54470278,1,1
45,41,11,1,19,34,2,3,0,1,2,2,0,12,5,2,1,1,2,45,1,1,2,2,4,3,2,2,0,0,99,99,99,99,99,99,0,0,0,0,1,1,1,450683,0,2009,99999,US-378,37,0000000,33.88848056,-79.91206111,2,2
45,55,11,2,20,8,1,3,0,1,1,1,0,42,0,1,4,2,2,70,1,1,2,1,0,0,2,1,0,0,99,99,99,99,99,99,0,0,0,0,1,2,0,450684,0,2009,169,I-20,99999999999999999999,0000000,34.21244167,-80.41078056,1,1
45,45,11,3,9,28,3,8,0,1,2,2,0,12,5,2,1,2,2,35,1,2,2,1,3,3,1,1,0,0,99,99,99,99,99,99,0,0,0,0,1,3,0,450685,1040,2009,42,US-123,SR-124,0000000,34.84423889,-82.41977778,3,1
45,73,8,14,22,40,1,2,1,1,2,2,0,8,0,1,1,1,2,55,1,1,2,1,0,0,2,1,0,0,99,99,99,99,88,88,0,0,0,0,1,6,0,450686,0,2009,17,US-76,99999999999999999999,0000000,34.68086389,-83.12028333,1,1
45,75,11,3,16,20,2,5,0,1,2,2,0,12,2,1,1,1,2,55,1,1,2,1,0,0,1,1,0,0,99,99,99,99,99,99,0,0,0,0,3,3,0,450687,0,2009,447,US-178,99999999999999999999,0000000,33.29491667,-80.62891944,2,1
45,51,11,5,18,35,1,3,1,1,2,2,0,8,0,1,1,2,3,45,1,1,2,1,0,0,2,1,0,0,99,99,99,99,99,99,0,0,0,0,1,5,0,450688,0,2009,99999,US-17,99999999999999999999,0000000,33.77850556,-78.79252778,1,1
45,27,11,6,13,0,2,2,0,0,4,4,0,12,2,2,1,1,2,55,2,1,2,1,0,0,1,1,0,0,99,99,99,99,99,99,0,0,0,0,1,6,0,450689,0,2009,99999,36,276,0000000,33.872625,-80.02368333,2,1
45,77,11,6,15,30,1,2,0,0,4,4,0,42,0,1,4,1,2,40,2,2,2,1,0,0,1,1,0,0,99,99,99,99,88,88,0,0,0,0,2,6,0,450690,0,2009,99999,80,99999999999999999999,0000000,34.87716389,-82.65070556,1,1
45,73,11,6,7,50,2,2,0,0,3,3,0,12,5,2,1,1,2,55,1,1,2,1,0,0,1,1,0,0,99,99,99,99,88,88,0,0,0,0,1,6,0,450691,0,2009,99999,SR-11,135,0000000,34.68954444,-83.04501111,2,1
45,17,11,7,10,45,1,2,0,1,1,1,0,1,0,1,3,3,2,70,1,1,2,1,0,0,1,1,0,0,99,99,99,99,99,99,0,0,0,0,1,7,0,450692,0,2009,99999,I-26,99999999999999999999,0000000,33.72887222,-80.93074444,1,1
45,19,11,7,2,32,1,2,0,0,3,3,0,1,0,1,4,1,2,55,1,1,2,1,0,0,2,1,0,0,99,99,99,99,88,88,0,20,0,0,2,7,1,450693,0,2009,99999,SR-45,99999999999999999999,0000000,33.122025,-79.48904444,1,1
45,3,11,8,14,37,1,2,1,0,4,4,0,8,0,1,1,1,2,30,1,2,2,1,0,0,1,1,0,0,99,99,99,99,99,99,0,0,0,0,1,1,0,450694,1800,2009,99999,879,99999999999999999999,0000000,33.50282778,-81.94496111,1,1
45,57,11,8,17,40,2,3,0,0,3,3,0,12,2,2,1,2,2,50,1,1,2,1,20,3,5,1,0,0,99,99,99,99,99,99,0,0,0,0,1,1,0,450695,0,2009,99999,SR-903,362,0000000,34.70164722,-80.70646667,2,1
45,21,11,11,15,50,1,1,0,1,1,1,0,42,0,1,4,3,2,65,2,1,2,2,0,0,1,2,0,0,99,99,99,99,99,99,0,0,0,0,1,4,0,450696,0,2009,99999,I-85,99999999999999999999,0000000,35.10586667,-81.61485556,1,2
45,7,11,11,0,35,1,1,0,0,4,4,0,18,0,1,1,1,2,45,1,2,2,2,0,0,2,2,0,0,99,99,99,99,88,88,0,0,0,0,1,4,0,450697,0,2009,99999,108,99999999999999999999,0000000,34.41955,-82.60946389,1,2
45,51,11,11,21,55,2,5,0,1,2,2,0,12,3,2,1,2,2,99,1,1,2,2,3,3,2,2,0,0,99,99,99,99,99,99,0,0,0,0,3,4,0,450698,0,2009,99999,US-17,SR-707,0000000,33.684675,-78.96024167,2,2
45,15,11,11,6,45,1,1,0,0,3,3,0,34,0,1,4,1,2,45,1,1,2,2,0,0,4,2,0,0,99,99,99,99,88,88,0,0,0,0,1,4,0,450699,0,2009,99999,SR-45,99999999999999999999,0000000,33.43029444,-80.11676667,1,2
45,21,11,12,15,20,1,1,0,0,4,4,0,37,0,1,4,1,2,45,2,2,2,2,0,0,1,1,0,0,99,99,99,99,88,88,0,0,0,0,1,5,1,450700,0,2009,23,43,99999999999999999999,0000000,35.09659722,-81.51216111,1,1
45,45,11,13,2,50,1,2,0,0,4,4,0,33,0,1,8,2,2,45,2,2,2,1,0,0,2,1,0,0,99,99,99,99,99,99,0,0,0,0,1,6,1,450701,0,2009,99999,807,99999999999999999999,0000000,34.79555,-82.41681667,1,1
45,7,11,13,15,49,2,3,0,0,4,4,0,12,5,1,1,1,2,30,2,1,2,1,0,0,1,1,0,0,99,99,99,99,99,99,0,0,0,0,1,6,0,450702,0,2009,99999,53,99999999999999999999,0000000,34.67316944,-82.47509444,2,1
45,85,11,13,20,45,1,1,0,0,4,4,0,42,0,1,4,1,2,55,2,1,2,1,0,0,2,1,0,0,99,99,99,99,88,88,0,0,0,0,1,6,1,450703,0,2009,40,370,99999999999999999999,0000000,33.91091944,-80.45339722,1,1
45,15,11,14,16,53,1,4,0,0,4,4,0,34,0,1,4,1,2,55,2,1,2,1,0,0,1,1,0,0,99,99,99,99,99,99,0,0,0,0,1,7,1,450704,0,2009,35,126,99999999999999999999,0000000,33.33303889,-79.89390833,1,1
45,89,11,14,14,10,1,3,0,0,4,4,0,1,0,1,4,1,2,55,2,1,2,1,0,0,1,1,0,0,99,99,99,99,99,99,0,0,0,0,2,7,0,450705,0,2009,22,456,99999999999999999999,0000000,33.71281111,-79.74550833,1,1
45,87,11,15,1,49,1,1,0,0,3,3,0,37,0,1,4,1,2,55,1,2,2,1,0,0,2,1,0,0,99,99,99,99,99,99,0,0,0,0,1,1,1,450706,0,2009,59,SR-215,99999999999999999999,0000000,34.62745278,-81.50726667,1,1
45,25,11,17,0,55,1,1,0,0,4,4,0,38,0,1,4,1,2,45,1,2,2,1,0,0,2,1,0,0,99,99,99,99,88,88,0,0,0,0,1,3,0,450707,0,2009,48,41,99999999999999999999,0000000,34.71265556,-80.42889167,1,1
45,35,11,19,7,33,2,2,0,1,2,2,0,12,2,1,1,1,2,55,1,1,2,1,0,0,1,1,0,0,99,99,99,99,99,99,0,0,0,0,1,5,0,450708,0,2009,99999,US-17,99999999999999999999,0000000,32.96766389,-80.25439722,2,1
45,13,11,19,10,30,1,1,0,0,4,4,0,7,0,1,1,1,2,50,1,1,2,1,20,3,1,1,0,0,99,99,99,99,99,99,0,0,0,0,1,5,0,450709,0,2009,99999,594,99999999999999999999,0000000,32.46060278,-80.75251667,1,1
45,91,11,20,1,0,1,1,0,0,4,4,0,42,0,1,4,1,2,45,2,2,2,2,0,0,2,5,0,0,99,99,99,99,88,88,0,0,0,0,1,6,1,450710,0,2009,47,152,99999999999999999999,0000000,35.125875,-81.122275,1,5
45,67,11,20,18,45,2,3,0,1,2,2,0,12,5,2,1,2,2,60,1,1,2,1,0,0,2,1,0,0,99,99,99,99,99,99,0,0,0,0,1,6,1,450711,0,2009,27,US-76,315,0000000,34.19742778,-79.50724167,2,1
45,23,11,21,4,0,1,1,0,0,4,4,0,42,0,1,4,1,2,40,2,1,2,1,0,0,2,1,0,0,99,99,99,99,88,88,0,0,0,0,1,7,1,450712,0,2009,12,197,99999999999999999999,0000000,34.71748889,-80.88108889,1,1
45,57,11,21,16,20,3,9,0,0,3,3,0,12,2,2,1,1,2,55,1,1,2,1,0,0,1,1,0,0,99,99,99,99,99,99,0,0,0,0,1,7,0,450713,0,2009,154,SR-903,SR-522,0000000,34.69331944,-80.65544167,3,1
45,19,11,9,9,0,2,2,0,1,2,2,0,12,5,2,1,2,2,55,1,1,2,1,0,0,1,1,0,0,99,99,99,99,99,99,0,0,0,0,1,2,0,450714,410,2009,178,US-17,SR-162,0000000,32.78626389,-80.14642222,2,1
45,19,11,21,5,0,1,1,0,0,3,3,0,1,0,1,4,1,2,55,1,1,2,1,0,0,2,1,0,0,99,99,99,99,88,88,0,0,0,0,1,7,1,450715,410,2009,99999,SR-162,99999999999999999999,0000000,32.74295833,-80.20989444,1,1
45,15,11,22,3,20,1,1,0,0,4,4,0,34,0,1,4,1,2,55,1,1,2,1,0,0,2,1,0,0,99,99,99,99,88,88,0,0,0,0,1,1,1,450716,0,2009,19,467,99999999999999999999,0000000,33.1576,-80.09106111,1,1
45,35,11,22,0,40,1,1,0,1,2,2,0,34,0,1,4,1,2,55,2,1,2,1,0,0,2,1,0,0,99,99,99,99,88,88,0,0,0,0,1,1,1,450717,0,2009,75,US-178,99999999999999999999,0000000,33.22978611,-80.48360833,1,1
45,15,11,23,18,30,1,1,0,0,4,4,0,31,0,1,4,1,2,55,1,1,2,1,20,3,2,1,0,0,99,99,99,99,88,88,0,0,0,0,1,2,0,450718,0,2009,204,44,99999999999999999999,0000000,33.16604444,-79.95729444,1,1
45,7,10,24,5,59,2,2,1,1,1,1,0,8,0,1,1,3,2,65,1,2,2,2,0,0,2,2,0,0,99,99,99,99,88,88,0,0,0,0,1,7,0,450719,0,2009,278,I-85,99999999999999999999,0000000,34.587325,-82.67675278,1,2
45,23,11,25,18,50,1,1,0,0,4,4,0,42,0,1,4,1,2,55,1,1,2,1,20,3,2,5,0,0,99,99,99,99,99,99,0,0,0,0,1,4,0,450720,0,2009,6,813,99999999999999999999,0000000,34.60760278,-81.02005,1,5
45,51,11,25,11,30,1,1,0,0,4,4,0,7,0,1,4,1,2,45,1,1,2,1,0,0,1,1,0,0,99,99,99,99,88,88,0,0,0,0,1,4,0,450721,0,2009,59,19,99999999999999999999,0000000,34.05276667,-78.99813611,1,1
45,75,11,26,20,25,2,2,1,1,1,1,0,8,0,1,1,3,2,70,1,1,2,1,0,0,1,1,0,0,99,99,99,99,99,99,0,0,0,0,1,5,0,450722,0,2009,134,I-95,99999999999999999999,0000000,33.50150278,-80.45798889,1,1
45,43,11,26,3,30,1,1,0,1,2,2,0,1,0,1,1,2,2,55,2,1,2,1,0,0,2,1,0,0,99,99,99,99,88,88,0,0,0,0,1,5,0,450723,0,2009,34,US-17,99999999999999999999,0000000,33.52823056,-79.06259444,1,1
45,43,11,26,19,10,3,5,1,1,2,2,0,8,0,1,4,2,2,60,1,1,2,1,0,0,2,1,0,0,99,99,99,99,99,99,0,0,0,0,1,5,1,450724,0,2009,243,US-17,99999999999999999999,0000000,33.36885,-79.29236389,1,1
45,87,11,27,11,10,2,3,0,1,2,2,0,12,1,1,1,2,2,55,1,2,2,1,0,0,1,1,0,0,99,99,99,99,88,88,0,0,0,0,1,6,0,450725,0,2009,610,US-176,99999999999999999999,0000000,34.81965278,-81.69013056,2,1
45,47,11,28,23,45,1,1,0,0,4,4,0,42,0,1,4,1,2,55,1,2,2,1,0,0,2,1,0,0,99,99,99,99,88,88,0,0,0,0,1,7,1,450726,0,2009,7,428,99999999999999999999,0000000,34.37850833,-82.24416667,1,1
45,83,11,30,1,15,1,2,0,1,1,1,0,1,0,1,1,3,2,70,1,1,2,1,0,0,2,1,0,0,99,99,99,99,99,99,0,0,0,0,1,2,0,450727,0,2009,380,I-26,99999999999999999999,0000000,34.71872222,-81.94526111,1,1
45,51,11,8,21,15,1,1,0,0,4,4,0,1,0,1,1,1,2,45,1,1,2,1,0,0,2,1,0,0,99,99,99,99,99,99,0,0,0,0,1,1,0,450728,0,2009,99999,19,99999999999999999999,0000000,33.97991667,-78.95496389,1,1
45,83,9,3,16,9,2,2,0,1,2,2,0,12,1,2,1,1,2,25,2,1,2,1,0,0,1,1,0,0,99,99,99,99,99,99,0,0,0,0,1,5,0,450729,2950,2009,72,US-221,SR-146,0000000,34.73209167,-82.02727222,2,1
45,19,10,5,5,29,3,4,2,0,4,4,0,8,0,1,1,1,2,50,1,1,2,2,0,0,2,2,0,0,99,99,99,99,99,99,0,0,0,0,1,2,0,450730,1245,2009,99999,BOHICKET RD,99999999999999999999,0000000,32.68879722,-80.07711389,2,2
45,19,10,10,2,25,1,3,0,0,3,3,0,33,0,1,4,2,2,50,1,1,2,1,0,0,3,1,0,0,99,99,99,99,99,99,0,0,0,0,1,7,0,450731,410,2009,99999,SR-171,99999999999999999999,0000000,32.70967222,-79.96458889,1,1
45,45,10,11,22,0,1,3,1,1,2,2,0,8,0,2,1,2,3,40,1,1,2,1,3,3,2,1,0,0,99,99,99,99,99,99,0,0,0,0,1,1,0,450732,0,2009,257,US-25,SR-81,0000000,34.81535278,-82.44149167,1,1
45,41,10,25,0,55,1,2,0,0,4,4,0,23,0,1,5,1,2,55,2,1,2,1,0,0,2,1,0,0,99,99,99,99,99,99,0,0,0,0,1,1,1,450733,0,2009,144,46,99999999999999999999,0000000,33.95,-79.71666667,1,1
45,51,11,2,8,5,2,2,0,0,4,4,0,12,4,2,1,2,2,45,1,1,2,1,3,3,1,1,0,0,99,99,99,99,88,88,0,0,0,0,1,2,0,450734,0,2009,99999,1315,SR-31,0000000,33.75410278,-78.85265278,2,1
45,3,11,3,16,30,2,6,0,0,4,4,0,12,7,1,1,1,2,45,1,1,2,1,0,0,1,1,0,0,99,99,99,99,99,99,0,0,0,0,1,3,0,450735,0,2009,172,503,99999999999999999999,0000000,33.62348333,-81.74416111,2,1
45,19,11,17,23,49,1,1,0,1,11,1,0,26,0,13,4,6,1,35,2,1,2,1,0,0,3,1,0,0,99,99,99,99,88,88,0,0,0,0,1,3,0,450736,410,2009,17,I-26,COMING STREET,0000000,32.79499444,-79.94545,1,1
45,17,11,20,1,20,1,1,0,0,4,4,0,30,0,1,4,1,2,55,1,1,2,2,0,0,2,2,0,0,99,99,99,99,99,99,0,0,0,0,1,6,0,450737,0,2009,212,22,99999999999999999999,0000000,33.64838611,-80.81418611,1,2
45,31,12,1,22,25,1,2,0,0,4,4,0,34,0,1,4,1,2,55,1,1,2,1,0,0,2,1,0,0,99,99,99,99,99,99,0,0,0,0,1,3,0,450738,0,2009,99999,151,99999999999999999999,0000000,34.23333333,-80.03333333,1,1
45,41,12,1,19,37,3,6,0,1,2,2,0,12,7,2,1,2,2,45,1,1,2,1,3,1,2,1,0,0,99,99,99,99,99,99,0,0,0,0,1,3,1,450739,0,2009,99999,US-52,29,0000000,34.22613889,-79.79503056,3,1
45,51,10,5,20,50,1,3,1,0,4,4,0,8,0,1,1,1,2,45,1,1,2,2,0,0,2,2,0,0,99,99,99,99,99,99,0,0,0,0,1,2,0,450740,0,2009,99999,548,99999999999999999999,0000000,33.87875278,-79.17413333,1,2
45,27,11,28,12,53,1,1,0,0,4,4,0,34,0,1,4,1,2,45,1,1,2,1,0,0,1,1,0,0,99,99,99,99,99,99,0,0,0,0,1,7,0,450741,0,2009,99999,61,99999999999999999999,0000000,33.77126389,-80.34314722,1,1
45,51,12,2,4,44,2,2,0,1,2,2,0,12,2,1,1,2,2,55,1,1,2,2,0,0,2,2,0,0,99,99,99,99,99,99,0,0,0,0,1,4,1,450742,0,2009,99999,US-17,99999999999999999999,0000000,33.66049722,-78.97328889,2,2
45,51,9,13,18,34,1,2,0,0,4,4,0,33,0,1,4,1,2,25,1,3,2,1,0,0,1,1,0,0,99,99,99,99,99,99,0,0,0,0,1,1,1,450743,540,2009,99999,ELM STREET,99999999999999999999,0000000,33.83741389,-79.05062222,1,1
45,89,9,18,17,38,1,2,0,0,4,4,0,34,0,1,4,1,2,25,1,1,2,1,0,0,1,1,0,0,99,99,99,99,99,99,0,0,0,0,1,6,1,450744,0,2009,17,758,99999999999999999999,0000000,33.55398333,-79.98763611,1,1
45,35,9,26,5,20,1,3,0,1,1,1,0,1,0,1,4,3,2,70,1,1,2,2,0,0,2,1,0,0,99,99,99,99,99,99,0,0,0,0,1,7,0,450745,0,2009,25,I-26,99999999999999999999,0000000,33.28558889,-80.51141667,1,1
45,51,10,3,17,10,1,1,0,0,3,3,0,34,0,1,4,1,2,55,1,1,2,1,0,0,1,1,0,0,99,99,99,99,88,88,0,0,0,0,1,7,0,450746,0,2009,15,SR-905,99999999999999999999,0000000,33.91020833,-78.82304167,1,1
45,3,10,26,8,38,2,3,0,0,4,4,0,12,2,1,1,1,2,55,1,1,2,1,0,0,1,1,0,0,99,99,99,99,99,99,0,0,0,0,1,2,0,450747,0,2009,37,113,99999999999999999999,0000000,33.44580278,-81.54305833,2,1
45,79,11,25,23,40,1,2,0,0,3,3,0,42,0,1,4,1,2,55,1,1,2,1,0,0,2,5,0,0,99,99,99,99,99,99,0,0,0,0,1,4,0,450748,0,2009,30,SR-469,99999999999999999999,0000000,33.91426667,-80.82092222,1,5
45,83,11,25,2,1,1,1,0,0,3,3,0,38,0,1,4,1,2,35,2,1,2,1,0,0,3,1,0,0,99,99,99,99,99,99,0,0,0,0,1,4,1,450749,0,2009,99999,SR-357,99999999999999999999,0000000,34.96147778,-82.20502778,1,1
45,69,12,3,16,55,1,7,0,0,4,4,0,1,0,1,4,1,2,30,2,1,2,1,0,0,5,1,0,0,99,99,99,99,99,99,0,0,0,0,2,5,0,450750,0,2009,17,23,99999999999999999999,0000000,34.51292222,-79.51385,1,1
45,3,12,4,8,10,1,2,0,0,3,3,0,33,0,1,8,1,2,40,1,1,2,1,0,0,1,1,0,0,99,99,99,99,99,99,0,0,0,0,1,6,0,450751,0,2009,73,SR-421,99999999999999999999,0000000,33.53892778,-81.818275,1,1
45,7,10,26,11,50,1,1,0,1,2,2,0,34,0,1,4,1,2,40,2,1,2,1,0,0,1,1,0,0,99,99,99,99,99,99,0,0,0,0,1,2,0,450752,0,2009,85,US-178,99999999999999999999,0000000,34.61961111,-82.69246111,1,1
45,83,12,1,18,8,2,3,1,1,11,1,0,8,0,13,1,6,1,35,1,2,2,1,0,0,2,1,0,0,99,99,99,99,88,88,0,0,0,0,1,3,0,450753,0,2009,99999,I-585,96,0000000,34.97740833,-81.94646389,2,1
45,7,12,2,15,50,1,1,0,1,1,1,0,24,0,1,4,3,3,65,1,1,2,2,0,0,1,2,0,0,99,99,99,99,99,99,0,0,0,0,1,4,0,450754,0,2009,232,I-85,99999999999999999999,0000000,34.63020556,-82.60504167,1,2
45,53,11,16,20,54,1,4,0,0,3,3,0,10,0,6,1,1,2,99,1,3,2,1,70,3,2,1,0,0,99,99,99,99,88,88,0,0,0,0,4,2,1,450755,1080,2009,141,SR-46,US-17,A473.84,32.28742222,-81.08171944,1,1
45,59,12,3,18,11,2,3,0,1,2,2,0,12,4,2,1,2,2,35,2,2,2,1,0,0,3,1,0,0,99,99,99,99,99,99,0,0,0,0,1,5,0,450756,1410,2009,99999,US-76,SPRING STREET,0000000,34.50570833,-82.02233889,2,1
45,45,12,3,17,50,3,4,0,1,2,2,0,12,4,2,1,2,2,35,2,1,2,1,3,3,3,1,0,0,99,99,99,99,99,99,0,0,0,0,1,5,0,450757,0,2009,199,US-276,SR-288,0000000,35.02138611,-82.50298889,3,1
45,59,12,3,18,11,2,2,0,1,2,2,0,12,4,2,1,2,2,35,2,2,2,1,0,0,3,1,0,0,99,99,99,99,99,99,0,0,0,0,1,5,1,450758,1410,2009,99999,US-76,SPRING STREET,0000000,34.50570833,-82.02233889,2,1
45,51,9,3,23,40,1,2,1,1,2,2,0,8,0,1,1,2,2,55,1,1,2,1,0,0,2,1,0,0,99,99,99,99,88,88,0,0,0,0,1,5,0,450759,1500,2009,99999,US-701,99999999999999999999,0000000,34.08216667,-78.87484167,1,1
45,63,12,4,15,0,1,1,0,0,3,3,0,34,0,1,4,1,2,45,1,1,2,1,0,0,1,1,0,0,99,99,99,99,88,88,0,0,0,0,1,6,1,450760,0,2009,21,SR-692,99999999999999999999,0000000,33.71502222,-81.06837222,1,1
45,91,12,5,15,6,2,2,0,0,4,4,0,12,4,2,1,1,2,35,1,1,2,1,20,3,1,1,0,0,99,99,99,99,99,99,0,0,0,0,1,7,0,450761,0,2009,42,31,57,0000000,34.91588333,-80.93168611,2,1
45,41,12,5,0,45,2,6,0,0,4,4,0,12,5,2,1,1,2,35,1,1,2,2,20,3,2,1,0,0,99,99,99,99,99,99,0,0,0,0,1,7,0,450762,0,2009,101,72,802,0000000,33.94115278,-79.71048889,2,1
45,63,12,6,3,50,4,5,2,1,1,1,0,8,0,1,2,3,2,65,2,1,2,1,0,0,2,1,0,0,99,99,99,99,99,99,0,0,0,0,1,1,1,450763,0,2009,99999,I-77,COUNTY LINE,0000000,33.92858333,-81.03193889,2,1