STATE,COUNTY,MONTH,DAY,HOUR,MINUTE,VE_TOTAL,PERSONS,PEDS,NHS,ROAD_FNC,ROUTE,SP_JUR,HARM_EV,MAN_COLL,REL_JUNC,REL_ROAD,TRAF_FLO,NO_LANES,SP_LIMIT,ALIGNMNT,PROFILE,PAVE_TYP,SUR_COND,TRA_CONT,T_CONT_F,LGT_COND,WEATHER1,WEATHER2,WRK_ZONE,NOT_HOUR,NOT_MIN,ARR_HOUR,ARR_MIN,HOSP_HR,HOSP_MN,SCH_BUS,CF1,CF2,CF3,FATALS,DAY_WEEK,DRUNK_DR,ST_CASE,CITY,YEAR,MILEPT,TWAY_ID,TWAY_ID2,RAIL,LATITUDE,LONGITUD,VE_FORMS,WEATHER
45,11,12,6,2,20,1,1,0,0,3,3,0,42,0,1,4,1,2,55,2,1,2,1,0,0,2,1,0,0,99,99,99,99,88,88,0,0,0,0,1,1,1,450764,0,2009,130,SR-39,99999999999999999999,0000000,33.46878889,-81.32359167,1,1
45,7,12,7,22,20,1,1,0,0,5,5,0,42,0,1,4,1,2,25,2,1,2,1,0,0,2,1,0,0,99,99,99,99,88,88,0,0,0,0,1,2,0,450765,0,2009,99999,SMITH POINT RD,99999999999999999999,0000000,34.56951667,-82.87725556,1,1
45,45,12,7,19,20,1,2,0,0,4,4,0,34,0,1,4,1,2,40,2,2,2,1,40,3,2,1,0,0,99,99,99,99,99,99,0,0,0,0,1,2,1,450766,0,2009,229,978,99999999999999999999,0000000,35.11165833,-82.25498333,1,1
45,83,12,8,2,4,1,2,0,0,3,3,0,34,0,1,4,1,2,99,2,1,2,1,0,0,2,1,0,0,99,99,99,99,99,99,0,0,0,0,1,3,1,450767,0,2009,99999,SR-358,99999999999999999999,0000000,34.98335,-82.16769167,1,1
45,89,12,9,15,29,2,3,0,1,2,2,0,12,5,2,1,2,2,50,1,1,2,1,20,3,1,1,0,0,99,99,99,99,99,99,0,0,0,0,2,4,0,450768,0,2009,195,US-52,301,0000000,33.70441944,-79.8143,2,1
45,27,12,9,20,10,1,3,1,0,4,4,0,9,0,1,1,1,2,55,1,1,2,1,0,0,2,1,0,0,99,99,99,99,88,88,0,0,0,0,1,4,0,450769,0,2009,10,25,99999999999999999999,0000000,33.60218056,-80.264525,1,1
45,85,12,10,14,5,2,3,0,0,4,4,0,12,4,2,1,1,2,55,1,2,2,1,20,3,1,1,0,0,99,99,99,99,99,99,0,0,0,0,1,5,0,450770,0,2009,69,40,458,0000000,33.87091389,-80.43811667,2,1
45,43,12,11,21,40,1,1,0,1,2,2,0,42,0,1,4,1,2,60,2,1,2,1,0,0,2,1,0,0,99,99,99,99,88,88,0,0,0,0,1,6,1,450771,0,2009,243,US-17,99999999999999999999,0000000,33.40328611,-79.19971111,1,1
45,7,12,12,7,19,1,7,0,1,2,2,0,37,0,1,4,1,2,50,2,1,2,1,0,0,1,1,0,0,99,99,99,99,99,99,0,0,0,0,1,7,1,450772,0,2009,99999,US-178,99999999999999999999,0000000,34.61823333,-82.69134444,1,1
45,79,12,13,19,33,2,3,0,1,2,2,0,12,2,1,1,2,2,60,2,2,2,2,0,0,2,5,0,0,99,99,99,99,99,99,0,0,0,0,2,1,1,450773,0,2009,99999,US-378,99999999999999999999,0000000,33.95208333,-80.83057778,2,5
45,85,12,14,19,50,1,1,0,1,2,2,0,52,0,1,4,1,2,55,2,1,2,2,0,0,2,5,0,0,99,99,99,99,88,88,0,0,0,0,1,2,1,450774,0,2009,20,US-15,99999999999999999999,0000000,34.04281111,-80.32005833,1,5
45,67,12,15,1,0,1,1,0,0,4,4,0,34,0,1,4,1,2,45,1,1,2,2,0,0,2,2,0,0,99,99,99,99,88,88,0,0,0,0,1,3,1,450775,0,2009,14,205,99999999999999999999,0000000,33.931075,-79.35145833,1,2
45,29,12,16,15,19,1,2,0,1,1,1,0,42,0,1,4,2,2,70,1,1,2,1,0,0,1,1,0,0,99,99,99,99,99,99,0,0,0,0,1,4,0,450776,0,2009,130,I-95,99999999999999999999,0000000,32.8678,-80.72286111,1,1
45,75,12,17,13,15,1,5,0,1,2,2,0,1,0,1,4,2,2,60,1,2,2,1,0,0,1,1,0,0,99,99,99,99,99,99,0,0,0,0,4,5,0,450777,0,2009,99999,US-301,99999999999999999999,0000000,33.47018333,-80.92439167,1,1
45,19,12,17,8,20,1,1,0,1,2,2,0,34,0,1,4,2,2,45,1,1,2,1,0,0,2,1,0,0,99,99,99,99,88,88,0,0,0,0,1,5,1,450778,410,2009,99999,US-17,99999999999999999999,0000000,32.79286667,-80.05278056,1,1
45,51,12,17,19,25,2,7,0,1,2,2,0,12,5,2,1,2,5,55,1,1,2,1,3,3,3,1,0,0,99,99,99,99,99,99,0,0,0,0,1,5,0,450779,0,2009,62,US-17,SR-544,0000000,33.64978056,-78.98148611,2,1
45,31,12,17,14,43,2,5,0,0,3,3,0,12,5,1,1,2,2,45,1,1,2,1,20,3,1,1,0,0,99,99,99,99,99,99,0,0,0,0,1,5,0,450780,0,2009,48,SR-151,99999999999999999999,0000000,34.36678333,-80.12981389,2,1
45,91,12,18,14,0,2,1,0,1,2,2,0,14,1,1,2,1,2,35,1,1,2,2,40,3,1,3,0,4,99,99,99,99,88,88,0,0,0,0,1,6,0,450781,500,2009,215,US-321,99999999999999999999,0000000,35.09291111,-81.233125,1,3
45,15,12,18,21,55,1,2,0,1,1,1,0,42,0,1,4,2,2,70,1,1,2,2,0,0,2,2,0,0,99,99,99,99,99,99,0,0,0,0,1,6,1,450782,0,2009,9,I-26,99999999999999999999,0000000,33.12152222,-80.27898889,1,2
45,59,12,19,18,0,1,1,0,0,3,3,0,42,0,1,4,1,2,55,2,2,2,1,0,0,2,1,0,0,99,99,99,99,88,88,0,0,0,0,1,7,1,450783,0,2009,92,SR-560,99999999999999999999,0000000,34.34683889,-81.82333889,1,1
45,3,12,19,20,45,1,1,0,0,4,4,0,37,0,1,4,1,2,45,2,2,2,1,0,0,2,1,0,0,99,99,99,99,88,88,0,0,0,0,1,7,1,450784,0,2009,18,1570,99999999999999999999,0000000,33.56496389,-81.67360833,1,1
45,75,12,20,17,25,3,3,0,0,3,3,0,12,8,1,1,1,2,55,1,2,2,1,0,0,1,1,0,0,99,99,99,99,99,99,0,0,0,0,1,1,1,450785,0,2009,258,SR-4,99999999999999999999,0000000,33.49703056,-80.93409167,3,1
45,51,12,21,3,0,1,1,0,0,4,4,0,53,0,1,4,1,2,55,1,1,2,1,0,0,2,1,0,0,99,99,99,99,88,88,0,0,0,0,1,2,0,450786,0,2009,46,63,99999999999999999999,0000000,33.83830556,-79.17400278,1,1
45,37,12,22,22,20,1,3,1,0,4,4,0,8,0,1,1,1,2,35,1,1,2,1,0,0,2,1,0,0,99,99,99,99,88,88,0,0,0,0,1,3,0,450787,0,2009,16,226,99999999999999999999,0000000,33.86421389,-81.83166389,1,1
45,41,12,22,19,25,1,2,1,0,3,3,0,8,0,1,1,2,2,40,1,1,2,1,0,0,3,1,0,0,99,99,99,99,88,88,0,0,0,0,1,3,0,450788,0,2009,374,SR-51,99999999999999999999,0000000,34.16671944,-79.77202778,1,1
45,79,12,22,20,6,3,6,0,1,2,2,0,12,2,1,1,2,2,45,2,1,2,1,0,0,3,1,0,0,99,99,99,99,99,99,0,0,0,0,1,3,1,450789,0,2009,109,US-1,99999999999999999999,0000000,34.10114444,-80.91224722,3,1
45,31,12,23,20,20,1,6,2,0,3,3,0,8,0,1,1,1,2,55,1,1,2,1,0,0,2,1,0,0,99,99,99,99,99,99,0,0,0,0,1,4,0,450790,0,2009,6,SR-102,99999999999999999999,0000000,34.40956389,-80.05484167,1,1
45,59,12,23,0,30,1,1,0,0,4,4,0,34,0,1,4,1,2,55,1,1,2,1,0,0,2,1,0,0,99,99,99,99,88,88,0,0,0,0,1,4,1,450791,0,2009,30,117,99999999999999999999,0000000,34.38137778,-81.83801667,1,1
45,79,12,24,23,53,1,1,0,1,1,1,0,26,0,1,4,3,3,60,1,1,2,1,0,0,2,1,0,0,99,99,99,99,88,88,0,0,0,0,1,5,1,450792,0,2009,79,I-20,99999999999999999999,0000000,34.07352778,-81.00249722,1,1
45,41,12,25,16,10,1,1,0,0,4,4,0,1,0,1,4,1,2,55,1,1,2,2,0,0,1,2,0,0,99,99,99,99,99,99,0,0,0,0,1,6,1,450793,0,2009,57,38,99999999999999999999,0000000,34.06026944,-79.92317778,1,2
45,47,12,25,8,30,1,4,0,1,2,2,0,37,0,1,4,1,2,55,1,2,2,2,0,0,1,2,0,0,99,99,99,99,99,99,0,0,0,0,1,6,0,450794,0,2009,259,US-178,99999999999999999999,0000000,34.10327778,-82.07332222,1,2
45,7,12,26,22,30,1,1,0,0,5,5,0,53,0,1,4,1,2,35,1,1,2,1,0,0,2,1,0,0,99,99,99,99,99,99,0,0,0,0,1,7,1,450795,0,2009,99999,TODD RD,99999999999999999999,0000000,34.50973889,-82.38029444,1,1
45,59,12,26,20,35,2,2,1,0,3,3,0,8,0,1,1,2,2,45,1,1,2,1,0,0,2,1,0,0,99,99,99,99,88,88,0,0,0,0,1,7,0,450796,0,2009,155,SR-72,99999999999999999999,0000000,34.43218611,-81.89801111,1,1
45,19,12,27,21,0,1,3,1,0,4,4,0,8,0,1,1,2,2,40,1,3,2,2,0,0,2,2,0,0,99,99,99,99,88,88,0,0,0,0,1,1,0,450797,410,2009,99999,FOLLY RD,99999999999999999999,0000000,32.76905278,-79.97373056,1,2
45,51,12,28,17,18,3,6,0,0,3,3,0,12,7,1,1,2,2,60,1,1,2,1,0,0,1,1,0,0,99,99,99,99,99,99,0,0,0,0,1,2,0,450798,0,2009,283,SR-9,99999999999999999999,0000000,34.00450278,-78.7606,3,1
45,73,12,28,2,30,1,1,0,1,2,2,0,1,0,1,1,1,2,45,2,2,2,1,0,0,2,1,0,0,99,99,99,99,99,99,0,0,0,0,1,2,1,450799,0,2009,6,US-76,99999999999999999999,0000000,34.76460278,-83.25134722,1,1
45,79,12,29,5,55,2,2,0,0,4,4,0,12,5,1,1,2,2,40,2,2,2,4,0,0,2,1,0,0,99,99,99,99,99,99,0,0,0,0,1,3,0,450800,0,2009,43,52,99999999999999999999,0000000,34.14260556,-80.89508056,2,1
45,69,12,30,11,45,2,5,0,0,3,3,0,12,4,2,1,1,2,55,1,1,2,1,20,3,1,1,0,0,99,99,99,99,99,99,0,0,0,0,1,4,0,450801,0,2009,293,SR-38,164,0000000,34.762875,-79.70804167,2,1
45,11,12,31,17,35,2,3,0,0,4,4,0,12,2,1,1,1,2,55,2,3,2,2,0,0,2,2,0,0,99,99,99,99,99,99,0,0,0,0,1,5,0,450802,0,2009,99999,121,99999999999999999999,0000000,33.16525278,-81.44006389,2,2
45,79,8,30,1,25,3,8,0,0,3,3,0,12,5,2,1,2,3,35,1,1,2,1,3,3,3,1,0,0,99,99,99,99,99,99,0,0,0,0,2,1,1,450803,520,2009,99999,SR-555,US-1,0000000,34.00546389,-81.01893333,3,1
45,79,11,21,3,18,2,2,0,0,4,4,0,12,1,1,1,1,2,30,1,2,2,1,0,0,3,1,0,0,99,99,99,99,99,99,0,0,0,0,1,7,1,450804,0,2009,99999,2027,99999999999999999999,0000000,33.99212222,-81.02219444,2,1
45,63,11,29,14,9,2,4,0,0,4,4,0,12,4,2,1,1,2,30,1,1,2,1,20,3,1,1,0,0,99,99,99,99,99,99,0,0,0,0,1,1,0,450805,2790,2009,99999,802,SR-321,0000000,33.96963056,-81.08776944,2,1
45,19,12,29,6,30,1,1,0,0,14,3,0,42,0,1,4,1,2,55,1,1,2,1,0,0,4,1,0,0,99,99,99,99,88,88,0,0,0,0,1,3,1,450806,410,2009,50,SR-61,99999999999999999999,0000000,32.84386389,-80.05823056,1,1
45,19,12,23,23,16,1,2,1,1,2,2,0,8,0,1,1,2,2,55,1,1,2,1,0,0,2,1,0,0,99,99,99,99,88,88,0,0,0,0,1,4,0,450807,410,2009,99999,US-17,99999999999999999999,0000000,32.79268611,-80.05316667,1,1
45,51,11,2,11,36,2,2,0,1,2,2,0,12,4,2,1,2,2,45,1,1,2,1,3,3,1,1,0,0,99,99,99,99,99,99,0,0,0,0,1,2,0,450808,1730,2009,99999,US-17,537,0000000,33.73936667,-78.82724722,2,1
45,53,10,4,12,35,1,1,0,0,4,4,0,42,0,1,4,1,2,55,2,1,2,1,0,0,1,1,0,0,99,99,99,99,99,99,0,0,0,0,1,1,0,450809,0,2009,52,19,99999999999999999999,0000000,32.52966389,-80.87242222,1,1
45,19,9,5,10,20,2,2,0,1,2,2,0,12,4,2,1,2,2,60,1,1,2,1,0,0,1,1,0,0,99,99,99,99,99,99,0,0,0,0,1,7,0,450810,0,2009,481,US-17,584,0000000,32.92621111,-79.71452222,2,1
45,31,12,19,15,8,2,4,0,0,4,4,0,12,4,1,1,1,2,55,2,1,2,1,0,0,1,1,0,0,99,99,99,99,99,99,0,0,0,0,3,7,1,450811,0,2009,99999,242,99999999999999999999,0000000,34.27019722,-80.10625278,2,1
45,57,12,29,22,0,1,4,0,0,4,4,0,30,0,1,4,1,2,45,2,1,2,1,0,0,2,1,0,0,99,99,99,99,99,99,0,0,0,0,1,3,0,450812,0,2009,12,28,99999999999999999999,0000000,34.76583611,-80.79671944,1,1
45,51,9,12,23,0,1,1,0,0,4,4,0,42,0,1,4,1,2,55,2,1,2,1,0,0,2,1,0,0,99,99,99,99,88,88,0,0,0,0,1,7,0,450813,0,2009,44,59,99999999999999999999,0000000,34.13656667,-79.03864722,1,1
45,67,9,9,17,0,2,2,1,0,3,3,0,8,0,1,2,1,2,55,1,1,2,1,0,0,1,1,0,0,99,99,99,99,99,99,0,0,0,0,1,4,1,450814,0,2009,91,SR-917,99999999999999999999,0000000,34.15954444,-79.22245556,1,1
45,19,12,16,19,36,1,1,0,0,3,3,0,30,0,1,4,3,2,35,1,2,2,1,0,0,3,1,0,0,99,99,99,99,88,88,0,0,0,0,1,4,1,450815,1710,2009,99999,SR-703,99999999999999999999,0000000,32.79427222,-79.88288056,1,1
45,47,6,16,19,9,2,2,0,1,2,2,0,12,5,2,1,1,2,45,1,1,2,1,3,3,1,1,0,0,99,99,99,99,99,99,0,0,0,0,1,3,0,450816,1050,2009,99999,US-25,EMERALD RD NORTH,0000000,34.20246667,-82.13490556,2,1
45,85,10,28,14,18,1,3,2,1,2,2,0,8,0,1,1,1,2,99,1,1,2,1,0,0,1,1,0,0,99,99,99,99,99,99,0,0,0,0,1,4,0,450817,2550,2009,99999,US-76,99999999999999999999,0000000,33.921925,-80.34464722,1,1
45,51,8,14,9,37,3,5,0,1,2,2,0,12,7,1,1,2,2,35,1,2,2,2,0,0,1,2,0,0,99,99,99,99,99,99,0,0,0,0,1,6,0,450818,540,2009,99999,US-501,99999999999999999999,0000000,33.83295833,-79.04405556,3,2
45,23,12,31,11,32,5,5,0,1,2,2,0,12,5,2,1,1,2,55,1,2,2,2,20,3,1,2,0,0,99,99,99,99,99,99,0,0,0,0,1,5,1,450819,0,2009,99999,US-21,327,0000000,34.79392778,-80.92065833,4,2
45,59,12,13,3,0,2,2,0,1,1,1,0,12,1,1,1,3,2,65,1,2,2,1,0,0,2,1,0,0,99,99,99,99,99,99,0,0,0,0,1,1,0,450820,0,2009,189,I-385,99999999999999999999,0000000,34.63688056,-82.12615,2,1
46,11,1,14,8,16,1,1,0,0,6,4,0,42,0,1,4,1,2,55,1,2,4,4,20,3,1,4,0,0,8,25,8,45,88,88,0,0,0,0,1,4,0,460001,0,2009,0,217TH ST,99999999999999999999,0000000,44.23920278,-97.02794444,1,4
46,103,1,16,17,0,1,1,0,0,3,3,0,24,0,1,4,1,2,50,2,1,2,1,0,0,5,1,0,0,88,88,88,88,88,88,0,0,0,0,1,6,0,460002,0,2009,326,SR-44,99999999999999999999,0000000,44.07146111,-103.4282528,1,1
46,23,1,21,19,15,2,3,0,0,2,3,0,11,0,1,1,1,3,65,1,1,2,1,0,0,2,1,0,0,19,18,19,32,20,32,0,0,0,0,2,4,0,460003,0,2009,2787,SR-46,99999999999999999999,0000000,43.07769722,-98.49899722,2,1
46,103,1,26,13,19,1,1,0,1,2,2,0,42,0,1,4,1,2,55,2,1,1,3,0,0,1,4,0,0,13,19,13,47,14,27,0,0,0,0,1,2,1,460004,0,2009,485,US-16,99999999999999999999,0000000,43.92271944,-103.4701389,1,4
46,9,2,4,18,45,1,1,0,0,4,4,0,31,0,1,4,1,2,55,2,1,2,1,0,0,2,1,0,0,88,88,88,88,88,88,0,0,0,0,1,4,0,460005,0,2009,0,APPLE TREE RD,99999999999999999999,0000000,42.87955,-97.76566111,1,1
46,111,2,18,10,50,1,1,0,0,4,4,0,43,0,1,4,1,2,55,1,1,2,1,0,0,1,1,0,0,88,88,88,88,88,88,0,0,0,0,1,4,0,460006,0,2009,0,221ST ST,99999999999999999999,0000000,44.18423611,-98.17966389,1,1
46,83,2,17,17,59,1,1,0,1,1,1,0,1,0,1,3,2,2,65,1,1,1,1,0,0,1,1,0,0,18,2,18,8,99,99,0,0,0,0,1,3,0,460007,2450,2009,0,I-229,99999999999999999999,0000000,43.49284444,-96.78480556,1,1
46,93,2,20,0,45,1,3,0,0,6,4,0,53,0,1,4,1,2,55,1,2,4,1,0,0,2,1,0,0,0,59,1,18,2,1,0,0,0,0,1,6,1,460008,0,2009,0,224TH ST,99999999999999999999,0000000,44.15459444,-103.0186333,1,1
46,83,2,27,9,59,2,2,0,0,4,3,0,12,6,1,1,1,2,65,1,1,2,4,0,0,1,1,0,0,9,59,10,7,11,0,0,0,0,0,1,6,0,460009,0,2009,440,SR-17,99999999999999999999,0000000,43.37191389,-96.88594722,2,1
46,81,3,15,22,0,1,1,0,0,4,4,0,42,0,1,4,1,2,55,2,2,2,1,0,0,2,1,0,2,22,11,22,23,88,88,0,0,0,0,1,1,1,460010,0,2009,0,ST ONGE OIL RD,99999999999999999999,0000000,44.51961111,-103.7243611,1,1
46,99,3,17,17,33,1,1,0,0,6,4,0,10,0,6,1,1,2,55,1,2,1,1,70,3,1,1,0,0,17,33,17,48,88,88,0,0,0,0,1,3,0,460011,0,2009,0,259TH ST,99999999999999999999,097856A,43.63016667,-96.56866667,1,1
46,83,3,18,18,4,1,4,0,0,4,4,0,1,0,1,4,1,2,55,1,1,2,1,0,0,1,1,0,0,18,6,18,10,18,16,0,0,0,0,1,4,0,460012,0,2009,0,481ST AVE,99999999999999999999,0000000,43.31899722,-96.58922222,1,1
46,35,3,4,99,99,2,2,0,0,14,5,0,12,5,2,1,1,2,25,1,1,2,1,20,3,1,1,0,0,9,43,9,45,10,11,0,0,0,0,1,4,0,460013,1850,2009,0,7TH AVE,KIMALL ST,0000000,43.71548611,-98.02278611,2,1
46,11,3,10,6,17,1,1,0,0,4,4,0,23,0,1,4,1,2,55,1,1,2,4,0,0,2,3,1,0,6,22,6,45,7,40,0,0,0,0,1,3,0,460014,0,2009,0,471ST,99999999999999999999,0000000,44.47844167,-96.78723333,1,3
46,115,3,10,9,40,1,1,0,0,6,5,0,10,0,6,1,1,2,25,1,1,4,3,70,3,1,4,0,0,9,46,10,2,10,27,0,0,0,0,1,3,0,460015,140,2009,0,MAIN ST,99999999999999999999,394819R,44.99486667,-98.49568889,1,4
46,13,3,28,9,33,2,2,0,0,6,4,0,12,5,2,1,1,2,55,1,2,4,1,0,0,1,1,0,0,9,33,10,0,88,88,0,0,0,0,1,7,0,460016,0,2009,0,101ST ST,373RD AVE,0000000,45.92466111,-98.72439444,2,1
46,85,3,28,9,50,1,6,0,1,1,1,0,1,0,1,4,2,2,75,2,1,2,1,0,0,1,1,0,0,9,50,10,0,99,99,0,0,0,0,2,7,1,460017,0,2009,2389,I-90 W,99999999999999999999,0000000,43.87701111,-99.79949444,1,1
46,71,4,4,6,15,1,2,0,1,1,1,0,1,0,15,4,3,2,75,1,1,1,4,0,0,1,4,6,0,6,37,7,22,8,36,0,0,0,0,1,7,0,460018,0,2009,1726,I-90 W,99999999999999999999,0000000,43.89847222,-101.1021361,1,4
46,29,4,11,18,5,2,3,0,0,3,3,0,12,2,1,1,1,2,65,2,1,2,1,0,0,1,1,0,0,99,99,99,99,99,99,0,0,0,0,1,7,0,460019,0,2009,3940,SR-20,99999999999999999999,0000000,44.95270833,-97.20532222,2,1
46,109,4,24,20,22,1,3,0,0,5,4,3,42,0,1,4,1,2,55,1,2,2,1,0,0,2,1,0,0,88,88,88,88,88,88,0,0,0,0,3,6,1,460020,0,2009,0,LAKE RD,99999999999999999999,0000000,45.64911111,-96.84387222,1,1
46,113,3,12,18,34,1,5,0,0,4,4,3,1,0,1,4,1,2,55,1,2,4,5,0,0,5,1,0,0,99,99,99,99,99,99,0,0,0,0,1,5,0,460021,2165,2009,0,BIA 41,99999999999999999999,0000000,43.10346667,-102.8101,1,1
46,23,5,3,8,45,1,1,0,0,5,4,0,1,0,1,4,1,2,55,1,1,4,1,0,0,1,1,0,0,8,45,99,97,99,97,0,0,0,0,1,1,1,460022,0,2009,0,300TH ST,99999999999999999999,0000000,43.03803056,-98.3279,1,1
46,55,5,5,18,25,1,1,0,0,2,3,0,1,0,1,4,1,2,65,1,1,2,1,0,0,1,1,0,0,18,25,99,97,99,97,0,0,0,0,1,3,0,460023,0,2009,1538,SR-34,99999999999999999999,0000000,44.36193056,-101.4538722,1,1
46,135,4,28,2,5,2,2,0,0,3,3,0,12,3,1,1,1,2,65,1,1,1,1,0,0,2,1,0,0,2,10,2,32,4,10,0,0,0,0,1,3,1,460024,0,2009,3404,SR-46,99999999999999999999,0000000,43.08289722,-97.28271944,2,1
46,47,5,16,4,30,1,2,0,0,4,3,0,1,0,1,4,1,2,55,2,1,2,1,0,0,2,1,0,0,4,35,5,1,5,45,0,0,0,0,1,7,1,460025,0,2009,250,SR-471,99999999999999999999,0000000,43.25403889,-103.8197278,1,1
46,93,5,16,19,18,1,5,0,1,1,1,0,21,0,15,3,2,2,75,1,1,1,1,0,0,1,1,0,0,19,23,19,29,19,50,0,0,0,0,3,7,0,460026,0,2009,340,I-90,99999999999999999999,0000000,44.37114444,-103.4726306,1,1
46,5,5,20,9,35,2,3,0,1,13,2,0,12,5,2,1,2,2,55,2,1,1,1,20,3,1,1,0,0,9,37,99,99,99,99,0,0,0,0,2,4,0,460027,1420,2009,3435,US-14 E,WEST PARK AVE,0000000,44.37134722,-98.254875,2,1
46,127,5,23,4,0,1,2,0,1,1,1,0,1,0,1,4,2,2,75,1,1,1,1,0,0,2,1,0,0,4,0,99,97,99,97,0,0,0,0,2,7,1,460028,0,2009,180,I-29 N,99999999999999999999,0000000,42.68758611,-96.69689444,1,1
46,99,5,24,17,27,1,2,0,1,1,1,0,1,0,1,3,2,2,65,2,1,1,1,0,0,1,1,0,0,17,27,17,36,17,50,0,0,0,0,1,1,1,460029,2450,2009,813,I-29,99999999999999999999,0000000,43.57658056,-96.77185,1,1
46,99,5,22,2,21,1,1,0,0,4,3,0,1,0,1,4,2,2,65,1,2,1,1,0,0,2,1,0,0,88,88,88,88,88,88,0,0,0,0,1,6,0,460030,0,2009,3528,SR-38,99999999999999999999,0000000,43.63601944,-97.01398889,1,1
46,103,5,30,15,10,1,2,0,0,6,4,0,1,0,1,4,1,2,50,1,3,4,1,0,0,1,1,0,0,15,10,15,28,16,19,0,0,0,0,1,7,0,460031,0,2009,0,225TH ST,99999999999999999999,0000000,44.14006389,-103.0019889,1,1
46,127,5,27,19,51,1,1,0,0,4,4,0,1,0,1,4,1,2,55,1,1,2,1,0,0,1,1,0,0,19,55,20,8,20,39,0,0,0,0,1,4,1,460032,0,2009,0,302ND ST,99999999999999999999,0000000,43.01123611,-96.57866389,1,1
46,109,6,1,4,30,1,1,0,0,4,4,0,1,0,1,4,1,2,55,1,3,2,1,0,0,4,1,0,0,88,88,88,88,88,88,0,0,0,0,1,2,0,460033,0,2009,0,CR-6,99999999999999999999,0000000,45.76866667,-97.10301389,1,1
46,85,6,20,23,45,1,2,0,1,1,1,0,1,0,1,4,2,2,75,1,2,2,1,0,0,2,1,0,0,23,56,0,15,0,51,0,0,0,0,1,7,0,460034,0,2009,2347,I-90,99999999999999999999,0000000,43.89719444,-99.87758611,1,1
46,19,6,21,2,20,1,3,0,1,2,2,0,47,0,1,1,1,2,65,1,2,2,1,0,0,2,1,0,0,2,45,3,2,3,37,0,0,0,0,1,1,1,460035,0,2009,216,US-212,99999999999999999999,0000000,44.68808889,-103.6967111,1,1
46,99,6,25,7,0,2,2,0,0,4,4,0,12,5,2,1,1,2,55,1,1,2,1,20,3,1,1,0,0,7,2,7,16,88,88,0,0,0,0,2,5,0,460036,0,2009,0,266TH ST,484TH AVE,0000000,43.529375,-96.531925,2,1
46,29,7,5,21,0,1,1,0,0,4,4,0,1,0,1,4,1,2,55,1,2,2,1,0,0,5,1,0,0,21,40,21,57,88,88,0,0,0,0,1,1,1,460037,0,2009,0,437TH AVE,99999999999999999999,0000000,45.04051111,-97.47363611,1,1
46,3,7,7,17,12,3,6,0,1,1,1,0,12,2,1,1,2,2,65,1,1,1,1,0,0,1,1,0,1,17,13,99,99,99,99,0,0,0,0,1,3,0,460038,0,2009,3020,I-90 E,99999999999999999999,0000000,43.70852778,-98.60911389,3,1
46,103,7,12,22,7,1,2,0,1,1,1,0,1,0,13,4,6,1,75,2,1,1,1,0,0,2,1,0,0,22,7,22,24,22,53,0,0,0,0,1,1,1,460039,0,2009,980,I-90 MM 98 OFF-RAMP,99999999999999999999,0000000,44.06336111,-102.4381194,1,1
46,103,7,16,12,12,2,3,0,1,2,2,0,12,5,2,1,1,2,55,1,1,1,1,20,3,1,1,0,0,12,15,12,32,13,43,0,0,0,0,1,5,0,460040,0,2009,370,US-16,SR-244,0000000,43.89188056,-103.5885222,2,1
46,59,7,18,15,0,1,2,0,0,6,4,0,3,0,1,4,1,2,55,2,2,4,1,0,0,1,1,0,0,88,88,88,88,88,88,0,0,0,0,2,7,0,460041,0,2009,0,212ND ST,99999999999999999999,0000000,44.31300278,-98.76755278,1,1
46,23,7,22,17,55,1,2,0,0,3,3,0,1,0,3,4,1,2,65,1,3,2,1,0,0,1,1,0,0,99,99,99,99,99,99,0,0,0,0,1,4,0,460042,0,2009,2952,SR-50,281ST ST,0000000,43.31201944,-98.70731389,1,1
46,93,6,30,17,30,1,1,0,0,2,3,0,1,0,1,4,1,2,65,2,2,2,1,0,0,1,1,0,0,17,30,17,42,18,12,0,0,0,0,1,3,0,460043,0,2009,444,SR-34,99999999999999999999,0000000,44.46408056,-103.3485889,1,1
46,103,7,17,10,16,2,3,0,0,14,6,0,12,3,8,1,1,6,35,2,1,1,1,0,0,1,1,0,0,99,99,99,99,99,99,0,0,0,0,2,6,0,460044,2250,2009,0,MAIN ST W,NONE,0000000,44.08237222,-103.2431056,2,1
46,45,7,24,17,45,2,3,0,1,2,2,0,12,7,1,1,1,2,65,1,2,2,1,0,0,1,1,0,0,17,46,18,2,88,88,0,0,0,0,1,6,0,460045,0,2009,2368,US-12,99999999999999999999,0000000,45.44858611,-99.56991389,2,1
46,99,7,25,15,9,2,2,0,0,14,6,0,12,4,2,1,2,4,40,1,1,1,1,3,3,1,1,0,0,15,9,15,15,15,20,0,0,0,0,1,7,0,460046,2450,2009,0,60TH ST W,WESTPORT AVE N,0000000,43.60191667,-96.76115278,2,1