STATE,COUNTY,MONTH,DAY,HOUR,MINUTE,VE_TOTAL,PERSONS,PEDS,NHS,ROAD_FNC,ROUTE,SP_JUR,HARM_EV,MAN_COLL,REL_JUNC,REL_ROAD,TRAF_FLO,NO_LANES,SP_LIMIT,ALIGNMNT,PROFILE,PAVE_TYP,SUR_COND,TRA_CONT,T_CONT_F,LGT_COND,WEATHER1,WEATHER2,WRK_ZONE,NOT_HOUR,NOT_MIN,ARR_HOUR,ARR_MIN,HOSP_HR,HOSP_MN,SCH_BUS,CF1,CF2,CF3,FATALS,DAY_WEEK,DRUNK_DR,ST_CASE,CITY,YEAR,MILEPT,TWAY_ID,TWAY_ID2,RAIL,LATITUDE,LONGITUD,VE_FORMS,WEATHER
46,99,7,25,17,25,2,2,0,1,11,1,0,1,0,13,3,6,1,65,2,2,1,1,0,0,1,1,0,0,17,26,17,30,88,88,0,0,0,0,1,7,0,460047,2450,2009,0,I-29 N EXIT-RAMP,NONE,0000000,43.54373611,-96.77933889,2,1
46,67,7,26,1,42,1,3,0,0,6,4,0,1,0,1,1,1,2,55,1,1,4,1,0,0,2,1,0,0,1,47,99,99,99,99,0,0,0,0,1,1,1,460048,0,2009,0,438TH AVE,99999999999999999999,0000000,43.27769444,-97.43913611,1,1
46,5,7,26,11,21,2,2,0,0,14,6,0,12,2,1,1,1,2,35,1,1,2,1,0,0,1,1,0,0,11,21,99,97,99,97,0,0,0,0,1,1,0,460049,1420,2009,0,21ST SW,99999999999999999999,0000000,44.34163611,-98.22798611,2,1
46,125,7,27,0,1,1,1,0,0,6,4,0,34,0,1,4,1,2,55,1,2,4,1,0,0,2,1,0,0,6,48,6,55,88,88,0,0,0,0,1,2,1,460050,0,2009,0,269TH ST,99999999999999999999,0000000,43.48961944,-96.98453889,1,1
46,35,7,31,17,42,4,12,0,1,1,1,0,1,0,1,1,2,2,65,1,1,1,2,0,0,1,2,0,1,17,43,99,99,99,99,0,14,0,0,1,6,0,460051,0,2009,3166,I-90 E,99999999999999999999,0000000,43.69585556,-98.32101389,4,2
46,135,8,1,18,27,2,2,0,0,3,3,0,12,5,2,1,5,4,50,1,1,1,1,20,3,1,1,0,0,18,28,18,34,18,48,0,0,0,0,1,7,0,460052,0,2009,3402,SR-52,DEER BLVD,0000000,42.87634722,-97.45655556,2,1
46,123,8,2,12,55,2,2,0,1,2,2,0,12,4,2,1,1,2,65,1,1,1,1,0,0,1,1,0,0,12,59,13,9,13,21,0,0,0,0,1,1,0,460053,0,2009,2539,US-18,317TH AVE,0000000,43.36313889,-99.83041667,2,1
46,39,8,3,19,10,1,1,0,0,4,3,0,31,0,1,4,1,2,65,1,1,2,1,0,0,1,1,0,0,88,88,88,88,88,88,0,0,0,0,1,2,0,460054,0,2009,3790,SR-22,99999999999999999999,0000000,44.747175,-96.49320833,1,1
46,27,7,13,5,4,2,4,0,1,2,3,0,12,3,1,3,2,2,70,1,1,1,1,0,0,2,5,0,0,5,4,5,23,5,43,0,0,0,0,1,2,2,460055,0,2009,4042,SR-50 W,99999999999999999999,0000000,42.82123056,-97.02281667,2,5
46,103,8,8,12,49,1,1,0,1,11,1,0,1,0,13,4,6,1,65,2,1,1,1,0,0,1,1,0,0,12,51,12,55,13,49,0,0,0,0,1,7,1,460056,2250,2009,0,I-90 EB OFF-RAMP,NONE,0000000,44.10521111,-103.2346889,1,1
46,15,8,9,0,32,1,1,0,0,6,4,0,11,0,1,1,1,2,55,1,1,4,1,0,0,2,1,0,0,2,24,2,39,88,88,0,0,0,0,1,1,0,460057,0,2009,0,250TH ST,99999999999999999999,0000000,43.75934444,-99.02133056,1,1
46,109,8,9,11,4,1,1,0,1,1,1,0,1,0,1,4,2,2,75,1,1,1,1,0,0,1,1,0,0,11,8,11,20,11,40,0,0,0,0,1,1,1,460058,0,2009,2495,I-29 N,99999999999999999999,0000000,45.89214444,-96.86511667,1,1
46,77,7,21,23,17,1,1,0,0,3,3,0,11,0,1,1,1,2,65,2,1,1,1,0,0,2,1,0,0,23,17,23,39,23,50,0,0,0,0,1,3,1,460059,0,2009,1256,SR-25,99999999999999999999,0000000,44.54115278,-97.55195556,1,1
46,93,5,17,15,54,2,5,0,1,1,1,0,12,1,1,1,2,2,55,1,2,1,1,0,0,1,1,0,1,15,59,16,5,16,43,0,0,0,0,1,1,0,460060,0,2009,504,I-90,99999999999999999999,0000000,44.17642222,-103.3216,2,1
46,23,8,15,18,5,1,3,0,0,6,4,0,1,0,1,4,1,2,55,1,1,4,1,0,0,1,1,0,0,18,5,18,16,18,33,0,0,0,0,1,7,0,460061,0,2009,0,391ST AVE,99999999999999999999,0000000,43.03466944,-98.36774444,1,1
46,113,5,31,6,30,1,1,0,1,2,2,3,35,0,2,4,1,2,65,1,1,1,2,0,0,4,2,0,0,88,88,88,88,88,88,0,0,0,0,1,1,1,460062,0,2009,1100,US-18,BIA RT 29,0000000,43.04647222,-102.4359472,1,2
46,113,6,3,5,45,1,2,0,1,2,2,3,1,0,1,4,1,2,65,2,3,2,1,0,0,4,1,0,0,99,99,99,99,99,99,0,0,0,0,1,4,0,460063,2165,2009,1024,US-18,99999999999999999999,0000000,43.04098333,-102.5653917,1,1
46,47,8,24,21,20,1,3,0,0,4,3,0,35,0,1,4,1,2,55,1,1,2,1,0,0,2,1,0,0,21,24,21,32,22,50,0,0,0,0,2,2,1,460064,0,2009,3310,SR-71,99999999999999999999,0000000,43.40805833,-103.5099361,1,1
46,19,8,24,17,30,1,2,0,0,4,4,0,1,0,1,4,1,2,55,1,2,4,1,0,0,1,1,0,0,88,88,88,88,88,88,0,0,0,0,2,2,0,460065,0,2009,0,CAMP CROOK RD,99999999999999999999,0000000,44.86708611,-103.8373333,1,1
46,13,8,28,7,36,1,2,0,0,6,4,0,10,0,6,1,1,2,45,1,1,4,1,73,3,1,1,0,0,7,46,7,55,9,4,0,0,0,0,1,6,0,460066,0,2009,0,397TH AVE,NONE,393757S,45.46427222,-98.28822778,1,1
46,93,8,28,20,30,1,2,0,0,4,4,0,1,0,1,4,1,2,55,2,2,2,1,0,0,2,1,0,0,20,33,20,46,22,10,0,0,0,0,1,6,1,460067,0,2009,0,ELK CREEK RD,99999999999999999999,0000000,44.22799167,-103.2383111,1,1
46,31,8,21,12,56,2,7,0,0,4,3,3,12,5,2,1,1,2,55,1,1,2,1,0,0,1,1,0,0,12,56,13,15,13,51,0,0,0,0,1,6,2,460068,0,2009,3834,SR-1806,109TH ST,0000000,45.81839444,-100.4796889,2,1
46,123,9,6,2,45,1,1,0,0,4,4,0,1,0,1,4,1,2,55,1,2,2,1,0,0,2,1,0,0,99,99,99,99,99,99,0,0,0,0,1,1,1,460069,0,2009,0,315TH AVE,99999999999999999999,0000000,43.23903333,-99.87013611,1,1
46,135,9,5,17,10,1,1,0,0,5,4,0,11,0,1,1,1,2,55,1,1,2,1,0,0,1,1,0,0,17,25,17,43,88,88,0,0,0,0,1,7,1,460070,0,2009,0,301ST ST,99999999999999999999,0000000,43.02489722,-97.23335,1,1
46,63,3,8,11,30,1,1,0,0,5,4,0,32,0,1,4,1,2,45,1,1,4,4,0,0,1,1,0,0,88,88,88,88,88,88,0,0,0,0,1,1,0,460071,0,2009,0,LEWTON RD,99999999999999999999,0000000,45.64649722,-103.9831389,1,1
46,103,9,11,13,24,1,2,0,1,1,1,0,1,0,1,3,2,2,75,1,1,1,1,0,0,1,6,0,0,13,24,13,37,14,0,0,0,0,0,1,6,1,460072,0,2009,812,I-90 E,99999999999999999999,0000000,44.10342778,-102.7649111,1,6
46,31,9,14,21,30,1,1,0,1,2,2,3,1,0,1,4,2,2,65,1,1,2,1,0,0,2,1,0,0,21,45,22,0,23,0,0,0,0,0,1,2,0,460073,0,2009,1064,US-12,99999999999999999999,0000000,45.93473889,-101.8761778,1,1
46,27,9,17,23,35,2,2,0,1,2,3,0,12,4,1,1,2,2,70,1,1,2,1,0,0,2,1,0,0,23,38,23,48,0,21,0,0,0,0,1,5,0,460074,0,2009,4120,SR-50,99999999999999999999,0000000,42.78621389,-96.88908889,2,1
46,53,9,19,13,15,2,2,0,1,2,2,0,12,8,1,1,1,2,65,2,1,2,1,0,0,1,1,0,0,13,15,99,99,88,88,0,0,0,0,1,7,0,460075,0,2009,3053,US-18,99999999999999999999,0000000,43.08043889,-98.96061389,2,1
46,123,9,15,17,51,1,1,0,0,3,3,0,1,0,1,4,1,2,65,1,1,2,1,0,0,1,1,0,0,17,58,18,5,18,22,0,0,0,0,1,3,0,460076,0,2009,2623,SR-44,99999999999999999999,0000000,43.38575278,-99.67717778,1,1
46,99,9,16,12,8,1,2,0,1,1,1,0,24,0,10,4,2,4,65,1,2,1,1,0,0,1,1,0,0,12,12,12,21,99,99,0,0,0,0,1,4,0,460077,2450,2009,801,I-29,W MADISON ST,0000000,43.55869722,-96.77971667,1,1
46,135,10,7,11,49,1,2,0,0,4,4,0,1,0,1,4,1,2,55,2,1,2,1,0,0,1,1,0,0,11,49,12,6,99,99,0,0,0,0,1,4,0,460078,0,2009,0,BLUFF RD,99999999999999999999,0000000,42.95439167,-97.17831389,1,1
46,5,10,11,1,35,1,1,0,0,6,4,0,1,0,1,4,1,2,55,1,3,4,5,0,0,2,1,0,0,11,0,11,30,88,88,0,0,0,0,1,1,1,460079,0,2009,0,201ST ST,99999999999999999999,0000000,44.47066667,-98.02081389,1,1
46,45,10,11,19,18,2,2,0,1,2,2,0,12,2,1,1,1,2,65,1,1,2,1,0,0,5,1,0,0,19,18,19,32,88,88,0,0,0,0,1,1,0,460080,0,2009,2777,US-12,99999999999999999999,0000000,45.43576111,-98.733825,2,1
46,99,10,25,2,8,1,1,0,0,14,6,0,42,0,1,3,2,2,45,2,2,1,1,0,0,3,1,0,0,2,9,2,15,2,33,0,20,0,0,1,1,1,460081,2450,2009,0,26TH ST W,99999999999999999999,0000000,43.52736944,-96.78110556,1,1
46,135,10,29,1,17,1,1,0,0,4,4,0,1,0,1,4,1,2,55,1,1,1,2,0,0,2,1,0,0,1,17,1,30,1,49,0,0,0,0,1,5,1,460082,0,2009,0,JIM RIVER RD NW,99999999999999999999,0000000,43.15417778,-97.63016111,1,1
46,109,11,6,13,15,2,4,0,0,3,3,0,12,5,2,1,1,2,65,1,1,2,1,20,3,1,1,0,0,13,30,13,42,99,99,0,0,0,0,2,6,0,460083,0,2009,2338,SR-127,466TH AVE,0000000,45.84885,-96.87561389,2,1
46,83,11,8,16,40,2,4,0,0,3,3,0,12,2,3,1,1,2,65,2,2,1,1,0,0,1,1,0,0,16,40,16,41,88,88,0,0,0,0,2,1,1,460084,0,2009,3841,SR-46,NONE,0000000,43.12596389,-96.47972222,2,1
46,103,11,9,0,0,1,2,0,0,3,4,0,1,0,1,4,1,2,50,1,2,1,1,0,0,2,1,0,0,3,49,3,58,4,11,0,0,0,0,1,2,1,460085,0,2009,0,HAINES AVE,99999999999999999999,0000000,44.13983611,-103.2292889,1,1
46,85,11,13,3,52,1,3,0,0,4,3,0,1,0,1,4,1,2,55,2,1,2,1,0,0,2,1,0,0,3,52,4,12,5,20,0,0,0,0,2,6,1,460086,0,2009,2331,SR-248,99999999999999999999,0000000,43.90866111,-100.1681889,1,1
46,113,9,27,18,12,1,3,0,1,2,2,3,1,0,1,4,1,2,65,2,1,2,1,0,0,1,1,0,0,18,15,18,21,18,40,0,20,0,0,1,1,1,460087,0,2009,991,US-18,99999999999999999999,0000000,43.084025,-102.58855,1,1
46,57,11,20,6,40,2,2,0,0,3,3,0,12,3,2,4,1,2,65,1,3,1,1,20,3,2,1,0,0,99,99,99,99,99,99,0,0,0,0,1,6,0,460088,0,2009,3586,SR-20,464TH AVE,0000000,44.74639444,-96.92508889,2,1
46,93,11,26,8,22,1,1,0,0,3,3,0,1,0,1,4,1,2,65,1,3,2,1,0,0,1,1,0,0,99,99,99,99,99,99,0,0,0,0,1,5,0,460089,0,2009,1560,SR-73,99999999999999999999,0000000,44.75876111,-102.0552778,1,1
46,109,11,30,9,5,1,1,0,1,1,1,0,1,0,1,4,2,2,75,1,1,1,4,0,0,1,1,0,0,9,6,9,23,88,88,0,0,0,0,1,2,0,460090,0,2009,2121,I-29 S,99999999999999999999,0000000,45.38308611,-97.04295278,1,1
46,83,12,2,17,17,2,2,0,0,4,4,0,12,8,1,1,1,2,55,1,1,2,1,0,0,5,1,0,0,99,99,99,99,99,99,0,0,0,0,1,4,0,460091,0,2009,0,294TH ST,99999999999999999999,0000000,43.12686111,-96.87418056,2,1
46,73,12,5,2,24,1,4,0,0,6,4,0,1,0,3,4,1,2,55,2,1,4,1,0,0,2,1,0,0,99,99,99,99,99,99,0,0,0,0,1,7,1,460092,0,2009,0,220TH ST,386TH AVE,0000000,44.19665556,-98.49312778,1,1
46,113,11,20,3,23,1,1,0,1,2,2,3,1,0,1,4,1,2,45,1,1,2,1,0,0,2,1,0,0,99,99,99,99,99,99,0,0,0,0,1,6,1,460093,0,2009,1046,US-18,99999999999999999999,0000000,43.02697778,-102.53655,1,1
46,51,12,15,18,15,1,1,0,0,6,4,0,1,0,1,4,1,2,55,2,1,4,3,0,0,2,1,0,0,99,99,99,99,88,88,0,0,0,0,1,3,1,460094,0,2009,0,467TH AVE,99999999999999999999,0000000,45.20736944,-96.68170556,1,1
46,99,12,18,2,38,2,2,0,0,13,6,0,12,5,2,1,5,4,45,1,1,2,1,3,3,3,1,0,0,99,99,99,99,99,99,0,20,0,0,1,6,1,460095,2450,2009,0,12TH ST W,ELLIS RD S,0000000,43.54389722,-96.83073611,2,1
46,87,12,27,14,26,2,4,0,1,1,1,0,14,9,1,2,2,2,75,1,1,1,3,0,0,1,4,6,0,99,99,99,99,99,99,0,0,0,0,1,1,0,460096,0,2009,3674,I-90,99999999999999999999,0000000,43.66638611,-97.32015833,1,4
46,41,9,25,2,14,1,4,1,1,2,2,3,8,0,1,1,2,2,65,1,3,2,1,0,0,2,1,0,0,99,99,99,99,99,99,0,0,0,0,1,6,1,460097,0,2009,1597,US-212,99999999999999999999,0000000,45.00818611,-101.1617333,1,1
46,137,11,2,0,32,2,2,0,0,3,3,3,12,2,1,1,2,2,65,1,1,2,1,0,0,2,1,0,0,99,99,99,99,99,99,0,0,0,0,1,2,1,460098,0,2009,1641,SR-63,99999999999999999999,0000000,44.95904722,-101.2786361,2,1
46,41,11,30,22,42,1,1,0,1,2,2,3,11,0,1,1,1,2,65,1,1,2,1,0,0,2,1,0,0,99,99,99,99,99,99,0,0,0,0,1,2,0,460099,0,2009,1762,US-212,99999999999999999999,0000000,45.06545278,-100.8360611,1,1
46,113,3,21,13,30,1,1,0,0,4,4,3,1,0,1,4,1,2,55,2,1,2,1,0,0,1,1,0,0,99,99,99,99,99,99,0,0,0,0,1,7,1,460100,0,2009,0,BIA-33,99999999999999999999,0000000,43.40158889,-102.5238222,1,1
46,113,7,8,2,50,1,4,1,0,4,4,3,8,0,1,1,1,2,45,2,1,2,1,0,0,2,1,0,0,99,99,99,99,88,88,0,0,0,0,1,4,0,460101,0,2009,0,BIA-27,99999999999999999999,0000000,43.25373056,-102.3407056,1,1
46,113,7,17,6,28,1,1,0,0,4,4,3,1,0,1,4,1,2,55,2,2,2,1,0,0,2,1,0,0,99,99,99,99,88,88,0,0,0,0,1,6,1,460102,0,2009,0,BIA-41,99999999999999999999,0000000,43.20834167,-102.7839889,1,1
46,71,8,24,19,11,2,6,1,0,3,3,3,8,0,1,2,1,2,55,2,3,2,1,0,0,2,1,0,0,99,99,99,99,99,99,0,0,0,0,1,2,1,460103,0,2009,1550,SR-44,99999999999999999999,0000000,43.57780278,-101.5858861,2,1
46,113,9,13,14,48,1,7,0,0,4,4,3,1,0,1,4,1,2,55,2,1,4,1,0,0,1,1,0,0,99,99,99,99,99,99,0,0,0,0,1,1,1,460104,0,2009,0,BIA-41,99999999999999999999,0000000,43.13816667,-102.811275,1,1
46,113,10,26,21,36,1,3,0,0,5,4,3,1,0,1,4,1,2,55,2,1,4,1,0,0,2,1,0,0,99,99,99,99,99,99,0,0,0,0,1,2,0,460105,0,2009,0,BIA-23,99999999999999999999,0000000,43.20833333,-102.2739833,1,1
46,113,11,7,7,30,1,3,0,0,4,4,3,1,0,1,4,1,2,55,2,3,2,1,0,0,1,1,0,0,99,99,99,99,99,99,0,0,0,0,1,7,0,460106,0,2009,0,BIA-2,99999999999999999999,0000000,43.43339722,-102.1386167,1,1
46,113,11,11,5,32,1,1,0,1,2,2,3,1,0,1,4,1,2,65,2,3,2,1,0,0,1,1,0,0,99,99,99,99,99,99,0,0,0,0,1,4,1,460107,0,2009,1134,US-18,99999999999999999999,0000000,43.04650556,-102.3673389,1,1
46,121,1,31,16,0,2,5,0,1,2,2,3,12,5,1,1,1,2,65,1,1,2,1,0,0,1,1,0,0,99,99,99,99,99,99,0,0,0,0,4,7,1,460108,0,2009,50,US-83,99999999999999999999,0000000,43.06647778,-100.5956611,2,1
46,121,5,2,18,14,1,2,1,1,2,2,3,8,0,1,2,1,2,65,1,1,2,1,0,0,1,1,0,0,99,99,99,99,88,88,0,0,0,0,1,7,1,460109,0,2009,2077,US-18,99999999999999999999,0000000,43.30290278,-100.6905889,1,1
46,121,7,19,3,43,1,1,0,0,4,4,3,1,0,1,4,1,2,35,1,1,4,5,0,0,2,1,0,0,99,99,99,99,88,88,0,0,0,0,1,1,1,460110,0,2009,0,LAKEVIEW RD,99999999999999999999,0000000,43.26665556,-100.7499444,1,1
46,121,7,22,17,5,1,2,0,0,6,4,3,1,0,1,4,1,2,55,1,1,4,1,0,0,1,1,0,0,99,99,99,99,88,88,0,0,0,0,1,4,1,460111,0,2009,0,OLD RING THUNDER RD,99999999999999999999,0000000,43.3253,-100.7904694,1,1
46,121,9,30,0,0,1,1,0,0,4,4,3,1,0,2,4,1,2,65,1,1,2,1,20,3,2,1,0,0,99,99,99,99,88,88,0,0,0,0,1,4,0,460112,0,2009,0,BIA-1,BIA-7,0000000,43.23173889,-100.8677139,1,1
47,5,1,1,0,55,1,1,0,0,4,3,0,42,0,1,4,1,2,55,2,2,2,1,0,0,2,1,0,0,99,99,99,99,99,99,0,0,0,0,1,5,1,470001,0,2009,99999,SR-191,99999999999999999999,0000000,36.05811111,-88.0628,1,1
47,117,1,1,4,40,1,1,0,0,3,3,0,32,0,1,4,1,2,55,1,1,2,1,0,0,2,1,0,0,99,99,99,99,99,99,0,0,0,0,1,5,0,470002,0,2009,13,SR-50,99999999999999999999,0000000,35.49937222,-86.85836111,1,1
47,55,1,3,0,35,1,1,0,1,2,2,0,43,0,1,4,2,2,55,1,2,2,2,0,0,2,5,0,0,0,39,0,51,88,88,0,0,0,0,1,7,1,470003,0,2009,228,US-SR15,99999999999999999999,0000000,35.19449167,-86.87769722,1,5
47,67,1,3,22,0,1,1,0,0,6,4,0,1,0,1,4,1,2,30,2,3,2,2,0,0,2,1,0,0,99,99,99,99,88,88,0,0,0,0,1,7,1,470004,0,2009,10,SNAKE HOLLOW RD,99999999999999999999,0000000,36.53816667,-83.39177778,1,1
47,31,1,4,8,29,2,4,0,1,1,1,0,12,7,1,1,2,2,70,1,1,2,1,0,0,1,1,0,0,99,99,99,99,99,99,0,0,0,0,1,1,0,470005,1550,2009,197,I-24,99999999999999999999,0000000,35.425125,-86.02458611,2,1
47,149,1,4,0,28,2,2,0,0,6,4,0,12,2,1,1,1,2,40,2,3,2,2,0,0,2,1,0,0,99,99,99,99,99,99,0,0,0,0,1,1,1,470006,0,2009,6,VERSAILLES RD,99999999999999999999,0000000,35.74895,-86.53152778,2,1
47,27,1,6,13,35,2,2,0,0,2,3,0,12,2,1,1,1,2,45,2,3,2,2,0,0,1,2,0,0,99,99,99,99,99,99,0,0,0,0,1,3,0,470007,1716,2009,122,SR-52,99999999999999999999,0000000,36.58950556,-85.61698611,2,2
47,155,1,6,23,30,1,1,0,0,14,3,0,38,0,1,4,1,2,45,2,1,2,2,0,0,2,2,0,0,99,99,99,99,99,99,0,0,0,0,1,3,0,470008,0,2009,29,SR-338,99999999999999999999,0000000,35.89446944,-83.71508333,1,2
47,141,1,8,0,30,1,1,0,0,16,6,0,32,0,1,4,1,2,35,1,2,2,2,0,0,2,1,0,0,99,99,99,99,99,99,0,0,0,0,1,5,1,470009,480,2009,3,MINE LICK CREEK RD,99999999999999999999,0000000,36.14283056,-85.54759722,1,1
47,155,1,8,11,34,2,3,0,0,14,3,0,12,5,2,1,1,2,25,1,2,2,1,20,3,1,1,0,0,99,99,99,99,99,99,0,0,0,0,1,5,0,470010,2184,2009,37,SR-338,MISSISSIPPI AVE,0000000,35.89566389,-83.71251667,2,1
47,113,1,10,18,0,3,8,0,1,1,1,0,13,2,1,1,2,2,70,1,1,2,1,0,0,2,1,0,0,99,99,99,99,99,99,0,0,0,0,3,7,0,470011,0,2009,78,I-40,99999999999999999999,0000000,35.63814167,-88.93151389,3,1
47,107,1,18,17,25,1,2,0,0,5,4,0,30,0,1,4,1,2,55,2,2,2,1,0,0,5,1,0,0,99,99,99,99,99,99,0,0,0,0,1,1,1,470012,0,2009,9,CEDAR SPRINGS RD,99999999999999999999,0000000,35.335775,-84.64060278,1,1
47,43,1,19,22,25,1,1,0,0,3,3,0,11,0,1,1,1,2,55,2,1,2,1,0,0,2,1,0,0,99,99,99,99,99,99,0,0,0,0,1,2,0,470013,390,2009,242,SR-49,99999999999999999999,0000000,36.25718333,-87.22609167,1,1
47,33,1,19,17,50,2,2,0,1,2,2,0,12,5,2,1,2,2,65,1,2,2,1,21,3,2,1,0,0,99,99,99,99,99,99,0,0,0,0,1,2,0,470014,0,2009,192,US-SR20,WALNUT HILL RD,0000000,35.71010556,-89.04779444,2,1
47,43,1,20,15,50,1,1,0,0,6,4,0,42,0,1,6,1,2,99,1,1,2,1,0,0,1,1,0,0,99,99,99,99,99,99,0,0,0,0,1,3,0,470015,0,2009,3,MILLER CHAPEL RD,99999999999999999999,0000000,36.30445556,-87.22790556,1,1
47,51,1,22,14,53,2,2,0,0,6,4,0,12,2,1,1,1,2,55,1,3,2,1,0,0,1,1,0,0,99,99,99,99,99,99,0,0,0,0,1,5,0,470016,0,2009,3,DABBS FORD RD,99999999999999999999,0000000,35.30516111,-85.99942222,2,1
47,15,1,23,20,30,2,4,0,0,5,4,0,34,0,1,4,1,2,45,2,2,2,1,0,0,2,1,0,0,99,99,99,99,88,88,0,14,19,0,1,6,1,470017,0,2009,59,BURT BURGEN RD,99999999999999999999,0000000,35.76409444,-86.13342778,2,1
47,35,1,23,22,5,1,3,0,0,6,4,0,36,0,2,4,1,2,30,1,2,2,1,0,0,2,1,0,0,22,38,22,54,23,32,0,0,0,0,1,6,0,470018,0,2009,3,WYCLIFF LN,ALBEMARLE LN,0000000,35.98897222,-84.89113611,1,1
47,143,1,3,17,7,1,1,0,0,15,6,0,34,0,1,4,1,2,30,1,2,2,2,0,0,1,2,0,0,99,99,99,99,88,88,0,0,0,0,1,7,0,470019,590,2009,36,BLACK OAK RIDGE RD,99999999999999999999,0000000,35.46804167,-85.03498056,1,2
47,59,1,30,18,15,1,1,0,0,4,3,0,30,0,1,4,1,2,45,2,1,2,1,0,0,5,1,0,0,99,99,99,99,88,88,0,0,0,0,1,6,0,470020,0,2009,32,SR-172,99999999999999999999,0000000,36.21399167,-82.83498889,1,1
47,107,2,1,14,22,2,3,0,0,13,3,0,12,5,2,1,2,2,50,1,2,2,1,20,3,1,1,0,0,99,99,99,99,99,99,0,0,0,0,1,1,0,470021,110,2009,79,SR-30,VELMA RD,0000000,35.45696111,-84.62948056,2,1
47,35,2,3,3,43,1,1,0,0,2,2,0,32,0,1,4,1,2,55,2,1,2,1,0,0,2,1,0,0,3,39,3,51,4,22,0,0,0,0,1,3,0,470022,0,2009,213,US-SR28,99999999999999999999,0000000,36.04963611,-85.05330833,1,1
47,101,2,2,14,10,1,2,0,1,2,2,0,42,0,1,5,1,2,55,1,1,2,1,0,0,1,1,0,0,99,99,99,99,99,99,0,0,0,0,1,2,0,470023,0,2009,237,US-SR99,99999999999999999999,0000000,35.56724722,-87.41468333,1,1
47,157,1,19,6,30,1,1,0,0,14,3,0,11,0,1,1,2,2,55,1,2,2,1,20,3,4,1,0,0,99,99,99,99,88,88,0,0,0,0,1,2,0,470024,1620,2009,28,SR-388,99999999999999999999,0000000,35.27339167,-90.02632778,1,1
47,113,2,5,99,99,1,1,0,1,2,2,0,24,0,1,4,2,2,65,1,1,2,1,0,0,2,1,0,0,99,99,99,99,88,88,0,0,0,0,1,5,0,470025,0,2009,21,US-SR20,99999999999999999999,0000000,35.6678,-88.90295556,1,1
47,59,2,6,99,99,1,1,0,0,3,3,0,42,0,1,4,1,2,55,1,1,2,1,0,0,9,1,0,0,99,99,99,99,88,88,0,0,0,0,1,6,0,470026,0,2009,130,SR-107,99999999999999999999,0000000,36.14075,-82.68129167,1,1
47,119,1,2,5,34,1,2,0,0,13,3,0,46,0,3,8,2,2,40,2,1,2,2,3,3,3,1,0,0,99,99,99,99,99,99,0,0,0,0,1,6,1,470027,470,2009,143,SR-50,SR-243,0000000,35.60476667,-87.06720833,1,1
47,31,1,16,22,21,1,1,0,0,14,3,0,25,0,1,4,3,2,30,1,1,2,1,0,0,2,1,0,1,99,99,99,99,88,88,0,0,0,0,1,6,1,470028,1550,2009,9,SR-53,99999999999999999999,0000000,35.49883611,-86.08685278,1,1
47,119,1,18,1,23,1,1,0,0,13,3,0,37,0,1,4,2,2,40,2,1,2,1,0,0,3,1,0,0,99,99,99,99,88,88,0,0,0,0,1,1,1,470029,470,2009,139,SR-50,99999999999999999999,0000000,35.61088889,-87.06909722,1,1
47,111,2,7,15,30,1,1,0,0,4,3,0,1,0,3,1,1,2,55,2,2,2,1,20,3,1,1,0,0,99,99,99,99,99,99,0,0,0,0,1,7,0,470030,0,2009,103,SR-10,MAPLE GROVE RD,0000000,36.55497778,-86.04776944,1,1
47,129,1,16,12,40,2,3,0,0,16,6,0,12,2,1,1,1,2,25,2,2,2,1,0,0,1,1,0,0,99,99,99,99,99,99,0,0,0,0,1,6,0,470031,2505,2009,10,MAIN ST,99999999999999999999,0000000,36.10539167,-84.59961389,2,1
47,111,1,10,99,99,1,1,0,0,3,3,0,35,0,1,4,1,2,55,2,2,2,9,0,0,9,9,0,0,99,99,99,99,88,88,0,0,0,0,1,7,1,470032,0,2009,4,SR-10,99999999999999999999,0000000,36.43808056,-86.06810556,1,9
47,21,1,22,13,2,1,1,0,0,5,4,0,34,0,1,4,1,2,45,1,2,2,1,0,0,1,1,0,0,99,99,99,99,99,99,0,0,0,0,1,5,0,470033,0,2009,62,SWEET HOME RD,99999999999999999999,0000000,36.35521111,-87.11134167,1,1
47,45,1,24,5,30,1,1,0,0,4,3,0,34,0,1,4,1,2,55,2,1,2,1,0,0,2,1,0,0,99,99,99,99,99,99,0,0,0,0,1,7,0,470034,0,2009,46,SR-104,99999999999999999999,0000000,36.06084444,-89.59576944,1,1
47,165,2,1,18,49,2,5,0,0,13,2,0,12,2,1,1,1,2,45,1,1,2,1,0,0,3,1,0,0,99,99,99,99,99,99,0,0,0,0,1,1,1,470035,1085,2009,19,US-SR6,99999999999999999999,0000000,36.30288056,-86.63888333,2,1
47,167,1,31,0,20,1,1,0,1,2,2,0,34,0,1,4,2,2,55,1,1,2,1,0,0,2,1,0,0,99,99,99,99,99,99,0,0,0,0,1,7,1,470036,0,2009,116,US-SR3,99999999999999999999,0000000,35.51135278,-89.70875556,1,1
47,133,2,8,3,30,1,1,0,0,3,3,0,32,0,1,4,1,2,45,2,2,2,1,0,0,2,1,0,0,99,99,99,99,99,99,0,0,0,0,1,1,1,470037,0,2009,93,SR-85,99999999999999999999,0000000,36.374425,-85.35967222,1,1