STATE,COUNTY,MONTH,DAY,HOUR,MINUTE,VE_TOTAL,PERSONS,PEDS,NHS,ROAD_FNC,ROUTE,SP_JUR,HARM_EV,MAN_COLL,REL_JUNC,REL_ROAD,TRAF_FLO,NO_LANES,SP_LIMIT,ALIGNMNT,PROFILE,PAVE_TYP,SUR_COND,TRA_CONT,T_CONT_F,LGT_COND,WEATHER1,WEATHER2,WRK_ZONE,NOT_HOUR,NOT_MIN,ARR_HOUR,ARR_MIN,HOSP_HR,HOSP_MN,SCH_BUS,CF1,CF2,CF3,FATALS,DAY_WEEK,DRUNK_DR,ST_CASE,CITY,YEAR,MILEPT,TWAY_ID,TWAY_ID2,RAIL,LATITUDE,LONGITUD,VE_FORMS,WEATHER
47,17,2,9,13,5,1,1,0,0,6,4,0,35,0,1,4,1,2,55,2,1,2,1,0,0,1,1,0,0,99,99,99,99,88,88,0,0,0,0,1,2,1,470038,0,2009,3,DANIEL RD,99999999999999999999,0000000,35.79016944,-88.63837222,1,1
47,93,1,30,21,42,2,4,0,0,5,4,0,12,2,1,1,1,2,40,2,2,2,1,0,0,2,1,0,0,99,99,99,99,99,99,0,0,0,0,2,6,0,470039,0,2009,9,MINE RD,99999999999999999999,0000000,36.07646944,-83.74337222,2,1
47,165,1,23,22,30,1,1,0,0,6,4,0,42,0,4,5,1,2,30,1,1,2,1,0,0,2,1,0,0,99,99,99,99,99,99,0,0,0,0,1,6,0,470040,0,2009,1,LONGVIEW DR,99999999999999999999,0000000,36.37455278,-86.59274722,1,1
47,23,2,9,17,43,2,2,0,1,2,2,0,12,5,2,1,1,2,65,1,2,2,1,0,0,3,1,0,0,99,99,99,99,88,88,0,0,0,0,1,2,0,470041,0,2009,17,US-SR5,MONTEZUMA RD,0000000,35.38554167,-88.641525,2,1
47,85,2,9,21,30,1,1,0,0,6,4,0,34,0,1,6,1,2,45,2,2,2,1,0,0,2,1,0,0,99,99,99,99,88,88,0,0,0,0,1,2,1,470042,0,2009,3,LITTLE HURRICANE CRE,99999999999999999999,0000000,36.08381389,-87.57484444,1,1
47,37,1,2,17,35,1,2,1,0,14,6,0,8,0,1,1,1,2,35,1,1,2,1,0,0,3,1,0,0,99,99,99,99,99,99,0,0,0,0,1,6,0,470043,1760,2009,7,MAIN ST,99999999999999999999,0000000,36.17720556,-86.75398333,1,1
47,37,1,5,17,30,1,2,1,0,14,6,0,8,0,1,1,1,2,40,1,2,2,2,0,0,3,2,0,0,99,99,99,99,99,99,0,0,0,0,1,2,0,470044,1760,2009,38,GALLATIN PIKE,99999999999999999999,0000000,36.21679444,-86.7289,1,2
47,37,1,14,8,40,1,2,0,0,14,6,0,53,0,1,4,2,2,40,1,2,2,1,0,0,1,1,0,0,99,99,99,99,99,99,0,0,0,0,1,4,0,470045,1760,2009,23,BUENA VISTA PIKE,99999999999999999999,0000000,36.19673611,-86.82846944,1,1
47,19,2,12,9,0,2,2,0,0,6,4,0,12,2,1,1,1,2,35,2,2,2,1,0,0,1,1,0,0,99,99,99,99,88,88,0,0,0,0,1,5,0,470046,0,2009,1,LOVERS LN,99999999999999999999,0000000,36.35874444,-82.20613333,2,1
47,125,2,9,19,7,2,3,0,0,13,3,0,12,5,2,1,3,2,55,1,1,2,1,20,3,3,1,0,0,99,99,99,99,99,99,0,0,0,0,1,2,0,470047,410,2009,168,SR-76,FIRE STATION RD,0000000,36.52103611,-87.2355,2,1
47,103,2,12,23,30,1,1,0,0,6,4,0,42,0,1,4,1,2,55,1,1,2,1,0,0,2,1,0,0,99,99,99,99,99,99,0,0,0,0,1,5,0,470048,0,2009,1,CAMARGO RD,99999999999999999999,0000000,35.06807222,-86.62962222,1,1
47,125,2,12,7,28,2,2,0,0,13,3,0,12,5,2,1,2,2,55,1,1,2,1,20,3,1,1,0,0,99,99,99,99,99,99,0,0,0,0,1,5,0,470049,410,2009,159,SR-76,OLD FARMERS RD,0000000,36.51768611,-87.25055,2,1
47,41,2,13,18,40,1,1,0,0,3,3,0,53,0,1,2,1,2,55,2,1,2,1,0,0,5,1,0,0,99,99,99,99,88,88,0,0,0,0,1,6,1,470050,0,2009,0,SR-53,99999999999999999999,0000000,35.95305278,-85.99723333,1,1
47,147,2,13,10,50,1,1,0,0,5,4,0,35,0,1,4,2,2,55,2,2,2,1,0,0,1,1,0,0,99,99,99,99,88,88,0,0,0,0,1,6,0,470051,0,2009,14,OLD WASHINGTON RD,99999999999999999999,0000000,36.53505833,-86.99928333,1,1
47,149,2,16,19,35,1,1,0,0,15,4,0,42,0,1,4,1,2,40,1,1,2,1,0,0,2,1,0,0,99,99,99,99,88,88,0,0,0,0,1,2,1,470052,0,2009,23,ELAM RD,99999999999999999999,0000000,35.76974167,-86.37471667,1,1
47,31,2,17,18,17,1,2,1,1,13,3,0,8,0,1,1,1,4,40,1,1,2,2,0,0,3,2,0,0,99,99,99,99,99,99,0,0,0,0,1,3,0,470053,1550,2009,132,SR-55,99999999999999999999,0000000,35.46844722,-86.08553333,1,2
47,153,2,17,7,15,2,2,0,1,2,3,0,12,1,1,1,3,2,60,1,2,2,1,0,0,1,1,0,0,7,18,7,27,7,39,0,0,0,0,1,3,0,470054,0,2009,54,SR-111,99999999999999999999,0000000,35.35703056,-85.315275,2,1
47,11,2,20,16,35,2,2,0,0,3,3,0,12,2,1,1,1,2,55,1,1,2,1,0,0,1,1,0,0,99,99,99,99,99,99,0,0,0,0,1,6,0,470055,0,2009,10,SR-60,99999999999999999999,0000000,35.00091667,-84.9243,2,1
47,175,2,20,18,54,1,1,0,0,3,3,0,35,0,1,4,1,2,45,2,2,2,1,0,0,2,1,0,0,99,99,99,99,99,99,0,0,0,0,1,6,1,470056,0,2009,75,SR-30,99999999999999999999,0000000,35.73484722,-85.47824167,1,1
47,31,2,24,16,30,1,2,0,0,5,4,0,34,0,1,4,1,2,55,2,1,2,1,0,0,1,1,0,0,99,99,99,99,99,99,0,0,0,0,1,3,1,470057,0,2009,13,BETSY WILLIS RD,99999999999999999999,0000000,35.334575,-85.94705278,1,1
47,45,2,24,13,0,1,1,0,0,4,3,0,42,0,1,4,1,2,55,1,1,2,1,0,0,1,1,0,0,99,99,99,99,88,88,0,0,0,0,1,3,0,470058,0,2009,3,SR-210,99999999999999999999,0000000,35.93354167,-89.38938333,1,1
47,157,2,24,22,35,1,2,1,1,12,3,0,8,0,1,1,2,2,55,1,1,2,1,0,0,2,1,0,0,99,99,99,99,88,88,0,0,0,0,1,3,0,470059,1660,2009,235,SR-385,99999999999999999999,0000000,35.33043889,-89.91315556,1,1
47,131,2,8,18,10,1,2,0,1,2,2,0,24,0,1,3,2,4,55,1,1,2,1,0,0,2,1,0,0,99,99,99,99,99,99,0,0,0,0,1,1,0,470060,2460,2009,125,US-SR3,99999999999999999999,0000000,36.36266667,-89.131325,1,1
47,93,2,17,4,25,1,1,0,0,6,4,0,42,0,1,2,1,2,35,1,1,2,1,0,0,2,1,0,0,99,99,99,99,88,88,0,0,0,0,1,3,0,470061,0,2009,3,SOLWAY RD,99999999999999999999,0000000,35.97823611,-84.18391667,1,1
47,165,2,7,99,99,1,2,0,0,5,4,0,30,0,4,4,1,2,35,2,2,2,1,0,0,2,1,0,0,99,99,99,99,99,99,0,0,0,0,1,7,0,470062,0,2009,8,LATIMER LN,99999999999999999999,0000000,36.39140556,-86.610525,1,1
47,93,2,8,1,47,1,1,0,0,5,6,0,42,0,1,4,1,2,30,1,1,2,1,0,0,2,1,0,0,99,99,99,99,99,99,0,0,0,0,1,1,0,470063,1577,2009,55,CLEAR SPRINGS RD,99999999999999999999,0000000,36.08051944,-83.71799722,1,1
47,125,2,19,9,25,2,2,0,0,14,3,0,12,5,1,1,1,2,50,1,1,2,1,0,0,1,1,0,0,99,99,99,99,88,88,0,0,0,0,1,5,0,470064,0,2009,130,SR-149,99999999999999999999,0000000,36.468475,-87.39236667,2,1
47,35,2,26,22,50,1,4,0,0,4,3,0,30,0,1,4,1,2,45,2,2,2,1,0,0,2,1,0,0,22,55,23,10,23,56,0,0,0,0,1,5,0,470065,0,2009,134,SR-298,99999999999999999999,0000000,36.11081944,-84.92659167,1,1
47,49,2,26,18,0,3,1,0,0,2,2,0,39,0,1,4,1,2,55,1,1,2,1,0,0,2,1,0,0,99,99,99,99,99,99,0,14,0,0,1,5,1,470066,0,2009,232,US-SR28,99999999999999999999,0000000,36.47323333,-84.94843056,1,1
47,103,2,26,21,0,1,1,0,0,6,4,0,42,0,1,4,1,2,55,1,1,2,1,0,0,2,1,0,0,99,99,99,99,99,99,0,0,0,0,1,5,0,470067,0,2009,1,BRADFORD RD,99999999999999999999,0000000,35.20957778,-86.691425,1,1
47,33,2,27,11,0,2,5,0,1,2,2,0,12,5,2,1,2,2,65,1,1,2,1,5,3,1,1,0,0,99,99,99,99,99,99,0,0,0,0,1,6,0,470068,860,2009,14,US-SR20,CHESTNUT BLUFF RD,0000000,35.90020556,-89.24865,2,1
47,125,2,27,18,0,1,1,0,0,6,4,0,38,0,1,4,1,2,45,1,2,2,1,20,3,9,9,0,0,99,99,99,99,88,88,0,0,0,0,1,6,0,470069,0,2009,1,S HINTON RD,99999999999999999999,0000000,36.36885556,-87.28465,1,9
47,105,3,1,2,51,2,2,0,1,1,1,0,12,2,1,1,2,2,65,2,1,2,2,0,0,2,2,0,0,99,99,99,99,99,99,0,0,0,0,1,1,1,470070,0,2009,176,I-75,99999999999999999999,0000000,35.86230833,-84.25843611,2,2
47,99,2,20,13,15,3,5,0,0,5,4,0,12,2,1,1,1,2,45,1,3,2,1,0,0,1,1,0,0,99,99,99,99,99,99,0,0,0,0,1,6,0,470071,0,2009,22,WEAKLEY CREEK RD,99999999999999999999,0000000,35.26485278,-87.29011667,3,1
47,141,2,26,12,30,1,1,0,0,15,6,0,42,0,1,4,1,2,45,1,1,2,1,0,0,1,1,0,0,99,99,99,99,99,99,0,0,0,0,1,5,0,470072,480,2009,3,BUCK MOUNTAIN RD,99999999999999999999,0000000,36.16640278,-85.44833333,1,1
47,73,3,6,19,0,1,1,0,0,5,4,0,38,0,1,4,1,2,40,2,3,2,1,0,0,2,1,0,0,99,99,99,99,99,99,0,0,0,0,1,6,1,470073,0,2009,87,STANLEY VALLEY RD,99999999999999999999,0000000,36.54078056,-82.85035278,1,1
47,63,3,7,16,20,1,1,0,0,16,6,0,39,0,1,4,1,2,45,1,1,2,1,0,0,1,1,0,0,99,99,99,99,88,88,0,0,0,0,1,7,0,470074,2095,2009,0,N 2ND ST,99999999999999999999,0000000,36.25974722,-83.19601389,1,1
47,77,3,7,18,5,1,1,0,0,6,4,0,42,0,1,4,1,2,55,2,2,8,1,0,0,5,1,0,0,99,99,99,99,99,99,0,0,0,0,1,7,1,470075,0,2009,0,BOSS REEVES RD,99999999999999999999,0000000,35.72618056,-88.19507222,1,1
47,41,3,8,6,30,1,1,0,0,5,6,0,1,0,1,4,1,2,25,1,1,2,1,0,0,9,1,0,0,99,99,99,99,88,88,0,0,0,0,1,1,1,470076,2240,2009,12,HURRICANE RIDGE RD,99999999999999999999,0000000,35.99483889,-85.85916389,1,1
47,55,3,8,11,30,1,1,0,0,6,4,0,1,0,1,4,1,2,55,2,2,2,1,0,0,1,1,0,0,11,46,11,55,88,88,0,0,0,0,1,1,0,470077,0,2009,0,CHICKEN CREEK RD,99999999999999999999,0000000,35.16989722,-87.11652778,1,1
47,167,2,10,12,44,2,4,0,1,2,2,0,12,5,2,1,2,4,55,1,1,2,2,3,3,1,2,0,0,99,99,99,99,99,99,0,0,0,0,1,3,0,470078,280,2009,90,US-SR3,E KENWOOD AVE,0000000,35.48350278,-89.73906389,2,2
47,93,2,25,19,4,1,2,1,0,13,2,0,8,0,1,1,2,2,50,1,1,2,1,0,0,3,1,0,0,99,99,99,99,88,88,0,0,0,0,1,4,0,470079,0,2009,22,US-SR9,99999999999999999999,0000000,36.01472222,-84.03757222,1,1
47,77,3,9,0,45,2,4,0,0,6,4,0,12,7,1,1,1,2,55,1,3,2,1,0,0,2,1,0,0,99,99,99,99,99,99,0,0,0,0,1,2,2,470080,0,2009,0,CRAZY DOE RD,99999999999999999999,0000000,35.70195278,-88.38751944,2,1
47,29,3,10,7,15,1,2,1,0,4,3,0,8,0,1,1,1,2,45,1,2,2,1,0,0,2,1,0,0,99,99,99,99,88,88,0,0,0,0,1,3,0,470081,0,2009,108,SR-32,99999999999999999999,0000000,35.79111667,-83.23316111,1,1
47,141,3,11,1,11,1,1,0,0,13,2,0,33,0,2,4,5,2,35,2,1,2,1,0,0,3,1,0,0,99,99,99,99,88,88,0,20,0,0,1,4,1,470082,480,2009,181,US-SR24,WEST BROAD ST,0000000,36.16525833,-85.51269167,1,1
47,89,3,8,15,20,1,2,0,0,6,4,0,1,0,1,4,1,2,35,2,2,2,1,0,0,1,1,0,0,99,99,99,99,99,99,0,0,0,0,1,1,0,470083,0,2009,0,HARBIN RD,99999999999999999999,0000000,36.00415278,-83.52561944,1,1
47,43,3,9,15,5,1,1,0,0,5,4,0,35,0,1,5,1,2,45,2,2,2,1,0,0,1,1,0,0,99,99,99,99,99,99,0,0,0,0,1,2,0,470084,0,2009,41,SPENCERS MILL RD,99999999999999999999,0000000,36.00863889,-87.24151944,1,1
47,113,3,13,21,37,1,1,0,1,2,2,0,36,0,1,4,2,2,65,1,2,2,1,0,0,2,1,0,0,99,99,99,99,99,99,0,0,0,0,1,6,1,470085,0,2009,25,US-SR1,99999999999999999999,0000000,35.67304167,-88.95936667,1,1
47,107,3,16,23,10,1,1,0,0,5,4,0,34,0,1,4,1,2,55,2,1,2,2,0,0,2,5,0,0,99,99,99,99,88,88,0,0,0,0,1,2,1,470086,0,2009,49,MT VERD RD,99999999999999999999,0000000,35.57711667,-84.61888889,1,5
47,37,2,16,11,27,1,1,0,1,1,1,0,1,0,1,4,2,2,70,1,1,2,1,0,0,1,1,0,0,99,99,99,99,88,88,0,20,0,0,1,2,1,470087,1245,2009,90,I-24,99999999999999999999,0000000,36.27091944,-86.79394444,1,1
47,157,3,2,11,0,1,1,0,1,12,3,0,24,0,1,4,3,2,55,1,1,2,1,0,0,1,1,0,0,99,99,99,99,99,99,0,0,0,0,1,2,0,470088,450,2009,151,SR-385,99999999999999999999,0000000,35.02736944,-89.64926944,1,1
47,167,3,8,18,30,2,4,0,1,13,2,0,12,2,1,1,2,2,55,1,2,2,1,0,0,1,1,0,0,99,99,99,99,99,99,0,0,0,0,2,1,0,470089,120,2009,37,US-SR3,99999999999999999999,0000000,35.43165833,-89.80684722,2,1
47,163,2,18,15,18,1,2,0,0,16,6,0,23,0,1,1,1,2,99,1,1,2,2,0,0,1,2,0,0,99,99,99,99,99,99,0,0,0,0,2,4,1,470090,1280,2009,1,WARD RD,99999999999999999999,0000000,36.52013056,-82.56338056,1,2
47,155,1,1,14,50,3,8,0,1,13,3,0,12,5,1,1,2,4,45,2,2,2,1,0,0,1,1,0,0,99,99,99,99,99,99,0,0,0,0,1,5,0,470091,2170,2009,69,SR-66,99999999999999999999,0000000,35.96209167,-83.59436389,3,1
47,157,1,4,19,24,3,9,0,1,13,2,0,12,5,2,1,2,4,45,1,1,2,2,3,1,2,2,0,0,99,99,99,99,99,99,0,1,14,0,1,1,0,470092,1620,2009,48,US-SR4,WINCHESTER RD,0000000,35.051575,-89.92613333,3,2
47,157,1,6,4,37,1,2,0,0,16,6,0,34,0,1,4,1,2,30,2,1,2,2,40,3,3,2,0,0,99,99,99,99,99,99,0,0,0,0,1,3,1,470093,1620,2009,0,CARNES AVE,99999999999999999999,9999999,35.11336111,-89.99537778,1,2
47,93,1,6,18,10,1,1,0,0,14,3,0,42,0,1,3,2,4,50,1,1,2,2,0,0,2,2,0,0,99,99,99,99,99,99,0,0,0,0,1,3,0,470094,1300,2009,99999,SR-169,99999999999999999999,0000000,35.94582222,-84.02248889,1,2
47,93,1,10,20,8,1,3,0,1,11,1,0,42,0,1,4,3,3,55,1,1,2,2,0,0,2,2,0,0,99,99,99,99,99,99,0,0,0,0,1,7,0,470095,1300,2009,287,I-40,99999999999999999999,0000000,36.00300833,-83.779375,1,2
47,89,1,17,12,4,1,1,0,0,16,6,0,42,0,1,4,1,2,35,1,1,2,1,0,0,1,1,0,0,99,99,99,99,99,99,0,0,0,0,1,7,0,470096,2364,2009,5,HODGES SWITCH RD,99999999999999999999,0000000,36.07376111,-83.6512,1,1
47,157,1,16,18,36,1,2,1,0,13,6,0,8,0,1,1,1,6,40,2,1,2,1,0,0,3,1,0,0,99,99,99,99,99,99,0,0,0,0,1,6,0,470097,1620,2009,47,SYCAMORE VIEW RD,99999999999999999999,0000000,35.171375,-89.86782778,1,1
47,93,2,8,11,56,2,2,0,0,13,2,0,12,5,2,1,1,2,50,2,2,2,1,0,0,1,1,0,0,99,99,99,99,99,99,0,0,0,0,1,1,0,470099,1300,2009,40,US-SR71,NIXON RD,0000000,35.91093056,-83.85389444,2,1
47,157,2,8,15,35,1,1,0,1,11,1,0,25,0,1,4,3,6,55,2,1,2,1,0,0,1,1,0,0,99,99,99,99,88,88,0,0,0,0,1,1,0,470100,1620,2009,107,I-55,99999999999999999999,0000000,35.11281111,-90.07453889,1,1
47,157,1,21,19,41,1,3,0,0,14,6,0,24,0,1,4,1,2,45,2,1,2,1,0,0,3,1,0,0,99,99,99,99,99,99,0,0,0,0,1,4,1,470101,1620,2009,46,N SECOND ST,99999999999999999999,0000000,35.20130556,-90.050425,1,1
47,157,2,14,19,30,1,2,1,1,13,2,0,8,0,1,1,1,6,40,1,1,2,1,0,0,3,1,0,0,99,99,99,99,99,99,0,0,0,0,1,7,0,470102,1620,2009,61,US-SR14,99999999999999999999,0000000,35.05983333,-90.05955,1,1
47,93,2,5,22,2,1,2,1,0,15,6,0,8,0,1,1,1,3,35,1,1,2,1,0,0,3,1,0,0,99,99,99,99,99,99,0,0,0,0,1,5,0,470103,1300,2009,13,SUTHERLAND AVE,99999999999999999999,0000000,35.94725556,-83.97832222,1,1
47,93,2,14,20,21,1,2,0,0,16,6,0,33,0,1,4,1,2,30,2,2,2,1,0,0,3,1,0,0,99,99,99,99,99,99,0,0,0,0,1,7,1,470104,1300,2009,5,BLACKSTOCK AVE,99999999999999999999,0000000,35.963375,-83.93765833,1,1
47,155,2,14,2,5,3,7,0,0,13,2,0,12,8,1,1,1,4,35,1,2,2,1,0,0,2,1,0,0,99,99,99,99,99,99,0,0,0,0,1,7,1,470105,2170,2009,131,US-SR35,99999999999999999999,0000000,35.87448333,-83.58580556,3,1
47,157,2,7,18,30,1,2,1,1,13,2,0,8,0,1,1,1,4,40,1,1,2,1,0,0,3,1,0,0,99,99,99,99,99,99,0,0,0,0,1,7,0,470106,1620,2009,170,US-SR3,99999999999999999999,0000000,35.21395278,-90.03168333,1,1
47,149,2,21,4,6,1,1,0,0,13,3,0,33,0,4,4,2,2,30,2,1,2,1,3,3,3,1,0,0,99,99,99,99,99,99,0,0,0,0,1,7,1,470107,1750,2009,127,SR-96,99999999999999999999,0000000,35.85891389,-86.37043611,1,1
47,65,2,20,7,45,1,2,1,0,15,6,0,8,0,3,1,1,2,30,2,2,2,1,0,0,1,1,0,0,99,99,99,99,99,99,0,0,0,0,1,6,0,470108,750,2009,19,S SEMINOLE DR,WAKULLA DR,0000000,35.00181389,-85.26740833,1,1
47,163,2,20,21,36,1,1,0,0,14,3,0,34,0,1,4,1,2,45,1,1,2,1,0,0,2,1,0,0,99,99,99,99,99,99,0,0,0,0,1,6,1,470109,290,2009,216,SR-126,99999999999999999999,0000000,36.57589444,-82.243975,1,1
47,65,2,24,20,44,1,2,1,0,14,2,0,8,0,1,1,1,2,45,2,2,2,1,0,0,3,1,0,0,99,99,99,99,88,88,0,0,0,0,1,3,0,470110,400,2009,20,US-SR2,99999999999999999999,0000000,35.0193,-85.38564722,1,1
47,65,3,6,6,40,1,2,1,0,14,6,0,9,0,1,1,2,2,40,1,1,2,1,0,0,2,1,0,0,99,99,99,99,99,99,0,0,0,0,1,6,0,470111,400,2009,18,ASHLAND TERRACE,99999999999999999999,0000000,35.11404444,-85.26032778,1,1
47,145,3,9,1,20,3,3,0,1,11,1,0,24,0,1,4,3,2,70,2,1,2,1,0,0,2,1,0,0,99,99,99,99,99,99,0,14,0,0,1,2,0,470112,0,2009,99,I-40,99999999999999999999,0000000,35.89504722,-84.54564167,3,1
47,77,3,14,21,50,1,4,0,0,4,3,0,42,0,1,4,1,2,55,2,2,2,2,0,0,2,2,0,0,99,99,99,99,99,99,0,0,0,0,2,7,1,470113,0,2009,221,SR-104,99999999999999999999,0000000,35.58873056,-88.35501111,1,2
47,37,2,14,3,0,1,2,0,0,16,6,0,42,0,1,5,1,2,20,2,2,2,1,0,0,3,1,0,0,99,99,99,99,99,99,0,0,0,0,1,7,1,470114,1760,2009,2,MAIN DR,99999999999999999999,0000000,36.16551111,-86.73353611,1,1
47,61,3,17,17,50,1,1,0,0,6,4,0,34,0,1,4,1,2,55,2,2,4,1,0,0,1,1,0,0,99,99,99,99,99,99,0,0,0,0,1,3,1,470115,0,2009,0,FLAT BRANCH RD,99999999999999999999,0000000,35.30466389,-85.71274444,1,1
47,65,2,7,22,56,2,2,0,0,14,4,0,12,2,1,1,1,2,40,2,2,2,1,0,0,2,1,0,0,99,99,99,99,99,99,0,0,0,0,1,7,1,470116,0,2009,1,W ROAD,99999999999999999999,0000000,35.12243056,-85.32315,2,1
47,189,3,17,22,32,1,1,0,0,14,6,0,43,0,1,4,1,2,50,2,1,2,1,0,0,2,1,0,0,99,99,99,99,88,88,0,0,0,0,1,3,1,470117,1360,2009,14,LEEVILLE PIKE,99999999999999999999,0000000,36.18881389,-86.36178611,1,1
47,143,3,18,21,55,1,1,0,0,3,3,0,42,0,1,4,1,2,40,2,1,2,1,0,0,2,1,0,0,99,99,99,99,88,88,0,0,0,0,1,4,1,470118,0,2009,163,SR-30,99999999999999999999,0000000,35.53615278,-84.90373333,1,1
47,1,1,20,6,55,2,3,0,1,13,3,0,12,5,1,1,2,2,45,2,2,2,4,0,0,3,4,0,0,99,99,99,99,99,99,0,0,0,0,1,3,0,470119,1850,2009,65,SR-95,99999999999999999999,0000000,36.03688333,-84.22320833,2,4
47,3,3,20,21,55,1,1,0,0,4,3,0,42,0,1,4,1,2,55,1,2,2,1,0,0,2,1,0,0,99,99,99,99,99,99,0,0,0,0,1,6,1,470120,0,2009,141,SR-82,99999999999999999999,0000000,35.58440833,-86.38716111,1,1
47,115,3,21,17,0,2,3,0,0,4,2,0,12,5,1,1,1,2,45,2,2,2,1,0,0,1,1,0,0,99,99,99,99,99,99,0,0,0,0,1,7,0,470121,0,2009,45,US-SR150,99999999999999999999,0000000,35.12540278,-85.64852222,2,1
47,119,3,21,99,99,1,2,0,1,1,1,0,1,0,13,4,6,1,70,2,2,2,1,0,0,2,1,0,0,99,99,99,99,88,88,0,0,0,0,2,7,1,470122,0,2009,20,I-65 RAMP,99999999999999999999,0000000,35.51567778,-86.89684167,1,1
47,43,3,22,2,35,1,8,0,0,5,4,0,34,0,1,5,1,2,45,2,1,2,1,0,0,2,1,0,0,99,99,99,99,99,99,0,0,0,0,1,1,0,470123,0,2009,2,NEW DRY HOLLOW RD,99999999999999999999,0000000,36.23735556,-87.44277778,1,1
47,59,3,23,3,24,1,2,0,0,6,4,0,53,0,1,4,1,2,35,1,1,2,1,0,0,2,1,0,0,99,99,99,99,88,88,0,0,0,0,1,2,1,470124,0,2009,0,HARTMAN LN,99999999999999999999,0000000,36.14531944,-82.87948333,1,1
47,105,3,23,3,30,1,1,0,1,1,1,0,24,0,5,3,6,2,55,2,2,2,1,0,0,2,1,0,0,99,99,99,99,88,88,0,0,0,0,1,2,1,470125,0,2009,42,I-40 RAMP,99999999999999999999,0000000,35.86902222,-84.25685278,1,1
47,107,3,23,15,40,1,1,0,1,1,1,0,42,0,1,4,2,2,70,1,1,2,1,0,0,1,1,0,0,99,99,99,99,88,88,0,0,0,0,1,2,0,470126,0,2009,34,I-75,99999999999999999999,0000000,35.34674167,-84.75012222,1,1
47,149,3,23,19,4,1,3,0,0,4,3,0,5,0,1,1,1,2,55,1,2,2,1,0,0,2,1,0,0,99,99,99,99,88,88,0,0,0,0,1,2,0,470127,0,2009,178,SR-269,99999999999999999999,0000000,35.67297778,-86.36093889,1,1
47,65,2,27,20,9,2,2,0,0,13,2,0,12,2,2,1,2,2,35,1,1,2,1,0,0,3,1,0,0,99,99,99,99,99,99,0,0,0,0,1,6,0,470128,400,2009,128,US-SR2,TALLEY RD,0000000,35.02178056,-85.24150833,2,1
47,87,3,24,21,37,1,1,0,0,6,4,0,42,0,1,4,1,2,55,2,1,4,1,0,0,2,1,0,0,99,99,99,99,88,88,0,0,0,0,1,3,1,470129,0,2009,0,MAYBERRY SAWYER LN,99999999999999999999,0000000,36.327875,-85.55154444,1,1
47,25,1,25,0,30,1,1,0,0,4,3,0,17,0,1,4,1,2,45,2,1,2,1,0,0,2,1,0,0,99,99,99,99,99,99,0,0,0,0,1,1,1,470130,0,2009,12,SR-90,99999999999999999999,0000000,36.55686111,-83.96440833,1,1
47,65,3,9,14,13,3,4,0,0,13,3,0,12,6,1,1,2,3,40,1,1,2,1,0,0,1,1,0,0,99,99,99,99,99,99,0,0,0,0,1,2,0,470131,400,2009,51,SR-58,99999999999999999999,0000000,35.08489167,-85.19724444,3,1
47,53,3,25,1,0,1,1,0,0,4,3,0,34,0,1,4,1,2,55,1,1,2,2,0,0,2,2,0,0,99,99,99,99,99,99,0,0,0,0,1,4,1,470132,0,2009,8,SR-187,99999999999999999999,0000000,35.85207222,-88.85853333,1,2
47,31,3,10,18,40,2,5,0,0,4,2,0,12,1,1,1,1,2,45,1,1,2,1,0,0,1,1,0,0,99,99,99,99,99,99,0,0,0,0,1,3,0,470133,1121,2009,221,US-SR2,99999999999999999999,0000000,35.41374722,-85.97480833,2,1
47,167,3,6,12,32,1,1,0,0,4,3,0,30,0,1,6,1,2,55,2,1,2,1,0,0,1,1,0,0,99,99,99,99,99,99,0,0,0,0,1,6,0,470134,0,2009,56,SR-178,99999999999999999999,0000000,35.4804,-89.84591111,1,1
47,149,4,1,0,1,1,1,0,0,6,4,0,42,0,1,4,1,2,40,2,1,2,2,0,0,9,9,0,0,99,99,99,99,88,88,0,0,0,0,1,4,1,470135,0,2009,0,GOOCHIE FORD RD,99999999999999999999,0000000,35.86329167,-86.19184444,1,9
47,119,4,4,14,20,1,1,0,0,5,4,0,38,0,1,4,1,2,55,1,1,2,1,0,0,1,1,0,0,99,99,99,99,88,88,0,0,0,0,1,7,0,470136,0,2009,11,TROUSDALE LN,99999999999999999999,0000000,35.53889722,-87.131775,1,1
47,181,3,30,21,10,2,2,0,0,5,4,0,14,9,1,4,1,2,55,2,1,2,1,0,0,2,1,0,0,99,99,99,99,99,99,0,0,0,0,1,2,1,470137,0,2009,33,RAILROAD BED RD,99999999999999999999,0000000,35.16125,-87.68411667,1,1
47,129,4,4,9,40,1,1,0,0,5,4,0,1,0,1,4,1,2,35,1,1,2,1,0,0,1,1,0,0,99,99,99,99,99,99,0,0,0,0,1,7,0,470138,0,2009,5,GOBEY RD,99999999999999999999,0000000,36.12439167,-84.60774167,1,1