STATE,COUNTY,MONTH,DAY,HOUR,MINUTE,VE_TOTAL,PERSONS,PEDS,NHS,ROAD_FNC,ROUTE,SP_JUR,HARM_EV,MAN_COLL,REL_JUNC,REL_ROAD,TRAF_FLO,NO_LANES,SP_LIMIT,ALIGNMNT,PROFILE,PAVE_TYP,SUR_COND,TRA_CONT,T_CONT_F,LGT_COND,WEATHER1,WEATHER2,WRK_ZONE,NOT_HOUR,NOT_MIN,ARR_HOUR,ARR_MIN,HOSP_HR,HOSP_MN,SCH_BUS,CF1,CF2,CF3,FATALS,DAY_WEEK,DRUNK_DR,ST_CASE,CITY,YEAR,MILEPT,TWAY_ID,TWAY_ID2,RAIL,LATITUDE,LONGITUD,VE_FORMS,WEATHER
47,149,4,2,99,99,1,1,0,0,6,4,0,38,0,1,4,1,2,40,2,1,2,1,0,0,9,9,0,0,99,99,99,99,99,99,0,0,0,0,1,5,0,470139,0,2009,1,MT PLEASANT RD,99999999999999999999,0000000,35.75585556,-86.53130556,1,9
47,157,3,11,23,30,2,2,0,1,13,2,0,12,5,2,1,1,4,50,1,1,2,1,0,0,3,1,0,0,99,99,99,99,99,99,0,0,0,0,1,4,0,470140,1620,2009,13,US-SR14,AIRVIEW RD,0000000,35.00470278,-90.10763889,2,1
47,157,3,4,11,34,1,1,0,1,11,1,0,24,0,13,8,6,4,65,2,2,2,1,0,0,1,1,0,0,99,99,99,99,99,99,0,0,0,0,1,4,0,470141,1620,2009,99999,I-240 RAMP,99999999999999999999,0000000,35.15001667,-89.88130833,1,1
47,157,3,12,5,7,1,1,0,0,15,6,0,33,0,1,4,1,2,40,1,2,2,2,0,0,1,2,0,0,99,99,99,99,88,88,0,0,0,0,1,5,0,470142,1620,2009,4,PRESCOTT RD,99999999999999999999,0000000,35.04654167,-89.94348611,1,2
47,13,4,3,16,0,1,2,0,0,5,4,0,1,0,1,1,1,2,40,2,2,2,1,0,0,1,1,0,0,99,99,99,99,99,99,0,0,0,0,1,6,1,470143,0,2009,36,TOWE STRING RD,99999999999999999999,0000000,36.33747222,-84.1499,1,1
47,57,3,16,3,15,1,1,0,1,2,2,0,24,0,2,4,2,4,55,2,2,2,1,0,0,2,1,0,0,99,99,99,99,88,88,0,0,0,0,1,2,0,470144,2388,2009,18,US-SR32,KINCAID FARMS RD,0000000,36.36265556,-83.43227222,1,1
47,87,4,4,8,40,1,1,0,0,6,4,0,35,0,1,4,1,2,55,2,2,2,1,0,0,1,1,0,0,99,99,99,99,88,88,0,0,0,0,1,7,0,470145,0,2009,0,ALLENTOWN RD,99999999999999999999,0000000,36.30702778,-85.67013056,1,1
47,1,4,5,18,30,4,5,0,0,4,2,0,12,5,2,1,2,2,50,1,2,2,1,0,0,1,1,0,0,99,99,99,99,99,99,0,14,0,0,1,1,0,470146,1820,2009,224,US-SR61,US-SR71,0000000,36.18588056,-84.06261944,4,1
47,51,4,5,21,45,2,2,0,0,4,3,0,12,2,1,1,1,2,45,2,2,2,2,0,0,2,2,0,0,99,99,99,99,99,99,0,0,0,0,1,1,0,470147,0,2009,37,SR-476,99999999999999999999,0000000,35.22003889,-86.23990833,2,2
47,103,4,6,15,15,2,2,0,0,4,3,0,12,5,2,1,1,2,40,1,1,2,2,20,3,1,2,0,0,99,99,99,99,99,99,0,0,0,0,1,2,0,470148,2370,2009,86,SR-110,SR-274,0000000,35.020625,-86.71811667,2,2
47,3,3,14,18,3,2,7,0,1,13,2,0,12,2,2,1,1,4,30,1,1,2,2,0,0,1,2,0,0,99,99,99,99,99,99,0,0,0,0,1,7,1,470149,2200,2009,114,US-SR10,SCOTLAND HEIGHTS,0000000,35.50040278,-86.4576,2,2
47,73,3,16,7,15,2,2,0,0,3,3,0,12,5,4,1,1,3,55,1,2,2,1,0,0,7,1,0,0,99,99,99,99,99,99,0,0,0,0,1,2,0,470150,2080,2009,111,SR-66,99999999999999999999,0000000,36.39023611,-83.01191111,2,1
47,13,4,6,6,25,2,2,0,0,2,3,0,12,4,1,1,1,2,55,1,2,2,2,0,0,2,1,0,0,99,99,99,99,88,88,0,0,0,0,1,2,0,470151,0,2009,163,SR-63,99999999999999999999,0000000,36.44533889,-83.966725,2,1
47,127,4,6,12,5,2,4,0,1,2,2,0,12,2,1,1,1,2,55,1,1,2,2,0,0,1,2,0,0,99,99,99,99,99,99,0,0,0,0,1,2,0,470152,0,2009,4,US-SR16,99999999999999999999,0000000,35.40827222,-86.26566944,2,2
47,59,4,10,7,0,2,2,0,0,3,3,0,12,2,1,1,1,2,50,1,3,2,1,0,0,1,1,0,0,99,99,99,99,99,99,0,0,0,0,1,6,0,470153,0,2009,88,SR-93,99999999999999999999,0000000,36.28238889,-82.73830556,2,1
47,155,4,10,10,15,1,4,0,0,3,2,0,43,0,1,4,1,2,55,1,1,2,6,0,0,1,2,0,0,99,99,99,99,99,99,0,5,0,0,1,6,0,470154,0,2009,264,US-SR35,99999999999999999999,0000000,35.91203611,-83.37024444,1,2
47,99,4,5,0,20,1,1,0,0,5,4,0,34,0,1,5,1,2,45,2,1,2,1,0,0,2,1,0,0,99,99,99,99,88,88,0,0,0,0,1,1,1,470155,0,2009,14,RAILROAD BED PIKE,99999999999999999999,0000000,35.43753611,-87.42534722,1,1
47,75,3,14,12,15,1,2,0,0,4,3,0,42,0,1,4,1,2,55,2,1,2,1,0,0,1,1,0,0,99,99,99,99,88,88,0,0,0,0,2,7,0,470156,0,2009,45,SR-180,99999999999999999999,0000000,35.75115556,-89.39459722,1,1
47,107,4,11,23,45,1,1,0,0,14,3,0,34,0,1,4,1,2,45,1,1,2,1,0,0,3,1,0,0,99,99,99,99,88,88,0,0,0,0,1,7,1,470157,110,2009,102,SR-39,99999999999999999999,0000000,35.42798333,-84.5712,1,1
47,109,3,29,15,30,1,5,0,0,6,4,0,42,0,1,4,1,2,55,1,2,2,1,0,0,1,1,0,0,99,99,99,99,99,99,0,0,0,0,4,1,0,470158,0,2009,0,DAVIS YANCEY RD,99999999999999999999,0000000,35.01049444,-88.45914167,1,1
47,13,4,7,23,17,2,2,0,1,1,1,0,12,1,1,1,3,2,70,1,2,2,1,0,0,2,1,0,0,99,99,99,99,99,99,0,19,0,0,1,3,0,470159,0,2009,303,I-75,99999999999999999999,0000000,36.57346389,-84.11731944,2,1
47,145,4,7,6,45,2,5,0,1,2,3,0,12,2,1,1,1,2,55,1,2,2,2,0,0,2,4,0,0,99,99,99,99,99,99,1,0,0,0,1,3,0,470160,0,2009,137,SR-61,99999999999999999999,0000000,36.00450556,-84.39649722,2,4
47,53,4,10,21,10,1,4,0,0,4,3,0,42,0,1,4,1,2,55,2,1,2,1,0,0,2,1,0,0,99,99,99,99,99,99,0,0,0,0,1,6,0,470161,0,2009,33,SR-420,99999999999999999999,0000000,35.882675,-88.87120833,1,1
47,141,4,12,4,57,1,1,0,1,11,1,0,42,0,1,3,2,2,70,1,1,2,1,0,0,3,1,0,0,99,99,99,99,99,99,0,0,0,0,1,1,1,470162,0,2009,187,I-40,99999999999999999999,0000000,36.13683056,-85.52283056,1,1
47,163,4,9,14,36,2,2,0,0,14,3,0,12,1,3,1,2,2,45,1,1,2,1,1,3,1,1,0,0,99,99,99,99,99,99,0,0,0,0,1,5,1,470163,1280,2009,5,SR-126,MEADOWVIEW PKWY,0000000,36.51059444,-82.56134444,2,1
47,107,4,11,21,30,1,2,1,0,14,6,0,9,0,2,1,1,2,35,1,1,2,1,0,0,3,1,0,0,99,99,99,99,99,99,0,0,0,0,1,7,0,470164,110,2009,6,COOK DR,KILGORE ST,0000000,35.44568889,-84.59959722,1,1
47,187,4,14,19,20,1,1,0,0,3,2,0,34,0,1,4,1,4,45,1,2,2,1,0,0,2,1,0,0,99,99,99,99,88,88,0,0,0,0,1,3,0,470165,0,2009,56,US-SR6,99999999999999999999,0000000,35.82882222,-86.88317778,1,1
47,51,4,15,12,25,1,1,0,0,16,6,0,32,0,2,5,1,2,30,1,1,2,1,0,0,1,1,0,0,99,99,99,99,99,99,0,0,0,0,1,4,0,470166,2470,2009,0,OLD ESTILL SPRINGS R,RHONDI LN,0000000,35.34491944,-86.18685278,1,1
47,63,4,16,4,30,1,1,0,0,4,3,0,42,0,2,5,1,2,50,1,2,2,1,20,3,2,1,0,0,99,99,99,99,99,99,0,0,0,0,1,5,1,470167,0,2009,2,SR-342,HIAWATHA RD,0000000,36.20331667,-83.40441944,1,1
47,189,4,17,18,40,2,3,0,0,5,4,0,12,1,1,1,1,2,35,1,2,2,1,0,0,1,1,0,0,99,99,99,99,88,88,0,0,0,0,1,6,1,470168,0,2009,93,STEWARTS FERRY PIKE,99999999999999999999,0000000,36.12329167,-86.50823611,2,1
47,87,4,18,17,50,1,1,0,0,6,4,0,42,0,1,4,1,2,55,1,2,4,1,0,0,1,1,0,0,99,99,99,99,88,88,0,0,0,0,1,7,1,470169,0,2009,1,BIG BOTTOM RD,99999999999999999999,0000000,36.47615833,-85.60826944,1,1
47,149,4,18,15,20,1,1,0,0,5,4,0,35,0,1,4,1,2,40,1,1,2,1,0,0,1,1,0,0,99,99,99,99,99,99,0,0,0,0,1,7,0,470170,0,2009,84,CRIPPLE CREEK RD,99999999999999999999,0000000,35.77941111,-86.21103611,1,1
47,187,3,15,4,35,1,3,0,0,16,6,0,38,0,1,4,1,2,40,2,2,2,2,0,0,2,2,0,0,99,99,99,99,99,99,0,0,0,0,1,1,1,470171,1808,2009,0,SAM DONALD RD,99999999999999999999,0000000,35.95074444,-86.67077778,1,2
47,145,4,16,11,49,3,1,0,0,5,4,0,27,0,1,4,1,2,35,2,2,2,1,0,0,1,1,0,0,99,99,99,99,99,99,0,0,0,0,1,5,1,470172,0,2009,39,CANEY CREEK RD,99999999999999999999,0000000,35.85494444,-84.59974722,1,1
47,105,4,18,99,99,1,1,0,0,5,4,0,32,0,1,4,1,2,35,2,2,2,1,0,0,2,1,0,0,99,99,99,99,88,88,0,0,0,0,1,7,1,470173,0,2009,40,STEEKEE RD,99999999999999999999,0000000,35.71551667,-84.34638611,1,1
47,145,4,13,19,40,3,3,0,1,2,2,0,12,5,3,1,5,2,55,2,1,2,2,0,0,1,2,0,0,99,99,99,99,99,99,0,0,0,0,1,2,0,470174,0,2009,15,US-SR29,TEASLEY RD,0000000,35.81152222,-84.73335278,3,2
47,63,4,15,8,45,1,3,0,0,15,3,0,21,0,1,4,1,2,45,1,1,2,1,0,0,1,1,0,0,99,99,99,99,99,99,0,0,0,0,1,4,0,470175,0,2009,7,SR-344,99999999999999999999,0000000,36.26241944,-83.18721389,1,1
47,131,4,17,18,39,2,2,0,0,4,3,0,12,2,2,1,1,2,30,2,1,2,1,0,0,1,1,0,0,99,99,99,99,88,88,0,0,0,0,1,6,0,470177,0,2009,41,SR-89,STURDIVANT RD,0000000,36.20527222,-89.09591389,2,1
47,155,4,19,8,15,2,3,0,0,6,4,0,12,2,1,1,1,2,30,2,1,2,1,0,0,1,1,0,0,99,99,99,99,99,99,0,0,0,0,1,1,1,470178,0,2009,0,ALPINE DR,99999999999999999999,0000000,35.85114722,-83.33919444,2,1
47,175,4,19,15,35,1,6,0,0,16,6,0,1,0,1,5,1,2,35,2,2,2,2,0,0,1,2,0,0,99,99,99,99,99,99,0,0,0,0,1,1,0,470179,2320,2009,0,DRAKE & SHOCKLEY RD,99999999999999999999,0000000,35.73091111,-85.46296111,1,2
47,157,3,29,21,45,2,4,0,0,14,6,0,12,5,2,1,1,2,35,1,1,2,1,20,3,3,1,0,0,99,99,99,99,99,99,0,0,0,0,1,1,0,470180,1620,2009,72,RANGELINE RD,ORMAN AVE,0000000,35.21821667,-89.97553889,2,1
47,65,4,1,17,0,1,2,1,1,13,6,0,8,0,1,1,2,2,25,1,1,2,1,0,0,1,1,0,0,99,99,99,99,99,99,0,0,0,0,1,4,0,470181,400,2009,20,MCCALLIE AVE,99999999999999999999,0000000,35.04374444,-85.29579167,1,1
47,81,4,7,16,13,2,3,0,0,4,3,0,12,5,3,1,1,2,50,1,1,2,1,20,3,1,1,0,0,99,99,99,99,99,99,0,0,0,0,1,3,0,470182,370,2009,180,SR-48,SR-100,0000000,35.76295,-87.46237222,2,1
47,145,4,21,17,37,2,4,0,0,4,2,0,12,2,1,1,1,2,55,1,2,2,1,0,0,1,1,0,0,99,99,99,99,99,99,0,0,0,0,1,3,0,470183,0,2009,194,US-SR1,99999999999999999999,0000000,35.85770556,-84.47151111,2,1
47,93,4,24,2,40,1,1,0,0,13,3,0,32,0,1,4,1,2,45,1,2,2,1,0,0,3,1,0,0,99,99,99,99,88,88,0,0,0,0,1,6,0,470184,1300,2009,109,SR-62,99999999999999999999,0000000,35.98005833,-84.016275,1,1
47,43,4,11,12,57,2,2,0,0,5,4,0,12,2,1,1,1,2,45,1,2,2,1,0,0,1,1,0,0,99,99,99,99,88,88,0,0,0,0,1,7,0,470185,0,2009,13,COUNTY HOUSE RD,99999999999999999999,0000000,36.16092778,-87.29703889,2,1
47,157,4,22,16,20,2,2,0,0,14,6,0,12,2,1,1,1,4,40,2,3,2,1,0,0,1,1,0,0,99,99,99,99,99,99,0,0,0,0,1,4,0,470186,160,2009,104,YALE RD,99999999999999999999,0000000,35.21662778,-89.85179722,2,1
47,149,4,24,21,54,2,2,0,1,11,1,0,14,1,1,2,2,2,70,1,1,2,1,40,3,2,1,0,2,99,99,99,99,99,99,0,0,0,0,1,6,0,470187,0,2009,223,I-24,99999999999999999999,0000000,35.76287778,-86.35486389,1,1
47,23,4,28,23,35,1,1,0,1,13,2,0,42,0,1,5,2,4,55,1,2,2,1,0,0,2,1,0,0,99,99,99,99,88,88,0,0,0,0,1,3,1,470188,1080,2009,70,US-SR5,99999999999999999999,0000000,35.45316111,-88.66556944,1,1
47,121,4,25,5,15,1,1,0,0,6,4,0,42,0,1,4,1,2,45,1,1,2,1,0,0,2,1,0,0,99,99,99,99,88,88,0,0,0,0,1,7,0,470189,0,2009,2,SHILOH RD,99999999999999999999,0000000,35.42547222,-84.84724167,1,1
47,147,4,16,6,55,2,5,0,0,3,3,0,12,5,1,1,2,2,50,1,2,2,1,0,0,1,1,0,0,99,99,99,99,99,99,0,0,0,0,1,5,0,470190,499,2009,39,SR-49,99999999999999999999,0000000,36.43597778,-86.97349722,2,1
47,47,4,15,14,45,1,3,1,1,2,2,0,9,0,1,2,2,2,65,1,1,2,1,0,0,1,1,0,0,99,99,99,99,88,88,0,0,0,0,1,4,0,470191,1840,2009,11,US-SR15,99999999999999999999,0000000,35.21873333,-89.62108889,1,1
47,81,4,11,14,15,2,2,0,0,5,4,0,12,2,1,4,1,2,45,1,2,2,1,0,0,1,1,0,0,99,99,99,99,99,99,0,0,0,0,1,7,1,470192,0,2009,20,MISSIONARY RIDGE RD,99999999999999999999,0000000,35.96243333,-87.35942778,2,1
47,177,4,23,6,57,1,3,1,0,5,4,0,8,0,4,1,1,2,45,1,2,2,1,0,0,1,1,0,0,99,99,99,99,99,99,1,0,0,0,1,5,0,470193,0,2009,92,SHELBYVILLE RD,99999999999999999999,0000000,35.67399167,-85.83842778,1,1
47,43,4,24,10,20,2,3,0,0,3,3,0,12,1,2,1,5,2,55,2,1,2,1,0,0,1,1,0,0,99,99,99,99,99,99,0,0,0,0,1,6,0,470194,0,2009,26,SR-46,NAILS CREEK RD,0000000,36.00507778,-87.32858056,2,1
47,125,3,6,11,57,1,2,0,0,14,3,0,5,0,1,1,2,2,45,1,1,2,1,0,0,1,6,0,0,99,99,99,99,99,99,0,0,0,0,1,6,0,470195,410,2009,64,SR-236,99999999999999999999,0000000,36.62718611,-87.33319722,1,6
47,111,3,1,10,46,2,4,0,0,2,3,0,12,5,4,1,1,2,40,1,1,2,1,0,0,1,1,0,0,99,99,99,99,99,99,0,0,0,0,1,1,0,470196,1310,2009,104,SR-52,99999999999999999999,0000000,36.52888889,-86.05191667,2,1
47,37,1,26,22,40,1,1,0,0,16,6,0,53,0,1,4,1,2,30,1,2,2,2,0,0,3,2,0,0,99,99,99,99,88,88,0,0,0,0,1,2,1,470197,1760,2009,3,APACHE TRAIL,99999999999999999999,0000000,36.05765278,-86.69109722,1,2
47,99,4,21,19,0,1,3,0,0,5,6,0,32,0,1,4,1,2,99,1,1,2,1,0,0,1,1,0,0,99,99,99,99,99,99,0,0,0,0,1,3,1,470198,1194,2009,3,HOLLY CREEK RD,99999999999999999999,0000000,35.03342222,-87.584525,1,1
47,119,3,31,10,28,2,2,0,0,13,3,0,12,5,2,1,2,4,40,1,1,2,1,20,3,1,1,0,0,99,99,99,99,99,99,0,0,0,0,1,3,0,470199,470,2009,163,SR-50,PENNY AVE,0000000,35.58907222,-87.0386,2,1
47,11,4,23,8,0,3,3,0,0,3,2,0,12,2,1,1,1,2,55,1,3,2,1,0,0,1,1,0,0,99,99,99,99,88,88,0,0,0,0,1,5,1,470200,0,2009,189,US-SR2,99999999999999999999,0000000,35.26441944,-84.77239444,3,1
47,125,3,20,22,29,1,3,1,0,14,2,0,8,0,1,1,2,2,45,1,1,2,1,0,0,3,1,0,0,99,99,99,99,88,88,0,0,0,0,1,6,1,470201,410,2009,114,US-SR112,99999999999999999999,0000000,36.51391389,-87.31103056,1,1
47,181,4,25,16,18,1,1,0,0,4,3,0,52,0,1,4,1,2,45,2,1,2,1,0,0,1,1,0,0,99,99,99,99,99,99,0,0,0,0,1,7,0,470202,0,2009,42,SR-99,99999999999999999999,0000000,35.35853611,-87.70174444,1,1
47,3,4,30,99,99,1,1,0,0,6,4,0,42,0,1,4,1,2,45,1,1,2,1,0,0,2,9,0,0,99,99,99,99,88,88,0,0,0,0,1,5,0,470203,0,2009,0,LOWER HALLS MILL RD,99999999999999999999,0000000,35.54568611,-86.58391389,1,9
47,65,2,9,16,8,2,7,0,0,14,2,0,12,5,2,1,1,2,40,1,1,2,1,0,0,1,1,0,0,99,99,99,99,88,88,0,0,0,0,1,2,0,470204,750,2009,7,US-SR8,CAMP JORDAN PKWY,0000000,34.99000278,-85.19939722,2,1
47,41,4,30,16,30,1,1,0,0,3,3,0,24,0,2,2,1,2,30,1,1,2,1,20,3,1,1,0,0,99,99,99,99,88,88,0,0,0,0,1,5,0,470205,1400,2009,37,SR-53,W MAIN ST,0000000,36.00394167,-85.98064722,1,1
47,93,4,25,15,0,2,4,0,0,13,2,0,12,5,4,1,2,2,45,2,1,2,1,0,0,1,1,0,0,99,99,99,99,99,99,0,0,0,0,1,7,0,470206,1300,2009,99999,US-SR9,99999999999999999999,0000000,36.00473611,-83.85711667,2,1
47,155,5,2,23,20,1,4,0,0,5,4,0,42,0,2,4,1,2,35,1,1,2,2,0,0,2,1,0,0,99,99,99,99,99,99,0,0,0,0,1,7,0,470207,0,2009,29,ALLENSVILLE RD,LOHMAN RD,0000000,35.89564167,-83.52969444,1,1
47,93,5,1,14,25,1,2,0,0,13,2,0,30,0,1,5,2,2,55,2,2,2,1,0,0,1,1,0,0,99,99,99,99,99,99,0,0,0,0,1,6,0,470208,1300,2009,289,US-SR1,99999999999999999999,0000000,36.04911944,-83.80324167,1,1
47,107,5,1,19,26,1,2,0,1,1,1,0,42,0,1,4,2,2,70,1,2,2,2,0,0,5,2,0,0,99,99,99,99,99,99,0,0,0,0,1,6,0,470209,0,2009,55,I-75,99999999999999999999,0000000,35.36725,-84.73664722,1,2
47,33,4,25,16,55,1,1,0,1,1,1,0,57,0,1,4,3,2,70,2,2,2,1,0,0,1,1,0,0,99,99,99,99,99,99,0,0,0,0,1,7,0,470210,0,2009,1,I-24,99999999999999999999,0000000,34.98985278,-85.47172778,1,1
47,179,4,25,11,4,2,3,0,0,3,3,0,12,4,1,1,1,2,55,1,1,2,1,0,0,1,1,0,0,99,99,99,99,99,99,0,0,0,0,1,7,0,470211,0,2009,35,SR-107,99999999999999999999,0000000,36.14904444,-82.58596111,2,1
47,125,3,13,17,2,2,5,0,1,13,2,0,12,5,2,1,1,2,45,1,2,2,1,20,3,1,1,0,0,99,99,99,99,99,99,0,0,0,0,1,6,0,470212,410,2009,198,US-SR12,HERMITAGE DRIVE,0000000,36.58659167,-87.41285278,2,1
47,93,3,14,23,3,1,1,0,0,6,4,0,42,0,1,4,1,2,30,1,2,2,2,0,0,2,2,0,0,99,99,99,99,88,88,0,0,0,0,1,7,0,470213,0,2009,2,RACCOON VALLEY RD,99999999999999999999,0000000,36.12935556,-83.99881111,1,2
47,9,3,20,14,21,1,2,0,0,13,2,0,38,0,1,4,1,2,45,1,1,2,1,0,0,1,1,0,0,99,99,99,99,99,99,0,0,0,0,1,6,0,470214,1570,2009,99999,US-SR35,99999999999999999999,0000000,35.76218333,-83.94707222,1,1
47,189,3,23,22,46,1,1,0,0,14,6,0,32,0,1,4,1,2,40,2,1,2,1,0,0,2,1,0,0,99,99,99,99,88,88,0,0,0,0,1,2,0,470215,1727,2009,3,W DIVISION ST,99999999999999999999,0000000,36.19815833,-86.57251111,1,1
47,157,3,22,19,38,2,2,0,0,15,6,0,12,5,1,1,1,4,40,1,2,2,1,0,0,3,1,0,0,99,99,99,99,99,99,0,0,0,0,1,1,0,470216,1620,2009,34,OVERTON CROSSING ST,99999999999999999999,0000000,35.218825,-89.99328889,2,1
47,149,3,25,3,33,1,1,0,1,13,3,0,32,0,1,4,2,2,45,1,1,2,2,0,0,3,2,0,0,99,99,99,99,88,88,0,0,0,0,1,4,1,470217,1750,2009,82,SR-96,99999999999999999999,0000000,35.84469444,-86.45515833,1,2
47,147,5,3,6,15,1,2,0,1,1,1,0,21,0,1,4,2,2,70,1,2,2,2,0,0,4,1,0,0,99,99,99,99,99,99,0,0,0,0,2,1,0,470218,0,2009,65,I-24,99999999999999999999,0000000,36.40919167,-87.0369,1,1
47,145,5,6,23,50,1,1,0,0,3,3,0,42,0,1,4,1,2,35,1,1,2,2,0,0,2,2,0,0,99,99,99,99,99,99,0,0,0,0,1,4,1,470219,0,2009,28,SR-72,99999999999999999999,0000000,35.7494,-84.51953889,1,2
47,107,5,8,20,37,1,1,0,0,6,4,0,42,0,1,4,1,2,55,1,2,2,1,0,0,2,1,0,0,99,99,99,99,88,88,0,0,0,0,1,6,0,470220,0,2009,1,CASTEEL RD,99999999999999999999,0000000,35.42347778,-84.63957778,1,1
47,157,4,5,0,15,7,9,0,1,11,1,0,12,1,1,1,3,3,55,1,1,2,1,0,0,3,1,0,0,99,99,99,99,99,99,0,0,0,0,2,1,1,470221,1620,2009,177,I-240,99999999999999999999,0000000,35.12523056,-89.86843611,7,1
47,37,4,25,8,45,1,1,0,1,11,1,0,1,0,13,1,6,2,70,1,1,2,1,0,0,1,1,0,0,99,99,99,99,99,99,0,0,0,0,1,7,0,470222,1760,2009,40,I-65,99999999999999999999,0000000,36.09010556,-86.76283611,1,1
47,113,5,5,19,45,1,1,0,0,4,3,0,35,0,1,4,1,2,55,2,2,2,1,0,0,2,1,0,0,99,99,99,99,99,99,0,0,0,0,1,3,1,470223,0,2009,18,SR-138,99999999999999999999,0000000,35.45527778,-89.01929722,1,1
47,189,5,9,23,16,2,3,0,1,13,2,0,12,5,2,1,1,4,30,2,1,2,1,20,3,2,1,0,0,99,99,99,99,99,99,0,0,0,0,1,7,0,470224,1360,2009,136,US-SR10,JENNINGS AVE,0000000,36.19696389,-86.29265278,2,1
47,55,5,8,1,15,1,2,1,0,3,2,0,8,0,1,1,1,2,45,1,1,2,1,0,0,2,1,0,0,1,33,1,38,88,88,0,0,0,0,1,6,0,470225,770,2009,66,US-SR7,99999999999999999999,0000000,35.06125833,-86.89725,1,1
47,143,5,11,21,12,1,2,0,0,6,4,0,42,0,1,4,1,2,45,2,1,2,1,0,0,2,1,0,0,99,99,99,99,99,99,0,0,0,0,1,2,0,470226,0,2009,1,CONCORD LN,99999999999999999999,0000000,35.59665833,-84.90522222,1,1
47,181,4,30,9,7,1,1,0,0,5,4,0,53,0,1,4,1,2,99,1,1,2,1,0,0,1,1,0,0,99,99,99,99,99,99,0,0,0,0,1,5,0,470228,0,2009,13,RAILROAD BED RD,99999999999999999999,0000000,35.16718056,-87.71119167,1,1
47,165,5,15,7,10,3,3,0,1,12,3,0,12,8,1,1,2,2,70,2,2,2,1,0,0,1,1,0,0,99,99,99,99,99,99,0,0,0,0,1,6,1,470229,1085,2009,29,SR-386,99999999999999999999,0000000,36.33012222,-86.62845278,3,1
47,157,5,18,3,25,1,1,0,0,15,6,0,30,0,1,4,1,2,35,2,1,2,1,0,0,3,1,0,0,99,99,99,99,88,88,0,0,0,0,1,2,0,470230,160,2009,18,ALTRURIA RD,99999999999999999999,0000000,35.20173056,-89.84834167,1,1
47,149,5,16,22,14,1,1,0,0,5,4,0,42,0,2,4,1,2,45,1,1,2,1,20,3,3,1,0,0,99,99,99,99,88,88,0,0,0,0,1,7,1,470231,0,2009,2,BARFIELD-CRESCENT RD,MIDLAND RD,0000000,35.73971667,-86.45911389,1,1
47,43,5,7,20,5,1,1,0,0,5,4,0,42,0,1,4,1,2,40,2,2,2,1,0,0,2,1,0,0,99,99,99,99,99,99,0,0,0,0,1,5,0,470232,0,2009,54,JONES CREEK RD,99999999999999999999,0000000,36.11523889,-87.30249167,1,1
47,53,5,11,15,45,2,2,0,0,3,2,0,12,2,1,1,1,2,55,1,1,2,1,0,0,1,1,0,0,99,99,99,99,99,99,0,0,0,0,1,2,0,470233,0,2009,76,US-SR76,99999999999999999999,0000000,35.88245278,-88.830525,2,1
47,29,5,13,19,50,2,2,0,0,3,2,0,12,2,1,1,1,2,45,2,2,2,1,0,0,1,1,0,0,99,99,99,99,99,99,0,0,0,0,1,4,0,470234,0,2009,254,US-SR32,99999999999999999999,0000000,35.97727222,-83.21480556,2,1
47,1,3,27,22,51,1,6,0,1,1,1,0,24,0,15,2,2,2,65,1,1,2,2,0,0,3,2,0,0,99,99,99,99,99,99,0,0,0,0,1,6,0,470235,1340,2009,113,I-75,99999999999999999999,0000000,36.23370556,-84.16053333,1,2
47,65,4,13,10,3,1,2,0,1,13,3,0,43,0,1,5,1,4,25,1,1,2,1,0,0,1,1,0,0,99,99,99,99,99,99,0,0,0,0,1,2,0,470236,400,2009,86,SR-153,99999999999999999999,0000000,35.12720833,-85.24211944,1,1
47,37,1,24,0,30,1,3,0,0,14,2,0,25,0,1,2,3,3,30,1,2,2,1,0,0,3,1,0,0,99,99,99,99,99,99,0,0,0,0,1,7,1,470237,1760,2009,2,US-SR24,99999999999999999999,0000000,36.15534444,-86.78844167,1,1
47,33,5,14,14,55,2,3,0,0,4,3,0,12,2,1,1,1,2,55,2,2,2,1,0,0,1,1,0,0,99,99,99,99,99,99,0,0,0,0,1,5,0,470238,0,2009,178,SR-88,99999999999999999999,0000000,35.71374722,-89.05831944,2,1
47,157,3,19,13,15,2,5,0,0,13,6,0,12,5,2,1,1,3,40,1,1,2,1,20,3,1,1,0,0,99,99,99,99,99,99,0,0,0,0,1,5,0,470239,1620,2009,99999,MENDENHALL RD,FLOWERING TREE DR,0000000,35.04440278,-89.885975,2,1
47,157,3,21,6,2,1,1,0,0,14,6,0,24,0,1,2,2,2,50,2,1,2,1,0,0,2,1,0,0,99,99,99,99,88,88,0,0,0,0,1,7,0,470240,1620,2009,59,NEW ALLEN RD,99999999999999999999,0000000,35.23941111,-89.94956389,1,1
47,157,3,22,3,10,1,2,0,0,16,6,0,5,0,1,1,1,2,35,1,1,2,1,0,0,3,1,0,0,99,99,99,99,99,99,0,0,0,0,1,1,1,470241,1620,2009,0,ARGONNE ST,99999999999999999999,0000000,35.24184722,-89.99357778,1,1