STATE,COUNTY,MONTH,DAY,HOUR,MINUTE,VE_TOTAL,PERSONS,PEDS,NHS,ROAD_FNC,ROUTE,SP_JUR,HARM_EV,MAN_COLL,REL_JUNC,REL_ROAD,TRAF_FLO,NO_LANES,SP_LIMIT,ALIGNMNT,PROFILE,PAVE_TYP,SUR_COND,TRA_CONT,T_CONT_F,LGT_COND,WEATHER1,WEATHER2,WRK_ZONE,NOT_HOUR,NOT_MIN,ARR_HOUR,ARR_MIN,HOSP_HR,HOSP_MN,SCH_BUS,CF1,CF2,CF3,FATALS,DAY_WEEK,DRUNK_DR,ST_CASE,CITY,YEAR,MILEPT,TWAY_ID,TWAY_ID2,RAIL,LATITUDE,LONGITUD,VE_FORMS,WEATHER
47,93,4,20,4,12,1,2,0,0,6,4,0,42,0,1,4,1,2,30,2,2,2,2,0,0,2,1,0,0,99,99,99,99,99,99,0,0,0,0,1,2,1,470242,0,2009,0,MARTIN MILL PIKE,99999999999999999999,0000000,35.82757778,-83.88119444,1,1
47,157,3,27,6,25,1,3,1,0,13,2,0,8,0,1,1,1,2,40,1,1,2,2,0,0,3,2,0,0,99,99,99,99,88,88,0,0,0,0,1,6,0,470243,1620,2009,99999,US-SR3,99999999999999999999,0000000,35.03715,-90.02513333,1,2
47,65,3,25,14,0,3,4,0,1,12,2,0,12,2,1,1,2,2,65,1,1,2,2,0,0,1,2,0,0,99,99,99,99,99,99,0,0,0,0,1,4,0,470244,2260,2009,99999,US-SR29,99999999999999999999,0000000,35.25481111,-85.17430833,3,2
47,157,4,11,13,31,2,2,0,0,14,6,0,30,0,1,4,1,5,40,1,2,2,1,0,0,1,1,0,0,99,99,99,99,88,88,0,14,0,0,1,7,0,470245,1620,2009,49,JAMES RD,99999999999999999999,0000000,35.19921944,-89.94982222,2,1
47,37,2,28,10,22,2,3,0,0,3,2,0,12,2,1,1,1,2,45,1,1,2,2,0,0,1,2,0,0,99,99,99,99,99,99,0,0,0,0,2,7,0,470246,1760,2009,75,US-SR112,99999999999999999999,0000000,36.28826944,-86.87960278,2,2
47,37,3,4,23,17,1,2,1,0,13,2,0,8,0,1,1,3,3,45,1,1,2,1,0,0,3,1,0,0,99,99,99,99,88,88,0,0,0,0,1,4,0,470247,1760,2009,167,US-SR6,99999999999999999999,0000000,36.23756389,-86.72430278,1,1
47,93,4,11,23,25,3,3,0,1,11,1,0,12,1,1,1,3,3,65,1,2,2,1,0,0,2,1,0,0,99,99,99,99,99,99,0,14,0,0,1,7,1,470248,0,2009,19,I-40,99999999999999999999,0000000,35.889725,-84.21041111,3,1
47,9,5,16,23,20,1,1,0,1,2,2,0,36,0,1,4,1,2,55,2,1,2,2,0,0,2,2,0,0,99,99,99,99,88,88,0,0,0,0,1,7,1,470249,0,2009,234,US-SR73,99999999999999999999,0000000,35.70502778,-83.82116111,1,2
47,157,4,10,23,59,2,3,0,0,13,6,0,12,2,1,1,1,6,40,1,1,2,1,0,0,3,1,0,0,99,99,99,99,99,99,0,0,0,0,2,6,0,470250,1620,2009,10,WINCHESTER RD,99999999999999999999,0000000,35.05059722,-89.88949444,2,1
47,165,4,19,17,37,2,3,0,1,3,2,0,12,2,1,1,1,2,55,1,1,2,2,0,0,1,1,0,0,99,99,99,99,99,99,0,0,0,0,2,1,0,470251,0,2009,215,US-SR6,99999999999999999999,0000000,36.45161389,-86.34938611,2,1
47,37,3,8,17,32,1,1,0,0,16,6,0,43,0,1,4,1,2,30,1,1,2,1,0,0,1,1,0,0,99,99,99,99,88,88,0,0,0,0,1,1,0,470252,1760,2009,1,CANE RIDGE RD,99999999999999999999,0000000,36.00148889,-86.63680556,1,1
47,37,3,24,2,37,2,3,0,1,1,1,0,12,2,1,1,2,2,60,1,2,2,1,0,0,2,1,0,0,99,99,99,99,99,99,0,0,0,0,1,3,1,470253,1760,2009,47,I-24,99999999999999999999,0000000,36.31890278,-86.83852222,2,1
47,163,4,26,16,15,1,1,0,0,6,4,0,42,0,1,5,1,2,25,1,2,2,1,0,0,1,1,0,0,99,99,99,99,88,88,0,0,0,0,1,1,0,470254,0,2009,1,BLUE HAVEN DR,99999999999999999999,0000000,36.48756389,-82.5137,1,1
47,67,5,16,2,20,1,2,0,0,6,4,0,34,0,1,4,1,2,99,2,1,2,1,0,0,2,1,0,0,99,99,99,99,99,99,0,0,0,0,1,7,1,470255,0,2009,1,TRENT VALLEY RD,99999999999999999999,0000000,36.49488889,-83.17783333,1,1
47,73,5,16,11,0,1,2,0,0,6,4,0,42,0,1,4,1,2,45,1,1,2,1,0,0,1,1,0,0,99,99,99,99,99,99,0,0,0,0,1,7,0,470256,0,2009,3,OLD HWY 11W,99999999999999999999,0000000,36.37717222,-83.13137778,1,1
47,141,5,17,17,15,2,2,0,1,2,3,0,12,5,2,1,2,2,55,1,1,2,1,20,3,1,1,0,0,99,99,99,99,88,88,0,0,0,0,1,1,1,470257,50,2009,100,SR-111,MIRANDY RD,0000000,36.20730278,-85.44356389,2,1
47,187,5,19,18,0,2,2,0,0,15,4,0,12,1,1,1,1,2,40,2,1,2,1,0,0,1,1,0,0,99,99,99,99,99,99,0,20,0,0,1,3,1,470258,0,2009,1,ROCKY FORK RD,99999999999999999999,0000000,35.95306389,-86.66787222,2,1
47,11,5,17,19,40,1,1,0,0,5,4,0,42,0,1,4,1,2,45,1,1,2,1,0,0,1,1,0,0,99,99,99,99,99,99,0,0,0,0,1,1,0,470259,0,2009,55,KEITH VALLEY RD,99999999999999999999,0000000,35.05971111,-84.82046111,1,1
47,83,5,19,17,21,1,3,0,0,6,4,0,42,0,1,4,1,2,45,1,2,2,1,0,0,1,1,0,0,99,99,99,99,99,99,0,0,0,0,1,3,0,470260,0,2009,1,JIM LYLE RD,99999999999999999999,0000000,36.32470833,-87.55817222,1,1
47,53,5,20,0,5,1,1,0,0,3,3,0,38,0,1,4,1,2,55,2,1,2,1,0,0,2,1,0,0,99,99,99,99,99,99,0,0,0,0,1,4,1,470261,0,2009,132,SR-77,99999999999999999999,0000000,35.95213889,-88.87597222,1,1
47,141,5,20,14,0,2,2,0,0,15,6,0,12,5,2,1,1,2,15,1,2,2,1,38,3,1,1,0,0,99,99,99,99,99,99,0,21,0,0,1,4,0,470262,480,2009,32,E HUDGENS ST,S MAPLE AVE,0000000,36.15958889,-85.49539722,2,1
47,177,5,24,4,57,1,1,0,1,2,2,0,42,0,1,4,1,2,55,2,1,2,2,0,0,2,2,0,0,99,99,99,99,99,99,0,0,0,0,1,1,0,470263,0,2009,77,US-SR1,99999999999999999999,0000000,35.70625556,-85.85355556,1,2
47,75,4,21,14,10,4,9,0,1,1,1,0,12,1,1,1,2,2,70,1,1,2,1,0,0,1,1,0,0,99,99,99,99,99,99,0,0,0,0,1,3,0,470264,0,2009,109,I-40,99999999999999999999,0000000,35.51888333,-89.26155556,4,1
47,37,3,26,2,26,2,2,0,1,11,1,0,12,2,1,1,2,5,70,1,1,2,2,0,0,2,2,0,0,99,99,99,99,88,88,0,0,0,0,2,5,1,470265,1760,2009,184,I-65,99999999999999999999,0000000,36.28780556,-86.72567222,2,2
47,65,4,19,6,30,1,2,1,1,13,6,0,8,0,1,1,2,2,50,2,1,2,2,0,0,3,2,0,0,99,99,99,99,99,99,0,0,0,0,1,1,0,470266,400,2009,44,RIVERSIDE DR,99999999999999999999,0000000,35.05728889,-85.27725278,1,2
47,187,4,20,13,50,1,1,0,0,14,3,0,35,0,1,4,1,2,45,1,1,2,1,0,0,1,1,0,0,99,99,99,99,99,99,0,0,0,0,1,2,0,470267,0,2009,10,SR-96,99999999999999999999,0000000,36.02414167,-87.17003889,1,1
47,109,5,27,15,45,2,3,0,1,2,2,0,12,5,2,1,2,2,65,1,1,2,1,20,3,1,1,0,0,99,99,99,99,99,99,0,0,0,0,2,4,0,470268,0,2009,190,US-SR5,BUENA VISTA RD,0000000,35.23165556,-88.61879722,2,1
47,85,5,29,9,11,2,3,0,0,3,2,0,12,5,1,1,1,2,55,1,1,2,1,0,0,1,1,0,0,99,99,99,99,99,99,0,0,0,0,1,6,0,470269,0,2009,2,US-SR1,99999999999999999999,0000000,36.01765,-87.99779722,2,1
47,175,5,15,99,99,1,2,0,0,6,4,0,42,0,1,4,1,2,55,2,3,2,1,0,0,2,1,0,0,99,99,99,99,88,88,0,0,0,0,2,6,0,470270,0,2009,2,LAUREL CREEK RD,99999999999999999999,0000000,35.76715833,-85.57455278,1,1
47,73,5,19,23,0,1,1,0,0,3,3,0,11,0,1,1,1,2,55,1,2,2,1,0,0,2,1,0,0,99,99,99,99,88,88,0,0,0,0,1,3,0,470271,1682,2009,4,SR-31,99999999999999999999,0000000,36.34866667,-83.22797778,1,1
47,71,5,15,1,15,1,2,0,0,16,6,0,3,0,1,99,1,2,35,1,2,1,9,4,3,2,1,0,0,99,99,99,99,99,99,0,0,0,0,1,6,0,470272,2109,2009,1,MAIN ST,99999999999999999999,0000000,35.3756,-88.20193611,1,1
47,3,5,27,18,43,1,2,0,1,2,2,0,35,0,1,4,2,2,65,1,1,2,1,0,0,1,1,0,0,99,99,99,99,99,99,0,0,0,0,1,4,0,470273,2200,2009,36,US-SR10,99999999999999999999,0000000,35.39235556,-86.49242778,1,1
47,161,5,21,16,10,2,5,0,1,2,2,0,12,2,1,1,1,2,45,1,1,2,1,41,3,1,1,0,1,99,99,99,99,99,99,0,0,0,0,2,5,0,470274,0,2009,189,US-SR76,99999999999999999999,0000000,36.55488611,-87.783825,2,1
47,69,6,1,19,25,1,2,0,0,5,4,0,53,0,1,4,1,2,45,2,2,2,1,0,0,1,1,0,0,99,99,99,99,99,99,0,0,0,0,1,2,0,470275,0,2009,20,BISHOP RD,99999999999999999999,0000000,35.05928611,-88.94684722,1,1
47,161,5,11,13,11,1,1,0,0,5,4,0,42,0,1,4,1,2,45,1,1,2,1,0,0,1,1,0,0,99,99,99,99,99,99,0,0,0,0,1,2,0,470276,0,2009,7,LONG CREEK RD,99999999999999999999,0000000,36.46733889,-87.79799722,1,1
47,189,5,15,12,20,1,2,0,0,5,4,0,10,0,6,1,1,2,30,1,2,2,2,62,3,1,1,0,0,99,99,99,99,99,99,0,0,0,0,1,6,0,470277,0,2009,3,YOUNG RD,99999999999999999999,348867H,36.12830278,-86.21781111,1,1
47,113,5,23,14,45,1,2,0,1,1,1,0,1,0,1,3,2,2,70,1,1,1,1,0,0,1,1,0,0,99,99,99,99,99,99,0,0,0,0,1,7,0,470278,0,2009,262,I-40,99999999999999999999,0000000,35.71725,-88.63661111,1,1
47,149,5,23,20,33,1,1,0,0,4,3,0,53,0,1,4,1,2,45,1,1,2,1,0,0,2,1,0,0,99,99,99,99,99,99,0,0,0,0,1,7,0,470279,0,2009,252,SR-99,99999999999999999999,0000000,35.79544722,-86.30685,1,1
47,29,5,25,17,40,2,4,0,0,3,3,0,12,8,1,1,1,2,40,2,2,2,1,0,0,1,1,0,0,99,99,99,99,99,99,0,0,0,0,2,2,1,470280,0,2009,103,SR-73,99999999999999999999,0000000,35.93739444,-83.17044167,2,1
47,21,5,15,22,0,1,1,0,0,6,4,0,53,0,1,4,1,2,40,2,2,2,1,0,0,2,1,0,0,99,99,99,99,88,88,0,0,0,0,1,6,1,470281,0,2009,0,SWEET HOME RD,99999999999999999999,0000000,36.31569444,-87.18976389,1,1
47,119,2,6,7,0,1,1,0,0,4,2,0,1,0,1,4,1,2,55,2,1,2,1,0,0,1,1,0,0,99,99,99,99,99,99,0,0,0,0,1,6,0,470282,0,2009,20,US-SR106,99999999999999999999,0000000,35.65155,-86.82900556,1,1
47,123,5,20,21,0,1,2,0,0,6,4,0,35,0,1,4,1,2,35,2,2,2,1,0,0,2,1,0,0,99,99,99,99,99,99,0,0,0,0,1,4,1,470283,0,2009,2,LICK CREEK RD,99999999999999999999,0000000,35.38948611,-84.35508611,1,1
47,41,5,26,13,28,2,2,0,0,3,3,0,12,5,1,1,1,2,55,2,1,2,2,0,0,1,2,0,0,99,99,99,99,99,99,0,0,0,0,1,3,1,470284,0,2009,117,SR-56,99999999999999999999,0000000,35.99145278,-85.76880556,2,2
47,145,5,29,14,35,3,4,0,0,4,2,0,12,2,1,1,1,2,40,2,2,2,1,0,0,1,1,0,0,99,99,99,99,99,99,0,0,0,0,1,6,0,470285,0,2009,26,US-SR1,99999999999999999999,0000000,35.84540556,-84.70702222,3,1
47,85,5,26,99,99,1,1,0,0,4,3,0,42,0,1,5,1,2,55,2,1,2,9,0,0,2,9,0,0,99,99,99,99,88,88,0,0,0,0,1,3,0,470286,0,2009,33,SR-230,99999999999999999999,0000000,35.95755,-87.67928333,1,9
47,123,5,23,15,40,1,1,0,0,4,3,0,31,0,1,4,1,2,45,2,1,2,1,0,0,1,1,0,0,99,99,99,99,99,99,0,0,0,0,1,7,0,470287,0,2009,128,SR-360,99999999999999999999,0000000,35.4895,-84.18488611,1,1
47,189,5,31,19,19,2,4,0,0,5,6,0,12,5,2,1,1,2,35,1,1,2,1,20,3,1,1,0,0,99,99,99,99,99,99,0,0,0,0,1,1,0,470288,945,2009,63,STEWARTS FERRY PIKE,HARKREADER ROAD,0000000,36.11434722,-86.45653611,2,1
47,97,6,1,16,32,1,2,0,1,2,2,0,34,0,1,3,2,2,65,1,2,2,1,0,0,1,1,0,0,99,99,99,99,99,99,0,0,0,0,1,2,0,470289,0,2009,40,US-SR3,99999999999999999999,0000000,35.92905278,-89.41678056,1,1
47,37,3,13,13,0,2,4,0,0,14,6,0,12,5,1,1,1,2,35,1,1,2,1,0,0,1,1,0,0,99,99,99,99,99,99,0,0,0,0,1,6,0,470290,1760,2009,53,ANTIOCH PIKE,99999999999999999999,0000000,36.09492222,-86.70055556,2,1
47,165,5,5,19,46,1,1,0,0,15,6,0,30,0,2,4,1,2,35,1,2,2,1,0,0,3,1,0,0,99,99,99,99,99,99,0,0,0,0,1,3,1,470291,890,2009,11,E MAIN ST,TIMBERLANE RD,0000000,36.40241667,-86.42304444,1,1
47,37,4,8,11,54,3,7,0,0,13,2,0,12,2,1,1,2,2,45,1,2,2,1,0,0,1,1,0,0,99,99,99,99,99,99,0,0,0,0,1,4,0,470292,1760,2009,200,US-SR6,99999999999999999999,0000000,36.28331389,-86.70699167,3,1
47,29,6,4,1,42,1,2,0,0,5,4,0,42,0,1,4,1,2,55,2,1,2,2,0,0,2,1,0,0,99,99,99,99,99,99,0,0,0,0,1,5,1,470293,0,2009,67,HARTFORD RD,99999999999999999999,0000000,35.81280278,-83.17793889,1,1
47,37,5,2,8,46,2,3,0,0,14,6,0,12,5,2,1,1,4,40,1,1,2,2,20,3,1,2,0,0,99,99,99,99,99,99,0,0,0,0,1,7,0,470294,1760,2009,23,EDMONDSON PIKE,BRENTWOOD PLACE,0000000,36.04841111,-86.74365556,2,2
47,37,4,6,9,26,1,1,0,1,1,1,0,24,0,1,4,3,2,60,2,2,2,2,0,0,1,2,0,0,99,99,99,99,99,99,0,0,0,0,1,2,0,470295,1760,2009,41,I-24,99999999999999999999,0000000,36.32049444,-86.84881111,1,2
47,5,6,4,23,33,1,1,0,1,2,2,0,53,0,1,4,1,2,55,1,1,2,1,0,0,2,1,0,0,99,99,99,99,99,99,0,0,0,0,1,5,1,470296,0,2009,133,US-SR69,99999999999999999999,0000000,36.03048611,-88.11650556,1,1
47,65,4,29,2,45,1,2,0,0,14,6,0,1,0,1,1,1,2,25,1,1,2,1,0,0,3,1,0,0,99,99,99,99,88,88,0,0,0,0,2,4,0,470297,400,2009,10,BROWNTOWN RD,99999999999999999999,0000000,35.14696944,-85.28644722,1,1
47,73,5,31,12,25,2,3,0,0,14,3,0,12,5,2,1,1,2,45,2,1,2,1,20,3,1,1,0,0,99,99,99,99,99,99,0,0,0,0,1,1,0,470298,0,2009,132,SR-346,MT PLEASANT RD,0000000,36.57656389,-82.68353333,2,1
47,65,5,7,17,25,1,3,2,0,16,6,0,8,0,1,1,4,1,15,1,2,2,1,0,0,1,1,0,0,99,99,99,99,99,99,0,0,0,0,1,5,0,470299,400,2009,3,W 13TH ST COURT,99999999999999999999,0000000,35.04213889,-85.31649167,1,1
47,91,3,4,12,17,2,2,0,0,3,3,0,12,5,1,1,1,2,30,1,1,2,1,0,0,1,1,0,0,99,99,99,99,99,99,0,0,0,0,1,4,0,470300,1720,2009,164,SR-67,99999999999999999999,0000000,36.47623889,-81.81772222,2,1
47,37,4,26,2,37,1,3,2,0,13,2,0,8,0,1,1,1,3,30,1,1,2,1,0,0,3,1,0,0,99,99,99,99,99,99,0,0,0,0,1,1,0,470301,1760,2009,168,US-SR1,99999999999999999999,0000000,36.15381667,-86.79440556,1,1
47,65,3,22,3,1,1,2,0,0,6,4,0,42,0,1,4,1,2,35,2,2,2,1,0,0,2,1,0,0,99,99,99,99,88,88,0,0,0,0,2,1,1,470302,0,2009,2,JONES GAP RD,99999999999999999999,0000000,35.34211667,-85.18254444,1,1
47,65,4,26,18,43,2,3,0,0,2,3,0,12,4,1,1,1,2,40,1,2,2,1,0,0,1,1,0,0,99,99,99,99,99,99,0,0,0,0,2,1,1,470303,0,2009,11,SR-60,99999999999999999999,0000000,35.29393611,-84.95101111,2,1
47,157,1,12,9,4,2,2,0,0,14,6,0,12,5,2,1,1,4,35,1,1,2,1,3,3,1,1,0,0,99,99,99,99,99,99,0,0,0,0,1,2,0,470305,1620,2009,69,FLORIDA ST,MALLORY AVE,0000000,35.08664444,-90.063025,2,1
47,65,2,4,15,55,1,2,0,0,4,2,0,34,0,1,4,1,2,55,1,1,2,1,0,0,1,1,0,0,99,99,99,99,99,99,0,0,0,0,1,4,0,470306,0,2009,229,US-SR2,99999999999999999999,0000000,35.08140833,-85.0305,1,1
47,65,2,28,10,52,1,1,0,0,14,4,0,42,0,1,4,1,2,35,2,2,2,2,28,3,1,2,0,0,99,99,99,99,99,99,0,0,0,0,1,7,0,470307,0,2009,9,BOY SCOUT RD,99999999999999999999,0000000,35.17572778,-85.23174722,1,2
47,149,4,5,6,3,1,2,0,0,15,6,0,30,0,1,4,1,2,30,2,1,2,1,0,0,4,1,0,0,99,99,99,99,99,99,0,0,0,0,1,1,1,470308,1750,2009,4,BRIDGE AVE,99999999999999999999,0000000,35.84249167,-86.40246667,1,1
47,157,5,23,6,43,1,1,0,0,13,3,0,42,0,1,5,1,2,55,1,1,2,1,0,0,1,1,0,0,99,99,99,99,99,99,0,0,0,0,1,7,0,470309,1620,2009,234,SR-14,99999999999999999999,0000000,35.24177778,-89.88881111,1,1
47,109,1,9,12,50,2,2,0,0,4,2,0,12,1,2,1,5,4,30,1,1,2,1,1,3,1,1,0,0,99,99,99,99,99,99,0,0,0,0,1,6,0,470310,2160,2009,99999,US-SR15,2ND ST,0000000,35.17005278,-88.59216111,2,1
47,65,5,29,19,12,3,3,0,0,14,4,0,12,5,2,1,1,3,50,1,2,2,1,20,3,1,1,0,0,99,99,99,99,99,99,0,0,0,0,1,6,0,470311,0,2009,42,OOLTEWAH GEORGETOWN,MOUNTAIN VIEW RD,0000000,35.11841667,-85.04695833,3,1
47,131,5,30,21,9,1,2,0,0,13,3,0,33,0,1,4,2,2,35,2,2,2,1,0,0,3,1,0,0,99,99,99,99,99,99,0,0,0,0,1,7,1,470312,2480,2009,37,SR-431,99999999999999999999,0000000,36.40853611,-89.00853611,1,1
47,113,1,23,23,23,1,3,0,0,5,4,0,34,0,1,4,1,2,40,2,2,2,1,0,0,2,1,0,0,99,99,99,99,88,88,0,0,0,0,1,6,0,470313,0,2009,31,RIVERSIDE DR,99999999999999999999,0000000,35.50326111,-88.87098611,1,1
47,93,4,22,3,14,1,2,0,0,6,6,0,38,0,1,4,1,4,45,2,1,2,1,0,0,2,1,0,0,99,99,99,99,88,88,0,0,0,0,1,4,0,470314,1300,2009,99999,MABRY HOOD RD,99999999999999999999,0000000,35.90735833,-84.11942778,1,1
47,157,5,1,22,40,1,2,1,0,13,3,0,8,0,2,1,5,4,35,1,1,2,1,20,3,3,1,0,0,99,99,99,99,88,88,0,0,0,0,1,6,0,470315,1620,2009,130,SR-14,HASTINGS ST,0000000,35.15715556,-90.02677778,1,1
47,65,5,8,22,25,1,2,0,0,14,3,0,32,0,1,4,1,2,40,1,2,2,1,0,0,2,1,0,0,99,99,99,99,99,99,0,0,0,0,1,6,0,470316,0,2009,21,SR-321,99999999999999999999,0000000,35.01093889,-85.09048333,1,1
47,155,5,24,18,32,2,2,0,0,5,6,0,12,5,2,1,1,2,30,1,1,2,2,20,3,1,1,0,0,99,99,99,99,99,99,0,0,0,0,1,1,0,470317,2170,2009,7,NEW ERA RD,LEWELLING RD,0000000,35.83686667,-83.58486667,2,1
47,69,6,9,21,53,1,1,0,0,3,3,0,32,0,1,4,1,2,55,2,2,2,1,0,0,2,1,0,0,99,99,99,99,99,99,0,0,0,0,1,3,1,470318,0,2009,114,SR-18,99999999999999999999,0000000,35.20295278,-89.08179444,1,1
47,149,5,24,23,11,1,2,0,0,15,6,0,35,0,1,4,1,2,30,1,1,2,1,0,0,2,1,0,0,99,99,99,99,99,99,0,0,0,0,1,1,1,470319,2250,2009,3,OLD JEFFERSON PK,99999999999999999999,0000000,35.99241944,-86.47726944,1,1
47,69,5,29,14,47,2,4,0,0,3,3,0,12,5,2,1,1,2,55,2,1,2,1,20,3,1,1,0,0,99,99,99,99,99,99,0,0,0,0,2,6,0,470320,1966,2009,227,SR-57,POCAHONTAS RD,0000000,35.04845278,-88.80431111,2,1
47,163,5,31,1,20,1,1,0,0,15,6,0,42,0,1,4,1,2,35,2,2,2,2,0,0,2,1,0,0,99,99,99,99,88,88,0,0,0,0,1,1,1,470321,1280,2009,4,DUNLAP RD,99999999999999999999,0000000,36.46593056,-82.45198889,1,1
47,51,4,3,22,13,1,2,1,1,2,2,0,8,0,3,1,1,4,40,1,1,2,1,20,3,2,1,0,0,99,99,99,99,99,99,0,0,0,0,1,6,0,470322,820,2009,99999,US-SR16,LP BRADFORD RD,0000000,35.28696111,-86.14260278,1,1
47,157,4,28,21,0,2,4,0,0,14,6,0,12,5,2,1,1,7,45,1,1,2,1,3,3,3,1,0,0,99,99,99,99,99,99,0,0,0,0,1,3,1,470323,1620,2009,20,HICKORY HILL RD,RAINES RD,0000000,35.03486389,-89.86642222,2,1
47,149,5,1,9,33,2,2,0,0,13,6,0,12,5,1,1,2,2,40,1,1,1,2,0,0,1,2,0,0,99,99,99,99,99,99,0,0,0,0,1,6,0,470324,1750,2009,97,MEDICAL CENTER PKWY,99999999999999999999,0000000,35.85653611,-86.41118333,2,2
47,13,6,5,9,30,1,1,0,0,4,3,0,34,0,2,4,1,2,45,1,1,2,2,0,0,1,1,0,0,99,99,99,99,99,99,0,0,0,0,1,6,0,470325,0,2009,138,SR-297,HICKS CEMETERY RD,0000000,36.54131111,-84.17505833,1,1
47,127,6,6,23,19,2,3,0,0,2,3,0,12,8,1,1,1,2,55,2,1,2,1,0,0,2,1,0,0,99,99,99,99,99,99,0,0,0,0,1,7,1,470326,0,2009,59,SR-55,99999999999999999999,0000000,35.34243611,-86.34799444,2,1
47,157,5,4,5,42,2,2,0,0,13,3,0,12,2,2,1,1,3,45,1,2,2,1,4,3,3,1,0,0,99,99,99,99,88,88,0,0,0,0,1,2,0,470327,1620,2009,72,SR-175,LOUIS CARRUTHERS DR,0000000,35.02099444,-89.98188333,2,1
47,155,6,6,9,50,2,3,0,0,3,2,0,12,2,1,1,1,2,55,2,2,2,1,0,0,1,1,0,0,99,99,99,99,99,99,0,0,0,0,1,7,1,470329,0,2009,70,US-SR35,99999999999999999999,0000000,35.85924722,-83.67739444,2,1
47,157,5,15,20,10,1,2,1,0,13,2,0,9,0,1,1,1,7,40,1,1,2,1,0,0,5,1,0,0,99,99,99,99,99,99,0,0,0,0,1,6,0,470330,1620,2009,44,US-SR3,99999999999999999999,0000000,35.05810278,-90.02438611,1,1
47,45,6,7,3,32,1,1,0,0,2,3,0,42,0,1,4,1,2,55,1,2,2,1,0,0,2,1,0,0,99,99,99,99,88,88,0,0,0,0,1,1,0,470331,0,2009,249,SR-104,99999999999999999999,0000000,36.02936111,-89.24295278,1,1
47,87,6,8,11,0,1,2,1,0,3,3,0,8,0,1,1,1,2,55,1,2,2,1,20,3,1,1,0,1,99,99,99,99,88,88,0,0,0,0,1,2,0,470332,0,2009,7,SR-56,99999999999999999999,0000000,36.22468611,-85.61634722,1,1
47,3,6,9,3,0,1,1,0,0,3,2,0,42,0,1,4,1,2,55,2,1,2,1,0,0,2,1,0,0,99,99,99,99,88,88,0,0,0,0,1,3,0,470333,0,2009,77,US-SR16,99999999999999999999,0000000,35.6008,-86.57356667,1,1
47,43,5,13,9,50,1,2,0,0,4,3,0,38,0,1,4,1,2,45,2,2,2,1,0,0,1,1,0,0,99,99,99,99,99,99,0,0,0,0,1,4,0,470334,0,2009,133,SR-46,99999999999999999999,0000000,36.10142778,-87.46578333,1,1
47,71,6,7,17,45,1,1,0,0,5,4,0,30,0,1,4,1,2,35,2,2,2,1,0,0,1,1,0,0,99,99,99,99,99,99,0,3,4,0,1,1,1,470335,0,2009,29,FEDERAL RD,99999999999999999999,0000000,35.08038056,-88.32265,1,1
47,157,5,12,19,21,2,2,0,0,14,6,0,12,5,2,1,1,5,40,1,1,2,1,3,3,5,1,0,0,99,99,99,99,99,99,0,0,0,0,1,3,1,470336,1620,2009,9,CHERRY RD,QUINCE AVE,0000000,35.09523333,-89.91602778,2,1
47,157,5,17,11,50,2,2,1,1,11,1,0,14,1,1,4,3,3,55,1,1,2,1,0,0,1,1,0,0,99,99,99,99,88,88,0,0,0,0,1,1,0,470337,1620,2009,99999,I-40,99999999999999999999,0000000,35.15315,-90.05244444,1,1
47,19,6,8,16,15,2,2,0,1,13,2,0,12,5,2,1,2,2,50,1,1,2,1,20,3,1,1,0,1,99,99,99,99,99,99,0,0,0,0,1,2,0,470338,760,2009,211,US-SR37,PETER HAMPTON DR,0000000,36.33944722,-82.20675278,2,1
47,61,6,18,21,50,1,2,0,0,6,4,0,35,0,1,4,1,2,55,2,1,2,1,0,0,2,1,0,0,99,99,99,99,99,99,0,0,0,0,1,5,0,470339,0,2009,6,SUMMERFIELD RD,99999999999999999999,0000000,35.26692778,-85.78594167,1,1
47,157,5,22,11,45,2,4,0,0,13,2,0,12,5,2,1,4,3,40,1,2,2,1,3,3,1,1,0,0,99,99,99,99,99,99,0,0,0,0,1,6,0,470340,1620,2009,21,US-SR277,MADISON AVE,0000000,35.13596944,-89.98375556,2,1
47,157,5,22,21,3,1,2,1,0,16,6,0,8,0,1,1,1,2,30,1,2,2,1,0,0,3,1,0,0,99,99,99,99,99,99,0,0,0,0,1,6,0,470341,1620,2009,3,MONTGOMERY ST,99999999999999999999,0000000,35.16211667,-90.01689722,1,1
47,157,5,24,19,17,2,4,0,1,13,2,0,12,2,1,1,3,2,45,1,2,2,2,0,0,5,2,0,0,99,99,99,99,99,99,0,0,0,0,2,1,0,470342,1620,2009,45,US-SR4,99999999999999999999,0000000,35.04796389,-89.92139444,2,2
47,157,6,2,14,13,2,2,0,0,14,6,0,12,5,3,1,1,5,40,1,1,2,1,20,3,1,1,0,0,99,99,99,99,88,88,0,0,0,0,1,3,0,470343,1620,2009,36,QUINCE RD,SEA ISLE RD,0000000,35.09238056,-89.90977222,2,1
47,97,5,31,20,40,2,2,0,0,4,3,0,12,2,1,1,1,2,50,1,1,2,1,0,0,3,1,0,0,99,99,99,99,99,99,0,0,0,0,1,1,1,470344,0,2009,126,SR-209,99999999999999999999,0000000,35.79602222,-89.46612222,2,1