STATE,COUNTY,MONTH,DAY,HOUR,MINUTE,VE_TOTAL,PERSONS,PEDS,NHS,ROAD_FNC,ROUTE,SP_JUR,HARM_EV,MAN_COLL,REL_JUNC,REL_ROAD,TRAF_FLO,NO_LANES,SP_LIMIT,ALIGNMNT,PROFILE,PAVE_TYP,SUR_COND,TRA_CONT,T_CONT_F,LGT_COND,WEATHER1,WEATHER2,WRK_ZONE,NOT_HOUR,NOT_MIN,ARR_HOUR,ARR_MIN,HOSP_HR,HOSP_MN,SCH_BUS,CF1,CF2,CF3,FATALS,DAY_WEEK,DRUNK_DR,ST_CASE,CITY,YEAR,MILEPT,TWAY_ID,TWAY_ID2,RAIL,LATITUDE,LONGITUD,VE_FORMS,WEATHER
47,1,4,4,20,55,2,4,0,1,13,3,0,12,5,2,1,1,4,40,1,2,2,1,1,3,3,1,0,0,99,99,99,99,99,99,0,0,0,0,1,7,0,470345,1850,2009,38,SR-62,LAFAYETTE AVE,0000000,36.00161389,-84.24329722,2,1
47,149,4,23,8,25,1,3,0,1,11,1,0,25,0,1,2,3,4,70,1,1,2,1,0,0,1,1,0,0,99,99,99,99,99,99,0,0,0,0,1,5,0,470346,0,2009,31,I-24,99999999999999999999,0000000,35.97616667,-86.57246944,1,1
47,3,6,10,11,30,1,4,0,0,5,4,0,42,0,1,4,1,2,45,1,1,2,1,0,0,1,1,0,0,99,99,99,99,99,99,0,0,0,0,1,4,1,470347,0,2009,40,FAIRFIELD PK,99999999999999999999,0000000,35.54268333,-86.41595278,1,1
47,121,6,13,11,50,1,3,0,0,5,4,0,1,0,1,4,1,2,45,2,1,2,1,0,0,1,1,0,0,99,99,99,99,99,99,0,0,0,0,1,7,1,470348,0,2009,54,COTTONPORT RD,99999999999999999999,0000000,35.45815,-84.88633889,1,1
47,161,6,16,17,22,1,1,0,0,6,4,0,41,0,1,4,1,2,99,2,2,2,1,0,0,1,1,0,0,99,99,99,99,99,99,0,0,0,0,1,3,0,470349,0,2009,0,OLD STATE ROUTE 76,99999999999999999999,0000000,36.46671111,-87.97065556,1,1
47,33,6,17,0,15,1,2,0,0,5,4,0,35,0,1,4,1,2,55,1,1,2,1,0,0,2,1,0,0,99,99,99,99,99,99,0,0,0,0,1,4,1,470350,0,2009,47,JOHNSONS GROVE RD,99999999999999999999,0000000,35.77955833,-89.27950556,1,1
47,151,6,18,5,35,2,2,0,0,3,3,0,12,2,1,1,1,2,55,2,1,2,1,0,0,4,1,0,0,99,99,99,99,99,99,0,0,0,0,1,5,0,470351,0,2009,128,SR-63,99999999999999999999,0000000,36.39293056,-84.33909167,2,1
47,105,6,18,14,13,1,4,0,1,1,1,0,1,0,1,1,2,2,50,1,2,2,1,0,0,1,1,0,1,99,99,99,99,99,99,0,0,0,0,1,5,1,470352,0,2009,73,I-75,99999999999999999999,0000000,35.76225556,-84.36604444,1,1
47,19,6,19,19,20,1,1,0,0,5,4,0,35,0,1,4,1,2,45,2,1,2,1,0,0,1,1,0,0,99,99,99,99,88,88,0,0,0,0,1,6,1,470353,0,2009,1,BRISTOL HWY,99999999999999999999,0000000,36.39818889,-82.24580556,1,1
47,59,1,9,21,12,1,2,0,0,16,6,0,38,0,1,5,1,2,99,1,1,2,1,0,0,2,1,0,0,99,99,99,99,99,99,0,0,0,0,1,6,0,470354,1010,2009,99999,AIRPORT RD,99999999999999999999,0000000,36.18656944,-82.822525,1,1
47,167,6,21,3,20,1,2,0,1,13,2,0,30,0,2,4,2,2,60,2,1,2,1,0,0,2,1,0,0,99,99,99,99,99,99,0,0,0,0,2,1,0,470355,0,2009,202,US-SR3,CHARLES SMITH RD,0000000,35.61241667,-89.62768333,1,1
47,117,6,22,6,0,1,1,0,0,14,3,0,42,0,1,4,1,2,55,2,1,2,1,0,0,1,1,0,0,99,99,99,99,88,88,0,0,0,0,1,2,0,470356,0,2009,34,SR-373,99999999999999999999,0000000,35.448925,-86.88575833,1,1
47,89,6,23,6,56,2,2,0,0,4,3,0,12,5,2,1,1,2,45,1,2,2,1,0,0,1,1,0,0,99,99,99,99,99,99,0,0,0,0,1,3,0,470357,0,2009,19,SR-139,DEEP SPRINGS RD,0000000,35.97143611,-83.50455,2,1
47,77,6,23,13,20,1,1,0,0,6,4,0,42,0,1,4,1,2,55,2,2,2,1,0,0,1,1,0,0,99,99,99,99,99,99,0,0,0,0,1,3,0,470358,0,2009,3,STICKY RIDGE RD,99999999999999999999,0000000,35.50573611,-88.31978333,1,1
47,37,4,15,21,5,1,2,1,0,16,6,0,8,0,1,1,1,2,30,1,1,2,1,0,0,2,1,0,0,99,99,99,99,99,99,0,1,0,0,1,4,0,470359,1760,2009,3,10TH AVE N,99999999999999999999,0000000,36.17114722,-86.79396111,1,1
47,37,4,27,16,38,2,2,0,0,13,2,0,12,5,4,1,2,7,45,1,1,2,1,20,3,1,1,0,0,99,99,99,99,99,99,0,0,0,0,1,2,0,470360,1760,2009,238,US-SR1,99999999999999999999,0000000,36.11338333,-86.69035278,2,1
47,37,4,27,18,6,2,2,0,0,14,2,0,12,5,2,1,1,2,50,1,1,2,1,20,3,1,1,0,0,99,99,99,99,99,99,0,0,0,0,1,2,0,470361,2576,2009,30,US-SR112,STEVENS LN,0000000,36.23818611,-86.83076389,2,1
47,37,4,30,23,43,1,2,0,0,16,6,0,30,0,1,4,1,2,45,1,1,2,1,0,0,3,1,0,0,99,99,99,99,88,88,0,0,0,0,1,5,0,470362,1105,2009,1,LAVERGNE-COUCHVILLE,99999999999999999999,0000000,36.05281944,-86.57464167,1,1
47,157,5,3,15,53,1,2,0,1,11,1,0,25,0,1,2,3,6,55,1,1,2,2,0,0,1,2,0,0,99,99,99,99,99,99,0,0,0,0,1,1,0,470363,1620,2009,51,I-240,99999999999999999999,0000000,35.07927222,-90.02579444,1,2
47,37,5,8,18,3,1,1,0,0,13,2,0,5,0,2,1,1,5,40,1,1,2,1,0,0,1,1,0,0,99,99,99,99,99,99,0,0,0,0,1,6,0,470364,1760,2009,85,US-SR11,HARRISON ST,0000000,36.09858056,-86.73893333,1,1
47,37,5,9,22,9,1,2,1,0,13,2,0,8,0,1,1,1,5,40,1,1,2,1,0,0,3,1,0,0,99,99,99,99,99,99,0,0,0,0,1,7,0,470365,1760,2009,77,US-SR11,99999999999999999999,0000000,36.08777222,-86.73116111,1,1
47,37,5,15,18,4,1,2,1,0,16,6,0,15,0,1,1,1,2,30,1,2,2,2,0,0,1,2,0,0,99,99,99,99,99,99,0,0,0,0,1,6,0,470366,1760,2009,1,DUPONT AVE,99999999999999999999,0000000,36.26671389,-86.70906667,1,2
47,37,5,21,11,35,1,1,0,1,13,3,0,42,0,1,4,2,2,45,2,2,2,1,0,0,1,1,0,0,99,99,99,99,88,88,0,0,0,0,1,5,1,470367,1760,2009,136,SR-254,99999999999999999999,0000000,36.04701111,-86.68123611,1,1
47,113,6,18,10,15,2,4,0,0,2,2,0,12,5,1,1,2,2,55,1,1,2,1,0,0,1,1,0,0,99,99,99,99,99,99,0,0,0,0,1,5,0,470368,0,2009,237,US-SR5,99999999999999999999,0000000,35.77084722,-88.84979444,2,1
47,147,6,23,15,45,2,2,0,0,3,2,0,12,2,1,1,1,2,55,1,2,2,1,0,0,1,1,0,0,99,99,99,99,99,99,0,0,0,0,2,3,0,470369,0,2009,50,US-SR65,99999999999999999999,0000000,36.46046667,-86.89598056,2,1
47,19,6,21,20,15,1,1,1,0,6,4,0,8,0,1,2,1,2,99,1,2,2,1,0,0,5,1,0,0,99,99,99,99,88,88,0,0,0,0,1,1,0,470370,0,2009,1,RAY SIMERLY RD,99999999999999999999,0000000,36.1934,-82.20828889,1,1
47,119,6,24,7,0,1,2,0,0,4,3,0,42,0,1,4,1,2,40,2,2,2,1,0,0,1,1,0,0,99,99,99,99,99,99,0,0,0,0,1,4,1,470371,0,2009,34,SR-247,99999999999999999999,0000000,35.70778333,-87.16640278,1,1
47,3,6,25,99,99,1,1,0,0,4,3,0,1,0,1,4,1,2,55,1,1,2,1,0,0,1,1,0,0,99,99,99,99,88,88,0,0,0,0,1,5,0,470372,0,2009,12,SR-82,99999999999999999999,0000000,35.36204167,-86.38880278,1,1
47,31,6,25,0,20,1,1,0,0,4,3,0,35,0,1,4,1,2,55,2,1,2,1,0,0,2,1,0,0,99,99,99,99,99,99,0,0,0,0,1,5,1,470373,0,2009,64,SR-280,99999999999999999999,0000000,35.62449722,-86.13877222,1,1
47,43,6,26,23,57,2,3,0,0,3,3,0,12,2,1,1,1,2,40,1,1,2,1,0,0,2,1,0,0,99,99,99,99,99,99,0,0,0,0,1,6,1,470374,2550,2009,110,SR-47,99999999999999999999,0000000,36.11994167,-87.22674722,2,1
47,125,6,26,20,30,1,2,0,0,14,2,0,46,0,2,4,1,2,55,1,1,2,2,1,3,2,2,0,0,99,99,99,99,99,99,0,0,0,0,1,6,1,470375,0,2009,282,US-SR13,INTERNATIONAL BLVD,0000000,36.60946944,-87.25834167,1,2
47,123,6,26,18,15,2,2,0,0,5,4,0,12,7,2,1,1,2,45,1,1,2,1,0,0,1,1,0,0,99,99,99,99,99,99,0,0,0,0,1,6,0,470376,0,2009,75,BALLPLAY RD,ROCKY SPRINGS RD,0000000,35.49160833,-84.30646944,2,1
47,9,6,27,9,0,1,1,0,0,3,2,0,42,0,1,4,1,2,30,2,3,2,1,0,0,1,1,0,0,99,99,99,99,88,88,0,0,0,0,1,7,0,470377,0,2009,56,US-SR115,99999999999999999999,0000000,35.50516111,-83.95947222,1,1
47,141,6,28,3,0,1,2,0,0,5,4,0,42,0,1,4,1,2,45,1,1,2,1,0,0,2,5,0,0,99,99,99,99,99,99,0,0,0,0,1,1,1,470378,0,2009,8,OLD BAXTER RD,99999999999999999999,0000000,36.12661111,-85.683275,1,5
47,93,6,28,7,0,1,1,0,1,11,1,0,42,0,1,4,2,2,65,2,1,2,1,0,0,1,1,0,0,99,99,99,99,88,88,0,0,0,0,1,1,1,470379,1300,2009,70,I-140,99999999999999999999,0000000,35.86420833,-84.033125,1,1
47,25,6,29,15,30,2,6,0,1,2,2,0,12,2,1,1,1,2,45,2,1,2,1,0,0,1,1,0,1,99,99,99,99,99,99,0,0,0,0,1,2,0,470380,0,2009,18,US-SR32,99999999999999999999,0000000,36.4062,-83.48568056,2,1
47,11,5,12,13,22,1,2,1,0,14,2,0,8,0,1,1,1,4,55,1,2,2,1,0,0,1,1,0,0,99,99,99,99,99,99,0,0,0,0,1,3,0,470381,420,2009,99999,US-SR40,99999999999999999999,0000000,35.15195556,-84.85718056,1,1
47,59,4,21,18,4,2,3,0,1,13,2,0,12,5,2,1,2,2,45,1,1,2,1,1,3,1,1,0,0,99,99,99,99,99,99,0,0,0,0,1,3,0,470382,1010,2009,99999,US-SR34,INDUSTRIAL RD,0000000,36.17897222,-82.809525,2,1
47,89,6,29,21,20,1,1,0,0,6,4,0,24,0,1,4,1,2,45,2,2,2,1,0,0,2,1,0,0,99,99,99,99,99,99,0,0,0,0,1,2,0,470383,0,2009,1,NORTH CHUCKY PK,99999999999999999999,0000000,36.12693056,-83.470775,1,1
47,155,6,12,22,25,1,2,0,1,2,2,0,1,0,1,2,1,2,45,2,1,2,1,0,0,2,1,0,0,99,99,99,99,99,99,0,0,0,0,1,6,0,470384,0,2009,69,US-SR73,99999999999999999999,0000000,35.76816389,-83.61976667,1,1
47,159,6,14,17,50,1,2,0,0,5,4,0,38,0,1,4,1,2,30,2,2,2,1,0,0,1,1,0,0,99,99,99,99,99,99,0,0,0,0,1,1,0,470385,0,2009,3,PEA RIDGE RD,99999999999999999999,0000000,36.19040556,-85.89386667,1,1
47,129,6,24,21,34,1,3,1,0,5,4,0,8,0,1,1,1,2,35,1,1,2,1,0,0,2,1,0,0,99,99,99,99,99,99,0,0,0,0,1,4,1,470386,0,2009,62,BURRVILLE RD,99999999999999999999,0000000,36.29605278,-84.73508611,1,1
47,141,6,29,16,38,2,7,0,1,1,1,0,54,11,1,1,2,2,70,1,1,2,1,0,0,1,1,0,0,99,99,99,99,99,99,0,14,0,0,1,2,0,470387,0,2009,310,I-40,99999999999999999999,0000000,36.1355,-85.31352778,2,1
47,1,6,30,6,45,1,1,0,0,4,3,0,35,0,1,4,1,2,55,2,2,2,1,0,0,1,1,0,0,99,99,99,99,88,88,0,0,0,0,1,3,0,470388,0,2009,97,SR-61,99999999999999999999,0000000,36.06600556,-84.205975,1,1
47,181,6,30,22,35,1,3,0,0,3,3,0,42,0,1,4,1,2,55,2,2,2,1,0,0,2,1,0,0,99,99,99,99,99,99,0,0,0,0,2,3,0,470389,0,2009,324,SR-13,99999999999999999999,0000000,35.395075,-87.77231667,1,1
47,189,6,20,17,48,3,4,0,1,11,1,0,12,1,1,1,2,2,70,1,2,2,1,0,0,1,1,0,0,99,99,99,99,99,99,0,19,0,0,1,7,0,470390,0,2009,114,I-40,99999999999999999999,0000000,36.18403611,-86.36918333,3,1
47,19,7,1,21,50,1,1,0,0,15,4,0,52,0,1,4,1,2,35,2,3,2,1,0,0,3,1,0,0,99,99,99,99,88,88,0,20,0,0,1,4,1,470391,0,2009,25,STATELINE RD,99999999999999999999,0000000,36.31930833,-82.19994444,1,1
47,187,7,1,6,35,1,1,0,0,4,3,0,42,0,1,4,1,2,40,1,1,2,1,0,0,1,1,0,0,99,99,99,99,88,88,0,0,0,0,1,4,0,470392,0,2009,32,SR-46,99999999999999999999,0000000,35.97771944,-86.92553333,1,1
47,65,4,3,12,15,2,6,0,1,13,3,0,12,5,2,1,2,3,45,1,1,2,1,0,0,1,1,0,0,99,99,99,99,99,99,0,0,0,0,1,6,0,470393,400,2009,98,SR-153,BEREAN LN,0000000,35.14430278,-85.24911944,2,1
47,93,7,1,9,39,1,3,1,0,13,2,0,8,0,1,1,2,2,50,1,2,2,1,0,0,1,1,0,0,99,99,99,99,99,99,0,0,0,0,1,4,0,470394,1300,2009,53,US-SR9,99999999999999999999,0000000,36.00633333,-83.988725,1,1
47,139,7,2,1,0,2,3,0,1,2,2,0,12,5,2,1,1,2,45,1,1,2,1,20,3,2,1,0,2,99,99,99,99,99,99,0,0,0,0,1,5,1,470395,0,2009,35,US-SR40,WELCOME VALLEY RD,0000000,35.10990556,-84.66862778,2,1
47,183,7,3,9,50,1,1,0,0,4,3,0,42,0,1,4,1,2,55,1,1,2,1,0,0,1,1,0,0,99,99,99,99,88,88,0,3,0,0,1,6,0,470396,0,2009,23,SR-190,99999999999999999999,0000000,36.12330833,-88.67002222,1,1
47,189,7,3,23,24,1,2,1,0,6,4,0,8,0,1,1,1,2,40,1,2,2,1,0,0,2,1,0,0,99,99,99,99,88,88,0,0,0,0,1,6,0,470397,0,2009,1,ADAMS LN,99999999999999999999,0000000,36.16708333,-86.52916944,1,1
47,189,7,3,15,17,1,1,0,0,5,4,0,1,0,1,4,1,2,35,2,1,2,1,0,0,1,1,0,0,99,99,99,99,99,99,0,0,0,0,1,6,0,470398,0,2009,20,SHERRILLTOWN RD,99999999999999999999,0000000,36.05180833,-86.21060833,1,1
47,35,7,4,2,34,1,4,0,0,4,2,0,36,0,1,4,1,2,55,2,1,2,1,0,0,2,1,0,0,3,13,3,45,4,18,0,0,0,0,1,7,0,470399,1892,2009,283,US-SR1,99999999999999999999,0000000,35.88347778,-84.82342222,1,1
47,149,7,4,3,35,1,3,0,0,15,4,0,53,0,1,4,1,2,45,1,1,2,1,0,0,2,1,0,0,99,99,99,99,99,99,0,0,0,0,1,7,0,470400,0,2009,28,BAKER RD,99999999999999999999,0000000,35.90168056,-86.52149167,1,1
47,37,4,27,7,5,2,2,0,0,3,2,0,12,2,2,1,1,2,50,1,1,2,1,0,0,1,1,0,0,99,99,99,99,99,99,0,0,0,0,1,2,0,470401,1760,2009,154,US-SR65,SYCAMORE CREEK RD,0000000,36.38168333,-86.89479167,2,1
47,37,5,19,20,25,2,2,0,1,12,2,0,18,0,1,1,3,2,55,1,1,2,1,0,0,2,1,0,0,99,99,99,99,99,99,0,0,0,0,1,3,0,470402,1760,2009,133,US-SR6,99999999999999999999,0000000,36.20611944,-86.75000833,2,1
47,65,5,22,18,11,1,2,1,0,14,6,0,9,0,1,1,2,2,35,1,1,2,1,0,0,1,1,0,0,99,99,99,99,99,99,0,0,0,0,1,6,0,470403,400,2009,0,GLENWOOD DR,99999999999999999999,0000000,35.031925,-85.26377222,1,1
47,37,5,27,3,7,1,1,0,1,11,1,0,34,0,5,3,6,1,35,2,2,2,1,0,0,3,1,0,0,99,99,99,99,99,99,0,0,0,0,1,4,1,470404,1760,2009,170,I-65,99999999999999999999,0000000,36.27003611,-86.73668611,1,1
47,149,5,7,9,55,1,2,1,0,16,6,0,53,0,4,4,1,2,30,2,1,2,1,0,0,1,1,0,0,99,99,99,99,99,99,0,0,0,0,1,5,0,470405,1750,2009,1,LAKESHORE DR,99999999999999999999,0000000,35.81922222,-86.36570278,1,1
47,157,5,13,22,50,3,3,0,1,11,1,0,12,1,1,1,3,3,55,1,1,2,1,0,0,3,1,0,0,99,99,99,99,99,99,0,14,0,0,2,4,0,470406,1620,2009,30,I-240,99999999999999999999,0000000,35.1089,-90.02901667,3,1
47,157,5,25,2,39,2,2,0,0,14,6,0,12,5,2,1,1,4,40,1,1,2,2,20,3,3,2,0,0,99,99,99,99,99,99,0,0,0,0,1,2,0,470407,1620,2009,59,S COOPER ST,YORK AVE,0000000,35.125175,-89.99079167,2,2
47,123,5,3,11,29,1,2,0,0,13,2,0,42,0,1,4,1,2,40,1,1,2,2,0,0,1,2,0,0,99,99,99,99,99,99,0,0,0,0,1,1,0,470408,2369,2009,43,US-SR2,99999999999999999999,0000000,35.61781389,-84.45768611,1,2
47,155,4,23,16,37,2,4,0,1,2,2,1,12,5,2,1,4,3,45,1,1,2,1,20,3,1,1,0,0,99,99,99,99,99,99,0,0,0,0,1,5,0,470409,920,2009,175,US-SR71,LITTLE SMOKY N,0000000,35.73280556,-83.51968611,2,1
47,125,6,7,5,10,1,1,0,0,14,3,0,35,0,1,4,2,2,45,2,1,2,1,0,0,2,1,0,0,99,99,99,99,99,99,0,0,0,0,1,1,0,470410,410,2009,27,SR-236,99999999999999999999,0000000,36.63103889,-87.38761667,1,1
47,109,6,25,13,30,1,1,0,0,4,3,0,51,0,1,4,1,2,55,2,2,2,1,0,0,1,1,0,0,99,99,99,99,99,99,0,0,0,0,1,5,0,470411,0,2009,59,SR-142,99999999999999999999,0000000,35.14851111,-88.46953889,1,1
47,155,6,25,19,0,1,2,0,0,5,4,0,31,0,1,4,1,2,45,2,1,2,1,0,0,1,1,0,0,99,99,99,99,99,99,0,0,0,0,1,5,0,470412,0,2009,25,UPPER MIDDLE CREEK,99999999999999999999,0000000,35.78437222,-83.50999722,1,1
47,75,6,27,7,50,1,1,0,0,5,4,0,24,0,1,4,1,2,55,2,1,2,1,0,0,1,1,0,0,99,99,99,99,88,88,0,0,0,0,1,7,0,470413,0,2009,6,MERCER RD,99999999999999999999,0000000,35.54919722,-89.18336389,1,1
47,37,6,2,1,5,1,1,0,1,11,1,0,36,0,1,4,3,5,70,1,2,2,1,0,0,2,1,0,0,99,99,99,99,88,88,0,0,0,0,1,3,0,470414,1760,2009,259,I-24,99999999999999999999,0000000,36.02812222,-86.63602778,1,1
47,37,6,11,20,21,1,1,0,1,13,3,0,43,0,1,4,3,3,45,2,2,2,1,0,0,2,1,0,0,99,99,99,99,99,99,0,0,0,0,1,5,1,470415,1865,2009,98,SR-45,99999999999999999999,0000000,36.26744167,-86.66880278,1,1
47,93,6,14,2,22,1,1,0,1,13,3,0,24,0,1,4,3,2,55,2,2,2,1,0,0,2,1,0,0,99,99,99,99,88,88,0,0,0,0,1,1,1,470416,0,2009,1,SR-162,99999999999999999999,0000000,35.96708611,-84.17561667,1,1
47,93,6,1,20,38,2,2,0,0,14,3,0,12,5,3,1,2,2,45,1,1,2,1,3,3,1,1,0,0,99,99,99,99,99,99,0,0,0,0,1,2,0,470417,1300,2009,35,SR-169,JOE HINTON RD,0000000,35.944,-84.07003333,2,1
47,27,7,4,7,47,1,2,0,0,2,3,0,1,0,1,4,1,2,40,1,2,2,1,0,0,1,1,0,0,99,99,99,99,99,99,0,0,0,0,1,7,0,470418,0,2009,32,SR-52,99999999999999999999,0000000,36.58308889,-85.76851389,1,1
47,155,7,4,2,30,1,1,0,0,3,2,0,35,0,1,4,1,2,55,2,1,2,1,0,0,2,1,0,0,99,99,99,99,99,99,0,0,0,0,1,7,0,470419,0,2009,64,US-SR35,99999999999999999999,0000000,35.85386944,-83.68571944,1,1
47,45,7,5,20,5,1,1,0,0,6,4,0,1,0,1,4,1,2,55,2,1,4,1,0,0,5,1,0,0,99,99,99,99,99,99,0,0,0,0,1,1,1,470420,0,2009,0,SLAUGHTER PEN RD,99999999999999999999,0000000,36.00968056,-89.34596944,1,1
47,113,7,5,8,25,1,1,0,1,1,1,0,34,0,1,4,2,2,70,1,1,2,1,0,0,1,1,0,0,99,99,99,99,88,88,0,0,0,0,1,1,0,470421,0,2009,20,I-40,99999999999999999999,0000000,35.60242778,-89.041175,1,1
47,19,7,6,11,0,4,2,0,0,3,2,0,12,5,1,1,2,2,45,1,1,2,2,0,0,1,1,0,0,99,99,99,99,99,99,0,14,0,0,1,2,0,470422,2063,2009,49,US-SR37,99999999999999999999,0000000,36.20156944,-82.07613333,2,1
47,9,7,7,13,10,1,1,0,0,3,2,0,34,0,1,5,1,2,30,2,2,2,1,0,0,1,1,0,0,99,99,99,99,99,99,0,0,0,0,1,3,0,470423,0,2009,49,US-SR115,99999999999999999999,0000000,35.50083333,-83.94274722,1,1
47,43,7,7,10,23,2,3,0,0,3,2,0,12,6,1,1,1,2,55,1,1,2,1,0,0,1,1,0,0,99,99,99,99,99,99,0,0,0,0,1,3,0,470424,0,2009,19,US-SR1,99999999999999999999,0000000,36.09103333,-87.51136667,2,1
47,59,7,7,15,54,2,2,0,1,2,2,0,12,5,2,1,2,2,30,1,1,2,1,0,0,1,1,0,0,99,99,99,99,99,99,0,0,0,0,1,3,0,470425,1715,2009,80,US-SR34,SPRING ST,0000000,36.18803333,-82.96010556,2,1
47,179,7,7,7,55,2,4,0,0,5,4,0,12,2,1,1,1,2,45,1,2,2,1,0,0,1,1,0,0,99,99,99,99,99,99,0,0,0,0,1,3,0,470426,0,2009,63,CONKLIN RD,99999999999999999999,0000000,36.24764722,-82.5111,2,1
47,167,7,4,19,15,1,1,0,0,6,4,0,32,0,1,4,1,2,45,2,1,2,2,0,0,1,1,0,0,99,99,99,99,99,99,0,0,0,0,1,7,0,470427,0,2009,0,KELLY CORNER RD,99999999999999999999,0000000,35.44938611,-89.62653333,1,1
47,157,7,7,11,45,1,1,0,1,11,1,0,24,0,13,4,6,1,40,2,1,2,1,0,0,1,1,0,0,99,99,99,99,99,99,0,0,0,0,1,3,0,470428,1620,2009,55,I-55 RAMP 6-E,99999999999999999999,0000000,35.06933333,-90.02550833,1,1
47,159,7,8,14,30,2,2,0,0,6,4,0,12,2,1,1,1,1,55,2,4,2,1,0,0,1,1,0,0,99,99,99,99,99,99,0,0,0,0,1,4,1,470429,0,2009,7,WALTER MORRIS RD,99999999999999999999,0000000,36.26130556,-86.10341667,2,1
47,173,7,10,20,22,2,2,0,0,3,3,0,12,2,2,1,1,2,55,1,1,2,1,0,0,1,1,0,0,99,99,99,99,88,88,0,0,0,0,1,6,1,470430,0,2009,24,SR-33,DOROTHY DR,0000000,36.19605833,-83.88382778,2,1
47,19,7,11,13,0,1,1,0,0,6,4,0,42,0,1,4,1,2,30,1,1,2,1,0,0,1,1,0,0,99,99,99,99,88,88,0,0,0,0,1,7,0,470431,0,2009,1,OLD STONEY CREEK RD,99999999999999999999,0000000,36.35857222,-82.19758889,1,1
47,21,7,11,23,0,1,1,0,0,5,4,0,42,0,1,4,1,2,35,2,1,2,1,0,0,2,1,0,0,99,99,99,99,88,88,0,0,0,0,1,7,0,470432,0,2009,78,CEDAR HILL RD,99999999999999999999,0000000,36.16031389,-87.12130278,1,1
47,163,7,11,1,55,1,1,0,0,15,3,0,1,0,1,4,1,2,25,2,2,2,1,0,0,2,1,0,0,99,99,99,99,88,88,0,0,0,0,1,7,0,470433,0,2009,31,SR-44,99999999999999999999,0000000,36.47165556,-82.25090278,1,1
47,165,7,11,16,23,1,2,0,0,6,4,0,34,0,1,4,1,2,35,1,2,2,1,0,0,1,1,0,0,99,99,99,99,99,99,0,0,0,0,1,7,0,470434,0,2009,2,HENRY HARRIS RD,99999999999999999999,0000000,36.57278333,-86.26197778,1,1
47,39,7,12,0,35,1,1,0,0,5,4,0,3,0,1,99,1,2,55,1,2,2,1,0,0,2,1,0,0,99,99,99,99,88,88,0,1,0,0,1,1,0,470435,0,2009,111,BROADIES LANDING RD,99999999999999999999,0000000,35.71548056,-88.03655833,1,1
47,91,7,12,16,20,2,3,0,0,3,3,0,12,5,2,1,1,2,55,1,1,2,1,20,3,1,1,0,0,99,99,99,99,99,99,0,0,0,0,2,1,0,470436,1720,2009,104,SR-67,SLABTOWN RD,0000000,36.44806111,-81.89894444,2,1
47,149,7,13,22,38,2,5,0,0,13,2,0,12,2,11,1,3,2,40,1,1,2,1,0,0,3,1,0,0,99,99,99,99,99,99,0,0,0,0,1,2,0,470437,2250,2009,41,US-SR1,SR-266,0000000,35.99506389,-86.52973333,2,1
47,39,1,13,23,29,1,1,0,0,5,6,0,42,0,1,4,1,2,30,1,1,2,1,0,0,2,1,0,0,99,99,99,99,88,88,0,0,0,0,1,3,0,470438,1930,2009,17,GEORGIA AVE S,99999999999999999999,0000000,35.63474167,-88.11798333,1,1
47,163,2,27,23,11,1,3,0,0,15,4,0,18,0,1,5,1,2,35,1,2,2,1,0,0,2,1,0,0,99,99,99,99,99,99,0,0,0,0,2,6,1,470439,0,2009,3,E CARTER VALLEY RD,99999999999999999999,0000000,36.592825,-82.56575278,1,1
47,65,3,4,11,40,1,1,0,0,14,2,0,36,0,1,4,1,2,40,2,2,2,1,0,0,1,1,0,0,99,99,99,99,99,99,0,0,0,0,1,4,0,470440,400,2009,144,US-SR8,99999999999999999999,0000000,35.10531667,-85.33870278,1,1
47,19,3,9,20,12,3,6,0,1,13,2,0,12,5,2,1,2,2,50,1,1,2,1,20,3,2,1,0,0,99,99,99,99,99,99,0,0,0,0,1,2,0,470441,0,2009,171,US-SR37,1ST AVE,0000000,36.28983056,-82.17502778,3,1
47,53,3,14,17,25,2,3,0,1,2,2,0,12,5,2,1,2,2,55,1,1,2,1,20,3,1,1,0,0,99,99,99,99,88,88,0,0,0,0,1,7,0,470442,270,2009,212,US-SR43,SR-54,0000000,36.07465833,-88.82527778,2,1
47,157,3,19,23,50,1,1,0,0,3,3,0,35,0,1,4,1,2,45,2,2,2,1,0,0,2,1,0,0,99,99,99,99,88,88,0,0,0,0,1,5,1,470443,717,2009,99999,SR-205,99999999999999999999,0000000,35.19264722,-89.66145,1,1
47,109,4,13,21,0,2,2,0,0,5,6,0,12,2,1,1,1,2,45,1,1,2,1,0,0,2,1,0,0,99,99,99,99,99,99,0,0,0,0,1,2,1,470444,2160,2009,99999,PEACH AVE,99999999999999999999,0000000,35.19020556,-88.60263333,2,1
47,93,5,29,14,26,1,2,0,1,1,1,0,32,0,1,4,2,3,70,2,2,2,1,0,0,1,1,0,0,99,99,99,99,99,99,0,0,0,0,1,6,0,470445,0,2009,346,I-40,99999999999999999999,0000000,35.99475278,-83.67666944,1,1