STATE,COUNTY,MONTH,DAY,HOUR,MINUTE,VE_TOTAL,PERSONS,PEDS,NHS,ROAD_FNC,ROUTE,SP_JUR,HARM_EV,MAN_COLL,REL_JUNC,REL_ROAD,TRAF_FLO,NO_LANES,SP_LIMIT,ALIGNMNT,PROFILE,PAVE_TYP,SUR_COND,TRA_CONT,T_CONT_F,LGT_COND,WEATHER1,WEATHER2,WRK_ZONE,NOT_HOUR,NOT_MIN,ARR_HOUR,ARR_MIN,HOSP_HR,HOSP_MN,SCH_BUS,CF1,CF2,CF3,FATALS,DAY_WEEK,DRUNK_DR,ST_CASE,CITY,YEAR,MILEPT,TWAY_ID,TWAY_ID2,RAIL,LATITUDE,LONGITUD,VE_FORMS,WEATHER
47,71,6,12,16,0,3,5,0,1,2,2,0,12,2,1,1,1,2,45,1,2,2,1,0,0,1,1,0,0,99,99,99,99,99,99,0,0,0,0,2,6,0,470446,541,2009,40,US-SR15,99999999999999999999,0000000,35.22682222,-88.30380833,3,1
47,155,6,7,14,26,1,7,1,0,15,6,0,9,0,2,1,1,2,20,1,1,2,1,20,3,1,1,0,0,99,99,99,99,99,99,0,0,0,0,1,1,0,470447,1948,2009,8,RIDGE RD,JAMESENA MILLER DR,0000000,35.80458056,-83.55255278,1,1
47,93,6,26,15,53,2,2,0,0,6,4,0,12,5,4,1,1,2,40,1,1,2,1,0,0,1,1,0,0,99,99,99,99,99,99,0,0,0,0,1,6,0,470448,0,2009,0,KIMBERLIN HEIGHTS RD,99999999999999999999,0000000,35.92640833,-83.80585556,2,1
47,93,6,27,18,19,1,1,0,0,6,4,0,53,0,1,4,1,2,30,2,2,2,1,0,0,1,1,0,0,99,99,99,99,99,99,0,0,0,0,1,7,1,470449,0,2009,1,CONNER RD,99999999999999999999,0000000,36.08065,-84.01995556,1,1
47,157,7,5,1,30,1,3,0,1,11,1,0,38,0,1,4,3,3,55,1,1,2,2,0,0,3,2,0,0,99,99,99,99,99,99,0,0,0,0,2,1,0,470450,1620,2009,42,I-240,99999999999999999999,0000000,35.08925278,-90.02558889,1,2
47,93,7,13,20,29,2,3,0,0,13,3,0,12,5,2,1,1,2,40,1,1,2,1,20,3,1,1,0,0,99,99,99,99,99,99,0,0,0,0,1,2,0,470451,1300,2009,112,SR-62,MCKAMEY RD,0000000,35.97748056,-84.01154444,2,1
47,1,7,15,1,15,1,1,0,0,6,4,0,42,0,1,4,1,2,30,2,3,2,1,0,0,2,1,0,0,99,99,99,99,88,88,0,0,0,0,1,4,1,470452,0,2009,2,LONESOME DOVE RD,99999999999999999999,0000000,36.01703611,-84.09196389,1,1
47,79,7,15,8,32,3,3,0,1,2,2,0,12,2,1,1,1,2,55,1,1,2,1,0,0,1,1,0,0,99,99,99,99,88,88,0,14,0,0,1,4,0,470453,0,2009,89,US-SR69,99999999999999999999,0000000,36.26401944,-88.27701667,3,1
47,189,7,15,8,50,3,3,0,1,2,3,0,12,8,1,1,1,2,45,1,1,2,1,0,0,1,1,0,0,99,99,99,99,99,99,0,14,0,0,1,4,1,470454,0,2009,125,SR-109,99999999999999999999,0000000,36.30418889,-86.44178611,3,1
47,123,7,9,23,32,1,1,0,0,5,4,0,35,0,1,4,1,2,45,1,1,2,1,0,0,2,1,0,0,99,99,99,99,99,99,0,0,0,0,1,5,0,470455,0,2009,41,POVO RD,99999999999999999999,0000000,35.51786111,-84.340775,1,1
47,161,7,10,15,54,2,5,0,0,5,6,0,12,2,1,1,1,2,45,1,1,2,1,0,0,1,1,0,0,99,99,99,99,99,99,0,0,0,0,4,6,0,470456,655,2009,24,LONG CREEK RD,99999999999999999999,0000000,36.44321111,-87.79794722,2,1
47,189,7,10,6,41,1,1,0,0,4,3,0,42,0,1,4,1,2,45,2,1,2,1,0,0,1,1,0,0,99,99,99,99,99,99,0,0,0,0,1,6,0,470457,1360,2009,144,SR-266,99999999999999999999,0000000,36.16080556,-86.2712,1,1
47,59,7,19,20,10,2,2,0,1,13,2,0,12,5,2,1,2,2,55,2,1,2,1,20,3,1,1,0,0,99,99,99,99,99,99,0,0,0,0,1,1,0,470458,1715,2009,106,US-SR34,ROLLING HILLS RD,0000000,36.17485,-82.91769722,2,1
47,161,7,19,2,0,1,2,0,0,6,4,0,1,0,1,4,1,2,45,2,1,2,1,0,0,2,1,0,0,99,99,99,99,88,88,0,0,0,0,1,1,1,470459,0,2009,13,FORT HENRY RD,99999999999999999999,0000000,36.47324444,-88.01827778,1,1
47,81,7,12,13,33,1,5,0,0,5,4,0,53,0,1,4,1,2,40,1,1,2,1,0,0,1,1,0,0,99,99,99,99,99,99,0,0,0,0,1,1,0,470460,0,2009,19,MISSIONARY RIDGE RD,99999999999999999999,0000000,35.96229167,-87.35726944,1,1
47,13,7,18,6,30,1,1,0,1,1,1,0,42,0,1,4,2,2,70,1,1,2,1,0,0,4,1,0,0,99,99,99,99,99,99,0,0,0,0,1,7,0,470461,0,2009,172,I-75,99999999999999999999,0000000,36.44385556,-84.27810833,1,1
47,181,7,20,18,15,1,1,0,0,4,3,0,36,0,1,4,1,2,55,2,1,2,1,0,0,1,1,0,0,99,99,99,99,88,88,0,0,0,0,1,2,0,470462,0,2009,17,SR-114,99999999999999999999,0000000,35.32379167,-87.96787222,1,1
47,61,7,20,17,15,1,3,0,0,6,4,0,1,0,1,4,1,2,55,1,2,2,1,0,0,1,1,0,0,99,99,99,99,99,99,0,0,0,0,1,2,0,470463,0,2009,6,DEER RUN RD,99999999999999999999,0000000,35.42411667,-85.86497778,1,1
47,93,7,19,14,12,1,2,0,1,11,1,0,7,0,13,3,6,2,55,2,2,2,1,28,3,1,1,0,0,99,99,99,99,99,99,0,0,0,0,1,1,0,470464,1300,2009,40,I-75 RAMP,99999999999999999999,0000000,36.004525,-83.96348611,1,1
47,65,7,21,8,57,2,4,0,1,11,1,0,12,1,1,1,3,4,55,1,1,2,1,0,0,1,1,0,0,99,99,99,99,99,99,0,0,0,0,1,3,0,470465,400,2009,21,I-75,99999999999999999999,0000000,35.00645833,-85.207,2,1
47,157,7,21,14,51,2,4,0,1,13,2,0,12,5,5,1,3,2,40,2,2,2,2,0,0,1,2,0,0,99,99,99,99,99,99,0,0,0,0,1,3,0,470466,1620,2009,169,US-SR3,99999999999999999999,0000000,35.20173056,-90.03420278,2,2
47,11,7,23,1,10,1,3,0,0,15,4,0,32,0,4,4,1,2,45,1,2,2,1,0,0,2,1,0,0,99,99,99,99,99,99,0,0,0,0,1,5,1,470467,0,2009,18,TASSO LN,99999999999999999999,0000000,35.21554722,-84.82483889,1,1
47,97,7,15,16,15,2,2,0,1,2,2,0,12,5,2,1,1,2,55,1,1,2,1,21,3,1,1,0,0,99,99,99,99,99,99,0,0,0,0,1,4,0,470468,0,2009,229,US-SR3,MILL CREEK RD,0000000,35.91813333,-89.418325,2,1
47,25,7,24,0,40,1,1,0,0,5,4,0,35,0,2,4,1,2,35,1,2,2,1,0,0,2,1,0,0,99,99,99,99,99,99,0,0,0,0,1,6,0,470469,0,2009,93,DOGWOOD RD,MICHAL LN,0000000,36.46253889,-83.61136944,1,1
47,159,7,25,0,5,1,1,0,0,3,2,0,35,0,1,4,1,2,55,1,1,2,1,0,0,2,1,0,0,99,99,99,99,99,99,0,0,0,0,1,7,1,470470,0,2009,122,US-SR24,99999999999999999999,0000000,36.23651944,-85.92797778,1,1
47,79,7,6,19,17,2,4,0,1,13,2,0,12,7,1,1,3,2,40,2,1,2,1,0,0,1,1,0,0,99,99,99,99,99,99,0,0,0,0,1,2,0,470471,1910,2009,118,US-SR69,99999999999999999999,0000000,36.2888,-88.31309722,2,1
47,65,7,26,20,44,1,1,0,0,14,6,0,42,0,1,4,1,2,40,1,1,2,1,0,0,1,1,0,0,99,99,99,99,88,88,0,20,0,0,1,1,1,470472,400,2009,7,SHALLOWFORD RD,99999999999999999999,0000000,35.03833889,-85.14442222,1,1
47,133,7,28,9,14,1,4,0,0,4,3,0,35,0,1,4,1,2,45,2,3,2,1,0,0,1,1,0,0,99,99,99,99,99,99,0,0,0,0,2,3,0,470473,0,2009,136,SR-85,99999999999999999999,0000000,36.35812222,-85.17397778,1,1
47,115,7,29,2,30,1,1,0,0,5,6,0,42,0,1,4,1,2,45,2,1,2,2,0,0,2,2,0,0,99,99,99,99,88,88,0,0,0,0,1,4,1,470474,1890,2009,17,ORME RD,99999999999999999999,0000000,35.01224722,-85.80523889,1,2
47,71,7,21,0,30,1,1,0,0,4,3,0,34,0,1,4,1,2,55,1,1,2,2,0,0,2,2,0,0,99,99,99,99,99,99,0,0,0,0,1,3,0,470475,0,2009,40,SR-203,99999999999999999999,0000000,35.20706667,-88.18079444,1,2
47,157,7,28,12,40,2,2,0,0,14,6,0,12,5,1,1,1,2,40,2,2,2,2,0,0,1,2,0,0,99,99,99,99,88,88,0,0,0,0,1,3,0,470476,1620,2009,29,WALNUT GROVE RD,99999999999999999999,0000000,35.12756667,-89.74767222,2,2
47,11,7,31,0,50,2,3,0,0,13,2,0,12,5,2,1,1,2,45,1,1,2,1,20,3,2,1,0,0,99,99,99,99,99,99,0,0,0,0,1,6,1,470477,0,2009,171,US-SR2,BELLFOUNTE RD,0000000,35.24879722,-84.79742222,2,1
47,73,7,31,18,35,1,1,0,0,5,4,0,42,0,1,4,1,2,35,2,1,2,1,0,0,1,1,0,0,99,99,99,99,99,99,0,0,0,0,1,6,0,470478,0,2009,99999,OLD SR-70,99999999999999999999,0000000,36.36688611,-82.97862222,1,1
47,165,7,31,12,50,2,6,0,1,2,3,0,12,2,1,1,1,2,55,1,1,2,1,0,0,1,1,0,0,99,99,99,99,99,99,0,0,0,0,1,6,0,470479,0,2009,129,SR-109,99999999999999999999,0000000,36.49549167,-86.49621944,2,1
47,45,7,25,22,39,3,2,0,0,15,6,0,12,2,1,1,1,2,30,1,2,2,1,0,0,3,1,0,0,99,99,99,99,99,99,0,14,20,0,1,7,1,470480,710,2009,1,E CEDAR ST,99999999999999999999,0000000,36.03083056,-89.38472778,2,1
47,9,8,2,16,10,1,1,0,0,3,2,0,42,0,1,4,1,2,30,2,2,2,1,0,0,1,1,0,0,99,99,99,99,99,99,0,0,0,0,1,1,0,470481,0,2009,49,US-SR115,99999999999999999999,0000000,35.50083333,-83.94521389,1,1
47,3,8,2,15,26,3,4,0,0,13,2,0,12,2,1,1,1,2,45,1,1,2,1,0,0,1,1,0,0,99,99,99,99,99,99,0,0,0,0,1,1,0,470482,2200,2009,168,US-SR16,99999999999999999999,0000000,35.49983056,-86.47856944,3,1
47,185,8,5,18,49,2,6,0,0,6,4,0,12,2,1,1,1,2,55,1,2,2,1,0,0,1,1,0,0,99,99,99,99,99,99,0,0,0,0,1,4,1,470483,0,2009,6,EATON RD,99999999999999999999,0000000,35.86989167,-85.528575,2,1
47,29,8,4,13,44,1,2,0,1,1,1,0,35,0,1,4,2,2,70,2,2,2,1,0,0,1,1,0,0,99,99,99,99,99,99,0,0,0,0,2,3,0,470485,0,2009,95,I-40,99999999999999999999,0000000,35.89097222,-83.18634167,1,1
47,61,8,5,16,45,2,2,0,0,6,4,0,12,2,1,1,1,2,30,2,1,2,1,0,0,1,1,0,0,99,99,99,99,99,99,0,0,0,0,1,4,1,470486,0,2009,0,ALTAMONT ST,99999999999999999999,0000000,35.27294444,-85.74613889,2,1
47,7,8,6,21,50,1,1,0,0,5,4,0,1,0,1,1,1,2,45,1,1,4,1,0,0,2,1,0,0,99,99,99,99,99,99,0,0,0,0,1,5,1,470487,0,2009,96,BRAYTON RD,99999999999999999999,0000000,35.48094167,-85.18211944,1,1
47,145,8,6,21,0,1,1,0,0,6,4,0,42,0,1,4,1,2,25,1,1,2,1,0,0,2,1,0,0,99,99,99,99,99,99,0,0,0,0,1,5,0,470488,0,2009,3,LAKE CREST DRIVE,99999999999999999999,0000000,35.89456389,-84.47693333,1,1
47,149,8,6,12,50,1,1,0,1,11,1,0,1,0,1,1,2,4,70,1,1,2,1,0,0,1,1,0,0,99,99,99,99,99,99,0,0,0,0,1,5,0,470489,0,2009,50,I-24,99999999999999999999,0000000,35.95139167,-86.55010556,1,1
47,187,8,6,15,0,1,1,0,0,16,6,0,38,0,1,4,1,2,30,2,2,2,1,0,0,1,1,0,0,99,99,99,99,99,99,0,0,0,0,1,5,0,470490,850,2009,5,MCEWEN DR,99999999999999999999,0000000,35.93268056,-86.78616111,1,1
47,11,8,9,4,52,1,1,0,0,14,6,0,30,0,1,4,1,2,35,2,2,2,1,0,0,3,1,0,0,99,99,99,99,88,88,0,0,0,0,1,1,1,470491,420,2009,10,MICHIGAN AVE,99999999999999999999,0000000,35.17169722,-84.82318889,1,1
47,73,8,12,18,6,1,1,0,0,15,4,0,1,0,1,4,1,2,45,2,2,2,1,0,0,1,1,0,0,99,99,99,99,99,99,0,0,0,0,1,4,0,470492,0,2009,135,CARTERS VALLEY RD,99999999999999999999,0000000,36.55956667,-82.72714722,1,1
47,25,8,9,17,15,1,3,0,0,5,4,0,42,0,1,4,1,2,30,2,1,2,2,0,0,1,1,0,0,99,99,99,99,99,99,0,0,0,0,2,1,1,470493,0,2009,10,TIPRELL RD,99999999999999999999,0000000,36.56186389,-83.66991667,1,1
47,47,8,13,7,55,2,3,0,0,3,3,0,12,2,2,1,1,2,55,1,1,2,1,20,3,1,1,0,0,99,99,99,99,99,99,0,0,0,0,1,5,0,470494,0,2009,117,SR-57,SLAYDEN RD,0000000,35.05293056,-89.44078611,2,1
47,179,8,13,19,55,1,2,0,0,6,4,0,1,0,1,4,1,2,45,2,2,2,1,0,0,5,1,0,0,99,99,99,99,99,99,0,0,0,0,1,5,0,470495,0,2009,2,A A DEAKINS RD,99999999999999999999,0000000,36.36389444,-82.53247222,1,1
47,13,8,13,16,5,2,4,0,0,5,4,0,12,5,1,1,1,2,45,2,2,2,1,0,0,1,1,0,0,99,99,99,99,99,99,0,0,0,0,1,5,0,470496,0,2009,62,STINKING CREEK RD,99999999999999999999,0000000,36.49641389,-84.16595278,2,1
47,43,8,16,11,10,1,1,0,0,4,3,0,42,0,1,4,1,2,45,2,3,2,1,0,0,1,1,0,0,99,99,99,99,99,99,0,0,0,0,1,1,0,470497,0,2009,34,SR-48,99999999999999999999,0000000,36.02001389,-87.45734167,1,1
47,93,8,16,1,11,1,1,0,0,13,2,0,30,0,1,4,5,4,45,1,1,2,1,0,0,3,1,0,0,99,99,99,99,88,88,0,0,0,0,1,1,0,470498,1300,2009,120,US-SR33,99999999999999999999,0000000,36.03845556,-83.93075278,1,1
47,167,8,16,2,13,1,3,1,0,3,2,0,8,0,2,1,1,2,55,1,3,2,1,0,0,2,1,0,0,99,99,99,99,99,99,0,0,0,0,1,1,0,470499,0,2009,22,US-SR1,WILLIAMSON RD,0000000,35.42181389,-89.51537778,1,1
47,35,8,17,11,38,2,3,0,0,2,2,0,12,5,1,1,1,2,55,1,3,2,1,0,0,1,1,0,0,11,40,11,48,12,18,0,0,0,0,2,2,0,470500,0,2009,52,US-SR28,99999999999999999999,0000000,35.84274167,-85.01696944,2,1
47,93,8,13,18,12,3,6,0,0,14,6,0,12,5,4,1,1,2,45,1,1,2,1,0,0,1,1,0,0,99,99,99,99,99,99,0,14,0,0,2,5,1,470501,1300,2009,40,CENTRAL AVE PIKE,99999999999999999999,0000000,36.01066944,-83.96931389,3,1
47,93,8,1,0,15,2,2,0,0,13,2,0,12,1,1,1,1,4,45,1,1,2,2,0,0,3,2,0,0,99,99,99,99,99,99,0,0,0,0,1,7,0,470502,1300,2009,69,US-SR71,99999999999999999999,0000000,35.92830278,-83.89639444,2,2
47,179,8,17,21,15,2,3,0,0,3,3,0,12,8,1,1,1,2,45,1,1,2,1,0,0,2,1,0,0,99,99,99,99,99,99,0,0,0,0,1,2,1,470503,0,2009,12,SR-81,99999999999999999999,0000000,36.17091667,-82.44578333,2,1
47,113,8,18,15,6,1,4,0,1,11,1,0,1,0,13,1,2,2,70,1,2,2,1,0,0,1,1,0,0,99,99,99,99,99,99,0,0,0,0,1,3,0,470504,1200,2009,173,I-40,99999999999999999999,0000000,35.67143333,-88.82637778,1,1
47,49,8,18,6,35,1,1,0,0,6,4,0,24,0,1,4,1,2,99,2,2,2,1,0,0,1,1,0,0,99,99,99,99,99,99,0,0,0,0,1,3,0,470505,0,2009,2,GLENOBEY RD,99999999999999999999,0000000,36.37785,-84.98457222,1,1
47,29,8,19,10,0,2,3,0,1,11,1,0,12,1,1,1,3,2,70,1,2,2,1,0,0,1,1,0,0,99,99,99,99,99,99,0,0,0,0,1,4,0,470506,0,2009,64,I-40,99999999999999999999,0000000,35.93700556,-83.19699167,2,1
47,141,5,22,21,58,1,1,0,0,16,6,0,42,0,1,5,1,2,30,1,1,2,1,0,0,3,1,0,0,99,99,99,99,99,99,0,0,0,0,1,6,0,470507,480,2009,1,SHAG RAG RD,99999999999999999999,0000000,36.19073611,-85.48003611,1,1
47,65,6,8,20,21,2,3,0,0,13,2,0,12,2,1,1,5,2,45,1,1,2,1,0,0,1,1,0,0,99,99,99,99,99,99,0,0,0,0,1,2,0,470508,400,2009,185,US-SR2,99999999999999999999,0000000,35.04600833,-85.16065278,2,1
47,45,6,26,16,23,1,2,0,0,16,6,0,5,0,1,1,1,2,30,1,2,2,1,0,0,1,1,0,0,99,99,99,99,99,99,0,0,0,0,1,6,0,470509,710,2009,1,WHEELER ST,99999999999999999999,0000000,36.03966944,-89.37131111,1,1
47,125,7,10,99,99,1,1,0,1,11,1,0,1,0,13,1,6,1,45,1,2,2,1,0,0,2,1,0,0,99,99,99,99,88,88,0,0,0,0,1,6,1,470510,410,2009,19,I-24 EXIT RAMP,99999999999999999999,0000000,36.62991667,-87.31408889,1,1
47,93,7,27,7,10,1,2,0,0,6,4,0,42,0,2,4,1,2,30,2,2,2,2,0,0,1,1,0,0,99,99,99,99,99,99,0,0,0,0,1,2,0,470511,0,2009,3,HACKWORTH RD,BOLES RD,0000000,35.98103611,-84.13879722,1,1
47,13,6,3,16,2,2,2,0,0,13,2,0,12,6,3,1,2,2,40,1,1,2,2,0,0,1,2,0,0,99,99,99,99,99,99,0,0,0,0,1,4,1,470512,1320,2009,248,US-SR9,W. CENTRAL AVE,0000000,36.37543889,-84.12934722,2,2
47,179,7,17,17,54,1,1,0,0,16,6,0,38,0,1,4,1,2,40,2,2,2,1,0,0,1,1,0,0,99,99,99,99,99,99,0,0,0,0,1,6,0,470513,985,2009,3,HALES CHAPEL RD,99999999999999999999,0000000,36.36763333,-82.47583056,1,1
47,163,8,11,17,36,1,1,0,0,13,3,0,42,0,1,4,2,2,45,1,2,2,1,0,0,1,1,0,0,99,99,99,99,99,99,0,0,0,0,1,3,1,470514,1280,2009,53,SR-36,99999999999999999999,0000000,36.50154167,-82.51188333,1,1
47,37,5,6,2,4,2,2,0,1,1,1,0,12,2,1,1,3,2,70,1,2,2,1,0,0,2,1,0,0,99,99,99,99,99,99,0,0,0,0,1,4,1,470515,1760,2009,6,I-40,99999999999999999999,0000000,36.07726944,-87.02937778,2,1
47,37,6,23,14,26,3,5,0,0,13,2,0,12,1,1,1,1,2,45,1,1,2,1,0,0,1,1,0,0,99,99,99,99,99,99,0,0,0,0,1,3,0,470516,1760,2009,252,US-SR24,99999999999999999999,0000000,36.18920556,-86.62784167,2,1
47,37,7,3,23,4,2,3,0,0,14,2,0,12,6,2,1,1,4,40,1,1,2,1,1,3,3,1,0,0,99,99,99,99,99,99,0,0,0,0,1,6,1,470517,1760,2009,5,US-SR65,BRICK CHURCH PIKE,0000000,36.20661389,-86.77789722,2,1
47,117,5,7,13,28,1,1,0,0,4,3,0,42,0,1,4,1,2,45,2,3,2,1,0,0,1,1,0,0,99,99,99,99,99,99,0,0,0,0,1,5,0,470518,500,2009,43,SR-129,99999999999999999999,0000000,35.38029444,-86.85495,1,1
47,37,7,5,17,42,4,5,0,1,11,1,0,5,0,1,1,3,4,65,1,2,2,2,0,0,1,2,0,0,99,99,99,99,99,99,0,14,19,0,1,1,0,470519,1760,2009,195,I-24,99999999999999999999,0000000,36.09772222,-86.70927222,4,2
47,37,6,22,22,13,1,2,0,1,13,3,0,30,0,1,4,1,4,40,2,1,2,2,0,0,3,2,0,0,99,99,99,99,99,99,0,0,0,0,1,2,1,470520,1760,2009,13,SR-255,99999999999999999999,0000000,36.08091389,-86.75155,1,2
47,165,7,26,12,0,2,3,0,1,13,3,0,12,6,1,1,1,2,55,1,1,2,1,0,0,1,1,0,0,99,99,99,99,99,99,0,0,0,0,1,1,0,470521,1970,2009,219,SR-109,99999999999999999999,0000000,36.61318611,-86.54591667,2,1
47,37,7,29,7,0,2,4,0,0,14,6,0,12,2,1,1,1,2,40,1,1,2,2,0,0,1,2,0,0,99,99,99,99,99,99,0,0,0,0,1,4,0,470522,1760,2009,24,TULIP GROVE RD,99999999999999999999,0000000,36.20523611,-86.58996944,2,2
47,11,5,25,16,43,3,3,0,0,4,3,0,12,8,1,1,1,2,45,1,3,2,1,0,0,1,1,0,0,99,99,99,99,99,99,0,0,0,0,1,2,1,470523,0,2009,99999,SR-313,99999999999999999999,0000000,35.08523611,-84.79221667,3,1
47,37,7,21,9,2,1,1,0,1,11,1,0,39,0,1,4,3,3,55,1,2,2,1,40,3,1,1,0,1,99,99,99,99,99,99,0,0,0,0,1,3,0,470524,1760,2009,124,I-40,99999999999999999999,0000000,36.15225,-86.85769722,1,1
47,37,2,28,10,28,2,2,0,0,14,2,0,12,5,2,1,4,4,30,1,1,2,2,1,3,1,1,0,0,99,99,99,99,99,99,0,0,0,0,1,7,0,470525,1760,2009,121,US-SR24,CHURCH ST,0000000,36.15795,-86.79160556,2,1
47,157,8,20,9,45,2,6,0,0,13,2,0,12,5,1,1,1,3,40,1,1,2,1,0,0,1,1,0,0,99,99,99,99,99,99,0,0,0,0,2,5,0,470526,1620,2009,116,US-SR1,99999999999999999999,0000000,35.14901111,-89.89565,2,1
47,189,8,18,15,35,2,3,0,1,2,2,0,12,2,1,1,1,2,55,1,4,2,2,0,0,1,1,0,0,99,99,99,99,99,99,1,0,0,0,1,3,0,470527,0,2009,182,US-SR10,99999999999999999999,0000000,36.26323333,-86.28332778,2,1
47,55,8,20,13,45,1,2,0,0,6,4,0,42,0,1,4,1,2,55,2,2,2,2,0,0,1,2,0,0,13,48,14,3,14,52,0,0,0,0,1,5,1,470528,0,2009,7,CHICKEN CREEK RD,99999999999999999999,0000000,35.18315556,-87.07469167,1,2
47,183,8,20,17,2,2,5,0,1,2,2,0,12,5,2,1,2,2,55,1,1,2,1,20,3,1,1,0,0,99,99,99,99,99,99,0,0,0,0,1,5,0,470529,0,2009,191,US-SR43,FRONTAGE RD,0000000,36.36940278,-88.86627222,2,1
47,189,8,9,10,46,1,3,0,1,11,1,0,52,0,1,4,2,2,70,1,1,2,1,0,0,1,1,0,0,99,99,99,99,99,99,0,0,0,0,1,1,0,470530,1360,2009,148,I-40,99999999999999999999,0000000,36.18227778,-86.30479444,1,1
47,21,8,19,14,0,1,2,0,0,4,3,0,34,0,1,4,1,2,45,1,1,2,1,0,0,1,1,0,0,99,99,99,99,99,99,0,0,0,0,1,4,0,470531,0,2009,19,SR-250,99999999999999999999,0000000,36.21418889,-87.15386389,1,1
47,13,8,21,14,41,1,4,0,1,1,1,0,1,0,1,1,2,2,70,1,2,2,1,0,0,1,1,0,0,99,99,99,99,99,99,0,0,0,0,1,6,0,470532,0,2009,149,I-75,99999999999999999999,0000000,36.41925278,-84.284725,1,1
47,177,8,21,9,45,1,1,0,0,5,4,0,42,0,1,4,1,2,45,2,2,2,2,0,0,1,2,0,0,99,99,99,99,99,99,0,0,0,0,1,6,0,470533,0,2009,28,MT ZION RD,99999999999999999999,0000000,35.56072778,-85.82573056,1,2
47,93,8,22,0,36,1,1,0,0,16,6,0,1,0,1,1,1,4,40,2,1,2,1,0,0,2,1,0,0,99,99,99,99,88,88,0,0,0,0,1,7,0,470534,1300,2009,2,N GALLAHER VIEW RD,99999999999999999999,0000000,35.92448889,-84.05897222,1,1
47,173,8,22,8,35,2,2,0,0,4,3,0,12,6,2,1,1,2,45,1,3,2,1,20,3,1,1,0,0,99,99,99,99,99,99,0,0,0,0,1,7,0,470535,1468,2009,166,SR-61,SR-131,0000000,36.20798056,-83.74478056,2,1
47,173,8,23,17,32,2,5,0,0,6,4,0,12,2,1,1,1,2,35,2,2,2,1,0,0,1,1,0,0,99,99,99,99,99,99,0,0,0,0,1,1,0,470536,0,2009,1,BULL RUN RD,99999999999999999999,0000000,36.208625,-83.79591111,2,1
47,1,8,13,17,35,1,2,0,1,2,3,0,24,0,1,4,3,4,45,1,1,2,1,0,0,1,1,0,0,99,99,99,99,99,99,0,0,0,0,1,5,0,470537,1870,2009,25,SR-61,99999999999999999999,0000000,36.02125833,-84.31106667,1,1
47,45,8,25,16,0,1,1,0,1,2,2,0,1,0,1,1,2,2,70,1,2,2,1,0,0,1,1,0,0,99,99,99,99,88,88,0,0,0,0,1,3,0,470538,0,2009,204,US-SR3,99999999999999999999,0000000,36.15465556,-89.25079444,1,1
47,145,8,25,18,45,1,2,1,1,13,3,0,9,0,1,2,3,2,55,1,1,2,1,0,0,1,1,0,0,99,99,99,99,88,88,0,0,0,0,1,3,0,470539,1290,2009,147,SR-58,99999999999999999999,0000000,35.88000278,-84.43090556,1,1
47,41,8,26,13,15,1,1,0,0,6,4,0,34,0,2,4,1,2,55,1,2,2,1,0,0,1,1,0,0,99,99,99,99,99,99,0,0,0,0,1,4,0,470540,0,2009,0,LAKESIDE DR,MULLICAN DR,0000000,36.02255,-85.762325,1,1
47,21,8,25,22,40,1,2,0,0,6,4,0,16,0,1,1,1,2,30,1,1,2,1,0,0,2,1,0,0,99,99,99,99,88,88,0,0,0,0,1,3,0,470541,0,2009,6,DRY FORK RD,99999999999999999999,0000000,36.27398056,-87.00816667,1,1
47,107,8,27,6,8,2,3,0,0,4,3,0,12,5,2,1,1,2,55,1,2,2,2,20,3,4,1,0,0,99,99,99,99,99,99,0,0,0,0,1,5,0,470542,0,2009,137,SR-163,850,0000000,35.27164722,-84.57908056,2,1
47,129,8,26,21,30,1,1,0,0,3,3,0,42,0,1,4,1,2,55,2,2,2,1,0,0,2,1,0,0,99,99,99,99,88,88,0,0,0,0,1,4,0,470543,0,2009,122,SR-62,99999999999999999999,0000000,36.14116389,-84.74286111,1,1
47,29,8,29,19,7,2,4,0,0,3,2,0,12,2,1,1,1,2,45,2,2,2,1,40,3,1,1,0,0,99,99,99,99,99,99,0,0,0,0,1,7,1,470544,0,2009,149,US-SR32,99999999999999999999,0000000,35.83848889,-83.23258333,2,1
47,43,8,30,7,48,1,1,0,0,6,4,0,34,0,1,4,1,2,45,1,1,2,1,0,0,1,1,0,0,99,99,99,99,99,99,0,0,0,0,1,1,1,470545,0,2009,9,RANEY CAMP HOLLOW RD,99999999999999999999,0000000,36.30704167,-87.50072778,1,1
47,17,8,31,17,45,2,5,0,0,15,6,0,12,6,2,1,1,2,25,1,1,2,1,0,0,1,1,0,0,99,99,99,99,99,99,0,0,0,0,1,2,0,470546,1510,2009,3,W WALNUT AVE,WALNUT LN,0000000,36.13003056,-88.52704444,2,1
47,187,8,11,23,0,1,1,0,0,5,4,0,42,0,1,4,1,2,40,2,2,2,2,0,0,2,1,0,0,99,99,99,99,99,99,0,0,0,0,1,3,0,470547,0,2009,9,DEL RIO PIKE,99999999999999999999,0000000,35.96611111,-86.91920556,1,1