STATE,COUNTY,MONTH,DAY,HOUR,MINUTE,VE_TOTAL,PERSONS,PEDS,NHS,ROAD_FNC,ROUTE,SP_JUR,HARM_EV,MAN_COLL,REL_JUNC,REL_ROAD,TRAF_FLO,NO_LANES,SP_LIMIT,ALIGNMNT,PROFILE,PAVE_TYP,SUR_COND,TRA_CONT,T_CONT_F,LGT_COND,WEATHER1,WEATHER2,WRK_ZONE,NOT_HOUR,NOT_MIN,ARR_HOUR,ARR_MIN,HOSP_HR,HOSP_MN,SCH_BUS,CF1,CF2,CF3,FATALS,DAY_WEEK,DRUNK_DR,ST_CASE,CITY,YEAR,MILEPT,TWAY_ID,TWAY_ID2,RAIL,LATITUDE,LONGITUD,VE_FORMS,WEATHER
47,69,9,4,15,25,1,2,0,0,3,3,0,1,0,1,4,1,2,55,1,2,2,1,0,0,1,1,0,0,99,99,99,99,99,99,0,0,0,0,1,6,0,470548,0,2009,94,SR-18,99999999999999999999,0000000,35.18041667,-89.10515,1,1
47,3,9,5,4,36,1,1,0,0,3,3,0,32,0,1,4,1,2,55,1,1,2,1,0,0,2,1,0,0,99,99,99,99,88,88,0,0,0,0,1,7,1,470549,0,2009,53,SR-64,99999999999999999999,0000000,35.46737222,-86.57794167,1,1
47,53,9,5,4,30,1,2,0,0,5,6,0,42,0,1,4,1,2,55,2,1,2,1,0,0,2,1,0,0,99,99,99,99,99,99,0,0,0,0,1,7,1,470550,940,2009,106,CADES-ATWOOD RD,99999999999999999999,0000000,35.97630833,-88.72085556,1,1
47,87,9,5,12,0,1,1,0,0,5,4,0,42,0,1,4,1,2,55,2,1,2,1,0,0,1,1,0,0,99,99,99,99,88,88,0,0,0,0,1,7,0,470551,0,2009,25,SPRING FORK RD,99999999999999999999,0000000,36.24441944,-85.72311111,1,1
47,79,9,6,2,25,1,1,0,0,4,3,0,1,0,1,4,1,2,50,2,2,2,1,0,0,2,1,0,0,99,99,99,99,88,88,0,0,0,0,1,1,1,470552,0,2009,7,SR-218 BYPASS,99999999999999999999,0000000,36.2896,-88.36735556,1,1
47,187,8,23,10,49,1,1,0,0,5,4,0,24,0,1,4,1,2,40,2,2,2,1,0,0,1,1,0,0,99,99,99,99,99,99,0,0,0,0,1,1,0,470553,0,2009,76,ARNO RD,99999999999999999999,0000000,35.82169444,-86.73779444,1,1
47,187,8,25,99,99,1,1,0,1,1,1,0,7,0,13,4,6,2,55,2,2,1,1,0,0,2,1,0,0,99,99,99,99,88,88,0,0,0,0,1,3,1,470554,0,2009,67,I-65 RAMP,99999999999999999999,0000000,35.81968889,-86.8409,1,1
47,95,8,29,21,15,1,2,0,0,5,4,0,34,0,1,4,1,2,55,2,1,2,1,0,0,2,1,0,0,99,99,99,99,99,99,0,0,0,0,1,7,1,470555,0,2009,13,TANK TWO RD,99999999999999999999,0000000,36.25189722,-89.49672778,1,1
47,157,8,30,16,40,1,4,0,1,1,1,0,1,0,1,3,3,2,65,1,1,2,1,0,0,1,1,0,0,99,99,99,99,99,99,0,0,0,0,1,1,0,470556,0,2009,255,I-40,99999999999999999999,0000000,35.23685556,-89.7142,1,1
47,173,8,31,21,46,1,1,0,0,6,4,0,34,0,1,4,1,2,35,2,3,2,1,0,0,2,1,0,0,99,99,99,99,88,88,0,0,0,0,1,2,1,470557,0,2009,0,LAMBDIN LN,99999999999999999999,0000000,36.26882222,-83.85304167,1,1
47,185,8,31,11,20,1,1,0,0,4,3,0,32,0,1,4,1,2,45,2,2,2,1,0,0,1,1,0,0,99,99,99,99,99,99,0,0,0,0,1,2,1,470558,0,2009,109,SR-136,99999999999999999999,0000000,35.94690556,-85.57159722,1,1
47,67,8,27,14,5,2,2,0,0,16,6,0,12,2,1,1,1,2,35,2,1,2,2,0,0,1,2,0,0,99,99,99,99,99,99,0,0,0,0,1,5,0,470559,2255,2009,1,CAMPBELL DR,99999999999999999999,0000000,36.52936944,-83.22029167,2,2
47,9,9,1,12,30,1,1,0,0,3,2,0,34,0,1,4,1,2,30,2,2,2,1,0,0,1,1,0,0,99,99,99,99,88,88,0,0,0,0,1,3,0,470560,0,2009,83,US-SR115,99999999999999999999,0000000,35.50366667,-83.96986944,1,1
47,59,9,2,16,57,1,3,0,0,5,4,0,35,0,1,4,1,2,55,1,1,2,1,0,0,1,1,0,0,99,99,99,99,99,99,0,0,0,0,1,4,0,470562,0,2009,99,HORTON HWY,99999999999999999999,0000000,36.34666389,-82.78352778,1,1
47,129,7,16,8,51,1,1,0,1,2,2,0,17,0,1,4,1,2,55,2,2,2,1,0,0,1,1,0,0,99,99,99,99,99,99,0,0,0,0,1,5,0,470563,0,2009,87,US-SR29,99999999999999999999,0000000,36.08375556,-84.55254167,1,1
47,49,9,3,15,45,1,1,0,0,2,2,0,35,0,1,4,1,2,55,2,2,2,1,0,0,1,1,0,0,99,99,99,99,99,99,0,0,0,0,1,5,0,470564,0,2009,335,US-SR28,99999999999999999999,0000000,36.56465833,-85.01184167,1,1
47,73,9,3,16,25,1,2,0,0,6,4,0,1,0,1,4,1,2,35,1,1,2,1,0,0,1,1,0,0,99,99,99,99,99,99,0,0,0,0,1,5,0,470565,0,2009,4,BRAY RD,99999999999999999999,0000000,36.48983611,-82.93838056,1,1
47,93,9,3,6,45,1,1,0,0,14,3,0,42,0,1,4,1,2,40,1,1,2,1,0,0,9,1,0,0,99,99,99,99,99,99,0,0,0,0,1,5,0,470566,0,2009,78,SR-131,99999999999999999999,0000000,35.98735556,-84.11493333,1,1
47,107,9,4,8,59,2,5,0,1,1,1,0,12,1,1,2,2,2,70,1,1,2,1,40,3,1,1,0,0,99,99,99,99,99,99,0,0,0,0,1,6,0,470567,0,2009,162,I-75,99999999999999999999,0000000,35.49241111,-84.62180556,2,1
47,99,9,5,0,20,1,1,0,0,5,4,0,1,0,1,4,1,2,45,2,1,2,1,0,0,2,1,0,0,99,99,99,99,88,88,0,0,0,0,1,7,1,470568,0,2009,12,REVILO RD,99999999999999999999,0000000,35.14829444,-87.27220278,1,1
47,151,9,5,21,50,1,2,0,0,4,3,0,38,0,1,4,1,2,45,2,1,2,1,0,0,2,1,0,0,99,99,99,99,99,99,0,0,0,0,1,7,0,470569,0,2009,93,SR-297,99999999999999999999,0000000,36.49708056,-84.59416944,1,1
47,77,9,12,12,40,1,4,0,1,1,1,0,1,0,1,1,2,2,70,2,2,2,1,0,0,1,1,0,0,99,99,99,99,99,99,0,0,0,0,2,7,0,470570,0,2009,149,I-40,99999999999999999999,0000000,35.79833333,-88.36064444,1,1
47,139,9,14,22,41,1,3,0,0,5,4,0,42,0,1,4,1,2,35,2,1,2,1,0,0,2,1,0,0,99,99,99,99,99,99,0,0,0,0,2,2,0,470571,0,2009,12,REYNOLDS BRIDGE RD,99999999999999999999,0000000,35.13867778,-84.69825,1,1
47,41,9,2,21,50,3,5,0,0,4,3,0,12,6,1,1,1,2,45,2,2,2,1,0,0,2,1,0,0,99,99,99,99,99,99,0,0,0,0,1,4,1,470572,0,2009,68,SR-288,99999999999999999999,0000000,35.891975,-85.77957222,3,1
47,91,9,15,22,23,2,4,0,0,3,3,0,12,2,1,1,1,2,55,1,2,2,1,0,0,2,1,0,0,99,99,99,99,99,99,0,0,0,0,2,3,0,470573,0,2009,27,SR-67,99999999999999999999,0000000,36.36599167,-82.00553611,2,1
47,1,9,12,16,5,1,5,0,1,1,1,0,1,0,1,3,2,2,65,1,1,2,1,0,0,1,1,0,0,99,99,99,99,99,99,0,0,0,0,1,7,0,470574,0,2009,43,I-75,99999999999999999999,0000000,36.16251667,-84.07723056,1,1
47,77,9,17,18,30,1,1,0,0,4,3,0,34,0,1,4,1,2,55,1,2,2,1,0,0,1,1,0,0,99,99,99,99,99,99,0,0,0,0,1,5,1,470575,0,2009,59,SR-114,99999999999999999999,0000000,35.58083889,-88.25343056,1,1
47,147,9,17,19,35,2,3,0,0,3,3,0,12,2,1,1,1,2,55,2,2,2,1,0,0,2,1,0,0,99,99,99,99,99,99,0,0,0,0,2,5,0,470576,0,2009,137,SR-49,99999999999999999999,0000000,36.52460556,-86.84975556,2,1
47,37,3,23,11,30,1,1,0,0,13,6,0,33,0,1,4,3,2,40,2,2,2,1,0,0,1,1,0,0,99,99,99,99,88,88,0,0,0,0,1,2,0,470577,1760,2009,5,OLD HICKORY BLVD,99999999999999999999,0000000,36.06785,-86.91715833,1,1
47,37,7,16,19,38,2,2,0,1,13,3,0,12,2,1,1,1,2,50,2,2,2,1,0,0,1,1,0,0,99,99,99,99,99,99,0,0,0,0,1,5,0,470578,1760,2009,85,SR-255,99999999999999999999,0000000,36.13173889,-86.66449167,2,1
47,115,9,19,15,35,2,3,0,1,1,1,0,14,9,1,4,3,2,70,2,2,2,2,0,0,1,2,0,0,99,99,99,99,99,99,0,19,0,0,1,7,0,470579,0,2009,292,I-24,99999999999999999999,0000000,34.99601111,-85.51080833,1,2
47,147,8,29,0,11,1,2,0,0,15,3,0,19,0,1,4,1,2,45,1,1,2,1,0,0,3,1,0,0,99,99,99,99,99,99,0,0,0,0,1,7,1,470580,0,2009,175,SR-76,99999999999999999999,0000000,36.46839722,-86.65374167,1,1
47,139,9,14,11,35,1,1,0,1,2,2,0,42,0,1,4,1,2,45,2,2,2,1,0,0,1,1,0,0,99,99,99,99,88,88,0,0,0,0,1,2,0,470581,0,2009,58,US-SR40,99999999999999999999,0000000,35.09613611,-84.64698056,1,1
47,11,9,11,9,8,2,3,0,0,14,4,0,12,5,2,1,1,2,45,1,1,2,1,20,3,1,1,0,0,99,99,99,99,99,99,0,0,0,0,1,6,0,470582,0,2009,43,FREEWILL RD,GEORGETOWN DR,0000000,35.23099722,-84.89026944,2,1
47,79,9,20,0,3,1,2,0,0,5,4,0,42,0,1,4,1,2,55,2,2,2,2,0,0,2,2,0,0,99,99,99,99,99,99,0,0,0,0,1,1,0,470583,0,2009,76,RABBIT CREEK RD,99999999999999999999,0000000,36.43646667,-88.20461111,1,2
47,189,9,3,19,30,1,1,0,0,4,3,0,30,0,1,4,1,2,50,2,1,2,1,0,0,2,1,0,0,99,99,99,99,99,99,0,0,0,0,1,5,1,470584,0,2009,50,SR-266,99999999999999999999,0000000,36.03673889,-86.24075278,1,1
47,43,9,11,4,3,1,4,0,0,6,4,0,34,0,1,4,1,2,45,2,2,2,1,0,0,2,1,0,0,99,99,99,99,99,99,0,0,0,0,1,6,1,470585,0,2009,0,SYCAMORE RD,99999999999999999999,0000000,36.10893056,-87.42313611,1,1
47,149,9,11,9,15,1,2,0,0,5,4,0,1,0,1,4,1,2,40,1,2,2,1,0,0,1,1,0,0,99,99,99,99,99,99,0,0,0,0,1,6,0,470586,0,2009,15,CHRISTIANA HOOVERS G,99999999999999999999,0000000,35.66966667,-86.30286667,1,1
47,69,9,23,17,42,1,1,0,0,3,3,0,42,0,1,4,1,2,55,1,2,2,6,0,0,1,2,0,0,99,99,99,99,88,88,0,5,0,0,1,4,1,470587,0,2009,20,SR-100,99999999999999999999,0000000,35.32059167,-89.126075,1,2
47,101,9,18,23,55,1,2,1,0,16,6,0,8,0,1,1,1,2,30,1,1,2,1,0,0,2,1,0,0,99,99,99,99,88,88,0,0,0,0,1,6,0,470588,1130,2009,0,MILL ST,99999999999999999999,0000000,35.54586667,-87.55044444,1,1
47,117,9,24,22,0,1,3,0,0,4,3,0,53,0,1,4,1,2,45,2,3,2,1,0,0,2,1,0,0,99,99,99,99,99,99,0,0,0,0,1,5,0,470589,0,2009,128,SR-272,99999999999999999999,0000000,35.50570278,-86.76806389,1,1
47,93,9,25,20,37,1,1,0,1,11,1,0,34,0,1,4,3,3,55,2,1,2,1,0,0,3,1,0,0,99,99,99,99,88,88,0,0,0,0,1,6,0,470590,1300,2009,3,I-640,99999999999999999999,0000000,36.00351667,-83.95465556,1,1
47,43,9,26,0,15,1,2,0,0,3,3,0,43,0,1,4,1,2,55,1,1,2,1,0,0,2,1,0,0,99,99,99,99,99,99,0,0,0,0,1,7,1,470591,0,2009,133,SR-48,99999999999999999999,0000000,36.12421944,-87.36045278,1,1
47,81,9,26,99,99,1,1,0,0,3,3,0,42,0,1,4,1,2,55,1,2,2,2,0,0,9,2,0,0,99,99,99,99,88,88,0,0,0,0,1,7,1,470592,0,2009,173,SR-100,99999999999999999999,0000000,35.84834722,-87.39334444,1,2
47,57,10,1,0,20,1,1,0,0,4,3,0,1,0,1,4,1,2,45,2,2,2,1,0,0,2,1,0,0,99,99,99,99,88,88,0,0,0,0,1,5,1,470593,0,2009,92,SR-375,99999999999999999999,0000000,36.26753611,-83.42217222,1,1
47,43,9,27,21,32,1,1,0,0,3,3,0,30,0,1,4,1,2,30,1,1,2,1,0,0,3,1,0,0,99,99,99,99,88,88,0,0,0,0,1,1,1,470594,390,2009,139,SR-49,99999999999999999999,0000000,36.184225,-87.35103333,1,1
47,73,10,2,18,10,1,1,0,0,6,4,0,38,0,1,4,1,2,30,2,2,2,1,0,0,1,1,0,0,99,99,99,99,99,99,0,0,0,0,1,6,1,470595,0,2009,0,PAYNE RIDGE RD,99999999999999999999,0000000,36.55236944,-82.74489722,1,1
47,183,10,1,16,15,1,1,0,0,6,4,0,34,0,1,4,1,2,55,2,1,2,1,0,0,1,1,0,0,99,99,99,99,99,99,0,0,0,0,1,5,1,470596,0,2009,0,THREE POINT RD,99999999999999999999,0000000,36.293925,-88.89527222,1,1
47,35,7,25,14,20,1,2,0,0,6,4,0,34,0,1,4,1,2,55,2,1,2,1,0,0,1,1,0,0,99,99,99,99,99,99,0,0,0,0,1,7,1,470598,0,2009,0,JIM GARRETT RD,99999999999999999999,0000000,36.04774444,-85.19826667,1,1
47,165,8,13,7,27,3,4,0,0,4,3,0,12,8,1,1,1,2,50,1,1,2,1,0,0,1,1,0,0,99,99,99,99,99,99,0,0,0,0,1,5,0,470599,1970,2009,253,SR-174,99999999999999999999,0000000,36.52518333,-86.42585,3,1
47,157,9,20,0,5,1,2,1,0,14,6,0,8,0,1,1,1,5,40,1,1,2,1,0,0,3,1,0,0,99,99,99,99,88,88,0,0,0,0,1,1,0,470600,1620,2009,62,YALE RD,99999999999999999999,0000000,35.220475,-89.92352222,1,1
47,9,7,6,22,55,1,2,1,0,15,6,0,8,0,1,1,1,3,35,1,1,2,1,0,0,2,1,0,0,99,99,99,99,99,99,0,0,0,0,1,2,0,470601,30,2009,18,W BESSEMER ST,99999999999999999999,0000000,35.76648611,-83.98368056,1,1
47,65,10,2,17,15,1,1,0,1,2,3,0,34,0,1,4,2,4,55,1,3,2,1,0,0,1,1,0,0,99,99,99,99,88,88,0,0,0,0,1,6,0,470602,0,2009,40,SR-111,99999999999999999999,0000000,35.345025,-85.17452222,1,1
47,157,7,20,15,38,2,2,0,0,14,6,0,12,5,2,1,1,7,45,1,1,2,1,3,3,1,1,0,0,99,99,99,99,99,99,0,20,0,0,1,2,0,470603,1620,2009,99999,MITCHELL RD,NEW HORN LAKE RD,0000000,35.05556667,-90.06905556,2,1
47,157,7,30,8,15,2,6,0,1,13,3,0,12,2,1,1,1,3,50,1,1,2,2,0,0,1,2,0,0,99,99,99,99,99,99,0,0,0,0,1,5,0,470604,1620,2009,99999,SR-14,99999999999999999999,0000000,35.22715,-89.90319444,2,2
47,157,7,30,20,21,1,2,1,0,14,6,0,8,0,1,1,2,4,40,1,1,2,2,0,0,2,2,0,0,99,99,99,99,88,88,0,0,0,0,1,5,0,470605,1620,2009,2,KETCHUM RD,99999999999999999999,0000000,35.079425,-89.98188889,1,2
47,13,8,13,20,20,1,6,0,1,1,1,0,1,0,1,1,3,2,70,1,2,2,1,0,0,1,1,0,0,99,99,99,99,99,99,0,0,0,0,1,5,0,470606,0,2009,292,I-75,99999999999999999999,0000000,36.56259167,-84.12804444,1,1
47,107,8,18,6,5,1,3,0,1,1,1,0,1,0,1,4,2,2,70,1,1,2,1,0,0,2,1,0,0,99,99,99,99,99,99,0,0,0,0,1,3,0,470607,0,2009,201,I-75,99999999999999999999,0000000,35.53681111,-84.57753889,1,1
47,157,9,6,15,26,2,6,0,0,13,2,0,12,5,2,1,3,7,40,1,1,2,1,1,3,1,1,0,0,99,99,99,99,99,99,0,0,0,0,1,1,1,470608,1620,2009,46,US-SR3,BROOKS RD,0000000,35.06171389,-90.02355,2,1
47,157,8,26,12,25,2,4,0,1,11,1,0,12,1,1,1,2,3,55,1,1,2,1,0,0,1,1,0,0,99,99,99,99,99,99,0,19,0,0,1,4,0,470609,1620,2009,97,I-240,99999999999999999999,0000000,35.08031111,-89.95671944,2,1
47,157,9,26,22,43,2,2,0,0,13,2,0,12,5,1,1,1,4,40,1,1,2,1,0,0,3,1,0,0,99,99,99,99,99,99,0,0,0,0,1,7,0,470613,1620,2009,122,US-SR1,99999999999999999999,0000000,35.15511944,-89.88636389,2,1
47,121,10,3,17,0,1,1,0,0,5,4,0,42,0,1,4,1,2,45,2,2,2,1,0,0,1,1,0,0,99,99,99,99,88,88,0,0,0,0,1,7,1,470614,0,2009,10,LAMONTVILLE RD,99999999999999999999,0000000,35.39179722,-84.88401389,1,1
47,115,9,30,10,45,2,4,0,0,2,3,0,12,5,2,1,2,2,55,2,3,2,1,20,3,1,1,0,0,99,99,99,99,99,99,0,0,0,0,1,4,0,470615,0,2009,77,SR-28,WILEY ROSS RD,0000000,35.13613889,-85.54991111,2,1
47,51,10,1,6,8,2,5,0,1,2,2,0,12,5,2,1,1,2,55,1,1,2,1,20,3,4,1,0,0,99,99,99,99,99,99,0,0,0,0,2,5,0,470616,2180,2009,289,US-SR15,MISSOURI AVE,0000000,35.20599167,-85.90345278,2,1
47,65,10,2,17,43,1,1,0,0,15,4,0,38,0,1,4,1,2,35,2,1,2,1,0,0,1,1,0,0,99,99,99,99,88,88,0,0,0,0,1,6,0,470617,0,2009,16,LOVELL RD,99999999999999999999,0000000,35.218575,-85.17694722,1,1
47,157,10,3,22,46,1,1,0,0,14,6,0,39,0,1,4,2,2,45,1,1,2,1,0,0,3,1,0,0,99,99,99,99,88,88,0,0,0,0,1,7,0,470618,1620,2009,5,WARFORD ST,99999999999999999999,0000000,35.16710833,-89.96246111,1,1
47,157,10,4,1,44,1,3,2,0,15,6,0,8,0,1,5,1,4,35,1,1,2,1,20,3,3,1,0,0,99,99,99,99,99,99,0,0,0,0,1,1,1,470619,1620,2009,4,PEABODY PLACE,99999999999999999999,0000000,35.13998056,-90.04936389,1,1
47,81,10,6,12,53,2,3,0,0,3,3,0,12,2,1,1,1,2,55,2,1,2,2,0,0,1,2,0,0,99,99,99,99,99,99,0,0,0,0,1,3,0,470620,0,2009,76,SR-7,99999999999999999999,0000000,35.91007222,-87.28218333,2,2
47,59,10,7,18,30,1,2,0,1,1,1,0,42,0,1,5,2,2,70,1,1,2,1,0,0,1,1,0,0,99,99,99,99,99,99,0,0,0,0,1,4,0,470621,0,2009,87,I-81,99999999999999999999,0000000,36.24258056,-82.98736389,1,1
47,111,10,10,18,15,1,1,0,0,5,4,0,34,0,1,4,1,2,55,2,1,2,1,0,0,3,1,0,0,99,99,99,99,99,99,0,0,0,0,1,7,1,470622,0,2009,29,PLEASANT VALLEY RD,99999999999999999999,0000000,36.46988889,-86.136825,1,1
47,93,10,8,23,3,1,1,0,0,14,6,0,33,0,1,4,1,2,35,2,2,2,1,0,0,3,1,0,0,99,99,99,99,99,99,0,0,0,0,1,5,0,470623,1300,2009,3,WALKER SPRINGS RD,99999999999999999999,0000000,35.926225,-84.06608333,1,1
47,129,10,9,14,15,1,2,0,0,16,6,0,1,0,1,4,1,2,35,2,2,2,1,0,0,1,1,0,0,99,99,99,99,99,99,0,0,0,0,1,6,1,470624,1343,2009,0,RIDGE RD,99999999999999999999,0000000,36.11107222,-84.702625,1,1
47,117,10,10,4,10,1,1,0,0,3,2,0,42,0,1,5,1,2,55,2,1,2,2,0,0,2,2,0,0,99,99,99,99,88,88,0,0,0,0,1,7,1,470625,0,2009,187,US-SR11,99999999999999999999,0000000,35.51994722,-86.711875,1,2
47,157,6,19,13,47,1,1,0,0,15,6,0,1,0,13,1,6,2,35,2,2,2,1,0,0,1,1,0,0,99,99,99,99,99,99,0,0,0,0,1,6,0,470626,1620,2009,2,CHEROKEE BLVD,99999999999999999999,0000000,35.08298056,-89.95341944,1,1
47,1,7,20,0,13,1,1,0,0,14,6,0,26,0,1,4,1,2,35,2,1,2,1,0,0,3,1,0,0,99,99,99,99,99,99,0,0,0,0,1,2,0,470627,1850,2009,19,MELTON LAKE DRIVE,99999999999999999999,0000000,36.02973889,-84.19175556,1,1
47,149,7,30,14,59,3,9,0,0,13,2,0,12,6,1,1,5,4,45,1,1,2,1,0,0,1,1,0,0,99,99,99,99,99,99,0,0,0,0,1,5,0,470628,1750,2009,167,US-SR10,99999999999999999999,0000000,35.87204722,-86.38569167,3,1
47,125,8,10,9,46,2,4,0,0,13,2,0,12,5,2,1,1,2,50,1,1,2,1,20,3,1,1,0,0,99,99,99,99,99,99,0,0,0,0,2,2,0,470629,410,2009,118,US-SR12,EDMONDSON FERRY RD,0000000,36.50218333,-87.34802778,2,1
47,65,8,5,15,10,2,2,0,0,14,3,0,24,0,1,4,1,2,30,2,2,2,1,0,0,1,1,0,0,99,99,99,99,88,88,0,14,0,0,1,4,0,470630,400,2009,19,SR-58,99999999999999999999,0000000,35.00630833,-85.33143333,2,1
47,157,8,25,21,16,1,3,0,1,11,1,0,24,0,1,4,2,4,55,1,1,2,1,0,0,3,1,0,0,99,99,99,99,99,99,0,0,0,0,1,3,1,470631,1620,2009,83,I-240,99999999999999999999,0000000,35.07610556,-89.97922222,1,1
47,157,8,9,0,54,1,4,0,1,11,1,0,24,0,1,4,3,4,55,1,1,2,1,0,0,3,1,0,0,99,99,99,99,88,88,0,0,0,0,4,1,1,470632,1620,2009,57,I-40,99999999999999999999,0000000,35.19211389,-90.00689722,1,1
47,163,8,18,14,17,2,2,0,0,14,6,0,12,2,1,1,1,2,20,1,1,2,1,0,0,1,1,0,0,99,99,99,99,99,99,0,0,0,0,1,3,1,470633,1280,2009,16,RIVERPORT RD,99999999999999999999,0000000,36.54140556,-82.57579722,2,1
47,157,8,28,17,21,1,1,0,0,15,6,0,42,0,1,4,1,2,30,1,1,2,1,0,0,1,1,0,0,99,99,99,99,99,99,0,0,0,0,1,6,1,470634,1620,2009,4,MARIA ST,99999999999999999999,0000000,35.16410278,-89.93126111,1,1
47,165,8,17,6,12,1,1,0,1,2,3,0,17,0,1,4,1,2,45,2,2,2,1,0,0,1,1,0,0,99,99,99,99,99,99,0,0,0,0,1,2,0,470635,0,2009,101,SR-109,99999999999999999999,0000000,36.46332222,-86.47325556,1,1
47,93,8,28,19,36,1,1,0,0,6,4,0,1,0,1,4,1,2,30,2,2,2,1,0,0,1,1,0,0,99,99,99,99,88,88,0,0,0,0,1,6,1,470636,0,2009,3,MCCAMMON RD,99999999999999999999,0000000,35.88267778,-83.842275,1,1
47,147,6,27,12,13,1,2,0,0,14,6,0,30,0,1,4,1,2,30,1,1,2,1,0,0,1,1,0,0,99,99,99,99,99,99,0,0,0,0,2,7,0,470637,2340,2009,24,S MAIN ST,99999999999999999999,0000000,36.50676111,-86.88539722,1,1
47,165,8,27,14,29,2,2,0,0,4,3,0,12,6,3,1,1,2,50,1,1,2,1,0,0,1,1,0,0,99,99,99,99,99,99,0,0,0,0,1,5,0,470639,0,2009,183,SR-174,WALLACE RD,0000000,36.43183333,-86.43387222,2,1
47,157,9,15,14,45,3,5,0,0,13,6,0,25,0,1,3,3,3,45,2,1,1,2,0,0,1,2,0,0,99,99,99,99,99,99,0,0,0,0,1,3,0,470640,1620,2009,8,WALNUT GROVE RD,99999999999999999999,0000000,35.13368056,-89.85409444,3,2
47,59,7,21,8,20,2,3,0,0,3,3,0,11,0,1,1,1,2,55,1,1,2,1,0,0,1,1,0,0,99,99,99,99,99,99,0,0,0,0,1,3,0,470641,0,2009,59,SR-70,99999999999999999999,0000000,36.03120278,-82.84654722,2,1
47,11,6,15,14,7,1,4,0,0,6,4,0,42,0,1,4,1,2,35,2,3,2,1,0,0,1,1,0,0,99,99,99,99,99,99,0,0,0,0,1,2,0,470642,0,2009,99999,OLD MCCLURE RD,99999999999999999999,0000000,35.07763333,-84.79900278,1,1
47,93,9,16,18,48,3,6,0,0,13,2,0,12,2,1,1,1,4,50,1,2,2,1,0,0,1,1,0,0,99,99,99,99,99,99,0,0,0,0,3,4,1,470644,0,2009,1,US-SR71,99999999999999999999,0000000,35.88874444,-83.795075,3,1
47,11,6,24,17,37,1,2,1,0,6,4,0,8,0,1,1,1,2,30,2,1,2,1,0,0,1,1,0,0,99,99,99,99,99,99,0,0,0,0,1,4,0,470645,0,2009,99999,BROWNWOOD DR,99999999999999999999,0000000,35.12660556,-84.84209167,1,1
47,11,6,30,21,34,1,1,0,0,5,4,0,32,0,1,2,1,2,45,2,2,2,1,0,0,2,1,0,0,99,99,99,99,99,99,0,0,0,0,1,3,0,470646,0,2009,99999,BLUE SPRINGS RD,99999999999999999999,0000000,35.08579444,-84.90769167,1,1
47,37,9,14,2,3,1,1,0,1,11,1,0,39,0,14,2,3,2,55,2,2,2,1,0,0,3,1,0,0,99,99,99,99,88,88,0,0,0,0,1,2,1,470647,1760,2009,77,I-440,99999999999999999999,0000000,36.12525833,-86.73328333,1,1
47,65,9,16,2,45,1,1,0,1,11,1,0,24,0,13,8,6,2,55,2,1,2,1,0,0,3,1,0,0,99,99,99,99,99,99,0,0,0,0,1,4,1,470648,400,2009,12,I-75 RAMP,99999999999999999999,0000000,35.00476667,-85.20984722,1,1
47,37,8,29,7,0,2,5,0,1,11,1,0,12,7,1,1,3,4,55,2,1,2,1,0,0,1,1,0,0,99,99,99,99,99,99,0,0,0,0,1,7,0,470649,1760,2009,213,I-40,99999999999999999999,0000000,36.14156944,-86.73275,2,1
47,157,9,25,3,50,1,1,0,0,14,6,0,42,0,1,4,3,2,45,2,1,2,2,0,0,3,2,0,0,99,99,99,99,99,99,0,0,0,0,1,6,0,470650,1620,2009,58,NEW ALLEN RD,99999999999999999999,0000000,35.23913333,-89.949925,1,2
47,149,8,1,16,2,2,3,0,0,16,6,0,12,5,4,1,2,2,30,1,1,2,1,20,3,1,1,0,0,99,99,99,99,99,99,0,0,0,0,1,7,1,470651,1750,2009,3,STONES RIVER MALL BL,99999999999999999999,0000000,35.85089722,-86.41764722,2,1
47,65,8,29,16,3,2,2,0,0,14,2,0,12,5,1,1,1,2,40,1,1,2,1,0,0,1,1,0,0,99,99,99,99,99,99,0,0,0,0,1,7,0,470652,750,2009,6,US-SR8,99999999999999999999,0000000,34.98968056,-85.19758056,2,1
47,45,9,8,16,11,3,5,0,1,13,2,0,12,5,2,1,1,4,45,1,1,2,1,3,2,1,1,0,0,99,99,99,99,99,99,0,0,0,0,1,3,0,470653,710,2009,67,US-SR3,SR-104,0000000,36.03451667,-89.38606389,3,1
47,37,9,11,1,38,1,1,0,1,11,1,0,24,0,1,4,3,3,55,2,2,2,1,0,0,3,1,0,0,99,99,99,99,88,88,0,0,0,0,1,6,0,470654,1760,2009,73,I-65,99999999999999999999,0000000,36.13436667,-86.77543611,1,1
47,3,9,26,14,45,1,1,0,0,5,4,0,38,0,1,4,1,2,45,2,2,2,2,0,0,1,2,0,0,99,99,99,99,88,88,0,0,0,0,1,7,1,470655,0,2009,69,HORSE MOUNTAIN RD,99999999999999999999,0000000,35.5298,-86.35253889,1,2