STATE,COUNTY,MONTH,DAY,HOUR,MINUTE,VE_TOTAL,PERSONS,PEDS,NHS,ROAD_FNC,ROUTE,SP_JUR,HARM_EV,MAN_COLL,REL_JUNC,REL_ROAD,TRAF_FLO,NO_LANES,SP_LIMIT,ALIGNMNT,PROFILE,PAVE_TYP,SUR_COND,TRA_CONT,T_CONT_F,LGT_COND,WEATHER1,WEATHER2,WRK_ZONE,NOT_HOUR,NOT_MIN,ARR_HOUR,ARR_MIN,HOSP_HR,HOSP_MN,SCH_BUS,CF1,CF2,CF3,FATALS,DAY_WEEK,DRUNK_DR,ST_CASE,CITY,YEAR,MILEPT,TWAY_ID,TWAY_ID2,RAIL,LATITUDE,LONGITUD,VE_FORMS,WEATHER
47,125,11,13,17,14,2,2,0,1,13,2,0,12,5,1,1,3,2,45,1,1,2,1,0,0,3,1,0,0,99,99,99,99,99,99,0,0,0,0,1,6,0,470864,410,2009,265,US-SR13,99999999999999999999,0000000,36.59846389,-87.28438056,2,1
47,125,11,23,5,26,2,4,0,1,13,2,0,12,5,2,1,1,3,45,1,1,2,2,3,3,4,2,0,0,99,99,99,99,99,99,0,0,0,0,1,2,0,470865,410,2009,224,US-SR12,FORT CAMPBELL GATE 2,0000000,36.62179722,-87.43200556,2,2
47,125,12,3,13,55,2,2,0,1,13,3,0,12,5,2,1,3,2,55,1,1,2,1,20,3,1,1,0,0,99,99,99,99,99,99,0,0,0,0,1,5,0,470866,410,2009,129,SR-374,EVANS RD,0000000,36.58130278,-87.43314722,2,1
47,11,12,7,7,39,1,1,0,0,14,6,0,34,0,1,4,1,2,40,2,3,2,4,0,0,4,3,0,0,99,99,99,99,99,99,0,0,0,0,1,2,0,470867,420,2009,2,S OCOEE ST,99999999999999999999,0000000,35.14365556,-84.88634167,1,3
47,123,12,14,18,49,1,2,0,0,3,3,0,1,0,1,1,1,2,45,1,1,2,1,0,0,2,1,0,0,99,99,99,99,99,99,0,0,0,0,1,2,0,470868,1540,2009,125,SR-68,99999999999999999999,0000000,35.50526389,-84.368825,1,1
47,37,7,4,8,19,1,2,0,1,11,1,0,1,0,1,1,3,3,70,2,2,2,1,0,0,1,1,0,0,99,99,99,99,99,99,0,0,0,0,1,7,1,470869,1760,2009,75,I-40,99999999999999999999,0000000,36.10889444,-86.92587778,1,1
47,37,11,9,1,19,1,1,0,1,11,1,0,25,0,1,2,3,5,70,1,1,2,1,0,0,3,1,0,0,99,99,99,99,88,88,0,0,0,0,1,2,1,470870,1760,2009,210,I-24,99999999999999999999,0000000,36.08160278,-86.69718611,1,1
47,93,12,6,11,34,2,4,0,0,15,4,0,12,5,1,1,1,2,30,2,2,2,1,0,0,1,1,0,0,99,99,99,99,99,99,0,0,0,0,1,1,1,470871,0,2009,2,BLUE GRASS RD,99999999999999999999,0000000,35.87648889,-84.06891667,2,1
47,59,10,5,3,0,1,1,0,0,4,3,0,42,0,1,4,1,2,45,2,1,2,9,0,0,2,9,0,0,99,99,99,99,88,88,0,0,0,0,1,2,1,470872,1010,2009,10,SR-172,99999999999999999999,0000000,36.18778333,-82.83814722,1,9
47,157,11,3,1,38,1,1,0,0,14,6,0,33,0,1,4,1,2,35,1,2,2,1,0,0,3,1,0,0,99,99,99,99,88,88,0,0,0,0,1,3,0,470873,1620,2009,70,JEFFERSON AVE,99999999999999999999,0000000,35.14152778,-90.01568611,1,1
47,157,10,9,21,45,2,2,0,1,13,2,0,12,5,2,1,1,6,40,1,1,2,2,20,3,3,2,0,0,99,99,99,99,99,99,0,0,0,0,1,6,0,470875,1620,2009,39,US-SR57,DELOACH ST,0000000,35.12640833,-89.93867222,2,2
47,9,11,11,8,48,3,4,0,0,14,3,0,12,2,1,1,1,2,45,2,2,2,2,0,0,1,1,0,0,99,99,99,99,99,99,0,0,0,0,1,4,0,470876,30,2009,99999,SR-333,99999999999999999999,0000000,35.85946944,-83.97026111,3,1
47,59,10,19,20,40,1,1,0,0,6,4,0,42,0,1,4,1,2,99,2,1,2,1,0,0,2,1,0,0,99,99,99,99,99,99,0,0,0,0,1,2,0,470877,0,2009,3,BROYLES RD,99999999999999999999,0000000,36.13309167,-82.66570278,1,1
47,13,11,17,23,25,1,1,0,0,2,2,0,24,0,1,4,1,2,45,1,1,2,2,0,0,2,2,0,0,99,99,99,99,99,99,0,0,0,0,1,3,0,470878,350,2009,314,US-SR9,99999999999999999999,0000000,36.31001944,-84.21037778,1,2
47,99,10,28,11,10,2,2,0,1,2,2,0,12,1,1,1,1,2,60,1,2,2,1,0,0,1,1,0,0,99,99,99,99,99,99,0,0,0,0,1,4,0,470879,0,2009,127,US-SR6,99999999999999999999,0000000,35.13704444,-87.37365556,2,1
47,157,11,22,4,15,1,3,0,0,15,6,0,42,0,1,4,1,2,35,2,1,2,1,0,0,3,1,0,0,99,99,99,99,88,88,0,0,0,0,1,1,0,470880,1620,2009,99999,CARNES AVE,99999999999999999999,0000000,35.11281111,-89.98361389,1,1
47,157,11,28,0,35,1,2,1,0,13,6,0,8,0,1,1,2,3,40,1,1,2,1,0,0,3,1,0,0,99,99,99,99,99,99,0,0,0,0,1,7,0,470881,1620,2009,99999,MENDENHALL RD,99999999999999999999,0000000,35.06119722,-89.88588333,1,1
47,157,11,24,17,24,1,2,1,0,15,6,0,8,0,1,1,2,2,40,1,1,2,1,0,0,3,1,0,0,99,99,99,99,99,99,0,0,0,0,1,3,0,470882,1620,2009,99999,HOLMES RD,99999999999999999999,0000000,35.00643611,-90.01545,1,1
47,157,12,3,13,28,1,1,0,0,16,6,0,33,0,1,4,1,2,30,1,1,2,1,0,0,1,1,0,0,99,99,99,99,88,88,0,19,0,0,1,5,0,470883,1620,2009,99999,LABELLE ST,99999999999999999999,0000000,35.09803611,-89.97450278,1,1
47,157,12,13,4,35,1,1,0,0,14,6,0,33,0,1,4,2,2,45,1,1,2,2,0,0,3,2,0,0,99,99,99,99,99,99,0,0,0,0,1,1,0,470884,1620,2009,99999,PLEASANT VIEW RD,99999999999999999999,0000000,35.17349167,-89.87666111,1,2
47,157,12,15,21,6,2,9,0,0,15,6,0,12,7,1,4,2,2,45,1,1,2,1,0,0,3,1,0,0,99,99,99,99,99,99,0,0,0,0,1,3,0,470885,1620,2009,99999,N HIGHLAND ST,99999999999999999999,0000000,35.15935,-89.94415,2,1
47,157,12,17,16,50,3,4,0,1,11,1,0,12,7,1,1,3,3,55,1,2,2,1,0,0,1,1,0,0,99,99,99,99,99,99,0,0,0,0,1,5,0,470886,1620,2009,112,I-55,99999999999999999999,0000000,35.11912222,-90.07033611,3,1
47,125,12,14,9,25,2,2,0,0,14,2,0,12,5,2,1,2,2,45,1,2,2,1,20,3,1,1,0,0,99,99,99,99,99,99,0,0,0,0,1,2,0,470887,410,2009,268,US-SR13,ALFRED THUN RD,0000000,36.60239722,-87.27969722,2,1
47,157,12,21,5,39,3,3,0,1,11,1,0,12,1,1,1,3,3,55,1,2,2,4,0,0,3,5,0,0,99,99,99,99,99,99,0,19,0,0,1,2,0,470888,1620,2009,99999,I-240,99999999999999999999,0000000,35.07865278,-89.96019722,3,5
47,41,12,22,20,35,1,4,0,0,3,2,0,1,0,1,4,1,5,55,2,2,2,1,0,0,3,1,0,0,99,99,99,99,99,99,0,0,0,0,1,3,1,470889,660,2009,104,US-SR26,99999999999999999999,0000000,36.010725,-85.93284444,1,1
47,65,12,23,7,10,1,2,1,0,13,6,0,8,0,1,1,3,2,25,1,2,2,1,0,0,4,1,0,0,99,99,99,99,99,99,0,0,0,0,1,4,1,470890,400,2009,1,E 4TH ST,99999999999999999999,0000000,35.05226944,-85.30753889,1,1
47,93,12,23,0,1,1,4,1,0,14,3,0,8,0,1,1,1,2,50,1,2,2,1,0,0,2,1,0,0,99,99,99,99,88,88,0,0,0,0,1,4,0,470891,0,2009,87,SR-168,99999999999999999999,0000000,35.9258,-83.81480556,1,1
47,157,12,31,23,14,1,1,0,1,11,1,0,25,0,1,3,3,4,65,2,1,2,1,0,0,3,1,0,0,99,99,99,99,99,99,0,0,0,0,1,5,0,470892,1620,2009,149,I-40,99999999999999999999,0000000,35.15983333,-89.87528056,1,1
47,157,12,27,10,30,2,2,0,0,13,6,0,12,5,1,1,2,4,45,1,1,2,1,0,0,1,1,0,0,99,99,99,99,99,99,0,0,0,0,1,1,0,470893,1620,2009,99999,WALNUT GROVE RD,99999999999999999999,0000000,35.13481389,-89.84018889,2,1
47,157,12,31,15,0,2,4,0,0,13,6,0,12,5,1,1,2,6,45,1,1,2,1,0,0,1,1,0,0,99,99,99,99,99,99,0,0,0,0,1,5,0,470894,1620,2009,17,MT MORIAH RD,99999999999999999999,0000000,35.074325,-89.86988056,2,1
47,37,11,18,5,45,1,2,0,0,16,6,0,32,0,1,4,1,2,35,2,2,2,1,0,0,2,1,0,0,99,99,99,99,99,99,0,0,0,0,1,4,1,470895,1760,2009,3,FRANKLIN LIMESTONE R,99999999999999999999,0000000,36.09355278,-86.65748056,1,1
47,157,12,26,15,45,2,4,0,0,13,3,0,12,5,2,1,3,5,40,1,2,2,1,3,3,1,1,0,0,99,99,99,99,99,99,0,0,0,0,1,7,0,470896,1620,2009,173,SR-14,MACON RD,0000000,35.16446389,-89.95318611,2,1
47,157,12,24,16,15,2,2,0,0,13,3,0,12,5,1,1,2,6,45,1,1,2,2,0,0,3,2,0,0,99,99,99,99,99,99,0,0,0,0,1,5,0,470897,1620,2009,99999,SR-175,99999999999999999999,0000000,35.02088611,-89.96698333,2,2
47,165,7,31,15,10,2,2,0,0,15,6,0,12,5,2,1,3,4,40,1,1,2,1,3,3,1,1,0,0,99,99,99,99,88,88,0,0,0,0,1,6,0,470898,1085,2009,9,INDIAN LAKE BLVD,N ANDERSON LN,0000000,36.32098056,-86.59941944,2,1
47,65,10,23,19,41,1,1,0,0,15,6,0,32,0,1,4,1,2,40,1,2,2,1,0,0,2,1,0,0,99,99,99,99,99,99,0,0,0,0,1,6,1,470899,2260,2009,3,GREEN POND RD,99999999999999999999,0000000,35.240575,-85.17113889,1,1
47,179,9,10,15,9,2,3,0,1,2,2,0,12,5,1,1,2,2,65,1,2,2,1,0,0,1,1,0,0,99,99,99,99,99,99,0,0,0,0,1,5,0,470900,2378,2009,58,US-SR34,99999999999999999999,0000000,36.26383611,-82.5473,2,1
47,9,6,9,17,8,2,2,0,1,13,2,0,12,5,2,1,1,2,55,1,2,2,1,20,3,1,1,0,0,99,99,99,99,99,99,0,0,0,0,1,3,0,470902,30,2009,99999,US-SR115,WHEELER RD,0000000,35.859875,-83.95968611,2,1
47,109,7,26,19,32,1,1,0,1,2,2,0,30,0,1,4,2,2,65,1,1,2,2,0,0,1,2,0,0,99,99,99,99,99,99,0,0,0,0,1,1,0,470903,2160,2009,99999,US-SR5,99999999999999999999,0000000,35.20484722,-88.61560556,1,2
47,1,8,29,17,30,1,2,0,0,4,2,0,35,0,1,4,1,2,55,2,1,2,1,0,0,1,1,0,0,99,99,99,99,99,99,0,0,0,0,1,7,0,470904,0,2009,82,US-SR9,99999999999999999999,0000000,36.12327778,-84.14279444,1,1
47,63,8,31,3,41,1,2,0,0,4,3,0,38,0,1,4,1,2,45,2,2,2,1,0,0,2,1,0,0,99,99,99,99,99,99,0,0,0,0,1,2,0,470905,0,2009,47,SR-344,99999999999999999999,0000000,36.27033611,-83.175425,1,1
47,155,7,5,6,16,1,1,0,0,6,4,0,35,0,1,4,1,2,35,2,1,2,2,0,0,4,2,0,0,99,99,99,99,99,99,0,0,0,0,1,1,0,470906,0,2009,0,NEW CENTER RD,99999999999999999999,0000000,35.88165278,-83.45798611,1,2
47,37,12,20,19,31,1,3,1,0,13,2,0,8,0,1,1,1,5,40,1,1,2,1,0,0,3,1,0,0,99,99,99,99,99,99,0,0,0,0,1,1,0,470907,1535,2009,189,US-SR6,99999999999999999999,0000000,36.267775,-86.71079167,1,1
47,157,10,30,15,27,3,3,0,1,12,3,0,12,5,1,1,3,4,55,1,1,2,2,0,0,1,2,0,0,99,99,99,99,99,99,0,0,0,0,1,6,0,470908,1620,2009,19,SR-385,99999999999999999999,0000000,35.06969722,-89.85170556,3,2
47,47,12,28,15,34,2,3,0,0,4,3,0,12,2,2,1,1,2,50,2,1,2,1,20,3,1,1,0,0,99,99,99,99,99,99,0,0,0,0,1,2,0,470909,0,2009,112,SR-193,SR-195,0000000,35.15598056,-89.44688056,2,1
47,93,8,30,19,47,3,4,0,0,6,4,0,12,8,1,1,1,2,30,2,2,2,1,0,0,1,1,0,0,99,99,99,99,99,99,0,0,0,0,1,1,0,470910,0,2009,1,MCCUBBINS RD,99999999999999999999,0000000,36.02118889,-83.73695556,2,1
47,89,6,8,17,42,2,2,0,0,5,6,0,12,5,2,1,1,2,45,1,1,2,1,20,3,1,1,0,0,99,99,99,99,99,99,0,0,0,0,1,2,0,470911,2371,2009,7,E DUMPLIN VALLEY RD,S CHUCKY PIKE,0000000,36.10547222,-83.39943333,2,1
47,155,8,9,18,41,1,1,0,1,2,2,1,42,0,1,4,1,2,45,2,2,2,1,0,0,1,1,0,0,99,99,99,99,99,99,0,0,0,0,1,1,1,470912,0,2009,172,US-SR71,99999999999999999999,0000000,35.72952222,-83.51889167,1,1
47,37,12,14,11,0,1,3,0,0,14,6,0,19,0,1,4,1,2,35,1,1,2,1,0,0,1,1,0,0,99,99,99,99,99,99,0,0,0,0,1,2,0,470913,1760,2009,23,ANTIOCH PIKE,99999999999999999999,0000000,36.06075556,-86.67416944,1,1
47,37,12,25,8,24,2,5,0,0,14,6,0,24,0,1,5,1,2,40,2,1,2,2,0,0,1,2,0,0,99,99,99,99,99,99,0,0,0,0,1,6,1,470914,1760,2009,9,HAYWOOD LN,99999999999999999999,0000000,36.06869167,-86.703275,2,2
47,157,10,5,6,58,3,5,0,0,13,6,0,12,5,2,1,1,2,40,1,1,2,2,3,3,4,2,0,0,99,99,99,99,99,99,0,0,0,0,1,2,0,470915,1620,2009,16,WALNUT GROVE RD,FARM RD,0000000,35.13303889,-89.80503056,3,2
47,29,6,15,10,48,2,3,0,0,3,2,0,12,5,1,1,1,2,45,1,1,2,1,0,0,1,1,0,0,99,99,99,99,99,99,0,0,0,0,1,2,0,470916,0,2009,155,US-SR32,99999999999999999999,0000000,35.84276111,-83.22311111,2,1
47,93,8,18,13,6,1,2,0,0,14,3,0,42,0,1,4,1,2,45,1,2,2,1,0,0,1,1,0,0,99,99,99,99,99,99,0,0,0,0,1,3,0,470917,0,2009,141,SR-168,99999999999999999999,0000000,35.99148333,-83.82765278,1,1
47,73,10,23,22,1,1,2,0,0,6,4,0,42,0,1,4,1,2,35,1,1,2,2,0,0,2,2,0,0,99,99,99,99,99,99,0,0,0,0,1,6,0,470918,0,2009,0,SLATE HILL RD,99999999999999999999,0000000,36.30405833,-83.26244444,1,2
47,151,10,27,13,41,1,2,0,0,16,6,0,30,0,1,4,1,2,25,1,1,2,2,0,0,1,2,0,0,99,99,99,99,99,99,0,0,0,0,1,3,0,470919,1880,2009,1,MAIN ST,99999999999999999999,0000000,36.5064,-84.51260278,1,2
47,147,10,30,11,15,1,1,0,0,4,3,0,30,0,1,4,1,2,55,1,1,2,1,0,0,1,1,0,0,99,99,99,99,99,99,0,0,0,0,1,6,0,470920,0,2009,90,SR-257,99999999999999999999,0000000,36.40364167,-86.81948056,1,1
47,157,11,3,15,45,3,6,0,0,13,3,0,12,5,2,1,2,3,40,1,2,2,1,3,3,1,1,0,0,99,99,99,99,99,99,0,0,0,0,1,3,0,470921,930,2009,37,SR-177,NESHOBA RD,0000000,35.1016,-89.80515278,3,1
47,179,11,5,12,52,2,1,0,0,14,3,0,54,11,1,1,1,2,30,1,1,2,1,0,0,1,1,0,0,99,99,99,99,99,99,0,14,0,0,1,5,0,470922,1250,2009,3,SR-400,99999999999999999999,0000000,36.32008611,-82.35773611,1,1
47,37,11,6,21,13,1,2,1,0,13,3,0,8,0,1,1,1,4,40,1,1,2,1,0,0,3,1,0,0,99,99,99,99,88,88,0,0,0,0,1,6,0,470923,650,2009,95,SR-255,99999999999999999999,0000000,36.14556944,-86.66668889,1,1
47,65,11,6,6,21,1,1,0,1,11,1,0,1,0,15,4,2,4,55,1,1,2,1,0,0,4,1,0,0,99,99,99,99,99,99,0,0,0,0,1,6,0,470924,400,2009,15,I-75,99999999999999999999,0000000,35.00576667,-85.20954722,1,1
47,115,11,7,10,26,2,7,0,0,4,2,0,12,5,1,1,1,2,30,1,1,2,1,0,0,1,1,0,0,99,99,99,99,99,99,0,0,0,0,1,7,0,470925,1272,2009,117,US-SR2,99999999999999999999,0000000,35.04537778,-85.67673611,2,1
47,179,11,10,21,5,2,2,0,1,11,1,0,57,0,1,3,3,2,70,1,1,2,2,0,0,2,2,0,0,99,99,99,99,99,99,0,0,0,0,1,3,1,470926,1250,2009,33,I-26,99999999999999999999,0000000,36.40575,-82.47523333,2,2
47,55,11,20,17,47,1,1,0,0,3,3,0,42,0,1,4,1,2,55,1,1,2,1,0,0,2,1,0,0,99,99,99,99,99,99,0,0,0,0,1,6,1,470927,1665,2009,15,SR-11,99999999999999999999,0000000,35.01473611,-87.19966667,1,1
47,37,11,28,21,48,1,5,1,0,13,2,0,8,0,1,1,2,3,40,1,1,2,1,0,0,3,1,0,0,99,99,99,99,99,99,0,0,0,0,1,7,0,470928,1760,2009,167,US-SR6,99999999999999999999,0000000,36.24150556,-86.73678056,1,1
47,37,12,4,12,35,2,2,0,0,16,6,0,12,5,2,1,1,2,30,1,2,2,1,20,3,1,1,0,0,99,99,99,99,88,88,0,0,0,0,1,6,0,470929,1760,2009,3,TUSCULUM RD,HASTY DR,0000000,36.05851944,-86.71926111,2,1
47,37,12,18,11,13,2,2,0,0,14,3,0,36,0,1,4,1,2,50,2,1,2,2,0,0,1,2,0,0,99,99,99,99,88,88,0,0,0,0,1,6,0,470930,1760,2009,17,SR-171,99999999999999999999,0000000,36.03720556,-86.61087778,2,2
47,37,10,23,23,58,2,2,1,1,11,1,0,14,7,1,2,3,3,55,1,1,2,2,0,0,3,2,0,0,99,99,99,99,99,99,0,0,0,0,1,6,1,470931,1760,2009,222,I-40,99999999999999999999,0000000,36.14116667,-86.71788889,1,2
47,187,11,28,14,50,1,1,0,0,6,4,1,42,0,1,4,1,2,40,2,2,2,1,0,0,1,1,0,0,99,99,99,99,88,88,0,0,0,0,1,7,0,470932,0,2009,120,NATCHEZ TRACE PKWY,99999999999999999999,0000000,35.92371944,-87.01429444,1,1
47,179,12,4,1,50,2,1,0,0,16,6,0,53,0,1,4,1,2,30,1,1,2,1,0,0,2,1,0,0,99,99,99,99,88,88,0,14,0,0,1,6,1,470933,1250,2009,0,WINDWOOD DR,99999999999999999999,0000000,36.302525,-82.40032222,1,1
47,157,12,22,14,5,2,2,0,0,15,6,0,12,6,2,1,1,2,30,1,1,2,1,20,3,1,1,0,0,99,99,99,99,99,99,0,0,0,0,1,3,0,470934,1620,2009,5,OVERTON PARK AVE,GARLAND ST,0000000,35.149125,-90.01220833,2,1
47,179,11,17,17,34,1,1,0,0,3,3,0,30,0,1,4,1,2,50,2,1,2,1,0,0,2,1,0,0,99,99,99,99,99,99,0,0,0,0,1,3,0,470935,1260,2009,74,SR-107,99999999999999999999,0000000,36.17536111,-82.52946944,1,1
47,19,12,9,17,14,3,3,0,0,3,2,0,12,6,1,1,5,2,45,1,1,2,1,0,0,2,1,0,0,99,99,99,99,99,99,0,0,0,0,1,4,0,470936,0,2009,42,US-SR37,99999999999999999999,0000000,36.196775,-82.06559167,2,1
48,39,1,1,10,20,1,1,0,1,13,3,0,43,0,1,4,2,3,65,1,1,4,1,0,0,1,1,0,0,88,88,88,88,88,88,0,0,0,0,1,5,1,480001,5249,2009,20,SR-288,99999999999999999999,0000000,29.57038889,-95.38684167,1,1
48,355,1,1,7,45,1,1,0,0,6,4,0,43,0,1,4,1,2,50,1,1,2,1,0,0,1,1,0,0,88,88,88,88,88,88,0,0,0,0,1,5,1,480002,0,2009,0,61,99999999999999999999,0000000,27.77438611,-97.59537222,1,1
48,373,1,1,12,45,2,4,0,0,3,2,0,12,2,1,1,1,2,60,1,2,2,1,0,0,1,1,0,0,12,52,13,3,99,99,0,0,0,0,1,5,0,480003,0,2009,30,US-190,99999999999999999999,0000000,30.81295556,-95.10907222,2,1
48,441,1,1,1,33,1,3,0,0,16,5,0,26,0,3,4,1,2,40,1,2,5,1,20,3,2,1,0,1,1,38,1,42,2,3,0,0,0,0,1,5,1,480004,30,2009,0,ARNOLD,S 1ST,0000000,32.45300278,-99.80845278,1,1
48,201,1,2,2,5,1,1,0,1,11,1,0,26,0,13,4,6,1,65,2,2,1,1,0,0,2,1,0,0,2,18,2,33,99,99,0,0,0,0,1,6,1,480005,3280,2009,99999,I-45 RAMP,99999999999999999999,0000000,29.60791944,-95.20256389,1,1
48,439,1,2,5,34,2,2,0,0,16,5,0,12,5,8,1,5,4,40,1,1,1,1,0,0,3,1,0,0,5,43,5,47,6,13,0,20,0,0,1,6,0,480007,502,2009,0,CENTRAL,99999999999999999999,0000000,32.84552222,-97.13373056,2,1
48,457,1,2,23,42,1,2,0,0,5,8,0,1,0,1,4,1,2,55,1,2,2,5,0,0,2,1,0,0,88,88,88,88,88,88,0,0,0,0,1,6,1,480008,0,2009,77,FM1013,99999999999999999999,0000000,30.68605,-94.26509722,1,1
48,485,1,2,11,10,2,3,0,1,13,3,0,12,5,2,1,1,2,55,1,1,2,1,20,1,1,1,0,0,11,13,11,18,11,49,0,1,0,0,1,6,0,480009,7490,2009,59,SR-79,RATHGEBER,0000000,33.84432778,-98.50745278,2,1
48,41,1,3,14,59,3,4,0,0,14,8,0,12,5,2,1,2,2,35,1,1,2,1,3,3,1,1,0,0,88,88,88,88,88,88,0,0,0,0,1,7,0,480010,970,2009,30,FM158,FM1179,0000000,30.67097222,-96.31911389,3,1
48,245,1,3,6,25,2,4,0,0,3,3,0,12,2,1,1,1,2,50,2,1,2,2,0,0,2,1,0,0,6,36,6,47,6,59,0,0,0,0,2,7,0,480011,0,2009,46,SR-87,99999999999999999999,0000000,29.85292778,-93.97353056,2,1
48,303,1,4,23,30,1,2,0,0,4,8,0,1,0,1,4,1,2,65,1,1,2,1,0,0,2,1,0,0,88,88,88,88,88,88,0,0,0,0,2,1,0,480012,0,2009,60,FM2641,99999999999999999999,0000000,33.65031389,-101.9799139,1,1
48,291,1,5,18,12,2,2,0,0,3,2,0,12,5,2,1,1,2,65,1,1,2,2,20,3,2,1,0,0,18,24,18,36,99,99,0,0,0,0,1,2,0,480013,0,2009,240,US-90,190,0000000,30.04732778,-94.70403611,2,1
48,29,1,6,6,55,1,3,1,0,16,5,0,8,0,3,1,1,2,30,1,1,2,2,2,3,3,2,0,0,99,99,99,99,88,88,0,0,0,0,1,3,0,480014,6090,2009,0,BRAZOS,GUADALUPE,0000000,29.41836667,-98.51453333,1,2
48,99,1,6,18,28,1,2,1,0,16,5,0,8,0,1,1,1,2,30,1,2,2,1,0,0,3,1,0,0,88,88,88,88,88,88,0,0,0,0,1,3,0,480015,1540,2009,0,MLKJR,99999999999999999999,0000000,31.11851667,-97.87591944,1,1
48,439,1,6,22,17,3,4,0,0,16,5,0,12,1,3,1,2,2,40,1,1,2,1,3,3,3,1,0,0,22,18,22,25,22,45,0,0,0,0,1,3,1,480016,260,2009,0,ABRAM,GREATSOUTHWEST,0000000,32.73786944,-97.04621667,3,1
48,53,1,8,14,46,1,1,0,0,3,3,0,38,0,1,5,1,4,65,2,1,2,1,0,0,1,1,0,0,88,88,88,88,88,88,0,0,0,0,1,5,0,480017,1040,2009,52,SR-29,99999999999999999999,0000000,30.74950833,-98.16554444,1,1
48,201,1,1,3,23,2,2,0,1,11,1,0,12,2,1,1,3,3,65,1,1,2,1,0,0,2,1,0,4,3,30,3,33,99,99,0,0,0,0,1,5,0,480018,7286,2009,17,I-45,99999999999999999999,0000000,29.52929167,-95.13138889,2,1
48,215,1,1,3,0,1,2,1,0,16,5,0,8,0,3,1,1,2,30,1,1,2,1,0,0,2,1,0,0,3,9,3,17,99,99,0,0,0,0,1,5,0,480019,9997,2009,0,MINNESOTA,RODRIGUEZ,0000000,26.23772778,-98.15614722,1,1
48,29,1,4,0,3,1,7,0,0,16,5,0,1,0,1,4,1,2,35,2,1,2,1,0,0,2,1,0,0,0,4,0,12,1,45,0,0,0,0,1,1,1,480020,6090,2009,0,WWWHITE,99999999999999999999,0000000,29.34656944,-98.3945,1,1
48,61,1,4,20,35,2,2,0,0,3,2,0,12,2,1,1,1,2,60,1,1,2,1,0,0,2,1,0,0,20,35,20,44,21,15,0,0,0,0,2,1,0,480021,940,2009,92,US-281,99999999999999999999,0000000,25.96228889,-97.57850556,2,1
48,113,1,4,14,20,2,2,0,1,13,8,0,12,5,2,1,2,3,50,1,1,1,1,0,0,1,1,0,0,14,24,14,28,14,55,0,0,0,0,1,1,0,480022,1730,2009,95,LP12,COUNTRY CREEK,0000000,32.69865833,-96.8973,2,1
48,169,1,4,7,31,1,1,0,0,4,8,0,42,0,1,4,1,2,50,2,2,2,1,0,0,4,1,0,0,88,88,88,88,88,88,0,0,0,0,1,1,1,480023,5480,2009,75,FM669,99999999999999999999,0000000,33.18234167,-101.3821806,1,1
48,407,1,4,22,23,2,2,0,1,2,2,0,12,5,2,1,2,2,60,1,1,2,1,20,3,3,1,0,0,22,59,23,22,23,50,0,0,0,0,1,1,0,480024,0,2009,192,US-59,FM2914,0000000,30.44556667,-95.02920556,2,1
48,441,1,4,16,54,2,4,0,1,2,2,0,12,5,2,1,2,2,70,1,1,2,1,20,3,1,1,0,0,17,6,17,17,17,37,0,0,0,0,1,1,0,480025,0,2009,97,US-83,CLARK,0000000,32.32130278,-99.75195278,2,1
48,113,1,7,18,35,1,2,1,1,13,8,0,8,0,1,1,2,3,45,1,1,2,1,0,0,3,1,0,0,18,40,18,47,19,3,0,0,0,0,1,4,0,480026,1730,2009,40,SL12,99999999999999999999,0000000,32.81384167,-96.68711111,1,1
48,199,1,7,9,25,2,3,0,0,4,8,0,12,4,1,1,1,2,70,1,1,2,1,0,0,1,1,0,0,9,30,9,56,10,37,0,0,0,0,2,4,1,480027,9997,2009,226,FM1293,99999999999999999999,0000000,30.39590278,-94.44418333,2,1
48,373,1,7,15,45,1,1,0,0,5,8,0,32,0,1,4,1,2,55,1,1,2,1,0,0,1,1,0,0,88,88,88,88,88,88,0,0,0,0,1,4,0,480028,0,2009,12,SL116,99999999999999999999,0000000,30.80275,-94.88376667,1,1
48,29,1,8,20,0,1,2,1,1,13,2,0,8,0,1,1,3,3,99,1,2,2,1,0,0,2,1,0,0,88,88,88,88,88,88,0,0,0,0,1,5,0,480029,6090,2009,80,US-281,99999999999999999999,0000000,29.23368333,-98.47535,1,1
48,29,1,9,22,0,1,2,0,0,16,5,0,1,0,1,4,2,2,40,2,1,2,1,0,0,3,1,0,0,22,12,22,22,22,39,0,0,0,0,2,6,0,480030,6090,2009,0,EVANS,99999999999999999999,0000000,29.63829722,-98.444775,1,1
48,117,1,9,6,45,3,3,0,1,2,2,0,12,2,1,1,2,2,65,1,1,2,1,0,0,2,1,0,0,6,54,7,28,8,2,0,0,0,0,1,6,0,480031,0,2009,13,US-60,99999999999999999999,0000000,34.75289722,-102.4832167,3,1