STATE,COUNTY,MONTH,DAY,HOUR,MINUTE,VE_TOTAL,PERSONS,PEDS,NHS,ROAD_FNC,ROUTE,SP_JUR,HARM_EV,MAN_COLL,REL_JUNC,REL_ROAD,TRAF_FLO,NO_LANES,SP_LIMIT,ALIGNMNT,PROFILE,PAVE_TYP,SUR_COND,TRA_CONT,T_CONT_F,LGT_COND,WEATHER1,WEATHER2,WRK_ZONE,NOT_HOUR,NOT_MIN,ARR_HOUR,ARR_MIN,HOSP_HR,HOSP_MN,SCH_BUS,CF1,CF2,CF3,FATALS,DAY_WEEK,DRUNK_DR,ST_CASE,CITY,YEAR,MILEPT,TWAY_ID,TWAY_ID2,RAIL,LATITUDE,LONGITUD,VE_FORMS,WEATHER
48,29,1,11,13,40,1,2,1,0,16,5,0,8,0,1,2,2,4,45,1,1,2,1,0,0,1,1,0,0,13,43,13,49,14,11,0,0,0,0,1,1,1,480032,6090,2009,0,BANDERA,99999999999999999999,0000000,29.55071111,-98.66416389,1,1
48,499,1,2,18,11,1,2,1,0,3,8,0,8,0,1,1,1,2,60,2,1,2,1,0,0,2,1,0,0,88,88,88,88,88,88,0,19,0,0,1,6,0,480033,0,2009,30,FM14,99999999999999999999,0000000,32.80517222,-95.34483611,1,1
48,85,1,3,23,9,1,2,1,1,12,2,0,8,0,1,1,3,2,65,1,1,2,1,0,0,2,1,0,0,88,88,88,88,88,88,0,0,0,0,1,7,0,480034,4230,2009,134,US-75,99999999999999999999,0000000,33.21950556,-96.63540833,1,1
48,121,1,3,19,37,1,3,1,0,14,8,0,8,0,1,1,2,4,35,1,1,1,1,0,0,3,1,0,0,88,88,88,88,88,88,0,0,0,0,1,7,0,480035,1840,2009,9,FM2181,99999999999999999999,0000000,33.18859722,-97.12438333,1,1
48,201,1,3,22,29,1,2,0,1,12,3,0,1,0,5,1,6,1,65,1,1,1,1,0,0,3,1,0,0,22,29,22,37,23,18,0,0,0,0,1,7,1,480036,480,2009,141,SR-146,99999999999999999999,0000000,29.74734444,-94.98555,1,1
48,229,1,3,15,30,1,5,0,1,1,1,0,34,0,1,4,2,4,80,1,2,2,1,0,0,1,1,0,0,15,35,15,40,99,99,0,0,0,0,1,7,0,480037,0,2009,318,I-10,99999999999999999999,0000000,31.19579722,-105.5561667,1,1
48,251,1,4,2,54,1,1,0,1,2,2,0,1,0,1,3,2,4,65,2,2,2,1,0,0,2,1,0,0,88,88,88,88,88,88,0,20,0,0,1,1,1,480038,7170,2009,35,US-67,99999999999999999999,0000000,32.43385556,-97.128075,1,1
48,459,1,4,1,16,1,1,0,0,4,8,0,1,0,1,4,1,2,55,2,2,2,1,0,0,2,1,0,0,88,88,88,88,88,88,0,0,0,0,1,1,0,480039,0,2009,93,FM2088,99999999999999999999,0000000,32.82483889,-95.01518056,1,1
48,459,1,5,18,30,2,2,0,0,4,8,0,12,2,1,1,1,2,55,1,3,2,2,0,0,2,2,0,0,88,88,88,88,88,88,0,0,0,0,1,2,1,480040,0,2009,36,FM49,99999999999999999999,0000000,32.720325,-95.01079444,2,2
48,37,1,6,10,14,1,1,0,0,14,3,0,29,0,1,4,2,4,45,9,9,2,2,0,0,1,2,0,0,10,16,10,20,10,33,0,0,0,0,1,3,0,480041,6850,2009,78,SR-93,99999999999999999999,0000000,33.447925,-94.06555556,1,2
48,201,1,6,22,0,1,2,1,1,11,1,0,8,0,1,1,3,5,60,1,1,1,1,0,0,3,1,0,0,88,88,88,88,88,88,0,0,0,0,1,3,0,480042,3280,2009,363,I-45,99999999999999999999,0000000,29.92509167,-95.41198889,1,1
48,367,1,7,20,45,2,3,0,1,2,3,0,12,3,1,1,2,2,60,1,1,2,1,0,0,2,1,0,0,88,88,88,88,88,88,0,0,0,0,1,4,1,480043,0,2009,169,SR-199,99999999999999999999,0000000,32.91383611,-97.58728333,2,1
48,113,1,8,0,55,1,1,0,0,16,5,0,23,0,1,4,1,4,35,2,1,2,1,0,0,6,1,0,0,88,88,88,88,88,88,0,0,0,0,1,5,1,480044,2800,2009,0,WMARSHALL,99999999999999999999,0000000,32.72115556,-97.01934167,1,1
48,361,1,8,17,13,2,2,0,0,16,5,0,12,5,8,1,1,2,50,2,1,2,1,0,0,1,1,0,0,17,15,17,16,99,99,0,0,0,0,1,5,0,480045,9997,2009,0,MLK,99999999999999999999,0000000,30.11333056,-93.78029444,2,1
48,201,1,9,0,28,1,1,0,0,16,5,0,42,0,1,3,2,2,35,1,1,1,1,0,0,3,1,0,0,88,88,88,88,88,88,0,0,0,0,1,6,0,480046,3280,2009,0,AIRPORT,99999999999999999999,0000000,29.64518889,-95.36811944,1,1
48,201,1,9,0,51,1,1,0,0,16,5,0,42,0,1,3,2,3,35,1,1,1,1,0,0,3,1,0,0,0,58,1,5,1,31,0,0,0,0,1,6,1,480047,3280,2009,0,FONDREN,99999999999999999999,0000000,29.71311111,-95.52093056,1,1
48,201,1,10,6,25,1,1,0,1,11,1,0,1,0,1,1,3,3,60,1,1,1,1,0,0,3,1,0,1,6,27,6,37,6,54,0,0,0,0,1,7,0,480048,3280,2009,95,I-610,99999999999999999999,0000000,29.80931389,-95.31823056,1,1
48,201,1,10,11,49,3,3,0,0,16,5,0,12,5,2,1,1,2,30,1,1,1,1,21,3,1,1,0,0,11,57,12,8,12,52,0,20,0,0,1,7,0,480049,3280,2009,0,ELWOOD,S79TH,0000000,29.72723889,-95.28534167,2,1
48,469,1,10,21,58,1,1,0,0,16,5,0,30,0,1,4,1,4,35,1,1,2,1,0,0,3,1,0,0,88,88,88,88,88,88,0,0,0,0,1,7,0,480050,7190,2009,0,BENJORDAN,99999999999999999999,0000000,28.79345278,-96.98170833,1,1
48,71,1,11,8,0,1,2,1,0,3,7,0,9,0,1,1,4,2,55,1,1,2,1,0,0,9,1,0,0,88,88,88,88,88,88,0,0,0,0,1,1,0,480051,7555,2009,211,SR-73,99999999999999999999,0000000,29.82527222,-94.35876111,1,1
48,113,1,11,10,0,3,4,0,0,16,5,0,12,5,2,1,2,6,40,1,1,1,1,3,3,1,1,0,0,10,7,10,13,10,29,0,0,0,0,1,1,0,480052,1730,2009,0,DALLAS,ALPHA,0000000,32.93289722,-96.82172222,3,1
48,237,1,11,1,0,1,1,0,0,5,8,0,1,0,1,4,1,2,60,2,2,2,1,0,0,2,1,0,0,88,88,88,88,88,88,0,0,0,0,1,1,1,480053,0,2009,30,FM1191,99999999999999999999,0000000,33.3212,-98.37330278,1,1
48,337,1,11,4,0,1,1,0,0,4,8,0,1,0,1,4,1,2,55,2,1,2,1,0,0,2,1,0,0,88,88,88,88,88,88,0,0,0,0,1,1,1,480054,0,2009,39,FM677,99999999999999999999,0000000,33.83231111,-97.49526111,1,1
48,439,1,11,23,12,2,3,0,1,13,8,0,12,5,2,1,3,2,45,1,1,1,1,0,0,2,1,0,0,23,20,23,23,1,57,0,0,0,0,1,1,1,480055,260,2009,205,FM157,GREENOAKS,0000000,32.65947222,-97.13450278,2,1
48,201,1,13,21,45,2,8,0,0,16,5,0,12,2,1,1,5,4,40,1,1,1,1,0,0,3,1,0,0,21,47,21,51,99,99,0,0,0,0,1,3,1,480056,3280,2009,0,WESTPARK,99999999999999999999,0000000,29.72077222,-95.52847222,2,1
48,213,1,15,21,20,1,2,0,0,16,5,0,30,0,1,4,1,2,35,1,1,2,1,0,0,3,1,0,0,21,25,21,33,21,50,0,0,0,0,1,5,1,480057,2938,2009,0,LEGENDARY,99999999999999999999,0000000,32.31778333,-96.15138611,1,1
48,251,1,15,18,48,2,4,0,1,12,2,0,12,2,1,1,1,2,65,1,1,1,1,0,0,2,1,0,0,18,55,19,18,19,33,0,0,0,0,1,5,0,480058,9997,2009,1,US-67,99999999999999999999,0000000,32.381825,-97.39048056,2,1
48,367,1,15,14,40,1,1,0,0,5,8,0,1,0,1,4,1,2,60,2,1,2,1,0,0,1,1,0,0,88,88,88,88,88,88,0,0,0,0,1,5,0,480059,7486,2009,27,FM52,99999999999999999999,0000000,32.95491667,-98.01555556,1,1
48,79,1,16,10,25,2,4,0,0,4,3,0,12,3,1,1,1,2,70,1,1,2,1,0,0,1,1,0,0,88,88,88,88,88,88,0,0,0,0,1,6,0,480060,0,2009,159,SR-214,99999999999999999999,0000000,33.61747778,-102.7997583,2,1
48,439,1,16,18,23,1,3,1,1,13,8,0,8,0,8,1,2,7,35,1,1,2,1,0,0,1,1,0,0,18,30,18,41,19,3,0,0,0,0,1,6,0,480061,260,2009,158,FM157,99999999999999999999,0000000,32.72391667,-97.11465556,1,1
48,91,1,3,4,41,1,3,0,0,6,4,0,1,0,1,4,1,2,30,2,2,2,2,0,0,2,5,0,0,88,88,88,88,88,88,0,0,0,0,1,7,0,480062,0,2009,0,REBECCACREEK,99999999999999999999,0000000,29.83053611,-98.34036111,1,5
48,157,1,3,17,15,3,1,0,0,16,5,0,33,0,1,4,1,2,30,1,1,1,1,0,0,1,1,0,0,17,15,17,19,18,32,0,0,0,0,1,7,1,480063,3280,2009,0,RAVEN,99999999999999999999,0000000,29.60154722,-95.48347222,1,1
48,203,1,5,6,42,2,2,0,1,2,2,0,12,1,1,1,3,2,65,1,1,1,1,0,0,2,1,0,0,88,88,88,88,88,88,1,0,0,0,1,2,0,480064,0,2009,209,US-59,99999999999999999999,0000000,32.41829722,-94.34208889,2,1
48,49,1,6,16,30,2,5,0,0,3,2,0,12,8,1,1,5,5,70,1,1,2,1,0,0,1,1,0,0,16,34,16,36,17,9,0,0,0,0,1,3,0,480065,950,2009,217,US-183,99999999999999999999,0000000,31.77721389,-98.94965278,2,1
48,183,1,8,23,50,1,5,0,0,3,8,0,38,0,3,5,2,6,55,1,1,2,1,20,3,3,1,0,0,23,56,0,4,0,37,0,0,0,0,1,5,1,480066,0,2009,25,SP502,TRYON,0000000,32.58258333,-94.75360278,1,1
48,373,1,9,6,46,1,2,1,0,4,8,0,9,0,1,1,1,2,55,1,1,2,1,0,0,4,1,0,0,6,49,6,52,99,99,0,0,0,0,1,6,0,480067,5095,2009,106,FM3459,99999999999999999999,0000000,30.829425,-95.108675,1,1
48,423,1,12,11,45,2,2,0,0,3,3,0,12,8,1,2,1,2,70,1,2,2,1,0,0,1,1,0,0,11,57,12,5,12,41,0,0,0,0,1,2,1,480068,0,2009,164,SR-31,99999999999999999999,0000000,32.36082222,-95.18314444,2,1
48,201,1,14,6,48,2,3,0,0,16,5,0,12,5,2,1,2,4,40,1,2,1,1,3,3,4,1,0,0,6,51,6,57,7,20,0,0,0,0,1,4,0,480069,3280,2009,0,AIRPORT,MYKAWA,0000000,29.64606389,-95.31231944,2,1
48,203,1,15,7,15,2,2,0,0,3,2,0,12,2,1,1,1,2,65,1,1,1,1,0,0,1,1,0,0,88,88,88,88,88,88,0,0,0,0,1,5,0,480070,0,2009,86,US-80,99999999999999999999,0000000,32.50538333,-94.56456111,2,1
48,403,1,15,8,24,2,2,0,1,2,2,0,12,4,1,1,1,2,70,1,1,2,1,0,0,1,1,0,0,88,88,88,88,88,88,0,0,0,0,1,5,0,480071,0,2009,111,US-96,99999999999999999999,0000000,31.22335278,-93.98631944,2,1
48,201,1,16,9,46,2,3,0,0,16,5,0,12,5,2,1,2,4,45,1,1,2,1,3,3,1,1,0,0,9,48,9,51,10,38,0,0,0,0,1,6,0,480072,3890,2009,0,UNDERWOOD,FAIRMONT,0000000,29.65147222,-95.08647778,2,1
48,201,1,17,5,1,1,2,1,1,11,1,0,8,0,1,1,3,3,65,1,1,1,1,0,0,2,1,0,0,5,3,5,12,5,54,0,0,0,0,1,7,0,480073,3280,2009,37,I-45,99999999999999999999,0000000,29.55143333,-95.15236389,1,1
48,73,1,18,20,0,1,2,1,1,2,2,0,8,0,3,1,2,2,45,1,1,2,1,98,3,2,1,0,0,19,51,20,11,20,31,0,0,0,0,1,1,0,480074,4899,2009,77,US-79,US-110,0000000,31.98199722,-95.09481389,1,1
48,423,1,18,0,55,2,4,1,1,1,1,0,8,0,1,1,3,2,65,1,2,2,1,0,0,2,1,0,0,88,88,88,88,88,88,0,0,0,0,1,1,0,480075,0,2009,330,I-20,99999999999999999999,0000000,32.44084722,-95.05733611,1,1
48,223,1,19,15,52,1,1,0,0,5,8,0,1,0,1,4,1,2,55,2,2,2,1,0,0,1,1,0,0,88,88,88,88,88,88,0,0,0,0,1,2,0,480076,0,2009,43,FM269,99999999999999999999,0000000,32.97843611,-95.39127222,1,1
48,453,1,20,4,53,2,3,0,1,11,1,0,12,1,1,1,3,3,60,1,1,2,1,0,0,3,1,0,0,4,53,5,2,5,24,0,0,0,0,1,3,0,480077,330,2009,153,I-35,99999999999999999999,0000000,30.23141111,-97.74244444,2,1
48,157,1,22,18,53,1,2,1,0,16,5,0,8,0,3,1,1,2,30,1,1,5,1,0,0,3,1,0,0,19,0,19,3,19,31,0,0,0,0,1,5,0,480078,6660,2009,0,SPINNAKERWAY,LAKETRAIL,0000000,29.63358889,-95.6344,1,1
48,29,1,24,3,33,1,1,0,1,13,2,0,23,0,1,4,3,4,65,2,1,2,1,0,0,3,1,0,0,88,88,88,88,88,88,0,0,0,0,1,7,1,480079,6090,2009,83,US-281,99999999999999999999,0000000,29.53730278,-98.49259722,1,1
48,29,1,25,5,3,1,2,0,0,16,5,0,30,0,1,4,1,2,30,1,1,1,3,0,0,6,1,0,0,5,5,5,14,99,99,0,0,0,0,1,1,0,480080,6090,2009,0,PETALUMA,99999999999999999999,0000000,29.33979722,-98.51478611,1,1
48,113,1,12,20,52,1,1,0,0,16,5,0,40,0,1,4,1,3,35,2,1,2,1,0,0,3,1,0,0,20,54,20,58,21,16,0,0,0,0,1,2,0,480081,3420,2009,0,STORY,99999999999999999999,0000000,32.78699167,-96.96603611,1,1
48,201,1,14,15,15,2,2,0,0,14,8,0,12,4,2,1,2,6,45,1,1,1,1,3,3,1,1,0,0,88,88,88,88,88,88,0,0,0,0,1,4,0,480082,3280,2009,50,FM525,JOHNFKENNEDY,0000000,29.93018333,-95.33122222,2,1
48,201,1,15,23,36,1,2,0,1,11,7,0,33,0,1,8,4,2,45,2,1,1,1,0,0,3,1,0,0,23,36,23,42,0,35,0,0,0,0,1,5,1,480083,3280,2009,99999,I-45,99999999999999999999,0000000,29.61996111,-95.22094167,1,1
48,201,1,15,0,30,1,3,0,0,16,5,0,33,0,1,4,4,4,35,1,1,1,1,0,0,3,1,0,0,0,30,0,33,0,55,0,0,0,0,2,5,1,480084,3280,2009,0,DURHAM,99999999999999999999,0000000,29.814275,-95.41098056,1,1
48,53,1,19,0,50,1,7,0,0,6,4,0,1,0,1,1,1,2,99,2,1,5,1,0,0,2,1,0,0,1,31,1,44,2,6,0,0,0,0,1,2,0,480085,0,2009,0,412,99999999999999999999,0000000,30.47666667,-98.15163056,1,1
48,453,1,22,18,52,2,2,0,0,16,5,0,12,1,3,1,3,4,45,1,1,1,1,0,0,3,1,0,0,18,53,19,1,19,20,0,0,0,0,1,5,0,480086,330,2009,0,LAMAR,MORROW,0000000,30.34406111,-97.71491111,2,1
48,7,1,23,21,50,3,4,0,0,14,8,0,12,1,1,1,1,2,55,2,2,2,1,0,0,3,1,0,0,21,50,21,57,22,37,0,0,0,0,1,6,1,480087,240,2009,99999,BU35,99999999999999999999,0000000,,,3,1
48,491,1,28,2,10,1,1,0,0,16,5,0,42,0,1,4,3,4,50,1,1,2,2,0,0,3,2,0,0,88,88,88,88,88,88,0,0,0,0,1,4,0,480088,330,2009,0,LAKELINE,99999999999999999999,0000000,30.4754,-97.81496111,1,2
48,71,1,3,2,15,3,2,0,1,1,1,0,12,1,11,1,3,3,65,1,2,1,1,0,0,3,1,0,0,2,17,2,41,3,1,0,19,0,0,1,7,0,480089,9997,2009,45,I-10,SR-146,0000000,29.82166667,-94.89913056,3,1
48,85,1,3,3,40,1,1,0,0,6,4,0,32,0,1,4,1,2,45,2,2,2,2,0,0,2,1,0,0,88,88,88,88,88,88,0,0,0,0,1,7,0,480090,0,2009,0,88,99999999999999999999,0000000,33.29141389,-96.73308056,1,1
48,181,1,3,16,20,1,2,0,0,6,4,0,32,0,1,4,1,2,45,1,1,2,1,0,0,1,1,0,0,16,37,16,44,17,26,0,0,0,0,1,7,0,480091,0,2009,0,SISTERGROVE,99999999999999999999,0000000,33.45901389,-96.52399167,1,1
48,315,1,3,17,21,1,1,0,0,4,8,0,53,0,1,4,2,4,55,2,1,2,1,0,0,1,1,0,0,88,88,88,88,88,88,0,0,0,0,1,7,1,480092,0,2009,41,FM729,99999999999999999999,0000000,32.84216944,-94.62670278,1,1
48,451,1,4,23,24,1,1,0,1,12,2,0,31,0,11,4,4,2,65,1,1,2,1,0,0,3,1,0,0,88,88,88,88,88,88,0,0,0,0,1,1,0,480093,6080,2009,41,US-67,GLENNA,0000000,31.45133889,-100.4883278,1,1
48,181,1,7,3,40,1,1,0,0,4,3,0,32,0,1,4,1,2,65,1,1,2,1,0,0,2,1,0,0,88,88,88,88,88,88,0,0,0,0,1,4,0,480094,0,2009,148,SR-160,99999999999999999999,0000000,33.40458611,-96.40313611,1,1
48,507,1,7,13,5,1,2,0,0,3,2,0,27,0,1,4,1,2,70,1,1,2,1,0,0,1,1,0,0,13,18,13,36,99,99,0,0,0,0,1,4,0,480095,0,2009,202,US-83,99999999999999999999,0000000,28.866775,-99.85456389,1,1
48,135,1,8,22,40,1,2,0,1,13,3,0,57,0,1,3,3,2,55,2,2,2,1,0,0,3,1,0,0,22,40,22,42,23,0,0,0,0,0,1,5,1,480096,0,2009,14,SR-302,99999999999999999999,0000000,31.86046111,-102.4146444,1,1
48,309,1,8,6,49,3,3,0,0,14,8,0,12,4,1,1,1,2,50,1,1,2,1,0,0,4,1,0,0,7,4,7,15,7,44,0,0,0,0,1,5,0,480097,7210,2009,123,FM1637,99999999999999999999,0000000,31.62741111,-97.23245556,3,1
48,69,1,9,7,35,1,1,0,0,5,8,0,1,0,1,4,1,2,65,2,1,2,1,0,0,2,1,0,0,88,88,88,88,88,88,0,0,0,0,1,6,1,480098,0,2009,89,FM1524,99999999999999999999,0000000,34.42510556,-102.3402833,1,1
48,215,1,9,18,25,3,5,0,0,4,8,0,12,2,1,1,1,2,65,1,1,2,1,0,0,2,1,0,0,18,36,18,45,19,9,0,14,0,0,1,6,1,480099,0,2009,45,FM1925,99999999999999999999,0000000,26.32734167,-98.08754722,3,1
48,215,1,9,10,34,2,3,0,0,16,5,0,12,5,2,1,1,2,45,1,1,2,1,20,3,1,1,0,0,10,43,11,1,99,99,0,0,0,0,1,6,0,480100,1970,2009,0,DANIELSALINAS,STITES,0000000,26.15541111,-98.04543611,2,1
48,355,1,9,3,11,1,2,1,0,16,5,0,8,0,1,1,1,2,55,1,1,2,1,0,0,2,1,0,0,88,88,88,88,88,88,0,0,0,0,1,6,1,480101,1550,2009,0,RANDMORGAN,99999999999999999999,0000000,27.7858,-97.54740556,1,1
48,239,1,10,10,14,1,1,0,0,6,4,0,1,0,1,1,1,2,60,1,1,2,1,0,0,1,1,0,0,88,88,88,88,88,88,0,0,0,0,1,7,0,480102,0,2009,0,209,99999999999999999999,0000000,29.01635278,-96.40010833,1,1
48,61,1,11,13,51,2,2,0,1,13,8,0,12,4,2,1,5,5,50,1,1,2,1,0,0,1,1,0,0,13,53,13,56,99,99,0,0,0,0,2,1,0,480103,940,2009,51,FM802,ELMAR,0000000,25.94141389,-97.53548333,2,1
48,215,1,12,16,41,2,2,0,0,4,8,0,12,8,1,1,1,2,60,2,1,2,3,0,0,1,1,0,0,88,88,88,88,88,88,0,0,0,0,1,2,1,480104,7330,2009,229,FM88,99999999999999999999,0000000,26.11945278,-97.99375556,2,1
48,167,1,14,21,40,1,1,0,0,16,5,0,1,0,1,4,1,2,40,2,1,2,1,0,0,2,1,0,0,88,88,88,88,88,88,0,0,0,0,1,4,1,480105,1920,2009,0,HUGHES,99999999999999999999,0000000,29.44838333,-95.04540556,1,1
48,113,1,15,20,39,1,3,1,1,11,1,0,8,0,1,1,3,5,60,2,1,1,1,0,0,2,1,0,0,20,41,20,47,21,1,0,0,0,0,1,5,0,480106,1730,2009,209,I-35,99999999999999999999,0000000,32.81365278,-96.86535,1,1
48,309,1,15,18,34,2,2,0,1,13,2,0,12,1,3,1,5,4,45,1,1,2,1,0,0,2,1,0,0,18,37,18,39,18,55,0,0,0,0,1,5,0,480107,7210,2009,34,US-77,MADISON,0000000,31.51445,-97.12936389,2,1
48,341,1,15,14,22,1,1,0,0,4,8,0,1,0,1,4,1,2,70,1,1,2,1,0,0,1,1,0,0,14,30,14,36,16,4,0,0,0,0,1,5,0,480108,0,2009,85,FM281,99999999999999999999,0000000,36.02421667,-101.8400444,1,1
48,245,1,17,7,52,2,4,0,0,16,5,0,12,5,2,1,1,2,30,1,1,2,1,20,3,1,1,0,0,8,37,8,41,9,9,0,0,0,0,1,7,0,480109,490,2009,0,CORLEY,AVEF,0000000,30.06201944,-94.10537778,2,1
48,23,1,18,4,25,1,1,0,1,2,2,0,1,0,1,4,2,2,65,2,3,2,1,0,0,2,1,0,4,88,88,88,88,88,88,0,0,0,0,1,1,1,480110,0,2009,16,US-277,99999999999999999999,0000000,33.56142222,-99.28975556,1,1
48,113,1,18,19,44,7,9,0,1,12,3,0,12,7,1,1,3,3,60,1,2,2,1,0,0,3,1,0,0,88,88,88,88,88,88,0,0,0,0,2,1,2,480111,3420,2009,69,SR-183,99999999999999999999,0000000,32.83696944,-96.92794722,7,1
48,119,1,18,6,30,1,1,0,0,4,3,0,11,0,1,1,1,2,70,1,1,2,1,0,0,2,1,0,0,88,88,88,88,88,88,0,0,0,0,1,1,0,480112,0,2009,99999,SR-154,99999999999999999999,0000000,33.36821389,-95.653175,1,1
48,439,1,18,23,8,1,1,0,0,16,5,0,42,0,1,4,1,2,30,1,9,2,1,0,0,2,1,0,0,88,88,88,88,88,88,0,0,0,0,1,1,0,480113,260,2009,0,MITCHELL,99999999999999999999,0000000,32.725375,-97.067775,1,1
48,245,1,19,11,25,2,3,0,1,1,1,0,12,4,1,1,2,4,70,1,1,2,1,0,0,1,1,0,0,11,33,11,47,12,6,0,0,0,0,2,2,0,480114,0,2009,78,I-10,99999999999999999999,0000000,29.93696111,-94.26198333,2,1
48,157,1,20,14,44,1,5,0,1,12,2,0,5,0,1,1,3,3,55,1,1,1,1,0,0,1,1,0,1,14,47,14,57,15,19,0,0,0,0,1,3,0,480115,6660,2009,99999,US-59,99999999999999999999,0000000,29.56551389,-95.672275,1,1
48,203,1,20,20,40,1,2,0,0,4,8,0,42,0,1,4,1,2,60,2,3,2,1,0,0,2,1,0,0,88,88,88,88,88,88,0,0,0,0,2,3,0,480116,3032,2009,58,FM2208,99999999999999999999,0000000,32.66644167,-94.55178889,1,1
48,199,1,21,11,50,2,3,0,0,3,8,0,12,2,1,1,1,2,60,1,1,2,1,0,0,1,1,0,0,11,58,12,24,12,45,0,0,0,0,1,4,0,480117,0,2009,73,FM770,99999999999999999999,0000000,30.30333611,-94.45210278,2,1
48,303,1,21,4,15,1,1,0,0,6,4,0,1,0,1,4,1,2,60,1,1,2,1,0,0,2,1,0,0,88,88,88,88,88,88,0,0,0,0,1,4,1,480118,0,2009,0,6700,99999999999999999999,0000000,33.57824167,-101.7510056,1,1
48,113,1,22,22,0,1,3,0,0,16,5,0,33,0,3,4,1,2,35,1,2,1,1,0,0,3,1,0,0,22,2,22,7,22,52,0,0,0,0,1,5,1,480119,2590,2009,0,SATURN,BRIARWOOD,0000000,32.88805,-96.64820556,1,1
48,401,1,22,10,30,4,7,0,0,3,3,0,12,1,2,1,1,4,70,1,1,2,1,0,0,1,1,0,0,10,32,10,38,99,99,0,0,0,0,1,5,0,480120,0,2009,24,SR-149,2192,0000000,32.34194722,-94.56473333,4,1
48,485,1,22,3,18,1,1,0,0,16,5,0,29,0,1,1,2,2,40,1,1,2,1,0,0,3,1,0,0,88,88,88,88,88,88,0,0,0,0,1,5,1,480121,7490,2009,0,9TH,99999999999999999999,0000000,33.90385556,-98.51165278,1,1
48,71,1,24,2,30,1,1,0,1,13,3,0,18,0,1,4,2,2,60,2,1,1,1,0,0,6,1,0,0,88,88,88,88,88,88,0,0,0,0,1,7,0,480122,9997,2009,60,SR-146,99999999999999999999,0000000,29.80035,-94.90475833,1,1
48,479,1,24,17,33,4,19,0,0,16,5,0,12,5,2,1,1,2,30,1,1,2,1,3,3,1,1,0,0,17,34,17,41,18,1,0,20,0,0,1,7,0,480124,3899,2009,0,MATAMOROS,SANTAMARIA,0000000,27.50638333,-99.51038056,4,1
48,505,1,24,4,18,1,1,0,1,2,2,0,52,0,1,4,1,2,65,1,2,2,1,0,0,2,1,0,0,4,18,4,20,5,26,0,0,0,0,1,7,0,480125,0,2009,257,US-83,99999999999999999999,0000000,26.94999444,-99.33561111,1,1
48,37,1,25,17,25,2,3,0,1,2,2,0,12,2,1,1,1,2,55,1,1,2,1,0,0,1,1,0,0,17,36,17,48,18,34,0,0,0,0,1,1,0,480126,0,2009,59,US-82,99999999999999999999,0000000,33.49408056,-94.54236389,2,1
48,113,1,25,17,44,1,1,0,1,13,3,0,30,0,1,4,2,6,45,2,1,2,1,0,0,5,1,0,0,17,46,17,50,18,6,0,0,0,0,1,1,1,480127,1730,2009,287,SR-12,99999999999999999999,0000000,32.85438056,-96.73763056,1,1
48,203,1,25,2,38,1,1,0,0,4,3,0,53,0,1,4,1,2,60,2,2,2,1,40,3,2,1,0,0,88,88,88,88,88,88,0,0,0,0,1,1,1,480128,0,2009,70,SR-43,99999999999999999999,0000000,32.61296111,-94.22002222,1,1
48,309,1,25,0,50,1,1,0,0,16,5,0,26,0,6,4,1,2,30,2,1,2,1,70,3,2,1,0,0,1,10,1,15,88,88,0,0,0,0,1,1,1,480129,7210,2009,0,KENDALL,99999999999999999999,9999999,31.5666,-97.09756389,1,1
48,309,1,25,20,33,2,3,0,0,16,5,0,12,5,2,1,1,4,30,1,1,2,1,20,3,2,1,0,0,20,36,20,40,88,88,0,0,0,0,1,1,0,480130,7210,2009,0,SANGER,60TH,0000000,31.52289167,-97.19254167,2,1
48,341,1,25,0,40,1,3,0,1,2,2,0,1,0,1,4,2,4,65,1,1,2,1,0,0,2,1,0,0,0,40,0,56,2,2,0,0,0,0,1,1,0,480131,0,2009,101,US-87,99999999999999999999,0000000,35.748725,-101.9644222,1,1
48,361,1,25,1,3,1,2,0,0,4,8,0,27,0,1,4,1,2,55,2,1,2,1,40,3,2,1,0,0,1,4,1,17,99,99,0,0,0,0,1,1,0,480132,5100,2009,311,FM1130,99999999999999999999,0000000,30.15522222,-93.76101389,1,1
48,423,1,26,6,30,2,3,0,0,3,3,0,12,5,8,1,5,4,55,1,2,2,2,0,0,2,5,0,0,88,88,88,88,88,88,0,0,0,0,1,2,0,480133,0,2009,135,SR-155,99999999999999999999,0000000,32.29449722,-95.34811111,2,5
48,487,1,26,9,44,2,4,1,1,2,2,0,14,11,1,2,1,2,70,1,3,1,4,0,0,1,3,0,0,9,38,9,41,9,50,0,0,0,0,1,2,0,480134,0,2009,154,US-287,99999999999999999999,0000000,34.21861667,-99.39536944,1,3
48,19,1,27,5,30,1,1,0,0,3,8,0,1,0,1,4,1,2,65,2,1,2,2,0,0,2,2,0,0,88,88,88,88,88,88,0,0,0,0,1,3,1,480135,0,2009,97,FM16,99999999999999999999,0000000,29.74171389,-99.14367222,1,2