STATE,COUNTY,MONTH,DAY,HOUR,MINUTE,VE_TOTAL,PERSONS,PEDS,NHS,ROAD_FNC,ROUTE,SP_JUR,HARM_EV,MAN_COLL,REL_JUNC,REL_ROAD,TRAF_FLO,NO_LANES,SP_LIMIT,ALIGNMNT,PROFILE,PAVE_TYP,SUR_COND,TRA_CONT,T_CONT_F,LGT_COND,WEATHER1,WEATHER2,WRK_ZONE,NOT_HOUR,NOT_MIN,ARR_HOUR,ARR_MIN,HOSP_HR,HOSP_MN,SCH_BUS,CF1,CF2,CF3,FATALS,DAY_WEEK,DRUNK_DR,ST_CASE,CITY,YEAR,MILEPT,TWAY_ID,TWAY_ID2,RAIL,LATITUDE,LONGITUD,VE_FORMS,WEATHER
48,113,1,27,6,55,1,2,1,0,16,5,0,9,0,8,1,2,3,45,1,1,1,2,0,0,3,2,0,0,6,55,6,58,7,49,0,0,0,0,1,3,0,480136,2590,2009,0,BELTLINE,99999999999999999999,0000000,32.94537222,-96.66136389,1,2
48,227,1,27,16,55,2,2,0,1,1,1,0,1,0,1,3,2,2,70,1,2,2,4,0,0,1,2,0,0,17,1,17,5,17,13,0,0,0,0,1,3,0,480137,640,2009,219,I-20,99999999999999999999,0000000,32.24473056,-101.5173194,2,2
48,329,1,27,8,1,5,5,0,1,1,1,0,12,2,1,1,2,2,70,1,1,2,4,0,0,1,1,0,0,8,2,8,27,8,49,0,0,0,0,1,3,0,480138,0,2009,60,I-20,99999999999999999999,0000000,31.91905556,-102.2009194,5,1
48,439,1,27,20,1,1,2,1,0,16,5,0,8,0,1,1,5,6,40,1,1,1,2,0,0,3,2,0,0,88,88,88,88,88,88,0,0,0,0,1,3,0,480139,260,2009,0,COLLINS,99999999999999999999,0000000,32.732275,-97.09733889,1,2
48,439,1,27,14,30,1,1,0,1,11,7,0,33,0,5,4,4,2,40,1,1,2,1,0,0,1,1,0,0,88,88,88,88,88,88,0,0,0,0,1,3,0,480140,2450,2009,314,I-820,99999999999999999999,0000000,32.73653333,-97.22464722,1,1
48,241,1,28,21,7,2,3,0,1,2,2,0,12,1,1,1,1,2,65,1,1,1,1,0,0,2,1,0,0,21,24,21,56,22,27,0,0,0,0,1,4,1,480141,0,2009,21,US-96,99999999999999999999,0000000,30.62299444,-93.90624167,2,1
48,29,1,30,1,39,1,1,0,1,11,1,0,50,0,11,4,2,2,99,1,2,2,1,0,0,3,1,0,0,2,19,2,50,88,88,0,0,0,0,1,6,1,480143,6090,2009,43,I-10,SL1604,0000000,29.59063889,-98.59873889,1,1
48,135,1,30,22,23,3,5,0,1,13,2,0,12,1,3,1,2,4,35,1,3,2,1,3,3,3,1,0,0,22,25,22,30,99,99,0,0,0,0,1,6,1,480144,5030,2009,224,US-385,BI20E,0000000,31.84559167,-102.3675583,3,1
48,29,1,31,15,47,2,3,0,0,3,3,0,12,5,2,1,2,2,60,1,1,2,1,20,3,1,1,0,0,15,46,16,3,16,40,0,0,0,0,1,7,0,480145,6090,2009,48,SR-16,ZARZAMORA,0000000,29.29261111,-98.55791944,2,1
48,79,1,31,18,45,1,1,0,0,4,3,0,1,0,1,4,1,2,65,1,1,2,1,0,0,2,1,0,0,88,88,88,88,88,88,0,0,0,0,1,7,1,480146,0,2009,33,SR-125,99999999999999999999,0000000,33.60475556,-103.0336472,1,1
48,439,1,31,2,20,1,2,0,0,16,5,0,33,0,3,3,2,2,45,1,1,1,1,0,0,3,1,0,0,2,20,2,27,2,59,0,0,0,0,1,7,1,480147,260,2009,0,COLLINS,MAYFIELD,0000000,32.69163333,-97.09776944,1,1
48,201,1,1,2,44,2,2,0,1,11,1,0,20,0,5,8,6,1,60,1,2,1,1,98,9,3,1,0,0,88,88,88,88,88,88,0,0,0,0,1,5,1,480148,530,2009,328,I-610,99999999999999999999,0000000,29.71029444,-95.46025,2,1
48,201,1,19,18,0,3,3,0,1,13,8,0,12,1,1,1,2,4,65,1,2,1,1,0,0,1,1,0,0,18,10,18,18,99,99,0,0,0,0,1,2,0,480150,0,2009,184,SL8,99999999999999999999,0000000,29.88000556,-95.54893611,3,1
48,201,1,27,4,35,2,2,0,0,16,5,0,12,5,2,1,2,3,35,1,1,1,1,3,3,3,1,0,0,88,88,88,88,88,88,0,0,0,0,1,3,0,480151,3280,2009,0,BEECHNUT,GESSNER,0000000,29.69113333,-95.53510278,2,1
48,201,1,28,18,35,1,2,1,0,16,5,0,8,0,3,1,2,3,40,1,1,1,1,0,0,3,1,0,0,18,38,18,41,19,5,0,0,0,0,1,4,0,480152,3280,2009,0,BAYAREA,MOONROCK,0000000,29.57547222,-95.10793056,1,1
48,201,1,28,4,40,2,3,0,0,14,8,0,12,5,8,1,1,2,45,1,1,1,2,0,0,2,1,0,0,4,45,4,55,5,38,0,0,0,0,1,4,0,480153,3280,2009,26,FM1960A,99999999999999999999,0000000,30.00151667,-95.28586944,2,1
48,201,1,29,0,45,1,2,0,1,11,1,0,26,0,13,8,6,1,40,2,1,1,1,0,0,3,1,0,0,1,2,1,4,4,17,0,0,0,0,1,5,1,480154,3280,2009,90,I-45RAMP,99999999999999999999,0000000,29.60721667,-95.20411389,1,1
48,497,1,29,14,39,3,4,0,1,2,2,0,12,5,8,1,1,2,45,1,1,2,1,0,0,1,1,0,0,14,38,14,41,15,0,0,0,0,0,1,5,0,480155,890,2009,0,US-380,99999999999999999999,0000000,33.22063056,-97.77759167,3,1
48,145,1,1,15,53,1,2,0,0,3,3,0,30,0,1,4,1,2,70,1,1,2,1,0,0,1,1,0,0,88,88,88,88,88,88,0,0,0,0,1,5,0,480156,0,2009,27,SR-14,99999999999999999999,0000000,31.24237222,-96.64466111,1,1
48,29,1,2,1,7,1,2,0,0,4,8,0,24,0,1,4,1,2,65,1,1,2,1,0,0,2,1,0,0,1,8,1,15,2,26,0,0,0,0,1,6,0,480157,0,2009,202,LP1604,99999999999999999999,0000000,29.22259444,-98.35565278,1,1
48,61,1,4,6,8,1,2,1,0,16,5,0,8,0,1,1,1,4,55,1,1,2,1,0,0,2,1,0,0,88,88,88,88,88,88,0,0,0,0,1,1,0,480158,3030,2009,0,HARRISON,99999999999999999999,0000000,26.19081944,-97.6356,1,1
48,457,1,4,18,10,1,2,0,0,6,4,0,35,0,1,4,1,2,30,1,2,5,1,0,0,2,1,0,0,18,23,18,47,19,43,0,0,0,0,1,1,1,480159,0,2009,0,4890,99999999999999999999,0000000,30.54404167,-94.24225278,1,1
48,265,1,9,18,19,1,1,0,0,5,8,0,1,0,1,1,1,2,30,2,3,2,1,0,0,1,1,0,0,18,38,18,52,99,99,0,0,0,0,1,6,0,480160,0,2009,0,FM1273,99999999999999999999,0000000,29.984625,-99.23439722,1,1
48,141,1,10,17,21,2,3,0,1,13,3,0,12,4,2,1,5,4,40,1,1,1,1,3,3,3,1,0,0,17,42,17,48,18,17,0,0,0,0,1,7,0,480161,2190,2009,281,SR-20,MIDWAY,0000000,31.73461111,-106.3686194,2,1
48,339,1,10,11,40,2,7,0,1,2,3,0,12,5,2,1,2,9,65,1,2,1,1,0,0,1,1,0,0,11,43,11,55,12,14,0,0,0,0,5,7,0,480162,0,2009,345,SR-249,PATRIDGE,0000000,30.1494,-95.66316389,2,1
48,29,1,11,18,24,2,3,0,0,4,8,0,12,2,1,1,1,2,65,1,1,1,1,0,0,2,1,0,0,18,45,18,57,19,43,0,0,0,0,1,1,1,480163,0,2009,157,SL1604,99999999999999999999,0000000,29.27823056,-98.29488611,2,1
48,309,1,11,3,44,1,3,0,1,1,1,0,1,0,1,10,3,2,65,1,1,2,1,0,0,2,1,0,0,88,88,88,88,88,88,0,0,0,0,1,1,1,480164,0,2009,6,I-35,99999999999999999999,0000000,31.84525,-97.08751389,1,1
48,339,1,11,16,20,2,4,0,1,2,3,0,12,3,1,1,2,4,60,1,1,1,1,0,0,1,1,0,0,16,27,16,55,17,28,0,0,0,0,1,1,0,480165,0,2009,99,SR-105,99999999999999999999,0000000,30.38222222,-95.65134444,2,1
48,473,1,14,13,29,1,1,0,1,1,1,0,25,0,1,3,3,2,65,1,1,2,1,0,0,1,1,0,0,88,88,88,88,88,88,0,0,0,0,1,4,0,480166,0,2009,53,I-10,99999999999999999999,0000000,29.778925,-95.94978333,1,1
48,309,1,16,20,45,1,1,0,0,4,8,0,5,0,1,1,1,2,65,1,1,2,1,0,0,2,1,0,0,20,52,21,19,21,50,0,0,0,0,1,6,1,480167,0,2009,109,FM434,99999999999999999999,0000000,31.42209444,-97.06049722,1,1
48,339,1,17,18,20,5,10,1,1,1,1,0,12,1,1,1,3,2,65,2,2,2,1,0,0,2,1,0,0,19,10,19,31,20,8,0,23,0,0,1,7,0,480168,0,2009,209,I-45,99999999999999999999,0000000,30.47075833,-95.49633333,5,1
48,1,1,18,22,57,1,4,0,0,4,8,0,5,0,1,1,1,2,60,1,1,2,1,0,0,2,1,0,0,22,57,23,14,23,24,0,0,0,0,1,1,0,480169,0,2009,100,FM2419,99999999999999999999,0000000,31.70259444,-95.57538611,1,1
48,481,1,20,12,38,2,2,0,0,4,8,0,12,1,3,1,3,2,55,1,1,2,1,0,0,1,1,0,0,88,88,88,88,88,88,0,0,0,0,1,3,0,480170,0,2009,394,LP183,448,0000000,29.28503333,-96.12541389,2,1
48,497,1,21,6,52,1,1,0,1,2,2,0,1,0,1,4,2,2,65,1,1,2,1,0,0,2,1,0,0,88,88,88,88,88,88,0,0,0,0,1,4,0,480171,1780,2009,22,US-81,99999999999999999999,0000000,33.20975278,-97.57464444,1,1
48,47,1,22,17,28,1,1,0,1,2,2,0,42,0,1,3,2,2,70,1,1,2,1,0,0,1,1,0,0,88,88,88,88,88,88,0,0,0,0,1,5,0,480172,0,2009,145,US-281,99999999999999999999,0000000,26.99246389,-98.13638333,1,1
48,339,1,22,10,38,3,5,0,0,4,8,0,12,8,1,1,1,2,60,2,1,2,1,0,0,1,1,0,0,10,40,10,44,11,55,0,0,0,0,3,5,0,480173,0,2009,155,FM3083,99999999999999999999,0000000,30.26842778,-95.35042778,3,1
48,15,1,23,21,48,1,1,0,0,4,8,0,1,0,1,4,1,2,60,2,2,2,1,0,0,2,1,0,0,88,88,88,88,88,88,0,0,0,0,1,6,1,480174,0,2009,44,FM1094,99999999999999999999,0000000,29.88814722,-96.42089722,1,1
48,355,1,23,3,28,1,2,0,0,6,5,0,5,0,1,1,1,2,30,1,1,2,1,0,0,2,1,0,0,3,43,3,50,88,88,0,0,0,0,1,6,0,480175,0,2009,0,MEADOWBROOK,99999999999999999999,0000000,27.57383889,-97.79654722,1,1
48,203,1,24,20,19,1,2,1,1,2,2,0,8,0,3,1,2,3,40,1,1,2,1,0,0,3,1,0,0,88,88,88,88,88,88,0,0,0,0,1,7,0,480176,4360,2009,22,US-59,TRAVIS,0000000,32.54135278,-94.34944722,1,1
48,1,1,25,13,35,2,3,0,1,2,2,0,12,3,4,2,1,2,70,1,1,2,1,0,0,1,1,0,0,88,88,88,88,88,88,0,0,0,0,1,1,0,480177,0,2009,99,US-79,99999999999999999999,0000000,31.67270833,-95.74892222,2,1
48,331,1,25,20,25,1,3,0,1,2,2,0,1,0,1,1,1,2,65,2,1,2,1,0,0,3,1,0,0,20,31,21,5,21,37,0,0,0,0,2,1,1,480178,0,2009,54,US-36,99999999999999999999,0000000,30.64675556,-96.80683333,1,1
48,437,1,26,20,40,1,3,0,1,1,1,0,1,0,1,3,2,2,65,1,1,1,4,0,0,2,3,0,0,88,88,88,88,88,88,0,0,0,0,1,2,0,480179,0,2009,81,I-27,99999999999999999999,0000000,34.41923611,-101.7770472,1,3
48,439,1,26,3,55,2,2,0,1,11,1,0,12,1,1,1,2,9,60,1,1,1,1,0,0,2,1,0,0,88,88,88,88,88,88,0,0,0,0,1,2,0,480180,2450,2009,46,I-820,99999999999999999999,0000000,32.744025,-97.48124722,2,1
48,157,1,27,3,38,1,2,1,0,15,8,0,9,0,1,1,1,2,55,1,1,1,1,0,0,2,1,0,0,88,88,88,88,88,88,0,0,0,0,1,3,0,480181,0,2009,29,FM762,99999999999999999999,0000000,29.55486389,-95.75371389,1,1
48,201,1,27,5,22,2,2,0,0,16,5,0,13,8,1,1,2,2,35,2,1,1,2,0,0,3,1,0,0,88,88,88,88,88,88,0,20,0,0,2,3,1,480182,3280,2009,0,HARWIN,99999999999999999999,0000000,29.715225,-95.576525,2,1
48,37,1,28,5,5,2,2,0,1,2,2,0,14,5,1,2,2,2,65,1,1,2,4,0,0,2,1,0,0,5,21,5,34,6,19,0,23,0,0,1,4,0,480183,0,2009,0,US-59,99999999999999999999,0000000,33.30465278,-94.15184444,1,1
48,339,1,29,22,5,2,3,0,0,5,8,0,12,1,1,1,1,2,60,1,1,2,1,0,0,2,1,0,0,22,24,22,51,23,23,0,0,0,0,1,5,0,480184,0,2009,145,FM1486,99999999999999999999,0000000,30.25161667,-95.77061111,2,1
48,423,1,29,7,25,2,2,0,0,3,3,0,12,2,1,1,1,2,70,1,2,2,1,0,0,1,5,0,0,7,37,7,48,8,45,0,0,0,0,1,5,0,480185,0,2009,1,SR-64,99999999999999999999,0000000,32.37390556,-95.47220556,2,5
48,113,1,30,23,6,3,5,0,1,13,3,0,12,1,3,1,2,4,45,1,1,2,1,3,3,3,1,0,0,23,7,23,12,23,41,0,0,0,0,1,6,1,480186,2800,2009,0,SR-180,23RD,0000000,32.73979722,-97.03530556,3,1
48,149,1,30,22,30,2,3,0,0,3,2,0,12,2,1,1,1,2,65,1,1,2,1,0,0,2,1,0,0,22,36,22,49,0,3,0,0,0,0,1,6,1,480187,0,2009,115,US-77,99999999999999999999,0000000,29.96357778,-96.87762222,2,1
48,73,1,31,13,54,2,2,0,0,5,8,0,12,4,4,1,1,2,55,1,3,2,1,0,0,1,1,0,0,88,88,88,88,88,88,0,0,0,0,1,7,0,480188,0,2009,24,FM768,99999999999999999999,0000000,31.87210833,-95.14519444,2,1
48,187,1,9,19,59,3,4,0,0,3,3,0,12,1,3,1,1,4,65,1,2,2,1,4,3,2,1,0,0,20,8,20,15,20,38,0,0,0,0,1,6,0,480189,0,2009,16,SR-123,RIDGE,0000000,29.78272778,-97.94686667,3,1
48,217,1,7,17,17,4,7,0,0,3,3,0,12,1,8,1,1,2,70,1,1,2,1,0,0,5,1,0,0,17,22,17,41,18,17,0,0,0,0,1,4,0,480191,0,2009,85,SR-22,99999999999999999999,0000000,31.96296944,-97.2954,4,1
48,319,1,13,17,55,1,1,0,0,3,2,0,42,0,1,4,1,2,70,1,1,2,1,0,0,5,1,0,0,17,59,18,9,88,88,0,0,0,0,1,3,0,480192,0,2009,33,US-377,99999999999999999999,0000000,30.76987222,-99.27948611,1,1
48,201,1,21,18,43,1,2,1,0,16,5,0,8,0,1,1,2,2,35,1,1,1,1,0,0,2,1,0,0,18,43,18,50,19,28,0,0,0,0,1,4,0,480193,3280,2009,0,EDGEBROOK,99999999999999999999,0000000,29.64395278,-95.23789167,1,1
48,27,1,24,15,40,2,3,0,0,5,8,0,23,0,1,4,1,2,60,1,1,2,1,0,0,1,1,0,0,15,55,16,1,16,33,0,0,0,0,1,7,1,480194,0,2009,40,FM1123,99999999999999999999,0000000,30.98991389,-97.44508611,2,1
48,309,1,25,12,20,1,1,0,1,11,1,0,1,0,1,10,3,2,70,1,1,2,1,0,0,1,1,0,0,88,88,88,88,88,88,0,0,0,0,1,1,1,480195,0,2009,82,I-35,99999999999999999999,0000000,31.46213611,-97.16986667,1,1
48,91,1,28,7,5,2,2,0,0,3,2,0,24,0,1,4,2,2,65,1,1,2,4,0,0,1,1,0,0,88,88,88,88,88,88,0,0,0,0,1,4,0,480196,0,2009,306,US-281,99999999999999999999,0000000,29.71941111,-98.44395833,2,1
48,113,1,28,10,30,1,1,0,0,16,5,0,42,0,1,3,2,3,35,2,1,1,4,0,0,1,1,0,0,10,34,10,42,11,18,0,0,0,0,1,4,0,480197,3420,2009,0,REGENT,99999999999999999999,0000000,32.91879167,-96.98232778,1,1
48,13,1,30,6,30,1,1,0,1,1,1,0,42,0,1,3,2,2,65,1,1,2,1,0,0,2,1,0,0,88,88,88,88,88,88,0,0,0,0,1,6,0,480198,0,2009,60,I-37,99999999999999999999,0000000,28.93628056,-98.43574167,1,1
48,51,2,1,3,45,1,1,0,0,6,4,0,42,0,1,4,1,2,45,1,1,2,1,0,0,2,1,0,0,88,88,88,88,88,88,0,0,0,0,1,1,1,480199,0,2009,0,423,99999999999999999999,0000000,30.37505833,-96.52465556,1,1
48,75,2,1,3,45,1,1,0,0,4,8,0,1,0,3,8,1,2,65,2,2,2,1,40,9,2,1,0,0,6,25,6,40,99,99,0,0,0,0,1,1,1,480200,0,2009,89,FM2042,FM1282,0000000,34.40643056,-100.3935806,1,1
48,85,2,1,14,55,1,1,0,0,16,5,0,33,0,1,4,2,3,45,2,1,1,1,0,0,1,1,0,0,14,55,15,8,15,25,0,0,0,0,1,1,0,480201,5390,2009,0,PLANO,99999999999999999999,0000000,33.00711667,-96.66883056,1,1
48,109,2,1,0,40,1,2,0,1,1,1,0,1,0,1,3,2,2,65,1,1,2,1,0,0,2,1,0,0,0,44,1,5,99,99,0,20,0,0,1,1,1,480202,0,2009,2,I-10,99999999999999999999,0000000,31.05186667,-104.6282111,1,1
48,201,2,1,23,0,1,1,0,1,12,2,0,21,0,1,10,3,4,65,1,1,8,1,0,0,3,1,0,0,23,2,23,6,23,46,0,0,0,0,1,1,0,480203,3280,2009,42,US-59,99999999999999999999,0000000,29.93799167,-95.29682778,1,1
48,201,2,1,3,31,1,1,0,0,16,5,0,33,0,1,4,3,3,45,2,1,1,1,0,0,3,1,0,0,88,88,88,88,88,88,0,0,0,0,1,1,1,480204,3280,2009,0,MEMORIAL,99999999999999999999,0000000,29.76413611,-95.39635833,1,1
48,451,2,1,22,18,3,2,0,0,16,5,0,1,0,1,1,1,4,30,1,1,2,1,0,0,3,1,0,0,99,99,22,24,22,32,0,0,0,0,1,1,1,480205,6080,2009,0,CHADBOURNE,99999999999999999999,0000000,31.45501111,-100.434525,1,1
48,157,2,2,17,15,1,1,0,0,16,5,0,1,0,1,4,1,2,40,1,1,2,1,0,0,1,1,0,0,17,24,17,30,17,59,0,0,0,0,1,2,0,480206,6568,2009,0,PIKE,99999999999999999999,0000000,29.62495,-95.54553333,1,1
48,217,2,2,15,6,1,1,0,0,4,8,0,1,0,1,1,1,2,60,2,2,2,1,0,0,1,1,0,0,15,28,15,47,16,30,0,0,0,0,1,2,0,480207,0,2009,96,FM67,99999999999999999999,0000000,32.16590556,-97.28485833,1,1
48,113,2,3,19,43,1,1,0,0,16,5,0,43,0,1,4,1,2,30,1,1,1,1,0,0,3,1,0,0,19,45,19,48,99,99,0,0,0,0,1,3,1,480208,1730,2009,0,CARROLL,99999999999999999999,0000000,32.79808056,-96.77510833,1,1
48,355,2,3,22,48,2,3,0,1,12,7,0,12,1,1,1,4,2,50,1,1,2,1,0,0,3,1,0,0,22,49,22,59,23,4,0,0,0,0,1,3,0,480209,1550,2009,85,SR-358,99999999999999999999,0000000,27.69800556,-97.35132778,2,1
48,375,2,3,6,20,1,1,0,1,13,2,0,43,0,1,4,2,4,55,1,1,2,1,0,0,2,1,0,0,6,28,6,35,6,59,0,0,0,0,1,3,0,480210,150,2009,137,US-60,99999999999999999999,0000000,35.22196667,-101.7648333,1,1
48,453,2,3,6,43,1,1,0,0,16,5,0,33,0,1,3,2,4,50,2,1,1,1,0,0,4,1,0,0,88,88,88,88,88,88,0,0,0,0,1,3,0,480211,330,2009,0,MCCALLEN,99999999999999999999,0000000,30.41207778,-97.66379444,1,1
48,29,2,4,19,10,1,3,1,1,11,7,0,8,0,1,1,4,2,65,1,1,2,1,0,0,2,1,0,0,88,88,88,88,88,88,0,0,0,0,1,4,0,480212,6090,2009,321,LP410,99999999999999999999,0000000,29.45551667,-98.40470833,1,1
48,73,2,4,6,38,1,1,0,1,2,2,0,1,0,1,4,2,2,70,1,1,2,1,0,0,4,1,0,0,6,54,7,34,8,16,0,0,0,0,1,4,0,480213,0,2009,333,US-69,99999999999999999999,0000000,31.82525278,-95.169425,1,1
48,215,2,4,20,21,2,3,0,1,13,8,0,12,4,4,1,5,4,45,1,1,2,1,0,0,3,1,0,0,20,22,20,31,20,54,0,0,0,0,1,4,0,480214,5330,2009,10,FM3461,99999999999999999999,0000000,26.23530833,-98.19255,2,1
48,409,2,4,22,0,1,1,0,0,3,2,0,1,0,1,4,2,2,65,1,1,2,1,0,0,3,1,0,0,22,4,22,8,99,99,0,0,0,0,1,4,1,480215,0,2009,180,US-181,99999999999999999999,0000000,27.95186667,-97.34604167,1,1
48,467,2,4,20,0,1,4,0,0,6,4,0,1,0,1,4,1,2,55,2,2,2,1,0,0,2,1,0,0,20,4,20,18,21,24,0,0,0,0,2,4,1,480216,0,2009,0,4614,99999999999999999999,0000000,32.43373056,-95.63701944,1,1
48,405,2,5,15,15,2,2,0,0,3,3,0,12,3,1,1,1,2,70,1,1,2,1,0,0,1,1,0,0,15,21,15,29,15,56,0,0,0,0,1,5,0,480217,0,2009,25,SR-147,99999999999999999999,0000000,31.50523056,-94.13126944,2,1
48,469,2,5,2,43,1,5,0,0,16,5,0,1,0,1,4,1,2,40,1,1,2,1,0,0,2,1,0,0,88,88,88,88,88,88,0,0,0,0,2,5,1,480218,7190,2009,0,BENJORDAN,99999999999999999999,0000000,28.83762778,-96.97691667,1,1
48,479,2,5,6,4,2,3,0,1,11,7,0,12,5,2,1,4,3,30,1,1,2,1,3,3,3,1,0,0,6,4,6,9,6,28,0,0,0,0,1,5,1,480219,3899,2009,16,I-35,PARK,0000000,27.51709167,-99.50263333,2,1
48,113,2,6,20,37,1,1,0,1,12,3,0,29,0,1,3,2,3,60,1,1,2,1,0,0,2,1,0,0,88,88,88,88,88,88,0,0,0,0,1,6,1,480220,3420,2009,26,SR-114,99999999999999999999,0000000,32.85483333,-96.92685833,1,1
48,345,2,6,17,25,1,4,0,0,4,8,0,1,0,1,4,1,2,70,1,1,2,1,0,0,1,1,0,0,88,88,88,88,88,88,0,0,0,0,1,6,0,480222,0,2009,2,FM599,99999999999999999999,0000000,34.30957222,-100.9897944,1,1
48,439,2,6,2,59,1,1,0,0,16,5,0,1,0,1,4,1,4,40,1,1,2,1,0,0,3,1,0,0,88,88,88,88,88,88,0,20,0,0,1,6,1,480223,260,2009,0,FIELDER,99999999999999999999,0000000,32.74406111,-97.1318,1,1
48,465,2,6,21,56,1,3,0,0,16,5,0,43,0,1,4,1,2,99,2,2,2,1,0,0,3,1,0,0,21,52,22,1,22,41,0,0,0,0,1,6,1,480224,1820,2009,0,BAJA,99999999999999999999,0000000,29.37274167,-100.9493028,1,1
48,39,2,7,1,39,1,2,0,1,12,7,0,37,0,3,4,1,2,99,1,1,2,1,0,0,3,1,0,0,88,88,88,88,88,88,0,0,0,0,1,7,1,480225,1395,2009,128,SR-332,MAIN,0000000,29.01011944,-95.40444167,1,1
48,67,2,7,2,45,1,1,0,0,4,8,0,27,0,1,4,1,2,65,1,1,2,1,0,0,2,1,0,0,88,88,88,88,88,88,0,0,0,0,1,7,1,480226,0,2009,99,FM3129,99999999999999999999,0000000,33.18150833,-94.07193611,1,1
48,135,2,7,1,55,1,1,0,0,16,5,0,1,0,1,4,5,4,40,1,1,2,1,0,0,3,1,0,0,1,58,2,1,2,16,0,0,0,0,1,7,1,480227,5030,2009,0,UNIVERSITY,99999999999999999999,0000000,31.86565833,-102.3928889,1,1
48,147,2,7,15,13,1,1,0,0,3,3,0,27,0,1,4,5,2,50,2,2,9,1,0,0,1,1,0,0,15,14,15,18,15,44,0,0,0,0,1,7,0,480228,760,2009,50,SR-121,99999999999999999999,0000000,33.57138333,-96.19730833,1,1
48,157,2,7,5,18,2,2,0,0,3,8,0,12,2,1,1,1,2,55,1,1,2,1,0,0,2,1,0,0,5,25,5,41,6,1,0,0,0,0,1,7,1,480229,0,2009,63,FM521,99999999999999999999,0000000,29.57453889,-95.43454167,2,1
48,453,2,7,16,23,3,6,0,1,12,8,0,13,2,1,1,2,3,65,1,1,1,1,0,0,1,1,0,0,16,23,16,27,16,56,0,0,0,0,1,7,0,480230,330,2009,171,SL1,99999999999999999999,0000000,30.256675,-97.80130278,3,1
48,291,2,8,17,41,3,6,0,1,2,3,0,12,8,1,1,1,2,60,1,1,2,1,0,0,1,1,0,0,17,53,18,13,99,99,0,0,0,0,1,1,0,480232,0,2009,55,SR-105,99999999999999999999,0000000,30.32189722,-94.98933889,3,1
48,361,2,8,19,40,1,1,0,0,4,8,0,32,0,1,4,1,2,55,2,2,2,1,0,0,2,1,0,0,19,40,19,45,99,99,0,0,0,0,1,1,0,480233,5100,2009,304,FM1130,99999999999999999999,0000000,30.16687222,-93.77165833,1,1
48,497,2,8,12,15,1,5,0,0,5,8,0,1,0,1,4,1,2,55,2,1,2,1,0,0,1,1,0,0,12,18,12,27,13,11,0,0,0,0,1,1,0,480234,0,2009,40,FM2952,99999999999999999999,0000000,33.25810278,-97.84133056,1,1
48,61,2,9,15,58,1,2,1,1,13,3,0,8,0,3,1,5,4,35,1,1,2,1,3,3,1,1,0,0,88,88,88,88,88,88,0,0,0,0,1,2,0,480235,940,2009,58,SR-48,FM802,0000000,25.94349722,-97.42808889,1,1
48,121,2,9,19,30,1,2,1,0,14,8,0,8,0,1,1,2,3,40,1,1,1,1,0,0,2,1,0,0,19,34,19,48,20,7,0,0,0,0,1,2,0,480236,3960,2009,219,FM1171,99999999999999999999,0000000,33.04429722,-97.01490556,1,1
48,211,2,9,7,0,2,2,0,1,2,2,0,12,5,2,1,2,2,70,1,1,2,1,20,3,2,1,0,0,88,88,88,88,88,88,0,0,0,0,1,2,0,480237,0,2009,221,US-83,SR-33,0000000,35.80618889,-100.3986028,2,1
48,257,2,10,16,54,2,2,0,1,13,3,0,12,5,1,1,2,2,45,1,3,2,2,0,0,1,1,0,0,16,57,17,1,18,3,0,0,0,0,1,3,1,480238,3590,2009,28,SR-34,99999999999999999999,0000000,32.56675833,-96.31958056,2,1
48,341,2,10,22,30,2,3,0,1,2,2,0,12,2,1,1,1,2,65,1,1,2,1,0,0,2,1,0,0,88,88,88,88,88,88,0,0,0,0,1,3,0,480239,0,2009,52,US-87,99999999999999999999,0000000,35.86604722,-102.0795333,2,1
48,29,2,11,5,0,1,1,0,0,3,8,0,33,0,1,4,5,4,45,2,1,2,1,0,0,3,1,0,0,88,88,88,88,88,88,0,0,0,0,1,4,0,480240,6090,2009,23,FM471,99999999999999999999,0000000,29.47700278,-98.64958889,1,1
48,441,2,11,18,20,2,6,0,1,11,7,0,12,2,5,1,3,2,55,1,1,2,1,21,3,1,1,0,0,18,21,18,34,99,99,0,0,0,0,1,4,0,480241,30,2009,89,I-20,99999999999999999999,0000000,32.43790278,-99.63641389,2,1
48,451,2,11,21,5,2,1,0,1,12,2,0,53,0,1,4,2,2,45,1,1,2,1,0,0,3,1,0,0,21,6,21,10,99,99,0,0,0,0,1,4,1,480242,6080,2009,34,US-67,99999999999999999999,0000000,31.45605,-100.4721806,1,1
48,29,2,12,23,53,1,2,1,0,16,5,0,9,0,1,1,1,4,40,1,1,2,1,0,0,3,1,0,0,23,56,0,0,88,88,0,0,0,0,1,5,0,480243,6090,2009,0,NACOGDOCHES,99999999999999999999,0000000,29.52718056,-98.43683889,1,1
48,479,2,12,7,50,2,2,0,1,13,8,0,12,5,2,1,2,2,70,1,1,2,1,20,3,1,1,0,0,7,50,7,58,8,14,0,0,0,0,1,5,0,480244,3899,2009,122,FM1472,VERDE,0000000,27.64134722,-99.54590278,2,1