STATE,COUNTY,MONTH,DAY,HOUR,MINUTE,VE_TOTAL,PERSONS,PEDS,NHS,ROAD_FNC,ROUTE,SP_JUR,HARM_EV,MAN_COLL,REL_JUNC,REL_ROAD,TRAF_FLO,NO_LANES,SP_LIMIT,ALIGNMNT,PROFILE,PAVE_TYP,SUR_COND,TRA_CONT,T_CONT_F,LGT_COND,WEATHER1,WEATHER2,WRK_ZONE,NOT_HOUR,NOT_MIN,ARR_HOUR,ARR_MIN,HOSP_HR,HOSP_MN,SCH_BUS,CF1,CF2,CF3,FATALS,DAY_WEEK,DRUNK_DR,ST_CASE,CITY,YEAR,MILEPT,TWAY_ID,TWAY_ID2,RAIL,LATITUDE,LONGITUD,VE_FORMS,WEATHER
48,113,2,13,11,21,2,4,0,1,13,8,0,12,5,2,1,2,3,35,1,1,1,1,3,3,1,1,0,0,11,22,11,24,11,51,0,0,0,0,1,6,0,480245,1730,2009,252,LP12,THACKERY,0000000,32.86560556,-96.79209444,2,1
48,249,2,13,18,58,1,2,1,1,2,3,0,8,0,1,1,1,4,30,1,1,2,1,0,0,3,1,0,0,19,0,19,5,99,99,0,0,0,0,1,6,0,480246,6130,2009,5,SR-44,99999999999999999999,0000000,27.76276944,-98.23339167,1,1
48,453,2,13,21,14,3,5,1,1,12,3,0,8,0,1,1,2,3,65,1,1,2,1,0,0,2,1,0,0,88,88,88,88,88,88,0,0,0,0,1,6,0,480247,330,2009,145,SR-71,99999999999999999999,0000000,30.20436111,-97.64203889,3,1
48,29,2,15,1,53,1,2,0,1,12,3,0,38,0,1,4,2,2,65,1,1,2,1,0,0,3,1,0,0,1,50,1,59,3,18,0,0,0,0,1,1,1,480248,6090,2009,7,SR-151,99999999999999999999,0000000,29.47015556,-98.69488056,1,1
48,201,2,15,1,15,1,1,0,0,3,8,0,42,0,1,4,1,2,55,2,1,2,2,0,0,2,2,0,0,88,88,88,88,88,88,0,0,0,0,1,1,1,480249,0,2009,103,FM2920,99999999999999999999,0000000,30.0783,-95.75688889,1,2
48,309,2,15,2,33,2,2,0,0,16,5,0,12,5,2,1,2,3,30,1,1,2,1,4,3,3,1,0,0,2,39,2,44,3,0,0,20,0,0,1,1,2,480250,7210,2009,0,BOSQUE,26TH,0000000,31.54936111,-97.16128889,2,1
48,439,2,15,19,55,1,3,0,0,16,5,0,33,0,1,4,2,3,40,2,3,2,1,0,0,2,1,0,0,20,9,20,17,20,47,0,0,0,0,1,1,1,480251,2850,2009,0,PARK,99999999999999999999,0000000,32.95013889,-97.09830833,1,1
48,439,2,15,21,40,1,1,0,0,16,5,0,38,0,1,4,1,2,40,1,1,2,1,0,0,2,1,0,0,22,1,22,15,22,37,0,0,0,0,1,1,0,480252,4300,2009,0,BROAD,99999999999999999999,0000000,32.54607222,-97.18280556,1,1
48,179,2,18,11,41,2,7,0,1,2,2,0,27,0,1,4,2,4,70,1,1,2,1,0,0,1,1,0,0,11,46,12,2,12,48,0,0,0,0,4,4,0,480253,0,2009,79,US-60,99999999999999999999,0000000,35.49500278,-101.0449861,2,1
48,5,2,19,8,58,5,8,0,1,2,2,1,12,8,1,1,1,2,70,2,1,2,1,0,0,1,1,0,0,9,3,9,21,9,51,0,0,0,0,1,5,0,480254,0,2009,213,US-69,99999999999999999999,0000000,31.16536944,-94.43047222,5,1
48,113,2,19,19,43,2,2,0,0,16,5,0,12,4,8,1,2,6,45,1,1,1,1,0,0,3,1,0,0,19,44,19,48,99,99,0,0,0,0,1,5,0,480255,2590,2009,0,BROADWAY,99999999999999999999,0000000,32.83780556,-96.59565833,2,1
48,453,2,19,2,18,1,1,0,0,16,5,0,39,0,3,4,1,2,30,1,2,2,1,20,3,3,1,0,0,88,88,88,88,88,88,0,0,0,0,1,5,1,480256,330,2009,0,MESA,DRYCREEK,0000000,30.34588056,-97.77201111,1,1
48,29,2,24,19,6,1,3,1,0,16,5,0,8,0,4,4,1,2,99,2,1,1,1,0,0,3,1,0,0,88,88,88,88,88,88,0,0,0,0,1,3,0,480257,6090,2009,0,FOXHOLLOW,99999999999999999999,0000000,29.53304444,-98.44432222,1,1
48,29,2,21,3,49,1,3,0,1,11,1,0,1,0,5,8,3,2,65,1,1,2,1,0,0,3,1,0,0,3,54,3,57,4,42,0,0,0,0,1,7,0,480258,6090,2009,179,I-35,99999999999999999999,0000000,29.36071667,-98.52348056,1,1
48,215,1,1,2,25,2,6,1,0,6,4,0,8,0,1,1,1,2,55,1,1,2,2,0,0,2,2,0,0,88,88,88,88,88,88,0,0,0,0,1,5,1,480259,0,2009,0,MILE10,99999999999999999999,0000000,26.19876667,-98.009075,2,2
48,503,2,15,0,0,1,2,0,0,4,8,0,1,0,1,4,1,2,65,2,2,2,1,0,0,2,1,0,0,0,6,0,11,0,26,0,0,0,0,1,1,1,480261,0,2009,8,FM1287,99999999999999999999,0000000,33.06030556,-98.57786111,1,1
48,479,1,9,0,32,2,2,0,1,13,2,0,12,1,6,1,1,2,30,1,1,2,1,60,3,3,1,0,0,0,33,0,37,88,88,0,0,0,0,1,6,0,480262,3899,2009,8,US-83,99999999999999999999,9999999,27.50659722,-99.49333889,2,1
48,141,1,16,0,34,2,2,0,1,13,3,0,12,2,1,1,5,4,40,1,1,2,1,0,0,3,1,0,0,0,35,0,39,1,17,0,0,0,0,1,6,1,480263,2190,2009,324,SR-20,99999999999999999999,0000000,31.73641944,-106.3708417,2,1
48,147,1,20,7,50,1,3,0,0,5,8,0,1,0,1,1,1,2,55,2,1,2,1,0,0,1,1,0,0,7,47,8,11,9,2,0,0,0,0,1,3,0,480264,0,2009,27,FM816,99999999999999999999,0000000,33.39424167,-96.16262778,1,1
48,157,1,22,19,0,2,2,0,1,13,7,0,12,1,8,1,4,3,45,1,1,1,1,0,0,2,1,0,0,18,46,18,59,19,33,0,0,0,0,1,5,0,480265,3280,2009,63,LP8,99999999999999999999,0000000,29.610375,-95.48814167,2,1
48,449,1,22,11,11,4,1,0,1,13,2,0,32,0,1,4,1,2,55,2,1,2,1,0,0,1,1,0,0,88,88,88,88,88,88,0,14,20,0,1,5,0,480266,4750,2009,12,US-67,99999999999999999999,0000000,33.16655556,-94.98915,1,1
48,135,1,27,9,14,3,4,1,1,1,1,0,12,3,1,1,2,2,70,1,1,5,4,0,0,1,3,0,0,9,13,9,27,10,0,0,0,0,0,1,3,0,480267,0,2009,79,I-20,99999999999999999999,0000000,31.70683056,-102.6507472,2,3
48,329,1,28,6,34,1,2,1,1,1,1,0,8,0,15,1,2,2,70,1,3,2,4,0,0,4,1,0,0,88,88,88,88,88,88,0,23,16,0,1,4,0,480268,0,2009,213,I-20,99999999999999999999,0000000,31.98219722,-102.0390361,1,1
48,183,1,29,20,15,1,4,1,1,13,2,0,8,0,1,1,5,4,45,1,1,2,1,0,0,2,1,0,0,20,15,20,19,20,29,0,0,0,0,1,5,0,480269,4080,2009,149,US-80,99999999999999999999,0000000,32.50436944,-94.71438611,1,1
48,201,1,29,19,49,1,2,0,0,16,5,0,1,0,1,4,1,2,30,2,1,2,1,0,0,3,1,0,0,19,54,20,14,20,36,0,0,0,0,1,5,1,480270,480,2009,0,MAIN,99999999999999999999,0000000,29.72624444,-95.00096389,1,1
48,257,1,29,8,37,5,5,0,1,1,1,0,12,1,1,1,3,2,65,1,1,1,2,0,0,1,5,0,0,99,99,8,41,10,0,0,0,0,0,1,5,0,480271,0,2009,107,I-20,99999999999999999999,0000000,32.71525833,-96.32806944,5,5
48,201,1,31,21,10,1,2,1,0,16,5,0,8,0,1,1,1,2,30,1,1,2,1,0,0,2,1,0,0,88,88,88,88,88,88,0,0,0,0,1,7,0,480272,3280,2009,0,HOUSTON,99999999999999999999,0000000,29.83373333,-95.2701,1,1
48,73,2,1,1,40,1,1,0,0,3,3,0,1,0,1,4,1,2,65,1,1,2,1,0,0,2,1,0,0,88,88,88,88,88,88,0,0,0,0,1,1,1,480273,0,2009,16,SR-204,99999999999999999999,0000000,31.84348889,-95.03209722,1,1
48,187,2,1,23,57,1,1,0,0,5,8,0,42,0,1,4,1,2,40,1,1,2,1,0,0,2,1,0,0,0,7,0,10,0,34,0,0,0,0,1,1,0,480274,6290,2009,13,FM464,99999999999999999999,0000000,29.56949444,-98.00747778,1,1
48,231,2,1,14,30,2,4,0,0,4,8,0,1,0,1,1,1,2,60,1,3,2,1,0,0,1,1,0,0,14,38,14,52,15,44,0,0,0,0,1,1,0,480275,0,2009,9,FM429,99999999999999999999,0000000,32.84771389,-96.07581667,2,1
48,259,2,2,7,41,2,3,0,1,1,1,0,12,1,1,1,2,4,70,1,2,2,1,0,0,1,1,0,0,7,43,7,45,8,23,0,0,0,0,2,2,0,480276,0,2009,55,I-10,99999999999999999999,0000000,29.94229167,-98.87315,2,1
48,147,2,4,15,30,2,3,0,0,4,3,0,12,1,1,1,1,2,70,1,1,2,1,0,0,1,1,0,0,88,88,88,88,88,88,1,0,0,0,1,4,1,480277,0,2009,61,SR-78,99999999999999999999,0000000,33.66523889,-96.18138889,2,1
48,21,2,5,0,40,1,3,0,0,4,8,0,1,0,1,4,1,2,60,1,1,2,1,0,0,2,1,0,0,0,43,0,50,1,52,0,0,0,0,1,5,1,480278,0,2009,119,FM20,99999999999999999999,0000000,30.06110833,-97.40564444,1,1
48,423,2,5,13,50,2,3,0,0,6,4,0,12,2,1,1,1,2,99,2,2,2,1,0,0,1,1,0,0,14,52,15,3,15,41,0,0,0,0,1,5,0,480279,0,2009,0,262,99999999999999999999,0000000,32.29448889,-95.22774722,2,1
48,91,2,6,20,50,1,2,1,0,14,8,0,8,0,1,1,1,2,55,1,2,2,1,0,0,2,1,0,0,88,88,88,88,88,88,0,0,0,0,1,6,0,480280,0,2009,24,FM3424,99999999999999999999,0000000,29.93167778,-98.21645556,1,1
48,203,2,6,18,28,1,2,1,0,4,8,0,8,0,1,1,1,2,55,2,1,2,1,0,0,2,1,0,0,18,40,18,45,19,0,0,0,0,0,1,6,0,480281,0,2009,7,FM968,99999999999999999999,0000000,32.47961111,-94.69751389,1,1
48,201,2,7,10,35,1,1,0,0,16,5,0,42,0,1,5,4,2,40,9,9,5,1,0,0,1,1,0,0,88,88,88,88,88,88,0,0,0,0,1,7,0,480282,5230,2009,0,REDBLUFF,99999999999999999999,0000000,29.65397222,-95.12151667,1,1
48,401,2,7,11,20,1,2,0,1,2,2,0,1,0,1,3,2,4,70,1,1,2,1,0,0,1,1,0,0,11,21,11,28,99,99,0,0,0,0,1,7,0,480283,0,2009,49,US-259,99999999999999999999,0000000,32.30091667,-94.86594444,1,1
48,209,2,8,7,50,1,1,0,0,4,8,0,42,0,1,5,1,2,55,1,1,2,1,0,0,1,5,0,0,88,88,88,88,88,88,0,0,0,0,1,1,0,480284,0,2009,43,FM2770,99999999999999999999,0000000,30.03770556,-97.88713333,1,5
48,217,2,8,1,45,1,2,0,0,14,3,0,30,0,1,4,5,2,40,1,3,2,1,0,0,3,1,0,0,1,49,2,15,2,47,0,0,0,0,1,1,1,480285,3210,2009,185,SR-22,99999999999999999999,0000000,32.00901667,-97.142675,1,1
48,313,2,8,14,0,2,3,0,1,1,1,0,12,2,1,1,3,2,70,1,1,2,1,0,0,1,1,0,0,14,3,14,7,99,99,0,0,0,0,1,1,0,480286,0,2009,107,I-45,99999999999999999999,0000000,30.98840833,-95.90376667,2,1
48,201,2,9,3,6,1,1,0,0,16,5,0,29,0,1,5,1,2,45,1,1,2,2,0,0,2,2,0,0,88,88,88,88,88,88,0,0,0,0,1,2,0,480287,5230,2009,0,GENOAREDBLUFF,99999999999999999999,0000000,29.63342778,-95.12792222,1,2
48,209,2,9,0,21,2,4,0,1,1,1,0,12,2,1,1,3,3,65,1,1,2,2,0,0,2,1,0,0,0,23,0,30,1,39,0,0,0,0,1,2,1,480288,0,2009,224,I-35,99999999999999999999,0000000,30.07234444,-97.82749167,2,1
48,21,2,10,19,50,3,4,0,0,3,3,0,12,5,2,1,1,2,65,1,1,2,1,20,3,2,1,0,0,20,4,20,36,21,1,0,14,0,0,2,3,1,480289,0,2009,38,SR-21,FM812,0000000,30.07176667,-97.57259444,3,1
48,389,2,10,16,48,4,6,0,1,1,1,0,12,1,1,1,2,2,80,1,1,2,1,0,0,1,1,0,0,16,51,17,32,99,99,0,0,0,0,1,3,0,480290,0,2009,279,I-10,99999999999999999999,0000000,30.99673889,-103.6785583,4,1
48,139,2,11,17,27,3,3,0,0,15,8,0,12,1,3,1,2,2,55,2,1,2,1,0,0,1,1,0,0,17,27,17,45,99,99,0,0,0,0,1,4,0,480291,2360,2009,220,FM664,FERRIS,0000000,32.53869167,-96.68924722,3,1
48,215,2,12,20,36,3,5,0,0,14,8,0,13,2,1,1,3,2,55,1,1,2,1,0,0,3,1,0,0,20,42,20,43,21,6,0,0,0,0,1,5,0,480292,4650,2009,165,FM494,99999999999999999999,0000000,26.17438333,-98.29190833,3,1
48,331,2,12,23,55,2,3,0,0,5,8,0,12,5,1,1,1,2,65,2,1,2,1,0,0,2,1,0,0,0,0,0,7,1,9,0,0,0,0,1,5,2,480293,0,2009,18,FM3061,99999999999999999999,0000000,30.73280833,-97.21448889,2,1
48,365,2,12,14,45,2,3,0,0,4,8,0,12,2,1,1,1,2,60,1,2,2,1,0,0,1,1,0,0,14,55,15,19,16,4,0,0,0,0,1,5,1,480294,0,2009,79,FM31,99999999999999999999,0000000,32.16207222,-94.16085833,2,1
48,297,2,13,8,13,1,2,0,1,1,1,0,1,0,1,3,2,2,70,2,1,2,1,0,0,1,1,0,0,8,16,8,31,9,50,0,0,0,0,1,6,1,480295,0,2009,100,I-37,99999999999999999999,0000000,28.27021944,-97.94266389,1,1
48,423,2,14,1,8,1,1,0,0,6,4,0,42,0,1,4,1,2,50,2,1,2,1,0,0,2,1,0,0,1,0,1,11,1,44,0,20,0,0,1,7,1,480296,0,2009,0,294,99999999999999999999,0000000,32.27633056,-95.11089444,1,1
48,19,2,15,22,15,1,2,0,0,4,8,0,42,0,1,4,1,2,55,1,1,2,1,0,0,2,1,0,0,22,45,23,14,23,58,0,0,0,0,1,1,0,480297,0,2009,181,FM187,99999999999999999999,0000000,29.71155556,-99.54984444,1,1
48,27,2,15,2,13,1,1,0,1,12,2,0,52,0,1,4,3,3,60,1,1,2,1,0,0,2,1,0,1,88,88,88,88,88,88,0,0,0,0,1,1,1,480298,0,2009,18,US-190,99999999999999999999,0000000,31.08142222,-97.62238611,1,1
48,99,2,15,16,40,1,1,0,0,5,8,0,42,0,1,4,1,2,60,1,2,2,1,0,0,1,1,0,0,88,88,88,88,88,88,0,0,0,0,1,1,0,480299,0,2009,61,FM929,99999999999999999999,0000000,31.51158611,-97.66854167,1,1
48,143,2,15,18,38,2,3,0,1,2,2,0,12,4,1,1,1,2,65,1,1,2,1,0,0,2,1,0,0,18,39,18,54,99,99,0,0,0,0,3,1,0,480300,0,2009,70,US-377,99999999999999999999,0000000,32.32224167,-98.08661944,2,1
48,239,2,15,19,10,2,5,0,0,4,8,0,12,4,1,1,1,2,60,1,1,2,1,0,0,2,1,0,0,19,21,19,37,20,21,0,0,0,0,1,1,1,480301,0,2009,51,FM3131,99999999999999999999,0000000,28.90693889,-96.589325,2,1
48,113,2,16,0,20,1,1,0,1,11,1,0,24,0,1,4,3,6,60,2,1,1,1,0,0,2,1,0,0,88,88,88,88,88,88,0,0,0,0,1,2,1,480302,1539,2009,78,I-635,99999999999999999999,0000000,32.94080556,-97.0129,1,1
48,201,2,16,18,10,2,2,0,0,16,5,0,1,0,8,1,2,2,35,2,1,1,1,20,3,3,1,0,0,88,88,88,88,88,88,0,0,0,0,1,2,0,480303,3280,2009,0,DAIRYASHFORD,99999999999999999999,0000000,29.78720278,-95.60875,2,1
48,201,2,16,14,14,1,2,0,0,16,5,0,33,0,1,4,2,2,35,1,1,1,1,0,0,1,1,0,0,14,16,14,26,14,54,0,0,0,0,1,2,0,480304,3280,2009,0,TIDWELL,99999999999999999999,0000000,29.84884722,-95.46646667,1,1
48,61,2,17,6,50,1,2,1,0,3,2,0,8,0,8,1,1,2,55,1,1,2,2,8,3,4,1,0,0,7,7,7,17,7,38,1,0,0,0,1,3,0,480305,0,2009,11,US-281,99999999999999999999,0000000,26.07838056,-97.84543889,1,1
48,239,2,17,14,21,2,3,0,1,2,2,0,12,5,2,1,2,2,70,1,1,2,1,20,3,1,1,0,0,14,28,14,31,14,56,0,0,0,0,1,3,0,480306,0,2009,102,US-59,414,0000000,29.01396111,-96.57545556,2,1
48,163,2,18,7,55,1,1,0,0,6,4,0,38,0,1,4,1,2,40,1,1,4,1,0,0,1,1,0,0,7,55,8,24,9,35,0,0,0,0,1,4,0,480307,0,2009,0,4670,99999999999999999999,0000000,28.70135,-99.32078056,1,1
48,209,2,18,5,53,1,1,0,0,4,8,0,38,0,1,4,1,2,60,2,2,2,2,40,3,2,2,0,0,5,54,6,35,99,99,0,0,0,0,1,4,0,480308,0,2009,69,FM12,99999999999999999999,0000000,30.09147222,-98.09825833,1,2
48,113,2,19,21,31,2,2,0,0,16,5,0,12,4,2,1,2,6,35,1,1,1,1,3,3,3,1,0,0,21,32,21,38,88,88,0,0,0,0,1,5,0,480309,1730,2009,0,LOVERSLANE,MATILDA,0000000,32.85099444,-96.76771667,2,1
48,167,2,20,10,33,2,3,0,1,11,1,0,12,2,1,1,3,3,65,1,1,1,1,0,0,1,1,0,0,10,39,10,58,99,99,0,0,0,0,2,6,0,480310,3850,2009,52,I-45,99999999999999999999,0000000,29.36694444,-94.99358611,2,1
48,463,2,20,13,50,1,1,0,0,5,8,0,1,0,1,4,1,2,60,2,2,2,1,0,0,1,1,0,0,88,88,88,88,88,88,0,0,0,0,1,6,0,480311,0,2009,149,FM1051,99999999999999999999,0000000,29.4875,-99.78079444,1,1
48,485,2,20,5,14,1,1,0,0,16,5,0,27,0,1,4,1,2,35,1,1,1,1,0,0,2,1,0,0,88,88,88,88,88,88,0,0,0,0,1,6,1,480312,7490,2009,0,BARNETT,99999999999999999999,0000000,33.85030833,-98.57806944,1,1
48,85,2,21,1,38,1,1,0,0,16,5,0,46,0,3,4,1,2,30,1,1,1,1,3,3,3,1,0,0,1,38,1,43,2,2,0,0,0,0,1,7,1,480313,5390,2009,0,18TH,JUPITER,0000000,33.02407222,-96.681725,1,1
48,113,2,21,1,55,1,2,0,0,16,5,0,33,0,3,4,4,4,30,2,2,2,1,99,9,3,1,0,0,1,58,2,9,99,99,0,0,0,0,1,7,1,480314,1730,2009,0,HARRYHINES,ASHLAND,0000000,32.79030833,-96.80563889,1,1
48,201,2,21,2,50,2,3,0,1,12,3,0,12,2,1,1,3,3,60,1,2,1,1,0,0,2,1,0,0,3,6,3,7,3,38,0,0,0,0,2,7,1,480315,0,2009,111,SR-249,99999999999999999999,0000000,29.98369444,-95.56907778,2,1
48,439,2,22,19,42,2,3,0,1,12,3,0,12,1,1,1,3,3,65,1,1,2,1,0,0,3,1,0,0,88,88,88,88,88,88,0,0,0,0,1,1,0,480316,2990,2009,44,SR-121,99999999999999999999,0000000,32.78973056,-97.25397222,2,1
48,223,2,23,14,20,2,2,0,1,13,3,0,12,2,1,1,1,2,65,1,1,2,1,0,0,1,1,0,0,88,88,88,88,88,88,0,0,0,0,1,2,0,480317,6670,2009,140,SR-19,99999999999999999999,0000000,33.16320556,-95.60631111,2,1
48,291,2,23,22,5,1,1,0,0,4,8,0,1,0,1,4,1,2,55,1,1,2,1,0,0,2,1,0,0,88,88,88,88,88,88,0,0,0,0,1,2,1,480318,0,2009,198,FM1409,99999999999999999999,0000000,29.91846944,-94.82926389,1,1
48,347,2,23,23,22,1,1,0,0,4,8,0,1,0,1,4,1,2,55,2,1,2,1,0,0,2,1,0,0,23,26,23,43,0,6,0,0,0,0,1,2,0,480319,0,2009,23,FM226,99999999999999999999,0000000,31.42569722,-94.48636944,1,1
48,355,2,23,6,21,1,2,1,0,16,5,0,8,0,1,1,1,4,35,1,1,2,1,0,0,4,1,0,0,88,88,88,88,88,88,0,0,0,0,1,2,0,480320,1550,2009,0,NAVIGATION,99999999999999999999,0000000,27.80708056,-97.45375278,1,1
48,453,2,23,11,49,2,2,0,0,16,5,0,12,4,1,1,1,2,30,1,1,2,1,0,0,1,1,0,0,11,50,11,58,12,27,0,0,0,0,1,2,0,480321,330,2009,0,51,99999999999999999999,0000000,30.30048333,-97.68991944,2,1
48,375,2,25,2,4,2,2,0,1,11,1,0,12,7,13,1,6,1,60,2,2,1,1,0,0,3,1,0,0,88,88,88,88,88,88,0,0,0,0,1,4,0,480322,150,2009,169,I-40RAMP,99999999999999999999,0000000,35.19431111,-101.8699833,2,1
48,451,2,25,5,42,2,2,0,0,14,3,0,12,2,2,1,5,4,50,1,1,2,1,3,3,3,1,0,0,5,46,5,50,6,5,0,0,0,0,1,4,0,480323,6080,2009,18,SR-178,FM1223,0000000,31.42428333,-100.4229361,2,1
48,403,2,26,2,11,1,1,0,0,4,8,0,38,0,1,4,1,2,55,2,1,2,1,0,0,2,1,0,0,88,88,88,88,88,88,0,0,0,0,1,5,1,480325,0,2009,67,FM1592,99999999999999999999,0000000,31.41128333,-93.95637222,1,1
48,491,2,26,15,47,2,3,0,1,2,8,0,12,5,2,1,2,2,60,1,1,2,1,3,3,1,1,0,0,15,51,15,58,16,38,0,0,0,0,1,5,0,480326,1242,2009,57,FM1431,FM734,0000000,30.53468333,-97.78256111,2,1
48,5,2,28,12,9,3,4,0,1,2,2,0,12,5,2,1,2,2,60,1,1,2,1,20,3,1,1,0,0,12,22,12,29,13,3,0,0,0,0,1,7,0,480327,0,2009,31,US-59,FM2021,0000000,31.41028333,-94.72115,3,1
48,29,2,28,2,46,2,5,0,1,11,1,0,12,2,1,1,3,2,65,1,2,2,1,0,0,3,1,0,0,2,55,3,3,3,32,0,0,0,0,4,7,1,480328,6090,2009,26,I-410,99999999999999999999,0000000,29.34445556,-98.62640833,2,1
48,201,2,28,2,22,1,1,0,0,16,5,0,43,0,1,4,2,2,35,1,1,2,2,0,0,2,2,0,0,99,99,99,99,88,88,0,0,0,0,1,7,1,480329,2560,2009,0,FEDERAL,99999999999999999999,0000000,29.75361111,-95.21307778,1,2
48,351,2,28,4,6,1,2,0,0,6,4,0,42,0,1,4,1,2,35,2,1,2,1,0,0,2,1,0,0,4,10,4,28,99,99,0,0,0,0,1,7,1,480330,1894,2009,0,4191,99999999999999999999,0000000,30.26186944,-93.75734167,1,1
48,29,3,1,8,45,2,3,0,1,11,1,0,12,1,1,1,3,2,70,1,1,2,1,0,0,1,1,0,0,9,7,9,13,9,32,0,0,0,0,1,1,0,480331,6090,2009,10,I-410,99999999999999999999,0000000,29.32004722,-98.61418333,2,1
48,403,3,1,2,5,1,1,1,0,3,3,0,8,0,1,1,1,2,65,1,2,2,1,0,0,2,1,0,0,88,88,88,88,88,88,0,0,0,0,1,1,0,480332,0,2009,10,SR-87,99999999999999999999,0000000,31.42136667,-93.83871667,1,1
48,381,3,2,17,33,2,2,0,0,16,5,0,12,5,2,1,2,4,30,1,1,2,1,20,3,1,1,0,0,17,41,17,43,18,3,0,0,0,0,1,2,0,480333,150,2009,0,37TH,WESTERN,0000000,35.17156389,-101.8840917,2,1
48,29,3,4,2,6,1,1,0,1,11,7,0,27,0,1,4,4,3,45,1,1,2,1,0,0,3,1,0,0,88,88,88,88,88,88,0,0,0,0,1,4,1,480334,6090,2009,56,I-10,99999999999999999999,0000000,29.57258333,-98.59328611,1,1
48,449,3,4,17,54,1,1,0,0,14,8,0,32,0,1,4,1,2,55,1,1,2,1,0,0,1,1,0,0,17,55,17,58,18,12,0,0,0,0,1,4,0,480335,4750,2009,75,FM2152,99999999999999999999,0000000,33.19351111,-94.97600278,1,1
48,363,2,27,19,15,1,1,0,0,6,4,0,22,0,1,4,1,2,45,1,1,2,1,0,0,2,1,0,0,88,88,88,88,88,88,0,0,0,0,1,6,0,480336,0,2009,0,MILLSAP,99999999999999999999,0000000,32.77208889,-98.08387778,1,1
48,303,3,6,16,8,2,7,0,0,4,4,0,12,5,2,1,1,2,70,1,1,2,1,20,3,1,1,0,0,16,8,16,18,16,27,0,0,0,0,6,6,0,480337,0,2009,72,FM2641,1700,0000000,33.65036111,-101.9572056,2,1
48,309,3,12,21,15,1,2,1,0,16,5,0,8,0,1,1,1,4,30,1,1,2,1,0,0,2,1,0,0,88,88,88,88,88,88,0,0,0,0,1,5,0,480338,7210,2009,0,25TH,99999999999999999999,0000000,31.55905278,-97.16708333,1,1
48,27,1,1,4,14,1,3,0,0,16,5,0,1,0,1,4,1,2,45,2,1,2,1,0,0,2,1,0,0,4,14,4,25,4,50,0,0,0,0,1,5,1,480339,3690,2009,0,TRIMMIER,99999999999999999999,0000000,31.04941667,-97.74491667,1,1
48,165,1,14,17,10,3,5,0,0,4,3,0,12,5,2,1,1,2,55,1,1,2,1,20,3,1,1,0,0,17,13,17,20,17,35,0,0,0,0,1,4,0,480340,6300,2009,202,SR-214,AVEF,0000000,32.72563611,-102.6571056,3,1
48,257,1,20,15,57,2,2,0,0,14,8,0,12,4,2,1,1,2,55,1,2,2,1,0,0,1,1,0,0,88,88,88,88,88,88,0,0,0,0,1,3,0,480341,6830,2009,16,FM148,SP557,0000000,32.71972778,-96.32108611,2,1
48,339,1,23,18,2,2,4,0,1,13,3,0,12,4,8,1,5,6,60,1,1,2,1,0,0,5,1,0,0,18,10,18,29,19,1,0,0,0,0,1,6,0,480342,1510,2009,174,SR-105,99999999999999999999,0000000,30.34258333,-95.53835278,2,1
48,399,1,23,21,55,2,5,0,0,4,3,0,12,2,1,1,1,2,65,2,2,2,1,0,0,2,6,0,0,88,88,88,88,88,88,0,0,0,0,5,6,0,480343,0,2009,226,SR-153,99999999999999999999,0000000,31.92385556,-99.84476944,2,6
48,227,1,27,5,15,1,1,0,0,3,3,0,32,0,1,4,1,2,60,2,1,2,4,0,0,2,3,0,0,88,88,88,88,88,88,0,0,0,0,1,3,0,480344,0,2009,52,SR-350,99999999999999999999,0000000,32.27969167,-101.4774444,1,3
48,313,2,2,1,0,1,2,0,0,4,8,0,42,0,1,4,1,2,65,1,1,2,2,0,0,2,2,0,0,88,88,88,88,88,88,0,0,0,0,2,2,1,480345,0,2009,123,FM247,99999999999999999999,0000000,30.9382,-95.69155278,1,2
48,171,2,3,9,25,1,1,0,0,4,3,0,38,0,1,4,1,2,70,2,1,2,1,0,0,1,1,0,0,9,30,9,49,10,36,0,0,0,0,1,3,0,480346,0,2009,80,SR-16,99999999999999999999,0000000,30.20713889,-98.96324167,1,1
48,507,2,4,8,12,2,4,0,0,3,2,0,12,2,1,1,1,2,60,1,2,2,1,0,0,1,1,0,1,8,41,9,7,9,52,0,0,0,0,2,4,0,480347,0,2009,245,US-57,99999999999999999999,0000000,28.940975,-99.46600833,2,1
48,201,2,6,22,2,1,1,0,0,16,5,0,33,0,1,4,2,4,40,1,1,1,1,0,0,3,1,0,0,22,8,22,10,22,39,0,0,0,0,1,6,0,480348,3280,2009,0,TIDWELL,99999999999999999999,0000000,29.84688333,-95.44381111,1,1
48,291,2,8,18,48,1,3,1,0,3,8,0,8,0,1,1,1,4,35,1,1,2,1,0,0,2,1,0,0,88,88,88,88,88,88,0,0,0,0,1,1,0,480349,1770,2009,130,FM1960,99999999999999999999,0000000,30.04630556,-94.89452778,1,1
48,491,2,8,12,43,1,1,0,1,13,2,0,3,0,1,5,2,4,55,1,1,2,1,0,0,1,1,0,0,88,88,88,88,88,88,0,0,0,0,1,1,0,480350,6780,2009,95,US-79,99999999999999999999,0000000,30.56669722,-97.43991111,1,1