STATE,COUNTY,MONTH,DAY,HOUR,MINUTE,VE_TOTAL,PERSONS,PEDS,NHS,ROAD_FNC,ROUTE,SP_JUR,HARM_EV,MAN_COLL,REL_JUNC,REL_ROAD,TRAF_FLO,NO_LANES,SP_LIMIT,ALIGNMNT,PROFILE,PAVE_TYP,SUR_COND,TRA_CONT,T_CONT_F,LGT_COND,WEATHER1,WEATHER2,WRK_ZONE,NOT_HOUR,NOT_MIN,ARR_HOUR,ARR_MIN,HOSP_HR,HOSP_MN,SCH_BUS,CF1,CF2,CF3,FATALS,DAY_WEEK,DRUNK_DR,ST_CASE,CITY,YEAR,MILEPT,TWAY_ID,TWAY_ID2,RAIL,LATITUDE,LONGITUD,VE_FORMS,WEATHER
48,245,2,10,19,42,1,1,0,1,13,3,0,38,0,1,4,2,4,30,1,1,1,1,0,0,2,1,0,0,19,43,19,50,20,11,0,0,0,0,1,3,0,480351,5430,2009,80,SR-347,99999999999999999999,0000000,29.95064167,-93.95409444,1,1
48,201,2,11,20,6,2,4,0,1,11,1,0,12,1,1,1,3,5,60,1,1,1,1,0,0,2,1,0,0,88,88,88,88,88,88,0,0,0,0,1,4,0,480352,3280,2009,167,I-45,99999999999999999999,0000000,29.69366944,-95.28520278,2,1
48,201,2,11,22,8,2,2,0,0,16,5,0,12,2,1,1,1,2,45,1,1,2,1,0,0,3,1,0,0,22,15,22,41,22,59,0,0,0,0,1,4,2,480353,3280,2009,0,GENOAREDBLUFF,99999999999999999999,0000000,29.63096111,-95.15458056,2,1
48,213,2,13,13,8,1,1,0,0,3,3,0,42,0,1,4,1,2,65,2,2,2,1,0,0,1,1,0,0,88,88,88,88,88,88,0,0,0,0,1,6,0,480354,0,2009,96,SR-19,99999999999999999999,0000000,32.05204722,-95.80000833,1,1
48,451,2,13,11,18,1,2,0,1,2,2,0,1,0,1,3,2,4,70,1,1,2,1,0,0,1,1,0,0,11,29,11,42,12,0,0,0,0,0,1,6,0,480355,0,2009,94,US-87,99999999999999999999,0000000,31.62071111,-100.6649556,1,1
48,141,2,15,0,28,1,1,0,0,16,5,0,30,0,1,4,1,2,45,1,1,2,1,0,0,2,1,0,0,88,88,88,88,88,88,0,0,0,0,1,1,1,480356,1150,2009,0,BOSQUE,99999999999999999999,0000000,31.9388,-106.6132222,1,1
48,323,1,5,10,46,1,1,0,0,4,8,0,1,0,1,4,1,2,60,1,1,2,1,0,0,1,1,0,0,88,88,88,88,88,88,0,0,0,0,1,2,0,480357,0,2009,80,FM2644,99999999999999999999,0000000,28.49695278,-100.1791222,1,1
48,141,2,16,17,2,2,5,0,1,13,2,0,12,5,2,1,4,3,45,1,1,1,1,3,3,1,1,0,0,17,3,17,11,17,38,0,0,0,0,1,2,0,480358,2190,2009,98,US-54,TRANSMOUNTAIN,0000000,31.76314722,-106.4459222,2,1
48,201,2,16,1,59,1,1,0,1,11,1,0,24,0,1,3,3,4,60,1,1,1,1,0,0,3,1,0,0,2,16,2,26,2,51,0,0,0,0,1,2,1,480359,3280,2009,44,I-45,99999999999999999999,0000000,29.55846111,-95.15876944,1,1
48,201,2,16,4,20,1,1,0,0,6,4,0,1,0,1,4,1,2,30,1,1,2,1,0,0,2,1,0,0,4,37,4,50,5,4,0,0,0,0,1,2,1,480360,0,2009,0,FAIRBANKSWHITEOAK,99999999999999999999,0000000,29.87034167,-95.51999444,1,1
48,139,2,17,23,6,2,2,0,0,3,3,0,12,2,1,1,1,2,55,1,2,1,2,0,0,2,5,0,0,23,39,23,41,0,27,0,0,0,0,1,3,1,480361,0,2009,138,SR-34,99999999999999999999,0000000,32.28111111,-96.66394722,2,5
48,141,2,17,0,45,1,1,0,0,16,5,0,33,0,1,4,4,2,55,1,1,1,1,0,0,3,1,0,0,88,88,88,88,88,88,0,0,0,0,1,3,1,480362,2190,2009,0,RAILROAD,99999999999999999999,0000000,31.82279444,-106.4371861,1,1
48,181,2,17,5,40,2,2,0,0,4,3,0,12,2,1,1,1,2,65,1,2,2,1,0,0,2,1,0,0,5,55,6,20,99,99,0,0,0,0,1,3,0,480363,0,2009,101,SR-160,99999999999999999999,0000000,33.47218889,-96.40108056,2,1
48,201,2,17,22,2,1,2,0,1,11,1,0,25,0,1,3,3,4,60,1,1,1,1,0,0,3,1,0,0,22,2,22,4,22,22,0,0,0,0,1,3,1,480364,3280,2009,267,I-45,99999999999999999999,0000000,29.78989167,-95.37185278,1,1
48,209,2,17,20,30,1,3,0,0,6,4,0,42,0,1,4,1,2,35,2,2,2,2,0,0,2,5,0,0,21,2,21,12,22,40,0,0,0,0,1,3,0,480365,0,2009,0,FISCHERSTORE,99999999999999999999,0000000,30.00489444,-98.213825,1,5
48,395,2,17,22,35,2,2,0,1,2,2,0,12,8,1,1,1,2,65,1,1,2,2,0,0,2,1,0,0,88,88,88,88,88,88,0,0,0,0,2,3,0,480366,0,2009,101,US-79,99999999999999999999,0000000,31.15020278,-96.31954167,2,1
48,61,2,18,22,45,1,1,0,0,6,4,0,32,0,1,4,1,2,30,1,1,2,1,0,0,2,1,0,0,23,8,23,15,23,48,0,0,0,0,1,4,1,480367,0,2009,0,TAMM,99999999999999999999,0000000,26.21494722,-97.77825556,1,1
48,85,2,18,21,45,1,1,0,0,6,4,0,1,0,1,1,1,2,35,1,2,2,1,0,0,2,1,0,0,88,88,88,88,88,88,0,0,0,0,1,4,1,480368,0,2009,0,618,99999999999999999999,0000000,33.24949167,-96.35293056,1,1
48,113,2,18,0,30,1,1,0,0,16,5,0,42,0,1,4,2,4,35,2,1,1,1,0,0,3,1,0,0,88,88,88,88,88,88,0,0,0,0,1,4,1,480369,1730,2009,0,REDROBIN,99999999999999999999,0000000,32.67409444,-96.83371111,1,1
48,309,2,18,22,22,1,3,0,0,4,8,0,1,0,1,4,1,2,60,2,2,2,1,0,0,2,1,0,0,22,16,22,30,23,24,0,0,0,0,1,4,1,480370,0,2009,126,FM2113,99999999999999999999,0000000,31.35528611,-97.33478889,1,1
48,141,2,19,8,39,1,2,1,1,13,3,0,8,0,2,1,2,3,30,1,1,2,1,3,3,1,1,0,0,8,41,8,51,9,24,0,0,0,0,1,5,0,480371,2190,2009,10,SR-20,MESA,0000000,31.75886111,-106.4871083,1,1
48,143,2,19,14,11,1,1,0,1,2,2,0,1,0,1,4,1,2,70,1,2,2,1,0,0,1,1,0,0,88,88,88,88,88,88,0,0,0,0,1,5,0,480372,0,2009,41,US-67,99999999999999999999,0000000,32.06019167,-98.37074444,1,1
48,145,2,20,23,45,2,7,0,1,2,3,0,1,0,7,3,2,2,65,1,2,2,1,0,0,2,1,0,1,88,88,88,88,88,88,0,14,0,0,2,6,0,480373,0,2009,14,SR-6,99999999999999999999,0000000,31.450925,-96.92500278,2,1
48,201,2,20,12,20,2,4,0,1,11,1,0,24,0,1,4,3,3,60,1,2,1,1,0,0,1,1,0,0,12,24,12,34,13,56,0,0,0,0,2,6,0,480374,3280,2009,175,I-45,99999999999999999999,0000000,29.70115278,-95.29394444,2,1
48,201,2,21,2,20,2,3,0,0,6,4,0,13,4,1,1,2,2,45,1,1,1,1,0,0,2,1,0,0,2,20,2,30,3,13,0,0,0,0,1,7,1,480375,0,2009,0,KUYKENDAHL,99999999999999999999,0000000,29.97408611,-95.42917222,2,1
48,251,2,21,23,20,1,3,0,0,6,4,0,42,0,1,4,1,2,40,1,3,2,1,0,0,2,1,0,0,23,21,23,40,0,23,0,0,0,0,1,7,0,480376,0,2009,0,529,99999999999999999999,0000000,32.53901944,-97.22850556,1,1
48,339,2,21,3,20,1,1,0,0,4,8,0,53,0,1,4,1,2,50,1,1,2,1,0,0,2,1,0,0,88,88,88,88,88,88,0,0,0,0,1,7,1,480377,0,2009,101,FM2978,99999999999999999999,0000000,30.21543611,-95.56808333,1,1
48,201,2,22,1,40,1,1,0,0,16,5,0,33,0,1,4,1,2,30,1,1,2,1,0,0,3,1,0,0,88,88,88,88,88,88,0,0,0,0,1,1,1,480378,3280,2009,0,GREENBRIAR,99999999999999999999,0000000,29.71399167,-95.41269167,1,1
48,503,2,22,6,45,1,2,0,0,5,8,0,32,0,1,4,1,2,65,1,1,2,1,0,0,2,1,0,0,6,45,6,56,7,5,0,0,0,0,2,1,0,480379,0,2009,134,FM2652,99999999999999999999,0000000,33.14682222,-98.57388611,1,1
48,39,2,25,12,10,2,2,0,1,2,3,0,12,2,1,1,5,9,55,1,1,1,1,0,0,1,1,0,0,99,99,12,15,13,7,0,0,0,0,1,4,0,480380,4306,2009,58,SR-6,99999999999999999999,0000000,29.46778056,-95.35788611,2,1
48,339,2,25,3,34,2,1,0,1,1,7,0,14,1,1,2,4,9,55,1,1,2,1,0,0,2,1,0,0,88,88,88,88,88,88,0,0,0,0,1,4,0,480381,7500,2009,217,I-45,99999999999999999999,0000000,30.41874444,-95.49166944,1,1
48,85,2,26,15,2,2,2,0,0,15,3,0,12,3,10,1,3,3,60,1,1,1,1,0,0,1,1,0,0,15,3,15,10,15,25,0,0,0,0,1,5,0,480382,2520,2009,226,SR-121,DALLAS,0000000,33.09116944,-96.82326667,2,1
48,201,2,26,15,0,1,2,0,0,16,5,0,5,0,1,1,1,2,30,1,1,1,1,0,0,1,1,0,0,15,0,15,4,15,31,0,0,0,0,1,5,0,480383,3280,2009,0,VINEDALE,99999999999999999999,0000000,29.66097778,-95.580825,1,1
48,423,2,26,18,53,1,1,0,0,6,4,0,1,0,1,4,1,2,50,2,2,2,1,0,0,1,1,0,0,18,54,19,2,19,22,0,0,0,0,1,5,0,480384,0,2009,0,431,99999999999999999999,0000000,32.4573,-95.36335556,1,1
48,217,2,27,13,25,1,1,0,0,4,8,0,1,0,1,4,1,2,60,1,1,2,1,0,0,1,1,0,0,13,32,13,40,99,99,0,0,0,0,1,6,0,480385,0,2009,84,FM66,99999999999999999999,0000000,32.17353611,-97.12338333,1,1
48,245,2,27,16,20,2,5,0,0,16,5,0,12,2,1,1,5,4,45,1,1,1,1,0,0,1,1,0,0,16,22,16,27,16,56,0,0,0,0,1,6,0,480386,5430,2009,0,9TH,99999999999999999999,0000000,29.93306389,-93.95599722,2,1
48,259,2,27,19,33,2,2,0,0,4,3,0,12,2,1,1,1,4,55,2,1,2,1,0,0,2,1,0,0,88,88,88,88,88,88,0,0,0,0,2,6,0,480387,0,2009,0,SR-27,99999999999999999999,0000000,29.96041944,-98.91986944,2,1
48,85,2,28,17,51,2,2,0,0,16,5,0,12,1,3,1,1,2,45,1,1,2,1,0,0,1,1,0,0,17,52,17,57,18,18,0,0,0,0,1,7,1,480388,7620,2009,0,COUNTRYCLUB,LAKEWAY,0000000,33.04871944,-96.56837778,2,1
48,201,2,28,2,26,1,1,0,1,2,2,0,33,0,1,4,3,4,65,2,1,1,2,0,0,2,1,0,0,88,88,88,88,88,88,0,0,0,0,1,7,1,480389,0,2009,161,US-290,99999999999999999999,0000000,29.96496944,-95.68951667,1,1
48,201,2,28,3,32,2,3,0,1,12,2,0,12,1,1,1,3,4,60,1,1,1,2,0,0,3,2,0,0,3,36,3,49,4,30,0,0,0,0,1,7,1,480390,0,2009,72,US-59,99999999999999999999,0000000,29.89602778,-95.31531111,2,2
48,245,2,28,2,59,1,3,0,0,3,2,0,1,0,1,4,2,2,50,2,1,2,2,0,0,2,5,0,0,3,16,3,46,4,22,0,0,0,0,1,7,1,480391,1312,2009,67,US-90,99999999999999999999,0000000,30.04711389,-94.339525,1,5
48,423,2,28,0,55,1,2,1,0,4,3,0,8,0,1,2,1,2,65,1,2,2,1,0,0,2,1,0,0,88,88,88,88,88,88,0,0,0,0,1,7,0,480392,0,2009,123,SR-110,99999999999999999999,0000000,32.18400278,-95.19827222,1,1
48,41,3,1,2,22,2,13,4,0,16,5,0,8,0,4,5,1,2,25,9,9,9,9,99,9,6,9,0,0,2,22,2,29,2,44,0,0,0,0,1,1,0,480393,1440,2009,0,COLLEGEMAIN,99999999999999999999,0000000,30.61873333,-96.34593611,2,9
48,113,3,4,15,36,1,2,1,0,16,5,0,9,0,1,1,1,2,30,1,1,1,1,0,0,1,1,0,0,15,37,15,42,16,2,0,0,0,0,1,4,0,480394,1730,2009,0,KINGBRIDGE,99999999999999999999,0000000,32.77744167,-96.86724444,1,1
48,201,3,4,5,40,1,2,1,0,6,4,0,8,0,1,1,5,6,50,1,1,1,1,0,0,2,1,0,0,88,88,88,88,88,88,0,0,0,0,1,4,0,480395,0,2009,0,MTHOUSTON,99999999999999999999,0000000,29.89810278,-95.42128056,1,1
48,419,3,4,21,20,1,1,0,0,6,4,0,43,0,1,4,1,2,55,2,1,4,1,0,0,2,1,0,0,88,88,88,88,88,88,0,0,0,0,1,4,1,480396,0,2009,0,3605,99999999999999999999,0000000,31.96383611,-94.00795556,1,1
48,257,3,5,1,19,1,1,0,0,5,8,0,1,0,1,4,1,2,55,2,1,2,1,0,0,2,1,0,0,88,88,88,88,88,88,0,0,0,0,1,5,1,480397,2430,2009,64,FM548,99999999999999999999,0000000,32.72871944,-96.45995,1,1
48,39,3,7,14,55,2,3,0,1,2,3,0,12,1,1,1,5,6,60,1,1,1,1,0,0,1,1,0,0,15,0,15,16,15,35,0,0,0,0,1,7,1,480398,4306,2009,32,SR-6,99999999999999999999,0000000,29.481,-95.396625,2,1
48,29,3,10,14,37,2,3,0,0,16,5,0,12,5,2,1,1,6,35,1,1,2,1,3,3,1,1,0,0,15,2,15,9,15,23,0,0,0,0,1,3,0,480399,6090,2009,0,THOUSANDOAKS,SCHERTZ,0000000,29.54268889,-98.39750278,2,1
48,453,5,3,2,20,2,3,0,1,12,7,0,12,5,2,1,3,3,45,1,1,2,1,3,3,3,1,0,0,2,20,2,25,2,43,0,0,0,0,1,1,1,480400,330,2009,0,US-183,GEORGIAN,0000000,30.34411111,-97.705075,2,1
48,439,1,7,17,50,1,2,1,1,12,7,0,9,0,1,1,3,2,40,1,1,1,1,0,0,3,1,0,0,17,53,17,59,18,40,0,0,0,0,1,4,0,480401,2450,2009,251,US-287,99999999999999999999,0000000,32.70682778,-97.27012778,1,1
48,439,1,19,10,0,3,5,0,1,12,7,0,12,5,2,1,3,2,45,1,1,1,1,3,3,1,1,0,0,10,9,10,20,10,45,0,0,0,0,1,2,0,480402,2450,2009,227,US-287,ROSEDALE,0000000,32.73135278,-97.29904167,3,1
48,457,1,29,5,5,1,1,0,0,6,4,0,1,0,1,4,1,2,30,2,1,1,1,0,0,2,1,0,0,88,88,88,88,88,88,0,0,0,0,1,5,0,480403,0,2009,0,4260,99999999999999999999,0000000,30.69548889,-94.38531389,1,1
48,53,1,30,19,5,4,9,0,0,3,3,0,12,5,2,1,1,4,65,1,1,2,1,20,3,2,1,0,0,19,5,19,15,20,27,0,0,0,0,1,6,0,480404,0,2009,42,SR-29,333,0000000,30.74945278,-98.16088889,4,1
48,339,2,3,17,44,1,3,0,0,4,8,0,1,0,1,4,1,2,55,1,1,2,1,0,0,1,1,0,0,17,44,17,51,18,51,0,0,0,0,1,3,1,480405,4878,2009,0,FM1485,99999999999999999999,0000000,30.14694444,-95.17708611,1,1
48,185,2,7,4,10,1,1,0,1,2,3,0,1,0,1,4,2,2,65,2,2,2,1,0,0,2,1,0,0,4,11,4,21,4,55,0,0,0,0,1,7,1,480406,0,2009,118,SR-6,99999999999999999999,0000000,30.27015,-96.04104167,1,1
48,339,2,9,18,20,1,1,0,0,4,8,0,42,0,1,5,1,2,60,2,2,2,2,0,0,2,1,0,0,88,88,88,88,88,88,0,0,0,0,1,2,0,480407,0,2009,65,FM149,99999999999999999999,0000000,30.51992222,-95.72535833,1,1
48,423,2,9,11,20,2,2,0,1,13,3,0,12,4,1,1,5,6,55,1,1,2,2,0,0,1,2,0,0,11,26,11,35,11,59,0,0,0,0,1,2,0,480408,7070,2009,73,SR-31,99999999999999999999,0000000,32.34402778,-95.35031944,2,2
48,477,2,10,4,7,1,1,0,1,2,3,0,32,0,1,4,1,2,65,1,1,2,2,0,0,2,1,0,0,88,88,88,88,88,88,0,0,0,0,1,3,0,480409,0,2009,0,SR-36,99999999999999999999,0000000,30.32163611,-96.50761944,1,1
48,481,2,13,11,22,1,1,0,0,5,8,0,1,0,1,4,1,2,60,2,2,2,2,0,0,1,1,0,0,88,88,88,88,88,88,0,0,0,0,1,6,0,480410,0,2009,129,FM1161,99999999999999999999,0000000,29.38166111,-96.03789444,1,1
48,493,2,13,19,40,2,4,0,0,3,2,0,12,2,1,1,2,4,65,1,2,2,1,0,0,2,1,0,0,20,7,20,35,21,8,0,0,0,0,1,6,1,480411,0,2009,166,US-181,99999999999999999999,0000000,29.09016111,-98.09646111,2,1
48,131,2,14,2,5,1,1,0,0,3,3,0,38,0,1,4,1,2,60,1,1,2,1,0,0,2,1,0,0,88,88,88,88,88,88,0,0,0,0,1,7,0,480412,0,2009,145,SR-16,99999999999999999999,0000000,27.85611111,-98.61775556,1,1
48,481,2,14,11,40,1,1,0,0,6,4,0,42,0,1,4,1,2,60,1,1,2,1,0,0,1,1,0,0,88,88,88,88,88,88,0,0,0,0,1,7,0,480413,0,2009,0,225,99999999999999999999,0000000,29.38825,-96.02205,1,1
48,339,2,18,1,18,3,4,1,1,1,1,0,8,0,1,1,3,4,65,1,1,1,1,0,0,3,1,0,0,88,88,88,88,88,88,0,0,0,0,1,4,0,480414,0,2009,13,I-45,99999999999999999999,0000000,30.128275,-95.44365556,3,1
48,481,2,21,13,20,1,1,0,0,4,8,0,1,0,1,4,1,2,60,2,2,2,1,0,0,1,1,0,0,88,88,88,88,88,88,0,0,0,0,1,7,0,480415,0,2009,110,FM1160,99999999999999999999,0000000,29.21539444,-96.39461667,1,1
48,121,2,22,21,23,1,4,1,1,13,2,0,8,0,1,1,3,3,45,1,1,1,1,0,0,3,1,0,0,21,24,21,28,21,39,0,0,0,0,1,1,0,480416,1840,2009,54,US-377,99999999999999999999,0000000,33.23573333,-97.10649444,1,1
48,359,2,22,13,43,1,1,0,1,1,1,0,21,0,1,10,3,2,70,2,1,1,1,0,0,1,1,0,0,88,88,88,88,88,88,0,0,0,0,1,1,0,480417,0,2009,184,I-40,99999999999999999999,0000000,35.24687778,-102.4480583,1,1
48,385,2,22,15,5,1,1,0,0,4,8,0,1,0,1,1,1,2,55,2,2,2,1,0,0,1,1,0,0,15,38,15,57,17,28,0,0,0,0,1,1,0,480418,0,2009,256,RR337,99999999999999999999,0000000,29.7167,-99.69421111,1,1
48,201,2,24,22,43,2,2,0,0,16,5,0,12,7,1,1,1,2,30,1,1,2,1,0,0,3,1,0,0,22,43,22,50,23,14,0,0,0,0,1,3,0,480419,3280,2009,0,DOLLYWRIGHT,99999999999999999999,0000000,29.867125,-95.44134167,2,1
48,201,2,24,13,10,1,2,0,0,16,5,0,30,0,1,3,2,2,40,1,1,1,1,0,0,1,1,0,0,13,13,13,18,13,57,0,0,0,0,2,3,0,480420,3280,2009,0,ELCAMINOREAL,99999999999999999999,0000000,29.57931111,-95.14326389,1,1
48,367,2,25,5,30,2,4,0,0,4,8,0,12,1,1,1,1,2,60,1,3,2,1,0,0,2,1,0,0,5,35,5,46,99,99,0,0,0,0,1,4,0,480421,0,2009,83,FM1884,99999999999999999999,0000000,32.68515278,-97.82813333,2,1
48,37,2,26,9,30,2,3,0,1,13,2,0,12,5,2,1,5,4,55,1,1,2,1,0,0,1,1,0,0,9,47,9,53,10,17,0,0,0,0,1,5,1,480422,0,2009,131,US-59,GOLDENRULE,0000000,33.39001667,-94.10677778,2,1
48,449,2,26,14,58,2,3,0,1,2,2,0,54,11,1,1,1,2,60,1,2,2,1,0,0,1,1,0,1,15,0,15,6,15,34,0,14,0,0,1,5,0,480423,0,2009,40,US-271,99999999999999999999,0000000,33.045175,-94.95893333,2,1
48,215,2,27,19,40,1,3,0,1,13,8,0,30,0,1,4,2,2,55,1,3,2,1,0,0,2,1,0,0,20,5,20,9,20,30,0,0,0,0,1,6,0,480424,0,2009,15,FM2061,99999999999999999999,0000000,26.17584167,-98.20801111,1,1
48,121,2,28,11,51,2,4,0,0,14,2,0,12,1,2,1,2,2,55,1,2,1,1,0,0,1,1,0,0,11,52,11,56,12,22,0,0,0,0,2,7,0,480425,1840,2009,221,US-77,NICOSIA,0000000,33.24829722,-97.14803333,2,1
48,61,3,1,1,20,1,1,0,0,5,8,0,34,0,1,4,1,2,55,1,1,2,1,0,0,2,1,0,0,88,88,88,88,88,88,0,0,0,0,1,1,1,480426,0,2009,161,FM800,99999999999999999999,0000000,26.09899167,-97.68785556,1,1
48,157,3,1,14,7,2,6,0,1,12,2,0,12,5,2,1,2,4,45,1,1,1,1,20,3,1,1,0,0,14,13,14,16,14,38,0,0,0,0,1,1,0,480427,6568,2009,315,US-90A,AVEB,0000000,29.61719167,-95.56290278,2,1
48,257,3,1,15,22,2,3,0,1,1,1,0,13,11,1,1,2,2,65,1,1,1,1,0,0,1,1,0,0,15,25,15,34,16,0,0,0,0,0,2,1,1,480428,0,2009,96,I-20,99999999999999999999,0000000,32.68748889,-96.22170556,2,1
48,251,3,3,19,9,2,2,0,1,13,8,0,12,4,2,1,5,4,40,1,1,2,1,3,3,3,1,0,0,19,9,19,17,99,99,0,0,0,0,1,3,0,480429,1370,2009,114,BU67M,COLONIAL,0000000,32.33807222,-97.41444167,2,1
48,201,3,4,0,36,1,1,0,1,12,7,0,24,0,1,10,3,3,45,1,1,1,1,0,0,2,1,0,0,88,88,88,88,88,88,0,0,0,0,1,4,0,480430,3280,2009,7,US-59,99999999999999999999,0000000,29.85175556,-95.333175,1,1
48,347,3,4,14,16,2,2,0,1,13,2,0,12,5,8,1,5,4,50,1,1,2,1,0,0,1,1,0,0,99,99,14,24,99,99,0,0,0,0,1,4,0,480431,4810,2009,251,US-59,99999999999999999999,0000000,31.56348056,-94.67923056,2,1
48,441,3,4,12,55,2,2,0,1,13,8,0,12,5,8,1,5,4,50,1,1,2,1,0,0,1,1,0,0,12,56,13,13,99,99,0,0,0,0,1,4,0,480432,30,2009,107,BU83D,99999999999999999999,0000000,32.39513611,-99.74244722,2,1
48,113,3,6,15,55,2,6,0,0,16,5,0,12,5,1,1,1,2,35,2,1,1,1,0,0,1,1,0,0,16,1,16,12,16,46,0,0,0,0,3,6,0,480433,1730,2009,0,MAYFORGE,99999999999999999999,0000000,32.70567222,-96.75545556,2,1
48,201,3,6,22,55,2,3,0,0,16,5,0,12,4,2,1,2,4,40,1,1,1,1,0,0,3,1,0,0,88,88,88,88,88,88,0,0,0,0,1,6,0,480434,3280,2009,0,BELLAIRE,JETTY,0000000,29.70355278,-95.59260833,2,1
48,439,3,6,13,33,1,1,0,1,11,1,0,33,0,13,8,6,1,45,2,1,1,1,0,0,1,1,0,0,88,88,88,88,88,88,0,0,0,0,1,6,0,480435,2450,2009,105,I-820,99999999999999999999,0000000,32.80661389,-97.42004722,1,1
48,329,3,7,22,14,1,2,1,1,12,8,0,8,0,1,1,2,3,60,1,1,2,1,0,0,3,1,0,0,22,15,22,19,22,35,0,0,0,0,1,7,0,480436,4560,2009,165,SL250,99999999999999999999,0000000,32.02252222,-102.1516944,1,1
48,361,3,7,1,30,2,2,0,1,11,1,0,12,1,1,1,3,2,65,1,1,1,1,0,0,2,1,0,1,88,88,88,88,88,88,0,19,0,0,1,7,2,480437,7200,2009,149,I-10,99999999999999999999,0000000,30.12826667,-94.02105,2,1
48,473,3,7,17,2,2,5,0,0,4,8,0,12,4,1,1,5,2,55,1,1,2,1,0,0,1,1,0,0,17,7,17,15,18,3,0,0,0,0,2,7,0,480438,0,2009,192,FM1488,99999999999999999999,0000000,30.18965,-95.80528611,2,1
48,113,3,8,5,38,1,1,0,1,13,3,0,42,0,1,4,3,4,35,1,1,1,1,99,9,3,1,0,0,5,40,5,43,6,10,0,0,0,0,1,1,0,480439,1730,2009,74,SR-342,99999999999999999999,0000000,32.68507778,-96.78886389,1,1
48,201,3,8,1,20,2,3,0,0,6,4,0,12,1,1,1,3,2,45,1,1,1,1,0,0,3,1,0,0,88,88,88,88,88,88,0,0,0,0,1,1,2,480440,0,2009,0,BEECHNUT,99999999999999999999,0000000,29.69025556,-95.63888333,2,1
48,439,3,9,14,58,1,4,0,0,16,5,0,5,0,1,1,1,2,30,1,1,2,1,0,0,1,1,0,0,15,1,15,10,15,29,0,0,0,0,1,2,0,480441,2450,2009,0,ASHBOURNE,99999999999999999999,0000000,32.63933889,-97.35628889,1,1
48,249,3,12,7,41,5,6,0,0,4,2,0,12,1,1,1,1,4,35,1,1,2,2,0,0,4,2,0,0,7,41,7,47,8,13,0,0,0,0,1,5,0,480442,90,2009,10,US-281,99999999999999999999,0000000,27.73546667,-98.07863333,5,2
48,419,3,13,15,38,1,2,0,1,2,2,0,42,0,1,4,1,2,70,2,2,2,2,0,0,1,2,0,1,88,88,88,88,88,88,0,0,0,0,2,6,0,480443,0,2009,18,US-96,99999999999999999999,0000000,31.78720833,-94.18476944,1,2
48,419,3,13,22,40,2,2,0,0,3,3,0,12,2,1,1,1,2,65,1,2,2,2,0,0,2,2,0,0,22,50,23,1,23,38,0,0,0,0,1,6,2,480444,0,2009,111,SR-7,99999999999999999999,0000000,31.92762778,-94.06605833,2,2
48,439,3,13,7,9,1,3,1,0,16,5,0,8,0,8,1,1,2,30,1,1,2,2,0,0,2,2,0,0,88,88,88,88,88,88,0,0,0,0,1,6,0,480445,260,2009,0,SILKWOOD,99999999999999999999,0000000,32.68251389,-97.16811667,1,2
48,215,3,14,6,26,1,1,0,1,12,7,0,21,0,3,4,4,3,60,1,1,2,2,0,0,2,2,0,0,88,88,88,88,88,88,0,0,0,0,1,7,0,480446,2110,2009,313,US-281,MILE171/2,0000000,26.32101667,-98.14681389,1,2
48,201,3,16,21,45,1,1,0,0,6,4,0,33,0,1,4,3,2,45,2,1,1,1,0,0,2,1,0,0,22,1,22,14,22,40,0,0,0,0,1,2,1,480447,0,2009,0,BARKERCYPRESS,99999999999999999999,0000000,29.91564167,-95.68623889,1,1
48,201,3,18,2,31,1,1,0,0,6,4,0,33,0,1,4,3,2,45,1,1,1,1,0,0,2,1,0,0,88,88,88,88,88,88,0,0,0,0,1,4,1,480448,0,2009,0,BARKERCYPRESS,99999999999999999999,0000000,29.83490278,-95.68334444,1,1
48,29,1,25,5,22,2,2,0,0,16,5,0,12,2,1,1,1,4,40,2,1,2,1,0,0,2,1,0,0,5,22,5,25,5,49,0,0,0,0,1,1,1,480449,6090,2009,0,SOUTHCROSS,99999999999999999999,0000000,29.37390278,-98.39879444,2,1
48,439,2,4,12,0,1,1,0,1,11,7,0,24,0,1,10,4,2,40,2,1,2,1,0,0,1,1,0,0,12,12,12,14,12,59,0,0,0,0,1,4,0,480450,2450,2009,214,I-30,99999999999999999999,0000000,32.7335,-97.35996944,1,1
48,491,2,15,5,48,2,5,0,0,3,3,0,12,2,1,1,1,2,65,2,2,2,1,0,0,1,1,0,0,6,15,6,39,7,8,0,0,0,0,2,1,1,480451,0,2009,67,SR-95,99999999999999999999,0000000,30.49033611,-97.40126111,2,1
48,201,2,17,18,50,2,2,0,1,13,8,0,12,4,1,1,2,2,60,1,1,2,2,0,0,2,1,0,0,19,7,19,13,99,99,0,0,0,0,1,3,1,480452,0,2009,362,BU90,99999999999999999999,0000000,29.87621667,-95.09418611,2,1