STATE,COUNTY,MONTH,DAY,HOUR,MINUTE,VE_TOTAL,PERSONS,PEDS,NHS,ROAD_FNC,ROUTE,SP_JUR,HARM_EV,MAN_COLL,REL_JUNC,REL_ROAD,TRAF_FLO,NO_LANES,SP_LIMIT,ALIGNMNT,PROFILE,PAVE_TYP,SUR_COND,TRA_CONT,T_CONT_F,LGT_COND,WEATHER1,WEATHER2,WRK_ZONE,NOT_HOUR,NOT_MIN,ARR_HOUR,ARR_MIN,HOSP_HR,HOSP_MN,SCH_BUS,CF1,CF2,CF3,FATALS,DAY_WEEK,DRUNK_DR,ST_CASE,CITY,YEAR,MILEPT,TWAY_ID,TWAY_ID2,RAIL,LATITUDE,LONGITUD,VE_FORMS,WEATHER
48,387,2,17,8,18,2,2,0,0,4,3,0,12,4,1,1,1,2,70,1,1,2,1,0,0,1,1,0,0,88,88,88,88,88,88,0,0,0,0,1,3,0,480453,0,2009,116,SR-37,99999999999999999999,0000000,33.69405278,-95.05762222,2,1
48,143,2,27,16,55,1,2,0,0,4,8,0,1,0,1,4,1,2,60,2,1,2,1,0,0,1,1,0,0,17,0,17,23,18,3,0,0,0,0,1,6,1,480454,0,2009,34,FM1188,99999999999999999999,0000000,32.42154167,-98.30525556,1,1
48,265,3,1,10,40,2,3,0,0,4,3,0,12,3,1,1,1,2,70,1,1,2,1,0,0,1,1,0,0,10,57,11,4,11,25,0,0,0,0,1,1,0,480455,0,2009,5,SR-16,99999999999999999999,0000000,30.06365278,-99.04458333,2,1
48,349,3,5,22,55,1,3,0,0,6,4,0,22,0,1,4,1,2,35,1,1,8,1,0,0,2,1,0,0,23,15,23,28,0,6,0,0,0,0,1,5,1,480456,0,2009,0,1100,99999999999999999999,0000000,32.01480833,-96.53329722,1,1
48,209,3,1,21,31,1,1,0,0,4,8,0,42,0,1,4,1,2,55,2,1,2,1,0,0,2,1,0,0,88,88,88,88,88,88,0,0,0,0,1,1,1,480457,0,2009,26,FM1826,99999999999999999999,0000000,30.13901389,-98.03206667,1,1
48,293,3,8,3,30,1,1,0,0,4,8,0,1,0,1,4,1,2,60,1,2,2,1,0,0,2,1,0,0,88,88,88,88,88,88,0,0,0,0,1,1,1,480458,0,2009,82,FM73,99999999999999999999,0000000,31.721725,-96.69148889,1,1
48,221,3,10,9,7,1,2,0,0,6,4,0,1,0,1,1,1,2,40,2,1,2,1,0,0,1,1,0,0,9,7,9,15,10,6,0,0,0,0,1,3,0,480459,0,2009,0,OLDGRANBURY,99999999999999999999,0000000,32.50567222,-97.65667778,1,1
48,143,3,11,16,50,1,1,0,1,2,2,0,42,0,1,5,1,2,70,1,1,2,2,0,0,1,2,0,0,16,57,17,6,17,12,0,0,0,0,1,4,0,480460,0,2009,161,US-67,99999999999999999999,0000000,32.20032778,-98.15028889,1,2
48,141,3,14,12,46,1,1,0,1,1,1,0,52,0,1,4,3,2,70,1,1,9,1,0,0,1,1,0,0,88,88,88,88,88,88,0,0,0,0,1,7,0,480461,0,2009,362,I-10,99999999999999999999,0000000,31.68117778,-106.2611389,1,1
48,113,3,15,3,30,3,4,0,1,13,8,0,12,4,1,1,3,4,60,1,2,2,1,0,0,2,5,0,0,3,33,3,38,4,9,0,0,0,0,1,1,0,480462,3420,2009,164,SL12,99999999999999999999,0000000,32.79100833,-96.91969167,3,5
48,61,3,17,6,10,2,5,0,0,16,5,0,12,2,1,1,4,2,30,1,1,2,1,99,9,3,1,0,0,6,11,6,18,99,99,0,0,0,0,1,3,1,480463,940,2009,0,13TH,99999999999999999999,0000000,25.89984167,-97.49791111,2,1
48,29,3,20,0,9,3,4,0,1,13,8,0,12,4,1,1,1,4,35,1,1,1,1,0,0,3,1,0,1,0,9,0,12,99,99,0,0,0,0,1,6,1,480464,6090,2009,20,SP421,99999999999999999999,0000000,29.44598889,-98.53326667,3,1
48,457,3,21,22,20,1,1,0,0,4,8,0,38,0,1,4,1,2,60,2,1,2,1,0,0,2,1,0,0,88,88,88,88,88,88,0,0,0,0,1,7,1,480465,9997,2009,55,FM92,99999999999999999999,0000000,30.79065833,-94.18115556,1,1
48,265,3,22,14,27,2,2,0,0,14,3,0,12,3,1,1,5,4,30,1,1,2,1,0,0,1,1,0,0,14,29,14,33,14,39,0,0,0,0,1,1,0,480466,3670,2009,15,SR-16,99999999999999999999,0000000,30.04040278,-99.14489722,2,1
48,173,1,27,19,36,1,2,0,0,3,3,0,1,0,1,4,1,2,65,1,2,2,4,0,0,2,1,0,0,20,5,20,29,20,59,0,0,0,0,1,3,0,480467,0,2009,101,SR-158,99999999999999999999,0000000,31.86617222,-101.6284139,1,1
48,29,1,29,8,52,1,2,1,0,16,5,0,8,0,1,1,1,2,30,1,1,2,1,0,0,1,1,0,0,88,88,88,88,88,88,0,0,0,0,1,5,0,480468,6090,2009,0,GREENSPRINGS,99999999999999999999,0000000,29.57763889,-98.43025278,1,1
48,491,1,31,18,52,1,1,0,1,11,7,0,33,0,3,4,4,3,55,1,1,2,1,0,0,2,1,0,0,18,56,19,3,99,99,0,0,0,0,1,7,1,480469,2620,2009,116,I-35,SANGABRIELVILLAGE,0000000,30.64429167,-97.68450833,1,1
48,201,2,12,1,15,1,2,0,1,11,7,0,33,0,1,4,4,2,35,1,1,1,1,0,0,3,1,0,0,1,20,1,33,2,1,0,0,0,0,1,5,1,480471,3280,2009,136,I-45,99999999999999999999,0000000,29.65910556,-95.25619722,1,1
48,223,2,13,16,50,2,4,0,0,4,3,0,12,1,1,1,1,2,70,1,1,2,1,0,0,1,1,0,0,16,53,17,0,17,44,0,0,0,0,1,6,0,480472,0,2009,72,SR-11,99999999999999999999,0000000,33.07395833,-95.52166111,2,1
48,157,2,15,2,47,1,2,1,1,12,2,0,8,0,5,1,6,1,55,1,1,2,2,0,0,2,2,0,1,88,88,88,88,88,88,0,0,0,0,1,1,1,480473,0,2009,9,US-59,99999999999999999999,0000000,29.55710556,-95.71251944,1,2
48,201,2,15,3,25,1,2,0,0,6,4,0,33,0,1,4,2,4,45,1,1,1,2,0,0,3,2,0,0,3,27,3,34,4,19,0,0,0,0,1,1,1,480474,0,2009,0,LITTLEYORK,99999999999999999999,0000000,29.86517778,-95.70628889,1,2
48,135,2,20,15,40,2,3,0,0,14,8,0,12,2,1,1,1,4,55,1,1,2,1,0,0,1,1,0,0,15,41,15,43,16,7,0,0,0,0,1,6,0,480475,0,2009,20,FM3472,99999999999999999999,0000000,31.84674444,-102.4100806,2,1
48,181,2,23,20,27,1,1,0,0,5,8,0,53,0,1,4,2,2,35,1,1,2,1,0,0,2,1,0,0,88,88,88,88,88,88,0,0,0,0,1,2,1,480476,1450,2009,8,BU377C,99999999999999999999,0000000,33.55849167,-96.91143056,1,1
48,67,2,28,17,52,2,3,0,0,4,8,0,12,5,2,1,1,2,60,2,2,2,1,20,3,1,1,0,0,99,98,99,98,99,98,0,0,0,0,1,7,0,480477,0,2009,53,FM248,1871,0000000,32.95437778,-94.2407,2,1
48,157,2,28,13,46,1,2,1,0,3,8,0,8,0,1,2,1,2,55,1,1,1,1,0,0,1,1,0,0,13,48,14,7,99,99,0,0,0,0,1,7,0,480478,0,2009,92,FM521,99999999999999999999,0000000,29.56352778,-95.43909167,1,1
48,201,2,28,18,5,2,2,0,1,13,8,0,12,4,1,1,1,4,99,1,1,1,1,0,0,3,1,0,0,18,22,18,46,19,4,0,0,0,0,1,7,0,480479,3280,2009,67,FM1960,99999999999999999999,0000000,29.96051111,-95.54232222,2,1
48,329,3,1,2,50,2,3,0,1,1,1,0,12,2,1,1,2,2,65,1,1,2,1,0,0,2,1,0,0,2,52,3,1,3,45,0,0,0,0,1,1,1,480480,0,2009,203,I-20,99999999999999999999,0000000,32.02110278,-101.9951833,2,1
48,339,3,5,1,28,2,5,0,0,6,4,0,12,7,1,1,1,2,35,2,1,2,1,0,0,2,1,0,0,1,30,1,36,2,14,0,0,0,0,1,5,1,480481,0,2009,0,RILEYFUZZELL,99999999999999999999,0000000,30.11188889,-95.38508056,2,1
48,467,3,6,14,50,1,1,0,0,4,8,0,42,0,1,5,1,2,55,2,1,2,1,0,0,1,1,0,0,14,52,15,0,99,99,0,0,0,0,1,6,0,480482,0,2009,141,FM859,99999999999999999999,0000000,32.60138611,-95.87446667,1,1
48,7,3,7,0,25,1,2,1,0,3,3,0,8,0,1,1,2,4,65,1,1,2,1,0,0,2,1,0,0,88,88,88,88,88,88,0,0,0,0,1,7,0,480483,0,2009,192,SR-35,99999999999999999999,0000000,27.95073889,-97.13828056,1,1
48,231,3,7,16,58,1,1,0,0,6,4,0,38,0,1,4,1,2,35,1,1,4,1,0,0,1,1,0,0,88,88,88,88,88,88,0,0,0,0,1,7,1,480484,0,2009,0,4111,99999999999999999999,0000000,33.16390556,-95.97159444,1,1
48,251,3,7,15,20,2,6,0,0,4,3,0,12,8,1,1,1,2,65,2,1,2,1,0,0,1,1,0,0,15,24,15,38,16,53,0,0,0,0,3,7,0,480485,2690,2009,68,SR-171,99999999999999999999,0000000,32.46490278,-97.55578333,2,1
48,303,3,7,22,3,1,2,1,0,16,5,0,8,0,1,1,5,6,45,1,1,2,1,0,0,3,1,0,0,22,3,22,8,22,20,0,0,0,0,1,7,0,480486,4140,2009,0,19TH,99999999999999999999,0000000,33.57782778,-101.936925,1,1
48,315,3,7,16,2,1,1,0,0,6,4,0,42,0,1,4,1,2,30,2,1,2,1,0,0,1,1,0,0,16,7,16,26,99,99,0,0,0,0,1,7,0,480487,0,2009,0,3222,99999999999999999999,0000000,32.76901667,-94.23108889,1,1
48,439,3,7,23,15,2,3,0,0,16,5,0,12,5,8,1,2,3,40,1,2,1,1,0,0,3,1,0,1,23,18,23,48,23,58,0,0,0,0,1,7,1,480488,260,2009,0,RANDOLMILL,99999999999999999999,0000000,32.74999722,-97.09555833,2,1
48,157,3,8,3,25,1,2,1,1,2,3,0,8,0,1,1,5,6,60,1,1,1,1,0,0,2,1,0,0,88,88,88,88,88,88,0,0,0,0,1,1,0,480489,253,2009,130,SR-6,99999999999999999999,0000000,29.51316389,-95.47232222,1,1
48,483,3,8,12,32,2,4,0,0,3,3,0,12,1,3,1,1,2,70,1,1,2,1,0,0,1,1,0,0,12,43,12,48,14,32,0,0,0,0,1,1,0,480490,0,2009,60,SR-152,21,0000000,35.44458889,-100.1628694,2,1
48,453,3,9,15,33,2,2,0,1,12,3,0,12,5,8,1,2,3,60,1,1,2,1,0,0,1,1,0,0,15,33,15,40,99,99,0,0,0,0,1,2,0,480491,330,2009,138,SR-71,99999999999999999999,0000000,30.20998611,-97.65248611,2,1
48,157,3,10,22,5,2,2,0,0,4,8,0,12,2,1,1,1,2,55,1,1,1,1,0,0,2,1,0,0,22,11,22,20,23,26,0,0,0,0,1,3,1,480492,0,2009,126,FM1093,99999999999999999999,0000000,29.69867778,-95.79818611,2,1
48,459,3,11,10,26,2,2,0,0,3,3,0,12,2,1,1,1,2,60,1,1,2,2,0,0,1,2,0,0,88,88,88,88,88,88,0,0,0,0,1,4,0,480493,0,2009,132,SR-155,99999999999999999999,0000000,32.66258056,-95.01678333,2,2
48,157,3,12,12,1,5,7,0,1,13,3,0,12,1,2,1,2,2,60,1,1,1,2,3,3,1,1,0,0,12,3,12,11,12,36,0,0,0,0,1,5,0,480494,0,2009,27,SR-99,SANDHILL,0000000,29.59893611,-95.68350556,5,1
48,449,3,12,2,5,1,1,0,0,6,4,0,42,0,1,4,1,2,40,2,1,2,2,0,0,2,2,0,0,2,16,2,29,2,54,0,0,0,0,1,5,1,480495,0,2009,0,3210,99999999999999999999,0000000,33.19415,-94.9468,1,2
48,113,3,13,10,8,1,1,0,0,16,5,0,33,0,1,4,5,4,40,2,2,2,2,0,0,1,2,0,0,10,10,10,13,10,56,0,0,0,0,1,6,0,480496,2800,2009,0,CARRIER,99999999999999999999,0000000,32.72412778,-97.01549167,1,2
48,201,3,13,8,30,2,2,0,1,11,1,0,12,7,1,1,3,4,60,1,1,1,2,0,0,1,2,0,0,88,88,88,88,88,88,0,0,0,0,1,6,0,480497,3280,2009,279,I-45,99999999999999999999,0000000,29.80782778,-95.37315833,2,2
48,201,3,15,2,25,1,2,0,0,4,8,0,38,0,1,4,1,2,60,2,2,2,1,0,0,2,1,0,0,88,88,88,88,88,88,0,0,0,0,1,1,1,480499,0,2009,63,FM1942,99999999999999999999,0000000,29.84536111,-94.98797222,1,1
48,343,3,15,7,12,1,1,0,0,3,3,0,42,0,1,5,1,2,70,1,1,2,2,0,0,1,5,0,0,88,88,88,88,88,88,0,0,0,0,1,1,0,480500,0,2009,42,SR-49,99999999999999999999,0000000,33.07088056,-94.75505833,1,5
48,453,3,15,2,8,1,5,0,1,11,1,0,1,0,1,10,3,3,55,2,2,2,1,0,0,3,1,0,0,2,9,2,15,2,27,0,0,0,0,1,1,1,480501,330,2009,163,I-35,99999999999999999999,0000000,30.24493056,-97.73486667,1,1
48,499,3,15,8,2,1,2,0,1,2,7,0,18,0,11,1,1,2,70,1,1,2,2,0,0,3,1,0,1,8,4,8,11,88,88,0,0,0,0,2,1,1,480502,0,2009,118,US-69,FM564,0000000,32.68683056,-95.49718611,1,1
48,201,3,16,22,46,1,1,0,1,13,7,0,33,0,2,4,4,3,45,1,1,1,1,99,9,3,1,0,0,22,47,22,54,23,23,0,0,0,0,1,2,1,480503,3280,2009,110,SL8,TRAILHOLLOW,0000000,29.77964444,-95.56340556,1,1
48,337,3,16,21,20,1,1,0,0,4,8,0,1,0,1,4,1,2,60,2,2,2,1,40,3,2,1,0,0,21,20,21,30,22,0,0,0,0,0,1,2,1,480504,0,2009,205,FM103,99999999999999999999,0000000,33.92573611,-97.72039444,1,1
48,373,3,17,15,9,2,2,0,0,4,8,0,12,2,1,1,1,2,55,1,2,2,1,0,0,1,1,0,0,88,88,88,88,88,88,0,0,0,0,1,3,0,480505,0,2009,25,FM62,99999999999999999999,0000000,30.90051667,-94.78521667,2,1
48,473,3,17,2,7,1,1,0,1,2,2,0,33,0,3,4,1,2,55,1,1,2,1,62,3,3,1,0,0,88,88,88,88,88,88,0,0,0,0,1,3,0,480506,7240,2009,162,US-290,FM362,9999999,30.05841667,-95.93385,1,1
48,489,3,17,8,0,2,3,0,0,3,3,0,12,5,2,1,2,2,70,1,1,2,1,20,3,1,5,0,0,8,10,8,21,9,0,0,0,0,0,1,3,0,480507,0,2009,30,SR-186,FM88,0000000,26.48497778,-97.94867222,2,5
48,303,3,18,2,25,3,5,0,1,13,2,0,12,5,2,1,2,6,35,1,1,2,1,3,3,3,1,0,0,2,26,2,28,2,35,0,0,0,0,2,4,1,480508,4140,2009,169,US-62,UNIVERSITY,0000000,33.57789444,-101.8706944,3,1
48,453,3,18,21,10,1,3,0,1,13,8,0,1,0,1,4,1,2,99,2,1,2,1,0,0,3,1,0,0,88,88,88,88,88,88,0,0,0,0,1,4,0,480509,330,2009,30,SL275,99999999999999999999,0000000,30.40093611,-97.68161111,1,1
48,113,3,20,7,10,2,3,1,1,13,8,0,8,0,3,1,2,3,45,1,1,2,1,1,3,4,1,0,0,7,12,7,14,7,33,0,0,0,0,1,6,0,480510,1730,2009,269,SL12,SHADYBROOK,0000000,32.86554722,-96.76383333,2,1
48,113,3,20,2,33,1,2,0,1,12,3,0,34,0,1,10,3,5,60,1,1,2,1,0,0,3,1,0,0,2,34,2,41,3,8,0,0,0,0,1,6,1,480511,3420,2009,110,SR-114,99999999999999999999,0000000,32.91859167,-97.01530278,1,1
48,277,3,20,18,28,2,6,0,0,15,8,0,12,5,2,1,2,4,30,1,1,2,1,5,3,1,1,0,0,18,29,18,36,19,5,0,0,0,0,1,6,0,480512,5220,2009,16,SL286,FM1497,0000000,33.631375,-95.55482222,2,1
48,141,3,21,16,34,2,3,0,1,13,7,0,12,5,10,1,3,4,55,1,1,2,1,3,3,1,1,0,0,16,35,16,41,17,34,0,0,0,0,1,7,0,480513,2190,2009,214,US-62,SL375,0000000,31.80666667,-106.2677972,2,1
48,167,3,21,2,4,3,9,0,1,13,8,0,12,1,2,1,1,4,40,1,1,2,1,3,3,3,5,0,0,2,4,2,13,3,22,0,0,0,0,2,7,1,480514,3850,2009,9,FM1765,ROSS,0000000,29.37908889,-94.95604722,3,5
48,201,3,21,0,31,2,5,0,0,6,4,0,12,5,8,1,1,2,45,1,1,2,1,0,0,2,1,0,0,0,39,0,49,99,99,0,0,0,0,1,7,1,480515,0,2009,0,HARDY,99999999999999999999,0000000,29.98911944,-95.39420556,2,1
48,453,3,21,2,23,1,2,0,0,16,5,0,39,0,1,4,2,2,35,2,1,2,1,0,0,2,1,0,0,2,23,2,28,2,59,0,0,0,0,1,7,1,480516,330,2009,0,ANDERSONMILL,99999999999999999999,0000000,30.45019167,-97.81895278,1,1
48,309,3,22,20,30,1,2,1,1,13,3,0,8,0,1,1,2,2,40,1,1,1,1,0,0,2,1,0,0,88,88,88,88,88,88,0,0,0,0,1,1,0,480517,7210,2009,226,SR-84,99999999999999999999,0000000,31.54561944,-97.15022222,1,1
48,375,3,22,2,14,1,2,1,1,13,8,0,8,0,1,1,2,9,35,1,1,2,1,0,0,3,1,0,0,88,88,88,88,88,88,0,0,0,0,1,1,0,480518,150,2009,12,BU40,99999999999999999999,0000000,35.22198333,-101.8057861,1,1
48,309,3,26,2,18,2,2,0,1,11,1,0,12,2,1,1,3,3,65,1,2,2,2,0,0,3,5,0,0,88,88,88,88,88,88,0,0,0,0,1,5,1,480519,7210,2009,168,I-35,99999999999999999999,0000000,31.568275,-97.116775,2,5
48,29,3,27,19,35,1,1,0,0,16,5,0,53,0,1,4,1,2,35,1,3,2,1,0,0,1,1,0,0,88,88,88,88,88,88,0,0,0,0,1,6,1,480520,6090,2009,0,CALLAGHAN,99999999999999999999,0000000,29.50063611,-98.56289722,1,1
48,167,3,29,7,8,1,2,1,0,16,5,0,8,0,1,1,1,2,30,1,1,2,1,0,0,2,1,0,0,7,8,7,13,88,88,0,0,0,0,1,1,0,480521,3920,2009,0,DICKINSON,99999999999999999999,0000000,29.50083611,-95.08296944,1,1
48,7,1,3,17,44,2,8,0,0,4,8,0,12,5,1,4,1,2,60,2,1,2,1,40,3,1,1,0,0,17,44,18,11,19,10,0,0,0,0,2,7,0,480522,0,2009,7,FM136,99999999999999999999,0000000,28.066225,-97.217675,2,1
48,113,1,17,20,43,2,8,0,1,12,7,0,12,5,2,1,3,3,40,1,2,1,1,3,3,3,1,0,0,20,50,20,54,21,28,0,0,0,0,1,7,1,480523,1730,2009,69,US-75,FOREST,0000000,32.90937778,-96.76830833,2,1
48,481,2,11,7,30,1,3,1,0,16,5,0,8,0,3,1,1,2,99,1,1,2,1,20,3,1,1,0,0,8,19,8,49,9,21,0,0,0,0,1,4,0,480524,2130,2009,0,HOSKINSBROADWAY,CORRELL,0000000,29.20072778,-96.27767778,1,1
48,109,2,17,17,7,1,2,0,1,1,1,0,1,0,1,10,3,2,80,1,1,2,1,0,0,2,1,0,0,88,88,88,88,88,88,0,0,0,0,1,3,0,480525,0,2009,103,I-10,99999999999999999999,0000000,31.04420833,-104.761,1,1
48,215,2,19,19,26,1,4,0,0,16,5,0,25,0,1,4,1,2,35,1,2,1,1,0,0,5,1,0,0,19,38,19,39,20,3,0,0,0,0,1,5,0,480526,4197,2009,0,BENTSEN,99999999999999999999,0000000,26.22584722,-98.26694722,1,1
48,113,2,25,18,58,1,2,1,0,16,5,0,8,0,1,1,2,3,35,1,1,2,1,0,0,2,1,0,0,18,59,19,5,19,21,0,0,0,0,1,4,0,480527,1730,2009,0,IRVING,99999999999999999999,0000000,32.79608611,-96.83417222,1,1
48,305,2,28,23,15,1,2,0,0,4,8,0,34,0,1,4,1,2,65,1,1,2,1,0,0,2,1,0,0,99,99,23,17,0,4,0,0,0,0,1,7,1,480528,0,2009,13,FM211,99999999999999999999,0000000,33.32480833,-101.7842667,1,1
48,27,2,25,12,19,1,1,0,0,6,4,0,37,0,1,4,1,2,45,2,1,2,1,0,0,1,1,0,0,88,88,88,88,88,88,0,0,0,0,1,4,0,480529,0,2009,0,IVYGAPMOUNTAIN,99999999999999999999,0000000,31.06703333,-97.87986667,1,1
48,491,3,1,13,30,2,4,0,0,3,3,0,12,2,1,1,5,4,55,1,1,2,1,0,0,1,1,0,0,13,31,13,40,14,14,0,0,0,0,4,1,0,480530,3981,2009,96,SR-29,99999999999999999999,0000000,30.64905,-97.861225,2,1
48,21,3,2,0,37,1,1,0,0,5,8,0,1,0,1,1,1,2,60,1,1,2,1,0,0,2,1,0,0,88,88,88,88,88,88,0,0,0,0,1,2,1,480531,0,2009,1,FM672,99999999999999999999,0000000,29.97910556,-97.53673889,1,1
48,215,3,5,21,26,1,2,1,0,16,5,0,9,0,1,1,1,2,40,1,1,2,1,0,0,3,1,0,0,21,29,21,34,21,51,0,0,0,0,1,5,0,480532,4197,2009,0,DOVE,99999999999999999999,0000000,26.25401944,-98.22334167,1,1
48,453,3,7,20,51,1,2,1,1,13,8,0,8,0,2,1,2,4,35,1,1,1,1,2,3,3,1,0,0,20,51,20,56,21,8,0,0,0,0,1,7,0,480533,330,2009,3,SL343,LAMARSQUARE,0000000,30.25424722,-97.762575,1,1
48,339,3,8,0,21,1,2,1,1,1,1,0,8,0,1,1,3,2,65,1,2,2,1,0,0,2,1,0,0,88,88,88,88,88,88,0,0,0,0,1,1,1,480534,0,2009,256,I-45,99999999999999999999,0000000,30.47360278,-95.49608333,1,1
48,471,3,9,2,55,1,1,0,1,1,1,0,42,0,1,3,3,2,65,1,1,2,1,0,0,2,1,0,0,88,88,88,88,88,88,0,0,0,0,1,2,0,480535,0,2009,243,I-45,99999999999999999999,0000000,30.79552778,-95.67898889,1,1
48,339,3,11,8,9,1,1,0,0,16,5,0,35,0,1,4,1,2,40,1,1,2,1,0,0,1,1,0,0,88,88,88,88,88,88,0,0,0,0,1,4,0,480536,4878,2009,0,TRAM,99999999999999999999,0000000,30.21299167,-95.139325,1,1
48,339,3,12,11,50,2,2,0,0,3,3,0,12,2,1,1,1,2,60,2,1,2,2,0,0,1,2,0,0,11,53,12,5,12,32,0,0,0,0,1,5,0,480537,0,2009,95,SR-242,99999999999999999999,0000000,30.21249444,-95.35935,2,2
48,331,3,14,8,18,1,2,1,0,4,8,0,8,0,1,4,1,2,65,1,1,2,2,0,0,2,1,0,0,88,88,88,88,88,88,0,0,0,0,1,7,1,480538,0,2009,57,FM486,99999999999999999999,0000000,30.63273611,-97.19676944,1,1
48,39,3,14,1,55,1,1,0,0,6,4,0,32,0,1,4,1,2,35,2,1,2,2,0,0,2,2,0,0,88,88,88,88,88,88,0,0,0,0,1,7,1,480539,0,2009,0,89,99999999999999999999,0000000,29.51629167,-95.34717222,1,2
48,167,3,14,17,25,1,2,0,0,16,5,0,27,0,3,4,1,2,30,1,1,2,2,0,0,1,2,0,0,17,29,17,32,17,59,0,0,0,0,1,7,1,480540,366,2009,0,FUQUA,OKLAHOMA,0000000,29.51261389,-94.98636111,1,2
48,251,3,14,21,50,1,1,0,0,4,8,0,42,0,1,4,1,2,55,2,2,2,1,0,0,2,1,0,0,88,88,88,88,88,88,0,0,0,0,1,7,0,480541,0,2009,126,FM731,99999999999999999999,0000000,32.48755278,-97.33658889,1,1
48,471,3,14,8,10,1,3,0,1,1,1,0,42,0,1,3,2,2,70,1,1,2,2,0,0,1,1,0,0,88,88,88,88,88,88,0,0,0,0,1,7,0,480542,0,2009,240,I-45,99999999999999999999,0000000,30.79118056,-95.67251389,1,1
48,167,3,16,6,1,1,2,1,0,3,8,0,8,0,3,1,5,4,45,1,1,1,1,20,3,3,1,0,0,6,3,6,27,99,99,0,0,0,0,1,2,0,480543,1920,2009,130,FM517,COUNTRYCLUB,0000000,29.46730556,-95.02281944,1,1
48,339,3,16,19,59,3,6,0,0,4,8,0,12,1,8,1,1,2,40,1,1,2,1,0,0,3,1,0,0,20,0,20,5,20,42,0,0,0,0,1,2,0,480544,5434,2009,321,LP494,99999999999999999999,0000000,30.10646944,-95.228325,3,1
48,187,3,17,7,7,3,5,0,0,4,8,0,12,5,2,1,1,2,65,1,1,2,2,20,3,2,5,0,0,7,45,7,51,8,5,0,0,0,0,2,3,0,480545,0,2009,182,BU90A,WEBER,0000000,29.57458056,-97.90344722,3,5
48,1,3,18,19,45,2,3,0,1,2,2,0,12,2,1,1,1,2,55,1,1,2,1,0,0,2,1,0,0,19,48,19,58,99,99,0,0,0,0,1,4,1,480546,2470,2009,33,US-175,99999999999999999999,0000000,32.05206111,-95.516425,2,1
48,35,3,18,18,45,1,1,0,0,4,8,0,22,0,1,4,1,2,60,2,1,2,2,0,0,1,1,0,0,88,88,88,88,88,88,0,0,0,0,1,4,0,480547,0,2009,187,FM219,99999999999999999999,0000000,31.76294722,-97.61472778,1,1
48,477,3,18,6,7,1,2,1,0,4,8,0,8,0,1,1,1,2,60,1,2,2,1,0,0,2,1,0,0,88,88,88,88,88,88,0,0,0,0,1,4,0,480548,0,2009,34,FM109,99999999999999999999,0000000,30.07832222,-96.43990833,1,1
48,365,3,19,15,50,2,2,0,0,3,3,0,12,5,2,1,1,2,70,2,2,2,1,20,3,1,1,0,0,88,88,88,88,88,88,0,0,0,0,1,5,0,480549,0,2009,86,SR-149,FM959,0000000,32.22966667,-94.44298333,2,1
48,487,3,19,10,32,1,1,0,0,6,4,0,10,0,6,1,1,2,99,1,1,5,1,71,1,1,1,0,0,88,88,88,88,88,88,0,0,0,0,1,5,0,480550,0,2009,0,HARROLD,99999999999999999999,274938U,34.07806111,-99.02748889,1,1
48,69,3,20,0,35,2,2,0,0,3,2,0,12,5,1,1,1,2,65,1,1,2,1,0,0,2,1,0,0,0,36,0,50,1,8,0,19,0,0,1,6,0,480551,0,2009,110,US-385,99999999999999999999,0000000,34.60663889,-102.3122472,2,1
48,51,3,21,21,40,1,4,0,0,4,8,0,42,0,1,4,1,2,65,1,1,2,1,0,0,2,1,0,0,88,88,88,88,88,88,0,0,0,0,1,7,1,480552,0,2009,12,FM166,99999999999999999999,0000000,30.53601389,-96.66889167,1,1
48,201,3,21,2,31,1,1,0,0,3,3,0,24,0,1,4,3,3,65,1,1,1,1,0,0,2,1,0,0,2,32,2,46,3,37,0,0,0,0,1,7,1,480553,0,2009,82,SR-249,99999999999999999999,0000000,30.01953333,-95.59481389,1,1
48,375,3,21,15,0,2,6,0,1,1,1,0,12,1,1,1,2,4,70,1,1,2,1,0,0,1,1,0,0,15,30,15,39,16,6,0,0,0,0,1,7,0,480554,0,2009,50,I-40,99999999999999999999,0000000,35.19033889,-102.019175,2,1
48,407,3,21,15,29,1,1,0,0,4,8,0,1,0,1,4,1,2,55,2,2,2,1,0,0,1,1,0,0,15,38,15,46,15,59,0,0,0,0,1,7,0,480555,0,2009,44,FM224,99999999999999999999,0000000,30.64566944,-95.14269722,1,1
48,469,3,21,2,51,1,3,0,0,3,2,0,52,0,1,4,3,2,65,1,3,2,2,0,0,3,5,0,0,2,53,3,12,3,58,0,0,0,0,1,7,1,480556,5373,2009,287,US-87,99999999999999999999,0000000,28.68951944,-96.83117222,1,5
48,201,3,22,19,15,1,1,0,1,1,1,0,20,0,5,8,6,1,35,2,1,1,1,0,0,5,1,0,1,19,25,19,37,88,88,0,0,0,0,1,1,1,480557,0,2009,518,I-10,99999999999999999999,0000000,29.79441111,-95.06511111,1,1
48,203,3,22,19,44,2,4,0,1,1,7,0,12,1,1,1,1,2,55,1,1,2,1,0,0,5,1,0,0,88,88,88,88,88,88,0,0,0,0,2,1,1,480558,0,2009,15,I-20,99999999999999999999,0000000,32.45899444,-94.671125,2,1