STATE,COUNTY,MONTH,DAY,HOUR,MINUTE,VE_TOTAL,PERSONS,PEDS,NHS,ROAD_FNC,ROUTE,SP_JUR,HARM_EV,MAN_COLL,REL_JUNC,REL_ROAD,TRAF_FLO,NO_LANES,SP_LIMIT,ALIGNMNT,PROFILE,PAVE_TYP,SUR_COND,TRA_CONT,T_CONT_F,LGT_COND,WEATHER1,WEATHER2,WRK_ZONE,NOT_HOUR,NOT_MIN,ARR_HOUR,ARR_MIN,HOSP_HR,HOSP_MN,SCH_BUS,CF1,CF2,CF3,FATALS,DAY_WEEK,DRUNK_DR,ST_CASE,CITY,YEAR,MILEPT,TWAY_ID,TWAY_ID2,RAIL,LATITUDE,LONGITUD,VE_FORMS,WEATHER
48,321,3,22,18,34,1,2,0,0,3,3,0,32,0,1,4,1,2,70,1,1,2,1,0,0,1,1,0,0,18,54,19,19,20,14,0,0,0,0,1,1,1,480559,0,2009,96,SR-71,99999999999999999999,0000000,28.89466111,-96.19373056,1,1
48,361,3,22,18,48,5,7,0,1,11,1,0,12,1,1,1,3,2,55,1,1,2,1,0,0,1,1,0,1,18,48,18,52,20,16,0,0,0,0,1,1,0,480560,7200,2009,59,I-10,99999999999999999999,0000000,30.13517222,-94.00860556,5,1
48,497,3,22,22,30,1,1,0,0,6,4,0,42,0,1,4,1,2,30,2,1,2,1,0,0,2,1,0,0,88,88,88,88,88,88,0,0,0,0,1,1,0,480561,0,2009,0,4590,99999999999999999999,0000000,33.08143333,-97.62376389,1,1
48,187,3,23,16,50,5,9,0,1,1,1,0,13,4,1,1,2,2,70,1,1,2,1,0,0,1,1,0,0,17,0,17,16,18,2,0,14,0,0,3,2,0,480562,0,2009,28,I-10,99999999999999999999,0000000,29.51669722,-98.14529167,5,1
48,291,3,23,0,50,1,1,0,0,4,8,0,1,0,1,1,1,2,60,2,1,1,2,0,0,2,1,0,0,0,53,1,5,1,53,0,0,0,0,1,2,1,480563,0,2009,134,FM787,99999999999999999999,0000000,30.42687222,-94.84822222,1,1
48,157,3,24,6,3,1,3,1,1,2,2,0,8,0,1,1,2,2,60,1,1,1,1,0,0,2,1,0,0,88,88,88,88,88,88,0,0,0,0,1,3,0,480564,0,2009,306,US-59,99999999999999999999,0000000,29.44683333,-95.99809167,1,1
48,159,3,24,19,18,1,1,0,0,4,2,0,1,0,1,1,1,2,65,1,1,2,1,0,0,5,1,0,0,88,88,88,88,88,88,0,0,0,0,1,3,1,480565,0,2009,50,US-67,99999999999999999999,0000000,33.17547222,-95.38711944,1,1
48,163,3,24,5,17,1,3,1,1,1,7,0,8,0,1,1,1,2,50,1,1,2,1,0,0,2,1,0,0,5,19,5,38,5,48,0,20,0,0,1,3,0,480566,0,2009,152,I-35,99999999999999999999,0000000,28.71205278,-99.15784167,1,1
48,303,2,20,14,34,1,2,0,1,13,2,0,5,0,2,1,1,9,45,1,1,2,1,3,3,1,1,0,0,14,36,14,39,14,57,0,0,0,0,1,6,0,480567,4140,2009,38,US-84,50TH,0000000,33.54875278,-101.8552833,1,1
48,113,2,13,18,44,2,7,0,0,16,5,0,12,5,2,1,2,6,30,1,1,2,1,20,3,5,1,0,0,18,44,18,46,19,30,0,0,0,0,1,6,0,480568,1730,2009,0,SHILOH,SANTAANNA,0000000,32.85563611,-96.66576111,2,1
48,141,2,27,2,17,2,3,0,0,16,5,0,12,1,1,1,2,4,55,1,1,2,1,0,0,3,1,0,0,88,88,88,88,88,88,0,0,0,0,1,6,1,480569,2190,2009,0,MONTANA,99999999999999999999,0000000,31.80271389,-106.2954806,2,1
48,439,3,26,19,16,4,4,0,1,13,3,0,12,4,2,1,1,4,40,1,1,2,1,3,3,1,1,0,0,19,30,19,37,20,5,0,0,0,0,1,5,0,480571,2990,2009,11,SR-183,CARSON,0000000,32.80491111,-97.25575833,4,1
48,85,3,27,15,18,3,6,0,0,16,5,0,12,5,2,1,2,2,55,1,1,1,1,3,3,1,1,0,0,15,20,15,26,16,4,0,0,0,0,1,6,0,480572,2520,2009,0,DALLAS,PANTHERCREEK,0000000,33.18962222,-96.83949167,3,1
48,141,3,27,14,28,1,1,0,0,16,6,0,1,0,3,1,1,2,30,2,1,2,1,0,0,1,1,0,0,14,32,14,34,99,99,0,20,0,0,1,6,0,480573,3276,2009,0,KENAZO,LAUREN,0000000,31.67624167,-106.1878389,1,1
48,201,3,27,17,37,1,1,0,0,16,5,0,1,0,1,4,1,2,40,2,2,1,2,0,0,1,2,0,0,17,38,17,48,18,28,0,0,0,0,1,6,0,480574,480,2009,0,BAYWAY,99999999999999999999,0000000,29.74374167,-95.02748056,1,2
48,351,3,27,17,18,1,1,0,0,4,8,0,42,0,1,4,1,2,65,1,3,2,2,0,0,1,1,0,0,88,88,88,88,88,88,0,0,0,0,1,6,0,480575,0,2009,119,FM363,99999999999999999999,0000000,30.73926944,-93.69669444,1,1
48,453,3,27,6,23,1,1,0,1,13,8,0,30,0,3,3,2,2,60,1,2,2,2,3,3,3,5,0,0,88,88,88,88,88,88,0,0,0,0,1,6,0,480576,330,2009,209,LP360,LOSTCREEK,0000000,30.28368611,-97.82424167,1,5
48,91,3,28,16,52,2,2,0,1,13,3,0,12,4,1,1,5,3,45,1,1,2,1,0,0,1,1,0,0,16,52,16,58,17,29,0,0,0,0,1,7,1,480577,4870,2009,177,SR-46,99999999999999999999,0000000,29.71935556,-98.16411944,2,1
48,167,3,28,23,36,1,3,0,1,13,8,0,46,0,3,4,2,2,45,2,1,1,1,3,3,3,1,0,0,23,44,0,4,99,99,0,0,0,0,2,7,1,480578,2505,2009,16,FM528,SUNMEADOW,0000000,29.48230556,-95.21880556,1,1
48,27,3,29,4,6,1,1,0,0,15,7,0,25,0,3,8,4,2,45,1,3,2,1,20,3,2,1,0,1,88,88,88,88,88,88,0,20,0,0,1,1,1,480580,6810,2009,33,LP190,OAKDALE,0000000,31.07890278,-97.38304722,1,1
48,161,3,29,3,42,1,1,0,0,5,8,0,38,0,1,4,1,2,65,1,2,2,1,0,0,2,1,0,0,88,88,88,88,88,88,0,0,0,0,1,1,1,480581,0,2009,5,FM489,99999999999999999999,0000000,31.59824167,-96.13297778,1,1
48,161,3,29,20,27,1,1,0,0,6,4,0,38,0,1,4,1,2,35,2,1,8,1,0,0,2,1,0,0,88,88,88,88,88,88,0,0,0,0,1,1,1,480582,0,2009,0,841,99999999999999999999,0000000,31.56191667,-96.30857778,1,1
48,201,3,29,5,20,1,1,0,0,16,7,0,33,0,1,10,4,3,50,1,2,1,1,0,0,3,1,0,0,88,88,88,88,88,88,0,0,0,0,1,1,1,480583,0,2009,0,SAMHOUSTON,99999999999999999999,0000000,29.59673889,-95.42493333,1,1
48,245,3,29,18,28,1,1,0,1,12,2,0,30,0,3,4,3,3,65,2,2,2,1,0,0,1,1,0,0,88,88,88,88,88,88,0,0,0,0,1,1,0,480584,490,2009,70,US-69,SPINDLETOP,0000000,30.03332778,-94.05906389,1,1
48,245,3,29,17,9,2,3,1,1,13,3,0,14,1,1,2,2,4,70,1,1,2,1,0,0,1,1,0,0,17,14,17,19,18,3,0,23,0,0,2,1,0,480585,2905,2009,8,SR-73,99999999999999999999,0000000,29.94065833,-93.89590556,1,1
48,453,3,29,20,0,2,3,0,0,16,5,0,12,2,1,1,1,2,35,2,1,2,1,0,0,2,1,0,0,88,88,88,88,88,88,0,0,0,0,1,1,0,480586,330,2009,0,LAMAR,99999999999999999999,0000000,30.28128333,-97.75055,2,1
48,251,3,30,0,40,1,1,0,0,5,8,0,42,0,1,4,1,2,60,2,2,2,1,0,0,2,1,0,0,88,88,88,88,88,88,0,0,0,0,1,2,0,480587,0,2009,19,FM2135,99999999999999999999,0000000,32.32350278,-97.34907778,1,1
48,113,3,31,8,10,2,2,1,0,16,5,0,33,0,1,4,1,2,20,1,2,2,1,39,3,1,1,0,0,8,16,8,18,8,43,0,21,0,0,1,3,0,480588,1730,2009,0,DENLEY,99999999999999999999,0000000,32.73170833,-96.80549167,1,1
48,201,3,31,17,57,1,1,0,0,16,5,0,1,0,1,1,2,4,35,2,1,1,1,0,0,1,1,0,0,18,3,18,20,19,35,0,0,0,0,1,3,0,480589,3280,2009,0,ANTOINE,99999999999999999999,0000000,29.80808333,-95.47555,1,1
48,497,3,19,19,10,2,2,0,0,4,3,0,12,3,1,1,1,4,65,2,2,2,1,0,0,1,1,0,0,19,13,19,26,99,99,0,0,0,0,1,5,2,480590,0,2009,309,SR-114,99999999999999999999,0000000,33.07533333,-97.61370278,2,1
48,85,4,1,8,49,1,1,0,1,12,7,0,33,0,1,10,4,3,60,1,1,1,1,0,0,1,1,0,0,8,50,8,56,9,31,0,0,0,0,1,4,0,480591,5390,2009,185,SR-121,99999999999999999999,0000000,33.11546944,-96.75883611,1,1
48,113,4,3,22,55,2,5,0,1,13,8,0,12,5,2,1,2,6,40,1,2,2,1,0,0,3,1,0,0,23,8,23,16,23,31,0,0,0,0,1,6,0,480592,1730,2009,35,SL12,OATES,0000000,32.82015833,-96.69160833,2,1
48,201,4,3,20,21,3,4,0,1,13,8,0,12,1,1,1,5,4,50,1,1,2,1,0,0,2,1,0,0,20,22,20,27,20,50,0,20,0,0,1,6,1,480593,0,2009,272,FM1960,99999999999999999999,0000000,29.99961667,-95.222625,3,1
48,291,4,3,22,44,2,3,0,0,3,2,0,12,5,2,1,2,2,65,1,1,1,1,21,3,2,1,0,0,23,18,23,29,99,99,0,0,0,0,1,6,0,480594,1770,2009,27,US-90,FM1413,0000000,29.98813333,-94.96577778,2,1
48,29,4,4,2,34,2,2,0,1,11,1,0,12,1,1,1,3,3,60,1,2,2,1,0,0,3,1,0,1,88,88,88,88,88,88,0,0,0,0,1,7,1,480595,6090,2009,140,I-410,99999999999999999999,0000000,29.48468889,-98.59464444,2,1
48,181,4,4,1,50,2,2,0,0,14,8,0,12,2,1,1,1,2,30,1,1,2,1,0,0,2,1,0,0,1,50,1,54,2,9,0,0,0,0,1,7,1,480596,1830,2009,13,FM129,99999999999999999999,0000000,33.75511944,-96.52953611,2,1
48,439,4,4,3,0,1,1,0,0,16,5,0,42,0,1,3,2,2,45,2,1,1,1,0,0,3,1,0,0,88,88,88,88,88,88,0,0,0,0,1,7,1,480597,260,2009,0,COLLINS,99999999999999999999,0000000,32.6612,-97.09013056,1,1
48,29,4,5,1,21,2,2,0,1,11,1,0,25,0,15,4,3,3,65,2,1,2,1,0,0,3,1,0,0,88,88,88,88,88,88,0,0,0,0,1,1,1,480598,6090,2009,19,I-10,99999999999999999999,0000000,29.39479444,-98.48054444,2,1
48,227,3,24,9,18,2,3,0,1,13,8,0,12,5,3,1,4,3,30,1,1,2,1,3,3,1,1,0,0,9,19,9,23,9,43,0,0,0,0,1,3,0,480599,640,2009,135,BI20G,SCURRY,0000000,32.25100833,-101.4774417,2,1
48,85,3,25,16,15,2,2,0,1,13,2,0,12,4,1,1,1,4,60,1,1,2,1,0,0,1,1,0,0,16,27,16,28,17,5,0,0,0,0,1,4,0,480600,4230,2009,59,US-380,99999999999999999999,0000000,33.21824444,-96.70155278,2,1
48,149,3,26,21,10,1,1,0,0,6,4,0,1,0,1,4,1,2,45,2,1,2,2,0,0,6,1,0,0,21,19,21,41,99,99,0,0,0,0,1,5,1,480601,0,2009,0,CAMPLONESTAR,99999999999999999999,0000000,29.89233611,-96.86828056,1,1
48,121,3,3,22,11,1,2,0,0,6,4,0,38,0,1,4,1,2,35,1,1,2,1,0,0,2,1,0,0,22,16,22,35,99,99,0,0,0,0,1,3,0,480602,0,2009,0,JOHNDAY,99999999999999999999,0000000,33.01606667,-97.36523611,1,1
48,215,3,6,14,29,1,1,0,0,6,4,0,1,0,1,4,1,2,45,1,1,2,1,0,0,1,1,0,0,88,88,88,88,88,88,0,0,0,0,1,6,1,480603,0,2009,0,WESTERN,99999999999999999999,0000000,26.30450556,-98.39594167,1,1
48,453,3,8,23,3,1,2,0,0,4,8,0,1,0,1,4,1,4,60,1,1,2,1,0,0,3,1,0,0,88,88,88,88,88,88,0,0,0,0,1,1,1,480604,0,2009,3,FM812,99999999999999999999,0000000,30.159925,-97.68397222,1,1
48,67,3,11,13,35,3,3,0,0,3,3,0,12,4,1,1,1,2,70,2,1,2,2,0,0,1,2,0,0,13,38,13,48,99,99,0,0,0,0,1,4,0,480605,0,2009,116,SR-49,99999999999999999999,0000000,32.97371111,-94.59571944,3,2
48,229,3,17,13,52,1,2,0,1,1,1,0,1,0,1,3,2,2,80,1,2,1,1,0,0,1,1,0,0,13,57,14,41,99,99,0,0,0,0,1,3,0,480606,0,2009,576,I-10,99999999999999999999,0000000,31.11601944,-105.1573611,1,1
48,327,3,20,8,6,1,2,0,0,4,3,0,42,0,1,4,1,2,70,1,1,2,1,0,0,1,1,0,0,88,88,88,88,88,88,0,0,0,0,1,6,0,480607,0,2009,0,SR-29,99999999999999999999,0000000,30.87909722,-99.76176111,1,1
48,141,3,22,2,6,1,1,0,0,16,5,0,1,0,1,4,2,2,55,1,1,2,1,0,0,2,1,0,0,88,88,88,88,88,88,0,0,0,0,1,1,1,480608,2190,2009,0,RAILROAD,99999999999999999999,0000000,31.82420833,-106.4362417,1,1
48,63,3,23,17,25,3,6,0,0,3,3,0,12,1,3,1,1,2,70,1,2,2,1,0,0,1,1,0,0,17,34,17,38,18,1,0,0,0,0,2,2,0,480609,0,2009,103,SR-11,3101,0000000,33.00588889,-95.00360833,3,1
48,1,3,26,12,12,1,1,0,0,5,8,0,32,0,1,4,1,2,60,2,2,2,1,0,0,1,1,0,0,88,88,88,88,88,88,0,0,0,0,1,5,0,480610,0,2009,50,FM323,99999999999999999999,0000000,31.715725,-95.5441,1,1
48,181,3,26,1,15,1,1,0,0,4,8,0,1,0,1,4,1,2,60,2,1,2,2,0,0,2,5,0,0,88,88,88,88,88,88,0,0,0,0,1,5,1,480611,0,2009,16,FM120,99999999999999999999,0000000,33.83945556,-96.67743333,1,5
48,85,3,28,23,44,1,1,0,0,6,4,0,53,0,1,4,1,2,35,2,1,2,1,0,0,2,1,0,0,88,88,88,88,88,88,0,0,0,0,1,7,1,480612,0,2009,0,727,99999999999999999999,0000000,33.05153333,-96.55100833,1,1
48,329,3,28,4,29,2,2,0,1,12,3,0,12,2,5,1,6,1,45,1,1,2,1,0,0,3,1,0,0,88,88,88,88,88,88,0,0,0,0,1,7,1,480613,4560,2009,21,SR-158RAMP,99999999999999999999,0000000,31.98681667,-102.1501472,2,1
48,201,3,29,0,15,1,3,0,1,12,2,0,25,0,1,3,3,5,60,1,1,1,1,0,0,3,1,0,0,0,18,0,32,0,52,0,0,0,0,1,1,1,480614,3280,2009,33,US-59,99999999999999999999,0000000,29.81241944,-95.33529167,1,1
48,473,3,29,13,23,2,3,0,0,5,8,0,12,5,2,1,1,2,60,1,1,2,1,20,3,1,1,0,0,13,37,13,55,14,38,0,0,0,0,2,1,0,480615,0,2009,42,FM529,FM2855,0000000,29.87431944,-95.89058889,2,1
48,21,3,31,2,0,1,2,0,0,6,4,0,42,0,1,4,1,2,35,2,1,2,1,0,0,2,1,0,0,2,28,2,41,3,34,0,0,0,0,1,3,0,480616,0,2009,0,WAUGHWAY,99999999999999999999,0000000,30.19651944,-97.31820278,1,1
48,491,3,31,10,0,2,2,0,1,2,2,0,12,1,8,1,1,4,60,1,1,2,1,0,0,1,1,0,0,88,88,88,88,88,88,0,0,0,0,1,3,0,480617,3981,2009,139,US-183,99999999999999999999,0000000,30.65186389,-97.874875,2,1
48,29,2,21,0,10,1,3,0,0,4,8,0,1,0,1,4,1,2,65,1,1,2,1,0,0,6,1,0,0,0,42,1,0,1,26,0,0,0,0,1,7,1,480618,33,2009,107,FM1604,99999999999999999999,0000000,29.38410556,-98.23970833,1,1
48,201,3,17,23,47,1,1,0,1,12,2,0,26,0,3,10,2,3,60,1,1,1,1,0,0,3,1,0,0,23,47,23,54,0,26,0,0,0,0,1,3,0,480619,3280,2009,104,US-59,SP529,0000000,29.53385833,-95.857325,1,1
48,201,3,25,10,15,2,3,0,1,13,3,0,12,5,2,1,1,7,45,1,1,2,1,3,2,1,1,0,0,10,18,10,31,10,56,0,0,0,0,1,4,0,480620,3280,2009,144,SR-6,RICHMOND,0000000,29.72904167,-95.64398333,2,1
48,307,3,26,22,0,1,1,0,0,15,8,0,1,0,1,4,1,2,45,2,1,4,1,0,0,2,1,0,0,88,88,88,88,88,88,0,0,0,0,1,5,1,480621,830,2009,115,FM3022,99999999999999999999,0000000,31.13914722,-99.383825,1,1
48,245,2,23,17,14,2,2,0,1,13,3,0,12,5,2,1,2,2,55,1,2,2,1,20,3,1,1,0,0,17,15,17,26,17,55,0,0,0,0,1,2,0,480622,490,2009,144,SR-124,TODD,0000000,30.06501389,-94.20878889,2,1
48,141,3,8,3,58,2,3,0,1,12,2,0,12,1,1,1,3,2,60,1,1,1,1,0,0,3,1,0,0,88,88,88,88,88,88,0,0,0,0,1,1,1,480623,2190,2009,138,US-54,99999999999999999999,0000000,31.89157222,-106.4410944,2,1
48,167,3,8,8,25,1,1,0,1,13,3,0,1,0,3,4,2,2,20,2,1,8,5,98,3,2,1,0,0,88,88,88,88,88,88,0,1,0,0,1,1,1,480624,3179,2009,11,SR-87,SR-124,0000000,29.54961667,-94.38790833,1,1
48,459,3,12,13,23,2,2,0,0,3,2,0,12,2,1,1,2,2,55,1,1,2,2,0,0,1,1,0,0,88,88,88,88,88,88,0,0,0,0,1,5,0,480625,2670,2009,247,US-271,99999999999999999999,0000000,32.55148889,-94.93176389,2,1
48,201,3,14,17,3,2,6,0,1,13,2,0,12,4,1,1,1,4,55,2,1,2,2,0,0,1,2,0,0,17,13,17,15,17,40,0,0,0,0,1,7,0,480626,3280,2009,253,US-90,99999999999999999999,0000000,29.81224444,-95.25776389,2,2
48,497,3,14,13,20,1,3,0,0,6,4,0,42,0,1,4,1,2,40,1,1,5,5,0,0,1,1,0,0,13,36,13,49,99,99,0,0,0,0,1,7,0,480627,0,2009,0,4717,99999999999999999999,0000000,33.09103056,-97.41113333,1,1
48,439,3,16,9,0,3,3,0,1,11,8,0,12,7,1,1,2,3,60,1,1,2,1,0,0,1,1,0,0,9,7,9,12,9,44,0,0,0,0,1,2,0,480628,2450,2009,182,SL820,99999999999999999999,0000000,32.83968056,-97.305275,3,1
48,355,3,19,16,28,1,4,0,0,6,4,0,1,0,1,1,1,2,60,1,1,2,1,0,0,1,1,0,0,16,29,16,32,99,99,0,0,0,0,1,5,0,480629,0,2009,0,38,99999999999999999999,0000000,27.7834,-97.70592222,1,1
48,451,3,22,12,20,2,3,0,0,5,8,0,12,5,2,1,1,2,70,1,1,2,1,20,3,1,1,0,0,12,23,12,32,12,55,0,0,0,0,2,1,0,480630,0,2009,50,FM2105,RUST,0000000,31.52635,-100.4024444,2,1
48,423,3,24,6,47,1,1,0,0,3,3,0,32,0,1,4,1,2,60,1,1,2,1,0,0,2,1,0,0,88,88,88,88,88,88,0,0,0,0,1,3,0,480631,0,2009,179,SR-31,99999999999999999999,0000000,32.35116111,-95.23168056,1,1
48,7,3,28,23,1,1,1,0,0,4,8,0,1,0,1,4,1,2,55,2,3,2,1,0,0,2,1,0,0,23,18,23,32,99,99,0,0,0,0,1,7,1,480632,0,2009,10,FM1781,99999999999999999999,0000000,28.11534722,-97.04161389,1,1
48,203,3,28,8,11,1,1,0,0,3,2,0,46,0,3,4,2,2,65,1,2,2,1,3,3,1,1,0,0,8,18,8,22,99,99,0,0,0,0,1,7,0,480633,2980,2009,67,US-80,CIDER,0000000,32.509175,-94.59128611,1,1
48,29,3,31,6,40,1,2,1,1,13,8,0,8,0,1,1,9,9,40,1,1,2,1,0,0,2,1,0,0,6,40,6,44,6,59,0,0,0,0,1,3,0,480634,6090,2009,62,FM1976,99999999999999999999,0000000,29.51797778,-98.31699444,1,1
48,459,3,31,22,5,1,1,0,0,6,4,0,1,0,1,4,1,2,35,1,3,2,1,0,0,2,1,0,0,88,88,88,88,88,88,0,0,0,0,1,3,0,480635,0,2009,0,WHITEFIR,99999999999999999999,0000000,32.58990278,-94.96526667,1,1
48,259,4,1,2,20,1,1,0,1,1,1,0,42,0,1,10,3,2,65,1,2,2,1,0,0,2,1,0,0,88,88,88,88,88,88,0,0,0,0,1,4,1,480636,0,2009,230,I-10,99999999999999999999,0000000,29.74956667,-98.69956389,1,1
48,29,4,2,21,50,1,1,0,1,1,7,0,33,0,15,4,1,2,45,2,2,2,1,40,3,2,1,0,0,22,15,22,29,23,16,0,0,0,0,1,5,1,480637,0,2009,0,I-10,99999999999999999999,0000000,29.50050833,-98.18703611,1,1
48,157,4,2,18,0,1,2,1,0,16,5,0,8,0,1,2,1,2,30,1,1,2,1,0,0,1,1,0,0,18,4,18,9,18,44,0,0,0,0,1,5,0,480638,6568,2009,0,BRAND,99999999999999999999,0000000,29.62413889,-95.57806389,1,1
48,203,4,2,20,55,2,3,0,0,5,8,0,12,2,1,1,1,2,60,2,1,2,1,0,0,2,1,0,0,20,58,21,2,21,29,0,0,0,0,1,5,0,480639,0,2009,61,FM1998,99999999999999999999,0000000,32.54493889,-94.289825,2,1
48,215,4,2,22,15,1,1,0,0,6,4,0,53,0,1,4,1,2,45,1,1,2,1,0,0,2,1,0,0,88,88,88,88,88,88,0,0,0,0,1,5,1,480640,0,2009,0,MILE10,99999999999999999999,0000000,26.19994444,-97.92533333,1,1
48,373,4,2,1,5,1,2,1,1,2,2,0,8,0,1,1,2,4,65,1,1,2,1,0,0,2,1,0,0,88,88,88,88,88,88,0,0,0,0,1,5,0,480641,0,2009,406,US-59,99999999999999999999,0000000,30.59121667,-94.94486111,1,1
48,427,4,2,19,18,1,2,1,0,16,5,0,9,0,3,1,1,2,30,1,1,2,1,0,0,1,1,0,0,88,88,88,88,88,88,0,0,0,0,1,5,1,480642,9997,2009,0,MEDELEZ,TOPPENISH,0000000,26.30193611,-98.634475,1,1
48,121,4,3,19,7,1,4,0,0,16,5,0,34,0,1,4,1,2,35,1,2,2,1,0,0,1,1,0,0,19,14,19,25,20,2,0,0,0,0,1,6,1,480643,9997,2009,0,GEE,99999999999999999999,0000000,33.22647778,-96.88014167,1,1
48,203,4,3,3,54,2,5,0,0,3,2,0,12,1,1,1,1,2,55,1,2,2,1,0,0,2,1,0,0,4,0,4,9,4,46,0,0,0,0,1,6,0,480644,7260,2009,387,US-80,99999999999999999999,0000000,32.47849722,-94.08541667,2,1
48,23,4,4,3,50,1,1,0,1,2,2,0,1,0,1,1,1,2,65,1,1,2,1,0,0,2,1,0,0,88,88,88,88,88,88,0,0,0,0,1,7,1,480645,0,2009,133,US-82,99999999999999999999,0000000,33.68368333,-99.089,1,1
48,113,4,4,12,44,4,5,0,1,11,1,0,12,5,1,1,3,3,60,1,1,1,1,0,0,1,1,0,1,12,46,12,52,13,14,0,0,0,0,1,7,0,480646,4530,2009,62,I-635,99999999999999999999,0000000,32.79297222,-96.62505556,4,1
48,201,4,4,22,23,2,3,1,1,12,2,0,8,0,1,1,3,7,60,1,1,1,1,0,0,2,1,0,0,88,88,88,88,88,88,0,0,0,0,1,7,0,480647,3280,2009,61,US-59,99999999999999999999,0000000,29.73000556,-95.45080556,2,1
48,303,4,4,2,12,1,1,0,0,16,5,0,35,0,6,4,1,2,35,1,1,5,1,71,3,3,1,0,0,88,88,88,88,88,88,0,0,0,0,1,7,1,480648,4140,2009,0,MAGNOLIA,99999999999999999999,9999999,33.55665833,-101.8216472,1,1
48,381,4,4,12,56,2,6,0,0,6,4,0,12,1,1,1,1,2,55,1,1,2,1,0,0,1,1,0,0,13,0,99,99,99,99,0,0,0,0,1,7,0,480649,0,2009,0,BELL,99999999999999999999,0000000,35.053275,-101.9014667,2,1
48,453,4,4,2,40,1,1,0,1,12,7,0,39,0,10,4,4,2,50,1,1,1,1,3,3,3,1,0,0,88,88,88,88,88,88,0,0,0,0,1,7,1,480650,330,2009,184,LP1,SL360,0000000,30.38978056,-97.73381111,1,1
48,39,4,5,4,30,1,1,0,0,16,5,0,1,0,1,4,1,2,30,2,1,2,1,0,0,3,1,0,0,88,88,88,88,88,88,0,0,0,0,1,1,1,480651,850,2009,0,5TH,99999999999999999999,0000000,29.05011111,-95.57470278,1,1
48,71,4,5,15,25,1,6,0,1,1,1,0,1,0,1,10,3,2,65,1,1,1,1,0,0,1,1,0,1,15,27,15,36,16,37,0,0,0,0,1,1,0,480652,7244,2009,140,I-10,99999999999999999999,0000000,29.84045556,-94.66798889,1,1
48,257,4,5,23,2,2,6,0,1,2,2,0,12,2,15,1,2,2,65,2,1,2,1,0,0,2,1,0,0,23,4,23,11,23,46,0,0,0,0,2,1,2,480653,3610,2009,161,US-175,99999999999999999999,0000000,32.44115556,-96.21851944,2,1
48,401,4,5,3,30,2,2,0,0,4,3,0,12,2,1,1,1,2,65,2,2,2,1,0,0,2,1,0,0,88,88,88,88,88,88,0,0,0,0,2,1,0,480654,0,2009,92,SR-322,99999999999999999999,0000000,32.25363889,-94.78506111,2,1
48,453,4,5,1,46,5,6,0,0,16,5,0,12,8,1,1,1,4,45,1,2,2,1,0,0,2,1,0,0,1,48,1,56,2,13,0,0,0,0,3,1,1,480655,330,2009,0,MLK,99999999999999999999,0000000,30.28526111,-97.68644444,5,1
48,201,4,6,22,51,1,1,0,1,13,3,0,42,0,1,4,3,3,45,2,1,1,1,0,0,3,1,0,0,22,54,23,0,23,36,0,0,0,0,1,2,1,480656,6970,2009,46,SR-249,99999999999999999999,0000000,30.06808611,-95.62356389,1,1
48,453,4,6,2,18,1,2,1,1,11,1,0,8,0,1,1,3,3,60,1,1,2,1,0,0,3,1,0,0,88,88,88,88,88,88,0,0,0,0,1,2,0,480657,330,2009,214,I-35,99999999999999999999,0000000,30.31276389,-97.70866944,1,1
48,63,4,7,2,0,2,11,0,0,3,3,0,12,2,1,1,1,2,65,1,1,2,1,0,0,2,1,0,0,2,0,2,7,99,99,0,0,0,0,1,3,1,480658,0,2009,31,SR-11,99999999999999999999,0000000,32.97839167,-95.11812778,2,1
48,201,4,8,16,54,2,1,0,0,16,5,0,32,0,1,4,1,2,20,2,1,1,1,0,0,1,1,0,0,16,54,16,58,88,88,0,0,0,0,1,4,0,480659,1790,2009,0,ESTATE,99999999999999999999,0000000,29.67697778,-95.1395,1,1
48,361,4,8,12,0,1,1,0,0,6,4,0,1,0,1,4,1,2,30,1,1,2,1,0,0,1,1,0,0,88,88,88,88,88,88,0,0,0,0,1,4,0,480660,0,2009,0,DIXIE,99999999999999999999,0000000,30.22299167,-93.98256944,1,1
48,363,4,8,1,30,1,1,0,0,4,8,0,42,0,1,4,1,2,55,1,2,2,1,0,0,2,1,0,0,88,88,88,88,88,88,0,0,0,0,1,4,0,480661,0,2009,10,FM1821,99999999999999999999,0000000,32.84906111,-98.08275556,1,1
48,405,4,8,19,14,1,1,0,1,2,2,0,42,0,1,4,1,2,70,2,2,2,1,0,0,1,1,0,0,88,88,88,88,88,88,0,0,0,0,1,4,0,480662,0,2009,33,US-96,99999999999999999999,0000000,31.48322222,-94.12633333,1,1
48,467,4,8,8,35,2,3,0,1,1,7,0,12,2,5,1,1,2,55,2,3,2,1,21,3,1,1,0,0,8,40,8,44,99,99,0,0,0,0,1,4,0,480663,1140,2009,167,I-20,99999999999999999999,0000000,32.56051111,-95.80843333,2,1
48,113,4,9,23,22,4,5,0,1,11,1,0,18,0,1,1,3,5,60,2,3,1,1,0,0,3,1,0,0,88,88,88,88,88,88,0,14,0,0,1,5,1,480664,2590,2009,104,I-635,99999999999999999999,0000000,32.85403889,-96.64556389,4,1