STATE,COUNTY,MONTH,DAY,HOUR,MINUTE,VE_TOTAL,PERSONS,PEDS,NHS,ROAD_FNC,ROUTE,SP_JUR,HARM_EV,MAN_COLL,REL_JUNC,REL_ROAD,TRAF_FLO,NO_LANES,SP_LIMIT,ALIGNMNT,PROFILE,PAVE_TYP,SUR_COND,TRA_CONT,T_CONT_F,LGT_COND,WEATHER1,WEATHER2,WRK_ZONE,NOT_HOUR,NOT_MIN,ARR_HOUR,ARR_MIN,HOSP_HR,HOSP_MN,SCH_BUS,CF1,CF2,CF3,FATALS,DAY_WEEK,DRUNK_DR,ST_CASE,CITY,YEAR,MILEPT,TWAY_ID,TWAY_ID2,RAIL,LATITUDE,LONGITUD,VE_FORMS,WEATHER
48,113,4,9,22,48,2,3,0,1,11,1,0,12,1,1,1,2,3,65,1,1,1,1,0,0,2,1,0,0,22,49,22,58,23,30,0,0,0,0,1,5,1,480665,4530,2009,39,I-20,99999999999999999999,0000000,32.704225,-96.57575,2,1
48,439,4,9,19,0,1,1,0,0,16,5,0,38,0,1,4,1,2,50,2,1,2,1,0,0,5,1,0,0,88,88,88,88,88,88,0,0,0,0,1,5,0,480666,2450,2009,0,TENMILEBRIDGE,99999999999999999999,0000000,32.83831111,-97.43492222,1,1
48,5,4,10,19,35,1,2,0,0,4,8,0,42,0,1,4,1,2,55,1,1,2,1,0,0,1,1,0,0,19,36,19,49,20,17,0,0,0,0,1,6,1,480667,0,2009,210,FM1818,99999999999999999999,0000000,31.17903889,-94.76716111,1,1
48,39,4,10,17,16,2,6,0,1,13,8,0,12,5,4,1,5,4,50,1,1,2,1,20,3,1,1,0,0,88,88,88,88,88,88,0,0,0,0,1,6,1,480668,190,2009,181,BU288,99999999999999999999,0000000,29.18406111,-95.43308333,2,1
48,127,4,10,22,32,1,1,0,0,5,8,0,1,0,1,4,1,2,55,2,1,2,1,0,0,2,1,0,0,88,88,88,88,88,88,0,0,0,0,1,6,1,480669,0,2009,37,FM186,99999999999999999999,0000000,28.47535,-99.89166389,1,1
48,169,4,10,3,35,1,4,0,0,4,3,0,52,0,1,4,1,2,65,1,2,2,1,0,0,2,1,0,0,3,39,3,43,5,14,0,0,0,0,1,6,1,480670,0,2009,94,SR-207,99999999999999999999,0000000,33.25918056,-101.3926944,1,1
48,453,4,10,12,21,2,2,0,1,11,1,0,14,11,1,5,3,3,99,1,1,1,1,0,0,1,1,0,0,88,88,88,88,88,88,0,0,0,0,1,6,0,480671,330,2009,214,I-35,99999999999999999999,0000000,30.31711667,-97.70738056,1,1
48,41,4,11,23,50,2,5,0,0,16,5,0,12,2,8,1,5,2,40,1,1,2,1,0,0,3,1,0,0,23,51,23,54,0,15,0,0,0,0,1,7,0,480672,970,2009,0,COLLEGE,99999999999999999999,0000000,30.65495,-96.36984444,2,1
48,113,4,11,1,54,1,1,0,1,11,1,0,25,0,1,4,3,5,60,2,2,1,1,0,0,3,1,0,0,1,54,1,59,2,23,0,0,0,0,1,7,1,480673,2590,2009,124,I-635,99999999999999999999,0000000,32.87118889,-96.67664167,1,1
48,215,4,11,10,39,1,2,0,1,2,2,0,1,0,1,4,2,2,70,1,1,2,2,0,0,1,1,0,0,10,41,11,1,11,59,0,0,0,0,1,7,1,480674,0,2009,125,US-281,99999999999999999999,0000000,26.61692222,-98.11477778,1,1
48,339,4,11,1,30,1,1,0,0,14,8,0,32,0,1,6,1,2,55,1,1,2,1,0,0,2,1,0,0,88,88,88,88,88,88,0,0,0,0,1,7,1,480675,1510,2009,25,FM1484,99999999999999999999,0000000,30.34521389,-95.42814722,1,1
48,365,4,11,21,0,1,1,0,0,3,2,0,32,0,1,4,1,2,65,2,2,2,1,0,0,2,1,0,0,21,14,21,24,99,99,0,0,0,0,1,7,1,480676,0,2009,42,US-79,99999999999999999999,0000000,32.16420556,-94.39058333,1,1
48,67,4,12,8,5,2,2,0,1,2,2,0,12,2,1,1,2,4,70,2,2,2,2,0,0,1,2,0,0,8,7,8,17,8,46,0,0,0,0,1,1,0,480677,0,2009,209,US-59,99999999999999999999,0000000,33.06021944,-94.28037778,2,2
48,113,4,12,1,25,1,3,0,1,11,1,0,29,0,1,4,3,6,60,1,1,2,1,0,0,3,1,0,0,1,32,1,35,99,99,0,0,0,0,1,1,1,480678,1730,2009,280,I-35,99999999999999999999,0000000,32.9031,-96.89756944,1,1
48,201,4,12,2,51,1,3,0,1,12,7,0,31,0,1,4,3,3,45,1,1,1,2,0,0,3,1,0,0,2,52,3,3,3,32,0,0,0,0,1,1,0,480679,3280,2009,57,US-59,99999999999999999999,0000000,29.77631667,-95.34062222,1,1
48,355,4,12,18,29,2,7,0,1,12,3,0,12,4,1,1,3,3,65,1,3,2,1,0,0,1,1,0,0,18,31,18,36,18,48,0,0,0,0,1,1,1,480680,1550,2009,133,SR-358,99999999999999999999,0000000,27.68492778,-97.32209167,2,1
48,439,4,12,15,47,1,1,0,1,2,8,0,52,0,1,4,1,2,55,1,2,2,1,0,0,1,1,0,0,15,49,15,53,16,21,0,0,0,0,1,1,0,480681,0,2009,222,FM1187,99999999999999999999,0000000,32.57973611,-97.28310833,1,1
48,497,4,12,4,15,1,1,0,0,4,8,0,1,0,1,4,1,2,55,1,1,2,2,0,0,2,2,6,0,88,88,88,88,88,88,0,0,0,0,1,1,0,480682,0,2009,136,FM1810,99999999999999999999,0000000,33.29278056,-97.73813056,1,2
48,113,4,13,12,34,1,1,0,1,12,3,0,39,0,13,4,6,2,70,2,2,1,1,0,0,1,1,0,1,12,37,12,41,13,8,0,0,0,0,1,2,0,480683,3420,2009,91,SR-161,99999999999999999999,0000000,32.83780556,-97.018375,1,1
48,215,4,13,19,2,1,3,0,0,16,5,0,5,0,1,1,1,2,30,1,1,2,1,0,0,1,1,0,0,88,88,88,88,88,88,0,0,0,0,1,2,0,480684,5330,2009,0,BRONZE,99999999999999999999,0000000,26.22860278,-98.18372778,1,1
48,439,4,13,16,29,1,1,0,1,13,2,0,37,0,1,4,1,4,55,1,2,2,9,0,0,9,9,0,0,88,88,88,88,88,88,0,0,0,0,1,2,0,480685,590,2009,69,US-377,99999999999999999999,0000000,32.65848889,-97.49145278,1,9
48,453,4,13,18,58,1,1,0,1,13,8,0,1,0,1,1,5,4,55,2,2,2,1,0,0,1,1,0,0,88,88,88,88,88,88,0,0,0,0,1,2,0,480686,330,2009,30,FM2222,99999999999999999999,0000000,30.3825,-97.81576389,1,1
48,309,4,14,21,20,2,3,0,1,13,8,0,12,4,1,1,1,2,55,1,1,2,1,0,0,2,1,0,0,21,24,21,27,21,58,0,0,0,0,1,3,0,480687,7210,2009,37,SL340,99999999999999999999,0000000,31.58573889,-97.07863889,2,1
48,507,4,14,15,9,2,2,0,0,3,2,0,12,1,1,1,1,2,70,1,1,4,1,5,3,1,1,0,1,16,9,16,29,17,15,0,0,0,0,1,3,0,480688,0,2009,255,US-57,99999999999999999999,0000000,28.94078611,-99.47630833,2,1
48,29,4,15,22,40,1,2,1,0,16,5,0,8,0,1,1,1,4,45,1,1,2,1,0,0,3,1,0,0,88,88,88,88,88,88,0,0,0,0,1,4,0,480689,6090,2009,0,OLDHWY90,99999999999999999999,0000000,29.41389167,-98.60307778,1,1
48,61,4,15,20,33,2,2,0,0,14,8,0,1,0,1,1,5,4,40,2,1,2,1,0,0,3,1,0,0,20,33,20,46,21,6,0,0,0,0,1,4,0,480690,940,2009,33,FM1419,99999999999999999999,0000000,25.888175,-97.43606111,2,1
48,93,4,15,20,23,2,3,0,0,4,3,0,12,5,3,1,2,4,45,2,1,2,1,20,3,5,1,0,0,20,23,20,27,20,42,0,0,0,0,1,4,1,480691,1810,2009,12,SR-16,PLUM,0000000,32.10066389,-98.53959722,2,1
48,215,4,15,6,53,1,1,0,0,4,8,0,1,0,2,1,1,2,55,1,1,2,1,0,0,2,1,0,0,88,88,88,88,88,88,0,0,0,0,1,4,1,480692,0,2009,40,FM1015,FM1422,0000000,26.37984167,-97.93495556,1,1
48,241,4,15,14,18,2,2,0,0,4,3,0,12,5,2,1,1,2,70,1,1,2,1,0,0,1,1,0,0,88,88,88,88,88,88,0,0,0,0,1,4,0,480693,0,2009,67,SR-63,RR-255,0000000,31.03104167,-94.17431111,2,1
48,245,4,16,0,55,1,1,0,0,16,5,0,10,0,6,1,1,4,30,1,1,2,1,60,3,3,1,0,0,88,88,88,88,88,88,0,0,0,0,1,5,0,480694,490,2009,0,CALDER,99999999999999999999,023704Y,30.08594722,-94.11234444,1,1
48,29,4,17,23,3,1,1,0,1,11,7,0,30,0,1,5,4,3,45,1,1,2,2,0,0,3,2,0,0,88,88,88,88,88,88,0,0,0,0,1,6,1,480695,6090,2009,63,I-10,99999999999999999999,0000000,29.56174444,-98.59051944,1,2
48,61,4,17,21,27,1,2,1,0,16,5,0,8,0,1,1,3,3,35,1,1,1,1,0,0,3,8,0,0,21,31,21,34,22,2,0,0,0,0,1,6,0,480696,3030,2009,0,TYLER,99999999999999999999,0000000,26.17151667,-97.78135833,1,8
48,201,4,17,6,20,2,3,0,1,11,1,0,18,0,1,3,3,4,65,1,1,1,1,0,0,3,1,0,0,6,20,6,28,7,8,0,0,0,0,1,6,1,480697,0,2009,434,I-45,99999999999999999999,0000000,30.03050556,-95.42933333,2,1
48,29,4,18,21,8,1,1,0,1,11,1,0,1,0,1,1,3,3,60,1,1,2,1,0,0,2,1,0,1,21,3,21,7,21,35,0,0,0,0,1,7,1,480698,6090,2009,234,I-410,99999999999999999999,0000000,,,1,1
48,201,4,18,23,13,2,2,0,0,6,4,0,12,4,2,1,2,4,35,1,1,1,1,0,0,3,1,0,0,88,88,88,88,88,88,0,0,0,0,1,7,0,480700,0,2009,0,QUEENSTON,SUMMERDEW,0000000,29.882275,-95.66821111,2,1
48,441,4,18,17,12,2,3,0,1,11,7,0,12,5,3,1,1,2,45,1,1,2,1,20,3,1,1,0,0,17,15,17,22,17,33,0,0,0,0,1,7,0,480701,30,2009,19,I-20,GRAPE,0000000,32.49093056,-99.73938056,2,1
48,29,4,19,3,41,1,3,0,1,12,7,0,31,0,3,8,4,2,60,1,2,2,1,3,3,3,1,0,0,3,43,3,53,4,29,0,0,0,0,1,1,1,480702,6090,2009,192,US-281,JONESMALTSBERGER,0000000,29.52854444,-98.48329167,1,1
48,29,4,19,23,44,1,1,0,1,13,8,0,30,0,1,4,1,2,35,1,1,2,1,0,0,3,1,0,0,23,44,23,46,88,88,0,0,0,0,1,1,1,480703,6090,2009,193,SL353,99999999999999999999,0000000,29.39554167,-98.51599167,1,1
48,201,4,19,2,50,1,1,0,1,13,8,0,30,0,1,5,5,4,50,1,1,2,2,0,0,2,1,0,0,2,56,3,2,3,20,0,0,0,0,1,1,1,480704,0,2009,275,FM1960,99999999999999999999,0000000,29.99939444,-95.22097222,1,1
48,215,4,19,2,32,1,1,0,0,6,4,0,26,0,1,5,1,2,30,1,1,2,1,28,3,2,1,0,0,88,88,88,88,88,88,0,20,0,0,1,1,1,480705,0,2009,0,EARLING,99999999999999999999,0000000,26.22017222,-98.05465278,1,1
48,453,4,19,17,57,1,3,0,1,11,7,0,1,0,1,1,4,2,99,1,1,2,1,0,0,1,1,0,0,17,57,18,9,18,59,0,0,0,0,1,1,0,480707,330,2009,45,I-35,99999999999999999999,0000000,30.16043333,-97.78960833,1,1
48,491,4,19,2,55,1,1,0,0,16,5,0,33,0,1,3,2,4,45,1,1,2,1,0,0,3,1,0,0,88,88,88,88,88,88,0,0,0,0,1,1,1,480708,330,2009,0,RIDGELINE,99999999999999999999,0000000,30.47449722,-97.81060833,1,1
48,41,4,20,20,54,1,2,1,1,13,2,0,9,0,1,1,5,4,60,1,2,2,1,0,0,2,1,0,0,20,54,21,0,21,14,0,0,0,0,1,2,0,480709,970,2009,20,US-190,99999999999999999999,0000000,30.70623611,-96.34988333,1,1
48,85,4,20,6,44,4,5,0,1,13,3,0,12,5,2,1,3,2,45,1,1,1,1,3,3,4,1,0,0,6,58,7,0,7,54,0,0,0,0,1,2,0,480710,7620,2009,347,SR-78,BALLARD,0000000,33.01235278,-96.53899167,4,1
48,439,4,20,16,31,2,2,0,0,16,5,0,12,2,1,1,1,4,40,2,1,2,1,0,0,1,1,0,0,16,32,16,45,17,17,0,0,0,0,1,2,0,480711,260,2009,0,DEBBIE,99999999999999999999,0000000,32.60425833,-97.09241944,2,1
48,309,4,21,17,42,2,3,0,0,14,8,0,12,5,2,1,2,2,55,1,1,2,1,20,3,1,1,0,0,17,48,18,2,18,30,0,0,0,0,1,3,0,480712,7210,2009,91,FM1637,SP1637,0000000,31.63405556,-97.27529444,2,1
48,347,4,21,13,47,2,3,0,1,2,2,0,12,5,2,1,2,2,70,1,1,2,1,20,3,1,1,0,0,13,44,13,57,14,23,0,0,0,0,1,3,0,480713,0,2009,78,US-59,FM2435,0000000,31.76456667,-94.56888611,2,1
48,419,4,21,7,20,1,5,3,1,2,2,0,37,0,1,4,1,2,70,2,1,2,1,8,3,1,1,0,0,7,24,7,39,8,23,1,0,0,0,2,3,0,480714,0,2009,121,US-84,99999999999999999999,0000000,31.95140556,-94.21003333,1,1
48,129,4,23,8,3,1,1,0,0,16,5,0,27,0,1,4,1,2,30,1,2,2,1,0,0,1,1,0,0,8,5,8,23,9,35,0,0,0,0,1,5,0,480715,3282,2009,0,SWANSON,99999999999999999999,0000000,35.03983889,-100.9111056,1,1
48,245,4,23,16,1,1,2,1,1,13,2,0,8,0,2,1,1,4,30,1,1,1,1,20,3,1,1,0,0,16,3,16,4,16,27,0,0,0,0,1,5,0,480716,490,2009,54,US-90,A,0000000,30.07300833,-94.104675,1,1
48,403,4,23,21,33,2,3,0,1,2,2,0,12,2,1,1,1,4,65,2,1,2,1,0,0,2,1,0,0,21,38,21,55,23,13,0,0,0,0,1,5,0,480717,0,2009,50,US-96,99999999999999999999,0000000,31.21086111,-93.98679167,2,1
48,245,4,23,6,55,2,4,0,0,3,2,0,12,5,2,1,2,2,70,1,1,2,1,20,3,1,1,0,0,7,16,7,18,7,45,0,0,0,0,1,5,0,480718,0,2009,10,US-90,AGGIE,0000000,30.05340278,-94.29428611,2,1
48,29,4,24,1,15,4,8,0,1,11,1,0,12,2,1,1,2,2,65,1,1,2,1,0,0,2,1,0,0,1,18,1,30,99,99,0,14,0,0,2,6,2,480719,6090,2009,114,I-35,99999999999999999999,0000000,29.28479722,-98.65421389,4,1
48,113,4,24,5,42,2,2,0,1,11,7,0,27,0,5,10,6,1,60,2,2,1,1,0,0,4,1,0,0,5,45,5,51,88,88,0,0,0,0,1,6,1,480720,1730,2009,262,I-35,99999999999999999999,0000000,32.87994722,-96.89776111,2,1
48,381,4,25,12,30,1,1,0,0,4,8,0,38,0,1,5,1,2,70,2,2,2,1,28,3,1,1,0,0,88,88,88,88,88,88,0,0,0,0,1,7,0,480721,0,2009,7,FM168,99999999999999999999,0000000,34.90416389,-102.1078778,1,1
48,29,4,26,6,21,1,2,1,1,12,2,0,8,0,1,1,3,7,60,1,2,2,2,0,0,2,2,0,0,88,88,88,88,88,88,0,0,0,0,1,1,0,480722,6090,2009,79,US-90,99999999999999999999,0000000,29.39868333,-98.53043333,1,2
48,127,4,26,4,41,1,1,0,0,4,3,0,27,0,1,4,1,2,65,2,1,2,1,0,0,2,1,0,0,88,88,88,88,88,88,0,0,0,0,1,1,1,480723,0,2009,72,SR-85,99999999999999999999,0000000,28.54999722,-99.747275,1,1
48,381,4,29,2,0,1,3,0,1,12,2,0,25,0,11,3,3,2,45,2,2,2,2,20,3,3,2,0,0,2,7,2,13,99,99,0,0,0,0,1,4,1,480724,1160,2009,4,US-60,US-87,0000000,34.98673611,-101.9193611,1,2
48,113,3,7,2,21,1,1,0,1,12,2,0,25,0,1,4,3,3,60,2,1,1,1,0,0,3,1,0,0,88,88,88,88,88,88,0,0,0,0,1,7,1,480725,1730,2009,51,US-175,99999999999999999999,0000000,32.74653333,-96.75837222,1,1
48,71,1,26,2,23,1,1,0,1,13,3,0,1,0,1,1,5,4,60,1,1,2,1,0,0,2,1,0,0,88,88,88,88,88,88,0,0,0,0,1,2,1,480727,9997,2009,62,SR-146,99999999999999999999,0000000,29.7971,-94.906575,1,1
48,303,2,5,15,23,1,2,1,0,16,5,0,15,0,4,1,5,5,45,1,1,1,1,0,0,1,1,0,0,15,24,15,28,15,41,0,0,0,0,1,5,0,480728,4140,2009,0,QUAKER,99999999999999999999,0000000,33.54853056,-101.9051444,1,1
48,215,2,19,11,17,2,3,0,0,13,3,0,12,5,2,1,3,3,55,1,1,2,1,3,3,1,1,0,0,11,18,11,27,12,45,0,0,0,0,1,5,0,480729,2110,2009,142,SR-107,MONMACK,0000000,26.30711111,-98.202175,2,1
48,215,2,19,2,53,1,2,1,0,16,5,0,8,0,1,1,2,4,35,2,1,2,1,0,0,3,1,0,0,2,55,3,4,3,23,0,0,0,0,1,5,1,480730,4197,2009,0,UVALDE,99999999999999999999,0000000,26.185975,-98.24771667,1,1
48,251,2,24,19,39,2,2,0,1,2,3,0,12,5,2,1,2,4,65,2,2,2,1,21,3,2,1,0,0,19,40,19,50,20,46,0,0,0,0,1,3,0,480731,7170,2009,37,SR-67,213,0000000,32.43333333,-97.13076667,2,1
48,5,2,25,0,32,1,1,0,1,13,3,0,42,0,1,4,5,4,55,1,2,2,1,0,0,2,1,0,0,0,33,0,36,88,88,0,0,0,0,1,4,0,480732,4160,2009,17,SR-103,99999999999999999999,0000000,31.35449722,-94.69191944,1,1
48,51,3,1,20,5,1,2,1,1,2,3,0,9,0,2,1,1,4,60,1,1,2,1,20,3,2,1,0,0,88,88,88,88,88,88,0,0,0,0,1,1,0,480733,0,2009,176,SR-21,FM1362,0000000,30.59134444,-96.620475,1,1
48,339,3,6,2,30,1,1,0,0,6,5,0,35,0,1,4,1,2,50,2,1,2,1,0,0,2,1,0,0,88,88,88,88,88,88,0,0,0,0,1,6,1,480734,0,2009,0,NICHOLSSAWMILL,99999999999999999999,0000000,30.12639167,-95.76869722,1,1
48,313,3,12,17,10,1,1,0,0,5,8,0,42,0,1,4,1,2,70,1,1,2,3,0,0,1,1,0,0,88,88,88,88,88,88,0,0,0,0,1,5,0,480735,0,2009,128,FM1452,99999999999999999999,0000000,30.97023056,-96.12723056,1,1
48,169,3,13,11,9,3,2,0,1,2,2,0,12,5,1,1,2,4,70,1,1,2,2,0,0,1,2,0,0,11,9,11,36,13,7,0,0,0,0,1,6,0,480736,0,2009,397,US-84,99999999999999999999,0000000,32.96878056,-101.0971111,2,2
48,29,3,14,11,7,1,2,1,1,11,1,0,8,0,1,1,3,4,60,1,1,2,2,0,0,1,2,0,0,99,99,11,16,11,26,0,0,0,0,1,7,0,480737,6090,2009,273,I-35,99999999999999999999,0000000,,,1,2
48,39,3,14,19,59,2,5,0,0,16,5,0,12,4,1,1,1,2,45,1,1,2,2,0,0,2,1,0,0,19,59,20,4,20,45,0,0,0,0,1,7,1,480738,4306,2009,0,BISSELL,99999999999999999999,0000000,29.45576389,-95.33409722,2,1
48,39,3,24,10,55,2,3,0,0,3,3,0,12,5,2,1,2,4,60,2,2,2,1,0,0,1,1,0,0,11,12,11,20,11,50,0,0,0,0,1,3,0,480739,0,2009,475,SR-35,BUS35,0000000,29.14456944,-95.64801667,2,1
48,303,3,24,8,1,2,3,0,0,4,8,0,12,5,2,1,1,2,70,1,1,2,1,20,3,1,1,0,0,8,1,8,14,8,25,0,0,0,0,1,3,0,480740,0,2009,42,FM179,FM2641,0000000,33.65049444,-102.0097722,2,1
48,409,1,29,7,58,1,2,0,0,16,5,0,53,0,1,4,1,2,30,1,1,4,1,0,0,1,1,0,0,8,10,8,27,8,53,0,0,0,0,1,5,0,480741,4400,2009,0,6TH,99999999999999999999,0000000,28.09930833,-97.83255556,1,1
48,143,2,15,1,30,1,1,0,1,2,2,0,32,0,1,4,1,2,70,1,1,2,1,0,0,2,1,0,0,88,88,88,88,88,88,0,0,0,0,1,1,1,480742,0,2009,119,US-67,99999999999999999999,0000000,32.16515,-98.04748611,1,1
48,307,3,10,13,18,1,2,0,0,3,2,0,53,0,1,4,1,2,70,1,1,2,1,0,0,1,1,0,0,13,25,14,0,14,47,0,0,0,0,1,3,0,480743,0,2009,41,US-283,99999999999999999999,0000000,31.38606389,-99.37517778,1,1
48,141,3,19,3,21,4,5,0,1,11,1,0,12,1,1,1,3,3,60,1,1,1,1,0,0,3,1,0,0,3,22,3,29,4,44,0,14,0,0,1,5,1,480744,2190,2009,329,I-10,99999999999999999999,0000000,31.72079444,-106.3052778,4,1
48,479,3,30,8,42,1,2,0,1,1,1,0,27,0,1,10,2,4,70,1,1,2,1,0,0,1,1,0,0,8,43,9,6,9,41,0,0,0,0,1,2,0,480745,0,2009,121,I-35,99999999999999999999,0000000,27.84514722,-99.40738611,1,1
48,177,3,8,13,12,1,3,0,0,4,8,0,38,0,1,5,1,2,60,1,1,2,1,0,0,1,1,0,0,13,13,13,20,99,99,0,0,0,0,1,1,0,480746,0,2009,60,FM1116,99999999999999999999,0000000,29.4079,-97.46898611,1,1
48,439,3,26,17,40,2,2,0,1,11,1,0,12,5,1,1,3,3,60,1,1,1,1,0,0,1,1,0,0,17,43,17,52,18,54,0,0,0,0,1,5,0,480747,2450,2009,164,I-820,99999999999999999999,0000000,32.84268333,-97.34155,2,1
48,479,3,30,15,59,1,2,1,0,16,5,0,8,0,8,1,1,2,30,1,1,2,1,0,0,1,1,0,0,15,59,16,0,16,12,0,0,0,0,1,2,0,480748,3899,2009,0,SAM BRATTON,99999999999999999999,0000000,27.45863889,-99.48580833,1,1
48,121,3,1,2,8,2,1,0,0,16,5,0,14,2,1,7,1,2,30,1,1,2,1,0,0,3,1,0,0,2,10,2,17,99,99,0,0,0,0,1,1,1,480749,3560,2009,0,LEUTY,99999999999999999999,0000000,33.08992778,-97.30518889,1,1
48,99,2,25,12,45,1,1,0,0,6,4,1,1,0,1,1,1,2,60,2,1,2,1,0,0,1,1,0,0,88,88,88,88,88,88,0,0,0,0,1,4,0,480750,0,2009,0,OGLESBYNEFF,99999999999999999999,0000000,31.35443333,-97.51625,1,1
48,245,3,11,12,45,2,5,1,1,12,2,0,12,1,1,1,3,2,70,1,1,2,1,0,0,1,1,0,0,12,46,13,0,13,24,0,0,0,0,1,4,0,480751,0,2009,110,US-69,99999999999999999999,0000000,29.98253333,-94.03005833,2,1
48,479,3,22,4,40,1,1,0,1,13,2,0,24,0,1,4,5,6,45,1,2,2,1,0,0,2,1,0,0,4,46,4,51,5,9,0,0,0,0,1,1,0,480752,3899,2009,434,US-59,99999999999999999999,0000000,27.52863889,-99.45256111,1,1
48,439,3,30,5,55,2,3,1,1,11,7,0,8,0,1,1,4,3,35,1,2,1,1,0,0,2,1,0,0,88,88,88,88,88,88,0,0,0,0,1,2,0,480753,2450,2009,21,I-35,99999999999999999999,0000000,32.68156667,-97.32005556,2,1
48,215,3,31,12,52,3,3,0,0,4,8,0,12,5,2,1,1,2,45,1,1,2,1,20,3,1,1,0,0,12,54,13,5,13,34,0,0,0,0,1,3,0,480754,0,2009,232,FM2221,MOOREFIELD,0000000,26.31992778,-98.33882222,3,1
48,201,3,20,19,11,2,3,0,1,11,1,0,12,1,13,1,6,2,60,1,1,1,1,0,0,1,1,0,0,19,14,19,23,20,2,0,0,0,0,1,6,0,480755,3280,2009,61,I-610RAMP,99999999999999999999,0000000,29.66934444,-95.38203889,2,1
48,113,3,21,4,25,2,2,0,1,13,8,0,12,1,1,1,3,3,60,1,1,1,1,0,0,2,1,0,0,4,27,4,35,5,0,0,19,0,0,1,7,1,480756,1730,2009,52,SL12,99999999999999999999,0000000,32.76576944,-96.91462778,2,1
48,113,3,31,19,38,1,3,0,0,16,5,0,1,0,1,1,1,2,55,1,1,2,1,0,0,2,1,0,0,19,32,19,45,20,17,0,0,0,0,1,3,0,480757,6260,2009,0,MALLOYBRIDGE,99999999999999999999,0000000,32.65867222,-96.52781944,1,1
48,201,3,13,19,55,4,8,0,1,12,7,0,12,5,10,1,4,3,45,1,1,1,2,3,3,3,2,0,0,19,58,20,8,20,47,0,0,0,0,1,6,1,480758,3280,2009,155,US-59,BELLFORT,0000000,29.65383333,-95.56508333,4,2
48,313,3,18,12,40,1,1,0,0,4,3,0,1,0,1,4,1,2,70,1,1,2,1,0,0,1,1,0,0,88,88,88,88,88,88,0,0,0,0,1,4,0,480759,0,2009,167,SR-75,99999999999999999999,0000000,30.91268333,-95.80417222,1,1
48,409,3,21,17,29,1,4,0,1,1,1,0,1,0,1,1,2,2,70,1,1,2,1,0,0,1,1,0,0,17,32,17,36,18,57,0,0,0,0,1,7,0,480760,0,2009,20,I-37,99999999999999999999,0000000,28.110575,-97.81591389,1,1
48,439,4,16,19,35,1,2,1,0,16,5,0,9,0,4,1,1,2,30,1,1,1,1,0,0,1,1,0,0,88,88,88,88,88,88,0,0,0,0,1,5,0,480761,2450,2009,0,38TH,99999999999999999999,0000000,32.81395,-97.34015556,1,1
48,149,4,17,6,40,1,3,0,0,6,4,0,1,0,1,5,1,2,60,1,1,2,2,0,0,2,2,0,0,6,49,7,13,8,49,0,0,0,0,1,6,0,480762,0,2009,0,HILLS,99999999999999999999,0000000,30.09145,-96.68569444,1,2
48,161,4,17,10,14,3,4,0,0,3,2,0,12,8,1,2,1,2,70,1,1,2,2,0,0,1,1,0,0,10,20,10,28,11,5,0,0,0,0,1,6,0,480763,0,2009,149,US-84,99999999999999999999,0000000,31.70498611,-96.18371389,3,1
48,215,4,17,18,38,2,2,0,0,3,3,0,12,5,2,1,2,3,55,1,1,2,1,20,3,1,1,0,0,18,39,18,48,19,11,0,0,0,0,1,6,0,480764,4197,2009,116,SR-107,LALOMITA,0000000,26.31311389,-98.24360833,2,1
48,229,4,17,3,30,1,3,0,1,1,1,0,1,0,1,1,2,4,65,1,1,2,1,0,0,2,1,0,0,3,37,4,42,99,99,0,0,0,0,1,6,0,480765,0,2009,404,I-10,99999999999999999999,0000000,31.19171667,-105.4293333,1,1
48,367,4,17,4,27,2,2,0,1,1,1,0,12,4,1,1,3,3,65,1,1,2,2,0,0,2,2,0,0,4,29,4,58,99,99,0,0,0,0,1,6,1,480766,7503,2009,272,I-20,99999999999999999999,0000000,32.74429167,-97.66506667,2,2
48,143,4,18,14,14,1,3,0,0,6,4,0,42,0,1,4,1,2,60,1,1,5,1,0,0,1,1,0,0,14,15,14,32,14,56,0,0,0,0,1,7,0,480767,0,2009,0,401,99999999999999999999,0000000,32.25687222,-98.39244444,1,1
48,27,4,20,6,58,1,1,0,0,14,8,0,53,0,2,4,5,4,55,1,1,2,1,3,3,1,1,0,0,88,88,88,88,88,88,0,0,0,0,1,2,0,480768,3690,2009,31,FM3470,ROBINETTE,0000000,31.08722778,-97.79080278,1,1
48,39,4,20,20,38,1,1,0,1,13,3,0,30,0,2,99,1,9,30,1,1,5,1,99,9,3,1,0,0,88,88,88,88,88,88,0,0,0,0,1,2,1,480769,5249,2009,104,SR-35,KNAPP,0000000,29.59101389,-95.28655278,1,1
48,157,4,20,23,26,2,2,0,1,13,3,0,12,3,1,1,5,6,55,1,1,2,1,0,0,2,1,0,0,23,36,23,51,0,21,0,0,0,0,1,2,0,480770,6660,2009,39,SR-6,99999999999999999999,0000000,29.64356667,-95.65158611,2,1