STATE,COUNTY,MONTH,DAY,HOUR,MINUTE,VE_TOTAL,PERSONS,PEDS,NHS,ROAD_FNC,ROUTE,SP_JUR,HARM_EV,MAN_COLL,REL_JUNC,REL_ROAD,TRAF_FLO,NO_LANES,SP_LIMIT,ALIGNMNT,PROFILE,PAVE_TYP,SUR_COND,TRA_CONT,T_CONT_F,LGT_COND,WEATHER1,WEATHER2,WRK_ZONE,NOT_HOUR,NOT_MIN,ARR_HOUR,ARR_MIN,HOSP_HR,HOSP_MN,SCH_BUS,CF1,CF2,CF3,FATALS,DAY_WEEK,DRUNK_DR,ST_CASE,CITY,YEAR,MILEPT,TWAY_ID,TWAY_ID2,RAIL,LATITUDE,LONGITUD,VE_FORMS,WEATHER
48,453,4,21,0,30,1,2,0,0,4,8,0,1,0,1,4,1,2,55,2,1,2,1,0,0,2,1,0,0,0,34,0,51,1,16,0,0,0,0,1,3,1,480772,0,2009,131,RM3238,99999999999999999999,0000000,30.29581944,-98.01345278,1,1
48,29,4,22,23,23,1,1,0,1,13,8,0,42,0,1,4,1,2,45,2,1,2,1,0,0,2,1,0,0,88,88,88,88,88,88,0,20,0,0,1,4,0,480773,7077,2009,75,FM1976,99999999999999999999,0000000,29.53223056,-98.30376667,1,1
48,453,4,23,17,55,2,6,0,1,11,1,0,12,3,1,1,3,4,60,1,2,2,1,0,0,1,1,0,0,17,55,18,1,18,16,0,0,0,0,1,5,0,480774,330,2009,221,I-35,99999999999999999999,0000000,30.32405556,-97.70665278,2,1
48,5,4,25,19,0,2,5,0,0,4,8,0,12,5,2,1,1,2,55,1,2,2,1,20,3,1,1,0,0,19,3,19,23,20,5,0,0,0,0,1,7,1,480775,0,2009,100,FM2109,FM2801,0000000,31.25228611,-94.42519167,2,1
48,381,4,25,8,49,1,2,0,1,1,1,0,53,0,1,4,2,4,70,1,1,1,1,0,0,1,1,0,0,9,10,9,21,99,99,0,0,0,0,1,7,0,480776,0,2009,50,I-27,99999999999999999999,0000000,35.06368889,-101.9190278,1,1
48,453,4,25,16,45,1,2,1,0,14,8,0,8,0,1,2,5,4,55,1,1,2,1,0,0,1,1,0,0,16,46,16,54,17,10,0,0,0,0,1,7,0,480777,330,2009,43,FM3177,99999999999999999999,0000000,30.29476667,-97.62570556,1,1
48,477,4,25,14,20,1,2,0,1,2,2,0,1,0,1,4,2,4,70,1,1,2,1,0,0,1,1,0,0,14,24,14,30,14,55,0,0,0,0,1,7,0,480778,0,2009,257,US-290,99999999999999999999,0000000,30.141575,-96.28451111,1,1
48,149,4,26,1,0,1,1,0,0,5,8,0,42,0,1,4,1,2,60,1,1,2,1,0,0,2,1,0,0,88,88,88,88,88,88,0,0,0,0,1,1,1,480779,0,2009,46,FM2237,99999999999999999999,0000000,29.83538611,-97.14993333,1,1
48,201,4,26,22,28,1,7,1,1,12,3,1,9,0,3,1,5,6,50,1,1,1,1,0,0,2,1,0,0,88,88,88,88,88,88,0,0,0,0,1,1,0,480780,0,2009,166,SR-249,SETONLAKE,0000000,29.92758889,-95.504125,1,1
48,201,4,26,0,51,1,2,0,0,16,5,0,29,0,1,4,1,2,30,1,2,2,1,0,0,3,1,0,0,88,88,88,88,88,88,0,0,0,0,1,1,0,480781,3280,2009,0,LYONS,99999999999999999999,0000000,29.77310278,-95.34315556,1,1
48,201,4,26,6,50,2,2,0,1,13,8,0,12,5,2,1,5,6,50,1,1,2,1,3,3,1,1,0,0,6,56,7,10,7,41,0,0,0,0,1,1,0,480782,3280,2009,231,FM1960,DEERBROOKPARK,0000000,30.00499722,-95.29109722,2,1
48,303,4,26,0,16,2,3,0,0,6,4,0,12,4,2,1,1,2,55,1,1,2,1,0,0,2,1,0,0,0,17,0,24,0,50,0,0,0,0,1,1,1,480783,0,2009,0,2500,7130,0000000,33.51425833,-101.8183528,2,1
48,269,5,1,6,25,1,6,0,0,3,2,0,1,0,1,1,1,2,70,1,1,2,1,0,0,4,1,0,0,6,29,6,45,7,50,0,0,0,0,2,6,0,480784,0,2009,13,US-83,99999999999999999999,0000000,33.81886667,-100.3354333,1,1
48,453,5,1,18,15,2,2,0,1,13,8,0,12,4,1,1,1,2,55,1,2,2,1,0,0,1,1,0,0,17,50,18,4,18,20,0,0,0,0,1,6,0,480785,330,2009,7,FM1327,99999999999999999999,0000000,30.11266667,-97.79675278,2,1
48,29,5,2,1,26,2,3,0,0,16,5,0,12,5,2,1,1,2,35,1,1,2,1,20,3,3,1,0,0,1,30,1,36,2,26,0,0,0,0,1,7,1,480786,6090,2009,0,KIRK,NIEMEYER,0000000,29.39760278,-98.537125,2,1
48,41,5,2,5,24,2,3,0,0,3,3,0,12,1,1,1,2,2,65,1,1,2,1,0,0,2,1,0,0,5,30,5,36,6,1,0,0,0,0,1,7,1,480787,970,2009,31,SR-6,99999999999999999999,0000000,30.70931667,-96.37284167,2,1
48,85,4,1,20,27,2,3,0,0,3,3,0,1,0,2,1,1,2,65,1,1,2,1,20,3,2,1,0,0,20,32,20,40,99,99,0,0,0,0,1,4,0,480788,720,2009,57,SR-78,BU78,0000000,33.28680833,-96.38928056,2,1
48,225,4,1,16,50,1,5,0,0,3,3,0,1,0,1,1,1,2,70,2,1,2,1,0,0,1,1,0,0,17,15,17,31,18,2,0,0,0,0,1,4,0,480789,0,2009,5,SR-7,99999999999999999999,0000000,31.33567778,-95.65358056,1,1
48,113,4,2,22,14,1,2,1,0,16,5,0,8,0,1,1,3,3,45,1,1,1,1,0,0,2,1,0,0,22,14,22,19,22,44,0,0,0,0,1,5,0,480790,1190,2009,0,LUNA,99999999999999999999,0000000,32.95091111,-96.92492222,1,1
48,453,4,5,17,30,1,1,0,0,6,4,0,1,0,1,4,1,2,45,2,2,2,1,0,0,1,1,0,0,88,88,88,88,88,88,0,0,0,0,1,1,1,480791,0,2009,0,DGCOLLINS,99999999999999999999,0000000,30.17429722,-97.70233333,1,1
48,181,4,5,1,26,1,3,0,0,4,8,0,1,0,1,1,1,2,55,2,1,2,1,0,0,2,1,0,0,1,37,2,4,2,52,0,0,0,0,1,1,1,480792,0,2009,58,FM120,99999999999999999999,0000000,33.75301667,-96.45405556,1,1
48,243,4,2,17,13,2,2,0,0,4,3,0,12,2,1,1,1,2,70,1,1,2,1,0,0,1,1,0,0,17,14,17,18,99,99,0,0,0,0,1,5,1,480793,0,2009,24,SR-118,99999999999999999999,0000000,30.5727,-103.8766444,2,1
48,157,4,5,12,30,1,1,0,0,4,8,0,43,0,1,4,1,2,55,2,1,2,1,40,3,1,1,0,0,88,88,88,88,88,88,0,0,0,0,1,1,0,480794,0,2009,179,FM762,99999999999999999999,0000000,29.40554167,-95.65853333,1,1
48,113,4,8,3,16,2,2,0,0,16,5,0,12,2,1,1,3,4,55,1,1,2,1,0,0,3,1,0,0,3,17,3,23,99,99,0,0,0,0,1,4,1,480795,1730,2009,0,DALLASNORTHTOLLWAY,99999999999999999999,0000000,32.92288889,-96.81922778,2,1
48,253,4,8,20,55,1,4,0,1,2,2,0,1,0,1,10,2,2,65,1,2,2,1,0,0,2,1,0,0,21,11,21,30,21,54,0,0,0,0,1,4,0,480796,0,2009,238,US-83,99999999999999999999,0000000,32.72591111,-99.89018333,1,1
48,37,4,9,13,28,1,1,0,1,1,1,0,24,0,15,4,3,2,70,1,2,2,1,0,0,1,1,0,0,88,88,88,88,88,88,0,0,0,0,1,5,0,480797,3270,2009,276,I-30,FM560,0000000,33.47467778,-94.28938889,1,1
48,237,4,9,19,49,1,2,0,0,3,2,0,35,0,3,4,1,2,65,1,1,2,1,0,0,2,1,0,0,22,0,22,8,22,40,0,0,0,0,1,5,0,480798,0,2009,11,US-380,FM3209,0000000,33.15494167,-98.40591389,1,1
48,329,4,9,5,50,1,1,0,0,4,8,0,1,0,3,4,1,2,55,1,1,2,1,20,3,2,1,0,0,88,88,88,88,88,88,0,0,0,0,1,5,0,480799,0,2009,132,1150,F307,0000000,32.00057778,-102.0121333,1,1
48,339,4,11,4,45,1,1,0,0,6,8,0,42,0,1,4,1,2,35,2,2,1,1,0,0,3,1,0,0,88,88,88,88,88,88,0,0,0,0,1,7,1,480800,0,2009,0,COCHRANSCROSSING,99999999999999999999,0000000,30.20187222,-95.52847222,1,1
48,441,4,13,22,13,2,4,0,1,2,2,0,12,5,2,1,2,2,65,2,1,2,1,20,3,3,1,0,0,22,28,22,31,22,55,0,0,0,0,1,2,1,480801,0,2009,81,US-83,IBERIS,0000000,32.34328611,-99.74284444,2,1
48,215,4,14,17,30,1,1,0,0,6,4,0,1,0,1,4,1,2,55,1,1,8,9,0,0,1,1,0,0,88,88,88,88,88,88,0,0,0,0,1,3,0,480802,0,2009,0,4557,99999999999999999999,0000000,,,1,1
48,37,4,16,20,40,2,3,0,0,3,2,0,12,1,2,1,1,4,60,1,1,2,1,5,3,2,1,0,0,88,88,88,88,88,88,0,0,0,0,1,5,1,480803,0,2009,81,US-67,FM2148,0000000,33.40479167,-94.16102778,2,1
48,61,4,16,7,57,2,4,0,0,4,8,0,12,5,2,1,1,2,55,1,1,2,1,20,3,1,1,0,0,7,58,8,10,8,48,0,0,0,0,1,5,0,480804,0,2009,71,FM508,SEARCY RANCH,0000000,26.24765833,-97.62135833,2,1
48,135,4,16,7,5,1,1,0,0,14,8,0,1,0,1,3,2,2,70,2,1,9,1,0,0,4,1,0,0,88,88,88,88,88,88,0,0,0,0,1,5,1,480805,0,2009,242,SL338,99999999999999999999,0000000,31.93890556,-102.3656278,1,1
48,27,4,18,17,15,3,7,0,0,4,8,0,12,2,1,1,1,2,60,1,1,2,1,0,0,1,1,0,0,17,18,17,23,17,56,0,0,0,0,1,7,1,480806,0,2009,177,FM93,99999999999999999999,0000000,31.02782778,-97.32803333,3,1
48,217,4,18,5,0,1,3,1,1,1,1,0,8,0,1,1,2,2,65,1,1,2,2,0,0,2,1,0,0,88,88,88,88,88,88,0,0,0,0,1,7,0,480807,0,2009,270,I-35,99999999999999999999,0000000,32.21179444,-97.14796111,1,1
48,339,4,19,14,0,2,2,0,0,4,8,0,12,4,2,1,1,2,50,1,1,2,1,0,0,1,1,0,0,14,4,14,8,14,43,0,0,0,0,1,1,0,480808,5434,2009,317,SL464,ERA,0000000,30.11446944,-95.22581389,2,1
48,343,4,20,14,10,1,2,0,0,3,2,0,24,0,1,4,1,2,70,1,1,2,1,0,0,1,1,0,0,14,23,14,38,99,99,0,0,0,0,1,2,0,480809,0,2009,60,US-259,99999999999999999999,0000000,33.22297222,-94.74579444,1,1
48,441,4,20,11,18,1,1,0,0,4,8,0,1,0,1,4,1,2,70,2,1,2,1,0,0,1,1,0,0,88,88,88,88,88,88,0,0,0,0,1,2,0,480810,0,2009,90,FM89,99999999999999999999,0000000,32.25158611,-99.86052778,1,1
48,31,4,21,9,30,1,1,0,0,3,2,0,27,0,1,3,2,2,70,2,3,2,1,0,0,1,1,0,0,88,88,88,88,88,88,0,0,0,0,1,3,0,480811,0,2009,39,US-281,99999999999999999999,0000000,30.23914167,-98.38623333,1,1
48,453,4,21,10,42,3,3,0,0,4,8,0,12,3,1,1,2,2,60,2,3,2,1,0,0,1,1,0,0,10,45,11,1,11,33,0,0,0,0,1,3,0,480812,0,2009,21,FM2244,99999999999999999999,0000000,30.30598333,-97.90044722,3,1
48,423,4,22,21,39,1,2,1,1,13,3,0,8,0,1,1,1,6,45,1,1,2,1,0,0,2,1,0,0,21,39,21,47,22,2,0,0,0,0,1,4,0,480813,7070,2009,76,SR-31,99999999999999999999,0000000,32.34437222,-95.34595,1,1
48,497,4,22,14,4,2,2,0,1,2,2,0,12,2,1,1,2,2,70,1,2,1,1,0,0,1,1,0,0,14,16,14,33,14,55,0,0,0,0,1,4,0,480814,5710,2009,146,US-81/287,99999999999999999999,0000000,33.06128611,-97.47669444,2,1
48,15,4,24,20,28,2,6,0,1,11,7,0,12,2,1,1,1,2,55,1,1,2,1,0,0,2,1,0,0,20,51,21,18,22,3,0,0,0,0,4,6,1,480815,6280,2009,75,I-10,99999999999999999999,0000000,29.76016667,-96.21394444,2,1
48,257,4,26,14,55,2,5,0,0,3,3,0,12,4,1,1,1,2,65,1,2,2,1,0,0,1,1,0,0,15,0,15,11,16,41,0,0,0,0,1,1,1,480816,0,2009,46,SR-34,99999999999999999999,0000000,32.80386111,-96.21086667,2,1
48,329,4,26,16,39,1,1,0,1,1,1,0,1,0,1,1,2,2,70,1,1,2,1,0,0,1,1,0,0,16,37,17,4,17,13,0,0,0,0,1,1,0,480817,0,2009,25,I-20,99999999999999999999,0000000,31.89233889,-102.2517472,1,1
48,401,4,26,1,0,1,1,0,0,6,4,0,1,0,1,4,1,2,99,2,2,2,1,0,0,2,1,0,0,88,88,88,88,88,88,0,0,0,0,1,1,1,480818,0,2009,0,4256,99999999999999999999,0000000,31.93509167,-94.97474167,1,1
48,89,4,29,22,0,1,2,1,1,1,1,0,8,0,1,1,3,2,65,1,1,2,1,0,0,2,1,0,0,88,88,88,88,88,88,0,0,0,0,1,4,0,480820,0,2009,331,I-10,99999999999999999999,0000000,29.74427222,-96.31739167,1,1
48,181,4,29,15,25,2,3,0,0,3,2,0,12,4,1,2,1,2,45,1,2,2,2,0,0,1,2,0,0,15,36,15,50,16,24,0,0,0,0,1,4,0,480821,7450,2009,143,US-377,99999999999999999999,0000000,33.67989444,-96.90592778,2,2
48,469,4,29,23,43,1,2,0,0,16,5,0,1,0,1,1,4,1,30,1,2,1,5,40,3,2,1,0,1,23,44,23,47,0,1,0,3,0,0,1,4,0,480822,7190,2009,0,WETER,99999999999999999999,0000000,28.79212222,-97.00575278,1,1
48,183,4,30,0,7,1,2,1,1,1,1,0,8,0,1,1,3,2,65,1,1,1,1,0,0,2,1,0,0,88,88,88,88,88,88,0,0,0,0,1,5,0,480823,0,2009,152,I-20,99999999999999999999,0000000,32.44246111,-94.73033056,1,1
48,213,4,30,21,50,2,2,0,0,3,3,0,12,11,1,1,1,2,65,1,2,2,1,0,0,2,1,0,0,21,52,22,3,22,37,0,0,0,0,1,5,0,480824,0,2009,49,SR-19,99999999999999999999,0000000,32.28579167,-95.84423889,2,1
48,29,5,1,23,46,5,9,1,1,11,1,0,8,0,1,1,3,4,65,1,1,2,1,0,0,3,1,0,0,88,88,88,88,88,88,0,0,0,0,1,6,0,480825,6090,2009,14,I-10,99999999999999999999,0000000,29.39591667,-98.49316944,5,1
48,185,5,2,13,2,2,2,0,0,4,8,0,12,4,1,1,1,2,65,1,1,2,1,0,0,1,1,0,0,13,6,13,20,14,0,0,0,0,0,1,7,0,480826,0,2009,10,FM244,99999999999999999999,0000000,30.57061111,-96.05166389,2,1
48,439,5,2,0,24,1,1,0,1,12,2,0,5,0,1,1,3,2,60,1,2,2,1,0,0,2,1,0,0,88,88,88,88,88,88,0,0,0,0,1,7,1,480827,260,2009,228,US-287,99999999999999999999,0000000,32.64498056,-97.18411944,1,1
48,439,5,2,19,15,1,1,0,1,13,8,0,46,0,2,3,2,6,55,1,1,1,2,3,3,1,2,0,0,19,16,19,22,19,49,0,0,0,0,1,7,0,480828,260,2009,89,FM157,MOSIERVALLEY,0000000,32.80762222,-97.09976389,1,2
48,453,5,2,0,39,1,1,0,9,99,7,0,24,0,3,10,1,2,99,9,9,2,1,3,3,3,1,0,0,88,88,88,88,88,88,0,0,0,0,1,7,1,480829,330,2009,99999,SR-130,US-290,0000000,30.19455278,-97.62345,1,1
48,201,5,3,3,6,3,1,0,0,6,4,0,14,1,1,2,1,2,30,2,1,1,1,0,0,3,1,0,0,3,18,3,37,4,4,0,0,0,0,1,1,1,480830,0,2009,0,ENCHANTEDCREEK,99999999999999999999,0000000,29.88434722,-95.71944167,1,1
48,295,5,3,22,30,1,1,0,1,2,2,0,1,0,1,4,1,2,65,2,2,2,2,0,0,2,5,0,0,6,57,7,18,7,41,0,0,0,0,1,1,1,480831,0,2009,104,US-60,99999999999999999999,0000000,36.153825,-100.0990056,1,5
48,251,5,4,6,18,1,1,0,0,3,3,0,1,0,1,1,1,4,60,1,2,2,1,0,0,4,1,0,0,88,88,88,88,88,88,0,0,0,0,1,2,0,480832,0,2009,36,SR-174,99999999999999999999,0000000,32.29112222,-97.39044722,1,1
48,77,5,6,22,53,2,4,0,1,2,2,0,11,0,1,1,1,2,65,1,2,2,1,0,0,2,1,0,0,23,21,23,46,0,11,0,0,0,0,1,4,0,480833,0,2009,88,US-82,99999999999999999999,0000000,33.81277222,-98.09304722,2,1
48,141,5,6,16,28,2,2,0,9,99,8,0,12,4,1,1,1,2,45,2,2,2,1,0,0,1,1,0,0,16,32,16,40,17,36,0,0,0,0,1,4,0,480834,0,2009,99999,FM973,99999999999999999999,0000000,31.53430833,-106.1023167,2,1
48,453,5,6,2,12,1,2,1,0,16,5,0,8,0,1,1,2,2,35,1,1,2,1,0,0,3,1,0,0,2,13,2,19,2,36,0,0,0,0,1,4,0,480835,330,2009,0,OLTORF,99999999999999999999,0000000,30.22987222,-97.73121667,1,1
48,375,5,7,11,47,2,2,0,0,16,5,0,12,5,2,1,1,2,40,1,1,2,1,3,3,1,1,0,0,11,55,12,0,12,16,0,0,0,0,1,5,0,480836,150,2009,0,AVONDALE,PLAINS,0000000,35.19635556,-101.8932778,2,1
48,117,5,8,2,45,2,2,0,0,3,2,0,12,2,1,1,1,2,65,1,1,2,1,0,0,2,1,0,0,3,2,3,11,99,99,0,0,0,0,1,6,0,480837,0,2009,215,US-385,99999999999999999999,0000000,34.88476667,-102.40455,2,1
48,201,5,9,22,50,1,2,1,1,12,3,0,8,0,1,1,5,6,50,1,1,1,1,0,0,2,1,0,0,88,88,88,88,88,88,0,0,0,0,1,7,0,480838,0,2009,169,SR-249,99999999999999999999,0000000,29.92436667,-95.49986111,1,1
48,215,5,9,21,17,1,9,0,1,12,2,0,1,0,1,1,2,3,65,2,2,2,1,0,0,2,1,0,0,21,33,21,35,21,48,0,0,0,0,1,7,0,480839,5330,2009,449,US-83,99999999999999999999,0000000,26.20639444,-98.19356944,1,1
48,303,5,9,17,23,2,2,0,0,14,8,0,12,5,8,1,1,2,70,1,1,2,1,0,0,1,1,0,0,17,24,17,27,99,99,0,0,0,0,1,7,0,480840,0,2009,116,FM41,99999999999999999999,0000000,33.43358611,-101.6908528,2,1
48,29,5,12,3,5,1,4,0,1,12,3,0,52,0,15,10,2,2,65,1,1,2,1,0,0,3,1,0,0,3,7,3,11,3,53,0,0,0,0,1,3,1,480841,6090,2009,15,SR-1604W,99999999999999999999,0000000,29.57121667,-98.65078611,1,1
48,29,5,13,6,15,3,3,0,1,11,1,0,25,0,1,3,3,3,70,1,3,2,1,0,0,6,1,0,0,88,88,88,88,88,88,0,14,0,0,1,4,0,480842,6090,2009,37,I-10,99999999999999999999,0000000,29.59695278,-98.59944722,3,1
48,303,5,13,6,21,1,1,0,0,6,4,0,1,0,3,4,1,2,55,2,1,2,1,0,0,4,1,0,0,6,24,6,35,88,88,0,0,0,0,1,4,0,480843,0,2009,0,3700,6840,0000000,33.55488333,-101.6140833,1,1
48,29,5,14,16,59,2,2,0,0,16,5,0,12,1,1,1,1,2,35,1,2,2,1,0,0,1,1,0,0,17,0,17,7,17,30,0,0,0,0,1,5,0,480844,6090,2009,0,HIGGINS,99999999999999999999,0000000,29.57765,-98.40113056,2,1
48,185,4,5,14,15,1,1,0,0,5,8,0,42,0,1,4,1,2,65,2,2,2,1,0,0,1,1,0,0,14,16,14,25,15,22,0,0,0,0,1,1,0,480845,0,2009,165,FM3090,99999999999999999999,0000000,30.44704444,-96.05662778,1,1
48,1,4,6,5,0,2,3,0,1,2,2,0,12,2,1,1,1,2,60,1,1,2,1,0,0,2,1,0,0,6,1,6,32,99,99,0,0,0,0,2,2,0,480846,0,2009,88,US-79,99999999999999999999,0000000,31.68634167,-95.73736667,2,1
48,329,4,7,23,1,1,2,1,0,15,8,0,8,0,1,1,2,2,40,1,1,1,1,0,0,3,1,0,0,23,3,23,6,23,18,0,0,0,0,1,3,0,480847,4560,2009,28,BI20,99999999999999999999,0000000,31.99279444,-102.0802833,1,1
48,229,4,6,5,22,1,4,0,1,1,1,0,1,0,1,1,2,2,65,1,2,1,1,0,0,2,1,0,0,5,24,6,10,99,99,0,0,0,0,1,2,0,480848,0,2009,662,I-10,99999999999999999999,0000000,31.07765,-105.0223111,1,1
48,215,4,7,11,17,1,1,0,0,3,2,0,42,0,1,3,2,2,70,1,1,2,1,0,0,1,1,0,0,88,88,88,88,88,88,0,0,0,0,1,3,0,480849,2110,2009,305,US-281,99999999999999999999,0000000,26.42408889,-98.13615833,1,1
48,367,4,9,21,29,2,3,0,0,4,8,0,12,2,1,1,1,2,60,1,1,2,1,0,0,2,1,0,0,21,57,22,8,22,48,0,0,0,0,1,5,1,480850,0,2009,95,FM920,99999999999999999999,0000000,32.87826389,-97.86736944,2,1
48,251,4,10,13,7,3,8,0,0,4,8,0,12,4,1,1,1,2,60,2,2,2,1,0,0,1,1,0,0,13,10,13,18,99,99,0,0,0,0,1,6,0,480851,0,2009,5,FM2280,99999999999999999999,0000000,32.44868889,-97.30681389,3,1
48,157,4,17,14,30,2,2,0,1,12,2,0,13,5,1,1,2,2,60,1,1,1,2,0,0,1,2,0,0,14,13,14,20,14,49,0,0,0,0,1,6,0,480852,5970,2009,170,US-59,99999999999999999999,0000000,29.509275,-95.89848889,2,2
48,29,4,18,2,19,1,1,0,1,12,7,0,43,0,1,10,4,2,99,1,1,2,2,0,0,3,2,0,0,88,88,88,88,88,88,0,0,0,0,1,7,1,480853,6090,2009,41,LP1604,99999999999999999999,0000000,29.58941111,-98.61550278,1,2
48,201,4,18,16,47,1,8,0,0,16,5,0,31,0,1,4,1,2,35,1,1,2,2,0,0,1,2,0,0,16,48,16,51,19,8,0,0,0,0,5,7,1,480854,3280,2009,0,GREENS,99999999999999999999,0000000,29.94473611,-95.47420556,1,2
48,91,4,20,16,34,2,2,0,1,13,8,0,12,2,1,1,1,2,60,2,1,2,1,0,0,1,1,0,0,99,99,17,7,99,99,0,0,0,0,1,2,0,480855,0,2009,4,FM2722,99999999999999999999,0000000,29.82564167,-98.24382222,2,1
48,61,4,21,1,31,1,5,0,0,16,5,0,5,0,1,4,1,2,30,1,1,2,1,0,0,3,1,0,0,1,35,1,49,2,4,0,0,0,0,1,3,0,480856,940,2009,0,DANA,99999999999999999999,0000000,25.95534444,-97.46765556,1,1
48,201,4,24,13,45,2,3,0,1,11,1,0,13,5,1,1,3,3,65,1,1,2,1,0,0,1,1,0,0,13,45,13,54,15,9,0,0,0,0,1,6,0,480857,3280,2009,436,I-45,99999999999999999999,0000000,29.55175,-95.15263056,2,1
48,237,4,25,14,15,1,2,0,0,4,2,0,37,0,1,4,1,2,70,1,2,2,1,0,0,1,1,0,0,14,20,14,34,15,9,0,0,0,0,1,7,0,480858,0,2009,18,US-281,99999999999999999999,0000000,33.41688056,-98.37025278,1,1
48,479,4,28,6,32,1,2,1,1,2,2,0,8,0,1,1,1,2,35,1,1,2,1,0,0,4,1,0,0,88,88,88,88,88,88,0,0,0,0,1,3,0,480859,3899,2009,23,US-83,99999999999999999999,0000000,27.48861111,-99.47157222,1,1
48,57,4,29,23,3,1,3,2,0,4,3,0,8,0,1,1,1,2,65,1,1,2,1,0,0,2,1,0,0,23,23,23,46,0,55,0,19,0,0,1,4,0,480860,5475,2009,347,SR-185,99999999999999999999,0000000,28.43097222,-96.460175,1,1
48,161,5,2,2,13,2,2,0,1,1,1,0,12,2,1,1,3,2,65,1,1,2,1,0,0,2,1,0,0,2,15,2,28,3,7,0,0,0,0,1,7,1,480861,0,2009,311,I-45,99999999999999999999,0000000,31.86711944,-96.32881111,2,1
48,363,5,2,0,10,1,1,0,0,5,8,0,1,0,1,1,1,2,55,2,2,2,1,0,0,2,1,0,0,88,88,88,88,88,88,0,0,0,0,1,7,1,480862,0,2009,6,FM1148,99999999999999999999,0000000,32.90122778,-98.56754444,1,1
48,141,5,3,16,41,2,5,0,0,16,5,0,12,5,2,1,1,2,30,1,1,2,1,20,3,1,1,0,0,16,47,17,1,17,44,0,0,0,0,1,1,0,480863,6135,2009,0,BORREGO,LOS TULES,0000000,31.59383611,-106.2587889,2,1
48,347,5,3,19,25,1,4,0,0,6,4,0,42,0,1,4,1,2,35,2,1,5,2,0,0,1,1,0,0,19,25,19,50,20,11,0,0,0,0,1,1,0,480864,0,2009,0,144,99999999999999999999,0000000,31.80681389,-94.66722222,1,1
48,479,5,3,2,48,1,1,0,1,1,7,0,21,0,1,4,1,2,65,1,1,2,1,0,0,2,1,0,0,2,48,3,3,88,88,0,0,0,0,1,1,0,480865,0,2009,99999,I-35,99999999999999999999,0000000,27.91145,-99.39346667,1,1
48,403,5,4,14,30,1,1,0,1,2,3,0,42,0,1,4,1,2,70,1,1,2,1,0,0,1,1,0,0,88,88,88,88,88,88,0,0,0,0,1,2,0,480866,0,2009,17,SR-103,99999999999999999999,0000000,31.41115833,-94.01576111,1,1
48,57,5,5,22,42,2,3,0,0,4,3,0,12,1,1,1,1,2,55,1,1,1,1,0,0,2,1,0,0,88,88,88,88,88,88,0,0,0,0,1,3,2,480867,5475,2009,365,SR-185,99999999999999999999,0000000,28.43636389,-96.43283889,2,1
48,29,5,8,19,15,1,2,1,1,11,1,0,8,0,1,1,3,3,60,1,1,2,1,0,0,1,1,0,0,20,24,21,9,88,88,0,0,0,0,1,6,0,480869,6090,2009,315,I-35,99999999999999999999,0000000,29.49506389,-98.40089444,1,1
48,291,5,8,19,43,1,2,0,0,4,8,0,1,0,1,4,1,2,45,2,1,2,1,0,0,1,1,0,0,19,54,20,12,20,51,0,0,0,0,1,6,0,480870,0,2009,11,FM1725,99999999999999999999,0000000,30.35591667,-95.1301,1,1
48,409,5,8,12,57,1,1,0,1,2,2,0,21,0,1,4,2,2,70,2,1,2,1,0,0,1,1,0,0,12,58,13,10,99,99,0,0,0,0,1,6,0,480871,0,2009,202,US-77,99999999999999999999,0000000,27.90631944,-97.62985556,1,1
48,439,5,8,3,15,1,2,0,0,16,5,0,42,0,1,4,1,2,30,1,1,2,1,0,0,2,1,0,0,3,27,3,33,3,55,0,0,0,0,1,6,1,480872,2990,2009,0,THOMAS,99999999999999999999,0000000,32.79595,-97.26213056,1,1
48,439,5,9,0,28,1,1,0,1,13,3,0,46,0,3,4,2,4,40,2,1,2,1,3,3,3,1,0,0,0,31,0,39,1,0,0,0,0,0,1,7,1,480873,2990,2009,129,SR-183,HIGHLAND,0000000,32.80015278,-97.26538611,1,1
48,121,5,10,21,21,3,8,0,1,11,1,0,20,0,5,8,3,3,60,1,1,2,1,0,0,3,1,0,0,88,88,88,88,88,88,0,0,0,0,1,1,1,480874,3960,2009,84,I-35,99999999999999999999,0000000,33.06954167,-97.01778611,3,1
48,455,5,11,15,6,1,1,0,0,3,8,0,42,0,1,4,1,2,55,1,1,2,1,0,0,1,1,0,0,15,10,15,24,99,99,0,0,0,0,1,2,1,480875,0,2009,113,FM356,99999999999999999999,0000000,30.85333056,-95.18456111,1,1
48,439,5,14,22,0,1,1,0,0,16,5,0,42,0,1,3,2,4,30,2,1,1,1,0,0,2,1,0,0,88,88,88,88,88,88,0,0,0,0,1,5,1,480876,2255,2009,0,BEARCREEK,99999999999999999999,0000000,32.839175,-97.06961667,1,1
48,29,4,9,14,32,4,6,0,1,11,8,0,12,1,1,1,3,2,60,1,1,2,1,0,0,1,1,0,0,14,35,14,41,15,24,0,0,0,0,1,5,0,480877,6090,2009,310,SL410,99999999999999999999,0000000,29.47026944,-98.40404167,4,1