STATE,COUNTY,MONTH,DAY,HOUR,MINUTE,VE_TOTAL,PERSONS,PEDS,NHS,ROAD_FNC,ROUTE,SP_JUR,HARM_EV,MAN_COLL,REL_JUNC,REL_ROAD,TRAF_FLO,NO_LANES,SP_LIMIT,ALIGNMNT,PROFILE,PAVE_TYP,SUR_COND,TRA_CONT,T_CONT_F,LGT_COND,WEATHER1,WEATHER2,WRK_ZONE,NOT_HOUR,NOT_MIN,ARR_HOUR,ARR_MIN,HOSP_HR,HOSP_MN,SCH_BUS,CF1,CF2,CF3,FATALS,DAY_WEEK,DRUNK_DR,ST_CASE,CITY,YEAR,MILEPT,TWAY_ID,TWAY_ID2,RAIL,LATITUDE,LONGITUD,VE_FORMS,WEATHER
48,439,4,7,8,0,1,1,0,1,13,3,0,1,0,1,4,1,2,45,1,2,1,1,0,0,1,1,0,0,8,13,8,26,8,50,0,0,0,0,1,3,0,480878,4965,2009,66,SR-26,99999999999999999999,0000000,32.84695833,-97.19671111,1,1
48,201,4,9,20,45,1,3,1,0,16,5,0,8,0,1,1,1,2,30,1,1,1,1,0,0,3,1,0,0,20,50,21,3,21,28,0,0,0,0,1,5,0,480879,480,2009,0,AIRHART,99999999999999999999,0000000,29.72790278,-95.002725,1,1
48,139,4,27,17,7,1,1,0,0,16,5,0,99,99,1,5,1,2,40,2,1,2,1,0,0,1,1,0,0,17,10,17,11,17,34,0,0,0,0,1,2,0,480880,2360,2009,0,FERRIS,99999999999999999999,0000000,32.53908333,-96.68861111,1,1
48,215,5,8,21,0,1,6,1,0,4,8,0,8,0,1,1,1,2,55,1,1,2,1,0,0,2,1,0,0,21,1,21,9,21,35,0,0,0,0,1,6,0,480881,0,2009,47,FM907,99999999999999999999,0000000,26.27666111,-98.10735278,1,1
48,143,5,9,17,25,1,1,1,0,6,4,0,8,0,1,1,1,2,60,1,2,5,1,0,0,1,1,0,0,88,88,88,88,88,88,0,0,0,0,1,7,0,480882,0,2009,0,121,99999999999999999999,0000000,32.41038611,-98.33599444,1,1
48,309,5,10,20,50,1,1,0,0,16,5,0,1,0,1,4,1,2,20,2,1,2,1,0,0,2,1,0,0,88,88,88,88,88,88,0,0,0,0,1,1,0,480883,7210,2009,0,CAMERONPARK,99999999999999999999,0000000,31.58744444,-97.16490278,1,1
48,309,5,11,22,30,1,2,0,0,16,5,0,42,0,1,4,1,2,30,1,1,2,1,0,0,2,1,0,0,22,34,22,42,23,23,0,0,0,0,1,2,1,480884,7210,2009,0,3RD,99999999999999999999,0000000,,,1,1
48,141,5,16,3,47,1,1,0,0,16,5,0,25,0,1,3,3,2,50,1,1,2,1,0,0,3,1,0,1,88,88,88,88,88,88,0,0,0,0,1,7,0,480885,2190,2009,0,RAILROAD,99999999999999999999,0000000,31.82745833,-106.4343528,1,1
48,145,4,9,1,10,1,5,0,0,3,3,0,52,0,1,4,1,2,65,1,1,2,1,0,0,2,1,0,0,1,15,1,27,1,51,0,0,0,0,3,5,1,480886,0,2009,186,SR-7,99999999999999999999,0000000,31.30915,-96.77516944,1,1
48,161,4,9,21,23,1,1,0,0,5,8,0,11,0,1,1,1,2,60,2,1,2,1,0,0,2,1,0,0,21,24,21,42,22,25,0,0,0,0,1,5,1,480887,0,2009,43,FM3059,99999999999999999999,0000000,31.90713611,-96.253925,1,1
48,185,4,11,12,25,1,1,0,0,4,8,0,34,0,1,4,1,2,65,2,2,2,1,0,0,1,1,0,0,88,88,88,88,88,88,0,0,0,0,1,7,0,480888,0,2009,30,FM244,99999999999999999999,0000000,30.57319722,-96.05389722,1,1
48,213,4,11,16,13,1,1,0,0,6,4,0,42,0,1,4,1,2,60,1,2,2,1,0,0,1,1,0,0,88,88,88,88,88,88,0,0,0,0,1,7,0,480889,0,2009,0,4235,99999999999999999999,0000000,32.08151944,-95.56663611,1,1
48,493,4,12,18,10,1,1,0,0,3,2,0,1,0,1,3,2,2,70,1,1,2,1,0,0,1,1,0,0,88,88,88,88,88,88,0,0,0,0,1,1,0,480890,0,2009,156,US-181,99999999999999999999,0000000,29.10587222,-98.10613056,1,1
48,41,4,4,19,15,1,2,0,0,3,8,0,1,0,2,1,1,2,70,2,1,2,1,0,0,1,1,0,0,19,16,19,26,20,58,0,0,0,0,1,7,1,480891,4593,2009,229,FM2154,HENDERSON,0000000,30.46665278,-96.20101111,1,1
48,141,4,9,0,7,1,1,0,1,12,2,0,27,0,5,1,6,2,45,2,2,2,1,0,0,3,7,0,0,88,88,88,88,88,88,0,0,0,0,1,5,0,480892,2190,2009,128,US-54,99999999999999999999,0000000,31.87903333,-106.44075,1,7
48,187,4,10,6,18,1,1,1,0,6,4,0,10,0,6,1,1,2,40,2,2,2,2,69,9,2,5,0,0,88,88,88,88,88,88,0,19,23,0,1,6,0,480893,0,2009,0,COUNTRY,99999999999999999999,742637R,29.56586111,-98.17606944,1,5
48,1,4,11,1,42,1,1,0,0,5,8,0,42,0,1,4,1,2,60,1,1,2,1,0,0,2,1,0,0,88,88,88,88,88,88,0,0,0,0,1,7,1,480894,0,2009,3,FM319,99999999999999999999,0000000,31.61399167,-95.59461667,1,1
48,1,4,12,13,15,1,1,0,1,2,2,0,42,0,1,4,1,2,70,1,1,2,1,0,0,1,1,0,0,13,26,13,38,14,18,0,0,0,0,1,1,0,480895,0,2009,11,US-79,99999999999999999999,0000000,31.85412222,-95.50659722,1,1
48,27,4,18,23,20,2,2,0,0,4,8,0,12,2,1,1,1,2,55,1,1,2,1,0,0,2,1,0,0,23,28,23,34,0,6,0,0,0,0,1,7,1,480896,0,2009,253,FM439,99999999999999999999,0000000,31.10345556,-97.49872778,2,1
48,221,4,21,13,34,2,3,0,0,4,8,0,12,5,2,1,1,2,55,1,2,2,1,4,3,1,1,0,0,13,36,13,43,99,99,0,0,0,0,1,3,0,480897,0,2009,26,FM167,FAIRWAY,0000000,32.429025,-97.67571111,2,1
48,439,4,21,14,20,1,2,0,0,6,4,0,30,0,1,4,1,2,30,2,1,2,1,0,0,1,1,0,0,14,22,14,41,15,17,0,0,0,0,1,3,1,480898,0,2009,0,BRIAR,99999999999999999999,0000000,32.99401944,-97.52507778,1,1
48,55,4,23,5,29,1,1,0,0,4,8,0,42,0,1,4,1,2,65,2,2,2,1,0,0,2,1,0,1,88,88,88,88,88,88,0,0,0,0,1,5,1,480899,0,2009,163,FM86,99999999999999999999,0000000,29.72965,-97.62846111,1,1
48,113,4,23,17,6,1,3,1,0,16,5,0,8,0,1,1,5,4,35,1,1,2,1,0,0,1,1,0,0,17,7,17,11,17,28,0,0,0,0,1,5,0,480900,1730,2009,0,GASTON,99999999999999999999,0000000,32.80268889,-96.76574444,1,1
48,97,4,24,19,51,1,1,0,0,4,8,0,1,0,1,4,1,2,55,2,3,2,1,0,0,5,1,0,0,88,88,88,88,88,88,0,0,0,0,1,6,1,480901,0,2009,72,FM1201,99999999999999999999,0000000,33.76199722,-97.21215833,1,1
48,499,4,25,1,25,1,4,0,0,4,8,0,1,0,1,4,1,2,60,2,2,2,1,0,0,2,1,0,0,1,53,2,10,2,54,0,0,0,0,2,7,1,480903,0,2009,676,FM2869,99999999999999999999,0000000,32.64457778,-95.24888889,1,1
48,223,4,26,13,30,1,1,0,0,6,4,0,38,0,1,4,1,2,35,1,2,2,1,0,0,1,1,0,0,88,88,88,88,88,88,0,0,0,0,1,1,0,480904,0,2009,0,4771,99999999999999999999,0000000,33.25753056,-95.66220833,1,1
48,85,4,27,12,5,2,7,0,0,4,8,0,12,4,1,1,1,2,50,2,1,2,2,0,0,1,2,0,0,12,6,12,11,99,99,0,0,0,0,1,2,0,480905,2282,2009,27,FM1378,99999999999999999999,0000000,33.15126944,-96.60716111,2,2
48,147,4,29,15,35,2,4,0,1,13,3,0,54,11,1,1,1,2,60,1,1,2,2,0,0,1,2,0,0,88,88,88,88,88,88,0,14,0,0,1,4,0,480906,0,2009,116,SR-78,99999999999999999999,0000000,33.55974167,-96.17616111,2,2
48,423,4,29,21,58,1,1,0,0,4,8,0,42,0,1,4,1,2,55,2,2,2,2,0,0,2,1,0,0,88,88,88,88,88,88,0,0,0,0,1,4,1,480907,0,2009,133,FM850,99999999999999999999,0000000,32.30001111,-95.05748611,1,1
48,231,4,30,15,20,3,3,0,0,4,3,0,12,1,3,1,1,2,70,1,3,2,1,0,0,1,1,0,0,15,20,15,28,15,58,0,0,0,0,1,5,0,480908,0,2009,53,SR-34,1007,0000000,33.31736667,-96.09166111,3,1
48,39,5,2,22,35,1,2,0,0,3,8,0,1,0,1,4,1,4,60,1,1,2,1,0,0,6,1,0,0,88,88,88,88,88,88,0,0,0,0,1,7,1,480909,0,2009,139,BS288B,99999999999999999999,0000000,29.24398056,-95.4457,1,1
48,171,5,2,15,56,1,2,0,0,4,3,0,32,0,1,4,1,2,70,1,1,2,1,0,0,1,1,0,0,16,11,16,23,17,16,0,0,0,0,1,7,0,480910,0,2009,6,SR-16,99999999999999999999,0000000,30.48769722,-98.70391944,1,1
48,423,5,2,20,40,1,2,1,0,4,3,0,8,0,1,1,1,2,65,1,1,2,1,0,0,2,1,0,0,88,88,88,88,88,88,0,0,0,0,1,7,0,480911,0,2009,34,SR-135,99999999999999999999,0000000,32.24725833,-95.01774722,1,1
48,439,5,2,20,37,4,5,1,1,11,1,0,8,0,1,1,3,5,60,1,1,2,2,0,0,6,2,0,0,88,88,88,88,88,88,0,0,0,0,1,7,0,480912,260,2009,144,I-20,99999999999999999999,0000000,32.66851667,-97.22853333,4,2
48,25,5,3,11,40,2,1,0,0,3,2,0,14,5,1,5,2,2,70,1,1,2,1,0,0,1,1,0,1,88,88,88,88,88,88,0,0,0,0,1,1,0,480913,0,2009,318,US-181,99999999999999999999,0000000,28.22605278,-97.65546667,1,1
48,105,5,3,6,0,1,3,0,0,4,3,0,1,0,1,4,1,2,65,1,1,2,1,0,0,2,1,0,0,7,19,7,34,99,99,0,0,0,0,1,1,1,480914,0,2009,59,SR-349,99999999999999999999,0000000,31.13236667,-102.0067361,1,1
48,171,5,3,14,37,1,1,0,0,4,8,0,1,0,1,4,1,2,40,2,2,2,1,21,3,1,1,0,0,14,43,15,18,16,14,0,0,0,0,1,1,0,480915,0,2009,81,RR965,99999999999999999999,0000000,30.42636944,-98.85775556,1,1
48,459,5,3,8,30,1,1,0,0,6,4,0,7,0,1,1,1,2,35,1,2,2,6,0,0,1,2,0,0,9,11,10,0,88,88,0,5,23,0,1,1,0,480916,0,2009,0,FOX,99999999999999999999,0000000,32.81595278,-95.09495278,1,2
48,411,5,4,11,15,1,3,1,0,5,8,0,43,0,1,1,1,2,70,1,1,2,1,0,0,1,1,0,0,11,32,12,8,13,0,0,19,15,0,1,2,0,480917,0,2009,82,FM2732,99999999999999999999,0000000,31.17153056,-98.90570556,1,1
48,469,5,4,10,10,2,4,0,1,2,2,0,12,1,1,1,2,4,70,1,1,2,1,0,0,1,1,0,0,10,26,10,38,10,53,0,0,0,0,1,2,0,480918,0,2009,69,US-59,99999999999999999999,0000000,28.87068333,-96.85581111,2,1
48,53,5,6,11,56,1,1,0,0,3,2,0,10,0,6,1,1,4,70,1,1,2,1,68,3,1,1,0,0,88,88,88,88,88,88,0,0,0,0,1,4,0,480919,0,2009,271,US-281,99999999999999999999,745259H,30.65411111,-98.25659167,1,1
48,309,5,6,19,53,1,1,0,0,4,8,0,32,0,1,4,1,2,60,1,1,2,1,0,0,1,1,0,0,88,88,88,88,88,88,0,0,0,0,1,4,0,480920,0,2009,135,FM2837,99999999999999999999,0000000,31.41784167,-97.236,1,1
48,201,5,7,6,19,2,2,0,1,13,8,0,12,4,8,1,5,7,40,1,1,1,1,0,0,1,1,0,0,99,99,99,99,99,99,0,0,0,0,1,5,0,480921,3280,2009,58,FM1960,99999999999999999999,0000000,29.95359722,-95.55616389,2,1
48,289,5,7,15,25,1,5,0,1,1,7,0,42,0,1,10,1,2,45,1,2,2,1,0,0,1,1,0,0,15,31,16,3,16,59,0,0,0,0,2,5,0,480922,0,2009,110,I-45,99999999999999999999,0000000,31.24665833,-95.99002778,1,1
48,185,5,8,20,32,3,4,0,0,3,3,0,12,2,1,1,1,2,65,2,1,2,1,0,0,6,1,0,0,20,36,20,55,99,99,0,0,0,0,1,6,0,480923,0,2009,48,SR-30,99999999999999999999,0000000,30.60168333,-96.12043611,3,1
48,201,5,8,20,32,1,2,0,0,16,5,0,33,0,1,4,1,4,30,2,1,1,1,0,0,3,1,0,0,20,35,20,54,21,14,0,0,0,0,1,6,1,480924,3280,2009,0,ROTHWAY,99999999999999999999,0000000,29.86064444,-95.52955278,1,1
48,439,5,8,17,5,1,2,0,0,16,5,0,10,0,6,1,2,2,40,1,1,1,1,60,3,1,1,0,0,17,13,17,31,17,43,0,0,0,0,1,6,0,480925,9997,2009,0,ALBURY,99999999999999999999,9999999,32.56294167,-97.32278056,1,1
48,453,5,8,0,54,1,1,0,0,15,8,0,30,0,1,4,5,4,40,1,1,2,1,0,0,3,1,0,0,0,54,0,59,1,17,0,0,0,0,1,6,1,480926,330,2009,3,LP343,99999999999999999999,0000000,30.25328056,-97.76318056,1,1
48,67,5,9,21,25,1,3,0,0,3,3,0,32,0,1,4,2,2,65,2,2,2,1,0,0,2,1,0,0,21,27,21,38,99,99,0,0,0,0,1,7,0,480927,0,2009,60,SR-155,99999999999999999999,0000000,32.96473889,-94.45104167,1,1
48,113,5,9,13,20,1,1,0,0,16,5,0,33,0,1,4,2,3,25,2,1,1,1,40,3,1,1,0,0,88,88,88,88,88,88,0,0,0,0,1,7,1,480928,1730,2009,0,WEBBCHAPEL,99999999999999999999,0000000,32.8869,-96.87045278,1,1
48,201,5,9,5,49,3,2,1,0,14,8,0,12,1,1,1,1,4,55,1,1,2,1,0,0,2,1,0,0,5,49,5,55,6,47,0,19,23,0,1,7,0,480929,0,2009,172,FM2920,99999999999999999999,0000000,30.07052778,-95.47636389,3,1
48,309,5,9,17,33,1,1,0,0,6,4,0,42,0,1,4,1,2,55,1,2,2,1,0,0,1,1,0,0,17,44,17,57,18,15,0,0,0,0,1,7,0,480930,0,2009,0,MEIXNER,99999999999999999999,0000000,31.66051389,-97.12411944,1,1
48,319,5,9,21,45,1,1,0,0,3,3,0,27,0,1,4,1,2,65,2,2,2,1,0,0,2,1,0,0,21,52,22,41,99,99,0,0,0,0,1,7,1,480931,0,2009,30,SR-29,99999999999999999999,0000000,30.74603056,-99.18001111,1,1
48,385,5,9,12,20,2,2,0,0,5,8,0,36,0,1,4,1,2,55,2,2,2,1,40,3,1,1,0,0,12,49,13,26,88,88,0,0,0,0,1,7,0,480932,0,2009,135,RR336,99999999999999999999,0000000,29.89259722,-99.79306667,2,1
48,479,5,9,0,24,1,1,0,0,16,5,0,52,0,1,4,1,2,30,2,2,2,1,0,0,3,1,0,0,88,88,88,88,88,88,0,0,0,0,1,7,0,480933,3899,2009,0,MEADOW,99999999999999999999,0000000,27.48816389,-99.47770556,1,1
48,85,5,10,0,28,2,3,0,0,16,5,0,12,2,1,1,3,3,65,2,1,1,2,0,0,3,2,0,0,0,41,0,50,1,13,0,0,0,0,1,1,1,480934,2520,2009,0,DALLASNORTHTOLLWAY,99999999999999999999,0000000,,,2,2
48,157,5,10,19,20,1,1,0,0,6,4,0,35,0,2,4,1,2,25,1,1,2,1,0,0,5,1,0,0,19,34,19,48,20,17,0,0,0,0,1,1,1,480935,0,2009,0,MARTINEZ,SECOND,0000000,29.662875,-95.65556389,1,1
48,201,5,10,6,17,3,3,0,1,11,1,0,12,2,1,1,3,7,60,1,1,1,1,0,0,4,1,0,0,6,17,6,27,6,50,0,14,0,0,1,1,1,480936,3280,2009,275,I-45,99999999999999999999,0000000,29.80195833,-95.37222778,3,1
48,463,5,10,22,50,1,1,0,0,4,3,0,11,0,1,1,1,2,60,1,1,2,1,0,0,2,1,0,0,23,24,23,55,0,47,0,0,0,0,1,1,1,480937,0,2009,37,SR-127,99999999999999999999,0000000,29.27426944,-99.45957222,1,1
48,491,5,10,20,9,1,1,0,1,11,1,0,27,0,1,4,3,6,65,1,1,2,1,0,0,1,1,0,0,88,88,88,88,88,88,0,0,0,0,1,1,0,480938,5990,2009,36,I-35,99999999999999999999,0000000,30.54112222,-97.69216667,1,1
48,305,5,11,1,58,1,1,0,1,2,2,0,1,0,1,4,2,4,65,2,1,2,1,0,0,2,1,0,0,1,58,2,16,88,88,0,0,0,0,1,2,0,480939,0,2009,10,US-87,99999999999999999999,0000000,33.38157222,-101.8092722,1,1
48,215,5,12,21,29,2,3,0,1,12,2,0,25,0,1,4,3,5,65,1,1,2,1,0,0,3,1,0,0,99,99,21,34,99,99,0,0,0,0,1,3,1,480940,7330,2009,386,US-83,99999999999999999999,0000000,26.17281944,-97.99971111,2,1
48,355,5,12,18,43,1,2,0,0,6,4,0,1,0,1,1,1,2,60,1,1,2,1,0,0,1,1,0,0,18,48,19,1,21,8,0,0,0,0,1,3,0,480941,0,2009,0,91,99999999999999999999,0000000,27.81520278,-97.82737222,1,1
48,439,5,12,17,50,2,2,0,0,16,5,0,12,5,2,1,2,4,40,1,1,1,1,0,0,1,1,0,0,17,55,18,12,18,32,0,0,0,0,1,3,0,480942,260,2009,0,MAYFIELD,LEGEND,0000000,32.69150833,-97.076225,2,1
48,203,5,13,22,30,2,2,0,1,2,2,0,12,2,1,1,2,2,65,2,2,2,1,0,0,2,1,0,0,88,88,88,88,88,88,0,0,0,0,1,4,1,480943,0,2009,20,US-59,99999999999999999999,0000000,32.68479167,-94.34086111,2,1
48,441,5,13,0,57,1,1,0,0,16,5,0,33,0,1,4,1,4,40,2,1,2,1,0,0,2,1,0,0,1,0,1,7,1,22,0,0,0,0,1,4,1,480944,30,2009,0,OLDANSON,99999999999999999999,0000000,32.48701111,-99.74627778,1,1
48,5,5,15,1,12,1,2,1,1,13,2,0,8,0,1,1,2,2,55,1,1,2,1,0,0,3,1,0,0,88,88,88,88,88,88,0,0,0,0,1,6,0,480945,4160,2009,100,US-69,99999999999999999999,0000000,31.37024722,-94.71081944,1,1
48,201,5,15,6,36,1,1,0,0,6,4,0,24,0,1,4,1,4,45,2,1,1,1,0,0,2,1,0,0,88,88,88,88,88,88,0,0,0,0,1,6,1,480946,0,2009,0,WALLISVILLE,99999999999999999999,0000000,29.80675278,-95.20714444,1,1
48,441,5,15,17,40,1,1,0,1,2,2,0,38,0,1,4,2,2,70,1,1,2,1,0,0,1,1,0,0,17,44,17,50,18,20,0,0,0,0,1,6,1,480947,0,2009,83,US-83,99999999999999999999,0000000,32.34036667,-99.74410556,1,1
48,27,5,16,20,7,2,2,0,1,13,8,0,1,0,2,1,1,4,45,1,1,2,1,0,0,1,1,0,0,20,7,20,10,20,21,0,0,0,0,1,7,0,480948,3690,2009,44,BU90,HILLSIDE,0000000,31.10666944,-97.71011389,2,1
48,201,5,16,21,5,1,2,1,1,13,8,0,8,0,1,1,5,4,40,1,1,2,1,0,0,2,1,0,0,88,88,88,88,88,88,0,0,0,0,1,7,0,480949,0,2009,95,FM2100,99999999999999999999,0000000,29.88981389,-95.06329722,1,1
48,457,5,16,23,20,1,1,0,1,2,2,0,42,0,1,4,1,2,65,1,1,2,2,0,0,2,2,0,0,88,88,88,88,88,88,0,0,0,0,1,7,1,480950,0,2009,105,US-69,99999999999999999999,0000000,31.01527778,-94.39693056,1,2
48,135,5,17,17,0,1,1,0,0,16,5,0,38,0,1,4,1,2,35,2,1,2,1,0,0,1,1,0,0,17,0,17,17,99,99,0,0,0,0,1,1,1,480951,5030,2009,0,PEARL,99999999999999999999,0000000,31.86352222,-102.3259889,1,1
48,245,5,17,17,30,1,1,0,0,6,4,0,43,0,1,4,1,2,35,2,1,2,1,0,0,1,1,0,0,88,88,88,88,88,88,0,0,0,0,1,1,0,480952,0,2009,0,HILDEBRANDT,99999999999999999999,0000000,29.93251389,-94.10809167,1,1
48,359,5,17,0,59,1,2,0,1,1,1,0,1,0,1,1,2,2,65,2,1,1,1,0,0,2,1,0,0,88,88,88,88,88,88,0,0,0,0,2,1,1,480953,0,2009,109,I-40,99999999999999999999,0000000,35.23677778,-102.8377389,1,1
48,37,5,18,17,46,2,2,0,1,13,2,0,12,5,2,1,2,3,40,1,2,2,1,20,3,1,1,0,0,17,49,17,51,17,57,0,0,0,0,1,2,0,480954,6850,2009,2,US-67,PINE,0000000,33.42701944,-94.04634722,2,1
48,201,5,18,23,20,1,1,0,1,12,7,0,33,0,1,4,3,5,50,1,1,1,1,0,0,3,1,0,0,88,88,88,88,88,88,0,0,0,0,1,2,1,480955,0,2009,103,SR-249,99999999999999999999,0000000,29.99290833,-95.57624722,1,1
48,361,5,18,14,35,1,3,0,1,1,1,0,1,0,1,1,3,2,70,1,1,1,1,0,0,1,1,0,0,14,32,14,41,15,0,0,0,0,0,1,2,1,480956,5100,2009,169,I-10,99999999999999999999,0000000,30.11771667,-93.82709444,1,1
48,419,5,18,18,54,1,2,0,0,6,4,0,1,0,3,8,1,2,55,2,1,5,5,0,0,5,1,0,0,18,58,19,16,19,30,0,0,0,0,1,2,0,480957,0,2009,0,3047,3012,0000000,31.80400556,-94.13562222,1,1
48,29,5,19,4,53,8,3,0,0,16,5,0,33,0,3,4,1,2,40,2,1,2,1,0,0,3,1,0,0,4,54,5,2,5,29,0,0,0,0,2,3,1,480958,6090,2009,0,CULEBRA,FLORENCIA,0000000,29.44866944,-98.58299444,1,1
48,203,5,20,13,59,2,3,0,0,4,3,0,12,2,1,1,1,2,60,2,1,2,1,0,0,1,1,0,0,88,88,88,88,88,88,0,0,0,0,3,4,0,480959,0,2009,204,SR-154,99999999999999999999,0000000,32.57441111,-94.41865,2,1
48,291,5,20,13,25,1,2,0,0,3,3,0,30,0,1,5,1,2,65,1,1,1,1,0,0,1,1,0,0,13,40,14,18,99,99,0,0,0,0,1,4,0,480960,0,2009,101,SR-146,99999999999999999999,0000000,29.89962778,-94.896425,1,1
48,53,5,22,9,24,2,2,0,0,3,2,0,12,5,2,1,5,4,50,1,1,2,1,20,3,1,1,0,0,88,88,88,88,88,88,0,0,0,0,1,6,0,480961,4310,2009,316,US-281,COMMERCE,0000000,30.59146944,-98.27306944,2,1
48,303,5,22,21,15,2,3,0,0,4,8,0,12,4,2,1,1,2,65,1,1,2,1,0,0,2,1,0,0,21,16,21,29,22,2,0,0,0,0,1,6,1,480962,0,2009,29,FM1729,6500,0000000,33.6074,-101.7318528,2,1
48,29,5,23,12,20,6,6,0,1,11,1,0,12,1,1,1,3,4,60,2,2,2,1,0,0,1,1,0,0,12,21,12,26,12,47,0,14,0,0,1,7,0,480963,6090,2009,168,I-410,99999999999999999999,0000000,29.49657778,-98.55174167,6,1
48,29,5,23,20,39,1,1,0,0,16,5,0,33,0,3,3,2,4,30,1,1,2,1,3,3,5,1,0,0,88,88,88,88,88,88,0,0,0,0,1,7,1,480964,6090,2009,0,KNOLLCREEK,GRADINPASS,0000000,29.59555,-98.38871667,1,1
48,201,5,23,5,23,1,3,0,0,4,8,0,29,0,1,4,1,4,45,1,1,1,1,0,0,3,1,0,0,5,33,5,43,99,99,0,0,0,0,1,7,1,480965,0,2009,10,FM529,99999999999999999999,0000000,29.88001944,-95.69111111,1,1
48,491,5,23,0,33,1,2,1,0,16,5,0,8,0,1,1,5,4,45,1,1,2,1,0,0,2,1,0,0,88,88,88,88,88,88,0,0,0,0,1,7,0,480966,330,2009,0,MCNEIL,99999999999999999999,0000000,30.43542222,-97.76636667,1,1
48,201,5,24,3,50,2,2,0,0,3,8,0,12,2,1,1,1,2,55,2,1,2,1,0,0,2,1,0,0,4,0,4,17,5,27,0,0,0,0,1,1,1,480967,0,2009,125,FM2920,99999999999999999999,0000000,30.08093056,-95.71978333,2,1
48,29,5,26,19,0,2,3,0,1,13,2,0,12,5,2,1,5,6,50,1,1,1,1,0,0,1,1,0,0,19,7,19,11,19,39,0,0,0,0,1,3,0,480969,6090,2009,11,US-281,SAN CASIMIRO,0000000,29.31851667,-98.47674444,2,1
48,29,5,27,2,58,2,3,0,1,13,8,0,12,5,2,1,5,4,40,1,1,2,1,0,0,3,1,0,0,88,88,88,88,88,88,0,0,0,0,1,4,1,480970,6090,2009,111,FM1517,ABE LINCOLN,0000000,29.51906667,-98.61733056,2,1
48,339,4,13,2,42,1,2,0,0,3,3,0,46,0,3,3,2,4,60,1,1,1,1,3,3,3,1,0,0,2,47,2,52,3,24,0,0,0,0,1,2,1,480971,0,2009,58,SR-242,GLENEAGLE,0000000,30.20841111,-95.43361667,1,1
48,439,4,14,21,28,2,2,0,1,11,8,0,12,99,1,1,3,3,60,1,2,1,1,0,0,3,1,0,0,21,34,21,53,22,5,0,0,0,0,1,3,1,480972,2450,2009,42,SL820,99999999999999999999,0000000,32.758975,-97.21430556,2,1
48,339,4,15,7,20,1,1,0,0,6,4,0,11,0,1,1,1,2,40,1,1,2,1,0,0,1,1,0,0,7,25,7,37,88,88,0,0,0,0,1,4,0,480973,0,2009,0,DECKERPRAIRIERROSE,99999999999999999999,0000000,30.11721667,-95.68498889,1,1
48,409,4,15,1,0,1,1,0,0,6,4,0,1,0,1,5,1,2,55,1,1,2,1,0,0,2,1,0,0,88,88,88,88,88,88,0,0,0,0,1,4,1,480974,0,2009,0,2849,99999999999999999999,0000000,27.89613889,-97.47737222,1,1
48,149,4,16,17,0,2,2,0,0,3,3,0,12,5,2,1,2,4,70,1,2,2,1,21,3,1,1,0,0,17,8,17,12,17,48,0,0,0,0,1,5,0,480975,0,2009,26,SR-71,SR-71CROSSOVER,0000000,29.90602222,-96.91183333,2,1
48,193,4,16,7,14,1,1,0,0,4,8,0,42,0,1,4,1,2,60,1,1,2,1,0,0,1,1,0,0,88,88,88,88,88,88,0,0,0,0,1,5,0,480976,0,2009,93,FM2005,99999999999999999999,0000000,31.69611944,-98.15266389,1,1
48,361,4,5,20,24,1,2,1,0,3,8,0,8,0,1,1,1,2,60,1,1,2,1,0,0,2,1,0,0,88,88,88,88,88,88,0,0,0,0,1,1,0,480977,5100,2009,116,FM105,99999999999999999999,0000000,30.08279722,-93.79796389,1,1
48,177,4,10,4,40,2,2,0,1,2,2,0,12,8,1,1,1,2,65,2,2,2,2,0,0,2,1,0,0,4,52,4,59,6,42,0,0,0,0,1,6,0,480978,0,2009,84,US-183,99999999999999999999,0000000,29.55960833,-97.48816944,2,1
48,113,4,20,22,30,1,2,0,1,11,1,0,26,0,5,8,6,2,55,1,2,1,1,0,0,3,1,0,0,22,32,22,36,99,99,0,0,0,0,1,2,1,480979,1730,2009,110,I-30,99999999999999999999,0000000,32.76390278,-96.84463333,1,1
48,91,4,26,21,47,1,2,1,1,13,8,0,8,0,1,1,5,3,45,1,1,2,1,0,0,2,1,0,0,88,88,88,88,88,88,0,0,0,0,1,1,0,480980,6229,2009,189,FM2673,99999999999999999999,0000000,29.84963889,-98.1727,1,1
48,201,4,28,5,18,1,1,0,1,11,7,0,32,0,1,4,3,3,45,1,1,1,6,0,0,3,2,8,0,88,88,88,88,88,88,0,5,0,0,1,3,0,480981,3280,2009,158,I-10,99999999999999999999,0000000,29.78503333,-95.55338611,1,2
48,309,4,28,2,30,1,1,0,0,4,3,0,32,0,1,4,1,2,65,1,1,2,2,0,0,2,9,0,0,88,88,88,88,88,88,0,0,0,0,1,3,0,480982,0,2009,55,SR-164,99999999999999999999,0000000,31.53115833,-96.87630278,1,9
48,249,5,3,19,24,1,1,0,0,4,8,0,38,0,1,5,1,2,65,1,1,2,1,0,0,5,1,0,0,88,88,88,88,88,88,0,0,0,0,1,1,1,480983,0,2009,19,FM534,99999999999999999999,0000000,28.03168333,-97.94217222,1,1