STATE,COUNTY,MONTH,DAY,HOUR,MINUTE,VE_TOTAL,PERSONS,PEDS,NHS,ROAD_FNC,ROUTE,SP_JUR,HARM_EV,MAN_COLL,REL_JUNC,REL_ROAD,TRAF_FLO,NO_LANES,SP_LIMIT,ALIGNMNT,PROFILE,PAVE_TYP,SUR_COND,TRA_CONT,T_CONT_F,LGT_COND,WEATHER1,WEATHER2,WRK_ZONE,NOT_HOUR,NOT_MIN,ARR_HOUR,ARR_MIN,HOSP_HR,HOSP_MN,SCH_BUS,CF1,CF2,CF3,FATALS,DAY_WEEK,DRUNK_DR,ST_CASE,CITY,YEAR,MILEPT,TWAY_ID,TWAY_ID2,RAIL,LATITUDE,LONGITUD,VE_FORMS,WEATHER
48,439,5,4,10,50,1,1,0,0,16,5,0,42,0,3,4,1,2,30,2,2,2,1,0,0,1,1,0,0,10,50,10,53,99,99,0,0,0,0,1,2,0,480985,1442,2009,0,GLADE,MANNING,0000000,32.88143333,-97.14373611,1,1
48,21,5,6,7,40,1,1,0,0,3,3,0,1,0,1,4,2,2,70,2,1,2,1,0,0,1,1,0,0,7,46,7,51,8,2,0,0,0,0,1,4,0,480986,0,2009,298,SR-71,99999999999999999999,0000000,29.98319444,-97.11592778,1,1
48,113,5,6,5,0,1,1,0,0,16,5,0,30,0,1,4,1,2,35,1,1,2,1,0,0,3,1,0,0,5,9,5,19,88,88,0,0,0,0,1,4,0,480987,3880,2009,0,PLEASANTRUN,99999999999999999999,0000000,32.60394167,-96.75645278,1,1
48,139,5,6,19,13,1,1,0,1,1,7,0,1,0,1,10,4,2,40,1,1,2,9,0,0,1,1,0,0,19,14,19,22,88,88,0,0,0,0,1,4,1,480988,5685,2009,328,I-35,99999999999999999999,0000000,32.54266389,-96.82245,1,1
48,367,5,6,9,20,2,3,0,1,2,3,0,12,5,2,1,2,2,60,1,1,2,1,3,3,1,1,0,0,9,22,9,30,99,99,0,0,0,0,1,4,0,480989,5705,2009,155,SR-199,MIDWAY,0000000,32.92451111,-97.60845,2,1
48,83,5,8,0,30,1,2,0,0,4,8,0,1,0,1,4,1,2,65,2,1,2,1,0,0,2,1,0,0,88,88,88,88,88,88,0,0,0,0,1,6,1,480990,0,2009,121,FM2633,99999999999999999999,0000000,31.50758056,-99.30110556,1,1
48,201,5,10,9,19,2,5,0,0,16,7,0,12,5,2,1,2,3,35,1,1,1,1,3,3,1,1,0,0,9,19,9,23,9,51,0,0,0,0,1,1,1,480991,3280,2009,0,SAMHOUSTON,FUQUA,0000000,29.60539444,-95.47738056,2,1
48,409,5,10,4,39,1,3,0,0,16,5,0,42,0,3,4,1,2,30,1,1,2,1,20,3,2,1,0,0,4,49,4,49,99,99,0,0,0,0,1,1,1,480992,6400,2009,0,CEMETARY,TOUCHSTONE,0000000,28.02861944,-97.52455556,1,1
48,395,5,14,17,52,2,3,0,1,2,2,0,12,5,1,1,1,4,70,2,2,2,1,0,0,1,1,0,0,17,53,18,6,18,31,0,0,0,0,1,5,0,480994,0,2009,113,US-190,99999999999999999999,0000000,30.76425833,-96.48158889,2,1
48,61,5,15,19,10,1,2,0,0,4,3,0,26,0,1,3,3,4,70,1,1,2,1,0,0,1,1,0,0,19,48,20,10,20,31,0,0,0,0,1,6,1,480995,0,2009,156,SR-48,99999999999999999999,0000000,26.01551667,-97.2758,1,1
48,439,5,15,21,21,2,3,0,1,13,3,0,12,3,1,1,3,4,60,1,1,1,1,0,0,3,1,0,0,21,57,22,5,22,26,0,0,0,0,1,6,1,480996,2450,2009,121,SR-183,99999999999999999999,0000000,32.83789167,-97.04970833,2,1
48,201,5,16,23,35,1,2,1,0,16,5,0,8,0,3,1,2,3,35,1,1,1,1,3,3,3,1,0,0,23,37,23,43,23,58,0,0,0,0,1,7,0,480997,3280,2009,0,BELLAIRE,RENWICK,0000000,29.70548056,-95.48490278,1,1
48,439,5,16,0,52,2,3,1,1,11,1,0,8,0,13,1,6,1,60,1,1,1,1,0,0,3,1,0,0,88,88,88,88,88,88,0,0,0,0,1,7,0,480998,2450,2009,58,I-35,99999999999999999999,0000000,32.73598889,-97.32020556,2,1
48,163,5,17,2,15,1,1,0,0,6,4,0,30,0,1,4,1,2,35,1,1,2,1,0,0,2,1,0,0,2,19,2,31,88,88,0,0,0,0,1,1,1,480999,0,2009,0,ARMADILLO,99999999999999999999,0000000,28.91885278,-99.09683056,1,1
48,251,5,17,9,50,2,3,0,0,4,3,0,12,2,1,1,1,2,60,1,1,2,1,0,0,1,1,0,0,10,16,10,25,10,44,0,0,0,0,1,1,0,481000,0,2009,83,SR-171,99999999999999999999,0000000,32.29213889,-97.35161389,2,1
48,491,5,18,5,35,2,4,0,0,3,3,0,12,2,1,1,1,2,65,1,1,2,1,0,0,2,1,0,0,5,57,6,17,7,12,0,0,0,0,1,2,0,481001,0,2009,19,SR-195,99999999999999999999,0000000,30.87357222,-97.79900556,2,1
48,303,5,19,9,39,2,8,0,0,4,8,0,12,5,2,1,1,2,70,1,1,2,1,20,3,1,1,0,0,10,0,10,21,10,41,0,0,0,0,1,3,0,481002,0,2009,52,FM2641,1500,0000000,33.65042222,-101.9921778,2,1
48,15,5,20,14,2,1,2,0,1,2,3,0,7,0,1,1,1,2,70,2,2,2,1,0,0,1,1,0,0,14,3,14,10,14,48,0,0,0,0,1,4,0,481003,0,2009,6,SR-36,99999999999999999999,0000000,30.081275,-96.35121389,1,1
48,113,5,20,3,50,1,1,0,0,16,5,0,27,0,1,4,1,4,35,2,1,1,1,0,0,3,1,0,0,88,88,88,88,88,88,0,0,0,0,1,4,1,481004,3420,2009,0,OCONNOR,99999999999999999999,0000000,32.82459444,-96.95121389,1,1
48,293,5,20,16,30,2,2,0,0,4,3,0,12,5,1,1,1,2,70,1,1,2,1,0,0,1,1,0,0,88,88,88,88,88,88,0,0,0,0,1,4,0,481005,0,2009,111,SR-164,99999999999999999999,0000000,31.50869167,-96.34556389,2,1
48,309,5,20,6,19,2,2,0,0,4,8,0,12,2,1,1,1,2,60,1,1,2,1,0,0,1,1,0,0,6,21,7,7,7,10,0,0,0,0,1,4,0,481006,0,2009,42,FM2113,99999999999999999999,0000000,31.42545833,-97.23132222,2,1
48,355,5,20,17,33,2,2,0,0,4,8,0,12,2,1,1,1,4,55,1,1,2,1,0,0,1,1,0,0,17,48,18,2,18,40,0,0,0,0,1,4,0,481007,660,2009,391,BUS77,99999999999999999999,0000000,27.57785278,-97.80904444,2,1
48,391,5,20,20,56,2,2,0,1,2,2,0,12,5,1,1,2,4,65,1,1,2,1,0,0,2,1,0,0,21,0,21,17,21,57,0,0,0,0,1,4,0,481008,0,2009,48,US-77,99999999999999999999,0000000,28.51658889,-97.05103611,2,1
48,453,5,21,1,22,2,3,0,1,12,7,0,12,5,2,1,4,2,40,1,1,2,1,0,0,3,1,0,0,1,24,1,30,1,47,0,0,0,0,1,5,1,481009,330,2009,4,US-290,SL343,0000000,30.23459167,-97.79603333,2,1
48,89,5,22,2,25,1,2,0,1,1,1,0,1,0,1,3,3,2,65,1,1,2,1,0,0,2,1,0,0,3,13,3,41,4,37,0,0,0,0,1,6,0,481010,0,2009,247,I-10,99999999999999999999,0000000,29.71815833,-96.45018611,1,1
48,123,5,22,12,8,1,2,0,0,3,2,0,1,0,1,4,1,2,70,1,2,2,1,0,0,1,1,0,0,12,8,12,23,99,99,0,0,0,0,1,6,0,481011,0,2009,123,US-183,99999999999999999999,0000000,28.91825,-97.346875,1,1
48,141,5,22,3,15,1,1,0,0,14,3,0,1,0,1,1,1,4,55,1,1,2,2,0,0,2,1,0,0,3,18,3,28,88,88,0,0,0,0,1,6,1,481012,9997,2009,387,SR-20,99999999999999999999,0000000,31.61509444,-106.2567806,1,1
48,309,5,22,11,55,2,2,0,1,2,3,0,12,7,1,1,2,4,70,1,1,2,1,0,0,1,1,0,0,11,55,12,8,12,27,0,0,0,0,1,6,0,481013,0,2009,138,SR-6,99999999999999999999,0000000,31.55011667,-97.27197778,2,1
48,355,5,22,0,7,1,2,0,1,11,1,0,1,0,1,1,3,3,65,1,1,2,1,0,0,3,1,0,0,0,7,0,14,99,99,0,0,0,0,1,6,1,481014,1550,2009,17,I-37,99999999999999999999,0000000,27.79875833,-97.42015556,1,1
48,51,5,23,2,30,1,2,0,0,6,4,0,1,0,1,1,1,2,45,1,1,4,1,0,0,2,1,0,0,88,88,88,88,88,88,0,0,0,0,1,7,1,481015,0,2009,0,162,99999999999999999999,0000000,30.33686389,-96.66694167,1,1
48,157,5,23,18,50,2,7,0,1,2,3,0,12,5,2,1,1,2,55,1,1,1,1,20,3,1,1,0,0,18,55,19,6,19,45,0,0,0,0,2,7,0,481016,5111,2009,30,SR-36,FM1489,0000000,29.60394167,-95.97787778,2,1
48,439,5,23,13,35,1,1,0,1,12,3,0,21,0,5,8,6,1,60,1,1,1,1,0,0,1,1,0,0,13,35,13,49,14,10,0,0,0,0,1,7,0,481017,2450,2009,14,SR-183RAMP,99999999999999999999,0000000,32.83683333,-97.02567222,1,1
48,439,5,23,2,30,1,2,1,1,11,7,0,8,0,1,1,4,3,35,1,1,1,1,0,0,2,1,0,0,88,88,88,88,88,88,0,0,0,0,1,7,0,481018,2450,2009,163,I-30,99999999999999999999,0000000,32.737725,-97.45070556,1,1
48,1,5,24,15,30,2,2,0,0,4,3,0,12,5,4,1,1,2,60,1,1,2,2,0,0,1,1,0,0,15,32,15,49,17,9,0,0,0,0,1,1,0,481019,0,2009,97,SR-294,99999999999999999999,0000000,31.63161667,-95.39722778,2,1
48,41,5,24,2,53,2,2,0,1,13,8,0,12,5,2,1,1,4,50,1,1,2,1,20,3,3,1,0,0,2,55,3,1,3,15,0,0,0,0,1,1,0,481020,970,2009,157,BU6R,WILHELM,0000000,30.69595833,-96.38251389,2,1
48,339,5,24,21,40,1,2,0,0,16,5,0,32,0,1,4,1,2,55,1,1,2,1,0,0,2,1,0,0,21,42,21,53,22,20,0,0,0,0,1,1,0,481022,1510,2009,0,AIRPORT,99999999999999999999,0000000,30.33187222,-95.43458056,1,1
48,423,5,24,0,50,1,3,1,1,13,3,0,8,0,1,1,1,4,45,1,1,2,2,0,0,3,1,0,0,88,88,88,88,88,88,0,0,0,0,1,1,0,481023,7070,2009,26,SR-110,99999999999999999999,0000000,32.31173333,-95.27445556,1,1
48,481,5,24,19,40,1,7,0,1,2,2,0,52,0,1,10,2,2,70,1,2,2,1,0,0,1,1,0,0,19,45,19,50,20,26,0,0,0,0,2,1,0,481024,0,2009,255,US-59,99999999999999999999,0000000,29.17511667,-96.28372222,1,1
48,439,5,25,8,23,2,3,0,0,15,5,0,12,5,2,1,5,4,45,1,1,1,1,3,3,1,1,0,0,88,88,88,88,88,88,0,0,0,0,1,2,0,481025,2450,2009,0,BOATCLUB,LAKECOUNTRY,0000000,32.87985833,-97.42587778,2,1
48,453,5,25,15,20,1,1,0,0,16,5,0,38,0,1,4,1,2,25,2,2,1,1,0,0,1,1,0,0,15,21,15,29,15,52,0,0,0,0,1,2,0,481026,330,2009,0,WOODHUE,99999999999999999999,0000000,30.19894167,-97.80250278,1,1
48,491,5,25,12,24,2,2,0,0,3,3,0,1,0,2,1,1,4,55,1,1,2,1,20,3,1,1,0,0,88,88,88,88,88,88,0,14,0,0,1,2,0,481027,3981,2009,70,SR-29,214,0000000,30.66956944,-97.91448056,2,1
48,113,5,26,0,41,1,1,0,0,16,5,0,33,0,1,4,3,3,35,2,2,1,1,0,0,3,1,0,0,0,49,0,56,99,99,0,0,0,0,1,3,1,481028,1730,2009,0,MOCKINGBIRD,99999999999999999999,0000000,32.80250278,-96.87360556,1,1
48,167,5,26,8,3,1,1,0,0,15,8,0,38,0,1,4,1,2,50,1,1,2,1,0,0,1,1,0,0,8,3,8,10,88,88,0,0,0,0,1,3,1,481029,3920,2009,62,FM517,99999999999999999999,0000000,29.43758056,-95.12404444,1,1
48,277,5,26,16,9,3,5,0,1,13,2,0,12,5,2,1,2,2,60,1,1,1,1,21,3,1,1,0,0,16,10,16,14,16,33,0,0,0,0,1,3,0,481030,5220,2009,47,US-82,SP139,0000000,33.6788,-95.53575278,3,1
48,439,5,26,19,40,2,2,0,1,12,3,0,12,4,14,1,2,4,60,2,1,1,2,0,0,1,2,0,0,19,43,19,51,20,17,0,0,0,0,1,3,0,481031,2450,2009,83,SR-199,99999999999999999999,0000000,32.82253889,-97.449475,2,2
48,29,5,28,5,51,1,2,1,1,11,1,0,8,0,1,2,2,2,70,1,1,2,1,0,0,2,1,0,0,88,88,88,88,88,88,0,0,0,0,1,5,0,481032,6090,2009,172,I-10,99999999999999999999,0000000,29.47725833,-98.25461389,1,1
48,439,5,28,0,36,1,2,1,1,11,7,0,8,0,1,1,4,2,35,1,1,1,1,0,0,2,1,0,0,88,88,88,88,88,88,0,0,0,0,1,5,0,481033,2990,2009,200,I-820,99999999999999999999,0000000,32.83986944,-97.27687222,1,1
48,5,5,29,23,50,2,5,0,1,2,2,0,12,2,1,1,2,2,55,1,1,2,1,0,0,2,1,0,0,23,56,0,12,0,34,0,0,0,0,3,6,1,481034,1021,2009,77,US-59,99999999999999999999,0000000,31.22566111,-94.77031111,2,1
48,441,5,29,10,28,1,1,0,1,11,1,0,24,0,13,8,6,1,70,2,2,2,1,0,0,1,1,0,0,10,32,10,43,11,15,0,0,0,0,1,6,1,481035,30,2009,86,I-20,I-20RAMP,0000000,32.44047222,-99.64445833,1,1
48,245,5,30,16,39,1,1,0,0,4,8,0,38,0,1,4,1,2,70,1,1,2,1,0,0,1,1,0,0,88,88,88,88,88,88,0,0,0,0,1,7,1,481036,0,2009,21,FM365,99999999999999999999,0000000,30.00809167,-94.40788333,1,1
48,487,5,30,3,35,1,2,1,0,16,5,0,8,0,2,1,1,2,30,1,1,5,5,0,0,3,1,0,0,3,36,3,42,3,56,0,0,0,0,1,7,0,481037,7180,2009,0,GORDON,LEXINGTON,0000000,34.14434444,-99.27977778,1,1
48,29,5,31,2,20,1,2,0,1,11,1,0,39,0,1,4,3,3,60,1,1,2,1,0,0,3,1,0,0,88,88,88,88,88,88,0,0,0,0,1,1,1,481038,6090,2009,293,I-35,99999999999999999999,0000000,29.46106667,-98.41064444,1,1
48,255,5,31,2,30,2,2,0,0,4,8,0,12,5,2,1,1,2,30,1,3,2,1,20,3,3,1,0,0,88,88,88,88,88,88,0,0,0,0,1,1,2,481039,3570,2009,14,PANNAMARIA,SOUTHLINE,0000000,28.87926667,-97.90131667,2,1
48,397,6,1,12,7,2,1,0,1,1,1,0,14,1,5,2,3,2,65,2,2,1,1,0,0,1,1,0,0,12,8,12,19,88,88,0,0,0,0,1,2,0,481040,2330,2009,81,I-30,99999999999999999999,0000000,32.93085833,-96.38405,1,1
48,29,6,5,10,30,1,1,0,0,16,5,0,42,0,1,4,1,2,35,2,1,1,1,0,0,1,1,0,0,88,88,88,88,88,88,0,0,0,0,1,6,0,481041,6090,2009,0,HEATH,99999999999999999999,0000000,29.48832778,-98.63984444,1,1
48,29,6,5,0,50,1,2,0,1,11,1,0,24,0,13,4,6,1,45,2,1,2,1,0,0,3,1,0,0,0,50,1,8,1,23,0,0,0,0,1,6,1,481042,6090,2009,205,I-35,99999999999999999999,0000000,29.39693056,-98.51077222,1,1
48,149,6,6,9,45,1,2,0,0,4,3,0,42,0,5,4,2,4,45,1,1,2,1,0,0,1,1,0,0,88,88,88,88,88,88,0,0,0,0,1,7,1,481043,2370,2009,183,SR-95,99999999999999999999,0000000,29.69532222,-97.10862222,1,1
48,29,6,7,1,30,2,3,0,0,16,5,0,12,5,2,1,1,2,40,1,1,2,1,20,3,3,1,0,0,88,88,88,88,88,88,0,0,0,0,1,1,1,481044,6090,2009,0,FLORES,BONNER,0000000,29.35965833,-98.49221389,2,1
48,213,6,8,0,25,1,1,0,0,4,8,0,1,0,1,1,1,2,55,1,1,2,1,0,0,2,1,0,0,0,35,0,43,1,21,0,0,0,0,1,2,1,481045,9997,2009,18,FM3054,99999999999999999999,0000000,32.23184444,-96.00495556,1,1
48,423,2,25,19,28,2,2,0,1,13,8,0,12,1,1,1,5,4,55,1,1,2,1,0,0,2,1,0,0,19,28,19,34,19,56,0,0,0,0,1,4,0,481046,7070,2009,51,FM2493,99999999999999999999,0000000,32.27981389,-95.33401667,2,1
48,329,2,26,22,51,1,1,0,0,3,3,0,1,0,3,5,5,3,70,1,2,2,1,20,3,2,1,0,0,88,88,88,88,88,88,0,0,0,0,1,5,1,481047,0,2009,142,SR-349,FM1213,0000000,31.90073333,-102.0519167,1,1
48,201,3,30,10,46,3,11,1,0,16,5,0,12,5,2,1,1,4,30,1,1,2,1,3,3,1,1,0,0,10,52,10,59,11,3,0,0,0,0,1,2,0,481048,3280,2009,0,WESTHEIMER,DUNLAVY,0000000,29.74278611,-95.40211944,3,1
48,201,4,4,18,55,1,2,0,0,16,5,0,42,0,1,3,2,4,35,1,1,2,1,0,0,1,1,0,0,18,58,19,2,19,20,0,0,0,0,1,7,1,481049,3280,2009,0,LONG,99999999999999999999,0000000,29.68521111,-95.3054,1,1
48,317,4,18,2,46,1,2,0,0,3,3,0,38,0,1,5,1,2,65,1,1,2,1,0,0,2,1,0,0,2,49,3,2,3,26,0,0,0,0,1,7,1,481050,0,2009,120,SR-349,99999999999999999999,0000000,32.19508056,-102.1289056,1,1
48,201,4,19,3,37,2,4,0,1,12,2,0,12,5,10,1,4,3,45,1,1,1,1,3,3,3,1,0,0,88,88,88,88,88,88,0,0,0,0,1,1,1,481051,3280,2009,350,US-290,BINGLE,0000000,29.83871667,-95.48893611,2,1
48,201,4,19,20,32,1,2,0,0,16,5,0,33,0,1,4,1,4,35,2,1,2,1,0,0,3,1,0,0,20,33,20,37,21,2,0,0,0,0,1,1,0,481052,3280,2009,0,CALHOUN,99999999999999999999,0000000,29.71463333,-95.34064722,1,1
48,201,4,21,20,27,1,2,1,0,16,5,0,8,0,1,1,2,3,35,1,1,1,1,0,0,3,1,0,0,20,28,20,33,20,51,0,0,0,0,1,3,0,481053,3280,2009,0,BELLAIRE,99999999999999999999,0000000,29.70479167,-95.54820278,1,1
48,201,4,23,2,15,1,1,0,1,11,1,0,1,0,15,2,3,5,60,1,1,1,1,0,0,3,1,0,0,2,16,2,24,2,54,0,0,0,0,1,5,1,481054,3280,2009,88,I-610,99999999999999999999,0000000,29.67762222,-95.42493333,1,1
48,141,4,24,21,30,1,3,1,1,11,1,0,8,0,13,1,6,2,60,2,2,1,1,0,0,2,1,0,0,21,32,21,46,22,17,0,0,0,0,1,6,0,481055,2190,2009,227,I-10,99999999999999999999,0000000,31.77757222,-106.4335778,1,1
48,201,4,28,1,26,1,1,0,0,16,5,0,30,0,1,4,1,2,30,1,1,1,1,0,0,3,1,0,0,88,88,88,88,88,88,0,0,0,0,1,3,0,481056,3280,2009,0,SCHWEIKHARDT,99999999999999999999,0000000,29.76758056,-95.32324167,1,1
48,13,5,1,17,10,1,6,0,0,4,3,0,1,0,1,4,1,2,70,1,2,2,1,0,0,1,1,0,0,17,27,17,43,18,13,0,0,0,0,2,6,0,481057,0,2009,170,SR-173,99999999999999999999,0000000,28.96306389,-98.62035278,1,1
48,329,5,1,9,40,2,2,0,0,16,5,0,12,5,4,1,2,4,45,1,1,2,1,0,0,1,1,0,0,9,45,9,51,9,55,0,0,0,0,2,6,0,481058,4560,2009,0,MIDKIFF,99999999999999999999,0000000,32.04034167,-102.1315389,2,1
48,471,5,6,3,15,1,2,0,0,4,8,0,1,0,1,4,1,2,65,2,1,2,1,0,0,2,1,0,0,88,88,88,88,88,88,0,0,0,0,2,4,1,481060,0,2009,62,FM1375,99999999999999999999,0000000,30.52878333,-95.54481667,1,1
48,39,5,7,12,1,2,3,0,1,12,3,0,12,5,2,1,2,3,50,1,1,2,1,20,3,1,1,0,0,12,7,12,9,12,41,0,0,0,0,1,5,0,481061,3800,2009,96,SR-288/332,MAGNOLIA,0000000,29.02348889,-95.43636111,2,1
48,121,5,7,1,19,1,1,0,1,1,1,0,1,0,1,10,3,2,65,1,1,2,1,0,0,3,1,0,0,88,88,88,88,88,88,0,20,0,0,1,5,1,481062,6150,2009,60,I-35,99999999999999999999,0000000,33.35060556,-97.18184167,1,1
48,187,5,8,23,45,1,1,0,0,14,8,0,38,0,1,4,1,2,55,1,1,2,1,0,0,2,1,0,0,88,88,88,88,88,88,0,0,0,0,1,6,1,481063,0,2009,215,FM20,99999999999999999999,0000000,29.61908333,-97.94425833,1,1
48,135,5,9,6,44,1,1,0,1,13,2,0,27,0,1,4,2,2,50,2,1,2,1,0,0,4,1,0,0,88,88,88,88,88,88,0,0,0,0,1,7,1,481064,0,2009,86,US-80 / BI20,99999999999999999999,0000000,31.82563056,-102.4060111,1,1
48,201,5,10,0,20,3,4,0,1,11,1,0,25,0,1,3,3,4,60,1,1,2,1,0,0,3,1,0,0,88,88,88,88,88,88,0,14,0,0,1,1,1,481065,3280,2009,128,I-10,99999999999999999999,0000000,29.78463056,-95.60425833,3,1
48,201,5,10,20,4,2,4,0,1,13,8,0,12,5,2,1,1,4,35,1,3,1,1,3,3,3,1,0,0,20,4,20,11,21,1,0,0,0,0,1,1,0,481066,3280,2009,170,SL8,LITTLEYORK,0000000,29.86726944,-95.56427222,2,1
48,289,5,10,11,57,1,3,0,1,1,1,0,1,0,1,10,3,2,70,1,1,2,1,0,0,1,1,0,0,12,6,12,25,13,25,0,0,0,0,1,1,0,481067,0,2009,262,I-45,99999999999999999999,0000000,31.44935278,-96.07476389,1,1
48,339,5,10,19,20,5,6,0,0,4,8,0,12,1,1,1,1,2,55,2,1,1,1,0,0,1,1,0,0,19,35,19,55,20,39,0,0,0,0,2,1,0,481068,0,2009,23,FM2090,99999999999999999999,0000000,30.22481944,-95.14876944,5,1
48,53,5,12,17,34,5,6,0,0,4,8,0,12,5,1,1,1,4,60,1,1,2,1,0,0,1,1,0,0,17,40,17,52,18,49,0,0,0,0,1,3,1,481069,2834,2009,54,FM1431,99999999999999999999,0000000,30.60489444,-98.36864167,5,1
48,317,5,12,10,15,1,1,0,0,4,8,0,30,0,1,4,1,2,70,1,1,2,1,0,0,1,1,0,0,88,88,88,88,88,88,0,0,0,0,1,3,1,481070,0,2009,244,FM829,99999999999999999999,0000000,32.14731111,-101.8794389,1,1
48,339,5,12,16,40,2,2,0,0,4,8,0,12,2,1,1,5,2,55,1,1,2,1,0,0,1,1,0,0,16,56,17,11,17,40,0,0,0,0,1,3,0,481071,0,2009,71,FM1774,99999999999999999999,0000000,30.18163611,-95.70180833,2,1
48,113,5,13,22,15,2,2,0,0,16,5,0,12,5,2,1,2,6,40,2,1,1,1,20,3,3,1,0,1,88,88,88,88,88,88,0,0,0,0,1,4,1,481072,1730,2009,0,KIEST,SOUTHERLAND,0000000,32.72953611,-96.7852,2,1
48,201,5,13,23,45,2,4,0,0,16,5,0,12,2,2,1,1,2,40,1,1,2,1,0,0,2,1,0,0,23,52,0,4,0,33,0,0,0,0,1,4,0,481073,3280,2009,0,BRITTMOORE,SHADOWWOOD,0000000,29.80463056,-95.56987778,2,1
48,209,5,13,14,32,2,2,0,0,4,7,0,12,1,2,1,4,2,55,1,1,2,1,3,3,1,1,0,0,88,88,88,88,88,88,0,0,0,0,1,4,0,481074,990,2009,0,I-35,CABELAS,0000000,30.07946944,-97.82439444,2,1
48,43,5,14,18,11,1,2,0,0,3,2,0,7,0,1,1,1,2,75,1,1,2,1,0,0,1,1,0,0,99,99,8,26,99,99,0,0,0,0,1,5,0,481075,0,2009,278,US-90,99999999999999999999,0000000,30.28816111,-103.4500111,1,1
48,159,5,14,19,18,1,1,0,0,3,3,0,32,0,1,4,1,2,65,1,2,2,1,0,0,1,1,0,0,19,22,19,33,20,14,0,0,0,0,1,5,1,481076,0,2009,125,SR-37,99999999999999999999,0000000,33.02377778,-95.27043333,1,1
48,201,5,14,1,27,1,1,0,1,11,1,0,7,0,13,1,6,2,60,1,2,1,1,0,0,3,1,0,0,1,30,1,36,2,6,0,0,0,0,1,5,0,481077,3280,2009,90,I-45,99999999999999999999,0000000,29.61181944,-95.21106111,1,1
48,307,5,14,9,45,2,2,0,1,2,2,0,12,2,1,1,1,2,70,2,2,2,1,0,0,1,1,0,0,9,51,10,35,99,99,0,0,0,0,1,5,0,481078,0,2009,119,US-190,99999999999999999999,0000000,31.14583056,-99.30250278,2,1
48,355,5,14,16,8,1,1,0,0,6,4,0,10,0,6,1,1,2,45,1,2,2,1,70,3,1,1,0,0,99,99,16,9,99,99,0,0,0,0,1,5,0,481079,5850,2009,0,34,99999999999999999999,9999999,27.75434167,-97.68916389,1,1
48,113,5,15,23,10,2,8,0,0,16,5,0,12,5,2,1,1,4,30,1,1,2,1,3,3,3,1,0,0,23,13,23,17,0,33,0,0,0,0,1,6,0,481080,1730,2009,0,ROSS,BENNETT,0000000,32.80711667,-96.77528056,2,1
48,183,5,15,21,20,1,1,0,0,6,4,0,27,0,3,8,1,2,35,2,1,2,1,20,3,2,1,0,0,99,99,21,27,99,99,0,0,0,0,1,6,1,481081,0,2009,0,OLDKILGORE,WILKINS,0000000,32.45474722,-94.95025278,1,1
48,139,5,17,5,58,2,2,0,0,4,2,0,12,2,1,1,2,2,55,1,3,2,1,0,0,4,1,0,0,6,13,6,31,99,99,0,0,0,0,1,1,1,481082,9997,2009,32,US-287,99999999999999999999,0000000,32.50072778,-97.04997222,2,1
48,325,5,17,18,38,1,1,0,0,4,8,0,38,0,1,4,1,2,40,2,2,2,1,40,3,1,1,0,0,18,48,18,51,99,99,0,20,0,0,1,1,0,481083,3766,2009,44,FM471,99999999999999999999,0000000,29.3163,-98.81646389,1,1
48,439,5,18,22,15,3,1,0,1,13,8,0,46,0,3,4,2,6,45,1,1,1,1,3,3,3,1,0,0,88,88,88,88,88,88,0,20,0,0,1,2,0,481084,260,2009,191,SS303,BROWNING,0000000,32.70878889,-97.08532222,1,1
48,395,5,20,12,20,3,3,0,1,13,3,0,12,4,1,1,1,2,70,1,1,2,1,0,0,1,1,0,1,12,30,12,56,13,30,0,0,0,0,1,4,0,481085,0,2009,215,SR-6,99999999999999999999,0000000,31.07370278,-96.71268889,3,1
48,99,5,22,15,15,1,1,0,0,5,8,0,32,0,1,4,1,2,60,1,1,2,1,0,0,1,1,0,0,88,88,88,88,88,88,0,0,0,0,1,6,0,481086,0,2009,22,FM930,99999999999999999999,0000000,31.48795278,-97.88822778,1,1
48,183,5,22,17,2,2,6,0,0,3,3,0,12,4,1,1,1,4,55,1,1,2,2,0,0,1,2,0,0,17,7,17,15,17,39,0,0,0,0,3,6,0,481087,0,2009,286,SR-149,99999999999999999999,0000000,32.41958611,-94.71263333,2,2
48,201,5,22,3,20,2,3,0,1,13,3,0,12,1,1,1,2,6,45,1,1,2,1,0,0,2,1,0,0,3,28,3,30,4,20,0,0,0,0,1,6,1,481088,3280,2009,123,SR-6,99999999999999999999,0000000,29.75925278,-95.64458333,2,1
48,203,5,22,0,15,1,1,0,1,2,2,0,52,0,1,4,1,2,65,1,1,2,1,0,0,2,1,0,0,88,88,88,88,88,88,0,0,0,0,1,6,1,481089,0,2009,41,US-59,99999999999999999999,0000000,32.33115278,-94.35380278,1,1
48,469,5,22,18,15,2,4,1,0,16,5,0,9,0,2,1,1,4,30,1,1,2,1,0,0,1,1,0,0,18,20,18,24,18,31,0,0,0,0,1,6,0,481090,7190,2009,0,REDRIVER,LEVI,0000000,28.81344722,-96.99398889,2,1