STATE,COUNTY,MONTH,DAY,HOUR,MINUTE,VE_TOTAL,PERSONS,PEDS,NHS,ROAD_FNC,ROUTE,SP_JUR,HARM_EV,MAN_COLL,REL_JUNC,REL_ROAD,TRAF_FLO,NO_LANES,SP_LIMIT,ALIGNMNT,PROFILE,PAVE_TYP,SUR_COND,TRA_CONT,T_CONT_F,LGT_COND,WEATHER1,WEATHER2,WRK_ZONE,NOT_HOUR,NOT_MIN,ARR_HOUR,ARR_MIN,HOSP_HR,HOSP_MN,SCH_BUS,CF1,CF2,CF3,FATALS,DAY_WEEK,DRUNK_DR,ST_CASE,CITY,YEAR,MILEPT,TWAY_ID,TWAY_ID2,RAIL,LATITUDE,LONGITUD,VE_FORMS,WEATHER
48,1,5,23,1,50,1,1,0,0,5,8,0,11,0,1,1,1,2,60,1,2,2,1,0,0,2,1,0,0,1,53,2,2,2,45,0,0,0,0,1,7,1,481091,0,2009,10,FM1137,99999999999999999999,0000000,31.76663333,-95.57839444,1,1
48,329,5,24,8,5,1,1,0,0,3,3,0,1,0,1,1,1,2,70,1,1,2,1,0,0,1,1,0,0,8,13,8,28,9,1,0,0,0,0,1,1,1,481092,0,2009,180,SR-158,99999999999999999999,0000000,31.91776667,-101.8066278,1,1
48,499,5,24,2,0,1,1,0,0,5,8,0,11,0,1,1,1,2,55,1,2,2,1,0,0,2,1,0,0,88,88,88,88,88,88,0,0,0,0,1,1,0,481093,0,2009,202,FM49,99999999999999999999,0000000,32.72850278,-95.17673611,1,1
48,113,5,25,17,34,1,2,0,0,16,5,0,52,0,1,4,1,2,30,1,1,1,1,0,0,1,1,0,0,17,38,17,39,99,99,0,0,0,0,1,2,0,481094,387,2009,0,SHEPHERD,99999999999999999999,0000000,32.71395,-96.61411389,1,1
48,201,5,25,11,40,2,2,0,0,16,5,0,12,5,2,1,1,2,30,1,1,2,1,0,0,1,1,0,0,11,46,11,49,12,13,0,0,0,0,1,2,1,481095,3280,2009,0,GRANT,FAIRVIEW,0000000,29.7481,-95.39118056,2,1
48,339,5,25,16,40,2,4,0,0,5,8,0,12,2,1,1,1,2,35,2,2,2,1,0,0,1,1,0,0,16,47,16,58,17,40,0,0,0,0,1,2,1,481096,0,2009,60,FM1486,99999999999999999999,0000000,30.36323333,-95.77610278,2,1
48,423,5,25,16,35,1,1,0,0,3,3,0,1,0,1,1,1,2,70,1,1,2,1,0,0,1,1,0,0,88,88,88,88,88,88,0,0,0,0,1,2,1,481097,0,2009,200,SR-31,99999999999999999999,0000000,32.36474167,-95.11743889,1,1
48,51,5,26,17,55,1,2,0,0,4,8,0,42,0,1,4,1,2,70,2,2,2,1,0,0,1,1,0,0,18,10,18,39,99,99,0,0,0,0,1,3,1,481098,0,2009,66,FM3058,99999999999999999999,0000000,30.51982778,-96.65118611,1,1
48,321,5,26,11,50,1,1,0,0,6,4,0,3,0,1,5,1,2,45,2,1,2,9,40,3,1,9,0,0,88,88,88,88,88,88,0,0,0,0,1,3,1,481099,0,2009,0,166,99999999999999999999,0000000,28.97300556,-95.95019444,1,9
48,21,5,27,19,7,2,4,0,0,3,3,0,12,5,2,1,2,4,65,1,1,2,1,20,3,1,1,0,0,19,8,19,27,19,58,0,0,0,0,1,4,0,481100,0,2009,12,SR-71,TUCKERHILL,0000000,30.17525,-97.52691389,2,1
48,245,5,27,6,9,4,4,0,1,13,8,0,12,2,1,1,1,2,65,1,1,2,1,0,0,4,1,0,0,6,18,6,31,7,7,0,0,0,0,1,4,0,481101,5430,2009,152,FM365,99999999999999999999,0000000,29.929325,-94.01018889,4,1
48,395,5,27,0,24,1,2,0,0,4,8,0,53,0,1,4,1,2,65,2,2,2,1,0,0,2,1,0,0,0,25,0,33,1,16,0,0,0,0,1,4,1,481102,0,2009,80,FM46,99999999999999999999,0000000,30.93292222,-96.42561111,1,1
48,201,5,28,23,30,2,2,0,0,6,4,0,12,1,1,1,3,3,65,2,2,1,1,0,0,3,1,0,0,88,88,88,88,88,88,0,0,0,0,1,5,1,481103,0,2009,0,HARDY,99999999999999999999,0000000,29.99103333,-95.39583611,2,1
48,201,5,28,3,37,1,1,0,0,16,5,0,33,0,1,3,2,4,35,1,1,1,1,0,0,3,1,0,0,88,88,88,88,88,88,0,0,0,0,1,5,1,481104,3280,2009,0,BELLFORT,99999999999999999999,0000000,29.65625556,-95.53425556,1,1
48,223,5,28,2,58,1,1,0,0,4,8,0,38,0,1,4,1,2,55,1,2,5,2,0,0,2,1,0,0,88,88,88,88,88,88,0,0,0,0,1,5,1,481105,0,2009,135,FM-71,99999999999999999999,0000000,33.26755,-95.62519444,1,1
48,237,5,28,8,6,2,3,0,0,3,2,0,12,3,2,1,1,2,70,1,1,2,1,0,0,1,1,0,0,8,9,8,13,8,50,0,0,0,0,1,5,0,481106,0,2009,110,US-380,LOOP,0000000,33.18091944,-98.24258889,2,1
48,401,5,28,3,20,1,1,0,0,4,8,0,32,0,1,4,1,2,60,2,1,2,1,0,0,2,1,0,0,88,88,88,88,88,88,0,0,0,0,1,5,1,481107,0,2009,296,FM1798,99999999999999999999,0000000,32.12330278,-94.59187778,1,1
48,459,5,28,21,30,1,1,0,0,5,8,0,42,0,1,4,1,2,55,2,2,2,1,0,0,5,1,0,0,88,88,88,88,88,88,0,0,0,0,1,5,0,481108,0,2009,18,FM2911,99999999999999999999,0000000,32.60693611,-95.15227778,1,1
48,485,5,28,2,19,1,2,1,0,16,5,0,8,0,1,1,3,3,45,1,1,2,1,0,0,3,1,0,0,2,21,2,27,2,50,0,0,0,0,1,5,0,481109,7490,2009,0,SHEPPARD,99999999999999999999,0000000,33.95877222,-98.51391944,1,1
48,497,5,28,17,14,1,1,0,0,4,8,0,38,0,1,4,1,2,70,1,1,2,1,0,0,1,1,0,0,88,88,88,88,88,88,0,0,0,0,1,5,0,481110,0,2009,39,FM51,99999999999999999999,0000000,33.35786667,-97.43214444,1,1
48,457,5,29,15,28,1,2,0,0,4,8,0,1,0,1,1,1,2,65,1,1,2,1,0,0,1,1,0,0,15,29,15,58,16,29,0,0,0,0,1,6,0,481111,0,2009,39,FM1943,99999999999999999999,0000000,30.61568889,-94.34617778,1,1
48,245,5,30,17,22,2,4,0,1,13,3,0,12,5,2,1,2,4,50,1,1,2,1,3,3,1,1,0,0,17,24,17,25,17,46,0,0,0,0,1,7,0,481112,5430,2009,68,SR-347,MERRIMAN,0000000,29.96141111,-93.96944167,2,1
48,201,5,31,23,35,1,3,0,0,16,5,0,27,0,1,4,2,4,35,1,1,1,1,0,0,3,1,0,0,23,41,23,44,0,23,0,0,0,0,1,1,0,481113,3280,2009,0,NORTHYORK,99999999999999999999,0000000,29.75649722,-95.331725,1,1
48,291,5,31,2,55,1,2,0,0,6,4,0,42,0,1,4,1,2,35,1,1,2,1,0,0,2,1,0,0,2,56,3,15,4,2,0,0,0,0,2,1,1,481114,0,2009,0,2291,99999999999999999999,0000000,30.24618056,-94.92100556,1,1
48,439,5,31,18,59,2,3,0,1,13,3,0,1,0,1,4,2,6,45,1,2,2,1,0,0,1,1,0,0,18,59,19,6,19,27,0,0,0,0,2,1,0,481115,2800,2009,219,SR-303,99999999999999999999,0000000,32.71123889,-97.03721944,2,1
48,29,1,18,2,18,1,3,1,1,11,1,0,8,0,1,1,3,3,65,1,1,1,1,0,0,3,1,0,0,2,18,2,31,88,88,0,0,0,0,1,1,0,481116,6090,2009,46,I-10,99999999999999999999,0000000,29.58696667,-98.59783056,1,1
48,29,1,27,19,52,1,2,1,0,16,5,0,8,0,1,1,1,4,35,1,1,2,1,0,0,2,1,0,0,19,52,19,55,99,99,0,0,0,0,1,3,0,481117,6090,2009,0,VANCEJACKSON,99999999999999999999,0000000,29.50625,-98.53514444,1,1
48,29,3,14,23,25,1,1,0,0,14,8,0,26,0,3,4,1,4,45,1,1,2,1,0,0,3,1,0,1,23,28,23,38,23,55,0,0,0,0,1,7,1,481118,6090,2009,48,FM1535,HUEBNER,0000000,29.57491389,-98.54465556,1,1
48,29,3,17,4,45,1,2,0,0,16,5,0,42,0,1,4,1,2,40,1,1,2,1,0,0,3,1,0,0,88,88,88,88,88,88,0,0,0,0,1,3,1,481119,6090,2009,0,JACKSONKELLER,99999999999999999999,0000000,29.50541944,-98.511325,1,1
48,5,4,6,20,57,1,3,1,1,13,2,0,8,0,1,1,2,2,45,2,3,2,1,0,0,3,1,0,0,20,57,20,59,21,18,0,0,0,0,1,2,0,481120,4160,2009,31,US-59,99999999999999999999,0000000,31.28244722,-94.73217778,1,1
48,29,4,6,21,20,1,2,1,1,13,8,0,8,0,1,1,2,4,40,1,1,2,1,0,0,2,1,0,0,21,20,21,25,99,99,0,0,0,0,1,2,0,481121,6090,2009,9,SS536,99999999999999999999,0000000,29.323,-98.47818333,1,1
48,167,4,6,2,27,1,2,0,1,13,3,0,42,0,1,4,1,4,40,2,1,2,1,0,0,3,1,0,0,2,36,2,38,99,99,0,0,0,0,2,2,1,481122,1920,2009,64,SR-3,99999999999999999999,0000000,29.45880833,-95.04906944,1,1
48,39,4,10,6,20,2,2,0,0,3,4,0,12,4,2,1,1,2,65,1,1,2,1,0,0,2,1,0,0,6,40,6,55,7,20,0,0,0,0,1,6,1,481123,0,2009,133,208,FM2004,0000000,29.16387778,-95.27705278,2,1
48,249,4,11,9,0,2,6,0,1,2,2,0,12,8,1,1,2,4,70,1,1,2,1,0,0,1,1,0,0,12,58,13,22,14,8,0,0,0,0,1,7,0,481124,0,2009,147,US-281,99999999999999999999,0000000,27.84387778,-98.08474722,2,1
48,5,4,16,23,23,1,2,0,0,16,5,0,33,0,1,4,5,2,40,1,1,2,2,0,0,3,1,0,0,23,23,23,25,23,54,0,0,0,0,1,5,0,481125,4160,2009,0,WHITEHOUSE,99999999999999999999,0000000,31.2976,-94.724675,1,1
48,355,4,21,11,14,3,3,0,0,16,5,0,12,99,1,1,1,2,30,2,1,2,1,0,0,1,1,0,0,11,14,11,29,99,99,0,0,0,0,1,3,0,481126,1550,2009,0,NEWPORTPASS,99999999999999999999,0000000,27.63224167,-97.19765278,3,1
48,157,4,22,22,5,2,3,0,0,16,5,0,12,4,2,1,5,2,35,1,1,2,1,0,0,3,1,0,0,22,5,22,12,22,52,0,0,0,0,1,4,1,481127,5970,2009,0,AIRPORT,JONES,0000000,29.54266944,-95.78768611,2,1
48,277,4,23,22,55,1,1,0,0,14,8,0,1,0,1,1,3,2,60,2,2,2,1,0,0,3,1,0,0,22,55,22,58,23,31,0,0,0,0,1,5,1,481128,5220,2009,80,SL286,99999999999999999999,0000000,33.68656667,-95.55256667,1,1
48,121,4,24,16,26,2,2,0,0,4,8,0,12,2,1,1,1,2,45,1,1,2,1,0,0,1,1,0,0,16,29,16,43,17,5,0,0,0,0,1,6,0,481129,3560,2009,185,FM156,99999999999999999999,0000000,33.09488611,-97.29425,2,1
48,141,4,29,2,6,1,4,0,1,12,2,0,30,0,1,4,4,2,50,1,2,2,1,0,0,2,1,0,0,2,15,2,20,2,51,0,0,0,0,3,4,1,481130,2190,2009,82,US-54,99999999999999999999,0000000,31.81119444,-106.4427972,1,1
48,27,5,1,13,13,2,2,0,0,16,5,0,12,5,2,1,1,2,30,1,1,2,1,0,0,1,1,0,0,13,22,13,28,14,4,0,0,0,0,1,6,0,481131,3690,2009,0,LAKE,HOOTEN,0000000,31.11966944,-97.68244444,2,1
48,113,5,1,8,23,2,2,0,1,13,3,0,12,11,2,1,4,4,35,1,1,1,1,0,0,1,1,0,0,8,23,8,26,9,7,0,0,0,0,1,6,0,481132,2590,2009,66,SR-78,SANTAFE,0000000,32.90898611,-96.63898889,2,1
48,141,5,3,15,14,2,4,0,0,16,5,0,12,5,2,1,2,6,40,1,1,2,1,20,3,1,1,0,0,15,15,15,18,16,2,0,0,0,0,1,1,0,481133,2190,2009,0,LEETREVINO,BYWOOD,0000000,31.77905556,-106.3230667,2,1
48,201,5,5,15,30,1,1,0,0,16,5,0,42,0,1,4,1,2,30,2,1,2,1,40,3,1,1,0,0,15,40,15,44,16,13,0,0,0,0,1,3,0,481134,3280,2009,0,BONITA,99999999999999999999,0000000,29.83201667,-95.32355278,1,1
48,201,5,6,21,58,2,3,0,0,16,5,0,12,3,2,1,1,6,40,1,1,1,1,0,0,3,1,0,0,22,14,22,27,22,52,0,0,0,0,1,4,1,481135,5230,2009,0,SPENCER,DUPONT,0000000,29.66574722,-95.15303889,2,1
48,473,5,9,19,17,1,4,0,0,6,4,0,38,0,1,5,1,2,60,1,1,2,1,0,0,1,1,0,0,19,34,19,52,21,14,0,0,0,0,1,7,1,481136,0,2009,0,FIELDSTORE,99999999999999999999,0000000,30.11981389,-95.91845556,1,1
48,113,5,10,2,54,1,1,0,0,16,5,0,29,0,3,3,2,6,35,1,1,1,1,0,0,3,1,0,0,2,54,2,58,3,17,0,0,0,0,1,1,0,481137,31,2009,0,MIDWAY,BELTWOOD,0000000,32.94909167,-96.83890278,1,1
48,39,5,11,10,49,1,1,0,0,6,4,0,33,0,1,4,1,2,30,2,1,1,1,0,0,1,1,0,0,88,88,88,88,88,88,0,0,0,0,1,2,0,481138,0,2009,0,SAVANNAH WOODS,99999999999999999999,0000000,29.50404167,-95.42671389,1,1
48,497,5,11,12,0,2,2,0,1,2,2,0,12,5,1,1,2,4,65,1,1,2,2,0,0,1,1,0,0,12,1,12,6,12,31,0,0,0,0,1,2,0,481139,1780,2009,22,US-81,99999999999999999999,0000000,33.20976944,-97.57462222,2,1
48,471,5,12,19,59,1,1,0,0,3,3,0,32,0,1,4,1,2,65,1,2,2,1,0,0,5,1,0,0,88,88,88,88,88,88,0,0,0,0,1,3,1,481140,0,2009,71,SR-30,99999999999999999999,0000000,30.684425,-95.72016389,1,1
48,453,5,15,19,29,1,1,0,0,6,4,0,38,0,1,4,1,2,50,1,1,2,1,0,0,1,1,0,0,88,88,88,88,88,88,0,3,0,0,1,6,0,481141,0,2009,0,BLAKEMANOR,99999999999999999999,0000000,30.28123056,-97.51216944,1,1
48,39,5,16,15,52,1,1,0,0,6,4,0,10,0,6,1,1,2,40,1,2,2,1,60,3,1,1,0,0,88,88,88,88,88,88,0,0,0,0,1,7,1,481142,0,2009,0,168,99999999999999999999,448641X,29.36037222,-95.21464444,1,1
48,471,5,19,19,59,1,1,0,0,4,8,0,1,0,2,4,1,2,65,2,3,2,1,0,0,5,1,0,0,88,88,88,88,88,88,0,0,0,0,1,3,0,481144,0,2009,114,FM1791,WALKERLOOP,0000000,30.64381944,-95.67669167,1,1
48,109,5,21,8,22,1,2,0,1,1,1,0,1,0,1,4,2,2,80,1,1,2,1,0,0,1,1,0,0,8,23,8,42,10,50,0,0,0,0,1,5,0,481145,0,2009,67,I-10,99999999999999999999,0000000,31.06314444,-104.4948944,1,1
48,47,5,23,6,54,2,6,0,0,3,3,0,12,2,1,1,1,4,55,2,2,2,1,0,0,1,1,0,0,7,5,7,33,99,99,0,0,0,0,3,7,0,481146,0,2009,320,SR-285,99999999999999999999,0000000,27.223875,-98.11306111,2,1
48,439,5,23,1,37,1,2,0,1,11,1,0,25,0,15,3,3,4,60,1,2,1,1,0,0,2,1,0,0,1,37,1,45,2,15,0,0,0,0,1,7,1,481147,3347,2009,246,I-820,99999999999999999999,0000000,32.82614167,-97.205375,1,1
48,39,5,24,21,10,1,1,0,0,6,4,0,43,0,1,4,1,2,30,2,1,2,1,0,0,2,1,0,0,88,88,88,88,88,88,0,0,0,0,1,1,1,481148,5973,2009,0,42,99999999999999999999,0000000,29.35643333,-95.57324444,1,1
48,27,5,26,21,30,1,3,1,1,13,1,0,8,0,1,1,3,2,65,1,1,2,1,0,0,2,1,0,0,21,48,22,3,22,18,0,0,0,0,1,3,0,481149,0,2009,328,I-35,99999999999999999999,0000000,31.23075556,-97.29003889,1,1
48,373,5,26,18,15,2,3,0,1,2,2,0,12,5,7,1,2,4,55,1,1,2,1,0,0,1,1,0,0,18,29,18,51,99,99,0,0,0,0,1,3,0,481150,2727,2009,389,US-59,99999999999999999999,0000000,30.61165556,-94.94371944,2,1
48,297,5,28,18,58,1,3,0,0,4,8,0,1,0,1,4,1,2,65,2,1,2,1,0,0,1,1,0,0,88,88,88,88,88,88,0,0,0,0,1,5,1,481151,0,2009,124,FM534,99999999999999999999,0000000,28.12535833,-97.96671944,1,1
48,55,5,29,18,56,3,5,0,0,3,3,0,12,1,2,1,1,4,65,1,1,2,1,5,3,1,1,0,0,18,58,19,5,20,39,0,0,0,0,1,6,0,481152,2345,2009,123,SR-80,FM-20,0000000,29.75774167,-97.77431389,3,1
48,215,5,29,16,50,1,1,0,0,6,4,0,1,0,1,1,1,2,45,1,1,2,1,0,0,1,1,0,0,88,88,88,88,88,88,0,0,0,0,1,6,1,481153,0,2009,0,BRUSHLINE,99999999999999999999,0000000,26.31817222,-98.37791111,1,1
48,339,5,29,0,1,2,4,0,1,2,7,0,12,1,5,1,6,1,45,1,1,1,1,0,0,3,1,0,1,0,4,0,12,1,5,0,0,0,0,2,6,0,481154,4878,2009,10,US-59,99999999999999999999,0000000,30.14976667,-95.21890278,2,1
48,445,5,29,7,30,2,7,0,0,5,8,0,12,5,2,1,1,2,70,1,1,2,1,20,3,1,1,0,0,7,46,8,6,8,31,0,0,0,0,1,6,0,481155,0,2009,8,FM1698,515,0000000,33.23915278,-102.2401222,2,1
48,453,5,30,7,15,1,1,0,0,6,4,0,37,0,1,5,1,2,30,2,1,2,1,0,0,9,1,0,0,88,88,88,88,88,88,0,0,0,0,1,7,0,481156,0,2009,0,KLAUS,99999999999999999999,0000000,30.35728611,-97.43233611,1,1
48,161,5,31,1,44,1,1,0,0,4,8,0,38,0,1,5,1,2,65,2,1,2,1,0,0,2,1,0,0,88,88,88,88,88,88,0,0,0,0,1,1,1,481157,0,2009,23,FM80,99999999999999999999,0000000,31.56771389,-96.28473889,1,1
48,439,5,31,15,54,1,1,0,0,16,5,0,33,0,3,4,1,2,30,2,1,2,1,0,0,1,1,0,0,15,54,15,58,16,25,0,0,0,0,1,1,0,481158,3347,2009,0,HURSTVIEW,CHERYL,0000000,32.82763611,-97.17679722,1,1
48,113,6,1,23,3,2,2,0,0,16,5,0,12,2,1,1,3,3,55,1,3,2,1,0,0,6,1,0,0,88,88,88,88,88,88,0,0,0,0,2,2,1,481159,1730,2009,0,DALLASNORTHTOLLWAY,99999999999999999999,0000000,32.87901944,-96.80991944,2,1
48,157,6,1,16,13,3,8,0,1,13,3,0,12,2,1,1,5,6,45,1,1,2,1,0,0,1,1,0,0,16,17,16,28,17,7,0,0,0,0,1,2,0,481160,6660,2009,57,SR-6,99999999999999999999,0000000,29.64141111,-95.65156389,3,1
48,201,6,1,4,40,3,6,0,1,13,8,0,12,5,2,1,1,2,45,1,1,2,1,3,3,2,1,0,0,4,53,5,13,99,99,0,14,0,0,1,2,1,481161,0,2009,80,FM529,FRY,0000000,29.87968611,-95.72405,3,1
48,213,6,1,8,52,1,2,0,1,13,3,0,42,0,1,4,5,4,40,2,1,2,1,0,0,1,1,0,0,8,47,8,50,9,5,0,0,0,0,1,2,0,481162,300,2009,104,SR-19,99999999999999999999,0000000,32.19631389,-95.85365278,1,1
48,5,6,2,13,30,2,2,0,1,2,3,0,12,4,1,1,1,2,70,1,3,2,1,0,0,1,1,0,0,13,36,13,48,13,59,0,0,0,0,1,3,0,481163,0,2009,50,SR-103,99999999999999999999,0000000,31.38954444,-94.89046111,2,1
48,29,6,2,17,37,1,1,0,1,11,8,0,99,0,1,1,3,3,55,1,1,2,1,0,0,1,1,0,0,99,99,99,99,99,99,0,0,0,0,1,3,0,481164,6090,2009,311,SL410,99999999999999999999,0000000,29.46951111,-98.40430556,1,1
48,215,6,2,20,16,1,2,0,0,3,2,0,1,0,1,4,1,2,60,2,2,2,1,0,0,5,1,0,0,20,18,20,28,21,7,0,0,0,0,1,3,1,481165,0,2009,533,US-281,99999999999999999999,0000000,26.08105,-98.10367222,1,1
48,331,6,2,22,20,1,1,0,0,6,4,0,1,0,1,4,1,2,55,2,2,4,1,0,0,2,1,0,0,88,88,88,88,88,88,0,0,0,0,1,3,1,481166,0,2009,0,333,99999999999999999999,0000000,30.67865,-96.97270278,1,1
48,453,6,2,21,8,2,4,0,1,13,3,0,12,2,2,1,5,4,55,2,2,2,1,3,3,2,1,0,0,21,9,21,16,21,44,0,0,0,0,1,3,1,481167,0,2009,188,SR-71,THOMASSPRINGS,0000000,30.26023611,-97.907325,2,1
48,471,6,2,21,35,2,3,0,0,4,8,0,12,1,1,1,1,2,65,1,1,2,1,0,0,2,1,0,0,21,37,21,45,88,88,0,0,0,0,1,3,1,481168,0,2009,46,FM980,99999999999999999999,0000000,30.81570556,-95.52605833,2,1
48,201,6,3,20,12,3,5,0,0,16,5,0,12,5,2,1,2,3,55,1,1,2,1,3,3,5,1,0,0,20,28,20,37,21,31,0,0,0,0,1,4,0,481169,5230,2009,0,REDBLUFF,BAYAREA,0000000,29.60221111,-95.06991111,3,1
48,207,6,3,12,58,1,1,0,0,3,2,0,30,0,3,4,1,2,35,2,1,2,1,99,9,1,1,0,0,13,0,13,9,14,16,0,0,0,0,1,4,0,481170,6020,2009,57,US-380,FM617,0000000,33.18490278,-99.89919722,1,1
48,329,6,3,1,40,1,1,0,0,3,3,0,1,0,1,10,2,4,65,1,1,2,1,0,0,2,1,0,0,88,88,88,88,88,88,0,0,0,0,1,4,1,481171,0,2009,98,SR-191,99999999999999999999,0000000,31.99293611,-102.1714361,1,1
48,453,6,3,20,24,1,1,0,1,12,2,0,18,0,1,1,3,3,65,1,1,1,1,0,0,1,1,0,0,20,25,20,31,20,49,0,0,0,0,1,4,0,481172,330,2009,7,US-290,99999999999999999999,0000000,30.23605,-97.84687222,1,1
48,473,6,3,15,0,1,2,0,1,2,2,0,1,0,1,4,3,2,65,1,1,2,1,0,0,1,1,0,0,15,7,15,32,16,3,0,0,0,0,1,4,0,481173,0,2009,8,US-290,99999999999999999999,0000000,30.12959444,-96.17382222,1,1
48,481,6,3,4,50,1,1,0,1,2,2,0,42,0,1,5,2,4,65,1,1,2,2,0,0,2,1,0,0,88,88,88,88,88,88,0,0,0,0,1,4,0,481174,0,2009,70,US-59,99999999999999999999,0000000,29.42696111,-96.03425556,1,1
48,39,6,4,16,21,2,2,0,1,13,3,0,12,2,1,1,1,4,45,1,1,2,1,0,0,1,1,0,0,16,22,16,28,17,36,0,0,0,0,1,5,1,481175,5249,2009,150,SR-35,99999999999999999999,0000000,29.52151667,-95.26023611,2,1
48,113,6,4,9,55,1,2,1,0,16,5,0,9,0,1,1,2,3,40,1,2,1,1,0,0,1,1,0,0,10,1,10,5,10,18,0,0,0,0,1,5,0,481176,1730,2009,0,COCKRELLHILL,99999999999999999999,0000000,32.75562778,-96.89276111,1,1
48,201,6,4,2,32,2,2,0,1,13,3,0,12,6,1,1,1,4,35,2,2,2,1,0,0,6,1,0,0,88,88,88,88,88,88,0,0,0,0,1,5,1,481177,6490,2009,9,SR-3,99999999999999999999,0000000,29.6702,-95.24870833,2,1
48,339,6,4,9,24,2,2,0,0,4,8,0,12,4,2,1,2,2,55,1,2,2,1,0,0,1,1,0,0,9,25,9,38,10,51,0,0,0,0,1,5,0,481178,0,2009,55,FM830,KINGSTON,0000000,30.41105,-95.56436667,2,1
48,399,6,4,23,30,1,1,0,0,4,8,0,42,0,1,5,1,2,65,1,2,2,1,0,0,2,1,0,0,88,88,88,88,88,88,0,0,0,0,1,5,1,481179,0,2009,21,FM2133,99999999999999999999,0000000,31.72393333,-99.97983333,1,1
48,121,6,5,17,5,2,3,0,1,12,7,0,12,5,10,1,4,3,55,1,1,1,1,3,3,1,1,0,0,17,12,17,22,17,41,0,0,0,0,1,6,0,481180,3960,2009,66,SR-121,FM544,0000000,33.046875,-96.92318889,2,1
48,181,6,5,19,34,2,6,0,0,3,2,0,12,4,2,1,1,2,70,1,2,2,1,0,0,1,1,0,0,19,39,20,10,99,99,0,0,0,0,2,6,1,481181,0,2009,94,US-377,REAST,0000000,33.75307778,-96.9005,2,1
48,201,6,5,11,15,1,2,1,1,12,3,0,8,0,1,1,2,3,60,1,1,2,1,0,0,1,1,0,0,88,88,88,88,88,88,0,0,0,0,1,6,0,481182,3280,2009,20,SR-225,99999999999999999999,0000000,29.70629167,-95.24033889,1,1
48,209,6,5,17,58,3,6,0,0,4,8,0,12,1,2,1,1,2,60,2,1,2,1,0,0,1,1,0,0,18,1,18,12,18,35,0,0,0,0,1,6,0,481183,990,2009,6,FM2001,CLAUDIA,0000000,30.07264167,-97.82162222,3,1
48,321,6,5,14,55,1,2,0,0,4,3,0,37,0,1,4,5,3,55,1,1,2,1,0,0,1,1,0,0,15,5,15,7,99,99,0,0,0,0,2,6,0,481184,0,2009,91,SR-60,99999999999999999999,0000000,29.02061944,-95.974675,1,1
48,355,6,5,21,1,3,9,0,1,12,3,0,12,1,1,1,3,3,60,1,2,2,1,0,0,3,1,0,0,21,3,21,8,21,22,0,0,0,0,1,6,1,481185,1550,2009,104,SR-358,99999999999999999999,0000000,27.70381944,-97.3623,3,1
48,363,6,5,9,10,2,2,0,0,3,3,0,12,5,8,1,1,2,70,1,2,2,1,0,0,1,1,0,0,88,88,88,88,88,88,0,0,0,0,1,6,0,481186,0,2009,69,SR-337,99999999999999999999,0000000,32.86005,-98.17554444,2,1
48,407,6,5,18,35,2,3,0,0,3,3,0,12,2,2,1,2,2,55,1,1,2,1,0,0,1,1,0,0,18,46,19,23,99,99,0,0,0,0,1,6,0,481187,0,2009,184,SR-150,FM222,0000000,30.49982778,-95.00105278,2,1
48,475,6,5,22,46,1,1,0,0,5,8,0,33,0,1,8,2,2,65,1,1,2,2,0,0,2,2,0,0,88,88,88,88,88,88,0,0,0,0,1,6,1,481188,4660,2009,66,SS-57,99999999999999999999,0000000,31.57729167,-102.9558417,1,2
48,5,6,6,4,15,1,1,0,0,3,3,0,32,0,4,4,1,2,65,1,1,2,1,0,0,2,1,0,0,88,88,88,88,88,88,0,0,0,0,1,7,1,481189,0,2009,16,SR-7,99999999999999999999,0000000,31.40500278,-94.94380556,1,1
48,53,6,6,9,22,2,6,0,0,3,3,0,12,2,1,1,1,4,70,1,2,2,1,0,0,1,1,0,0,9,23,9,35,10,29,0,0,0,0,3,7,0,481190,0,2009,65,SR-71,99999999999999999999,0000000,30.49350278,-98.24359722,2,1
48,61,6,6,18,27,3,9,0,1,2,3,0,12,4,1,1,1,4,65,1,1,2,1,0,0,1,1,0,0,18,30,18,39,19,19,0,0,0,0,1,7,1,481191,0,2009,178,SR-100,99999999999999999999,0000000,26.09315278,-97.30828889,3,1
48,109,6,6,13,30,2,3,0,1,1,1,0,12,1,1,1,2,2,80,1,2,2,1,0,0,1,1,0,0,13,33,13,46,14,20,0,0,0,0,1,7,0,481192,0,2009,119,I-10,99999999999999999999,0000000,31.04455,-104.7156722,2,1
48,257,6,6,7,19,1,2,0,0,6,4,0,42,0,1,4,1,2,35,1,1,4,1,0,0,1,1,0,0,7,21,7,39,8,38,0,0,0,0,1,7,0,481193,0,2009,0,255,99999999999999999999,0000000,32.82486944,-96.2883,1,1
48,309,6,6,18,5,2,2,0,0,3,2,0,12,3,8,1,1,2,70,1,1,2,1,0,0,1,1,0,0,88,88,88,88,88,88,0,0,0,0,1,7,0,481194,0,2009,118,US-84,99999999999999999999,0000000,31.63059167,-97.01540278,2,1
48,405,6,6,2,18,1,2,0,0,4,8,0,42,0,1,4,1,2,55,2,1,2,1,0,0,2,1,0,0,88,88,88,88,88,88,0,0,0,0,2,7,0,481195,0,2009,120,FM705,99999999999999999999,0000000,31.250525,-94.14095556,1,1