STATE,COUNTY,MONTH,DAY,HOUR,MINUTE,VE_TOTAL,PERSONS,PEDS,NHS,ROAD_FNC,ROUTE,SP_JUR,HARM_EV,MAN_COLL,REL_JUNC,REL_ROAD,TRAF_FLO,NO_LANES,SP_LIMIT,ALIGNMNT,PROFILE,PAVE_TYP,SUR_COND,TRA_CONT,T_CONT_F,LGT_COND,WEATHER1,WEATHER2,WRK_ZONE,NOT_HOUR,NOT_MIN,ARR_HOUR,ARR_MIN,HOSP_HR,HOSP_MN,SCH_BUS,CF1,CF2,CF3,FATALS,DAY_WEEK,DRUNK_DR,ST_CASE,CITY,YEAR,MILEPT,TWAY_ID,TWAY_ID2,RAIL,LATITUDE,LONGITUD,VE_FORMS,WEATHER
48,405,6,6,21,2,3,8,0,1,2,2,0,12,2,8,1,1,2,55,1,1,2,1,0,0,2,1,0,0,21,2,99,99,99,99,0,14,0,0,1,7,0,481196,6100,2009,2,US-96,99999999999999999999,0000000,31.52813333,-94.12556667,3,1
48,437,6,6,10,25,1,1,0,0,6,4,0,1,0,1,4,1,2,55,1,1,2,1,0,0,1,1,0,0,88,88,88,88,88,88,0,0,0,0,1,7,0,481197,0,2009,0,K,99999999999999999999,0000000,34.60269444,-101.8263111,1,1
48,481,6,6,2,0,1,2,0,0,6,4,0,1,0,1,4,1,2,60,1,1,2,1,0,0,2,1,0,0,88,88,88,88,88,88,0,0,0,0,2,7,1,481199,0,2009,0,362,99999999999999999999,0000000,29.20608056,-96.34621389,1,1
48,29,6,7,0,40,1,2,1,1,11,1,0,8,0,1,1,3,3,60,1,1,2,1,0,0,3,1,0,1,88,88,88,88,88,88,0,0,0,0,1,1,0,481200,6090,2009,259,I-410,99999999999999999999,0000000,29.51611111,-98.41222222,1,1
48,139,6,7,4,11,1,1,0,0,15,2,0,52,0,1,3,2,2,65,1,1,2,1,0,0,2,1,0,0,4,15,4,19,5,4,0,0,0,0,1,1,1,481201,7270,2009,419,US-287,99999999999999999999,0000000,32.41677778,-96.832025,1,1
48,201,6,7,3,45,2,4,0,0,6,4,0,12,5,2,1,1,2,45,1,2,1,1,3,3,3,1,0,0,3,46,3,51,4,19,0,0,0,0,1,1,2,481202,0,2009,0,ALDINEMAIL,HARDY,0000000,29.90225,-95.37314167,2,1
48,201,6,7,20,30,2,4,0,0,16,5,0,32,0,1,5,1,2,35,1,1,2,1,99,9,3,1,0,0,20,35,20,46,21,37,0,0,0,0,1,1,0,481203,3280,2009,0,CARVER,99999999999999999999,0000000,29.85895833,-95.44576389,1,1
48,215,6,7,8,50,2,6,0,0,6,4,0,12,9,1,1,1,2,40,1,1,4,1,0,0,1,1,0,0,9,0,9,5,9,57,0,0,0,0,1,1,1,481204,0,2009,0,MILE2,99999999999999999999,0000000,26.19928611,-97.94305,2,1
48,249,6,7,3,50,1,1,0,0,6,4,0,38,0,1,5,1,2,55,1,1,8,1,0,0,2,1,0,0,3,55,4,12,4,47,0,0,0,0,1,1,0,481205,0,2009,0,306,99999999999999999999,0000000,27.97751944,-97.95161111,1,1
48,329,6,7,21,15,1,1,0,0,16,5,0,33,0,1,4,1,2,99,2,1,2,1,0,0,2,1,0,0,88,88,88,88,88,88,0,0,0,0,1,1,0,481206,4560,2009,0,TRADEWINDS,99999999999999999999,0000000,31.99344444,-102.1571861,1,1
48,339,6,7,23,45,1,2,0,0,6,4,0,32,0,1,4,1,2,45,1,1,2,1,0,0,2,1,0,0,23,47,23,57,0,28,0,0,0,0,1,1,0,481207,0,2009,0,DAWCOLLINS,99999999999999999999,0000000,30.27593056,-95.23180833,1,1
48,453,6,7,10,20,2,5,0,1,13,3,0,12,1,8,1,1,4,55,2,2,2,1,0,0,1,1,0,0,10,40,10,47,11,19,0,0,0,0,1,1,0,481208,0,2009,160,SR-71,99999999999999999999,0000000,30.29136667,-97.919275,2,1
48,453,6,7,2,25,2,4,0,1,12,2,0,12,2,1,1,2,6,60,1,1,2,1,0,0,3,1,0,0,2,32,2,46,2,54,0,0,0,0,1,1,0,481209,330,2009,27,US-290,99999999999999999999,0000000,30.3271,-97.66875833,2,1
48,493,6,7,3,25,2,5,0,0,3,2,0,12,2,1,1,1,4,65,2,1,2,1,0,0,2,1,0,0,3,33,3,45,99,99,0,0,0,0,3,1,1,481210,0,2009,197,US-181,99999999999999999999,0000000,29.050825,-98.07379167,2,1
48,141,6,8,3,22,2,2,0,0,16,5,0,12,5,1,1,2,4,45,1,1,2,1,0,0,2,9,0,0,3,36,4,3,4,21,0,0,0,0,1,2,1,481211,3276,2009,0,EASTLAKE,99999999999999999999,0000000,31.69931389,-106.2021472,2,9
48,373,6,8,21,5,1,2,0,1,2,2,0,44,0,1,1,2,4,55,2,1,2,1,0,0,2,1,0,1,21,7,21,18,99,99,0,3,0,0,1,2,0,481212,2727,2009,391,US-59,99999999999999999999,0000000,30.60557778,-94.94260278,1,1
48,1,6,9,0,0,1,1,0,0,4,8,0,52,0,1,4,1,2,60,2,2,2,1,0,0,2,1,0,0,88,88,88,88,88,88,0,0,0,0,1,3,1,481213,0,2009,152,FM645,99999999999999999999,0000000,31.77823333,-95.82275278,1,1
48,73,6,9,14,5,1,1,0,0,5,8,0,37,0,1,4,1,2,60,1,1,2,1,0,0,1,1,0,0,88,88,88,88,88,88,0,0,0,0,1,3,0,481214,0,2009,20,FM2962,99999999999999999999,0000000,31.82201944,-95.006675,1,1
48,169,6,9,18,20,1,1,0,0,4,8,0,11,0,1,1,1,2,70,1,1,2,1,0,0,1,1,0,0,18,28,18,55,99,99,0,0,0,0,1,3,0,481215,0,2009,33,FM651,99999999999999999999,0000000,33.3661,-101.2173722,1,1
48,245,6,9,13,45,1,1,0,1,1,1,0,43,0,1,3,2,4,70,1,1,2,1,0,0,1,1,0,0,13,55,13,55,14,10,0,0,0,0,1,3,0,481216,0,2009,26,I-10,99999999999999999999,0000000,29.88548889,-94.32543333,1,1
48,19,6,10,12,35,2,2,0,0,3,3,0,12,8,1,1,1,2,70,1,1,2,2,0,0,1,1,0,0,88,88,88,88,88,88,0,0,0,0,1,4,0,481217,0,2009,54,SR-173,99999999999999999999,0000000,29.65495833,-99.06851111,2,1
48,45,6,10,13,30,1,1,0,0,4,3,0,42,0,1,4,1,2,70,2,1,1,1,0,0,1,1,0,0,88,88,88,88,88,88,0,0,0,0,1,4,0,481218,0,2009,148,SR-207,99999999999999999999,0000000,34.53939167,-101.4238083,1,1
48,121,6,10,1,38,1,2,1,1,11,1,0,8,0,1,1,3,3,60,1,1,1,1,0,0,2,1,0,0,88,88,88,88,88,88,0,0,0,0,1,4,0,481219,3960,2009,78,I-35,99999999999999999999,0000000,33.06238056,-97.01383056,1,1
48,203,6,10,21,41,2,2,0,0,4,8,0,12,4,2,1,1,2,55,1,1,2,1,0,0,2,1,0,0,21,46,21,51,22,5,0,0,0,0,1,4,0,481220,0,2009,56,FM2208,FM2879,0000000,32.53928056,-94.70075833,2,1
48,203,6,10,14,1,3,7,0,1,13,2,0,12,4,1,1,5,4,55,1,2,2,1,0,0,1,1,0,0,14,5,14,10,14,30,0,0,0,0,1,4,0,481221,4360,2009,55,US-59,99999999999999999999,0000000,32.49394444,-94.35823889,3,1
48,29,6,11,13,20,2,2,0,0,16,5,0,12,5,1,1,1,4,45,1,1,2,1,0,0,1,1,0,0,13,26,13,35,14,23,0,0,0,0,1,5,0,481223,6090,2009,0,WETMORE,99999999999999999999,0000000,29.54203056,-98.44220833,2,1
48,251,6,11,11,41,2,2,0,1,2,2,0,12,5,2,1,2,4,65,1,1,2,1,21,3,1,1,0,0,11,45,11,50,12,33,0,0,0,0,1,5,0,481224,120,2009,74,US-67,607,0000000,32.41632222,-97.18823056,2,1
48,309,6,11,23,55,1,1,0,0,4,8,0,43,0,1,5,1,2,60,1,3,2,1,0,0,2,1,0,0,88,88,88,88,88,88,0,0,0,0,1,5,1,481225,0,2009,8,FM2114,99999999999999999999,0000000,31.80191111,-97.088975,1,1
48,453,6,11,4,23,1,3,0,0,16,5,0,42,0,1,4,2,4,35,2,1,1,1,0,0,3,1,0,0,4,29,4,36,5,2,0,0,0,0,1,5,0,481226,330,2009,0,HARRISBRANCH,99999999999999999999,0000000,30.33502222,-97.60774167,1,1
48,29,6,12,17,13,2,2,0,0,16,5,0,12,2,1,1,2,6,99,2,1,2,1,0,0,1,1,0,0,17,15,17,18,17,59,0,0,0,0,1,6,0,481227,6090,2009,0,WURZBACH,99999999999999999999,0000000,29.5444,-98.42781944,2,1
48,113,6,12,18,53,2,4,0,1,12,3,0,12,1,1,1,3,5,60,1,1,2,1,0,0,1,1,0,0,18,53,19,2,19,21,0,0,0,0,1,6,0,481228,3420,2009,13,SR-183,99999999999999999999,0000000,32.836925,-97.02765278,2,1
48,121,6,12,16,1,2,2,0,0,4,8,0,12,2,1,1,1,2,50,1,1,2,1,0,0,1,1,0,0,88,88,88,88,88,88,0,0,0,0,1,6,0,481229,2395,2009,103,FM1171,99999999999999999999,0000000,33.05343611,-97.19828889,2,1
48,245,6,12,2,54,2,2,0,1,2,2,0,12,1,1,1,1,4,55,1,1,1,1,0,0,2,1,0,0,3,0,3,7,3,21,0,0,0,0,1,6,1,481230,490,2009,44,US-105,99999999999999999999,0000000,30.13301667,-94.20616111,2,1
48,309,6,12,23,43,1,1,0,1,12,8,0,25,0,1,3,3,2,50,2,2,2,1,0,0,3,1,0,0,88,88,88,88,88,88,0,0,0,0,1,6,1,481231,7210,2009,18,BU77,99999999999999999999,0000000,31.56200278,-97.10228056,1,1
48,365,6,12,6,48,1,3,2,1,13,2,0,43,0,6,1,2,4,60,1,1,2,1,60,3,1,1,0,0,88,88,88,88,88,88,0,0,0,0,1,6,0,481232,0,2009,18,US-79,99999999999999999999,9999999,32.18008889,-94.35321667,1,1
48,373,6,12,13,4,1,1,0,0,16,5,0,10,0,6,1,1,2,30,1,2,1,1,61,3,1,1,0,0,13,6,13,10,13,43,0,0,0,0,1,6,0,481233,4020,2009,0,SHERMAN,99999999999999999999,755953B,30.71426389,-94.93361111,1,1
48,453,6,12,21,36,4,5,0,1,12,2,0,12,1,1,1,2,4,60,1,1,2,1,0,0,2,1,0,0,21,36,21,44,22,26,0,0,0,0,1,6,0,481234,330,2009,36,US-290,99999999999999999999,0000000,30.32903611,-97.65412778,4,1
48,459,6,12,8,17,2,2,0,0,3,2,0,12,1,3,1,1,4,55,1,1,2,1,0,0,1,1,0,0,88,88,88,88,88,88,0,0,0,0,1,6,0,481235,1899,2009,158,US-259,FM3245,0000000,32.690825,-94.75081389,2,1
48,453,4,20,16,44,2,2,0,0,16,7,0,12,5,2,1,4,2,70,1,2,2,1,3,3,1,1,0,0,16,45,16,52,88,88,0,0,0,0,1,2,0,481236,5325,2009,0,45TOLLWAY,HEATHERWILDE,0000000,30.48336667,-97.61389444,2,1
48,141,5,6,12,5,1,2,1,0,16,5,0,8,0,8,1,1,2,30,1,1,2,1,0,0,1,1,0,0,12,7,12,14,12,30,0,0,0,0,1,4,0,481237,2190,2009,0,HUNT,99999999999999999999,0000000,31.78466667,-106.4216778,1,1
48,201,5,18,1,50,1,1,0,0,14,8,0,29,0,1,4,1,4,55,1,1,2,1,0,0,3,1,0,0,88,88,88,88,88,88,0,0,0,0,1,2,0,481238,0,2009,140,FM2920,99999999999999999999,0000000,30.07364167,-95.52905833,1,1
48,303,6,12,0,35,2,2,0,1,13,3,0,12,3,1,1,2,3,65,1,1,2,1,0,0,3,1,0,0,0,43,0,48,1,9,0,0,0,0,1,6,1,481239,4140,2009,82,SR-114,99999999999999999999,0000000,33.57776389,-102.0258889,2,1
48,51,6,13,22,30,2,2,0,1,2,3,0,12,3,1,1,2,2,65,1,1,2,1,0,0,2,1,0,0,22,40,23,1,88,88,0,0,0,0,1,7,1,481240,0,2009,149,SR-36,99999999999999999999,0000000,30.369,-96.55032222,2,1
48,105,6,13,4,0,1,1,0,1,1,1,0,1,0,1,3,2,2,65,1,1,2,1,0,0,2,1,0,0,88,88,88,88,88,88,0,0,0,0,1,7,0,481241,0,2009,456,I-10,99999999999999999999,0000000,30.68878056,-101.0661944,1,1
48,181,6,13,20,45,1,1,0,0,6,4,0,1,0,1,4,1,2,45,1,1,2,1,0,0,2,1,0,0,88,88,88,88,88,88,0,0,0,0,1,7,1,481242,0,2009,0,CEMETERY,99999999999999999999,0000000,33.788225,-96.68376944,1,1
48,201,6,13,23,43,1,1,0,0,16,5,0,43,0,3,4,1,4,30,2,1,2,1,0,0,3,1,0,0,88,88,88,88,88,88,0,0,0,0,1,7,1,481243,3580,2009,0,D,KATYHOCKLEY,0000000,29.81453056,-95.825,1,1
48,339,6,13,21,30,1,4,0,1,13,8,0,1,0,1,3,2,2,40,1,1,1,1,0,0,3,1,0,0,21,37,21,44,22,42,0,0,0,0,1,7,0,481244,1510,2009,223,SL336,99999999999999999999,0000000,30.27933056,-95.45813889,1,1
48,365,6,13,19,36,2,2,0,1,13,2,0,12,5,2,1,2,4,65,1,1,2,1,0,0,1,1,0,0,19,47,19,47,20,8,0,0,0,0,1,7,2,481245,0,2009,209,US-59,301,0000000,32.17591111,-94.32496111,2,1
48,385,6,13,17,5,1,2,0,0,6,4,0,43,0,1,4,1,2,20,2,2,8,1,0,0,1,1,0,0,17,14,17,39,19,20,0,0,0,0,1,7,0,481246,0,2009,0,BLUFFCREEK,99999999999999999999,0000000,29.85955278,-99.75521111,1,1
48,401,6,13,21,21,1,1,0,0,5,4,0,1,0,2,4,1,2,40,1,2,2,1,0,0,5,1,0,0,21,24,21,35,22,10,0,0,0,0,1,7,0,481247,0,2009,66,2138,FM782,0000000,32.28783889,-94.65805556,1,1
48,439,6,13,3,45,1,2,0,1,12,2,0,24,0,1,4,3,3,45,2,2,1,1,0,0,2,1,0,0,88,88,88,88,88,88,0,0,0,0,2,7,0,481248,2450,2009,210,US-287,99999999999999999999,0000000,32.74943611,-97.30933611,1,1
48,453,6,13,8,10,1,2,0,0,6,4,0,1,0,1,2,1,2,40,2,1,2,2,0,0,1,1,0,0,88,88,88,88,88,88,0,0,0,0,2,7,0,481249,0,2009,0,LIMECREEK,99999999999999999999,0000000,30.48423889,-97.88443889,1,1
48,485,6,13,1,37,1,1,0,9,99,2,0,42,0,1,4,3,2,60,1,1,2,1,0,0,2,1,0,0,88,88,88,88,88,88,0,0,0,0,1,7,0,481250,7490,2009,99999,US-281,99999999999999999999,0000000,33.88555833,-98.47264722,1,1
48,499,6,13,13,24,1,4,0,0,6,4,0,53,0,1,4,1,2,60,1,2,2,1,0,0,1,1,0,0,13,25,13,35,14,22,0,0,0,0,2,7,0,481251,0,2009,0,4890,99999999999999999999,0000000,32.88947778,-95.35498889,1,1
48,5,6,14,17,45,1,2,0,0,3,3,0,1,0,1,4,1,2,70,1,1,2,1,0,0,1,1,0,0,17,56,18,16,19,8,0,0,0,0,1,1,1,481252,0,2009,28,SR-147,99999999999999999999,0000000,31.18206944,-94.37283889,1,1
48,13,6,14,21,26,1,2,1,0,4,8,0,9,0,1,1,1,2,65,1,1,2,1,0,0,2,1,0,0,88,88,88,88,88,88,0,0,0,0,1,1,0,481253,0,2009,35,FM476,99999999999999999999,0000000,29.01351111,-98.53130278,1,1
48,19,6,14,19,16,1,2,0,0,3,3,0,24,0,1,4,1,2,65,2,1,2,1,0,0,1,1,0,0,19,34,19,52,20,30,0,0,0,0,1,1,0,481254,0,2009,60,SR-16,99999999999999999999,0000000,29.76753056,-99.18907222,1,1
48,201,6,14,2,20,1,1,0,0,14,8,0,1,0,1,4,1,2,45,2,1,2,1,0,0,2,1,0,0,88,88,88,88,88,88,0,0,0,0,1,1,1,481255,0,2009,13,BU1960A,99999999999999999999,0000000,30.00161667,-95.30433611,1,1
48,299,6,14,21,50,1,1,0,0,3,3,0,1,0,1,4,1,2,65,2,2,2,1,0,0,2,1,0,0,88,88,88,88,88,88,0,20,0,0,1,1,1,481256,0,2009,53,SR-71,99999999999999999999,0000000,30.70788611,-98.59841111,1,1
48,309,6,14,17,0,1,2,0,0,14,8,0,53,0,1,4,1,2,55,2,1,2,1,0,0,1,1,0,1,17,0,17,10,17,55,0,0,0,0,1,1,1,481257,0,2009,124,FM933,99999999999999999999,0000000,31.64672778,-97.14351389,1,1
48,347,6,14,18,41,2,7,0,0,15,8,0,12,2,1,1,1,2,50,1,1,2,1,0,0,1,1,0,0,18,42,18,50,19,20,0,0,0,0,1,1,0,481258,4810,2009,188,FM225,99999999999999999999,0000000,31.59943056,-94.67919167,2,1
48,441,6,14,0,23,1,1,0,0,16,5,0,46,0,3,4,1,2,30,2,2,2,1,3,3,3,1,0,0,0,27,0,31,99,99,0,0,0,0,1,1,1,481259,30,2009,0,20,BARROW,0000000,32.42510833,-99.75948056,1,1
48,41,6,15,8,36,2,5,0,0,3,8,0,12,2,1,1,1,2,70,2,1,2,1,0,0,1,1,0,0,88,88,88,88,88,88,0,0,0,0,2,2,0,481260,0,2009,258,FM2154,99999999999999999999,0000000,30.44801667,-96.15865833,2,1
48,61,6,15,21,18,1,2,1,1,13,3,0,8,0,1,1,5,6,40,1,1,2,1,0,0,3,1,0,0,21,19,21,23,21,38,0,0,0,0,1,2,0,481261,940,2009,15,SR-48,99999999999999999999,0000000,25.92210556,-97.487575,1,1
48,167,6,15,16,11,3,7,0,1,13,8,0,12,2,1,1,5,4,45,1,1,1,1,0,0,1,1,0,0,16,12,16,18,17,10,0,0,0,0,1,2,0,481262,2505,2009,24,FM528,99999999999999999999,0000000,29.49944444,-95.20214444,3,1
48,291,6,15,17,7,1,3,1,0,4,8,0,8,0,1,1,1,2,55,1,1,2,1,0,0,1,1,0,1,17,8,17,20,99,99,0,0,0,0,1,2,0,481263,0,2009,151,FM1409,99999999999999999999,0000000,29.98005556,-94.85235556,1,1
48,325,6,15,1,21,1,1,0,0,4,8,0,1,0,1,4,1,2,60,2,1,2,1,0,0,2,1,0,0,88,88,88,88,88,88,0,0,0,0,1,2,1,481264,0,2009,107,FM2200,99999999999999999999,0000000,29.143625,-98.96959722,1,1
48,481,6,15,18,22,1,1,0,0,4,3,0,42,0,3,4,1,2,70,1,1,1,1,20,3,1,1,0,0,88,88,88,88,88,88,0,0,0,0,1,2,0,481265,0,2009,42,SR-60,138,0000000,29.28146389,-96.06670278,1,1
48,73,6,16,6,49,2,2,0,1,13,2,0,12,5,2,1,5,4,55,1,1,2,1,20,3,1,1,0,0,88,88,88,88,88,88,0,0,0,0,1,3,0,481266,3470,2009,113,US-69,BEALL,0000000,31.98733889,-95.27368333,2,1
48,355,6,16,21,26,1,2,1,0,16,5,0,8,0,1,1,1,4,35,1,1,2,1,0,0,3,1,0,0,21,29,21,32,21,38,0,0,0,0,1,3,0,481267,1550,2009,0,MORGAN,99999999999999999999,0000000,27.77791389,-97.42473056,1,1
48,359,6,16,3,11,2,10,0,1,1,1,0,12,7,1,1,2,2,65,2,1,2,1,0,0,2,1,0,0,3,16,3,37,4,52,0,0,0,0,1,3,0,481268,0,2009,70,I-40,99999999999999999999,0000000,35.12909167,-103.2329222,2,1
48,457,6,16,21,45,1,3,1,0,4,8,0,8,0,1,1,1,2,65,1,1,2,1,0,0,2,1,0,0,88,88,88,88,88,88,0,0,0,0,1,3,0,481269,0,2009,155,FM92,99999999999999999999,0000000,30.64810833,-94.17476111,1,1
48,467,6,16,9,10,1,1,0,0,5,8,0,53,0,1,4,1,2,55,1,1,2,1,0,0,1,1,0,0,88,88,88,88,88,88,0,0,0,0,1,3,0,481270,0,2009,44,FM3080,99999999999999999999,0000000,32.37939444,-96.01257778,1,1
48,157,6,17,15,0,1,1,0,0,4,8,0,29,0,1,4,5,2,60,1,1,1,1,0,0,1,1,0,0,15,3,15,8,99,99,0,0,0,0,1,4,1,481271,0,2009,77,FM1093,99999999999999999999,0000000,29.68523889,-95.92310278,1,1
48,181,6,17,12,57,1,2,0,0,14,3,0,33,0,1,4,1,4,55,1,1,2,1,0,0,1,1,0,0,13,1,13,4,13,27,0,0,0,0,1,4,0,481272,6350,2009,11,SR-11,99999999999999999999,0000000,33.62377222,-96.58393056,1,1
48,185,6,17,18,56,1,5,0,0,5,8,0,1,0,1,1,1,2,65,2,1,2,1,0,0,1,1,0,0,18,59,19,4,19,56,0,0,0,0,2,4,0,481273,0,2009,189,FM3090,99999999999999999999,0000000,30.48939722,-96.08824722,1,1
48,217,6,18,6,55,2,2,0,0,3,3,0,12,2,1,1,1,2,70,1,2,2,1,0,0,1,1,0,0,6,55,7,12,7,47,0,0,0,0,1,5,0,481274,0,2009,66,SR-174,99999999999999999999,0000000,32.14678333,-97.43660556,2,1
48,73,6,19,22,1,1,1,0,0,6,4,0,2,0,1,4,1,2,60,1,1,2,1,0,0,3,1,0,0,88,88,88,88,88,88,0,0,0,0,1,6,1,481275,0,2009,0,1201,99999999999999999999,0000000,31.80746944,-95.10818889,1,1
48,223,6,19,3,4,1,2,1,1,11,7,0,8,0,1,1,4,2,50,1,2,2,1,0,0,2,1,0,0,88,88,88,88,88,88,0,0,0,0,1,6,1,481276,6670,2009,179,I-30,99999999999999999999,0000000,33.13950556,-95.571025,1,1
48,355,6,19,5,28,1,2,0,1,12,7,0,33,0,1,4,4,2,40,2,1,2,1,0,0,2,1,0,0,5,40,5,51,6,16,0,0,0,0,1,6,1,481277,1550,2009,142,SR-358,99999999999999999999,0000000,27.678925,-97.30964444,1,1
48,449,6,19,1,14,1,1,0,1,2,2,0,1,0,1,1,1,2,65,1,1,2,1,0,0,2,1,0,0,99,99,1,37,1,56,0,0,0,0,1,6,0,481278,0,2009,41,US-271,99999999999999999999,0000000,33.333725,-95.09788611,1,1
48,453,6,19,12,50,1,1,0,0,16,5,0,1,0,1,1,1,2,45,2,1,2,1,0,0,1,1,0,0,12,58,13,14,13,37,0,0,0,0,1,6,0,481279,9997,2009,0,OLDLOCKHART,99999999999999999999,0000000,30.10749722,-97.74078889,1,1
48,29,6,20,18,25,1,1,0,0,16,5,0,33,0,1,4,2,9,25,2,2,1,1,0,0,1,1,0,0,88,88,88,88,88,88,0,0,0,0,1,7,1,481280,6090,2009,0,PECANVALLEY,99999999999999999999,0000000,29.36998333,-98.43536667,1,1
48,29,6,20,1,55,3,3,2,1,11,8,0,14,1,1,2,3,5,60,1,1,2,1,0,0,3,1,0,0,1,56,1,58,2,27,0,0,0,0,1,7,1,481281,6090,2009,123,SL410,99999999999999999999,0000000,29.46991389,-98.61521944,1,1
48,71,6,20,1,45,2,5,0,0,5,8,0,12,7,1,1,1,2,60,1,1,2,1,0,0,2,1,0,0,1,45,2,3,2,27,0,0,0,0,1,7,1,481282,0,2009,30,FM562,99999999999999999999,0000000,29.74731389,-94.63339722,2,1
48,99,6,20,15,35,2,3,0,0,3,2,0,12,2,1,1,1,2,70,1,1,2,1,0,0,1,1,0,0,15,45,16,9,16,34,0,0,0,0,1,7,0,481283,0,2009,385,US-84,99999999999999999999,0000000,31.43633333,-97.50898333,2,1
48,309,6,20,15,3,1,3,1,1,11,7,0,8,0,15,1,4,2,30,1,1,1,1,0,0,1,1,0,0,15,4,15,11,15,21,0,0,0,0,1,7,0,481284,7210,2009,134,I-35,99999999999999999999,0000000,31.52055,-97.13509444,1,1
48,329,6,20,23,23,1,1,0,1,12,7,0,31,0,1,4,4,2,45,1,1,2,1,0,0,2,1,0,0,88,88,88,88,88,88,0,0,0,0,1,7,0,481285,4560,2009,27,SL250,99999999999999999999,0000000,31.97680278,-102.1466778,1,1
48,381,6,20,1,9,1,1,0,1,1,1,0,21,0,1,3,2,4,65,1,1,1,2,0,0,2,2,0,0,88,88,88,88,88,88,0,0,0,0,1,7,1,481286,0,2009,93,I-27,99999999999999999999,0000000,34.88599167,-101.8487917,1,2
48,479,6,20,19,45,1,1,0,1,13,8,0,42,0,1,3,2,4,65,2,2,2,1,0,0,1,1,0,0,88,88,88,88,88,88,0,0,0,0,1,7,1,481287,3899,2009,115,FM1472,99999999999999999999,0000000,27.64320278,-99.55290833,1,1
48,5,6,21,3,28,1,1,0,0,3,3,0,27,0,1,4,2,4,55,1,1,2,1,0,0,2,1,0,0,88,88,88,88,88,88,0,0,0,0,1,1,1,481288,3305,2009,41,SR-94,99999999999999999999,0000000,31.31063889,-94.83793333,1,1
48,113,6,21,11,10,1,1,0,1,13,8,0,43,0,1,5,2,7,60,1,2,1,1,0,0,1,1,0,0,11,50,11,55,12,7,0,0,0,0,1,1,1,481289,1730,2009,100,SL12,99999999999999999999,0000000,32.78235,-96.91789444,1,1
48,121,6,21,12,46,2,7,0,0,4,8,0,12,2,1,1,1,2,55,2,3,2,1,0,0,1,1,0,0,12,53,13,11,13,48,0,0,0,0,1,1,0,481290,0,2009,37,FM455,99999999999999999999,0000000,33.35731111,-97.32777222,2,1
48,121,6,21,2,45,1,1,0,0,4,8,0,1,0,1,4,1,2,55,2,3,2,1,0,0,2,1,0,0,2,50,3,8,3,50,0,0,0,0,1,1,1,481291,6150,2009,99,FM455,99999999999999999999,0000000,33.36207222,-97.22373889,1,1
48,141,6,21,6,58,1,2,1,0,16,5,0,9,0,1,1,2,4,40,1,1,2,1,0,0,1,1,0,0,88,88,88,88,88,88,0,0,0,0,1,1,1,481292,2190,2009,0,GEORGEDIETER,99999999999999999999,0000000,31.78683333,-106.3023194,1,1
48,161,6,21,20,29,1,2,0,1,1,1,0,1,0,1,3,3,2,70,2,2,2,1,0,0,5,1,0,0,20,34,20,40,21,11,0,0,0,0,1,1,1,481293,0,2009,154,I-45,99999999999999999999,0000000,31.69662778,-96.16998333,1,1
48,201,6,21,2,35,1,1,0,0,6,4,0,1,0,1,4,1,2,45,2,1,2,1,0,0,2,1,0,0,88,88,88,88,88,88,0,0,0,0,1,1,1,481294,0,2009,0,KUYKENDAHL,99999999999999999999,0000000,30.13964167,-95.5513,1,1
48,277,6,21,0,59,1,2,1,1,2,2,0,8,0,1,1,2,4,65,1,3,2,1,0,0,3,1,0,0,88,88,88,88,88,88,0,0,0,0,1,1,1,481295,0,2009,11,US-271,99999999999999999999,0000000,33.86711944,-95.50584444,1,1
48,337,6,21,6,43,1,3,0,0,4,3,0,38,0,1,4,1,2,70,1,1,2,1,0,0,1,1,0,0,6,48,6,59,7,32,0,0,0,0,1,1,0,481296,0,2009,28,SR-59,99999999999999999999,0000000,33.64932778,-97.72973611,1,1
48,339,6,21,11,25,1,2,0,1,2,3,0,1,0,1,4,1,2,55,1,1,2,1,0,0,1,1,0,0,11,28,11,38,12,6,0,0,0,0,1,1,0,481297,1692,2009,299,SR-105,99999999999999999999,0000000,30.33305278,-95.34012222,1,1
48,343,6,21,5,2,1,2,1,0,4,8,0,8,0,1,1,1,2,65,1,1,1,1,0,0,2,1,0,0,88,88,88,88,88,88,0,0,0,0,1,1,1,481298,0,2009,26,FM130,99999999999999999999,0000000,33.05783611,-94.66767778,1,1
48,401,6,21,22,0,1,2,0,1,2,2,0,1,0,1,3,2,4,65,1,1,2,1,0,0,1,1,0,1,22,7,22,19,23,2,0,0,0,0,1,1,0,481299,0,2009,27,US-259,99999999999999999999,0000000,32.33028611,-94.86891667,1,1
48,423,6,21,10,56,1,3,0,1,1,1,0,1,0,1,4,3,2,70,1,2,2,1,0,0,1,1,0,0,11,0,11,15,11,32,0,0,0,0,2,1,0,481300,0,2009,342,I-20,99999999999999999999,0000000,32.43761667,-95.02091944,1,1