STATE,COUNTY,MONTH,DAY,HOUR,MINUTE,VE_TOTAL,PERSONS,PEDS,NHS,ROAD_FNC,ROUTE,SP_JUR,HARM_EV,MAN_COLL,REL_JUNC,REL_ROAD,TRAF_FLO,NO_LANES,SP_LIMIT,ALIGNMNT,PROFILE,PAVE_TYP,SUR_COND,TRA_CONT,T_CONT_F,LGT_COND,WEATHER1,WEATHER2,WRK_ZONE,NOT_HOUR,NOT_MIN,ARR_HOUR,ARR_MIN,HOSP_HR,HOSP_MN,SCH_BUS,CF1,CF2,CF3,FATALS,DAY_WEEK,DRUNK_DR,ST_CASE,CITY,YEAR,MILEPT,TWAY_ID,TWAY_ID2,RAIL,LATITUDE,LONGITUD,VE_FORMS,WEATHER
48,251,6,22,19,20,2,2,0,0,4,8,0,12,2,1,1,1,2,60,2,2,2,8,0,0,1,1,0,0,88,88,88,88,88,88,0,0,0,0,1,2,0,481301,0,2009,170,FM1434,99999999999999999999,0000000,32.24816944,-97.54784722,2,1
48,439,6,22,13,52,1,1,0,1,11,1,0,25,0,14,3,3,2,60,2,2,1,1,0,0,1,1,0,0,13,57,14,10,14,41,0,0,0,0,1,2,0,481302,260,2009,111,I-20,99999999999999999999,0000000,32.67727222,-97.06984722,1,1
48,29,6,23,4,35,2,3,0,1,13,8,0,12,7,2,1,1,4,40,1,1,2,1,0,0,3,1,0,0,4,37,4,43,5,31,0,0,0,0,1,3,1,481303,6090,2009,259,SP536,WOODHULL,0000000,29.35893056,-98.48133889,2,1
48,139,6,23,9,20,1,2,0,0,14,8,0,1,0,1,4,1,2,45,1,1,2,1,0,0,1,1,0,0,9,31,9,37,10,27,0,0,0,0,1,3,0,481304,7270,2009,23,FM878,99999999999999999999,0000000,32.39173889,-96.81028611,1,1
48,339,6,23,9,51,1,2,1,0,3,3,0,9,0,1,2,1,2,60,2,1,2,1,0,0,1,1,0,0,88,88,88,88,88,88,0,0,0,0,1,3,0,481305,0,2009,92,SR-242,99999999999999999999,0000000,30.21605278,-95.37963611,1,1
48,347,6,23,21,29,2,2,0,1,13,8,0,12,4,1,1,1,2,55,1,1,2,1,0,0,2,1,0,0,21,32,21,37,21,47,0,0,0,0,1,3,1,481306,4810,2009,64,SL224,99999999999999999999,0000000,31.62206111,-94.61390278,2,1
48,355,6,23,23,31,1,2,1,0,16,5,0,8,0,1,1,5,4,40,1,1,2,1,0,0,3,1,0,0,23,31,23,36,23,46,0,0,0,0,1,3,0,481307,1550,2009,0,HOLLY,99999999999999999999,0000000,27.71187778,-97.40354444,1,1
48,365,6,23,4,37,1,1,0,0,3,3,0,1,0,1,1,1,2,65,1,1,2,1,0,0,2,1,0,0,4,38,4,51,5,41,0,0,0,0,1,3,0,481308,0,2009,94,SR-149,99999999999999999999,0000000,32.21931944,-94.43656111,1,1
48,391,6,23,17,39,2,3,0,0,3,3,0,12,5,1,1,1,2,70,1,1,2,1,0,0,1,1,0,0,17,41,18,1,18,50,0,0,0,0,1,3,0,481309,0,2009,86,SR-35,99999999999999999999,0000000,28.36835278,-96.91797222,2,1
48,167,6,24,23,49,2,3,0,0,14,8,0,12,5,1,1,1,2,55,2,1,1,1,0,0,2,1,0,0,23,51,0,3,0,57,0,0,0,0,1,4,1,481310,6860,2009,153,FM517,99999999999999999999,0000000,29.473175,-94.98711944,2,1
48,201,6,24,2,57,2,2,0,1,12,7,0,12,1,1,1,4,3,45,1,1,1,1,0,0,3,1,0,0,88,88,88,88,88,88,0,0,0,0,1,4,1,481311,3280,2009,314,US-290,99999999999999999999,0000000,29.86586667,-95.53750278,2,1
48,453,6,24,1,31,1,2,1,1,11,1,0,8,0,1,1,3,4,45,1,2,2,1,0,0,3,1,0,1,88,88,88,88,88,88,0,0,0,0,1,4,1,481312,330,2009,23,I-35,99999999999999999999,0000000,30.18097778,-97.77709444,1,1
48,355,6,25,16,54,2,3,0,0,16,5,0,12,5,2,1,1,4,45,1,1,2,1,0,0,1,1,0,0,16,55,16,58,17,19,0,0,0,0,1,5,0,481313,1550,2009,0,LEOPARD,CORNPRODUCTS,0000000,27.80081667,-97.48610556,2,1
48,491,6,25,4,40,1,1,0,1,2,2,0,27,0,1,99,1,4,10,2,1,2,1,0,0,2,1,0,0,88,88,88,88,88,88,0,0,0,0,1,5,0,481314,3925,2009,164,US-183,99999999999999999999,0000000,30.53259722,-97.83506111,1,1
48,241,6,26,20,0,3,6,0,1,2,2,0,12,5,2,1,2,4,70,1,2,1,1,20,3,1,1,0,0,20,19,20,21,20,57,0,0,0,0,1,6,0,481315,0,2009,158,US-96,243,0000000,30.98725833,-93.98562222,3,1
48,339,6,26,6,10,2,2,0,0,3,8,0,12,2,2,1,1,2,55,2,1,2,1,0,0,4,1,0,0,6,14,6,28,7,0,0,0,0,0,1,6,0,481316,0,2009,92,FM1488,MOSTYN,0000000,30.2224,-95.664525,2,1
48,27,6,27,11,26,2,8,0,0,4,8,0,12,2,2,1,1,2,40,2,2,2,1,0,0,1,1,0,0,11,28,11,32,99,99,0,0,0,0,1,7,0,481317,9997,2009,5,FM2483,LAKE FOREST,0000000,31.14750278,-97.45568333,2,1
48,161,6,27,23,20,1,1,0,0,4,8,0,1,0,1,4,1,2,65,2,1,2,1,0,0,2,1,0,0,88,88,88,88,88,88,0,0,0,0,1,7,1,481318,0,2009,125,FM488,99999999999999999999,0000000,31.81025833,-96.13884722,1,1
48,381,6,27,8,0,5,6,0,1,11,7,0,12,2,3,1,3,9,45,1,1,2,1,3,3,1,1,0,0,8,5,8,8,8,48,0,14,0,0,1,7,0,481319,150,2009,130,I27,GEORGIA,0000000,35.16921389,-101.8662222,5,1
48,439,6,27,4,30,1,2,0,1,12,3,0,25,0,1,3,3,4,60,1,1,1,1,0,0,3,1,0,0,4,32,4,44,5,30,0,0,0,0,1,7,1,481320,260,2009,147,SR-360,99999999999999999999,0000000,32.70421944,-97.06266389,1,1
48,477,6,27,0,50,1,4,0,1,13,3,0,52,0,1,4,2,4,65,1,1,2,1,0,0,2,1,0,0,1,3,1,3,1,37,0,0,0,0,3,7,0,481321,0,2009,106,SR-36,99999999999999999999,0000000,30.20228889,-96.41275,1,1
48,339,6,28,4,27,2,2,1,1,12,2,0,14,3,1,2,3,5,65,1,1,1,1,0,0,3,1,0,0,88,88,88,88,88,88,0,0,0,0,1,1,0,481322,3280,2009,157,US-59,99999999999999999999,0000000,30.04133611,-95.25451389,1,1
48,481,6,28,10,8,1,10,0,0,6,4,0,24,0,1,4,1,2,60,2,1,4,1,0,0,1,1,0,0,10,40,10,50,11,16,0,20,0,0,1,1,0,481323,0,2009,0,461,99999999999999999999,0000000,29.32688333,-96.20155556,1,1
48,309,6,29,7,50,3,3,0,0,16,5,0,12,8,1,1,1,2,50,1,1,1,1,0,0,1,1,0,0,7,54,8,1,8,59,0,0,0,0,1,2,0,481324,7210,2009,0,MARTINLUTHERKING,99999999999999999999,0000000,31.59303611,-97.15362778,3,1
48,179,6,30,2,0,1,1,0,1,2,2,0,29,0,1,4,1,2,65,1,1,2,1,0,0,2,1,0,0,88,88,88,88,88,88,0,0,0,0,1,3,0,481325,0,2009,61,US-60,99999999999999999999,0000000,35.534125,-100.8858639,1,1
48,201,6,30,23,15,2,3,0,0,6,4,0,12,5,1,1,5,4,45,1,1,2,1,0,0,2,1,0,0,23,20,23,28,23,53,0,0,0,0,1,3,1,481326,0,2009,0,TANNER,99999999999999999999,0000000,29.85070833,-95.59911667,2,1
48,113,1,1,1,48,1,1,0,0,16,5,0,1,0,1,1,1,2,40,1,1,5,1,0,0,3,1,0,1,88,88,88,88,88,88,0,20,0,0,1,5,1,481327,1730,2009,0,SAMUELL,99999999999999999999,0000000,32.79246944,-96.68840556,1,1
48,113,1,7,15,30,2,3,1,1,11,1,0,8,0,1,1,3,5,60,1,1,2,1,0,0,1,1,0,0,88,88,88,88,88,88,0,14,0,0,1,4,0,481328,1730,2009,110,I-30,99999999999999999999,0000000,32.796725,-96.68756389,2,1
48,113,2,13,21,50,2,3,2,1,12,2,0,8,0,1,1,3,3,60,1,1,1,1,0,0,3,1,0,0,22,3,22,6,22,37,0,23,0,0,1,6,0,481329,1730,2009,40,US-67,99999999999999999999,0000000,32.66338611,-96.86896111,2,1
48,113,3,7,22,57,2,5,0,1,11,1,0,12,1,1,1,3,4,60,1,1,1,1,0,0,2,1,0,0,23,0,23,5,23,33,0,0,0,0,1,7,0,481330,1730,2009,202,I-345,99999999999999999999,0000000,32.79385833,-96.79291667,2,1
48,439,4,25,21,34,2,2,0,0,16,5,0,12,99,8,1,2,3,40,1,1,1,1,0,0,3,1,0,0,21,43,21,53,22,18,0,0,0,0,1,7,0,481331,4965,2009,0,HARWOOD,99999999999999999999,0000000,32.84240556,-97.19589167,2,1
48,465,5,2,17,30,1,2,0,0,6,4,0,7,0,1,4,1,2,35,2,2,4,1,0,0,1,1,0,0,88,88,88,88,88,88,0,0,0,0,1,7,1,481332,0,2009,0,PANDALE,99999999999999999999,0000000,,,1,1
48,439,5,6,0,50,1,2,1,1,13,8,0,8,0,3,1,1,6,45,1,1,2,1,2,3,2,1,0,0,0,54,0,59,1,36,0,0,0,0,1,4,0,481333,3594,2009,58,FM1709,ANITA,0000000,32.93430556,-97.239425,1,1
48,113,5,11,2,16,1,2,1,1,11,1,0,8,0,1,1,2,5,60,1,1,1,1,0,0,3,1,0,0,88,88,88,88,88,88,0,0,0,0,1,2,0,481334,1730,2009,192,I-45,99999999999999999999,0000000,32.76866389,-96.77722222,1,1
48,201,5,17,22,59,2,3,0,0,16,5,0,12,5,2,1,1,4,40,1,1,1,1,0,0,3,1,0,0,22,59,23,9,23,36,0,0,0,0,1,1,0,481335,3280,2009,0,ALMEDAGENOA,RANDOLPH,0000000,29.62615833,-95.27573333,2,1
48,215,6,4,2,3,1,3,0,1,13,7,0,33,0,5,4,4,1,45,1,1,2,2,40,3,3,1,0,1,2,7,2,14,99,99,0,20,0,0,2,5,0,481336,0,2009,120,US-83,99999999999999999999,0000000,26.23736111,-98.40323889,1,1
48,215,6,5,6,30,1,3,1,0,6,4,0,8,0,1,1,1,2,30,1,1,2,1,0,0,4,1,0,0,88,88,88,88,88,88,0,0,0,0,1,6,0,481337,0,2009,0,DATEPALM,99999999999999999999,0000000,26.335925,-98.44127222,1,1
48,503,6,6,5,43,1,2,1,1,13,3,0,8,0,3,1,2,2,35,1,1,2,1,2,3,3,1,0,0,5,43,5,46,6,3,0,0,0,0,1,7,0,481338,2770,2009,10,SR-16,THIRD,0000000,33.10588889,-98.58955556,1,1
48,479,6,8,7,25,1,1,0,0,16,5,0,10,0,6,1,1,2,55,2,1,5,1,72,3,1,1,0,0,88,88,88,88,88,88,0,0,0,0,1,2,0,481339,45,2009,0,VAQUILLAS,99999999999999999999,793618B,27.44837778,-99.08861944,1,1
48,121,6,11,0,34,1,1,0,0,5,8,0,43,0,1,4,1,2,55,2,1,1,1,0,0,2,1,0,0,88,88,88,88,88,88,0,0,0,0,1,5,1,481340,0,2009,38,FM2450,99999999999999999999,0000000,33.37155278,-97.24913611,1,1
48,423,6,17,18,42,2,3,0,0,3,2,0,12,4,1,1,1,2,65,1,3,2,1,0,0,1,1,0,0,18,42,19,0,19,45,0,0,0,0,1,4,1,481341,0,2009,33,US-271,99999999999999999999,0000000,32.49053889,-95.0341,2,1
48,201,6,20,3,44,2,2,0,1,12,2,0,12,1,1,1,2,4,65,1,1,1,1,0,0,3,1,0,0,88,88,88,88,88,88,0,0,0,0,1,7,2,481342,3280,2009,39,US-59,99999999999999999999,0000000,29.94187222,-95.29472222,2,1
48,113,6,22,19,20,1,2,0,1,11,1,0,26,0,1,3,3,4,60,2,1,1,1,0,0,1,1,0,0,19,30,19,37,20,15,0,0,0,0,1,2,1,481343,1730,2009,111,I-35,99999999999999999999,0000000,32.70495,-96.82688333,1,1
48,181,6,24,5,46,3,5,3,0,4,3,0,8,0,1,1,1,2,70,1,1,2,1,0,0,4,1,0,0,5,46,5,52,6,15,0,23,0,0,2,4,0,481344,0,2009,11,SR-11,99999999999999999999,0000000,33.60339722,-96.57261389,2,1
48,459,6,24,21,42,2,3,0,0,4,3,0,12,2,1,1,1,2,65,1,3,2,1,0,0,2,1,0,0,21,46,21,53,22,35,0,0,0,0,1,4,0,481345,0,2009,93,SR-154,99999999999999999999,0000000,32.73320278,-94.99784167,2,1
48,471,6,26,6,30,1,1,0,1,1,1,0,1,0,1,4,3,2,70,1,1,2,1,0,0,4,1,0,0,88,88,88,88,88,88,0,0,0,0,1,6,1,481346,0,2009,35,I-45,99999999999999999999,0000000,30.55801111,-95.50010556,1,1
48,473,6,26,20,0,1,3,1,0,4,8,0,9,0,1,1,1,2,55,1,1,2,1,0,0,5,1,0,0,88,88,88,88,88,88,0,0,0,0,1,6,1,481347,0,2009,119,FM1488,99999999999999999999,0000000,30.1633,-95.91685556,1,1
48,37,6,27,13,0,2,3,0,1,2,2,0,12,4,1,1,1,2,60,1,1,1,1,0,0,1,1,0,0,13,4,13,13,14,18,0,0,0,0,1,7,1,481348,0,2009,30,US-82,99999999999999999999,0000000,33.50406111,-94.58357222,2,1
48,439,6,27,21,3,2,4,0,1,13,8,0,1,0,2,1,2,2,45,1,1,8,1,3,3,3,1,0,0,21,3,21,6,21,21,0,0,0,0,1,7,0,481349,2800,2009,216,SP303,GREATSOUTHWEST,0000000,32.71224167,-97.06265278,2,1
48,201,6,28,3,6,1,2,0,9,99,9,0,30,0,1,4,1,4,45,1,1,2,1,0,0,2,1,0,0,3,8,3,14,3,42,0,0,0,0,1,1,1,481350,3280,2009,99999,HEMPSTEAD,99999999999999999999,0000000,,,1,1
48,81,6,29,12,59,1,9,0,0,3,2,0,1,0,1,4,1,2,70,1,1,2,1,0,0,1,1,0,0,13,5,13,30,14,42,0,0,0,0,2,2,0,481351,0,2009,189,US-277,99999999999999999999,0000000,31.83651389,-100.2921306,1,1
48,423,6,29,13,30,2,2,0,0,4,8,0,12,5,1,1,1,2,55,2,2,2,2,0,0,1,2,0,0,13,35,13,42,14,19,0,0,0,0,1,2,0,481352,0,2009,196,FM346,99999999999999999999,0000000,32.15796944,-95.12585278,2,2
48,423,6,29,0,15,2,2,0,1,2,2,0,12,3,1,1,5,4,45,1,1,2,1,0,0,3,1,0,0,88,88,88,88,88,88,0,0,0,0,2,2,2,481353,7070,2009,21,US-69,99999999999999999999,0000000,32.32081111,-95.30069444,2,1
48,69,6,30,12,18,1,1,0,0,4,8,0,1,0,1,1,1,2,60,2,1,2,1,0,0,1,1,0,0,88,88,88,88,88,88,0,0,0,0,1,3,0,481354,0,2009,8,FM145,99999999999999999999,0000000,34.38533611,-102.5126361,1,1
48,223,6,30,18,50,2,4,0,0,3,3,0,12,2,1,2,1,2,70,1,1,2,1,0,0,1,1,0,1,18,53,19,4,20,18,0,0,0,0,3,3,0,481355,0,2009,4,SR-19,99999999999999999999,0000000,33.34973056,-95.59146944,2,1
48,25,5,29,13,53,2,4,0,0,16,5,0,12,4,2,1,1,4,35,1,1,2,1,20,3,1,1,0,0,13,53,14,0,88,88,0,0,0,0,1,6,0,481356,510,2009,0,WASHINGTON,INEZ,0000000,28.41446667,-97.75658889,2,1
48,201,6,12,4,28,1,2,0,0,6,4,0,33,0,1,3,2,7,45,1,1,1,1,0,0,2,1,0,0,99,99,99,99,4,51,0,0,0,0,1,6,1,481357,0,2009,0,NASA,99999999999999999999,0000000,29.5485,-95.09859444,1,1
48,201,6,14,3,18,1,2,0,0,6,4,0,32,0,1,4,5,4,45,1,1,2,1,0,0,2,1,0,0,3,18,3,25,4,3,0,0,0,0,1,1,0,481358,0,2009,0,VETERANSMEMORIAL,99999999999999999999,0000000,29.96385,-95.48013889,1,1
48,239,6,29,17,0,2,2,0,0,4,8,0,12,2,1,1,1,2,70,2,1,2,1,0,0,1,1,0,0,88,88,88,88,88,88,0,0,0,0,2,2,0,481359,0,2009,19,FM1862,99999999999999999999,0000000,28.76948333,-96.33778056,2,1
48,201,2,7,14,43,1,2,0,1,11,1,0,1,0,1,1,3,4,60,1,1,1,1,0,0,1,1,0,0,14,43,14,46,15,3,0,0,0,0,1,7,0,481360,3280,2009,234,I-610,99999999999999999999,0000000,29.6868,-95.33735556,1,1
48,201,5,16,4,27,1,1,0,0,16,5,0,42,0,1,4,1,2,30,2,1,1,1,0,0,3,1,0,0,88,88,88,88,88,88,0,0,0,0,1,7,1,481361,3280,2009,0,SHADOWBRIAR,99999999999999999999,0000000,29.73309444,-95.59869444,1,1
48,55,6,12,14,52,1,3,0,0,4,8,0,1,0,1,1,1,2,60,2,2,2,1,0,0,1,1,0,0,15,7,15,31,15,57,0,0,0,0,1,6,0,481362,0,2009,10,FM1322,99999999999999999999,0000000,29.78236944,-97.60288333,1,1
48,213,6,23,20,0,1,1,0,0,5,8,0,42,0,1,4,1,2,55,2,2,2,1,0,0,1,1,0,0,20,24,20,33,21,19,0,0,0,0,1,3,0,481363,0,2009,77,FM1615,99999999999999999999,0000000,32.09605556,-95.76618611,1,1
48,339,6,23,16,14,2,2,0,0,4,8,0,12,4,2,1,1,2,55,1,1,2,1,20,3,1,1,0,0,16,15,16,18,16,41,0,0,0,0,1,3,0,481364,0,2009,147,FM1097,BENTWOOD,0000000,30.43690833,-95.63820833,2,1
48,183,6,22,10,43,2,2,0,0,3,3,0,12,4,2,1,5,4,70,1,1,2,1,4,3,1,1,0,0,10,50,10,52,11,24,0,0,0,0,1,2,0,481365,0,2009,13,SR-31,FM3053,0000000,32.37894722,-94.96414722,2,1
48,299,6,27,16,22,1,1,0,0,4,8,0,1,0,1,4,1,2,55,2,2,2,1,0,0,1,1,0,0,88,88,88,88,88,88,0,0,0,0,1,7,0,481366,0,2009,23,RR965,99999999999999999999,0000000,30.51853611,-98.73048333,1,1
48,193,6,30,20,26,2,7,0,0,3,3,0,12,1,2,1,1,2,70,1,1,2,1,0,0,1,1,0,0,20,39,20,48,21,36,0,0,0,0,1,3,0,481367,0,2009,102,SR-22,FM1602,0000000,31.75232778,-97.9529,2,1
48,325,6,11,16,0,1,1,0,0,6,4,0,1,0,2,1,1,2,60,1,1,2,1,0,0,1,1,0,0,16,13,16,37,16,48,0,0,0,0,1,5,0,481368,0,2009,0,4801,480,0000000,29.37413333,-98.81695556,1,1
48,375,6,30,16,15,2,2,0,0,3,3,0,12,2,1,1,1,2,70,1,3,2,1,0,0,1,1,0,0,16,28,16,50,17,17,0,0,0,0,1,3,0,481369,0,2009,74,SR-136,99999999999999999999,0000000,35.51878056,-101.6426333,2,1
48,201,7,1,19,18,1,1,0,1,11,7,0,30,0,1,4,3,3,45,1,1,1,1,0,0,1,1,0,0,19,32,19,42,20,19,0,0,0,0,1,4,0,481370,0,2009,460,I-45,99999999999999999999,0000000,30.05941944,-95.43366111,1,1
48,231,7,1,13,0,1,1,0,0,6,4,0,22,0,1,4,1,2,35,1,1,8,1,0,0,1,1,0,0,88,88,88,88,88,88,0,0,0,0,1,4,0,481371,0,2009,0,1006,99999999999999999999,0000000,33.29138333,-96.11393333,1,1
48,13,7,2,17,7,2,2,0,0,4,8,0,12,5,2,1,1,2,40,1,3,2,1,20,3,1,1,0,0,17,9,17,23,18,4,0,0,0,0,1,5,0,481372,1290,2009,70,FM140,CORLENA,0000000,28.85615833,-98.70271667,2,1
48,141,7,2,0,51,2,3,0,1,12,7,0,12,6,2,1,2,9,45,1,1,2,9,3,3,3,1,0,0,0,52,0,55,1,37,0,0,0,0,1,5,0,481373,2190,2009,110,US-54,BU54,0000000,31.85253611,-106.4396889,2,1
48,143,7,2,22,31,3,8,0,0,3,2,0,12,2,1,1,1,2,65,1,2,2,1,0,0,2,1,0,0,22,35,23,2,99,99,0,0,0,0,2,5,0,481374,0,2009,259,US-281,99999999999999999999,0000000,32.16901944,-98.15519167,3,1
48,201,7,2,13,55,2,2,0,0,14,8,0,12,6,2,1,5,5,55,1,1,2,1,0,0,1,1,0,0,14,4,14,42,16,7,0,0,0,0,1,5,0,481375,0,2009,119,FM2920,INVERNESSCROSSING,0000000,30.07933611,-95.56159722,2,1
48,401,7,2,4,20,1,1,0,0,3,2,0,1,0,1,4,1,2,65,1,1,2,1,0,0,2,1,0,0,88,88,88,88,88,88,0,0,0,0,1,5,1,481376,0,2009,70,US-79,99999999999999999999,0000000,32.15019722,-94.70039167,1,1
48,99,7,3,12,40,2,3,0,0,3,2,0,1,0,3,1,1,2,70,1,3,2,1,20,3,1,1,0,0,88,88,88,88,88,88,0,0,0,0,1,6,0,481377,0,2009,18,US-84,130,0000000,31.44181667,-97.87200556,2,1
48,231,7,3,12,43,1,1,0,0,4,8,0,42,0,1,4,1,2,65,2,2,2,1,0,0,1,1,0,0,88,88,88,88,88,88,0,0,0,0,1,6,0,481378,0,2009,8,FM904,99999999999999999999,0000000,33.37178889,-95.85891944,1,1
48,279,7,3,3,47,1,1,0,0,4,8,0,1,0,1,4,1,2,65,1,1,2,1,0,0,2,1,0,0,88,88,88,88,88,88,0,0,0,0,1,6,1,481379,0,2009,65,FM168,99999999999999999999,0000000,34.08581944,-102.1351083,1,1
48,355,7,3,21,51,1,2,1,0,16,5,0,8,0,1,1,5,4,35,1,1,2,1,0,0,3,1,0,0,21,52,21,56,22,8,0,0,0,0,1,6,0,481380,1550,2009,0,LEOPARD,99999999999999999999,0000000,27.79759444,-97.47165833,1,1
48,401,7,3,11,56,1,1,0,0,4,8,0,42,0,1,4,1,2,60,2,1,2,1,0,0,1,1,0,0,88,88,88,88,88,88,0,0,0,0,1,6,1,481381,0,2009,128,FM1716,99999999999999999999,0000000,32.35278333,-94.65165556,1,1
48,29,7,4,18,28,5,9,0,1,11,1,0,12,7,1,1,2,2,70,1,1,2,1,0,0,1,1,0,0,18,33,18,40,20,4,0,0,0,0,1,7,1,481382,6090,2009,500,I-410,99999999999999999999,0000000,29.32016111,-98.55376944,5,1
48,61,7,4,6,46,1,1,0,1,13,8,0,1,0,1,4,1,2,50,2,2,2,5,0,0,1,1,0,1,88,88,88,88,88,88,0,0,0,0,1,7,0,481383,940,2009,73,FM511,99999999999999999999,0000000,25.97892222,-97.44018056,1,1
48,63,7,4,21,39,2,5,0,0,3,3,0,12,5,2,1,1,2,55,1,1,2,1,20,3,2,1,0,0,21,37,21,50,22,11,0,0,0,0,1,7,0,481384,0,2009,109,SR-11,SL179,0000000,33.00533889,-94.99377222,2,1
48,67,7,4,16,10,2,5,0,1,2,2,0,12,1,1,1,2,2,70,1,2,2,1,0,0,1,1,0,0,88,88,88,88,88,88,0,0,0,0,1,7,0,481385,0,2009,16,US-59,99999999999999999999,0000000,33.19761111,-94.15081111,2,1
48,73,7,4,0,10,1,1,0,0,6,4,0,42,0,1,4,1,2,30,2,1,2,1,0,0,2,1,0,0,0,16,0,39,1,15,0,0,0,0,1,7,0,481386,0,2009,0,2734,99999999999999999999,0000000,31.49548889,-94.96002778,1,1
48,113,7,4,1,40,1,2,1,0,16,5,0,8,0,3,1,2,3,35,1,2,2,1,0,0,2,1,0,0,88,88,88,88,88,88,0,0,0,0,1,7,0,481387,1730,2009,0,HAMPTON,DENNISON,0000000,32.78215,-96.85659722,1,1
48,177,7,4,23,5,1,3,0,1,2,2,0,38,0,1,4,1,3,65,2,2,2,1,0,0,2,1,0,0,23,8,23,14,99,99,0,0,0,0,1,7,1,481388,0,2009,79,US-183,99999999999999999999,0000000,29.55570833,-97.48275833,1,1
48,201,7,4,2,40,1,1,0,0,6,4,0,43,0,1,4,2,2,45,1,1,1,1,0,0,2,1,0,0,88,88,88,88,88,88,0,0,0,0,1,7,1,481389,0,2009,0,ALDINEWESTFIELD,99999999999999999999,0000000,30.00906667,-95.37389722,1,1
48,201,7,4,20,25,1,2,1,0,6,4,0,8,0,1,1,1,2,30,1,1,1,1,0,0,5,1,0,0,20,43,20,54,99,99,0,0,0,0,1,7,0,481390,0,2009,0,DEWDROP,99999999999999999999,0000000,29.88312778,-95.6546,1,1
48,291,7,4,10,38,2,3,0,0,3,2,0,1,0,8,1,1,2,50,1,1,2,1,0,0,1,1,0,0,10,39,10,49,11,55,0,0,0,0,1,7,0,481391,1881,2009,270,US-90,99999999999999999999,0000000,30.02748056,-94.59036389,2,1
48,419,7,4,14,25,1,2,0,0,16,5,0,32,0,1,4,1,2,30,1,1,2,1,0,0,1,1,0,0,14,25,14,37,99,99,0,0,0,0,1,7,0,481392,6940,2009,0,ROSEHILL,99999999999999999999,0000000,31.9133,-94.39703056,1,1
48,423,7,4,21,35,1,3,2,0,3,3,0,8,0,1,1,5,2,60,1,2,2,1,0,0,2,1,0,0,21,39,21,48,22,11,0,0,0,0,1,7,0,481393,0,2009,117,SR-31,99999999999999999999,0000000,32.34824444,-95.26075556,1,1
48,15,7,5,13,27,1,5,0,1,1,1,0,1,0,1,3,3,2,70,1,1,2,1,0,0,1,1,0,0,13,27,13,36,14,12,0,0,0,0,2,1,1,481394,0,2009,150,I-10,99999999999999999999,0000000,29.76991944,-96.046975,1,1
48,39,7,5,2,17,1,5,0,0,16,5,0,42,0,1,5,1,2,30,2,1,2,1,0,0,2,1,0,0,3,0,3,33,4,18,0,0,0,0,1,1,0,481395,3537,2009,0,STEPHENFAUSTIN,99999999999999999999,0000000,28.974975,-95.48901389,1,1
48,97,7,5,14,26,9,23,0,1,1,1,0,12,1,1,1,3,2,70,1,1,1,2,0,0,1,2,0,1,14,27,14,34,15,13,0,0,0,0,2,1,0,481396,7112,2009,83,I-35,99999999999999999999,0000000,33.5429,-97.16592778,9,2
48,141,7,5,23,12,2,2,0,0,14,3,0,12,99,2,1,1,4,55,1,1,2,1,20,3,3,1,0,0,23,27,23,52,88,88,0,0,0,0,1,1,1,481397,7209,2009,30,SR-20,HOLGUIN,0000000,31.95470556,-106.6033389,2,1
48,201,7,5,5,40,2,4,0,0,6,4,0,12,1,1,1,3,3,60,1,1,1,1,0,0,2,1,0,0,6,1,6,15,6,36,0,0,0,0,1,1,2,481398,0,2009,0,SAMHOUSTON,99999999999999999999,0000000,29.85160278,-95.18748611,2,1
48,201,7,5,21,35,1,1,0,1,1,1,0,25,0,13,8,6,1,65,1,2,1,1,0,0,3,1,0,0,21,37,21,40,22,5,0,0,0,0,1,1,0,481399,0,2009,464,I-45,99999999999999999999,0000000,30.074125,-95.43610556,1,1
48,281,7,5,3,15,1,4,0,0,4,8,0,42,0,1,4,1,2,60,2,2,2,1,0,0,2,1,0,0,3,33,3,51,5,20,0,0,0,0,1,1,0,481400,0,2009,166,FM580,99999999999999999999,0000000,31.20659722,-98.02304444,1,1
48,321,7,5,0,20,1,2,0,0,6,4,0,32,0,1,4,1,2,30,1,1,2,1,0,0,2,1,0,0,88,88,88,88,88,88,0,0,0,0,2,1,1,481401,6231,2009,0,201,99999999999999999999,0000000,28.78124722,-95.62987222,1,1
48,403,7,5,3,30,1,1,0,0,4,8,0,1,0,1,4,1,2,55,2,2,2,1,0,0,2,1,0,0,3,34,3,44,5,0,0,0,0,0,1,1,1,481402,0,2009,25,FM1,99999999999999999999,0000000,31.32087778,-93.9721,1,1
48,423,7,6,23,38,1,2,1,1,13,8,0,8,0,1,1,2,9,45,1,1,2,1,0,0,3,1,0,0,23,41,23,41,0,4,0,0,0,0,1,2,1,481403,7070,2009,99999,SP147,99999999999999999999,0000000,32.35951389,-95.31252778,1,1
48,439,7,5,23,38,1,1,0,0,16,5,0,33,0,2,4,1,2,40,1,1,1,1,0,0,3,1,0,0,88,88,88,88,88,88,0,0,0,0,1,1,0,481404,7258,2009,0,RUFESNOW,FAIROAKS,0000000,32.88466111,-97.237825,1,1
48,201,7,6,21,6,2,4,0,1,12,7,0,12,4,2,1,4,2,45,1,1,1,1,3,3,3,1,0,0,21,6,21,25,22,0,0,0,0,0,1,2,0,481405,0,2009,85,US-59,HOPPER,0000000,29.87954722,-95.325275,2,1