STATE,COUNTY,MONTH,DAY,HOUR,MINUTE,VE_TOTAL,PERSONS,PEDS,NHS,ROAD_FNC,ROUTE,SP_JUR,HARM_EV,MAN_COLL,REL_JUNC,REL_ROAD,TRAF_FLO,NO_LANES,SP_LIMIT,ALIGNMNT,PROFILE,PAVE_TYP,SUR_COND,TRA_CONT,T_CONT_F,LGT_COND,WEATHER1,WEATHER2,WRK_ZONE,NOT_HOUR,NOT_MIN,ARR_HOUR,ARR_MIN,HOSP_HR,HOSP_MN,SCH_BUS,CF1,CF2,CF3,FATALS,DAY_WEEK,DRUNK_DR,ST_CASE,CITY,YEAR,MILEPT,TWAY_ID,TWAY_ID2,RAIL,LATITUDE,LONGITUD,VE_FORMS,WEATHER
48,329,7,6,6,38,2,4,0,0,4,8,0,12,1,8,1,1,4,70,1,1,2,1,0,0,4,1,0,0,6,40,6,54,7,21,0,0,0,0,2,2,0,481406,0,2009,86,FM1788,99999999999999999999,0000000,31.95603889,-102.2476861,2,1
48,423,7,6,7,10,1,2,0,0,5,8,0,42,0,3,4,1,2,40,2,1,2,2,0,0,1,2,0,0,88,88,88,88,88,88,0,0,0,0,1,2,0,481407,0,2009,97,FM15,260,0000000,32.195425,-94.99663333,1,2
48,201,7,3,7,15,2,2,0,0,16,7,0,14,1,1,7,4,3,45,1,1,1,1,0,0,1,1,0,0,7,13,7,20,8,26,0,19,0,0,1,6,0,481408,3280,2009,0,SAMHOUSTON,99999999999999999999,0000000,29.93882778,-95.33305833,1,1
48,29,7,7,22,45,1,1,0,0,16,5,0,33,0,1,3,2,3,99,1,1,2,1,0,0,3,1,0,0,22,49,22,52,88,88,0,0,0,0,1,3,1,481409,6090,2009,0,ALAMO,99999999999999999999,0000000,29.42088056,-98.48800278,1,1
48,215,7,7,12,50,5,7,0,0,14,8,0,12,1,2,1,1,4,45,1,1,2,1,3,3,1,1,0,0,12,51,12,59,13,23,0,0,0,0,1,3,0,481411,4650,2009,19,FM495,GOLD,0000000,26.23115556,-98.33493889,5,1
48,61,7,8,2,11,1,2,0,0,16,5,0,42,0,1,4,1,2,35,1,1,2,1,0,0,2,1,0,0,2,11,2,18,2,41,0,0,0,0,1,4,1,481412,940,2009,0,COFFEEPORT,99999999999999999999,0000000,25.94695833,-97.48151667,1,1
48,141,7,8,19,37,2,2,0,1,13,3,0,12,4,2,1,5,4,40,1,1,2,1,3,3,1,1,0,0,19,38,19,48,20,9,0,0,0,0,1,4,0,481413,2190,2009,282,SR-20,MCCARTHY,0000000,31.73375278,-106.3675333,2,1
48,213,7,8,18,35,1,1,0,0,6,4,0,31,0,8,4,1,2,35,1,1,2,1,0,0,1,1,0,0,18,38,18,54,19,25,0,0,0,0,1,4,0,481414,0,2009,0,4528,99999999999999999999,0000000,32.04478611,-95.75858611,1,1
48,245,7,8,13,30,2,1,0,0,16,5,0,14,1,1,7,1,2,30,1,1,2,1,0,0,1,1,0,0,13,31,13,36,13,58,0,0,0,0,1,4,0,481415,490,2009,0,DETROIT,99999999999999999999,0000000,30.12095556,-94.12881111,1,1
48,375,7,8,3,48,2,3,0,1,11,1,0,12,2,1,1,3,3,50,2,2,2,1,0,0,3,1,0,1,3,56,3,59,4,32,0,0,0,0,1,4,0,481416,150,2009,1,I-27,99999999999999999999,0000000,35.18455278,-101.8382333,2,1
48,477,7,8,8,42,2,2,0,0,3,8,0,12,4,2,1,1,2,70,1,1,2,1,20,3,1,1,0,0,8,44,8,49,9,14,0,0,0,0,1,4,0,481417,0,2009,84,FM50,FM2621,0000000,30.24923333,-96.36374444,2,1
48,281,7,9,3,25,1,1,0,1,2,2,0,1,0,1,5,1,4,65,2,2,2,1,0,0,2,1,0,0,88,88,88,88,88,88,0,0,0,0,1,5,0,481418,0,2009,222,US-183,99999999999999999999,0000000,31.10914167,-98.24078611,1,1
48,373,7,9,4,39,1,1,0,0,14,2,0,33,0,1,4,1,4,55,2,2,2,1,0,0,3,1,0,0,88,88,88,88,88,88,0,0,0,0,1,5,0,481419,4020,2009,5,US-146,99999999999999999999,0000000,30.70430833,-94.92979167,1,1
48,407,7,9,7,27,1,1,0,0,3,3,0,32,0,8,4,1,2,55,1,1,2,1,0,0,1,1,0,0,7,33,7,38,99,99,0,0,0,0,1,5,0,481420,1428,2009,156,SR-150,99999999999999999999,0000000,30.58225,-95.13718056,1,1
48,453,7,9,2,55,2,2,0,0,16,5,0,12,5,2,1,1,4,40,1,1,2,1,3,3,3,1,0,0,3,9,3,17,3,33,0,0,0,0,1,5,1,481421,330,2009,0,SPRINGDALE,51,0000000,30.29370278,-97.67791944,2,1
48,23,7,10,12,20,2,3,0,1,2,3,0,12,8,1,1,1,2,70,1,3,2,1,0,0,1,1,0,0,12,27,12,35,13,19,0,0,0,0,1,6,0,481422,0,2009,67,SR-114,99999999999999999999,0000000,33.53475833,-99.16290833,2,1
48,29,7,10,13,45,1,1,0,0,16,5,0,43,0,1,4,1,2,30,2,1,2,1,0,0,1,1,0,0,13,47,13,52,14,17,0,0,0,0,1,6,0,481423,6090,2009,0,LARKIA,99999999999999999999,0000000,29.33786389,-98.54673333,1,1
48,93,7,10,8,45,2,3,0,0,3,3,0,12,8,1,1,1,2,70,2,2,2,1,0,0,1,1,0,0,88,88,88,88,88,88,0,0,0,0,1,6,0,481424,0,2009,182,SR-36,99999999999999999999,0000000,31.83950278,-98.29296111,2,1
48,143,7,10,19,12,2,2,0,1,2,2,0,12,3,1,1,1,2,70,1,1,2,1,0,0,1,1,0,0,19,17,19,24,20,5,0,0,0,0,1,6,1,481425,0,2009,99,US-67,99999999999999999999,0000000,32.1698,-98.06237778,2,1
48,167,7,10,10,45,2,3,0,1,11,1,0,14,1,1,2,3,3,65,1,1,1,1,0,0,1,1,0,0,10,48,11,12,11,52,0,0,0,0,1,6,0,481426,3850,2009,68,I-45,99999999999999999999,0000000,29.38501667,-95.01541944,1,1
48,257,7,10,5,10,1,2,1,0,4,8,0,8,0,1,1,1,2,55,2,1,2,1,0,0,3,1,0,0,88,88,88,88,88,88,0,0,0,0,1,6,0,481427,0,2009,149,FM429,99999999999999999999,0000000,32.58008889,-96.128825,1,1
48,339,7,10,11,5,1,2,0,1,2,3,0,26,0,3,4,2,6,60,1,1,1,1,3,3,1,1,0,0,11,10,11,17,11,50,0,0,0,0,2,6,0,481428,0,2009,135,SR-105,MARINA,0000000,30.35991667,-95.60029167,1,1
48,339,7,10,21,35,2,2,0,1,13,3,0,12,2,1,1,5,6,60,2,1,1,1,0,0,2,1,0,0,21,42,21,59,22,36,0,0,0,0,1,6,0,481429,1510,2009,181,SR-105,99999999999999999999,0000000,30.34200833,-95.52640278,2,1
48,423,7,10,17,50,2,2,0,0,3,3,0,53,0,8,4,1,2,70,1,1,2,1,0,0,1,1,0,0,18,5,18,18,18,48,0,0,0,0,1,6,0,481430,0,2009,192,SR-31,99999999999999999999,0000000,32.36230833,-95.13451944,2,1
48,439,7,10,21,53,2,2,0,1,13,8,0,12,5,8,1,5,4,40,1,1,2,1,0,0,3,1,0,0,88,88,88,88,88,88,0,0,0,0,1,6,0,481431,2450,2009,142,BU287,99999999999999999999,0000000,32.79806111,-97.350025,2,1
48,439,7,10,17,35,5,7,0,1,11,8,0,12,1,1,1,3,4,65,1,3,2,1,0,0,1,1,0,0,17,38,17,43,18,29,0,0,0,0,1,6,0,481432,2450,2009,174,SL820,99999999999999999999,0000000,32.83946944,-97.320725,5,1
48,29,7,11,20,31,1,1,0,0,16,5,0,26,0,6,1,1,2,35,1,1,8,1,70,3,5,1,0,0,20,32,20,37,21,29,0,0,0,0,1,7,1,481433,6090,2009,0,CROCKETT,99999999999999999999,764375X,29.423775,-98.47771111,1,1
48,59,7,11,22,28,1,1,0,0,3,3,0,1,0,1,4,1,2,65,2,1,2,1,0,0,2,1,0,0,88,88,88,88,88,88,0,0,0,0,1,7,0,481434,0,2009,276,SR-279,99999999999999999999,0000000,32.09548889,-99.15588889,1,1
48,113,7,11,20,0,2,5,0,1,13,3,0,12,5,2,1,2,4,45,1,1,2,1,3,3,1,1,0,0,20,3,20,5,20,19,0,0,0,0,1,7,0,481436,3420,2009,110,SR-356,PRIVATE,0000000,32.82744167,-96.97378611,2,1
48,201,7,11,0,54,1,2,0,1,12,3,0,24,0,1,4,3,4,65,1,1,1,1,0,0,2,1,0,0,1,15,1,30,1,59,0,0,0,0,1,7,1,481437,0,2009,123,SR-225,99999999999999999999,0000000,29.70566944,-95.09626389,1,1
48,295,7,11,9,30,1,2,0,0,4,3,0,43,0,1,4,1,2,70,2,2,2,1,0,0,1,1,0,0,9,43,9,49,10,36,0,0,0,0,1,7,0,481438,0,2009,110,SR-15,99999999999999999999,0000000,36.44925,-100.3696333,1,1
48,349,7,11,9,21,5,6,0,0,4,8,0,12,2,1,1,1,2,55,2,2,2,1,0,0,1,1,0,0,9,35,9,59,10,36,0,0,0,0,3,7,0,481439,0,2009,259,FM709,99999999999999999999,0000000,31.969325,-96.50686667,5,1
48,149,7,12,20,0,1,1,0,0,5,8,0,1,0,1,1,1,2,60,1,1,2,1,0,0,1,1,0,0,88,88,88,88,88,88,0,0,0,0,1,1,0,481440,0,2009,15,FM448,99999999999999999999,0000000,30.03561944,-96.99918611,1,1
48,451,7,12,2,4,1,3,0,1,2,2,0,35,0,1,4,1,2,65,1,1,2,1,0,0,2,1,0,0,2,5,2,12,2,28,0,0,0,0,1,1,1,481441,0,2009,12,US-277,99999999999999999999,0000000,31.37515278,-100.4335056,1,1
48,67,7,13,9,30,2,3,0,1,13,2,0,12,5,2,1,2,4,50,1,1,2,1,3,3,1,1,0,0,9,31,9,35,9,59,0,0,0,0,1,2,0,481442,310,2009,132,US-59,EMMALENA,0000000,33.11478333,-94.18229444,2,1
48,89,7,13,7,50,1,1,0,0,4,8,0,38,0,1,5,1,2,65,1,1,2,1,0,0,1,1,0,0,7,53,7,57,99,99,0,0,0,0,1,2,0,481443,0,2009,59,FM3013,99999999999999999999,0000000,29.52014444,-96.32173056,1,1
48,97,7,13,19,5,1,1,0,0,6,4,0,42,0,1,5,1,2,45,1,1,2,1,0,0,1,1,0,0,88,88,88,88,88,88,0,0,0,0,1,2,1,481444,0,2009,0,132,99999999999999999999,0000000,33.68599722,-96.94473333,1,1
48,201,7,13,6,15,1,1,0,1,12,7,0,27,0,3,5,4,2,45,1,2,1,1,20,3,2,1,0,0,88,88,88,88,88,88,0,0,0,0,1,2,1,481445,3890,2009,31,SR146,MCCABE,0000000,29.63026667,-95.03259722,1,1
48,245,7,13,15,47,1,1,0,1,12,2,0,1,0,1,1,3,3,65,1,1,2,1,0,0,1,1,0,0,15,49,15,53,16,12,0,0,0,0,1,2,0,481446,490,2009,30,US-69,99999999999999999999,0000000,30.11438611,-94.14240278,1,1
48,19,7,14,15,0,2,6,0,0,3,3,0,12,5,2,1,5,2,60,1,1,2,1,20,3,1,1,0,0,15,2,15,16,16,24,0,0,0,0,1,3,0,481447,0,2009,130,SR-16,SR-46,0000000,29.71258056,-98.89,2,1
48,213,7,14,12,20,2,2,0,0,4,3,0,12,5,1,1,1,2,60,2,1,2,1,0,0,1,1,0,0,12,23,12,30,99,99,0,0,0,0,1,3,0,481448,0,2009,95,SR-198,99999999999999999999,0000000,32.27018889,-96.06642778,2,1
48,231,7,14,12,47,2,2,0,0,14,8,0,12,5,2,1,1,2,30,1,1,2,1,99,9,1,1,0,0,12,55,13,0,13,50,0,0,0,0,1,3,0,481449,2860,2009,191,BU69D,STANFORD,0000000,33.12482778,-96.09861389,2,1
48,439,7,14,12,13,2,4,0,1,11,1,0,12,7,1,1,3,4,60,1,1,1,1,0,0,1,1,0,0,12,13,12,18,12,39,0,0,0,0,1,3,0,481450,260,2009,29,I-20,99999999999999999999,0000000,32.66869722,-97.21597778,2,1
48,189,7,15,6,27,1,1,0,1,1,1,0,24,0,1,4,2,2,70,1,1,1,1,0,0,2,1,0,0,6,46,7,3,7,26,0,0,0,0,1,4,1,481452,0,2009,105,I-27,99999999999999999999,0000000,33.98101111,-101.8538083,1,1
48,339,7,15,15,35,1,3,0,1,2,2,0,26,0,1,3,3,2,55,1,1,1,1,0,0,1,1,0,1,15,36,15,40,16,38,0,0,0,0,1,4,0,481453,6536,2009,33,US-59,99999999999999999999,0000000,30.23118333,-95.16534722,1,1
48,365,7,15,1,2,1,1,0,0,5,8,0,27,0,1,4,1,2,55,2,2,2,1,0,0,2,1,0,0,88,88,88,88,88,88,0,0,0,0,1,4,1,481454,0,2009,38,FM1971,99999999999999999999,0000000,32.04716389,-94.47753889,1,1
48,375,7,15,21,15,1,2,1,1,13,2,0,8,0,1,1,1,2,35,1,1,2,1,0,0,3,1,0,0,21,24,21,25,99,99,0,0,0,0,1,4,0,481455,150,2009,965,US-60,99999999999999999999,0000000,35.22204167,-101.8214167,1,1
48,91,7,16,19,20,1,1,0,0,6,4,0,1,0,1,4,1,2,35,1,2,5,1,0,0,1,1,0,0,88,88,88,88,88,88,0,0,0,0,1,5,1,481456,0,2009,0,RUST,99999999999999999999,0000000,29.87812778,-98.37579722,1,1
48,189,7,16,3,57,1,2,0,0,14,8,0,32,0,1,3,2,2,65,2,1,2,1,0,0,3,1,0,0,88,88,88,88,88,88,0,0,0,0,1,5,1,481457,5380,2009,49,BI27U,99999999999999999999,0000000,34.16828889,-101.7074194,1,1
48,201,7,16,0,49,2,3,0,0,16,5,0,12,5,2,1,2,2,60,1,1,1,1,3,3,2,1,0,0,0,51,0,57,1,26,0,0,0,0,1,5,1,481458,3280,2009,159,BELTWAY8,WILSON,0000000,29.93420833,-95.2494,2,1
48,375,7,16,7,18,2,2,0,0,4,8,0,27,0,1,4,1,2,70,2,1,2,1,0,0,1,1,0,0,88,88,88,88,88,88,0,0,0,0,1,5,1,481459,0,2009,46,LP335,99999999999999999999,0000000,35.25055278,-101.9245861,2,1
48,439,7,16,5,40,1,2,1,1,11,7,0,8,0,1,1,4,2,40,1,1,1,1,0,0,3,1,0,0,5,43,5,52,6,19,0,0,0,0,1,5,0,481460,2450,2009,301,I-820,99999999999999999999,0000000,32.75050278,-97.21874167,1,1
48,455,7,16,18,50,1,1,0,0,3,8,0,32,0,1,4,1,2,55,2,1,1,1,0,0,1,1,0,0,88,88,88,88,88,88,0,0,0,0,1,5,1,481461,0,2009,14,FM356,99999999999999999999,0000000,30.94098333,-95.35168333,1,1
48,29,7,17,0,58,1,1,0,0,16,5,0,30,0,1,4,1,2,40,1,1,2,1,0,0,3,1,0,0,88,88,88,88,88,88,0,0,0,0,1,6,1,481462,6090,2009,0,GOLIAD,99999999999999999999,0000000,29.33628889,-98.42220278,1,1
48,113,7,17,1,45,3,5,1,1,13,8,0,8,0,1,1,2,4,60,1,2,2,2,0,0,2,2,0,0,88,88,88,88,88,88,0,16,0,0,1,6,0,481463,3420,2009,174,LP12,99999999999999999999,0000000,32.79466667,-96.92083611,3,2
48,121,7,17,2,50,2,2,0,0,16,5,0,12,1,2,1,2,4,40,1,1,1,1,0,0,2,1,0,0,3,0,3,5,3,55,0,0,0,0,1,6,1,481464,2395,2009,0,MORRISS,HAZYMEADOW,0000000,33.05628056,-97.06193333,2,1
48,149,7,17,3,15,2,3,0,1,1,1,0,14,7,1,2,3,2,65,1,2,2,1,0,0,2,1,0,0,3,16,3,21,6,2,0,0,0,0,1,6,0,481465,0,2009,61,I-10,99999999999999999999,0000000,29.69681389,-97.09266111,1,1
48,439,7,17,3,2,1,2,0,1,11,1,0,1,0,13,3,6,1,99,2,1,2,1,0,0,2,1,0,0,88,88,88,88,88,88,0,0,0,0,2,6,1,481466,2450,2009,79,I-35W,99999999999999999999,0000000,32.76540833,-97.31798889,1,1
48,441,7,17,1,54,1,4,0,1,12,2,0,24,0,13,3,6,1,70,2,3,2,2,0,0,3,2,0,0,1,56,2,4,99,99,0,0,0,0,1,6,1,481467,30,2009,45,US-83,99999999999999999999,0000000,32.47626111,-99.77471111,1,2
48,29,7,18,2,17,1,1,0,1,13,8,0,34,0,1,4,1,2,40,1,1,2,1,0,0,3,1,0,0,88,88,88,88,88,88,0,0,0,0,1,7,1,481468,6090,2009,56,SP122,99999999999999999999,0000000,29.34181667,-98.45608333,1,1
48,29,7,18,15,47,2,3,0,0,16,5,0,12,4,1,1,2,2,60,2,1,2,1,0,0,1,1,0,0,15,49,15,50,16,21,0,0,0,0,1,7,1,481469,6090,2009,0,WURZBACH,99999999999999999999,0000000,29.53573333,-98.41280278,2,1
48,339,7,18,14,10,1,1,0,0,4,8,0,38,0,1,5,1,2,60,2,1,2,1,0,0,1,1,0,0,88,88,88,88,88,88,0,0,0,0,1,7,0,481470,0,2009,17,FM1791,99999999999999999999,0000000,30.55634722,-95.74713611,1,1
48,339,7,18,21,55,2,3,0,1,13,3,0,12,4,2,1,1,2,55,1,1,2,1,0,0,2,1,0,0,21,56,22,4,22,20,0,0,0,0,1,7,2,481471,1510,2009,245,SR-105,BARTLE,0000000,30.31941389,-95.42850556,2,1
48,367,7,18,3,0,1,5,0,0,6,4,0,5,0,1,1,1,2,40,1,2,2,1,0,0,2,1,0,0,3,6,3,34,99,99,0,0,0,0,1,7,0,481472,0,2009,0,PRATHER,99999999999999999999,0000000,32.95344444,-97.74920833,1,1
48,61,7,19,6,21,2,3,0,1,12,2,0,12,7,1,1,2,3,65,1,1,2,1,0,0,3,1,0,0,88,88,88,88,88,88,0,0,0,0,1,1,0,481473,940,2009,302,US-77,99999999999999999999,0000000,26.00531667,-97.52996389,2,1
48,71,7,19,13,7,2,2,0,1,13,3,0,12,5,1,1,5,4,60,1,1,1,1,0,0,1,1,0,0,13,17,13,37,13,59,0,0,0,0,1,1,0,481474,9997,2009,69,SR-146,99999999999999999999,0000000,29.78911111,-94.91084722,2,1
48,141,7,19,16,27,1,3,0,1,13,2,0,29,0,1,4,3,2,55,2,1,1,1,0,0,1,1,0,0,16,27,16,40,88,88,0,0,0,0,2,1,0,481475,2190,2009,31,US-85,99999999999999999999,0000000,31.77428333,-106.5207278,1,1
48,201,7,19,2,7,1,1,0,1,11,7,0,40,0,1,4,4,3,45,1,1,1,1,0,0,3,1,0,1,88,88,88,88,88,88,0,0,0,0,1,1,1,481476,7286,2009,13,I-45,99999999999999999999,0000000,29.52613611,-95.12782778,1,1
48,245,7,19,21,35,1,1,0,0,16,5,0,34,0,1,4,1,2,30,2,1,2,1,0,0,3,1,0,0,88,88,88,88,88,88,0,0,0,0,1,1,0,481477,490,2009,0,LANDIS,99999999999999999999,0000000,30.06748889,-94.19519722,1,1
48,367,7,19,19,31,3,4,0,0,14,8,0,12,2,1,1,1,2,45,1,1,2,1,0,0,1,1,0,0,19,43,20,1,20,25,0,0,0,0,1,1,0,481478,7280,2009,180,FM920,99999999999999999999,0000000,32.77666111,-97.80653056,3,1
48,381,7,19,16,6,3,3,0,0,16,5,0,12,8,1,1,5,4,45,1,1,2,1,0,0,1,1,0,0,16,13,16,19,16,31,0,0,0,0,1,1,0,481479,150,2009,0,COULTER,99999999999999999999,0000000,35.16828333,-101.9201917,3,1
48,29,7,20,23,20,2,3,1,1,12,8,0,8,0,1,1,4,2,40,1,1,2,1,0,0,3,1,0,0,88,88,88,88,88,88,0,0,0,0,1,2,0,481480,6090,2009,53,LP1604,99999999999999999999,0000000,29.590975,-98.59940556,2,1
48,455,7,20,8,20,1,1,0,0,3,8,0,3,0,1,5,1,2,55,1,1,2,2,0,0,1,2,0,0,88,88,88,88,88,88,0,0,0,0,1,2,0,481481,0,2009,89,FM356,99999999999999999999,0000000,30.90498333,-95.2394,1,2
48,27,7,22,99,99,1,2,0,0,16,5,0,33,0,1,4,1,2,30,1,1,2,1,0,0,2,1,0,0,9,5,9,8,9,48,0,0,0,0,1,4,1,481482,3690,2009,0,REGENCY,99999999999999999999,0000000,31.07306944,-97.73775,1,1
48,439,7,22,21,53,1,2,1,0,16,5,0,8,0,1,1,1,4,35,1,1,1,1,0,0,3,1,0,0,88,88,88,88,88,88,0,0,0,0,1,4,0,481483,2990,2009,0,BROADWAY,99999999999999999999,0000000,32.80964444,-97.269175,1,1
48,85,7,24,23,7,1,4,1,1,13,2,0,9,0,1,1,1,6,40,1,1,1,1,0,0,2,1,0,0,23,7,23,14,23,39,0,0,0,0,1,6,0,481484,4230,2009,99,US-380,99999999999999999999,0000000,33.21856111,-96.75303611,1,1
48,105,7,24,13,30,1,2,0,1,1,1,0,1,0,1,3,2,2,80,1,1,2,1,0,0,1,1,0,1,13,44,14,28,15,0,0,0,0,0,1,6,0,481485,0,2009,387,I-10,99999999999999999999,0000000,30.68061111,-101.3484806,1,1
48,201,7,24,13,37,2,2,0,1,12,2,0,12,2,1,1,3,3,65,1,1,1,1,0,0,1,1,0,0,13,52,14,9,99,99,0,0,0,0,1,6,0,481486,3320,2009,26,US-59,99999999999999999999,0000000,30.01669722,-95.26256667,2,1
48,157,7,24,18,25,2,7,0,1,11,1,0,12,7,1,1,3,3,65,1,1,1,1,0,0,1,1,0,0,18,26,18,30,19,2,0,0,0,0,1,6,0,481487,3580,2009,9,I-10,99999999999999999999,0000000,29.77739722,-95.84082222,2,1
48,251,7,24,21,42,1,2,1,1,11,7,0,9,0,1,1,3,2,50,1,1,2,1,0,0,2,1,0,0,21,45,21,57,88,88,0,0,0,0,1,6,0,481488,1030,2009,204,I-35,99999999999999999999,0000000,32.51390556,-97.30234722,1,1
48,451,7,25,20,30,1,1,0,0,6,4,0,42,0,4,4,1,2,30,2,1,2,1,0,0,1,1,0,0,88,88,88,88,88,88,0,20,0,0,1,7,1,481489,0,2009,0,TWINBUTTESMARINA,99999999999999999999,0000000,,,1,1
48,29,7,26,22,40,3,6,0,0,16,5,0,12,5,2,1,1,4,35,1,1,2,1,3,3,3,1,0,0,22,41,22,50,23,15,0,0,0,0,1,1,1,481490,6090,2009,0,STCLOUD,SUNSHINE,0000000,29.47331944,-98.548175,3,1
48,113,7,26,21,20,1,1,0,0,16,5,0,42,0,1,3,2,4,40,2,1,1,2,0,0,3,2,0,0,99,99,21,23,21,52,0,0,0,0,1,1,0,481491,2590,2009,0,DUCKCREEK,99999999999999999999,0000000,32.84826111,-96.60500278,1,2
48,439,7,26,16,1,3,7,0,0,4,8,0,12,2,1,1,1,2,60,1,1,2,1,0,0,1,1,0,0,16,11,16,24,16,53,0,14,0,0,1,1,0,481492,364,2009,24,FM730,99999999999999999999,0000000,32.95876111,-97.54354167,3,1
48,453,7,26,18,21,1,1,0,0,3,3,0,34,0,1,5,4,2,65,2,2,1,9,0,0,9,9,0,0,88,88,88,88,88,88,0,0,0,0,1,1,1,481493,330,2009,259,SR-45,99999999999999999999,0000000,30.17271667,-97.88841944,1,9
48,487,7,26,15,10,1,2,0,1,13,2,0,52,0,1,3,2,4,70,1,3,1,1,0,0,1,1,0,0,15,19,15,27,15,45,0,0,0,0,1,1,0,481494,7180,2009,238,US-70,99999999999999999999,0000000,34.15840833,-99.27070278,1,1
48,29,7,27,8,46,2,5,0,1,11,1,0,12,1,1,2,2,4,65,1,1,2,1,0,0,1,1,0,0,8,48,9,3,10,3,0,0,0,0,1,2,0,481495,6090,2009,129,I-37,99999999999999999999,0000000,29.299275,-98.39527222,2,1
48,29,7,27,23,50,1,1,0,0,16,5,0,33,0,1,4,5,2,30,1,1,2,1,0,0,3,1,0,0,88,88,88,88,88,88,0,0,0,0,1,2,1,481496,6090,2009,0,NACOGDOCHES,99999999999999999999,0000000,29.50029444,-98.46382778,1,1
48,309,7,28,0,5,1,1,0,0,16,5,0,1,0,1,1,2,4,30,2,1,2,1,0,0,3,1,0,0,88,88,88,88,88,88,0,0,0,0,1,3,1,481497,7210,2009,0,BOSQUE,99999999999999999999,0000000,31.54593611,-97.16783056,1,1
48,439,7,28,2,36,1,1,0,0,16,5,0,53,0,1,4,1,2,30,2,2,1,1,0,0,6,1,0,0,88,88,88,88,88,88,0,0,0,0,1,3,0,481498,9997,2009,0,RENFRO,99999999999999999999,0000000,32.55507222,-97.33993333,1,1
48,413,7,30,21,30,1,5,0,0,4,2,0,52,0,1,4,1,4,65,1,1,2,1,0,0,2,1,0,0,21,34,21,58,22,25,0,0,0,0,1,5,0,481499,0,2009,228,US-190,99999999999999999999,0000000,30.88369722,-100.3930556,1,1
48,479,4,12,22,34,1,2,1,1,13,2,0,8,0,1,1,4,2,30,1,1,2,1,0,0,3,1,0,0,22,34,22,38,22,56,0,0,0,0,1,1,0,481501,3899,2009,9,US-83,99999999999999999999,0000000,27.50567222,-99.49171667,1,1
48,29,6,6,22,41,1,2,1,1,11,7,0,8,0,1,1,4,2,45,1,1,2,1,0,0,2,1,0,0,88,88,88,88,88,88,0,0,0,0,1,7,0,481502,6090,2009,308,I-35,99999999999999999999,0000000,29.4813,-98.40321667,1,1
48,141,6,6,3,48,1,2,0,0,16,5,0,33,0,1,2,3,2,35,2,1,2,1,0,0,3,1,0,0,99,99,3,52,4,25,0,0,0,0,1,7,0,481503,2190,2009,0,MONTWOOD,99999999999999999999,0000000,31.76215278,-106.2745083,1,1
48,143,6,11,17,5,2,2,0,1,13,2,0,12,2,1,1,1,2,45,1,1,2,1,0,0,1,1,0,0,17,12,17,18,17,27,0,0,0,0,1,5,0,481504,6590,2009,209,US-281,99999999999999999999,0000000,32.23188056,-98.19300556,2,1
48,39,6,17,2,59,1,2,1,0,16,5,0,8,0,1,1,1,2,30,1,1,1,1,0,0,3,1,0,0,2,59,3,8,99,99,0,0,0,0,1,4,0,481505,2490,2009,0,OLDRIVER,99999999999999999999,0000000,28.96496389,-95.36915,1,1
48,141,6,19,7,40,3,3,0,0,16,5,0,12,2,1,1,1,4,45,2,1,2,1,0,0,1,1,0,0,7,43,7,52,8,33,0,0,0,0,1,6,0,481506,2190,2009,0,WALTERJONES,99999999999999999999,0000000,31.82716111,-106.3677944,3,1
48,39,6,23,18,11,2,4,0,0,4,8,0,12,2,1,1,1,2,60,1,1,2,1,0,0,1,1,0,0,18,19,18,33,19,39,0,0,0,0,1,3,0,481507,0,2009,45,FM1462,99999999999999999999,0000000,29.35211944,-95.38884167,2,1
48,201,6,25,15,37,3,4,0,1,12,3,0,12,5,1,1,3,3,65,1,1,1,2,0,0,1,1,0,0,15,48,16,6,16,21,0,0,0,0,1,5,0,481508,5230,2009,35,SR-225,99999999999999999999,0000000,29.71050556,-95.217225,3,1
48,55,6,26,11,40,2,2,0,1,11,1,0,12,99,1,1,3,2,70,1,3,2,1,0,0,1,1,0,1,88,88,88,88,88,88,0,0,0,0,1,6,0,481509,4170,2009,36,I-10,99999999999999999999,0000000,29.65235833,-97.59272222,2,1
48,147,6,30,21,40,1,3,1,0,4,8,0,8,0,1,1,1,2,60,1,1,2,1,0,0,2,1,0,0,88,88,88,88,88,88,0,0,0,0,1,3,0,481510,0,2009,71,FM898,99999999999999999999,0000000,33.6178,-96.21332778,1,1
48,113,7,10,8,17,2,3,0,0,16,5,0,12,1,8,1,2,4,40,1,1,1,1,0,0,1,1,0,0,88,88,88,88,88,88,0,0,0,0,1,6,0,481511,2800,2009,0,TRINITY,99999999999999999999,0000000,32.79843889,-97.00610278,2,1
48,245,7,10,10,57,2,4,0,0,16,5,0,12,5,2,1,1,2,30,1,1,1,1,20,3,1,1,0,0,11,2,11,6,11,45,0,0,0,0,1,6,0,481512,5430,2009,0,10TH,6TH,0000000,29.90011111,-93.91718333,2,1