STATE,COUNTY,MONTH,DAY,HOUR,MINUTE,VE_TOTAL,PERSONS,PEDS,NHS,ROAD_FNC,ROUTE,SP_JUR,HARM_EV,MAN_COLL,REL_JUNC,REL_ROAD,TRAF_FLO,NO_LANES,SP_LIMIT,ALIGNMNT,PROFILE,PAVE_TYP,SUR_COND,TRA_CONT,T_CONT_F,LGT_COND,WEATHER1,WEATHER2,WRK_ZONE,NOT_HOUR,NOT_MIN,ARR_HOUR,ARR_MIN,HOSP_HR,HOSP_MN,SCH_BUS,CF1,CF2,CF3,FATALS,DAY_WEEK,DRUNK_DR,ST_CASE,CITY,YEAR,MILEPT,TWAY_ID,TWAY_ID2,RAIL,LATITUDE,LONGITUD,VE_FORMS,WEATHER
48,349,7,11,23,0,1,1,0,1,1,1,0,27,0,5,10,6,1,55,2,2,2,1,0,0,2,1,0,0,23,35,23,38,0,7,0,0,0,0,1,7,1,481513,5720,2009,303,I-45,99999999999999999999,0000000,32.22140556,-96.48454167,1,1
48,83,7,12,14,40,1,1,0,0,4,3,0,1,0,4,1,1,2,70,1,2,2,1,0,0,1,1,0,0,14,48,15,7,15,30,0,0,0,0,1,1,0,481514,0,2009,59,SR-153,99999999999999999999,0000000,31.86943056,-99.64174722,1,1
48,113,7,16,0,11,2,2,0,1,11,1,0,12,1,1,1,3,3,60,1,1,1,1,0,0,2,1,0,0,88,88,88,88,88,88,0,0,0,0,1,5,1,481515,1730,2009,120,I-45,99999999999999999999,0000000,32.69685278,-96.75164444,2,1
48,85,7,17,8,57,2,4,0,1,2,2,0,12,5,2,1,2,4,65,1,1,1,1,3,3,1,1,0,0,8,58,9,3,9,33,0,0,0,0,2,6,0,481516,2520,2009,11,US-380,DALLAS,0000000,33.21919444,-96.81954722,2,1
48,277,7,21,9,42,1,1,0,1,2,2,0,42,0,1,6,2,4,70,1,1,2,1,0,0,1,1,0,0,88,88,88,88,88,88,0,0,0,0,1,3,0,481518,0,2009,65,US-271,99999999999999999999,0000000,33.77989722,-95.53445,1,1
48,59,7,22,18,20,2,2,0,1,1,1,0,26,0,1,3,3,2,70,1,1,2,1,0,0,1,1,0,0,88,88,88,88,88,88,0,14,0,0,1,4,0,481519,1400,2009,76,I-20,99999999999999999999,0000000,32.41435,-99.503175,2,1
48,497,7,22,20,24,1,2,0,0,6,4,0,38,0,1,5,1,2,40,1,2,2,1,0,0,5,1,0,0,20,27,20,40,99,99,0,0,0,0,1,4,1,481520,0,2009,0,4764,99999999999999999999,0000000,33.02473056,-97.56187778,1,1
48,53,7,23,16,55,2,4,0,1,2,2,0,12,5,2,1,1,4,70,2,2,2,1,20,3,1,1,0,0,16,59,17,23,18,2,0,0,0,0,1,5,0,481521,892,2009,172,US-183,LP308,0000000,30.88889444,-97.92998333,2,1
48,141,7,23,23,33,2,1,0,0,16,5,0,14,99,1,6,2,4,35,2,1,2,2,50,3,3,1,0,0,88,88,88,88,88,88,0,0,0,0,1,5,0,481522,2190,2009,0,MONTWOOD,99999999999999999999,0000000,31.76916389,-106.3129583,1,1
48,323,7,23,7,42,1,3,0,0,5,8,0,1,0,1,1,1,2,55,1,1,2,1,0,0,4,1,0,0,7,46,7,52,99,99,0,0,0,0,1,5,1,481523,0,2009,64,FM1588,99999999999999999999,0000000,28.78172778,-100.4714306,1,1
48,239,7,24,2,15,1,2,0,0,4,8,0,43,0,3,5,1,2,55,1,1,2,1,20,3,3,1,0,0,2,21,2,26,3,25,0,0,0,0,1,6,1,481524,4058,2009,47,FM616,FM1593,0000000,28.84158056,-96.54264722,1,1
48,397,7,24,22,43,3,3,0,1,11,1,0,12,1,1,1,3,3,60,1,1,1,1,0,0,2,1,0,0,22,51,23,1,99,99,0,23,19,0,1,6,0,481525,1730,2009,30,I-30,99999999999999999999,0000000,32.89092222,-96.48768333,3,1
48,61,7,25,1,45,1,2,0,0,14,8,0,29,0,3,4,5,4,50,1,1,2,1,0,0,3,1,0,0,1,50,1,56,2,17,0,0,0,0,1,7,1,481526,940,2009,106,FM1847,HERITAGE,0000000,25.96446944,-97.48565833,1,1
48,85,7,26,2,55,1,1,0,0,6,4,0,32,0,1,4,1,2,35,1,1,2,1,0,0,2,1,0,0,88,88,88,88,88,88,0,0,0,0,1,1,1,481527,0,2009,0,488,99999999999999999999,0000000,33.07783333,-96.44451111,1,1
48,231,7,26,6,29,1,1,0,0,6,4,0,42,0,1,5,1,2,35,2,1,4,1,0,0,2,1,0,0,88,88,88,88,88,88,0,0,0,0,1,1,1,481528,0,2009,0,3214,99999999999999999999,0000000,33.03300556,-95.92298333,1,1
48,439,7,26,6,17,2,2,0,1,11,1,0,12,1,1,1,3,3,60,1,1,1,1,0,0,2,1,0,1,88,88,88,88,88,88,0,0,0,0,1,1,1,481529,260,2009,285,I-30,99999999999999999999,0000000,32.75955278,-97.07663889,2,1
48,167,7,27,15,29,2,4,0,1,13,8,0,12,2,2,1,1,4,55,1,1,1,1,3,3,1,1,0,0,15,43,16,0,99,99,0,0,0,0,1,2,0,481530,2505,2009,12,FM528,SUN MEADOW,0000000,29.48201111,-95.21890833,2,1
48,355,7,27,16,57,2,4,0,0,6,4,0,12,5,2,1,1,2,60,1,1,2,1,20,3,1,1,0,0,16,59,17,7,99,99,0,0,0,0,1,2,0,481531,0,2009,0,69,48,0000000,27.83177222,-97.64875833,2,1
48,113,7,28,19,39,1,2,0,1,11,1,0,25,0,13,8,6,1,60,2,2,1,1,40,3,1,1,0,0,19,42,19,51,99,99,0,0,0,0,1,3,1,481532,387,2009,1,I-20,99999999999999999999,0000000,32.69968611,-96.62653611,1,1
48,373,7,28,16,36,2,2,0,0,3,2,0,12,3,3,1,2,2,60,2,2,2,1,20,3,1,1,0,0,16,44,16,49,99,99,0,0,0,0,1,3,0,481533,0,2009,112,US-190,FM2457,0000000,30.73902778,-95.01124444,2,1
48,373,7,28,15,25,3,5,0,0,4,8,0,12,2,1,1,1,2,55,1,1,2,1,0,0,1,1,0,0,15,32,15,39,99,99,0,14,0,0,2,3,1,481534,0,2009,1,FM62,99999999999999999999,0000000,30.90839167,-94.82572222,3,1
48,201,7,29,3,30,2,2,0,1,1,1,0,25,0,1,3,3,3,50,1,1,1,1,0,0,2,1,0,1,88,88,88,88,88,88,0,14,0,0,1,4,0,481535,0,2009,452,I-10,99999999999999999999,0000000,29.79288611,-95.07791389,2,1
48,439,7,30,2,5,2,4,0,0,16,5,0,12,1,1,1,2,4,35,2,1,1,1,0,0,3,1,0,0,2,10,2,18,2,54,0,0,0,0,1,5,0,481536,2450,2009,0,LONG,99999999999999999999,0000000,32.80488889,-97.35653889,2,1
48,153,7,31,17,42,1,2,1,0,3,2,0,9,0,2,1,2,4,70,1,1,2,1,0,0,1,1,0,0,17,42,17,51,18,11,0,0,0,0,1,6,0,481537,0,2009,43,US-62,191,0000000,33.97819722,-101.2724194,1,1
48,355,7,31,9,6,2,2,0,1,2,3,0,12,5,2,1,2,4,70,1,1,2,1,20,3,1,1,0,0,9,7,9,11,88,88,0,0,0,0,1,6,0,481538,0,2009,65,SR-44,FM1694,0000000,27.78260278,-97.6194,2,1
48,409,6,21,0,15,1,1,0,9,99,3,0,38,0,1,4,1,2,65,1,1,2,1,0,0,2,1,0,0,0,21,0,25,1,35,0,0,0,0,1,1,1,481539,0,2009,99999,SR-359,99999999999999999999,0000000,28.06387778,-97.84629722,1,1
48,339,7,5,13,42,1,1,0,0,4,8,0,42,0,1,4,1,2,50,2,1,2,1,0,0,1,1,0,0,88,88,88,88,88,88,0,0,0,0,1,1,0,481540,0,2009,113,FM1485,99999999999999999999,0000000,30.319025,-95.37805833,1,1
48,39,7,7,22,0,2,4,0,0,16,5,0,12,5,2,1,1,4,35,1,1,1,1,0,0,3,1,0,0,22,1,22,6,22,31,0,0,0,0,2,3,2,481541,1395,2009,0,PLANTATION,PINMONEY,0000000,29.01759722,-95.41628333,2,1
48,13,7,11,22,19,2,4,0,1,1,1,0,12,5,1,1,2,4,65,1,1,2,1,0,0,2,1,0,0,22,54,23,24,23,49,0,0,0,0,2,7,1,481542,0,2009,145,I-37,99999999999999999999,0000000,29.05610833,-98.43253611,2,1
48,201,7,12,0,1,1,2,1,0,6,4,0,8,0,1,2,5,4,45,1,1,2,1,0,0,2,1,0,0,88,88,88,88,88,88,0,0,0,0,1,1,0,481543,0,2009,0,VETERANSMEMORIAL,99999999999999999999,0000000,29.91815,-95.44496667,1,1
48,505,7,16,12,19,4,2,0,1,2,2,0,12,1,1,1,1,1,70,1,2,2,1,50,3,1,1,0,1,12,23,12,31,14,20,0,3,14,0,1,5,0,481544,0,2009,416,US-83,99999999999999999999,0000000,26.81416111,-99.15474444,2,1
48,339,7,17,1,39,1,1,0,0,4,8,0,24,0,1,4,1,2,55,2,1,2,1,0,0,2,1,0,0,88,88,88,88,88,88,0,0,0,0,1,6,1,481545,0,2009,128,FM3083,99999999999999999999,0000000,30.29364444,-95.38452778,1,1
48,423,7,18,15,9,2,3,0,0,3,3,0,12,2,3,11,5,4,60,1,1,2,1,3,3,1,1,0,0,88,88,88,88,88,88,0,0,0,0,1,7,1,481546,0,2009,189,SR-155,1261,0000000,32.23564167,-95.40633889,2,1
48,329,7,19,20,40,2,3,0,1,13,8,0,12,5,2,1,2,3,45,1,1,2,1,3,3,5,1,0,0,20,40,20,44,20,59,0,0,0,0,1,1,0,481547,4560,2009,118,BI20,THOMASON,0000000,31.97841111,-102.1140833,2,1
48,367,7,19,13,15,2,3,0,0,4,3,0,12,2,1,1,1,2,65,1,1,2,1,0,0,1,1,0,0,13,13,13,33,14,0,0,0,0,0,1,1,0,481548,0,2009,93,SR-171,99999999999999999999,0000000,32.65688333,-97.73255556,2,1
48,61,7,20,2,25,1,1,0,0,6,4,1,35,0,1,4,1,2,55,1,1,1,1,0,0,2,1,0,0,88,88,88,88,88,88,0,0,0,0,1,2,1,481549,0,2009,0,OLMITO,99999999999999999999,0000000,26.23136667,-97.50463889,1,1
48,17,7,21,17,18,2,3,0,1,2,2,0,12,5,2,1,2,2,70,1,1,2,1,0,0,1,1,0,0,17,31,17,37,17,51,0,0,0,0,1,3,0,481550,0,2009,62,US-70,143,0000000,34.26835,-102.7929694,2,1
48,61,7,21,10,50,1,11,0,0,4,8,0,1,0,1,1,1,2,55,1,1,2,1,0,0,1,1,0,0,10,57,11,9,11,36,0,0,0,0,1,3,0,481551,0,2009,55,FM1479,99999999999999999999,0000000,26.10246944,-97.74208333,1,1
48,121,7,21,7,26,2,2,0,0,4,8,0,12,5,1,1,1,2,50,2,2,2,2,0,0,1,1,0,0,7,37,7,56,8,31,0,0,0,0,1,3,0,481552,2395,2009,117,FM1171,99999999999999999999,0000000,33.05063333,-97.180725,2,1
48,121,7,23,12,42,2,2,0,0,4,8,0,12,4,1,4,1,2,55,1,2,2,1,0,0,1,1,0,0,12,48,12,56,88,88,0,0,0,0,1,5,0,481553,5001,2009,28,FM720,99999999999999999999,0000000,33.18231667,-96.97721944,2,1
48,473,7,24,17,55,2,4,0,0,3,3,0,12,5,2,1,2,2,65,1,1,2,1,20,3,1,1,0,0,17,57,18,4,19,1,0,0,0,0,1,6,0,481554,0,2009,46,SR-6,FM1736,0000000,30.16507222,-96.066675,2,1
48,157,7,25,17,0,3,5,0,0,3,8,0,54,11,1,1,1,2,60,1,1,2,1,0,0,1,1,0,0,88,88,88,88,88,88,0,14,0,0,1,7,0,481555,0,2009,102,FM521,99999999999999999999,0000000,29.566925,-95.43758889,3,1
48,473,7,25,16,7,1,1,0,0,4,8,0,34,0,1,4,1,2,55,2,1,2,1,40,3,1,1,0,0,16,19,16,38,99,99,0,0,0,0,1,7,0,481556,0,2009,13,FM1489,99999999999999999999,0000000,29.75633056,-95.98222778,1,1
48,339,7,26,12,18,2,3,0,0,4,8,0,12,2,2,1,1,2,60,2,3,2,1,0,0,1,1,0,0,12,21,12,33,13,19,0,0,0,0,1,1,0,481557,0,2009,154,FM3083,TEXACO,0000000,30.270075,-95.35141389,2,1
48,23,7,28,16,5,1,1,0,1,2,2,0,1,0,1,1,1,2,70,1,1,2,1,0,0,1,1,0,0,16,8,16,13,16,35,0,0,0,0,1,3,0,481558,0,2009,105,US-82,99999999999999999999,0000000,33.59556944,-99.30009722,1,1
48,215,7,28,7,4,1,4,0,1,2,2,0,1,0,1,1,2,4,70,1,1,2,1,0,0,1,1,0,0,7,7,7,24,8,9,0,0,0,0,1,3,0,481559,0,2009,150,US-281,99999999999999999999,0000000,26.668975,-98.11662222,1,1
48,13,7,29,11,55,3,3,0,0,3,3,0,12,8,1,1,1,2,70,1,3,2,1,0,0,1,1,0,0,12,15,12,40,99,99,0,0,0,0,1,4,0,481560,0,2009,165,SR-16,99999999999999999999,0000000,28.95363056,-98.56899167,3,1
48,439,7,29,11,30,2,3,0,0,16,5,0,12,5,2,1,2,2,35,1,1,1,1,20,3,1,1,0,0,11,30,11,35,12,26,0,0,0,0,1,4,0,481561,260,2009,0,SOUTHEAST,COLLINS,0000000,32.641325,-97.08830556,2,1
48,201,2,15,18,30,3,9,0,1,11,7,0,12,5,2,1,4,3,45,1,1,2,1,0,0,1,1,0,0,18,31,18,35,19,2,0,0,0,0,1,1,0,481562,3280,2009,38,I-610,SHEPHERD,0000000,29.81316389,-95.41031667,3,1
48,231,7,31,15,38,1,5,0,1,1,1,0,1,0,1,1,3,2,70,1,1,2,1,0,0,1,1,0,0,15,48,16,0,16,42,0,0,0,0,2,6,0,481563,0,2009,24,I-30,99999999999999999999,0000000,32.98742222,-96.25893611,1,1
48,29,4,18,1,0,1,1,0,0,3,2,0,32,0,1,4,2,4,65,1,2,2,1,0,0,2,1,0,0,88,88,88,88,88,88,0,0,0,0,1,7,1,481564,0,2009,132,US-181,99999999999999999999,0000000,29.28591667,-98.34581111,1,1
48,471,4,21,17,40,3,5,0,1,13,2,0,12,5,2,1,2,4,55,1,1,2,1,0,0,1,1,0,0,17,41,17,45,18,14,0,0,0,0,1,3,0,481565,3340,2009,11,US-190,SR-19,0000000,30.71661944,-95.52634167,3,1
48,29,5,14,11,10,1,2,0,0,16,5,0,33,0,1,2,5,4,40,1,1,2,1,0,0,1,1,0,0,11,12,11,17,12,20,0,20,0,0,1,5,0,481566,6090,2009,0,SOUTHCROSS,99999999999999999999,0000000,29.37499167,-98.40873333,1,1
48,29,6,2,16,45,2,2,0,1,13,8,0,12,5,2,1,1,2,55,1,1,2,1,20,3,1,1,0,0,16,46,16,50,17,30,0,0,0,0,1,3,0,481567,0,2009,44,FM1976,GLENHAVEN,0000000,29.50396111,-98.34127778,2,1
48,201,6,6,22,29,1,1,0,1,11,1,0,25,0,5,4,6,2,60,2,3,1,1,0,0,3,1,0,0,22,29,22,39,22,51,0,0,0,0,1,7,0,481568,3280,2009,99999,I-610,99999999999999999999,0000000,,,1,1
48,201,7,6,6,15,1,1,0,0,16,5,0,27,0,1,4,2,4,40,1,1,1,1,0,0,1,1,0,0,88,88,88,88,88,88,0,0,0,0,1,2,0,481570,3280,2009,0,WAYSIDE,99999999999999999999,0000000,29.81114444,-95.2846,1,1
48,291,7,9,16,50,2,3,0,0,3,2,0,12,1,2,1,1,2,55,1,1,2,1,0,0,1,1,0,0,16,55,17,15,17,59,0,0,0,0,1,5,0,481571,1881,2009,264,US-90,SR-61,0000000,30.02880833,-94.59990278,2,1
48,27,7,12,19,30,1,1,0,0,4,8,0,24,0,1,2,1,4,60,2,1,2,1,0,0,1,1,0,0,88,88,88,88,88,88,0,0,0,0,1,1,0,481572,0,2009,125,FM1670,99999999999999999999,0000000,31.02849722,-97.52850556,1,1
48,439,7,12,22,0,3,6,2,1,11,7,0,8,0,1,1,4,2,40,1,1,1,1,0,0,3,1,0,0,22,4,22,8,22,37,0,23,0,0,2,1,0,481573,2450,2009,160,I-30,99999999999999999999,0000000,32.73848889,-97.45011389,3,1
48,51,7,16,14,12,2,3,0,0,3,8,0,12,5,2,1,1,2,70,1,1,2,1,0,0,1,1,0,0,14,21,14,40,15,26,0,0,0,0,1,5,0,481574,0,2009,283,FM60,FM50,0000000,30.53911111,-96.44850833,2,1
48,29,7,19,20,0,1,1,0,0,6,4,0,38,0,1,4,1,2,35,1,1,2,1,0,0,5,1,0,0,20,20,20,30,20,50,0,0,0,0,1,1,0,481575,0,2009,0,SHEPHERD,99999999999999999999,0000000,29.27250278,-98.71955556,1,1
48,297,7,20,16,28,1,9,0,1,1,1,0,1,0,1,2,2,4,70,1,1,2,1,0,0,1,1,0,0,16,31,17,22,18,6,0,0,0,0,1,2,0,481576,0,2009,308,I-37,99999999999999999999,0000000,28.62818889,-98.23733333,1,1
48,171,7,26,14,23,1,5,0,1,2,2,0,38,0,1,4,1,4,70,1,1,2,1,0,0,1,1,0,0,14,25,14,37,15,25,0,0,0,0,1,1,0,481577,0,2009,114,US-290,99999999999999999999,0000000,30.22098056,-98.70202222,1,1
48,287,7,26,17,58,1,2,0,1,2,2,0,32,0,1,4,1,4,70,2,1,2,1,0,0,1,1,0,0,18,5,18,11,19,16,0,0,0,0,1,1,0,481578,0,2009,9,US-290,99999999999999999999,0000000,30.18631111,-97.04893056,1,1
48,287,7,27,15,30,2,2,0,1,2,2,0,12,4,1,1,1,4,70,1,1,2,1,0,0,1,1,0,0,88,88,88,88,88,88,0,0,0,0,1,2,0,481579,0,2009,15,US-290,99999999999999999999,0000000,30.18624722,-96.98851944,2,1
48,21,7,29,15,46,2,2,0,0,3,3,0,12,2,1,2,1,2,65,1,1,2,1,0,0,1,1,0,0,88,88,88,88,88,88,0,0,0,0,2,4,0,481580,0,2009,35,SR-95,99999999999999999999,0000000,30.28827222,-97.34006944,2,1
48,209,7,29,9,25,1,2,0,0,6,4,0,42,0,1,4,1,2,30,1,2,2,1,0,0,1,1,0,0,99,99,9,27,10,16,0,0,0,0,1,4,0,481581,0,2009,0,OAKGROVE,99999999999999999999,0000000,,,1,1
48,53,7,30,15,55,2,4,0,0,3,2,0,12,5,4,1,5,4,70,1,1,2,1,0,0,1,1,0,0,15,59,16,5,16,37,0,0,0,0,1,5,0,481582,0,2009,281,US-281,99999999999999999999,0000000,30.63981389,-98.26075278,2,1
48,453,7,30,5,57,1,2,1,1,12,2,0,8,0,1,1,1,4,60,1,2,2,1,0,0,2,1,0,0,88,88,88,88,88,88,0,0,0,0,1,5,0,481583,0,2009,19,US-290,99999999999999999999,0000000,30.22739167,-97.94350833,1,1
48,201,4,16,15,40,2,3,0,1,13,7,0,12,5,2,1,4,3,45,1,1,1,1,3,3,1,1,0,0,15,41,15,47,16,34,0,0,0,0,1,5,0,481584,3280,2009,140,LP8,KEMPWOOD,0000000,29.82280278,-95.56429722,2,1
48,29,6,24,17,30,1,1,0,1,1,1,0,1,0,1,10,2,2,70,1,1,2,1,0,0,1,1,0,0,17,37,17,45,88,88,0,0,0,0,1,4,0,481585,0,2009,53,I-35,99999999999999999999,0000000,29.26394167,-98.70397778,1,1
48,113,6,24,12,42,3,2,0,1,11,1,0,12,1,1,2,3,4,60,1,1,1,1,0,0,1,1,0,0,12,42,12,49,99,99,0,0,0,0,2,4,0,481586,1190,2009,338,I-35,99999999999999999999,0000000,32.97746389,-96.92631111,2,1
48,29,6,26,14,31,3,4,0,0,4,8,0,12,1,3,1,1,2,65,1,3,2,1,20,3,1,1,0,0,14,38,14,53,16,9,0,0,0,0,1,6,0,481587,6067,2009,46,SL1604,ABBOTT,0000000,29.418125,-98.25699722,3,1
48,355,7,13,11,30,2,2,0,1,13,3,0,12,1,3,1,2,4,55,1,1,1,1,20,3,1,1,0,0,11,30,11,35,11,49,0,0,0,0,1,2,0,481588,1550,2009,29,SR-286,AYERS,0000000,27.70268056,-97.44911667,2,1
48,135,7,16,4,0,2,2,0,0,3,3,0,12,8,1,1,1,2,65,1,1,2,1,0,0,2,1,0,0,4,18,4,41,99,99,0,0,0,0,1,5,2,481589,0,2009,293,SR-158,99999999999999999999,0000000,32.02694722,-102.417175,2,1
48,329,7,19,0,30,1,2,0,0,3,8,0,1,0,1,10,4,1,65,2,1,2,1,0,0,2,1,0,0,88,88,88,88,88,88,0,0,0,0,1,1,1,481590,0,2009,209,BI20E,99999999999999999999,0000000,32.051225,-101.9680167,1,1
48,373,7,19,5,56,2,3,0,0,3,2,0,12,2,2,1,1,2,70,1,1,1,1,0,0,2,5,0,0,6,6,6,22,7,9,0,0,0,0,1,1,1,481591,0,2009,276,US-190,3BRIDGES,0000000,30.71996944,-94.6945,2,5
48,135,7,31,6,40,2,5,0,0,4,3,0,12,5,2,1,2,2,65,1,1,2,2,20,3,2,2,0,0,6,43,6,50,7,33,0,0,0,0,3,6,0,481592,0,2009,129,SR-158,SR-302,0000000,31.93650278,-102.6693833,2,2
48,135,7,31,18,20,2,4,0,0,3,3,0,12,2,1,1,1,2,70,1,1,2,1,0,0,1,1,0,0,18,25,18,48,99,99,0,0,0,0,2,6,0,481593,0,2009,266,SR-158,99999999999999999999,0000000,32.02663333,-102.4188417,2,1
48,439,6,26,2,15,1,1,0,1,11,1,0,1,0,1,4,2,4,60,1,1,2,1,0,0,2,1,0,0,2,23,2,27,2,49,0,0,0,0,1,6,1,481594,2450,2009,219,I-30,99999999999999999999,0000000,32.76000556,-97.18762222,1,1
48,29,8,1,13,8,3,4,0,0,4,8,0,12,2,1,1,1,2,65,2,1,2,1,0,0,1,1,0,0,99,99,99,99,88,88,0,0,0,0,2,7,0,481596,0,2009,70,FM2696,99999999999999999999,0000000,29.67923611,-98.52281111,3,1
48,201,8,1,1,50,2,3,0,0,16,5,0,12,1,3,1,1,2,50,1,1,1,1,3,3,3,1,0,0,1,54,2,6,2,49,0,0,0,0,1,7,1,481597,3280,2009,0,ALMEDA,ALMEDAPLAZA,0000000,29.63425833,-95.41136667,2,1
48,245,8,1,23,54,1,1,0,0,16,5,0,33,0,2,4,1,2,30,1,1,1,1,0,0,3,1,0,0,23,53,0,3,0,22,0,0,0,0,1,7,1,481598,490,2009,0,SERVICELOOP,DANIEL,0000000,30.04138889,-94.175475,1,1
48,257,8,1,14,50,1,6,0,0,6,4,0,42,0,1,4,1,2,35,2,1,2,1,0,0,1,1,0,0,14,55,15,7,99,99,0,0,0,0,1,7,0,481599,0,2009,0,245,99999999999999999999,0000000,32.78588889,-96.27893333,1,1
48,439,8,1,19,5,2,2,0,1,11,1,0,24,0,13,8,6,1,60,2,3,1,1,0,0,1,1,0,0,88,88,88,88,88,88,0,14,0,0,1,7,1,481600,2450,2009,99999,I-35,99999999999999999999,0000000,32.84024444,-97.31453611,2,1
48,439,8,1,2,40,2,4,0,0,14,8,0,12,2,2,1,2,2,35,1,1,1,1,3,3,3,1,0,1,2,45,2,46,3,9,0,0,0,0,1,7,2,481601,2450,2009,130,FM1220,LONG,0000000,32.79748889,-97.3777,2,1
48,15,8,2,6,39,1,1,0,0,16,5,0,24,0,3,4,1,2,30,2,1,2,1,0,0,3,1,0,0,88,88,88,88,88,88,0,0,0,0,1,1,1,481602,560,2009,0,LUHN,THOMAS,0000000,29.95041389,-96.26097222,1,1
48,57,8,2,22,6,1,2,0,0,4,3,0,30,0,1,4,1,2,35,1,1,2,1,40,3,2,1,0,0,22,8,22,26,23,5,0,0,0,0,1,1,1,481603,0,2009,46,SR-172,99999999999999999999,0000000,28.63662778,-96.45572222,1,1
48,113,8,2,3,27,2,3,0,9,99,8,0,12,1,1,1,2,3,45,1,1,8,1,0,0,3,1,0,0,3,32,3,39,88,88,0,0,0,0,1,1,1,481604,1730,2009,99999,LP354,99999999999999999999,0000000,32.85059722,-96.87775833,2,1
48,113,8,2,20,50,1,2,0,1,11,1,0,26,0,1,3,3,4,60,1,1,1,1,0,0,3,1,0,0,21,0,21,4,22,10,0,0,0,0,1,1,0,481605,1730,2009,17,I-635,99999999999999999999,0000000,32.89323333,-96.71071389,1,1
48,201,8,2,3,22,2,3,0,0,6,4,0,12,1,1,1,1,2,35,1,1,2,1,0,0,2,1,0,0,88,88,88,88,88,88,0,0,0,0,1,1,1,481606,0,2009,0,HENRY,99999999999999999999,0000000,29.90881389,-95.38272778,2,1
48,201,8,2,3,9,1,5,0,1,11,1,0,24,0,1,3,3,4,60,2,1,2,1,0,0,3,1,0,0,3,9,3,20,3,36,0,0,0,0,1,1,1,481607,3280,2009,270,I-45,99999999999999999999,0000000,29.7889,-95.37154722,1,1
48,419,8,2,16,45,1,1,0,0,3,3,0,38,0,1,4,1,2,70,2,3,2,1,0,0,1,1,0,0,88,88,88,88,88,88,0,0,0,0,1,1,0,481608,0,2009,195,SR-87,99999999999999999999,0000000,31.79185,-94.13164167,1,1
48,97,8,3,11,55,5,7,0,1,11,1,0,12,1,1,1,3,2,60,1,1,1,1,0,0,1,1,0,1,11,58,12,24,12,54,0,0,0,0,3,2,0,481609,2550,2009,112,I-35,99999999999999999999,0000000,33.58890556,-97.16436389,5,1
48,113,8,3,21,15,1,2,1,0,16,5,0,8,0,1,1,1,2,35,1,1,1,1,0,0,2,1,0,0,0,25,0,35,1,10,0,18,0,0,1,2,0,481610,1730,2009,0,MAYFORGE,99999999999999999999,0000000,32.71157778,-96.75709722,1,1
48,277,8,3,10,50,1,2,0,1,2,2,0,34,0,1,4,1,2,70,1,1,2,1,0,0,1,1,0,0,10,51,10,54,11,30,0,0,0,0,1,2,0,481611,5220,2009,41,US-82,99999999999999999999,0000000,33.657325,-95.63154444,1,1
48,481,8,3,6,15,1,2,1,0,6,4,0,8,0,1,1,1,2,60,1,1,2,1,0,0,4,1,0,0,6,25,6,46,7,26,0,0,0,0,1,2,0,481612,0,2009,0,150,99999999999999999999,0000000,29.34197778,-96.06723056,1,1
48,495,8,3,14,25,1,1,0,0,3,3,0,1,0,1,4,1,2,75,1,2,2,1,0,0,1,1,0,0,88,88,88,88,88,88,0,0,0,0,1,2,1,481613,0,2009,158,SR-302,99999999999999999999,0000000,31.87398611,-102.9893806,1,1
48,71,8,4,21,45,1,3,1,0,3,3,0,8,0,1,1,1,2,65,1,1,2,1,0,0,2,1,0,0,88,88,88,88,88,88,0,0,0,0,1,3,0,481614,0,2009,35,SR-124,99999999999999999999,0000000,29.74284167,-94.37607778,1,1
48,201,8,4,4,1,1,2,0,0,16,5,0,33,0,1,4,2,2,35,2,1,1,1,0,0,3,1,0,0,88,88,88,88,88,88,0,0,0,0,1,3,1,481615,3280,2009,0,SAVOY,99999999999999999999,0000000,29.71461389,-95.5037,1,1
48,201,8,4,13,45,2,3,0,0,16,5,0,12,6,4,1,1,2,30,1,1,2,1,0,0,1,1,0,0,13,46,13,55,14,11,0,0,0,0,2,3,1,481616,3280,2009,0,FAIRVIEW,99999999999999999999,0000000,29.74816111,-95.38736667,2,1
48,201,8,4,17,7,2,5,0,1,11,1,0,12,3,1,1,3,3,65,1,1,1,1,0,0,1,1,0,1,17,20,17,32,17,49,0,0,0,0,1,3,0,481617,7286,2009,26,I-45,99999999999999999999,0000000,29.53913056,-95.14060833,2,1
48,373,8,4,11,57,1,2,0,0,6,4,0,42,0,1,4,1,2,35,1,1,5,1,0,0,1,1,0,0,11,58,12,19,99,99,0,0,0,0,1,3,0,481618,0,2009,0,ROYCE,99999999999999999999,0000000,30.49218056,-94.75340556,1,1
48,439,8,4,5,41,2,2,0,0,16,5,0,12,5,4,1,2,4,40,1,1,2,1,0,0,4,1,0,0,88,88,88,88,88,88,0,0,0,0,1,3,0,481619,2800,2009,0,CARRIER,99999999999999999999,0000000,32.78534444,-97.04391667,2,1