STATE,COUNTY,MONTH,DAY,HOUR,MINUTE,VE_TOTAL,PERSONS,PEDS,NHS,ROAD_FNC,ROUTE,SP_JUR,HARM_EV,MAN_COLL,REL_JUNC,REL_ROAD,TRAF_FLO,NO_LANES,SP_LIMIT,ALIGNMNT,PROFILE,PAVE_TYP,SUR_COND,TRA_CONT,T_CONT_F,LGT_COND,WEATHER1,WEATHER2,WRK_ZONE,NOT_HOUR,NOT_MIN,ARR_HOUR,ARR_MIN,HOSP_HR,HOSP_MN,SCH_BUS,CF1,CF2,CF3,FATALS,DAY_WEEK,DRUNK_DR,ST_CASE,CITY,YEAR,MILEPT,TWAY_ID,TWAY_ID2,RAIL,LATITUDE,LONGITUD,VE_FORMS,WEATHER
48,27,8,5,22,28,1,2,1,1,11,7,0,8,0,15,1,4,2,40,1,1,2,1,0,0,3,1,0,0,88,88,88,88,88,88,0,0,0,0,1,4,0,481620,6810,2009,223,I-35,99999999999999999999,0000000,31.09564444,-97.36921667,1,1
48,201,8,5,12,55,2,5,0,0,6,7,0,12,1,15,1,4,2,50,1,1,1,1,0,0,1,1,0,0,12,57,13,7,13,47,0,0,0,0,1,4,0,481621,0,2009,0,SAMHOUSTON,99999999999999999999,0000000,29.59730556,-95.39029722,2,1
48,251,8,5,23,58,1,1,0,0,16,5,0,53,0,1,4,9,9,40,2,1,2,1,0,0,2,1,0,0,88,88,88,88,88,88,0,0,0,0,1,4,0,481622,1370,2009,0,NOLANRIVER,99999999999999999999,0000000,32.35760556,-97.42136111,1,1
48,361,8,5,21,9,1,4,1,0,3,3,0,8,0,1,1,1,2,65,1,1,2,1,0,0,2,1,0,0,21,11,21,23,21,46,0,0,0,0,1,4,0,481623,7200,2009,36,SR-12,99999999999999999999,0000000,30.162625,-93.9535,1,1
48,29,8,6,20,5,1,2,0,0,16,5,0,1,0,1,1,1,2,40,2,1,2,1,0,0,1,1,0,0,20,9,20,30,20,44,0,0,0,0,1,5,1,481624,6090,2009,0,NACOGDOCHES,99999999999999999999,0000000,29.54461389,-98.416575,1,1
48,49,8,6,16,35,1,1,0,1,2,2,0,32,0,1,4,1,4,70,1,2,2,1,0,0,1,1,0,0,88,88,88,88,88,88,0,0,0,0,1,5,0,481625,0,2009,278,US-84,99999999999999999999,0000000,31.69406944,-98.82803056,1,1
48,147,8,6,19,40,2,4,0,1,2,2,0,12,5,5,1,6,1,70,1,3,2,1,20,3,1,1,0,0,19,45,20,3,20,54,0,0,0,0,1,5,0,481626,6230,2009,9,US-82,FM1752,0000000,33.61508333,-96.35746667,2,1
48,157,8,6,3,42,1,2,0,1,13,3,0,34,0,1,4,1,2,50,1,1,2,1,0,0,3,1,0,0,88,88,88,88,88,88,0,0,0,0,2,5,0,481627,0,2009,13,SR-6,99999999999999999999,0000000,29.6806,-95.643625,1,1
48,439,8,6,15,34,1,2,1,1,11,1,0,8,0,5,2,6,1,60,1,2,1,1,40,3,1,1,0,0,15,35,15,44,16,4,0,0,0,0,1,5,0,481628,260,2009,38,I-20,99999999999999999999,0000000,32.67523611,-97.19010278,1,1
48,27,8,7,99,99,1,1,0,0,16,5,0,32,0,1,4,1,2,45,2,2,9,1,0,0,1,1,0,0,6,55,7,1,88,88,0,0,0,0,1,6,1,481629,3690,2009,0,STAGECOACH,99999999999999999999,0000000,31.05406111,-97.74945278,1,1
48,73,8,7,4,10,2,2,0,0,3,3,0,12,2,1,1,1,2,65,2,2,2,1,0,0,2,1,0,0,88,88,88,88,88,88,0,0,0,0,1,6,0,481630,0,2009,200,SR-204,99999999999999999999,0000000,31.90109722,-95.085575,2,1
48,201,8,7,3,9,2,2,0,0,6,5,0,12,5,1,1,1,4,35,1,1,2,1,0,0,2,1,0,0,3,11,3,17,4,9,0,0,0,0,1,6,1,481631,0,2009,0,SPRINGCYPRESS,99999999999999999999,0000000,30.07731944,-95.42965556,2,1
48,423,8,7,17,8,1,3,2,1,13,3,0,8,0,1,4,2,3,45,1,1,2,1,0,0,1,1,0,0,17,11,17,13,17,46,0,0,0,0,1,6,0,481632,7070,2009,29,SR-110,99999999999999999999,0000000,32.30748889,-95.27190833,1,1
48,113,8,8,2,7,1,1,0,0,16,5,0,1,0,1,1,1,2,35,1,1,2,1,0,0,2,1,0,0,2,20,2,40,3,7,0,0,0,0,1,7,1,481633,5132,2009,0,COCKRELLHILL,99999999999999999999,0000000,32.54766667,-96.89106111,1,1
48,135,8,8,2,56,2,2,0,0,16,5,0,12,5,2,1,1,2,30,1,1,2,1,20,3,3,1,0,0,88,88,88,88,88,88,0,0,0,0,1,7,0,481634,5030,2009,0,MILBURN,11TH,0000000,31.85763889,-102.3660306,2,1
48,201,8,8,0,35,1,1,0,0,6,4,0,42,0,1,4,1,2,30,1,1,2,1,0,0,2,1,0,0,88,88,88,88,88,88,0,20,0,0,1,7,1,481635,0,2009,0,HUFFMANCLEVELAND,99999999999999999999,0000000,30.06636111,-95.11006667,1,1
48,215,8,8,8,20,1,3,1,0,15,8,0,8,0,1,1,1,2,50,1,1,2,1,0,0,1,1,0,0,8,20,8,29,9,1,0,0,0,0,1,7,0,481636,2110,2009,85,FM1925,99999999999999999999,0000000,26.34323333,-98.19830556,1,1
48,233,8,8,21,34,1,1,0,1,13,3,0,43,0,1,4,5,4,55,1,1,2,1,0,0,3,1,0,0,99,99,21,40,99,99,0,0,0,0,1,7,1,481637,780,2009,19,SR-136,99999999999999999999,0000000,35.65400833,-101.4474694,1,1
48,355,8,8,4,19,1,1,0,0,16,5,0,1,0,1,1,5,4,35,2,1,2,1,0,0,3,1,0,0,88,88,88,88,88,88,0,0,0,0,1,7,1,481638,1550,2009,0,CIMARRON,99999999999999999999,0000000,27.68575278,-97.36503889,1,1
48,29,8,9,23,55,2,2,0,0,16,5,0,12,5,2,1,1,2,45,1,1,2,1,20,3,2,1,0,0,88,88,88,88,88,88,0,0,0,0,1,1,1,481639,6090,2009,0,MOURSUND,BUCHANAN,0000000,29.32306389,-98.5038,2,1
48,59,8,9,5,30,1,2,0,1,1,1,0,22,0,1,4,3,2,65,1,1,2,1,0,0,3,1,0,0,5,37,5,54,88,88,0,0,0,0,1,1,0,481640,380,2009,137,I-20,99999999999999999999,0000000,32.40349722,-99.39668056,1,1
48,223,8,9,0,35,1,2,0,0,4,8,0,1,0,1,1,1,2,55,2,1,2,1,0,0,2,1,0,0,0,43,1,2,1,38,0,0,0,0,1,1,1,481641,0,2009,42,FM1567,99999999999999999999,0000000,33.02064722,-95.791725,1,1
48,61,8,10,0,37,3,3,0,1,13,3,0,12,5,2,1,5,6,40,1,1,2,1,3,3,3,1,0,0,0,39,0,47,1,10,0,20,0,0,1,2,0,481642,940,2009,26,SR-48,KINGSHIGHWAY,0000000,25.92120833,-97.47220556,3,1
48,87,8,10,3,50,1,5,0,0,3,2,0,1,0,1,1,1,2,65,1,1,2,1,0,0,2,1,0,0,3,57,4,1,4,32,0,0,0,0,1,2,1,481643,0,2009,54,US-83,99999999999999999999,0000000,34.89528611,-100.2044528,1,1
48,97,8,10,22,0,3,7,1,0,4,8,0,8,0,1,1,1,2,55,1,2,2,1,0,0,2,1,0,0,88,88,88,88,88,88,0,0,0,0,1,2,0,481644,0,2009,165,FM922,99999999999999999999,0000000,33.48160278,-97.00585556,3,1
48,121,8,10,15,14,1,2,1,1,11,1,0,8,0,1,2,3,3,60,1,1,2,1,0,0,1,1,0,0,15,26,15,35,15,56,0,0,0,0,1,2,0,481645,3960,2009,95,I-35,99999999999999999999,0000000,33.08592222,-97.027,1,1
48,201,8,10,1,28,2,6,0,1,13,8,0,12,1,3,1,5,7,50,1,1,1,1,3,3,3,1,0,0,1,31,1,36,2,3,0,0,0,0,1,2,0,481646,0,2009,150,FM1960,IMPERIALVALLEY,0000000,30.02366944,-95.42039167,2,1
48,201,8,11,2,10,1,2,0,0,16,5,0,38,0,1,4,2,2,35,1,1,1,1,0,0,3,1,0,0,2,11,2,17,3,0,0,0,0,0,1,3,0,481647,3280,2009,0,HARWIN,99999999999999999999,0000000,29.71621667,-95.561325,1,1
48,439,8,11,10,42,2,2,0,1,13,3,0,12,1,1,1,5,4,40,2,1,2,1,0,0,1,1,0,0,10,43,10,52,11,12,0,0,0,0,1,3,1,481648,2990,2009,8,SR-183,99999999999999999999,0000000,32.80340556,-97.26058333,2,1
48,439,8,11,12,39,2,2,0,0,16,5,0,12,7,1,1,2,2,35,2,1,2,1,0,0,1,1,0,0,88,88,88,88,88,88,0,0,0,0,1,3,0,481649,4965,2009,0,IRONHORSE,99999999999999999999,0000000,32.85135833,-97.23895,2,1
48,29,8,12,4,8,1,1,0,1,13,8,0,46,0,3,4,1,4,40,1,9,9,9,3,3,6,9,0,0,88,88,88,88,88,88,0,0,0,0,1,4,1,481650,6090,2009,170,FM2252,ELSENDERO,0000000,29.53993889,-98.41111111,1,9
48,245,8,12,18,45,2,1,0,0,16,5,0,14,1,3,4,1,2,30,2,1,2,1,40,3,1,1,0,0,18,47,18,52,19,16,0,0,0,0,1,4,1,481651,490,2009,0,HARDIN,ARTHUR,0000000,30.11476389,-94.13066944,1,1
48,423,8,13,18,0,1,2,1,0,4,8,0,9,0,1,1,1,2,55,1,3,2,1,0,0,1,1,0,0,88,88,88,88,88,88,0,0,0,0,1,5,0,481652,0,2009,141,FM14,99999999999999999999,0000000,32.40764444,-95.27968333,1,1
48,29,8,14,3,20,1,1,0,0,16,5,0,43,0,1,6,2,3,40,1,1,2,1,0,0,3,1,0,0,88,88,88,88,88,88,0,0,0,0,1,6,1,481653,6090,2009,0,HARRYWURZBACH,99999999999999999999,0000000,29.50068611,-98.43449167,1,1
48,181,8,14,16,11,2,2,0,1,12,2,0,12,2,5,1,6,1,55,2,3,2,1,0,0,1,1,0,0,16,11,16,15,99,99,0,0,0,0,1,6,0,481654,1830,2009,62,US-75,99999999999999999999,0000000,33.77869167,-96.58494722,2,1
48,209,8,14,12,28,1,1,0,1,11,7,0,42,0,3,4,4,2,99,1,9,9,1,0,0,1,1,0,0,12,42,12,58,13,36,0,0,0,0,1,6,0,481655,6170,2009,99999,I-35,ALLEN,0000000,29.87320556,-97.93456667,1,1
48,113,8,15,2,30,2,2,0,1,11,1,0,1,0,1,1,3,5,60,1,1,1,1,0,0,3,1,0,0,88,88,88,88,88,88,0,0,0,0,1,7,1,481657,1730,2009,60,I-635,99999999999999999999,0000000,32.92396389,-96.77103056,2,1
48,157,8,15,1,33,2,3,0,1,13,3,0,12,1,1,1,2,6,55,1,1,1,1,0,0,3,1,0,0,88,88,88,88,88,88,0,0,0,0,1,7,1,481658,6660,2009,6,SR-6,99999999999999999999,0000000,29.60596944,-95.63839444,2,1
48,167,8,15,15,5,3,4,0,1,11,1,0,1,0,1,1,3,3,65,1,1,1,1,0,0,1,1,0,0,16,32,16,47,17,10,0,0,0,0,1,7,0,481659,3850,2009,12,I-45,99999999999999999999,0000000,29.33663056,-94.94091667,3,1
48,201,8,15,1,40,2,2,0,0,6,4,0,12,1,3,1,1,4,40,1,1,1,1,0,0,3,1,0,0,88,88,88,88,88,88,0,0,0,0,1,7,2,481660,0,2009,0,WALLISVILLE,HIDDENPARK,0000000,29.81229444,-95.15113611,2,1
48,451,8,15,0,35,1,1,0,1,12,2,0,25,0,5,4,6,2,65,2,2,2,1,0,0,3,1,0,0,88,88,88,88,88,88,0,0,0,0,1,7,0,481661,6080,2009,156,US-67,99999999999999999999,0000000,31.47198333,-100.4374389,1,1
48,201,8,16,6,22,1,1,0,1,11,1,0,52,0,1,4,3,3,60,1,1,1,1,0,0,4,1,0,0,88,88,88,88,88,88,0,0,0,0,1,1,1,481662,3280,2009,99999,I-45,99999999999999999999,0000000,,,1,1
48,303,8,16,1,55,1,3,1,0,16,5,0,8,0,1,1,5,2,40,1,1,2,1,0,0,3,1,0,0,1,57,2,3,2,17,0,0,0,0,1,1,0,481663,4140,2009,0,50TH,99999999999999999999,0000000,33.54881111,-101.8480833,1,1
48,241,8,17,21,27,1,1,0,0,5,8,0,38,0,1,4,1,2,60,1,1,2,1,0,0,1,1,0,0,88,88,88,88,88,88,0,0,0,0,1,2,1,481664,0,2009,0,FM1738,99999999999999999999,0000000,31.01165833,-93.90035833,1,1
48,439,8,17,14,0,2,3,0,0,16,5,0,12,5,1,1,2,4,35,1,1,1,1,0,0,1,1,0,0,14,4,14,10,14,42,0,0,0,0,1,2,0,481665,2850,2009,0,HALLJOHNSON,99999999999999999999,0000000,32.89325556,-97.10634722,2,1
48,141,8,18,19,47,1,1,0,1,2,8,0,27,0,1,3,2,4,55,2,2,2,1,0,0,5,6,0,0,99,99,19,53,20,17,0,0,0,0,1,3,1,481666,0,2009,108,SL375,99999999999999999999,0000000,31.9028,-106.4562111,1,6
48,203,8,18,16,21,2,4,0,0,15,8,0,12,2,1,1,1,2,55,2,1,2,1,0,0,1,1,0,0,16,22,16,26,16,46,0,0,0,0,1,3,0,481667,4360,2009,32,FM31,99999999999999999999,0000000,32.50851667,-94.31650556,2,1
48,241,8,18,7,43,1,1,0,0,6,4,0,1,0,1,1,1,2,35,2,1,5,1,0,0,2,1,0,0,7,47,8,9,8,53,0,0,0,0,1,3,0,481668,0,2009,0,064,99999999999999999999,0000000,31.03387778,-94.13702778,1,1
48,85,8,19,10,22,1,1,0,0,4,8,0,1,0,1,4,1,2,50,2,1,2,1,40,3,1,1,0,0,88,88,88,88,88,88,0,0,0,0,1,4,0,481669,4445,2009,24,FM545,99999999999999999999,0000000,33.28293333,-96.530525,1,1
48,113,8,19,16,35,1,1,0,0,16,5,0,53,0,1,4,1,2,20,2,2,1,1,0,0,1,1,0,0,16,37,16,41,17,17,0,0,0,0,1,4,0,481670,1240,2009,0,FAIRWAY,99999999999999999999,0000000,32.56966944,-97.00890833,1,1
48,407,8,19,6,34,3,3,0,0,3,8,0,12,8,1,1,1,2,55,1,1,2,1,0,0,4,5,0,0,6,40,6,54,99,99,0,14,0,0,1,4,0,481671,0,2009,113,FM2025,99999999999999999999,0000000,30.40904167,-95.11014444,3,5
48,453,8,19,21,50,2,2,0,1,11,1,0,12,2,1,1,3,3,65,1,2,2,1,0,0,3,1,0,0,21,50,22,18,22,50,0,0,0,0,1,4,1,481672,330,2009,13,I-35,99999999999999999999,0000000,30.11688056,-97.80536667,2,1
48,85,8,21,5,10,1,1,0,0,16,5,0,42,0,1,3,2,3,40,2,1,1,6,0,0,3,2,0,0,5,14,5,20,5,32,0,0,0,0,1,6,0,481673,5390,2009,0,PLANO,99999999999999999999,0000000,33.00728611,-96.72684167,1,2
48,135,8,21,23,28,1,2,1,1,12,3,0,8,0,1,1,5,6,45,1,1,2,1,0,0,3,1,0,0,23,28,23,32,23,47,0,0,0,0,1,6,0,481674,5030,2009,47,SR-191,99999999999999999999,0000000,31.88819722,-102.3584667,1,1
48,201,8,21,16,15,2,2,0,0,16,5,0,12,5,2,1,1,2,30,1,1,2,1,0,0,1,1,0,0,16,18,16,24,16,53,0,0,0,0,1,6,0,481675,3280,2009,0,ROSSLYN,ALTHEA,0000000,29.825175,-95.44463889,2,1
48,203,8,21,0,55,1,1,0,0,15,8,0,53,0,1,4,1,2,55,1,1,2,1,0,0,2,1,0,0,1,0,1,6,1,26,0,0,0,0,1,6,0,481676,4360,2009,41,FM31,99999999999999999999,0000000,32.50090278,-94.30585833,1,1
48,29,8,22,7,1,1,1,0,0,16,5,0,33,0,1,3,2,2,40,2,2,2,9,0,0,9,9,0,0,88,88,88,88,88,88,0,0,0,0,1,7,1,481677,6090,2009,0,VANCEJACKSON,99999999999999999999,0000000,29.58415,-98.58806944,1,9
48,245,8,22,23,34,2,2,0,0,14,8,0,12,2,2,1,5,4,60,1,1,1,1,0,0,2,1,0,0,23,35,23,40,0,22,0,0,0,0,2,7,2,481678,490,2009,193,FM364,WESTFIELD,0000000,30.11107222,-94.18998333,2,1
48,361,8,22,19,54,2,6,0,0,3,3,0,12,2,1,1,1,2,65,1,1,2,1,0,0,5,1,0,0,88,88,88,88,88,88,0,0,0,0,1,7,1,481679,5100,2009,52,SR-62,99999999999999999999,0000000,30.19228056,-93.86244444,2,1
48,201,8,23,0,46,2,2,0,1,11,1,0,14,1,1,2,3,4,65,1,1,1,1,0,0,3,1,0,0,88,88,88,88,88,88,0,23,0,0,1,1,1,481680,0,2009,459,I-45,99999999999999999999,0000000,30.06691667,-95.43436389,1,1
48,201,8,23,1,16,1,1,0,0,16,5,0,53,0,1,5,1,2,40,1,1,2,1,0,0,3,1,0,0,88,88,88,88,88,88,0,0,0,0,1,1,0,481681,480,2009,0,CROSBYCEDARBAYOU,99999999999999999999,0000000,29.76133889,-94.93844167,1,1
48,375,8,23,6,33,2,3,0,0,16,5,0,12,2,1,1,4,3,45,2,2,2,1,0,0,3,1,0,0,7,4,7,4,7,17,0,0,0,0,1,1,0,481682,150,2009,0,PIERCE,99999999999999999999,0000000,35.22639167,-101.8302583,2,1
48,439,8,23,3,6,2,2,0,1,11,1,0,12,1,1,1,3,4,60,1,1,2,1,0,0,2,1,0,0,3,19,3,20,3,40,0,0,0,0,1,1,1,481683,260,2009,103,I-20,99999999999999999999,0000000,32.67745278,-97.08205,2,1
48,453,8,23,5,59,2,2,0,0,16,5,0,1,0,1,1,1,2,25,2,3,2,1,0,0,4,1,0,0,88,88,88,88,88,88,0,0,0,0,1,1,0,481684,330,2009,0,REICHER,99999999999999999999,0000000,30.30589444,-97.67453056,1,1
48,309,8,24,22,15,1,2,0,0,16,5,0,33,0,2,4,1,2,40,2,1,2,1,20,3,3,1,0,0,22,15,22,23,22,57,0,0,0,0,1,2,1,481685,7210,2009,0,STEINBECK,KARLMAY,0000000,31.60428056,-97.20657222,1,1
48,181,8,25,14,0,2,2,0,0,3,2,0,12,1,3,1,1,2,70,1,1,2,1,0,0,1,1,0,0,14,14,14,17,15,30,0,0,0,0,1,3,0,481686,7470,2009,54,US-69,MILO,0000000,33.54036944,-96.40497778,2,1
48,303,4,1,1,30,1,1,0,0,6,4,0,38,0,1,4,1,2,60,1,1,2,1,0,0,2,1,0,0,88,88,88,88,88,88,0,0,0,0,1,4,1,481687,0,2009,0,7600,99999999999999999999,0000000,33.44726667,-101.8436111,1,1
48,439,5,7,2,30,1,1,0,1,13,3,0,23,0,15,4,4,2,60,2,2,1,1,0,0,2,1,0,0,2,36,2,40,3,10,0,0,0,0,1,5,1,481688,2450,2009,114,SR-183,99999999999999999999,0000000,32.83776944,-97.05940278,1,1
48,355,5,22,20,48,1,2,1,0,16,5,0,8,0,1,1,1,4,35,1,1,2,1,0,0,3,1,0,0,88,88,88,88,88,88,0,0,0,0,1,6,0,481689,1550,2009,0,PORT,99999999999999999999,0000000,27.78315833,-97.42045833,1,1
48,201,6,6,14,30,2,2,0,0,16,5,0,12,5,2,1,4,4,30,1,1,1,1,3,3,1,1,0,0,14,38,14,41,15,3,0,0,0,0,1,7,0,481690,3280,2009,0,HIDALGO,SAGE,0000000,29.73541667,-95.46678333,2,1
48,245,7,12,23,15,1,1,0,1,12,3,0,1,0,13,4,6,1,55,2,2,2,1,0,0,2,1,0,0,88,88,88,88,88,88,0,0,0,0,1,1,0,481691,5430,2009,255,SR-73,99999999999999999999,0000000,29.88327778,-93.99175,1,1
48,313,7,17,3,0,1,5,0,0,4,3,0,1,0,1,4,1,2,65,1,1,2,1,0,0,2,1,0,0,3,10,3,24,99,99,0,0,0,0,1,6,0,481692,0,2009,167,SR-75,99999999999999999999,0000000,30.91430278,-95.80661667,1,1
48,349,7,18,12,23,1,2,0,0,4,2,0,1,0,2,1,1,2,70,2,1,2,1,20,3,1,1,0,0,12,25,13,43,14,20,0,0,0,0,1,7,0,481693,0,2009,66,US-287,SR-309,0000000,32.006475,-96.14818056,1,1
48,35,7,20,15,38,1,1,0,0,4,8,0,42,0,1,5,1,2,60,1,1,2,1,0,0,1,1,0,0,88,88,88,88,88,88,0,0,0,0,1,2,1,481694,0,2009,68,FM2490,99999999999999999999,0000000,31.74966389,-97.33264444,1,1
48,147,7,21,18,55,2,3,0,0,4,3,0,12,5,8,1,1,2,60,1,1,2,1,0,0,1,1,0,0,19,14,19,30,99,99,0,0,0,0,1,3,1,481695,0,2009,175,SR-78,99999999999999999999,0000000,33.506225,-96.16337222,2,1
48,21,7,23,22,25,1,1,0,0,6,4,0,37,0,1,4,1,2,35,1,1,2,1,0,0,2,1,0,0,88,88,88,88,88,88,0,0,0,0,1,5,1,481696,0,2009,0,OLDPINOAK,99999999999999999999,0000000,30.19630833,-97.12715,1,1
48,139,7,24,17,35,1,2,0,0,4,8,0,1,0,1,4,1,2,55,2,1,2,1,0,0,1,1,0,0,18,29,18,33,19,26,0,1,0,0,1,6,1,481697,0,2009,74,FM813,99999999999999999999,0000000,32.45538611,-96.78263611,1,1
48,213,7,24,5,45,1,1,0,1,2,2,0,42,0,1,4,1,2,65,1,2,2,1,0,0,4,1,0,0,6,24,6,41,7,5,0,0,0,0,1,6,0,481698,0,2009,311,US-175,99999999999999999999,0000000,32.10408333,-95.65560278,1,1
48,35,7,25,7,21,2,2,0,0,3,3,0,12,2,1,1,1,2,55,2,3,2,1,0,0,1,1,0,0,7,36,7,54,99,99,0,0,0,0,1,7,1,481699,0,2009,325,SR-22,99999999999999999999,0000000,31.85276389,-97.38655556,2,1
48,91,7,25,4,11,1,2,0,1,13,8,0,1,0,1,1,1,2,55,2,2,2,1,0,0,2,1,0,0,4,11,4,19,5,14,0,0,0,0,1,7,0,481700,0,2009,70,FM306,99999999999999999999,0000000,29.85165833,-98.129175,1,1
48,27,7,26,13,20,1,2,0,0,5,8,0,32,0,1,4,1,2,60,2,1,2,1,0,0,1,1,0,0,13,28,13,42,99,99,0,0,0,0,1,1,0,481701,0,2009,29,FM3369,99999999999999999999,0000000,31.11407778,-97.19577222,1,1
48,213,7,26,16,16,1,4,1,0,6,4,0,8,0,1,1,1,2,20,1,1,2,1,0,0,1,1,0,0,16,19,16,32,16,42,0,0,0,0,1,1,1,481702,0,2009,0,PECANCIRCLE,99999999999999999999,0000000,32.11819444,-95.90276944,1,1
48,209,7,28,15,22,1,1,0,0,6,4,0,10,0,6,1,1,2,30,1,1,2,1,60,3,1,1,0,0,88,88,88,88,88,88,0,0,0,0,1,3,0,481703,0,2009,0,CENTERPOINT,99999999999999999999,415516T,29.83205556,-97.99043056,1,1
48,41,7,29,18,54,1,1,0,0,4,8,0,1,0,1,4,1,2,70,1,1,2,1,0,0,1,1,0,0,19,5,19,12,19,45,0,0,0,0,1,4,0,481704,0,2009,45,FM974,99999999999999999999,0000000,30.74271389,-96.36765278,1,1
48,113,8,2,22,14,4,10,0,1,11,1,0,12,1,1,1,3,5,60,1,1,1,1,0,0,3,1,0,1,22,14,22,25,22,40,0,0,0,0,1,1,0,481705,4530,2009,82,I-635,99999999999999999999,0000000,32.82818056,-96.63095278,4,1
48,141,8,2,6,20,1,1,0,0,16,5,0,33,0,1,2,1,2,30,2,2,2,1,0,0,1,1,0,0,88,88,88,88,88,88,0,0,0,0,1,1,0,481706,2190,2009,0,VISTADELREY,99999999999999999999,0000000,31.83103056,-106.5192472,1,1
48,395,8,2,9,26,1,4,0,1,13,2,0,33,0,1,4,1,4,50,1,1,2,1,0,0,1,1,0,0,9,26,9,30,10,19,0,0,0,0,1,1,1,481707,3070,2009,212,US-79,99999999999999999999,0000000,30.89501667,-96.60100833,1,1
48,303,8,4,3,50,1,1,0,1,12,7,0,43,0,1,8,4,2,45,2,1,2,1,0,0,3,1,0,0,3,56,4,2,4,16,0,0,0,0,1,3,1,481708,4140,2009,168,SL289,99999999999999999999,0000000,33.57678611,-101.9420806,1,1
48,427,8,4,0,0,1,2,0,0,16,5,0,1,0,1,1,1,2,45,1,2,2,1,0,0,2,1,0,0,0,4,0,27,1,34,0,0,0,0,1,3,0,481709,6073,2009,0,SALINENO,99999999999999999999,0000000,26.52586111,-99.0966,1,1
48,471,8,4,12,55,2,11,0,1,12,3,0,12,5,2,1,1,2,60,1,1,2,1,20,3,1,1,0,0,13,1,13,4,13,30,0,0,0,0,1,3,0,481710,3340,2009,130,SR-19,OLDCOLONY,0000000,30.72370278,-95.52572222,2,1
48,399,8,5,0,10,1,2,0,0,3,2,0,1,0,1,4,1,2,65,1,1,2,1,0,0,2,1,0,0,0,18,0,31,0,49,0,0,0,0,1,4,0,481711,0,2009,85,US-83,99999999999999999999,0000000,31.63323333,-99.92564444,1,1
48,83,8,6,22,35,2,2,0,1,2,2,0,12,2,1,1,1,2,65,2,2,2,1,0,0,2,1,0,0,22,48,23,23,0,4,0,0,0,0,1,5,1,481712,0,2009,164,US-67,99999999999999999999,0000000,31.76280556,-99.58105556,2,1
48,109,8,7,15,26,1,4,0,1,1,1,0,35,0,1,3,3,2,80,1,1,2,1,0,0,1,1,0,0,15,29,16,1,17,31,0,0,0,0,1,6,0,481713,0,2009,78,I-10,99999999999999999999,0000000,31.06503056,-104.2613194,1,1
48,157,8,7,19,40,1,1,0,0,6,4,0,42,0,1,5,1,2,30,1,1,2,1,0,0,1,1,0,0,88,88,88,88,88,88,0,0,0,0,1,6,0,481714,0,2009,0,PALM,99999999999999999999,0000000,29.52905833,-95.44141111,1,1
48,157,8,9,2,11,2,3,2,1,2,3,0,12,2,1,1,3,2,60,1,2,1,1,0,0,2,1,0,0,2,11,2,18,2,52,0,19,0,0,1,1,0,481715,0,2009,68,SR-99,99999999999999999999,0000000,29.65113611,-95.70997222,1,1
48,231,8,9,20,56,2,3,0,0,3,3,0,12,6,2,1,5,2,60,1,1,2,1,0,0,2,1,0,0,21,20,21,28,22,4,0,0,0,0,1,1,1,481716,0,2009,68,SR-34,WANDA,0000000,33.03291667,-96.10691667,2,1
48,439,8,9,3,15,2,4,0,0,16,5,0,12,1,3,1,1,6,40,1,1,9,9,99,9,6,9,0,0,3,19,3,23,3,55,0,0,0,0,1,1,1,481717,2450,2009,0,UNIVERSITY,7TH,0000000,32.75112222,-97.36144722,2,9
48,499,8,10,9,57,2,3,0,0,5,3,0,12,4,1,1,1,2,60,2,1,2,1,0,0,1,1,0,0,10,2,10,10,10,29,0,0,0,0,1,2,0,481718,0,2009,138,SR-154,99999999999999999999,0000000,32.80091111,-95.47200556,2,1
48,81,8,11,13,20,1,2,1,0,4,2,0,8,0,1,2,1,2,70,1,1,2,1,0,0,1,1,0,0,88,88,88,88,88,88,0,0,0,0,1,3,0,481719,0,2009,79,US-277,99999999999999999999,0000000,31.97719167,-100.2762944,1,1
48,149,8,12,19,56,2,2,0,0,3,2,0,12,6,2,1,1,2,65,1,1,2,2,20,3,2,1,0,0,19,58,20,3,21,43,0,0,0,0,1,4,0,481720,0,2009,280,US-77,HOLUB,0000000,29.70618889,-96.90293333,2,1
48,133,8,14,14,0,1,2,0,1,1,1,0,1,0,1,1,2,2,70,1,1,2,1,0,0,1,1,0,0,14,3,14,10,14,46,0,0,0,0,1,6,0,481721,0,2009,102,I-20,99999999999999999999,0000000,32.37533056,-98.94301111,1,1
48,141,8,14,13,8,2,5,0,0,16,5,0,12,5,4,1,2,5,45,1,1,1,1,3,3,1,1,0,0,13,8,13,15,14,10,0,0,0,0,1,6,1,481722,2190,2009,0,SUNLANDPARK,99999999999999999999,0000000,31.81813611,-106.5450889,2,1
48,39,8,15,6,8,2,3,0,1,2,3,0,12,2,1,1,2,2,65,1,3,1,1,0,0,4,1,0,0,6,20,6,24,6,58,0,0,0,0,1,7,1,481723,4306,2009,64,SR-288,99999999999999999999,0000000,29.50864167,-95.38810833,2,1
48,113,8,15,21,4,1,2,1,1,13,3,0,9,0,1,1,1,2,30,1,1,2,1,0,0,3,1,0,0,21,20,21,28,21,55,0,0,0,0,1,7,1,481724,2800,2009,48,SR-180,99999999999999999999,0000000,32.74916667,-96.95502222,1,1