STATE,COUNTY,MONTH,DAY,HOUR,MINUTE,VE_TOTAL,PERSONS,PEDS,NHS,ROAD_FNC,ROUTE,SP_JUR,HARM_EV,MAN_COLL,REL_JUNC,REL_ROAD,TRAF_FLO,NO_LANES,SP_LIMIT,ALIGNMNT,PROFILE,PAVE_TYP,SUR_COND,TRA_CONT,T_CONT_F,LGT_COND,WEATHER1,WEATHER2,WRK_ZONE,NOT_HOUR,NOT_MIN,ARR_HOUR,ARR_MIN,HOSP_HR,HOSP_MN,SCH_BUS,CF1,CF2,CF3,FATALS,DAY_WEEK,DRUNK_DR,ST_CASE,CITY,YEAR,MILEPT,TWAY_ID,TWAY_ID2,RAIL,LATITUDE,LONGITUD,VE_FORMS,WEATHER
48,167,8,15,6,49,1,2,1,1,12,7,0,8,0,1,2,4,2,50,1,1,2,2,0,0,4,1,0,0,6,49,6,52,88,88,0,0,0,0,1,7,0,481725,6860,2009,59,FM1764,99999999999999999999,0000000,29.40184167,-95.02318611,1,1
48,187,8,15,22,35,1,1,0,0,6,4,0,1,0,1,4,1,2,40,1,1,2,1,0,0,2,1,0,0,22,48,23,15,23,44,0,0,0,0,1,7,1,481726,0,2009,0,WEIL,99999999999999999999,0000000,29.60343889,-98.18251389,1,1
48,231,8,15,5,56,1,2,1,0,5,8,0,8,0,1,1,1,2,60,1,1,2,1,0,0,2,1,0,0,88,88,88,88,88,88,0,0,0,0,1,7,0,481727,0,2009,127,FM1565,99999999999999999999,0000000,32.88993056,-96.25508333,1,1
48,13,8,16,5,4,1,2,0,0,3,3,0,1,0,1,3,2,2,65,2,1,2,1,0,0,2,1,0,0,5,13,5,32,99,99,0,0,0,0,1,1,0,481728,0,2009,41,SR-16,99999999999999999999,0000000,29.13165278,-98.59212778,1,1
48,277,8,16,14,35,2,4,0,0,4,8,0,12,2,8,1,1,2,55,1,2,2,1,0,0,1,1,0,0,14,39,15,22,99,99,0,0,0,0,2,1,0,481729,0,2009,56,FM1500,99999999999999999999,0000000,33.81227778,-95.63045,2,1
48,375,8,17,16,45,1,1,0,0,4,8,0,39,0,1,4,1,2,70,1,1,2,2,0,0,1,2,3,0,16,48,17,12,17,47,0,0,0,0,1,2,0,481730,0,2009,122,FM1061,99999999999999999999,0000000,35.34103333,-102.0863333,1,3
48,109,8,18,14,59,2,1,0,1,1,1,0,14,1,1,4,3,2,80,1,2,2,1,0,0,1,1,0,0,88,88,88,88,88,88,0,0,0,0,1,3,0,481731,0,2009,95,I-10,99999999999999999999,0000000,31.04308056,-104.7554528,1,1
48,37,8,20,23,42,1,2,0,0,14,8,0,32,0,1,4,1,2,55,1,1,2,2,0,0,2,1,0,0,23,44,23,57,0,16,0,0,0,0,1,5,1,481732,6850,2009,0,FM989,99999999999999999999,0000000,33.48081667,-94.13686667,1,1
48,289,8,20,20,57,2,2,0,0,4,8,0,12,6,2,1,1,2,65,2,2,2,1,20,3,2,1,0,0,21,15,21,48,22,35,0,0,0,0,1,5,1,481733,0,2009,70,FM3,482,0000000,31.13804444,-96.25659722,2,1
48,113,8,21,21,20,1,2,1,0,16,5,0,8,0,1,1,1,2,35,1,1,2,1,0,0,3,1,0,0,21,20,21,24,21,39,0,0,0,0,1,6,0,481734,1730,2009,0,CORINTH,99999999999999999999,0000000,32.76045556,-96.793725,1,1
48,325,8,21,13,43,1,1,0,0,6,4,0,38,0,1,5,1,2,30,2,2,2,1,0,0,1,1,0,0,14,7,14,35,15,4,0,0,0,0,1,6,1,481735,0,2009,0,2720,99999999999999999999,0000000,29.54603889,-98.85079722,1,1
48,339,8,21,19,28,2,4,0,0,4,8,0,12,2,1,1,1,2,55,2,2,2,2,0,0,5,2,0,0,19,30,19,39,20,22,0,0,0,0,1,6,0,481736,0,2009,62,FM1484,99999999999999999999,0000000,30.39378333,-95.40172222,2,2
48,375,8,21,23,32,2,5,0,1,1,1,0,12,2,1,1,2,2,65,1,1,2,1,0,0,2,1,0,0,23,41,23,56,0,24,0,0,0,0,2,6,2,481737,0,2009,56,I-40,99999999999999999999,0000000,35.19175,-102.0862278,2,1
48,85,8,22,22,36,2,4,1,1,12,2,0,8,0,1,1,3,4,60,2,2,1,1,0,0,3,1,0,0,88,88,88,88,88,88,0,0,0,0,1,7,0,481738,5390,2009,122,US-75,99999999999999999999,0000000,33.02364167,-96.70983611,2,1
48,111,8,22,16,5,1,1,0,0,5,8,0,1,0,1,4,1,2,70,1,1,2,1,0,0,1,1,0,0,88,88,88,88,88,88,0,0,0,0,1,7,1,481739,0,2009,45,FM3110,99999999999999999999,0000000,36.22655,-102.8708278,1,1
48,113,8,22,21,40,1,2,1,0,16,5,0,8,0,1,1,2,6,35,1,1,1,1,0,0,3,1,0,0,21,44,21,46,99,99,0,0,0,0,1,7,0,481740,1730,2009,0,WEBBCHAPEL,99999999999999999999,0000000,32.86796944,-96.86470278,1,1
48,183,8,22,21,57,2,3,0,0,3,3,0,12,2,1,1,1,2,60,1,1,2,1,0,0,2,1,0,0,22,5,22,9,99,99,0,0,0,0,1,7,1,481741,0,2009,277,SR-149,99999999999999999999,0000000,32.37598611,-94.62861944,2,1
48,439,8,22,11,30,2,3,0,1,11,1,0,12,1,5,1,6,9,60,2,2,1,1,0,0,1,1,0,0,88,88,88,88,88,88,0,0,0,0,1,7,1,481742,2450,2009,117,I-820,99999999999999999999,0000000,32.66203333,-97.28606667,2,1
48,39,8,23,8,49,1,1,0,0,6,4,0,1,0,2,4,1,2,30,1,1,2,1,20,3,1,1,0,0,88,88,88,88,88,88,0,0,0,0,1,1,0,481743,0,2009,0,52,48,0000000,29.36768056,-95.44145278,1,1
48,113,8,23,1,0,1,4,0,0,16,5,0,33,0,1,4,2,4,40,2,1,1,1,0,0,3,1,0,0,1,1,1,6,1,43,0,0,0,0,1,1,0,481744,2590,2009,0,SHILOH,99999999999999999999,0000000,32.97298056,-96.66547222,1,1
48,185,8,23,13,13,1,2,0,0,3,3,0,32,0,1,4,1,2,70,2,2,2,1,0,0,1,1,0,0,13,17,13,25,13,45,0,0,0,0,1,1,0,481745,0,2009,303,SR-90,99999999999999999999,0000000,30.45209167,-96.02693333,1,1
48,325,8,23,3,18,1,1,0,0,4,3,0,1,0,1,4,1,2,65,2,2,2,1,0,0,2,1,0,0,88,88,88,88,88,88,0,0,0,0,1,1,1,481746,0,2009,273,SR-173,99999999999999999999,0000000,29.25946667,-99.061025,1,1
48,29,8,24,14,30,2,2,0,0,16,5,0,12,1,3,1,2,4,40,2,1,2,1,0,0,1,1,0,0,99,99,14,37,15,1,0,0,0,0,1,2,0,481747,6090,2009,0,VANCEJACKSON,BORDERMILL,0000000,29.55856667,-98.578725,2,1
48,41,8,24,13,11,2,3,0,1,12,2,0,12,2,1,1,1,2,70,1,1,2,1,0,0,1,1,0,0,88,88,88,88,88,88,0,0,0,0,1,2,0,481748,0,2009,38,US-190,99999999999999999999,0000000,30.86172778,-96.20128889,2,1
48,201,8,24,9,12,2,4,0,9,99,9,0,14,1,1,2,3,4,65,2,2,2,1,0,0,1,1,0,0,9,15,9,26,10,14,0,0,0,0,1,2,0,481749,0,2009,99999,BELTWAY8,99999999999999999999,0000000,,,1,1
48,477,8,24,19,14,1,2,0,0,4,8,0,32,0,1,4,1,2,65,2,1,2,1,40,3,1,1,0,0,19,14,19,23,99,99,0,0,0,0,1,2,0,481750,0,2009,19,FM1155,99999999999999999999,0000000,30.21465,-96.242875,1,1
48,11,8,25,19,1,1,2,0,1,2,2,0,34,0,1,3,2,2,70,1,1,2,1,0,0,1,1,0,1,19,23,19,39,99,99,0,3,0,0,1,3,0,481751,0,2009,33,US-287,99999999999999999999,0000000,35.17254444,-101.5588833,1,1
48,481,8,25,1,30,1,1,0,1,2,2,0,36,0,1,3,2,2,65,1,1,2,1,0,0,2,1,0,0,88,88,88,88,88,88,0,0,0,0,1,3,0,481752,0,2009,169,US-59,99999999999999999999,0000000,29.26059722,-96.16521944,1,1
48,199,8,26,3,25,1,1,0,0,4,8,0,42,0,1,4,1,2,65,1,1,2,1,0,0,2,1,0,0,88,88,88,88,88,88,0,0,0,0,1,4,0,481753,0,2009,82,FM787,99999999999999999999,0000000,30.37683611,-94.60867778,1,1
48,365,8,26,10,22,2,2,0,1,2,2,0,12,5,1,1,1,2,65,2,1,2,2,0,0,1,2,0,0,10,29,10,52,13,34,0,0,0,0,1,4,0,481754,0,2009,42,US-79,99999999999999999999,0000000,32.35765,-94.09180556,2,2
48,499,8,26,17,42,1,1,0,0,5,3,0,32,0,1,4,1,2,70,1,1,2,1,0,0,1,1,0,0,17,45,17,57,18,23,0,20,0,0,1,4,1,481755,0,2009,73,SR-154,99999999999999999999,0000000,32.87868611,-95.54745278,1,1
48,197,8,27,7,59,1,2,0,1,2,2,0,32,0,1,4,2,2,70,1,1,2,1,0,0,1,1,0,0,8,3,8,9,8,38,0,0,0,0,1,5,0,481756,0,2009,216,US-287,99999999999999999999,0000000,34.26886667,-99.64344167,1,1
48,201,8,27,6,45,2,2,0,0,6,4,0,12,2,1,1,1,2,45,1,1,2,1,0,0,1,1,0,0,6,45,6,58,7,38,0,0,0,0,1,5,0,481757,0,2009,0,SPRINGSTUEBNER,99999999999999999999,0000000,30.08264167,-95.46824722,2,1
48,245,8,27,2,0,5,6,0,1,12,2,0,12,1,1,1,3,2,65,1,3,2,1,0,0,3,1,0,0,2,2,2,5,2,36,0,0,0,0,2,5,3,481758,490,2009,7,US-69,99999999999999999999,0000000,30.13361389,-94.16758056,5,1
48,361,8,27,0,28,1,1,0,0,6,4,0,29,0,1,4,1,2,30,2,1,2,1,0,0,2,1,0,0,88,88,88,88,88,88,0,0,0,0,1,5,1,481759,0,2009,0,LAKEVIEW,99999999999999999999,0000000,30.17687778,-94.03090556,1,1
48,325,8,28,7,0,1,1,0,0,4,8,0,32,0,1,4,1,2,60,1,1,2,2,0,0,2,1,0,0,88,88,88,88,88,88,0,0,0,0,1,6,0,481760,0,2009,89,FM1283,99999999999999999999,0000000,29.56989167,-98.90343056,1,1
48,339,8,28,21,12,5,6,0,0,3,3,0,12,1,3,1,2,4,50,1,1,1,2,3,3,3,1,0,0,21,14,21,20,21,44,0,14,0,0,1,6,1,481761,0,2009,32,SR-242,WINDSORHILLS,0000000,30.20656667,-95.47543889,5,1
48,367,8,28,18,42,3,6,0,1,2,3,0,12,5,2,1,5,2,40,1,2,2,1,3,3,1,1,0,0,18,42,18,48,99,99,0,14,0,0,1,6,0,481762,6555,2009,106,SR-199,OLDSPRINGTOWN,0000000,32.96262778,-97.681075,3,1
48,439,8,28,2,17,2,2,0,1,12,3,0,12,4,1,1,3,3,65,1,1,2,1,0,0,3,1,0,0,2,59,2,59,88,88,0,0,0,0,1,6,1,481763,2990,2009,41,SR-121,99999999999999999999,0000000,32.791375,-97.24771389,2,1
48,201,8,29,16,12,1,6,0,0,6,4,0,1,0,1,4,2,4,45,1,1,2,1,0,0,1,1,0,0,16,15,16,22,17,9,0,0,0,0,1,7,0,481764,0,2009,0,CLAY,99999999999999999999,0000000,29.83118333,-95.70139444,1,1
48,305,8,29,20,7,1,1,0,0,4,8,0,38,0,1,4,1,2,70,2,2,5,1,0,0,1,1,0,0,20,13,20,32,99,99,0,0,0,0,1,7,1,481765,0,2009,23,FM1730,99999999999999999999,0000000,33.36946944,-101.9129306,1,1
48,121,8,30,0,32,1,1,0,0,14,8,0,27,0,15,4,3,2,60,1,1,1,1,40,3,3,1,0,0,0,34,0,40,1,13,0,0,0,0,1,1,1,481766,1840,2009,165,LP288,99999999999999999999,0000000,33.25585833,-97.18002222,1,1
48,373,8,30,15,57,1,2,0,0,4,8,0,1,0,1,1,1,2,55,1,1,2,1,0,0,1,1,0,0,16,2,16,18,88,88,0,0,0,0,1,1,0,481767,0,2009,31,FM3126,99999999999999999999,0000000,30.70251389,-95.02844722,1,1
48,453,8,31,22,8,2,2,0,1,13,8,0,12,5,2,1,1,2,45,1,9,9,1,3,3,3,1,0,0,22,11,22,19,22,46,0,20,0,0,1,2,1,481768,330,2009,134,SL111,BOLM,0000000,30.26010833,-97.69387222,2,1
48,201,5,17,5,9,1,1,0,1,12,3,0,30,0,3,4,1,4,35,1,1,2,1,3,3,3,1,0,0,5,21,5,30,5,54,0,0,0,0,1,1,0,481769,6247,2009,72,SR-146,ELMAR,0000000,29.56984722,-95.02684722,1,1
48,201,5,30,2,20,1,1,0,1,11,1,0,25,0,15,3,3,6,60,1,1,1,1,0,0,3,1,0,0,88,88,88,88,88,88,0,0,0,0,1,7,1,481770,3280,2009,206,I-10,99999999999999999999,0000000,29.78398889,-95.47210278,1,1
48,453,6,14,3,15,1,1,0,0,99,8,0,11,0,1,1,1,2,45,1,2,2,1,0,0,2,1,0,0,3,16,3,22,4,30,0,0,0,0,1,1,0,481771,0,2009,99999,FM2243,99999999999999999999,0000000,30.58081944,-97.92686667,1,1
48,215,6,19,20,0,1,1,0,0,6,4,0,35,0,1,4,1,2,30,1,1,5,1,0,0,7,1,0,0,88,88,88,88,88,88,0,0,0,0,1,6,1,481772,0,2009,0,MILE3EAST,99999999999999999999,0000000,26.16325833,-97.86209167,1,1
48,215,6,20,19,0,1,3,0,0,6,4,0,1,0,1,4,1,2,60,1,1,8,1,0,0,1,1,0,0,19,7,19,25,19,59,0,0,0,0,1,7,1,481773,0,2009,0,MILE12.5NORTH,99999999999999999999,0000000,26.23647778,-97.92283889,1,1
48,317,7,12,2,10,2,3,0,1,1,1,0,14,1,1,2,2,2,65,1,1,2,1,0,0,2,1,0,0,2,13,2,20,3,0,0,0,0,0,1,1,0,481774,0,2009,27,I-20,99999999999999999999,0000000,32.10469722,-101.8565222,1,1
48,491,7,14,3,14,1,1,0,0,4,8,0,42,0,1,4,1,2,55,2,1,5,5,0,0,2,1,0,0,88,88,88,88,88,88,0,0,0,0,1,3,0,481775,0,2009,148,RM2243,99999999999999999999,0000000,30.59559722,-97.78065833,1,1
48,265,7,16,18,20,2,7,0,0,4,3,0,12,6,2,1,5,4,55,1,1,2,1,3,3,1,1,0,0,18,28,18,39,99,99,0,0,0,0,1,5,0,481776,0,2009,17,SR-27,GOATCREEKCUTOFF,0000000,30.07298056,-99.22009722,2,1
48,91,8,1,5,9,1,1,0,0,16,5,0,42,0,1,4,1,2,30,2,2,2,1,0,0,2,1,0,0,88,88,88,88,88,88,0,0,0,0,1,7,1,481777,4870,2009,0,GRUENE,99999999999999999999,0000000,29.73416944,-98.11225556,1,1
48,339,8,2,21,0,1,1,0,0,16,5,0,42,0,1,4,1,2,45,2,1,2,1,0,0,2,1,0,0,88,88,88,88,88,88,0,0,0,0,1,1,1,481778,5434,2009,0,OLDHOUSTON,99999999999999999999,0000000,30.17228889,-95.31828333,1,1
48,283,8,10,12,24,1,2,0,1,1,7,0,1,0,1,10,1,2,55,1,1,2,1,0,0,1,1,0,0,88,88,88,88,88,88,0,0,0,0,2,2,0,481779,0,2009,276,I-35,99999999999999999999,0000000,28.06947222,-99.34542778,1,1
48,201,8,15,7,50,1,1,0,1,11,1,0,23,0,15,4,3,2,60,2,1,1,1,0,0,1,1,0,0,88,88,88,88,88,88,0,0,0,0,1,7,0,481780,3280,2009,375,I-45,99999999999999999999,0000000,29.94236667,-95.41535833,1,1
48,215,8,16,12,10,3,15,0,0,4,8,0,12,2,1,1,1,2,55,1,1,2,1,0,0,1,1,0,0,12,46,13,12,13,52,0,0,0,0,2,1,0,481781,0,2009,4,FM2993,99999999999999999999,0000000,26.35201667,-98.30263333,3,1
48,215,8,24,2,30,1,1,0,0,16,5,0,53,0,1,4,1,2,30,1,1,2,1,0,0,3,1,0,0,88,88,88,88,88,88,0,0,0,0,1,2,1,481782,7330,2009,0,SOUTHBORDER,99999999999999999999,0000000,26.15459444,-97.99866111,1,1
48,439,8,28,10,32,2,3,0,1,11,1,0,24,0,15,3,3,4,60,1,1,2,1,0,0,1,1,0,0,10,31,10,34,99,99,0,14,0,0,1,6,0,481783,6060,2009,161,I-820,FM156,0000000,32.84288889,-97.34337222,2,1
48,61,8,29,23,15,1,2,1,1,2,3,0,8,0,1,1,2,2,35,2,1,2,1,0,0,2,1,0,0,88,88,88,88,88,88,0,0,0,0,1,7,0,481784,0,2009,213,SR-100,99999999999999999999,0000000,26.08036944,-97.254475,1,1
48,489,8,29,14,30,1,1,0,0,4,8,0,43,0,1,4,1,2,55,2,1,2,1,0,0,1,1,0,0,14,33,14,45,15,9,0,0,0,0,1,7,1,481785,0,2009,22,FM2629,99999999999999999999,0000000,26.34243611,-97.82271667,1,1
48,37,8,30,17,10,1,1,0,0,5,8,0,1,0,1,4,1,2,55,2,2,2,1,0,0,1,1,0,0,88,88,88,88,88,88,0,0,0,0,1,1,1,481786,0,2009,109,FM3098,99999999999999999999,0000000,33.37425,-94.29688889,1,1
48,465,7,10,23,18,2,2,0,1,2,2,0,12,4,1,1,1,2,65,1,1,2,1,0,0,2,1,0,0,23,37,23,58,0,33,0,0,0,0,1,6,1,481787,0,2009,322,US-277,99999999999999999999,0000000,29.69204167,-100.8409306,2,1
48,277,7,11,21,0,1,3,1,1,2,2,0,8,0,2,1,5,4,55,1,1,2,1,0,0,5,1,0,0,21,0,21,6,21,20,0,0,0,0,1,7,0,481788,5705,2009,141,US-82,TOWNEAST,0000000,33.66331667,-95.454975,1,1
48,53,8,1,9,25,1,1,0,0,4,8,0,35,0,1,4,1,4,60,2,2,2,1,0,0,1,1,0,0,9,27,9,32,10,17,0,0,0,0,1,7,0,481789,0,2009,23,RM1431,99999999999999999999,0000000,30.63168056,-98.40986111,1,1
48,51,8,2,0,50,1,1,0,0,5,8,0,38,0,1,4,1,2,65,2,2,2,1,0,0,2,1,0,0,88,88,88,88,88,88,0,0,0,0,1,1,0,481790,0,2009,193,FM2000,99999999999999999999,0000000,30.57117778,-96.67753611,1,1
48,53,8,2,18,29,3,3,0,0,5,8,0,12,1,1,1,1,2,55,2,1,2,1,0,0,1,1,0,0,18,43,19,0,19,50,0,0,0,0,1,1,0,481791,0,2009,16,RM963,99999999999999999999,0000000,30.94401944,-97.99190556,3,1
48,21,8,8,0,30,1,6,0,0,3,3,0,43,0,1,4,3,2,65,1,1,2,1,0,0,2,1,0,0,0,36,0,43,1,39,0,0,0,0,2,7,0,481792,6430,2009,276,SR-71,99999999999999999999,0000000,30.01701389,-97.146775,1,1
48,73,8,9,7,0,1,1,0,0,4,8,0,42,0,1,4,1,2,55,2,2,2,1,0,0,1,1,0,0,7,4,7,14,88,88,0,0,0,0,1,1,1,481793,0,2009,38,FM2138,99999999999999999999,0000000,31.88672222,-95.27725833,1,1
48,143,8,8,1,10,1,1,0,0,5,8,0,1,0,1,4,1,2,60,2,2,2,1,0,0,2,1,0,0,88,88,88,88,88,88,0,0,0,0,1,7,1,481794,0,2009,81,FM847,99999999999999999999,0000000,32.145675,-98.218775,1,1
48,143,8,9,2,15,1,2,0,0,4,3,0,1,0,1,4,1,2,60,2,1,2,1,0,0,2,1,0,0,2,26,2,47,3,35,0,0,0,0,1,1,1,481795,0,2009,203,SR-108,99999999999999999999,0000000,32.26046389,-98.22845833,1,1
48,213,8,9,22,0,1,1,0,1,2,3,0,1,0,1,4,1,2,65,2,2,2,1,0,0,2,1,0,0,22,16,22,27,23,15,0,0,0,0,1,1,0,481796,0,2009,362,SR-31,99999999999999999999,0000000,32.30539722,-95.548825,1,1
48,251,8,9,16,0,2,3,0,0,4,4,0,12,5,2,1,1,2,55,1,1,2,1,0,0,1,1,0,0,88,88,88,88,88,88,0,0,0,0,1,1,0,481797,0,2009,72,506,FM157,0000000,32.45701111,-97.11846667,2,1
48,225,8,10,1,0,1,2,0,1,2,3,0,38,0,1,4,1,2,65,1,2,2,1,0,0,2,1,0,1,1,14,1,24,2,52,0,0,0,0,1,2,0,481798,0,2009,41,SR-7,99999999999999999999,0000000,31.31829444,-95.39021667,1,1
48,491,8,10,18,21,3,9,0,0,4,3,0,12,2,1,1,1,2,60,1,1,2,1,0,0,1,1,0,0,18,25,18,34,19,11,0,0,0,0,4,2,1,481799,0,2009,307,SR-29,99999999999999999999,0000000,30.6366,-97.53548889,3,1
48,491,8,10,19,30,2,3,0,0,6,4,0,12,5,2,1,1,2,45,1,2,2,1,21,3,1,1,0,0,19,37,20,8,20,39,0,0,0,0,1,2,1,481800,0,2009,0,101,394,0000000,30.59860833,-97.50373333,2,1
48,309,8,13,17,20,3,5,0,1,2,3,0,12,1,1,1,2,4,70,1,1,2,1,0,0,1,1,0,0,17,27,17,38,18,1,0,0,0,0,1,5,0,481801,0,2009,365,SR-6,99999999999999999999,0000000,31.52449722,-97.01112778,3,1
48,27,8,16,2,30,1,4,0,0,6,4,0,23,0,1,2,1,2,45,2,2,2,1,0,0,2,1,0,0,2,40,3,1,4,33,0,0,0,0,1,1,1,481802,0,2009,0,MAXDALE,99999999999999999999,0000000,,,1,1
48,251,8,17,15,49,1,2,0,0,6,4,0,2,0,1,1,1,2,40,1,1,2,1,0,0,1,1,0,0,15,54,16,16,16,52,0,0,0,0,1,2,0,481803,0,2009,0,213,99999999999999999999,0000000,32.36902222,-97.09006111,1,1
48,423,8,17,14,35,5,8,0,1,1,1,0,12,1,1,1,3,2,70,1,1,2,1,0,0,1,1,0,1,14,39,14,59,15,39,0,0,0,0,1,2,0,481804,0,2009,319,I-10,99999999999999999999,0000000,32.44104444,-95.05923889,5,1
48,491,8,18,9,29,1,2,0,1,2,8,0,1,0,1,4,1,2,60,2,1,2,1,0,0,1,1,0,0,9,35,9,43,11,37,0,0,0,0,1,3,0,481805,0,2009,702,FM734,99999999999999999999,0000000,30.66820833,-97.84008611,1,1
48,299,8,20,21,9,2,5,0,0,3,3,0,11,0,1,1,1,2,65,1,1,2,1,0,0,2,1,0,0,21,21,21,34,22,18,0,0,0,0,2,5,0,481806,0,2009,72,SR-29,99999999999999999999,0000000,30.77423333,-98.55339167,2,1
48,453,8,20,19,15,3,5,0,1,13,8,0,12,2,1,1,5,4,50,2,1,2,1,0,0,1,1,0,0,19,19,19,26,20,1,0,0,0,0,1,5,0,481807,0,2009,1,FM1825,99999999999999999999,0000000,30.44941944,-97.66055556,3,1
48,139,8,22,22,6,1,2,0,0,4,2,0,1,0,1,4,1,2,65,1,1,2,1,0,0,2,1,0,0,22,8,22,21,23,12,0,0,0,0,1,7,1,481808,0,2009,336,US-77,99999999999999999999,0000000,32.29421667,-96.86,1,1
48,213,8,22,11,50,1,1,0,0,16,5,0,38,0,3,4,1,2,30,1,2,2,1,0,0,1,1,0,0,88,88,88,88,88,88,0,0,0,0,1,7,0,481809,601,2009,0,TWINBAYLANDING,BAYSIDE,0000000,32.09315833,-95.44351667,1,1
48,141,8,23,23,3,2,4,0,0,16,5,0,12,5,2,1,1,2,30,1,1,2,1,20,3,3,1,0,0,23,12,23,15,23,38,0,0,0,0,2,1,0,481810,2190,2009,0,DELTA,GLENWOOD,0000000,31.76130833,-106.4207889,2,1
48,201,8,23,2,9,1,1,0,0,3,7,0,33,0,1,10,4,3,45,1,1,1,1,0,0,2,1,0,0,2,19,2,35,3,2,0,0,0,0,1,1,1,481811,0,2009,82,SR-249,99999999999999999999,0000000,30.01950556,-95.594175,1,1
48,35,8,25,17,47,1,5,0,0,6,4,0,5,0,1,1,1,2,60,1,1,1,1,0,0,1,1,0,0,17,59,18,24,18,44,0,0,0,0,1,3,0,481812,0,2009,0,2435,99999999999999999999,0000000,32.01743333,-97.96895,1,1
48,309,8,26,8,56,2,2,0,0,4,8,0,12,3,2,1,1,2,60,1,1,2,1,0,0,1,1,0,0,9,0,9,10,9,46,0,0,0,0,1,4,0,481813,0,2009,45,FM2113,TOWNWEST,0000000,31.42371667,-97.23487778,2,1
48,337,8,26,12,30,2,3,0,1,2,2,0,12,5,2,1,1,2,70,1,1,2,1,20,3,1,1,0,0,12,33,12,41,13,3,0,0,0,0,1,4,0,481814,0,2009,97,US-82,FM1816,0000000,33.79474167,-97.83144167,2,1
48,395,8,28,2,50,1,2,0,1,2,2,0,32,0,1,4,1,2,65,1,1,2,1,0,0,2,1,0,0,88,88,88,88,88,88,0,0,0,0,1,6,1,481815,0,2009,105,US-79,99999999999999999999,0000000,31.07682222,-96.41339167,1,1
48,331,8,29,7,56,1,1,0,0,6,4,0,38,0,3,4,1,2,60,1,2,2,1,0,0,2,1,0,0,88,88,88,88,88,88,0,0,0,0,1,7,1,481816,0,2009,0,458A,455,0000000,30.55304167,-97.15288056,1,1
48,213,8,30,2,15,1,1,0,0,6,4,0,32,0,1,4,1,2,55,2,2,2,1,0,0,2,1,0,0,88,88,88,88,88,88,0,0,0,0,1,1,1,481817,0,2009,0,LEISURELAND,99999999999999999999,0000000,32.28518056,-96.12139444,1,1
48,189,8,3,15,15,1,2,1,1,13,8,0,9,0,3,1,1,4,50,1,1,2,1,20,3,1,1,0,0,15,12,15,15,15,25,0,0,0,0,1,2,0,481818,5380,2009,29,BI27U,16TH,0000000,34.19811667,-101.7072111,1,1
48,29,8,13,5,57,1,2,1,0,6,4,0,8,0,1,4,1,2,35,2,1,2,1,0,0,2,1,0,0,6,0,6,11,88,88,0,0,0,0,1,5,0,481819,0,2009,0,PEARSALL,99999999999999999999,0000000,29.29665556,-98.696225,1,1
48,201,8,24,5,30,1,1,0,0,16,5,0,10,0,6,1,2,4,35,1,1,1,1,60,3,3,1,0,0,88,88,88,88,88,88,0,0,0,0,1,2,1,481820,3280,2009,0,FONDREN,99999999999999999999,755624c,29.63093611,-95.50771389,1,1
48,445,6,23,9,53,1,1,0,0,4,8,0,30,0,1,4,1,2,70,1,1,2,1,0,0,1,1,0,0,9,53,10,7,99,99,0,0,0,0,1,3,0,481821,0,2009,46,FM213,99999999999999999999,0000000,33.05088056,-102.5158722,1,1
48,297,8,29,22,45,1,4,0,0,6,4,0,38,0,1,4,1,2,15,2,1,5,1,0,0,6,1,0,0,22,52,23,14,0,23,0,0,0,0,1,7,1,481822,0,2009,0,JONES,99999999999999999999,0000000,28.25206389,-98.01328056,1,1
48,29,9,1,13,24,1,1,0,0,16,5,0,10,0,6,1,1,2,35,1,2,1,1,60,3,1,1,0,0,88,88,88,88,88,88,0,0,0,0,1,3,0,481823,6090,2009,0,JUNG,99999999999999999999,432490M,29.57561389,-98.406975,1,1
48,113,9,1,20,43,3,4,0,1,13,8,0,12,3,1,1,5,6,45,1,2,1,1,0,0,3,1,0,0,20,44,20,48,21,25,0,0,0,0,1,3,1,481825,2800,2009,16,FM1382,99999999999999999999,0000000,32.73019444,-96.99421944,3,1
48,201,9,1,0,31,1,3,0,1,12,8,0,24,0,1,10,2,3,60,1,1,1,1,0,0,3,1,0,0,0,32,0,40,1,17,0,0,0,0,1,3,0,481826,480,2009,34,SP330,99999999999999999999,0000000,29.76461389,-95.00756944,1,1
48,231,9,1,21,13,1,1,0,0,5,8,0,1,0,1,4,1,2,55,1,1,2,1,0,0,2,1,0,0,21,15,21,35,99,99,0,0,0,0,1,3,1,481827,0,2009,39,FM512,99999999999999999999,0000000,33.313375,-96.05603611,1,1
48,321,9,1,12,58,1,1,0,0,3,3,0,24,0,1,4,2,2,55,2,1,2,1,0,0,1,1,0,0,88,88,88,88,88,88,0,0,0,0,1,3,0,481828,0,2009,170,SR-35,99999999999999999999,0000000,28.98364444,-96.01524444,1,1