STATE,COUNTY,MONTH,DAY,HOUR,MINUTE,VE_TOTAL,PERSONS,PEDS,NHS,ROAD_FNC,ROUTE,SP_JUR,HARM_EV,MAN_COLL,REL_JUNC,REL_ROAD,TRAF_FLO,NO_LANES,SP_LIMIT,ALIGNMNT,PROFILE,PAVE_TYP,SUR_COND,TRA_CONT,T_CONT_F,LGT_COND,WEATHER1,WEATHER2,WRK_ZONE,NOT_HOUR,NOT_MIN,ARR_HOUR,ARR_MIN,HOSP_HR,HOSP_MN,SCH_BUS,CF1,CF2,CF3,FATALS,DAY_WEEK,DRUNK_DR,ST_CASE,CITY,YEAR,MILEPT,TWAY_ID,TWAY_ID2,RAIL,LATITUDE,LONGITUD,VE_FORMS,WEATHER
48,405,9,1,0,30,1,3,0,0,4,8,0,53,0,1,4,1,2,55,2,1,2,1,0,0,2,1,0,0,0,37,0,46,1,28,0,20,0,0,1,3,1,481829,0,2009,9,FM1277,99999999999999999999,0000000,31.52610278,-94.14081667,1,1
48,1,9,2,20,19,1,1,0,0,6,4,0,42,0,1,4,1,2,60,2,2,2,1,0,0,2,1,0,0,88,88,88,88,88,88,0,20,0,0,1,4,0,481830,0,2009,0,370,99999999999999999999,0000000,31.79614167,-95.58329444,1,1
48,199,9,2,12,55,3,3,0,0,4,8,0,12,1,1,1,1,2,70,1,1,2,1,0,0,1,1,0,0,12,59,13,14,14,12,0,0,0,0,1,4,0,481831,0,2009,43,FM92,99999999999999999999,0000000,30.46090833,-94.18759167,2,1
48,201,9,2,2,22,2,3,0,0,6,5,0,12,8,1,1,1,2,30,1,1,2,1,0,0,2,1,0,0,88,88,88,88,88,88,0,0,0,0,1,4,1,481832,0,2009,0,HARTWICK,99999999999999999999,0000000,29.88485833,-95.34665,2,1
48,201,9,2,3,0,1,2,1,1,12,2,0,8,0,5,1,6,1,65,1,1,1,1,0,0,3,1,0,0,3,3,3,6,88,88,0,19,0,0,1,4,0,481833,3320,2009,25,US-59,99999999999999999999,0000000,30.01968611,-95.26134722,1,1
48,203,9,2,22,17,2,2,0,1,2,8,0,12,2,1,1,1,2,60,2,1,2,1,40,3,2,1,0,1,22,26,22,42,23,13,0,0,0,0,1,4,1,481834,0,2009,26,FM9,99999999999999999999,0000000,32.44176944,-94.07275278,2,1
48,233,9,2,18,10,2,2,0,0,3,3,0,12,5,1,1,1,4,70,1,1,2,2,0,0,1,2,0,0,88,88,88,88,88,88,0,0,0,0,2,4,1,481835,0,2009,56,SR-136,99999999999999999999,0000000,35.63490556,-101.5021694,2,2
48,309,9,2,5,18,2,3,0,0,3,2,0,12,2,1,1,1,2,65,1,1,2,1,0,0,2,1,0,0,5,23,5,37,6,17,0,0,0,0,2,4,0,481836,0,2009,132,US-84,99999999999999999999,0000000,31.63529722,-96.9728,2,1
48,347,9,2,17,44,2,6,0,0,3,3,0,12,5,1,1,1,2,70,2,2,2,1,0,0,1,1,0,0,17,45,17,57,18,8,0,0,0,0,1,4,0,481837,0,2009,163,SR-21,99999999999999999999,0000000,31.61600278,-94.69918611,2,1
48,393,9,2,13,13,2,7,0,0,4,3,0,12,4,1,1,1,2,70,2,1,2,1,0,0,1,1,0,0,13,25,13,34,14,15,0,0,0,0,5,4,0,481838,0,2009,285,SR-70,99999999999999999999,0000000,35.68396667,-100.931825,2,1
48,401,9,2,12,37,1,1,0,1,2,2,0,32,0,1,4,2,4,70,1,1,2,1,0,0,1,1,0,1,88,88,88,88,88,88,0,0,0,0,1,4,0,481839,0,2009,63,US-259,99999999999999999999,0000000,32.27769444,-94.86555833,1,1
48,19,9,3,21,56,1,2,0,0,6,4,0,30,0,1,4,1,2,30,2,1,2,1,0,0,2,1,0,0,22,11,22,23,22,58,0,0,0,0,1,5,1,481840,0,2009,0,WHARTONSDOCK,99999999999999999999,0000000,,,1,1
48,113,9,3,9,38,2,12,0,0,16,5,0,12,5,2,1,1,2,30,1,1,2,1,20,3,1,1,0,0,9,42,9,49,10,3,0,0,0,0,1,5,0,481841,1730,2009,0,WILBUR,BOYD,0000000,32.72250278,-96.83896667,2,1
48,113,9,3,20,49,1,1,0,0,16,5,0,33,0,1,3,2,6,35,1,1,1,1,0,0,3,1,0,0,20,49,20,57,21,49,0,0,0,0,1,5,0,481842,1730,2009,0,MIDWAY,99999999999999999999,0000000,32.91879722,-96.83829722,1,1
48,189,9,3,9,59,1,1,0,1,13,2,0,1,0,1,11,5,4,40,2,1,2,1,0,0,1,1,0,0,99,99,99,99,10,10,0,0,0,0,1,5,0,481843,5380,2009,203,US-70,99999999999999999999,0000000,34.18517222,-101.7367889,1,1
48,201,9,3,22,0,1,1,0,0,6,4,0,1,0,1,4,1,2,35,1,1,2,1,0,0,2,1,0,0,88,88,88,88,88,88,0,0,0,0,1,5,1,481844,0,2009,0,MOUNTHOUSTON,99999999999999999999,0000000,29.89156111,-95.2709,1,1
48,113,9,19,18,0,1,1,0,0,16,5,0,33,0,1,2,1,2,30,2,1,1,1,0,0,1,1,0,0,88,88,88,88,88,88,0,0,0,0,1,7,1,481845,1730,2009,0,MONTFORT,99999999999999999999,0000000,32.94467222,-96.81468889,1,1
48,479,9,3,9,30,3,5,0,0,16,5,0,12,1,2,1,1,2,30,1,1,2,1,0,0,1,1,0,0,9,30,9,33,10,30,0,0,0,0,1,5,0,481846,3899,2009,0,KEARNEY,MEADOW,0000000,27.52135,-99.48036667,3,1
48,121,9,4,0,15,2,2,0,1,11,1,0,12,1,1,1,3,3,60,1,1,2,2,0,0,3,2,0,0,88,88,88,88,88,88,0,0,0,0,1,6,1,481847,3960,2009,60,I-35,99999999999999999999,0000000,33.03703889,-97.00050833,2,2
48,339,9,4,14,55,2,3,0,0,4,3,0,5,0,8,1,5,2,30,1,1,2,1,30,3,1,1,0,0,14,59,15,5,15,52,1,21,14,0,1,6,0,481848,0,2009,32,SR-75,99999999999999999999,0000000,30.39342222,-95.47513889,2,1
48,347,9,4,8,10,1,1,0,0,4,8,0,38,0,1,5,1,2,55,2,2,2,1,0,0,1,1,0,1,88,88,88,88,88,88,0,0,0,0,1,6,0,481849,0,2009,178,FM343,99999999999999999999,0000000,31.66948889,-94.74128611,1,1
48,359,9,4,0,57,1,1,0,0,5,8,0,42,0,1,4,1,4,55,1,1,2,2,0,0,6,2,0,0,88,88,88,88,88,88,0,0,0,0,1,6,1,481850,0,2009,30,BI40C,99999999999999999999,0000000,35.24085278,-102.4090139,1,2
48,395,9,4,11,18,2,2,0,1,2,2,0,12,6,2,1,1,2,70,2,1,2,1,20,3,1,1,0,0,88,88,88,88,88,88,0,0,0,0,1,6,0,481851,0,2009,125,US-79,FM1940,0000000,31.0522,-96.43112222,2,1
48,31,9,5,17,47,1,2,0,0,5,8,0,11,0,1,1,1,2,60,2,1,2,1,0,0,1,1,0,0,18,3,18,23,18,51,0,0,0,0,1,7,0,481852,0,2009,27,RM1888,99999999999999999999,0000000,30.10195833,-98.51393333,1,1
48,201,9,5,1,19,1,2,0,0,6,4,0,33,0,1,4,2,4,35,2,1,1,1,0,0,2,1,0,0,1,27,1,44,2,20,0,0,0,0,1,7,1,481853,0,2009,0,KINGSLAND,99999999999999999999,0000000,29.77514722,-95.76054167,1,1
48,215,9,5,9,31,2,2,0,1,13,8,0,12,5,15,1,4,9,55,1,1,2,1,0,0,1,1,0,0,88,88,88,88,88,88,0,0,0,0,1,7,0,481854,2110,2009,11,BU281,LARRYTWAYNE,0000000,26.34326389,-98.14838333,2,1
48,245,9,5,4,25,1,1,0,0,4,8,0,1,0,1,4,1,2,60,2,1,2,1,0,0,2,1,0,0,4,25,4,29,99,99,0,0,0,0,1,7,1,481855,0,2009,14,FM365,99999999999999999999,0000000,29.91778333,-94.23492778,1,1
48,439,9,5,14,25,1,1,0,1,11,1,0,24,0,13,4,6,2,99,2,2,1,1,0,0,1,1,0,0,88,88,88,88,88,88,0,0,0,0,1,7,0,481856,2450,2009,94,I-20,I-35,0000000,32.66798333,-97.32142222,1,1
48,29,9,6,22,27,2,2,0,0,16,5,0,12,4,2,1,5,4,45,1,1,2,1,3,3,3,1,0,0,22,27,22,33,22,55,0,0,0,0,1,1,0,481857,6090,2009,0,COMMERCE,CALLAGHAN,0000000,29.43503889,-98.59980556,2,1
48,37,9,6,16,45,1,1,0,0,6,4,0,42,0,1,4,1,2,35,1,1,4,1,0,0,1,1,0,0,88,88,88,88,88,88,0,0,0,0,1,1,0,481858,0,2009,0,4609,99999999999999999999,0000000,33.36274722,-94.54418889,1,1
48,91,9,6,21,28,1,1,0,0,14,8,0,53,0,1,4,1,4,55,2,2,2,1,0,0,2,1,0,0,88,88,88,88,88,88,0,0,0,0,1,1,1,481859,4870,2009,105,SL337,99999999999999999999,0000000,29.71124444,-98.158925,1,1
48,355,9,6,19,24,1,1,0,0,16,5,0,1,0,13,1,6,1,45,1,1,2,1,0,0,1,1,0,0,19,25,19,31,19,41,0,0,0,0,1,1,1,481860,1550,2009,0,SOUTHPADREISLAND,99999999999999999999,0000000,27.71541667,-97.38561389,1,1
48,439,9,6,22,45,2,3,0,1,13,8,0,12,4,2,1,1,6,35,1,1,1,1,3,3,3,1,0,0,22,55,23,1,99,99,0,0,0,0,1,1,0,481861,260,2009,156,FM157,MITCHELL,0000000,32.72723333,-97.11459167,2,1
48,167,9,7,4,32,1,2,0,0,6,5,0,31,0,1,4,1,2,30,2,1,2,1,0,0,2,1,0,0,5,2,5,12,5,41,0,0,0,0,1,2,1,481862,0,2009,0,PEARSON,99999999999999999999,0000000,29.35245833,-95.13489444,1,1
48,185,9,7,21,5,2,3,0,1,12,3,0,12,2,1,1,2,2,65,1,1,2,1,0,0,2,1,0,0,21,9,21,39,22,41,0,0,0,0,2,2,0,481863,4830,2009,39,SR-6,99999999999999999999,0000000,30.38201111,-96.067525,2,1
48,203,9,7,21,0,1,1,0,0,4,8,0,1,0,1,4,1,2,60,2,1,2,1,0,0,2,1,0,0,21,13,21,28,21,47,0,0,0,0,1,2,1,481864,0,2009,29,FM134,99999999999999999999,0000000,32.70310556,-94.25540278,1,1
48,257,9,7,19,52,1,1,0,0,4,8,0,1,0,1,4,1,2,55,1,1,2,1,0,0,2,1,0,0,88,88,88,88,88,88,0,0,0,0,1,2,0,481865,0,2009,163,FM148,99999999999999999999,0000000,32.53768056,-96.40631944,1,1
48,41,9,8,13,57,2,2,0,0,14,8,4,12,4,2,1,1,4,35,1,1,2,1,3,3,1,1,0,0,13,57,14,3,14,17,0,0,0,0,1,3,0,481866,1440,2009,85,FM2154,JOEROUTT,0000000,30.61016944,-96.34343611,2,1
48,97,9,8,19,38,1,1,0,0,6,4,0,32,0,1,4,1,2,60,1,1,4,1,0,0,1,1,0,0,88,88,88,88,88,88,0,0,0,0,1,3,1,481867,0,2009,0,208,99999999999999999999,0000000,33.6013,-97.07454167,1,1
48,329,9,8,15,33,2,3,0,0,16,5,0,12,5,4,1,1,6,40,1,1,2,1,0,0,1,1,0,0,15,32,15,32,15,48,0,0,0,0,1,3,0,481868,4560,2009,0,MIDKIFF,99999999999999999999,0000000,32.02641389,-102.1270472,2,1
48,251,9,8,17,21,2,7,0,1,13,8,0,12,4,2,1,1,4,40,1,1,2,1,3,3,1,1,0,0,17,35,17,50,18,51,0,0,0,0,1,3,0,481869,1370,2009,93,BU67M,WASHINGTON,0000000,32.35165278,-97.37213611,2,1
48,381,9,8,20,30,2,2,0,0,16,5,0,12,2,2,1,1,4,30,1,1,2,1,0,0,2,1,0,0,20,39,20,46,21,11,0,0,0,0,1,3,0,481870,150,2009,0,ROYCE,58,0000000,35.14938056,-101.8775167,2,1
48,437,9,8,12,2,1,4,0,1,1,1,0,1,0,1,10,2,2,70,1,1,1,1,40,3,1,1,0,0,12,21,13,9,13,41,0,0,0,0,1,3,0,481871,0,2009,111,I-27,99999999999999999999,0000000,34.68364444,-101.8370972,1,1
48,121,9,9,21,43,2,2,0,1,2,2,0,12,2,1,1,1,2,60,1,1,2,1,0,0,2,1,0,0,21,51,22,15,22,46,0,0,0,0,1,4,0,481872,2395,2009,78,US-377,99999999999999999999,0000000,33.06459167,-97.20199167,2,1
48,385,9,9,13,20,1,1,0,0,5,8,0,1,0,1,4,1,2,55,2,2,2,1,40,3,1,1,0,0,13,30,13,58,88,88,0,0,0,0,1,4,0,481873,0,2009,100,RM336,99999999999999999999,0000000,29.92999444,-99.80077222,1,1
48,143,9,10,8,55,2,2,0,1,2,3,0,12,1,8,1,1,2,70,1,2,1,1,0,0,1,1,0,0,88,88,88,88,88,88,0,0,0,0,1,5,0,481874,0,2009,249,SR-6,99999999999999999999,0000000,32.08985556,-98.26206111,2,1
48,257,9,10,9,7,1,1,0,1,1,1,0,42,0,1,3,2,2,65,1,3,1,1,0,0,1,1,0,0,9,12,9,36,10,15,0,0,0,0,1,5,0,481875,0,2009,125,I-20,99999999999999999999,0000000,32.66662778,-96.13799444,1,1
48,419,9,10,19,15,1,2,1,0,3,3,1,9,0,2,1,1,2,70,1,3,2,1,20,3,1,1,0,0,88,88,88,88,88,88,0,0,0,0,1,5,0,481876,0,2009,276,SR-87,2141,0000000,31.71040833,-94.04603056,1,1
48,439,9,10,11,34,1,1,0,0,16,5,0,42,0,1,3,2,2,35,2,1,2,1,0,0,1,1,0,0,11,45,11,57,12,20,0,0,0,0,1,5,0,481877,260,2009,0,LAMAR,99999999999999999999,0000000,32.76488611,-97.13320833,1,1
48,203,9,11,23,4,1,3,0,0,16,5,0,33,0,1,4,1,2,30,1,2,2,2,0,0,2,2,0,0,23,11,23,13,88,88,0,0,0,0,1,6,1,481878,4360,2009,0,POPLAR,99999999999999999999,0000000,32.55488889,-94.35456944,1,2
48,133,9,12,3,0,2,3,0,1,1,1,0,13,5,1,1,2,4,65,1,2,2,2,0,0,2,2,0,0,3,9,3,17,4,4,0,0,0,0,1,7,0,481879,0,2009,242,I-20,99999999999999999999,0000000,32.46139722,-98.639675,2,2
48,347,9,12,8,18,2,8,0,0,4,8,0,12,5,1,1,1,2,55,2,1,2,2,0,0,1,2,0,0,8,23,8,32,8,51,0,0,0,0,1,7,1,481880,0,2009,159,FM225,99999999999999999999,0000000,31.58250556,-94.72305,2,2
48,113,9,13,2,15,1,2,1,1,11,1,0,8,0,1,1,3,4,60,1,2,1,6,0,0,3,2,0,0,88,88,88,88,88,88,0,0,0,0,1,1,0,481881,1730,2009,92,I-635,99999999999999999999,0000000,32.92581667,-96.81226389,1,2
48,121,9,13,2,27,2,4,0,1,11,1,0,12,1,1,1,3,3,60,1,1,1,6,0,0,2,2,0,0,2,27,2,35,3,33,0,19,0,0,1,1,0,481882,3960,2009,91,I-35,99999999999999999999,0000000,33.08884167,-97.02760556,2,2
48,157,9,13,20,44,3,7,0,1,12,2,0,12,7,1,1,3,3,50,1,3,1,1,0,0,2,1,0,0,20,51,21,15,21,40,0,0,0,0,1,1,0,481883,4655,2009,332,US-90,99999999999999999999,0000000,29.78415,-95.54725,3,1
48,201,9,13,4,0,2,2,0,1,12,3,0,12,2,1,1,3,4,65,1,1,1,1,0,0,6,1,0,0,88,88,88,88,88,88,0,0,0,0,2,1,1,481884,1790,2009,97,SR-225,99999999999999999999,0000000,29.71157778,-95.13903611,2,1
48,397,9,13,21,8,2,4,0,0,14,3,0,12,4,2,1,1,2,55,1,2,2,2,0,0,2,2,0,0,21,9,21,23,21,43,0,0,0,0,1,1,1,481885,5910,2009,8,SR-276,WILDROSE,0000000,32.90669444,-96.43362222,2,2
48,339,9,15,23,38,1,11,0,1,1,1,0,1,0,1,10,3,4,65,1,1,1,1,0,0,3,1,0,0,23,38,23,42,0,21,0,0,0,0,1,3,0,481886,1510,2009,79,I-45,99999999999999999999,0000000,30.23528611,-95.45858889,1,1
48,439,9,15,6,17,2,3,0,1,13,8,0,12,5,2,1,2,4,50,1,1,1,1,20,3,2,1,0,0,6,18,6,24,6,57,0,0,0,0,1,3,0,481887,2450,2009,94,BU287,AUTO,0000000,32.84614167,-97.36007222,2,1
48,29,9,16,19,0,3,2,0,0,16,5,0,12,5,2,1,2,4,30,1,1,2,1,3,3,1,1,0,0,88,88,88,88,88,88,0,0,0,0,1,4,0,481888,6090,2009,0,BROADWAY,BROOKLYN,0000000,29.43195,-98.48348889,2,1
48,189,9,17,19,13,2,2,0,1,11,7,0,12,2,5,1,1,2,50,1,1,2,1,21,3,1,1,0,0,19,13,19,14,19,55,0,0,0,0,1,5,0,481889,5380,2009,282,I-27,99999999999999999999,0000000,34.19067778,-101.7496472,2,1
48,361,9,17,8,15,2,2,0,0,3,8,0,51,0,2,1,2,4,60,1,1,2,1,20,3,1,1,0,0,88,88,88,88,88,88,0,0,0,0,1,5,0,481890,0,2009,27,FM105,OLDBURY,0000000,30.20126111,-94.02121111,2,1
48,361,9,17,10,22,2,2,0,1,11,7,0,12,1,1,1,3,2,55,1,1,2,1,0,0,1,1,0,0,88,88,88,88,88,88,0,0,0,0,1,5,0,481891,5952,2009,109,I-10,99999999999999999999,0000000,30.09560833,-94.07768611,2,1
48,71,9,18,2,2,1,1,0,0,5,8,0,42,0,1,4,2,2,45,2,2,2,1,40,3,2,1,0,0,88,88,88,88,88,88,0,0,0,0,1,6,1,481892,1587,2009,76,FM565,99999999999999999999,0000000,29.82720556,-94.80222778,1,1
48,113,9,18,23,25,1,1,0,0,16,5,0,27,0,3,8,2,4,35,1,1,1,1,3,3,3,1,0,0,23,30,23,34,99,99,0,0,0,0,1,6,1,481893,1730,2009,0,BRUTON,SECOND,0000000,32.74774167,-96.72863333,1,1
48,141,9,19,0,54,1,1,0,0,4,8,0,38,0,1,5,1,2,50,2,1,2,1,0,0,2,1,0,0,88,88,88,88,88,88,0,0,0,0,1,7,0,481894,1391,2009,139,FM258,99999999999999999999,0000000,31.53133611,-106.1997444,1,1
48,291,9,19,0,55,1,4,0,0,16,5,0,5,0,1,1,1,2,30,1,2,2,1,0,0,2,1,0,0,1,9,1,27,2,7,0,0,0,0,1,7,0,481895,3980,2009,0,INDUSTRIAL,99999999999999999999,0000000,30.09085556,-94.75538611,1,1
48,363,9,19,16,25,2,2,0,0,16,5,0,12,11,4,1,1,2,30,1,1,2,1,0,0,1,1,0,0,16,25,16,28,99,99,0,0,0,0,1,7,0,481896,4630,2009,0,10,99999999999999999999,0000000,32.80078611,-98.12011944,2,1
48,439,9,19,1,45,1,2,0,0,16,5,0,27,0,1,4,1,2,30,1,2,2,1,0,0,3,1,0,0,1,49,1,53,2,19,0,0,0,0,1,7,1,481897,7258,2009,0,CHAPMAN,99999999999999999999,0000000,32.86767222,-97.24557222,1,1
48,183,9,20,0,35,1,2,0,0,6,4,0,24,0,1,2,1,2,45,2,2,2,1,40,3,2,1,0,0,0,36,1,2,1,43,0,0,0,0,1,1,1,481898,0,2009,0,LINCOLNSPRINGS,99999999999999999999,0000000,32.49536667,-94.98026667,1,1
48,201,9,20,13,20,3,7,0,0,16,7,0,12,5,2,1,4,3,50,1,1,1,1,0,0,1,1,0,0,13,20,13,24,14,3,0,0,0,0,2,1,0,481899,3280,2009,0,SAMHOUSTON,FUQUA,0000000,29.60603056,-95.47647222,3,1
48,361,9,22,21,4,2,4,0,0,5,8,0,12,2,2,1,1,2,65,1,1,2,2,0,0,2,2,0,0,21,4,21,14,21,48,0,0,0,0,3,3,1,481900,0,2009,86,FM1442,CAJUNWAY,0000000,30.09361667,-93.90518889,2,2
48,29,9,23,15,50,3,6,0,0,4,8,0,12,2,1,1,1,2,55,1,1,2,2,0,0,1,2,0,0,15,53,16,0,16,53,0,0,0,0,2,4,0,481901,6090,2009,129,FM2536,99999999999999999999,0000000,29.33374167,-98.63123611,3,2
48,113,9,23,16,38,1,2,1,0,16,5,0,9,0,1,1,5,2,35,1,1,1,1,0,0,1,1,0,0,16,38,16,42,17,14,0,0,0,0,1,4,0,481902,2590,2009,0,APOLLO,99999999999999999999,0000000,32.95148333,-96.66186667,1,1
48,27,9,25,15,23,1,1,0,0,16,5,0,5,0,1,1,1,2,30,2,2,2,1,0,0,1,1,0,0,15,23,15,28,15,58,0,0,0,0,1,6,0,481903,3690,2009,0,WATER,99999999999999999999,0000000,31.10345556,-97.69351667,1,1
48,29,9,25,1,0,2,2,0,0,16,5,0,1,0,2,1,1,2,45,1,1,2,1,0,0,3,1,0,0,99,99,1,8,1,19,0,0,0,0,1,6,1,481904,6090,2009,0,BABCOCK,JOHNSMITH,0000000,29.50618333,-98.58618333,2,1
48,121,9,25,20,6,1,4,1,1,13,8,0,8,0,1,1,1,2,45,1,2,1,1,0,0,2,1,0,0,88,88,88,88,88,88,0,0,0,0,1,6,0,481905,2395,2009,30,FM2499,99999999999999999999,0000000,33.03161111,-97.07061389,1,1
48,29,9,26,23,32,1,2,0,1,11,7,0,21,0,11,8,4,3,40,2,1,1,1,0,0,3,1,0,0,23,35,23,50,1,5,0,20,0,0,1,7,0,481906,6090,2009,206,I-410,SS537,0000000,29.52177222,-98.49907222,1,1
48,361,9,26,8,44,2,3,0,1,13,3,0,12,5,2,1,1,2,55,1,1,2,1,20,3,1,1,0,1,8,47,8,50,9,23,0,0,0,0,2,7,0,481907,7200,2009,2,SR-12,TRAM,0000000,30.13717222,-94.00267222,2,1
48,29,9,27,16,10,2,3,0,1,13,2,0,12,5,2,1,2,3,60,1,1,2,1,3,3,1,1,0,0,88,88,88,88,88,88,0,0,0,0,1,1,1,481908,6090,2009,68,US-281,EVANS,0000000,29.63705278,-98.45660556,2,1
48,59,9,28,12,28,2,2,0,0,4,8,0,12,5,2,1,1,2,50,1,1,2,1,20,3,1,1,0,0,88,88,88,88,88,88,0,0,0,0,1,2,0,481909,1400,2009,8,FM604,SUNSET,0000000,32.40169444,-99.50765833,2,1
48,201,9,29,0,24,2,2,0,1,12,3,0,12,1,1,1,3,3,60,1,1,1,1,0,0,2,1,0,0,0,29,0,46,1,12,0,0,0,0,2,3,0,481910,480,2009,113,SR-146,99999999999999999999,0000000,29.75773333,-94.92821111,2,1
48,201,9,30,4,30,2,2,1,1,12,2,0,8,0,1,2,3,5,60,1,1,1,1,0,0,1,1,0,0,4,41,4,48,4,59,0,0,0,0,1,4,1,481911,3280,2009,2,US-59,99999999999999999999,0000000,29.85840556,-95.33373889,1,1
48,439,7,25,20,30,1,1,0,0,6,4,0,21,0,1,4,1,2,35,1,1,2,1,0,0,5,1,0,0,88,88,88,88,88,88,0,0,0,0,1,7,1,481912,0,2009,0,RENDONNEWHOPE,99999999999999999999,0000000,32.57713333,-97.23289444,1,1
48,201,7,30,22,19,1,2,0,0,16,5,0,33,0,1,3,2,2,45,9,9,9,5,0,0,3,1,0,0,22,20,22,27,23,6,0,0,0,0,1,5,0,481913,3280,2009,0,HOLMES,99999999999999999999,0000000,29.66863611,-95.40279444,1,1
48,439,8,2,2,26,1,2,0,0,6,4,0,1,0,1,4,1,2,40,2,2,2,1,0,0,2,1,0,0,2,35,3,2,3,30,0,0,0,0,1,1,1,481914,0,2009,0,EAGLEMOUNTAINDAM,99999999999999999999,0000000,32.859275,-97.51199444,1,1
48,61,8,18,16,32,2,2,0,1,2,8,0,12,6,2,1,2,4,55,1,1,2,1,0,0,1,1,0,0,88,88,88,88,88,88,0,0,0,0,1,3,0,481915,6110,2009,212,BU77X,PFCJUANGARZA,0000000,26.11149722,-97.6061,2,1
48,181,8,20,12,19,2,2,0,1,12,2,0,52,0,5,3,3,2,60,2,2,2,1,0,0,1,1,0,0,88,88,88,88,88,88,0,0,0,0,1,5,0,481916,6350,2009,243,US-75,99999999999999999999,0000000,33.63849722,-96.61640833,2,1
48,29,9,18,22,16,1,2,1,1,11,7,0,8,0,11,1,3,3,45,1,1,9,9,3,3,9,9,0,0,88,88,88,88,88,88,0,0,0,0,1,6,1,481917,6090,2009,141,I-410,EVERS,0000000,29.48469722,-98.59274722,1,9
48,453,6,25,17,17,1,3,1,0,16,5,0,8,0,1,1,1,4,35,1,3,2,1,0,0,1,1,0,0,17,17,17,24,17,46,0,0,0,0,1,5,0,481918,330,2009,0,MANOR,99999999999999999999,0000000,30.31219167,-97.66560278,1,1
48,167,7,30,15,50,2,4,0,1,13,3,0,12,5,2,1,1,4,55,1,1,2,1,20,3,1,1,0,0,16,6,16,21,99,99,0,0,0,0,1,5,0,481919,3220,2009,103,SR-6,HIGHLAND,0000000,29.35558333,-95.03886111,2,1
48,425,8,7,9,32,2,3,0,1,2,2,0,12,1,3,1,1,4,65,1,2,2,1,0,0,1,1,0,0,9,36,9,39,10,14,0,0,0,0,1,6,0,481920,0,2009,53,US-67,312,0000000,32.26291389,-97.702425,2,1
48,339,8,12,21,0,2,4,0,1,2,2,0,12,7,5,1,2,4,65,1,1,1,1,0,0,2,1,0,0,21,3,21,14,22,6,0,0,0,0,1,4,1,481921,6536,2009,42,US-59,99999999999999999999,0000000,30.22716389,-95.16805833,2,1
48,479,8,29,5,40,1,7,0,1,1,1,0,27,0,1,3,2,4,65,1,1,2,1,0,0,2,1,0,0,5,46,6,1,7,15,0,0,0,0,1,7,0,481922,0,2009,102,I-35,99999999999999999999,0000000,27.78316389,-99.42490833,1,1
48,491,9,2,15,42,2,2,0,1,2,2,0,12,5,10,1,9,9,60,1,1,2,1,3,3,1,1,0,0,15,43,15,48,16,34,0,0,0,0,1,4,0,481923,3925,2009,164,US-183,183A,0000000,30.60526389,-97.86179167,2,1
48,327,9,4,15,14,2,4,0,0,3,2,0,12,4,1,1,1,2,70,1,2,2,1,0,0,1,1,0,0,15,17,15,28,15,58,0,0,0,0,1,6,0,481924,0,2009,19,US-83,99999999999999999999,0000000,31.05072778,-99.82104722,2,1
48,113,9,5,14,13,1,2,1,0,16,5,0,9,0,1,1,1,2,30,1,1,1,1,0,0,1,1,0,0,14,13,14,18,14,45,0,0,0,0,1,7,0,481925,1730,2009,0,OLDMILL,99999999999999999999,0000000,32.70535833,-96.66323056,1,1
48,113,9,5,15,48,2,5,0,0,16,5,0,12,7,1,1,2,6,35,1,2,2,1,0,0,1,1,0,0,17,18,17,24,88,88,0,0,0,0,2,7,0,481926,1730,2009,0,KIEST,99999999999999999999,0000000,32.70598889,-96.82330278,2,1
48,481,9,5,20,32,1,3,0,1,2,2,0,1,0,1,3,2,4,65,1,1,2,2,0,0,2,2,0,0,20,33,20,40,21,12,0,0,0,0,1,7,0,481927,0,2009,52,US-59,99999999999999999999,0000000,29.40034722,-96.06898056,1,2
48,215,9,7,23,34,2,2,0,0,16,5,0,12,7,3,1,1,2,30,1,1,2,1,0,0,2,1,0,0,88,88,88,88,88,88,0,0,0,0,1,2,0,481928,1970,2009,0,1ST,SOUTH,0000000,26.16471667,-98.06440556,2,1
48,241,9,7,15,47,2,5,0,1,13,2,0,12,5,2,1,2,2,50,2,1,2,1,20,3,1,1,0,0,15,48,15,51,99,99,0,0,0,0,1,2,0,481929,3480,2009,0,US-63,US-190,0000000,30.91883611,-93.97965278,2,1
48,339,9,7,21,46,4,4,0,0,3,3,0,12,2,1,2,1,2,60,2,2,2,1,0,0,2,1,0,0,21,45,21,53,22,55,0,0,0,0,2,2,0,481930,0,2009,91,SR-242,99999999999999999999,0000000,30.21590278,-95.38335833,3,1
48,471,9,7,20,50,1,1,0,0,4,8,0,42,0,1,4,1,2,65,2,2,2,1,0,0,2,1,0,0,20,47,21,4,21,46,0,20,0,0,1,2,0,481931,0,2009,18,FM980,99999999999999999999,0000000,30.83243611,-95.38848889,1,1
48,215,9,9,6,54,1,3,1,0,16,5,0,8,0,1,1,2,2,45,1,1,2,1,0,0,3,1,0,0,88,88,88,88,88,88,0,0,0,0,1,4,0,481932,6160,2009,0,RAULLONGORIA,99999999999999999999,0000000,26.21806667,-98.150625,1,1
48,387,9,12,16,12,1,1,0,1,2,2,0,1,0,1,4,1,2,70,1,2,2,1,0,0,1,1,0,0,88,88,88,88,88,88,0,0,0,0,1,7,1,481933,0,2009,258,US-82,99999999999999999999,0000000,33.58390833,-94.89119444,1,1