STATE,COUNTY,MONTH,DAY,HOUR,MINUTE,VE_TOTAL,PERSONS,PEDS,NHS,ROAD_FNC,ROUTE,SP_JUR,HARM_EV,MAN_COLL,REL_JUNC,REL_ROAD,TRAF_FLO,NO_LANES,SP_LIMIT,ALIGNMNT,PROFILE,PAVE_TYP,SUR_COND,TRA_CONT,T_CONT_F,LGT_COND,WEATHER1,WEATHER2,WRK_ZONE,NOT_HOUR,NOT_MIN,ARR_HOUR,ARR_MIN,HOSP_HR,HOSP_MN,SCH_BUS,CF1,CF2,CF3,FATALS,DAY_WEEK,DRUNK_DR,ST_CASE,CITY,YEAR,MILEPT,TWAY_ID,TWAY_ID2,RAIL,LATITUDE,LONGITUD,VE_FORMS,WEATHER
48,481,9,12,18,15,2,5,0,0,4,8,0,12,4,1,1,1,2,65,1,1,2,1,0,0,1,1,0,0,18,5,18,25,19,13,0,0,0,0,2,7,1,481934,0,2009,123,FM1301,99999999999999999999,0000000,29.22712778,-95.91774722,2,1
48,27,9,14,6,30,2,3,0,0,4,8,0,12,5,2,1,1,2,55,1,1,2,2,20,3,3,1,0,0,6,57,7,6,7,45,1,0,0,0,1,2,0,481935,0,2009,246,FM439,BRIANA,0000000,31.10493611,-97.50965833,2,1
48,219,9,16,12,2,1,3,0,0,3,2,0,1,0,1,4,1,2,70,1,1,2,1,0,0,1,1,0,0,11,53,12,5,12,52,0,0,0,0,1,4,1,481936,0,2009,309,US-385,99999999999999999999,0000000,33.401025,-102.34185,1,1
48,423,9,17,8,48,5,7,0,1,13,2,0,12,1,1,1,5,4,60,1,2,2,2,0,0,1,2,0,0,8,51,9,1,9,34,0,14,0,0,1,5,0,481937,7070,2009,101,US-69,99999999999999999999,0000000,32.4051,-95.34438611,5,2
48,183,9,19,17,54,2,2,0,0,6,4,0,12,4,1,1,1,2,20,2,2,2,1,40,3,1,1,0,0,88,88,88,88,88,88,0,0,0,0,1,7,1,481938,0,2009,0,OLDHWY135,99999999999999999999,0000000,32.47515833,-94.97032778,2,1
48,185,9,19,15,35,3,3,0,1,2,3,0,12,2,1,1,1,2,70,1,1,2,1,0,0,1,1,0,0,15,40,15,42,16,28,0,0,0,0,1,7,0,481939,0,2009,14,SR-105,99999999999999999999,0000000,30.37552222,-96.05608333,3,1
48,279,9,19,16,47,1,3,0,0,6,4,0,1,0,1,4,1,2,50,1,1,5,1,0,0,1,1,0,0,17,0,17,17,99,99,0,0,0,0,1,7,1,481940,0,2009,0,53,99999999999999999999,0000000,33.88679722,-102.594925,1,1
48,15,9,20,8,57,1,1,0,0,4,8,0,1,0,1,4,1,2,70,1,1,2,1,0,0,1,1,0,0,88,88,88,88,88,88,0,0,0,0,1,1,1,481941,0,2009,25,FM3013,99999999999999999999,0000000,29.73406667,-96.16419444,1,1
48,175,9,20,14,45,1,1,0,0,4,3,0,42,0,1,4,1,2,70,2,2,2,1,0,0,1,1,0,0,88,88,88,88,88,88,0,0,0,0,1,1,0,481942,0,2009,113,SR-239,99999999999999999999,0000000,28.70820556,-97.51911111,1,1
48,225,9,20,21,0,2,6,0,0,4,2,0,12,6,1,1,1,4,65,1,1,2,1,0,0,2,1,0,0,21,2,21,12,88,88,0,0,0,0,1,1,0,481943,0,2009,139,US-287,99999999999999999999,0000000,31.36125833,-95.47554722,2,1
48,467,9,20,21,25,2,4,0,0,3,2,0,12,1,1,1,1,4,55,1,2,2,1,0,0,2,1,0,0,21,30,21,36,22,18,0,0,0,0,1,1,1,481944,2532,2009,169,US-80,99999999999999999999,0000000,32.68107778,-95.79171667,2,1
48,41,9,21,9,44,2,2,0,1,13,3,0,12,5,8,1,5,4,45,1,1,2,1,0,0,1,1,0,0,9,45,9,49,99,99,0,0,0,0,1,2,0,481945,970,2009,9,SR-21,99999999999999999999,0000000,30.69535833,-96.36078889,2,1
48,97,9,21,4,0,1,1,0,0,4,8,0,11,0,1,1,1,2,55,1,2,2,1,0,0,2,1,0,0,88,88,88,88,88,88,0,0,0,0,1,2,0,481946,0,2009,11,FM1630,99999999999999999999,0000000,33.56921944,-97.46641111,1,1
48,219,9,21,14,15,2,2,0,0,3,3,0,12,5,2,1,2,4,70,1,1,2,1,20,3,1,1,0,0,14,16,14,23,14,44,0,0,0,0,1,2,0,481947,0,2009,185,SR-114,BARTON,0000000,33.59333333,-102.30265,2,1
48,367,9,22,20,40,1,2,0,0,4,8,0,42,0,1,4,1,2,60,2,2,2,1,0,0,2,1,0,0,20,48,21,2,99,99,0,0,0,0,1,3,0,481948,0,2009,42,FM1187,99999999999999999999,0000000,32.64624167,-97.56417222,1,1
48,499,9,22,22,0,1,1,0,0,4,8,0,42,0,1,4,1,2,65,2,1,2,1,0,0,2,1,0,0,88,88,88,88,88,88,0,0,0,0,1,3,1,481949,0,2009,81,FM515,99999999999999999999,0000000,32.925275,-95.45728611,1,1
48,27,9,23,10,15,5,4,0,1,1,1,0,25,0,1,3,3,9,70,1,1,2,2,0,0,1,2,0,0,10,23,10,30,88,88,0,14,0,0,3,4,0,481950,7031,2009,323,I-35,99999999999999999999,0000000,31.22550278,-97.29306389,4,2
48,59,9,24,17,20,3,3,0,0,5,8,0,12,2,1,1,1,2,70,2,3,2,1,0,0,1,1,0,0,17,32,17,58,18,28,0,14,0,0,1,5,0,481951,0,2009,209,FM2228,99999999999999999999,0000000,32.26858611,-99.23551667,3,1
48,351,9,25,2,19,1,2,0,0,5,8,0,42,0,1,4,1,2,55,2,2,2,1,0,0,2,1,0,0,88,88,88,88,88,88,0,0,0,0,1,6,1,481952,0,2009,79,FM1414,99999999999999999999,0000000,30.92665278,-93.61158333,1,1
48,363,9,25,7,40,1,2,0,1,1,1,0,24,0,1,4,2,4,70,2,1,2,1,0,0,1,1,0,0,8,11,8,43,11,36,0,0,0,0,1,6,0,481953,0,2009,105,I-20,99999999999999999999,0000000,32.56988889,-98.21468611,1,1
48,391,9,25,22,28,1,1,0,0,4,3,0,1,0,1,1,1,2,65,1,1,2,1,0,0,2,1,0,0,88,88,88,88,88,88,0,0,0,0,1,6,1,481954,0,2009,51,SR-202,99999999999999999999,0000000,28.3406,-97.31271667,1,1
48,453,9,25,17,36,1,2,1,0,16,5,0,8,0,4,1,3,3,30,1,1,1,1,0,0,1,1,0,0,17,37,17,40,17,50,0,0,0,0,1,6,0,481955,330,2009,0,15TH,99999999999999999999,0000000,30.27745556,-97.74169167,1,1
48,49,9,26,23,35,1,1,0,0,4,8,0,38,0,1,4,1,2,65,2,1,2,1,0,0,2,1,0,0,88,88,88,88,88,88,0,0,0,0,1,7,1,481956,0,2009,26,FM2559,99999999999999999999,0000000,31.89219722,-99.05516389,1,1
48,113,9,26,7,49,1,2,1,0,16,5,0,8,0,3,1,2,6,35,1,1,1,1,0,0,1,1,0,0,7,51,7,53,99,99,0,0,0,0,1,7,0,481957,1730,2009,0,12TH,ADAMS,0000000,32.74116667,-96.83018056,1,1
48,159,9,26,16,50,2,4,2,0,5,8,0,8,0,1,4,1,2,55,1,2,2,1,0,0,1,1,0,0,17,0,17,27,18,14,0,0,0,0,1,7,1,481958,0,2009,34,FM3357,99999999999999999999,0000000,33.00713889,-95.24841389,2,1
48,427,9,26,6,18,2,6,0,1,2,2,0,12,2,1,1,3,2,65,1,1,2,2,0,0,3,1,0,0,6,19,6,27,7,9,0,0,0,0,1,7,1,481959,9997,2009,421,US-83,99999999999999999999,0000000,26.30799722,-98.64206111,2,1
48,339,9,27,8,45,1,2,1,0,3,3,0,8,0,1,1,1,2,60,1,1,1,1,0,0,1,1,0,0,88,88,88,88,88,88,0,0,0,0,1,1,0,481960,0,2009,58,SR-242,99999999999999999999,0000000,30.20838056,-95.43436944,1,1
48,215,9,28,18,50,1,4,0,1,12,2,0,1,0,1,1,3,7,65,1,1,2,1,0,0,1,1,0,0,18,52,19,12,99,99,0,0,0,0,2,2,0,481961,5330,2009,51,US-281,99999999999999999999,0000000,26.23160833,-98.17807778,1,1
48,303,9,28,8,13,2,5,0,0,4,8,0,12,5,2,1,1,2,60,1,1,2,1,20,3,1,1,0,0,88,88,88,88,88,88,0,0,0,0,1,2,0,481962,4140,2009,153,FM1585,QUAKER,0000000,33.47621667,-101.9048889,2,1
48,403,9,28,21,0,1,3,0,0,3,3,0,41,0,1,4,1,2,65,2,2,2,1,0,0,2,1,0,0,21,6,21,44,22,47,0,0,0,0,2,2,1,481963,0,2009,5,SR-21,99999999999999999999,0000000,31.48031944,-93.97645,1,1
48,485,9,28,11,0,1,3,0,1,2,2,0,1,0,1,10,2,4,70,2,1,1,1,0,0,1,1,0,0,11,5,11,10,11,44,0,0,0,0,1,2,0,481964,2150,2009,2,US-287,99999999999999999999,0000000,34.04521111,-98.9492,1,1
48,181,9,29,19,0,1,1,0,0,14,8,0,42,0,1,4,1,2,55,1,2,2,1,0,0,1,1,0,0,88,88,88,88,88,88,0,0,0,0,1,3,1,481965,0,2009,13,FM131,99999999999999999999,0000000,33.7389,-96.60322222,1,1
48,343,9,29,6,17,2,3,0,1,1,1,0,12,1,1,1,3,2,65,1,1,2,1,0,0,2,1,0,0,6,21,6,40,7,32,0,0,0,0,1,3,0,481966,0,2009,67,I-30,99999999999999999999,0000000,33.30536111,-94.70488056,2,1
48,375,9,29,13,31,2,3,0,1,13,8,0,12,1,1,1,2,2,45,2,1,2,1,0,0,1,1,0,0,13,38,13,45,13,59,0,0,0,0,1,3,0,481967,150,2009,167,BI40D,99999999999999999999,0000000,35.20814444,-101.9019917,2,1
48,39,9,30,21,24,1,2,1,1,13,3,0,9,0,8,1,1,2,55,1,1,2,1,0,0,2,1,0,0,21,24,21,28,88,88,0,0,0,0,1,4,0,481968,130,2009,146,SR-35,99999999999999999999,0000000,29.38688333,-95.25386667,1,1
48,141,9,30,12,54,1,2,1,1,13,2,0,8,0,3,1,2,3,40,1,1,2,1,3,3,1,1,0,0,12,55,13,7,13,18,0,16,0,0,1,4,0,481969,2190,2009,129,US-62,MESCALERO,0000000,31.78787222,-106.4094222,1,1
48,201,9,30,2,11,1,3,0,0,16,5,0,1,0,1,4,1,2,40,2,1,2,1,0,0,3,1,0,0,88,88,88,88,88,88,0,0,0,0,3,4,1,481970,480,2009,0,BAYWAY,99999999999999999999,0000000,29.73842778,-95.02569722,1,1
48,201,6,7,1,50,3,3,2,1,12,2,0,14,1,1,2,2,5,60,1,1,1,1,0,0,3,1,0,0,1,47,2,1,2,24,0,23,14,0,1,1,1,481971,3280,2009,157,US-59,99999999999999999999,0000000,29.78110556,-95.34006389,1,1
48,85,7,27,4,24,1,1,1,0,16,5,0,8,0,4,1,1,2,15,1,1,1,1,0,0,2,1,0,0,88,88,88,88,88,88,0,0,0,0,1,2,0,481972,1730,2009,0,WINDFLOWERWAY,99999999999999999999,0000000,32.99791111,-96.80293611,1,1
48,39,9,26,0,30,1,1,0,0,3,8,0,53,0,1,4,1,2,50,2,1,2,1,0,0,2,1,0,0,0,42,1,3,1,45,0,0,0,0,1,7,1,481973,0,2009,203,FM2004,99999999999999999999,0000000,29.12268333,-95.37823056,1,1
48,203,9,17,21,46,1,2,1,1,13,2,0,8,0,1,1,1,2,55,1,1,2,2,0,0,2,2,0,0,88,88,88,88,88,88,0,0,0,0,1,5,0,481974,4360,2009,210,US-80,99999999999999999999,0000000,32.53346944,-94.29726389,1,2
48,453,9,18,10,32,1,3,1,1,11,7,0,15,0,1,4,4,3,40,1,1,1,1,0,0,1,1,0,0,10,36,10,41,10,52,0,20,0,0,1,6,0,481975,330,2009,211,I-35,99999999999999999999,0000000,30.29501111,-97.71976944,1,1
48,201,9,19,3,10,2,2,0,0,6,7,0,12,5,2,1,4,3,50,1,1,1,1,0,0,2,1,0,0,3,17,3,24,3,57,0,0,0,0,1,7,0,481976,0,2009,0,SAMHOUSTON,ANTOINE,0000000,29.93775833,-95.48315278,2,1
48,29,9,25,10,44,3,4,0,1,11,1,0,12,1,5,1,6,2,45,1,1,2,1,0,0,1,1,0,0,10,44,10,51,88,88,0,23,14,0,1,6,0,481977,6090,2009,171,I-10,99999999999999999999,0000000,29.52645556,-98.55716111,3,1
48,65,9,26,8,55,2,3,0,0,5,4,0,12,5,2,1,1,2,70,1,1,2,1,0,0,1,1,0,0,9,15,9,28,10,15,0,0,0,0,1,7,0,481978,0,2009,81,16,FM1342,0000000,35.41217778,-101.4883944,2,1
48,453,9,28,9,40,1,3,1,1,12,8,0,8,0,1,1,3,4,65,1,1,1,1,0,0,1,1,0,0,9,41,9,47,10,5,0,0,0,0,1,2,0,481979,330,2009,55,SL1,99999999999999999999,0000000,30.40806944,-97.71762222,1,1
48,187,9,29,7,11,1,1,0,0,16,5,0,1,0,1,4,1,2,30,1,2,1,1,0,0,4,1,0,0,88,88,88,88,88,88,0,0,0,0,1,3,0,481980,6290,2009,0,SOUNDERS,99999999999999999999,0000000,29.57082222,-97.97099444,1,1
48,291,9,29,7,45,2,4,0,0,4,8,0,12,2,1,1,1,2,55,1,3,2,1,0,0,1,1,0,0,8,34,8,50,9,19,0,0,0,0,1,3,0,481981,0,2009,193,FM1409,99999999999999999999,0000000,29.92506667,-94.83237778,2,1
48,85,1,3,17,46,1,1,0,0,16,5,0,33,0,1,3,2,4,45,1,1,1,1,40,3,1,1,0,0,17,53,18,2,18,47,0,0,0,0,1,7,1,481982,2520,2009,0,INDEPENDENCE,99999999999999999999,0000000,33.18015833,-96.75018889,1,1
48,201,4,17,20,55,3,5,0,1,12,2,0,25,0,1,4,3,5,60,1,1,1,2,0,0,2,2,0,0,21,7,21,17,21,35,0,0,0,0,1,6,0,481983,3280,2009,16,US-59,99999999999999999999,0000000,29.83691111,-95.33377778,3,2
48,201,4,25,13,18,3,8,0,0,16,5,0,12,5,2,1,1,2,30,1,1,2,1,20,3,1,1,0,0,13,19,13,24,13,56,0,0,0,0,1,7,0,481984,3280,2009,0,OAKFOREST,OVERHILL,0000000,29.82939444,-95.43457778,2,1
48,201,7,24,21,52,1,2,0,1,11,1,0,20,0,1,2,3,2,60,1,1,1,1,0,0,3,1,0,1,21,53,22,6,22,17,0,0,0,0,1,6,1,481985,3280,2009,84,I-610,99999999999999999999,0000000,29.80812222,-95.3347,1,1
48,139,8,1,1,30,1,1,0,0,6,4,0,42,0,1,4,1,2,35,1,1,2,2,0,0,6,1,0,1,88,88,88,88,88,88,0,0,0,0,1,7,1,481986,0,2009,0,PRATT,99999999999999999999,0000000,32.51707222,-96.75406944,1,1
48,303,8,7,12,44,2,2,0,1,12,7,0,12,5,2,1,4,2,55,1,1,2,1,20,3,1,1,0,0,12,45,12,57,13,16,0,0,0,0,1,6,0,481987,4140,2009,18,LP289,FM40,0000000,33.59258333,-101.7870639,2,1
48,49,8,8,14,40,1,2,1,0,3,3,0,8,0,1,1,1,2,70,1,2,2,1,0,0,1,1,0,0,99,99,14,56,15,46,0,0,0,0,1,7,0,481988,0,2009,216,SR-279,99999999999999999999,0000000,31.9125,-99.12341667,1,1
48,303,8,13,17,1,2,3,0,1,13,7,0,12,5,2,1,4,2,65,1,1,2,1,99,9,1,1,0,0,17,2,17,9,17,25,0,0,0,0,1,5,0,481989,4140,2009,89,US-84,FM3431,0000000,33.52015,-101.7800917,2,1
48,303,8,17,2,28,1,1,0,1,13,2,0,25,0,1,3,3,2,40,1,1,2,1,0,0,3,1,0,0,2,29,2,35,2,45,0,0,0,0,1,2,1,481990,4140,2009,170,US-84,99999999999999999999,0000000,33.599975,-101.8627028,1,1
48,201,8,19,3,40,1,1,0,9,99,3,0,27,0,1,2,2,6,60,1,1,1,1,0,0,3,1,0,0,3,47,3,54,4,38,0,0,0,0,1,4,0,481991,3280,2009,99999,SR-288,99999999999999999999,0000000,,,1,1
48,215,8,23,19,19,3,6,0,1,12,7,0,12,5,2,1,2,2,30,1,1,2,1,3,3,1,1,0,0,19,20,19,24,19,54,0,0,0,0,1,1,0,481992,2110,2009,328,US-281,SR-107,0000000,26.29930278,-98.14732778,3,1
48,201,8,29,2,55,3,3,0,0,16,5,0,12,8,1,1,1,4,50,1,1,1,1,0,0,2,1,0,0,3,5,3,16,4,20,0,0,0,0,2,7,1,481993,3280,2009,0,ELDRIDGE,99999999999999999999,0000000,29.71185556,-95.62407778,3,1
48,201,9,6,1,30,1,5,0,0,16,5,0,5,0,1,1,1,2,30,1,1,2,1,0,0,3,1,0,0,1,56,2,3,2,20,0,0,0,0,1,1,0,481994,3280,2009,0,GRASSNERE,99999999999999999999,0000000,29.65324722,-95.36750833,1,1
48,171,9,14,2,35,1,3,0,0,4,3,0,34,0,1,4,1,2,65,2,1,2,2,0,0,2,2,0,0,2,48,3,0,3,52,0,0,0,0,1,2,1,481995,0,2009,91,SR-16,99999999999999999999,0000000,30.20899444,-98.97467222,1,2
48,289,9,15,6,10,2,2,0,1,2,2,0,12,2,1,1,1,2,65,1,2,2,2,0,0,2,2,0,0,6,12,6,29,7,34,0,0,0,0,1,3,0,481996,0,2009,44,US-79,99999999999999999999,0000000,31.28709722,-96.23,2,2
48,185,9,16,23,30,1,2,0,0,4,8,0,37,0,1,4,1,2,65,1,1,2,1,0,0,2,1,0,0,88,88,88,88,88,88,0,0,0,0,1,4,1,481997,0,2009,75,FM1774,99999999999999999999,0000000,30.25608333,-95.82957778,1,1
48,375,9,17,7,50,2,3,0,1,11,1,0,12,1,1,1,3,3,55,1,2,2,1,0,0,1,1,0,0,7,50,7,55,8,29,0,0,0,0,1,5,0,481998,150,2009,148,I-27,99999999999999999999,0000000,35.18563889,-101.838075,2,1
48,375,9,18,19,25,1,1,0,1,12,2,0,21,0,15,4,2,2,35,2,2,2,1,0,0,5,1,0,0,19,30,19,40,19,59,0,0,0,0,1,6,0,481999,150,2009,302,US-87,99999999999999999999,0000000,35.22763611,-101.8311389,1,1
48,401,9,18,0,3,1,1,0,0,16,5,0,1,0,1,4,1,2,40,2,1,2,2,0,0,2,1,0,0,88,88,88,88,88,88,0,0,0,0,1,6,1,482000,3120,2009,0,MAIN,99999999999999999999,0000000,32.14783889,-94.77621944,1,1
48,201,9,19,21,29,2,4,0,1,11,1,0,12,1,1,1,3,3,60,1,1,1,1,0,0,3,1,0,0,21,29,21,35,21,51,0,0,0,0,1,7,1,482001,3280,2009,57,I-610,99999999999999999999,0000000,29.81421944,-95.37941667,2,1
48,1,9,20,17,14,1,1,0,0,5,8,0,38,0,1,5,1,2,60,2,1,1,1,0,0,1,1,0,0,17,17,17,26,18,29,0,0,0,0,1,1,0,482002,0,2009,75,FM1990,99999999999999999999,0000000,31.66351944,-95.72971389,1,1
48,473,9,20,2,50,1,4,0,0,4,8,0,52,0,1,4,1,2,60,2,2,2,1,0,0,2,1,0,0,88,88,88,88,88,88,0,0,0,0,1,1,0,482003,0,2009,271,FM359,99999999999999999999,0000000,29.84615278,-95.99750556,1,1
48,425,9,21,0,15,1,1,0,0,16,5,0,33,0,1,4,1,2,20,2,1,2,1,0,0,2,1,0,0,1,17,1,25,2,12,0,0,0,0,1,2,0,482004,2680,2009,0,PALUXY,99999999999999999999,0000000,32.23031944,-97.75525278,1,1
48,251,9,22,10,1,1,1,0,0,4,8,0,38,0,1,5,1,2,60,2,2,2,2,0,0,1,1,0,0,10,16,10,29,11,4,0,0,0,0,1,3,0,482005,0,2009,74,FM917,99999999999999999999,0000000,32.46071111,-97.41186667,1,1
48,121,9,26,0,6,1,1,0,0,6,4,0,42,0,1,4,1,2,35,2,1,2,1,0,0,2,1,0,0,88,88,88,88,88,88,0,20,0,0,1,7,1,482006,0,2009,0,SAMREYNOLDS,99999999999999999999,0000000,33.05406944,-97.34530556,1,1
48,367,9,26,10,58,1,2,1,1,1,7,0,9,0,1,2,4,2,50,1,1,1,1,0,0,1,1,0,0,88,88,88,88,88,88,0,0,0,0,1,7,0,482007,7503,2009,276,I-20,99999999999999999999,0000000,32.74258056,-97.65867222,1,1
48,339,9,27,16,25,2,6,0,0,4,8,0,12,2,1,2,1,2,55,1,2,2,1,0,0,1,1,0,0,16,27,16,35,17,20,0,0,0,0,1,1,0,482008,0,2009,90,FM2978,99999999999999999999,0000000,30.17763056,-95.600625,2,1
48,453,9,27,22,50,2,4,0,0,4,8,0,12,2,1,1,1,2,60,1,2,2,1,0,0,6,1,0,0,23,29,23,37,0,17,0,0,0,0,1,1,2,482009,0,2009,22,FM812,99999999999999999999,0000000,30.13933889,-97.66240556,2,1
48,329,9,28,16,40,2,2,1,1,1,1,0,12,1,1,1,2,4,70,1,1,2,1,0,0,1,1,0,0,16,43,16,50,17,20,0,0,0,0,1,2,0,482010,0,2009,73,I-20,99999999999999999999,0000000,31.92870833,-102.1819056,1,1
48,423,9,28,17,15,3,3,0,0,3,3,0,12,8,1,1,5,4,70,2,3,2,1,0,0,1,1,0,0,17,16,17,21,17,57,0,0,0,0,1,2,0,482011,0,2009,208,SR-155,99999999999999999999,0000000,32.21047778,-95.41891944,3,1
48,205,9,30,22,15,2,2,0,1,2,2,0,12,5,2,1,1,2,65,1,1,2,1,20,3,2,1,0,0,88,88,88,88,88,88,0,0,0,0,1,4,1,482012,0,2009,164,US-54,FM694,0000000,36.00755556,-102.5967056,2,1
48,27,10,1,7,30,1,1,0,0,4,8,0,1,0,1,4,1,2,65,2,1,2,1,0,0,9,1,0,0,88,88,88,88,88,88,0,0,0,0,1,5,0,482013,0,2009,139,FM1670,99999999999999999999,0000000,31.00821667,-97.53833889,1,1
48,55,10,1,6,13,2,2,0,1,2,2,0,12,2,1,1,1,4,65,1,1,2,1,0,0,2,1,0,0,88,88,88,88,88,88,0,0,0,0,2,5,0,482014,0,2009,46,US-183,99999999999999999999,0000000,29.96921111,-97.67927222,2,1
48,113,10,1,6,43,2,5,0,1,11,1,0,12,4,2,1,4,1,35,1,1,2,1,3,3,1,1,0,0,6,44,6,58,99,99,0,0,0,0,1,5,1,482015,1730,2009,162,I-35E,INDUSTRIAL,0000000,32.76623889,-96.80365833,2,1
48,141,10,1,18,10,2,6,0,1,2,2,0,12,5,2,1,2,4,55,1,1,2,1,3,3,1,1,0,0,18,10,18,15,18,57,0,0,0,0,1,5,0,482016,0,2009,268,US-62,KRAG,0000000,31.81827222,-106.1781194,2,1
48,365,10,1,1,15,1,1,0,0,5,8,0,11,0,1,1,1,2,60,2,1,2,1,0,0,2,1,0,0,88,88,88,88,88,88,0,0,0,0,1,5,0,482017,0,2009,128,FM999,99999999999999999999,0000000,31.99956111,-94.41839167,1,1
48,491,10,1,18,4,4,9,0,0,16,5,0,12,5,2,1,2,4,60,1,1,2,1,3,3,1,1,0,0,18,4,18,9,99,99,0,0,0,0,1,5,0,482018,3925,2009,0,183A,CRYSTALFALLS,0000000,30.563775,-97.82565556,4,1
48,23,10,2,8,9,2,2,0,1,2,2,0,12,4,2,1,1,2,50,2,1,2,1,0,0,1,1,0,0,8,9,8,12,8,25,0,0,0,0,1,6,0,482019,6320,2009,117,US-82,CUSTER,0000000,33.59573889,-99.27881667,2,1
48,61,10,2,23,26,2,4,0,1,13,8,0,12,5,2,1,2,4,55,1,1,2,1,3,3,3,1,0,0,23,39,23,42,0,5,0,0,0,0,2,6,0,482020,3030,2009,58,SL499,GRIMES,0000000,26.20531944,-97.66309167,2,1
48,157,10,2,12,58,1,6,0,0,6,4,0,33,0,1,3,2,2,35,2,2,1,1,0,0,1,1,0,0,88,88,88,88,88,88,0,0,0,0,1,6,0,482021,0,2009,0,CINCORANCH,99999999999999999999,0000000,29.71430556,-95.81934167,1,1
48,183,10,2,1,15,1,1,0,1,13,3,0,33,0,1,4,5,4,50,2,1,2,2,0,0,3,1,0,0,88,88,88,88,88,88,0,0,0,0,1,6,1,482022,3680,2009,76,SR-31,99999999999999999999,0000000,32.40605278,-94.86355278,1,1
48,201,10,2,22,50,3,3,0,0,6,4,0,12,7,1,1,1,4,45,1,1,2,2,0,0,3,2,0,0,23,0,23,4,23,31,0,0,0,0,1,6,0,482023,0,2009,0,MAIN,99999999999999999999,0000000,,,3,2
48,215,10,2,7,30,2,3,0,0,6,4,0,12,5,2,1,1,2,30,1,1,2,1,20,3,1,1,0,0,7,36,7,48,9,12,0,0,0,0,2,6,0,482024,0,2009,0,VALVERDE,MILE19,0000000,26.33883611,-98.05669167,2,1
48,201,10,2,22,44,1,2,1,0,16,5,0,8,0,1,1,1,2,30,1,1,9,9,0,0,9,9,0,0,23,49,0,6,0,15,0,0,0,0,1,6,0,482025,3280,2009,0,BALKIN,99999999999999999999,0000000,29.69383056,-95.3515,1,9
48,453,10,2,13,27,1,2,0,1,12,8,0,30,0,1,5,3,3,65,1,1,2,1,0,0,1,1,0,0,13,27,13,33,13,59,0,0,0,0,1,6,0,482026,330,2009,111,SL1,99999999999999999999,0000000,30.33834167,-97.754675,1,1
48,53,10,3,0,56,1,1,0,0,3,3,0,11,0,1,1,1,4,65,2,2,2,1,0,0,2,1,0,0,88,88,88,88,88,88,0,0,0,0,1,7,0,482027,0,2009,57,SR-29,99999999999999999999,0000000,30.76617778,-98.313475,1,1
48,73,10,3,11,5,1,1,0,0,4,8,0,1,0,1,4,1,2,55,2,1,2,1,0,0,1,1,0,0,88,88,88,88,88,88,0,0,0,0,1,7,0,482028,0,2009,169,FM347,99999999999999999999,0000000,31.87460556,-95.24103611,1,1
48,121,10,3,23,39,2,3,1,0,16,5,0,8,0,1,1,1,2,30,2,2,1,2,0,0,3,2,0,0,23,42,23,43,0,19,0,23,0,0,1,7,1,482029,6881,2009,0,BLAIROAKS,99999999999999999999,0000000,33.08245278,-96.88679722,2,2
48,157,10,3,21,13,1,2,0,0,6,4,0,30,0,1,4,1,2,45,1,2,1,2,0,0,2,2,0,0,21,13,21,29,22,10,0,0,0,0,1,7,0,482030,0,2009,0,VINCIKEHLERT,99999999999999999999,0000000,29.47778611,-95.91293611,1,2
48,201,10,3,21,25,1,1,0,0,6,4,0,42,0,1,4,1,2,45,1,1,2,2,0,0,2,1,0,0,88,88,88,88,88,88,0,0,0,0,1,7,1,482031,0,2009,0,JOHNMARTIN,99999999999999999999,0000000,29.79513889,-94.99613889,1,1
48,331,10,3,1,30,1,1,0,0,5,8,0,1,0,1,4,1,2,65,2,1,2,1,0,0,2,1,0,0,88,88,88,88,88,88,0,0,0,0,1,7,1,482032,0,2009,56,FM908,99999999999999999999,0000000,30.69131389,-97.09946111,1,1
48,347,10,3,13,40,1,1,0,1,2,3,1,37,0,1,4,1,4,70,1,1,2,1,0,0,1,1,0,0,88,88,88,88,88,88,0,0,0,0,1,7,0,482033,0,2009,38,SR-103,99999999999999999999,0000000,31.37625833,-94.38608056,1,1
48,127,10,4,17,35,2,5,0,0,16,5,0,12,5,2,1,1,2,30,1,1,2,1,0,0,1,1,0,0,17,40,18,4,18,42,0,0,0,0,1,1,1,482034,650,2009,0,TRAVIS,ARKANSAS,0000000,28.56837778,-99.57191389,2,1
48,179,10,4,3,42,1,2,0,0,16,5,0,42,0,1,4,1,2,30,1,1,2,1,0,0,2,5,0,0,4,33,5,10,99,99,0,0,0,0,1,1,0,482035,5190,2009,0,FRANCIS,99999999999999999999,0000000,35.54606667,-100.9452528,1,5
48,215,10,4,3,15,1,3,0,0,4,8,0,38,0,1,4,5,4,45,9,9,8,1,0,0,2,1,0,0,3,15,3,40,99,99,0,0,0,0,1,1,1,482036,5181,2009,61,FM1924,99999999999999999999,0000000,26.25230278,-98.27473889,1,1