STATE,COUNTY,MONTH,DAY,HOUR,MINUTE,VE_TOTAL,PERSONS,PEDS,NHS,ROAD_FNC,ROUTE,SP_JUR,HARM_EV,MAN_COLL,REL_JUNC,REL_ROAD,TRAF_FLO,NO_LANES,SP_LIMIT,ALIGNMNT,PROFILE,PAVE_TYP,SUR_COND,TRA_CONT,T_CONT_F,LGT_COND,WEATHER1,WEATHER2,WRK_ZONE,NOT_HOUR,NOT_MIN,ARR_HOUR,ARR_MIN,HOSP_HR,HOSP_MN,SCH_BUS,CF1,CF2,CF3,FATALS,DAY_WEEK,DRUNK_DR,ST_CASE,CITY,YEAR,MILEPT,TWAY_ID,TWAY_ID2,RAIL,LATITUDE,LONGITUD,VE_FORMS,WEATHER
48,415,10,4,21,50,1,2,0,0,6,4,0,1,0,1,4,1,2,55,2,1,2,2,40,3,2,5,0,0,6,6,6,25,7,19,0,18,0,0,1,1,1,482037,0,2009,0,4156,99999999999999999999,0000000,32.54369167,-100.7714083,1,5
48,61,10,5,19,42,1,3,1,1,13,8,0,8,0,1,1,5,6,35,1,1,4,1,0,0,2,1,0,0,19,44,19,50,20,15,0,0,0,0,1,2,0,482038,3030,2009,128,BU77,99999999999999999999,0000000,26.18455833,-97.68020278,1,1
48,99,10,5,20,8,2,5,0,1,13,3,0,12,5,2,1,1,2,60,1,1,2,2,20,3,2,5,0,0,88,88,88,88,88,88,0,0,0,0,1,2,0,482039,2610,2009,159,SR-36,OLDOSAGE,0000000,31.442,-97.71472778,2,5
48,279,10,5,15,41,2,3,0,0,3,2,0,12,2,2,1,1,2,70,1,1,2,1,0,0,1,1,0,0,15,42,15,52,16,10,0,0,0,0,3,2,0,482041,0,2009,178,US-385,202,0000000,34.05747222,-102.3252917,2,1
48,29,10,6,17,58,1,1,0,1,13,8,0,46,0,2,8,1,4,55,9,9,9,9,99,9,1,9,0,0,17,59,18,7,88,88,0,0,0,0,1,3,0,482042,6090,2009,100,FM2252,EVANS,0000000,29.60437778,-98.32763889,1,9
48,73,10,6,14,9,2,3,0,1,13,2,0,12,2,1,1,1,2,55,1,1,2,1,0,0,1,1,0,0,14,11,14,13,14,51,0,0,0,0,1,3,1,482043,3470,2009,102,US-175,99999999999999999999,0000000,31.97451389,-95.28404444,2,1
48,113,10,6,4,28,1,1,0,0,16,5,0,42,0,1,4,1,2,45,2,1,1,2,0,0,2,5,0,0,88,88,88,88,88,88,0,0,0,0,1,3,1,482044,2590,2009,0,BUCKINGHAM,99999999999999999999,0000000,32.93076667,-96.66594722,1,5
48,201,10,6,5,45,2,3,2,1,11,8,0,12,1,1,1,3,3,50,1,2,1,1,0,0,2,1,0,0,5,56,6,6,6,40,0,23,0,0,1,3,0,482045,3280,2009,213,SL8,99999999999999999999,0000000,29.69913889,-95.28335,2,1
48,189,10,7,14,57,2,2,0,1,11,7,0,12,2,5,1,1,2,55,1,1,2,1,21,3,1,1,0,0,14,57,15,1,15,9,0,0,0,0,1,4,0,482046,5380,2009,295,I-27,99999999999999999999,0000000,34.20704444,-101.7385361,2,1
48,29,10,8,20,4,1,2,1,0,16,5,0,8,0,1,1,5,6,35,1,1,2,1,0,0,3,1,0,0,88,88,88,88,88,88,0,0,0,0,1,5,0,482047,6090,2009,0,ZARZAMORA,99999999999999999999,0000000,29.35975556,-98.53406111,1,1
48,201,10,8,21,47,1,3,1,1,13,2,0,9,0,1,1,2,4,55,1,1,2,1,0,0,2,1,0,0,21,56,22,13,22,35,0,0,0,0,1,5,0,482048,0,2009,288,US-90,99999999999999999999,0000000,29.83561944,-95.20330556,1,1
48,415,10,8,15,57,2,6,0,0,3,2,0,12,3,1,1,1,2,55,1,1,2,1,0,0,1,1,0,0,15,57,16,1,16,25,1,0,0,0,2,5,0,482049,6440,2009,20,US-180,99999999999999999999,0000000,32.70473056,-100.8660444,2,1
48,39,10,9,12,5,2,2,0,0,3,8,0,12,2,1,1,1,2,55,1,2,2,2,0,0,1,2,0,0,12,6,12,14,12,51,0,0,0,0,1,6,0,482050,0,2009,209,FM2004,99999999999999999999,0000000,29.11506389,-95.38311667,2,2
48,217,10,9,16,5,2,2,0,1,2,3,0,12,2,1,1,1,2,70,1,1,2,1,0,0,1,1,0,0,16,16,16,34,17,23,0,0,0,0,1,6,0,482051,0,2009,75,SR-31,99999999999999999999,0000000,31.79822222,-96.85115556,2,1
48,423,10,9,6,50,2,2,0,0,4,8,0,12,4,1,1,1,2,55,1,2,2,2,0,0,2,2,0,0,88,88,88,88,88,88,1,0,0,0,1,6,0,482052,0,2009,148,FM346,99999999999999999999,0000000,32.20513889,-95.17105833,2,2
48,85,10,10,3,21,1,2,0,1,13,3,0,46,0,3,4,2,3,45,1,1,1,1,3,3,3,1,0,0,88,88,88,88,88,88,0,0,0,0,2,7,1,482053,5390,2009,281,SR-289,HIGHLAND,0000000,33.03145556,-96.79471667,1,1
48,215,10,10,13,5,2,3,0,0,3,3,0,12,5,2,1,2,1,45,1,1,2,1,3,3,1,1,0,1,13,10,13,18,14,20,0,0,0,0,1,7,0,482054,0,2009,232,SR-107,FM907,0000000,26.292675,-98.10645278,2,1
48,453,10,10,2,25,1,3,1,1,12,7,0,8,0,2,1,4,3,50,1,2,1,1,20,3,3,1,0,0,2,24,2,30,2,44,0,0,0,0,1,7,0,482055,330,2009,36,US-290,ENTERPRISE,0000000,30.321275,-97.68606111,1,1
48,91,10,11,11,9,2,4,0,0,4,3,0,12,11,1,1,1,2,65,2,2,2,2,0,0,1,2,0,0,11,12,11,25,99,99,0,0,0,0,1,1,0,482056,1012,2009,16,SR-46,99999999999999999999,0000000,29.81013889,-98.52206111,2,2
48,113,10,11,2,0,1,3,0,1,12,2,0,25,0,1,3,3,5,60,1,1,1,1,0,0,3,1,0,0,3,45,3,49,99,99,0,0,0,0,1,1,1,482057,1730,2009,150,US-75,99999999999999999999,0000000,32.79863889,-96.79295278,1,1
48,329,10,11,3,20,1,3,0,1,12,8,0,32,0,1,10,2,2,60,1,1,2,2,0,0,3,2,0,0,3,26,3,29,99,99,0,0,0,0,1,1,0,482058,4560,2009,32,LP250,99999999999999999999,0000000,31.95395,-102.1439167,1,2
48,141,10,12,14,0,2,3,0,0,3,2,0,12,5,2,1,3,2,65,1,1,2,1,20,3,1,1,0,0,14,0,14,15,99,99,0,0,0,0,1,2,0,482059,2190,2009,248,US-54,STATELINE,0000000,32.0012,-106.3266667,2,1
48,329,10,12,12,0,1,1,0,0,6,4,0,38,0,1,4,1,2,45,1,1,2,2,0,0,1,1,0,0,88,88,88,88,88,88,0,0,0,0,1,2,0,482060,0,2009,0,1050,99999999999999999999,0000000,32.05185278,-101.8497861,1,1
48,347,10,12,14,0,2,7,0,1,2,2,0,12,11,1,1,2,2,70,1,2,2,2,0,0,1,2,0,0,14,3,14,9,14,50,0,0,0,0,2,2,0,482061,0,2009,49,US-59,99999999999999999999,0000000,31.79844167,-94.53055278,2,2
48,355,10,12,21,24,1,1,0,1,13,3,0,33,0,8,3,2,3,45,1,1,2,1,0,0,3,1,0,0,21,24,21,30,21,43,0,0,0,0,1,2,1,482062,1550,2009,103,SR-357,99999999999999999999,0000000,27.69982778,-97.41307222,1,1
48,355,10,12,21,52,1,2,1,1,12,3,0,8,0,1,1,2,3,65,1,1,2,1,0,0,3,1,0,0,21,55,22,0,99,99,0,0,0,0,1,2,0,482063,1550,2009,28,SR-286,99999999999999999999,0000000,27.75769722,-97.42171111,1,1
48,457,10,13,10,41,2,7,0,0,3,2,0,12,5,2,1,1,2,70,1,3,2,1,0,0,1,1,0,0,10,44,10,52,11,27,0,0,0,0,1,3,0,482064,0,2009,25,US-190,2175,0000000,30.75290833,-94.55605833,2,1
48,497,10,13,8,29,3,4,0,1,2,2,0,12,2,1,1,1,2,60,1,2,2,2,0,0,1,2,0,1,8,31,8,35,99,99,0,0,0,0,2,3,0,482065,0,2009,103,US-380,99999999999999999999,0000000,33.24113611,-97.53608056,3,2
48,29,10,14,21,9,1,2,1,1,11,1,0,8,0,1,1,2,3,60,1,1,2,1,0,0,3,1,0,0,21,12,21,18,88,88,0,0,0,0,1,4,0,482066,6090,2009,147,I-410,99999999999999999999,0000000,29.48368611,-98.59695833,1,1
48,453,10,14,1,29,2,2,0,0,16,5,0,12,5,2,1,1,4,30,1,2,2,2,3,3,3,2,0,0,1,38,1,41,1,48,0,0,0,0,1,4,1,482067,330,2009,0,CHICON,7,0000000,30.26253889,-97.72211111,2,2
48,351,2,7,19,28,1,2,1,0,4,3,0,8,0,1,1,1,2,65,1,3,2,1,0,0,2,1,0,0,88,88,88,88,88,88,0,16,0,0,1,7,0,482068,4900,2009,264,SR-87,99999999999999999999,0000000,30.86973889,-93.73161111,1,1
48,27,3,29,3,18,1,3,0,0,16,5,0,33,0,1,4,5,4,40,2,3,2,1,40,3,2,1,0,0,3,31,3,46,4,5,0,0,0,0,2,1,1,482069,3690,2009,0,ELMS,99999999999999999999,0000000,31.07356667,-97.71079722,1,1
48,201,4,24,20,55,1,3,0,0,16,5,0,29,0,1,4,1,4,30,2,1,1,2,0,0,3,2,0,0,21,18,21,27,22,19,0,0,0,0,1,6,0,482070,3280,2009,0,CLUBCREEK,99999999999999999999,0000000,29.68001667,-95.54912778,1,2
48,469,4,29,5,0,1,2,1,0,16,5,0,8,0,2,1,1,2,30,1,1,1,1,50,3,2,1,0,1,5,0,5,4,5,17,0,0,0,0,1,4,0,482071,7190,2009,0,LAURENT,VILLAGE,0000000,28.81911389,-96.99209444,1,1
48,141,5,11,20,50,1,2,0,0,16,5,0,1,0,1,4,4,2,40,1,1,5,1,0,0,3,1,0,0,20,53,21,1,21,38,0,0,0,0,1,2,0,482072,2190,2009,0,DESERT,99999999999999999999,0000000,31.85555556,-106.5744194,1,1
48,113,6,1,21,0,1,2,1,1,13,8,0,8,0,1,1,2,6,35,1,1,2,1,0,0,3,1,0,0,21,1,21,5,21,29,0,0,0,0,1,2,0,482073,1730,2009,77,SL12,99999999999999999999,0000000,32.76758333,-96.68263889,1,1
48,201,7,5,4,35,3,2,1,1,12,2,0,14,1,1,2,3,3,60,1,1,1,1,0,0,3,1,0,0,4,35,4,47,5,25,0,0,0,0,1,1,0,482074,3280,2009,316,US-290,99999999999999999999,0000000,29.86455,-95.53453611,1,1
48,363,7,11,23,0,1,2,0,0,14,8,0,1,0,1,4,1,2,60,2,1,2,1,0,0,2,1,0,0,10,10,10,30,11,54,0,0,0,0,1,7,1,482075,0,2009,21,FM3027,99999999999999999999,0000000,32.83979444,-98.117025,1,1
48,453,7,14,8,21,1,2,1,0,16,5,0,30,0,1,2,1,4,35,1,1,1,1,0,0,1,1,0,0,88,88,88,88,88,88,0,0,0,0,1,3,0,482076,330,2009,0,51ST,99999999999999999999,0000000,30.29731111,-97.68536944,1,1
48,439,7,17,14,24,2,2,0,0,16,5,0,12,4,1,1,5,4,35,1,1,2,1,0,0,1,1,0,0,14,26,14,31,15,2,0,0,0,0,1,6,0,482077,3347,2009,0,PIPELINE,99999999999999999999,0000000,32.82355833,-97.16430833,2,1
48,39,7,23,19,15,2,5,0,0,6,4,0,12,5,1,1,1,2,40,1,1,2,2,0,0,5,1,0,0,19,23,19,42,20,5,0,0,0,0,1,5,1,482078,0,2009,0,143,99999999999999999999,0000000,29.51835556,-95.28895833,2,1
48,139,7,29,21,47,2,4,0,0,4,2,0,24,0,1,4,1,4,65,1,1,1,1,0,0,2,1,0,0,21,54,22,3,22,45,0,0,0,0,1,4,0,482079,4570,2009,44,US-67,99999999999999999999,0000000,32.49476111,-96.99509722,2,1
48,187,7,29,15,18,2,2,0,0,14,8,0,12,2,2,1,1,2,45,1,1,2,1,0,0,1,1,0,0,88,88,88,88,88,88,0,99,99,99,1,4,0,482080,6237,2009,28,FM1518,COMMERCIAL,0000000,29.55976389,-98.28748889,2,1
48,201,7,31,21,53,3,3,0,0,16,5,0,12,2,1,1,1,2,45,1,1,1,1,0,0,3,1,0,0,88,88,88,88,88,88,0,14,0,0,1,6,0,482081,3280,2009,0,GENOAREDBLUFF,99999999999999999999,0000000,29.63096111,-95.15443611,3,1
48,479,8,3,11,34,1,3,0,1,13,2,0,25,0,1,3,3,3,35,1,1,2,1,0,0,1,1,0,0,11,37,11,44,11,59,0,0,0,0,2,2,0,482082,3899,2009,14,US-83,99999999999999999999,0000000,27.501025,-99.46871389,1,1
48,39,8,14,10,0,2,2,0,0,4,4,0,12,5,2,1,2,2,60,1,1,2,1,20,3,1,1,0,0,88,88,88,88,88,88,0,0,0,0,1,6,0,482083,5973,2009,24,713P,FM521,0000000,29.31345833,-95.45020556,2,1
48,29,8,27,11,15,1,1,0,1,13,8,0,30,0,1,4,1,4,30,1,1,2,1,0,0,1,1,0,0,11,26,11,33,12,3,0,0,0,0,1,5,0,482085,6090,2009,201,SL353,99999999999999999999,0000000,29.38636111,-98.52394444,1,1
48,29,8,28,22,19,2,4,0,0,3,3,0,12,3,2,1,2,9,65,1,1,2,1,0,0,3,1,0,0,22,28,22,54,23,37,0,0,0,0,1,6,0,482086,6090,2009,132,SR-16,BRENTWOOD,0000000,29.17853333,-98.58480556,2,1
48,29,8,28,6,7,2,2,0,1,13,8,0,12,4,1,1,5,4,45,1,1,2,1,0,0,2,1,0,0,99,99,99,99,6,30,0,0,0,0,1,6,0,482087,0,2009,208,FM78,99999999999999999999,0000000,29.5505,-98.27370278,2,1
48,27,8,29,16,45,1,1,0,0,6,4,0,32,0,1,4,1,2,60,1,3,2,1,0,0,1,1,0,0,88,88,88,88,88,88,0,0,0,0,1,7,0,482088,0,2009,0,ARMSTRONG,99999999999999999999,0000000,30.94473333,-97.46470833,1,1
48,251,8,29,14,1,1,3,0,0,6,4,0,42,0,3,4,1,2,40,1,1,2,2,20,3,1,1,0,0,14,20,14,44,15,15,0,0,0,0,1,7,1,482089,0,2009,0,913,916,0000000,32.4996,-97.56027222,1,1
48,101,8,30,21,15,1,2,1,9,99,2,0,8,0,1,4,1,2,65,1,1,2,1,0,0,2,1,0,0,21,17,21,27,88,88,0,0,0,0,1,1,0,482090,0,2009,99999,US-70,99999999999999999999,0000000,,,1,1
48,283,8,30,22,0,1,2,0,0,6,4,0,30,0,1,4,1,2,55,1,2,5,1,0,0,2,1,0,0,88,88,88,88,88,88,0,0,0,0,1,1,1,482091,0,2009,0,ALAMO,99999999999999999999,0000000,28.05780833,-99.36815278,1,1
48,251,8,31,8,19,1,1,0,0,3,3,0,1,0,1,1,1,2,60,1,3,2,1,0,0,1,1,0,1,8,23,8,40,9,14,0,3,0,0,1,2,0,482092,0,2009,27,SR-174,99999999999999999999,0000000,32.30401944,-97.38706111,1,1
48,27,9,2,12,40,2,5,0,0,6,4,0,12,4,1,1,1,2,55,1,2,2,1,0,0,1,1,0,0,12,53,13,10,13,56,0,0,0,0,2,4,0,482093,0,2009,0,CHAPARRAL,99999999999999999999,0000000,31.02786944,-97.69493056,2,1
48,453,9,2,1,50,1,1,0,0,6,4,0,52,0,1,4,2,2,65,1,1,1,1,98,3,3,1,0,0,88,88,88,88,88,88,0,0,0,0,1,4,1,482094,5325,2009,0,TOLL130,99999999999999999999,0000000,30.35450833,-97.59116667,1,1
48,209,9,4,14,10,1,1,0,0,6,4,0,1,0,1,1,1,2,30,2,2,2,1,40,3,1,1,0,0,14,33,14,56,15,30,0,0,0,0,1,6,1,482095,0,2009,0,215,99999999999999999999,0000000,29.91606111,-98.12139722,1,1
48,29,9,6,3,30,2,2,0,0,5,8,0,12,2,3,1,1,2,45,2,1,2,1,0,0,2,1,0,0,88,88,88,88,88,88,0,0,0,0,1,1,1,482096,33,2009,10,FM3465,SL1604,0000000,29.35958611,-98.246075,2,1
48,453,9,9,17,0,1,1,0,0,6,4,0,1,0,1,4,1,2,50,1,1,2,1,0,0,1,1,0,0,88,88,88,88,88,88,0,0,0,0,1,4,1,482097,0,2009,0,DECKERLAKE,99999999999999999999,0000000,30.28743056,-97.62273056,1,1
48,135,9,10,12,15,1,2,0,0,3,2,0,5,0,2,1,2,2,70,1,1,2,1,0,0,1,1,0,0,88,88,88,88,88,88,0,0,0,0,1,5,0,482098,0,2009,97,US-385,ANTIGUA,0000000,31.71226944,-102.3482667,1,1
48,453,9,10,19,30,2,3,0,0,4,8,0,12,2,1,1,1,2,60,1,1,2,1,0,0,1,1,0,0,19,33,19,45,20,34,0,0,0,0,1,5,1,482099,0,2009,8,FM973,99999999999999999999,0000000,30.33074167,-97.56027778,2,1
48,1,9,11,21,50,1,6,0,0,4,3,0,42,0,3,4,1,2,60,2,2,2,2,20,3,2,2,0,0,22,3,22,15,99,99,0,0,0,0,3,6,0,482100,0,2009,106,SR-294,133,0000000,31.61883611,-95.60551667,1,2
48,453,9,11,22,50,2,4,0,0,4,8,0,12,2,1,1,1,2,55,1,1,2,2,0,0,2,2,0,0,22,52,23,5,23,44,0,0,0,0,1,6,0,482101,0,2009,203,FM969,99999999999999999999,0000000,30.24900278,-97.57148333,2,2
48,289,9,12,4,15,1,1,0,1,2,2,0,42,0,1,4,1,2,60,2,1,2,2,0,0,2,2,0,0,88,88,88,88,88,88,0,0,0,0,1,7,0,482102,0,2009,111,US-79,99999999999999999999,0000000,31.34187222,-96.181225,1,2
48,55,9,13,5,0,1,1,0,0,4,8,0,1,0,1,4,1,2,60,1,1,2,1,0,0,2,1,0,0,88,88,88,88,88,88,0,0,0,0,1,1,1,482103,0,2009,59,FM2001,99999999999999999999,0000000,29.90993333,-97.72501944,1,1
48,139,9,13,16,50,2,3,0,1,2,3,0,12,2,1,1,1,2,65,1,1,2,2,0,0,1,2,0,0,16,51,17,0,17,39,0,0,0,0,1,1,0,482104,0,2009,58,SR-34,99999999999999999999,0000000,32.37626389,-96.54330278,2,2
48,161,9,14,16,21,4,5,0,0,3,2,0,12,8,1,1,1,2,70,1,1,2,2,0,0,1,2,0,0,16,30,16,35,17,7,0,0,0,0,1,2,0,482105,0,2009,4,US-84,99999999999999999999,0000000,31.68476111,-96.41441667,4,2
48,221,9,15,6,23,2,3,1,0,5,8,0,12,5,1,1,1,2,65,1,2,2,1,0,0,2,1,0,0,88,88,88,88,88,88,0,23,19,0,1,3,0,482106,0,2009,86,FM51,99999999999999999999,0000000,32.35314722,-97.85603333,2,1
48,469,9,18,21,6,1,1,0,0,6,4,0,1,0,1,4,1,2,40,1,2,5,1,0,0,2,1,0,0,21,9,21,26,99,99,0,0,0,0,1,6,1,482107,0,2009,0,OLDHIGHWAY,99999999999999999999,0000000,28.86751667,-96.84199167,1,1
48,439,9,20,6,12,1,2,1,1,11,1,0,8,0,1,1,3,9,60,1,1,1,1,0,0,2,1,0,0,88,88,88,88,88,88,0,23,0,0,1,1,0,482108,260,2009,95,I-20,99999999999999999999,0000000,32.67795,-97.09660556,1,1
48,439,9,24,13,14,1,2,0,0,14,8,0,1,0,1,4,1,2,45,1,2,2,1,0,0,1,1,0,0,88,88,88,88,88,88,0,0,0,0,2,5,0,482109,0,2009,25,FM1886,99999999999999999999,0000000,32.82538611,-97.53243056,1,1
48,19,9,26,1,59,2,3,0,0,3,3,0,12,1,3,1,5,4,65,1,1,2,1,0,0,2,1,0,0,2,22,2,38,3,0,0,0,0,0,1,7,1,482110,0,2009,42,SR-16,POLLYPEAK,0000000,29.74457778,-99.02086667,2,1
48,29,10,1,10,19,1,3,2,0,3,3,0,9,0,1,2,1,2,65,2,1,2,1,0,0,1,1,0,1,10,39,10,47,11,12,0,0,0,0,2,5,0,482111,0,2009,73,SR-16,99999999999999999999,0000000,29.61313056,-98.72162778,1,1
48,367,10,1,1,2,2,1,0,1,1,1,0,12,11,1,1,3,2,65,1,2,2,1,0,0,6,1,0,0,1,25,1,45,99,99,0,23,19,0,1,5,0,482112,0,2009,66,I-20,99999999999999999999,0000000,32.69748889,-97.97045556,2,1
48,37,10,3,3,4,1,1,0,1,11,1,0,35,0,5,8,6,1,60,2,2,1,1,0,0,3,1,0,0,88,88,88,88,88,88,0,20,0,0,1,7,1,482114,6850,2009,374,I-30,99999999999999999999,0000000,33.45421111,-94.13018056,1,1
48,73,10,4,13,15,1,2,0,0,5,8,0,42,0,1,4,1,2,55,2,2,2,2,0,0,1,2,0,0,13,23,13,35,14,12,0,0,0,0,2,1,0,482115,0,2009,22,FM241,99999999999999999999,0000000,31.75105,-95.12936111,1,2
48,85,10,9,10,28,2,2,0,0,16,5,0,12,1,1,1,3,5,70,1,1,1,2,0,0,1,2,0,0,10,27,10,35,10,50,0,0,0,0,1,6,0,482116,5390,2009,0,PRESIDENTGEORGEBUSH,99999999999999999999,0000000,33.01241667,-96.80431667,2,2
48,189,10,11,3,50,2,6,0,1,1,1,0,12,2,1,1,2,2,65,1,3,1,2,0,0,3,5,0,0,4,15,4,26,5,29,0,0,0,0,1,1,1,482117,0,2009,120,I-27,99999999999999999999,0000000,33.99841667,-101.8537417,2,5
48,421,10,13,5,46,2,2,0,0,4,8,0,12,11,1,1,1,2,55,1,1,2,2,0,0,2,1,0,0,88,88,88,88,88,88,0,19,0,0,1,3,0,482118,0,2009,262,FM119,99999999999999999999,0000000,36.09841111,-101.828825,2,1
48,453,10,14,6,51,1,2,1,0,16,5,0,8,0,3,1,1,4,40,1,1,2,1,3,3,3,1,0,0,88,88,88,88,88,88,0,0,0,0,1,4,0,482119,330,2009,0,BURNET,RICHCREEK,0000000,30.35053333,-97.7343,1,1
48,113,10,15,5,52,1,2,0,0,16,5,0,30,0,1,4,1,2,30,2,2,1,2,40,3,3,1,0,0,5,57,6,2,6,25,0,0,0,0,1,5,0,482120,1730,2009,0,BONNIEVIEW,99999999999999999999,0000000,32.72557778,-96.78771667,1,1
48,201,10,15,21,13,1,2,1,0,6,4,0,8,0,8,1,1,2,30,1,1,1,1,0,0,2,1,0,0,88,88,88,88,88,88,0,0,0,0,1,5,0,482121,0,2009,0,GRANDPRIX,99999999999999999999,0000000,29.95818889,-95.25446389,1,1
48,203,10,15,20,3,1,2,0,0,6,4,0,30,0,1,4,1,2,45,2,1,2,2,0,0,2,1,0,0,20,4,20,23,21,14,0,0,0,0,1,5,1,482122,0,2009,0,1205,99999999999999999999,0000000,32.42344167,-94.18257222,1,1
48,245,10,15,21,55,1,1,0,0,3,3,0,1,0,1,4,2,4,65,1,1,2,1,0,0,2,1,0,0,88,88,88,88,88,88,0,0,0,0,1,5,1,482123,0,2009,195,SR-73,99999999999999999999,0000000,29.86290278,-94.07918889,1,1
48,1,10,16,14,55,2,3,0,1,13,2,0,12,5,2,1,5,4,55,2,2,2,1,0,0,1,1,0,0,14,56,15,2,99,99,0,0,0,0,1,6,0,482124,5170,2009,199,US-287,UPPERLAKE,0000000,31.77421111,-95.66441667,2,1
48,27,10,16,23,16,1,1,0,1,13,8,0,27,0,1,5,5,4,50,1,1,2,1,0,0,2,1,0,0,23,20,23,42,23,54,0,0,0,0,1,6,0,482125,3690,2009,64,BU190F,99999999999999999999,0000000,31.09465278,-97.68596667,1,1
48,113,10,16,22,0,2,4,0,0,16,5,0,12,5,2,1,2,6,40,1,1,2,1,0,0,3,1,0,0,88,88,88,88,88,88,0,0,0,0,1,6,1,482126,1730,2009,0,COIT,CLEARSPRINGS,0000000,32.93720833,-96.76889444,2,1
48,209,10,16,6,16,2,2,0,0,3,3,0,12,8,1,1,1,2,60,1,1,1,1,0,0,2,1,0,0,88,88,88,88,88,88,0,0,0,0,1,6,0,482127,0,2009,120,SR-21,99999999999999999999,0000000,29.982075,-97.7633,2,1
48,209,10,16,0,10,1,1,0,0,6,4,0,24,0,1,5,1,2,40,2,2,2,1,40,3,2,1,0,0,88,88,88,88,88,88,0,0,0,0,1,6,1,482128,0,2009,0,REDWOOD,99999999999999999999,0000000,29.82543611,-97.92003889,1,1
48,329,10,16,23,54,1,1,0,0,16,5,0,34,0,1,3,2,2,40,2,1,2,1,0,0,3,1,0,0,88,88,88,88,88,88,0,0,0,0,1,6,0,482129,4560,2009,0,DEAUVILLE,99999999999999999999,0000000,31.99275278,-102.1632389,1,1
48,339,10,16,10,18,5,7,0,0,14,8,0,12,5,2,1,1,4,55,1,1,1,1,3,3,1,1,0,0,10,21,10,25,11,4,0,0,0,0,3,6,0,482130,1510,2009,32,FM1314,SL336,0000000,30.28684167,-95.42496667,5,1
48,113,10,17,21,45,1,2,1,0,16,5,0,8,0,1,1,2,6,35,1,1,2,1,0,0,3,1,0,0,88,88,88,88,88,88,0,0,0,0,1,7,0,482131,1730,2009,0,FORTWORTH,99999999999999999999,0000000,32.763675,-96.85326111,1,1
48,141,10,17,17,18,1,2,1,0,4,8,0,8,0,1,1,1,2,45,1,1,2,1,0,0,1,1,0,0,17,18,17,22,17,53,0,0,0,0,1,7,0,482132,3276,2009,70,FM1281,99999999999999999999,0000000,31.68278333,-106.1833111,1,1
48,143,10,17,20,55,1,2,0,0,5,8,0,42,0,1,4,1,2,60,2,2,2,1,0,0,2,1,0,0,20,59,21,10,88,88,0,0,0,0,1,7,1,482133,0,2009,60,FM2481,99999999999999999999,0000000,32.06239722,-98.01499167,1,1
48,373,10,17,20,38,1,2,0,0,3,3,0,1,0,1,2,1,2,60,1,1,2,1,0,0,2,1,0,0,20,45,21,19,21,44,0,0,0,0,1,7,0,482134,0,2009,143,SR-146,99999999999999999999,0000000,30.534275,-94.80149722,1,1
48,373,10,17,2,30,1,2,0,0,3,3,0,42,0,1,4,1,2,65,1,2,2,1,0,0,2,1,0,0,88,88,88,88,88,88,0,0,0,0,1,7,1,482135,0,2009,143,SR-146,99999999999999999999,0000000,30.53711111,-94.80256944,1,1
48,467,10,17,9,40,1,4,0,0,3,2,0,37,0,1,4,2,4,70,1,1,2,1,0,0,1,1,0,0,10,2,10,24,10,57,0,0,0,0,1,7,0,482136,0,2009,256,US-80,99999999999999999999,0000000,32.67409444,-95.63998611,1,1
48,113,10,18,17,49,2,4,0,0,16,5,0,12,1,1,1,1,2,35,1,2,1,1,0,0,1,1,0,0,17,54,17,59,99,99,0,0,0,0,1,1,1,482137,1730,2009,0,MARSALIS,99999999999999999999,0000000,32.68331389,-96.81450833,2,1
48,195,10,18,16,40,1,5,0,0,6,4,0,1,0,1,4,1,2,60,1,1,5,1,0,0,1,1,0,0,17,7,17,38,18,31,0,0,0,0,1,1,0,482138,0,2009,0,13,99999999999999999999,0000000,36.21095,-101.3978972,1,1
48,199,10,18,4,20,1,1,0,0,4,8,0,1,0,1,4,1,2,65,2,1,2,1,0,0,2,1,0,0,88,88,88,88,88,88,0,0,0,0,1,1,0,482139,0,2009,200,FM770,99999999999999999999,0000000,30.21937222,-94.60835833,1,1
48,349,10,17,21,45,1,1,0,0,3,8,0,38,0,1,4,1,2,55,1,2,2,1,0,0,2,1,0,0,88,88,88,88,88,88,0,0,0,0,1,7,0,482140,0,2009,136,FM744,99999999999999999999,0000000,32.03426389,-96.65740278,1,1
48,113,10,19,16,26,2,2,0,0,16,5,0,12,7,3,1,2,6,20,1,1,1,1,30,3,1,1,0,0,88,88,88,88,88,88,0,21,0,0,1,2,1,482141,1730,2009,0,JUPITER,FERNALD,0000000,32.86025,-96.683175,2,1
48,201,10,19,4,15,2,2,0,0,16,5,0,12,5,2,1,1,4,45,1,1,2,1,3,3,3,1,0,0,4,37,4,54,5,21,0,20,0,0,1,2,1,482142,0,2009,0,VETERANSMEMORIAL,ANTOINE,0000000,29.96110556,-95.47803611,2,1
48,231,10,19,18,32,1,1,0,0,4,8,0,1,0,1,1,1,2,55,2,1,2,1,0,0,1,1,0,0,18,34,18,49,19,25,0,0,0,0,1,2,1,482143,0,2009,43,FM1567,99999999999999999999,0000000,33.01811111,-95.89184722,1,1