STATE,COUNTY,MONTH,DAY,HOUR,MINUTE,VE_TOTAL,PERSONS,PEDS,NHS,ROAD_FNC,ROUTE,SP_JUR,HARM_EV,MAN_COLL,REL_JUNC,REL_ROAD,TRAF_FLO,NO_LANES,SP_LIMIT,ALIGNMNT,PROFILE,PAVE_TYP,SUR_COND,TRA_CONT,T_CONT_F,LGT_COND,WEATHER1,WEATHER2,WRK_ZONE,NOT_HOUR,NOT_MIN,ARR_HOUR,ARR_MIN,HOSP_HR,HOSP_MN,SCH_BUS,CF1,CF2,CF3,FATALS,DAY_WEEK,DRUNK_DR,ST_CASE,CITY,YEAR,MILEPT,TWAY_ID,TWAY_ID2,RAIL,LATITUDE,LONGITUD,VE_FORMS,WEATHER
48,121,10,20,8,5,2,2,0,1,11,1,0,24,0,1,4,3,3,60,2,1,2,1,0,0,1,1,0,0,8,12,8,25,8,47,0,0,0,0,1,3,0,482144,3960,2009,36,I-35,99999999999999999999,0000000,33.00888889,-96.97493889,2,1
48,453,10,20,14,28,3,4,0,1,13,8,0,12,5,2,1,2,3,60,1,1,1,1,3,3,1,1,0,0,14,28,14,31,15,1,0,0,0,0,1,3,0,482145,330,2009,10,FM734,RIATAVISTA,0000000,30.43426111,-97.73178889,3,1
48,29,10,21,19,51,1,1,0,0,16,5,0,33,0,1,4,5,4,40,1,1,2,2,0,0,3,2,0,0,88,88,88,88,88,88,0,0,0,0,1,4,0,482146,6090,2009,0,AT&TCENTER,99999999999999999999,0000000,29.42636667,-98.43436667,1,2
48,201,10,21,0,0,1,1,0,1,12,8,0,30,0,3,4,2,4,40,1,1,1,1,0,0,3,1,0,0,0,2,0,6,0,27,0,0,0,0,1,4,1,482147,3280,2009,69,BU90U,STELLALINK,0000000,29.66249167,-95.44014167,1,1
48,329,10,21,16,8,1,2,0,0,16,5,0,33,0,1,4,2,2,35,1,1,2,2,0,0,1,1,0,0,16,14,16,18,16,27,0,0,0,0,1,4,0,482148,4560,2009,0,SHCARBAUER,99999999999999999999,0000000,32.01641944,-102.0905389,1,1
48,331,10,21,5,28,1,1,0,0,4,8,0,1,0,1,4,1,2,65,2,2,2,1,0,0,2,1,0,0,88,88,88,88,88,88,0,0,0,0,1,4,1,482149,0,2009,67,FM908,99999999999999999999,0000000,30.58217778,-96.95799444,1,1
48,335,10,21,6,37,1,3,0,0,3,3,0,38,0,1,5,1,2,65,1,1,2,2,0,0,2,2,0,0,6,40,7,8,7,55,0,0,0,0,1,4,0,482150,0,2009,14,SR-350,99999999999999999999,0000000,32.50118333,-101.1476889,1,2
48,401,10,21,22,30,1,1,0,0,4,3,0,53,0,1,4,1,2,65,2,2,2,2,0,0,2,2,0,0,88,88,88,88,88,88,0,0,0,0,1,4,0,482151,0,2009,105,SR-322,99999999999999999999,0000000,32.23666111,-94.79455278,1,2
48,167,10,22,13,24,3,4,0,0,14,8,0,12,8,1,2,1,2,55,1,1,1,1,0,0,1,1,0,0,13,35,13,52,14,17,0,0,0,0,1,5,0,482152,6213,2009,135,FM646,99999999999999999999,0000000,29.42351667,-95.09211111,3,1
48,423,10,22,18,10,2,2,0,0,3,3,0,12,5,8,1,1,4,55,1,2,2,1,0,0,1,1,0,0,18,12,18,19,18,36,0,0,0,0,1,5,0,482153,0,2009,258,SR-64,99999999999999999999,0000000,32.31792222,-95.20859722,2,1
48,121,10,23,19,57,2,3,0,0,4,8,0,12,4,1,1,1,2,50,2,1,2,1,0,0,2,1,0,0,20,0,20,4,20,52,0,0,0,0,1,6,0,482154,4007,2009,37,FM720,99999999999999999999,0000000,33.16723889,-96.97578056,2,1
48,149,10,23,10,31,2,2,0,0,4,2,0,12,5,1,1,1,2,65,1,1,2,1,0,0,1,1,0,0,10,32,10,37,12,27,0,0,0,0,1,6,0,482155,0,2009,25,US-90,99999999999999999999,0000000,29.68659722,-97.13881667,2,1
48,183,10,23,19,18,2,4,0,1,13,3,0,12,2,1,1,1,4,50,2,1,2,1,0,0,3,1,0,0,19,22,19,23,99,99,0,0,0,0,1,6,1,482156,3680,2009,64,SR-31,99999999999999999999,0000000,32.39628333,-94.8808,2,1
48,373,10,23,4,45,2,2,0,0,3,2,0,12,2,1,1,1,2,65,1,1,2,1,0,0,2,1,0,0,4,50,5,8,99,99,0,0,0,0,1,6,0,482158,0,2009,341,US-190,99999999999999999999,0000000,30.75168889,-94.60201111,2,1
48,453,10,23,1,40,1,1,0,1,11,1,0,99,99,1,1,3,4,55,2,1,2,1,0,0,3,1,0,0,1,42,1,47,2,2,0,0,0,0,1,6,0,482159,330,2009,164,I-35,99999999999999999999,0000000,30.24584722,-97.73500278,1,1
48,487,10,23,19,20,2,2,0,1,2,2,0,12,1,1,1,2,4,65,1,1,2,1,0,0,2,1,0,0,19,26,19,37,20,3,0,0,0,0,1,6,0,482160,0,2009,245,US-287,99999999999999999999,0000000,34.11520556,-99.10873333,2,1
48,113,10,24,13,45,1,1,0,0,16,5,0,33,0,1,4,2,4,30,1,1,1,1,0,0,1,1,0,0,13,52,13,57,14,22,0,0,0,0,1,7,1,482161,1730,2009,0,WELCH,99999999999999999999,0000000,32.92464444,-96.82869444,1,1
48,201,10,24,2,30,2,3,0,1,12,3,0,12,1,3,1,2,6,45,1,1,1,1,0,0,3,1,0,0,2,39,2,47,3,22,0,0,0,0,1,7,1,482162,0,2009,220,SR-249,VETERANSMEMORIAL,0000000,29.89799167,-95.42939167,2,1
48,365,10,24,19,40,1,2,0,0,6,4,0,42,0,1,4,1,2,40,2,2,2,1,0,0,2,1,0,0,88,88,88,88,88,88,0,0,0,0,2,7,1,482163,0,2009,0,101,99999999999999999999,0000000,32.14643056,-94.37624444,1,1
48,399,10,24,21,40,1,4,0,1,2,2,0,1,0,1,4,1,2,65,2,2,2,1,0,0,2,1,0,0,21,54,22,10,23,0,0,0,0,0,1,7,1,482164,0,2009,22,US-83,99999999999999999999,0000000,32.06858889,-99.92461111,1,1
48,215,10,25,16,35,1,3,2,1,12,2,0,8,0,1,2,3,3,65,1,1,2,1,0,0,1,1,0,0,16,38,16,45,17,4,0,0,0,0,2,1,0,482165,5330,2009,265,US-83,99999999999999999999,0000000,26.20559722,-98.19508333,1,1
48,375,10,25,23,30,1,6,0,0,3,3,0,1,0,1,4,1,2,65,1,1,2,1,0,0,2,1,0,0,23,40,0,4,0,45,0,0,0,0,1,1,0,482166,0,2009,127,SR-136,99999999999999999999,0000000,35.43610556,-101.6353583,1,1
48,399,10,25,18,10,2,7,0,0,4,3,0,12,2,1,1,1,2,70,2,2,2,1,0,0,1,1,0,0,18,11,18,17,18,55,0,0,0,0,1,1,0,482167,0,2009,128,SR-153,99999999999999999999,0000000,31.95844444,-100.0127944,2,1
48,439,10,25,3,0,2,7,0,0,16,5,0,12,2,2,1,2,4,45,1,1,1,1,0,0,3,1,0,0,3,1,3,6,4,1,0,0,0,0,1,1,1,482168,260,2009,0,MATLOCK,MATLOCKMEADOW,0000000,32.62872222,-97.11544167,2,1
48,491,10,25,7,24,2,2,0,1,13,7,0,12,5,2,1,3,3,45,1,1,1,1,3,3,4,1,0,0,7,24,7,27,8,3,0,0,0,0,1,1,1,482169,330,2009,265,US-183,LAKELINE,0000000,30.47951389,-97.80343611,2,1
48,113,10,26,7,23,1,2,1,0,16,5,0,9,0,8,1,2,6,40,1,1,1,2,0,0,2,2,0,0,7,23,7,28,99,99,0,0,0,0,1,2,0,482170,2590,2009,0,PLANO,99999999999999999999,0000000,32.91524167,-96.70052222,1,2
48,5,10,27,16,45,1,2,0,0,4,8,0,42,0,1,4,1,2,55,2,1,2,1,0,0,1,1,0,0,88,88,88,88,88,88,0,0,0,0,1,3,1,482171,0,2009,21,FM842,99999999999999999999,0000000,31.38379444,-94.67283611,1,1
48,401,10,27,10,30,1,1,0,0,4,8,0,42,0,1,4,1,2,60,2,1,2,1,0,0,1,1,0,0,10,31,10,38,99,99,0,0,0,0,1,3,0,482172,0,2009,119,FM840,99999999999999999999,0000000,32.12453611,-94.76028889,1,1
48,29,10,28,5,55,1,1,0,1,1,1,0,26,0,1,3,3,2,65,2,1,2,1,0,0,2,1,0,0,6,49,7,20,88,88,0,0,0,0,1,4,0,482173,0,2009,20,I-10,99999999999999999999,0000000,29.71920556,-98.66565833,1,1
48,55,10,28,18,44,3,5,0,0,3,3,0,51,0,1,1,1,2,65,1,2,2,2,0,0,5,1,0,1,18,54,19,1,20,13,0,0,0,0,2,4,0,482174,9997,2009,21,SR-21,99999999999999999999,0000000,30.03014444,-97.67633333,3,1
48,161,10,28,0,30,1,1,0,0,4,3,0,1,0,1,4,1,2,70,1,2,2,1,0,0,2,1,0,0,88,88,88,88,88,88,0,0,0,0,1,4,1,482175,0,2009,17,SR-75,99999999999999999999,0000000,31.8679,-96.31130278,1,1
48,347,10,29,12,19,2,4,0,0,3,3,0,12,8,1,1,1,2,70,2,2,2,2,0,0,1,1,0,0,12,22,12,40,13,9,0,0,0,0,2,5,0,482176,0,2009,144,SR-7,99999999999999999999,0000000,31.64435833,-94.40199722,2,1
48,375,10,30,2,25,1,1,0,1,11,7,0,33,0,5,4,4,3,45,1,1,1,1,0,0,3,1,0,0,2,26,2,27,2,42,0,0,0,0,1,6,1,482177,150,2009,176,I-40,99999999999999999999,0000000,35.19197778,-101.8213972,1,1
48,441,10,31,8,44,1,1,0,1,11,7,0,38,0,1,5,4,9,55,2,2,2,9,0,0,3,9,0,0,88,88,88,88,88,88,0,0,0,0,1,7,1,482178,30,2009,85,I-20,99999999999999999999,0000000,32.47101111,-99.80403056,1,9
48,215,9,14,17,5,1,16,0,0,14,8,0,47,0,1,5,1,2,55,1,2,8,1,0,0,1,1,0,0,88,88,88,88,88,88,0,20,0,0,1,2,0,482179,4650,2009,24,FM2062,99999999999999999999,0000000,26.1891,-98.37875,1,1
48,113,9,25,1,40,1,2,0,0,16,5,0,33,0,1,4,1,4,35,2,1,1,1,0,0,2,1,0,0,1,46,1,58,2,20,0,0,0,0,1,6,1,482180,1730,2009,0,TI,99999999999999999999,0000000,32.93368333,-96.74847778,1,1
48,185,9,25,6,42,2,5,0,1,2,3,0,12,5,1,1,1,2,70,1,1,2,1,0,0,1,1,0,0,6,50,7,11,8,14,0,0,0,0,1,6,0,482181,0,2009,36,SR-105,99999999999999999999,0000000,30.36925833,-96.02393056,2,1
48,339,10,31,2,16,1,1,0,0,16,5,0,42,0,1,4,1,2,35,2,1,1,1,0,0,3,1,0,0,2,18,2,24,2,55,0,20,0,0,1,7,0,482182,6884,2009,0,MILLBEND,99999999999999999999,0000000,30.13657222,-95.47017222,1,1
48,171,9,26,15,1,2,3,0,1,2,2,0,12,11,8,1,1,4,70,1,1,2,1,0,0,1,1,0,0,15,10,15,35,16,11,0,0,0,0,1,7,0,482183,0,2009,174,US-290,99999999999999999999,0000000,30.23558611,-98.60878056,2,1
48,113,9,28,6,43,1,2,1,0,16,5,0,8,0,3,4,1,2,30,1,1,2,1,3,3,4,1,0,0,6,49,6,53,99,99,0,0,0,0,1,2,0,482184,1730,2009,0,HICKORY,CENTRALEXPRESSWAY,0000000,32.77334722,-96.78291389,1,1
48,13,10,1,23,48,2,3,0,0,4,3,0,12,5,2,1,1,2,65,1,1,2,1,20,3,2,1,0,0,23,48,0,23,0,50,0,0,0,0,1,5,1,482185,0,2009,113,SR-173,FM2146,0000000,28.97315556,-98.65233333,2,1
48,91,10,3,8,0,2,3,0,1,13,8,0,12,6,1,1,1,2,60,1,2,2,2,0,0,1,2,0,0,8,11,8,47,9,10,0,0,0,0,1,7,0,482186,0,2009,92,FM306,99999999999999999999,0000000,29.93715833,-98.30446111,2,2
48,201,10,3,22,20,1,2,1,1,12,7,0,8,0,1,1,4,3,45,1,1,1,2,0,0,2,2,0,0,88,88,88,88,88,88,0,0,0,0,1,7,0,482187,3280,2009,97,US-59,99999999999999999999,0000000,29.71380278,-95.50193889,1,2
48,453,10,3,6,56,2,2,0,1,12,2,0,12,2,2,1,2,4,55,1,1,2,1,3,3,4,1,0,0,6,56,7,2,7,23,0,0,0,0,1,7,0,482188,330,2009,54,US-290,FM1826,0000000,30.22920278,-97.88835556,2,1
48,215,10,5,14,40,1,1,0,0,6,4,0,38,0,3,5,1,2,20,1,1,2,1,0,0,1,1,0,0,88,88,88,88,88,88,0,0,0,0,1,2,0,482189,0,2009,0,RANCHOBLANCO,CATHY,0000000,26.14993056,-98.1225,1,1
48,157,10,11,19,44,2,2,0,1,12,2,0,12,5,2,1,2,2,65,1,1,1,2,20,3,5,5,0,0,19,44,19,55,99,99,0,0,0,0,1,1,0,482190,5970,2009,229,US-59,DAILY,0000000,29.51197778,-95.89441667,2,5
48,325,10,11,11,45,2,9,0,1,2,2,0,12,5,2,1,2,2,70,1,1,2,2,20,3,1,2,0,0,11,49,11,57,12,30,0,0,0,0,1,1,0,482191,2015,2009,3,US-90,4621,0000000,29.35224444,-98.99113056,2,2
48,113,10,16,15,50,1,3,1,1,13,8,0,8,0,1,1,2,2,50,1,1,2,1,0,0,1,1,0,0,15,51,15,56,99,99,0,0,0,0,1,6,0,482192,1730,2009,205,LP12,99999999999999999999,0000000,32.71282778,-96.6915,1,1
48,39,10,18,0,25,2,2,0,1,2,3,0,12,2,1,1,1,6,60,1,1,1,1,0,0,2,1,0,0,0,33,0,57,1,14,0,0,0,0,1,1,1,482193,5973,2009,5,SR-6,99999999999999999999,0000000,29.49611667,-95.43955556,2,1
48,343,10,21,20,5,1,1,0,0,5,8,0,32,0,1,4,1,2,45,1,2,1,2,0,0,3,2,0,0,88,88,88,88,88,88,0,0,0,0,1,4,1,482194,4820,2009,3,FM161,99999999999999999999,0000000,33.19895556,-94.67955278,1,2
48,309,10,25,22,41,2,3,0,1,13,2,0,12,5,2,1,1,4,40,1,1,1,1,20,3,3,1,0,0,22,50,22,54,23,13,0,0,0,0,2,1,2,482195,7210,2009,222,US-84,27,0000000,31.54137222,-97.15503333,2,1
48,453,10,28,21,25,1,2,1,1,12,7,0,8,0,1,1,4,4,45,1,2,2,2,0,0,2,1,0,0,88,88,88,88,88,88,0,0,0,0,1,4,0,482196,330,2009,91,US-183,99999999999999999999,0000000,30.33399167,-97.69065556,1,1
48,277,10,29,21,55,2,2,0,1,13,2,0,12,5,2,1,1,4,50,1,1,1,1,0,0,2,1,0,0,21,56,22,4,22,27,0,0,0,0,1,5,1,482197,5220,2009,0,US-82,LP286RAMP,0000000,33.66079167,-95.59986944,2,1
48,113,10,31,19,56,2,6,0,0,16,5,0,1,0,2,1,1,2,30,1,1,1,1,20,3,3,1,0,0,19,57,19,58,20,20,0,0,0,0,1,7,0,482198,3420,2009,0,FOURTH,WESTBROOK,0000000,32.81059722,-96.97854167,2,1
48,201,10,31,2,24,2,2,0,0,6,4,0,12,2,1,1,1,2,35,1,1,2,1,0,0,2,1,0,0,2,38,2,55,3,17,0,0,0,0,1,7,0,482199,0,2009,0,ALDINE,99999999999999999999,0000000,29.90227778,-95.36177778,2,1
48,439,3,7,13,23,1,1,0,0,16,5,0,33,0,1,4,2,2,40,2,1,2,1,0,0,1,1,0,0,13,30,13,30,99,99,0,0,0,0,1,7,0,482200,260,2009,0,BARDIN,99999999999999999999,0000000,32.67023056,-97.13995278,1,1
48,85,9,5,20,38,1,2,1,0,16,5,0,8,0,2,1,1,2,30,1,1,2,1,0,0,3,1,0,0,20,38,20,42,21,5,0,0,0,0,1,7,1,482202,4230,2009,0,BUMPAS,STANDIFER,0000000,33.19258889,-96.60319167,1,1
48,201,4,13,20,50,1,1,0,1,11,7,0,33,0,1,4,4,3,45,1,1,1,1,0,0,2,1,0,0,21,0,21,18,21,49,0,0,0,0,1,2,0,482203,3280,2009,98,I-10,99999999999999999999,0000000,29.78544722,-95.65088333,1,1
48,201,4,22,16,35,2,3,0,1,11,7,0,12,5,10,1,4,3,45,1,1,1,1,3,3,1,1,0,0,16,37,16,47,17,24,0,0,0,0,1,4,0,482204,3280,2009,88,I-45,SL8,0000000,29.606625,-95.20478333,2,1
48,157,5,24,19,37,1,1,0,0,16,5,0,33,0,1,4,1,2,45,1,1,1,2,0,0,1,1,0,0,88,88,88,88,88,88,0,0,0,0,1,1,1,482205,3280,2009,0,FONDREN,99999999999999999999,0000000,29.609225,-95.50734722,1,1
48,201,6,5,19,37,1,1,0,1,11,1,0,25,0,1,4,3,5,60,1,1,1,1,0,0,1,1,0,0,19,38,19,49,20,2,0,0,0,0,1,6,0,482206,3280,2009,198,I-45,99999999999999999999,0000000,29.71989722,-95.32351944,1,1
48,201,6,6,20,26,2,4,0,1,11,7,0,12,11,5,1,6,1,45,1,1,1,1,0,0,3,1,0,0,88,88,88,88,88,88,0,0,0,0,1,7,1,482207,3280,2009,102,I-45,99999999999999999999,0000000,29.618825,-95.21946111,2,1
48,201,6,29,1,57,1,5,0,0,16,5,0,43,0,3,5,1,2,40,1,1,1,1,3,3,3,1,0,0,2,1,2,12,2,53,0,0,0,0,1,2,1,482208,3280,2009,0,TIDWELL,HARDY,0000000,29.84628333,-95.35920278,1,1
48,201,7,18,19,40,2,3,0,1,11,1,0,25,0,1,3,3,4,60,1,1,2,2,0,0,3,2,0,0,19,43,19,55,20,32,0,0,0,0,1,7,0,482209,3280,2009,413,I-10,99999999999999999999,0000000,29.77449167,-95.13986389,2,2
48,201,8,3,16,10,1,1,0,1,12,3,0,43,0,1,3,2,3,60,1,1,1,1,0,0,1,1,0,0,88,88,88,88,88,88,0,0,0,0,1,2,0,482210,3280,2009,98,SR-288,99999999999999999999,0000000,29.6143,-95.38703333,1,1
48,201,8,14,16,0,1,1,0,0,16,5,0,33,0,1,4,2,2,35,1,1,1,1,0,0,1,1,0,0,88,88,88,88,88,88,0,0,0,0,1,6,0,482211,3280,2009,0,WOODWAY,99999999999999999999,0000000,29.76816667,-95.45198611,1,1
48,201,8,15,21,10,1,2,1,0,16,5,0,8,0,1,1,1,2,35,1,1,1,1,0,0,2,1,0,0,21,14,21,26,21,54,0,0,0,0,1,7,0,482212,3280,2009,0,LONGPOINT,99999999999999999999,0000000,29.79425556,-95.54028056,1,1
48,201,8,28,16,50,1,2,1,0,16,5,0,8,0,1,1,2,2,35,1,1,1,1,0,0,1,1,0,0,16,51,16,56,17,21,0,0,0,0,1,6,0,482213,3280,2009,0,BELLFORT,99999999999999999999,0000000,29.65702222,-95.49813333,1,1
48,201,9,6,23,50,1,2,1,1,11,7,0,8,0,3,1,4,3,45,1,1,1,1,0,0,2,1,0,0,23,50,23,55,0,14,0,0,0,0,1,1,0,482214,3280,2009,242,I-610,CALAIS,0000000,29.68343333,-95.3496,1,1
48,201,9,11,22,14,1,3,1,1,11,1,0,9,0,1,1,2,4,60,1,1,1,1,0,0,3,1,0,0,88,88,88,88,88,88,0,0,0,0,1,6,0,482215,3280,2009,321,I-45,99999999999999999999,0000000,29.86285833,-95.4041,1,1
48,201,9,26,18,42,1,1,0,1,11,7,0,33,0,1,10,4,4,50,1,1,1,1,0,0,1,1,0,0,19,37,19,54,20,9,0,0,0,0,1,7,1,482217,3280,2009,116,I-10,99999999999999999999,0000000,29.78436667,-95.62204444,1,1
48,67,9,27,18,25,2,3,0,0,6,4,0,12,5,3,1,1,2,45,1,1,2,1,21,3,1,1,0,0,18,31,18,48,19,41,0,0,0,0,1,1,0,482218,0,2009,0,4559,4565,0000000,32.9547,-94.08276667,2,1
48,285,9,29,17,25,1,1,0,0,3,2,0,1,0,1,4,1,2,70,1,1,2,1,0,0,1,1,0,0,17,50,18,26,19,15,0,0,0,0,1,3,0,482219,0,2009,103,US-90,99999999999999999999,0000000,29.48015556,-96.76601944,1,1
48,303,9,30,18,54,2,3,0,1,12,8,0,12,7,1,1,1,2,60,1,1,1,1,0,0,5,1,0,0,18,55,19,1,99,99,0,0,0,0,1,4,1,482220,4140,2009,146,LOOP289,99999999999999999999,0000000,33.54319722,-101.9350028,2,1
48,189,10,2,16,20,1,1,0,0,6,4,0,1,0,1,4,1,2,60,2,1,5,1,0,0,1,1,0,0,16,33,16,56,17,42,0,0,0,0,1,6,1,482221,0,2009,0,V,99999999999999999999,0000000,34.16665,-101.7234806,1,1
48,201,10,2,23,19,3,6,0,1,11,1,0,12,1,1,1,3,4,60,1,1,1,1,0,0,3,1,0,1,23,21,23,25,23,55,0,0,0,0,1,6,1,482222,3280,2009,23,I-610,99999999999999999999,0000000,29.81160278,-95.43436944,3,1
48,141,10,4,19,37,1,2,1,1,11,1,0,8,0,1,1,3,3,45,1,1,2,1,0,0,2,1,0,0,19,39,19,45,20,4,0,0,0,0,1,1,0,482223,2190,2009,242,I-10,99999999999999999999,0000000,31.76109167,-106.4929139,1,1
48,453,10,4,19,20,1,1,0,9,99,4,0,25,0,2,4,1,4,65,1,1,2,1,40,3,5,1,0,0,88,88,88,88,88,88,0,0,0,0,1,1,1,482224,0,2009,99999,20,FM734,0000000,30.34204722,-97.58049444,1,1
48,141,10,8,22,15,1,3,1,1,12,8,0,8,0,1,1,3,2,60,1,1,2,1,0,0,3,1,0,0,22,19,22,31,22,56,0,0,0,0,1,5,0,482225,2190,2009,32,SL375,99999999999999999999,0000000,31.704875,-106.3565667,1,1
48,439,10,8,21,43,2,3,0,1,11,1,0,12,2,1,1,3,4,60,2,2,1,1,0,0,3,1,0,0,21,43,21,47,22,23,0,0,0,0,1,5,1,482226,590,2009,66,I-20,99999999999999999999,0000000,32.68515833,-97.46142222,2,1
48,287,10,9,5,57,2,2,0,1,2,3,0,12,2,1,1,1,4,65,1,1,2,1,0,0,2,1,0,0,6,1,6,14,7,28,0,0,0,0,1,6,1,482227,0,2009,150,SR-21,99999999999999999999,0000000,30.34523056,-96.90019444,2,1
48,309,10,10,0,16,1,2,1,1,11,7,0,9,0,2,1,4,2,40,1,1,1,1,0,0,3,1,0,0,88,88,88,88,88,88,0,20,0,0,1,7,1,482228,7210,2009,133,I-35,IRVINGLEE,0000000,31.52081944,-97.13631111,1,1
48,201,10,12,19,31,3,5,0,0,16,5,0,12,4,1,1,1,4,30,1,1,2,2,0,0,3,2,0,0,19,43,19,47,20,21,0,0,0,0,2,2,0,482229,3280,2009,0,CLINTON,99999999999999999999,0000000,29.75657222,-95.29273889,3,2
48,73,10,14,15,11,2,3,0,1,13,3,0,12,4,2,1,1,2,45,1,1,1,1,3,3,1,1,0,0,15,10,15,10,15,20,0,0,0,0,1,4,0,482230,3470,2009,117,SR-69,SR-175,0000000,31.97369444,-95.27339444,2,1
48,113,10,15,0,31,1,2,0,1,11,1,0,25,0,1,8,3,4,60,2,1,1,1,0,0,3,1,0,0,0,34,0,41,1,16,0,0,0,0,1,5,1,482231,1730,2009,155,I-35,99999999999999999999,0000000,32.75666667,-96.80991667,1,1
48,445,10,16,15,41,1,5,0,0,4,8,0,1,0,1,4,1,2,70,1,1,2,1,0,0,1,1,0,0,15,49,16,10,99,99,0,0,0,0,1,6,0,482232,0,2009,36,FM213,99999999999999999999,0000000,33.05074167,-102.5333417,1,1
48,113,10,17,1,50,2,1,0,1,11,1,0,12,1,1,1,3,3,60,1,1,1,1,0,0,2,1,0,0,88,88,88,88,88,88,0,19,0,0,1,7,1,482233,7520,2009,99999,I-45,99999999999999999999,0000000,32.56091667,-96.66460833,2,1
48,441,10,18,15,10,1,1,0,0,16,5,0,39,0,1,4,1,4,45,2,1,2,1,0,0,1,1,0,0,15,14,15,23,15,36,0,0,0,0,1,1,0,482234,30,2009,0,JUDGEELY,99999999999999999999,0000000,32.47138333,-99.703375,1,1
48,201,10,19,22,38,2,4,0,1,11,1,0,12,3,5,1,6,2,60,1,1,1,1,0,0,3,1,0,0,22,39,22,44,23,40,0,0,0,0,1,2,0,482235,3280,2009,285,I-45,99999999999999999999,0000000,29.70158056,-95.29504722,2,1
48,37,10,20,14,5,2,4,0,1,1,1,0,12,5,5,1,6,1,70,1,1,2,1,20,3,1,1,0,0,14,6,14,22,14,53,0,0,0,0,2,3,0,482236,0,2009,165,I-30,SR-98,0000000,33.46430278,-94.47040278,2,1
48,41,10,21,0,36,2,3,0,1,13,8,0,30,0,1,4,5,4,45,2,3,2,1,0,0,3,1,0,0,88,88,88,88,88,88,0,0,0,0,1,4,2,482237,970,2009,112,FM1179,99999999999999999999,0000000,30.63838333,-96.36134722,2,1
48,141,10,21,20,44,2,3,0,0,14,8,0,12,2,1,1,1,2,45,1,1,1,1,0,0,3,1,0,0,20,46,20,52,21,35,0,0,0,0,1,4,0,482238,2190,2009,22,FM258,99999999999999999999,0000000,31.66473889,-106.3079,2,1
48,453,10,21,6,40,2,2,0,0,4,8,0,12,5,2,1,5,2,60,2,2,2,1,20,3,3,1,0,0,88,88,88,88,88,88,0,0,0,0,1,4,0,482239,0,2009,16,FM812,FM973,0000000,30.15295833,-97.670475,2,1
48,141,10,23,20,22,1,6,1,1,13,3,0,8,0,1,1,2,4,30,1,1,2,1,0,0,3,1,0,0,20,24,20,27,20,56,0,0,0,0,1,6,0,482240,2190,2009,251,SR-20,99999999999999999999,0000000,31.76398889,-106.4051583,1,1
48,331,10,23,0,29,1,1,0,1,13,2,0,33,0,3,4,5,4,30,2,3,2,1,0,0,3,1,0,0,88,88,88,88,88,88,0,0,0,0,1,6,0,482241,1100,2009,12,US-77,MILAM,0000000,30.85207778,-96.97314167,1,1
48,27,10,24,14,26,2,3,0,0,14,8,0,12,7,1,1,1,2,55,2,2,2,1,0,0,1,1,0,1,88,88,88,88,88,88,0,0,0,0,1,7,0,482242,6810,2009,27,FM2305,99999999999999999999,0000000,31.12403333,-97.45293611,2,1
48,113,10,24,0,30,1,1,0,0,16,5,0,21,0,1,5,3,3,65,2,3,1,1,0,0,3,1,0,0,88,88,88,88,88,88,0,0,0,0,1,7,1,482243,1730,2009,0,DALLASNORTHTOLLWAY,99999999999999999999,0000000,32.92891667,-96.82137778,1,1
48,201,10,24,18,50,1,5,0,0,16,5,0,23,0,1,3,2,4,40,1,1,1,1,0,0,3,1,0,0,18,51,18,55,19,43,0,0,0,0,1,7,0,482244,3280,2009,0,MONROE,99999999999999999999,0000000,29.66448889,-95.26318056,1,1
48,113,10,25,4,35,1,3,1,1,11,1,0,8,0,1,1,3,4,65,1,1,1,1,0,0,2,1,0,0,88,88,88,88,88,88,0,0,0,0,1,1,0,482245,1730,2009,241,I-20,99999999999999999999,0000000,32.682875,-96.65715556,1,1
48,55,10,26,7,15,3,5,0,0,3,3,0,12,7,1,1,1,4,65,1,1,2,2,0,0,4,2,0,1,7,20,7,36,8,14,0,0,0,0,1,2,0,482246,0,2009,97,SR-80,99999999999999999999,0000000,29.79434167,-97.79291944,3,2
48,141,10,26,6,41,3,3,0,0,4,8,0,12,2,1,1,1,2,65,1,1,2,1,0,0,2,1,0,0,6,43,6,54,8,2,0,0,0,0,1,2,0,482247,2190,2009,16,FM3255,99999999999999999999,0000000,31.99439167,-106.4434444,3,1
48,337,10,26,21,0,2,5,0,0,4,8,0,12,2,1,1,1,2,55,1,2,2,2,0,0,2,1,0,0,21,7,21,24,22,4,0,0,0,0,1,2,0,482248,0,2009,118,FM455,99999999999999999999,0000000,33.54665278,-97.61138056,2,1
48,113,10,27,15,54,2,4,0,0,16,5,0,12,5,2,1,2,6,35,1,1,1,1,20,3,1,1,0,0,15,55,15,57,16,17,0,0,0,0,1,3,0,482249,4530,2009,0,OATES,HYDEPARK,0000000,32.82154167,-96.65347778,2,1