STATE,COUNTY,MONTH,DAY,HOUR,MINUTE,VE_TOTAL,PERSONS,PEDS,NHS,ROAD_FNC,ROUTE,SP_JUR,HARM_EV,MAN_COLL,REL_JUNC,REL_ROAD,TRAF_FLO,NO_LANES,SP_LIMIT,ALIGNMNT,PROFILE,PAVE_TYP,SUR_COND,TRA_CONT,T_CONT_F,LGT_COND,WEATHER1,WEATHER2,WRK_ZONE,NOT_HOUR,NOT_MIN,ARR_HOUR,ARR_MIN,HOSP_HR,HOSP_MN,SCH_BUS,CF1,CF2,CF3,FATALS,DAY_WEEK,DRUNK_DR,ST_CASE,CITY,YEAR,MILEPT,TWAY_ID,TWAY_ID2,RAIL,LATITUDE,LONGITUD,VE_FORMS,WEATHER
48,201,10,27,4,5,1,3,1,1,11,1,0,8,0,1,1,3,5,60,1,1,1,1,0,0,3,1,0,0,88,88,88,88,88,88,0,0,0,0,1,3,0,482250,3280,2009,151,I-45,99999999999999999999,0000000,29.67727778,-95.26931667,1,1
48,453,10,27,9,47,2,2,0,0,6,4,0,12,5,2,1,1,2,35,1,1,2,1,0,0,1,1,0,0,88,88,88,88,88,88,0,0,0,0,1,3,0,482251,0,2009,0,ROUNDMOUNTAIN,BIGSANDY,0000000,30.57076111,-97.94800833,2,1
48,173,10,28,22,22,1,1,0,0,4,3,0,1,0,1,4,1,2,65,1,1,2,1,0,0,2,1,0,0,88,88,88,88,88,88,0,0,0,0,1,4,0,482252,0,2009,228,SR-137,99999999999999999999,0000000,31.73265556,-101.6593278,1,1
48,355,10,28,16,21,2,2,0,1,11,7,0,12,2,1,1,4,2,50,1,3,2,1,0,0,1,1,0,0,16,32,16,34,17,3,0,0,0,0,1,4,1,482253,1550,2009,139,I-37,99999999999999999999,0000000,27.86000278,-97.60957778,2,1
48,113,10,29,15,25,1,1,0,0,16,5,0,33,0,1,4,2,2,35,2,2,1,2,0,0,1,1,0,0,88,88,88,88,88,88,0,0,0,0,1,5,0,482254,4530,2009,0,LAPRADA,99999999999999999999,0000000,32.83751667,-96.64614444,1,1
48,249,10,29,19,23,2,3,0,1,2,3,0,12,5,2,1,2,4,65,1,1,2,1,21,3,2,1,0,0,19,31,20,12,20,41,0,0,0,0,1,5,0,482255,0,2009,68,SR-44,133,0000000,27.75013611,-98.13385278,2,1
48,141,10,30,2,10,1,3,2,0,16,5,0,8,0,1,1,2,6,40,1,2,1,1,0,0,3,1,0,0,88,88,88,88,88,88,0,0,0,0,2,6,1,482256,2190,2009,0,LEETREVINO,99999999999999999999,0000000,31.75188889,-106.3188167,1,1
48,453,10,30,23,55,1,5,0,0,6,4,0,42,0,1,5,1,2,45,1,1,2,1,0,0,2,1,0,0,0,21,0,32,1,5,0,18,0,0,1,6,1,482257,0,2009,0,ELROY,99999999999999999999,0000000,30.12992778,-97.62423333,1,1
48,167,10,31,7,46,1,1,0,1,1,7,0,24,0,1,4,4,2,55,1,1,2,1,0,0,1,1,0,0,88,88,88,88,88,88,0,0,0,0,1,7,1,482258,0,2009,165,I-45,99999999999999999999,0000000,29.322775,-94.92281944,1,1
48,347,10,31,8,35,1,1,0,0,4,8,0,42,0,1,5,1,2,55,1,1,2,1,0,0,1,1,0,0,8,35,8,47,9,8,0,0,0,0,1,7,0,482259,0,2009,88,FM343,99999999999999999999,0000000,31.74378889,-94.83861944,1,1
48,409,10,31,21,25,1,1,0,0,6,4,0,1,0,1,4,1,2,55,1,1,2,1,0,0,2,1,0,0,21,44,22,4,23,11,0,0,0,0,1,7,0,482260,0,2009,0,519,99999999999999999999,0000000,,,1,1
48,113,10,25,4,40,3,2,1,1,12,2,0,12,5,15,1,3,5,60,1,3,1,1,0,0,2,1,0,0,4,33,4,41,5,9,0,19,0,0,1,1,1,482261,5730,2009,40,US-75,99999999999999999999,0000000,32.94026389,-96.74561389,3,1
48,201,9,9,22,15,1,2,1,0,16,5,0,8,0,3,1,1,4,35,1,1,1,1,2,3,3,1,0,0,22,20,22,24,22,46,0,0,0,0,1,4,0,482262,3280,2009,0,TIDWELL,NORDLING,0000000,29.84559444,-95.39080278,1,1
48,201,9,19,2,12,1,4,0,0,16,5,0,19,0,1,4,1,2,30,1,1,2,1,0,0,6,1,0,0,2,19,2,43,3,14,0,0,0,0,2,7,1,482263,480,2009,0,MAIN,99999999999999999999,0000000,29.72022778,-94.97935833,1,1
48,113,9,23,0,30,1,2,1,1,12,2,0,8,0,1,1,3,3,60,1,1,1,1,0,0,3,1,0,0,88,88,88,88,88,88,0,0,0,0,1,4,0,482264,1730,2009,74,US-175,99999999999999999999,0000000,32.69967778,-96.64840833,1,1
48,13,10,13,16,5,1,2,0,0,4,2,0,35,0,1,4,2,2,70,2,2,2,1,0,0,1,1,0,0,16,17,16,26,17,19,0,0,0,0,1,3,0,482265,0,2009,113,US-281,99999999999999999999,0000000,28.93917778,-98.47425833,1,1
48,201,10,16,2,45,2,4,0,1,11,1,0,12,1,15,1,3,3,60,1,1,1,1,0,0,3,1,0,0,3,0,3,6,3,27,0,0,0,0,1,6,0,482266,3280,2009,170,I-45,99999999999999999999,0000000,29.697175,-95.28918056,2,1
48,469,10,18,16,55,3,3,0,0,4,8,0,12,1,3,1,1,2,60,1,3,2,1,0,0,1,1,0,0,17,24,17,34,18,2,0,0,0,0,1,1,1,482267,0,2009,14,FM447,LOWERMISSIONVALLEY,0000000,28.89048333,-97.153175,3,1
48,439,10,22,22,0,1,3,1,0,16,5,0,8,0,1,1,5,5,40,1,1,1,1,0,0,2,1,0,0,22,2,22,9,22,51,0,0,0,0,1,5,0,482268,2850,2009,0,WILLIAMDTATE,99999999999999999999,0000000,32.92254444,-97.09088333,1,1
48,19,10,27,7,1,4,8,0,0,4,3,0,12,2,1,1,1,2,60,1,2,2,1,0,0,4,1,0,0,7,6,7,19,7,50,0,0,0,0,2,3,0,482269,0,2009,61,SR-46,99999999999999999999,0000000,29.71681111,-98.87521389,4,1
48,27,10,30,22,44,1,4,1,0,14,8,0,8,0,1,1,5,4,50,1,1,2,1,0,0,2,1,0,0,22,44,22,52,23,3,0,0,0,0,1,6,0,482270,3690,2009,11,FM3470,99999999999999999999,0000000,31.10526389,-97.80264167,1,1
48,479,10,31,2,20,2,4,0,1,1,1,0,12,1,1,1,2,4,65,1,1,2,1,0,0,2,1,0,0,2,42,3,12,4,24,0,0,0,0,1,7,0,482271,0,2009,228,I-35,99999999999999999999,0000000,27.97901667,-99.37395556,2,1
48,493,10,31,22,38,1,1,0,0,5,8,0,1,0,1,4,1,2,60,2,1,2,1,0,0,2,1,0,0,88,88,88,88,88,88,0,0,0,0,1,7,1,482272,0,2009,13,FM2579,99999999999999999999,0000000,29.19098333,-98.33785,1,1
48,215,2,21,19,42,1,3,1,0,6,4,0,8,0,2,1,5,2,45,1,1,2,1,20,3,2,1,0,0,19,47,19,57,99,99,0,0,0,0,1,7,0,482273,0,2009,0,MILE6,MACKENZIE,0000000,26.2033,-98.00759444,1,1
48,201,6,12,23,0,2,2,0,1,11,1,0,12,7,1,1,3,4,60,1,1,1,1,0,0,3,1,0,0,23,24,23,29,99,99,0,0,0,0,1,6,0,482274,3280,2009,63,I-610,99999999999999999999,0000000,29.814025,-95.36956667,2,1
48,201,6,12,22,50,2,2,0,0,16,5,0,12,2,3,1,1,4,40,1,1,2,1,0,0,3,1,0,0,22,56,23,4,23,44,0,0,0,0,1,6,2,482275,3280,2009,0,HEMPSTEAD,GESSNER,0000000,29.86173056,-95.54421111,2,1
48,157,7,3,20,15,1,1,0,0,14,8,0,33,0,3,4,1,4,35,2,1,2,1,4,3,1,1,0,0,20,22,20,29,21,6,0,0,0,0,1,6,0,482276,5970,2009,28,FM1640,FS1640,0000000,29.5575,-95.79236389,1,1
48,141,8,22,8,1,2,3,0,0,14,3,0,12,2,8,1,1,4,55,1,1,2,1,0,0,1,1,0,0,8,8,8,10,8,48,0,0,0,0,1,7,0,482277,9997,2009,378,SR-20,99999999999999999999,0000000,31.62667778,-106.2665222,2,1
48,61,9,19,7,55,1,1,0,0,4,8,0,42,0,1,4,1,2,55,2,1,2,1,0,0,1,1,0,0,88,88,88,88,88,88,0,0,0,0,1,7,1,482278,0,2009,112,FM1419,99999999999999999999,0000000,25.89184167,-97.38101944,1,1
48,91,9,19,23,28,1,1,0,9,99,8,0,1,0,1,4,1,2,45,2,2,5,1,0,0,2,1,0,0,88,88,88,88,88,88,0,0,0,0,1,7,1,482279,9997,2009,99999,FM2673,99999999999999999999,0000000,,,1,1
48,201,9,19,3,46,2,4,1,1,13,3,0,8,0,1,1,2,3,45,1,1,2,1,0,0,3,1,0,0,88,88,88,88,88,88,0,0,0,0,1,7,0,482280,3280,2009,142,SR-6,99999999999999999999,0000000,29.73193611,-95.64402222,2,1
48,215,9,21,6,10,1,2,1,0,4,8,0,9,0,1,1,1,2,55,1,1,2,1,0,0,2,1,0,0,6,15,6,28,6,49,0,0,0,0,1,2,0,482281,0,2009,88,FM907,99999999999999999999,0000000,26.21813056,-98.11735278,1,1
48,85,10,17,6,30,2,2,0,1,13,3,0,12,2,1,1,1,2,65,1,2,2,1,0,0,2,1,0,0,88,88,88,88,88,88,0,0,0,0,1,7,0,482282,200,2009,86,SR-121,99999999999999999999,0000000,33.32985556,-96.48591944,2,1
48,171,10,17,13,11,2,5,0,1,2,2,0,12,1,8,1,1,4,70,1,1,2,1,0,0,1,1,0,0,13,12,13,24,14,10,0,0,0,0,1,7,0,482283,0,2009,76,US-290,99999999999999999999,0000000,30.22108056,-98.76304167,2,1
48,13,10,24,23,40,2,2,0,0,4,8,0,12,3,2,1,1,2,55,1,2,2,1,20,3,3,1,0,0,23,59,0,9,1,16,0,0,0,0,1,7,1,482284,1320,2009,220,FM140,421,0000000,28.79153333,-98.50359444,2,1
48,201,10,29,8,0,1,2,0,0,16,5,0,33,0,1,10,2,3,40,2,1,2,2,0,0,1,2,0,0,88,88,88,88,88,88,0,0,0,0,2,5,0,482285,3280,2009,0,ALLENPARKWAY,99999999999999999999,0000000,29.76056944,-95.38853611,1,2
48,201,10,29,21,44,3,3,1,1,12,2,0,12,3,15,1,3,6,60,1,2,1,2,0,0,2,2,0,0,21,49,21,54,22,4,0,0,0,0,1,5,0,482286,3280,2009,15,US-59,99999999999999999999,0000000,29.8395,-95.33362222,2,2
48,21,11,1,18,55,1,1,0,0,6,4,0,53,0,1,4,1,2,45,2,1,2,1,0,0,2,1,0,0,88,88,88,88,88,88,0,0,0,0,1,1,1,482287,0,2009,0,LOWERREDROCK,99999999999999999999,0000000,29.99973611,-97.41543889,1,1
48,27,11,1,4,15,1,1,0,1,12,2,0,21,0,1,3,2,2,65,2,1,2,1,0,0,2,1,0,0,88,88,88,88,88,88,0,0,0,0,1,1,1,482288,3027,2009,119,US-190,99999999999999999999,0000000,31.08165833,-97.64485278,1,1
48,113,11,1,1,20,1,2,0,1,13,3,0,42,0,1,5,2,6,45,2,1,1,1,99,9,3,1,0,0,1,22,1,27,1,53,0,0,0,0,1,1,1,482289,1730,2009,21,SR-352,99999999999999999999,0000000,32.76479444,-96.71483611,1,1
48,201,11,1,1,6,1,3,1,1,11,1,0,8,0,1,1,3,5,60,1,1,1,1,0,0,3,1,0,0,88,88,88,88,88,88,0,0,0,0,1,1,0,482290,3280,2009,291,I-45,99999999999999999999,0000000,29.82443056,-95.38021111,1,1
48,201,11,1,2,45,1,1,0,0,6,4,0,42,0,1,4,1,2,35,2,1,2,1,0,0,2,1,0,0,88,88,88,88,88,88,0,0,0,0,1,1,1,482291,0,2009,0,GREENRIVER,99999999999999999999,0000000,29.83858611,-95.23138056,1,1
48,201,11,1,1,37,1,1,0,0,16,5,0,33,0,1,4,2,2,35,1,1,1,1,0,0,3,1,0,0,88,88,88,88,88,88,0,0,0,0,1,1,1,482292,3280,2009,0,OREM,99999999999999999999,0000000,29.62740833,-95.44749167,1,1
48,215,11,1,1,45,1,2,1,1,13,2,0,8,0,1,2,2,4,45,1,1,2,1,0,0,6,1,0,0,88,88,88,88,88,88,0,0,0,0,1,1,0,482293,5330,2009,467,US-281,99999999999999999999,0000000,26.11941389,-98.19673333,1,1
48,423,11,1,22,30,1,1,0,0,4,3,0,38,0,1,5,1,2,60,1,2,2,1,0,0,2,1,0,0,23,20,23,20,23,58,0,0,0,0,1,1,1,482294,0,2009,170,SR-110,99999999999999999999,0000000,32.40282778,-95.38909444,1,1
48,439,11,1,4,45,2,1,0,1,12,2,0,1,0,1,2,2,3,60,2,1,2,1,0,0,3,1,0,0,88,88,88,88,88,88,0,0,0,0,1,1,1,482295,2450,2009,230,US-287,99999999999999999999,0000000,32.72581667,-97.29787778,1,1
48,453,11,1,4,26,1,2,1,1,12,3,0,9,0,1,1,2,4,60,1,1,2,1,0,0,2,1,0,0,88,88,88,88,88,88,0,0,0,0,1,1,0,482296,330,2009,127,SR-71,99999999999999999999,0000000,30.218275,-97.66885278,1,1
48,481,11,1,20,38,2,2,0,0,3,3,0,12,2,1,1,1,2,65,1,1,2,1,0,0,2,1,0,0,20,40,20,50,99,99,0,0,0,0,1,1,1,482297,0,2009,68,SR-71,99999999999999999999,0000000,29.31330833,-96.34404722,2,1
48,113,11,2,13,47,1,2,0,0,16,5,0,33,0,2,4,2,6,35,2,2,1,1,0,0,1,1,0,0,13,52,14,2,99,99,0,0,0,0,1,2,0,482298,1730,2009,0,TYLER,VERNON,0000000,32.73260833,-96.83775556,1,1
48,149,11,2,22,45,1,1,0,0,6,4,0,31,0,1,4,1,2,40,1,1,4,1,0,0,2,1,0,0,88,88,88,88,88,88,0,0,0,0,1,2,1,482299,0,2009,0,MUELLER,99999999999999999999,0000000,29.97088056,-96.81652222,1,1
48,281,11,2,0,50,2,6,0,1,2,2,0,12,11,1,1,1,4,65,1,1,2,1,0,0,2,1,0,0,1,21,2,0,2,33,0,0,0,0,1,2,0,482300,0,2009,28,US-183,99999999999999999999,0000000,31.25696667,-98.43449722,2,1
48,371,11,2,8,58,1,1,0,1,1,1,0,1,0,1,3,2,2,80,1,1,2,1,0,0,1,1,0,0,8,59,9,7,99,99,0,0,0,0,1,2,0,482301,0,2009,7,I-10,99999999999999999999,0000000,30.89843056,-103.0151028,1,1
48,467,11,2,18,0,1,3,2,0,6,4,0,8,0,1,1,1,2,60,1,1,2,1,0,0,2,1,0,0,18,7,18,10,99,99,0,0,0,0,1,2,0,482302,0,2009,0,3805,99999999999999999999,0000000,32.71500278,-96.02972222,1,1
48,41,11,3,21,28,1,2,1,1,13,8,0,8,0,2,1,5,4,30,1,1,2,1,20,3,3,1,0,0,21,32,21,35,21,45,0,0,0,0,1,3,0,482303,970,2009,170,BU6,TEXAS,0000000,30.68158889,-96.36896667,1,1
48,61,11,3,21,1,1,2,1,1,2,3,0,8,0,1,1,5,4,30,1,1,2,1,0,0,3,1,0,0,21,1,21,4,88,88,0,0,0,0,1,3,1,482304,5440,2009,239,SR-100,99999999999999999999,0000000,26.07226944,-97.21601111,1,1
48,75,11,3,18,15,1,1,0,1,2,2,0,1,0,1,4,2,4,65,1,2,2,1,0,0,2,1,0,0,88,88,88,88,88,88,0,0,0,0,1,3,1,482305,0,2009,270,US-62,99999999999999999999,0000000,34.66820833,-100.1707278,1,1
48,139,11,3,18,15,2,3,0,0,15,8,0,12,5,2,1,1,2,55,1,1,2,1,20,3,5,1,0,0,18,21,18,47,19,9,0,0,0,0,1,3,0,482306,2360,2009,220,FM664,FERRIS,0000000,32.53871389,-96.688925,2,1
48,467,11,4,15,1,2,2,0,0,3,3,0,12,11,1,1,1,2,60,1,1,2,1,0,0,1,1,0,0,15,11,15,48,16,8,0,0,0,0,1,4,0,482307,0,2009,323,SR-64,99999999999999999999,0000000,32.4019,-95.58198333,2,1
48,421,11,3,16,22,1,4,0,0,6,4,0,1,0,1,4,1,2,60,1,1,8,1,0,0,1,1,0,0,16,31,17,22,18,21,0,0,0,0,1,3,0,482308,0,2009,0,D,99999999999999999999,0000000,36.45831111,-101.7469694,1,1
48,491,11,3,8,10,1,1,0,1,11,7,0,1,0,1,4,4,2,55,2,1,2,1,0,0,1,1,0,0,88,88,88,88,88,88,0,0,0,0,1,3,0,482309,5990,2009,57,I-35,99999999999999999999,0000000,30.56084167,-97.6931,1,1
48,61,11,4,20,40,1,2,1,1,12,2,0,8,0,1,1,2,4,35,1,1,2,1,0,0,3,1,0,0,20,42,20,42,88,88,0,0,0,0,1,4,0,482310,6110,2009,176,US-77,99999999999999999999,0000000,26.14506667,-97.63574444,1,1
48,113,11,4,19,55,1,2,1,9,99,8,0,8,0,1,1,2,4,40,1,2,2,1,0,0,3,1,0,0,19,56,20,3,21,18,0,0,0,0,1,4,0,482311,1730,2009,99999,LP354,99999999999999999999,0000000,32.81251111,-96.83830833,1,1
48,113,11,4,0,30,1,1,0,0,16,5,0,30,0,1,5,5,4,40,2,1,1,1,0,0,3,1,0,0,88,88,88,88,88,88,0,0,0,0,1,4,1,482312,2800,2009,0,CARRIER,99999999999999999999,0000000,32.72466667,-97.01561389,1,1
48,201,11,4,0,15,1,2,1,0,6,4,0,8,0,1,1,2,3,40,1,1,2,1,0,0,2,1,0,0,0,21,0,24,1,5,0,0,0,0,1,4,0,482313,0,2009,0,GRANT,99999999999999999999,0000000,29.97594167,-95.60143889,1,1
48,201,11,4,17,10,2,2,0,0,6,4,0,12,3,1,1,1,2,45,1,1,2,1,0,0,1,1,0,0,17,29,17,39,99,99,0,0,0,0,1,4,0,482314,0,2009,0,JACINTOPORT,99999999999999999999,0000000,29.75375833,-95.14052778,2,1
48,453,11,4,21,21,3,4,0,1,2,8,0,12,7,1,1,2,4,60,1,1,2,1,0,0,3,1,0,0,21,22,21,27,22,41,0,0,0,0,1,4,0,482315,0,2009,150,RM620,99999999999999999999,0000000,30.44638056,-97.83183611,3,1
48,113,11,5,18,46,5,7,0,1,11,1,0,25,0,1,2,3,3,50,1,2,1,1,0,0,2,1,0,1,18,47,18,52,19,34,0,14,0,0,1,5,1,482316,2590,2009,303,I-30,99999999999999999999,0000000,32.86145556,-96.54835833,5,1
48,187,11,5,21,11,1,1,0,1,13,8,0,25,0,1,3,3,2,45,1,1,2,1,0,0,3,1,0,0,21,13,21,18,21,42,0,0,0,0,1,5,0,482317,6237,2009,52,FM3009,99999999999999999999,0000000,29.59719167,-98.27496944,1,1
48,201,11,5,2,30,2,2,0,1,12,2,0,12,3,1,1,3,3,60,1,3,1,1,0,0,3,1,0,0,88,88,88,88,88,88,0,0,0,0,1,5,1,482318,3280,2009,78,US-59,99999999999999999999,0000000,29.88932222,-95.31879722,2,1
48,303,11,5,15,40,1,1,0,0,4,8,0,32,0,1,4,1,2,60,1,1,2,1,0,0,1,1,0,0,88,88,88,88,88,88,0,0,0,0,1,5,1,482319,0,2009,199,FM1294,99999999999999999999,0000000,33.69392222,-101.8310306,1,1
48,393,11,5,2,30,1,2,0,1,2,2,0,1,0,1,1,1,2,65,2,2,2,1,0,0,2,1,0,0,4,30,4,39,6,1,0,0,0,0,1,5,1,482320,0,2009,127,US-60,99999999999999999999,0000000,35.73715,-100.5711333,1,1
48,59,11,6,2,15,1,1,0,0,3,3,0,42,0,1,4,1,2,65,1,1,2,1,0,0,2,1,0,0,88,88,88,88,88,88,0,0,0,0,1,6,0,482321,0,2009,7,SR-36,99999999999999999999,0000000,32.32072222,-99.625225,1,1
48,85,11,6,22,33,1,2,1,0,5,8,0,9,0,1,1,1,2,60,1,1,2,1,0,0,2,1,0,0,88,88,88,88,88,88,0,0,0,0,1,6,0,482322,0,2009,36,FM1138,99999999999999999999,0000000,32.98983889,-96.37178611,1,1
48,113,11,6,14,54,1,5,0,1,11,1,0,1,0,1,1,3,4,60,1,2,1,1,0,0,1,1,0,0,14,54,14,58,15,25,0,0,0,0,1,6,0,482323,4530,2009,35,I-635,99999999999999999999,0000000,32.74983889,-96.61459167,1,1
48,121,11,6,0,2,3,3,0,0,14,8,0,12,2,1,1,1,2,45,1,1,2,1,0,0,2,1,0,0,0,4,0,12,1,7,0,0,0,0,1,6,1,482324,1545,2009,78,FM2181,99999999999999999999,0000000,33.13010556,-97.05741389,3,1
48,145,11,6,23,30,1,1,0,0,6,4,0,1,0,1,1,1,2,60,2,1,2,1,0,0,2,1,0,0,23,45,23,59,0,36,0,0,0,0,1,6,0,482325,0,2009,0,406,99999999999999999999,0000000,31.20595,-97.01947778,1,1
48,201,11,6,19,0,2,2,0,1,11,7,0,12,4,10,1,3,2,40,1,1,2,1,3,3,3,1,0,0,88,88,88,88,88,88,0,0,0,0,1,6,0,482326,3280,2009,111,I-45,FM1959,0000000,29.58784444,-95.18301389,2,1
48,203,11,6,21,19,1,1,0,0,3,2,0,1,0,1,5,1,2,65,1,2,2,1,0,0,2,1,0,0,88,88,88,88,88,88,0,20,0,0,1,6,1,482327,0,2009,263,US-80,99999999999999999999,0000000,32.52521389,-94.27162222,1,1
48,343,11,6,12,13,1,1,0,1,1,1,0,42,0,1,3,3,2,70,2,1,2,1,0,0,1,1,0,0,88,88,88,88,88,88,0,0,0,0,1,6,0,482328,0,2009,59,I-30,99999999999999999999,0000000,33.30556944,-94.70438056,1,1
48,27,11,7,18,8,1,2,1,0,16,5,0,8,0,2,1,1,2,30,1,1,2,1,0,0,3,1,0,0,18,8,18,17,18,27,0,0,0,0,1,7,1,482329,3690,2009,0,8TH,HARRISON,0000000,31.13169444,-97.72293889,1,1
48,29,11,7,18,30,1,3,0,0,16,5,0,5,0,1,1,1,2,35,1,1,2,1,0,0,3,1,0,0,18,38,18,40,19,33,0,0,0,0,1,7,0,482330,6090,2009,0,THOMPSON,99999999999999999999,0000000,29.39471111,-98.53497222,1,1
48,201,11,7,1,30,1,1,0,0,6,4,0,30,0,1,4,1,2,30,2,1,2,1,0,0,2,1,0,0,1,41,1,59,2,22,0,0,0,0,1,7,1,482331,0,2009,0,PINELAND,99999999999999999999,0000000,29.86250278,-95.17523611,1,1
48,201,11,7,13,25,2,5,0,1,12,7,0,12,5,2,1,4,3,45,1,1,1,1,3,3,1,1,0,0,13,34,13,42,14,27,0,0,0,0,1,7,0,482332,3280,2009,363,US-290,ANTOINE,0000000,29.82327778,-95.47338056,2,1
48,27,11,8,11,7,1,1,0,0,6,4,0,38,0,1,5,1,2,45,2,3,2,1,0,0,1,1,0,0,88,88,88,88,88,88,0,0,0,0,1,1,0,482333,0,2009,0,MOFFAT,99999999999999999999,0000000,31.20756111,-97.47629167,1,1
48,29,11,8,2,15,2,5,0,1,13,8,0,12,1,8,1,2,6,40,1,1,2,1,3,3,3,1,0,0,88,88,88,88,88,88,0,0,0,0,1,1,1,482334,6090,2009,250,SL345,99999999999999999999,0000000,29.50643611,-98.56335833,2,1
48,29,11,8,7,25,1,2,1,1,13,3,0,8,0,11,1,4,2,55,2,2,1,1,0,0,9,1,0,0,88,88,88,88,88,88,0,0,0,0,1,1,0,482335,6090,2009,0,SR-151,SL1604,0000000,29.48593056,-98.70769444,1,1
48,303,9,27,0,25,1,2,1,1,13,2,0,8,0,2,1,2,4,50,1,2,1,1,0,0,3,1,0,0,0,26,0,29,0,43,0,0,0,0,1,1,1,482336,4140,2009,194,US-62,COMPRESS,0000000,33.57805833,-101.8293889,1,1
48,37,11,8,2,48,2,4,0,1,2,2,0,12,2,1,1,1,2,60,1,1,2,1,0,0,2,1,0,0,2,54,3,4,3,56,0,0,0,0,1,1,1,482337,0,2009,53,US-82,99999999999999999999,0000000,33.49546111,-94.54708889,2,1
48,41,11,8,16,20,1,1,0,1,12,3,0,1,0,5,10,6,9,70,2,2,2,2,0,0,1,2,0,0,16,23,16,27,17,4,0,0,0,0,1,1,0,482338,1440,2009,71,SR-47,99999999999999999999,0000000,30.59122778,-96.37921111,1,2
48,203,11,8,14,35,1,1,0,0,4,8,0,3,0,1,5,1,2,55,2,1,2,1,0,0,1,1,0,0,88,88,88,88,88,88,0,0,0,0,1,1,0,482339,0,2009,141,FM450,99999999999999999999,0000000,32.62415,-94.5763,1,1
48,127,11,9,6,25,1,1,0,0,4,3,0,23,0,1,4,1,2,65,1,1,2,1,0,0,4,1,0,0,88,88,88,88,88,88,0,0,0,0,1,2,0,482340,0,2009,260,SR-85,99999999999999999999,0000000,28.59053333,-99.48830278,1,1
48,179,11,9,7,17,2,2,0,0,3,3,0,12,2,1,1,1,2,70,1,1,2,2,0,0,4,5,0,0,7,19,7,41,99,99,0,0,0,0,1,2,0,482341,0,2009,200,SR-152,99999999999999999999,0000000,35.54913611,-100.6697833,2,5
48,9,11,10,7,35,2,3,0,0,3,3,0,14,1,1,2,1,2,70,1,1,2,1,0,0,1,1,0,0,7,43,7,47,8,28,0,0,0,0,1,3,0,482342,0,2009,172,SR-79,99999999999999999999,0000000,33.624,-98.62102778,1,1
48,157,11,10,12,28,2,2,0,1,13,2,0,12,5,1,1,1,4,40,2,1,2,1,0,0,1,1,0,0,12,31,12,35,13,17,0,0,0,0,1,3,0,482343,5970,2009,760,US-90A,99999999999999999999,0000000,29.55848056,-95.79671389,2,1
48,203,11,10,17,56,1,2,1,1,13,2,0,8,0,1,1,5,6,45,1,1,2,1,0,0,2,1,0,0,88,88,88,88,88,88,0,0,0,0,1,3,0,482344,4360,2009,26,US-59,99999999999999999999,0000000,32.535725,-94.34999167,1,1
48,221,11,10,6,30,2,2,0,1,2,3,0,12,5,2,1,2,2,45,1,1,2,1,20,3,4,1,0,0,6,33,6,38,7,7,0,0,0,0,1,3,0,482345,2780,2009,122,SR-377,WHITEHEAD,0000000,32.43586111,-97.77071667,2,1
48,279,11,10,8,31,2,2,0,0,4,8,0,12,1,1,1,1,2,70,1,1,2,1,0,0,1,5,0,0,8,35,8,45,9,12,0,0,0,0,1,3,0,482346,0,2009,167,FM1055,99999999999999999999,0000000,34.07140556,-102.4253333,2,5
48,445,11,10,9,30,1,1,0,0,6,4,0,1,0,1,4,1,2,60,1,2,2,1,0,0,1,1,0,0,10,3,10,45,11,28,0,0,0,0,1,3,0,482347,0,2009,0,OLDSEAGRAVES,99999999999999999999,0000000,33.00001667,-102.4892444,1,1
48,201,11,11,0,40,1,1,0,1,13,8,0,23,0,1,4,2,2,35,1,1,1,1,0,0,3,1,0,0,88,88,88,88,88,88,0,0,0,0,1,4,1,482348,3280,2009,40,FM865,99999999999999999999,0000000,29.64818889,-95.356225,1,1
48,257,11,11,21,50,1,1,0,1,1,1,0,33,0,13,8,6,1,65,2,1,2,1,40,3,2,1,0,0,88,88,88,88,88,88,0,0,0,0,1,4,1,482349,0,2009,120,I-20,RAMP,0000000,32.66979444,-96.15150278,1,1
48,361,11,11,3,44,2,3,0,1,1,7,0,12,7,1,1,3,2,55,1,2,1,1,0,0,2,1,0,0,3,45,4,0,5,1,0,0,0,0,1,4,0,482350,5100,2009,176,I-10,99999999999999999999,0000000,30.11472778,-93.81556111,2,1
48,467,11,11,13,15,2,4,0,0,3,2,0,12,5,1,1,1,4,55,1,2,2,1,0,0,1,1,0,0,13,17,13,33,14,29,0,0,0,0,1,4,0,482351,0,2009,106,US-80,99999999999999999999,0000000,32.69668889,-95.89727778,2,1
48,141,11,12,0,46,3,10,0,0,3,8,0,12,7,1,1,2,4,60,1,1,2,1,0,0,2,1,0,0,0,56,1,6,1,40,0,0,0,0,4,5,2,482352,2190,2009,32,FM659,99999999999999999999,0000000,31.80311111,-106.2243167,3,1