STATE,COUNTY,MONTH,DAY,HOUR,MINUTE,VE_TOTAL,PERSONS,PEDS,NHS,ROAD_FNC,ROUTE,SP_JUR,HARM_EV,MAN_COLL,REL_JUNC,REL_ROAD,TRAF_FLO,NO_LANES,SP_LIMIT,ALIGNMNT,PROFILE,PAVE_TYP,SUR_COND,TRA_CONT,T_CONT_F,LGT_COND,WEATHER1,WEATHER2,WRK_ZONE,NOT_HOUR,NOT_MIN,ARR_HOUR,ARR_MIN,HOSP_HR,HOSP_MN,SCH_BUS,CF1,CF2,CF3,FATALS,DAY_WEEK,DRUNK_DR,ST_CASE,CITY,YEAR,MILEPT,TWAY_ID,TWAY_ID2,RAIL,LATITUDE,LONGITUD,VE_FORMS,WEATHER
48,201,11,12,23,50,1,1,0,0,6,4,0,46,0,3,4,1,2,30,1,1,2,1,3,3,3,1,0,0,88,88,88,88,88,88,0,0,0,0,1,5,1,482353,0,2009,0,CYPRESSNORTHHOUSTON,RAVENSOUTH,0000000,29.94736667,-95.6231,1,1
48,439,11,12,18,57,1,2,1,1,13,3,0,8,0,1,1,2,3,45,1,1,2,1,0,0,2,1,0,0,88,88,88,88,88,88,0,0,0,0,1,5,0,482354,2255,2009,96,SR-10,99999999999999999999,0000000,32.83306389,-97.09225278,1,1
48,453,11,12,23,10,1,4,0,0,6,4,0,43,0,1,4,1,2,30,2,1,2,1,0,0,6,1,0,1,23,29,23,41,0,13,0,0,0,0,1,5,1,482355,0,2009,0,GATTISSCHOOL,99999999999999999999,0000000,30.49772222,-97.59274444,1,1
48,453,11,12,1,40,1,1,0,1,11,7,0,32,0,1,4,3,9,55,1,1,2,1,0,0,3,1,0,0,88,88,88,88,88,88,0,0,0,0,1,5,1,482356,330,2009,256,I-35,99999999999999999999,0000000,30.368275,-97.681225,1,1
48,27,11,13,8,34,1,1,0,1,12,2,0,34,0,1,8,2,4,70,2,2,2,1,0,0,1,1,0,1,88,88,88,88,88,88,0,0,0,0,1,6,0,482357,3027,2009,118,US-190,99999999999999999999,0000000,31.08109167,-97.64536944,1,1
48,113,11,13,14,11,2,2,0,0,16,5,0,12,7,1,1,2,3,35,2,1,2,1,0,0,1,1,0,0,14,13,14,17,99,99,0,0,0,0,1,6,1,482358,1730,2009,0,REGALROW,99999999999999999999,0000000,32.82711389,-96.88668889,2,1
48,113,11,13,23,5,1,2,0,0,16,5,0,33,0,1,4,2,6,40,2,3,1,1,0,0,3,1,0,0,23,13,23,20,23,40,0,0,0,0,1,6,1,482359,1730,2009,0,JIMMILLER,99999999999999999999,0000000,32.76106944,-96.70130556,1,1
48,113,11,13,23,30,2,9,0,1,13,3,0,12,1,3,1,2,6,40,1,1,1,1,0,0,3,1,0,0,23,35,23,39,1,43,0,0,0,0,1,6,0,482360,1730,2009,88,SR-180,COCKRELL,0000000,32.74976944,-96.89115,2,1
48,113,11,13,9,26,1,1,0,0,16,5,0,33,0,1,3,2,4,30,2,1,1,1,0,0,1,1,0,0,9,26,9,30,9,56,0,0,0,0,1,6,0,482361,5730,2009,0,CUSTER,99999999999999999999,0000000,32.96111111,-96.73538889,1,1
48,127,11,13,18,13,2,3,0,1,2,2,0,12,1,1,1,1,2,65,1,1,2,1,0,0,2,1,0,0,18,17,18,22,18,47,0,0,0,0,1,6,0,482362,0,2009,114,US-83,99999999999999999999,0000000,28.49783611,-99.82558611,2,1
48,181,11,13,2,11,1,2,0,1,13,3,0,27,0,1,4,4,2,40,2,2,1,1,40,3,3,1,0,0,88,88,88,88,88,88,0,0,0,0,1,6,1,482363,6350,2009,136,SR-91,99999999999999999999,0000000,33.65084167,-96.61030278,1,1
48,201,11,13,18,55,3,7,0,1,11,1,0,12,1,1,1,3,3,60,1,1,1,1,0,0,3,1,0,0,19,0,19,8,19,26,0,0,0,0,1,6,0,482364,3280,2009,222,I-45,99999999999999999999,0000000,29.739675,-95.35362222,3,1
48,409,11,13,9,19,1,1,0,0,16,5,0,10,0,6,4,1,2,30,2,3,2,1,60,3,1,1,0,0,9,21,9,42,10,9,0,0,0,0,1,6,0,482365,6400,2009,0,RACHAL,99999999999999999999,436013H,28.03220278,-97.51051667,1,1
48,479,11,13,18,32,1,3,2,0,16,5,0,8,0,2,1,1,2,30,1,1,2,1,0,0,3,1,0,0,18,32,18,38,18,55,0,0,0,0,1,6,1,482366,3899,2009,0,CHICAGO,JUAREZ,0000000,27.53738889,-99.50903056,1,1
48,499,11,13,9,0,2,2,0,0,3,3,0,12,5,2,1,1,2,70,1,1,2,1,20,3,1,1,0,0,9,1,9,10,9,32,0,0,0,0,1,6,0,482367,0,2009,81,SR-37,FM14,0000000,32.87434444,-95.34501944,2,1
48,113,11,14,22,30,2,4,0,1,11,1,0,12,1,1,1,3,5,60,1,2,2,1,0,0,3,1,0,0,22,35,22,42,23,0,0,0,0,0,1,7,0,482368,1730,2009,272,I-35,99999999999999999999,0000000,32.89564444,-96.89792778,2,1
48,113,11,14,3,13,1,1,0,0,16,5,0,30,0,1,4,1,2,30,1,2,1,1,0,0,2,1,0,0,3,34,3,47,4,20,0,0,0,0,1,7,1,482369,2800,2009,0,19TH,99999999999999999999,0000000,32.75028611,-97.028675,1,1
48,157,11,14,2,50,1,1,0,0,16,5,0,29,0,1,4,1,2,30,1,1,1,1,0,0,3,1,0,0,88,88,88,88,88,88,0,0,0,0,1,7,1,482370,6568,2009,0,BRAND,99999999999999999999,0000000,29.62331667,-95.57801111,1,1
48,201,11,14,20,20,1,1,0,0,6,4,0,42,0,1,5,1,4,45,1,1,2,1,0,0,2,1,0,0,88,88,88,88,88,88,0,0,0,0,1,7,0,482371,0,2009,0,LOUETTA,99999999999999999999,0000000,30.03471944,-95.49879722,1,1
48,201,11,14,19,57,1,2,1,1,12,2,0,8,0,1,1,3,4,60,1,1,1,1,0,0,3,1,0,0,19,57,20,9,20,17,0,16,0,0,1,7,0,482372,3280,2009,32,US-59,99999999999999999999,0000000,29.73106389,-95.40701389,1,1
48,201,11,14,23,32,1,1,0,1,11,1,0,25,0,1,3,3,4,60,1,1,1,1,0,0,3,1,0,0,88,88,88,88,88,88,0,0,0,0,1,7,1,482373,3280,2009,213,I-610,99999999999999999999,0000000,29.69637222,-95.30463056,1,1
48,407,11,14,0,52,1,2,0,0,5,8,0,35,0,1,4,1,2,55,1,2,2,1,0,0,2,1,0,0,1,2,1,15,99,99,0,0,0,0,1,7,1,482374,0,2009,32,FM945,99999999999999999999,0000000,30.53331389,-95.22488333,1,1
48,453,11,14,21,57,1,4,0,0,6,4,0,43,0,1,4,1,2,30,2,2,2,1,40,3,2,1,0,0,21,57,22,7,23,7,0,0,0,0,1,7,1,482375,0,2009,0,GENERALWILLIAMSON,99999999999999999999,0000000,30.38982778,-97.93036667,1,1
48,453,11,14,8,34,2,4,0,0,3,8,0,12,2,1,1,5,4,55,1,2,2,1,0,0,1,1,0,0,8,41,8,58,9,19,0,0,0,0,1,7,0,482376,3832,2009,47,FM620,99999999999999999999,0000000,30.36284722,-97.952725,2,1
48,467,11,14,17,3,1,1,0,0,5,8,0,38,0,1,4,1,2,55,2,2,2,1,0,0,5,1,0,0,88,88,88,88,88,88,0,0,0,0,1,7,1,482377,0,2009,13,FM1255,99999999999999999999,0000000,32.55216111,-95.84533333,1,1
48,27,11,15,2,54,2,4,0,1,13,3,0,12,11,1,1,2,4,70,1,1,2,1,0,0,2,1,0,0,3,2,3,11,3,56,0,0,0,0,1,1,0,482378,3690,2009,45,SR-195,99999999999999999999,0000000,31.04478889,-97.76070278,2,1
48,113,11,15,2,20,1,4,0,1,11,1,0,1,0,1,3,2,6,65,1,1,1,1,0,0,2,1,0,0,2,25,2,30,99,99,0,0,0,0,1,1,1,482379,387,2009,15,I-20,99999999999999999999,0000000,32.70286389,-96.60181667,1,1
48,141,11,15,3,13,5,1,0,1,13,2,0,14,8,1,7,2,4,40,2,1,2,1,0,0,3,1,0,0,88,88,88,88,88,88,0,0,0,0,1,1,1,482380,2190,2009,52,US-85,99999999999999999999,0000000,31.75676111,-106.4949833,1,1
48,201,11,15,5,22,2,3,0,0,16,5,0,12,5,2,1,1,2,40,1,1,1,1,3,3,2,1,0,0,5,22,5,31,6,42,0,0,0,0,1,1,1,482381,3280,2009,0,OREM,WHITEHEATHER,0000000,29.62769444,-95.43803889,2,1
48,321,11,15,7,0,1,1,0,0,4,8,0,32,0,1,5,1,2,65,1,1,2,1,0,0,1,1,0,0,88,88,88,88,88,88,0,0,0,0,1,1,1,482382,0,2009,61,FM1468,99999999999999999999,0000000,28.99628056,-96.10831389,1,1
48,399,11,15,19,30,1,2,0,0,5,8,0,1,0,1,4,1,2,55,2,2,2,1,0,0,2,1,0,0,88,88,88,88,88,88,0,0,0,0,1,1,1,482383,0,2009,43,FM2887,99999999999999999999,0000000,31.79207778,-99.95296944,1,1
48,439,11,15,22,10,1,2,0,1,11,1,0,24,0,1,4,3,2,60,1,2,2,2,0,0,2,1,0,0,22,14,22,19,99,99,0,0,0,0,1,1,0,482384,260,2009,39,I-20,99999999999999999999,0000000,32.67534722,-97.18947778,1,1
48,41,11,16,19,29,1,1,0,0,16,5,0,30,0,1,4,1,2,45,2,9,9,9,99,9,9,9,0,0,88,88,88,88,88,88,0,0,0,0,1,2,0,482385,1440,2009,0,ROCKPRAIRIE,99999999999999999999,0000000,30.57139722,-96.21811111,1,9
48,85,11,16,20,22,1,2,1,0,16,5,0,8,0,1,1,2,6,40,1,1,1,1,0,0,2,1,0,0,20,25,20,30,20,43,0,0,0,0,1,2,1,482386,5390,2009,0,HEADQUARTERS,99999999999999999999,0000000,33.084225,-96.81871667,1,1
48,403,11,17,11,33,1,1,0,0,3,3,0,42,0,1,4,1,2,70,2,2,2,1,0,0,1,1,0,0,11,36,11,50,99,99,0,0,0,0,1,3,0,482387,0,2009,13,SR-21,99999999999999999999,0000000,31.47373056,-93.91508056,1,1
48,481,11,17,3,25,1,1,0,0,6,4,0,1,0,3,5,1,2,55,2,2,2,1,0,0,2,1,0,0,88,88,88,88,88,88,0,0,0,0,1,3,0,482388,0,2009,0,356,335,0000000,29.16306667,-96.38473056,1,1
48,29,11,18,18,6,1,2,1,0,16,5,0,8,0,6,1,1,4,35,1,1,2,1,60,3,3,1,0,0,99,99,99,99,88,88,0,0,0,0,1,4,0,482389,6090,2009,0,FRESNO,99999999999999999999,742968D,29.474175,-98.51347222,1,1
48,201,11,18,23,15,1,1,0,0,16,5,0,32,0,1,4,1,2,30,1,1,2,1,0,0,3,1,0,0,88,88,88,88,88,88,0,0,0,0,1,4,1,482390,3280,2009,0,MANSFIELD,99999999999999999999,0000000,29.85145,-95.45691111,1,1
48,215,11,18,1,2,1,3,0,0,6,4,0,1,0,1,4,1,2,30,1,1,8,1,0,0,2,1,0,0,1,2,1,21,1,54,0,20,0,0,2,4,1,482391,0,2009,0,GOOLIE,99999999999999999999,0000000,26.20580833,-98.05736111,1,1
48,419,11,18,7,32,1,1,0,0,3,3,0,42,0,1,4,1,4,70,2,2,2,1,0,0,1,1,0,0,7,34,7,42,8,0,0,0,0,0,1,4,0,482392,0,2009,87,SR-7,99999999999999999999,0000000,31.74824167,-94.23633333,1,1
48,491,11,18,17,55,2,3,0,1,11,1,0,12,1,1,1,3,3,65,1,1,2,1,0,0,3,1,0,0,18,1,18,4,18,49,0,19,0,0,1,4,0,482393,2620,2009,100,I-35,99999999999999999999,0000000,30.62294167,-97.69011389,2,1
48,113,11,19,6,0,1,2,1,1,11,1,0,8,0,1,1,3,6,60,1,1,2,1,0,0,4,1,0,0,88,88,88,88,88,88,0,0,0,0,1,5,0,482394,1730,2009,172,I-35,99999999999999999999,0000000,32.79217222,-96.81388333,1,1
48,453,11,19,22,52,1,1,0,1,12,2,0,26,0,15,3,3,3,65,2,2,2,1,0,0,3,1,0,0,22,52,22,56,23,11,0,0,0,0,1,5,1,482395,330,2009,64,US-183,99999999999999999999,0000000,30.34869444,-97.71304722,1,1
48,43,11,20,16,29,1,1,0,0,4,2,0,1,0,1,4,1,2,70,2,1,2,1,40,3,1,1,0,0,15,27,15,48,88,88,0,0,0,0,1,6,0,482396,0,2009,708,US-118,99999999999999999999,0000000,,,1,1
48,85,11,20,9,20,2,6,0,0,3,3,0,12,4,1,1,1,2,60,1,1,2,2,0,0,1,1,0,0,9,25,9,35,9,58,0,0,0,0,3,6,0,482397,0,2009,6,SR-205,99999999999999999999,0000000,33.01578889,-96.45671944,2,1
48,85,11,20,13,22,2,4,0,1,12,3,0,12,5,10,1,4,3,50,1,1,1,2,3,3,1,1,0,0,13,25,13,29,13,45,0,0,0,0,1,6,0,482398,5390,2009,84,SR-190,CUSTER,0000000,33.00425556,-96.73254722,2,1
48,257,11,20,5,49,1,1,0,1,2,2,0,1,0,1,4,2,9,65,2,1,2,2,0,0,2,2,0,0,88,88,88,88,88,88,0,0,0,0,1,6,0,482399,0,2009,47,US-80,99999999999999999999,0000000,32.74005,-96.35786944,1,2
48,439,11,20,1,34,1,3,0,1,12,3,0,1,0,11,1,3,4,60,1,1,2,2,0,0,3,1,0,0,1,36,1,49,99,99,0,0,0,0,1,6,1,482400,2850,2009,37,SR-121,SR-114RAMP,0000000,32.93939167,-97.03995556,1,1
48,453,11,20,6,51,2,4,0,1,12,2,0,12,2,1,1,1,4,60,2,2,2,2,0,0,1,2,0,0,6,53,7,4,7,38,0,0,0,0,1,6,0,482401,0,2009,5,US-290,99999999999999999999,0000000,30.21553889,-97.96481944,2,2
48,19,11,21,9,38,1,1,0,0,4,8,0,1,0,1,4,1,2,55,2,1,2,1,40,3,1,1,0,0,9,36,9,53,10,18,0,0,0,0,1,7,0,482402,0,2009,138,FM470,99999999999999999999,0000000,29.65739167,-99.325525,1,1
48,29,11,21,3,26,3,1,0,0,16,5,0,42,0,1,4,1,4,40,2,2,2,1,0,0,3,1,0,0,88,88,88,88,88,88,0,0,0,0,1,7,0,482403,6090,2009,0,BITTERS,99999999999999999999,0000000,29.58110833,-98.50339167,1,1
48,183,11,21,3,40,2,2,0,0,3,3,0,12,1,1,1,2,4,60,1,1,2,1,0,0,2,1,0,0,4,7,4,10,5,32,0,0,0,0,1,7,1,482404,0,2009,294,SR-149,99999999999999999999,0000000,32.38835278,-94.66306667,2,1
48,441,11,21,5,15,1,2,0,0,16,5,0,38,0,1,5,1,2,40,2,1,2,1,0,0,2,1,0,0,88,88,88,88,88,88,0,0,0,0,1,7,1,482405,30,2009,0,MAPLE,99999999999999999999,0000000,32.36355556,-99.72263889,1,1
48,7,11,22,19,48,2,2,0,0,3,8,0,12,1,5,1,2,4,65,1,1,2,1,0,0,3,1,0,0,19,49,19,58,20,47,0,0,0,0,1,1,2,482406,0,2009,71,BU35,99999999999999999999,0000000,27.94191111,-97.11598611,2,1
48,27,11,22,17,22,1,1,0,0,5,8,0,42,0,1,4,1,2,60,2,2,2,1,0,0,1,1,0,0,88,88,88,88,88,88,0,0,0,0,1,1,1,482407,0,2009,133,FM2484,99999999999999999999,0000000,31.00104444,-97.60313889,1,1
48,201,11,22,3,12,5,4,3,1,1,1,0,14,1,1,2,3,4,65,1,1,1,1,0,0,3,1,0,0,3,13,3,19,3,56,0,23,0,0,1,1,1,482408,0,2009,480,I-45,99999999999999999999,0000000,30.09933889,-95.43536111,1,1
48,423,11,22,14,13,3,6,0,1,2,3,0,12,1,3,1,2,4,65,1,1,2,1,0,0,1,1,0,0,14,14,14,21,14,54,0,0,0,0,1,1,0,482410,0,2009,17,SR-31,FM2661,0000000,32.32028056,-95.44150556,3,1
48,49,11,24,12,43,2,4,0,0,4,8,0,12,5,2,1,1,2,65,1,1,2,1,20,3,1,1,0,0,12,47,12,53,13,17,0,0,0,0,1,3,0,482411,0,2009,54,FM2126,FM2525,0000000,31.71116111,-98.92801667,2,1
48,193,11,24,18,22,1,1,0,0,3,3,0,1,0,1,4,1,2,60,2,2,2,1,0,0,2,1,0,0,18,23,18,29,18,48,0,0,0,0,1,3,0,482412,0,2009,86,SR-36,99999999999999999999,0000000,31.70775,-98.13747778,1,1
48,347,11,24,10,18,1,1,0,0,4,8,0,42,0,1,4,1,2,55,1,1,2,1,0,0,1,1,0,0,10,21,10,34,11,19,0,0,0,0,1,3,0,482413,0,2009,60,FM226,99999999999999999999,0000000,31.49304444,-94.52758611,1,1
48,1,11,25,17,50,1,1,0,0,14,8,0,42,0,1,5,1,2,55,2,1,2,1,0,0,2,1,0,0,17,50,17,58,18,31,0,0,0,0,1,4,1,482414,5170,2009,69,FM320,99999999999999999999,0000000,31.76051944,-95.669975,1,1
48,5,11,25,22,20,2,7,0,0,15,3,0,12,5,1,1,1,2,65,1,1,2,1,0,0,2,1,0,0,22,23,22,40,23,14,0,0,0,0,4,4,0,482415,0,2009,15,SR-103,99999999999999999999,0000000,31.39842778,-94.95225833,2,1
48,201,11,25,11,20,2,5,0,0,6,4,0,12,5,1,1,1,2,35,1,1,2,1,0,0,1,1,0,0,88,88,88,88,88,88,0,0,0,0,1,4,0,482416,0,2009,0,HARTWICK,99999999999999999999,0000000,29.88496944,-95.31061389,2,1
48,329,11,25,13,36,2,2,0,0,16,5,0,12,2,1,1,5,4,50,1,1,2,1,0,0,1,1,0,0,13,40,13,49,14,15,0,0,0,0,1,4,0,482417,4560,2009,0,FAIRGROUNDS,99999999999999999999,0000000,32.01524444,-102.052325,2,1
48,135,11,26,15,0,1,1,0,0,16,5,0,46,0,3,4,1,4,35,2,1,2,1,3,3,1,1,0,0,88,88,88,88,88,88,0,0,0,0,1,5,1,482418,5030,2009,0,DIXIE,MURPHY,0000000,31.84409722,-102.3544917,1,1
48,233,11,26,17,22,2,3,0,0,3,3,0,12,5,2,1,5,4,70,1,3,2,1,20,3,1,1,0,0,17,23,17,30,99,99,0,0,0,0,1,5,0,482419,0,2009,96,SR-136,RS687,0000000,35.62985,-101.5595917,2,1
48,1,11,27,5,33,1,1,0,0,5,8,0,35,0,1,5,1,2,60,2,2,2,1,0,0,2,1,0,0,88,88,88,88,88,88,0,0,0,0,1,6,0,482420,0,2009,61,FM1817,99999999999999999999,0000000,31.66006667,-95.48705,1,1
48,451,11,27,12,34,2,2,0,1,13,2,0,12,3,2,1,2,4,35,1,1,2,1,3,3,1,1,0,0,12,48,12,50,13,17,0,0,0,0,1,6,0,482421,6080,2009,364,US-87,HARRIS,0000000,31.46214444,-100.4427083,2,1
48,29,11,28,4,30,2,2,0,1,12,2,0,12,2,1,1,3,4,65,1,1,1,1,0,0,3,1,0,0,4,31,4,35,99,99,0,0,0,0,1,7,1,482422,6090,2009,97,US-281,99999999999999999999,0000000,29.59721111,-98.4718,2,1
48,29,11,28,5,55,2,2,0,1,11,1,0,12,2,1,1,6,1,40,1,1,9,1,0,0,3,1,0,0,6,1,6,15,99,99,0,0,0,0,1,7,1,482423,6090,2009,308,I-35RAMP,99999999999999999999,0000000,29.48032778,-98.40370278,2,1
48,199,11,28,4,50,2,3,0,1,13,2,0,12,2,1,1,5,4,45,1,1,2,2,0,0,2,2,0,0,4,53,5,1,6,29,0,0,0,0,1,7,1,482424,4172,2009,115,US-96,99999999999999999999,0000000,30.26321944,-94.19930833,2,2
48,201,11,28,8,45,1,4,1,0,6,4,0,9,0,2,1,1,2,45,1,1,2,1,20,3,1,1,0,0,88,88,88,88,88,88,0,0,0,0,1,7,0,482425,0,2009,0,STOKES,WALLERSPRINGCREEK,0000000,30.08033611,-95.90913611,1,1
48,223,11,29,17,59,2,6,0,0,4,3,0,12,5,1,1,1,2,65,1,3,2,2,0,0,2,2,0,0,17,59,18,18,18,59,0,0,0,0,2,1,0,482426,0,2009,77,SR-11,99999999999999999999,0000000,32.99588333,-95.34576111,2,2
48,347,11,29,3,50,2,3,0,0,3,3,0,12,2,1,1,1,2,60,1,1,2,1,0,0,2,1,0,1,3,53,4,8,4,41,0,0,0,0,1,1,0,482427,0,2009,95,SR-7,99999999999999999999,0000000,31.62175,-94.47819444,2,1
48,201,11,30,23,10,2,3,0,0,6,4,0,12,5,2,1,3,2,45,1,1,1,1,0,0,3,1,0,0,23,15,23,30,23,58,0,0,0,0,1,2,1,482428,0,2009,0,ALDINEWESTFIELD,GREENBRIARCOLONY,0000000,29.94438611,-95.35696944,2,1
48,467,11,30,16,33,1,1,0,0,4,8,0,43,0,1,5,1,2,60,2,1,2,1,0,0,1,1,0,0,88,88,88,88,88,88,0,0,0,0,1,2,0,482429,0,2009,86,FM17,99999999999999999999,0000000,32.58997778,-95.81103889,1,1
48,425,11,5,6,42,2,3,0,0,4,3,0,12,8,1,1,1,2,65,1,1,2,1,0,0,2,1,0,0,6,42,6,51,7,19,0,0,0,0,1,5,0,482430,0,2009,34,SR-144,99999999999999999999,0000000,32.28491389,-97.73431111,2,1
48,221,11,6,14,0,1,1,0,0,4,8,0,34,0,1,4,1,2,60,2,2,2,1,0,0,1,1,0,0,88,88,88,88,88,88,0,0,0,0,1,6,0,482431,0,2009,40,FM2580,99999999999999999999,0000000,32.52621389,-97.84608333,1,1
48,355,11,7,23,1,2,3,0,0,16,5,0,12,5,2,1,5,4,60,1,1,2,1,20,3,3,1,0,0,23,2,23,6,23,29,0,0,0,0,1,7,0,482432,1550,2009,0,NORTHWEST,RIVERVIEW,0000000,27.85856944,-97.66256667,2,1
48,435,11,9,17,45,1,1,0,1,1,1,0,5,0,1,1,2,4,70,1,1,2,1,0,0,1,1,0,0,17,49,17,54,18,4,0,0,0,0,1,2,0,482433,0,2009,93,I-10,99999999999999999999,0000000,30.58148056,-100.6541472,1,1
48,143,11,24,1,8,2,3,0,0,14,8,0,12,5,1,1,1,2,60,2,3,2,1,0,0,2,1,0,0,88,88,88,88,88,88,0,0,0,0,1,3,1,482434,0,2009,5,FM205,99999999999999999999,0000000,32.22315833,-98.18029167,2,1
48,173,11,25,16,15,1,2,0,0,3,3,0,1,0,1,4,1,2,70,1,2,2,1,0,0,1,1,0,0,16,23,17,1,99,99,0,0,0,0,2,4,0,482435,0,2009,220,SR-158,99999999999999999999,0000000,31.85634444,-101.4291722,1,1
48,383,6,27,5,30,2,2,0,0,4,3,0,12,1,1,2,1,2,65,1,1,2,1,0,0,2,1,0,0,5,32,5,58,6,23,0,0,0,0,1,7,0,482436,0,2009,306,SR-137,99999999999999999999,0000000,31.22454444,-101.4671528,2,1
48,439,7,12,22,3,1,1,0,1,11,1,0,29,0,13,4,6,1,60,1,1,2,1,0,0,3,1,0,0,22,3,22,9,22,35,0,19,0,0,1,1,0,482437,2450,2009,128,I-35W,99999999999999999999,0000000,32.83685,-97.31378333,1,1
48,91,11,5,17,47,1,1,0,0,16,5,0,1,0,1,1,1,9,30,1,2,2,1,0,0,1,1,0,0,99,99,99,99,99,99,0,0,0,0,1,5,0,482438,1012,2009,0,PANTHER,99999999999999999999,0000000,29.755325,-98.450375,1,1
48,201,11,11,18,9,2,3,1,1,12,3,0,8,0,1,1,3,3,65,1,1,1,1,0,0,2,1,0,0,88,88,88,88,88,88,0,0,0,0,1,4,0,482439,5230,2009,42,SR-225,99999999999999999999,0000000,29.71175278,-95.20436389,2,1
48,491,11,19,11,26,5,7,0,0,4,8,0,12,4,2,1,5,4,50,1,1,2,1,3,3,1,1,0,0,11,36,11,42,12,12,0,0,0,0,1,5,0,482440,1242,2009,5,FM1431,LAKELINE,0000000,30.51441389,-97.851125,5,1
48,215,11,21,16,15,2,7,0,0,6,4,0,12,4,1,1,1,2,45,1,1,2,1,0,0,1,1,0,0,16,40,17,9,17,28,0,0,0,0,1,7,1,482441,0,2009,0,MILE41/2WEST,99999999999999999999,0000000,26.19195833,-97.98319722,2,1
48,113,11,26,0,10,1,1,0,0,16,5,0,1,0,1,4,1,2,30,2,1,2,1,0,0,2,1,0,0,0,13,0,23,1,26,0,0,0,0,1,5,1,482442,1730,2009,0,SHORECREST,99999999999999999999,0000000,32.85844722,-96.85742222,1,1
48,113,11,26,0,30,1,1,0,0,16,5,0,42,0,1,4,1,2,30,1,2,2,1,0,0,2,1,0,0,88,88,88,88,88,88,0,0,0,0,1,5,1,482443,1730,2009,0,HILLBURN,99999999999999999999,0000000,32.72429444,-96.68833611,1,1
48,141,11,27,19,18,1,2,1,0,16,5,0,8,0,4,4,1,2,30,1,1,2,1,0,0,3,1,0,0,19,19,19,36,19,54,0,0,0,0,1,6,0,482444,2190,2009,0,PORSCHE,99999999999999999999,0000000,31.73146111,-106.3673639,1,1
48,439,11,27,18,54,2,4,0,0,16,5,0,12,5,1,1,1,2,35,1,1,1,1,0,0,3,1,0,0,18,55,19,2,19,33,0,0,0,0,1,6,0,482445,2450,2009,0,BIDDISON,99999999999999999999,0000000,32.69870278,-97.34235278,2,1
48,141,11,28,6,0,1,1,0,1,12,7,0,24,0,13,4,4,2,45,2,1,2,1,0,0,3,1,0,0,88,88,88,88,88,88,0,0,0,0,1,7,0,482446,2190,2009,85,US-54,99999999999999999999,0000000,31.81492778,-106.4418972,1,1
48,113,11,29,22,35,2,2,0,1,13,3,0,12,1,1,1,2,3,45,2,2,2,1,0,0,3,1,0,0,22,40,22,44,23,16,0,0,0,0,1,1,1,482447,1730,2009,44,SR-352,99999999999999999999,0000000,32.76375833,-96.67726389,2,1
48,355,11,29,2,47,1,3,1,1,11,1,0,8,0,1,2,3,3,65,1,1,2,1,0,0,2,1,0,0,88,88,88,88,88,88,0,0,0,0,1,1,1,482448,1550,2009,134,I-37,99999999999999999999,0000000,27.856075,-97.59865556,1,1
48,213,11,30,14,20,2,2,0,0,3,3,0,12,2,1,1,1,2,65,1,2,2,1,0,0,1,1,0,0,14,22,14,42,15,8,0,0,0,0,1,2,0,482449,0,2009,98,SR-19,99999999999999999999,0000000,32.06979167,-95.80310833,2,1
48,441,1,30,7,7,2,2,0,1,13,3,0,12,5,2,1,1,4,45,1,1,1,1,3,3,4,1,0,0,7,7,7,15,99,99,0,0,0,0,1,6,0,482450,30,2009,60,SR-36,FM1750,0000000,32.43648333,-99.71264444,2,1
48,113,2,16,8,25,1,1,0,1,11,1,0,29,0,1,10,3,4,60,1,1,2,1,0,0,1,1,0,0,88,88,88,88,88,88,0,0,0,0,1,2,0,482451,1730,2009,98,I-30,99999999999999999999,0000000,32.79376944,-96.70586667,1,1
48,439,3,22,2,54,1,3,2,0,16,5,0,8,0,1,1,1,2,30,1,1,2,1,0,0,2,1,0,0,2,57,3,1,3,22,0,0,0,0,1,1,0,482452,2450,2009,0,35TH,99999999999999999999,0000000,32.80810833,-97.36576389,1,1
48,167,5,10,22,29,2,4,3,1,13,3,0,14,1,1,4,2,9,35,2,1,2,1,0,0,6,1,0,0,22,42,23,5,23,32,0,0,0,0,3,1,1,482453,2570,2009,0,SR-87,99999999999999999999,0000000,29.30318611,-94.77961111,1,1
48,167,6,16,19,0,3,5,0,0,16,5,0,12,5,2,1,4,2,30,1,1,2,1,20,3,1,1,0,0,19,10,19,36,20,2,0,14,0,0,1,3,1,482454,2570,2009,0,AVE0,48TH,0000000,29.28639444,-94.81853611,2,1
48,141,7,2,4,30,2,3,0,1,11,7,0,12,5,2,1,4,3,50,1,1,2,1,3,3,3,1,0,0,4,36,4,47,99,99,0,0,0,0,1,5,1,482455,2190,2009,292,I-10,SUMAC,0000000,31.75568611,-106.3494806,2,1
48,439,7,20,9,46,2,2,0,1,11,1,0,12,3,1,1,3,3,60,1,1,2,2,0,0,1,2,0,0,88,88,88,88,88,88,0,0,0,0,1,2,0,482456,2450,2009,29,I-820,99999999999999999999,0000000,32.717525,-97.47937222,2,2