STATE,COUNTY,MONTH,DAY,HOUR,MINUTE,VE_TOTAL,PERSONS,PEDS,NHS,ROAD_FNC,ROUTE,SP_JUR,HARM_EV,MAN_COLL,REL_JUNC,REL_ROAD,TRAF_FLO,NO_LANES,SP_LIMIT,ALIGNMNT,PROFILE,PAVE_TYP,SUR_COND,TRA_CONT,T_CONT_F,LGT_COND,WEATHER1,WEATHER2,WRK_ZONE,NOT_HOUR,NOT_MIN,ARR_HOUR,ARR_MIN,HOSP_HR,HOSP_MN,SCH_BUS,CF1,CF2,CF3,FATALS,DAY_WEEK,DRUNK_DR,ST_CASE,CITY,YEAR,MILEPT,TWAY_ID,TWAY_ID2,RAIL,LATITUDE,LONGITUD,VE_FORMS,WEATHER
48,439,7,21,2,24,1,1,0,0,16,5,0,33,0,1,4,1,4,35,2,1,1,1,0,0,3,1,0,0,88,88,88,88,88,88,0,0,0,0,1,3,0,482457,2450,2009,0,NORMANDALE,99999999999999999999,0000000,32.73301389,-97.47900278,1,1
48,27,8,19,15,5,3,3,0,0,3,3,0,12,1,8,1,1,2,70,1,1,2,1,0,0,1,1,0,0,15,7,15,18,15,45,0,0,0,0,1,4,0,482458,6810,2009,64,SR-317,99999999999999999999,0000000,31.18578333,-97.40967778,3,1
48,61,10,5,13,41,2,5,0,0,16,5,0,1,0,3,1,1,2,30,1,1,2,1,21,3,1,1,0,0,13,55,14,4,14,22,0,0,0,0,1,2,0,482459,3030,2009,0,MATZ,NEWCOMBES,0000000,26.21526111,-97.69979722,1,1
48,201,9,17,22,55,2,2,0,0,16,5,0,12,4,2,1,1,6,40,1,1,1,1,3,3,3,1,0,0,23,3,23,13,99,99,0,0,0,0,1,5,1,482460,5230,2009,0,SPENCER,CENTER,0000000,29.66370556,-95.12291111,2,1
48,215,9,21,11,18,4,5,0,0,5,8,0,12,5,2,1,1,2,60,1,1,2,1,20,3,1,1,0,0,11,25,11,34,11,57,0,14,0,0,1,2,1,482461,0,2009,7,FM2812,JASMAN,0000000,26.3837,-98.13059167,3,1
48,29,9,25,12,57,2,2,0,1,13,8,0,12,3,2,1,1,4,40,1,1,2,1,3,3,1,1,0,1,88,88,88,88,88,88,0,0,0,0,1,6,0,482462,6090,2009,24,SS421,ELMENDORF,0000000,29.44542778,-98.52727778,2,1
48,439,10,14,6,41,2,2,0,0,16,5,0,12,5,4,1,5,2,45,1,1,1,2,0,0,4,5,0,0,99,99,99,99,99,99,0,0,0,0,1,4,0,482463,2450,2009,0,GOLDENTRIANGLE,99999999999999999999,0000000,32.93155556,-97.294525,2,5
48,167,10,17,13,47,2,5,0,0,14,8,0,12,2,1,1,1,2,65,2,1,1,1,0,0,1,1,0,0,88,88,88,88,88,88,0,0,0,0,1,7,0,482464,3220,2009,153,FM2004,99999999999999999999,0000000,29.31001389,-95.10458611,2,1
48,29,10,24,3,52,1,1,0,0,16,5,0,46,0,3,4,2,4,40,2,9,2,1,3,3,3,1,0,0,88,88,88,88,88,88,0,0,0,0,1,7,1,482465,6090,2009,0,BULVERDE,NACOPERRIN,0000000,29.54392778,-98.41823056,1,1
48,29,10,27,0,0,1,1,0,1,12,7,0,1,0,1,4,3,2,45,2,3,2,6,0,0,3,1,0,0,88,88,88,88,88,88,0,0,0,0,1,3,0,482466,4015,2009,377,SL1604,99999999999999999999,0000000,29.56679444,-98.33220833,1,1
48,291,11,7,23,53,1,2,0,0,6,4,0,1,0,1,4,1,2,30,2,1,2,1,0,0,2,1,0,0,88,88,88,88,88,88,0,0,0,0,1,7,1,482467,0,2009,0,490,99999999999999999999,0000000,29.977575,-94.97551944,1,1
48,113,11,9,1,10,1,1,0,1,11,1,0,24,0,15,3,3,2,60,2,1,1,1,0,0,3,1,0,0,88,88,88,88,88,88,0,0,0,0,1,2,1,482468,1730,2009,164,I-35E,99999999999999999999,0000000,32.76997222,-96.80860556,1,1
48,339,11,13,23,5,1,1,0,0,6,4,0,42,0,3,5,1,2,35,2,1,2,1,0,0,2,1,0,0,88,88,88,88,88,88,0,0,0,0,1,6,1,482469,0,2009,0,SANDERS,SPENCER,0000000,30.10559444,-95.743575,1,1
48,65,11,14,19,15,2,2,1,0,3,3,0,8,0,1,2,1,3,65,1,2,2,1,0,0,2,1,0,0,19,15,19,33,21,20,0,19,0,0,1,7,0,482470,0,2009,101,SR-152,99999999999999999999,0000000,35.532225,-101.0903556,1,1
48,287,11,14,13,20,1,1,0,0,4,8,0,1,0,1,4,1,2,60,1,1,2,1,0,0,1,1,0,0,88,88,88,88,88,88,0,0,0,0,1,7,1,482471,0,2009,35,FM141,99999999999999999999,0000000,30.35039722,-96.81761667,1,1
48,361,11,14,1,58,1,3,0,0,14,8,0,5,0,1,1,1,2,30,1,1,2,1,0,0,3,1,0,0,2,0,2,5,2,21,0,0,0,0,1,7,0,482472,5100,2009,61,FM1006,99999999999999999999,0000000,30.08705,-93.73726111,1,1
48,423,11,14,10,35,1,2,0,0,6,4,0,1,0,1,4,1,2,50,2,2,2,1,0,0,1,1,0,0,10,47,10,55,11,22,0,0,0,0,1,7,0,482473,0,2009,0,46,99999999999999999999,0000000,32.37586667,-95.37488889,1,1
48,265,11,17,13,25,1,1,0,1,1,1,0,43,0,5,4,6,1,70,2,1,2,1,0,0,1,1,0,0,88,88,88,88,88,88,0,0,0,0,1,3,0,482474,0,2009,160,I-10RAMP,99999999999999999999,0000000,30.08800278,-99.150625,1,1
48,201,11,19,9,33,2,2,0,1,13,3,0,12,1,1,1,1,3,45,1,1,2,1,0,0,1,1,0,0,9,33,9,37,10,24,0,0,0,0,1,5,0,482475,3280,2009,140,SR-6,99999999999999999999,0000000,29.73488611,-95.64406389,2,1
48,187,11,20,12,11,2,2,0,1,1,1,0,12,5,1,1,2,4,70,1,1,2,2,0,0,1,2,0,0,12,20,12,43,13,30,0,0,0,0,1,6,0,482476,0,2009,55,I-10,99999999999999999999,0000000,29.53351111,-98.09636667,2,2
48,201,11,20,1,15,1,1,0,0,6,4,0,30,0,1,4,3,3,50,1,1,1,2,0,0,2,2,0,1,88,88,88,88,88,88,0,0,0,0,1,6,1,482477,0,2009,0,SAMHOUSTON,99999999999999999999,0000000,29.82063333,-95.16662222,1,2
48,135,11,22,19,49,1,5,1,0,6,4,0,8,0,1,1,1,2,45,1,1,2,1,0,0,2,1,0,0,88,88,88,88,88,88,0,0,0,0,1,1,0,482478,0,2009,0,3RD,99999999999999999999,0000000,31.81097222,-102.4976361,1,1
48,231,11,22,17,50,2,2,0,0,3,3,0,12,5,8,1,5,2,65,1,1,2,1,0,0,2,1,0,0,18,49,18,59,19,25,0,0,0,0,1,1,1,482479,0,2009,77,SR-34,99999999999999999999,0000000,33.01118333,-96.10745556,2,1
48,309,11,22,1,40,1,1,0,0,6,4,0,1,0,1,4,1,2,45,2,1,2,1,0,0,2,1,0,0,88,88,88,88,88,88,0,0,0,0,1,1,1,482480,0,2009,0,BAYLORCAMP,99999999999999999999,0000000,31.59808333,-97.32230278,1,1
48,339,11,22,4,20,1,1,0,0,16,5,0,42,0,1,3,2,2,30,1,1,2,1,0,0,2,1,0,0,88,88,88,88,88,88,0,0,0,0,1,1,1,482481,5434,2009,0,RIVERWALK,99999999999999999999,0000000,30.11555556,-95.28046111,1,1
48,77,11,23,3,59,2,2,0,1,2,2,0,12,5,1,1,2,4,65,2,2,2,1,0,0,2,5,0,0,88,88,88,88,88,88,0,0,0,0,1,2,0,482482,0,2009,112,US-82,99999999999999999999,0000000,33.82953611,-98.25218611,2,5
48,201,11,23,11,3,1,1,0,1,12,8,0,25,0,13,4,6,2,35,2,2,1,1,0,0,1,1,0,0,11,3,11,6,11,52,0,0,0,0,1,2,0,482483,3280,2009,27,SP5,99999999999999999999,0000000,29.72834167,-95.33833056,1,1
48,201,11,23,18,29,1,2,1,0,16,5,0,8,0,1,1,5,4,35,1,1,1,1,0,0,3,1,0,0,18,35,18,50,19,9,0,0,0,0,1,2,0,482484,5230,2009,0,PRESTON,99999999999999999999,0000000,29.67300833,-95.17241389,1,1
48,325,11,23,23,20,2,2,0,1,1,1,0,12,1,1,1,2,4,65,1,1,2,1,0,0,2,1,0,0,88,88,88,88,88,88,0,0,0,0,1,2,1,482485,0,2009,108,I-35,99999999999999999999,0000000,29.19640833,-98.82725833,2,1
48,187,11,24,16,44,2,4,0,1,1,1,0,12,8,1,1,2,4,70,1,1,2,1,0,0,1,1,0,0,16,45,16,55,17,49,0,0,0,0,1,3,0,482486,0,2009,17,I-10,99999999999999999999,0000000,29.51047222,-98.16122222,2,1
48,133,11,25,10,6,2,3,0,0,3,2,0,12,2,1,1,1,2,70,1,1,2,1,0,0,1,1,0,0,10,20,10,34,11,25,0,0,0,0,2,4,0,482487,0,2009,166,US-183,99999999999999999999,0000000,32.32043611,-98.95751111,2,1
48,439,11,26,6,27,1,1,0,1,11,7,0,24,0,1,4,4,3,35,1,1,2,1,0,0,3,1,0,0,88,88,88,88,88,88,0,0,0,0,1,5,1,482488,2450,2009,169,I-30,99999999999999999999,0000000,32.73544444,-97.43613333,1,1
48,135,11,27,22,45,1,5,1,1,13,8,0,8,0,1,1,1,4,55,1,1,2,1,0,0,3,1,0,0,22,47,22,54,23,10,0,0,0,0,1,6,0,482489,0,2009,50,FM2020,99999999999999999999,0000000,31.84576389,-102.4803333,1,1
48,325,11,27,13,3,1,1,0,0,5,8,0,32,0,1,5,1,2,70,2,1,2,1,0,0,1,1,0,0,88,88,88,88,88,88,0,0,0,0,1,6,0,482490,0,2009,13,FM2200,99999999999999999999,0000000,29.31179167,-99.276625,1,1
48,215,11,28,15,10,1,1,0,0,4,8,0,43,0,1,10,1,2,55,2,1,2,1,40,3,1,1,0,0,88,88,88,88,88,88,0,0,0,0,1,7,0,482491,0,2009,133,FM491,99999999999999999999,0000000,26.27956111,-97.91280556,1,1
48,325,11,28,6,43,2,2,0,0,4,3,0,12,2,1,1,1,2,55,1,2,2,1,0,0,4,1,0,0,6,47,6,58,8,5,0,0,0,0,1,7,1,482492,0,2009,29,SR-132,99999999999999999999,0000000,29.21660556,-98.82974722,2,1
48,491,11,28,2,10,1,2,0,0,6,4,0,1,0,1,4,1,2,45,2,1,2,1,0,0,2,1,0,0,2,18,2,25,2,55,0,0,0,0,1,7,1,482493,0,2009,0,170,99999999999999999999,0000000,30.48093056,-97.64512222,1,1
48,157,8,8,18,42,2,3,0,1,12,2,0,12,1,1,1,2,2,60,1,1,1,1,0,0,1,1,0,0,88,88,88,88,88,88,0,0,0,0,2,7,1,482494,5970,2009,198,US-59,99999999999999999999,0000000,29.53493056,-95.84961944,2,1
48,423,10,28,16,33,1,6,0,0,3,2,0,32,0,8,4,1,2,70,1,1,2,1,0,0,1,1,0,0,16,33,16,40,17,48,0,0,0,0,1,4,0,482495,0,2009,0,US-271,99999999999999999999,0000000,32.51396111,-94.98800833,1,1
48,215,11,10,9,40,1,1,0,0,4,8,0,27,0,1,4,1,2,60,1,1,2,1,0,0,1,1,0,0,88,88,88,88,88,88,0,0,0,0,1,3,0,482496,0,2009,168,FM1017,99999999999999999999,0000000,26.57549722,-98.16163056,1,1
48,245,11,11,16,11,4,6,0,0,14,3,0,12,1,8,1,1,2,65,1,1,2,1,0,0,1,1,0,0,16,12,16,22,16,48,0,0,0,0,1,4,0,482497,490,2009,26,SR-124,99999999999999999999,0000000,30.02089444,-94.16491389,4,1
48,141,11,14,15,35,2,2,0,0,16,5,0,12,5,8,2,1,2,30,1,1,5,1,0,0,1,1,0,0,88,88,88,88,88,88,0,0,0,0,1,7,2,482498,0,2009,0,TURF,99999999999999999999,0000000,31.80685,-106.25275,2,1
48,363,11,14,11,55,2,2,0,0,3,2,0,12,1,1,1,1,2,70,1,1,2,1,40,3,1,1,0,2,88,88,88,88,88,88,0,0,0,0,1,7,0,482499,0,2009,65,US-281,99999999999999999999,0000000,32.91183889,-98.07868611,2,1
48,367,11,17,10,5,2,3,0,0,4,8,0,12,2,1,1,1,2,65,1,1,2,1,0,0,1,1,0,0,10,9,10,16,99,99,0,0,0,0,2,3,1,482500,0,2009,16,FM51,99999999999999999999,0000000,32.70613333,-97.77486667,2,1
48,29,11,27,5,40,2,3,1,1,13,8,0,8,0,1,1,1,2,50,1,1,2,1,0,0,2,1,0,0,88,88,88,88,88,88,0,0,0,0,1,6,0,482501,1512,2009,156,FM78,99999999999999999999,0000000,29.49756389,-98.32185556,2,1
48,113,12,1,23,2,2,2,0,1,13,8,0,25,0,1,4,3,2,40,1,1,2,2,0,0,3,2,0,1,23,5,23,18,1,24,0,14,0,0,1,3,0,482502,1730,2009,295,SL12,99999999999999999999,0000000,32.86011944,-96.721125,2,2
48,221,12,1,11,16,2,2,0,0,4,3,0,12,4,1,1,1,2,70,1,1,2,1,0,0,1,1,0,0,11,28,11,38,12,39,0,0,0,0,1,3,0,482503,0,2009,84,SR-144,99999999999999999999,0000000,32.34059167,-97.76056944,2,1
48,365,12,1,12,52,2,2,0,1,13,2,0,12,5,2,1,2,4,60,1,1,1,1,20,3,1,1,0,0,13,3,13,26,14,4,0,0,0,0,1,3,0,482504,1200,2009,6,US-59,FM699,0000000,32.14816389,-94.323925,2,1
48,73,12,2,13,18,1,1,0,0,4,8,0,42,0,1,4,1,2,55,2,1,2,2,0,0,1,2,0,0,13,18,13,28,14,11,0,0,0,0,1,4,0,482505,0,2009,43,FM2138,99999999999999999999,0000000,31.8847,-95.28356667,1,2
48,121,12,2,22,10,3,5,0,1,11,1,0,12,1,1,1,3,5,60,1,1,1,1,0,0,3,1,0,0,22,21,22,28,22,52,0,0,0,0,1,4,0,482506,1190,2009,16,I-35,99999999999999999999,0000000,32.9928,-96.94659167,3,1
48,167,12,2,20,18,1,1,0,0,14,8,0,18,0,1,4,1,2,50,1,1,2,2,0,0,2,1,0,0,99,99,99,99,99,99,0,0,0,0,1,4,1,482507,1920,2009,136,FM646,99999999999999999999,0000000,29.42258333,-95.09213056,1,1
48,201,12,2,18,42,2,3,0,0,3,2,0,12,1,1,1,3,2,65,1,1,2,1,0,0,2,1,0,0,18,47,18,57,99,99,0,23,0,0,1,4,0,482508,0,2009,190,US-90,99999999999999999999,0000000,29.90608889,-95.0508,2,1
48,231,12,2,22,5,2,9,0,0,6,4,0,12,1,1,1,1,2,35,1,3,2,1,0,0,2,1,0,0,22,28,22,39,99,99,0,0,0,0,1,4,0,482509,0,2009,0,2400,99999999999999999999,0000000,32.87348611,-96.22262778,2,1
48,1,12,3,20,40,1,1,0,0,3,2,0,37,0,1,4,1,2,60,1,1,2,1,0,0,2,1,0,0,88,88,88,88,88,88,0,0,0,0,1,5,1,482510,0,2009,49,US-287,99999999999999999999,0000000,31.71508056,-95.58962778,1,1
48,113,12,3,22,3,1,2,1,0,16,5,0,8,0,1,2,1,2,35,1,2,1,1,0,0,2,1,0,0,22,10,22,13,99,99,0,0,0,0,1,5,0,482511,2590,2009,0,NAAMANSCHOOL,99999999999999999999,0000000,32.94911667,-96.62233333,1,1
48,141,12,3,15,46,3,5,0,1,12,2,0,12,7,1,1,3,2,60,1,1,1,1,0,0,1,1,0,1,15,47,16,0,16,22,0,0,0,0,1,5,1,482512,2190,2009,84,US-54,99999999999999999999,0000000,31.81313611,-106.44185,3,1
48,213,12,3,6,30,2,3,0,0,3,3,0,12,2,1,1,1,2,65,1,2,2,2,0,0,2,1,0,0,6,40,6,48,7,0,0,0,0,0,2,5,0,482513,0,2009,149,SR-19,99999999999999999999,0000000,32.13833611,-95.82481389,2,1
48,339,12,3,6,55,2,3,0,1,2,3,0,12,4,2,1,1,2,55,1,1,2,1,0,0,1,1,0,0,7,8,7,18,8,13,0,0,0,0,1,5,0,482514,1692,2009,276,SR-105,CRYSTALFOREST,0000000,30.32850278,-95.377525,2,1
48,401,12,3,4,41,1,1,0,1,2,3,0,39,0,1,4,2,4,65,2,1,2,1,0,0,2,1,0,0,88,88,88,88,88,88,0,0,0,0,1,5,1,482515,0,2009,57,SR-64,99999999999999999999,0000000,32.17754722,-94.89358889,1,1
48,423,12,3,13,40,2,3,1,1,13,8,0,8,0,1,3,2,6,45,1,1,2,1,0,0,1,1,0,0,13,40,13,41,14,19,0,14,0,0,1,5,1,482516,7070,2009,43,SL323,99999999999999999999,0000000,32.32995,-95.26612222,2,1
48,459,12,3,23,20,1,1,0,0,6,4,0,42,0,1,4,1,2,35,1,1,2,1,0,0,6,1,0,0,88,88,88,88,88,88,0,0,0,0,1,5,0,482517,0,2009,0,CHERRYLAUREL,99999999999999999999,0000000,32.65833611,-94.98475,1,1
48,113,12,4,4,30,2,6,0,1,11,1,0,14,1,1,2,3,4,60,2,2,1,1,0,0,3,8,0,0,4,35,4,39,99,99,0,0,0,0,2,6,0,482518,1730,2009,48,I-635,99999999999999999999,0000000,32.92181667,-96.75197778,1,8
48,157,12,4,21,25,2,2,0,0,14,8,0,12,5,7,1,2,4,45,1,3,1,4,0,0,2,1,0,0,21,39,22,5,22,26,0,0,0,0,1,6,1,482519,4655,2009,334,FM2234,UA90,0000000,29.61871111,-95.5382,2,1
48,201,12,4,6,30,3,4,0,0,16,5,0,12,7,3,1,2,4,40,1,1,1,1,3,3,4,1,0,0,6,37,6,39,7,10,0,0,0,0,2,6,0,482520,3280,2009,0,TIDWELL,JENSEN,0000000,29.84821944,-95.34266111,3,1
48,215,12,4,4,33,2,2,0,0,15,8,0,12,1,3,1,1,4,45,1,1,2,2,3,3,3,2,0,0,4,36,4,47,99,99,0,0,0,0,1,6,0,482521,5330,2009,62,FM3362,FM495,0000000,26.21432222,-98.20155278,2,2
48,255,12,4,16,10,2,15,0,0,5,8,0,12,2,1,1,1,2,50,2,2,2,1,0,0,1,1,0,0,16,24,17,3,17,46,1,0,0,0,1,6,0,482522,0,2009,18,FM885,99999999999999999999,0000000,28.86923611,-97.71906389,2,1
48,325,12,4,1,8,2,3,0,1,1,1,0,12,2,1,1,2,4,65,1,1,2,1,0,0,2,1,0,0,1,22,1,32,2,33,0,0,0,0,1,6,1,482523,0,2009,2,I-35,99999999999999999999,0000000,29.09217778,-98.95385833,2,1
48,493,12,4,16,45,1,1,0,0,4,8,0,42,0,1,4,1,2,45,2,1,2,1,0,0,1,1,0,0,88,88,88,88,88,88,0,0,0,0,1,6,1,482524,0,2009,1,FM775,99999999999999999999,0000000,29.30383889,-98.16994444,1,1
48,17,12,5,12,5,1,2,0,0,6,4,0,1,0,1,1,1,2,60,1,1,5,1,0,0,1,1,0,0,12,8,12,24,99,99,0,0,0,0,1,7,0,482525,0,2009,0,1038,99999999999999999999,0000000,34.25870556,-102.8720722,1,1
48,141,12,5,1,10,1,1,0,1,11,7,0,52,0,1,4,4,2,50,1,1,2,1,0,0,3,1,0,0,1,10,1,21,99,99,0,0,0,0,1,7,1,482526,2190,2009,359,I-10,99999999999999999999,0000000,31.69118333,-106.2732722,1,1
48,181,12,5,16,12,1,1,0,1,12,2,0,52,0,1,3,3,3,60,2,2,2,1,0,0,1,1,0,0,88,88,88,88,88,88,0,0,0,0,1,7,0,482527,6350,2009,250,US-75,99999999999999999999,0000000,33.62933889,-96.61394444,1,1
48,245,12,5,3,5,1,1,0,1,12,2,0,30,0,1,4,3,3,30,2,1,1,4,0,0,3,3,0,0,88,88,88,88,88,88,0,0,0,0,1,7,1,482528,490,2009,73,US-69,99999999999999999999,0000000,30.03133333,-94.05655833,1,3
48,361,12,5,11,43,2,2,0,0,3,3,0,14,1,1,2,5,2,45,1,1,2,1,0,0,1,1,0,0,88,88,88,88,88,88,0,0,0,0,1,7,0,482529,4415,2009,39,SR-62,99999999999999999999,0000000,30.20462778,-93.87268056,1,1
48,425,12,5,18,58,2,5,0,0,4,3,0,12,5,2,2,1,2,65,1,1,2,1,0,0,2,1,0,0,19,1,19,18,20,7,0,0,0,0,1,7,0,482530,0,2009,27,SR-144,302,0000000,32.26599722,-97.73308889,2,1
48,29,12,6,18,14,1,2,1,0,16,5,0,8,0,3,1,1,4,35,1,1,2,1,3,3,3,1,0,0,18,17,18,33,18,47,0,0,0,0,1,1,0,482531,6090,2009,0,ZARZAMORA,VERACRUZ,0000000,29.41750833,-98.52829722,1,1
48,121,12,6,6,0,2,3,0,1,13,8,0,12,5,1,1,2,6,50,1,1,1,1,0,0,3,1,0,0,6,7,6,27,7,0,0,0,0,0,2,1,1,482532,1840,2009,22,SL288,99999999999999999999,0000000,33.22358056,-97.09031944,2,1
48,399,12,6,7,25,1,2,0,1,2,2,0,42,0,1,4,1,2,70,1,1,2,1,0,0,1,1,0,0,7,37,7,47,8,38,0,0,0,0,1,1,0,482533,0,2009,32,US-83,99999999999999999999,0000000,32.06408056,-99.928675,1,1
48,113,12,7,16,47,2,2,0,0,16,5,0,12,5,2,1,5,2,35,1,1,2,2,20,3,1,1,0,0,16,48,16,52,17,57,0,0,0,0,1,2,0,482534,1730,2009,0,MOCKINGBIRD,CONCHO,0000000,32.8365,-96.76415278,2,1
48,333,12,7,7,30,1,4,0,0,4,8,0,1,0,1,4,1,2,70,1,2,2,2,0,0,1,5,0,0,7,37,7,52,8,49,0,0,0,0,1,2,0,482535,0,2009,25,FM573,99999999999999999999,0000000,31.54346667,-98.69276111,1,5
48,353,12,7,12,35,4,5,0,1,11,1,0,7,0,1,3,2,4,70,1,1,2,4,0,0,1,2,0,0,12,40,12,46,13,8,0,0,0,0,1,2,0,482536,6720,2009,136,I-20,99999999999999999999,0000000,32.44912222,-100.4337083,4,2
48,427,12,7,8,54,1,2,0,1,2,2,0,1,0,1,4,2,4,65,1,1,2,2,0,0,1,5,0,0,9,2,9,21,10,12,0,0,0,0,1,2,0,482537,0,2009,467,US-83,99999999999999999999,0000000,26.28764444,-98.59096389,1,5
48,453,12,7,14,27,6,7,0,1,13,8,0,12,1,1,1,1,4,55,1,2,2,2,0,0,1,2,0,0,14,28,14,33,15,8,0,0,0,0,1,2,0,482538,330,2009,24,RM2222,99999999999999999999,0000000,30.38757222,-97.82428333,6,2
48,11,12,8,9,39,1,1,0,0,4,3,0,31,0,1,4,1,2,55,2,2,2,4,0,0,1,5,0,0,9,48,10,18,88,88,0,0,0,0,1,3,0,482539,0,2009,27,SR-207,99999999999999999999,0000000,34.88878333,-101.3769444,1,5
48,131,12,8,14,40,1,1,0,1,2,3,0,38,0,1,4,1,2,70,2,1,2,1,0,0,1,1,0,0,88,88,88,88,88,88,0,0,0,0,1,3,0,482541,0,2009,7,SR-44,99999999999999999999,0000000,27.88308611,-98.58426944,1,1
48,245,12,8,17,19,3,4,0,0,13,8,0,12,5,8,1,2,4,60,1,1,1,2,0,0,1,2,0,0,17,22,17,37,18,3,0,0,0,0,1,3,0,482542,490,2009,112,FM364,HOMSARPOINTE,0000000,30.12274722,-94.19046944,3,2
48,251,12,8,11,52,1,1,0,0,6,4,0,10,0,6,1,1,2,30,1,1,1,2,60,3,1,1,0,0,88,88,88,88,88,88,0,0,0,0,1,3,0,482543,1030,2009,0,921,99999999999999999999,9999999,32.54411667,-97.36655833,1,1
48,201,12,9,21,19,1,2,1,0,16,5,0,8,0,3,1,2,4,35,1,1,1,1,3,3,3,1,0,0,88,88,88,88,88,88,0,0,0,0,1,4,0,482544,0,2009,0,BEAMER,HALL,0000000,29.59658611,-95.22774444,1,1
48,215,12,9,18,22,1,2,1,0,5,8,0,8,0,1,1,1,2,60,1,1,2,1,0,0,2,1,0,0,88,88,88,88,88,88,0,0,0,0,1,4,0,482545,0,2009,18,FM2812,99999999999999999999,0000000,26.38146944,-98.11436944,1,1
48,401,12,9,12,15,1,1,0,0,3,2,0,38,0,1,5,1,2,60,2,3,2,1,0,0,1,1,0,0,88,88,88,88,88,88,0,0,0,0,1,4,0,482546,0,2009,149,US-84,99999999999999999999,0000000,31.91080556,-94.75182222,1,1
48,453,12,9,23,56,1,1,0,0,16,5,0,42,0,1,3,2,4,40,2,1,2,1,0,0,3,1,0,0,23,56,0,1,0,26,0,0,0,0,1,4,1,482547,330,2009,0,RIATATRACE,99999999999999999999,0000000,30.42881389,-97.74820556,1,1
48,41,12,10,19,21,5,4,0,1,13,3,0,12,2,8,1,1,4,45,1,1,2,1,0,0,3,1,0,0,19,23,19,26,20,11,0,14,0,0,1,5,0,482548,970,2009,7,SR-21,99999999999999999999,0000000,30.69411389,-96.36274722,3,1
48,139,12,10,18,58,2,2,0,1,2,2,0,12,2,1,1,1,2,55,1,1,2,1,0,0,2,1,0,0,88,88,88,88,88,88,0,0,0,0,2,5,0,482549,2240,2009,83,US-287,99999999999999999999,0000000,32.28893611,-96.595275,2,1
48,209,12,10,19,36,1,3,1,1,13,8,0,8,0,1,1,2,4,45,1,1,2,1,0,0,2,1,0,0,19,40,19,42,19,59,0,0,0,0,1,5,0,482550,6170,2009,3,SL82,99999999999999999999,0000000,29.89283056,-97.91721667,1,1
48,375,12,11,17,46,3,3,1,1,13,2,0,14,1,1,7,4,3,35,1,1,2,1,0,0,5,1,0,0,17,48,17,51,18,13,0,14,0,0,1,6,1,482551,150,2009,16,US-60,99999999999999999999,0000000,35.218675,-101.8322556,1,1
48,423,12,11,23,44,2,3,0,1,1,1,0,12,5,5,1,6,1,99,1,1,2,1,3,3,3,1,0,0,88,88,88,88,88,88,0,0,0,0,2,6,1,482552,0,2009,275,I-20RAMP,US-271,0000000,32.440775,-95.13473056,2,1
48,167,12,12,2,24,2,3,0,0,15,8,0,12,2,1,1,1,2,60,1,1,2,2,0,0,2,1,0,0,2,32,2,53,99,99,0,0,0,0,2,7,2,482553,0,2009,30,FM517,99999999999999999999,0000000,29.43587222,-95.17948611,2,1
48,293,12,12,0,40,1,2,0,0,4,8,0,1,0,1,4,1,2,60,1,2,2,2,0,0,2,8,0,0,0,41,1,18,99,99,0,0,0,0,1,7,1,482555,0,2009,96,FM937,99999999999999999999,0000000,31.41850556,-96.43325556,1,8
48,309,12,12,13,3,3,7,0,0,16,5,0,12,5,2,1,2,4,50,1,1,2,2,3,3,1,1,0,0,13,4,13,15,99,99,0,0,0,0,1,7,0,482556,7210,2009,0,LAKESHORE,MLKING,0000000,31.59942778,-97.15797778,3,1
48,353,12,12,23,9,1,7,0,1,1,7,0,27,0,5,4,6,1,65,2,2,2,1,0,0,2,1,0,0,23,13,23,18,23,55,0,0,0,0,1,7,0,482557,0,2009,115,I-20RAMP,99999999999999999999,0000000,32.45143889,-100.4757528,1,1
48,407,12,12,8,38,2,3,0,0,4,8,0,12,2,1,1,1,2,55,2,1,2,2,0,0,1,2,5,0,8,48,9,0,10,1,0,0,0,0,2,7,1,482558,0,2009,45,FM3278,99999999999999999999,0000000,30.62528333,-95.01156944,2,2
48,441,12,12,5,51,1,2,1,1,12,7,0,8,0,1,1,4,2,45,1,1,2,1,0,0,3,1,0,0,88,88,88,88,88,88,0,0,0,0,1,7,0,482559,30,2009,77,US-83,99999999999999999999,0000000,32.42889444,-99.78770278,1,1
48,491,12,12,3,30,1,2,0,1,1,1,0,27,0,1,10,3,3,65,1,1,2,1,0,0,3,1,0,0,4,3,4,16,99,99,0,0,0,0,1,7,0,482560,2620,2009,156,I-35,99999999999999999999,0000000,30.693025,-97.65556111,1,1
48,27,12,13,3,20,1,1,0,0,6,4,0,38,0,1,5,1,2,30,1,1,2,2,40,3,2,5,0,0,88,88,88,88,88,88,0,0,0,0,1,1,1,482561,0,2009,0,KUYKENDALLMOUNTAIN,99999999999999999999,0000000,31.19176944,-97.46555278,1,5