STATE,COUNTY,MONTH,DAY,HOUR,MINUTE,VE_TOTAL,PERSONS,PEDS,NHS,ROAD_FNC,ROUTE,SP_JUR,HARM_EV,MAN_COLL,REL_JUNC,REL_ROAD,TRAF_FLO,NO_LANES,SP_LIMIT,ALIGNMNT,PROFILE,PAVE_TYP,SUR_COND,TRA_CONT,T_CONT_F,LGT_COND,WEATHER1,WEATHER2,WRK_ZONE,NOT_HOUR,NOT_MIN,ARR_HOUR,ARR_MIN,HOSP_HR,HOSP_MN,SCH_BUS,CF1,CF2,CF3,FATALS,DAY_WEEK,DRUNK_DR,ST_CASE,CITY,YEAR,MILEPT,TWAY_ID,TWAY_ID2,RAIL,LATITUDE,LONGITUD,VE_FORMS,WEATHER
48,29,12,13,18,8,2,3,0,0,16,5,0,12,5,2,1,1,2,35,1,1,2,1,3,3,3,1,0,0,18,9,18,11,19,12,0,0,0,0,1,1,0,482562,6090,2009,0,PRESA,HOTWELLS,0000000,29.368675,-98.47101667,2,1
48,135,12,13,8,44,1,4,1,1,13,8,0,8,0,1,1,2,6,50,1,1,2,1,0,0,3,1,0,0,88,88,88,88,88,88,0,0,0,0,1,1,0,482563,5030,2009,95,FM2020,99999999999999999999,0000000,31.86254444,-102.4073611,1,1
48,165,12,13,1,47,1,2,0,1,13,2,0,27,0,1,4,2,4,35,1,1,2,1,0,0,3,1,0,0,1,48,1,53,2,10,0,0,0,0,1,1,1,482564,6300,2009,197,US-385,99999999999999999999,0000000,32.70843611,-102.6448667,1,1
48,215,12,13,16,4,2,4,0,0,16,5,0,12,5,2,1,1,2,30,1,1,1,1,20,3,1,1,0,0,16,4,16,7,16,36,0,0,0,0,1,1,1,482565,2110,2009,0,DOOLITTLE,MILE171/2,0000000,26.3182,-98.12675278,2,1
48,439,12,13,9,28,1,1,0,1,13,8,0,25,0,1,3,3,3,55,1,1,1,1,0,0,6,5,0,0,88,88,88,88,88,88,0,0,0,0,1,1,1,482566,260,2009,99,FM157,99999999999999999999,0000000,32.80462778,-97.09915278,1,5
48,439,12,13,13,43,3,3,0,0,16,5,0,12,1,1,1,2,4,40,1,1,1,1,0,0,1,1,0,0,13,50,14,13,14,24,0,0,0,0,1,1,0,482567,4300,2009,0,BROAD,99999999999999999999,0000000,32.567425,-97.11871667,3,1
48,29,12,14,14,44,1,3,1,0,16,5,0,8,0,1,1,3,2,30,1,1,1,1,0,0,1,1,0,0,14,44,15,3,15,17,0,0,0,0,1,2,0,482568,6090,2009,0,DURANGO,99999999999999999999,0000000,29.42243611,-98.50093056,1,1
48,113,12,14,2,15,1,1,0,1,11,1,0,24,0,1,4,3,5,60,1,2,2,1,0,0,3,8,0,0,88,88,88,88,88,88,0,0,0,0,1,2,1,482569,1730,2009,277,I-35,99999999999999999999,0000000,32.901875,-96.89790833,1,8
48,245,12,14,16,11,1,1,0,1,11,1,0,16,0,1,1,3,4,65,1,3,1,1,0,0,1,1,0,0,16,13,16,21,16,38,0,0,0,0,1,2,0,482570,490,2009,197,I-10,99999999999999999999,0000000,30.07440556,-94.13503333,1,1
48,149,12,15,4,39,1,2,0,1,1,7,0,1,0,1,2,1,2,65,2,2,2,1,0,0,2,1,0,0,4,47,4,56,5,8,0,0,0,0,1,3,1,482571,0,2009,178,I-10,99999999999999999999,0000000,29.69085278,-96.92946667,1,1
48,407,12,15,4,30,1,2,1,1,2,2,0,8,0,1,99,2,4,65,1,1,2,2,0,0,2,2,5,0,4,35,4,43,5,25,0,0,0,0,1,3,0,482572,0,2009,22,US-59,99999999999999999999,0000000,30.54077222,-94.96963333,1,2
48,453,12,15,20,31,2,6,0,0,14,8,0,12,1,3,1,5,4,65,1,3,2,1,3,3,3,1,0,0,20,32,20,42,21,12,0,0,0,0,1,3,0,482573,0,2009,117,RM620,COMANCHETRAIL,0000000,30.39432778,-97.86916667,2,1
48,113,12,17,16,0,1,4,1,0,16,5,0,8,0,1,10,4,3,35,2,1,1,1,98,3,1,1,0,0,16,4,16,8,16,42,0,0,0,0,1,5,0,482574,1730,2009,0,DALLAS,99999999999999999999,0000000,32.93265278,-96.82172222,1,1
48,113,12,17,19,19,3,4,1,1,11,1,0,12,7,1,1,3,5,60,1,1,2,1,0,0,3,1,0,0,88,88,88,88,88,88,0,0,0,0,1,5,0,482575,1730,2009,189,I-35E,99999999999999999999,0000000,32.80648333,-96.839825,3,1
48,201,12,17,2,27,1,2,0,0,6,4,0,37,0,1,4,1,2,35,2,1,2,2,0,0,2,2,0,0,2,50,3,2,3,58,0,0,0,0,1,5,1,482577,0,2009,0,WOODEDGE,99999999999999999999,0000000,29.94412222,-95.57361944,1,2
48,29,12,18,17,13,1,2,1,0,16,5,0,8,0,3,1,1,4,30,1,1,2,1,3,3,1,1,0,0,17,29,17,38,17,56,0,0,0,0,1,6,0,482578,6090,2009,0,GILLETTE,MOURSUND,0000000,29.33026667,-98.50381389,1,1
48,225,12,19,3,25,1,2,0,0,6,4,0,42,0,1,4,1,2,35,1,3,5,1,0,0,2,1,0,0,88,88,88,88,88,88,0,0,0,0,2,7,1,482579,0,2009,0,1825,99999999999999999999,0000000,31.407,-95.45914167,1,1
48,291,12,19,0,45,1,1,0,0,4,8,0,42,0,1,4,1,2,55,2,1,2,1,0,0,2,1,0,0,88,88,88,88,88,88,0,0,0,0,1,7,1,482580,0,2009,187,FM1409,99999999999999999999,0000000,29.92382778,-94.83198333,1,1
48,339,12,19,19,20,1,2,0,0,14,8,0,1,0,1,4,1,2,55,2,2,2,1,0,0,2,1,0,0,19,21,19,27,20,25,0,0,0,0,1,7,1,482581,1510,2009,33,FM3083,99999999999999999999,0000000,30.35289722,-95.49065278,1,1
48,485,12,19,3,8,1,2,0,1,12,7,0,24,0,15,4,4,9,30,1,1,2,1,0,0,3,1,0,0,88,88,88,88,88,88,0,0,0,0,2,7,0,482582,7490,2009,7,SP325,99999999999999999999,0000000,33.95371389,-98.51465,1,1
48,113,12,20,1,35,1,4,0,1,13,3,0,1,0,3,4,2,6,35,1,2,2,1,0,0,3,1,0,0,1,40,1,41,88,88,0,0,0,0,1,1,1,482583,1730,2009,171,SR-78,MTAUBURN,0000000,32.79672778,-96.74461944,1,1
48,113,12,20,3,30,1,1,0,0,16,5,0,1,0,1,1,1,2,35,2,2,2,1,0,0,2,1,0,0,3,48,4,6,4,31,0,0,0,0,1,1,0,482584,6053,2009,0,SACHSE,99999999999999999999,0000000,32.97363889,-96.59341667,1,1
48,303,12,20,14,46,2,5,0,1,13,2,0,12,5,10,1,2,4,55,1,1,2,1,3,3,1,1,0,0,14,55,15,0,15,20,0,0,0,0,2,1,0,482585,4140,2009,149,US-84,SL289,0000000,33.53005556,-101.8207861,2,1
48,5,12,21,10,20,2,2,0,1,2,3,0,12,2,1,1,1,2,70,1,1,2,1,0,0,1,1,0,0,10,31,10,53,11,54,0,0,0,0,1,2,0,482586,0,2009,146,SR-103,99999999999999999999,0000000,31.37276667,-94.48268056,2,1
48,215,12,21,23,53,1,2,0,1,12,2,0,25,0,3,3,3,3,65,1,1,2,1,20,3,3,1,0,0,88,88,88,88,88,88,0,0,0,0,2,2,0,482587,4650,2009,208,US-83,TAYLOR,0000000,26.19576667,-98.28029444,1,1
48,317,12,21,19,14,2,3,0,0,3,3,0,12,2,1,1,1,2,65,1,1,2,1,0,0,2,1,0,0,19,19,19,48,20,31,0,0,0,0,1,2,0,482589,0,2009,128,SR-349,99999999999999999999,0000000,32.37040278,-102.1439472,2,1
48,353,12,21,16,43,2,3,0,0,16,5,0,12,5,2,1,1,2,30,1,1,2,1,20,3,1,1,0,0,88,88,88,88,88,88,0,0,0,0,1,2,0,482590,6720,2009,0,AVEC,NEFF,0000000,32.47013333,-100.3993,2,1
48,11,12,22,13,10,2,3,0,1,2,2,0,12,1,1,1,2,2,70,1,1,2,1,0,0,1,1,0,0,88,88,88,88,88,88,0,0,0,0,1,3,0,482591,0,2009,204,US-287,99999999999999999999,0000000,35.08188333,-101.2838056,2,1
48,29,12,23,11,3,2,3,0,1,11,7,0,12,5,10,1,3,3,45,1,1,2,1,3,3,1,1,0,1,11,3,11,6,11,32,0,0,0,0,1,4,0,482592,6090,2009,109,I-410,FM3487,0000000,29.453275,-98.63044722,2,1
48,29,12,24,16,45,2,2,0,0,16,5,0,12,2,1,1,1,4,45,1,1,2,1,0,0,1,1,0,0,16,46,16,52,17,38,0,0,0,0,1,5,0,482593,6090,2009,0,HARRYWURZBACH,99999999999999999999,0000000,29.4711,-98.43762778,2,1
48,85,12,24,16,30,3,9,0,1,2,2,0,12,5,1,1,2,4,65,1,2,1,2,0,0,1,4,0,0,16,41,16,45,17,28,0,0,0,0,3,5,0,482594,2520,2009,17,US-380,99999999999999999999,0000000,33.21901667,-96.81062222,3,4
48,333,12,24,15,4,1,2,0,0,4,3,0,42,0,1,5,1,2,70,2,2,2,4,0,0,1,4,0,0,15,6,15,23,16,28,0,0,0,0,1,5,0,482595,0,2009,74,SR-16,99999999999999999999,0000000,31.38368333,-98.65138889,1,4
48,423,12,24,9,30,2,4,0,0,3,3,0,12,5,2,1,5,2,60,1,2,2,1,20,3,1,1,0,0,9,33,9,42,99,99,0,0,0,0,1,5,0,482596,0,2009,206,SR-31,FM757,0000000,32.36598889,-95.11055278,2,1
48,485,12,24,2,28,2,4,0,1,11,1,0,12,2,15,1,4,1,45,2,1,2,2,0,0,3,2,0,0,2,32,2,41,3,10,0,0,0,0,1,5,1,482597,7490,2009,38,I-44,99999999999999999999,0000000,33.94243333,-98.52238611,2,2
48,23,12,25,16,5,2,3,0,1,2,2,0,12,5,1,1,1,2,70,1,3,2,3,0,0,1,1,0,0,16,10,16,24,16,50,0,0,0,0,1,6,0,482598,0,2009,71,US-82,99999999999999999999,0000000,33.60543333,-99.35563056,2,1
48,29,12,25,19,44,1,2,1,1,12,2,0,8,0,1,1,2,6,65,1,1,1,1,0,0,3,1,0,0,88,88,88,88,88,88,0,0,0,0,1,6,0,482599,6090,2009,16,US-90,99999999999999999999,0000000,29.39875,-98.64335556,1,1
48,353,12,25,13,10,2,6,0,0,4,3,0,12,4,1,1,1,2,70,1,1,2,3,0,0,1,4,0,0,13,9,13,9,14,21,0,0,0,0,1,6,0,482600,0,2009,146,SR-70,99999999999999999999,0000000,32.28476944,-100.3355861,2,4
48,113,12,26,21,23,1,1,0,0,16,5,0,27,0,1,4,1,4,40,2,1,2,1,0,0,2,1,0,0,21,26,21,34,22,8,0,0,0,0,1,7,1,482601,3420,2009,0,MACARTHUR,99999999999999999999,0000000,32.85273611,-96.95893333,1,1
48,373,12,26,20,2,1,3,1,0,3,3,0,8,0,1,1,1,2,65,1,1,2,1,0,0,2,1,0,0,88,88,88,88,88,88,0,0,0,0,1,7,0,482602,0,2009,48,SR-146,99999999999999999999,0000000,30.65804444,-94.88481389,1,1
48,51,12,28,18,28,1,3,1,1,2,3,0,8,0,1,1,1,2,55,1,1,2,1,0,0,3,1,0,0,18,26,18,27,18,39,0,0,0,0,1,2,0,482603,1070,2009,9,SR-36,99999999999999999999,0000000,30.52583889,-96.68568056,1,1
48,303,12,30,8,45,2,2,0,1,1,1,0,1,0,1,3,2,4,70,1,2,1,6,0,0,1,1,0,1,88,88,88,88,88,88,0,0,0,0,1,4,0,482604,0,2009,141,I-27,99999999999999999999,0000000,33.67155,-101.8359972,2,1
48,453,12,30,18,4,2,2,0,0,4,8,0,12,5,1,1,1,4,55,2,2,2,1,0,0,5,1,0,0,18,4,18,9,19,0,0,0,0,0,1,4,1,482605,9997,2009,166,RM1431,99999999999999999999,0000000,30.47148056,-97.97150278,2,1
48,29,12,31,6,42,1,1,0,1,12,8,0,46,0,3,99,2,6,55,1,1,2,1,3,3,3,1,0,0,88,88,88,88,88,88,0,0,0,0,1,5,0,482606,6090,2009,210,SL1604,WISEMAN,0000000,29.465275,-98.71082222,1,1
48,29,12,31,23,21,2,3,0,0,16,5,0,12,5,2,1,1,2,30,1,1,2,1,3,3,3,1,0,0,23,23,23,29,0,2,0,0,0,0,1,5,0,482607,6090,2009,0,BARCLAY,CASTROVILLE,0000000,29.41942222,-98.54185,2,1
48,201,9,21,21,15,1,1,0,1,11,1,0,25,0,1,4,3,4,60,1,2,1,1,0,0,3,1,0,0,21,34,21,44,22,24,0,0,0,0,1,2,0,482608,530,2009,333,I-610,99999999999999999999,0000000,29.71725833,-95.46039722,1,1
48,201,9,25,7,59,1,1,0,1,12,3,0,33,0,15,4,2,6,99,1,1,1,1,0,0,1,1,0,0,8,5,8,11,8,41,0,0,0,0,1,6,0,482609,3280,2009,98,SR-288,ALMEDA GENOA,0000000,29.61413611,-95.38696944,1,1
48,39,10,12,7,35,3,6,0,1,2,3,0,12,2,1,1,1,2,65,1,1,2,2,0,0,1,5,0,0,88,88,88,88,88,88,0,14,0,0,1,2,0,482610,0,2009,54,SR-36,99999999999999999999,0000000,29.25027222,-95.70947778,3,5
48,439,10,12,2,22,1,1,0,1,11,1,0,32,0,1,10,3,3,60,1,3,2,2,0,0,3,2,0,0,88,88,88,88,88,88,0,0,0,0,1,2,0,482611,2450,2009,136,I-820RAMP,99999999999999999999,0000000,32.82900833,-97.38156667,1,2
48,215,10,17,13,7,1,2,1,0,6,4,0,8,0,1,1,1,2,30,1,1,2,1,0,0,1,1,0,0,13,15,13,22,99,99,0,0,0,0,1,7,0,482612,0,2009,0,MILE5,99999999999999999999,0000000,26.12665833,-97.972275,1,1
48,427,12,31,4,40,1,2,0,0,6,4,0,5,0,1,1,1,2,30,2,1,4,1,0,0,2,1,0,0,88,88,88,88,88,88,0,20,0,0,1,5,0,482613,0,2009,0,PIPELINE,99999999999999999999,0000000,26.44925,-98.55186944,1,1
48,477,10,19,13,0,1,1,0,1,2,2,0,18,0,1,2,2,2,70,1,1,2,1,0,0,1,1,0,0,88,88,88,88,88,88,0,0,0,0,1,2,0,482614,0,2009,262,US-290,99999999999999999999,0000000,30.13491111,-96.25913889,1,1
48,39,10,25,3,30,1,3,0,0,6,4,0,32,0,1,4,1,2,35,2,1,2,1,0,0,2,1,0,0,3,44,4,21,99,99,0,0,0,0,2,1,1,482615,0,2009,0,171,99999999999999999999,0000000,29.22215833,-95.35171389,1,1
48,71,11,13,5,30,3,7,0,1,1,1,0,12,7,1,1,3,2,65,1,1,1,1,0,0,2,5,0,1,5,50,6,7,6,23,0,0,0,0,2,6,0,482616,0,2009,62,I-10,99999999999999999999,0000000,29.82936389,-94.80896389,3,5
48,479,11,15,19,53,1,6,0,9,99,3,0,11,0,1,1,1,2,65,1,1,2,1,0,0,2,1,0,0,19,51,20,16,21,0,0,0,0,0,1,1,0,482617,0,2009,99999,SR-255,99999999999999999999,0000000,27.75075278,-99.64211111,1,1
48,273,11,18,23,26,1,2,1,0,14,8,0,8,0,1,1,1,2,45,1,1,2,1,0,0,2,1,0,0,23,29,23,35,23,49,0,0,0,0,1,4,0,482618,3700,2009,19,FM1356,99999999999999999999,0000000,27.50535833,-97.87368889,1,1
48,251,11,27,15,8,1,1,0,0,5,8,0,5,0,1,4,1,2,60,2,2,2,1,0,0,1,1,0,0,15,36,15,43,16,17,0,0,0,0,1,6,0,482619,0,2009,91,FM3048,99999999999999999999,0000000,32.42152778,-97.37711944,1,1
48,439,11,27,3,19,2,2,0,1,11,1,0,12,1,1,1,3,4,60,1,1,1,1,0,0,3,1,0,0,3,22,3,24,3,51,0,0,0,0,1,6,1,482620,2450,2009,200,I-30,99999999999999999999,0000000,32.759725,-97.22162222,2,1
48,201,11,28,0,38,1,1,0,1,12,2,0,1,0,1,1,3,5,60,1,2,1,2,0,0,3,1,0,0,88,88,88,88,88,88,0,0,0,0,1,7,1,482621,3280,2009,384,US-290,99999999999999999999,0000000,29.80121389,-95.45015278,1,1
48,439,11,28,2,18,1,2,0,0,16,5,0,29,0,1,4,1,2,30,2,1,1,1,0,0,3,1,0,0,2,19,2,23,3,0,0,0,0,0,1,7,1,482622,2255,2009,0,BEARCREEK,99999999999999999999,0000000,32.853625,-97.07135278,1,1
48,201,11,30,18,43,1,4,1,0,16,5,0,8,0,1,1,1,2,35,1,1,2,1,0,0,2,1,0,0,18,44,18,48,19,18,0,0,0,0,1,2,0,482623,6970,2009,0,SNOOK,99999999999999999999,0000000,30.10753889,-95.60276389,1,1
48,229,11,30,14,47,2,3,0,1,1,1,0,12,5,1,1,2,4,80,1,1,1,4,0,0,1,4,0,0,99,99,15,1,99,99,0,0,0,0,1,2,0,482624,0,2009,643,I-10,99999999999999999999,0000000,31.09023889,-105.0558333,2,4
48,85,12,1,1,13,1,1,0,1,13,3,0,27,0,1,4,1,2,55,2,2,2,1,0,0,2,1,0,1,88,88,88,88,88,88,0,0,0,0,1,3,1,482625,4230,2009,164,SR-5,99999999999999999999,0000000,33.23586389,-96.61081111,1,1
48,303,12,11,12,45,1,2,1,0,16,5,0,8,0,1,1,2,4,40,1,1,2,1,0,0,1,1,0,0,12,46,12,47,13,7,0,0,0,0,1,6,0,482626,4140,2009,0,QUAKER,99999999999999999999,0000000,33.531925,-101.9070333,1,1
48,215,12,9,2,18,2,2,0,0,6,4,0,12,2,1,1,1,2,45,1,1,2,2,0,0,2,2,0,0,2,19,2,29,99,99,0,0,0,0,1,4,1,482627,0,2009,0,BENSTENPALM,99999999999999999999,0000000,26.30092778,-98.35891111,2,2
48,423,12,11,8,25,2,2,0,1,2,3,0,12,3,1,1,2,4,70,1,1,2,1,0,0,1,1,0,0,88,88,88,88,88,88,0,0,0,0,1,6,0,482628,0,2009,15,SR-31,99999999999999999999,0000000,32.31906111,-95.44455278,2,1
48,63,12,12,0,46,1,3,0,0,5,8,0,24,0,1,4,1,2,55,2,2,2,1,0,0,2,1,0,0,0,46,1,1,1,32,0,20,0,0,1,7,1,482630,0,2009,39,FM557,99999999999999999999,0000000,32.98696111,-94.91608056,1,1
48,303,12,12,0,57,1,1,0,1,13,8,0,46,0,3,4,2,4,50,1,1,1,1,3,3,3,1,0,0,0,59,1,6,1,25,0,0,0,0,1,7,1,482631,4140,2009,6,SS327,MILWAUKEE,0000000,33.53898056,-101.9572444,1,1
48,147,12,14,21,22,1,1,0,0,4,3,0,38,0,1,4,1,2,65,2,1,1,1,0,0,3,1,0,0,88,88,88,88,88,88,0,0,0,0,1,2,1,482632,3770,2009,87,SR-34,99999999999999999999,0000000,33.46356111,-95.94364722,1,1
48,201,12,14,9,30,2,2,0,0,16,5,0,12,2,1,1,1,4,50,2,2,2,2,0,0,1,5,0,0,9,33,9,38,10,48,0,0,0,0,1,2,0,482633,3280,2009,0,ELDRIDGE,99999999999999999999,0000000,29.81249722,-95.61736111,2,5
48,361,12,15,17,11,2,4,0,0,3,3,0,12,2,1,1,1,2,70,1,1,2,1,0,0,5,1,0,0,17,20,17,41,18,7,0,0,0,0,2,3,0,482634,0,2009,120,SR-12,99999999999999999999,0000000,30.23081667,-93.84083611,2,1
48,85,12,17,17,39,2,2,0,1,12,3,0,12,1,1,1,3,4,70,1,3,2,1,0,0,3,1,0,0,17,41,17,54,18,3,0,0,0,0,1,5,0,482635,5730,2009,100,SR-190RAMP,99999999999999999999,0000000,33.00373333,-96.71545833,2,1
48,85,12,18,0,16,1,1,0,0,16,5,0,39,0,13,4,6,1,35,2,2,1,1,0,0,3,1,0,0,88,88,88,88,88,88,0,0,0,0,1,6,0,482636,1730,2009,0,GEORGEBUSHTURNPIKE,DALLASNORTHTOLLWAY,0000000,33.01217222,-96.82731111,1,1
48,97,12,18,18,46,2,5,0,0,4,8,0,12,2,1,1,1,2,55,2,2,2,1,0,0,2,1,0,0,18,46,19,2,99,99,0,0,0,0,2,6,1,482637,0,2009,118,FM3164,99999999999999999999,0000000,33.57050556,-96.98275556,2,1
48,329,12,18,21,59,2,3,0,0,16,5,0,12,2,1,1,1,2,30,1,1,2,1,0,0,3,1,0,0,22,0,22,4,22,20,0,0,0,0,2,6,1,482638,4560,2009,0,CUTHBERT,99999999999999999999,0000000,31.99761389,-102.1226417,2,1
48,221,12,19,16,23,2,2,0,0,5,8,0,12,4,1,1,1,2,70,1,1,2,1,0,0,1,1,0,0,16,59,17,9,17,32,0,0,0,0,1,7,1,482639,0,2009,88,FM51,99999999999999999999,0000000,32.34741944,-97.85805833,2,1
48,449,12,19,12,58,2,6,0,0,14,8,0,12,3,1,1,1,2,60,1,2,2,1,0,0,1,1,0,0,13,10,13,17,13,57,0,0,0,0,3,7,1,482640,0,2009,27,FM2152,99999999999999999999,0000000,33.25658889,-94.99886389,2,1
48,167,12,20,3,4,1,2,0,1,13,8,0,29,0,1,4,1,2,30,1,9,9,1,0,0,3,1,0,0,3,6,3,10,99,99,0,0,0,0,1,1,1,482641,6860,2009,20,FM1765,99999999999999999999,0000000,29.38356667,-94.93753889,1,1
48,439,12,20,2,30,1,1,0,1,11,7,0,29,0,15,4,4,2,45,1,1,1,1,0,0,3,1,0,0,2,41,2,45,99,99,0,0,0,0,1,1,0,482642,2450,2009,42,I-35W,99999999999999999999,0000000,32.59780556,-97.318525,1,1
48,459,12,20,12,30,2,3,0,0,5,8,0,12,4,2,1,1,2,55,1,3,2,1,0,0,1,1,0,0,88,88,88,88,88,88,0,0,0,0,1,1,0,482643,0,2009,181,FM852,MACHEN,0000000,32.73828333,-94.97775833,2,1
48,141,12,21,18,4,3,4,1,0,16,5,0,8,0,2,1,3,3,45,1,1,2,1,0,0,2,1,0,0,18,5,18,10,18,44,0,0,0,0,1,2,0,482644,2190,2009,0,MCCOMBS,WOODBERRY,0000000,31.91246389,-106.4070028,3,1
48,213,12,21,12,15,2,5,0,0,4,8,0,12,1,1,1,1,2,55,1,2,2,1,0,0,1,1,0,0,12,32,12,48,13,10,0,0,0,0,1,2,0,482645,0,2009,12,FM317,99999999999999999999,0000000,32.22777778,-95.62121389,2,1
48,439,12,21,1,40,1,4,0,0,16,5,0,5,0,1,1,1,2,30,1,1,2,1,0,0,3,1,0,0,99,99,1,43,2,15,0,0,0,0,1,2,0,482646,260,2009,0,CLOVERDALE,99999999999999999999,0000000,32.73044444,-97.06971667,1,1
48,85,12,22,18,55,2,3,1,1,12,2,0,8,0,1,1,3,3,65,1,2,2,1,0,0,3,1,0,0,18,57,19,3,88,88,0,0,0,0,1,3,0,482647,4230,2009,12,US-75,99999999999999999999,0000000,33.16546944,-96.64284444,2,1
48,199,12,23,18,15,1,3,1,1,2,2,0,9,0,2,1,2,4,45,1,1,2,1,0,0,6,1,0,0,18,25,18,35,88,88,0,0,0,0,1,4,0,482648,3750,2009,116,US-69,OLDPANAM,0000000,30.28996944,-94.23673056,1,1
48,363,12,23,19,15,1,1,0,0,3,2,0,1,0,1,2,1,2,65,1,1,2,1,0,0,2,1,0,0,88,88,88,88,88,88,0,0,0,0,1,4,1,482649,0,2009,328,US-281,99999999999999999999,0000000,32.54578611,-98.12013611,1,1
48,439,12,23,19,35,2,7,0,1,11,1,0,12,1,1,1,3,2,60,2,2,2,1,0,0,3,1,0,0,19,36,19,41,20,16,0,0,0,0,1,4,0,482650,2450,2009,346,I-820,99999999999999999999,0000000,32.69148889,-97.239775,2,1
48,261,12,24,3,22,2,3,0,1,2,2,0,12,2,1,1,1,2,65,1,1,2,1,0,0,2,1,0,0,88,88,88,88,88,88,0,0,0,0,3,5,1,482651,0,2009,56,US-77,99999999999999999999,0000000,26.73388333,-97.76922222,2,1
48,363,12,24,14,9,2,2,0,0,3,2,0,12,3,1,1,1,2,70,1,1,2,3,0,0,1,4,0,0,88,88,88,88,88,88,0,0,0,0,1,5,0,482652,0,2009,92,US-281,99999999999999999999,0000000,32.87411667,-98.09425278,2,4
48,111,12,25,2,30,1,1,0,0,5,8,0,38,0,1,4,1,2,65,1,1,2,1,0,0,2,1,0,0,88,88,88,88,88,88,0,0,0,0,1,6,1,482653,0,2009,88,FM3110,99999999999999999999,0000000,36.17173611,-102.8719444,1,1
48,183,12,26,16,53,1,2,0,0,5,8,0,42,0,1,4,1,2,55,1,1,2,1,0,0,1,1,0,0,16,50,17,1,17,41,0,0,0,0,1,7,1,482654,0,2009,13,FM1639,99999999999999999999,0000000,32.37391389,-94.94693333,1,1
48,201,12,26,16,20,1,2,0,0,16,5,0,40,0,1,4,1,2,35,1,1,1,1,0,0,1,1,0,0,16,21,16,28,16,55,0,0,0,0,1,7,1,482655,3280,2009,0,ANTOINE,99999999999999999999,0000000,29.79878333,-95.47573889,1,1
48,279,12,26,21,53,1,2,0,0,6,4,0,5,0,1,1,1,2,55,1,1,5,3,0,0,2,1,0,0,21,58,22,12,22,58,0,0,0,0,1,7,0,482656,0,2009,0,50,99999999999999999999,0000000,34.28390278,-102.5261667,1,1
48,401,12,26,18,33,2,2,0,0,4,3,0,12,4,1,1,1,2,65,1,1,2,1,0,0,2,1,0,0,88,88,88,88,88,88,0,0,0,0,1,7,1,482657,0,2009,53,SR-322,99999999999999999999,0000000,32.300775,-94.74348889,2,1
48,203,12,27,2,44,2,5,0,0,3,2,0,12,3,1,1,1,2,65,1,1,2,1,0,0,2,1,0,0,2,49,2,57,3,38,0,0,0,0,1,1,0,482658,0,2009,273,US-80,99999999999999999999,0000000,32.51998889,-94.25402222,2,1
48,455,12,27,22,40,1,1,0,0,4,8,0,42,0,1,4,1,2,55,2,1,2,1,40,3,2,1,0,0,22,48,23,9,23,49,0,0,0,0,1,1,1,482659,0,2009,66,FM355,99999999999999999999,0000000,30.97194722,-95.17474167,1,1
48,329,12,28,22,30,3,4,0,1,12,7,0,12,5,10,1,4,2,45,1,1,1,1,3,3,3,1,0,0,22,34,22,37,22,49,0,20,0,0,1,2,1,482660,4560,2009,181,SL250,MIDKIFF,0000000,32.03391111,-102.1294417,3,1
48,201,12,29,20,50,1,3,1,0,6,4,0,8,0,1,1,2,3,35,1,1,1,2,0,0,3,2,0,0,20,51,20,55,21,24,0,0,0,0,1,3,0,482661,0,2009,0,MASON,99999999999999999999,0000000,29.76815833,-95.75178333,1,2
48,423,12,29,14,5,6,4,0,0,3,3,0,12,1,1,1,1,3,70,1,1,2,2,0,0,1,2,0,0,14,7,14,21,15,3,0,14,0,0,1,3,0,482662,0,2009,188,SR-31,99999999999999999999,0000000,32.36227222,-95.14117222,3,2
48,457,12,29,17,45,2,2,0,0,5,8,0,32,0,1,4,1,2,65,2,2,2,2,0,0,5,2,0,0,88,88,88,88,88,88,0,0,0,0,2,3,2,482663,0,2009,46,FM2827,99999999999999999999,0000000,30.55944722,-94.446925,2,2
48,351,12,29,9,16,1,1,0,0,4,3,0,27,0,1,4,1,2,70,2,2,2,1,0,0,1,1,0,0,88,88,88,88,88,88,0,0,0,0,1,3,0,482664,0,2009,152,SR-87,99999999999999999999,0000000,30.311875,-93.79466111,1,1
48,113,12,31,15,25,2,4,0,1,13,3,0,12,5,2,1,2,3,45,1,1,1,2,3,3,1,2,0,0,15,26,15,31,15,54,0,0,0,0,1,5,0,482665,3880,2009,207,SR-342,WINTERGREEN,0000000,32.61865,-96.76756944,2,2
48,201,12,31,8,52,1,1,0,0,16,5,0,30,0,1,4,2,2,35,1,1,1,2,0,0,1,5,0,0,99,99,99,99,88,88,0,0,0,0,1,5,1,482666,3280,2009,0,LITTLEYORK,99999999999999999999,0000000,29.86971944,-95.32759167,1,5