STATE,COUNTY,MONTH,DAY,HOUR,MINUTE,VE_TOTAL,PERSONS,PEDS,NHS,ROAD_FNC,ROUTE,SP_JUR,HARM_EV,MAN_COLL,REL_JUNC,REL_ROAD,TRAF_FLO,NO_LANES,SP_LIMIT,ALIGNMNT,PROFILE,PAVE_TYP,SUR_COND,TRA_CONT,T_CONT_F,LGT_COND,WEATHER1,WEATHER2,WRK_ZONE,NOT_HOUR,NOT_MIN,ARR_HOUR,ARR_MIN,HOSP_HR,HOSP_MN,SCH_BUS,CF1,CF2,CF3,FATALS,DAY_WEEK,DRUNK_DR,ST_CASE,CITY,YEAR,MILEPT,TWAY_ID,TWAY_ID2,RAIL,LATITUDE,LONGITUD,VE_FORMS,WEATHER
48,309,12,31,1,5,2,2,0,1,2,3,0,12,2,1,1,1,2,65,1,1,2,1,0,0,2,5,0,0,88,88,88,88,88,88,0,0,0,0,2,5,0,482667,0,2009,57,SR-6,99999999999999999999,0000000,31.61356389,-97.38554167,2,5
48,29,7,21,21,18,1,4,1,1,13,8,0,8,0,1,1,1,4,45,1,1,1,1,0,0,3,1,0,0,21,42,22,4,22,22,0,0,0,0,1,3,0,482668,6090,2009,140,FM2252,99999999999999999999,0000000,29.57204167,-98.38023056,1,1
48,481,7,21,11,11,1,1,0,0,4,3,0,32,0,1,4,1,2,70,1,1,1,1,0,0,1,1,0,0,11,13,11,19,11,42,0,0,0,0,1,3,0,482669,0,2009,30,SR-60,99999999999999999999,0000000,29.29748333,-96.07641944,1,1
48,201,9,6,2,20,1,2,1,1,11,7,0,9,0,1,1,4,3,45,1,1,1,1,0,0,3,1,0,0,88,88,88,88,88,88,0,0,0,0,1,1,0,482670,3280,2009,210,I-610,99999999999999999999,0000000,29.69550278,-95.30153333,1,1
48,29,9,7,3,29,1,4,1,1,11,1,0,8,0,1,1,2,2,60,1,1,2,1,0,0,2,1,0,0,88,88,88,88,88,88,0,19,0,0,1,2,0,482671,6090,2009,310,I-410,99999999999999999999,0000000,29.4696,-98.40404167,1,1
48,113,10,16,20,23,2,3,0,1,13,3,0,12,5,2,1,1,4,50,1,1,2,1,0,0,3,1,0,0,20,25,20,50,21,34,0,0,0,0,1,6,0,482672,6685,2009,114,SR-352,WHEATFIELD,0000000,32.77686944,-96.568475,2,1
48,201,10,16,4,15,1,4,0,1,12,7,0,33,0,5,10,6,1,45,1,2,1,2,0,0,3,2,0,0,4,17,4,25,5,4,0,0,0,0,1,6,1,482673,3280,2009,104,US-59RAMP,99999999999999999999,0000000,29.70812222,-95.50939444,1,2
48,113,10,23,21,27,1,3,1,1,11,1,0,8,0,1,1,3,4,60,1,1,1,1,0,0,3,1,0,0,21,27,21,29,21,42,0,0,0,0,1,6,0,482674,1730,2009,184,I-45,99999999999999999999,0000000,32.75746944,-96.77253611,1,1
48,439,11,3,13,15,2,5,0,1,13,8,0,12,6,8,1,1,2,50,1,1,2,1,99,9,1,1,0,0,13,15,13,21,14,12,0,0,0,0,1,3,0,482675,4965,2009,23,FM1938,99999999999999999999,0000000,32.90575,-97.192525,2,1
48,201,11,21,21,10,1,1,0,0,3,8,0,38,0,1,4,1,2,55,2,2,2,2,0,0,2,5,0,0,88,88,88,88,88,88,0,0,0,0,1,7,1,482676,0,2009,47,FM2920,99999999999999999999,0000000,30.06628889,-95.84481111,1,5
48,253,11,21,2,40,2,4,0,0,3,2,0,12,2,1,1,1,2,65,1,1,2,1,0,0,2,1,0,0,2,57,3,35,4,11,0,0,0,0,4,7,0,482677,0,2009,89,US-83,99999999999999999999,0000000,32.8616,-100.0507083,2,1
48,339,11,28,5,18,1,1,0,0,4,8,0,46,0,3,4,1,2,55,2,1,2,1,5,3,3,1,0,0,88,88,88,88,88,88,0,0,0,0,1,7,1,482678,4878,2009,35,FM1485,FOREST,0000000,30.14814722,-95.15593056,1,1
48,201,11,30,13,10,2,2,0,0,16,5,0,12,5,2,1,2,4,35,1,1,1,1,3,3,1,1,0,0,13,11,99,99,88,88,0,0,0,0,1,2,0,482679,3280,2009,0,CAVALCADE,IRVINGTON,0000000,29.80324444,-95.36098889,2,1
48,309,12,3,7,49,2,3,0,0,14,8,0,12,5,2,1,2,4,45,1,1,2,1,3,3,1,1,0,0,7,51,7,56,99,99,0,0,0,0,1,5,0,482680,3769,2009,73,BU77L,SL340,0000000,31.60481944,-97.11094444,2,1
48,201,12,4,23,29,1,2,0,0,16,5,0,42,0,1,4,2,4,40,2,1,1,4,0,0,3,1,0,0,23,32,23,47,0,14,0,0,0,0,1,6,1,482681,3280,2009,0,WAYSIDE,99999999999999999999,0000000,29.80383611,-95.28445,1,1
48,201,12,5,5,43,2,2,1,1,11,1,0,14,11,1,2,3,4,60,1,3,1,4,0,0,3,1,0,0,5,48,6,1,99,99,0,19,14,0,1,7,0,482682,3280,2009,186,I-45,99999999999999999999,0000000,29.71202222,-95.31041389,1,1
48,201,12,9,21,0,1,4,0,0,16,5,0,42,0,1,4,1,2,35,1,1,1,1,0,0,3,1,0,0,21,0,21,10,21,56,0,0,0,0,1,4,0,482683,3280,2009,0,BERAN,99999999999999999999,0000000,29.63075833,-95.43911667,1,1
48,187,12,12,20,34,2,7,0,0,3,3,0,12,4,1,1,1,4,60,1,2,2,2,0,0,2,2,0,0,20,36,20,41,21,0,0,0,0,0,1,7,0,482684,0,2009,5,SR-123,99999999999999999999,0000000,29.7981,-97.94536389,2,2
48,91,12,14,8,46,2,3,0,0,14,3,0,12,2,1,1,1,2,60,1,1,2,2,0,0,1,2,0,0,99,99,8,53,99,99,0,0,0,0,2,2,0,482685,0,2009,164,SR-46,99999999999999999999,0000000,29.785825,-98.32811111,2,2
48,177,12,15,13,19,2,2,0,1,2,2,0,12,4,1,1,1,2,70,1,2,2,1,0,0,1,1,0,0,13,32,13,40,99,99,0,0,0,0,2,3,0,482686,0,2009,189,US-183,99999999999999999999,0000000,29.42572778,-97.40646944,2,1
48,453,12,15,6,5,1,2,1,1,13,8,0,8,0,3,1,1,4,60,1,1,2,1,3,3,2,1,0,0,88,88,88,88,88,88,0,0,0,0,1,3,0,482687,0,2009,7,FM1825,VISION,0000000,30.44849444,-97.66176944,1,1
48,339,12,16,18,57,1,1,0,1,2,3,0,33,0,1,3,2,2,60,1,1,1,1,0,0,5,1,0,0,88,88,88,88,88,88,0,0,0,0,1,4,0,482688,0,2009,337,SR-249,99999999999999999999,0000000,30.15989167,-95.66961389,1,1
48,439,12,16,0,12,1,1,0,0,16,5,0,24,0,1,4,1,2,35,2,2,2,1,0,0,2,1,0,0,88,88,88,88,88,88,0,0,0,0,1,4,1,482689,3052,2009,0,BLUE MOUND,99999999999999999999,0000000,32.94953889,-97.33825833,1,1
48,491,12,16,8,46,2,2,0,1,2,2,0,12,5,3,1,1,4,70,1,1,2,1,20,3,1,1,0,0,88,88,88,88,88,88,0,0,0,0,1,4,0,482690,0,2009,121,US-183,258,0000000,30.66378333,-97.87965556,2,1
48,91,12,18,22,35,2,2,0,0,3,2,0,12,5,2,1,1,2,65,1,1,2,1,0,0,2,1,0,0,22,57,23,9,23,35,0,0,0,0,1,6,0,482691,0,2009,112,US-281,RIVERCROSSING,0000000,29.85011389,-98.40825,2,1
48,201,12,18,19,29,1,7,1,1,11,1,0,8,0,1,1,3,5,60,1,1,2,1,0,0,3,1,0,0,88,88,88,88,88,88,0,0,0,0,1,6,1,482692,3280,2009,82,I-610,99999999999999999999,0000000,29.67768611,-95.41605833,1,1
48,201,12,18,22,43,2,2,0,1,11,1,0,12,1,1,1,3,6,60,1,2,1,1,0,0,3,1,0,0,88,88,88,88,88,88,0,0,0,0,1,6,1,482693,3280,2009,107,I-610,99999999999999999999,0000000,29.67913333,-95.45390833,2,1
48,91,12,20,6,40,2,2,0,1,1,1,0,12,4,1,1,3,3,65,1,2,2,1,0,0,4,1,0,0,6,58,7,13,7,38,0,0,0,0,1,1,0,482694,0,2009,174,I-35,99999999999999999999,0000000,29.76438889,-98.04533889,2,1
48,201,12,20,22,50,1,2,1,1,13,8,0,8,0,1,1,5,6,55,1,1,2,1,0,0,2,1,0,0,88,88,88,88,88,88,0,0,0,0,1,1,0,482695,0,2009,221,FM1960,99999999999999999999,0000000,30.00441389,-95.30735,1,1
48,91,12,22,11,58,2,2,0,1,13,8,0,12,11,1,1,1,2,55,2,2,2,1,0,0,1,1,0,0,88,88,88,88,88,88,0,0,0,0,1,3,0,482696,0,2009,66,FM306,99999999999999999999,0000000,29.86076389,-98.15739444,2,1
48,285,12,24,18,20,1,1,0,0,6,4,0,38,0,1,4,1,2,55,1,1,5,1,0,0,2,1,0,0,88,88,88,88,88,88,0,0,0,0,1,5,1,482697,0,2009,0,387,99999999999999999999,0000000,29.36624444,-96.96943056,1,1
48,185,12,26,20,55,1,1,0,1,2,3,0,32,0,1,4,1,2,65,1,1,2,1,0,0,2,1,0,0,21,0,21,9,99,99,0,0,0,0,1,7,1,482698,0,2009,64,SR-105,99999999999999999999,0000000,30.35475833,-95.98114444,1,1
48,439,12,26,11,19,1,4,0,0,16,5,0,38,0,3,4,1,2,30,1,1,2,1,20,3,1,1,0,0,11,21,11,23,12,25,0,0,0,0,4,7,0,482699,6485,2009,0,LONESOMEDOVE,BURNEY,0000000,32.97940556,-97.127025,1,1
48,187,12,29,13,33,2,3,0,0,3,3,0,12,4,1,1,1,4,65,2,1,2,2,0,0,1,2,0,0,13,32,13,43,14,16,0,0,0,0,2,3,0,482700,0,2009,70,SR-123,99999999999999999999,0000000,29.70726944,-97.96446667,2,2
48,325,12,29,16,35,1,1,0,1,2,2,0,27,0,1,3,2,2,70,1,1,2,2,0,0,1,1,0,0,88,88,88,88,88,88,0,0,0,0,1,3,0,482701,0,2009,97,US-90,99999999999999999999,0000000,29.35103889,-99.06049167,1,1
48,145,12,31,6,30,2,2,0,0,3,2,0,12,5,2,1,1,2,65,1,1,2,2,20,3,2,5,0,0,6,45,7,0,99,99,0,0,0,0,1,5,0,482702,0,2009,64,US-77,FM1950,0000000,31.28427222,-97.07947222,2,5
48,29,7,20,13,24,1,1,0,1,12,3,0,25,0,13,4,6,1,65,1,1,2,1,0,0,1,1,0,0,13,24,13,33,13,53,0,0,0,0,1,2,0,482703,6090,2009,84,SR-90,99999999999999999999,0000000,29.39654722,-98.52181667,1,1
48,29,8,16,20,0,1,1,0,0,16,5,0,33,0,3,4,3,3,60,2,2,2,1,0,0,1,1,0,0,20,3,20,11,20,35,0,0,0,0,1,1,1,482704,6090,2009,0,WURZBACH,BUZZIO,0000000,,,1,1
48,255,11,27,16,46,1,1,0,0,3,2,0,32,0,1,5,1,2,70,1,1,2,1,0,0,1,1,0,0,88,88,88,88,88,88,0,0,0,0,1,6,0,482705,0,2009,87,US-181,99999999999999999999,0000000,28.92266389,-97.95036667,1,1
48,41,12,16,4,28,1,1,0,0,3,3,0,42,0,1,4,5,4,65,1,1,8,2,0,0,2,1,0,0,88,88,88,88,88,88,0,0,0,0,1,4,0,482706,0,2009,86,SR-30,99999999999999999999,0000000,30.64236944,-96.254275,1,1
48,53,10,6,4,34,1,2,1,9,99,8,0,8,0,1,1,1,2,65,1,1,2,1,0,0,2,5,0,0,88,88,88,88,88,88,0,0,0,0,1,3,0,482707,0,2009,99999,FM3509,99999999999999999999,0000000,,,1,5
48,85,12,14,15,32,5,6,1,1,12,2,0,12,1,1,1,3,5,60,1,2,1,1,0,0,1,1,0,1,15,44,15,51,16,44,0,0,0,0,1,2,0,482708,5390,2009,122,US-75,99999999999999999999,0000000,33.01241389,-96.70829444,4,1
48,29,5,13,2,25,1,1,0,1,13,1,0,24,0,1,8,3,9,65,2,2,2,1,0,0,6,1,0,0,88,88,88,88,88,88,0,0,0,0,1,4,0,482709,6090,2009,0,I-10,99999999999999999999,0000000,29.402475,-98.44453056,1,1
48,201,11,10,2,42,1,2,1,0,16,5,0,8,0,1,1,2,2,40,1,1,1,1,0,0,2,1,0,0,2,42,2,49,3,13,0,0,0,0,1,3,0,482710,3280,2009,0,MYKAWA,99999999999999999999,0000000,29.66904444,-95.31919167,1,1
48,201,11,11,23,36,1,2,1,0,6,4,0,9,0,1,1,3,2,35,1,1,1,1,0,0,2,1,0,0,88,88,88,88,88,88,0,0,0,0,1,4,0,482711,0,2009,0,UVALDE,99999999999999999999,0000000,29.79257778,-95.18693889,1,1
48,201,12,17,3,20,1,2,1,1,13,8,0,8,0,1,1,1,4,45,1,1,2,2,0,0,3,2,0,0,88,88,88,88,88,88,0,0,0,0,1,5,0,482712,3280,2009,108,FM521,99999999999999999999,0000000,29.662175,-95.40024444,1,2
48,201,12,29,8,34,3,7,0,1,11,1,0,12,1,1,1,3,3,60,1,1,1,1,0,0,1,1,0,0,8,35,8,41,9,22,0,0,0,0,1,3,0,482713,3280,2009,132,I-10,99999999999999999999,0000000,29.78460556,-95.59466111,3,1
48,201,8,1,22,34,2,3,1,1,13,8,0,8,0,1,1,2,4,35,1,1,2,1,0,0,3,1,0,0,22,37,22,42,23,29,0,0,0,0,1,7,1,482714,3280,2009,49,FM865,99999999999999999999,0000000,29.63459444,-95.35584444,2,1
48,201,9,27,0,2,2,4,0,0,16,5,0,12,3,1,1,1,2,30,1,1,1,1,0,0,3,1,0,0,0,4,0,9,0,31,0,0,0,0,1,1,0,482715,3280,2009,0,DELRIO,99999999999999999999,0000000,29.70325278,-95.36919167,2,1
48,201,12,31,23,5,1,6,1,0,16,5,0,8,0,1,1,2,4,35,1,1,1,1,0,0,3,1,0,0,88,88,88,88,88,88,0,0,0,0,1,5,0,482716,3280,2009,0,SCOTT,99999999999999999999,0000000,29.69655833,-95.36054722,1,1
48,357,12,31,18,27,2,5,0,0,14,3,0,12,5,2,1,1,2,55,1,1,2,1,20,3,2,1,0,0,18,27,18,32,18,57,0,0,0,0,2,5,0,482717,5300,2009,210,SR-15,SL143,0000000,36.38832778,-100.8280083,2,1
48,355,2,16,19,0,2,2,0,0,16,5,0,12,1,1,1,5,4,45,1,1,2,1,0,0,3,1,0,0,19,12,19,13,19,29,0,0,0,0,1,2,1,482718,1550,2009,0,HOLLY,99999999999999999999,0000000,27.72275,-97.42601111,2,1
48,51,9,5,0,45,1,1,0,0,4,8,0,1,0,1,4,1,2,65,2,1,2,1,0,0,2,1,0,0,88,88,88,88,88,88,0,0,0,0,1,7,0,482719,0,2009,59,FM60,99999999999999999999,0000000,30.41660278,-96.72108056,1,1
48,339,9,19,0,9,2,3,0,1,2,1,0,12,2,1,1,3,2,65,1,1,1,1,0,0,3,1,0,0,0,10,0,20,0,41,0,0,0,0,1,7,1,482720,0,2009,10,I-45,99999999999999999999,0000000,30.12222222,-95.44211667,2,1
48,313,10,22,16,55,2,6,0,0,6,4,0,12,2,1,1,1,2,70,2,1,2,1,0,0,1,1,0,0,17,5,17,30,18,5,0,0,0,0,5,5,0,482721,0,2009,0,OSR,99999999999999999999,0000000,31.07313333,-96.00800833,2,1
48,395,11,6,16,2,2,5,0,1,2,2,0,12,1,8,1,1,2,70,1,1,2,1,0,0,1,1,0,0,16,7,16,11,16,55,0,0,0,0,1,6,0,482722,0,2009,33,US-79,PRIVATEROAD,0000000,30.84010278,-96.63039444,2,1
48,185,11,29,9,40,1,1,0,1,2,3,0,42,0,1,4,2,2,70,1,3,2,1,0,0,1,1,0,0,9,45,10,17,10,50,0,0,0,0,1,1,0,482723,0,2009,138,SR-6,99999999999999999999,0000000,30.26593333,-96.04131389,1,1
48,5,12,10,13,16,2,3,0,0,14,8,0,12,5,2,1,5,2,50,1,3,2,1,20,3,1,1,0,0,13,18,13,22,13,51,0,0,0,0,2,5,0,482724,4160,2009,19,FM58,BARMESS,0000000,31.30068611,-94.70673889,2,1
48,313,12,25,2,5,1,1,0,0,4,8,0,1,0,1,4,1,2,65,1,1,2,1,0,0,2,1,0,0,2,50,3,25,3,54,0,0,0,0,1,6,1,482725,0,2009,44,FM39,99999999999999999999,0000000,30.96328611,-96.10969722,1,1
48,185,12,26,15,55,3,4,0,0,4,8,0,12,1,8,1,1,2,65,1,3,2,1,0,0,1,1,0,0,16,5,16,31,17,5,0,0,0,0,1,7,0,482726,0,2009,30,FM244,99999999999999999999,0000000,30.75062222,-96.07822778,3,1
48,467,10,24,9,30,1,1,0,0,6,4,0,42,0,1,4,1,2,60,1,2,2,1,0,0,1,1,0,0,88,88,88,88,88,88,0,0,0,0,1,7,1,482727,0,2009,0,1316,99999999999999999999,0000000,32.55122778,-95.69933056,1,1
48,257,11,13,22,45,1,1,0,1,2,7,0,3,0,15,5,1,2,60,2,9,9,1,0,0,2,1,0,0,88,88,88,88,88,88,0,0,0,0,1,6,1,482728,0,2009,8,US-80,99999999999999999999,0000000,32.77521389,-96.50831667,1,1
48,201,11,26,3,5,1,2,1,1,13,3,0,8,0,3,1,2,6,45,1,1,1,1,3,3,3,1,0,0,3,5,3,10,3,20,0,0,0,0,1,5,0,482729,3280,2009,136,SR-6,PIPINGROCK,0000000,29.74041944,-95.64424722,1,1
48,453,12,3,0,57,1,1,0,0,16,5,0,53,0,1,4,1,2,40,1,1,2,1,0,0,2,1,0,0,88,88,88,88,88,88,0,0,0,0,1,5,1,482730,1821,2009,0,CALDWELL,99999999999999999999,0000000,30.19072778,-97.55404444,1,1
48,201,12,12,2,30,1,1,0,0,16,5,0,33,0,1,3,2,4,30,1,1,1,2,0,0,3,2,0,0,2,30,2,38,2,54,0,0,0,0,1,7,1,482731,3280,2009,0,CHIMNEYROCK,99999999999999999999,0000000,29.71146389,-95.47636389,1,2
48,99,5,29,4,35,1,1,0,0,4,8,0,43,0,1,4,1,2,55,2,1,2,1,0,0,2,1,0,0,88,88,88,88,88,88,0,0,0,0,1,6,0,482732,0,2009,22,FM1996,99999999999999999999,0000000,31.43296667,-97.51325278,1,1
48,61,8,3,9,56,2,3,0,1,12,2,0,12,1,1,1,3,2,60,1,1,1,1,0,0,1,1,0,0,10,3,10,11,10,30,0,0,0,0,1,2,0,482733,3030,2009,103,US-77,99999999999999999999,0000000,26.2151,-97.72098889,2,1
48,41,8,10,17,17,1,2,1,1,12,3,0,8,0,1,1,2,4,70,1,1,1,1,0,0,1,1,0,0,88,88,88,88,88,88,0,0,0,0,1,2,0,482734,970,2009,79,SR-6,99999999999999999999,0000000,30.65420833,-96.32044722,1,1
48,157,8,27,12,5,1,2,0,0,14,8,0,46,0,2,4,5,4,50,1,1,1,1,3,3,1,1,0,0,12,22,12,42,13,0,0,0,0,0,1,5,0,482735,4655,2009,51,FM1092,PLANTATIONRIDGE,0000000,29.57950556,-95.56404167,1,1
48,201,10,9,18,55,1,2,1,0,16,5,0,8,0,1,1,1,2,35,1,1,2,2,0,0,5,2,0,0,19,1,19,6,19,34,0,0,0,0,1,6,0,482736,3280,2009,0,LATHROP,99999999999999999999,0000000,29.78040278,-95.30118056,1,2
48,201,10,9,19,25,1,2,1,0,16,5,0,8,0,2,1,2,6,35,1,1,1,2,3,3,3,2,0,0,19,26,19,31,19,59,0,0,0,0,1,6,0,482737,3280,2009,0,TELEPHONE,DIXIE,0000000,29.68150556,-95.29386944,1,2
48,113,11,7,18,35,1,2,1,0,16,5,0,8,0,1,1,2,3,45,1,1,1,1,0,0,3,1,0,0,18,40,18,42,19,3,0,0,0,0,1,7,0,482738,1730,2009,0,HARRYHINES,99999999999999999999,0000000,32.86193333,-96.88082222,1,1
48,201,11,20,3,30,1,1,0,1,11,1,0,24,0,1,4,3,3,60,1,1,1,2,0,0,3,2,0,0,88,88,88,88,88,88,0,0,0,0,1,6,0,482739,3280,2009,8,I-10,99999999999999999999,0000000,29.76983889,-95.34334722,1,2
48,201,12,13,6,44,1,3,0,0,16,5,0,42,0,1,4,1,4,40,2,1,2,2,0,0,3,5,0,0,88,88,88,88,88,88,0,0,0,0,3,1,0,482740,3580,2009,0,KATYHOCKLEY,99999999999999999999,0000000,29.81728333,-95.80739167,1,5
48,201,12,30,23,4,1,1,0,0,16,5,0,42,0,2,3,2,4,35,1,1,2,2,0,0,3,5,0,0,23,5,23,6,23,40,0,0,0,0,1,4,0,482741,3280,2009,0,BEAMER,KIRKHOLLOW,0000000,29.60333611,-95.22862778,1,5
48,113,1,28,9,25,2,2,0,1,11,1,0,14,5,1,3,2,3,60,1,2,1,4,0,0,1,1,0,0,99,99,99,99,99,99,0,0,0,0,1,4,0,482742,1730,2009,99,I-45,99999999999999999999,0000000,32.67056667,-96.73447222,1,1
48,201,10,23,2,45,3,5,0,1,13,8,0,12,4,1,1,1,2,35,2,1,1,1,0,0,6,1,0,1,88,88,88,88,88,88,0,0,0,0,2,6,2,482743,3280,2009,16,FM526,99999999999999999999,0000000,29.80308611,-95.21896667,3,1
48,201,11,7,2,15,1,1,0,0,6,7,0,1,0,1,10,4,3,50,2,2,1,1,0,0,2,1,0,0,88,88,88,88,88,88,0,0,0,0,1,7,1,482744,0,2009,0,SAMHOUSTON,99999999999999999999,0000000,29.59678333,-95.42498333,1,1
48,465,11,27,22,20,1,4,0,0,6,4,0,31,0,1,4,1,2,45,2,2,2,1,0,0,2,1,0,0,22,27,22,35,23,8,0,0,0,0,1,6,1,482745,0,2009,0,MILAGRO,99999999999999999999,0000000,29.38541389,-100.9443194,1,1
48,251,12,3,14,55,2,2,0,1,13,3,0,25,0,1,4,5,4,55,1,2,1,1,0,0,1,1,0,0,14,59,15,1,15,53,0,0,0,0,1,5,0,482746,1370,2009,213,SR-174,99999999999999999999,0000000,32.39601389,-97.38757778,2,1
48,337,12,27,12,46,1,1,0,0,4,2,0,1,0,1,1,2,2,70,1,1,2,4,0,0,1,1,0,0,12,47,12,59,99,99,0,0,0,0,1,1,0,482747,800,2009,62,US-287,99999999999999999999,0000000,33.55345833,-97.86371111,1,1
48,213,11,30,20,47,1,2,1,0,4,3,0,8,0,1,1,2,4,50,1,1,2,1,0,0,2,1,0,0,88,88,88,88,88,88,0,0,0,0,1,2,0,482748,6983,2009,41,SR-274,99999999999999999999,0000000,32.302225,-96.19835,1,1
48,231,11,11,6,55,2,2,0,1,2,2,0,12,5,2,1,2,4,70,1,1,2,1,20,3,1,1,0,1,88,88,88,88,88,88,0,0,0,0,1,4,0,482749,0,2009,660,US-380,FM36,0000000,33.15120556,-96.26684167,2,1
48,29,11,7,3,8,1,1,0,1,1,1,0,1,0,1,3,3,4,65,1,1,2,2,0,0,6,5,0,0,3,12,3,13,99,99,0,0,0,0,1,7,0,482750,0,2009,69,I-37,99999999999999999999,0000000,29.20744722,-98.41683611,1,5
48,141,11,7,17,55,1,2,1,1,13,2,0,8,0,2,1,3,4,55,1,1,2,1,3,3,3,1,0,0,88,88,88,88,88,88,0,0,0,0,1,7,0,482751,2190,2009,41,US-85,RUHLEN,0000000,31.76522778,-106.5098333,1,1
48,141,12,23,2,18,1,1,0,1,13,2,0,46,0,3,3,2,4,45,1,1,2,1,3,3,3,1,0,0,88,88,88,88,88,88,0,0,0,0,1,4,1,482752,2190,2009,159,US-62,RUTHERGLEN,0000000,31.79448611,-106.3595444,1,1
48,39,11,10,6,50,4,5,0,0,4,8,0,12,6,8,4,1,2,65,1,1,2,1,0,0,1,1,0,0,7,5,7,30,8,3,0,0,0,0,1,3,0,482753,0,2009,34,FM2403,99999999999999999999,0000000,29.35173056,-95.25704444,4,1
48,101,11,11,19,39,1,5,0,0,16,5,0,5,0,1,1,1,2,30,1,1,3,1,0,0,3,1,0,0,19,42,19,45,99,99,0,0,0,0,1,4,0,482754,5150,2009,0,BACKUS,99999999999999999999,0000000,34.01446389,-100.3046083,1,1
48,289,9,29,14,40,1,1,0,0,4,8,0,42,0,1,4,1,2,70,1,1,2,1,0,0,1,1,0,0,88,88,88,88,88,88,0,0,0,0,1,3,0,482755,0,2009,213,FM39,99999999999999999999,0000000,31.29363889,-96.13560556,1,1
48,367,12,23,23,40,2,6,0,0,4,2,0,12,5,2,1,2,2,45,1,1,2,1,3,3,3,1,0,0,99,99,23,46,99,99,0,0,0,0,1,4,0,482756,9997,2009,75,US-180,OAKRIDGE,0000000,32.75706389,-97.71072778,2,1
48,39,12,30,18,43,1,2,1,1,13,8,0,9,0,1,1,1,4,45,1,1,2,1,0,0,2,1,0,0,88,88,88,88,88,88,0,0,0,0,1,4,0,482757,130,2009,15,BU35,99999999999999999999,0000000,29.435275,-95.24455278,1,1
48,265,12,30,15,0,4,9,0,0,3,3,0,12,1,3,1,1,2,60,1,1,2,1,0,0,1,1,0,0,15,3,15,11,15,51,0,0,0,0,1,4,0,482758,0,2009,80,SR-16,FM2771,0000000,29.9744,-99.18913056,4,1
48,479,11,24,18,30,1,7,1,1,13,2,0,8,0,1,1,2,2,45,1,1,2,1,0,0,3,1,0,0,18,32,18,36,88,88,0,0,0,0,1,3,0,482759,3899,2009,48,US-83,99999999999999999999,0000000,27.45232222,-99.47749722,1,1
48,491,12,10,22,45,1,1,0,0,6,4,0,24,0,1,4,1,2,45,2,1,2,1,0,0,2,1,0,0,88,88,88,88,88,88,0,0,0,0,1,5,0,482760,0,2009,0,279,99999999999999999999,0000000,30.59390278,-97.8832,1,1
48,389,1,31,12,50,1,5,0,1,1,1,0,1,0,1,4,2,2,80,1,1,2,1,0,0,1,1,0,0,12,58,13,55,99,99,0,0,0,0,2,7,0,482761,0,2009,47,I-20,99999999999999999999,0000000,31.13659722,-104.0145917,1,1
48,493,1,19,17,45,1,1,0,0,4,8,0,1,0,1,4,1,2,60,2,1,1,1,0,0,1,1,0,0,88,88,88,88,88,88,0,0,0,0,1,2,0,482762,0,2009,52,FM539,99999999999999999999,0000000,29.3227,-98.055725,1,1
48,141,8,29,9,50,1,2,1,0,14,8,0,9,0,1,2,1,2,55,1,1,2,1,0,0,1,1,0,0,88,88,88,88,88,88,0,0,0,0,1,7,1,482763,1391,2009,168,FM76,99999999999999999999,0000000,31.57184444,-106.1946194,1,1
48,215,10,25,1,10,1,3,2,0,6,4,0,9,0,1,1,1,2,30,1,1,2,1,0,0,2,1,0,0,1,37,1,47,2,30,0,0,0,0,1,1,1,482764,0,2009,0,MILE171/2,99999999999999999999,0000000,26.31322778,-98.09166667,1,1
48,201,11,16,16,55,4,4,0,1,13,8,0,12,2,1,1,2,7,35,1,1,1,1,0,0,1,1,0,0,16,56,16,59,17,28,0,0,0,0,1,2,0,482765,3280,2009,5,SS261,99999999999999999999,0000000,29.82130278,-95.41050833,4,1
48,201,12,23,23,30,3,5,4,1,12,2,0,14,1,1,2,3,4,55,1,1,1,2,0,0,3,2,0,0,23,36,23,44,99,99,0,0,0,0,2,4,1,482766,0,2009,60,US-59,99999999999999999999,0000000,29.91350556,-95.3088,1,2
48,141,11,22,6,32,1,1,0,9,9,8,0,43,0,1,6,1,9,99,1,3,1,1,0,0,2,1,0,1,88,88,88,88,88,88,0,3,0,0,1,1,1,482767,2190,2009,99999,SS601,99999999999999999999,0000000,31.82630556,-106.4163528,1,1
48,389,11,27,4,41,3,1,0,0,16,5,0,38,0,3,5,1,2,30,2,1,2,1,0,0,2,1,0,0,88,88,88,88,88,88,0,0,0,0,1,6,1,482768,5280,2009,0,8,MARTINEZ,0000000,31.42473611,-103.4814694,1,1
48,355,9,22,17,35,1,2,1,0,3,3,0,8,0,1,1,9,9,15,1,1,2,2,50,3,1,2,0,0,88,88,88,88,88,88,0,0,0,0,1,3,0,482769,5420,2009,28,SR-361,99999999999999999999,0000000,27.84463611,-97.07101111,1,2