STATE,COUNTY,MONTH,DAY,HOUR,MINUTE,VE_TOTAL,PERSONS,PEDS,NHS,ROAD_FNC,ROUTE,SP_JUR,HARM_EV,MAN_COLL,REL_JUNC,REL_ROAD,TRAF_FLO,NO_LANES,SP_LIMIT,ALIGNMNT,PROFILE,PAVE_TYP,SUR_COND,TRA_CONT,T_CONT_F,LGT_COND,WEATHER1,WEATHER2,WRK_ZONE,NOT_HOUR,NOT_MIN,ARR_HOUR,ARR_MIN,HOSP_HR,HOSP_MN,SCH_BUS,CF1,CF2,CF3,FATALS,DAY_WEEK,DRUNK_DR,ST_CASE,CITY,YEAR,MILEPT,TWAY_ID,TWAY_ID2,RAIL,LATITUDE,LONGITUD,VE_FORMS,WEATHER
48,27,10,20,8,12,2,4,0,0,16,5,0,12,3,2,1,2,2,40,1,1,2,1,20,3,1,1,0,0,8,12,8,17,99,99,0,0,0,0,1,3,0,482770,6810,2009,0,BLACKLAND,LITTLERIVER,0000000,31.05245556,-97.34081944,2,1
48,439,12,22,11,55,3,3,0,0,16,5,0,12,5,2,1,1,2,30,1,1,2,1,20,3,1,1,0,0,12,12,12,25,12,39,0,0,0,0,1,3,1,482771,3347,2009,0,HARWOOD,CIMMARRON,0000000,32.84669444,-97.18058333,3,1
48,7,3,1,2,13,1,3,0,0,3,3,0,1,0,1,10,3,4,65,1,1,2,1,0,0,2,1,0,0,2,13,2,16,3,1,0,0,0,0,1,1,1,482772,5890,2009,107,SR-35,99999999999999999999,0000000,28.05221111,-97.07011111,1,1
48,141,11,19,14,14,1,2,1,0,16,5,0,8,0,3,1,1,4,30,1,1,2,1,2,3,1,1,0,0,14,18,14,20,14,51,0,0,0,0,1,5,0,482773,2190,2009,0,SANTAFE,MISSOURI,0000000,31.75998611,-106.4921972,1,1
48,201,12,18,23,44,1,1,0,0,16,7,0,25,0,3,10,1,2,50,1,1,1,1,20,3,3,1,0,0,88,88,88,88,88,88,0,0,0,0,1,6,1,482774,3280,2009,0,BERRY,HARDYTOLL,0000000,29.83762778,-95.35629167,1,1
48,309,12,8,9,56,2,4,0,1,1,1,0,12,4,1,1,3,2,70,1,1,1,2,0,0,1,9,0,0,9,59,10,10,10,45,0,0,0,0,1,3,0,482775,4095,2009,37,I-35,99999999999999999999,0000000,31.39754167,-97.20769167,2,9
48,339,6,12,7,42,2,3,0,0,6,4,0,12,5,8,1,1,4,45,2,2,2,1,0,0,1,1,0,0,7,46,7,48,99,99,0,0,0,0,1,6,0,482776,0,2009,0,RAYFORD,99999999999999999999,0000000,30.12046389,-95.39884722,2,1
48,439,10,25,18,9,2,6,0,0,16,5,0,12,5,2,1,1,2,35,1,1,1,1,20,3,1,1,0,0,88,88,88,88,88,88,0,0,0,0,1,1,0,482777,2450,2009,0,WEDGWOOD,WEDGMONT,0000000,32.66268889,-97.395525,2,1
48,175,11,6,7,8,2,3,0,1,2,2,0,12,2,1,1,1,2,70,1,3,2,1,0,0,1,5,0,0,7,33,7,49,8,44,0,0,0,0,1,6,0,482778,0,2009,128,US-59,99999999999999999999,0000000,28.55971667,-97.54771944,2,5
48,229,9,12,3,50,1,1,0,1,2,2,0,1,0,1,4,1,2,65,1,2,2,1,0,0,2,1,0,0,88,88,88,88,88,88,0,0,0,0,1,7,0,482779,0,2009,193,US-62,99999999999999999999,0000000,31.81609444,-105.6822972,1,1
48,377,9,7,20,30,1,4,0,0,3,2,0,42,0,1,4,1,2,70,2,2,2,1,40,3,1,1,0,0,20,30,20,30,22,15,0,0,0,0,1,2,0,482780,0,2009,219,US-67,99999999999999999999,0000000,30.08561944,-104.1705611,1,1
48,291,9,12,2,45,1,1,0,0,3,8,0,42,0,1,4,1,2,60,2,1,2,2,0,0,2,9,0,0,2,47,3,24,5,3,0,0,0,0,1,7,0,482781,0,2009,252,FM787,99999999999999999999,0000000,30.44519722,-94.73761389,1,9
48,423,12,27,0,30,1,3,1,0,14,8,0,8,0,1,1,1,2,55,1,2,2,1,0,0,2,1,0,0,88,88,88,88,88,88,0,0,0,0,1,1,0,482782,0,2009,166,FM14,99999999999999999999,0000000,32.37018889,-95.29712222,1,1
48,257,1,3,4,30,1,1,0,0,6,4,0,1,0,1,4,1,2,35,1,1,2,1,0,0,2,1,0,0,88,88,88,88,88,88,0,0,0,0,1,7,1,482783,0,2009,0,VALLEYVIEW,99999999999999999999,0000000,32.78587778,-96.44853611,1,1
48,119,1,6,15,25,2,3,0,1,2,3,0,12,5,2,1,2,4,65,1,1,2,1,20,3,1,1,0,0,15,27,15,31,17,19,0,0,0,0,1,3,0,482784,1530,2009,98,SR-24,BS24D,0000000,33.37283611,-95.70605556,2,1
48,383,3,20,20,1,1,1,0,0,4,8,0,11,0,1,1,1,2,65,1,1,2,1,0,0,2,1,0,0,20,40,21,25,99,99,0,0,0,0,1,6,1,482785,0,2009,121,FM33,99999999999999999999,0000000,31.4951,-101.4798028,1,1
48,329,8,30,3,20,1,1,0,0,4,8,0,1,0,1,4,1,2,65,2,1,2,1,0,0,3,1,0,0,88,88,88,88,88,88,0,0,0,0,1,1,0,482786,0,2009,26,FM1788,99999999999999999999,0000000,32.04646389,-102.2754639,1,1
48,23,9,28,16,59,2,3,0,1,2,2,0,12,2,1,1,1,2,70,1,1,2,1,0,0,1,1,0,0,17,15,17,45,99,99,0,0,0,0,1,2,0,482787,0,2009,19,US-277,99999999999999999999,0000000,33.55758056,-99.29949722,2,1
48,475,2,20,0,7,2,6,0,1,1,1,0,12,1,1,1,2,4,65,1,1,2,1,0,0,2,1,0,0,0,14,0,19,0,38,0,0,0,0,1,6,1,482789,0,2009,397,I-20,99999999999999999999,0000000,31.63783056,-102.7693861,2,1
48,39,2,28,18,41,1,1,0,0,16,5,0,34,0,1,4,2,9,20,2,1,8,1,0,0,5,8,0,0,99,99,99,99,99,99,0,0,0,0,1,7,1,482790,5139,2009,0,DUNCAN,99999999999999999999,0000000,28.99544722,-95.32201389,1,8
48,165,3,31,19,58,2,2,0,0,4,3,0,12,9,2,1,1,2,70,1,1,2,1,0,0,1,1,0,0,88,88,88,88,88,88,0,99,99,99,1,3,1,482791,0,2009,20,SR-214,SR-83,0000000,32.94396111,-102.809125,2,1
48,165,6,9,19,0,2,2,0,0,4,3,0,12,2,2,1,1,2,70,1,1,2,1,0,0,1,1,0,0,19,2,19,8,99,99,0,0,0,0,2,3,1,482792,0,2009,128,SR-83,FM1780,0000000,32.94424444,-102.6057,2,1
48,227,6,12,19,19,1,3,0,0,4,8,0,24,0,1,4,1,2,70,2,2,2,1,40,3,1,1,0,0,19,20,19,35,20,28,0,0,0,0,1,6,0,482793,0,2009,74,FM821,99999999999999999999,0000000,32.10598889,-101.2800417,1,1
48,227,7,2,4,26,1,1,0,0,4,8,0,11,0,1,1,1,2,65,1,2,2,1,0,0,2,1,0,0,88,88,88,88,88,88,0,0,0,0,1,5,0,482794,0,2009,78,FM821,99999999999999999999,0000000,32.12816111,-101.2581528,1,1
48,227,7,16,9,25,1,1,0,0,3,3,0,32,0,1,4,1,2,70,1,1,2,1,0,0,1,1,0,0,88,88,88,88,88,88,0,0,0,0,1,5,0,482795,0,2009,183,SR-350,99999999999999999999,0000000,32.44778333,-101.2682806,1,1
48,115,8,6,7,37,2,2,0,0,4,8,0,12,5,2,1,1,2,55,1,1,2,1,20,3,1,1,0,0,7,42,7,54,99,99,0,0,0,0,1,5,0,482796,9997,2009,109,FM828,FM26,0000000,32.58374167,-101.8409861,2,1
48,3,8,11,21,58,2,2,0,0,4,3,0,12,2,1,1,1,2,65,1,1,2,1,0,0,2,1,0,0,22,3,22,36,99,99,0,0,0,0,1,3,0,482797,0,2009,377,SR-176,99999999999999999999,0000000,32.32504722,-102.3496417,2,1
48,3,9,5,23,11,2,8,0,0,4,8,0,12,2,1,1,1,2,55,1,1,2,1,0,0,2,1,0,0,23,11,23,33,0,26,0,0,0,0,2,7,2,482798,0,2009,0,FM1788,99999999999999999999,0000000,32.50942222,-102.5072139,2,1
48,3,10,1,7,32,2,2,0,0,4,8,0,12,4,1,1,1,2,75,1,1,2,1,0,0,4,1,0,0,7,38,7,51,99,99,0,0,0,0,1,5,0,482799,0,2009,176,FM1788,99999999999999999999,0000000,32.09121389,-102.3010556,2,1
48,201,10,2,19,0,2,6,0,1,11,1,0,12,3,1,1,3,3,60,1,2,1,1,0,0,3,1,0,1,19,31,19,44,20,15,0,0,0,0,1,6,0,482800,3280,2009,95,I-610,99999999999999999999,0000000,29.80248056,-95.28006667,2,1
48,115,10,14,15,11,1,1,0,1,2,2,0,1,0,1,3,2,2,70,1,1,2,1,0,0,1,1,0,0,88,88,88,88,88,88,0,0,0,0,1,4,0,482801,0,2009,327,US-67,99999999999999999999,0000000,32.59521111,-101.7878139,1,1
48,3,11,24,17,14,1,1,0,0,4,3,0,1,0,1,4,1,2,75,1,1,2,1,0,0,5,1,0,0,88,88,88,88,88,88,0,0,0,0,1,3,1,482803,0,2009,40,SR-115,99999999999999999999,0000000,32.48080556,-102.2754194,1,1
48,3,12,8,5,39,1,4,0,0,3,3,0,1,0,1,4,1,2,65,1,1,2,4,0,0,2,2,5,0,5,40,5,53,99,99,0,0,0,0,1,3,0,482804,0,2009,30,SR-176,99999999999999999999,0000000,32.42836944,-103.0414583,1,2
48,239,8,16,19,0,2,6,0,0,3,3,0,12,2,1,1,1,2,70,2,1,2,9,0,0,1,9,0,0,19,5,19,15,20,12,0,0,0,0,2,1,0,482805,0,2009,97,SR-35,99999999999999999999,0000000,28.70782778,-96.4885,2,9
48,465,2,21,14,24,2,8,0,1,2,2,0,12,2,1,1,1,1,45,1,1,2,1,3,3,1,1,0,1,14,32,15,6,99,99,0,0,0,0,1,7,0,482806,0,2009,205,US-90,99999999999999999999,0000000,29.70907778,-101.3521389,2,1
48,287,1,30,7,55,1,1,0,0,5,8,0,38,0,1,4,1,2,60,1,1,2,1,0,0,1,1,0,0,7,55,7,57,8,56,0,0,0,0,1,6,0,482807,0,2009,30,FM180,99999999999999999999,0000000,30.19736667,-96.79101111,1,1
48,491,6,27,7,3,1,1,0,0,14,8,0,1,0,1,4,1,2,55,1,1,2,1,0,0,1,1,0,0,88,88,88,88,88,88,0,0,0,0,1,7,0,482808,3925,2009,17,RR2243,99999999999999999999,0000000,30.57046389,-97.891875,1,1
48,15,9,15,3,42,3,3,0,1,11,1,0,12,1,1,1,3,2,65,1,3,2,1,0,0,2,1,0,0,88,88,88,88,88,88,0,0,0,0,1,3,0,482809,6280,2009,82,I-10,99999999999999999999,0000000,29.76150833,-96.16231111,3,1
48,71,12,5,5,19,3,3,0,1,2,3,0,12,4,1,1,1,2,60,1,3,1,4,0,0,2,3,0,0,5,26,5,36,99,99,0,0,0,0,1,7,0,482811,9997,2009,11,SR-99,99999999999999999999,0000000,29.72737778,-94.90685556,3,3
48,289,12,27,18,35,1,1,0,0,5,8,0,31,0,1,4,1,2,65,2,2,2,1,0,0,2,1,0,0,88,88,88,88,88,88,0,0,0,0,1,1,0,482812,0,2009,92,FM1119,99999999999999999999,0000000,31.18585833,-95.87905833,1,1
48,427,11,8,12,42,1,1,0,0,16,5,0,1,0,1,4,1,2,30,1,1,4,1,0,0,1,1,0,0,12,45,12,47,13,6,0,20,0,0,1,1,0,482813,9997,2009,0,LAPALOMA,99999999999999999999,0000000,26.30963611,-98.62022222,1,1
48,113,12,10,6,28,3,4,0,1,11,1,0,12,3,15,1,3,6,60,2,1,1,4,0,0,4,1,0,0,6,40,6,46,7,23,0,0,0,0,1,5,0,482814,1730,2009,18,I-635,99999999999999999999,0000000,32.89515,-96.712025,3,1
48,453,12,19,18,48,1,2,1,0,16,5,0,8,0,1,1,2,3,45,1,2,2,1,0,0,2,1,0,0,88,88,88,88,88,88,0,0,0,0,1,7,0,482815,330,2009,0,DESSAU,99999999999999999999,0000000,30.35175833,-97.67538056,1,1
48,113,12,28,19,21,2,4,0,0,16,5,0,33,0,3,4,2,2,35,1,1,1,1,21,3,3,1,0,0,19,25,19,29,99,99,0,0,0,0,1,2,0,482816,1730,2009,0,BRUTON,2ND,0000000,32.74781111,-96.72833611,2,1
48,479,6,17,13,49,2,3,0,1,13,3,0,12,4,1,1,1,4,45,1,2,2,1,0,0,1,1,0,0,13,42,13,47,14,4,0,0,0,0,1,4,0,482817,3899,2009,25,SR-359,99999999999999999999,0000000,27.50026667,-99.46570833,2,1
48,29,10,22,18,52,2,2,0,1,2,2,0,12,5,2,1,3,2,65,1,1,2,1,3,3,1,1,0,0,88,88,88,88,88,88,0,0,0,0,1,5,1,482818,0,2009,29,US-281,BULVERDE,0000000,29.693475,-98.45206389,2,1
48,453,12,22,21,33,1,4,1,0,16,5,0,8,0,1,1,2,4,30,1,1,2,1,0,0,3,1,0,0,21,33,21,34,21,52,0,0,0,0,1,3,1,482819,330,2009,0,STJOHNS,99999999999999999999,0000000,30.33318056,-97.70509444,1,1
48,201,12,24,1,55,2,5,0,0,16,5,0,12,5,2,1,9,9,99,1,1,1,2,3,3,3,2,0,0,2,4,2,12,2,37,0,0,0,0,1,5,0,482820,3280,2009,0,GREENS,IMPERIALVALLEY,0000000,29.95053889,-95.39935278,2,2
48,201,4,19,17,43,2,4,1,0,16,5,0,8,0,3,1,1,6,40,1,1,1,1,2,3,1,1,0,0,17,43,17,47,18,5,0,0,0,0,1,1,0,482821,3280,2009,0,WESTPARK,HILLCROFT,0000000,29.72306389,-95.50115,2,1
48,201,5,12,4,50,2,3,1,0,16,5,0,8,0,1,1,1,2,40,1,1,2,1,0,0,1,1,0,0,88,88,88,88,88,88,0,0,0,0,1,3,0,482822,3280,2009,0,MCCARTY,99999999999999999999,0000000,29.79616389,-95.27229444,2,1
48,39,1,8,2,42,1,1,0,0,3,3,0,52,0,1,4,3,4,60,1,1,2,1,40,3,2,1,0,0,88,88,88,88,88,88,0,0,0,0,1,5,1,482823,0,2009,452,SR-35,99999999999999999999,0000000,29.14555556,-95.61318889,1,1
48,427,3,7,16,0,2,2,0,0,4,8,0,12,5,2,1,1,2,55,1,1,2,1,0,0,1,1,0,0,16,5,16,13,16,39,0,0,0,0,1,7,0,482824,9997,2009,40,FM2360,RINCON,0000000,26.34033889,-98.63456111,2,1
48,135,3,2,23,32,1,1,0,0,6,4,0,31,0,1,5,5,4,40,1,1,2,1,0,0,3,1,0,0,23,32,23,35,88,88,0,0,0,0,1,2,1,482825,5030,2009,0,NORTHCOUNTYROAD,99999999999999999999,0000000,31.84920833,-102.391925,1,1
48,389,5,14,6,2,1,2,0,1,2,2,0,11,0,1,1,1,2,65,1,1,2,1,0,0,3,1,0,0,6,6,6,25,99,99,0,0,0,0,1,5,0,482826,0,2009,210,US-285,99999999999999999999,0000000,31.75273333,-103.8463222,1,1
48,475,6,4,14,30,1,4,0,1,1,1,0,21,0,15,3,2,4,80,1,1,2,1,0,0,1,1,0,0,14,38,14,50,15,14,0,0,0,0,1,5,0,482827,5565,2009,179,I-20,99999999999999999999,0000000,31.53026111,-103.1195833,1,1
48,135,8,16,3,7,2,5,0,0,16,5,0,12,5,2,1,1,2,30,1,1,2,1,20,3,3,1,0,0,3,7,3,12,3,22,0,0,0,0,1,1,1,482828,5030,2009,0,10TH,EDISON,0000000,31.84571389,-102.3933583,2,1
48,201,9,26,13,38,2,3,0,0,16,5,0,12,5,2,1,1,4,35,1,1,1,1,3,3,1,1,0,0,13,35,13,42,14,5,0,0,0,0,1,7,0,482829,3280,2009,0,BRAESWOOD,CHIMNEYROCK,0000000,29.678,-95.47693333,2,1
48,439,2,3,11,5,2,3,0,1,12,7,0,12,7,10,1,4,3,40,1,1,1,1,3,3,1,1,0,0,11,5,11,12,11,35,0,0,0,0,1,3,0,482830,2255,2009,14,SR-183,FM157,0000000,32.83802778,-97.09996944,2,1
48,29,1,17,22,48,2,5,0,0,16,5,0,12,5,2,1,5,4,99,1,1,2,1,3,3,3,1,0,0,22,49,22,53,1,18,0,0,0,0,1,7,0,482831,6090,2009,0,HILDEBRAND,BLANCO,0000000,29.46644444,-98.50786111,2,1
48,245,2,25,15,29,3,4,0,1,12,3,0,12,5,10,1,2,4,65,1,1,1,1,0,0,1,1,0,0,15,30,15,36,15,54,0,14,0,0,1,4,0,482832,5430,2009,294,SR-73,9TH,0000000,29.92586389,-93.94565,3,1
48,215,12,2,21,4,1,2,0,0,16,5,0,11,0,1,1,1,2,30,1,1,2,1,0,0,6,1,0,0,21,1,21,9,21,36,0,0,0,0,1,4,0,482833,2110,2009,0,SCHUNIOR,99999999999999999999,0000000,26.31608889,-98.21463889,1,1
48,227,5,16,19,18,2,3,0,1,13,2,0,12,5,2,1,1,2,70,1,3,2,1,20,3,1,1,0,0,19,20,19,24,99,99,0,0,0,0,1,7,0,482834,0,2009,200,US-87,LEATHERWOOD,0000000,32.28413611,-101.4973056,2,1
48,7,9,11,20,43,1,2,1,0,14,3,0,8,0,1,1,1,4,35,1,1,2,1,0,0,2,1,0,0,20,43,20,46,21,40,0,0,0,0,1,6,0,482835,5890,2009,7,SR-35,99999999999999999999,0000000,28.02138611,-97.06019444,1,1
48,439,12,13,3,0,1,1,0,1,11,8,0,24,0,13,4,6,1,60,2,2,1,1,0,0,3,5,0,0,88,88,88,88,88,88,0,0,0,0,1,1,1,482836,2450,2009,179,LP820RAMP,99999999999999999999,0000000,32.84028611,-97.31445278,1,5
48,439,2,23,7,13,1,1,0,1,11,7,0,42,0,15,8,4,9,40,2,1,1,2,0,0,1,1,0,0,88,88,88,88,88,88,0,0,0,0,1,2,0,482837,2450,2009,11,I-35,99999999999999999999,0000000,32.66787778,-97.321225,1,1
48,401,4,1,19,52,1,2,1,0,16,5,0,8,0,1,1,1,2,40,1,3,2,1,0,0,2,1,0,0,19,52,19,57,20,17,0,0,0,0,1,4,1,482838,3120,2009,0,MAIN,99999999999999999999,0000000,32.15468889,-94.76155278,1,1
48,55,9,7,21,24,3,8,0,0,3,3,0,12,3,1,1,1,4,55,1,1,2,1,0,0,2,1,0,0,21,28,21,40,22,14,0,0,0,0,2,2,1,482839,4372,2009,44,SR-80,99999999999999999999,0000000,29.84864167,-97.84880833,3,1
48,453,12,19,0,34,1,1,0,1,13,8,0,24,0,1,4,1,4,45,2,2,2,1,0,0,2,1,0,0,0,35,0,41,1,10,0,0,0,0,1,7,1,482840,330,2009,56,FM2222,99999999999999999999,0000000,30.35736389,-97.78508889,1,1
48,361,7,3,10,55,1,1,0,0,6,4,0,1,0,1,4,1,2,30,2,1,2,1,0,0,1,1,0,0,99,99,99,99,99,99,0,0,0,0,1,6,0,482841,0,2009,0,LINSCOMB,99999999999999999999,0000000,30.17792778,-93.9448,1,1
48,113,11,14,1,10,2,2,0,1,13,8,0,12,2,1,1,2,6,45,1,1,1,1,0,0,3,1,0,0,1,16,1,20,1,40,0,0,0,0,1,7,1,482842,1730,2009,89,SL354,99999999999999999999,0000000,32.87194722,-96.88319167,2,1
48,329,3,1,18,39,1,2,1,1,13,8,0,8,0,1,1,2,6,40,1,1,2,1,0,0,1,1,0,0,18,39,18,42,18,47,0,0,0,0,1,1,0,482843,4560,2009,127,BS158B,99999999999999999999,0000000,31.99961389,-102.110575,1,1
48,85,3,12,6,30,1,1,0,0,3,3,0,32,0,3,4,1,2,45,1,1,2,1,0,0,4,1,0,0,6,30,6,47,99,99,0,0,0,0,1,5,0,482844,200,2009,46,SR-5,SECOND,0000000,33.35106389,-96.55109167,1,1
48,355,4,7,6,21,1,2,1,0,16,5,0,8,0,1,2,5,2,99,1,1,2,1,0,0,2,1,0,0,6,23,6,33,99,99,0,0,0,0,1,3,0,482845,1550,2009,0,RANDMORGAN,99999999999999999999,0000000,27.81716389,-97.54770556,1,1
48,249,11,5,8,23,1,2,1,0,16,5,0,8,0,1,5,1,2,30,1,1,1,1,0,0,1,1,0,0,8,21,8,25,8,43,0,0,0,0,1,5,0,482846,90,2009,0,STAPLES,99999999999999999999,0000000,27.73162778,-98.07422778,1,1
48,355,11,8,0,38,1,2,0,0,16,5,0,42,0,1,4,1,2,35,2,1,2,1,0,0,3,1,0,0,0,40,0,44,99,99,0,20,0,0,1,1,1,482847,1550,2009,0,TIGER,99999999999999999999,0000000,27.722925,-97.41088333,1,1
48,257,12,4,18,33,1,4,3,0,14,3,0,8,0,2,1,2,2,99,2,2,1,1,0,0,2,1,0,0,18,43,18,47,99,99,0,0,0,0,3,6,0,482848,6830,2009,704,SR-34,STATE,0000000,32.74289444,-96.27078611,1,1
48,235,9,10,13,35,2,2,0,0,4,3,0,12,2,1,1,1,2,70,1,1,2,1,0,0,1,1,0,0,13,35,14,38,99,99,0,0,0,0,1,5,0,482849,0,2009,47,SR-163,99999999999999999999,0000000,31.45806389,-101.0968361,2,1
48,477,12,12,12,4,2,5,0,1,2,3,0,12,5,3,1,1,2,70,1,1,2,2,0,0,1,2,0,0,12,6,12,10,99,99,0,0,0,0,3,7,0,482850,0,2009,116,SR-36,KAREN,0000000,30.18608889,-96.41412778,2,2
48,13,2,12,3,45,1,2,0,0,4,8,0,38,0,1,5,1,2,65,1,1,2,1,0,0,2,1,0,0,4,18,4,40,99,99,0,20,0,0,1,5,0,482851,0,2009,124,FM1333,99999999999999999999,0000000,28.93962222,-98.73679167,1,1
48,439,12,11,2,25,2,2,0,0,16,5,0,12,5,2,1,1,2,40,1,2,1,1,20,3,2,1,0,0,2,28,2,30,3,5,0,0,0,0,1,6,1,482852,2450,2009,0,COLUMBUS,EVENINGSTAR,0000000,32.62800278,-97.37803056,2,1
48,209,10,11,23,26,1,1,0,1,13,3,0,39,0,13,4,6,1,45,2,1,2,2,21,3,3,2,0,0,23,27,23,31,99,99,0,0,0,0,1,1,1,482853,6170,2009,0,SR-21RAMP,SR-80,0000000,29.87758333,-97.90624444,1,2
48,113,4,8,13,35,1,2,0,1,11,1,0,25,0,1,3,3,3,60,1,1,1,1,0,0,1,1,0,0,13,41,13,47,14,1,0,0,0,0,1,4,1,482854,1870,2009,34,I-35,99999999999999999999,0000000,32.59802222,-96.82261111,1,1
48,139,11,17,19,52,1,2,1,1,11,7,0,8,0,1,1,4,2,55,1,1,2,1,0,0,2,1,0,0,19,54,19,57,99,99,0,0,0,0,1,3,0,482855,5685,2009,312,I-35E,99999999999999999999,0000000,32.51868333,-96.82184444,1,1
48,139,12,9,7,56,3,4,0,0,14,8,0,12,1,3,1,1,4,55,1,2,2,1,0,0,1,1,0,0,8,5,8,17,99,99,0,0,0,0,1,4,0,482856,5685,2009,177,FM664,PRATT,0000000,32.53103889,-96.75413611,3,1
49,57,1,3,14,22,2,4,0,1,11,1,0,12,5,1,1,3,2,65,1,1,1,1,0,0,1,1,0,0,14,22,14,26,99,99,0,0,0,0,1,7,0,490001,1610,2009,3400,I-15,99999999999999999999,0000000,41.19192778,-112.0049722,2,1
49,49,1,5,7,13,2,5,0,0,3,3,0,12,5,2,1,1,2,40,1,1,2,1,20,3,2,1,0,0,7,28,7,38,99,99,0,0,0,0,2,2,0,490002,570,2009,0,SR-141,800 E,0000000,39.99678333,-111.8246833,2,1
49,49,1,7,7,56,3,3,0,1,11,1,0,12,7,1,1,3,3,65,2,2,2,4,0,0,1,1,0,0,7,58,8,9,99,99,0,0,0,0,1,4,0,490003,1840,2009,2578,I-15,99999999999999999999,0000000,40.12934444,-111.6483028,3,1
49,51,1,11,16,32,1,3,1,1,13,2,0,8,0,2,1,1,2,60,1,1,2,1,0,0,1,1,0,0,16,32,16,35,99,99,0,0,0,0,1,1,0,490004,650,2009,187,US-40,EAST AIRPORT RD,0000000,40.48481944,-111.4049722,1,1
49,35,1,20,16,0,3,6,0,0,16,5,0,12,2,1,1,2,2,45,1,1,2,1,0,0,1,1,0,0,99,99,99,99,99,99,0,0,0,0,1,3,0,490005,1700,2009,0,HIGHLAND DR,99999999999999999999,0000000,40.65883056,-111.8348972,3,1
49,13,1,21,17,37,1,1,0,0,3,3,0,38,0,1,6,1,2,55,1,2,2,1,0,0,1,1,0,0,17,42,18,1,88,88,0,0,0,0,1,4,0,490006,0,2009,26,SR-208,99999999999999999999,0000000,40.24193056,-110.7146361,1,1
49,45,1,22,10,45,2,3,0,0,3,3,0,12,2,1,1,1,2,60,1,1,2,2,0,0,1,1,0,0,10,46,10,55,99,99,0,0,0,0,2,5,2,490007,0,2009,76,SR-112,99999999999999999999,0000000,40.57204444,-112.3789778,2,1
49,53,1,22,19,30,1,1,0,0,16,5,0,19,0,1,6,1,2,35,1,2,2,1,0,0,2,1,0,0,19,32,19,38,88,88,0,0,0,0,1,5,0,490008,1670,2009,0,3050 E,99999999999999999999,0000000,37.11936667,-113.5208278,1,1
49,35,1,26,13,35,2,2,0,0,16,5,0,12,5,2,1,1,2,35,1,1,2,1,0,0,1,1,0,0,13,36,13,39,99,99,0,0,0,0,1,2,0,490009,1820,2009,0,MAIN ST,MILLER AVE,0000000,40.70188611,-111.8912028,2,1
49,3,1,28,15,0,1,2,0,0,3,3,0,1,0,1,6,1,2,65,1,1,2,4,0,0,1,4,6,0,15,22,15,40,99,99,0,0,0,0,1,4,0,490010,0,2009,38,SR-42,99999999999999999999,0000000,41.96995556,-113.1100833,1,4
49,35,1,30,18,48,2,6,0,0,14,3,0,12,5,2,1,1,2,50,1,1,1,1,0,0,1,1,0,0,18,48,18,52,99,99,0,0,0,0,1,6,0,490011,2100,2009,0,SR-48,AIRPORT RD,0000000,40.607175,-111.9968611,2,1
49,21,2,12,14,30,17,19,0,1,1,1,0,12,1,1,1,2,2,75,1,1,2,3,0,0,1,4,0,0,14,42,15,10,99,99,0,19,0,0,1,5,0,490012,0,2009,956,I-15,99999999999999999999,0000000,38.07927778,-112.6828194,16,4
49,5,2,3,16,40,2,2,0,0,3,3,0,12,5,1,1,1,2,55,1,2,2,1,0,0,1,1,0,0,16,41,16,45,99,99,0,0,0,0,1,3,0,490013,780,2009,59,SR-165,99999999999999999999,0000000,41.64751944,-111.8330944,2,1
49,53,2,3,18,18,1,4,0,1,11,1,0,23,0,1,4,3,2,75,1,2,2,1,0,0,5,1,0,0,18,20,18,38,99,99,0,0,0,0,1,3,0,490014,0,2009,421,I-15,99999999999999999999,0000000,37.48173889,-113.22115,1,1
49,35,2,9,6,18,1,2,1,0,16,5,0,9,0,2,1,1,2,30,1,1,2,2,0,0,3,2,0,0,99,99,99,99,99,99,0,0,0,0,1,2,0,490015,1700,2009,0,INDIANA AVE,NAVAJO ST,0000000,40.75129722,-111.9294833,1,2
49,49,2,8,10,20,2,3,0,1,13,2,0,12,5,2,1,5,2,35,1,1,2,1,3,3,1,1,0,0,10,24,10,31,88,88,0,0,0,0,1,1,0,490016,1390,2009,0,US-89,800 S,0000000,40.28253889,-111.6886417,2,1
49,11,2,7,18,30,2,6,0,0,13,3,0,12,2,1,1,1,2,40,2,2,2,1,0,0,2,1,0,0,18,30,18,38,99,99,0,0,0,0,1,7,0,490017,210,2009,0,SR-106,99999999999999999999,0000000,40.952225,-111.88335,2,1
49,3,1,21,4,23,1,2,0,1,1,1,0,1,0,1,3,2,2,75,2,2,2,1,0,0,2,1,0,0,4,26,4,40,99,99,0,0,0,0,1,4,0,490018,1780,2009,81,I-84,99999999999999999999,0000000,41.95795833,-112.6826472,1,1
49,37,1,31,14,30,1,3,0,0,6,5,3,1,0,1,6,1,2,55,1,1,2,1,0,0,1,1,0,0,99,99,14,51,99,99,0,0,0,0,1,7,1,490019,0,2009,0,NAVAJO RT 35,99999999999999999999,0000000,37.09133611,-109.3616861,1,1
49,3,2,16,8,59,1,1,0,1,1,1,0,28,0,1,3,2,2,75,1,1,1,1,0,0,1,1,0,0,8,59,9,6,88,88,0,0,0,0,1,2,0,490020,2120,2009,3556,I-15,99999999999999999999,0000000,41.41656667,-112.0509333,1,1