STATE,COUNTY,MONTH,DAY,HOUR,MINUTE,VE_TOTAL,PERSONS,PEDS,NHS,ROAD_FNC,ROUTE,SP_JUR,HARM_EV,MAN_COLL,REL_JUNC,REL_ROAD,TRAF_FLO,NO_LANES,SP_LIMIT,ALIGNMNT,PROFILE,PAVE_TYP,SUR_COND,TRA_CONT,T_CONT_F,LGT_COND,WEATHER1,WEATHER2,WRK_ZONE,NOT_HOUR,NOT_MIN,ARR_HOUR,ARR_MIN,HOSP_HR,HOSP_MN,SCH_BUS,CF1,CF2,CF3,FATALS,DAY_WEEK,DRUNK_DR,ST_CASE,CITY,YEAR,MILEPT,TWAY_ID,TWAY_ID2,RAIL,LATITUDE,LONGITUD,VE_FORMS,WEATHER
49,19,2,27,11,0,1,3,0,0,3,3,0,1,0,1,6,1,2,45,2,3,2,1,0,0,1,1,0,0,11,32,12,20,99,99,0,0,0,0,1,6,0,490021,0,2009,289,SR-128,99999999999999999999,0000000,38.79583889,-109.3273556,1,1
49,39,2,19,10,39,2,2,0,1,2,2,0,12,8,1,1,1,2,45,1,1,2,1,0,0,1,1,0,0,10,39,10,45,99,99,0,0,0,0,1,5,0,490022,200,2009,2388,US-89,99999999999999999999,0000000,39.12872778,-111.8194472,2,1
49,39,2,13,9,10,2,4,0,1,2,2,0,12,5,1,1,1,2,65,2,2,2,4,0,0,1,1,0,0,9,15,9,37,99,99,0,0,0,0,2,6,0,490023,0,2009,2917,US-89,99999999999999999999,0000000,39.75048889,-111.4796444,2,1
49,21,2,23,16,25,2,2,0,0,3,3,0,12,1,1,1,1,2,65,1,2,2,1,8,3,1,1,0,0,16,28,16,40,88,88,1,0,0,0,1,2,0,490024,0,2009,525,SR-56,99999999999999999999,0000000,37.67240833,-113.192825,2,1
49,3,2,14,12,15,2,6,2,1,1,1,0,8,0,1,2,3,2,75,1,2,2,4,0,0,1,4,0,0,12,15,12,35,99,99,0,0,0,0,1,7,0,490025,0,2009,3543,I-15,99999999999999999999,0000000,41.36914444,-112.0430361,1,4
49,49,2,24,18,0,1,2,1,0,16,5,0,8,0,2,1,1,2,35,1,1,2,1,0,0,1,1,0,0,99,99,99,99,99,99,0,0,0,0,1,3,0,490026,1500,2009,0,200 S,400 E,0000000,40.36122778,-111.7333167,1,1
49,3,2,17,11,12,3,3,0,1,1,1,0,12,1,1,1,2,2,75,1,2,2,3,0,0,1,4,0,0,11,15,11,35,88,88,0,0,0,0,1,3,0,490027,0,2009,188,I-84,99999999999999999999,0000000,41.89793333,-112.5357056,3,4
49,37,2,22,15,5,5,7,0,1,2,2,0,12,2,1,1,1,2,65,1,2,2,1,0,0,1,1,0,0,15,8,15,15,99,99,0,14,0,0,1,1,0,490028,0,2009,784,US-191,99999999999999999999,0000000,37.96152222,-109.3579111,5,1
49,35,3,9,6,44,5,1,0,1,12,3,0,38,0,1,4,3,2,60,1,1,1,1,0,0,3,1,0,0,6,46,6,53,99,99,0,0,0,0,1,2,0,490029,2113,2009,125,SR-201,99999999999999999999,0000000,40.72644444,-112.0028694,1,1
49,43,3,30,6,55,4,6,0,0,3,3,0,12,8,1,1,1,2,55,1,1,2,3,0,0,2,1,0,0,6,57,7,18,99,99,0,0,0,0,1,2,0,490030,0,2009,142,SR-32,99999999999999999999,0000000,40.67751389,-111.2818917,4,1
49,35,4,30,16,44,1,1,0,1,11,1,0,25,0,1,2,3,6,65,1,1,1,1,0,0,1,1,0,0,16,44,16,52,99,99,0,0,0,0,1,5,0,490031,1820,2009,3032,I-15,99999999999999999999,0000000,40.70823056,-111.9046778,1,1
49,37,2,13,3,34,1,1,0,0,2,3,0,1,0,1,6,1,2,55,2,9,2,9,0,0,6,1,0,0,88,88,88,88,88,88,0,0,0,0,1,6,0,490032,1195,2009,111,SR-162,99999999999999999999,0000000,37.27378056,-109.3359389,1,1
49,13,3,1,15,28,1,1,0,0,6,5,0,34,0,1,6,1,2,40,1,2,2,1,0,0,1,1,0,0,15,35,15,38,88,88,0,0,0,0,1,1,0,490033,123,2009,0,BLUEBELL RD,99999999999999999999,0000000,40.39035833,-110.2752694,1,1
49,49,3,1,4,10,1,5,0,1,11,1,0,24,0,1,3,2,2,75,1,1,2,1,0,0,1,1,0,0,4,12,4,26,99,99,0,0,0,0,1,1,0,490034,1460,2009,2473,I-15,99999999999999999999,0000000,40.02827222,-111.7601389,1,1
49,15,3,5,99,99,1,1,0,1,1,1,0,35,0,1,6,3,2,75,2,2,2,1,0,0,9,9,0,0,88,88,88,88,88,88,0,0,0,0,1,5,0,490035,0,2009,1030,I-70,99999999999999999999,0000000,38.82640278,-111.1431889,1,9
49,47,3,4,17,33,2,2,0,1,2,2,0,12,2,1,1,1,2,60,1,1,2,1,0,0,1,1,0,0,17,33,17,45,99,99,0,0,0,0,2,4,0,490036,0,2009,1229,US-40,99999999999999999999,0000000,40.30230833,-109.8217389,2,1
49,35,3,4,4,55,1,2,1,1,11,1,0,8,0,1,1,3,5,65,2,1,1,1,0,0,3,1,0,0,4,55,5,5,99,99,0,0,0,0,1,4,0,490037,1700,2009,1145,I-80,99999999999999999999,0000000,40.76994722,-112.0060444,1,1
49,19,3,7,11,0,1,3,0,1,1,1,0,1,0,1,3,2,2,75,1,1,2,3,0,0,1,4,0,0,11,15,11,52,99,99,0,0,0,0,1,7,0,490038,0,2009,1969,I-70,99999999999999999999,0000000,38.94258889,-109.5360944,1,4
49,15,3,7,4,41,1,2,0,1,2,2,0,1,0,1,6,1,2,65,1,1,2,1,0,0,2,1,0,0,4,41,5,3,99,99,0,0,0,0,1,7,0,490039,0,2009,2901,US-6,99999999999999999999,0000000,39.15562222,-110.3391278,1,1
49,45,3,7,2,52,1,2,0,1,1,1,0,1,0,1,6,2,2,75,1,1,2,1,0,0,2,1,0,0,2,53,3,38,99,99,0,0,0,0,1,7,0,490040,0,2009,447,I-80,99999999999999999999,0000000,40.72800556,-113.2209778,1,1
49,49,3,6,16,0,2,2,0,0,15,3,0,12,5,2,1,1,2,35,1,1,2,2,0,0,1,1,0,0,16,0,16,10,99,99,0,0,0,0,1,6,0,490041,1840,2009,0,SR-147,300 E,0000000,40.11505278,-111.6495694,2,1
49,35,3,8,13,50,2,6,0,1,13,3,0,12,5,2,1,2,3,40,1,1,2,1,3,3,1,1,0,0,13,53,14,3,99,99,0,0,0,0,1,1,0,490042,1700,2009,169,SR-201,700 W,0000000,40.72579444,-111.9113722,2,1
49,49,3,9,16,11,2,2,0,0,15,3,0,12,5,2,1,1,2,35,1,1,2,2,20,3,1,4,0,0,16,11,16,17,99,99,0,0,0,0,1,2,0,490043,1460,2009,0,SR-198,400 E,0000000,40.04458611,-111.7274583,2,4
49,19,3,11,5,45,1,1,0,1,2,2,0,1,0,1,6,2,2,65,2,3,2,1,0,0,2,1,0,0,5,50,6,8,88,88,0,0,0,0,1,4,0,490044,0,2009,1405,US-191,99999999999999999999,0000000,38.72301944,-109.7094722,1,1
49,1,3,15,1,35,1,6,0,0,6,5,0,1,0,1,4,1,2,99,2,1,5,1,0,0,2,1,0,0,1,43,2,3,99,99,0,0,0,0,1,1,1,490045,0,2009,0,NO CREEK BENCH RD,99999999999999999999,0000000,38.34071389,-112.5702083,1,1
49,43,3,17,15,18,1,3,1,0,6,5,0,9,0,2,1,1,2,30,1,1,2,1,20,3,1,1,0,0,15,22,15,32,88,88,0,0,0,0,1,3,0,490046,290,2009,0,100 S,50 W,0000000,40.913675,-111.3986417,1,1
49,35,3,17,15,7,1,3,1,0,16,5,0,8,0,1,1,1,2,25,1,1,2,1,0,0,1,1,0,0,99,99,99,99,99,99,0,0,0,0,1,3,0,490047,1700,2009,0,400 N,99999999999999999999,0000000,40.77813611,-111.9002583,1,1
49,35,3,24,21,30,2,5,0,0,14,3,0,12,5,2,1,3,5,45,1,1,2,2,3,3,3,1,0,0,99,99,99,99,99,99,0,0,0,0,1,3,0,490048,1700,2009,0,SR-186,2200 W,0000000,40.77046667,-111.9536028,2,1
49,25,3,24,7,20,1,1,0,0,6,5,0,1,0,1,1,1,2,45,2,2,2,1,0,0,4,1,0,0,7,35,7,50,88,88,0,0,0,0,1,3,0,490049,0,2009,0,HANCOCK RD,99999999999999999999,0000000,37.077025,-112.6891722,1,1
49,43,3,27,5,50,1,1,0,1,2,2,0,1,0,5,6,6,1,65,1,3,2,4,0,0,2,1,0,0,6,54,7,4,88,88,0,0,0,0,1,6,0,490050,0,2009,37,US-40,99999999999999999999,0000000,40.68402222,-111.4635083,1,1
49,5,3,28,15,30,1,1,0,0,6,5,0,1,0,1,99,1,2,40,1,1,2,1,0,0,1,1,0,0,99,99,99,99,88,88,0,0,0,0,1,7,0,490051,780,2009,0,1500 W,99999999999999999999,0000000,41.66720556,-111.8689722,1,1
49,3,4,4,11,53,1,1,0,1,1,1,0,1,0,1,3,2,2,75,2,2,2,1,0,0,1,1,0,0,11,54,12,7,99,99,0,0,0,0,1,7,0,490052,0,2009,82,I-84,99999999999999999999,0000000,41.95489444,-112.6757806,1,1
49,15,4,4,21,34,1,6,0,1,1,1,0,31,0,1,3,2,2,75,2,2,2,4,0,0,2,4,0,0,21,41,22,10,99,99,0,0,0,0,1,7,0,490053,0,2009,1173,I-70,99999999999999999999,0000000,38.84692778,-110.8925639,1,4
49,7,4,10,11,30,1,1,0,1,2,2,0,1,0,1,6,2,2,65,2,1,2,1,0,0,1,1,0,0,88,88,88,88,88,88,0,0,0,0,1,6,0,490054,0,2009,2369,US-6,99999999999999999999,0000000,39.63477778,-110.8620083,1,1
49,35,4,12,2,26,1,1,0,0,14,3,0,31,0,8,6,2,2,40,1,1,2,1,0,0,2,1,0,0,2,27,2,31,88,88,0,0,0,0,1,1,0,490055,1120,2009,0,SR-71,99999999999999999999,0000000,40.62019167,-111.8660028,1,1
49,5,4,12,7,36,1,4,0,1,13,2,0,30,0,1,6,2,2,60,1,1,2,1,0,0,1,1,0,0,7,38,7,46,99,99,0,0,0,0,1,1,0,490056,990,2009,228,US-89,99999999999999999999,0000000,41.68201389,-111.8770417,1,1
49,53,4,10,15,6,2,3,0,1,2,3,0,12,2,1,1,1,4,55,1,2,2,1,0,0,1,1,0,0,15,6,15,14,99,99,0,0,0,0,1,6,1,490057,760,2009,27,SR-9,99999999999999999999,0000000,37.168525,-113.4055139,2,1
49,35,4,1,20,33,2,8,0,1,11,1,0,12,1,1,1,3,3,55,1,1,1,1,0,0,2,1,0,1,20,36,20,46,99,99,0,0,0,0,1,4,1,490058,1700,2009,1251,I-80,99999999999999999999,0000000,40.71330556,-111.8221083,2,1
49,57,4,17,21,16,2,5,0,0,14,3,0,12,5,2,1,1,4,55,1,1,2,1,3,3,2,1,0,0,21,19,21,22,99,99,0,0,0,0,1,6,0,490059,1067,2009,99999,SR-126,PIONEER RD,0000000,41.26872778,-112.0281028,2,1
49,35,4,20,13,26,3,4,1,1,13,2,0,9,0,2,1,1,6,45,1,1,2,1,3,3,1,1,0,0,13,28,99,99,99,99,0,0,0,0,1,2,1,490060,0,2009,99999,US-89,3900 S,0000000,40.68727778,-111.8884556,3,1
49,49,4,10,15,45,1,5,0,1,11,1,0,1,0,1,1,3,3,65,1,1,2,1,0,0,1,1,0,0,15,45,15,50,99,99,0,0,0,0,1,6,0,490061,1860,2009,2619,I-15,99999999999999999999,0000000,40.1913,-111.6470583,1,1
49,35,4,11,17,7,2,2,0,0,14,3,0,12,2,1,1,1,2,50,1,1,2,1,0,0,1,1,0,0,17,7,17,12,99,99,0,0,0,0,1,7,1,490062,311,2009,0,SR-190,99999999999999999999,0000000,40.62502778,-111.7964028,2,1
49,11,4,12,20,47,1,8,1,1,13,2,0,8,0,2,1,2,2,45,1,1,2,1,0,0,2,1,0,0,20,48,20,52,99,99,0,0,0,0,1,1,0,490063,1320,2009,99999,US-89,655 N,0000000,40.85426667,-111.9023167,1,1
49,35,4,20,17,30,6,6,0,1,11,1,0,12,1,1,1,3,5,65,1,1,1,1,0,0,1,1,0,0,17,46,17,54,99,99,0,0,0,0,1,2,0,490064,1710,2009,2929,I-15,99999999999999999999,0000000,40.54576667,-111.8952361,6,1
49,57,4,16,15,35,1,2,1,0,14,3,0,8,0,3,1,1,2,35,1,1,2,2,6,3,1,1,0,0,99,99,99,99,99,99,0,0,0,0,1,5,0,490065,1650,2009,0,SR-126,6000 S,0000000,41.15447222,-112.0260861,1,1
49,23,4,20,17,29,1,7,0,1,1,1,0,1,0,1,3,2,2,75,1,2,2,1,0,0,1,1,0,0,17,33,17,44,99,99,0,0,0,0,3,2,0,490066,0,2009,2329,I-15,99999999999999999999,0000000,39.81872222,-111.8336972,1,1
49,49,4,28,13,35,1,1,0,1,11,1,0,31,0,1,4,2,2,75,2,1,2,1,0,0,1,1,0,0,13,39,13,50,88,88,0,0,0,0,1,3,0,490067,0,2009,2478,I-15,99999999999999999999,0000000,40.02915833,-111.7594528,1,1
49,41,3,24,4,0,1,12,0,1,1,1,0,24,0,1,4,3,2,70,2,2,2,2,0,0,2,1,0,0,4,3,4,28,99,99,0,0,0,0,2,3,0,490068,0,2009,696,I-70,99999999999999999999,0000000,38.90065278,-111.6329389,1,1
49,45,3,21,15,43,2,4,0,0,3,3,0,12,2,1,1,1,2,65,1,1,2,1,0,0,1,1,0,0,99,99,99,99,99,99,0,0,0,0,3,7,0,490069,0,2009,193,SR-138,99999999999999999999,0000000,40.63453889,-112.334175,2,1
49,15,4,22,19,47,2,3,0,1,1,1,0,12,1,1,1,2,2,60,1,2,2,1,0,0,5,1,0,0,19,47,20,17,88,88,0,0,0,0,1,4,0,490070,0,2009,1393,I-70,99999999999999999999,0000000,38.91464444,-110.5153361,2,1
49,37,5,2,16,0,1,1,0,0,3,3,0,31,0,1,6,1,2,65,2,1,2,2,0,0,1,2,0,0,17,12,18,31,88,88,0,0,0,0,1,7,0,490071,0,2009,610,SR-95,99999999999999999999,0000000,37.73393333,-110.2613639,1,2
49,35,5,3,5,55,1,2,1,1,11,1,0,8,0,1,1,3,2,65,1,1,1,1,0,0,2,1,0,0,5,59,6,8,88,88,0,0,0,0,1,1,0,490072,2113,2009,145,I-215,99999999999999999999,0000000,40.682525,-111.9515861,1,1
49,51,5,5,2,33,1,1,0,1,2,2,0,28,0,1,5,2,2,65,2,1,2,1,0,0,2,1,0,0,2,34,3,15,99,99,0,0,0,0,1,3,0,490073,0,2009,562,US-40,99999999999999999999,0000000,40.19487222,-110.9468083,1,1
49,3,5,10,18,42,1,1,0,0,3,3,0,30,0,1,6,2,2,55,2,1,2,1,0,0,1,1,0,0,18,42,18,45,99,99,0,0,0,0,1,1,1,490074,720,2009,53,SR-38,99999999999999999999,0000000,41.59236944,-112.0454417,1,1
49,13,5,12,20,10,1,2,0,0,3,3,0,1,0,1,6,3,2,55,1,1,2,1,0,0,2,1,0,0,21,48,22,3,99,99,0,0,0,0,2,3,1,490075,0,2009,113,SR-87,99999999999999999999,0000000,40.23157778,-110.3902806,1,1
49,57,5,13,16,45,1,2,1,0,16,5,0,30,0,1,5,1,2,30,1,1,2,1,0,0,1,1,0,0,16,46,16,50,99,99,0,0,0,0,1,4,1,490076,1650,2009,0,3100 W,99999999999999999999,0000000,41.15836667,-112.0549667,1,1
49,35,5,13,14,55,1,2,1,0,14,3,0,8,0,1,4,1,2,40,1,1,2,1,0,0,1,1,0,0,99,99,99,99,99,99,0,0,0,0,1,4,0,490077,712,2009,0,SR-195,99999999999999999999,0000000,40.68506389,-111.8248556,1,1
49,55,5,22,14,25,1,2,0,0,3,3,0,35,0,1,6,1,2,55,1,2,2,1,0,0,1,1,0,0,14,52,15,20,99,99,0,0,0,0,1,6,0,490078,0,2009,925,SR-24,99999999999999999999,0000000,38.28508611,-111.1205306,1,1
49,57,5,18,0,8,1,2,0,0,16,5,0,33,0,2,6,1,3,30,1,1,2,1,3,3,3,1,0,0,0,9,0,14,99,99,0,0,0,0,1,2,1,490079,1350,2009,0,40TH ST,RIVERDALE RD,0000000,41.19273611,-111.9796083,1,1
49,5,5,23,10,11,1,1,0,1,2,2,0,1,0,1,6,3,2,60,1,2,2,1,0,0,1,1,0,0,10,13,10,17,88,88,0,0,0,0,1,7,1,490080,0,2009,132,US-89,99999999999999999999,0000000,41.60491667,-111.9616694,1,1
49,35,5,19,18,41,2,5,0,0,13,3,0,12,5,8,1,5,7,45,1,1,2,1,20,3,1,1,0,0,18,44,18,48,99,99,0,0,0,0,1,3,0,490081,1240,2009,0,SR-152,99999999999999999999,0000000,40.66853056,-111.8713333,2,1
49,23,5,24,10,44,1,1,0,1,1,1,0,1,0,1,3,2,2,75,1,1,2,1,0,0,1,1,0,0,10,48,10,57,99,99,0,0,0,0,1,1,0,490082,0,2009,2368,I-15,99999999999999999999,0000000,39.87898333,-111.8285472,1,1
49,19,5,28,0,50,1,1,0,1,2,2,0,46,0,2,4,1,5,35,1,1,2,1,3,3,3,1,0,0,0,51,0,59,99,99,0,0,0,0,1,5,1,490083,1170,2009,99999,US-191,KANE CREEK BLVD,0000000,38.56366944,-109.5498278,1,1
49,25,5,28,7,45,1,1,0,1,2,2,0,1,0,1,1,1,2,65,1,2,2,1,0,0,1,1,0,0,7,45,8,4,88,88,0,0,0,0,1,5,0,490084,0,2009,740,US-89,99999999999999999999,0000000,37.16961944,-112.61055,1,1
49,35,5,13,21,8,1,1,0,0,16,5,0,5,0,1,1,1,2,30,2,2,2,1,0,0,2,1,0,0,99,99,99,99,88,88,0,0,0,0,1,4,0,490085,0,2009,0,DIMPLE DELL RD,99999999999999999999,0000000,40.55724444,-111.834725,1,1
49,43,4,15,14,31,2,1,0,1,1,1,0,14,1,1,2,2,3,65,1,1,2,2,0,0,1,4,0,0,14,31,14,35,99,99,0,0,0,0,1,4,0,490086,0,2009,1450,I-80,99999999999999999999,0000000,40.72381111,-111.5146639,1,4
49,35,5,30,10,4,4,6,0,1,13,3,0,12,1,2,1,3,4,60,1,1,2,1,3,3,1,1,0,0,10,5,10,10,99,99,0,0,0,0,1,7,0,490087,1800,2009,0,SR-154,9800 S,0000000,40.57347778,-111.9774639,4,1
49,35,6,5,0,45,2,1,0,0,16,6,0,14,1,3,2,1,2,35,2,2,2,1,3,3,2,1,0,0,0,45,0,50,99,99,0,20,0,0,1,6,1,490088,1820,2009,99999,500 W,SR-171,0000000,40.70026111,-111.9056222,1,1
49,11,6,6,11,30,4,5,0,1,11,1,0,25,0,1,3,3,5,55,2,1,2,1,0,0,1,1,0,1,11,33,11,41,99,99,0,3,0,0,1,7,0,490089,1320,2009,3133,I-15,99999999999999999999,0000000,40.83719167,-111.9156639,4,1
49,57,6,11,17,31,4,4,0,0,13,3,0,12,5,1,1,1,4,40,1,1,2,1,0,0,5,1,0,0,17,33,17,36,99,99,0,0,0,0,1,5,0,490090,1650,2009,99999,SR-126,99999999999999999999,0000000,41.15578056,-112.0263861,4,1
49,45,6,13,11,2,3,6,0,1,1,1,0,12,2,1,1,3,6,75,1,1,1,1,0,0,1,1,0,0,11,2,99,99,99,99,0,0,0,0,1,7,0,490091,0,2009,1009,I-80,99999999999999999999,0000000,40.71089722,-112.2474444,3,1
49,15,6,2,8,49,2,3,0,0,3,3,0,12,8,1,1,1,2,65,2,2,2,1,0,0,1,1,0,0,8,52,9,13,99,99,0,0,0,0,1,3,0,490092,0,2009,563,SR-10,99999999999999999999,0000000,39.41921944,-110.8767694,2,1
49,11,6,2,6,54,1,1,0,1,11,1,0,1,0,1,1,2,4,65,1,2,2,1,0,0,1,1,0,0,6,55,6,59,99,99,0,0,0,0,1,3,0,490093,460,2009,3259,I-15,99999999999999999999,0000000,41.00105,-111.9245472,1,1
49,41,6,3,7,49,1,4,0,1,1,1,0,1,0,1,1,2,2,75,1,1,2,1,0,0,1,1,0,0,7,52,8,11,99,99,0,0,0,0,1,4,0,490094,0,2009,932,I-70,99999999999999999999,0000000,38.78031667,-111.312275,1,1
49,45,6,8,4,9,1,2,0,1,11,1,0,31,0,1,4,2,2,75,1,1,2,1,0,0,2,1,0,0,4,18,4,49,99,99,0,0,0,0,1,2,1,490095,0,2009,361,I-80,99999999999999999999,0000000,40.73685278,-113.3377083,1,1
49,49,6,4,21,46,2,5,0,0,13,2,0,12,5,1,1,5,6,40,1,1,1,1,0,0,3,1,0,0,21,46,21,51,99,99,0,0,0,0,1,5,0,490096,1560,2009,99999,US-189,99999999999999999999,0000000,40.22083056,-111.6592028,2,1
49,57,4,22,22,11,2,4,0,1,13,2,0,12,5,2,1,1,5,35,1,1,2,1,3,3,3,1,0,0,22,13,22,18,99,99,0,20,0,0,2,4,1,490097,1350,2009,0,US-89,28TH ST,0000000,41.2144,-111.9707028,2,1
49,7,6,24,0,31,2,3,0,1,2,2,0,12,2,1,1,1,2,55,2,2,2,1,0,0,2,1,0,0,0,33,0,54,99,99,0,0,0,0,1,4,0,490098,0,2009,2303,US-6,99999999999999999999,0000000,39.71227222,-110.8676722,2,1
49,35,4,1,8,0,2,3,0,0,13,3,0,12,5,1,1,1,2,65,1,1,2,3,0,0,1,4,0,0,8,0,8,3,99,99,0,0,0,0,1,4,0,490099,2113,2009,38,SR-111,99999999999999999999,0000000,40.63414722,-112.0551389,2,4
49,37,6,24,17,25,2,2,0,0,6,5,0,12,5,2,1,1,2,25,1,1,2,2,21,3,1,2,0,0,17,31,17,48,99,99,0,0,0,0,1,4,0,490100,0,2009,0,OAK ST,SAGE ST,0000000,37.80563889,-109.1341278,2,2
49,3,6,30,15,58,2,2,0,0,3,3,0,12,2,1,1,1,2,55,2,2,2,1,0,0,1,1,0,0,16,0,16,10,99,99,0,0,0,0,1,3,0,490101,0,2009,27,SR-38,99999999999999999999,0000000,41.5655,-112.0251833,2,1
49,35,5,27,11,57,1,2,1,1,13,3,0,15,0,1,4,1,2,40,1,1,2,1,0,0,1,1,0,0,11,59,12,3,99,99,0,0,0,0,1,4,0,490103,2113,2009,0,SR-171,99999999999999999999,0000000,40.69671389,-111.9863028,1,1
49,27,6,28,10,12,1,1,0,1,1,1,0,1,0,1,6,2,2,75,1,2,2,1,0,0,1,1,0,0,10,15,10,44,99,99,0,0,0,0,1,1,1,490104,0,2009,1363,I-15,99999999999999999999,0000000,38.62662778,-112.6103361,1,1
49,29,5,25,18,18,1,1,0,1,1,1,0,5,0,1,1,3,2,55,1,1,2,1,0,0,1,1,0,1,18,18,18,26,99,99,0,0,0,0,1,2,0,490105,1223,2009,933,I-84,99999999999999999999,0000000,41.138525,-111.8083333,1,1
49,57,5,28,15,3,2,2,0,0,13,3,0,12,5,13,1,2,3,45,1,1,2,1,3,3,1,1,0,0,15,6,15,11,99,99,0,0,0,0,1,5,0,490106,1350,2009,19,SR-79,I-15 RAMP,0000000,41.20564444,-111.9919889,2,1
49,39,6,24,21,45,1,4,0,1,2,2,0,11,0,1,1,2,2,65,1,2,2,1,0,0,2,1,0,0,21,45,21,55,99,99,0,0,0,0,1,4,0,490107,0,2009,2872,US-89,99999999999999999999,0000000,39.67178611,-111.4569861,1,1
49,49,6,25,16,32,2,5,0,0,16,5,0,12,5,2,1,1,2,35,1,1,2,1,20,3,1,1,0,0,16,33,16,37,99,99,0,0,0,0,1,5,0,490108,1500,2009,0,1100 N,600 W,0000000,40.37561389,-111.749625,2,1
49,11,6,6,11,51,1,2,0,1,11,1,0,5,0,1,1,3,5,65,1,1,2,1,0,0,1,1,0,0,11,54,11,58,99,99,0,0,0,0,1,7,0,490109,1320,2009,3138,I-15,99999999999999999999,0000000,40.84868333,-111.9135611,1,1
49,43,7,3,13,25,2,2,0,1,1,1,0,12,1,1,1,2,3,65,1,1,2,1,0,0,1,1,0,0,13,26,13,31,99,99,0,0,0,0,1,6,0,490110,0,2009,1429,I-80,99999999999999999999,0000000,40.75057222,-111.5682222,2,1
49,5,7,9,21,23,2,2,0,1,13,2,0,12,5,4,1,1,4,45,2,2,2,1,0,0,3,1,0,0,21,24,21,26,21,39,0,0,0,0,1,5,0,490111,990,2009,99999,US-89,99999999999999999999,0000000,41.71348056,-111.8383306,2,1
49,21,7,12,4,5,3,8,0,1,1,1,0,1,0,1,1,2,2,75,1,2,2,1,0,0,2,1,0,0,4,9,4,26,99,99,0,0,0,0,2,1,0,490112,0,2009,421,I-15,99999999999999999999,0000000,37.48609722,-113.2196917,3,1
49,35,7,18,0,57,2,9,0,1,13,3,0,12,5,2,1,1,7,50,1,2,2,1,20,3,2,1,0,1,1,1,1,14,99,99,0,0,0,0,6,7,0,490113,0,2009,99999,SR-201,SR-202,0000000,40.72631667,-112.1632,2,1
49,21,7,18,14,34,2,4,0,0,2,3,0,1,0,1,1,1,2,50,2,1,2,1,0,0,1,1,0,0,14,41,99,99,88,88,0,0,0,0,1,7,0,490114,0,2009,262,SR-143,99999999999999999999,0000000,37.65535278,-112.7147472,2,1
49,1,7,1,0,30,1,3,0,0,6,5,0,34,0,1,6,2,2,40,2,1,2,1,0,0,2,1,0,0,99,99,99,99,99,99,0,0,0,0,2,4,1,490115,0,2009,0,N CREEK RD,99999999999999999999,0000000,38.29118333,-112.6146694,1,1
49,17,6,23,21,0,2,5,0,0,2,3,0,12,5,4,1,1,2,55,1,2,2,1,0,0,3,1,0,0,21,9,21,19,99,99,0,0,0,0,1,3,0,490116,0,2009,10,SR-12,99999999999999999999,0000000,37.749,-112.3635306,2,1
49,27,7,8,9,10,1,8,0,1,1,1,0,1,0,1,3,2,2,75,1,1,2,1,0,0,1,1,0,0,9,12,9,22,99,99,0,0,0,0,1,4,0,490117,0,2009,1924,I-15,99999999999999999999,0000000,39.30129444,-112.0888722,1,1
49,51,7,10,20,3,1,1,0,1,2,2,0,35,0,1,6,1,2,60,2,2,2,1,0,0,1,1,0,0,20,3,20,26,99,99,0,0,0,0,1,6,0,490118,0,2009,335,US-40,99999999999999999999,0000000,40.300475,-111.2551111,1,1
49,25,7,11,2,0,1,1,0,1,2,2,0,32,0,1,6,1,2,65,1,1,2,1,0,0,2,1,0,0,3,0,3,10,99,99,0,0,0,0,1,7,0,490119,0,2009,135,US-89,99999999999999999999,0000000,37.09955,-111.7817694,1,1
49,23,7,12,4,10,1,1,0,1,1,1,0,1,0,1,6,2,2,75,2,1,1,1,0,0,2,1,0,0,4,10,4,35,88,88,0,0,0,0,1,1,0,490120,0,2009,2221,I-15,99999999999999999999,0000000,39.67991111,-111.8423222,1,1
49,7,7,18,0,35,1,3,0,1,2,2,0,35,0,1,6,1,2,65,1,1,2,1,0,0,2,1,0,0,0,44,1,0,88,88,0,0,0,0,1,7,0,490121,0,2009,2573,US-6,99999999999999999999,0000000,39.51675556,-110.5513,1,1
49,33,7,25,1,20,1,2,0,0,3,3,0,30,0,1,6,2,2,65,2,2,2,1,0,0,2,1,0,0,1,24,1,44,88,88,0,0,0,0,1,7,1,490122,0,2009,259,SR-16,99999999999999999999,0000000,41.72623056,-111.1610417,1,1
49,53,7,28,15,13,1,6,0,0,3,3,0,1,0,1,6,2,2,50,1,1,2,1,0,0,1,1,0,0,15,15,15,27,99,99,0,0,0,0,2,3,0,490123,0,2009,99999,SR-144,99999999999999999999,0000000,37.48180556,-113.2310194,1,1
49,51,8,1,13,27,2,3,0,1,2,2,0,12,5,1,1,1,3,65,2,1,2,1,0,0,1,1,0,0,13,35,14,6,88,88,0,0,0,0,1,7,1,490124,0,2009,531,US-40,99999999999999999999,0000000,40.20195278,-110.9921278,2,1
49,1,8,5,7,32,1,11,0,1,1,1,0,1,0,1,1,2,2,75,2,1,2,1,0,0,1,1,0,0,7,35,7,57,99,99,0,0,0,0,1,4,0,490125,0,2009,1205,I-15,99999999999999999999,0000000,38.42068056,-112.6495611,1,1