STATE,COUNTY,MONTH,DAY,HOUR,MINUTE,VE_TOTAL,PERSONS,PEDS,NHS,ROAD_FNC,ROUTE,SP_JUR,HARM_EV,MAN_COLL,REL_JUNC,REL_ROAD,TRAF_FLO,NO_LANES,SP_LIMIT,ALIGNMNT,PROFILE,PAVE_TYP,SUR_COND,TRA_CONT,T_CONT_F,LGT_COND,WEATHER1,WEATHER2,WRK_ZONE,NOT_HOUR,NOT_MIN,ARR_HOUR,ARR_MIN,HOSP_HR,HOSP_MN,SCH_BUS,CF1,CF2,CF3,FATALS,DAY_WEEK,DRUNK_DR,ST_CASE,CITY,YEAR,MILEPT,TWAY_ID,TWAY_ID2,RAIL,LATITUDE,LONGITUD,VE_FORMS,WEATHER
49,45,8,5,12,4,2,2,0,0,16,6,0,12,4,1,1,1,2,25,2,1,2,1,0,0,1,1,0,0,12,5,12,9,88,88,0,0,0,0,1,4,0,490126,1940,2009,0,K AVE,99999999999999999999,0000000,40.53221389,-112.3338111,2,1
49,57,7,6,10,39,2,4,0,0,14,3,0,12,5,2,1,4,2,35,1,1,2,1,3,3,1,1,0,0,10,42,10,44,99,99,0,0,0,0,2,2,0,490127,1350,2009,99999,SR-79,GRANT AVE,0000000,41.20821944,-111.9736222,2,1
49,3,8,17,3,39,1,1,0,0,5,3,0,1,0,1,4,1,2,75,2,1,2,1,0,0,2,1,0,0,3,39,3,40,99,99,0,0,0,0,1,2,1,490128,0,2009,972,SR-30,99999999999999999999,0000000,41.96715,-112.7698528,1,1
49,47,8,26,19,24,2,3,0,0,6,6,0,12,5,2,1,1,2,35,1,1,2,1,20,3,1,1,0,0,99,99,99,99,99,99,0,0,0,0,1,4,0,490129,0,2009,0,1500 N,3500 W,0000000,40.47728056,-109.5959611,2,1
49,19,8,2,13,40,1,1,0,1,1,1,0,1,0,1,2,2,2,75,1,2,2,1,0,0,1,1,0,0,13,45,14,13,88,88,0,0,0,0,1,1,0,490130,0,2009,1828,I-70,99999999999999999999,0000000,38.94979722,-109.7808833,1,1
49,37,8,2,6,5,1,1,0,1,2,2,0,11,0,1,1,1,2,65,1,3,2,1,0,0,4,1,0,0,6,8,6,20,99,99,0,0,0,0,1,1,0,490131,0,2009,678,US-191,99999999999999999999,0000000,37.83148056,-109.3386833,1,1
49,21,8,3,19,54,1,1,0,0,3,3,0,1,0,1,4,2,2,35,2,2,2,1,4,3,1,1,0,0,88,88,88,88,88,88,0,0,0,0,1,2,0,490132,0,2009,107,SR-20,99999999999999999999,0000000,38.024025,-112.5326167,1,1
49,47,8,4,17,35,1,1,0,0,3,3,0,5,0,1,6,1,2,65,2,1,2,1,0,0,1,1,0,0,17,35,17,43,99,99,0,0,0,0,1,3,0,490133,0,2009,159,SR-45,99999999999999999999,0000000,40.11457778,-109.2408361,1,1
49,53,8,6,13,45,1,1,0,1,1,1,0,5,0,1,4,3,2,65,1,1,2,1,0,0,1,1,0,0,13,48,14,5,88,88,0,0,0,0,1,5,0,490134,2050,2009,103,I-15,99999999999999999999,0000000,37.1323,-113.5203556,1,1
49,29,8,6,10,9,1,1,0,1,1,1,0,25,0,1,3,3,2,65,2,1,1,1,0,0,1,1,0,0,10,9,10,21,99,99,0,0,0,0,1,5,0,490135,0,2009,1080,I-84,99999999999999999999,0000000,41.05776944,-111.5925972,1,1
49,33,8,7,18,54,1,1,0,0,3,3,0,5,0,1,6,1,2,65,2,2,2,1,0,0,1,1,0,0,18,54,19,11,99,99,0,0,0,0,1,6,0,490136,0,2009,244,SR-16,99999999999999999999,0000000,41.71393056,-111.1603556,1,1
49,27,8,8,1,0,1,1,0,0,6,5,0,44,0,1,1,1,2,0,1,1,4,1,0,0,2,1,0,0,1,18,1,28,99,99,0,3,0,0,1,7,1,490137,320,2009,0,RAILROAD ACCESS RD,99999999999999999999,0000000,39.35586944,-112.5837694,1,1
49,27,8,9,11,9,1,2,0,0,3,3,0,11,0,1,1,1,2,65,1,1,2,1,0,0,1,1,0,0,11,9,11,22,99,99,0,0,0,0,1,1,0,490138,0,2009,630,SR-257,99999999999999999999,0000000,39.24501667,-112.6627361,1,1
49,53,8,8,9,17,2,2,0,0,16,5,0,12,5,1,1,1,2,35,1,1,2,1,0,0,1,1,0,0,9,20,9,22,88,88,0,0,0,0,1,7,1,490139,2050,2009,0,GREEN SPRINGS DR,99999999999999999999,0000000,37.12651944,-113.5233583,2,1
49,49,8,12,21,19,1,1,0,0,16,5,0,25,0,1,4,3,2,30,1,1,2,1,0,0,2,1,0,0,21,19,21,21,99,99,0,0,0,0,1,4,0,490140,1560,2009,0,COLUMBIA LN,99999999999999999999,0000000,40.25074167,-111.6680861,1,1
49,41,8,13,13,35,1,5,0,0,3,3,0,1,0,1,6,2,2,65,1,2,2,2,0,0,1,1,0,0,13,35,13,55,99,99,0,0,0,0,1,5,0,490141,0,2009,220,SR-24,99999999999999999999,0000000,38.69676389,-111.8744667,1,1
49,11,8,14,20,46,1,1,0,0,16,5,0,33,0,1,6,1,2,25,1,1,2,1,0,0,5,1,0,0,20,49,20,54,99,99,0,0,0,0,1,6,1,490142,260,2009,0,2300 S,99999999999999999999,0000000,41.07951389,-112.0298611,1,1
49,43,8,17,3,0,1,1,0,0,3,3,0,1,0,1,1,2,2,50,2,1,2,1,0,0,2,1,0,0,4,6,4,17,88,88,0,0,0,0,1,2,1,490143,0,2009,20,SR-35,99999999999999999999,0000000,40.60124722,-111.2464417,1,1
49,57,8,17,11,39,1,2,1,1,13,2,0,8,0,1,1,2,4,35,1,1,2,1,0,0,1,1,0,0,11,42,11,45,99,99,0,0,0,0,1,2,0,490144,1350,2009,0,US-89,99999999999999999999,0000000,41.22088889,-111.9705972,1,1
49,57,8,19,22,38,1,1,0,0,3,4,0,5,0,1,1,2,2,50,1,1,2,1,0,0,2,1,0,0,99,99,99,99,99,99,0,0,0,0,1,4,0,490145,9997,2009,99999,N OGDEN CANYON RD,99999999999999999999,0000000,41.33357778,-111.8640806,1,1
49,55,8,25,13,20,1,2,0,0,3,3,0,1,0,1,1,1,2,65,1,1,2,1,0,0,1,1,0,0,13,22,13,39,99,99,0,0,0,0,1,3,0,490146,0,2009,1251,SR-24,99999999999999999999,0000000,38.49390556,-110.6563556,1,1
49,57,8,30,20,20,1,3,0,0,3,3,0,1,0,1,1,1,2,30,2,2,2,1,0,0,2,1,0,0,20,20,20,27,99,99,0,0,0,0,1,1,0,490147,361,2009,71,SR-158,99999999999999999999,0000000,41.33583333,-111.8269167,1,1
49,5,8,31,20,42,1,2,0,0,3,3,0,35,0,1,6,2,2,55,2,1,2,1,0,0,2,1,0,0,20,45,20,51,99,99,0,0,0,0,1,2,1,490148,0,2009,161,SR-142,99999999999999999999,0000000,41.92373889,-111.822625,1,1
49,17,6,24,12,15,1,1,0,0,3,3,0,5,0,1,1,1,2,55,1,1,2,1,0,0,1,1,0,0,12,15,12,27,99,99,0,0,0,0,1,4,0,490149,0,2009,970,SR-12,99999999999999999999,0000000,38.01401667,-111.3739,1,1
49,35,6,22,16,8,1,2,1,1,13,2,0,9,0,1,2,3,6,35,1,1,2,1,0,0,1,1,0,0,16,8,99,99,99,99,0,0,0,0,1,2,0,490150,1700,2009,99999,US-89,99999999999999999999,0000000,40.74003889,-111.8884139,1,1
49,57,6,24,21,58,2,2,0,0,14,3,0,12,5,2,1,1,2,55,1,1,2,1,20,3,5,1,0,0,22,1,22,5,99,99,0,0,0,0,1,4,0,490151,9997,2009,99999,SR-126,3300 N,0000000,41.32158889,-112.03025,2,1
49,45,9,1,17,0,2,2,0,0,13,3,0,12,4,2,1,1,4,60,1,1,2,1,3,3,1,1,0,0,17,4,17,14,99,99,0,0,0,0,1,3,0,490152,9999,2009,99999,SR-36,2400 N,0000000,40.57295833,-112.2951222,2,1
49,21,9,11,17,5,2,7,0,1,1,1,0,12,11,1,1,2,2,75,1,1,2,1,0,0,1,1,0,0,17,11,17,22,99,99,0,0,0,0,1,6,0,490153,0,2009,531,I-15,99999999999999999999,0000000,37.62354444,-113.1384083,2,1
49,23,9,17,21,55,3,7,0,0,2,3,0,12,2,1,1,1,2,55,2,2,2,2,0,0,2,2,0,0,22,2,22,7,99,99,0,14,0,0,1,5,0,490154,0,2009,398,SR-132,99999999999999999999,0000000,39.71748611,-111.7494972,3,2
49,57,9,20,15,15,2,3,0,0,13,3,0,12,1,2,1,1,2,55,1,1,2,1,0,0,1,1,0,0,15,20,15,32,88,88,0,0,0,0,1,1,0,490155,1350,2009,99999,SR-39,EVERGREEN PARK ST,0000000,41.30031389,-111.6188611,2,1
49,35,9,7,13,26,1,1,0,0,16,5,0,33,0,1,6,1,2,40,1,1,2,1,0,0,1,1,0,0,13,46,13,50,88,88,0,0,0,0,1,2,1,490156,344,2009,0,HIGHLAND DR,99999999999999999999,0000000,40.48971667,-111.876525,1,1
49,35,9,6,23,0,1,1,0,1,11,1,0,1,0,1,6,3,3,65,1,1,1,1,0,0,3,1,0,0,23,18,23,26,99,99,0,0,0,0,1,1,0,490157,1240,2009,98,I-215,99999999999999999999,0000000,40.63128056,-111.8820194,1,1
49,35,9,9,6,31,1,2,1,0,16,5,0,8,0,2,1,1,4,40,1,1,2,1,3,3,3,1,0,0,6,32,6,35,99,99,0,0,0,0,1,4,0,490158,1710,2009,0,11400 S,1000 E,0000000,40.54442778,-111.8628361,1,1
49,21,9,18,5,42,1,2,0,1,1,1,0,28,0,1,6,2,2,75,1,2,2,1,0,0,2,1,0,0,5,47,5,59,88,88,0,0,0,0,2,6,0,490159,0,2009,703,I-15,99999999999999999999,0000000,37.79605,-112.95735,1,1
49,11,9,11,22,22,1,4,0,0,16,5,0,1,0,1,1,1,2,25,2,2,5,1,0,0,2,1,0,0,22,53,23,14,88,88,0,0,0,0,1,6,0,490160,0,2009,0,SKYLINE DR,99999999999999999999,0000000,40.89839722,-111.8483722,1,1
49,13,9,25,21,42,1,2,0,0,6,5,0,34,0,1,4,1,2,35,2,1,2,1,0,0,2,1,0,0,21,42,21,57,88,88,0,0,0,0,1,6,1,490161,0,2009,0,STATE ST,99999999999999999999,0000000,40.26420278,-109.9917694,1,1
49,43,9,19,6,8,2,4,0,1,2,2,0,12,5,1,1,2,2,65,1,1,1,1,0,0,2,1,0,0,6,8,6,17,88,88,0,0,0,0,2,7,0,490162,0,2009,20,US-40,99999999999999999999,0000000,40.72091667,-111.4893861,2,1
49,5,8,12,17,38,2,2,0,0,3,3,0,12,2,1,1,1,2,55,1,2,2,1,0,0,1,1,0,0,17,43,17,52,99,99,0,0,0,0,1,4,0,490163,0,2009,1028,SR-30,99999999999999999999,0000000,41.74851944,-111.9688806,2,1
49,57,10,1,11,3,2,15,0,1,12,2,0,12,5,2,1,1,4,55,1,1,2,1,3,3,1,1,0,0,11,4,11,9,99,99,0,0,0,0,1,5,0,490164,1810,2009,99999,US-89,SKYLINE DR,0000000,41.15209722,-111.9360917,2,1
49,15,10,11,8,15,2,2,0,1,2,2,0,12,2,1,1,1,2,65,1,1,2,1,0,0,1,1,0,0,8,19,8,47,99,99,0,0,0,0,1,1,1,490165,0,2009,2745,US-6,99999999999999999999,0000000,39.33589167,-110.3727722,2,1
49,35,10,12,7,1,3,4,1,1,11,1,0,12,1,1,1,3,6,65,1,1,1,1,0,0,4,1,0,0,7,1,7,8,99,99,0,23,0,0,1,2,0,490166,1240,2009,3013,I-15,99999999999999999999,0000000,40.66983333,-111.9015028,3,1
49,5,10,16,22,24,3,6,0,1,13,2,0,12,5,2,1,1,4,45,1,1,2,1,20,3,3,1,0,0,99,99,99,99,99,99,0,0,0,0,1,6,0,490167,990,2009,99999,US-89/91,100 W,0000000,41.71434722,-111.8371722,3,1
49,35,10,25,19,33,1,2,1,1,11,1,0,18,0,1,1,3,4,55,1,2,1,1,0,0,3,1,0,1,19,37,19,47,99,99,0,3,0,0,1,1,0,490168,2113,2009,96,I-215,99999999999999999999,0000000,40.69801389,-111.9526139,1,1
49,35,5,10,1,44,1,2,0,0,16,5,0,1,0,1,1,3,2,40,2,2,2,1,0,0,2,1,0,0,1,45,1,51,99,99,0,0,0,0,1,1,1,490169,311,2009,0,HIGHLAND DR,99999999999999999999,0000000,40.61193333,-111.8322361,1,1
49,23,7,10,11,52,2,3,0,0,3,4,0,12,1,1,1,1,2,55,1,1,2,1,0,0,1,1,0,0,11,52,12,3,99,99,0,0,0,0,1,6,0,490170,0,2009,0,OLD HIGHWAY 91,99999999999999999999,0000000,39.79455556,-111.8511194,2,1
49,5,8,25,20,38,2,2,0,0,3,2,0,12,5,2,1,2,2,55,1,1,2,1,3,3,5,1,0,0,20,42,20,45,99,99,0,0,0,0,1,3,0,490171,770,2009,99999,US-91,HYDE PARK LN,0000000,41.80036667,-111.8336972,2,1
49,27,8,23,17,7,1,2,0,0,3,3,0,1,0,1,1,1,2,65,1,2,2,1,0,0,1,1,0,0,17,7,17,54,99,99,0,0,0,0,1,1,1,490172,0,2009,230,SR-21,99999999999999999999,0000000,38.69676389,-113.9069361,1,1
49,35,8,27,4,40,2,2,0,1,13,3,0,12,5,2,1,3,3,55,1,1,2,1,0,0,3,1,0,0,4,40,4,47,88,88,0,0,0,0,1,5,1,490173,2100,2009,0,SR-154,SR-209,0000000,40.58795,-111.9772694,2,1
49,57,7,31,17,24,2,3,0,1,11,1,0,14,1,1,2,2,2,65,2,1,1,1,0,0,1,1,0,0,17,24,17,31,99,99,0,0,0,0,1,6,0,490174,1610,2009,827,I-84,99999999999999999999,0000000,41.15503889,-111.9853583,1,1
49,49,8,30,7,30,1,4,0,0,6,5,0,25,0,1,5,3,2,40,2,1,2,1,0,0,2,1,0,0,7,36,8,0,88,88,0,0,0,0,4,1,1,490175,0,2009,0,EMMA PARK RD,99999999999999999999,0000000,39.82693056,-110.943375,1,1
49,45,9,28,16,48,1,6,0,1,1,1,0,1,0,1,2,3,2,75,1,1,1,1,0,0,1,1,0,0,16,50,17,0,99,99,0,0,0,0,1,2,0,490176,0,2009,1007,I-80,99999999999999999999,0000000,40.71646111,-112.2377028,1,1
49,57,9,9,19,11,1,1,0,0,16,5,0,25,0,1,6,3,2,25,2,1,2,1,0,0,1,1,0,0,99,99,99,99,99,99,0,0,0,0,1,4,0,490177,1810,2009,0,ADAMS AVE,99999999999999999999,0000000,41.18065556,-111.96845,1,1
49,49,10,9,10,8,1,1,0,1,11,1,0,5,0,1,6,3,2,65,1,1,2,1,0,0,1,1,0,1,10,8,10,28,99,99,0,0,0,0,1,6,0,490178,1840,2009,2567,I-15,99999999999999999999,0000000,40.10377778,-111.6834917,1,1
49,25,10,1,0,10,1,2,0,1,2,2,0,24,0,1,4,2,2,65,2,1,2,1,0,0,2,1,0,0,0,10,0,20,99,99,0,0,0,0,1,5,1,490179,0,2009,258,US-89,99999999999999999999,0000000,37.12952778,-111.9772917,1,1
49,11,9,22,20,0,1,5,1,0,16,5,0,9,0,2,1,1,2,25,2,1,2,1,20,3,3,1,0,0,20,1,20,5,99,99,0,0,0,0,1,3,0,490180,210,2009,0,CHASE LANE,400 W,0000000,40.92914167,-111.885625,1,1
49,43,10,8,0,8,1,1,0,1,1,1,0,25,0,1,6,3,2,65,2,2,2,1,0,0,2,1,0,0,99,99,99,99,99,99,0,0,0,0,1,5,1,490181,0,2009,1494,I-80,99999999999999999999,0000000,40.76679444,-111.4694306,1,1
49,23,10,27,1,48,1,1,0,1,1,1,0,1,0,1,3,2,2,80,1,2,2,1,0,0,2,1,0,0,1,48,2,0,99,99,0,0,0,0,1,3,1,490182,0,2009,2061,I-15,99999999999999999999,0000000,39.46686111,-111.9972472,1,1
49,53,9,23,21,6,1,2,0,1,1,1,0,1,0,1,6,2,2,75,2,1,2,1,0,0,2,1,0,0,21,8,21,32,99,99,0,0,0,0,1,4,1,490183,0,2009,253,I-15,99999999999999999999,0000000,37.26865833,-113.3212722,1,1
49,35,9,19,22,45,2,3,0,0,16,5,0,12,5,2,1,1,2,40,1,1,2,2,3,3,2,1,0,0,22,45,22,49,99,99,0,0,0,0,1,7,1,490184,311,2009,0,1300 E,FT UNION BLVD,0000000,40.62615278,-111.8549167,2,1
49,57,9,28,15,2,2,6,0,0,15,3,0,12,5,2,1,2,3,40,1,1,2,1,3,3,1,1,0,0,15,4,15,10,99,99,0,0,0,0,1,2,0,490185,1350,2009,0,SR-204,SR-79,0000000,41.21043056,-111.9792639,2,1
49,57,10,21,18,2,2,2,0,0,13,3,0,12,5,4,1,2,2,55,1,1,2,1,0,0,1,1,0,0,18,5,18,7,99,99,0,0,0,0,1,4,0,490186,1310,2009,99999,SR-134,99999999999999999999,0000000,41.30595556,-111.9711972,2,1
49,35,10,2,4,41,1,2,0,0,13,3,0,1,0,1,6,1,2,60,1,2,2,1,0,0,2,1,0,0,4,41,4,53,99,99,0,0,0,0,1,6,0,490187,2113,2009,99999,SR-111,99999999999999999999,0000000,40.63766389,-112.0581444,1,1
49,47,10,16,15,29,2,4,0,1,2,2,0,12,2,3,1,1,2,55,1,1,2,1,0,0,1,1,0,0,15,42,15,55,99,99,0,0,0,0,1,6,0,490188,0,2009,1550,US-40,7750 E,0000000,40.36943611,-109.3795389,2,1
49,17,10,11,17,24,2,4,0,1,2,2,0,12,5,2,1,1,2,55,2,2,2,1,20,3,1,1,0,0,17,24,17,32,99,99,0,0,0,0,1,1,0,490189,0,2009,1259,US-89,SR-12,0000000,37.74969722,-112.3769833,2,1
49,19,10,11,8,30,1,3,0,0,2,7,0,1,0,1,4,1,2,30,2,1,2,1,0,0,1,1,0,0,8,55,9,2,99,99,0,0,0,0,1,1,1,490190,0,2009,0,FRONTAGE RD I-70,99999999999999999999,0000000,38.96114444,-110.0937806,1,1
49,35,10,17,19,8,2,2,0,0,14,3,0,12,5,2,1,2,3,40,1,1,2,1,20,3,5,1,0,0,19,9,19,13,88,88,0,0,0,0,1,7,1,490191,2113,2009,0,SR-68,3395 S,0000000,40.69869722,-111.9391389,2,1
49,41,10,20,13,30,1,1,0,0,3,3,0,17,0,1,6,1,2,65,2,2,2,2,0,0,1,2,0,0,88,88,88,88,88,88,0,0,0,0,1,3,0,490192,0,2009,198,SR-24,99999999999999999999,0000000,38.71230278,-111.8954083,1,2
49,53,10,20,18,5,2,2,0,0,16,5,0,12,5,2,1,1,2,35,1,1,2,1,20,3,5,1,0,0,18,6,18,11,99,99,0,0,0,0,1,3,0,490193,1670,2009,0,700 S,1189 E,0000000,37.09626389,-113.5590528,2,1
49,35,10,23,22,40,1,2,1,1,13,3,0,8,0,2,1,2,3,50,1,1,1,1,3,3,3,1,0,0,22,43,22,46,99,99,0,19,0,0,1,6,1,490194,2113,2009,0,SR-154,SR-266,0000000,40.66813889,-111.9817111,1,1
49,11,11,1,16,27,1,4,0,1,11,1,0,1,0,1,3,2,4,65,1,1,1,1,0,0,1,1,0,0,16,29,16,36,99,99,0,0,0,0,1,1,0,490195,260,2009,3350,I-15,99999999999999999999,0000000,41.12578889,-112.0251833,1,1
49,57,11,10,15,0,1,2,0,1,11,1,0,1,0,1,4,3,2,45,2,1,2,1,0,0,1,1,0,0,15,1,15,8,88,88,0,0,0,0,1,3,0,490196,1610,2009,808,I-84,99999999999999999999,0000000,41.17823333,-112.0114944,1,1
49,13,11,10,11,30,1,2,1,0,6,5,0,8,0,1,5,1,2,35,1,1,2,1,0,0,1,1,0,0,11,30,11,41,99,99,0,0,0,0,1,3,0,490197,1640,2009,0,STATE ST,99999999999999999999,0000000,40.27605556,-109.9918139,1,1
49,21,11,12,19,32,1,5,0,1,1,1,0,1,0,1,3,2,2,75,1,1,2,1,0,0,5,1,0,0,99,99,99,99,99,99,0,0,0,0,2,5,0,490198,0,2009,480,I-15,99999999999999999999,0000000,37.55971667,-113.1905083,1,1
49,49,11,11,10,30,2,4,0,0,3,3,0,12,2,1,1,1,2,55,1,3,2,1,0,0,1,1,0,0,10,38,10,47,99,99,0,0,0,0,1,4,0,490199,0,2009,177,SR-68,99999999999999999999,0000000,40.2051,-111.8984972,2,1
49,49,11,14,8,36,1,3,0,1,2,2,0,37,0,1,6,2,2,60,2,1,2,3,0,0,1,4,0,0,88,88,88,88,88,88,0,0,0,0,1,7,0,490200,0,2009,1930,US-6,99999999999999999999,0000000,39.98882778,-111.3689222,1,4
49,35,11,13,12,50,2,3,0,1,11,1,0,25,0,1,4,3,5,55,1,1,1,1,0,0,1,1,0,0,12,53,13,1,99,99,0,0,0,0,1,6,0,490201,1710,2009,2965,I-15,99999999999999999999,0000000,40.60059444,-111.9041639,2,1
49,35,11,19,20,25,1,2,0,0,16,5,0,5,0,2,1,1,2,35,1,2,2,1,0,0,3,1,0,0,20,26,20,31,99,99,0,0,0,0,1,5,0,490202,1700,2009,0,MARIO CAPECCHI DR,NORTH CAMPUS DR,0000000,40.77303333,-111.8407778,1,1
49,21,11,23,13,30,1,1,0,0,3,3,0,25,0,1,6,3,2,50,2,2,2,1,0,0,1,1,0,0,99,99,99,99,88,88,0,0,0,0,1,2,1,490203,0,2009,86,SR-14,99999999999999999999,0000000,37.62959444,-112.9361917,1,1
49,47,11,20,19,24,2,4,0,1,2,2,0,12,2,1,1,5,2,45,1,1,2,1,0,0,3,1,0,0,99,99,99,99,99,99,0,0,0,0,1,6,0,490204,2010,2009,99999,US-40,99999999999999999999,0000000,40.44596667,-109.5566083,2,1
49,5,11,24,15,45,2,3,0,0,13,2,0,12,5,2,1,5,3,55,1,1,2,1,3,3,1,1,0,0,15,46,15,53,99,99,0,0,0,0,1,3,0,490205,1300,2009,298,US-91,2500 N,0000000,41.77796944,-111.8342972,2,1
49,35,11,30,19,23,1,2,1,1,13,3,0,8,0,2,1,5,4,35,1,1,2,1,0,0,1,1,0,0,99,99,99,99,99,99,0,0,0,0,1,2,0,490206,1820,2009,0,SR-171,WASHINGTON ST,0000000,40.70016111,-111.8978111,1,1
49,37,12,7,15,30,1,1,0,0,3,3,0,34,0,1,6,1,2,65,2,1,2,2,0,0,1,2,0,0,15,30,15,55,88,88,0,0,0,0,1,2,1,490207,0,2009,279,SR-163,99999999999999999999,0000000,37.23583056,-109.8134139,1,2
49,43,12,8,9,44,1,2,0,1,1,1,0,1,0,1,6,2,2,65,1,1,2,3,0,0,1,4,0,0,9,44,10,0,99,99,0,0,0,0,1,3,0,490208,0,2009,1953,I-80,99999999999999999999,0000000,41.24096389,-111.0740944,1,4
49,49,12,3,8,15,1,4,3,0,16,5,0,8,0,2,1,2,3,35,1,1,2,1,2,3,1,1,0,0,8,17,8,21,99,99,0,0,0,0,1,5,0,490209,1390,2009,0,1600 N,800 W,0000000,40.32658889,-111.7154222,1,1
49,53,12,6,0,25,1,4,0,0,16,5,0,5,0,1,1,1,2,25,1,1,2,1,0,0,2,1,0,0,0,27,0,36,99,99,0,0,0,0,1,1,0,490210,1670,2009,0,390 N,99999999999999999999,0000000,37.11507222,-113.5339389,1,1
49,19,12,14,20,52,1,1,0,0,3,3,0,1,0,1,6,1,2,35,2,1,2,4,0,0,2,1,0,0,20,56,21,38,99,99,0,0,0,0,1,2,1,490211,0,2009,286,SR-128,99999999999999999999,0000000,38.79797778,-109.3194583,1,1
49,19,12,22,12,13,1,1,0,1,1,1,0,1,0,1,4,2,2,75,1,1,2,3,0,0,1,4,0,0,12,13,12,41,88,88,0,0,0,0,1,3,0,490212,0,2009,1916,I-70,99999999999999999999,0000000,38.94412222,-109.64055,1,4
49,11,12,1,17,32,4,4,0,1,13,2,0,12,7,1,1,5,4,55,1,2,2,1,0,0,5,1,0,0,17,33,17,38,99,99,0,0,0,0,1,3,0,490213,860,2009,3990,US-89,99999999999999999999,0000000,41.04071389,-111.9097861,4,1
49,57,12,11,20,1,4,6,0,1,13,2,0,12,5,1,1,5,4,45,2,1,2,3,0,0,2,4,0,0,20,4,20,10,99,99,0,14,0,0,1,6,0,490214,638,2009,4180,US-89,99999999999999999999,0000000,41.27374167,-111.9804667,4,4
49,35,12,29,9,56,5,8,2,1,11,1,0,12,7,1,1,3,3,65,1,2,1,3,0,0,1,4,0,0,9,58,9,58,99,99,0,19,0,0,1,3,0,490215,1700,2009,1151,I-80,99999999999999999999,0000000,40.76603056,-111.9361778,5,4
49,55,12,22,17,55,1,1,0,0,3,3,0,27,0,1,6,1,2,45,2,1,2,4,0,0,2,4,0,0,17,59,18,34,99,99,0,0,0,0,1,3,0,490216,0,2009,870,SR-24,99999999999999999999,0000000,38.26945278,-111.0813917,1,4
49,1,12,30,12,30,2,4,0,1,1,1,0,12,5,1,1,2,2,75,1,1,2,2,0,0,1,1,0,0,12,34,12,37,99,99,0,0,0,0,2,4,0,490217,90,2009,1121,I-15,99999999999999999999,0000000,38.29665556,-112.6517389,2,1
49,35,12,22,20,35,2,2,0,0,14,5,0,14,1,1,5,1,2,40,1,1,2,3,0,0,2,4,0,0,20,38,20,42,99,99,0,0,0,0,1,3,0,490218,2113,2009,0,4700 S,99999999999999999999,0000000,40.66771667,-111.9859611,1,4
50,15,1,2,22,30,1,3,0,0,4,3,0,30,0,1,4,1,2,50,2,2,2,4,0,0,2,4,0,0,22,32,22,41,23,26,0,0,0,0,1,6,0,500001,140,2009,50,SR-108,99999999999999999999,0000000,44.59833889,-72.80684444,1,4
50,25,1,15,21,58,1,2,0,0,6,5,0,42,0,1,4,1,2,30,1,1,1,1,0,0,3,1,0,0,21,58,22,13,23,42,0,0,0,0,1,5,1,500003,296,2009,99999,TH-2,99999999999999999999,0000000,43.19055833,-72.81261389,1,1
50,23,2,25,16,55,2,2,0,0,3,3,0,12,4,1,1,1,3,55,2,2,2,4,0,0,1,1,0,0,16,46,17,4,17,28,0,0,0,0,1,4,0,500004,71,2009,8,SR-63,99999999999999999999,0000000,44.16706944,-72.56181944,2,1
50,23,3,8,99,99,1,1,0,0,4,5,0,48,0,1,2,1,2,35,2,1,2,2,0,0,2,1,0,0,7,48,8,15,88,88,0,0,0,0,1,1,1,500005,675,2009,50,FAS-188,99999999999999999999,0000000,44.110575,-72.843825,1,1
50,11,3,8,20,32,1,1,0,0,6,5,0,42,0,1,4,1,2,30,2,1,2,1,0,0,2,1,0,0,20,34,20,34,20,55,0,0,0,0,1,1,0,500006,590,2009,99999,TH-3,99999999999999999999,0000000,44.80860556,-73.15413611,1,1
50,5,3,28,21,25,1,1,0,0,4,3,0,42,0,1,4,1,2,50,2,1,2,1,0,0,2,1,0,0,21,31,21,44,88,88,0,0,0,0,1,7,1,500007,184,2009,47,SR-114,99999999999999999999,0000000,44.634775,-71.89791111,1,1
50,17,4,3,14,34,2,2,0,1,1,1,0,12,2,1,1,3,2,65,1,2,2,2,0,0,1,2,0,0,14,37,14,47,15,24,0,0,0,0,1,6,0,500008,764,2009,435,I-89,99999999999999999999,0000000,44.12245278,-72.60373333,2,2
50,11,4,3,14,44,2,4,0,0,4,3,0,12,2,1,1,1,2,50,2,1,2,1,0,0,1,1,0,0,14,39,14,53,15,47,0,0,0,0,1,6,1,500009,373,2009,70,SR-118,99999999999999999999,0000000,44.89313611,-72.62227778,2,1
50,11,4,18,99,99,1,1,0,0,6,5,0,42,0,1,5,1,2,50,2,2,4,9,0,0,2,9,0,0,7,26,7,50,88,88,0,22,0,0,1,7,1,500010,35,2009,99999,TH-2,99999999999999999999,0000000,44.81199722,-72.74544167,1,9
50,11,4,24,16,23,1,1,0,0,4,3,0,34,0,1,2,1,2,50,2,2,2,1,0,0,1,1,0,0,16,23,16,28,16,42,0,99,99,99,1,6,1,500011,207,2009,74,SR-104,99999999999999999999,0000000,44.68965556,-73.03290833,1,1