STATE,COUNTY,MONTH,DAY,HOUR,MINUTE,VE_TOTAL,PERSONS,PEDS,NHS,ROAD_FNC,ROUTE,SP_JUR,HARM_EV,MAN_COLL,REL_JUNC,REL_ROAD,TRAF_FLO,NO_LANES,SP_LIMIT,ALIGNMNT,PROFILE,PAVE_TYP,SUR_COND,TRA_CONT,T_CONT_F,LGT_COND,WEATHER1,WEATHER2,WRK_ZONE,NOT_HOUR,NOT_MIN,ARR_HOUR,ARR_MIN,HOSP_HR,HOSP_MN,SCH_BUS,CF1,CF2,CF3,FATALS,DAY_WEEK,DRUNK_DR,ST_CASE,CITY,YEAR,MILEPT,TWAY_ID,TWAY_ID2,RAIL,LATITUDE,LONGITUD,VE_FORMS,WEATHER
50,23,5,1,16,34,2,2,0,0,3,3,0,12,2,1,2,1,2,50,2,2,2,1,0,0,1,1,0,0,16,31,16,39,17,17,0,0,0,0,1,6,0,500012,187,2009,18,SR-14,99999999999999999999,0000000,44.25981667,-72.48746111,2,1
50,7,4,3,23,4,1,2,1,1,13,2,0,8,0,2,1,1,4,35,1,1,2,2,2,3,2,5,0,0,23,4,23,11,23,29,0,0,0,0,1,6,0,500013,620,2009,11,US-7,FAYETTE RD,0000000,44.43722222,-73.21043333,1,5
50,25,5,2,0,15,1,1,0,1,1,1,0,35,0,1,4,2,2,65,1,1,2,1,0,0,2,1,0,0,0,17,0,22,1,13,0,0,0,0,1,7,1,500014,730,2009,272,I-91,99999999999999999999,0000000,43.07396667,-72.46716111,1,1
50,25,5,2,6,0,1,1,0,1,11,1,0,27,0,1,3,2,2,65,1,1,2,1,0,0,4,1,0,0,6,1,6,4,88,88,0,0,0,0,1,7,1,500015,100,2009,108,I-91,99999999999999999999,0000000,42.87656944,-72.56801944,1,1
50,21,5,10,15,13,1,2,0,0,6,5,0,35,0,1,4,1,2,35,2,2,2,1,0,0,1,1,0,0,15,13,15,17,16,10,0,0,0,0,1,1,0,500016,90,2009,99999,TH-5,99999999999999999999,0000000,43.77537778,-73.10090833,1,1
50,15,5,16,99,99,1,1,0,0,6,5,0,42,0,1,5,1,2,50,1,2,2,1,0,0,9,1,0,0,7,54,8,12,88,88,0,0,0,0,1,7,1,500017,250,2009,99999,TH-1,99999999999999999999,0000000,44.61130278,-72.59081944,1,1
50,5,5,24,22,35,1,1,0,1,1,1,0,11,0,1,1,2,2,65,1,2,2,1,0,0,2,1,0,0,22,36,22,45,88,88,0,0,0,0,1,1,0,500018,747,2009,1442,I-91,99999999999999999999,0000000,44.59166389,-72.08771389,1,1
50,7,5,25,11,29,1,2,0,0,4,3,0,1,0,1,1,1,2,35,2,2,2,1,0,0,1,1,0,0,11,30,11,52,12,56,0,0,0,0,1,2,0,500019,9997,2009,11,SR-17,99999999999999999999,0000000,44.21956667,-72.94873056,1,1
50,11,5,25,19,18,1,1,0,0,4,3,0,32,0,1,4,1,2,50,2,2,2,1,0,0,1,1,0,0,19,17,19,30,20,13,0,0,0,0,1,2,1,500020,373,2009,44,SR-118,99999999999999999999,0000000,44.864825,-72.610025,1,1
50,3,5,29,23,7,2,2,0,1,12,3,0,12,2,1,1,1,2,50,2,2,2,1,40,3,2,1,0,0,23,7,23,7,0,28,0,0,0,0,1,6,1,500021,70,2009,1,SR-9,99999999999999999999,0000000,42.8735,-73.27596667,2,1
50,3,6,1,17,3,2,4,0,1,2,2,0,12,2,1,1,1,3,55,2,2,2,1,0,0,1,1,0,0,17,3,17,15,18,19,0,0,0,0,1,2,0,500022,645,2009,66,US-7,99999999999999999999,0000000,43.11345,-73.08716667,2,1
50,7,6,8,8,15,2,2,0,1,2,2,0,12,2,1,2,1,2,50,1,1,2,1,0,0,1,1,0,0,8,24,8,34,9,7,0,0,0,0,1,2,0,500023,75,2009,48,US-2,99999999999999999999,0000000,44.362375,-72.83657222,2,1
50,21,6,12,7,5,3,3,0,1,2,3,0,12,4,1,2,1,2,50,1,1,2,2,0,0,1,2,0,0,7,5,7,21,88,88,0,0,0,0,1,6,0,500024,395,2009,44,SR-103,99999999999999999999,0000000,43.45170833,-72.81069722,3,2
50,11,6,1,8,43,2,2,0,1,4,2,0,12,5,2,1,1,2,50,1,1,2,1,20,3,1,1,0,0,8,47,8,50,9,13,0,0,0,0,1,2,0,500025,590,2009,28,US-7,JEWETT AVENUE,0000000,44.84753611,-73.08786389,2,1
50,27,6,13,16,17,1,1,0,0,3,3,0,1,0,1,1,1,2,50,1,1,2,1,0,0,1,1,0,0,16,25,16,44,17,29,0,0,0,0,1,7,0,500026,638,2009,42,SR-100,99999999999999999999,0000000,43.79761389,-72.76913889,1,1
50,3,6,15,15,33,2,5,0,1,2,3,0,12,5,2,1,1,2,50,1,2,2,2,0,0,1,1,0,0,15,33,15,37,16,2,0,0,0,0,1,2,0,500027,70,2009,10,SR-9,TH-42,0000000,42.87744444,-73.25883333,2,1
50,21,6,18,15,59,2,2,0,0,3,3,0,12,4,1,1,1,2,50,2,1,2,2,40,3,1,1,0,0,16,2,16,9,17,8,0,0,0,0,1,5,0,500028,475,2009,8,SR-30,99999999999999999999,0000000,43.325575,-73.17143056,2,1
50,23,6,19,17,57,2,6,0,0,12,3,0,12,2,1,1,1,3,50,1,2,2,2,0,0,1,2,0,0,17,59,18,6,18,29,0,0,0,0,2,6,0,500029,71,2009,23,SR-62,99999999999999999999,0000000,44.21728889,-72.54434444,2,2
50,23,6,23,2,3,1,5,0,1,2,2,0,18,0,1,5,1,2,30,2,1,2,1,0,0,3,1,0,0,2,8,2,28,2,58,0,0,0,0,1,3,1,500030,500,2009,12,US-2,99999999999999999999,0000000,44.27806389,-72.42777222,1,1
50,17,6,25,16,7,2,3,0,0,4,3,0,12,4,2,1,1,2,45,2,1,2,1,0,0,1,1,0,0,16,11,16,17,17,5,0,0,0,0,1,5,0,500031,662,2009,63,SR-110,TH-7,0000000,43.93030556,-72.46630833,2,1
50,21,7,12,18,32,3,9,0,1,2,2,0,12,2,1,1,1,2,50,1,2,2,1,0,0,5,1,0,0,18,32,18,42,20,3,0,0,0,0,2,1,1,500032,90,2009,60,US-7,99999999999999999999,0000000,43.82351667,-73.10413611,3,1
50,21,7,22,9,20,2,2,0,1,2,2,0,12,5,2,1,2,2,55,1,1,2,1,3,3,1,1,0,0,9,21,9,28,10,20,0,0,0,0,1,4,0,500033,151,2009,33,US-7,TH-19,0000000,43.54120833,-72.95849167,2,1
50,1,7,17,15,6,1,1,0,0,6,5,0,34,0,2,4,1,2,40,2,2,2,1,99,9,1,1,0,0,15,5,15,10,15,43,0,0,0,0,1,6,0,500034,360,2009,99999,TH-10,TH-22,0000000,43.96459444,-73.13496667,1,1
50,1,8,1,12,57,2,4,0,0,3,3,0,12,2,1,1,1,2,50,1,1,2,1,0,0,1,1,0,0,13,9,13,13,13,35,0,0,0,0,1,7,0,500035,106,2009,22,SR-22A,99999999999999999999,0000000,43.97245833,-73.31089722,2,1
50,27,8,1,14,35,1,2,0,1,1,1,0,24,0,1,4,3,2,65,2,1,2,1,0,0,1,1,0,0,14,36,14,40,15,40,0,0,0,0,1,7,0,500036,608,2009,143,I-89,99999999999999999999,0000000,43.78271111,-72.47120833,1,1
50,27,8,1,16,51,2,2,0,1,1,1,0,12,1,1,1,3,2,65,1,1,2,1,0,0,1,1,0,0,16,53,17,6,17,30,0,0,0,0,1,7,1,500037,457,2009,814,I-91,99999999999999999999,0000000,43.77450833,-72.22278333,2,1
50,23,8,3,17,55,2,7,0,1,2,2,0,12,1,1,1,1,2,40,2,2,2,1,0,0,1,1,0,0,17,58,18,3,18,27,0,0,0,0,1,2,0,500038,500,2009,7,US-2,99999999999999999999,0000000,44.27803889,-72.43727778,2,1
50,3,8,5,14,25,2,2,0,1,2,3,0,12,2,1,1,1,2,50,1,2,2,1,0,0,1,1,0,0,14,25,14,30,14,58,0,0,0,0,1,4,0,500039,70,2009,21,SR-9,99999999999999999999,0000000,42.87763056,-73.25187222,2,1
50,3,8,5,22,37,1,1,0,0,6,5,0,27,0,2,4,1,2,35,2,1,4,1,0,0,2,1,0,0,22,37,22,39,88,88,0,0,0,0,1,4,1,500040,784,2009,99999,TH-41,TH-31,0000000,43.13714722,-72.87478333,1,1
50,19,8,18,18,40,1,3,2,0,6,5,0,8,0,1,4,1,2,25,2,2,2,1,0,0,1,1,0,0,18,51,19,6,19,20,0,0,0,0,1,3,1,500041,440,2009,99999,TH-42,99999999999999999999,0000000,44.99592222,-72.41071667,1,1
50,21,8,19,15,27,2,3,0,1,2,2,0,12,5,1,1,1,3,50,1,2,2,2,0,0,1,2,0,0,15,27,15,41,16,40,0,0,0,0,2,4,0,500042,355,2009,45,US-4,99999999999999999999,0000000,43.65889444,-72.87013611,2,2
50,19,8,30,13,11,1,1,0,0,6,5,0,30,0,1,4,1,2,50,2,2,4,1,0,0,1,1,0,0,13,15,13,29,88,88,0,22,0,0,1,1,0,500043,713,2009,99999,TH-5,99999999999999999999,0000000,44.89725833,-72.06426944,1,1
50,19,8,31,99,99,1,1,0,0,6,5,0,41,0,1,4,1,2,50,2,1,2,9,0,0,2,9,0,0,8,52,9,12,88,88,0,99,99,99,1,2,1,500044,9997,2009,99999,TH-4,99999999999999999999,0000000,44.76899722,-72.08470278,1,9
50,11,9,17,3,21,1,1,0,0,4,3,0,38,0,1,4,1,2,50,2,2,2,1,0,0,2,1,0,0,3,28,3,36,88,88,0,0,0,0,1,5,1,500045,243,2009,56,SR-78,99999999999999999999,0000000,44.93942222,-73.00011111,1,1
50,3,9,17,18,46,1,2,0,1,2,2,0,42,0,1,5,1,3,55,1,2,2,1,0,0,1,1,0,0,18,46,19,5,19,59,0,0,0,0,1,5,0,500046,330,2009,8,US-7,99999999999999999999,0000000,43.12815278,-73.06795,1,1
50,11,9,18,14,30,2,2,0,0,4,3,0,12,2,1,1,1,2,50,2,1,2,2,0,0,1,2,0,0,14,41,14,56,15,50,0,0,0,0,1,6,0,500047,373,2009,3,SR-118,99999999999999999999,0000000,44.80360556,-72.62424444,2,2
50,7,9,17,13,44,2,5,4,0,19,2,0,14,1,2,4,1,2,40,2,1,2,1,3,9,1,1,0,0,13,43,13,51,14,1,0,15,0,0,1,5,0,500048,765,2009,3,US-2,INDUSTRIAL AVENUE,0000000,44.45825278,-73.13104722,1,1
50,19,9,22,16,28,1,2,0,0,4,3,0,42,0,1,4,1,2,50,1,1,2,1,0,0,1,1,0,0,16,14,16,34,17,17,0,0,0,0,1,3,0,500049,9997,2009,1,SR-5A,99999999999999999999,0000000,44.83693889,-72.06392778,1,1
50,25,9,19,12,17,2,2,0,1,1,1,0,14,1,1,2,3,2,65,1,2,2,1,0,0,1,1,0,0,12,22,12,29,13,17,0,23,0,0,1,7,0,500050,9997,2009,166,I-91,99999999999999999999,0000000,42.94703056,-72.53340556,1,1
50,21,10,11,23,47,1,1,0,1,2,2,0,27,0,1,4,1,2,50,2,2,2,1,40,3,2,1,0,0,23,49,23,58,88,88,0,0,0,0,1,1,1,500051,490,2009,14,US-7,99999999999999999999,0000000,43.68680556,-72.99269444,1,1
50,21,10,17,4,21,1,1,0,0,3,3,0,42,0,1,5,1,2,50,1,2,2,1,0,0,2,1,0,0,4,34,4,37,88,88,0,0,0,0,1,7,1,500052,510,2009,54,SR-30,99999999999999999999,0000000,43.53053333,-73.22930556,1,1
50,1,10,7,10,15,1,1,0,0,3,3,0,42,0,1,4,1,2,50,1,1,2,1,0,0,1,1,0,0,10,18,10,26,11,40,0,0,0,0,1,4,0,500053,360,2009,24,SR-116,99999999999999999999,0000000,43.99908611,-73.10304167,1,1
50,25,11,6,9,33,1,1,0,0,6,5,0,1,0,1,5,1,2,35,2,2,4,5,0,0,1,1,0,0,9,36,9,52,10,26,0,3,0,0,1,6,0,500054,400,2009,99999,TH-1,99999999999999999999,0000000,43.00235833,-72.68839722,1,1
50,25,11,6,14,13,1,1,0,0,4,5,0,1,0,2,2,1,2,35,2,2,2,1,40,3,1,1,0,0,14,12,14,34,88,88,0,6,0,0,1,6,0,500055,178,2009,37,DOVER HILL ROAD,TAFT BROOK ROAD,0000000,42.94501111,-72.77357778,1,1
50,3,11,9,9,35,1,2,0,0,4,3,0,27,0,1,4,1,2,40,2,1,2,1,0,0,1,1,0,0,9,37,9,48,99,99,0,13,0,0,1,2,0,500056,578,2009,6,SR-315,99999999999999999999,0000000,43.26412222,-73.21328333,1,1
50,15,11,10,18,11,2,2,0,0,4,3,0,12,2,1,1,1,2,50,2,3,2,1,0,0,2,1,0,0,18,16,18,20,19,10,0,0,0,0,1,3,1,500057,290,2009,16,SR-100C,99999999999999999999,0000000,44.64385556,-72.64977222,2,1
50,21,11,21,19,27,1,2,0,0,6,5,0,36,0,1,4,1,2,25,1,2,5,1,0,0,2,1,0,0,19,22,19,39,88,88,0,0,0,0,1,7,1,500058,510,2009,99999,TH-11,99999999999999999999,0000000,43.47146389,-73.23528056,1,1
50,19,12,1,7,58,2,4,0,0,3,3,0,12,2,1,1,1,2,50,1,2,2,1,0,0,1,1,0,0,8,0,8,16,8,40,0,0,0,0,2,3,0,500059,661,2009,15,SR-100,99999999999999999999,0000000,44.91014167,-72.38614722,2,1
50,25,11,21,14,0,1,3,0,0,6,5,0,3,0,1,5,1,2,50,2,1,2,1,0,0,1,1,0,0,14,9,14,22,14,53,0,22,0,0,1,7,1,500060,672,2009,99999,TH-22,99999999999999999999,0000000,42.73406944,-72.50376389,1,1
50,1,12,8,8,48,2,2,0,1,2,2,0,12,4,2,1,1,2,50,1,2,2,3,0,0,1,4,0,0,8,53,9,10,10,0,0,0,0,0,1,3,0,500061,212,2009,63,US-7,LOREN LANE,0000000,44.24953333,-73.22889167,2,4
50,15,11,16,13,29,2,2,0,0,3,3,0,12,5,2,1,1,2,50,1,1,2,1,20,3,1,1,0,0,13,37,13,46,14,22,0,0,0,0,1,2,0,500062,791,2009,33,SR-15,GULF ROAD,0000000,44.55249444,-72.47578056,2,1
50,1,12,2,6,10,2,2,0,1,2,2,0,12,5,2,1,1,3,50,1,1,2,1,20,3,2,1,0,0,6,5,6,20,6,56,0,0,0,0,1,4,0,500063,402,2009,5,US-7,RIVER ROAD,0000000,44.05528611,-73.16748333,2,1
50,7,12,18,6,17,1,2,1,0,6,5,0,8,0,2,1,1,2,25,1,1,2,1,20,3,2,1,0,0,6,17,6,21,6,36,0,0,0,0,1,6,0,500064,790,2009,99999,SAINT PETER STREET,WEAVER STREET,0000000,44.49620556,-73.18704167,1,1
50,17,12,19,10,15,1,2,0,0,6,5,0,10,0,6,1,1,2,25,2,1,2,1,61,3,1,1,0,0,10,23,10,32,11,8,0,0,0,0,2,7,0,500065,540,2009,99999,SCHOOL STREET,99999999999999999999,247581K,43.92429722,-72.67613611,1,1
50,17,12,22,11,32,1,1,0,1,1,1,0,24,0,1,3,3,2,65,1,1,2,1,0,0,1,1,0,0,11,34,11,39,88,88,0,0,0,0,1,3,1,500066,655,2009,860,I-91,99999999999999999999,0000000,43.83671389,-72.20482778,1,1
50,15,12,24,20,30,1,2,0,0,6,5,0,42,0,1,4,1,2,35,2,3,4,3,0,0,2,1,0,0,20,42,20,54,21,48,0,0,0,0,1,5,1,500067,202,2009,99999,MARJORIE DRIVE,99999999999999999999,0000000,44.69446944,-72.52283056,1,1
50,1,12,27,18,39,2,8,1,0,4,5,0,8,0,1,5,1,2,50,2,2,2,4,0,0,2,5,0,0,18,41,19,11,19,40,0,23,0,0,1,1,0,500068,613,2009,27,FAS-160,99999999999999999999,0000000,43.87163333,-73.26348333,1,5
50,23,12,27,19,50,1,3,0,0,4,3,0,21,0,1,4,1,2,35,2,1,2,4,0,0,2,1,0,0,19,58,20,20,20,55,0,0,0,0,1,1,0,500069,577,2009,2,SR-12A,99999999999999999999,0000000,44.04083333,-72.74809444,1,1
50,27,12,29,18,46,1,1,0,0,6,5,0,1,0,1,6,1,2,50,2,1,2,4,0,0,2,1,0,0,18,39,18,48,19,28,0,22,0,0,1,3,1,500070,242,2009,99999,TH-273,99999999999999999999,0000000,43.65303056,-72.41795278,1,1
51,143,1,1,3,30,1,1,0,0,6,4,0,34,0,1,2,1,2,55,2,1,2,1,0,0,2,1,0,0,99,99,99,99,99,99,0,0,0,0,1,5,1,510001,0,2009,1710,RT 795,RT 797,0000000,36.98856944,-79.21108333,1,1
51,59,1,1,0,1,1,1,0,0,14,3,0,38,0,1,4,2,4,40,1,2,2,1,0,0,3,1,0,0,88,88,88,88,88,88,0,0,0,0,1,5,1,510002,0,2009,335,SR-288,99999999999999999999,0000000,38.998575,-77.37696667,1,1
51,59,1,3,2,15,1,2,0,0,15,4,0,42,0,1,6,2,2,35,2,2,2,1,0,0,2,1,0,0,99,99,99,99,99,99,0,0,0,0,1,7,0,510003,0,2009,13,FLEET DRIVE,99999999999999999999,0000000,38.77462778,-77.15603889,1,1
51,173,1,2,7,45,1,2,0,1,1,1,0,34,0,1,4,2,4,65,1,2,2,4,0,0,2,3,0,0,99,99,8,23,99,99,0,0,0,0,1,6,0,510004,0,2009,401,I-81,99999999999999999999,0000000,36.80945556,-81.61511389,1,3
51,11,1,5,13,40,2,2,0,1,2,2,0,12,4,10,1,1,4,60,1,1,2,1,20,3,1,1,0,0,99,99,99,99,99,99,0,0,0,0,1,2,0,510005,0,2009,222,US- 460,RT 703,0000000,37.36088056,-78.89762778,2,1
51,147,1,5,20,51,1,4,0,1,2,2,0,42,0,1,4,2,4,60,2,2,2,1,0,0,2,1,0,0,99,99,23,8,99,99,0,0,0,0,1,2,1,510006,0,2009,258,US- 460,99999999999999999999,0000000,37.3112,-78.45405556,1,1
51,810,1,9,15,42,2,2,0,0,3,2,0,12,4,1,1,1,2,55,2,2,2,1,0,0,1,1,0,0,99,99,99,99,99,99,0,0,0,0,1,6,0,510007,2540,2009,910,US- 340,99999999999999999999,0000000,38.87045278,-78.24977778,2,1
51,137,1,10,6,10,1,1,0,0,3,3,0,53,0,1,4,2,4,55,1,2,2,1,0,0,2,1,0,0,88,88,88,88,88,88,0,0,0,0,1,7,1,510008,0,2009,162,SR-64,99999999999999999999,0000000,38.27861667,-77.88688611,1,1
51,69,1,9,18,50,2,2,0,1,11,1,0,12,7,1,1,2,2,65,1,1,2,1,0,0,2,1,0,0,88,88,88,88,88,88,0,0,0,0,1,6,0,510009,0,2009,320,I-81,99999999999999999999,0000000,39.22374167,-78.13888611,2,1
51,175,1,9,18,30,2,2,0,1,2,2,0,12,4,11,1,2,4,35,1,1,2,1,20,3,2,1,0,0,99,99,99,99,99,99,0,0,0,0,1,6,0,510010,0,2009,432,US- 58,RT 653,0000000,36.70668611,-77.203675,2,1
51,63,1,10,2,57,2,4,0,0,3,2,0,12,2,1,1,1,2,55,1,1,2,1,0,0,2,1,0,0,99,99,99,99,99,99,0,0,0,0,1,7,1,510011,0,2009,5360,US- 221,99999999999999999999,0000000,36.90488056,-80.34792778,2,1
51,87,1,10,22,37,1,1,0,0,15,3,0,42,0,1,4,1,2,35,2,2,2,2,0,0,3,2,0,0,88,88,88,88,88,88,0,0,0,0,1,7,1,510012,0,2009,690,SR-15,99999999999999999999,0000000,37.67383333,-77.55025833,1,2
51,61,1,14,19,58,2,5,0,0,5,4,0,12,6,1,1,1,2,45,1,1,2,1,0,0,2,1,0,0,99,99,99,99,99,99,0,0,0,0,1,4,1,510013,0,2009,400,OLD DUMFRIES RD,99999999999999999999,0000000,38.70353056,-77.69282222,2,1
51,105,1,14,23,10,1,1,0,0,3,2,0,38,0,1,4,2,4,55,1,2,2,1,0,0,3,1,0,0,99,99,99,99,99,99,0,0,0,0,1,4,0,510014,0,2009,122,US- 58A,99999999999999999999,0000000,36.69664167,-83.06110278,1,1
51,700,1,15,9,59,1,2,0,1,13,2,0,30,0,13,5,6,1,45,1,1,1,1,0,0,1,1,0,0,99,99,99,99,99,99,0,0,0,0,1,5,0,510015,1720,2009,5746,US-64,LOUISE DR,0000000,37.09371389,-76.45900833,1,1
51,183,1,15,20,40,1,1,0,0,3,3,0,1,0,1,4,1,2,55,2,2,2,1,0,0,2,1,0,0,88,88,88,88,88,88,0,0,0,0,1,5,1,510016,0,2009,2880,SR- 35,99999999999999999999,0000000,36.88511389,-77.15560833,1,1
51,3,1,15,23,18,1,1,0,0,6,4,0,42,0,1,4,1,2,35,2,4,2,1,0,0,2,1,0,0,88,88,88,88,88,88,0,0,0,0,1,5,1,510017,0,2009,800,HALF MILE BRANCH RD,99999999999999999999,0000000,38.07066389,-78.72004444,1,1
51,53,1,16,18,22,2,2,0,1,13,2,0,12,1,11,1,2,7,55,1,1,2,1,3,3,2,1,0,0,88,88,88,88,88,88,0,0,0,0,1,6,1,510018,0,2009,3105,US-460,OLGERS RD,000000,37.19779167,-77.52468056,2,1
51,810,1,5,23,38,1,2,0,0,16,5,0,1,0,1,1,1,2,35,2,1,2,1,0,0,2,1,0,0,88,88,88,88,88,88,0,0,0,0,1,2,1,510019,2540,2009,0,2761 SEARBOARD RD,99999999999999999999,0000000,36.74036389,-76.02976667,1,1
51,25,1,17,23,47,1,1,0,0,6,4,0,53,0,1,4,1,2,55,1,1,2,1,0,0,2,1,0,0,88,88,88,88,88,88,0,0,0,0,1,7,0,510020,0,2009,350,RT 729,99999999999999999999,0000000,36.89925278,-77.952975,1,1
51,87,1,18,2,16,1,1,0,0,14,4,0,34,0,1,4,1,2,45,2,2,2,1,0,0,2,1,0,0,99,99,99,99,99,99,0,0,0,0,1,1,1,510021,0,2009,178,CHURCH RD,99999999999999999999,0000000,37.6368,-77.60621944,1,1
51,163,1,18,21,0,1,1,0,1,1,1,0,24,0,1,3,3,4,65,1,1,2,1,0,0,2,1,0,0,99,99,22,2,99,99,0,0,0,0,1,1,0,510022,0,2009,1754,I-81 NORTH,99999999999999999999,0000000,37.59763889,-79.62487222,1,1
51,710,1,5,20,6,1,2,0,1,11,1,0,24,0,15,4,2,3,55,1,1,1,1,0,0,2,1,0,0,88,88,88,88,88,88,0,0,0,0,2,2,0,510023,1760,2009,2790,I-64W,TIDEWATER DR,0000000,36.90652778,-76.256875,1,1
51,840,1,18,18,29,1,1,0,0,14,5,0,33,0,1,4,1,4,40,1,1,2,2,0,0,2,1,0,0,88,88,88,88,88,88,0,0,0,0,1,1,1,510024,2640,2009,30,S PLEASANT VALLEY RD,99999999999999999999,0000000,39.17771667,-78.15596667,1,1
51,175,1,6,18,35,1,2,0,0,4,4,0,37,0,1,4,1,2,55,1,1,2,1,0,0,2,1,0,0,99,99,99,99,99,99,0,0,0,0,1,3,1,510025,0,2009,89,RT-671,99999999999999999999,0000000,36.64190833,-77.05638889,1,1
51,161,1,18,21,19,1,2,0,0,15,2,0,37,0,1,4,2,4,55,2,2,2,1,0,0,3,1,0,0,99,99,99,99,99,99,0,0,0,0,1,1,1,510026,0,2009,1370,US-11,99999999999999999999,0000000,37.26332778,-80.15685,1,1
51,153,1,21,19,15,1,2,1,0,14,4,0,8,0,11,1,5,5,35,1,1,2,1,3,3,2,1,0,0,99,99,99,99,99,99,0,0,0,0,1,4,0,510027,0,2009,720,RIXLEW LANE,WOODBURY DR,0000000,38.76894167,-77.50614167,1,1
51,111,1,6,21,0,1,2,1,0,4,4,0,8,0,1,1,1,2,55,2,3,2,2,0,0,2,2,0,0,88,88,88,88,88,88,0,0,0,0,1,3,1,510028,0,2009,79,RT-734,99999999999999999999,0000000,37.08585833,-78.45028056,1,2
51,143,1,22,11,45,1,1,0,0,13,3,0,30,0,1,4,1,4,45,1,1,2,1,0,0,1,1,0,0,88,88,88,88,88,88,0,0,0,0,1,5,1,510029,0,2009,196,SR- 41,99999999999999999999,0000000,36.69767222,-79.44076667,1,1
51,7,1,7,18,16,1,2,1,1,2,2,0,8,0,1,1,3,4,55,1,1,2,2,0,0,2,2,0,0,88,88,88,88,88,88,0,0,0,0,1,4,0,510030,0,2009,1070,US-360EB,99999999999999999999,0000000,37.33890833,-77.99769444,1,2
51,153,1,24,3,53,1,2,1,0,14,4,0,8,0,3,1,2,7,45,1,1,2,1,3,3,2,1,0,0,88,88,88,88,88,88,0,0,0,0,1,7,0,510031,0,2009,123,PRINCE WM PARKWAY,MINNIEVILLE RD,0000000,38.653075,-77.31696944,1,1
51,153,1,7,16,32,2,4,0,0,14,4,0,12,5,1,1,3,4,45,2,2,2,2,0,0,1,1,0,0,99,99,99,99,99,99,0,0,0,0,1,4,0,510032,0,2009,308,OLD BRIDGE RD,99999999999999999999,0000000,38.67906111,-77.28433333,2,1
51,69,1,23,19,50,2,3,0,0,15,4,0,12,3,13,1,6,1,45,1,1,2,1,20,3,2,1,0,0,99,99,99,99,99,99,0,0,0,0,1,6,0,510033,0,2009,127,RT 622,RT 37,0000000,39.21031111,-78.1803,2,1
51,85,1,19,5,38,1,1,0,0,4,4,0,34,0,1,4,1,2,45,2,1,2,1,0,0,2,1,0,0,88,88,88,88,88,88,0,0,0,0,1,2,0,510034,0,2009,8870,POLE GREEN RD,99999999999999999999,0000000,37.64006389,-77.26718889,1,1
51,15,1,27,6,30,2,2,0,0,3,2,0,12,5,1,1,1,2,55,1,2,2,4,0,0,2,3,0,0,88,88,88,88,88,88,0,0,0,0,1,3,0,510035,0,2009,219,US-340,99999999999999999999,0000000,38.14231944,-78.84329722,2,3
51,137,1,28,23,5,1,1,0,0,4,4,0,34,0,1,4,1,2,45,1,2,2,4,0,0,2,1,0,0,99,99,99,99,99,99,0,0,0,0,1,4,0,510036,0,2009,9910,RT 621,99999999999999999999,0000000,38.25813333,-77.83719167,1,1
51,185,1,29,8,45,1,1,0,0,14,3,0,34,0,1,4,1,2,25,1,1,2,4,0,0,1,1,0,0,99,99,99,99,99,99,0,0,0,0,1,5,0,510037,0,2009,201,SR-10,99999999999999999999,0000000,37.24939167,-81.26801389,1,1
51,41,1,28,19,45,1,3,0,1,11,1,0,42,0,13,2,6,1,25,2,1,2,2,0,0,2,2,1,0,99,99,99,99,99,99,0,0,0,0,1,4,0,510038,0,2009,374,I-295,IRON BRIDGE RD,0000000,37.34273056,-77.33362222,1,2
51,3,1,27,8,19,1,3,0,1,13,2,0,42,0,1,4,3,4,55,1,1,2,4,0,0,1,3,0,0,99,99,99,99,99,99,0,0,0,0,2,3,0,510039,0,2009,134,US-29,99999999999999999999,0000000,38.01925833,-78.53945833,1,3
51,19,1,28,23,20,1,2,0,0,6,4,0,30,0,1,4,1,2,55,1,2,2,4,0,0,2,1,0,0,99,99,99,99,99,99,0,0,0,0,1,4,1,510040,0,2009,120,RT 708,99999999999999999999,0000000,37.31829722,-79.44145278,1,1
51,167,1,30,5,30,1,1,0,0,6,4,0,37,0,1,4,1,2,40,1,1,2,4,0,0,2,4,0,0,88,88,88,88,88,88,0,0,0,0,1,6,0,510041,0,2009,1550,RT 616,99999999999999999999,0000000,36.94906944,-82.19386944,1,4
51,105,1,28,12,0,1,2,0,0,6,4,0,43,0,1,5,1,2,55,2,2,2,2,0,0,1,2,0,0,88,88,88,88,88,88,0,0,0,0,2,4,0,510042,0,2009,100,RT 616,99999999999999999999,0000000,36.63433333,-83.17113889,1,2
51,41,1,30,19,46,1,2,1,0,13,2,0,8,0,1,1,1,4,45,1,2,2,1,0,0,2,1,0,0,88,88,88,88,88,88,0,0,0,0,1,6,0,510043,0,2009,761,US- 360,99999999999999999999,0000000,37.30471389,-77.40915278,1,1
51,175,1,31,21,18,1,1,0,0,5,4,0,1,0,1,2,1,2,55,2,2,2,1,0,0,2,1,0,0,88,88,88,88,88,88,0,0,0,0,1,7,0,510044,0,2009,628,MILLFIELD RD,99999999999999999999,0000000,36.88264167,-76.97193056,1,1