STATE,COUNTY,MONTH,DAY,HOUR,MINUTE,VE_TOTAL,PERSONS,PEDS,NHS,ROAD_FNC,ROUTE,SP_JUR,HARM_EV,MAN_COLL,REL_JUNC,REL_ROAD,TRAF_FLO,NO_LANES,SP_LIMIT,ALIGNMNT,PROFILE,PAVE_TYP,SUR_COND,TRA_CONT,T_CONT_F,LGT_COND,WEATHER1,WEATHER2,WRK_ZONE,NOT_HOUR,NOT_MIN,ARR_HOUR,ARR_MIN,HOSP_HR,HOSP_MN,SCH_BUS,CF1,CF2,CF3,FATALS,DAY_WEEK,DRUNK_DR,ST_CASE,CITY,YEAR,MILEPT,TWAY_ID,TWAY_ID2,RAIL,LATITUDE,LONGITUD,VE_FORMS,WEATHER
51,15,1,28,13,0,2,2,0,0,4,3,0,7,0,10,4,1,2,55,1,2,2,1,20,3,1,1,0,0,99,99,99,99,99,99,0,0,0,0,1,4,0,510045,0,2009,204,SR- 254,RT 796,0000000,38.13246389,-78.91436667,2,1
51,660,1,6,5,20,1,2,1,0,14,2,0,8,0,1,1,1,5,25,1,2,2,2,0,0,2,2,0,0,99,99,99,99,99,99,0,0,0,0,1,3,1,510046,0,2009,2620,US-SOUTH MAIN ST,99999999999999999999,0000000,38.43758889,-78.87848889,1,2
51,81,1,7,14,20,1,1,0,0,4,4,0,37,0,1,4,1,2,55,1,1,2,1,0,0,1,1,0,0,99,99,99,99,99,99,0,0,0,0,1,4,0,510047,0,2009,7070,RT 619,99999999999999999999,0000000,36.73063056,-77.435075,1,1
51,153,1,10,23,9,1,1,0,0,15,3,0,34,0,1,4,1,2,50,1,1,2,2,0,0,2,2,0,0,99,99,99,99,99,99,0,0,0,0,1,7,0,510048,0,2009,820,SR-215,99999999999999999999,0000000,38.73292778,-77.56896944,1,2
51,590,1,11,21,55,1,2,0,0,13,2,0,42,0,1,3,2,4,40,1,1,2,1,0,0,3,1,0,0,99,99,99,99,99,99,0,0,0,0,1,1,1,510049,0,2009,7700,US-RIVERSIDE DR,99999999999999999999,0000000,36.58975833,-79.41939444,1,1
51,1,1,19,1,40,1,1,0,0,4,4,0,37,0,1,4,1,2,45,1,1,2,4,0,0,2,1,0,0,88,88,88,88,88,88,0,0,0,0,1,2,1,510050,0,2009,123,RT 609,99999999999999999999,0000000,37.68837222,-75.72313889,1,1
51,760,1,16,21,59,1,2,1,0,14,5,0,8,0,1,1,2,2,40,1,1,2,1,0,0,3,1,0,0,99,99,99,99,99,99,0,0,0,0,1,6,1,510051,0,2009,1720,WALMSLEY BLVD,99999999999999999999,0000000,37.47131667,-77.47824722,1,1
51,683,1,24,2,7,1,3,0,0,16,5,0,32,0,1,4,1,2,25,2,2,2,1,0,0,2,1,0,0,99,99,99,99,99,99,0,0,0,0,1,7,1,510052,1550,2009,1260,QUARRY RD,99999999999999999999,0000000,38.75582222,-77.45464444,1,1
51,59,1,21,6,45,1,2,1,0,14,4,0,8,0,11,1,3,4,40,1,1,2,1,3,3,4,1,0,0,99,99,99,99,99,99,0,0,0,0,1,4,0,510053,0,2009,103,BURKE CENTRE PARKWAY,MARSHALL POND RD,0000000,38.78640556,-77.29409167,1,1
51,109,1,23,18,40,1,1,0,1,1,1,0,42,0,1,3,2,4,65,1,1,2,1,0,0,1,1,0,0,99,99,99,99,99,99,0,0,0,0,1,6,0,510054,0,2009,1430,I-64 WEST,99999999999999999999,0000000,37.94778611,-78.125325,1,1
51,191,1,28,4,33,2,2,0,1,1,1,0,12,2,1,1,2,4,65,2,2,2,1,0,0,2,1,0,0,99,99,99,99,99,99,0,0,0,0,1,4,1,510055,0,2009,153,I-81 SOUTH,99999999999999999999,0000000,36.69388611,-82.013025,2,1
51,171,1,27,21,40,2,2,0,1,1,1,0,12,5,9,1,3,4,65,1,1,2,4,0,0,2,3,0,0,88,88,88,88,88,88,0,0,0,0,1,3,0,510056,0,2009,267,I-81,RT 211,0000000,38.65843611,-78.67000556,2,3
51,87,2,1,19,50,1,1,0,0,14,4,0,42,0,1,4,1,2,45,1,1,2,1,0,0,2,1,0,0,88,88,88,88,88,88,0,0,0,0,1,1,1,510057,0,2009,999,DARBYTOWN RD,99999999999999999999,0000000,37.44651667,-77.25525833,1,1
51,87,2,2,22,45,1,1,0,1,11,1,0,21,0,1,3,2,4,65,1,2,2,1,0,0,2,1,0,0,99,99,23,48,99,99,0,0,0,0,1,2,0,510058,0,2009,211,I-295 SOUTH,99999999999999999999,0000000,37.50128333,-77.28315278,1,1
51,19,2,5,13,53,2,2,0,0,6,4,0,12,4,1,1,1,2,55,1,2,2,1,0,0,1,1,0,0,99,99,15,2,99,99,0,0,0,0,1,5,0,510059,0,2009,7800,RT 608,99999999999999999999,0000000,37.034625,-79.49509722,2,1
51,83,2,5,18,0,1,1,0,0,4,3,0,42,0,1,4,1,2,45,2,1,2,1,0,0,2,1,0,0,88,88,88,88,88,88,0,0,0,0,1,5,0,510060,0,2009,870,SR- 57,99999999999999999999,0000000,36.80928333,-79.61242778,1,1
51,87,2,6,2,40,1,1,0,0,15,4,0,42,0,1,4,1,2,45,1,1,2,1,0,0,3,1,0,0,99,99,99,99,99,99,0,0,0,0,1,6,1,510061,0,2009,281,WILKINSON RD,99999999999999999999,0000000,37.61552222,-77.42511667,1,1
51,125,2,7,22,42,1,1,0,0,4,3,0,42,0,1,4,1,2,55,2,2,2,1,0,0,2,1,0,0,88,88,88,88,88,88,0,0,0,0,1,7,1,510062,0,2009,4640,SR-56,99999999999999999999,0000000,37.67960833,-78.75849722,1,1
51,710,2,9,8,15,2,3,0,1,13,3,0,12,4,11,1,3,2,35,1,1,2,1,3,3,1,1,0,0,99,99,99,99,99,99,0,0,0,0,1,2,0,510063,1760,2009,2721,SR-64,600 THOLE ST,0000000,36.90474444,-76.256875,2,1
51,710,2,10,16,35,2,3,0,0,13,2,0,12,4,3,1,2,3,35,1,1,2,1,3,3,1,1,0,4,99,99,99,99,99,99,0,0,0,0,1,3,0,510064,1760,2009,2826,US- OCEAN VIEW AVE,9600  MASON CREEK RD,0000000,36.95695556,-76.25378611,2,1
51,115,2,12,15,15,1,1,0,0,3,3,0,42,0,1,4,1,2,55,1,1,2,1,0,0,1,1,0,0,99,99,99,99,99,99,0,0,0,0,1,5,1,510065,0,2009,137,SR- 198,99999999999999999999,0000000,37.50019444,-76.40356111,1,1
51,59,2,10,22,28,1,1,0,1,13,3,0,27,0,1,4,3,4,55,1,1,2,1,0,0,2,1,0,0,99,99,23,28,99,99,0,20,0,0,1,3,1,510066,0,2009,4010,SR-123,99999999999999999999,0000000,38.71525,-77.26478611,1,1
51,183,2,12,21,30,1,3,0,0,5,4,0,42,0,1,4,1,2,55,2,2,2,1,0,0,2,1,0,0,88,88,88,88,88,88,0,0,0,0,2,5,0,510067,0,2009,400,RT 638,99999999999999999999,0000000,37.01146389,-77.33216389,1,1
51,43,2,14,6,30,1,1,0,0,3,2,0,30,0,1,4,2,4,55,2,2,2,1,0,0,4,1,0,0,88,88,88,88,88,88,0,0,0,0,1,7,1,510068,0,2009,3270,US- 50,99999999999999999999,0000000,39.01971667,-77.97065833,1,1
51,153,2,1,3,44,1,3,0,0,13,3,0,27,0,11,3,3,4,55,1,1,2,1,3,3,2,1,0,0,99,99,99,99,99,99,0,0,0,0,1,1,0,510069,0,2009,2232,SR-3000,BALLS FORD RD,0000000,38.79235833,-77.55901389,1,1
51,83,2,14,19,38,1,1,0,0,3,3,0,42,0,1,4,1,2,55,2,1,2,1,0,0,2,1,0,0,88,88,88,88,88,88,0,0,0,0,1,7,1,510070,0,2009,2739,SR- 360,99999999999999999999,0000000,36.75841667,-78.92784167,1,1
51,75,2,13,15,39,2,2,0,0,4,3,0,12,2,1,1,1,2,55,2,2,2,1,0,0,1,1,0,0,99,99,16,43,99,99,0,0,0,0,1,6,0,510071,0,2009,8120,SR-60,99999999999999999999,0000000,37.64543333,-77.81811389,2,1
51,125,2,15,11,0,1,2,0,1,2,2,0,34,0,1,4,2,4,60,2,2,2,1,0,0,1,1,0,0,88,88,88,88,88,88,0,0,0,0,2,1,0,510072,0,2009,11178,US-29,99999999999999999999,0000000,37.86191111,-78.73901389,1,1
51,179,2,2,10,36,2,2,0,1,2,2,0,12,4,2,1,1,4,55,1,1,2,1,3,3,1,1,0,0,99,99,99,99,99,99,0,0,0,0,1,2,0,510073,0,2009,1859,US-17,POPLAR ROAD,0000000,38.38223889,-77.54287778,2,1
51,710,2,16,22,55,1,4,0,1,11,1,0,24,0,1,4,3,4,55,1,1,1,1,0,0,2,1,0,0,99,99,99,99,99,99,0,0,0,0,1,2,0,510074,1760,2009,2763,I-64 EAST,99999999999999999999,0000000,36.92443889,-76.27000833,1,1
51,107,2,17,2,20,1,2,0,0,6,4,0,42,0,1,4,2,6,35,2,2,2,1,0,0,2,1,0,0,99,99,99,99,99,99,0,0,0,0,1,3,1,510075,0,2009,2150,BROADLANDS BLVD,99999999999999999999,0000000,39.02698611,-77.5064,1,1
51,35,2,17,11,20,2,2,0,1,1,1,0,13,5,1,1,3,4,65,2,2,2,1,0,0,1,1,0,0,99,99,99,99,99,99,0,0,0,0,1,3,0,510076,0,2009,2266,I-77,99999999999999999999,0000000,36.83072222,-80.85173611,2,1
51,87,2,20,2,10,1,1,0,0,13,4,0,40,0,1,4,2,4,35,2,2,2,1,0,0,2,1,0,0,99,99,99,99,99,99,0,0,0,0,1,6,1,510077,0,2009,560,GLENSISE DRIVE,99999999999999999999,0000000,37.60131111,-77.52871389,1,1
51,21,2,22,1,45,1,1,0,0,6,4,0,42,0,1,4,1,2,55,1,1,2,1,0,0,2,1,0,0,99,99,4,40,99,99,0,0,0,0,1,1,1,510078,0,2009,8300,ROUTE 615,99999999999999999999,0000000,37.13404444,-81.17797778,1,1
51,760,2,22,7,10,2,2,0,1,11,1,0,12,7,1,1,3,6,60,2,1,2,1,0,0,1,1,0,0,88,88,88,88,88,88,0,0,0,0,1,1,0,510079,2060,2009,6890,I-95,99999999999999999999,0000000,37.46791111,-77.4272,2,1
51,143,2,22,19,3,1,3,0,1,2,2,0,34,0,1,3,3,4,65,1,1,2,1,0,0,2,1,0,0,99,99,99,99,99,99,0,0,0,0,1,1,1,510080,0,2009,110,US-29-BYPASS,99999999999999999999,0000000,36.58748333,-79.35819722,1,1
51,710,2,20,22,11,2,2,0,1,11,1,0,12,7,15,1,3,7,55,2,1,1,1,0,0,2,1,0,0,99,99,99,99,99,99,0,0,0,0,1,6,0,510081,1760,2009,2805,I-64W,99999999999999999999,0000000,36.88983333,-76.22981667,2,1
51,59,2,20,19,38,2,2,0,1,11,1,0,20,0,15,2,3,7,55,1,1,2,1,0,0,2,1,0,0,99,99,99,99,99,99,0,0,0,0,1,6,1,510082,0,2009,72,I-495,99999999999999999999,0000000,38.86143056,-77.219725,2,1
51,710,2,21,1,20,2,4,0,1,13,2,0,12,5,11,1,3,3,45,2,1,2,1,0,0,2,1,0,0,99,99,99,99,99,99,0,0,0,0,1,7,1,510083,1760,2009,502,US-13,1400 USAA DR,0000000,36.87478056,-76.20662222,2,1
51,770,1,2,22,45,1,3,0,0,16,5,0,19,0,1,4,1,2,25,2,1,2,1,0,0,1,1,0,0,99,99,99,99,99,99,0,20,0,0,1,6,0,510084,0,2009,0,FLEMING AVE,99999999999999999999,0000000,37.31338333,-79.93240278,1,1
51,550,2,23,21,55,2,3,0,1,11,1,0,12,1,15,2,3,4,55,2,2,2,1,0,0,3,1,0,0,99,99,99,99,99,99,0,0,0,0,1,2,1,510085,468,2009,190,I-664 NORTH,99999999999999999999,0000000,36.78990278,-76.42553333,2,1
51,169,1,8,17,50,1,1,0,0,14,3,0,42,0,1,4,2,2,50,2,1,2,1,0,0,2,1,0,0,99,99,99,99,99,99,0,0,0,0,1,5,0,510086,0,2009,2030,SR- 224,99999999999999999999,0000000,36.63137222,-82.54989722,1,1
51,45,2,25,22,50,1,1,0,0,4,3,0,37,0,1,4,1,2,55,1,1,2,1,0,0,2,1,0,0,88,88,88,88,88,88,0,0,0,0,1,4,1,510087,0,2009,162,SR-311,99999999999999999999,0000000,37.42909444,-80.13981389,1,1
51,185,2,26,18,35,1,1,0,0,6,4,0,24,0,1,4,1,2,35,2,2,2,1,0,0,2,1,0,0,99,99,99,99,99,99,0,0,0,0,1,5,0,510088,0,2009,4,MARKET STREET,99999999999999999999,0000000,37.13459167,-81.49400833,1,1
51,57,2,26,20,39,1,1,0,0,6,4,0,42,0,1,4,1,2,30,2,2,5,1,0,0,2,1,0,0,88,88,88,88,88,88,0,0,0,0,1,5,0,510089,0,2009,23,RT-611,99999999999999999999,0000000,37.86631667,-76.81606389,1,1
51,1,2,27,13,57,1,2,0,1,2,2,0,34,0,1,2,1,2,55,1,1,2,1,0,0,1,1,0,0,99,99,99,99,99,99,0,0,0,0,1,6,0,510090,0,2009,1152,US-13,99999999999999999999,0000000,37.70779444,-75.697175,1,1
51,89,2,28,5,21,1,1,0,1,2,2,0,42,0,1,4,3,4,55,1,1,2,2,0,0,2,2,0,0,88,88,88,88,88,88,0,0,0,0,1,7,1,510091,0,2009,34,US-220 S,99999999999999999999,0000000,36.57762778,-79.86468333,1,2
51,59,2,24,19,25,1,2,1,0,14,4,0,8,0,2,1,5,5,35,2,1,2,1,0,0,2,1,0,0,99,99,99,99,99,99,0,0,0,0,1,3,0,510092,0,2009,55,GALLOWS RD,ELECTRIC AVE,0000000,38.89644444,-77.225475,1,1
51,69,2,2,14,4,1,1,0,0,15,4,0,42,0,1,4,1,2,45,1,1,2,1,0,0,1,1,0,0,99,99,14,48,99,99,0,0,0,0,1,2,0,510093,0,2009,53,RT-644,99999999999999999999,0000000,,,1,1
51,137,2,11,13,40,1,1,0,0,3,3,0,24,0,1,4,1,2,55,1,1,2,1,0,0,1,1,0,0,99,99,99,99,99,99,0,0,0,0,1,4,0,510094,0,2009,777,SR-20,99999999999999999999,0000000,38.269825,-77.91649722,1,1
51,89,3,21,1,18,1,2,0,0,4,4,0,42,0,1,5,1,2,35,2,2,2,2,0,0,2,1,0,0,99,99,99,99,99,99,0,0,0,0,1,7,1,510095,0,2009,3030,SR 650,99999999999999999999,0000000,36.61538889,-79.75121389,1,1
51,19,3,20,9,24,3,3,0,0,3,2,0,12,5,1,1,1,2,55,1,2,2,1,0,0,1,1,0,0,99,99,10,29,99,99,0,14,0,0,1,6,0,510096,0,2009,1336,US-221,99999999999999999999,0000000,37.34996389,-79.49878611,3,1
51,59,3,21,3,32,2,2,0,1,11,1,0,12,2,1,1,3,4,55,1,1,2,1,0,0,2,1,0,0,99,99,99,99,99,99,0,0,0,0,1,7,2,510097,0,2009,174,I-495 WEST,99999999999999999999,0000000,38.79931667,-77.12368056,2,1
51,87,3,3,14,53,2,3,0,1,13,4,0,12,4,2,1,3,4,45,1,1,2,1,3,3,1,1,0,0,88,88,88,88,88,88,0,0,0,0,2,3,0,510098,0,2009,342,LABURNUM AVE,CHARLES CITY RD,0000000,37.50404167,-77.34967222,2,1
51,47,3,22,2,50,2,6,0,0,3,3,0,12,2,1,1,1,2,55,2,1,2,1,0,0,2,1,0,0,99,99,99,99,99,99,0,0,0,0,4,1,2,510099,0,2009,7630,SR- 3,99999999999999999999,0000000,38.44276667,-77.87486944,2,1
51,760,2,27,1,41,1,1,0,0,12,3,0,25,0,5,3,6,1,55,2,2,2,1,0,0,2,1,0,0,88,88,88,88,88,88,0,13,0,0,1,6,1,510100,2060,2009,583,SR-10,99999999999999999999,0000000,37.51456111,-77.52794167,1,1
51,37,3,21,23,56,1,5,0,0,4,3,0,1,0,1,1,1,2,55,2,1,2,1,0,0,2,1,0,0,99,99,99,99,99,99,0,0,0,0,1,7,0,510101,0,2009,296,SR- 47,99999999999999999999,0000000,36.89891111,-78.52529444,1,1
51,147,3,5,10,20,2,2,0,0,3,2,0,12,4,2,1,1,2,55,2,1,2,1,20,3,1,1,0,0,99,99,99,99,99,99,0,0,0,0,1,5,0,510102,0,2009,444,US-15,RT-654,0000000,37.27705833,-78.63224167,2,1
51,59,3,21,20,15,1,2,1,0,14,4,0,8,0,3,1,2,5,45,1,2,2,1,0,0,2,1,0,0,99,99,99,99,99,99,0,0,0,0,1,7,0,510103,0,2009,35,OLD KEENE MILL RD,MILLWOOD DR,0000000,38.77857778,-77.23766389,1,1
51,107,3,23,7,5,2,2,0,0,3,3,0,12,2,1,1,1,2,50,2,1,2,1,0,0,1,1,0,0,99,99,99,99,99,99,0,0,0,0,1,2,0,510104,0,2009,163,SR- 9,99999999999999999999,0000000,39.15788611,-77.63377222,2,1
51,3,3,5,19,38,1,1,0,1,2,2,0,24,0,1,4,3,4,60,1,1,2,1,0,0,1,1,0,0,88,88,88,88,88,88,0,0,0,0,1,5,1,510105,0,2009,120,US-29,99999999999999999999,0000000,37.87539444,-78.71583889,1,1
51,153,3,6,21,45,1,1,0,0,16,4,0,33,0,1,3,3,4,35,2,1,2,1,0,0,2,1,0,0,99,99,99,99,99,99,0,0,0,0,1,6,1,510106,0,2009,130,SPRINGWOODS DR,99999999999999999999,0000000,38.69743333,-77.32574722,1,1
51,113,3,7,12,15,1,1,0,0,3,2,0,42,0,1,4,3,4,55,2,1,2,1,0,0,1,1,0,0,99,99,99,99,99,99,0,0,0,0,1,7,0,510107,0,2009,1490,US-15,99999999999999999999,0000000,38.37813333,-78.25261111,1,1
51,23,3,24,1,40,2,2,0,1,1,1,0,12,1,13,1,6,1,65,1,2,2,1,0,0,2,1,0,0,99,99,99,99,99,99,0,0,0,0,1,3,0,510108,0,2009,1571,I-81,RT 640,0000000,37.45775833,-79.83773333,2,1
51,87,3,14,16,26,2,5,3,1,11,1,0,14,1,1,2,2,3,65,1,1,2,2,0,0,1,1,0,0,99,99,99,99,99,99,0,0,0,0,1,7,0,510109,0,2009,370,I-295,99999999999999999999,0000000,37.37070278,-77.34649722,2,1
51,830,3,19,21,30,2,3,1,1,12,3,0,8,0,1,1,2,6,45,1,1,2,2,0,0,2,2,0,0,88,88,88,88,88,88,0,0,0,0,1,5,0,510110,2630,2009,8070,SR- 199,99999999999999999999,0000000,37.25506389,-76.73255,2,2
51,540,3,26,21,6,1,2,1,0,13,3,0,8,0,1,1,1,2,25,1,1,2,2,0,0,3,2,0,0,88,88,88,88,88,88,0,0,0,0,1,5,1,510111,440,2009,3864,SR-20,99999999999999999999,0000000,38.02666111,-78.47808889,1,2
51,710,3,7,19,45,2,3,0,9,14,2,0,25,0,1,3,3,6,30,1,1,2,1,21,3,2,1,0,0,99,99,99,99,99,99,0,0,0,0,1,7,0,510112,1760,2009,399,US-264,99999999999999999999,0000000,36.84565556,-76.26934167,2,1
51,21,3,8,0,38,1,6,0,1,1,1,0,1,0,1,2,3,4,65,2,1,2,1,0,0,2,1,0,0,99,99,99,99,99,99,0,0,0,0,1,1,0,510114,0,2009,539,I-77,99999999999999999999,0000000,36.976775,-81.070175,1,1
51,69,3,27,21,0,2,2,0,0,15,4,0,12,2,1,1,1,3,40,1,1,2,2,0,0,2,2,0,0,99,99,99,99,99,99,0,0,0,0,1,6,1,510115,0,2009,1590,RT 656,99999999999999999999,0000000,39.23836944,-78.28788889,2,2
51,1,3,8,1,27,1,3,0,0,6,4,0,42,0,1,4,1,2,55,2,1,2,1,0,0,2,1,0,0,99,99,99,99,99,99,0,0,0,0,1,1,0,510116,0,2009,5390,SHELL BRIDGE RD,99999999999999999999,0000000,37.58441111,-75.81158611,1,1
51,740,3,3,2,16,2,2,0,0,16,5,0,14,3,1,7,1,9,25,1,1,2,1,0,0,2,1,0,0,99,99,99,99,99,99,0,0,0,0,1,3,1,510117,1970,2009,0,12 MONTGOMERY ST,99999999999999999999,0000000,36.849475,-76.34665556,1,1
51,36,3,28,21,0,1,1,0,0,6,4,0,37,0,15,4,1,2,55,2,1,2,2,0,0,2,2,0,0,88,88,88,88,88,88,0,0,0,0,1,7,1,510118,0,2009,1590,RT 603,RT 666,0000000,37.42648056,-77.16170278,1,2
51,87,3,6,14,40,2,2,0,1,13,4,0,12,2,1,1,3,4,45,1,1,2,1,0,0,1,1,0,0,99,99,99,99,99,99,0,0,0,0,1,6,1,510119,0,2009,9560,LABURNUM AVE,99999999999999999999,0000000,37.57839167,-77.39911111,2,1
51,19,3,10,12,6,1,1,0,0,16,4,0,32,0,1,4,1,2,45,2,1,2,1,0,0,1,1,0,0,88,88,88,88,88,88,0,0,0,0,1,3,0,510120,0,2009,9400,RT-623,99999999999999999999,0000000,,,1,1
51,185,3,14,18,30,2,4,0,1,2,2,0,12,1,2,1,3,4,99,1,1,2,2,3,3,1,2,0,0,99,99,99,99,99,99,0,0,0,0,1,7,0,510121,0,2009,5770,US-19,CLAY DRIVE,0000000,37.06284722,-81.75205833,2,2
51,47,3,15,10,16,1,2,0,0,14,2,0,37,0,1,4,3,4,50,1,1,2,2,0,0,1,2,0,0,99,99,99,99,99,99,0,0,0,0,1,1,0,510122,0,2009,763,US-58,99999999999999999999,0000000,36.73086944,-76.59745278,1,2
51,23,3,29,5,12,1,1,0,1,2,2,0,27,0,1,4,2,4,55,1,1,2,2,0,0,2,2,0,0,88,88,88,88,88,88,0,0,0,0,1,1,1,510123,0,2009,7961,US- 220,99999999999999999999,0000000,37.47485833,-79.88116389,1,2
51,89,3,16,3,10,1,1,0,0,4,4,0,32,0,1,4,1,2,35,2,2,2,1,0,0,2,1,0,0,99,99,99,99,99,99,0,0,0,0,1,2,1,510124,0,2009,294,RT-650,99999999999999999999,0000000,36.59878611,-79.71241944,1,1
51,810,3,16,23,40,2,2,0,0,14,3,0,12,8,2,1,3,4,45,1,1,2,2,3,3,2,2,0,0,88,88,88,88,88,88,0,0,0,0,1,2,0,510125,2540,2009,2884,SR-PRINCESS ANNE RD,KEMPSVILLE RD,0000000,36.84210833,-76.18761111,2,2
51,43,3,18,15,5,1,1,0,0,3,2,0,42,0,1,4,3,4,55,2,1,2,1,0,0,1,1,0,0,88,88,88,88,88,88,0,0,0,0,1,4,1,510126,0,2009,3243,US-50,99999999999999999999,0000000,39.00931389,-77.95452222,1,1
51,19,3,18,15,13,3,5,0,0,3,2,0,12,1,1,1,1,2,55,1,1,1,1,0,0,1,1,0,0,99,99,99,99,99,99,0,0,0,0,1,4,0,510127,0,2009,1362,US-221,99999999999999999999,0000000,,,3,1
51,171,3,20,14,45,2,3,0,1,1,1,0,12,7,1,1,2,2,65,2,1,2,1,0,0,1,1,0,0,99,99,99,99,99,99,0,0,0,0,1,6,0,510128,0,2009,2650,I-81,99999999999999999999,0000000,38.64744444,-78.67618611,2,1
51,550,3,21,1,10,1,1,0,0,14,3,0,25,0,11,4,3,5,35,2,1,2,1,0,0,3,1,0,0,88,88,88,88,88,88,0,0,0,0,1,7,1,510129,468,2009,3850,SR-190,SNOWBERRY LN,0000000,36.734275,-76.23765,1,1
51,121,3,30,13,9,1,1,0,1,1,1,0,24,0,1,4,3,4,65,1,1,2,1,0,0,1,1,0,0,88,88,88,88,88,88,0,0,0,0,1,2,0,510130,0,2009,1220,I-81,99999999999999999999,0000000,37.43561111,-79.87335278,1,1
51,71,3,31,18,40,2,3,0,1,2,2,0,12,5,1,1,2,4,60,2,2,2,1,0,0,1,1,0,0,99,99,99,99,99,99,0,0,0,0,1,3,0,510131,0,2009,10240,US- 460,99999999999999999999,0000000,37.30143611,-80.56712222,2,1
51,111,3,20,16,4,1,1,0,0,6,4,0,42,0,1,4,1,2,55,2,1,2,1,0,0,1,1,0,0,88,88,88,88,88,88,0,0,0,0,1,6,0,510132,0,2009,2460,RT-623,99999999999999999999,0000000,36.96991944,-78.52649722,1,1
51,27,3,21,17,25,1,1,0,1,2,2,0,24,0,1,4,3,4,55,2,1,2,1,0,0,1,1,0,0,88,88,88,88,88,88,0,0,0,0,1,7,0,510133,0,2009,3330,US-460,99999999999999999999,0000000,37.16900278,-81.89500833,1,1
51,67,3,8,19,39,1,1,0,1,2,2,0,42,0,1,4,2,4,55,2,1,2,1,0,0,2,1,0,0,88,88,88,88,88,88,0,0,0,0,1,1,1,510134,0,2009,283,US- 220,99999999999999999999,0000000,37.16715556,-79.94338889,1,1
51,109,5,12,17,40,1,1,0,0,6,4,0,37,0,1,4,1,2,55,2,1,1,1,0,0,1,1,0,0,88,88,88,88,88,88,0,0,0,0,1,3,0,510135,0,2009,162,RT 608,99999999999999999999,0000000,37.906825,-77.73985833,1,1
51,175,3,7,16,41,2,4,0,1,2,2,0,12,4,10,1,2,4,60,2,1,1,1,20,3,1,1,0,0,99,99,99,99,99,99,0,0,0,0,1,7,0,510136,0,2009,4340,US-58,RT 609,0000000,36.70775278,-77.17162778,2,1
51,1,3,9,5,44,1,2,0,1,2,2,0,30,0,1,4,3,4,55,1,1,2,1,0,0,2,1,0,0,99,99,99,99,99,99,0,0,0,0,1,2,0,510137,0,2009,134,US- 13,99999999999999999999,0000000,37.8716,-75.55924722,1,1
51,1,3,1,16,34,2,2,0,1,2,2,0,12,4,3,1,1,4,55,1,1,2,2,3,3,1,2,0,0,99,99,20,20,99,99,0,0,0,0,1,1,0,510138,0,2009,1067,US-13,RT 601,0000000,37.54382778,-75.81321667,2,2
51,41,3,10,22,40,1,2,1,1,13,2,0,8,0,3,1,3,6,45,2,1,2,1,3,3,2,1,0,0,88,88,88,88,88,88,0,0,0,0,1,3,0,510139,0,2009,183,US-360,GATEWAY CENTER PKWY,0000000,37.49610833,-77.55437778,1,1
51,153,3,14,0,35,1,2,1,1,13,3,0,8,0,3,1,3,4,45,1,2,2,1,3,3,2,1,0,0,99,99,99,99,99,99,0,0,0,0,1,7,0,510140,0,2009,274,SR-28,BROWNS LANE,0000000,38.77737222,-77.45155278,1,1
51,670,3,31,16,43,1,2,0,1,11,1,0,37,0,1,3,3,6,65,1,2,2,1,0,0,1,1,0,0,99,99,99,99,99,99,0,0,0,0,1,3,1,510141,1290,2009,431,I-295 SOUTH,99999999999999999999,000000,37.26845278,-77.32400833,1,1
51,185,3,12,20,35,1,1,0,0,16,5,0,33,0,3,6,1,2,35,1,2,2,1,21,3,3,1,0,0,88,88,88,88,88,88,0,0,0,0,1,5,0,510142,200,2009,99999,HICKS ST,TAZEWELL AVE,0000000,37.25458611,-81.264325,1,1
51,195,4,2,7,30,2,2,0,0,4,4,0,12,2,1,1,1,2,55,2,1,2,1,0,0,1,1,0,0,99,99,99,99,99,99,0,0,0,0,1,5,0,510143,0,2009,30,RT-646,99999999999999999999,0000000,36.95338889,-82.52766667,2,1
51,161,4,6,15,1,2,5,0,0,15,4,0,12,2,1,1,1,2,35,2,1,2,1,0,0,1,1,0,0,88,88,88,88,88,88,0,0,0,0,4,2,1,510144,0,2009,200,5025 STARKEY RD,99999999999999999999,0000000,37.21652222,-79.98583333,2,1
51,760,4,7,15,47,1,1,0,0,13,2,0,25,0,1,4,3,7,40,1,1,1,1,0,0,1,1,0,0,88,88,88,88,88,88,0,0,0,0,1,3,1,510145,2060,2009,1900,US-60,99999999999999999999,0000000,37.53355278,-77.44932222,1,1
51,93,4,7,19,59,1,1,0,0,3,2,0,34,0,1,4,1,2,55,1,1,2,1,0,0,2,1,0,0,99,99,99,99,99,99,0,0,0,0,1,3,1,510146,0,2009,192,US-258,99999999999999999999,0000000,,,1,1