STATE,COUNTY,MONTH,DAY,HOUR,MINUTE,VE_TOTAL,PERSONS,PEDS,NHS,ROAD_FNC,ROUTE,SP_JUR,HARM_EV,MAN_COLL,REL_JUNC,REL_ROAD,TRAF_FLO,NO_LANES,SP_LIMIT,ALIGNMNT,PROFILE,PAVE_TYP,SUR_COND,TRA_CONT,T_CONT_F,LGT_COND,WEATHER1,WEATHER2,WRK_ZONE,NOT_HOUR,NOT_MIN,ARR_HOUR,ARR_MIN,HOSP_HR,HOSP_MN,SCH_BUS,CF1,CF2,CF3,FATALS,DAY_WEEK,DRUNK_DR,ST_CASE,CITY,YEAR,MILEPT,TWAY_ID,TWAY_ID2,RAIL,LATITUDE,LONGITUD,VE_FORMS,WEATHER
51,87,4,3,14,2,2,2,0,0,14,4,0,12,2,1,1,1,2,35,1,2,2,1,0,0,1,1,0,0,99,99,14,40,99,99,0,0,0,0,1,6,0,510147,0,2009,120,RICHMOND-HENRICO TRN,99999999999999999999,0000000,37.59842222,-77.42640556,2,1
51,550,4,7,14,59,2,2,0,0,13,3,0,27,0,2,4,1,3,55,2,1,2,1,0,0,1,1,0,0,88,88,88,88,88,88,0,0,0,0,1,3,0,510148,468,2009,300,SR-16,DELIA DR,0000000,36.61759444,-76.21147222,2,1
51,99,4,10,14,36,2,4,0,0,3,3,0,12,4,1,1,1,2,50,2,1,2,1,0,0,1,1,0,0,99,99,15,42,99,99,0,0,0,0,2,6,0,510149,0,2009,2,SR-206,99999999999999999999,0000000,38.28919444,-77.18856944,2,1
51,75,4,9,20,19,1,1,0,0,6,4,0,42,0,1,4,1,2,40,2,2,2,1,0,0,2,1,0,0,88,88,88,88,88,88,0,20,0,0,1,5,1,510150,0,2009,50,MAIDENS RD,99999999999999999999,0000000,37.730675,-77.85306944,1,1
51,131,4,10,13,22,1,6,0,1,2,2,0,1,0,1,4,2,4,55,1,1,2,1,0,0,1,1,0,0,99,99,99,99,99,99,0,0,0,0,1,6,0,510151,0,2009,995,US-13,99999999999999999999,0000000,37.42293611,-75.89329722,1,1
51,85,4,9,19,39,1,2,0,0,14,3,0,53,0,1,4,1,2,45,1,3,2,1,0,0,5,1,0,0,99,99,20,23,99,99,0,0,0,0,2,5,1,510152,0,2009,561,SR-156,99999999999999999999,0000000,37.58580556,-77.29388333,1,1
51,41,4,11,3,54,1,1,0,0,16,4,0,24,0,1,4,1,2,25,2,2,2,2,0,0,2,1,0,0,99,99,99,99,99,99,0,0,0,0,1,7,1,510153,0,2009,9,GROVE HILL RD,99999999999999999999,0000000,37.49140833,-77.64750556,1,1
51,760,4,11,2,15,2,3,0,0,13,2,0,12,4,2,1,3,6,40,1,1,2,2,20,3,3,2,0,0,99,99,99,99,99,99,0,0,0,0,1,7,2,510154,2060,2009,893,US-1,ATWELL RD,0000000,37.48943333,-77.44545833,2,2
51,95,4,10,23,38,2,2,0,0,4,2,0,12,4,2,1,2,4,55,1,1,2,1,0,0,2,1,0,0,99,99,99,99,99,99,0,0,0,0,1,6,1,510155,0,2009,2252,US-60,BARNES RD,0000000,37.42688889,-76.83700556,2,1
51,53,4,12,18,15,2,2,0,0,5,4,0,12,3,1,1,1,2,45,2,1,2,1,0,0,1,1,0,0,99,99,99,99,99,99,0,0,0,0,1,1,1,510156,0,2009,340,RT 646,99999999999999999999,0000000,37.08065278,-77.74543889,2,1
51,61,3,29,11,56,1,1,0,0,4,4,0,42,0,1,5,1,2,35,2,1,2,2,0,0,9,2,0,0,88,88,88,88,88,88,0,0,0,0,1,1,1,510157,0,2009,112,DUMFRIES RD,99999999999999999999,0000000,38.70306111,-77.65840556,1,2
51,31,4,12,1,30,1,1,0,1,13,2,0,37,0,1,4,2,4,60,2,1,2,1,0,0,2,1,0,0,88,88,88,88,88,88,0,99,99,99,1,1,1,510158,0,2009,2102,US-460,99999999999999999999,0000000,37.3112,-79.26498333,1,1
51,59,4,12,4,32,2,2,1,1,11,1,0,12,1,1,1,3,6,50,1,1,2,1,0,0,2,1,0,0,99,99,99,99,99,99,0,19,23,0,1,1,0,510159,0,2009,176,I-495 WEST,99999999999999999999,0000000,38.80232778,-77.08951944,2,1
51,117,4,11,21,0,1,1,0,1,1,1,0,24,0,1,4,3,4,70,1,1,2,1,0,0,2,1,0,0,99,99,99,99,99,99,0,0,0,0,1,7,1,510160,0,2009,194,I-85 NORTH,99999999999999999999,0000000,36.78248056,-78.01528889,1,1
51,59,4,11,3,52,1,2,1,1,13,2,0,8,0,1,1,3,7,45,2,1,2,2,0,0,3,2,0,0,99,99,99,99,99,99,0,99,99,99,1,7,0,510161,0,2009,191,US-1,99999999999999999999,0000000,38.782325,-77.07793333,1,2
51,710,4,3,18,3,6,6,0,0,13,2,0,12,5,1,1,3,4,35,1,1,2,1,0,0,1,1,0,0,99,99,99,99,99,99,0,14,0,0,1,6,1,510162,1760,2009,2853,US-60,99999999999999999999,0000000,36.93164444,-76.19756667,6,1
51,111,4,16,19,35,2,5,0,0,3,3,0,12,1,1,1,1,2,55,1,2,2,1,0,0,5,1,0,0,99,99,21,51,99,99,0,0,0,0,1,5,0,510163,0,2009,1410,SR- 40,99999999999999999999,0000000,37.01571111,-78.43173889,2,1
51,760,4,17,0,59,1,2,0,0,13,2,0,19,0,11,2,3,7,40,2,1,2,1,99,9,3,1,0,0,99,99,99,99,99,99,0,0,0,0,1,6,1,510164,2060,2009,920,US-COWARDIN AVE,SPRINGFIELD RD,0000000,37.52443056,-77.4523,1,1
51,57,4,11,11,8,2,3,0,1,2,2,0,12,5,3,1,2,4,60,1,1,2,2,20,3,1,2,0,0,99,99,99,99,99,99,0,0,0,0,1,7,0,510165,0,2009,182,US-360,RT 619,0000000,37.82958333,-76.95751111,2,2
51,107,4,16,6,29,1,1,0,0,4,4,0,42,0,1,4,1,2,45,2,1,2,2,0,0,4,1,0,0,99,99,99,99,99,99,0,0,0,0,1,5,0,510166,0,2009,40,GUM SPRING RD,99999999999999999999,0000000,38.9083,-77.54416389,1,1
51,65,4,15,16,5,1,1,0,0,4,4,0,42,0,1,4,1,2,45,1,1,2,1,0,0,1,1,0,0,99,99,17,12,99,99,0,0,0,0,1,4,0,510167,0,2009,13,RT-616,99999999999999999999,0000000,37.93661667,-78.30247778,1,1
51,69,4,18,11,30,1,1,0,0,6,4,0,7,0,15,2,1,2,55,1,2,2,1,0,0,1,1,0,0,99,99,12,54,99,99,0,0,0,0,1,7,1,510168,0,2009,110,GREEN SPRINGS RD,MCCUBBIN RD,0000000,39.33874444,-78.1697,1,1
51,810,4,19,12,34,2,5,0,0,14,3,0,12,4,2,1,3,4,50,1,1,1,1,3,3,1,1,0,0,99,99,99,99,99,99,0,0,0,0,1,1,0,510169,2540,2009,150,SR-166,5700 BAYSIDE RD,0000000,36.90591111,-76.17885556,2,1
51,71,4,18,20,22,1,1,0,0,6,4,0,5,0,1,1,1,2,55,2,2,2,1,0,0,2,1,0,0,99,99,99,99,99,99,0,0,0,0,1,7,0,510170,0,2009,60,RT-651,99999999999999999999,0000000,37.42034444,-80.86589722,1,1
51,5,4,19,7,45,1,2,0,0,4,3,0,42,0,1,4,1,2,55,1,1,2,1,0,0,1,1,0,0,99,99,99,99,99,99,0,0,0,0,1,1,1,510171,0,2009,245,SR-18,99999999999999999999,0000000,37.75001944,-80.00029444,1,1
51,43,4,18,21,10,2,2,0,0,6,4,0,12,1,1,1,1,2,45,1,1,2,1,0,0,1,1,0,0,99,99,99,99,99,99,0,0,0,0,1,7,2,510172,0,2009,70,RT-606,99999999999999999999,0000000,39.16626944,-77.96104444,2,1
51,115,4,21,12,20,1,1,0,0,3,3,0,37,0,1,4,1,2,55,2,2,2,1,0,0,1,1,0,0,99,99,99,99,99,99,0,0,0,0,1,3,0,510173,0,2009,579,SR- 14,99999999999999999999,0000000,37.45966667,-76.36158889,1,1
51,19,4,22,14,5,1,3,0,0,6,4,0,53,0,1,4,1,2,25,2,2,2,1,0,0,1,1,0,0,99,99,99,99,99,99,0,0,0,0,1,4,0,510174,0,2009,60,RT 718,99999999999999999999,0000000,37.34156944,-79.48205,1,1
51,145,4,20,17,53,2,2,0,0,4,4,0,12,2,1,1,1,2,55,2,2,2,2,0,0,1,1,0,0,99,99,99,99,99,99,0,0,0,0,1,2,0,510175,0,2009,103,RT-711,99999999999999999999,0000000,37.57152222,-77.71694167,2,1
51,23,4,19,1,30,1,1,0,1,13,2,0,37,0,1,4,1,4,60,1,1,2,1,0,0,2,1,0,0,99,99,2,7,99,99,0,0,0,0,1,1,1,510176,0,2009,1620,US-11,99999999999999999999,0000000,37.51136111,-79.71542222,1,1
51,171,4,20,23,31,3,5,0,1,1,1,0,12,1,15,1,3,4,45,2,1,2,1,0,0,2,5,0,0,99,99,99,99,99,99,0,0,0,0,3,2,0,510177,0,2009,2860,I-81,99999999999999999999,0000000,38.89420556,-78.51409444,3,5
51,71,4,22,1,55,1,2,0,0,6,4,0,42,0,1,4,1,2,15,2,1,2,1,0,0,2,1,0,0,88,88,88,88,88,88,0,0,0,0,1,4,1,510178,0,2009,60,RT 625,99999999999999999999,0000000,37.32184722,-80.59638889,1,1
51,67,4,23,16,16,1,1,0,0,4,4,0,37,0,1,4,1,2,55,1,2,2,1,0,0,1,1,0,0,88,88,88,88,88,88,0,0,0,0,1,5,1,510179,0,2009,110,RT-640,99999999999999999999,0000000,36.97639722,-79.9718,1,1
51,810,4,19,5,50,1,2,1,1,13,2,0,9,0,1,1,2,4,45,1,1,2,1,0,0,3,1,0,0,99,99,99,99,99,99,0,0,0,0,1,1,0,510180,2540,2009,294,US-60,99999999999999999999,0000000,36.91085278,-76.07817222,1,1
51,41,4,25,13,48,2,2,0,0,14,3,0,12,5,1,1,1,2,45,1,1,2,1,0,0,1,1,0,0,88,88,88,88,88,88,0,0,0,0,1,7,0,510181,0,2009,130,SR-144,99999999999999999999,0000000,37.38031944,-77.45352778,2,1
51,25,4,26,15,15,1,6,0,1,1,1,0,24,0,1,4,3,4,70,1,1,2,1,0,0,1,1,0,0,99,99,99,99,99,99,0,0,0,0,1,1,1,510182,0,2009,294,I-85,99999999999999999999,9999999,36.82137778,-77.96035833,1,1
51,67,4,26,17,22,1,1,0,0,4,4,0,42,0,1,4,1,2,55,2,2,2,1,0,0,1,1,0,0,88,88,88,88,88,88,0,0,0,0,1,1,0,510183,0,2009,769,RT 605,99999999999999999999,0000000,36.82879722,-79.99343056,1,1
51,147,4,24,20,30,1,2,0,0,4,4,0,42,0,1,4,1,2,55,2,1,2,2,0,0,2,1,0,0,99,99,99,99,99,99,0,0,0,0,1,6,1,510184,0,2009,82,RT-665,99999999999999999999,0000000,37.21296944,-78.54606667,1,1
51,23,4,26,22,30,2,2,0,1,1,1,0,12,1,15,1,3,4,65,1,1,2,1,0,0,2,1,0,0,88,88,88,88,88,88,0,0,0,0,1,1,0,510185,0,2009,172,I-81 NORTH,RT 623,0000000,37.34996389,-79.98664722,2,1
51,195,4,27,12,0,1,4,0,0,6,4,0,42,0,1,4,1,2,35,1,1,2,1,0,0,1,1,0,0,99,99,99,99,99,99,0,0,0,0,1,2,0,510186,0,2009,3520,RT 626,99999999999999999999,0000000,37.00810556,-82.61349722,1,1
51,165,4,25,17,5,2,2,0,0,3,2,0,12,5,1,1,1,2,55,1,1,2,1,0,0,1,1,0,0,99,99,99,99,99,99,0,14,0,0,1,7,0,510187,0,2009,105,US-33,99999999999999999999,0000000,38.50221944,-79.05168333,2,1
51,710,4,25,11,18,2,2,0,0,14,3,0,12,5,1,1,1,5,35,1,1,2,1,0,0,1,1,0,0,99,99,12,5,99,99,0,0,0,0,1,7,0,510188,1760,2009,13,SR-194,99999999999999999999,0000000,36.88507778,-76.23524722,2,1
51,770,4,26,16,5,1,1,0,1,13,2,0,30,0,1,3,2,4,35,2,1,2,1,0,0,1,1,0,0,99,99,99,99,99,99,0,0,0,0,1,1,1,510189,2100,2009,1530,US-460,99999999999999999999,0000000,37.28825833,-79.98124167,1,1
51,109,4,30,11,20,1,1,0,0,4,2,0,37,0,1,4,1,2,55,1,1,2,1,0,0,1,1,0,0,99,99,12,15,99,99,0,0,0,0,1,5,0,510190,0,2009,1163,US-250,99999999999999999999,0000000,37.93336667,-78.10936111,1,1
51,700,4,30,9,24,3,3,0,1,13,2,0,12,2,1,1,3,6,45,2,1,2,1,0,0,1,1,0,0,99,99,99,99,99,99,0,0,0,0,1,5,0,510191,1720,2009,534,US-143,99999999999999999999,0000000,37.04942222,-76.45986667,3,1
51,147,4,1,23,28,1,1,0,0,3,2,0,42,0,1,4,1,2,55,1,2,2,2,0,0,2,1,0,0,88,88,88,88,88,88,0,0,0,0,1,4,1,510192,0,2009,488,US-15,99999999999999999999,0000000,37.13951944,-78.44615833,1,1
51,165,4,13,20,0,1,2,0,0,3,2,0,38,0,1,4,1,2,60,1,1,2,1,0,0,2,1,0,0,99,99,21,8,99,99,0,0,0,0,1,2,1,510193,0,2009,476,US-340,99999999999999999999,0000000,38.42131944,-78.62365833,1,1
51,700,3,27,17,19,3,4,0,1,13,3,0,12,7,1,1,2,4,45,1,2,2,2,0,0,1,2,0,0,99,99,99,99,99,99,0,0,0,0,1,6,0,510194,1720,2009,550,SR- 105,99999999999999999999,0000000,37.173175,-76.559,3,2
51,165,4,16,10,51,1,1,0,0,4,2,0,38,0,1,5,1,3,55,1,4,2,1,0,0,1,1,0,0,99,99,99,99,99,99,0,0,0,0,1,5,0,510195,0,2009,2704,US-11,99999999999999999999,0000000,38.52708333,-78.77969722,1,1
51,760,4,25,18,20,1,2,1,1,13,2,0,8,0,1,1,3,6,35,1,1,2,1,0,0,1,1,0,0,99,99,99,99,99,99,0,0,0,0,1,7,0,510196,2060,2009,1362,US-360,99999999999999999999,0000000,37.49175,-77.49017778,1,1
51,810,4,23,22,29,1,2,1,1,13,2,0,8,0,11,1,2,7,45,1,1,1,1,3,3,2,1,0,0,99,99,99,99,99,99,0,0,0,0,1,5,1,510197,2540,2009,5053,US-58,GREAT NECK RD,0000000,36.84171389,-76.05045278,1,1
51,19,4,5,8,23,1,2,0,0,14,2,0,30,0,1,4,2,4,35,2,4,2,1,0,0,1,1,0,0,99,99,99,99,99,99,0,0,0,0,1,1,0,510198,0,2009,142,US- 221,99999999999999999999,0000000,37.35071389,-79.49286389,1,1
51,179,4,11,1,20,3,1,0,0,15,4,0,14,4,3,4,1,2,40,1,1,2,1,99,9,2,1,0,0,99,99,2,39,99,99,0,0,0,0,1,7,0,510199,0,2009,384,COURTHOUSE RD,AUTUMN RIDGE DR,0000000,38.422125,-77.42588889,2,1
51,75,4,20,7,45,1,1,0,0,4,4,0,42,0,1,4,1,2,55,1,2,2,2,0,0,1,2,0,0,88,88,88,88,88,88,0,0,0,0,1,2,0,510200,0,2009,244,FAIRGROUND RD,99999999999999999999,0000000,37.69883056,-77.85058056,1,2
51,163,4,7,3,15,1,1,0,0,3,3,0,24,0,1,4,1,2,55,2,2,2,1,0,0,2,1,0,0,99,99,99,99,99,99,0,0,0,0,1,3,1,510201,0,2009,209,SR-130,99999999999999999999,0000000,37.63360556,-79.52633889,1,1
51,59,4,26,23,25,1,2,1,1,13,2,0,8,0,3,1,3,4,45,1,1,2,1,2,3,3,1,0,0,99,99,99,99,99,99,0,0,0,0,1,1,0,510202,0,2009,6473,US-50,CHANTILLY RD,0000000,38.89236944,-77.42580278,1,1
51,177,4,21,18,5,2,2,0,0,6,4,0,12,4,1,1,1,2,40,2,1,2,2,0,0,1,2,0,0,99,99,99,99,99,99,0,0,0,0,1,3,1,510203,0,2009,15,LEE HILL SCHOOL DR,99999999999999999999,0000000,38.23015833,-77.46983611,2,2
51,165,5,1,4,48,1,1,0,0,6,4,0,42,0,1,4,1,2,55,2,1,2,1,0,0,2,1,0,0,88,88,88,88,88,88,0,0,0,0,1,6,1,510204,0,2009,100,RT 789,99999999999999999999,0000000,38.42683333,-79.04714722,1,1
51,185,5,1,4,33,1,2,0,0,4,4,0,30,0,1,4,1,2,35,1,2,2,1,0,0,2,1,0,0,99,99,99,99,99,99,0,0,0,0,1,6,1,510205,0,2009,120,RT 631,99999999999999999999,0000000,37.13486667,-81.60558611,1,1
51,127,5,2,1,48,1,2,0,0,6,4,0,37,0,1,4,1,2,40,2,1,2,1,0,0,2,1,0,0,99,99,99,99,99,99,0,0,0,0,1,7,1,510206,0,2009,230,RT 634,99999999999999999999,0000000,37.5922,-76.89416944,1,1
51,185,5,2,17,25,1,2,0,0,4,3,0,37,0,1,5,1,2,40,2,1,2,2,0,0,1,1,0,0,99,99,99,99,99,99,0,0,0,0,1,7,0,510207,0,2009,173,SR- 67,99999999999999999999,0000000,37.13678333,-81.786175,1,1
51,63,5,3,10,5,1,3,0,0,5,4,0,17,0,1,5,1,2,55,2,2,2,2,0,0,1,2,0,0,99,99,99,99,99,99,0,0,0,0,1,1,0,510208,0,2009,361,RT 653,99999999999999999999,0000000,37.06449167,-80.211525,1,2
51,15,5,2,17,25,1,1,0,0,6,4,0,11,0,1,1,1,2,55,1,2,2,1,0,0,1,1,0,0,99,99,99,99,99,99,0,0,0,0,1,7,1,510209,0,2009,28,SHUTTERLEE MILL RD,99999999999999999999,0000000,38.22125556,-79.0765,1,1
51,193,5,2,21,10,1,3,0,0,3,3,0,42,0,1,4,1,2,55,1,1,2,2,0,0,2,1,0,0,99,99,99,99,99,99,0,0,0,0,1,7,1,510210,0,2009,131,SR- 202,99999999999999999999,0000000,38.02726944,-76.614875,1,1
51,3,5,5,16,30,1,1,0,1,2,2,0,42,0,1,4,3,4,60,1,1,2,2,0,0,1,1,0,0,99,99,99,99,99,99,0,0,0,0,1,3,0,510211,0,2009,1240,US-MONACAN TRAIL RD,99999999999999999999,0000000,37.96828889,-78.63292778,1,1
51,61,5,6,13,50,1,2,0,1,1,1,0,52,0,15,2,3,2,65,2,2,2,1,0,0,1,1,0,0,99,99,99,99,99,99,0,0,0,0,1,4,0,510212,0,2009,207,I- 66,RT 688,0000000,38.9088,-77.97065833,1,1
51,7,5,6,5,0,1,2,1,1,2,2,0,9,0,1,2,2,4,55,1,1,2,1,0,0,2,1,0,0,99,99,99,99,99,99,0,0,0,0,1,4,0,510213,0,2009,981,US-360,99999999999999999999,0000000,37.30116389,-78.09030556,1,1
51,109,5,7,16,50,1,1,0,0,4,3,0,37,0,1,4,1,2,55,2,1,2,1,0,0,1,1,0,0,99,99,18,19,99,99,0,0,0,0,1,5,0,510214,0,2009,173,SR- 22,99999999999999999999,0000000,38.01753333,-77.97306111,1,1
51,147,5,9,12,20,1,2,1,0,15,5,0,8,0,4,1,1,2,25,1,2,2,1,0,0,1,1,0,0,99,99,99,99,99,99,0,0,0,0,1,7,0,510215,0,2009,118,LONGWOOD AVE,EAST THIRD ST,0000000,37.29385833,-78.37689444,1,1
51,683,5,9,19,9,1,2,0,0,15,5,0,27,0,1,2,1,2,25,1,1,2,1,0,0,1,1,0,0,99,99,99,99,99,99,0,0,0,0,1,7,0,510216,1550,2009,410,8707 QUARRY RD,99999999999999999999,0000000,38.75475278,-77.46099444,1,1
51,83,5,9,20,25,1,2,0,0,3,2,0,42,0,1,4,1,2,55,1,1,2,1,0,0,5,1,0,0,88,88,88,88,88,88,0,0,0,0,2,7,1,510217,0,2009,278,US- 501,99999999999999999999,0000000,36.81038333,-78.95273333,1,1
51,191,5,13,11,58,2,2,0,1,2,2,0,12,4,2,1,1,4,45,1,2,2,1,3,3,1,1,0,0,99,99,99,99,99,99,0,0,0,0,1,4,0,510218,0,2009,186,US- 19,RT 700,0000000,36.746725,-82.05259444,2,1
51,41,5,8,20,26,1,1,0,0,15,4,0,53,0,1,4,1,2,35,1,1,2,1,0,0,1,1,0,0,99,99,9,13,99,99,0,0,0,0,1,6,0,510219,0,2009,105,OLD BUCKINGHAM RD,99999999999999999999,0000000,37.51108889,-77.62664722,1,1
51,137,5,13,8,55,1,1,0,0,3,2,0,42,0,1,4,1,2,55,1,1,2,1,0,0,1,1,0,0,99,99,99,99,99,99,0,0,0,0,1,4,0,510220,0,2009,567,US- 522,99999999999999999999,0000000,38.26015556,-77.95606667,1,1
51,97,5,14,12,8,2,2,0,0,3,3,0,12,4,1,1,1,2,55,2,2,2,1,0,0,1,1,0,0,88,88,88,88,88,88,0,0,0,0,1,5,0,510221,0,2009,365,SR- 14,99999999999999999999,0000000,37.54512222,-76.69349722,2,1
51,171,5,13,18,20,1,2,0,1,1,1,0,42,0,1,4,2,4,65,1,1,2,1,0,0,1,1,0,0,99,99,99,99,99,99,0,0,0,0,1,4,0,510222,0,2009,2940,I-81,99999999999999999999,0000000,38.66038056,-78.66863333,1,1
51,135,5,14,0,49,1,1,0,1,2,2,0,1,0,3,2,2,4,60,1,1,2,1,0,0,2,1,0,0,88,88,88,88,88,88,0,0,0,0,1,5,1,510223,0,2009,972,US- 460,ROUTE 615,0000000,37.11885278,-77.94576667,1,1
51,147,5,13,20,20,1,1,0,1,2,2,0,30,0,1,4,2,4,60,1,1,2,1,0,0,5,1,0,0,99,99,99,99,99,99,0,0,0,0,1,4,0,510224,0,2009,710,US-360 EAST,99999999999999999999,0000000,37.08845833,-78.39981111,1,1
51,167,5,15,10,35,1,1,0,0,3,3,0,36,0,1,4,1,2,45,1,2,2,1,0,0,1,1,0,0,99,99,12,6,99,99,0,0,0,0,1,6,0,510225,1280,2009,284,SR-80,99999999999999999999,0000000,37.01420556,-81.95526111,1,1
51,510,4,10,23,51,4,3,0,0,14,5,0,12,2,1,1,1,2,25,2,2,2,1,0,0,3,1,0,0,99,99,99,99,99,99,0,0,0,0,1,6,1,510226,0,2009,21,3100 RUSSELL RD,99999999999999999999,0000000,38.833825,-77.06754722,3,1
51,149,4,11,1,38,2,4,0,1,2,2,0,12,4,1,1,1,2,55,1,1,2,2,0,0,2,1,0,0,99,99,99,99,99,99,0,0,0,0,1,7,0,510227,0,2009,3301,US-460,99999999999999999999,0000000,37.13083056,-77.23646111,2,1
51,107,5,15,22,38,2,7,0,0,15,4,0,12,4,1,1,1,2,25,2,2,2,1,0,0,2,1,0,0,99,99,99,99,99,99,0,0,0,0,1,6,0,510228,0,2009,1050,N LINCOLN AVE,99999999999999999999,0000000,39.00457778,-77.39001389,2,1
51,107,5,16,4,0,1,1,0,1,2,2,0,42,0,1,4,2,4,55,1,2,2,1,0,0,2,1,0,0,99,99,99,99,99,99,0,0,0,0,1,7,1,510229,0,2009,2049,US-7,99999999999999999999,0000000,39.118675,-77.82216944,1,1
51,63,5,17,14,15,1,3,0,0,5,4,0,42,0,1,4,1,2,55,1,2,2,2,0,0,1,2,0,0,99,99,99,99,99,99,0,0,0,0,2,1,0,510230,0,2009,911,RT 730,99999999999999999999,0000000,36.940975,-80.40395833,1,2
51,610,5,18,14,53,2,2,0,1,13,2,0,12,5,3,1,3,4,99,2,1,2,1,0,0,1,1,0,0,99,99,99,99,99,99,0,0,0,0,1,2,0,510231,930,2009,2420,US-29,TINNER HILL,0000000,38.87975,-77.17643333,2,1
51,810,4,27,2,13,2,1,0,0,14,5,0,14,1,1,2,3,4,45,2,1,2,1,0,0,3,1,0,0,88,88,88,88,88,88,0,0,0,0,1,2,1,510232,2540,2009,62,LYNNHAVEN PARKW,99999999999999999999,0000000,36.79513889,-76.09336944,2,1
51,43,5,25,11,55,2,4,0,1,2,3,0,12,5,2,1,1,4,55,1,1,2,1,20,3,1,1,0,0,99,99,99,99,99,99,0,0,0,0,1,2,0,510233,0,2009,144,SR-7,ROUTE 621,0000000,39.14550556,-77.69222222,2,1
51,131,4,24,14,30,4,4,0,1,2,2,0,12,5,1,1,3,4,55,1,1,2,1,0,0,1,1,0,0,99,99,99,99,99,99,0,0,0,0,1,6,0,510234,0,2009,842,US-13,99999999999999999999,0000000,,,4,1
51,1,5,29,21,47,2,4,0,1,2,2,0,12,4,1,1,2,5,45,1,1,2,2,0,0,2,2,0,0,99,99,99,99,99,99,0,0,0,0,1,6,0,510235,0,2009,1375,US- 13,99999999999999999999,0000000,37.92158611,-75.54954444,2,2
51,13,5,8,21,42,1,3,1,1,13,2,0,9,0,2,1,3,3,35,1,1,2,1,3,3,3,1,0,0,99,99,99,99,99,99,0,0,0,0,1,6,0,510236,0,2009,2576,US-29,N CLEVELAND ST,0000000,38.89524167,-77.09149444,1,1
51,550,5,2,2,10,1,1,0,0,14,5,0,24,0,1,4,3,4,40,2,1,2,1,0,0,3,1,0,0,88,88,88,88,88,88,0,0,0,0,1,7,1,510237,468,2009,23,4207 TAYLOR RD,99999999999999999999,0000000,36.85874722,-76.40639167,1,1
51,153,5,17,20,7,1,1,0,0,15,4,0,27,0,3,4,1,2,35,1,1,2,1,0,0,2,1,0,0,88,88,88,88,88,88,0,0,0,0,1,1,0,510238,0,2009,266,FULLER HEIGHTS RD,PERRY STREET,0000000,38.53735833,-77.32426667,1,1
51,185,5,24,10,25,2,3,0,1,2,2,0,12,4,2,1,1,4,55,1,3,2,1,0,0,1,1,0,0,99,99,99,99,99,99,0,0,0,0,1,1,0,510239,0,2009,827,US-460,RT 460,0000000,37.21761667,-81.34963889,2,1
51,53,5,26,21,10,1,1,0,0,14,2,0,34,0,1,4,1,3,55,2,1,2,1,0,0,2,1,0,0,99,99,99,99,99,99,0,0,0,0,1,3,0,510240,0,2009,620,US-1,99999999999999999999,0000000,37.07195833,-77.59798056,1,1
51,3,5,24,16,22,1,4,0,0,4,4,0,30,0,1,2,1,2,50,2,1,2,1,0,0,1,1,0,0,99,99,99,99,99,99,0,0,0,0,1,1,1,510241,0,2009,40,GARTH RD,99999999999999999999,0000000,38.07585,-78.53269722,1,1
51,143,5,30,11,20,2,3,0,0,3,2,0,12,4,2,1,1,2,55,1,2,2,1,20,3,1,1,0,0,99,99,99,99,99,99,0,0,0,0,2,7,0,510242,0,2009,821,US-726,SR- 360,0000000,36.67970833,-79.32043056,2,1
51,197,5,30,14,44,2,3,0,0,4,2,0,12,1,1,1,1,2,55,1,1,2,1,0,0,1,1,0,0,99,99,99,99,99,99,0,0,0,0,1,7,0,510243,0,2009,500,US-52,99999999999999999999,0000000,36.96443333,-81.14635,2,1
51,25,5,12,14,12,1,1,0,1,1,1,0,24,0,1,4,2,4,70,1,2,2,1,0,0,1,1,0,0,88,88,88,88,88,88,0,0,0,0,1,3,0,510244,0,2009,250,I-85,99999999999999999999,0000000,36.82247778,-77.96585,1,1
51,107,5,23,0,56,2,3,1,1,13,2,0,7,0,15,1,3,6,55,1,1,2,1,0,0,2,1,0,0,99,99,99,99,99,99,0,0,0,0,1,7,0,510245,0,2009,426,US- 7,LANSDOWNE BLVD,0000000,39.07024722,-77.47910556,2,1
51,89,5,22,17,21,1,1,0,0,14,3,0,41,0,1,3,3,4,45,1,1,2,1,0,0,1,1,0,0,88,88,88,88,88,88,0,0,0,0,1,6,0,510246,0,2009,40,SR-174,99999999999999999999,0000000,,,1,1
51,71,6,2,19,12,1,2,1,1,2,2,0,15,0,2,1,3,4,55,1,1,2,1,20,3,1,1,0,0,88,88,88,88,88,88,0,0,0,0,1,3,0,510247,0,2009,850,US-460,RT 643,0000000,37.33890833,-80.75689444,1,1
51,31,5,1,20,50,2,2,0,1,2,2,0,12,2,1,1,3,4,60,1,1,2,1,0,0,1,1,0,0,99,99,21,52,99,99,0,0,0,0,1,6,2,510248,0,2009,2148,US-460,99999999999999999999,0000000,37.35924167,-78.89024722,2,1