STATE,COUNTY,MONTH,DAY,HOUR,MINUTE,VE_TOTAL,PERSONS,PEDS,NHS,ROAD_FNC,ROUTE,SP_JUR,HARM_EV,MAN_COLL,REL_JUNC,REL_ROAD,TRAF_FLO,NO_LANES,SP_LIMIT,ALIGNMNT,PROFILE,PAVE_TYP,SUR_COND,TRA_CONT,T_CONT_F,LGT_COND,WEATHER1,WEATHER2,WRK_ZONE,NOT_HOUR,NOT_MIN,ARR_HOUR,ARR_MIN,HOSP_HR,HOSP_MN,SCH_BUS,CF1,CF2,CF3,FATALS,DAY_WEEK,DRUNK_DR,ST_CASE,CITY,YEAR,MILEPT,TWAY_ID,TWAY_ID2,RAIL,LATITUDE,LONGITUD,VE_FORMS,WEATHER
51,69,5,20,17,21,2,2,0,0,15,4,0,12,4,4,1,1,2,45,1,1,2,1,0,0,1,1,0,0,88,88,88,88,88,88,0,0,0,0,1,4,0,510249,0,2009,49,RT 642,RT 647,0000000,39.11061667,-78.20102778,2,1
51,41,5,6,13,28,2,2,0,1,13,2,0,12,5,2,1,3,6,45,2,1,2,2,20,3,1,2,0,0,99,99,14,6,99,99,0,0,0,0,1,4,0,510250,0,2009,1254,US-360,BAYSIDE LANE,0000000,37.40960833,-77.65312778,2,2
51,89,5,13,8,0,2,5,0,1,13,2,0,12,5,1,1,2,4,45,1,1,2,1,0,0,1,1,0,0,99,99,99,99,99,99,0,0,0,0,1,4,0,510251,0,2009,189,US-220,99999999999999999999,0000000,,,2,1
51,143,5,22,8,0,1,1,0,0,14,4,0,42,0,1,4,1,2,45,1,1,2,1,0,0,1,1,0,0,99,99,99,99,99,99,0,0,0,0,1,6,0,510252,0,2009,5,RT 724,99999999999999999999,0000000,36.74259722,-79.21417222,1,1
51,21,5,23,23,15,1,1,0,0,6,4,0,37,0,1,4,1,2,35,1,1,2,1,0,0,2,1,0,0,88,88,88,88,88,88,0,0,0,0,1,7,0,510253,0,2009,10,RT 622,99999999999999999999,0000000,37.05558889,-81.24355278,1,1
51,75,5,27,12,6,1,2,0,0,4,4,0,42,0,1,4,1,2,55,1,2,2,1,0,0,1,1,0,0,99,99,99,99,99,99,0,0,0,0,1,4,0,510254,0,2009,50,FAIRGROUND RD,99999999999999999999,0000000,37.70419444,-77.809725,1,1
51,550,5,30,13,4,2,2,0,0,16,3,0,12,5,1,1,3,6,25,1,1,2,1,0,0,1,1,0,0,88,88,88,88,88,88,0,0,0,0,1,7,0,510255,468,2009,99999,SR-165,99999999999999999999,0000000,36.71205556,-76.25764722,2,1
51,101,5,31,1,30,1,2,0,0,6,4,0,1,0,1,2,1,2,55,2,1,2,1,0,0,2,1,0,0,99,99,3,8,99,99,0,0,0,0,1,1,0,510256,0,2009,10,RT 645,99999999999999999999,0000000,37.58213333,-76.82361667,1,1
51,29,6,2,9,32,2,2,0,0,3,2,0,12,5,2,1,1,2,55,1,1,2,1,0,0,1,1,0,0,99,99,99,99,99,99,0,0,0,0,1,3,1,510257,0,2009,909,US-15,RT-610,0000000,,,2,1
51,590,6,3,18,24,2,2,0,0,13,2,0,12,5,2,1,3,4,55,2,1,2,1,20,3,1,1,0,0,99,99,99,99,99,99,0,0,0,0,1,4,0,510258,720,2009,44,US-58,JAMES RD,0000000,36.59440833,-79.46758611,2,1
51,135,5,31,15,14,1,2,1,1,2,2,0,9,0,1,1,3,4,60,2,1,2,1,0,0,1,1,0,0,88,88,88,88,88,88,0,0,0,0,1,1,0,510259,0,2009,2811,US-460,99999999999999999999,0000000,37.11118889,-78.02043889,1,1
51,191,6,4,21,45,2,2,0,1,1,1,0,12,1,15,1,3,4,65,2,2,2,2,0,0,2,2,0,0,88,88,88,88,88,88,0,0,0,0,1,5,1,510260,0,2009,151,I-81,99999999999999999999,0000000,,,2,2
51,179,6,4,6,20,1,4,0,1,1,1,0,34,0,15,4,3,3,65,2,2,2,2,0,0,1,2,0,0,99,99,99,99,99,99,0,0,0,0,2,5,0,510261,0,2009,1370,I-95 NORTH,CENTREPORT PARKWAY,0000000,38.37497222,-77.46176667,1,2
51,79,6,4,13,20,2,2,0,0,3,3,0,12,4,1,1,1,2,55,2,2,2,1,0,0,1,1,0,0,88,88,88,88,88,88,0,0,0,0,1,5,0,510262,0,2009,235,SR-230,99999999999999999999,0000000,38.31095278,-78.43242778,2,1
51,61,6,5,5,15,1,2,0,0,5,4,0,42,0,1,4,1,2,45,2,1,2,2,0,0,4,1,0,0,88,88,88,88,88,88,0,0,0,0,1,6,0,510263,0,2009,59,RT-613 NORTH,99999999999999999999,0000000,38.58822778,-77.57918333,1,1
51,49,6,8,17,53,1,1,0,0,4,4,0,34,0,1,4,1,2,55,1,1,2,1,0,0,1,1,0,0,99,99,19,39,99,99,0,0,0,0,1,2,1,510264,0,2009,2,RT-690,99999999999999999999,0000000,37.51598889,-78.23535833,1,1
51,197,6,6,6,34,3,3,0,1,11,1,0,1,0,1,1,3,3,65,1,1,2,1,0,0,1,1,0,0,99,99,10,21,99,99,0,0,0,0,1,7,0,510265,0,2009,733,I-81,99999999999999999999,0000000,36.94742222,-81.05197778,3,1
51,99,6,10,17,32,1,1,0,0,6,4,0,42,0,1,4,1,2,45,1,1,2,1,0,0,1,1,0,0,99,99,99,99,99,99,0,0,0,0,1,4,1,510266,0,2009,52,INDIANTOWN RD,99999999999999999999,0000000,38.29188889,-77.17706667,1,1
51,153,6,12,21,10,1,1,0,0,16,4,0,33,0,1,5,1,2,25,2,2,2,1,0,0,5,1,0,0,99,99,99,99,99,99,0,0,0,0,1,6,0,510267,0,2009,400,BEAU RIDGE DR,99999999999999999999,0000000,38.61398611,-77.31645556,1,1
51,85,6,13,19,50,1,1,0,0,14,3,0,43,0,1,4,1,2,45,2,2,1,1,0,0,5,1,0,0,99,99,99,99,99,99,0,0,0,0,1,7,1,510268,0,2009,551,SR-15,99999999999999999999,0000000,37.58777778,-77.28426944,1,1
51,41,6,11,19,11,1,2,0,0,6,4,0,38,0,1,4,1,2,25,2,1,2,1,0,0,1,1,0,0,99,99,99,99,99,99,0,0,0,0,1,5,1,510269,0,2009,2,19600 FOXBROOK DR,99999999999999999999,0000000,37.25567778,-77.42473056,1,1
51,127,6,13,3,17,2,5,1,1,1,1,0,14,7,1,2,2,4,65,1,1,2,1,0,0,2,1,0,0,99,99,99,99,99,99,0,0,0,0,1,7,1,510270,0,2009,2089,I-64,99999999999999999999,0000000,37.50645833,-77.09552778,1,1
51,41,6,14,2,5,1,3,0,0,3,4,0,42,0,1,4,1,2,35,1,1,2,1,0,0,2,1,0,0,99,99,99,99,99,99,0,0,0,0,1,1,1,510271,0,2009,14,4901 BEULAH RD,99999999999999999999,0000000,37.41911667,-77.48236667,1,1
51,121,6,16,8,25,1,2,1,0,14,2,0,24,0,1,4,1,3,55,1,1,2,2,0,0,1,2,0,0,88,88,88,88,88,88,0,0,0,0,1,3,0,510272,0,2009,1232,US- 460,99999999999999999999,0000000,37.15976944,-80.42129444,1,2
51,53,6,15,13,36,1,1,0,0,6,4,0,42,0,1,4,1,2,55,2,1,2,1,0,0,1,1,0,0,99,99,99,99,99,99,0,0,0,0,1,2,0,510273,0,2009,5,RT 669,99999999999999999999,0000000,37.06558889,-77.47146667,1,1
51,810,6,20,23,41,1,1,0,1,13,2,0,26,0,3,4,3,4,45,1,1,2,1,3,3,3,1,0,0,88,88,88,88,88,88,0,0,0,0,1,7,1,510274,2540,2009,2878,US-60,2100 DIAMOND SPRINGS,0000000,36.90556944,-76.17885556,1,1
51,145,6,21,5,25,1,1,0,0,5,4,0,42,0,1,4,1,2,55,2,1,2,1,0,0,2,1,0,0,99,99,99,99,99,99,0,0,0,0,1,1,1,510275,0,2009,86,CARTERSVILLE RD,99999999999999999999,0000000,37.63326667,-78.06653056,1,1
51,71,6,19,11,16,3,3,0,1,2,2,0,12,2,1,1,3,4,55,2,1,2,1,0,0,1,1,0,0,99,99,99,99,99,99,0,0,0,0,1,6,0,510276,0,2009,870,US-460,99999999999999999999,0000000,37.337,-80.80839167,3,1
51,137,6,22,19,25,1,1,0,0,4,4,0,34,0,1,4,5,5,55,2,1,2,1,0,0,1,1,0,0,88,88,88,88,88,88,0,0,0,0,1,2,0,510277,0,2009,11,RT 604,99999999999999999999,0000000,38.26547778,-77.809725,1,1
51,83,6,22,20,40,2,7,0,0,6,4,0,12,2,1,1,1,2,55,2,1,2,1,0,0,5,1,0,0,99,99,99,99,99,99,0,0,0,0,2,2,1,510278,0,2009,48,RT 645,99999999999999999999,0000000,36.613875,-78.92921389,2,1
51,195,6,23,19,50,1,1,0,1,2,2,0,24,0,1,4,2,4,55,2,2,2,1,0,0,1,1,0,0,99,99,99,99,99,99,0,0,0,0,1,3,1,510279,0,2009,549,US- 58A,99999999999999999999,0000000,36.88895833,-82.72361667,1,1
51,165,6,23,22,50,1,2,1,0,14,4,0,9,0,1,1,1,3,55,1,1,2,1,0,0,2,1,0,0,88,88,88,88,88,88,0,0,0,0,1,3,0,510280,0,2009,2659,RT-11,99999999999999999999,0000000,38.468575,-78.832225,1,1
51,177,6,21,17,27,2,3,0,0,6,4,0,12,5,1,1,1,2,35,1,1,4,1,0,0,1,1,0,0,99,99,18,25,99,99,0,0,0,0,2,1,0,510281,0,2009,12,TOWLES MILL RD,99999999999999999999,0000000,38.10411944,-77.69237222,2,1
51,153,5,18,0,15,1,2,0,0,6,4,0,38,0,1,4,1,2,45,2,2,2,1,40,3,2,1,0,0,99,99,99,99,99,99,0,0,0,0,1,2,1,510282,0,2009,13,COLVIN LANE,99999999999999999999,0000000,38.69395,-77.54725556,1,1
51,77,6,25,6,0,1,1,0,0,3,4,0,42,0,1,4,1,2,55,1,2,2,1,0,0,4,1,0,0,88,88,88,88,88,88,0,0,0,0,1,5,0,510283,0,2009,1612,RT 58,99999999999999999999,0000000,36.60243611,-81.35633333,1,1
51,45,6,20,19,48,1,2,0,0,6,4,0,42,0,1,4,1,2,55,2,1,2,1,0,0,1,1,0,0,99,99,99,99,99,99,0,0,0,0,1,7,1,510284,0,2009,25,RT-621,99999999999999999999,0000000,37.40183611,-80.20714722,1,1
51,197,6,26,15,30,1,1,0,1,11,1,0,32,0,1,4,2,4,65,2,1,2,1,0,0,1,1,0,0,88,88,88,88,88,88,0,0,0,0,1,6,0,510285,0,2009,409,I-77,99999999999999999999,0000000,36.94714722,-80.93628056,1,1
51,13,6,19,22,50,1,2,1,1,13,4,0,8,0,2,1,1,4,25,1,1,2,1,3,3,3,1,0,0,99,99,99,99,99,99,0,0,0,0,1,6,0,510286,0,2009,28,WILSON BLVD,NORT 10TH STREET,0000000,38.88431944,-77.09883333,1,1
51,810,6,26,18,45,1,2,0,1,11,1,0,42,0,1,4,3,6,55,1,1,1,1,0,0,1,1,0,0,88,88,88,88,88,88,0,0,0,0,2,6,0,510287,2540,2009,243,I-264-E,99999999999999999999,0000000,36.84631667,-75.99878333,1,1
51,179,6,26,15,23,1,3,0,0,13,2,0,42,0,1,4,1,4,45,1,2,2,1,0,0,1,1,0,0,99,99,99,99,99,99,0,0,0,0,2,6,0,510288,0,2009,1512,US-1,99999999999999999999,0000000,38.36036944,-77.45824722,1,1
51,117,6,27,17,20,1,5,0,1,1,1,0,32,0,1,5,3,4,70,1,1,2,1,0,0,1,1,0,0,99,99,99,99,99,99,0,0,0,0,2,7,0,510289,0,2009,179,I-85N,99999999999999999999,0000000,36.78969722,-78.0031,1,1
51,85,6,27,17,0,2,2,0,0,3,2,0,14,2,1,7,1,2,55,1,1,2,1,0,0,1,1,0,0,88,88,88,88,88,88,0,0,0,0,2,7,0,510290,0,2009,902,US-301,99999999999999999999,0000000,37.72789167,-77.36452222,2,1
51,59,6,26,23,30,2,1,0,0,16,4,0,14,5,1,7,1,2,25,1,1,2,2,0,0,2,2,0,0,88,88,88,88,88,88,0,0,0,0,1,6,1,510291,0,2009,0,SILVERDALE COURT,99999999999999999999,0000000,38.72904444,-77.23933611,1,2
51,15,6,28,12,24,2,2,0,0,3,2,0,12,2,1,1,1,2,55,2,2,2,1,0,0,1,1,0,0,88,88,88,88,88,88,0,0,0,0,2,1,1,510292,0,2009,381,US-250,99999999999999999999,0000000,38.12078333,-79.02414444,2,1
51,109,6,27,0,14,2,3,0,0,3,3,0,38,0,1,4,1,2,55,2,2,2,2,0,0,2,1,0,0,99,99,99,99,99,99,0,0,0,0,1,7,1,510293,0,2009,226,SR-208,99999999999999999999,0000000,38.08296111,-77.836075,1,1
51,59,6,29,16,28,1,2,0,0,15,4,0,42,0,1,4,1,2,35,1,1,2,1,0,0,1,1,0,0,99,99,99,99,99,99,0,0,0,0,1,2,0,510294,0,2009,11,LEE'S CORNER RD,99999999999999999999,0000000,38.91020278,-77.42056944,1,1
51,23,6,29,19,11,1,5,0,0,6,2,0,37,0,1,4,1,4,55,2,1,2,1,0,0,1,1,0,0,99,99,20,46,99,99,0,0,0,0,1,2,0,510295,0,2009,99999,US- 11,99999999999999999999,0000000,37.44160833,-79.85721667,1,1
51,185,6,30,3,9,1,1,0,1,2,2,0,32,0,1,4,2,4,55,1,1,2,1,0,0,2,1,0,0,88,88,88,88,88,88,0,0,0,0,1,3,0,510296,0,2009,755,US-460,99999999999999999999,0000000,37.10009722,-81.864625,1,1
51,683,6,30,16,28,2,4,0,0,14,3,0,12,2,2,1,3,6,35,1,1,2,1,3,3,1,1,0,0,99,99,99,99,99,99,0,0,0,0,1,3,0,510297,1550,2009,14,SR-234,HASTINGS DRIVE,0000000,38.73359722,-77.47481389,2,1
51,1,6,21,17,15,1,2,0,1,2,2,0,32,0,3,5,3,4,55,1,1,2,1,0,0,1,1,0,0,99,99,99,99,99,99,0,0,0,0,1,1,0,510298,0,2009,1147,US- 13,RT 639,0000000,37.64957778,-75.74283611,1,1
51,141,6,20,5,25,1,1,0,0,3,3,0,32,0,1,4,1,2,55,2,2,2,1,0,0,2,1,0,0,99,99,99,99,99,99,0,0,0,0,1,7,0,510299,0,2009,148,SR-8,99999999999999999999,0000000,36.62951111,-80.27289444,1,1
51,730,6,27,3,19,1,1,0,1,11,1,0,21,0,13,4,6,1,55,2,2,2,2,0,0,2,1,0,0,99,99,99,99,99,99,0,0,0,0,1,7,0,510300,1910,2009,525,I-95 SOUTH,WYTHE STREET EXIT,0000000,37.22745833,-77.39464722,1,1
51,550,6,30,12,45,2,2,0,1,11,1,0,12,1,1,1,2,4,55,1,2,2,1,0,0,1,1,0,0,99,99,99,99,99,99,0,0,0,0,1,3,0,510301,468,2009,194,I-664 SOUTH,99999999999999999999,0000000,36.78598611,-76.41454722,2,1
51,149,6,29,4,30,2,6,0,1,1,7,0,1,0,1,1,3,4,65,1,1,2,1,0,0,2,1,0,0,99,99,99,99,99,99,0,0,0,0,1,2,0,510302,0,2009,456,I-95 SOUTH,99999999999999999999,0000000,36.99172222,-77.39284444,2,1
51,81,7,1,0,5,1,1,0,0,4,4,0,37,0,1,4,1,2,55,2,1,2,1,0,0,2,1,0,0,88,88,88,88,88,88,0,0,0,0,1,4,0,510303,0,2009,26,RT-633,99999999999999999999,0000000,36.65726389,-77.58853889,1,1
51,149,7,3,22,9,1,2,0,0,4,4,0,34,0,1,4,1,2,45,2,1,2,1,0,0,2,1,0,0,99,99,99,99,99,99,0,0,0,0,1,6,1,510304,0,2009,72,SANDY RIDGE RD,99999999999999999999,0000000,37.26380833,-77.215175,1,1
51,75,6,18,6,7,1,1,0,0,4,2,0,42,0,1,4,1,2,55,1,2,2,2,0,0,4,1,0,0,88,88,88,88,88,88,0,0,0,0,1,5,0,510305,0,2009,1451,US-250,99999999999999999999,0000000,37.69101944,-77.75281944,1,1
51,53,7,1,16,40,2,2,0,0,4,2,0,12,1,1,1,1,2,40,1,1,2,1,0,0,1,1,0,0,99,99,17,42,99,99,0,0,0,0,1,4,0,510306,0,2009,614,US-1,99999999999999999999,0000000,36.9861,-77.71213611,2,1
51,121,7,2,16,34,1,2,1,0,16,3,0,9,0,3,2,1,3,25,1,1,2,1,0,0,1,1,0,0,88,88,88,88,88,88,0,0,0,0,1,5,0,510307,0,2009,16,SR-31,DRILLFIELD DRIVE,0000000,37.225475,-80.42515833,1,1
51,165,7,3,19,21,2,2,0,0,4,4,0,12,8,1,1,1,2,55,1,1,2,1,0,0,1,1,0,0,88,88,88,88,88,88,0,0,0,0,1,6,1,510308,0,2009,54,SINGERS GLEN RD,99999999999999999999,0000000,38.48678611,-78.92209167,2,1
51,41,7,3,2,0,1,1,0,1,12,3,0,52,0,13,5,6,1,60,1,2,2,1,0,0,2,1,0,0,88,88,88,88,88,88,0,0,0,0,1,6,1,510309,0,2009,32,SR-76,RT 653,0000000,37.46525278,-77.5918,1,1
51,121,7,4,23,34,2,5,0,0,4,4,0,12,6,4,1,1,2,55,1,1,2,1,0,0,2,1,0,0,99,99,99,99,99,99,0,0,0,0,1,7,2,510310,0,2009,36,ALLEGHANY SPRINGS RD,GAZEBO DR,0000000,37.13000833,-80.264825,2,1
51,87,7,4,13,50,1,2,1,1,13,2,0,9,0,2,1,3,6,45,1,1,2,1,3,3,1,1,0,0,99,99,99,99,99,99,0,0,0,0,1,7,0,510311,0,2009,1594,US-250,HORSEPEN RD,0000000,37.59593889,-77.51103333,1,1
51,710,7,5,4,15,1,4,0,0,16,5,0,33,0,1,4,3,4,35,2,1,2,1,0,0,2,1,0,0,99,99,99,99,99,99,0,0,0,0,2,1,1,510312,1760,2009,0,1500 HELMICK ST,99999999999999999999,0000000,36.92691111,-76.31155,1,1
51,69,7,8,14,35,1,1,0,1,11,1,0,1,0,1,2,2,4,65,1,1,2,1,0,0,1,1,0,0,88,88,88,88,88,88,0,0,0,0,1,4,0,510313,0,2009,3078,I-81S,99999999999999999999,0000000,39.05162222,-78.25551389,1,1
51,185,7,6,12,41,2,3,0,0,6,4,0,12,4,1,1,1,2,35,2,1,2,1,0,0,1,1,0,0,99,99,99,99,99,99,0,0,0,0,1,2,0,510314,0,2009,3,RED ROOT RIDGE RD,99999999999999999999,0000000,37.09106111,-81.84986111,2,1
51,165,7,8,16,28,1,3,0,0,3,2,0,42,0,1,4,1,2,55,1,1,2,1,0,0,1,1,0,0,99,99,99,99,99,99,0,0,0,0,1,4,0,510315,0,2009,60,US-33,99999999999999999999,0000000,38.47455556,-78.98655,1,1
51,89,7,10,23,50,1,1,0,1,2,2,0,32,0,1,4,2,4,55,2,2,2,1,0,0,2,1,0,0,88,88,88,88,88,88,0,0,0,0,1,6,1,510316,0,2009,234,US-220,99999999999999999999,0000000,36.83127222,-79.92210278,1,1
51,171,7,10,7,15,1,1,0,1,1,1,0,52,0,1,3,2,4,65,1,1,2,1,0,0,1,1,0,0,99,99,8,20,99,99,0,0,0,0,1,6,0,510317,0,2009,2922,I-81,99999999999999999999,0000000,38.61137222,-78.710175,1,1
51,41,7,10,0,41,1,2,0,0,6,4,0,11,0,1,1,1,2,45,1,1,2,1,0,0,2,1,0,0,99,99,99,99,99,99,0,0,0,0,1,6,0,510318,0,2009,0,14701 BEACH RD,99999999999999999999,0000000,37.36435833,-77.68578611,1,1
51,760,7,11,5,10,2,5,0,1,13,2,0,12,4,2,1,3,4,35,1,1,2,1,3,3,4,1,0,0,99,99,99,99,99,99,0,0,0,0,1,7,1,510320,2060,2009,1373,US-360,EAST BELT BLVD,0000000,37.50233889,-77.47382778,2,1
51,710,7,11,1,50,2,4,0,0,13,3,0,12,4,2,1,1,5,45,1,1,2,1,3,3,2,1,0,0,99,99,99,99,99,99,0,0,0,0,2,7,2,510321,1760,2009,353,SR-165,JOHNSTONS RD,0000000,36.90913611,-76.23413056,2,1
51,650,7,11,21,13,1,2,1,0,16,5,0,8,0,3,1,1,2,30,1,1,2,1,0,0,3,1,0,0,88,88,88,88,88,88,0,0,0,0,1,7,1,510322,1180,2009,0,WEST QUEEN ST,REDWOOD STREET,0000000,37.02612778,-76.35836944,1,1
51,107,7,12,16,21,1,1,0,0,6,4,0,42,0,1,4,1,2,25,2,1,2,1,0,0,3,1,0,0,88,88,88,88,88,88,0,0,0,0,1,1,1,510323,0,2009,9,LENAH RUN CIRCLE,99999999999999999999,0000000,38.94585833,-77.59326111,1,1
51,143,7,13,5,20,1,3,1,1,2,2,0,8,0,1,1,2,4,65,1,2,2,1,0,0,2,1,0,0,99,99,99,99,99,99,0,0,0,0,1,2,0,510324,0,2009,113,US-29,99999999999999999999,0000000,36.63495278,-79.36489167,1,1
51,195,7,14,14,30,2,2,0,1,2,2,0,12,4,2,1,2,4,55,1,2,2,1,20,3,1,1,0,0,88,88,88,88,88,88,0,0,0,0,1,3,0,510325,0,2009,576,US-23,RT 23B,0000000,37.14280278,-82.62199444,2,1
51,19,6,13,2,44,1,2,0,0,4,4,0,37,0,1,4,1,2,45,2,2,2,1,0,0,2,1,0,0,99,99,99,99,99,99,0,20,0,0,1,7,1,510326,0,2009,133,RT-635,99999999999999999999,0000000,,,1,1
51,7,6,1,10,0,1,1,0,0,6,4,0,42,0,1,4,1,2,55,2,1,2,1,0,0,1,1,0,0,88,88,88,88,88,88,0,0,0,0,1,2,0,510327,0,2009,27,RT 630,99999999999999999999,0000000,37.39177778,-77.97014167,1,1
51,550,6,2,18,26,2,3,0,0,15,5,0,12,6,8,1,1,2,45,1,1,2,1,0,0,1,1,0,0,99,99,99,99,99,99,0,0,0,0,1,3,0,510328,468,2009,15,BENEFIT ROAD,SIGN PINE ROAD,0000000,36.63378333,-76.23868056,2,1
51,810,6,5,13,57,2,2,0,0,14,5,0,12,4,2,1,1,2,45,1,1,2,1,20,3,1,1,0,0,99,99,99,99,99,99,0,0,0,0,1,6,0,510329,2540,2009,67,BLACKWATER ROAD,OLD CAROLINA ROAD,0000000,36.63853333,-76.09577222,2,1
51,41,6,13,2,58,2,3,0,0,13,2,0,12,2,1,1,3,4,45,2,1,2,1,0,0,2,1,0,0,99,99,99,99,99,99,0,0,0,0,1,7,2,510330,0,2009,813,US- 360,99999999999999999999,0000000,37.37615833,-77.42168333,2,1
51,73,6,14,18,35,1,1,0,0,4,4,0,37,0,1,4,1,2,35,2,2,2,1,0,0,1,1,0,0,88,88,88,88,88,88,0,0,0,0,1,1,1,510331,0,2009,9,PROVIDENCE RD,99999999999999999999,0000000,37.32546389,-76.53526667,1,1
51,161,6,14,23,50,2,1,0,0,16,4,0,14,7,1,2,1,2,35,2,1,2,1,0,0,2,1,0,0,99,99,99,99,99,99,0,0,0,0,1,1,1,510332,0,2009,3,FLORIST RD,99999999999999999999,0000000,37.32534444,-79.94920556,1,1
51,59,6,6,14,33,2,2,0,0,14,4,0,12,2,1,1,1,2,35,1,3,2,1,0,0,1,1,0,0,99,99,15,21,99,99,0,0,0,0,1,7,0,510333,0,2009,11,SOUTH KINGS HWY,99999999999999999999,0000000,38.77181944,-77.10136389,2,1
51,810,6,16,6,50,1,2,1,0,14,5,0,8,0,1,1,3,4,45,1,1,2,1,0,0,1,1,0,0,99,99,99,99,99,99,0,0,0,0,1,3,0,510334,2540,2009,64,1328 LYNNHAVEN PKWAY,99999999999999999999,0000000,36.79681111,-76.08834722,1,1
51,179,6,7,5,30,1,1,0,1,11,1,0,37,0,1,4,3,6,65,1,1,2,1,0,0,4,1,0,0,88,88,88,88,88,88,0,0,0,0,1,1,1,510335,0,2009,1471,I-95 SOUTH,99999999999999999999,0000000,38.42616111,-77.419625,1,1
51,177,6,14,14,5,3,5,0,1,11,1,0,12,7,1,1,3,6,65,1,1,2,1,0,0,1,1,0,0,99,99,99,99,99,99,0,0,0,0,1,1,0,510336,0,2009,525,I-95N,99999999999999999999,0000000,38.12834444,-77.51266389,3,1
51,195,6,9,22,50,1,1,0,0,4,3,0,42,0,1,4,1,2,55,2,2,2,1,0,0,2,1,0,0,88,88,88,88,88,88,0,0,0,0,1,3,1,510337,0,2009,388,SR-72,99999999999999999999,0000000,37.05243611,-82.49668056,1,1
51,33,6,9,19,0,1,2,0,0,4,4,0,18,0,1,1,1,2,45,1,1,2,2,0,0,1,2,0,0,99,99,99,99,99,99,0,0,0,0,1,3,0,510338,0,2009,414,SPARTA ROAD,99999999999999999999,0000000,37.98845278,-77.27105278,1,2
51,143,6,19,1,20,1,1,0,0,5,4,0,37,0,1,4,1,2,55,2,2,2,1,0,0,2,1,0,0,99,99,99,99,99,99,0,0,0,0,1,6,1,510339,0,2009,93,RT-642,99999999999999999999,0000000,36.91750833,-79.69173333,1,1
51,3,6,23,13,49,1,2,1,1,11,1,0,8,0,1,1,3,4,65,2,1,2,1,0,0,1,1,0,0,99,99,99,99,99,99,0,0,0,0,1,3,0,510340,0,2009,1221,I-64,99999999999999999999,0000000,38.01239444,-78.47431111,1,1
51,143,6,10,23,8,2,2,0,0,3,3,0,12,5,3,1,1,2,55,1,2,2,1,0,0,2,1,0,0,99,99,99,99,99,99,0,0,0,0,1,4,1,510341,0,2009,512,SR- 40,RT 751,0000000,36.93397778,-79.23442778,2,1
51,43,6,23,23,36,1,1,0,1,2,3,0,37,0,1,4,3,4,55,1,1,2,1,0,0,2,1,0,0,99,99,99,99,99,99,0,0,0,0,1,3,0,510342,0,2009,68,SR-7,99999999999999999999,0000000,39.13725,-77.93254722,1,1
51,131,6,10,17,44,2,3,0,1,2,2,0,12,4,2,1,1,4,45,1,1,2,1,3,3,1,1,0,0,99,99,99,99,99,99,0,0,0,0,1,4,0,510343,0,2009,836,US-13,SOUTH BAYSIDE,0000000,37.47560833,-75.85836389,2,1
51,109,6,27,16,39,2,3,0,0,3,2,0,12,2,1,1,1,2,55,2,2,2,1,0,0,1,1,0,0,99,99,99,99,99,99,0,0,0,0,1,7,0,510346,0,2009,831,US-22,99999999999999999999,0000000,38.02916389,-78.00773611,2,1
51,177,6,13,22,45,1,2,1,0,14,2,0,8,0,1,1,3,4,45,1,1,2,1,0,0,2,1,0,0,99,99,99,99,99,99,0,0,0,0,1,7,0,510347,0,2009,1446,US-1,99999999999999999999,0000000,38.26379444,-77.49584167,1,1
51,197,6,13,18,17,1,1,0,0,4,4,0,42,0,1,4,1,2,45,2,2,2,1,0,0,3,1,0,0,88,88,88,88,88,88,0,0,0,0,1,7,1,510348,0,2009,116,RT 749,99999999999999999999,0000000,36.81670556,-81.18518889,1,1
51,161,6,22,18,43,1,1,0,0,6,4,0,1,0,1,4,1,2,55,2,2,2,1,0,0,1,1,0,0,99,99,99,99,99,99,0,0,0,0,1,2,0,510349,0,2009,0,7100 POAGE VALLEY RD,99999999999999999999,0000000,37.17693611,-80.06209444,1,1
51,37,6,14,2,20,1,1,0,0,6,4,0,1,0,1,5,1,2,45,2,1,2,1,0,0,2,1,0,0,88,88,88,88,88,88,0,20,0,0,1,1,0,510350,0,2009,5,RT 603,99999999999999999999,0000000,37.24344722,-78.87102222,1,1
51,89,6,26,13,0,2,2,0,1,13,2,0,12,5,3,1,1,4,45,1,1,2,1,0,0,1,1,0,0,99,99,99,99,99,99,0,0,0,0,1,6,0,510351,0,2009,187,US- 220,RT 1210,0000000,36.74548611,-79.937725,2,1
51,149,6,29,9,47,2,3,0,1,1,1,0,12,4,1,1,3,4,65,2,1,2,1,0,0,1,1,0,0,99,99,99,99,99,99,0,0,0,0,1,2,0,510352,0,2009,415,I-95 NORTH,99999999999999999999,9999999,37.08695278,-77.35713889,2,1
51,19,7,14,8,20,1,1,0,0,3,4,0,1,0,1,1,1,2,55,1,1,2,1,0,0,1,1,0,0,99,99,99,99,99,99,0,0,0,0,1,3,0,510353,0,2009,454,RT 122,99999999999999999999,0000000,37.122,-79.73258889,1,1
51,61,7,14,12,0,1,1,0,1,1,7,0,1,0,1,2,1,2,55,1,1,4,1,28,3,1,1,0,2,88,88,88,88,88,88,0,0,0,0,1,3,0,510354,0,2009,342,I-66,99999999999999999999,0000000,38.84117778,-77.747325,1,1