STATE,COUNTY,MONTH,DAY,HOUR,MINUTE,VE_TOTAL,PERSONS,PEDS,NHS,ROAD_FNC,ROUTE,SP_JUR,HARM_EV,MAN_COLL,REL_JUNC,REL_ROAD,TRAF_FLO,NO_LANES,SP_LIMIT,ALIGNMNT,PROFILE,PAVE_TYP,SUR_COND,TRA_CONT,T_CONT_F,LGT_COND,WEATHER1,WEATHER2,WRK_ZONE,NOT_HOUR,NOT_MIN,ARR_HOUR,ARR_MIN,HOSP_HR,HOSP_MN,SCH_BUS,CF1,CF2,CF3,FATALS,DAY_WEEK,DRUNK_DR,ST_CASE,CITY,YEAR,MILEPT,TWAY_ID,TWAY_ID2,RAIL,LATITUDE,LONGITUD,VE_FORMS,WEATHER
51,700,7,16,20,1,1,7,0,1,11,1,0,26,0,13,8,6,1,60,1,1,2,1,0,0,1,1,0,0,99,99,99,99,99,99,0,0,0,0,3,5,0,510355,1720,2009,4,I-64,JEFFERSON AVENUE,0000000,37.20360278,-76.57251944,1,1
51,550,7,17,9,55,1,1,0,0,15,5,0,34,0,1,4,1,2,45,1,1,2,1,0,0,1,1,0,0,88,88,88,88,88,88,0,2,0,0,1,6,0,510356,468,2009,54,SHILLELAGH RD,99999999999999999999,0000000,36.68046667,-76.29464167,1,1
51,810,4,27,9,38,4,4,0,0,14,5,0,12,7,2,1,3,4,35,1,1,1,1,0,0,1,1,0,0,88,88,88,88,88,88,0,0,0,0,1,2,0,510357,2540,2009,49,200 FIRST COLONIAL,OCEANA BLVD,0000000,36.79416389,-75.98022778,4,1
51,109,6,26,18,50,1,1,0,0,4,4,0,42,0,1,4,1,2,45,1,1,2,1,0,0,1,1,0,0,88,88,88,88,88,88,0,0,0,0,1,6,1,510358,0,2009,114,RT 618,99999999999999999999,0000000,38.00184444,-77.87555833,1,1
51,61,6,27,12,25,1,1,0,0,4,4,0,42,0,1,4,1,2,55,2,1,2,1,0,0,1,1,0,0,99,99,99,99,99,99,0,2,0,0,1,7,0,510359,0,2009,33,OLD WATERLOO RD,99999999999999999999,0000000,38.71940278,-77.87521389,1,1
51,67,7,17,17,38,1,2,1,0,4,3,0,8,0,1,1,1,2,55,2,1,2,2,0,0,1,1,0,0,99,99,99,99,99,99,0,0,0,0,1,6,0,510360,0,2009,45,SR-116,99999999999999999999,0000000,37.11871667,-79.94407778,1,1
51,83,7,18,23,5,1,1,0,0,6,4,0,42,0,1,4,3,4,55,2,2,2,1,0,0,2,1,0,0,88,88,88,88,88,88,0,0,0,0,1,7,0,510361,0,2009,9,ROUTE 501,99999999999999999999,0000000,36.61408056,-78.92234722,1,1
51,7,7,18,13,20,2,5,0,1,2,2,0,12,4,2,1,2,4,55,2,2,2,1,20,3,1,1,0,0,99,99,99,99,99,99,0,0,0,0,2,7,0,510362,0,2009,1056,US-360,RT 609,0000000,37.35815,-77.97409167,2,1
51,89,7,19,3,50,2,2,0,0,13,2,0,12,4,1,1,1,5,35,1,2,2,1,0,0,2,1,0,0,99,99,99,99,99,99,0,0,0,0,1,1,1,510363,0,2009,73,US-220,99999999999999999999,9999999,36.65175556,-79.87146389,2,1
51,197,7,23,11,42,1,1,0,1,1,1,0,24,0,1,4,2,4,65,1,2,2,1,0,0,1,1,0,0,99,99,99,99,99,99,0,0,0,0,1,5,0,510364,0,2009,428,I-77N,99999999999999999999,0000000,36.99199722,-81.07807222,1,1
51,67,7,23,23,12,1,1,0,0,4,4,0,42,0,1,4,1,3,55,1,2,2,1,0,0,2,1,0,0,88,88,88,88,88,88,0,0,0,0,1,5,1,510365,0,2009,13,RT 919,99999999999999999999,0000000,37.03407778,-79.92485,1,1
51,87,7,24,11,51,4,5,0,0,14,2,0,12,4,3,1,3,4,45,1,1,2,1,3,3,1,1,0,0,99,99,12,34,99,99,0,0,0,0,1,6,0,510366,0,2009,1526,US-250,LAUDERDALE DRIVE,0000000,37.65392778,-77.62115556,4,1
51,99,7,25,14,55,1,4,0,0,6,4,0,18,0,1,2,2,2,35,2,1,2,1,40,3,1,1,0,0,99,99,99,99,99,99,0,0,0,0,2,7,0,510367,0,2009,62,INDIANTOWN RD,99999999999999999999,0000000,38.30879722,-77.17174444,1,1
51,23,7,25,5,50,1,4,0,1,1,1,0,52,0,1,4,3,4,65,1,1,2,1,0,0,4,1,0,0,99,99,99,99,99,99,0,0,0,0,1,7,0,510368,0,2009,1738,I-81N,99999999999999999999,0000000,37.40725556,-79.89669722,1,1
51,710,7,25,2,12,2,6,0,0,13,2,0,33,0,3,2,3,6,35,2,1,2,1,3,3,3,1,0,0,99,99,99,99,99,99,0,14,0,0,2,7,1,510369,1760,2009,4024,US-460,KINGSLEY LANE,0000000,36.89815556,-76.27996389,2,1
51,11,7,26,5,58,1,1,0,1,2,2,0,53,0,1,4,2,4,60,1,1,2,1,0,0,4,1,0,0,88,88,88,88,88,88,0,0,0,0,1,1,0,510370,0,2009,2277,US-460,99999999999999999999,0000000,37.34054722,-78.79720556,1,1
51,810,7,29,3,30,1,1,0,1,11,1,0,27,0,5,4,6,1,55,1,1,1,1,0,0,2,1,0,0,88,88,88,88,88,88,0,0,0,0,1,4,1,510371,2540,2009,244,I-264E,BIRDNECK ROAD,0000000,36.84619444,-75.99763611,1,1
51,165,7,25,14,45,2,3,0,0,3,3,0,12,4,1,1,2,4,55,2,1,2,1,0,0,1,1,0,0,99,99,99,99,99,99,0,0,0,0,2,7,1,510372,0,2009,2325,SR-42,99999999999999999999,0000000,38.51163889,-78.86964722,2,1
51,11,7,30,17,49,1,2,0,0,3,3,0,27,0,1,4,1,2,55,1,1,2,1,0,0,1,1,0,0,99,99,99,99,99,99,0,0,0,0,1,5,1,510373,0,2009,19,SR-261,99999999999999999999,0000000,37.38857222,-78.85394167,1,1
51,710,7,31,3,0,1,1,0,1,12,3,0,33,0,13,4,6,1,45,2,1,1,1,0,0,3,1,0,0,99,99,99,99,99,99,0,0,0,0,1,6,1,510374,1760,2009,14,SR-40,RUTHVEN ROAD,0000000,36.92198611,-76.28065,1,1
51,29,7,5,11,30,1,1,0,0,3,3,0,53,0,4,4,1,2,55,1,2,2,6,0,0,1,2,0,0,88,88,88,88,88,88,0,5,0,0,1,1,0,510375,0,2009,155,SR-20,ROUTE 720,0000000,37.74798333,-78.490275,1,2
51,41,7,25,6,19,2,9,0,1,11,1,0,24,0,13,2,6,1,60,2,1,2,1,0,0,1,1,0,0,99,99,99,99,99,99,0,0,0,0,1,7,1,510376,0,2009,676,I-95,99999999999999999999,0000000,37.43929167,-77.42803611,2,1
51,810,7,25,9,48,2,2,0,1,13,2,0,27,0,1,3,3,4,45,2,1,2,1,0,0,1,1,0,0,99,99,99,99,99,99,0,0,0,0,1,7,0,510377,2540,2009,2878,US- SHORE DR,99999999999999999999,0000000,36.90604722,-76.17825556,2,1
51,59,7,12,2,23,1,2,1,1,13,2,0,8,0,2,1,3,6,45,1,1,1,1,3,3,3,1,0,0,99,99,99,99,99,99,0,0,0,0,1,1,1,510378,0,2009,778,US-50,GRAHAM RD,0000000,38.86637778,-77.19543333,1,1
51,141,7,18,15,50,2,2,0,0,4,3,0,12,4,2,1,1,2,55,2,1,2,1,0,0,1,1,0,0,99,99,99,99,99,99,0,0,0,0,1,7,0,510379,0,2009,16,SR-614,RT-645,0000000,36.71631944,-80.53733889,2,1
51,760,7,22,0,44,2,5,4,1,11,1,0,12,1,1,1,3,6,55,1,1,1,1,0,0,3,1,0,0,99,99,99,99,99,99,0,0,0,0,2,4,1,510380,2060,2009,737,I-95,99999999999999999999,0000000,37.52524722,-77.42820833,2,1
51,670,7,22,14,45,2,2,0,0,14,3,0,12,5,2,1,1,4,35,1,1,1,1,0,0,1,1,0,0,88,88,88,88,88,88,0,0,0,0,1,4,0,510381,1290,2009,166,SR-365,EPPES ST,0000000,37.307,-77.293325,2,1
51,43,7,26,0,1,1,4,0,0,3,2,0,24,0,1,4,3,4,55,2,1,2,2,0,0,2,1,0,0,99,99,99,99,99,99,0,0,0,0,1,1,0,510382,0,2009,329,US-50,99999999999999999999,0000000,39.15823333,-77.979025,1,1
51,700,8,2,23,21,1,1,0,1,11,1,0,25,0,13,4,6,1,25,2,1,2,1,0,0,3,1,0,0,88,88,88,88,88,88,0,0,0,0,1,1,0,510383,1720,2009,59,I-664/RAMP,99999999999999999999,0000000,36.96913056,-76.41626389,1,1
51,73,8,4,19,25,1,2,0,1,2,2,0,27,0,4,4,3,4,55,1,1,2,1,0,0,1,1,0,0,99,99,99,99,99,99,0,0,0,0,1,3,0,510384,0,2009,957,US-17,99999999999999999999,0000000,37.58295,-76.60225833,1,1
51,1,8,5,18,10,2,2,0,1,2,2,0,12,4,2,1,1,2,55,1,1,2,1,0,0,1,1,0,0,99,99,99,99,99,99,0,0,0,0,1,4,1,510385,0,2009,1238,US-13,RT-665,0000000,37.75531111,-75.62438889,2,1
51,710,6,4,5,55,1,2,1,0,13,3,0,9,0,1,1,2,4,40,1,1,1,1,0,0,1,1,0,0,99,99,6,31,99,99,0,0,0,0,1,5,0,510386,1760,2009,294,SR-168,99999999999999999999,0000000,36.93486944,-76.25413056,1,1
51,61,6,22,17,54,1,2,1,0,5,4,0,8,0,1,1,1,2,45,1,1,2,1,0,0,1,1,0,0,99,99,99,99,99,99,0,0,0,0,1,2,0,510387,0,2009,24,11731 CREST HILL RD,99999999999999999999,0000000,38.77851111,-77.99503333,1,1
51,810,6,26,1,55,1,1,0,0,16,5,0,33,0,1,4,1,4,35,2,1,1,1,0,0,3,1,0,0,88,88,88,88,88,88,0,0,0,0,1,6,1,510388,2540,2009,0,BOLD RULER DR,99999999999999999999,0000000,36.77966111,-75.97500833,1,1
51,27,7,3,8,10,1,1,0,0,6,4,0,37,0,1,4,1,2,35,1,1,2,1,0,0,1,1,0,0,88,88,88,88,88,88,0,0,0,0,1,6,0,510389,0,2009,14,ELKINS BRANCH RD,99999999999999999999,0000000,37.31843333,-82.05431111,1,1
51,1,7,3,20,46,7,1,0,1,2,2,0,14,4,3,5,1,4,50,1,1,2,1,0,0,2,1,0,0,88,88,88,88,88,88,0,0,0,0,1,6,1,510390,0,2009,1111,US-13,RT 1402,0000000,37.61701944,-75.76472222,1,1
51,139,7,6,18,25,1,2,0,0,3,2,0,42,0,1,4,1,2,55,2,2,2,1,0,0,1,1,0,0,99,99,99,99,99,99,0,0,0,0,1,2,0,510391,0,2009,511,US-340,99999999999999999999,0000000,38.470525,-78.61378611,1,1
51,63,7,11,7,40,1,1,0,0,4,4,0,42,0,1,4,1,2,35,2,1,2,1,0,0,1,1,0,0,88,88,88,88,88,88,0,0,0,0,1,7,1,510392,0,2009,21,LAUREL BRANCH RD,99999999999999999999,0000000,36.91064722,-80.35177222,1,1
51,61,7,15,3,39,1,1,0,0,6,4,0,37,0,1,5,1,2,50,2,2,2,1,0,0,2,1,0,0,88,88,88,88,88,88,0,0,0,0,1,4,0,510393,0,2009,27,BRISTERSBURG RD,99999999999999999999,0000000,38.52741944,-77.61051111,1,1
51,680,7,17,17,59,1,2,0,1,12,2,0,1,0,1,2,2,2,45,1,1,2,1,0,0,1,1,0,0,99,99,99,99,99,99,0,0,0,0,1,6,1,510394,1490,2009,39,US-29,99999999999999999999,0000000,37.38713889,-79.16662222,1,1
51,179,7,18,8,9,2,2,0,0,4,4,0,12,4,1,1,1,2,40,2,1,2,1,0,0,1,1,0,0,99,99,99,99,99,99,0,0,0,0,1,7,0,510396,0,2009,9,ENON ROAD,99999999999999999999,0000000,38.36871389,-77.47129444,2,1
51,810,7,24,2,25,1,1,0,1,11,1,0,25,0,1,4,3,5,55,1,1,2,1,0,0,3,1,0,0,88,88,88,88,88,88,0,0,0,0,1,6,1,510397,2540,2009,156,I-264W,99999999999999999999,0000000,36.83807222,-76.15842778,1,1
51,171,7,23,22,10,5,7,0,1,1,1,0,12,1,15,1,3,4,65,2,1,2,1,0,0,2,1,0,0,99,99,99,99,99,99,0,0,0,0,2,5,0,510398,0,2009,2970,I-81,99999999999999999999,0000000,39.00718056,-78.37234444,5,1
51,107,7,19,0,48,1,2,0,0,16,4,0,5,0,2,1,1,2,25,1,1,2,1,20,3,3,1,0,0,99,99,99,99,99,99,0,0,0,0,1,1,1,510399,0,2009,1,DONEGAL RD,MANDEVILLE DR,0000000,38.90471111,-77.51899444,1,1
51,83,7,26,21,8,1,1,0,0,3,2,0,42,0,1,6,1,2,55,2,2,2,2,0,0,2,1,0,0,88,88,88,88,88,88,0,0,0,0,1,1,1,510400,0,2009,36,US-501,99999999999999999999,0000000,36.61594167,-78.92277778,1,1
51,107,8,4,7,53,1,1,0,0,4,4,0,42,0,1,4,1,2,55,1,1,2,1,0,0,1,1,0,0,99,99,99,99,99,99,0,0,0,0,1,3,0,510401,0,2009,5,RT 659,MAYHEW LN,0000000,38.865575,-77.54013056,1,1
51,121,8,5,21,16,1,2,1,0,13,2,0,8,0,1,1,1,5,45,1,1,2,2,0,0,3,1,0,0,88,88,88,88,88,88,0,0,0,0,1,4,0,510402,0,2009,1203,US-11,99999999999999999999,0000000,37.13568889,-80.36893889,1,1
51,137,8,6,23,0,1,1,0,0,4,4,0,53,0,1,4,1,2,55,2,1,2,1,0,0,2,1,0,0,88,88,88,88,88,88,0,0,0,0,1,5,1,510403,0,2009,79,RT 612,99999999999999999999,0000000,38.20824167,-78.07949167,1,1
51,185,8,7,14,20,2,2,0,1,2,2,0,12,4,2,1,2,4,55,1,1,2,1,0,0,1,1,0,0,99,99,14,57,88,88,0,0,0,0,1,6,0,510404,0,2009,679,US- 460,RT 19,0000000,37.12035833,-81.57485833,2,1
51,59,8,8,3,1,2,2,0,1,11,1,0,12,1,1,1,3,7,50,1,1,2,1,0,0,3,1,0,0,88,88,88,88,88,88,0,0,0,0,1,7,1,510405,0,2009,10,I-495 SOUTH,I-95,0000000,38.79784444,-77.06548611,2,1
51,111,8,8,20,50,1,2,0,0,6,4,0,42,0,1,4,1,2,55,2,1,2,1,0,0,5,1,0,0,99,99,99,99,99,99,0,0,0,0,1,7,0,510406,0,2009,157,RT 626,99999999999999999999,0000000,36.96251111,-78.26145278,1,1
51,153,8,7,5,38,2,3,1,0,13,2,0,8,0,1,1,1,4,35,1,2,2,1,0,0,3,1,0,0,88,88,88,88,88,88,0,0,0,0,1,6,0,510407,0,2009,1741,US-1,99999999999999999999,0000000,38.63765556,-77.26881944,2,1
51,19,8,8,23,55,1,1,0,0,5,4,0,1,0,1,2,1,2,40,2,2,2,1,0,0,2,5,0,0,88,88,88,88,88,88,0,0,0,0,1,7,1,510408,0,2009,17,RT 635,99999999999999999999,0000000,37.20681667,-79.78958056,1,5
51,520,8,12,17,11,2,3,0,0,13,2,0,12,2,3,1,2,5,35,2,2,2,1,0,0,1,1,0,0,99,99,99,99,99,99,0,0,0,0,1,4,0,510409,300,2009,32,US-11,WENDOVER RD,0000000,36.61959167,-82.16473056,2,1
51,87,8,14,17,44,2,3,0,0,14,4,0,12,2,1,1,1,2,35,1,1,2,2,0,0,1,2,0,0,99,99,99,99,99,99,0,0,0,0,2,6,1,510410,0,2009,14,SOUTH HOLLY,99999999999999999999,0000000,37.54049444,-77.33636944,2,2
51,99,8,14,9,39,2,2,0,0,4,3,0,12,2,1,1,1,2,45,2,2,2,1,0,0,1,1,0,0,88,88,88,88,88,88,0,0,0,0,1,6,0,510411,0,2009,148,SR-218,99999999999999999999,0000000,38.31108611,-77.22839444,2,1
51,810,8,15,18,41,1,2,0,0,16,5,0,33,0,1,4,1,2,25,2,1,2,1,0,0,1,1,0,0,99,99,99,99,99,99,0,0,0,0,1,7,1,510412,2540,2009,0,DAIMLER DR,99999999999999999999,0000000,36.78096667,-75.97938611,1,1
51,760,8,15,18,32,2,3,0,0,14,5,0,12,1,1,1,1,2,25,2,1,1,1,0,0,1,1,0,0,99,99,99,99,99,99,0,0,0,0,1,7,1,510413,2060,2009,8,FAIRFIELD AVE,99999999999999999999,0000000,37.54818333,-77.39988333,2,1
51,169,8,20,16,0,2,2,0,0,3,3,0,12,2,1,1,1,2,55,2,3,2,1,0,0,1,1,0,0,99,99,19,58,99,99,0,0,0,0,1,5,0,510414,0,2009,155,SR- 71,99999999999999999999,0000000,36.76996667,-82.38424167,2,1
51,810,8,15,19,50,2,3,0,0,15,5,0,12,5,2,1,1,2,25,1,1,2,1,20,3,5,1,0,0,99,99,99,99,99,99,0,0,0,0,1,7,1,510415,2540,2009,8,WITCHDUCK RD,ALFRIENDS TRAIL,0000000,36.86808611,-76.12830278,2,1
51,175,8,23,19,40,1,1,0,0,4,3,0,43,0,3,4,1,2,55,2,1,2,1,0,0,1,1,0,0,99,99,99,99,99,99,0,0,0,0,1,1,1,510416,0,2009,118,SR- 35,RT 658,0000000,36.65134444,-77.16865556,1,1
51,47,8,27,17,25,2,2,0,1,2,2,0,12,4,2,1,1,2,45,1,1,2,1,20,3,1,1,0,0,88,88,88,88,88,88,0,0,0,0,1,5,0,510417,0,2009,1581,US-15,RT 9566,0000000,38.33633889,-78.12729722,2,1
51,57,8,27,18,41,1,1,0,0,4,4,0,33,0,1,4,1,2,45,1,1,2,1,0,0,3,1,0,0,88,88,88,88,88,88,0,0,0,0,1,5,0,510418,0,2009,137,CHURCH LANE,99999999999999999999,0000000,37.93309722,-76.87108056,1,1
51,36,8,29,0,15,1,1,0,0,6,4,0,34,0,1,4,1,2,45,2,2,2,2,0,0,2,1,0,0,88,88,88,88,88,88,0,0,0,0,1,7,1,510419,0,2009,30,RT- 631,99999999999999999999,0000000,37.40261944,-77.15698333,1,1
51,550,8,18,22,35,1,2,1,0,15,5,0,9,0,1,1,1,2,45,1,1,2,1,0,0,2,1,0,0,88,88,88,88,88,88,0,0,0,0,1,3,1,510420,468,2009,45,JOHNSTOWN RD,99999999999999999999,0000000,36.69326667,-76.24803611,1,1
51,175,8,29,5,20,1,2,0,0,4,4,0,42,0,1,4,1,2,55,2,1,2,1,0,0,2,1,0,0,99,99,99,99,99,99,0,0,0,0,1,7,0,510421,0,2009,110,GEN THOMAS HWY,99999999999999999999,0000000,36.64239167,-77.03639167,1,1
51,107,7,20,12,47,2,9,0,0,15,4,0,12,5,2,1,3,4,35,2,1,2,1,20,3,1,1,0,0,99,99,99,99,99,99,0,0,0,0,1,2,0,510422,0,2009,91,BELMONT RIDGE RD,CREIGHTON RD,0000000,38.96678611,-77.51680278,2,1
51,153,8,24,22,0,1,2,1,1,13,2,0,9,0,1,1,1,2,55,1,2,2,1,0,0,2,1,0,0,99,99,99,99,99,99,0,0,0,0,1,2,0,510423,0,2009,2164,US-29,99999999999999999999,0000000,38.78513333,-77.65686111,1,1
51,760,8,24,2,10,3,4,0,1,11,1,0,24,0,13,2,6,1,55,2,1,1,1,0,0,2,1,0,0,99,99,99,99,99,99,0,14,0,0,1,2,1,510424,2060,2009,5,I-64 EAST,I-95 SOUTH,0000000,37.551825,-77.44176944,3,1
51,810,8,30,11,34,1,1,0,0,15,4,0,33,0,1,6,1,2,40,1,1,2,1,0,0,1,1,0,0,88,88,88,88,88,88,0,0,0,0,1,1,1,510425,2540,2009,50,2600 W NECK RD,99999999999999999999,0000000,36.74246111,-76.05869167,1,1
51,53,8,29,11,44,2,3,0,0,14,2,0,12,99,1,1,1,3,55,1,1,2,1,0,0,1,1,0,0,99,99,18,35,99,99,0,14,0,0,1,7,0,510426,0,2009,633,US- 1,99999999999999999999,0000000,37.17030278,-77.50536944,2,1
51,101,8,28,7,2,2,2,0,0,3,3,0,12,2,1,1,1,2,55,1,1,2,1,0,0,4,1,0,0,88,88,88,88,88,88,0,0,0,0,1,6,0,510427,0,2009,153,SR-30,99999999999999999999,0000000,37.791675,-77.20621389,2,1
51,61,8,31,4,56,2,2,0,0,4,2,0,12,4,1,1,1,2,50,1,2,2,1,0,0,2,1,0,0,88,88,88,88,88,88,0,0,0,0,1,2,0,510428,0,2009,17,US- 29,99999999999999999999,0000000,38.53003889,-77.81418889,2,1
51,87,9,3,4,54,1,1,0,1,11,1,0,24,0,15,4,3,7,65,2,1,2,1,0,0,2,1,0,0,88,88,88,88,88,88,0,0,0,0,1,5,1,510429,0,2009,853,I-95S,99999999999999999999,0000000,37.65555833,-77.45069444,1,1
51,137,9,2,7,30,3,10,0,0,3,3,0,12,4,2,1,1,2,55,1,1,2,1,3,3,1,1,0,0,99,99,99,99,99,99,1,0,0,0,1,4,1,510430,0,2009,851,SR-20,RT-611,0000000,38.30529444,-77.81041111,3,1
51,59,8,9,7,30,1,1,0,0,14,4,0,42,0,2,4,1,2,40,1,1,2,1,0,0,1,1,0,0,88,88,88,88,88,88,0,0,0,0,1,1,0,510431,0,2009,11,SHERWOOD HALL LANE,EVENING LANE,0000000,38.74718889,-77.06720278,1,1
51,65,8,17,7,20,1,1,0,0,6,4,0,27,0,2,5,1,2,45,2,2,2,1,40,3,1,1,0,0,88,88,88,88,88,88,0,0,0,0,1,2,0,510432,0,2009,13,RT 613,RT 608,0000000,37.83391944,-78.18909722,1,1
51,1,8,25,19,45,1,1,0,0,6,4,0,34,0,1,4,1,2,55,2,1,2,1,0,0,2,1,0,0,99,99,99,99,99,99,0,0,0,0,1,3,1,510433,0,2009,46,RT 609,99999999999999999999,0000000,37.55403611,-75.82068333,1,1
51,87,9,2,22,54,1,2,1,1,13,2,0,8,0,1,1,3,6,45,1,1,2,1,0,0,2,1,0,0,99,99,99,99,99,99,0,0,0,0,1,4,0,510434,0,2009,1295,US-33,99999999999999999999,0000000,37.61891111,-77.49981111,1,1
51,77,8,26,8,40,1,1,0,0,3,2,0,42,0,1,4,1,2,55,2,1,2,1,0,0,2,1,0,0,99,99,99,99,99,99,0,0,0,0,1,4,0,510435,0,2009,1473,US-58,99999999999999999999,0000000,36.60670833,-81.55846667,1,1
51,139,8,10,17,52,2,2,0,0,6,5,0,12,5,1,1,1,2,25,2,1,2,1,0,0,1,1,0,0,99,99,99,99,99,99,0,0,0,0,1,2,0,510436,0,2009,0,LURAY AVE,99999999999999999999,0000000,38.65884722,-78.45274722,2,1
51,59,8,15,15,40,1,2,1,0,16,4,0,8,0,2,1,1,2,25,1,4,2,1,3,3,1,1,0,0,99,99,99,99,99,99,0,0,0,0,1,7,0,510437,0,2009,5,CENTER RD,GLEN OAKS CT,0000000,38.78593611,-77.24315556,1,1
51,165,8,25,10,45,1,2,1,0,4,3,0,9,0,1,1,1,2,55,2,1,2,1,0,0,1,1,0,0,88,88,88,88,88,88,0,0,0,0,1,3,0,510438,0,2009,79,SR-253,99999999999999999999,0000000,38.34421389,-78.8245,1,1
51,59,8,21,5,50,1,2,1,0,6,4,0,8,0,3,1,3,4,45,1,1,2,1,0,0,2,1,0,0,88,88,88,88,88,88,0,0,0,0,1,6,0,510439,0,2009,0,NEW BRADDOCK RD,SINGLETON'S WAY,0000000,38.82778889,-77.42994444,1,1
51,65,8,20,20,35,1,4,0,0,6,4,0,53,0,1,4,1,2,55,2,1,2,1,0,0,2,1,0,0,99,99,99,99,99,99,0,0,0,0,1,5,0,510440,0,2009,11,RT 636,99999999999999999999,0000000,37.910075,-78.34814167,1,1
51,185,8,6,17,25,1,1,0,1,2,2,0,24,0,1,4,3,4,40,2,2,2,1,0,0,1,1,0,0,99,99,7,50,99,99,0,0,0,0,1,5,0,510441,0,2009,747,US-460,99999999999999999999,0000000,37.25438056,-81.27479444,1,1
51,680,8,11,0,0,1,3,0,0,15,5,0,42,0,3,5,1,2,30,1,1,2,1,20,3,3,1,0,0,99,99,99,99,99,99,0,0,0,0,2,3,1,510442,1490,2009,8,SANDUSKY DRIVE,PAWNEE DRIVE,0000000,37.38093333,-79.19494722,1,1
51,109,6,11,6,50,2,2,0,0,3,2,0,12,2,1,1,1,2,55,2,2,2,1,0,0,1,1,0,0,88,88,88,88,88,88,0,0,0,0,1,5,1,510443,0,2009,1229,US-15,99999999999999999999,0000000,37.96747778,-78.22471667,2,1
51,800,8,23,5,4,1,2,0,0,15,5,0,33,0,1,4,1,2,25,2,2,2,1,0,0,3,1,0,0,99,99,99,99,99,99,0,0,0,0,1,1,1,510444,2390,2009,130,WHITEMARSH RD,99999999999999999999,0000000,36.72079167,-76.56415,1,1
51,800,8,16,16,36,2,3,0,0,15,5,0,12,2,1,1,1,2,45,1,1,2,1,0,0,1,1,0,0,99,99,99,99,99,99,0,0,0,0,2,1,1,510445,2390,2009,10,INDIAN TRAIL RD,99999999999999999999,0000000,36.72485,-76.75478056,2,1
51,153,9,4,0,52,2,8,0,0,13,3,0,12,1,2,1,2,4,55,1,2,2,1,3,3,3,1,0,0,99,99,99,99,99,99,0,0,0,0,2,6,1,510446,0,2009,191,SR-234,UNIVERSITY BLVD,0000000,38.75481944,-77.52828611,2,1
51,680,7,20,17,22,3,3,0,1,13,4,0,12,1,1,1,2,4,45,1,1,2,1,0,0,1,1,0,0,99,99,99,99,99,99,0,0,0,0,1,2,0,510447,1490,2009,40,TIMBERLAKE RD,99999999999999999999,0000000,37.35351111,-79.2249,3,1
51,760,7,19,16,18,3,3,0,0,13,2,0,12,4,2,1,2,2,35,1,1,2,1,3,3,1,1,0,0,99,99,17,5,99,99,0,0,0,0,1,1,0,510448,2060,2009,895,US-1,BELLEMEADE RD,0000000,37.49147778,-77.44580278,3,1
51,17,7,19,19,46,1,1,0,0,3,3,0,37,0,1,4,1,2,55,2,1,2,1,0,0,5,1,0,0,99,99,21,15,99,99,0,0,0,0,1,1,0,510449,0,2009,1672,SR-42,99999999999999999999,0000000,37.92497222,-79.72194722,1,1
51,161,9,8,20,6,1,2,1,1,13,3,0,8,0,2,1,2,5,35,1,1,2,1,3,3,2,1,0,0,99,99,99,99,99,99,0,0,0,0,1,3,0,510450,0,2009,4,SR-419,OGDEN RD,0000000,37.22704722,-79.97986667,1,1
51,169,7,19,9,35,2,2,0,1,2,2,0,12,4,10,1,2,2,55,2,1,2,1,20,3,1,1,0,0,99,99,99,99,99,99,0,0,0,0,1,1,0,510451,0,2009,146,US- 23,RT 627,0000000,36.64913889,-82.74971111,2,1
51,11,6,24,11,33,2,2,0,1,2,2,0,12,4,2,1,1,4,60,1,1,2,1,20,3,1,1,0,0,88,88,88,88,88,88,0,0,0,0,1,4,0,510452,0,2009,2225,US-460,RT 613,0000000,37.35931111,-78.86973333,2,1
51,19,9,10,19,35,2,2,0,0,3,2,0,12,4,1,1,1,2,55,1,2,2,1,0,0,1,1,0,0,88,88,88,88,88,88,0,0,0,0,1,5,0,510453,0,2009,1354,US-221,99999999999999999999,0000000,37.34907778,-79.48445278,2,1
51,177,8,22,3,4,1,2,0,0,3,4,0,42,0,1,4,2,4,55,1,1,2,2,0,0,2,2,0,0,99,99,99,99,99,99,0,0,0,0,1,7,1,510454,0,2009,238,PLANK RD,99999999999999999999,0000000,38.30596944,-77.63454444,1,2
51,740,8,5,23,10,1,1,0,0,14,2,0,33,0,3,4,2,3,25,2,1,2,2,0,0,3,2,0,0,99,99,23,47,99,99,0,0,0,0,1,4,0,510455,1970,2009,202,US-221,PORTSMOUTH BLVD,0000000,36.81629444,-76.32914444,1,2
51,740,8,31,7,11,2,2,0,0,16,5,0,12,1,1,1,2,4,25,1,1,2,2,0,0,1,2,0,0,88,88,88,88,88,88,0,0,0,0,1,2,0,510456,1970,2009,0,RAILROAD AVE,99999999999999999999,0000000,36.84768889,-76.32863056,2,2
51,700,8,9,20,25,2,2,1,1,11,1,0,8,0,1,2,3,4,60,1,1,2,1,0,0,3,1,0,0,99,99,99,99,99,99,0,23,0,0,1,1,1,510458,1720,2009,2583,I-64W,99999999999999999999,0000000,37.08880278,-76.45866389,1,1