STATE,COUNTY,MONTH,DAY,HOUR,MINUTE,VE_TOTAL,PERSONS,PEDS,NHS,ROAD_FNC,ROUTE,SP_JUR,HARM_EV,MAN_COLL,REL_JUNC,REL_ROAD,TRAF_FLO,NO_LANES,SP_LIMIT,ALIGNMNT,PROFILE,PAVE_TYP,SUR_COND,TRA_CONT,T_CONT_F,LGT_COND,WEATHER1,WEATHER2,WRK_ZONE,NOT_HOUR,NOT_MIN,ARR_HOUR,ARR_MIN,HOSP_HR,HOSP_MN,SCH_BUS,CF1,CF2,CF3,FATALS,DAY_WEEK,DRUNK_DR,ST_CASE,CITY,YEAR,MILEPT,TWAY_ID,TWAY_ID2,RAIL,LATITUDE,LONGITUD,VE_FORMS,WEATHER
51,41,9,3,22,34,1,2,0,0,15,4,0,30,0,1,4,1,2,45,2,1,2,1,0,0,2,1,0,0,99,99,99,99,99,99,0,0,0,0,1,5,0,510459,0,2009,1,OLD STAGE ROAD,99999999999999999999,0000000,37.34559722,-77.39765278,1,1
51,27,9,4,23,25,1,3,0,0,6,4,0,37,0,1,4,1,2,25,1,1,2,1,0,0,2,1,0,0,99,99,99,99,99,99,0,0,0,0,2,6,1,510460,0,2009,7,RT 617,99999999999999999999,0000000,37.07380556,-81.92916944,1,1
51,700,9,4,16,0,1,1,0,1,11,1,0,25,0,15,3,3,6,55,2,9,2,1,0,0,1,1,0,0,99,99,16,57,99,99,0,0,0,0,1,6,1,510461,1720,2009,41,I-664 EAST,35TH ST,0000000,36.98664722,-76.42785,1,1
51,95,9,6,4,25,1,1,0,1,1,1,0,1,0,1,4,2,4,65,1,1,2,1,0,0,2,1,0,0,88,88,88,88,88,88,0,0,0,0,1,1,1,510462,0,2009,2322,I-64 WEST,99999999999999999999,0000000,37.38325278,-76.76053056,1,1
51,59,9,6,22,20,2,1,0,0,16,4,0,14,1,1,7,1,2,25,1,1,2,2,0,0,3,2,0,0,99,99,99,99,99,99,0,0,0,0,1,1,1,510463,0,2009,1,HAZELTON ST,99999999999999999999,0000000,38.865025,-77.16039444,1,2
51,143,9,5,16,34,2,3,0,0,3,3,0,12,5,3,1,1,2,35,1,1,2,1,0,0,1,1,0,0,99,99,99,99,99,99,0,0,0,0,1,7,1,510464,0,2009,635,SR-40,LOTUS DR,0000000,36.95393889,-79.38450278,2,1
51,183,9,3,5,35,1,2,0,1,1,1,0,37,0,1,3,3,4,65,2,1,2,1,0,0,2,1,0,0,99,99,99,99,99,99,0,0,0,0,1,5,0,510465,0,2009,224,I-95,99999999999999999999,0000000,36.8287,-77.4522,1,1
51,107,9,10,1,41,2,3,0,1,13,3,0,12,1,1,1,3,7,55,1,1,2,1,0,0,2,1,0,0,99,99,99,99,99,99,0,0,0,0,1,5,1,510466,0,2009,396,SR-7,99999999999999999999,0000000,39.09604722,-77.52991667,2,1
51,141,9,5,13,15,1,1,0,0,3,3,0,27,0,1,4,1,2,55,2,2,1,1,0,0,1,1,0,0,88,88,88,88,88,88,0,0,0,0,1,7,0,510467,0,2009,268,SR-8,99999999999999999999,0000000,36.80942222,-80.32559444,1,1
51,161,9,11,10,7,2,2,0,1,11,1,0,12,1,15,1,3,4,50,2,1,2,1,0,0,1,1,0,0,99,99,99,99,99,99,0,0,0,0,1,6,0,510468,0,2009,1421,I-81,99999999999999999999,0000000,37.32498611,-80.03394167,2,1
51,81,9,13,5,45,1,1,0,0,4,4,0,30,0,1,4,1,2,55,1,1,2,1,0,0,3,1,0,0,88,88,88,88,88,88,0,0,0,0,1,1,1,510469,0,2009,42,RT 627,99999999999999999999,0000000,36.72932222,-77.60381667,1,1
51,75,9,13,19,10,1,1,0,0,6,4,0,33,0,1,4,2,4,35,2,2,2,1,0,0,1,1,0,0,88,88,88,88,88,88,0,0,0,0,1,1,0,510470,0,2009,17,12580 W CREEK PKWY,99999999999999999999,0000000,37.60960833,-77.65205278,1,1
51,650,9,12,16,32,2,2,0,0,16,5,0,12,3,1,1,2,4,35,1,1,2,1,0,0,1,1,0,1,88,88,88,88,88,88,0,0,0,0,1,7,0,510471,1180,2009,0,SETTLERS LANDING RD,99999999999999999999,0000000,37.02448333,-76.35498056,2,1
51,550,9,16,6,21,2,2,0,1,11,1,0,12,2,1,1,2,4,60,1,1,1,1,0,0,3,1,0,0,99,99,99,99,99,99,0,0,0,0,2,4,0,510472,468,2009,177,I-664,99999999999999999999,0000000,36.80626111,-76.43033889,2,1
51,165,9,16,19,8,2,3,0,0,4,4,0,12,4,4,1,1,2,55,1,3,2,1,0,0,1,1,0,0,99,99,99,99,99,99,0,0,0,0,1,4,0,510473,0,2009,94,KRATZER RD,99999999999999999999,0000000,38.48188056,-78.85308333,2,1
51,105,9,7,17,45,1,1,0,0,5,4,0,42,0,1,4,1,2,45,1,1,2,1,0,0,1,1,0,0,99,99,99,99,99,99,0,0,0,0,1,2,1,510474,0,2009,28,RT-640,99999999999999999999,0000000,36.71398056,-83.03200833,1,1
51,179,9,13,15,35,1,1,0,1,2,2,0,33,0,1,3,3,4,55,1,1,2,1,0,0,1,1,0,0,88,88,88,88,88,88,0,0,0,0,1,1,0,510475,0,2009,1861,US-17,99999999999999999999,0000000,38.29640278,-77.504425,1,1
51,69,9,16,19,53,1,2,1,0,13,2,0,8,0,1,1,2,4,35,1,1,2,1,0,0,2,1,0,0,88,88,88,88,88,88,0,0,0,0,1,4,0,510476,0,2009,139,US- 50 WEST,99999999999999999999,0000000,39.19108889,-78.204375,1,1
51,177,9,18,0,30,1,1,0,0,6,4,0,42,0,1,4,1,2,55,1,1,2,2,0,0,2,2,0,0,88,88,88,88,88,88,0,0,0,0,1,6,0,510477,0,2009,63,ORANGE PLANK RD,99999999999999999999,0000000,38.30583333,-77.682525,1,2
51,3,9,18,8,38,1,1,0,0,4,3,0,42,0,1,4,1,2,55,1,1,2,2,20,3,1,2,0,0,88,88,88,88,88,88,0,0,0,0,1,6,0,510478,0,2009,259,SR-6,99999999999999999999,0000000,37.81398889,-78.668975,1,2
51,650,9,18,22,27,1,1,0,0,6,5,0,19,0,11,5,1,2,25,1,1,2,1,0,0,3,1,0,0,99,99,99,99,99,99,0,0,0,0,1,6,1,510479,1180,2009,0,ANGELA WAY,ASTER WAY,0000000,37.05425278,-76.3108,1,1
51,41,9,19,2,23,1,1,0,1,13,2,0,33,0,3,4,2,4,45,1,2,2,1,0,0,2,1,0,0,88,88,88,88,88,88,0,0,0,0,1,7,0,510480,0,2009,1342,US-360,TACONY RD,0000000,37.47662778,-77.51978889,1,1
51,147,9,20,2,1,1,1,0,0,4,4,0,1,0,1,2,1,2,55,2,2,2,1,0,0,2,1,0,0,88,88,88,88,88,88,0,0,0,0,1,1,1,510481,0,2009,3,RT 626,99999999999999999999,0000000,37.31283611,-78.56597778,1,1
51,53,9,19,15,42,2,2,0,1,11,1,0,12,7,1,1,3,4,65,2,1,2,1,0,0,1,1,0,0,88,88,88,88,88,88,0,0,0,0,1,7,0,510482,0,2009,623,I-85N,99999999999999999999,0000000,37.18986111,-77.48931944,2,1
51,149,9,20,18,39,1,1,0,0,4,4,0,42,0,1,4,1,2,45,2,1,2,1,0,0,5,1,0,0,99,99,99,99,99,99,0,0,0,0,1,1,1,510483,0,2009,83,14232 PLOE RUN RD,99999999999999999999,0000000,37.18616944,-77.15509444,1,1
51,33,9,21,9,56,1,1,0,1,2,2,0,24,0,1,4,1,2,55,1,2,2,1,0,0,1,1,0,0,88,88,88,88,88,88,0,0,0,0,1,2,1,510484,0,2009,1579,US-17,99999999999999999999,0000000,38.18389167,-77.27701667,1,1
51,155,9,21,20,27,2,2,0,0,15,4,0,12,8,2,1,1,2,25,1,1,2,1,0,0,2,1,0,0,88,88,88,88,88,88,0,0,0,0,1,2,0,510485,0,2009,0,ALTOONA ST,MT OLIVET RD,0000000,37.05050278,-80.78768611,2,1
51,53,9,11,17,2,1,1,0,0,4,4,0,34,0,1,4,1,2,45,2,2,2,1,0,0,1,1,0,0,88,88,88,88,88,88,0,0,0,0,1,6,1,510486,0,2009,59,RT 708,99999999999999999999,0000000,37.23442778,-77.76431944,1,1
51,41,9,22,2,56,1,2,0,0,16,4,0,34,0,1,4,1,2,25,1,2,2,1,0,0,3,1,0,0,99,99,99,99,99,99,0,0,0,0,1,3,0,510487,0,2009,4,FALLING CREEK AVE,99999999999999999999,0000000,37.45435278,-77.44503056,1,1
51,87,9,12,21,41,2,11,0,0,14,2,0,12,5,1,1,1,2,35,1,1,2,1,0,0,2,1,0,0,99,99,99,99,99,99,0,0,0,0,1,7,2,510488,0,2009,1955,US-60,99999999999999999999,0000000,37.51854167,-77.35971389,2,1
51,550,9,18,16,25,1,2,0,0,16,5,0,34,0,1,4,1,2,45,1,1,2,1,0,0,1,1,0,0,99,99,99,99,99,99,0,0,0,0,1,6,0,510489,468,2009,0,FENTRISS AIRFIELD RD,99999999999999999999,0000000,36.66669722,-76.15199167,1,1
51,147,7,31,11,32,1,2,1,0,15,5,0,8,0,2,1,1,2,25,1,1,2,1,0,0,1,1,0,0,99,99,99,99,99,99,0,0,0,0,1,6,0,510490,0,2009,1,FOURTH ST,SOUTH ST,0000000,37.30688889,-78.39240556,1,1
51,61,9,23,20,33,1,2,1,1,13,2,0,8,0,1,1,3,4,0,1,1,2,1,0,0,2,1,0,0,99,99,99,99,99,99,0,0,0,0,1,4,0,510491,0,2009,2084,US-29,99999999999999999999,0000000,38.51328333,-77.85564444,1,1
51,81,9,24,10,35,1,1,0,1,2,2,0,42,0,1,3,2,4,55,1,1,2,1,0,0,1,1,0,0,88,88,88,88,88,88,0,0,0,0,1,5,0,510492,0,2009,4066,US-58,99999999999999999999,0000000,36.68346111,-77.43172778,1,1
51,177,9,25,16,57,1,1,0,0,6,4,0,1,0,1,4,1,2,45,2,1,2,1,0,0,1,1,0,0,88,88,88,88,88,88,0,0,0,0,1,6,0,510493,0,2009,0,SHEPHERDS RD,99999999999999999999,0000000,38.07583333,-77.63975833,1,1
51,81,9,28,0,29,2,2,0,1,1,1,0,1,0,1,1,3,4,65,1,2,2,1,0,0,2,1,0,0,88,88,88,88,88,88,0,0,0,0,1,2,1,510494,0,2009,131,I-95,99999999999999999999,0000000,36.76549722,-77.48047778,2,1
51,147,9,27,23,4,1,1,0,1,2,2,0,27,0,1,3,3,4,60,1,1,2,1,0,0,2,1,0,0,99,99,23,40,99,99,0,0,0,0,1,1,1,510495,0,2009,2432,US-460,99999999999999999999,0000000,37.30450833,-78.56323333,1,1
51,183,9,28,16,2,1,1,0,1,1,1,0,42,0,13,4,6,1,65,2,9,2,1,0,0,1,1,0,0,88,88,88,88,88,88,0,0,0,0,1,2,0,510496,0,2009,247,I-95,99999999999999999999,0000000,36.87433333,-77.40563333,1,1
51,41,9,26,2,30,1,1,0,1,13,2,0,37,0,1,4,3,4,55,1,2,2,1,0,0,2,1,0,0,99,99,3,53,99,99,0,0,0,0,1,7,1,510497,0,2009,1223,US-360,99999999999999999999,0000000,37.40166389,-77.70046111,1,1
51,25,9,18,10,15,1,1,0,1,1,1,0,1,0,1,3,2,4,70,1,1,2,1,0,0,1,1,0,0,88,88,88,88,88,88,0,0,0,0,1,6,0,510498,0,2009,332,I-85S,99999999999999999999,0000000,36.83127222,-77.94216111,1,1
51,760,9,30,8,5,1,2,1,0,16,5,0,8,0,2,1,3,4,25,1,1,2,1,3,3,1,1,0,0,88,88,88,88,88,88,0,0,0,0,1,4,0,510499,2060,2009,0,1400 14TH STREET,E. FRANKLIN STREET,0000000,37.53621667,-77.43136389,1,1
51,165,9,10,21,5,2,2,0,0,4,2,0,12,1,1,1,1,3,55,2,1,2,1,0,0,2,1,0,0,88,88,88,88,88,88,0,0,0,0,1,5,1,510500,0,2009,2684,US-11,99999999999999999999,0000000,38.50559444,-78.79441667,2,1
51,800,9,7,3,6,2,2,0,1,13,5,0,32,0,1,3,2,4,45,2,1,2,1,0,0,2,1,0,0,99,99,99,99,99,99,0,0,0,0,1,2,1,510501,2390,2009,4640,2400 HOLLAND RD,99999999999999999999,0000000,36.71343056,-76.66946389,2,1
51,760,9,17,23,54,1,1,0,0,16,5,0,30,0,1,4,1,2,25,2,1,2,1,0,0,2,1,0,0,99,99,0,30,99,99,0,20,0,0,1,5,1,510502,2060,2009,0,4TH AVE,99999999999999999999,0000000,37.55668889,-77.42580278,1,1
51,93,9,18,23,45,1,1,0,0,15,4,0,34,0,1,4,1,2,45,1,1,2,1,0,0,3,1,0,0,88,88,88,88,88,88,0,0,0,0,1,6,1,510503,0,2009,102,COURTHOUSE WAY,99999999999999999999,0000000,36.91208889,-76.80756667,1,1
51,87,9,11,20,3,2,2,0,0,15,4,0,12,2,2,1,1,4,35,1,1,2,1,3,3,2,1,0,0,99,99,20,34,99,99,0,0,0,0,1,6,0,510504,0,2009,6,DICKENS RD,BETHLEHEM  RD,0000000,37.60138056,-77.50330833,2,1
51,59,9,18,19,57,2,2,0,0,14,4,0,12,2,2,1,2,6,40,2,2,2,1,3,3,3,1,0,0,88,88,88,88,88,88,0,0,0,0,1,6,0,510505,0,2009,66,ROLLING RD,FORRESTER RD,0000000,38.78995,-77.24195556,2,1
51,85,9,19,16,20,1,1,0,0,15,4,0,25,0,1,8,3,6,45,1,2,2,1,0,0,1,1,0,0,88,88,88,88,88,88,0,0,0,0,1,7,0,510506,0,2009,3,SLIDING HILL RD,99999999999999999999,0000000,37.68850833,-77.452325,1,1
51,800,9,26,1,6,1,1,0,0,16,5,0,34,0,1,4,1,2,55,1,1,2,1,0,0,2,1,0,0,88,88,88,88,88,88,0,0,0,0,1,7,1,510507,2390,2009,6,WILDWOOD DR,99999999999999999999,0000000,36.61986667,-76.87828889,1,1
51,169,9,27,4,30,1,1,0,0,6,4,0,42,0,1,4,1,2,35,2,2,2,2,0,0,2,2,0,0,88,88,88,88,88,88,0,0,0,0,1,1,1,510508,0,2009,31,RT 619,99999999999999999999,0000000,36.66814444,-82.57873611,1,2
51,13,9,22,19,35,1,2,1,1,12,2,0,8,0,1,1,2,3,45,1,2,2,1,0,0,2,1,0,0,88,88,88,88,88,88,0,0,0,0,1,3,0,510509,0,2009,858,US-50,99999999999999999999,0000000,38.89103333,-77.07750278,1,1
51,41,9,27,4,58,1,2,1,1,13,2,0,8,0,2,1,2,4,45,1,1,2,2,0,0,2,2,0,0,99,99,99,99,99,99,0,0,0,0,1,1,0,510510,0,2009,1265,US-360,W VILLAGE GREEN DR,0000000,37.41925278,-77.63885833,1,2
51,117,9,25,13,58,1,1,0,0,4,3,0,53,0,1,4,1,2,55,1,1,2,2,0,0,1,2,0,0,99,99,99,99,99,99,0,0,0,0,1,6,0,510511,0,2009,108,SR- 49,99999999999999999999,0000000,36.61215278,-78.61902222,1,2
51,59,9,5,14,50,2,2,0,0,6,5,0,12,8,3,1,2,4,30,1,1,2,1,0,0,1,1,0,0,99,99,99,99,99,99,0,0,0,0,1,7,0,510512,0,2009,0,1231 MAPLE AVE,GLYNDON STREET,0000000,38.90546111,-77.26045,2,1
51,15,9,23,12,20,2,3,0,0,4,4,0,10,0,6,1,1,2,45,1,1,2,1,60,3,1,1,0,0,88,88,88,88,88,88,0,0,0,0,2,4,0,510513,0,2009,5,RT 656,RT 608,468139D,38.32866111,-79.48891667,2,1
51,95,9,4,12,51,2,2,0,0,14,3,0,12,4,1,1,1,2,35,1,1,2,1,0,0,1,1,0,0,99,99,99,99,99,99,0,0,0,0,1,6,0,510514,0,2009,495,SR-5,99999999999999999999,0000000,37.25806944,-76.74551111,2,1
51,107,9,21,13,45,2,3,0,0,4,4,0,12,2,1,1,1,2,55,1,1,2,1,0,0,1,1,0,0,99,99,99,99,99,99,0,0,0,0,1,2,0,510515,0,2009,78,EVERGREEN MILLS ROAD,99999999999999999999,0000000,38.98019444,-77.55794167,2,1
51,800,9,27,18,36,1,1,0,1,13,2,0,52,0,1,3,3,4,60,2,1,2,1,0,0,5,1,0,0,88,88,88,88,88,88,0,0,0,0,1,1,0,510516,2390,2009,4507,US-58,99999999999999999999,0000000,36.64969167,-76.868075,1,1
51,97,9,3,14,50,2,2,0,0,3,3,0,12,4,2,1,3,2,55,1,1,2,1,20,3,1,1,0,0,88,88,88,88,88,88,0,0,0,0,1,5,0,510517,0,2009,329,SR- 14,STRATON MAJOR RD,0000000,37.53089722,-76.69178056,2,1
51,157,10,4,2,15,1,3,0,0,6,4,0,42,0,3,2,1,2,55,2,2,2,1,0,0,2,1,0,0,99,99,99,99,99,99,0,0,0,0,1,1,1,510518,0,2009,78,RT 626,RT 619,0000000,38.67244444,-78.07743056,1,1
51,59,10,5,21,55,1,2,1,1,13,2,0,8,0,3,1,1,5,45,1,2,2,1,3,3,3,1,0,0,88,88,88,88,88,88,0,0,0,0,1,2,0,510519,0,2009,1827,US-1,BACKLICK ROAD,0000000,38.70895556,-77.1599,1,1
51,660,10,7,6,40,2,3,0,1,11,1,0,11,0,1,1,2,4,60,1,1,2,2,0,0,4,2,0,0,99,99,99,99,99,99,0,0,0,0,1,4,0,510520,1190,2009,2494,I-81,99999999999999999999,0000000,38.40524444,-78.90458056,2,2
51,61,10,2,6,16,2,2,0,1,2,2,0,34,0,4,4,3,4,55,1,3,2,1,0,0,2,1,0,0,88,88,88,88,88,88,0,0,0,0,2,6,0,510521,0,2009,1814,US-29,99999999999999999999,0000000,38.67693333,-77.78938333,2,1
51,700,10,9,17,0,2,3,0,0,16,5,0,12,4,2,1,1,2,25,1,1,2,1,20,3,1,1,0,0,88,88,88,88,88,88,0,0,0,0,1,6,0,510522,1720,2009,0,BALTHROPE DRIVE,RIDGEWOOD PARKWAY,0000000,37.14670278,-76.514025,2,1
51,810,10,10,1,40,1,1,0,0,16,5,0,40,0,1,4,1,2,35,2,1,2,1,0,0,2,1,0,0,88,88,88,88,88,88,0,20,0,0,1,7,1,510523,2540,2009,0,5124 LYNNHAVEN PARKW,99999999999999999999,0000000,36.78579722,-76.166025,1,1
51,135,10,11,2,0,1,1,0,0,4,2,0,53,0,1,4,1,2,55,2,1,2,1,0,0,2,1,0,0,88,88,88,88,88,88,0,0,0,0,1,1,1,510524,0,2009,51,US-460 BUS.,99999999999999999999,0000000,37.06997222,-78.03236944,1,1
51,99,10,11,19,8,2,4,0,0,4,3,0,12,4,2,1,1,2,45,1,3,2,1,0,0,5,1,0,0,99,99,99,99,99,99,0,0,0,0,1,1,0,510525,0,2009,115,SR-218,LAMBS CREEK CHURCH,0000000,38.30866111,-77.27997778,2,1
51,199,10,13,21,23,1,2,0,1,13,4,0,21,0,1,4,1,2,55,2,1,2,1,0,0,2,1,0,0,99,99,21,57,99,99,0,0,0,0,1,3,0,510526,0,2009,44,PENNIMAN ROAD,99999999999999999999,0000000,37.26399444,-76.64352222,1,1
51,143,10,17,14,20,1,5,0,0,6,4,0,1,0,1,2,1,2,55,2,2,2,1,0,0,1,1,0,0,99,99,99,99,99,99,0,0,0,0,1,7,0,510527,0,2009,36,RT 744,99999999999999999999,0000000,36.60285,-79.08061944,1,1
51,5,10,8,13,40,1,2,0,0,3,2,0,42,0,1,2,1,2,55,2,1,2,1,0,0,1,1,0,0,99,99,99,99,99,99,0,0,0,0,1,5,0,510528,0,2009,1331,US-220,99999999999999999999,0000000,37.87119444,-79.9409,1,1
51,191,10,17,19,7,2,5,0,0,14,2,0,12,2,1,1,1,2,55,1,1,2,2,0,0,2,2,0,0,99,99,99,99,99,99,0,0,0,0,1,7,0,510529,0,2009,113,US-11,99999999999999999999,0000000,36.71700833,-81.95508889,2,2
51,93,10,15,11,58,3,4,0,0,13,3,0,12,2,1,1,1,2,55,1,1,2,2,0,0,1,2,0,0,99,99,99,99,99,99,0,0,0,0,1,5,0,510530,2270,2009,755,SR-10,99999999999999999999,0000000,36.97951667,-76.63856389,3,2
51,19,10,20,15,0,2,2,0,0,14,2,0,12,1,3,1,1,6,99,1,1,2,1,3,3,1,1,0,0,99,99,99,99,99,99,0,0,0,0,1,3,0,510531,0,2009,1437,US-221,RT 1427,0000000,37.370225,-79.25339722,2,1
51,165,10,14,20,20,1,2,0,0,6,4,0,42,0,1,4,1,2,55,2,2,1,2,0,0,2,2,0,0,99,99,99,99,99,99,0,0,0,0,1,4,0,510532,0,2009,11,RT 668,99999999999999999999,0000000,38.58413611,-78.73798333,1,2
51,61,10,14,21,57,1,1,0,0,4,4,0,30,0,1,4,1,2,45,2,2,2,1,0,0,2,1,0,0,88,88,88,88,88,88,0,0,0,0,1,4,0,510533,0,2009,68,RT-688,99999999999999999999,0000000,38.72730556,-77.94535278,1,1
51,19,10,14,23,45,1,1,0,0,3,3,0,34,0,1,4,1,2,60,2,2,2,1,0,0,2,1,0,0,88,88,88,88,88,88,0,0,0,0,1,4,0,510534,0,2009,116,SR-24,99999999999999999999,0000000,37.26271389,-79.753275,1,1
51,143,10,21,11,6,1,2,0,0,4,3,0,53,0,1,4,1,2,55,2,1,2,1,0,0,1,1,0,0,99,99,99,99,99,99,0,0,0,0,1,4,1,510535,0,2009,35,SR-62,99999999999999999999,0000000,36.57311389,-79.25168056,1,1
51,710,10,20,19,29,1,2,1,0,14,3,0,8,0,1,1,1,6,35,1,1,2,1,0,0,3,1,0,0,99,99,99,99,99,99,0,0,0,0,1,3,0,510536,1760,2009,378,SR-165,99999999999999999999,0000000,36.91524444,-76.27438611,1,1
51,3,10,22,17,19,2,3,0,1,2,2,0,12,4,3,1,2,4,45,1,1,2,1,20,3,1,1,0,0,99,99,99,99,99,99,0,0,0,0,1,5,0,510537,0,2009,1264,US-29,PLANK RD,0000000,37.95705556,-78.65936389,2,1
51,105,10,22,4,10,1,1,0,0,6,4,0,38,0,1,4,1,2,55,2,2,2,1,0,0,2,1,0,0,99,99,99,99,99,99,0,0,0,0,1,5,0,510538,0,2009,16,RT 653,99999999999999999999,0000000,36.68810556,-83.16590278,1,1
51,117,10,20,22,20,1,1,0,0,4,4,0,42,0,1,4,1,2,55,1,1,2,1,0,0,2,1,0,0,99,99,99,99,99,99,0,0,0,0,1,3,0,510539,0,2009,31,RT 903,99999999999999999999,0000000,36.57231944,-78.05022222,1,1
51,15,10,23,16,2,1,1,0,0,6,4,0,37,0,1,4,1,2,45,2,2,2,2,0,0,1,2,0,0,88,88,88,88,88,88,0,0,0,0,1,6,1,510540,0,2009,16,RT 601,99999999999999999999,0000000,38.04166944,-79.39793611,1,2
51,105,10,23,22,20,1,1,0,0,3,2,0,37,0,3,5,1,2,55,2,1,2,1,0,0,2,1,0,0,88,88,88,88,88,88,0,0,0,0,1,6,0,510541,0,2009,350,US-58,RT 641,0000000,36.69161667,-83.07826944,1,1
51,3,10,24,10,38,1,4,0,1,2,2,0,42,0,1,4,3,4,35,1,1,2,2,0,0,1,2,0,0,99,99,99,99,99,99,0,0,0,0,2,7,0,510542,0,2009,1258,US-29,99999999999999999999,0000000,37.95049167,-78.66249444,1,2
51,710,8,8,1,9,1,1,0,0,16,5,2,38,0,1,4,1,2,25,2,1,2,1,0,0,3,1,0,0,99,99,99,99,99,99,0,0,0,0,1,7,1,510543,1760,2009,0,1500 HELMICK ST,99999999999999999999,0000000,36.92649722,-76.31245,1,1
51,87,10,8,6,57,1,1,0,0,15,3,0,33,0,3,4,2,2,40,1,2,2,1,3,3,2,1,0,0,88,88,88,88,88,88,0,0,0,0,1,5,1,510544,0,2009,29,SR-157,THREE CHOPT RD,0000000,37.62758889,-77.57471944,1,1
51,89,10,9,11,26,2,3,0,0,14,3,0,12,4,2,1,2,4,45,1,1,2,1,0,0,1,1,0,0,99,99,99,99,99,99,0,0,0,0,1,6,0,510545,0,2009,310,SR-57,ROLLING HILLS DRIVE,0000000,36.692925,-79.83026389,2,1
51,810,10,20,20,30,2,4,0,0,14,5,0,12,5,2,1,3,4,25,1,1,2,1,3,3,3,1,0,0,99,99,99,99,99,99,0,0,0,0,2,3,0,510546,2540,2009,40,DAM NECK RD,CORPORATE LANDING PK,0000000,36.78660278,-76.00873889,2,1
51,760,10,24,23,21,1,2,0,0,14,5,0,33,0,1,4,2,4,40,2,1,2,2,0,0,3,2,0,0,99,99,99,99,99,99,0,0,0,0,1,7,0,510547,2060,2009,15,5524 WARWICK RD,99999999999999999999,0000000,37.49638056,-77.49575556,1,2
51,17,10,26,11,5,1,2,0,0,3,3,0,42,0,1,4,4,2,55,2,2,2,1,0,0,1,1,0,0,99,99,99,99,99,99,0,0,0,0,1,2,0,510548,0,2009,225,SR- 39,99999999999999999999,0000000,38.04890278,-79.70546667,1,1
51,197,10,25,17,26,2,4,0,0,6,7,0,12,2,1,1,1,2,55,1,1,2,1,0,0,1,1,0,0,99,99,99,99,99,99,0,0,0,0,2,1,0,510549,0,2009,15,FR-42,99999999999999999999,0000000,36.94056389,-80.97558889,2,1
51,155,10,26,8,25,1,1,0,0,3,2,0,1,0,1,2,1,2,55,2,2,2,1,0,0,1,1,0,0,99,99,99,99,99,99,0,0,0,0,1,2,0,510550,0,2009,908,US-11,99999999999999999999,0000000,37.02308056,-80.77813611,1,1
51,125,10,25,23,19,1,4,0,0,3,2,0,52,0,1,4,1,2,55,2,2,2,1,0,0,2,1,0,0,99,99,99,99,99,99,0,0,0,0,1,1,0,510551,0,2009,1042,US-60,99999999999999999999,0000000,37.56029722,-78.84055,1,1
51,15,10,12,6,40,1,1,0,0,4,4,0,42,0,1,4,1,2,99,2,2,2,1,0,0,2,1,0,0,99,99,8,17,99,99,0,0,0,0,1,2,0,510552,0,2009,71,RT 616,99999999999999999999,0000000,38.22408889,-78.94775278,1,1
51,139,10,18,1,30,1,1,0,0,4,4,0,38,0,1,4,1,2,55,2,2,2,2,0,0,2,2,0,0,88,88,88,88,88,88,0,0,0,0,1,1,1,510553,0,2009,41,RT 616,99999999999999999999,0000000,38.64134444,-78.52924444,1,2
51,41,10,18,17,8,1,1,0,0,14,4,0,42,0,1,6,1,2,45,2,1,2,1,0,0,1,1,0,0,88,88,88,88,88,88,0,0,0,0,1,1,0,510554,0,2009,23,OLD BERMUDA HUNDRED,99999999999999999999,0000000,37.34443611,-77.36889722,1,1
51,700,10,25,23,51,1,1,0,1,11,1,0,25,0,1,4,3,6,55,2,1,2,1,0,0,3,1,0,0,88,88,88,88,88,88,0,0,0,0,1,1,0,510555,1720,2009,41,I-664 SOUTH,99999999999999999999,0000000,36.98579167,-76.42750833,1,1
51,165,10,27,2,10,1,1,0,1,2,2,0,40,0,1,4,2,4,55,1,1,2,2,0,0,2,2,0,0,88,88,88,88,88,88,0,0,0,0,1,3,1,510556,0,2009,377,US- 33,99999999999999999999,0000000,38.45337778,-78.86719167,1,2
51,69,10,27,0,1,1,3,0,0,16,4,0,1,0,1,1,1,2,35,1,2,2,1,0,0,2,1,0,0,99,99,99,99,99,99,0,0,0,0,1,3,1,510557,0,2009,3,CHANNING DRIVE,99999999999999999999,0000000,39.16563889,-78.10923056,1,1
51,550,10,13,17,10,3,2,0,0,16,5,0,33,0,1,2,1,2,25,2,1,1,1,0,0,1,1,0,0,99,99,99,99,99,99,0,0,0,0,1,3,1,510558,468,2009,0,HOLLY COVE DR,99999999999999999999,0000000,36.79957778,-76.39813056,2,1
51,89,10,27,14,55,3,4,0,0,13,2,0,12,4,3,1,2,2,55,1,1,2,2,0,0,1,2,0,0,99,99,99,99,99,99,0,0,0,0,1,3,0,510559,0,2009,2602,US- 58,RT 684,0000000,36.64335556,-79.900475,3,2