STATE,COUNTY,MONTH,DAY,HOUR,MINUTE,VE_TOTAL,PERSONS,PEDS,NHS,ROAD_FNC,ROUTE,SP_JUR,HARM_EV,MAN_COLL,REL_JUNC,REL_ROAD,TRAF_FLO,NO_LANES,SP_LIMIT,ALIGNMNT,PROFILE,PAVE_TYP,SUR_COND,TRA_CONT,T_CONT_F,LGT_COND,WEATHER1,WEATHER2,WRK_ZONE,NOT_HOUR,NOT_MIN,ARR_HOUR,ARR_MIN,HOSP_HR,HOSP_MN,SCH_BUS,CF1,CF2,CF3,FATALS,DAY_WEEK,DRUNK_DR,ST_CASE,CITY,YEAR,MILEPT,TWAY_ID,TWAY_ID2,RAIL,LATITUDE,LONGITUD,VE_FORMS,WEATHER
51,69,10,16,18,35,2,2,0,1,11,1,0,12,3,15,1,2,4,65,1,2,2,2,0,0,5,8,0,0,88,88,88,88,88,88,0,0,0,0,1,6,0,510560,0,2009,3082,I-81,RT 277,0000000,39.08175556,-78.21503889,2,8
51,810,10,21,1,53,1,2,1,0,16,5,0,8,0,3,1,3,7,45,1,1,2,1,0,0,3,1,0,0,99,99,99,99,99,99,0,0,0,0,1,4,0,510561,2540,2009,0,2900 BLOCK SHORE DR,RED TIDE DRIVE,0000000,36.91092222,-76.07431389,1,1
51,775,10,24,22,39,1,1,0,0,15,2,0,33,0,1,4,1,5,35,1,1,2,1,0,0,3,1,0,0,88,88,88,88,88,88,0,0,0,0,1,7,0,510562,2170,2009,1408,US-460,99999999999999999999,0000000,37.28791667,-80.09428056,1,1
51,13,10,22,22,25,1,1,0,1,12,2,0,42,0,1,4,3,6,45,2,4,2,1,0,0,2,1,0,0,99,99,99,99,99,99,0,0,0,0,1,5,1,510563,0,2009,849,US-50,99999999999999999999,0000000,38.887025,-77.08200833,1,1
51,105,9,28,22,0,1,2,0,0,6,4,0,17,0,1,5,1,2,55,1,1,2,1,0,0,2,1,0,0,88,88,88,88,88,88,0,0,0,0,2,2,0,510564,0,2009,7,RT 602,99999999999999999999,0000000,36.60126667,-83.01999167,1,1
51,550,10,23,23,15,1,1,0,0,16,5,0,34,0,1,4,1,2,45,2,1,2,1,0,0,2,1,0,0,88,88,88,88,88,88,0,0,0,0,1,6,1,510565,468,2009,0,LAND OF PROMISE RD,99999999999999999999,0000000,36.67578611,-76.18889722,1,1
51,185,10,28,22,45,1,2,0,0,4,4,0,37,0,1,5,1,2,45,2,2,2,1,0,0,2,1,0,0,99,99,99,99,99,99,0,0,0,0,1,4,0,510566,0,2009,123,RT 644,99999999999999999999,0000000,37.283375,-81.38169722,1,1
51,550,10,30,23,10,2,3,0,0,14,3,0,12,5,2,1,3,4,25,2,1,2,1,20,3,3,1,0,0,99,99,99,99,99,99,0,0,0,0,1,6,0,510567,468,2009,75,SR-165,STADIUM DR,0000000,36.70926667,-76.23136389,2,1
51,183,10,29,19,35,1,1,0,1,2,2,0,42,0,1,4,1,4,55,1,1,2,1,0,0,2,1,0,0,88,88,88,88,88,88,0,0,0,0,1,5,0,510568,0,2009,3347,US-460,99999999999999999999,0000000,37.06764167,-77.1381,1,1
51,41,10,31,20,28,1,1,0,1,12,3,0,24,0,1,4,3,4,60,2,1,2,1,0,0,2,1,0,0,88,88,88,88,88,88,0,20,0,0,1,7,0,510569,0,2009,145,SR-150,99999999999999999999,0000000,37.44351667,-77.441725,1,1
51,101,10,8,15,57,3,3,0,1,2,2,0,12,1,1,1,1,2,60,1,3,2,1,0,0,1,1,0,0,99,99,99,99,99,99,0,0,0,0,1,5,0,510570,0,2009,1610,US-360,99999999999999999999,0000000,37.70698056,-77.15638056,3,1
51,810,10,18,19,46,1,2,1,9,99,9,0,8,0,1,7,1,9,15,1,1,2,2,0,0,2,2,0,0,99,99,99,99,99,99,0,0,0,0,1,1,0,510571,2540,2009,99999,3177 VA BEACH BLVD,99999999999999999999,0000000,36.84307778,-76.08151389,1,2
51,87,10,1,19,23,1,2,1,0,14,2,0,8,0,1,1,3,4,45,1,1,2,1,0,0,2,1,0,0,88,88,88,88,88,88,0,0,0,0,1,5,0,510572,0,2009,1964,US-60,99999999999999999999,0000000,37.51796389,-77.34181944,1,1
51,69,10,3,8,9,2,2,0,0,3,2,0,12,5,2,1,1,2,55,2,2,2,1,20,3,1,1,0,0,99,99,99,99,99,99,0,0,0,0,1,7,0,510573,0,2009,19,US-50,RT-50,0000000,39.28030556,-78.36067222,2,1
51,155,10,8,8,10,2,2,0,0,4,3,0,12,2,1,1,1,2,55,1,4,2,1,0,0,1,1,0,0,99,99,99,99,99,99,0,0,0,0,1,5,0,510574,0,2009,169,SR- 100,99999999999999999999,0000000,36.97444444,-80.78933611,2,1
51,550,10,15,8,5,2,3,0,1,11,1,0,12,4,1,1,2,4,55,1,1,2,2,0,0,1,2,0,0,99,99,99,99,99,99,0,0,0,0,1,5,0,510575,468,2009,204,I-64,99999999999999999999,0000000,36.78536667,-76.40785278,2,2
51,199,10,20,13,4,1,1,0,0,15,4,0,42,0,1,4,2,2,35,2,2,2,1,0,0,1,1,0,0,88,88,88,88,88,88,0,0,0,0,1,3,0,510576,0,2009,16,ORIANA ROAD,99999999999999999999,0000000,37.14998611,-76.47359722,1,1
51,61,10,10,6,45,1,1,0,1,2,2,0,37,0,3,4,2,2,55,1,1,2,1,0,0,1,1,0,0,99,99,99,99,99,99,0,0,0,0,1,7,0,510577,0,2009,1946,US- 17,RT 651,0000000,38.73272778,-77.79066944,1,1
51,177,10,23,3,6,1,1,0,0,4,4,0,1,0,1,5,1,2,45,2,2,2,1,0,0,2,1,0,0,88,88,88,88,88,88,0,0,0,0,1,6,1,510578,0,2009,29,GORDON RD,99999999999999999999,0000000,38.24815556,-77.59034167,1,1
51,59,10,20,2,39,1,1,0,0,15,4,0,42,0,1,4,1,2,35,2,2,2,1,0,0,2,1,0,0,88,88,88,88,88,88,0,0,0,0,1,3,0,510579,0,2009,13,HENDERSON RD,99999999999999999999,0000000,38.73433611,-77.35765556,1,1
51,73,10,27,5,28,2,2,0,1,2,2,0,12,1,1,1,1,2,55,1,1,2,2,0,0,2,2,0,0,88,88,88,88,88,88,0,0,0,0,1,3,0,510580,0,2009,842,US-17,99999999999999999999,0000000,37.42116389,-76.54724167,2,2
51,59,10,14,19,25,2,2,0,0,14,4,0,12,5,2,1,2,4,25,1,1,2,2,20,3,2,2,0,0,99,99,20,17,99,99,0,0,0,0,1,4,0,510581,0,2009,13,CAMERON AVE,NORTH VILLAGE RD,0000000,38.97026944,-77.34385833,2,2
51,59,10,24,17,0,4,8,0,0,13,4,0,12,7,1,1,3,6,50,1,2,2,2,0,0,1,2,0,0,99,99,99,99,99,99,0,0,0,0,2,7,0,510582,0,2009,1,FAIRFAX COUNTY PKWY,99999999999999999999,0000000,38.75890278,-77.21813611,4,2
51,43,11,1,2,30,1,1,0,0,3,2,0,42,0,1,4,1,2,55,1,1,2,2,0,0,2,2,0,0,88,88,88,88,88,88,0,0,0,0,1,1,1,510583,0,2009,1073,US-340,99999999999999999999,0000000,39.07024722,-78.09425278,1,2
51,185,11,1,18,26,1,2,1,1,2,2,0,8,0,1,1,1,4,55,1,1,2,1,0,0,2,1,0,0,88,88,88,88,88,88,0,0,0,0,1,1,0,510584,0,2009,838,US-460,99999999999999999999,0000000,37.22438333,-81.33281667,1,1
51,175,11,2,8,0,1,1,0,0,3,3,0,42,0,1,4,1,2,55,1,1,2,1,0,0,1,1,0,0,99,99,9,53,99,99,0,0,0,0,1,2,0,510585,0,2009,172,SR-35,99999999999999999999,0000000,36.78784167,-77.12848611,1,1
51,810,11,2,18,47,2,4,0,0,14,5,0,12,2,1,1,1,2,45,2,1,2,2,0,0,3,2,0,0,99,99,99,99,99,99,0,0,0,0,1,2,0,510586,2540,2009,100,INDIAN RIVER RD,99999999999999999999,0000000,36.72044722,-76.04083889,2,2
51,41,3,11,1,54,1,2,1,0,16,4,0,8,0,6,1,1,2,55,2,1,2,1,63,3,2,1,0,0,88,88,88,88,88,88,0,0,0,0,1,4,0,510588,0,2009,4,PINE FOREST DR,99999999999999999999,0623688,37.28948611,-77.40466944,1,1
51,27,11,3,7,15,1,1,0,1,2,2,0,42,0,1,4,1,2,55,2,1,2,1,0,0,1,1,0,0,99,99,12,17,99,99,0,0,0,0,1,3,0,510589,0,2009,50,US-460,99999999999999999999,0000000,37.318025,-82.16434444,1,1
51,61,11,4,4,39,2,2,0,1,1,1,0,12,1,1,1,3,4,65,2,2,2,1,0,0,2,1,0,0,88,88,88,88,88,88,0,0,0,0,1,4,0,510590,0,2009,201,I-66,99999999999999999999,0000000,38.90893333,-77.96121667,2,1
51,127,11,7,23,5,1,3,0,0,3,2,0,42,0,1,4,2,4,55,1,1,1,1,0,0,2,1,0,0,88,88,88,88,88,88,0,0,0,0,3,7,0,510591,0,2009,2168,US-60,99999999999999999999,0000000,37.425525,-76.96626667,1,1
51,131,11,5,22,12,1,1,0,0,4,2,0,42,0,1,4,3,4,55,1,1,2,1,0,0,3,1,0,0,88,88,88,88,88,88,0,0,0,0,1,5,1,510592,0,2009,12,US-13,99999999999999999999,0000000,37.28744722,-75.97105556,1,1
51,770,11,8,18,26,4,5,1,1,1,1,0,8,0,1,1,2,6,55,1,1,2,1,0,0,2,1,0,0,88,88,88,88,88,88,0,0,0,0,1,1,0,510593,2100,2009,1324,I-581 SOUTH,99999999999999999999,0000000,37.32211944,-79.98570556,4,1
51,75,11,8,16,20,1,1,0,1,2,3,0,24,0,1,4,3,4,65,2,1,2,1,0,0,1,1,0,0,88,88,88,88,88,88,0,0,0,0,1,1,0,510594,0,2009,323,SR-288,99999999999999999999,0000000,37.66975833,-77.651025,1,1
51,19,11,9,14,25,2,2,0,0,3,3,0,12,8,1,1,1,2,55,2,2,1,1,0,0,1,1,0,0,88,88,88,88,88,88,0,0,0,0,1,2,0,510595,0,2009,113,SR-24,99999999999999999999,0000000,37.26503611,-79.85017778,2,1
51,53,11,9,12,49,1,1,0,0,14,2,0,42,0,1,4,1,3,55,2,3,2,1,0,0,1,1,0,0,88,88,88,88,88,88,0,0,0,0,1,2,0,510596,0,2009,624,US- 1,99999999999999999999,0000000,37.16182222,-77.51609722,1,1
51,143,11,7,15,45,1,1,0,0,16,4,0,53,0,1,4,1,2,25,2,2,2,1,0,0,1,1,0,0,99,99,99,99,99,99,0,0,0,0,1,7,0,510597,0,2009,1,RT 1521,99999999999999999999,0000000,36.61962778,-79.43930556,1,1
51,650,11,11,14,3,1,2,0,1,11,1,0,30,0,13,2,6,1,55,2,1,2,2,0,0,1,2,0,0,99,99,99,99,99,99,0,7,0,0,1,4,0,510598,1180,2009,2618,I-64,HAMPTON RHOADS PKWY,0000000,37.03313611,-76.38130833,1,2
51,119,11,10,16,11,2,3,0,0,3,3,0,12,1,8,1,1,2,55,1,1,2,1,0,0,1,1,0,0,99,99,99,99,99,99,0,0,0,0,1,3,0,510599,0,2009,1325,SR-3,99999999999999999999,0000000,37.58485278,-76.48183889,2,1
51,59,11,5,2,22,2,3,0,1,11,1,0,12,1,15,1,3,7,55,1,1,2,1,0,0,3,1,0,0,99,99,99,99,99,99,0,0,0,0,1,5,0,510600,0,2009,99999,I-95,99999999999999999999,0000000,38.735875,-77.193375,2,1
51,187,11,11,0,15,1,5,0,0,6,4,0,17,0,1,4,1,2,35,2,2,4,1,0,0,2,1,0,0,99,99,99,99,99,99,0,0,0,0,1,4,0,510601,0,2009,24,RT 603,99999999999999999999,0000000,38.93200556,-78.22866389,1,1
51,131,11,12,8,6,1,4,0,1,2,2,0,34,0,1,3,2,4,55,1,1,2,2,0,0,1,2,0,0,99,99,99,99,99,99,0,0,0,0,1,5,0,510602,0,2009,1003,US- 13,99999999999999999999,0000000,37.46968056,-75.86231111,1,2
51,87,11,25,23,20,1,2,1,0,14,2,0,8,0,2,1,3,6,45,1,1,2,1,3,3,2,1,0,0,88,88,88,88,88,88,0,0,0,0,1,4,0,510603,0,2009,1561,US-250,GASKINS RD,0000000,37.64410556,-77.56845556,1,1
51,7,11,26,9,0,1,1,0,0,4,4,0,32,0,1,4,1,2,55,2,2,2,2,0,0,1,5,0,0,88,88,88,88,88,88,0,0,0,0,1,5,0,510604,0,2009,91,RT-681,99999999999999999999,0000000,37.37233889,-78.02636111,1,5
51,179,11,26,3,56,1,2,0,0,15,4,0,42,0,1,4,1,2,45,2,1,2,1,0,0,2,5,0,0,99,99,99,99,99,99,0,0,0,0,1,5,1,510605,0,2009,39,GARRISONVILLE RD,99999999999999999999,0000000,38.50230278,-77.50219444,1,5
51,810,11,27,0,52,1,2,1,0,15,5,0,8,0,2,1,3,4,35,1,1,2,2,3,3,3,2,0,0,99,99,99,99,99,99,0,0,0,0,1,6,1,510606,2540,2009,17,4500 COLUMBUS STREET,100 MARKET STREET,0000000,36.84095833,-76.13486667,1,2
51,25,11,12,4,35,2,2,1,0,4,3,0,8,0,1,1,1,2,55,2,2,2,2,0,0,2,2,0,0,88,88,88,88,88,88,0,19,0,0,1,5,0,510607,0,2009,284,SR-36,99999999999999999999,0000000,37.71750278,-78.97590556,1,2
51,59,11,13,18,0,2,2,0,1,12,3,0,12,3,7,1,2,6,55,1,2,2,2,0,0,2,2,0,1,88,88,88,88,88,88,0,0,0,0,1,6,0,510608,0,2009,283,SR- 267,RT 123,0000000,38.91401111,-77.18925556,2,2
51,75,11,15,20,11,2,2,0,0,5,4,0,12,4,1,1,1,2,45,2,2,2,1,0,0,2,1,0,0,99,99,99,99,99,99,0,0,0,0,1,1,1,510609,0,2009,22,ROCKVILLE RD,99999999999999999999,0000000,37.67668889,-77.67239444,2,1
51,87,11,15,17,55,1,2,1,0,13,3,0,8,0,2,1,3,4,45,1,2,2,1,20,3,3,1,0,0,99,99,99,99,99,99,0,0,0,0,1,1,0,510610,0,2009,969,SR-6,NALLA ROAD,0000000,37.59403611,-77.55545278,1,1
51,59,11,19,2,0,1,3,0,0,14,4,0,42,0,1,4,1,2,25,1,1,2,2,0,0,2,2,0,0,99,99,99,99,99,99,0,0,0,0,1,5,1,510611,0,2009,34,RT 677,99999999999999999999,0000000,38.91838333,-77.24568889,1,2
51,93,11,19,14,10,1,1,0,1,13,2,0,25,0,1,4,3,4,55,1,1,1,1,0,0,1,1,0,0,88,88,88,88,88,88,0,0,0,0,1,5,1,510612,0,2009,462,US-17,99999999999999999999,0000000,36.92502222,-76.51801667,1,1
51,197,11,18,21,8,1,2,1,1,11,1,0,8,0,1,1,2,4,65,1,1,2,2,0,0,2,2,0,0,99,99,99,99,99,99,0,0,0,0,1,4,0,510613,0,2009,729,I-81 NORTH,99999999999999999999,0000000,36.94824444,-80.91087222,1,2
51,69,11,22,10,40,2,2,0,0,3,2,0,12,2,1,1,1,5,55,1,1,2,1,0,0,1,1,0,0,99,99,99,99,99,99,0,0,0,0,1,1,0,510614,0,2009,1326,US- 522,99999999999999999999,0000000,39.08290556,-78.14729722,2,1
51,101,11,24,18,35,2,2,0,1,2,2,0,12,4,1,1,2,4,60,1,1,2,2,0,0,2,2,0,0,99,99,99,99,99,99,0,0,0,0,1,3,0,510615,0,2009,1646,US- 360,99999999999999999999,0000000,37.74302778,-77.13501111,2,2
51,87,11,20,18,7,1,2,1,0,13,4,0,8,0,2,1,2,4,45,1,1,2,1,0,0,2,1,0,0,99,99,99,99,99,99,0,0,0,0,1,6,0,510616,0,2009,18,GLENSIDE DR,LOCUST STREET,0000000,37.61280278,-77.51116389,1,1
51,740,11,28,14,56,1,1,0,1,11,1,0,1,0,15,1,3,4,55,1,1,2,1,0,0,1,1,0,0,99,99,15,18,99,99,0,0,0,0,1,7,0,510617,1970,2009,28,I-264E,99999999999999999999,0000000,36.80808333,-76.35665556,1,1
51,41,11,28,0,28,1,2,0,0,16,4,0,42,0,1,4,1,2,25,2,1,2,1,0,0,2,1,0,0,88,88,88,88,88,88,0,0,0,0,1,7,1,510618,0,2009,5,3627 THURSTON RD,99999999999999999999,0000000,37.39641389,-77.44674722,1,1
51,93,11,12,8,35,2,4,0,0,3,2,0,12,2,1,1,1,2,55,1,1,2,2,0,0,1,2,0,0,99,99,99,99,99,99,0,0,0,0,1,5,0,510619,0,2009,401,US-258,99999999999999999999,0000000,36.91558889,-76.698475,2,2
51,15,11,29,15,25,1,1,0,0,3,2,0,11,0,1,1,1,2,55,1,1,2,1,0,0,1,1,0,0,88,88,88,88,88,88,0,0,0,0,1,1,0,510620,0,2009,535,US-250,99999999999999999999,0000000,38.32334167,-79.41261389,1,1
51,177,11,28,11,36,1,1,0,0,6,4,0,42,0,1,4,1,2,40,1,1,2,1,0,0,1,1,0,0,88,88,88,88,88,88,0,0,0,0,1,7,0,510621,0,2009,53,RIVER RD,99999999999999999999,0000000,38.32038056,-77.55532222,1,1
51,13,11,28,19,6,1,2,1,0,6,9,0,8,0,2,1,3,4,35,1,1,2,1,3,3,3,1,0,0,99,99,99,99,99,99,0,0,0,0,1,7,0,510622,0,2009,99999,SOUTH 18TH ST,SOUTH FERN ST,0000000,38.85491389,-77.08492778,1,1
51,153,11,24,15,44,2,5,0,0,15,4,0,12,4,2,1,3,4,35,2,2,2,1,0,0,1,1,0,0,99,99,99,99,99,99,0,0,0,0,1,3,0,510623,0,2009,11,WILLIAMSON BLVD,LINDEN LAKE PLAZA,0000000,38.79533611,-77.51088333,2,1
51,87,11,28,15,39,3,3,1,0,15,3,0,12,1,1,1,1,2,45,2,1,2,1,0,0,1,1,0,0,88,88,88,88,88,88,0,0,0,0,1,7,0,510624,0,2009,63,SR-157,99999999999999999999,0000000,37.66799167,-77.55978611,2,1
51,143,11,29,20,30,1,1,0,0,5,4,0,42,0,1,4,1,2,55,2,2,2,1,0,0,2,1,0,0,88,88,88,88,88,88,0,0,0,0,1,1,0,510625,0,2009,62,RT 642,99999999999999999999,0000000,37.0312,-79.24524444,1,1
51,87,11,21,23,30,1,1,0,0,15,3,0,42,0,1,4,1,2,45,2,1,2,1,0,0,2,1,0,0,99,99,99,99,99,99,0,20,0,0,1,7,1,510626,0,2009,61,SR-157,99999999999999999999,0000000,37.66819444,-77.55944167,1,1
51,660,11,28,16,30,1,3,0,0,16,4,0,42,0,1,4,1,2,25,2,2,4,1,0,0,2,1,0,0,99,99,99,99,99,99,0,0,0,0,1,7,0,510627,1190,2009,0,BETTS RD,99999999999999999999,0000000,38.42484722,-78.83630278,1,1
51,67,11,30,6,39,2,2,0,0,3,3,0,12,3,1,1,1,2,55,1,1,2,1,0,0,2,1,0,0,88,88,88,88,88,88,0,0,0,0,1,2,0,510628,0,2009,439,SR-40 EAST,99999999999999999999,0000000,36.99333333,-79.71993056,2,1
51,193,11,27,6,19,1,1,0,0,3,3,0,37,0,1,4,1,2,55,1,1,2,1,0,0,2,1,0,0,99,99,99,99,99,99,0,0,0,0,1,6,0,510629,0,2009,137,SR- 202,99999999999999999999,0000000,38.02213056,-76.60835278,1,1
51,23,11,25,8,0,1,2,0,1,1,1,0,24,0,1,4,3,4,65,2,1,2,1,0,0,1,1,0,0,99,99,99,99,99,99,0,0,0,0,1,4,0,510630,0,2009,1690,I-81,99999999999999999999,0000000,37.44869722,-79.85824722,1,1
51,95,11,28,22,50,1,3,0,0,6,4,0,42,0,1,4,1,2,40,2,2,2,1,0,0,2,1,0,0,99,99,99,99,99,99,0,0,0,0,1,7,1,510631,0,2009,42,BARNES RD,99999999999999999999,0000000,37.41816389,-76.84858611,1,1
51,59,11,6,21,16,2,3,1,0,14,4,0,8,0,2,1,1,4,35,1,1,2,1,0,0,3,1,0,0,99,99,99,99,99,99,0,0,0,0,1,6,0,510632,0,2009,4,ANNANDALE RD,FARR ST,0000000,38.83616389,-77.19818056,2,1
51,710,11,16,19,5,2,2,0,0,14,3,0,12,4,2,1,3,4,35,1,1,2,1,0,0,3,1,0,0,99,99,99,99,99,99,0,0,0,0,1,2,0,510633,1760,2009,8,SR-403,COLISS AVE,0000000,36.85064167,-76.17911389,2,1
51,107,11,19,17,6,2,3,0,0,3,2,0,12,4,4,1,1,2,50,1,3,2,2,0,0,5,2,0,0,99,99,99,99,99,99,0,0,0,0,1,5,0,510634,0,2009,480,US-50,CARTERS FARM LANE,0000000,38.97368889,-77.70578333,2,2
51,167,11,10,19,32,2,3,0,1,2,2,0,14,2,1,5,3,4,55,2,2,2,2,0,0,2,2,0,0,99,99,99,99,99,99,0,0,0,0,1,3,0,510635,0,2009,407,US-19,99999999999999999999,0000000,36.92793889,-81.99371389,1,2
51,87,12,2,12,25,2,2,0,0,14,3,0,12,4,2,1,3,4,35,1,1,2,2,20,3,1,2,0,0,99,99,13,0,99,99,0,0,0,0,1,4,0,510636,0,2009,69,SR-147,WESTHAMPTON STATION,0000000,37.56750833,-77.53914444,2,2
51,177,12,5,7,54,1,2,0,0,4,4,0,42,0,1,6,1,2,45,2,2,2,2,0,0,4,2,0,0,99,99,99,99,99,99,0,0,0,0,1,7,0,510637,0,2009,6,GORDON RD,99999999999999999999,0000000,38.22719167,-77.62312778,1,2
51,59,11,29,17,32,1,2,0,0,14,4,0,34,0,3,2,2,2,35,1,1,2,1,0,0,2,1,0,0,99,99,99,99,99,99,0,0,0,0,1,1,1,510638,0,2009,36,FORT HUNT RD,MARINE DR,0000000,38.75963889,-77.05896389,1,1
51,59,10,22,15,30,2,5,0,0,13,3,0,12,4,2,1,2,6,35,1,1,2,1,3,3,1,1,0,2,99,99,99,99,99,99,0,3,0,0,2,5,0,510639,0,2009,90,SR-236,BRADDOCK RD,0000000,38.82279167,-77.16367778,2,1
51,600,10,16,6,39,1,2,1,0,14,5,0,8,0,2,1,2,4,30,1,1,2,2,3,3,3,2,0,0,88,88,88,88,88,88,0,0,0,0,1,6,0,510640,900,2009,1,JERMANTOWN RD,JAMES SWART CIR,0000000,38.85388056,-77.33285,1,2
51,85,1,21,18,0,1,2,1,0,3,2,0,8,0,2,1,1,2,55,1,1,2,1,0,0,2,1,0,0,99,99,99,99,99,99,0,0,0,0,1,4,0,510641,0,2009,902,US-301,GEORGETOWN RD,0000000,37.72666944,-77.36555,1,1
51,550,12,1,11,47,2,3,0,1,11,1,0,12,4,1,1,2,4,55,1,1,1,1,0,0,1,1,0,0,99,99,99,99,99,99,0,0,0,0,1,3,0,510642,468,2009,2959,I-64 EAST,99999999999999999999,9999999,36.75937778,-76.33644167,2,1
51,183,12,2,21,19,1,1,0,1,1,1,0,37,0,1,4,3,2,65,1,1,2,2,0,0,2,2,0,0,88,88,88,88,88,88,0,0,0,0,1,4,0,510643,0,2009,235,I-95,99999999999999999999,0000000,36.84501111,-77.43661944,1,2
51,117,12,3,7,20,1,1,0,0,4,4,0,34,0,1,4,2,4,45,1,2,2,1,0,0,1,1,0,0,88,88,88,88,88,88,0,0,0,0,1,5,1,510644,0,2009,146,RT 722,99999999999999999999,0000000,36.61411667,-78.60323889,1,1
51,43,12,4,4,0,1,2,0,0,4,3,0,37,0,1,4,1,2,45,1,2,2,1,0,0,2,1,0,0,99,99,99,99,99,99,0,0,0,0,1,6,1,510645,0,2009,28,SR- 255,99999999999999999999,0000000,39.09423056,-78.02001111,1,1
51,87,12,4,23,9,3,2,0,0,14,3,0,53,0,1,4,1,2,55,2,1,2,1,0,0,2,1,0,0,88,88,88,88,88,88,0,20,0,0,2,6,0,510646,0,2009,46,SR-5,99999999999999999999,0000000,37.47151944,-77.38949722,1,1
51,125,12,5,14,0,2,2,0,0,3,2,0,12,5,1,1,1,3,55,2,2,2,3,0,0,1,4,0,0,99,99,99,99,99,99,0,0,0,0,1,7,0,510647,0,2009,73,US-250,99999999999999999999,0000000,38.03700556,-78.83875,2,4
51,47,12,5,12,15,2,5,0,0,3,2,0,12,5,1,1,1,2,55,1,1,2,3,0,0,1,4,0,0,99,99,99,99,99,99,0,0,0,0,1,7,0,510648,0,2009,706,US-522,99999999999999999999,0000000,38.43288333,-77.98679444,2,4
51,41,12,5,0,25,2,2,0,0,13,2,0,12,2,1,1,1,4,45,2,1,2,1,0,0,2,1,0,0,99,99,99,99,99,99,0,0,0,0,1,7,0,510649,0,2009,835,US-1,99999999999999999999,0000000,37.40440833,-77.43314167,2,1
51,117,12,4,2,15,1,2,0,0,4,3,0,53,0,1,4,1,2,55,2,1,2,1,0,0,2,1,0,0,99,99,99,99,99,99,0,0,0,0,1,6,1,510650,0,2009,245,SR-47,99999999999999999999,0000000,36.78488611,-78.32290556,1,1
51,15,12,5,10,0,1,3,0,0,3,3,0,42,0,1,4,1,2,55,1,1,2,3,0,0,1,4,0,0,99,99,99,99,99,99,0,0,0,0,1,7,0,510651,0,2009,1951,SR-42,99999999999999999999,0000000,38.18446389,-79.247475,1,4
51,41,12,6,3,40,1,2,0,1,12,3,0,24,0,1,2,3,4,60,2,1,1,1,0,0,2,1,0,0,99,99,99,99,99,99,0,0,0,0,1,1,1,510652,0,2009,56,SR-76,99999999999999999999,0000000,37.49964722,-77.55935556,1,1
51,570,12,7,5,48,3,3,0,1,11,1,0,12,1,1,1,3,6,55,2,2,2,1,0,0,2,1,0,0,99,99,99,99,99,99,0,0,0,0,1,2,0,510653,620,2009,53,I-95,99999999999999999999,0000000,37.24139722,-77.39533333,3,1
51,165,12,7,7,0,2,2,0,1,1,1,0,12,2,1,1,2,4,65,1,1,2,1,0,0,4,1,0,0,99,99,99,99,99,99,0,0,0,0,1,2,0,510654,0,2009,2580,I-81,99999999999999999999,0000000,38.56561667,-78.74450556,2,1
51,37,12,6,2,15,1,4,0,0,6,4,0,42,0,1,4,1,2,55,2,1,2,1,0,0,2,1,0,0,99,99,99,99,99,99,0,0,0,0,1,1,1,510655,0,2009,51,RT-615,99999999999999999999,0000000,37.177825,-78.74691111,1,1
51,800,12,7,13,46,1,1,0,1,13,2,0,42,0,1,4,3,4,55,1,1,2,1,0,0,1,1,0,0,88,88,88,88,88,88,0,0,0,0,1,2,0,510656,2390,2009,60,US-58,99999999999999999999,0000000,36.747825,-76.53505278,1,1
51,135,12,8,17,27,2,2,0,1,2,2,0,12,4,2,1,2,4,45,1,1,2,2,20,3,2,2,0,0,88,88,88,88,88,88,0,0,0,0,1,3,0,510657,0,2009,2719,US-460,ROUTE 49,0000000,37.173175,-78.12309167,2,2
51,690,12,9,15,1,2,2,0,0,16,5,0,12,4,2,1,1,4,35,1,1,2,1,3,3,1,1,0,0,99,99,99,99,99,99,0,0,0,0,1,4,0,510658,1570,2009,0,BROOKDALE ST,SPRUCEDALE ST,0000000,36.67905556,-79.85077778,2,1
51,810,12,11,0,25,1,2,0,1,11,1,0,42,0,13,4,6,1,25,2,1,1,1,0,0,3,1,0,0,99,99,99,99,99,99,0,0,0,0,2,6,1,510659,2540,2009,140,I-264 WEST,NEWTOWN RD EXIT RAMP,0000000,36.84710556,-76.18001389,1,1
51,157,12,12,9,14,1,2,0,0,3,2,0,32,0,1,4,1,2,55,1,2,2,1,0,0,1,1,0,0,99,99,99,99,99,99,0,0,0,0,1,7,0,510660,0,2009,1052,US- 522,99999999999999999999,0000000,38.68818889,-78.18729444,1,1
51,61,12,13,2,51,2,2,0,1,13,2,0,12,7,1,1,1,2,45,2,1,2,1,0,0,2,1,0,0,99,99,99,99,99,99,0,0,0,0,1,1,1,510661,0,2009,2093,US-29,99999999999999999999,0000000,38.73453611,-77.76843889,2,1