STATE,COUNTY,MONTH,DAY,HOUR,MINUTE,VE_TOTAL,PERSONS,PEDS,NHS,ROAD_FNC,ROUTE,SP_JUR,HARM_EV,MAN_COLL,REL_JUNC,REL_ROAD,TRAF_FLO,NO_LANES,SP_LIMIT,ALIGNMNT,PROFILE,PAVE_TYP,SUR_COND,TRA_CONT,T_CONT_F,LGT_COND,WEATHER1,WEATHER2,WRK_ZONE,NOT_HOUR,NOT_MIN,ARR_HOUR,ARR_MIN,HOSP_HR,HOSP_MN,SCH_BUS,CF1,CF2,CF3,FATALS,DAY_WEEK,DRUNK_DR,ST_CASE,CITY,YEAR,MILEPT,TWAY_ID,TWAY_ID2,RAIL,LATITUDE,LONGITUD,VE_FORMS,WEATHER
51,3,12,13,11,46,1,1,0,0,4,3,0,42,0,1,4,1,2,45,2,2,2,2,0,0,1,2,0,0,88,88,88,88,88,88,0,0,0,0,1,1,1,510662,0,2009,456,SR-20,99999999999999999999,0000000,38.07755556,-78.40470278,1,2
51,840,12,14,7,43,2,4,0,0,15,5,0,12,2,1,1,1,2,35,2,2,2,4,0,0,1,1,0,0,99,99,99,99,99,99,1,0,0,0,2,2,0,510663,2640,2009,4,3102 SHAWNEE DR,99999999999999999999,0000000,39.13948056,-78.17583611,2,1
51,93,12,14,8,35,1,3,0,1,2,2,0,34,0,1,4,3,4,55,1,1,2,1,0,0,1,5,0,0,99,99,99,99,99,99,0,0,0,0,1,2,0,510664,0,2009,3597,US-460,99999999999999999999,0000000,36.86599167,-76.82726389,1,5
51,680,12,14,7,2,2,2,0,0,14,5,0,12,2,1,1,1,2,35,2,2,2,4,0,0,1,3,0,0,88,88,88,88,88,88,0,0,0,0,1,2,0,510665,1490,2009,2,OLD GRAVES MILL RD,99999999999999999999,0000000,37.35721389,-79.226725,2,3
51,73,12,7,13,6,2,2,0,1,13,2,0,12,4,1,1,2,4,55,1,1,2,1,0,0,1,1,0,0,99,99,99,99,99,99,0,0,0,0,1,2,0,510666,0,2009,745,US-17,99999999999999999999,0000000,37.31816111,-76.51368056,2,1
51,35,12,14,6,20,1,1,0,0,3,2,0,37,0,2,4,1,2,55,2,2,2,4,0,0,2,3,0,0,88,88,88,88,88,88,0,0,0,0,1,2,0,510667,0,2009,2095,US- 58,RT 21,9999999,36.63911944,-80.96752222,1,3
51,195,12,13,17,52,2,2,0,1,2,2,0,12,5,2,1,3,4,55,2,1,2,1,0,0,2,1,0,0,99,99,99,99,99,99,0,0,0,0,1,1,0,510668,0,2009,394,US-23,RT-610,0000000,36.91888056,-82.66473889,2,1
51,590,12,15,6,24,1,2,1,0,14,3,0,15,0,2,1,1,2,35,1,1,2,1,0,0,2,1,0,0,99,99,99,99,99,99,0,0,0,0,1,3,0,510669,720,2009,54,SR-51,MARTIN AVE,0000000,36.58627778,-79.43595833,1,1
51,690,12,2,19,55,1,2,1,9,99,9,0,8,0,2,1,1,2,25,2,1,2,2,0,0,3,2,0,0,99,99,99,99,99,99,0,0,0,0,1,4,0,510670,1570,2009,99999,FAYETTE STREET,GLEN STREET,0000000,36.69056667,-79.88523889,1,2
51,185,12,16,12,0,1,1,0,0,4,3,0,27,0,1,4,1,2,55,1,1,2,1,0,0,1,1,0,0,99,99,13,18,99,99,0,0,0,0,1,4,0,510671,0,2009,1,SR-16 ALT,99999999999999999999,0000000,37.13240278,-81.53057222,1,1
51,710,12,17,23,50,2,3,0,1,11,1,0,12,1,15,1,3,7,55,1,1,2,1,0,0,2,1,0,0,99,99,99,99,99,99,0,0,0,0,1,5,0,510672,1760,2009,120,I-264W,99999999999999999999,0000000,36.84439167,-76.20615,2,1
51,127,12,17,17,27,1,2,1,0,2,3,0,8,0,3,1,2,4,55,1,2,2,1,3,3,2,1,0,0,88,88,88,88,88,88,0,0,0,0,1,5,0,510673,0,2009,348,SR-33,RT 249,0000000,37.50135,-76.87442778,1,1
51,35,12,18,15,45,1,1,0,0,6,4,0,38,0,1,4,1,2,55,2,2,2,3,0,0,1,3,0,0,88,88,88,88,88,88,0,0,0,0,1,6,0,510674,0,2009,38,RT 664,99999999999999999999,0000000,36.76453611,-80.59252778,1,3
51,87,12,17,21,1,1,2,1,1,13,2,0,8,0,3,1,3,6,45,1,1,2,1,2,3,2,1,0,0,88,88,88,88,88,88,0,0,0,0,1,5,0,510675,0,2009,1304,US-33,TOWNHOUSE RD,0000000,37.60790833,-77.49566944,1,1
51,41,12,20,14,51,2,4,0,1,2,2,0,12,1,1,1,2,4,60,1,1,2,2,0,0,1,1,0,0,99,99,99,99,99,99,0,0,0,0,2,1,0,510676,0,2009,1148,US-360,99999999999999999999,0000000,37.36715556,-77.81839444,2,1
51,153,10,3,21,36,1,2,1,0,14,4,0,8,0,3,1,3,6,45,2,1,2,1,3,3,3,1,0,0,88,88,88,88,88,88,0,0,0,0,1,7,0,510677,0,2009,56,MINNIEVILLE RD,SMOKETOWN PLAZA,0000000,38.65563889,-77.30757222,1,1
51,61,12,19,22,19,2,2,0,1,1,1,0,12,1,15,1,3,4,55,2,1,2,1,0,0,2,1,0,0,88,88,88,88,88,88,0,0,0,0,1,7,0,510678,0,2009,188,I-68,99999999999999999999,0000000,38.90756667,-77.99953889,2,1
51,650,12,19,5,45,1,1,0,0,16,5,0,42,0,1,4,1,2,30,1,1,2,2,0,0,2,2,0,0,88,88,88,88,88,88,0,0,0,0,1,7,1,510679,1180,2009,0,63 JOYNES RD,99999999999999999999,0000000,37.02409722,-76.41086667,1,2
51,197,12,23,11,30,2,3,0,1,1,1,0,12,4,19,1,2,6,65,1,2,2,1,0,0,1,1,0,0,99,99,99,99,99,99,0,0,0,0,1,4,0,510680,0,2009,321,I-77,I-81,0000000,36.94563889,-80.95275833,2,1
51,550,12,21,9,50,1,1,0,0,16,5,0,30,0,1,4,1,2,25,1,1,2,1,0,0,1,1,0,0,99,99,99,99,99,99,0,0,0,0,1,2,0,510681,468,2009,0,1350 GUST LN,99999999999999999999,0000000,36.78832222,-76.34216944,1,1
51,87,12,24,13,56,2,5,0,0,16,5,0,12,4,2,1,1,2,25,2,1,2,1,0,0,1,1,0,0,99,99,99,99,99,99,0,0,0,0,1,5,0,510682,0,2009,0,FARMINGTON DRIVE,CONDOVER RD,0000000,37.60185556,-77.57682222,2,1
51,740,12,16,21,8,1,2,0,0,14,5,0,33,0,15,2,3,4,35,1,1,2,1,0,0,3,1,0,0,99,99,99,99,99,99,0,0,0,0,1,4,1,510683,1970,2009,189,3900 PORTSMOUTH BLVD,TURNPIKE RD,0000000,36.81595,-76.35317778,1,1
51,59,12,24,4,50,2,2,0,0,14,4,0,26,0,1,6,3,6,50,2,2,2,1,0,0,3,1,0,0,99,99,99,99,99,99,0,0,0,0,1,5,1,510684,0,2009,0,FRANCONIA PKWY,99999999999999999999,0000000,38.778375,-77.17818333,1,1
51,1,12,25,4,55,1,2,0,1,2,2,0,43,0,1,4,2,4,55,2,1,2,1,0,0,2,1,0,0,99,99,99,99,99,99,0,0,0,0,1,6,0,510685,0,2009,1243,US- 13,99999999999999999999,0000000,37.76963056,-75.61443333,1,1
51,163,12,25,6,15,1,6,0,1,1,1,0,37,0,1,3,2,4,65,1,2,2,2,0,0,2,1,0,0,99,99,99,99,99,99,0,0,0,0,1,6,0,510686,0,2009,454,I-64,99999999999999999999,0000000,37.86848333,-79.50651111,1,1
51,147,12,24,18,0,1,3,0,0,3,2,0,1,0,1,4,1,2,55,2,2,2,1,0,0,2,1,0,0,99,99,99,99,99,99,0,0,0,0,2,5,0,510687,0,2009,521,US-15,99999999999999999999,0000000,37.19731389,-78.42998056,1,1
51,31,12,26,7,18,1,1,0,0,4,4,0,42,0,1,4,1,2,45,2,1,2,2,0,0,4,1,0,0,88,88,88,88,88,88,0,0,0,0,1,7,0,510688,0,2009,162,RT 646,99999999999999999999,0000000,37.36006111,-78.88767222,1,1
51,1,12,27,1,50,3,3,0,1,2,2,0,12,2,1,1,3,4,55,1,1,2,1,0,0,2,1,0,0,99,99,99,99,99,99,0,0,0,0,1,1,0,510689,0,2009,1182,US-13,99999999999999999999,0000000,37.71397222,-75.69219722,3,1
51,59,12,28,2,20,1,2,0,0,14,4,0,25,0,2,8,3,6,45,1,1,2,1,3,3,2,1,0,0,88,88,88,88,88,88,0,0,0,0,2,2,0,510690,0,2009,0,RT-608,RT-29,0000000,38.845925,-77.37404722,1,1
51,99,12,28,13,27,2,2,0,0,3,3,0,12,2,1,1,1,2,45,1,1,2,1,0,0,1,1,0,0,99,99,99,99,99,99,0,0,0,0,1,2,0,510691,0,2009,2,SR-206,99999999999999999999,0000000,38.27747222,-77.21062778,2,1
51,700,12,26,7,17,2,2,0,0,14,3,0,12,4,1,1,2,4,45,1,1,2,2,0,0,1,5,0,0,88,88,88,88,88,88,0,0,0,0,2,7,0,510692,1720,2009,246,SR-143,99999999999999999999,0000000,37.20401389,-76.56367778,2,5
51,600,12,8,0,2,1,2,1,1,13,2,0,8,0,1,1,2,4,30,1,2,2,1,0,0,3,1,0,0,99,99,99,99,99,99,0,0,0,0,1,3,0,510693,900,2009,2375,US- 9,99999999999999999999,0000000,38.86704444,-77.27422778,1,1
51,169,12,29,20,10,2,2,0,1,13,2,0,12,1,1,1,2,4,45,1,1,2,1,0,0,2,1,0,0,99,99,99,99,99,99,0,0,0,0,1,3,0,510694,0,2009,4,US- 23,99999999999999999999,0000000,36.60119722,-82.570925,2,1
51,117,12,30,7,2,1,2,0,1,1,1,0,37,0,1,4,3,4,70,1,2,2,1,0,0,4,1,0,0,99,99,99,99,99,99,0,0,0,0,1,4,0,510695,0,2009,150,I-85,99999999999999999999,0000000,36.53377778,-78.19201389,1,1
51,191,12,2,22,15,1,2,0,0,4,4,0,42,0,1,1,1,2,55,2,2,2,2,0,0,2,2,0,0,88,88,88,88,88,88,0,0,0,0,2,4,0,510696,0,2009,26,RT 622,99999999999999999999,0000000,36.70421111,-82.19730278,1,2
51,630,12,28,16,30,1,2,1,0,16,5,0,8,0,1,1,3,6,35,2,2,2,1,0,0,1,1,0,0,99,99,99,99,99,99,0,0,0,0,1,2,0,510697,1020,2009,0,CARL D SILVER PKWY,99999999999999999999,0000000,38.30468889,-77.50888889,1,1
51,143,12,24,19,0,2,2,0,0,4,4,0,12,5,3,1,1,2,45,1,1,2,1,20,3,2,1,0,0,99,99,99,99,99,99,0,0,0,0,1,5,1,510698,0,2009,41,RT 750,RT 863,0000000,37.12884444,-79.16233056,2,1
51,710,12,30,13,20,3,3,0,1,11,1,0,26,0,15,1,3,7,55,1,1,2,1,0,0,1,1,0,0,88,88,88,88,88,88,0,0,0,0,2,4,0,510699,1760,2009,133,I-264,99999999999999999999,0000000,36.84494167,-76.19537778,3,1
51,109,12,31,6,10,2,2,0,1,1,1,0,12,9,1,2,2,4,65,1,1,2,4,0,0,2,2,0,0,88,88,88,88,88,88,0,23,0,0,1,5,0,510700,0,2009,1418,I-64,99999999999999999999,0000000,37.95123611,-78.13407778,2,2
51,85,12,30,23,40,2,3,0,1,11,1,0,12,2,15,1,3,7,65,2,1,2,1,0,0,2,1,0,0,99,99,99,99,99,99,0,0,0,0,1,4,1,510701,0,2009,146,I-295,99999999999999999999,0000000,37.62920556,-77.37110833,2,1
51,87,12,28,11,54,2,2,0,0,6,4,0,12,4,2,1,1,2,35,1,1,2,1,20,3,1,1,0,0,99,99,99,99,99,99,0,0,0,0,1,2,0,510702,0,2009,0,GLEN ALDEN DR,EUBANK RD,0000000,37.51261944,-77.35542222,2,1
51,13,10,10,18,16,1,3,1,9,99,9,0,8,0,1,5,1,2,25,1,2,2,1,0,0,1,1,0,0,99,99,99,99,99,99,0,0,0,0,1,7,0,510703,0,2009,99999,FORT SCOTT DRIVE,99999999999999999999,0000000,38.84761389,-77.05759167,1,1
53,33,1,1,3,20,1,2,1,1,11,1,0,8,0,1,1,3,5,60,1,2,1,2,0,0,2,2,0,0,99,99,99,99,88,88,0,0,0,0,1,5,0,530001,1960,2009,1600,I-5,99999999999999999999,0000000,47.53035833,-122.2937111,1,2
53,5,1,6,13,50,1,1,0,0,2,3,0,7,0,1,5,1,2,60,1,1,2,1,0,0,1,1,0,0,99,99,99,99,99,99,0,0,0,0,1,3,0,530002,0,2009,125,SR-221,99999999999999999999,0000000,46.14535,-119.6012889,1,1
53,33,1,3,22,48,2,5,1,1,11,1,0,8,0,1,1,3,4,60,1,2,1,2,0,0,3,1,0,0,22,52,23,6,88,88,0,0,0,0,1,7,0,530003,1960,2009,1635,I-5,99999999999999999999,0000000,47.583675,-122.3201028,2,1
53,7,1,7,18,19,1,1,0,1,2,2,0,35,0,1,5,1,2,60,2,2,2,2,0,0,2,2,0,0,99,99,99,99,88,88,0,0,0,0,1,4,0,530004,0,2009,2246,US-97,99999999999999999999,0000000,47.81154167,-120.1336111,1,2
53,41,1,9,23,30,1,2,0,0,3,4,0,3,0,1,5,1,2,50,1,1,2,5,0,0,2,1,0,0,10,18,10,22,88,88,0,0,0,0,2,6,1,530005,0,2009,21,INGALLS ROAD,99999999999999999999,0000000,46.733625,-123.1933889,1,1
53,63,1,3,13,40,2,4,0,1,2,2,0,12,6,2,1,1,2,25,1,2,2,4,20,3,1,1,0,0,13,44,13,47,14,45,0,0,0,0,1,7,0,530006,530,2009,1805,US-395,CRAWFORD ROAD,0000000,47.95400833,-117.4885667,2,1
53,73,1,4,13,18,1,1,0,0,5,4,0,17,0,1,5,1,2,35,2,1,2,1,0,0,1,1,0,0,13,17,13,28,88,88,0,0,0,0,1,1,0,530007,0,2009,14,LUMMI SHORE,99999999999999999999,0000000,48.73038056,-122.6408111,1,1
53,61,1,10,0,42,1,1,0,0,13,6,0,1,0,2,1,1,2,35,2,2,2,2,0,0,3,1,0,0,0,40,0,45,1,21,0,0,0,0,1,7,1,530008,690,2009,0,MUKILTEO BLVD,42ND ST SE,0000000,47.962975,-122.2146833,1,1
53,41,1,8,2,0,1,3,0,0,4,4,0,1,0,1,5,1,2,50,1,1,2,2,0,0,2,2,0,0,2,7,2,22,3,12,0,0,0,0,1,5,1,530009,0,2009,6,NORTH MILITARY ROAD,99999999999999999999,0000000,46.51079722,-122.8867139,1,2
53,33,1,5,18,41,1,1,0,0,12,3,0,24,0,1,2,3,2,60,2,2,2,1,0,0,3,1,0,0,18,43,18,49,88,88,0,0,0,0,1,2,0,530010,1958,2009,256,SR-509,99999999999999999999,0000000,47.46848611,-122.33225,1,1
53,61,1,16,0,50,1,1,0,0,14,6,0,37,0,2,4,1,2,99,2,9,2,1,0,0,2,1,0,0,0,48,0,58,1,41,0,0,0,0,1,6,1,530011,690,2009,0,EVERETT AVE,EAST GRAND AVE,0000000,47.98173611,-122.1803278,1,1
53,57,1,16,20,41,1,1,0,0,2,3,0,42,0,1,5,1,2,50,2,3,2,2,0,0,2,5,0,0,20,38,20,45,88,88,0,0,0,0,1,6,1,530012,0,2009,584,SR-9,99999999999999999999,0000000,48.52950833,-122.2259917,1,5
53,67,1,12,21,59,1,2,0,0,99,4,0,42,0,1,5,1,2,15,2,1,2,2,0,0,2,1,0,0,21,59,22,14,23,3,0,0,0,0,1,2,1,530013,0,2009,99999,180TH AVE SE,99999999999999999999,0000000,46.82420278,-122.8775306,1,1
53,77,1,23,5,45,2,2,0,0,9,8,3,12,5,1,1,1,2,50,1,2,2,4,0,0,2,5,0,0,5,43,6,1,88,88,0,0,0,0,1,6,0,530014,0,2009,99999,SIGNAL PEAK ROAD,99999999999999999999,0000000,46.28960556,-120.7764806,2,5
53,3,1,3,11,10,1,2,0,0,3,4,0,1,0,1,5,1,2,25,2,2,4,5,0,0,1,1,0,0,12,30,13,2,88,88,0,0,0,0,1,7,0,530015,0,2009,16,LICKFORK ROAD,99999999999999999999,0000000,46.25511944,-117.3283194,1,1
53,77,1,16,18,3,2,3,0,1,2,2,0,24,0,1,4,1,2,65,2,1,2,1,0,0,2,1,0,0,18,13,18,36,99,99,0,0,0,0,1,6,1,530016,0,2009,495,US-97,99999999999999999999,0000000,46.23471667,-120.4189528,2,1
53,45,1,21,17,4,2,5,0,0,2,3,0,12,5,2,1,1,2,55,2,1,1,1,20,3,3,5,0,0,17,4,17,12,17,36,0,0,0,0,1,4,0,530017,0,2009,90,SR-3,PICKERING ROAD,0000000,47.27841389,-122.9722028,2,5
53,63,1,16,17,26,2,2,0,1,2,2,0,12,5,2,1,3,2,55,1,1,1,1,20,3,5,1,0,0,17,27,17,34,17,51,0,0,0,0,1,6,0,530018,2110,2009,938,US-195,CHENEY-SPOKANE ROAD,0000000,47.61923889,-117.4323472,2,1
53,25,1,20,19,20,2,3,0,0,2,3,0,12,2,1,1,1,2,60,2,1,2,1,0,0,2,1,0,0,19,36,19,39,99,99,0,0,0,0,1,3,1,530019,0,2009,730,SR-17,99999999999999999999,0000000,47.35081667,-119.4756306,2,1
53,53,1,25,2,12,1,1,0,0,13,3,0,31,0,2,4,3,2,55,2,2,2,2,0,0,3,2,0,0,2,8,2,11,2,33,0,0,0,0,1,1,1,530020,2230,2009,29,SR-509,ALEXANDER,0000000,47.24800833,-122.3734472,1,2
53,33,1,22,23,17,1,1,0,0,3,4,0,42,0,1,6,1,2,35,1,1,2,2,0,0,3,1,0,0,23,17,23,23,99,99,0,0,0,0,1,5,1,530021,0,2009,9,SE COVINGTON SAWYER,99999999999999999999,0000000,47.34452222,-122.1042389,1,1
53,5,1,22,14,25,1,2,0,0,2,3,0,24,0,1,4,1,5,55,2,2,2,1,0,0,1,1,0,0,14,30,14,34,99,99,0,0,0,0,1,5,0,530022,0,2009,250,SR-221,99999999999999999999,0000000,46.19955833,-119.7187056,1,1
53,35,2,1,17,50,1,2,0,0,9,4,0,5,0,1,1,1,2,35,1,1,2,1,0,0,3,1,0,0,17,50,17,55,88,88,0,0,0,0,1,1,0,530023,0,2009,18,ERLANDS POINT RD SW,99999999999999999999,0000000,47.60528056,-122.6933806,1,1
53,11,1,25,3,4,2,3,0,0,2,3,0,12,2,1,1,1,2,60,1,1,2,3,0,0,2,4,0,0,3,5,3,17,3,54,0,0,0,0,2,1,1,530024,240,2009,132,SR-14,99999999999999999999,0000000,45.57520278,-122.4157833,2,4
53,63,1,22,15,11,1,2,1,0,13,2,0,8,0,1,1,4,4,30,1,2,2,1,0,0,1,1,0,0,15,13,15,16,15,30,0,0,0,0,1,5,0,530025,2110,2009,2861,US-2,99999999999999999999,0000000,47.654,-117.4112333,1,1
53,27,1,21,6,30,1,4,0,1,2,2,0,42,0,1,6,1,2,55,1,2,2,1,0,0,3,1,0,0,6,30,6,47,99,99,0,0,0,0,1,4,0,530026,0,2009,325,US-12,99999999999999999999,0000000,46.87644444,-123.2695639,1,1
53,73,1,27,8,33,2,4,0,0,4,4,0,12,5,1,1,1,2,40,1,1,2,3,0,0,1,4,0,0,8,37,8,42,9,40,0,0,0,0,1,3,0,530027,0,2009,112,HANNGGAN,99999999999999999999,0000000,48.93603333,-122.4417694,2,4
53,61,1,31,0,47,1,2,0,0,19,6,0,39,0,1,6,1,2,30,2,1,2,2,0,0,2,1,0,0,0,49,1,3,1,17,0,0,0,0,1,7,0,530028,690,2009,0,EAST MARINE VIEW RD,99999999999999999999,0000000,48.01318056,-122.1924722,1,1
53,33,2,11,17,51,2,4,0,1,11,1,0,12,1,13,1,6,3,60,1,2,1,1,0,0,5,1,0,0,17,51,17,57,88,88,0,0,0,0,1,4,1,530029,2310,2009,1539,I-5,KLICKITAT,0000000,47.45775,-122.2636278,2,1
53,65,2,1,19,40,1,2,0,0,2,3,0,24,0,1,4,1,2,55,1,2,2,1,0,0,2,1,0,0,20,1,20,31,88,88,0,0,0,0,1,1,1,530030,0,2009,262,SR-25,99999999999999999999,0000000,47.93080833,-118.3210583,1,1
53,61,1,31,21,59,1,6,1,0,3,3,0,15,0,1,1,5,4,50,1,2,2,1,0,0,2,1,0,0,22,0,22,6,88,88,0,0,0,0,1,7,0,530031,0,2009,510,SR-99,99999999999999999999,0000000,47.88457778,-122.2632417,1,1
53,49,2,9,10,5,1,1,0,1,2,2,0,1,0,1,1,1,2,55,2,2,2,3,0,0,1,1,0,0,10,5,10,24,88,88,0,0,0,0,1,2,0,530032,0,2009,313,US-101,99999999999999999999,0000000,46.44992222,-123.8732528,1,1
53,53,2,6,22,55,1,1,0,0,9,4,0,1,0,1,4,1,2,35,1,1,2,2,0,0,2,5,0,0,22,57,23,19,0,30,0,0,0,0,1,6,1,530033,0,2009,2,MANLEY MOORE ROAD,99999999999999999999,0000000,47.00312778,-122.0057583,1,5
53,11,1,27,19,52,2,2,0,0,4,4,0,12,5,1,1,1,2,50,2,1,2,3,0,0,2,2,0,0,19,55,20,0,20,54,0,0,0,0,1,3,0,530034,0,2009,160,NE CEDAR CREEK ROAD,99999999999999999999,0000000,45.91730278,-122.4517667,2,2
53,41,2,11,15,38,1,1,0,0,4,4,0,39,0,1,4,1,2,35,1,1,2,4,0,0,1,1,0,0,15,37,15,43,99,99,0,0,0,0,1,4,0,530035,0,2009,12,DAVIS LAKE ROAD,99999999999999999999,0000000,46.551725,-122.2512667,1,1
53,33,1,3,2,8,2,5,0,0,13,3,0,12,1,2,1,1,2,35,1,2,1,1,3,3,3,1,0,0,2,10,2,14,2,50,0,0,0,0,1,7,1,530036,1960,2009,16,SR-522,NE 95TH ST,0000000,47.69763056,-122.3055556,2,1
53,77,2,6,4,45,1,2,1,0,4,4,3,8,0,1,1,1,2,50,1,1,2,2,0,0,6,6,0,0,4,45,4,56,88,88,0,0,0,0,1,6,0,530037,0,2009,11,EAST MCDONALD ROAD,99999999999999999999,0000000,46.38965833,-120.3381667,1,6
53,11,2,6,23,32,1,1,0,0,4,4,0,30,0,1,4,1,2,99,1,1,2,1,0,0,2,1,0,0,23,33,23,43,88,88,0,0,0,0,1,6,1,530038,0,2009,85,NW 31ST AVE,99999999999999999999,0000000,45.78476389,-122.7029528,1,1
53,33,2,13,23,46,1,1,0,0,14,6,0,42,0,1,5,1,2,35,2,2,2,1,0,0,3,1,0,0,23,49,23,56,0,30,0,0,0,0,1,6,1,530039,1050,2009,0,NE 120TH ST,99999999999999999999,0000000,47.70711944,-122.1649861,1,1
53,11,2,15,2,30,1,4,0,0,13,6,1,30,0,1,6,1,2,25,2,1,2,1,0,0,3,1,0,0,2,35,2,43,3,30,0,0,0,0,1,1,1,530040,240,2009,0,NE 3RD AVE,99999999999999999999,0000000,45.588275,-122.3977806,1,1
53,67,2,16,13,53,1,2,1,0,4,4,0,8,0,1,1,1,2,50,1,1,2,1,0,0,1,1,0,0,13,49,13,52,99,99,0,0,0,0,1,2,0,530041,0,2009,85,183RD AVE SW,99999999999999999999,0000000,46.82219167,-123.0218972,1,1
53,45,2,12,18,15,2,3,1,1,2,2,0,8,0,1,1,1,4,45,1,1,2,2,0,0,3,1,0,0,18,21,18,26,18,52,0,0,0,0,1,5,0,530042,2000,2009,3367,US-101,99999999999999999999,0000000,47.33733889,-123.1610722,2,1
53,63,1,21,10,15,3,3,0,0,3,3,0,12,1,1,1,5,2,55,1,1,2,1,0,0,1,5,0,0,10,14,10,22,10,48,0,0,0,0,1,4,0,530043,0,2009,154,SR-904,99999999999999999999,0000000,47.54496111,-117.5842667,3,5
53,5,2,2,15,50,1,1,0,0,5,4,0,1,0,1,6,9,9,99,2,2,4,2,0,0,1,1,0,0,16,7,16,19,17,15,0,0,0,0,1,2,1,530044,0,2009,77,BADGER CANYON,99999999999999999999,0000000,46.18073611,-119.3843306,1,1
53,5,2,21,18,30,1,1,0,0,3,4,0,1,0,1,1,1,2,35,1,2,4,1,0,0,5,1,0,0,19,58,20,6,88,88,0,0,0,0,1,7,1,530045,0,2009,48,NINE CANYON ROAD,99999999999999999999,0000000,46.05599722,-119.1091556,1,1
53,57,2,14,18,15,1,2,0,0,2,3,0,24,0,2,4,1,2,55,1,1,2,1,0,0,6,1,0,0,18,12,18,20,19,21,0,0,0,0,1,7,1,530046,0,2009,787,SR-20,LYMAN HAMILTON ROAD,0000000,48.52692222,-122.1055056,1,1
53,33,1,1,3,0,1,2,0,0,15,6,0,30,0,2,4,1,2,30,2,1,2,2,0,0,3,2,0,0,3,1,3,8,4,37,0,0,0,0,1,5,1,530047,100,2009,0,BOUNDARY BLVD,ALGONA BLVD,0000000,47.29361111,-122.2549139,1,2
53,53,2,14,20,39,1,2,1,0,19,6,0,8,0,4,7,1,2,25,1,1,1,1,0,0,3,1,0,0,20,40,20,45,99,99,0,0,0,0,1,7,0,530048,2230,2009,0,S 27TH ST,99999999999999999999,0000000,47.23719167,-122.43415,1,1
53,61,2,15,11,56,1,2,1,0,19,4,0,15,0,1,1,1,2,35,1,1,2,1,0,0,1,1,0,0,11,57,12,3,99,99,0,0,0,0,1,1,0,530049,0,2009,14,75 ST NE,99999999999999999999,0000000,48.06358333,-122.022175,1,1
53,33,2,4,8,56,1,2,1,0,16,6,0,9,0,1,1,5,2,30,1,2,2,1,0,0,1,1,0,0,8,56,8,59,9,27,0,0,0,0,1,4,0,530050,1960,2009,0,24 AVE NW,99999999999999999999,0000000,47.67558889,-122.3876083,1,1
53,53,2,20,22,34,1,1,0,0,15,4,0,30,0,1,4,1,2,35,2,2,2,1,0,0,2,1,0,0,22,34,22,42,88,88,0,0,0,0,1,6,1,530051,0,2009,31,126 AVE KPN,99999999999999999999,0000000,47.37059167,-122.7068639,1,1
53,67,2,24,21,6,1,1,0,0,9,4,0,42,0,1,5,1,2,50,1,1,2,2,0,0,2,2,0,0,21,6,21,14,88,88,0,0,0,0,1,3,1,530052,0,2009,38,OLD HWY 99,99999999999999999999,0000000,46.80907778,-122.9906444,1,2
53,53,1,25,23,57,2,2,0,1,11,1,0,12,2,1,1,3,4,60,1,1,2,1,0,0,3,1,0,0,23,59,0,7,88,88,0,0,0,0,1,1,1,530053,2230,2009,1349,I-5,99999999999999999999,0000000,47.23923889,-122.4079944,2,1
53,63,3,9,8,19,2,2,0,1,13,2,0,12,5,1,1,5,4,50,1,2,2,4,0,0,1,4,0,0,8,19,8,23,8,53,0,0,0,0,1,2,0,530054,0,2009,1658,US-395,99999999999999999999,0000000,47.76118056,-117.4074139,2,4
53,33,2,7,3,24,1,2,0,1,11,1,0,42,0,1,6,3,5,60,1,2,1,1,0,0,3,5,0,0,3,28,3,35,4,35,0,0,0,0,1,7,1,530055,735,2009,1417,I-5,99999999999999999999,0000000,47.28500833,-122.3084528,1,5
53,33,2,22,0,11,1,1,0,1,11,1,0,25,0,13,4,6,1,60,2,2,1,1,0,0,3,1,0,0,0,12,0,21,88,88,0,0,0,0,1,1,1,530056,1830,2009,40,I-405,99999999999999999999,0000000,47.48401111,-122.196475,1,1
53,21,3,8,3,0,1,1,0,1,2,2,0,1,0,1,1,1,2,70,1,1,2,1,0,0,2,1,0,0,99,99,99,99,88,88,0,0,0,0,1,1,1,530057,0,2009,421,US-395,99999999999999999999,0000000,46.51676389,-119.0142056,1,1
53,33,3,7,16,24,2,6,0,0,2,3,0,12,5,1,1,1,2,55,1,1,2,2,0,0,1,2,0,0,16,31,16,41,99,99,0,0,0,0,1,7,0,530058,0,2009,137,SR-202,99999999999999999999,0000000,47.63757778,-122.0052556,2,2
53,63,3,16,6,32,2,2,0,1,11,1,0,12,5,1,1,3,3,60,1,1,1,1,0,0,4,1,0,0,6,32,6,42,7,20,0,0,0,0,1,2,0,530059,2110,2009,2796,I-90,99999999999999999999,0000000,47.64339444,-117.4590194,2,1
53,7,3,7,17,51,2,3,0,1,2,2,0,12,2,1,1,1,2,60,2,1,2,1,0,0,5,1,0,0,99,99,99,99,99,99,0,0,0,0,1,7,2,530060,0,2009,2365,US-97,99999999999999999999,0000000,47.83741389,-119.9649528,2,1