STATE,COUNTY,MONTH,DAY,HOUR,MINUTE,VE_TOTAL,PERSONS,PEDS,NHS,ROAD_FNC,ROUTE,SP_JUR,HARM_EV,MAN_COLL,REL_JUNC,REL_ROAD,TRAF_FLO,NO_LANES,SP_LIMIT,ALIGNMNT,PROFILE,PAVE_TYP,SUR_COND,TRA_CONT,T_CONT_F,LGT_COND,WEATHER1,WEATHER2,WRK_ZONE,NOT_HOUR,NOT_MIN,ARR_HOUR,ARR_MIN,HOSP_HR,HOSP_MN,SCH_BUS,CF1,CF2,CF3,FATALS,DAY_WEEK,DRUNK_DR,ST_CASE,CITY,YEAR,MILEPT,TWAY_ID,TWAY_ID2,RAIL,LATITUDE,LONGITUD,VE_FORMS,WEATHER
53,33,3,15,1,37,3,5,0,0,2,3,0,12,2,1,1,2,3,60,1,1,1,2,0,0,3,1,0,0,1,38,1,45,2,44,0,0,0,0,3,1,1,530061,0,2009,177,SR-167,99999999999999999999,0000000,47.35062222,-122.2446694,3,1
53,63,2,8,3,40,1,2,1,0,14,6,0,8,0,3,1,1,2,25,1,1,2,2,0,0,3,5,0,0,99,99,99,99,88,88,0,0,0,0,1,1,0,530062,0,2009,0,CEDAR,CARLISLE,0000000,47.67954722,-117.4325167,1,5
53,25,3,14,14,15,2,3,0,0,2,3,0,12,5,2,1,1,2,60,1,1,2,1,0,0,1,1,0,0,14,18,14,24,99,99,0,0,0,0,1,7,0,530063,0,2009,424,SR-28,ROAD E NORTHWEST,0000000,47.25413611,-119.5964222,2,1
53,53,3,14,7,20,1,1,0,0,4,4,0,1,0,1,5,1,2,35,1,1,2,2,0,0,4,2,0,0,7,26,7,39,88,88,0,0,0,0,1,7,1,530064,580,2009,13,352ND ST EAST,99999999999999999999,0000000,46.93655,-122.325875,1,2
53,5,2,21,0,0,1,1,0,0,3,4,0,43,0,1,5,1,2,35,2,2,8,4,0,0,2,4,0,0,99,99,99,99,99,99,0,0,0,0,1,7,1,530065,0,2009,0,DISTRICT LINE,99999999999999999999,0000000,46.2592,-119.6282611,1,4
53,75,2,18,22,45,1,2,0,0,9,4,0,1,0,1,5,1,2,50,2,2,4,4,0,0,2,1,0,0,23,12,23,33,88,88,0,0,0,0,1,4,1,530066,0,2009,30,HOLE IN THE GROUND,99999999999999999999,0000000,47.20225833,-117.5511778,1,1
53,33,2,11,4,14,3,4,1,0,12,3,0,8,0,1,1,3,3,60,1,1,2,4,0,0,3,1,0,0,4,17,4,24,5,20,0,0,0,0,1,4,0,530067,229,2009,269,SR-509,99999999999999999999,0000000,47.48893333,-122.3264111,3,1
53,47,3,21,6,15,1,1,0,0,2,3,3,35,0,1,5,1,2,60,2,2,2,4,0,0,2,1,0,0,6,8,6,20,88,88,0,0,0,0,1,7,0,530068,0,2009,516,SR-155,99999999999999999999,0000000,48.23236389,-119.07755,1,1
53,33,2,13,1,55,1,2,0,1,11,1,0,29,0,13,5,6,1,60,2,1,2,1,0,0,3,1,0,0,1,58,2,2,2,25,0,0,0,0,2,6,1,530069,1960,2009,1694,I-5,99999999999999999999,0000000,47.65990833,-122.3216417,1,1
53,69,3,13,14,25,1,1,0,0,2,3,0,24,0,1,4,1,2,60,2,2,2,1,0,0,1,1,0,0,14,29,14,47,88,88,0,0,0,0,1,6,1,530070,0,2009,235,SR-4,99999999999999999999,0000000,46.33401111,-123.4961139,1,1
53,25,2,21,23,34,1,1,0,0,4,4,0,1,0,1,5,1,2,55,1,1,2,1,0,0,2,1,0,0,23,39,23,55,88,88,0,0,0,0,1,7,1,530071,0,2009,135,DODSON ROAD SOUTH,99999999999999999999,0000000,47.07296389,-119.5562583,1,1
53,11,3,19,20,55,2,2,0,1,11,1,0,12,1,1,1,3,4,60,1,2,2,1,0,0,3,1,0,0,21,0,21,8,88,88,0,0,0,0,1,5,0,530072,2370,2009,270,I-205,99999999999999999999,0000000,45.60254167,-122.5511722,2,1
53,35,3,28,23,13,1,1,0,0,9,4,0,38,0,1,5,1,2,45,1,2,2,2,0,0,2,2,0,0,23,13,23,23,88,88,0,0,0,0,1,7,1,530073,0,2009,14,ORCHARD AVE SE,99999999999999999999,0000000,47.45043889,-122.5569111,1,2
53,35,3,2,21,22,2,2,0,0,2,3,0,12,5,2,1,1,2,45,1,1,2,2,20,3,2,1,0,0,21,20,21,27,22,14,0,0,0,0,1,2,0,530074,0,2009,30,SR-160,BODLE ROAD SE,0000000,47.50508333,-122.5825528,2,1
53,57,2,26,7,36,1,2,0,0,4,4,0,42,0,1,5,1,2,50,1,1,2,4,0,0,4,1,0,0,7,37,8,8,99,99,0,0,0,0,1,5,0,530075,0,2009,127,SOUTH SKAGIT HWY,99999999999999999999,0000000,48.51410278,-121.9980667,1,1
53,63,3,19,20,51,2,2,0,0,4,4,0,12,2,1,1,1,2,45,1,4,2,1,0,0,2,1,0,0,20,52,21,4,21,41,0,0,0,0,1,5,0,530076,0,2009,19,WEST SEVEN MILE ROAD,99999999999999999999,0000000,47.74330556,-117.5767139,2,1
53,53,4,5,13,5,1,1,0,0,3,3,0,57,0,1,3,3,2,55,2,4,2,1,0,0,1,1,0,0,13,13,13,29,13,36,0,0,0,0,1,1,0,530077,2210,2009,100,SR-410,99999999999999999999,0000000,47.19227778,-122.2314833,1,1
53,61,3,29,20,44,2,4,1,1,11,1,0,8,0,1,1,3,3,60,1,1,2,1,0,0,3,1,0,0,20,46,20,54,88,88,0,0,0,0,1,1,0,530078,690,2009,1889,I-5,99999999999999999999,0000000,47.91553611,-122.2084806,2,1
53,53,3,28,2,4,1,1,0,1,12,3,0,24,0,1,5,2,2,60,2,2,2,1,0,0,3,1,0,0,2,48,2,56,88,88,0,0,0,0,1,7,1,530079,1770,2009,91,SR-512,99999999999999999999,0000000,47.16573333,-122.2965444,1,1
53,53,3,18,0,55,1,2,1,1,11,1,0,8,0,1,1,3,3,60,1,2,2,1,0,0,3,1,0,0,0,58,1,10,88,88,0,0,0,0,1,4,0,530080,2230,2009,1203,I-5,99999999999999999999,0000000,47.10287778,-122.5936028,1,1
53,61,3,20,15,46,1,2,0,0,9,8,0,16,0,1,1,1,2,15,2,2,2,1,0,0,1,1,0,0,15,46,15,56,88,88,0,0,0,0,1,6,0,530081,0,2009,0,260 AVE SE,99999999999999999999,0000000,47.84475278,-121.8835694,1,1
53,63,3,31,19,55,2,6,0,0,2,3,0,12,2,1,1,1,2,55,2,1,2,2,0,0,2,1,0,0,20,7,20,16,99,99,0,0,0,0,1,3,1,530082,0,2009,740,SR-27,99999999999999999999,0000000,47.54200556,-117.21485,2,1
53,49,4,5,11,50,2,2,0,0,2,3,0,12,2,1,1,1,2,40,2,1,2,1,0,0,1,1,0,0,12,5,12,10,99,99,0,0,0,0,1,1,0,530083,0,2009,9,SR-401,99999999999999999999,0000000,46.24403611,-123.8698194,2,1
53,53,4,6,20,33,2,2,0,0,14,6,1,12,5,2,1,1,2,25,1,1,1,1,0,0,3,1,0,0,20,34,20,36,20,55,0,0,0,0,1,2,2,530084,2230,2009,0,NORTH GRANT AVE,NORTH 6TH ST,0000000,47.25699444,-122.4623472,2,1
53,53,4,7,16,15,2,6,0,0,2,3,0,12,5,2,1,1,2,55,2,2,2,1,20,3,1,1,0,0,16,20,16,26,88,88,0,0,0,0,1,3,1,530086,0,2009,424,SR-507,8TH AVE SOUTH,0000000,47.06743333,-122.4436556,2,1
53,65,4,8,18,0,1,2,0,0,2,3,0,42,0,1,5,1,2,55,1,1,2,1,0,0,1,1,0,0,18,9,18,28,19,20,0,0,0,0,1,4,1,530087,0,2009,3689,SR-20,99999999999999999999,0000000,48.52418056,-117.6407222,1,1
53,23,4,5,17,0,1,2,0,1,2,2,0,38,0,2,5,1,2,60,2,2,2,1,0,0,1,1,0,0,17,8,17,20,17,59,0,0,0,0,1,1,1,530088,0,2009,4130,US-12,LEDGERWOD ROAD,0000000,46.43939444,-117.4336333,1,1
53,73,4,7,18,7,2,1,0,0,5,4,0,14,1,1,4,1,2,35,2,2,2,1,0,0,1,1,0,0,18,7,18,12,88,88,0,0,0,0,1,3,1,530089,0,2009,7,SOUTH BAY DR,99999999999999999999,0000000,48.67801111,-122.3115861,1,1
53,45,4,14,9,25,1,2,0,0,2,3,0,30,0,1,4,1,2,55,1,2,2,1,0,0,1,1,0,0,9,24,9,29,10,3,0,0,0,0,1,3,0,530090,0,2009,132,SR-03,99999999999999999999,0000000,47.32694167,-122.8904694,1,1
53,19,4,13,0,45,1,1,0,0,9,4,0,1,0,1,5,1,2,30,2,2,5,2,0,0,2,2,0,0,7,0,7,20,88,88,0,0,0,0,1,2,1,530091,0,2009,6,ANDERSON ROAD,99999999999999999999,0000000,48.69665556,-118.2159167,1,2
53,27,4,5,1,0,1,4,0,0,2,3,0,1,0,1,5,1,2,30,2,2,2,1,0,0,2,1,0,0,1,3,1,20,2,38,0,0,0,0,1,1,1,530092,0,2009,314,SR-109,99999999999999999999,0000000,47.23635556,-124.2136139,1,1
53,67,4,8,15,30,1,2,0,0,2,3,0,38,0,1,5,1,2,50,1,1,2,1,0,0,1,1,0,0,15,42,15,51,16,5,0,0,0,0,1,4,0,530093,0,2009,53,SR-121,99999999999999999999,0000000,46.92139722,-122.9079583,1,1
53,77,4,15,18,7,1,1,0,0,9,4,0,30,0,1,5,1,2,35,1,1,2,1,0,0,1,1,0,0,18,1,18,6,88,88,0,0,0,0,1,4,1,530094,0,2009,73,CAMPBELL ROAD,99999999999999999999,0000000,46.42934722,-120.4382222,1,1
53,33,1,30,14,58,3,4,0,0,13,6,0,12,2,1,1,5,6,35,1,2,2,1,0,0,1,1,0,0,14,59,15,4,99,99,0,0,0,0,1,6,0,530095,1960,2009,0,15 AVE WEST,99999999999999999999,0000000,47.64509444,-122.3762361,3,1
53,49,4,16,13,55,1,1,0,1,2,2,0,42,0,1,5,1,2,55,1,1,2,1,0,0,1,1,0,0,13,58,14,15,88,88,0,0,0,0,1,5,0,530096,0,2009,372,US-101,99999999999999999999,0000000,46.53123333,-123.8887028,1,1
53,61,4,8,16,48,2,2,0,0,9,4,0,12,5,1,1,1,2,25,1,2,2,1,0,0,1,1,0,0,16,48,16,54,99,99,0,0,0,0,1,4,0,530097,0,2009,4,202 ST SE,99999999999999999999,0000000,47.81358611,-122.0714806,2,1
53,63,4,10,22,30,1,1,0,0,4,4,0,38,0,1,5,1,2,55,2,1,2,1,0,0,2,1,0,0,6,5,6,10,88,88,0,0,0,0,1,6,1,530098,0,2009,23,PALOUSE,99999999999999999999,0000000,47.53186389,-117.2581111,1,1
53,5,4,19,11,52,1,1,0,0,5,4,0,1,0,1,5,1,2,50,2,1,2,1,0,0,1,1,0,0,12,1,12,19,12,46,0,0,0,0,1,1,0,530099,0,2009,134,PLYMOUTH HWY,99999999999999999999,0000000,46.12875833,-119.3696306,1,1
53,15,4,19,1,8,1,1,0,0,2,3,0,1,0,1,5,1,2,55,1,1,2,1,0,0,2,1,0,0,1,7,1,13,88,88,0,0,0,0,1,1,0,530100,0,2009,487,SR-503,99999999999999999999,0000000,45.94010833,-122.6642194,1,1
53,71,4,26,6,26,1,3,0,1,12,2,0,30,0,1,4,1,2,60,1,1,2,1,0,0,1,1,0,0,6,28,6,32,99,99,0,0,0,0,1,1,1,530101,0,2009,3339,US-12,99999999999999999999,0000000,46.06793056,-118.3980278,1,1
53,61,3,26,6,29,1,1,0,0,9,4,0,34,0,1,5,1,2,35,2,2,2,4,0,0,4,1,0,0,6,29,6,44,7,21,0,0,0,0,1,5,0,530102,0,2009,39,SOUTH CARPENTER ROAD,99999999999999999999,0000000,47.98728056,-121.9615028,1,1
53,63,4,17,15,57,3,3,0,0,14,6,0,1,0,2,1,1,2,25,1,2,2,1,20,3,1,1,0,0,15,58,16,4,16,26,0,0,0,0,1,6,0,530103,2110,2009,0,EAST 5TH AVE,SOUTH LEE ST,0000000,47.65169722,-117.3781778,2,1
53,55,3,8,22,0,1,1,0,0,9,4,0,1,0,1,5,1,2,35,2,2,8,9,0,0,2,1,0,0,21,36,21,52,88,88,0,0,0,0,1,1,1,530104,0,2009,5,CHANNEL ROAD,99999999999999999999,0000000,48.49283333,-122.9391583,1,1
53,33,2,27,11,27,1,2,1,0,14,6,0,8,0,2,1,1,3,30,1,1,1,1,2,3,1,1,0,0,99,99,99,99,99,99,0,0,0,0,1,6,0,530105,1960,2009,0,5 AVE SOUTH,SOUTH JACKSON ST,0000000,47.59921944,-122.3277,1,1
53,77,3,27,8,5,4,10,0,0,4,4,0,12,1,1,1,1,2,40,1,2,2,1,0,0,1,1,0,0,8,6,8,9,99,99,0,0,0,0,1,6,1,530106,0,2009,32,NORTH WENAS,99999999999999999999,0000000,46.69584444,-120.5197611,4,1
53,41,4,30,14,58,2,3,0,0,13,3,0,12,1,2,1,1,2,30,1,1,2,1,0,0,1,1,0,0,15,4,15,7,15,29,0,0,0,0,1,5,0,530107,300,2009,5,SR-507,WASHINGTON AVE,0000000,46.71191389,-122.9637056,2,1
53,21,1,29,7,58,1,2,0,0,4,4,0,1,0,1,1,1,2,55,1,3,2,4,0,0,1,3,0,0,88,88,88,88,88,88,0,0,0,0,1,5,0,530108,0,2009,29,PASCO-KAHLOTUS HWY,99999999999999999999,0000000,46.25911111,-119.0049361,1,3
53,7,4,11,21,31,1,1,0,0,2,3,0,30,0,1,4,1,2,45,1,1,2,1,0,0,2,1,0,0,21,32,21,42,88,88,0,0,0,0,1,7,1,530109,0,2009,20,SR-150,99999999999999999999,0000000,47.82914722,-119.9855083,1,1
53,15,5,1,21,16,1,1,0,0,16,6,0,24,0,1,4,1,2,25,1,1,2,1,0,0,2,1,0,0,99,99,99,99,88,88,0,0,0,0,1,6,1,530110,1010,2009,0,SOUTH RIVER ROAD,99999999999999999999,0000000,46.11697778,-122.9050389,1,1
53,9,4,30,14,40,1,1,0,1,2,2,0,1,0,1,5,1,2,55,2,2,2,1,0,0,1,1,0,0,14,35,14,46,88,88,0,0,0,0,1,5,1,530111,0,2009,2412,US-101,99999999999999999999,0000000,48.08335556,-123.5591139,1,1
53,33,5,3,17,49,3,5,0,0,15,3,0,12,2,1,1,5,4,45,1,2,2,1,0,0,1,1,0,0,99,99,99,99,99,99,0,0,0,0,1,1,1,530112,1830,2009,42,SR-515,99999999999999999999,0000000,47.43031667,-122.1970972,3,1
53,53,5,3,2,30,2,2,0,0,13,4,0,12,5,2,1,5,4,35,1,1,2,2,3,3,2,2,0,0,2,42,2,46,88,88,0,0,0,0,1,1,1,530113,0,2009,42,72ND ST EAST,CANYON ROAD EAST,0000000,47.19204444,-122.357225,2,2
53,57,5,11,21,50,2,4,0,0,13,3,0,12,5,2,1,1,2,35,1,1,1,2,3,3,3,2,0,0,21,41,21,50,88,88,0,0,0,0,1,2,1,530114,1970,2009,649,SR-20,COOK ROAD,0000000,48.50561667,-122.245625,2,2
53,61,3,21,21,12,2,6,0,0,14,6,0,12,5,2,1,1,3,25,1,1,2,1,20,3,3,1,0,0,21,12,21,36,22,20,0,0,0,0,1,7,0,530115,80,2009,0,204TH ST NE,77TH AVE NE,0000000,48.18086667,-122.1264056,2,1
53,35,5,13,2,17,1,1,0,0,3,4,0,39,0,2,5,1,2,40,1,1,2,1,20,3,3,1,0,0,2,19,2,29,88,88,0,0,0,0,1,4,0,530116,0,2009,59,GLENWOOD ROAD SW,SW LAKE FLORA ROAD,0000000,47.48217778,-122.6707639,1,1
53,37,4,21,15,26,1,3,0,1,1,1,0,1,0,1,3,2,2,70,2,1,2,1,0,0,1,1,0,0,15,30,15,41,17,1,0,0,0,0,1,3,0,530117,370,2009,833,I-90,99999999999999999999,0000000,47.18950833,-120.9794722,1,1
53,51,5,10,17,2,1,4,0,0,2,3,0,42,0,1,5,1,2,55,2,1,2,2,0,0,1,1,0,0,16,57,17,15,99,99,0,0,0,0,1,1,1,530118,0,2009,4022,SR-20,99999999999999999999,0000000,48.54618889,-117.3174194,1,1
53,31,5,14,10,59,1,2,1,1,2,2,0,9,0,1,1,1,2,55,1,1,2,1,0,0,1,1,0,0,11,5,11,15,99,99,0,0,0,0,1,5,0,530119,0,2009,2863,US-101,99999999999999999999,0000000,47.9363,-122.8849444,1,1
53,53,5,14,5,8,3,4,0,0,3,3,0,12,5,1,1,5,4,50,1,1,2,2,0,0,2,2,0,0,5,10,5,18,99,99,0,0,0,0,1,5,1,530120,0,2009,24,SR-167,99999999999999999999,0000000,47.22465278,-122.3638556,3,2
53,33,5,12,14,14,2,2,0,0,14,6,0,12,2,1,1,1,2,99,1,1,1,1,0,0,1,1,0,0,14,16,14,18,15,47,0,0,0,0,1,3,1,530121,1960,2009,0,6TH AVE SOUTH,99999999999999999999,0000000,47.56840556,-122.3267972,2,1
53,63,5,13,21,8,1,2,1,1,1,1,0,11,0,1,3,2,2,70,1,1,1,2,0,0,3,2,0,0,21,10,21,50,88,88,0,0,0,0,1,4,0,530122,0,2009,2997,I-90,99999999999999999999,0000000,47.69636111,-117.0454222,1,2
53,33,5,19,20,18,2,4,0,0,14,6,0,12,2,1,1,1,2,40,1,1,2,2,0,0,1,2,0,0,20,19,20,43,21,35,0,0,0,0,1,3,0,530123,100,2009,0,A ST SE,99999999999999999999,0000000,47.25980556,-122.2293389,2,2
53,61,5,11,14,0,1,3,0,0,6,8,0,42,0,1,5,1,2,15,1,1,2,2,0,0,1,1,0,0,99,99,99,99,99,99,0,0,0,0,1,2,0,530124,0,2009,0,FIR ROAD,99999999999999999999,0000000,47.83695,-121.6402167,1,1
53,77,5,30,0,52,1,1,0,0,5,4,0,1,0,1,5,1,2,50,1,1,2,1,0,0,2,1,0,0,1,45,1,56,99,99,0,0,0,0,1,7,0,530125,0,2009,7,SIGNAL PEAK ROAD,99999999999999999999,0000000,46.36478889,-120.7327722,1,1
53,57,4,19,12,45,1,1,0,1,1,1,0,1,0,1,2,3,2,70,2,1,1,1,0,0,1,1,0,0,12,52,13,5,99,99,0,0,0,0,1,1,1,530126,0,2009,2363,I-5,99999999999999999999,0000000,48.55800556,-122.3494139,1,1
53,53,5,20,12,22,2,2,0,0,13,4,0,12,5,2,1,5,2,35,1,1,2,1,3,3,1,1,0,0,12,23,12,31,12,43,0,0,0,0,1,4,0,530127,1770,2009,120,196TH ST EAST,CANYON ROAD EAST,0000000,,,2,1
53,63,5,10,13,47,2,3,0,1,2,2,0,12,5,2,1,2,2,55,1,2,2,1,0,0,1,1,0,0,13,47,13,55,14,8,0,0,0,0,1,1,0,530128,0,2009,923,US-195,MEADOW LANE,0000000,47.60201111,-117.4118111,2,1
53,41,5,15,1,35,1,1,0,0,4,4,0,42,0,1,5,1,2,50,2,1,2,1,0,0,2,1,0,0,1,49,2,0,88,88,0,0,0,0,1,6,1,530129,0,2009,8,GARRARD CREEK ROAD,99999999999999999999,0000000,46.75916389,-123.2376972,1,1
53,25,5,21,6,50,1,1,0,0,2,3,0,1,0,1,5,1,2,60,1,1,2,1,0,0,1,1,0,0,6,51,7,1,88,88,0,0,0,0,1,5,1,530130,0,2009,378,SR-28,99999999999999999999,0000000,47.24940833,-119.6932972,1,1
53,77,5,22,18,49,2,4,0,0,9,4,0,12,4,1,1,1,2,30,2,1,4,1,0,0,1,1,0,0,18,42,18,45,99,99,0,0,0,0,1,6,1,530131,0,2009,38,NILE VALLEY ROAD,99999999999999999999,0000000,46.83823611,-120.9510611,2,1
53,77,5,24,2,21,1,1,0,0,4,4,0,31,0,1,5,1,2,50,1,1,2,1,0,0,2,1,0,0,2,24,2,42,88,88,0,0,0,0,1,1,1,530132,0,2009,55,EMERALD ROAD,99999999999999999999,0000000,46.30259167,-120.10065,1,1
53,41,1,26,18,2,2,2,0,0,13,6,0,29,0,1,5,1,2,30,2,1,2,1,0,0,3,1,0,0,18,4,18,6,18,17,0,0,0,0,1,2,1,530133,310,2009,0,NORTH NATIONAL AVE,99999999999999999999,0000000,46.67643056,-122.9647667,1,1
53,35,5,30,12,24,2,4,0,0,2,3,0,12,5,2,1,1,2,40,2,3,2,1,3,3,1,1,0,0,12,23,12,29,88,88,0,0,0,0,1,7,0,530134,0,2009,15,SR-308,CENTRAL VALLEY RD NW,0000000,47.70606389,-122.6547139,2,1
53,33,5,9,11,23,1,1,0,0,14,6,0,35,0,1,5,1,2,35,1,2,2,1,0,0,1,1,0,0,11,22,11,25,88,88,0,0,0,0,1,7,0,530135,0,2009,0,28TH AVE,99999999999999999999,0000000,47.25751111,-122.2980333,1,1
53,33,5,30,4,20,1,1,0,1,2,2,0,1,0,1,5,1,2,60,2,1,1,1,0,0,4,1,0,0,4,36,4,45,88,88,0,0,0,0,1,7,1,530136,0,2009,490,US-2,99999999999999999999,0000000,47.71427222,-121.3469111,1,1
53,67,5,30,19,20,1,2,0,0,4,4,0,42,0,1,5,1,2,50,2,2,2,1,0,0,1,1,0,0,19,21,19,36,22,57,0,0,0,0,1,7,1,530137,0,2009,8,JOHNSON CREEK RD SE,99999999999999999999,0000000,46.80075,-122.7500083,1,1
53,61,5,31,21,40,2,3,0,0,3,3,0,12,5,2,1,5,2,55,1,1,2,1,0,0,3,1,0,0,21,44,21,48,22,45,0,0,0,0,1,1,0,530138,0,2009,151,SR-9,4TH ST SE,0000000,47.99259167,-122.1045833,2,1
53,67,5,24,0,8,2,2,0,1,13,2,0,12,2,2,1,1,2,55,1,1,2,1,0,0,2,1,0,0,0,13,0,22,99,99,0,0,0,0,1,1,1,530139,0,2009,53,US-12,FORSTROM ROAD,0000000,46.82411389,-123.1182,2,1
53,33,6,5,23,23,1,1,0,0,6,6,0,34,0,1,5,1,2,35,1,1,2,1,0,0,2,1,0,0,23,25,23,32,88,88,0,0,0,0,1,6,1,530140,980,2009,0,ISSAQUAH HOBART RD,99999999999999999999,0000000,47.51172222,-122.0233861,1,1
53,63,6,5,12,55,2,3,0,1,1,2,0,12,5,1,1,1,2,60,1,2,2,1,0,0,1,1,0,0,13,6,13,26,99,99,0,0,0,0,1,6,0,530141,0,2009,675,US-195,99999999999999999999,0000000,47.27643333,-117.3744972,2,1
53,53,4,19,0,12,2,3,0,0,13,3,0,12,1,1,1,5,2,35,1,1,2,1,0,0,3,1,0,0,0,12,0,17,88,88,0,0,0,0,1,1,1,530142,2230,2009,538,SR-7,99999999999999999999,0000000,47.17690833,-122.4341722,2,1
53,33,5,23,11,26,1,2,1,0,14,6,0,8,0,3,1,5,2,30,1,2,2,1,20,3,1,1,0,0,11,27,11,30,99,99,0,0,0,0,1,7,0,530143,1960,2009,0,DEXTER AVE N,DEXTER WAY N,0000000,47.63778611,-122.343525,1,1
53,33,6,2,23,52,1,2,0,0,15,4,0,30,0,2,5,1,2,40,2,2,2,1,0,0,2,1,0,0,23,51,23,54,99,99,0,0,0,0,1,3,1,530144,0,2009,10,51 AVE SOUTH,S 321ST ST,0000000,47.31496944,-122.2713944,1,1
53,33,5,10,12,23,1,1,0,0,14,6,0,42,0,1,5,1,2,30,1,1,2,1,0,0,1,1,0,0,11,44,11,47,12,10,0,0,0,0,1,1,0,530145,1960,2009,0,17 AVE,99999999999999999999,0000000,47.61543611,-122.3102111,1,1
53,35,6,13,18,52,1,1,0,0,5,4,0,38,0,1,5,1,2,40,2,1,2,1,0,0,1,1,0,0,18,52,19,0,19,45,0,0,0,0,1,7,1,530146,0,2009,10,GLENWOOD RD SW,99999999999999999999,0000000,47.417575,-122.6954417,1,1
53,53,5,24,13,5,1,4,0,0,14,6,0,30,0,2,4,1,2,35,1,2,2,1,4,3,1,1,0,0,13,9,13,14,13,53,0,0,0,0,1,1,0,530147,1770,2009,0,WEST PIONEER,FRUITLAND,0000000,47.19028056,-122.3271194,1,1
53,61,5,31,22,15,1,2,1,1,2,2,0,8,0,1,2,3,3,55,1,1,1,1,0,0,2,1,0,0,13,44,13,50,88,88,0,0,0,0,1,1,0,530148,0,2009,10,US-2,99999999999999999999,0000000,47.97823889,-122.1691694,1,1
53,63,5,17,19,50,1,1,0,0,2,3,0,1,0,1,5,1,2,55,1,1,2,1,0,0,1,1,0,0,19,50,19,54,88,88,0,0,0,0,1,1,1,530149,0,2009,145,SR-290,99999999999999999999,0000000,47.70883611,-117.1137417,1,1
53,23,5,20,17,0,1,3,0,0,4,4,0,1,0,1,1,1,2,50,1,1,2,1,0,0,1,1,0,0,17,2,17,12,99,99,0,0,0,0,1,4,1,530150,0,2009,265,ALMOTA FERRY ROAD,99999999999999999999,0000000,46.69334167,-117.4792528,1,1
53,7,6,7,19,10,2,4,0,1,2,2,0,12,2,1,1,1,4,60,2,1,2,2,0,0,1,2,0,0,19,11,19,31,20,25,0,0,0,0,3,1,1,530151,0,2009,2230,US-97,99999999999999999999,0000000,47.75507778,-120.2067389,2,2
53,63,6,2,19,21,2,4,0,0,16,6,0,12,5,2,2,1,2,25,1,1,2,1,20,3,1,1,0,0,19,21,19,24,19,33,0,0,0,0,1,3,1,530152,2110,2009,0,BROWNE,4TH AVE,0000000,47.65219167,-117.4134194,2,1
53,25,5,15,0,45,1,1,0,0,5,4,0,30,0,1,5,1,2,50,2,1,2,1,0,0,2,1,0,0,6,55,7,8,88,88,0,0,0,0,1,6,0,530153,0,2009,27,NEPPEL RD SE,99999999999999999999,0000000,47.24953889,-119.4395389,1,1
53,57,5,31,11,27,1,1,0,0,9,8,0,1,0,1,1,1,2,0,1,1,4,1,0,0,1,1,0,0,11,29,11,31,88,88,0,0,0,0,1,1,0,530154,0,2009,99999,PETER BURNS ROAD,99999999999999999999,0000000,48.37639167,-122.1724972,1,1
53,53,6,13,14,12,1,1,0,0,3,4,0,42,0,1,6,1,2,45,2,1,2,1,0,0,1,1,0,0,99,99,99,99,88,88,0,0,0,0,1,7,1,530155,0,2009,37,KAPOWSIN HWY EAST,99999999999999999999,0000000,46.98138333,-122.2835444,1,1
53,73,3,29,2,23,1,3,0,0,4,4,0,42,0,1,5,1,2,50,1,1,2,2,0,0,2,1,0,0,2,23,2,35,99,99,0,0,0,0,2,1,0,530156,0,2009,32,BIRCH BAY-LYNDEN RD,99999999999999999999,0000000,48.93575,-122.6776306,1,1
53,37,5,23,20,30,1,7,0,0,9,4,0,32,0,1,6,1,2,99,2,2,5,1,0,0,5,1,0,0,21,5,21,34,23,17,0,0,0,0,1,7,1,530157,0,2009,99999,RUE ROAD,99999999999999999999,0000000,,,1,1
53,77,5,23,9,45,1,1,0,1,1,1,0,1,0,1,3,3,2,70,2,1,2,1,0,0,1,1,0,0,9,43,9,50,99,99,0,0,0,0,1,7,0,530158,0,2009,287,I-82,99999999999999999999,0000000,46.64799167,-120.5010083,1,1
53,61,5,14,2,0,1,1,0,0,9,4,0,42,0,1,5,1,2,35,2,1,2,2,0,0,2,2,0,3,7,12,7,18,88,88,0,0,0,0,1,5,0,530159,0,2009,8,WOODS LAKE ROAD,99999999999999999999,0000000,47.87859167,-121.8524556,1,2
53,71,5,26,16,5,2,2,0,1,2,2,0,12,5,2,1,1,2,60,1,1,2,1,0,0,1,1,0,0,16,3,16,11,99,99,0,0,0,0,1,3,1,530160,0,2009,3016,US-112,DODD ROAD,0000000,46.13868889,-118.9358861,2,1
53,71,5,30,23,15,1,1,0,0,15,6,0,40,0,2,5,1,2,25,1,1,2,1,0,0,3,1,0,0,23,15,23,17,88,88,0,0,0,0,1,7,1,530161,2390,2009,0,EAST SUMACH,PENROSE ST,0000000,46.07805278,-118.3305639,1,1
53,33,6,6,15,36,1,1,0,0,4,4,0,30,0,1,4,1,2,35,1,2,2,1,0,0,1,1,0,0,15,38,15,42,16,41,0,0,0,0,1,7,0,530162,0,2009,6,SE 216  WAY,99999999999999999999,0000000,47.40741111,-122.0295028,1,1
53,53,6,1,13,28,1,1,0,0,4,4,0,1,0,1,1,1,2,35,2,2,2,1,0,0,1,1,0,0,13,21,13,40,99,99,0,0,0,0,1,2,0,530163,0,2009,64,CARBON RIVER FOREST,99999999999999999999,0000000,46.98921111,-121.9338,1,1