STATE,COUNTY,MONTH,DAY,HOUR,MINUTE,VE_TOTAL,PERSONS,PEDS,NHS,ROAD_FNC,ROUTE,SP_JUR,HARM_EV,MAN_COLL,REL_JUNC,REL_ROAD,TRAF_FLO,NO_LANES,SP_LIMIT,ALIGNMNT,PROFILE,PAVE_TYP,SUR_COND,TRA_CONT,T_CONT_F,LGT_COND,WEATHER1,WEATHER2,WRK_ZONE,NOT_HOUR,NOT_MIN,ARR_HOUR,ARR_MIN,HOSP_HR,HOSP_MN,SCH_BUS,CF1,CF2,CF3,FATALS,DAY_WEEK,DRUNK_DR,ST_CASE,CITY,YEAR,MILEPT,TWAY_ID,TWAY_ID2,RAIL,LATITUDE,LONGITUD,VE_FORMS,WEATHER
53,3,6,8,22,28,2,2,0,1,13,2,0,12,1,1,1,5,2,30,1,1,2,1,0,0,3,1,0,0,22,29,22,33,88,88,0,0,0,0,1,2,1,530164,360,2009,99999,US-12,99999999999999999999,0000000,46.41993056,-117.0736611,2,1
53,33,6,10,16,42,1,2,1,0,14,6,0,8,0,3,1,1,2,30,1,2,2,1,0,0,1,1,0,0,16,43,16,47,99,99,0,0,0,0,1,4,0,530165,1960,2009,0,5TH AVE NE,NE 97TH ST,0000000,47.69950833,-122.3231306,1,1
53,53,6,10,19,46,1,2,0,0,2,3,0,42,0,1,4,2,2,60,1,1,2,1,0,0,1,1,0,0,19,46,19,53,99,99,0,0,0,0,1,4,0,530166,0,2009,60,SR-167,99999999999999999999,0000000,47.20257222,-122.278175,1,1
53,43,6,13,22,15,1,1,0,1,2,2,0,32,0,2,6,1,2,35,2,1,2,1,0,0,3,1,0,0,22,21,22,29,88,88,0,0,0,0,1,7,0,530167,480,2009,2302,US-2,A ST,0000000,47.75863611,-118.526,1,1
53,63,6,19,4,23,1,1,0,0,14,6,0,30,0,1,4,1,2,30,1,1,2,1,0,0,3,1,0,0,4,24,4,29,88,88,0,20,0,0,1,6,1,530168,2110,2009,0,EAST INDIANA AVE,99999999999999999999,0000000,47.675025,-117.4072611,1,1
53,25,6,20,13,0,1,2,1,0,13,3,0,8,0,3,1,1,4,30,1,1,2,1,0,0,1,1,0,0,13,4,13,7,13,21,0,0,0,0,1,7,0,530169,1390,2009,27,SR-171,BEECH ST,0000000,47.12984722,-119.2814389,1,1
53,63,6,26,2,55,1,3,2,0,16,6,0,8,0,1,1,1,2,25,2,1,2,1,0,0,2,1,0,0,2,56,3,3,3,55,0,0,0,0,1,6,1,530170,2113,2009,0,E ROCKWELL AVE,99999999999999999999,0000000,47.69607222,-117.2165028,1,1
53,77,6,19,6,0,1,2,0,1,2,2,3,1,0,1,4,1,2,60,2,1,2,1,0,0,1,1,0,0,6,16,6,43,99,99,0,0,0,0,1,6,0,530171,0,2009,419,US-97,99999999999999999999,0000000,46.18036389,-120.4989056,1,1
53,33,6,19,11,16,2,2,0,0,15,4,0,12,5,1,1,1,2,35,2,1,2,2,0,0,1,1,0,0,11,18,11,23,11,46,0,0,0,0,1,6,0,530172,0,2009,25,NE BIG ROCK ROAD,99999999999999999999,0000000,47.71351667,-121.9463639,2,1
53,33,6,12,2,45,2,6,0,1,1,1,0,12,2,1,1,2,3,70,2,2,1,1,0,0,3,1,0,0,2,44,3,2,99,99,0,0,0,0,2,6,1,530173,0,2009,425,I-90,99999999999999999999,0000000,47.41310278,-121.5838472,2,1
53,47,6,14,11,12,1,1,0,0,2,3,0,1,0,1,1,1,2,60,2,2,2,1,0,0,1,1,0,0,11,0,11,10,99,99,0,0,0,0,1,1,1,530174,0,2009,743,SR-155,99999999999999999999,0000000,48.37520833,-119.3983833,1,1
53,33,6,15,14,4,1,2,1,0,15,6,0,8,0,3,1,1,2,25,2,1,2,1,0,0,1,1,0,0,14,6,14,8,99,99,0,0,0,0,1,2,0,530175,1960,2009,0,E REPUBLICAN ST,17 AVE E,0000000,47.62326111,-122.3100389,1,1
53,33,6,17,10,32,1,2,1,0,13,6,0,8,0,1,1,5,4,30,1,1,2,1,0,0,1,1,0,0,10,33,10,36,99,99,0,0,0,0,1,4,0,530176,1960,2009,0,S JACKSON ST,99999999999999999999,0000000,47.59923333,-122.3175083,1,1
53,61,6,25,3,51,2,2,0,0,14,4,0,12,8,1,1,1,2,35,2,2,2,1,0,0,2,1,0,0,3,52,3,57,88,88,0,0,0,0,1,5,1,530177,0,2009,36,220 ST NW,99999999999999999999,0000000,48.19555833,-122.277575,2,1
53,61,7,9,4,8,2,3,0,1,2,2,0,12,2,1,1,1,2,60,2,2,2,1,0,0,3,1,0,0,4,8,4,18,88,88,0,0,0,0,1,5,0,530178,0,2009,105,US-2,99999999999999999999,0000000,47.87269167,-122.008325,2,1
53,77,6,26,21,27,2,6,0,0,2,3,0,12,8,1,1,1,4,60,1,1,2,1,0,0,2,1,0,0,21,28,21,35,99,99,0,0,0,0,1,6,0,530179,0,2009,66,SR-22,99999999999999999999,0000000,46.34795,-120.2762167,2,1
53,25,7,3,17,25,2,3,0,0,2,3,0,12,2,1,1,1,2,55,2,1,2,1,0,0,1,1,0,0,17,25,17,36,88,88,0,0,0,0,1,6,1,530180,0,2009,159,SR-262,99999999999999999999,0000000,46.98528889,-119.1759111,2,1
53,77,7,5,8,40,1,2,0,0,5,4,0,1,0,1,1,1,2,50,1,1,2,1,0,0,1,1,0,0,8,36,8,47,88,88,0,0,0,0,1,1,1,530181,0,2009,27,BARKES ROAD,99999999999999999999,0000000,46.4144,-120.6492806,1,1
53,53,7,2,4,10,1,2,0,0,3,4,0,1,0,1,2,3,2,45,2,4,2,1,0,0,2,1,0,0,4,12,4,20,4,55,0,0,0,0,2,5,0,530182,0,2009,121,OVOVILLE ROAD,99999999999999999999,0000000,47.04158611,-122.208825,1,1
53,15,7,9,15,45,1,2,0,0,2,3,0,1,0,1,5,2,2,55,2,2,2,1,0,0,1,1,0,0,15,43,15,57,99,99,0,0,0,0,1,5,0,530183,0,2009,444,SR-503,99999999999999999999,0000000,45.96415833,-122.5538639,1,1
53,49,7,8,12,15,1,3,2,0,2,3,0,9,0,1,2,1,2,50,2,1,2,2,0,0,1,1,0,0,12,16,12,20,13,23,0,0,0,0,1,4,0,530184,0,2009,25,SR-105,99999999999999999999,0000000,46.68216389,-123.7771972,1,1
53,77,6,15,20,29,1,2,1,1,2,2,0,8,0,3,1,2,4,60,1,2,2,1,0,0,1,1,0,0,20,29,20,36,99,99,0,0,0,0,1,2,0,530185,0,2009,665,US-97,PROGRESSIVE ROAD,0000000,46.41886667,-120.3987417,1,1
53,21,6,21,22,29,1,1,0,0,4,4,0,25,0,1,5,1,2,55,2,2,2,1,0,0,2,1,0,0,22,34,22,51,88,88,0,0,0,0,1,1,1,530186,0,2009,92,SAGEHILL ROAD,99999999999999999999,0000000,46.72035833,-119.1765111,1,1
53,5,7,9,11,51,1,1,0,0,5,4,0,1,0,1,1,1,2,50,1,1,2,1,0,0,1,1,0,0,11,56,12,15,88,88,0,0,0,0,1,5,0,530187,0,2009,17,COFFIN ROAD,99999999999999999999,0000000,46.01758889,-119.2463778,1,1
53,35,7,11,23,28,2,5,0,0,2,3,0,12,2,1,1,1,2,55,1,4,2,1,0,0,2,1,0,0,23,25,23,26,0,18,0,0,0,0,2,7,0,530188,0,2009,550,SR-3,99999999999999999999,0000000,47.7721,-122.6513667,2,1
53,53,6,26,1,30,1,1,0,0,3,4,0,42,0,1,5,1,2,35,2,2,2,1,0,0,2,1,0,0,13,36,13,39,88,88,0,0,0,0,1,6,1,530189,800,2009,7,ROSEDALE DR NW,99999999999999999999,0000000,47.33155833,-122.6366139,1,1
53,67,7,4,20,5,1,1,0,0,2,3,0,42,0,1,5,2,2,60,2,2,2,1,0,0,5,1,0,0,20,17,20,29,88,88,0,0,0,0,1,7,0,530190,0,2009,191,SR-8,99999999999999999999,0000000,47.05076944,-123.0381639,1,1
53,33,7,16,18,36,3,3,0,0,15,6,0,12,2,1,1,1,2,25,1,3,2,1,0,0,1,1,0,0,18,36,18,40,19,17,0,0,0,0,1,5,1,530191,1050,2009,0,100TH AVE,99999999999999999999,0000000,47.70580556,-122.2080083,3,1
53,77,6,22,17,25,1,1,0,1,2,2,0,27,0,1,4,1,2,65,2,1,2,1,0,0,1,1,0,0,17,38,17,51,99,99,0,0,0,0,1,2,1,530192,0,2009,462,US-97,99999999999999999999,0000000,46.30306667,-120.339775,1,1
53,65,7,12,13,45,1,2,0,0,2,3,0,42,0,1,5,1,2,99,2,2,2,1,0,0,1,1,0,0,99,99,99,99,99,99,0,0,0,0,2,1,0,530193,0,2009,403,SR-25,99999999999999999999,0000000,48.10095556,-118.2017333,1,1
53,77,6,20,20,45,2,2,0,0,14,6,0,12,5,2,1,1,2,25,1,1,2,1,0,0,1,1,0,0,20,55,20,55,99,99,0,0,0,0,1,7,0,530194,840,2009,0,WILSON HWY,JACKSON DR,0000000,46.26040278,-119.9050861,2,1
53,33,7,1,22,17,1,2,1,0,13,3,0,9,0,2,1,2,2,40,2,1,2,1,0,0,3,1,0,0,22,18,22,22,88,88,0,0,0,0,1,4,1,530195,1960,2009,0,SR-99,DEXTER WAY NORTH,0000000,47.640425,-122.3464417,1,1
53,63,7,17,15,50,1,1,0,0,13,6,0,42,0,1,5,4,2,30,1,1,2,1,0,0,1,1,0,0,15,51,15,57,16,20,0,0,0,0,1,6,0,530196,2110,2009,0,MAPLE,99999999999999999999,0000000,47.69812222,-117.4351361,1,1
53,63,7,13,6,50,1,1,0,1,1,1,0,43,0,1,5,2,2,70,2,1,2,9,0,0,2,9,0,0,6,54,7,1,88,88,0,0,0,0,1,2,1,530197,0,2009,2951,I-90,99999999999999999999,0000000,47.66879722,-117.1158889,1,9
53,11,7,11,1,57,2,2,0,1,1,1,0,12,1,1,1,3,3,70,1,1,2,1,0,0,2,1,0,0,1,57,2,4,88,88,0,20,0,0,1,7,1,530198,0,2009,155,I-5,99999999999999999999,0000000,45.83890556,-122.6968583,2,1
53,63,7,15,16,30,3,4,0,1,2,2,0,12,2,1,1,1,4,45,2,1,2,1,0,0,1,1,0,0,16,32,16,37,17,20,0,0,0,0,1,4,0,530199,0,2009,2960,US-2,99999999999999999999,0000000,47.77605,-117.3701833,3,1
53,25,7,19,21,15,2,2,0,0,2,3,0,12,2,1,1,2,2,60,1,2,2,1,0,0,3,1,0,0,21,21,21,26,88,88,0,0,0,0,1,1,1,530200,0,2009,895,SR-17,99999999999999999999,0000000,47.57475833,-119.4314278,2,1
53,67,7,19,18,22,1,4,0,0,2,3,0,42,0,1,5,2,2,60,2,1,2,1,0,0,1,1,0,0,18,21,18,27,99,99,0,0,0,0,2,1,0,530201,0,2009,197,SR-8,99999999999999999999,0000000,47.05402778,-123.0294944,1,1
53,25,7,3,21,0,2,2,0,0,6,4,0,12,2,1,1,1,2,50,1,2,2,1,0,0,5,1,0,0,21,0,21,17,99,99,0,0,0,0,1,6,1,530202,0,2009,33,RD M SW,99999999999999999999,0000000,46.94803611,-119.7711472,2,1
53,73,7,4,21,40,3,3,0,1,11,1,0,12,2,1,1,3,3,60,1,2,1,1,0,0,5,1,0,0,21,41,21,48,99,99,0,14,0,0,1,7,1,530203,110,2009,2538,I-5,99999999999999999999,0000000,48.75618889,-122.4618528,3,1
53,33,3,11,10,25,1,4,1,0,15,6,0,9,0,2,1,1,2,25,1,1,1,1,20,3,1,1,0,0,10,23,10,26,11,4,0,0,0,0,1,4,0,530204,1960,2009,0,1ST AVE NE,NE 56TH ST,0000000,47.669375,-122.3282778,1,1
53,53,7,25,1,21,1,2,0,0,4,4,0,42,0,1,5,1,2,40,2,1,2,1,0,0,2,1,0,0,1,23,1,31,88,88,0,0,0,0,2,7,1,530205,0,2009,4,218TH AVE E,99999999999999999999,0000000,47.21618056,-122.1379278,1,1
53,73,7,21,22,15,2,4,0,0,2,3,0,12,2,1,1,1,2,55,1,1,2,1,0,0,2,1,0,0,22,21,22,29,99,99,0,0,0,0,1,3,1,530206,0,2009,99999,SR-546,99999999999999999999,0000000,48.96413056,-122.4134028,2,1
53,27,8,1,22,30,1,1,0,0,9,8,0,1,0,1,4,1,2,99,2,2,4,1,0,0,2,9,0,0,99,99,99,99,88,88,0,0,0,0,1,7,1,530207,0,2009,0,FS RD # 2263,99999999999999999999,0000000,47.33181389,-123.823,1,9
53,63,7,22,21,51,2,3,1,0,4,4,0,12,1,1,1,1,4,45,1,1,2,1,0,0,2,1,0,0,21,51,21,57,99,99,0,0,0,0,1,4,0,530208,0,2009,6,E DAY MT SPOKANE RD,99999999999999999999,0000000,47.80185,-117.3440056,2,1
53,67,8,2,0,45,1,4,0,0,16,4,0,39,0,1,4,1,2,25,2,2,2,1,0,0,2,1,0,0,0,45,0,49,99,99,0,0,0,0,1,1,1,530209,0,2009,3,MOUNTAIN AIRE DR,99999999999999999999,0000000,47.03825556,-122.7680861,1,1
53,63,7,22,16,4,2,6,0,0,2,3,0,12,2,1,1,1,2,35,2,1,2,1,0,0,1,1,0,0,16,3,16,7,16,41,0,0,0,0,1,4,0,530210,0,2009,83,SR-291,99999999999999999999,0000000,47.71536389,-117.4773222,2,1
53,25,6,22,15,45,2,5,0,0,2,3,0,12,5,2,1,1,2,55,1,1,2,1,20,3,1,1,0,0,15,50,15,59,88,88,0,0,0,0,1,2,0,530211,0,2009,338,SR-28,ADAMS ROAD,0000000,47.23434444,-119.7681861,2,1
53,11,7,3,2,34,1,1,0,0,13,3,0,43,0,1,4,4,3,25,1,1,1,1,0,0,3,1,0,0,2,35,2,40,88,88,0,0,0,0,1,6,1,530212,2370,2009,2,SR-501,99999999999999999999,0000000,45.6326,-122.6684917,1,1
53,73,7,5,11,51,1,2,1,0,4,4,0,8,0,1,1,1,2,20,1,1,2,1,0,0,1,1,0,0,99,99,99,99,99,99,0,0,0,0,1,1,0,530213,0,2009,27,BIRCH BAY DR,99999999999999999999,0000000,48.92140556,-122.7446444,1,1
53,77,7,17,17,30,1,1,0,0,99,4,3,31,0,1,5,1,2,35,1,1,4,1,0,0,1,1,0,0,17,28,17,46,88,88,0,0,0,0,1,6,1,530214,0,2009,99999,PUMPHOUSE ROAD,99999999999999999999,0000000,46.31738333,-120.6783778,1,1
53,67,6,29,13,40,2,6,0,1,2,2,0,12,2,2,1,1,2,55,1,1,2,1,0,0,1,1,0,0,13,39,13,43,99,99,0,0,0,0,2,2,0,530215,0,2009,460,US-12,PECAN ST SW,0000000,46.80255556,-123.0368333,2,1
53,73,7,19,14,10,1,3,0,0,6,4,0,1,0,1,5,1,2,35,2,2,2,1,0,0,1,1,0,0,14,8,14,19,14,41,0,0,0,0,1,1,1,530216,0,2009,1,MARSHALL HILL ROAD,99999999999999999999,0000000,48.82121111,-122.2087167,1,1
53,77,8,1,12,15,1,1,0,1,2,2,0,1,0,1,2,1,2,60,2,2,2,1,0,0,1,1,0,0,12,15,12,30,88,88,0,0,0,0,1,7,0,530217,0,2009,1828,US-12,99999999999999999999,0000000,46.72001944,-120.8175528,1,1
53,47,7,27,16,37,1,1,0,0,5,4,0,34,0,1,5,1,2,50,2,1,2,1,0,0,1,1,0,0,16,39,16,44,99,99,0,0,0,0,1,2,0,530218,0,2009,95,TWISP CARLETON RD,99999999999999999999,0000000,48.34826389,-120.108075,1,1
53,65,7,30,7,0,1,1,0,0,6,4,0,1,0,1,1,1,2,50,1,2,4,1,0,0,1,1,0,0,7,50,7,58,88,88,0,0,0,0,1,5,1,530219,0,2009,323,MILES ROAD,99999999999999999999,0000000,48.331975,-118.1449972,1,1
53,5,7,31,17,30,2,4,0,0,4,4,0,12,5,8,1,1,2,50,1,1,2,1,0,0,1,1,0,0,17,36,17,38,99,99,0,0,0,0,1,6,0,530220,0,2009,39,COUNTY ROAD 12,99999999999999999999,0000000,46.22612222,-119.8014222,2,1
53,33,7,17,18,36,1,7,1,0,15,6,0,9,0,2,1,1,2,25,2,2,2,1,20,3,1,1,0,0,18,37,18,40,19,1,0,0,0,0,1,6,0,530221,0,2009,0,LAKE WASHINGTON BLVD,SOUTH ORCAS ST,0000000,47.5511,-122.25955,1,1
53,53,5,24,3,35,10,1,0,0,2,3,0,43,0,1,5,3,2,35,1,1,2,1,0,0,3,1,0,0,3,37,3,42,88,88,0,0,0,0,1,1,1,530222,0,2009,524,SR-7,99999999999999999999,0000000,47.15625,-122.4342583,1,1
53,45,7,19,3,0,1,1,0,0,4,4,0,1,0,1,2,1,2,45,2,2,8,1,0,0,2,1,0,0,3,7,3,19,88,88,0,0,0,0,1,1,1,530223,0,2009,40,MCREADY ROAD,99999999999999999999,0000000,47.322825,-123.0880306,1,1
53,41,7,29,16,35,1,1,0,0,6,4,0,42,0,1,5,1,2,50,1,2,2,1,0,0,1,1,0,0,16,34,16,41,88,88,0,0,0,0,1,4,1,530224,0,2009,9,TENNESSEE ROAD,99999999999999999999,0000000,46.50943333,-122.9495417,1,1
53,43,7,27,16,31,1,1,0,0,3,4,0,1,0,1,1,1,2,45,2,2,2,1,0,0,1,1,0,0,99,99,99,99,88,88,0,0,0,0,1,2,0,530225,0,2009,114,MILES-CRESTON ROAD,99999999999999999999,0000000,47.81044444,-118.3176028,1,1
53,53,8,4,19,5,2,2,0,0,14,6,0,12,2,1,1,1,2,35,1,1,2,1,0,0,1,1,0,0,19,7,19,13,88,88,0,0,0,0,1,3,1,530226,1770,2009,0,9TH ST SW,99999999999999999999,0000000,47.16332778,-122.3041278,2,1
53,55,7,26,14,40,1,5,3,0,6,4,0,9,0,1,1,1,2,35,1,3,2,1,0,0,1,1,0,0,14,43,14,54,99,99,0,0,0,0,1,1,0,530227,0,2009,14,LOPEZ SOUND ROAD,99999999999999999999,0000000,48.50270278,-122.8772722,1,1
53,61,8,1,2,4,2,4,0,0,2,3,0,12,5,1,1,1,2,55,1,1,2,1,0,0,2,1,0,0,2,4,2,11,2,56,0,0,0,0,3,7,1,530228,0,2009,228,SR-522,99999999999999999999,0000000,47.84507778,-122.0121639,2,1
53,77,8,7,18,45,1,5,0,0,9,8,0,1,0,1,5,1,2,99,2,2,4,1,0,0,1,1,0,0,18,49,19,4,99,99,0,0,0,0,1,6,1,530229,0,2009,99999,FS RD # 1705,99999999999999999999,0000000,46.94620556,-121.0620722,1,1
53,43,8,3,20,30,1,2,0,0,2,3,0,1,0,1,1,1,2,55,2,2,2,1,0,0,5,1,0,0,99,99,99,99,99,99,0,0,0,0,1,2,1,530230,0,2009,413,SR-231,99999999999999999999,0000000,47.80952222,-117.8934278,1,1
53,77,8,2,14,23,2,3,0,0,2,3,0,12,1,1,1,1,2,55,2,1,2,1,0,0,1,1,0,0,14,26,14,35,88,88,0,0,0,0,1,1,0,530231,0,2009,796,SR-410,99999999999999999999,0000000,46.97820278,-121.1674833,2,1
53,77,8,2,12,15,2,12,0,1,2,2,0,12,2,1,1,1,2,60,1,1,2,1,0,0,1,1,0,0,12,14,12,34,13,44,0,0,0,0,3,1,1,530232,0,2009,1755,US-12,99999999999999999999,0000000,46.68842778,-120.929775,2,1
53,33,7,24,0,20,1,2,1,0,14,6,0,8,0,3,1,4,2,99,1,2,1,1,0,0,3,1,0,0,0,22,0,25,88,88,0,0,0,0,1,6,0,530233,1960,2009,0,CHERRY ST,6TH AVE,0000000,47.60494722,-122.3287139,1,1
53,35,7,4,13,2,1,2,1,0,4,4,0,9,0,3,1,1,2,25,1,2,2,1,0,0,1,1,0,0,13,2,13,8,99,99,0,0,0,0,1,7,1,530234,0,2009,34,NW HOLLY ROAD,NW WILDCAT LAKE RD,0000000,47.60358889,-122.7832472,1,1
53,63,8,9,11,50,2,4,0,1,2,2,0,12,2,1,1,3,2,60,1,1,1,1,0,0,1,1,0,0,11,55,12,4,12,34,0,0,0,0,1,1,0,530235,0,2009,1772,US-395,99999999999999999999,0000000,47.89171667,-117.4282694,2,1
53,57,8,5,22,45,2,4,0,0,14,4,0,12,5,2,1,1,2,50,1,1,2,1,20,3,1,1,0,0,22,44,22,47,99,99,0,0,0,0,1,4,0,530236,0,2009,28,FARM TO MARKET RD,JOSH WILSON RD,0000000,48.486675,-122.44445,2,1
53,33,5,15,14,13,2,4,0,0,13,3,0,12,5,1,1,5,4,40,1,1,2,1,0,0,1,1,0,0,14,14,14,18,99,99,0,0,0,0,1,6,0,530237,1830,2009,243,SR-169,99999999999999999999,0000000,47.477275,-122.1823444,2,1
53,57,7,20,12,20,3,3,0,0,2,3,0,12,2,1,1,1,2,55,1,1,2,1,0,0,1,1,0,0,12,20,12,26,88,88,0,0,0,0,1,2,0,530238,0,2009,690,SR-20,99999999999999999999,0000000,48.52805278,-122.17065,3,1
53,33,7,27,6,38,4,3,0,0,14,6,0,12,7,2,1,1,4,35,1,1,2,1,3,3,1,1,0,0,6,38,6,43,88,88,0,0,0,0,1,2,0,530239,2005,2009,0,N 175TH ST,SR-99,0000000,47.75598889,-122.3457444,3,1
53,33,8,5,1,53,2,2,0,0,13,6,0,33,0,1,4,3,2,35,1,1,1,1,0,0,3,1,0,0,1,54,1,55,99,99,0,0,0,0,1,4,2,530240,1960,2009,0,MLK WAY,99999999999999999999,0000000,47.52111389,-122.279625,2,1
53,63,8,7,14,40,3,4,0,0,14,4,0,12,2,1,1,1,2,35,2,2,2,1,0,0,1,1,0,0,14,38,14,45,15,22,0,0,0,0,1,6,1,530241,0,2009,5,MAGNESIUM ROAD,99999999999999999999,0000000,47.73655278,-117.3711278,3,1
53,29,8,8,4,0,1,1,0,0,4,4,0,30,0,1,4,3,2,50,1,1,2,1,0,0,2,1,0,0,4,28,4,33,88,88,0,0,0,0,1,7,0,530242,0,2009,4,EAST FAKKEMA RD,99999999999999999999,0000000,48.32555556,-122.6043111,1,1
53,33,8,8,3,28,1,1,0,0,15,6,0,38,0,1,5,1,2,25,2,2,2,1,0,0,2,9,0,0,3,16,3,28,4,21,0,0,0,0,1,7,1,530243,735,2009,0,SW 328 PL,99999999999999999999,0000000,47.30755,-122.3816444,1,9
53,73,6,20,4,35,2,5,1,1,11,1,0,8,0,1,1,3,2,60,1,1,2,1,0,0,2,1,0,0,4,23,4,30,88,88,0,0,0,0,1,7,1,530244,110,2009,2540,I-5,99999999999999999999,0000000,48.75629722,-122.4616111,2,1
53,47,6,30,11,12,1,1,0,0,99,8,3,1,0,1,4,1,2,50,1,1,2,1,0,0,1,1,0,0,11,20,11,50,88,88,0,0,0,0,1,3,0,530245,0,2009,225,COLUMBIA RIVER ROAD,99999999999999999999,0000000,,,1,1
53,33,8,16,14,25,1,1,0,0,16,4,0,39,0,1,5,1,2,25,2,2,2,1,0,0,1,1,0,0,14,27,14,30,88,88,0,0,0,0,1,1,0,530246,0,2009,5,107 PLACE SE,99999999999999999999,0000000,47.39460833,-122.1987056,1,1
53,73,8,18,22,15,1,1,0,0,14,4,0,31,0,1,4,1,2,35,2,1,2,1,0,0,2,1,0,0,22,7,22,17,88,88,0,0,0,0,1,3,0,530248,0,2009,14,N SHORE ROAD,99999999999999999999,0000000,48.75171944,-122.372375,1,1
53,37,8,6,11,5,1,2,0,1,1,1,0,24,0,1,2,2,2,60,1,2,1,1,0,0,1,1,0,0,99,99,99,99,99,99,0,0,0,0,1,5,0,530249,0,2009,1280,I-90,99999999999999999999,0000000,46.94394167,-120.1550083,1,1
53,33,8,11,1,48,1,1,0,1,1,1,0,24,0,13,4,6,1,60,1,2,1,2,0,0,3,2,0,0,99,99,99,99,99,99,0,0,0,0,1,3,1,530250,1960,2009,1624,I-5,99999999999999999999,0000000,47.55134722,-122.3167611,1,2
53,53,8,23,0,10,1,1,0,0,15,6,0,33,0,2,2,1,2,25,2,3,2,1,0,0,3,1,0,0,0,12,0,22,88,88,0,0,0,0,1,1,1,530251,1770,2009,0,5TH ST NE,8TH AVE NE,0000000,47.19770278,-122.2877667,1,1
53,41,7,24,19,56,1,1,0,0,5,4,0,1,0,1,1,1,2,50,2,2,1,1,0,0,1,1,0,0,19,24,19,31,99,99,0,0,0,0,1,6,1,530252,0,2009,29,PLEASANT VALLEY RD,99999999999999999999,0000000,46.57153333,-122.9689833,1,1
53,73,8,15,14,39,2,3,0,0,4,4,0,12,6,8,5,1,2,45,1,1,8,1,0,0,1,1,0,0,14,34,14,39,99,99,0,0,0,0,1,7,0,530253,0,2009,27,WEST BADGER ROAD,99999999999999999999,0000000,48.96475,-122.5554083,2,1
53,41,8,17,20,27,1,1,0,1,2,2,0,11,0,1,1,1,2,55,1,1,2,1,0,0,5,1,0,0,20,24,20,30,99,99,0,0,0,0,1,2,0,530254,0,2009,1300,US-12,99999999999999999999,0000000,46.59294722,-121.6843778,1,1
53,21,8,19,6,55,2,6,0,0,4,4,0,12,5,2,1,2,2,55,1,1,1,1,20,3,1,1,0,0,6,47,7,2,7,56,0,0,0,0,1,4,0,530255,0,2009,59,SAGEHILL,HENDRICKS ROAD,0000000,46.67476667,-119.1765972,2,1
53,77,8,20,8,58,2,4,0,0,4,4,0,12,1,1,1,1,2,55,1,1,2,1,0,0,1,1,0,0,8,55,9,0,99,99,0,0,0,0,1,5,1,530256,0,2009,55,LATERAL A ROAD,99999999999999999999,0000000,46.43846944,-120.4798944,2,1
53,9,8,15,1,30,2,3,0,0,14,6,0,12,5,2,1,1,2,30,1,1,2,1,20,3,2,1,0,0,99,99,99,99,99,99,0,0,0,0,1,7,2,530257,0,2009,0,EDGEWOOD DR,DRY CREEK RD,0000000,48.11153611,-123.5150694,2,1
53,35,8,22,22,18,1,2,0,0,14,4,0,32,0,1,4,1,2,40,2,2,2,1,0,0,2,1,0,0,22,19,22,26,23,9,0,0,0,0,1,7,1,530258,0,2009,7,SE SOUTHWORTH DR,99999999999999999999,0000000,47.52406944,-122.5476833,1,1
53,77,8,23,20,30,2,3,0,0,5,4,0,12,3,1,1,1,2,50,1,1,2,1,0,0,2,1,0,0,20,43,20,52,88,88,0,0,0,0,1,1,0,530259,0,2009,19,NORTH TRACK ROAD,99999999999999999999,0000000,46.48039722,-120.4491222,2,1
53,33,8,29,22,40,1,1,0,1,11,1,0,24,0,13,4,6,2,60,2,2,1,1,0,0,3,1,0,0,22,36,22,41,88,88,0,0,0,0,1,7,0,530260,1960,2009,20,I-90,99999999999999999999,0000000,47.59512222,-122.3280639,1,1
53,61,8,21,18,20,2,3,0,0,13,6,0,12,5,8,1,5,6,35,1,1,2,1,0,0,1,1,0,0,18,21,18,26,18,44,0,0,0,0,1,6,0,530261,690,2009,0,EVERGREEN WAY,99999999999999999999,0000000,47.91721944,-122.2325361,2,1
53,35,8,20,19,29,1,1,1,0,16,4,0,8,0,1,1,9,9,99,1,1,2,1,0,0,1,1,0,0,19,26,19,31,99,99,0,0,0,0,1,5,0,530262,0,2009,0,BEL VALLEY CONNECTOR,99999999999999999999,0000000,47.52945278,-122.6972333,1,1
53,33,1,21,17,57,2,2,0,0,2,6,0,12,1,1,1,1,4,35,1,1,2,1,0,0,3,5,0,0,99,99,99,99,99,99,0,0,0,0,1,4,0,530263,0,2009,0,N 145TH ST,99999999999999999999,0000000,47.73415833,-122.35375,2,5
53,25,7,15,0,55,2,6,0,0,3,3,0,12,5,10,1,5,2,60,1,1,2,1,20,3,3,1,0,0,1,0,1,13,99,99,0,0,0,0,2,4,1,530264,0,2009,139,SR-243,RD 24 SW,0000000,46.73780278,-119.9171444,2,1
53,63,7,2,7,29,1,2,1,0,16,6,0,8,0,2,1,1,4,30,1,1,2,1,2,3,1,1,0,0,99,99,99,99,99,99,0,0,0,0,1,5,0,530265,2110,2009,0,1ST ST,POST ST,0000000,47.65665833,-117.4236333,1,1
53,15,8,10,12,0,1,1,0,0,4,4,0,42,0,1,4,1,2,40,2,1,2,1,0,0,1,1,0,0,99,99,99,99,88,88,0,0,0,0,1,2,1,530266,280,2009,111,TOWER RD,99999999999999999999,0000000,46.325475,-122.8553861,1,1