STATE,COUNTY,MONTH,DAY,HOUR,MINUTE,VE_TOTAL,PERSONS,PEDS,NHS,ROAD_FNC,ROUTE,SP_JUR,HARM_EV,MAN_COLL,REL_JUNC,REL_ROAD,TRAF_FLO,NO_LANES,SP_LIMIT,ALIGNMNT,PROFILE,PAVE_TYP,SUR_COND,TRA_CONT,T_CONT_F,LGT_COND,WEATHER1,WEATHER2,WRK_ZONE,NOT_HOUR,NOT_MIN,ARR_HOUR,ARR_MIN,HOSP_HR,HOSP_MN,SCH_BUS,CF1,CF2,CF3,FATALS,DAY_WEEK,DRUNK_DR,ST_CASE,CITY,YEAR,MILEPT,TWAY_ID,TWAY_ID2,RAIL,LATITUDE,LONGITUD,VE_FORMS,WEATHER
53,77,8,19,21,20,2,8,0,0,5,4,0,12,5,2,1,1,2,50,1,2,2,1,20,3,2,1,0,0,99,99,99,99,99,99,0,0,0,0,3,4,1,530267,0,2009,25,GILBERT RD,CHEYNE,0000000,46.44761667,-120.2723972,2,1
53,25,8,23,3,38,2,2,0,1,11,1,0,12,1,1,1,3,2,70,1,1,2,1,0,0,2,1,0,0,99,99,99,99,88,88,0,0,0,0,1,1,1,530268,1390,2009,1772,I-90,99999999999999999999,0000000,47.10195833,-119.291225,2,1
53,53,8,27,5,37,2,2,0,0,2,3,0,12,2,1,1,1,2,50,1,1,2,1,0,0,2,1,0,0,99,99,99,99,99,99,0,0,0,0,1,5,0,530269,0,2009,99999,SR-162,99999999999999999999,0000000,47.17267778,-122.2293389,2,1
53,61,8,27,4,38,1,7,1,1,2,2,0,8,0,1,1,1,2,50,1,2,2,1,0,0,2,1,0,0,99,99,99,99,99,99,0,0,0,0,1,5,0,530270,0,2009,301,US-2,99999999999999999999,0000000,47.83923056,-121.6635833,1,1
53,63,8,30,10,49,2,5,0,0,14,4,0,12,6,2,1,1,2,35,1,1,2,1,0,0,1,1,0,0,99,99,99,99,99,99,0,0,0,0,1,1,0,530271,0,2009,37,WELLSLEY,MURRAY,0000000,47.70036111,-117.0742389,2,1
53,33,5,10,0,22,1,3,0,0,14,6,0,42,0,1,5,5,4,30,2,1,2,1,0,0,3,1,0,0,99,99,99,99,99,99,0,0,0,0,1,1,1,530272,1830,2009,0,SW 7TH ST,99999999999999999999,0000000,47.47372778,-122.2340361,1,1
53,59,7,26,16,0,2,5,0,0,9,8,0,12,2,1,2,2,2,40,2,2,2,1,0,0,1,1,0,0,16,38,16,44,88,88,0,0,0,0,1,1,0,530273,0,2009,394,US FS ROAD 25,99999999999999999999,0000000,,,2,1
53,25,7,25,2,45,1,2,0,0,6,4,0,1,0,2,5,1,2,50,1,1,2,1,20,3,2,1,0,0,2,52,3,0,3,29,0,0,0,0,1,7,1,530274,0,2009,0,RD 7 NE,STRATFORD RD NE,0000000,47.18979167,-119.2779944,1,1
53,61,8,20,7,0,1,1,0,0,15,4,0,30,0,1,6,2,2,35,2,1,2,1,0,0,4,1,0,0,7,0,7,6,88,88,0,0,0,0,1,5,0,530275,0,2009,47,LOWELL SNOHOMISH RIV,99999999999999999999,0000000,47.91286111,-122.1187028,1,1
53,53,8,23,13,50,2,4,0,0,13,3,0,12,1,2,1,1,2,30,1,1,2,1,0,0,1,1,0,0,13,51,13,58,14,32,0,0,0,0,1,1,0,530276,2090,2009,99999,SR-162,SOUTH PRAIRIE ROAD E,0000000,47.14076111,-122.0915639,2,1
53,53,8,27,1,0,1,1,0,0,14,4,0,42,0,2,5,2,2,35,1,1,2,1,20,3,3,1,0,0,1,8,1,17,88,88,0,0,0,0,1,5,0,530277,0,2009,155,200TH ST EAST,ORTING KAPOWSIN HWY,0000000,47.07444722,-122.2437361,1,1
53,33,8,28,3,8,1,1,0,0,13,6,0,25,0,1,4,3,3,99,1,2,2,1,0,0,3,1,0,0,3,11,3,17,99,99,0,0,0,0,1,6,1,530278,1960,2009,0,WEST SEATTLE BRIDGE,99999999999999999999,0000000,47.57093889,-122.3553806,1,1
53,53,8,29,17,16,1,4,0,0,14,4,0,1,0,1,1,1,2,35,2,1,2,1,0,0,1,1,0,0,17,19,17,27,18,9,0,0,0,0,1,7,0,530279,0,2009,77,SUMNER BUCKLEY HWY E,99999999999999999999,0000000,47.1668,-122.0459389,1,1
53,61,8,29,15,57,1,1,0,0,2,3,0,24,0,1,2,3,2,60,2,2,2,1,0,0,1,1,0,0,15,59,16,8,88,88,0,0,0,0,1,7,0,530280,0,2009,150,SR-522,99999999999999999999,0000000,47.79548611,-122.1312972,1,1
53,61,8,30,0,15,2,3,0,0,4,4,0,12,5,8,1,1,2,99,1,2,2,1,0,0,3,1,0,0,99,99,99,99,99,99,0,0,0,0,1,1,1,530281,0,2009,35,84 ST NE,99999999999999999999,0000000,48.07238056,-122.0366806,2,1
53,61,8,31,5,16,2,3,0,0,2,3,0,12,2,1,1,1,2,50,2,2,2,1,0,0,2,4,0,0,99,99,99,99,99,99,0,0,0,0,1,2,0,530282,0,2009,356,SR-530,99999999999999999999,0000000,48.26988333,-121.8765306,2,4
53,75,9,3,0,30,1,1,0,0,2,3,0,1,0,1,5,1,2,55,2,2,2,1,0,0,2,1,0,0,10,27,10,54,88,88,0,0,0,0,1,5,1,530283,0,2009,40,SR-194,99999999999999999999,0000000,46.73041944,-117.4883083,1,1
53,41,9,3,14,38,1,2,0,0,4,4,0,1,0,2,5,1,2,50,2,2,2,1,0,0,1,1,0,0,14,38,14,43,99,99,0,0,0,0,1,5,0,530284,0,2009,10,TUCKER ROAD,CLASSE ROAD,0000000,46.48085556,-122.8146611,1,1
53,57,9,2,7,51,1,2,0,0,5,4,0,42,0,1,5,1,2,50,1,1,2,1,0,0,1,1,0,0,7,44,8,1,99,99,0,0,0,0,1,4,1,530285,0,2009,19,CONCRETE SAUK VALLEY,99999999999999999999,0000000,48.52001667,-121.7669667,1,1
53,67,9,12,2,59,1,1,0,0,6,4,0,30,0,1,4,1,2,50,1,9,2,1,0,0,2,1,0,0,2,56,3,8,88,88,0,0,0,0,1,7,1,530286,0,2009,292,153RD AVE SE,99999999999999999999,0000000,46.86500278,-122.5853861,1,1
53,15,9,5,7,24,1,1,0,0,5,4,0,42,0,1,5,1,2,50,1,1,2,2,0,0,4,2,0,0,7,24,7,38,88,88,0,0,0,0,1,7,1,530287,0,2009,16,BARNES DR,99999999999999999999,0000000,46.36631389,-122.9239444,1,2
53,73,9,8,14,29,2,3,0,0,13,3,0,12,2,2,1,2,3,99,1,1,2,1,3,3,1,1,0,0,14,33,14,36,15,0,0,0,0,0,1,3,1,530288,110,2009,2,SR-542,BARKLEY ROAD,0000000,48.77253889,-122.4597944,2,1
53,41,9,11,14,10,1,1,0,0,5,4,0,18,0,1,1,1,2,50,1,1,2,1,0,0,1,1,0,0,14,14,14,29,88,88,0,0,0,0,1,6,0,530289,0,2009,10,WINSTON CREEK ROAD,99999999999999999999,0000000,46.5089,-122.5590889,1,1
53,77,8,24,17,22,1,3,0,1,1,1,0,1,0,1,5,3,2,70,1,2,2,1,0,0,1,1,0,0,17,16,17,34,99,99,0,0,0,0,2,2,1,530290,0,2009,228,I-82,99999999999999999999,0000000,46.70495278,-120.4378139,1,1
53,57,9,11,18,9,3,5,0,0,13,3,0,12,2,1,1,1,2,50,1,1,2,1,0,0,1,1,0,0,18,8,18,11,99,99,0,0,0,0,1,6,0,530291,1410,2009,480,SR-9,99999999999999999999,0000000,48.40909167,-122.245475,3,1
53,37,9,12,15,54,2,4,0,0,2,3,0,12,5,2,1,1,2,60,2,2,2,1,20,3,1,1,0,0,15,48,16,0,99,99,0,0,0,0,1,7,0,530292,0,2009,69,SR-970,TEANAWAY ROAD,0000000,47.19599722,-120.7729306,2,1
53,57,9,13,18,0,1,3,1,0,4,4,0,8,0,1,1,2,2,50,1,1,2,1,0,0,1,1,0,0,99,99,99,99,99,99,0,0,0,0,1,1,0,530293,0,2009,42,COOK ROAD,99999999999999999999,0000000,48.50750556,-122.2871028,1,1
53,25,9,2,14,38,2,2,0,0,2,3,0,12,5,2,1,1,2,55,1,1,2,1,20,3,1,1,0,0,14,40,14,49,88,88,0,0,0,0,1,4,0,530294,0,2009,40,SR-283,ADAMS ROAD,0000000,47.14281111,-119.76885,2,1
53,33,7,8,16,19,1,1,0,1,1,1,0,43,0,1,5,3,3,70,2,2,1,1,0,0,1,1,0,0,16,21,16,29,88,88,0,0,0,0,1,4,0,530295,0,2009,247,I-90,99999999999999999999,0000000,47.50905556,-121.8835694,1,1
53,49,9,9,13,44,2,3,0,0,2,3,0,12,2,1,1,1,2,50,2,1,2,1,0,0,1,1,0,0,13,44,13,47,14,26,0,0,0,0,1,4,0,530296,0,2009,41,SR-103,99999999999999999999,0000000,46.39021944,-124.0537556,2,1
53,57,9,6,19,15,2,2,0,0,14,6,0,12,5,2,1,1,2,35,1,1,1,2,0,0,2,2,0,0,99,99,99,99,88,88,0,0,0,0,1,1,0,530297,230,2009,0,GOLDENROD,FISHER,0000000,48.46189444,-122.3421611,2,2
53,7,8,31,17,5,1,2,0,1,2,2,0,23,0,1,4,1,2,60,1,1,2,1,0,0,1,1,0,0,99,99,99,99,88,88,0,0,0,0,2,2,0,530298,0,2009,2349,US-97,99999999999999999999,0000000,47.81505,-119.9734222,1,1
53,75,9,19,11,20,2,3,0,0,2,3,0,12,2,1,1,1,2,55,2,1,2,1,0,0,1,1,0,0,11,24,11,50,99,99,0,0,0,0,2,7,0,530299,0,2009,196,SR-127,99999999999999999999,0000000,46.73727222,-117.7506056,2,1
53,61,7,30,12,59,2,4,0,0,15,6,0,12,1,2,1,1,2,30,1,1,2,1,0,0,1,1,0,0,13,0,13,4,13,28,0,0,0,0,1,5,0,530300,1215,2009,0,200 ST SW,50 AVE W,0000000,47.81744722,-122.3005333,2,1
53,47,9,6,16,5,1,2,0,0,2,3,0,35,0,1,4,1,2,60,2,2,2,2,0,0,1,2,0,0,16,7,16,11,99,99,0,0,0,0,1,1,1,530301,0,2009,780,SR-155,99999999999999999999,0000000,48.400375,-119.4835278,1,2
53,7,9,12,19,0,1,1,0,1,2,2,0,24,0,1,4,1,3,60,2,2,2,1,0,0,5,1,0,0,19,6,19,26,88,88,0,0,0,0,1,7,0,530302,0,2009,772,US-2,99999999999999999999,0000000,47.78155833,-120.8363694,1,1
53,25,9,20,20,20,1,1,0,1,1,1,0,1,0,1,1,3,2,70,1,1,2,1,0,0,2,1,0,0,20,21,20,38,88,88,0,0,0,0,1,1,1,530303,0,2009,1672,I-90,99999999999999999999,0000000,47.10395833,-119.4885278,1,1
53,21,9,19,15,1,2,5,0,0,13,6,0,12,5,2,1,1,2,65,1,1,2,1,20,3,1,1,0,0,99,99,99,99,15,8,0,0,0,0,1,7,0,530304,1660,2009,0,LEWIS ST,18TH AVE,0000000,46.22816944,-119.1133611,2,1
53,11,9,15,16,3,1,2,1,0,13,6,0,9,0,1,4,1,2,35,2,2,1,1,0,0,1,1,0,0,16,4,16,8,88,88,0,0,0,0,1,3,0,530305,2370,2009,0,NE SAINT JOHNS ROAD,99999999999999999999,0000000,45.65072222,-122.6372278,1,1
53,7,9,20,1,2,1,2,1,0,13,6,0,8,0,1,1,1,2,35,1,1,2,1,0,0,3,1,0,0,1,3,1,7,99,99,0,0,0,0,1,1,0,530306,2460,2009,0,N WENATCHEE AVE,99999999999999999999,0000000,47.44245,-120.3260306,1,1
53,53,9,27,2,33,1,1,0,0,13,6,0,30,0,2,5,1,2,30,2,4,2,1,0,0,3,1,0,0,2,34,2,40,88,88,0,0,0,0,1,1,1,530307,2230,2009,0,N 21ST ST,N STEELE ST,0000000,47.26748056,-122.4682056,1,1
53,67,9,25,1,10,1,2,0,0,16,6,0,1,0,1,2,1,2,25,2,1,2,1,0,0,3,1,0,0,1,15,1,19,88,88,0,0,0,0,1,6,1,530308,2600,2009,0,RHOTON ROAD,99999999999999999999,0000000,46.94649722,-122.6006833,1,1
53,11,9,18,4,52,1,2,1,0,2,3,0,8,0,1,1,1,4,55,1,1,2,1,0,0,3,1,0,0,4,55,4,57,99,99,0,0,0,0,1,6,0,530309,107,2009,81,SR-503,99999999999999999999,0000000,45.78072222,-122.5476083,1,1
53,67,9,26,18,11,1,1,0,0,2,3,0,35,0,1,5,1,2,35,2,1,2,1,0,0,1,1,0,0,18,14,18,22,99,99,0,0,0,0,1,7,1,530310,0,2009,130,SR-507,99999999999999999999,0000000,46.84300833,-122.8615444,1,1
53,25,9,25,19,14,2,3,0,0,2,3,0,12,5,2,1,1,2,50,1,1,2,1,20,3,5,1,0,0,19,12,19,15,88,88,0,0,0,0,1,6,0,530311,0,2009,65,SR-281,ROAD 6 NW,0000000,47.17595278,-119.8534806,2,1
53,37,10,5,7,0,1,2,0,1,1,1,0,1,0,1,4,3,2,70,1,2,1,1,0,0,1,1,0,0,7,8,7,20,8,6,0,0,0,0,1,2,0,530312,0,2009,959,I-90,99999999999999999999,0000000,47.09145556,-120.7477917,1,1
53,19,9,17,8,5,1,1,0,0,2,3,3,1,0,1,1,1,2,55,1,2,2,2,0,0,1,1,0,0,8,6,8,31,88,88,0,0,0,0,1,5,1,530313,0,2009,1170,SR-21,99999999999999999999,0000000,48.09530833,-118.6927278,1,1
53,41,9,25,14,30,1,1,0,0,4,4,0,42,0,1,5,1,2,50,2,2,2,1,0,0,1,1,0,0,14,30,14,39,88,88,0,0,0,0,1,6,0,530314,0,2009,27,WILDWOOD ROAD,99999999999999999999,0000000,46.41143889,-123.0793611,1,1
53,51,8,13,17,28,1,1,0,0,4,4,0,1,0,1,5,1,2,50,2,1,8,1,0,0,1,1,0,0,17,23,17,33,99,99,0,0,0,0,1,5,1,530315,0,2009,322,NORTH LECLERC ROAD,99999999999999999999,0000000,48.72601389,-117.4022833,1,1
53,57,8,22,4,14,1,5,0,0,2,3,0,1,0,1,2,1,2,55,1,1,2,1,0,0,2,1,0,0,4,13,4,19,99,99,0,0,0,0,1,7,0,530317,0,2009,573,SR-20,99999999999999999999,0000000,48.456325,-122.3850667,1,1
53,7,9,19,18,5,1,2,0,0,2,3,0,1,0,1,1,1,2,55,1,2,2,1,0,0,1,1,0,0,99,99,99,99,99,99,0,0,0,0,1,7,1,530318,0,2009,24,SR-507,99999999999999999999,0000000,47.78368611,-120.7106722,1,1
53,11,9,25,2,12,1,4,0,0,13,6,0,25,0,1,4,1,4,30,2,1,2,1,0,0,3,1,0,0,2,14,2,20,99,99,0,0,0,0,1,6,1,530319,2370,2009,0,E 4TH PLAIN BLVD,99999999999999999999,0000000,45.63986944,-122.6579222,1,1
53,41,9,29,14,0,1,1,0,1,2,2,0,1,0,1,5,1,2,55,1,2,2,2,0,0,1,1,0,0,99,99,99,99,88,88,0,0,0,0,1,3,0,530320,0,2009,1331,US-12,99999999999999999999,0000000,46.63299444,-121.6433722,1,1
53,53,10,2,15,40,1,1,0,0,4,4,0,30,0,1,4,1,2,35,1,1,2,1,0,0,1,1,0,0,15,43,15,49,88,88,0,0,0,0,1,6,1,530321,0,2009,66,SUMNER BUCKLEY HWY E,99999999999999999999,0000000,47.17541667,-122.0634806,1,1
53,63,10,7,17,58,1,1,0,0,4,4,0,35,0,2,5,1,2,45,1,2,2,1,20,3,1,1,0,0,17,59,18,12,88,88,0,0,0,0,1,4,1,530323,0,2009,47,E WILLIAMS LIKE ROAD,S ROCK LAKE ROAD,0000000,47.32825833,-117.6037833,1,1
53,21,10,5,17,40,2,5,0,1,11,1,0,12,1,1,1,2,3,70,1,1,2,1,0,0,1,1,0,0,99,99,99,99,99,99,0,0,0,0,2,2,0,530325,1660,2009,67,I-182,99999999999999999999,0000000,46.27303889,-119.2282778,2,1
53,53,10,4,10,37,3,3,0,0,14,4,0,12,5,2,1,3,2,35,1,1,2,1,1,3,1,1,0,0,10,37,10,39,11,26,0,14,0,0,1,1,0,530326,0,2009,108,176TH ST EAST,CANYON ROAD EAST,0000000,47.09645,-122.3565389,3,1
53,53,10,11,0,30,1,1,0,0,14,4,0,35,0,1,5,1,2,35,2,1,2,1,0,0,2,1,0,0,0,48,0,57,88,88,0,0,0,0,1,1,1,530327,2210,2009,55,VALLEY ROAD EAST,99999999999999999999,0000000,47.20437222,-122.2622861,1,1
53,31,10,6,22,10,1,1,0,1,2,2,0,31,0,1,5,1,2,50,2,1,2,1,0,0,2,1,0,0,22,17,22,23,88,88,0,0,0,0,1,3,1,530328,0,2009,3083,US-101,99999999999999999999,0000000,47.66277778,-122.9201556,1,1
53,33,9,19,2,45,2,1,0,0,16,6,0,14,5,4,5,1,2,25,1,2,2,1,0,0,3,1,0,0,2,47,2,52,88,88,0,0,0,0,1,7,1,530329,1958,2009,0,S 164TH ST,99999999999999999999,0000000,47.45626944,-122.2742694,1,1
53,27,10,3,19,55,1,1,0,0,2,3,0,24,0,1,4,1,2,30,1,1,2,1,0,0,2,1,0,0,19,58,20,8,88,88,0,0,0,0,1,7,1,530330,0,2009,214,SR-109,99999999999999999999,0000000,47.11724722,-124.1699472,1,1
53,61,10,4,0,26,1,3,0,0,19,6,0,1,0,1,5,1,2,25,1,1,2,1,0,0,3,1,0,0,0,26,0,32,1,10,0,0,0,0,1,1,1,530331,2140,2009,0,271ST ST,99999999999999999999,0000000,48.243425,-122.3478278,1,1
53,39,8,11,18,55,1,1,0,0,5,4,0,1,0,1,1,1,2,50,1,1,2,1,0,0,1,1,0,0,19,27,20,18,88,88,0,0,0,0,1,3,0,530332,0,2009,21,HALE ROAD,99999999999999999999,0000000,45.90368611,-120.1216806,1,1
53,63,9,23,20,33,1,2,1,0,14,6,0,8,0,3,1,1,2,25,1,2,2,1,0,0,3,1,0,0,20,34,20,38,20,55,0,0,0,0,1,4,0,530333,2110,2009,0,PERRY,17TH,0000000,47.63975833,-117.3900528,1,1
53,17,9,12,2,14,2,3,0,0,19,6,0,12,5,2,1,1,2,30,1,3,1,1,20,3,3,1,0,0,2,17,2,23,99,99,0,0,0,0,1,7,1,530334,570,2009,0,N KENTUCKY AVE,8TH ST AVE,0000000,47.41674167,-120.2604889,2,1
53,33,9,22,5,11,2,3,0,1,11,1,0,12,3,10,1,3,4,60,1,1,1,1,0,0,1,1,0,0,5,14,5,21,99,99,0,0,0,0,1,3,0,530335,735,2009,1420,I-5,SR-18,0000000,47.28998611,-122.3068222,2,1
53,33,9,23,3,13,1,3,0,0,15,6,0,42,0,1,5,1,2,30,1,1,2,1,0,0,3,1,0,0,3,17,3,24,88,88,0,0,0,0,3,4,1,530336,1958,2009,0,8TH AVE S,99999999999999999999,0000000,47.42985,-122.3249222,1,1
53,25,10,2,20,25,2,3,0,0,2,3,0,12,1,8,1,1,2,60,1,1,2,1,0,0,2,1,0,0,99,99,99,99,99,99,0,0,0,0,1,6,1,530337,0,2009,501,SR-28,99999999999999999999,0000000,47.33128889,-119.5437389,2,1
53,19,10,2,21,20,2,3,0,0,2,3,0,12,2,1,1,1,2,55,1,1,2,1,0,0,2,1,0,0,21,27,21,46,22,36,0,0,0,0,1,6,1,530338,0,2009,1795,SR-21,99999999999999999999,0000000,48.86105833,-118.6048583,2,1
53,25,10,5,18,22,1,4,0,0,4,4,0,1,0,1,5,1,2,55,1,1,2,1,0,0,1,1,0,0,18,24,18,36,19,29,0,0,0,0,1,2,0,530339,0,2009,60,DODSON ROAD SW,99999999999999999999,0000000,46.96449722,-119.5576,1,1
53,33,10,9,8,22,1,2,1,1,11,1,0,8,0,13,1,6,2,60,1,2,1,1,0,0,1,1,0,0,8,29,8,34,99,99,0,0,0,0,1,6,1,530340,1960,2009,1653,I-5,99999999999999999999,0000000,47.61182778,-122.3309389,1,1
53,73,10,15,19,40,1,3,1,0,3,3,0,8,0,1,1,5,4,50,1,1,2,1,0,0,2,1,0,0,19,44,19,49,99,99,0,0,0,0,1,5,0,530341,0,2009,25,SR-539,99999999999999999999,0000000,48.81736111,-122.4859917,1,1
53,67,10,18,19,13,1,1,0,0,14,6,0,35,0,1,5,1,2,45,2,1,2,1,0,0,2,1,0,0,99,99,99,99,99,99,0,0,0,0,1,1,1,530342,2320,2009,0,BLACK LAKE BLVD SW,99999999999999999999,0000000,47.01086944,-122.9661083,1,1
53,53,10,20,12,42,2,1,0,0,16,6,0,42,0,1,5,1,2,20,2,1,2,1,0,0,1,1,0,0,99,99,99,99,99,99,0,0,0,0,1,3,1,530343,2210,2009,0,MAIN ST,99999999999999999999,0000000,47.19185556,-122.2713528,1,1
53,1,10,3,23,59,2,2,0,1,11,1,0,12,1,1,1,3,2,60,1,1,1,5,0,0,2,7,0,0,0,5,0,15,1,0,0,0,0,0,1,7,1,530344,0,2009,1958,I-90,99999999999999999999,0000000,47.08730556,-118.8729722,1,7
53,41,10,13,7,54,1,2,0,0,5,4,0,16,0,1,1,1,2,35,2,2,2,1,0,0,1,1,0,0,7,51,8,14,8,43,0,0,0,0,1,3,0,530345,0,2009,25,CISPUS ROAD,99999999999999999999,0000000,46.49840833,-121.9218278,1,1
53,21,9,29,19,0,2,2,0,0,6,4,0,12,5,2,1,1,2,50,1,1,2,1,20,3,2,1,0,0,19,0,19,14,20,0,0,0,0,0,1,3,2,530346,0,2009,30,IRONWOOD ROAD,GARFIELD,0000000,46.51796111,-119.1110444,2,1
53,77,10,9,17,0,1,1,0,0,2,3,0,1,0,1,5,1,2,60,1,1,2,1,0,0,1,1,0,0,99,99,99,99,88,88,0,0,0,0,1,6,1,530347,0,2009,260,SR-22,99999999999999999999,0000000,46.19810278,-119.9452111,1,1
53,67,10,17,13,54,2,3,0,0,2,3,0,12,5,2,1,1,2,50,1,1,1,2,20,3,1,2,0,0,13,55,14,5,88,88,0,0,0,0,1,7,0,530348,0,2009,90,SR-510,RESERVATION ROAD,0000000,47.01085278,-122.6908833,2,2
53,9,10,18,13,12,2,4,0,0,2,3,0,12,5,1,1,1,2,55,2,2,2,1,0,0,1,1,0,0,13,13,13,21,14,4,0,0,0,0,2,1,0,530349,0,2009,605,SR-112,99999999999999999999,0000000,48.09936667,-123.5522306,2,1
53,33,8,2,19,17,1,1,0,0,14,6,0,40,0,2,4,1,2,30,2,1,2,1,0,0,1,1,0,0,19,18,19,24,88,88,0,0,0,0,1,1,1,530350,109,2009,0,W LAKE SAMMAMISH PKW,SE 38 ST,0000000,47.57648611,-122.1127917,1,1
53,75,7,29,17,40,1,1,0,1,2,2,0,34,0,1,4,1,2,60,1,2,2,1,0,0,1,1,0,0,17,39,17,52,18,47,0,0,0,0,1,4,0,530351,0,2009,620,US-195,99999999999999999999,0000000,47.20231111,-117.3662361,1,1
53,61,9,13,2,0,1,1,0,0,15,6,0,34,0,2,4,1,2,25,1,2,2,1,20,3,3,1,0,0,1,58,2,5,88,88,0,0,0,0,1,1,1,530352,1430,2009,0,88TH ST SW,53RD AVE N,0000000,47.91848611,-122.3056083,1,1
53,15,9,22,11,50,2,4,0,0,4,4,0,12,2,1,1,1,2,35,1,3,2,1,0,0,1,1,0,0,11,50,12,0,13,8,0,0,0,0,1,3,0,530353,0,2009,33,DELAMETER RD,99999999999999999999,0000000,46.25733056,-122.98065,2,1
53,61,9,28,7,26,2,2,0,0,2,3,0,12,1,1,1,1,2,45,1,2,2,1,0,0,1,1,0,0,7,26,7,36,88,88,0,0,0,0,1,2,0,530354,1280,2009,31,SR-528,99999999999999999999,0000000,48.05337222,-122.1203111,2,1
53,73,10,2,8,23,1,1,0,0,6,4,0,43,0,1,5,1,2,35,2,2,2,2,0,0,4,1,0,0,8,23,8,35,88,88,0,0,0,0,1,6,1,530355,0,2009,33,LAKE TERRELL ROAD,99999999999999999999,0000000,48.85361944,-122.6826306,1,1
53,33,10,10,16,47,1,3,1,0,13,3,0,8,0,1,1,1,3,60,2,2,1,1,0,0,1,1,0,0,16,48,16,54,99,99,0,0,0,0,1,7,0,530356,229,2009,231,SR-99,99999999999999999999,0000000,47.497575,-122.2953639,1,1
53,77,10,19,14,45,1,1,0,0,99,4,3,1,0,1,4,1,2,50,1,2,4,1,0,0,1,1,0,0,15,8,15,15,88,88,0,0,0,0,1,2,0,530357,0,2009,99999,SHAKER ROAD,99999999999999999999,0000000,46.38570556,-120.6697417,1,1
53,61,10,24,4,0,1,1,0,1,11,1,0,33,0,13,4,6,1,99,2,2,1,2,0,0,3,1,0,0,4,1,4,4,88,88,0,0,0,0,1,7,1,530358,690,2009,1917,I-5,41ST ST,0000000,47.96435278,-122.1998972,1,1
53,77,10,25,15,46,1,5,0,1,1,1,0,42,0,1,5,2,2,70,2,1,1,1,0,0,1,1,0,0,15,42,15,46,99,99,0,0,0,0,2,1,0,530359,0,2009,454,I-82,99999999999999999999,0000000,46.462575,-120.3779278,1,1
53,63,10,23,11,44,1,2,1,0,13,6,0,8,0,1,4,1,2,30,1,1,1,2,0,0,1,2,0,0,11,47,11,50,12,21,0,0,0,0,1,6,0,530360,2110,2009,0,ASSEMBLY,99999999999999999999,0000000,47.71429444,-117.47555,1,2
53,33,10,25,22,1,3,7,0,0,14,6,0,12,1,2,1,2,2,30,1,1,2,2,3,3,3,2,0,0,22,2,22,6,88,88,0,0,0,0,1,1,1,530361,1960,2009,0,BEACON AVE S,S MYRTLE ST,0000000,47.538775,-122.2960917,3,2
53,77,10,27,0,0,2,2,0,0,6,4,0,12,5,2,1,1,2,50,1,1,2,1,20,3,2,1,0,0,0,5,0,17,99,99,0,0,0,0,1,3,1,530362,0,2009,50,PROGRESSIVE ROAD,BROWNSTOWN ROAD,0000000,46.41883056,-120.6071278,2,1
53,41,10,15,22,39,1,1,0,1,2,2,0,1,0,1,1,1,2,50,2,2,2,1,0,0,2,1,0,0,23,5,23,30,88,88,0,0,0,0,1,5,1,530363,0,2009,1488,US-12,99999999999999999999,0000000,46.62530833,-121.4353083,1,1
53,63,10,28,17,15,2,4,0,0,13,4,0,12,2,1,1,1,2,45,2,1,2,1,0,0,1,1,0,0,17,17,17,21,88,88,0,0,0,0,1,4,1,530364,0,2009,25,MARKET ROAD,99999999999999999999,0000000,47.75495556,-117.3577806,2,1
53,35,11,1,1,29,2,5,0,0,14,4,0,12,7,1,1,2,2,45,1,1,2,1,0,0,2,1,0,0,1,29,1,34,2,22,0,0,0,0,1,1,1,530365,0,2009,54,BETHEL BURLEY RD SE,99999999999999999999,0000000,47.48046667,-122.6316917,2,1
53,5,11,3,6,31,1,1,0,1,1,1,0,1,0,1,3,3,2,70,2,1,1,1,0,0,1,1,0,0,6,29,6,31,88,88,0,0,0,0,1,3,0,530366,0,2009,925,I-82,99999999999999999999,0000000,46.26726944,-119.5517639,1,1
53,63,11,3,22,43,1,1,0,0,4,4,0,32,0,1,4,1,2,45,2,1,2,1,0,0,2,1,0,0,22,48,23,6,88,88,0,0,0,0,1,3,0,530367,0,2009,59,S WHEELER RD,99999999999999999999,0000000,47.33279444,-117.0728389,1,1
53,53,11,3,18,11,1,2,1,0,14,6,0,8,0,1,1,5,4,30,1,1,2,1,0,0,3,1,0,0,18,11,18,15,18,22,0,0,0,0,1,3,0,530368,2230,2009,0,S SPRAGUE AVE,99999999999999999999,0000000,47.254125,-122.4629694,1,1
53,59,11,3,16,20,2,2,0,0,2,3,0,12,2,1,1,1,2,50,2,1,2,1,0,0,1,1,0,0,16,29,16,46,88,88,0,0,0,0,1,3,0,530369,0,2009,260,SR-14,99999999999999999999,0000000,45.58748056,-122.1874306,2,1
53,35,11,8,0,51,1,3,0,0,15,4,0,35,0,2,5,1,2,25,2,2,2,2,0,0,6,2,0,0,0,55,1,1,1,54,0,0,0,0,2,1,1,530370,0,2009,78,S NATIONAL AVE,MCCALL BLVD W,0000000,47.55018889,-122.6678778,1,2
53,61,11,5,17,54,1,2,1,0,2,3,0,8,0,3,1,1,4,45,1,1,2,2,2,3,3,2,0,0,17,55,18,5,99,99,0,0,0,0,1,5,0,530371,0,2009,523,SR-99,AIRPORT ROAD,0000000,47.88921111,-122.2583278,1,2