STATE,COUNTY,MONTH,DAY,HOUR,MINUTE,VE_TOTAL,PERSONS,PEDS,NHS,ROAD_FNC,ROUTE,SP_JUR,HARM_EV,MAN_COLL,REL_JUNC,REL_ROAD,TRAF_FLO,NO_LANES,SP_LIMIT,ALIGNMNT,PROFILE,PAVE_TYP,SUR_COND,TRA_CONT,T_CONT_F,LGT_COND,WEATHER1,WEATHER2,WRK_ZONE,NOT_HOUR,NOT_MIN,ARR_HOUR,ARR_MIN,HOSP_HR,HOSP_MN,SCH_BUS,CF1,CF2,CF3,FATALS,DAY_WEEK,DRUNK_DR,ST_CASE,CITY,YEAR,MILEPT,TWAY_ID,TWAY_ID2,RAIL,LATITUDE,LONGITUD,VE_FORMS,WEATHER
53,61,10,31,0,32,1,1,0,0,4,4,0,17,0,1,5,1,2,45,2,1,2,2,0,0,2,2,0,0,0,32,0,42,88,88,0,0,0,0,1,7,1,530373,0,2009,501,MOUNTAIN LOOP HWY,99999999999999999999,0000000,,,1,2
53,63,11,9,5,38,2,2,0,1,2,2,0,12,2,1,1,1,3,60,1,1,2,4,0,0,2,1,0,0,5,40,5,51,99,99,0,0,0,0,1,2,0,530374,0,2009,1836,US-395,99999999999999999999,0000000,47.98555556,-117.5344417,2,1
53,5,11,7,3,0,2,3,0,1,1,1,0,12,2,1,1,3,2,70,2,2,1,1,0,0,2,1,0,0,3,3,3,16,4,7,0,0,0,0,1,7,1,530376,0,2009,754,I-82,99999999999999999999,0000000,46.25320556,-119.8734778,2,1
53,33,9,6,2,30,3,4,1,1,1,1,0,8,0,1,2,3,5,60,1,1,1,2,0,0,2,2,0,0,2,32,2,39,3,19,0,0,0,0,1,1,1,530377,0,2009,1580,I-5,99999999999999999999,0000000,47.51145556,-122.2845611,2,2
53,5,11,8,11,0,2,6,0,1,11,1,0,12,7,1,1,3,2,70,1,1,1,1,0,0,1,1,0,0,11,1,11,7,11,30,0,0,0,0,1,1,0,530378,1850,2009,37,I-182,99999999999999999999,0000000,46.25789444,-119.2919972,2,1
53,33,11,13,17,9,3,3,0,1,11,1,0,12,1,5,1,6,2,60,1,1,2,1,0,0,3,1,0,0,17,11,17,17,99,99,0,0,0,0,1,6,0,530379,1830,2009,20,I-405,99999999999999999999,0000000,47.46728611,-122.2261444,3,1
53,77,11,14,10,10,2,4,0,0,4,4,3,12,5,2,1,1,2,50,1,1,2,1,20,3,1,1,0,0,10,8,10,17,99,99,0,0,0,0,1,7,1,530380,0,2009,20,HARRAH ROAD,EVANS ROAD,0000000,46.43331667,-120.5440083,2,1
53,77,9,18,18,0,1,3,0,0,9,8,0,1,0,1,5,1,2,99,2,2,4,1,0,0,1,1,0,0,8,14,8,24,88,88,0,0,0,0,1,6,0,530382,0,2009,0,NF-250,99999999999999999999,0000000,46.88565556,-121.0450889,1,1
53,33,10,10,17,5,1,2,0,0,15,4,0,38,0,1,5,1,2,35,2,1,2,1,0,0,1,1,0,0,17,11,17,17,88,88,0,0,0,0,1,7,1,530383,0,2009,3,THOMAS ROAD SE,99999999999999999999,0000000,47.33969444,-122.1014083,1,1
53,51,11,11,5,48,1,1,0,0,2,3,0,11,0,1,1,1,2,55,2,2,2,2,0,0,2,1,0,0,5,49,5,56,88,88,0,0,0,0,1,4,0,530384,0,2009,4262,SR-20,99999999999999999999,0000000,48.249025,-117.2406,1,1
53,33,11,11,0,2,1,5,1,0,13,6,0,8,0,3,1,2,2,99,2,2,1,1,3,3,3,1,0,0,0,3,0,8,0,30,0,0,0,0,1,4,0,530385,1960,2009,0,NE 50TH ST,15 TH AVE NE,0000000,47.66470833,-122.3119722,1,1
53,11,11,20,19,57,1,2,0,0,6,4,0,47,0,1,1,1,2,50,1,2,2,2,0,0,2,2,0,0,20,6,20,17,88,88,0,0,0,0,1,6,1,530386,0,2009,10,NE COLUMBIA TIE ROAD,99999999999999999999,0000000,45.93184167,-122.4368556,1,2
53,53,9,21,22,1,1,1,0,0,14,4,0,42,0,1,5,1,2,40,2,9,2,1,0,0,2,1,0,0,22,27,22,35,23,12,0,20,0,0,1,2,0,530387,0,2009,4,218TH AVE EAST,99999999999999999999,0000000,47.21587222,-122.1379167,1,1
53,25,8,29,20,25,1,5,0,0,4,4,0,1,0,1,5,1,2,50,2,2,8,1,0,0,2,1,0,0,99,99,99,99,99,99,0,0,0,0,1,7,1,530388,0,2009,1,ROAD R SE,99999999999999999999,0000000,47.08629722,-119.1137917,1,1
53,61,10,6,10,31,2,3,0,0,2,3,0,12,7,2,1,1,2,55,2,1,2,1,0,0,1,1,0,0,10,29,10,36,11,17,0,0,0,0,1,3,0,530389,0,2009,200,SR-203,HIGH ROCK ROAD,0000000,47.81185833,-121.982575,2,1
53,33,11,2,7,45,1,1,0,0,13,6,0,30,0,1,5,1,4,35,1,1,2,1,0,0,1,1,0,0,7,50,7,54,8,35,0,0,0,0,1,2,0,530390,1960,2009,0,AIRPORT WAY SOUTH,99999999999999999999,0000000,47.54576944,-122.3125083,1,1
53,77,11,13,13,45,2,3,0,0,4,4,0,12,5,2,1,1,2,50,1,1,2,1,20,3,1,1,0,0,13,45,13,51,99,99,0,0,0,0,1,6,0,530391,0,2009,78,LATERAL A ROAD,BRANCH ROAD,0000000,46.40441111,-120.4799806,2,1
53,47,11,21,15,56,1,1,0,0,4,4,0,1,0,1,2,1,2,55,1,1,2,1,0,0,1,1,0,0,15,48,16,0,88,88,0,0,0,0,1,7,1,530392,0,2009,170,OLD 97,99999999999999999999,0000000,48.30093889,-119.6665194,1,1
53,53,11,25,21,16,3,9,0,0,14,4,0,12,5,2,1,1,2,25,1,1,2,1,4,3,2,1,0,0,21,20,21,22,99,99,0,0,0,0,1,4,0,530393,2230,2009,10,PORTLAND AVE EAST,97TH ST EAST,0000000,47.16876944,-122.4053556,3,1
53,61,11,29,18,10,2,6,0,0,2,3,0,12,5,2,1,2,2,35,1,2,2,2,20,3,3,1,0,0,18,10,18,16,19,6,0,0,0,0,4,1,1,530394,0,2009,219,SR-9,108TH ST NE,0000000,48.09168889,-122.1118028,2,1
53,7,11,15,16,35,1,2,1,1,2,2,0,9,0,1,1,1,2,50,2,1,2,2,0,0,5,2,0,0,16,36,16,40,17,24,0,0,0,0,1,1,0,530395,0,2009,1845,US-97,99999999999999999999,0000000,47.55482222,-120.6004,1,2
53,35,11,13,23,40,2,7,0,0,2,3,0,12,5,1,1,1,2,55,1,1,2,1,0,0,3,1,0,0,23,37,23,45,0,19,0,0,0,0,1,6,1,530396,0,2009,561,SR-3,99999999999999999999,0000000,47.80182778,-122.6494778,2,1
53,33,8,27,23,51,1,1,0,0,13,6,0,30,0,1,3,2,2,30,1,1,2,1,0,0,3,1,0,0,23,54,23,56,0,28,0,0,0,0,1,5,1,530397,1050,2009,0,98 AVE NE,99999999999999999999,0000000,47.705675,-122.2104778,1,1
53,61,8,6,17,16,2,3,0,0,2,3,0,12,5,2,1,2,2,40,1,1,2,1,3,3,1,1,0,0,17,16,17,20,88,88,0,0,0,0,1,5,1,530398,590,2009,247,SR-104,DAYTON ST,0000000,47.80966944,-122.3832583,2,1
53,61,11,14,2,7,1,4,0,0,15,4,0,42,0,1,5,1,2,35,2,2,2,2,0,0,3,1,0,0,99,99,99,99,3,0,0,0,0,0,2,7,1,530399,0,2009,10,NORTH ROAD,99999999999999999999,0000000,47.83780278,-122.2365583,1,1
53,77,11,7,1,30,2,2,0,0,99,4,0,12,2,1,1,1,2,55,1,2,2,1,0,0,2,1,0,0,1,36,1,46,99,99,0,0,0,0,1,7,0,530400,0,2009,99999,VAN BELLE,99999999999999999999,0000000,46.34511944,-120.1797861,2,1
53,51,11,22,4,0,1,1,0,0,4,4,0,1,0,1,1,1,2,50,1,1,2,2,0,0,2,1,0,0,4,20,4,29,88,88,0,0,0,0,1,1,1,530401,0,2009,295,LE CLERC RD NORTH,99999999999999999999,0000000,48.6881,-117.3850111,1,1
53,77,11,29,2,22,1,2,0,0,4,4,0,1,0,1,5,1,2,50,2,2,2,1,0,0,2,1,0,0,2,23,3,10,3,39,0,0,0,0,1,1,1,530402,0,2009,37,THORP ROAD,99999999999999999999,0000000,46.51250278,-120.4511944,1,1
53,21,11,26,6,4,2,3,0,1,11,1,0,12,1,1,1,3,3,70,1,1,1,1,0,0,2,5,0,0,6,7,6,13,88,88,0,0,0,0,1,5,0,530403,1660,2009,105,I-182,99999999999999999999,0000000,46.25437778,-119.1458056,2,5
53,63,12,4,20,15,1,1,0,0,4,4,0,42,0,1,5,1,2,45,1,2,2,4,0,0,2,4,0,0,20,20,20,40,88,88,0,0,0,0,1,6,0,530404,0,2009,32,W MONROE ROAD,99999999999999999999,0000000,47.84842222,-117.4777556,1,4
53,47,12,6,3,25,1,1,0,0,6,4,0,42,0,1,5,1,2,35,2,1,5,4,0,0,2,1,0,0,4,9,4,25,88,88,0,0,0,0,1,1,0,530405,0,2009,31,RENDEZVOUS ROAD,99999999999999999999,0000000,48.53507778,-120.2223583,1,1
53,25,11,16,19,8,1,1,0,1,2,2,0,1,0,1,5,1,2,60,2,1,2,1,0,0,2,1,0,0,19,12,19,15,88,88,0,0,0,0,1,2,1,530406,0,2009,1925,US-2,99999999999999999999,0000000,47.62693333,-119.2679639,1,1
53,63,11,20,22,30,1,3,1,0,13,6,0,8,0,3,1,1,2,25,2,4,2,2,1,3,3,2,0,0,22,33,22,35,22,45,0,0,0,0,1,6,1,530407,2110,2009,0,BROWNE ST,SPOKANE FALLS BLVD,0000000,47.65978056,-117.4133361,1,2
53,39,10,5,20,30,1,3,0,0,4,4,0,11,0,1,1,1,2,50,1,1,2,1,0,0,2,1,0,0,20,36,20,45,88,88,0,0,0,0,1,2,0,530408,0,2009,41,SUNNYSIDE ROAD,99999999999999999999,0000000,45.97925,-121.4687917,1,1
53,73,12,5,2,48,1,2,1,0,2,3,0,8,0,1,1,1,2,99,1,2,2,1,0,0,2,1,0,0,2,52,2,56,88,88,0,0,0,0,1,7,0,530409,0,2009,88,SR-548,99999999999999999999,0000000,48.93317778,-122.7262861,1,1
53,11,9,30,18,8,2,2,0,0,4,4,0,12,2,1,1,1,2,50,2,1,2,2,0,0,5,1,0,0,18,8,18,23,19,42,0,0,0,0,1,4,2,530410,0,2009,58,NE CEDAR CREEK ROAD,99999999999999999999,0000000,45.92509444,-122.6414528,2,1
53,61,11,17,9,34,3,3,0,0,15,4,0,12,1,2,1,2,3,30,1,1,2,2,1,3,1,1,0,0,9,35,9,38,10,24,0,0,0,0,1,3,0,530411,590,2009,0,220 ST SW,76 AVE W,0000000,47.79957778,-122.33565,3,1
53,63,11,20,22,31,1,2,1,0,13,6,0,8,0,1,1,3,3,30,1,1,2,2,0,0,3,1,0,0,22,32,22,36,22,51,0,0,0,0,1,6,0,530412,2110,2009,0,DIVISION ST,99999999999999999999,0000000,47.69528056,-117.4111444,1,1
53,33,10,2,19,29,1,2,1,0,15,6,0,8,0,3,1,2,2,30,1,1,2,2,0,0,3,2,0,0,19,30,19,32,20,5,0,0,0,0,1,6,0,530413,1960,2009,0,14 AVE SOUTH,S WASHINGTON ST,0000000,47.60081667,-122.3141306,1,2
53,33,11,18,5,53,3,6,0,1,11,1,0,12,3,1,1,3,5,60,1,2,1,2,0,0,3,1,0,0,5,54,6,3,88,88,0,0,0,0,1,4,0,530414,2310,2009,1550,I-5,99999999999999999999,0000000,47.470175,-122.2686056,3,1
53,71,12,18,3,59,2,2,0,1,12,2,0,12,2,1,1,3,2,60,2,1,2,2,0,0,2,5,0,0,4,0,4,7,88,88,0,0,0,0,1,6,1,530415,2390,2009,3400,US-12,99999999999999999999,0000000,46.084425,-118.2771167,2,5
53,61,10,9,20,15,1,2,1,0,4,4,0,8,0,1,1,1,2,35,9,9,1,1,0,0,2,9,0,0,20,15,20,18,88,88,0,0,0,0,1,6,0,530416,0,2009,91,311 AVE SE,99999999999999999999,0000000,47.87821667,-121.8153111,1,9
53,35,12,2,19,35,1,2,1,0,2,3,0,8,0,1,1,1,2,55,1,1,2,1,0,0,3,1,0,0,19,30,19,35,88,88,0,0,0,0,1,4,0,530417,0,2009,101,SR-305,99999999999999999999,0000000,47.71942778,-122.6218194,1,1
53,9,12,12,22,4,2,5,0,1,2,2,0,12,5,1,1,1,4,45,2,2,1,2,0,0,2,1,0,0,22,5,22,11,22,48,0,0,0,0,2,7,0,530418,0,2009,2524,US-101,99999999999999999999,0000000,48.10276111,-123.3542333,2,1
53,33,12,1,18,27,1,2,1,0,14,6,0,8,0,2,1,1,2,30,1,1,2,1,2,3,3,1,0,0,18,29,18,32,88,88,0,0,0,0,1,3,0,530419,1960,2009,0,RAINER AVE S,S ANDOVER ST,0000000,47.56778056,-122.2892694,1,1
53,61,12,19,2,5,1,2,1,0,13,6,0,8,0,2,1,5,2,35,1,1,2,2,0,0,3,2,0,0,2,5,2,11,88,88,0,0,0,0,1,7,1,530420,1280,2009,0,STATE AVE,104 PL NE,0000000,48.08934722,-122.1736778,1,2
53,33,12,4,22,47,2,5,0,0,15,6,0,12,2,2,1,1,2,30,1,2,1,4,0,0,3,1,0,0,22,48,22,52,23,29,0,0,0,0,1,6,0,530421,1960,2009,0,S ORCAS ST,30 AVE S,0000000,47.55081389,-122.2941528,2,1
53,33,12,6,2,24,1,2,1,0,15,6,0,8,0,3,1,1,2,25,1,2,1,1,20,3,3,1,0,0,2,24,2,31,2,50,0,0,0,0,1,1,1,530422,1960,2009,0,BELL ST,WESTERN AVE,0000000,47.61271111,-122.3473778,1,1
53,53,12,6,3,15,1,1,0,0,2,3,0,24,0,1,4,1,2,50,1,1,2,4,0,0,2,1,0,0,3,19,3,24,99,99,0,0,0,0,1,1,1,530423,0,2009,68,SR-162,99999999999999999999,0000000,47.12955556,-122.2358389,1,1
53,41,12,8,15,17,2,3,0,1,2,2,0,12,5,2,1,1,2,55,1,1,2,1,5,3,1,1,0,0,15,22,15,39,99,99,0,0,0,0,1,3,0,530424,1400,2009,866,US-12,WILLIAMS ST,0000000,46.53414167,-122.48535,2,1
53,77,12,8,18,35,1,3,2,0,13,6,0,8,0,3,1,5,4,30,1,1,2,1,0,0,3,1,0,0,18,38,18,43,19,15,0,0,0,0,1,3,0,530425,2590,2009,0,WEST NOB HILL BLVD,SOUTH 11TH AVE,0000000,46.58505833,-120.5212639,1,1
53,63,12,12,10,54,1,2,0,0,13,6,0,38,0,1,5,1,2,30,1,1,2,1,0,0,1,1,0,0,10,56,10,56,11,22,0,0,0,0,1,7,0,530426,2110,2009,0,2ND AVE,99999999999999999999,0000000,47.65421111,-117.3748278,1,1
53,63,12,21,12,14,2,2,0,1,2,2,0,12,5,2,1,1,2,25,1,2,1,2,20,3,1,2,0,0,12,16,12,25,88,88,0,0,0,0,1,2,0,530427,0,2009,903,US-195,MULLEN HILL ROAD,0000000,47.57429722,-117.4014889,2,2
53,15,12,24,17,16,1,2,1,0,3,3,0,8,0,3,1,5,4,40,1,1,2,1,0,0,2,5,0,0,17,14,17,23,17,39,0,0,0,0,1,5,0,530428,0,2009,565,SR-4,48TH AVE,0000000,46.16609444,-123.0048778,1,5
53,73,11,6,15,48,1,2,0,0,6,4,0,17,0,1,5,1,2,35,1,1,2,1,0,0,1,1,0,0,15,49,15,59,99,99,0,0,0,0,1,6,0,530429,0,2009,26,DEMING ROAD,99999999999999999999,0000000,48.826375,-122.2290361,1,1
53,41,11,18,17,35,1,3,1,0,14,4,0,8,0,1,1,1,2,40,1,1,2,2,0,0,2,2,0,0,99,99,99,99,99,99,0,0,0,0,1,4,0,530430,0,2009,10,HARRISON AVE,99999999999999999999,0000000,46.74261111,-122.9960417,1,2
53,63,12,17,2,15,2,3,0,1,2,2,0,12,2,13,1,6,2,60,1,2,2,2,0,0,3,1,0,0,99,99,99,99,88,88,0,0,0,0,3,5,1,530431,0,2009,2832,US-2,99999999999999999999,0000000,47.63659722,-117.4736833,2,1
53,53,12,27,17,10,1,2,1,0,16,4,0,8,0,1,1,1,2,35,1,1,2,1,0,0,1,1,0,0,17,11,17,16,99,99,0,0,0,0,1,1,1,530432,9999,2009,3,204TH ST E,99999999999999999999,0000000,47.07122778,-122.299375,1,1
53,63,12,18,18,17,1,2,1,0,13,3,0,11,0,1,1,5,4,35,1,1,2,2,0,0,3,1,0,0,18,18,18,22,18,54,0,0,0,0,1,6,0,530433,2110,2009,14,SR-291,99999999999999999999,0000000,47.71545,-117.4418889,1,1
53,53,12,26,2,39,1,1,0,1,11,1,0,38,0,1,4,3,4,60,1,1,1,1,0,0,3,1,0,0,2,43,2,49,88,88,0,0,0,0,1,7,1,530434,9999,2009,1230,I-5,99999999999999999999,0000000,47.13592222,-122.5275361,1,1
53,61,12,27,13,56,1,5,0,0,5,4,0,1,0,1,5,1,2,35,1,2,2,1,0,0,1,1,0,0,13,57,14,4,15,4,0,0,0,0,1,1,0,530435,0,2009,19,15 AVE NE,99999999999999999999,0000000,48.25166944,-122.2104333,1,1
53,53,12,26,19,22,2,3,0,0,14,4,0,12,5,1,1,2,2,35,1,3,2,2,0,0,2,1,0,0,18,51,18,58,19,32,0,0,0,0,1,7,1,530436,0,2009,21,200TH ST EAST,99999999999999999999,0000000,47.07450556,-122.3658083,2,1
53,21,12,12,23,37,1,1,0,0,2,3,0,35,0,1,5,1,2,50,2,2,2,1,0,0,2,1,0,0,99,99,99,99,88,88,0,0,0,0,1,7,1,530437,0,2009,7,SR-260,99999999999999999999,0000000,46.66616667,-119.0209,1,1
53,67,12,19,17,4,1,2,1,0,14,6,0,8,0,1,1,1,4,25,1,1,2,2,0,0,3,2,0,0,17,4,17,7,88,88,0,0,0,0,1,7,0,530438,1590,2009,0,PLUM ST E,99999999999999999999,0000000,47.04493333,-122.8927861,1,2
53,63,12,27,0,6,1,1,0,0,4,4,0,7,0,1,5,1,2,45,2,2,2,1,0,0,2,1,0,0,0,8,0,17,1,5,0,0,0,0,1,1,0,530439,0,2009,21,WEST MONROE ROAD,99999999999999999999,0000000,47.83722778,-117.4628917,1,1
53,45,12,30,12,25,1,1,0,1,2,2,0,1,0,1,3,3,2,60,1,1,2,2,0,0,1,2,0,0,12,28,12,31,88,88,0,0,0,0,1,4,1,530440,0,2009,3510,US-101,99999999999999999999,0000000,47.16612778,-123.0961417,1,2
53,53,11,19,1,2,2,3,1,1,11,1,0,8,0,1,1,3,4,60,1,1,2,2,0,0,3,2,0,0,1,1,1,9,88,88,0,0,0,0,1,5,0,530441,747,2009,1374,I-5,99999999999999999999,0000000,47.24066667,-122.3544583,2,2
53,57,12,12,4,35,1,2,0,0,13,3,0,1,0,1,4,2,2,55,2,1,2,8,0,0,2,1,0,0,4,35,4,47,88,88,0,0,0,0,1,7,1,530442,430,2009,840,SR-20,99999999999999999999,0000000,48.54310556,-121.7965139,1,1
53,77,12,9,1,33,1,1,0,1,2,2,3,20,0,1,3,3,2,55,1,1,2,1,0,0,3,1,0,0,1,35,99,99,88,88,0,0,0,0,1,4,1,530443,0,2009,653,US-97,99999999999999999999,0000000,46.40454444,-120.3794083,1,1
53,63,12,26,0,37,2,3,0,0,13,6,0,12,5,2,1,2,2,30,1,1,1,1,3,3,3,1,0,0,0,40,0,42,1,5,0,0,0,0,1,7,1,530444,2110,2009,0,WELLSLEY,NEVADA,0000000,47.70044722,-117.3951167,2,1
53,53,9,10,14,28,2,3,0,1,1,1,0,12,1,1,1,3,2,60,1,1,1,1,0,0,1,1,0,0,99,99,99,99,99,99,0,0,0,0,1,5,0,530445,2230,2009,1325,I-5,99999999999999999999,0000000,47.22288889,-122.46335,2,1
53,25,10,10,13,51,2,4,0,0,5,4,0,12,5,2,1,1,2,35,1,1,8,1,20,3,1,1,0,0,13,52,14,7,14,21,0,0,0,0,1,7,1,530446,0,2009,20,RD 4 NE,RD L NE,0000000,47.14537778,-119.2355861,2,1
53,33,12,2,19,0,1,1,0,0,15,6,0,1,0,1,5,3,2,25,2,1,2,1,0,0,3,1,0,0,19,0,19,3,99,99,0,0,0,0,1,4,1,530447,2310,2009,0,E MARGINAL WAY S,99999999999999999999,0000000,47.497975,-122.2873056,1,1
53,39,10,27,21,16,2,6,0,0,99,4,0,12,2,1,1,1,2,50,2,1,2,1,0,0,2,1,0,0,21,19,21,27,99,99,0,0,0,0,2,3,1,530448,0,2009,41,BICKLETON HWY,99999999999999999999,0000000,45.83471944,-120.7272361,2,1
53,9,10,18,2,0,1,3,1,0,6,4,0,8,0,1,1,1,2,25,1,1,2,2,0,0,2,1,0,0,99,99,99,99,99,99,0,0,0,0,1,1,1,530449,0,2009,10,E DIVISION ST,99999999999999999999,0000000,47.94993889,-124.3655361,1,1
53,67,4,1,19,21,1,1,0,0,14,6,0,34,0,1,5,1,2,35,1,1,2,2,0,0,3,2,0,0,19,21,19,27,20,32,0,0,0,0,1,4,1,530450,2320,2009,0,TROSPER RD,99999999999999999999,0000000,46.99986667,-122.936025,1,2
53,61,12,8,7,2,2,3,0,0,4,4,0,12,7,1,1,1,2,35,1,3,2,1,0,0,2,1,0,0,7,2,7,11,8,10,0,0,0,0,1,3,0,530451,0,2009,14,BURN RD,99999999999999999999,0000000,48.11688611,-122.0338806,2,1
53,33,12,16,17,49,1,2,1,0,13,3,0,8,0,1,1,5,4,45,1,1,2,2,0,0,3,2,0,0,17,49,17,53,88,88,0,0,0,0,1,4,0,530452,1030,2009,23,SR-515,99999999999999999999,0000000,47.40479722,-122.1970667,1,2
53,11,12,5,5,36,2,2,0,1,1,1,0,14,9,1,2,2,2,60,2,2,2,4,0,0,2,5,0,0,5,39,5,57,6,20,0,0,0,0,1,7,0,530453,0,2009,345,I-205,99999999999999999999,0000000,45.70014722,-122.6231944,1,5
53,47,8,8,1,2,1,3,0,0,5,4,3,1,0,1,5,1,2,50,2,1,2,1,0,0,2,1,0,0,1,2,1,7,99,99,0,0,0,0,1,7,1,530454,0,2009,30,CR-280,99999999999999999999,0000000,48.423575,-119.4651611,1,1
53,33,5,21,15,1,1,2,1,0,13,6,0,15,0,3,1,2,2,30,1,2,2,1,0,0,1,1,0,0,15,2,15,13,15,21,0,0,0,0,1,5,0,530455,1960,2009,0,23 AVE S,S MAIN ST,0000000,47.600275,-122.30225,1,1
53,53,12,15,17,30,1,1,0,0,2,3,0,21,0,1,4,3,2,60,1,1,2,2,0,0,2,1,0,0,18,17,18,31,20,2,0,0,0,0,1,3,0,530456,0,2009,93,SR-167,99999999999999999999,0000000,47.23549444,-122.2516333,1,1
53,33,12,23,0,10,1,1,0,0,2,3,0,34,0,1,5,1,2,55,1,1,2,1,0,0,2,1,0,0,0,1,0,12,99,99,0,0,0,0,1,4,1,530457,0,2009,108,SR-203,99999999999999999999,0000000,47.69142222,-121.9614167,1,1
53,35,11,16,15,50,2,4,0,0,6,4,0,12,2,2,1,1,2,40,1,1,2,2,0,0,1,2,0,0,15,50,16,4,16,53,0,0,0,0,1,2,0,530458,0,2009,0,VIKING WY NW,NW SCANDIA RD,0000000,47.71576667,-122.6601222,2,2
53,35,12,10,10,30,2,3,0,1,2,3,0,12,4,1,1,1,2,55,1,1,2,1,0,0,1,1,0,0,10,30,10,34,99,99,0,0,0,0,1,5,0,530459,0,2009,0,SR-305,99999999999999999999,0000000,47.65391111,-122.5233306,2,1
53,33,12,20,0,1,1,1,0,0,99,4,0,1,0,1,5,1,2,40,2,1,2,9,0,0,9,9,0,0,88,88,88,88,88,88,0,0,0,0,1,1,0,530460,0,2009,99999,AUBURN BLACK DIAMOND,99999999999999999999,0000000,47.31886944,-122.1276917,1,9
53,27,11,15,1,0,1,2,0,0,4,3,3,1,0,1,5,1,2,50,1,4,2,2,0,0,2,2,0,0,99,99,99,99,99,99,0,0,0,0,1,1,0,530461,0,2009,358,SR-109,99999999999999999999,0000000,47.29508611,-124.2412417,1,2
54,55,1,1,8,30,1,5,0,1,1,1,0,24,0,1,2,2,2,70,1,2,2,1,0,0,1,1,0,0,8,33,8,45,9,14,0,0,0,0,1,5,0,540001,2180,2009,145,I-77,99999999999999999999,0000000,37.43255,-81.06535,1,1
54,45,1,2,9,46,2,2,0,0,4,3,0,12,2,1,1,1,2,35,1,2,2,2,0,0,1,2,0,0,9,55,9,58,10,51,0,0,0,0,1,6,0,540002,470,2009,316,SR-10,99999999999999999999,0000000,37.92585278,-81.98178333,2,2
54,21,1,1,0,40,1,1,0,0,5,4,0,38,0,1,2,1,2,30,2,1,2,1,0,0,3,1,0,0,99,99,99,99,99,99,0,0,0,0,1,5,1,540003,2393,2009,47,CR-13,99999999999999999999,0000000,38.91407778,-80.74861111,1,1
54,33,1,2,18,27,1,3,1,0,14,2,0,8,0,1,1,5,2,35,1,1,2,1,0,0,3,1,0,0,18,30,18,32,18,51,0,16,0,0,1,6,0,540004,540,2009,138,US-19,99999999999999999999,0000000,39.26987222,-80.37168611,1,1
54,65,1,2,19,20,2,2,0,0,4,3,0,12,5,1,1,1,2,55,1,3,2,1,0,0,2,1,0,0,99,99,99,99,99,99,0,0,0,0,1,6,1,540005,0,2009,187,SR-9,99999999999999999999,0000000,39.61983889,-78.09039167,2,1
54,109,1,2,8,35,1,3,0,0,3,3,0,1,0,1,5,1,2,99,2,1,2,4,0,0,1,1,0,0,8,36,8,53,99,99,0,0,0,0,1,6,0,540006,60,2009,96,SR-10,99999999999999999999,0000000,37.54273889,-81.38912222,1,1
54,39,1,6,10,25,2,3,0,0,15,4,0,12,5,2,1,5,2,99,1,1,2,2,20,3,1,2,0,0,99,99,99,99,99,99,0,0,0,0,1,3,0,540007,2412,2009,145,CR-79/3,SHARRON HOLLOW RD,0000000,38.15872222,-81.43950556,2,2
54,55,1,7,13,9,2,3,0,1,2,2,0,12,4,1,1,1,3,55,2,2,2,2,0,0,1,2,3,0,13,13,13,39,14,9,0,0,0,0,1,4,1,540008,568,2009,6,US-52,99999999999999999999,0000000,37.36693889,-81.34111111,2,3
54,49,1,10,99,99,1,1,0,0,6,4,0,24,0,1,4,1,2,35,2,1,2,1,0,0,2,1,0,0,5,20,5,31,88,88,0,0,0,0,1,7,1,540009,840,2009,10,CR-58,99999999999999999999,0000000,39.42891944,-80.20595,1,1
54,55,1,10,11,2,1,2,0,1,2,2,0,35,0,1,2,2,2,65,2,3,2,1,0,0,1,1,0,0,11,16,11,51,12,21,0,0,0,0,1,7,0,540010,0,2009,216,US-460,99999999999999999999,0000000,37.36415556,-81.03944722,1,1
54,39,1,10,14,0,2,2,0,0,13,2,0,12,2,1,1,2,2,45,1,1,2,6,0,0,1,2,0,0,14,7,14,13,14,40,0,5,0,0,1,7,1,540011,480,2009,202,US-60,99999999999999999999,0000000,38.33336111,-81.59131944,2,2
54,41,1,12,2,30,1,2,0,1,1,1,0,24,0,1,4,2,2,70,2,2,2,3,0,0,2,4,0,0,2,35,2,56,88,88,0,3,4,0,2,2,0,540012,2790,2009,1015,I-79,99999999999999999999,0000000,38.93544444,-80.54368889,1,4
54,39,1,13,20,30,1,1,0,0,6,4,0,42,0,1,4,5,2,99,2,1,2,2,0,0,2,4,0,0,20,35,20,45,88,88,0,0,0,0,1,3,1,540013,560,2009,23,CR-59,99999999999999999999,0000000,38.50948056,-81.3237,1,4
54,39,1,13,15,7,1,1,0,0,14,3,0,35,0,1,2,1,2,99,1,2,2,2,0,0,1,2,0,0,99,99,99,99,99,99,0,0,0,0,1,3,0,540014,720,2009,82,SR-61,99999999999999999999,0000000,38.21390556,-81.45057778,1,2
54,25,1,16,1,55,2,3,0,1,1,1,0,12,1,1,1,2,2,70,1,3,2,4,0,0,2,4,0,0,2,12,2,28,2,53,0,0,0,0,1,6,1,540015,2462,2009,1540,I-64,99999999999999999999,0000000,37.89178889,-80.66106389,2,4