STATE,COUNTY,MONTH,DAY,HOUR,MINUTE,VE_TOTAL,PERSONS,PEDS,NHS,ROAD_FNC,ROUTE,SP_JUR,HARM_EV,MAN_COLL,REL_JUNC,REL_ROAD,TRAF_FLO,NO_LANES,SP_LIMIT,ALIGNMNT,PROFILE,PAVE_TYP,SUR_COND,TRA_CONT,T_CONT_F,LGT_COND,WEATHER1,WEATHER2,WRK_ZONE,NOT_HOUR,NOT_MIN,ARR_HOUR,ARR_MIN,HOSP_HR,HOSP_MN,SCH_BUS,CF1,CF2,CF3,FATALS,DAY_WEEK,DRUNK_DR,ST_CASE,CITY,YEAR,MILEPT,TWAY_ID,TWAY_ID2,RAIL,LATITUDE,LONGITUD,VE_FORMS,WEATHER
54,3,1,2,12,30,1,1,0,0,14,6,0,30,0,2,2,1,2,25,2,2,2,1,0,0,1,1,0,0,12,32,12,38,12,58,0,0,0,0,1,6,0,540016,1660,2009,119,WINCHESTER AVE,JEFFERSON ST,0000000,39.44621111,-77.98034444,1,1
54,79,1,13,17,29,3,4,0,0,4,3,0,12,5,1,1,1,2,45,1,1,2,2,0,0,5,1,0,0,99,99,99,99,88,88,0,0,0,0,1,3,0,540017,0,2009,122,SR-62,99999999999999999999,0000000,38.53668611,-81.92934167,3,1
54,39,1,16,23,40,2,2,0,0,14,2,0,30,0,1,1,1,2,40,2,2,2,1,0,0,3,1,0,0,23,40,23,43,0,4,0,14,0,0,1,6,1,540018,480,2009,186,US-119,99999999999999999999,0000000,38.39047222,-81.59272222,2,1
54,35,1,18,10,0,1,1,0,1,1,1,0,35,0,1,4,3,2,99,1,1,2,3,0,0,1,2,4,0,99,99,99,99,99,99,0,0,0,0,1,1,0,540019,1348,2009,1270,I-77,99999999999999999999,0000000,38.69111111,-81.6405,1,4
54,57,1,18,3,12,1,1,0,1,13,2,0,1,0,1,4,5,2,50,1,1,2,3,0,0,2,3,4,0,3,12,3,19,3,49,0,0,0,0,1,1,1,540020,1370,2009,144,US-220,99999999999999999999,0000000,39.36230833,-79.00448889,1,3
54,53,1,20,22,21,1,3,0,0,4,4,0,30,0,1,4,1,2,35,2,3,2,1,0,0,2,1,0,0,99,99,99,99,99,99,0,0,0,0,2,3,1,540021,2150,2009,60,CR-15,99999999999999999999,0000000,38.87181944,-82.11308056,1,1
54,45,1,21,16,37,2,4,0,1,2,2,0,31,0,1,3,2,2,65,1,1,2,1,0,0,1,1,0,0,99,99,99,99,99,99,0,14,0,0,1,4,0,540022,470,2009,127,US-119,99999999999999999999,0000000,37.93998056,-82.01623056,2,1
54,19,1,24,0,40,1,6,0,0,4,3,0,1,0,1,4,1,2,99,2,4,2,2,0,0,2,1,0,0,99,99,99,99,99,99,0,0,0,0,1,7,1,540023,0,2009,202,SR-16,99999999999999999999,0000000,38.10038889,-81.1512,1,1
54,43,1,24,4,58,1,1,0,0,5,3,0,43,0,1,2,1,2,35,1,1,2,1,0,0,2,1,0,0,5,0,5,32,88,88,0,0,0,0,1,7,1,540024,1162,2009,20,SR-68,99999999999999999999,0000000,38.04217778,-82.15348611,1,1
54,99,1,25,18,30,1,2,0,0,5,4,0,23,0,1,4,1,2,35,1,1,2,2,0,0,2,4,0,0,18,36,18,56,19,99,0,0,0,0,1,1,1,540025,725,2009,29,CR-30,99999999999999999999,0000000,38.14453889,-82.40492778,1,4
54,83,1,26,12,0,1,1,0,0,3,4,0,24,0,1,4,1,2,99,2,1,2,3,0,0,1,4,0,0,99,99,99,99,88,88,0,0,0,0,1,2,1,540026,810,2009,142,CR-21,99999999999999999999,0000000,38.9161,-79.8686,1,4
54,109,1,25,11,23,1,2,0,0,6,4,0,42,0,1,4,1,2,99,1,1,2,1,0,0,1,1,0,0,12,20,12,31,13,0,0,0,0,0,1,1,1,540027,2894,2009,4,CR-16/16,99999999999999999999,0000000,37.52633611,-81.59065278,1,1
54,55,1,26,17,46,3,8,0,1,12,2,0,12,2,1,1,2,2,55,1,1,2,2,0,0,2,2,0,0,17,46,18,0,18,32,0,0,0,0,1,2,1,540028,260,2009,65,US-460,99999999999999999999,0000000,37.26563333,-81.18156389,3,2
54,29,1,29,7,35,1,1,0,1,2,3,0,35,0,1,4,1,2,55,1,1,2,4,0,0,1,3,4,0,99,99,99,99,88,88,0,0,0,0,1,5,0,540029,1910,2009,162,SR-2,99999999999999999999,0000000,40.60366389,-80.63730833,1,3
54,35,1,26,17,18,1,3,0,0,6,4,0,1,0,1,2,1,2,25,2,2,2,4,0,0,1,1,0,0,17,23,17,47,99,99,0,0,0,0,1,2,0,540030,991,2009,4,CR-40/11,99999999999999999999,0000000,38.76279167,-81.55419722,1,1
54,61,1,28,19,15,1,2,0,0,14,4,0,43,0,1,5,1,2,99,1,1,2,4,0,0,2,2,3,0,19,21,19,26,19,38,0,0,0,0,2,4,0,540031,1840,2009,29,CR-857,99999999999999999999,0000000,39.61863056,-79.93235,1,3
54,33,2,1,19,5,2,3,0,1,11,1,0,12,2,1,1,2,2,65,1,1,2,1,0,0,2,1,0,0,19,8,19,57,99,99,0,0,0,0,3,1,1,540032,540,2009,1180,I-79,99999999999999999999,0000000,39.27228889,-80.28636944,2,1
54,25,2,2,11,30,1,1,0,0,4,4,0,1,0,1,1,1,2,40,2,2,2,1,0,0,1,1,0,0,11,34,11,39,12,10,0,0,0,0,1,2,1,540033,941,2009,7,CR-37,99999999999999999999,0000000,37.75765278,-80.51343333,1,1
54,39,2,3,0,45,1,2,0,0,14,3,0,30,0,1,2,1,2,99,2,2,2,2,0,0,2,1,0,0,99,99,99,99,88,88,0,0,0,0,2,3,1,540034,700,2009,2,SR-62,99999999999999999999,0000000,38.39001944,-81.72918056,1,1
54,69,2,4,15,35,1,1,0,1,11,1,0,43,0,1,4,2,2,45,1,1,2,1,0,0,1,1,0,0,15,35,15,37,88,88,0,0,0,0,1,4,1,540035,2830,2009,8,I-70,99999999999999999999,0000000,40.07231667,-80.72250833,1,1
54,53,2,5,18,25,3,3,0,1,2,2,0,11,0,1,1,1,2,55,1,1,2,1,0,0,2,1,0,0,18,29,18,52,88,88,0,0,0,0,1,5,0,540036,2485,2009,20,US-35,99999999999999999999,0000000,38.6767,-81.9657,3,1
54,3,2,5,6,19,1,1,0,1,2,3,0,42,0,1,4,1,2,55,2,2,2,1,0,0,2,1,0,0,99,99,99,99,88,88,0,0,0,0,1,5,0,540037,1170,2009,63,SR-9,99999999999999999999,0000000,39.56105278,-78.0387,1,1
54,95,2,5,11,10,2,3,0,0,4,3,0,12,2,1,1,1,2,55,2,1,2,2,0,0,1,1,0,0,11,15,11,29,11,48,0,0,0,0,1,5,0,540038,0,2009,243,SR-18,99999999999999999999,0000000,39.50112778,-80.90435,2,1
54,19,2,6,21,30,1,1,0,0,4,4,0,24,0,1,2,1,2,99,2,1,2,1,0,0,2,1,0,0,99,99,99,99,88,88,0,0,0,0,1,6,1,540039,2070,2009,56,CR-23,99999999999999999999,0000000,37.91114167,-81.26503333,1,1
54,5,2,7,10,42,1,1,0,1,2,2,0,1,0,1,3,2,2,65,2,3,2,2,0,0,1,1,0,0,99,99,99,99,88,88,0,0,0,0,1,7,0,540040,1327,2009,187,US-119,99999999999999999999,0000000,38.12431111,-81.84285556,1,1
54,45,2,7,11,28,2,2,0,1,2,2,0,12,5,1,1,2,2,65,1,1,2,1,0,0,1,1,0,0,11,31,11,35,12,27,0,0,0,0,1,7,0,540041,0,2009,173,US-119,99999999999999999999,0000000,37.88091667,-82.04904167,2,1
54,53,2,7,0,40,1,1,0,0,6,4,0,30,0,1,4,1,2,35,2,3,2,2,0,0,2,1,0,0,0,46,1,1,88,88,0,0,0,0,1,7,0,540042,2754,2009,9,CR-3/3,99999999999999999999,0000000,38.953,-82.00263889,1,1
54,83,2,9,15,10,2,6,0,0,4,4,0,12,1,1,1,1,2,55,1,3,2,1,0,0,1,1,0,0,99,99,99,99,99,99,1,0,0,0,1,2,0,540043,1955,2009,74,CR-151,99999999999999999999,0000000,38.922725,-79.99703333,2,1
54,81,2,8,19,40,1,3,1,0,14,3,0,8,0,1,1,5,4,35,2,1,2,1,0,0,3,1,0,0,99,99,99,99,99,99,0,0,0,0,1,1,0,540044,170,2009,175,SR-16,99999999999999999999,0000000,37.776575,-81.19448056,1,1
54,27,2,11,8,10,1,1,0,0,4,2,0,35,0,1,4,1,2,55,1,3,2,1,0,0,1,1,0,0,8,20,8,35,88,88,0,0,0,0,1,4,0,540045,2191,2009,17,US-220,99999999999999999999,0000000,39.23517778,-78.91891389,1,1
54,67,2,14,13,26,1,2,0,0,4,3,0,30,0,1,4,1,2,99,2,1,2,1,0,0,1,1,0,0,13,32,13,36,88,88,0,0,0,0,2,7,1,540046,597,2009,318,SR-20,99999999999999999999,0000000,38.34060556,-80.63153611,1,1
54,61,2,15,3,42,1,2,1,0,13,2,0,8,0,1,1,5,4,99,1,1,2,1,0,0,3,1,0,0,3,44,3,47,4,8,0,0,0,0,1,1,1,540047,1840,2009,136,US-119,99999999999999999999,0000000,39.62421944,-79.96290556,1,1
54,25,2,17,16,15,2,3,0,1,2,1,0,12,7,1,1,2,2,99,1,2,1,1,0,0,1,1,0,0,99,99,99,99,99,99,0,0,0,0,1,3,0,540048,0,2009,1610,I-64,99999999999999999999,0000000,37.86909444,-80.55484722,2,1
54,81,2,23,14,50,2,2,0,1,13,3,0,12,2,1,1,1,2,99,2,1,2,1,0,0,1,1,0,0,15,1,15,5,15,44,0,0,0,0,1,2,0,540049,1054,2009,87,SR-54,99999999999999999999,0000000,37.72911389,-81.27788611,2,1
54,37,2,24,3,0,1,1,0,0,4,4,0,30,0,1,4,1,2,55,2,3,2,1,0,0,2,1,0,0,3,4,3,20,88,88,0,0,0,0,1,3,1,540050,2420,2009,74,CR-17,99999999999999999999,0000000,39.39439167,-77.81149444,1,1
54,91,2,27,23,15,1,2,1,0,6,4,0,8,0,1,1,1,2,35,1,1,2,1,0,0,2,1,0,0,23,15,23,26,1,9,0,0,0,0,1,6,0,540051,2188,2009,3,CR-250/1,99999999999999999999,0000000,39.39052222,-80.16790278,1,1
54,1,2,27,14,15,1,2,0,1,2,2,0,1,0,1,3,2,2,65,1,2,1,1,0,0,1,6,0,0,14,24,14,37,15,30,0,0,0,0,2,6,0,540052,0,2009,270,US-33,99999999999999999999,0000000,38.96136944,-79.99590833,1,6
54,49,2,28,20,12,1,1,0,0,6,6,0,34,0,1,6,1,2,40,2,1,2,1,0,0,3,1,0,0,20,12,20,20,88,88,0,0,0,0,1,7,1,540053,840,2009,0,INDUSTRIAL PARK RD,99999999999999999999,0000000,39.43398889,-80.20362778,1,1
54,3,2,25,18,27,2,2,0,0,14,2,0,12,6,2,1,1,2,35,1,1,2,1,0,0,2,1,0,0,18,27,18,38,18,58,0,0,0,0,1,4,0,540054,1660,2009,150,US-11,HINTON COURT,0000000,39.47745556,-77.95372778,2,1
54,49,3,1,4,0,1,1,0,0,6,4,0,24,0,1,4,1,2,30,2,1,2,1,0,0,2,1,0,0,5,20,5,30,88,88,0,0,0,0,1,1,1,540055,2205,2009,64,CR-44,99999999999999999999,0000000,39.51318056,-80.30606667,1,1
54,5,3,9,20,7,1,2,1,1,2,2,0,8,0,2,1,2,2,65,1,1,2,1,0,0,2,1,0,0,20,8,20,14,88,88,0,0,0,0,1,2,0,540056,650,2009,101,US-119,PRITCHARD RD,0000000,38.06009722,-81.85401389,1,1
54,107,3,12,2,53,1,4,0,0,13,3,0,33,0,1,3,2,2,50,2,1,2,1,0,0,2,1,0,0,2,58,3,5,3,24,0,0,0,0,1,5,1,540057,2040,2009,45,SR-95,99999999999999999999,0000000,39.24444167,-81.53324167,1,1
54,53,3,15,3,11,1,1,0,1,2,3,0,30,0,1,2,1,2,99,1,1,2,2,0,0,2,2,0,0,99,99,99,99,88,88,0,0,0,0,1,1,1,540058,0,2009,68,SR-2,99999999999999999999,0000000,38.67103611,-82.17086667,1,2
54,55,3,15,2,23,1,1,0,0,4,3,0,43,0,1,4,1,2,40,1,2,2,6,0,0,2,2,0,0,2,24,2,35,88,88,0,5,0,0,1,1,1,540059,1803,2009,39,SR-71,99999999999999999999,0000000,37.3325,-81.24306111,1,2
54,35,3,18,8,7,1,1,0,1,1,1,0,1,0,1,3,2,2,70,2,1,2,1,0,0,1,1,0,0,99,99,99,99,88,88,0,0,0,0,1,4,0,540060,0,2009,1320,I-77,99999999999999999999,0000000,38.76074167,-81.69651389,1,1
54,81,3,24,23,4,1,1,0,1,1,1,0,24,0,1,3,3,2,70,2,2,2,1,0,0,2,1,0,0,23,6,23,12,88,88,0,0,0,0,1,3,0,540061,170,2009,481,I-77,99999999999999999999,0000000,37.83850556,-81.22485556,1,1
54,47,3,26,22,55,1,1,0,0,4,4,0,30,0,1,4,1,2,45,2,1,2,1,0,0,2,1,0,0,22,55,23,18,88,88,0,0,0,0,1,5,1,540062,1313,2009,20,CR-1/01,99999999999999999999,0000000,37.51845556,-81.91602778,1,1
54,61,3,16,7,0,2,2,0,0,3,2,0,12,6,1,1,1,2,55,2,2,2,1,0,0,3,1,0,0,7,4,7,21,88,88,0,0,0,0,2,2,0,540063,1840,2009,61,US-119,99999999999999999999,0000000,39.53003889,-79.92365,2,1
54,63,3,16,13,45,1,1,0,0,6,4,0,35,0,1,2,1,2,99,2,2,2,1,0,0,1,1,0,0,88,88,88,88,88,88,0,0,0,0,1,2,0,540064,2650,2009,17,CR-219/05,99999999999999999999,0000000,37.61749444,-80.49373611,1,1
54,13,3,4,17,4,1,1,0,0,4,4,0,35,0,1,4,1,2,99,1,1,2,1,0,0,1,1,0,0,99,99,99,99,88,88,0,0,0,0,1,4,1,540065,0,2009,56,CR-7,99999999999999999999,0000000,38.91334167,-81.08785556,1,1
54,25,3,24,10,43,2,3,0,1,1,1,0,12,7,1,1,2,2,70,1,2,2,1,0,0,1,1,0,0,99,99,99,99,88,88,0,0,0,0,2,3,0,540066,114,2009,1610,I-64,99999999999999999999,0000000,37.87193889,-80.55943889,2,1
54,97,3,25,14,0,1,2,0,0,14,4,0,32,0,1,2,1,2,45,1,2,2,2,0,0,1,1,0,0,14,15,14,22,15,15,0,0,0,0,1,4,0,540067,340,2009,12,CR-9,99999999999999999999,0000000,38.96661667,-80.22684444,1,1
54,39,3,26,0,10,2,2,0,0,15,4,0,12,4,1,1,1,2,40,1,1,2,2,0,0,2,2,0,0,88,88,88,88,88,88,0,0,0,0,1,5,1,540068,365,2009,109,CR-79/3,99999999999999999999,0000000,38.15845278,-81.44654167,2,2
54,5,3,30,8,34,3,3,0,0,5,3,0,12,2,1,1,1,2,40,2,1,2,1,0,0,1,1,0,0,8,34,8,41,8,45,0,0,0,0,1,2,0,540069,1590,2009,325,SR-85,99999999999999999999,0000000,38.04724722,-81.80765278,3,1
54,105,3,30,9,34,2,2,0,0,4,4,0,12,2,1,1,1,2,45,2,1,2,1,0,0,1,1,0,0,9,44,10,3,10,43,0,0,0,0,1,2,0,540070,780,2009,50,CR-6,99999999999999999999,0000000,39.06964722,-81.36794444,2,1
54,99,3,31,0,30,1,3,0,0,6,4,0,34,0,1,5,1,2,25,2,2,2,1,0,0,2,1,0,0,99,99,0,47,99,99,0,0,0,0,1,3,1,540071,2177,2009,38,LOWER GRAGSTON RD,99999999999999999999,0000000,38.2431,-82.58834722,1,1
54,81,4,1,3,15,1,1,0,0,16,5,0,1,0,2,4,1,2,25,2,1,2,1,0,0,2,1,0,0,99,99,99,99,88,88,0,0,0,0,1,4,1,540072,170,2009,0,WOODCREST DR,EAGLES RD,0000000,37.80025278,-81.16293889,1,1
54,39,4,2,8,30,1,1,0,0,14,3,0,35,0,1,5,1,2,45,2,2,2,1,0,0,1,1,0,0,88,88,88,88,88,88,0,0,0,0,1,5,0,540073,700,2009,22,SR-62,99999999999999999999,0000000,38.39004167,-81.73016944,1,1
54,71,4,3,15,25,3,7,0,0,3,2,0,12,1,1,1,1,2,55,1,1,2,1,0,0,1,1,0,0,15,36,15,52,16,47,0,0,0,0,1,6,0,540074,0,2009,148,US-220,99999999999999999999,0000000,38.49493056,-79.49889444,3,1
54,103,4,3,2,20,2,2,0,0,3,3,0,12,2,1,1,1,2,55,2,1,2,1,0,0,2,1,0,0,2,29,2,46,88,88,0,0,0,0,1,6,1,540075,2862,2009,105,SR-7,99999999999999999999,0000000,39.62711111,-80.68960278,2,1
54,33,4,4,19,25,1,1,0,1,1,1,0,1,0,1,3,2,2,70,1,2,2,1,0,0,3,1,0,0,19,52,20,1,20,37,0,0,0,0,1,7,1,540076,320,2009,1260,I-79,99999999999999999999,0000000,39.3638,-80.2142,1,1
54,41,4,4,2,9,1,2,0,0,6,4,0,42,0,1,4,1,2,25,2,1,4,1,0,0,2,1,0,0,99,99,99,99,99,99,0,0,0,0,1,7,1,540077,1304,2009,3,CR-19/17,99999999999999999999,0000000,38.8093,-80.4728,1,1
54,65,4,4,8,35,2,4,0,1,2,2,0,12,2,1,1,1,2,55,1,1,2,1,0,0,1,6,0,0,99,99,99,99,88,88,0,0,0,0,3,7,0,540078,0,2009,97,US-522,99999999999999999999,0000000,39.58045556,-78.25329722,2,6
54,79,4,18,14,23,1,1,0,0,4,4,0,34,0,1,2,1,2,99,1,1,2,1,0,0,1,1,0,0,14,28,14,38,88,88,0,0,0,0,1,7,1,540079,1280,2009,57,CR-19,99999999999999999999,0000000,38.50603056,-81.9941,1,1
54,81,4,19,4,40,1,1,0,0,14,3,0,30,0,1,4,1,4,99,2,1,2,1,0,0,2,1,0,0,4,41,4,47,88,88,0,0,0,0,1,1,1,540080,170,2009,184,SR-16,99999999999999999999,0000000,37.78709722,-81.18894444,1,1
54,19,4,19,1,38,1,3,0,0,4,4,0,30,0,1,4,1,2,99,2,1,2,1,0,0,2,1,0,0,1,38,1,57,2,58,0,0,0,0,1,1,1,540081,2070,2009,81,CR-23,99999999999999999999,0000000,37.90408333,-81.26355278,1,1
54,5,4,19,2,0,1,1,0,0,4,3,0,1,0,1,1,1,2,45,1,1,2,1,0,0,2,1,0,0,88,88,88,88,88,88,0,0,0,0,1,1,1,540082,2108,2009,160,SR-3,99999999999999999999,0000000,38.10444167,-81.70429167,1,1
54,59,4,20,11,53,2,2,0,1,2,2,0,12,1,1,2,2,2,99,1,1,1,1,0,0,1,1,0,0,99,99,99,99,99,99,0,0,0,0,1,2,0,540083,1944,2009,76,US-119,99999999999999999999,0000000,37.74004167,-82.32999722,2,1
54,7,4,21,14,30,1,1,0,0,4,4,0,24,0,1,4,1,2,55,2,1,2,2,0,0,1,1,0,0,14,37,14,54,88,88,0,0,0,0,1,3,1,540084,2563,2009,20,CR-11,99999999999999999999,0000000,38.61065833,-80.94878889,1,1
54,81,4,22,10,40,1,1,0,0,14,3,0,42,0,1,6,1,2,99,2,3,2,2,0,0,1,4,0,0,99,99,99,99,88,88,0,0,0,0,1,4,0,540085,750,2009,315,SR-3,99999999999999999999,0000000,37.78095833,-81.26767222,1,4
54,41,4,22,10,8,1,2,0,1,1,1,0,43,0,1,3,2,2,99,1,2,2,2,0,0,1,2,4,0,99,99,99,99,99,99,0,0,0,0,1,4,0,540086,0,2009,860,I-79,99999999999999999999,0000000,38.91725,-80.56791667,1,4
54,41,4,23,10,18,2,3,0,0,4,2,0,12,2,10,1,1,2,99,1,1,2,1,0,0,1,1,0,0,10,21,10,31,11,50,0,0,0,0,1,5,0,540087,2322,2009,141,US-19,OIL CREEK RD,0000000,38.93150556,-80.48927222,2,1
54,57,4,23,23,44,1,1,0,0,6,4,0,35,0,1,2,1,2,35,1,1,2,1,0,0,2,1,0,0,23,50,0,5,0,44,0,0,0,0,1,5,1,540088,934,2009,12,CR-15,99999999999999999999,0000000,39.51666944,-78.75166944,1,1
54,39,4,25,2,2,1,2,1,0,14,3,0,8,0,1,1,1,2,99,1,1,2,1,0,0,3,1,0,0,99,99,99,99,99,99,0,0,0,0,1,7,0,540089,0,2009,208,SR-61,99999999999999999999,0000000,38.30354444,-81.56378611,1,1
54,39,4,25,11,48,1,1,0,1,1,1,0,5,0,1,1,2,2,70,1,1,2,1,0,0,1,1,0,0,11,48,11,48,12,16,0,19,0,0,1,7,0,540090,2439,2009,1100,I-77,99999999999999999999,0000000,38.455,-81.6375,1,1
54,83,4,25,6,55,2,2,0,1,2,2,0,12,2,1,4,1,4,55,1,1,2,1,0,0,1,1,0,0,7,5,7,29,88,88,0,0,0,0,2,7,0,540092,240,2009,347,US-219,99999999999999999999,0000000,38.83644722,-79.87545556,2,1
54,55,4,26,17,2,2,2,0,0,15,4,0,12,8,1,1,1,2,40,2,1,2,5,0,0,1,1,0,0,17,2,17,10,18,0,0,4,0,0,1,1,0,540093,110,2009,56,CR-7,99999999999999999999,0000000,37.40763889,-81.03518889,2,1
54,109,4,29,12,0,1,2,0,0,4,3,0,43,0,1,4,1,2,99,2,1,2,2,0,0,1,2,0,0,12,26,99,99,99,99,0,0,0,0,1,4,0,540094,0,2009,15,SR-971,99999999999999999999,0000000,37.593525,-81.67682778,1,2
54,39,4,29,0,29,1,1,0,0,14,3,0,30,0,1,4,1,2,45,2,1,2,1,0,0,2,1,0,0,0,29,0,39,88,88,0,0,0,0,1,4,1,540095,619,2009,59,SR-62,99999999999999999999,0000000,38.41950278,-81.77879444,1,1
54,79,4,9,19,29,1,1,0,0,14,4,0,42,0,1,4,1,2,45,2,2,2,1,0,0,1,1,0,0,19,33,19,34,88,88,0,0,0,0,1,5,1,540096,2402,2009,12,CR-33,99999999999999999999,0000000,38.44821111,-81.9223,1,1
54,97,4,10,20,0,2,3,0,0,4,3,0,12,2,1,1,1,2,55,2,3,2,1,0,0,5,1,0,0,20,3,20,12,21,55,0,0,0,0,1,6,0,540097,15,2009,205,SR-20,99999999999999999999,0000000,38.94085278,-80.25787222,2,1
54,5,4,26,9,56,2,3,0,0,4,4,0,12,2,1,1,1,2,99,1,1,2,1,0,0,1,1,0,0,99,99,99,99,99,99,0,0,0,0,1,1,0,540098,2659,2009,0,CR-26,99999999999999999999,0000000,37.97261944,-81.70703889,2,1
54,61,4,28,22,43,2,2,0,0,13,4,0,12,2,1,1,1,2,50,1,1,1,2,0,0,2,1,0,0,22,57,22,59,23,24,0,0,0,0,1,3,1,540099,1840,2009,8,CR-705,99999999999999999999,0000000,39.64603056,-79.93465556,2,1
54,19,4,29,3,4,2,2,0,1,13,2,0,1,0,1,3,2,2,99,1,3,2,1,0,0,2,1,0,0,99,99,99,99,88,88,0,0,0,0,1,4,0,540100,1870,2009,65,US-19,99999999999999999999,0000000,37.87390556,-81.18724722,2,1
54,61,1,28,7,26,1,1,0,1,1,1,0,43,0,1,5,2,2,70,2,3,2,3,0,0,2,4,0,0,99,99,99,99,88,88,0,0,0,0,1,4,0,540101,0,2009,1570,I-79,99999999999999999999,0000000,39.67881944,-80.03788889,1,4
54,3,3,13,7,2,1,1,0,0,6,4,0,42,0,1,4,1,2,40,1,4,2,1,0,0,1,1,0,0,7,6,7,18,8,41,0,0,0,0,1,6,0,540102,864,2009,10,CR-2/1,99999999999999999999,0000000,39.578875,-77.939875,1,1
54,59,5,1,15,15,2,2,0,1,2,2,0,12,2,1,1,1,2,55,1,2,2,1,0,0,1,1,0,0,15,21,15,33,16,18,0,0,0,0,1,6,0,540103,1883,2009,52,US-52,99999999999999999999,0000000,37.80442778,-82.37668889,2,1
54,55,5,3,16,45,2,5,0,1,1,1,0,13,5,1,1,2,2,70,1,2,2,2,0,0,1,2,0,0,16,46,16,55,17,25,0,0,0,0,2,1,0,540104,908,2009,255,I-77,99999999999999999999,0000000,37.56791667,-81.11271389,2,2
54,3,5,16,0,10,1,2,0,0,6,3,0,42,0,1,4,1,2,45,2,1,2,1,0,0,2,1,0,0,88,88,88,88,88,88,0,0,0,0,2,7,1,540105,864,2009,42,SR-901,99999999999999999999,0000000,39.545575,-77.91044722,1,1
54,69,3,13,13,25,3,4,0,0,16,6,0,12,1,3,1,2,2,35,1,1,2,1,0,0,1,1,0,0,13,30,13,35,14,0,0,0,0,0,1,6,0,540106,2830,2009,0,307 NATIONAL RD,BOW ST,0000000,40.08168333,-80.71681111,3,1
54,67,4,29,20,40,1,3,1,1,2,2,0,8,0,1,1,2,2,65,1,1,1,1,0,0,2,1,0,0,99,99,99,99,99,99,0,19,0,0,1,4,0,540107,1871,2009,36,US-19,99999999999999999999,0000000,38.15355,-80.92318889,1,1
54,11,4,2,7,30,2,4,0,0,14,3,0,12,2,1,1,1,2,45,2,2,2,1,0,0,1,1,0,0,7,36,7,48,8,13,0,0,0,0,3,5,0,540108,130,2009,20,SR-10,99999999999999999999,0000000,38.39697222,-82.323475,2,1
54,21,5,2,1,20,1,2,0,0,6,4,0,34,0,1,4,1,2,99,1,1,4,2,0,0,2,2,0,0,1,32,2,4,3,0,0,0,0,0,1,7,1,540109,1498,2009,33,CR-39,99999999999999999999,0000000,38.86666944,-80.96721944,1,2
54,93,5,10,4,45,1,1,0,1,2,2,0,35,0,1,2,1,2,55,2,1,2,1,0,0,2,1,0,0,4,55,5,15,88,88,0,0,0,0,1,1,1,540110,2600,2009,219,US-219,99999999999999999999,0000000,39.14896667,-79.50402222,1,1
54,55,5,16,3,21,1,2,1,0,6,4,0,8,0,1,1,1,2,40,1,1,2,1,0,0,2,1,0,0,3,23,3,37,3,59,0,0,0,0,1,7,1,540111,1980,2009,19,CR-460/06,99999999999999999999,0000000,37.35221389,-80.90838333,1,1
54,5,5,16,17,17,2,2,0,0,4,3,0,12,2,1,1,1,2,55,2,1,2,2,0,0,1,2,0,0,17,18,17,23,18,3,0,0,0,0,1,7,1,540112,2206,2009,30,SR-94,99999999999999999999,0000000,38.16230556,-81.63803611,2,2
54,19,5,16,14,10,2,3,0,0,14,3,0,12,5,2,1,1,2,55,1,1,2,1,20,3,1,1,0,0,14,12,14,18,14,59,0,0,0,0,1,7,0,540113,1970,2009,118,SR-16,APPALACHIAN DR,0000000,38.01735556,-81.12356111,2,1
54,79,5,20,10,45,2,3,0,0,14,3,0,12,5,10,1,2,2,35,1,1,2,1,3,3,1,1,0,0,10,55,10,59,11,29,0,0,0,0,1,4,0,540114,1940,2009,13,SR-25,I-64,0000000,38.38583889,-81.76948056,2,1
54,33,5,22,1,58,1,1,0,0,16,6,0,1,0,1,6,1,2,25,1,3,2,1,0,0,3,1,0,0,1,59,2,1,88,88,0,0,0,0,1,6,1,540115,540,2009,0,E.B. SAUNDERS WAY,99999999999999999999,0000000,39.2739,-80.337,1,1
54,5,1,1,2,25,1,2,0,0,4,3,0,34,0,1,4,1,2,55,1,1,2,1,0,0,2,1,0,0,2,29,2,46,99,99,0,0,0,0,1,5,1,540116,2108,2009,202,SR-3,99999999999999999999,0000000,38.13421944,-81.66781389,1,1
54,99,5,26,13,37,2,3,0,1,2,2,0,12,4,1,1,1,2,55,2,4,2,2,0,0,1,2,0,0,13,40,14,2,14,56,0,0,0,0,1,3,0,540117,626,2009,491,US-52,99999999999999999999,0000000,37.96639444,-82.44123333,2,2
54,7,5,26,14,11,1,1,0,1,1,1,0,1,0,1,3,2,2,70,2,3,2,6,0,0,1,2,0,0,14,15,14,29,88,88,0,0,0,0,1,3,0,540118,944,2009,480,I-79,99999999999999999999,0000000,38.60818611,-80.81465833,1,2
54,89,5,27,11,47,1,1,0,0,6,4,0,38,0,1,5,1,2,99,1,2,2,1,0,0,1,1,0,0,11,47,11,58,88,88,0,0,0,0,1,4,0,540119,2395,2009,132,CR-7,99999999999999999999,0000000,37.75341111,-80.81761944,1,1