STATE,COUNTY,MONTH,DAY,HOUR,MINUTE,VE_TOTAL,PERSONS,PEDS,NHS,ROAD_FNC,ROUTE,SP_JUR,HARM_EV,MAN_COLL,REL_JUNC,REL_ROAD,TRAF_FLO,NO_LANES,SP_LIMIT,ALIGNMNT,PROFILE,PAVE_TYP,SUR_COND,TRA_CONT,T_CONT_F,LGT_COND,WEATHER1,WEATHER2,WRK_ZONE,NOT_HOUR,NOT_MIN,ARR_HOUR,ARR_MIN,HOSP_HR,HOSP_MN,SCH_BUS,CF1,CF2,CF3,FATALS,DAY_WEEK,DRUNK_DR,ST_CASE,CITY,YEAR,MILEPT,TWAY_ID,TWAY_ID2,RAIL,LATITUDE,LONGITUD,VE_FORMS,WEATHER
54,19,5,28,12,49,2,2,0,0,4,3,0,12,2,1,1,1,2,99,2,1,2,1,0,0,1,1,0,0,12,49,99,99,13,37,0,0,0,0,1,5,0,540120,2169,2009,28,SR-41,99999999999999999999,0000000,37.85567778,-81.06914444,2,1
54,49,5,29,14,51,1,1,0,0,5,4,0,42,0,1,2,1,2,35,2,2,2,2,0,0,1,1,0,0,14,54,15,5,16,0,0,0,0,0,1,6,0,540121,880,2009,56,CR-91,99999999999999999999,0000000,39.51114167,-80.21575278,1,1
54,53,5,30,20,42,2,5,0,0,4,4,0,12,2,1,1,1,2,25,1,3,2,2,0,0,5,1,0,0,99,99,99,99,99,99,0,0,0,0,1,7,1,540122,968,2009,76,CR-29,99999999999999999999,0000000,38.71485,-82.06993056,2,1
54,63,5,30,13,50,1,1,0,0,4,3,0,42,0,1,2,1,2,55,2,1,2,1,0,0,1,1,0,0,13,53,14,13,88,88,0,0,0,0,1,7,0,540123,1094,2009,62,SR-122,99999999999999999999,0000000,37.55226667,-80.701275,1,1
54,81,6,1,23,5,1,2,1,0,15,2,0,8,0,1,1,1,2,99,1,1,2,1,0,0,2,1,0,0,99,99,99,99,99,99,0,0,0,0,1,2,0,540124,2411,2009,71,US-19,99999999999999999999,0000000,37.70480556,-81.09892778,1,1
54,97,6,5,13,38,1,2,0,0,3,2,0,35,0,1,2,2,2,55,2,2,2,2,0,0,1,2,0,0,13,42,13,46,14,27,0,0,0,0,1,6,0,540125,340,2009,113,US-119,99999999999999999999,0000000,39.01545,-80.23263889,1,2
54,107,6,4,3,52,1,1,0,0,13,3,0,30,0,1,3,2,2,35,2,1,2,1,0,0,3,1,0,0,3,53,4,0,88,88,0,20,0,0,1,5,1,540126,2670,2009,181,SR-14,99999999999999999999,0000000,39.34402222,-81.53760833,1,1
54,65,6,4,13,0,2,3,0,1,2,2,0,12,2,1,1,1,2,55,1,3,2,2,0,0,1,2,0,0,13,1,13,8,13,58,0,0,0,0,1,5,0,540127,0,2009,136,US-522,99999999999999999999,0000000,39.63081111,-78.22608889,2,2
54,11,6,4,1,3,1,2,0,0,16,6,0,1,0,1,2,1,2,55,2,1,2,1,0,0,3,1,0,0,99,99,99,99,99,99,0,0,0,0,1,5,1,540128,1270,2009,0,5TH STREET ROAD,99999999999999999999,0000000,38.38231389,-82.45700556,1,1
54,75,6,5,13,5,2,5,0,0,3,3,0,12,5,1,1,1,2,99,1,1,2,2,0,0,1,2,0,0,99,99,99,99,99,99,0,20,0,0,1,6,0,540129,150,2009,99,SR-92,99999999999999999999,0000000,38.54450556,-79.79211389,2,2
54,39,6,6,18,20,1,2,0,0,6,4,0,1,0,1,1,1,2,25,1,1,2,1,0,0,1,1,0,0,18,22,18,26,18,55,0,0,0,0,1,7,1,540130,183,2009,4,CR-70/3,99999999999999999999,0000000,38.24380833,-81.47984444,1,1
54,31,5,23,4,35,1,2,1,0,3,2,0,8,0,1,1,1,2,55,1,1,2,1,0,0,2,1,0,0,99,99,99,99,99,99,0,0,0,0,1,7,0,540131,1830,2009,99,US-220,99999999999999999999,0000000,39.08963333,-78.95976944,1,1
54,89,6,6,2,21,1,5,3,0,3,3,0,8,0,1,1,1,2,55,1,1,2,1,0,0,2,5,0,0,99,99,99,99,99,99,0,0,0,0,2,7,1,540132,2079,2009,230,SR-3,99999999999999999999,0000000,37.68375278,-80.71543611,1,5
54,41,6,10,5,17,1,1,0,0,4,2,0,1,0,1,2,1,2,55,1,2,2,1,0,0,2,5,0,0,5,29,5,53,88,88,0,0,0,0,1,4,0,540133,2688,2009,62,US-19,99999999999999999999,0000000,38.87135556,-80.45193611,1,5
54,23,6,10,11,30,1,3,0,0,3,3,0,42,0,1,6,1,2,55,1,1,2,1,0,0,1,1,0,0,99,99,99,99,99,99,0,0,0,0,1,4,0,540134,366,2009,83,SR-28,99999999999999999999,0000000,38.93120556,-79.31141944,1,1
54,61,6,11,18,41,1,1,0,1,2,3,0,43,0,1,2,1,2,55,2,1,2,1,0,0,1,1,0,0,99,99,99,99,99,99,0,0,0,0,1,5,0,540135,250,2009,33,SR-7,99999999999999999999,0000000,39.67881944,-80.35692222,1,1
54,53,6,11,21,0,2,2,0,1,2,3,0,12,2,1,1,1,2,55,1,1,2,1,0,0,1,1,0,0,21,5,21,23,22,16,0,0,0,0,1,5,0,540136,968,2009,131,SR-2,99999999999999999999,0000000,38.75314722,-82.18975,2,1
54,27,6,12,18,42,2,3,0,0,4,3,0,12,1,1,1,1,2,55,1,1,2,1,0,0,1,1,0,0,18,42,18,54,19,38,0,0,0,0,1,6,1,540137,257,2009,4,SR-127,99999999999999999999,0000000,39.35646667,-78.35226111,2,1
54,43,6,13,3,5,1,2,0,0,3,3,0,33,0,1,2,1,2,55,1,1,2,1,0,0,2,1,0,0,99,99,99,99,88,88,0,0,0,0,2,7,1,540138,1742,2009,190,SR-10,99999999999999999999,0000000,38.18041667,-82.17910833,1,1
54,41,6,16,3,37,1,1,0,0,4,3,0,35,0,1,2,1,2,99,2,2,2,1,0,0,2,1,0,0,99,99,99,99,88,88,0,0,0,0,1,3,1,540139,2688,2009,61,SR-4,99999999999999999999,0000000,38.83796944,-80.40790556,1,1
54,11,6,10,6,0,1,1,0,0,14,4,0,34,0,2,4,1,2,35,1,1,2,1,0,0,4,1,0,0,6,4,6,9,88,88,0,0,0,0,1,4,1,540140,1270,2009,70,CR-35,GREEN VALLEY,0000000,38.38050556,-82.37503889,1,1
54,37,6,18,13,30,2,2,0,0,4,3,0,12,2,1,1,1,2,50,1,2,2,1,0,0,1,1,0,0,13,34,13,42,88,88,0,0,0,0,1,5,0,540141,1741,2009,6,SR-51,99999999999999999999,0000000,39.30368611,-77.95168889,2,1
54,61,6,22,13,24,1,1,0,0,12,3,0,1,0,10,5,1,2,99,1,2,2,1,3,3,1,1,0,0,99,99,99,99,99,99,0,0,0,0,1,2,0,540142,1840,2009,21,SR-705,MAPLE DR,0000000,39.65541667,-79.94448333,1,1
54,39,6,20,3,32,1,3,0,0,15,4,0,36,0,1,2,1,2,35,1,1,2,1,0,0,2,1,0,0,3,38,3,43,4,12,0,0,0,0,1,7,1,540143,480,2009,21,CR-8,99999999999999999999,0000000,38.32573333,-81.71278889,1,1
54,107,6,22,21,42,1,3,0,0,13,3,0,24,0,1,5,4,3,40,2,1,2,1,0,0,3,1,0,0,99,99,99,99,99,99,0,0,0,0,1,2,1,540144,2040,2009,138,SR-14,99999999999999999999,0000000,39.26794444,-81.56374444,1,1
54,49,6,22,20,28,1,2,0,0,3,4,0,42,0,1,4,1,2,99,1,1,2,1,0,0,5,1,0,0,88,88,88,88,88,88,0,0,0,0,1,2,1,540145,1630,2009,51,CR-1,99999999999999999999,0000000,39.52824167,-80.358875,1,1
54,25,6,23,15,35,2,2,0,0,3,2,0,12,4,1,1,1,2,55,1,1,2,1,0,0,1,1,0,0,99,99,99,99,99,99,0,0,0,0,1,3,0,540146,492,2009,49,US-60,99999999999999999999,0000000,37.95370278,-80.67595,2,1
54,67,6,24,18,30,3,3,0,0,4,4,0,12,1,1,1,1,2,35,1,1,2,1,0,0,1,1,0,0,99,99,99,99,99,99,0,0,0,0,1,4,1,540147,249,2009,34,CR-1,99999999999999999999,0000000,38.50951389,-80.79574167,2,1
54,39,6,25,23,34,1,1,0,0,14,3,0,33,0,1,3,2,3,50,2,1,1,1,0,0,3,1,0,0,88,88,88,88,88,88,0,0,0,0,1,5,1,540148,480,2009,30,SR-114,99999999999999999999,0000000,38.36609722,-81.58278889,1,1
54,67,6,25,1,0,1,2,0,0,5,4,0,1,0,1,1,1,2,99,2,3,4,1,0,0,2,1,0,0,99,99,99,99,88,88,0,0,0,0,1,5,1,540149,0,2009,12,CR-76,99999999999999999999,0000000,38.26901667,-80.51274722,1,1
54,27,6,26,15,20,2,3,0,0,4,3,0,12,2,1,1,1,2,55,1,1,2,1,0,0,1,1,0,0,15,21,15,38,16,27,0,0,0,0,1,6,0,540150,257,2009,48,SR-127,99999999999999999999,0000000,39.38721944,-78.37416944,2,1
54,11,6,26,18,25,2,3,0,0,16,6,0,12,5,2,1,1,2,25,1,1,2,1,20,3,1,1,0,0,18,34,18,42,19,8,0,0,0,0,1,6,0,540151,1270,2009,0,WEST 14TH ST,MONROE AVE,0000000,38.40828889,-82.47826944,2,1
54,15,6,27,17,50,1,2,0,0,6,4,0,1,0,1,2,1,2,30,2,3,2,1,0,0,1,1,0,0,99,99,99,99,99,99,0,0,0,0,1,7,1,540152,2860,2009,41,CR-15/4,99999999999999999999,0000000,38.43436389,-80.92456389,1,1
54,3,6,29,17,15,2,2,0,0,14,3,0,12,5,2,1,1,2,45,1,3,2,1,0,0,1,1,0,0,17,17,17,27,17,58,0,0,0,0,1,2,1,540153,1660,2009,191,SR-45,JENNY WREN DR,0000000,39.46233889,-77.92907222,2,1
54,87,6,30,9,15,2,4,0,0,3,2,0,54,11,1,1,1,2,55,2,1,2,1,0,0,1,1,0,0,99,99,99,99,99,99,0,14,0,0,2,3,0,540154,2510,2009,54,US-33,99999999999999999999,0000000,38.8258,-81.45976111,2,1
54,57,7,1,14,22,2,3,0,0,3,3,0,12,2,1,1,1,2,55,2,1,2,1,0,0,1,1,0,0,14,32,14,45,15,16,0,0,0,0,1,4,0,540155,934,2009,66,SR-28,99999999999999999999,0000000,39.54214167,-78.811325,2,1
54,77,7,1,1,18,1,2,0,1,1,1,0,1,0,1,3,2,2,70,2,2,2,1,0,0,2,1,0,0,1,22,1,32,2,23,0,0,0,0,1,4,0,540156,330,2009,190,I-68,99999999999999999999,0000000,39.64931111,-79.70366667,1,1
54,35,7,1,22,11,2,2,0,1,2,3,0,12,5,1,1,1,2,55,2,1,2,2,0,0,2,1,0,0,99,99,99,99,99,99,0,0,0,0,1,4,1,540157,1759,2009,39,SR-2,99999999999999999999,0000000,38.88628889,-81.84393889,2,1
54,81,7,1,9,0,2,3,0,0,3,3,0,12,2,1,1,1,2,40,2,1,2,1,0,0,1,1,0,0,99,99,99,99,99,99,0,0,0,0,1,4,0,540158,835,2009,110,SR-99,99999999999999999999,0000000,37.77946667,-81.37131111,2,1
54,79,7,4,11,4,2,3,0,1,2,2,0,12,5,10,1,2,2,65,1,1,2,1,0,0,1,1,0,0,11,25,11,41,12,13,0,0,0,0,1,7,0,540159,954,2009,160,US-35,HURRICANE CREEK RD,0000000,38.56729444,-81.986075,2,1
54,81,7,4,18,11,1,3,0,0,14,3,0,5,0,1,1,1,2,55,1,2,2,1,0,0,1,1,0,0,18,16,18,29,18,55,0,0,0,0,1,7,1,540160,287,2009,253,SR-16,99999999999999999999,0000000,37.88596389,-81.19025278,1,1
54,47,7,5,12,0,1,1,0,0,6,4,0,42,0,1,2,1,2,99,1,2,2,1,0,0,1,1,0,0,12,16,12,43,13,12,0,0,0,0,1,1,0,540161,1202,2009,10,CR-7/01,99999999999999999999,0000000,37.48773056,-81.69896944,1,1
54,29,5,25,20,20,2,3,0,1,13,2,0,12,2,1,1,2,2,45,2,3,2,1,0,0,1,1,0,0,20,24,99,99,99,99,0,0,0,0,1,2,1,540162,530,2009,3,US-30,99999999999999999999,0000000,40.59720556,-80.52781111,2,1
54,23,7,5,1,43,1,2,0,0,4,4,0,42,0,1,4,1,2,55,2,2,2,1,0,0,2,1,0,0,99,99,99,99,88,88,0,0,0,0,1,1,1,540163,2090,2009,81,CR-5,99999999999999999999,0000000,39.13858333,-79.07667222,1,1
54,79,7,5,8,22,2,4,0,1,11,1,0,12,1,1,1,2,2,70,1,3,2,2,0,0,1,1,0,0,8,23,8,28,8,55,0,0,0,0,1,1,0,540164,2591,2009,391,I-64,99999999999999999999,0000000,38.45541944,-81.92990833,2,1
54,33,7,10,17,30,1,1,0,0,3,3,0,1,0,1,2,1,2,99,2,1,2,1,0,0,1,1,0,0,17,39,17,47,88,88,0,0,0,0,1,6,1,540165,0,2009,1,SR-20,99999999999999999999,0000000,39.13785,-80.228175,1,1
54,61,7,5,13,30,4,9,0,1,11,1,0,12,5,7,1,2,2,70,1,1,2,1,0,0,1,1,0,0,13,36,13,41,14,19,0,14,0,0,2,1,1,540166,1840,2009,80,I-68,99999999999999999999,0000000,39.66179167,-79.88109722,4,1
54,39,7,11,12,30,1,3,2,0,14,3,0,8,0,1,2,1,2,45,1,1,2,1,0,0,1,1,0,0,99,99,99,99,99,99,0,0,0,0,1,7,1,540167,1205,2009,31,SR-94,99999999999999999999,0000000,38.22841944,-81.57416111,1,1
54,3,7,12,2,35,2,2,0,1,11,1,0,24,0,1,4,3,4,70,1,1,2,1,0,0,2,1,0,0,99,99,99,99,88,88,0,0,0,0,1,1,1,540168,1660,2009,140,I-81,99999999999999999999,0000000,39.48281667,-77.97878056,2,1
54,91,7,13,11,45,2,2,0,0,14,2,0,12,4,1,1,1,2,40,1,2,2,1,0,0,1,1,0,0,11,49,11,52,12,16,0,0,0,0,1,2,0,540169,1060,2009,120,US-50,99999999999999999999,0000000,39.34829167,-80.01429722,2,1
54,81,7,14,17,50,1,1,0,0,4,3,0,43,0,1,5,1,2,55,2,1,2,1,0,0,1,1,0,0,99,99,99,99,88,88,0,0,0,0,1,3,0,540170,2571,2009,80,SR-3,99999999999999999999,0000000,37.87603889,-81.50701111,1,1
54,97,7,15,20,30,1,1,0,0,4,3,0,24,0,1,2,1,2,40,2,2,2,1,0,0,1,1,0,0,20,33,20,41,20,52,0,0,0,0,1,4,1,540171,15,2009,181,SR-20,99999999999999999999,0000000,38.90395833,-80.275725,1,1
54,5,7,15,18,30,2,3,0,0,4,3,0,12,8,1,1,1,2,55,2,1,2,1,0,0,1,1,0,0,18,31,18,33,19,52,0,0,0,0,1,4,2,540172,589,2009,256,SR-3,99999999999999999999,0000000,38.12766944,-81.61674444,2,1
54,27,7,16,4,35,1,4,0,0,5,4,0,42,0,1,4,1,2,45,2,2,2,1,0,0,2,1,0,0,4,38,4,49,5,17,0,0,0,0,1,5,1,540173,2330,2009,89,CR-10,99999999999999999999,0000000,39.27727778,-78.72038889,1,1
54,63,7,20,8,50,1,1,0,0,4,3,0,42,0,1,4,1,2,55,1,2,2,2,0,0,1,2,0,0,8,50,9,5,88,88,0,0,0,0,1,2,1,540174,969,2009,252,SR-3,99999999999999999999,0000000,37.5825,-80.44416944,1,2
54,55,7,22,8,6,1,1,0,0,4,3,0,36,0,1,2,1,2,55,1,1,2,1,0,0,1,1,0,0,8,6,8,18,88,88,0,0,0,0,1,4,0,540175,1351,2009,140,SR-112,99999999999999999999,0000000,37.33658889,-80.95571944,1,1
54,25,7,20,17,7,1,1,0,1,13,2,0,1,0,1,2,1,2,55,2,2,2,1,0,0,1,1,0,0,17,9,17,14,17,43,0,0,0,0,1,2,0,540176,2340,2009,69,US-219,99999999999999999999,0000000,37.74241667,-80.44172222,1,1
54,5,7,16,23,5,2,3,0,0,3,3,0,12,2,1,1,1,2,40,1,1,2,1,0,0,2,1,0,0,99,99,99,99,99,99,0,0,0,0,1,5,0,540177,2647,2009,305,SR-85,99999999999999999999,0000000,38.01939167,-81.77325833,2,1
54,7,7,21,15,40,2,2,0,1,1,1,0,1,0,1,1,2,2,70,1,1,2,1,0,0,1,1,0,0,15,46,16,2,88,88,0,0,0,0,1,3,0,540178,360,2009,760,I-79,99999999999999999999,0000000,38.85049444,-80.66493611,2,1
54,39,7,22,7,35,1,1,0,0,14,4,0,34,0,1,4,1,2,99,2,1,1,1,0,0,1,1,0,0,99,99,99,99,88,88,0,0,0,0,1,4,0,540179,2480,2009,14,CR-601,99999999999999999999,0000000,38.34459167,-81.7069,1,1
54,81,7,23,1,50,1,1,0,0,15,4,0,24,0,1,2,1,2,99,2,2,2,1,0,0,2,1,0,0,99,99,99,99,88,88,0,0,0,0,1,5,1,540180,1033,2009,34,CR-25,99999999999999999999,0000000,37.75242778,-81.15643611,1,1
54,81,7,24,17,10,1,1,0,0,6,4,0,1,0,1,1,1,2,99,1,1,2,1,0,0,1,1,0,0,17,21,99,99,99,99,0,0,0,0,1,6,0,540181,567,2009,42,CR-38,99999999999999999999,0000000,37.67342778,-81.20355556,1,1
54,89,7,26,11,57,2,3,0,0,3,3,0,12,2,1,1,1,2,55,2,2,2,2,0,0,1,2,0,0,11,59,12,21,13,24,0,0,0,0,2,1,0,540182,828,2009,315,SR-20,99999999999999999999,0000000,37.82741389,-80.80547222,2,2
54,11,8,8,19,27,1,1,0,0,4,4,0,23,0,1,5,1,2,35,1,1,2,1,0,0,1,1,0,0,19,29,19,44,88,88,0,0,0,0,1,7,1,540183,2392,2009,16,CR-47,99999999999999999999,0000000,38.34330556,-82.18296944,1,1
54,73,8,10,23,0,3,4,0,1,2,3,0,12,2,1,1,1,2,55,2,1,2,1,0,0,2,1,0,0,99,99,99,99,99,99,0,0,0,0,1,2,0,540184,0,2009,24,SR-2,99999999999999999999,0000000,39.38638889,-81.23806111,3,1
54,7,7,15,17,30,4,4,0,1,1,1,0,1,0,1,1,2,2,70,1,1,1,1,0,0,1,1,0,0,99,99,99,99,99,99,0,0,0,0,2,4,0,540185,360,2009,800,I-79,99999999999999999999,0000000,38.86968611,-80.64385278,4,1
54,81,7,23,22,2,2,3,1,0,16,4,0,8,0,1,5,1,2,35,2,3,2,9,0,0,2,1,0,0,99,99,99,99,99,99,0,0,0,0,1,5,1,540186,1022,2009,1,CR-25/06,99999999999999999999,0000000,37.755875,-81.15835556,1,1
54,83,8,12,12,35,1,1,0,1,2,2,0,34,0,1,2,1,2,55,2,2,2,1,0,0,1,1,0,0,99,99,99,99,88,88,0,0,0,0,1,4,0,540187,1776,2009,18,US-219,99999999999999999999,0000000,38.48086667,-80.03905278,1,1
54,55,8,14,13,5,2,4,0,1,1,1,0,12,1,1,1,3,2,70,1,1,2,1,0,0,1,1,0,0,13,14,13,22,88,88,0,19,0,0,1,6,0,540188,260,2009,20,I-77,99999999999999999999,0000000,37.30258056,-81.09348611,2,1
54,97,8,14,9,32,1,1,0,0,4,4,0,36,0,1,4,1,2,45,2,2,2,1,0,0,1,1,0,0,9,32,9,40,88,88,0,0,0,0,1,6,0,540189,340,2009,60,CR-9,99999999999999999999,0000000,38.91785,-80.18294444,1,1
54,11,8,8,20,15,1,1,0,0,6,4,0,36,0,1,5,1,2,35,2,3,2,1,0,0,5,1,0,0,20,15,20,36,88,88,0,0,0,0,1,7,1,540190,1760,2009,7,CR-14/1,99999999999999999999,0000000,38.48692778,-82.16914167,1,1
54,25,8,17,17,38,1,2,0,1,1,1,0,32,0,1,3,2,2,70,2,3,2,1,0,0,1,1,0,0,99,99,99,99,99,99,0,0,0,0,1,2,0,540191,0,2009,1616,I-64,99999999999999999999,0000000,37.86675556,-80.55093056,1,1
54,55,8,17,8,19,3,1,0,1,2,2,0,14,1,10,5,5,2,99,2,1,2,1,0,0,1,1,0,0,99,99,99,99,99,99,0,0,0,0,1,2,0,540192,261,2009,71,US-52,WARDEN AVE,0000000,37.31256389,-81.26020556,1,1
54,31,8,19,10,45,1,1,0,0,3,2,0,38,0,1,4,1,2,55,2,1,2,1,0,0,1,1,0,0,99,99,99,99,88,88,0,0,0,0,1,4,0,540193,1830,2009,3,US-220,99999999999999999999,0000000,38.99721944,-79.06138889,1,1
54,3,8,23,14,19,1,1,0,1,11,1,0,32,0,1,2,3,3,70,2,1,2,1,0,0,1,1,0,0,14,20,14,23,14,42,0,0,0,0,1,1,0,540194,1660,2009,120,I-81,99999999999999999999,0000000,39.44206667,-77.98911111,1,1
54,25,8,22,14,10,1,2,0,0,6,4,0,34,0,1,4,1,2,99,2,2,2,1,0,0,1,1,0,0,99,99,99,99,99,99,0,0,0,0,1,7,1,540195,2340,2009,12,CR-9/9,99999999999999999999,0000000,37.91126111,-80.53155556,1,1
54,45,8,28,1,6,1,2,0,0,4,4,0,11,0,1,1,1,2,99,1,1,2,1,0,0,2,1,0,0,1,9,1,14,1,33,0,0,0,0,1,6,0,540196,2660,2009,34,CR-5,99999999999999999999,0000000,37.84686667,-82.04589722,1,1
54,39,5,13,12,20,1,5,0,0,14,4,0,27,0,1,2,1,2,55,2,2,2,1,0,0,1,1,0,0,99,99,99,99,99,99,0,0,0,0,1,4,1,540197,480,2009,13,CR-21,99999999999999999999,0000000,38.5338,-81.62961944,1,1
54,53,5,23,5,50,1,2,0,0,3,3,0,42,0,1,4,1,2,55,2,2,2,1,0,0,4,1,0,0,5,56,6,4,6,29,0,0,0,0,1,7,0,540198,1434,2009,282,SR-62,99999999999999999999,0000000,38.81576944,-82.06563889,1,1
54,11,5,29,17,40,2,4,0,0,14,2,0,12,1,1,1,1,2,55,1,1,2,1,0,0,1,1,0,0,17,41,17,45,18,26,0,0,0,0,1,6,0,540199,2003,2009,173,US-60,99999999999999999999,0000000,38.41654444,-82.25060556,2,1
54,45,6,11,9,35,3,5,0,1,2,3,0,12,2,1,1,1,2,45,1,1,2,2,0,0,1,2,0,0,9,37,9,40,10,18,0,0,0,0,1,5,0,540200,1620,2009,83,SR-10,99999999999999999999,0000000,37.74180556,-81.87775556,3,2
54,79,7,13,15,23,1,1,0,0,16,6,0,38,0,1,2,1,2,35,1,2,2,1,0,0,1,1,0,0,99,99,99,99,99,99,0,0,0,0,1,2,0,540201,0,2009,0,MAIN ST,99999999999999999999,0000000,38.42943889,-82.03063056,1,1
54,61,7,16,20,46,1,1,0,1,11,1,0,1,0,1,2,2,2,70,1,1,1,1,0,0,5,1,0,0,99,99,99,99,99,99,0,0,0,0,1,5,1,540202,2800,2009,1540,I-79,99999999999999999999,0000000,39.64029722,-80.00233333,1,1
54,11,8,9,3,34,1,1,0,0,13,2,0,25,0,1,2,3,2,35,2,1,1,1,0,0,3,1,0,0,99,99,99,99,99,99,0,0,0,0,1,1,1,540203,1270,2009,13,US-60,99999999999999999999,0000000,38.4124,-82.47796944,1,1
54,3,8,27,12,45,2,3,0,1,11,1,0,14,1,1,2,3,3,70,1,1,2,1,0,0,1,1,0,0,99,99,99,99,88,88,0,0,0,0,1,5,0,540204,1660,2009,152,I-81,99999999999999999999,0000000,39.49084444,-77.9713,1,1
54,33,8,28,23,47,1,1,0,0,3,4,0,42,0,1,6,1,2,35,2,1,2,2,0,0,2,2,0,0,23,51,23,57,0,22,0,0,0,0,1,6,0,540205,320,2009,17,CR-26,99999999999999999999,0000000,39.26595278,-80.24263889,1,2
54,25,8,30,6,30,1,1,0,1,13,2,0,27,0,1,2,4,2,35,1,3,2,1,0,0,4,1,0,0,99,99,99,99,99,99,0,0,0,0,1,1,0,540206,837,2009,91,US-219,99999999999999999999,0000000,37.78272222,-80.45605556,1,1
54,11,8,18,19,19,2,1,0,1,11,1,0,24,0,1,2,3,2,70,2,1,2,1,0,0,6,1,0,0,19,19,19,27,88,88,0,0,0,0,1,3,0,540207,130,2009,148,I-64,99999999999999999999,0000000,38.41904167,-82.34119167,1,1
54,99,5,28,8,34,2,2,0,1,2,2,0,12,5,2,1,1,2,55,1,1,2,1,20,3,1,1,0,0,99,99,99,99,88,88,0,0,0,0,1,5,0,540208,0,2009,119,US-52,WHITES CREEK RD,0000000,38.30630556,-82.57251389,2,1
54,31,8,30,12,25,3,4,0,0,4,3,0,12,2,1,1,1,2,55,1,3,2,1,0,0,1,1,0,0,12,25,12,34,13,23,0,14,0,0,1,1,0,540209,2710,2009,337,SR-259,99999999999999999999,0000000,39.10611111,-78.57916944,3,1
54,39,7,15,99,99,1,2,1,0,13,2,0,8,0,1,1,1,2,99,1,1,2,1,0,0,2,1,0,0,88,88,88,88,88,88,0,0,0,0,1,4,0,540210,2370,2009,5,US-35,99999999999999999999,0000000,38.40683333,-81.85813333,1,1
54,11,9,1,6,38,1,1,0,0,13,3,0,1,0,1,2,1,2,55,1,1,2,1,0,0,1,1,0,0,6,38,6,54,7,14,0,0,0,0,1,3,0,540211,1270,2009,174,SR-10,99999999999999999999,0000000,38.38775556,-82.39553056,1,1
54,31,9,3,19,30,1,1,0,1,2,3,0,31,0,1,2,2,2,65,2,3,2,1,0,0,5,1,0,0,88,88,88,88,88,88,0,0,0,0,1,5,1,540212,2710,2009,383,SR-55,99999999999999999999,0000000,39.07104444,-78.64786111,1,1
54,31,9,4,9,25,1,1,0,0,3,2,0,31,0,1,4,1,2,55,1,1,2,1,0,0,1,1,0,0,9,40,10,8,11,3,0,0,0,0,1,6,0,540213,1830,2009,43,US-220,99999999999999999999,0000000,38.99083611,-79.01641944,1,1
54,19,9,5,18,10,1,1,0,0,16,5,0,5,0,1,1,1,2,25,1,3,2,1,0,0,1,1,0,0,99,99,99,99,99,99,0,0,0,0,1,7,0,540214,1970,2009,0,BOND AVE,99999999999999999999,0000000,37.98469722,-81.15250833,1,1
54,89,8,27,99,99,1,1,0,0,3,3,0,42,0,1,6,1,2,55,1,1,2,1,0,0,2,1,0,0,99,99,99,99,88,88,0,18,0,0,1,5,1,540215,2079,2009,208,SR-3,99999999999999999999,0000000,37.68209167,-80.71240556,1,1
54,81,9,6,13,15,1,1,0,0,6,8,0,24,0,1,2,1,2,55,2,2,2,1,0,0,1,1,0,0,99,99,99,99,88,88,0,20,0,0,1,1,0,540216,699,2009,14,CR-1/3-LAUREL ALAMA,99999999999999999999,0000000,37.96632778,-81.44843056,1,1
54,81,9,6,2,55,1,2,0,0,14,4,0,35,0,1,4,1,2,55,2,1,2,1,0,0,2,1,0,0,2,58,3,12,88,88,0,0,0,0,2,1,1,540217,287,2009,251,CR-16,99999999999999999999,0000000,37.86157222,-81.196775,1,1
54,35,9,8,10,49,1,3,0,1,1,1,0,57,0,1,3,3,2,70,1,1,2,1,0,0,1,1,0,0,99,99,99,99,99,99,0,0,0,0,1,3,0,540218,2240,2009,1450,I-77,99999999999999999999,0000000,38.91035278,-81.72450278,1,1
54,3,9,8,2,8,1,1,0,1,2,3,0,42,0,1,2,1,2,45,1,1,2,1,0,0,2,1,0,0,2,11,2,22,2,45,0,0,0,0,1,3,1,540219,0,2009,198,SR-9,99999999999999999999,0000000,39.40638056,-77.91225,1,1
54,39,9,9,10,14,1,1,0,1,1,1,0,24,0,1,2,2,2,70,1,2,2,1,0,0,1,1,0,0,88,88,88,88,88,88,0,0,0,0,1,4,0,540220,2439,2009,1060,I-77,99999999999999999999,0000000,38.41839722,-81.6317,1,1
54,39,9,9,14,50,1,3,0,0,16,4,0,34,0,1,4,1,2,35,1,1,2,1,0,0,1,1,0,0,99,99,99,99,99,99,0,0,0,0,1,4,1,540221,672,2009,14,CR-73/3,99999999999999999999,0000000,38.15939722,-81.44714444,1,1