STATE,COUNTY,MONTH,DAY,HOUR,MINUTE,VE_TOTAL,PERSONS,PEDS,NHS,ROAD_FNC,ROUTE,SP_JUR,HARM_EV,MAN_COLL,REL_JUNC,REL_ROAD,TRAF_FLO,NO_LANES,SP_LIMIT,ALIGNMNT,PROFILE,PAVE_TYP,SUR_COND,TRA_CONT,T_CONT_F,LGT_COND,WEATHER1,WEATHER2,WRK_ZONE,NOT_HOUR,NOT_MIN,ARR_HOUR,ARR_MIN,HOSP_HR,HOSP_MN,SCH_BUS,CF1,CF2,CF3,FATALS,DAY_WEEK,DRUNK_DR,ST_CASE,CITY,YEAR,MILEPT,TWAY_ID,TWAY_ID2,RAIL,LATITUDE,LONGITUD,VE_FORMS,WEATHER
54,77,9,10,16,15,2,2,0,0,6,4,0,12,5,1,1,1,2,55,2,3,2,1,0,0,1,1,0,0,99,99,99,99,88,88,0,0,0,0,1,5,1,540222,1167,2009,24,CR-5/7,99999999999999999999,0000000,39.65760556,-79.65675833,2,1
54,59,9,11,1,45,1,3,0,0,4,4,0,42,0,1,4,2,2,35,1,1,2,1,0,0,2,5,0,0,99,99,99,99,99,99,0,0,0,0,1,6,0,540223,1931,2009,46,CR-6,99999999999999999999,0000000,37.62415833,-82.07255,1,5
54,31,9,12,2,30,1,1,0,1,2,3,0,1,0,1,2,1,2,55,1,1,2,1,0,0,2,1,0,0,2,45,2,56,88,88,0,0,0,0,1,7,1,540224,2710,2009,384,SR-55,99999999999999999999,0000000,39.07684167,-78.59456111,1,1
54,99,9,14,18,32,1,1,0,0,15,4,0,35,0,1,2,1,2,25,2,2,2,1,0,0,1,1,0,0,99,99,99,99,99,99,0,0,0,0,1,2,0,540225,940,2009,10,CR-36/5,99999999999999999999,0000000,38.11544722,-82.59444167,1,1
54,43,9,14,5,15,1,2,0,0,4,3,0,42,0,1,2,1,2,55,1,1,2,1,0,0,2,1,0,0,5,23,5,36,88,88,0,0,0,0,1,2,1,540226,1110,2009,34,SR-34,99999999999999999999,0000000,38.32556389,-82.05903056,1,1
54,91,9,13,19,29,2,10,0,0,3,2,0,12,5,1,1,1,2,55,1,1,2,1,0,0,1,1,0,0,19,33,19,41,99,99,0,0,0,0,3,1,0,540227,2608,2009,195,US-50,99999999999999999999,0000000,39.335925,-79.90339167,2,1
54,19,9,17,22,52,1,1,0,0,3,2,0,42,0,1,2,1,2,55,1,1,2,1,0,0,2,1,0,0,99,99,99,99,99,99,0,0,0,0,1,5,1,540228,1208,2009,279,US-60,99999999999999999999,0000000,38.117625,-81.00583333,1,1
54,51,9,19,3,18,1,4,0,1,2,2,0,42,0,1,4,1,2,55,2,1,2,1,0,0,2,1,0,0,99,99,99,99,99,99,0,0,0,0,2,7,1,540229,0,2009,42,US-250,99999999999999999999,0000000,39.72250556,-80.53424722,1,1
54,35,9,20,5,50,1,1,0,1,1,1,0,32,0,1,3,2,2,70,2,1,2,1,0,0,2,1,0,0,99,99,99,99,99,99,0,0,0,0,1,1,0,540230,1348,2009,1210,I-77,99999999999999999999,0000000,38.56448889,-81.63631667,1,1
54,99,6,8,20,0,1,1,0,0,6,4,0,1,0,1,1,1,2,25,1,1,4,1,0,0,1,1,0,0,20,5,20,24,99,99,0,0,0,0,1,2,1,540231,0,2009,10,CR-52/47,99999999999999999999,0000000,37.90885556,-82.42033611,1,1
54,61,9,23,21,40,1,2,1,0,13,2,0,8,0,1,1,1,2,45,2,2,2,1,0,0,3,1,0,0,21,41,21,48,22,10,0,0,0,0,1,4,0,540232,1840,2009,140,US-119,99999999999999999999,0000000,39.6322,-79.95047222,1,1
54,37,9,24,1,33,1,1,0,0,6,4,0,30,0,1,4,1,2,45,1,2,2,1,0,0,2,1,0,0,1,38,1,51,88,88,0,0,0,0,1,5,0,540233,1345,2009,15,CR-8,99999999999999999999,0000000,39.33893611,-77.88682222,1,1
54,49,9,25,2,32,1,2,0,1,12,1,0,24,0,13,8,6,1,70,2,2,2,2,0,0,2,2,0,0,2,40,2,40,3,15,0,0,0,0,1,6,1,540234,840,2009,1370,I-79,99999999999999999999,0000000,39.47123889,-80.12331389,1,2
54,47,9,26,3,20,1,2,1,0,3,3,0,8,0,1,1,1,2,35,1,2,2,1,0,0,2,1,0,0,99,99,99,99,88,88,0,0,0,0,1,7,0,540235,2690,2009,139,SR-16,99999999999999999999,0000000,37.2841,-81.66346111,1,1
54,5,9,26,3,20,1,2,0,0,6,5,0,35,0,1,4,1,2,25,1,2,1,2,0,0,2,2,0,0,3,27,3,31,4,4,0,0,0,0,1,7,0,540236,1590,2009,0,STATE STREET,99999999999999999999,0000000,38.07262222,-81.82132222,1,2
54,37,9,28,15,13,1,1,0,0,4,3,0,30,0,1,2,1,2,45,2,3,2,1,0,0,1,1,0,0,99,99,99,99,99,99,0,0,0,0,1,2,0,540237,1140,2009,90,SR-230,99999999999999999999,0000000,39.33549167,-77.799125,1,1
54,83,9,28,14,0,1,2,0,1,2,2,0,42,0,1,4,1,2,55,1,2,2,1,0,0,1,1,0,0,99,99,99,99,99,99,0,0,0,0,1,2,0,540238,1359,2009,474,US-219,99999999999999999999,0000000,39.0468,-79.8138,1,1
54,109,9,29,9,37,2,2,0,1,2,3,0,12,2,1,1,1,3,25,1,3,2,1,0,0,1,1,0,0,99,99,99,99,99,99,0,0,0,0,1,3,2,540239,0,2009,263,SR-97,99999999999999999999,0000000,37.58230278,-81.54108611,2,1
54,33,10,2,20,34,1,1,0,0,3,4,0,24,0,1,2,1,2,55,1,1,2,2,0,0,2,2,0,0,99,99,99,99,99,99,0,0,0,0,1,6,1,540240,0,2009,51,CR-9,99999999999999999999,0000000,39.31577222,-80.40163889,1,2
54,77,10,4,18,47,1,2,0,0,3,4,0,1,0,1,1,1,2,45,2,2,2,1,0,0,1,1,0,0,99,99,99,99,88,88,0,0,0,0,1,1,0,540241,1890,2009,4,CR-26/32,99999999999999999999,0000000,39.43186667,-79.79838333,1,1
54,5,10,4,17,22,1,1,0,0,6,4,0,34,0,2,6,1,2,55,1,1,2,1,20,3,1,1,0,0,17,25,17,30,88,88,0,0,0,0,1,1,1,540242,650,2009,14,CR-18/1,SAUNDERS BRANCH RD,0000000,38.01721944,-81.93666944,1,1
54,53,10,4,2,0,1,2,0,0,4,3,0,36,0,1,2,1,2,55,2,2,2,1,0,0,2,1,0,0,2,28,2,46,4,32,0,0,0,0,1,1,1,540243,1450,2009,62,SR-62,99999999999999999999,0000000,38.65810278,-81.95093889,1,1
54,103,10,4,14,0,1,1,0,0,3,3,0,24,0,1,2,1,2,40,2,2,2,1,0,0,1,1,0,0,14,19,14,33,88,88,0,0,0,0,1,1,0,540244,1163,2009,150,SR-20,99999999999999999999,0000000,39.55329444,-80.67123333,1,1
54,47,10,4,13,5,2,3,0,0,6,4,0,12,8,1,1,1,2,25,1,3,4,1,0,0,1,1,0,0,13,22,13,42,15,10,0,0,0,0,1,1,0,540245,2530,2009,18,CR-13/04,99999999999999999999,0000000,37.259325,-81.56184444,2,1
54,39,10,4,16,40,2,2,0,0,13,2,0,12,2,1,1,1,2,55,1,1,2,1,0,0,1,1,0,0,99,99,99,99,99,99,0,0,0,0,1,1,0,540246,1010,2009,397,US-60,99999999999999999999,0000000,38.21350278,-81.38980833,2,1
54,57,10,9,7,26,1,2,0,0,6,4,0,1,0,1,2,1,2,35,2,1,2,2,0,0,1,1,0,0,99,99,99,99,99,99,0,0,0,0,1,6,0,540247,1895,2009,6,CR-50/2,99999999999999999999,0000000,39.36837778,-79.01397222,1,1
54,51,10,11,22,45,1,1,0,0,6,4,0,35,0,1,2,1,2,30,2,2,2,1,0,0,2,1,0,0,99,99,99,99,88,88,0,0,0,0,1,1,0,540248,0,2009,45,CR-76,99999999999999999999,0000000,39.733725,-80.76706389,1,1
54,53,10,3,99,99,1,1,0,1,13,3,0,35,0,1,6,1,2,55,2,1,2,1,0,0,1,1,0,0,19,33,19,37,88,88,0,0,0,0,1,7,1,540249,2150,2009,212,SR-2,99999999999999999999,0000000,38.83723333,-82.09053056,1,1
54,5,10,19,15,22,1,3,0,0,4,4,0,31,0,1,4,1,2,40,2,1,2,1,0,0,1,1,0,0,99,99,99,99,99,99,0,0,0,0,1,2,0,540250,112,2009,98,CR-1,99999999999999999999,0000000,38.18118333,-81.70865833,1,1
54,33,10,13,17,53,2,3,0,1,13,2,0,12,5,2,1,2,2,55,1,1,2,1,0,0,1,1,0,0,17,57,18,10,18,38,0,0,0,0,1,3,0,540251,540,2009,760,US-50,WILSONBURG RD,0000000,39.28609444,-80.38324444,2,1
54,109,10,13,6,45,2,2,0,1,2,3,0,12,2,1,1,1,2,55,2,1,2,1,0,0,2,1,0,0,6,46,6,53,8,40,0,0,0,0,1,3,0,540252,2140,2009,243,SR-10,99999999999999999999,0000000,37.57282222,-81.47246389,2,1
54,67,10,16,14,35,2,2,0,0,4,3,0,12,2,1,1,1,2,55,1,1,2,2,0,0,1,2,0,0,99,99,99,99,88,88,0,0,0,0,2,6,1,540253,895,2009,53,SR-55,99999999999999999999,0000000,38.2582,-80.6048,2,2
54,85,10,18,3,25,2,3,0,1,2,2,0,12,5,2,1,2,2,65,1,2,2,2,20,3,3,5,0,0,3,35,3,38,4,31,0,0,0,0,1,1,0,540254,2080,2009,405,US-50,BUNNELLS RUN RD,0000000,39.27391667,-80.99000833,2,5
54,109,10,26,2,22,1,1,0,0,3,3,0,32,0,1,4,1,2,55,1,1,2,1,0,0,2,1,0,0,2,22,2,38,88,88,0,0,0,0,1,2,1,540255,645,2009,462,SR-10,99999999999999999999,0000000,37.73461111,-81.68781389,1,1
54,99,10,26,9,54,1,2,1,0,13,5,0,15,0,4,1,1,2,25,1,1,2,1,3,3,1,1,0,0,9,55,10,4,88,88,0,0,0,0,1,2,0,540256,1350,2009,0,14TH ST,US-60,0000000,38.40105,-82.57711667,1,1
54,33,10,25,8,20,1,1,0,0,3,3,0,43,0,1,6,1,2,55,1,1,2,1,0,0,1,1,0,0,99,99,99,99,88,88,0,0,0,0,1,1,0,540257,2685,2009,364,SR-20,99999999999999999999,0000000,39.40247778,-80.480775,1,1
54,39,10,28,19,8,1,1,0,0,4,2,0,32,0,1,4,1,2,45,1,1,2,1,0,0,2,1,0,0,99,99,99,99,88,88,0,0,0,0,1,4,1,540258,560,2009,390,US-119,99999999999999999999,0000000,38.47373056,-81.39595,1,1
54,29,9,28,0,57,1,1,0,1,13,3,0,30,0,1,2,1,2,25,1,1,2,1,0,0,3,1,0,0,99,99,99,99,88,88,0,0,0,0,1,2,0,540259,2730,2009,18,SR-2,99999999999999999999,0000000,40.42132222,-80.59172222,1,1
54,49,2,14,14,38,1,2,0,0,14,2,0,43,0,1,4,1,2,25,1,2,2,1,0,0,1,1,0,0,99,99,99,99,99,99,0,0,0,0,1,7,0,540260,840,2009,5,US-19,99999999999999999999,0000000,39.48976667,-80.14208889,1,1
54,47,7,3,15,16,1,3,0,0,4,3,0,17,0,1,6,1,2,55,2,1,2,1,0,0,1,1,0,0,15,16,15,37,99,99,0,0,0,0,1,6,1,540261,125,2009,19,SR-80,99999999999999999999,0000000,37.40821111,-81.78875,1,1
54,85,10,15,16,49,1,1,0,1,2,2,0,34,0,1,4,2,2,65,2,2,2,2,0,0,1,2,0,0,16,51,17,3,17,44,0,0,0,0,1,5,0,540262,0,2009,21,US-50,99999999999999999999,0000000,39.24684722,-81.23425,1,2
54,7,10,26,15,28,1,1,0,1,2,2,0,24,0,1,4,2,2,65,2,2,2,1,0,0,1,1,0,0,99,99,99,99,99,99,0,0,0,0,1,2,0,540263,1486,2009,630,US-19,99999999999999999999,0000000,38.57882778,-80.73746389,1,1
54,1,10,29,18,15,1,1,0,0,3,2,0,34,0,1,2,1,2,55,1,2,2,1,0,0,5,1,0,0,18,25,18,25,88,88,0,0,0,0,1,5,1,540264,2110,2009,115,US-119,99999999999999999999,0000000,39.17299167,-80.05441111,1,1
54,37,10,30,21,22,1,1,0,0,4,4,0,42,0,1,5,1,2,35,2,1,2,1,0,0,2,1,0,0,21,24,21,32,88,88,0,0,0,0,1,6,0,540265,2418,2009,74,CR-17,99999999999999999999,0000000,39.38858056,-77.81685,1,1
54,33,11,1,10,47,1,1,0,1,13,2,0,34,0,1,4,3,2,50,1,1,2,1,0,0,1,1,0,0,10,51,10,53,88,88,0,0,0,0,1,1,0,540266,540,2009,790,US-50,99999999999999999999,0000000,39.28267222,-80.34095833,1,1
54,37,11,1,3,35,1,1,0,0,6,4,0,42,0,1,5,1,2,45,2,4,2,2,0,0,2,2,0,0,3,37,3,51,88,88,0,0,0,0,1,1,1,540267,1345,2009,15,CR-8,99999999999999999999,0000000,39.33638889,-77.88861111,1,2
54,59,11,4,13,40,1,1,0,1,2,2,0,35,0,1,2,1,2,55,2,1,2,1,0,0,1,1,0,0,99,99,99,99,99,99,0,0,0,0,1,4,0,540268,0,2009,428,US-52,99999999999999999999,0000000,37.64808333,-81.98298333,1,1
54,97,11,9,12,45,1,1,0,1,2,2,0,1,0,1,1,2,2,65,1,1,2,1,0,0,1,1,0,0,12,50,12,54,88,88,0,0,0,0,1,2,0,540269,340,2009,77,US-33,99999999999999999999,0000000,38.97555833,-80.06351111,1,1
54,39,11,9,0,30,1,2,0,0,3,4,0,35,0,1,4,1,2,40,2,2,2,1,0,0,2,1,0,0,99,99,99,99,99,99,0,0,0,0,1,2,1,540270,2439,2009,129,CR-21,99999999999999999999,0000000,38.50078056,-81.64563889,1,1
54,3,11,7,12,10,1,2,0,1,1,1,0,1,0,1,3,2,2,70,1,1,2,1,0,0,1,1,0,0,12,15,12,23,12,46,0,0,0,0,1,7,0,540271,1660,2009,78,I-81,99999999999999999999,0000000,39.38678889,-78.02919444,1,1
54,99,9,7,15,15,2,9,0,1,2,2,0,12,4,1,1,1,2,55,2,2,2,2,0,0,1,2,0,0,99,99,99,99,99,99,0,0,0,0,3,2,0,540272,940,2009,389,US-52,99999999999999999999,0000000,38.11456944,-82.58165278,2,2
54,3,10,13,4,16,2,3,0,0,4,3,0,12,2,1,1,1,2,55,1,1,2,1,0,0,2,1,0,0,4,19,4,25,5,21,0,0,0,0,1,3,1,540273,354,2009,47,SR-51,99999999999999999999,0000000,39.32888889,-78.00971944,2,1
54,81,10,17,12,28,2,3,0,1,1,1,0,14,1,1,2,2,2,70,1,1,1,2,0,0,1,2,0,0,12,41,13,6,13,25,0,0,0,0,1,7,0,540274,996,2009,295,I-77,99999999999999999999,0000000,37.63048056,-81.11408056,1,2
54,45,10,22,23,18,2,2,0,0,4,4,0,12,1,1,1,1,2,55,1,1,2,1,0,0,2,1,0,0,23,18,23,27,23,44,0,0,0,0,1,5,2,540275,2078,2009,48,CR-7,99999999999999999999,0000000,37.94744722,-81.93461944,2,1
54,23,10,30,14,30,3,4,0,0,3,3,0,12,2,1,1,1,2,55,1,1,2,1,0,0,1,1,0,0,14,36,14,41,15,0,0,0,0,0,1,6,0,540276,2090,2009,107,SR-220,99999999999999999999,0000000,38.99553889,-79.10705556,3,1
54,103,11,12,0,58,1,1,0,1,13,3,0,42,0,1,2,1,2,55,1,1,2,1,0,0,2,1,0,0,88,88,88,88,88,88,0,0,0,0,1,5,0,540277,1930,2009,71,SR-2,99999999999999999999,0000000,39.63476111,-80.85920278,1,1
54,45,11,13,17,38,1,2,1,0,6,6,0,8,0,1,1,2,2,55,1,1,2,1,0,0,5,1,0,0,99,99,99,99,99,99,0,0,0,0,1,6,0,540278,1500,2009,0,WATER ST,99999999999999999999,0000000,37.84951389,-81.99841667,1,1
54,31,11,14,23,20,1,5,0,0,5,4,0,42,0,1,4,1,2,55,1,3,2,1,0,0,2,1,0,0,99,99,99,99,99,99,0,0,0,0,1,7,1,540279,0,2009,13,CR-10/1,99999999999999999999,0000000,39.04085278,-79.07066389,1,1
54,79,11,17,16,40,1,2,1,0,14,3,0,8,0,1,1,5,4,25,1,1,2,1,0,0,1,1,0,0,16,44,16,50,88,88,0,0,0,0,1,3,0,540280,1940,2009,17,SR-25,99999999999999999999,0000000,38.43241389,-81.83745833,1,1
54,67,11,18,19,55,1,1,0,0,5,4,0,42,0,1,5,1,2,55,1,1,2,1,0,0,2,1,0,0,99,99,99,99,99,99,0,0,0,0,1,4,0,540281,1361,2009,30,CR-9,99999999999999999999,0000000,38.24613333,-80.93919722,1,1
54,23,6,16,15,45,2,5,0,0,3,3,0,12,5,1,1,5,2,55,1,1,2,1,20,3,1,1,0,0,15,49,15,52,16,2,0,0,0,0,2,3,0,540282,2090,2009,130,SR-55/28,99999999999999999999,0000000,38.99288889,-79.12418889,2,1
54,11,10,26,18,6,3,4,0,0,14,2,0,12,8,1,1,1,2,40,1,1,2,1,0,0,1,1,0,0,18,6,18,17,18,35,0,0,0,0,1,2,0,540283,643,2009,235,US-60,99999999999999999999,0000000,38.41976389,-82.05615556,3,1
54,83,11,6,13,55,3,5,0,1,13,2,0,12,2,1,1,1,2,55,2,1,2,1,0,0,1,1,0,0,99,99,99,99,99,99,0,0,0,0,1,6,0,540284,810,2009,97,US-92,99999999999999999999,0000000,38.93638889,-79.90916944,3,1
54,49,11,8,14,58,2,4,0,0,14,4,0,12,5,2,1,2,2,25,1,1,2,1,20,3,1,1,0,0,14,58,15,3,15,45,0,0,0,0,1,1,0,540285,840,2009,80,CR-310,I-79,0000000,39.47195556,-80.12068333,2,1
54,37,11,11,18,53,2,2,0,0,4,3,0,12,2,4,1,1,2,45,1,1,2,2,0,0,2,1,0,0,18,55,19,8,19,51,0,0,0,0,1,4,0,540286,1741,2009,6,SR-51,4687 MIDDLEWAY PIKE,0000000,39.31215278,-77.98005556,2,1
54,51,11,21,3,25,1,1,0,1,2,2,0,42,0,1,4,1,2,55,1,1,2,1,0,0,2,1,0,0,99,99,99,99,88,88,0,0,0,0,1,7,1,540287,390,2009,116,US-250,99999999999999999999,0000000,39.72263611,-80.53407778,1,1
54,33,11,22,13,22,1,2,0,0,5,4,0,35,0,1,5,1,2,40,2,1,2,1,0,0,1,1,0,0,99,99,99,99,99,99,0,0,0,0,1,1,0,540288,1530,2009,11,CR-6,99999999999999999999,0000000,39.38436944,-80.36713611,1,1
54,99,11,14,12,30,2,4,0,0,4,3,0,12,5,2,1,2,2,55,1,1,2,1,0,0,1,1,0,0,12,31,12,35,13,0,0,0,0,0,1,7,0,540289,705,2009,84,SR-152,PARK RD,0000000,38.04660278,-82.4263,2,1
54,79,11,21,22,0,2,5,0,1,11,1,0,12,1,13,1,6,1,40,1,3,2,1,3,3,3,1,0,0,22,3,22,9,22,26,0,0,0,0,1,7,1,540290,2591,2009,390,I-64,CR-34,0000000,38.45538611,-81.93611111,2,1
54,49,10,20,17,47,1,2,1,0,16,6,0,8,0,2,1,1,4,30,1,3,2,1,0,0,1,1,0,0,17,49,17,55,19,13,0,0,0,0,1,3,0,540291,840,2009,0,3RD ST,GASTON AVE,0000000,39.48069167,-80.14665833,1,1
54,11,11,15,12,8,2,3,0,0,3,3,0,12,5,1,1,1,2,55,1,1,2,1,0,0,1,1,0,0,12,13,12,25,12,53,0,0,0,0,1,1,1,540292,130,2009,21,SR-10,99999999999999999999,0000000,38.33024444,-82.25596944,2,1
54,47,11,16,9,13,2,2,0,1,2,2,0,12,2,1,1,1,2,40,1,1,2,1,0,0,1,1,0,0,99,99,99,99,99,99,0,0,0,0,1,2,0,540293,1720,2009,409,US-52,99999999999999999999,0000000,37.37056111,-81.3775,2,1
54,1,11,24,16,40,1,3,0,0,6,4,0,38,0,1,5,1,2,55,2,1,2,1,0,0,1,1,0,0,99,99,99,99,99,99,0,0,0,0,1,3,0,540294,459,2009,9,CR-13,99999999999999999999,0000000,39.07494444,-80.13976944,1,1
54,49,11,26,0,6,1,1,0,1,11,1,0,57,0,1,3,3,2,70,1,1,2,1,0,0,2,1,0,0,0,6,0,16,1,10,0,0,0,0,1,5,0,540295,0,2009,1374,I-79,99999999999999999999,0000000,39.47443889,-80.116725,1,1
54,77,11,27,2,0,1,2,0,0,4,3,0,43,0,1,5,1,2,55,2,1,2,2,0,0,2,5,0,0,99,99,99,99,99,99,0,0,0,0,1,6,1,540296,2640,2009,68,SR-26,99999999999999999999,0000000,39.35083056,-79.80056111,1,5
54,43,8,14,0,14,1,3,0,0,5,4,0,5,0,1,1,1,2,25,1,2,2,1,0,0,2,1,0,0,99,99,99,99,88,88,0,0,0,0,1,6,1,540297,1162,2009,15,CR-70,99999999999999999999,0000000,38.02148889,-82.12658056,1,1
54,11,11,27,14,55,2,3,0,0,6,4,0,12,2,1,1,1,2,30,2,2,2,1,0,0,1,1,0,0,14,55,15,9,16,5,0,0,0,0,1,6,0,540298,1458,2009,11,CR-12,99999999999999999999,0000000,38.51200833,-82.28523611,2,1
54,47,11,27,13,40,2,5,0,1,2,2,0,12,7,1,2,1,2,55,1,1,2,1,0,0,1,1,0,0,99,99,99,99,99,99,0,0,0,0,1,6,0,540299,2324,2009,131,US-52,99999999999999999999,0000000,37.44974444,-81.73819444,2,1
54,61,11,28,9,57,2,4,0,0,3,2,0,12,8,1,1,1,2,55,1,1,2,1,0,0,1,1,0,0,10,3,10,29,10,59,0,0,0,0,2,7,0,540300,1840,2009,47,US-119,99999999999999999999,0000000,39.51195556,-79.90991667,2,1
54,61,11,30,18,55,1,1,0,0,3,2,0,38,0,1,5,1,4,50,1,1,1,1,0,0,3,1,0,0,99,99,99,99,88,88,0,0,0,0,1,2,0,540301,1840,2009,4,US-119,99999999999999999999,0000000,39.63053056,-79.95775556,1,1
54,91,12,1,9,28,3,5,0,0,14,2,0,12,8,1,1,1,2,55,2,2,2,1,0,0,1,1,0,0,9,31,9,38,10,10,0,0,0,0,1,3,0,540302,2188,2009,73,US-250,99999999999999999999,0000000,39.35056111,-80.11835556,3,1
54,97,12,1,15,13,1,1,0,0,4,3,0,24,0,1,2,1,2,45,2,2,2,1,0,0,1,1,0,0,15,15,15,23,88,88,0,0,0,0,1,3,0,540303,15,2009,181,SR-20,99999999999999999999,0000000,38.91561389,-80.26628611,1,1
54,11,12,2,19,1,2,5,0,0,14,2,0,12,4,2,1,5,4,45,1,1,2,1,3,3,1,1,0,0,19,4,19,13,19,46,0,0,0,0,1,4,0,540304,130,2009,144,US-60,WEST MALL RD,0000000,38.41368889,-82.261625,2,1
54,3,12,3,17,3,2,2,0,1,13,2,0,12,2,1,1,1,2,25,1,1,2,1,0,0,2,1,0,0,99,99,99,99,88,88,0,0,0,0,1,5,0,540305,0,2009,139,US-11,99999999999999999999,0000000,39.5294,-77.91744167,2,1
54,41,12,3,18,59,1,1,0,1,1,1,0,1,0,1,1,2,2,70,2,1,2,2,0,0,2,2,0,0,19,1,19,8,19,46,0,0,0,0,1,5,0,540306,2790,2009,1000,I-79,99999999999999999999,0000000,39.03131944,-80.42219722,1,2
54,87,12,5,11,10,2,3,0,0,4,3,0,12,2,1,1,1,2,55,2,1,2,2,0,0,1,4,0,0,99,99,99,99,88,88,0,0,0,0,1,7,0,540307,1928,2009,45,SR-36,99999999999999999999,0000000,38.59232222,-81.20050833,2,4
54,19,12,5,8,3,3,5,0,1,1,1,0,12,1,1,1,2,2,70,1,1,2,3,0,0,1,4,0,0,8,13,8,27,8,55,0,0,0,0,1,7,0,540308,2070,2009,530,I-77,99999999999999999999,0000000,37.90634167,-81.26681389,3,4
54,99,12,10,5,2,1,2,0,1,2,2,0,35,0,1,5,1,2,55,1,1,2,1,0,0,2,1,0,0,99,99,5,20,5,37,0,0,0,0,1,5,0,540309,940,2009,267,US-52,99999999999999999999,0000000,38.11737222,-82.58332778,1,1
54,59,12,10,16,8,1,2,0,1,2,3,0,1,0,1,4,1,2,55,1,1,2,4,0,0,1,1,0,0,99,99,99,99,99,99,0,0,0,0,1,5,0,540310,2662,2009,107,SR-80,99999999999999999999,0000000,37.66241944,-81.85252222,1,1
54,95,12,10,16,30,1,2,0,0,4,4,0,42,0,1,2,1,2,40,1,2,2,1,0,0,1,1,0,0,16,33,17,25,99,99,0,0,0,0,1,5,0,540311,1740,2009,58,CR-7,99999999999999999999,0000000,39.45693889,-80.91221944,1,1
54,39,12,11,17,33,1,2,1,0,13,2,0,8,0,1,1,5,4,25,2,1,2,1,0,0,3,1,0,0,99,99,99,99,88,88,0,0,0,0,1,6,0,540312,2370,2009,83,US-60,99999999999999999999,0000000,38.36901667,-81.76651944,1,1
54,31,12,13,7,5,1,1,0,1,2,3,0,35,0,1,2,1,2,55,1,1,2,4,0,0,3,3,0,0,7,17,99,99,88,88,0,0,0,0,1,1,0,540313,2710,2009,405,SR-55,99999999999999999999,0000000,39.09283333,-78.573275,1,3
54,89,12,13,7,30,1,1,0,0,6,4,0,42,0,1,2,1,2,55,1,1,2,4,0,0,4,3,0,0,7,46,8,0,88,88,0,0,0,0,1,1,1,540314,932,2009,1,CR-12/3,99999999999999999999,0000000,37.67359722,-80.90113056,1,3
54,21,10,2,22,0,1,1,0,0,4,3,0,34,0,1,2,1,2,55,2,3,2,2,0,0,2,1,0,0,22,34,22,54,23,47,0,0,0,0,1,6,1,540315,2635,2009,3,SR-18,99999999999999999999,0000000,39.02751944,-80.76985278,1,1
54,17,11,18,14,29,1,2,0,1,2,2,0,1,0,1,3,2,2,55,2,1,1,1,0,0,1,1,0,0,99,99,99,99,99,99,0,0,0,0,1,4,0,540316,0,2009,178,US-50,99999999999999999999,0000000,39.29359167,-80.63051944,1,1
54,35,12,15,16,15,1,3,0,0,4,4,0,30,0,1,2,1,2,55,1,1,2,1,0,0,1,1,0,0,99,99,99,99,99,99,0,0,0,0,1,3,0,540317,0,2009,192,CR-21,99999999999999999999,0000000,38.70466944,-81.66412222,1,1
54,35,12,18,14,36,1,1,0,1,1,1,0,1,0,1,1,2,2,70,1,3,2,1,0,0,1,1,0,0,99,99,99,99,99,99,0,0,0,0,1,6,1,540318,2310,2009,1360,I-77,99999999999999999999,0000000,38.762275,-81.70616944,1,1
54,107,12,18,22,20,1,1,0,0,16,4,0,17,0,1,4,1,2,45,2,1,2,4,0,0,2,1,0,0,22,32,22,43,22,53,0,0,0,0,1,6,0,540319,2040,2009,2,CR-50/23,99999999999999999999,0000000,39.29711111,-81.45778611,1,1
54,79,12,23,1,30,1,1,0,1,11,1,0,50,0,1,2,3,3,70,1,3,2,2,0,0,2,1,0,0,99,99,99,99,88,88,0,0,0,0,1,4,1,540320,0,2009,400,I-64,99999999999999999999,0000000,38.45393333,-81.91183056,1,1
54,11,12,26,12,15,1,2,0,0,14,2,0,42,0,1,5,1,2,45,1,1,2,1,0,0,1,1,0,0,12,15,12,23,12,55,0,0,0,0,1,7,0,540321,130,2009,118,US-60,99999999999999999999,0000000,38.41116389,-82.27721111,1,1
54,55,12,27,18,18,3,4,0,1,11,1,0,12,2,1,1,2,3,70,1,3,2,1,0,0,2,1,0,0,18,18,18,25,19,59,0,0,0,0,1,1,0,540322,2180,2009,110,I-77,99999999999999999999,0000000,37.39042222,-81.05828889,3,1
54,11,12,30,5,5,2,1,0,0,16,5,0,43,0,1,4,1,2,25,2,1,2,1,0,0,3,1,0,0,99,99,99,99,88,88,0,0,0,0,1,4,1,540323,1760,2009,0,2ND ST,99999999999999999999,0000000,38.43516944,-82.14365833,1,1
54,29,12,30,19,36,2,2,0,1,2,3,0,12,5,1,1,1,2,55,1,1,2,3,0,0,2,4,0,0,99,99,99,99,99,99,0,0,0,0,1,4,0,540324,0,2009,159,SR-2,99999999999999999999,0000000,40.61590833,-80.61836111,2,4