STATE,COUNTY,MONTH,DAY,HOUR,MINUTE,VE_TOTAL,PERSONS,PEDS,NHS,ROAD_FNC,ROUTE,SP_JUR,HARM_EV,MAN_COLL,REL_JUNC,REL_ROAD,TRAF_FLO,NO_LANES,SP_LIMIT,ALIGNMNT,PROFILE,PAVE_TYP,SUR_COND,TRA_CONT,T_CONT_F,LGT_COND,WEATHER1,WEATHER2,WRK_ZONE,NOT_HOUR,NOT_MIN,ARR_HOUR,ARR_MIN,HOSP_HR,HOSP_MN,SCH_BUS,CF1,CF2,CF3,FATALS,DAY_WEEK,DRUNK_DR,ST_CASE,CITY,YEAR,MILEPT,TWAY_ID,TWAY_ID2,RAIL,LATITUDE,LONGITUD,VE_FORMS,WEATHER
54,81,7,14,23,12,4,6,1,1,11,1,0,27,0,1,2,3,2,70,2,2,1,1,0,0,2,1,0,0,23,14,23,20,23,38,0,0,0,0,1,3,0,540325,170,2009,440,I-77,99999999999999999999,0000000,37.79094722,-81.21889722,1,1
54,71,9,19,15,51,1,1,0,0,3,2,0,1,0,1,2,1,2,40,2,1,2,1,0,0,1,1,0,0,15,51,16,30,17,0,0,0,0,0,1,7,0,540326,312,2009,447,US-33,99999999999999999999,0000000,38.63308056,-79.23166944,1,1
55,79,1,1,2,10,1,2,0,0,14,5,0,42,0,1,5,2,2,30,2,1,2,1,0,0,3,1,0,0,99,99,99,99,99,99,0,0,0,0,1,5,1,550001,3100,2009,0,W LISBON AVE,99999999999999999999,0000000,43.05277222,-87.94328333,1,1
55,115,1,1,16,17,1,5,0,1,2,3,0,1,0,1,5,2,2,65,1,1,1,4,0,0,1,1,0,0,16,17,16,36,17,19,0,0,0,0,1,5,0,550002,0,2009,0,SR-29,99999999999999999999,0000000,44.803825,-89.01389167,1,1
55,27,1,3,20,32,2,7,0,1,2,2,0,1,0,1,1,2,4,65,1,1,1,4,0,0,2,3,0,0,20,37,20,46,21,29,0,0,0,0,1,7,0,550003,0,2009,0,US-151,99999999999999999999,0000000,43.38184722,-88.95870278,2,3
55,43,1,4,14,22,2,4,0,1,2,3,0,12,5,1,1,1,2,55,1,1,2,4,0,0,1,1,0,0,99,99,99,99,88,88,0,0,0,0,2,1,0,550004,0,2009,0,SR-11,99999999999999999999,0000000,42.55813889,-90.43825278,2,1
55,79,1,6,2,0,1,1,0,1,11,1,0,39,0,1,3,3,4,55,1,1,2,1,0,0,3,1,0,0,2,4,2,15,88,88,0,0,0,0,1,3,1,550005,2015,2009,649,I-43,99999999999999999999,0000000,42.96132222,-87.96911667,1,1
55,15,1,5,15,15,2,2,0,0,4,4,0,12,5,2,1,1,2,55,1,1,2,4,20,3,1,1,0,0,88,88,88,88,88,88,1,0,0,0,1,2,0,550006,0,2009,0,BB,E,0000000,44.07337222,-88.20373611,2,1
55,73,1,6,11,51,2,3,0,1,13,3,0,12,5,2,1,2,4,45,1,1,1,2,3,3,1,1,0,0,11,51,11,57,12,20,0,0,0,0,1,3,0,550007,2880,2009,0,SR-13,W MANN ST,0000000,44.69995833,-90.21770833,2,1
55,135,1,7,6,24,2,2,0,1,2,2,0,12,1,1,1,1,2,55,2,1,2,4,0,0,2,3,0,0,6,24,6,35,7,7,0,0,0,0,1,4,0,550008,0,2009,0,US-45,99999999999999999999,0000000,44.49491389,-88.74734444,2,3
55,139,1,10,22,8,2,3,0,1,2,2,0,13,2,1,1,2,2,65,1,1,1,1,0,0,2,1,0,0,22,10,22,21,22,51,0,0,0,0,1,7,1,550009,0,2009,0,US-45,99999999999999999999,0000000,44.10509167,-88.64164444,2,1
55,121,1,12,16,27,2,2,0,0,4,3,0,12,8,1,1,1,2,55,1,3,2,4,0,0,5,3,0,0,16,36,16,46,88,88,0,0,0,0,1,2,0,550010,0,2009,0,SR-95,99999999999999999999,0000000,44.25405278,-91.36341944,2,3
55,35,1,13,10,27,1,4,0,1,11,1,0,1,0,1,3,2,4,65,1,1,1,4,0,0,1,1,0,0,10,29,99,99,99,99,0,0,0,0,1,3,0,550011,0,2009,665,I-94,99999999999999999999,0000000,44.76961944,-91.51036389,1,1
55,105,1,12,5,52,2,2,0,1,13,2,0,12,8,1,1,2,4,40,1,1,2,3,0,0,3,1,0,0,5,55,5,58,6,20,0,0,0,0,1,2,0,550012,2320,2009,0,US-51,99999999999999999999,0000000,42.64658889,-89.03268889,2,1
55,25,1,13,12,42,2,2,0,0,3,3,0,12,2,1,1,1,2,55,1,3,2,4,0,0,1,1,0,0,12,42,12,57,13,40,0,0,0,0,1,3,0,550013,0,2009,0,SR-19,99999999999999999999,0000000,43.19216111,-89.39695278,2,1
55,131,1,13,5,59,2,3,0,1,2,2,0,12,5,1,1,2,2,65,2,2,2,3,0,0,2,4,0,0,6,4,6,15,88,88,0,0,0,0,1,3,0,550014,0,2009,0,US-41,99999999999999999999,0000000,43.511025,-88.37127778,2,4
55,63,1,14,7,56,2,2,0,0,13,3,0,12,2,1,1,1,2,55,2,2,2,3,0,0,1,1,0,0,7,59,8,11,8,40,0,0,0,0,1,4,0,550015,0,2009,0,SR-16,99999999999999999999,0000000,43.89888056,-91.14686944,2,1
55,61,1,16,1,0,1,1,0,0,6,5,0,1,0,1,5,1,2,55,1,1,2,4,0,0,2,1,0,0,1,30,1,43,2,23,0,0,0,0,1,6,1,550016,0,2009,0,THIRY DAEMS RD,99999999999999999999,0000000,44.603425,-87.65356111,1,1
55,55,1,17,11,5,2,4,0,1,2,3,0,12,2,1,1,1,2,55,1,1,1,4,0,0,1,1,0,0,11,5,11,13,11,51,0,0,0,0,1,7,0,550017,0,2009,0,SR-26,99999999999999999999,0000000,43.14057778,-88.73545556,2,1
55,75,1,18,19,43,2,6,0,1,13,2,0,12,5,2,1,2,4,55,1,1,1,3,20,3,2,4,0,0,19,46,19,53,20,38,0,0,0,0,5,1,1,550018,0,2009,0,US-41,COUNTRY MEADOWS RD,0000000,45.0794,-87.66596389,2,4
55,79,1,20,18,55,1,2,0,0,13,3,0,42,0,1,3,2,2,30,1,3,1,2,0,0,3,1,0,0,99,99,99,99,88,88,0,0,0,0,2,3,1,550019,3100,2009,0,SR-38,99999999999999999999,0000000,42.99315833,-87.91079444,1,1
55,105,1,21,18,0,1,2,1,0,4,4,0,8,0,1,1,1,2,55,1,1,2,3,0,0,2,1,0,0,18,1,18,12,18,27,0,0,0,0,1,4,0,550020,0,2009,0,M,99999999999999999999,0000000,42.80361944,-89.09843333,1,1
55,53,1,29,22,45,1,1,0,0,4,4,0,21,0,1,5,1,2,55,1,1,2,1,0,0,2,1,0,0,23,1,23,16,23,48,0,0,0,0,1,5,1,550021,0,2009,0,O,99999999999999999999,0000000,44.19358889,-90.64776389,1,1
55,123,1,31,0,0,1,1,0,0,6,5,0,42,0,1,5,1,2,55,1,2,4,3,0,0,1,1,0,0,13,48,14,8,88,88,0,0,0,0,1,7,0,550022,0,2009,0,ANDERSON RIDGE RD,99999999999999999999,0000000,43.46626667,-91.08786111,1,1
55,17,1,8,10,34,2,2,0,1,2,2,0,12,4,10,1,1,2,55,1,1,2,1,20,3,1,1,0,0,10,35,10,40,88,88,0,0,0,0,1,5,0,550023,0,2009,0,US-53,SR-64,0000000,45.13484722,-91.51943889,2,1
55,35,1,9,1,0,1,1,0,0,3,4,0,37,0,4,4,1,2,45,2,1,2,1,0,0,2,1,0,0,1,12,1,16,88,88,0,0,0,0,1,6,1,550024,0,2009,0,T,99999999999999999999,0000000,44.84553889,-91.54898611,1,1
55,27,1,26,15,0,2,2,0,1,2,3,0,12,2,1,1,1,2,55,1,1,2,1,0,0,1,1,0,0,15,3,15,15,15,50,0,0,0,0,1,2,0,550025,0,2009,0,SR-26,99999999999999999999,0000000,43.43031111,-88.69489167,2,1
55,125,1,27,10,44,2,2,0,0,3,3,0,12,5,2,1,1,2,55,2,2,2,1,20,3,1,1,0,0,99,99,99,99,99,99,0,0,0,0,1,3,0,550026,0,2009,0,SR-70,O,0000000,45.89858056,-89.435525,2,1
55,133,1,27,9,59,1,1,0,0,14,5,0,42,0,1,4,1,2,45,1,2,2,1,0,0,1,1,0,0,9,59,10,4,88,88,0,0,0,0,1,3,0,550027,0,2009,0,HILLSIDE RD,99999999999999999999,0000000,43.17454722,-88.24257222,1,1
55,135,1,29,5,4,2,2,0,0,3,3,0,12,2,1,1,1,2,55,1,1,2,3,0,0,2,1,0,0,5,12,5,26,88,88,0,0,0,0,2,5,1,550028,0,2009,0,SR-156,99999999999999999999,0000000,44.63425,-88.69734722,2,1
55,79,1,11,15,15,1,2,1,1,13,6,0,8,0,1,1,1,2,0,1,1,2,2,0,0,1,1,0,0,99,99,99,99,88,88,0,0,0,0,1,1,0,550029,3100,2009,0,W LAYTON AVE,99999999999999999999,0000000,42.9595,-87.93755278,1,1
55,43,2,4,13,25,2,2,0,0,3,3,0,12,5,2,1,1,2,30,1,1,2,1,20,3,1,1,0,0,13,26,13,28,13,48,0,0,0,0,1,4,0,550030,1210,2009,0,SR-80,ROASTER RD,0000000,42.59530278,-90.43121389,2,1
55,81,2,6,10,10,1,1,0,1,3,3,0,1,0,1,5,1,2,55,1,1,2,1,0,0,1,1,0,0,10,14,10,28,88,88,0,0,0,0,1,6,0,550031,0,2009,0,SR-21,99999999999999999999,0000000,44.00777222,-90.62450278,1,1
55,15,2,7,0,0,1,1,0,0,6,5,0,34,0,1,5,1,2,45,1,1,2,1,0,0,2,1,0,0,23,45,23,53,0,42,0,18,0,0,1,7,1,550032,0,2009,0,CENTER RD,99999999999999999999,0000000,44.17885,-88.08799167,1,1
55,115,2,11,17,26,2,4,0,0,4,4,0,12,8,1,1,1,2,45,1,2,2,1,0,0,5,1,0,0,17,32,17,34,99,99,0,0,0,0,1,4,0,550033,0,2009,0,M,99999999999999999999,0000000,44.80589444,-89.17383611,2,1
55,59,2,11,2,0,1,1,0,0,15,4,0,1,0,2,6,1,2,35,1,1,2,1,20,3,3,1,0,0,2,18,2,33,88,88,0,0,0,0,1,4,1,550034,0,2009,0,SA,AH,0000000,42.54675833,-88.13936111,1,1
55,135,2,12,19,6,2,2,0,1,2,2,0,12,5,2,1,1,2,45,1,1,2,1,3,3,3,1,0,0,19,6,19,10,99,99,0,0,0,0,1,5,0,550035,0,2009,0,US-45,SR-96,0000000,44.27273889,-88.74000556,2,1
55,9,2,1,1,55,1,1,0,0,6,5,0,1,0,1,4,1,2,55,1,1,2,3,0,0,2,4,0,0,1,57,2,4,88,88,0,0,0,0,1,1,1,550036,0,2009,0,S ST AUGUSTINE RD,99999999999999999999,0000000,44.62184444,-88.244375,1,4
55,21,2,1,18,7,2,2,0,0,4,3,0,12,5,1,1,1,2,55,1,1,2,1,20,3,2,1,0,0,18,16,18,23,18,54,0,0,0,0,1,1,1,550037,0,2009,0,SR-60,99999999999999999999,0000000,43.34091667,-89.10857222,2,1
55,133,2,13,21,37,2,3,0,0,13,4,0,12,5,1,1,1,2,45,1,1,1,3,0,0,3,4,0,0,21,37,21,46,22,35,0,0,0,0,1,6,2,550038,0,2009,0,K,99999999999999999999,0000000,43.11190278,-88.19654722,2,4
55,11,2,2,22,33,1,1,0,0,3,3,0,30,0,1,4,1,2,55,1,1,2,1,0,0,2,1,0,0,22,34,22,46,88,88,0,0,0,0,1,2,1,550039,0,2009,0,SR-35,99999999999999999999,0000000,44.23965833,-91.84542222,1,1
55,101,2,14,1,31,1,2,0,0,4,4,0,30,0,2,4,1,2,55,1,1,2,3,0,0,3,4,0,0,1,31,1,59,2,22,0,0,0,0,1,7,1,550040,795,2009,0,SIX MILE RD,W RIVER RD,0000000,42.81404167,-87.87732222,1,4
55,55,2,7,18,15,2,3,0,0,3,3,0,12,2,1,1,1,2,55,1,1,2,1,0,0,2,1,0,0,18,16,18,25,99,99,0,0,0,0,2,7,1,550041,0,2009,0,SR-106,99999999999999999999,0000000,42.933975,-88.81309167,2,1
55,25,2,15,9,0,1,2,0,0,14,5,0,42,0,2,5,1,2,25,1,2,2,1,0,0,1,1,0,0,9,11,9,18,10,0,0,0,0,0,1,1,0,550042,2780,2009,0,WINNEBAGO ST,RIVERSIDE DR,0000000,43.08844722,-89.35803056,1,1
55,73,2,17,21,11,1,1,0,0,15,5,0,34,0,1,5,1,2,25,1,2,2,3,0,0,3,4,0,0,21,11,21,17,88,88,0,0,0,0,1,3,1,550043,5110,2009,0,N 28TH AVE,99999999999999999999,0000000,44.97011111,-89.67113889,1,4
55,55,2,27,7,16,2,4,0,0,6,5,0,12,5,1,1,1,2,55,1,1,2,4,0,0,1,1,0,0,7,20,7,35,99,99,0,0,0,0,1,6,0,550044,0,2009,0,A,99999999999999999999,0000000,43.01989722,-88.96333611,2,1
55,17,2,27,12,48,1,1,0,1,12,2,0,21,0,10,5,2,2,55,1,1,2,2,20,3,1,1,0,0,12,48,12,54,88,88,0,0,0,0,1,6,0,550045,0,2009,0,US-53,S,0000000,44.96619444,-91.42736389,1,1
55,15,2,27,17,25,1,1,0,0,5,4,0,1,0,2,5,1,2,55,2,2,2,4,40,3,1,1,0,0,17,29,17,41,18,7,0,0,0,0,1,6,1,550046,0,2009,0,H,SCHOENBORN RD,0000000,43.95229444,-88.21111667,1,1
55,139,2,8,8,13,1,2,1,0,14,5,0,15,0,2,1,1,4,25,1,1,1,1,0,0,1,1,0,0,8,14,8,16,8,34,0,0,0,0,1,1,1,550047,3620,2009,0,PEARL AVE,MARKET ST,0000000,44.016575,-88.53933889,1,1
55,73,2,8,13,17,2,3,0,0,5,4,0,12,5,2,1,1,2,55,1,1,2,1,20,3,1,1,0,0,13,24,13,26,14,2,0,0,0,0,1,1,0,550048,0,2009,0,D,BIRNHAMWOOD DR,0000000,44.92823056,-89.24386389,2,1
55,103,2,8,21,20,1,1,0,0,3,3,0,24,0,1,2,1,2,55,2,1,2,1,0,0,2,1,0,0,21,25,21,37,22,4,0,0,0,0,1,1,1,550049,0,2009,0,SR-60,99999999999999999999,0000000,43.20743611,-90.37276389,1,1
55,87,2,7,2,57,1,2,0,1,12,2,0,24,0,1,2,2,2,65,1,1,1,2,0,0,2,1,0,0,2,57,3,8,3,46,0,0,0,0,1,7,1,550050,2370,2009,0,US-41,99999999999999999999,0000000,44.30100556,-88.26593611,1,1
55,141,2,10,5,25,1,2,0,0,2,2,0,34,0,1,4,1,2,55,1,1,2,4,0,0,2,1,0,0,5,29,99,99,99,99,0,0,0,0,1,3,0,550051,0,2009,0,US-10,99999999999999999999,0000000,44.59825278,-90.20017778,1,1
55,59,2,10,15,2,2,3,0,0,4,4,0,12,2,1,1,1,2,45,1,1,2,1,0,0,1,1,0,0,15,3,15,8,15,20,0,0,0,0,1,3,0,550052,3795,2009,0,H,99999999999999999999,0000000,42.54201389,-87.91332778,2,1
55,25,2,18,12,25,2,3,0,1,2,2,0,12,2,1,1,1,2,45,2,1,1,1,0,0,1,1,0,0,12,26,12,30,13,24,0,0,0,0,1,4,0,550053,810,2009,0,US-12,99999999999999999999,0000000,43.01130833,-89.02487778,2,1
55,109,2,18,16,41,2,2,0,0,3,3,0,12,4,1,1,1,2,55,1,1,2,3,0,0,1,1,0,0,16,41,16,52,17,54,0,0,0,0,1,4,0,550054,0,2009,0,SR-29,99999999999999999999,0000000,44.87193056,-92.19585,2,1
55,127,2,21,0,55,1,1,0,0,14,5,0,33,0,1,4,1,2,25,1,3,2,1,0,0,3,1,0,0,99,99,99,97,99,97,0,0,0,0,1,7,1,550055,5300,2009,0,WISCONSIN ST,99999999999999999999,0000000,42.82927778,-88.727675,1,1
55,105,2,24,15,50,2,2,0,1,2,3,0,12,4,1,1,1,2,55,1,1,2,1,0,0,1,1,0,0,15,51,15,56,16,39,0,0,0,0,1,3,0,550056,0,2009,0,SR-11,99999999999999999999,0000000,42.63212778,-89.2843,2,1
55,39,2,25,16,12,2,3,0,0,6,5,0,12,2,2,1,1,2,55,1,1,2,1,20,3,1,1,0,0,16,14,16,34,17,0,0,0,0,0,1,4,0,550057,0,2009,0,LAKE MARIA RD,MARSHVIEW RD,0000000,43.66245,-88.86559167,2,1
55,73,2,24,11,47,2,2,0,1,12,2,0,12,1,1,1,3,2,55,1,1,2,1,41,3,1,1,0,0,99,99,99,99,99,99,0,0,0,0,1,3,0,550058,5110,2009,0,US-51,99999999999999999999,0000000,44.98983611,-89.65680833,2,1
55,79,3,7,21,55,2,8,0,0,13,3,0,12,5,2,1,2,4,30,1,1,2,2,20,3,3,1,0,0,99,99,22,0,99,99,0,0,0,0,1,7,0,550059,3100,2009,0,SR-59,25TH ST S,0000000,43.02240833,-87.94804444,2,1
55,25,3,7,2,28,1,4,0,0,4,3,0,1,0,1,5,1,2,55,2,1,2,1,0,0,2,1,0,0,99,99,99,99,99,99,0,0,0,0,1,7,1,550060,0,2009,0,SR-188,99999999999999999999,0000000,43.28347778,-89.70125556,1,1
55,27,3,11,16,20,3,4,0,1,2,3,0,12,2,1,1,1,2,55,1,1,1,1,0,0,1,1,0,0,16,20,16,38,17,11,0,0,0,0,1,4,0,550061,0,2009,0,SR-26,99999999999999999999,0000000,43.32555278,-88.73528611,3,1
55,117,3,14,8,25,1,4,0,1,2,3,0,1,0,1,2,2,2,65,1,2,2,1,0,0,1,1,0,0,8,28,8,28,9,8,0,0,0,0,1,7,1,550062,0,2009,0,SR-23,99999999999999999999,0000000,43.75221944,-87.85279444,1,1
55,25,3,8,0,45,2,2,0,0,13,2,0,12,5,2,1,2,2,35,1,1,1,2,20,3,2,2,0,0,0,54,1,2,1,38,0,0,0,0,1,1,1,550063,2780,2009,0,US-51,HANSON RD,0000000,43.15368889,-89.32502222,2,2
55,99,3,13,99,99,1,1,0,0,3,3,0,1,0,1,2,1,2,55,2,1,2,1,0,0,3,1,0,0,4,27,4,35,88,88,0,18,0,0,1,6,1,550064,0,2009,0,SR-182,99999999999999999999,0000000,45.94005,-90.41166667,1,1
55,15,3,8,13,44,2,5,0,0,2,3,0,12,5,1,1,1,2,55,1,1,2,4,0,0,1,3,0,0,13,51,13,56,14,33,0,0,0,0,1,1,0,550065,0,2009,0,SR-32/57,99999999999999999999,0000000,43.96860278,-88.11241111,2,3
55,133,3,13,19,33,1,1,0,0,13,4,0,34,0,3,6,1,2,35,1,1,1,1,20,3,3,1,0,0,19,33,19,45,20,6,0,0,0,0,1,6,1,550066,2990,2009,0,TOWNLINE RD,PLAINVIEW RD,0000000,43.16271111,-88.18356389,1,1
55,125,3,15,18,30,1,3,0,0,4,3,3,1,0,1,5,1,2,55,1,2,2,1,0,0,1,1,0,0,99,99,99,99,99,99,0,0,0,0,1,1,1,550067,0,2009,0,SR-47,99999999999999999999,0000000,45.97722222,-89.83108611,1,1
55,127,3,10,3,47,2,2,0,1,2,3,0,12,5,2,1,1,2,55,1,1,2,2,20,3,2,2,0,0,3,47,99,99,99,99,0,0,0,0,1,3,0,550068,0,2009,0,SR-11,BOWERS RD,0000000,42.69145,-88.44388333,2,2
55,73,3,16,13,38,2,10,0,1,12,2,0,12,5,2,1,2,2,25,1,1,1,1,3,3,1,1,0,0,13,38,13,41,14,0,0,0,0,0,1,2,0,550069,5110,2009,0,US-51,W BRIDGE ST,0000000,44.97006667,-89.65614167,2,1
55,115,3,20,99,99,1,1,0,1,2,3,0,1,0,1,5,2,2,65,2,1,1,1,0,0,2,1,0,0,6,39,99,97,99,97,0,0,0,0,1,6,1,550070,0,2009,0,SR-29,99999999999999999999,0000000,44.72155278,-88.42174444,1,1
55,133,3,22,16,30,1,1,0,0,14,4,0,42,0,1,5,1,2,45,2,4,2,1,0,0,1,1,0,0,16,30,16,37,88,88,0,0,0,0,1,1,1,550071,0,2009,0,D,99999999999999999999,0000000,42.97476111,-88.42912778,1,1
55,133,3,22,17,0,2,4,0,0,14,6,0,12,5,2,1,1,2,25,1,1,2,1,20,3,1,1,0,0,17,1,17,5,88,88,0,0,0,0,1,1,1,550072,5060,2009,0,E MAIN ST,PLEASANT ST,0000000,43.01324444,-88.22540833,2,1
55,133,3,21,6,42,1,1,0,0,13,4,0,32,0,1,2,1,2,55,1,3,2,1,0,0,4,1,0,0,6,43,6,52,88,88,0,0,0,0,1,7,1,550073,0,2009,0,KE,99999999999999999999,0000000,43.12554444,-88.30827778,1,1
55,131,3,23,2,45,1,1,0,0,14,3,0,32,0,1,4,1,2,35,2,1,2,1,40,3,2,1,0,0,2,49,2,56,88,88,0,0,0,0,1,2,1,550074,0,2009,0,SR-144,99999999999999999999,0000000,43.36774722,-88.27840833,1,1
55,79,3,26,21,10,2,1,0,0,16,6,0,14,1,1,4,1,2,30,2,1,1,1,0,0,3,1,0,0,99,99,99,99,88,88,0,0,0,0,1,5,0,550075,3100,2009,0,1ST ST S,99999999999999999999,0000000,43.01371667,-87.911225,1,1
55,109,3,27,17,11,3,5,0,0,3,3,0,12,8,1,1,1,2,55,1,3,2,1,0,0,1,1,0,0,17,11,17,23,17,56,0,0,0,0,1,6,1,550076,0,2009,0,SR-128,99999999999999999999,0000000,44.945725,-92.19675,3,1
55,109,3,27,21,0,2,5,0,1,2,2,0,12,5,1,1,1,2,55,1,1,2,1,0,0,2,1,0,0,21,1,21,12,21,36,0,0,0,0,1,6,1,550077,0,2009,0,US-63,99999999999999999999,0000000,45.12356667,-92.383175,2,1
55,57,3,19,14,52,3,4,0,0,2,3,0,12,4,2,1,2,2,45,1,1,2,1,3,3,1,1,0,0,14,55,15,0,15,13,0,0,0,0,1,5,0,550078,2910,2009,0,SR-82,COMMERCIAL ST,0000000,43.79633611,-90.05166944,3,1
55,49,3,28,17,32,2,3,0,1,2,2,0,12,5,1,1,1,2,55,1,1,2,3,0,0,1,4,0,0,17,32,17,58,99,99,0,0,0,0,2,7,0,550079,0,2009,0,US-18,99999999999999999999,0000000,42.96764722,-90.31039722,2,4
55,65,3,28,17,42,2,2,0,0,3,3,0,12,5,1,1,1,2,55,1,1,2,3,0,0,1,4,0,0,17,42,17,56,99,99,0,0,0,0,1,7,0,550080,0,2009,0,SR-81,99999999999999999999,0000000,42.66773333,-90.21959722,2,4
55,79,3,28,22,52,2,2,0,0,14,4,0,12,5,2,1,2,2,40,1,1,1,3,20,3,3,4,0,0,99,99,99,99,99,99,0,0,0,0,1,7,2,550081,3100,2009,0,TEUTONIA AVE N,CLINTON AVE W,0000000,43.15086389,-87.95751944,2,4
55,131,3,29,8,50,2,10,0,1,13,3,0,12,7,1,2,1,2,55,1,2,2,3,0,0,1,4,0,0,9,12,9,18,9,38,0,0,0,0,3,1,0,550082,4089,2009,0,SR-164,99999999999999999999,0000000,43.21061944,-88.26184167,2,4
55,65,4,5,99,99,1,1,0,0,6,5,0,42,0,1,5,1,2,55,2,2,2,2,0,0,2,2,0,0,5,40,5,50,88,88,0,18,0,0,1,1,1,550083,0,2009,0,SPORE RD,99999999999999999999,0000000,42.68306667,-89.91039167,1,2
55,65,4,7,99,99,1,1,0,0,6,5,0,1,0,1,5,1,2,55,1,3,2,1,0,0,9,1,0,0,6,37,6,49,88,88,0,18,0,0,1,3,1,550084,0,2009,0,HICKORY DR,99999999999999999999,0000000,42.81026111,-90.40288889,1,1
55,117,4,7,14,55,1,4,0,1,1,1,0,1,0,1,4,2,2,65,1,1,1,1,0,0,1,1,0,0,14,59,15,10,16,1,0,0,0,0,2,3,0,550085,0,2009,1142,I-43,99999999999999999999,0000000,43.58673333,-87.78784167,1,1
55,33,4,8,17,15,1,1,0,1,1,1,0,52,0,1,5,2,4,65,1,2,2,1,0,0,1,1,0,0,17,18,17,30,88,88,0,0,0,0,1,4,0,550086,0,2009,319,I-94,99999999999999999999,0000000,44.92856111,-92.13731389,1,1
55,93,4,10,21,25,1,1,0,0,3,3,0,24,0,1,5,1,2,55,2,1,2,1,0,0,2,1,0,0,21,27,21,31,88,88,0,0,0,0,1,6,1,550087,0,2009,0,SR-29,99999999999999999999,0000000,44.80693056,-92.67379722,1,1
55,81,4,10,22,41,1,2,0,0,6,5,0,1,0,1,5,1,2,55,2,1,2,1,0,0,2,1,0,0,22,43,22,54,99,99,0,0,0,0,1,6,1,550088,0,2009,0,NORTHRIDGE RD,99999999999999999999,0000000,43.76625833,-90.4107,1,1
55,87,4,11,23,2,1,1,0,0,4,3,0,1,0,1,5,1,2,55,2,1,2,1,0,0,2,1,0,0,23,2,23,16,0,2,0,0,0,0,1,7,1,550089,0,2009,0,SR-76,99999999999999999999,0000000,44.46744722,-88.58903056,1,1
55,141,4,15,15,28,1,3,2,0,3,4,0,8,0,1,2,1,2,55,1,1,2,1,0,0,1,1,0,0,15,30,15,41,88,88,0,0,0,0,1,4,0,550090,0,2009,0,P,99999999999999999999,0000000,44.45121389,-89.74862222,1,1
55,5,4,16,1,45,1,2,0,0,5,6,0,1,0,1,5,1,2,55,2,2,2,1,0,0,2,1,0,0,2,28,2,41,99,99,0,0,0,0,1,5,1,550091,0,2009,0,4TH ST,99999999999999999999,0000000,45.23253056,-92.07478611,1,1
55,25,4,14,99,99,1,1,0,1,12,2,0,34,0,11,8,3,3,55,1,1,1,2,0,0,2,1,0,0,6,8,6,13,88,88,0,18,0,0,1,3,1,550092,2780,2009,0,US-151,AMERICAN PARKWAY,0000000,43.14777778,-89.28322778,1,1
55,105,4,18,22,39,1,2,0,1,11,1,0,1,0,13,1,6,1,99,2,2,2,2,0,0,2,1,0,0,22,41,22,47,23,14,0,0,0,0,1,7,0,550093,2320,2009,0,I-39/90 RAMP,99999999999999999999,0000000,42.71684444,-88.98608333,1,1
55,133,4,22,22,50,1,1,0,0,13,5,0,10,0,6,1,1,2,25,1,1,2,1,60,3,3,1,0,0,88,88,88,88,88,88,0,0,0,0,1,4,1,550094,3740,2009,0,OAKTON AVE,99999999999999999999,391094F,43.08321389,-88.25727222,1,1
55,97,4,24,18,39,1,1,0,0,4,4,0,34,0,2,2,1,2,55,2,1,2,1,20,3,1,1,0,0,18,39,18,52,88,88,0,0,0,0,1,6,0,550095,0,2009,0,DB,PARK RD,0000000,44.67715278,-89.64863056,1,1
55,93,4,26,2,45,1,1,0,1,2,2,0,3,0,1,5,1,2,55,1,1,2,9,0,0,2,9,0,0,88,88,88,88,88,88,0,18,0,0,1,1,1,550096,0,2009,0,US-63,99999999999999999999,0000000,44.57603889,-92.540675,1,9
55,109,4,27,18,19,1,1,0,0,3,2,0,34,0,1,4,1,2,55,2,1,2,1,0,0,1,1,0,0,18,19,18,28,99,99,0,0,0,0,1,2,1,550097,0,2009,0,US-12,99999999999999999999,0000000,44.99227222,-92.43900833,1,1
55,127,4,24,15,1,2,2,0,0,4,5,0,12,5,2,1,1,2,35,1,1,2,1,20,3,1,1,0,0,99,99,99,99,99,99,0,0,0,0,1,6,0,550098,0,2009,0,TOWN LINE RD,ES,0000000,42.78355833,-88.42578056,2,1
55,25,4,10,21,12,1,2,1,1,12,3,0,8,0,1,1,2,2,40,2,1,2,1,0,0,3,1,0,1,21,12,21,17,88,88,0,0,0,0,1,6,0,550099,2780,2009,0,SR-30,99999999999999999999,0000000,43.11078889,-89.34881389,1,1
55,95,3,28,23,48,1,1,0,0,4,4,0,27,0,2,5,1,2,55,2,1,2,1,0,0,2,1,0,0,23,52,0,19,88,88,0,0,0,0,1,7,1,550100,0,2009,0,T,S HORSESHOE DR,0000000,45.43130833,-92.17791111,1,1
55,91,4,28,10,30,2,5,0,0,3,3,0,12,7,3,1,1,2,55,1,1,2,1,0,0,1,1,0,0,10,33,10,49,99,99,0,0,0,0,1,3,0,550101,0,2009,0,SR-85,650TH ST,0000000,44.68409444,-91.83265556,2,1
55,105,4,1,11,6,1,1,0,0,13,2,0,1,0,1,5,1,4,55,2,1,1,1,0,0,1,1,0,0,11,6,11,14,88,88,0,0,0,0,1,4,1,550102,2320,2009,0,US-51,99999999999999999999,0000000,42.60567778,-89.02976944,1,1