STATE,COUNTY,MONTH,DAY,HOUR,MINUTE,VE_TOTAL,PERSONS,PEDS,NHS,ROAD_FNC,ROUTE,SP_JUR,HARM_EV,MAN_COLL,REL_JUNC,REL_ROAD,TRAF_FLO,NO_LANES,SP_LIMIT,ALIGNMNT,PROFILE,PAVE_TYP,SUR_COND,TRA_CONT,T_CONT_F,LGT_COND,WEATHER1,WEATHER2,WRK_ZONE,NOT_HOUR,NOT_MIN,ARR_HOUR,ARR_MIN,HOSP_HR,HOSP_MN,SCH_BUS,CF1,CF2,CF3,FATALS,DAY_WEEK,DRUNK_DR,ST_CASE,CITY,YEAR,MILEPT,TWAY_ID,TWAY_ID2,RAIL,LATITUDE,LONGITUD,VE_FORMS,WEATHER
55,121,4,3,14,35,1,2,0,0,3,3,0,27,0,2,4,1,2,55,2,1,2,1,0,0,1,1,0,0,99,99,99,99,99,99,0,0,0,0,1,6,1,550103,0,2009,0,SR-35,PRAIRIE VIEW LN,0000000,44.05426944,-91.45046944,1,1
55,75,4,3,18,8,1,2,0,0,5,4,0,42,0,1,4,1,2,55,1,1,2,1,0,0,1,1,0,0,18,11,18,26,88,88,0,0,0,0,2,6,1,550104,0,2009,0,P,99999999999999999999,0000000,45.13619722,-87.93959167,1,1
55,25,4,16,14,45,1,4,1,0,2,2,0,9,0,2,1,1,2,45,2,1,2,1,20,3,1,1,0,0,14,50,14,57,16,39,0,0,0,0,1,5,0,550105,0,2009,0,US-14,W RUTLAND RD,0000000,42.86233056,-89.34928611,1,1
55,79,4,18,10,40,1,2,1,0,14,5,0,8,0,2,4,1,2,25,1,2,2,1,0,0,1,1,0,0,10,41,10,45,88,88,0,0,0,0,2,7,0,550106,4150,2009,0,W GREEN TREE RD,N ELM TREE RD,0000000,43.14408889,-87.91731389,1,1
55,9,4,19,11,1,1,4,1,0,13,5,0,9,0,4,1,1,4,25,1,1,1,2,0,0,1,2,0,0,11,2,11,5,11,17,0,0,0,0,1,1,0,550107,2000,2009,0,S WEBSTER AVE,99999999999999999999,0000000,44.50884722,-88.00586389,1,2
55,75,4,17,14,10,2,4,0,1,2,2,0,12,2,1,1,1,2,55,2,2,2,1,0,0,1,1,0,0,14,12,14,21,15,25,0,0,0,0,3,6,0,550108,0,2009,0,US-141,99999999999999999999,0000000,45.46934167,-87.98563889,2,1
55,101,2,27,3,0,1,1,0,0,16,6,0,3,0,1,6,1,2,25,2,1,2,4,0,0,3,3,0,0,88,88,88,88,88,88,0,18,0,0,1,6,1,550109,3970,2009,0,DOMANIK DR,99999999999999999999,0000000,42.73290833,-87.80749722,1,3
55,105,4,11,16,10,2,2,0,0,14,5,0,12,5,2,1,1,2,30,1,1,2,1,3,3,1,1,0,0,16,11,16,16,16,37,0,0,0,0,1,7,0,550110,2320,2009,0,MOUNT ZION RD,N PONTIAC DR,0000000,42.70047778,-88.989,2,1
55,59,4,25,3,32,3,2,0,0,14,5,0,12,3,2,1,1,4,30,1,1,2,1,20,3,3,1,0,0,3,34,3,39,99,99,0,20,0,0,1,7,2,550111,2400,2009,0,22ND AVE,48TH ST,0000000,42.592675,-87.83568889,2,1
55,77,4,27,16,10,1,1,0,0,4,5,0,42,0,1,5,1,2,25,2,1,2,1,0,0,1,1,0,0,16,11,16,18,16,47,0,0,0,0,1,2,0,550112,3650,2009,0,S FRANKLIN ST,99999999999999999999,0000000,43.77621389,-89.57274444,1,1
55,35,4,9,16,12,1,3,1,1,13,2,0,9,0,2,1,2,3,45,1,1,1,1,3,3,1,1,0,0,16,13,16,19,16,32,0,0,0,0,1,5,0,550113,1470,2009,0,US-12,RUDOLPH RD,0000000,44.79389722,-91.47834722,1,1
55,87,4,18,0,0,1,2,0,0,6,5,0,1,0,1,5,1,2,55,1,1,2,1,0,0,2,1,0,0,7,25,7,37,99,99,0,18,0,0,1,7,1,550114,0,2009,0,CULBERTSON RD,99999999999999999999,0000000,44.48689167,-88.37393889,1,1
55,59,4,19,3,29,1,1,0,0,5,4,0,1,0,3,1,1,2,45,1,1,2,2,0,0,2,2,0,0,3,32,3,46,4,1,0,0,0,0,1,1,1,550115,0,2009,0,KD,JB,0000000,42.61122222,-88.232275,1,2
55,87,4,27,7,40,7,8,0,1,12,2,0,12,1,1,1,2,2,65,1,1,2,1,0,0,1,1,0,0,99,99,99,99,99,99,0,0,0,0,2,2,0,550116,0,2009,0,US-41,99999999999999999999,0000000,44.29778889,-88.333275,7,1
55,27,4,30,14,2,2,4,0,0,3,3,0,12,2,2,1,1,2,55,1,1,2,1,0,0,1,1,0,0,14,5,14,12,14,20,0,0,0,0,1,5,0,550117,0,2009,0,SR-16/60,J,0000000,43.32936111,-88.84231667,2,1
55,71,3,9,6,41,1,2,1,0,6,6,0,8,0,4,4,1,2,0,1,2,1,3,0,0,1,1,0,0,6,41,6,46,6,54,0,0,0,0,1,2,0,550118,2810,2009,0,N 14TH ST,99999999999999999999,0000000,44.10848056,-87.66571111,1,1
55,79,4,4,19,46,1,1,0,0,13,3,0,11,0,1,1,2,2,45,1,1,2,1,0,0,5,1,0,0,19,48,19,55,88,88,0,0,0,0,1,7,1,550119,3475,2009,0,SR-241,99999999999999999999,0000000,42.86479722,-87.95130833,1,1
55,109,5,1,2,30,1,1,0,0,6,5,0,1,0,1,4,1,2,55,1,1,4,1,0,0,2,9,0,0,5,43,6,7,88,88,0,0,0,0,1,6,1,550120,0,2009,0,270TH ST,99999999999999999999,0000000,45.18384444,-92.26069444,1,9
55,61,5,1,17,44,2,5,0,0,5,4,0,12,5,2,1,1,2,35,1,1,2,1,20,3,1,1,0,0,17,44,17,54,99,99,0,0,0,0,1,6,0,550121,0,2009,0,F,BIRCHWOOD RD,0000000,44.45809722,-87.57238611,2,1
55,111,4,17,18,39,1,4,1,0,15,5,0,8,0,1,1,1,2,25,1,1,2,1,0,0,1,1,0,0,18,40,18,42,19,9,0,0,0,0,1,6,0,550122,310,2009,0,OAK ST,99999999999999999999,0000000,43.47129167,-89.74253611,1,1
55,127,4,5,2,49,1,2,0,0,6,5,0,1,0,1,1,1,2,25,1,1,2,1,0,0,2,1,0,0,88,88,88,88,88,88,0,0,0,0,2,1,0,550123,0,2009,0,BLACK POINT RD,99999999999999999999,0000000,42.55289167,-88.50693333,1,1
55,93,5,2,19,20,2,2,0,0,3,2,0,12,1,1,1,2,2,55,1,3,2,1,0,0,1,1,0,0,19,23,19,31,88,88,0,0,0,0,1,7,0,550124,0,2009,0,US-10,99999999999999999999,0000000,44.73118611,-92.57374167,2,1
55,5,5,3,2,58,1,2,0,0,6,5,0,34,0,1,5,1,2,35,2,1,2,1,0,0,2,1,0,0,3,1,3,11,88,88,0,0,0,0,1,1,1,550125,0,2009,0,3-1/4 5TH ST,99999999999999999999,0000000,45.57339167,-92.08154444,1,1
55,109,5,3,13,53,3,3,0,0,4,4,0,12,5,2,1,1,2,55,1,1,2,1,20,3,1,1,0,0,13,54,14,3,99,99,0,0,0,0,1,1,0,550126,0,2009,0,T,G,0000000,45.07970278,-92.43699167,3,1
55,27,5,2,18,15,2,4,0,0,3,3,0,12,2,1,1,1,2,55,2,1,2,1,40,3,1,1,0,0,18,15,18,22,19,18,0,0,0,0,1,7,1,550127,0,2009,0,SR-16/60,99999999999999999999,0000000,43.32846389,-88.99544722,2,1
55,69,5,3,13,45,1,1,0,0,4,3,0,1,0,1,5,1,2,55,2,1,2,1,0,0,1,1,0,0,13,50,14,3,99,99,0,0,0,0,1,1,0,550128,0,2009,0,SR-107,99999999999999999999,0000000,45.27887222,-89.78971389,1,1
55,93,5,4,19,18,1,2,0,0,4,4,0,34,0,1,5,1,2,55,2,1,2,1,0,0,1,1,0,0,19,24,19,29,20,18,0,0,0,0,1,2,1,550129,0,2009,0,E,99999999999999999999,0000000,44.800475,-92.64495833,1,1
55,59,5,6,13,57,1,3,0,0,14,5,0,30,0,1,4,1,2,35,2,1,2,1,0,0,1,1,0,0,14,0,14,4,14,34,0,20,0,0,1,4,0,550130,3795,2009,0,SPRINGBROOK RD,99999999999999999999,0000000,42.53942222,-87.83461944,1,1
55,117,5,13,99,99,1,1,0,0,4,5,0,1,0,1,2,1,2,55,1,1,2,1,0,0,2,1,0,0,3,48,3,58,88,88,0,18,0,0,1,4,1,550131,0,2009,0,ABBOTT DR,99999999999999999999,0000000,43.57165556,-88.054775,1,1
55,25,5,7,4,46,1,1,0,0,13,2,0,27,0,1,2,2,2,55,2,2,1,1,0,0,2,1,0,0,4,48,4,55,99,99,0,0,0,0,1,5,0,550132,2780,2009,0,US-51,99999999999999999999,0000000,43.13318611,-89.32356944,1,1
55,85,5,12,20,52,1,2,0,0,4,4,0,11,0,1,1,1,2,55,1,1,2,1,0,0,2,1,0,0,20,52,21,0,99,99,0,0,0,0,1,3,0,550133,0,2009,0,D,99999999999999999999,0000000,45.81039167,-89.34161389,1,1
55,25,5,15,15,1,2,5,0,0,13,2,0,12,5,1,1,1,3,55,1,2,1,1,0,0,1,1,0,0,15,6,15,10,15,45,0,0,0,0,1,6,0,550134,0,2009,0,US-51,99999999999999999999,0000000,43.00213611,-89.30706667,2,1
55,125,5,17,15,20,1,2,0,0,4,5,0,34,0,1,2,1,2,55,2,2,2,1,0,0,1,1,0,0,15,23,15,38,16,3,0,0,0,0,2,1,0,550135,0,2009,0,MILITARY RD,99999999999999999999,0000000,45.91383889,-89.06963889,1,1
55,53,5,18,2,45,1,2,0,1,1,1,0,1,0,1,3,2,4,65,2,2,1,1,0,0,2,1,0,0,99,99,3,50,99,99,0,0,0,0,1,2,0,550136,0,2009,996,I-94,99999999999999999999,0000000,44.48156389,-91.11459722,1,1
55,7,5,19,16,30,1,1,0,0,6,5,0,2,0,2,5,1,2,55,2,1,2,1,0,0,1,1,0,0,17,0,17,0,88,88,0,0,0,0,1,3,0,550137,0,2009,0,BARNES RD,KAUFMAN RD,0000000,46.38815,-91.46856389,1,1
55,103,5,2,3,0,1,1,0,1,2,2,0,37,0,1,5,1,4,55,2,2,2,1,0,0,2,1,0,0,3,4,3,22,3,47,0,0,0,0,1,7,1,550138,0,2009,0,US-14,99999999999999999999,0000000,43.39195,-90.62107222,1,1
55,85,5,2,99,99,1,2,0,0,3,3,0,30,0,1,4,1,2,55,2,1,2,1,0,0,2,1,0,0,4,12,4,22,5,19,0,18,0,0,1,7,0,550139,0,2009,0,SR-70,99999999999999999999,0000000,45.88655,-89.84513889,1,1
55,25,5,3,14,32,2,2,0,0,13,2,0,12,5,4,1,1,4,25,1,2,1,1,0,0,1,1,0,0,14,33,14,38,14,50,0,0,0,0,1,1,1,550140,4660,2009,0,US-51,99999999999999999999,0000000,42.91821667,-89.24155833,2,1
55,103,5,8,11,26,1,1,0,0,3,3,0,1,0,1,4,1,2,55,2,1,2,1,0,0,1,1,0,0,11,27,11,42,11,58,0,0,0,0,1,6,0,550141,0,2009,0,SR-80,99999999999999999999,0000000,43.41016389,-90.35975,1,1
55,79,5,8,18,40,3,6,0,0,14,5,0,12,1,4,1,1,4,35,1,1,1,1,0,0,1,1,0,0,99,99,99,99,99,99,0,0,0,0,1,6,0,550142,3100,2009,0,60TH ST,99999999999999999999,0000000,43.15936389,-87.98506111,3,1
55,79,5,17,3,25,1,1,0,0,15,5,0,24,0,1,4,1,2,30,1,1,1,1,0,0,3,1,0,0,99,98,99,98,88,88,0,0,0,0,1,1,1,550143,3100,2009,0,N HOPKINS ST,99999999999999999999,0000000,43.11486389,-87.96457778,1,1
55,133,5,14,18,2,2,5,0,0,5,4,0,12,2,1,1,1,2,45,2,3,2,1,0,0,1,1,0,0,18,4,18,6,19,8,0,0,0,0,1,5,0,550144,0,2009,0,G,99999999999999999999,0000000,42.99422778,-88.39908611,2,1
55,79,5,19,16,2,4,7,0,0,14,5,0,12,5,2,1,1,2,25,1,1,2,1,20,3,1,1,0,0,99,99,99,99,99,99,0,0,0,0,1,3,0,550145,3100,2009,0,W MITCHELL ST,S 17TH ST,0000000,43.01231944,-87.93431389,2,1
55,73,5,22,13,59,2,3,0,0,13,6,0,12,5,2,5,1,4,35,1,1,2,1,3,3,1,1,0,0,99,99,99,99,88,88,0,0,0,0,1,6,0,550146,0,2009,0,N MOUNTAIN RD,N,0000000,44.937525,-89.73454722,2,1
55,27,5,22,17,18,2,2,0,0,4,4,0,12,5,2,1,1,2,55,1,1,2,1,20,3,1,1,0,0,17,22,17,33,17,52,0,0,0,0,1,6,1,550147,0,2009,0,E,I,0000000,43.47385,-88.73399722,2,1
55,117,5,22,22,30,1,1,0,0,14,5,0,3,0,1,4,1,2,15,1,2,1,1,0,0,2,1,0,0,88,88,88,88,88,88,0,0,0,0,1,6,1,550148,4330,2009,0,NEW YORK AVE,99999999999999999999,0000000,43.751675,-87.70306389,1,1
55,9,5,23,13,50,1,1,0,1,11,1,0,1,0,11,3,2,4,65,2,2,2,2,0,0,1,1,0,0,14,0,14,5,14,27,0,0,0,0,1,7,1,550149,9997,2009,180,I-43,SR-172,0000000,44.45436944,-87.96409722,1,1
55,97,5,23,1,22,1,1,0,0,6,5,0,38,0,1,4,1,2,55,2,1,2,1,0,0,2,1,0,0,1,22,1,41,88,88,0,0,0,0,1,7,1,550150,0,2009,0,JJ,99999999999999999999,0000000,44.31135,-89.48845,1,1
55,93,5,23,18,11,1,1,0,0,3,3,0,24,0,1,5,1,2,55,2,2,2,1,0,0,1,1,0,0,18,12,99,97,99,97,0,0,0,0,1,7,0,550151,0,2009,0,SR-35,99999999999999999999,0000000,44.66370833,-92.63929444,1,1
55,39,5,24,18,20,1,2,0,0,3,3,0,34,0,1,5,1,2,55,1,1,2,1,0,0,1,1,0,0,18,21,18,33,19,17,0,0,0,0,1,1,1,550152,0,2009,0,SR-67,99999999999999999999,0000000,43.62924167,-88.21974167,1,1
55,45,5,24,19,40,1,1,0,0,4,4,0,32,0,1,5,1,2,55,2,1,2,1,0,0,1,1,0,0,19,45,19,57,20,14,0,0,0,0,1,1,1,550153,0,2009,0,C,99999999999999999999,0000000,42.70514444,-89.75654167,1,1
55,59,5,24,21,34,1,1,0,0,15,4,0,37,0,1,5,1,2,45,1,2,2,1,0,0,2,1,0,0,21,36,21,39,22,6,0,0,0,0,1,1,1,550154,0,2009,0,JI,99999999999999999999,0000000,42.53815556,-88.20751111,1,1
55,95,5,29,99,99,1,1,0,0,4,4,0,1,0,1,5,1,2,55,2,1,2,1,0,0,2,1,0,0,1,15,1,24,99,99,0,18,0,0,1,6,1,550155,0,2009,0,F,99999999999999999999,0000000,45.35501111,-92.5811,1,1
55,27,5,29,3,4,1,1,0,1,2,2,0,1,0,1,1,2,2,65,1,1,1,1,0,0,2,1,0,0,3,13,3,17,88,88,0,0,0,0,1,6,1,550156,0,2009,0,US-151,99999999999999999999,0000000,43.36284722,-88.98284167,1,1
55,111,4,9,17,54,1,1,0,0,4,4,0,30,0,1,4,1,2,35,2,1,1,1,0,0,1,1,0,0,18,0,99,97,99,97,0,0,0,0,1,5,1,550157,5390,2009,0,H,99999999999999999999,0000000,43.62649167,-89.79649444,1,1
55,79,5,19,21,38,2,5,0,0,15,5,0,12,5,2,1,1,2,30,1,1,2,1,0,0,3,1,0,0,99,99,99,99,99,99,0,0,0,0,1,3,0,550158,3100,2009,0,W GRANVILLE RD,W DARNEL AVE,0000000,43.16880556,-88.03626667,2,1
55,117,5,24,17,10,1,2,0,0,5,4,0,1,0,3,1,1,2,55,2,2,2,1,40,3,1,1,0,0,17,12,17,25,88,88,0,0,0,0,1,1,1,550159,0,2009,0,S,FOREST VIEW RD,0000000,43.58635833,-88.16034722,1,1
55,131,5,29,9,20,2,2,0,0,4,4,0,12,1,1,1,1,2,55,1,1,2,1,0,0,1,1,0,0,9,21,9,36,99,99,0,0,0,0,1,6,0,550160,0,2009,0,D,99999999999999999999,0000000,43.47126667,-88.34398333,2,1
55,25,5,30,2,15,1,1,0,0,4,3,0,34,0,1,5,1,2,55,2,1,2,1,0,0,2,1,0,0,2,17,2,27,88,88,0,0,0,0,1,7,1,550161,0,2009,0,SR-69,99999999999999999999,0000000,42.92066944,-89.51866111,1,1
55,127,5,30,13,58,2,2,0,0,13,3,0,12,5,2,1,3,4,45,1,1,1,1,3,3,1,1,0,0,13,58,14,9,99,99,0,0,0,0,1,7,0,550162,0,2009,0,SR-120,H,0000000,42.564775,-88.41385,2,1
55,67,5,30,18,39,1,1,0,0,4,4,0,34,0,1,5,1,2,55,2,1,2,1,0,0,1,1,0,0,18,39,99,99,88,88,0,6,0,0,1,7,1,550163,0,2009,0,A,99999999999999999999,0000000,45.34974722,-88.92670833,1,1
55,31,5,31,7,3,1,2,0,0,14,3,0,53,0,1,5,1,2,55,1,1,2,1,0,0,1,1,0,0,7,3,7,8,99,99,0,0,0,0,1,1,0,550164,3540,2009,0,SR-105,99999999999999999999,0000000,46.65850833,-92.17718056,1,1
55,33,5,31,20,45,2,2,0,0,6,5,0,12,1,1,1,1,2,35,2,2,2,2,0,0,1,2,0,0,20,53,20,57,88,88,0,0,0,0,1,1,2,550165,0,2009,0,550TH AVE,99999999999999999999,0000000,44.88196389,-91.96326944,2,2
55,33,5,23,20,15,1,1,0,0,6,5,0,34,0,1,4,1,2,55,2,1,2,1,0,0,5,1,0,0,99,99,99,99,99,99,0,0,0,0,1,7,1,550166,0,2009,0,S,99999999999999999999,0000000,45.09903333,-91.82102778,1,1
55,63,5,27,14,30,2,2,0,0,14,3,0,12,1,1,1,1,4,35,1,1,1,2,0,0,1,2,0,0,14,33,14,37,15,3,0,0,0,0,1,4,0,550167,2490,2009,0,SR-35,99999999999999999999,0000000,43.82437222,-91.23965278,2,2
55,75,1,24,15,19,1,1,0,0,6,5,0,1,0,1,4,1,2,99,9,9,9,3,0,0,1,1,0,0,88,88,88,88,88,88,0,0,0,0,1,7,1,550168,0,2009,0,HANEK LN,99999999999999999999,0000000,45.10593889,-87.92255278,1,1
55,117,6,24,16,2,1,1,0,0,6,5,0,34,0,2,2,1,2,55,1,1,2,1,0,0,1,1,0,0,16,8,16,20,88,88,0,0,0,0,1,4,0,550169,0,2009,0,LEYNSE RD,I,0000000,43.667375,-87.880925,1,1
55,57,6,6,8,0,2,5,0,0,2,3,0,12,2,1,1,1,2,55,1,1,2,1,0,0,1,1,0,0,8,8,8,21,9,27,0,0,0,0,3,7,0,550170,0,2009,0,SR-82,99999999999999999999,0000000,43.79098611,-89.89691667,2,1
55,49,6,6,14,25,2,2,0,1,2,2,0,12,2,1,1,1,2,55,1,1,2,2,0,0,1,2,0,0,14,26,14,33,99,99,0,0,0,0,1,7,1,550171,0,2009,0,US-14,99999999999999999999,0000000,43.16168056,-89.85425833,2,2
55,117,6,7,1,44,1,1,0,0,4,4,0,27,0,1,5,1,2,55,1,1,2,2,0,0,2,1,0,0,1,45,1,56,88,88,0,0,0,0,1,1,1,550172,0,2009,0,A,99999999999999999999,0000000,43.61613056,-87.93165278,1,1
55,43,6,7,2,43,1,2,0,0,4,4,0,42,0,1,4,1,2,55,2,1,2,1,0,0,2,1,0,0,2,48,3,9,3,30,0,0,0,0,1,1,1,550173,0,2009,0,C,99999999999999999999,0000000,43.051925,-90.88671667,1,1
55,79,6,9,14,36,2,2,0,0,14,5,0,12,7,1,1,1,2,30,1,1,2,1,0,0,1,1,0,0,14,37,14,39,88,88,0,0,0,0,1,3,0,550174,5160,2009,0,W NATIONAL AVE,99999999999999999999,0000000,43.00689167,-88.02389722,2,1
55,55,6,11,20,19,1,2,0,0,4,4,0,1,0,1,2,1,2,55,1,1,2,1,0,0,5,1,0,0,20,19,20,26,20,49,0,0,0,0,1,5,1,550175,0,2009,0,Y,99999999999999999999,0000000,43.16299444,-88.74588611,1,1
55,137,6,11,18,2,1,1,0,1,1,1,0,1,0,1,5,2,2,65,1,1,2,1,0,0,1,1,0,0,18,5,18,16,88,88,0,0,0,0,1,5,0,550176,0,2009,1221,I-39,99999999999999999999,0000000,44.01142778,-89.50686111,1,1
55,141,6,13,19,33,1,1,0,0,16,5,0,31,0,1,4,1,2,25,2,1,1,1,0,0,1,1,0,0,19,35,19,39,19,55,0,0,0,0,1,7,1,550177,2880,2009,0,E FILLMORE ST,99999999999999999999,0000000,44.66573056,-90.14630833,1,1
55,27,6,14,2,15,1,1,0,0,3,3,0,24,0,1,4,1,2,55,2,2,2,1,9,3,2,1,0,0,2,20,2,29,88,88,0,0,0,0,1,1,1,550178,0,2009,0,SR-49,99999999999999999999,0000000,43.62233056,-88.60688333,1,1
55,131,6,14,14,33,1,1,0,0,4,4,0,1,0,1,1,1,2,55,2,3,2,1,40,3,1,1,0,0,14,34,14,43,14,52,0,0,0,0,1,1,0,550179,0,2009,0,E,99999999999999999999,0000000,43.295825,-88.32836111,1,1
55,79,5,22,23,18,1,3,0,1,12,2,0,25,0,1,2,3,3,55,1,1,2,1,0,0,3,1,0,0,23,18,23,19,99,99,0,0,0,0,1,6,0,550180,3100,2009,0,US-45,99999999999999999999,0000000,43.12460556,-88.05705,1,1
55,25,5,29,23,21,3,7,0,0,14,5,0,14,99,1,7,1,2,25,1,1,2,1,0,0,3,1,0,0,23,22,23,28,23,41,0,0,0,0,1,6,1,550181,2780,2009,0,MILWAUKEE ST,99999999999999999999,0000000,43.09995,-89.34196944,2,1
55,29,6,1,10,33,2,4,0,0,4,4,0,12,3,2,1,1,2,55,1,1,2,1,20,3,1,1,0,0,10,33,10,43,10,58,0,0,0,0,3,2,0,550182,0,2009,0,C,M,0000000,44.83548333,-87.45799444,2,1
55,109,6,1,19,31,1,4,0,0,4,4,0,34,0,1,4,1,2,55,2,1,2,1,0,0,1,1,0,0,19,32,19,37,99,99,0,0,0,0,2,2,0,550183,0,2009,0,C,99999999999999999999,0000000,45.15833889,-92.60807222,1,1
55,25,6,4,14,6,4,4,1,1,12,2,0,12,1,1,2,3,3,55,1,1,1,1,41,3,1,1,0,2,99,99,99,99,99,99,0,3,0,0,1,5,0,550184,0,2009,0,US-151,99999999999999999999,0000000,43.17131944,-89.25554722,2,1
55,83,6,13,22,0,1,1,0,0,3,3,0,1,0,1,1,1,2,55,1,1,1,1,0,0,2,1,0,0,22,6,22,21,23,2,0,0,0,0,1,7,0,550185,0,2009,0,SR-22,99999999999999999999,0000000,44.88696667,-88.04869167,1,1
55,117,6,24,11,21,1,1,0,0,14,4,0,32,0,1,4,1,2,35,1,1,2,1,0,0,1,1,0,0,11,24,11,24,99,99,0,0,0,0,1,4,0,550186,4330,2009,0,OK,99999999999999999999,0000000,43.71468056,-87.73972222,1,1
55,39,6,12,13,51,2,2,0,0,6,5,0,12,2,1,1,1,2,99,2,9,2,1,0,0,1,1,0,0,99,99,99,99,88,88,0,14,0,0,1,6,0,550187,0,2009,0,SCHAEFER RD,99999999999999999999,0000000,43.84443333,-88.29205556,2,1
55,9,4,29,23,30,1,3,0,0,6,5,0,34,0,1,4,1,2,45,2,1,2,1,0,0,2,1,0,0,23,30,23,40,0,30,0,0,0,0,1,4,1,550188,0,2009,0,FAIR RD,99999999999999999999,0000000,44.32113056,-88.13713056,1,1
55,95,6,18,17,16,2,3,0,0,2,3,0,12,1,3,1,1,3,55,1,2,2,1,0,0,1,1,0,0,17,18,17,25,99,99,0,0,0,0,1,5,1,550189,0,2009,0,SR-35,250TH ST,0000000,45.34169444,-92.67128611,2,1
55,9,6,19,0,49,2,4,0,1,12,2,0,12,2,1,1,2,3,65,1,1,2,1,0,0,2,1,0,0,0,55,1,3,1,35,0,0,0,0,4,6,1,550190,223,2009,0,US-41,99999999999999999999,0000000,44.50483056,-88.08245556,2,1
55,25,6,20,10,57,2,6,0,1,2,2,0,13,4,1,1,2,2,65,1,1,1,1,0,0,1,1,0,0,99,99,99,99,99,99,0,0,0,0,2,7,0,550191,0,2009,0,US-18,99999999999999999999,0000000,42.98772778,-89.59101667,2,1
55,133,6,14,19,45,2,4,0,0,13,4,0,12,2,3,1,1,2,45,2,1,2,1,40,3,1,1,0,0,19,50,19,54,88,88,0,0,0,0,2,1,1,550192,0,2009,0,XX,HILLVIEW DR,0000000,42.90074167,-88.27748611,2,1
55,81,6,14,23,26,1,3,0,1,1,1,0,24,0,1,2,2,2,65,1,1,1,1,0,0,2,1,0,0,99,99,99,99,99,99,0,0,0,0,1,1,1,550193,0,2009,1332,I-94,99999999999999999999,0000000,44.14470833,-90.54652778,1,1
55,71,6,14,3,36,1,1,0,0,4,4,0,37,0,1,4,1,2,55,1,2,2,1,0,0,2,1,0,0,3,43,3,53,4,16,0,0,0,0,1,1,1,550194,0,2009,0,X,99999999999999999999,0000000,43.94969722,-88.01040278,1,1
55,135,6,16,12,50,1,3,0,1,2,2,0,1,0,1,3,2,2,65,1,3,1,1,0,0,1,1,0,0,12,56,13,1,99,99,0,0,0,0,1,3,0,550195,0,2009,0,US-10,99999999999999999999,0000000,44.38914444,-89.19053056,1,1
55,59,6,20,19,22,1,1,0,0,14,5,0,31,0,1,4,1,4,30,1,1,2,1,0,0,1,1,0,0,19,23,19,27,99,99,0,0,0,0,1,7,0,550196,2400,2009,0,30TH AVE,99999999999999999999,0000000,42.58345278,-87.84569167,1,1
55,73,6,20,21,30,2,2,0,0,13,2,0,12,2,1,1,1,2,45,1,1,2,1,0,0,3,1,0,0,21,31,21,39,88,88,0,0,0,0,1,7,2,550197,4230,2009,0,US-51,99999999999999999999,0000000,44.87959444,-89.63204444,2,1
55,115,6,22,2,4,1,1,0,1,2,2,0,34,0,1,5,2,2,55,2,3,2,1,0,0,2,1,0,0,2,7,2,18,88,88,0,0,0,0,1,2,1,550198,0,2009,0,US-45,99999999999999999999,0000000,44.86788333,-89.17029722,1,1
55,19,6,13,20,45,1,2,0,1,2,2,0,11,0,1,1,1,2,55,1,2,2,1,0,0,5,1,0,0,21,3,21,15,99,99,0,0,0,0,1,7,0,550199,0,2009,0,US-10,99999999999999999999,0000000,44.59181111,-90.90311111,1,1
55,47,6,22,16,50,2,2,0,0,2,3,0,12,2,1,1,1,2,55,1,1,2,1,0,0,1,1,0,0,16,54,17,16,17,43,0,0,0,0,1,2,0,550200,0,2009,0,SR-23,99999999999999999999,0000000,43.83725,-89.01603611,2,1
55,75,6,21,1,47,1,2,0,1,2,2,0,34,0,2,2,1,2,55,1,1,2,1,20,3,2,1,0,0,1,48,2,3,99,99,0,0,0,0,1,1,1,550201,0,2009,0,US-41,KAMM RD,0000000,45.052,-87.80076111,1,1
55,23,6,9,11,55,1,1,0,0,16,5,0,38,0,1,6,1,2,99,1,1,2,9,0,0,1,1,0,0,11,58,12,8,88,88,0,0,0,0,1,3,0,550202,3890,2009,0,6TH ST,99999999999999999999,0000000,43.03550556,-91.13575556,1,1
55,39,6,25,6,48,1,4,2,0,15,5,0,8,0,1,1,1,2,25,1,1,1,1,0,0,1,1,0,0,6,48,6,54,99,99,0,0,0,0,1,5,0,550203,1730,2009,0,S SEYMOUR ST,99999999999999999999,0000000,43.76464722,-88.46715,1,1
55,25,6,26,19,48,1,3,1,0,15,5,0,9,0,2,1,1,2,25,1,1,2,1,20,3,5,1,0,0,19,49,19,53,20,8,0,0,0,0,1,6,0,550204,2780,2009,0,S BALDWIN ST,E WILSON ST,0000000,43.08562778,-89.36399444,1,1
55,25,6,22,14,0,2,3,0,0,3,3,0,12,2,1,1,1,2,55,1,1,2,1,0,0,1,1,0,0,14,0,99,99,99,99,0,0,0,0,1,2,1,550205,0,2009,0,SR-78,99999999999999999999,0000000,43.23687222,-89.73004167,2,1
55,15,6,18,13,5,2,2,0,0,14,5,0,12,4,2,1,2,4,35,1,1,1,1,3,3,1,1,0,0,13,11,13,15,13,34,0,0,0,0,1,5,0,550206,170,2009,0,E CALUMET ST,S EISENHOWER DR,0000000,44.24383611,-88.35850556,2,1
55,79,6,24,7,50,2,2,0,0,13,3,0,12,4,2,1,2,3,40,1,1,2,1,3,3,1,1,0,0,7,51,7,56,8,13,0,0,0,0,1,4,0,550207,5130,2009,0,SR-100,W CENTER ST,0000000,43.06748611,-88.04767778,2,1