STATE,COUNTY,MONTH,DAY,HOUR,MINUTE,VE_TOTAL,PERSONS,PEDS,NHS,ROAD_FNC,ROUTE,SP_JUR,HARM_EV,MAN_COLL,REL_JUNC,REL_ROAD,TRAF_FLO,NO_LANES,SP_LIMIT,ALIGNMNT,PROFILE,PAVE_TYP,SUR_COND,TRA_CONT,T_CONT_F,LGT_COND,WEATHER1,WEATHER2,WRK_ZONE,NOT_HOUR,NOT_MIN,ARR_HOUR,ARR_MIN,HOSP_HR,HOSP_MN,SCH_BUS,CF1,CF2,CF3,FATALS,DAY_WEEK,DRUNK_DR,ST_CASE,CITY,YEAR,MILEPT,TWAY_ID,TWAY_ID2,RAIL,LATITUDE,LONGITUD,VE_FORMS,WEATHER
55,59,6,24,19,16,1,3,0,0,4,4,0,1,0,1,4,1,2,55,1,4,2,1,0,0,1,1,0,0,19,20,19,24,20,0,0,0,0,0,2,4,1,550208,0,2009,0,K,99999999999999999999,0000000,42.58250556,-88.16425278,1,1
55,127,6,14,8,59,1,2,1,0,14,5,0,8,0,2,1,1,2,25,1,1,2,1,0,0,1,1,0,0,8,59,9,1,9,16,0,0,0,0,1,1,0,550209,1310,2009,0,E WASHINGTON AVE,S 4TH ST,0000000,42.63120278,-88.64376667,1,1
55,79,6,27,4,10,2,2,0,0,13,3,0,12,5,2,1,2,3,35,1,1,2,1,20,3,2,1,0,0,99,99,99,99,99,99,0,0,0,0,1,7,1,550210,3100,2009,0,SR-57,W CONGRESS ST,0000000,43.09673611,-87.92717222,2,1
55,131,6,28,9,18,1,2,1,0,6,5,0,9,0,1,1,1,2,55,1,1,2,1,0,0,1,1,0,0,9,19,9,29,10,10,0,0,0,0,1,1,1,550211,0,2009,0,ST AUGUSTINE DR,99999999999999999999,0000000,43.38172222,-88.04846667,1,1
55,79,6,28,21,9,2,4,1,0,13,5,0,12,5,2,1,2,2,25,1,1,1,1,0,0,3,1,0,0,99,98,99,98,88,88,0,0,0,0,1,1,0,550212,3100,2009,0,S LAYTON BLVD,W ORCHARD ST,0000000,43.01606944,-87.94796111,2,1
55,79,6,28,22,21,1,1,0,0,3,3,0,30,0,1,5,2,3,40,1,2,2,1,0,0,3,1,0,0,22,22,99,99,88,88,0,0,0,0,1,1,1,550213,3100,2009,0,SR-181,99999999999999999999,0000000,43.18155278,-88.00439444,1,1
55,17,6,28,3,0,1,1,0,0,6,5,0,37,0,1,6,1,2,55,1,1,2,1,0,0,2,1,0,0,88,88,88,88,88,88,0,0,0,0,1,1,1,550214,0,2009,0,30TH AVE,99999999999999999999,0000000,44.88622222,-90.99735278,1,1
55,75,6,28,17,5,1,1,0,0,4,4,0,37,0,1,5,1,2,55,2,1,2,1,0,0,1,1,0,0,17,6,17,25,18,42,0,0,0,0,1,1,1,550215,0,2009,0,W,99999999999999999999,0000000,45.24978611,-88.24617778,1,1
55,17,6,28,23,35,1,1,0,0,4,4,0,34,0,1,5,1,2,55,2,1,2,1,0,0,2,1,0,0,23,41,23,49,0,29,0,0,0,0,1,1,1,550216,0,2009,0,X,99999999999999999999,0000000,44.92974722,-91.21750833,1,1
55,79,6,29,1,48,1,1,0,0,14,3,0,33,0,1,4,1,4,30,1,1,1,1,0,0,3,1,0,0,1,51,1,58,88,88,0,0,0,0,1,2,1,550217,4235,2009,0,SR-32,99999999999999999999,0000000,42.96815278,-87.85187222,1,1
55,109,6,30,2,30,2,2,0,0,6,5,0,12,5,2,1,1,2,45,1,2,2,2,20,3,2,2,0,0,2,34,2,43,2,53,0,0,0,0,1,3,0,550218,0,2009,0,220TH ST,80TH AVE,0000000,44.97767222,-92.35974444,2,2
55,87,6,20,21,16,2,3,0,0,14,4,0,12,5,2,1,1,2,45,1,1,1,1,20,3,3,1,0,0,21,16,21,21,99,99,0,0,0,0,1,7,1,550219,3390,2009,0,STEPHENSVILLE RD,N WATER ST,0000000,44.39619722,-88.72790278,2,1
55,135,6,18,17,49,2,2,0,0,13,3,0,12,5,2,1,3,4,35,1,1,2,1,3,3,1,1,0,0,17,50,17,53,18,12,0,0,0,0,1,5,0,550220,5080,2009,0,SR-49,N WESTERN AVE,0000000,44.35748889,-89.10358333,2,1
55,79,6,20,2,14,1,1,0,0,14,5,0,30,0,2,5,1,2,30,2,1,1,2,0,0,3,2,0,0,99,99,99,99,99,99,0,0,0,0,1,7,1,550221,3100,2009,0,N TEUTONIA AVE,W GARFIELD AVE,0000000,43.05935556,-87.92731667,1,2
55,25,6,20,23,12,1,1,0,1,13,2,0,25,0,2,3,3,4,45,1,1,1,1,2,3,3,1,0,0,23,12,23,21,23,49,0,0,0,0,1,7,1,550222,2780,2009,0,US-51,US-12,0000000,43.04618611,-89.30734722,1,1
55,73,6,19,11,30,1,1,0,0,4,4,0,11,0,1,1,1,2,55,1,1,2,1,0,0,1,1,0,0,11,35,11,42,99,99,0,0,0,0,1,6,0,550223,4540,2009,0,E CLARK ST,99999999999999999999,0000000,45.07709722,-90.22221667,1,1
55,79,6,27,11,57,3,5,0,1,12,2,0,12,3,1,1,3,3,55,1,1,2,1,0,0,1,1,0,0,11,58,12,5,12,15,0,0,0,0,1,7,0,550224,5130,2009,0,US-45,99999999999999999999,0000000,43.05496111,-88.04556667,3,1
55,25,6,27,22,48,1,2,1,1,13,2,0,8,0,10,1,2,4,45,1,1,1,1,3,3,3,1,0,0,22,49,22,53,88,88,0,0,0,0,1,7,1,550225,2780,2009,0,US-18/151,RAYMOND RD,0000000,43.03081667,-89.46115556,1,1
55,119,7,2,14,45,1,1,0,0,6,5,0,34,0,1,5,1,2,55,1,1,2,1,0,0,1,1,0,0,14,45,15,6,88,88,0,0,0,0,1,5,0,550226,0,2009,0,CLARK DR,99999999999999999999,0000000,45.04102222,-90.65986667,1,1
55,137,7,2,9,1,2,6,0,1,2,3,0,12,2,1,1,1,2,55,2,3,1,1,0,0,1,1,0,0,9,1,9,11,99,99,0,0,0,0,1,5,0,550227,0,2009,0,SR-21,99999999999999999999,0000000,44.05517222,-89.16563333,2,1
55,133,7,5,12,44,3,4,0,0,13,3,0,12,5,2,1,1,2,55,1,1,2,1,20,3,1,1,0,0,12,44,12,50,13,31,0,0,0,0,2,1,0,550228,0,2009,0,SR-83,I,0000000,42.92255556,-88.34595556,3,1
55,85,7,2,18,24,1,1,0,0,4,4,0,1,0,1,2,1,2,35,2,2,2,1,0,0,1,1,0,0,18,25,18,35,88,88,0,0,0,0,1,5,1,550229,0,2009,0,J,99999999999999999999,0000000,45.87163333,-89.53162222,1,1
55,139,7,3,13,29,1,3,1,1,12,2,0,8,0,1,1,2,4,65,1,1,2,1,0,0,1,1,0,0,13,31,13,36,13,43,0,0,0,0,1,6,0,550230,0,2009,0,US-41,99999999999999999999,0000000,44.02982222,-88.58241944,1,1
55,101,7,4,21,9,1,3,0,0,4,4,0,34,0,1,4,1,2,55,2,1,2,1,0,0,1,1,0,0,21,20,21,24,22,25,0,0,0,0,1,7,1,550231,4170,2009,0,FF,99999999999999999999,0000000,42.72783333,-88.25924722,1,1
55,5,7,4,23,32,1,3,0,0,6,5,0,34,0,1,5,1,2,45,1,2,4,5,0,0,2,1,0,0,23,37,99,99,99,99,0,0,0,0,1,7,1,550232,0,2009,0,3RD ST,99999999999999999999,0000000,45.28394444,-92.0953,1,1
55,59,7,4,3,47,1,2,0,0,15,4,0,42,0,1,2,1,2,35,1,1,2,1,0,0,2,1,0,0,3,48,3,59,4,50,0,0,0,0,1,7,1,550233,0,2009,0,Z,99999999999999999999,0000000,42.5386,-88.27926667,1,1
55,135,7,13,9,33,2,3,0,0,6,5,0,12,2,1,1,1,2,55,1,1,2,1,0,0,1,1,0,0,9,37,99,99,99,99,0,0,0,0,1,2,0,550234,0,2009,0,EE,99999999999999999999,0000000,44.28641111,-89.00307778,2,1
55,75,7,6,19,40,1,1,0,0,4,4,0,1,0,1,1,1,2,55,2,1,2,1,0,0,1,1,0,0,19,46,19,52,88,88,0,0,0,0,1,2,1,550235,0,2009,0,A,99999999999999999999,0000000,45.247775,-88.03761111,1,1
55,101,7,7,99,99,1,1,0,0,4,4,0,34,0,1,4,1,2,55,1,1,2,1,0,0,9,9,0,0,18,21,18,24,88,88,0,0,0,0,1,3,0,550236,4170,2009,0,WASHINGTON AVE,99999999999999999999,0000000,42.74653889,-88.28735556,1,9
55,25,7,7,22,12,1,2,1,0,13,5,0,8,0,1,1,4,4,25,1,1,1,1,0,0,3,1,0,0,22,13,22,15,22,37,0,0,0,0,1,3,0,550237,2780,2009,0,W JOHNSON ST,99999999999999999999,0000000,43.07197778,-89.39547222,1,1
55,19,7,7,23,3,2,2,0,0,6,5,0,12,5,2,1,1,2,55,1,1,4,1,21,3,2,1,0,0,23,5,23,18,88,88,0,0,0,0,1,3,0,550238,0,2009,0,ROCK CREEK RD,ROBIN AVE,0000000,44.77022778,-90.46539444,2,1
55,79,7,10,17,50,1,2,1,0,16,6,0,8,0,1,1,1,2,25,1,1,1,1,0,0,1,1,0,0,17,51,99,99,99,99,0,0,0,0,1,6,0,550239,3100,2009,0,6TH ST N,99999999999999999999,0000000,43.06603056,-87.91843889,1,1
55,49,7,11,8,41,1,2,1,0,6,5,0,9,0,4,1,1,2,55,1,2,2,1,0,0,1,1,0,0,8,42,9,0,9,22,0,0,0,0,1,7,0,550240,0,2009,0,S CLAY HILL RD,99999999999999999999,0000000,42.91954444,-89.990075,1,1
55,25,7,10,8,18,1,1,0,0,13,4,0,16,0,1,1,1,2,25,1,1,2,2,0,0,1,2,0,0,8,20,8,24,88,88,0,0,0,0,1,6,0,550241,3590,2009,0,N MAIN ST,99999999999999999999,0000000,42.93246389,-89.38352222,1,2
55,133,7,20,21,3,1,1,0,0,6,5,0,42,0,1,4,1,2,45,1,1,2,1,0,0,2,1,0,0,21,3,21,9,88,88,0,0,0,0,1,2,0,550242,0,2009,0,WEST SHORE DR,99999999999999999999,0000000,43.17412222,-88.40024444,1,1
55,87,7,22,6,20,2,2,0,0,2,3,0,12,4,2,1,1,3,55,2,2,2,2,0,0,4,1,0,0,99,99,99,99,99,99,0,0,0,0,1,4,0,550243,0,2009,0,SR-15,CROSS RD,0000000,44.359425,-88.71522222,2,1
55,78,7,16,11,56,1,1,0,0,3,3,3,34,0,1,4,1,2,55,2,1,2,1,0,0,1,1,0,0,11,56,12,12,12,50,0,0,0,0,1,5,0,550244,0,2009,0,SR-55,99999999999999999999,0000000,44.99976667,-88.60791111,1,1
55,59,7,17,22,35,1,10,0,0,3,3,0,1,0,1,1,1,2,55,1,1,1,1,0,0,2,1,0,0,22,35,22,53,99,99,0,0,0,0,2,6,0,550245,0,2009,0,SR-142,99999999999999999999,0000000,42.61975,-87.969075,1,1
55,75,7,17,22,37,1,1,0,0,3,3,0,53,0,1,5,1,2,55,1,1,2,1,0,0,2,1,0,0,22,48,23,4,88,88,0,0,0,0,1,6,1,550246,0,2009,0,SR-64,99999999999999999999,0000000,45.10690833,-87.89113889,1,1
55,73,7,19,20,20,1,2,0,0,5,4,0,1,0,1,5,1,2,55,1,1,2,1,0,0,5,1,0,0,20,21,20,31,21,15,0,0,0,0,1,1,0,550247,0,2009,0,M,99999999999999999999,0000000,44.99478889,-90.02540556,1,1
55,97,7,18,14,22,1,1,0,0,6,5,0,42,0,1,4,1,2,55,1,2,2,1,0,0,1,1,0,0,14,24,14,31,88,88,0,0,0,0,1,7,0,550248,0,2009,0,ISAACSON RD,99999999999999999999,0000000,44.49344444,-89.23241667,1,1
55,79,7,20,1,55,1,2,0,0,13,5,0,33,0,1,4,3,2,35,2,1,1,1,0,0,3,1,0,0,1,56,1,56,2,54,0,0,0,0,1,2,1,550249,3100,2009,0,N SHERMAN BLVD,99999999999999999999,0000000,43.116475,-87.9668,1,1
55,125,7,20,99,99,1,1,0,0,4,4,0,42,0,1,4,1,2,45,2,2,2,1,0,0,9,9,0,0,10,23,10,34,88,88,0,18,0,0,1,2,1,550250,0,2009,0,B,99999999999999999999,0000000,46.25991111,-89.73409722,1,9
55,137,7,20,11,47,1,1,0,1,1,1,0,1,0,1,3,2,2,65,1,1,2,1,0,0,1,1,0,0,11,48,11,55,88,88,0,0,0,0,1,2,0,550251,0,2009,118,I-39,99999999999999999999,0000000,44.04021944,-89.53346667,1,1
55,133,7,22,0,54,1,1,0,0,13,3,0,30,0,1,4,2,2,45,2,1,2,1,0,0,2,1,0,0,0,54,0,58,88,88,0,0,0,0,1,4,1,550252,3352,2009,0,SR-59,99999999999999999999,0000000,43.01397222,-88.17227222,1,1
55,21,7,24,0,14,2,2,0,0,4,4,0,12,2,1,1,1,2,55,1,1,1,1,0,0,2,1,0,0,0,18,0,32,88,88,0,0,0,0,1,6,2,550253,0,2009,0,C,99999999999999999999,0000000,43.35188056,-89.24470556,2,1
55,73,7,23,21,25,2,3,0,1,12,3,0,12,1,15,1,3,2,65,1,1,1,1,0,0,2,1,0,0,21,28,21,39,21,55,0,0,0,0,1,5,0,550254,4230,2009,0,SR-29,99999999999999999999,0000000,44.89495,-89.60995,2,1
55,27,7,24,10,47,1,1,0,0,4,4,0,26,0,1,4,1,2,55,2,1,2,1,0,0,1,1,0,0,11,1,11,10,88,88,0,0,0,0,1,6,1,550255,0,2009,0,G,99999999999999999999,0000000,43.48767778,-88.89698889,1,1
55,133,7,24,15,48,1,1,0,0,6,5,0,52,0,1,2,1,2,45,1,2,2,1,0,0,1,1,0,0,15,48,15,54,88,88,0,0,0,0,1,6,1,550256,0,2009,0,STONEBANK RD,99999999999999999999,0000000,43.16215,-88.41037222,1,1
55,95,7,25,1,30,1,1,0,0,4,4,0,11,0,1,1,1,2,55,1,1,2,1,0,0,2,1,0,0,1,30,99,97,99,97,0,0,0,0,1,7,1,550257,0,2009,0,T,99999999999999999999,0000000,45.44468333,-92.17656389,1,1
55,79,7,25,13,13,1,1,0,0,14,5,0,33,0,1,4,1,2,30,1,2,1,1,0,0,1,1,0,0,13,16,13,17,88,88,0,0,0,0,1,7,1,550258,3100,2009,0,84TH ST,99999999999999999999,0000000,42.98371111,-88.01764444,1,1
55,111,7,27,8,58,2,2,0,1,1,1,0,13,8,1,1,2,4,65,1,1,1,1,0,0,1,1,0,0,99,99,99,99,88,88,0,0,0,0,1,2,0,550259,0,2009,878,I-90,99999999999999999999,0000000,43.61768611,-89.80516389,2,1
55,89,7,28,21,50,2,2,0,0,4,4,0,12,5,2,1,1,2,45,1,2,2,1,20,3,2,1,0,0,21,51,21,57,22,20,0,0,0,0,1,3,0,550260,0,2009,0,H,I,0000000,43.46967778,-87.98048889,2,1
55,29,7,25,17,56,2,4,0,0,5,4,0,12,4,8,1,1,2,55,1,3,2,1,0,0,1,1,0,0,17,57,18,16,19,3,0,0,0,0,1,7,0,550261,0,2009,0,DK,99999999999999999999,0000000,44.71542222,-87.68321389,2,1
55,89,7,26,15,10,2,2,0,0,2,3,0,27,0,1,4,2,2,55,1,1,1,1,0,0,1,1,0,0,15,10,15,16,15,50,0,14,0,0,1,1,1,550262,0,2009,0,SR-57,99999999999999999999,0000000,43.54095833,-87.94109444,1,1
55,81,7,26,21,38,1,2,0,0,3,3,0,37,0,1,4,1,2,55,1,1,2,1,0,0,2,1,0,0,21,44,22,20,99,99,0,0,0,0,1,1,0,550263,0,2009,0,SR-33,99999999999999999999,0000000,43.732375,-90.68213889,1,1
55,79,7,26,2,35,2,3,2,0,16,6,0,8,0,1,4,1,2,30,1,1,2,1,0,0,3,1,0,0,99,99,99,99,99,99,0,0,0,0,1,1,1,550264,3100,2009,0,21ST ST S,99999999999999999999,0000000,43.01453333,-87.93946111,1,1
55,115,7,30,18,12,3,6,0,1,2,2,0,12,2,1,1,1,2,55,1,3,2,1,0,0,1,1,0,0,18,16,18,22,99,99,0,0,0,0,1,5,1,550265,0,2009,0,US-45,99999999999999999999,0000000,44.96091389,-89.20424444,3,1
55,1,7,31,14,53,1,2,1,0,3,3,0,8,0,1,1,1,2,45,1,1,2,1,0,0,1,1,0,0,14,55,15,0,15,13,0,0,0,0,1,6,0,550266,0,2009,0,SR-13,99999999999999999999,0000000,43.982725,-89.81262222,1,1
55,127,7,29,4,40,1,2,0,0,4,4,0,42,0,1,5,1,2,45,1,1,2,1,0,0,2,1,0,0,4,40,99,99,99,99,0,0,0,0,1,4,1,550267,0,2009,0,H,99999999999999999999,0000000,42.80972778,-88.60096111,1,1
55,115,7,30,0,55,1,4,0,0,6,5,0,17,0,1,4,1,2,55,1,1,2,1,0,0,2,1,0,0,1,0,1,11,99,99,0,0,0,0,1,5,1,550268,0,2009,0,KILLDEER RD,99999999999999999999,0000000,44.83243889,-89.19409722,1,1
55,73,6,25,10,12,2,5,0,0,4,4,0,12,5,1,2,1,2,55,2,1,2,1,0,0,1,1,0,0,10,13,10,25,11,1,0,0,0,0,1,5,0,550269,0,2009,0,W,99999999999999999999,0000000,45.08091389,-89.61485556,2,1
55,79,7,15,16,20,2,5,0,1,13,3,0,12,5,2,1,3,2,30,1,1,2,1,3,3,1,1,0,0,99,99,99,99,99,99,0,0,0,0,1,4,0,550270,3100,2009,0,SR-145,W MAXWELL PL,0000000,43.09267778,-87.97980278,2,1
55,105,8,1,1,11,3,3,0,0,16,6,0,14,9,1,4,1,2,25,1,1,2,1,0,0,2,1,0,0,1,11,1,15,99,99,0,0,0,0,1,7,1,550271,440,2009,0,NINTH ST,99999999999999999999,0000000,42.51334167,-89.04811111,2,1
55,87,8,1,2,45,1,3,0,0,6,5,0,34,0,1,4,1,2,55,1,1,2,1,0,0,2,1,0,0,99,99,99,99,99,99,0,0,0,0,1,7,1,550272,0,2009,0,VINE RD,99999999999999999999,0000000,44.41621111,-88.31185,1,1
55,73,8,2,14,43,2,3,0,0,4,4,0,12,4,1,1,1,2,55,1,1,2,1,0,0,1,1,0,0,14,43,14,53,99,99,0,0,0,0,1,1,0,550273,0,2009,0,O,99999999999999999999,0000000,44.78648056,-89.78557222,2,1
55,113,8,3,4,4,1,1,0,0,4,4,0,42,0,2,4,1,2,55,1,1,2,2,20,3,2,5,0,0,4,7,4,18,5,3,0,0,0,0,1,2,1,550274,0,2009,0,W,G,0000000,45.84918889,-91.02928056,1,5
55,75,8,3,20,14,1,1,0,0,6,5,0,18,0,4,1,1,2,55,2,2,2,1,0,0,2,1,0,0,20,16,20,33,88,88,0,0,0,0,1,2,1,550275,0,2009,0,NELSON RD,99999999999999999999,0000000,45.37011667,-88.07979722,1,1
55,115,8,4,15,55,2,3,0,1,2,3,0,12,5,7,1,2,2,65,1,1,2,1,20,3,1,1,0,0,15,58,16,8,88,88,0,0,0,0,2,3,0,550276,0,2009,0,SR-29,LEOPOLIS RD,0000000,44.79683611,-88.83733611,2,1
55,55,8,9,1,22,1,2,0,0,6,5,0,42,0,3,4,1,2,55,2,1,2,1,0,0,2,1,0,0,1,31,1,49,99,99,0,0,0,0,1,1,1,550277,0,2009,0,NAVAN RD,RIVER BEND RD,0000000,43.15321944,-88.86291389,1,1
55,95,8,9,16,6,4,6,0,0,3,3,0,12,3,3,1,1,2,55,1,1,2,1,20,3,1,1,0,0,16,6,16,20,16,39,0,0,0,0,1,1,1,550278,0,2009,0,SR-65,F,0000000,45.35274722,-92.50029167,4,1
55,113,8,2,2,36,1,5,1,0,6,5,3,8,0,1,1,1,2,35,1,1,2,1,0,0,2,9,0,0,2,36,2,52,3,8,0,0,0,0,1,1,1,550279,0,2009,0,K,99999999999999999999,0000000,45.91431667,-91.40998333,1,9
55,81,8,11,11,30,2,2,0,1,1,1,0,12,1,1,1,2,2,65,1,1,1,1,0,0,1,1,0,1,11,35,11,50,88,88,0,19,0,0,1,3,0,550280,0,2009,139,I-94,99999999999999999999,0000000,44.08006389,-90.52562778,2,1
55,131,8,6,16,2,2,2,0,0,4,4,0,12,1,3,1,1,2,45,1,1,2,1,0,0,1,1,0,0,16,4,16,7,16,28,0,0,0,0,1,5,0,550281,0,2009,0,NN,MILE VIEW RD,0000000,43.37610556,-88.18081944,2,1
55,73,8,12,16,50,1,5,4,0,13,5,0,49,0,1,1,1,2,35,1,3,1,1,0,0,1,1,0,0,16,50,16,56,17,6,0,0,0,0,1,4,0,550282,2880,2009,0,W MCMILLAN ST,99999999999999999999,0000000,44.68526944,-90.18198333,1,1
55,71,8,13,6,33,1,2,1,1,2,2,0,8,0,1,1,1,2,30,1,1,1,1,0,0,1,1,0,0,6,37,6,45,7,32,0,0,0,0,1,5,0,550283,5295,2009,0,US-10,99999999999999999999,0000000,44.14463889,-87.827025,1,1
55,105,8,13,15,1,2,3,0,1,11,1,0,12,9,1,3,2,4,65,1,1,2,1,0,0,1,1,0,0,15,1,15,12,15,29,0,0,0,0,2,5,0,550284,0,2009,176,I-39,99999999999999999999,0000000,42.65561389,-88.98359167,2,1
55,79,8,14,20,50,2,2,0,0,13,6,0,12,5,10,1,2,3,40,1,1,2,1,0,0,3,1,0,0,99,99,99,99,99,99,0,0,0,0,1,6,0,550285,3100,2009,0,W GOOD HOPE RD,55TH ST,0000000,43.14871944,-87.980575,2,1
55,55,8,17,10,30,1,1,0,0,4,4,0,1,0,1,4,1,2,55,2,3,2,1,0,0,1,1,0,0,10,32,10,44,88,88,0,0,0,0,1,2,1,550286,0,2009,0,B,99999999999999999999,0000000,43.07315,-88.64267222,1,1
55,105,8,22,2,55,1,1,0,0,4,4,0,42,0,1,6,1,2,55,2,1,2,1,0,0,2,1,0,0,2,55,3,7,3,58,0,0,0,0,1,7,1,550287,0,2009,0,C,99999999999999999999,0000000,42.78749722,-89.31906111,1,1
55,39,8,23,2,17,1,1,0,0,3,2,0,32,0,1,5,1,2,55,1,1,2,1,0,0,2,5,0,0,2,19,2,30,88,88,0,0,0,0,1,1,0,550288,0,2009,0,US-45,99999999999999999999,0000000,43.58956111,-88.24077222,1,5
55,19,8,23,16,45,1,2,0,0,6,5,0,32,0,1,4,1,2,55,1,1,4,1,0,0,1,1,0,0,16,50,17,3,20,0,0,0,0,0,1,1,0,550289,0,2009,0,STERLING AVE,99999999999999999999,0000000,44.78360278,-90.69947778,1,1
55,105,8,23,19,20,1,2,0,1,11,1,0,21,0,1,5,2,2,65,1,1,1,1,0,0,1,1,0,0,19,23,19,32,20,23,0,0,0,0,1,1,1,550290,0,2009,163,I-39,99999999999999999999,0000000,42.83654444,-89.02839722,1,1
55,83,8,26,15,33,1,1,0,0,3,3,0,1,0,1,4,1,2,55,2,1,2,1,0,0,1,1,0,0,15,35,15,42,88,88,0,0,0,0,1,4,0,550291,0,2009,0,SR-32,99999999999999999999,0000000,44.93776667,-88.30698889,1,1
55,93,8,27,5,45,1,1,0,0,6,5,0,11,0,1,1,1,2,55,1,2,2,1,0,0,4,1,0,0,6,23,6,35,88,88,0,0,0,0,1,5,0,550292,0,2009,0,770TH AVE,99999999999999999999,0000000,44.81508889,-92.23760556,1,1
55,49,8,27,20,24,1,1,0,0,6,5,0,42,0,1,5,1,2,35,2,2,2,1,0,0,2,1,0,0,20,29,20,47,88,88,0,0,0,0,1,5,1,550293,0,2009,0,MOUNDS PARK RD,99999999999999999999,0000000,43.02435278,-89.83915278,1,1
55,57,8,30,16,11,1,2,0,0,4,4,0,5,0,1,1,1,2,45,1,1,2,1,0,0,1,1,0,0,16,12,16,30,16,49,0,0,0,0,1,1,0,550294,0,2009,0,G,99999999999999999999,0000000,43.88861389,-89.98188889,1,1
55,83,8,1,19,56,1,1,0,0,6,5,0,42,0,1,2,1,2,99,1,1,5,5,0,0,1,1,0,0,20,3,20,22,88,88,0,0,0,0,1,7,0,550295,0,2009,0,WAUBEE LAKE DR,99999999999999999999,0000000,45.34725833,-88.41397778,1,1
55,9,8,25,99,99,1,2,0,0,4,4,0,34,0,1,4,1,2,45,2,1,2,1,0,0,2,1,0,0,88,88,88,88,88,88,0,18,0,0,2,3,1,550296,9997,2009,0,RIVERDALE DR,99999999999999999999,0000000,44.52805833,-88.14747222,1,1
55,89,8,4,15,49,3,6,0,0,2,3,0,12,3,1,1,2,2,55,2,1,2,1,0,0,1,1,0,0,15,49,15,55,16,20,0,0,0,0,1,3,0,550297,0,2009,0,SR-57,99999999999999999999,0000000,43.42082222,-87.94075,3,1
55,21,8,8,16,50,2,5,0,0,4,5,0,12,5,2,1,1,2,55,1,1,2,1,20,3,1,1,0,0,16,53,17,0,99,99,0,0,0,0,2,7,0,550298,0,2009,0,J,LINDSAY RD,0000000,43.33023611,-89.51703056,2,1
55,19,8,6,13,35,2,2,0,0,6,5,0,12,5,2,1,1,2,55,1,1,4,1,0,0,1,1,0,0,13,48,13,55,99,99,0,0,0,0,1,5,0,550299,0,2009,0,BRUCE MOUND AVE,HIXWOOD RD,0000000,44.94466389,-90.78056667,2,1
55,9,8,6,17,52,1,1,0,0,3,4,0,27,0,1,4,1,2,45,1,1,2,1,0,0,1,1,0,0,17,53,17,59,88,88,0,0,0,0,1,5,1,550300,4705,2009,0,B,99999999999999999999,0000000,44.64653611,-88.10329167,1,1
55,17,8,9,3,38,1,2,1,0,5,4,0,8,0,1,1,1,2,55,1,1,2,2,0,0,2,1,0,0,3,42,4,19,88,88,0,0,0,0,1,1,1,550301,0,2009,0,G,99999999999999999999,0000000,45.04867778,-90.98460556,1,1
55,35,8,20,0,20,2,2,0,1,11,1,0,12,3,7,1,2,2,65,1,2,2,1,28,3,2,1,0,0,0,24,99,99,88,88,0,0,0,0,1,5,0,550302,0,2009,625,I-94,99999999999999999999,0000000,44.81178611,-91.561775,2,1
55,75,8,17,22,13,2,2,0,1,2,2,0,12,2,1,1,1,2,55,2,1,2,1,0,0,2,1,0,0,22,13,22,34,99,99,0,0,0,0,1,2,1,550303,0,2009,0,US-141,99999999999999999999,0000000,45.51500833,-87.99598333,2,1
55,83,8,22,0,35,2,3,1,1,2,2,0,8,0,1,1,2,2,65,1,1,1,1,0,0,2,1,0,0,0,39,0,44,88,88,0,0,0,0,1,7,1,550304,0,2009,0,US-141,99999999999999999999,0000000,44.90083889,-88.04543056,2,1
55,43,8,23,12,54,2,3,0,0,6,5,0,12,4,2,1,1,2,55,1,4,2,1,0,0,1,1,0,0,12,55,13,4,88,88,0,0,0,0,2,1,0,550305,0,2009,0,BETHEL RD,OLD 18,0000000,42.966175,-90.47783056,2,1
55,5,8,23,15,50,2,4,0,1,2,2,0,12,2,1,1,1,2,55,1,1,2,1,0,0,1,1,0,0,15,54,16,16,99,99,0,0,0,0,1,1,0,550306,0,2009,0,US-63,99999999999999999999,0000000,45.48478333,-92.06564167,2,1
55,19,8,24,99,99,1,1,0,0,6,5,0,2,0,1,5,1,2,55,2,1,4,1,0,0,2,1,0,0,88,88,88,88,88,88,0,18,0,0,1,2,1,550307,0,2009,0,GORMAN AVE,99999999999999999999,0000000,44.49495278,-90.75092222,1,1
55,81,8,18,17,33,2,3,0,1,11,1,0,13,8,1,1,2,4,65,1,1,2,1,0,0,1,1,0,0,99,99,17,49,99,99,0,0,0,0,1,3,0,550308,0,2009,28,I-90,99999999999999999999,0000000,43.94376667,-90.75891389,2,1
55,139,8,19,9,28,2,2,0,0,6,5,0,12,5,2,1,1,2,45,1,1,2,1,20,3,1,1,0,0,9,29,9,37,9,54,1,0,0,0,1,4,0,550309,0,2009,0,CLAIRVILLE RD,WAGON TRAIL RD,0000000,43.94901944,-88.62376944,2,1
55,37,8,6,15,57,1,11,0,0,6,5,0,47,0,1,1,1,2,99,9,9,4,1,0,0,1,1,0,0,15,57,99,99,99,99,0,0,0,0,1,5,0,550310,0,2009,0,COUNTY PARK RD,99999999999999999999,0000000,45.77470833,-88.3245,1,1
55,69,8,24,11,55,2,3,0,1,2,2,0,12,2,2,1,2,2,55,2,1,2,1,0,0,1,1,0,0,12,9,99,99,13,17,0,0,0,0,1,2,0,550311,0,2009,0,US-8,U,0000000,45.53290556,-89.73985833,2,1