STATE,COUNTY,MONTH,DAY,HOUR,MINUTE,VE_TOTAL,PERSONS,PEDS,NHS,ROAD_FNC,ROUTE,SP_JUR,HARM_EV,MAN_COLL,REL_JUNC,REL_ROAD,TRAF_FLO,NO_LANES,SP_LIMIT,ALIGNMNT,PROFILE,PAVE_TYP,SUR_COND,TRA_CONT,T_CONT_F,LGT_COND,WEATHER1,WEATHER2,WRK_ZONE,NOT_HOUR,NOT_MIN,ARR_HOUR,ARR_MIN,HOSP_HR,HOSP_MN,SCH_BUS,CF1,CF2,CF3,FATALS,DAY_WEEK,DRUNK_DR,ST_CASE,CITY,YEAR,MILEPT,TWAY_ID,TWAY_ID2,RAIL,LATITUDE,LONGITUD,VE_FORMS,WEATHER
55,59,8,18,14,40,1,1,0,0,4,4,0,1,0,1,1,1,2,55,1,1,2,1,0,0,1,1,0,0,14,41,14,51,99,99,0,0,0,0,1,3,0,550312,0,2009,0,C,99999999999999999999,0000000,42.52617222,-88.08606111,1,1
55,95,8,29,21,8,3,4,1,0,5,4,0,14,1,1,4,1,2,55,1,2,2,1,0,0,2,1,0,0,21,9,21,22,21,51,0,15,23,0,1,7,1,550313,0,2009,0,EVERGREEN AVE,99999999999999999999,0000000,45.59200833,-92.69615556,1,1
55,73,8,24,21,34,2,4,0,0,15,6,0,12,3,1,1,1,2,35,1,1,2,1,0,0,2,1,0,0,21,36,21,46,22,55,0,20,0,0,1,2,1,550314,0,2009,0,S RANGELINE RD,99999999999999999999,0000000,44.77668611,-89.72741111,2,1
55,25,8,26,22,3,2,2,0,0,14,4,0,12,2,2,1,3,2,30,1,3,2,1,0,0,3,1,0,0,22,4,22,8,88,88,0,0,0,0,1,4,1,550315,2780,2009,0,BUCKEYE RD,S THOMPSON DR,0000000,43.07362222,-89.28296944,2,1
55,45,8,29,18,18,2,2,0,1,2,3,0,12,8,1,1,1,2,55,2,1,2,1,0,0,1,1,0,0,18,19,99,97,99,97,0,0,0,0,1,7,0,550316,0,2009,0,SR-11,99999999999999999999,0000000,42.59011944,-89.78156111,2,1
55,25,8,30,2,39,1,3,1,1,13,2,0,8,0,2,1,2,3,35,1,1,1,1,0,0,3,1,0,0,2,40,2,43,3,10,0,0,0,0,1,1,1,550317,2780,2009,0,US-151,SCHMEDEMAN AVE,0000000,43.11553611,-89.32710833,1,1
55,127,8,25,8,10,2,2,0,1,2,2,0,12,5,2,1,1,2,45,1,1,2,1,20,3,1,1,0,0,99,99,99,99,99,99,0,0,0,0,1,3,0,550318,0,2009,0,US-14,CREEK RD,0000000,42.61716111,-88.73683056,2,1
55,115,8,8,17,54,2,2,0,0,6,5,0,12,3,2,1,1,2,55,1,1,2,1,20,3,1,1,0,0,17,57,18,14,99,99,0,0,0,0,1,7,0,550319,0,2009,0,FAIRVIEW RD,ELM GROVE RD,0000000,44.70864722,-88.81774722,2,1
55,123,9,1,7,10,2,2,0,1,2,2,0,12,1,1,1,1,2,55,1,1,2,1,5,3,1,1,0,0,7,12,7,31,88,88,1,0,0,0,1,3,0,550320,0,2009,0,US-14,99999999999999999999,0000000,43.42526389,-90.67855556,2,1
55,27,9,4,6,58,2,2,0,0,6,3,0,12,5,2,1,1,2,55,1,1,2,1,20,3,1,5,0,0,7,2,7,17,88,88,0,0,0,0,1,6,0,550321,0,2009,0,SR-60,DJ,0000000,43.34303333,-88.65142778,2,5
55,77,9,4,9,47,2,2,0,0,3,3,0,12,2,1,1,1,2,55,2,2,2,1,0,0,1,1,0,0,99,99,99,99,99,99,0,0,0,0,1,6,0,550322,0,2009,0,SR-22,99999999999999999999,0000000,43.72293333,-89.30640278,2,1
55,25,9,7,12,54,2,3,1,1,12,2,0,12,4,7,1,2,2,55,1,1,1,1,20,3,1,1,0,0,12,54,13,3,13,32,0,0,0,0,1,2,0,550323,2780,2009,0,US-12 W,MILLPOND RD,0000000,43.04426389,-89.26157778,2,1
55,79,9,4,16,30,2,2,0,0,13,6,0,12,1,1,7,1,2,30,1,1,2,1,0,0,1,1,0,0,16,30,16,33,88,88,0,0,0,0,1,6,0,550324,5160,2009,0,60TH ST S,99999999999999999999,0000000,43.008075,-87.98751667,2,1
55,23,9,12,13,55,1,1,0,0,4,3,0,24,0,1,2,1,2,55,2,2,2,1,40,3,1,1,0,0,13,56,14,6,14,54,0,0,0,0,1,7,0,550325,1860,2009,0,SR-171,99999999999999999999,0000000,43.31290833,-90.84365,1,1
55,57,9,5,99,99,1,2,0,0,6,5,0,42,0,1,5,1,2,55,1,1,2,1,0,0,9,1,0,0,7,21,7,36,7,52,0,18,0,0,1,7,1,550327,0,2009,0,DOMBECK RD,99999999999999999999,0000000,43.72806389,-89.87756389,1,1
55,79,9,13,0,30,2,2,0,0,13,3,0,12,4,2,1,2,2,35,1,1,2,1,20,3,3,1,0,0,99,99,99,99,99,99,0,0,0,0,1,1,1,550328,3100,2009,0,SR-57,CONGRESS ST W,0000000,43.09675,-87.92716667,2,1
55,127,9,6,20,40,1,1,0,0,6,5,0,34,0,1,6,1,2,45,1,1,4,1,0,0,2,1,0,0,20,43,20,53,88,88,0,0,0,0,1,1,1,550329,0,2009,0,SWEET RD,99999999999999999999,0000000,42.59629722,-88.67657778,1,1
55,117,9,13,12,16,2,5,0,0,2,3,0,12,5,7,1,2,2,35,1,1,1,1,20,3,1,1,0,0,12,16,12,24,99,99,0,0,0,0,1,1,0,550330,0,2009,0,SR-57,EVERGREEN DR,0000000,43.552225,-87.94107222,2,1
55,105,9,6,21,58,1,1,0,0,14,6,0,33,0,1,2,1,2,35,2,1,1,1,0,0,2,1,0,0,21,58,22,5,22,51,0,0,0,0,1,1,0,550331,440,2009,0,WILLOWBROOK RD,99999999999999999999,0000000,42.49754167,-88.99698333,1,1
55,65,9,16,23,30,1,5,2,0,3,3,0,8,0,1,1,1,2,55,2,2,2,1,0,0,2,1,0,0,23,34,23,41,99,99,0,0,0,0,2,4,0,550332,0,2009,0,SR-78,99999999999999999999,0000000,42.50931111,-90.02557778,1,1
55,113,9,7,19,15,1,1,0,0,6,5,0,32,0,1,4,1,2,45,2,2,2,1,0,0,1,1,0,0,19,19,19,40,88,88,0,0,0,0,1,2,1,550333,0,2009,0,STONE LAKE RD,99999999999999999999,0000000,45.90840556,-91.54100556,1,1
55,131,9,18,21,15,2,3,0,0,3,3,0,12,2,1,1,1,2,55,1,1,2,1,0,0,2,1,0,0,21,23,21,34,22,17,0,0,0,0,2,6,1,550334,0,2009,0,SR-144,99999999999999999999,0000000,43.49175556,-88.14069167,2,1
55,59,9,2,12,7,2,3,0,0,15,4,0,12,5,1,1,1,2,35,1,2,2,1,0,0,1,1,0,0,12,8,12,13,12,30,0,0,0,0,1,4,0,550335,0,2009,0,JR,99999999999999999999,0000000,42.64479444,-87.86372778,2,1
55,9,9,8,10,6,2,2,0,1,13,3,0,12,1,1,2,2,2,65,1,1,1,1,0,0,1,1,0,0,10,8,10,16,99,99,0,23,0,0,1,3,0,550336,2000,2009,0,SR-54/57,99999999999999999999,0000000,44.52414167,-87.89431667,2,1
55,133,9,19,0,37,1,1,0,0,16,6,0,42,0,1,4,1,2,25,1,1,2,1,0,0,3,1,0,0,0,40,0,46,1,50,0,0,0,0,1,7,1,550337,3740,2009,0,MEADOWCREEK DR,99999999999999999999,0000000,43.07891944,-88.23233889,1,1
55,113,9,7,13,43,1,1,0,0,4,4,3,42,0,1,5,1,2,55,1,1,2,1,0,0,1,1,0,0,13,43,13,57,99,99,0,0,0,0,1,2,0,550338,0,2009,0,K,99999999999999999999,0000000,45.92631944,-91.38213056,1,1
55,73,9,3,12,10,2,3,0,1,13,2,0,12,5,4,1,1,4,35,2,1,1,1,0,0,1,1,0,0,12,13,12,17,12,44,0,0,0,0,1,5,1,550339,4290,2009,0,US-51,99999999999999999999,0000000,44.91698333,-89.61201944,2,1
55,47,9,9,15,0,2,3,0,0,3,3,0,12,5,2,1,1,4,55,1,3,2,1,20,3,1,1,0,0,15,3,15,14,99,99,0,0,0,0,1,4,0,550340,0,2009,0,SR-49,BROOKLYN J,0000000,43.85919444,-88.89518611,2,1
55,133,9,10,22,33,1,2,0,1,13,6,0,53,0,1,5,1,2,30,2,1,2,1,0,0,2,1,0,0,22,37,22,44,23,20,0,0,0,0,1,5,1,550341,9997,2009,0,PILGRIM PARKWAY,99999999999999999999,0000000,43.05464444,-88.10583611,1,1
55,93,9,12,1,35,1,1,0,0,3,3,0,24,0,1,4,1,2,55,2,3,2,1,0,0,2,1,0,0,1,43,1,50,88,88,0,0,0,0,1,7,1,550342,0,2009,0,SR-35,99999999999999999999,0000000,44.73191944,-92.76415556,1,1
55,95,9,12,15,54,1,2,0,0,5,4,0,17,0,1,5,1,2,45,1,2,2,1,0,0,1,1,0,0,15,56,16,4,99,99,0,0,0,0,1,7,1,550343,0,2009,0,S,99999999999999999999,0000000,45.36758333,-92.67414167,1,1
55,131,9,12,20,0,1,1,0,0,16,6,0,42,0,1,5,1,2,45,2,1,2,1,40,3,2,1,0,0,88,88,88,88,88,88,0,18,0,0,1,7,0,550344,0,2009,0,DIVISION RD,99999999999999999999,0000000,43.37894444,-88.28128333,1,1
55,109,9,14,13,20,1,2,0,1,1,1,0,5,0,1,1,2,4,65,2,1,1,1,0,0,1,1,0,0,13,24,13,36,99,99,0,0,0,0,1,2,1,550345,0,2009,297,I-94,99999999999999999999,0000000,44.93248056,-92.15417778,1,1
55,71,9,13,3,7,1,1,0,0,6,5,0,42,0,1,5,1,2,55,1,2,2,1,0,0,2,1,0,0,6,50,7,3,88,88,0,18,0,0,1,1,1,550346,0,2009,0,HICKORY GROVE RD,99999999999999999999,0000000,44.29836111,-87.84380556,1,1
55,45,9,19,3,40,2,2,0,1,2,3,0,12,2,1,1,1,2,55,2,1,2,1,0,0,2,5,0,0,3,43,3,51,99,99,0,0,0,0,1,7,1,550347,0,2009,0,SR-11,99999999999999999999,0000000,42.58981944,-89.49024167,2,5
55,131,9,19,12,1,2,3,0,0,3,3,0,12,2,1,1,1,2,55,1,1,2,1,0,0,1,1,0,0,12,3,12,10,12,37,0,0,0,0,1,7,0,550348,0,2009,0,SR-60,99999999999999999999,0000000,43.32271111,-88.08078333,2,1
55,25,9,19,20,39,2,2,0,1,11,1,0,12,5,13,1,6,2,55,2,1,1,1,0,0,2,1,0,1,20,41,20,48,88,88,0,0,0,0,1,7,1,550349,2780,2009,241,I-94 RAMP,99999999999999999999,0000000,43.10528056,-89.24519444,2,1
55,139,9,19,22,40,1,3,0,0,6,5,0,34,0,3,4,1,2,55,2,1,2,1,98,3,2,1,0,0,22,48,23,3,99,99,0,0,0,0,1,7,0,550350,0,2009,0,IVY LN,RIVER RD,0000000,43.99066944,-88.85789444,1,1
55,13,9,20,2,44,1,1,0,0,3,3,0,1,0,1,5,1,2,55,2,2,2,1,0,0,2,1,0,0,2,47,3,8,88,88,0,0,0,0,1,1,1,550351,0,2009,0,SR-48,99999999999999999999,0000000,45.72218056,-92.68186667,1,1
55,81,9,20,3,15,1,1,0,0,3,3,0,24,0,1,4,1,2,55,1,1,2,1,0,0,2,1,0,0,3,21,3,29,88,88,0,0,0,0,1,1,1,550352,0,2009,0,SR-71,99999999999999999999,0000000,43.90689167,-90.75496667,1,1
55,65,9,22,15,20,1,1,0,0,6,5,0,31,0,1,5,1,2,25,1,1,2,1,0,0,1,1,0,0,15,20,15,26,15,36,0,21,0,0,1,3,0,550353,1270,2009,0,CENTER HILL RD,99999999999999999999,0000000,42.66118333,-90.12595556,1,1
55,83,9,23,2,23,1,1,0,0,6,5,0,34,0,1,5,1,2,45,1,1,2,1,0,0,2,5,0,0,2,26,2,47,88,88,0,0,0,0,1,4,1,550354,0,2009,0,RIVER RD N,99999999999999999999,0000000,44.86237778,-87.96772222,1,5
55,35,9,2,10,41,2,2,0,1,13,2,0,12,1,2,1,2,3,45,1,1,1,1,3,3,1,1,0,0,10,42,10,44,99,99,0,0,0,0,1,4,0,550355,1470,2009,0,US-12,STEIN BLVD,0000000,44.79313611,-91.50903333,2,1
55,57,9,24,19,43,2,3,0,0,3,3,0,12,5,4,1,1,2,55,1,1,2,1,0,0,2,1,0,0,19,48,19,53,88,88,0,0,0,0,1,5,1,550356,0,2009,0,SR-33,99999999999999999999,0000000,43.68159167,-90.29122222,2,1
55,109,9,25,99,99,1,2,0,0,6,5,0,1,0,1,5,1,2,55,2,1,2,1,0,0,2,1,0,0,8,40,8,52,88,88,0,18,0,0,1,6,0,550357,0,2009,0,100TH AVE,99999999999999999999,0000000,45.00219444,-92.18507778,1,1
55,71,9,25,9,39,2,2,0,0,4,4,0,12,8,1,1,1,2,55,2,3,2,1,0,0,1,1,0,0,9,43,9,46,10,36,0,0,0,0,1,6,0,550358,0,2009,0,JJ,99999999999999999999,0000000,44.08815556,-87.84431944,2,1
55,47,9,26,12,1,2,3,0,0,6,4,0,12,5,2,1,1,2,55,1,1,2,1,20,3,1,1,0,0,12,3,12,9,12,21,0,0,0,0,1,7,0,550359,0,2009,0,V,FOREST RIDGE RD,0000000,43.93919167,-88.92647222,2,1
55,47,9,26,14,31,1,2,1,0,6,5,0,8,0,2,1,1,2,25,1,1,2,1,0,0,1,1,0,0,14,36,14,48,15,8,0,0,0,0,1,7,0,550360,2020,2009,0,WATER ST,LAKE ST,0000000,43.84608056,-88.95873333,1,1
55,85,9,18,22,15,1,1,0,1,2,2,0,31,0,1,5,1,2,55,2,1,2,1,0,0,3,1,0,0,99,99,99,99,99,99,0,0,0,0,1,6,0,550361,0,2009,0,US-51,99999999999999999999,0000000,45.79083889,-89.71156667,1,1
55,73,9,17,9,26,2,2,0,1,13,2,0,12,3,1,1,1,4,35,1,1,1,1,0,0,1,1,0,0,9,29,9,37,10,5,0,0,0,0,1,5,0,550362,5110,2009,0,US-51 BUS,99999999999999999999,0000000,44.94148889,-89.61914444,2,1
55,89,9,20,16,46,2,2,0,0,13,3,0,12,4,2,1,1,2,45,1,3,2,1,0,0,1,1,0,0,16,47,16,54,88,88,0,0,0,0,1,1,2,550363,930,2009,0,SR-181,SHERMAN RD,0000000,43.30804167,-88.00456111,2,1
55,107,9,20,18,8,4,2,1,1,2,2,0,14,1,1,2,1,2,55,1,1,2,2,0,0,1,1,0,1,18,14,18,17,88,88,0,23,0,0,1,1,0,550364,0,2009,0,US-8,99999999999999999999,0000000,45.45846667,-91.24414167,1,1
55,45,9,13,16,34,1,2,1,0,13,6,0,8,0,2,1,2,2,25,1,1,2,1,0,0,1,1,0,0,99,99,99,99,99,99,0,0,0,0,1,1,0,550365,3150,2009,0,6TH ST,22ND AVE,0000000,42.60632222,-89.63263056,1,1
55,133,9,20,17,13,1,2,0,0,12,3,0,1,0,15,8,2,2,65,1,1,2,1,0,0,5,1,0,0,17,14,17,22,99,99,0,0,0,0,1,1,0,550366,1305,2009,0,SR-16,99999999999999999999,0000000,43.10604444,-88.36108333,1,1
55,25,9,21,7,44,2,2,0,0,4,4,0,12,2,1,1,1,2,55,1,2,2,1,0,0,1,1,0,0,7,45,7,56,99,99,0,0,0,0,1,2,0,550367,0,2009,0,PQ,99999999999999999999,0000000,42.99966389,-89.06768611,2,1
55,113,9,20,18,59,1,3,0,0,4,4,3,42,0,1,4,1,2,55,2,1,2,1,0,0,1,1,0,0,18,59,19,16,99,99,0,0,0,0,1,1,1,550368,0,2009,0,K,99999999999999999999,0000000,45.92560278,-91.38204444,1,1
55,25,9,27,0,23,2,3,0,1,2,2,0,12,2,1,1,2,2,65,2,1,1,1,0,0,2,1,0,0,99,99,99,99,99,99,0,0,0,0,1,1,2,550369,0,2009,0,US-18,99999999999999999999,0000000,43.00430278,-89.70291389,2,1
55,83,9,30,1,54,2,2,0,1,2,2,0,13,2,1,1,2,2,65,1,1,1,1,0,0,2,1,0,0,1,56,2,15,3,10,0,0,0,0,1,4,1,550370,0,2009,0,US-141,99999999999999999999,0000000,44.87205,-88.04739444,2,1
55,87,9,30,19,26,1,3,0,0,2,3,0,53,0,1,4,1,2,55,1,1,2,1,0,0,2,1,0,0,19,32,19,38,20,16,0,0,0,0,2,4,0,550371,0,2009,0,SR-15,99999999999999999999,0000000,44.32839167,-88.59666944,1,1
55,79,9,12,21,39,2,2,0,1,11,1,0,45,3,1,2,3,3,55,1,1,2,1,41,3,3,1,0,1,21,43,21,54,22,46,0,3,0,0,1,7,1,550372,1921,2009,777,I-43,99999999999999999999,0000000,43.11267778,-87.91773611,1,1
55,21,9,12,13,43,1,2,1,0,6,6,0,8,0,4,4,1,2,0,1,1,2,1,0,0,1,1,0,0,13,45,13,47,88,88,0,0,0,0,1,7,0,550373,3670,2009,0,VINCE ST,99999999999999999999,0000000,43.53196667,-89.30511389,1,1
55,139,9,18,23,14,1,2,1,0,16,8,0,8,0,1,1,1,2,0,1,1,2,1,40,3,3,1,0,0,99,99,99,99,88,88,0,0,0,0,1,6,1,550374,3280,2009,0,WALMART PARKING LOT,99999999999999999999,0000000,44.17641667,-88.49058056,1,1
55,137,9,8,8,52,1,2,0,0,4,4,0,1,0,1,1,1,2,55,2,1,2,1,0,0,1,1,0,0,8,52,9,3,9,42,0,0,0,0,1,3,0,550375,0,2009,0,HH,99999999999999999999,0000000,44.21358611,-88.90823333,1,1
55,39,10,7,14,36,2,4,0,0,6,5,0,12,5,2,1,1,2,55,1,1,2,1,20,3,1,1,0,0,99,99,14,48,88,88,0,0,0,0,1,4,0,550376,0,2009,0,GOLF COURSE DR,TOWER RD,0000000,43.790025,-88.32175278,2,1
55,135,10,2,23,32,1,1,0,0,4,3,0,27,0,1,5,1,2,55,2,2,2,2,0,0,2,1,0,0,23,34,23,40,99,99,0,0,0,0,1,6,0,550377,0,2009,0,SR-110,99999999999999999999,0000000,44.35673611,-88.93670833,1,1
55,49,10,4,12,10,2,2,0,0,5,4,0,12,2,1,1,1,2,55,2,3,2,1,0,0,1,1,0,0,12,11,12,19,99,99,0,0,0,0,1,1,0,550378,0,2009,0,T,99999999999999999999,0000000,43.08196111,-89.97485278,2,1
55,133,10,3,18,45,1,1,0,0,13,6,0,42,0,1,5,1,2,45,2,2,2,1,0,0,5,1,0,0,18,45,18,50,99,99,0,0,0,0,1,7,1,550379,3740,2009,0,MEADOWBROOK RD,99999999999999999999,0000000,43.06070556,-88.282475,1,1
55,75,10,5,14,57,1,1,0,0,6,5,0,22,0,1,4,1,2,55,1,1,2,1,0,0,1,1,0,0,14,57,15,8,88,88,0,0,0,0,1,2,1,550380,0,2009,0,CEMETERY RD,99999999999999999999,0000000,45.2892,-87.99372778,1,1
55,89,10,6,15,50,1,1,0,0,4,5,0,42,0,1,4,1,2,55,2,2,2,2,0,0,1,1,0,0,15,53,16,3,16,37,0,0,0,0,1,3,1,550381,0,2009,0,I,99999999999999999999,0000000,43.37064722,-87.98023333,1,1
55,33,10,7,9,15,2,2,0,0,3,3,0,12,2,1,1,1,2,55,2,1,2,1,0,0,1,1,0,0,9,17,9,31,10,11,0,0,0,0,1,4,0,550382,0,2009,0,SR-40,99999999999999999999,0000000,44.89756111,-91.72223611,2,1
55,109,10,7,10,50,2,3,0,0,6,5,0,12,5,2,1,1,2,55,1,1,2,1,20,3,1,1,0,0,10,54,11,8,99,99,0,0,0,0,1,4,0,550383,0,2009,0,220TH ST,170TH AVE,0000000,45.10745278,-92.36120278,2,1
55,78,10,12,21,4,1,3,0,0,4,4,0,42,0,1,5,1,2,55,1,1,2,2,0,0,2,1,0,0,21,4,21,26,22,23,0,0,0,0,1,2,1,550384,0,2009,0,M,99999999999999999999,0000000,45.01900278,-88.72558611,1,1
55,83,10,13,4,42,1,1,0,1,2,2,0,37,0,1,5,2,4,65,1,1,1,4,0,0,2,1,0,0,4,44,99,97,99,97,0,0,0,0,1,3,0,550385,0,2009,0,US-141,99999999999999999999,0000000,44.88628333,-88.04400556,1,1
55,87,10,14,6,49,2,2,0,0,4,4,0,12,2,1,1,1,2,55,1,1,2,2,0,0,4,2,0,0,6,56,7,10,99,99,0,0,0,0,1,4,0,550386,0,2009,0,EE,99999999999999999999,0000000,44.44424444,-88.21991389,2,2
55,79,10,16,11,47,2,3,0,0,14,6,0,12,5,1,1,2,3,35,1,2,1,1,20,3,1,1,0,0,11,49,11,50,99,99,0,0,0,0,1,6,0,550387,5130,2009,0,WATERTOWN PLANK RD,99999999999999999999,0000000,43.04589444,-88.01929722,2,1
55,21,10,17,6,39,2,2,0,0,13,3,0,12,8,1,1,1,2,55,1,1,2,1,0,0,2,1,0,0,6,39,6,48,88,88,0,0,0,0,1,7,0,550388,0,2009,0,SR-33,99999999999999999999,0000000,43.52919722,-89.47885833,2,1
55,55,10,19,20,30,1,1,0,0,6,5,0,42,0,1,5,1,2,55,2,1,2,1,0,0,2,1,0,0,21,21,21,29,88,88,0,0,0,0,1,2,0,550389,0,2009,0,HIGHWVIEW RD,99999999999999999999,0000000,43.158425,-88.61271944,1,1
55,79,10,11,12,43,1,1,0,0,13,3,0,29,0,1,4,1,4,30,1,1,1,1,0,0,1,1,0,0,12,45,99,99,99,99,0,0,0,0,1,1,1,550390,3100,2009,0,SR-59,99999999999999999999,0000000,43.02324722,-87.92902778,1,1
55,105,10,21,13,50,1,1,0,1,2,2,0,43,0,1,5,1,2,55,1,1,2,1,0,0,1,1,0,0,13,51,14,2,88,88,0,0,0,0,1,4,0,550391,0,2009,0,US-14,99999999999999999999,0000000,42.65417778,-88.83598611,1,1
55,119,10,22,8,28,1,1,0,0,3,3,0,38,0,1,5,1,2,55,1,1,2,1,0,0,1,1,0,0,8,29,8,48,88,88,0,0,0,0,1,5,0,550392,0,2009,0,SR-73,99999999999999999999,0000000,45.0409,-90.79994167,1,1
55,73,10,18,0,20,1,4,0,1,11,1,0,1,0,1,1,2,2,65,1,2,2,1,0,0,2,1,0,0,0,27,0,38,1,44,0,0,0,0,2,1,1,550393,3200,2009,174,I-39,99999999999999999999,0000000,44.79057778,-89.68049444,1,1
55,63,10,23,5,33,1,3,1,1,13,2,0,8,0,1,1,4,2,30,1,1,1,2,0,0,3,2,0,0,5,35,5,39,5,57,0,0,0,0,1,6,0,550394,2490,2009,0,US-53,99999999999999999999,0000000,43.82831944,-91.249475,1,2
55,79,10,26,19,6,1,2,0,1,11,1,0,33,0,1,4,3,4,50,1,1,2,2,0,0,3,1,0,0,99,99,99,99,99,99,0,0,0,0,1,2,0,550395,3100,2009,74,I-43,99999999999999999999,0000000,43.057325,-87.92451667,1,1
55,89,10,8,12,8,3,5,0,1,1,1,0,12,1,1,1,2,2,65,1,1,2,2,40,3,1,2,0,1,12,15,12,25,12,45,0,3,0,0,2,5,0,550396,0,2009,1057,I-43,99999999999999999999,0000000,43.48496667,-87.83035,3,2
55,111,10,8,13,4,2,2,0,1,2,2,0,12,4,1,1,1,2,45,2,2,2,1,0,0,1,1,0,4,13,7,13,11,88,88,0,0,0,0,1,5,0,550397,0,2009,0,US-12,99999999999999999999,0000000,43.56286944,-89.77845,2,1
55,63,10,8,16,11,1,1,0,0,4,4,0,42,0,1,5,1,2,55,1,1,1,1,0,0,1,1,0,0,16,12,16,23,17,14,0,0,0,0,1,5,1,550398,0,2009,0,T,99999999999999999999,0000000,44.04925833,-91.26503611,1,1
55,139,10,9,22,48,1,1,0,0,6,5,0,18,0,1,4,1,2,45,1,3,2,1,40,3,2,1,0,4,22,52,23,1,88,88,0,0,0,0,1,6,1,550399,0,2009,0,BROOKS RD,99999999999999999999,0000000,44.09746389,-88.54605,1,1
55,17,10,12,12,50,1,2,1,0,3,3,0,8,0,2,1,1,2,25,1,2,2,2,0,0,1,4,0,0,12,50,12,55,12,59,0,0,0,0,1,2,0,550400,570,2009,0,SR-40,99999999999999999999,0000000,45.09968611,-91.49329444,1,4
55,17,10,16,11,49,1,1,0,0,6,5,0,37,0,1,5,1,2,99,1,1,9,9,0,0,1,1,0,0,99,99,99,99,88,88,0,0,0,0,1,6,0,550401,790,2009,0,FRONT ST,99999999999999999999,0000000,44.94569444,-91.16311389,1,1
55,63,10,30,99,99,2,1,0,0,14,6,0,12,1,1,7,1,2,25,1,1,2,1,0,0,2,1,0,1,19,33,19,38,20,17,0,0,0,0,1,6,1,550402,2490,2009,0,OAK AVE S,99999999999999999999,0000000,43.87359722,-91.22976111,2,1
55,27,10,28,6,32,2,2,0,0,13,3,0,12,2,1,1,1,2,55,1,3,2,1,0,0,2,1,0,0,6,36,6,47,99,99,0,0,0,0,1,4,0,550403,0,2009,0,SR-26,99999999999999999999,0000000,43.27765833,-88.73535,2,1
55,43,10,31,11,12,2,2,0,0,4,4,0,12,2,1,1,1,2,55,1,1,2,1,0,0,1,1,0,0,11,16,11,22,11,34,0,0,0,0,1,7,0,550404,0,2009,0,N,99999999999999999999,0000000,42.82916389,-90.74329444,2,1
55,127,10,20,17,55,1,1,0,0,3,3,0,42,0,1,5,1,2,55,1,2,2,1,0,0,5,1,0,0,99,99,99,99,99,99,0,18,0,0,1,3,1,550405,0,2009,0,SR-20,99999999999999999999,0000000,42.79316389,-88.50246944,1,1
55,117,10,17,99,99,1,1,0,0,4,4,0,32,0,1,6,1,2,55,1,1,2,1,0,0,2,1,0,0,88,88,88,88,88,88,0,18,0,0,1,7,1,550406,0,2009,0,A,99999999999999999999,0000000,43.83353611,-87.95405278,1,1
55,141,10,8,21,16,1,1,0,0,15,6,0,10,0,6,1,1,2,25,1,1,2,1,62,3,3,1,0,0,21,17,21,21,21,37,0,0,0,0,1,5,0,550407,2880,2009,0,MAPLE AVE N,99999999999999999999,917707R,44.66740278,-90.17365556,1,1
55,101,10,23,22,28,1,2,0,0,6,5,0,5,0,1,1,1,2,55,1,1,2,1,0,0,2,2,0,0,22,28,22,41,23,24,0,0,0,0,1,6,1,550408,0,2009,0,61ST DR,99999999999999999999,0000000,42.70979722,-88.022525,1,2
55,89,10,28,22,59,2,3,0,0,6,5,0,12,1,1,1,1,2,55,1,2,2,1,0,0,2,5,0,0,23,2,23,14,23,59,0,0,0,0,1,4,0,550409,0,2009,0,JAY RD,99999999999999999999,0000000,43.52877778,-87.92315556,2,5
55,139,10,24,23,26,1,1,0,1,2,2,0,1,0,13,1,2,2,65,1,1,2,2,0,0,2,2,0,0,23,28,23,36,88,88,0,0,0,0,1,7,0,550410,0,2009,0,US-41,99999999999999999999,0000000,43.95243333,-88.58296667,1,2
55,137,10,29,10,34,2,3,0,0,6,5,0,12,3,2,1,1,2,55,1,1,2,1,20,3,1,1,0,0,10,34,10,46,99,99,0,0,0,0,1,5,0,550411,0,2009,0,15TH RD,APACHE DR,0000000,44.19218889,-89.31266667,2,1
55,105,10,25,13,39,2,4,0,1,2,3,0,12,5,2,1,1,2,55,1,1,2,1,20,3,1,1,0,0,13,39,13,44,14,14,0,0,0,0,1,1,0,550412,3600,2009,0,SR-11,SR-213,0000000,42.63248333,-89.26360556,2,1
55,79,10,29,22,55,1,4,1,1,13,3,0,8,0,1,1,2,3,40,1,3,1,2,0,0,3,2,0,0,99,99,99,99,88,88,0,0,0,0,1,5,0,550413,3100,2009,0,SR-100,99999999999999999999,0000000,43.17758611,-88.02807778,1,2
55,139,11,5,11,55,4,6,0,1,12,2,0,12,7,1,1,2,4,65,1,1,1,1,0,0,1,1,0,0,99,99,99,99,99,99,0,0,0,0,1,5,0,550414,0,2009,0,US-10,99999999999999999999,0000000,44.23403889,-88.42206667,4,1
55,79,11,5,13,49,2,2,0,0,14,2,0,12,5,2,1,2,4,30,1,1,2,1,3,3,1,1,0,0,99,99,99,99,99,99,0,0,0,0,1,5,0,550415,3100,2009,0,US-18,35TH ST N,0000000,43.03897222,-87.95783056,2,1
55,21,11,6,11,1,1,2,1,0,16,6,0,8,0,2,1,1,2,25,1,1,2,1,0,0,1,1,0,0,11,1,11,3,88,88,0,0,0,0,1,6,0,550416,3830,2009,0,SCHULTZ ST,KLEMP ST,0000000,43.55620833,-89.4783,1,1