STATE,COUNTY,MONTH,DAY,HOUR,MINUTE,VE_TOTAL,PERSONS,PEDS,NHS,ROAD_FNC,ROUTE,SP_JUR,HARM_EV,MAN_COLL,REL_JUNC,REL_ROAD,TRAF_FLO,NO_LANES,SP_LIMIT,ALIGNMNT,PROFILE,PAVE_TYP,SUR_COND,TRA_CONT,T_CONT_F,LGT_COND,WEATHER1,WEATHER2,WRK_ZONE,NOT_HOUR,NOT_MIN,ARR_HOUR,ARR_MIN,HOSP_HR,HOSP_MN,SCH_BUS,CF1,CF2,CF3,FATALS,DAY_WEEK,DRUNK_DR,ST_CASE,CITY,YEAR,MILEPT,TWAY_ID,TWAY_ID2,RAIL,LATITUDE,LONGITUD,VE_FORMS,WEATHER
55,27,11,6,18,9,1,1,0,1,2,3,0,42,0,1,5,1,2,55,2,4,2,1,0,0,2,1,0,0,18,14,18,31,88,88,0,0,0,0,1,6,1,550417,0,2009,0,SR-26,99999999999999999999,0000000,43.56123611,-88.71009444,1,1
55,99,11,7,4,8,1,2,0,0,6,5,0,42,0,1,5,1,2,55,1,2,2,1,0,0,2,5,0,0,4,10,4,12,88,88,0,0,0,0,2,7,1,550418,0,2009,0,SQUAW CREEK RD,99999999999999999999,0000000,45.7235,-90.39057222,1,5
55,93,11,7,16,20,2,4,0,0,6,5,0,12,5,2,1,1,2,55,1,1,2,1,20,3,1,1,0,0,16,23,16,28,99,99,0,0,0,0,1,7,0,550419,0,2009,0,610TH AVE,610TH ST,0000000,44.76160556,-92.43681944,2,1
55,25,11,7,16,43,2,2,0,0,4,3,0,12,5,2,1,1,2,55,2,1,2,1,20,3,1,1,0,0,16,46,16,55,88,88,0,0,0,0,1,7,1,550420,0,2009,0,SR-69,DIANE AVE,0000000,42.92613611,-89.52209444,2,1
55,117,11,7,9,4,1,2,0,0,3,3,0,42,0,1,5,1,2,55,1,2,2,1,0,0,1,1,0,0,9,7,9,14,9,56,0,0,0,0,1,7,0,550421,0,2009,0,SR-144,99999999999999999999,0000000,43.55731944,-88.00907222,1,1
55,127,11,16,1,25,1,1,0,1,1,1,0,1,0,1,3,2,2,65,1,1,1,1,0,0,2,1,0,0,1,35,1,49,88,88,0,0,0,0,1,2,0,550422,0,2009,1170,I-43,99999999999999999999,0000000,42.58335833,-88.76373889,1,1
55,127,11,15,23,59,2,2,0,0,13,3,0,12,2,2,1,1,2,25,1,1,2,1,0,0,3,1,0,0,23,59,0,8,0,48,0,0,0,0,1,1,0,550423,1550,2009,0,SR-67,ROCKWELL ST E,0000000,42.66883611,-88.54126389,2,1
55,117,11,19,16,50,1,2,1,0,4,4,0,8,0,4,1,1,2,55,1,1,2,1,0,0,5,1,0,0,16,50,16,59,88,88,0,0,0,0,1,5,1,550424,0,2009,0,A,99999999999999999999,0000000,43.62302778,-87.80951389,1,1
55,43,11,21,99,99,1,1,0,0,5,4,0,37,0,1,4,1,2,55,2,4,2,1,0,0,2,1,0,0,0,1,0,18,88,88,0,18,0,0,1,7,1,550425,0,2009,0,V,99999999999999999999,0000000,42.82172222,-91.06477222,1,1
55,111,11,21,99,99,1,1,0,0,3,3,0,1,0,1,1,1,2,55,2,1,2,1,0,0,2,1,0,0,1,15,1,22,88,88,0,18,0,0,1,7,1,550426,0,2009,0,SR-60,99999999999999999999,0000000,43.24717222,-89.83855278,1,1
55,79,11,21,0,5,1,3,0,0,14,5,0,30,0,1,4,1,2,30,1,1,1,1,0,0,3,1,0,0,0,5,99,99,88,88,0,0,0,0,1,7,0,550427,3100,2009,0,HOPKINS ST N,99999999999999999999,0000000,43.09856111,-87.957475,1,1
55,111,11,21,99,99,1,1,0,0,4,4,0,52,0,1,5,1,2,55,2,3,2,1,0,0,2,1,0,0,20,46,99,99,88,88,0,18,0,0,1,7,1,550428,0,2009,0,B,99999999999999999999,0000000,43.26264444,-90.09269722,1,1
55,9,11,21,22,56,1,2,0,0,4,4,0,1,0,1,4,1,2,55,2,1,2,1,0,0,2,1,0,0,23,0,23,7,23,28,0,0,0,0,1,7,1,550429,0,2009,0,G,99999999999999999999,0000000,44.40867778,-87.95070556,1,1
55,35,11,11,15,58,1,3,1,0,3,2,0,9,0,4,1,1,2,30,1,1,1,1,0,0,1,1,0,0,15,58,16,12,16,41,0,0,0,0,1,4,0,550430,1680,2009,0,US-12,VICTORY ST,0000000,44.76349444,-91.28016389,1,1
55,137,11,24,7,25,2,3,0,0,3,3,0,12,2,1,1,1,2,55,2,1,2,1,0,0,1,1,0,0,7,25,7,31,8,41,0,0,0,0,1,3,0,550431,0,2009,0,SR-73,99999999999999999999,0000000,44.163675,-89.37043056,2,1
55,105,11,24,18,19,2,1,0,0,3,3,0,14,1,2,2,1,2,55,2,1,2,2,0,0,2,2,0,1,18,20,18,30,88,88,0,0,0,0,1,3,0,550432,0,2009,0,SR-59,OLD SR-59,0000000,42.7731,-88.93715833,1,2
55,105,11,24,19,55,2,6,0,1,1,1,0,13,1,1,1,2,2,65,1,1,2,2,0,0,2,2,0,0,19,59,99,99,99,99,0,0,0,0,2,3,0,550433,0,2009,1650,I-39,99999999999999999999,0000000,42.80654722,-89.01346111,2,2
55,127,11,25,0,43,1,2,0,0,6,5,0,42,0,1,5,1,2,35,2,3,2,2,0,0,2,2,0,0,0,47,0,58,88,88,0,0,0,0,2,4,0,550434,0,2009,0,SPRING VALLEY RD,99999999999999999999,0000000,42.64683889,-88.32951944,1,2
55,15,11,24,20,9,1,2,0,0,6,5,0,18,0,2,6,1,2,45,1,1,2,2,20,3,3,2,0,0,20,12,20,20,20,52,0,0,0,0,2,3,1,550435,0,2009,0,WOODLAND RD,N,0000000,44.21438611,-88.32346944,1,2
55,69,11,24,14,0,1,2,0,0,6,5,0,34,0,1,6,1,2,55,1,1,2,1,20,3,1,1,0,0,14,3,14,10,14,29,0,0,0,0,1,3,0,550436,0,2009,0,DEER RUN AVE,99999999999999999999,0000000,45.16206944,-89.63122778,1,1
55,73,11,26,23,39,1,2,0,1,2,3,0,34,0,1,3,2,4,65,1,1,1,1,0,0,2,1,0,0,23,39,23,56,0,23,0,0,0,0,2,5,1,550437,0,2009,0,SR-29,99999999999999999999,0000000,44.87829167,-89.30566111,1,1
55,45,11,28,20,39,1,1,0,0,4,3,0,34,0,1,5,1,2,55,2,1,2,1,0,0,2,1,0,0,20,41,21,2,88,88,0,0,0,0,1,7,1,550438,0,2009,0,SR-92,99999999999999999999,0000000,42.84551389,-89.52561389,1,1
55,95,11,19,0,40,1,1,0,0,4,4,0,42,0,2,6,1,2,25,2,1,2,1,20,3,3,1,0,0,0,40,0,45,88,88,0,0,0,0,1,5,1,550439,1020,2009,0,1ST AVE W,2ND AVE,0000000,45.25258056,-92.26994167,1,1
55,13,11,21,99,99,1,1,0,0,5,5,0,42,0,1,5,1,2,55,1,2,2,1,0,0,2,1,0,0,18,22,18,28,88,88,0,0,0,0,1,7,1,550440,0,2009,0,PIKE BEND RD,99999999999999999999,0000000,45.83821944,-92.33395,1,1
55,11,11,26,99,99,1,1,0,0,4,4,0,42,0,1,4,1,2,55,2,1,2,1,0,0,2,1,0,0,3,36,3,45,88,88,0,18,0,0,1,5,1,550441,0,2009,0,H,99999999999999999999,0000000,44.58841944,-91.66876389,1,1
55,27,11,3,17,28,1,1,0,1,2,2,0,52,0,1,3,3,4,65,1,1,1,1,0,0,2,1,0,0,17,28,17,37,18,1,0,0,0,0,1,3,0,550442,0,2009,0,US-151,99999999999999999999,0000000,43.50953056,-88.80429167,1,1
55,81,11,28,15,22,2,4,0,1,1,1,0,12,1,1,2,3,4,65,1,1,1,1,0,0,1,1,0,0,15,27,15,39,16,0,0,0,0,0,1,7,0,550443,0,2009,46,I-90,99999999999999999999,0000000,43.98126667,-90.42812222,2,1
55,115,11,1,2,0,1,1,0,0,6,5,0,1,0,3,5,1,2,55,1,1,2,1,20,3,2,1,0,0,10,7,10,14,88,88,0,0,0,0,1,1,1,550444,0,2009,0,RIVER RD,F,0000000,44.71798333,-88.36360556,1,1
55,9,11,2,20,47,3,3,0,1,12,2,0,12,1,1,1,2,2,65,1,1,2,1,0,0,2,1,0,0,20,47,20,55,88,88,0,0,0,0,1,2,1,550445,223,2009,0,US-41,99999999999999999999,0000000,44.46055,-88.08444167,3,1
55,111,11,4,13,12,2,2,0,0,3,3,0,12,4,1,1,1,2,55,2,1,2,1,0,0,1,1,0,0,99,99,99,99,99,99,0,0,0,0,1,4,0,550446,0,2009,0,SR-23,99999999999999999999,0000000,43.39743889,-90.03673611,2,1
55,81,11,4,23,10,2,2,0,1,1,1,0,12,1,1,1,2,2,65,1,1,1,1,0,0,2,1,0,0,99,99,99,99,88,88,0,0,0,0,1,4,1,550447,3476,2009,500,I-90,99999999999999999999,0000000,43.95754444,-90.36126111,2,1
55,101,11,8,16,36,2,2,0,0,3,3,0,12,5,2,1,1,2,55,1,1,1,1,20,3,5,1,0,0,16,36,16,44,17,3,0,0,0,0,1,1,0,550448,795,2009,0,SR-38,4 MILE RD,0000000,42.78481944,-87.86878056,2,1
55,75,11,9,16,51,2,4,0,0,4,4,0,12,3,3,1,1,2,55,1,1,2,1,28,3,3,1,0,0,16,51,17,0,99,99,0,0,0,0,1,2,1,550449,0,2009,0,C,V,0000000,45.42923889,-88.03713889,2,1
55,135,11,11,15,31,2,3,0,0,4,3,0,12,5,2,1,1,2,55,1,1,1,1,20,3,1,1,0,0,15,35,15,36,88,88,0,0,0,0,1,4,0,550450,0,2009,0,SR-110,X,0000000,44.32988056,-88.933875,2,1
55,81,11,12,19,6,2,3,0,0,13,2,0,12,5,2,1,2,2,55,1,1,1,1,20,3,2,1,0,0,19,6,19,20,88,88,0,0,0,0,1,5,0,550451,4830,2009,0,US-12,SIME AVE,0000000,43.97243333,-90.48970833,2,1
55,43,11,13,99,99,1,2,0,0,4,3,0,11,0,1,1,1,2,55,1,1,2,1,0,0,2,1,0,0,99,99,99,99,88,88,0,0,0,0,2,6,0,550452,0,2009,0,SR-133,99999999999999999999,0000000,43.08550833,-90.81520833,1,1
55,133,11,14,12,49,1,1,0,0,13,4,0,1,0,1,5,1,2,45,2,1,2,1,0,0,1,1,0,0,12,52,12,58,88,88,0,0,0,0,1,7,1,550453,3260,2009,0,Y,99999999999999999999,0000000,42.86630833,-88.15918889,1,1
55,59,11,26,12,53,3,4,0,0,15,4,0,12,8,1,1,1,2,55,1,1,2,1,0,0,1,1,0,0,13,1,13,10,14,25,0,0,0,0,1,5,1,550454,0,2009,0,K,99999999999999999999,0000000,42.5826,-87.97636944,3,1
55,129,11,26,17,56,2,2,0,0,2,3,0,12,2,1,1,1,2,55,1,1,2,1,0,0,2,1,0,0,17,59,17,59,18,36,0,0,0,0,2,5,0,550455,4550,2009,0,SR-70,99999999999999999999,0000000,45.81276944,-91.67125278,2,1
55,95,11,27,12,46,1,3,0,1,2,2,0,1,0,1,1,1,2,55,1,1,2,1,0,0,1,1,0,0,12,49,13,0,13,17,0,0,0,0,1,6,0,550456,0,2009,0,US-8,99999999999999999999,0000000,45.39670278,-92.52496667,1,1
55,79,11,27,0,28,2,4,0,0,13,3,0,12,5,2,1,2,2,30,1,1,1,1,0,0,3,1,0,0,99,99,99,99,99,99,0,0,0,0,2,6,1,550457,3100,2009,0,SR-38,PLAINFIELD AVE E,0000000,42.96825,-87.90949167,2,1
55,27,11,28,3,21,1,1,0,0,6,5,0,32,0,1,4,1,2,55,1,2,2,1,0,0,2,1,0,0,3,27,3,41,88,88,0,0,0,0,1,7,0,550458,0,2009,0,WOODLAND RD,99999999999999999999,0000000,43.37063333,-88.50577222,1,1
55,105,11,17,13,24,2,3,0,0,3,3,0,12,3,2,1,1,2,55,1,3,2,1,20,3,1,1,0,0,13,24,13,39,14,17,0,0,0,0,1,3,0,550459,0,2009,0,SR-67,CLINTON CORNERS RD S,0000000,42.50861667,-88.89458611,2,1
55,133,12,1,1,41,1,3,0,0,16,6,0,34,0,1,5,1,2,35,2,2,2,1,0,0,2,1,0,1,1,41,1,48,2,28,0,0,0,0,1,3,1,550460,0,2009,0,CHERI AVE,99999999999999999999,0000000,42.90099167,-88.22570833,1,1
55,25,12,1,19,23,2,2,0,1,12,2,0,12,1,10,2,3,3,65,1,1,1,1,0,0,2,1,0,0,19,25,19,33,88,88,0,0,0,0,1,3,1,550461,4720,2009,0,US-151,REINER RD,0000000,43.16193056,-89.26743611,2,1
55,81,12,1,13,27,1,1,0,0,6,5,0,31,0,1,4,1,2,55,2,2,2,1,0,0,1,1,0,0,13,35,13,53,99,99,0,0,0,0,1,3,0,550462,0,2009,0,OLIVE RD,99999999999999999999,0000000,43.75190833,-90.76428056,1,1
55,25,12,2,17,58,1,1,0,0,4,3,0,30,0,2,2,1,2,55,1,2,2,1,0,0,2,1,0,0,17,58,99,99,88,88,0,0,0,0,1,4,1,550463,0,2009,0,SR-188,CLIFTON RD,0000000,43.287,-89.70929167,1,1
55,133,12,3,14,55,2,3,0,0,13,3,0,12,5,1,1,1,2,55,1,1,2,3,0,0,1,4,0,0,15,50,16,3,16,44,0,0,0,0,1,5,0,550464,0,2009,0,SR-59,99999999999999999999,0000000,42.94693611,-88.372575,2,4
55,25,12,3,17,0,1,2,1,1,2,2,0,8,0,2,1,3,2,55,1,1,1,3,0,0,2,4,0,0,17,3,17,13,99,99,0,0,0,0,1,5,0,550465,0,2009,0,US-12,KP,0000000,43.22258056,-89.66034722,1,4
55,123,12,3,17,24,2,3,0,0,3,3,0,12,5,1,1,1,2,55,2,2,1,3,0,0,2,4,0,0,17,30,17,44,18,16,0,0,0,0,2,5,0,550466,0,2009,0,SR-27/82,99999999999999999999,0000000,43.45876111,-90.95392222,2,4
55,27,12,3,99,99,2,3,0,0,4,4,0,12,1,1,1,1,2,55,1,1,2,1,0,0,2,1,0,0,11,34,11,45,99,99,0,18,0,0,2,5,1,550467,0,2009,0,G,99999999999999999999,0000000,43.24470278,-88.87810833,2,1
55,127,12,3,17,14,2,6,0,0,13,4,0,12,5,1,1,1,2,45,1,1,2,3,0,0,2,4,0,0,17,16,99,99,18,3,0,0,0,0,3,5,0,550468,0,2009,0,ES,99999999999999999999,0000000,42.83991111,-88.34591389,2,4
55,71,12,5,14,34,1,1,0,0,4,4,0,42,0,1,5,1,2,55,1,1,2,1,0,0,1,1,0,0,14,39,14,48,88,88,0,0,0,0,1,7,0,550469,0,2009,0,R,99999999999999999999,0000000,44.29485833,-87.77621389,1,1
55,83,12,4,99,99,1,1,0,1,2,2,0,1,0,5,5,6,1,45,2,2,1,9,0,0,9,9,0,0,6,51,6,56,88,88,0,18,0,0,1,6,1,550470,0,2009,0,US-41 BUS RAMP,99999999999999999999,0000000,44.89430833,-87.88444444,1,9
55,27,12,15,18,33,2,3,0,0,4,4,0,12,5,4,1,1,2,55,1,1,2,1,0,0,2,1,0,0,18,37,18,50,19,45,0,0,0,0,1,3,0,550471,0,2009,0,CW,99999999999999999999,0000000,43.20079722,-88.66301667,2,1
55,69,12,17,12,25,1,2,0,0,4,3,0,24,0,1,4,1,2,55,1,1,2,3,0,0,1,1,0,0,12,29,12,33,13,10,0,0,0,0,1,5,0,550472,0,2009,0,SR-107,99999999999999999999,0000000,45.21599722,-89.764825,1,1
55,21,12,18,16,59,1,2,1,0,3,3,0,8,0,1,1,1,2,55,1,1,2,1,0,0,2,1,0,0,17,1,17,8,88,88,0,0,0,0,1,6,0,550473,0,2009,0,SR-33,99999999999999999999,0000000,43.56675833,-89.07156944,1,1
55,23,12,19,18,12,2,2,0,0,3,3,0,12,99,2,1,1,2,55,1,1,2,1,0,0,2,1,0,0,18,17,18,39,19,19,0,0,0,0,1,7,1,550474,0,2009,0,SR-27,INDIGO LN,0000000,43.28139167,-90.95641111,2,1
55,27,12,19,2,25,1,2,0,0,3,3,0,34,0,1,5,1,2,55,2,2,2,1,0,0,2,1,0,0,2,33,2,47,4,2,0,0,0,0,1,7,1,550475,0,2009,0,SR-73,99999999999999999999,0000000,43.47571944,-88.99998611,1,1
55,83,12,10,13,30,1,1,0,1,2,2,0,1,0,1,5,2,2,99,1,1,1,3,0,0,1,1,0,0,13,32,13,43,14,16,0,0,0,0,1,5,0,550476,0,2009,0,US-41,99999999999999999999,0000000,44.80358056,-87.97993056,1,1
55,73,12,21,15,27,1,1,0,0,14,6,0,30,0,1,5,1,2,25,1,1,2,2,0,0,5,1,0,0,15,31,99,99,88,88,0,0,0,0,1,2,0,550477,5110,2009,0,STURGEON EDDY RD,99999999999999999999,0000000,44.93953056,-89.62820278,1,1
55,79,12,20,17,51,1,2,0,0,13,5,0,33,0,2,5,2,2,30,1,1,1,1,2,2,3,1,0,0,99,99,99,99,99,99,0,0,0,0,1,1,0,550478,3100,2009,0,HOWARD AVE W,3RD ST S,0000000,42.97381944,-87.91449722,1,1
55,19,12,23,21,24,1,1,0,0,6,5,0,48,0,1,2,1,2,55,1,1,4,3,0,0,2,7,0,0,21,27,21,36,88,88,0,0,0,0,1,4,0,550479,0,2009,0,FISHER AVE,99999999999999999999,0000000,44.93345278,-90.71960556,1,7
55,101,12,24,16,56,1,3,1,1,13,3,0,8,0,2,1,2,3,40,1,1,1,2,3,3,3,2,0,0,16,56,17,2,17,29,0,0,0,0,1,5,0,550480,3970,2009,0,SR-11,WOODS RD,0000000,42.69710278,-87.84558056,1,2
55,11,12,24,11,48,1,2,0,0,3,3,0,34,0,1,4,1,2,55,2,1,2,4,0,0,1,4,0,0,11,51,12,14,13,9,0,0,0,0,1,5,0,550481,0,2009,0,SR-37,99999999999999999999,0000000,44.43969444,-91.77637222,1,4
55,81,12,24,16,31,1,5,0,1,1,1,0,1,0,1,3,2,2,65,1,1,1,4,0,0,5,3,0,0,16,32,16,40,17,6,0,0,0,0,1,5,0,550482,0,2009,138,I-94,99999999999999999999,0000000,44.09615278,-90.53270833,1,3
55,105,12,6,18,12,2,2,0,1,13,2,0,12,4,8,1,1,4,40,1,1,1,1,0,0,3,1,0,0,18,12,18,17,18,53,0,0,0,0,1,1,0,550483,2320,2009,0,US-51,99999999999999999999,0000000,42.64870278,-89.03116389,2,1
55,79,12,6,1,59,1,2,0,0,14,6,0,42,0,1,4,1,2,30,1,1,2,1,0,0,3,1,0,0,99,99,99,99,99,99,0,0,0,0,1,1,1,550484,3100,2009,0,SUPERIOR ST S,99999999999999999999,0000000,42.98764167,-87.87215278,1,1
55,123,12,7,12,22,1,1,0,0,6,4,0,53,0,1,4,1,2,55,1,1,2,3,0,0,1,1,0,0,12,24,12,27,88,88,0,0,0,0,1,2,0,550485,0,2009,0,J,99999999999999999999,0000000,43.532775,-90.87839167,1,1
55,65,12,6,22,17,1,1,0,0,6,5,0,43,0,3,4,1,2,55,2,2,2,1,40,3,2,1,0,0,22,18,22,23,88,88,0,20,0,0,1,1,1,550486,0,2009,0,JERICO RD,SAND HILL RD,0000000,42.80602778,-90.36312778,1,1
55,49,12,8,10,0,1,1,0,1,2,2,0,1,0,1,4,1,2,55,1,1,2,3,28,3,1,4,0,0,10,0,10,9,99,99,0,0,0,0,1,3,0,550487,0,2009,0,US-14,99999999999999999999,0000000,43.16171111,-89.87005278,1,4
55,133,12,13,10,22,2,2,0,1,13,3,0,12,5,2,1,2,3,50,1,1,2,2,20,3,1,1,0,0,10,22,10,26,99,99,0,0,0,0,1,1,0,550488,708,2009,0,SR-190,BEAUFORT DR,0000000,43.09033889,-88.13082222,2,1
55,31,12,11,14,36,2,3,0,1,13,2,0,12,2,1,1,2,2,35,1,1,1,1,0,0,1,1,0,0,14,36,99,99,99,99,0,0,0,0,1,6,0,550489,4730,2009,0,US-2,99999999999999999999,0000000,46.69169722,-92.02830556,2,1
55,79,12,26,6,21,2,2,0,0,13,3,0,12,5,2,1,1,4,30,1,1,2,2,3,3,3,1,0,0,6,23,6,27,7,6,0,0,0,0,1,7,1,550490,5160,2009,0,SR-59,60TH ST S,0000000,43.01748611,-87.987475,2,1
55,53,12,26,12,8,1,3,1,0,4,4,0,15,0,1,1,1,2,55,1,2,2,3,0,0,1,1,0,0,12,15,12,40,99,99,0,0,0,0,1,7,0,550491,0,2009,0,P,99999999999999999999,0000000,44.38049722,-91.13837222,1,1
55,25,12,27,18,15,2,2,0,1,2,2,0,12,2,1,1,1,2,55,1,1,2,1,0,0,2,1,0,0,18,19,18,32,99,99,0,0,0,0,1,1,0,550492,0,2009,0,US-14,99999999999999999999,0000000,43.15105556,-89.76413056,2,1
55,93,12,28,9,11,2,2,0,0,5,4,0,12,2,1,1,1,2,55,1,3,2,1,0,0,1,1,0,0,9,16,9,24,99,99,0,0,0,0,1,2,0,550493,0,2009,0,V,99999999999999999999,0000000,44.67433056,-92.45587222,2,1
55,63,12,31,9,25,1,2,0,1,12,2,0,1,0,15,1,2,2,65,1,1,1,4,0,0,1,4,0,0,99,99,99,99,99,99,0,0,0,0,1,5,0,550494,0,2009,0,US-53,99999999999999999999,0000000,43.98437778,-91.28635556,1,4
55,59,12,31,16,13,1,1,0,0,3,2,0,42,0,1,4,1,2,55,1,1,2,1,0,0,1,1,0,0,16,15,99,99,88,88,0,0,0,0,1,5,0,550495,0,2009,0,US-45,99999999999999999999,0000000,42.63673611,-88.05198611,1,1
55,79,12,31,2,31,2,5,0,0,14,6,0,12,5,2,1,2,2,30,1,1,1,2,3,3,3,1,0,0,99,99,99,99,99,99,0,20,0,0,1,5,0,550496,3100,2009,0,CENTER ST W,SHERMAN BLVD,0000000,43.06793056,-87.96759444,2,1
55,133,12,28,21,49,2,2,0,1,12,2,0,12,1,1,1,3,3,65,1,2,1,2,0,0,3,1,0,0,21,52,22,4,23,0,0,0,0,0,1,2,0,550497,2990,2009,0,US-41,99999999999999999999,0000000,43.17913611,-88.09395833,2,1
55,9,12,27,15,20,2,6,0,1,12,2,0,12,5,10,1,2,2,45,2,2,1,1,20,3,1,1,0,0,15,31,15,36,16,0,0,0,0,0,1,1,0,550498,1330,2009,0,US-41,9TH ST N,0000000,44.45620833,-88.079475,2,1
55,131,11,12,17,35,2,6,0,0,3,3,0,12,5,2,1,1,2,55,1,1,2,1,5,3,2,1,0,0,17,35,17,41,18,0,0,0,0,0,1,5,0,550499,0,2009,0,SR-60,G,0000000,43.32332778,-88.12236667,2,1
55,125,1,3,9,50,2,3,0,0,6,5,0,12,2,1,1,1,2,99,1,1,9,3,0,0,1,1,0,0,99,99,99,99,88,88,0,0,0,0,3,7,0,550500,0,2009,0,VANDERCOOK RD,99999999999999999999,0000000,45.94524167,-89.67581667,2,1
55,31,5,30,19,48,1,1,0,0,6,5,0,27,0,3,5,1,2,99,1,9,2,1,20,3,1,1,0,0,88,88,88,88,88,88,0,0,0,0,1,7,1,550501,0,2009,0,OLD HWY 53,CRANBERRY RD,0000000,46.26083056,-91.79961111,1,1
55,3,8,1,18,0,1,1,0,0,6,5,0,42,0,1,5,1,2,99,9,9,4,9,0,0,1,1,0,0,99,99,99,99,88,88,0,0,0,0,1,7,0,550502,0,2009,0,KENYON RD,99999999999999999999,0000000,46.06989722,-90.66424444,1,1
55,19,9,15,15,46,1,1,0,0,6,5,0,1,0,1,1,1,2,99,1,3,4,9,0,0,1,1,0,0,99,99,99,99,99,99,0,18,0,0,1,3,0,550503,0,2009,0,MOONLITE RD,99999999999999999999,0000000,44.58190833,-90.48245556,1,1
55,83,12,18,22,25,1,1,0,0,6,5,0,48,0,1,5,1,2,99,2,3,9,3,0,0,2,1,0,0,99,99,99,99,99,99,0,0,0,0,1,6,1,550504,0,2009,0,PESHTIGO BROOKE FIRE,99999999999999999999,0000000,45.14875278,-88.24098611,1,1
55,85,12,19,1,14,1,1,0,0,6,5,0,48,0,1,5,1,2,99,9,3,9,3,0,0,2,4,0,0,99,99,99,99,99,99,0,0,0,0,1,7,1,550505,0,2009,0,HALVERSON RD,99999999999999999999,0000000,45.81614722,-89.16890278,1,4
55,69,12,27,4,45,1,1,0,0,6,5,0,42,0,1,5,1,2,99,2,1,9,3,0,0,2,1,0,0,99,99,99,99,99,99,0,0,0,0,1,1,1,550506,0,2009,0,NIBLER RD,99999999999999999999,0000000,45.51975833,-89.68268333,1,1
56,13,1,1,23,11,1,1,0,0,5,4,0,1,0,1,4,1,2,35,2,2,4,1,0,0,2,1,0,0,23,17,23,54,88,88,0,0,0,0,1,5,1,560001,0,2009,56,TUNNEL HILL RD,99999999999999999999,0000000,43.294325,-108.5672389,1,1
56,37,1,17,17,49,1,1,0,1,1,1,0,1,0,1,4,3,2,75,2,1,2,1,0,0,2,1,0,0,17,54,18,12,19,8,0,0,0,0,1,7,0,560002,0,2009,1232,I-80,99999999999999999999,0000000,41.68181389,-108.9200917,1,1
56,25,1,22,1,0,1,2,0,1,1,1,0,1,0,13,4,6,1,75,2,1,2,1,0,0,2,1,0,0,1,21,1,33,1,56,0,0,0,0,1,5,1,560003,0,2009,1974,I-25,99999999999999999999,0000000,42.98153611,-106.3316917,1,1
56,21,1,31,1,56,2,2,0,0,3,2,0,12,2,1,1,1,2,65,1,1,1,1,0,0,2,1,0,0,1,57,2,2,88,88,0,20,0,0,1,7,1,560004,0,2009,15,US-85,99999999999999999999,0000000,41.02235833,-104.7800028,2,1
56,5,2,8,0,30,1,1,0,0,5,4,0,35,0,1,4,1,2,55,2,1,2,4,0,0,2,1,0,0,88,88,88,88,88,88,0,0,0,0,1,1,0,560005,0,2009,61,ADON RD,99999999999999999999,0000000,44.36561944,-105.2219,1,1
56,21,2,6,2,5,2,1,0,0,16,6,0,7,0,1,2,1,2,30,2,1,2,1,0,0,3,1,0,0,2,5,2,7,2,26,0,0,0,0,1,6,1,560006,100,2009,0,HILLTOP AVE,99999999999999999999,0000000,41.16441389,-104.7715028,1,1
56,5,2,10,8,27,1,8,1,0,16,6,0,8,0,1,1,1,2,25,1,2,1,1,0,0,1,1,0,0,8,30,8,36,8,44,1,0,0,0,1,3,0,560007,310,2009,0,FAIRWAY DR,99999999999999999999,0000000,44.289675,-105.5561361,1,1
56,45,2,12,17,10,2,2,0,1,2,2,0,12,2,1,1,1,2,65,1,1,2,1,0,0,5,1,0,0,17,16,17,30,17,53,0,0,0,0,1,5,0,560008,0,2009,2409,US-16,99999999999999999999,0000000,43.89937222,-104.3331111,2,1
56,7,2,15,17,24,1,2,1,1,13,2,0,8,0,1,1,3,2,30,1,1,1,1,0,0,5,1,0,0,17,25,17,28,17,37,0,0,0,0,1,1,0,560009,690,2009,2129,US-30 BUS,99999999999999999999,0000000,41.78911667,-107.2473194,1,1
56,21,2,17,6,58,2,2,0,1,11,1,0,38,0,1,3,3,2,75,1,2,1,1,0,0,1,1,0,0,6,58,7,3,7,33,0,0,0,0,1,3,0,560010,100,2009,3588,I-80,99999999999999999999,0000000,41.11693889,-104.8670667,2,1
56,9,2,18,20,0,1,8,0,1,1,1,0,1,0,1,4,2,2,75,1,1,2,1,0,0,2,1,0,0,99,99,99,99,99,99,0,0,0,0,1,4,0,560011,0,2009,1530,I-25,99999999999999999999,0000000,42.8007,-105.6490583,1,1
56,37,2,24,5,34,2,7,0,1,2,2,0,12,2,1,1,1,2,65,2,2,2,4,0,0,2,1,0,0,99,99,99,99,99,99,0,0,0,0,1,3,0,560012,0,2009,133,US-191,99999999999999999999,0000000,41.75891944,-109.3421611,2,1
56,13,2,26,19,37,1,7,0,0,3,3,0,1,0,1,4,1,2,65,1,2,2,4,0,0,2,4,0,0,19,49,20,33,21,32,0,0,0,0,3,5,0,560013,0,2009,337,SR-28,99999999999999999999,0000000,42.43959444,-108.8617444,1,4
56,5,2,24,7,50,1,1,0,0,5,4,0,1,0,1,4,1,2,55,1,1,2,4,0,0,1,1,0,0,99,99,99,99,99,99,0,0,0,0,1,3,0,560014,0,2009,289,BISHOP RD,99999999999999999999,0000000,44.14774722,-105.4388722,1,1