STATE,COUNTY,MONTH,DAY,HOUR,MINUTE,VE_TOTAL,PERSONS,PEDS,NHS,ROAD_FNC,ROUTE,SP_JUR,HARM_EV,MAN_COLL,REL_JUNC,REL_ROAD,TRAF_FLO,NO_LANES,SP_LIMIT,ALIGNMNT,PROFILE,PAVE_TYP,SUR_COND,TRA_CONT,T_CONT_F,LGT_COND,WEATHER1,WEATHER2,WRK_ZONE,NOT_HOUR,NOT_MIN,ARR_HOUR,ARR_MIN,HOSP_HR,HOSP_MN,SCH_BUS,CF1,CF2,CF3,FATALS,DAY_WEEK,DRUNK_DR,ST_CASE,CITY,YEAR,MILEPT,TWAY_ID,TWAY_ID2,RAIL,LATITUDE,LONGITUD,VE_FORMS,WEATHER
56,13,2,22,20,56,2,4,0,0,4,4,3,12,5,2,1,1,2,99,1,1,2,9,20,3,2,9,0,0,99,99,99,99,99,99,0,0,0,0,1,1,1,560015,0,2009,24,SEVENTEEN MILE RD,ETHETE RD,0000000,42.99731667,-108.7158306,2,9
56,25,3,4,0,1,1,1,0,1,2,3,0,1,0,1,4,1,2,65,2,2,2,1,0,0,2,1,0,0,88,88,88,88,88,88,0,0,0,0,1,4,1,560016,0,2009,831,SR-220,99999999999999999999,0000000,42.5539,-106.7888083,1,1
56,25,3,15,13,21,2,3,0,0,16,6,0,12,2,1,1,1,4,30,1,1,2,1,0,0,1,1,0,0,13,21,13,25,13,54,0,0,0,0,1,1,1,560017,90,2009,0,2ND ST,99999999999999999999,0000000,42.84876667,-106.2925306,2,1
56,31,3,19,14,15,1,2,0,1,1,1,0,31,0,1,4,2,2,75,2,1,2,1,0,0,1,1,0,1,14,17,14,41,99,99,0,0,0,0,2,5,0,560018,0,2009,1090,I-25,99999999999999999999,0000000,42.46965278,-105.0276833,1,1
56,37,3,23,7,20,1,2,0,1,11,1,0,1,0,1,4,3,2,75,2,1,1,4,0,0,1,4,0,0,7,24,7,30,7,55,0,0,0,0,1,2,0,560019,730,2009,1020,I-80,99999999999999999999,0000000,41.57833333,-109.2583333,1,4
56,5,3,27,9,30,2,4,0,1,2,3,0,12,4,1,4,1,2,65,1,2,2,4,0,0,1,1,0,0,9,34,9,43,99,99,0,0,0,0,1,6,0,560020,0,2009,1028,SR-59,99999999999999999999,0000000,44.15803889,-105.4454889,2,1
56,35,3,30,9,30,1,2,0,0,4,3,0,31,0,1,4,1,2,65,1,4,2,1,0,0,1,1,0,0,9,33,9,44,10,7,0,0,0,0,1,2,1,560021,0,2009,35,SR-350,99999999999999999999,0000000,42.542,-110.1764556,1,1
56,37,4,1,10,10,1,4,0,1,1,1,0,1,0,1,3,2,2,75,1,1,2,4,0,0,1,1,0,0,10,11,10,42,11,10,0,0,0,0,1,4,0,560022,0,2009,649,I-80,99999999999999999999,0000000,41.53665,-109.9309472,1,1
56,37,4,1,3,0,1,1,0,0,4,3,0,1,0,1,4,1,2,65,1,2,2,9,0,0,2,9,0,0,7,23,7,39,88,88,0,0,0,0,1,4,1,560023,0,2009,95,SR-530,99999999999999999999,0000000,41.41854722,-109.5475111,1,9
56,3,4,15,15,2,1,1,0,1,2,2,0,34,0,1,4,1,2,65,2,1,1,1,0,0,1,1,0,0,15,4,15,11,15,17,0,0,0,0,1,4,0,560024,0,2009,2013,US-16/20,99999999999999999999,0000000,44.40896111,-108.0477972,1,1
56,7,4,16,16,5,2,5,0,1,1,1,0,14,7,1,2,2,2,75,1,2,1,3,0,0,1,4,5,0,16,10,16,36,17,17,0,0,0,0,1,5,0,560025,0,2009,2401,I-80,99999999999999999999,0000000,41.73501667,-106.7377194,1,4
56,33,4,20,23,58,1,2,0,1,11,1,0,31,0,13,4,6,1,75,2,2,2,1,0,0,3,1,0,0,0,2,0,5,0,33,0,18,0,0,1,2,1,560026,750,2009,209,I-90,99999999999999999999,0000000,44.82987222,-106.9574611,1,1
56,15,4,21,14,30,1,1,0,0,6,4,0,1,0,1,1,1,2,50,1,2,5,1,0,0,1,1,0,0,16,44,17,10,88,88,0,0,0,0,1,3,0,560027,0,2009,4,COUNTY RD 68A,99999999999999999999,0000000,42.04573889,-104.4350694,1,1
56,25,4,23,9,14,1,1,0,0,15,3,0,31,0,1,4,1,2,99,2,2,2,1,0,0,1,1,0,0,9,17,9,23,88,88,0,0,0,0,1,5,0,560028,90,2009,2,SR-256,99999999999999999999,0000000,42.85349444,-106.2141222,1,1
56,21,4,22,15,58,1,3,1,0,13,2,0,9,0,3,1,1,2,55,1,1,2,1,0,0,1,1,0,0,15,59,16,6,99,99,0,0,0,0,1,4,0,560029,100,2009,3681,US-30,CHRISTENSEN RD,0000000,41.15966111,-104.7136167,1,1
56,9,4,28,21,25,1,1,0,0,5,3,0,31,0,1,4,1,2,99,2,2,2,1,0,0,2,1,0,0,21,28,21,40,88,88,0,0,0,0,1,3,1,560030,0,2009,15,SR-91,99999999999999999999,0000000,42.76644167,-105.4324889,1,1
56,1,5,10,16,8,1,2,0,1,1,1,0,31,0,1,4,2,2,75,1,1,2,1,0,0,1,1,0,0,16,10,16,25,17,14,0,0,0,0,1,1,0,560031,0,2009,2959,I-80,99999999999999999999,0000000,41.41398889,-105.8468222,1,1
56,21,5,14,0,30,1,2,0,1,11,1,0,1,0,1,2,3,2,75,1,1,1,1,0,0,2,1,0,0,0,32,0,34,0,55,0,0,0,0,2,5,1,560032,100,2009,3614,I-80,99999999999999999999,0000000,41.11744722,-104.8168444,1,1
56,21,5,10,19,40,2,6,0,0,14,3,0,12,5,2,1,1,2,40,1,1,2,1,20,3,1,1,0,1,19,47,19,52,99,99,0,0,0,0,1,1,1,560033,100,2009,38,SR-210,SR-222,0000000,41.13151944,-104.8863194,2,1
56,21,5,20,15,31,1,1,0,0,4,3,0,1,0,1,4,1,2,65,2,2,2,1,0,0,1,1,0,0,15,32,15,52,88,88,0,0,0,0,1,4,1,560034,0,2009,202,SR-210,99999999999999999999,0000000,41.189475,-105.1874833,1,1
56,37,5,25,15,56,2,6,0,0,6,4,0,12,2,1,1,1,2,40,2,1,5,5,0,0,1,2,0,0,15,56,16,10,99,99,0,0,0,0,1,2,2,560035,0,2009,39,EDEN-RYEPATCH RD,99999999999999999999,0000000,42.11884444,-109.364375,2,2
56,25,5,30,3,10,1,2,0,1,11,1,0,1,0,13,4,6,1,60,2,2,2,1,0,0,2,1,0,0,99,99,99,99,99,99,0,0,0,0,1,7,1,560036,90,2009,1892,I-25,99999999999999999999,0000000,42.86434167,-106.3438583,1,1
56,25,5,30,99,99,1,1,0,0,3,3,0,1,0,1,4,1,2,65,1,1,2,1,0,0,1,1,0,0,88,88,88,88,88,88,0,0,0,0,1,7,0,560037,0,2009,495,SR-487,99999999999999999999,0000000,42.45938611,-106.4378417,1,1
56,21,5,29,21,56,1,2,0,0,15,6,0,7,0,1,4,1,2,45,2,2,1,1,0,0,2,1,0,0,21,57,22,6,22,37,0,0,0,0,1,6,1,560038,100,2009,0,PERSHING BLVD,99999999999999999999,0000000,41.150725,-104.6870028,1,1
56,25,5,12,20,55,1,1,0,0,5,4,0,1,0,1,4,1,2,50,1,1,2,1,0,0,2,1,0,0,20,55,21,2,21,12,0,0,0,0,1,3,1,560039,0,2009,19,YELLOWSTN COLE CR RD,99999999999999999999,0000000,42.91116111,-106.18035,1,1
56,21,6,1,16,0,2,4,0,1,1,1,0,13,4,1,1,2,2,75,1,1,1,6,0,0,1,2,0,0,16,9,16,13,16,53,0,0,0,0,1,2,0,560040,0,2009,3981,I-80,99999999999999999999,0000000,41.14951111,-104.1287167,2,2
56,13,6,1,18,30,1,1,0,1,2,2,0,1,0,1,4,1,2,65,2,1,2,1,0,0,5,1,0,0,18,55,19,9,88,88,0,0,0,0,1,2,1,560041,0,2009,1225,US-26-287,99999999999999999999,0000000,43.21418333,-108.2178306,1,1
56,21,6,6,0,5,1,2,0,0,4,3,0,1,0,1,4,1,2,65,1,2,2,1,0,0,2,1,0,0,0,7,0,21,88,88,0,0,0,0,2,7,1,560042,0,2009,160,SR-210,99999999999999999999,0000000,41.17749167,-105.1053,1,1
56,13,6,9,7,18,1,2,1,1,2,2,0,9,0,2,1,1,2,65,1,1,2,1,20,3,1,1,0,0,7,22,7,31,88,88,0,0,0,0,1,3,0,560043,0,2009,728,US-26/287,WY 28,0000000,42.72887222,-108.6466111,1,1
56,15,6,20,2,53,1,1,0,0,6,4,0,30,0,1,4,1,2,55,2,1,2,1,0,0,2,1,0,0,2,57,3,15,99,99,0,0,0,0,1,7,1,560044,0,2009,60,KASPIERE RD,99999999999999999999,0000000,42.27451389,-104.4787778,1,1
56,15,6,20,3,38,1,4,0,0,6,4,0,1,0,1,4,1,2,45,2,1,2,1,0,0,2,1,0,0,3,43,3,52,4,24,0,0,0,0,2,7,1,560045,0,2009,23,BUTTERMILK RD,99999999999999999999,0000000,42.11426944,-104.2412861,1,1
56,35,6,22,14,55,1,1,0,0,4,4,0,31,0,1,4,1,2,55,2,1,2,1,0,0,1,1,0,0,14,55,15,18,88,88,0,0,0,0,1,2,0,560046,0,2009,100,DANIEL-MERNA RD,99999999999999999999,0000000,42.94923333,-110.3558583,1,1
56,33,6,28,13,45,1,1,0,1,1,1,0,1,0,1,3,2,2,75,2,2,2,1,0,0,1,1,0,0,13,49,13,58,88,88,0,0,0,0,1,1,1,560047,0,2009,320,I-90,99999999999999999999,0000000,44.68395833,-106.8994722,1,1
56,13,6,28,13,15,2,2,0,0,3,3,0,12,2,1,1,1,2,65,1,1,2,1,0,0,1,1,0,0,13,19,13,57,88,88,0,0,0,0,1,1,0,560048,0,2009,349,SR-28,99999999999999999999,0000000,42.39111111,-108.8916667,2,1
56,29,6,28,14,20,1,1,0,1,2,2,0,18,0,1,4,1,2,50,2,1,2,2,0,0,1,1,0,0,88,88,88,88,88,88,0,0,0,0,1,1,1,560049,0,2009,486,US-14/16/20,99999999999999999999,0000000,44.51076111,-109.1192917,1,1
56,13,6,29,0,50,1,1,0,1,2,2,0,1,0,1,4,1,2,65,1,1,2,1,0,0,2,1,0,0,1,5,1,55,88,88,0,0,0,0,1,2,0,560050,0,2009,222,US-26/287,99999999999999999999,0000000,42.51495833,-107.9636222,1,1
56,7,6,29,4,24,1,1,0,0,6,3,0,1,0,1,4,1,2,55,1,3,2,1,0,0,2,1,0,0,4,27,4,39,88,88,0,0,0,0,1,2,1,560051,0,2009,2188,SR-76,99999999999999999999,0000000,41.78228611,-107.1790333,1,1
56,13,6,30,7,23,2,3,0,1,2,2,0,12,2,1,1,1,2,65,1,1,2,1,0,0,1,1,0,0,7,23,7,28,7,51,0,0,0,0,2,3,1,560052,0,2009,42,US-287,99999999999999999999,0000000,42.8704,-108.7807083,2,1
56,13,6,27,4,0,1,1,0,0,4,4,0,1,0,1,1,1,2,50,1,1,2,1,0,0,2,1,0,0,5,9,5,18,88,88,0,0,0,0,1,7,1,560053,0,2009,43,LYONS VALLEY RD,99999999999999999999,0000000,42.82946389,-108.6372111,1,1
56,13,6,30,12,32,2,2,0,0,4,4,3,12,2,1,1,1,2,99,9,9,9,9,0,0,1,9,0,0,99,99,99,99,99,99,0,0,0,0,1,3,0,560054,0,2009,10,ETHETE RD,99999999999999999999,0000000,42.99761667,-108.8550722,2,9
56,27,7,1,21,15,2,4,0,1,2,2,0,12,2,1,1,1,2,65,1,3,2,1,0,0,5,1,0,0,21,21,21,50,22,22,0,0,0,0,3,4,0,560055,0,2009,1741,US-85,99999999999999999999,0000000,43.09294444,-104.3655694,2,1
56,13,7,6,18,53,1,4,0,1,2,2,0,1,0,1,4,1,2,65,2,2,2,1,0,0,1,1,0,0,18,58,19,15,20,41,0,0,0,0,1,2,0,560056,0,2009,388,US-26/287,99999999999999999999,0000000,43.63591944,-109.9067056,1,1
56,25,7,10,22,5,3,6,0,1,13,3,0,12,4,2,1,2,2,45,1,1,2,1,3,3,3,1,0,0,22,8,22,18,22,39,0,0,0,0,1,6,1,560057,90,2009,1109,SR-220,ROBERTSON RD,0000000,42.80861389,-106.41365,3,1
56,37,7,10,12,28,1,1,0,0,4,3,0,1,0,1,4,1,2,65,1,1,2,1,0,0,1,1,0,1,12,31,12,43,13,15,0,0,0,0,1,6,0,560058,0,2009,72,SR-430,99999999999999999999,0000000,41.53424167,-109.1185056,1,1
56,37,7,14,19,20,1,5,0,1,1,1,0,1,0,1,3,2,2,75,1,1,2,1,0,0,1,1,0,0,19,25,19,46,20,15,0,0,0,0,3,3,0,560059,0,2009,1215,I-80,99999999999999999999,0000000,41.66932222,-108.9449361,1,1
56,35,7,19,13,20,2,4,0,1,2,2,0,11,0,1,2,1,2,65,2,1,2,1,0,0,1,1,0,0,13,21,13,34,13,58,0,0,0,0,4,1,0,560060,0,2009,880,US-191/189,99999999999999999999,0000000,42.74876944,-109.7245583,2,1
56,31,7,19,99,99,1,1,0,0,6,4,0,41,0,1,4,1,2,55,2,4,2,1,0,0,2,1,0,0,6,49,7,16,88,88,0,0,0,0,1,1,1,560061,0,2009,71,DEER CREEK RD,99999999999999999999,0000000,42.10360278,-104.6944722,1,1
56,13,7,22,13,23,2,3,0,1,2,3,0,12,5,3,1,1,2,65,1,1,2,1,20,3,1,1,0,0,13,23,13,30,13,50,0,0,0,0,1,4,0,560062,0,2009,852,SR-789,ESCARPMENT RD,0000000,42.86851111,-108.6665,2,1
56,29,7,22,99,99,1,1,0,1,2,2,0,1,0,1,4,1,2,65,1,2,2,1,0,0,2,1,0,0,88,88,88,88,88,88,0,0,0,0,1,4,1,560063,0,2009,435,US-14/16/20,99999999999999999999,0000000,44.49926389,-109.2162083,1,1
56,37,7,26,22,0,1,1,0,0,5,4,0,1,0,1,4,1,2,30,2,2,2,1,0,0,2,1,0,0,88,88,88,88,88,88,0,0,0,0,1,1,1,560064,0,2009,7,WAMSUTTER-CROOKS GAP,99999999999999999999,0000000,41.670875,-107.97065,1,1
56,37,7,30,10,45,2,3,0,0,3,3,0,12,3,4,1,1,2,65,1,1,2,1,0,0,1,1,0,0,11,2,11,30,88,88,0,0,0,0,1,5,0,560065,0,2009,178,SR-28,99999999999999999999,0000000,42.24175556,-109.1585694,2,1
56,13,7,13,16,3,1,1,0,0,6,4,0,1,0,1,4,1,2,99,1,2,5,1,0,0,1,1,0,0,16,8,16,29,88,88,0,0,0,0,1,2,1,560066,0,2009,4,KLOCKE RD,99999999999999999999,0000000,43.14320833,-108.2362806,1,1
56,39,8,1,15,55,1,1,0,1,2,2,0,32,0,1,4,1,2,55,2,1,2,1,0,0,1,1,0,0,16,4,16,24,88,88,0,0,0,0,1,7,0,560067,0,2009,1375,US-26/89/189/191,99999999999999999999,0000000,43.296525,-110.7889444,1,1
56,21,8,5,14,10,1,2,0,1,1,1,0,7,0,1,1,2,2,75,1,2,1,1,0,0,1,1,0,0,14,15,14,35,15,0,0,0,0,0,1,4,0,560068,0,2009,336,I-25,99999999999999999999,0000000,41.45858056,-104.8853972,1,1
56,11,8,5,9,20,1,1,0,0,4,3,0,7,0,1,4,1,2,99,2,2,2,1,0,0,1,1,0,0,9,23,9,29,11,1,0,0,0,0,1,4,0,560069,0,2009,216,SR-24,99999999999999999999,0000000,44.69925833,-104.5025528,1,1
56,39,8,8,16,15,3,4,0,1,2,2,0,12,2,1,1,1,4,35,1,2,2,1,0,0,1,1,0,0,16,18,16,22,88,88,0,0,0,0,1,7,0,560070,410,2009,1527,US-26/89/189/191,99999999999999999999,0000000,43.46937222,-110.792175,3,1
56,25,8,9,10,50,1,1,0,0,6,4,0,38,0,1,4,1,2,99,2,1,2,1,0,0,1,1,0,0,10,52,11,0,11,22,0,0,0,0,1,1,0,560071,90,2009,4,MYSTERY BRIDGE RD,99999999999999999999,0000000,42.85603889,-106.21995,1,1
56,5,8,14,17,25,2,2,0,0,4,2,0,12,5,8,1,1,2,65,1,1,2,1,20,3,1,1,0,0,17,25,17,30,18,0,0,0,0,0,1,6,0,560072,0,2009,990,US-14,99999999999999999999,0000000,44.39139444,-105.538,2,1
56,9,8,18,0,20,1,2,0,0,4,2,0,31,0,1,4,1,2,65,2,1,2,1,0,0,2,1,0,0,0,35,0,48,88,88,0,0,0,0,1,3,0,560073,0,2009,1715,US-20/26/87,99999999999999999999,0000000,42.84817222,-105.9744111,1,1
56,3,8,18,16,0,1,1,0,1,2,2,0,35,0,4,4,1,2,65,2,2,2,1,0,0,1,1,0,0,88,88,88,88,88,88,0,0,0,0,1,3,0,560074,0,2009,303,US-14,99999999999999999999,0000000,44.58035,-107.5411861,1,1
56,19,8,19,17,10,1,1,0,0,4,3,0,35,0,1,4,1,2,65,2,2,2,1,0,0,1,1,0,0,88,88,88,88,88,88,0,0,0,0,1,4,1,560075,0,2009,2717,SR-196,99999999999999999999,0000000,43.99430833,-106.6925,1,1
56,7,8,19,20,25,2,5,0,1,2,2,0,12,2,1,1,1,2,65,1,1,2,1,0,0,5,1,0,0,20,28,20,43,21,48,0,0,0,0,2,4,0,560076,0,2009,166,US-287,99999999999999999999,0000000,41.99019167,-107.3605778,2,1
56,7,8,20,0,8,1,4,0,1,1,1,0,31,0,1,3,2,2,75,2,2,2,1,0,0,2,1,0,0,0,8,0,25,99,99,0,0,0,0,1,5,0,560077,0,2009,2765,I-80,99999999999999999999,0000000,41.56973889,-106.1483028,1,1
56,35,8,21,2,2,1,1,0,0,5,4,0,1,0,1,4,1,2,45,2,2,2,1,0,0,2,1,0,0,5,43,5,52,88,88,0,0,0,0,1,6,1,560078,0,2009,14,EHMAN RD,99999999999999999999,0000000,42.88944444,-109.8966667,1,1
56,21,8,23,5,40,1,2,0,1,1,1,0,34,0,1,4,3,2,75,1,2,2,1,0,0,4,1,0,0,5,45,6,4,7,9,0,0,0,0,1,1,0,560079,0,2009,3427,I-80,99999999999999999999,0000000,41.09731111,-105.1686639,1,1
56,13,8,23,15,11,1,1,0,0,4,3,0,31,0,1,4,1,2,65,2,1,2,1,0,0,1,1,0,0,15,13,15,41,16,19,0,0,0,0,1,1,0,560080,0,2009,237,SR-135,99999999999999999999,0000000,42.69472222,-108.1791667,1,1
56,7,8,24,17,40,1,2,0,0,5,4,0,1,0,1,4,1,2,55,2,2,2,1,0,0,1,1,0,1,17,58,18,19,19,6,0,0,0,0,1,2,1,560081,0,2009,105,SAGE CREEK RD,99999999999999999999,0000000,41.48877778,-107.2016278,1,1
56,13,8,26,9,30,1,2,0,0,5,4,0,34,0,1,4,1,2,50,2,2,2,1,0,0,1,1,0,0,10,4,10,10,99,99,0,0,0,0,1,4,1,560082,0,2009,36,BASS LAKE RD,99999999999999999999,0000000,43.21818611,-108.2830528,1,1
56,9,8,15,16,40,1,2,0,0,5,4,0,1,0,1,4,1,2,35,2,2,4,5,0,0,1,2,1,0,16,40,17,50,99,99,0,0,0,0,1,7,1,560083,0,2009,139,COLD SPRINGS RD,99999999999999999999,0000000,42.46206111,-105.8333583,1,2
56,13,9,4,21,37,1,3,0,0,4,3,0,38,0,1,5,1,2,65,2,1,2,1,0,0,2,1,0,0,21,39,21,50,22,12,0,0,0,0,1,6,1,560084,0,2009,16,SR-136,99999999999999999999,0000000,42.99343333,-108.3398333,1,1
56,41,9,6,20,45,1,2,0,0,5,4,0,35,0,1,4,1,2,30,1,1,5,1,0,0,2,1,0,0,20,48,21,5,21,42,0,0,0,0,1,1,1,560085,0,2009,20,PIEDMONT RD,99999999999999999999,0000000,41.13801944,-110.8114194,1,1
56,1,9,7,14,40,1,2,0,1,2,2,0,1,0,1,4,1,2,65,2,2,2,6,0,0,1,2,0,0,14,45,15,10,99,99,0,0,0,0,1,2,1,560086,0,2009,4245,US-287,99999999999999999999,0000000,41.01258056,-105.4214139,1,2
56,23,9,16,13,30,2,3,0,1,2,2,0,12,2,1,1,1,2,65,2,2,2,1,0,0,1,1,0,0,13,32,13,45,14,33,0,0,0,0,1,4,0,560087,0,2009,207,US-30,99999999999999999999,0000000,41.94165556,-110.9528056,2,1
56,25,9,17,19,55,1,3,0,1,1,1,0,1,0,1,4,3,2,75,1,1,2,1,0,0,2,1,0,0,19,58,20,15,20,49,0,0,0,0,1,5,0,560088,0,2009,2038,I-25,99999999999999999999,0000000,43.07972222,-106.3394444,1,1
56,13,9,26,22,50,1,1,0,1,2,2,0,35,0,1,4,1,2,65,1,2,2,1,0,0,2,1,0,0,22,53,23,1,88,88,0,0,0,0,1,7,0,560089,0,2009,36,US-287,99999999999999999999,0000000,42.86472222,-108.7763889,1,1
56,1,10,8,6,35,1,6,0,1,1,1,0,1,0,1,3,2,2,75,2,2,2,4,0,0,4,4,0,0,6,37,6,57,7,12,0,0,0,0,1,5,0,560090,0,2009,3250,I-80,99999999999999999999,0000000,41.21236667,-105.4412667,1,4
56,9,10,8,99,99,1,1,0,1,1,1,0,1,0,1,4,3,2,75,2,2,2,4,0,0,9,4,0,0,7,0,7,10,88,88,0,0,0,0,1,5,0,560091,0,2009,1650,I-25,99999999999999999999,0000000,42.83666667,-105.8933333,1,4
56,9,10,8,13,0,1,1,0,0,4,3,0,35,0,1,4,1,2,65,2,2,2,1,0,0,1,1,0,0,88,88,88,88,88,88,0,0,0,0,1,5,0,560092,0,2009,180,SR-93,99999999999999999999,0000000,42.95710556,-105.6100806,1,1
56,19,10,20,16,23,2,5,0,1,1,1,0,12,7,1,4,2,2,75,1,1,2,2,0,0,1,1,0,0,16,25,16,34,99,99,0,0,0,0,1,3,0,560093,0,2009,612,I-90,99999999999999999999,0000000,44.33237778,-106.6241694,2,1
56,39,10,27,8,31,1,1,0,1,2,2,1,1,0,1,4,1,2,55,1,1,2,4,0,0,4,1,0,0,99,99,99,99,88,88,0,0,0,0,1,3,0,560094,0,2009,1608,US-89,99999999999999999999,0000000,43.56143056,-110.7329083,1,1
56,23,11,5,8,53,1,2,0,0,4,3,0,31,0,1,4,1,2,55,2,1,2,1,0,0,1,1,0,0,8,53,8,56,9,28,0,0,0,0,2,5,1,560095,0,2009,91,SR-238,99999999999999999999,0000000,42.72204722,-110.9941444,1,1
56,7,11,6,15,43,1,2,0,0,3,3,0,1,0,1,4,1,2,65,2,1,2,1,0,0,1,1,0,0,15,46,15,52,16,58,0,0,0,0,1,6,0,560096,0,2009,458,SR-789,99999999999999999999,0000000,41.10118889,-107.6284278,1,1
56,37,11,8,17,45,3,4,0,1,11,1,0,12,4,1,1,3,2,75,1,1,1,1,0,0,2,1,0,0,17,46,17,55,18,30,0,0,0,0,1,1,1,560097,730,2009,1009,I-80,99999999999999999999,0000000,41.569725,-109.2815,3,1
56,29,11,10,2,50,1,1,0,0,4,3,0,34,0,1,4,1,2,99,2,1,2,1,6,3,2,1,0,0,3,1,3,9,3,25,0,0,0,0,1,3,1,560098,0,2009,87,SR-295,99999999999999999999,0000000,44.69538333,-108.7596694,1,1
56,1,11,13,1,22,1,6,0,0,16,6,0,23,0,11,4,1,2,30,1,1,2,2,20,3,3,4,0,0,1,26,1,28,1,57,0,0,0,0,1,6,1,560099,470,2009,0,9TH ST,RUSSELL ST,0000000,41.30277222,-105.5865111,1,4
56,41,11,19,18,26,2,2,0,0,2,7,0,12,2,1,1,1,2,55,1,1,2,1,0,0,2,1,0,0,18,26,18,37,19,17,0,0,0,0,1,5,0,560100,0,2009,415,I-80 BUS,99999999999999999999,0000000,41.31625833,-110.3101806,2,1
56,1,11,23,19,33,2,2,0,1,1,1,0,14,9,1,2,2,2,75,2,1,2,4,0,0,2,4,0,0,19,35,20,5,88,88,0,0,0,0,1,2,0,560101,0,2009,3321,I-80,99999999999999999999,0000000,41.13895833,-105.3570139,1,4
56,37,11,24,15,10,2,3,0,1,11,1,0,12,7,1,1,3,2,75,2,2,1,1,0,0,1,1,0,0,99,99,99,99,99,99,0,0,0,0,1,3,1,560102,730,2009,1020,I-80,99999999999999999999,0000000,41.58230556,-109.2518667,2,1
56,35,11,29,21,0,1,1,0,0,3,2,0,1,0,1,4,1,2,55,1,2,2,1,0,0,2,1,0,0,7,56,8,12,88,88,0,0,0,0,1,1,0,560103,0,2009,1260,US-189,99999999999999999999,0000000,42.8194,-110.0469806,1,1
56,37,11,21,22,16,1,2,0,0,6,8,8,1,0,1,4,1,2,99,2,1,4,1,0,0,2,1,0,0,99,99,99,99,99,99,0,0,0,0,1,7,0,560104,0,2009,0,BARREL SPRINGS RD,99999999999999999999,0000000,41.49888889,-108.0113889,1,1
56,13,11,10,20,5,1,1,0,0,5,3,3,18,0,3,5,1,2,55,2,1,2,1,20,3,2,1,0,0,20,5,20,35,99,98,0,0,0,0,1,3,0,560105,0,2009,1003,SR-137,GOES IN LODGE RD,0000000,42.98315833,-108.438125,1,1
56,39,12,1,14,15,1,2,0,1,2,2,0,1,0,1,4,1,2,55,2,2,1,4,0,0,1,4,0,0,14,19,14,43,16,55,0,0,0,0,1,3,0,560106,0,2009,87,US-26-287,99999999999999999999,0000000,43.82447222,-110.3431917,1,4
56,25,12,5,1,38,2,31,0,1,1,1,0,12,11,1,1,3,2,75,1,2,2,1,0,0,2,1,0,0,99,99,99,99,99,99,0,0,0,0,1,7,0,560107,0,2009,1762,I-25,99999999999999999999,0000000,42.83918056,-106.0933167,2,1
56,37,12,13,12,45,2,6,0,1,11,1,0,12,1,1,1,3,2,75,1,2,1,2,0,0,1,1,0,0,12,46,12,50,13,29,0,0,0,0,1,1,0,560108,730,2009,1040,I-80,99999999999999999999,0000000,41.55136667,-109.3245194,2,1
56,31,12,13,8,15,1,1,0,1,1,1,0,23,0,1,4,2,2,75,1,1,1,1,0,0,1,1,0,0,88,88,88,88,88,88,0,0,0,0,1,1,0,560109,0,2009,1175,I-25,99999999999999999999,0000000,42.5741,-105.0713083,1,1
56,37,12,19,16,5,1,2,0,0,2,7,0,5,0,1,1,1,2,55,1,1,2,1,0,0,1,1,0,0,16,8,16,13,16,35,0,0,0,0,1,7,0,560110,0,2009,9,I-80 SERVICE RD 0368,99999999999999999999,0000000,41.55902778,-109.3049167,1,1
56,37,12,29,13,51,1,1,0,0,3,2,0,1,0,1,1,1,2,55,2,2,2,1,0,0,1,1,0,0,13,55,14,1,14,19,0,0,0,0,1,3,0,560111,0,2009,5018,US-191,99999999999999999999,0000000,41.53448611,-109.2961444,1,1
56,1,12,30,7,20,1,7,0,1,1,1,0,1,0,1,1,2,2,75,2,1,2,1,0,0,1,1,0,0,7,23,7,42,8,18,0,0,0,0,2,4,0,560112,0,2009,2898,I-80,99999999999999999999,0000000,41.44179444,-105.9502222,1,1
56,37,12,30,8,37,1,5,0,1,1,1,0,1,0,1,4,3,2,75,1,1,1,4,0,0,1,4,0,0,8,41,8,50,9,24,0,0,0,0,1,4,0,560113,0,2009,986,I-80,99999999999999999999,0000000,41.55335278,-109.3193861,1,4
56,13,12,28,21,19,2,5,0,0,4,4,3,12,2,1,1,1,2,99,9,9,9,9,0,0,2,9,0,0,99,99,99,99,99,99,0,0,0,0,2,2,1,560114,0,2009,9,SEVENTEEN-MILE RD,99999999999999999999,0000000,42.99721389,-108.7478194,2,9
56,13,9,30,5,50,1,1,0,0,5,4,3,1,0,1,4,1,2,99,9,9,9,9,0,0,1,9,0,0,88,88,88,88,88,88,0,0,0,0,1,4,1,560115,0,2009,5,TROUT CREEK RD,99999999999999999999,0000000,42.98595556,-108.9153444,1,9
56,31,10,22,18,32,1,1,0,0,5,4,0,7,0,1,1,1,2,50,1,1,2,1,0,0,2,1,0,0,18,34,18,40,19,1,0,0,0,0,1,5,0,560116,0,2009,9,W FAIRVIEW RD,99999999999999999999,0000000,42.08939444,-104.9696472,1,1