STATE,COUNTY,MONTH,DAY,HOUR,MINUTE,VE_TOTAL,PERSONS,PEDS,NHS,ROAD_FNC,ROUTE,SP_JUR,HARM_EV,MAN_COLL,REL_JUNC,REL_ROAD,TRAF_FLO,NO_LANES,SP_LIMIT,ALIGNMNT,PROFILE,PAVE_TYP,SUR_COND,TRA_CONT,T_CONT_F,LGT_COND,WEATHER1,WEATHER2,WRK_ZONE,NOT_HOUR,NOT_MIN,ARR_HOUR,ARR_MIN,HOSP_HR,HOSP_MN,SCH_BUS,CF1,CF2,CF3,FATALS,DAY_WEEK,DRUNK_DR,ST_CASE,CITY,YEAR,MILEPT,TWAY_ID,TWAY_ID2,RAIL,LATITUDE,LONGITUD,VE_FORMS,WEATHER
4,27,1,19,13,38,2,3,0,0,13,3,0,12,4,2,1,5,4,45,1,1,2,1,2,3,1,1,0,0,13,37,13,45,14,9,0,0,0,0,1,2,0,40018,620,2009,70,SR-8B,AVENUE 3 1/2 E,0000000,32.66973889,-114.5728389,2,1
4,12,1,19,22,38,2,2,0,1,1,1,0,13,2,1,1,2,2,75,1,1,2,1,0,0,2,1,0,0,22,41,22,44,88,88,0,0,0,0,1,2,0,40019,0,2009,184,I-10,99999999999999999999,0000000,33.66208889,-114.2256194,2,1
4,27,1,25,0,59,1,2,1,0,13,3,0,8,0,1,1,5,4,45,1,1,2,1,0,0,2,1,0,0,1,12,1,18,1,48,0,0,0,0,1,1,0,40021,620,2009,69,SR-8B,99999999999999999999,0000000,32.66968889,-114.5746139,1,1
4,15,1,31,0,1,1,2,1,0,13,3,0,8,0,2,1,5,4,45,1,1,2,1,0,0,3,1,0,0,0,1,0,3,0,24,0,0,0,0,1,7,0,40026,59,2009,2482,SR-95,FIFTH ST,0000000,35.14951944,-114.5680944,1,1
4,27,2,7,4,44,1,1,0,0,15,6,0,37,0,2,6,1,2,50,1,1,2,1,20,3,2,1,0,0,4,45,4,50,5,46,0,0,0,0,1,7,1,40052,620,2009,0,AVENUE 2E,COUNTY 13TH ST,0000000,32.64038611,-114.5985,1,1
4,27,2,7,11,20,2,3,0,0,14,6,0,12,6,1,1,1,2,35,1,1,2,1,0,0,1,1,0,0,11,26,11,35,12,30,0,0,0,0,1,7,0,40053,0,2009,0,FORTUNA RD,99999999999999999999,0000000,32.68712778,-114.4442722,2,1
4,27,3,12,14,45,1,1,0,0,6,8,0,37,0,1,4,1,2,65,1,1,5,5,0,0,1,1,0,0,15,3,15,20,16,8,0,0,0,0,1,5,1,40109,0,2009,0,WELLTON MOHAWK CANAL,99999999999999999999,0000000,32.74386111,-114.3499306,1,1
4,15,3,17,15,45,2,4,0,0,15,6,0,12,4,1,1,1,2,35,2,2,2,1,0,0,1,1,0,0,15,46,15,56,99,99,0,0,0,0,1,3,1,40112,268,2009,0,DAYTONA AVE,99999999999999999999,0000000,34.48267778,-114.300525,2,1
4,15,3,20,13,8,1,1,0,1,12,2,0,1,0,1,3,2,2,65,1,1,2,1,0,0,1,1,0,0,99,99,99,99,88,88,0,0,0,0,1,6,0,40115,0,2009,387,US-93,99999999999999999999,0000000,35.59140556,-114.3949972,1,1
4,15,3,24,14,56,1,1,0,1,1,1,0,24,0,1,4,2,2,75,2,2,2,1,0,0,1,1,0,0,15,1,15,8,88,88,0,0,0,0,1,3,0,40117,0,2009,475,I-40,99999999999999999999,0000000,35.17293056,-114.0755083,1,1
4,15,1,30,16,6,2,18,0,1,2,2,0,1,0,1,3,2,2,65,1,1,2,1,0,0,1,1,0,0,16,6,16,56,17,30,0,0,0,0,7,6,0,40132,0,2009,270,US-93,99999999999999999999,0000000,35.72081111,-114.4856389,2,1
4,15,1,1,13,0,1,1,0,0,6,9,0,1,0,1,6,1,2,99,9,9,5,1,0,0,1,1,0,0,99,99,99,99,88,88,0,0,0,0,1,5,0,40133,0,2009,0,DIRT RD,99999999999999999999,0000000,34.76967778,-114.40205,1,1
4,12,3,11,99,99,2,2,0,0,6,8,3,12,4,1,1,1,2,55,1,1,2,1,0,0,1,1,0,0,14,32,14,37,88,88,0,0,0,0,1,4,0,40143,0,2009,0,MOHAVE DR,99999999999999999999,0000000,33.92311389,-114.4338194,2,1
4,15,4,2,14,56,2,3,0,0,3,3,0,12,6,2,1,5,4,55,1,1,2,1,20,3,1,1,0,0,14,57,15,2,99,99,0,0,0,0,1,5,1,40163,0,2009,243,SR-68,HOUCK RD,0000000,35.21976667,-114.1697944,2,1
4,15,4,2,17,30,2,3,1,0,15,6,0,12,1,1,1,5,4,35,1,1,2,1,0,0,1,1,0,0,17,30,17,36,88,88,0,15,0,0,1,5,0,40165,260,2009,0,AIRWAY AVE,99999999999999999999,0000000,35.22487778,-114.0275028,2,1
4,27,4,17,12,55,1,1,0,0,16,6,0,33,0,1,4,2,1,35,2,1,2,1,0,0,1,1,0,0,12,57,13,1,13,22,0,0,0,0,1,6,0,40183,620,2009,0,GILA RIDGE RD,99999999999999999999,0000000,32.69136389,-114.60135,1,1
4,15,4,17,16,32,1,1,0,0,3,3,0,1,0,1,1,2,2,65,2,2,2,1,0,0,1,1,0,0,16,32,99,97,99,97,0,0,0,0,1,6,1,40184,0,2009,100,SR-68,99999999999999999999,0000000,35.19615,-114.4050444,1,1
4,12,4,10,5,9,2,3,0,1,1,1,0,12,1,1,1,2,2,75,1,1,2,1,0,0,2,1,0,0,5,9,5,20,88,88,0,0,0,0,1,6,0,40209,0,2009,168,I-10,99999999999999999999,0000000,33.65826389,-114.2524472,2,1
4,27,3,30,18,46,1,2,1,0,14,6,0,8,0,1,1,2,2,40,1,1,2,1,0,0,5,1,0,0,18,45,18,49,19,2,0,0,0,0,1,2,1,40212,620,2009,0,24TH ST,99999999999999999999,0000000,32.68394444,-114.6487833,1,1
4,15,5,1,19,41,2,2,0,0,3,3,0,12,6,2,1,5,4,55,1,1,2,1,0,0,5,1,0,0,19,42,19,49,20,22,0,0,0,0,1,6,1,40225,0,2009,218,SR-68,VERDE RD,0000000,35.222125,-114.2183833,2,1
4,27,5,10,3,40,1,3,0,0,5,4,0,30,0,1,6,1,2,50,1,1,2,1,0,0,2,1,0,0,3,47,3,59,4,43,0,0,0,0,2,1,1,40235,0,2009,0,COUNTY 16TH ST,99999999999999999999,0000000,32.59691944,-114.5935389,1,1
4,12,5,22,8,38,1,5,0,1,1,1,0,52,0,15,3,2,2,75,1,1,2,1,0,0,1,1,0,0,8,37,8,57,99,99,0,0,0,0,1,6,0,40245,0,2009,310,I-10,99999999999999999999,0000000,33.66231111,-114.01325,1,1
4,27,5,23,14,29,2,7,0,0,13,6,0,12,2,1,1,1,4,35,1,1,2,1,0,0,1,1,0,0,14,29,14,33,16,19,0,0,0,0,1,7,0,40246,620,2009,0,1ST ST,99999999999999999999,0000000,32.72523056,-114.6439444,2,1
4,27,5,28,13,0,2,2,0,0,14,3,0,12,2,1,1,2,2,55,1,1,2,1,0,0,1,1,0,1,13,6,13,9,99,99,0,0,0,0,1,5,0,40250,0,2009,260,SR-195,99999999999999999999,0000000,32.65641111,-114.5213139,2,1
4,15,5,30,17,45,1,2,0,1,1,1,0,1,0,1,3,2,2,75,1,1,2,1,0,0,1,1,0,0,99,99,99,99,99,99,0,0,0,0,1,7,1,40251,0,2009,312,I-40,99999999999999999999,0000000,34.95004722,-114.1464056,1,1
4,15,5,30,16,45,2,2,0,0,5,9,0,1,0,1,1,1,2,45,1,1,2,1,0,0,1,1,0,0,16,47,17,4,17,25,0,0,0,0,1,7,0,40259,0,2009,0,OATMAN HWY,99999999999999999999,0000000,35.11214167,-114.1465028,2,1
4,27,6,5,6,50,1,1,0,1,2,2,0,1,0,1,6,1,3,65,2,2,2,1,0,0,1,1,0,0,6,48,7,13,8,25,0,0,0,0,1,6,0,40298,0,2009,746,US-95,99999999999999999999,0000000,33.23847778,-114.2489194,1,1
4,12,6,30,23,28,2,2,0,1,1,1,0,12,1,1,1,2,2,75,1,1,2,1,0,0,2,1,0,0,23,28,23,32,88,88,0,0,0,0,1,3,0,40327,0,2009,182,I-10,99999999999999999999,0000000,33.66140833,-114.2283083,2,1
4,15,7,15,16,34,1,1,0,0,14,6,0,33,0,3,4,1,4,35,2,2,2,1,0,0,1,1,0,0,16,34,16,39,88,88,0,0,0,0,1,4,0,40342,268,2009,0,LAKE HAVASU AVE S,DUEL DR,0000000,34.4657,-114.3351472,1,1
4,27,7,23,22,56,2,5,0,0,14,6,0,12,5,2,1,5,4,55,1,1,2,1,2,3,3,1,0,0,3,57,4,8,88,88,0,0,0,0,1,5,0,40348,620,2009,0,32ND ST,AVENUE 5E,0000000,32.66998889,-114.5469972,2,1
4,27,7,26,6,45,1,1,0,0,4,9,0,1,0,1,1,1,2,50,2,2,2,1,0,0,1,1,0,0,6,54,6,57,88,88,0,0,0,0,1,1,1,40353,0,2009,0,MARTINEZ LAKE RD,99999999999999999999,0000000,32.87973056,-114.3946917,1,1
4,27,7,12,5,33,1,1,0,0,6,9,0,1,0,1,6,1,2,50,2,1,2,9,0,0,6,1,0,0,5,37,5,48,88,88,0,0,0,0,1,1,1,40403,0,2009,0,AVENUE B,99999999999999999999,0000000,32.50827778,-114.6487278,1,1
4,27,8,31,8,5,2,2,0,0,16,6,0,12,5,1,1,1,2,45,2,1,2,1,0,0,1,1,0,0,8,5,8,10,8,20,0,0,0,0,1,2,1,40428,620,2009,0,AIRPORT LOOP,99999999999999999999,0000000,32.62725556,-114.6328556,2,1
4,15,9,9,4,12,1,2,1,0,14,6,0,9,0,1,1,2,2,50,1,1,2,1,0,0,2,1,0,0,4,16,4,20,88,88,0,0,0,0,1,4,1,40463,59,2009,0,BULLHEAD PKWY,99999999999999999999,0000000,35.08948611,-114.5457111,1,1
4,15,9,27,21,53,1,1,0,0,3,3,0,17,0,1,4,3,2,65,2,2,2,1,0,0,3,1,0,0,21,53,22,5,88,88,0,0,0,0,1,1,0,40476,0,2009,127,SR-68,99999999999999999999,0000000,35.2262,-114.3793278,1,1
4,15,10,3,12,25,1,7,0,1,1,1,0,1,0,1,3,2,2,75,1,1,2,1,0,0,1,1,0,0,12,26,12,35,99,99,0,0,0,0,1,7,0,40481,0,2009,467,I-40,99999999999999999999,0000000,35.15916111,-114.0806139,1,1
4,27,10,23,14,55,1,2,0,0,4,4,0,1,0,1,1,1,2,65,1,1,5,1,0,0,1,1,0,0,14,56,15,1,99,99,0,0,0,0,1,6,0,40495,0,2009,0,AVENUE 29E,99999999999999999999,0000000,32.70876944,-114.1425639,1,1
4,27,10,23,1,5,1,3,0,0,16,9,0,38,0,1,5,1,2,35,1,1,2,1,0,0,2,1,0,0,1,11,1,15,99,99,0,0,0,0,1,6,1,40496,0,2009,0,SCOTTSDALE RD,99999999999999999999,0000000,32.66584167,-114.4356056,1,1
4,12,6,16,20,17,1,4,0,0,6,8,3,3,0,1,4,1,2,99,1,1,5,1,0,0,2,1,0,0,99,99,99,99,99,99,0,0,0,0,3,3,0,40515,340,2009,0,14TH AVE,99999999999999999999,0000000,34.08585278,-114.4249472,1,1
4,12,8,22,17,56,1,2,0,1,2,3,0,1,0,1,1,1,2,65,1,1,2,1,0,0,1,1,0,0,17,56,18,5,99,99,0,0,0,0,1,7,0,40536,0,2009,1244,SR-95,99999999999999999999,0000000,33.88945833,-114.2169583,1,1
4,27,9,24,6,40,1,3,2,0,16,6,0,9,0,1,1,1,2,50,1,1,2,1,0,0,1,1,0,0,6,41,6,45,99,99,0,0,0,0,1,5,0,40565,440,2009,0,MADISON ST,99999999999999999999,0000000,32.61103889,-114.7084333,1,1
4,27,11,19,18,10,1,1,0,0,6,9,0,18,0,1,1,1,2,50,1,1,2,1,0,0,2,1,0,0,18,15,18,25,88,88,0,0,0,0,1,5,1,40589,0,2009,0,AVENUE F,99999999999999999999,0000000,32.55448333,-114.7185944,1,1
4,15,11,25,21,38,1,2,1,0,13,3,0,8,0,3,1,5,4,45,1,1,2,1,0,0,3,1,0,0,21,40,21,43,23,25,0,0,0,0,1,4,0,40594,59,2009,2482,SR-95,5TH ST,0000000,35.14953889,-114.5681056,1,1
4,15,11,26,15,23,2,3,0,0,2,3,0,12,6,1,1,1,4,55,1,1,2,1,0,0,1,1,0,0,15,25,15,30,99,99,0,0,0,0,1,5,0,40596,0,2009,2280,SR-95,99999999999999999999,0000000,34.87661944,-114.5977944,2,1
4,15,12,4,11,5,1,5,0,1,2,3,0,1,0,1,4,1,2,65,1,2,2,1,0,0,1,1,0,0,11,9,11,25,12,58,0,0,0,0,1,6,0,40605,0,2009,1728,SR-95,99999999999999999999,0000000,34.423125,-114.2039111,1,1
4,15,12,21,14,14,2,2,0,0,13,6,0,12,5,2,1,5,4,40,1,1,2,1,0,0,1,1,0,0,14,17,14,23,99,99,0,0,0,0,1,2,0,40608,260,2009,0,ANDY DEVINE AVE,FAIRGROUNDS BLVD,0000000,35.19792222,-114.0280444,2,1
4,27,12,27,15,55,2,3,0,0,5,6,0,12,5,2,1,1,2,50,1,1,2,1,20,3,1,1,0,0,15,55,16,3,16,35,0,0,0,0,1,1,0,40610,0,2009,0,AVENUE 3E,COUNTY 16TH ST,0000000,32.59690556,-114.5805722,2,1
4,15,12,23,17,50,1,2,1,0,2,3,0,9,0,8,1,5,4,45,1,1,2,1,0,0,2,1,0,0,17,52,17,54,18,31,0,0,0,0,1,4,0,40611,0,2009,2364,SR-95,99999999999999999999,0000000,34.99621944,-114.5979972,1,1
4,27,12,25,2,30,1,3,0,0,6,4,0,1,0,3,6,1,2,65,1,1,2,1,0,0,2,1,0,0,9,13,9,20,99,99,0,0,0,0,1,6,1,40622,0,2009,0,LEVEE RD,CALLE AGUA SALADA,0000000,32.72765278,-114.7081889,1,1
4,12,12,18,13,32,1,6,0,1,1,1,0,1,0,1,1,2,2,75,2,2,2,1,0,0,1,1,0,0,13,35,13,50,99,99,0,0,0,0,2,6,0,40656,0,2009,100,I-10,99999999999999999999,0000000,33.64812778,-114.3688556,1,1
4,12,11,28,99,99,1,1,0,0,6,9,0,1,0,9,99,9,9,99,9,9,9,9,0,0,9,9,0,0,99,99,99,99,88,88,0,0,0,0,1,7,0,40716,0,2009,0,SHEA RD,99999999999999999999,0000000,34.12962222,-114.2449167,1,9
6,37,1,1,2,26,1,2,1,1,11,1,0,8,0,1,1,3,5,65,1,1,1,1,0,0,3,1,0,0,99,99,99,99,88,88,0,19,0,0,1,5,1,60001,720,2009,481,I-10,99999999999999999999,0000000,34.0817,-117.7130306,1,1
6,39,1,1,13,45,2,3,0,0,4,4,0,12,2,1,1,1,2,55,2,1,2,1,0,0,1,1,0,0,99,99,99,99,99,99,0,0,0,0,1,5,0,60002,0,2009,0,RD 145,99999999999999999999,0000000,37.0129,-119.7698806,2,1
6,83,1,1,99,99,1,1,0,0,3,4,0,33,0,1,4,1,2,55,2,1,1,1,0,0,2,1,0,0,99,99,99,99,88,88,0,0,0,0,1,5,1,60003,0,2009,0,BETTERAVIA RD,99999999999999999999,0000000,34.561,-120.3255,1,1
6,89,1,2,5,48,1,1,0,0,3,4,0,24,0,1,4,1,2,35,2,2,2,2,0,0,2,2,0,0,99,99,99,99,99,99,0,0,0,0,1,6,0,60004,0,2009,0,LAKE BL,99999999999999999999,0000000,40.71310278,-122.4068083,1,2
6,37,1,4,1,50,1,2,1,0,14,6,0,8,0,1,1,1,4,35,1,1,2,1,0,0,3,1,0,0,99,99,99,99,88,88,0,0,0,0,1,1,0,60005,1980,2009,0,VERNON AVE,99999999999999999999,0000000,34.00388889,-118.2636278,1,1
6,79,1,4,4,55,2,3,0,0,14,3,0,12,5,2,1,1,3,55,1,1,2,1,3,3,3,1,0,0,99,99,99,99,99,99,0,0,0,0,2,1,1,60006,0,2009,500,SR-1,BURTON DR,0000000,35.55538056,-121.0823306,2,1
6,39,1,4,8,15,1,1,0,0,4,4,0,38,0,1,4,1,2,55,2,1,1,2,0,0,1,5,0,0,99,99,99,99,88,88,0,0,0,0,1,1,0,60007,0,2009,0,FIREBAUGH BL,99999999999999999999,0000000,36.92328889,-120.2559389,1,5
6,59,1,4,14,31,2,3,0,0,2,4,0,12,5,2,1,1,4,50,1,1,2,1,3,3,1,1,0,0,99,99,99,99,99,99,0,0,0,0,1,1,0,60008,0,2009,0,NEWPORT AVE,FOOTHILL BL,0000000,33.76680833,-117.7952111,2,1
6,73,1,5,1,41,1,4,0,0,12,3,0,33,0,1,4,3,3,65,2,1,2,1,28,3,3,1,0,0,99,99,99,99,99,99,0,0,0,0,1,2,1,60009,3260,2009,54,SR-52,99999999999999999999,0000000,32.83725,-117.1537806,1,1
6,23,1,5,11,39,1,2,1,0,14,6,0,8,0,3,1,4,2,25,1,1,2,2,20,3,1,2,0,0,99,99,99,99,99,99,0,0,0,0,1,2,0,60010,130,2009,0,H ST,17TH ST,0000000,40.87538056,-124.0844139,1,2
6,65,1,7,6,35,1,1,0,1,1,1,0,36,0,1,3,2,2,70,1,1,1,1,0,0,4,1,0,0,99,99,99,99,99,99,0,0,0,0,1,4,0,60011,0,2009,806,I-10,99999999999999999999,0000000,33.6606,-115.8181306,1,1
6,95,1,7,16,55,1,1,0,1,11,1,0,42,0,1,4,3,4,65,1,1,2,1,0,0,1,1,0,0,99,99,99,99,88,88,0,0,0,0,1,4,0,60012,0,2009,446,I-80,99999999999999999999,0000000,38.53561944,-121.74145,1,1
6,71,1,1,2,55,2,6,0,1,1,1,0,12,1,1,1,2,5,70,1,2,2,1,0,0,2,1,0,0,99,99,99,99,99,99,0,0,0,0,1,5,2,60013,0,2009,150,I-5,99999999999999999999,0000000,34.23656944,-117.4247389,2,1
6,65,1,1,21,20,2,3,0,0,2,3,0,12,2,1,1,1,4,60,1,1,2,1,0,0,2,1,0,0,99,99,99,99,99,99,0,0,0,0,2,5,1,60014,2730,2009,236,SR-74,99999999999999999999,0000000,33.75861111,-117.2705611,2,1
6,37,1,7,5,56,1,2,1,0,14,6,0,8,0,1,1,1,2,35,1,1,1,1,0,0,3,1,0,0,99,99,99,99,99,99,0,0,0,0,1,4,0,60015,3870,2009,0,182ND,99999999999999999999,0000000,33.86561389,-118.3109861,1,1
6,37,1,7,19,35,2,2,0,0,13,3,0,12,5,1,1,1,4,45,1,1,2,1,0,0,3,1,0,0,99,99,99,99,99,99,0,0,0,0,1,4,0,60016,1970,2009,27,SR-1,99999999999999999999,0000000,33.78270556,-118.1326917,2,1
6,77,1,7,21,9,1,2,0,1,11,1,0,1,0,1,6,3,4,65,2,1,2,1,0,0,2,1,0,0,99,99,99,99,99,99,0,0,0,0,1,4,1,60017,3770,2009,248,I-5,99999999999999999999,0000000,37.92998056,-121.2958889,1,1
6,37,1,8,0,50,2,2,0,0,13,6,0,12,5,2,1,2,3,35,1,1,2,1,3,3,3,1,0,0,99,99,99,99,88,88,0,0,0,0,1,5,1,60018,1980,2009,0,VAN NUYS BL,VESPER AVE,0000000,34.22680278,-118.4500056,2,1
6,31,1,8,5,15,2,4,0,0,2,3,0,12,2,1,1,1,2,55,1,1,2,1,0,0,2,5,0,0,99,99,99,99,99,99,0,0,0,0,1,5,0,60019,0,2009,12,SR-33,99999999999999999999,0000000,35.80392778,-119.9956361,2,5
6,37,1,11,14,50,2,4,0,0,15,6,0,12,5,2,1,5,4,35,1,1,2,1,20,3,1,1,0,0,99,99,99,99,99,99,0,0,0,0,1,1,0,60020,1980,2009,0,3RD ST,HARVARD BLVD,0000000,34.06905,-118.3041917,2,1
6,73,1,12,2,31,1,1,0,0,14,6,0,33,0,1,4,1,2,25,2,2,2,1,0,0,2,1,0,0,99,99,99,99,88,88,0,0,0,0,1,2,1,60021,3260,2009,0,NAUTILUS ST,99999999999999999999,0000000,32.83276667,-117.2725167,1,1
6,65,1,12,13,5,1,1,0,0,14,6,0,43,0,1,1,1,4,50,1,1,2,1,0,0,1,1,0,0,99,99,99,99,88,88,0,0,0,0,1,2,0,60022,1688,2009,0,MILES AVE,99999999999999999999,0000000,33.721275,-116.3176139,1,1
6,97,1,1,0,20,1,2,1,0,3,4,0,8,0,1,1,1,2,55,1,1,2,2,0,0,2,5,0,0,99,99,99,99,88,88,0,0,0,0,1,5,0,60023,0,2009,0,ADOBE RD,99999999999999999999,0000000,38.27653056,-122.6225722,1,5
6,29,1,1,1,0,1,3,0,0,3,4,0,46,0,3,4,2,2,50,1,1,2,1,3,3,3,1,0,0,99,99,99,99,99,99,0,0,0,0,2,5,1,60024,0,2009,0,EDISON HWY,OSWELL ST,0000000,35.36688889,-118.9498722,1,1
6,71,1,1,1,35,1,2,1,0,4,4,0,8,0,1,1,1,2,55,1,1,2,1,0,0,2,1,0,0,99,99,99,99,88,88,0,0,0,0,1,5,0,60025,0,2009,0,YERMO RD,99999999999999999999,0000000,34.90289722,-116.8347083,1,1
6,31,1,2,12,12,2,3,0,1,12,3,0,12,1,1,1,2,2,65,1,1,2,1,0,0,1,1,0,0,99,99,99,99,99,99,0,0,0,0,1,6,1,60026,1880,2009,95,SR-198,99999999999999999999,0000000,36.28659444,-119.7983278,2,1
6,65,1,2,17,4,1,4,1,0,15,6,0,9,0,1,1,1,4,45,1,1,2,1,2,3,5,1,0,0,99,99,99,99,99,99,0,0,0,0,1,6,0,60027,3070,2009,0,ADAMS ST,99999999999999999999,0000000,33.94440556,-117.433625,1,1
6,37,1,2,23,30,1,1,0,1,1,1,0,33,0,1,4,3,4,65,2,1,1,2,0,0,2,2,0,0,99,99,99,99,88,88,0,0,0,0,1,6,0,60028,0,2009,473,I-5,99999999999999999999,0000000,34.34612778,-118.5325667,1,2
6,37,1,3,5,40,1,1,0,0,14,6,0,33,0,1,4,1,4,45,1,1,2,2,0,0,3,2,5,0,99,99,99,99,88,88,0,0,0,0,1,7,0,60029,1980,2009,0,TAMPA AVE,99999999999999999999,0000000,34.28334167,-118.5621861,1,2
6,99,1,5,14,15,2,3,0,0,4,4,0,12,1,1,1,5,3,45,1,1,2,2,0,0,1,1,0,0,99,99,99,99,99,99,0,0,0,0,2,2,0,60030,0,2009,0,CROWS LANDING RD,99999999999999999999,0000000,37.57896944,-120.9937194,2,1
6,37,1,5,17,0,1,2,0,0,14,6,0,35,0,1,4,1,2,50,1,2,2,1,0,0,5,1,0,0,99,99,99,99,99,99,0,0,0,0,1,2,0,60031,1980,2009,0,BIG TUJUNGA CYN RD,99999999999999999999,0000000,34.324725,-118.1222111,1,1
6,37,1,7,5,48,3,5,0,1,11,1,0,12,7,1,1,3,5,65,1,1,1,1,0,0,3,1,0,0,99,99,99,99,88,88,0,0,0,0,1,4,0,60032,4120,2009,352,I-10,99999999999999999999,0000000,34.07242778,-117.9314528,3,1
6,37,1,7,6,30,1,2,1,0,14,6,0,8,0,3,1,4,9,35,1,1,2,1,2,3,3,1,0,0,99,99,99,99,99,99,0,0,0,0,1,4,0,60033,1980,2009,0,5TH ST,FLOWER ST,0000000,34.05158333,-118.2560944,1,1
6,71,1,8,9,19,1,1,0,0,15,6,0,39,0,1,4,1,2,40,1,1,2,1,0,0,1,1,0,0,99,99,99,99,99,99,0,0,0,0,1,5,1,60034,4291,2009,0,SAGE AVE,99999999999999999999,0000000,34.12483889,-116.4225139,1,1
6,85,1,9,17,54,2,2,0,0,13,6,0,12,5,1,1,1,6,35,1,1,2,1,0,0,3,1,0,0,99,99,99,99,99,99,0,0,0,0,1,6,1,60035,3340,2009,0,BLOSSOM HILL RD,99999999999999999999,0000000,37.25200278,-121.8073833,2,1
6,59,1,11,17,21,1,1,0,1,12,3,0,39,0,1,4,3,4,65,2,1,1,1,0,0,5,1,0,0,99,99,99,99,99,99,0,0,0,0,1,1,1,60036,80,2009,88,SR-91,99999999999999999999,0000000,33.84525556,-117.8294,1,1
6,37,1,15,16,49,2,4,0,0,13,6,0,12,5,2,1,9,9,35,1,1,2,1,3,3,1,1,0,0,99,99,99,99,99,99,0,0,0,0,1,5,0,60037,2970,2009,0,190TH ST,HARKNESS LN,0000000,33.85735,-118.3811361,2,1
6,79,1,1,0,15,1,4,0,0,6,4,0,33,0,1,4,1,2,55,2,2,2,1,0,0,2,1,0,0,99,99,99,99,99,99,0,4,0,0,1,5,0,60038,0,2009,0,CROSS CANYON RD,99999999999999999999,0000000,35.75208611,-120.6396667,1,1
6,29,1,2,21,55,1,3,0,1,1,1,0,7,0,1,1,2,2,55,1,1,2,2,0,0,2,1,0,0,99,99,99,99,99,99,0,0,0,0,1,6,0,60039,0,2009,816,I-5,99999999999999999999,0000000,35.72292778,-119.7329944,1,1
6,73,1,5,22,10,1,1,0,0,14,6,0,33,0,1,4,2,2,35,2,1,2,1,0,0,3,1,0,0,99,99,99,99,99,99,0,0,0,0,1,2,1,60040,3260,2009,0,IMPERIAL AVE,99999999999999999999,0000000,32.7057,-117.0825861,1,1
6,11,1,7,3,30,2,4,0,1,1,1,0,12,1,1,1,2,2,70,1,1,1,1,0,0,2,5,0,0,99,99,99,99,99,99,0,0,0,0,1,4,0,60041,0,2009,129,I-5,99999999999999999999,0000000,39.09196667,-122.1064722,2,5
6,7,1,11,1,0,1,1,0,0,4,4,0,35,0,1,5,1,2,40,2,1,2,1,0,0,2,1,0,0,99,99,99,99,88,88,0,0,0,0,1,1,1,60042,0,2009,0,LOWER WYANDOTTE RD,99999999999999999999,0000000,39.469925,-121.5289167,1,1
6,71,1,11,2,8,1,2,0,1,11,1,0,33,0,1,4,3,4,65,1,1,1,1,0,0,3,1,0,0,99,99,99,99,99,99,0,0,0,0,1,1,1,60043,2550,2009,7,I-15,99999999999999999999,0000000,34.04081944,-117.5503639,1,1
6,59,1,11,4,42,1,4,0,1,12,3,0,33,0,1,4,3,5,65,1,1,1,1,0,0,2,1,0,0,99,99,99,99,99,99,0,0,0,0,2,1,1,60044,450,2009,195,SR-57,99999999999999999999,0000000,33.90614444,-117.8816056,1,1
6,65,1,11,5,1,4,11,1,1,11,1,0,8,0,1,1,3,4,70,1,1,1,1,0,0,3,1,0,0,99,99,99,99,88,88,0,0,0,0,1,1,0,60045,250,2009,124,I-10,99999999999999999999,0000000,33.92655,-116.9342861,4,1
6,59,1,11,11,10,1,1,0,0,16,6,0,33,0,1,4,1,2,25,1,1,2,1,0,0,1,1,0,0,99,99,99,99,99,99,0,0,0,0,1,1,0,60046,9997,2009,0,MONTE HERMOSO,99999999999999999999,0000000,33.60706111,-117.7470444,1,1
6,19,1,11,11,12,1,2,0,0,6,4,0,42,0,1,5,1,2,55,2,1,2,1,0,0,1,5,0,0,99,99,99,99,99,99,0,0,0,0,1,1,0,60047,0,2009,0,NARES AVE,99999999999999999999,0000000,36.43291389,-119.6856583,1,5
6,71,1,11,13,2,2,2,0,1,11,1,0,33,0,13,4,6,2,65,2,1,2,1,3,3,1,1,0,0,99,99,99,99,99,99,0,20,0,0,1,1,0,60048,2550,2009,54,I-10,99999999999999999999,0000000,34.06789722,-117.5975917,2,1
6,73,1,17,16,55,2,2,0,0,14,6,0,12,2,1,1,1,2,35,2,1,2,1,0,0,1,1,0,0,99,99,99,99,99,99,0,0,0,0,1,7,0,60049,3260,2009,0,W BERNARDO DR,99999999999999999999,0000000,33.05499444,-117.0719056,2,1
6,73,1,6,19,16,1,2,1,0,14,6,0,9,0,1,1,2,2,45,2,1,1,1,0,0,3,1,0,0,99,99,99,99,88,88,0,0,0,0,1,3,0,60050,3260,2009,0,SABRE SPRINGS PKWY,99999999999999999999,0000000,32.95733056,-117.0934222,1,1