STATE,COUNTY,MONTH,DAY,HOUR,MINUTE,VE_TOTAL,PERSONS,PEDS,NHS,ROAD_FNC,ROUTE,SP_JUR,HARM_EV,MAN_COLL,REL_JUNC,REL_ROAD,TRAF_FLO,NO_LANES,SP_LIMIT,ALIGNMNT,PROFILE,PAVE_TYP,SUR_COND,TRA_CONT,T_CONT_F,LGT_COND,WEATHER1,WEATHER2,WRK_ZONE,NOT_HOUR,NOT_MIN,ARR_HOUR,ARR_MIN,HOSP_HR,HOSP_MN,SCH_BUS,CF1,CF2,CF3,FATALS,DAY_WEEK,DRUNK_DR,ST_CASE,CITY,YEAR,MILEPT,TWAY_ID,TWAY_ID2,RAIL,LATITUDE,LONGITUD,VE_FORMS,WEATHER
6,111,1,10,13,20,2,12,0,0,2,3,0,12,2,1,1,1,2,45,2,2,2,1,40,3,1,1,0,0,99,99,99,99,99,99,0,0,0,0,1,7,0,60051,0,2009,321,SR-33,99999999999999999999,0000000,34.35568333,-119.3084056,2,1
6,53,1,10,14,50,2,5,0,0,4,4,0,12,5,2,1,1,2,55,1,2,2,1,0,0,1,1,0,0,99,99,99,99,99,99,0,0,0,0,1,7,0,60052,0,2009,0,DEL MONTE BL,MONTE RD,0000000,36.72385,-121.7889194,2,1
6,5,1,10,15,40,2,4,0,0,4,4,0,12,1,2,1,1,2,55,2,2,1,1,0,0,1,1,0,0,99,99,99,99,99,99,0,0,0,0,1,7,0,60053,0,2009,0,SHENANDOAH RD,SHENANDOAH SCHOOL RD,0000000,38.53085,-120.8033694,2,1
6,111,1,10,17,35,2,3,0,0,3,6,0,12,2,2,1,5,2,35,1,1,2,1,3,3,3,1,0,0,99,99,99,99,99,99,0,0,0,0,1,7,0,60054,4027,2009,0,THOMPSON BL,FIGUEROA ST,0000000,34.27826667,-119.2977361,2,1
6,19,1,12,14,48,1,1,0,0,4,4,0,31,0,1,4,2,2,65,1,1,2,1,0,0,1,1,0,0,99,99,99,99,88,88,0,0,0,0,1,2,1,60055,0,2009,0,E MANNING AVE,99999999999999999999,0000000,36.60563056,-119.6459111,1,1
6,37,1,12,23,30,1,3,1,1,12,3,0,8,0,1,1,3,3,65,1,1,1,1,0,0,3,1,0,0,99,99,99,99,88,88,0,0,0,0,1,2,0,60056,1980,2009,112,SR-118,99999999999999999999,0000000,34.2659,-118.4474389,1,1
6,73,1,13,7,18,1,2,1,1,11,1,0,8,0,1,1,3,4,65,2,1,1,1,0,0,1,1,0,0,99,99,99,99,88,88,0,0,0,0,1,3,0,60057,3260,2009,95,I-5,99999999999999999999,0000000,32.69505,-117.1340167,1,1
6,25,1,13,20,15,1,1,0,1,2,3,0,38,0,1,4,2,2,65,1,1,2,1,0,0,2,1,0,0,99,99,99,99,88,88,0,0,0,0,1,3,0,60058,0,2009,517,SR-86,99999999999999999999,0000000,33.24101944,-115.9355444,1,1
6,107,1,14,14,4,4,5,0,1,2,3,0,12,5,2,1,1,2,55,1,1,2,1,20,3,1,1,0,0,99,99,99,99,99,99,0,0,0,0,1,4,0,60059,0,2009,30,SR-198,RD 68,0000000,36.32709444,-119.421425,4,1
6,81,1,7,21,32,1,3,1,0,15,6,0,8,0,3,1,1,2,25,1,1,2,1,20,3,3,1,0,0,99,99,99,99,99,99,0,0,0,0,1,4,1,60060,3390,2009,0,EDISON ST,39TH AVE,0000000,37.52704167,-122.2937583,1,1
6,37,1,14,18,45,1,2,0,0,12,3,0,33,0,1,4,3,3,55,2,1,1,1,0,0,2,1,0,0,99,99,99,99,99,99,0,0,0,0,1,4,1,60061,1980,2009,293,SR-110,99999999999999999999,0000000,34.08643889,-118.2139306,1,1
6,37,1,15,6,30,1,1,0,0,13,6,0,10,0,6,1,2,2,50,1,1,2,1,60,3,3,1,0,0,99,99,99,99,88,88,0,0,0,0,1,5,0,60062,2645,2009,0,RANCHO VISTA BL,99999999999999999999,750643p,34.60185833,-118.1211528,1,1
6,37,1,15,15,23,3,3,0,0,16,6,0,12,1,1,1,2,3,35,1,1,2,1,0,0,1,1,0,0,99,99,99,99,99,99,0,0,0,0,1,5,0,60063,1045,2009,0,FIRESTONE BL,99999999999999999999,0000000,33.93004722,-118.1130111,3,1
6,75,1,15,15,28,1,2,1,0,14,6,0,8,0,3,1,1,5,25,1,1,2,1,20,3,1,1,0,0,99,99,99,99,99,99,0,0,0,0,1,5,0,60064,3290,2009,0,6TH ST,STEVENSON ST,0000000,37.78176667,-122.4096889,1,1
6,99,1,15,19,32,1,2,1,0,16,6,0,8,0,1,1,1,2,25,1,1,2,1,0,0,3,1,0,0,99,99,99,99,99,99,0,0,0,0,1,5,0,60065,2200,2009,0,LEVELAND LN,99999999999999999999,0000000,37.67913889,-120.9958583,1,1
6,67,1,15,20,55,1,1,0,0,6,4,0,30,0,1,4,5,4,35,1,1,2,1,0,0,3,1,0,0,99,99,99,99,88,88,0,0,0,0,1,5,1,60066,0,2009,0,WHITNEY AVE,99999999999999999999,0000000,38.62855,-121.3718889,1,1
6,71,1,16,12,50,2,2,0,0,4,4,0,12,5,1,1,1,2,55,1,1,2,1,0,0,1,1,0,0,99,99,99,99,99,99,0,0,0,0,1,6,1,60067,0,2009,0,EL MIRAGE RD,99999999999999999999,0000000,34.60208333,-117.6107778,2,1
6,37,1,16,13,3,2,2,0,0,16,6,0,12,3,1,1,5,4,35,1,1,2,1,0,0,1,1,0,0,99,99,99,99,99,99,0,0,0,0,1,6,0,60068,1970,2009,0,SOUTH ST,99999999999999999999,0000000,33.86020556,-118.1667139,2,1
6,29,1,16,20,0,1,1,0,0,2,3,0,52,0,1,4,1,2,55,2,1,2,1,0,0,2,1,0,0,99,99,99,99,99,99,0,0,0,0,1,6,0,60069,0,2009,44,SR-119,99999999999999999999,0000000,35.18933889,-119.4353389,1,1
6,23,1,16,21,40,1,3,0,1,12,2,0,1,0,1,3,2,2,65,1,1,1,1,0,0,2,5,0,0,99,99,99,99,99,99,0,0,0,0,1,6,0,60070,0,2009,747,US-101,99999999999999999999,0000000,40.75671111,-124.1900639,1,5
6,45,1,17,2,45,2,2,0,1,2,2,0,11,0,1,1,1,3,55,1,1,2,1,0,0,2,1,0,0,99,99,99,99,88,88,0,0,0,0,1,7,0,60071,0,2009,156,US-101,99999999999999999999,0000000,39.03296111,-123.1425111,2,1
6,41,1,1,12,10,1,1,0,0,2,3,0,1,0,1,1,1,2,55,2,1,2,1,0,0,1,1,0,0,99,99,99,99,99,99,0,0,0,0,1,5,0,60072,0,2009,211,SR-1,99999999999999999999,0000000,37.97945278,-122.7367694,1,1
6,73,1,8,20,16,1,2,1,0,16,6,0,8,0,1,1,1,2,25,1,1,2,1,0,0,3,1,0,0,99,99,99,99,88,88,0,0,0,0,1,5,0,60073,3260,2009,0,RAIL CT,99999999999999999999,0000000,32.54407778,-117.0289583,1,1
6,71,1,8,14,32,2,3,0,1,2,3,0,12,1,1,1,5,4,65,1,1,2,1,0,0,1,1,0,0,99,99,99,99,99,99,0,0,0,0,1,5,0,60074,0,2009,56,SR-62,99999999999999999999,0000000,34.08764167,-116.5227778,2,1
6,79,1,8,99,99,1,1,0,0,6,4,0,1,0,1,2,1,2,55,2,2,2,1,0,0,1,1,0,0,99,99,99,99,88,88,0,0,0,0,1,5,0,60075,0,2009,0,OLD CREEK RD,99999999999999999999,0000000,35.52010556,-120.8545028,1,1
6,37,1,10,12,40,1,1,0,0,14,4,0,33,0,1,4,2,2,35,1,2,2,1,0,0,1,1,0,0,99,99,99,99,88,88,0,0,0,0,1,7,0,60076,0,2009,0,MUREAU RD,99999999999999999999,0000000,34.15886667,-118.7013556,1,1
6,65,1,17,22,20,1,1,0,0,6,4,0,1,0,1,5,1,2,40,2,2,2,1,28,3,3,1,0,0,99,99,99,99,88,88,0,0,0,0,1,7,1,60077,0,2009,0,DE PALMA RD,99999999999999999999,0000000,33.74621944,-117.4492583,1,1
6,29,1,18,2,23,1,3,0,1,2,3,0,30,0,1,4,1,2,55,1,1,2,1,0,0,2,1,0,0,99,99,99,99,99,99,0,0,0,0,1,1,1,60078,0,2009,408,SR-46,99999999999999999999,0000000,35.60103611,-119.5127417,1,1
6,87,1,8,6,50,1,2,1,1,12,3,0,9,0,2,1,1,2,25,1,1,2,1,3,3,4,1,0,0,99,99,99,99,99,99,0,0,0,0,1,5,0,60079,0,2009,104,SR-1,STATE PARK DR,0000000,36.97806944,-121.9103278,1,1
6,103,1,12,17,51,1,2,1,0,14,6,0,8,0,3,1,5,2,35,1,2,2,1,20,3,3,1,0,0,99,99,99,99,99,99,0,0,0,0,1,2,0,60080,2940,2009,0,S JACKSON ST,LOCUST ST,0000000,40.16679722,-122.2378444,1,1
6,59,1,13,3,48,1,2,1,0,13,6,0,8,0,3,1,2,3,45,1,1,1,1,2,3,3,1,0,0,99,99,99,99,88,88,0,0,0,0,1,3,0,60081,3420,2009,0,HARBOR BL,WESTMINSTER AVE,0000000,33.75972778,-117.9203417,1,1
6,13,1,13,22,54,1,3,0,0,15,6,0,25,0,1,4,2,2,35,1,1,1,1,0,0,2,1,0,0,99,99,99,99,99,99,0,0,0,0,1,3,1,60082,2485,2009,0,E CYPRESS AVE,99999999999999999999,0000000,37.99065556,-121.6895139,1,1
6,37,1,14,4,0,1,2,0,1,12,3,0,33,0,1,4,3,5,55,1,1,1,1,0,0,2,1,0,0,99,99,99,99,99,99,0,0,0,0,1,4,0,60083,1980,2009,109,SR-134,99999999999999999999,0000000,34.146475,-118.1935139,1,1
6,37,1,14,18,34,2,3,1,0,13,4,0,8,0,1,1,1,6,35,1,2,2,1,0,0,3,1,0,0,99,99,99,99,99,99,0,0,0,0,1,4,0,60084,0,2009,0,IMPERIAL HWY,99999999999999999999,0000000,33.93098333,-118.2970278,2,1
6,65,1,16,20,50,2,1,0,1,12,3,0,14,1,1,2,3,5,65,1,1,1,1,0,0,3,1,0,0,99,99,99,99,88,88,0,0,0,0,1,6,0,60085,850,2009,37,SR-91,99999999999999999999,0000000,33.88082222,-117.6130972,1,1
6,77,1,23,2,46,1,2,1,1,12,3,0,8,0,1,1,3,2,65,2,1,2,2,0,0,2,2,0,0,99,99,99,99,88,88,0,0,0,0,1,6,0,60086,2070,2009,89,SR-99,99999999999999999999,0000000,37.82205556,-121.215925,1,2
6,13,1,25,23,5,2,1,0,0,15,6,0,14,1,1,2,2,2,40,2,2,1,1,0,0,3,1,0,0,99,99,99,99,88,88,0,0,0,0,1,1,1,60087,820,2009,0,PORT CHICAGO HWY,99999999999999999999,0000000,38.01002778,-122.0227111,1,1
6,71,1,30,15,55,3,3,0,1,11,1,0,7,0,1,1,3,4,65,1,1,1,1,0,0,1,1,0,0,99,99,99,99,99,99,0,0,0,0,1,6,0,60088,2922,2009,66,I-15,99999999999999999999,0000000,34.12024167,-117.5156778,3,1
6,111,1,30,20,20,2,2,0,0,12,3,0,12,5,2,1,1,4,50,1,1,1,1,3,3,3,1,0,0,99,99,99,99,99,99,0,0,0,0,1,6,0,60089,533,2009,159,SR-34,LAS POSAS RD,0000000,34.24263333,-119.0102028,2,1
6,29,1,30,21,55,2,2,0,0,12,3,0,12,2,1,1,1,2,55,2,1,2,1,0,0,2,1,0,0,99,99,99,99,88,88,0,0,0,0,1,6,1,60090,0,2009,61,SR-202,99999999999999999999,0000000,35.11260556,-118.5102944,2,1
6,71,1,15,17,54,1,3,1,0,14,6,0,8,0,1,1,5,6,45,1,1,2,1,0,0,3,1,0,0,99,99,99,99,99,99,0,0,0,0,1,5,0,60091,2550,2009,0,VINEYARD AVE,99999999999999999999,0000000,34.06543333,-117.6110139,1,1
6,59,1,17,3,49,3,3,1,1,12,3,0,12,2,1,1,3,4,65,1,1,1,1,0,0,2,1,0,0,99,99,99,99,99,98,0,19,23,0,1,7,0,60092,2560,2009,127,SR-55,99999999999999999999,0000000,33.774175,-117.8311361,3,1
6,107,1,17,8,40,2,4,0,0,2,3,0,12,5,2,1,2,2,60,1,1,2,1,20,3,1,1,0,0,99,99,99,99,99,99,0,0,0,0,1,7,0,60093,0,2009,30,SR-63,AVE 256,0000000,36.25503611,-119.3130694,2,1
6,65,1,20,99,99,1,2,1,1,1,1,0,8,0,13,1,6,1,70,2,2,2,1,0,0,4,1,0,0,99,99,99,99,88,88,0,0,0,0,1,3,0,60094,0,2009,240,I-15 RAMP,99999999999999999999,0000000,33.70965833,-117.3593139,1,1
6,37,1,21,0,5,1,2,1,1,11,1,0,8,0,1,1,3,3,55,1,1,1,1,0,0,2,1,0,0,99,99,99,99,99,99,0,0,0,0,1,4,0,60095,1970,2009,97,I-710,99999999999999999999,0000000,33.83060556,-118.2088139,1,1
6,65,1,21,5,15,3,3,0,1,2,3,0,12,8,1,1,1,2,55,2,1,2,1,0,0,2,1,0,0,99,99,99,99,99,99,0,0,0,0,2,4,0,60096,0,2009,125,SR-79,99999999999999999999,0000000,33.64299167,-117.0840028,3,1
6,85,1,21,9,17,1,1,1,0,16,6,0,8,0,1,1,1,2,25,1,1,2,1,0,0,1,1,0,0,99,99,99,99,99,99,0,0,0,0,1,4,0,60097,2182,2009,0,CESTARIC DR,99999999999999999999,0000000,37.44289722,-121.8876778,1,1
6,47,1,21,10,8,1,1,0,0,13,6,0,43,0,1,4,5,2,45,1,1,2,1,0,0,1,1,0,0,99,99,99,99,88,88,0,0,0,0,1,4,0,60098,190,2009,0,ATWATER BL,99999999999999999999,0000000,37.34723333,-120.6131889,1,1
6,113,1,22,0,29,1,1,0,0,13,6,0,33,0,3,4,1,4,35,2,1,2,2,3,3,3,2,0,0,99,99,99,99,88,88,0,0,0,0,1,5,1,60099,4163,2009,0,JEFFERSON BL,15TH ST,0000000,38.57144722,-121.5234778,1,2
6,37,1,25,22,20,1,1,0,0,16,6,0,33,0,1,4,1,4,40,2,1,2,1,0,0,3,1,0,0,99,99,99,99,99,99,0,0,0,0,1,1,1,60100,1980,2009,0,TOPANGA CYN BL,99999999999999999999,0000000,34.15325833,-118.6056528,1,1
6,29,1,17,18,0,1,2,1,0,14,4,0,10,0,6,1,1,2,55,1,1,2,1,60,3,2,1,0,0,99,99,99,99,99,99,0,0,0,0,1,7,0,60101,0,2009,0,VINELAND RD,99999999999999999999,757414u,35.35418611,-118.8965111,1,1
6,65,1,17,19,55,4,10,0,0,13,4,0,13,2,1,1,2,2,55,2,1,2,1,0,0,2,1,0,0,99,99,99,99,99,99,0,0,0,0,3,7,1,60102,0,2009,0,SIERRA AVE,99999999999999999999,0000000,34.03161667,-117.4308667,4,1
6,73,1,18,23,45,1,1,0,1,1,1,0,1,0,1,3,2,4,70,1,1,1,1,0,0,2,1,0,0,99,99,99,99,99,99,0,0,0,0,1,1,1,60103,0,2009,400,I-15,99999999999999999999,0000000,33.23902778,-117.1502639,1,1
6,71,1,20,3,10,1,2,1,1,1,1,0,8,0,1,1,3,3,70,1,1,1,1,0,0,2,1,0,0,99,99,99,99,88,88,0,0,0,0,1,3,0,60104,0,2009,594,I-15,99999999999999999999,0000000,34.74372778,-117.1751972,1,1
6,87,1,24,17,39,2,5,0,0,2,3,0,12,2,1,1,1,2,55,1,1,2,8,0,0,2,1,0,0,99,99,99,99,99,99,0,3,0,0,1,7,0,60105,0,2009,68,SR-129,99999999999999999999,0000000,36.91476389,-121.6578778,2,1
6,87,1,24,18,37,2,3,1,0,13,3,0,8,0,1,1,2,2,45,1,1,2,1,0,0,2,1,0,0,99,99,99,99,88,88,0,0,0,0,1,7,0,60106,3450,2009,177,SR-1,99999999999999999999,0000000,36.98376944,-122.0310472,2,1
6,19,1,24,18,44,2,10,0,0,3,4,0,12,5,2,1,1,2,55,1,1,2,2,20,3,2,1,0,0,99,99,99,99,99,99,0,0,0,0,1,7,1,60107,0,2009,0,FRUIT AVE,ADAMS AVE,0000000,36.63415556,-119.8178222,2,1
6,37,1,25,2,57,3,5,0,1,2,3,0,12,8,1,1,3,3,65,2,1,1,1,0,0,3,1,0,0,99,99,99,99,99,99,0,0,0,0,1,1,1,60108,0,2009,521,SR-14,99999999999999999999,0000000,34.48671389,-118.1415667,3,1
6,103,1,25,3,30,1,1,0,0,4,4,0,24,0,1,4,1,2,55,1,1,2,2,0,0,2,1,0,0,99,99,99,99,88,88,0,0,0,0,1,1,0,60109,0,2009,0,KIRKWOOD RD,99999999999999999999,0000000,39.89438611,-122.178525,1,1
6,29,1,25,6,1,1,2,0,1,2,3,0,1,0,1,3,2,3,70,2,1,2,2,0,0,2,1,0,0,99,99,99,99,99,99,0,0,0,0,1,1,0,60110,0,2009,435,SR-99,99999999999999999999,0000000,35.59063333,-119.2046222,1,1
6,19,1,25,7,10,1,1,0,0,4,4,0,42,0,1,5,1,2,55,1,1,2,1,0,0,1,1,0,0,99,99,99,99,88,88,0,0,0,0,1,1,0,60111,0,2009,0,TRIMMER SPRINGS RD,99999999999999999999,0000000,36.76188889,-119.4510417,1,1
6,107,1,10,23,45,1,4,0,0,14,6,0,1,0,1,2,1,2,55,1,1,1,1,0,0,2,1,0,0,99,99,99,99,99,99,0,0,0,0,1,7,1,60112,2880,2009,0,PLANO ST,99999999999999999999,0000000,36.08961667,-119.0087972,1,1
6,37,1,13,8,45,2,2,0,0,16,6,0,12,5,2,1,2,2,45,2,1,1,1,3,3,1,1,0,0,99,99,99,99,99,99,0,0,0,0,1,3,0,60113,3445,2009,0,WILEY CANYON RD,TOURNAMENT RD,0000000,34.38298889,-118.5565778,2,1
6,97,1,13,9,20,1,2,0,0,4,4,0,42,0,1,4,1,2,45,1,1,2,1,0,0,1,1,0,0,99,99,99,99,99,99,0,0,0,0,2,3,0,60114,0,2009,0,RIVER RD,99999999999999999999,0000000,38.49305833,-122.8919389,1,1
6,115,1,14,17,55,2,2,0,1,2,3,0,12,2,1,1,1,2,55,1,1,2,1,0,0,2,1,0,0,99,99,99,99,99,99,0,0,0,0,1,4,1,60115,0,2009,41,SR-20,99999999999999999999,0000000,39.17179444,-121.5532056,2,1
6,61,1,23,17,15,1,1,0,0,6,4,0,35,0,3,4,2,2,35,1,1,2,2,3,3,3,2,1,0,99,99,99,99,99,99,0,0,0,0,1,6,0,60116,0,2009,0,ATHENS AVE,INDUSTRIAL AVE,0000000,38.83907222,-121.3071306,1,2
6,87,1,25,18,25,3,6,0,0,2,3,0,12,5,2,1,3,2,50,2,2,2,2,0,0,2,1,0,0,99,99,99,99,99,99,0,0,0,0,1,1,0,60117,0,2009,94,SR-17,LAUREL RD,0000000,37.10435833,-121.9751722,3,1
6,79,1,25,20,48,2,2,0,1,12,2,0,12,5,13,1,6,1,65,1,2,2,2,0,0,2,1,0,0,99,99,99,99,99,99,0,19,0,0,1,1,1,60118,0,2009,592,US-101 RAMP,99999999999999999999,0000000,35.65763056,-120.6965694,2,1
6,67,1,29,7,45,2,3,0,0,5,4,0,12,5,8,1,5,2,40,1,1,2,1,20,3,4,1,0,0,99,99,99,99,88,88,0,0,0,0,1,5,0,60119,0,2009,0,GERBER RD,99999999999999999999,0000000,38.48169167,-121.4020528,2,1
6,49,1,29,9,35,1,1,0,1,2,3,0,42,0,1,4,1,2,65,1,2,2,1,0,0,1,1,0,0,99,99,99,99,88,88,0,0,0,0,1,5,0,60120,0,2009,162,SR-139,99999999999999999999,0000000,41.53066667,-121.1351139,1,1
6,37,1,29,12,10,2,2,0,0,13,4,0,1,0,8,1,2,3,45,1,1,2,1,0,0,1,1,0,0,99,99,99,99,99,99,0,0,0,0,1,5,0,60121,0,2009,0,VALLEY BL,99999999999999999999,0000000,34.04861389,-117.8128111,2,1
6,109,1,29,17,57,2,2,0,0,2,3,0,12,2,2,1,1,2,45,1,1,2,1,20,3,3,1,0,0,99,99,99,99,99,99,0,0,0,0,1,5,0,60122,0,2009,165,SR-108,SR-49,0000000,37.96523889,-120.3936389,2,1
6,37,1,9,13,50,1,3,2,0,13,4,0,8,0,3,1,2,3,40,1,1,2,1,3,3,1,1,0,0,99,99,99,99,99,99,0,0,0,0,1,6,0,60123,0,2009,0,EL SEGUNDO BL,AVALON BL,0000000,33.91642778,-118.2652917,1,1
6,19,1,18,2,39,1,2,0,0,13,6,0,29,0,1,4,3,3,45,1,1,2,1,0,0,3,1,0,0,99,99,99,99,99,99,0,0,0,0,1,1,1,60124,1370,2009,0,FRIANT RD,99999999999999999999,0000000,36.85435833,-119.7885583,1,1
6,5,1,18,4,15,1,1,0,1,2,3,0,42,0,1,4,1,2,55,2,2,2,1,0,0,2,1,0,0,99,99,99,99,99,99,0,0,0,0,1,1,0,60125,0,2009,91,SR-88,99999999999999999999,0000000,38.34403889,-120.8805611,1,1
6,85,1,19,7,59,1,2,1,0,13,6,0,8,0,1,1,5,3,35,1,1,2,1,0,0,1,1,0,0,99,99,99,99,99,99,0,0,0,0,1,2,0,60126,3340,2009,0,SENTER RD,99999999999999999999,0000000,37.29628889,-121.8362,1,1
6,1,1,19,14,57,1,4,1,0,14,6,0,8,0,1,1,2,2,35,1,1,2,1,0,0,1,1,0,0,99,99,99,99,99,99,0,0,0,0,1,2,0,60127,1364,2009,0,FREMONT BL,99999999999999999999,0000000,37.53188056,-121.9589806,1,1
6,65,1,26,5,50,2,3,0,0,4,4,0,12,2,1,1,1,2,55,2,1,2,1,0,0,2,1,0,0,99,99,99,99,99,99,0,0,0,0,1,2,0,60128,0,2009,0,EL SOBRANTE RD,99999999999999999999,0000000,33.83863889,-117.3680306,2,1
6,1,1,26,15,0,1,1,0,1,11,1,0,52,0,1,4,3,4,65,1,1,2,1,0,0,1,1,0,0,99,99,99,99,99,99,0,0,0,0,1,2,0,60129,2480,2009,406,I-580,99999999999999999999,0000000,37.79206944,-122.2031111,1,1
6,75,1,26,18,6,1,2,1,0,13,6,0,8,0,3,1,2,3,35,1,1,2,1,20,3,3,1,0,0,99,99,99,99,99,99,0,0,0,0,1,2,0,60130,3290,2009,0,SUNSET BL,SANTIAGO ST,0000000,37.744075,-122.49465,1,1
6,37,1,26,20,46,1,1,0,0,15,6,0,33,0,1,4,1,4,40,1,1,2,1,0,0,3,1,0,0,99,99,99,99,88,88,0,0,0,0,1,2,1,60131,2870,2009,0,TOWNE AVE,99999999999999999999,0000000,34.03680833,-117.7406639,1,1
6,37,1,27,13,0,3,3,0,1,11,1,0,12,7,1,1,3,6,65,1,1,1,1,0,0,1,1,0,0,99,99,99,99,99,99,0,0,0,0,1,3,0,60132,2700,2009,262,I-210,99999999999999999999,0000000,34.152025,-118.1341611,3,1
6,37,1,27,13,10,3,3,0,0,13,6,0,12,5,2,1,1,6,35,1,1,2,1,3,3,1,1,0,0,99,99,13,18,99,99,0,0,0,0,1,3,0,60133,1980,2009,0,LA BREA AVE,OLYMPIC BL,0000000,34.05726389,-118.3459111,3,1
6,83,1,27,17,57,1,4,1,0,13,3,0,8,0,1,1,5,4,40,1,1,2,1,0,0,3,1,0,0,99,99,99,99,99,99,0,0,0,0,1,3,0,60134,3460,2009,174,SR-135,99999999999999999999,0000000,34.97658056,-120.43555,1,1
6,19,1,27,18,31,1,3,1,0,14,4,0,8,0,1,1,2,2,50,1,1,2,1,0,0,2,1,0,0,99,99,99,99,99,99,0,0,0,0,1,3,0,60135,1370,2009,0,GOLDEN STATE BL,99999999999999999999,0000000,36.76931389,-119.8370389,1,1
6,59,2,1,1,31,2,2,0,0,13,3,0,12,5,2,1,2,3,45,1,2,2,1,3,3,3,1,0,0,99,99,99,99,99,99,0,0,0,0,1,1,1,60136,1790,2009,192,SR-39,BEACH BL,0000000,33.93196667,-117.9679306,2,1
6,73,1,1,2,53,2,2,1,0,4,4,0,14,1,1,6,1,2,45,2,1,2,2,40,3,2,5,0,0,99,99,99,99,99,99,0,0,0,0,1,5,1,60137,0,2009,0,EL CAMINO REAL,99999999999999999999,0000000,33.01058333,-117.2400917,1,5
6,17,1,25,9,0,1,1,0,1,12,2,0,34,0,1,5,3,2,65,1,2,1,2,0,0,1,2,0,0,99,99,99,99,88,88,0,0,0,0,1,1,0,60138,0,2009,32,US-50,99999999999999999999,0000000,38.65547222,-121.0313444,1,2
6,43,1,25,11,25,2,4,0,1,2,3,0,12,5,1,1,1,2,55,2,3,2,2,0,0,1,2,0,0,99,99,99,99,99,99,0,0,0,0,1,1,0,60139,0,2009,22,SR-41,99999999999999999999,0000000,37.46403056,-119.6452389,2,2
6,39,1,28,4,50,2,2,0,0,2,3,0,12,2,1,1,1,2,55,2,1,1,1,0,0,2,1,0,0,99,99,99,99,99,99,0,0,0,0,1,4,1,60140,0,2009,3,SR-59,99999999999999999999,0000000,37.08328056,-120.4927,2,1
6,9,1,28,6,40,1,2,1,0,4,4,0,8,0,2,1,1,2,55,1,2,2,1,0,0,4,1,0,0,99,99,99,99,99,99,0,0,0,0,1,4,0,60141,0,2009,0,S CAMANCHE PKWY,LAKE CAMANCHE LN,0000000,38.20205556,-120.8853056,1,1
6,107,1,28,15,0,4,4,0,0,2,3,0,12,5,2,1,1,2,55,1,1,1,1,3,3,1,1,0,0,99,99,99,99,99,99,0,0,0,0,1,4,1,60142,0,2009,205,SR-137,ROAD 140,0000000,36.21096667,-119.260275,4,1
6,75,1,28,18,0,2,3,0,0,13,6,0,12,5,2,1,2,3,40,1,1,2,1,20,3,1,1,0,0,99,99,99,99,99,99,0,0,0,0,1,4,0,60143,3290,2009,0,SLOAT BL,23RD AVE,0000000,37.73445833,-122.4793722,2,1
6,37,1,3,23,15,2,4,1,1,12,3,0,8,0,1,1,3,5,65,1,1,1,1,0,0,3,1,0,0,99,99,99,99,88,88,0,0,0,0,1,7,0,60144,1980,2009,166,SR-170,99999999999999999999,0000000,34.18282778,-118.3980806,2,1
6,13,1,9,0,10,2,2,0,1,11,1,0,12,1,1,1,3,4,65,1,1,2,1,0,0,2,1,0,0,99,99,99,99,88,88,0,0,0,0,1,6,1,60145,3400,2009,49,I-80,99999999999999999999,0000000,37.96356667,-122.3271306,2,1
6,29,1,9,11,25,2,3,0,0,4,4,0,12,2,1,1,1,2,55,1,1,2,1,0,0,1,1,0,0,99,99,99,99,88,88,0,0,0,0,3,6,1,60146,0,2009,0,HOUGHTON RD,99999999999999999999,0000000,35.23790833,-119.0400722,2,1
6,65,1,9,14,10,1,1,0,0,2,3,0,24,0,1,4,1,2,55,2,2,1,1,0,0,1,1,0,0,99,99,99,99,99,99,0,0,0,0,1,6,0,60147,0,2009,45,SR-74,99999999999999999999,0000000,33.61261111,-117.4266111,1,1
6,75,1,16,7,24,2,6,0,0,13,6,0,12,7,1,1,1,4,35,1,2,2,1,0,0,1,1,0,0,99,99,99,99,99,99,1,0,0,0,1,6,0,60148,3290,2009,0,BAYSHORE BL,99999999999999999999,0000000,37.73629167,-122.4067667,2,1
6,37,1,20,5,40,1,2,1,0,3,4,0,8,0,1,1,5,6,40,1,1,2,1,0,0,3,1,0,0,99,99,99,99,88,88,0,0,0,0,1,3,0,60149,0,2009,0,EL SEGUNDO BL,99999999999999999999,0000000,33.91636944,-118.2602694,1,1
6,37,2,1,4,15,2,5,0,1,11,1,0,12,1,1,1,3,5,65,1,1,1,1,0,0,2,1,0,0,99,99,99,99,99,99,0,23,19,0,1,1,1,60150,30,2009,241,I-10,99999999999999999999,0000000,34.04178333,-118.071675,2,1