STATE,COUNTY,MONTH,DAY,HOUR,MINUTE,VE_TOTAL,PERSONS,PEDS,NHS,ROAD_FNC,ROUTE,SP_JUR,HARM_EV,MAN_COLL,REL_JUNC,REL_ROAD,TRAF_FLO,NO_LANES,SP_LIMIT,ALIGNMNT,PROFILE,PAVE_TYP,SUR_COND,TRA_CONT,T_CONT_F,LGT_COND,WEATHER1,WEATHER2,WRK_ZONE,NOT_HOUR,NOT_MIN,ARR_HOUR,ARR_MIN,HOSP_HR,HOSP_MN,SCH_BUS,CF1,CF2,CF3,FATALS,DAY_WEEK,DRUNK_DR,ST_CASE,CITY,YEAR,MILEPT,TWAY_ID,TWAY_ID2,RAIL,LATITUDE,LONGITUD,VE_FORMS,WEATHER
6,5,2,1,8,51,3,4,0,1,2,3,0,1,0,1,1,1,3,55,2,3,2,2,0,0,1,1,0,1,99,99,99,99,99,99,0,0,0,0,1,1,0,60151,0,2009,244,SR-88,99999999999999999999,0000000,38.4038,-120.6416194,3,1
6,19,2,1,12,59,2,11,0,1,2,3,0,12,5,2,1,2,2,65,1,1,1,1,20,3,1,1,0,0,99,99,99,99,99,99,0,0,0,0,1,1,0,60152,0,2009,121,SR-41,FLORAL AVE,0000000,36.57625,-119.7858306,2,1
6,115,2,1,15,24,2,6,0,0,14,6,0,12,1,1,1,1,2,55,1,1,2,1,0,0,1,1,0,0,99,99,99,99,99,99,0,0,0,0,1,1,0,60153,2100,2009,0,SIMPSON LN,99999999999999999999,0000000,39.13624444,-121.5527722,2,1
6,65,2,1,17,18,1,1,0,0,3,4,0,33,0,1,4,1,2,55,1,2,2,1,0,0,2,1,0,0,99,99,99,99,88,88,0,0,0,0,1,1,1,60154,0,2009,0,DILLON RD,99999999999999999999,0000000,33.7896,-116.1812806,1,1
6,85,2,1,17,35,2,2,0,0,16,6,0,7,0,1,1,1,2,25,2,1,2,1,0,0,5,1,0,0,99,99,99,99,99,99,0,4,0,0,1,1,0,60155,3340,2009,0,LYONCROSS WY,99999999999999999999,0000000,37.24626111,-121.8270528,1,1
6,37,2,1,18,0,1,6,0,1,11,1,0,25,0,1,3,3,5,65,2,1,1,1,0,0,5,1,0,0,99,99,99,99,99,99,0,0,0,0,1,1,1,60156,4190,2009,156,I-605,99999999999999999999,0000000,34.01511944,-118.0554306,1,1
6,37,2,2,1,25,2,8,0,0,14,6,0,12,5,2,1,1,6,35,1,1,2,1,3,3,2,1,0,0,99,99,99,99,99,99,0,0,0,0,1,2,1,60157,1980,2009,0,MANCHESTER AVE,MAIN ST,0000000,33.96014444,-118.300975,2,1
6,67,2,2,5,40,1,3,2,0,13,6,0,8,0,1,1,2,2,40,1,2,2,1,0,0,3,1,0,0,99,99,99,99,99,99,0,0,0,0,1,2,0,60158,712,2009,0,SUNRISE BL,99999999999999999999,0000000,38.69535833,-121.2717083,1,1
6,73,2,2,18,38,1,1,0,0,4,4,0,27,0,1,4,1,2,55,2,1,2,1,0,0,1,1,0,0,99,99,99,99,88,88,0,0,0,0,1,2,1,60159,0,2009,0,HONEY SPRINGS RD,99999999999999999999,0000000,32.66546389,-116.7954833,1,1
6,99,2,3,20,34,1,2,1,0,16,6,0,33,0,1,4,1,2,45,2,1,2,1,0,0,3,1,0,0,99,99,99,99,99,99,0,0,0,0,1,3,1,60160,640,2009,0,ROCKEFELLER DR,99999999999999999999,0000000,37.59993611,-120.9704389,1,1
6,83,1,29,18,0,2,3,0,0,3,4,0,12,1,3,1,1,2,55,1,1,2,1,20,3,2,1,0,0,99,99,99,99,99,99,0,0,0,0,1,5,1,60161,0,2009,0,BETTERAVIA RD,BLACK RD,0000000,34.92084444,-120.4905361,2,1
6,97,1,29,20,0,1,2,0,0,5,4,0,35,0,1,4,1,2,45,2,2,2,1,0,0,2,1,0,0,99,99,99,99,88,88,0,0,0,0,2,5,1,60162,0,2009,0,LAGUNA RD,99999999999999999999,0000000,38.46535,-122.8490361,1,1
6,107,1,29,20,18,2,2,0,0,2,3,0,12,5,2,1,1,2,55,1,1,2,1,20,3,2,1,0,0,99,99,99,99,99,99,0,0,0,0,1,5,0,60163,0,2009,130,SR-201,ROAD 21,0000000,36.51591389,-119.3047,2,1
6,53,1,29,23,28,1,1,0,0,12,3,0,25,0,1,3,3,2,65,2,1,2,1,0,0,2,1,0,0,99,99,99,99,88,88,0,0,0,0,1,5,0,60164,2250,2009,775,SR-1,99999999999999999999,0000000,36.59251389,-121.8795778,1,1
6,37,1,30,6,5,1,2,1,0,16,6,0,8,0,3,1,5,2,35,1,1,2,1,0,0,3,1,0,0,99,99,99,99,99,99,0,0,0,0,1,6,0,60165,1980,2009,0,FRANK MODUGNO DR,VILLAGE WY DR,0000000,34.29315833,-118.4497889,1,1
6,65,1,30,23,0,2,2,0,1,12,3,0,18,0,1,1,3,5,65,1,1,1,1,0,0,2,1,0,0,99,99,99,99,88,88,0,0,0,0,1,6,1,60166,850,2009,56,SR-91,99999999999999999999,0000000,33.88160278,-117.5795889,2,1
6,73,1,31,2,15,1,2,0,1,11,1,0,20,0,15,8,3,4,65,1,1,1,1,0,0,3,1,0,0,99,99,99,99,88,88,0,0,0,0,2,7,1,60167,3260,2009,106,I-15,99999999999999999999,0000000,32.84238611,-117.1209528,1,1
6,37,1,31,9,28,1,2,0,1,11,1,0,39,0,1,4,3,6,65,1,1,1,1,0,0,1,1,0,0,99,99,99,99,99,99,0,0,0,0,1,7,0,60168,1980,2009,439,I-10,99999999999999999999,0000000,34.072675,-117.784425,1,1
6,27,1,31,10,55,1,1,0,0,6,4,1,35,0,1,4,1,2,45,2,2,2,1,0,0,1,1,0,0,99,99,99,99,88,88,0,0,0,0,1,7,0,60169,0,2009,0,BADWATER RD,99999999999999999999,0000000,36.01911389,-116.7499917,1,1
6,87,1,31,14,37,1,1,0,0,16,6,0,33,0,1,4,1,2,25,1,1,2,1,0,0,1,1,0,0,99,99,99,99,88,88,0,0,0,0,1,7,0,60170,3450,2009,0,PARK WY,99999999999999999999,0000000,36.98701111,-121.9966139,1,1
6,73,1,31,16,30,1,1,0,0,4,4,0,33,0,1,4,1,2,50,1,2,2,1,0,0,1,1,0,0,99,99,99,99,88,88,0,0,0,0,1,7,0,60171,0,2009,0,W LILAC RD,99999999999999999999,0000000,33.29966944,-117.1479889,1,1
6,47,2,4,3,17,1,4,1,1,2,3,0,8,0,1,1,2,2,65,1,1,1,1,0,0,2,1,0,0,99,99,99,99,88,88,0,0,0,0,1,4,0,60172,0,2009,69,SR-152,99999999999999999999,0000000,37.05490278,-120.7012944,1,1
6,31,2,4,23,10,2,3,0,0,3,4,0,12,2,1,1,1,2,55,1,1,2,1,0,0,2,1,0,0,99,99,99,99,99,99,0,0,0,0,2,4,0,60173,0,2009,0,AVENAL CUTOFF RD,99999999999999999999,0000000,36.14768889,-119.9986694,2,1
6,33,2,4,19,55,1,3,1,0,6,4,0,9,0,1,1,1,2,55,1,1,1,1,0,0,2,1,0,0,99,99,99,99,99,99,0,0,0,0,1,4,1,60174,0,2009,0,MANZANITA DR,99999999999999999999,0000000,39.12306111,-122.8438889,1,1
6,19,2,5,0,53,1,1,0,0,6,4,0,53,0,1,4,1,2,35,1,1,2,1,0,0,2,1,0,0,99,99,99,99,88,88,0,0,0,0,1,5,1,60175,0,2009,0,ELM AVE,99999999999999999999,0000000,36.64426944,-119.7908889,1,1
6,17,1,2,16,40,2,3,0,0,2,3,0,12,2,1,1,1,2,50,2,1,2,2,0,0,5,2,5,0,99,99,99,99,99,99,0,0,0,0,1,6,1,60176,0,2009,15,SR-193,99999999999999999999,0000000,38.89703889,-120.9906611,2,2
6,1,1,3,8,5,1,1,0,0,14,6,0,46,0,3,4,2,2,35,1,1,2,1,3,3,4,1,0,0,99,99,99,99,99,99,0,0,0,0,1,7,0,60177,2370,2009,0,CEDAR BL,N MAGAZINE RD,0000000,37.52351389,-122.0049361,1,1
6,81,1,7,10,52,2,2,0,0,15,6,0,12,5,2,1,2,2,35,1,1,2,1,20,3,1,1,0,0,99,99,99,99,99,99,0,0,0,0,1,4,0,60178,3730,2009,0,FORBES BL,CARLTON CT,0000000,37.65673333,-122.3929833,2,1
6,61,1,9,0,29,1,1,0,0,15,6,0,33,0,1,4,2,2,40,2,1,2,2,0,0,3,5,0,0,99,99,99,99,88,88,0,0,0,0,1,6,1,60179,1890,2009,0,NICOLAUS RD,99999999999999999999,0000000,38.89721944,-121.3214,1,5
6,37,1,10,5,30,1,3,1,1,11,1,0,8,0,1,1,3,5,65,1,1,1,1,0,0,2,1,0,0,99,99,99,99,88,88,0,19,0,0,1,7,0,60180,2870,2009,459,I-10,99999999999999999999,0000000,34.07436111,-117.7511889,1,1
6,59,1,10,23,29,1,2,1,0,12,3,0,8,0,1,1,3,7,65,1,1,2,1,0,0,3,1,0,0,99,99,99,99,88,88,0,0,0,0,1,7,0,60181,80,2009,53,SR-57,99999999999999999999,0000000,33.84543333,-117.8762417,1,1
6,37,1,23,18,57,2,3,0,0,15,6,0,12,5,2,1,1,4,40,1,1,1,2,3,3,3,2,0,0,99,99,99,99,99,99,0,0,0,0,1,6,0,60182,890,2009,0,ROWLAND ST,2ND ST,0000000,34.07904444,-117.8878889,2,2
6,81,1,23,20,15,1,2,1,0,14,6,0,8,0,1,1,1,3,35,1,1,2,2,0,0,3,2,0,0,99,99,20,22,99,99,0,0,0,0,1,6,0,60183,3390,2009,0,PENINSULA AVE,99999999999999999999,0000000,37.57796944,-122.3381194,1,2
6,71,1,24,0,33,4,5,0,0,14,6,0,12,5,2,1,1,4,35,1,1,2,2,3,3,3,2,0,0,99,99,99,99,99,99,0,20,0,0,1,7,1,60184,3210,2009,0,W MT VERNON RD,W BASELINE ST,0000000,34.12133333,-117.3138389,4,2
6,37,1,24,6,25,2,2,0,1,11,1,0,12,1,1,1,3,6,65,1,1,1,1,0,0,4,1,0,0,99,99,99,99,88,88,0,23,0,0,1,7,1,60185,2458,2009,89,I-605,99999999999999999999,0000000,33.9311,-118.1018889,2,1
6,17,1,28,7,59,1,1,0,1,2,2,0,17,0,1,4,1,4,55,2,1,2,4,0,0,1,1,0,0,99,99,99,99,99,99,0,0,0,0,1,4,0,60186,0,2009,443,US-50,99999999999999999999,0000000,38.76726944,-120.3727778,1,1
6,59,1,3,12,57,2,4,0,1,12,3,0,12,7,1,1,3,6,65,1,1,1,1,0,0,1,1,0,0,99,99,99,99,99,99,0,0,0,0,1,7,1,60187,2560,2009,175,SR-57,99999999999999999999,0000000,33.79020556,-117.8803833,2,1
6,71,1,16,7,2,2,3,0,0,13,6,0,12,2,1,1,1,4,45,1,1,2,1,0,0,1,1,0,0,99,99,99,99,99,99,0,0,0,0,1,6,0,60188,2960,2009,0,ORANGE ST,99999999999999999999,0000000,34.08064722,-117.1823972,2,1
6,31,1,31,19,15,1,1,0,0,16,6,0,1,0,1,6,1,2,35,1,1,2,1,0,0,2,1,0,0,99,99,99,99,99,99,0,0,0,0,1,7,0,60189,1880,2009,0,BELLHAVEN DR,99999999999999999999,0000000,36.29330278,-119.8104583,1,1
6,31,1,31,19,30,1,1,0,0,6,4,0,1,0,1,2,1,2,55,1,1,2,1,0,0,2,1,0,0,99,99,99,99,88,88,0,0,0,0,1,7,1,60190,0,2009,0,15TH AVE,99999999999999999999,0000000,36.13517222,-119.7341528,1,1
6,73,2,1,0,45,1,1,0,1,11,1,0,41,0,1,4,3,4,65,1,2,1,1,0,0,2,5,0,0,99,99,99,99,88,88,0,0,0,0,1,1,1,60191,3260,2009,28,I-805,99999999999999999999,0000000,32.58195,-117.037225,1,5
6,19,2,6,9,55,1,1,0,0,12,3,0,33,0,13,4,6,3,65,1,2,2,2,0,0,1,1,0,0,99,99,99,99,88,88,0,0,0,0,1,6,0,60192,1370,2009,239,SR-41 RAMP,99999999999999999999,0000000,36.74458333,-119.7763389,1,1
6,85,2,6,12,30,1,1,0,1,11,1,0,42,0,1,4,3,5,65,1,1,1,2,0,0,1,2,0,0,99,99,99,99,88,88,0,0,0,0,1,6,0,60193,3340,2009,45,I-680,99999999999999999999,0000000,37.39208333,-121.8707806,1,2
6,37,2,7,0,40,1,4,0,1,12,2,0,52,0,1,4,3,4,55,1,2,2,2,0,0,3,1,0,0,99,99,99,99,99,99,0,0,0,0,1,7,1,60194,1980,2009,6,US-101,99999999999999999999,0000000,34.053725,-118.2359778,1,1
6,73,2,7,17,8,1,3,0,0,14,6,0,33,0,2,4,1,4,35,1,1,1,2,3,3,1,2,0,0,99,99,99,99,99,99,0,0,0,0,1,7,1,60195,4060,2009,0,S SANTA FE AVE,GUAJOME ST,0000000,33.19746111,-117.2398444,1,2
6,77,2,7,18,28,1,7,1,0,5,4,0,8,0,1,1,1,2,55,1,1,2,1,0,0,2,1,0,0,99,99,99,99,88,88,0,0,0,0,1,7,0,60196,0,2009,0,THORNTON RD,99999999999999999999,0000000,38.17785278,-121.3995694,1,1
6,67,1,28,20,18,1,2,1,0,13,6,0,18,0,3,1,4,2,30,1,1,2,1,29,3,3,1,0,0,99,99,99,99,99,99,0,0,0,0,1,4,0,60197,3150,2009,0,21ST ST,O ST,0000000,38.57076667,-121.4810333,1,1
6,73,1,28,22,16,1,1,0,0,15,6,0,38,0,1,5,1,2,40,2,1,2,1,40,3,3,1,0,0,99,99,99,99,99,99,0,0,0,0,1,4,0,60198,4060,2009,0,THIBODO RD,99999999999999999999,0000000,33.180825,-117.2311389,1,1
6,103,1,28,99,99,1,1,0,0,6,4,0,31,0,1,5,1,2,55,2,1,2,1,0,0,2,1,0,0,99,99,99,99,88,88,0,18,0,0,1,4,0,60199,0,2009,0,68TH AVE,99999999999999999999,0000000,40.11260833,-122.1089167,1,1
6,37,1,31,8,40,1,1,0,0,13,6,0,42,0,1,3,2,2,40,1,1,2,1,0,0,1,1,0,0,99,99,99,99,99,99,0,0,0,0,1,7,0,60200,1980,2009,0,BRAND BL,99999999999999999999,0000000,34.27331944,-118.4512417,1,1
6,67,1,31,21,41,1,3,0,1,12,3,0,42,0,1,4,3,2,65,1,1,2,1,0,0,2,1,0,0,99,99,99,99,99,99,0,0,0,0,1,7,0,60201,1108,2009,117,SR-99,99999999999999999999,0000000,38.39185833,-121.3772972,1,1
6,1,2,2,8,30,3,4,0,1,1,1,0,12,7,1,1,3,2,55,1,1,1,1,0,0,1,1,0,0,99,99,99,99,88,88,0,0,0,0,1,2,0,60202,0,2009,139,I-238,99999999999999999999,0000000,37.69061389,-122.0951417,3,1
6,37,2,2,9,50,1,2,1,0,13,6,0,8,0,3,1,1,4,35,1,1,2,1,0,0,1,1,0,0,99,99,99,99,99,99,0,0,0,0,1,2,0,60203,1980,2009,0,AVALON BL,G ST,0000000,33.77850556,-118.2623611,1,1
6,59,2,2,12,23,1,1,0,0,16,6,0,33,0,1,4,1,2,25,1,1,2,1,0,0,1,1,0,0,99,99,99,99,99,99,0,0,0,0,1,2,0,60204,1660,2009,0,TYEE DR,99999999999999999999,0000000,33.72739722,-118.0073417,1,1
6,59,2,2,15,45,3,3,0,1,12,3,0,25,0,1,3,3,5,65,1,1,1,1,0,0,1,1,0,0,99,99,99,99,99,99,0,0,0,0,1,2,0,60205,1410,2009,80,SR-22,99999999999999999999,0000000,33.76826667,-117.91875,3,1
6,61,2,2,17,40,1,2,1,1,11,1,0,9,0,13,1,6,2,65,1,1,2,1,0,0,5,1,0,2,99,99,99,99,88,88,0,0,0,0,1,2,0,60206,3110,2009,2,I-80 RAMP,99999999999999999999,0000000,38.72606667,-121.2907778,1,1
6,37,2,2,18,5,2,2,0,0,13,6,0,12,5,1,1,5,4,35,1,1,2,1,0,0,3,9,0,0,99,99,99,99,99,99,0,0,0,0,1,2,0,60207,1980,2009,0,LAUREL CYN BL,99999999999999999999,0000000,34.27118056,-118.4453139,2,9
6,29,2,8,19,3,3,3,0,0,2,3,0,12,8,1,1,1,2,55,1,1,2,1,0,0,2,1,0,0,99,99,99,99,99,99,0,0,0,0,1,1,1,60208,0,2009,173,SR-223,99999999999999999999,0000000,35.20884444,-118.8912528,3,1
6,37,2,8,19,32,3,4,0,1,2,3,0,12,1,1,1,3,5,65,1,1,1,1,0,0,2,1,0,0,99,99,99,99,99,99,0,23,0,0,1,1,0,60209,0,2009,2,SR-57,99999999999999999999,0000000,33.94901944,-117.8660917,3,1
6,65,2,10,17,30,1,1,0,0,14,4,0,42,0,1,3,2,2,45,1,1,2,1,0,0,1,1,0,0,99,99,99,99,88,88,0,0,0,0,1,3,0,60210,0,2009,0,MISSION BL,99999999999999999999,0000000,34.00712222,-117.4269972,1,1
6,37,2,11,16,15,4,7,0,1,11,1,0,12,7,1,1,3,6,65,1,1,1,1,0,0,1,1,0,0,99,99,99,99,88,88,0,0,0,0,1,4,0,60211,1980,2009,437,I-5,99999999999999999999,0000000,34.31001389,-118.4858333,4,1
6,47,1,18,16,55,1,1,0,0,4,4,0,38,0,1,4,1,2,55,1,1,2,1,0,0,1,1,0,0,99,99,99,99,88,88,0,0,0,0,1,1,1,60212,0,2009,0,BELLEVUE RD,99999999999999999999,0000000,37.36101667,-120.508775,1,1
6,37,1,22,2,30,1,1,0,0,16,6,0,33,0,1,4,1,2,25,1,1,5,1,0,0,2,1,0,0,99,99,99,99,99,99,0,0,0,0,1,5,1,60213,1840,2009,0,AVENUE L-4,99999999999999999999,0000000,34.65662778,-118.1746028,1,1
6,37,1,22,8,20,1,2,1,0,14,6,0,8,0,1,1,5,3,40,1,1,2,2,0,0,1,2,0,0,99,99,99,99,99,99,0,0,0,0,1,5,0,60214,1980,2009,0,CORBIN AVE,99999999999999999999,0000000,34.23325278,-118.5623194,1,2
6,67,1,23,9,49,1,2,1,0,4,4,0,8,0,1,1,5,2,40,1,1,2,1,0,0,1,1,0,0,99,99,99,99,99,99,0,0,0,0,1,6,0,60215,0,2009,0,STOCKTON BL,99999999999999999999,0000000,38.47791667,-121.4206417,1,1
6,73,1,23,12,0,2,2,0,0,14,6,0,12,2,1,1,1,2,50,2,2,2,2,0,0,1,1,0,0,99,99,99,99,99,99,0,0,0,0,1,6,1,60216,2904,2009,0,POWAY RD,99999999999999999999,0000000,32.97752778,-116.9895028,2,1
6,67,1,16,17,30,1,2,1,0,14,6,0,8,0,1,1,2,2,40,1,1,2,1,0,0,3,1,0,0,99,99,99,99,99,99,0,0,0,0,1,6,0,60217,2934,2009,0,COLOMA RD,99999999999999999999,0000000,38.58995556,-121.3033639,1,1
6,71,1,17,7,50,2,3,0,1,11,1,0,12,7,1,1,3,5,65,1,1,1,1,0,0,1,1,0,0,99,99,99,99,99,99,0,0,0,0,1,7,1,60218,2922,2009,34,I-15,99999999999999999999,0000000,33.87884167,-117.5465,2,1
6,81,1,21,22,46,1,2,1,0,16,6,0,8,0,3,1,1,4,30,1,1,2,2,20,3,2,2,0,0,99,99,99,99,88,88,0,0,0,0,1,4,0,60219,2980,2009,0,JEFFERSON AVE,TOPAZ ST,0000000,37.47047778,-122.2452278,1,2
6,37,2,2,18,25,1,2,1,0,13,6,0,8,0,3,1,5,6,35,1,1,2,1,29,3,3,1,0,0,99,99,99,99,99,99,0,0,0,0,1,2,0,60220,1980,2009,0,LA BREA AVE,ST ELMO DR,0000000,34.04418611,-118.3460472,1,1
6,67,2,3,22,47,2,2,0,0,6,4,0,12,1,1,1,1,2,30,1,2,2,1,0,0,3,1,0,0,99,99,99,99,99,99,0,20,0,0,1,3,1,60221,0,2009,0,CHESTNUT AVE,99999999999999999999,0000000,38.68556944,-121.2113889,2,1
6,73,2,3,22,50,1,3,2,1,1,1,0,8,0,1,1,2,4,70,1,1,1,1,0,0,2,1,0,0,99,99,99,99,99,99,0,19,23,0,1,3,0,60222,0,2009,402,I-15,99999999999999999999,0000000,33.24328056,-117.1513361,1,1
6,97,2,14,2,22,2,4,0,0,12,3,0,12,5,2,1,1,3,55,1,1,2,2,3,3,3,1,0,0,99,99,99,99,99,99,0,0,0,0,1,7,2,60223,0,2009,336,SR-116,STONY POINT RD,0000000,38.33452778,-122.7384222,2,1
6,37,2,14,3,5,1,4,0,1,1,1,0,24,0,1,4,3,4,65,1,1,1,4,0,0,2,1,0,0,99,99,99,99,99,99,0,0,0,0,1,7,0,60224,0,2009,740,I-5,99999999999999999999,0000000,34.66261667,-118.7580444,1,1
6,13,2,14,3,10,1,1,0,1,12,3,0,52,0,1,4,3,3,65,1,1,1,2,0,0,3,1,0,0,99,99,99,99,88,88,0,0,0,0,1,7,1,60225,0,2009,299,SR-4,99999999999999999999,0000000,37.99291667,-121.7685972,1,1
6,73,2,14,11,34,2,3,0,0,2,3,0,1,0,1,1,1,2,55,2,1,2,1,0,0,1,1,0,0,99,99,99,99,88,88,0,0,0,0,1,7,0,60226,0,2009,132,SR-76,99999999999999999999,0000000,33.30276111,-117.2160194,2,1
6,113,1,23,5,35,1,1,0,1,11,1,0,1,0,1,1,3,3,65,1,1,2,2,0,0,3,1,0,0,99,99,99,99,88,88,0,0,0,0,1,6,0,60227,4163,2009,92,I-80,99999999999999999999,0000000,38.57323056,-121.5812611,1,1
6,89,1,23,14,0,2,4,0,0,2,3,0,12,5,1,1,5,2,55,1,1,2,1,0,0,1,1,0,0,99,99,99,99,99,99,0,0,0,0,1,6,0,60228,0,2009,934,SR-299,99999999999999999999,0000000,41.02744722,-121.421575,2,1
6,65,2,3,4,0,1,2,0,1,12,3,0,7,0,1,1,3,5,65,1,1,1,1,0,0,2,1,0,0,99,99,99,99,99,99,0,0,0,0,1,3,0,60229,850,2009,16,SR-91,99999999999999999999,0000000,33.88011944,-117.6540806,1,1
6,79,2,2,23,18,1,1,0,0,14,6,0,42,0,1,4,1,2,40,1,1,2,1,0,0,3,1,0,0,99,99,99,99,88,88,0,0,0,0,1,2,1,60230,2705,2009,0,CHAROLAIS RD,99999999999999999999,0000000,35.60414167,-120.67285,1,1
6,73,2,8,23,58,1,1,0,0,4,4,0,17,0,1,4,1,2,45,2,1,2,2,0,0,2,2,0,0,99,99,99,99,88,88,0,0,0,0,1,1,1,60231,0,2009,0,PALA TEMECULA RD,99999999999999999999,0000000,33.42205833,-117.0885083,1,2
6,65,1,5,19,26,1,2,0,0,15,6,0,1,0,2,1,1,3,55,1,1,1,1,0,0,2,1,0,0,99,99,99,99,99,99,0,0,0,0,1,2,1,60232,3786,2009,0,MENIFEE RD,SIMPSON RD,0000000,33.707425,-117.1523778,1,1
6,37,1,7,10,40,5,9,0,0,14,6,0,12,1,3,1,2,2,35,1,1,2,1,3,3,1,1,0,0,99,99,99,99,99,99,0,0,0,0,1,4,0,60233,1980,2009,0,PLUMMER ST,PETIT AVE,0000000,34.24299722,-118.4981278,4,1
6,37,1,30,19,35,1,2,1,0,3,4,0,8,0,1,1,1,4,35,1,1,2,1,0,0,3,1,0,0,99,99,99,99,99,99,0,0,0,0,1,6,0,60234,0,2009,0,MEDNIK AVE,99999999999999999999,0000000,34.03906944,-118.1618889,1,1
6,79,2,5,9,59,2,2,0,0,2,3,0,12,1,3,1,3,2,65,1,1,2,2,3,3,1,1,0,0,99,99,99,99,99,99,0,0,0,0,1,5,0,60235,0,2009,209,SR-1,KANSAS AVE,0000000,35.32100833,-120.7167444,2,1
6,37,2,5,16,55,2,4,0,0,13,6,0,12,5,1,1,1,4,40,1,1,2,6,0,0,1,2,0,0,99,99,99,99,99,99,0,5,0,0,2,5,0,60236,1980,2009,0,OSBORNE ST,99999999999999999999,0000000,34.27020556,-118.3981778,2,2
6,37,2,5,18,40,1,2,1,0,14,4,0,8,0,3,1,1,4,35,1,1,1,2,28,3,2,1,0,0,99,99,99,99,99,99,0,0,0,0,1,5,0,60237,0,2009,0,MEDNIK AVE,FISHER ST,0000000,34.04341389,-118.1619917,1,1
6,15,2,5,18,56,2,3,0,1,2,2,0,35,0,1,4,3,1,55,2,2,2,2,40,3,2,2,0,0,99,99,99,99,88,88,0,0,0,0,1,5,0,60238,0,2009,212,US-101,99999999999999999999,0000000,41.70591944,-124.1283417,2,2
6,77,2,5,20,48,1,2,1,0,4,4,0,8,0,1,1,1,2,55,1,1,2,2,0,0,2,1,0,0,99,99,99,99,99,99,0,0,0,0,1,5,0,60239,0,2009,0,HARNEY LN,99999999999999999999,0000000,38.10133333,-121.2291306,1,1
6,73,2,6,2,0,1,2,0,0,4,4,0,33,0,1,4,2,2,45,2,1,2,2,0,0,3,1,0,0,99,99,99,99,99,99,0,0,0,0,1,6,1,60240,0,2009,0,WILLOW GLEN DR,99999999999999999999,0000000,32.78447778,-116.8894444,1,1
6,37,2,6,2,6,1,1,0,0,14,6,0,33,0,15,4,2,3,35,1,1,2,2,0,0,3,1,0,0,99,99,99,99,88,88,0,0,0,0,1,6,1,60241,1970,2009,0,2ND ST,99999999999999999999,0000000,33.75645833,-118.1177694,1,1
6,37,2,6,4,2,1,1,0,0,13,3,0,33,0,1,4,1,4,35,1,1,2,2,0,0,3,2,0,0,99,99,99,99,88,88,0,0,0,0,1,6,1,60242,1970,2009,76,SR-1,99999999999999999999,0000000,33.78988333,-118.2118389,1,2
6,61,2,8,15,29,1,1,0,0,4,4,0,27,0,1,4,2,2,55,2,2,2,2,0,0,1,1,0,0,99,99,99,99,88,88,0,0,0,0,1,1,1,60243,0,2009,0,FORESTHILL RD,99999999999999999999,0000000,38.98026111,-120.9405028,1,1
6,43,2,9,99,99,1,1,0,0,4,4,0,1,0,1,4,1,2,55,2,2,2,3,0,0,1,4,2,0,99,99,99,99,88,88,0,0,0,0,1,2,0,60244,0,2009,0,GREELEY HILL RD,99999999999999999999,0000000,37.719625,-120.1871028,1,4
6,65,2,17,16,21,2,2,0,1,11,1,0,12,7,1,1,3,4,70,1,1,2,1,0,0,1,1,0,0,99,99,99,99,99,99,0,0,0,0,1,3,0,60245,612,2009,383,I-10,99999999999999999999,0000000,33.86015278,-116.47645,2,1
6,107,2,14,13,3,3,1,0,0,16,6,0,14,8,1,7,1,2,25,1,1,1,1,0,0,1,1,0,0,99,99,99,99,99,99,0,4,0,0,1,7,0,60246,3920,2009,0,OWENS AVE,99999999999999999999,0000000,36.20264167,-119.3768611,1,1
6,37,2,15,2,50,1,4,0,1,11,1,0,27,0,13,5,6,2,55,2,1,1,1,0,0,3,1,0,0,99,99,99,99,99,99,0,0,0,0,1,1,1,60247,1980,2009,236,I-110 RAMP,99999999999999999999,0000000,34.06233333,-118.2489083,1,1
6,19,2,15,11,50,2,6,0,0,3,4,0,12,5,2,1,1,2,55,1,1,2,1,20,3,1,1,0,0,99,99,99,99,99,99,0,0,0,0,1,1,0,60248,0,2009,0,MANNING AVE,HILLS VALLEY RD,0000000,36.60281667,-119.3049583,2,1
6,31,2,15,11,50,2,2,0,0,14,4,0,12,5,2,1,1,2,50,1,1,2,1,20,3,1,1,0,0,99,99,99,99,88,88,0,0,0,0,1,1,0,60249,0,2009,0,GRANGEVILLE BLVD,13TH AVE,0000000,36.34268056,-119.6911528,2,1
6,99,2,15,11,55,1,2,0,0,6,4,0,1,0,1,5,1,2,55,2,1,2,2,0,0,1,2,0,0,99,99,99,99,99,99,0,0,0,0,1,1,0,60250,0,2009,0,MONTE VISTA AVE,99999999999999999999,0000000,37.52218333,-120.9863389,1,2