STATE,COUNTY,MONTH,DAY,HOUR,MINUTE,VE_TOTAL,PERSONS,PEDS,NHS,ROAD_FNC,ROUTE,SP_JUR,HARM_EV,MAN_COLL,REL_JUNC,REL_ROAD,TRAF_FLO,NO_LANES,SP_LIMIT,ALIGNMNT,PROFILE,PAVE_TYP,SUR_COND,TRA_CONT,T_CONT_F,LGT_COND,WEATHER1,WEATHER2,WRK_ZONE,NOT_HOUR,NOT_MIN,ARR_HOUR,ARR_MIN,HOSP_HR,HOSP_MN,SCH_BUS,CF1,CF2,CF3,FATALS,DAY_WEEK,DRUNK_DR,ST_CASE,CITY,YEAR,MILEPT,TWAY_ID,TWAY_ID2,RAIL,LATITUDE,LONGITUD,VE_FORMS,WEATHER
6,87,2,15,16,3,1,2,0,1,2,3,0,42,0,1,5,3,2,65,1,1,2,2,0,0,1,2,0,0,99,99,99,99,99,99,0,0,0,0,1,1,0,60251,0,2009,153,SR-1,99999999999999999999,0000000,36.97575556,-121.9056167,1,2
6,65,2,17,8,33,2,1,0,1,12,3,0,14,9,1,2,3,2,55,2,1,1,2,0,0,1,2,0,0,99,99,99,99,88,88,0,19,0,0,1,3,0,60252,0,2009,0,SR-71,99999999999999999999,0000000,33.92295833,-117.6543056,1,2
6,37,2,17,15,25,2,2,0,1,2,3,0,12,5,2,1,1,2,55,1,1,2,1,20,3,1,1,0,0,99,99,99,99,88,88,0,0,0,0,1,3,0,60253,0,2009,331,SR-138,60TH STREET WEST,0000000,34.77676389,-118.237525,2,1
6,73,2,17,15,50,2,2,0,0,2,3,0,30,0,1,4,1,2,55,2,2,2,1,0,0,1,1,0,0,99,99,99,99,99,99,0,0,0,0,1,3,1,60254,0,2009,282,SR-76,99999999999999999999,0000000,33.28871944,-116.9609,2,1
6,37,2,17,16,0,1,2,0,0,13,6,0,33,0,1,4,5,6,40,1,1,2,1,0,0,1,1,0,0,99,99,99,99,99,99,0,0,0,0,1,3,1,60255,1980,2009,0,NORDHOFF ST,99999999999999999999,0000000,34.23587778,-118.5168389,1,1
6,19,2,17,20,8,1,3,1,0,5,4,0,8,0,1,1,1,2,55,1,1,2,2,0,0,2,1,0,0,99,99,99,99,88,88,0,0,0,0,1,3,0,60256,0,2009,0,CALIFORNIA AVE,99999999999999999999,0000000,36.72043056,-120.0267944,1,1
6,37,2,17,20,32,2,3,0,0,2,4,0,12,2,1,1,2,2,40,2,2,2,1,0,0,3,1,0,0,99,99,99,99,99,99,0,0,0,0,1,3,1,60257,0,2009,0,SLAUSON AVE,99999999999999999999,0000000,33.9667,-118.0885611,2,1
6,37,2,18,4,30,1,2,1,1,1,1,0,8,0,1,1,3,4,65,1,1,1,1,0,0,3,1,0,0,99,99,99,99,88,88,0,0,0,0,1,4,0,60258,1980,2009,226,I-5,99999999999999999999,0000000,34.08276944,-118.2264694,1,1
6,65,2,2,8,56,2,2,0,1,11,1,0,12,5,1,1,2,2,65,2,1,2,1,0,0,1,1,0,0,99,99,99,99,88,88,1,0,0,0,1,2,0,60259,3070,2009,385,I-215,99999999999999999999,0000000,33.94526944,-117.2947,2,1
6,85,2,2,22,56,1,1,0,0,16,6,0,1,0,3,1,1,2,25,1,1,2,1,20,3,3,1,0,0,99,99,99,99,99,99,0,20,0,0,1,2,0,60260,537,2009,0,EMORY AVE,SUNNYOAKS AVE,0000000,37.27219722,-121.9508167,1,1
6,23,2,11,0,1,1,4,0,1,2,2,0,42,0,1,5,1,2,55,2,1,2,2,0,0,2,2,0,0,99,99,99,99,99,99,0,0,0,0,2,4,1,60261,0,2009,1235,US-101,99999999999999999999,0000000,41.30339444,-124.0444417,1,2
6,65,2,11,21,26,1,2,1,0,13,6,0,8,0,3,1,1,4,35,1,1,2,1,3,3,3,1,0,0,99,99,99,99,99,99,0,0,0,0,1,4,1,60262,612,2009,0,EAST PALM CANYON DR,MONTY HALL DR,0000000,33.77931667,-116.4625556,1,1
6,29,2,11,21,35,1,2,1,0,6,4,0,15,0,3,1,1,2,25,1,1,2,1,0,0,3,1,0,1,99,99,99,99,99,99,0,0,0,0,1,4,1,60263,0,2009,0,SHERMAN PEAK DR,BRUSH CREEK AVE,0000000,35.43253889,-119.0245111,1,1
6,25,2,12,20,5,1,1,0,1,1,1,0,27,0,1,4,2,2,70,1,1,1,1,0,0,2,1,0,0,99,99,99,99,88,88,0,0,0,0,1,5,1,60264,0,2009,546,I-8,99999999999999999999,0000000,32.76456944,-115.26875,1,1
6,73,2,12,20,25,4,4,0,1,11,1,0,12,7,1,1,3,4,65,2,2,1,1,0,0,2,1,0,0,99,99,99,99,88,88,0,14,0,0,2,5,0,60265,1820,2009,111,I-8,99999999999999999999,0000000,32.78272778,-116.981,4,1
6,73,2,12,21,47,1,2,1,0,15,6,0,15,0,1,1,1,2,35,1,1,2,1,0,0,3,1,0,0,99,99,99,99,88,88,0,0,0,0,1,5,0,60266,1200,2009,0,ESCONDIDO BLVD,99999999999999999999,0000000,33.09556944,-117.0713111,1,1
6,75,2,13,23,20,1,2,1,0,13,6,0,8,0,1,1,1,4,25,1,1,2,2,0,0,3,2,0,0,99,99,99,99,99,99,0,0,0,0,1,6,0,60267,3290,2009,0,EVANS AVE,99999999999999999999,0000000,37.74655833,-122.3947417,1,2
6,73,2,15,17,5,2,4,0,0,2,4,0,12,2,1,1,1,2,55,2,2,2,1,0,0,5,1,0,0,99,99,99,99,99,99,0,0,0,0,1,1,0,60268,0,2009,0,VALLEY CENTER RD,99999999999999999999,0000000,33.17276111,-117.0255944,2,1
6,1,1,13,22,18,1,1,0,0,13,3,0,33,0,1,4,5,2,35,1,1,2,1,0,0,3,1,0,0,99,99,99,99,88,88,0,0,0,0,1,3,0,60269,3360,2009,43,SR-185,99999999999999999999,0000000,37.71196944,-122.1380778,1,1
6,111,1,15,17,0,2,3,0,0,13,3,0,12,2,1,1,5,2,45,1,1,2,1,20,3,1,1,0,0,99,99,99,99,99,99,0,0,0,0,1,5,1,60270,2620,2009,173,SR-1,99999999999999999999,0000000,34.18625556,-119.1729389,2,1
6,73,1,21,16,51,1,2,1,0,16,6,0,8,0,3,1,1,2,25,1,1,2,1,0,0,1,1,0,0,99,99,99,99,99,99,0,0,0,0,1,4,0,60271,710,2009,0,D ST,MOUNTAIN VIEW DR,0000000,32.64883056,-117.0802972,1,1
6,37,1,22,18,35,1,2,1,1,12,3,0,8,0,1,1,3,4,55,1,1,1,1,0,0,2,1,0,0,99,99,99,99,99,99,0,0,0,0,1,5,0,60272,3270,2009,486,SR-210,99999999999999999999,0000000,34.1196,-117.8054389,1,1
6,7,2,12,23,50,1,1,0,0,14,6,0,38,0,1,5,1,2,35,1,1,2,2,0,0,3,1,0,0,99,99,99,99,88,88,0,0,0,0,1,5,1,60273,660,2009,0,VALLOMBROSA AVE,99999999999999999999,0000000,39.73931944,-121.8245806,1,1
6,71,2,12,99,99,1,1,0,1,1,1,0,1,0,1,4,2,2,70,1,1,2,1,0,0,9,1,0,0,99,99,99,99,88,88,0,0,0,0,1,5,1,60274,0,2009,289,I-40,99999999999999999999,0000000,34.79901111,-116.5123,1,1
6,37,2,13,3,31,3,4,1,1,12,3,0,12,2,1,1,3,7,65,1,2,1,1,0,0,2,1,0,0,99,99,99,99,99,99,0,19,0,0,1,6,1,60275,1015,2009,248,SR-60,99999999999999999999,0000000,34.01331111,-117.8200889,3,1
6,45,2,13,12,30,1,2,0,0,2,3,0,42,0,1,4,1,2,55,2,1,2,2,0,0,1,2,1,0,99,99,99,99,88,88,0,0,0,0,2,6,0,60276,0,2009,414,SR-128,99999999999999999999,0000000,38.89866389,-123.2162833,1,2
6,37,2,14,1,35,1,3,1,0,14,6,0,15,0,3,1,1,2,35,1,1,2,1,2,3,3,1,0,0,99,99,99,99,99,99,0,0,0,0,1,7,0,60277,1980,2009,0,WASHINGTON BLVD,VIA DOLCE AVE,0000000,33.98105556,-118.4635278,1,1
6,37,2,18,15,15,2,3,0,0,14,6,0,1,0,3,1,1,4,35,1,1,2,1,20,3,1,1,0,0,99,99,99,99,99,99,0,0,0,0,1,4,0,60278,1980,2009,0,NORMANDIE AVE,69TH ST,0000000,33.97699444,-118.3002972,2,1
6,37,2,19,16,15,2,3,0,0,15,6,0,12,5,2,1,1,2,40,1,1,2,1,20,3,1,1,0,0,99,99,99,99,99,99,0,0,0,0,1,5,0,60279,1980,2009,0,ENCINO AVE,PLUMMER ST,0000000,34.24295278,-118.5156,2,1
6,73,2,20,10,35,2,3,0,1,2,3,0,12,2,1,1,4,1,55,1,2,2,1,50,3,1,1,0,2,99,99,99,99,99,99,0,0,0,0,1,6,0,60280,0,2009,310,SR-94,99999999999999999999,0000000,32.62226944,-116.7569806,2,1
6,45,2,20,99,99,1,1,0,0,2,3,0,42,0,1,4,1,2,55,2,2,1,1,40,3,2,1,0,0,99,99,99,99,88,88,0,0,0,0,1,6,0,60281,0,2009,271,SR-1,99999999999999999999,0000000,39.07097778,-123.6926639,1,1
6,83,2,21,21,15,2,2,0,0,2,3,0,12,1,1,1,1,2,55,1,1,2,2,0,0,2,2,0,0,99,99,99,99,88,88,0,0,0,0,1,7,1,60282,0,2009,682,SR-166,99999999999999999999,0000000,34.93686944,-119.62405,2,2
6,75,2,8,23,0,1,3,1,1,12,2,0,8,0,1,1,3,5,50,1,1,2,2,0,0,3,1,0,0,99,99,99,99,88,88,0,0,0,0,1,1,0,60283,3290,2009,29,US-101,99999999999999999999,0000000,37.69583056,-122.3920306,1,1
6,109,2,9,15,55,1,2,1,0,6,4,0,8,0,1,1,1,2,25,1,1,2,2,0,0,1,1,0,0,99,99,99,99,99,99,0,0,0,0,1,2,1,60284,0,2009,0,MAIN ST,99999999999999999999,0000000,37.95193056,-120.4237194,1,1
6,59,2,10,7,41,1,3,1,0,16,6,0,8,0,3,1,3,2,25,1,1,2,1,20,3,1,1,0,0,99,99,99,99,99,99,0,0,0,0,1,3,0,60285,4130,2009,0,JACKSON ST,WESTMINSTER BLVD,0000000,33.76009722,-117.9879278,1,1
6,39,2,18,18,16,1,2,1,0,14,6,0,8,0,1,1,2,2,35,1,1,2,1,0,0,2,1,0,0,99,99,99,99,99,99,0,0,0,0,1,4,0,60286,2050,2009,0,LAKE ST,99999999999999999999,0000000,36.95976389,-120.0484556,1,1
6,43,2,18,18,40,1,2,1,1,2,3,0,8,0,1,1,2,2,35,2,2,2,1,0,0,3,1,0,0,99,99,99,99,99,99,0,0,0,0,1,4,0,60287,0,2009,211,SR-140,99999999999999999999,0000000,37.29591667,-120.3195083,1,1
6,59,1,6,0,42,1,2,0,0,13,6,0,33,0,3,4,5,4,35,1,1,2,1,0,0,3,1,0,1,99,99,99,99,99,99,0,0,0,0,1,3,1,60289,80,2009,0,W LINCOLN AVE,S ILLINOIS ST,0000000,33.83275833,-117.9258528,1,1
6,65,1,17,19,29,2,5,0,0,15,6,0,12,2,1,1,1,2,50,1,1,2,1,0,0,3,1,0,0,99,99,99,99,99,99,0,0,0,0,1,7,0,60290,4197,2009,0,BUNDY CANYON RD,99999999999999999999,0000000,33.62685,-117.2669556,2,1
6,71,2,2,2,28,1,1,0,0,14,6,0,33,0,1,5,1,4,45,2,1,2,1,0,0,2,1,0,0,99,99,99,99,99,99,0,0,0,0,1,2,1,60291,3210,2009,0,3RD ST,99999999999999999999,0000000,34.102375,-117.2554889,1,1
6,73,2,3,19,27,2,4,1,0,14,6,0,8,0,1,1,5,4,40,1,1,2,1,0,0,3,1,0,0,99,99,99,99,99,99,0,0,0,0,1,3,0,60292,710,2009,0,MAIN ST,99999999999999999999,0000000,32.59483333,-117.0832417,2,1
6,73,2,6,17,11,1,2,1,0,14,6,0,8,0,1,1,1,4,40,1,1,2,2,0,0,1,1,0,0,99,99,99,99,99,99,0,0,0,0,1,6,0,60293,710,2009,0,EAST H ST,99999999999999999999,0000000,32.66188333,-116.9715917,1,1
6,111,2,7,19,46,1,2,1,0,13,6,0,8,0,3,1,1,3,40,1,1,1,2,9,3,3,1,0,0,99,99,99,99,99,99,0,0,0,0,1,7,0,60294,2620,2009,0,CHANNEL ISLANDS BL,OLDS RD,0000000,34.17563889,-119.1948611,1,1
6,97,2,7,22,0,1,2,0,0,6,4,0,38,0,1,5,1,2,0,2,3,2,1,0,0,2,1,0,0,99,99,99,99,99,99,0,4,22,0,1,7,0,60295,0,2009,0,MORNINGSIDE  MTN DR,99999999999999999999,0000000,38.33873889,-122.5239111,1,1
6,65,2,8,3,33,1,1,0,0,2,3,0,1,0,1,6,1,2,55,2,2,2,2,0,0,2,2,0,0,99,99,99,99,88,88,0,0,0,0,1,1,1,60296,0,2009,102,SR-74,99999999999999999999,0000000,33.64668889,-117.3730111,1,2
6,13,2,18,6,7,1,1,1,0,15,6,0,10,0,6,1,1,2,30,1,2,1,2,60,3,3,1,0,0,99,99,99,99,88,88,0,23,0,0,1,4,0,60297,3010,2009,0,CHESLEY AVE,99999999999999999999,751691h,37.95473611,-122.3600639,1,1
6,31,2,18,8,19,2,4,0,0,4,4,0,12,5,2,1,1,2,55,1,1,2,1,20,3,1,1,0,0,99,99,99,99,99,99,0,0,0,0,1,4,0,60298,0,2009,0,FLINT AVE,12TH AVE,0000000,36.37164167,-119.6730861,2,1
6,29,2,8,2,10,1,4,1,0,16,6,0,8,0,1,1,1,2,25,1,1,2,2,0,0,3,2,0,0,99,99,99,99,99,99,0,0,0,0,1,1,1,60299,0,2009,0,FREMONT ST,99999999999999999999,0000000,35.76499167,-119.2492222,1,2
6,89,2,15,19,37,3,9,0,0,14,6,0,12,5,2,1,1,2,50,1,1,2,2,20,3,3,2,0,0,99,99,99,99,99,99,0,0,0,0,1,1,0,60300,2950,2009,0,OASIS RD,OLD OREGON TRAIL,0000000,40.65251389,-122.3375694,3,2
6,71,2,15,20,20,3,5,0,0,4,4,0,12,1,1,1,1,2,35,1,1,2,1,0,0,2,1,0,0,99,99,99,99,99,99,0,14,0,0,1,1,1,60301,0,2009,0,TRONA RD,99999999999999999999,0000000,35.76007778,-117.3729722,3,1
6,47,2,16,5,40,1,3,0,1,2,3,0,52,0,1,4,2,2,65,2,1,1,1,0,0,3,1,0,0,99,99,99,99,99,99,0,0,0,0,1,2,0,60302,0,2009,331,SR-99,99999999999999999999,0000000,37.42232222,-120.7658806,1,1
6,71,2,16,12,24,2,3,0,1,2,3,0,12,5,1,1,5,4,65,1,1,2,6,40,3,1,2,0,0,99,99,99,99,99,99,0,5,0,0,2,2,0,60303,0,2009,72,SR-62,99999999999999999999,0000000,34.10064722,-116.4985083,2,2
6,67,2,16,19,14,2,2,0,0,2,4,0,12,4,4,5,2,2,50,2,1,2,2,0,0,3,2,0,0,99,99,99,99,99,99,0,0,0,0,1,2,1,60304,0,2009,0,MADISON AVE,99999999999999999999,0000000,38.66499722,-121.21365,2,2
6,111,2,17,5,15,2,3,0,1,2,3,0,12,4,1,1,5,4,55,2,2,2,2,0,0,2,2,0,0,99,99,99,99,99,99,0,0,0,0,1,3,0,60305,0,2009,178,SR-126,99999999999999999999,0000000,34.38339722,-118.9666139,2,2
6,47,2,26,18,45,1,2,0,0,6,4,0,1,0,1,1,1,2,55,2,1,2,1,40,3,2,1,0,0,99,99,99,99,99,99,0,0,0,0,1,5,0,60306,0,2009,0,GUN CLUB RD,99999999999999999999,0000000,37.23282222,-120.9534222,1,1
6,71,2,26,99,99,1,1,0,0,2,3,0,1,0,1,4,1,2,55,1,1,2,1,0,0,1,1,0,0,99,99,99,99,88,88,0,0,0,0,1,5,0,60307,0,2009,267,SR-127,99999999999999999999,0000000,35.60260278,-116.2449639,1,1
6,67,2,27,18,40,1,3,1,0,3,4,0,8,0,1,1,2,3,45,1,1,2,1,0,0,3,1,0,0,99,99,99,99,88,88,0,0,0,0,1,6,0,60308,0,2009,0,ELVERTA RD,99999999999999999999,0000000,38.71338889,-121.3659194,1,1
6,1,3,21,6,7,2,3,0,1,12,3,0,12,5,2,1,2,3,30,1,1,2,1,3,3,3,1,0,0,99,99,99,99,99,99,0,0,0,0,1,7,1,60309,1560,2009,133,SR-238,CITY CENTER DR,0000000,37.67725556,-122.083225,2,1
6,45,2,21,22,55,2,3,0,1,12,2,0,12,2,1,1,1,2,55,1,1,2,2,0,0,2,2,1,0,99,99,99,99,99,99,0,0,0,0,1,7,1,60310,0,2009,493,US-101,99999999999999999999,0000000,39.43884444,-123.3564667,2,2
6,77,2,21,23,48,2,1,0,0,16,6,0,14,1,1,2,1,2,55,1,1,2,2,0,0,3,2,0,0,99,99,99,99,88,88,0,0,0,0,1,7,1,60311,3770,2009,0,ZEPHYR ST,99999999999999999999,0000000,37.916,-121.2527778,1,2
6,67,2,22,0,25,1,1,0,0,16,4,0,39,0,1,5,1,2,25,1,1,2,1,0,0,3,1,0,0,99,99,99,99,99,99,0,0,0,0,1,1,1,60312,0,2009,0,ROSARIO BLVD,99999999999999999999,0000000,38.67006389,-121.37705,1,1
6,73,2,22,99,99,1,1,0,0,6,4,0,35,0,1,4,1,2,55,2,2,2,1,0,0,2,1,0,0,99,99,99,99,88,88,0,0,0,0,1,1,0,60313,0,2009,0,SKYLINE TRUCK TRAIL,99999999999999999999,0000000,32.73321389,-116.811275,1,1
6,71,2,23,7,12,1,3,2,0,16,6,0,8,0,1,1,1,2,35,1,1,2,1,0,0,1,1,0,0,99,99,99,99,99,99,0,0,0,0,1,2,0,60314,3970,2009,0,EL PASEO DR,99999999999999999999,0000000,34.14287222,-116.0625306,1,1
6,77,2,24,19,45,1,4,0,1,1,1,0,35,0,1,4,3,3,65,1,1,2,1,0,0,3,1,0,0,99,99,99,99,99,99,0,0,0,0,1,3,0,60315,3770,2009,236,I-5,99999999999999999999,0000000,37.91281667,-121.2893194,1,1
6,1,2,25,3,15,1,1,0,1,11,1,0,35,0,13,4,6,2,65,2,1,1,2,0,0,3,2,0,0,99,99,99,99,88,88,0,0,0,0,1,4,1,60316,1364,2009,49,I-880 RAMP,99999999999999999999,0000000,37.50798889,-121.9693139,1,2
6,65,2,25,3,45,1,1,0,1,1,1,0,25,0,1,3,3,4,65,2,1,2,1,0,0,2,1,0,0,99,99,99,99,88,88,0,0,0,0,1,4,1,60317,2730,2009,268,I-215,99999999999999999999,0000000,33.76516389,-117.189575,1,1
6,57,2,25,6,15,1,3,0,0,6,4,0,42,0,1,4,1,2,0,2,1,2,2,0,0,2,1,0,0,99,99,99,99,99,99,0,4,0,0,1,4,1,60318,0,2009,0,INDIAN SPRINGS RANCH,99999999999999999999,0000000,39.16330833,-121.1301889,1,1
6,73,2,25,14,0,2,3,0,1,1,1,0,12,1,1,1,2,2,70,1,1,1,1,0,0,1,1,0,0,99,99,99,99,99,99,0,0,0,0,1,4,1,60319,0,2009,475,I-8,99999999999999999999,0000000,32.77818333,-116.4938722,2,1
6,37,2,8,3,45,2,2,0,1,12,2,0,12,7,1,1,3,5,55,1,1,2,2,0,0,3,1,0,0,99,99,99,99,88,88,0,0,0,0,1,1,1,60320,1980,2009,113,US-101,99999999999999999999,0000000,34.14949444,-118.3732639,2,1
6,29,2,27,19,0,1,3,0,1,2,3,0,33,0,5,3,6,1,60,1,1,2,1,20,3,3,1,0,0,99,99,99,99,99,99,0,0,0,0,2,6,1,60321,0,2009,428,SR-155,SR-178,0000000,35.62779167,-118.4777222,1,1
6,77,2,27,23,1,4,12,0,0,13,6,0,12,4,1,1,2,2,55,1,1,2,1,0,0,3,1,0,0,99,99,99,99,99,99,0,0,0,0,1,6,0,60322,3770,2009,0,EIGHT MILE RD,99999999999999999999,0000000,38.05771111,-121.3517667,4,1
6,47,2,28,0,55,3,6,0,1,2,3,0,12,1,1,1,3,3,65,1,1,2,1,0,0,2,1,0,0,99,99,99,99,88,88,0,0,0,0,1,7,1,60323,0,2009,14,SR-99,99999999999999999999,0000000,37.16681389,-120.307975,3,1
6,73,2,28,5,4,1,2,1,0,14,6,0,8,0,3,1,2,3,35,1,1,2,1,3,3,3,1,0,0,99,99,99,99,99,99,0,0,0,0,1,7,0,60324,3260,2009,0,UNIVERSITY AVE,WINONA AVE,0000000,32.74952778,-117.0880806,1,1
6,87,2,28,7,55,1,2,1,0,4,4,0,9,0,1,1,1,2,35,1,1,2,1,0,0,1,1,0,0,99,99,99,99,99,99,0,0,0,0,1,7,0,60325,0,2009,0,GREEN VALLEY RD,99999999999999999999,0000000,36.95098056,-121.7649194,1,1
6,33,2,28,14,30,1,1,0,0,4,4,0,24,0,1,4,1,2,55,2,2,2,1,0,0,1,1,0,0,99,99,99,99,88,88,0,0,0,0,1,7,0,60326,0,2009,0,BUTTS CANYON RD,99999999999999999999,0000000,38.70848889,-122.4685694,1,1
6,65,2,28,16,45,1,2,1,0,12,3,0,8,0,3,1,2,3,45,1,1,2,1,3,3,5,1,0,0,99,99,99,99,99,99,0,0,0,0,1,7,0,60327,2935,2009,483,SR-111,RANCHO LAS PALMAS DR,0000000,33.74304167,-116.4139222,1,1
6,71,3,2,21,15,2,3,0,1,1,1,0,12,1,1,1,3,2,70,1,1,2,1,0,0,2,1,0,0,99,99,99,99,99,99,0,0,0,0,1,2,1,60328,0,2009,856,I-15,99999999999999999999,0000000,34.91096111,-116.8206,2,1
6,77,3,8,99,99,1,1,0,0,2,4,0,34,0,1,5,1,2,55,2,1,2,1,0,0,1,1,0,0,99,99,99,99,88,88,0,0,0,0,1,1,1,60329,0,2009,0,TRACY BL,99999999999999999999,0000000,37.833925,-121.4510028,1,1
6,107,3,10,16,30,2,2,0,0,5,4,0,12,2,1,1,1,2,55,1,1,2,1,0,0,1,1,0,0,99,99,99,99,99,99,0,0,0,0,1,3,0,60330,0,2009,0,ROAD 128,99999999999999999999,0000000,36.29015556,-119.2875667,2,1
6,93,3,10,18,24,1,3,0,0,2,3,0,42,0,1,4,1,2,55,2,1,2,1,0,0,1,1,0,0,99,99,99,99,99,99,0,0,0,0,1,3,1,60331,0,2009,659,SR-96,99999999999999999999,0000000,41.82931389,-122.9610028,1,1
6,107,3,21,17,5,2,4,0,0,2,3,0,12,5,2,1,2,2,60,1,1,2,1,20,3,1,1,0,0,99,99,99,99,88,88,0,0,0,0,1,7,0,60332,0,2009,30,SR-63,AVE 256,0000000,36.25495,-119.313175,2,1
6,99,3,23,16,25,2,4,0,1,1,1,0,13,2,1,1,2,2,70,1,1,2,1,0,0,1,1,0,0,99,99,99,99,99,99,0,0,0,0,1,2,0,60333,0,2009,176,I-5,99999999999999999999,0000000,37.483075,-121.1996278,2,1
6,65,1,12,7,41,1,2,1,0,15,6,0,8,0,2,1,1,2,25,1,1,2,1,20,3,1,1,0,0,99,99,99,99,99,99,0,0,0,0,1,2,0,60334,3070,2009,0,ORANGE ST,1ST ST,0000000,33.98812222,-117.3687389,1,1
6,71,1,20,5,10,1,2,1,0,2,4,0,8,0,1,1,1,4,50,1,1,2,1,0,0,1,1,0,0,99,99,99,99,88,88,0,0,0,0,1,3,0,60335,0,2009,0,ETIWANDA AVE,99999999999999999999,0000000,34.08835,-117.5238111,1,1
6,37,1,16,2,12,1,2,0,0,14,6,0,47,0,1,1,5,4,40,1,1,2,1,0,0,3,1,0,0,99,99,99,99,88,88,0,0,0,0,1,6,1,60336,1808,2009,0,SOUTH ST,99999999999999999999,0000000,33.86029167,-118.1380611,1,1
6,83,2,2,16,3,1,2,1,0,14,6,0,8,0,1,1,1,2,25,1,1,2,1,20,3,1,1,0,0,99,99,99,99,99,99,0,0,0,0,1,2,0,60337,3460,2009,0,DE LA VINA ST,99999999999999999999,0000000,34.42031944,-119.7053361,1,1
6,107,2,7,99,99,1,2,1,0,6,4,0,8,0,1,1,1,2,45,1,1,2,2,0,0,2,1,0,0,99,99,99,99,88,88,0,0,0,0,1,7,0,60338,0,2009,0,E SUCCESS DR,99999999999999999999,0000000,36.05746111,-118.9856694,1,1
6,71,2,28,18,26,1,1,0,0,16,6,0,33,0,1,4,2,2,35,2,1,2,1,0,0,2,1,0,0,99,99,99,99,88,88,0,0,0,0,1,7,0,60339,115,2009,0,DALE EVANS PKWY,99999999999999999999,0000000,34.53081389,-117.2255806,1,1
6,9,3,1,12,27,2,5,0,0,4,4,0,12,5,1,1,1,2,55,2,2,2,2,0,0,1,2,0,0,99,99,99,99,99,99,0,0,0,0,4,1,0,60340,0,2009,0,MOUNTAIN RANCH RD,99999999999999999999,0000000,38.21836667,-120.5517778,2,2
6,29,2,5,2,15,2,2,0,0,13,6,0,12,5,2,1,2,3,55,1,1,2,1,3,3,3,1,0,0,99,99,99,99,99,99,0,0,0,0,1,5,1,60341,240,2009,0,COFFEE RD,MEANY AVE,0000000,35.39414444,-119.0923056,2,1
6,13,2,20,21,35,2,3,0,1,12,3,0,12,5,1,1,3,3,65,2,2,1,1,0,0,3,1,0,0,99,99,99,99,99,99,0,0,0,0,1,6,0,60342,2090,2009,116,SR-4,99999999999999999999,0000000,37.991875,-122.0788444,2,1
6,99,2,24,11,55,1,2,1,0,6,4,0,8,0,1,2,1,2,25,1,1,2,1,0,0,1,1,0,0,99,99,99,99,99,99,0,0,0,0,1,3,0,60343,0,2009,0,ATLANTIC DR,99999999999999999999,0000000,37.60610278,-120.9766444,1,1
6,31,2,26,13,20,2,3,0,0,4,4,0,12,5,2,1,1,2,55,1,1,2,1,20,3,1,1,0,0,99,99,99,99,99,99,0,0,0,0,1,5,0,60344,0,2009,0,LAUREL AVE,18TH AVE,0000000,36.18945556,-119.7803083,2,1
6,37,3,21,16,2,1,1,0,0,13,6,0,33,0,1,4,5,2,35,1,1,2,1,20,3,1,1,0,0,99,99,99,99,99,99,0,0,0,0,1,7,0,60345,2870,2009,0,HOLT AVE,99999999999999999999,0000000,34.06222222,-117.7575722,1,1
6,25,3,21,19,52,1,2,1,0,2,3,0,8,0,1,1,5,1,35,1,1,2,1,0,0,2,1,0,0,99,99,99,99,99,99,0,0,0,0,1,7,0,60346,0,2009,804,SR-78,99999999999999999999,0000000,33.42866111,-114.7321694,1,1
6,87,3,22,0,23,1,2,0,0,2,3,0,42,0,1,4,1,2,55,1,1,2,2,40,3,2,1,0,0,99,99,99,99,88,88,0,0,0,0,2,1,1,60347,0,2009,53,SR-129,99999999999999999999,0000000,36.91438611,-121.6679611,1,1
6,37,3,22,20,55,1,2,1,0,13,6,0,8,0,1,1,1,6,35,1,1,2,1,0,0,3,1,0,0,99,99,99,99,88,88,0,0,0,0,1,1,0,60348,1980,2009,0,CRENSHAW BL,99999999999999999999,0000000,33.97011111,-118.3308861,1,1
6,73,3,22,21,33,2,4,0,1,11,1,0,12,7,1,1,3,4,65,2,1,1,1,0,0,2,1,0,0,99,99,99,99,99,99,0,0,0,0,1,1,0,60349,0,2009,576,I-5,99999999999999999999,0000000,33.20127778,-117.3744111,2,1
6,75,3,25,20,20,1,1,0,1,12,2,0,39,0,1,4,3,2,50,2,1,1,1,0,0,3,1,0,0,99,99,99,99,88,88,0,0,0,0,1,4,0,60350,3290,2009,44,US-101,99999999999999999999,0000000,37.76782222,-122.4057722,1,1
6,37,3,26,15,30,3,3,0,0,14,6,0,12,2,2,1,5,2,35,1,1,2,1,3,3,1,1,0,0,99,99,99,99,99,99,0,0,0,0,1,5,0,60351,1980,2009,0,VANOWEN ST,CYLBOURN AVE,0000000,34.19399167,-118.3637139,3,1