STATE,COUNTY,MONTH,DAY,HOUR,MINUTE,VE_TOTAL,PERSONS,PEDS,NHS,ROAD_FNC,ROUTE,SP_JUR,HARM_EV,MAN_COLL,REL_JUNC,REL_ROAD,TRAF_FLO,NO_LANES,SP_LIMIT,ALIGNMNT,PROFILE,PAVE_TYP,SUR_COND,TRA_CONT,T_CONT_F,LGT_COND,WEATHER1,WEATHER2,WRK_ZONE,NOT_HOUR,NOT_MIN,ARR_HOUR,ARR_MIN,HOSP_HR,HOSP_MN,SCH_BUS,CF1,CF2,CF3,FATALS,DAY_WEEK,DRUNK_DR,ST_CASE,CITY,YEAR,MILEPT,TWAY_ID,TWAY_ID2,RAIL,LATITUDE,LONGITUD,VE_FORMS,WEATHER
6,1,3,27,13,12,1,1,0,0,14,6,0,35,0,3,4,1,2,25,2,2,2,1,0,0,1,1,0,0,99,99,99,99,88,88,0,0,0,0,1,6,0,60352,2480,2009,0,GRIZZLY TERRACE DR,GRILLY PEAK BLVD,0000000,37.86020556,-122.2163472,1,1
6,57,3,27,15,10,1,1,0,0,4,4,0,34,0,1,4,1,2,35,2,1,2,1,0,0,1,1,0,0,99,99,99,99,99,99,0,0,0,0,1,6,0,60353,0,2009,0,ROUGH AND READY HWY,99999999999999999999,0000000,39.22663889,-121.1426806,1,1
6,43,3,27,16,35,1,1,0,0,5,4,0,42,0,1,4,1,2,55,2,2,2,1,0,0,1,1,0,0,99,99,99,99,88,88,0,0,0,0,1,6,1,60354,0,2009,0,BANDERILLA DR,99999999999999999999,0000000,37.65469167,-120.3467583,1,1
6,9,3,27,17,0,2,4,0,0,2,3,0,35,0,1,4,1,2,45,1,2,2,1,0,0,1,1,0,0,99,99,99,99,99,99,0,0,0,0,1,6,1,60355,0,2009,353,SR-26,99999999999999999999,0000000,38.40853889,-120.5330694,2,1
6,37,3,28,4,30,1,1,0,0,13,3,0,43,0,1,4,1,2,45,2,2,2,1,0,0,4,1,0,0,99,99,99,99,88,88,0,0,0,0,1,7,1,60356,0,2009,91,SR-27,99999999999999999999,0000000,34.13943056,-118.6014694,1,1
6,71,2,2,5,50,2,2,0,0,13,6,0,12,5,2,1,1,4,45,1,1,2,1,9,3,3,1,0,0,99,99,99,99,99,99,0,0,0,0,1,2,0,60357,680,2009,0,CENTRAL AVE,EUCALYPTUS AVE,0000000,33.99001389,-117.6890472,2,1
6,21,2,18,7,55,2,5,0,1,11,1,0,1,0,1,3,2,2,70,2,1,1,2,0,0,1,1,0,0,99,99,99,99,99,99,0,14,0,0,1,4,0,60358,4230,2009,93,I-5,99999999999999999999,0000000,39.39179722,-122.1930306,2,1
6,37,2,21,8,10,2,3,0,0,6,4,0,14,5,1,7,1,2,25,1,1,1,1,0,0,1,1,0,0,99,99,99,99,99,99,0,4,0,0,1,7,0,60359,0,2009,0,PALM PL,99999999999999999999,0000000,33.96463056,-118.2296611,1,1
6,25,2,21,15,10,2,3,0,0,5,4,0,12,7,1,1,1,2,55,2,1,2,1,0,0,1,1,0,0,99,99,99,99,99,99,0,0,0,0,1,7,0,60360,0,2009,0,WINTERHAVEN DR,99999999999999999999,0000000,32.741,-114.6468806,2,1
6,85,2,22,2,7,1,2,1,1,11,1,0,8,0,1,1,3,5,65,1,1,2,2,0,0,2,1,0,0,99,99,99,99,88,88,0,19,0,0,1,1,1,60361,3340,2009,50,I-280,99999999999999999999,0000000,37.31628889,-121.9597694,1,1
6,37,2,22,3,24,5,1,0,0,14,6,0,14,4,1,7,1,2,99,1,1,2,2,0,0,3,2,0,0,99,99,99,99,88,88,0,0,0,0,1,1,0,60362,1970,2009,0,ORANGE AVE,99999999999999999999,0000000,33.76584444,-118.17735,1,2
6,73,2,22,15,56,1,3,1,0,13,6,0,9,0,2,1,2,2,65,2,1,1,1,20,3,1,1,0,0,99,99,99,99,88,88,0,0,0,0,1,1,0,60363,1200,2009,0,CENTRE CITY PKWY,S ESCONDIDO BLVD,0000000,33.13545,-117.0932444,1,1
6,71,2,22,20,29,1,2,1,0,12,3,0,8,0,1,1,1,2,55,1,2,2,1,0,0,2,1,0,0,99,99,99,99,99,99,0,0,0,0,1,1,0,60364,4291,2009,7,SR-247,99999999999999999999,0000000,34.13353889,-116.4128556,1,1
6,77,2,7,12,28,1,2,1,0,16,6,0,9,0,2,1,2,4,40,1,1,1,1,3,3,1,1,0,0,99,99,99,99,99,99,0,0,0,0,1,7,0,60365,3770,2009,0,HAMMER LN,GIRARDI WY,0000000,38.02114444,-121.2766417,1,1
6,73,2,7,19,20,1,3,1,0,13,6,0,8,0,2,1,1,2,30,1,1,1,2,2,3,3,2,0,0,99,99,99,99,99,99,0,0,0,0,1,7,1,60366,3260,2009,0,MISSION BL,REED AVE,0000000,32.79272778,-117.2543333,1,2
6,65,3,1,19,0,1,3,0,0,6,4,0,1,0,1,5,1,2,55,1,1,2,1,0,0,3,1,0,0,99,99,99,99,99,99,0,4,0,0,1,1,0,60367,0,2009,0,AVE 73,99999999999999999999,0000000,33.51791944,-116.1176611,1,1
6,89,3,12,21,15,2,2,0,0,2,3,0,12,2,1,1,1,2,65,1,2,2,1,0,0,2,1,0,0,99,99,99,99,99,99,0,0,0,0,1,5,1,60368,2950,2009,357,SR-299,99999999999999999999,0000000,40.66839167,-122.1783444,2,1
6,65,3,28,15,55,1,1,0,1,11,1,0,34,0,1,5,3,2,70,1,1,2,1,0,0,1,1,0,0,99,99,99,99,99,99,0,0,0,0,1,7,0,60369,2327,2009,158,I-215,99999999999999999999,0000000,33.64613889,-117.1713889,1,1
6,77,3,28,19,55,1,2,0,0,16,6,0,5,0,1,1,1,2,40,1,1,2,1,0,0,2,1,0,0,99,99,99,99,99,99,0,0,0,0,1,7,0,60370,3770,2009,0,B ST,99999999999999999999,0000000,37.91199167,-121.247,1,1
6,37,3,28,23,53,1,1,0,1,11,1,0,33,0,1,8,3,7,65,1,1,1,1,0,0,3,1,0,0,99,99,99,99,88,88,0,0,0,0,1,7,0,60371,1980,2009,364,I-5,99999999999999999999,0000000,34.23323056,-118.4107611,1,1
6,37,2,5,0,40,1,1,0,0,4,4,0,1,0,1,2,1,2,55,2,1,2,1,0,0,2,1,0,0,99,99,99,99,99,99,0,0,0,0,1,5,1,60372,0,2009,0,PINE CANYON RD,99999999999999999999,0000000,34.6998,-118.5002389,1,1
6,107,2,7,22,25,1,2,1,0,13,6,0,8,0,1,1,1,2,40,1,1,2,1,0,0,2,1,0,0,99,99,99,99,88,88,0,0,0,0,1,7,0,60373,1010,2009,0,ALTA AVE,99999999999999999999,0000000,36.44945556,-119.3932333,1,1
6,61,2,8,15,30,1,2,0,0,16,6,0,42,0,1,4,1,2,25,1,1,2,1,0,0,1,1,0,0,99,99,99,99,99,99,0,0,0,0,1,1,0,60374,3110,2009,0,HICKORY ST,99999999999999999999,0000000,38.74493333,-121.2957667,1,1
6,99,2,15,1,21,1,1,0,0,6,4,0,1,0,3,2,1,2,25,2,1,2,1,0,0,3,1,0,0,99,99,99,99,99,99,0,0,0,0,1,1,1,60375,0,2009,0,ELM ST,SECAMILLA AVE,0000000,37.70921944,-121.0857306,1,1
6,111,2,15,23,59,1,2,0,0,12,3,0,38,0,1,5,2,2,40,1,1,1,2,0,0,2,1,0,0,99,99,99,99,99,99,0,0,0,0,1,1,1,60376,2620,2009,164,SR-1,99999999999999999999,0000000,34.17291111,-119.1572278,1,1
6,37,3,3,18,23,1,2,1,0,2,4,0,8,0,2,1,2,3,35,1,1,2,1,20,3,2,1,0,0,99,99,99,99,99,99,0,0,0,0,1,3,0,60377,0,2009,0,VERMONT AVE,111TH ST,0000000,33.93449444,-118.2920694,1,1
6,65,3,6,0,10,2,2,0,0,15,6,0,12,5,2,1,2,2,50,1,1,2,1,0,0,3,1,0,0,99,99,99,99,88,88,0,0,0,0,2,6,1,60378,2935,2009,0,GERALD FORD DR,BOB HOPE DR,0000000,33.78706667,-116.4060694,2,1
6,95,3,9,17,15,1,1,0,1,1,1,0,42,0,1,5,3,5,65,1,1,2,1,0,0,1,1,0,0,99,99,99,99,88,88,0,0,0,0,1,2,0,60379,0,2009,63,I-80,99999999999999999999,0000000,38.14933889,-122.21715,1,1
6,71,3,13,10,21,1,2,0,0,13,6,0,33,0,2,4,1,4,55,1,1,2,1,3,3,1,1,0,0,99,99,99,99,88,88,0,0,0,0,1,6,0,60380,4040,2009,0,PALMDALE RD,COBALT RD,0000000,34.50669444,-117.3731889,1,1
6,53,3,3,22,14,2,2,0,0,16,6,0,12,2,1,1,1,2,45,1,1,2,2,0,0,3,2,0,0,99,99,99,99,99,99,0,0,0,0,1,3,1,60381,2084,2009,0,IMJIN PARKWAY,99999999999999999999,0000000,36.66771389,-121.7712472,2,2
6,75,3,1,11,42,1,2,1,0,13,6,0,8,0,1,1,1,4,25,1,1,2,2,0,0,1,2,0,0,99,99,99,99,99,99,0,0,0,0,1,1,0,60382,3290,2009,0,MARKET ST,99999999999999999999,0000000,37.77860556,-122.4149139,1,2
6,73,3,29,21,6,1,4,1,0,12,3,0,8,0,1,1,2,2,55,1,1,2,1,0,0,2,1,0,0,99,99,99,99,99,99,0,0,0,0,1,1,0,60383,0,2009,93,SR-67,99999999999999999999,0000000,33.06593889,-116.7453778,1,1
6,73,3,29,11,15,5,6,0,0,2,3,0,12,4,1,1,1,2,55,1,1,1,1,0,0,1,1,0,0,99,99,99,99,99,99,0,0,0,0,1,1,0,60384,0,2009,190,SR-67,99999999999999999999,0000000,33.04439167,-116.8641472,5,1
6,47,2,18,19,46,1,2,1,0,4,4,0,8,0,1,1,1,2,30,1,1,2,1,0,0,3,1,0,0,99,99,99,99,99,99,0,0,0,0,1,4,0,60385,0,2009,0,SCHENDEL RD,99999999999999999999,0000000,37.43003056,-120.77625,1,1
6,59,2,19,1,47,1,2,1,1,11,1,0,8,0,1,1,3,4,65,1,2,1,1,0,0,3,1,0,0,99,99,99,99,88,88,0,0,0,0,1,5,0,60386,3250,2009,11,I-5,99999999999999999999,0000000,33.41109722,-117.6010472,1,1
6,37,2,19,14,50,1,2,0,0,6,4,0,30,0,1,4,1,2,55,1,1,2,1,0,0,1,1,0,0,99,99,99,99,99,99,0,0,0,0,1,5,1,60387,0,2009,0,160TH ST EAST,99999999999999999999,0000000,34.67006389,-117.8452778,1,1
6,37,2,19,18,0,1,3,1,0,16,6,0,8,0,1,1,1,2,25,1,1,2,1,9,3,3,1,0,0,99,99,99,99,99,99,0,0,0,0,1,5,0,60388,1980,2009,0,109TH PLACE,99999999999999999999,0000000,33.93644722,-118.2615694,1,1
6,37,2,19,18,10,1,2,1,0,13,6,0,8,0,1,1,1,2,35,1,1,2,1,0,0,3,1,0,0,99,99,99,99,99,99,0,0,0,0,1,5,0,60389,1980,2009,0,FALLBROOK AVE,99999999999999999999,0000000,34.16963889,-118.6233333,1,1
6,97,2,19,19,47,1,2,1,1,2,2,0,8,0,15,1,2,2,99,1,1,2,1,0,0,3,1,0,0,99,99,99,99,99,99,0,0,0,0,1,5,0,60390,730,2009,514,US-101,CITRUS FAIR DR,0000000,38.80023056,-123.0123111,1,1
6,95,2,20,19,33,3,5,0,1,2,3,0,27,0,1,1,1,2,55,2,1,1,1,0,0,2,1,0,0,99,99,99,99,99,99,0,0,0,0,1,6,0,60391,0,2009,160,SR-12,99999999999999999999,0000000,38.19353889,-121.8622833,3,1
6,75,2,21,1,30,1,3,1,1,11,1,0,8,0,1,1,3,5,65,1,1,1,1,0,0,2,1,0,0,99,99,99,99,99,99,0,0,0,0,1,7,1,60392,3290,2009,21,I-280,99999999999999999999,0000000,37.72750833,-122.4445583,1,1
6,73,2,21,8,58,2,2,0,0,4,4,0,12,5,2,1,1,2,45,1,1,2,1,0,0,1,1,0,0,99,99,99,99,99,99,0,0,0,0,1,7,0,60393,0,2009,0,HANSON LN,BARNETT RD,0000000,33.02579167,-116.8619583,2,1
6,65,2,22,2,1,1,2,0,0,16,6,0,33,0,1,4,1,2,25,2,2,1,1,0,0,3,1,0,0,99,99,99,99,99,99,0,0,0,0,1,1,1,60394,3851,2009,0,GENERAL KEARNY RD,99999999999999999999,0000000,33.53948333,-117.1341167,1,1
6,29,3,3,9,38,3,3,0,0,13,6,0,12,5,2,1,3,3,55,1,1,2,1,3,3,1,1,0,0,99,99,99,99,99,99,0,0,0,0,1,3,0,60395,240,2009,0,GOSFORD RD,CAMINO MEDIA,0000000,35.34437222,-119.0922167,3,1
6,37,3,31,18,24,2,5,3,0,13,6,0,12,5,2,1,1,6,30,1,1,2,1,3,3,1,1,0,0,99,99,99,99,99,99,0,0,0,0,2,3,0,60396,4124,2009,0,LA BREA AVE,FOUNTAIN AVE,0000000,34.094375,-118.3441056,2,1
6,67,4,1,16,15,2,2,0,0,3,4,0,12,5,2,1,5,4,45,1,1,2,1,0,0,1,1,0,0,99,99,99,99,99,99,0,0,0,0,1,4,1,60397,0,2009,0,HAZEL AVE,LAKE NIMBUS DR,0000000,38.64295278,-121.2253972,2,1
6,113,4,1,17,20,3,3,0,0,2,3,0,12,4,1,1,1,2,55,1,1,2,1,0,0,1,1,0,0,99,99,99,99,99,99,0,0,0,0,1,4,0,60398,0,2009,302,SR-16,99999999999999999999,0000000,38.68408611,-121.9830028,3,1
6,37,4,1,17,48,7,16,3,1,13,3,0,12,5,2,1,2,2,45,2,3,2,1,3,3,1,1,0,0,99,99,99,99,99,99,0,0,0,0,2,4,0,60399,1776,2009,244,SR-2,I-210 RAMP,0000000,34.20782778,-118.2176972,7,1
6,37,4,1,18,15,1,1,0,0,16,6,0,33,0,1,4,1,2,25,2,2,2,1,0,0,5,1,0,0,99,99,99,99,88,88,0,0,0,0,1,4,1,60400,1825,2009,0,OLIVE BRANCH DR,99999999999999999999,0000000,33.91265556,-117.9971722,1,1
6,107,4,1,20,9,2,2,0,0,14,6,0,12,5,2,1,1,4,35,1,1,1,1,0,0,3,1,0,0,99,99,99,99,99,99,0,0,0,0,1,4,0,60401,2880,2009,0,NEWCOMB ST,MULBERRY AVE,0000000,36.08399722,-119.05285,2,1
6,37,4,3,10,55,2,2,0,0,13,6,0,12,4,1,1,2,2,40,1,1,2,1,0,0,1,1,0,0,99,99,99,99,99,99,0,0,0,0,1,6,0,60402,2458,2009,0,CARMENITA RD,99999999999999999999,0000000,33.89818611,-118.0466111,2,1
6,77,1,9,13,22,2,3,0,1,2,3,0,12,2,1,1,1,2,55,1,1,2,1,0,0,1,5,0,0,99,99,99,99,88,88,0,0,0,0,2,6,0,60403,0,2009,63,SR-12,99999999999999999999,0000000,38.11537222,-121.4696444,2,5
6,95,1,24,18,15,1,1,0,0,4,4,0,42,0,1,4,1,2,55,2,1,2,1,0,0,2,1,0,0,99,99,99,99,88,88,0,0,0,0,1,7,0,60404,0,2009,0,PUTAH CREEK RD,99999999999999999999,0000000,38.52831944,-121.8994056,1,1
6,99,2,16,14,40,2,2,0,0,14,6,0,12,5,2,1,1,4,40,1,1,1,1,3,3,1,1,0,0,99,99,99,99,99,99,0,0,0,0,1,2,0,60405,2200,2009,0,COFFEE RD,E ORANGEBURG AVE,0000000,37.66356667,-120.9756833,2,1
6,109,2,18,8,8,1,4,0,0,2,3,0,27,0,1,4,2,2,65,1,1,2,4,0,0,1,1,0,0,99,99,99,99,99,99,0,0,0,0,1,4,0,60406,0,2009,90,SR-108,99999999999999999999,0000000,38.03461389,-120.2251167,1,1
6,73,2,19,10,45,3,4,0,1,12,3,0,41,0,1,3,2,3,65,1,1,1,1,0,0,1,1,0,0,99,99,99,99,99,99,0,0,0,0,1,5,0,60407,0,2009,118,SR-125,99999999999999999999,0000000,32.73081111,-117.0154889,3,1
6,59,2,26,18,40,1,2,1,0,16,6,0,8,0,3,1,1,2,35,1,1,1,1,20,3,3,1,0,0,99,99,99,99,99,99,0,0,0,0,1,5,0,60408,1713,2009,0,FAWNGLEN EAST,DEERFIELD AVE,0000000,33.69465833,-117.7913361,1,1
6,77,2,28,19,45,1,2,1,1,12,3,0,8,0,5,1,6,2,65,2,2,2,1,0,0,2,1,0,0,99,99,99,99,99,99,0,0,0,0,1,7,0,60409,3770,2009,162,SR-4 RAMP,99999999999999999999,0000000,37.94891944,-121.2996306,1,1
6,73,4,3,17,50,1,1,0,0,4,4,0,35,0,1,4,1,2,55,2,2,2,1,40,3,1,1,0,0,99,99,99,99,99,99,0,0,0,0,1,6,0,60410,0,2009,0,LILAC RD,99999999999999999999,0000000,33.24593889,-117.0541556,1,1
6,107,4,3,18,0,1,2,0,0,2,3,0,33,0,1,4,1,2,55,1,1,2,1,0,0,1,1,0,0,99,99,99,99,99,99,0,0,0,0,1,6,1,60411,0,2009,233,SR-190,99999999999999999999,0000000,36.08585278,-118.8933139,1,1
6,95,4,3,18,47,1,1,0,0,15,6,0,33,0,1,3,2,9,35,2,1,2,1,0,0,1,1,0,0,99,99,99,99,99,99,0,0,0,0,1,6,1,60412,1260,2009,0,PARADISE VALLEY RD,99999999999999999999,0000000,38.29995556,-122.0327972,1,1
6,37,4,3,19,20,2,3,0,0,13,6,0,12,5,2,1,2,3,35,1,1,2,1,3,3,1,1,0,0,99,99,99,99,99,99,0,0,0,0,1,6,0,60413,1980,2009,0,VICTORY BL,HAZELTINE AVE,0000000,34.18667222,-118.44,2,1
6,67,4,3,23,17,3,4,0,0,13,6,0,25,0,1,3,2,3,45,1,2,2,1,0,0,3,1,0,0,99,99,99,99,99,99,0,0,0,0,1,6,1,60414,712,2009,0,MADISON AVE,99999999999999999999,0000000,38.66375,-121.2906944,3,1
6,93,4,3,23,35,1,2,0,0,5,4,0,17,0,1,4,1,2,40,1,1,1,1,0,0,2,1,0,0,99,99,99,99,99,99,0,0,0,0,1,6,1,60415,0,2009,0,AGER RD,99999999999999999999,0000000,41.89297222,-122.5021444,1,1
6,13,3,14,6,10,1,2,0,1,11,1,0,43,0,1,4,3,4,65,1,1,1,1,0,0,2,1,0,0,99,99,99,99,99,99,0,0,0,0,1,7,1,60416,975,2009,86,I-680,99999999999999999999,0000000,37.83344722,-122.0065306,1,1
6,67,3,15,16,40,1,2,1,0,3,6,0,9,0,2,1,5,2,35,1,1,2,1,20,3,5,1,0,0,99,99,99,99,99,99,0,0,0,0,1,1,0,60417,0,2009,0,MARTIN LUTHER KING,44TH AVE,0000000,38.51311667,-121.4646083,1,1
6,37,3,16,1,43,1,1,0,1,12,2,0,33,0,1,4,3,4,55,1,1,1,1,0,0,3,1,0,0,99,99,99,99,88,88,0,0,0,0,1,2,1,60418,1980,2009,62,US-101,99999999999999999999,0000000,34.09673056,-118.3138194,1,1
6,111,3,17,22,48,2,2,0,1,12,3,0,27,0,1,1,2,2,65,2,1,1,1,40,3,3,1,0,0,99,99,99,99,99,99,0,0,0,0,1,3,1,60419,3860,2009,37,SR-23,99999999999999999999,0000000,34.17823056,-118.8613111,2,1
6,71,2,18,17,52,2,2,0,1,12,3,0,12,5,2,1,5,2,65,1,1,2,1,0,0,3,1,0,0,99,99,99,99,88,88,0,0,0,0,1,4,1,60420,3970,2009,274,SR-62,INDIAN COVE RD,0000000,34.08906111,-115.5693056,2,1
6,69,3,20,18,54,2,2,0,0,2,3,0,1,0,8,1,1,2,55,1,1,2,1,20,3,1,1,0,0,99,99,99,99,88,88,0,0,0,0,1,6,0,60421,0,2009,433,SR-25,99999999999999999999,0000000,36.7737,-121.30925,2,1
6,37,3,20,19,5,2,4,0,0,14,6,0,14,1,1,5,5,2,35,1,1,2,1,0,0,3,1,0,0,99,99,99,99,99,99,0,0,0,0,1,6,0,60422,480,2009,0,SAN FERNANDO BLVD,99999999999999999999,0000000,34.17456111,-118.3000611,1,1
6,17,3,21,15,15,1,3,0,0,5,4,0,27,0,1,4,1,2,55,2,2,2,2,40,3,1,1,0,0,99,99,99,99,99,99,0,0,0,0,2,7,1,60423,0,2009,0,GREENSTONE RD,99999999999999999999,0000000,38.68185,-120.8879194,1,1
6,33,2,23,17,34,2,2,0,0,2,3,0,12,2,1,1,1,2,50,1,1,1,2,0,0,1,1,0,0,99,99,99,99,88,88,0,0,0,0,1,2,0,60424,0,2009,238,SR-20,99999999999999999999,0000000,39.03081111,-122.7397806,2,1
6,65,2,25,16,31,1,2,1,1,12,6,0,8,0,1,1,5,2,35,1,1,2,1,0,0,1,1,0,0,99,99,99,99,99,99,0,0,0,0,1,4,0,60425,1580,2009,393,FLORIDA AVENUE,99999999999999999999,0000000,33.74760833,-116.9592472,1,1
6,67,3,28,13,0,3,5,0,1,12,2,0,12,7,1,1,3,4,65,1,1,1,1,0,0,1,1,0,1,99,99,99,99,99,99,0,0,0,0,1,7,0,60426,3150,2009,28,US-50,99999999999999999999,0000000,38.55036944,-121.4253694,3,1
6,37,3,28,15,45,3,4,0,0,13,6,0,12,1,1,1,1,4,35,1,1,2,1,20,3,1,1,0,0,99,99,99,99,99,99,0,0,0,0,1,7,0,60427,1980,2009,0,SUNSET BL,99999999999999999999,0000000,34.04681111,-118.5080361,3,1
6,65,1,1,0,57,3,9,0,1,1,1,0,12,2,1,1,3,3,65,2,1,2,1,0,0,2,1,0,0,99,99,99,99,99,99,0,0,0,0,2,5,2,60428,0,2009,344,I-215,99999999999999999999,0000000,33.89143056,-117.2719389,3,1
6,37,1,6,17,20,1,2,1,0,13,6,0,15,0,1,1,1,3,40,1,1,2,1,0,0,3,1,0,0,99,99,99,99,99,99,0,0,0,0,1,3,0,60429,1980,2009,0,SEPULVEDA BL,99999999999999999999,0000000,34.26858333,-118.4671222,1,1
6,37,1,12,10,20,1,2,1,0,14,6,0,8,0,3,1,1,4,35,1,1,2,1,3,3,1,1,0,0,99,99,99,99,99,99,0,0,0,0,1,2,0,60430,1980,2009,0,BURBANK BL,OWENSMOUTH AVE,0000000,34.17319722,-118.6017917,1,1
6,37,1,12,19,50,2,3,0,0,12,3,0,12,3,2,1,2,2,50,1,1,2,1,0,0,2,1,0,0,99,99,99,99,88,88,0,0,0,0,1,2,0,60431,2054,2009,493,SR-1,PUERCO CANYON RD,0000000,34.03416944,-118.7237111,2,1
6,73,1,30,1,56,2,4,0,0,14,6,0,12,1,1,1,1,2,25,1,1,2,1,0,0,6,1,0,0,99,99,99,99,99,99,0,0,0,0,1,6,0,60432,3375,2009,0,ROCK SPRINGS RD,99999999999999999999,0000000,33.14743333,-117.1311611,2,1
6,71,1,31,18,55,1,3,1,1,12,3,0,8,0,1,1,5,4,55,1,1,2,1,0,0,3,1,0,0,99,99,99,99,99,99,0,0,0,0,1,7,0,60433,4040,2009,981,SR-18,99999999999999999999,0000000,34.50671389,-117.3497694,1,1
6,107,2,2,2,28,2,4,0,1,2,3,0,12,2,1,1,3,2,70,1,1,2,1,0,0,2,1,0,0,99,99,99,99,99,99,0,0,0,0,2,2,1,60434,0,2009,87,SR-99,99999999999999999999,0000000,35.91343611,-119.2807417,2,1
6,65,2,3,5,19,2,3,0,1,12,3,0,12,1,1,1,3,6,65,1,1,1,1,0,0,2,1,0,0,99,99,99,99,99,99,0,0,0,0,1,3,0,60435,850,2009,35,SR-91,99999999999999999999,0000000,33.88144444,-117.617525,2,1
6,83,3,6,20,18,7,14,0,0,2,3,0,12,8,1,1,1,2,65,2,1,2,1,0,0,2,1,0,0,99,99,99,99,99,99,0,0,0,0,2,6,0,60436,0,2009,199,SR-166,99999999999999999999,0000000,35.07398056,-120.1670833,7,1
6,31,3,7,10,40,2,5,0,1,2,3,0,12,5,2,1,1,2,55,1,1,2,1,3,3,1,1,0,0,99,99,99,99,99,99,0,0,0,0,1,7,0,60437,0,2009,421,SR-41,HANFORD ARMONA RD,0000000,36.31339722,-119.8077639,2,1
6,37,3,23,20,55,2,3,0,0,13,6,0,12,2,1,1,2,3,35,1,2,2,1,0,0,3,1,0,0,99,99,99,99,99,99,0,0,0,0,1,2,1,60438,1980,2009,0,HUNTINGTON DR,99999999999999999999,0000000,34.08530278,-118.181425,2,1
6,37,3,29,2,55,1,3,2,0,14,6,0,8,0,3,1,1,6,35,1,1,2,1,3,3,3,1,0,0,99,99,99,99,99,99,0,0,0,0,1,1,0,60439,1980,2009,0,JEFFERSON BL,HOOVER ST,0000000,34.02363056,-118.284025,1,1
6,67,1,20,11,55,1,1,0,0,2,3,0,42,0,1,5,1,2,55,2,1,2,1,0,0,1,1,0,0,99,99,99,99,88,88,0,0,0,0,1,3,0,60440,0,2009,238,SR-160,99999999999999999999,0000000,38.34064722,-121.5421139,1,1
6,37,3,29,22,50,1,2,1,1,13,6,0,8,0,2,1,1,4,35,1,1,2,1,20,3,3,1,0,0,99,99,99,99,99,99,0,0,0,0,1,1,0,60441,1980,2009,0,FIGUEROA ST,AVENUE 51,0000000,34.105675,-118.2009167,1,1
6,29,3,31,0,25,1,1,0,0,15,6,0,1,0,1,5,1,2,55,1,2,2,1,0,0,2,1,0,0,99,99,99,99,88,88,0,0,0,0,1,3,1,60442,0,2009,0,SUNSET PLAZA DR,99999999999999999999,0000000,35.47986111,-118.7488,1,1
6,37,4,7,10,30,2,2,0,0,13,6,0,12,5,2,1,2,2,35,1,1,2,1,20,3,1,1,0,0,99,99,99,99,99,99,0,0,0,0,1,3,0,60443,1980,2009,0,SHERMAN WY,CAPPS AVE,0000000,34.20118611,-118.5396972,2,1
6,77,4,7,11,36,2,2,0,1,2,3,0,12,5,1,1,1,2,55,1,1,2,1,0,0,1,1,0,0,99,99,99,99,99,99,0,0,0,0,1,3,0,60444,0,2009,73,SR-120,99999999999999999999,0000000,37.79758611,-121.1714528,2,1
6,29,4,7,21,25,1,2,0,0,2,3,0,30,0,1,4,1,2,55,1,1,2,1,0,0,2,1,0,0,99,99,99,99,99,99,0,0,0,0,1,3,1,60445,0,2009,67,SR-223,99999999999999999999,0000000,35.20884444,-119.0777417,1,1
6,73,4,7,23,25,1,2,1,0,13,6,0,8,0,2,1,5,4,35,1,2,2,2,0,0,3,2,0,0,99,99,99,99,88,88,0,0,0,0,1,3,0,60446,3260,2009,0,70TH ST,NERI DR,0000000,32.75703611,-117.0476306,1,2
6,37,4,8,4,50,1,1,0,1,11,1,0,33,0,13,4,6,2,55,1,1,2,2,0,0,3,1,0,0,99,99,99,99,88,88,0,0,0,0,1,4,0,60447,1980,2009,1,I-10 RAMP,99999999999999999999,0000000,34.05355,-118.2224139,1,1
6,67,4,9,4,30,1,3,0,1,11,1,0,35,0,1,5,3,4,65,2,1,1,1,0,0,2,1,0,0,99,99,99,99,88,88,0,0,0,0,3,5,1,60448,3150,2009,182,I-5,99999999999999999999,0000000,38.50937222,-121.5220556,1,1
6,65,3,31,16,39,1,2,1,0,14,6,0,8,0,1,1,2,2,40,1,1,2,1,0,0,1,1,0,0,99,99,99,99,88,88,0,0,0,0,1,3,0,60449,3070,2009,0,SPRUCE ST,99999999999999999999,0000000,33.99030556,-117.3457639,1,1
6,19,4,5,0,11,3,2,0,1,12,3,0,14,1,1,2,3,3,65,2,1,2,1,0,0,2,1,0,0,99,99,99,99,99,99,0,0,0,0,1,1,1,60450,1370,2009,239,SR-41,99999999999999999999,0000000,36.76571389,-119.7773806,2,1
6,65,4,5,1,30,1,1,0,0,14,6,0,38,0,1,4,1,2,55,2,1,2,1,0,0,2,1,0,0,99,99,99,99,88,88,0,3,0,0,1,1,1,60451,3320,2009,0,RAMONA EXPWY,99999999999999999999,0000000,33.79986944,-116.9485611,1,1