STATE,COUNTY,MONTH,DAY,HOUR,MINUTE,VE_TOTAL,PERSONS,PEDS,NHS,ROAD_FNC,ROUTE,SP_JUR,HARM_EV,MAN_COLL,REL_JUNC,REL_ROAD,TRAF_FLO,NO_LANES,SP_LIMIT,ALIGNMNT,PROFILE,PAVE_TYP,SUR_COND,TRA_CONT,T_CONT_F,LGT_COND,WEATHER1,WEATHER2,WRK_ZONE,NOT_HOUR,NOT_MIN,ARR_HOUR,ARR_MIN,HOSP_HR,HOSP_MN,SCH_BUS,CF1,CF2,CF3,FATALS,DAY_WEEK,DRUNK_DR,ST_CASE,CITY,YEAR,MILEPT,TWAY_ID,TWAY_ID2,RAIL,LATITUDE,LONGITUD,VE_FORMS,WEATHER
6,37,4,5,15,5,1,3,1,0,13,6,0,9,0,1,1,2,2,40,1,1,2,1,0,0,1,1,0,0,99,99,99,99,99,99,0,0,0,0,1,1,0,60452,2749,2009,0,ROSEMEAD BL,99999999999999999999,0000000,33.99614167,-118.0855028,1,1
6,1,4,6,8,0,1,2,1,0,6,4,0,8,0,2,1,1,2,25,1,1,2,1,0,0,1,1,0,0,99,99,99,99,99,99,0,0,0,0,1,2,0,60453,0,2009,0,MATEO ST,GREEN CT,0000000,37.70082222,-122.1185583,1,1
6,95,4,6,8,44,2,3,0,0,14,6,0,12,5,2,1,2,2,35,1,1,2,1,3,3,1,1,0,0,99,99,99,99,99,99,0,0,0,0,1,2,0,60454,4010,2009,0,ULATIS DR,BURTON DR,0000000,38.35751111,-121.9579083,2,1
6,71,4,6,13,35,2,2,0,1,11,1,0,1,0,1,1,3,4,65,1,1,1,1,0,0,1,1,0,0,99,99,99,99,99,99,0,0,0,0,1,2,0,60455,2960,2009,227,I-10,99999999999999999999,0000000,34.0668,-117.2368444,2,1
6,73,4,6,16,0,2,2,0,0,2,3,0,1,0,1,1,1,2,55,2,1,1,1,28,3,1,1,0,0,99,99,99,99,99,99,0,0,0,0,1,2,0,60456,0,2009,356,SR-79,99999999999999999999,0000000,33.28564167,-116.6381333,2,1
6,73,4,6,21,36,2,3,0,0,13,6,0,12,5,2,1,2,3,35,1,1,1,1,3,3,3,1,0,0,99,99,99,99,88,88,0,0,0,0,1,2,0,60457,3260,2009,0,PACIFIC HWY,W CEDAR SR,0000000,32.72195833,-117.1710417,2,1
6,71,4,6,22,30,1,1,0,1,12,3,0,25,0,1,3,3,4,65,1,1,1,1,0,0,3,1,0,0,99,99,99,99,99,99,0,0,0,0,1,2,1,60458,2922,2009,87,SR-210,99999999999999999999,0000000,34.13670556,-117.5454444,1,1
6,65,1,7,5,42,1,2,1,0,13,3,0,8,0,1,1,2,1,40,1,1,2,1,0,0,2,1,0,0,99,99,99,99,88,88,0,0,0,0,1,4,0,60459,1801,2009,134,SR-74,99999999999999999999,0000000,33.67753333,-117.3729833,1,1
6,65,2,1,13,32,2,2,0,0,14,6,0,12,5,1,1,5,4,35,1,1,1,1,0,0,1,1,0,0,99,99,99,99,99,99,0,0,0,0,1,1,0,60460,410,2009,0,7TH ST,99999999999999999999,0000000,33.60941944,-114.5881306,2,1
6,71,2,10,18,3,1,2,1,0,16,6,0,8,0,3,1,5,4,35,1,1,2,1,20,3,5,1,0,0,99,99,99,99,99,99,0,0,0,0,1,3,0,60461,3210,2009,0,2ND ST,ALLEN ST,0000000,34.10272778,-117.2819806,1,1
6,95,4,3,23,40,1,1,0,1,11,1,0,24,0,5,4,6,1,70,2,2,2,1,0,0,2,1,0,0,99,99,99,99,88,88,0,0,0,0,1,6,1,60462,4010,2009,283,I-505 RAMP,99999999999999999999,0000000,38.37160833,-121.9563528,1,1
6,29,4,4,1,19,1,2,0,0,6,4,0,38,0,1,4,1,2,25,1,1,2,1,0,0,3,1,0,0,99,99,99,99,99,99,0,0,0,0,1,7,1,60463,0,2009,0,DOROTHY ST,99999999999999999999,0000000,35.36825556,-118.9386639,1,1
6,19,4,8,5,45,2,4,1,0,15,6,0,9,0,1,1,1,2,45,1,1,2,2,0,0,3,1,0,0,99,99,99,99,99,99,0,0,0,0,1,4,0,60464,1370,2009,0,CHERRY AVE,99999999999999999999,0000000,36.69972778,-119.7817417,2,1
6,81,4,8,7,40,2,3,0,0,3,4,0,12,5,1,1,1,2,45,2,2,1,2,0,0,1,1,0,0,99,99,99,99,88,88,0,0,0,0,1,4,0,60465,0,2009,0,EDGEWOOD RD,99999999999999999999,0000000,37.47441667,-122.2771667,2,1
6,65,2,8,15,0,1,4,3,0,12,3,0,8,0,1,2,3,2,55,2,2,1,2,0,0,1,2,0,0,99,99,99,99,99,99,0,0,0,0,1,1,0,60466,0,2009,83,SR-71,99999999999999999999,0000000,33.92324167,-117.654475,1,2
6,73,4,4,2,27,1,2,0,0,14,6,0,33,0,1,4,2,2,35,1,1,2,1,0,0,3,1,0,0,99,99,99,99,99,99,0,0,0,0,2,7,1,60467,3260,2009,0,CLAIREMONT DR,99999999999999999999,0000000,32.79251944,-117.1965639,1,1
6,29,4,4,5,50,1,2,0,1,2,3,0,30,0,1,4,1,2,55,1,1,1,1,0,0,3,1,0,0,99,99,99,99,99,99,0,0,0,0,1,7,0,60468,0,2009,523,SR-46,99999999999999999999,0000000,35.60173056,-119.3090333,1,1
6,111,4,4,7,13,1,1,0,0,14,6,0,42,0,1,4,5,2,35,2,2,2,1,0,0,1,1,0,0,99,99,99,99,88,88,0,0,0,0,1,7,1,60469,533,2009,0,TEMPLE AVE,99999999999999999999,0000000,34.22208333,-119.0299778,1,1
6,59,3,29,4,20,1,2,0,0,15,6,0,33,0,1,4,2,3,45,1,1,2,1,0,0,3,1,0,0,99,99,99,99,99,99,0,0,0,0,1,1,0,60470,470,2009,0,VALLEY VIEW ST,99999999999999999999,0000000,33.85948889,-118.0285556,1,1
6,37,3,29,5,30,2,2,0,0,13,6,0,12,2,1,1,5,4,35,1,1,2,1,0,0,3,1,0,0,99,99,99,99,99,99,0,0,0,0,1,1,1,60471,1980,2009,0,WOODLEY AVE,99999999999999999999,0000000,34.2271,-118.4851694,2,1
6,71,4,11,18,30,1,2,0,0,6,4,0,1,0,1,1,1,2,55,1,1,5,1,0,0,1,1,0,0,99,99,99,99,88,88,0,4,0,0,2,7,1,60472,0,2009,0,SMOKE TREE RD,99999999999999999999,0000000,34.44131667,-117.5319694,1,1
6,59,4,11,21,47,1,2,1,0,13,6,0,8,0,3,1,2,6,40,1,1,2,1,2,3,3,1,0,0,99,99,99,99,88,88,0,0,0,0,1,7,0,60473,3420,2009,0,1ST ST,JACKSON ST,0000000,33.74519722,-117.9158361,1,1
6,37,4,11,23,15,2,1,0,0,14,6,0,12,7,1,2,1,4,40,1,1,2,1,0,0,3,1,0,0,99,99,99,99,88,88,0,0,0,0,1,7,1,60474,1980,2009,0,RINALDI ST,99999999999999999999,0000000,34.27537222,-118.5462222,1,1
6,29,1,11,4,38,1,1,0,0,13,6,0,39,0,1,4,2,3,45,2,1,2,1,0,0,3,1,0,0,99,99,99,99,88,88,0,20,0,0,1,1,1,60475,240,2009,0,CALLOWAY DR,99999999999999999999,0000000,35.36725,-119.1119889,1,1
6,37,1,15,5,0,1,2,1,0,13,6,0,8,0,1,1,1,4,35,1,1,2,1,0,0,3,1,0,0,99,99,99,99,99,99,0,0,0,0,1,5,0,60476,3105,2009,0,VALLEY BL,99999999999999999999,0000000,34.08073333,-118.0732722,1,1
6,71,1,25,0,1,1,1,0,0,4,4,0,38,0,1,4,1,2,55,1,1,2,1,0,0,6,1,0,0,99,99,99,99,99,99,0,0,0,0,1,1,0,60477,0,2009,0,CENTRAL RD,99999999999999999999,0000000,34.42643889,-117.1726,1,1
6,59,2,1,19,15,2,5,1,0,14,6,0,12,4,1,1,5,4,35,1,1,1,1,0,0,3,1,0,0,99,99,99,99,99,99,0,0,0,0,1,1,1,60478,3420,2009,0,NEWHOPE ST,99999999999999999999,0000000,33.74288611,-117.9287278,2,1
6,85,2,3,22,48,2,5,0,0,14,6,0,12,5,2,1,2,2,35,1,1,2,1,3,3,3,1,0,0,99,99,99,99,99,99,0,0,0,0,1,3,1,60479,3340,2009,0,RUBY AVE,QUIMBY RD,0000000,37.32494444,-121.782175,2,1
6,73,2,4,17,40,1,2,1,0,15,6,0,8,0,1,1,1,2,35,1,1,2,1,0,0,5,1,0,0,99,99,99,99,99,99,0,0,0,0,1,4,0,60480,3375,2009,0,SMILAX RD,99999999999999999999,0000000,33.15571667,-117.2081667,1,1
6,37,2,6,20,45,1,1,0,1,11,1,0,25,0,13,4,6,2,65,2,2,1,2,0,0,3,2,0,0,99,99,99,99,88,88,0,0,0,0,1,6,0,60481,1550,2009,26,I-405 RAMP,99999999999999999999,0000000,33.92001389,-118.3657111,1,2
6,73,2,13,19,25,1,2,0,1,1,1,0,52,0,1,4,2,2,70,1,1,1,2,0,0,2,2,0,0,99,99,99,99,99,99,0,0,0,0,1,6,1,60482,0,2009,302,I-8,99999999999999999999,0000000,32.83538056,-116.7505556,1,2
6,23,2,16,12,0,1,1,0,0,6,4,0,27,0,1,4,1,2,25,2,1,2,2,0,0,1,2,0,0,99,99,99,99,99,99,0,0,0,0,1,2,0,60483,0,2009,0,MAIN ST,99999999999999999999,0000000,40.17480833,-123.6117278,1,2
6,65,4,16,6,57,1,2,1,0,6,4,0,8,0,1,1,1,2,0,2,2,2,1,0,0,1,1,0,0,99,99,99,99,99,99,0,0,0,0,1,5,0,60484,0,2009,0,CORAL CANYON RD,99999999999999999999,0000000,33.75116111,-117.4652194,1,1
6,39,2,20,19,18,1,1,0,0,16,6,0,1,0,1,1,1,2,25,1,1,2,1,0,0,3,1,0,0,99,99,99,99,99,99,0,0,0,0,1,6,0,60485,2050,2009,0,ORCHARD AVE,99999999999999999999,0000000,36.9617,-120.0800778,1,1
6,71,4,5,1,52,2,6,0,0,13,3,0,12,1,1,1,2,2,40,1,1,2,1,0,0,3,1,0,0,99,99,99,99,99,99,0,20,0,0,1,1,1,60486,3000,2009,191,SR-66,99999999999999999999,0000000,34.10676944,-117.3708194,2,1
6,29,4,13,14,17,2,2,0,0,13,6,0,12,5,2,1,1,2,55,1,1,2,1,20,3,1,1,0,0,99,99,99,99,99,99,0,0,0,0,1,2,0,60487,240,2009,0,OLD RIVER RD,PANAMA LN,0000000,35.29620556,-119.1098417,2,1
6,107,4,13,15,0,1,2,0,0,2,4,0,34,0,1,6,1,2,55,2,2,2,1,0,0,1,1,0,0,99,99,99,99,99,99,0,0,0,0,1,2,0,60488,0,2009,0,MTN 137,99999999999999999999,0000000,36.02598611,-118.9067889,1,1
6,57,4,4,8,24,1,25,0,1,1,1,0,52,0,1,4,3,2,65,2,2,1,1,0,0,1,1,0,0,99,99,99,99,99,99,0,0,0,0,1,7,0,60489,0,2009,244,I-80,99999999999999999999,0000000,39.37190278,-120.052275,1,1
6,37,4,5,3,19,2,1,0,0,4,4,0,14,1,1,2,5,2,55,1,1,2,1,0,0,2,1,0,0,99,99,99,99,88,88,0,0,0,0,1,1,1,60490,0,2009,0,E AVENUE S,99999999999999999999,0000000,34.55796111,-117.9573194,1,1
6,33,4,7,16,0,3,3,0,1,2,3,0,12,4,1,1,1,3,55,1,2,2,2,0,0,1,2,0,0,99,99,99,99,99,99,0,0,0,0,1,3,0,60491,0,2009,442,SR-20,99999999999999999999,0000000,39.01496111,-122.4415889,3,2
6,81,4,11,4,5,1,2,1,1,1,1,0,8,0,13,1,6,2,65,1,1,1,1,0,0,2,1,0,0,99,99,99,99,88,88,0,0,0,0,1,7,1,60492,970,2009,271,I-280 RAMP,99999999999999999999,0000000,37.42251111,-122.2831,1,1
6,37,4,12,4,34,1,1,0,1,12,3,0,33,0,1,8,3,5,65,1,1,1,1,0,0,3,1,0,0,99,99,99,99,99,99,0,0,0,0,1,1,1,60493,0,2009,36,SR-6,99999999999999999999,0000000,34.03668889,-118.1637694,1,1
6,29,4,12,18,48,3,8,0,0,2,3,0,12,2,1,1,1,2,60,2,3,2,1,40,3,1,1,0,0,99,99,99,99,99,99,0,0,0,0,1,1,0,60494,0,2009,667,SR-178,99999999999999999999,0000000,35.72818056,-118.1682611,3,1
6,37,4,12,21,50,1,2,0,0,4,4,0,31,0,1,5,1,4,35,2,2,2,1,0,0,3,1,0,0,99,99,99,99,88,88,0,0,0,0,2,1,1,60495,0,2009,0,MEDFORD,99999999999999999999,0000000,34.06051944,-118.1905806,1,1
6,65,4,13,6,26,2,2,0,0,2,4,0,12,2,1,1,1,2,55,1,1,1,1,0,0,1,1,0,0,99,99,99,99,99,99,0,0,0,0,1,2,0,60496,0,2009,0,GRAPEFRUIT BL,99999999999999999999,0000000,33.63315,-116.1330806,2,1
6,75,4,5,6,35,1,2,1,0,13,6,0,8,0,3,1,4,2,25,1,1,2,1,2,3,1,1,0,0,99,99,99,99,99,99,0,0,0,0,1,1,0,60497,3290,2009,0,KEARNEY ST,SACRAMENTO ST,0000000,37.79359167,-122.404625,1,1
6,97,4,13,7,15,1,2,1,0,4,4,0,8,0,1,1,1,2,30,1,1,2,1,0,0,1,1,0,0,99,99,99,99,99,99,0,0,0,0,1,2,0,60498,0,2009,0,VERANO AVE,99999999999999999999,0000000,38.30219722,-122.4860583,1,1
6,19,4,13,13,56,1,4,0,1,1,1,0,1,0,1,1,2,2,70,1,1,2,1,0,0,1,1,0,0,99,99,99,99,99,99,0,0,0,0,1,2,0,60499,0,2009,31,I-5,99999999999999999999,0000000,36.11104444,-120.1341667,1,1
6,77,4,13,13,57,2,2,0,0,13,6,0,12,5,2,1,1,4,25,1,1,2,1,3,3,1,1,0,0,99,99,99,99,99,99,0,0,0,0,1,2,0,60500,3770,2009,0,WEST LN,HAMMERTOWN DR,0000000,38.01658056,-121.2948861,2,1
6,13,1,31,17,35,2,3,0,0,16,6,0,1,0,2,1,1,4,40,1,1,1,1,20,3,5,1,0,0,99,99,99,99,88,88,0,0,0,0,1,7,0,60501,110,2009,0,LARKSPUR DR,MAYFLOWER DR,0000000,37.99454444,-121.7780944,2,1
6,25,2,15,18,49,1,4,1,0,13,6,0,9,0,1,1,1,2,55,1,1,1,1,0,0,2,1,0,0,99,99,99,99,88,88,0,0,0,0,1,1,0,60502,440,2009,0,DOGWOOD RD,99999999999999999999,0000000,32.96031667,-115.5351444,1,1
6,65,3,1,18,20,1,2,1,1,2,3,0,8,0,2,1,5,4,45,1,1,1,1,0,0,2,1,0,0,99,99,99,99,88,88,0,0,0,0,1,1,0,60503,3786,2009,84,SR-74,2ND ST,0000000,33.74700556,-117.1772639,1,1
6,65,3,9,16,59,4,6,0,0,15,6,0,12,1,1,1,1,4,45,1,1,1,1,0,0,1,1,0,0,99,99,99,99,99,99,0,0,0,0,1,2,0,60504,1690,2009,0,JACKSON ST,99999999999999999999,0000000,33.71159444,-116.2163722,4,1
6,5,3,9,18,50,1,1,0,1,2,3,0,24,0,1,4,1,3,55,2,1,2,1,0,0,1,1,0,0,99,99,99,99,99,99,0,0,0,0,1,2,0,60505,0,2009,101,SR-88,99999999999999999999,0000000,38.34413056,-120.8634,1,1
6,29,3,22,16,6,1,6,1,0,14,6,0,9,0,3,1,2,3,40,1,1,2,1,3,3,1,1,0,0,99,99,99,99,99,99,0,0,0,0,1,1,0,60506,240,2009,0,E TRUXTUN AVE,BAKER ST,0000000,35.37356389,-118.9940528,1,1
6,65,3,22,20,22,1,2,1,0,13,6,0,8,0,1,1,9,9,45,1,1,2,1,0,0,3,1,0,0,99,99,99,99,99,99,0,0,0,0,1,1,0,60507,2650,2009,0,RAMON RD,99999999999999999999,0000000,33.81588056,-116.5422028,1,1
6,73,4,8,15,50,1,2,1,0,13,4,0,15,0,1,1,5,4,45,1,1,2,1,0,0,1,1,0,0,99,99,99,99,99,99,0,0,0,0,1,4,0,60508,0,2009,0,WINTER GARDENS BLVD,99999999999999999999,0000000,32.84755833,-116.9311083,1,1
6,73,4,12,15,10,2,3,0,0,13,6,0,12,5,2,1,2,3,40,1,1,1,1,3,3,1,1,0,0,99,99,99,99,99,99,0,0,0,0,1,1,0,60509,4060,2009,0,S MELROSE DR,HACIENDA DR,0000000,33.19370278,-117.2536194,2,1
6,67,4,16,20,0,3,5,0,0,13,6,0,12,5,2,1,1,2,30,1,1,2,1,20,3,6,1,0,0,99,99,99,99,99,99,0,0,0,0,1,5,0,60510,3150,2009,0,EL CAMINO AVE,COLFAX ST,0000000,38.61113611,-121.4642667,3,1
6,19,4,17,1,15,2,3,0,1,2,3,0,12,5,1,1,1,2,55,1,1,2,1,0,0,2,1,0,0,99,99,99,99,99,99,0,0,0,0,3,6,1,60511,0,2009,665,SR-180,99999999999999999999,0000000,36.73683333,-119.6472722,2,1
6,47,4,18,15,32,2,3,0,0,4,4,0,12,5,1,1,1,2,55,1,1,2,1,0,0,1,1,0,0,99,99,99,99,99,99,0,0,0,0,1,7,1,60512,0,2009,0,EL CAPITAN WY,99999999999999999999,0000000,37.43394722,-120.7646583,2,1
6,65,1,15,21,58,2,8,1,1,11,1,0,8,0,1,1,3,2,65,1,1,2,1,0,0,2,1,0,0,99,98,99,98,88,88,0,0,0,0,1,5,0,60513,2730,2009,267,I-215,99999999999999999999,0000000,33.78563889,-117.2183889,2,1
6,53,1,20,13,3,3,4,0,1,2,2,0,12,5,2,1,3,2,60,1,1,1,1,20,3,1,1,0,0,99,99,99,99,99,99,0,14,0,0,1,3,0,60514,0,2009,1011,US-101,SAN JUAN RD,0000000,36.85533056,-121.63295,3,1
6,99,2,22,0,48,1,1,0,0,6,4,0,35,0,1,4,1,2,45,1,1,2,2,0,0,2,2,0,0,99,99,99,99,88,88,0,0,0,0,1,1,1,60515,0,2009,0,ELM AVE,99999999999999999999,0000000,37.5037,-121.1087611,1,2
6,65,2,27,16,54,1,2,0,0,16,6,0,5,0,1,1,1,2,25,1,1,2,1,0,0,1,1,0,0,99,99,99,99,99,99,0,4,0,0,1,6,0,60516,1580,2009,0,APRICOT LN,99999999999999999999,0000000,33.74082778,-116.9646,1,1
6,37,3,1,0,49,1,1,0,1,12,3,0,25,0,1,4,3,3,65,2,2,1,1,0,0,2,1,0,0,99,99,99,99,88,88,0,0,0,0,1,1,1,60517,2645,2009,608,SR-14,99999999999999999999,0000000,34.59458889,-118.1347889,1,1
6,37,3,7,1,15,1,2,0,0,13,6,0,26,0,2,4,1,4,40,1,1,2,1,3,3,2,1,0,0,99,99,99,99,99,99,0,0,0,0,1,7,0,60518,4030,2009,0,ALAMEDA ST,38TH ST,0000000,34.00801389,-118.2393167,1,1
6,107,4,9,9,14,4,5,0,0,2,3,0,12,2,1,1,1,2,55,1,1,2,1,0,0,1,1,0,0,99,99,99,99,99,99,0,14,0,0,1,5,0,60519,0,2009,237,SR-137,99999999999999999999,0000000,36.21110833,-119.2023472,4,1
6,71,4,14,20,45,1,2,1,0,4,4,0,8,0,1,4,1,2,40,1,1,2,1,0,0,2,1,0,0,99,99,99,99,88,88,0,0,0,0,1,3,0,60520,0,2009,0,PIPELINE AVE,99999999999999999999,0000000,34.03870833,-117.7156417,1,1
6,73,4,15,5,5,2,4,0,1,11,1,0,12,7,1,1,3,5,65,1,1,2,1,0,0,2,1,0,0,99,99,99,99,99,99,0,0,0,0,1,4,0,60521,3260,2009,122,I-805,99999999999999999999,0000000,32.69981111,-117.0945694,2,1
6,107,4,4,20,40,1,3,0,0,6,4,0,23,0,1,4,1,2,55,1,1,2,1,0,0,2,1,0,0,99,99,99,99,99,99,0,0,0,0,1,7,1,60522,0,2009,0,E FIR ST,99999999999999999999,0000000,36.22166944,-119.0783389,1,1
6,73,4,6,22,48,1,2,0,0,15,6,0,33,0,3,4,2,2,35,1,1,2,1,3,3,3,1,0,0,99,99,99,99,99,99,0,0,0,0,2,2,1,60523,3260,2009,0,HARBOR ISLAND DR,HARBOR ISLND DR 1000,0000000,32.72429444,-117.2121306,1,1
6,37,4,7,1,45,1,1,0,1,11,1,0,33,0,13,4,6,2,65,2,1,1,1,0,0,3,1,0,0,99,99,99,99,88,88,0,0,0,0,1,3,1,60524,1980,2009,58,I-210,99999999999999999999,0000000,34.28856944,-118.4090306,1,1
6,19,4,7,6,43,2,2,0,0,4,4,0,12,5,3,1,1,2,55,1,1,2,1,20,3,1,1,0,0,99,99,99,99,88,88,0,0,0,0,1,3,0,60525,0,2009,0,BETHEL AVE,AMERICAN AVE,0000000,36.66326111,-119.5742694,2,1
6,65,4,7,10,19,1,2,1,0,13,6,0,8,0,1,1,2,3,40,1,1,2,1,0,0,1,1,0,0,99,99,99,99,99,99,0,0,0,0,1,3,0,60526,850,2009,0,MAGNOLIA AVE,99999999999999999999,0000000,33.85708889,-117.5580889,1,1
6,71,4,15,4,30,1,2,1,1,12,3,0,8,0,1,1,3,5,65,1,1,1,1,0,0,2,1,0,0,99,99,99,99,88,88,0,0,0,0,1,4,0,60527,680,2009,26,SR-60,99999999999999999999,0000000,34.02399722,-117.7447694,1,1
6,23,4,15,20,26,1,2,1,0,13,6,0,8,0,1,1,2,3,30,1,1,2,1,20,3,3,1,0,0,99,99,99,99,99,99,0,0,0,0,1,4,0,60528,1220,2009,0,5TH ST,99999999999999999999,0000000,40.80299722,-124.1583528,1,1
6,99,1,29,14,35,3,7,0,0,4,4,0,12,1,1,1,5,2,45,1,1,2,1,0,0,1,1,0,0,99,99,99,99,99,99,0,0,0,0,1,5,0,60529,0,2009,0,HATCH RD,99999999999999999999,0000000,37.60961111,-120.9972694,3,1
6,71,2,8,1,15,1,3,0,0,16,6,0,33,0,1,4,1,2,25,2,2,2,2,0,0,3,2,0,0,99,99,99,99,99,99,0,0,0,0,1,1,1,60530,1947,2009,0,WHITTIER ST,99999999999999999999,0000000,34.04871667,-117.2328611,1,2
6,59,4,9,0,23,3,7,0,0,13,6,0,12,5,2,1,2,3,35,1,1,2,1,3,3,3,1,0,0,99,99,99,99,99,99,0,0,0,0,3,5,2,60531,1380,2009,0,ORANGETHORPE AVE,LEMON STREET,0000000,33.85909167,-117.9846389,3,1
6,71,4,16,16,33,3,3,0,0,16,6,0,12,5,1,1,1,2,25,1,2,2,1,40,3,1,1,0,0,99,99,99,99,99,99,0,0,0,0,1,5,0,60532,1305,2009,0,COYOTE CYN RD,99999999999999999999,0000000,34.16418889,-117.4797139,3,1
6,31,4,17,22,0,2,2,0,0,6,4,0,12,2,1,1,1,2,55,1,1,2,1,0,0,2,1,0,0,99,99,99,99,99,99,0,0,0,0,1,6,0,60533,0,2009,0,KING AVE,99999999999999999999,0000000,36.204,-119.7944194,2,1
6,73,4,17,23,26,1,2,0,0,16,6,0,38,0,1,5,2,1,40,1,1,2,1,0,0,3,1,0,0,99,99,99,99,99,99,0,0,0,0,1,6,1,60534,4060,2009,0,W VISTA WAY,99999999999999999999,0000000,33.19399444,-117.2666306,1,1
6,31,4,18,2,35,1,1,0,0,4,4,0,1,0,1,5,1,2,55,1,1,2,1,0,0,2,1,0,0,99,99,99,99,88,88,0,0,0,0,1,7,0,60535,0,2009,0,18TH AVE,99999999999999999999,0000000,36.359575,-119.7809056,1,1
6,59,4,18,3,8,2,3,2,1,11,1,0,14,1,13,2,6,1,65,1,1,2,1,0,0,3,1,0,0,99,99,99,99,99,99,0,0,0,0,1,7,1,60536,80,2009,375,I-5 RAMP,99999999999999999999,0000000,33.81645,-117.9168611,1,1
6,47,4,18,3,8,1,1,0,1,2,3,0,1,0,1,5,2,2,65,1,1,1,1,0,0,3,1,0,0,99,99,99,99,88,88,0,0,0,0,1,7,1,60537,0,2009,312,SR-99,99999999999999999999,0000000,37.39934722,-120.7427944,1,1
6,71,2,15,18,42,1,4,1,0,13,6,0,9,0,2,1,1,2,25,1,1,2,1,20,3,3,1,0,0,99,99,99,99,99,99,0,0,0,0,1,1,1,60538,2922,2009,0,19TH ST,JASPER ST,0000000,34.13261667,-117.6206944,1,1
6,99,2,20,8,40,1,1,0,0,3,4,0,38,0,1,4,1,2,55,1,2,2,1,0,0,1,5,0,0,99,99,99,99,99,99,0,0,0,0,1,6,0,60539,0,2009,0,PATTERSON RD,99999999999999999999,0000000,37.73284722,-120.850575,1,5
6,37,2,25,7,54,3,6,0,0,16,6,0,12,5,1,1,1,2,25,1,1,2,1,0,0,1,1,0,0,99,99,99,99,88,88,0,0,0,0,1,4,0,60540,245,2009,0,HARLAN AVE,99999999999999999999,0000000,34.09481944,-117.980225,3,1
6,67,3,8,19,15,1,2,0,0,6,4,0,1,0,1,5,1,2,55,2,1,2,1,0,0,2,1,0,0,99,99,99,99,88,88,0,0,0,0,1,1,1,60541,0,2009,0,RACE TRACK RD,99999999999999999999,0000000,38.22773056,-121.5256972,1,1
6,73,4,18,13,54,2,2,0,0,14,6,0,12,4,1,1,1,4,40,1,2,2,1,0,0,1,1,0,0,99,99,99,99,99,99,0,0,0,0,1,7,0,60542,4060,2009,0,S SANTA FE AVE,99999999999999999999,0000000,33.18470278,-117.2231167,2,1
6,37,2,18,13,30,2,2,0,0,13,6,0,12,7,1,1,2,4,35,1,1,2,1,0,0,1,1,0,0,99,99,99,99,88,88,0,0,0,0,1,4,0,60543,1980,2009,0,LOS FELIZ BLVD,99999999999999999999,0000000,34.11009444,-118.2973028,2,1
6,75,3,10,10,4,1,2,1,0,13,6,0,8,0,3,1,4,2,25,1,2,2,1,3,3,1,1,0,0,99,99,99,99,99,99,0,0,0,0,1,3,0,60544,3290,2009,0,PINE ST,TAYLOR ST,0000000,37.79065556,-122.41225,1,1
6,37,3,13,12,45,1,3,1,0,13,6,0,9,0,1,1,1,4,35,1,1,2,1,0,0,1,1,0,0,99,99,99,99,99,99,0,0,0,0,1,6,0,60545,1980,2009,0,ANAHEIM ST,99999999999999999999,0000000,33.78073056,-118.2487306,1,1
6,37,3,12,22,20,1,2,1,0,13,6,0,8,0,1,1,1,4,35,1,1,2,1,20,3,3,1,0,0,99,99,99,99,99,99,0,0,0,0,1,5,0,60546,1980,2009,0,E CAHUENGA BLVD,99999999999999999999,0000000,34.12262778,-118.3406389,1,1
6,75,3,19,14,27,1,2,1,0,14,6,0,8,0,3,1,1,3,25,1,1,2,1,3,3,1,1,0,0,99,99,99,99,99,99,1,0,0,0,1,5,0,60547,3290,2009,0,7TH ST,TOWNSEND ST,0000000,37.7718,-122.401625,1,1
6,73,3,21,1,59,1,3,1,0,14,6,0,8,0,3,1,5,2,35,1,2,2,1,0,0,3,1,0,0,99,99,99,99,99,99,0,0,0,0,1,7,1,60548,710,2009,0,BROADWAY,MCINTOSH ST,0000000,32.64650556,-117.0955194,1,1
6,37,3,21,22,1,1,5,1,0,2,6,0,8,0,3,1,1,2,40,1,1,2,1,20,3,3,1,0,0,99,99,99,99,99,99,0,0,0,0,1,7,0,60549,0,2009,0,INEZ AVE,TELEGRAPH RD,0000000,33.93841111,-118.0439333,1,1
6,37,3,24,20,10,2,3,0,1,11,1,0,25,0,1,3,3,3,55,2,4,2,1,40,3,3,1,0,0,99,99,99,99,99,99,0,0,0,0,1,3,0,60550,1980,2009,260,I-110,99999999999999999999,0000000,34.03026944,-118.2745556,2,1
6,65,3,24,22,48,1,1,0,1,12,3,0,42,0,1,4,3,4,65,1,1,1,1,0,0,2,1,0,0,99,99,99,99,99,99,0,0,0,0,1,3,0,60551,3070,2009,130,SR-91,99999999999999999999,0000000,33.90609167,-117.4571111,1,1