STATE,COUNTY,MONTH,DAY,HOUR,MINUTE,VE_TOTAL,PERSONS,PEDS,NHS,ROAD_FNC,ROUTE,SP_JUR,HARM_EV,MAN_COLL,REL_JUNC,REL_ROAD,TRAF_FLO,NO_LANES,SP_LIMIT,ALIGNMNT,PROFILE,PAVE_TYP,SUR_COND,TRA_CONT,T_CONT_F,LGT_COND,WEATHER1,WEATHER2,WRK_ZONE,NOT_HOUR,NOT_MIN,ARR_HOUR,ARR_MIN,HOSP_HR,HOSP_MN,SCH_BUS,CF1,CF2,CF3,FATALS,DAY_WEEK,DRUNK_DR,ST_CASE,CITY,YEAR,MILEPT,TWAY_ID,TWAY_ID2,RAIL,LATITUDE,LONGITUD,VE_FORMS,WEATHER
6,17,3,25,99,99,1,1,0,1,2,2,0,39,0,1,4,1,2,55,2,2,2,1,0,0,2,1,0,0,99,99,99,99,88,88,0,0,0,0,1,4,0,60552,0,2009,671,US-50,99999999999999999999,0000000,38.81924722,-120.02735,1,1
6,75,3,27,12,50,1,2,1,0,13,6,0,15,0,1,1,5,2,35,1,1,2,1,0,0,1,1,0,0,99,99,99,99,88,88,0,0,0,0,1,6,0,60553,3290,2009,0,GENEVA AVE,99999999999999999999,0000000,37.71091667,-122.4260833,1,1
6,71,3,28,21,19,1,2,1,0,12,3,0,8,0,1,1,5,2,40,1,1,2,1,9,3,3,1,0,0,99,99,99,99,99,99,0,0,0,0,1,7,0,60554,3000,2009,187,SR-66,99999999999999999999,0000000,34.10677778,-117.377275,1,1
6,37,3,31,13,20,1,2,1,0,16,6,0,8,0,1,1,1,2,25,1,1,2,1,0,0,1,1,0,0,99,99,99,99,88,88,0,0,0,0,1,3,0,60555,1980,2009,0,DECATUR ST,99999999999999999999,0000000,34.03398889,-118.2351,1,1
6,59,3,1,13,47,5,2,0,0,16,6,0,5,0,2,1,1,2,35,1,1,2,1,0,0,1,1,0,0,99,99,99,99,99,99,0,20,14,0,1,1,0,60556,80,2009,0,W ORANGE AVE,WEBSTER,0000000,33.82495833,-117.9709056,2,1
6,37,3,1,17,49,2,3,0,0,13,6,0,12,5,2,1,3,2,45,1,1,2,1,3,3,1,1,0,0,99,99,99,99,99,99,0,0,0,0,1,1,0,60557,1440,2009,0,GRAND AVE,GLADSTONE ST,0000000,34.11395833,-117.8726194,2,1
6,73,3,1,20,20,2,3,0,0,4,4,0,12,2,1,1,1,2,55,1,1,2,1,0,0,2,1,0,0,99,99,99,99,99,99,0,0,0,0,1,1,1,60558,0,2009,0,LILAC RD,99999999999999999999,0000000,33.23409167,-117.0495417,2,1
6,29,3,1,23,30,1,1,0,0,2,3,0,38,0,1,4,1,2,55,1,1,9,1,0,0,2,1,0,0,99,99,99,99,99,99,0,0,0,0,1,1,1,60559,0,2009,1,SR-43,99999999999999999999,0000000,35.25223333,-119.2526861,1,1
6,1,3,2,0,30,1,3,0,1,11,1,0,25,0,5,3,6,1,65,2,1,2,2,0,0,3,1,0,4,99,99,99,99,99,99,0,0,0,0,1,2,1,60560,1560,2009,169,I-880 RAMP,99999999999999999999,0000000,37.64736944,-122.0960417,1,1
6,85,3,2,6,11,1,2,1,0,13,6,0,8,0,3,1,1,6,40,1,1,2,2,1,3,3,2,0,0,99,99,99,99,88,88,0,0,0,0,1,2,0,60561,3340,2009,0,MCKEE RD,PASQUALE CT,0000000,37.37206389,-121.8401444,1,2
6,1,3,2,9,20,1,1,0,1,1,1,0,42,0,5,3,6,1,65,1,1,2,2,0,0,1,2,0,0,99,99,99,99,88,88,0,0,0,0,1,2,0,60562,0,2009,96,I-680 RAMP,99999999999999999999,0000000,37.57386944,-121.8853278,1,2
6,47,3,2,11,35,3,5,0,0,3,4,0,12,1,1,1,5,4,55,1,1,2,2,0,0,1,1,0,0,99,99,99,99,99,99,0,0,0,0,1,2,0,60563,0,2009,0,SANTA FE DR,99999999999999999999,0000000,37.34907778,-120.5544806,3,1
6,87,3,2,17,58,1,1,0,0,13,3,0,24,0,1,4,1,2,35,2,1,2,2,28,3,5,1,0,0,99,99,99,99,88,88,0,0,0,0,1,2,0,60564,0,2009,124,SR-9,99999999999999999999,0000000,37.11573889,-122.1203111,1,1
6,65,3,2,18,55,1,4,1,0,13,6,0,8,0,3,1,5,4,35,1,1,2,1,0,0,3,1,0,0,99,99,99,99,88,88,0,0,0,0,1,2,0,60565,1580,2009,0,FLORIDA AVE,GILBERT DT,0000000,33.747525,-116.976025,1,1
6,37,3,3,14,47,2,2,0,1,12,2,0,24,0,1,4,3,5,65,1,1,2,1,0,0,1,1,0,0,99,99,99,99,99,99,0,0,0,0,1,3,0,60566,1980,2009,251,US-101,99999999999999999999,0000000,34.16995,-118.6008889,2,1
6,37,3,3,20,5,2,2,1,0,13,6,0,8,0,8,1,1,6,99,9,9,9,1,0,0,3,1,0,0,99,99,99,99,99,99,0,0,0,0,1,3,0,60567,1970,2009,0,DEL AMO BLVD,99999999999999999999,0000000,33.84681111,-118.192125,1,1
6,73,3,4,2,30,1,2,1,0,12,3,0,8,0,1,1,5,3,40,1,1,2,1,0,0,2,1,0,0,99,99,99,99,88,88,0,0,0,0,1,4,0,60568,0,2009,360,SR-78,99999999999999999999,0000000,33.1459,-116.1383778,1,1
6,111,3,4,11,17,1,2,1,0,16,6,0,8,0,8,99,1,2,15,1,1,2,2,0,0,1,1,0,0,99,99,99,99,99,99,0,0,0,0,1,4,0,60569,2270,2009,0,PARK LN,99999999999999999999,0000000,34.27836667,-118.8854,1,1
6,37,3,4,14,35,1,3,1,0,14,6,0,8,0,1,1,1,4,50,2,1,9,2,0,0,1,2,0,4,99,99,99,99,99,99,0,0,0,0,1,4,0,60570,1980,2009,0,SAN FERNANDO RD,99999999999999999999,0000000,34.08393889,-118.2260722,1,2
6,37,3,4,15,0,4,4,0,0,13,6,0,12,4,1,1,1,4,45,1,1,9,2,0,0,1,2,0,0,99,99,99,99,99,99,0,0,0,0,1,4,1,60571,1980,2009,0,LA TUNA CANYON RD,99999999999999999999,0000000,34.23337778,-118.3018111,4,2
6,73,3,4,19,14,2,1,0,0,15,6,0,14,1,1,4,1,2,25,2,2,2,1,0,0,3,1,0,0,99,99,99,99,88,88,0,0,0,0,1,4,0,60572,3260,2009,0,EVENING CREEK DR N,99999999999999999999,0000000,32.9611,-117.0928278,1,1
6,71,3,5,1,43,1,1,0,1,11,1,0,33,0,1,4,3,2,65,1,1,1,1,0,0,2,1,0,0,99,99,99,99,88,88,0,0,0,0,1,5,1,60573,3210,2009,90,I-215,99999999999999999999,0000000,34.13358889,-117.3087611,1,1
6,39,3,5,7,30,2,2,0,1,2,3,0,12,5,2,1,2,2,65,1,1,2,1,20,3,1,1,0,0,99,99,99,99,88,88,0,0,0,0,1,5,0,60574,0,2009,71,SR-152,ROAD 10,0000000,37.08368056,-120.3651611,2,1
6,107,3,5,11,0,1,2,1,0,6,4,0,8,0,1,1,1,2,55,1,2,2,1,0,0,1,1,0,0,99,99,99,99,88,88,0,0,0,0,1,5,0,60575,0,2009,0,DR 234,99999999999999999999,0000000,35.99371944,-119.0469806,1,1
6,37,3,5,18,30,1,2,1,0,13,6,0,8,0,1,1,1,5,35,1,1,2,1,0,0,2,1,0,0,99,99,99,99,99,99,0,0,0,0,1,5,0,60576,1980,2009,0,PICO BLVD,99999999999999999999,0000000,34.01834167,-118.2129778,1,1
6,61,3,6,13,5,2,3,0,0,6,4,0,12,2,1,1,1,2,25,2,1,2,1,0,0,1,1,0,0,99,99,99,99,99,99,0,0,0,0,1,6,0,60577,0,2009,0,LAKELAND DR,99999999999999999999,0000000,38.7443,-121.1582389,2,1
6,37,3,6,16,10,2,3,0,1,11,1,0,1,0,1,1,3,6,65,1,1,2,1,0,0,1,1,0,0,99,99,99,99,99,99,0,0,0,0,1,6,1,60578,30,2009,234,I-10,99999999999999999999,0000000,34.07136944,-118.1371,2,1
6,73,3,6,22,16,3,5,0,0,14,6,0,12,5,2,1,1,4,30,1,1,2,1,3,3,3,1,0,0,99,99,99,99,99,99,0,0,0,0,1,6,2,60579,3260,2009,0,6TH AVE,EL PRADO,0000000,32.73138611,-117.1594194,3,1
6,37,3,7,0,25,3,1,0,1,11,1,0,23,0,15,8,3,2,55,2,1,1,1,28,3,3,1,0,0,99,99,99,99,88,88,0,0,0,0,1,7,0,60580,1980,2009,150,I-10,99999999999999999999,0000000,34.03866111,-118.2718694,1,1
6,85,3,7,0,51,1,4,0,0,14,6,0,29,0,3,4,2,2,35,2,1,2,1,3,3,3,1,0,0,99,99,99,99,99,99,0,0,0,0,2,7,1,60581,3340,2009,0,W TASMAN DR,RENAISSANCE,0000000,37.411075,-121.958275,1,1
6,59,3,7,3,26,1,2,0,1,11,1,0,34,0,1,4,3,3,65,2,1,2,1,0,0,3,1,0,0,99,99,99,99,99,99,0,0,0,0,1,7,1,60582,1713,2009,70,I-405,99999999999999999999,0000000,33.67731944,-117.8442472,1,1
6,37,3,7,4,30,1,1,0,1,2,2,0,24,0,1,4,3,2,55,2,2,1,1,28,3,3,1,0,0,99,99,99,99,88,88,0,0,0,0,1,7,1,60583,1980,2009,15,US-101,99999999999999999999,0000000,34.06268611,-118.2488111,1,1
6,67,3,7,4,46,2,2,0,0,13,6,0,12,5,2,1,1,4,45,1,1,2,1,3,3,3,1,0,0,99,99,99,99,88,88,0,0,0,0,1,7,0,60584,3150,2009,0,STOCKTON BLVD,ELDER CREEK RD,0000000,38.51053056,-121.4359194,2,1
6,37,3,7,12,25,2,2,0,0,15,6,0,1,0,3,1,9,9,25,1,1,2,1,20,3,1,1,0,0,99,99,99,99,99,99,0,0,0,0,1,7,0,60585,1980,2009,0,HOLLYWOOD WAY,GLENOAKS BLVD,0000000,34.21302778,-118.3483111,2,1
6,109,3,7,16,25,2,4,0,1,2,3,0,12,2,1,1,1,2,55,2,1,2,1,0,0,1,1,0,0,99,99,99,99,99,99,0,0,0,0,1,7,0,60586,0,2009,84,SR-120,99999999999999999999,0000000,37.8468,-120.5070167,2,1
6,31,3,7,17,0,2,3,0,1,2,3,0,12,5,2,1,2,2,65,1,1,2,1,20,3,1,1,0,0,99,99,99,99,99,99,0,0,0,0,1,7,1,60587,0,2009,458,SR-41,FREMONT AVE,0000000,36.36587222,-119.8104139,2,1
6,19,3,7,18,50,1,1,0,0,3,4,0,42,0,1,5,1,2,55,1,1,2,1,0,0,2,1,0,0,99,99,99,99,88,88,0,0,0,0,1,7,1,60588,0,2009,0,MOUNTAIN VIEW AVE,99999999999999999999,0000000,36.54695,-119.5719333,1,1
6,83,3,7,21,30,2,4,0,1,2,2,0,12,1,1,1,3,3,65,1,1,2,1,0,0,3,1,0,0,99,99,99,99,99,99,0,0,0,0,1,7,1,60589,1445,2009,223,US-101,99999999999999999999,0000000,34.44008056,-119.8259056,2,1
6,31,3,8,7,45,1,2,0,1,1,1,0,1,0,1,2,2,2,70,1,1,2,1,0,0,1,1,0,0,99,99,99,99,99,99,0,0,0,0,1,1,0,60590,0,2009,50,I-5,99999999999999999999,0000000,35.85121389,-119.829425,1,1
6,73,3,8,12,55,1,1,0,0,14,6,0,42,0,1,4,1,4,35,1,1,2,1,0,0,1,1,0,0,99,99,99,99,99,99,0,0,0,0,1,1,0,60591,3260,2009,0,TAYLOR ST,99999999999999999999,0000000,32.75708056,-117.1984139,1,1
6,67,3,8,17,40,2,2,0,0,3,4,0,12,5,2,1,2,3,45,1,1,2,1,3,3,1,1,0,0,99,99,99,99,99,99,0,0,0,0,1,1,1,60592,0,2009,0,ELVERTA RD,PINEFIELD DR,0000000,38.71734444,-121.3860306,2,1
6,37,3,8,21,33,2,3,0,1,13,6,0,12,5,2,1,1,6,40,1,1,2,1,3,3,3,1,0,0,99,99,99,99,99,99,0,0,0,0,1,1,1,60593,1045,2009,0,LAKEWOOD BLVD,FIRESTONE BLVD,0000000,33.93561667,-118.1240333,2,1
6,37,3,9,6,40,1,2,1,0,14,6,0,8,0,3,1,1,4,40,1,1,2,1,2,3,3,1,0,0,99,99,99,99,99,99,0,0,0,0,1,2,0,60594,1980,2009,0,LASSEN ST,ZELZAH AV,0000000,34.25040556,-118.52335,1,1
6,77,3,9,10,0,3,4,0,0,3,4,0,12,5,1,1,1,2,55,1,1,2,1,0,0,1,1,0,0,99,99,99,99,99,99,0,0,0,0,1,2,1,60595,0,2009,0,LOWER SACRAMENTO RD,99999999999999999999,0000000,38.06461389,-121.3105639,3,1
6,89,3,9,11,20,2,3,0,0,13,3,0,12,5,2,1,5,4,40,1,1,2,1,0,0,1,1,0,0,99,99,99,99,99,99,0,0,0,0,1,2,0,60596,2950,2009,154,SR-273,GRANGE ST,0000000,40.56864722,-122.3879944,2,1
6,107,3,9,12,27,3,8,0,0,5,4,0,12,5,2,1,1,2,55,1,1,2,1,20,3,1,1,0,0,99,99,99,99,99,99,0,0,0,0,1,2,0,60597,0,2009,0,AVENUE 264,ROAD 108,0000000,36.26931111,-119.3312639,3,1
6,73,3,9,13,42,2,5,0,1,1,1,0,12,5,1,1,2,2,70,1,1,2,1,0,0,1,1,0,0,99,99,99,99,99,99,0,0,0,0,2,2,0,60598,0,2009,615,I-8,99999999999999999999,0000000,32.70465278,-116.3563306,2,1
6,65,3,9,19,54,2,2,0,1,1,1,0,12,1,1,1,3,4,70,1,1,2,1,0,0,2,1,0,0,99,99,99,99,88,88,0,0,0,0,1,2,0,60599,0,2009,341,I-10,99999999999999999999,0000000,33.89927222,-116.5291083,2,1
6,39,3,10,15,26,2,4,0,0,6,4,0,12,5,2,1,1,2,55,1,1,2,1,20,3,1,1,0,0,99,99,99,99,99,99,0,0,0,0,2,3,1,60600,0,2009,0,AVENUE 23 1/2,ROAD 9,0000000,37.0906,-120.3826472,2,1
6,65,3,10,15,55,2,2,0,0,14,6,0,12,5,2,1,5,4,45,1,1,2,1,20,3,1,1,0,0,99,99,99,99,99,99,0,0,0,0,1,3,0,60601,3070,2009,0,ARLINGTON AVE,CHADBOURNE AVE,0000000,33.94635,-117.4834806,2,1
6,37,3,10,19,39,1,2,1,0,14,6,0,8,0,1,1,1,4,40,1,1,2,1,0,0,3,1,0,0,99,99,99,99,88,88,0,0,0,0,1,3,0,60602,4120,2009,0,LARK ELLEN AVE,99999999999999999999,0000000,34.07304722,-117.916625,1,1
6,99,3,11,0,1,1,3,0,1,1,1,0,1,0,1,4,2,2,70,2,1,2,1,0,0,2,1,0,0,99,99,99,99,99,99,0,0,0,0,1,4,1,60603,0,2009,139,I-5,99999999999999999999,0000000,37.43833889,-121.1621611,1,1
6,13,3,22,2,12,1,2,0,0,13,6,0,33,0,1,4,5,2,40,2,1,1,2,0,0,3,2,0,0,99,99,99,99,99,99,0,0,0,0,1,1,1,60604,110,2009,0,W 10TH ST,99999999999999999999,0000000,38.01248611,-121.8319417,1,2
6,107,3,22,2,30,1,2,0,0,6,4,0,5,0,1,1,1,2,55,1,2,2,2,0,0,2,1,0,0,99,99,99,99,99,99,0,0,0,0,1,1,0,60605,0,2009,0,SUCCESS VALLEY DR,99999999999999999999,0000000,36.08008611,-118.8967417,1,1
6,67,4,17,7,22,2,3,1,0,14,6,0,8,0,3,1,1,4,35,1,1,2,1,0,0,1,1,0,0,99,99,99,99,88,88,0,0,0,0,1,6,0,60606,3150,2009,0,43RD AVE,WOODSHIRE WAY,0000000,38.51619444,-121.5200472,2,1
6,47,4,17,12,50,4,3,1,1,12,3,0,12,7,1,1,3,2,55,1,1,2,1,0,0,1,1,0,0,99,99,99,99,88,88,0,0,0,0,1,6,0,60607,0,2009,182,SR-99,99999999999999999999,0000000,37.31961111,-120.5378083,2,1
6,67,4,17,21,50,1,1,0,0,6,4,0,1,0,1,1,1,2,25,1,1,2,1,0,0,2,1,0,0,99,99,99,99,99,99,0,0,0,0,1,6,0,60608,0,2009,0,DINGMAN CIR,99999999999999999999,0000000,38.50604722,-121.4474139,1,1
6,59,4,18,23,15,1,2,1,0,13,6,0,9,0,1,1,2,3,35,1,1,2,1,0,0,2,1,0,0,99,99,99,99,99,99,0,0,0,0,1,7,0,60609,1410,2009,0,GARDEN GROVE BLVD,99999999999999999999,0000000,33.77416667,-117.9486917,1,1
6,29,4,18,99,99,1,1,0,1,2,3,0,33,0,1,4,2,2,65,1,1,1,1,0,0,2,1,0,0,99,99,99,99,88,88,0,0,0,0,1,7,1,60610,0,2009,863,SR-58,99999999999999999999,0000000,35.18938333,-118.5056583,1,1
6,37,4,19,1,45,2,3,1,0,13,6,0,9,0,1,1,5,4,35,1,1,2,1,0,0,3,1,0,0,99,99,99,99,88,88,0,14,0,0,1,1,1,60611,1980,2009,0,GLENDALE BLVD,99999999999999999999,0000000,34.07784722,-118.2606972,1,1
6,59,4,19,2,6,1,2,1,0,14,6,0,8,0,1,1,1,2,25,1,1,2,1,0,0,3,1,0,0,99,99,99,99,88,88,0,0,0,0,1,1,0,60612,1410,2009,0,ORANGEWOOD AVE,99999999999999999999,0000000,33.79569722,-118.0040222,1,1
6,65,4,19,2,21,2,4,0,0,16,6,0,12,5,2,1,1,2,45,1,1,2,1,20,3,2,1,0,0,99,99,99,99,99,99,0,0,0,0,1,1,1,60613,3070,2009,0,WOOD RD,MARIPOSA AVE,0000000,33.872725,-117.3313611,2,1
6,13,4,19,11,58,2,4,0,0,15,6,0,12,5,2,1,1,2,25,1,1,2,1,0,0,1,1,0,0,99,99,99,99,88,88,0,0,0,0,1,1,0,60614,3010,2009,0,BURBECK AVE,17TH ST,0000000,37.94310278,-122.3537944,2,1
6,107,4,19,15,10,2,6,0,0,4,4,0,12,2,1,1,1,2,55,1,1,2,1,0,0,1,1,0,0,99,99,99,99,99,99,0,0,0,0,1,1,0,60615,0,2009,0,ROAD 120,99999999999999999999,0000000,36.58653611,-119.3051083,2,1
6,59,4,20,16,20,2,4,0,0,6,4,0,12,8,1,1,1,2,35,2,1,2,1,0,0,1,1,0,0,99,99,99,99,99,99,0,0,0,0,1,2,0,60616,0,2009,0,LIVE OAK CYN RD,99999999999999999999,0000000,33.65350278,-117.5981722,2,1
6,61,4,26,16,36,2,3,0,0,13,6,0,12,7,1,1,1,4,35,1,1,2,1,0,0,1,1,0,0,99,99,99,99,99,99,0,0,0,0,1,1,0,60617,3110,2009,0,RIVERSIDE AVE,99999999999999999999,0000000,38.72661111,-121.2904306,2,1
6,71,4,26,20,14,1,1,0,0,13,4,0,36,0,1,4,1,2,45,1,1,1,1,0,0,2,1,0,0,99,99,99,99,88,88,0,0,0,0,1,1,1,60618,0,2009,0,MOUNTAIN AVE,99999999999999999999,0000000,34.16816944,-117.6752611,1,1
6,73,1,4,1,0,2,6,0,1,11,1,0,12,1,1,1,3,5,65,1,1,1,1,0,0,2,1,0,0,99,99,99,99,99,99,0,0,0,0,1,1,0,60619,3645,2009,375,I-5,99999999999999999999,0000000,33.00160833,-117.2574667,2,1
6,67,3,8,22,25,1,1,0,0,16,6,0,33,0,1,3,2,1,35,1,1,2,1,0,0,3,1,0,0,99,99,99,99,88,88,0,0,0,0,1,1,1,60620,1108,2009,0,WHITELOCK PKWY,99999999999999999999,0000000,38.39438056,-121.4005139,1,1
6,37,3,9,16,20,2,3,0,0,13,6,0,12,1,1,1,2,2,40,1,1,2,1,0,0,1,1,0,0,99,99,99,99,99,99,0,0,0,0,1,2,0,60621,1045,2009,0,FLORENCE AVE,99999999999999999999,0000000,33.93812222,-118.0988167,2,1
6,71,3,24,19,31,1,3,1,0,13,3,0,8,0,2,1,5,4,50,1,1,2,1,20,3,2,1,0,0,99,99,99,99,99,99,0,0,0,0,1,3,0,60622,3970,2009,313,SR-62,LARREA AVE,0000000,34.13545278,-116.0882861,1,1
6,73,4,5,2,40,1,5,0,1,12,3,0,35,0,1,4,3,4,65,1,1,1,1,0,0,2,1,0,0,99,99,99,99,99,99,0,0,0,0,3,1,1,60623,1876,2009,73,SR-94,99999999999999999999,0000000,32.73811389,-117.0548889,1,1
6,37,4,15,22,12,5,6,0,1,11,2,0,12,1,1,1,3,5,65,1,1,1,1,0,0,2,1,0,0,99,99,99,99,99,99,0,0,0,0,1,4,0,60624,1980,2009,135,US-101,99999999999999999999,0000000,34.1568,-118.4065694,5,1
6,13,4,3,1,55,2,2,0,0,15,6,0,12,2,1,1,1,2,40,1,2,2,1,0,0,2,1,0,0,99,99,99,99,88,88,0,0,0,0,1,6,1,60625,4070,2009,0,CAMINO DIABLO,99999999999999999999,0000000,37.89671667,-122.0727611,2,1
6,29,4,13,22,45,1,4,1,1,12,3,0,8,0,1,1,3,3,70,1,1,2,1,0,0,2,1,0,0,99,99,99,99,88,88,0,19,23,0,1,2,0,60626,0,2009,326,SR-99,99999999999999999999,0000000,35.46128889,-119.1134611,1,1
6,1,4,23,20,6,4,5,0,0,13,3,0,12,5,2,1,2,3,45,1,2,2,1,3,3,5,1,0,0,99,99,99,99,99,99,0,0,0,0,1,5,0,60627,1364,2009,7,SR-262,WARM SPRINGS BLVD,0000000,37.49005,-121.9296,4,1
6,71,4,24,1,4,1,1,0,0,13,6,0,33,0,3,4,1,4,50,1,1,2,1,3,3,3,1,0,0,99,99,99,99,88,88,0,0,0,0,1,6,1,60628,790,2009,0,PEPPER AVE,SAN BERNARDINO AVE,0000000,34.07781111,-117.352975,1,1
6,109,4,24,14,5,1,1,0,0,2,3,0,27,0,1,4,1,3,55,2,2,2,1,0,0,1,1,0,0,99,99,99,99,99,99,0,0,0,0,1,6,1,60629,0,2009,8,SR-108,99999999999999999999,0000000,37.90059444,-120.4785194,1,1
6,59,4,24,16,40,1,2,1,0,16,6,0,9,0,1,1,5,4,40,1,1,2,1,0,0,1,1,0,0,99,99,99,99,99,99,0,0,0,0,1,6,0,60630,80,2009,0,S WEST ST,99999999999999999999,0000000,33.8013,-117.9239472,1,1
6,59,4,24,20,56,1,1,0,1,12,3,0,52,0,1,4,3,4,65,1,1,1,1,0,0,3,1,0,0,99,99,99,99,88,88,0,0,0,0,1,6,1,60631,1410,2009,37,SR-22,99999999999999999999,0000000,33.77112222,-117.9907972,1,1
6,37,4,24,22,5,1,2,1,0,13,6,0,8,0,3,1,5,6,35,1,1,2,1,0,0,3,1,0,0,99,99,99,99,88,88,0,0,0,0,1,6,0,60632,0,2009,0,IMPERIAL HIGHWAY,NEW HAMPSHIRE AVE,0000000,33.93099722,-118.2932278,1,1
6,29,4,25,3,30,1,1,0,1,2,3,0,42,0,1,4,3,2,65,1,1,1,1,0,0,3,1,0,0,99,98,99,98,88,88,0,0,0,0,1,7,1,60633,0,2009,541,SR-58,99999999999999999999,0000000,35.35265556,-119.0083056,1,1
6,55,3,11,5,20,1,1,0,0,2,3,0,11,0,1,1,1,2,55,2,1,2,1,0,0,2,1,0,0,99,99,99,99,88,88,0,0,0,0,1,4,0,60634,0,2009,25,SR-121,99999999999999999999,0000000,38.25501389,-122.3336861,1,1
6,37,3,11,21,10,2,3,0,0,16,6,0,1,0,2,1,1,2,25,1,1,2,1,20,3,3,1,0,0,99,99,99,99,99,99,0,0,0,0,1,4,1,60635,4124,2009,0,CROFT AVE,MELROSE AVE,0000000,34.08303611,-118.3742944,2,1
6,37,3,11,23,15,2,1,0,1,12,3,0,12,5,1,1,3,5,65,1,2,1,1,0,0,2,1,0,0,23,99,23,28,88,88,0,14,19,0,1,4,0,60636,1980,2009,103,SR-134,99999999999999999999,0000000,34.14708056,-118.20315,2,1
6,89,3,11,99,99,1,1,0,0,2,3,0,42,0,1,4,1,2,55,2,2,2,1,99,9,2,1,0,0,99,99,99,99,88,88,0,0,0,0,1,4,1,60637,0,2009,1,SR-36,99999999999999999999,0000000,40.38179444,-123.0161917,1,1
6,71,3,12,0,45,2,2,0,1,11,1,0,24,0,1,4,3,3,70,2,9,1,1,0,0,2,1,0,0,99,99,99,99,88,88,0,0,0,0,1,5,0,60638,260,2009,655,I-15,99999999999999999999,0000000,34.80784722,-117.0990778,2,1
6,73,3,12,12,15,1,1,0,0,12,3,0,41,0,1,6,1,2,55,2,1,2,1,0,0,1,1,0,0,99,99,99,99,88,88,0,0,0,0,1,5,0,60639,3260,2009,275,SR-78,99999999999999999999,0000000,33.09326667,-116.9643972,1,1
6,73,3,12,16,45,4,4,0,0,12,3,0,12,5,1,1,3,5,65,1,1,1,1,0,0,1,1,0,0,99,99,99,99,99,99,0,14,0,0,1,5,0,60640,3260,2009,104,SR-163,99999999999999999999,0000000,32.85075833,-117.1251167,4,1
6,57,3,12,17,35,2,3,0,0,2,3,0,12,2,1,1,1,2,55,1,1,2,1,0,0,1,1,0,0,99,99,99,99,99,99,0,0,0,0,1,5,1,60641,0,2009,35,SR-49,99999999999999999999,0000000,39.05955,-121.0897056,2,1
6,103,3,12,18,42,2,4,0,0,6,4,0,33,0,1,4,1,2,45,1,2,2,1,0,0,1,1,0,0,99,99,99,99,99,99,0,14,0,0,1,5,1,60642,0,2009,0,MAIN ST,99999999999999999999,0000000,40.37185556,-122.2839694,2,1
6,57,3,12,22,10,1,1,0,0,2,3,0,42,0,1,4,1,2,45,2,2,2,1,0,0,2,1,0,0,99,99,99,99,88,88,0,0,0,0,1,5,1,60643,0,2009,9,SR-174,99999999999999999999,0000000,39.14214444,-120.9671556,1,1
6,81,3,12,22,53,1,2,1,1,1,1,0,8,0,1,1,3,4,65,2,2,1,1,0,0,2,1,0,0,99,99,99,99,88,88,0,0,0,0,1,5,0,60644,0,2009,126,I-280,99999999999999999999,0000000,37.52681389,-122.3591556,1,1
6,73,3,13,5,35,1,2,1,0,12,3,0,8,0,1,1,2,2,55,1,1,2,1,0,0,2,1,0,0,99,99,99,99,99,99,0,0,0,0,1,6,0,60645,0,2009,56,SR-67,99999999999999999999,0000000,32.86390833,-116.9227694,1,1
6,43,3,13,7,50,1,1,0,1,2,3,0,39,0,1,4,1,2,55,2,9,2,1,0,0,4,1,0,0,99,99,99,99,88,88,0,0,0,0,1,6,0,60646,0,2009,413,SR-140,99999999999999999999,0000000,37.67954167,-119.761275,1,1
6,1,3,13,22,56,1,2,0,0,13,3,0,33,0,1,4,2,4,30,1,1,2,1,0,0,3,1,0,0,99,99,99,99,99,99,0,0,0,0,1,6,1,60647,3360,2009,64,SR-185,99999999999999999999,0000000,37.73349722,-122.1624417,1,1
6,19,3,14,2,10,1,1,0,0,5,4,0,38,0,1,6,1,2,55,2,2,2,1,0,0,2,1,0,0,99,99,99,99,88,88,0,0,0,0,1,7,1,60648,0,2009,0,SAND CREEK RD,99999999999999999999,0000000,36.68122222,-119.1832056,1,1
6,37,3,14,7,50,2,2,0,0,4,4,0,12,2,1,1,1,2,55,2,1,2,1,0,0,1,1,0,0,99,99,99,99,99,99,0,0,0,0,1,7,0,60649,0,2009,0,SAN FRANCISQITO CYN,99999999999999999999,0000000,34.58760833,-118.4553194,2,1
6,71,3,14,8,35,1,1,0,1,1,1,0,24,0,1,4,2,2,70,1,1,2,1,0,0,1,1,0,0,99,99,99,99,99,99,0,0,0,0,1,7,0,60650,0,2009,1012,I-15,99999999999999999999,0000000,34.99646389,-116.569275,1,1
6,37,3,15,4,50,1,2,1,0,14,4,0,8,0,1,1,1,2,55,1,1,2,1,0,0,1,1,0,0,99,99,99,99,88,88,0,0,0,0,1,1,0,60651,0,2009,0,20TH ST W,99999999999999999999,0000000,34.61770556,-118.1656833,1,1