STATE,COUNTY,MONTH,DAY,HOUR,MINUTE,VE_TOTAL,PERSONS,PEDS,NHS,ROAD_FNC,ROUTE,SP_JUR,HARM_EV,MAN_COLL,REL_JUNC,REL_ROAD,TRAF_FLO,NO_LANES,SP_LIMIT,ALIGNMNT,PROFILE,PAVE_TYP,SUR_COND,TRA_CONT,T_CONT_F,LGT_COND,WEATHER1,WEATHER2,WRK_ZONE,NOT_HOUR,NOT_MIN,ARR_HOUR,ARR_MIN,HOSP_HR,HOSP_MN,SCH_BUS,CF1,CF2,CF3,FATALS,DAY_WEEK,DRUNK_DR,ST_CASE,CITY,YEAR,MILEPT,TWAY_ID,TWAY_ID2,RAIL,LATITUDE,LONGITUD,VE_FORMS,WEATHER
6,19,3,15,9,49,1,2,0,0,15,4,0,1,0,1,1,1,2,55,2,9,2,1,0,0,1,1,0,0,99,99,99,99,99,99,0,0,0,0,1,1,1,60652,0,2009,0,NEWMARK AVE,99999999999999999999,0000000,36.65675,-119.54245,1,1
6,97,3,16,6,10,2,2,0,0,2,3,0,12,4,1,1,1,2,55,1,1,2,2,0,0,3,2,0,0,99,99,99,99,99,99,0,0,0,0,1,2,0,60653,0,2009,287,SR-12,99999999999999999999,0000000,38.39263333,-122.5308611,2,2
6,37,3,16,13,50,2,3,0,1,11,1,0,12,7,1,1,3,6,65,1,1,1,1,0,0,1,1,0,0,99,99,99,99,99,99,0,0,0,0,1,2,0,60654,1980,2009,125,I-10,99999999999999999999,0000000,34.03705,-118.3153944,2,1
6,109,3,16,14,58,3,3,0,0,2,3,0,12,2,1,1,1,2,50,9,9,2,1,0,0,1,1,0,0,99,99,99,99,99,99,0,0,0,0,2,2,1,60655,0,2009,60,SR-108,99999999999999999999,0000000,37.98588056,-120.2887056,3,1
6,81,3,16,15,20,3,4,0,0,13,6,0,5,0,1,1,3,3,35,1,2,1,1,0,0,1,1,0,0,99,99,99,99,88,88,0,0,0,0,1,2,0,60656,2170,2009,0,E MILLBRAE AVE,99999999999999999999,0000000,37.59985,-122.3855917,3,1
6,29,3,16,22,15,2,2,0,0,3,4,0,12,2,1,1,1,2,55,2,1,2,1,0,0,2,1,0,0,99,99,99,99,99,99,0,0,0,0,1,2,0,60657,0,2009,0,WHEELER RIDGE RD,99999999999999999999,0000000,35.08325278,-118.917475,2,1
6,65,3,17,1,15,2,3,0,1,1,1,0,12,1,1,1,2,2,70,1,1,2,1,0,0,2,1,0,0,99,99,99,99,99,99,0,0,0,0,1,3,1,60658,0,2009,581,I-10,99999999999999999999,0000000,33.71545278,-116.1844111,2,1
6,19,3,17,16,30,3,5,0,0,14,6,0,12,5,2,1,1,4,40,1,1,2,1,3,3,1,1,0,0,99,99,99,99,99,99,0,0,0,0,1,3,0,60659,1370,2009,0,N FIRST ST,E DAKOTA ST,0000000,36.78681111,-119.7725028,3,1
6,37,3,17,23,50,1,2,1,0,15,6,0,8,0,1,1,1,2,25,9,9,9,1,0,0,3,1,0,0,99,99,99,99,99,99,0,0,0,0,1,3,0,60660,1980,2009,0,HAYNES ST,99999999999999999999,0000000,34.18971111,-118.4493,1,1
6,85,3,17,99,99,1,1,0,0,2,3,0,42,0,1,4,1,2,40,2,2,2,1,0,0,2,1,0,0,99,99,99,99,88,88,0,0,0,0,1,3,1,60661,0,2009,85,SR-130,99999999999999999999,0000000,37.36098333,-121.7551222,1,1
6,37,3,18,0,30,1,2,1,0,13,6,0,8,0,3,1,1,4,99,1,1,2,1,0,0,3,1,0,0,99,99,99,99,99,99,0,0,0,0,1,4,0,60662,1980,2009,0,FIGUEROA ST,MYOSOTIS ST,0000000,34.12215556,-118.1846528,1,1
6,73,3,18,2,0,1,2,0,1,11,1,0,25,0,1,3,3,4,65,2,1,1,1,0,0,2,1,0,0,99,99,99,99,99,99,0,0,0,0,1,4,1,60663,560,2009,486,I-5,99999999999999999999,0000000,33.14267222,-117.3332111,1,1
6,95,3,18,12,19,3,2,1,1,11,1,0,8,0,13,1,6,4,40,1,1,1,1,3,3,1,1,0,1,99,99,99,99,99,99,0,0,0,0,1,4,0,60664,1260,2009,160,I-80 RAMP,99999999999999999999,0000000,38.24193333,-122.0860444,1,1
6,37,3,18,12,30,1,2,1,0,15,4,0,8,0,1,1,1,4,35,1,2,2,1,0,0,1,1,0,0,99,99,99,99,99,99,0,0,0,0,1,4,0,60665,0,2009,0,LAKE AVE,99999999999999999999,0000000,34.18598056,-118.1315083,1,1
6,103,3,18,14,20,1,1,0,1,1,1,0,1,0,1,4,2,2,70,1,1,2,1,0,0,1,1,0,0,99,99,99,99,88,88,0,0,0,0,1,4,0,60666,0,2009,4,I-5,99999999999999999999,0000000,39.80438333,-122.199725,1,1
6,37,3,18,16,1,1,2,1,0,16,6,0,8,0,1,1,1,2,25,1,1,2,1,0,0,1,1,0,0,99,99,99,99,99,99,0,0,0,0,1,4,0,60667,2870,2009,0,CAMPHOR PLACE,99999999999999999999,0000000,34.02813333,-117.742975,1,1
6,89,3,18,21,17,1,1,0,0,14,6,0,42,0,1,4,1,2,55,1,1,4,1,0,0,2,1,0,0,99,99,99,99,99,99,0,0,0,0,1,4,1,60668,2950,2009,0,OLD OREGON TRAIL,99999999999999999999,0000000,40.65740556,-122.3297167,1,1
6,71,3,19,0,15,1,1,0,1,12,3,0,24,0,1,8,3,3,65,2,1,1,1,0,0,3,1,0,0,99,99,99,99,88,88,0,0,0,0,1,5,1,60669,3210,2009,220,SR-210,99999999999999999999,0000000,34.14565833,-117.3168611,1,1
6,67,3,19,15,10,1,3,1,0,3,4,0,8,0,1,1,5,4,45,1,1,2,1,0,0,1,1,0,0,99,99,99,99,99,99,0,0,0,0,1,5,0,60670,0,2009,0,FOLSOM BLVD,99999999999999999999,0000000,38.56722778,-121.3472139,1,1
6,67,3,19,22,0,1,1,0,0,6,4,0,33,0,1,4,1,2,25,1,2,2,1,0,0,3,1,0,0,99,99,99,99,99,99,0,0,0,0,1,5,1,60671,0,2009,0,ORANGERIE WAY,99999999999999999999,0000000,38.62936389,-121.301975,1,1
6,7,3,19,22,12,1,3,1,1,2,3,0,8,0,1,1,1,2,55,1,1,2,1,0,0,2,1,0,0,99,99,99,99,88,88,0,0,0,0,1,5,0,60672,0,2009,58,SR-99,99999999999999999999,0000000,39.38682222,-121.688175,1,1
6,85,3,20,1,38,1,3,0,0,12,8,0,42,0,1,6,1,6,45,1,1,2,1,0,0,3,1,0,0,99,99,99,99,99,99,0,0,0,0,1,6,1,60673,3340,2009,0,CAPITOL EXPRESSWAY,99999999999999999999,0000000,37.29293611,-121.8338722,1,1
6,97,3,20,6,11,1,2,1,0,13,6,0,15,0,3,1,2,2,40,2,1,2,1,2,3,3,1,0,0,99,99,99,99,99,99,0,0,0,0,1,6,0,60674,3490,2009,0,GUERNEVILLE RD,RANGE AVE,0000000,38.458925,-122.7325444,1,1
6,65,3,20,9,20,2,3,0,1,12,3,0,12,2,1,1,1,2,55,2,1,2,1,0,0,1,1,0,0,99,99,99,99,88,88,0,0,0,0,1,6,0,60675,0,2009,50,SR-79,99999999999999999999,0000000,33.45967778,-116.905625,2,1
6,73,3,20,15,36,1,2,1,0,14,6,0,9,0,2,1,2,2,30,2,1,2,1,3,3,1,1,0,0,99,99,99,99,99,99,0,0,0,0,1,6,0,60676,3260,2009,0,LINDA VISTA RD,GENESEE AVE,0000000,32.79189167,-117.1661,1,1
6,79,3,20,23,0,1,1,0,0,6,4,0,38,0,1,6,1,2,55,2,1,5,1,0,0,2,1,0,0,99,99,99,99,99,99,0,0,0,0,1,6,1,60677,0,2009,0,ROCKY CANYON RD,99999999999999999999,0000000,35.49034167,-120.549675,1,1
6,19,3,21,5,45,1,2,0,0,4,4,0,24,0,1,4,1,2,55,2,1,2,1,0,0,2,1,0,0,99,99,99,99,99,99,0,0,0,0,1,7,1,60678,0,2009,0,NEES AVE,99999999999999999999,0000000,36.851175,-120.4684028,1,1
6,59,3,23,9,14,1,2,1,0,12,3,0,9,0,2,1,2,3,40,1,1,2,1,3,3,1,1,0,0,99,99,99,99,88,88,0,0,0,0,1,2,0,60679,4130,2009,56,SR-39,EDINGER AVE,0000000,33.73022778,-117.9893889,1,1
6,73,3,25,5,1,2,2,1,1,11,1,0,12,1,1,1,3,6,65,1,2,1,1,0,0,2,1,0,1,99,99,99,99,88,88,0,0,0,0,1,4,0,60680,3260,2009,184,I-15,99999999999999999999,0000000,32.95052222,-117.1040444,2,1
6,65,4,4,16,15,2,3,0,0,2,3,0,1,0,1,1,1,2,55,2,1,1,1,0,0,1,1,0,0,99,99,99,99,99,99,0,0,0,0,1,7,0,60681,0,2009,20,SR-74,99999999999999999999,0000000,33.60582778,-117.4326472,2,1
6,1,4,20,17,56,2,3,0,1,1,1,0,12,5,15,1,3,2,65,1,1,2,1,0,0,1,1,0,0,99,99,99,99,88,88,0,0,0,0,1,2,0,60682,0,2009,9,I-580,99999999999999999999,0000000,37.74190833,-121.5720028,2,1
6,37,4,21,11,20,4,5,0,0,16,6,0,12,5,1,1,5,2,35,1,1,2,1,0,0,1,1,0,0,99,99,99,99,99,99,0,14,0,0,1,3,0,60683,1980,2009,0,WESTWOOD BLVD,99999999999999999999,0000000,34.03303056,-118.4228639,2,1
6,85,4,21,15,15,3,4,0,1,11,1,0,12,3,1,1,3,5,65,1,1,2,1,0,0,1,1,0,0,99,99,99,99,99,99,0,0,0,0,1,3,0,60684,3340,2009,37,I-280,99999999999999999999,0000000,37.31479167,-121.9100917,3,1
6,37,4,21,15,50,2,3,0,1,11,1,0,1,0,1,1,3,5,65,1,1,1,1,0,0,1,1,0,0,99,99,99,99,88,88,0,0,0,0,1,3,0,60685,2020,2009,135,I-105,99999999999999999999,0000000,33.91273611,-118.1802333,2,1
6,7,4,22,20,35,2,3,0,0,2,3,0,12,2,1,1,1,2,45,2,2,2,1,0,0,2,1,0,0,99,99,99,99,99,99,0,0,0,0,1,4,1,60686,0,2009,203,SR-162,99999999999999999999,0000000,39.50437222,-121.4990889,2,1
6,37,4,23,5,48,1,2,1,0,13,6,0,33,0,1,4,5,3,40,1,1,2,1,0,0,4,1,0,0,99,99,99,99,99,99,0,0,0,0,1,5,0,60687,1980,2009,0,LINCOLN BLVD,99999999999999999999,0000000,33.96261944,-118.4216528,1,1
6,89,4,23,18,0,2,2,0,0,3,4,0,1,0,1,1,1,2,45,2,1,2,1,0,0,1,1,0,0,99,99,99,99,88,88,0,0,0,0,1,5,0,60688,0,2009,0,BEAR MOUNTAIN RD,99999999999999999999,0000000,40.67057222,-122.3109944,2,1
6,1,4,23,19,22,1,2,1,0,2,3,0,15,0,3,1,2,2,35,1,1,2,1,2,3,1,1,0,0,99,99,99,99,99,99,0,0,0,0,1,5,0,60689,0,2009,15,SR-185,MEDFORD AVE,0000000,37.68466944,-122.0993056,1,1
6,73,1,3,20,49,2,5,0,0,14,6,0,12,5,2,1,2,3,50,1,1,2,1,0,0,3,1,0,0,99,99,99,99,99,99,0,0,0,0,1,7,1,60690,710,2009,0,TELEGRAPH CANYON RD,APACHE DR,0000000,32.63525556,-116.9945889,2,1
6,1,2,27,13,46,1,2,1,0,14,6,0,8,0,3,1,1,2,25,1,1,2,1,20,3,1,1,0,0,99,99,99,99,88,88,0,0,0,0,1,6,0,60691,340,2009,0,DERBY ST,WARRING ST,0000000,37.86233611,-122.2501028,1,1
6,111,2,28,14,30,2,4,0,0,2,3,0,1,0,1,1,1,2,45,2,1,2,1,0,0,1,1,0,0,99,99,99,99,99,99,0,0,0,0,1,7,1,60692,0,2009,227,SR-150,99999999999999999999,0000000,34.43593889,-119.18355,2,1
6,37,3,6,19,8,1,2,1,0,14,6,0,8,0,1,1,2,2,50,1,1,2,1,0,0,3,1,0,0,99,99,99,99,99,99,0,0,0,0,1,6,0,60693,1840,2009,0,AVENUE J,99999999999999999999,0000000,34.68946667,-118.113675,1,1
6,59,3,11,0,57,2,4,0,0,13,6,0,12,7,1,1,2,3,50,1,2,2,1,0,0,3,1,0,0,99,99,99,99,99,99,0,0,0,0,1,4,1,60694,2400,2009,0,JAMBOREE RD,99999999999999999999,0000000,33.64324167,-117.8677861,2,1
6,37,4,24,16,0,2,4,1,0,15,6,0,14,6,1,7,1,2,25,1,1,2,1,0,0,1,1,0,0,99,99,99,99,99,99,0,0,0,0,1,6,1,60695,1980,2009,0,BUDLONG AVE,99999999999999999999,0000000,33.99825833,-118.2959167,1,1
6,39,4,26,10,50,2,3,0,0,2,3,0,12,5,1,1,2,2,35,2,2,2,1,0,0,1,1,0,0,99,99,99,99,99,99,0,0,0,0,1,1,0,60696,0,2009,2,SR-49,99999999999999999999,0000000,37.33234444,-119.6583,2,1
6,79,4,26,17,55,2,4,0,1,2,3,0,12,2,1,1,1,2,55,2,3,2,1,0,0,1,1,0,0,99,99,99,99,99,99,0,0,0,0,2,1,0,60697,0,2009,479,SR-41,99999999999999999999,0000000,35.77166944,-120.2336694,2,1
6,87,4,26,18,8,2,8,0,1,2,3,0,12,7,1,1,1,2,50,1,2,2,1,0,0,1,1,0,0,99,99,99,99,99,99,0,0,0,0,1,1,1,60698,0,2009,33,SR-152,99999999999999999999,0000000,36.943675,-121.7384444,2,1
6,29,4,18,19,4,2,4,0,1,12,3,0,12,5,2,1,2,2,50,1,2,2,1,0,0,1,1,0,0,99,99,99,99,99,99,0,0,0,0,2,7,0,60699,0,2009,473,SR-58,ENGER ST,0000000,35.38339167,-119.1249167,2,1
6,65,4,26,3,10,1,1,0,1,11,1,0,1,0,1,4,2,2,65,2,1,2,1,0,0,2,1,0,0,99,99,99,99,99,99,0,0,0,0,1,1,1,60700,2730,2009,241,I-215,99999999999999999999,0000000,33.76451944,-117.1891806,1,1
6,111,4,29,11,20,1,1,0,1,2,3,0,1,0,1,4,2,2,60,1,1,2,1,0,0,1,1,0,0,99,99,99,99,88,88,0,0,0,0,1,4,0,60701,0,2009,311,SR-126,99999999999999999999,0000000,34.40596111,-118.7503611,1,1
6,71,4,30,15,49,2,3,0,0,13,6,0,12,2,1,1,1,2,50,1,1,2,1,0,0,1,1,0,0,99,99,99,99,99,99,0,0,0,0,1,5,0,60702,3000,2009,0,RIVERSIDE AVE,99999999999999999999,0000000,34.17738056,-117.4338472,2,1
6,65,4,30,18,40,1,2,0,1,2,3,0,33,0,1,4,3,5,65,1,1,1,1,0,0,1,1,0,0,99,99,99,99,99,99,0,0,0,0,1,5,0,60703,0,2009,1,SR-60,99999999999999999999,0000000,34.02337778,-117.5564361,1,1
6,59,3,13,5,56,1,2,1,0,13,6,0,8,0,3,1,2,3,45,1,1,2,1,0,0,3,1,0,0,99,99,99,99,99,99,0,0,0,0,1,6,0,60704,1660,2009,0,WARNER AVE,LESLIE LN,0000000,33.71541667,-118.0381917,1,1
6,89,4,16,7,29,1,2,1,0,6,4,0,8,0,1,1,1,2,55,1,1,2,1,0,0,1,1,0,0,99,99,99,99,99,99,0,0,0,0,1,5,0,60705,0,2009,0,RIVERLAND DR,99999999999999999999,0000000,40.51665278,-122.3439444,1,1
6,71,4,16,17,45,1,2,0,0,6,4,0,33,0,1,4,1,2,0,1,1,5,1,0,0,1,1,0,0,99,99,99,99,99,99,0,0,0,0,1,5,1,60706,0,2009,0,ACOMA TRL,99999999999999999999,0000000,34.26821111,-116.4396306,1,1
6,37,4,16,20,21,2,3,0,0,13,6,0,12,5,3,1,1,2,35,1,1,2,1,20,3,3,1,0,0,99,99,99,99,99,99,0,0,0,0,1,5,0,60707,1970,2009,0,LONG BEACH BLVD,49TH ST,0000000,33.84488056,-118.1932028,2,1
6,55,4,17,1,12,1,3,0,0,16,6,0,27,0,1,4,1,2,35,2,1,2,1,0,0,2,1,0,0,99,99,99,99,88,88,0,0,0,0,3,6,1,60708,3160,2009,0,PRATT AVE,99999999999999999999,0000000,38.51879167,-122.4717139,1,1
6,23,4,21,16,0,1,3,0,0,12,3,0,33,0,1,4,1,2,55,1,1,2,1,0,0,1,1,0,0,99,99,99,99,99,99,0,0,0,0,1,3,1,60709,0,2009,446,SR-96,99999999999999999999,0000000,41.37371667,-123.4896333,1,1
6,107,4,22,18,50,2,2,0,0,6,4,0,12,1,1,1,1,2,35,1,1,2,1,0,0,1,1,0,0,99,99,99,99,99,99,0,0,0,0,1,4,0,60710,0,2009,0,THOMPSON RD,99999999999999999999,0000000,36.06058611,-119.3114,2,1
6,71,4,23,12,20,1,1,0,1,1,1,0,42,0,1,4,2,2,70,1,1,2,1,0,0,1,1,0,0,99,99,99,99,99,99,0,0,0,0,1,5,0,60711,0,2009,196,I-40,99999999999999999999,0000000,34.82360556,-116.6515444,1,1
6,65,4,25,15,30,1,3,0,1,2,3,0,33,0,5,4,6,1,65,1,2,2,1,0,0,1,1,0,0,99,99,99,99,99,99,0,0,0,0,1,7,0,60712,0,2009,29,SR-60 RAMP,99999999999999999999,0000000,34.01828056,-117.5319611,1,1
6,19,4,26,21,19,2,6,0,0,4,4,0,12,5,1,1,1,2,55,1,1,2,1,0,0,2,1,0,0,99,99,99,99,99,99,0,0,0,0,1,1,1,60713,0,2009,0,COLORADO AVE,99999999999999999999,0000000,36.64245,-120.2388,2,1
6,37,3,7,17,40,2,3,0,0,13,6,0,12,5,2,1,3,2,40,1,1,2,1,20,3,1,1,0,0,99,99,99,99,99,99,0,0,0,0,1,7,0,60714,2749,2009,0,ROSEMEAD BL,TERRADELL ST,0000000,33.96373056,-118.1086139,2,1
6,65,3,7,23,14,1,2,0,0,14,6,0,42,0,3,4,1,4,40,2,9,9,1,0,0,3,1,0,0,99,99,99,99,99,99,0,0,0,0,1,7,1,60715,3070,2009,0,UNIVERSITY AVE,REDWOOD DR,0000000,33.98642222,-117.3842806,1,1
6,111,3,12,5,30,1,2,0,1,12,2,0,33,0,1,4,3,5,65,1,1,2,1,0,0,2,1,0,0,99,99,99,99,99,99,0,0,0,0,1,5,1,60716,3860,2009,1,US-101,99999999999999999999,0000000,34.15305556,-118.8164833,1,1
6,37,3,14,14,35,1,2,1,0,6,4,0,8,0,1,1,1,2,25,1,1,2,1,0,0,1,1,0,0,99,99,99,99,99,99,0,0,0,0,1,7,1,60717,0,2009,0,PERCY ST,99999999999999999999,0000000,34.02530833,-118.1901306,1,1
6,29,3,20,17,33,1,1,0,0,13,6,0,43,0,1,4,2,3,55,1,1,2,1,0,0,1,1,0,0,99,99,99,99,99,99,0,0,0,0,1,6,0,60718,240,2009,0,WHITE LN,99999999999999999999,0000000,35.31833333,-119.0952167,1,1
6,37,4,18,16,45,2,3,0,0,14,6,1,12,5,2,1,2,2,40,1,1,2,1,0,0,1,1,0,0,99,99,99,99,99,99,0,0,0,0,1,7,0,60719,639,2009,0,195TH ST,SHERYL AVE,0000000,33.85335278,-118.0883,2,1
6,19,4,18,20,24,1,2,1,0,16,6,0,9,0,1,1,5,4,40,1,1,2,1,0,0,3,1,0,0,99,99,99,99,99,99,0,0,0,0,1,7,1,60720,1370,2009,0,WEST AVE,99999999999999999999,0000000,36.84332778,-119.8263333,1,1
6,25,4,12,19,29,1,1,0,0,4,4,0,3,0,1,5,1,2,55,1,1,2,1,0,0,1,1,0,0,99,99,99,99,99,99,0,0,0,0,1,1,1,60721,0,2009,0,AUSTIN RD,99999999999999999999,0000000,32.90613889,-115.5949111,1,1
6,65,4,12,20,10,1,2,1,0,15,6,0,8,0,1,1,1,2,30,1,1,2,1,0,0,6,1,0,0,99,99,99,99,99,99,0,0,0,0,1,1,0,60722,250,2009,0,N 8TH ST,99999999999999999999,0000000,33.92662222,-116.8854611,1,1
6,29,4,20,20,10,2,2,0,1,11,1,0,12,1,1,1,3,2,70,1,1,2,1,0,0,2,1,0,0,99,99,99,99,88,88,0,0,0,0,1,2,0,60723,0,2009,776,I-5,99999999999999999999,0000000,35.6729,-119.6951639,2,1
6,29,5,3,1,58,1,1,0,1,12,3,0,27,0,1,4,3,4,65,1,1,2,1,0,0,2,1,0,0,99,99,99,99,99,99,0,0,0,0,1,1,1,60724,240,2009,236,SR-99,99999999999999999999,0000000,35.35108611,-119.0396278,1,1
6,73,1,19,17,45,5,7,0,1,12,3,0,12,11,1,1,3,3,65,1,1,2,1,0,0,2,1,0,0,99,99,99,99,88,88,0,14,0,0,1,2,0,60725,4060,2009,94,SR-78,99999999999999999999,0000000,33.16321389,-117.2113861,5,1
6,95,4,1,0,35,1,2,1,0,13,6,0,8,0,1,1,1,4,35,1,1,2,1,0,0,6,1,0,0,99,99,99,99,99,99,0,0,0,0,1,4,0,60726,4010,2009,0,ALAMO DR,99999999999999999999,0000000,38.33594722,-121.9858083,1,1
6,71,4,5,19,32,2,3,0,0,16,6,0,12,5,2,1,1,2,25,1,1,2,1,20,3,5,1,0,0,99,99,99,99,99,99,0,0,0,0,1,1,1,60727,3210,2009,0,E ST,16TH ST,0000000,34.12874722,-117.2941722,2,1
6,71,4,11,23,5,1,1,0,0,16,6,0,33,0,3,4,2,2,35,1,1,2,1,3,3,3,1,0,0,99,99,99,99,99,99,0,0,0,0,1,7,1,60728,3210,2009,0,HARRY SHEPPARD BL,DEL ROSA DR,0000000,34.09865556,-117.2513083,1,1
6,97,4,28,20,36,1,3,1,0,16,6,0,8,0,3,1,5,4,40,1,1,2,1,0,0,3,1,0,0,99,99,99,99,99,99,0,0,0,0,1,3,0,60729,3490,2009,0,COURT ST,SANTA ROSA AVE,0000000,38.406775,-122.7134722,1,1
6,85,2,24,12,35,1,1,0,0,16,6,0,42,0,1,4,1,2,99,2,1,2,2,0,0,1,1,0,0,99,99,12,40,88,88,0,0,0,0,1,3,0,60730,1977,2009,0,ROBLEDA RD,99999999999999999999,0000000,37.36814444,-122.1302556,1,1
6,71,2,27,17,14,2,2,0,0,15,6,0,12,5,2,1,1,2,35,1,1,1,1,20,3,1,1,0,0,99,99,99,99,88,88,0,0,0,0,1,6,0,60731,4040,2009,0,MESA LINDA AVE,DOS PALMAS RD,0000000,34.49945833,-117.3906528,2,1
6,37,3,3,13,40,1,2,1,0,14,6,0,8,0,3,1,1,4,35,1,1,2,1,0,0,1,1,0,0,99,99,99,99,99,99,0,0,0,0,1,3,0,60732,1980,2009,0,VIRGIL AVE,MONROE ST,0000000,34.085625,-118.2868556,1,1
6,73,4,1,19,10,1,1,0,0,6,4,3,33,0,1,4,1,2,0,2,1,2,1,0,0,1,1,0,0,99,99,99,99,88,88,0,4,0,0,1,4,0,60733,0,2009,0,KETUULL-UUYAA,99999999999999999999,0000000,32.953225,-116.8403722,1,1
6,95,4,10,23,37,1,1,0,0,6,4,0,38,0,1,4,1,2,35,2,1,2,1,28,3,2,1,0,0,99,99,99,99,88,88,0,4,0,0,1,6,1,60734,0,2009,0,LOCKE RD,99999999999999999999,0000000,38.44346944,-121.9477806,1,1
6,59,4,11,5,48,1,1,0,1,12,3,0,25,0,1,3,3,4,65,1,1,1,1,0,0,3,1,0,0,99,99,99,99,88,88,0,0,0,0,1,7,1,60735,1410,2009,23,SR-22,99999999999999999999,0000000,33.7743,-118.0135389,1,1
6,73,4,19,19,11,3,4,0,0,2,3,0,12,2,1,1,1,2,55,2,1,2,1,0,0,1,1,0,0,99,99,99,99,99,99,0,0,0,0,1,1,1,60736,0,2009,165,SR-76,99999999999999999999,0000000,33.32290833,-117.167925,3,1
6,99,4,22,21,45,2,2,0,0,3,5,0,12,2,1,1,2,2,55,1,1,2,1,0,0,2,1,0,0,99,99,99,99,99,99,0,0,0,0,1,4,1,60737,0,2009,0,GOLDEN STATE BLVD,99999999999999999999,0000000,37.46795,-120.8174694,2,1
6,73,4,25,22,17,1,1,0,1,1,1,0,33,0,1,4,3,4,65,1,1,1,1,0,0,3,1,0,0,99,99,99,99,88,88,0,0,0,0,1,7,1,60738,0,2009,706,I-5,99999999999999999999,0000000,33.38212778,-117.5740944,1,1
6,81,1,17,14,49,2,3,0,0,13,3,0,12,2,1,1,1,2,35,2,2,2,1,0,0,1,1,0,0,99,99,99,99,88,88,0,0,0,0,1,7,1,60739,4259,2009,167,SR-84,99999999999999999999,0000000,37.31653889,-122.3041389,2,1
6,73,3,21,3,5,1,4,0,1,1,1,0,1,0,1,4,3,4,70,1,1,1,1,0,0,2,1,0,0,99,99,99,99,99,99,0,0,0,0,1,7,1,60740,0,2009,413,I-15,99999999999999999999,0000000,33.26058056,-117.1583306,1,1
6,19,4,27,9,0,1,2,0,1,1,1,0,38,0,1,4,2,2,70,1,1,2,1,0,0,1,1,0,0,99,99,99,99,99,99,0,0,0,0,1,2,0,60741,0,2009,87,I-5,99999999999999999999,0000000,36.17363889,-120.1914389,1,1
6,17,4,27,99,99,1,1,0,0,6,4,0,1,0,1,2,1,2,45,2,1,2,1,0,0,2,1,0,0,99,99,99,99,88,88,0,0,0,0,1,2,0,60742,0,2009,0,BASS LAKE RD,99999999999999999999,0000000,38.68018056,-121.0166611,1,1
6,29,4,28,12,5,2,6,0,0,5,4,0,12,5,2,1,1,2,55,1,1,2,1,20,3,1,1,0,0,99,99,99,99,99,99,0,0,0,0,1,3,0,60743,0,2009,0,POND RD,FAMOSO-PORTERVILLE,0000000,35.71798056,-119.1596389,2,1
6,73,4,28,15,15,2,2,0,1,12,3,0,12,2,13,1,6,1,40,2,2,1,7,0,0,1,1,0,0,99,99,15,50,99,99,0,0,0,0,1,3,0,60744,3260,2009,60,SR-94 RAMP,99999999999999999999,0000000,32.727175,-117.069775,2,1
6,97,4,28,17,33,3,5,0,0,13,6,0,12,1,3,1,2,2,40,1,1,1,1,3,3,1,1,0,0,99,99,99,99,99,99,0,0,0,0,1,3,0,60745,3490,2009,0,GUERNEVILLE RD,MARLOW RD,0000000,38.45259722,-122.75145,3,1
6,37,4,28,22,45,2,3,0,0,13,6,0,12,5,2,1,5,3,35,1,1,2,1,3,3,3,1,0,0,99,99,99,99,99,99,0,0,0,0,1,3,1,60746,1980,2009,0,LA TIJERA BLVD,74TH ST,0000000,33.97055,-118.379425,2,1
6,37,4,29,10,25,1,1,0,0,13,6,0,1,0,1,1,1,2,30,1,1,2,1,0,0,1,1,0,0,99,99,99,99,88,88,0,0,0,0,1,4,1,60747,3280,2009,0,MACLAY AVE,99999999999999999999,0000000,34.29541389,-118.4247972,1,1
6,111,3,22,22,32,1,3,0,0,6,4,0,27,0,3,4,1,2,55,1,1,2,1,20,3,2,1,0,0,99,99,99,99,99,99,0,0,0,0,2,1,1,60748,0,2009,0,ETTING RD,WOOD RD,0000000,34.16151944,-119.0963806,1,1
6,29,3,23,20,12,1,2,1,0,14,6,0,15,0,1,1,5,2,40,1,1,2,1,0,0,3,1,0,0,99,99,99,99,99,99,0,0,0,0,1,2,0,60749,240,2009,0,BERNARD ST,99999999999999999999,0000000,35.39025556,-118.9903389,1,1
6,85,4,17,23,25,1,2,0,1,1,1,0,1,0,1,1,3,4,65,1,2,2,1,0,0,2,1,0,0,99,99,99,99,99,99,0,0,0,0,1,6,0,60750,0,2009,198,I-280,99999999999999999999,0000000,37.40171667,-122.1839111,1,1
6,115,4,26,5,3,1,1,0,0,4,6,0,1,0,1,5,1,2,55,2,1,2,1,0,0,2,1,0,0,99,99,99,99,88,88,0,4,0,0,1,1,1,60751,0,2009,0,FEATHER RIVER BLVD,99999999999999999999,0000000,39.05523889,-121.5790472,1,1