STATE,COUNTY,MONTH,DAY,HOUR,MINUTE,VE_TOTAL,PERSONS,PEDS,NHS,ROAD_FNC,ROUTE,SP_JUR,HARM_EV,MAN_COLL,REL_JUNC,REL_ROAD,TRAF_FLO,NO_LANES,SP_LIMIT,ALIGNMNT,PROFILE,PAVE_TYP,SUR_COND,TRA_CONT,T_CONT_F,LGT_COND,WEATHER1,WEATHER2,WRK_ZONE,NOT_HOUR,NOT_MIN,ARR_HOUR,ARR_MIN,HOSP_HR,HOSP_MN,SCH_BUS,CF1,CF2,CF3,FATALS,DAY_WEEK,DRUNK_DR,ST_CASE,CITY,YEAR,MILEPT,TWAY_ID,TWAY_ID2,RAIL,LATITUDE,LONGITUD,VE_FORMS,WEATHER
6,47,4,28,20,35,1,1,0,0,2,5,0,1,0,3,2,1,2,55,1,1,9,1,0,0,2,1,0,0,99,99,99,99,99,99,0,0,0,0,1,3,1,60752,0,2009,0,SANTA FE AVE,KRAFFT RD,0000000,37.28451667,-120.3156583,1,1
6,99,4,29,12,44,2,3,0,0,6,4,0,12,5,2,1,1,2,55,1,1,2,1,20,3,1,1,0,0,99,99,99,99,99,99,0,0,0,0,1,4,1,60753,0,2009,0,E MONTE VISTA AVE,CENTRAL AVE,0000000,37.52187778,-120.9587,2,1
6,65,4,29,23,2,2,3,0,0,4,5,0,12,7,1,1,1,2,40,1,2,2,1,0,0,2,1,0,0,99,99,99,99,88,88,0,0,0,0,1,4,0,60754,0,2009,0,ELLIS RD,99999999999999999999,0000000,33.77193333,-117.2856778,2,1
6,99,5,1,22,32,1,4,2,0,12,3,0,8,0,2,1,5,4,35,1,1,2,2,0,0,3,2,0,0,99,99,99,99,99,99,0,19,0,0,1,6,0,60755,2200,2009,164,SR-132,CAMELLIA WY,0000000,37.63819722,-120.9708528,1,2
6,107,5,2,0,25,1,2,0,1,2,3,0,24,0,1,3,3,2,70,1,1,2,2,0,0,3,1,0,0,99,99,99,99,99,99,0,0,0,0,1,7,1,60756,0,2009,397,SR-99,99999999999999999999,0000000,36.33905,-119.4173944,1,1
6,99,5,2,2,8,1,2,1,0,4,4,0,8,0,1,1,1,2,55,1,1,2,2,0,0,2,1,0,0,99,99,99,99,99,99,0,0,0,0,1,7,0,60757,0,2009,0,KIERNAN AVE,99999999999999999999,0000000,37.71076111,-121.0972056,1,1
6,37,5,2,4,35,3,4,0,0,13,6,0,12,5,2,1,1,4,35,1,1,2,1,3,3,3,1,0,0,99,99,99,99,99,99,0,0,0,0,1,7,0,60758,1980,2009,0,BEVERLY BLVD,FAIRFAX AVE,0000000,34.0761,-118.3614639,2,1
6,37,5,3,0,45,6,1,0,0,14,6,0,14,1,3,7,1,4,35,1,1,2,1,0,0,3,1,0,0,99,99,99,99,88,88,0,0,0,0,1,1,1,60759,1980,2009,0,ADAMS BLVD,ORCHARD AVE,0000000,34.032775,-118.28745,1,1
6,37,5,3,8,5,2,4,0,0,14,6,0,12,5,2,1,1,4,35,1,1,2,1,3,3,1,1,0,0,99,99,99,99,99,99,0,0,0,0,3,1,0,60760,1980,2009,0,GAGE AVE,MAIN ST,0000000,33.98241944,-118.27395,2,1
6,37,5,4,2,50,1,2,0,0,13,6,0,42,0,1,3,2,3,35,2,1,2,1,0,0,3,1,0,0,99,99,99,99,88,88,0,0,0,0,2,2,1,60761,1980,2009,0,MARTIN LUTHER KING,99999999999999999999,0000000,34.01071111,-118.3231194,1,1
6,107,5,4,4,57,2,2,0,0,6,4,0,12,2,1,1,1,2,55,1,1,2,1,0,0,2,1,0,0,99,99,99,99,99,99,0,0,0,0,1,2,0,60762,0,2009,0,ROAD 140,99999999999999999999,0000000,36.27282222,-119.2607972,2,1
6,29,5,6,21,20,2,2,0,1,12,3,0,12,8,1,1,1,2,55,1,1,2,1,0,0,2,1,0,0,99,99,99,99,99,99,0,0,0,0,1,4,1,60763,0,2009,226,SR-65,99999999999999999999,0000000,35.75291944,-119.0529167,2,1
6,71,5,7,8,35,2,2,0,1,2,3,0,12,2,1,1,1,2,55,2,1,2,1,0,0,1,1,0,0,99,99,99,99,99,99,0,0,0,0,1,5,0,60764,0,2009,869,SR-18,99999999999999999999,0000000,34.45027222,-117.0508278,2,1
6,73,5,7,14,20,3,6,0,1,11,1,0,25,0,1,3,3,4,65,1,1,1,1,0,0,1,1,0,0,99,99,99,99,99,99,0,0,0,0,1,5,0,60765,3260,2009,176,I-5,99999999999999999999,0000000,32.73599167,-117.1753694,3,1
6,37,1,20,20,35,1,2,0,0,3,4,0,1,0,1,6,1,2,25,2,2,2,1,0,0,2,1,0,0,99,99,99,99,99,99,0,0,0,0,1,3,0,60766,0,2009,0,TURNBILL CYN RD,99999999999999999999,0000000,33.99340278,-118.0140222,1,1
6,37,1,31,18,0,2,2,0,0,14,6,0,12,5,1,1,1,4,35,1,2,2,1,0,0,2,1,0,0,99,99,99,99,99,99,0,0,0,0,1,7,0,60767,1980,2009,0,PALISADES DR,99999999999999999999,0000000,34.06019722,-118.5556139,2,1
6,37,2,8,0,15,3,3,0,0,14,6,0,12,5,2,1,1,2,30,1,1,2,2,3,3,3,1,0,0,99,99,99,99,99,99,0,0,0,0,1,1,1,60768,1970,2009,0,4TH ST,CHERRY AVE,0000000,33.77171944,-118.1676722,3,1
6,37,2,28,22,10,2,3,0,0,2,4,0,12,2,1,1,1,2,30,1,1,1,1,0,0,3,1,0,0,99,99,99,99,99,99,0,0,0,0,1,7,1,60769,0,2009,0,SANTA FE AVE,99999999999999999999,0000000,33.96308056,-118.2302722,2,1
6,29,3,1,2,25,1,3,0,0,16,6,0,5,0,1,1,1,2,25,1,1,2,1,0,0,3,1,0,0,3,6,99,99,99,99,0,0,0,0,1,1,1,60770,240,2009,0,PARK WEST CIR,99999999999999999999,0000000,35.41168333,-119.0768833,1,1
6,59,3,14,23,9,1,3,1,0,16,6,0,8,0,1,1,2,3,45,1,1,2,1,0,0,3,1,0,2,99,99,99,99,99,99,0,0,0,0,1,7,0,60771,880,2009,0,NEWPORT BLVD,99999999999999999999,0000000,33.63629722,-117.9221861,1,1
6,73,3,15,10,26,1,1,0,0,2,4,0,1,0,1,1,1,2,55,1,1,2,1,0,0,1,1,0,0,99,99,99,99,88,88,0,0,0,0,1,1,0,60772,0,2009,363,BARRETT SMITH RD,99999999999999999999,0000000,32.599325,-116.6813917,1,1
6,47,4,10,17,19,1,2,0,0,3,4,0,42,0,1,5,1,2,55,1,1,2,1,0,0,1,1,0,0,99,99,99,99,99,99,0,0,0,0,1,6,1,60773,0,2009,0,PLAINSBURG RD,99999999999999999999,0000000,37.24706944,-120.3250972,1,1
6,73,4,12,2,10,1,2,0,1,11,1,0,33,0,1,4,3,5,65,1,2,1,1,0,0,2,1,0,0,99,99,99,99,99,99,0,0,0,0,1,1,1,60774,2340,2009,96,I-805,99999999999999999999,0000000,32.66748611,-117.0808278,1,1
6,65,4,25,11,15,1,1,0,1,1,1,0,1,0,1,5,2,2,70,1,1,1,1,0,0,1,1,0,0,99,99,99,99,88,88,0,0,0,0,1,7,0,60775,0,2009,1189,I-10,99999999999999999999,0000000,33.660675,-115.1709222,1,1
6,71,4,25,11,36,2,3,0,0,14,6,0,12,5,2,1,1,2,55,1,1,2,1,20,3,1,1,0,0,99,99,99,99,99,99,0,0,0,0,1,7,0,60776,115,2009,0,DALE EVANS PKWY,STODDARD WELLS RD,0000000,34.62412778,-117.2071111,2,1
6,29,4,25,23,18,1,2,1,0,2,4,0,8,0,1,1,5,4,40,1,1,2,1,0,0,3,1,0,0,99,99,99,99,99,99,0,0,0,0,1,7,0,60777,0,2009,0,NILES ST,99999999999999999999,0000000,35.37743056,-118.9711694,1,1
6,65,4,25,23,35,1,2,0,0,4,4,0,1,0,1,5,1,2,45,2,1,2,1,0,0,2,1,0,0,99,99,99,99,99,99,0,0,0,0,1,7,1,60778,0,2009,0,DESERT CACTUS DR,99999999999999999999,0000000,33.62987778,-116.1292222,1,1
6,71,4,27,19,24,1,2,1,1,2,3,0,8,0,1,1,5,4,65,1,1,1,1,0,0,1,1,0,0,99,99,99,99,99,99,0,0,0,0,1,2,0,60779,0,2009,23,SR-62,99999999999999999999,0000000,34.05813611,-116.5679889,1,1
6,59,5,1,1,10,1,2,1,0,13,6,0,8,0,3,1,2,2,40,1,1,2,1,3,3,3,1,0,0,99,99,99,99,99,99,0,0,0,0,1,6,0,60780,1410,2009,0,CHAPMAN AVE,HARBOR BL,0000000,33.78875833,-117.9150333,1,1
6,47,5,1,2,30,1,1,0,0,6,4,0,27,0,1,4,1,2,55,1,1,2,1,0,0,2,1,0,0,99,99,99,99,88,88,0,0,0,0,1,6,1,60781,0,2009,0,TEGNER RD,99999999999999999999,0000000,37.40616389,-120.8865583,1,1
6,83,5,1,15,35,3,8,0,1,12,2,0,27,0,1,3,2,2,65,2,3,1,1,0,0,1,1,0,0,99,99,99,99,99,99,0,0,0,0,1,6,0,60782,0,2009,520,US-101,99999999999999999999,0000000,34.52516111,-120.2000917,3,1
6,29,5,1,20,5,2,2,0,0,5,4,0,12,1,1,1,1,2,55,1,1,2,2,0,0,2,2,0,0,99,99,99,99,88,88,0,0,0,0,1,6,1,60783,0,2009,0,WILDWOOD RD,99999999999999999999,0000000,35.63543056,-119.4377361,2,2
6,29,5,2,2,51,2,3,0,0,4,6,0,53,0,1,4,1,2,55,1,1,2,2,0,0,2,1,0,0,99,99,99,99,99,99,0,20,0,0,1,7,1,60784,0,2009,0,S UNION AVE,99999999999999999999,0000000,35.19899167,-119.0035194,1,1
6,83,5,9,19,34,1,1,0,1,2,3,0,38,0,1,4,1,2,55,2,1,2,1,0,0,1,1,0,0,99,99,99,99,99,99,0,0,0,0,1,7,1,60785,0,2009,28,SR-135,99999999999999999999,0000000,34.75226111,-120.3189194,1,1
6,107,5,9,21,38,2,3,0,1,12,3,0,12,5,10,1,2,2,35,1,1,2,1,2,3,3,1,0,0,99,99,99,99,99,99,0,0,0,0,1,7,2,60786,2880,2009,190,SR-65,OLIVE AVE,0000000,36.06616944,-119.039525,2,1
6,37,5,10,2,0,2,4,0,0,12,3,0,12,2,1,1,3,5,65,1,1,1,1,0,0,3,1,0,1,99,99,99,99,99,99,0,0,0,0,2,1,2,60787,1430,2009,191,SR-2,99999999999999999999,0000000,34.15118333,-118.2251639,2,1
6,37,5,10,3,5,1,4,0,0,13,6,0,33,0,1,4,1,4,35,1,1,2,1,0,0,3,1,0,0,99,99,99,99,99,99,0,0,0,0,2,1,1,60788,1980,2009,0,WILSHIRE BLVD,99999999999999999999,0000000,34.05958611,-118.2791417,1,1
6,99,5,10,13,3,2,2,0,0,15,6,0,12,5,1,1,1,2,35,1,1,2,1,0,0,1,1,0,0,99,99,99,99,99,99,0,0,0,0,1,1,1,60789,640,2009,0,DON PEDRO RD,99999999999999999999,0000000,37.58388611,-120.9428639,2,1
6,29,5,10,15,10,2,6,2,1,2,3,0,7,0,1,1,3,3,70,1,1,2,1,0,0,1,1,0,0,99,99,99,99,99,99,0,0,0,0,2,1,1,60790,0,2009,363,SR-99,99999999999999999999,0000000,35.47957222,-119.1379083,1,1
6,47,5,10,20,11,1,3,1,0,13,6,0,8,0,3,1,1,6,40,1,1,2,1,2,3,5,1,0,0,99,99,99,99,99,99,0,0,0,0,1,1,0,60791,2150,2009,0,W OLIVE AVE,AUSTIN AVE,0000000,37.31926944,-120.49485,1,1
6,57,5,11,6,40,1,1,0,1,11,1,0,1,0,1,4,3,2,65,2,2,1,1,40,3,1,1,0,4,99,99,99,99,88,88,0,0,0,0,1,2,0,60792,0,2009,64,I-80,99999999999999999999,0000000,39.3433,-120.3271389,1,1
6,73,5,11,11,15,2,2,0,0,3,4,0,12,5,8,1,1,2,40,1,2,2,1,0,0,1,1,0,0,99,99,99,99,99,99,0,0,0,0,1,2,0,60793,0,2009,0,ALPINE BLVD,99999999999999999999,0000000,32.83503889,-116.7601306,2,1
6,85,5,12,1,7,1,1,0,0,12,3,0,41,0,13,8,6,2,65,2,2,9,1,0,0,3,1,0,0,99,99,99,99,88,88,0,0,0,0,1,3,1,60794,3340,2009,136,SR-17 RAMP,99999999999999999999,0000000,37.31733889,-121.9387889,1,1
6,39,5,12,13,17,1,2,1,1,2,3,0,15,0,15,1,5,4,35,1,1,2,1,0,0,1,1,0,0,99,99,99,99,99,99,0,0,0,0,1,3,0,60795,0,2009,356,SR-41,99999999999999999999,0000000,37.33188611,-119.6541417,1,1
6,39,5,12,16,59,3,4,0,0,4,4,0,12,8,1,1,1,2,55,1,1,2,1,0,0,1,1,0,0,99,99,99,99,88,88,0,0,0,0,1,3,0,60796,0,2009,0,AVENUE 7,99999999999999999999,0000000,36.85108889,-120.3139833,3,1
6,37,5,12,18,35,1,1,0,0,14,6,0,1,0,3,1,1,4,40,2,1,2,1,0,0,1,1,0,0,99,99,99,99,99,99,0,0,0,0,1,3,0,60797,1015,2009,0,WASHINGTON ST,LINCOLN AVE,0000000,34.16983333,-118.1596,1,1
6,73,5,13,15,55,1,2,1,0,3,4,0,9,0,1,1,2,2,35,1,2,2,1,0,0,1,1,0,0,99,99,99,99,99,99,0,0,0,0,1,4,0,60798,0,2009,0,VALLEY CENTER RD,99999999999999999999,0000000,33.23138333,-117.0213139,1,1
6,37,5,14,1,45,1,2,0,0,14,6,0,33,0,1,4,2,3,35,2,1,2,1,0,0,3,1,0,0,99,99,99,99,88,88,0,0,0,0,2,5,1,60799,1980,2009,0,BURBANK BL,99999999999999999999,0000000,34.17215,-118.4995194,1,1
6,37,5,15,21,50,1,2,1,0,14,6,0,8,0,1,1,1,2,35,1,1,2,1,8,3,3,1,0,0,99,99,99,99,99,99,0,0,0,0,1,6,0,60800,1980,2009,0,VERNON AVE,99999999999999999999,0000000,34.00368333,-118.2920889,1,1
6,89,5,15,22,13,1,1,0,0,2,3,0,42,0,1,4,1,2,55,2,1,1,1,0,0,2,1,0,0,99,99,99,99,88,88,0,20,0,0,1,6,1,60801,0,2009,961,SR-299,99999999999999999999,0000000,41.05458611,-121.3890806,1,1
6,67,5,15,22,15,2,3,0,1,1,1,0,12,2,1,1,2,2,70,1,1,1,1,0,0,2,1,0,0,99,99,99,99,99,99,0,0,0,0,2,6,1,60802,0,2009,41,I-5,99999999999999999999,0000000,38.31200833,-121.463475,2,1
6,25,5,7,20,10,2,4,0,1,1,1,0,18,0,1,1,2,2,70,1,1,1,1,0,0,2,1,0,0,99,99,99,99,99,99,0,0,0,0,1,5,1,60803,0,2009,392,I-8,99999999999999999999,0000000,32.77374444,-115.5314333,2,1
6,59,5,7,23,18,1,3,1,1,11,1,0,8,0,1,1,3,7,65,1,1,1,1,0,0,3,1,0,0,99,99,99,99,99,99,0,0,0,0,1,5,0,60804,880,2009,94,I-405,99999999999999999999,0000000,33.68754167,-117.8836972,1,1
6,73,5,8,4,46,2,1,0,0,13,6,0,14,1,1,2,2,2,35,1,1,2,1,0,0,3,5,0,0,99,99,99,99,88,88,0,0,0,0,1,6,1,60805,3260,2009,0,CLAIREMONT MESA BLVD,99999999999999999999,0000000,32.834325,-117.1741472,1,5
6,59,5,8,5,45,1,1,0,1,12,3,0,21,0,1,3,2,2,65,2,2,2,1,0,0,4,1,0,0,99,99,99,99,88,88,0,0,0,0,1,6,0,60806,2560,2009,325,SR-241,99999999999999999999,0000000,33.78064444,-117.7478611,1,1
6,47,5,8,15,51,2,5,0,1,1,1,0,1,0,1,3,2,2,70,1,1,2,1,0,0,1,1,0,0,99,99,99,99,99,99,0,0,0,0,1,6,0,60807,0,2009,9,I-5,99999999999999999999,0000000,36.86365556,-120.782875,2,1
6,19,5,9,2,53,1,1,0,0,6,4,0,10,0,6,1,1,2,55,1,1,2,1,60,3,2,1,0,0,99,99,99,99,88,88,0,0,0,0,1,7,1,60808,0,2009,0,CHESTNUT AVE,99999999999999999999,028446N,36.55091389,-119.7371139,1,1
6,37,5,9,9,50,2,4,0,0,2,3,0,25,0,1,4,3,5,65,1,1,1,1,0,0,1,1,0,1,99,99,99,99,99,99,0,0,0,0,3,7,0,60809,0,2009,147,SR-60,99999999999999999999,0000000,34.01439167,-117.9835944,2,1
6,65,5,9,11,42,2,3,0,1,2,3,0,12,5,1,1,1,2,55,2,2,2,1,0,0,1,1,0,0,99,99,99,99,99,99,0,0,0,0,1,7,0,60810,0,2009,76,SR-74,99999999999999999999,0000000,33.65746111,-117.3977139,2,1
6,25,5,16,6,30,2,4,0,0,4,4,0,12,5,2,1,1,2,55,1,1,2,1,20,3,1,1,0,0,99,99,99,99,99,99,0,0,0,0,3,7,0,60811,0,2009,0,HIGHLIFE RD,WORTHINGTON RD,0000000,32.84743333,-115.3107833,2,1
6,59,4,18,8,6,1,2,1,0,14,6,0,33,0,1,4,5,6,40,1,1,2,1,0,0,1,1,0,0,99,99,99,99,99,99,0,0,0,0,1,7,0,60812,3420,2009,0,MAIN ST,99999999999999999999,0000000,33.70646389,-117.8680528,1,1
6,13,4,22,4,19,2,2,0,1,12,3,0,12,1,1,1,3,3,65,1,1,2,1,0,0,2,1,0,0,99,99,99,99,88,88,0,23,0,0,1,4,0,60813,110,2009,297,SR-4,99999999999999999999,0000000,37.99393056,-121.7726333,2,1
6,73,5,10,22,0,1,1,0,0,3,4,0,27,0,1,4,1,2,45,2,1,2,1,0,0,2,1,0,0,99,99,99,99,88,88,0,0,0,0,1,1,1,60814,0,2009,0,VALLEY CENTER RD,99999999999999999999,0000000,33.23100556,-117.0197583,1,1
6,59,5,11,2,29,1,3,0,0,16,6,0,35,0,1,4,1,2,25,1,1,2,1,0,0,3,1,0,0,99,99,99,99,99,99,0,0,0,0,2,2,1,60815,1380,2009,0,COYOTE HILLS DR,99999999999999999999,0000000,33.89805833,-117.9665167,1,1
6,19,5,18,15,49,2,2,0,0,14,6,0,12,5,2,1,1,4,40,1,1,2,1,0,0,1,1,0,0,99,99,99,99,99,99,0,0,0,0,1,2,0,60816,1370,2009,0,E CLINTON AVE,N EFFIE AVE,0000000,36.77226111,-119.7883194,2,1
6,65,5,18,18,40,1,2,0,0,13,6,0,42,0,1,3,2,2,50,1,1,2,1,0,0,1,1,0,0,99,99,99,99,99,99,0,0,0,0,1,2,0,60817,750,2009,0,GRAPEFRUIT BLVD,99999999999999999999,0000000,33.69646389,-116.1882333,1,1
6,53,5,19,5,33,2,5,0,1,2,2,0,12,5,2,1,2,2,65,1,1,1,1,0,0,4,1,0,0,99,99,99,99,88,88,0,0,0,0,4,3,0,60818,0,2009,585,US-101,MAJOR FARMS RD,0000000,36.38052222,-121.2975167,2,1
6,13,5,19,5,41,1,1,0,1,12,3,0,27,0,1,8,3,4,65,1,2,2,1,0,0,2,1,0,0,99,99,99,99,88,88,0,0,0,0,1,3,1,60819,2583,2009,13,SR-24,99999999999999999999,0000000,37.86804444,-122.1955639,1,1
6,75,5,21,21,28,2,2,0,0,14,6,0,12,5,2,1,1,3,25,1,1,2,1,3,3,3,1,0,0,99,99,99,99,99,99,0,0,0,0,1,5,0,60820,3290,2009,0,STOCKTON ST,SACRAMENTO ST,0000000,37.79318889,-122.4077,2,1
6,73,5,21,23,19,1,1,0,0,16,6,0,17,0,1,4,1,2,55,1,1,2,1,0,0,2,1,0,0,99,99,99,99,99,99,0,0,0,0,1,5,0,60821,3260,2009,0,SAN PASQUAL VALLEY,99999999999999999999,0000000,33.09398611,-117.0013056,1,1
6,47,5,7,17,48,2,3,0,1,12,3,0,12,7,1,1,5,4,40,1,1,2,1,0,0,1,1,0,0,99,99,99,99,99,99,0,0,0,0,1,5,0,60822,1990,2009,216,SR-152,99999999999999999999,0000000,37.05698333,-120.829075,2,1
6,37,5,16,4,8,2,5,0,1,1,1,0,12,1,1,1,3,4,65,1,2,1,1,0,0,2,1,0,0,99,99,99,99,99,99,0,0,0,0,1,7,1,60823,0,2009,875,I-5,99999999999999999999,0000000,34.827225,-118.8719,2,1
6,29,5,19,6,25,2,2,0,0,4,5,0,12,1,3,1,1,2,55,1,1,2,1,0,0,1,1,0,0,99,99,99,99,99,99,0,0,0,0,1,3,0,60824,0,2009,0,KIMBERLINA RD,SHAFTER AVE,0000000,35.55821667,-119.2773722,2,1
6,37,5,19,20,30,1,2,1,0,14,6,0,15,0,1,1,2,2,40,1,1,2,1,0,0,3,1,0,0,99,99,99,99,99,99,0,0,0,0,1,3,0,60825,305,2009,0,ARTESIA BLVD,99999999999999999999,0000000,33.87469444,-118.1467361,1,1
6,37,5,19,20,33,2,2,0,0,3,5,0,12,5,2,1,1,2,55,1,1,2,1,20,3,2,1,0,0,99,99,99,99,99,99,0,0,0,0,1,3,1,60826,0,2009,0,W AVENUE O,15TH ST WEST,0000000,34.61653889,-118.1566278,2,1
6,29,5,19,20,40,1,2,1,0,13,6,0,8,0,3,1,2,3,40,1,1,2,1,0,0,3,1,0,0,99,99,99,99,99,99,0,0,0,0,1,3,0,60827,240,2009,0,E CALIFORNIA AVE,BEALE AVE,0000000,35.36835556,-118.9924611,1,1
6,59,5,20,5,28,1,2,1,0,2,5,0,8,0,1,1,2,2,40,1,1,2,1,0,0,2,1,0,0,99,99,99,99,88,88,0,0,0,0,1,4,0,60828,0,2009,0,KATELLA AVE,99999999999999999999,0000000,33.8031,-117.9634861,1,1
6,19,5,20,8,50,2,2,0,0,4,5,0,12,5,1,1,1,2,55,1,1,2,1,0,0,1,1,0,0,99,99,99,99,99,99,0,0,0,0,1,4,0,60829,0,2009,0,ACADEMY AVE,99999999999999999999,0000000,36.57893611,-119.5571278,2,1
6,71,5,20,13,27,2,2,0,1,12,3,0,33,0,13,4,6,3,65,2,2,1,1,0,0,1,1,0,0,99,99,99,99,99,99,0,0,0,0,1,4,0,60830,681,2009,32,SR-71 RAMP,99999999999999999999,0000000,33.98275278,-117.7066944,2,1
6,39,5,20,16,39,1,1,0,0,4,5,0,1,0,1,5,1,2,55,2,1,2,1,0,0,1,1,0,0,99,99,99,99,88,88,0,0,0,0,1,4,0,60831,0,2009,0,ROAD 224,99999999999999999999,0000000,37.22954167,-119.5085056,1,1
6,37,5,20,19,15,1,2,1,0,13,6,0,8,0,3,1,2,3,25,1,1,2,1,3,3,1,1,0,0,99,99,99,99,99,99,0,0,0,0,1,4,0,60832,1980,2009,0,SPRING ST,TEMPLE ST,0000000,34.05829167,-118.2387222,1,1
6,37,2,14,1,9,2,3,0,0,13,6,0,12,5,2,1,2,3,45,1,1,2,1,3,3,3,1,0,0,99,99,99,99,99,99,0,0,0,0,1,7,1,60833,3455,2009,0,TELEGRAPH RD,BLOOMFIELD AVE,0000000,33.94257778,-118.0640611,2,1
6,29,4,21,0,26,1,1,0,1,12,3,0,42,0,1,4,3,3,70,1,1,2,1,0,0,2,1,0,0,99,99,99,99,99,99,0,0,0,0,1,3,0,60834,0,2009,339,SR-99,99999999999999999999,0000000,35.46018056,-119.1113667,1,1
6,55,4,26,21,20,1,2,1,0,4,4,0,8,0,1,1,1,2,55,1,1,2,1,0,0,2,1,0,0,99,99,99,99,88,88,0,0,0,0,1,1,1,60835,0,2009,0,SILVERDO TRAIL,99999999999999999999,0000000,38.44666111,-122.3557,1,1
6,7,5,4,19,40,1,2,0,0,4,4,0,1,0,1,4,1,2,35,2,1,2,2,0,0,3,1,0,0,99,99,99,99,99,99,0,0,0,0,1,2,1,60836,0,2009,0,KEEFER RD,99999999999999999999,0000000,39.8187,-121.8703194,1,1
6,13,5,4,21,25,1,2,0,0,12,3,0,1,0,15,3,3,3,65,2,1,2,2,0,0,2,2,1,0,99,99,99,99,99,99,0,0,0,0,1,2,1,60837,820,2009,33,SR-242,99999999999999999999,0000000,37.96803611,-122.0484806,1,2
6,67,5,5,6,5,1,4,1,0,6,6,0,38,0,1,4,1,2,35,1,1,2,2,0,0,4,1,0,0,99,99,99,99,99,99,0,0,0,0,1,3,1,60838,0,2009,0,A ST,99999999999999999999,0000000,38.54543056,-121.7476139,1,1
6,97,5,5,9,20,1,4,0,0,3,5,0,16,0,1,1,1,2,35,1,1,2,2,0,0,1,1,0,0,99,99,99,99,99,99,0,0,0,0,1,3,0,60839,0,2009,0,BENNETT VALLEY RD,99999999999999999999,0000000,38.39231111,-122.6060389,1,1
6,73,5,5,11,10,4,4,0,1,1,1,0,12,1,1,1,3,5,65,1,1,1,1,0,0,1,1,0,0,99,99,99,99,88,88,0,14,0,0,1,3,0,60840,0,2009,668,I-5,99999999999999999999,0000000,32.67988056,-117.1102972,4,1
6,37,5,5,18,5,2,3,1,0,13,6,0,12,5,2,1,2,3,35,1,1,2,1,3,3,1,1,0,0,99,99,99,99,99,99,0,0,0,0,1,3,0,60841,1980,2009,0,SEPULVEDA BLVD,LANARK ST,0000000,34.09661389,-118.4767139,2,1
6,77,5,6,2,47,1,1,0,1,2,3,0,53,0,1,4,1,2,55,1,1,2,1,0,0,2,1,0,0,99,99,99,99,88,88,0,0,0,0,1,4,0,60842,0,2009,68,SR-88,99999999999999999999,0000000,38.06626944,-121.1890611,1,1
6,37,5,6,13,35,5,3,0,0,15,6,0,12,5,3,1,5,2,40,1,1,2,1,3,3,1,1,0,0,99,99,99,99,99,99,0,14,0,0,1,4,0,60843,4030,2009,0,37TH ST,SEVILLE AVE,0000000,34.00893056,-118.2228583,3,1
6,71,5,14,3,10,1,1,0,1,11,1,0,35,0,1,3,2,2,70,1,1,1,1,0,0,2,1,0,0,99,99,99,99,88,88,0,0,0,0,1,5,0,60844,0,2009,1489,I-40,99999999999999999999,0000000,34.75670556,-114.5695111,1,1
6,31,5,14,22,0,1,1,0,0,4,4,0,1,0,1,5,1,2,55,1,1,2,1,0,0,2,1,0,0,99,99,99,99,88,88,0,0,0,0,1,5,1,60845,0,2009,0,FLINT AVE,99999999999999999999,0000000,36.37183333,-119.7427417,1,1
6,19,5,18,12,33,1,1,0,0,4,5,0,52,0,1,4,1,2,50,1,1,1,1,0,0,1,1,0,0,99,99,99,99,88,88,0,0,0,0,1,2,0,60846,0,2009,0,MILLERTON RD,99999999999999999999,0000000,36.99253611,-119.7032861,1,1
6,71,5,18,14,14,1,2,0,0,4,5,0,5,0,1,1,1,2,25,1,1,1,1,0,0,1,1,0,0,99,99,99,99,99,99,0,0,0,0,1,2,0,60847,0,2009,0,MACY ST,99999999999999999999,0000000,34.15005556,-117.3398528,1,1
6,37,1,7,1,0,1,3,0,1,12,2,0,52,0,1,4,3,4,55,2,1,2,1,0,0,3,1,0,0,99,99,99,99,99,99,0,0,0,0,2,4,1,60848,1980,2009,62,US-101,99999999999999999999,0000000,34.09686667,-118.313725,1,1
6,71,4,26,22,40,2,3,0,1,11,1,0,12,1,1,1,3,5,70,1,1,2,1,0,0,3,1,0,0,99,99,99,99,88,88,0,0,0,0,1,1,1,60849,260,2009,740,I-15,99999999999999999999,0000000,34.88618056,-117.0159,2,1
6,37,5,8,18,50,2,3,0,0,16,6,0,12,2,1,1,1,2,25,1,1,2,1,0,0,1,1,0,0,99,99,99,99,99,99,0,0,0,0,1,6,0,60850,1980,2009,0,LA FAYETTE RD,99999999999999999999,0000000,34.04425278,-118.3348333,1,1
6,71,5,10,16,40,1,8,0,1,11,1,0,1,0,1,1,2,4,70,1,1,1,1,0,0,1,1,0,0,99,99,99,99,99,99,0,0,0,0,1,1,1,60851,1603,2009,317,I-15,99999999999999999999,0000000,34.39408056,-117.4059194,1,1