STATE,COUNTY,MONTH,DAY,HOUR,MINUTE,VE_TOTAL,PERSONS,PEDS,NHS,ROAD_FNC,ROUTE,SP_JUR,HARM_EV,MAN_COLL,REL_JUNC,REL_ROAD,TRAF_FLO,NO_LANES,SP_LIMIT,ALIGNMNT,PROFILE,PAVE_TYP,SUR_COND,TRA_CONT,T_CONT_F,LGT_COND,WEATHER1,WEATHER2,WRK_ZONE,NOT_HOUR,NOT_MIN,ARR_HOUR,ARR_MIN,HOSP_HR,HOSP_MN,SCH_BUS,CF1,CF2,CF3,FATALS,DAY_WEEK,DRUNK_DR,ST_CASE,CITY,YEAR,MILEPT,TWAY_ID,TWAY_ID2,RAIL,LATITUDE,LONGITUD,VE_FORMS,WEATHER
6,59,5,16,22,5,2,5,0,1,11,1,0,12,1,13,1,6,2,65,1,1,1,1,0,0,3,1,0,0,99,99,99,99,99,99,0,0,0,0,1,7,0,60852,1660,2009,162,I-405 RAMP,99999999999999999999,0000000,33.73363889,-117.9903306,2,1
6,13,5,17,5,5,1,1,0,1,12,3,0,39,0,1,4,3,4,65,1,1,2,1,0,0,2,1,0,0,99,99,99,99,88,88,0,0,0,0,1,1,1,60853,0,2009,208,SR-4,99999999999999999999,0000000,38.01911389,-121.92995,1,1
6,101,5,17,22,15,1,1,0,0,2,3,0,32,0,1,4,5,2,45,1,1,2,1,0,0,2,1,0,0,99,99,99,99,88,88,0,0,0,0,1,1,1,60854,0,2009,410,SR-99,99999999999999999999,0000000,39.28708056,-121.663875,1,1
6,67,5,18,8,35,1,2,1,0,4,4,0,9,0,1,1,5,2,40,1,1,2,1,0,0,1,1,0,0,99,99,99,99,99,99,0,0,0,0,1,2,0,60855,0,2009,0,POWER INN RD,99999999999999999999,0000000,38.49265,-121.4089083,1,1
6,71,5,21,10,57,2,2,0,1,11,1,0,12,2,13,1,6,1,65,1,1,2,1,28,3,1,1,0,0,99,99,99,99,99,99,0,0,0,0,1,5,1,60856,3210,2009,87,I-215 RAMP,99999999999999999999,0000000,34.12995,-117.3042306,2,1
6,37,5,21,21,30,1,2,1,0,16,6,0,15,0,2,1,1,2,25,1,1,2,1,20,3,3,1,0,0,99,99,99,99,99,99,0,0,0,0,1,5,0,60857,1980,2009,0,BANNING BL,Q ST,0000000,33.79563333,-118.2598194,1,1
6,107,3,3,8,50,2,3,0,0,15,6,0,12,2,1,1,1,2,55,1,1,2,1,0,0,1,1,0,0,99,99,99,99,99,99,0,0,0,0,1,3,1,60858,1254,2009,0,FARMERSVILLE BL,99999999999999999999,0000000,36.32082222,-119.2069278,2,1
6,113,3,9,19,15,2,5,0,0,4,4,0,12,4,1,1,1,2,45,2,1,2,1,0,0,5,1,0,0,99,99,99,99,99,99,0,0,0,0,1,2,2,60859,0,2009,0,OLD RIVER RD,99999999999999999999,0000000,38.607275,-121.5599444,2,1
6,71,3,16,0,39,2,3,0,0,14,6,0,12,1,3,1,2,3,50,1,1,2,1,3,3,3,1,0,0,99,99,99,99,88,88,0,0,0,0,1,2,1,60860,2550,2009,0,MILLIKEN AVE,AIRPORT DR,0000000,34.06239167,-117.5582639,2,1
6,37,4,3,5,43,1,1,0,0,14,6,0,29,0,1,4,5,2,30,2,2,2,1,0,0,3,1,0,0,99,99,99,99,88,88,0,0,0,0,1,6,1,60861,350,2009,0,COLDWATER CYN DR,99999999999999999999,0000000,34.09383333,-118.4072444,1,1
6,81,4,11,21,53,1,2,0,0,12,3,0,33,0,1,4,1,4,35,1,1,2,1,0,0,3,1,0,0,99,99,99,99,99,99,0,0,0,0,1,7,1,60862,490,2009,132,SR-82,99999999999999999999,0000000,37.57571389,-122.3474694,1,1
6,37,4,13,22,15,2,2,1,1,12,2,0,12,3,1,1,3,5,55,1,1,1,1,0,0,3,1,0,0,99,99,99,99,88,88,0,19,23,0,1,2,0,60863,1980,2009,112,US-101,99999999999999999999,0000000,34.148,-118.3720306,2,1
6,37,4,22,7,54,6,10,0,0,14,6,0,12,8,1,1,5,4,40,1,1,1,1,0,0,1,1,0,0,99,99,99,99,99,99,0,99,99,99,2,4,0,60864,2700,2009,0,ORANGE GROVE BL,99999999999999999999,0000000,34.15827222,-118.1037556,6,1
6,37,4,28,22,3,1,1,0,0,2,4,0,35,0,1,4,1,2,55,2,2,2,1,0,0,2,1,0,0,99,99,99,99,99,99,0,0,0,0,1,3,0,60865,0,2009,0,PALMDALE BL,99999999999999999999,0000000,34.57958056,-117.7321694,1,1
6,59,5,1,7,50,2,3,0,1,12,3,0,54,1,1,1,2,3,65,2,2,2,1,40,3,1,1,0,1,99,99,99,99,99,99,0,14,0,0,1,6,0,60866,1713,2009,206,SR-73,99999999999999999999,0000000,33.61436944,-117.8178556,2,1
6,37,5,11,21,30,1,3,1,0,14,6,0,8,0,3,1,1,4,35,1,1,2,1,28,3,3,1,0,0,99,99,99,99,88,88,0,0,0,0,1,2,0,60867,1980,2009,0,SANTA MONICA BLVD,WELLESLEY AVE,0000000,34.039575,-118.465525,1,1
6,65,5,13,10,22,2,2,0,1,11,1,0,1,0,13,1,6,2,65,1,1,1,1,0,0,1,1,0,0,99,99,99,99,88,88,0,0,0,0,1,4,0,60868,3070,2009,433,I-215 RAMP,99999999999999999999,0000000,33.9893,-117.34895,2,1
6,1,5,16,10,8,1,1,0,0,3,4,0,30,0,1,4,1,2,45,2,1,2,1,0,0,1,1,0,0,99,99,99,99,99,99,0,0,0,0,1,7,0,60869,0,2009,0,FOOTHILL RD,99999999999999999999,0000000,37.62514167,-121.883225,1,1
6,65,5,16,16,0,1,1,0,0,6,4,0,1,0,1,1,1,2,0,1,1,5,1,0,0,1,1,0,0,99,99,99,99,88,88,0,4,6,0,1,7,0,60870,0,2009,0,SHIRLEON DR,99999999999999999999,0000000,33.896175,-116.9076639,1,1
6,67,5,21,1,15,1,1,0,0,2,3,0,41,0,1,4,1,2,55,1,1,2,1,0,0,2,1,0,0,99,99,99,99,88,88,0,0,0,0,1,5,1,60871,0,2009,91,SR-16,99999999999999999999,0000000,38.51664167,-121.2892778,1,1
6,71,3,29,20,32,2,2,0,1,11,1,0,12,5,1,1,3,6,65,1,1,1,1,0,0,3,1,0,0,99,99,99,99,88,88,0,0,0,0,1,1,0,60872,2550,2009,27,I-15,99999999999999999999,0000000,34.07185833,-117.5452139,2,1
6,89,4,10,13,54,2,2,0,1,11,1,0,12,7,1,1,2,2,65,1,1,2,1,0,0,1,1,0,0,99,99,99,99,99,99,0,0,0,0,1,6,0,60873,2950,2009,171,I-5,99999999999999999999,0000000,40.60958611,-122.3625028,2,1
6,59,5,14,23,30,1,1,0,0,13,6,0,33,0,1,4,1,4,35,2,1,2,1,0,0,3,1,0,0,99,99,99,99,99,99,0,0,0,0,1,5,1,60874,2560,2009,0,N MAIN ST,99999999999999999999,0000000,33.788975,-117.86695,1,1
6,47,5,15,5,15,1,1,0,1,1,1,0,38,0,1,4,2,2,55,1,1,2,1,0,0,4,1,0,0,99,99,99,99,88,88,0,0,0,0,1,6,0,60875,0,2009,251,I-5,99999999999999999999,0000000,37.14875556,-121.0447889,1,1
6,9,5,15,18,5,1,1,0,0,4,4,0,24,0,1,4,1,2,35,2,2,2,1,0,0,1,1,0,0,99,99,99,99,99,99,0,0,0,0,1,6,1,60876,0,2009,0,MURPHYS GRADE RD,99999999999999999999,0000000,38.13523056,-120.4728972,1,1
6,85,5,15,18,20,3,3,0,0,2,3,0,12,1,13,1,6,3,65,1,2,2,1,3,3,1,1,0,0,99,99,99,99,88,88,0,0,0,0,1,6,1,60877,3440,2009,4,SR-85 RAMP,99999999999999999999,0000000,37.24120556,-121.7723806,3,1
6,37,5,21,23,33,1,1,0,0,13,6,0,33,0,1,3,2,3,35,1,1,2,1,0,0,3,1,0,0,99,99,99,99,99,99,0,0,0,0,1,5,0,60878,1045,2009,0,FIRESTONE BLVD,99999999999999999999,0000000,33.94033056,-118.1334028,1,1
6,71,5,22,2,17,2,5,0,0,14,6,0,12,5,2,1,2,3,55,1,1,2,1,20,3,2,1,0,0,99,99,99,99,99,99,0,0,0,0,1,6,1,60879,4040,2009,0,MOJAVE DR,EAST TRAIL,0000000,34.52841389,-117.3511417,2,1
6,65,5,16,21,53,1,1,0,0,16,6,0,33,0,1,4,2,1,55,1,1,1,1,0,0,3,1,0,0,99,99,99,99,99,99,0,0,0,0,1,7,1,60880,9997,2009,0,HAUN RD,99999999999999999999,0000000,33.67755,-117.1755694,1,1
6,89,5,22,15,45,2,3,0,1,2,3,0,12,3,1,1,1,2,55,1,1,2,1,0,0,1,1,0,0,99,99,99,99,99,99,0,0,0,0,1,6,0,60881,0,2009,161,SR-299,99999999999999999999,0000000,40.64808611,-122.5766944,2,1
6,59,5,22,15,48,1,1,0,0,16,6,0,33,0,1,4,1,2,40,2,1,2,1,0,0,1,1,0,0,99,99,99,99,99,99,0,0,0,0,1,6,0,60882,80,2009,0,E NOHL RANCH RD,99999999999999999999,0000000,33.84418611,-117.7887583,1,1
6,37,5,22,17,10,3,5,0,1,12,3,0,12,1,1,1,3,5,65,1,1,1,1,0,0,1,1,0,0,99,99,99,99,99,99,0,0,0,0,1,6,0,60883,1980,2009,188,SR-170,99999999999999999999,0000000,34.208075,-118.4063972,3,1
6,19,5,22,22,19,1,3,1,0,14,6,0,8,0,1,1,2,3,40,1,1,2,1,0,0,2,1,0,0,99,99,99,99,99,99,0,0,0,0,1,6,0,60884,1370,2009,0,BLACKSTONE AVE,99999999999999999999,0000000,36.79659722,-119.7906083,1,1
6,95,5,22,23,30,1,1,0,1,11,1,0,24,0,1,4,3,4,65,1,1,1,1,0,0,2,1,0,0,99,99,99,99,99,99,0,0,0,0,1,6,0,60885,4010,2009,309,I-80,99999999999999999999,0000000,38.39878889,-121.9206472,1,1
6,81,5,23,0,12,4,5,0,1,11,1,0,12,1,1,1,2,3,65,2,2,1,1,0,0,2,1,0,0,99,99,99,99,88,88,0,0,0,0,1,7,2,60886,970,2009,270,I-280,99999999999999999999,0000000,37.70273611,-122.4722389,4,1
6,59,5,23,1,51,1,1,0,0,13,6,0,46,0,3,4,5,6,40,2,1,2,1,3,3,3,1,0,0,99,99,99,99,88,88,0,0,0,0,1,7,1,60887,1410,2009,0,KNOTT ST,STANFORD AVE,0000000,33.77793056,-118.0108889,1,1
6,29,5,23,2,50,2,3,0,0,2,3,0,12,2,1,1,1,2,55,1,1,2,1,0,0,2,1,0,0,99,99,99,99,99,99,0,0,0,0,1,7,1,60888,0,2009,124,SR-223,99999999999999999999,0000000,35.20863333,-118.9776861,2,1
6,37,2,2,10,30,1,2,0,0,4,4,0,21,0,1,4,1,2,55,1,1,2,1,0,0,1,1,0,0,99,99,99,99,88,88,0,0,0,0,2,2,1,60889,0,2009,0,JOHNSON RD,99999999999999999999,0000000,34.65949167,-118.3320028,1,1
6,65,2,14,0,2,2,4,0,1,12,3,0,12,1,1,1,3,3,65,2,1,1,1,0,0,3,1,0,0,99,99,99,99,99,99,0,0,0,0,1,7,1,60890,3070,2009,185,SR-91,99999999999999999999,0000000,33.95368889,-117.3838889,2,1
6,73,2,28,22,0,1,1,0,0,16,6,0,1,0,1,1,1,2,30,1,2,2,1,0,0,3,1,0,0,99,99,99,99,99,99,0,0,0,0,1,7,1,60891,2510,2009,0,GALLERY DR,99999999999999999999,0000000,33.22803056,-117.2934194,1,1
6,53,3,29,14,55,2,2,0,0,4,4,0,12,2,1,1,1,2,55,1,2,2,1,0,0,1,1,0,0,99,99,99,99,99,99,0,0,0,0,1,1,1,60893,0,2009,0,RIVER RD,99999999999999999999,0000000,36.57393056,-121.5808194,2,1
6,37,4,1,22,41,2,2,0,0,13,6,0,12,2,1,11,5,4,40,1,1,2,1,0,0,2,1,0,0,99,99,99,99,88,88,0,0,0,0,1,4,0,60894,1970,2009,0,PARAMOUNT BL,99999999999999999999,0000000,33.86686944,-118.159975,2,1
6,73,4,7,4,15,2,3,0,0,2,3,0,12,2,2,1,1,3,55,1,1,2,1,1,3,3,1,0,0,99,99,99,99,99,99,0,0,0,0,1,3,0,60895,0,2009,174,SR-76,I-15,0000000,33.33170833,-117.1587611,2,1
6,87,4,8,9,30,2,2,0,0,2,3,0,12,5,1,1,1,2,55,2,2,2,2,0,0,1,1,0,0,99,99,99,99,99,99,0,0,0,0,1,4,0,60896,0,2009,99,SR-129,99999999999999999999,0000000,36.90149167,-121.5994694,2,1
6,85,5,16,22,22,1,5,0,0,16,6,0,5,0,1,1,1,2,25,1,1,2,1,0,0,3,1,0,0,99,99,99,99,99,99,0,0,0,0,1,7,1,60897,3790,2009,0,LOIS AVE,99999999999999999999,0000000,37.36981111,-122.0522528,1,1
6,65,5,17,1,8,2,4,0,0,2,3,0,12,5,2,1,1,4,40,1,1,2,1,3,3,3,1,0,0,99,99,99,99,99,99,0,0,0,0,1,1,0,60898,0,2009,431,SR-74,MERIDIAN ST,0000000,33.74775278,-116.9238361,2,1
6,99,5,17,19,24,2,4,0,0,4,4,0,12,5,2,1,1,2,55,1,1,2,1,20,3,1,1,0,0,99,99,99,99,99,99,0,0,0,0,1,1,2,60899,0,2009,0,KEYES RD,PRAIRIE FLOWER RD,0000000,37.55121944,-120.9296194,2,1
6,37,5,3,2,8,1,2,0,0,13,6,0,33,0,1,4,2,3,40,2,1,2,1,40,3,2,1,0,0,99,99,99,99,99,99,0,0,0,0,1,1,1,60900,1700,2009,0,LA CIENEGA BLVD,99999999999999999999,0000000,33.96738889,-118.3706694,1,1
6,29,4,26,5,15,1,7,0,0,4,4,0,43,0,1,4,1,2,55,1,1,2,1,0,0,2,1,0,0,99,99,99,99,99,99,0,0,0,0,4,1,1,60901,0,2009,0,GARZOLI AVE,99999999999999999999,0000000,35.69525278,-119.240875,1,1
6,47,4,29,4,20,1,2,0,1,2,3,0,1,0,1,4,2,2,65,1,1,2,1,0,0,2,1,0,0,99,99,99,99,99,99,0,0,0,0,1,4,1,60902,0,2009,115,SR-99,99999999999999999999,0000000,37.26996389,-120.4336083,1,1
6,71,5,23,5,30,1,3,0,0,2,3,0,1,0,1,4,1,2,65,1,1,2,1,0,0,4,1,0,0,99,99,99,99,99,99,0,0,0,0,2,7,1,60903,0,2009,1221,SR-62,99999999999999999999,0000000,34.16151944,-114.6259889,1,1
6,39,5,23,10,5,2,2,0,0,6,5,0,12,2,1,1,1,2,55,2,2,2,1,0,0,1,1,0,0,99,99,99,99,99,99,0,0,0,0,1,7,0,60904,0,2009,0,ROAD 415,99999999999999999999,0000000,37.23434444,-119.768775,2,1
6,59,5,23,15,30,1,1,0,0,6,5,0,42,0,1,4,1,2,55,2,1,2,1,0,0,1,1,0,0,99,99,99,99,88,88,0,0,0,0,1,7,1,60905,0,2009,0,SANTIAGO CANYON RD,99999999999999999999,0000000,33.75286111,-117.6836694,1,1
6,11,5,23,22,40,2,3,0,0,5,5,0,12,2,1,1,1,2,55,1,1,2,1,0,0,2,1,0,0,99,99,99,99,99,99,0,0,0,0,1,7,2,60906,0,2009,0,OLD HWY 99W,99999999999999999999,0000000,39.26135,-122.1913694,2,1
6,77,5,23,23,5,4,3,0,0,6,5,0,12,5,2,1,1,2,55,1,1,2,1,20,3,2,1,0,0,99,99,99,99,99,99,0,0,0,0,2,7,0,60907,0,2009,0,COLLIER RD,BRUELLA RD,0000000,38.21861944,-121.2081889,2,1
6,107,5,23,23,9,2,2,0,0,3,5,0,12,2,1,1,1,2,55,1,1,2,1,0,0,2,1,0,0,99,99,99,99,99,99,0,0,0,0,1,7,1,60908,0,2009,0,AVENUE 416,99999999999999999999,0000000,36.54648889,-119.4520111,2,1
6,61,5,25,18,22,1,2,1,0,5,5,0,15,0,1,1,1,2,55,1,1,2,1,0,0,1,1,0,0,99,99,99,99,99,99,0,0,0,0,1,2,0,60909,0,2009,0,SUNSET BL W,99999999999999999999,0000000,38.82435,-121.3890806,1,1
6,29,5,25,19,5,1,4,0,0,6,5,0,1,0,5,1,6,1,25,2,1,2,1,0,0,1,1,0,0,99,99,99,99,99,99,0,0,0,0,1,2,1,60910,0,2009,0,LALE MING RD,99999999999999999999,0000000,35.43353889,-118.8649306,1,1
6,111,1,27,6,13,3,3,0,0,13,6,0,12,5,2,1,2,3,50,1,1,1,1,3,3,4,1,0,0,99,99,99,99,99,99,0,0,0,0,1,3,0,60911,2620,2009,0,RICE AVE,LATIGO AVE,0000000,34.21096111,-119.1420583,3,1
6,109,5,16,18,0,1,1,0,0,2,3,0,43,0,1,4,2,2,65,2,2,2,1,0,0,1,1,0,0,99,99,99,99,99,99,0,0,0,0,1,7,0,60912,0,2009,80,SR-108,99999999999999999999,0000000,38.00126111,-120.2607889,1,1
6,37,5,23,3,5,1,2,0,0,14,6,0,33,0,1,4,2,1,35,2,2,2,1,0,0,3,1,0,0,99,99,99,99,99,99,0,0,0,0,1,7,1,60913,2929,2009,0,PALOS VERDES DR EAST,99999999999999999999,0000000,33.73308333,-118.3344917,1,1
6,37,5,24,0,20,1,2,1,0,14,6,0,8,0,1,1,1,4,35,1,1,2,1,3,1,3,1,0,0,99,99,99,99,88,88,0,0,0,0,1,1,1,60914,1980,2009,0,VERNON AVE,99999999999999999999,0000000,34.00394722,-118.2426417,1,1
6,37,5,24,4,45,1,1,0,1,11,1,0,33,0,15,4,2,2,65,1,1,1,1,0,0,2,1,0,0,99,99,99,99,88,88,0,0,0,0,1,1,1,60915,1980,2009,126,I-10,99999999999999999999,0000000,34.0366,-118.30955,1,1
6,71,5,24,8,45,1,2,0,1,1,1,0,7,0,1,1,2,2,70,2,2,1,1,0,0,1,1,0,0,99,99,99,99,99,99,0,0,0,0,1,1,0,60916,0,2009,696,I-40,99999999999999999999,0000000,34.72695,-115.8270694,1,1
6,1,5,24,13,30,2,3,0,0,15,6,0,14,8,1,7,1,2,25,1,1,1,1,0,0,1,1,0,0,99,99,99,99,99,99,0,0,0,0,1,1,0,60917,1920,2009,0,OLIVINA AVE,99999999999999999999,0000000,37.68294444,-121.783975,1,1
6,37,5,24,15,22,1,2,0,1,12,2,0,25,0,1,3,3,5,55,1,1,1,1,0,0,1,1,0,0,99,99,99,99,99,99,0,0,0,0,1,1,0,60918,1980,2009,71,US-101,99999999999999999999,0000000,34.14,-118.324,1,1
6,59,5,24,17,32,2,4,0,0,13,6,0,12,7,1,2,1,2,50,1,1,2,1,0,0,1,1,0,0,99,99,99,99,99,99,0,0,0,0,1,1,0,60919,9997,2009,0,EL TORO RD,99999999999999999999,0000000,33.66508611,-117.6307278,2,1
6,1,5,25,1,20,1,5,0,1,11,1,0,39,0,1,4,3,4,65,1,1,2,1,0,0,3,1,0,0,99,99,99,99,99,99,0,0,0,0,4,2,1,60920,2480,2009,255,I-880,99999999999999999999,0000000,37.74068889,-122.1960889,1,1
6,107,5,25,6,15,1,1,0,0,6,5,0,38,0,1,4,1,2,35,1,1,2,1,0,0,1,1,0,0,99,99,99,99,88,88,0,0,0,0,1,2,1,60921,0,2009,0,S STATE STREET,99999999999999999999,0000000,35.87818333,-119.2696611,1,1
6,17,5,14,11,35,1,1,0,0,6,4,0,17,0,1,4,1,2,55,2,2,2,1,0,0,1,1,0,0,99,99,99,99,88,88,0,22,0,0,1,5,0,60922,0,2009,0,SALMON FALLS RD,99999999999999999999,0000000,38.813575,-121.020375,1,1
6,65,5,20,21,4,1,3,1,0,16,6,0,8,0,1,5,1,2,0,1,1,1,1,0,0,2,1,0,0,99,99,99,99,99,99,0,0,0,0,1,4,0,60923,2646,2009,0,PORTOLA AVE,99999999999999999999,0000000,33.70210833,-116.3746861,1,1
6,83,5,22,12,0,2,3,0,1,2,2,0,12,7,1,1,2,3,65,2,2,2,1,0,0,1,1,0,0,99,99,99,99,99,99,0,0,0,0,1,6,0,60924,0,2009,345,US-101,99999999999999999999,0000000,34.46515556,-120.0663833,2,1
6,37,5,22,14,30,2,3,0,0,15,6,0,12,5,2,1,1,2,35,1,1,2,1,20,3,1,1,0,0,99,99,99,99,99,99,0,0,0,0,1,6,0,60925,1980,2009,0,DENKER AVE,85TH ST,0000000,33.96092222,-118.3046778,2,1
6,95,5,25,11,58,3,4,0,1,11,1,0,12,1,1,1,3,3,65,1,1,2,1,0,0,1,1,0,0,99,99,99,99,99,99,0,0,0,0,1,2,0,60926,4020,2009,48,I-80,99999999999999999999,0000000,38.13208056,-122.2243389,3,1
6,29,5,25,12,20,2,3,0,0,6,5,0,12,5,8,1,1,2,55,1,2,2,1,0,0,1,1,0,0,99,99,99,99,99,99,0,0,0,0,1,2,0,60927,0,2009,0,CALIENTE CREEK RD,99999999999999999999,0000000,35.35978056,-118.3831611,2,1
6,79,5,25,12,30,2,9,0,0,12,3,1,12,2,1,1,1,2,55,2,2,2,1,0,0,1,1,0,0,99,99,99,99,99,99,0,0,0,0,1,2,0,60928,0,2009,157,SR-166,99999999999999999999,0000000,35.02486667,-120.2049361,2,1
6,65,5,25,13,0,3,7,0,0,4,4,0,12,2,1,1,2,2,45,2,1,2,1,0,0,1,1,0,0,99,99,99,99,99,99,0,0,0,0,1,2,0,60929,0,2009,0,CRESTMORE RD,99999999999999999999,0000000,33.98313611,-117.40325,3,1
6,59,5,25,16,52,1,1,0,1,11,1,0,27,0,1,4,3,6,65,1,1,2,1,0,0,1,1,0,0,99,99,99,99,88,88,0,0,0,0,1,2,0,60930,1713,2009,268,I-5,99999999999999999999,0000000,33.711825,-117.7844667,1,1
6,7,5,31,0,6,1,1,0,0,2,3,0,42,0,1,4,1,2,55,1,1,2,1,0,0,2,1,0,0,99,99,99,99,88,88,0,0,0,0,1,1,1,60931,0,2009,54,SR-191,99999999999999999999,0000000,39.67295,-121.6270361,1,1
6,73,5,22,4,45,1,2,0,1,1,1,0,33,0,1,4,3,4,65,1,1,1,1,0,0,2,1,0,0,99,99,99,99,99,99,0,0,0,0,1,6,1,60932,0,2009,622,I-5,99999999999999999999,0000000,33.29932778,-117.4654028,1,1
6,25,2,19,13,42,1,4,0,0,14,6,0,33,0,3,4,1,4,0,1,1,2,1,0,0,1,1,0,0,99,99,99,99,99,99,0,0,0,0,1,5,0,60933,520,2009,0,BOWKER RD,E ZAPATE ST,0000000,32.66743056,-115.4653972,1,1
6,95,3,16,1,14,1,3,1,0,13,6,0,8,0,1,1,2,2,40,1,1,2,2,0,0,2,2,0,0,99,99,99,99,88,88,0,0,0,0,1,2,0,60934,4020,2009,0,SONOMA BL,99999999999999999999,0000000,38.13371389,-122.2561694,1,2
6,25,4,19,0,1,1,2,1,0,4,4,0,8,0,1,1,2,2,55,2,1,2,1,0,0,2,1,0,0,99,99,99,99,99,99,0,0,0,0,1,1,0,60935,0,2009,0,WINTERHAVEN DR,99999999999999999999,0000000,32.73523889,-114.6257389,1,1
6,71,5,25,19,55,1,1,0,1,1,1,0,1,0,1,4,2,2,70,1,1,2,1,0,0,5,1,0,0,99,99,99,99,99,99,0,0,0,0,1,2,0,60936,0,2009,544,I-40,99999999999999999999,0000000,34.73741944,-114.5527306,1,1
6,37,5,27,16,45,2,2,0,0,4,5,0,35,0,1,4,1,2,55,2,1,2,1,0,0,1,1,0,0,99,99,99,99,88,88,0,14,0,0,1,4,0,60937,0,2009,0,VASQUEZ CANYON RD,99999999999999999999,0000000,34.47358056,-118.4382611,2,1
6,67,5,27,20,5,1,2,1,0,6,4,0,9,0,1,1,1,2,25,1,1,2,1,0,0,5,1,0,0,99,99,99,99,99,99,0,0,0,0,1,4,0,60938,0,2009,0,CUNY AVE,99999999999999999999,0000000,38.50459444,-121.4590611,1,1
6,41,5,27,20,46,1,3,2,0,14,6,0,8,0,3,1,2,2,35,1,1,2,1,20,3,5,1,0,0,99,99,99,99,99,99,0,0,0,0,1,4,1,60939,2460,2009,0,SAN MARIN DR,SAN CARLOS WY,0000000,38.12390556,-122.5918222,1,1
6,67,5,30,21,10,1,2,1,0,3,4,0,8,0,1,1,5,4,40,1,1,2,1,0,0,2,1,0,0,99,99,99,99,99,99,0,0,0,0,1,7,0,60940,0,2009,0,FAIR OAKS BL,99999999999999999999,0000000,38.59303611,-121.3480417,1,1
6,79,5,30,22,0,1,2,0,0,6,5,0,38,0,1,4,1,2,55,2,2,2,1,0,0,2,1,0,0,99,99,99,99,99,99,0,0,0,0,1,7,1,60941,0,2009,0,CAMP 8 RD,99999999999999999999,0000000,35.55963056,-120.5082889,1,1
6,37,6,1,2,30,1,2,1,0,14,6,0,8,0,1,1,1,4,35,1,1,2,1,0,0,3,1,0,0,99,99,99,99,99,99,0,0,0,0,1,2,0,60942,1980,2009,0,ARLINGTON AVE,99999999999999999999,0000000,34.02067222,-118.3176611,1,1
6,47,6,1,3,45,1,1,0,1,2,3,0,27,0,1,4,3,3,65,1,1,2,1,0,0,2,1,0,0,99,99,99,99,88,88,0,0,0,0,1,2,0,60943,0,2009,373,SR-99,99999999999999999999,0000000,37.46298889,-120.8219,1,1
6,19,6,1,7,9,2,2,0,1,2,3,0,12,2,1,1,1,2,55,1,1,2,1,0,0,1,1,0,0,99,99,99,99,99,99,0,0,0,0,1,2,0,60944,0,2009,24,SR-41,99999999999999999999,0000000,36.435475,-119.8003306,2,1
6,65,3,28,21,20,1,2,0,1,11,1,0,1,0,1,1,3,3,65,1,1,2,1,0,0,2,1,0,0,99,99,99,99,99,99,0,0,0,0,1,7,1,60945,0,2009,302,I-215,99999999999999999999,0000000,33.83566667,-117.2478111,1,1
6,103,4,14,16,15,1,2,1,0,6,6,0,9,0,1,1,1,2,25,1,1,2,1,0,0,1,1,0,0,99,99,99,99,99,99,0,0,0,0,1,3,0,60946,2940,2009,0,ALOHA ST,99999999999999999999,0000000,40.16792222,-122.2410333,1,1
6,109,5,23,17,30,3,10,0,1,2,3,0,12,2,1,1,1,2,55,1,3,2,1,0,0,1,1,0,0,99,99,99,99,99,99,0,0,0,0,2,7,0,60947,0,2009,131,SR-120,99999999999999999999,0000000,37.88115278,-120.4752167,3,1
6,37,5,23,21,15,2,2,0,0,14,6,0,12,5,2,1,1,4,35,1,1,2,1,20,3,3,1,0,0,99,99,99,99,88,88,0,0,0,0,1,7,1,60948,1980,2009,0,92ND ST,GRAHAM AVE,0000000,33.95327222,-118.2430333,2,1
6,45,5,29,9,7,1,2,1,0,14,6,0,15,0,2,1,1,4,25,1,1,2,1,20,3,1,1,0,0,99,99,99,99,88,88,0,0,0,0,1,6,0,60949,3990,2009,0,N STATE ST,FORD ST,0000000,39.15668611,-123.2084028,1,1
6,85,5,26,1,57,1,1,0,0,2,6,0,42,0,1,4,2,3,0,1,1,2,1,0,0,3,1,0,0,99,99,99,99,88,88,0,20,0,0,1,3,0,60950,3340,2009,0,HOSTETTER RD,99999999999999999999,0000000,37.39196389,-121.8782278,1,1
6,37,5,26,8,44,1,2,1,0,3,5,0,8,0,2,1,1,2,25,1,1,2,1,3,3,1,1,0,0,99,99,99,99,99,99,0,0,0,0,1,3,0,60951,0,2009,0,UNION PACIFIC AVE,GAGE AVE,0000000,34.01655278,-118.1849583,1,1
6,13,5,26,9,14,1,2,1,0,13,6,0,9,0,3,1,1,2,40,1,1,2,1,29,3,1,1,0,0,99,99,99,99,99,99,0,0,0,0,1,3,0,60952,1590,2009,0,SAN PABLO AVE,SYCAMORE AVE,0000000,38.0133,-122.2732917,1,1