STATE,COUNTY,MONTH,DAY,HOUR,MINUTE,VE_TOTAL,PERSONS,PEDS,NHS,ROAD_FNC,ROUTE,SP_JUR,HARM_EV,MAN_COLL,REL_JUNC,REL_ROAD,TRAF_FLO,NO_LANES,SP_LIMIT,ALIGNMNT,PROFILE,PAVE_TYP,SUR_COND,TRA_CONT,T_CONT_F,LGT_COND,WEATHER1,WEATHER2,WRK_ZONE,NOT_HOUR,NOT_MIN,ARR_HOUR,ARR_MIN,HOSP_HR,HOSP_MN,SCH_BUS,CF1,CF2,CF3,FATALS,DAY_WEEK,DRUNK_DR,ST_CASE,CITY,YEAR,MILEPT,TWAY_ID,TWAY_ID2,RAIL,LATITUDE,LONGITUD,VE_FORMS,WEATHER
6,95,5,26,6,5,1,1,0,0,6,5,0,42,0,1,4,1,2,55,1,2,2,1,0,0,4,1,0,0,99,99,99,99,88,88,0,0,0,0,1,3,0,60953,0,2009,0,CURREY RD,99999999999999999999,0000000,38.49313333,-121.8223278,1,1
6,7,5,26,18,43,1,1,0,0,6,5,0,10,0,6,1,1,2,35,1,1,2,1,60,3,1,1,0,0,99,99,99,99,88,88,0,0,0,0,1,3,1,60954,0,2009,0,MUIR AVE,99999999999999999999,753408c,39.7527,-121.9034806,1,1
6,45,2,16,99,99,1,1,0,0,2,3,0,35,0,1,4,1,2,55,1,1,1,2,0,0,1,2,0,0,99,99,99,99,88,88,0,0,0,0,1,2,0,60955,0,2009,373,SR-1,99999999999999999999,0000000,39.17285833,-123.7465667,1,2
6,73,4,17,22,10,1,1,0,0,6,4,0,35,0,3,4,1,2,0,2,2,5,1,0,0,2,1,0,0,99,99,99,99,88,88,0,0,0,0,1,6,1,60956,0,2009,0,EAGLE GAP RD,RANEY RANCH RD,0000000,33.20989444,-116.7366889,1,1
6,37,4,30,15,35,1,1,0,1,11,1,0,33,0,5,4,6,2,65,2,2,1,1,0,0,1,1,0,0,99,99,99,99,99,99,0,0,0,0,1,5,0,60957,1980,2009,1854,I-10,99999999999999999999,0000000,34.05703333,-118.2143056,1,1
6,73,5,6,16,38,1,3,1,0,16,6,0,15,0,1,1,1,2,99,1,2,2,1,0,0,1,1,0,0,99,99,99,99,99,99,0,0,0,0,1,4,0,60958,1182,2009,0,DOUBLE LL RANCH RD,99999999999999999999,0000000,33.06529444,-117.2176167,1,1
6,59,5,17,2,10,1,1,0,0,13,6,0,1,0,2,1,2,2,35,2,2,2,1,0,0,3,1,0,0,99,99,99,99,88,88,0,0,0,0,1,1,1,60959,972,2009,0,CROWN VALLEY PKWY,SEVEN SEAS DR,0000000,33.48747222,-117.7259111,1,1
6,25,5,17,15,55,2,7,0,1,2,3,0,12,7,1,1,2,2,65,1,1,2,1,0,0,1,1,0,0,99,99,99,99,99,99,0,0,0,0,1,1,0,60960,0,2009,183,SR-111,99999999999999999999,0000000,32.92408611,-115.509225,2,1
6,109,5,19,99,99,1,1,0,0,4,4,0,43,0,1,4,1,2,55,2,1,2,1,0,0,1,1,0,0,99,99,99,99,88,88,0,0,0,0,1,3,0,60961,0,2009,0,COTTONWOOD RD,99999999999999999999,0000000,37.982025,-119.9615417,1,1
6,115,5,20,5,5,2,2,0,0,4,4,0,12,2,1,1,1,2,40,2,1,2,1,0,0,4,1,0,0,99,99,99,99,99,99,0,0,0,0,1,4,0,60962,0,2009,0,HAMMONTON SMARTVILLE,99999999999999999999,0000000,39.13581111,-121.5311917,2,1
6,97,5,20,9,59,1,2,1,1,12,2,0,8,0,1,1,3,3,65,1,1,1,1,0,0,1,1,0,0,99,99,99,99,88,88,0,0,0,0,1,4,0,60963,3490,2009,200,US-101,99999999999999999999,0000000,38.43276667,-122.7159556,1,1
6,71,5,30,0,38,2,2,0,1,1,1,0,42,0,1,4,3,4,65,1,1,1,1,0,0,2,1,0,0,99,99,99,99,99,99,0,0,0,0,1,7,1,60964,1305,2009,136,I-10,99999999999999999999,0000000,34.06618889,-117.4808611,2,1
6,39,5,30,2,0,1,1,0,0,6,5,0,53,0,1,4,1,2,55,1,1,2,1,0,0,2,1,0,0,99,99,99,99,88,88,0,0,0,0,1,7,1,60965,0,2009,0,ROAD 19,99999999999999999999,0000000,37.02976111,-120.2024028,1,1
6,29,5,30,5,15,2,2,0,0,3,5,0,12,2,1,1,1,2,55,1,1,2,1,0,0,4,1,0,0,99,99,99,99,99,99,0,0,0,0,1,7,1,60966,0,2009,0,WHEELER RIDGE RD,99999999999999999999,0000000,35.141425,-118.9146,2,1
6,37,5,30,20,5,1,8,0,1,11,1,0,39,0,1,4,3,4,55,1,2,1,1,0,0,3,1,0,0,99,99,99,99,99,99,0,0,0,0,1,7,0,60967,1980,2009,230,I-110,99999999999999999999,0000000,34.05561944,-118.25665,1,1
6,13,1,31,14,46,1,2,0,0,13,6,0,33,0,3,8,2,3,40,1,1,2,1,3,3,1,1,0,0,99,99,99,99,99,99,0,0,0,0,1,7,0,60968,2830,2009,0,TAYLOR BLVD,CANTRA COSTA BLVD,0000000,37.93654722,-122.0910639,1,1
6,37,2,25,18,40,1,2,1,0,13,6,0,8,0,3,1,1,4,35,1,1,2,1,29,3,3,1,0,0,99,99,99,99,99,99,0,0,0,0,1,4,0,60969,1980,2009,0,FIGUERO ST,AVENUE 60,0000000,34.11116389,-118.1898028,1,1
6,29,3,1,15,6,7,10,0,0,13,6,0,25,0,3,3,3,3,45,1,1,2,1,3,3,1,1,0,0,99,99,99,99,99,99,0,0,0,0,1,1,0,60970,240,2009,0,CALIFORNIA AVE,STOCKDALE HIGHWAY,0000000,35.35424444,-119.0612306,7,1
6,73,3,9,21,39,2,5,0,0,14,6,0,12,5,8,1,5,4,40,1,1,2,1,0,0,3,1,0,0,99,99,99,99,99,99,0,0,0,0,1,2,0,60971,1080,2009,0,JAMACHA RD,99999999999999999999,0000000,32.79068333,-116.9314806,2,1
6,71,3,15,1,40,1,5,0,1,13,3,0,33,0,1,4,5,5,45,1,1,2,1,0,0,3,1,0,0,99,99,99,99,99,99,0,0,0,0,1,1,1,60972,4040,2009,963,SR-18,99999999999999999999,0000000,34.54130278,-117.2997194,1,1
6,65,4,20,20,55,1,2,1,0,13,3,0,8,0,1,1,5,2,40,1,1,2,1,0,0,3,1,0,0,99,99,99,99,88,88,0,0,0,0,1,2,1,60973,1160,2009,139,SR-74,99999999999999999999,0000000,33.68386389,-117.3651278,1,1
6,37,4,24,23,55,1,2,0,0,13,6,0,25,0,3,3,3,3,55,1,1,2,1,3,3,3,1,0,0,99,99,99,99,99,99,0,0,0,0,1,6,1,60974,1980,2009,0,LA CIENEGA BL,STOCKER ST,0000000,33.99808333,-118.3696083,1,1
6,99,4,25,8,9,2,4,0,0,2,3,0,12,2,1,1,1,2,55,1,1,2,1,0,0,1,1,0,0,99,99,99,99,99,99,0,0,0,0,1,7,0,60975,0,2009,0,SR-165,99999999999999999999,0000000,37.45873889,-120.8489111,2,1
6,37,4,27,10,20,2,3,0,1,11,1,0,33,0,13,8,6,1,65,2,1,2,1,0,0,1,1,0,0,99,99,99,99,99,99,0,0,0,0,1,2,0,60976,245,2009,335,I-10 RAMP,99999999999999999999,0000000,34.07036389,-117.9595611,2,1
6,9,4,24,16,45,2,5,0,0,6,4,0,12,5,2,1,1,2,35,2,1,2,1,0,0,1,1,0,0,99,99,99,99,99,99,0,0,0,0,1,6,0,60977,0,2009,0,BLUE MOUNTAIN RD,NOBLE RD,0000000,38.37255,-120.5064889,2,1
6,65,4,24,21,40,1,2,1,0,4,4,0,8,0,1,1,1,2,45,1,1,2,1,0,0,2,1,0,0,99,99,99,99,88,88,0,0,0,0,1,6,1,60978,0,2009,0,SAN JACINTO AVE,99999999999999999999,0000000,33.78670833,-117.1807778,1,1
6,65,5,25,11,55,3,3,0,0,2,3,0,12,2,1,1,1,2,55,2,9,2,1,0,0,1,1,0,0,99,99,99,99,99,99,0,0,0,0,1,2,0,60979,0,2009,153,SR-243,99999999999999999999,0000000,33.81645,-116.7903333,3,1
6,67,5,28,1,10,2,3,0,1,11,1,0,12,7,1,1,3,3,65,1,1,9,1,0,0,3,1,0,0,99,99,99,99,99,99,0,0,0,0,1,5,1,60980,3150,2009,93,I-80,99999999999999999999,0000000,38.63883056,-121.4002139,2,1
6,1,5,28,10,38,1,4,0,0,13,6,0,33,0,1,4,2,3,45,1,1,2,1,0,0,1,1,0,0,99,99,99,99,99,99,0,0,0,0,1,5,0,60981,1364,2009,0,ALVARADO BLVD,99999999999999999999,0000000,37.58222778,-122.0555944,1,1
6,97,5,28,11,55,2,2,0,1,2,3,0,14,1,1,2,3,2,65,1,2,2,1,0,0,1,1,0,0,99,99,99,99,88,88,0,0,0,0,1,5,0,60982,0,2009,28,SR-37,99999999999999999999,0000000,38.14036111,-122.4663167,1,1
6,67,5,28,14,8,1,4,1,0,14,6,0,8,0,1,1,1,2,50,1,1,2,1,0,0,1,1,0,0,99,99,99,99,99,99,0,0,0,0,1,5,0,60983,3150,2009,0,ROSEVILLE RD,99999999999999999999,0000000,38.63148889,-121.4132583,1,1
6,45,5,28,18,39,2,3,0,1,12,2,0,12,2,1,1,2,2,65,2,2,1,1,0,0,1,1,0,0,99,99,99,99,99,99,0,0,0,0,2,5,1,60984,0,2009,263,US-101,99999999999999999999,0000000,39.27143333,-123.2442222,2,1
6,37,5,29,5,37,1,2,1,0,13,6,0,8,0,3,1,2,3,40,1,1,1,9,2,3,4,1,0,0,99,99,99,99,99,99,0,0,0,0,1,6,0,60985,1550,2009,0,CRENSHAW BLVD,135TH ST,0000000,33.90919167,-118.3266056,1,1
6,73,1,2,19,31,1,2,1,0,16,6,0,8,0,3,1,1,4,35,1,1,2,1,20,3,3,1,0,0,99,99,99,99,88,88,0,0,0,0,1,6,0,60986,2340,2009,0,HIGHLAND AVE,E 6TH ST,0000000,32.67985278,-117.0994,1,1
6,37,1,3,6,59,1,1,0,0,13,6,0,24,0,1,3,3,4,45,2,1,2,2,0,0,1,1,0,0,99,99,99,99,88,88,0,0,0,0,1,7,0,60987,1970,2009,0,STUDEBAKER RD,99999999999999999999,0000000,33.76629167,-118.1032417,1,1
6,87,1,5,22,22,1,2,0,0,4,4,0,1,0,1,4,1,2,35,2,2,2,2,0,0,2,1,0,0,99,99,99,99,99,99,0,0,0,0,1,2,0,60988,0,2009,0,FELTON EMPIRE RD,99999999999999999999,0000000,37.06077778,-122.1117917,1,1
6,13,4,5,19,45,3,8,0,0,2,5,0,12,2,1,1,1,2,45,2,1,2,1,0,0,2,1,0,0,99,99,99,99,99,99,0,0,0,0,1,1,0,60989,0,2009,0,CAMINO TASSAJARA,99999999999999999999,0000000,37.75595,-121.8682194,3,1
6,111,4,30,9,35,2,2,0,1,12,2,0,12,2,1,1,3,4,65,1,1,1,1,0,0,1,1,0,0,99,99,99,99,88,88,0,0,0,0,1,5,0,60990,2620,2009,222,US-101,99999999999999999999,0000000,34.23418056,-119.1752944,2,1
6,85,5,6,13,54,2,2,0,0,14,6,0,12,5,2,1,2,3,40,1,2,1,1,3,3,1,1,0,0,99,99,99,99,88,88,0,0,0,0,1,4,0,60991,2182,2009,0,DIXON LANDING RD,CALIFORNIA CIR,0000000,37.45450556,-121.9212278,2,1
6,65,5,10,19,25,2,6,0,1,1,1,0,12,7,1,1,3,3,65,1,1,2,1,0,0,1,1,0,0,99,99,99,99,99,99,0,0,0,0,1,1,1,60992,0,2009,327,I-215,99999999999999999999,0000000,33.86733056,-117.262,2,1
6,65,5,14,17,41,2,3,0,0,4,4,0,12,2,1,1,1,2,50,1,2,2,1,0,0,1,1,0,0,99,99,99,99,99,99,0,0,0,0,1,5,1,60993,0,2009,0,RECHE CANYON RD,99999999999999999999,0000000,34.00575556,-117.2504778,2,1
6,37,5,16,9,20,4,7,0,0,13,6,0,12,5,2,1,1,4,30,1,1,2,1,3,3,1,1,0,0,99,99,99,99,99,99,0,0,0,0,1,7,0,60994,1970,2009,0,ALAMITOS AVE,ANAHEIM ST,0000000,33.78264167,-118.1782139,4,1
6,19,5,31,1,25,3,7,0,1,1,1,0,1,0,1,3,2,2,70,1,1,2,1,0,0,2,1,0,0,99,99,99,99,99,99,0,14,0,0,1,1,0,60995,0,2009,22,I-5,99999999999999999999,0000000,36.1005,-120.1249889,3,1
6,99,5,31,13,25,1,1,0,0,6,5,0,35,0,1,4,1,2,35,2,1,2,1,0,0,1,1,0,0,99,99,99,99,99,99,0,4,0,0,1,1,1,60996,0,2009,0,LONE PALM AVE,99999999999999999999,0000000,37.65354444,-121.0241472,1,1
6,59,2,9,7,44,1,3,1,0,14,6,0,15,0,1,1,1,4,40,1,1,2,2,0,0,1,1,0,0,99,99,99,99,99,99,0,0,0,0,1,2,0,60997,2560,2009,0,LAMPSON AVE,99999999999999999999,0000000,33.78105556,-118.0070056,1,1
6,59,2,14,18,53,2,3,0,0,13,6,0,12,2,1,1,2,3,45,1,2,2,1,0,0,2,1,0,0,99,99,99,99,99,99,0,0,0,0,1,7,1,60998,1782,2009,0,MOULTON PKWY,99999999999999999999,0000000,33.620325,-117.73165,2,1
6,99,2,27,10,28,1,1,0,0,6,4,0,1,0,1,1,1,2,55,1,1,2,1,0,0,1,1,0,0,99,99,99,99,99,99,0,0,0,0,1,6,0,60999,0,2009,0,SANTA FE ST,99999999999999999999,0000000,37.73599167,-120.900825,1,1
6,71,5,11,1,49,2,1,0,1,11,1,0,14,1,1,6,3,2,65,1,1,1,1,0,0,3,1,0,1,99,99,99,99,88,88,0,0,0,0,1,2,1,61000,3210,2009,33,I-15,99999999999999999999,0000000,34.08069167,-117.5446667,1,1
6,99,5,30,11,48,2,2,0,0,14,6,0,12,5,1,1,5,4,35,1,1,1,1,0,0,1,1,0,0,99,99,99,99,99,99,0,0,0,0,1,7,0,61001,2200,2009,0,TULLY RD,99999999999999999999,0000000,37.68815833,-121.0124944,2,1
6,47,6,1,15,15,1,8,0,1,12,3,0,25,0,1,4,3,2,65,1,1,1,1,0,0,1,1,0,0,99,99,99,99,99,99,0,0,0,0,2,2,0,61003,0,2009,309,SR-99,99999999999999999999,0000000,37.39970833,-120.7433667,1,1
6,37,6,1,16,20,1,2,1,0,14,6,0,8,0,3,1,1,2,25,1,1,2,1,2,3,1,1,0,0,99,99,99,99,99,99,0,0,0,0,1,2,0,61004,1980,2009,0,ROSE AVE,PACIFIC AVE,0000000,33.99571389,-118.4786667,1,1
6,25,6,2,2,49,1,1,0,0,5,4,0,33,0,3,4,1,2,55,1,1,2,1,20,3,2,1,0,0,88,88,88,88,88,88,0,18,0,0,1,3,1,61005,0,2009,0,MEAD RD,BRYANT RD,0000000,32.95621944,-115.5265,1,1
6,47,6,5,15,22,1,1,0,0,16,6,0,42,0,1,2,1,2,15,2,1,2,1,0,0,1,1,0,0,99,99,99,99,88,88,0,0,0,0,1,6,0,61006,2150,2009,0,W NORTH BEAR CRK DR,99999999999999999999,0000000,37.31009722,-120.4986056,1,1
6,83,6,5,16,34,1,1,0,0,2,3,0,1,0,1,6,1,2,55,1,1,2,1,0,0,1,1,0,0,99,99,99,99,88,88,0,0,0,0,1,6,0,61007,0,2009,111,SR-246,99999999999999999999,0000000,34.66008056,-120.4239889,1,1
6,37,1,25,0,30,1,1,0,0,13,6,0,33,0,1,4,2,2,35,1,1,2,1,0,0,3,1,0,0,99,99,99,99,99,99,0,0,0,0,1,1,0,61008,1980,2009,0,GAFFEY ST,99999999999999999999,0000000,33.78118056,-118.2970056,1,1
6,83,5,5,10,30,1,1,0,0,5,5,0,38,0,1,4,1,2,55,2,2,2,1,0,0,1,1,0,0,99,99,99,99,99,99,0,0,0,0,1,3,0,61009,0,2009,0,DOMINION RD,99999999999999999999,0000000,34.84353889,-120.3174694,1,1
6,71,5,29,7,30,2,3,1,1,11,1,0,14,1,1,3,3,4,65,1,1,1,1,40,3,1,1,0,1,99,99,99,99,99,99,0,15,0,0,1,6,0,61010,790,2009,221,I-10,99999999999999999999,0000000,34.06833889,-117.3400194,1,1
6,75,6,2,9,13,2,2,0,0,13,6,0,12,1,2,1,1,4,25,1,1,2,1,20,3,1,1,0,0,99,99,99,99,99,99,0,0,0,0,1,3,0,61011,3290,2009,0,MARINA BL,AVILA ST,0000000,37.80608056,-122.4398806,2,1
6,37,6,2,10,30,2,2,0,0,13,6,0,12,5,2,1,1,6,35,1,1,2,1,9,3,1,1,0,0,99,99,99,99,99,99,0,0,0,0,1,3,0,61012,1980,2009,0,BALBOA BLVD,PARTHENIA ST,0000000,34.22851111,-118.5025889,2,1
6,65,6,3,3,59,1,2,0,0,13,6,0,42,0,1,4,2,3,45,1,1,2,1,0,0,3,1,0,0,99,99,99,99,99,99,0,20,0,0,1,4,1,61013,2935,2009,0,HWY 111,99999999999999999999,0000000,33.75706389,-116.4349722,1,1
6,19,6,3,14,30,2,2,0,0,15,6,0,12,1,1,1,2,3,45,1,1,2,1,0,0,1,1,0,0,99,99,99,99,99,99,0,0,0,0,1,4,0,61014,1370,2009,0,HERNDON AVE,99999999999999999999,0000000,36.83691389,-119.8161,2,1
6,67,6,4,16,25,2,3,0,0,3,4,0,12,3,1,1,5,4,45,1,1,2,1,0,0,1,1,0,0,99,99,99,99,99,99,0,0,0,0,1,5,0,61015,0,2009,0,SAN JUAN AVE,99999999999999999999,0000000,38.64713333,-121.2919472,2,1
6,55,6,4,16,50,2,2,0,0,4,4,0,12,2,1,1,1,2,55,1,1,2,1,0,0,1,1,0,0,99,99,99,99,99,99,0,0,0,0,1,5,0,61016,0,2009,0,SILVERADO TRAIL,99999999999999999999,0000000,38.46723333,-122.3782528,2,1
6,19,6,4,23,1,2,3,0,0,4,4,0,12,5,2,1,1,2,55,1,1,2,1,20,3,2,1,0,0,99,99,99,99,99,99,0,0,0,0,1,5,1,61017,0,2009,0,SHIELDS AVE,HOWARD AVE,0000000,36.77865556,-120.02445,2,1
6,73,6,6,22,15,1,2,0,1,12,3,0,1,0,1,4,3,3,65,1,1,2,1,0,0,3,1,0,0,99,99,99,99,99,99,0,0,0,0,1,7,1,61018,2510,2009,17,SR-78,99999999999999999999,0000000,33.22289167,-117.3329111,1,1
6,37,5,9,13,0,1,3,0,0,2,4,0,33,0,1,4,2,3,45,1,2,2,1,0,0,1,1,0,0,99,99,99,99,99,99,0,0,0,0,1,7,0,61019,0,2009,0,CRENSHAW BL,99999999999999999999,0000000,33.78449722,-118.35065,1,1
6,107,5,18,8,40,2,2,0,0,4,4,0,12,1,1,1,1,2,55,1,2,2,1,0,0,1,1,0,0,99,99,99,99,99,99,0,0,0,0,1,2,0,61020,0,2009,0,AVENUE 95,99999999999999999999,0000000,35.96241111,-119.0091417,2,1
6,59,5,18,14,7,3,1,0,0,4,6,0,33,0,1,4,1,2,40,1,2,2,1,0,0,1,1,0,0,99,99,99,99,99,99,0,14,0,0,1,2,1,61021,4267,2009,0,PASEO DEL PRADO,99999999999999999999,0000000,33.87497778,-117.7727306,1,1
6,73,5,25,10,50,1,1,0,1,12,3,0,33,0,1,4,3,3,65,1,1,2,1,0,0,1,1,0,0,99,99,99,99,99,99,0,0,0,0,1,2,0,61022,4060,2009,80,SR-78,99999999999999999999,0000000,33.18106667,-117.2305056,1,1
6,57,5,30,6,21,2,2,0,1,2,3,0,12,2,1,1,1,3,65,1,2,2,1,0,0,1,1,0,0,99,99,99,99,99,99,0,0,0,0,1,7,0,61023,0,2009,112,SR-20,99999999999999999999,0000000,39.20908056,-121.0860306,2,1
6,19,5,31,1,35,3,2,1,0,14,6,0,8,0,1,1,1,4,40,1,1,2,1,0,0,3,1,0,0,99,99,99,99,99,99,0,0,0,0,1,1,0,61024,1370,2009,0,PALM AVE,99999999999999999999,0000000,36.75528611,-119.8086,1,1
6,71,5,31,19,14,1,2,0,1,11,1,0,36,0,1,4,3,2,65,1,1,2,1,0,0,5,1,0,0,99,99,99,99,99,99,0,0,0,0,1,1,1,61025,3210,2009,113,I-215,99999999999999999999,0000000,34.15983056,-117.3294778,1,1
6,73,6,2,13,5,2,2,0,0,14,6,0,12,5,2,1,3,2,45,1,1,1,1,3,3,1,1,0,0,99,99,99,99,99,99,0,0,0,0,1,3,0,61026,3260,2009,0,CAMINO RUIZ,CARROLL CYN RD,0000000,32.89866111,-117.1405444,2,1
6,77,6,2,17,48,1,1,0,0,15,6,0,34,0,1,4,1,2,45,1,1,2,1,0,0,1,1,0,0,99,99,99,99,99,99,0,0,0,0,1,3,1,61027,2070,2009,0,E WOODWARD AVE,99999999999999999999,0000000,37.77550556,-121.2725083,1,1
6,107,6,2,20,59,1,2,1,1,12,3,0,8,0,3,1,2,2,65,1,1,1,1,2,3,3,1,0,0,99,99,99,99,99,99,0,0,0,0,1,3,0,61028,2880,2009,214,SR-65,N GRAND AVE,0000000,36.09842222,-119.0400611,1,1
6,37,6,2,22,55,1,3,1,0,13,6,0,8,0,1,1,5,4,50,1,1,2,1,0,0,2,1,0,0,99,99,99,99,88,88,0,0,0,0,1,3,0,61029,1840,2009,0,AVENUE K,99999999999999999999,0000000,34.67494444,-118.17785,1,1
6,71,6,3,2,0,1,1,0,1,1,1,0,35,0,1,4,3,4,70,1,2,1,1,0,0,2,1,0,0,99,99,99,99,99,99,0,0,0,0,1,4,1,61030,0,2009,164,I-15,99999999999999999999,0000000,34.25008611,-117.4434611,1,1
6,107,6,3,10,10,2,5,0,0,15,4,0,12,2,1,1,1,2,55,1,1,2,1,0,0,1,1,0,0,99,99,99,99,99,99,0,0,0,0,1,4,0,61031,0,2009,0,ROAD 144,99999999999999999999,0000000,35.844325,-119.250325,2,1
6,1,6,5,6,18,1,2,1,0,16,6,0,9,0,1,1,1,2,25,1,1,2,1,0,0,4,1,0,0,99,99,99,99,88,88,0,4,0,0,1,6,0,61032,1560,2009,0,DAVIS CT,99999999999999999999,0000000,37.64680833,-122.1310833,1,1
6,37,6,5,6,55,4,6,0,0,13,3,0,12,1,1,1,2,3,45,1,1,2,2,0,0,1,2,0,0,99,99,99,99,99,99,0,0,0,0,1,6,1,61033,1980,2009,381,SR-1,99999999999999999999,0000000,34.03391944,-118.5320722,4,2
6,47,6,5,11,52,1,2,0,1,2,3,0,41,0,1,3,2,2,65,2,1,2,1,0,0,1,1,0,0,99,99,99,99,99,99,0,0,0,0,1,6,0,61034,0,2009,38,SR-99,99999999999999999999,0000000,37.21371944,-120.3654389,1,1
6,59,6,7,22,34,1,1,0,0,14,6,0,33,0,1,4,1,4,40,2,1,2,1,0,0,3,1,0,0,99,99,99,99,88,88,0,0,0,0,1,1,1,61035,880,2009,0,PLACENTIA AVE,99999999999999999999,0000000,33.65814722,-117.9323194,1,1
6,17,6,7,99,99,1,1,0,1,2,2,0,42,0,1,5,1,2,55,2,3,2,1,0,0,1,1,0,0,99,99,99,99,88,88,0,0,0,0,1,1,0,61036,0,2009,505,US-50,99999999999999999999,0000000,38.77683611,-120.2696083,1,1
6,37,6,8,2,10,1,3,0,0,13,6,0,33,0,1,4,2,3,40,1,1,2,1,0,0,3,1,0,0,99,99,99,99,99,99,0,0,0,0,2,2,1,61037,1980,2009,0,VINELAND AVE,99999999999999999999,0000000,34.15871667,-118.3702528,1,1
6,111,6,8,5,0,1,1,0,1,2,3,0,33,0,1,4,2,2,55,1,1,2,1,0,0,2,1,0,0,99,99,99,99,99,99,0,0,0,0,1,2,0,61038,0,2009,179,SR-126,99999999999999999999,0000000,34.38328889,-118.9670417,1,1
6,1,6,12,21,11,2,2,0,1,11,1,0,25,0,5,4,6,2,65,2,1,2,1,0,0,3,1,0,0,99,99,99,99,99,99,0,0,0,0,1,6,1,61039,1364,2009,19,I-888 RAMP,99999999999999999999,0000000,37.48385,-121.9349806,2,1
6,73,6,13,0,2,1,2,1,0,2,3,0,8,0,2,1,1,2,55,1,1,2,1,0,0,2,1,0,0,99,99,99,99,99,99,0,19,0,0,1,7,0,61040,0,2009,243,SR-76,LILAC RD,0000000,33.27823333,-117.2309889,1,1
6,19,6,13,13,30,1,7,0,1,1,1,0,34,0,1,4,2,2,70,1,1,2,1,0,0,1,1,0,0,99,99,99,99,99,99,0,0,0,0,2,7,0,61041,0,2009,460,I-5,99999999999999999999,0000000,36.606675,-120.5879556,1,1
6,19,1,6,3,39,1,2,0,0,14,6,0,33,0,1,3,2,2,40,1,1,2,2,0,0,3,2,0,0,99,99,99,99,88,88,0,0,0,0,2,3,1,61042,1370,2009,0,SHIELDS AVE,99999999999999999999,0000000,36.77969444,-119.7747944,1,2
6,65,6,4,0,0,1,3,0,0,15,6,0,33,0,1,4,2,2,40,2,1,2,1,0,0,3,1,0,0,99,99,99,99,99,99,0,0,0,0,1,5,1,61043,3070,2009,0,RIVERWALK PKWY,99999999999999999999,0000000,33.91454167,-117.4923306,1,1
6,29,6,5,18,40,1,6,0,1,1,1,0,33,0,1,4,3,4,65,1,2,1,2,0,0,1,2,0,0,99,99,99,99,99,99,0,0,0,0,1,6,0,61044,0,2009,85,I-5,99999999999999999999,0000000,34.91004167,-118.9234833,1,2
6,85,6,5,23,50,1,4,0,1,11,1,0,25,0,1,4,3,1,65,1,1,1,1,0,0,3,1,0,0,99,99,99,99,99,99,0,0,0,0,1,6,0,61045,3340,2009,40,I-880,99999999999999999999,0000000,37.36336944,-121.9031806,1,1
6,25,6,6,11,20,1,2,0,0,2,3,0,1,0,1,2,1,2,65,2,1,2,1,0,0,1,1,0,0,99,99,99,99,99,99,0,0,0,0,1,7,0,61046,0,2009,220,SR-98,99999999999999999999,0000000,32.67825,-115.6757361,1,1
6,53,6,6,23,0,1,3,1,1,12,2,0,8,0,1,1,3,2,65,1,1,1,1,0,0,3,1,0,0,99,99,99,99,99,99,0,0,0,0,1,7,0,61047,3180,2009,857,US-101,99999999999999999999,0000000,36.66128333,-121.6233139,1,1
6,65,6,7,2,25,1,2,0,0,14,6,0,33,0,3,4,2,2,45,2,1,2,1,0,0,3,1,0,0,99,99,99,99,99,99,0,0,0,0,1,1,0,61048,850,2009,0,FOOTHILL PKWY,WISTERIA WY,0000000,33.83640278,-117.5538306,1,1
6,53,6,7,16,35,2,5,0,0,14,6,0,12,2,1,1,1,4,25,1,1,2,1,0,0,1,1,0,0,99,99,99,99,99,99,0,0,0,0,1,1,0,61049,3560,2009,0,BROADWAY AVE,99999999999999999999,0000000,36.60918889,-121.8459972,2,1
6,85,6,9,21,47,1,2,1,0,16,6,0,8,0,1,1,1,6,35,1,1,2,1,0,0,5,1,0,0,99,99,99,99,99,99,0,0,0,0,1,3,0,61050,3340,2009,0,BASCOM AVE,99999999999999999999,0000000,37.29931389,-121.9316861,1,1
6,59,6,9,21,47,2,1,0,0,13,3,0,14,2,1,2,5,4,40,2,2,1,1,0,0,3,1,0,0,99,99,99,99,99,99,0,0,0,0,1,3,1,61051,1780,2009,63,SR-1,99999999999999999999,0000000,33.50759444,-117.750275,1,1
6,19,6,11,5,30,1,6,0,0,14,4,0,1,0,1,1,1,2,55,1,1,2,1,0,0,4,1,0,0,99,99,99,99,99,99,0,0,0,0,2,5,0,61052,0,2009,0,MT WHITNEY AVE,99999999999999999999,0000000,36.42946667,-120.1648083,1,1
6,53,6,11,8,55,1,1,0,0,4,4,0,1,0,1,2,1,2,55,2,1,2,1,0,0,1,1,0,0,99,99,99,99,88,88,0,0,0,0,1,5,0,61053,0,2009,0,JOLON RD,99999999999999999999,0000000,35.90643333,-120.9932472,1,1