STATE,COUNTY,MONTH,DAY,HOUR,MINUTE,VE_TOTAL,PERSONS,PEDS,NHS,ROAD_FNC,ROUTE,SP_JUR,HARM_EV,MAN_COLL,REL_JUNC,REL_ROAD,TRAF_FLO,NO_LANES,SP_LIMIT,ALIGNMNT,PROFILE,PAVE_TYP,SUR_COND,TRA_CONT,T_CONT_F,LGT_COND,WEATHER1,WEATHER2,WRK_ZONE,NOT_HOUR,NOT_MIN,ARR_HOUR,ARR_MIN,HOSP_HR,HOSP_MN,SCH_BUS,CF1,CF2,CF3,FATALS,DAY_WEEK,DRUNK_DR,ST_CASE,CITY,YEAR,MILEPT,TWAY_ID,TWAY_ID2,RAIL,LATITUDE,LONGITUD,VE_FORMS,WEATHER
6,95,6,13,16,35,2,2,0,1,12,3,0,12,1,1,1,3,2,65,1,2,1,1,0,0,1,1,0,0,99,99,99,99,99,99,0,0,0,0,1,7,0,61054,0,2009,72,SR-37,99999999999999999999,0000000,38.12115556,-122.2787333,2,1
6,19,6,14,17,55,2,8,0,0,4,4,0,12,5,2,1,1,2,55,1,1,2,1,20,3,1,1,0,0,99,99,99,99,99,99,0,0,0,0,1,1,0,61055,0,2009,0,CALIFORNIA AVE,QUALITY AVE,0000000,36.7212,-119.5430306,2,1
6,21,6,15,7,45,2,5,0,0,3,4,0,12,3,2,1,1,2,55,1,1,2,1,0,0,1,1,0,0,99,99,99,99,99,99,0,0,0,0,1,2,0,61056,0,2009,0,COUNTY RD 99W,COUNTY RD 30,0000000,39.65325278,-122.1971111,2,1
6,67,6,20,0,22,1,2,0,1,12,2,0,25,0,1,3,3,3,65,1,1,2,1,0,0,2,1,0,0,99,99,99,99,99,99,0,0,0,0,1,7,0,61057,1300,2009,204,US-50,99999999999999999999,0000000,38.64231667,-121.1417778,1,1
6,29,6,20,12,53,1,4,0,1,2,3,0,1,0,1,2,3,3,70,1,1,1,1,0,0,1,1,0,0,99,99,99,99,99,99,0,0,0,0,1,7,0,61058,0,2009,34,SR-99,99999999999999999999,0000000,35.06906389,-118.9712056,1,1
6,31,6,6,18,23,1,1,0,0,3,4,0,30,0,1,4,1,2,55,1,1,2,1,0,0,1,1,0,0,99,99,99,99,88,88,0,0,0,0,1,7,1,61059,0,2009,0,HOUSTON AVE,99999999999999999999,0000000,36.29824722,-119.6671639,1,1
6,1,6,15,11,15,4,7,0,1,1,1,0,12,7,1,1,3,2,55,1,1,2,1,0,0,1,1,0,1,99,99,99,99,88,88,0,0,0,0,1,2,0,61060,0,2009,146,I-238,99999999999999999999,0000000,37.68978889,-122.0983333,4,1
6,67,6,16,6,44,2,2,0,0,2,4,0,12,7,1,1,5,2,45,1,1,2,1,0,0,1,1,0,0,99,99,99,99,99,99,0,0,0,0,1,3,0,61061,0,2009,0,ANTELOPE RD,99999999999999999999,0000000,38.70371389,-121.3468861,2,1
6,75,6,16,19,30,2,2,0,0,13,6,0,1,0,1,1,5,2,25,1,1,2,1,3,3,1,1,0,0,99,99,99,99,99,99,0,0,0,0,1,3,0,61062,3290,2009,0,16TH ST,99999999999999999999,0000000,37.76578611,-122.4073333,2,1
6,37,6,17,8,40,4,9,0,0,16,6,0,12,5,2,1,1,4,35,1,1,2,1,20,3,1,1,0,0,99,99,99,99,99,99,0,0,0,0,1,4,0,61063,1980,2009,0,AVALON BLVD,90TH ST,0000000,33.95468333,-118.2651472,4,1
6,37,2,6,19,17,1,3,2,0,13,6,0,8,0,1,1,1,4,35,1,1,1,2,0,0,3,2,0,0,99,99,99,99,99,99,0,0,0,0,1,6,0,61064,4190,2009,0,WHITTIER BLVD,99999999999999999999,0000000,33.99110556,-118.0657083,1,2
6,71,6,5,17,40,2,2,0,0,16,6,0,12,2,1,1,1,2,40,1,1,2,1,0,0,1,1,0,0,99,99,99,99,99,99,0,0,0,0,1,6,0,61065,3000,2009,0,CASMAILIA ST,99999999999999999999,0000000,34.13763333,-117.4255667,2,1
6,37,6,11,22,5,2,2,0,0,13,6,0,12,5,1,1,5,6,50,1,1,1,1,0,0,3,1,0,0,99,99,99,99,88,88,0,0,0,0,1,5,1,61066,1695,2009,0,VALLEY BLVD,99999999999999999999,0000000,34.01743333,-117.9553028,2,1
6,19,6,12,8,23,2,3,0,1,1,1,0,12,5,2,1,6,1,70,1,2,2,1,20,3,1,1,0,0,99,99,99,99,99,99,0,0,0,0,2,6,0,61067,0,2009,5,I-5,SR-269,0000000,36.07876111,-120.1021111,2,1
6,37,6,12,13,20,2,2,0,0,14,6,0,12,2,2,1,1,4,35,1,1,2,1,20,3,1,1,0,0,99,99,99,99,99,99,0,0,0,0,1,6,1,61068,1980,2009,0,KESTER AVE,LEMAY ST,0000000,34.19210556,-118.4574583,2,1
6,37,5,27,12,4,1,1,1,0,14,6,0,8,0,1,1,1,2,30,1,1,2,1,0,0,1,1,0,0,99,99,99,99,99,99,0,0,0,0,1,4,0,61069,3470,2009,0,11TH ST,99999999999999999999,0000000,34.01116944,-118.4766056,1,1
6,19,5,26,15,25,2,3,0,0,6,5,0,12,5,2,1,1,2,55,1,1,2,1,20,3,1,1,0,0,99,99,99,99,99,99,0,0,0,0,1,3,0,61070,0,2009,0,PARLIER AVE,ALTA AVE,0000000,36.61116667,-119.3948139,2,1
6,37,5,26,19,18,1,1,0,1,11,1,0,25,0,1,4,3,4,65,1,1,2,1,0,0,1,1,0,0,99,99,99,99,88,88,0,0,0,0,1,3,0,61071,480,2009,288,I-5,99999999999999999999,0000000,34.17593056,-118.3070889,1,1
6,39,5,27,12,1,1,2,1,0,16,6,0,8,0,1,1,1,2,25,1,1,2,1,0,0,1,1,0,0,99,99,99,99,99,99,0,0,0,0,1,4,0,61072,2050,2009,0,SAUNDERS AVE,99999999999999999999,0000000,36.937425,-120.0509556,1,1
6,31,6,13,20,50,1,2,1,0,16,6,0,8,0,1,1,1,2,0,1,1,2,1,0,0,2,1,0,0,99,99,99,99,99,99,0,0,0,0,1,7,0,61073,1880,2009,0,IGNACIO CT,99999999999999999999,0000000,36.23645,-119.7515194,1,1
6,73,6,14,1,30,1,2,1,0,15,6,0,8,0,2,1,1,2,30,1,1,2,1,20,3,3,1,0,0,99,99,99,99,88,88,0,0,0,0,1,1,0,61074,3260,2009,0,MEADE AVE,32ND ST,0000000,32.75723611,-117.1250417,1,1
6,29,6,13,16,56,2,2,0,0,15,6,0,12,5,2,1,1,2,55,1,1,2,1,20,3,1,1,0,0,99,99,99,99,99,99,0,0,0,0,1,7,0,61075,3600,2009,0,S SHAFTER AVE,RIVERSIDE,0000000,35.48533889,-119.2785222,2,1
6,85,6,20,13,14,3,2,1,0,13,6,0,8,0,1,7,1,4,25,1,1,2,1,0,0,1,1,0,0,99,99,99,99,99,99,0,0,0,0,1,7,0,61076,3340,2009,0,1ST ST,99999999999999999999,0000000,37.321275,-121.8788694,1,1
6,59,6,20,13,32,1,1,0,1,12,3,0,24,0,13,4,6,2,65,2,1,2,1,0,0,1,1,0,0,99,99,99,99,88,88,0,0,0,0,1,7,0,61077,0,2009,265,SR-241 RAMP,99999999999999999999,0000000,33.71036111,-117.7186806,1,1
6,111,6,20,18,35,2,2,0,0,13,6,0,12,5,2,1,2,4,40,1,1,2,1,3,3,1,1,0,0,99,99,99,99,99,99,0,0,0,0,1,7,0,61078,4027,2009,0,VICTORIA AVE,AVOCET DR,0000000,34.25852222,-119.211,2,1
6,59,2,14,4,28,2,4,1,1,11,1,0,8,0,1,1,3,5,65,1,1,1,1,0,0,2,1,0,0,99,99,99,99,99,99,0,19,23,0,1,7,0,61079,1345,2009,147,I-405,99999999999999999999,0000000,33.71466111,-117.9654389,2,1
6,71,2,16,9,59,2,3,0,0,13,6,0,12,2,1,1,5,4,45,1,1,2,2,0,0,1,2,0,0,99,99,99,99,99,99,0,0,0,0,1,2,1,61080,1603,2009,0,MAIN ST,99999999999999999999,0000000,34.41669444,-117.2686833,2,2
6,71,4,20,22,33,2,2,0,0,14,6,0,12,5,2,1,1,2,45,1,1,2,1,0,0,3,1,0,0,99,99,99,99,99,99,0,0,0,0,1,2,0,61081,1603,2009,0,11TH AVE,SEQUOIA ST,0000000,34.46887778,-117.3211528,2,1
6,25,5,1,15,30,2,7,0,0,2,3,0,12,3,1,1,1,2,65,1,1,2,1,0,0,1,1,0,0,99,99,99,99,99,99,0,0,0,0,1,6,1,61082,0,2009,445,SR-111,99999999999999999999,0000000,33.27556111,-115.5706,2,1
6,67,5,2,2,32,3,7,0,0,16,6,0,12,5,2,1,4,3,30,1,1,2,2,3,3,3,2,0,0,99,99,99,99,99,99,0,0,0,0,1,7,1,61083,3150,2009,0,16TH ST,L ST,0000000,38.575975,-121.4861722,3,2
6,37,5,10,16,40,2,3,0,0,13,6,0,7,0,1,1,2,2,40,1,1,2,1,0,0,1,1,0,0,99,99,99,99,99,99,0,0,0,0,1,1,0,61084,3870,2009,0,SEPULVEDA,99999999999999999999,0000000,33.82679722,-118.3723694,2,1
6,65,5,17,17,40,1,4,0,1,12,3,0,42,0,5,4,6,2,65,2,1,2,1,0,0,1,1,0,0,99,99,99,99,99,99,0,0,0,0,1,1,0,61085,3070,2009,176,SR-91 RAMP,99999999999999999999,0000000,33.9445,-117.3902306,1,1
6,37,5,22,21,20,1,1,0,1,11,1,0,33,0,1,8,3,4,65,1,1,1,1,0,0,3,1,0,0,99,99,99,99,99,99,0,0,0,0,1,6,0,61086,245,2009,200,I-605,99999999999999999999,0000000,34.0625,-118.0001306,1,1
6,71,5,23,11,16,2,2,0,0,13,6,0,12,5,2,1,1,4,45,1,1,2,1,3,3,1,1,0,0,99,99,99,99,99,99,0,0,0,0,1,7,0,61087,1603,2009,0,MAIN ST,E AVE,0000000,34.42024722,-117.2925611,2,1
6,29,6,7,4,6,2,2,0,0,14,6,0,12,5,2,1,1,4,45,1,1,2,1,9,3,3,1,0,0,99,99,99,99,88,88,0,0,0,0,1,1,1,61088,240,2009,0,WIBLE RD,WILSON RD,0000000,35.33221667,-119.0389611,2,1
6,71,6,17,99,99,1,1,0,0,4,4,0,35,0,1,4,1,2,55,2,1,2,1,0,0,1,1,0,0,99,99,99,99,88,88,0,0,0,0,1,4,1,61089,0,2009,0,MORNING STAR MINE RD,99999999999999999999,0000000,35.31435556,-115.4489278,1,1
6,25,6,18,11,40,3,7,0,1,2,3,0,12,2,1,1,2,2,65,1,1,2,1,0,0,1,1,0,0,99,99,99,99,99,99,0,0,0,0,1,5,0,61090,0,2009,49,SR-111,99999999999999999999,0000000,32.73202222,-115.5003417,3,1
6,71,1,21,6,45,1,1,0,0,14,6,0,35,0,1,4,1,2,55,2,1,2,1,0,0,2,1,0,0,99,99,99,99,88,88,0,0,0,0,1,4,1,61091,1603,2009,0,MARIPOSA RD,99999999999999999999,0000000,34.45431389,-117.3563056,1,1
6,1,3,7,2,30,1,2,0,0,14,6,0,33,0,1,4,5,4,30,1,1,1,1,0,0,3,1,0,0,99,99,99,99,88,88,0,0,0,0,2,7,1,61092,2480,2009,0,FOOTHILL BL,99999999999999999999,0000000,37.77263889,-122.2038,1,1
6,65,3,28,3,17,1,1,0,0,14,6,0,43,0,1,6,1,2,40,1,1,2,1,0,0,2,1,0,0,99,99,99,99,99,99,0,0,0,0,1,7,1,61093,2278,2009,0,ALESSANDRO BL,99999999999999999999,0000000,33.91746667,-117.1632722,1,1
6,37,4,11,13,30,1,2,1,0,14,6,0,8,0,1,1,1,4,35,1,1,2,1,0,0,1,1,0,0,99,99,99,99,99,99,0,0,0,0,1,7,0,61094,1980,2009,0,ARLINGTON AVE,99999999999999999999,0000000,34.04061944,-118.3177278,1,1
6,37,4,30,20,10,1,2,1,0,6,4,0,8,0,3,1,1,4,35,1,1,2,1,20,3,3,1,0,0,99,99,99,99,99,99,0,0,0,0,1,5,1,61095,0,2009,0,NADEAU ST,ALIX AVE,0000000,33.96744167,-118.2359583,1,1
6,59,5,3,21,57,1,2,1,0,14,6,0,9,0,3,1,2,1,35,1,1,2,1,3,3,3,1,0,0,99,99,99,99,99,99,0,0,0,0,1,1,0,61096,3420,2009,0,MCFADDEN AVE,ORANGE AVE,0000000,33.73364722,-117.8651778,1,1
6,59,5,7,16,26,2,2,0,0,13,6,0,12,5,2,1,2,2,40,1,1,2,1,20,3,1,1,0,0,99,99,99,99,99,99,0,0,0,0,1,5,0,61097,3420,2009,0,EDINGER AVE,VAN NESS AVE,0000000,33.72731111,-117.8735806,2,1
6,37,5,15,14,15,2,2,0,0,6,4,0,12,5,1,1,1,2,25,1,1,2,1,0,0,1,1,0,0,99,99,99,99,99,99,0,0,0,0,1,6,1,61098,0,2009,0,ZAMORA AVE,99999999999999999999,0000000,33.957225,-118.2515028,2,1
6,29,5,24,13,34,4,11,1,0,16,6,0,8,0,3,1,1,2,25,1,1,2,1,20,3,1,1,0,0,99,99,99,99,99,99,0,0,0,0,3,1,0,61099,240,2009,0,VIRGINIA AVE,ROBINSON ST,0000000,35.36121667,-118.9886028,4,1
6,37,5,28,11,52,1,2,1,0,13,6,0,8,0,3,1,2,3,35,1,1,2,1,20,3,1,1,0,0,99,99,99,99,99,99,0,0,0,0,1,5,0,61100,1980,2009,0,OLYMPIC AVE,3RD AVE,0000000,34.05273889,-118.3176139,1,1
6,71,6,3,6,52,2,5,0,1,11,1,0,12,1,1,1,3,3,65,1,1,2,1,0,0,1,1,0,0,99,99,99,99,88,88,0,0,0,0,1,4,0,61101,790,2009,6,I-215,99999999999999999999,0000000,34.02837222,-117.3311083,2,1
6,71,6,29,14,15,1,2,0,1,1,1,0,1,0,1,4,2,2,70,1,1,2,1,0,0,1,1,0,0,99,99,99,99,99,99,0,0,0,0,1,2,0,61102,0,2009,1687,I-15,99999999999999999999,0000000,35.47563056,-115.5778028,1,1
6,97,1,17,3,30,1,4,0,0,6,4,0,27,0,1,4,1,2,45,2,1,2,1,20,3,2,1,0,0,99,99,99,99,99,99,0,0,0,0,1,7,1,61103,0,2009,0,SKILLMAN LN,99999999999999999999,0000000,38.25624444,-122.7012139,1,1
6,65,3,28,2,15,4,9,1,1,12,3,0,8,0,1,1,3,4,65,1,1,2,1,0,0,3,1,0,0,99,99,99,99,99,99,0,0,0,0,1,7,1,61104,0,2009,101,SR-60,99999999999999999999,0000000,34.00540833,-117.3917694,4,1
6,43,5,29,17,15,1,5,1,0,16,6,1,9,0,1,1,4,2,35,1,2,2,1,0,0,1,1,0,0,99,99,99,99,99,99,0,0,0,0,1,6,0,61105,4265,2009,0,SOUTHSIDE DR,99999999999999999999,0000000,37.7209,-119.6257917,1,1
6,65,6,1,9,38,5,6,0,0,14,6,0,12,5,2,1,1,4,45,1,1,2,1,3,3,1,1,0,1,99,99,99,99,99,99,0,0,0,0,1,2,0,61106,2650,2009,0,N INDIAN CYN DR,W SAN RAFAEL DR,0000000,33.85929722,-116.5455444,5,1
6,37,6,19,11,50,3,4,0,1,11,1,0,12,7,1,1,3,6,65,1,2,1,1,0,0,1,1,0,0,99,99,99,99,99,99,0,0,0,0,1,6,0,61107,1980,2009,383,I-405,99999999999999999999,0000000,34.15098611,-118.4681944,3,1
6,5,6,21,3,53,1,1,0,0,2,3,0,42,0,3,4,1,2,40,1,1,2,1,0,0,2,1,0,0,99,99,99,99,88,88,0,0,0,0,1,1,1,61108,2850,2009,172,SR-49,SHENANDOAH RD,0000000,38.48167778,-120.8448889,1,1
6,37,4,9,3,47,2,3,0,1,1,1,0,12,1,1,1,2,4,55,1,1,1,1,0,0,2,1,0,0,99,99,99,99,99,99,0,0,0,0,1,5,0,61109,0,2009,173,I-210,99999999999999999999,0000000,34.21921944,-118.2415583,2,1
6,71,4,28,21,27,2,3,0,1,13,3,0,12,7,2,1,2,2,45,1,1,2,1,9,3,3,1,0,0,99,99,99,99,99,99,0,0,0,0,1,3,0,61110,4291,2009,105,SR-62,ELK TRL,0000000,34.11889167,-116.4474389,2,1
6,73,5,2,20,0,1,4,1,0,13,6,0,8,0,1,1,5,4,35,1,1,1,1,0,0,3,1,0,0,99,99,99,99,99,99,0,0,0,0,1,7,0,61111,1200,2009,0,VALLEY PKWY,99999999999999999999,0000000,33.13564722,-117.0555056,1,1
6,29,5,18,9,50,1,2,0,1,2,3,0,24,0,1,3,3,3,55,2,1,1,1,0,0,1,1,0,0,99,99,99,99,99,99,0,0,0,0,1,2,0,61112,0,2009,431,SR-99,99999999999999999999,0000000,35.58592222,-119.2043222,1,1
6,37,5,25,18,55,1,5,1,0,14,6,0,9,0,1,1,5,4,40,1,1,2,1,0,0,1,1,0,0,99,99,99,99,99,99,0,0,0,0,1,2,0,61113,1045,2009,0,WOODRUFF AVE,99999999999999999999,0000000,33.91093889,-118.1167611,1,1
6,77,6,25,3,25,1,5,0,0,6,5,0,1,0,1,1,1,2,55,1,1,2,1,0,0,2,1,0,0,99,99,99,99,99,99,0,0,0,0,1,5,1,61114,0,2009,0,MORTENSEN RD,99999999999999999999,0000000,37.69940833,-121.2525417,1,1
6,65,6,25,8,0,1,2,0,0,2,3,0,33,0,1,4,1,2,65,2,1,2,1,0,0,1,1,0,0,99,99,99,99,88,88,0,0,0,0,2,5,0,61115,0,2009,257,SR-177,99999999999999999999,0000000,34.01393056,-115.2358528,1,1
6,63,6,25,12,15,1,1,0,0,3,4,0,1,0,1,1,1,2,55,2,1,2,1,0,0,1,1,0,0,99,99,99,99,99,99,0,0,0,0,1,5,1,61116,0,2009,0,COUNTY ROAD A15,99999999999999999999,0000000,39.75781389,-120.5403611,1,1
6,29,6,25,15,45,1,1,0,0,2,3,0,1,0,1,5,1,2,55,1,1,2,1,0,0,1,1,0,0,99,99,99,99,99,99,0,0,0,0,1,5,0,61117,0,2009,40,SR-33,99999999999999999999,0000000,34.98141667,-119.4350778,1,1
6,77,6,26,3,4,1,2,0,0,13,6,0,33,0,1,4,2,2,40,1,1,2,1,0,0,3,1,0,0,99,99,99,99,99,99,0,0,0,0,1,6,0,61118,3880,2009,0,N MACARTHUR DR,99999999999999999999,0000000,37.74816944,-121.4096444,1,1
6,53,6,26,16,44,1,4,0,1,2,2,0,38,0,1,4,2,2,65,1,1,1,1,0,0,1,1,0,0,99,99,99,99,99,99,0,0,0,0,1,6,0,61119,0,2009,589,US-101,99999999999999999999,0000000,36.38501389,-121.3022806,1,1
6,13,6,26,17,1,2,3,1,0,6,4,0,9,0,1,1,1,2,45,2,1,2,1,0,0,1,1,0,0,99,99,99,99,99,99,0,0,0,0,1,6,0,61120,0,2009,0,CAMINO TASSAJARA,99999999999999999999,0000000,37.74136667,-121.8708222,2,1
6,103,6,27,17,5,1,2,0,0,6,5,0,42,0,1,5,1,2,55,1,1,1,1,0,0,1,1,0,0,99,99,99,99,99,99,0,0,0,0,1,7,0,61121,0,2009,0,GYLE RD,99999999999999999999,0000000,40.012775,-122.139,1,1
6,59,2,8,3,32,1,2,0,0,16,6,0,33,0,1,3,2,3,45,2,1,2,1,0,0,3,1,0,0,99,99,99,99,88,88,0,0,0,0,2,1,1,61122,2199,2009,0,LOS ALISOS BL,99999999999999999999,0000000,33.62735,-117.6680472,1,1
6,81,5,9,0,1,1,2,1,0,12,3,0,8,0,1,1,5,2,45,1,1,2,1,0,0,2,1,0,0,99,99,99,99,88,88,0,0,0,0,1,7,1,61123,1530,2009,304,SR-1,99999999999999999999,0000000,37.48453889,-122.4471111,1,1
6,61,5,22,1,35,1,3,0,0,4,4,0,40,0,1,4,1,2,45,2,1,2,1,0,0,2,1,0,0,99,99,99,99,99,99,0,0,0,0,1,6,1,61124,0,2009,0,AUBURN FOLSOM BL,99999999999999999999,0000000,38.79804444,-121.1325722,1,1
6,79,5,31,8,16,3,4,0,0,14,6,0,12,1,1,1,1,2,40,1,1,2,1,28,3,1,1,0,0,99,99,99,99,99,99,0,14,0,0,1,1,1,61125,2290,2009,0,MAIN ST,99999999999999999999,0000000,35.39831944,-120.8620861,3,1
6,11,5,31,10,55,2,2,0,1,2,3,0,12,2,1,1,1,2,55,2,2,2,1,0,0,1,1,0,0,99,99,99,99,99,99,0,0,0,0,1,1,0,61126,0,2009,117,SR-20,99999999999999999999,0000000,39.10625278,-122.3123361,2,1
6,37,6,8,20,37,1,4,1,0,13,6,0,15,0,2,1,1,4,40,1,1,2,1,2,3,1,1,0,0,99,99,99,99,88,88,0,0,0,0,1,2,0,61127,2870,2009,0,TOWNE AVE,3RD ST,0000000,34.05719167,-117.7414,1,1
6,71,6,11,10,40,2,2,0,1,2,3,0,12,5,8,1,1,2,55,2,9,2,2,20,3,1,5,0,0,99,99,99,99,99,99,0,0,0,0,1,5,0,61128,0,2009,280,SR-18,99999999999999999999,0000000,34.23344722,-117.147175,2,5
6,9,6,11,14,5,1,1,0,0,2,3,0,1,0,1,4,1,2,55,2,2,2,1,0,0,1,1,0,0,99,99,99,99,99,99,0,0,0,0,1,5,0,61129,0,2009,227,SR-49,99999999999999999999,0000000,38.23319167,-120.71005,1,1
6,37,6,12,1,27,1,1,0,1,11,1,0,33,0,13,4,6,3,55,2,2,1,1,0,0,3,1,0,0,99,99,99,99,99,99,0,0,0,0,1,6,1,61130,1980,2009,216,I-110 RAMP,99999999999999999999,0000000,34.03936111,-118.2745889,1,1
6,43,6,12,17,55,1,1,0,1,2,3,0,27,0,1,4,1,2,55,2,2,2,1,40,3,1,1,0,0,99,99,99,99,88,88,0,0,0,0,1,6,1,61131,0,2009,206,SR-140,99999999999999999999,0000000,37.47509722,-119.9601889,1,1
6,37,6,22,2,0,1,2,1,0,14,6,0,8,0,3,1,1,4,35,1,1,2,1,0,0,3,1,0,0,99,99,99,99,88,88,0,0,0,0,1,2,0,61132,1980,2009,0,VANOWEN ST,SATSUMA AVE,0000000,34.19399167,-118.3669278,1,1
6,19,6,22,7,28,1,1,0,0,2,3,0,24,0,1,4,1,4,60,2,9,2,1,0,0,1,1,0,0,99,99,99,99,99,99,0,0,0,0,1,2,0,61133,0,2009,311,SR-168,99999999999999999999,0000000,37.04756111,-119.4317306,1,1
6,31,6,15,20,25,2,6,0,1,2,3,0,54,11,1,3,2,2,65,1,1,2,1,0,0,3,1,0,0,99,99,99,99,99,99,0,14,0,0,1,2,0,61134,0,2009,42,SR-198,99999999999999999999,0000000,36.25533333,-119.8856667,2,1
6,13,6,17,8,57,3,3,0,1,1,1,0,12,7,1,1,3,3,55,1,1,1,1,0,0,1,1,0,1,99,99,99,99,88,88,0,0,0,0,1,4,0,61135,0,2009,141,I-80,99999999999999999999,0000000,38.06005,-122.2251,3,1
6,47,6,17,12,20,2,7,0,1,1,1,0,1,0,1,3,2,2,70,1,1,2,1,0,0,1,1,0,0,99,99,99,99,99,99,0,14,0,0,2,4,0,61136,0,2009,20,I-5,99999999999999999999,0000000,36.88038056,-120.7949694,2,1
6,99,6,27,21,37,1,2,1,0,4,4,0,49,0,1,1,1,2,55,1,1,2,1,0,0,2,1,0,0,99,99,99,99,99,99,0,0,0,0,1,7,0,61137,0,2009,0,SANTA FE AVE,99999999999999999999,0000000,37.52006111,-120.7905694,1,1
6,19,6,29,1,45,1,1,0,0,6,5,0,30,0,1,4,1,2,55,1,1,2,1,0,0,2,1,0,0,99,99,99,99,88,88,0,0,0,0,1,2,1,61138,0,2009,0,WEST AVE,99999999999999999999,0000000,36.63374722,-119.8268611,1,1
6,37,6,29,19,30,1,2,0,0,6,4,0,27,0,1,4,1,2,55,2,2,2,1,0,0,1,1,0,0,99,99,99,99,99,99,0,0,0,0,1,2,1,61139,0,2009,0,SUMMIT KNOLL RD,99999999999999999999,0000000,34.47645556,-118.3704333,1,1
6,29,6,29,20,43,1,2,1,0,2,6,0,9,0,1,1,2,2,55,1,1,2,1,0,0,2,1,0,0,99,99,99,99,99,99,0,0,0,0,1,2,1,61140,0,2009,0,SOUTH UNION AVE,99999999999999999999,0000000,35.21758056,-119.0032806,1,1
6,59,6,29,20,47,1,2,1,0,13,6,0,8,0,1,1,5,4,40,1,1,1,1,0,0,3,1,0,0,99,99,99,99,99,99,0,0,0,0,1,2,0,61141,1380,2009,0,ORANGETHORPE AVE,99999999999999999999,0000000,33.85934722,-117.9438361,1,1
6,37,6,30,9,15,1,2,1,0,13,6,0,8,0,3,1,2,3,35,1,1,2,1,20,3,1,1,0,0,99,99,99,99,99,99,0,0,0,0,1,3,0,61142,1980,2009,0,WASHINGTON BLVD,OXFORD AVE,0000000,34.03994167,-118.3081361,1,1
6,37,6,30,10,0,2,7,0,0,14,6,0,12,5,2,1,1,4,40,1,1,2,1,3,3,1,1,0,0,99,99,99,99,99,99,0,0,0,0,1,3,0,61143,305,2009,0,WOODRUFF AVE,FLORA VISTA ST,0000000,33.88189167,-118.1173167,2,1
6,31,6,30,14,40,2,2,0,0,14,4,0,12,5,1,1,1,2,55,1,1,2,1,0,0,1,1,0,0,99,99,99,99,99,99,0,0,0,0,1,3,0,61144,0,2009,0,10TH AVE,99999999999999999999,0000000,36.28446111,-119.6368611,2,1
6,73,6,7,99,99,1,1,0,0,15,6,0,23,0,1,4,1,2,35,2,1,2,1,0,0,3,1,0,0,99,99,99,99,88,88,0,0,0,0,1,1,1,61145,3260,2009,0,SAN DIEGO MISSION RD,99999999999999999999,0000000,32.78413611,-117.1034639,1,1
6,7,6,27,20,27,1,2,0,0,6,5,0,42,0,1,4,1,2,35,2,3,2,1,0,0,1,1,0,0,99,99,99,99,99,99,0,4,0,0,1,7,1,61146,0,2009,0,HUMBOLDT RD,99999999999999999999,0000000,40.08197778,-121.5343028,1,1
6,29,6,28,0,10,1,2,0,0,2,3,0,1,0,1,1,1,2,55,1,1,2,1,0,0,2,1,0,0,99,99,99,99,99,99,0,0,0,0,1,1,1,61147,0,2009,29,SR-155,99999999999999999999,0000000,35.76138333,-119.1970694,1,1
6,37,6,28,1,20,1,3,2,0,12,3,0,9,0,1,2,5,4,55,1,1,2,1,0,0,2,1,0,0,99,99,99,99,99,99,0,0,0,0,1,1,1,61148,2054,2009,614,SR-1,99999999999999999999,0000000,34.04567222,-118.9198667,1,1
6,53,6,28,1,40,1,2,0,1,12,3,0,25,0,1,3,3,3,65,1,1,2,1,0,0,3,1,0,0,99,99,99,99,99,99,0,0,0,0,1,1,0,61149,3560,2009,811,SR-1,99999999999999999999,0000000,36.62854722,-121.8381222,1,1
6,37,6,28,5,55,1,2,0,1,2,3,0,35,0,1,4,2,4,65,2,2,2,1,0,0,4,1,0,0,99,99,99,99,99,99,0,0,0,0,1,1,1,61150,0,2009,498,SR-14,99999999999999999999,0000000,34.49255,-118.1801889,1,1
6,59,6,28,8,51,1,1,0,0,13,6,0,33,0,1,4,2,2,35,1,1,2,1,0,0,1,1,0,0,99,99,99,99,88,88,0,0,0,0,1,1,0,61151,3960,2009,0,NEWPORT AVE,99999999999999999999,0000000,33.73950833,-117.8206861,1,1
6,37,7,1,9,39,1,2,1,0,16,6,0,8,0,3,1,5,4,30,1,1,2,1,0,0,1,1,0,0,99,99,99,99,99,99,0,0,0,0,1,4,0,61152,30,2009,0,VALLEY BL,5TH ST,0000000,34.07831944,-118.1280806,1,1
6,19,7,1,10,35,1,2,1,0,2,4,0,8,0,3,1,1,2,55,1,1,2,1,2,3,1,1,0,0,99,99,99,99,88,88,0,0,0,0,1,4,0,61153,0,2009,0,CHESTNUT AVE,NORTH AVE,0000000,36.69251111,-119.7368139,1,1