STATE,COUNTY,MONTH,DAY,HOUR,MINUTE,VE_TOTAL,PERSONS,PEDS,NHS,ROAD_FNC,ROUTE,SP_JUR,HARM_EV,MAN_COLL,REL_JUNC,REL_ROAD,TRAF_FLO,NO_LANES,SP_LIMIT,ALIGNMNT,PROFILE,PAVE_TYP,SUR_COND,TRA_CONT,T_CONT_F,LGT_COND,WEATHER1,WEATHER2,WRK_ZONE,NOT_HOUR,NOT_MIN,ARR_HOUR,ARR_MIN,HOSP_HR,HOSP_MN,SCH_BUS,CF1,CF2,CF3,FATALS,DAY_WEEK,DRUNK_DR,ST_CASE,CITY,YEAR,MILEPT,TWAY_ID,TWAY_ID2,RAIL,LATITUDE,LONGITUD,VE_FORMS,WEATHER
6,17,7,1,11,15,1,1,0,1,2,2,0,35,0,1,4,1,2,55,2,3,2,1,0,0,1,1,0,0,99,99,99,99,88,88,0,0,0,0,1,4,0,61154,0,2009,669,US-50,99999999999999999999,0000000,38.81369722,-120.0288111,1,1
6,19,7,1,21,5,1,3,1,0,3,4,0,9,0,1,1,1,2,55,1,1,2,1,0,0,2,1,0,0,99,99,99,99,99,99,0,0,0,0,1,4,1,61155,0,2009,0,CENTRAL AVE,99999999999999999999,0000000,36.67786667,-119.8092139,1,1
6,73,5,26,13,45,2,2,0,1,1,1,0,12,5,10,1,6,2,70,1,2,2,1,20,3,1,1,0,0,99,99,99,99,88,88,0,0,0,0,1,3,0,61156,0,2009,504,I-15 RAMP,E MISSION RD,0000000,33.38721667,-117.1744667,2,1
6,11,6,14,2,40,1,2,0,0,6,4,0,1,0,1,4,1,2,55,1,1,2,1,0,0,2,1,0,0,99,99,99,99,99,99,0,0,0,0,1,1,1,61157,0,2009,0,BREUNER AVE,99999999999999999999,0000000,38.93674722,-122.07055,1,1
6,33,4,25,19,0,1,1,0,0,6,4,0,53,0,1,4,1,2,35,1,1,2,1,0,0,1,1,0,0,99,99,99,99,99,99,0,4,0,0,1,7,0,61158,0,2009,0,HUMMELL LN,99999999999999999999,0000000,38.97168889,-122.8681333,1,1
6,45,5,29,22,20,1,1,0,1,12,3,0,42,0,1,4,1,2,55,1,1,2,1,0,0,2,1,0,0,99,99,99,99,88,88,0,0,0,0,1,6,0,61159,0,2009,287,SR-20,99999999999999999999,0000000,39.38871389,-123.4308806,1,1
6,19,6,12,17,50,2,4,0,0,4,4,0,12,5,1,1,1,2,55,1,1,2,1,0,0,1,1,0,0,99,99,99,99,99,99,0,0,0,0,2,6,0,61160,0,2009,0,MOUNTAIN VIEW AVE,99999999999999999999,0000000,36.54701944,-119.6036917,2,1
6,107,6,17,23,11,2,2,0,0,14,6,0,12,5,1,1,1,2,55,1,1,2,1,0,0,3,1,0,0,99,99,99,99,99,99,0,0,0,0,1,4,1,61161,1010,2009,0,W EL MONTE WAY,99999999999999999999,0000000,36.54610556,-119.4106361,2,1
6,77,6,21,5,45,2,7,0,1,12,3,0,12,1,1,1,2,2,65,1,1,1,1,0,0,1,1,0,0,99,99,99,99,99,99,0,0,0,0,1,1,0,61162,2070,2009,61,SR-120,99999999999999999999,0000000,37.78353611,-121.200925,2,1
6,61,6,21,22,40,2,2,0,1,1,1,0,12,1,1,1,3,3,65,1,2,2,1,0,0,2,1,0,0,99,99,99,99,88,88,0,0,0,0,1,1,1,61163,0,2009,147,I-80,99999999999999999999,0000000,38.87833889,-121.1201917,2,1
6,41,6,28,9,15,1,1,0,0,14,6,0,29,0,1,4,1,2,45,1,1,2,1,0,0,1,1,0,0,99,99,99,99,88,88,0,0,0,0,1,1,0,61164,2460,2009,0,SAN MARIN DR,99999999999999999999,0000000,38.12136667,-122.5821444,1,1
6,107,6,28,23,35,2,6,0,0,14,6,0,12,2,1,1,1,4,55,1,1,2,1,0,0,2,1,0,0,99,99,99,99,99,99,0,0,0,0,2,1,1,61165,3920,2009,0,MOONEY BLVD,99999999999999999999,0000000,36.20698889,-119.3131972,2,1
6,29,4,23,19,50,2,3,0,1,2,3,0,12,2,1,1,1,2,65,1,1,2,1,0,0,2,1,0,0,99,99,99,99,99,99,0,0,0,0,1,5,0,61166,0,2009,613,SR-14,99999999999999999999,0000000,35.61174444,-117.8979778,2,1
6,71,6,9,21,30,2,3,0,0,13,6,0,12,5,2,1,1,4,35,1,1,2,1,3,3,3,1,0,0,99,99,99,99,99,99,0,0,0,0,1,3,1,61167,680,2009,0,CENTRAL AVE,RIVERSIDE DR,0000000,34.01908889,-117.6893444,2,1
6,65,6,17,99,99,1,4,0,0,6,4,1,1,0,1,1,1,2,35,1,2,2,1,0,0,2,1,0,0,99,99,99,99,99,99,0,0,0,0,2,4,1,61168,0,2009,0,FED PARK RT 12,99999999999999999999,0000000,34.00798889,-116.1632528,1,1
6,59,6,26,17,19,2,3,0,0,14,6,0,12,5,2,1,1,6,45,1,1,2,1,3,3,1,1,0,0,99,99,99,99,99,99,0,0,0,0,1,6,0,61169,1660,2009,0,GARFIELD AVE,EDWARDS,0000000,33.68655833,-118.0148806,2,1
6,65,6,27,20,9,1,1,0,0,14,6,0,30,0,1,4,1,2,55,1,1,2,1,0,0,3,1,0,0,99,99,99,99,88,88,0,0,0,0,1,7,1,61170,750,2009,0,DILLION RD,99999999999999999999,0000000,33.724875,-116.1643694,1,1
6,19,7,2,13,0,2,2,0,1,12,3,0,12,3,13,1,6,2,65,1,1,2,1,0,0,1,1,0,0,99,99,99,99,99,99,0,0,0,0,1,5,0,61171,1370,2009,249,SR-41 RAMP,99999999999999999999,0000000,36.75823611,-119.776275,2,1
6,37,7,2,14,1,1,3,2,0,16,6,0,8,0,1,1,1,2,25,1,1,2,1,0,0,1,1,0,0,99,99,99,99,99,99,0,0,0,0,1,5,0,61172,2870,2009,0,LENNOX ST,99999999999999999999,0000000,34.08723889,-117.7297278,1,1
6,37,7,2,17,30,6,6,1,0,16,6,0,12,5,8,1,1,2,25,1,1,2,1,0,0,1,1,0,0,99,99,99,99,99,99,0,0,0,0,1,5,0,61173,1980,2009,0,25TH ST,99999999999999999999,0000000,34.02340833,-118.2623833,2,1
6,57,7,2,18,39,1,1,0,0,2,3,0,11,0,1,1,1,2,55,1,1,2,1,0,0,1,1,0,0,99,99,99,99,99,99,0,0,0,0,1,5,0,61174,0,2009,51,SR-49,99999999999999999999,0000000,39.08410556,-121.0869306,1,1
6,53,7,3,19,15,1,1,0,0,4,4,0,1,0,1,1,1,2,55,1,1,2,1,0,0,1,1,0,0,99,99,99,99,88,88,0,0,0,0,1,6,1,61175,0,2009,0,CARMEL VALLEY RD,99999999999999999999,0000000,36.342025,-121.5075444,1,1
6,53,7,3,20,35,1,3,0,1,2,2,0,1,0,1,3,2,2,65,1,1,1,1,0,0,1,1,0,0,99,99,99,99,99,99,0,0,0,0,1,6,0,61176,0,2009,628,US-101,99999999999999999999,0000000,36.43799444,-121.3466556,1,1
6,1,7,4,2,59,2,1,0,1,1,1,0,14,1,1,2,3,4,65,1,1,1,1,0,0,2,1,0,0,99,99,99,99,88,88,0,0,0,0,1,7,1,61177,0,2009,247,I-580,99999999999999999999,0000000,37.70218333,-121.9943111,1,1
6,65,7,4,6,12,1,1,0,1,12,3,0,52,0,1,4,3,4,65,1,1,2,1,0,0,1,1,0,0,99,99,99,99,88,88,0,0,0,0,1,7,1,61178,2278,2009,141,SR-60,99999999999999999999,0000000,33.94056944,-117.2650194,1,1
6,65,7,4,12,48,2,2,0,0,14,6,0,12,5,2,1,1,2,40,1,1,2,1,0,0,1,1,0,0,99,99,99,99,99,99,0,0,0,0,1,7,0,61179,1580,2009,0,LYON AVE,COMMONWEALTH AVE,0000000,33.76916389,-116.9892778,2,1
6,75,7,6,0,8,3,4,0,1,13,2,0,33,0,5,4,6,1,50,2,2,2,1,0,0,2,1,0,0,99,99,99,99,99,99,0,0,0,0,1,2,1,61180,3290,2009,29,US-101 RAMP,99999999999999999999,0000000,37.74960833,-122.4037639,3,1
6,79,7,6,0,20,1,1,0,1,2,2,0,24,0,1,4,3,2,65,1,1,2,1,0,0,2,1,0,0,99,99,99,99,88,88,0,0,0,0,1,2,1,61181,0,2009,14,US-101,99999999999999999999,0000000,35.00336944,-120.4397694,1,1
6,107,7,6,9,34,1,3,1,0,16,6,0,9,0,1,1,1,2,25,1,1,2,1,0,0,1,1,0,0,99,99,9,39,99,99,0,0,0,0,1,2,0,61182,4050,2009,0,CONYER ST,99999999999999999999,0000000,36.34312222,-119.3012056,1,1
6,21,7,6,18,25,1,1,0,1,1,1,0,38,0,1,4,3,2,70,1,1,2,1,0,0,1,1,0,0,99,99,99,99,88,88,0,0,0,0,1,2,0,61183,0,2009,174,I-5,99999999999999999999,0000000,39.74591944,-122.2057778,1,1
6,31,7,10,12,45,2,4,0,0,6,4,0,12,5,2,1,1,2,55,1,1,2,1,20,3,1,1,0,0,99,99,99,99,99,99,0,0,0,0,1,6,0,61184,0,2009,0,AVENAL CUTTOFF RD,ORANGE AVE,0000000,36.10886389,-120.0482444,2,1
6,95,7,11,1,34,2,2,0,0,13,6,0,12,2,1,1,2,2,45,1,1,2,1,0,0,3,1,0,0,99,99,99,99,99,99,0,0,0,0,1,7,2,61185,3780,2009,0,WALTERS RD,99999999999999999999,0000000,38.25801389,-121.9880778,2,1
6,37,7,11,10,46,2,6,4,0,6,4,0,9,0,1,2,1,2,55,2,2,2,1,0,0,1,1,0,0,99,99,99,99,99,99,0,0,0,0,1,7,1,61186,0,2009,0,BOUQUET CYN RD,99999999999999999999,0000000,34.59555833,-118.2714278,2,1
6,81,6,8,14,55,1,1,0,0,12,3,0,43,0,1,4,3,2,55,2,2,2,1,0,0,1,1,0,0,99,99,99,99,99,99,0,0,0,0,1,2,0,61187,2625,2009,459,SR-1,99999999999999999999,0000000,37.65877778,-122.4843028,1,1
6,71,7,1,12,5,1,2,0,1,11,1,0,38,0,1,4,3,3,70,1,1,1,1,0,0,1,1,0,0,99,99,99,99,99,99,0,0,0,0,1,4,0,61188,260,2009,672,I-15,99999999999999999999,0000000,34.83205,-117.0909194,1,1
6,59,7,1,21,36,2,3,0,0,14,6,0,33,0,1,4,5,4,40,2,1,2,1,0,0,3,1,0,0,99,99,99,99,99,99,0,0,0,0,1,4,2,61189,2560,2009,0,N BATAIVA ST,99999999999999999999,0000000,33.82898056,-117.861875,2,1
6,83,7,4,14,35,2,5,0,0,6,4,0,12,8,1,1,1,2,25,2,1,2,1,0,0,1,1,0,0,99,99,99,99,88,88,0,0,0,0,1,7,1,61190,0,2009,0,STAGECOACH RD,99999999999999999999,0000000,34.53025,-119.8353389,2,1
6,71,7,4,15,15,1,1,0,0,4,4,0,1,0,1,2,1,2,55,1,1,2,1,0,0,1,1,0,0,99,99,99,99,99,99,0,0,0,0,1,7,1,61191,0,2009,0,SHADOW MTN RD,99999999999999999999,0000000,34.72901944,-117.41525,1,1
6,37,7,4,17,9,2,2,0,0,12,3,0,25,0,1,3,3,3,55,2,1,1,1,0,0,1,1,0,0,99,99,99,99,99,99,0,0,0,0,1,7,1,61192,1980,2009,292,SR-110,99999999999999999999,0000000,34.11163056,-118.1827306,2,1
6,103,7,4,23,15,1,1,0,0,4,4,0,17,0,1,4,1,2,55,1,1,2,1,0,0,2,1,0,0,99,99,99,99,88,88,0,0,0,0,1,7,1,61193,0,2009,0,MANTON RD,99999999999999999999,0000000,40.4108,-121.9149,1,1
6,37,7,5,17,27,1,1,0,0,16,6,0,1,0,1,5,1,2,45,2,1,2,1,0,0,1,1,0,0,99,99,99,99,88,88,0,0,0,0,1,1,1,61194,1980,2009,0,MALIBU CYN RD,99999999999999999999,0000000,34.0635,-118.6966,1,1
6,13,7,14,17,23,4,4,0,0,14,6,0,12,7,3,1,2,2,35,2,1,2,1,3,3,1,1,0,0,99,99,99,99,99,99,0,0,0,0,1,3,0,61195,2830,2009,0,CONTRA COSTA BL,DORAY DR,0000000,37.95481944,-122.06025,4,1
6,37,7,15,5,30,2,3,0,0,13,3,0,12,2,1,1,5,6,35,1,1,2,1,0,0,1,1,0,0,99,99,99,99,88,88,0,0,0,0,1,4,0,61196,1980,2009,114,SR-1,99999999999999999999,0000000,33.79038889,-118.2788556,2,1
6,71,6,22,20,40,1,1,0,1,1,1,0,24,0,1,3,3,4,70,2,2,1,1,40,3,2,1,0,0,99,99,99,99,88,88,0,0,0,0,1,2,0,61197,0,2009,245,I-15,99999999999999999999,0000000,34.34741111,-117.4759611,1,1
6,37,6,22,21,45,1,4,0,0,14,6,0,33,0,1,4,2,4,35,2,1,2,1,0,0,3,1,0,0,99,99,99,99,99,99,0,0,0,0,1,2,0,61198,4030,2009,0,PACIFIC BL,99999999999999999999,0000000,34.00399444,-118.2285917,1,1
6,19,6,24,16,35,3,4,0,1,2,3,0,12,7,1,1,3,3,70,1,1,2,1,0,0,1,1,0,0,99,99,99,99,99,99,0,14,0,0,1,4,0,61199,0,2009,176,SR-99,99999999999999999999,0000000,36.69590556,-119.7632722,3,1
6,85,6,24,22,5,2,2,0,1,12,3,0,12,2,1,1,3,3,65,2,1,2,1,40,3,3,1,0,0,99,99,99,99,99,99,0,0,0,0,1,4,1,61200,3340,2009,72,SR-87,99999999999999999999,0000000,37.34936944,-121.9086389,2,1
6,71,6,25,1,22,1,1,0,0,4,5,0,38,0,1,5,1,2,55,2,2,2,1,40,3,2,1,0,0,99,99,99,99,88,88,0,0,0,0,1,5,1,61201,0,2009,0,QUAIL SPRINGS RD,99999999999999999999,0000000,34.11738333,-116.315175,1,1
6,59,7,8,14,50,1,1,0,0,13,6,0,42,0,3,4,2,3,45,1,1,2,1,2,3,1,1,0,0,99,99,99,99,99,99,0,0,0,0,1,4,0,61202,9997,2009,0,LOS ALISOS BL,MUIRLANDS BL,0000000,33.61694167,-117.6927361,1,1
6,37,7,8,18,55,2,2,0,0,13,6,0,1,0,1,1,1,4,35,1,1,2,1,0,0,1,1,0,0,99,99,99,99,88,88,0,0,0,0,1,4,0,61203,1980,2009,0,SLAUSON AVE,99999999999999999999,0000000,33.98881111,-118.3299194,2,1
6,71,7,9,0,27,1,1,0,0,16,6,0,33,0,1,3,2,2,30,2,1,2,1,0,0,3,1,0,0,99,99,99,99,88,88,0,0,0,0,1,5,1,61204,1305,2009,0,E LIBERTY PKWY,99999999999999999999,0000000,34.10985,-117.4903889,1,1
6,29,7,9,2,5,2,3,0,1,2,3,0,12,2,1,1,1,2,55,1,1,2,1,0,0,2,1,0,0,99,99,99,99,88,88,0,0,0,0,1,5,0,61205,0,2009,103,SR-46,99999999999999999999,0000000,35.64833333,-120.0345611,2,1
6,59,7,9,2,49,1,2,1,0,13,6,0,8,0,1,1,5,2,40,1,1,2,1,0,0,3,1,0,0,99,99,99,99,88,88,0,0,0,0,1,5,0,61206,80,2009,0,W BALL RD,99999999999999999999,0000000,33.81773333,-117.9577167,1,1
6,37,7,9,14,30,1,1,0,0,13,6,0,46,0,3,4,3,2,50,2,2,2,1,3,3,1,1,0,0,14,37,14,42,88,88,0,0,0,0,1,5,1,61207,4069,2009,0,AMAR RD,MEADOW PASS RD,0000000,34.03788889,-117.8596444,1,1
6,85,7,9,19,25,2,2,0,0,13,6,0,1,0,3,1,2,3,45,1,1,2,1,3,3,1,1,0,0,99,99,99,99,88,88,0,0,0,0,1,5,0,61208,537,2009,0,SAN TOMAS EXPY,BUDD AVE,0000000,37.279925,-121.9571694,2,1
6,45,7,2,11,40,3,4,0,1,2,2,0,12,8,1,1,1,2,55,2,2,2,1,40,3,1,1,0,0,99,99,99,99,99,99,0,0,0,0,2,5,0,61209,0,2009,968,US-101,99999999999999999999,0000000,39.54164722,-123.4526833,3,1
6,29,7,2,13,50,3,4,0,1,2,3,0,12,2,1,1,1,4,65,2,2,2,1,0,0,1,1,0,0,99,99,99,99,99,99,0,0,0,0,2,5,0,61210,0,2009,401,SR-14,99999999999999999999,0000000,35.35895556,-117.9776278,3,1
6,37,7,2,21,16,1,2,1,0,3,4,0,8,0,1,1,1,2,55,1,1,2,1,0,0,2,1,0,0,99,99,99,99,88,88,0,0,0,0,1,5,0,61211,0,2009,0,AVENUE O,99999999999999999999,0000000,34.61675,-117.7488889,1,1
6,37,7,2,23,10,1,4,0,0,15,6,0,33,0,1,4,2,2,40,1,1,2,1,0,0,3,1,0,0,99,99,99,99,99,99,0,0,0,0,1,5,0,61212,1980,2009,0,LASSEN ST,99999999999999999999,0000000,34.25015833,-118.5177194,1,1
6,29,7,3,6,0,3,8,0,1,2,3,0,12,2,1,1,1,2,55,1,1,2,1,0,0,1,1,0,0,99,99,99,99,99,98,0,14,0,0,1,6,1,61213,0,2009,94,SR-46,99999999999999999999,0000000,35.65516944,-120.0488083,3,1
6,35,7,17,20,40,1,3,0,1,2,2,0,1,0,1,1,1,2,65,1,1,2,1,0,0,5,1,0,0,99,99,99,99,99,99,0,0,0,0,1,6,0,61214,0,2009,286,US-395,99999999999999999999,0000000,40.07971389,-120.1531139,1,1
6,5,7,18,7,25,3,5,0,1,2,3,0,12,8,1,1,1,2,55,1,2,2,1,0,0,1,1,0,0,99,99,99,99,99,99,0,0,0,0,1,7,0,61215,0,2009,25,SR-88,99999999999999999999,0000000,38.301625,-120.9857806,3,1
6,19,7,18,11,33,1,3,0,1,1,1,0,1,0,5,1,6,1,70,2,2,2,1,0,0,1,1,0,0,99,99,99,99,99,99,0,0,0,0,1,7,0,61216,0,2009,656,I-5 RAMP,99999999999999999999,0000000,36.84937222,-120.7724056,1,1
6,53,7,18,16,49,2,4,0,0,2,3,0,12,7,1,1,1,2,55,2,2,2,1,40,3,1,1,0,0,99,99,99,99,88,88,0,0,0,0,1,7,0,61217,0,2009,416,SR-1,99999999999999999999,0000000,36.56995556,-121.9123972,2,1
6,109,7,18,19,20,1,1,0,1,2,3,0,41,0,1,5,1,2,55,1,3,2,1,0,0,1,1,0,0,99,99,99,99,88,88,0,0,0,0,1,7,0,61218,0,2009,483,SR-120,99999999999999999999,0000000,37.82368333,-119.9906167,1,1
6,19,7,18,20,10,1,6,0,0,2,3,0,1,0,1,1,1,2,55,2,1,2,1,0,0,1,1,0,0,99,99,99,99,99,99,0,0,0,0,1,7,0,61219,0,2009,203,SR-168,99999999999999999999,0000000,36.92776667,-119.5125806,1,1
6,37,7,11,17,22,1,2,1,0,16,6,0,8,0,1,1,1,2,25,1,1,2,1,0,0,1,1,0,0,99,99,99,99,99,99,0,0,0,0,1,7,0,61220,1700,2009,0,97TH ST,99999999999999999999,0000000,33.94787778,-118.3446472,1,1
6,59,7,11,20,53,1,4,1,0,13,6,0,8,0,1,1,2,3,45,2,1,1,1,0,0,3,1,0,0,99,99,99,99,99,99,0,0,0,0,1,7,0,61221,1345,2009,0,EUCLID ST,99999999999999999999,0000000,33.69631667,-117.9348639,1,1
6,65,7,12,17,0,1,4,0,1,11,1,0,27,0,1,4,3,4,70,2,1,1,1,0,0,1,1,0,0,99,99,99,99,99,99,0,0,0,0,1,1,0,61222,250,2009,143,I-10,99999999999999999999,0000000,33.92431111,-116.8611639,1,1
6,99,7,12,17,44,1,1,0,0,2,4,0,24,0,1,4,1,2,55,2,1,2,1,0,0,1,1,0,0,99,99,99,99,88,88,0,0,0,0,1,1,1,61223,0,2009,0,PARADISE RD,99999999999999999999,0000000,37.60933611,-121.0518278,1,1
6,37,7,12,22,5,1,2,1,0,14,6,0,8,0,1,1,5,4,45,1,1,2,1,0,0,3,1,0,0,99,99,99,99,88,88,0,0,0,0,1,1,0,61224,1840,2009,0,15TH ST WEST,99999999999999999999,0000000,34.69183889,-118.1569083,1,1
6,37,7,19,2,7,1,3,0,0,13,6,0,33,0,1,6,1,4,40,2,1,1,1,0,0,3,1,0,0,99,99,99,99,99,99,0,0,0,0,1,1,1,61225,4190,2009,0,BEVERLY BLVD,99999999999999999999,0000000,33.98816111,-118.0473889,1,1
6,99,7,19,12,44,2,4,0,0,15,6,0,12,5,2,1,1,2,55,1,1,2,1,20,3,1,1,0,0,99,99,99,99,99,99,0,0,0,0,1,1,0,61226,1650,2009,0,HATCH RD,TULLY RD,0000000,37.60928333,-120.8701444,2,1
6,37,7,21,9,55,1,2,0,0,6,4,0,33,0,1,4,1,2,25,2,2,2,1,0,0,1,1,0,0,99,99,99,99,88,88,0,0,0,0,2,3,0,61227,0,2009,0,PINEGLEN RD,99999999999999999999,0000000,34.23815278,-118.2360306,1,1
6,107,7,21,17,59,1,1,0,1,2,3,0,42,0,1,4,3,2,70,2,1,2,1,0,0,1,1,0,0,99,99,99,99,99,99,0,0,0,0,1,3,1,61228,0,2009,480,SR-99,99999999999999999999,0000000,36.442725,-119.4820694,1,1
6,29,7,22,17,30,1,4,0,1,2,3,0,1,0,1,2,3,3,70,1,1,1,1,0,0,1,1,0,0,99,99,99,99,99,99,0,0,0,0,1,4,0,61229,0,2009,72,SR-99,99999999999999999999,0000000,35.12054167,-118.9876639,1,1
6,65,6,11,23,0,1,4,0,0,16,6,0,33,0,1,4,1,2,55,2,1,2,1,0,0,2,1,0,0,99,99,99,99,99,99,0,0,0,0,1,5,1,61230,9997,2009,0,ANTELOPE RD,99999999999999999999,0000000,33.63822222,-117.1697472,1,1
6,97,6,14,13,50,2,3,0,0,3,4,0,12,5,3,1,1,2,55,1,1,2,1,20,3,1,1,0,0,99,99,99,99,99,99,0,0,0,0,1,1,0,61231,0,2009,0,GUERNEVILLE RD,VINE HILL RD,0000000,38.45073333,-122.8614806,2,1
6,31,6,15,1,40,1,1,0,1,1,1,0,33,0,1,4,1,2,70,1,1,2,1,0,0,2,1,0,0,99,99,99,99,88,88,0,0,0,0,1,2,0,61232,0,2009,198,I-5,99999999999999999999,0000000,36.01324722,-119.99495,1,1
6,47,6,19,9,50,1,1,0,0,2,3,0,27,0,1,4,1,2,55,2,1,2,1,0,0,1,1,0,0,99,99,99,99,88,88,0,0,0,0,1,6,1,61233,0,2009,245,SR-140,99999999999999999999,0000000,37.29897778,-120.704125,1,1
6,69,6,19,18,52,1,1,0,0,2,3,0,27,0,1,4,1,2,55,1,1,2,1,0,0,1,1,0,0,99,99,99,99,88,88,0,0,0,0,1,6,1,61234,0,2009,412,SR-25,99999999999999999999,0000000,36.751125,-121.2881194,1,1
6,29,7,18,18,25,2,7,0,0,6,5,0,12,3,1,1,1,2,55,1,1,2,1,0,0,1,1,0,0,99,99,99,99,99,99,0,0,0,0,3,7,0,61235,0,2009,0,SEBASTIAN RD,99999999999999999999,0000000,35.04559722,-118.8910806,2,1
6,47,7,24,15,8,2,8,0,0,6,5,0,1,0,1,1,1,2,55,2,1,2,1,40,3,1,1,0,0,99,99,99,99,88,88,0,0,0,0,1,6,1,61236,0,2009,0,SYCAMORE ST,99999999999999999999,0000000,37.41574444,-120.7591861,2,1
6,77,7,24,20,45,1,1,0,0,2,4,0,30,0,1,3,2,2,55,2,1,2,1,0,0,2,1,0,0,99,99,99,99,88,88,0,0,0,0,1,6,1,61237,0,2009,0,11TH ST,99999999999999999999,0000000,37.73976944,-121.369775,1,1
6,65,7,25,0,48,1,2,1,0,14,6,0,8,0,1,1,2,2,50,1,1,2,1,0,0,3,1,0,0,99,99,99,99,88,88,0,0,0,0,1,7,0,61238,750,2009,0,AVENUE 52,99999999999999999999,0000000,33.67131944,-116.1608444,1,1
6,65,6,24,0,38,2,3,0,0,12,3,0,12,1,1,2,2,2,65,1,1,2,1,0,0,2,1,0,0,99,99,99,99,99,99,0,0,0,0,2,4,1,61239,2650,2009,567,SR-111,99999999999999999999,0000000,33.87305278,-116.5810778,2,1
6,37,5,29,15,45,2,2,0,0,15,6,0,12,5,1,1,5,4,45,1,1,2,1,0,0,1,1,0,0,99,99,99,99,99,99,0,0,0,0,1,6,0,61240,3445,2009,0,SAND CANYON RD,99999999999999999999,0000000,34.42369167,-118.4238194,2,1
6,71,5,15,17,40,2,6,0,1,12,2,0,12,2,1,2,1,2,65,1,1,1,1,0,0,1,1,0,0,99,99,99,99,99,99,0,0,0,0,1,6,0,61241,0,2009,780,US-95,99999999999999999999,0000000,35.1319,-114.8297889,2,1
6,71,6,16,9,38,1,3,1,0,13,6,0,8,0,1,1,5,4,45,1,1,2,1,0,0,1,1,0,0,99,99,99,99,88,88,0,0,0,0,1,3,0,61242,680,2009,0,RIVERSIDE DR,99999999999999999999,0000000,34.01935556,-117.6608917,1,1
6,37,6,20,9,33,2,4,0,1,11,1,0,41,0,1,4,3,5,65,1,1,1,2,0,0,1,1,0,0,99,99,99,99,99,99,0,0,0,0,1,7,0,61243,1980,2009,402,I-5,99999999999999999999,0000000,34.27638056,-118.4527694,2,1
6,19,7,8,9,35,2,2,0,0,3,4,0,12,5,2,1,1,2,40,1,1,2,1,3,3,1,1,0,0,99,99,99,99,99,99,0,0,0,0,1,4,0,61244,0,2009,0,ASHLAN AVE,FRUIT AVE,0000000,36.79385278,-119.8175111,2,1
6,77,7,8,10,25,1,5,0,1,1,1,0,27,0,1,4,2,2,70,1,1,2,1,0,0,1,1,0,0,99,99,99,99,99,99,0,0,0,0,1,4,0,61245,0,2009,98,I-5,99999999999999999999,0000000,37.7359,-121.34335,1,1
6,63,7,8,11,15,1,1,0,0,6,4,0,1,0,1,5,1,2,0,1,1,5,5,0,0,1,1,0,0,99,99,99,99,88,88,0,2,0,0,1,4,0,61246,0,2009,0,USFS RD 24N13,99999999999999999999,0000000,40.0391,-120.7233,1,1
6,73,7,12,2,40,1,2,1,0,4,4,0,8,0,2,1,1,2,45,1,2,2,1,0,0,2,1,0,0,99,99,99,99,99,99,0,0,0,0,1,1,0,61247,0,2009,0,PALA TEMECULA RD,MORO RD,0000000,33.37365,-117.079125,1,1
6,27,7,12,9,30,1,4,0,0,6,5,0,5,0,2,1,1,2,55,1,1,1,1,0,0,1,1,0,0,99,99,99,99,99,99,0,4,0,0,1,1,1,61248,0,2009,0,WILLIAMS RD,SUMMERS RD,0000000,36.27210833,-118.011075,1,1
6,85,1,16,20,39,1,2,1,0,13,6,0,8,0,3,1,2,3,30,1,1,2,1,28,3,3,1,0,0,99,99,99,99,99,99,0,0,0,0,1,6,0,61249,3440,2009,0,EL CAMINO REAL,MCCORMICK DR,0000000,37.35236944,-121.9618806,1,1
6,29,7,5,15,54,2,10,0,0,2,3,0,12,2,1,1,1,2,55,1,1,2,1,0,0,1,1,0,0,99,99,99,99,99,99,0,0,0,0,3,1,0,61250,0,2009,34,SR-43,99999999999999999999,0000000,35.31438889,-119.2525583,2,1
6,29,7,12,11,7,2,6,0,0,13,6,0,12,5,2,1,2,3,45,1,1,2,1,3,3,1,1,0,0,99,99,99,99,99,99,0,0,0,0,1,1,0,61251,240,2009,0,CALIFORNIA AVE,STOCKDALE HWY,0000000,35.35405556,-119.0611972,2,1
6,37,7,17,6,30,1,2,1,0,6,5,0,8,0,1,1,1,2,35,2,1,2,1,0,0,1,1,0,0,99,99,99,99,99,99,0,0,0,0,1,6,0,61252,0,2009,0,BEATY AVE,99999999999999999999,0000000,33.924525,-118.0499417,1,1
6,77,7,17,18,8,1,1,0,0,2,5,0,31,0,1,5,1,2,55,2,1,2,1,0,0,1,1,0,0,99,99,99,99,88,88,0,0,0,0,1,6,0,61253,0,2009,0,TRACY BLVD,99999999999999999999,0000000,37.89432778,-121.4592222,1,1