STATE,COUNTY,MONTH,DAY,HOUR,MINUTE,VE_TOTAL,PERSONS,PEDS,NHS,ROAD_FNC,ROUTE,SP_JUR,HARM_EV,MAN_COLL,REL_JUNC,REL_ROAD,TRAF_FLO,NO_LANES,SP_LIMIT,ALIGNMNT,PROFILE,PAVE_TYP,SUR_COND,TRA_CONT,T_CONT_F,LGT_COND,WEATHER1,WEATHER2,WRK_ZONE,NOT_HOUR,NOT_MIN,ARR_HOUR,ARR_MIN,HOSP_HR,HOSP_MN,SCH_BUS,CF1,CF2,CF3,FATALS,DAY_WEEK,DRUNK_DR,ST_CASE,CITY,YEAR,MILEPT,TWAY_ID,TWAY_ID2,RAIL,LATITUDE,LONGITUD,VE_FORMS,WEATHER
6,83,7,25,18,50,1,2,1,0,4,4,0,9,0,1,1,1,2,55,1,2,2,1,0,0,1,1,0,0,99,99,99,99,88,88,0,0,0,0,1,7,0,61254,0,2009,0,TELEPHONE RD,99999999999999999999,0000000,34.90500833,-120.3830778,1,1
6,37,7,26,2,25,3,4,1,0,14,6,0,14,7,1,2,1,4,35,1,1,2,1,0,0,3,1,0,0,99,99,99,99,99,99,0,0,0,0,2,1,1,61255,1980,2009,0,SANTA FE AVE,99999999999999999999,0000000,34.02319722,-118.2301417,1,1
6,99,7,26,5,53,2,10,0,0,2,4,0,12,2,2,1,1,2,55,1,1,2,1,0,0,1,1,0,0,99,99,99,99,99,99,0,0,0,0,1,1,0,61256,0,2009,0,PARADISE RD,BAKER RD,0000000,37.608725,-121.0940556,2,1
6,85,1,6,18,21,1,2,1,0,14,6,0,8,0,3,1,5,2,35,1,1,2,1,40,3,3,1,0,0,99,99,99,99,99,99,0,0,0,0,1,3,0,61257,3340,2009,0,LUNDY AVE,ROSEBRIAR WY,0000000,37.37795,-121.8769167,1,1
6,85,3,28,13,31,2,2,0,0,14,6,0,12,1,1,1,2,1,25,2,1,2,1,40,3,1,1,0,0,99,99,99,99,99,99,0,0,0,0,1,7,0,61258,3340,2009,0,BIRD AVE,99999999999999999999,0000000,37.30725556,-121.8914639,2,1
6,37,5,11,22,45,3,3,0,1,11,1,0,12,1,1,1,3,6,65,2,1,1,1,0,0,2,1,0,0,99,99,99,99,88,88,0,0,0,0,1,2,1,61259,1716,2009,376,I-210,99999999999999999999,0000000,34.12875278,-117.938275,3,1
6,71,7,10,4,51,1,2,0,1,1,1,0,1,0,1,3,2,2,70,2,1,2,1,0,0,2,1,0,0,99,99,99,99,99,99,0,0,0,0,1,6,0,61260,0,2009,601,I-40,99999999999999999999,0000000,34.72094444,-115.990175,1,1
6,39,7,10,9,10,2,2,0,0,6,4,0,12,5,2,1,1,2,55,1,1,2,1,20,3,1,1,0,0,99,99,99,99,88,88,0,0,0,0,1,6,0,61261,0,2009,0,AVENUE 11,ROAD 25,0000000,36.90906944,-120.0923694,2,1
6,111,7,23,11,15,3,5,0,0,6,4,0,12,8,1,1,1,2,55,1,1,2,1,0,0,1,1,0,0,99,99,99,99,99,99,0,0,0,0,1,5,1,61262,0,2009,0,CENTRAL AVE,99999999999999999999,0000000,34.22844444,-119.1099917,3,1
6,21,7,23,13,18,2,2,0,0,3,4,0,12,5,1,1,1,2,55,1,1,2,1,0,0,1,1,0,0,99,99,99,99,88,88,0,0,0,0,1,5,0,61263,0,2009,0,COUNTY ROAD 99W,99999999999999999999,0000000,39.69018056,-122.1967639,2,1
6,37,7,23,14,0,1,1,0,0,12,6,0,1,0,1,1,5,3,35,1,1,2,1,0,0,1,1,0,0,99,99,99,99,99,99,0,0,0,0,1,5,0,61264,1980,2009,0,ROSCOE BLVD,99999999999999999999,0000000,34.220675,-118.5430806,1,1
6,59,7,23,17,9,1,2,1,0,16,6,0,9,0,2,1,5,1,45,2,2,2,1,0,0,1,1,0,0,99,99,99,99,88,88,0,0,0,0,1,5,0,61265,2400,2009,0,RIDGE PARK,TESORO,0000000,33.60560278,-117.8217167,1,1
6,37,7,24,2,54,1,1,0,0,14,6,0,33,0,1,3,2,2,45,1,1,2,1,0,0,2,1,0,0,99,99,99,99,88,88,0,0,0,0,1,6,1,61266,1970,2009,0,STUDEBAKER RD,99999999999999999999,0000000,33.76473611,-118.10365,1,1
6,85,6,21,17,13,1,3,0,0,14,6,0,33,0,3,4,2,2,40,1,1,2,1,0,0,1,1,0,0,99,99,99,99,99,99,0,0,0,0,2,1,1,61267,3340,2009,0,YERBA BUENA RD,EDENWOOD DR,0000000,37.29783333,-121.79675,1,1
6,1,4,1,23,15,1,2,1,0,13,6,0,8,0,1,1,2,3,45,1,1,2,1,0,0,3,1,0,0,99,99,99,99,99,99,0,0,0,0,1,4,0,61268,2480,2009,0,HEGENBERGER RD,99999999999999999999,0000000,37.73412778,-122.1981056,1,1
6,13,4,12,8,45,2,4,0,1,11,1,0,12,1,1,1,3,5,65,1,1,1,1,0,0,1,1,0,0,99,99,99,99,99,99,0,0,0,0,1,1,0,61269,3412,2009,34,I-680,99999999999999999999,0000000,37.76606667,-121.9696556,2,1
6,59,5,17,18,46,1,1,0,1,2,3,0,36,0,1,4,1,2,55,2,3,2,1,40,3,1,1,0,0,99,99,99,99,99,99,0,0,0,0,1,1,1,61270,0,2009,136,SR-74,99999999999999999999,0000000,33.59242222,-117.4921278,1,1
6,65,5,27,5,44,4,6,0,1,12,3,0,12,8,1,1,1,4,45,2,1,2,1,40,3,4,1,0,0,99,99,99,99,99,99,0,0,0,0,1,4,0,61271,9999,2009,288,SR-74,99999999999999999999,0000000,33.74320278,-117.1708417,4,1
6,59,5,29,11,47,2,2,0,0,13,6,0,12,5,2,1,2,3,50,1,1,2,1,3,3,1,1,0,0,99,99,99,99,99,99,0,0,0,0,1,6,0,61272,1713,2009,0,HAVARD AVE,MAIN ST,0000000,33.677675,-117.8311806,2,1
6,115,5,31,15,33,1,2,1,0,6,5,0,9,0,3,1,1,4,35,1,1,2,1,2,3,1,1,0,0,99,99,99,99,99,99,0,0,0,0,1,1,0,61273,0,2009,0,N BEALE RD,FEATHER RIVER BLVD,0000000,39.12576667,-121.5759083,1,1
6,7,6,2,16,0,1,1,0,0,2,3,0,42,0,1,5,1,4,55,1,2,2,1,0,0,1,1,0,0,99,99,99,99,99,99,0,0,0,0,1,3,0,61274,0,2009,300,SR-70,99999999999999999999,0000000,39.68116667,-121.5383583,1,1
6,99,6,21,2,5,1,3,0,0,6,5,0,38,0,3,4,1,2,55,1,1,2,1,20,3,2,1,0,0,99,99,99,99,99,99,0,0,0,0,1,1,1,61275,0,2009,0,FREITAS RD,VILLA MANUCHA RD,0000000,37.34921389,-121.0264194,1,1
6,83,6,23,8,50,1,2,0,1,2,2,0,1,0,1,3,2,2,65,2,1,2,1,0,0,1,1,0,0,99,99,99,99,99,99,0,0,0,0,1,3,0,61276,0,2009,379,US-101,99999999999999999999,0000000,34.46170278,-120.09035,1,1
6,85,6,23,17,53,3,3,0,0,6,5,0,12,5,3,1,1,2,45,1,1,2,1,0,0,1,1,0,0,99,99,99,99,88,88,0,0,0,0,1,3,0,61277,0,2009,0,WATSON VILLE RD,REDWOOD RETREAT RD,0000000,37.02621111,-121.6561889,3,1
6,37,2,1,18,0,1,5,4,0,13,6,0,8,0,3,1,1,6,35,1,1,2,1,21,3,3,1,0,0,99,99,99,99,99,99,0,0,0,0,1,1,1,61278,1980,2009,0,OLYMPIC BL,BONNIE BRAE ST,0000000,34.05072222,-118.2776472,1,1
6,73,2,4,17,49,1,3,1,0,16,6,0,8,0,1,1,5,4,40,1,1,1,1,0,0,3,1,0,0,99,99,99,99,88,88,0,0,0,0,1,4,0,61279,4060,2009,0,N MELROSE DR,99999999999999999999,0000000,33.20733889,-117.2547139,1,1
6,77,4,16,23,59,2,5,0,0,14,6,0,12,5,2,1,1,2,30,1,1,1,1,20,3,3,1,0,0,99,99,99,99,99,99,0,20,0,0,2,5,1,61280,3770,2009,0,FILBERT ST,MARSH ST,0000000,37.95583889,-121.2521167,2,1
6,37,4,23,22,30,1,1,0,0,14,6,0,30,0,1,4,2,2,35,1,1,2,1,0,0,3,1,0,0,99,99,99,99,88,88,0,0,0,0,1,5,1,61281,810,2009,0,WILMINGTON AVE,99999999999999999999,0000000,33.90590833,-118.2386028,1,1
6,71,6,15,23,23,2,28,0,0,15,6,0,12,4,2,1,2,2,40,1,1,2,1,3,3,3,1,0,0,99,99,99,99,99,99,0,0,0,0,1,2,1,61282,3210,2009,0,VICTORIA AVE,MIRADA RD,0000000,34.14345833,-117.2260833,2,1
6,47,7,18,20,35,3,10,0,1,2,3,0,12,2,1,1,2,2,65,1,1,1,1,0,0,5,1,0,0,99,99,99,99,99,99,0,0,0,0,3,7,1,61283,0,2009,80,SR-99,99999999999999999999,0000000,37.23440556,-120.3912556,3,1
6,23,7,25,14,0,3,6,0,1,2,2,0,12,2,1,1,2,2,65,2,2,2,1,0,0,1,1,0,0,99,99,99,99,99,99,0,0,0,0,2,7,0,61284,0,2009,1139,US-101,99999999999999999999,0000000,41.21968611,-124.0991806,3,1
6,73,4,1,20,2,1,2,1,0,15,6,0,8,0,1,1,5,4,35,1,1,2,1,0,0,3,1,0,0,99,99,99,99,99,99,0,0,0,0,1,4,0,61285,710,2009,0,BROADWAY,99999999999999999999,0000000,32.63520833,-117.0911389,1,1
6,115,6,4,9,11,1,2,1,0,3,5,0,8,0,1,1,1,2,55,1,1,2,1,0,0,1,1,0,0,99,99,99,99,99,99,0,0,0,0,1,5,0,61286,0,2009,0,SIMPSON LN,99999999999999999999,0000000,39.14090278,-121.5712833,1,1
6,11,6,6,22,35,1,1,0,0,5,5,0,42,0,1,4,1,2,55,1,1,2,1,0,0,2,1,0,0,99,99,99,99,88,88,0,0,0,0,1,7,1,61287,0,2009,0,OLD HWY 99W,99999999999999999999,0000000,39.35368889,-122.191975,1,1
6,37,6,7,14,45,1,1,0,0,2,3,0,31,0,1,4,1,2,55,2,1,2,1,0,0,1,1,0,0,99,99,99,99,99,99,0,0,0,0,1,1,0,61288,0,2009,562,SR-2,99999999999999999999,0000000,34.27165278,-118.0607556,1,1
6,71,6,17,20,59,1,2,1,0,13,6,0,8,0,1,1,2,2,45,1,1,2,1,0,0,3,1,0,0,99,99,99,99,99,99,0,0,0,0,1,4,0,61289,2238,2009,0,HOLT BL,99999999999999999999,0000000,34.06312222,-117.7054333,1,1
6,105,6,18,19,0,1,3,0,1,2,3,0,42,0,3,4,1,2,55,1,1,1,1,0,0,1,1,0,0,99,99,99,99,99,99,0,0,0,0,1,5,0,61290,0,2009,565,SR-299,UNION HILL RD,0000000,40.67291111,-122.9435972,1,1
6,31,6,23,17,35,2,3,0,0,3,5,0,12,2,1,1,1,2,55,1,1,2,1,0,0,1,1,0,0,99,99,99,99,99,99,0,0,0,0,1,3,0,61291,0,2009,0,AVENAL CUTOFF RD,99999999999999999999,0000000,36.11658056,-120.0385806,2,1
6,37,6,23,22,20,1,4,0,0,2,3,0,35,0,1,4,1,2,55,2,2,2,1,0,0,2,1,0,0,99,99,99,99,99,99,0,0,0,0,1,3,0,61292,0,2009,232,SR-39,99999999999999999999,0000000,34.21548056,-117.8634889,1,1
6,73,2,21,14,0,1,1,0,0,14,6,0,19,0,1,4,1,2,25,1,1,2,1,0,0,1,1,0,0,99,99,99,99,99,99,0,0,0,0,1,7,0,61293,2340,2009,0,16TH ST,99999999999999999999,0000000,32.66846667,-117.1058417,1,1
6,37,3,11,18,0,1,1,0,0,6,4,0,1,0,1,4,1,2,55,1,2,4,1,0,0,1,1,0,0,99,99,99,99,88,88,0,0,0,0,1,4,1,61294,0,2009,0,CARSON MESA RD,99999999999999999999,0000000,34.48723056,-118.1337389,1,1
6,37,3,14,14,55,1,1,0,0,6,4,0,35,0,1,4,1,2,55,1,1,2,1,0,0,1,1,0,0,99,99,99,99,88,88,0,0,0,0,1,7,0,61295,0,2009,0,AVENUE J,99999999999999999999,0000000,34.68978889,-117.7529,1,1
6,39,3,14,20,31,1,1,0,0,3,4,0,1,0,1,4,1,2,55,2,2,2,1,0,0,2,1,0,0,99,99,99,99,88,88,0,0,0,0,1,7,0,61296,0,2009,0,ROAD 415,99999999999999999999,0000000,37.23893056,-119.7763944,1,1
6,59,4,7,13,40,1,2,0,0,6,4,0,42,0,1,4,1,2,35,2,1,2,1,0,0,1,1,0,0,99,99,99,99,88,88,0,0,0,0,2,3,0,61297,0,2009,0,LIVE OAK CYN RD,99999999999999999999,0000000,33.685675,-117.6171833,1,1
6,101,6,1,10,10,1,1,0,0,4,4,0,42,0,1,4,1,2,55,2,1,2,1,0,0,1,1,0,0,99,99,99,99,88,88,0,0,0,0,1,2,0,61298,0,2009,0,GARDEN HWY,99999999999999999999,0000000,38.74498056,-121.604575,1,1
6,111,6,6,10,15,1,1,0,0,12,3,0,24,0,5,4,6,2,65,2,2,2,2,0,0,1,1,0,1,99,99,99,99,88,88,0,0,0,0,1,7,0,61299,2620,2009,152,SR-1 RAMP,99999999999999999999,0000000,34.16531944,-119.14275,1,1
6,37,6,16,18,7,2,6,0,0,15,6,0,12,5,1,1,1,2,25,1,1,2,1,0,0,1,1,0,0,99,99,99,99,99,99,0,0,0,0,1,3,0,61300,245,2009,0,RAMONA PKWY,99999999999999999999,0000000,34.08276111,-117.9781611,2,1
6,37,7,6,15,9,1,2,1,0,13,6,0,9,0,3,1,5,4,35,1,1,2,1,3,3,1,1,0,0,99,99,99,99,88,88,0,0,0,0,1,2,0,61301,804,2009,0,OLYMPIC BL,GOODRICH BL,0000000,34.01575556,-118.1558944,1,1
6,99,7,18,23,40,1,2,0,0,4,5,0,18,0,1,7,5,2,45,1,1,2,1,0,0,2,1,0,0,99,99,99,99,99,99,0,0,0,0,1,7,1,61302,0,2009,0,RIVERSIDE DR,99999999999999999999,0000000,37.63736944,-120.9480111,1,1
6,85,7,23,1,0,1,1,0,0,5,4,0,42,0,1,4,1,2,55,1,1,2,1,0,0,2,1,0,0,99,99,99,99,88,88,0,0,0,0,1,5,0,61303,0,2009,0,NEW AVE,99999999999999999999,0000000,37.05528889,-121.5494306,1,1
6,71,6,14,23,0,3,4,0,1,11,1,0,12,7,1,1,3,3,65,1,1,1,1,0,0,2,1,0,0,99,99,99,99,99,99,0,0,0,0,1,1,1,61304,3210,2009,68,I-215,99999999999999999999,0000000,34.1027,-117.3019,3,1
6,111,6,17,14,55,1,5,0,0,12,3,0,32,0,1,4,2,2,65,2,1,2,1,0,0,1,1,0,0,99,99,99,99,99,99,0,0,0,0,2,4,0,61305,0,2009,130,SR-1,99999999999999999999,0000000,34.14903056,-119.1138806,1,1
6,67,6,18,21,50,1,2,1,0,13,6,0,8,0,1,1,2,3,25,1,1,2,1,0,0,3,1,0,0,99,99,99,99,88,88,0,0,0,0,1,5,0,61306,712,2009,0,GREENBACK LN,99999999999999999999,0000000,38.67831389,-121.2813361,1,1
6,53,6,19,18,10,1,5,0,0,5,5,0,30,0,1,4,1,3,55,1,1,1,1,0,0,1,1,0,0,99,99,99,99,99,99,0,0,0,0,1,6,0,61307,0,2009,0,CASTROVILLE BLVD,99999999999999999999,0000000,36.80818889,-121.6721,1,1
6,37,7,3,0,9,2,2,0,1,11,1,0,12,1,1,1,3,6,55,1,1,1,1,0,0,2,1,0,0,99,99,99,99,99,99,0,19,0,0,1,6,1,61308,2684,2009,144,I-710,99999999999999999999,0000000,33.89569444,-118.1875278,2,1
6,19,3,25,99,99,1,1,0,0,6,4,0,28,0,3,4,1,2,55,2,1,2,1,0,0,2,1,0,0,99,99,99,99,88,88,0,0,0,0,1,4,1,61309,0,2009,0,DICKENSON AVE,HERNDON AVE,0000000,36.83205833,-119.9702639,1,1
6,1,3,26,5,50,1,1,0,0,16,6,0,33,0,3,4,3,6,40,1,2,2,1,3,3,3,1,0,0,99,99,99,99,88,88,0,0,0,0,1,5,0,61310,1054,2009,0,GLEASON DR,FALLON RD,0000000,37.71628333,-121.8567056,1,1
6,37,3,26,21,7,4,7,0,0,13,3,0,12,7,1,1,5,6,45,1,1,2,1,0,0,3,1,0,0,99,99,99,99,99,99,0,0,0,0,1,5,0,61311,3470,2009,364,SR-1,99999999999999999999,0000000,34.02171944,-118.5085278,4,1
6,73,3,27,13,12,2,2,0,0,4,4,0,12,5,2,1,5,2,55,1,1,2,1,0,0,1,1,0,0,99,99,99,99,99,99,0,0,0,0,1,6,0,61312,0,2009,0,OLD HWY 395,RECHE RD,0000000,33.36923056,-117.2277028,2,1
6,79,4,2,12,5,2,2,0,0,4,4,0,1,0,1,1,1,2,55,2,1,2,1,40,3,1,1,0,0,99,99,99,99,88,88,0,0,0,0,1,5,0,61313,0,2009,0,POMEROY RD,99999999999999999999,0000000,35.07648056,-120.5431028,2,1
6,1,4,12,19,19,2,2,0,0,16,6,0,12,5,2,1,2,2,25,1,1,2,1,20,3,1,1,0,0,99,99,99,99,99,99,0,0,0,0,1,1,0,61314,2480,2009,0,B ST,92ND AVE,0000000,37.74692222,-122.177,2,1
6,1,4,29,21,21,1,2,1,0,14,6,0,8,0,3,1,2,3,25,1,1,2,1,0,0,3,1,0,0,99,99,99,99,99,99,0,0,0,0,1,4,0,61315,340,2009,0,ADELINE ST,HARMON ST,0000000,37.84966944,-122.2709917,1,1
6,37,4,30,0,10,2,2,0,0,13,6,0,12,2,1,1,5,4,45,1,1,2,1,0,0,3,1,0,0,99,99,99,99,88,88,0,0,0,0,1,5,1,61316,810,2009,0,CENTRAL AVE,99999999999999999999,0000000,33.90474444,-118.2542944,2,1
6,99,5,14,7,55,2,2,0,1,2,3,0,12,2,1,2,1,2,55,1,1,2,1,0,0,1,1,0,0,99,99,99,99,99,99,0,0,0,0,1,5,1,61317,0,2009,119,SR-120,99999999999999999999,0000000,37.78881111,-120.728,2,1
6,111,5,27,11,10,2,3,0,0,2,3,0,1,0,1,1,1,3,55,2,1,2,1,0,0,1,1,0,0,99,99,99,99,99,99,0,0,0,0,1,4,0,61318,0,2009,91,SR-1,99999999999999999999,0000000,34.10271111,-119.0810306,2,1
6,111,5,28,16,42,3,2,1,0,16,6,0,8,0,4,1,1,2,25,1,2,2,1,0,0,1,1,0,0,99,99,99,99,99,99,0,0,0,0,1,5,0,61319,3480,2009,0,VIRGINIA TER,99999999999999999999,0000000,34.35777778,-119.06945,2,1
6,13,5,30,19,19,1,1,0,0,15,6,0,33,0,1,4,1,4,30,2,1,2,1,0,0,1,1,0,0,99,99,99,99,99,99,0,0,0,0,1,7,1,61320,2790,2009,0,MARINA BL,99999999999999999999,0000000,38.03575556,-121.8838694,1,1
6,1,5,12,18,0,1,1,0,1,1,1,0,42,0,1,4,3,4,65,2,1,2,1,0,0,1,1,0,0,99,99,99,99,99,99,0,0,0,0,1,3,0,61321,0,2009,104,I-680,99999999999999999999,0000000,37.57771111,-121.8794083,1,1
6,13,5,12,18,33,2,5,0,0,13,3,0,12,5,2,1,1,2,40,1,1,2,1,20,3,1,1,0,0,99,99,99,99,99,99,0,0,0,0,1,3,0,61322,2485,2009,366,SR-4,DELTA RD,0000000,37.96866111,-121.69605,2,1
6,65,5,16,0,58,1,1,0,1,11,1,0,1,0,1,4,3,6,65,2,1,2,1,0,0,3,1,0,0,99,99,99,99,88,88,0,0,0,0,1,7,1,61323,3070,2009,399,I-215,99999999999999999999,0000000,33.96308056,-117.3242417,1,1
6,97,5,17,17,13,1,1,0,1,12,3,0,33,0,1,4,1,3,25,2,1,1,1,0,0,1,1,0,0,99,99,99,99,88,88,0,0,0,0,1,1,1,61324,3580,2009,93,SR-12,99999999999999999999,0000000,38.40213333,-122.8226,1,1
6,37,6,6,2,26,2,3,0,0,13,6,0,12,1,3,1,2,2,35,1,1,2,1,2,3,3,1,0,0,99,99,99,99,99,99,0,0,0,0,1,7,1,61325,4030,2009,0,SOTO ST,BANDINI BL,0000000,34.00935833,-118.2197778,2,1
6,1,6,9,21,29,2,3,0,0,13,6,0,12,5,2,1,1,2,25,1,1,2,1,2,3,3,1,0,0,21,29,21,32,23,15,0,0,0,0,1,3,0,61327,340,2009,0,MARTIN LUTHER KING,ROSE ST,0000000,37.88130556,-122.2740556,2,1
6,37,6,9,22,30,1,2,1,0,12,3,0,8,0,1,1,1,4,35,1,1,2,1,0,0,3,1,0,0,99,99,99,99,99,99,0,0,0,0,1,3,1,61328,1980,2009,330,SR-1,99999999999999999999,0000000,33.99987778,-118.4648472,1,1
6,67,6,12,1,10,1,2,0,1,2,3,0,42,0,13,4,6,1,65,2,2,2,1,0,0,2,1,0,0,99,99,99,99,99,99,0,0,0,0,1,6,1,61329,0,2009,79,SR-99 RAMP,99999999999999999999,0000000,38.47351389,-121.4236028,1,1
6,71,6,12,19,8,1,1,0,0,13,6,0,42,0,1,4,2,2,55,1,1,2,1,0,0,5,1,0,0,99,99,99,99,88,88,0,0,0,0,1,6,1,61330,2550,2009,0,MISSION BLVD,99999999999999999999,0000000,34.05207222,-117.6173556,1,1
6,97,6,30,0,25,1,1,0,0,6,5,0,38,0,1,5,1,2,55,1,1,2,1,0,0,2,1,0,0,99,99,99,99,99,99,0,0,0,0,1,3,1,61331,0,2009,0,LAKEVILLE RD,99999999999999999999,0000000,38.16084722,-122.5031389,1,1
6,77,6,30,16,27,1,1,0,0,4,5,0,1,0,1,4,1,2,55,2,1,2,1,0,0,1,1,0,0,99,99,99,99,88,88,0,0,0,0,1,3,1,61332,0,2009,0,WALNUT GROVE RD,99999999999999999999,0000000,38.22543889,-121.4922667,1,1
6,29,6,30,22,13,1,2,1,0,13,6,0,8,0,1,1,2,3,55,1,1,2,1,0,0,3,1,0,0,99,99,99,99,99,99,0,0,0,0,1,3,0,61333,240,2009,0,GOSFORD RD,99999999999999999999,0000000,35.31495,-119.0922694,1,1
6,65,7,1,15,20,2,6,0,0,4,5,0,12,5,2,1,1,4,60,1,1,2,1,0,0,1,1,0,0,99,99,15,24,99,99,0,0,0,0,1,4,0,61334,0,2009,0,PALM DR,VARNER RD,0000000,33.89133056,-116.5016833,2,1
6,65,7,3,23,0,2,3,0,0,16,6,0,12,2,1,1,1,2,55,2,1,2,1,0,0,2,1,0,0,99,99,99,99,99,99,0,0,0,0,2,6,1,61335,2276,2009,0,GILMAN SPRINGS RD,99999999999999999999,0000000,33.90511389,-117.0893667,2,1
6,111,7,4,13,8,2,5,0,0,4,5,0,12,5,2,1,1,2,55,1,1,2,1,20,3,1,1,0,0,99,99,99,99,99,99,0,0,0,0,1,7,0,61336,0,2009,0,LAGUNA RD,LAS POSAS RD,0000000,34.17609167,-119.071325,2,1
6,77,7,4,19,16,2,5,0,0,13,7,0,12,5,2,1,1,2,45,1,1,2,1,20,3,1,1,0,0,99,99,99,99,99,99,0,0,0,0,1,7,1,61337,3770,2009,0,SR-99 W FRONTAGE RD,MORADA LN,0000000,38.03707222,-121.2596,2,1
6,77,7,6,10,55,1,1,0,0,13,6,0,42,0,1,4,2,3,55,1,1,2,1,0,0,1,1,0,0,99,99,99,99,88,88,0,0,0,0,1,2,0,61338,3770,2009,0,EIGHT MILE RD,99999999999999999999,0000000,38.22410556,-121.4223472,1,1
6,19,7,6,17,35,1,4,1,0,13,6,0,9,0,2,1,1,2,55,1,1,2,1,20,3,1,1,0,0,99,99,99,99,99,99,0,0,0,0,1,2,0,61339,1370,2009,0,JENSEN AVE,WALNUT AVE,0000000,36.70691111,-119.8089333,1,1
6,13,7,8,14,29,1,1,0,0,16,6,0,30,0,1,5,1,2,40,2,1,2,1,0,0,1,1,0,0,99,99,99,99,88,88,0,0,0,0,1,4,0,61340,1590,2009,0,SYCAMORE AVE,99999999999999999999,0000000,38.00931667,-122.2681333,1,1
6,85,7,10,12,32,1,2,0,1,11,1,0,5,0,13,1,6,1,65,2,2,2,1,0,0,1,1,0,0,99,99,99,99,88,88,0,0,0,0,1,6,0,61341,940,2009,82,I-280,99999999999999999999,0000000,37.33003056,-122.0134194,1,1
6,37,6,1,21,50,1,3,1,0,2,4,0,8,0,1,1,1,4,35,1,1,2,1,0,0,3,1,0,0,99,99,99,99,99,99,0,0,0,0,1,2,0,61343,0,2009,0,COMPTN BL,99999999999999999999,0000000,33.89579167,-118.2583639,1,1
6,111,6,5,16,45,1,1,0,0,2,3,0,1,0,1,1,1,2,55,2,3,2,1,28,3,1,1,0,0,88,88,88,88,88,88,0,18,0,0,1,6,0,61344,0,2009,46,SR-150,99999999999999999999,0000000,34.38536111,-119.3884111,1,1
6,67,6,6,15,50,2,3,0,0,2,4,0,12,2,1,1,1,2,55,2,2,2,1,0,0,1,1,0,0,99,99,99,99,99,99,0,0,0,0,2,7,0,61345,0,2009,0,WATT AVE,99999999999999999999,0000000,38.50678889,-121.3720889,2,1
6,67,6,11,1,16,2,3,2,0,2,4,0,18,0,1,6,1,3,40,2,1,2,1,40,3,3,1,0,1,99,99,99,99,99,99,0,3,0,0,2,5,1,61346,0,2009,0,MARCONI AVE,99999999999999999999,0000000,38.618175,-121.4142139,1,1
6,115,6,11,5,0,1,2,0,0,3,4,0,38,0,1,6,5,2,55,2,1,2,1,0,0,2,1,0,0,99,99,99,99,88,88,0,0,0,0,2,5,1,61347,0,2009,0,PLUMAS ARBOGA RD,99999999999999999999,0000000,39.02681944,-121.5229306,1,1
6,29,6,13,13,37,2,3,0,0,13,6,0,12,5,2,1,2,3,45,1,1,2,1,0,0,1,1,0,0,99,99,99,99,99,99,0,0,0,0,1,7,0,61348,240,2009,0,STOCKDALE HWY,CHERRY HILLS DR,0000000,35.35420278,-119.0671139,2,1
6,67,6,16,17,20,2,4,0,0,6,4,0,1,0,1,1,1,2,25,1,1,2,1,0,0,1,1,0,0,99,99,99,99,99,99,0,4,0,0,1,3,0,61349,0,2009,0,PRITCHARD RD,99999999999999999999,0000000,38.49422222,-121.3996222,2,1
6,69,6,20,17,45,1,1,0,0,2,3,0,33,0,1,4,1,2,55,2,1,2,1,0,0,1,1,0,0,99,99,99,99,88,88,0,0,0,0,1,7,1,61350,0,2009,376,SR-25,99999999999999999999,0000000,36.700425,-121.2741722,1,1
6,37,6,21,10,35,4,9,0,1,12,2,0,12,7,1,1,3,5,55,1,2,1,1,0,0,1,1,0,0,99,99,99,99,99,99,0,0,0,0,1,1,0,61351,1980,2009,19,US-101,99999999999999999999,0000000,34.06454722,-118.2510167,4,1
6,71,6,21,23,18,1,2,1,0,13,6,0,8,0,3,1,1,4,45,1,1,2,1,2,3,3,1,0,0,99,99,99,99,88,88,0,0,0,0,1,1,0,61352,2550,2009,0,HOLT BLVD,SAN ANTONIO AVE,0000000,34.06333333,-117.6606056,1,1
6,65,6,20,0,20,2,4,0,0,14,6,0,12,5,1,1,1,2,55,1,1,2,1,0,0,2,1,0,0,99,99,99,99,99,99,0,0,0,0,1,7,1,61353,2730,2009,0,NUEVO RD,99999999999999999999,0000000,33.80117222,-117.1955417,2,1
6,105,6,20,23,0,1,3,0,0,6,4,0,1,0,1,4,1,2,55,2,1,2,1,0,0,2,1,0,0,99,99,99,99,99,99,0,0,0,0,1,7,1,61354,0,2009,0,LOWER MAD RIVER RD,99999999999999999999,0000000,40.33576667,-123.3940611,1,1
6,47,7,16,18,55,1,1,0,0,4,5,0,38,0,1,4,1,2,55,1,1,2,1,0,0,1,1,0,0,99,99,99,99,88,88,0,0,0,0,1,5,1,61355,0,2009,0,MERCED FALLS RD,99999999999999999999,0000000,37.52340833,-120.4283083,1,1