STATE,COUNTY,MONTH,DAY,HOUR,MINUTE,VE_TOTAL,PERSONS,PEDS,NHS,ROAD_FNC,ROUTE,SP_JUR,HARM_EV,MAN_COLL,REL_JUNC,REL_ROAD,TRAF_FLO,NO_LANES,SP_LIMIT,ALIGNMNT,PROFILE,PAVE_TYP,SUR_COND,TRA_CONT,T_CONT_F,LGT_COND,WEATHER1,WEATHER2,WRK_ZONE,NOT_HOUR,NOT_MIN,ARR_HOUR,ARR_MIN,HOSP_HR,HOSP_MN,SCH_BUS,CF1,CF2,CF3,FATALS,DAY_WEEK,DRUNK_DR,ST_CASE,CITY,YEAR,MILEPT,TWAY_ID,TWAY_ID2,RAIL,LATITUDE,LONGITUD,VE_FORMS,WEATHER
6,25,7,16,21,40,1,1,0,0,6,5,0,1,0,1,6,1,2,55,2,1,2,1,0,0,2,1,0,0,99,99,99,99,99,99,0,0,0,0,1,5,0,61356,0,2009,0,MCCONNELL RD,99999999999999999999,0000000,32.93856944,-115.4836611,1,1
6,85,7,15,22,15,1,2,1,0,13,6,0,8,0,1,1,2,2,30,1,1,2,1,0,0,3,1,0,0,99,99,99,99,99,99,0,0,0,0,1,4,0,61357,3340,2009,0,N 1ST ST,99999999999999999999,0000000,37.35287222,-121.9029333,1,1
6,83,4,27,22,45,1,1,0,0,3,4,0,38,0,1,5,1,2,35,1,1,2,1,0,0,3,1,0,0,99,99,99,99,88,88,0,0,0,0,1,2,1,61358,0,2009,0,MODOC RD,99999999999999999999,0000000,34.43810278,-119.7661667,1,1
6,71,6,2,20,55,2,3,0,0,14,6,0,12,5,1,1,5,4,50,1,1,2,1,0,0,2,1,0,0,99,99,99,99,99,99,0,0,0,0,1,3,1,61359,3210,2009,0,KENDALL DR,99999999999999999999,0000000,34.16903889,-117.3156333,2,1
6,37,6,3,15,20,1,2,1,0,13,6,0,9,0,1,1,1,4,40,1,1,2,2,0,0,1,2,0,0,99,99,99,99,99,99,0,0,0,0,1,4,0,61360,1808,2009,0,DEL AMO BLVD,99999999999999999999,0000000,33.84610833,-118.0632972,1,2
6,19,6,12,15,50,2,4,0,0,4,4,0,12,5,2,1,1,2,55,1,1,2,1,20,3,1,1,0,0,99,99,99,99,99,99,0,0,0,0,1,6,0,61361,0,2009,0,NORTH FORK RD,FRIANT RD,0000000,36.9903,-119.7114611,2,1
6,99,6,13,8,28,2,6,0,1,12,3,0,12,7,1,1,3,3,65,1,1,1,2,0,0,1,1,0,0,99,99,99,99,88,88,0,0,0,0,1,7,0,61362,2200,2009,146,SR-99,99999999999999999999,0000000,37.62043611,-120.9949417,2,1
6,37,6,27,15,0,2,3,0,1,11,3,0,12,5,5,1,1,4,40,1,1,2,1,3,3,1,1,0,0,99,99,99,99,99,99,0,0,0,0,1,7,0,61363,1808,2009,27,SR-605 RAMP,DEL AMO BLVD,0000000,33.84597222,-118.0942361,2,1
6,15,7,19,14,50,1,1,0,1,2,2,0,1,0,1,2,1,2,55,2,2,2,1,0,0,1,1,0,0,99,99,99,99,99,99,0,0,0,0,1,1,0,61364,0,2009,240,US-199,99999999999999999999,0000000,41.87473889,-123.8314528,1,1
6,67,7,19,22,7,1,2,0,0,13,6,0,33,0,1,3,2,2,50,1,1,2,1,0,0,3,1,0,0,99,99,99,99,99,99,0,0,0,0,1,1,0,61365,3150,2009,0,HOWE AVE,99999999999999999999,0000000,38.56326667,-121.4090528,1,1
6,87,7,20,15,57,1,1,0,0,4,6,0,29,0,1,4,5,4,25,1,1,2,1,0,0,1,1,0,0,99,99,99,99,99,99,0,0,0,0,1,2,0,61366,550,2009,0,CLARES ST,99999999999999999999,0000000,36.97476944,-121.9695167,1,1
6,41,7,23,12,37,1,1,0,0,6,4,0,38,0,1,4,1,2,35,1,1,2,1,0,0,1,1,0,0,99,99,99,99,99,99,0,0,0,0,1,5,0,61367,0,2009,0,PT REYES-PETALUMA RD,99999999999999999999,0000000,38.16310833,-122.6805056,1,1
6,85,6,18,10,47,2,4,0,1,2,3,0,7,0,1,1,2,2,65,2,1,2,1,0,0,1,1,0,0,99,99,99,99,99,99,0,0,0,0,2,5,0,61368,0,2009,224,SR-152,99999999999999999999,0000000,36.98309167,-121.3834278,2,1
6,37,6,19,4,15,1,1,0,1,11,1,0,24,0,1,4,3,4,50,2,1,1,1,0,0,3,1,0,0,99,99,99,99,88,88,0,0,0,0,1,6,0,61369,1970,2009,61,I-710,99999999999999999999,0000000,33.77849722,-118.207525,1,1
6,77,6,29,19,24,4,2,0,0,16,6,0,12,8,2,1,1,2,25,1,1,2,1,0,0,5,1,0,0,99,99,99,99,99,99,0,4,0,0,1,2,0,61370,3770,2009,0,UNIVERSAL DR,BERNAL DR,0000000,37.89771667,-121.3127833,2,1
6,55,7,12,11,55,2,2,0,0,6,5,0,1,0,1,1,1,2,55,2,1,2,1,28,3,1,1,0,0,99,99,99,99,88,88,0,0,0,0,1,1,0,61371,0,2009,0,STEELE CANYON RD,99999999999999999999,0000000,38.44663056,-122.1872889,2,1
6,13,7,14,17,10,2,3,0,0,6,5,0,12,5,2,1,1,2,45,1,1,2,1,20,3,1,1,0,0,99,99,99,99,99,99,0,0,0,0,1,3,0,61372,0,2009,0,PAYNE AVE,WALNUT BL,0000000,37.91109167,-121.6963722,2,1
6,67,7,18,3,15,1,1,0,0,6,5,0,39,0,1,5,1,2,35,1,1,2,1,0,0,2,1,0,0,99,99,99,99,88,88,0,0,0,0,1,7,0,61373,0,2009,0,LA MANCHA WAY,99999999999999999999,0000000,38.48501667,-121.4346556,1,1
6,67,6,14,17,20,1,2,0,1,1,1,0,35,0,1,5,2,2,70,1,1,1,1,0,0,1,1,0,0,99,99,99,99,99,99,0,0,0,0,1,1,0,61374,0,2009,22,I-5,99999999999999999999,0000000,38.28371389,-121.4581917,1,1
6,71,6,24,1,26,2,2,0,1,11,1,0,12,1,1,1,3,4,55,1,1,1,1,41,3,2,1,0,1,99,99,99,99,88,88,0,0,0,0,1,4,0,61375,1305,2009,170,I-10,99999999999999999999,0000000,34.06756389,-117.4221917,2,1
6,71,7,6,14,35,2,4,0,0,14,6,0,12,5,2,1,1,4,40,1,1,2,1,3,3,1,1,0,0,99,99,99,99,99,99,0,0,0,0,1,2,1,61376,4290,2009,0,OAK GLEN RD,AVENUE E,0000000,34.02544444,-117.0817889,2,1
6,79,7,28,13,54,4,6,0,1,2,3,0,12,2,1,1,1,2,55,2,2,2,1,0,0,1,1,0,0,99,99,99,99,99,99,0,14,0,0,1,3,0,61377,0,2009,478,SR-41,99999999999999999999,0000000,35.77148056,-120.2359194,4,1
6,37,7,28,14,44,1,1,0,0,13,6,0,33,0,1,3,2,3,45,1,1,2,1,0,0,1,1,0,0,99,99,99,99,88,88,0,0,0,0,1,3,0,61378,3870,2009,0,CRENSHAW BL,99999999999999999999,0000000,33.84815833,-118.328875,1,1
6,65,7,29,4,42,1,1,0,1,11,1,0,1,0,1,3,2,3,70,2,1,2,1,0,0,2,1,0,0,99,99,99,99,88,88,0,0,0,0,1,4,0,61379,1690,2009,573,I-10,99999999999999999999,0000000,33.72416944,-116.1996389,1,1
6,7,7,29,6,0,1,2,0,0,16,5,0,35,0,1,5,1,2,35,1,1,2,1,0,0,4,1,0,0,99,99,99,99,88,88,0,4,0,0,1,4,1,61380,0,2009,0,RICHARDS AVE,99999999999999999999,0000000,39.34783889,-121.6436278,1,1
6,73,7,20,21,30,3,3,0,1,2,3,0,12,2,1,1,2,3,65,1,1,1,1,0,0,3,1,0,0,99,99,99,99,99,99,0,0,0,0,1,2,1,61381,0,2009,102,SR-125,99999999999999999999,0000000,32.70597222,-117.0113472,3,1
6,73,7,21,8,15,1,2,1,0,4,5,0,9,0,1,1,1,2,55,1,1,1,1,0,0,1,1,0,0,99,99,99,99,99,99,0,0,0,0,1,3,0,61382,0,2009,0,COLE GRADE RD,99999999999999999999,0000000,33.24461111,-117.02365,1,1
6,1,7,21,17,4,2,3,0,0,14,6,0,14,2,1,7,1,2,30,1,1,2,1,0,0,1,1,0,0,99,99,99,99,99,99,0,0,0,0,1,3,1,61383,2480,2009,0,BANCROFT AVE,99999999999999999999,0000000,37.77138889,-122.1953444,1,1
6,95,7,22,20,22,2,2,0,0,3,5,0,12,5,2,1,1,2,35,1,2,2,1,20,3,1,1,0,0,99,99,99,99,99,99,0,0,0,0,1,4,1,61384,0,2009,0,BENICIA RD,BANNING WY,0000000,38.09166944,-122.2161806,2,1
6,13,8,1,13,41,1,3,1,0,12,3,0,9,0,1,1,1,2,40,1,1,2,1,0,0,1,1,0,0,99,99,99,99,99,99,0,16,0,0,1,7,0,61385,2485,2009,352,SR-4,99999999999999999999,0000000,37.98639722,-121.6958583,1,1
6,79,8,1,21,5,1,5,1,1,12,2,0,8,0,1,1,3,2,65,1,1,2,1,0,0,2,1,0,0,99,99,99,99,88,88,0,0,0,0,1,7,0,61386,3370,2009,261,US-101,99999999999999999999,0000000,35.24746944,-120.68065,1,1
6,37,8,2,1,3,1,2,1,0,13,6,0,8,0,1,1,2,3,40,1,2,1,1,0,0,3,1,0,0,99,99,99,99,99,99,0,0,0,0,1,1,0,61387,1700,2009,0,IMPERIAL HWY,99999999999999999999,0000000,33.93103611,-118.3251361,1,1
6,37,8,2,1,49,1,6,0,1,11,1,0,33,0,13,4,6,1,65,1,2,2,1,0,0,2,1,0,0,99,99,99,99,99,99,0,0,0,0,2,1,0,61388,1980,2009,133,I-110 RAMP,99999999999999999999,0000000,33.92368889,-118.2808194,1,1
6,67,8,2,6,53,1,1,0,0,2,5,0,42,0,1,4,2,2,40,1,1,2,1,0,0,1,1,0,0,99,99,99,99,88,88,0,0,0,0,1,1,0,61389,0,2009,0,FAIR OAKS BLVD,99999999999999999999,0000000,38.57523056,-121.3793556,1,1
6,37,3,27,5,44,7,8,2,1,11,1,0,12,1,1,1,3,5,65,2,1,1,1,0,0,2,1,0,0,99,99,99,99,99,99,0,19,14,0,2,6,0,61390,230,2009,383,I-210,99999999999999999999,0000000,34.13026111,-117.92655,7,1
6,37,4,25,4,25,1,4,0,0,13,6,0,33,0,1,3,2,2,50,1,1,2,1,0,0,3,1,0,0,99,99,99,99,99,99,0,0,0,0,1,7,1,61391,4069,2009,0,AMAR RD,99999999999999999999,0000000,34.03462222,-117.8797611,1,1
6,35,7,25,6,11,2,2,0,1,2,2,0,12,8,1,1,1,2,65,1,2,2,1,0,0,1,1,0,0,99,99,99,99,88,88,0,0,0,0,1,7,0,61392,0,2009,163,US-395,99999999999999999999,0000000,39.69338611,-120.0204417,2,1
6,77,7,27,4,34,1,1,0,0,13,6,0,10,0,6,1,1,2,40,1,1,2,1,61,3,2,1,0,0,99,99,99,99,88,88,0,0,0,0,1,2,1,61393,2070,2009,0,ROTH RD,99999999999999999999,752779j,37.85559167,-121.2743917,1,1
6,111,7,27,19,5,1,2,1,0,13,3,0,9,0,2,1,1,2,45,1,1,2,1,3,3,1,1,0,0,99,99,99,99,99,99,0,0,0,0,1,2,0,61394,0,2009,109,SR-33,VILLANOVA RD,0000000,34.42578889,-119.2889611,1,1
6,13,3,15,14,40,1,1,0,0,14,6,0,33,0,1,4,1,2,45,1,1,1,1,0,0,1,1,0,0,99,99,99,99,99,99,0,0,0,0,1,1,1,61395,110,2009,0,WILBUR AVE,99999999999999999999,0000000,38.01234444,-121.7885333,1,1
6,47,3,16,14,36,3,8,0,0,15,6,0,12,2,3,1,1,4,40,1,1,2,1,3,3,1,1,0,0,99,99,99,99,99,99,0,14,0,0,2,2,0,61396,190,2009,0,SHAFFER RD,BELLEVUE RD,0000000,37.36047778,-120.5958222,2,1
6,85,3,19,18,46,1,1,0,0,16,6,0,42,0,1,4,5,2,35,2,1,2,1,0,0,1,1,0,0,99,99,99,99,88,88,0,0,0,0,1,5,1,61397,1420,2009,0,CAMINO ARROYO,99999999999999999999,0000000,36.99921111,-121.5485083,1,1
6,85,5,15,9,30,2,2,0,1,12,2,0,12,7,1,1,3,5,65,1,1,2,1,0,0,1,1,0,0,99,99,99,99,99,99,0,0,0,0,1,6,0,61398,3340,2009,406,US-101,99999999999999999999,0000000,37.37617778,-121.9383722,2,1
6,13,5,22,19,14,2,2,0,0,2,4,0,12,5,1,1,1,4,55,2,1,2,1,0,0,1,1,0,0,99,99,99,99,99,99,0,0,0,0,1,6,0,61399,0,2009,0,VASCO RD,99999999999999999999,0000000,37.81944722,-121.6558611,2,1
6,71,6,12,19,26,1,1,0,1,11,1,0,1,0,1,4,3,4,70,1,1,1,1,0,0,1,1,0,0,99,99,99,99,88,88,0,0,0,0,1,6,0,61400,1305,2009,119,I-15,99999999999999999999,0000000,34.17296667,-117.4501139,1,1
6,71,6,13,1,21,1,2,1,1,13,2,0,8,0,3,1,1,4,50,1,1,2,1,2,3,3,1,0,0,99,99,99,99,99,99,0,0,0,0,1,7,0,61401,3,2009,168,US-395,CHAMBERLAINE WY,0000000,34.58641944,-117.4145472,1,1
6,85,6,29,20,35,2,2,0,0,6,4,0,12,2,1,1,1,2,45,2,2,2,1,0,0,5,1,0,0,99,99,99,99,88,88,0,0,0,0,2,2,0,61402,0,2009,0,UYAS RD,99999999999999999999,0000000,37.13774167,-121.7362417,2,1
6,73,6,30,7,30,2,1,0,1,1,1,0,14,1,1,2,3,4,65,1,1,1,1,0,0,1,1,0,0,99,99,99,99,99,99,0,0,0,0,1,3,0,61403,0,2009,112,I-5,99999999999999999999,0000000,32.67622778,-117.1095361,1,1
6,37,7,4,20,55,3,8,0,1,11,1,0,12,1,1,1,3,6,65,1,1,1,1,0,0,3,1,0,0,99,99,99,99,99,99,0,0,0,0,1,7,0,61404,2870,2009,442,I-10,99999999999999999999,0000000,34.07285278,-117.7841222,3,1
6,37,7,10,21,19,1,2,1,0,14,6,0,8,0,3,1,1,4,35,1,1,2,1,0,0,2,1,0,0,99,99,99,99,99,99,0,0,0,0,1,6,0,61405,1670,2009,0,STATE ST,OLIVE ST,0000000,33.96677778,-118.2104139,1,1
6,37,7,16,5,12,3,7,0,1,11,1,0,12,5,1,1,3,5,65,2,1,1,1,0,0,2,1,0,0,99,99,99,99,99,99,0,19,0,0,1,5,0,61406,2870,2009,470,I-10,99999999999999999999,0000000,34.08138333,-117.7321972,3,1
6,77,1,18,11,41,1,2,0,0,13,3,0,38,0,1,4,1,2,45,2,1,2,1,0,0,1,1,0,0,99,99,99,99,99,99,0,20,0,0,1,1,1,61407,3770,2009,0,SR-99,99999999999999999999,0000000,38.03790556,-121.25975,1,1
6,37,4,24,5,43,5,6,0,0,12,3,0,12,5,1,3,3,5,65,1,1,1,1,0,0,2,1,0,0,99,99,99,99,99,99,0,19,23,0,1,6,0,61408,720,2009,511,SR-210,99999999999999999999,0000000,34.11986944,-117.7104806,5,1
6,37,6,1,12,5,1,2,1,0,15,6,0,9,0,3,1,1,2,25,1,1,2,1,20,3,1,1,0,0,99,99,99,99,88,88,0,0,0,0,1,2,0,61409,1980,2009,0,VALERIO ST,LOUISE AVE,0000000,34.20544167,-118.5098,1,1
6,65,7,19,22,41,1,1,0,0,16,6,0,33,0,3,4,1,2,25,1,1,2,1,20,3,3,1,0,0,99,99,99,99,99,99,0,0,0,0,1,1,1,61410,1160,2009,0,MAIN ST,LIBRARY ST,0000000,33.66504167,-117.3283111,1,1
6,7,7,29,9,23,1,1,0,0,4,5,0,42,0,1,5,1,2,55,2,2,2,1,0,0,1,1,0,0,99,99,99,99,88,88,0,0,0,0,1,4,0,61411,0,2009,0,FORBESTOWN RD,99999999999999999999,0000000,39.51351111,-121.4376778,1,1
6,37,7,29,15,45,1,1,0,0,15,6,0,10,0,1,1,1,2,35,1,1,2,1,60,3,1,1,0,0,99,99,99,99,88,88,0,0,0,0,1,4,0,61412,1980,2009,0,PIERCE ST,99999999999999999999,746053L,34.26323611,-118.4187444,1,1
6,37,7,29,18,19,1,2,0,1,1,1,0,24,0,13,3,6,2,99,1,1,1,1,0,0,1,1,0,0,99,99,99,99,99,99,0,0,0,0,1,4,1,61413,1970,2009,55,I-710 RAMP,99999999999999999999,0000000,33.768,-118.2077083,1,1
6,37,7,29,21,15,1,3,1,0,16,6,0,8,0,1,1,5,6,35,1,1,2,1,0,0,3,1,0,0,99,99,99,99,88,88,0,0,0,0,1,4,0,61414,1980,2009,0,VENTURA BL,99999999999999999999,0000000,34.16826944,-118.5348139,1,1
6,113,7,30,11,55,2,2,0,0,2,3,0,12,2,1,1,1,2,55,1,1,2,1,0,0,1,1,0,0,99,99,99,99,88,88,0,0,0,0,1,5,1,61415,0,2009,151,SR-16,99999999999999999999,0000000,38.78670278,-122.1777278,2,1
6,33,7,30,12,0,1,3,0,0,6,5,0,1,0,1,5,1,2,0,2,3,5,1,0,0,1,1,0,0,99,99,99,99,99,99,0,22,4,0,1,5,0,61416,0,2009,0,USFS ROAD M-10,99999999999999999999,0000000,39.1257,-122.4931806,1,1
6,29,7,30,13,35,2,4,0,1,2,3,0,54,11,1,1,1,2,55,1,1,2,1,0,0,1,1,0,0,99,99,99,99,99,99,0,14,0,0,1,5,0,61417,0,2009,475,SR-178,99999999999999999999,0000000,35.65746944,-118.4349333,2,1
6,71,7,30,20,25,1,4,3,0,15,6,0,8,0,3,1,1,2,35,1,2,2,1,0,0,2,1,0,0,99,99,99,99,99,99,0,0,0,0,1,5,0,61418,360,2009,0,LAKEVIEW,BARTLETT,0000000,34.24369444,-116.9121389,1,1
6,71,6,15,5,10,1,2,1,0,14,6,0,15,0,1,1,1,2,45,1,1,2,1,0,0,4,1,0,0,99,99,99,99,99,99,0,0,0,0,1,2,0,61419,1603,2009,0,COTTONWOOD AVE,99999999999999999999,0000000,34.41859444,-117.3386194,1,1
6,17,7,22,19,20,1,2,0,0,6,4,0,33,0,1,4,1,2,45,2,1,2,1,0,0,5,1,0,0,99,99,99,99,99,99,0,0,0,0,1,4,0,61420,0,2009,0,S SHINGLE RD,99999999999999999999,0000000,38.64366667,-120.9441139,1,1
6,65,8,2,9,45,1,1,0,1,1,1,0,7,0,1,2,3,4,70,1,1,1,1,0,0,1,1,0,0,99,99,99,99,99,99,0,0,0,0,1,1,0,61421,0,2009,196,I-10,99999999999999999999,0000000,33.91863056,-116.7741,1,1
6,29,8,2,12,4,1,3,0,1,1,1,0,1,0,1,4,2,2,70,1,1,1,1,0,0,1,1,0,0,99,99,99,99,99,99,0,0,0,0,1,1,0,61422,0,2009,263,I-5,99999999999999999999,0000000,35.13114167,-119.0774194,1,1
6,85,8,2,12,13,1,1,0,1,11,1,0,20,0,1,4,3,4,65,1,1,1,1,0,0,1,1,0,0,99,99,99,99,88,88,0,0,0,0,1,1,0,61423,2182,2009,77,I-680,99999999999999999999,0000000,37.43515,-121.8888611,1,1
6,71,8,2,14,28,2,3,0,0,13,6,0,43,0,1,4,1,2,50,1,1,2,1,0,0,1,1,0,0,99,99,99,99,99,99,0,0,0,0,1,1,1,61424,2960,2009,0,ORANGE ST,99999999999999999999,0000000,34.09112222,-117.1823222,2,1
6,71,8,3,20,8,2,3,0,1,2,2,0,12,2,1,1,1,2,65,1,1,2,1,0,0,2,1,0,0,99,99,99,99,99,99,0,0,0,0,1,2,0,61425,0,2009,449,US-395,99999999999999999999,0000000,34.97614167,-117.5371028,2,1
6,13,8,3,21,43,1,2,1,0,16,6,0,8,0,1,1,2,2,30,1,2,1,1,0,0,3,1,0,0,99,99,99,99,99,99,0,0,0,0,1,2,0,61426,2770,2009,0,FITZGERALD DR,99999999999999999999,0000000,37.98939722,-122.310075,1,1
6,37,8,3,21,55,2,2,0,0,14,6,0,12,8,1,1,1,2,35,1,1,2,1,0,0,3,1,0,0,99,99,99,99,99,99,0,0,0,0,1,2,0,61427,1980,2009,0,MARIANNA AVE,99999999999999999999,0000000,34.06745,-118.176725,2,1
6,65,6,27,19,0,1,2,1,0,16,6,0,8,0,1,1,1,2,25,1,1,1,1,0,0,1,1,0,0,99,99,99,99,99,99,0,0,0,0,1,7,0,61428,750,2009,0,AVENIDA CEDRUS,99999999999999999999,0000000,33.69531667,-116.1931028,1,1
6,19,8,3,5,10,2,6,0,0,2,3,0,12,5,2,1,1,2,55,1,1,2,1,20,3,2,1,0,0,99,99,99,99,99,99,0,0,0,0,4,2,0,61429,0,2009,188,SR-269,OAKLAND AVE,0000000,36.34259444,-120.1033167,2,1
6,103,8,3,14,0,2,2,0,0,16,4,0,12,2,1,1,1,2,55,1,1,2,1,0,0,1,1,0,0,99,99,99,99,99,99,0,0,0,0,2,2,0,61430,0,2009,0,ROAD 99W,99999999999999999999,0000000,40.04082222,-122.1709306,2,1
6,7,8,3,18,50,1,2,0,0,16,5,0,42,0,1,4,1,2,55,1,1,2,1,0,0,1,1,0,0,99,99,99,99,99,99,0,0,0,0,1,2,1,61431,0,2009,0,RIVER RD,99999999999999999999,0000000,39.75055556,-121.9694417,1,1
6,13,8,4,23,5,1,2,0,1,12,3,0,24,0,1,4,3,3,65,2,1,2,1,0,0,2,1,0,0,99,99,99,99,99,99,0,0,0,0,1,3,0,61432,0,2009,28,SR-4,99999999999999999999,0000000,38.00836111,-122.2074194,1,1
6,37,7,25,22,10,2,2,0,0,13,6,0,12,5,2,1,1,2,35,1,1,2,1,3,3,3,1,0,0,99,99,99,99,88,88,0,0,0,0,1,7,1,61433,2870,2009,0,HOLT AVE,RESERVOIR ST,0000000,34.06283333,-117.7317222,2,1
6,59,7,26,0,51,1,3,0,0,14,6,0,33,0,1,4,2,4,30,1,1,2,1,0,0,2,1,0,0,99,99,99,99,99,99,0,0,0,0,1,1,0,61434,3420,2009,0,STANDARD AVE,99999999999999999999,0000000,33.74013333,-117.8565639,1,1
6,57,7,26,18,58,1,1,0,0,2,3,0,17,0,1,4,1,2,55,2,1,2,1,0,0,1,1,0,0,99,99,99,99,88,88,0,0,0,0,1,1,1,61435,0,2009,317,SR-49,99999999999999999999,0000000,39.38386944,-121.0875333,1,1
6,113,7,26,20,3,1,2,0,0,6,4,0,1,0,1,4,1,2,55,1,1,2,1,0,0,5,1,0,0,99,99,99,99,99,99,0,0,0,0,1,1,1,61436,0,2009,0,CR-88,99999999999999999999,0000000,38.53673611,-121.9895917,1,1
6,77,7,26,21,1,1,1,0,0,6,5,0,1,0,1,2,1,2,55,2,1,2,1,0,0,2,1,0,0,99,99,99,99,99,99,0,0,0,0,1,1,1,61437,0,2009,0,MACKVILLE RD,99999999999999999999,0000000,38.20125,-121.0894361,1,1
6,71,6,19,9,17,3,4,0,0,13,6,0,12,5,2,1,1,4,45,1,1,2,1,3,3,1,1,0,0,99,99,99,99,99,99,0,0,0,0,1,6,0,61438,680,2009,0,CENTRAL AVE,EUCALYPTUS AVE,0000000,33.99001111,-117.68905,3,1
6,37,7,31,18,24,1,1,0,0,14,6,0,33,0,1,3,2,2,40,2,1,2,1,0,0,1,1,0,0,99,99,99,99,88,88,0,0,0,0,1,6,1,61439,3455,2009,0,PIONEER BLVD,99999999999999999999,0000000,33.94385833,-118.0814833,1,1
6,37,7,31,20,28,1,1,0,1,2,3,0,33,0,3,4,1,2,55,1,1,2,1,20,3,2,1,0,0,99,99,99,99,99,99,0,0,0,0,1,6,0,61440,0,2009,145,SR-138,245TH ST W,0000000,34.774575,-118.5626028,1,1
6,73,8,1,9,57,1,2,1,0,16,6,0,8,0,1,1,2,2,50,1,2,2,1,0,0,1,1,0,0,99,99,99,99,88,88,0,0,0,0,1,7,0,61441,3260,2009,0,RANCHO BERNARDO RD,99999999999999999999,0000000,33.02325556,-117.0940444,1,1
6,33,8,1,10,20,2,3,0,1,2,3,0,12,5,2,1,1,2,55,1,1,2,1,20,3,1,1,0,0,99,99,99,99,99,99,0,0,0,0,2,7,0,61442,0,2009,111,SR-29,SPRUCE GROVE RD,0000000,38.88911111,-122.6043972,2,1
6,109,8,1,11,22,1,1,0,0,2,3,0,1,0,1,1,1,2,55,2,2,2,1,0,0,1,1,0,0,99,99,99,99,88,88,0,0,0,0,1,7,0,61443,0,2009,135,SR-49,99999999999999999999,0000000,37.94058056,-120.4334389,1,1
6,19,8,5,3,40,1,2,1,0,3,4,0,8,0,1,1,1,2,65,1,1,2,1,0,0,2,1,0,0,99,99,99,99,88,88,0,0,0,0,1,4,0,61444,0,2009,0,GOLDEN STATE BL,99999999999999999999,0000000,36.66928056,-119.7247333,1,1
6,77,8,5,9,0,2,2,0,1,12,3,0,7,0,1,1,3,2,65,1,1,2,1,0,0,1,1,0,0,99,99,99,99,99,99,0,0,0,0,1,4,0,61445,0,2009,162,SR-99,99999999999999999999,0000000,37.92739722,-121.2320917,2,1
6,87,8,5,16,24,2,3,0,0,12,3,0,24,0,1,4,1,2,55,1,1,2,1,0,0,1,1,0,0,99,99,99,99,99,99,0,0,0,0,1,4,0,61446,0,2009,209,SR-1,99999999999999999999,0000000,36.96079722,-122.0551444,2,1
6,41,8,5,18,15,2,2,0,0,4,4,0,12,2,1,1,1,2,55,2,1,2,1,0,0,1,1,0,0,99,99,99,99,88,88,0,0,0,0,1,4,1,61447,0,2009,0,PT REYES-PETALUMA RD,99999999999999999999,0000000,38.17545,-122.67085,2,1
6,59,8,7,21,5,1,3,0,0,16,6,0,5,0,3,1,1,2,25,1,1,2,1,0,0,1,1,0,0,99,99,99,99,99,99,0,4,0,0,1,6,0,61448,1660,2009,0,WILD ROSE LN,BRANNEN DR,0000000,33.71323056,-118.024525,1,1
6,71,7,18,3,15,1,2,0,0,16,6,0,33,0,1,4,1,2,25,2,1,2,1,0,0,3,1,0,0,99,99,99,99,99,99,0,0,0,0,1,7,1,61449,3210,2009,0,TERRACE RD,99999999999999999999,0000000,34.11458611,-117.3405778,1,1
6,67,4,18,13,25,4,5,0,0,14,6,0,12,7,1,1,5,4,40,1,1,2,1,0,0,1,1,0,0,99,99,99,99,99,99,0,0,0,0,1,7,0,61450,2934,2009,0,COLOMA RD,99999999999999999999,0000000,38.60640833,-121.2956861,4,1
6,19,8,3,22,4,1,1,0,0,4,5,0,38,0,1,2,1,2,55,1,1,2,1,0,0,2,1,0,0,99,99,99,99,88,88,0,0,0,0,1,2,1,61451,0,2009,0,MC CALL AVE,99999999999999999999,0000000,36.83401111,-119.6099194,1,1
6,37,8,4,6,45,2,2,0,0,13,6,0,12,5,2,1,1,4,35,1,1,2,1,3,3,1,1,0,0,99,99,99,99,99,99,0,0,0,0,1,3,0,61452,1980,2009,0,FIGUEROA ST,190TH ST,0000000,33.86275556,-118.2816833,2,1
6,37,8,4,15,45,2,2,0,0,16,6,0,1,0,2,1,1,4,40,1,1,2,1,3,3,1,1,0,0,99,99,99,99,88,88,0,0,0,0,1,3,0,61453,1980,2009,0,RINALDI ST,WILBUR AVE,0000000,34.27550833,-118.5472972,2,1
6,97,8,4,17,45,1,1,0,0,3,4,0,42,0,1,4,1,2,55,1,1,2,1,0,0,1,1,0,0,99,99,99,99,88,88,0,0,0,0,1,3,1,61454,0,2009,0,LAKEVILLE HWY,99999999999999999999,0000000,38.18278056,-122.536,1,1
6,47,8,4,18,20,2,2,0,0,6,4,0,12,5,2,1,1,2,55,1,1,1,1,20,3,1,1,0,0,99,99,99,99,88,88,0,0,0,0,1,3,1,61455,0,2009,0,FAITH HOME RD,WILLIAMS AVE,0000000,37.39031111,-120.9229944,2,1