STATE,COUNTY,MONTH,DAY,HOUR,MINUTE,VE_TOTAL,PERSONS,PEDS,NHS,ROAD_FNC,ROUTE,SP_JUR,HARM_EV,MAN_COLL,REL_JUNC,REL_ROAD,TRAF_FLO,NO_LANES,SP_LIMIT,ALIGNMNT,PROFILE,PAVE_TYP,SUR_COND,TRA_CONT,T_CONT_F,LGT_COND,WEATHER1,WEATHER2,WRK_ZONE,NOT_HOUR,NOT_MIN,ARR_HOUR,ARR_MIN,HOSP_HR,HOSP_MN,SCH_BUS,CF1,CF2,CF3,FATALS,DAY_WEEK,DRUNK_DR,ST_CASE,CITY,YEAR,MILEPT,TWAY_ID,TWAY_ID2,RAIL,LATITUDE,LONGITUD,VE_FORMS,WEATHER
6,81,8,4,19,12,1,3,0,1,12,2,0,38,0,1,4,3,5,65,1,1,1,1,0,0,1,1,0,0,99,99,99,99,99,99,0,0,0,0,2,3,0,61456,3730,2009,230,US-101,99999999999999999999,0000000,37.66488056,-122.3974889,1,1
6,13,8,4,21,35,2,3,0,0,6,4,0,12,2,1,1,1,2,55,2,2,2,1,0,0,2,1,0,0,99,99,99,99,99,99,0,0,0,0,2,3,0,61457,0,2009,0,CUMMINGS SKYWAY,99999999999999999999,0000000,38.02733889,-122.2026,2,1
6,71,8,6,20,20,1,1,0,0,2,3,0,1,0,1,6,1,2,55,2,1,1,1,0,0,1,1,0,0,99,99,99,99,88,88,0,0,0,0,1,5,0,61458,0,2009,46,SR-2,99999999999999999999,0000000,34.37983889,-117.6005194,1,1
6,37,8,7,0,15,1,2,1,0,13,6,0,8,0,3,1,1,4,35,1,1,2,1,1,3,3,1,0,0,99,99,99,99,88,88,0,0,0,0,1,6,0,61459,1980,2009,0,WESTERN AVE,79TH ST,0000000,33.96733333,-118.3090417,1,1
6,65,3,17,20,40,1,2,1,0,12,3,0,9,0,1,1,2,2,55,1,1,2,1,0,0,1,1,0,0,99,99,99,99,99,99,0,0,0,0,1,3,1,61460,1690,2009,314,SR-111,99999999999999999999,0000000,33.70736389,-116.2536,1,1
6,57,7,10,99,99,1,1,0,0,6,4,0,30,0,1,4,1,2,0,2,2,5,1,0,0,1,1,0,0,99,99,99,99,88,88,0,4,0,0,1,6,1,61461,0,2009,0,RUDD RD,99999999999999999999,0000000,39.26876944,-121.14785,1,1
6,37,7,18,2,29,2,4,0,1,1,1,0,12,1,1,1,3,5,65,1,1,1,1,0,0,2,1,0,0,99,99,99,99,99,99,0,19,0,0,1,7,1,61462,0,2009,119,I-605,99999999999999999999,0000000,33.97154167,-118.0809556,2,1
6,37,7,19,2,15,1,1,0,1,11,1,0,33,0,1,4,3,5,65,2,1,1,1,0,0,3,1,0,0,99,99,99,99,88,88,0,0,0,0,1,1,1,61463,1716,2009,389,I-210,99999999999999999999,0000000,34.12681111,-117.9169306,1,1
6,59,7,21,3,20,1,2,1,1,2,3,0,8,0,1,1,2,2,65,1,1,2,1,0,0,2,1,0,0,99,99,99,99,88,88,0,0,0,0,1,3,0,61464,0,2009,50,SR-133,99999999999999999999,0000000,33.55010278,-117.7801528,1,1
6,71,7,21,17,39,2,3,0,0,13,6,0,12,2,1,1,5,6,50,1,1,2,1,0,0,1,1,0,0,99,99,99,99,99,99,0,0,0,0,1,3,0,61465,4040,2009,0,BEAR VALLEY RD,99999999999999999999,0000000,34.47058333,-117.3295639,2,1
6,65,8,7,23,30,1,3,0,1,1,1,0,27,0,1,4,3,4,65,1,1,2,1,0,0,2,1,0,0,99,99,99,99,99,99,0,0,0,0,1,6,0,61466,0,2009,495,I-15,99999999999999999999,0000000,33.99199722,-117.5504278,1,1
6,65,8,8,4,20,1,1,0,1,1,1,0,24,0,13,4,6,2,65,2,1,1,1,0,0,3,1,0,0,99,99,99,99,99,99,0,0,0,0,1,7,1,61467,0,2009,2,I-15 RAMP,99999999999999999999,0000000,34.02386389,-117.5527556,1,1
6,103,8,8,16,0,1,2,0,1,1,1,0,7,0,1,3,2,2,70,1,1,2,1,0,0,1,1,0,0,99,99,99,99,99,99,0,0,0,0,1,7,0,61468,0,2009,307,I-5,99999999999999999999,0000000,40.2162,-122.2504,1,1
6,107,8,8,17,20,1,2,0,1,2,3,0,1,0,1,4,3,2,70,1,1,2,1,0,0,1,1,0,0,99,99,99,99,99,99,0,0,0,0,1,7,0,61469,0,2009,202,SR-99,99999999999999999999,0000000,36.07421111,-119.31785,1,1
6,73,7,11,22,26,1,1,0,1,1,1,0,1,0,1,3,2,2,65,1,1,2,1,0,0,3,1,0,0,99,99,99,99,99,99,0,0,0,0,1,7,1,61470,0,2009,245,I-8,99999999999999999999,0000000,32.854825,-116.8366389,1,1
6,109,7,13,3,50,1,2,1,1,12,3,0,8,0,1,1,1,2,55,1,1,2,1,0,0,2,1,0,0,99,99,99,99,99,99,0,0,0,0,1,2,0,61471,0,2009,112,SR-120,99999999999999999999,0000000,37.88385556,-120.5011472,1,1
6,79,7,18,16,48,1,1,0,1,2,3,0,1,0,1,2,1,2,55,2,2,2,1,0,0,1,1,0,0,99,99,99,99,99,99,0,0,0,0,1,7,1,61472,0,2009,382,SR-41,99999999999999999999,0000000,35.61425556,-120.4052861,1,1
6,65,7,20,0,50,1,1,0,0,6,5,0,42,0,1,4,1,2,55,2,1,2,1,0,0,2,1,0,0,99,99,99,99,99,99,0,0,0,0,1,2,1,61473,0,2009,0,MARTINEZ RD,99999999999999999999,0000000,33.56348056,-116.1540472,1,1
6,9,7,24,23,55,1,2,0,0,6,4,0,42,0,1,4,1,2,55,2,1,2,1,0,0,2,1,0,0,99,99,99,99,99,99,0,0,0,0,1,6,1,61474,0,2009,0,6 MILE RD,99999999999999999999,0000000,38.106775,-120.4942889,1,1
6,67,4,9,23,30,2,3,0,0,14,6,0,12,2,1,1,1,2,45,1,1,2,2,0,0,3,2,0,0,99,99,99,99,99,99,0,0,0,0,1,5,0,61475,1108,2009,0,BOND RD,99999999999999999999,0000000,38.42367222,-121.3314944,2,2
6,73,8,3,1,2,4,10,0,1,11,1,0,12,7,1,1,3,5,65,1,2,2,1,41,3,3,1,0,2,99,99,99,99,99,99,0,0,0,0,1,2,1,61476,2510,2009,516,I-5,99999999999999999999,0000000,33.18225278,-117.3554583,4,1
6,73,8,8,20,39,1,2,1,0,15,6,0,8,0,1,1,2,3,35,1,1,2,1,0,0,3,1,0,0,99,99,99,99,99,99,0,0,0,0,1,7,0,61477,3260,2009,0,CAMINO DEL RIO,99999999999999999999,0000000,32.75496389,-117.2050444,1,1
6,19,8,8,21,0,2,2,0,0,2,4,0,12,1,1,1,1,2,55,1,1,2,1,0,0,2,1,0,0,99,99,99,99,99,99,0,0,0,0,1,7,1,61478,0,2009,0,SHAW AVE,99999999999999999999,0000000,36.80824167,-119.5892444,2,1
6,61,8,8,21,25,2,7,0,0,2,3,0,12,2,2,1,1,2,55,1,1,2,1,0,0,2,1,0,0,99,99,99,99,99,99,0,0,0,0,1,7,0,61479,0,2009,41,SR-193,FOWLER RD,0000000,38.88661389,-121.2168194,2,1
6,93,8,8,23,10,1,2,0,0,5,4,0,35,0,1,4,2,2,55,2,1,2,1,0,0,2,1,0,0,99,99,99,99,99,99,0,0,0,0,1,7,1,61480,0,2009,0,PICARD RD,99999999999999999999,0000000,42.00015,-122.0551028,1,1
6,37,8,9,1,40,3,4,0,0,13,6,0,12,5,4,1,1,4,25,1,1,2,1,0,0,3,1,0,0,99,99,99,99,99,99,0,0,0,0,1,1,1,61481,1980,2009,0,WESTERN AVE,99999999999999999999,0000000,33.97063611,-118.3090417,2,1
6,47,8,9,3,40,2,2,0,1,1,1,0,12,2,1,1,2,2,70,1,1,2,1,0,0,2,1,0,0,99,99,99,99,99,99,0,0,0,0,2,1,1,61482,0,2009,308,I-5,99999999999999999999,0000000,37.22372778,-121.0829889,2,1
6,79,8,9,14,52,2,1,0,0,2,3,0,12,1,1,1,1,2,55,2,1,2,1,0,0,1,1,0,0,99,99,99,99,99,99,0,19,0,0,1,1,0,61483,0,2009,183,SR-58,99999999999999999999,0000000,35.468675,-120.3796556,2,1
6,59,6,28,21,17,1,3,1,0,13,6,0,8,0,1,1,1,4,40,1,1,2,1,0,0,3,1,0,0,99,99,99,99,99,99,0,0,0,0,1,1,0,61484,2560,2009,0,EUCLID ST,99999999999999999999,0000000,33.80075278,-117.9414778,1,1
6,37,8,1,18,10,3,6,0,0,13,6,0,12,5,2,1,1,4,35,1,1,2,1,3,3,1,1,0,0,99,99,99,99,99,99,0,0,0,0,2,7,0,61485,1980,2009,0,TORRANCE BLVD,NORMANDIE AVE,0000000,33.841975,-118.2992361,3,1
6,37,8,5,22,10,3,6,0,0,15,6,0,12,1,1,1,1,2,25,1,1,2,1,0,0,3,1,0,0,99,99,99,99,99,99,0,0,0,0,1,4,1,61486,2458,2009,0,JERSEY AVE,99999999999999999999,0000000,33.89941667,-118.0864,2,1
6,111,8,6,7,5,1,1,0,1,12,2,0,42,0,1,6,3,3,65,1,1,1,1,0,0,1,1,0,0,99,99,99,99,88,88,0,0,0,0,1,5,0,61487,2620,2009,213,US-101,99999999999999999999,0000000,34.13496667,-119.0998639,1,1
6,29,8,6,20,25,1,4,1,0,3,4,0,8,0,1,1,1,2,45,1,1,2,1,0,0,3,1,0,0,99,99,99,99,99,99,0,0,0,0,1,5,1,61488,0,2009,0,RIVER BL,99999999999999999999,0000000,35.39416944,-118.9851667,1,1
6,37,8,7,2,40,1,2,1,0,16,6,0,8,0,1,1,1,4,35,1,1,2,1,0,0,3,1,0,0,99,99,99,99,99,99,0,0,0,0,1,6,0,61489,1980,2009,0,3RD ST,99999999999999999999,0000000,34.06904444,-118.2981861,1,1
6,37,8,7,15,20,1,2,1,0,6,4,0,8,0,3,1,2,3,40,1,2,2,1,3,3,1,1,0,0,99,99,99,99,88,88,0,0,0,0,1,6,0,61490,0,2009,0,HACIENDA BL,LOS ALTOS DR,0000000,33.98606667,-117.9712222,1,1
6,37,8,7,16,15,2,1,0,0,16,6,0,33,0,1,4,1,2,25,1,1,2,1,0,0,1,1,0,0,99,99,99,99,99,99,0,4,0,0,1,6,0,61491,1980,2009,0,GRAMERCH PL,99999999999999999999,0000000,34.02271944,-118.3138472,1,1
6,37,8,7,16,25,1,1,0,0,2,3,0,42,0,1,4,1,2,55,2,3,2,1,0,0,1,1,0,0,99,99,99,99,88,88,0,0,0,0,1,6,1,61492,0,2009,464,SR-2,99999999999999999999,0000000,34.26968056,-118.1679889,1,1
6,1,8,7,17,15,1,1,0,0,16,6,0,30,0,1,4,1,2,25,1,1,2,1,0,0,1,1,0,0,99,99,99,99,99,99,0,0,0,0,1,6,1,61493,1364,2009,0,UNION ST,99999999999999999999,0000000,37.53312778,-121.9589333,1,1
6,5,8,7,18,56,2,3,0,0,2,3,0,12,2,1,1,1,2,65,1,1,2,1,0,0,1,1,0,0,99,99,99,99,99,99,0,0,0,0,1,6,0,61494,0,2009,20,SR-16,99999999999999999999,0000000,38.47765,-120.9906806,2,1
6,73,8,10,0,7,2,3,1,1,1,1,0,8,0,1,1,3,4,65,1,1,1,1,0,0,2,1,0,0,99,99,99,99,99,99,0,0,0,0,1,2,0,61495,0,2009,542,I-5,99999999999999999999,0000000,32.56387778,-117.0711528,2,1
6,111,8,10,12,18,2,2,0,1,12,2,0,12,7,1,1,3,4,65,1,1,2,1,0,0,1,1,0,0,88,88,88,88,88,88,0,0,0,0,1,2,0,61496,538,2009,106,US-101,99999999999999999999,0000000,34.204,-118.9813,2,1
6,65,8,10,13,20,2,2,0,1,1,1,0,14,1,1,2,2,2,70,1,1,2,1,0,0,1,1,0,0,99,99,99,99,99,99,0,0,0,0,1,2,0,61497,0,2009,1055,I-10,99999999999999999999,0000000,33.71036944,-115.3944889,1,1
6,71,6,22,2,22,2,2,0,0,16,6,0,12,2,1,1,1,2,55,2,1,1,1,0,0,3,1,0,0,99,99,99,99,99,99,0,0,0,0,1,2,1,61498,4040,2009,0,ARLETTE DR,99999999999999999999,0000000,34.51643333,-117.3368806,2,1
6,13,6,22,23,15,1,1,0,1,2,3,0,24,0,1,3,3,6,65,2,1,2,1,0,0,2,1,0,0,99,99,99,99,88,88,0,0,0,0,1,2,1,61499,0,2009,72,SR-5,99999999999999999999,0000000,37.99583889,-122.0658583,1,1
6,73,6,23,23,5,1,1,0,0,3,5,0,1,0,1,4,1,2,55,2,1,2,1,0,0,2,1,0,0,99,99,99,99,88,88,0,0,0,0,1,3,1,61500,0,2009,0,OTAY LAKES RD,99999999999999999999,0000000,32.6481,-116.9300806,1,1
6,7,6,24,19,13,1,2,1,0,6,5,0,8,0,1,1,1,2,25,1,1,2,1,0,0,1,1,0,0,99,99,99,99,99,99,0,0,0,0,1,4,0,61501,0,2009,0,STUMP DR,99999999999999999999,0000000,39.48266944,-121.5444806,1,1
6,55,7,25,16,40,1,1,0,0,2,3,0,27,0,1,4,1,2,55,2,1,2,1,0,0,1,1,0,0,99,99,99,99,99,99,0,0,0,0,1,7,1,61502,0,2009,281,SR-128,99999999999999999999,0000000,38.45406111,-122.1522306,1,1
6,43,7,26,9,20,1,1,0,0,2,3,0,11,0,1,1,1,2,55,1,1,2,1,0,0,1,1,0,0,99,99,99,99,99,99,0,0,0,0,1,1,0,61503,0,2009,438,SR-49,99999999999999999999,0000000,37.72449722,-120.2056222,1,1
6,59,6,28,4,55,1,1,0,1,12,3,0,24,0,1,4,3,3,65,1,2,1,1,0,0,2,1,0,4,99,99,99,99,88,88,0,0,0,0,1,1,0,61504,80,2009,368,SR-241,99999999999999999999,0000000,33.8351,-117.7173806,1,1
6,71,7,26,18,24,1,1,0,0,12,3,0,27,0,1,4,1,2,55,2,2,2,1,40,3,1,1,0,0,99,99,99,99,88,88,0,0,0,0,1,1,0,61505,0,2009,99,SR-247,99999999999999999999,0000000,34.25673889,-116.4386417,1,1
6,81,7,26,21,20,2,3,0,1,2,3,0,12,2,1,1,1,2,55,2,1,2,1,0,0,2,1,0,0,99,99,99,99,99,99,0,0,0,0,1,1,0,61506,0,2009,47,SR-84,99999999999999999999,0000000,37.31358889,-122.3266278,2,1
6,59,7,27,2,28,1,1,0,1,11,1,0,42,0,1,4,3,5,65,1,1,2,1,0,0,3,1,0,0,99,99,99,99,88,88,0,0,0,0,1,2,1,61507,1713,2009,12,I-405,99999999999999999999,0000000,33.64898333,-117.7507472,1,1
6,99,5,5,20,21,2,2,0,0,13,6,0,12,2,2,1,1,4,40,1,1,1,1,0,0,3,1,0,0,99,99,99,99,99,99,0,0,0,0,1,3,1,61508,2200,2009,0,EL VISTA AVE,HADDON AVE,0000000,37.64169722,-120.9572139,2,1
6,37,6,13,2,8,1,1,0,1,12,3,0,38,0,13,4,6,1,65,2,1,2,1,0,0,3,1,0,0,99,99,99,99,88,88,0,0,0,0,1,7,1,61509,602,2009,79,SR-91 RAMP,99999999999999999999,0000000,33.87316111,-118.25855,1,1
6,37,6,13,17,45,1,1,0,1,12,3,0,1,0,13,1,6,2,55,2,1,1,1,0,0,1,1,0,0,99,99,99,99,88,88,0,0,0,0,1,7,0,61510,1970,2009,132,SR-91 RAMP,99999999999999999999,0000000,33.876125,-118.1909083,1,1
6,111,6,13,23,24,1,1,0,0,6,4,0,42,0,1,4,1,2,55,1,1,2,1,0,0,2,1,0,0,99,99,99,99,88,88,0,0,0,0,1,7,1,61511,0,2009,0,CENTRAL AVE,99999999999999999999,0000000,34.24803056,-119.1386889,1,1
6,19,6,24,21,26,4,8,0,0,2,5,0,12,2,1,1,2,2,65,1,1,2,1,0,0,2,1,0,0,99,99,99,99,99,99,0,0,0,0,3,4,1,61512,0,2009,0,JENSEN AVE,99999999999999999999,0000000,36.70748056,-119.6716194,4,1
6,17,6,22,6,55,1,1,0,0,4,5,0,35,0,1,4,1,2,55,1,2,2,1,0,0,1,1,0,0,99,99,99,99,99,99,0,0,0,0,1,2,0,61513,0,2009,0,LATROBE RD,99999999999999999999,0000000,38.60563889,-121.0301194,1,1
6,19,7,9,11,23,2,2,0,0,15,6,0,12,5,2,1,1,2,30,1,1,2,1,20,3,1,1,0,0,99,99,99,99,99,99,0,0,0,0,1,5,0,61514,1370,2009,0,MINARETS AVE,MAROA AVE,0000000,36.84263611,-119.7996167,2,1
6,65,7,11,17,12,1,1,0,0,16,6,0,33,0,3,4,1,2,45,1,1,2,1,20,3,1,1,0,0,99,99,99,99,99,99,0,0,0,0,1,7,0,61515,3851,2009,0,DEL REY RD,SOLANA WY,0000000,33.52088611,-117.1331306,1,1
6,71,7,12,19,0,1,6,0,1,1,1,0,33,0,1,4,3,4,70,1,1,1,1,0,0,1,1,0,0,99,99,99,99,99,99,0,0,0,0,1,1,0,61516,0,2009,186,I-15,99999999999999999999,0000000,34.28783056,-117.451475,1,1
6,59,7,25,13,15,2,2,0,0,14,6,0,1,0,2,1,2,2,40,1,1,1,1,2,3,1,1,0,0,99,99,99,99,99,99,0,0,0,0,1,7,0,61517,1713,2009,0,WALNUT AVE,WISTERIA,0000000,33.68923611,-117.7708083,2,1
6,71,1,10,13,1,2,2,0,0,13,6,0,12,2,1,1,2,2,55,1,2,2,1,0,0,1,1,0,0,99,99,99,99,99,99,0,0,0,0,1,7,0,61518,1603,2009,0,US HWY 395,99999999999999999999,0000000,34.40623333,-117.4000139,2,1
6,37,1,24,0,41,1,2,1,1,11,1,0,8,0,1,1,3,5,65,1,1,1,2,0,0,3,1,0,0,99,99,99,99,88,88,0,19,0,0,1,7,1,61519,1980,2009,357,I-405,99999999999999999999,0000000,34.10915833,-118.4806833,1,1
6,37,1,28,5,3,2,2,0,1,11,1,0,12,2,1,1,3,4,65,1,1,1,1,0,0,2,1,0,0,99,99,99,99,88,88,0,0,0,0,2,4,1,61520,1980,2009,62,I-10,99999999999999999999,0000000,34.03173889,-118.4219111,2,1
6,73,7,31,13,52,2,2,0,0,16,6,0,12,5,2,1,1,2,25,1,2,2,1,20,3,1,1,0,0,99,99,99,99,99,99,0,0,0,0,1,6,0,61521,710,2009,0,NACION AVE,MONTCLAIR ST,0000000,32.62295833,-117.0416583,2,1
6,89,8,15,7,50,2,2,0,0,12,3,0,14,1,1,2,4,3,30,1,1,2,1,0,0,1,1,0,0,99,99,99,99,99,99,0,0,0,0,1,7,0,61522,2950,2009,165,SR-273,99999999999999999999,0000000,40.58294167,-122.3888056,1,1
6,73,8,15,11,40,1,2,0,1,11,3,0,35,0,1,3,2,3,65,2,1,1,1,0,0,1,1,0,0,99,99,99,99,99,99,0,0,0,0,1,7,0,61523,3260,2009,41,SR-15,99999999999999999999,0000000,32.73435,-117.1124972,1,1
6,71,8,15,12,33,2,9,0,0,4,4,0,12,2,1,1,1,2,55,2,2,2,1,0,0,1,1,0,0,99,99,99,99,99,99,0,0,0,0,1,7,0,61524,0,2009,0,LONE PINE CYN RD,99999999999999999999,0000000,34.31158056,-117.5345111,2,1
6,13,8,15,19,38,1,3,1,0,13,6,0,8,0,1,1,2,2,40,1,1,2,1,0,0,5,1,0,0,99,99,99,99,99,99,0,0,0,0,1,7,0,61525,2790,2009,0,E LELAND RD,99999999999999999999,0000000,38.00936389,-121.87535,1,1
6,19,8,15,20,52,1,3,1,0,15,6,0,8,0,1,1,5,3,40,1,1,2,1,0,0,3,1,0,0,99,99,99,99,88,88,0,0,0,0,1,7,0,61526,2130,2009,0,BASS AVE,99999999999999999999,0000000,36.76523056,-120.3846444,1,1
6,73,8,16,7,10,1,1,0,1,11,1,0,1,0,1,4,3,4,65,1,2,2,1,0,0,1,1,0,0,99,99,99,99,88,88,0,0,0,0,1,1,0,61527,3260,2009,265,I-805,99999999999999999999,0000000,32.88427222,-117.2020833,1,1
6,37,8,12,3,55,1,1,0,1,12,3,0,52,0,13,4,6,2,65,1,1,1,1,0,0,3,1,0,0,99,99,99,99,99,99,0,0,0,0,1,4,0,61528,2870,2009,41,SR-60 RAMP,99999999999999999999,0000000,34.02505,-117.7545,1,1
6,71,8,12,4,5,1,4,0,0,6,4,0,1,0,1,2,1,2,99,1,2,5,1,0,0,2,1,0,0,99,99,4,28,88,88,0,4,0,0,1,4,1,61529,0,2009,0,CANYON RD,99999999999999999999,0000000,34.02986944,-117.2361111,1,1
6,29,8,12,20,50,1,1,0,1,2,3,0,1,0,5,2,6,1,65,1,2,1,1,0,0,3,1,0,0,99,99,99,99,88,88,0,0,0,0,1,4,1,61530,0,2009,552,SR-58 RAMP,99999999999999999999,0000000,35.35206111,-118.9859389,1,1
6,89,8,13,0,30,1,2,0,0,2,3,0,35,0,1,4,1,2,55,2,2,2,1,0,0,2,1,0,0,99,99,99,99,99,99,0,0,0,0,1,5,1,61531,0,2009,835,SR-299,99999999999999999999,0000000,40.74797222,-123.0625833,1,1
6,77,8,13,3,25,1,1,0,1,1,1,0,1,0,1,2,2,2,70,1,1,2,1,0,0,2,1,0,0,99,99,99,99,99,99,0,0,0,0,1,5,0,61532,0,2009,116,I-5,99999999999999999999,0000000,37.75653333,-121.3433083,1,1
6,111,8,2,23,38,2,2,0,0,2,5,0,12,3,1,1,1,2,55,1,1,2,1,0,0,3,1,0,0,99,99,99,99,99,99,0,19,23,0,1,1,2,61533,0,2009,0,HARBOR BLVD,99999999999999999999,0000000,34.21893611,-119.2543167,2,1
6,85,8,9,99,99,1,2,0,0,4,4,0,27,0,1,4,1,2,35,2,3,2,1,0,0,4,1,0,0,99,99,99,99,99,99,0,0,0,0,1,1,1,61534,0,2009,0,MT PLEASANT RD,99999999999999999999,0000000,37.345875,-121.7850861,1,1
6,73,8,10,15,15,1,2,0,0,2,3,0,35,0,1,4,1,2,55,2,1,1,1,0,0,1,1,0,0,99,99,99,99,99,99,0,0,0,0,1,2,0,61535,0,2009,149,SR-79,99999999999999999999,0000000,33.01838056,-116.5617667,1,1
6,65,8,10,17,45,1,1,0,1,12,3,0,52,0,6,4,3,5,65,1,1,1,1,0,0,1,1,0,0,99,99,99,99,88,88,0,0,0,0,1,2,0,61536,850,2009,29,SR-91,99999999999999999999,9999999,33.88341944,-117.6260222,1,1
6,37,8,10,20,16,1,2,1,0,13,6,0,8,0,3,1,5,4,25,1,1,2,1,0,0,3,1,0,0,99,99,99,99,99,99,0,0,0,0,1,2,0,61537,810,2009,0,CENTRAL AVE,133RD ST,0000000,33.91145556,-118.2544389,1,1
6,65,8,10,23,6,1,2,1,1,12,3,0,8,0,1,1,3,6,65,1,1,1,1,0,0,2,1,0,0,99,99,99,99,99,99,0,0,0,0,1,2,0,61538,850,2009,67,SR-91,99999999999999999999,0000000,33.879375,-117.5602722,1,1
6,71,8,11,0,20,2,2,0,1,2,3,0,12,8,1,1,1,2,55,1,1,2,1,0,0,2,1,0,0,99,99,99,99,99,99,0,0,0,0,1,3,0,61539,0,2009,232,SR-58,99999999999999999999,0000000,34.92218333,-117.2472083,2,1
6,75,8,11,12,6,1,3,2,0,13,6,0,8,0,3,1,1,2,25,1,1,2,1,2,3,1,1,0,0,99,99,99,99,99,99,0,0,0,0,1,3,0,61540,3290,2009,0,7TH ST,IRVING ST,0000000,37.76413056,-122.4641917,1,1
6,75,8,13,13,30,1,2,1,0,14,6,0,8,0,3,1,1,6,25,1,1,2,1,3,3,1,1,0,0,99,99,99,99,99,99,0,0,0,0,1,5,0,61541,3290,2009,0,6TH ST,HOWARD ST,0000000,37.77974722,-122.4071417,1,1
6,59,8,13,15,4,1,2,1,0,14,6,0,8,0,3,1,2,2,40,1,1,2,1,2,3,1,1,0,0,99,99,99,99,99,99,0,0,0,0,1,5,0,61542,1713,2009,0,BARRANCA PKWY,W YALE LOOP,0000000,33.68251389,-117.8058028,1,1
6,95,8,13,16,20,4,8,0,1,2,3,0,12,1,1,1,1,2,55,1,1,2,1,0,0,1,1,0,0,99,99,99,99,99,99,0,0,0,0,1,5,0,61543,0,2009,17,SR-37,99999999999999999999,0000000,38.14906667,-122.3812861,4,1
6,19,8,13,20,24,1,3,2,0,13,6,0,9,0,1,1,2,2,40,1,1,2,1,0,0,3,1,0,0,99,99,99,99,99,99,0,0,0,0,1,5,0,61544,1370,2009,0,N CEDAR AVE,99999999999999999999,0000000,36.74705,-119.7544694,1,1
6,59,4,15,1,55,2,2,0,1,12,3,0,12,1,1,1,3,5,65,1,1,1,1,0,0,2,1,0,0,99,99,99,99,99,99,0,0,0,0,1,4,1,61545,1410,2009,76,SR-22,99999999999999999999,0000000,33.76682222,-117.9235778,2,1
6,59,5,16,2,45,1,1,0,1,11,1,0,34,0,1,4,3,5,65,2,1,2,1,0,0,3,1,0,0,99,99,99,99,88,88,0,0,0,0,1,7,1,61546,4130,2009,207,I-405,99999999999999999999,0000000,33.77418889,-118.0405417,1,1
6,73,6,19,23,12,1,2,1,1,11,1,0,9,0,5,1,6,2,65,1,2,1,1,0,0,3,1,0,0,99,99,99,99,99,99,0,0,0,0,1,6,0,61547,3260,2009,228,I-5 RAMP,99999999999999999999,0000000,32.80664722,-117.2151361,1,1
6,17,6,30,15,40,1,2,0,1,2,2,0,36,0,1,4,1,2,55,2,1,2,1,0,0,1,1,0,0,99,99,99,99,99,99,0,0,0,0,1,3,0,61548,0,2009,436,US-50,99999999999999999999,0000000,38.76432222,-120.3620472,1,1
6,45,7,17,99,99,1,1,0,1,2,2,0,1,0,1,4,3,2,45,2,2,2,1,40,3,1,1,0,1,99,99,99,99,88,88,0,0,0,0,1,6,0,61549,0,2009,361,US-101,99999999999999999999,0000000,39.29239444,-123.2709778,1,1
6,59,7,25,0,42,1,2,1,0,13,3,0,8,0,1,1,2,4,45,1,1,2,1,0,0,3,1,0,0,99,99,99,99,99,99,0,0,0,0,1,7,0,61550,1660,2009,221,SR-39,99999999999999999999,0000000,33.71170278,-117.9889806,1,1
6,37,7,27,7,20,1,2,1,0,13,6,0,8,0,3,1,2,3,40,1,1,2,1,3,3,1,1,0,0,99,99,99,99,99,99,0,0,0,0,1,2,0,61551,9999,2009,0,HACIENDA BLVD,NEWTON ST,0000000,33.99603889,-117.9680611,1,1
6,41,7,28,17,45,1,1,0,0,2,3,0,27,0,1,4,1,2,55,2,2,2,1,0,0,1,1,0,0,99,99,99,99,88,88,0,0,0,0,1,3,1,61552,0,2009,323,SR-1,99999999999999999999,0000000,38.09785556,-122.8321694,1,1
6,67,8,1,1,58,1,2,0,1,11,1,0,42,0,5,4,6,2,65,2,2,2,1,40,3,2,1,0,0,99,99,99,99,88,88,0,0,0,0,2,7,1,61553,3150,2009,258,I-5 RAMP,99999999999999999999,0000000,38.61371944,-121.5107639,1,1
6,59,8,1,6,42,3,8,0,1,11,1,0,12,7,1,1,3,5,65,1,1,2,1,0,0,1,1,0,0,99,99,99,99,99,99,0,0,0,0,1,7,0,61554,3960,2009,305,I-5,99999999999999999999,0000000,33.74215,-117.8381972,3,1
6,13,8,4,14,37,2,2,0,0,13,6,0,12,5,2,1,2,2,45,1,1,2,1,3,3,1,1,0,0,99,99,99,99,99,99,0,0,0,0,1,3,1,61555,820,2009,0,YGNACIO VALLEY RD,ALBERTA WAY,0000000,37.94596667,-121.9694194,2,1