STATE,COUNTY,MONTH,DAY,HOUR,MINUTE,VE_TOTAL,PERSONS,PEDS,NHS,ROAD_FNC,ROUTE,SP_JUR,HARM_EV,MAN_COLL,REL_JUNC,REL_ROAD,TRAF_FLO,NO_LANES,SP_LIMIT,ALIGNMNT,PROFILE,PAVE_TYP,SUR_COND,TRA_CONT,T_CONT_F,LGT_COND,WEATHER1,WEATHER2,WRK_ZONE,NOT_HOUR,NOT_MIN,ARR_HOUR,ARR_MIN,HOSP_HR,HOSP_MN,SCH_BUS,CF1,CF2,CF3,FATALS,DAY_WEEK,DRUNK_DR,ST_CASE,CITY,YEAR,MILEPT,TWAY_ID,TWAY_ID2,RAIL,LATITUDE,LONGITUD,VE_FORMS,WEATHER
6,85,2,7,1,37,3,1,0,0,13,6,0,14,1,1,7,1,4,35,2,1,2,2,0,0,3,1,0,0,99,99,99,99,88,88,0,0,0,0,1,7,1,61556,3440,2009,0,BOWERS AVE,MONROE ST,0000000,37.36321111,-121.9755417,1,1
6,73,3,28,20,17,1,2,1,0,13,6,0,8,0,1,1,5,4,40,1,1,1,1,0,0,2,1,0,0,99,99,99,99,88,88,0,0,0,0,1,7,0,61557,1080,2009,0,JAMACHA RD,99999999999999999999,0000000,32.78571389,-116.9279194,1,1
6,107,6,6,2,35,2,6,0,1,2,3,0,12,2,1,1,1,2,55,1,1,2,1,0,0,2,1,0,0,99,99,99,99,99,99,0,0,0,0,3,7,0,61558,0,2009,57,SR-65,99999999999999999999,0000000,35.8728,-119.0534389,2,1
6,71,7,17,23,55,4,2,0,0,6,5,0,14,2,1,2,1,2,25,1,1,1,1,0,0,2,1,0,0,99,99,99,99,99,99,0,4,0,0,1,6,1,61559,0,2009,0,GARDEN DR,99999999999999999999,0000000,34.12460278,-117.2604167,1,1
6,59,7,23,19,0,2,5,0,1,12,3,0,12,3,1,1,3,5,65,1,1,1,1,0,0,1,1,0,0,99,99,99,99,99,99,0,0,0,0,1,5,0,61560,1380,2009,175,SR-57,99999999999999999999,0000000,33.87645278,-117.8805361,2,1
6,37,8,15,2,28,1,1,0,0,14,6,0,33,0,1,4,2,3,40,1,1,1,1,0,0,2,1,0,0,88,88,88,88,88,88,0,0,0,0,1,7,1,61561,1845,2009,0,OLD VALLEY BL,99999999999999999999,0000000,34.012275,-117.9409139,1,1
6,13,8,15,2,46,1,1,0,1,11,1,0,42,0,13,4,6,1,65,2,2,9,1,0,0,2,1,0,0,99,99,99,99,99,99,0,0,0,0,1,7,1,61562,1590,2009,103,I-80 RAMP,99999999999999999999,0000000,38.01508889,-122.2688528,1,1
6,37,8,15,3,50,2,2,0,0,4,4,0,12,2,1,1,1,2,55,2,1,2,1,0,0,2,1,0,0,99,99,99,99,88,88,0,0,0,0,1,7,0,61563,0,2009,0,BOUQUET CYN,99999999999999999999,0000000,34.46075,-118.4844806,2,1
6,73,8,15,3,53,1,3,1,0,6,4,0,8,0,1,1,1,2,45,2,1,1,1,0,0,2,1,0,0,99,99,99,99,88,88,0,0,0,0,1,7,0,61564,0,2009,0,BUENA CREEK RD,99999999999999999999,0000000,33.18236111,-117.1760194,1,1
6,65,6,26,13,20,2,4,0,1,11,1,0,12,1,1,1,2,2,70,1,2,2,1,0,0,1,1,0,0,99,99,99,99,99,99,0,0,0,0,1,6,0,61565,750,2009,621,I-10,99999999999999999999,0000000,33.70288889,-116.1282889,2,1
6,71,8,15,4,0,1,7,1,1,1,1,0,8,0,1,1,3,2,70,1,2,1,1,0,0,2,1,0,0,99,99,99,99,88,88,0,0,0,0,1,7,0,61566,0,2009,1116,I-15,99999999999999999999,0000000,35.07135,-116.4113111,1,1
6,37,8,15,4,50,1,2,1,1,1,1,0,8,0,1,2,3,4,65,1,1,1,1,0,0,3,1,0,0,99,99,99,99,99,99,0,19,0,0,1,7,0,61567,0,2009,81,I-110,99999999999999999999,0000000,33.84833056,-118.2848167,1,1
6,29,8,15,6,40,1,3,0,0,12,3,0,27,0,1,8,3,2,65,1,1,2,1,0,0,1,1,0,0,99,99,99,99,99,99,0,0,0,0,1,7,0,61568,0,2009,64,SR-204,99999999999999999999,0000000,35.40242222,-119.042225,1,1
6,111,8,15,6,55,1,1,0,1,12,3,0,33,0,1,4,3,3,65,1,1,1,1,0,0,1,1,0,0,99,99,99,99,88,88,0,0,0,0,1,7,0,61569,3641,2009,257,SR-118,99999999999999999999,0000000,34.28206944,-118.7452806,1,1
6,71,1,28,20,56,1,3,0,0,14,6,0,33,0,1,4,1,2,35,1,1,2,1,0,0,3,1,0,0,99,99,99,99,99,99,0,20,0,0,3,4,0,61570,1305,2009,0,ALDER AVE,99999999999999999999,0000000,34.11921111,-117.4182611,1,1
6,61,8,9,10,41,2,4,0,0,13,6,0,12,5,2,1,1,4,45,1,1,2,1,3,3,1,1,0,0,99,99,99,99,99,99,0,0,0,0,1,1,1,61571,3110,2009,0,PLEASANT GROVE,WASHINGTON BL,0000000,38.77390278,-121.30375,2,1
6,15,8,16,2,5,1,1,0,1,2,2,0,27,0,1,4,5,2,55,2,1,2,1,0,0,2,1,0,0,99,99,99,99,88,88,0,0,0,0,1,1,1,61572,0,2009,434,US-101,99999999999999999999,0000000,41.46747778,-124.0395722,1,1
6,29,8,17,0,30,1,3,0,0,6,4,0,1,0,1,5,1,2,55,2,3,2,1,40,3,2,1,0,0,99,99,99,99,99,99,0,0,0,0,1,2,1,61573,0,2009,0,OLD KERN CYN RD,99999999999999999999,0000000,35.57211389,-118.5632528,1,1
6,107,8,17,5,15,2,2,0,1,2,3,0,12,1,1,1,3,2,70,1,1,2,1,0,0,2,1,0,0,99,99,99,99,88,88,0,0,0,0,1,2,0,61574,0,2009,198,SR-99,99999999999999999999,0000000,36.07001389,-119.3161861,2,1
6,73,8,17,17,5,2,3,0,0,4,4,0,1,0,1,1,1,2,40,2,1,2,1,40,3,1,1,0,0,99,99,99,99,88,88,0,0,0,0,1,2,0,61575,0,2009,0,HARMONY GROVE RD,99999999999999999999,0000000,33.08875,-117.1384083,2,1
6,37,8,17,20,15,1,2,0,0,4,4,0,35,0,1,4,1,2,55,2,1,2,1,0,0,5,1,0,0,99,99,99,99,99,99,0,0,0,0,1,2,0,61576,0,2009,0,BIG TUJUNGA CYN RD,99999999999999999999,0000000,34.29,-118.2291889,1,1
6,73,8,18,1,0,1,2,0,0,4,4,0,42,0,1,4,1,2,45,2,1,2,1,0,0,2,1,0,0,99,99,99,99,99,99,0,0,0,0,1,3,1,61577,0,2009,0,EL MONTE RD,99999999999999999999,0000000,32.87346111,-116.8797889,1,1
6,77,8,18,20,26,1,2,1,0,6,4,0,9,0,1,1,5,2,55,1,1,2,1,0,0,5,1,0,0,99,99,99,99,99,99,0,0,0,0,1,3,1,61578,0,2009,0,COLLIER RD,99999999999999999999,0000000,38.21829722,-121.2598861,1,1
6,65,8,19,0,55,1,1,0,0,2,3,0,36,0,1,5,1,2,55,2,3,2,1,0,0,2,1,0,0,99,99,99,99,99,99,0,0,0,0,1,4,1,61579,0,2009,908,SR-74,99999999999999999999,0000000,33.65811944,-116.4002611,1,1
6,29,8,19,1,35,1,8,0,1,2,3,0,38,0,1,5,2,2,70,1,1,2,1,0,0,2,1,0,0,99,99,99,99,99,99,0,0,0,0,3,4,0,61580,0,2009,1312,SR-58,99999999999999999999,0000000,35.00730833,-117.8483889,1,1
6,39,8,19,2,58,2,2,0,0,2,3,0,12,2,1,1,1,2,55,1,1,2,1,0,0,2,1,0,0,99,99,99,99,88,88,0,0,0,0,1,4,0,61581,0,2009,54,SR-145,99999999999999999999,0000000,36.89958889,-120.0551806,2,1
6,1,8,20,1,20,2,2,0,0,4,4,0,39,0,3,4,1,2,35,1,2,2,1,3,3,3,1,0,0,99,99,99,99,99,99,0,20,0,0,1,5,1,61582,0,2009,0,GROVE WY,REDWOOD RD,0000000,37.68423056,-122.0735306,2,1
6,33,8,20,11,2,2,2,0,0,2,3,0,12,2,1,1,1,2,55,2,1,2,1,0,0,1,1,0,0,99,99,99,99,99,99,0,0,0,0,1,5,1,61583,0,2009,115,SR-29,99999999999999999999,0000000,38.81683056,-122.5739306,2,1
6,37,6,20,0,31,2,1,0,0,16,6,0,33,0,1,4,1,2,25,1,2,2,1,0,0,3,1,0,0,99,99,99,99,99,99,0,0,0,0,1,7,0,61584,3445,2009,0,FAMBROUGH ST,99999999999999999999,0000000,34.36631389,-118.5464083,1,1
6,19,8,16,21,9,2,4,0,0,14,6,0,12,5,1,1,2,3,40,1,1,1,1,0,0,1,1,0,0,99,99,99,99,99,99,0,0,0,0,1,1,1,61585,1370,2009,0,BLACKSTONE AVE,99999999999999999999,0000000,36.81278889,-119.7907167,2,1
6,71,8,17,17,23,2,3,0,0,14,6,0,12,2,2,1,1,2,55,1,1,2,1,20,3,1,1,0,0,99,99,99,99,99,99,0,0,0,0,1,2,1,61586,4291,2009,0,YUCCA TRAIL,INDIO AVE,0000000,34.12050833,-116.3786306,2,1
6,81,8,21,13,24,1,1,0,1,12,2,0,16,0,13,1,6,1,65,2,2,2,1,0,0,1,1,0,0,99,99,99,99,99,99,0,0,0,0,1,6,0,61587,3390,2009,116,US-101 RAMP,99999999999999999999,0000000,37.49558056,-122.3688833,1,1
6,7,8,3,19,35,1,1,0,0,14,6,0,33,0,1,4,5,5,35,1,2,2,1,0,0,1,1,0,0,99,99,99,99,88,88,0,0,0,0,1,2,0,61588,2600,2009,0,TABLE MOUNTAIN BLVD,99999999999999999999,0000000,39.52415278,-121.5587472,1,1
6,13,8,4,21,26,1,2,1,0,13,6,0,8,0,1,1,2,2,55,1,1,1,1,0,0,2,1,0,0,99,99,99,99,99,99,0,0,0,0,1,3,0,61589,460,2009,0,HWY 4 BYPASS,99999999999999999999,0000000,37.94911389,-121.7775139,1,1
6,73,8,6,19,57,1,2,0,1,12,3,0,42,0,1,4,3,4,65,1,1,2,1,0,0,3,1,0,0,99,99,99,99,99,99,0,0,0,0,1,5,1,61590,1200,2009,159,SR-78,99999999999999999999,0000000,33.12675278,-117.1056639,1,1
6,1,8,15,3,19,1,5,0,0,14,6,0,33,0,3,4,1,2,30,2,1,2,1,0,0,3,1,0,0,99,99,99,99,99,99,0,0,0,0,1,7,1,61591,3360,2009,0,GRAND AVE,JOAQUIN AVE,0000000,37.72848056,-122.1389306,1,1
6,99,8,20,12,25,2,5,0,0,4,4,0,12,5,2,1,1,2,55,1,1,2,1,20,3,1,1,0,0,99,99,99,99,99,99,0,0,0,0,2,5,0,61592,0,2009,0,SANTA FE AVE,BARNHART RD,0000000,37.54393889,-120.8148306,2,1
6,37,8,20,14,15,2,2,0,1,12,3,0,1,0,1,1,2,2,65,2,1,1,1,0,0,1,1,0,0,99,99,99,99,88,88,0,0,0,0,1,5,0,61593,2870,2009,16,SR-71,99999999999999999999,0000000,34.06044167,-117.7879472,2,1
6,39,8,20,14,24,2,6,0,1,2,3,0,12,2,1,1,1,2,55,1,1,1,1,0,0,1,1,0,0,99,99,99,99,99,99,0,0,0,0,3,5,0,61594,0,2009,111,SR-41,99999999999999999999,0000000,37.03390278,-119.784875,2,1
6,85,8,20,18,55,1,1,0,0,4,4,0,1,0,1,2,1,2,55,2,1,2,1,0,0,1,1,0,0,99,99,99,99,88,88,0,0,0,0,1,5,0,61595,0,2009,0,UVAS RD,99999999999999999999,0000000,37.06255,-121.6889806,1,1
6,37,8,20,19,22,1,4,0,0,15,6,0,33,0,1,4,2,2,50,1,2,1,1,0,0,1,1,0,0,99,99,99,99,99,99,0,0,0,0,1,5,0,61596,1695,2009,0,GRAND AVE,99999999999999999999,0000000,34.06068333,-118.2435333,1,1
6,13,8,4,20,17,3,1,0,0,16,6,0,33,0,1,4,1,2,25,1,1,2,1,0,0,3,1,0,0,99,99,99,99,99,99,0,0,0,0,1,3,0,61597,820,2009,0,ESPERANZA DR,99999999999999999999,0000000,37.99773889,-122.0250111,1,1
6,67,8,4,20,49,2,5,0,1,12,2,0,12,5,1,1,3,4,65,1,2,1,1,0,0,3,1,0,0,99,99,99,99,99,99,0,0,0,0,1,3,0,61598,2934,2009,120,US-50,99999999999999999999,0000000,38.60223056,-121.2769806,2,1
6,73,8,6,22,6,5,1,0,0,16,6,0,14,7,1,7,1,2,25,1,1,2,1,0,0,2,1,0,0,99,99,99,99,88,88,0,0,0,0,1,5,1,61599,1685,2009,0,11TH ST,99999999999999999999,0000000,32.57318056,-117.1100722,1,1
6,101,8,8,6,55,2,2,0,0,6,4,0,12,5,1,1,1,2,35,1,1,2,1,0,0,1,1,0,0,99,99,99,99,88,88,0,0,0,0,1,7,0,61600,0,2009,0,REED RD,99999999999999999999,0000000,39.08350556,-121.6582194,2,1
6,71,8,8,18,59,2,2,0,0,15,6,0,12,5,1,1,1,2,35,1,1,1,1,0,0,1,1,0,0,99,99,99,99,99,99,0,20,0,0,1,7,0,61601,3210,2009,0,N H STREET,99999999999999999999,0000000,34.13020556,-117.3009167,2,1
6,65,8,9,16,56,1,2,1,0,14,6,0,9,0,1,1,5,2,40,1,1,2,1,0,0,1,1,0,0,99,99,99,99,99,99,0,0,0,0,1,1,1,61602,4197,2009,0,CORYDON RD,99999999999999999999,0000000,33.628575,-117.2949944,1,1
6,99,8,16,1,19,1,3,0,0,13,6,0,33,0,3,4,1,6,30,1,1,2,1,20,3,3,1,0,0,99,99,99,99,99,99,0,0,0,0,2,1,1,61603,2200,2009,0,N CARPENTER RD,N 9TH ST,0000000,37.66442778,-121.0312472,1,1
6,73,8,16,9,20,2,2,0,1,11,1,0,12,1,1,1,3,5,65,1,2,1,1,0,0,1,1,0,0,99,99,99,99,99,99,0,23,0,0,1,1,0,61604,1200,2009,277,I-15,99999999999999999999,0000000,33.08051944,-117.0719861,2,1
6,23,8,19,13,45,1,1,0,1,2,3,0,32,0,1,4,1,2,55,2,1,2,1,0,0,1,1,0,0,99,99,99,99,99,99,0,0,0,0,1,4,0,61605,0,2009,86,SR-299,99999999999999999999,0000000,40.88946944,-123.9422194,1,1
6,101,8,22,99,99,1,1,0,0,6,4,0,43,0,3,4,1,2,55,1,1,2,1,40,3,2,1,0,0,99,99,99,99,88,88,0,0,0,0,1,7,1,61606,0,2009,0,DEL MONTE AVE,KNIGHTS RD,0000000,38.86973889,-121.7184306,1,1
6,47,7,28,1,50,1,1,0,0,5,5,0,1,0,1,2,1,2,55,1,1,2,1,0,0,2,1,0,0,99,99,99,99,99,99,0,0,0,0,1,3,1,61607,0,2009,0,ATWATER JORDAN RD,99999999999999999999,0000000,37.33138611,-120.6636583,1,1
6,95,7,28,2,21,1,2,0,0,13,6,0,30,0,1,4,2,2,45,1,1,2,1,0,0,3,1,0,0,99,99,99,99,99,99,0,0,0,0,1,3,1,61608,1260,2009,0,PEABODY RD,99999999999999999999,0000000,38.301775,-121.97,1,1
6,59,8,13,22,54,1,2,1,0,13,6,0,8,0,1,1,3,4,45,1,1,2,1,0,0,3,1,0,0,99,99,99,99,99,99,0,0,0,0,1,5,0,61609,3760,2009,0,BEACH BL,99999999999999999999,0000000,33.78841667,-117.9928389,1,1
6,37,8,13,21,0,1,2,0,1,11,1,0,33,0,5,4,6,2,65,1,1,1,1,0,0,2,1,0,0,99,99,99,99,88,88,0,0,0,0,2,5,1,61610,1980,2009,260,I-5 RAMP,99999999999999999999,0000000,34.14261944,-118.2788889,1,1
6,65,8,20,11,56,2,2,0,0,4,4,0,12,5,2,1,1,2,55,1,1,2,1,20,3,1,1,0,0,99,99,99,99,99,99,0,0,0,0,1,5,0,61611,0,2009,0,RAMON RD,DESERT MOON DR,0000000,33.81643611,-116.3797028,2,1
6,25,8,20,20,15,1,8,0,1,1,1,0,7,0,1,1,2,2,70,1,1,2,1,0,0,2,1,0,0,99,99,99,99,99,99,0,0,0,0,1,5,0,61612,0,2009,204,I-8,99999999999999999999,0000000,32.75894722,-115.8536611,1,1
6,45,8,20,22,25,1,1,0,0,2,3,0,38,0,1,4,1,2,55,2,2,1,2,0,0,2,1,0,0,99,99,99,99,88,88,0,0,0,0,1,5,1,61613,0,2009,191,SR-1,99999999999999999999,0000000,38.9086,-123.6924944,1,1
6,37,8,21,4,10,1,2,1,0,14,6,0,8,0,3,1,1,2,35,1,1,2,1,3,3,3,1,0,0,99,99,99,99,99,99,0,0,0,0,1,6,0,61614,1980,2009,0,TUJUNGA AVE,OXNARD ST,0000000,34.17945278,-118.3790361,1,1
6,67,8,21,6,40,2,2,0,0,2,4,0,12,5,2,1,1,2,55,1,1,2,1,20,3,1,1,0,0,99,99,99,99,88,88,0,0,0,0,1,6,0,61615,0,2009,0,FLORIN RD,EAGLES NEST RD,0000000,38.49658333,-121.2608611,2,1
6,19,8,23,1,38,1,3,1,0,2,3,0,8,0,1,1,1,2,55,1,1,2,1,0,0,2,1,0,0,99,99,99,99,88,88,0,0,0,0,1,1,0,61616,0,2009,609,SR-33,99999999999999999999,0000000,36.73757778,-120.3871111,1,1
6,29,8,23,5,57,1,1,0,1,12,3,0,1,0,1,5,2,2,70,1,1,2,1,0,0,1,1,0,0,99,99,99,99,99,99,0,0,0,0,1,1,0,61617,0,2009,38,SR-14,99999999999999999999,0000000,34.87508889,-118.1694611,1,1
6,45,8,23,10,10,1,1,0,1,2,2,0,1,0,1,2,1,3,55,2,2,2,1,0,0,1,1,0,0,99,99,99,99,99,99,0,0,0,0,1,1,0,61618,0,2009,756,US-101,99999999999999999999,0000000,39.70130833,-123.4870139,1,1
6,71,8,21,20,11,1,2,1,0,15,6,0,9,0,2,1,1,2,35,1,1,2,1,20,3,3,1,0,0,99,99,99,99,99,99,0,0,0,0,1,6,0,61619,0,2009,0,ACACIA AVE,MADRONA ST,0000000,34.11740278,-117.3616778,1,1
6,87,8,21,21,22,1,2,1,0,16,6,0,8,0,8,1,2,2,25,1,1,2,1,0,0,3,1,0,0,99,99,99,99,99,99,0,0,0,0,1,6,1,61620,3450,2009,0,OCEAN ST,99999999999999999999,0000000,36.97525,-122.0192472,1,1
6,97,8,22,0,28,2,6,0,0,12,3,0,12,5,2,1,3,2,55,1,1,2,1,3,3,3,1,0,0,99,99,99,99,88,88,0,0,0,0,1,7,0,61621,3490,2009,129,SR-12,FULTON RD,0000000,38.42749444,-122.7691583,2,1
6,73,8,22,1,19,1,1,0,1,11,1,0,33,0,1,8,3,4,65,1,1,2,1,0,0,3,1,0,0,99,99,99,99,88,88,0,0,0,0,1,7,1,61622,3260,2009,221,I-5,99999999999999999999,0000000,32.78752778,-117.2069111,1,1
6,57,8,22,1,57,1,1,0,0,16,6,0,17,0,1,4,1,2,45,1,2,2,1,0,0,2,1,0,0,99,99,99,99,88,88,0,0,0,0,1,7,0,61623,3900,2009,0,GLENSHIRE DR,99999999999999999999,0000000,39.33618889,-120.1466139,1,1
6,37,8,22,2,25,2,2,0,0,13,6,0,12,2,3,1,1,4,35,1,1,2,1,0,0,3,1,0,0,99,99,99,99,99,99,0,0,0,0,1,7,1,61624,810,2009,0,ATLANTIC AVE,SPORTSMAN DR,0000000,33.88437222,-118.1901028,2,1
6,67,8,22,2,29,2,2,0,0,14,6,0,12,5,2,1,2,2,45,1,1,2,1,3,3,3,1,0,0,99,99,99,99,88,88,0,0,0,0,1,7,1,61625,3150,2009,0,FLORIN PERKINS RD,ELDER CREEK RD,0000000,38.51059722,-121.3905639,2,1
6,27,8,22,10,30,1,7,0,0,2,3,0,35,0,1,5,1,2,65,1,2,2,1,0,0,1,1,0,0,99,99,99,99,99,99,0,0,0,0,2,7,0,61626,0,2009,1292,SR-190,99999999999999999999,0000000,36.34693333,-116.6198722,1,1
6,73,8,22,11,45,2,2,0,0,2,4,0,12,2,1,1,1,2,55,1,1,2,1,0,0,1,1,0,0,99,99,99,99,88,88,0,0,0,0,1,7,1,61627,0,2009,0,DEL DIOS HWY,99999999999999999999,0000000,33.04025556,-117.158675,2,1
6,11,8,22,12,30,1,1,0,0,6,4,0,42,0,1,5,1,2,25,2,1,2,1,40,3,1,1,0,0,99,99,99,99,88,88,0,0,0,0,1,7,0,61628,0,2009,0,BUTTE SLOUGH RD,99999999999999999999,0000000,39.19857222,-121.9470833,1,1
6,29,8,22,20,20,1,2,1,0,2,4,0,8,0,1,1,2,2,45,1,1,2,1,0,0,2,1,0,0,99,99,99,99,99,99,0,0,0,0,1,7,0,61629,0,2009,0,S UNION AVE,99999999999999999999,0000000,35.30683611,-119.002975,1,1
6,79,9,2,13,25,2,2,0,0,2,3,0,12,2,2,1,1,2,55,2,1,2,1,40,3,1,1,0,0,99,99,99,99,99,99,0,0,0,0,2,4,0,61630,0,2009,43,SR-227,NOYES RD,0000000,35.16900278,-120.5824611,2,1
6,19,8,5,3,30,1,4,0,0,3,4,0,33,0,1,2,1,4,45,1,1,2,1,0,0,2,1,0,0,99,99,99,99,99,99,0,0,0,0,1,4,1,61631,0,2009,0,BULLARD AVE,99999999999999999999,0000000,36.82274444,-119.8393722,1,1
6,19,8,11,22,25,2,2,0,0,4,4,0,12,5,2,1,1,2,55,1,1,2,1,20,3,2,1,0,0,99,99,99,99,99,99,0,0,0,0,1,3,1,61632,0,2009,0,MANNING AVE,PEACH AVE,0000000,36.605425,-119.71835,2,1
6,85,8,21,14,0,2,4,0,0,6,4,0,12,5,2,1,1,2,45,1,1,2,1,20,3,1,1,0,0,99,99,99,99,99,99,0,0,0,0,1,6,0,61633,0,2009,0,BUENA VISTA AVE,NO NAME UNO,0000000,37.04437778,-121.5752778,2,1
6,99,8,21,16,2,1,1,0,0,16,6,0,1,0,4,1,1,2,0,1,1,5,1,0,0,1,1,0,0,99,99,99,99,99,99,0,4,0,0,1,6,1,61634,1650,2009,0,5TH ST,99999999999999999999,0000000,37.600325,-120.8631389,1,1
6,71,8,21,17,0,2,3,0,0,2,3,0,12,8,1,1,1,2,55,2,2,2,1,0,0,1,1,0,0,99,99,99,99,88,88,0,0,0,0,1,6,0,61635,0,2009,47,SR-173,99999999999999999999,0000000,34.30806667,-117.2818194,2,1
6,85,9,6,0,50,1,2,1,0,12,3,0,8,0,13,1,6,2,65,1,1,2,1,0,0,2,1,0,0,99,99,99,99,88,88,0,0,0,0,1,1,0,61636,3340,2009,49,SR-87 RAMP,99999999999999999999,0000000,37.32065833,-121.8899861,1,1
6,73,6,1,5,3,2,2,0,0,4,4,0,12,2,2,1,1,2,45,1,1,2,2,0,0,2,2,0,0,99,99,99,99,99,99,0,0,0,0,1,2,1,61637,0,2009,0,LAKE JENNINGS PARK,JACK OAK RD,0000000,32.84935278,-116.8903528,2,2
6,37,7,21,2,7,1,2,1,1,12,3,0,9,0,1,1,3,5,65,1,1,1,1,0,0,3,1,0,0,99,99,99,99,88,88,0,0,0,0,1,3,0,61638,3686,2009,106,SR-60,99999999999999999999,0000000,34.03875278,-118.0454417,1,1
6,41,8,9,16,47,2,3,0,0,2,3,0,12,5,1,1,1,2,35,1,1,2,1,0,0,1,1,0,0,99,99,99,99,99,99,0,0,0,0,1,1,0,61639,0,2009,283,SR-1,99999999999999999999,0000000,38.06218333,-122.8035444,2,1
6,109,9,4,23,15,1,3,0,0,2,3,0,27,0,1,4,1,2,55,1,1,2,1,0,0,2,1,0,0,99,99,99,99,99,99,0,0,0,0,1,6,1,61640,0,2009,238,SR-49,99999999999999999999,0000000,37.98929722,-120.4454333,1,1
6,73,9,6,10,30,1,1,0,1,2,3,0,1,0,1,1,1,2,55,2,2,2,1,0,0,1,6,0,0,99,99,99,99,88,88,0,0,0,0,1,1,0,61641,0,2009,332,SR-94,99999999999999999999,0000000,32.61624444,-116.7269028,1,6
6,97,7,30,21,42,1,2,1,0,3,4,0,15,0,1,1,1,2,45,1,1,2,1,0,0,2,1,0,0,99,99,99,99,99,99,0,0,0,0,1,5,0,61642,0,2009,0,OLD REDWOOD HWY,99999999999999999999,0000000,38.51811944,-122.7719583,1,1
6,107,7,31,19,40,1,4,0,1,12,3,0,39,0,1,4,3,2,70,1,1,2,1,0,0,5,1,0,0,99,99,99,99,99,99,0,0,0,0,1,6,0,61643,3920,2009,279,SR-99,99999999999999999999,0000000,36.18634722,-119.328475,1,1
6,73,8,6,15,32,3,1,0,0,16,6,0,14,1,1,7,1,2,25,1,1,2,1,0,0,1,1,0,0,99,99,99,99,99,99,0,0,0,0,1,5,1,61644,3260,2009,0,BROOKHAVEN RD,99999999999999999999,0000000,32.69511944,-117.0322667,1,1
6,13,8,11,15,34,1,2,0,0,12,3,0,1,0,1,1,3,5,65,1,1,2,1,0,0,1,1,0,0,99,99,99,99,99,99,0,0,0,0,1,3,0,61645,1779,2009,129,SR-24,99999999999999999999,0000000,37.89666667,-122.1036917,1,1
6,95,8,11,15,55,1,2,1,0,6,4,0,8,0,1,1,1,2,55,1,1,2,1,0,0,1,1,0,0,99,99,99,99,88,88,0,0,0,0,1,3,0,61646,0,2009,0,RAMSEY RD,99999999999999999999,0000000,38.20393889,-122.1376611,1,1
6,71,8,11,19,10,1,1,0,1,11,1,0,38,0,1,4,3,3,70,1,1,1,1,0,0,1,1,0,0,99,99,99,99,88,88,0,0,0,0,1,3,0,61647,115,2009,463,I-5,99999999999999999999,0000000,34.57753611,-117.2710639,1,1
6,97,8,16,12,15,2,4,0,0,4,5,0,12,5,2,1,1,2,40,2,2,2,1,20,3,1,1,0,0,99,99,99,99,99,99,0,0,0,0,1,1,0,61648,0,2009,0,SKAGGS SPRINGS RD,LK SONOMA OVRLOOK RD,0000000,38.70641944,-123.0080389,2,1
6,29,8,16,99,99,1,1,0,0,6,4,0,1,0,1,4,1,2,55,1,1,2,1,0,0,2,1,0,0,99,99,99,99,88,88,0,0,0,0,1,1,1,61649,0,2009,0,ROSAMOND BL,99999999999999999999,0000000,34.86314167,-118.3496528,1,1
6,65,8,16,12,25,1,6,0,1,1,1,0,1,0,1,3,2,2,70,1,1,2,1,0,0,1,1,0,0,99,99,99,99,99,99,0,0,0,0,3,1,0,61650,0,2009,1440,I-10,99999999999999999999,0000000,33.60893611,-114.7460167,1,1
6,107,8,19,22,38,1,2,1,0,14,6,0,8,0,1,1,1,2,40,1,1,2,1,0,0,2,1,0,0,99,99,99,99,88,88,0,0,0,0,1,4,0,61651,4050,2009,0,HOUSTON AVE,99999999999999999999,0000000,36.34185833,-119.2845028,1,1
6,71,7,19,0,55,2,5,1,1,11,1,0,8,0,1,1,3,4,65,1,1,1,1,0,0,3,1,0,0,99,99,99,99,88,88,0,0,0,0,1,1,0,61652,790,2009,218,I-10,99999999999999999999,0000000,34.06845278,-117.3390806,2,1
6,59,7,31,19,40,4,4,0,1,11,1,0,12,7,1,1,3,6,65,1,1,2,1,0,0,5,1,0,0,99,99,99,99,99,99,0,0,0,0,1,6,1,61653,1660,2009,155,I-405,99999999999999999999,0000000,33.72873333,-117.9837972,4,1
6,111,8,1,2,29,1,1,0,0,13,6,0,46,0,3,4,2,2,50,2,1,1,1,3,3,3,1,0,0,99,99,99,99,88,88,0,0,0,0,1,7,1,61654,2620,2009,0,RICE AVE,SR-101 RAMP,0000000,34.22268333,-119.1423889,1,1
6,37,8,23,11,0,2,2,0,1,2,3,0,1,0,1,1,1,2,55,2,3,2,1,40,3,1,1,0,0,99,99,99,99,99,99,0,0,0,0,1,1,0,61655,0,2009,694,SR-2,99999999999999999999,0000000,34.35973333,-117.7990139,2,1