STATE,COUNTY,MONTH,DAY,HOUR,MINUTE,VE_TOTAL,PERSONS,PEDS,NHS,ROAD_FNC,ROUTE,SP_JUR,HARM_EV,MAN_COLL,REL_JUNC,REL_ROAD,TRAF_FLO,NO_LANES,SP_LIMIT,ALIGNMNT,PROFILE,PAVE_TYP,SUR_COND,TRA_CONT,T_CONT_F,LGT_COND,WEATHER1,WEATHER2,WRK_ZONE,NOT_HOUR,NOT_MIN,ARR_HOUR,ARR_MIN,HOSP_HR,HOSP_MN,SCH_BUS,CF1,CF2,CF3,FATALS,DAY_WEEK,DRUNK_DR,ST_CASE,CITY,YEAR,MILEPT,TWAY_ID,TWAY_ID2,RAIL,LATITUDE,LONGITUD,VE_FORMS,WEATHER
6,83,8,23,13,9,2,5,0,0,2,3,0,12,2,1,1,1,2,45,1,2,2,1,0,0,1,1,0,0,99,99,99,99,99,99,0,0,0,0,1,1,0,61656,0,2009,153,SR-154,99999999999999999999,0000000,34.56775,-119.94945,2,1
6,47,8,23,13,55,1,1,0,0,4,4,0,30,0,1,4,1,2,55,1,1,2,1,0,0,1,1,0,0,99,99,99,99,88,88,0,0,0,0,1,1,1,61657,0,2009,0,PALM AVE,99999999999999999999,0000000,36.99443056,-120.6177,1,1
6,29,8,23,16,0,4,11,0,1,1,1,0,12,7,1,1,2,4,65,1,2,1,1,0,0,1,1,0,0,99,99,99,99,99,99,0,14,0,0,1,1,0,61658,0,2009,89,I-5,99999999999999999999,0000000,34.928,-118.9224306,4,1
6,37,8,13,6,52,1,1,0,1,11,1,0,25,0,13,4,6,2,65,2,2,2,1,0,0,1,1,0,0,99,99,99,99,99,99,0,0,0,0,1,5,0,61659,1980,2009,74,I-110,99999999999999999999,0000000,33.92843056,-118.2788306,1,1
6,47,8,22,14,9,1,5,0,1,12,3,0,31,0,1,4,2,2,65,1,1,2,1,0,0,1,1,0,0,99,99,99,99,99,99,0,0,0,0,1,7,0,61660,0,2009,127,SR-99,99999999999999999999,0000000,37.28248889,-120.4502694,1,1
6,71,8,28,16,3,1,1,0,0,13,6,0,33,0,1,4,2,2,45,1,1,2,1,0,0,1,1,0,0,99,99,99,99,88,88,0,0,0,0,1,6,0,61661,4000,2009,0,EUCLID AVE,99999999999999999999,0000000,34.1407,-117.6514944,1,1
6,47,9,6,13,5,1,1,0,1,12,3,0,35,0,1,4,2,2,65,1,1,1,1,0,0,1,1,0,0,99,99,99,99,99,99,0,0,0,0,1,1,1,61662,0,2009,309,SR-99,99999999999999999999,0000000,37.39695,-120.74115,1,1
6,37,9,7,0,1,2,2,0,1,12,1,0,33,0,1,3,2,6,65,1,1,1,1,0,0,3,1,0,0,99,99,99,99,88,88,0,0,0,0,1,2,1,61663,0,2009,250,I-710,99999999999999999999,0000000,34.04143056,-118.1702444,2,1
6,81,8,9,18,35,4,9,0,0,12,3,0,12,3,1,1,1,2,55,1,1,2,1,0,0,1,1,0,0,99,99,99,99,99,99,0,14,0,0,1,1,1,61664,0,2009,401,SR-1,99999999999999999999,0000000,37.55268889,-122.5122944,4,1
6,37,1,20,14,30,3,5,0,1,11,1,0,12,5,13,1,6,2,65,2,2,1,1,0,0,1,1,0,0,99,99,99,99,99,99,0,0,0,0,1,3,0,61665,1980,2009,97,I-110 RAMP,99999999999999999999,0000000,33.872525,-118.2822667,3,1
6,83,2,19,18,33,1,7,0,1,2,2,0,1,0,1,4,2,2,65,2,2,1,1,0,0,2,1,0,0,99,99,99,99,99,99,0,0,0,0,6,5,0,61666,0,2009,701,US-101,99999999999999999999,0000000,34.73698889,-120.2588306,1,1
6,37,3,1,10,45,1,5,0,1,12,3,0,1,0,1,1,3,5,65,1,1,1,1,0,0,1,1,0,0,99,99,99,99,99,99,0,0,0,0,1,1,0,61667,0,2009,268,SR-60,99999999999999999999,0000000,34.02743889,-117.7927306,1,1
6,101,4,6,6,44,2,2,0,1,2,3,0,12,2,2,1,1,2,55,1,1,2,1,20,3,1,1,0,0,99,99,99,99,88,88,0,0,0,0,1,2,0,61668,0,2009,92,SR-20,ACACIA AVE,0000000,39.14231111,-121.7540611,2,1
6,59,4,20,19,37,1,1,0,1,11,1,0,29,0,1,4,3,4,65,2,1,1,1,0,0,1,1,0,0,99,99,99,99,88,88,0,0,0,0,1,2,0,61669,1974,2009,10,I-605,99999999999999999999,0000000,33.79801389,-118.0860333,1,1
6,65,5,16,2,33,1,1,0,0,15,6,0,42,0,1,3,2,1,40,1,1,2,1,0,0,3,1,0,0,99,99,99,99,88,88,0,0,0,0,1,7,1,61670,3070,2009,0,VICTORIA AVE,99999999999999999999,0000000,33.91631667,-117.413325,1,1
6,37,5,19,7,20,1,2,0,1,12,3,0,1,0,1,1,3,3,65,1,1,1,1,0,0,1,1,0,0,99,99,99,99,99,99,0,0,0,0,1,3,0,61671,2645,2009,590,SR-14,99999999999999999999,0000000,34.56535,-118.1330389,1,1
6,37,8,23,20,45,1,2,1,0,14,6,0,15,0,3,1,2,2,30,1,1,2,1,0,0,3,1,0,0,99,99,99,99,99,99,0,0,0,0,1,1,0,61672,1970,2009,0,ANAHEIM ST,LIME AVE,0000000,33.78261389,-118.1838833,1,1
6,65,8,23,22,10,1,2,1,1,2,3,0,8,0,1,1,1,2,55,2,1,2,1,0,0,2,1,0,0,99,99,99,99,88,88,0,0,0,0,1,1,0,61673,0,2009,32,SR-79,99999999999999999999,0000000,33.44346944,-116.8783806,1,1
6,67,8,24,7,5,3,4,0,1,11,1,0,12,5,5,1,6,2,65,2,2,2,1,0,0,1,1,0,0,99,99,99,99,99,99,0,0,0,0,1,2,1,61674,3150,2009,161,I-5 RAMP,99999999999999999999,0000000,38.481,-121.5103,3,1
6,75,8,24,8,51,1,3,1,0,14,6,0,8,0,3,1,2,2,25,1,1,2,1,20,3,1,1,0,0,99,99,99,99,99,99,0,0,0,0,1,2,0,61675,3290,2009,0,DOLORES ST,15TH ST,0000000,37.76626944,-122.4266028,1,1
6,71,8,24,9,45,2,2,0,1,12,3,0,12,1,1,1,3,5,65,1,1,1,1,0,0,1,1,0,0,99,99,99,99,88,88,0,0,0,0,1,2,0,61676,2550,2009,59,SR-60,99999999999999999999,0000000,34.03061111,-117.6282833,2,1
6,19,8,24,13,49,2,6,0,0,4,4,0,12,5,2,1,1,2,55,1,1,2,1,20,3,1,1,0,0,99,99,99,99,99,99,0,0,0,0,2,2,0,61677,0,2009,0,CLOVIS AVE,MANNING AVE,0000000,36.60545,-119.7003306,2,1
6,25,7,13,14,50,1,4,0,1,1,1,0,1,0,1,2,2,2,70,1,1,2,1,0,0,1,1,0,0,99,99,99,99,99,99,0,0,0,0,1,2,0,61678,0,2009,178,I-8,99999999999999999999,0000000,32.75248889,-115.8946694,1,1
6,19,7,26,4,48,2,1,0,0,13,6,0,14,1,1,2,2,2,40,1,1,2,1,0,0,3,1,0,0,99,99,99,99,99,99,0,0,0,0,1,1,1,61679,1370,2009,0,MCKINLEY AVE,99999999999999999999,0000000,36.76493611,-119.7657278,1,1
6,71,7,29,14,35,1,1,0,1,2,3,0,20,0,1,4,1,2,55,1,1,2,1,0,0,1,1,0,0,99,99,99,99,99,99,0,0,0,0,1,4,1,61680,0,2009,135,SR-138,99999999999999999999,0000000,34.31868889,-117.50415,1,1
6,77,8,30,1,48,1,4,0,0,13,6,0,33,0,1,3,2,2,45,1,1,2,1,0,0,3,1,0,0,99,99,99,99,99,99,0,0,0,0,1,1,0,61681,1940,2009,0,LOWER SACRAMENTO RD,99999999999999999999,0000000,38.12628056,-121.3066028,1,1
6,71,8,30,23,28,2,3,0,1,11,1,0,12,7,1,1,3,2,65,1,1,2,1,0,0,2,1,0,0,99,99,99,99,99,99,0,0,0,0,1,1,1,61682,3210,2009,134,I-215,99999999999999999999,0000000,34.18431944,-117.35195,2,1
6,37,7,31,3,30,1,3,0,1,12,2,0,27,0,1,4,3,4,65,2,2,1,1,0,0,2,1,0,0,99,99,99,99,99,99,0,0,0,0,1,6,1,61683,518,2009,307,US-101,99999999999999999999,0000000,34.14501944,-118.7018028,1,1
6,73,8,19,5,10,1,1,0,1,11,1,0,39,0,13,4,6,1,65,2,2,1,1,0,0,4,1,0,0,99,99,99,99,88,88,0,0,0,0,1,4,0,61684,1820,2009,124,I-8 RAMP,99999999999999999999,0000000,32.77918056,-117.0027611,1,1
6,67,9,2,12,51,1,2,1,0,16,6,0,8,0,4,1,4,3,25,1,1,2,1,0,0,1,1,0,0,99,99,99,99,99,99,0,0,0,0,1,4,0,61685,3150,2009,0,L ST,99999999999999999999,0000000,38.57905,-121.4978778,1,1
6,81,9,2,13,46,4,1,0,0,14,6,0,14,4,1,7,1,4,35,2,1,2,1,0,0,1,1,0,0,99,99,99,99,99,99,0,0,0,0,1,4,0,61686,490,2009,0,TROUSDALE DR,99999999999999999999,0000000,37.59116944,-122.3874444,1,1
6,37,9,2,22,5,1,3,1,1,13,6,0,8,0,3,1,2,4,40,1,1,2,1,2,3,3,1,0,0,99,99,99,99,99,99,0,0,0,0,1,4,0,61687,1980,2009,0,SEPULVEDA BL,CENTURY BL,0000000,33.94559167,-118.3961472,1,1
6,39,9,3,5,44,2,11,0,0,3,4,0,12,5,2,1,1,2,55,1,1,2,1,20,3,2,1,0,0,99,99,99,99,99,99,0,0,0,0,1,5,0,61688,0,2009,0,AVENUE 12,ROAD 25,0000000,36.92379167,-120.0924167,2,1
6,73,9,3,18,25,2,4,0,0,16,6,0,12,5,2,1,1,2,25,1,1,2,1,20,3,1,1,0,0,99,99,99,99,99,99,0,0,0,0,1,5,1,61689,3260,2009,0,ARIZONA ST,MEADE AVE,0000000,32.75724167,-117.1376139,2,1
6,59,9,3,20,10,1,1,0,1,12,3,0,42,0,1,5,3,7,65,1,1,2,1,0,0,3,1,0,0,99,99,99,99,88,88,0,0,0,0,1,5,0,61690,80,2009,113,SR-91,99999999999999999999,0000000,33.85401111,-117.7961889,1,1
6,77,9,4,1,13,1,1,0,1,12,3,0,52,0,1,4,3,3,65,1,1,2,1,0,0,2,1,0,0,99,99,99,99,88,88,0,0,0,0,1,6,1,61691,0,2009,173,SR-99,99999999999999999999,0000000,37.942,-121.2351306,1,1
6,17,9,4,7,41,1,1,0,0,15,6,0,33,0,1,4,1,2,30,1,1,2,1,0,0,1,1,0,0,99,99,99,99,99,99,0,0,0,0,1,6,0,61692,2810,2009,0,MALLARD LN,99999999999999999999,0000000,38.72854444,-120.8444806,1,1
6,29,9,4,19,50,2,2,0,0,4,4,0,12,1,1,1,1,2,55,1,1,2,1,0,0,5,1,0,0,99,99,99,99,99,99,0,0,0,0,1,6,1,61693,0,2009,0,FAMOSO-PORTERVILLE,99999999999999999999,0000000,35.71941944,-119.1588417,2,1
6,37,9,4,23,9,2,4,3,1,12,3,0,14,7,1,2,3,3,65,1,1,1,1,0,0,3,1,0,0,99,99,99,99,99,99,0,0,0,0,1,6,0,61694,0,2009,551,SR-14,99999999999999999999,0000000,34.50538889,-118.1150806,1,1
6,19,8,4,22,27,1,1,0,0,16,6,0,33,0,1,3,2,2,40,2,1,2,1,0,0,3,1,0,0,99,99,99,99,88,88,0,0,0,0,1,3,1,61695,740,2009,0,FOWLER AVE,99999999999999999999,0000000,36.83451389,-119.6821694,1,1
6,37,8,9,19,45,2,2,0,0,3,4,0,12,2,1,1,1,4,40,1,2,2,1,0,0,5,1,0,0,99,99,99,99,99,99,0,0,0,0,1,1,0,61696,0,2009,0,NORMANDIE AVE,99999999999999999999,0000000,33.93964444,-118.3003083,2,1
6,37,8,10,20,10,1,2,1,0,13,6,0,8,0,1,1,1,4,35,1,1,2,1,0,0,3,1,0,0,99,99,99,99,99,99,0,0,0,0,1,2,0,61697,1980,2009,0,WESTERN AVE,99999999999999999999,0000000,34.07486111,-118.3091917,1,1
6,37,8,11,23,23,1,2,1,0,14,6,0,15,0,1,1,1,2,35,1,1,2,1,0,0,3,1,0,0,99,99,99,99,99,99,0,0,0,0,1,3,0,61698,1700,2009,0,ARBOR VITAE ST,99999999999999999999,0000000,33.952675,-118.3771694,1,1
6,59,8,12,8,40,3,3,0,1,11,1,0,12,7,1,1,3,7,65,1,1,1,1,0,0,1,1,0,0,99,99,99,99,88,88,0,0,0,0,1,4,0,61699,3558,2009,235,I-405,99999999999999999999,0000000,33.78581111,-118.0931833,3,1
6,71,9,1,18,24,2,1,0,1,11,1,0,14,1,1,2,3,5,65,1,2,1,1,0,0,1,1,0,0,99,99,99,99,99,99,0,0,0,0,1,3,0,61700,2960,2009,347,I-10,99999999999999999999,0000000,34.03108056,-117.1342611,1,1
6,19,9,11,10,33,2,4,0,0,5,4,0,12,5,2,1,1,2,55,1,1,2,1,20,3,1,1,0,0,99,99,99,99,99,99,0,0,0,0,1,6,0,61701,0,2009,0,FOWLER,LINCOLN AVE,0000000,36.73703611,-119.6821417,2,1
6,47,9,11,15,30,1,1,0,0,6,4,0,29,0,1,4,1,2,55,1,1,2,1,0,0,1,1,0,0,99,99,99,99,99,99,0,0,0,0,1,6,0,61702,0,2009,0,JENSEN RD,99999999999999999999,0000000,37.266,-121.012,1,1
6,71,7,22,15,40,1,4,0,1,1,1,0,24,0,1,4,3,5,70,1,2,1,1,0,0,1,1,0,0,99,99,99,99,99,99,0,0,0,0,1,4,0,61703,0,2009,253,I-15,99999999999999999999,0000000,34.34483056,-117.4462611,1,1
6,99,7,26,0,5,2,5,0,1,12,3,0,12,1,1,1,3,3,65,1,1,1,1,0,0,3,1,0,0,99,99,99,99,99,99,0,0,0,0,1,1,1,61704,3950,2009,58,SR-99,99999999999999999999,0000000,37.53835,-120.8935333,2,1
6,115,7,28,20,38,1,1,0,1,2,3,0,42,0,1,4,5,2,55,1,1,2,1,0,0,2,1,0,0,99,99,99,99,99,99,0,0,0,0,1,3,0,61705,0,2009,192,SR-70,99999999999999999999,0000000,39.21309167,-121.598625,1,1
6,99,8,13,12,15,1,2,0,1,1,1,0,1,0,1,3,2,2,70,1,2,2,1,0,0,1,1,0,0,99,99,99,99,99,99,0,0,0,0,1,5,0,61706,0,2009,120,I-5,99999999999999999999,0000000,37.41253056,-121.1491306,1,1
6,1,8,14,0,21,1,1,0,0,14,6,0,33,0,1,4,2,3,40,1,2,2,1,0,0,3,1,0,0,99,99,99,99,88,88,0,0,0,0,1,6,1,61707,2840,2009,0,STONERRIDGE DR,99999999999999999999,0000000,37.68518889,-121.921075,1,1
6,55,8,14,8,27,1,2,1,0,13,3,0,8,0,3,1,1,2,50,1,1,2,1,3,3,1,1,0,0,99,99,99,99,99,99,0,0,0,0,1,6,0,61708,2330,2009,146,SR-29,SALVADOR AVENUE,0000000,38.33954722,-122.3244167,1,1
6,37,8,14,10,45,1,1,0,0,4,4,0,1,0,1,2,1,2,55,2,1,2,1,0,0,1,1,0,0,99,99,99,99,88,88,0,0,0,0,1,6,0,61709,0,2009,0,LAKE HUGHES RD,99999999999999999999,0000000,34.60746111,-118.5606111,1,1
6,73,8,14,21,0,1,1,0,0,2,3,0,1,0,1,2,1,2,65,1,1,2,1,0,0,2,1,0,0,99,99,99,99,99,99,0,0,0,0,1,6,1,61710,0,2009,871,SR-78,99999999999999999999,0000000,33.15961389,-116.2247083,1,1
6,73,8,14,21,47,1,1,0,0,14,6,0,1,0,3,1,1,2,35,1,2,2,1,20,3,3,1,0,0,99,99,99,99,99,99,0,0,0,0,1,6,1,61711,1876,2009,0,MASSACHUSETTES AVE,LA CORTA ST,0000000,32.72476667,-117.042225,1,1
6,37,9,8,18,0,1,2,1,0,6,4,0,8,0,1,1,1,2,25,1,1,2,1,0,0,1,1,0,0,99,99,99,99,88,88,0,0,0,0,1,3,0,61712,0,2009,0,83RD ST,99999999999999999999,0000000,33.96333056,-118.2495611,1,1
6,73,9,8,19,22,1,2,1,0,16,6,0,8,0,1,1,1,2,25,1,1,2,1,0,0,1,1,0,0,99,99,99,99,99,99,0,0,0,0,1,3,0,61713,3260,2009,0,IDLEWILD WY,99999999999999999999,0000000,32.82817778,-117.2154361,1,1
6,67,9,9,21,30,1,3,1,0,2,4,0,8,0,1,1,2,3,45,1,1,2,1,0,0,3,1,0,0,99,99,99,99,99,99,0,0,0,0,1,4,0,61714,0,2009,0,WATT AVE,99999999999999999999,0000000,38.64439722,-121.383175,1,1
6,59,6,26,19,1,1,4,1,0,12,3,0,8,0,1,1,2,4,45,1,1,2,1,0,0,1,1,0,0,99,99,99,99,88,88,0,0,0,0,1,6,0,61715,1660,2009,40,SR-39,99999999999999999999,0000000,33.71977778,-117.9890556,1,1
6,61,7,26,13,11,2,2,0,0,12,3,0,12,2,1,1,1,2,55,1,1,2,1,0,0,1,1,0,0,99,99,99,99,99,99,0,0,0,0,1,1,0,61716,200,2009,18,SR-49,99999999999999999999,0000000,38.89823056,-121.0722111,2,1
6,37,7,26,18,5,6,2,0,0,14,6,0,14,2,1,2,1,4,35,1,1,2,1,0,0,1,1,0,0,99,99,99,99,99,99,0,0,0,0,1,1,1,61717,1980,2009,0,NORMANDIE AVE,99999999999999999999,0000000,33.98358056,-118.3003083,1,1
6,67,8,6,12,50,2,3,0,1,11,1,0,12,7,1,1,3,3,65,1,1,2,1,0,0,1,1,0,0,99,99,99,99,99,99,0,0,0,0,1,5,0,61718,3150,2009,93,I-80,99999999999999999999,0000000,38.63986944,-121.3995694,2,1
6,37,9,12,6,29,2,2,0,1,12,3,0,12,2,1,1,3,2,65,1,2,1,1,0,0,1,1,0,0,99,99,99,99,88,88,0,0,0,0,1,7,0,61719,2870,2009,295,SR-60 RAMP,99999999999999999999,0000000,34.02463611,-117.7498778,2,1
6,99,9,12,6,33,1,1,0,0,13,6,0,33,0,1,4,5,4,45,1,1,2,1,0,0,4,1,0,0,99,99,99,99,88,88,0,0,0,0,1,7,1,61720,2200,2009,0,W HATCH RD,99999999999999999999,0000000,37.60658333,-121.0105194,1,1
6,37,9,12,7,28,3,3,0,1,12,3,0,12,1,1,1,3,5,65,1,1,1,1,0,0,1,1,0,0,99,99,99,99,99,99,0,14,0,0,1,7,0,61721,1980,2009,70,SR-118,99999999999999999999,0000000,34.27780556,-118.5155944,3,1
6,77,8,22,22,25,1,4,0,0,6,4,0,17,0,1,5,1,2,35,2,1,2,1,0,0,2,1,0,0,99,99,99,99,88,88,0,0,0,0,3,7,1,61722,0,2009,0,EMPIRE TRACT RD,99999999999999999999,0000000,38.05275556,-121.497675,1,1
6,67,9,4,16,20,2,3,0,0,2,3,0,12,2,1,1,1,2,55,2,1,2,1,0,0,1,1,0,0,99,99,99,99,99,99,0,0,0,0,1,6,1,61723,0,2009,312,SR-160,99999999999999999999,0000000,38.43005833,-121.5311472,2,1
6,37,9,4,22,50,1,2,1,1,12,3,0,8,0,1,1,3,5,65,2,1,1,1,0,0,3,1,0,0,99,99,99,99,88,88,0,19,0,0,1,6,0,61724,1980,2009,51,SR-134,99999999999999999999,0000000,34.15482222,-118.2902667,1,1
6,81,9,8,5,0,3,4,0,1,12,2,0,12,7,1,1,3,5,65,1,1,2,1,0,0,3,1,0,0,99,99,99,99,88,88,0,0,0,0,1,3,0,61725,310,2009,109,US-101,99999999999999999999,0000000,37.54056111,-122.2846139,3,1
6,67,9,10,0,17,2,2,0,1,11,1,0,12,1,1,1,3,5,65,1,1,2,1,0,0,3,1,0,0,99,99,0,21,88,88,0,0,0,0,1,5,0,61726,712,2009,161,I-80,99999999999999999999,0000000,38.69984722,-121.3166139,2,1
6,19,9,10,7,7,2,2,0,0,3,4,0,12,2,1,1,1,2,55,1,1,2,1,0,0,1,1,0,0,99,99,99,99,99,99,0,0,0,0,1,5,0,61727,0,2009,0,DICKENSON AVE,99999999999999999999,0000000,36.67055278,-119.9702306,2,1
6,67,9,10,8,48,2,5,0,0,4,5,0,12,5,1,1,1,2,55,1,1,2,1,0,0,1,1,0,0,99,99,99,99,99,99,0,0,0,0,1,5,0,61728,0,2009,0,WHITE ROCK RD,99999999999999999999,0000000,38.62595556,-121.0960722,2,1
6,81,9,10,13,15,1,4,0,1,11,1,0,18,0,1,5,3,4,65,1,1,1,1,0,0,1,1,0,0,99,99,99,99,99,99,0,0,0,0,3,5,0,61729,0,2009,169,I-80,99999999999999999999,0000000,37.57655556,-122.4011694,1,1
6,71,9,10,23,15,3,4,0,0,2,3,0,12,8,1,1,1,2,65,1,2,2,1,0,0,2,1,0,0,99,99,99,99,99,99,0,0,0,0,1,5,0,61730,0,2009,940,SR-62,99999999999999999999,0000000,34.09076667,-115.0820889,3,1
6,37,9,11,2,40,1,2,0,1,12,3,0,52,0,1,4,3,5,65,1,1,1,1,0,0,3,1,0,0,99,99,99,99,99,99,0,0,0,0,1,6,1,61731,1980,2009,127,SR-118,99999999999999999999,0000000,34.27501944,-118.4253639,1,1
6,1,9,11,7,26,3,3,0,1,11,1,0,12,7,1,1,3,5,65,1,1,2,1,0,0,1,1,0,0,99,99,99,99,88,88,0,0,0,0,1,6,0,61732,3360,2009,236,I-880,99999999999999999999,0000000,37.72347778,-122.1819583,3,1
6,59,9,13,18,23,1,2,1,0,16,6,0,8,0,1,1,5,6,35,2,1,2,1,0,0,1,1,0,0,99,99,99,99,99,99,0,0,0,0,1,1,0,61733,3420,2009,0,MEMORY LN,99999999999999999999,0000000,33.77319444,-117.8865833,1,1
6,37,9,11,21,25,1,2,1,0,13,6,0,8,0,3,1,2,3,45,1,1,2,1,3,3,3,1,0,0,99,99,99,99,99,99,0,0,0,0,1,6,0,61734,3445,2009,0,SOLEDAD CYN,SOLAMINT RD,0000000,34.4163,-118.4524444,1,1
6,37,9,11,22,0,2,6,0,0,13,6,0,12,2,1,1,1,4,35,1,1,2,1,0,0,3,1,0,0,99,99,99,99,99,99,0,0,0,0,2,6,0,61735,1980,2009,0,FIGUEROA ST,99999999999999999999,0000000,34.09305,-118.2096083,2,1
6,97,9,11,23,28,1,2,1,1,12,2,0,8,0,1,1,3,3,65,1,1,1,1,0,0,3,1,0,0,99,99,99,99,88,88,0,0,0,0,1,6,0,61736,3490,2009,189,US-101,99999999999999999999,0000000,38.42074722,-122.7151833,1,1
6,45,9,12,3,10,1,2,0,0,6,4,0,7,0,1,2,1,2,45,1,1,2,1,0,0,2,1,0,0,99,99,99,99,88,88,0,0,0,0,1,7,0,61737,0,2009,0,CR 240,99999999999999999999,0000000,39.33326944,-123.10155,1,1
6,77,9,12,3,20,1,3,1,0,2,4,0,8,0,1,1,1,4,35,1,1,2,1,0,0,3,1,0,0,99,99,99,99,99,99,0,0,0,0,1,7,0,61738,0,2009,0,HAMMER LN,99999999999999999999,0000000,38.02098333,-121.3301,1,1
6,69,9,12,5,10,2,9,0,1,2,3,0,12,2,1,1,1,2,55,1,1,2,1,0,0,2,1,0,0,99,99,99,99,99,99,0,0,0,0,2,7,0,61739,0,2009,70,SR-156,99999999999999999999,0000000,36.841725,-121.4616833,2,1
6,37,9,12,15,30,1,4,0,1,11,1,0,33,0,1,4,3,6,65,1,1,1,1,0,0,1,1,0,0,99,99,99,99,99,99,0,0,0,0,1,7,0,61740,2684,2009,143,I-105,99999999999999999999,0000000,33.91151667,-118.1658222,1,1
6,37,9,12,15,30,1,1,0,0,2,4,0,42,0,1,4,1,2,55,1,1,1,1,0,0,1,1,0,0,99,99,99,99,88,88,0,0,0,0,1,7,1,61741,0,2009,0,BOUQUET CYN RD,99999999999999999999,0000000,34.54085278,-118.4387972,1,1
6,67,9,12,17,10,1,2,1,0,3,4,0,8,0,1,1,2,2,45,1,1,2,1,0,0,1,1,0,0,99,99,99,99,88,88,0,0,0,0,1,7,0,61742,0,2009,0,GARFIELD AVE,99999999999999999999,0000000,38.66065833,-121.3355194,1,1
6,111,1,6,18,31,1,2,1,0,14,6,0,8,0,1,4,1,2,35,1,1,2,1,0,0,5,1,0,0,99,99,99,99,99,99,0,0,0,0,1,3,0,61743,3480,2009,0,SANTA PAULA ST,99999999999999999999,0000000,34.35318889,-119.0745444,1,1
6,59,4,5,17,1,3,3,0,0,14,6,0,12,5,2,1,1,4,35,1,1,2,1,3,3,5,1,0,0,99,99,99,99,99,99,0,0,0,0,2,1,0,61744,1790,2009,0,LA HABRA BL,EUCLID ST,0000000,33.93185278,-117.9461333,2,1
6,65,6,3,6,54,1,1,0,0,14,6,0,33,0,1,4,5,4,50,1,1,2,1,0,0,1,1,0,0,99,99,99,99,99,99,0,0,0,0,1,4,0,61745,612,2009,0,VISTA CHINO RD,99999999999999999999,0000000,33.84483333,-116.4828528,1,1
6,61,6,13,9,55,1,2,0,0,4,4,1,38,0,1,4,1,2,40,2,1,2,1,40,3,1,1,0,0,10,1,99,99,99,99,0,0,0,0,1,7,0,61746,0,2009,0,MNT VERNON RD,99999999999999999999,0000000,38.94885833,-121.1613639,1,1
6,37,6,13,20,7,3,5,0,1,11,1,0,12,1,1,1,3,6,65,2,2,1,1,0,0,5,1,0,0,99,99,99,99,99,99,0,0,0,0,1,7,1,61747,1980,2009,311,I-405,99999999999999999999,0000000,34.04922778,-118.44855,3,1
6,37,6,27,13,0,1,1,0,0,13,4,0,33,0,1,4,5,6,40,1,2,2,1,0,0,1,1,0,0,99,99,99,99,99,99,0,0,0,0,1,7,0,61748,0,2009,0,IMPERIAL HWY,99999999999999999999,0000000,33.93096111,-118.2955444,1,1
6,71,7,1,3,30,1,1,0,1,11,1,0,1,0,1,2,3,4,65,1,1,1,1,0,0,3,1,0,0,99,99,99,99,88,88,0,0,0,0,1,4,1,61749,790,2009,212,I-10,99999999999999999999,0000000,34.06869444,-117.3489722,1,1
6,59,7,4,23,34,1,2,1,0,14,6,0,8,0,2,1,1,4,40,1,1,2,1,20,3,3,1,0,0,99,99,99,99,99,99,0,0,0,0,1,7,0,61750,80,2009,0,W CERRITOS AVE,S SHERRILL ST,0000000,33.81029167,-117.97955,1,1
6,71,7,6,2,20,1,1,0,1,1,1,0,17,0,1,4,3,5,70,1,2,1,1,0,0,2,1,0,0,99,99,99,99,99,99,0,0,0,0,1,2,0,61751,0,2009,217,I-15,99999999999999999999,0000000,34.31618333,-117.4792111,1,1
6,37,7,8,13,20,1,5,1,0,6,4,0,8,0,1,1,1,4,30,1,2,2,1,0,0,1,1,0,0,99,99,99,99,88,88,0,0,0,0,1,4,0,61752,0,2009,0,LENNOX BL,99999999999999999999,0000000,33.93905278,-118.3685444,1,1
6,37,7,10,16,50,1,2,1,0,16,6,0,9,0,1,1,1,2,25,1,1,2,1,0,0,1,1,0,0,99,99,99,99,99,99,0,0,0,0,1,6,0,61753,2020,2009,0,WRIGHT RD,99999999999999999999,0000000,33.93105833,-118.1808556,1,1
6,67,7,18,3,6,1,1,0,0,14,6,0,30,0,1,4,1,2,35,1,1,1,1,0,0,3,1,0,0,99,99,99,99,88,88,0,0,0,0,1,7,1,61754,1108,2009,0,GRANT LINE RD,99999999999999999999,0000000,38.4249,-121.3074528,1,1
6,73,9,15,17,10,2,2,0,0,4,4,0,1,0,1,1,5,2,45,1,1,2,1,0,0,1,1,0,0,99,99,99,99,88,88,0,0,0,0,1,3,1,61755,3260,2009,0,HANSON LN,99999999999999999999,0000000,33.02571667,-116.8728528,2,1