STATE,COUNTY,MONTH,DAY,HOUR,MINUTE,VE_TOTAL,PERSONS,PEDS,NHS,ROAD_FNC,ROUTE,SP_JUR,HARM_EV,MAN_COLL,REL_JUNC,REL_ROAD,TRAF_FLO,NO_LANES,SP_LIMIT,ALIGNMNT,PROFILE,PAVE_TYP,SUR_COND,TRA_CONT,T_CONT_F,LGT_COND,WEATHER1,WEATHER2,WRK_ZONE,NOT_HOUR,NOT_MIN,ARR_HOUR,ARR_MIN,HOSP_HR,HOSP_MN,SCH_BUS,CF1,CF2,CF3,FATALS,DAY_WEEK,DRUNK_DR,ST_CASE,CITY,YEAR,MILEPT,TWAY_ID,TWAY_ID2,RAIL,LATITUDE,LONGITUD,VE_FORMS,WEATHER
6,81,9,15,19,24,1,2,1,0,16,6,0,8,0,1,1,1,2,25,1,1,2,1,0,0,1,1,0,0,99,99,99,99,88,88,0,0,0,0,1,3,0,61756,1065,2009,0,GALLARDI WY,99999999999999999999,0000000,37.45913333,-122.1287528,1,1
6,65,9,16,0,17,1,2,0,0,6,4,0,35,0,1,4,1,2,55,1,1,2,1,0,0,2,1,0,0,99,99,99,99,99,99,0,0,0,0,1,4,1,61757,0,2009,0,SOBOBA RD,99999999999999999999,0000000,33.80664444,-116.9431333,1,1
6,13,9,16,9,35,1,1,0,0,12,3,0,25,0,1,3,3,3,65,1,2,2,1,0,0,1,1,0,0,99,99,99,99,88,88,0,0,0,0,1,4,0,61758,820,2009,10,SR-242,99999999999999999999,0000000,37.97280278,-122.0468139,1,1
6,19,6,18,22,14,5,8,0,1,2,3,0,12,1,1,1,3,3,65,1,1,1,1,0,0,2,1,0,2,99,99,99,99,99,99,0,0,0,0,3,5,0,61759,0,2009,90,SR-99,99999999999999999999,0000000,36.60399722,-119.6595194,5,1
6,37,7,12,0,3,2,2,0,1,11,1,0,33,0,5,4,6,2,65,1,1,1,1,0,0,3,1,0,0,99,99,99,99,99,99,0,0,0,0,1,1,1,61760,2700,2009,253,I-210 RAMP,99999999999999999999,0000000,34.15168056,-118.1514306,2,1
6,77,9,13,20,38,2,3,0,0,13,6,0,12,5,2,1,1,2,40,1,1,2,1,20,3,3,1,0,0,99,99,99,99,99,99,0,0,0,0,1,1,2,61761,3770,2009,0,ARCH AIRPORT RD,B ST,0000000,37.905575,-121.2440972,2,1
6,37,9,14,6,10,1,2,1,0,15,6,0,8,0,3,1,1,4,40,1,1,2,1,0,0,4,1,0,0,99,99,99,99,99,99,0,0,0,0,1,2,0,61762,2458,2009,0,FIRESTONE BL,CLARKSDALE AVE,0000000,33.90237222,-118.0631278,1,1
6,45,9,14,6,45,1,1,0,0,2,3,0,1,0,1,1,1,2,40,2,1,2,2,0,0,1,1,0,0,99,99,99,99,88,88,0,0,0,0,1,2,0,61763,0,2009,455,SR-1,99999999999999999999,0000000,39.24246944,-123.7760278,1,1
6,75,9,14,13,44,1,1,0,0,14,6,0,36,0,1,5,1,2,35,1,2,2,1,0,0,1,1,0,0,99,99,99,99,99,99,0,4,0,0,1,2,0,61764,3290,2009,0,13TH ST,99999999999999999999,0000000,37.82961667,-122.3690944,1,1
6,93,9,14,15,14,1,1,0,0,3,4,0,38,0,1,5,1,2,55,1,1,2,1,0,0,1,1,0,0,99,99,99,99,99,99,0,0,0,0,1,2,0,61765,0,2009,0,A-12,99999999999999999999,0000000,41.60220556,-122.3515,1,1
6,23,9,14,16,35,1,1,0,0,6,4,0,38,0,1,5,1,2,45,1,2,2,1,0,0,1,1,0,0,99,99,99,99,99,99,0,0,0,0,1,2,1,61766,0,2009,0,CENTRAL AVE,99999999999999999999,0000000,40.99318889,-124.1119,1,1
6,71,9,14,16,36,1,1,0,0,16,6,0,43,0,1,4,1,2,55,1,1,2,1,0,0,1,1,0,0,99,99,99,99,99,99,0,4,0,0,1,2,0,61767,1603,2009,0,LILAC ST,99999999999999999999,0000000,34.45460833,-117.2548528,1,1
6,75,9,15,6,27,1,3,1,0,13,6,0,8,0,3,1,4,3,30,1,1,2,1,3,3,3,1,0,0,99,99,99,99,88,88,0,0,0,0,1,3,0,61768,3290,2009,0,FELL ST,BRODERICK,0000000,37.77383333,-122.4392889,1,1
6,95,9,15,14,45,2,3,0,0,13,6,0,12,2,2,1,2,2,35,1,1,2,1,0,0,1,1,0,0,99,99,99,99,99,99,0,0,0,0,1,3,0,61769,4020,2009,0,COLUMBUS PKWY,REGENTS PKWY,0000000,38.10543333,-122.2040167,2,1
6,71,9,15,14,50,2,6,0,0,14,6,0,12,5,2,1,1,3,35,1,1,2,1,20,3,1,1,0,0,99,99,99,99,99,99,0,0,0,0,1,3,0,61770,790,2009,0,LA CADENA DR,RANCHO AVE,0000000,34.05018889,-117.3307111,2,1
6,59,9,18,6,8,1,2,1,0,14,6,0,8,0,1,1,1,4,40,1,1,2,1,0,0,4,1,0,0,99,99,99,99,99,99,0,0,0,0,1,6,0,61771,470,2009,0,WESTERN AVE,99999999999999999999,0000000,33.86211944,-118.0025417,1,1
6,29,9,18,14,50,1,1,0,1,1,1,0,33,0,1,4,3,4,65,2,2,1,1,0,0,1,1,0,0,99,99,99,99,88,88,0,0,0,0,1,6,0,61772,0,2009,87,I-5,99999999999999999999,0000000,34.91421111,-118.9239,1,1
6,19,9,18,17,18,2,2,0,0,5,4,0,12,5,2,1,1,2,55,1,1,2,1,20,3,1,1,0,0,99,99,99,99,88,88,0,0,0,0,1,6,1,61773,0,2009,0,ADAMS AVE,NEWMARK AVENUE,0000000,36.63436667,-119.790975,2,1
6,65,9,18,18,45,2,4,0,1,12,3,0,12,7,1,1,1,4,55,1,1,2,1,0,0,1,1,0,0,99,99,99,99,99,99,0,0,0,0,1,6,0,61774,0,2009,358,SR-74,99999999999999999999,0000000,33.74250556,-117.063275,2,1
6,49,8,31,20,5,2,3,0,0,2,3,0,12,5,2,1,1,2,35,1,1,2,1,20,3,1,1,0,0,99,99,99,99,99,99,0,0,0,0,1,2,0,61775,0,2009,9,SR-299,CEDAR ST,0000000,41.19531389,-120.9442417,2,1
6,89,9,11,15,40,1,1,0,1,2,3,0,27,0,1,4,1,2,55,1,2,2,1,0,0,1,1,0,0,99,99,99,99,88,88,0,0,0,0,1,6,0,61776,0,2009,244,SR-44,99999999999999999999,0000000,40.50957222,-121.9409639,1,1
6,37,9,13,1,36,1,2,1,1,11,1,0,8,0,5,1,6,1,65,1,2,9,1,0,0,2,1,0,0,99,99,99,99,88,88,0,19,0,0,1,1,1,61777,1045,2009,164,I-105 RAMP,99999999999999999999,0000000,33.91275556,-118.1297111,1,1
6,67,9,13,4,46,1,2,1,0,4,4,0,8,0,1,1,1,2,45,1,1,2,1,0,0,2,1,0,0,99,99,99,99,88,88,0,0,0,0,1,1,0,61778,0,2009,0,MARYSVILLE BLVD,99999999999999999999,0000000,38.67761111,-121.4622917,1,1
6,67,9,13,10,5,1,2,1,0,2,4,0,8,0,1,1,2,2,45,1,1,2,1,2,3,1,1,0,0,99,99,99,99,99,99,0,0,0,0,1,1,0,61779,0,2009,0,ELKHORN BLVD,99999999999999999999,0000000,38.68366667,-121.439525,1,1
6,71,9,16,14,40,2,3,0,0,2,3,0,12,5,2,1,1,3,55,1,1,2,1,20,3,1,1,0,0,99,99,99,99,99,99,0,0,0,0,1,4,1,61780,0,2009,150,SR-138,CAJON BLVD,0000000,34.31156111,-117.4783861,2,1
6,37,9,16,15,21,2,2,0,0,13,6,0,12,5,4,1,5,4,55,1,1,2,1,0,0,1,1,0,0,99,99,99,99,88,88,0,0,0,0,1,4,0,61781,2645,2009,0,SIERRA HWY,99999999999999999999,0000000,34.57209167,-118.1154306,2,1
6,71,9,16,17,10,1,2,1,1,2,3,0,8,0,1,5,5,4,45,1,1,2,1,0,0,1,1,0,0,99,99,99,99,99,99,0,0,0,0,1,4,0,61782,0,2009,176,SR-62,99999999999999999999,0000000,34.13486944,-116.3271583,1,1
6,37,9,17,5,30,3,3,0,0,6,4,0,12,8,1,1,1,2,55,1,1,2,1,0,0,2,1,0,0,99,99,99,99,99,99,0,0,0,0,1,5,0,61783,0,2009,0,AVENUE N,99999999999999999999,0000000,34.63072778,-118.2349056,3,1
6,73,9,17,6,50,2,2,0,1,11,1,0,1,0,13,1,6,2,65,2,2,2,1,28,3,1,1,0,0,99,99,99,99,99,99,0,0,0,0,1,5,0,61784,2510,2009,511,I-5 RAMP,99999999999999999999,0000000,33.17539167,-117.3516111,2,1
6,65,9,18,19,27,1,2,1,0,2,3,0,8,0,1,1,1,2,55,1,1,2,1,0,0,2,1,0,0,99,99,99,99,99,99,0,0,0,0,1,6,0,61785,0,2009,154,SR-78,99999999999999999999,0000000,33.55166111,-114.6567528,1,1
6,65,9,18,19,56,1,2,1,0,12,3,0,8,0,1,1,5,4,55,1,1,2,1,0,0,2,1,0,0,99,99,99,99,99,99,0,0,0,0,1,6,0,61786,0,2009,157,SR-74,99999999999999999999,0000000,33.76848056,-117.2561139,1,1
6,65,9,18,21,50,1,2,1,1,11,1,0,8,0,1,1,2,3,55,1,1,1,1,0,0,3,1,0,0,99,99,99,99,88,88,0,0,0,0,1,6,0,61787,1801,2009,211,I-15,99999999999999999999,0000000,33.70818611,-117.3585111,1,1
6,79,9,18,23,3,1,3,0,0,6,4,0,38,0,1,4,1,2,55,2,2,2,1,0,0,2,1,0,0,99,99,99,99,99,99,0,4,0,0,1,6,1,61788,0,2009,0,CROSS CYN RD,99999999999999999999,0000000,35.74708889,-120.6332111,1,1
6,29,9,18,23,50,1,1,0,0,6,4,0,42,0,1,5,1,2,55,2,2,2,1,40,3,2,1,0,0,99,99,99,99,88,88,0,0,0,0,1,6,1,61789,0,2009,0,BANDUCCI RD,99999999999999999999,0000000,35.1281,-118.4691,1,1
6,1,9,19,5,58,2,2,0,1,11,1,0,12,5,1,1,3,4,65,1,1,2,1,0,0,2,1,0,0,99,99,99,99,99,99,0,19,0,0,1,7,0,61790,1364,2009,23,I-880,99999999999999999999,0000000,37.48465,-121.9377694,2,1
6,29,9,19,9,45,2,3,0,0,6,4,0,12,2,1,1,1,2,55,2,3,2,1,0,0,1,1,0,0,99,99,99,99,99,99,0,0,0,0,2,7,0,61791,0,2009,0,SIERRA WY,99999999999999999999,0000000,35.6801,-118.3947111,2,1
6,25,9,19,13,5,2,4,0,1,2,3,0,12,5,2,1,1,2,40,1,1,2,1,20,3,1,1,0,0,99,99,99,99,99,99,0,0,0,0,1,7,0,61792,0,2009,561,SR-86,BORREGO SALTON SEAWY,0000000,33.27905833,-115.9643667,2,1
6,47,9,22,18,48,1,3,2,1,13,3,0,9,0,3,1,2,2,45,1,1,2,1,2,3,5,1,0,0,99,99,99,99,99,99,0,0,0,0,1,3,0,61793,1990,2009,220,SR-152,MENEZES BL,0000000,37.05701667,-120.8252528,1,1
6,29,9,22,18,55,1,1,0,1,2,3,0,24,0,1,4,3,3,70,2,2,2,1,0,0,1,1,0,0,99,99,99,99,88,88,0,0,0,0,1,3,1,61794,0,2009,443,SR-99,99999999999999999999,0000000,35.5927,-119.2055111,1,1
6,65,9,22,19,43,2,4,0,0,14,6,0,12,1,1,1,2,3,50,1,1,2,1,0,0,3,1,0,0,99,99,99,99,99,99,0,0,0,0,1,3,1,61795,2276,2009,0,PERRIS BL,99999999999999999999,0000000,33.86216944,-117.2260833,2,1
6,83,9,23,3,25,1,1,0,0,2,3,0,24,0,1,4,1,2,45,2,2,2,1,0,0,2,1,0,0,99,99,99,99,88,88,0,0,0,0,1,4,1,61796,0,2009,3,SR-154,99999999999999999999,0000000,34.68066111,-120.1528889,1,1
6,37,6,7,1,0,2,2,0,0,13,6,0,12,5,2,1,1,4,40,1,1,2,1,3,3,3,1,0,0,99,99,99,99,99,99,0,0,0,0,1,1,2,61797,2020,2009,0,ATLANTIC AVE,MLK BL,0000000,33.921175,-118.1875278,2,1
6,37,7,8,20,21,2,3,0,0,13,6,0,12,1,3,1,1,2,35,1,1,2,1,0,0,5,1,0,0,99,99,99,99,99,99,0,0,0,0,1,4,1,61798,2020,2009,0,STATE ST,CEDAR AVE,0000000,33.92153611,-118.218225,2,1
6,65,7,12,23,0,2,6,0,1,11,1,0,12,7,1,1,2,2,70,1,2,2,1,0,0,2,1,0,0,99,99,99,99,99,99,0,0,0,0,2,1,1,61799,0,2009,702,I-10,99999999999999999999,0000000,33.68001111,-115.99775,2,1
6,65,9,17,17,48,2,2,0,1,1,1,0,27,0,1,2,3,3,70,1,1,2,1,0,0,1,1,0,0,99,99,99,99,88,88,0,14,0,0,1,5,1,61800,0,2009,476,I-10,99999999999999999999,0000000,33.78046944,-116.3451,2,1
6,65,9,17,21,49,1,2,0,1,12,3,0,33,0,1,4,3,4,65,1,1,1,1,0,0,3,1,0,0,99,99,99,99,99,99,0,0,0,0,1,5,0,61801,3070,2009,131,SR-91,99999999999999999999,0000000,33.90725,-117.4565694,1,1
6,75,9,18,6,5,2,2,0,0,16,6,0,12,3,1,1,1,4,30,1,1,2,1,0,0,1,1,0,0,99,99,99,99,99,99,0,0,0,0,1,6,0,61802,3290,2009,0,CESAR CHAVEZ ST,99999999999999999999,0000000,37.74949167,-122.4006222,2,1
6,37,9,20,11,5,1,2,0,1,11,1,0,33,0,1,8,3,5,65,1,1,1,1,0,0,1,1,0,0,99,99,99,99,99,99,0,0,0,0,1,1,0,61803,230,2009,405,I-210,99999999999999999999,0000000,34.12055,-117.8910389,1,1
6,37,9,20,15,55,1,2,1,0,13,6,0,9,0,1,1,2,2,35,1,1,2,1,0,0,1,1,0,0,99,99,99,99,99,99,0,0,0,0,1,1,0,61804,1110,2009,0,PECK RD,99999999999999999999,0000000,34.07741111,-118.0212583,1,1
6,73,9,20,18,38,1,2,1,0,14,6,0,8,0,1,1,1,4,35,2,2,2,1,0,0,1,1,0,0,99,99,99,99,99,99,0,0,0,0,1,1,1,61805,2340,2009,0,S EUCLID AVE,99999999999999999999,0000000,32.68156389,-117.0816111,1,1
6,77,9,20,19,35,1,5,1,1,2,3,0,8,0,1,1,5,2,45,1,1,2,1,0,0,3,1,0,0,99,99,99,99,99,99,0,0,0,0,1,1,1,61806,0,2009,71,SR-120,99999999999999999999,0000000,37.79791944,-121.1748306,1,1
6,39,9,20,19,44,1,3,1,0,16,6,0,8,0,1,1,1,2,25,1,1,2,1,0,0,5,1,0,0,99,99,99,99,88,88,0,0,0,0,1,1,0,61807,2050,2009,0,C ST,99999999999999999999,0000000,36.95821111,-120.0521083,1,1
6,65,9,21,0,20,2,4,1,1,11,1,0,8,0,13,1,6,1,65,1,2,2,1,0,0,2,1,0,0,99,99,99,99,88,88,0,0,0,0,1,2,0,61808,850,2009,380,I-15 RAMP,99999999999999999999,0000000,33.83443056,-117.5315111,2,1
6,13,9,26,7,16,1,2,1,0,14,6,0,8,0,3,1,1,2,35,1,1,2,1,8,3,1,1,0,0,99,99,99,99,99,99,0,0,0,0,1,7,0,61809,2790,2009,0,BUCHANAN RD,SANTA ANA DR,0000000,37.99798333,-121.8829111,1,1
6,115,9,11,23,45,1,3,0,1,12,3,0,41,0,1,3,2,3,65,1,2,2,1,0,0,2,1,0,0,99,99,99,99,99,99,0,0,0,0,2,6,1,61810,0,2009,86,SR-70,99999999999999999999,0000000,39.0932,-121.5415,1,1
6,23,9,21,2,14,1,1,0,0,12,3,0,1,0,1,1,1,2,55,2,2,1,1,0,0,2,1,0,0,99,99,99,99,88,88,0,0,0,0,1,2,1,61811,0,2009,9,SR-200,99999999999999999999,0000000,40.91798889,-124.0874194,1,1
6,65,9,21,10,55,1,1,0,1,11,1,0,1,0,1,1,3,4,70,1,1,1,1,0,0,1,1,0,0,99,99,99,99,88,88,0,0,0,0,1,2,0,61812,250,2009,100,I-10,99999999999999999999,0000000,33.926375,-116.9347222,1,1
6,77,9,24,18,28,3,4,0,0,3,4,0,12,5,2,1,1,2,55,1,1,2,1,20,3,5,1,0,0,99,99,99,99,99,99,0,0,0,0,1,5,1,61813,0,2009,0,VAN ALLEN RD,GANNE RD,0000000,37.89275833,-121.0553417,3,1
6,63,9,24,23,0,1,1,0,0,2,3,0,1,0,1,6,1,2,55,2,3,2,1,0,0,2,1,0,0,99,99,99,99,88,88,0,0,0,0,1,5,1,61814,0,2009,541,SR-70,99999999999999999999,0000000,39.90157222,-120.7900417,1,1
6,33,9,25,6,58,1,1,0,0,6,4,0,30,0,1,4,1,2,55,1,1,2,1,0,0,1,1,0,0,99,99,99,99,88,88,0,0,0,0,1,6,0,61815,0,2009,0,BUTTS CANYON RD,99999999999999999999,0000000,38.74270278,-122.5738611,1,1
6,79,9,25,8,26,2,2,0,0,3,4,0,12,2,1,1,1,2,55,1,1,2,1,0,0,1,1,0,0,99,99,99,99,99,99,0,0,0,0,1,6,0,61816,0,2009,0,PRICE CANYON RD,99999999999999999999,0000000,35.15991667,-120.6325861,2,1
6,67,9,25,8,30,1,1,0,0,12,3,0,1,0,1,1,3,4,65,1,1,2,1,0,0,1,1,0,0,99,99,99,99,99,99,0,0,0,0,1,6,0,61817,0,2009,70,SR-41,99999999999999999999,0000000,38.63145556,-121.3979806,1,1
6,13,9,25,10,20,4,4,2,1,11,1,0,12,1,1,1,3,4,65,1,1,1,1,0,0,1,1,0,0,99,99,99,99,99,99,0,0,0,0,1,6,0,61818,975,2009,92,I-680,99999999999999999999,0000000,37.77939722,-121.9767389,2,1
6,73,9,21,16,5,2,2,0,1,12,3,0,39,0,1,4,2,3,65,1,1,1,1,0,0,1,1,0,0,99,99,99,99,99,99,0,0,0,0,1,2,0,61819,0,2009,60,SR-54,99999999999999999999,0000000,32.69067778,-117.0181694,2,1
6,73,9,22,12,45,2,2,0,0,4,5,0,12,2,1,1,1,2,50,2,1,2,1,0,0,1,1,0,0,99,99,99,99,88,88,0,0,0,0,1,3,0,61820,0,2009,0,WILDCAT CANYON RD,99999999999999999999,0000000,32.99516667,-116.8426028,2,1
6,83,9,23,6,6,6,6,0,1,12,2,0,12,7,1,1,3,3,65,1,1,2,1,0,0,3,1,0,0,99,99,99,99,99,99,0,0,0,0,1,4,0,61821,0,2009,188,US-101,99999999999999999999,0000000,34.44071667,-119.7658694,6,1
6,53,9,23,6,35,3,7,0,0,3,4,0,12,2,1,1,1,2,55,1,1,2,1,0,0,4,5,0,0,99,99,99,99,99,99,0,0,0,0,1,4,0,61822,0,2009,0,ALISAL RD,99999999999999999999,0000000,36.65664444,-121.5869806,3,5
6,37,9,23,7,45,1,3,2,0,16,6,0,8,0,3,1,1,2,25,1,1,2,1,0,0,1,1,0,0,99,99,99,99,99,99,0,4,0,0,1,4,0,61823,1980,2009,0,DRONFIELD AVE,PADDOCK ST,0000000,34.31190833,-118.442525,1,1
6,65,9,23,11,35,2,4,0,0,14,6,0,12,5,2,1,1,2,40,1,1,2,1,2,3,1,1,0,0,99,99,99,99,99,99,0,0,0,0,1,4,0,61824,2650,2009,0,N SUNRISE WY,E AMADO RD,0000000,33.82668611,-116.5282361,2,1
6,61,9,23,16,49,1,2,1,0,13,3,0,8,0,1,1,5,4,45,1,1,2,1,0,0,1,1,0,0,99,99,99,99,99,99,0,0,0,0,1,4,0,61825,200,2009,36,SR-49,99999999999999999999,0000000,38.90408889,-121.0763056,1,1
6,9,9,23,99,99,1,1,0,0,4,4,0,33,0,1,4,1,2,55,2,1,2,1,0,0,2,1,0,0,99,99,99,99,88,88,0,0,0,0,1,4,1,61826,0,2009,0,O'BYRNES FERRY RD,99999999999999999999,0000000,37.96521111,-120.6192389,1,1
6,45,9,24,2,32,1,2,1,1,2,2,0,8,0,1,1,1,3,55,1,2,2,1,0,0,2,1,0,0,99,99,99,99,88,88,0,0,0,0,1,5,0,61827,0,2009,750,US-101,99999999999999999999,0000000,39.76579722,-123.54435,1,1
6,77,9,24,16,46,2,3,0,0,5,5,0,12,4,1,1,1,2,55,2,1,2,1,0,0,1,1,0,0,99,99,99,99,99,99,0,0,0,0,2,5,0,61828,0,2009,0,DEVRIES RD,99999999999999999999,0000000,38.07603889,-121.3520528,2,1
6,77,5,17,16,23,2,3,0,1,11,1,0,1,0,5,1,6,1,65,1,1,2,1,0,0,1,1,0,0,99,99,99,99,99,99,0,20,0,0,1,1,0,61829,3770,2009,328,I-5 RAMP,99999999999999999999,0000000,38.02144167,-121.3595722,2,1
6,65,6,2,17,5,5,8,0,1,12,3,0,12,7,1,1,1,4,55,2,2,2,1,0,0,1,1,0,0,99,99,99,99,99,99,0,0,0,0,3,3,0,61830,0,2009,357,SR-74,99999999999999999999,0000000,33.74232778,-117.0635306,5,1
6,71,6,28,20,15,1,5,0,1,11,1,0,1,0,5,4,6,2,65,2,2,1,1,0,0,5,1,0,0,99,99,99,99,99,99,0,0,0,0,1,1,0,61831,790,2009,241,I-215 RAMP,99999999999999999999,0000000,34.06519444,-117.2978806,1,1
6,101,7,4,20,10,2,13,0,1,12,3,0,12,2,1,2,1,2,55,1,1,2,1,0,0,1,1,0,0,99,99,99,99,99,99,0,0,0,0,1,7,0,61832,0,2009,17,SR-20,99999999999999999999,0000000,39.143125,-121.8885889,2,1
6,77,7,22,23,10,1,2,0,0,14,6,0,33,0,3,4,2,3,50,1,1,1,1,0,0,3,1,0,0,99,99,99,99,99,99,0,0,0,0,1,4,0,61833,3770,2009,0,WEST LN,TORTUGA WY,0000000,37.99559722,-121.2880444,1,1
6,77,7,23,5,4,2,2,0,0,15,6,0,12,2,2,1,1,2,55,2,1,2,1,3,3,4,1,0,0,99,99,99,99,88,88,0,0,0,0,2,5,1,61834,3770,2009,0,EIGHT MILE RD,DAVIS RD,0000000,38.02860833,-121.3321389,2,1
6,13,7,25,0,28,1,1,0,1,11,1,0,25,0,1,3,3,4,65,1,1,2,1,0,0,2,1,0,0,99,99,99,99,88,88,0,0,0,0,1,7,1,61835,3412,2009,46,I-680,99999999999999999999,0000000,37.78218056,-121.9781556,1,1
6,71,8,1,1,48,1,2,0,0,15,6,0,25,0,1,3,2,2,35,1,1,2,1,0,0,3,1,0,0,99,99,99,99,88,88,0,0,0,0,2,7,1,61836,4040,2009,0,EAGLE RANCH PKWY,99999999999999999999,0000000,34.47403333,-117.3907944,1,1
6,13,8,15,14,40,2,3,0,0,15,4,0,12,5,2,1,1,4,35,1,1,2,1,20,3,1,1,0,0,99,99,14,47,99,99,0,0,0,0,1,7,0,61837,0,2009,0,PORT CHICAGO HWY,KEVIN DR,0000000,38.03165278,-121.9604806,2,1
6,37,9,20,3,35,2,10,1,1,11,1,0,33,0,1,4,3,4,65,1,1,1,1,0,0,3,1,0,0,99,99,99,99,88,88,0,0,0,0,1,1,0,61838,4120,2009,354,I-10,99999999999999999999,0000000,34.07224722,-117.9272306,1,1
6,37,9,22,14,35,4,5,0,0,13,6,0,12,2,1,1,5,4,45,1,1,2,1,0,0,1,1,0,0,99,99,99,99,99,99,0,14,0,0,1,3,0,61839,1980,2009,0,FALLBROOK AVE,99999999999999999999,0000000,34.1784,-118.6233556,4,1
6,37,9,25,12,25,2,2,0,0,14,6,0,12,5,2,1,1,2,25,1,1,2,1,20,3,1,1,0,0,99,99,99,99,99,99,0,4,0,0,1,6,0,61840,4124,2009,0,FOUNTAIN AVE,GENESEE AVE,0000000,34.09441389,-118.3581444,2,1
6,27,9,25,13,37,2,3,0,1,2,3,0,12,2,1,1,1,2,65,2,2,2,1,0,0,1,1,0,0,99,99,99,99,88,88,0,0,0,0,1,6,0,61841,0,2009,441,SR-178,99999999999999999999,0000000,35.97272778,-116.2514889,2,1
6,85,9,25,16,40,2,2,0,0,14,6,0,12,5,2,1,2,2,40,1,1,2,1,0,0,1,1,0,0,99,99,99,99,99,99,0,0,0,0,1,6,0,61842,3340,2009,0,ZANKER RD,BERING RD,0000000,37.38290833,-121.9185694,2,1
6,107,9,26,1,40,1,2,0,1,2,3,0,38,0,13,4,6,1,70,1,1,1,1,0,0,2,1,0,0,99,99,99,99,99,99,0,0,0,0,1,7,1,61843,0,2009,194,SR-99 RAMP,99999999999999999999,0000000,36.06473056,-119.3134806,1,1
6,73,9,26,2,48,2,3,0,0,12,3,0,1,0,13,1,6,1,65,2,1,2,1,0,0,3,1,0,0,99,99,99,99,88,88,0,0,0,0,1,7,1,61844,1200,2009,314,SR-78RAMP,99999999999999999999,0000000,33.12631944,-117.1044306,2,1
6,37,9,26,3,15,2,2,0,1,11,1,0,12,1,1,2,3,4,65,1,1,1,1,0,0,3,1,0,0,99,99,99,99,88,88,0,0,0,0,1,7,0,61845,0,2009,73,I-605,99999999999999999999,0000000,34.03301944,-118.0282889,1,1
6,47,9,26,4,42,1,5,0,1,1,1,0,1,0,1,1,3,2,70,1,1,2,1,0,0,2,1,0,0,99,99,99,99,99,99,0,0,0,0,1,7,0,61846,0,2009,266,I-5,99999999999999999999,0000000,37.16855833,-121.0574056,1,1
6,37,9,26,22,15,2,5,0,0,4,5,0,12,5,2,1,1,2,55,1,1,2,1,20,3,3,1,0,0,99,99,99,99,99,99,0,0,0,0,4,7,1,61847,0,2009,0,70TH ST E,AVENUE N,0000000,34.63066667,-118.0052667,2,1
6,5,9,19,14,35,1,1,0,1,2,3,0,27,0,1,4,1,2,55,2,2,2,1,0,0,1,1,0,0,99,99,99,99,88,88,0,0,0,0,1,7,1,61848,0,2009,462,SR-88,99999999999999999999,0000000,38.54447222,-120.3708028,1,1
6,71,9,19,16,30,1,10,0,0,6,4,0,39,0,1,4,1,2,25,1,2,2,1,0,0,1,1,0,0,99,99,99,99,99,99,0,0,0,0,1,7,0,61849,0,2009,0,MT BALDY RD,99999999999999999999,0000000,34.23828333,-117.6540694,1,1
6,71,9,20,3,10,2,2,0,0,6,4,0,12,2,1,1,1,2,0,1,2,4,1,0,0,2,1,0,0,99,99,99,99,99,99,0,4,0,0,1,1,2,61850,0,2009,0,STODDARD MNT RD,99999999999999999999,0000000,34.74302222,-117.1386333,2,1
6,73,9,20,6,35,2,2,0,0,12,3,0,12,5,2,1,2,3,65,1,1,2,2,3,3,1,5,0,0,99,99,99,99,99,99,0,0,0,0,1,1,1,61851,3499,2009,223,SR-125,MISSION GORGE RD,0000000,32.83805833,-117.0034083,2,5
6,71,1,7,19,52,2,3,0,0,15,6,0,12,2,1,1,1,2,50,1,1,2,1,0,0,2,1,0,0,99,99,99,99,99,99,0,0,0,0,1,4,2,61852,115,2009,0,KIOWA RD,99999999999999999999,0000000,34.45603333,-117.2076972,2,1
6,71,1,24,0,45,1,2,0,0,14,6,0,1,0,2,2,1,2,55,1,1,2,1,0,0,3,1,0,0,99,99,99,99,99,99,0,0,0,0,1,7,1,61853,115,2009,0,YUCCA LOMA RD,COCHISE RD,0000000,34.50022222,-117.2449833,1,1
6,23,9,26,7,10,1,6,0,1,2,2,0,42,0,1,6,1,4,65,1,1,2,1,0,0,4,1,0,0,99,99,99,99,99,99,0,0,0,0,3,7,0,61854,0,2009,233,US-101,99999999999999999999,0000000,40.22749722,-123.8293722,1,1
6,13,9,26,9,47,2,3,0,1,11,1,0,12,7,1,1,3,4,65,1,1,2,1,0,0,1,1,0,0,99,99,99,99,88,88,0,0,0,0,1,7,1,61855,3010,2009,7,I-80,99999999999999999999,0000000,37.90683889,-122.3151611,2,1