STATE,COUNTY,MONTH,DAY,HOUR,MINUTE,VE_TOTAL,PERSONS,PEDS,NHS,ROAD_FNC,ROUTE,SP_JUR,HARM_EV,MAN_COLL,REL_JUNC,REL_ROAD,TRAF_FLO,NO_LANES,SP_LIMIT,ALIGNMNT,PROFILE,PAVE_TYP,SUR_COND,TRA_CONT,T_CONT_F,LGT_COND,WEATHER1,WEATHER2,WRK_ZONE,NOT_HOUR,NOT_MIN,ARR_HOUR,ARR_MIN,HOSP_HR,HOSP_MN,SCH_BUS,CF1,CF2,CF3,FATALS,DAY_WEEK,DRUNK_DR,ST_CASE,CITY,YEAR,MILEPT,TWAY_ID,TWAY_ID2,RAIL,LATITUDE,LONGITUD,VE_FORMS,WEATHER
6,73,9,26,11,30,1,2,1,0,12,3,0,8,0,1,1,3,3,65,1,2,1,1,0,0,1,1,0,0,99,99,99,99,99,99,0,0,0,0,1,7,0,61856,3260,2009,98,SR-52,99999999999999999999,0000000,32.84566944,-117.0794,1,1
6,37,9,26,13,59,2,3,0,0,15,6,0,12,4,1,1,1,2,45,2,2,2,1,0,0,1,1,0,0,99,99,99,99,99,99,0,0,0,0,1,7,0,61857,518,2009,0,MULHOLLAND HWY,99999999999999999999,0000000,34.101925,-118.6600694,2,1
6,65,9,26,14,30,3,6,0,1,12,3,0,12,5,2,1,1,3,60,1,1,1,1,3,3,1,1,0,1,99,99,99,99,88,88,0,0,0,0,1,7,2,61858,3320,2009,299,SR-79,RAMONA EXPY,0000000,33.82363056,-117.0036028,3,1
6,77,9,26,15,38,2,7,0,0,13,6,0,12,5,2,1,2,2,40,1,1,2,1,20,3,1,1,0,0,99,99,99,99,99,99,0,0,0,0,1,7,0,61859,3880,2009,0,VALPICO RD,SYCAMORE PKWY,0000000,37.71068889,-121.4390583,2,1
6,111,9,15,2,11,1,1,0,0,14,6,0,33,0,2,4,2,2,30,1,1,2,1,0,0,3,1,0,0,99,99,99,99,99,99,0,0,0,0,1,3,1,61860,2620,2009,0,VENTURA RD,FORREST PARK BL,0000000,34.24611111,-119.1795556,1,1
6,19,9,26,4,16,1,2,0,0,4,4,0,1,0,1,2,1,2,55,1,1,1,1,0,0,2,1,0,0,99,99,99,99,99,99,0,0,0,0,1,7,1,61861,0,2009,0,MANNING AVE,99999999999999999999,0000000,36.602575,-120.2289889,1,1
6,65,9,26,23,15,1,6,0,0,6,4,3,5,0,1,1,1,2,0,1,2,2,1,0,0,2,1,0,0,99,99,99,99,99,99,0,0,0,0,1,7,0,61862,0,2009,0,CASTILE CYN RD,99999999999999999999,0000000,33.77458889,-116.9096806,1,1
6,7,9,27,0,45,3,6,0,1,2,3,0,12,8,1,1,1,2,65,2,1,2,1,0,0,2,1,0,0,99,99,99,99,99,99,0,0,0,0,1,1,2,61863,0,2009,449,SR-99,99999999999999999999,0000000,39.87037222,-121.9667611,3,1
6,1,9,27,0,48,1,2,0,0,16,6,0,33,0,3,4,1,2,25,2,1,2,1,0,0,3,1,0,0,99,99,99,99,99,99,0,0,0,0,1,1,1,61864,1560,2009,0,SLEEPY HOLLOW AVE,PORTSMOUTH AVE,0000000,37.62976389,-122.0938361,1,1
6,111,9,27,5,36,2,4,0,1,12,3,0,12,2,1,1,1,2,55,1,1,2,1,0,0,2,5,0,0,99,99,99,99,99,99,0,0,0,0,2,1,1,61865,0,2009,32,SR-118,99999999999999999999,0000000,34.26448056,-119.1214194,2,5
6,61,9,27,16,48,2,2,0,0,13,6,0,12,5,2,1,2,3,45,1,1,2,1,0,0,1,1,0,0,99,99,99,99,88,88,0,0,0,0,1,1,1,61866,3110,2009,0,FOOTHILLS BL,SWITCHMAN DR,0000000,38.74995833,-121.3093556,2,1
6,65,9,27,20,1,1,1,0,0,6,4,0,35,0,1,4,1,2,0,1,1,5,1,0,0,2,1,0,0,99,99,99,99,88,88,0,4,0,0,1,1,1,61867,0,2009,0,OLIVE AVE,99999999999999999999,0000000,33.69979722,-117.0984444,1,1
6,47,9,27,21,4,1,2,0,0,4,4,0,33,0,1,5,1,2,55,1,1,2,1,0,0,2,1,0,0,99,99,99,99,99,99,0,0,0,0,1,1,1,61868,0,2009,0,RIVER RD,99999999999999999999,0000000,37.34631389,-120.9477556,1,1
6,39,9,28,5,45,2,2,0,0,3,4,0,12,5,8,1,1,2,0,1,1,2,1,0,0,2,1,0,0,99,99,99,99,88,88,0,4,0,0,1,2,0,61869,0,2009,0,AVENUE 14,99999999999999999999,0000000,36.95236111,-120.2736861,2,1
6,1,9,28,8,31,2,1,0,0,16,6,0,33,0,1,4,1,4,25,1,1,2,1,0,0,1,1,0,0,99,99,99,99,99,99,0,14,0,0,1,2,0,61870,2750,2009,0,HIGHLAND AVE,99999999999999999999,0000000,37.82881944,-122.2343806,1,1
6,29,9,28,11,29,1,1,0,1,2,3,0,32,0,1,4,1,4,65,1,2,2,1,0,0,1,1,0,0,99,99,99,99,99,99,0,0,0,0,1,2,0,61871,0,2009,393,SR-14,99999999999999999999,0000000,35.346775,-117.9729083,1,1
6,15,9,28,16,15,1,2,0,1,2,2,0,42,0,1,4,1,2,55,1,1,2,1,0,0,1,1,0,0,99,99,99,99,99,99,0,0,0,0,1,2,0,61872,0,2009,350,US-101,99999999999999999999,0000000,41.86257778,-124.1409361,1,1
6,19,8,13,7,0,1,2,1,0,5,4,0,9,0,1,1,1,2,55,1,1,2,1,0,0,1,1,0,0,99,99,99,99,99,99,0,0,0,0,1,5,0,61873,0,2009,0,SHAW AVE,99999999999999999999,0000000,36.80749722,-120.0942556,1,1
6,97,9,3,20,55,1,4,0,1,12,2,0,21,0,1,4,1,2,55,1,1,2,1,0,0,2,1,0,4,99,99,99,99,99,99,0,0,0,0,1,5,1,61874,0,2009,279,US-101,99999999999999999999,0000000,38.52856111,-122.7929028,1,1
6,29,9,7,7,52,1,1,0,0,16,6,0,38,0,1,4,1,2,55,1,1,2,1,0,0,2,1,0,0,99,99,99,99,88,88,0,0,0,0,1,2,1,61875,240,2009,0,E PANAMA LN,99999999999999999999,0000000,35.29547778,-118.9756667,1,1
6,71,9,9,20,2,1,3,1,0,14,6,0,15,0,1,1,1,2,40,1,2,2,1,0,0,3,1,0,0,99,99,99,99,99,99,0,0,0,0,1,4,0,61876,3000,2009,0,CEDAR AVE,99999999999999999999,0000000,34.03479167,-117.3942389,1,1
6,59,9,9,8,45,1,2,1,0,14,6,0,8,0,1,1,2,3,40,1,1,2,1,0,0,1,1,0,0,99,99,99,99,99,99,0,0,0,0,1,4,0,61877,80,2009,0,S BROOKHURST ST,99999999999999999999,0000000,33.81891111,-117.9590472,1,1
6,37,9,9,19,55,1,2,1,0,14,6,0,8,0,2,1,1,2,25,1,1,2,1,3,3,3,1,0,0,99,99,99,99,99,99,0,0,0,0,1,4,0,61878,1970,2009,0,CLARK AVE,GARFORD ST,0000000,33.79193333,-118.1340444,1,1
6,71,3,8,15,36,2,3,0,0,15,6,0,12,1,2,1,1,2,55,1,1,2,1,0,0,1,1,0,0,99,99,99,99,99,99,0,0,0,0,1,1,1,61879,115,2009,0,CENTRAL RD,NISQUALLY RD,0000000,34.48611667,-117.17265,2,1
6,71,4,15,7,46,1,1,0,1,12,3,0,1,0,1,5,2,2,55,1,1,2,1,0,0,2,1,0,0,99,99,99,99,88,88,0,0,0,0,1,4,1,61880,115,2009,900,SR-18,99999999999999999999,0000000,34.51083611,-117.2030917,1,1
6,37,6,7,22,23,1,2,1,0,14,6,0,8,0,1,1,5,6,40,1,1,2,1,0,0,3,1,0,0,99,99,99,99,99,99,0,0,0,0,1,1,0,61881,1700,2009,0,PRAIRE AVE,99999999999999999999,0000000,33.93891944,-118.3439111,1,1
6,85,7,6,15,35,2,3,0,0,4,4,0,23,0,1,4,1,2,45,2,1,2,1,40,3,1,1,0,0,99,99,99,99,88,88,0,0,0,0,1,2,1,61882,0,2009,0,UVAS RD,99999999999999999999,0000000,37.1117,-121.736325,2,1
6,65,7,28,23,52,1,2,0,0,14,6,0,5,0,1,1,2,2,40,1,1,2,1,0,0,3,1,0,0,99,99,99,99,99,99,0,0,0,0,1,3,0,61883,850,2009,0,RIVER RD,99999999999999999999,0000000,33.89746944,-117.5730861,1,1
6,37,5,11,14,14,2,5,3,0,13,6,0,12,5,2,1,2,2,40,1,1,2,1,3,3,1,1,0,0,99,99,99,99,99,99,0,0,0,0,1,2,0,61884,810,2009,0,CENTRAL AVE,COMPTON BL,0000000,33.89558611,-118.2518361,2,1
6,37,6,4,21,44,1,1,0,0,13,6,0,25,0,1,3,2,3,40,1,1,2,1,0,0,3,1,0,0,99,99,99,99,99,99,0,0,0,0,1,5,1,61885,1550,2009,0,CRENSHAW BL,99999999999999999999,0000000,33.91911111,-118.3266167,1,1
6,85,8,8,10,1,2,4,0,0,2,3,0,12,2,1,1,1,2,40,2,1,2,1,0,0,1,1,0,0,99,99,99,99,99,99,0,0,0,0,1,7,0,61886,0,2009,35,SR-152,99999999999999999999,0000000,37.00392222,-121.6723833,2,1
6,65,8,16,13,57,2,2,0,0,15,6,0,12,5,2,1,1,2,25,1,2,2,1,20,3,1,1,0,0,99,99,99,99,99,99,0,0,0,0,1,1,0,61887,250,2009,0,N HARGRAVE AVE,E GEORGE ST,0000000,33.93057778,-116.8680306,2,1
6,37,8,22,11,26,1,6,4,0,16,6,0,8,0,3,1,1,4,30,1,1,2,1,20,3,1,1,0,0,99,99,99,99,99,99,0,0,0,0,1,7,0,61888,3690,2009,0,TWEEDY BL,SAN VINCINTE AVE,0000000,33.943325,-118.1995,1,1
6,71,8,24,16,12,1,1,0,0,2,3,0,24,0,1,4,1,2,55,2,2,1,1,0,0,1,1,0,0,99,99,99,99,88,88,0,0,0,0,1,2,0,61889,0,2009,404,SR-18,99999999999999999999,0000000,34.24419722,-117.0280417,1,1
6,111,8,24,18,5,1,2,1,0,16,6,0,8,0,1,1,5,2,30,2,1,2,1,0,0,1,1,0,0,99,99,99,99,99,99,0,0,0,0,1,2,0,61890,4027,2009,0,SHORELINE DRIVE,99999999999999999999,0000000,34.27606111,-119.2977,1,1
6,37,8,24,20,25,2,2,0,0,3,4,0,12,5,2,1,1,4,45,1,1,2,1,20,3,3,1,0,0,99,99,99,99,88,88,0,0,0,0,1,2,1,61891,0,2009,0,NORMANDIE AVE,125TH ST,0000000,33.91921944,-118.3004,2,1
6,73,8,28,18,37,2,5,0,0,12,3,0,12,1,2,1,1,3,65,1,1,2,1,3,3,1,1,0,0,99,99,99,99,99,99,0,0,0,0,4,6,0,61892,3499,2009,223,SR-125,MISSION GORGE RD,0000000,32.83855,-117.0031806,2,1
6,1,1,13,8,8,1,1,0,0,16,6,0,19,0,1,5,1,2,25,2,1,2,1,0,0,1,1,0,0,99,99,99,99,88,88,0,0,0,0,1,3,0,61893,2480,2009,0,HEGENBERGER,99999999999999999999,0000000,37.73382222,-122.1912611,1,1
6,113,4,6,20,50,1,2,0,0,5,4,0,30,0,1,4,1,2,55,1,1,2,1,0,0,2,1,0,0,99,99,99,99,99,99,0,0,0,0,1,2,0,61894,0,2009,0,COUNTY RD 89,99999999999999999999,0000000,38.59527222,-121.971675,1,1
6,1,5,9,21,40,1,2,0,0,14,6,0,27,0,1,4,1,4,45,2,1,2,1,0,0,3,1,0,0,99,99,99,99,99,99,0,0,0,0,1,7,0,61895,3993,2009,0,CENTRAL AVE,99999999999999999999,0000000,37.77704444,-122.2910083,1,1
6,73,6,24,17,5,2,2,0,0,14,6,0,12,1,1,1,5,4,40,1,1,2,1,0,0,1,1,0,0,99,99,99,99,99,99,0,0,0,0,1,4,1,61896,1080,2009,0,W BRADLEY,99999999999999999999,0000000,32.81863889,-116.9644556,2,1
6,37,7,14,13,55,2,2,0,0,15,6,0,12,1,1,1,1,6,40,1,1,2,1,0,0,1,1,0,0,99,99,99,99,99,99,0,0,0,0,1,3,0,61897,1980,2009,0,BALBOA BLVD,99999999999999999999,0000000,34.20148333,-118.501125,2,1
6,37,7,19,0,15,2,2,1,0,16,6,0,8,0,1,2,1,2,35,1,1,2,1,0,0,3,1,0,0,99,99,99,99,99,99,0,0,0,0,1,1,0,61898,1980,2009,0,VAUGHN ST,99999999999999999999,0000000,34.28190833,-118.4220806,1,1
6,65,8,25,23,15,1,2,1,0,16,6,0,8,0,1,1,1,2,35,1,1,2,1,0,0,2,1,0,0,99,99,99,99,99,99,0,0,0,0,1,3,0,61899,2276,2009,0,HEMLOCK AVE,99999999999999999999,0000000,33.94257778,-117.2456333,1,1
6,45,9,26,16,15,2,2,0,0,5,4,0,12,2,1,1,1,2,55,1,1,5,1,0,0,1,1,0,0,99,99,99,99,99,99,0,4,0,0,1,7,2,61900,0,2009,0,MILL CREEK,99999999999999999999,0000000,39.12906111,-123.1521028,2,1
6,37,9,9,21,27,1,2,1,0,13,6,0,8,0,1,1,2,3,45,1,1,2,1,0,0,3,1,0,0,99,99,99,99,99,99,0,0,0,0,1,4,0,61901,3870,2009,0,CRENSHAW BLVD,99999999999999999999,0000000,33.79288056,-118.3314667,1,1
6,99,9,10,15,30,1,2,1,0,16,6,0,8,0,1,1,1,2,25,1,1,2,1,0,0,1,1,0,0,99,99,99,99,99,99,0,0,0,0,1,5,0,61902,2200,2009,0,DORCHESTER AVE,99999999999999999999,0000000,37.65373056,-120.9624556,1,1
6,37,9,11,7,32,1,3,1,0,13,6,0,8,0,1,1,3,2,40,1,1,2,1,0,0,1,1,0,0,99,99,99,99,99,99,0,0,0,0,1,6,0,61903,1110,2009,0,VALLEY BLVD,99999999999999999999,0000000,34.05898056,-118.0118528,1,1
6,29,9,11,20,40,1,1,0,0,5,4,0,1,0,1,4,1,2,55,2,2,2,1,40,3,2,1,0,0,99,99,99,99,88,88,0,0,0,0,1,6,1,61904,0,2009,0,MILLUX RD,99999999999999999999,0000000,35.17949167,-119.1209806,1,1
6,53,9,21,16,20,1,1,0,0,4,4,0,1,0,1,1,1,2,55,2,2,2,1,0,0,1,1,0,0,99,99,99,99,88,88,0,0,0,0,1,2,0,61905,0,2009,0,METZ RD,99999999999999999999,0000000,36.35171944,-121.206,1,1
6,95,9,22,6,6,1,2,1,1,13,3,0,8,0,1,1,1,2,50,1,1,2,1,3,3,3,1,0,0,99,99,99,99,88,88,0,0,0,0,1,3,0,61906,4020,2009,58,SR-29,99999999999999999999,0000000,38.15383611,-122.2537361,1,1
6,67,3,9,19,10,2,4,0,0,3,4,0,12,5,1,1,5,4,45,2,2,2,1,0,0,1,1,0,0,99,99,99,99,99,99,0,0,0,0,2,2,0,61907,0,2009,0,WALERGA RD,99999999999999999999,0000000,38.705975,-121.3630917,2,1
6,59,8,20,23,35,1,5,0,0,15,6,0,33,0,1,3,2,1,50,2,1,2,1,0,0,3,1,0,0,99,99,99,99,99,99,0,0,0,0,2,5,1,61908,1713,2009,0,SHADY CANYON DR,99999999999999999999,0000000,33.63265278,-117.8026028,1,1
6,73,10,8,6,7,2,2,0,0,13,6,0,12,5,2,1,1,3,30,1,1,2,1,3,3,3,1,0,0,99,99,99,99,99,99,0,0,0,0,1,5,1,61909,3260,2009,0,EL CAJON BLVD,FAIRMOUNT AVE,0000000,32.75504722,-117.1008306,2,1
6,73,10,10,1,23,2,2,0,0,14,6,0,12,1,3,1,2,2,50,1,1,2,1,3,3,3,1,0,0,99,99,99,99,99,99,0,0,0,0,1,7,2,61910,560,2009,0,CARLSBAD BLVD,ISLAND WAY,0000000,33.11168056,-117.32235,2,1
6,83,10,17,3,55,1,3,1,0,2,4,0,8,0,3,1,1,2,35,1,1,2,1,0,0,3,1,0,0,99,99,99,99,88,88,0,0,0,0,1,7,0,61911,0,2009,0,BELL ST,MAIN ST,0000000,34.74219444,-120.271925,1,1
6,37,10,17,11,50,3,7,0,1,12,3,0,12,5,1,1,3,5,65,2,2,1,1,0,0,1,1,0,0,99,99,99,99,99,99,0,14,0,0,1,7,0,61912,0,2009,264,SR-14,99999999999999999999,0000000,34.35617778,-118.5061083,3,1
6,29,10,17,17,25,1,1,0,0,4,4,0,38,0,1,5,1,2,45,2,3,2,1,40,3,1,1,0,0,99,99,99,99,99,99,0,0,0,0,1,7,1,61913,0,2009,0,CALEINTE CREEK RD,99999999999999999999,0000000,35.3063,-118.4319722,1,1
6,29,10,17,18,50,2,4,0,0,3,4,0,12,2,1,1,1,2,55,1,2,2,1,0,0,2,1,0,0,99,99,99,99,99,99,0,0,0,0,1,7,0,61914,0,2009,0,BANDUCCI RD,99999999999999999999,0000000,35.094175,-118.5914472,2,1
6,1,10,17,21,4,1,1,0,1,11,1,0,39,0,13,4,6,1,55,2,2,2,1,0,0,2,1,0,0,99,99,99,99,88,88,0,0,0,0,1,7,1,61915,2480,2009,470,I-580 RAMP,99999999999999999999,0000000,37.82524444,-122.3031528,1,1
6,37,10,17,23,30,2,3,0,0,13,6,0,12,5,2,1,1,6,35,1,1,2,1,2,3,3,1,0,0,99,99,99,99,99,99,0,0,0,0,1,7,0,61916,1980,2009,0,LA BREA AVE,SAN VICENTE BLVD,0000000,34.05020833,-118.3442194,2,1
6,19,10,18,3,40,1,2,0,0,4,4,0,38,0,1,5,1,2,55,2,2,2,1,0,0,2,1,0,0,99,99,99,99,99,99,0,0,0,0,1,1,1,61917,0,2009,0,AUBERRY RD,99999999999999999999,0000000,36.96491111,-119.6338167,1,1
6,37,10,18,14,52,1,2,0,1,12,3,0,25,0,1,3,3,6,65,2,2,1,1,0,0,1,1,0,0,99,99,99,99,99,99,0,0,0,0,2,1,0,61918,2870,2009,272,SR-60,99999999999999999999,0000000,34.02474444,-117.7848111,1,1
6,75,10,19,17,47,1,1,0,0,13,6,0,33,0,1,4,1,4,35,1,1,2,2,0,0,1,1,0,0,99,99,99,99,99,99,0,0,0,0,1,2,0,61919,3290,2009,0,3RD ST,99999999999999999999,0000000,37.75274722,-122.3876583,1,1
6,61,10,19,20,22,1,3,1,0,4,4,0,8,0,1,1,2,2,50,1,1,2,1,0,0,2,1,0,0,99,99,99,99,99,99,0,0,0,0,1,2,0,61920,0,2009,0,DOUGLAS BLVD,99999999999999999999,0000000,38.74323889,-121.1717972,1,1
6,37,5,30,4,51,1,2,1,0,14,6,0,9,0,1,1,1,4,45,1,1,2,1,0,0,3,1,0,0,99,99,99,99,99,99,0,0,0,0,1,7,0,61921,1840,2009,0,15TH ST N,99999999999999999999,0000000,34.68423333,-118.1568444,1,1
6,67,8,4,10,39,2,2,0,0,16,6,0,12,7,1,1,5,2,35,1,1,9,1,0,0,1,1,0,0,99,99,99,99,99,99,0,0,0,0,1,3,0,61922,1300,2009,0,CREEKSIDE DR,99999999999999999999,0000000,38.66959722,-121.1483861,2,1
6,73,9,4,0,12,1,2,1,1,11,1,0,8,0,1,1,3,5,65,1,2,1,1,0,0,3,1,0,0,99,99,99,99,88,88,0,0,0,0,1,6,0,61923,3260,2009,81,I-8,99999999999999999999,0000000,32.77911944,-117.0698833,1,1
6,99,9,18,19,14,1,1,0,0,16,6,0,38,0,1,5,1,2,25,2,1,1,1,0,0,3,1,0,0,99,99,99,99,88,88,0,0,0,0,1,6,0,61924,4090,2009,0,S WESTERN AVE,99999999999999999999,0000000,37.63429444,-120.7671056,1,1
6,71,9,24,20,40,2,6,0,0,13,6,0,12,5,2,1,1,4,40,1,1,1,1,3,3,3,1,0,0,99,99,99,99,99,99,0,0,0,0,2,5,1,61925,2550,2009,0,HOLT BLVD,VINE AVE,0000000,34.06333056,-117.6558917,2,1
6,99,9,25,12,55,1,2,0,0,4,4,0,42,0,1,4,1,2,45,2,1,2,1,0,0,1,1,0,0,99,99,99,99,99,99,0,0,0,0,1,6,0,61926,0,2009,0,RIVER RD,99999999999999999999,0000000,37.78342222,-120.8688222,1,1
6,99,9,27,0,25,1,6,0,0,4,4,0,1,0,1,4,1,2,55,1,1,2,1,0,0,2,1,0,0,99,99,99,99,99,99,0,0,0,0,1,1,1,61927,0,2009,0,MARSHALL RD,99999999999999999999,0000000,37.43503889,-121.0473806,1,1
6,59,10,6,21,25,1,2,1,1,12,3,0,8,0,1,1,3,6,65,1,1,1,1,0,0,3,1,0,0,99,99,99,99,99,99,0,23,0,0,1,3,0,61928,3420,2009,124,SR-55,99999999999999999999,0000000,33.76841389,-117.8311222,1,1
6,53,10,8,99,99,1,1,0,0,2,3,0,35,0,1,4,1,2,55,2,2,2,1,0,0,1,1,0,0,99,99,99,99,88,88,0,0,0,0,1,5,0,61929,0,2009,593,SR-1,99999999999999999999,0000000,36.37036389,-121.9018083,1,1
6,71,10,15,0,50,1,1,0,1,1,1,0,1,0,1,4,2,3,70,1,2,2,1,0,0,2,1,0,0,99,99,99,99,88,88,0,0,0,0,1,5,1,61930,0,2009,1792,I-15,99999999999999999999,0000000,35.50763611,-115.4328333,1,1
6,27,10,16,2,15,1,1,0,1,2,2,0,43,0,1,3,2,2,55,1,2,1,1,0,0,2,1,0,0,99,99,99,99,88,88,0,0,0,0,1,6,0,61931,0,2009,302,US-395,99999999999999999999,0000000,36.22209722,-117.9798806,1,1
6,37,10,16,13,20,1,3,1,0,14,6,0,9,0,1,1,1,4,35,1,1,2,1,0,0,1,1,0,0,99,99,99,99,99,99,0,0,0,0,1,6,0,61932,1980,2009,0,HILL ST,99999999999999999999,0000000,34.02431667,-118.27175,1,1
6,31,10,17,9,14,2,2,0,1,2,3,0,12,5,2,1,1,2,55,1,1,2,2,20,3,1,5,0,0,99,99,99,99,99,99,0,0,0,0,1,7,0,61933,0,2009,347,SR-41,KANSAS AVE,0000000,36.21145556,-119.816125,2,5
6,37,10,18,16,14,1,1,0,1,12,3,0,33,0,5,4,6,1,65,2,2,1,1,0,0,1,1,0,0,99,99,99,99,99,99,0,0,0,0,1,1,0,61934,0,2009,32,SR-60 RAMP,99999999999999999999,0000000,34.03271111,-118.1167611,1,1
6,29,7,28,3,5,1,1,0,0,12,3,0,1,0,1,2,1,2,55,1,1,2,1,0,0,2,1,0,0,99,99,99,99,99,99,0,0,0,0,1,3,1,61935,0,2009,264,SR-119,99999999999999999999,0000000,35.26650556,-119.1083611,1,1
6,25,9,28,21,2,1,2,0,1,1,1,0,31,0,1,4,2,2,55,1,2,2,1,0,0,2,1,0,0,99,99,99,99,88,88,0,0,0,0,2,2,0,61936,0,2009,635,I-8,99999999999999999999,0000000,32.71270556,-116.0534333,1,1
6,17,9,29,0,35,1,1,0,0,2,3,0,42,0,1,4,1,2,55,2,2,2,1,0,0,2,1,0,0,99,99,99,99,99,99,0,0,0,0,1,3,0,61937,0,2009,42,SR-49,99999999999999999999,0000000,38.60617222,-120.8535583,1,1
6,61,9,29,5,9,2,1,0,0,14,6,0,14,1,1,2,1,4,25,1,1,2,1,0,0,3,1,0,0,99,99,99,99,88,88,0,0,0,0,1,3,1,61938,3110,2009,0,HARDING BLVD,99999999999999999999,0000000,38.74516389,-121.2742556,1,1
6,109,9,29,9,32,2,2,0,0,2,3,0,12,5,1,1,1,2,50,1,1,2,1,0,0,1,1,0,0,99,99,99,99,99,99,0,0,0,0,1,3,0,61939,0,2009,59,SR-108,99999999999999999999,0000000,37.98358889,-120.2919722,2,1
6,71,10,6,11,7,2,2,0,0,15,6,0,12,1,1,1,5,4,50,1,1,2,1,0,0,1,1,0,0,99,99,99,99,88,88,0,0,0,0,1,3,1,61940,2550,2009,0,ETIWANDA AVE,99999999999999999999,0000000,34.05556944,-117.5241556,2,1
6,111,10,19,7,35,1,2,0,0,13,3,0,42,0,1,4,1,2,35,1,1,2,2,0,0,1,1,0,0,99,99,99,99,99,99,0,0,0,0,1,2,0,61941,0,2009,61,SR-33,99999999999999999999,0000000,34.35959167,-119.3097222,1,1
6,75,10,23,0,12,2,2,0,1,11,1,0,14,2,1,2,3,4,65,1,1,1,1,0,0,2,1,0,0,99,99,99,99,99,99,0,0,0,0,1,6,1,61942,3290,2009,3,I-280,99999999999999999999,0000000,37.7099,-122.4661861,1,1
6,73,10,23,8,5,1,3,2,0,6,4,0,8,0,2,1,1,2,25,1,1,2,1,20,3,1,1,0,0,99,99,99,99,99,99,0,0,0,0,1,6,0,61943,0,2009,0,SAN PABLO DR,LA PLAZA DR,0000000,33.11895,-117.2053556,1,1
6,13,10,23,10,32,1,2,1,0,2,6,0,8,0,2,1,2,3,40,1,1,1,1,20,3,1,1,0,0,99,99,99,99,99,99,0,0,0,0,1,6,0,61944,3412,2009,0,CROW CANYON RD,DIABLO PLAZA,0000000,37.77547222,-121.9792472,1,1
6,19,10,23,12,10,1,3,0,0,5,4,0,42,0,1,5,1,2,55,1,1,2,1,0,0,1,1,0,0,99,99,99,99,99,99,0,6,0,0,1,6,1,61945,0,2009,0,SUMNER AVE,99999999999999999999,0000000,36.62468889,-119.3418639,1,1
6,71,9,26,18,20,1,1,0,0,6,4,0,1,0,1,1,1,2,0,1,3,5,1,0,0,1,1,0,0,99,99,99,99,99,99,0,4,0,0,1,7,1,61946,0,2009,0,EL MIRAGE DRY LK BED,99999999999999999999,0000000,34.65561111,-117.61965,1,1
6,37,9,26,20,10,1,2,1,0,16,6,0,8,0,3,1,1,6,35,1,1,2,1,2,3,3,1,0,0,99,99,99,99,88,88,0,20,0,0,1,7,0,61947,1980,2009,0,VENTURA BL,DON PIO DR,0000000,34.16833333,-118.6038389,1,1
6,73,9,27,13,17,2,3,0,1,11,1,0,12,2,1,1,3,5,65,1,1,1,1,0,0,1,1,0,0,99,99,99,99,99,99,0,19,0,0,1,1,0,61948,3260,2009,138,I-5,99999999999999999999,0000000,32.69855,-117.1387528,2,1
6,37,9,30,14,0,2,2,0,1,11,1,0,14,1,1,2,3,4,65,1,2,1,1,0,0,1,1,0,0,99,99,99,99,99,99,0,19,0,0,1,4,0,61949,3445,2009,485,I-5,99999999999999999999,0000000,34.35591667,-118.5512028,1,1
6,83,9,30,17,32,1,1,0,1,12,2,0,42,0,1,4,3,3,65,1,1,2,1,0,0,1,1,0,0,99,99,99,99,88,88,0,0,0,0,1,4,0,61950,3430,2009,188,US-101,99999999999999999999,0000000,34.44075,-119.7684694,1,1
6,67,9,30,21,56,2,4,1,0,2,4,0,9,0,2,1,2,2,45,1,1,2,1,3,3,3,1,0,0,99,99,99,99,99,99,0,0,0,0,1,4,0,61951,0,2009,0,MADISON AVE,ILLINOIS AVE,0000000,38.66415,-121.235,2,1
6,53,10,3,11,19,4,7,0,1,2,2,0,25,0,1,3,3,2,60,1,2,1,1,0,0,1,1,0,0,99,99,99,99,99,99,0,14,0,0,2,7,0,61952,0,2009,1003,US-101,99999999999999999999,0000000,36.8442,-121.6342889,4,1
6,95,10,3,12,50,5,12,0,1,11,1,0,12,1,1,1,3,3,65,1,1,1,1,0,0,1,1,0,0,99,99,99,99,99,99,0,0,0,0,1,7,0,61953,4020,2009,47,I-80,99999999999999999999,0000000,38.11895,-122.2303889,5,1
6,71,10,4,23,5,2,3,0,1,2,3,0,12,2,1,1,1,2,55,1,1,2,1,0,0,2,1,0,0,99,99,99,99,88,88,0,0,0,0,1,1,0,61954,0,2009,269,SR-58,99999999999999999999,0000000,34.92188611,-117.1785306,2,1
6,73,7,31,12,42,2,4,0,1,11,1,0,12,7,1,1,3,3,70,1,1,2,1,0,0,1,1,0,0,99,99,99,99,99,99,0,0,0,0,1,6,0,61955,0,2009,311,I-8,99999999999999999999,0000000,32.83405556,-116.7346083,2,1