STATE,COUNTY,MONTH,DAY,HOUR,MINUTE,VE_TOTAL,PERSONS,PEDS,NHS,ROAD_FNC,ROUTE,SP_JUR,HARM_EV,MAN_COLL,REL_JUNC,REL_ROAD,TRAF_FLO,NO_LANES,SP_LIMIT,ALIGNMNT,PROFILE,PAVE_TYP,SUR_COND,TRA_CONT,T_CONT_F,LGT_COND,WEATHER1,WEATHER2,WRK_ZONE,NOT_HOUR,NOT_MIN,ARR_HOUR,ARR_MIN,HOSP_HR,HOSP_MN,SCH_BUS,CF1,CF2,CF3,FATALS,DAY_WEEK,DRUNK_DR,ST_CASE,CITY,YEAR,MILEPT,TWAY_ID,TWAY_ID2,RAIL,LATITUDE,LONGITUD,VE_FORMS,WEATHER
6,67,8,21,21,0,1,2,1,0,3,4,0,15,0,1,1,5,4,45,1,1,2,1,0,0,3,1,0,0,99,99,99,99,99,99,0,0,0,0,1,6,0,61956,0,2009,0,ANTELOPE RD,99999999999999999999,0000000,38.70398611,-121.3741583,1,1
6,73,8,22,4,16,1,1,0,0,14,6,0,33,0,1,3,2,3,50,2,1,2,2,0,0,3,1,0,0,99,99,99,99,88,88,0,0,0,0,1,7,1,61957,710,2009,0,E H ST,99999999999999999999,0000000,32.63903611,-117.0448472,1,1
6,73,10,8,23,53,1,1,0,0,13,6,0,25,0,1,3,2,2,35,2,1,1,1,0,0,3,1,0,0,99,99,99,99,88,88,0,20,0,0,1,5,1,61958,3260,2009,0,EL CAJON BL,99999999999999999999,0000000,32.76374722,-117.0625889,1,1
6,37,10,18,19,7,2,2,0,0,16,6,0,12,5,1,1,1,2,25,1,1,2,1,0,0,3,1,0,0,99,99,99,99,99,99,0,0,0,0,1,1,1,61959,1110,2009,0,CONTINENTAL AVE,99999999999999999999,0000000,34.05514444,-118.0381889,2,1
6,13,10,18,19,16,1,2,1,0,16,6,0,9,0,3,1,5,4,35,1,1,2,1,0,0,3,1,0,0,99,99,99,99,88,88,0,0,0,0,1,1,0,61960,820,2009,0,CLAYTON RD,ROSLYN DR,0000000,37.97107778,-122.0134056,1,1
6,65,10,19,3,25,2,2,0,1,12,3,0,12,1,1,1,3,5,65,1,1,1,1,0,0,2,1,0,0,99,99,99,99,99,99,0,0,0,0,1,2,0,61961,3070,2009,35,SR-60,99999999999999999999,0000000,34.01918611,-117.4995417,2,1
6,79,10,19,4,15,2,3,0,1,12,2,0,12,2,1,1,3,2,65,1,1,2,1,0,0,2,1,0,0,99,99,99,99,99,99,0,0,0,0,1,2,1,61962,0,2009,539,US-101,99999999999999999999,0000000,35.58528056,-120.6959806,2,1
6,13,10,28,19,42,2,2,0,1,11,1,0,12,2,1,1,3,5,65,1,1,1,1,0,0,2,1,0,0,99,99,99,99,99,99,0,0,0,0,1,4,0,61963,1590,2009,98,I-80,99999999999999999999,0000000,38.01143889,-122.2726083,2,1
6,65,10,29,0,50,3,4,0,1,11,1,0,12,1,1,1,3,2,70,1,1,1,1,0,0,2,1,0,1,99,99,99,99,99,99,0,0,0,0,1,5,1,61964,0,2009,161,I-10,99999999999999999999,0000000,33.93146944,-116.829,3,1
6,67,8,25,20,59,2,4,0,1,11,1,0,12,5,1,1,2,5,65,1,1,1,1,0,0,3,1,0,0,99,99,99,99,99,99,0,0,0,0,1,3,0,61965,0,2009,114,I-80,99999999999999999999,0000000,38.65091667,-121.37125,2,1
6,1,8,26,18,11,2,3,0,0,15,6,0,12,5,2,1,1,2,25,1,1,2,1,20,3,1,1,0,0,99,99,99,99,99,99,0,0,0,0,1,4,1,61966,2480,2009,0,18TH ST,WEST ST,0000000,37.81022222,-122.2778417,2,1
6,107,9,25,7,10,1,9,0,0,6,4,0,5,0,1,1,1,2,25,2,2,4,1,0,0,1,1,0,0,99,99,99,99,99,99,0,0,0,0,1,6,1,61967,0,2009,0,W GIBBONS CREEK RD,99999999999999999999,0000000,36.02414722,-118.7942444,1,1
6,29,10,23,11,55,3,6,0,1,2,3,0,12,2,1,1,1,2,55,1,1,2,1,0,0,1,1,0,0,99,99,99,99,99,99,0,0,0,0,4,6,0,61968,0,2009,218,SR-46,99999999999999999999,0000000,35.61485,-119.8459917,3,1
6,85,10,23,17,3,1,2,1,0,14,6,0,9,0,1,1,2,2,35,1,1,2,1,0,0,1,1,0,0,99,99,99,99,99,99,0,0,0,0,1,6,0,61969,2280,2009,0,W EDMUNDSON AVE,99999999999999999999,0000000,37.11265,-121.6440694,1,1
6,111,10,23,17,10,1,1,0,1,2,2,0,27,0,1,4,3,3,65,1,1,1,1,0,0,1,1,0,0,99,99,99,99,99,99,0,0,0,0,1,6,0,61970,0,2009,367,US-101,99999999999999999999,0000000,34.32086944,-119.3870111,1,1
6,107,8,8,13,54,2,10,0,0,4,4,0,12,5,2,1,1,2,55,1,1,2,1,20,3,1,1,0,0,99,99,99,99,99,99,0,20,0,0,8,7,0,61971,0,2009,0,ROAD 120,AVENUE 424,0000000,36.55936111,-119.3051194,2,1
6,73,10,19,8,30,2,2,0,1,11,1,0,1,0,1,1,3,6,65,1,1,1,1,0,0,1,1,0,0,99,99,99,99,88,88,0,0,0,0,1,2,0,61972,1200,2009,274,I-15,99999999999999999999,0000000,33.07528889,-117.0706556,2,1
6,109,10,19,20,30,1,2,1,0,4,4,0,8,0,1,2,1,2,45,2,3,2,1,0,0,2,1,0,0,99,99,99,99,99,99,0,0,0,0,1,2,1,61973,0,2009,0,TUOLUMNE RD,99999999999999999999,0000000,37.97313056,-120.3416306,1,1
6,111,10,20,17,40,2,2,0,1,2,3,0,12,2,1,1,1,4,60,2,1,2,1,0,0,1,1,0,0,99,99,99,99,99,99,0,0,0,0,1,3,0,61974,0,2009,292,SR-126,99999999999999999999,0000000,34.4105,-118.7846806,2,1
6,19,10,21,3,19,1,2,0,1,1,1,0,1,0,1,2,3,2,70,1,1,1,1,0,0,2,1,0,0,99,99,99,99,99,99,0,0,0,0,1,4,0,61975,0,2009,537,I-5,99999999999999999999,0000000,36.69801944,-120.6680194,1,1
6,83,10,21,6,30,2,2,0,0,3,4,0,12,1,1,1,1,2,55,1,1,2,1,0,0,2,1,0,0,99,99,99,99,99,99,0,0,0,0,1,4,0,61976,0,2009,0,STOWELL RD,99999999999999999999,0000000,34.93801944,-120.3853806,2,1
6,19,10,21,18,38,2,3,0,0,2,4,0,12,5,2,1,1,2,55,1,1,2,1,0,0,2,1,0,0,99,99,99,99,99,99,0,0,0,0,1,4,1,61977,0,2009,0,SHAW AVE,BIOLA AVE,0000000,36.8076,-120.0116389,2,1
6,79,10,21,99,99,1,1,0,0,2,3,0,35,0,1,5,1,2,55,2,1,2,1,0,0,2,9,0,0,99,99,99,99,88,88,0,0,0,0,1,4,1,61978,0,2009,247,SR-41,99999999999999999999,0000000,35.5206,-120.5737,1,9
6,37,10,22,13,15,2,2,0,0,6,4,0,12,5,2,1,1,2,55,1,1,2,1,20,3,1,1,0,0,99,99,99,99,88,88,0,0,0,0,1,5,0,61979,0,2009,0,90TH ST W,AVENUE I,0000000,34.70476944,-118.2894306,2,1
6,45,10,24,13,0,2,2,0,0,6,4,0,12,2,1,1,1,2,15,2,2,5,1,0,0,1,1,0,0,99,99,99,99,88,88,0,4,0,0,1,7,0,61980,0,2009,0,RED MOUNTAIN RD,99999999999999999999,0000000,39.0529,-123.5755,2,1
6,65,10,27,15,24,1,2,1,0,16,6,0,9,0,3,1,1,4,40,1,1,2,1,3,3,1,1,0,0,99,99,99,99,88,88,0,0,0,0,1,3,0,61981,1690,2009,0,AVENUE 45,JACKSON ST,0000000,33.72279167,-116.2162528,1,1
6,71,10,27,16,35,1,2,0,0,2,3,0,42,0,1,5,1,2,55,2,1,2,1,0,0,1,1,0,0,99,99,99,99,99,99,0,0,0,0,1,3,0,61982,0,2009,466,SR-38,99999999999999999999,0000000,34.24574167,-116.8108667,1,1
6,73,10,23,20,2,5,12,0,1,11,1,0,12,1,1,1,3,7,65,1,1,1,1,0,0,3,1,0,0,99,99,99,99,99,99,0,0,0,0,1,6,0,61983,3260,2009,155,I-15,99999999999999999999,0000000,32.91055,-117.1167194,5,1
6,17,10,27,20,19,1,4,0,1,2,2,0,33,0,1,5,2,1,55,2,2,2,1,0,0,2,1,0,0,99,99,99,99,99,99,0,0,0,0,1,3,1,61984,0,2009,335,US-50,99999999999999999999,0000000,38.76283056,-120.5449806,1,1
6,87,10,23,20,31,1,2,1,0,6,6,0,8,0,1,1,5,2,35,1,2,2,1,0,0,3,1,0,0,99,99,99,99,88,88,0,0,0,0,1,6,0,61985,4100,2009,0,AIRPORT BL,99999999999999999999,0000000,36.94069167,-121.775525,1,1
6,37,10,27,22,0,3,3,0,0,14,6,0,12,5,1,1,1,6,35,1,1,2,1,0,0,3,1,0,0,99,99,99,99,99,99,0,0,0,0,1,3,1,61986,1980,2009,0,PICO BL,99999999999999999999,0000000,34.038875,-118.43125,2,1
6,29,10,28,14,52,2,4,0,1,2,3,0,12,4,1,2,1,2,55,1,1,2,1,0,0,1,1,0,0,99,99,99,99,99,99,0,0,0,0,3,4,0,61987,0,2009,454,SR-46,99999999999999999999,0000000,35.60133889,-119.4312389,2,1
6,99,10,28,19,15,1,3,1,0,13,6,0,9,0,1,1,5,2,45,1,1,2,1,0,0,3,1,0,0,99,99,99,99,99,99,0,0,0,0,1,4,0,61988,2200,2009,0,W HATCH RD,99999999999999999999,0000000,37.60943889,-120.9999083,1,1
6,37,9,25,21,39,1,2,1,0,14,6,0,8,0,3,1,1,2,30,1,1,2,1,0,0,3,1,0,0,99,99,99,99,99,99,0,0,0,0,1,6,0,61989,1670,2009,0,GAGE AVE,ARBUTUS AVE,0000000,33.98096667,-118.2146944,1,1
6,59,9,26,1,31,1,1,0,0,14,6,0,33,0,1,4,2,2,50,2,1,2,1,0,0,3,1,0,0,99,99,99,99,88,88,0,0,0,0,1,7,1,61990,2560,2009,0,NORTH CANNON ST,99999999999999999999,0000000,33.83539167,-117.7956028,1,1
6,37,10,1,19,30,1,2,1,0,16,6,0,8,0,1,4,1,2,25,1,1,2,1,0,0,3,1,0,0,99,99,99,99,99,99,0,0,0,0,1,5,0,61991,1980,2009,0,DUMETZ RD,99999999999999999999,0000000,34.15692222,-118.60585,1,1
6,37,10,1,11,5,1,3,1,0,13,6,0,8,0,1,1,2,2,35,1,1,2,1,0,0,1,1,0,0,99,99,99,99,99,99,0,0,0,0,1,5,0,61992,1980,2009,0,SHERMAN WY,99999999999999999999,0000000,34.19688611,-118.6389639,1,1
6,37,10,1,5,33,1,2,1,0,13,6,0,15,0,1,1,2,2,35,1,1,2,1,0,0,3,1,0,0,99,99,99,99,99,99,0,0,0,0,1,5,0,61993,1670,2009,0,SLAUSON AVE,99999999999999999999,0000000,33.98922222,-118.2253139,1,1
6,71,8,25,5,3,1,2,1,0,16,6,0,8,0,1,1,1,2,45,1,1,2,1,0,0,2,1,0,0,99,99,99,99,88,88,0,0,0,0,1,3,0,61994,1603,2009,0,E AVE,99999999999999999999,0000000,34.43245278,-117.2899222,1,1
6,67,9,11,0,38,1,2,1,0,2,4,0,8,0,1,1,5,4,45,1,1,2,1,0,0,2,1,0,0,99,99,99,99,88,88,0,0,0,0,1,6,0,61995,0,2009,0,STOCKTON BL,99999999999999999999,0000000,38.48651944,-121.4246389,1,1
6,33,9,11,21,42,2,4,0,1,2,3,0,12,2,1,1,1,2,55,1,1,2,1,0,0,2,1,0,0,99,99,99,99,99,99,0,0,0,0,1,6,1,61996,0,2009,401,SR-29,99999999999999999999,0000000,39.01581944,-122.9121194,2,1
6,73,9,25,22,10,1,1,0,0,16,6,0,33,0,1,4,5,4,99,2,1,2,1,0,0,3,1,0,0,99,99,99,99,88,88,0,0,0,0,1,6,0,61997,2510,2009,0,LAKE BL,99999999999999999999,0000000,33.17510556,-117.2670306,1,1
6,37,10,13,15,23,3,23,0,0,14,6,0,12,5,2,1,1,4,40,1,1,2,2,3,3,1,2,0,0,99,99,99,99,99,99,0,0,0,0,1,3,0,61998,1440,2009,0,GLENDORA AVE,GLADSTONE ST,0000000,34.11395556,-117.8638222,3,2
6,97,10,16,14,9,4,5,0,0,13,3,0,12,1,3,1,1,2,45,1,1,2,1,20,3,1,1,0,0,99,99,99,99,88,88,1,0,0,0,1,6,0,61999,883,2009,343,SR-116,MADRONE AVE,0000000,38.33300833,-122.7264167,4,1
6,73,10,23,18,15,3,4,0,0,15,6,0,12,5,2,1,2,2,40,1,2,1,1,20,3,5,1,0,0,99,99,99,99,99,99,0,14,0,0,1,6,0,62000,3260,2009,0,BLACK MOUNTAIN RD,DEFREITAS AV,0000000,32.96462222,-117.1278306,3,1
6,111,10,23,18,37,2,3,0,0,15,6,0,12,5,2,1,2,2,45,1,1,2,1,20,3,3,1,0,0,99,99,99,99,99,99,0,0,0,0,1,6,0,62001,3641,2009,0,ALAMO ST,CIMARRON AVE,0000000,34.286325,-118.7418222,2,1
6,19,10,23,19,18,3,10,0,0,3,4,0,12,2,1,1,1,2,55,1,1,2,1,0,0,5,1,0,0,99,99,99,99,99,99,0,4,0,0,1,6,1,62002,0,2009,0,CENTRAL AVE,99999999999999999999,0000000,36.67690278,-119.973975,3,1
6,99,10,28,21,40,2,2,0,0,2,3,0,12,1,1,1,1,2,45,1,1,2,1,0,0,2,1,0,0,99,99,99,99,88,88,0,0,0,0,1,4,1,62003,0,2009,304,SR-108,99999999999999999999,0000000,37.73271111,-120.971275,2,1
6,13,10,29,1,55,1,2,1,1,11,1,0,8,0,1,1,3,4,65,1,1,2,1,0,0,2,1,0,0,99,99,99,99,88,88,0,0,0,0,1,5,0,62004,2090,2009,235,I-680,99999999999999999999,0000000,38.01641667,-122.0941556,1,1
6,37,10,29,14,10,2,3,0,0,13,6,0,12,5,1,1,1,6,35,1,1,1,1,0,0,1,1,0,0,99,99,99,99,99,99,0,0,0,0,1,5,0,62005,1980,2009,0,OLYMPIC BL,99999999999999999999,0000000,34.05344167,-118.4156222,2,1
6,111,10,29,17,0,1,1,0,0,6,4,0,42,0,1,4,1,2,55,2,2,2,1,0,0,1,1,0,0,99,99,99,99,88,88,0,0,0,0,1,5,1,62006,0,2009,0,WHEELER CYN RD,99999999999999999999,0000000,34.38676111,-119.1392194,1,1
6,19,10,29,18,14,1,1,0,1,13,3,0,33,0,1,3,2,2,50,1,1,2,1,0,0,5,1,0,0,99,99,99,99,99,99,0,0,0,0,1,5,1,62007,0,2009,643,SR-180,99999999999999999999,0000000,36.736725,-119.6834556,1,1
6,73,10,29,18,40,1,2,1,0,13,6,0,8,0,1,1,5,4,45,1,1,2,1,0,0,3,1,0,0,99,99,99,99,99,99,0,0,0,0,1,5,0,62008,3260,2009,0,FRIARS RD,99999999999999999999,0000000,32.7677,-117.1736528,1,1
6,67,10,30,18,49,2,3,0,0,2,6,0,1,0,2,1,1,2,55,1,1,2,1,0,0,2,1,0,0,99,99,99,99,88,88,0,0,0,0,1,6,0,62009,3150,2009,0,S WATT AVE,OSAGE AVE,0000000,38.52188056,-121.36985,2,1
6,97,10,30,21,5,2,2,0,1,12,2,0,12,2,1,1,3,2,65,1,1,2,1,0,0,3,1,0,0,99,99,99,99,99,99,0,0,0,0,1,6,1,62010,0,2009,338,US-101,99999999999999999999,0000000,38.59607778,-122.8553444,2,1
6,65,10,30,22,45,1,2,1,1,11,1,0,8,0,1,1,3,3,65,1,1,1,1,0,0,3,1,0,0,99,99,99,99,88,88,0,19,0,0,1,6,0,62011,2730,2009,280,I-215,99999999999999999999,0000000,33.80525556,-117.2337778,1,1
6,77,10,31,3,35,1,2,0,0,4,4,0,3,0,1,5,1,2,55,1,1,2,1,0,0,2,1,0,0,99,99,99,99,99,99,0,0,0,0,1,7,1,62012,0,2009,0,W LOWER JONES RD,99999999999999999999,0000000,37.94866389,-121.4471639,1,1
6,65,8,20,3,38,2,2,0,1,12,3,0,12,2,1,1,3,5,65,1,1,1,1,0,0,2,1,0,0,99,99,99,99,99,99,0,0,0,0,1,5,1,62013,0,2009,0,SR-60,99999999999999999999,0000000,34.02381111,-117.5581694,2,1
6,89,8,20,10,10,1,2,0,0,2,3,0,5,0,1,1,1,2,55,1,2,2,1,0,0,1,1,0,0,99,99,99,99,88,88,0,0,0,0,1,5,0,62014,0,2009,790,SR-299,99999999999999999999,0000000,40.92771667,-121.6173639,1,1
6,107,8,20,11,15,2,4,0,0,2,3,0,12,5,2,1,1,2,55,1,1,2,1,3,3,1,1,0,0,99,99,99,99,99,99,0,0,0,0,1,5,0,62015,0,2009,192,SR-63,AVE 384,0000000,36.48638333,-119.2871056,2,1
6,107,9,6,2,23,2,12,0,0,6,4,0,12,2,1,1,1,2,55,2,2,2,1,0,0,2,1,0,0,99,99,99,99,99,99,0,0,0,0,1,1,0,62016,0,2009,0,MTN 137,99999999999999999999,0000000,36.02623056,-118.9254583,2,1
6,29,9,6,10,24,2,4,0,0,2,4,0,12,5,2,1,1,2,55,1,1,2,1,20,3,1,1,0,0,99,99,99,99,99,99,0,0,0,0,1,1,1,62017,0,2009,0,LERDO HWY,MAGNOLIA AVE,0000000,35.49966944,-119.3680861,2,1
6,67,9,7,20,25,1,2,1,0,2,4,0,9,0,1,1,2,3,45,1,2,2,1,0,0,3,1,0,0,99,99,99,99,99,99,0,0,0,0,1,2,0,62018,3150,2009,0,MADISON AVE,99999999999999999999,0000000,38.66344722,-121.2987194,1,1
6,37,9,9,17,25,2,2,0,1,11,1,0,7,0,1,1,3,6,55,1,1,2,1,0,0,1,1,0,0,99,99,99,99,99,99,0,0,0,0,1,4,0,62019,1970,2009,202,I-710,99999999999999999999,0000000,33.86353889,-118.1981694,2,1
6,29,9,13,14,50,2,3,0,0,5,4,0,12,5,2,1,1,2,55,1,1,2,1,20,3,1,1,0,0,99,99,99,99,99,99,0,0,0,0,1,1,0,62020,0,2009,0,DAVID RD,WHEELER RIDGE RD,0000000,35.09248889,-118.9147278,2,1
6,85,10,23,19,31,2,3,0,0,15,6,0,12,1,1,1,1,4,35,1,1,2,1,0,0,3,1,0,0,99,99,99,99,99,99,0,0,0,0,1,6,1,62021,3340,2009,0,ALUM ROCK AVE,99999999999999999999,0000000,37.35850556,-121.8434722,2,1
6,65,10,31,15,20,2,2,0,0,3,4,0,12,5,2,1,1,2,45,1,2,2,1,20,3,1,1,0,0,99,99,99,99,88,88,0,0,0,0,1,7,0,62022,0,2009,0,CHERRY VALLEY BL,LIVE OAK AVE,0000000,33.96872778,-116.9730111,2,1
6,65,10,31,18,16,1,2,1,0,14,6,0,8,0,3,1,2,3,50,1,1,2,1,3,3,3,1,0,0,99,99,99,99,99,99,0,0,0,0,1,7,0,62023,3851,2009,0,PECHANGA PKWY,MUIRFIELD DR,0000000,33.46861667,-117.1198722,1,1
6,59,10,31,18,56,1,2,1,0,16,6,0,15,0,1,1,1,2,25,1,1,2,1,0,0,3,1,0,0,99,99,99,99,99,99,0,4,0,0,1,7,0,62024,3420,2009,0,WELLINGTON ST,99999999999999999999,0000000,33.75458889,-117.8631944,1,1
6,89,11,4,18,34,1,2,1,0,14,6,0,8,0,1,1,1,4,45,1,1,2,1,0,0,3,1,0,0,99,99,99,99,99,99,0,0,0,0,1,4,0,62025,2950,2009,0,LAKE BL,99999999999999999999,0000000,40.61177222,-122.3658944,1,1
6,85,11,4,18,47,2,5,0,0,13,6,0,7,0,2,1,2,3,45,1,1,2,1,3,3,3,1,0,0,99,99,99,99,99,99,0,0,0,0,1,4,0,62026,3790,2009,0,MATHILDA AVE,INDIO WY,0000000,37.38619444,-122.0314056,2,1
6,25,11,5,11,26,2,3,0,1,1,1,0,13,2,1,1,2,2,70,2,1,1,1,0,0,1,1,0,0,99,99,99,99,88,88,0,0,0,0,3,5,0,62027,0,2009,949,I-8,99999999999999999999,0000000,32.73706944,-114.6510694,2,1
6,73,11,6,9,39,2,2,0,0,16,6,0,12,5,1,1,5,6,45,1,2,1,1,0,0,1,1,0,0,99,99,99,99,99,99,0,0,0,0,1,6,0,62028,3260,2009,0,MIRAMAR RD,99999999999999999999,0000000,32.89144444,-117.1402417,2,1
6,47,9,13,15,25,1,3,0,0,6,4,0,38,0,1,4,1,2,55,1,1,2,1,0,0,1,1,0,0,99,99,99,99,99,99,0,0,0,0,2,1,0,62029,0,2009,0,VASSAR AVE,99999999999999999999,0000000,37.26568056,-120.48145,1,1
6,107,9,13,15,29,2,6,0,0,4,4,0,12,2,1,1,1,2,55,1,1,2,1,0,0,1,1,0,0,99,99,99,99,99,99,0,0,0,0,1,1,1,62030,0,2009,0,AVENUE 328,99999999999999999999,0000000,36.38536111,-119.3591806,2,1
6,73,9,13,15,35,1,1,0,0,2,3,0,1,0,1,1,1,2,55,2,2,1,1,0,0,1,1,0,0,99,99,99,99,88,88,0,0,0,0,1,1,0,62031,0,2009,92,SR-79,99999999999999999999,0000000,32.99847778,-116.5673889,1,1
6,71,10,1,12,17,1,1,0,0,14,6,0,33,0,1,4,2,2,45,1,1,2,2,0,0,1,1,0,0,99,99,99,99,99,99,0,0,0,0,1,5,0,62032,4040,2009,0,LA MESA RD,99999999999999999999,0000000,34.48491944,-117.3643194,1,1
6,89,10,1,23,10,1,1,0,0,2,3,0,1,0,1,2,2,2,65,1,1,2,1,0,0,3,1,0,0,99,99,99,99,88,88,0,0,0,0,1,5,1,62033,2950,2009,265,SR-299,99999999999999999999,0000000,40.61803889,-122.3321806,1,1
6,37,10,2,0,41,1,3,0,0,15,6,0,33,0,1,4,1,2,40,2,2,2,1,0,0,3,1,0,0,99,99,99,99,99,99,0,0,0,0,2,6,1,62034,890,2009,0,S GARVEY AVE,99999999999999999999,0000000,34.07162222,-117.883575,1,1
6,31,10,2,3,21,1,1,0,1,2,3,0,1,0,1,4,1,2,55,1,1,2,1,0,0,2,1,0,0,99,99,99,99,88,88,0,0,0,0,1,6,1,62035,0,2009,239,SR-41,99999999999999999999,0000000,36.08995,-119.9131306,1,1
6,37,7,2,17,50,2,4,0,0,13,6,0,12,5,2,1,5,4,35,1,1,2,1,0,0,1,1,0,0,99,99,99,99,99,99,0,0,0,0,1,5,0,62036,1980,2009,0,MANCHESTER AVE,NORMANDIE AVE,0000000,33.96001667,-118.3002806,2,1
6,65,7,8,6,35,2,4,0,0,4,4,0,12,1,1,1,1,4,40,1,1,2,1,0,0,1,1,0,0,99,99,99,99,99,99,0,0,0,0,1,4,0,62037,0,2009,0,ESTELLE ST,99999999999999999999,0000000,33.8818,-117.5183167,2,1
6,37,8,5,22,30,1,3,1,0,16,6,0,8,0,4,1,1,2,15,1,1,2,1,0,0,3,1,0,0,99,99,99,99,99,99,0,0,0,0,1,4,1,62038,1980,2009,0,GUTHRIE AVE,99999999999999999999,0000000,34.04106389,-118.3807694,1,1
6,53,8,9,21,5,2,4,0,0,4,4,0,12,1,3,1,1,4,55,1,1,2,1,3,3,3,1,0,0,99,99,99,99,99,99,0,0,0,0,1,1,1,62039,0,2009,0,RIVER RD,LAS PALMAS RD,0000000,36.62235,-121.6693111,2,1
6,29,9,12,9,15,2,3,0,0,6,4,0,12,2,1,1,1,2,55,1,2,2,1,0,0,1,1,0,0,99,99,99,99,88,88,0,0,0,0,1,7,0,62040,0,2009,0,SIERRA WY,99999999999999999999,0000000,35.67323056,-118.3296111,2,1
6,85,9,26,19,35,1,2,1,0,14,6,0,15,0,2,1,1,4,35,1,1,2,1,0,0,3,1,0,0,99,99,99,99,99,99,0,0,0,0,1,7,0,62041,3340,2009,0,JACKSON AVE,CINDERELLA AVE,0000000,37.34881389,-121.8343528,1,1
6,37,9,29,11,38,1,3,1,1,1,1,0,7,0,1,2,3,4,55,1,1,1,1,0,0,1,1,0,0,99,99,99,99,99,99,0,0,0,0,1,3,0,62042,0,2009,699,I-5,99999999999999999999,0000000,34.62043056,-118.7167194,1,1
6,59,9,30,8,12,2,6,0,1,11,1,0,12,1,1,1,3,5,65,1,2,1,1,0,0,1,1,0,0,99,99,99,99,88,88,0,0,0,0,1,4,0,62043,4130,2009,173,I-405,99999999999999999999,0000000,33.74033056,-117.9994806,2,1
6,23,11,10,14,5,2,3,0,1,2,2,0,12,4,1,1,1,2,55,1,1,1,2,0,0,1,1,0,0,99,99,99,99,99,99,0,14,0,0,1,3,0,62044,0,2009,1232,US-101,99999999999999999999,0000000,41.31400833,-124.0428556,2,1
6,87,11,13,19,25,1,2,1,0,16,6,0,8,0,3,1,1,2,25,1,1,2,1,20,3,3,1,0,0,99,99,99,99,99,99,0,0,0,0,1,6,0,62045,3450,2009,0,LAUREL ST,FELIX ST,0000000,36.96837222,-122.0324028,1,1
6,107,11,13,22,40,1,6,0,0,4,4,0,42,0,3,4,1,2,55,1,1,2,1,20,3,2,1,0,0,99,99,99,99,99,99,0,0,0,0,1,6,0,62046,0,2009,0,ROAD 208,AVENUE 192,0000000,36.13823889,-119.1072778,1,1
6,65,11,14,1,52,1,1,0,1,2,3,0,27,0,13,4,6,2,65,2,2,2,1,0,0,2,1,0,0,99,99,99,99,88,88,0,0,0,0,1,7,1,62047,3070,2009,176,SR-91 RAMP,99999999999999999999,0000000,33.94466111,-117.3906611,1,1
6,39,11,14,15,54,1,2,0,0,5,4,0,42,0,1,5,1,2,55,1,1,2,1,0,0,1,1,0,0,99,99,99,99,99,99,0,0,0,0,1,7,1,62048,0,2009,0,AVENUE 18 1/2,99999999999999999999,0000000,37.01783611,-120.3310194,1,1
6,111,11,14,19,45,1,1,0,0,6,4,0,42,0,1,4,1,2,25,2,1,2,1,0,0,2,1,0,0,99,99,99,99,88,88,0,0,0,0,1,7,1,62049,0,2009,0,BOX CYN RD,99999999999999999999,0000000,34.247975,-118.6500917,1,1
6,59,3,31,11,17,6,9,0,0,13,6,0,12,5,2,1,2,3,40,1,1,2,1,3,3,1,1,0,0,99,99,99,99,99,99,0,14,0,0,1,3,0,62050,1660,2009,0,WARNER AVE,NEWLAND ST,0000000,33.71558611,-117.9806,6,1
6,111,8,15,12,20,2,1,0,0,2,3,0,1,0,1,2,1,2,55,2,2,1,1,0,0,1,1,0,0,99,99,99,99,99,99,0,0,0,0,1,7,0,62051,0,2009,359,SR-33,99999999999999999999,0000000,34.59591111,-119.3234111,1,1
6,111,8,20,15,30,1,4,3,0,13,6,0,8,0,3,1,1,4,35,1,1,2,1,2,3,1,1,0,0,99,99,99,99,99,99,0,0,0,0,1,5,0,62052,3480,2009,0,HARVARD BL,LAURIE LN,0000000,34.34248333,-119.0813444,1,1
6,71,8,24,0,20,1,2,1,0,13,6,0,8,0,1,1,2,2,45,1,1,1,1,0,0,3,1,0,0,99,99,99,99,99,99,0,0,0,0,1,2,0,62053,2922,2009,0,HAVEN AVE,99999999999999999999,0000000,34.15175833,-117.5757667,1,1
6,65,8,24,6,35,1,2,1,0,14,6,0,9,0,3,1,2,2,45,1,1,2,1,2,3,1,1,0,0,99,99,99,99,99,99,0,0,0,0,1,2,0,62054,2278,2009,0,ALESSANDRO BL,FREDERICK ST,0000000,33.91709167,-117.2611167,1,1