STATE,COUNTY,MONTH,DAY,HOUR,MINUTE,VE_TOTAL,PERSONS,PEDS,NHS,ROAD_FNC,ROUTE,SP_JUR,HARM_EV,MAN_COLL,REL_JUNC,REL_ROAD,TRAF_FLO,NO_LANES,SP_LIMIT,ALIGNMNT,PROFILE,PAVE_TYP,SUR_COND,TRA_CONT,T_CONT_F,LGT_COND,WEATHER1,WEATHER2,WRK_ZONE,NOT_HOUR,NOT_MIN,ARR_HOUR,ARR_MIN,HOSP_HR,HOSP_MN,SCH_BUS,CF1,CF2,CF3,FATALS,DAY_WEEK,DRUNK_DR,ST_CASE,CITY,YEAR,MILEPT,TWAY_ID,TWAY_ID2,RAIL,LATITUDE,LONGITUD,VE_FORMS,WEATHER
6,37,9,14,17,45,1,1,0,0,12,3,0,43,0,1,4,3,4,55,2,1,2,1,0,0,1,1,0,0,99,99,99,99,99,99,0,0,0,0,1,2,0,62055,1980,2009,15,SR-90,99999999999999999999,0000000,33.98241944,-118.4175194,1,1
6,35,10,31,3,40,1,1,0,1,2,2,0,1,0,1,3,3,2,65,2,9,2,1,0,0,2,1,0,0,99,99,99,99,88,88,0,0,0,0,1,7,0,62056,0,2009,6,US-395,99999999999999999999,0000000,39.71860833,-120.0375639,1,1
6,81,9,15,16,40,1,1,0,0,14,6,0,10,0,6,1,2,3,25,1,1,2,1,60,3,1,1,0,0,99,99,99,99,88,88,0,0,0,0,1,3,0,62057,2980,2009,0,WHIPPLE AVE,99999999999999999999,754935A,37.49078611,-122.2394167,1,1
6,71,9,21,16,37,2,2,0,0,12,3,0,12,5,2,1,2,2,60,1,1,2,1,2,3,1,1,0,0,99,99,99,99,99,99,0,0,0,0,1,2,0,62058,115,2009,902,SR-18,FLATHEAD RD,0000000,34.51439722,-117.2068917,2,1
6,37,10,27,20,20,3,5,0,0,13,6,0,12,5,2,1,1,4,35,1,1,2,1,3,3,3,1,0,0,99,99,99,99,99,99,0,0,0,0,1,3,0,62059,1980,2009,0,SANTA MONICA BL,NORMANDIE AVE,0000000,34.09058889,-118.3005667,3,1
6,71,10,30,2,50,2,2,0,0,14,6,0,12,1,1,1,1,2,35,1,1,2,1,0,0,2,1,0,0,99,99,99,99,88,88,0,0,0,0,1,6,1,62060,1305,2009,0,ARROW RTE,99999999999999999999,0000000,34.0992,-117.4781472,2,1
6,37,10,30,5,42,1,3,1,0,14,6,0,9,0,1,1,1,4,50,1,1,2,1,0,0,2,1,0,0,99,99,99,99,88,88,0,0,0,0,1,6,0,62061,2645,2009,0,30TH ST E,99999999999999999999,0000000,34.56490556,-118.0762472,1,1
6,77,10,30,7,6,1,2,1,0,13,6,0,8,0,1,1,2,2,50,1,1,2,1,0,0,4,1,0,0,99,99,99,99,99,99,0,0,0,0,1,6,0,62062,3770,2009,0,WEST LN,99999999999999999999,0000000,38.03451111,-121.2950917,1,1
6,71,10,30,8,16,4,6,0,0,14,6,0,12,5,2,1,1,3,50,1,1,2,1,3,3,1,1,0,0,99,99,99,99,99,99,0,0,0,0,1,6,0,62063,4040,2009,0,EL EVADO RD,HOOK BL,0000000,34.52120833,-117.3467611,4,1
6,37,10,30,9,50,2,3,0,0,15,6,0,12,5,8,1,5,4,40,1,1,2,1,0,0,1,1,0,0,99,99,99,99,88,88,0,0,0,0,1,6,0,62064,1980,2009,0,PARTHENIA ST,99999999999999999999,0000000,34.22866389,-118.5320361,2,1
6,93,10,30,10,20,2,3,0,1,1,1,0,12,2,1,1,1,2,65,1,1,1,1,0,0,1,1,0,0,99,99,99,99,99,99,0,0,0,0,2,6,0,62065,0,2009,582,I-5,99999999999999999999,0000000,41.85633056,-122.5715306,2,1
6,37,10,30,12,25,2,4,0,0,16,6,0,12,5,2,1,1,6,35,1,1,2,1,3,3,1,1,0,0,99,99,99,99,99,99,0,0,0,0,1,6,0,62066,1980,2009,0,ROSCOE BLVD,AMESTOY AVE,0000000,34.22116389,-118.5055278,2,1
6,95,10,30,15,10,1,2,0,0,14,6,0,33,0,1,3,2,2,35,2,1,2,1,0,0,1,1,0,0,99,99,99,99,99,99,0,0,0,0,1,6,1,62067,3780,2009,0,RAILROAD AVE,99999999999999999999,0000000,38.25334167,-122.0255222,1,1
6,37,10,30,18,38,1,2,1,0,2,4,0,8,0,2,1,1,6,45,1,2,2,1,0,0,2,1,0,0,99,99,99,99,99,99,0,0,0,0,1,6,0,62068,0,2009,0,IMPERIAL HWY,BURGESS AVE,0000000,33.91679722,-118.0238917,1,1
6,87,11,1,13,55,3,6,0,0,2,3,0,12,2,1,1,1,2,55,1,1,2,1,0,0,1,1,0,0,99,99,99,99,99,99,0,0,0,0,2,1,1,62069,0,2009,267,SR-1,99999999999999999999,0000000,36.99134444,-122.16535,3,1
6,67,4,18,22,23,2,2,0,0,15,6,0,12,1,1,1,1,2,40,1,1,2,1,0,0,3,1,0,0,99,99,99,99,88,88,0,0,0,0,1,7,1,62070,1108,2009,0,E STOCKTON,99999999999999999999,0000000,38.39740833,-121.3806667,2,1
6,11,10,8,4,0,1,2,0,1,11,1,0,38,0,1,4,2,2,70,1,1,1,1,0,0,2,1,0,0,99,99,99,99,99,99,0,0,0,0,1,5,0,62071,0,2009,221,I-5,99999999999999999999,0000000,39.20791944,-122.1790389,1,1
6,37,11,8,11,0,2,7,0,1,13,3,0,13,2,11,1,2,2,40,1,1,2,1,3,3,1,1,0,0,99,99,99,99,99,99,0,0,0,0,1,1,0,62072,810,2009,104,SR-91 RAMP,ALAMEDA ST,0000000,33.91633333,-118.2230389,2,1
6,59,11,9,4,54,2,2,0,1,11,1,0,12,7,1,1,3,6,65,1,1,2,1,0,0,3,1,0,0,99,99,99,99,88,88,0,0,0,0,1,2,0,62073,3960,2009,284,I-5,99999999999999999999,0000000,33.72663056,-117.80595,2,1
6,29,11,9,5,4,2,2,0,1,1,1,0,25,0,1,3,3,4,65,1,2,2,1,0,0,2,1,0,0,99,99,99,99,88,88,0,0,0,0,1,2,0,62074,0,2009,51,I-5,99999999999999999999,0000000,35.33203611,-119.3039583,2,1
6,73,11,9,7,19,1,2,1,0,13,6,0,9,0,1,1,2,2,45,1,2,1,1,0,0,1,1,0,0,99,99,99,99,88,88,0,0,0,0,1,2,0,62075,3260,2009,0,GENESEE AVE,99999999999999999999,0000000,32.85474722,-117.20455,1,1
6,71,11,17,19,9,1,4,3,0,14,6,0,8,0,1,1,1,2,45,1,1,2,1,0,0,2,1,0,0,99,99,99,99,99,99,0,0,0,0,1,3,0,62076,1603,2009,0,COTTONWOOD AVE,99999999999999999999,0000000,34.37171667,-117.3379361,1,1
6,65,11,18,0,30,1,1,0,1,12,3,0,25,0,1,3,3,3,65,1,1,2,1,0,0,2,1,0,0,99,99,99,99,99,99,0,0,0,0,1,4,1,62077,2276,2009,175,SR-60,99999999999999999999,0000000,33.98721111,-117.347375,1,1
6,45,11,18,6,50,2,2,0,0,2,3,0,12,2,1,1,1,2,55,2,2,2,2,0,0,2,1,0,0,99,99,99,99,99,99,0,0,0,0,1,4,0,62078,0,2009,336,SR-20,99999999999999999999,0000000,39.27634167,-123.2551972,2,1
6,95,11,18,7,39,1,1,0,0,3,4,0,27,0,1,4,1,2,35,2,1,2,2,0,0,1,1,0,0,99,99,99,99,88,88,0,0,0,0,1,4,0,62079,0,2009,0,LAKE HERMAN RD,99999999999999999999,0000000,38.11546944,-122.1931583,1,1
6,37,7,7,4,5,2,4,0,1,11,1,0,12,1,1,1,3,5,65,1,1,1,1,0,0,3,1,0,0,99,99,99,99,99,99,0,0,0,0,1,3,1,62080,1980,2009,180,I-110,99999999999999999999,0000000,33.98913056,-118.2801806,2,1
6,37,11,13,20,35,1,2,1,0,3,4,0,8,0,3,1,1,4,35,1,1,2,1,2,3,3,1,0,0,99,99,99,99,99,99,0,0,0,0,1,6,0,62081,0,2009,0,MARINE AVE,LEMOLI AVE,0000000,33.89463889,-118.3307111,1,1
6,61,11,14,99,99,1,1,0,0,6,4,0,17,0,1,1,1,2,0,1,1,5,1,0,0,1,1,0,0,99,99,99,99,88,88,0,4,0,0,1,7,1,62082,0,2009,0,TAHOE NORDIC CNT TRL,99999999999999999999,0000000,39.19871111,-120.1147,1,1
6,65,11,14,1,55,1,3,0,0,16,6,0,33,0,1,4,1,2,35,1,1,2,1,0,0,2,1,0,0,99,99,99,99,99,99,0,0,0,0,1,7,1,62083,3070,2009,0,VICTORIA AVE,99999999999999999999,0000000,33.96277778,-117.370325,1,1
6,95,11,14,22,20,1,2,0,0,15,6,0,1,0,1,6,1,2,35,2,2,2,1,0,0,2,1,0,0,99,99,99,99,99,99,0,0,0,0,1,7,1,62084,1260,2009,0,SUISUN VLY RD,99999999999999999999,0000000,38.22351667,-122.1296667,1,1
6,37,11,19,7,45,1,2,1,0,16,6,0,8,0,2,1,1,4,35,1,1,2,1,20,3,1,1,0,0,99,99,99,99,99,99,0,0,0,0,1,5,0,62085,1980,2009,0,WESTWOOD BL,GLENDON AVE,0000000,34.05915833,-118.4425389,1,1
6,45,11,16,11,27,1,1,0,0,2,3,0,24,0,1,5,1,2,45,2,2,2,1,40,3,1,1,0,0,99,99,99,99,88,88,0,0,0,0,1,2,0,62086,0,2009,46,SR-1,99999999999999999999,0000000,38.80554444,-123.5792194,1,1
6,75,11,16,15,27,2,4,0,0,14,6,0,12,5,2,1,1,2,25,1,1,2,1,1,3,1,1,0,0,99,99,99,99,99,99,0,0,0,0,1,2,0,62087,3290,2009,0,CALIFORNIA ST,ARGUELLO BL,0000000,37.78566389,-122.4592139,2,1
6,59,10,16,18,24,2,2,0,1,12,3,0,12,1,1,1,2,3,65,1,2,2,1,0,0,1,1,0,0,99,99,99,99,99,99,0,0,0,0,1,6,1,62088,0,2009,181,SR-73,99999999999999999999,0000000,33.60036944,-117.7797194,2,1
6,37,11,16,19,0,1,2,1,0,16,6,0,8,0,3,1,1,4,35,1,1,2,1,2,3,3,1,0,0,99,99,99,99,99,99,0,0,0,0,1,2,0,62089,1980,2009,0,TEXAS AVE,BUNDY DR,0000000,34.04294444,-118.4660639,1,1
6,107,11,17,3,19,1,1,0,1,2,3,0,24,0,1,3,3,2,70,1,1,2,1,0,0,2,1,0,0,99,99,99,99,88,88,0,0,0,0,1,3,1,62090,0,2009,10,SR-99,99999999999999999999,0000000,35.80303889,-119.2554889,1,1
6,37,11,17,11,4,1,2,1,0,14,6,0,15,0,3,1,1,2,25,1,1,2,1,20,3,1,1,0,0,99,99,99,99,99,99,0,0,0,0,1,3,0,62091,720,2009,0,BONITA AVE,CAMBRIDGE AVE,0000000,34.09637778,-117.7273944,1,1
6,9,11,17,14,33,1,2,0,0,2,3,0,35,0,1,4,1,2,55,1,2,2,1,0,0,1,1,0,0,99,99,99,99,99,99,0,0,0,0,1,3,0,62092,0,2009,108,SR-49,99999999999999999999,0000000,38.10047222,-120.5894361,1,1
6,39,11,17,14,49,2,4,0,1,2,3,0,36,0,1,4,1,2,55,1,1,2,1,0,0,1,1,0,0,99,99,99,99,99,99,0,0,0,0,2,3,0,62093,0,2009,141,SR-41,99999999999999999999,0000000,37.07478889,-119.7618111,2,1
6,71,11,17,15,9,1,1,0,0,16,6,0,19,0,3,5,1,2,25,1,1,2,1,0,0,1,1,0,0,99,99,99,99,99,99,0,4,0,0,1,3,0,62094,2922,2009,0,SALINA ST,JASPER ST,0000000,34.09789444,-117.620725,1,1
6,37,11,17,17,40,1,2,1,0,13,6,0,8,0,3,1,1,4,35,1,1,2,1,0,0,3,1,0,0,99,99,99,99,99,99,0,0,0,0,1,3,0,62095,3300,2009,0,SAN GABRIEL BL,LIVE OAK ST,0000000,34.1016,-118.0910028,1,1
6,73,11,20,11,13,2,2,0,0,2,3,0,12,2,1,1,1,2,55,2,1,2,1,0,0,1,1,0,0,99,99,99,99,99,99,0,0,0,0,1,6,0,62096,0,2009,479,SR-78,99999999999999999999,0000000,33.08104167,-116.7148444,2,1
6,17,11,20,13,35,1,1,0,1,12,2,0,7,0,1,5,3,2,65,1,2,2,2,0,0,1,2,0,0,99,99,99,99,88,88,0,0,0,0,1,6,1,62097,0,2009,39,US-50,99999999999999999999,0000000,38.65498611,-121.0181806,1,2
6,45,11,20,15,10,3,3,0,1,2,2,0,12,4,1,1,1,3,55,2,2,2,2,0,0,1,2,0,0,99,99,99,99,99,99,0,0,0,0,1,6,0,62098,0,2009,511,US-101,99999999999999999999,0000000,39.46740833,-123.3544056,3,2
6,37,11,20,18,9,1,2,1,0,2,4,0,9,0,3,1,2,3,35,1,1,2,1,2,3,3,1,0,0,99,99,99,99,99,99,0,0,0,0,1,6,1,62099,0,2009,0,HAWTHORNE BL,111TH ST,0000000,33.93459167,-118.3524889,1,1
6,37,9,11,20,15,1,3,2,0,14,6,0,8,0,3,1,1,2,30,1,1,2,1,3,3,3,1,0,0,99,99,99,99,99,99,0,0,0,0,1,6,1,62100,1970,2009,0,REDONDO AVE,10TH ST,0000000,33.77883611,-118.1523472,1,1
6,37,10,16,18,42,1,2,1,0,13,6,0,8,0,3,1,2,2,40,1,1,1,1,9,3,1,1,0,0,99,99,99,99,88,88,0,0,0,0,1,6,0,62101,2749,2009,0,ROSEMEAD BL,CARRON DR,0000000,33.98516389,-118.0956028,1,1
6,59,10,21,17,38,1,2,1,0,13,6,0,9,0,3,1,2,3,50,1,1,2,1,3,3,1,1,0,0,99,99,99,99,99,99,0,0,0,0,1,4,0,62102,4267,2009,0,IMPERIAL HWY,PROSPECT AVE,0000000,33.90201111,-117.8375806,1,1
6,59,10,23,17,52,1,2,1,0,14,6,0,9,0,1,1,9,9,35,1,1,2,1,0,0,1,1,0,0,99,99,99,99,99,99,0,0,0,0,1,6,0,62103,1410,2009,0,TRASK AVE,99999999999999999999,0000000,33.76686111,-117.9420139,1,1
6,37,10,24,5,25,1,1,0,1,11,1,0,42,0,5,4,6,1,65,1,1,1,1,0,0,2,1,0,0,99,99,99,99,88,88,0,0,0,0,1,7,1,62104,1980,2009,362,I-5 RAMP,99999999999999999999,0000000,34.23216944,-118.4091,1,1
6,37,9,25,20,50,1,4,3,0,14,6,0,8,0,3,1,1,4,25,1,1,2,1,3,3,3,1,0,0,99,99,99,99,99,99,0,0,0,0,1,6,0,62105,1980,2009,0,LORENA ST,6TH ST,0000000,34.03078889,-118.1991139,1,1
6,37,9,18,16,4,2,2,0,0,13,6,0,12,5,2,1,1,4,35,1,1,2,1,3,3,1,1,0,0,99,99,99,99,99,99,0,0,0,0,1,6,0,62106,1430,2009,0,VICTORY BL,WESTERN AVE,0000000,34.16108056,-118.3002028,2,1
6,71,10,7,15,43,1,3,0,0,14,6,0,33,0,1,3,2,2,55,1,1,1,1,0,0,1,1,0,0,99,99,99,99,99,99,0,0,0,0,1,4,0,62107,4040,2009,0,MOJAVE DR,99999999999999999999,0000000,34.52840833,-117.3876833,1,1
6,71,10,17,2,31,2,5,4,1,11,1,0,14,1,1,2,3,4,65,1,1,2,1,0,0,3,1,0,1,99,99,99,99,99,99,0,19,0,0,2,7,0,62108,2550,2009,19,I-15,99999999999999999999,0000000,34.06186667,-117.5451917,1,1
6,71,10,25,0,25,1,2,0,0,16,6,0,1,0,1,1,5,4,45,1,1,1,1,28,3,3,1,0,0,99,99,99,99,88,88,0,0,0,0,1,1,1,62109,3,2009,0,JONATHAN ST,99999999999999999999,0000000,34.52379444,-117.40825,1,1
6,65,10,30,23,33,2,3,1,1,11,1,0,8,0,1,3,3,2,70,2,1,2,1,0,0,2,1,0,0,99,99,99,99,99,99,0,19,0,0,1,6,0,62110,9999,2009,184,I-215,99999999999999999999,0000000,33.68328333,-117.1712917,2,1
6,37,7,5,3,30,1,1,0,0,15,6,0,33,0,1,4,1,2,45,1,1,2,1,0,0,2,1,0,0,99,99,99,99,88,88,0,4,0,0,1,1,1,62111,1840,2009,0,AVENUE L-8,99999999999999999999,0000000,34.65295278,-118.1522611,1,1
6,23,7,26,2,17,1,2,1,0,14,6,0,8,0,1,1,1,4,35,1,1,2,1,0,0,3,1,0,0,99,99,99,99,88,88,0,0,0,0,1,1,0,62112,130,2009,0,SAMOA BL,99999999999999999999,0000000,40.86593611,-124.0920778,1,1
6,85,7,26,20,50,1,2,1,0,13,6,0,8,0,1,1,2,3,99,1,1,2,1,0,0,3,1,0,0,99,99,99,99,99,99,0,0,0,0,1,1,0,62113,3340,2009,0,ABORN RD,99999999999999999999,0000000,37.313725,-121.791,1,1
6,37,11,20,19,20,1,3,1,0,14,6,0,8,0,3,1,5,4,35,1,1,2,1,0,0,3,1,0,0,99,99,99,99,99,99,0,0,0,0,1,6,1,62114,1980,2009,0,RESEDA BL,BASSETT ST,0000000,34.19543889,-118.5360444,1,1
6,53,11,20,21,43,1,2,1,0,4,4,0,8,0,1,1,1,2,55,1,1,2,1,0,0,2,1,0,0,99,99,99,99,88,88,0,0,0,0,1,6,0,62115,0,2009,0,SAN MIGUEL CANYON RD,99999999999999999999,0000000,36.82313056,-121.6747,1,1
6,65,11,21,0,25,1,2,0,1,12,3,0,29,0,1,4,3,4,65,1,1,2,1,0,0,2,1,0,0,99,99,99,99,99,99,0,0,0,0,1,7,0,62116,3070,2009,201,SR-91,99999999999999999999,0000000,33.97642778,-117.3717083,1,1
6,107,11,21,6,10,1,2,1,0,5,4,0,8,0,1,1,1,2,55,1,1,2,2,0,0,4,1,0,0,99,99,99,99,88,88,0,0,0,0,1,7,0,62117,0,2009,0,ROAD 236,99999999999999999999,0000000,35.97248333,-119.0449333,1,1
6,105,11,21,6,50,1,1,0,0,2,3,0,27,0,1,4,1,2,55,2,2,2,4,0,0,1,1,0,0,99,99,99,99,88,88,0,0,0,0,1,7,0,62118,0,2009,239,SR-36,99999999999999999999,0000000,40.39633889,-123.2179361,1,1
6,85,11,21,8,23,1,2,1,1,12,3,0,9,0,13,1,6,2,25,2,1,1,1,0,0,1,1,0,0,99,99,99,99,99,99,0,16,0,0,1,7,0,62119,3440,2009,62,SR-87 RAMP,99999999999999999999,0000000,37.33688056,-121.8981333,1,1
6,23,11,18,9,40,1,1,0,1,12,2,0,29,0,1,4,2,2,50,1,1,2,1,0,0,1,1,0,0,99,99,99,99,88,88,0,0,0,0,1,4,0,62120,1220,2009,803,US-101,99999999999999999999,0000000,40.80520278,-124.1338361,1,1
6,65,11,18,13,50,1,1,0,0,6,4,0,33,0,1,4,1,2,25,2,1,2,1,0,0,1,1,0,0,99,99,99,99,88,88,0,4,0,0,1,4,0,62121,0,2009,0,ALGARNE AVE,99999999999999999999,0000000,33.60600556,-117.111425,1,1
6,85,11,18,15,55,1,3,1,0,16,6,0,9,0,8,1,2,2,99,1,1,2,1,20,3,1,1,0,0,99,99,99,99,99,99,0,0,0,0,1,4,0,62122,3340,2009,0,SNELL AVE,99999999999999999999,0000000,37.27719444,-121.8473472,1,1
6,37,11,18,19,15,2,3,0,0,16,6,0,12,5,2,1,1,6,35,1,1,2,1,0,0,3,1,0,0,99,99,99,99,99,99,0,0,0,0,1,4,0,62123,1980,2009,0,ROSCOE BLVD,QUARTE AVE,0000000,34.22028611,-118.5645139,2,1
6,75,11,19,0,20,1,1,0,0,16,6,0,33,0,1,4,1,4,25,1,1,2,1,0,0,3,1,0,0,99,99,99,99,88,88,0,0,0,0,1,5,1,62124,3290,2009,0,MISSION ST,99999999999999999999,0000000,37.77816389,-122.4122444,1,1
6,59,11,19,6,3,1,2,1,0,13,6,0,8,0,3,1,2,3,45,1,1,1,1,2,3,1,1,0,0,99,99,99,99,99,99,0,0,0,0,1,5,0,62125,960,2009,0,KATELLA AVE,KNOTT AVE,0000000,33.80293056,-118.0110333,1,1
6,37,11,21,9,0,1,1,1,0,16,6,0,8,0,4,1,1,4,15,1,1,2,1,0,0,1,1,0,0,99,99,99,99,99,99,0,0,0,0,1,7,0,62126,1980,2009,0,WESTWOOD BLVD,99999999999999999999,0000000,34.05438333,-118.4409972,1,1
6,13,11,21,19,50,1,5,1,0,13,6,0,8,0,1,1,1,4,35,1,1,2,1,0,0,3,1,0,0,99,99,99,99,88,88,0,19,0,0,1,7,0,62127,3010,2009,0,CARLSON BLVD,99999999999999999999,0000000,37.91221667,-122.3198472,1,1
6,73,11,21,21,20,3,2,1,0,4,4,0,53,0,1,4,1,2,35,1,1,2,1,0,0,2,1,0,0,99,99,99,99,99,99,0,0,0,0,1,7,1,62128,0,2009,0,PEPPER DR,99999999999999999999,0000000,32.82079444,-116.9384056,1,1
6,85,8,29,15,30,1,1,0,1,12,2,0,25,0,5,4,6,3,65,1,1,1,1,0,0,1,1,0,0,99,99,99,99,99,99,0,0,0,0,1,7,0,62129,3340,2009,345,US-101 RAMP,99999999999999999999,0000000,37.33560278,-121.8471111,1,1
6,99,8,29,17,25,1,3,0,1,12,3,0,1,0,1,4,3,3,65,1,1,1,1,0,0,1,1,0,0,99,99,99,99,99,99,0,0,0,0,1,7,0,62130,0,2009,95,SR-99,99999999999999999999,0000000,37.56835833,-120.9311472,1,1
6,71,8,29,20,5,1,1,0,1,11,1,0,1,0,15,8,3,4,65,1,1,1,1,0,0,5,1,0,0,99,99,99,99,88,88,0,0,0,0,1,7,1,62131,2550,2009,19,I-15,99999999999999999999,0000000,34.06188056,-117.5448167,1,1
6,67,8,30,2,9,1,2,1,0,13,6,0,8,0,1,1,4,4,35,1,1,1,1,0,0,3,1,0,0,99,99,99,99,88,88,0,0,0,0,1,1,0,62132,3150,2009,0,N 12TH ST,99999999999999999999,0000000,38.59118056,-121.4840278,1,1
6,67,8,30,3,35,1,1,0,1,12,3,0,24,0,1,4,3,4,65,1,1,1,1,0,0,3,1,0,0,99,99,99,99,88,88,0,0,0,0,1,1,1,62133,0,2009,189,SR-99,99999999999999999999,0000000,38.48376111,-121.4329583,1,1
6,29,8,30,8,55,1,3,2,0,6,4,0,15,0,1,1,1,2,55,1,1,2,1,0,0,1,1,0,0,99,99,99,99,99,99,0,0,0,0,1,1,0,62134,0,2009,0,REDBANK RD,99999999999999999999,0000000,35.33954722,-118.9280972,1,1
6,65,8,30,17,32,1,2,0,1,1,1,0,1,0,1,4,3,3,70,1,1,1,1,0,0,1,1,0,0,99,99,99,99,99,99,0,0,0,0,1,1,0,62135,0,2009,299,I-15,99999999999999999999,0000000,33.74478889,-117.4447056,1,1
6,29,8,30,20,50,2,5,1,1,2,3,0,8,0,1,2,2,2,65,1,1,2,1,0,0,3,1,0,0,99,99,99,99,88,88,0,0,0,0,1,1,0,62136,0,2009,755,SR-58,99999999999999999999,0000000,35.26436667,-118.6605417,1,1
6,19,8,30,99,99,1,1,0,0,4,4,0,42,0,1,5,1,2,50,1,1,2,1,0,0,2,1,0,0,99,99,99,99,88,88,0,0,0,0,1,1,1,62137,0,2009,0,CALIFORNIA AVE,99999999999999999999,0000000,36.72051667,-119.9032833,1,1
6,7,8,31,10,45,1,3,0,0,6,4,0,1,0,1,4,1,2,55,2,2,2,1,0,0,1,1,0,0,99,99,99,99,99,99,0,0,0,0,1,2,0,62138,0,2009,0,COHASSET RD,99999999999999999999,0000000,39.84808611,-121.813875,1,1
6,37,8,31,19,21,1,2,1,0,13,6,0,9,0,1,1,3,2,40,1,1,2,9,0,0,9,9,0,0,99,99,99,99,99,99,0,0,0,0,1,2,0,62139,1047,2009,0,HUNTINGTON DR,99999999999999999999,0000000,34.13963889,-117.9523528,1,9
6,19,8,31,22,40,2,2,1,0,13,6,0,12,1,1,1,5,4,45,1,1,2,1,0,0,3,1,0,0,99,99,99,99,99,99,0,0,0,0,1,2,0,62140,3590,2009,0,HIGHLAND AVE,99999999999999999999,0000000,36.5702,-119.6287972,2,1
6,37,9,1,9,45,1,2,1,0,13,6,0,8,0,3,1,1,4,30,1,1,2,1,2,3,1,5,0,0,99,99,99,99,99,99,0,0,0,0,1,3,0,62141,30,2009,0,ATLANTIC BLVD,MAIN ST,0000000,34.091625,-118.1346333,1,5
6,21,9,1,10,35,2,2,0,0,6,4,0,12,1,1,1,1,2,55,1,1,2,1,0,0,1,1,0,0,99,99,99,99,88,88,0,0,0,0,1,3,0,62142,0,2009,0,COUNTRY RD 24,99999999999999999999,0000000,39.71015833,-122.1193444,2,1
6,67,9,1,11,0,1,2,1,0,4,4,0,9,0,1,2,5,4,40,1,1,2,1,0,0,1,1,0,0,99,99,99,99,99,99,0,0,0,0,1,3,0,62143,0,2009,0,WALNUT AVE,99999999999999999999,0000000,38.62716389,-121.3459944,1,1
6,45,9,1,17,51,2,3,0,0,2,3,0,12,2,1,1,1,2,55,1,2,2,1,0,0,1,1,0,0,99,99,99,99,99,99,0,0,0,0,1,3,1,62144,0,2009,408,SR-128,99999999999999999999,0000000,38.90325833,-123.2249306,2,1
6,73,9,1,23,10,2,5,0,0,12,3,0,12,5,2,1,9,9,55,9,9,9,1,3,3,3,1,0,0,99,99,99,99,99,99,0,0,0,0,1,3,0,62145,0,2009,95,SR-76,E VISTA WAY,0000000,33.25789444,-117.2375278,2,1
6,13,9,2,1,37,1,1,0,0,13,6,0,30,0,1,4,1,2,55,1,1,2,1,0,0,2,1,0,0,99,99,99,99,88,88,0,0,0,0,1,4,1,62146,2790,2009,0,PITTSBURG ANTIOCH HY,99999999999999999999,0000000,38.01361111,-121.8560611,1,1
6,73,10,10,4,14,2,1,0,1,1,1,0,12,2,1,1,3,4,70,1,1,2,1,0,0,2,1,0,0,99,99,99,99,88,88,0,19,0,0,1,7,1,62147,0,2009,409,I-15,99999999999999999999,0000000,33.25336667,-117.15595,2,1
6,13,10,10,4,30,1,1,0,1,12,3,0,42,0,1,4,3,3,65,2,1,2,1,0,0,3,1,0,0,99,99,99,99,88,88,0,0,0,0,1,7,1,62148,2090,2009,95,SR-4,99999999999999999999,0000000,37.930625,-121.6950639,1,1
6,71,10,10,5,49,1,2,1,0,15,6,0,8,0,3,1,9,9,99,9,9,9,1,0,0,3,1,0,0,99,99,99,99,88,88,0,0,0,0,1,7,1,62149,2960,2009,0,PALM AVE,HIBISCUS DR,0000000,34.04607778,-117.1708111,1,1
6,29,10,10,11,45,2,7,0,0,3,4,0,12,5,2,1,1,2,55,1,1,2,1,20,3,1,1,0,0,99,99,99,99,99,99,0,0,0,0,1,7,0,62150,0,2009,0,RENFRO RD,SANTA FE WY,0000000,35.41210278,-119.1634667,2,1
6,95,10,10,18,50,1,2,0,0,4,4,0,41,0,1,4,1,2,55,1,1,2,1,0,0,5,1,0,0,99,99,99,99,99,99,0,0,0,0,1,7,1,62151,0,2009,0,PEDRICK RD,99999999999999999999,0000000,38.41839167,-121.804175,1,1
6,111,10,11,1,16,4,1,0,0,16,6,0,5,0,1,1,1,2,25,2,1,2,1,0,0,3,1,0,0,99,99,99,99,99,99,0,14,0,0,1,1,1,62152,2620,2009,0,BONITA AVE,99999999999999999999,0000000,34.20229444,-119.1707889,1,1
6,73,10,11,1,35,1,1,0,1,11,1,0,24,0,1,4,3,2,65,2,1,1,1,0,0,2,1,0,0,99,99,99,99,88,88,0,0,0,0,1,1,1,62153,1182,2009,411,I-5,99999999999999999999,0000000,33.04234167,-117.2851472,1,1
6,37,10,11,3,20,1,2,1,0,14,6,0,8,0,1,1,2,3,35,1,1,2,1,0,0,3,1,0,0,99,99,99,99,88,88,0,0,0,0,1,1,0,62154,1980,2009,0,BROADWAY,99999999999999999999,0000000,33.95180278,-118.2781389,1,1