STATE,COUNTY,MONTH,DAY,HOUR,MINUTE,VE_TOTAL,PERSONS,PEDS,NHS,ROAD_FNC,ROUTE,SP_JUR,HARM_EV,MAN_COLL,REL_JUNC,REL_ROAD,TRAF_FLO,NO_LANES,SP_LIMIT,ALIGNMNT,PROFILE,PAVE_TYP,SUR_COND,TRA_CONT,T_CONT_F,LGT_COND,WEATHER1,WEATHER2,WRK_ZONE,NOT_HOUR,NOT_MIN,ARR_HOUR,ARR_MIN,HOSP_HR,HOSP_MN,SCH_BUS,CF1,CF2,CF3,FATALS,DAY_WEEK,DRUNK_DR,ST_CASE,CITY,YEAR,MILEPT,TWAY_ID,TWAY_ID2,RAIL,LATITUDE,LONGITUD,VE_FORMS,WEATHER
6,71,10,11,16,35,1,5,0,1,1,1,0,1,0,1,3,2,2,70,1,1,2,1,0,0,1,1,0,0,99,99,99,99,99,99,0,0,0,0,1,1,1,62155,0,2009,1683,I-15,99999999999999999999,0000000,35.46053056,-115.4743778,1,1
6,29,10,11,17,25,2,2,0,0,6,4,0,1,0,8,1,1,2,55,1,1,2,1,0,0,1,1,0,0,99,99,99,99,88,88,0,0,0,0,1,1,1,62156,0,2009,0,ROSAMOND BLVD,99999999999999999999,0000000,34.86350278,-118.2065833,2,1
6,65,10,11,23,35,1,6,0,0,2,3,0,32,0,1,4,2,2,60,1,1,2,1,0,0,2,1,0,0,99,99,99,99,99,99,0,0,0,0,1,1,0,62157,0,2009,211,SR-74,99999999999999999999,0000000,33.72869444,-117.2908972,1,1
6,25,10,12,8,38,1,2,0,0,2,3,0,1,0,1,1,1,2,35,1,1,2,1,40,3,1,1,0,1,99,99,99,99,99,99,0,0,0,0,1,2,0,62158,0,2009,184,SR-98,99999999999999999999,0000000,32.67821389,-115.7367194,1,1
6,37,10,12,18,20,1,2,1,0,3,6,0,8,0,1,1,1,4,35,1,1,2,1,0,0,3,1,0,0,99,99,99,99,99,99,0,0,0,0,1,2,0,62159,1980,2009,0,8TH ST,99999999999999999999,0000000,34.05764722,-118.2938278,1,1
6,67,10,12,19,0,1,3,1,0,2,4,0,8,0,1,1,5,4,40,1,1,2,1,0,0,3,1,0,0,99,99,99,99,99,99,0,0,0,0,1,2,0,62160,0,2009,0,47TH AVE,99999999999999999999,0000000,38.51042222,-121.4494111,1,1
6,81,10,13,7,47,3,3,0,0,13,3,0,12,2,1,1,1,2,35,2,2,2,2,0,0,4,2,0,0,99,99,99,99,99,99,0,0,0,0,1,3,0,62161,0,2009,403,SR-1,99999999999999999999,0000000,37.55243611,-122.5122778,3,2
6,19,10,13,14,37,1,2,1,0,4,4,0,8,0,1,2,1,2,55,2,1,2,2,0,0,1,2,0,0,99,99,99,99,88,88,0,0,0,0,1,3,0,62162,0,2009,0,AUBERRY RD,99999999999999999999,0000000,36.93953333,-119.68845,1,2
6,71,10,14,4,20,2,4,0,1,11,1,0,25,0,1,4,3,6,65,1,1,2,2,0,0,3,2,0,0,99,99,99,99,99,99,0,0,0,0,1,4,0,62163,2550,2009,61,I-10,99999999999999999999,0000000,34.070275,-117.6107778,2,2
6,91,8,30,18,10,1,1,0,0,2,3,0,18,0,1,1,1,2,55,2,1,2,1,0,0,1,1,0,0,99,99,99,99,88,88,0,0,0,0,1,1,0,62164,0,2009,36,SR-49,99999999999999999999,0000000,39.51516667,-121.0148333,1,1
6,65,8,25,3,25,2,2,1,1,12,3,0,8,0,1,1,3,5,65,1,1,2,1,0,0,3,1,0,0,99,99,99,99,88,88,0,19,0,0,1,3,0,62165,3070,2009,131,SR-60,99999999999999999999,0000000,33.84172778,-117.2549778,1,1
6,73,8,25,6,40,2,3,1,1,12,3,0,8,0,1,2,3,4,65,2,1,1,1,0,0,1,1,0,0,99,99,99,99,99,99,0,0,0,0,1,3,0,62166,3260,2009,24,SR-94,99999999999999999999,0000000,32.71335556,-117.1309056,1,1
6,65,8,25,11,19,2,2,0,0,16,6,0,12,4,1,1,1,2,10,1,1,2,1,0,0,1,1,0,0,99,99,99,99,88,88,0,0,0,0,1,3,0,62167,2650,2009,0,E VISTA CHINO DR,99999999999999999999,0000000,33.84485556,-116.5424528,2,1
6,45,8,25,13,34,2,2,0,1,2,2,0,1,0,1,1,1,2,55,2,9,2,1,0,0,1,1,0,0,99,99,99,99,88,88,0,14,0,0,1,3,0,62168,0,2009,957,US-101,99999999999999999999,0000000,39.26189722,-123.2227417,2,1
6,37,8,25,20,49,1,4,1,1,11,1,0,8,0,1,1,3,4,65,1,1,1,1,0,0,2,1,0,0,99,99,99,99,88,88,0,0,0,0,1,3,0,62169,1980,2009,40,I-110,99999999999999999999,0000000,33.79025,-118.282125,1,1
6,33,8,26,6,50,1,1,0,0,6,4,0,35,0,1,4,1,2,55,2,2,2,1,0,0,1,1,0,0,99,99,99,99,99,99,0,3,0,0,1,4,0,62170,0,2009,0,HARRINGTON FLAT RD,99999999999999999999,0000000,38.85559444,-122.7370222,1,1
6,71,8,26,19,45,2,2,0,1,2,3,0,12,2,1,1,5,4,65,1,1,2,1,0,0,5,1,0,0,99,99,99,99,99,99,0,0,0,0,1,4,0,62171,0,2009,71,SR-62,99999999999999999999,0000000,34.09903056,-116.5016306,2,1
6,77,8,26,20,5,1,2,1,1,2,3,0,8,0,1,1,5,2,45,1,1,2,1,0,0,3,1,0,0,99,99,99,99,88,88,0,0,0,0,1,4,0,62172,0,2009,181,SR-88,99999999999999999999,0000000,38.19119444,-121.0861361,1,1
6,37,8,26,99,99,1,2,1,0,14,6,0,8,0,4,1,1,2,15,1,1,9,1,0,0,2,1,0,0,99,99,99,99,88,88,0,0,0,0,1,4,0,62173,1980,2009,0,JEFFERSON BL,99999999999999999999,0000000,33.98556111,-118.4024583,1,1
6,73,8,27,5,20,1,2,1,0,14,6,0,8,0,1,1,5,4,40,1,1,2,1,0,0,2,1,0,0,99,99,99,99,99,99,0,0,0,0,1,5,0,62174,3375,2009,0,GRAND AVE,99999999999999999999,0000000,33.14420833,-117.1952917,1,1
6,67,8,27,17,7,2,3,0,0,13,6,0,12,7,3,1,5,4,40,1,1,2,1,3,3,1,1,0,0,99,99,99,99,88,88,0,0,0,0,1,5,1,62175,3150,2009,0,FRUITRIDGE,62ND ST,0000000,38.52502778,-121.4328444,2,1
6,23,8,27,21,17,2,2,0,1,2,3,0,12,2,1,1,1,3,55,2,2,2,1,0,0,2,1,0,0,99,99,99,99,99,99,0,0,0,0,1,5,1,62176,0,2009,105,SR-299,99999999999999999999,0000000,40.94653889,-123.9281389,2,1
6,13,8,27,21,20,2,3,0,1,11,1,0,12,7,1,1,3,4,65,1,1,1,1,0,0,3,1,0,0,99,99,99,99,99,99,0,0,0,0,1,5,1,62177,0,2009,203,I-680,99999999999999999999,0000000,37.98221389,-122.0658361,2,1
6,73,8,28,4,5,1,1,0,0,12,3,0,33,0,1,4,1,3,55,2,2,2,1,0,0,2,1,0,0,99,99,99,99,88,88,0,0,0,0,1,6,1,62178,0,2009,221,SR-78,99999999999999999999,0000000,33.09911389,-117.0289306,1,1
6,37,8,28,5,44,2,3,1,0,3,4,0,8,0,3,1,2,2,45,2,1,2,1,0,0,2,1,0,0,99,99,99,99,88,88,0,0,0,0,1,6,0,62179,0,2009,0,WORKMAN MILL RD,S 3RD ST,0000000,34.0432,-117.9902889,2,1
6,29,8,28,14,20,2,3,1,0,16,6,0,31,0,1,4,1,2,50,2,2,2,1,0,0,1,1,0,0,99,99,99,99,99,99,0,0,0,0,1,6,0,62180,3840,2009,0,CUMBERLAND RD,99999999999999999999,0000000,35.15288056,-118.5900528,1,1
6,99,8,28,16,30,2,4,0,0,13,3,0,12,2,1,1,1,2,35,9,9,2,1,0,0,1,1,0,0,99,99,99,99,99,99,1,0,0,0,1,6,1,62181,0,2009,332,SR-108,99999999999999999999,0000000,37.73732778,-120.9250111,2,1
6,83,8,28,17,30,1,1,0,0,2,3,0,33,0,1,4,1,2,55,2,9,2,1,40,3,1,1,0,0,99,99,99,99,88,88,0,0,0,0,1,6,0,62182,0,2009,277,SR-154,99999999999999999999,0000000,34.48890833,-119.7817889,1,1
6,113,8,28,21,20,1,2,1,0,13,6,0,8,0,1,1,1,4,35,1,1,2,1,0,0,3,1,0,0,99,99,99,99,99,99,0,0,0,0,1,6,0,62183,4258,2009,0,EAST ST,99999999999999999999,0000000,38.66550833,-121.7657222,1,1
6,1,8,29,5,20,2,2,1,1,1,1,0,12,1,1,1,3,4,55,2,1,2,1,0,0,2,1,0,4,99,99,99,99,88,88,0,19,0,0,1,7,0,62184,0,2009,96,I-680,99999999999999999999,0000000,37.57392778,-121.8863361,2,1
6,71,8,29,17,14,2,3,0,0,14,6,0,12,5,2,1,2,3,55,1,1,2,1,20,3,1,1,0,0,17,13,17,18,99,99,0,0,0,0,1,7,0,62185,4040,2009,0,MOJAVE DR,AMETHYST RD,0000000,34.52876389,-117.3645389,2,1
6,37,8,29,14,57,1,5,0,1,2,3,0,33,0,1,4,3,3,65,1,1,1,1,0,0,1,1,0,0,99,99,99,99,99,99,0,0,0,0,1,7,0,62186,2645,2009,626,SR-14,99999999999999999999,0000000,34.6148,-118.1535889,1,1
6,59,10,1,1,50,1,2,0,0,14,6,0,33,0,1,4,2,2,45,2,2,2,1,0,0,3,1,0,0,99,99,99,99,99,99,0,0,0,0,1,5,1,62187,1786,2009,0,CAMINO DEL AVION,99999999999999999999,0000000,33.489675,-117.710975,1,1
6,73,10,1,5,25,1,1,0,0,12,3,0,38,0,1,4,2,2,65,9,9,1,1,0,0,2,1,0,0,99,99,99,99,88,88,0,0,0,0,1,5,0,62188,3260,2009,51,SR-56,99999999999999999999,0000000,32.96726111,-117.1711111,1,1
6,83,10,1,12,30,3,4,0,1,12,3,0,12,5,2,1,1,4,55,1,1,2,1,0,0,1,1,0,0,99,99,99,99,99,99,0,0,0,0,1,5,0,62189,0,2009,117,SR-135,LAKEVIEW RD,0000000,34.53401111,-120.2611194,3,1
6,65,10,2,8,50,3,3,0,1,12,3,0,12,1,1,1,3,4,65,1,1,2,1,0,0,1,1,0,0,99,99,99,99,88,88,0,0,0,0,1,6,0,62190,2276,2009,137,SR-60,99999999999999999999,0000000,33.94264722,-117.2789444,3,1
6,29,10,2,9,56,1,2,0,1,2,3,0,1,0,1,3,2,2,55,1,1,2,1,0,0,1,1,0,0,99,99,99,99,99,99,0,0,0,0,1,6,0,62191,0,2009,129,SR-14,99999999999999999999,0000000,35.08764167,-118.1548694,1,1
6,59,10,2,17,20,2,1,0,0,16,6,0,18,0,1,2,9,9,40,2,9,9,1,0,0,1,1,0,0,99,99,99,99,88,88,0,0,0,0,1,6,0,62192,972,2009,0,DEL OBISPO ST,99999999999999999999,0000000,33.46703333,-117.6855833,1,1
6,37,10,2,99,99,1,1,0,0,2,3,0,31,0,1,4,1,2,40,2,9,2,1,0,0,9,1,0,0,99,99,99,99,88,88,0,0,0,0,1,6,1,62193,0,2009,227,SR-39,99999999999999999999,0000000,34.20818056,-117.8654306,1,1
6,107,10,2,99,99,1,1,0,0,2,3,0,42,0,1,4,1,2,55,1,1,2,1,0,0,2,1,0,0,99,99,99,99,99,99,0,0,0,0,1,6,0,62194,0,2009,185,SR-63,99999999999999999999,0000000,36.48080278,-119.2901722,1,1
6,37,10,2,21,25,1,3,1,0,16,6,0,8,0,1,1,1,4,35,1,1,2,1,0,0,3,1,0,0,99,99,99,99,99,99,0,0,0,0,1,6,0,62195,1980,2009,0,VINELAND AVE,99999999999999999999,0000000,34.181175,-118.3703194,1,1
6,107,10,3,0,30,1,1,0,0,15,6,0,21,0,3,5,1,2,55,1,1,2,1,20,3,2,1,0,0,99,99,99,99,99,99,0,0,0,0,1,7,0,62196,3920,2009,0,PLEASANT AVENUE,ENTERPRISE RD,0000000,36.21816389,-119.3845111,1,1
6,19,10,3,0,40,1,1,0,1,2,3,0,36,0,1,6,1,2,55,2,9,2,1,0,0,2,1,0,0,99,99,99,99,88,88,0,0,0,0,1,7,1,62197,0,2009,251,SR-180,99999999999999999999,0000000,36.74393056,-120.3670694,1,1
6,37,10,3,5,7,1,2,1,1,11,1,0,8,0,13,1,3,4,65,1,1,1,1,0,0,3,1,0,0,99,99,99,99,99,99,0,0,0,0,1,7,0,62198,1776,2009,204,I-120,99999999999999999999,0000000,34.20268889,-118.1915,1,1
6,23,10,3,7,15,1,5,0,1,12,2,0,42,0,1,4,2,2,65,1,1,2,1,0,0,1,1,0,0,99,99,99,99,99,99,0,0,0,0,2,7,0,62199,0,2009,906,US-101,99999999999999999999,0000000,40.9253,-124.1078889,1,1
6,71,10,3,10,10,1,1,0,1,1,1,0,33,0,1,4,2,2,70,1,1,2,1,0,0,1,1,0,0,99,99,99,99,88,88,0,0,0,0,1,7,1,62200,0,2009,129,I-40,99999999999999999999,0000000,34.758625,-114.5711278,1,1
6,25,10,3,12,30,2,3,0,0,2,4,0,12,4,1,1,1,2,55,1,1,2,1,0,0,1,1,0,0,99,99,99,99,99,99,0,0,0,0,1,7,0,62201,0,2009,0,DOGWOOD RD,99999999999999999999,0000000,32.75579167,-115.5348861,2,1
6,5,10,3,14,20,1,1,0,0,4,4,0,1,0,1,4,1,2,55,2,2,2,1,0,0,1,1,0,0,99,99,99,99,99,99,0,0,0,0,1,7,0,62202,0,2009,0,FIDDLETOWN RD,99999999999999999999,0000000,38.50546111,-120.7672972,1,1
6,37,10,3,18,11,1,2,1,0,14,6,0,8,0,3,1,1,4,35,1,1,2,1,0,0,5,1,0,0,99,99,99,99,99,99,0,0,0,0,1,7,0,62203,155,2009,0,183RD ST,ROSETON AVE,0000000,33.865675,-118.0865583,1,1
6,59,10,3,23,30,2,2,0,1,11,1,0,25,0,1,3,3,6,65,1,1,2,1,0,0,3,1,0,0,99,99,99,99,88,88,0,0,0,0,1,7,2,62204,80,2009,385,I-5,99999999999999999999,0000000,33.82785556,-117.9270417,2,1
6,101,10,4,2,28,1,1,0,0,3,4,0,27,0,1,4,1,2,55,2,1,2,1,0,0,2,1,0,0,99,99,99,99,88,88,0,20,0,0,1,1,1,62205,0,2009,0,GEORGE WASHINGTON BL,99999999999999999999,0000000,39.00311389,-121.6718333,1,1
6,67,10,4,11,57,1,2,1,0,2,4,0,8,0,1,1,5,4,40,1,1,2,1,0,0,1,1,0,0,99,99,99,99,99,99,0,0,0,0,1,1,0,62206,0,2009,0,FAIR OAKS BLVD,99999999999999999999,0000000,38.59360833,-121.3474583,1,1
6,71,10,4,18,50,1,2,0,1,11,1,0,31,0,1,4,3,4,65,1,1,1,1,0,0,5,1,0,0,99,99,99,99,99,99,0,0,0,0,1,1,0,62207,0,2009,179,I-10,99999999999999999999,0000000,34.06759167,-117.4059528,1,1
6,37,10,4,23,30,1,3,1,1,11,1,0,8,0,15,1,3,4,55,2,9,1,1,0,0,2,1,0,0,99,99,99,99,99,99,0,0,0,0,1,1,0,62208,804,2009,126,I-5,99999999999999999999,0000000,34.00720556,-118.1568,1,1
6,53,10,5,4,35,1,1,0,0,5,4,0,1,0,1,4,1,2,55,2,1,2,1,0,0,1,1,0,0,99,99,99,99,99,99,0,0,0,0,1,2,1,62209,0,2009,0,OLD STAGE RD,99999999999999999999,0000000,36.52551111,-121.4665861,1,1
6,99,10,5,5,20,1,2,1,0,2,3,0,8,0,1,1,1,2,55,1,1,2,1,0,0,3,1,0,0,99,99,99,99,88,88,0,0,0,0,1,2,0,62210,0,2009,286,SR-108,99999999999999999999,0000000,37.72549444,-120.9951194,1,1
6,31,10,5,12,5,2,2,0,0,4,4,0,12,5,2,1,1,2,25,1,1,2,1,20,3,1,1,0,0,99,99,99,99,99,99,0,0,0,0,1,2,0,62211,0,2009,0,OTTAWA AVE,6TH AVE,0000000,36.08343333,-119.5719778,2,1
6,37,10,5,18,11,1,2,1,0,16,6,0,8,0,3,1,2,2,35,9,9,2,1,0,0,1,1,0,0,99,99,99,99,88,88,0,0,0,0,1,2,0,62212,2240,2009,0,JEFFERSON BLVD,ALFRED PL,0000000,34.02640556,-118.1062417,1,1
6,65,10,6,19,15,1,1,0,0,5,4,0,40,0,1,4,1,2,55,1,1,2,1,0,0,2,1,0,0,99,99,99,99,88,88,0,0,0,0,1,3,1,62213,0,2009,0,AVENUE 70,99999999999999999999,0000000,33.53996667,-115.9473167,1,1
6,93,10,6,16,30,3,7,0,0,2,3,0,12,1,3,1,1,2,55,9,9,2,1,0,0,1,1,0,0,99,99,99,99,99,99,0,0,0,0,1,3,0,62214,0,2009,386,SR-3,PEACH ORCHARD RD,0000000,41.63118889,-122.7539806,3,1
6,37,10,7,2,35,2,2,0,1,11,1,0,14,1,1,6,3,2,65,1,1,1,1,40,3,3,1,0,2,99,99,99,99,88,88,0,0,0,0,1,4,1,62215,1110,2009,305,I-10,99999999999999999999,0000000,34.06441944,-118.0108944,1,1
6,7,10,7,4,15,1,2,0,1,2,3,0,1,0,1,5,1,2,55,1,1,2,1,0,0,2,1,0,0,99,99,99,99,88,88,0,0,0,0,2,4,0,62216,0,2009,409,SR-99,99999999999999999999,0000000,39.82365,-121.9258944,1,1
6,37,10,7,6,0,1,2,1,0,13,6,0,8,0,1,1,1,4,35,1,1,2,1,0,0,3,1,0,0,99,99,99,99,88,88,0,0,0,0,1,4,0,62217,1980,2009,0,WESTERN AVE,99999999999999999999,0000000,33.96719167,-118.309025,1,1
6,89,10,7,7,50,2,2,0,0,2,3,0,12,1,1,1,1,2,55,1,1,2,1,0,0,1,1,0,0,99,99,99,99,99,99,0,0,0,0,1,4,0,62218,0,2009,297,SR-299,99999999999999999999,0000000,40.63157222,-122.2683306,2,1
6,89,10,7,9,15,1,1,0,1,1,1,0,24,0,1,3,3,2,65,2,2,2,1,0,0,1,1,0,0,99,99,99,99,88,88,0,0,0,0,1,4,0,62219,0,2009,334,I-5,99999999999999999999,0000000,40.821475,-122.3238361,1,1
6,31,10,8,17,38,3,4,0,0,6,4,0,12,8,1,1,1,2,55,2,9,2,1,0,0,1,1,0,0,99,99,99,99,99,99,0,0,0,0,1,5,1,62220,0,2009,0,AVENAL CUTTOFF RD,99999999999999999999,0000000,36.24884167,-119.8701528,3,1
6,37,10,8,21,35,1,1,0,0,13,6,0,33,0,1,3,2,2,45,2,1,2,1,0,0,2,1,0,0,99,99,99,99,88,88,0,0,0,0,1,5,1,62221,2929,2009,0,PALOS VERDES DR,99999999999999999999,0000000,33.758125,-118.4129667,1,1
6,75,10,8,22,13,1,2,1,1,11,1,0,8,0,1,1,3,5,65,1,1,1,1,0,0,3,1,0,0,99,99,99,99,88,88,0,0,0,0,1,5,0,62222,3290,2009,21,I-280,99999999999999999999,0000000,37.72674722,-122.4455944,1,1
6,29,10,8,22,30,1,1,0,1,2,3,0,5,0,1,1,3,2,55,2,2,2,1,0,0,2,1,0,0,99,99,99,99,88,88,0,0,0,0,1,5,0,62223,0,2009,730,SR-58,99999999999999999999,0000000,35.26913333,-118.7000222,1,1
6,65,10,9,1,0,1,4,0,0,16,6,0,33,0,1,4,1,9,45,2,1,2,1,0,0,3,1,0,0,99,99,99,99,99,99,0,0,0,0,1,6,1,62224,3070,2009,0,CITRUS ST,99999999999999999999,0000000,34.00680556,-117.3394306,1,1
6,29,10,9,2,3,1,3,0,0,13,6,0,33,0,1,4,2,3,40,1,2,2,1,0,0,3,1,0,0,99,99,99,99,99,99,0,0,0,0,2,6,1,62225,240,2009,0,UNION AVE,99999999999999999999,0000000,35.38003889,-119.0025167,1,1
6,71,10,9,4,15,1,3,0,1,1,1,0,1,0,1,3,2,2,70,1,1,2,1,0,0,2,1,0,0,99,99,99,99,99,99,0,0,0,0,1,6,0,62226,0,2009,1100,I-40,99999999999999999999,0000000,34.81648056,-115.1416972,1,1
6,3,10,9,13,57,1,1,0,0,2,3,0,1,0,1,5,1,2,55,2,2,2,1,0,0,1,1,0,0,99,99,99,99,88,88,0,20,0,0,1,6,1,62227,0,2009,273,SR-4,99999999999999999999,0000000,38.61720556,-119.7522639,1,1
6,47,10,9,17,38,2,7,0,1,2,3,0,12,1,1,1,9,2,65,1,1,2,1,0,0,1,1,0,0,99,99,99,99,99,99,0,0,0,0,1,6,0,62228,0,2009,334,SR-152,99999999999999999999,0000000,37.04786944,-120.6173444,2,1
6,75,10,9,21,15,1,4,1,0,16,6,0,8,0,3,1,2,3,25,1,1,2,1,3,3,3,1,0,0,99,99,99,99,99,99,0,0,0,0,1,6,0,62229,3290,2009,0,VAN NESS AVE,BUSH ST,0000000,37.78846667,-122.4218583,1,1
6,37,10,10,2,18,4,11,0,1,12,3,0,12,2,1,1,3,5,65,1,1,1,1,0,0,2,1,0,0,99,99,99,99,99,99,0,19,0,0,1,7,1,62230,602,2009,83,SR-91,99999999999999999999,0000000,33.87353333,-118.2507639,4,1
6,59,11,1,16,38,4,7,0,0,13,6,0,12,1,3,1,1,7,40,1,1,2,1,3,3,1,1,0,0,99,99,99,99,99,99,0,0,0,0,1,1,0,62231,1782,2009,0,ALICIA PKY,PASEO DE ALICIA,0000000,33.60192222,-117.6911361,4,1
6,85,11,1,18,39,1,2,0,0,14,6,0,30,0,3,4,1,4,35,1,1,2,1,2,3,3,1,0,0,99,99,99,99,99,99,0,0,0,0,1,1,1,62232,3340,2009,0,N KING RD,LAS PLUMAS AVE,0000000,37.36255556,-121.8651472,1,1
6,85,11,1,19,49,1,1,0,0,14,6,0,29,0,1,4,2,3,45,1,1,2,1,0,0,2,1,0,0,99,99,99,99,99,99,0,0,0,0,1,1,0,62233,3340,2009,0,HILLSDALE AVE,99999999999999999999,0000000,37.27444444,-121.8817667,1,1
6,37,11,6,14,15,2,3,0,0,15,6,0,12,5,2,1,1,4,35,1,1,2,1,20,3,1,1,0,0,99,99,99,99,99,99,0,0,0,0,1,6,0,62234,1980,2009,0,48TH ST,SAINT ANDREWS PL,0000000,34.00021667,-118.2441639,2,1
6,37,11,17,14,7,2,1,0,0,3,4,0,14,1,1,2,1,4,35,1,1,2,1,0,0,1,1,0,0,99,99,99,99,99,99,0,0,0,0,1,3,0,62235,0,2009,0,ANGELES VISTS BL,99999999999999999999,0000000,34.00324444,-118.3348833,1,1
6,37,11,8,22,28,1,2,1,0,13,6,0,8,0,3,1,2,3,40,1,1,2,1,2,3,3,1,0,0,99,99,99,99,99,99,0,0,0,0,1,1,0,62236,1970,2009,0,7TH ST,WEST CAMPUS DR,0000000,33.98771389,-118.1648,1,1
6,71,11,9,17,1,2,5,0,0,16,6,0,12,5,2,1,1,4,35,1,1,2,1,3,3,3,1,0,0,99,99,99,99,99,99,0,0,0,0,1,2,0,62237,1947,2009,0,ANDERSON ST,ACADEMY ST,0000000,34.05879167,-117.2614583,2,1
6,19,11,22,1,50,1,2,0,0,6,4,0,1,0,1,1,1,2,25,1,1,2,1,0,0,3,1,0,0,99,99,99,99,99,99,0,4,0,0,1,1,1,62238,0,2009,0,TWAIN AVE,99999999999999999999,0000000,36.80941944,-119.8103194,1,1
6,37,11,22,2,10,2,3,0,0,15,6,0,40,0,3,4,1,4,35,2,1,2,1,20,3,3,1,0,0,99,99,99,99,99,99,0,0,0,0,1,1,1,62239,1980,2009,0,SUNSET BL,MOHAWK,0000000,34.07747778,-118.2653917,2,1
6,65,11,22,8,30,1,1,0,1,11,1,0,33,0,13,4,6,1,45,1,1,2,1,3,3,1,1,0,0,99,99,99,99,99,99,0,0,0,0,1,1,0,62240,9997,2009,153,I-215 RAMP,SCOTT RD,0000000,33.64166944,-117.1190417,1,1
6,109,11,22,15,20,2,3,0,0,2,3,0,12,2,1,1,1,2,55,2,1,2,1,0,0,1,1,0,0,99,99,99,99,99,99,0,0,0,0,1,1,1,62241,0,2009,61,SR-108,99999999999999999999,0000000,37.98545833,-120.2894139,2,1
6,71,8,23,22,5,2,7,0,0,2,3,0,12,3,1,1,2,2,55,1,1,2,1,0,0,2,1,0,0,99,99,99,99,99,99,0,0,0,0,1,1,0,62242,0,2009,161,SR-138,99999999999999999999,0000000,34.31672778,-117.4642972,2,1
6,71,11,9,22,9,1,2,1,0,13,6,0,8,0,3,1,1,4,55,1,1,2,1,0,0,2,1,0,0,99,99,99,99,88,88,0,0,0,0,1,2,0,62243,4040,2009,0,PALMDALE RD,VINCENT DR,0000000,34.50673333,-117.3751194,1,1
6,71,11,10,20,8,1,2,1,0,16,6,0,8,0,3,1,1,2,25,2,1,2,1,0,0,3,1,0,0,99,99,99,99,88,88,0,4,0,0,1,3,0,62244,1605,2009,0,WESTWOOD LN,SOUTHWOOD LN,0000000,34.11924167,-117.1547389,1,1
6,37,11,10,23,10,2,2,0,0,14,6,0,12,5,2,1,1,4,35,1,1,2,1,3,3,3,1,0,0,99,99,99,99,99,99,0,0,0,0,1,3,1,62245,1980,2009,0,NORMANDIE AVE,MANCHESTER AVE,0000000,33.96001944,-118.3002889,2,1
6,37,11,16,8,25,1,2,1,0,13,6,0,8,0,3,1,1,4,35,1,1,2,1,2,3,1,1,0,0,99,99,99,99,99,99,0,0,0,0,1,2,0,62246,1980,2009,0,WESTERN AVE,89TH ST,0000000,33.95633056,-118.3089917,1,1
6,65,11,22,5,3,2,5,0,0,14,6,0,53,0,1,4,1,2,35,1,1,2,1,0,0,2,1,0,0,99,99,99,99,99,99,0,0,0,0,1,1,1,62247,1003,2009,0,CUANDO WY,99999999999999999999,0000000,33.95055278,-116.4829917,1,1
6,107,11,22,16,50,3,11,0,1,2,3,0,12,3,2,1,2,2,65,1,1,9,1,20,3,5,1,0,0,99,99,99,99,99,99,0,0,0,0,1,1,0,62248,0,2009,257,SR-65,AVE 200,0000000,36.15280278,-119.0758111,3,1
6,59,11,22,19,59,2,4,1,0,16,6,0,8,0,3,1,5,4,35,1,1,2,1,0,0,3,1,0,0,99,99,99,99,88,88,0,0,0,0,1,1,0,62249,80,2009,0,N WESTERN AVE,W TYLER AVE,0000000,33.83371389,-118.0022639,2,1
6,45,9,13,16,44,1,1,0,1,2,3,0,24,0,1,4,1,2,55,2,1,2,2,0,0,1,2,0,0,99,99,99,99,88,88,0,0,0,0,1,1,0,62250,0,2009,7,SR-128,99999999999999999999,0000000,39.19406389,-123.7353667,1,2
6,71,9,27,9,47,1,5,0,1,11,1,0,42,0,1,4,3,4,65,1,1,1,1,0,0,1,1,0,0,99,99,99,99,99,99,0,0,0,0,1,1,0,62251,1305,2009,146,I-10,99999999999999999999,0000000,34.06656111,-117.4644694,1,1
6,73,10,17,1,50,2,4,0,1,11,1,0,12,1,1,1,2,2,65,1,1,1,1,0,0,2,5,0,0,99,99,99,99,88,88,0,0,0,0,1,7,1,62252,3260,2009,8,I-8,99999999999999999999,0000000,32.75643056,-117.2310889,2,5
6,59,11,3,21,51,1,2,1,0,13,6,0,8,0,3,1,2,3,45,1,1,1,1,2,3,3,1,0,0,99,99,99,99,99,99,0,0,0,0,1,3,0,62253,1713,2009,0,IRVINE CENTER DR,HARVARD AVE,0000000,33.701,-117.8027333,1,1
6,73,11,15,1,0,1,2,1,0,15,6,0,15,0,1,1,2,2,45,2,2,2,1,28,3,3,1,0,0,99,99,99,99,88,88,0,0,0,0,1,1,1,62254,4060,2009,0,HACIENDA DR,99999999999999999999,0000000,33.18902222,-117.2715278,1,1