STATE,COUNTY,MONTH,DAY,HOUR,MINUTE,VE_TOTAL,PERSONS,PEDS,NHS,ROAD_FNC,ROUTE,SP_JUR,HARM_EV,MAN_COLL,REL_JUNC,REL_ROAD,TRAF_FLO,NO_LANES,SP_LIMIT,ALIGNMNT,PROFILE,PAVE_TYP,SUR_COND,TRA_CONT,T_CONT_F,LGT_COND,WEATHER1,WEATHER2,WRK_ZONE,NOT_HOUR,NOT_MIN,ARR_HOUR,ARR_MIN,HOSP_HR,HOSP_MN,SCH_BUS,CF1,CF2,CF3,FATALS,DAY_WEEK,DRUNK_DR,ST_CASE,CITY,YEAR,MILEPT,TWAY_ID,TWAY_ID2,RAIL,LATITUDE,LONGITUD,VE_FORMS,WEATHER
6,53,11,15,1,30,1,1,0,1,2,2,0,38,0,1,4,2,2,65,1,1,1,1,0,0,2,1,0,0,99,99,99,99,99,99,0,0,0,0,1,1,1,62255,0,2009,669,US-101,99999999999999999999,0000000,36.46923333,-121.3949333,1,1
6,65,11,15,19,40,1,5,0,0,2,3,0,36,0,1,4,1,2,55,2,2,1,1,0,0,2,1,0,0,99,99,99,99,99,99,0,0,0,0,1,1,0,62256,0,2009,826,SR-74,99999999999999999999,0000000,33.587475,-116.4253528,1,1
6,65,11,16,11,53,2,2,0,0,3,4,0,12,1,8,1,1,2,55,1,2,2,1,0,0,1,1,0,0,99,99,99,99,99,99,0,0,0,0,1,2,0,62257,0,2009,0,DE PALMA RD,99999999999999999999,0000000,33.74101111,-117.4333889,2,1
6,5,11,16,15,19,2,3,0,1,2,3,0,12,5,8,1,5,4,25,1,1,1,1,0,0,1,1,0,0,99,99,99,99,99,99,0,0,0,0,1,2,0,62258,1740,2009,45,SR-49,99999999999999999999,0000000,38.35286389,-120.7766417,2,1
6,47,11,21,17,22,2,4,0,0,2,3,0,12,2,1,1,1,2,55,1,1,2,1,0,0,2,1,0,0,99,99,99,99,99,99,0,0,0,0,1,7,0,62259,0,2009,155,SR-165,99999999999999999999,0000000,37.15061667,-120.8255444,2,1
6,71,2,1,4,50,2,5,0,1,11,1,0,12,1,1,1,3,3,65,1,1,2,1,0,0,2,1,0,0,99,99,99,99,99,99,0,0,0,0,4,1,1,62260,790,2009,3,I-215,99999999999999999999,0000000,34.02228889,-117.3368167,2,1
6,107,8,15,17,38,2,2,0,0,15,6,0,1,0,1,1,1,2,35,1,1,2,1,0,0,1,1,0,0,99,99,99,99,88,88,0,0,0,0,1,7,0,62261,1230,2009,0,BELMONT RD,99999999999999999999,0000000,36.28768056,-119.1540778,2,1
6,71,8,16,3,25,2,4,0,0,12,3,0,12,5,2,1,3,2,55,1,1,2,1,3,3,3,1,0,0,99,99,99,99,99,99,0,0,0,0,1,1,2,62262,2550,2009,54,SR-83,SCHAEFER AVE,0000000,34.00464444,-117.6507222,2,1
6,73,9,2,6,32,3,1,0,0,14,6,0,14,2,1,2,1,4,35,1,1,2,1,0,0,1,1,0,0,99,99,99,99,99,99,0,0,0,0,1,4,0,62263,3499,2009,0,CARLTON OAKS DR,99999999999999999999,0000000,32.84483333,-117.0007833,1,1
6,71,9,7,11,47,2,2,0,0,13,6,0,12,5,2,1,1,4,40,1,1,2,1,3,3,1,1,0,0,99,99,99,99,99,99,0,0,0,0,1,2,0,62264,360,2009,0,BIG BEAR BL,FOX FARM RD,0000000,34.24870278,-116.8829806,2,1
6,25,9,11,9,2,1,2,1,0,16,6,0,8,0,1,1,1,2,25,1,1,2,1,0,0,1,1,0,0,99,99,99,99,99,99,0,0,0,0,1,6,0,62265,520,2009,0,4TH ST,99999999999999999999,0000000,32.66875833,-115.4952472,1,1
6,99,10,7,6,10,2,5,0,0,4,4,0,12,2,1,1,1,2,55,1,1,2,1,0,0,2,1,0,0,99,99,99,99,99,99,0,0,0,0,1,4,0,62266,0,2009,0,RIVER RD,99999999999999999999,0000000,37.59077222,-121.2167944,2,1
6,85,10,29,22,36,1,3,0,0,14,6,0,38,0,1,5,2,3,45,1,1,2,1,0,0,3,1,0,0,99,99,99,99,99,99,0,0,0,0,1,5,0,62267,3340,2009,0,SANTA TERESA BL,99999999999999999999,0000000,37.24028889,-121.8577556,1,1
6,81,11,12,13,54,3,5,0,1,13,3,0,12,5,2,1,3,3,50,1,1,2,1,2,3,1,1,0,0,99,99,99,99,99,99,0,13,0,0,1,5,0,62268,2140,2009,277,SR-84,WILLOW RD,0000000,37.48200556,-122.1502833,3,1
6,65,7,11,18,20,1,4,0,0,3,4,0,30,0,1,4,1,4,50,1,1,2,1,0,0,1,1,0,0,99,99,99,99,99,99,0,0,0,0,1,7,0,62269,0,2009,0,MISSION BL,99999999999999999999,0000000,34.01183056,-117.4593389,1,1
6,81,8,26,16,40,2,2,0,0,13,3,0,1,0,1,1,1,4,45,1,1,2,1,0,0,1,1,0,0,99,99,99,99,99,99,0,0,0,0,1,4,0,62270,2625,2009,421,SR-1,99999999999999999999,0000000,37.60981667,-122.493525,2,1
6,37,9,4,7,50,2,3,1,1,12,3,0,12,3,1,1,3,5,65,1,1,1,1,0,0,1,1,0,0,99,99,99,99,99,99,0,0,0,0,1,6,0,62271,1980,2009,4,SR-134,99999999999999999999,0000000,34.15279722,-118.3695306,2,1
6,37,9,7,20,20,2,2,0,0,4,4,0,12,2,1,1,1,2,55,1,1,2,1,0,0,3,1,0,0,99,99,99,99,99,99,0,0,0,0,1,2,0,62272,0,2009,0,THE OLD RD,99999999999999999999,0000000,34.45097222,-118.6147806,2,1
6,107,9,22,6,2,1,2,1,0,16,6,0,8,0,3,1,1,2,35,1,1,2,1,28,3,3,1,0,0,99,99,99,99,88,88,0,0,0,0,1,3,0,62273,1230,2009,0,KAWEAH AVE,CHESTNUT ST,0000000,36.29529167,-119.1361389,1,1
6,37,9,26,22,50,1,2,0,1,12,3,0,24,0,1,4,3,4,65,1,1,1,1,0,0,3,1,0,0,99,99,99,99,99,99,0,0,0,0,1,7,1,62274,2240,2009,59,SR-60,99999999999999999999,0000000,34.03286111,-118.1238806,1,1
6,59,10,3,23,13,1,1,0,1,12,3,0,33,0,5,8,6,1,65,1,2,1,1,0,0,3,1,0,0,99,99,99,99,99,99,0,0,0,0,1,7,1,62275,1410,2009,7,SR-22 RAMP,99999999999999999999,0000000,33.77479444,-118.0414,1,1
6,59,10,9,20,33,1,3,1,0,16,6,0,8,0,3,1,5,4,40,1,1,2,1,0,0,2,1,0,0,99,99,99,99,99,99,0,0,0,0,1,6,0,62276,3760,2009,0,MAGNOLIA AVE,STARDUST LN,0000000,33.80895278,-117.97575,1,1
6,85,10,10,19,0,1,7,1,0,2,3,0,8,0,1,1,1,2,45,1,1,2,1,0,0,2,1,0,0,99,99,99,99,99,99,0,0,0,0,1,7,1,62277,0,2009,39,SR-152,99999999999999999999,0000000,37.00570556,-121.6683472,1,1
6,107,10,1,18,50,2,2,0,0,4,4,0,12,1,1,1,1,2,55,1,1,2,1,0,0,5,1,0,0,99,99,99,99,99,99,0,0,0,0,1,5,1,62278,0,2009,0,AVENUE 120,99999999999999999999,0000000,36.00748611,-119.3755111,2,1
6,85,10,16,3,44,1,2,1,0,14,6,0,8,0,3,1,4,3,35,1,1,2,1,3,3,3,1,0,0,99,99,99,99,99,99,0,0,0,0,1,6,0,62279,3340,2009,0,10TH ST,WILLIAMS ST,0000000,37.33281944,-121.8755,1,1
6,1,10,16,8,8,1,2,1,0,14,6,0,8,0,3,1,1,4,30,1,1,2,1,20,3,1,1,0,0,99,99,99,99,88,88,0,0,0,0,1,6,0,62280,2480,2009,0,FOOTHILL BL,64TH AV,0000000,37.77073889,-122.1845361,1,1
6,37,10,18,0,3,1,2,0,1,11,1,0,33,0,13,4,6,2,65,2,1,2,1,0,0,3,1,0,0,99,99,99,99,99,99,0,0,0,0,1,1,1,62281,1980,2009,58,I-210 RAMP,99999999999999999999,0000000,34.28811111,-118.4089611,1,1
6,37,10,26,20,29,3,1,0,0,13,6,0,14,5,1,2,5,4,40,1,1,2,1,0,0,3,1,0,0,99,99,99,99,99,99,0,0,0,0,1,2,0,62282,3870,2009,0,CRENSHAW BL,99999999999999999999,0000000,33.87554722,-118.3264889,1,1
6,19,10,24,13,10,1,1,0,0,4,4,0,42,0,1,4,1,2,55,2,2,2,1,0,0,1,1,0,0,99,99,99,99,99,99,0,0,0,0,1,7,0,62284,0,2009,0,PITTMAN HILL RD,99999999999999999999,0000000,36.95093889,-119.4487,1,1
6,79,10,24,11,29,1,2,0,1,2,2,0,1,0,1,1,3,2,65,1,1,2,1,0,0,1,1,0,0,99,99,99,99,99,99,0,0,0,0,1,7,0,62285,0,2009,1,US-101,99999999999999999999,0000000,34.98405278,-120.4325583,1,1
6,65,10,24,19,46,1,2,1,1,13,3,0,8,0,1,1,1,4,45,1,1,2,1,0,0,3,1,0,0,99,99,99,99,99,99,0,0,0,0,1,7,0,62286,3320,2009,267,SR-79,99999999999999999999,0000000,33.76188056,-116.958775,1,1
6,73,10,25,3,35,1,5,0,0,4,4,0,33,0,1,4,1,2,45,2,2,2,1,0,0,3,1,0,0,99,99,99,99,99,99,0,0,0,0,1,1,0,62287,0,2009,0,SAN DIEGUITO RD,99999999999999999999,0000000,33.00312222,-117.1764861,1,1
6,65,10,26,17,45,1,2,1,0,6,4,0,9,0,1,1,1,2,35,1,1,2,1,0,0,1,1,0,0,99,99,99,99,99,99,0,0,0,0,1,2,0,62288,0,2009,0,JARVIS ST,99999999999999999999,0000000,33.72185,-117.28615,1,1
6,29,10,13,17,10,11,16,0,1,1,1,0,12,1,1,1,2,2,70,1,1,1,1,0,0,1,7,0,0,99,99,99,99,99,99,0,0,0,0,3,3,0,62289,0,2009,394,I-5,99999999999999999999,0000000,35.27366111,-119.23185,11,7
6,19,11,9,12,15,2,4,2,1,1,1,0,14,3,1,2,2,2,70,1,1,2,1,0,0,1,1,0,0,99,99,99,99,99,99,0,0,0,0,2,2,0,62290,0,2009,469,I-5,99999999999999999999,0000000,36.61654444,-120.6013861,1,1
6,73,11,9,15,30,1,2,0,1,12,3,0,43,0,1,4,9,3,65,1,1,2,1,0,0,1,1,0,0,99,99,99,99,99,99,0,0,0,0,1,2,1,62291,3260,2009,38,SR-15,99999999999999999999,0000000,32.73161389,-117.1117472,1,1
6,85,11,9,21,50,1,1,0,0,15,6,0,1,0,1,1,2,2,35,2,1,2,1,0,0,3,1,0,0,99,99,99,99,99,99,0,0,0,0,1,2,1,62292,2182,2009,0,S MAIN ST,99999999999999999999,0000000,37.43050833,-121.9090028,1,1
6,99,11,10,15,29,1,1,0,1,12,3,0,33,0,1,4,3,3,65,2,2,2,1,0,0,1,1,0,0,99,99,99,99,88,88,0,0,0,0,1,3,1,62293,2200,2009,181,SR-99,99999999999999999999,0000000,37.663925,-121.0286306,1,1
6,39,11,10,17,30,1,2,1,0,4,4,0,8,0,1,1,1,2,55,1,1,2,1,0,0,2,1,0,0,99,99,99,99,88,88,0,0,0,0,1,3,0,62294,0,2009,0,AVENUE 26,99999999999999999999,0000000,37.12711389,-120.1599694,1,1
6,111,11,10,20,43,1,4,0,0,13,6,0,33,0,1,3,2,2,45,1,1,2,1,0,0,3,1,0,0,99,99,99,99,99,99,0,0,0,0,3,3,1,62295,2620,2009,0,GONZALES RD,99999999999999999999,0000000,34.21935278,-119.1994444,1,1
6,111,11,10,21,0,1,1,0,1,12,3,0,24,0,5,8,6,2,65,1,1,1,1,0,0,3,1,0,0,99,99,99,99,99,99,0,0,0,0,1,3,1,62296,3860,2009,36,SR-23 RAMP,99999999999999999999,0000000,34.17985,-118.8609194,1,1
6,65,11,11,11,0,2,4,0,0,2,3,0,12,1,1,1,1,4,55,2,2,2,1,0,0,1,1,0,0,99,99,99,99,88,88,0,0,0,0,1,4,0,62297,0,2009,555,SR-74,99999999999999999999,0000000,33.70177778,-116.7212389,2,1
6,19,11,12,12,25,1,1,0,0,3,4,0,5,0,2,1,1,4,40,1,1,2,2,0,0,1,2,0,0,99,99,99,99,99,99,0,19,23,0,1,5,0,62298,0,2009,0,PALM AVE,GETTYSBURG AVE,0000000,36.80115556,-119.8085889,1,2
6,37,11,12,13,10,1,1,0,0,14,6,0,33,0,1,4,2,2,35,1,1,2,1,0,0,1,1,0,0,99,99,99,99,99,99,0,0,0,0,1,5,0,62299,1980,2009,0,SAN FERNANDO MISSION,99999999999999999999,0000000,34.27181389,-118.4713,1,1
6,111,11,10,17,49,1,2,1,0,16,6,0,8,0,1,1,2,2,35,1,1,2,1,0,0,3,1,0,0,99,99,99,99,99,99,0,0,0,0,1,3,0,62300,2620,2009,0,BARD RD,99999999999999999999,0000000,34.16179167,-119.1537333,1,1
6,53,11,12,20,25,1,2,1,1,12,3,0,8,0,1,1,3,3,65,1,1,2,1,0,0,2,1,0,0,99,99,99,99,88,88,0,0,0,0,1,5,0,62301,2084,2009,833,SR-1,99999999999999999999,0000000,36.65231944,-121.8153,1,1
6,73,11,12,20,29,1,1,0,1,11,1,0,1,0,1,1,3,5,65,1,1,1,1,0,0,2,1,0,0,99,99,99,99,99,99,0,0,0,0,1,5,0,62302,3645,2009,384,I-5,99999999999999999999,0000000,33.0081,-117.2623611,1,1
6,23,11,13,2,10,1,4,0,1,2,2,0,1,0,1,4,2,2,65,2,2,2,2,0,0,2,1,0,0,99,99,99,99,99,99,0,0,0,0,1,6,1,62303,0,2009,1364,US-101,99999999999999999999,0000000,41.45570556,-124.0313528,1,1
6,37,11,13,3,35,1,2,0,1,2,3,0,38,0,1,6,3,7,65,1,2,1,1,0,0,3,1,0,0,99,99,99,99,99,99,0,0,0,0,1,6,0,62304,1015,2009,238,SR-60,99999999999999999999,0000000,34.00373889,-117.8302194,1,1
6,11,11,13,8,40,1,3,0,1,1,1,0,1,0,1,3,2,2,55,1,1,2,1,0,0,1,1,0,0,99,99,99,99,99,99,0,0,0,0,1,6,0,62305,0,2009,118,I-5,99999999999999999999,0000000,39.07721111,-122.0969306,1,1
6,67,11,13,16,10,1,1,0,0,6,4,0,29,0,3,4,1,2,25,2,1,2,1,0,0,1,1,0,0,99,99,99,99,88,88,0,0,0,0,1,6,1,62306,0,2009,0,NEWHALL DR,APPLEGATE DR,0000000,38.54238333,-121.3612944,1,1
6,73,8,26,5,54,1,2,1,0,16,6,0,8,0,1,1,2,3,35,9,9,2,1,0,0,4,1,0,0,99,99,99,99,88,88,0,0,0,0,1,4,0,62307,1080,2009,0,2ND ST,99999999999999999999,0000000,32.79697778,-116.9358167,1,1
6,85,8,27,15,55,3,4,0,0,13,6,0,12,5,2,1,2,4,45,1,1,2,1,3,3,1,1,0,0,99,99,99,99,99,99,0,0,0,0,1,5,0,62308,3440,2009,0,SAN TOMAS EXPY,EL CAMINO REAL,0000000,37.35233333,-121.9685194,3,1
6,87,8,28,13,5,1,2,1,0,13,6,0,9,0,1,1,2,2,40,1,1,2,1,0,0,1,1,0,0,99,99,99,99,99,99,0,0,0,0,1,6,0,62309,4100,2009,0,MAIN ST,99999999999999999999,0000000,36.91681111,-121.7730667,1,1
6,37,10,1,14,10,2,3,0,0,13,6,0,12,2,2,1,2,2,25,1,1,2,1,20,3,1,1,0,0,99,99,99,99,99,99,0,0,0,0,1,5,1,62310,1808,2009,0,CHERRY AVE,DENMEAD ST,0000000,33.85091667,-118.1676111,2,1
6,73,10,4,1,45,1,5,0,0,4,4,0,38,0,1,4,1,2,45,2,1,2,1,0,0,2,1,0,0,99,99,99,99,99,99,0,0,0,0,1,1,1,62311,0,2009,0,LA GRANADA,99999999999999999999,0000000,33.02190556,-117.22515,1,1
6,93,10,4,2,4,1,2,0,0,16,6,0,31,0,1,4,1,2,45,2,1,2,1,0,0,3,1,0,0,99,99,99,99,99,99,0,0,0,0,1,1,1,62312,4266,2009,0,HORNBROOK RD,99999999999999999999,0000000,41.90089444,-122.5520583,1,1
6,37,10,4,6,28,2,2,1,0,13,6,0,8,0,1,1,1,2,35,1,1,2,1,0,0,1,1,0,0,99,99,99,99,88,88,0,0,0,0,1,1,1,62313,1110,2009,0,PECK RD,99999999999999999999,0000000,34.09014444,-118.0148083,1,1
6,47,10,4,23,21,1,2,1,0,13,6,0,8,0,1,1,2,3,40,1,1,2,1,0,0,3,1,0,0,99,99,99,99,99,99,0,0,0,0,1,1,0,62314,2150,2009,0,W OLIVE AVE,99999999999999999999,0000000,37.319225,-120.4771528,1,1
6,37,11,13,2,20,3,5,0,1,11,1,0,24,0,1,3,3,4,65,1,1,1,1,0,0,3,1,0,0,99,99,99,99,99,99,0,0,0,0,1,6,2,62315,1045,2009,93,I-5,99999999999999999999,0000000,33.96721944,-118.1216972,3,1
6,59,8,30,3,45,1,1,0,1,11,1,0,32,0,1,4,3,4,65,1,1,2,1,0,0,2,1,0,0,99,99,99,99,88,88,0,0,0,0,1,1,1,62316,1713,2009,3,I-405,99999999999999999999,0000000,33.64436111,-117.7357889,1,1
6,73,8,30,4,33,2,9,0,0,15,6,0,12,7,1,1,1,4,45,1,1,2,1,0,0,3,1,0,0,99,99,99,99,99,99,0,0,0,0,1,1,2,62317,3260,2009,0,CAMINO DE LA PLAZA,99999999999999999999,0000000,32.55209444,-117.0571361,2,1
6,23,9,1,4,0,1,2,0,0,6,4,0,1,0,1,4,1,2,99,1,2,4,1,0,0,2,1,0,0,99,99,99,99,99,99,0,0,0,0,1,3,0,62318,0,2009,0,RIVER ACCESS RD,99999999999999999999,0000000,40.16648056,-123.6023694,1,1
6,5,9,1,7,8,3,4,0,0,4,4,0,12,5,2,1,1,2,55,1,1,2,1,20,3,4,1,0,0,99,99,99,99,99,99,0,0,0,0,1,3,0,62319,0,2009,0,RIDGE RD,CLIMAX RD,0000000,38.40451944,-120.7176111,3,1
6,61,9,1,11,16,4,4,0,0,2,3,0,12,2,1,1,1,2,55,2,2,2,1,0,0,1,1,0,0,99,99,99,99,99,99,0,0,0,0,1,3,0,62320,0,2009,144,SR-89,99999999999999999999,0000000,39.2142,-120.2015222,4,1
6,71,10,10,3,9,2,3,2,1,11,1,0,14,1,1,2,3,4,65,1,1,2,1,0,0,2,1,0,0,99,99,99,99,99,99,0,0,0,0,1,7,1,62321,3210,2009,268,I-10,99999999999999999999,0000000,34.066525,-117.2525528,1,1
6,73,10,10,4,8,2,5,3,1,1,1,0,12,1,1,1,3,4,70,1,1,2,1,0,0,2,1,0,0,99,99,99,99,99,99,0,19,15,0,1,7,1,62322,0,2009,408,I-15,99999999999999999999,0000000,33.25278889,-117.1556056,2,1
6,73,10,10,10,10,2,3,0,0,2,3,0,12,7,1,1,1,2,55,2,1,2,1,0,0,1,1,0,0,99,99,99,99,99,99,0,0,0,0,1,7,0,62323,0,2009,403,SR-94,99999999999999999999,0000000,32.60725,-116.6318,2,1
6,73,10,11,2,20,2,3,0,0,14,6,0,12,5,8,1,2,2,35,1,1,2,1,0,0,3,1,0,0,99,99,99,99,99,99,0,0,0,0,1,1,1,62324,3260,2009,0,CLAIREMONT DR,99999999999999999999,0000000,32.82275,-117.2056667,2,1
6,65,10,11,4,56,1,2,1,0,13,6,0,8,0,1,1,3,2,50,1,1,2,1,0,0,2,1,0,0,99,99,99,99,88,88,0,0,0,0,1,1,0,62325,3070,2009,0,VAN BUREN BL,99999999999999999999,0000000,33.88719722,-117.3434472,1,1
6,37,10,11,20,21,2,5,0,0,6,4,0,14,3,1,7,1,2,35,2,1,2,1,0,0,3,1,0,0,99,99,99,99,99,99,0,0,0,0,1,1,1,62326,0,2009,0,GLADWICK ST,99999999999999999999,0000000,33.85333889,-118.2242111,1,1
6,65,10,12,8,36,4,5,0,0,15,6,0,12,5,8,1,5,4,40,1,1,2,1,0,0,1,1,0,0,99,99,99,99,99,99,0,0,0,0,1,2,0,62327,3070,2009,0,INDIANA AV,99999999999999999999,0000000,33.89778056,-117.4701667,4,1
6,115,10,13,99,99,1,2,1,0,14,6,0,8,0,1,1,5,2,35,1,1,2,1,0,0,2,1,0,0,99,99,99,99,99,99,0,0,0,0,1,3,0,62328,2100,2009,0,B ST,99999999999999999999,0000000,39.15158889,-121.5875528,1,1
6,65,9,1,17,5,2,2,0,0,15,6,0,12,2,1,1,1,2,40,1,2,2,1,0,0,1,1,0,0,99,99,99,99,99,99,0,0,0,0,1,3,0,62329,3070,2009,0,GRAND AVE,99999999999999999999,0000000,33.96397222,-117.4125333,2,1
6,75,11,19,8,17,1,2,1,0,16,6,0,8,0,2,1,2,3,25,1,1,2,1,3,3,1,1,0,0,99,99,99,99,99,99,0,0,0,0,1,5,0,62330,3290,2009,0,GEARY BL,9TH AVE,0000000,37.78094167,-122.4675194,1,1
6,59,11,19,13,40,1,1,0,1,12,3,0,24,0,1,4,2,3,65,1,1,2,1,0,0,1,1,0,0,99,99,99,99,99,99,0,0,0,0,1,5,0,62331,1713,2009,32,SR-261,99999999999999999999,0000000,33.74483056,-117.7658194,1,1
6,73,11,19,15,30,2,3,0,0,14,6,0,12,5,2,1,1,4,35,1,1,2,1,3,3,1,1,0,0,99,99,99,99,99,99,0,0,0,0,1,5,0,62332,2340,2009,0,HIGHLAND AVE,E 24TH ST,0000000,32.66436389,-117.0933611,2,1
6,37,11,19,16,26,1,2,1,0,13,6,0,8,0,1,1,1,4,35,1,1,2,1,0,0,1,1,0,0,99,99,99,99,88,88,0,0,0,0,1,5,0,62333,3870,2009,0,TORRANCE BL,99999999999999999999,0000000,33.83633889,-118.3291278,1,1
6,71,10,14,5,42,1,1,0,0,16,6,0,33,0,1,4,1,2,25,1,9,2,2,40,3,3,2,0,0,99,99,99,99,88,88,0,22,0,0,1,4,1,62334,1305,2009,0,BUSINESS DR,99999999999999999999,0000000,34.06145833,-117.5093806,1,2
6,73,10,14,9,25,1,4,1,0,15,6,0,8,0,1,4,2,2,45,2,9,2,1,0,0,1,1,0,0,99,99,99,99,88,88,0,0,0,0,1,4,0,62335,3260,2009,0,SABRE SPRINGS PKWY,99999999999999999999,0000000,32.96175,-117.0924167,1,1
6,75,10,14,14,58,1,2,1,0,16,6,0,9,0,3,1,1,4,25,1,9,9,1,2,3,1,1,0,0,99,99,99,99,99,99,0,0,0,0,1,4,0,62336,3290,2009,0,FOLSOM ST,ERIE ST,0000000,37.76936667,-122.4156333,1,1
6,13,10,14,23,8,1,1,0,1,11,1,0,25,0,15,3,3,4,65,2,1,2,1,0,0,2,1,0,0,99,99,99,99,88,88,0,0,0,0,1,4,1,62337,820,2009,187,I-680,SR-242,0000000,37.95861667,-122.0526056,1,1
6,71,10,15,0,30,1,2,0,1,2,2,0,35,0,1,4,1,2,55,1,9,2,1,0,0,2,1,0,0,99,99,99,99,99,99,0,0,0,0,1,5,1,62338,0,2009,465,US-395,99999999999999999999,0000000,35.00089444,-117.5440556,1,1
6,13,10,15,1,35,3,3,0,1,12,3,0,12,4,1,1,3,4,65,1,2,2,1,0,0,2,1,0,0,99,99,99,99,88,88,0,19,0,0,1,5,1,62339,2583,2009,28,SR-24,99999999999999999999,0000000,37.884,-122.1794694,3,1
6,37,10,15,11,30,1,2,0,0,13,4,0,29,0,3,4,2,4,45,1,9,2,1,0,0,1,1,0,0,99,99,99,99,99,99,0,0,0,0,1,5,0,62340,0,2009,0,HUNTINGTON DR,SUNNYSLOPE,0000000,34.12793333,-118.0875222,1,1
6,1,10,15,15,42,1,1,0,1,12,3,0,42,0,1,4,1,4,55,2,2,2,1,0,0,1,1,0,0,99,99,99,99,88,88,0,0,0,0,1,5,0,62341,2480,2009,58,SR-24,99999999999999999999,0000000,37.85428333,-122.2210861,1,1
6,37,10,15,19,0,2,2,0,0,4,4,0,12,2,1,1,1,2,55,1,1,2,1,0,0,2,1,0,0,99,99,99,99,99,99,0,0,0,0,1,5,0,62342,0,2009,0,AVENUE E,99999999999999999999,0000000,34.76285,-118.1234306,2,1
6,59,10,15,20,42,1,2,1,0,13,6,0,8,0,1,1,1,6,40,1,9,2,1,0,0,3,1,0,0,99,99,99,99,99,99,0,0,0,0,1,5,0,62343,80,2009,0,S ANAHEIM BL,99999999999999999999,0000000,33.81250278,-117.9063722,1,1
6,37,10,15,21,25,1,2,1,0,13,6,0,8,0,1,1,1,6,50,1,9,2,1,0,0,3,1,0,0,99,99,99,99,99,99,0,0,0,0,1,5,0,62344,1840,2009,0,AVENUE K,99999999999999999999,0000000,34.67487778,-118.1831972,1,1
6,83,10,16,6,45,4,4,0,0,4,4,0,12,4,8,1,1,2,55,1,1,2,1,0,0,4,1,0,0,99,99,99,99,88,88,0,0,0,0,1,6,0,62345,0,2009,0,FOXEN CYN RD,99999999999999999999,0000000,34.92343056,-120.37115,4,1
6,11,10,16,17,24,1,1,0,1,2,3,0,33,0,1,5,1,3,55,1,2,2,1,0,0,1,1,0,0,99,99,99,99,88,88,0,0,0,0,1,6,0,62346,0,2009,82,SR-20,99999999999999999999,0000000,39.07365,-122.3466111,1,1
6,71,10,16,19,10,2,5,0,1,2,3,0,12,2,1,1,5,4,65,1,9,2,1,0,0,2,1,0,0,99,99,99,99,99,99,0,0,0,0,1,6,0,62347,0,2009,29,SR-62,99999999999999999999,0000000,34.06483889,-116.5579306,2,1
6,37,10,16,20,23,1,2,1,0,13,6,0,9,0,3,1,5,4,45,1,1,2,1,2,3,3,1,0,0,99,99,99,99,99,99,0,0,0,0,1,6,0,62348,2020,2009,0,IMPERIAL HWY,LONG BEACH BL,0000000,33.93050278,-118.2116556,1,1
6,37,10,16,20,40,1,1,0,1,11,1,0,52,0,1,4,3,4,65,1,1,2,1,0,0,3,1,0,0,99,99,99,99,99,99,0,0,0,0,1,6,0,62349,1430,2009,279,I-5,99999999999999999999,0000000,34.16481944,-118.2971111,1,1
6,79,10,16,99,99,1,1,0,0,2,3,0,35,0,1,4,1,2,55,2,2,2,1,40,3,2,1,0,0,88,88,88,88,88,88,0,0,0,0,1,6,1,62350,0,2009,325,SR-41,99999999999999999999,0000000,35.57218056,-120.4730611,1,1
6,113,10,17,0,44,1,2,0,0,13,6,0,43,0,1,3,2,2,45,9,9,2,1,0,0,3,1,0,0,99,99,99,99,99,99,0,0,0,0,1,7,1,62351,4163,2009,0,SOUTHPORT PKWY,99999999999999999999,0000000,38.55570833,-121.5577972,1,1
6,97,10,17,1,40,1,4,0,1,12,2,0,52,0,1,10,3,3,65,1,1,2,1,0,0,3,1,0,0,99,99,99,99,99,99,0,0,0,0,1,7,0,62352,0,2009,160,US-101,99999999999999999999,0000000,38.37791111,-122.7164306,1,1
6,37,10,17,1,58,1,1,0,1,12,3,0,24,0,1,4,3,4,65,2,1,1,1,0,0,2,1,0,0,99,99,99,99,88,88,0,0,0,0,1,7,1,62353,639,2009,192,SR-91,99999999999999999999,0000000,33.87545,-118.0634806,1,1
6,73,10,17,7,57,1,2,1,0,13,6,0,8,0,1,1,2,2,45,2,2,2,1,0,0,1,1,0,0,99,99,99,99,99,99,0,0,0,0,1,7,0,62354,1182,2009,0,ENCINITAS,99999999999999999999,0000000,33.04535556,-117.2694083,1,1
6,65,10,17,10,20,2,2,0,0,14,6,0,12,5,8,1,5,4,40,1,9,2,9,0,0,1,9,0,0,99,99,99,99,99,99,0,0,0,0,1,7,0,62355,3851,2009,0,JEFFERSON AVE,99999999999999999999,0000000,33.51762778,-117.1619917,2,9