STATE,COUNTY,MONTH,DAY,HOUR,MINUTE,VE_TOTAL,PERSONS,PEDS,NHS,ROAD_FNC,ROUTE,SP_JUR,HARM_EV,MAN_COLL,REL_JUNC,REL_ROAD,TRAF_FLO,NO_LANES,SP_LIMIT,ALIGNMNT,PROFILE,PAVE_TYP,SUR_COND,TRA_CONT,T_CONT_F,LGT_COND,WEATHER1,WEATHER2,WRK_ZONE,NOT_HOUR,NOT_MIN,ARR_HOUR,ARR_MIN,HOSP_HR,HOSP_MN,SCH_BUS,CF1,CF2,CF3,FATALS,DAY_WEEK,DRUNK_DR,ST_CASE,CITY,YEAR,MILEPT,TWAY_ID,TWAY_ID2,RAIL,LATITUDE,LONGITUD,VE_FORMS,WEATHER
6,77,11,1,1,0,4,2,0,0,4,4,0,12,4,1,1,1,2,55,1,9,2,1,0,0,2,1,0,0,99,99,99,99,88,88,0,14,0,0,1,1,1,62356,0,2009,0,FRENCH CAMP RD,99999999999999999999,0000000,37.85161944,-121.2112694,2,1
6,59,11,1,1,4,2,7,0,0,16,6,0,12,5,8,1,1,2,25,1,1,9,1,0,0,2,1,0,0,99,99,99,99,99,99,0,0,0,0,1,1,0,62357,1410,2009,0,FAYE AVE,99999999999999999999,0000000,33.796,-117.9516,2,1
6,61,11,1,1,15,2,4,0,0,2,4,0,12,2,1,1,1,2,55,1,9,1,1,0,0,2,1,0,0,99,99,99,99,99,99,0,0,0,0,1,1,1,62358,0,2009,0,BASELINE RD,99999999999999999999,0000000,38.75176944,-121.3720611,2,1
6,71,11,1,1,42,1,2,1,1,2,1,0,8,0,1,1,3,2,70,2,9,2,1,0,0,2,1,0,0,99,99,99,99,88,88,0,0,0,0,1,1,0,62359,0,2009,172,I-215,99999999999999999999,0000000,34.22035,-117.3996306,1,1
6,37,11,1,2,20,4,12,0,1,12,2,0,25,0,1,3,3,5,65,1,9,1,1,0,0,2,1,0,0,99,99,99,99,99,99,0,0,0,0,1,1,1,62360,1980,2009,202,US-101,99999999999999999999,0000000,34.17136111,-118.5173806,4,1
6,67,11,1,5,15,2,2,0,1,2,3,0,12,2,1,1,1,2,55,1,9,2,1,0,0,2,5,0,0,99,99,99,99,88,88,0,0,0,0,2,1,0,62361,3150,2009,29,SR-12,99999999999999999999,0000000,38.14365,-121.6370389,2,5
6,81,11,1,10,10,1,1,0,1,2,3,0,1,0,1,2,1,2,55,2,2,2,1,40,3,1,1,0,0,99,99,99,99,99,99,0,0,0,0,1,1,0,62362,3390,2009,101,SR-84,99999999999999999999,0000000,37.33126667,-122.2705361,1,1
6,73,11,1,14,40,3,4,0,0,4,4,0,12,2,1,1,1,2,55,2,2,2,1,40,3,1,1,0,0,99,99,99,99,88,88,0,0,0,0,1,1,0,62363,0,2009,0,PALA TEMECULA RD,99999999999999999999,0000000,33.42377778,-117.0890222,3,1
6,73,11,1,16,5,3,4,2,0,16,6,0,8,0,1,1,2,2,25,1,1,9,1,0,0,1,1,0,0,99,99,99,99,99,99,0,14,22,0,1,1,0,62364,3260,2009,0,HAZARD CENTER DR,99999999999999999999,0000000,32.77062222,-117.1575278,1,1
6,29,11,1,16,10,1,5,1,0,4,4,0,8,0,1,1,2,2,40,2,1,2,1,0,0,1,1,0,0,99,99,99,99,88,88,0,0,0,0,1,1,0,62365,0,2009,0,WOFFORD BL,99999999999999999999,0000000,35.70808889,-118.45515,1,1
6,19,11,1,18,4,2,3,1,0,14,6,0,9,0,3,1,2,2,40,1,1,2,1,2,3,3,1,0,0,99,99,99,99,99,99,0,0,0,0,1,1,0,62366,1370,2009,0,W ASHLAN AVE,N MARKS AVE,0000000,36.79367222,-119.8443528,2,1
6,13,11,1,18,41,1,1,0,0,13,6,0,42,0,1,4,2,2,45,2,9,9,1,0,0,3,1,0,0,99,99,99,99,99,99,0,0,0,0,1,1,0,62367,2830,2009,0,TAYLOR BL,99999999999999999999,0000000,37.95833333,-122.0843917,1,1
6,107,11,1,19,15,1,2,0,0,4,4,0,1,0,1,4,1,2,55,1,9,2,1,0,0,2,1,0,0,99,99,99,99,99,99,0,0,0,0,1,1,0,62368,0,2009,0,ROAD 252,99999999999999999999,0000000,36.02821111,-119.0086889,1,1
6,39,11,1,22,30,1,1,0,0,4,4,0,42,0,1,4,1,2,55,2,9,2,1,0,0,2,1,0,0,99,99,99,99,88,88,0,0,0,0,1,1,0,62369,0,2009,0,ROAD 600,99999999999999999999,0000000,37.08981111,-119.9643194,1,1
6,67,11,2,15,18,2,2,0,0,2,4,0,12,4,2,1,2,2,45,2,1,2,1,0,0,1,1,0,0,99,99,99,99,99,99,0,0,0,0,1,2,0,62370,0,2009,0,ELKHORN BL,26TH ST,0000000,38.69047778,-121.4059778,2,1
6,37,11,2,18,0,5,6,0,0,15,6,0,12,3,3,1,2,2,40,1,1,2,1,2,3,5,1,0,0,99,99,99,99,99,99,0,14,0,0,1,2,0,62371,1980,2009,0,SATICOY ST,TOPANGA CANYON BLVD,0000000,34.20831389,-118.6061694,5,1
6,1,11,2,18,44,1,3,1,0,16,6,0,9,0,1,1,5,2,30,2,1,2,1,0,0,2,1,0,0,99,99,99,99,99,99,0,0,0,0,1,2,0,62372,1560,2009,0,HUNTWOOD AVE,99999999999999999999,0000000,37.63187222,-122.0632333,1,1
6,71,11,2,23,25,1,2,1,0,14,6,0,9,0,1,1,1,2,50,2,2,2,1,0,0,3,1,0,0,99,98,99,98,88,88,0,0,0,0,1,2,1,62373,4291,2009,0,PALOMAR AVE,99999999999999999999,0000000,34.09148611,-116.3869917,1,1
6,75,11,3,14,5,1,2,1,0,16,6,0,8,0,1,1,4,1,25,1,9,9,1,0,0,1,1,0,0,99,99,99,99,99,99,0,0,0,0,1,3,0,62374,3290,2009,0,BARTLETT ST,99999999999999999999,0000000,37.75685556,-122.4199889,1,1
6,39,11,4,11,12,3,8,0,0,3,4,0,12,1,3,1,1,2,55,1,1,2,1,0,0,1,1,0,0,99,99,99,99,99,99,0,0,0,0,1,4,1,62375,0,2009,0,AVENUE 12,ROAD 25,0000000,36.92378056,-120.0924944,3,1
6,21,11,4,15,5,2,2,0,0,2,3,0,12,1,1,1,1,2,65,1,2,2,1,0,0,1,1,0,0,99,99,99,99,99,99,0,0,0,0,1,4,1,62376,0,2009,688,SR-162,99999999999999999999,0000000,39.45730278,-122.0166278,2,1
6,87,11,4,11,25,1,5,0,0,6,4,0,27,0,1,4,1,2,25,2,2,2,1,0,0,1,1,0,0,99,99,99,99,99,99,0,0,0,0,2,4,1,62377,0,2009,0,WHITING RD,99999999999999999999,0000000,36.95458056,-121.7406611,1,1
6,73,11,9,18,32,1,4,0,1,1,1,0,1,0,1,4,2,4,70,1,1,1,1,0,0,2,1,0,0,99,99,99,99,99,99,0,0,0,0,2,2,0,62378,0,2009,385,I-15,99999999999999999999,0000000,33.22017222,-117.1412722,1,1
6,1,11,11,15,50,1,7,0,1,11,1,0,1,0,1,1,3,4,65,2,1,1,1,0,0,1,1,0,0,99,99,99,99,99,99,0,0,0,0,1,4,0,62379,3360,2009,334,I-580,99999999999999999999,0000000,37.71553056,-122.1316194,1,1
6,75,11,11,0,8,2,2,0,0,13,6,0,12,5,2,1,2,3,30,1,1,1,1,3,3,3,1,0,0,99,99,99,99,88,88,0,0,0,0,1,4,0,62380,3290,2009,0,ALEMANY BL,JUSTIN DR,0000000,37.73180833,-122.4259528,2,1
6,71,11,12,3,30,2,2,0,1,1,1,0,12,1,1,1,2,3,70,1,1,2,1,0,0,2,1,0,0,99,99,99,99,88,88,0,0,0,0,1,5,0,62381,0,2009,1463,I-15,99999999999999999999,0000000,35.35013611,-115.941125,2,1
6,59,2,26,17,17,2,2,0,0,13,6,0,1,0,2,1,1,6,45,1,1,1,1,20,3,1,1,0,0,99,99,99,99,99,99,0,0,0,0,1,5,0,62382,1660,2009,0,GOLDENWEST,TUCANA,0000000,33.71206111,-118.0065639,2,1
6,71,4,5,16,55,1,6,0,0,3,4,0,33,0,1,4,5,4,50,1,1,1,1,0,0,1,1,0,0,99,99,99,99,99,99,0,0,0,0,1,1,0,62383,0,2009,0,CEDAR AVE,99999999999999999999,0000000,34.03651667,-117.3973278,1,1
6,7,8,17,16,6,2,4,0,0,13,3,0,12,5,2,1,5,4,35,1,1,2,1,20,3,1,1,0,0,99,99,99,99,99,99,0,0,0,0,1,2,0,62384,2600,2009,167,SR-162,VEATCH ST,0000000,39.50140278,-121.5603222,2,1
6,37,9,29,15,20,2,2,0,1,1,1,0,39,0,13,4,6,1,65,2,2,1,1,0,0,1,1,0,0,99,99,99,99,99,99,0,0,0,0,1,3,0,62385,1150,2009,10,I-105 RAMP,99999999999999999999,0000000,33.93080833,-118.3889361,2,1
6,73,10,14,7,56,2,2,0,0,16,6,0,12,5,2,1,1,2,35,1,1,1,1,20,3,1,1,0,0,99,99,99,99,88,88,0,0,0,0,1,4,0,62386,3260,2009,0,AIRWAY RD,EXCELLANE ST,0000000,32.56058056,-116.9883861,2,1
6,71,10,15,23,13,1,1,0,0,15,6,0,33,0,1,4,1,4,45,2,2,2,1,0,0,2,1,0,0,99,99,23,25,88,88,0,0,0,0,1,5,1,62387,3210,2009,0,LITTLE MOUNTAIN DR,99999999999999999999,0000000,34.15746667,-117.321925,1,1
6,65,10,16,19,54,1,4,2,0,14,6,0,8,0,1,1,2,3,50,1,1,2,1,0,0,2,1,0,0,99,99,99,99,99,99,0,0,0,0,1,6,0,62388,3851,2009,0,PECHANGA PKY,99999999999999999999,0000000,33.472125,-117.1244972,1,1
6,37,10,24,1,50,2,2,0,0,14,6,0,33,0,1,4,1,4,35,2,1,2,1,0,0,3,1,0,0,99,99,99,99,99,99,0,0,0,0,1,7,1,62389,1980,2009,0,EASTERN AVE,99999999999999999999,0000000,34.07840556,-118.1780361,1,1
6,107,10,30,18,41,1,2,1,0,13,3,0,8,0,1,1,1,4,35,1,1,2,1,0,0,3,1,0,0,99,99,99,99,99,99,0,0,0,0,1,6,0,62390,0,2009,236,SR-63,99999999999999999999,0000000,36.54575556,-119.2869389,1,1
6,45,10,31,5,30,1,2,1,1,2,2,0,8,0,1,1,1,4,65,1,1,2,2,0,0,2,5,0,0,99,99,99,99,88,88,0,0,0,0,1,7,0,62391,0,2009,621,US-101,99999999999999999999,0000000,39.59910833,-123.4545972,1,5
6,97,10,31,11,20,1,1,0,0,2,3,0,35,0,1,4,1,2,55,1,1,2,1,0,0,1,1,0,0,99,99,99,99,88,88,0,0,0,0,1,7,0,62392,0,2009,397,SR-12,99999999999999999999,0000000,38.26206944,-122.4598611,1,1
6,37,11,22,14,45,5,5,0,1,11,1,0,39,0,1,3,3,6,65,1,1,1,1,0,0,1,1,0,0,99,99,99,99,99,99,0,14,0,0,1,1,0,62393,1294,2009,195,I-210,99999999999999999999,0000000,34.20715,-118.2044889,5,1
6,81,10,14,7,51,1,2,1,0,16,6,0,9,0,3,1,1,2,25,1,9,2,2,3,3,1,1,0,0,99,99,99,99,88,88,0,0,0,0,1,4,0,62394,2980,2009,0,SHOREWAY RD,REDWOOD SHORES PKWY,0000000,37.51723056,-122.25425,1,1
6,37,10,14,12,2,2,2,0,1,11,1,0,33,0,15,10,3,2,55,2,9,1,2,0,0,1,1,0,0,99,99,99,99,99,99,0,0,0,0,1,4,0,62395,1980,2009,1,I-10,US-101,0000000,34.05266944,-118.2236694,2,1
6,83,10,15,15,26,1,1,0,0,14,6,0,33,0,3,4,2,2,35,1,1,2,1,21,3,1,1,0,0,99,99,99,99,99,99,0,0,0,0,1,5,1,62396,3460,2009,0,COLLEGE DR,MCCOY ST,0000000,34.91629167,-120.4252083,1,1
6,37,10,15,23,55,2,3,0,0,14,6,0,12,4,2,1,2,2,40,1,9,9,1,20,3,3,1,0,0,99,99,99,99,99,99,0,0,0,0,1,5,1,62397,1980,2009,0,VENICE BL,GLYNDON AVE,0000000,33.99576111,-118.4491944,2,1
6,37,11,1,15,25,1,1,0,0,14,6,0,46,0,3,4,2,2,35,1,1,2,1,3,3,1,1,0,0,99,99,99,99,99,99,0,0,0,0,1,1,0,62398,1970,2009,0,ATLANTIC AVE,DELAMO BLVD,0000000,33.84530278,-118.1848722,1,1
6,111,11,3,6,32,2,4,0,0,2,4,0,12,3,1,1,1,2,55,1,1,2,2,0,0,4,5,0,0,99,99,99,99,99,99,0,4,22,0,1,3,0,62399,0,2009,0,WOOLEY RD,99999999999999999999,0000000,34.18978889,-119.1559194,2,5
6,99,11,3,7,15,2,2,0,0,16,6,0,12,3,1,1,2,2,45,1,1,2,1,0,0,1,1,0,0,99,99,99,99,99,99,0,0,0,0,1,3,0,62400,3950,2009,0,W MONTE VISTA AVE,99999999999999999999,0000000,37.5219,-120.8786778,2,1
6,71,10,25,5,13,2,2,0,1,11,1,0,12,5,1,1,3,4,65,1,1,1,1,0,0,2,1,0,0,99,99,99,99,99,99,0,19,0,0,1,1,0,62401,1947,2009,273,I-10,99999999999999999999,0000000,34.06671944,-117.2440889,2,1
6,37,10,30,17,20,4,12,0,0,13,6,0,12,2,1,1,2,3,40,1,1,2,1,0,0,1,1,0,0,99,99,99,99,99,99,0,0,0,0,1,6,1,62402,3630,2009,0,CHERRY AVE,99999999999999999999,0000000,33.80415278,-118.1676861,4,1
6,37,10,13,17,25,1,1,0,0,12,3,0,33,0,1,4,3,3,55,2,1,1,2,0,0,1,2,0,0,99,99,99,99,88,88,0,0,0,0,1,3,0,62403,1980,2009,289,SR-110,99999999999999999999,0000000,34.10972222,-118.1848083,1,2
6,71,11,11,16,4,3,6,0,1,2,3,0,12,8,2,1,5,4,65,1,1,2,1,20,3,1,1,0,0,99,99,99,99,99,99,0,0,0,0,1,4,0,62404,0,2009,64,SR-52,SAMEL DR,0000000,34.09416944,-116.5111194,3,1
6,71,11,15,12,55,2,2,0,1,2,2,0,12,2,1,1,1,2,65,2,2,2,1,0,0,1,1,0,0,99,99,99,99,99,99,0,0,0,0,1,1,2,62405,0,2009,389,US-95,99999999999999999999,0000000,34.58138889,-114.6426889,2,1
6,71,11,16,6,8,1,2,0,1,1,1,0,32,0,1,4,2,2,55,1,1,1,1,0,0,4,1,0,0,99,99,99,99,99,99,0,0,0,0,1,2,0,62406,0,2009,787,I-40,99999999999999999999,0000000,34.72140278,-115.6700278,1,1
6,101,11,16,18,20,3,6,0,0,2,3,0,12,2,1,1,1,2,55,1,1,2,1,0,0,2,1,0,0,99,99,99,99,99,99,0,0,0,0,1,2,1,62407,0,2009,8,SR-113,99999999999999999999,0000000,38.81276111,-121.714525,3,1
6,29,11,20,7,28,2,3,0,1,2,3,0,12,5,2,1,1,2,55,1,1,2,1,20,3,1,1,0,0,99,99,99,99,99,99,0,0,0,0,1,6,0,62408,0,2009,455,SR-178,AUXILIARY DAM CMP RD,0000000,35.64265,-118.4619722,2,1
6,37,9,29,10,47,2,2,0,0,13,6,0,12,5,2,1,2,2,40,1,1,2,1,3,3,1,1,0,0,99,99,99,99,99,99,0,0,0,0,1,3,0,62409,1045,2009,0,PARAMOUNT BL,GARDENDALE ST,0000000,33.91701111,-118.1570583,2,1
6,25,10,22,19,40,1,2,1,0,13,6,0,8,0,3,1,5,4,35,1,1,2,1,20,3,3,1,0,0,99,99,99,99,99,99,0,0,0,0,1,5,0,62410,1090,2009,0,IMPERIAL AVE,BARBARA NORTH DR,0000000,32.79463889,-115.5699611,1,1
6,29,11,14,9,30,1,2,1,0,14,6,0,8,0,1,7,5,2,40,1,1,2,1,0,0,1,1,0,0,88,88,88,88,88,88,0,0,0,0,1,7,1,62411,240,2009,0,PLANZ RD,99999999999999999999,0000000,35.32480833,-119.0272083,1,1
6,37,11,22,15,50,3,3,0,0,14,6,0,12,5,1,1,5,4,40,1,1,2,1,0,0,1,1,0,0,99,99,99,99,99,99,0,14,0,0,1,1,0,62412,1980,2009,0,PARTHENIA ST,99999999999999999999,0000000,34.22854167,-118.5275472,2,1
6,45,11,27,20,17,1,1,0,0,6,4,0,42,0,1,4,1,2,30,2,2,2,2,0,0,2,1,0,0,99,99,99,99,88,88,0,0,0,0,1,6,1,62413,0,2009,0,SIMPSON LN,99999999999999999999,0000000,39.41143889,-123.7980444,1,1
6,59,8,1,2,10,1,4,0,0,16,6,0,33,0,1,4,5,2,35,2,2,2,1,0,0,3,1,0,0,99,99,99,99,99,99,0,0,0,0,1,7,1,62414,3250,2009,0,AVENID VISTA MONTANA,99999999999999999999,0000000,33.43776111,-117.5939222,1,1
6,37,10,23,8,30,1,2,1,0,6,4,0,8,0,3,1,2,2,35,1,1,2,1,2,3,1,1,0,0,99,99,99,99,99,99,0,0,0,0,1,6,0,62415,0,2009,0,ADMIRALTY WY,BALI WY,0000000,33.98199722,-118.44165,1,1
6,37,11,26,14,28,1,1,0,1,12,2,0,1,0,1,2,3,5,65,2,1,2,1,0,0,1,1,0,0,99,99,99,99,99,99,0,0,0,0,1,5,0,62416,1980,2009,173,US-101,99999999999999999999,0000000,34.16053889,-118.470425,1,1
6,37,11,26,19,25,2,3,0,1,2,3,0,12,5,2,1,2,2,55,1,1,2,1,20,3,2,1,0,0,99,99,99,99,99,99,0,0,0,0,1,5,0,62417,0,2009,586,SR-138,AVENUE V-8,0000000,34.50685278,-117.9240694,2,1
6,65,11,26,22,9,3,7,1,0,6,4,0,8,0,1,2,1,2,25,1,1,2,1,40,3,3,1,0,0,99,99,99,99,99,99,0,0,0,0,1,5,0,62418,0,2009,0,SKYVIEW DR,99999999999999999999,0000000,33.982175,-117.4384833,1,1
6,37,11,26,23,6,2,2,0,0,3,6,0,12,5,2,1,2,3,35,1,1,2,1,3,3,3,1,0,0,99,99,99,99,99,99,0,20,0,0,1,5,1,62419,1980,2009,0,BROADWAY BLVD,COLDEN AVE,0000000,33.94916111,-118.2781528,2,1
6,37,11,26,23,30,2,5,0,0,13,6,0,12,5,2,1,2,3,35,1,1,2,1,0,0,3,1,0,0,99,99,99,99,99,99,0,0,0,0,2,5,1,62420,1980,2009,0,VERMONT AVE,74TH ST,0000000,33.97268056,-118.2916583,2,1
6,79,11,27,0,5,1,1,0,0,2,4,0,34,0,1,1,1,2,55,1,1,2,1,0,0,2,1,0,0,99,99,99,99,88,88,0,0,0,0,1,6,0,62421,0,2009,0,EL CAMINO REAL,99999999999999999999,0000000,35.43368056,-120.6167944,1,1
6,107,11,27,0,55,1,1,0,0,15,6,0,46,0,3,4,4,2,35,1,1,2,1,3,3,3,1,0,0,99,99,99,99,88,88,0,20,0,0,1,6,1,62422,4050,2009,0,MINERAL KING AVE,DEMAREE ST,0000000,36.32758333,-119.3317694,1,1
6,73,11,27,5,20,1,2,1,0,12,3,0,8,0,1,1,3,6,65,1,1,2,1,0,0,2,1,0,0,99,99,99,99,88,88,0,0,0,0,1,6,0,62423,3260,2009,39,SR-163,99999999999999999999,0000000,32.76378333,-117.1633972,1,1
6,15,11,27,7,12,1,3,0,1,2,2,0,42,0,1,5,1,3,55,2,1,2,2,40,3,4,1,0,0,99,99,99,99,99,99,0,0,0,0,1,6,0,62424,0,2009,228,US-101,99999999999999999999,0000000,41.72437222,-124.1402556,1,1
6,37,9,29,0,16,1,1,0,1,11,1,0,25,0,1,3,3,5,55,1,1,2,1,0,0,3,1,0,0,99,99,99,99,99,99,0,0,0,0,1,3,1,62425,1980,2009,152,I-5,99999999999999999999,0000000,34.02129167,-118.1962833,1,1
6,43,10,1,12,10,1,3,0,0,15,6,1,42,0,1,4,1,2,45,2,3,2,1,0,0,1,1,0,0,99,99,99,99,99,99,0,0,0,0,1,5,0,62426,4265,2009,0,TIOGA RD,99999999999999999999,0000000,37.75300556,-119.7986972,1,1
6,65,10,9,2,25,1,1,0,0,16,6,0,33,0,1,4,2,3,50,1,1,2,1,0,0,3,1,0,0,99,99,99,99,99,99,0,0,0,0,1,6,1,62427,2276,2009,0,IRIS AVE,99999999999999999999,0000000,33.89512222,-117.1813556,1,1
6,1,10,11,21,0,1,2,0,0,14,6,0,42,0,1,4,1,4,30,1,1,2,1,0,0,3,1,0,0,99,99,99,99,99,99,0,0,0,0,1,1,1,62428,2480,2009,0,MACARTHUR BLVD,99999999999999999999,0000000,37.75526111,-122.1612306,1,1
6,59,10,20,17,0,1,2,1,0,16,6,0,8,0,1,1,1,4,40,1,1,2,1,0,0,1,1,0,0,99,99,99,99,99,99,0,0,0,0,1,3,0,62429,3760,2009,0,MAGNOLIA AVE,99999999999999999999,0000000,33.80754444,-117.9757194,1,1
6,1,10,23,12,25,1,2,0,0,16,6,0,5,0,1,1,2,2,99,1,1,2,1,0,0,1,1,0,0,99,99,99,99,99,99,0,0,0,0,1,6,0,62430,1054,2009,0,BENT TREE DR,99999999999999999999,0000000,37.71526389,-121.8541083,1,1
6,97,10,25,10,55,2,3,0,0,2,3,0,12,2,1,1,1,2,55,2,2,2,1,0,0,1,1,0,0,99,99,99,99,99,99,0,0,0,0,1,1,0,62431,0,2009,337,SR-1,99999999999999999999,0000000,38.51398889,-123.2366472,2,1
6,79,10,26,22,0,1,1,0,1,12,2,0,33,0,5,4,6,2,55,2,2,2,1,0,0,2,1,0,0,99,99,99,99,88,88,0,0,0,0,1,2,1,62432,2705,2009,590,US-101 RAMP,99999999999999999999,0000000,35.65411111,-120.6958,1,1
6,29,11,3,23,5,2,2,0,1,2,3,0,12,2,1,1,1,2,55,2,2,2,1,0,0,2,1,0,0,99,99,99,99,88,88,0,0,0,0,1,3,0,62433,0,2009,111,SR-65,99999999999999999999,0000000,35.58641111,-119.0904222,2,1
6,29,11,5,5,45,2,3,0,0,2,4,0,12,2,1,1,1,2,55,1,1,2,1,0,0,2,1,0,0,99,99,99,99,99,99,0,0,0,0,1,5,0,62434,0,2009,0,FAMOSO PORTERVILLE,99999999999999999999,0000000,35.70094167,-119.1702028,2,1
6,37,11,5,10,23,1,2,1,0,16,6,0,8,0,4,4,1,2,0,1,9,2,1,0,0,1,1,0,0,99,99,99,99,99,99,0,0,0,0,1,5,0,62435,30,2009,0,S 3RD ST,99999999999999999999,0000000,34.07753611,-118.1255583,1,1
6,37,11,5,14,13,1,3,2,0,13,6,0,8,0,2,1,1,4,25,1,1,2,1,1,3,1,1,0,0,14,13,99,99,99,99,0,0,0,0,1,5,0,62436,2260,2009,0,N ATLANTIC BLVD,WEST GARVEY AVE,0000000,34.06228611,-118.1342333,1,1
6,31,11,5,17,50,1,2,1,0,14,6,0,8,0,1,1,1,4,40,1,1,2,1,0,0,3,1,0,0,99,99,99,99,99,99,0,0,0,0,1,5,0,62437,1540,2009,0,10TH AVE,99999999999999999999,0000000,36.33288889,-119.6371,1,1
6,107,11,5,20,25,2,2,0,1,2,3,0,12,7,1,5,3,2,70,1,1,2,1,0,0,2,1,0,0,99,99,99,99,99,99,0,0,0,0,1,5,1,62438,0,2009,223,SR-99,99999999999999999999,0000000,36.10705833,-119.3231972,2,1
6,37,11,6,1,45,2,6,2,1,11,1,0,8,0,1,1,3,5,65,1,1,1,1,0,0,2,1,0,0,99,99,99,99,88,88,0,14,0,0,1,6,1,62439,1716,2009,372,I-210,99999999999999999999,0000000,34.130775,-117.9468583,1,1
6,53,11,6,17,10,2,3,0,0,4,4,0,12,5,8,1,1,2,55,1,1,2,1,0,0,1,1,0,0,99,99,99,99,99,99,0,0,0,0,1,6,0,62440,0,2009,0,CASTROVILLE BLVD,99999999999999999999,0000000,36.794475,-121.7113056,2,1
6,37,11,6,21,50,1,2,1,0,14,6,0,9,0,3,1,4,3,30,1,1,9,1,3,3,3,1,0,0,99,99,99,99,99,99,0,0,0,0,1,6,0,62441,1970,2009,0,6TH ST,MAGNOLIA AVE,0000000,33.77413056,-118.1979833,1,1
6,59,11,7,2,1,1,2,1,0,13,6,0,9,0,1,1,5,2,40,1,1,2,1,0,0,3,1,0,0,99,99,99,99,99,99,0,0,0,0,1,7,0,62442,3420,2009,0,EDINGER AVE,99999999999999999999,0000000,33.72725278,-117.9034806,1,1
6,37,11,7,5,50,1,1,0,0,13,6,0,33,0,1,4,3,3,50,2,1,2,1,0,0,4,1,0,0,99,99,99,99,88,88,0,0,0,0,1,7,0,62443,3445,2009,0,SOLEDAD CANYON RD,99999999999999999999,0000000,34.41586667,-118.4794806,1,1
6,67,11,7,6,0,4,7,1,0,12,3,0,8,0,1,1,3,3,65,2,1,2,1,0,0,3,1,0,0,99,99,99,99,88,88,0,0,0,0,1,7,0,62444,0,2009,77,SR-51,99999999999999999999,0000000,38.63483611,-121.3895694,4,1
6,29,11,7,13,28,1,3,1,0,13,6,0,8,0,1,1,2,3,40,1,1,2,1,0,0,1,1,0,0,99,99,99,99,99,99,0,0,0,0,1,7,0,62445,240,2009,0,UNION AVE,99999999999999999999,0000000,35.37429722,-119.0030139,1,1
6,19,11,7,16,50,1,2,1,0,13,6,0,8,0,3,1,3,3,40,1,1,2,1,20,3,1,1,0,0,99,99,99,99,99,99,0,0,0,0,1,7,0,62446,740,2009,0,SHAW AVE,HELM AVE,0000000,36.80839444,-119.7240083,1,1
6,29,11,7,19,13,1,4,0,1,2,3,0,24,0,1,3,3,3,70,1,1,1,1,0,0,2,1,0,0,99,99,99,99,99,99,0,0,0,0,1,7,1,62447,0,2009,473,SR-99,99999999999999999999,0000000,35.62297778,-119.2142333,1,1
6,83,11,7,20,58,1,1,0,1,2,2,0,1,0,1,4,2,2,65,2,9,2,1,0,0,2,1,0,0,99,99,99,99,88,88,0,0,0,0,1,7,1,62448,0,2009,393,US-101,99999999999999999999,0000000,34.47115,-120.1169583,1,1
6,29,11,7,22,22,1,2,0,1,2,3,0,1,0,1,2,1,2,55,1,1,2,1,0,0,2,1,0,0,99,99,99,99,88,88,0,0,0,0,2,7,1,62449,0,2009,369,SR-58,99999999999999999999,0000000,35.39811111,-119.3061583,1,1
6,93,11,7,22,35,1,1,0,0,3,4,0,43,0,3,4,1,2,55,1,1,2,1,20,3,2,1,0,0,99,99,99,99,88,88,0,0,0,0,1,7,1,62450,0,2009,0,A-12,MONTAGUE GRENADA RD,0000000,41.64718056,-122.5204694,1,1
6,83,11,8,1,18,2,5,0,1,12,2,0,12,2,1,1,3,2,65,1,1,1,1,0,0,6,1,0,0,99,99,99,99,99,99,0,0,0,0,2,1,1,62451,1445,2009,244,US-101,99999999999999999999,0000000,34.43544167,-119.8632,2,1
6,67,11,8,1,32,1,1,0,0,14,6,0,33,0,1,3,3,2,40,1,1,2,1,0,0,3,1,0,0,99,99,99,99,99,99,0,0,0,0,1,1,0,62452,1108,2009,0,WHITELOCK PKWY,99999999999999999999,0000000,38.39388611,-121.435625,1,1
6,73,11,8,2,0,1,2,0,0,3,4,0,24,0,1,4,1,2,40,2,1,2,1,0,0,2,1,0,0,99,99,99,99,99,99,0,0,0,0,1,1,1,62453,0,2009,0,E VISTA WAY,99999999999999999999,0000000,33.24396389,-117.2268667,1,1
6,73,11,8,2,3,2,6,0,0,14,6,0,12,5,2,1,9,2,35,1,1,2,1,3,3,3,1,0,0,99,99,99,99,99,99,0,0,0,0,1,1,0,62454,3260,2009,0,EL CAJON,54TH ST,0000000,32.75781667,-117.0793528,2,1