STATE,COUNTY,MONTH,DAY,HOUR,MINUTE,VE_TOTAL,PERSONS,PEDS,NHS,ROAD_FNC,ROUTE,SP_JUR,HARM_EV,MAN_COLL,REL_JUNC,REL_ROAD,TRAF_FLO,NO_LANES,SP_LIMIT,ALIGNMNT,PROFILE,PAVE_TYP,SUR_COND,TRA_CONT,T_CONT_F,LGT_COND,WEATHER1,WEATHER2,WRK_ZONE,NOT_HOUR,NOT_MIN,ARR_HOUR,ARR_MIN,HOSP_HR,HOSP_MN,SCH_BUS,CF1,CF2,CF3,FATALS,DAY_WEEK,DRUNK_DR,ST_CASE,CITY,YEAR,MILEPT,TWAY_ID,TWAY_ID2,RAIL,LATITUDE,LONGITUD,VE_FORMS,WEATHER
6,19,11,8,3,20,1,3,0,0,2,3,0,30,0,1,4,1,2,55,1,9,9,1,0,0,2,1,0,0,99,99,99,99,99,99,0,0,0,0,1,1,1,62455,0,2009,107,SR-145,99999999999999999999,0000000,36.37098611,-120.1791417,1,1
6,65,11,8,8,30,1,1,0,1,1,1,0,1,0,1,4,3,3,65,1,1,2,1,0,0,1,1,0,0,99,99,99,99,88,88,0,0,0,0,1,1,0,62456,0,2009,446,I-215,99999999999999999999,0000000,34.01360833,-117.343725,1,1
6,29,11,8,17,5,1,9,0,1,2,3,0,1,0,1,4,1,2,65,1,2,2,1,0,0,5,1,0,0,99,99,99,99,99,99,0,0,0,0,1,1,0,62457,0,2009,598,SR-14,99999999999999999999,0000000,35.62751111,-117.8896083,1,1
6,65,11,8,19,10,1,3,0,1,11,1,0,1,0,13,1,3,3,70,1,1,1,1,0,0,3,1,0,0,99,99,99,99,99,99,0,0,0,0,1,1,0,62458,290,2009,66,I-10,99999999999999999999,0000000,33.93306944,-116.9893306,1,1
6,73,10,25,1,20,1,3,0,0,16,6,0,39,0,1,4,2,3,50,1,1,2,1,0,0,3,5,0,0,99,99,99,99,99,99,0,0,0,0,1,1,1,62459,3260,2009,0,MIRAMAR RD,99999999999999999999,0000000,32.88548056,-117.1498139,1,5
6,85,10,25,18,45,1,2,1,0,13,6,0,8,0,1,1,2,3,35,1,1,2,1,0,0,5,1,0,0,99,99,99,99,99,99,0,0,0,0,1,1,0,62460,537,2009,0,HAMILTON AVE,99999999999999999999,0000000,37.29434167,-121.9298111,1,1
6,89,10,26,19,25,1,1,0,1,2,3,0,43,0,1,4,1,2,55,2,1,2,1,40,3,2,1,0,0,99,99,99,99,88,88,0,0,0,0,1,2,1,62461,0,2009,480,SR-299,99999999999999999999,0000000,40.76409722,-122.0118417,1,1
6,17,11,12,19,35,1,3,0,0,4,4,0,42,0,1,4,1,2,45,2,1,2,1,0,0,2,1,0,0,99,99,99,99,99,99,0,0,0,0,1,5,1,62462,0,2009,0,PONY EXPRESS TRAIL,99999999999999999999,0000000,38.74545556,-120.644625,1,1
6,71,10,24,3,45,2,3,0,1,11,1,0,14,7,1,2,3,3,65,1,1,2,1,0,0,2,1,0,0,99,99,99,99,99,99,0,0,0,0,1,7,1,62463,790,2009,28,I-215,99999999999999999999,0000000,34.04875833,-117.3056722,1,1
6,73,11,14,23,10,1,1,0,0,16,6,0,19,0,1,4,2,2,99,1,1,2,1,0,0,2,1,0,0,99,99,99,99,88,88,0,0,0,0,1,7,1,62464,2510,2009,0,RANCHO DEL ORO DR,99999999999999999999,0000000,33.22770556,-117.3181528,1,1
6,65,11,23,3,12,1,2,0,0,2,3,0,35,0,1,4,1,2,55,1,1,2,1,0,0,2,1,0,0,99,99,99,99,99,99,0,20,0,0,1,2,0,62465,0,2009,121,SR-78,99999999999999999999,0000000,33.54638056,-114.6566083,1,1
6,81,11,23,7,21,3,2,1,0,14,6,0,14,7,1,2,1,4,30,1,1,2,1,0,0,1,1,0,0,99,99,99,99,88,88,0,19,0,0,1,2,0,62466,2980,2009,0,BAY RD,99999999999999999999,0000000,37.48250833,-122.2010722,1,1
6,11,11,23,10,10,1,2,0,1,1,1,0,1,0,1,2,2,2,70,1,1,2,1,0,0,1,1,0,0,99,99,99,99,99,99,0,0,0,0,1,2,0,62467,0,2009,93,I-5,99999999999999999999,0000000,39.07317778,-122.0946694,1,1
6,57,11,25,11,55,2,2,0,0,2,3,0,12,2,1,1,2,2,55,1,2,2,1,0,0,1,1,0,0,99,99,99,99,99,99,0,0,0,0,1,4,0,62468,0,2009,92,SR-49,99999999999999999999,0000000,39.14018056,-121.0713583,2,1
6,65,11,25,21,59,1,6,1,1,11,1,0,8,0,1,1,2,2,70,1,1,2,1,0,0,3,1,0,0,99,99,99,99,88,88,0,0,0,0,1,4,0,62469,410,2009,1538,I-10,99999999999999999999,0000000,33.607025,-114.5768889,1,1
6,71,11,26,2,3,1,3,0,1,2,3,0,1,0,1,2,5,4,65,1,1,1,1,0,0,2,1,0,0,99,99,99,99,99,99,0,0,0,0,2,5,1,62470,0,2009,51,SR-62,99999999999999999999,0000000,34.08311667,-116.5305222,1,1
6,41,11,26,2,50,1,3,0,1,2,2,0,1,0,1,4,3,2,65,2,2,2,1,0,0,2,1,0,0,99,99,99,99,99,99,0,0,0,0,1,5,1,62471,0,2009,273,US-101,99999999999999999999,0000000,38.18028056,-122.598925,1,1
6,65,11,28,2,26,2,3,1,0,14,6,0,8,0,1,1,1,4,45,1,1,2,1,0,0,3,1,0,0,99,99,99,99,99,99,0,23,0,0,1,7,1,62472,2650,2009,0,N SUNRISE WAY,99999999999999999999,0000000,33.84885,-116.5281694,1,1
6,81,11,28,2,39,2,3,0,0,16,6,0,42,0,1,4,1,2,25,2,2,2,1,0,0,3,1,0,0,99,99,99,99,88,88,0,0,0,0,1,7,2,62473,4259,2009,0,WOODSIDE DR,99999999999999999999,0000000,37.44791389,-122.2430694,2,1
6,77,11,28,11,50,2,2,0,0,4,4,0,12,2,1,1,1,2,55,1,1,2,1,0,0,1,1,0,0,99,99,99,99,99,99,0,0,0,0,1,7,0,62474,0,2009,0,JACK TONE RD,99999999999999999999,0000000,37.82103889,-121.1443083,2,1
6,17,11,28,11,55,2,3,1,0,14,6,0,12,3,1,1,5,2,25,1,1,2,1,0,0,1,1,0,0,99,99,99,99,99,99,0,0,0,0,1,7,0,62475,2810,2009,0,BROADWAY DR,99999999999999999999,0000000,38.73203889,-120.7810417,2,1
6,37,11,26,18,15,1,4,1,0,16,6,0,8,0,1,1,2,2,40,1,1,2,1,0,0,2,1,0,0,99,99,99,99,99,99,0,0,0,0,1,5,0,62476,1980,2009,0,DEVONSHIRE ST,99999999999999999999,0000000,34.25717222,-118.4524444,1,1
6,37,11,28,19,7,2,2,0,0,14,6,0,12,1,3,1,2,2,99,1,1,2,1,3,3,3,1,0,0,99,99,99,99,99,99,0,0,0,0,1,7,1,62477,1970,2009,0,WARDLOW RD,BELLFLOWER BL,0000000,33.81884444,-118.1251611,2,1
6,37,11,28,20,40,2,2,0,1,11,1,0,12,1,13,1,6,3,65,1,1,1,1,0,0,3,1,0,0,99,99,99,99,99,99,0,0,0,0,1,7,1,62478,2684,2009,140,I-105 RAMP,99999999999999999999,0000000,33.91150833,-118.1739139,2,1
6,97,11,28,21,19,4,10,0,0,2,3,0,12,7,3,1,2,6,65,1,1,2,1,3,3,3,1,0,0,99,99,99,99,99,99,0,0,0,0,5,7,1,62479,0,2009,21,SR-37,LAKEVILLE HWY,0000000,38.13485,-122.4770306,4,1
6,29,11,28,23,58,1,2,0,1,2,3,0,38,0,1,5,3,2,65,2,1,2,1,0,0,2,1,0,0,99,99,99,99,99,99,0,0,0,0,1,7,0,62480,0,2009,325,SR-14,99999999999999999999,0000000,35.26824722,-118.0341278,1,1
6,103,11,29,11,0,1,1,0,0,6,4,0,1,0,1,5,1,2,55,2,3,5,1,0,0,1,1,0,0,99,99,99,99,88,88,0,4,0,0,1,1,1,62481,0,2009,0,BOGGS AND CHAPLIN RD,99999999999999999999,0000000,39.99624167,-122.385925,1,1
6,37,11,30,20,45,2,2,0,0,14,6,0,12,5,2,1,1,4,35,1,1,2,1,2,3,3,1,0,0,99,99,99,99,88,88,0,0,0,0,1,2,0,62482,1980,2009,0,MAIN ST,120TH ST,0000000,33.92363333,-118.2739167,2,1
6,65,11,30,23,37,1,2,0,0,3,4,0,33,0,1,4,2,2,55,1,2,2,1,0,0,2,1,0,0,99,99,99,99,99,99,0,0,0,0,1,2,1,62483,0,2009,0,SIERRA AVE,99999999999999999999,0000000,34.02886944,-117.42975,1,1
6,37,12,2,17,10,1,3,1,0,13,6,0,8,0,1,1,1,4,40,1,1,2,1,0,0,3,1,0,0,99,99,99,99,99,99,0,0,0,0,1,4,0,62484,1970,2009,0,7TH ST,99999999999999999999,0000000,33.77525,-118.1343778,1,1
6,71,12,3,17,33,3,3,0,0,14,6,0,12,4,1,1,1,4,50,1,1,2,1,0,0,3,1,0,0,99,99,99,99,99,99,0,0,0,0,1,5,0,62485,2550,2009,0,JURUPA ST,99999999999999999999,0000000,34.04674722,-117.5251389,3,1
6,37,11,27,13,15,2,4,0,0,13,6,0,12,5,2,1,1,4,35,1,1,2,1,3,3,1,1,0,0,99,99,99,99,99,99,0,0,0,0,1,6,0,62486,1980,2009,0,SAN PEDRO ST,108TH ST,0000000,33.93826667,-118.2695444,2,1
6,37,8,21,15,50,2,2,0,1,2,3,0,12,2,1,1,1,2,55,1,1,2,1,0,0,1,1,0,0,99,99,99,99,88,88,0,0,0,0,1,6,0,62487,0,2009,145,SR-138,99999999999999999999,0000000,34.77455833,-118.5627944,2,1
6,1,5,5,23,12,1,2,0,0,16,6,0,33,0,1,4,2,2,25,1,1,2,1,0,0,3,1,0,0,99,99,99,99,99,99,0,0,0,0,1,3,1,62488,340,2009,0,SHATTUCK AVE,99999999999999999999,0000000,37.86427222,-122.2674222,1,1
6,37,6,30,7,5,5,6,2,0,13,6,0,8,0,3,2,1,4,35,1,1,2,1,3,3,1,1,0,0,99,99,99,99,99,99,0,0,0,0,1,3,1,62489,1980,2009,0,GRAND AVE,JEFFERSON BL,0000000,34.0202,-118.2761972,2,1
6,13,9,28,1,11,1,2,1,0,13,6,0,8,0,1,1,5,2,35,1,1,2,1,0,0,2,1,0,0,99,99,99,99,99,99,0,0,0,0,1,2,0,62490,2790,2009,0,WILLOW PASS RD,99999999999999999999,0000000,38.02667778,-121.9246917,1,1
6,77,11,10,23,28,4,11,0,1,11,1,0,12,1,1,1,3,3,70,1,1,2,1,0,0,2,1,0,0,99,99,99,99,99,99,0,0,0,0,1,3,1,62491,0,2009,193,I-5,99999999999999999999,0000000,37.85062778,-121.28315,3,1
6,111,11,30,7,35,4,7,0,0,6,4,0,12,1,1,1,1,2,55,1,1,2,1,0,0,1,1,0,0,99,99,99,99,99,99,0,0,0,0,1,2,0,62492,0,2009,0,SANTA ROSA RD,99999999999999999999,0000000,34.23855833,-118.9025611,4,1
6,29,11,30,2,17,1,2,0,1,2,3,0,24,0,1,2,1,2,55,1,1,2,1,0,0,2,1,0,0,99,99,99,99,99,99,0,0,0,0,1,2,0,62493,0,2009,351,SR-46,99999999999999999999,0000000,35.61588611,-119.608325,1,1
6,107,11,29,19,57,2,2,0,0,15,6,0,12,2,1,1,1,2,25,1,1,2,1,0,0,3,1,0,0,99,99,99,99,99,99,0,0,0,0,1,1,2,62494,1900,2009,0,SIERRA VIEW AVE,99999999999999999999,0000000,36.21427778,-119.0783333,2,1
6,71,11,27,13,40,1,2,0,1,11,1,0,1,0,1,3,2,2,70,1,1,2,1,0,0,1,1,0,0,99,99,99,99,99,99,0,0,0,0,1,6,0,62495,0,2009,583,I-40,99999999999999999999,0000000,34.7176,-116.01855,1,1
6,89,8,9,16,5,1,4,0,0,4,4,0,38,0,1,4,1,2,55,2,1,2,1,0,0,1,1,0,0,99,99,99,99,99,99,0,0,0,0,1,1,0,62496,0,2009,0,OAK RUN RD,99999999999999999999,0000000,40.71662222,-122.0324528,1,1
6,39,11,21,23,47,2,4,0,1,2,3,0,12,5,1,1,2,2,65,1,1,1,1,0,0,3,1,0,0,99,99,99,99,99,99,0,0,0,0,1,7,0,62497,0,2009,144,SR-152,99999999999999999999,0000000,37.08356389,-120.2329583,2,1
6,29,11,23,0,50,2,2,0,1,12,3,0,12,1,1,1,3,4,65,1,1,2,1,0,0,2,1,0,0,99,99,99,99,99,99,0,19,0,0,1,2,0,62498,240,2009,230,SR-99,99999999999999999999,0000000,35.34625,-119.0393556,2,1
6,67,11,24,12,15,2,3,0,0,2,4,0,12,1,3,1,2,3,45,1,1,2,1,3,3,1,1,0,0,99,99,99,99,99,99,0,0,0,0,1,3,0,62499,0,2009,0,SUNRISE BL,FAIR OAKS BL,0000000,38.64040556,-121.2717361,2,1
6,111,11,25,6,59,1,2,1,0,14,6,0,8,0,1,1,2,2,45,1,1,2,1,0,0,1,1,0,0,99,99,99,99,99,99,0,0,0,0,1,4,0,62500,4027,2009,0,TELEGRAPH RD,99999999999999999999,0000000,34.28098056,-119.194175,1,1
6,65,11,25,15,0,3,4,0,1,2,3,0,12,5,1,1,2,2,60,1,1,1,1,0,0,1,1,0,0,99,99,99,99,99,99,0,0,0,0,1,4,0,62501,0,2009,330,SR-79,99999999999999999999,0000000,33.83427778,-117.0036639,3,1
6,37,11,25,16,48,1,2,1,1,11,1,0,8,0,1,1,3,5,55,1,1,1,1,0,0,1,1,0,0,99,99,99,99,88,88,0,19,0,0,1,4,0,62502,810,2009,140,I-710,99999999999999999999,0000000,33.88954722,-118.1888583,1,1
6,73,11,25,17,52,1,2,1,0,16,6,0,8,0,1,1,5,4,45,1,1,1,1,0,0,3,1,0,0,99,99,99,99,88,88,0,0,0,0,1,4,0,62503,3260,2009,0,POMERADO RD,99999999999999999999,0000000,33.00225833,-117.0582528,1,1
6,37,11,25,19,35,2,3,0,0,14,6,0,12,5,1,1,5,4,35,1,1,2,1,0,0,3,1,0,0,99,99,99,99,99,99,0,0,0,0,1,4,1,62504,1980,2009,0,JEFFERSON BL,99999999999999999999,0000000,34.02541944,-118.3617639,2,1
6,37,11,24,21,25,3,3,0,1,12,2,0,12,1,1,1,3,5,55,1,1,2,1,0,0,3,1,0,0,99,99,99,99,99,99,0,0,0,0,1,3,0,62505,1980,2009,82,US-101,99999999999999999999,0000000,34.11589167,-118.3368306,3,1
6,71,11,26,10,35,1,1,0,0,2,4,0,1,0,1,4,1,2,55,1,2,1,1,28,3,1,1,0,0,99,99,99,99,88,88,0,0,0,0,1,5,0,62506,0,2009,0,NATIONAL TRALS HWY,99999999999999999999,0000000,34.60181111,-115.9534417,1,1
6,37,11,30,2,43,2,2,1,1,11,1,0,12,3,1,1,3,3,55,1,1,2,1,40,3,2,1,0,1,99,99,99,99,88,88,0,19,23,0,1,2,0,62507,1980,2009,162,I-5,99999999999999999999,0000000,34.02738333,-118.2113833,2,1
6,113,11,30,8,15,1,1,0,1,1,1,0,42,0,1,4,3,3,65,1,1,2,1,0,0,1,1,0,0,99,99,99,99,88,88,0,0,0,0,1,2,0,62508,0,2009,37,I-80,99999999999999999999,0000000,38.55655556,-121.6767583,1,1
6,67,11,30,8,20,1,2,1,0,13,6,0,15,0,3,4,5,4,25,1,1,2,1,0,0,1,1,0,0,99,99,99,99,99,99,0,0,0,0,1,2,0,62509,3150,2009,0,NORTHGATE BLVD,WILSON AVE,0000000,38.61353056,-121.4755389,1,1
6,53,4,28,15,20,1,36,0,1,2,2,0,24,0,1,4,3,2,65,2,2,1,1,0,0,1,1,0,0,99,99,99,99,99,99,0,0,0,0,5,3,0,62510,0,2009,628,US-101,99999999999999999999,0000000,36.62678889,-121.5864361,1,1
6,85,4,5,18,19,1,2,1,0,16,6,0,8,0,3,1,1,2,25,1,1,2,1,3,3,1,1,0,0,99,99,99,99,99,99,0,0,0,0,1,1,0,62511,3340,2009,0,WILLOW ST,ALMADEN AVE,0000000,37.31891389,-121.8822083,1,1
6,85,7,9,15,10,2,5,0,0,14,6,0,12,5,1,1,1,4,35,1,1,2,1,0,0,1,1,0,0,99,99,99,99,99,99,0,0,0,0,1,5,0,62512,3440,2009,0,WALSH AVE,99999999999999999999,0000000,37.36933889,-121.9622333,2,1
6,53,11,29,17,41,1,2,1,0,15,6,0,8,0,2,1,1,2,20,1,1,2,1,20,3,3,1,0,0,99,99,99,99,99,99,0,0,0,0,1,1,0,62513,3180,2009,0,CENTRAL AVE,WEST ST,0000000,36.67589167,-121.6629,1,1
6,65,11,29,21,52,1,1,0,0,16,6,0,33,0,1,4,1,2,25,2,1,1,1,0,0,3,1,0,0,99,99,99,99,88,88,0,0,0,0,1,1,1,62514,3851,2009,0,CAMINO PIEDRA ROJO,99999999999999999999,0000000,33.48045833,-117.0789056,1,1
6,19,11,29,23,59,3,7,0,0,13,6,0,33,0,3,3,2,2,40,1,1,2,1,3,3,3,1,0,0,99,99,99,99,99,99,0,14,0,0,3,1,1,62515,1370,2009,0,S CHESTNUT AVE,LANE AVE,0000000,36.73229167,-119.7364111,3,1
6,85,12,1,17,6,1,2,1,0,13,6,0,8,0,1,1,1,4,35,1,1,2,1,0,0,5,1,0,0,99,99,99,99,99,99,0,0,0,0,1,3,0,62516,2000,2009,0,BLOSSOM HILL RD,99999999999999999999,0000000,37.23588889,-121.9653556,1,1
6,67,12,1,19,7,1,1,0,0,16,6,0,33,0,1,4,2,2,40,2,1,2,1,0,0,3,1,0,0,99,99,99,99,88,88,0,0,0,0,1,3,0,62517,1300,2009,0,GLENN DR,99999999999999999999,0000000,38.66395,-121.1782111,1,1
6,85,12,2,4,28,1,1,0,1,11,1,0,39,0,1,3,3,5,65,2,1,1,1,0,0,2,1,0,0,99,99,99,99,88,88,0,0,0,0,1,4,0,62518,3340,2009,10,I-680,99999999999999999999,0000000,37.35358056,-121.8377361,1,1
6,37,12,8,6,22,1,2,1,0,14,6,0,8,0,1,1,1,4,45,1,1,2,1,0,0,4,1,0,0,99,99,99,99,99,99,0,0,0,0,1,3,0,62519,230,2009,0,GLADSTONE ST,99999999999999999999,0000000,34.11426111,-117.9138417,1,1
6,37,12,11,19,30,1,3,0,0,5,4,0,30,0,1,4,1,2,55,1,2,2,1,0,0,2,1,0,0,99,99,99,99,99,99,0,20,0,0,1,6,0,62520,0,2009,0,106TH ST,99999999999999999999,0000000,34.51041111,-117.9405056,1,1
6,1,12,15,8,50,2,2,0,1,1,1,0,33,0,1,4,3,4,65,2,1,1,1,0,0,1,1,0,0,99,99,99,99,99,99,0,14,0,0,1,3,0,62521,0,2009,252,I-580,99999999999999999999,0000000,37.70356667,-122.0028944,2,1
6,37,11,30,12,18,1,1,0,1,12,2,0,42,0,13,8,6,1,65,1,2,9,1,0,0,1,1,0,0,99,99,99,99,99,99,0,0,0,0,1,2,0,62522,518,2009,321,US-101 RAMP,99999999999999999999,0000000,34.1398,-118.7122306,1,1
6,81,11,30,13,55,1,1,0,0,12,3,0,35,0,1,4,1,2,55,2,1,2,1,0,0,1,1,0,0,99,99,99,99,99,99,0,0,0,0,1,2,1,62523,0,2009,38,SR-84,99999999999999999999,0000000,37.32171111,-122.3413028,1,1
6,19,11,30,14,36,1,1,0,0,13,6,0,33,0,1,4,2,2,35,2,1,2,1,0,0,1,1,0,0,99,99,99,99,88,88,0,0,0,0,1,2,0,62524,1370,2009,0,N CHESTNUT BLVD,99999999999999999999,0000000,36.84154167,-119.7388111,1,1
6,29,11,30,14,37,2,4,0,0,4,4,0,12,2,1,1,1,2,55,1,1,2,1,0,0,1,1,0,0,99,99,99,99,99,99,1,0,0,0,1,2,0,62525,0,2009,0,PANAMA RD,99999999999999999999,0000000,35.26661111,-118.9756667,2,1
6,37,11,30,17,0,1,3,2,0,15,6,0,8,0,3,1,2,2,40,1,1,2,1,28,3,3,1,0,0,99,99,99,99,99,99,0,0,0,0,1,2,0,62526,2458,2009,0,SAN ANTONIO DR,SPROUL ST,0000000,33.91019444,-118.0750111,1,1
6,65,11,30,17,7,1,2,1,0,13,6,0,9,0,1,11,5,4,30,1,1,2,1,0,0,2,1,0,0,99,99,99,99,99,99,0,0,0,0,1,2,0,62527,1580,2009,0,FLORIDA AVE,99999999999999999999,0000000,33.74763889,-116.9518639,1,1
6,73,11,30,18,28,1,2,1,0,15,6,0,8,0,1,1,2,2,35,1,1,2,1,0,0,3,1,0,0,99,99,99,99,99,99,0,0,0,0,1,2,0,62528,2510,2009,0,PLAZA DR,99999999999999999999,0000000,33.18353611,-117.2891167,1,1
6,107,12,14,12,5,1,1,0,0,5,4,0,24,0,1,4,1,2,55,2,2,2,1,0,0,1,1,0,0,99,99,99,99,88,88,0,0,0,0,1,2,1,62529,0,2009,0,STRATHMORE AVE,99999999999999999999,0000000,36.22465,-119.0649694,1,1
6,37,12,14,13,54,2,2,0,1,2,3,0,12,8,1,1,5,3,45,1,1,2,1,0,0,1,1,0,0,99,99,99,99,88,88,0,0,0,0,1,2,0,62530,0,2009,538,SR-138,99999999999999999999,0000000,34.52105,-117.99975,2,1
6,7,11,25,6,5,2,4,0,1,2,3,0,12,2,1,2,1,2,65,1,1,2,1,0,0,2,1,0,0,99,99,99,99,99,99,0,0,0,0,1,4,0,62531,0,2009,439,SR-99,99999999999999999999,0000000,39.85941111,-121.9561111,2,1
6,107,11,25,16,16,1,2,1,0,15,6,0,9,0,1,1,1,2,55,1,1,2,1,0,0,5,1,0,0,99,99,99,99,88,88,0,0,0,0,1,4,0,62532,4050,2009,0,CALDWELL AVE,99999999999999999999,0000000,36.29811667,-119.2828472,1,1
6,59,10,26,3,2,2,5,0,1,12,3,0,12,2,1,1,2,6,65,1,1,1,1,0,0,3,1,0,0,99,99,99,99,99,99,0,0,0,0,2,2,1,62533,80,2009,97,SR-91,99999999999999999999,0000000,33.84646667,-117.8193556,2,1
6,71,10,26,20,39,1,2,0,0,2,4,0,33,0,1,4,1,2,55,1,1,2,1,0,0,2,1,0,0,99,99,99,99,99,99,0,0,0,0,1,2,1,62534,0,2009,0,NATIONAL TRLS HWY,99999999999999999999,0000000,34.68216111,-117.3391111,1,1
6,73,11,23,7,0,1,2,1,0,14,6,0,8,0,1,4,2,2,35,1,2,2,1,0,0,1,1,0,0,99,99,99,99,88,88,0,0,0,0,1,2,1,62535,2904,2009,0,COMMUNITY RD,99999999999999999999,0000000,32.97087222,-117.0405778,1,1
6,65,2,4,5,5,2,4,0,0,4,4,0,12,5,2,1,1,4,55,1,1,2,9,3,3,4,9,0,0,99,99,99,99,99,99,0,0,0,0,1,4,0,62536,0,2009,0,ETIWANDA AVE,VAN BUREN BL,0000000,34.01628056,-117.5243389,2,9
6,85,10,8,12,14,3,3,0,0,16,6,0,42,0,1,3,2,2,99,1,1,2,1,0,0,1,1,0,0,99,99,99,99,88,88,0,14,0,0,1,5,0,62537,3340,2009,0,SILVER CREEK VLY RD,99999999999999999999,0000000,37.260425,-121.7836889,3,1
6,91,12,6,11,44,3,5,0,0,2,3,0,12,8,1,1,1,2,25,2,2,2,4,0,0,1,4,0,0,99,99,99,99,99,99,0,4,0,0,1,1,0,62538,0,2009,10,SR-89,99999999999999999999,0000000,39.54978611,-120.3227806,3,4
6,31,12,7,6,0,2,3,0,1,2,3,0,12,5,2,1,1,2,55,2,1,2,2,20,3,3,2,0,0,99,99,99,99,99,99,0,0,0,0,1,2,0,62539,0,2009,378,SR-41,JACKSON AVE,0000000,36.25513889,-119.8087611,2,2
6,77,12,8,5,28,4,5,0,1,11,1,0,12,3,1,1,2,3,70,1,1,1,4,0,0,3,1,0,0,99,99,99,99,99,99,0,19,0,0,1,3,0,62540,0,2009,141,I-5,99999999999999999999,0000000,37.78136944,-121.3124389,4,1
6,85,12,8,5,50,1,1,0,0,13,6,0,33,0,1,4,2,3,99,2,1,2,4,0,0,3,1,0,0,99,99,99,99,88,88,0,0,0,0,1,3,0,62541,3340,2009,0,ALMADEN EXPY,99999999999999999999,0000000,37.29253333,-121.8774306,1,1
6,65,12,8,23,26,1,2,0,0,15,6,0,24,0,2,4,1,2,45,1,1,2,9,0,0,6,9,0,0,99,99,99,99,88,88,0,0,0,0,1,3,1,62542,9997,2009,0,ETHANAC RD,MATHEWS RD,0000000,33.74242222,-117.1696583,1,9
6,29,12,18,21,33,1,2,1,0,14,6,0,8,0,1,1,5,4,40,1,1,2,1,0,0,3,1,0,0,99,99,99,99,99,99,0,0,0,0,1,6,0,62543,240,2009,0,E TRUXTIN AVE,99999999999999999999,0000000,35.37321389,-118.9867917,1,1
6,71,12,19,1,55,1,1,0,1,1,1,0,1,0,1,4,2,2,70,1,1,2,1,0,0,2,1,0,0,99,99,99,99,99,99,0,0,0,0,1,7,1,62544,0,2009,1345,I-15,99999999999999999999,0000000,35.24309444,-116.0951056,1,1
6,75,12,19,4,28,2,3,0,0,2,3,0,12,1,1,1,2,4,45,1,1,2,1,0,0,3,1,0,0,99,99,99,99,99,99,0,0,0,0,1,7,1,62545,3290,2009,4,SR-1,99999999999999999999,0000000,37.71343611,-122.4713111,2,1
6,71,12,19,8,20,1,1,0,0,6,4,0,1,0,1,1,1,2,0,1,1,5,6,0,0,1,1,0,0,99,99,99,99,99,99,0,3,4,5,1,7,1,62546,0,2009,0,NIELSON RD,99999999999999999999,0000000,34.41894722,-117.4399861,1,1
6,7,12,19,17,15,1,1,0,0,4,4,0,42,0,1,4,1,2,35,2,1,2,2,40,3,5,1,0,0,99,99,99,99,99,99,0,0,0,0,1,7,1,62547,0,2009,0,MIDWAY,99999999999999999999,0000000,39.55690278,-121.7667528,1,1
6,79,12,19,21,10,1,3,1,1,12,2,0,8,0,1,1,3,2,65,1,1,2,1,0,0,2,1,0,0,99,99,99,99,88,88,0,0,0,0,1,7,1,62548,3370,2009,265,US-101,99999999999999999999,0000000,35.24538333,-120.681875,1,1
6,73,12,19,23,15,1,1,0,0,14,6,0,39,0,1,4,1,2,35,1,1,2,1,0,0,3,1,0,0,99,99,99,99,88,88,0,0,0,0,1,7,1,62549,3260,2009,0,26TH ST,99999999999999999999,0000000,32.72314444,-117.1407306,1,1
6,73,12,20,0,35,1,2,1,0,13,6,0,8,0,1,1,2,2,65,1,1,2,1,0,0,3,1,0,0,99,99,99,99,88,88,0,0,0,0,1,1,0,62550,1200,2009,0,CENTRE CITY PKWY,99999999999999999999,0000000,33.12528611,-117.0899028,1,1
6,113,11,23,13,15,1,5,0,0,6,4,0,31,0,1,4,1,2,55,1,2,2,1,0,0,1,1,0,0,99,99,99,99,99,99,0,0,0,0,1,2,1,62551,0,2009,0,COUNTRY RD 22,99999999999999999999,0000000,38.66875833,-121.8838694,1,1
6,85,11,23,17,4,1,2,1,0,16,6,0,15,0,1,1,5,2,40,1,1,2,1,0,0,3,1,0,0,99,99,99,99,99,99,0,0,0,0,1,2,0,62552,3340,2009,0,SENTER RD,99999999999999999999,0000000,37.29133889,-121.831125,1,1
6,37,6,5,13,40,2,3,0,0,14,6,0,12,2,1,1,1,4,35,1,1,2,1,0,0,1,1,0,0,99,99,99,99,99,99,0,0,0,0,1,6,1,62553,1980,2009,0,6TH ST,99999999999999999999,0000000,34.03857778,-118.2295417,2,1