STATE,COUNTY,MONTH,DAY,HOUR,MINUTE,VE_TOTAL,PERSONS,PEDS,NHS,ROAD_FNC,ROUTE,SP_JUR,HARM_EV,MAN_COLL,REL_JUNC,REL_ROAD,TRAF_FLO,NO_LANES,SP_LIMIT,ALIGNMNT,PROFILE,PAVE_TYP,SUR_COND,TRA_CONT,T_CONT_F,LGT_COND,WEATHER1,WEATHER2,WRK_ZONE,NOT_HOUR,NOT_MIN,ARR_HOUR,ARR_MIN,HOSP_HR,HOSP_MN,SCH_BUS,CF1,CF2,CF3,FATALS,DAY_WEEK,DRUNK_DR,ST_CASE,CITY,YEAR,MILEPT,TWAY_ID,TWAY_ID2,RAIL,LATITUDE,LONGITUD,VE_FORMS,WEATHER
6,59,6,15,19,44,4,6,0,0,14,6,0,12,5,2,1,1,2,40,1,1,2,1,3,3,1,1,0,0,99,99,99,99,99,99,0,0,0,0,1,2,1,62554,80,2009,0,W CRESCENT AVE,MAGNOLIA AVE,0000000,33.83954444,-117.9760667,4,1
6,85,10,22,21,46,3,4,0,0,14,6,0,12,1,2,1,2,3,35,1,2,2,1,20,3,3,1,0,0,99,99,99,99,99,99,0,0,0,0,1,5,0,62555,3340,2009,0,BRANHAM LN,PRINCE ROYAL PL,0000000,37.2655,-121.850275,3,1
6,85,10,23,3,38,1,1,0,0,14,6,0,46,0,3,1,2,3,99,1,1,2,1,3,3,3,1,0,0,99,99,99,99,88,88,0,0,0,0,1,6,1,62556,3340,2009,0,BROKAW RD,JUNCTION AVE,0000000,37.37994167,-121.9091889,1,1
6,65,11,9,17,0,3,4,0,0,16,6,0,12,1,1,1,1,2,55,1,1,2,1,0,0,5,1,0,0,99,99,99,99,99,99,0,0,0,0,1,2,2,62557,3070,2009,0,WARREN RD,99999999999999999999,0000000,33.77440278,-117.0334056,3,1
6,71,11,21,23,34,1,5,1,0,14,6,0,8,0,2,1,5,4,45,1,1,2,1,3,3,3,1,0,0,99,99,99,99,99,99,0,0,0,0,1,7,0,62558,1947,2009,0,REDLANDS BLVD,MOUNTAIN VIEW AVE,0000000,34.06301667,-117.2436889,1,1
6,13,12,12,7,20,1,1,0,0,16,6,0,33,0,1,4,5,4,35,1,1,2,2,0,0,4,2,0,0,99,99,99,99,88,88,0,0,0,0,1,7,0,62559,975,2009,0,DIABLO RD,99999999999999999999,0000000,37.83036944,-121.987275,1,2
6,65,12,10,13,33,2,4,0,0,14,6,0,12,5,2,1,2,2,35,1,1,2,1,3,3,1,1,0,0,99,99,99,99,99,99,0,0,0,0,1,5,0,62560,250,2009,0,RAMSEY ST,SUNSET AVE,0000000,33.92574444,-116.9117889,2,1
6,79,12,10,19,0,1,2,0,1,2,2,0,29,0,1,4,2,2,70,2,2,1,2,0,0,3,2,0,0,99,99,99,99,99,99,0,0,0,0,1,5,0,62561,0,2009,680,US-101,99999999999999999999,0000000,35.77816667,-120.7170444,1,2
6,67,12,10,20,22,1,2,1,0,2,4,0,8,0,1,1,1,4,35,1,1,2,2,0,0,3,2,0,0,99,99,99,99,88,88,0,0,0,0,1,5,0,62562,0,2009,0,FLORIN RD,99999999999999999999,0000000,38.49601389,-121.3986361,1,2
6,37,12,10,23,0,1,2,1,0,14,6,0,8,0,3,1,1,4,35,1,1,2,2,0,0,3,2,0,0,99,99,99,99,88,88,0,0,0,0,1,5,1,62563,1980,2009,0,3RD ST,BERENDO ST,0000000,34.06902222,-118.2941472,1,2
6,41,12,11,0,35,1,3,0,1,12,2,0,37,0,1,4,3,3,65,1,1,9,2,0,0,2,2,0,0,99,99,99,99,99,99,0,0,0,0,1,6,1,62564,2460,2009,211,US-101,99999999999999999999,0000000,38.10539722,-122.5625472,1,2
6,73,12,11,1,2,1,1,0,0,4,4,0,1,0,1,1,1,4,50,1,2,2,1,0,0,2,1,0,0,99,99,99,99,88,88,0,0,0,0,1,6,1,62565,0,2009,0,MOUNTAIN MEADOW RD,99999999999999999999,0000000,33.19194167,-117.1220694,1,1
6,73,12,11,6,25,1,2,0,0,4,4,0,42,0,1,6,1,2,55,2,9,2,2,0,0,4,1,0,0,99,99,99,99,99,99,0,0,0,0,1,6,1,62566,0,2009,0,HARMONY GRADE RD,99999999999999999999,0000000,33.07485833,-117.16215,1,1
6,87,12,11,9,46,2,4,0,0,2,3,0,12,4,1,1,2,2,50,2,9,2,2,0,0,9,2,0,0,99,99,99,99,99,99,0,0,0,0,1,6,0,62567,0,2009,94,SR-17,99999999999999999999,0000000,37.10416667,-121.97535,2,2
6,59,12,12,1,36,1,3,1,0,15,6,0,8,0,1,1,3,3,40,1,1,2,2,0,0,3,1,0,0,99,99,99,99,99,99,0,0,0,0,1,7,1,62568,880,2009,0,NEWPORT BLVD,99999999999999999999,0000000,33.64263056,-117.9173694,1,1
6,23,12,12,2,0,1,1,0,1,2,2,0,21,0,1,4,2,2,65,2,1,2,1,0,0,2,1,0,0,99,99,99,99,99,99,0,0,0,0,1,7,1,62569,0,2009,970,US-101,99999999999999999999,0000000,41.01024722,-124.1098139,1,1
6,37,12,12,16,0,3,7,0,1,1,1,0,12,1,1,1,3,4,55,1,1,2,2,0,0,1,2,0,0,99,99,99,99,99,99,0,19,0,0,1,7,0,62570,0,2009,658,I-5,99999999999999999999,0000000,34.56750278,-118.6870611,3,2
6,5,12,12,17,27,1,2,0,0,2,3,0,42,0,1,4,1,2,65,2,1,2,2,0,0,2,2,0,0,99,99,99,99,99,99,0,0,0,0,1,7,0,62571,0,2009,22,SR-16,99999999999999999999,0000000,38.47465833,-120.9874972,1,2
6,85,12,12,18,44,1,2,1,0,14,6,0,8,0,1,1,1,4,35,1,1,2,2,0,0,3,2,0,0,99,99,99,99,99,99,0,0,0,0,1,7,0,62572,2182,2009,0,PARK VICTORIA,99999999999999999999,0000000,37.43423333,-121.8838917,1,2
6,21,12,12,18,50,1,7,1,0,3,4,0,8,0,1,1,1,2,55,1,1,2,2,0,0,2,1,0,0,99,99,99,99,88,88,0,0,0,0,1,7,0,62573,0,2009,0,HWY 99W,99999999999999999999,0000000,39.24634722,-121.6516111,1,1
6,85,12,12,18,56,1,1,0,0,16,6,0,10,0,6,1,2,3,40,1,1,2,2,60,3,3,2,0,0,99,99,99,99,88,88,0,0,0,0,1,7,0,62574,2182,2009,0,TASMAN DR,99999999999999999999,9999999,37.41560833,-121.9132083,1,2
6,37,12,12,19,52,1,2,0,0,14,6,0,33,0,1,3,2,2,40,1,1,2,2,0,0,3,2,0,0,99,99,99,99,88,88,0,0,0,0,2,7,0,62575,1970,2009,0,SPRING ST,99999999999999999999,0000000,33.81065556,-118.1452139,1,2
6,37,12,13,4,0,1,1,0,0,14,6,0,33,0,1,4,1,4,99,1,1,2,2,0,0,3,2,0,0,99,99,99,99,99,99,0,0,0,0,1,1,0,62576,3105,2009,0,WALNUT GROVE AVE,99999999999999999999,0000000,34.07834722,-118.0820222,1,2
6,59,12,13,12,30,1,1,0,0,2,3,0,46,0,2,4,2,4,45,2,1,2,1,3,3,1,1,0,0,99,99,99,99,99,99,0,0,0,0,1,1,0,62577,80,2009,129,SR-39,WESTGATE CENTER,0000000,33.83570278,-117.9938083,1,1
6,37,12,13,14,40,2,2,0,0,13,6,0,12,5,2,1,1,6,50,1,1,2,1,3,3,1,1,0,0,99,99,99,99,99,99,0,0,0,0,1,1,0,62578,1840,2009,0,AVENUE K,15TH ST,0000000,34.67503333,-118.1035222,2,1
6,13,12,13,19,0,1,2,0,1,12,3,0,35,0,13,4,6,2,99,1,1,2,2,0,0,3,1,0,0,99,99,99,99,99,99,0,0,0,0,1,1,1,62579,0,2009,158,SR-4 RAMP,99999999999999999999,0000000,37.99041389,-121.7580417,1,1
6,73,12,13,21,52,2,3,0,0,15,6,0,12,1,3,1,2,3,45,2,1,2,1,3,3,3,1,0,0,99,99,99,99,99,99,0,0,0,0,1,1,1,62580,3260,2009,0,N TORREY PINES RD,GENESEE AVE,0000000,32.89188611,-117.2405389,2,1
6,19,12,14,13,59,1,1,0,1,1,1,0,1,0,1,3,2,2,70,1,1,2,1,0,0,1,1,0,0,99,99,99,99,99,99,0,0,0,0,1,2,0,62581,0,2009,44,I-5,99999999999999999999,0000000,36.12959167,-120.1513778,1,1
6,37,12,14,17,25,1,2,1,0,13,6,0,8,0,1,1,2,2,35,1,1,2,1,0,0,3,1,0,0,99,99,99,99,99,99,0,0,0,0,1,2,0,62582,1980,2009,0,SAN VICENTE BLVD,99999999999999999999,0000000,34.05332222,-118.4612306,1,1
6,37,12,14,17,40,1,2,1,0,13,6,0,33,0,2,4,9,3,35,1,1,2,1,3,3,2,1,0,0,99,99,99,99,99,99,0,15,0,0,1,2,1,62583,1980,2009,0,MLK BLVD,HILL ST,0000000,34.01107222,-118.2799333,1,1
6,37,12,14,17,55,1,3,2,0,16,6,0,33,0,1,4,1,4,35,1,1,2,1,0,0,3,1,0,0,99,99,99,99,99,99,0,0,0,0,1,2,0,62584,1980,2009,0,6TH ST,99999999999999999999,0000000,34.03838333,-118.2295194,1,1
6,65,12,14,22,25,1,1,0,1,11,1,0,24,0,1,3,3,4,70,1,1,2,1,0,0,2,1,0,0,99,99,99,99,99,99,0,0,0,0,1,2,1,62585,612,2009,384,I-10,99999999999999999999,0000000,33.85569722,-116.4700139,1,1
6,7,12,14,22,30,1,4,0,0,6,4,0,1,0,1,5,4,1,25,1,1,5,5,0,0,2,1,0,0,99,99,99,99,99,99,0,0,0,0,1,2,1,62586,0,2009,0,GRAY LODGE,99999999999999999999,0000000,39.33642222,-121.8342583,1,1
6,13,12,15,1,55,1,1,0,0,2,3,0,24,0,1,4,3,3,65,1,1,1,1,0,0,2,1,0,0,99,99,99,99,88,88,0,0,0,0,1,3,1,62587,820,2009,5,SR-242,99999999999999999999,0000000,37.96861111,-122.0522472,1,1
6,77,12,15,3,27,1,1,0,1,12,3,0,38,0,1,4,2,2,65,1,1,2,1,0,0,2,1,0,0,99,99,99,99,88,88,0,0,0,0,1,3,0,62588,0,2009,307,SR-99,99999999999999999999,0000000,38.111025,-121.2590639,1,1
6,37,12,15,6,28,1,2,1,0,14,6,0,8,0,3,1,1,2,35,1,2,2,1,0,0,4,1,0,0,99,99,99,99,99,99,0,0,0,0,1,3,0,62589,4120,2009,0,ORANGE AVE,DURNESS ST,0000000,34.06263333,-117.9532389,1,1
6,37,12,15,11,49,1,2,1,0,16,6,0,8,0,3,1,1,2,25,1,1,2,1,20,3,1,1,0,0,99,99,99,99,99,99,0,0,0,0,1,3,0,62590,3470,2009,0,CALIFORNIA AVE,18TH ST,0000000,34.03119722,-118.4867,1,1
6,113,12,15,18,51,1,1,0,0,6,4,0,42,0,1,4,1,2,55,1,1,2,1,0,0,2,1,0,0,99,99,99,99,88,88,0,0,0,0,1,3,1,62591,0,2009,0,COUNTY RD 22,99999999999999999999,0000000,38.67592778,-121.6352167,1,1
6,111,12,15,19,41,1,2,1,0,13,3,0,9,0,3,2,1,2,50,2,1,2,1,0,0,3,1,0,0,99,99,99,99,99,99,0,0,0,0,1,3,0,62592,538,2009,152,SR-34,GERMAIN ST,0000000,34.23463333,-119.0159222,1,1
6,67,12,16,0,39,2,2,0,0,2,4,0,12,5,2,1,2,3,45,1,1,2,1,3,3,3,1,0,0,99,99,99,99,99,99,0,0,0,0,1,4,0,62593,0,2009,0,MADISON AVE,AUBURN BLVD,0000000,38.66084722,-121.3468694,2,1
6,55,12,16,5,45,2,3,0,0,4,4,0,12,1,1,1,1,2,55,2,1,2,2,0,0,2,2,0,0,99,99,99,99,99,99,0,0,0,0,2,4,0,62594,0,2009,0,SILVERADO TRAIL,99999999999999999999,0000000,38.46877778,-122.3807417,2,2
6,65,12,16,10,39,2,2,0,0,4,4,0,12,4,1,1,1,2,55,1,1,2,1,0,0,1,1,0,0,99,99,99,99,99,99,0,0,0,0,1,4,0,62595,0,2009,0,GILMAN SPRINGS RD,99999999999999999999,0000000,33.90026944,-117.0860194,2,1
6,37,12,16,14,58,2,2,0,0,14,6,0,12,5,3,1,1,4,35,1,1,2,1,3,3,1,1,0,0,99,99,99,99,99,99,0,0,0,0,1,4,0,62596,1110,2009,0,DURFEE AVE,FINEVIEW ST,0000000,34.04825,-118.0267611,2,1
6,71,12,16,17,12,1,2,1,0,2,4,0,9,0,1,1,2,2,35,1,1,2,1,0,0,3,1,0,0,99,99,99,99,88,88,0,0,0,0,1,4,0,62597,0,2009,0,BLOOMINGTON AVE,99999999999999999999,0000000,34.07195,-117.3954167,1,1
6,65,12,17,0,18,2,2,0,0,2,4,0,12,2,1,1,1,2,45,1,1,2,1,0,0,2,1,0,0,99,99,99,99,99,99,0,0,0,0,1,5,1,62598,0,2009,0,LIMONITE AVE,99999999999999999999,0000000,33.97539722,-117.5023833,2,1
6,37,12,17,7,15,2,3,0,1,11,1,0,12,1,1,1,3,5,65,1,1,1,1,0,0,1,1,0,0,99,99,99,99,99,99,0,0,0,0,1,5,0,62599,1110,2009,283,I-10,99999999999999999999,0000000,34.07240833,-118.0639639,2,1
6,67,12,17,12,5,3,3,0,0,4,4,0,1,0,1,1,1,2,55,2,2,2,1,0,0,1,1,0,0,99,99,99,99,99,99,0,0,0,0,1,5,0,62600,0,2009,0,WHITE ROCK RD,99999999999999999999,0000000,38.617575,-121.1373139,3,1
6,71,12,17,13,5,1,2,0,1,1,1,0,24,0,1,3,3,2,70,1,1,9,1,0,0,1,1,0,0,99,99,99,99,99,99,0,0,0,0,1,5,0,62601,0,2009,1059,I-15,99999999999999999999,0000000,35.02514722,-116.4895833,1,1
6,81,12,18,6,14,1,2,1,0,14,6,0,9,0,1,1,9,3,30,1,2,1,1,0,0,3,1,0,0,6,11,6,14,88,88,0,0,0,0,1,6,0,62602,3390,2009,0,HILLSDALE BLVD,99999999999999999999,0000000,37.54598889,-122.2850417,1,1
6,81,12,18,7,20,4,4,0,1,12,2,0,12,1,1,1,3,4,65,1,1,2,1,0,0,1,1,0,0,99,99,99,99,99,99,0,19,0,0,1,6,0,62603,1065,2009,10,US-101,99999999999999999999,0000000,37.46135278,-122.1427556,4,1
6,45,12,18,10,25,2,2,0,0,5,4,0,12,4,3,1,1,2,55,1,1,2,2,0,0,1,1,0,0,99,99,99,99,99,99,0,0,0,0,1,6,0,62604,0,2009,0,FOOTHILL BLVD,TABOR LN,0000000,39.79511389,-123.2669056,2,1
6,41,12,18,12,10,2,4,0,1,12,2,0,12,7,1,1,3,3,65,1,1,2,1,0,0,1,1,0,0,99,99,99,99,99,99,0,0,0,0,1,6,0,62605,2460,2009,198,US-101,99999999999999999999,0000000,38.08799167,-122.5553667,2,1
6,37,12,20,2,40,2,4,0,1,11,1,0,12,1,1,1,3,6,65,1,1,1,1,0,0,3,1,0,0,99,99,99,99,99,99,0,0,0,0,1,1,1,62606,1110,2009,290,I-10,99999999999999999999,0000000,34.06762778,-118.0366806,2,1
6,37,12,20,4,1,2,6,0,1,13,3,0,12,5,2,1,2,2,45,1,1,2,1,3,3,3,1,0,0,99,99,99,99,99,99,0,0,0,0,1,1,0,62607,2870,2009,19,SR-71,9TH ST,0000000,34.05023889,-117.7778972,2,1
6,37,12,20,6,45,1,4,1,0,16,6,0,33,0,1,4,2,2,45,2,2,2,1,40,3,1,1,0,0,99,99,99,99,99,99,0,0,0,0,1,1,0,62608,2929,2009,0,HAWTHORNE BLVD,99999999999999999999,0000000,33.75310278,-118.3964972,1,1
6,37,12,20,15,0,2,5,0,0,14,6,0,12,5,1,1,1,4,35,1,1,2,1,0,0,1,1,0,0,99,99,99,99,99,99,0,0,0,0,1,1,0,62609,810,2009,0,WILMINGTON AVE,99999999999999999999,0000000,33.88698889,-118.2370028,2,1
6,73,12,20,15,42,1,2,0,1,1,1,0,33,0,1,4,2,2,70,1,1,2,1,0,0,1,1,0,0,99,99,99,99,99,99,0,0,0,0,1,1,1,62610,0,2009,734,I-8,99999999999999999999,0000000,32.64165278,-116.1756139,1,1
6,71,12,20,18,5,1,2,1,0,12,3,0,8,0,1,1,1,2,55,1,1,2,1,0,0,2,1,0,0,99,99,99,99,88,88,0,0,0,0,1,1,0,62611,115,2009,905,SR-18,99999999999999999999,0000000,34.53654444,-117.2414889,1,1
6,71,12,20,22,40,1,2,0,1,11,1,0,1,0,1,3,2,2,70,1,1,2,1,0,0,2,1,0,0,99,99,99,99,99,99,0,0,0,0,1,1,0,62612,0,2009,1114,I-40,99999999999999999999,0000000,34.82113056,-115.1141444,1,1
6,55,12,21,4,30,1,1,0,0,13,6,0,33,0,1,3,2,2,40,1,1,2,2,0,0,3,2,0,0,99,99,99,99,88,88,0,0,0,0,1,2,1,62613,2330,2009,0,SOSCOL AVE,99999999999999999999,0000000,38.30705833,-122.2850139,1,2
6,85,5,17,1,55,1,2,1,0,13,6,0,8,0,1,1,1,6,35,1,1,1,1,0,0,3,1,0,0,99,99,99,99,88,88,0,0,0,0,1,1,0,62614,3440,2009,0,EL CAMINO REAL,99999999999999999999,0000000,37.35235278,-121.9599639,1,1
6,1,8,28,4,43,1,3,0,0,13,6,0,42,0,1,4,1,4,30,1,1,2,1,0,0,3,1,0,0,99,99,99,99,99,99,0,0,0,0,1,6,0,62615,2480,2009,0,TELEGRAPH AVE,99999999999999999999,0000000,37.82989722,-122.2642556,1,1
6,85,10,1,12,35,2,2,0,0,13,6,0,12,8,1,1,5,6,40,1,1,2,1,0,0,1,1,0,0,99,99,99,99,99,99,0,0,0,0,1,5,0,62616,3440,2009,0,COLEMAN AVE,99999999999999999999,0000000,37.35692222,-121.9358833,2,1
6,37,10,18,0,15,3,8,0,0,13,3,0,12,5,2,1,1,6,40,1,1,2,1,3,3,3,5,0,0,99,99,99,99,99,99,0,0,0,0,1,1,0,62617,305,2009,59,SR-19,ARTESIA BLVD,0000000,33.87467222,-118.1425861,3,5
6,95,10,18,18,16,1,3,1,0,16,6,0,8,0,1,1,5,4,25,1,2,2,1,0,0,5,1,0,0,99,99,99,99,99,99,0,0,0,0,1,1,0,62618,4020,2009,0,SERENO,99999999999999999999,0000000,38.12795,-122.2502056,1,1
6,37,10,24,22,40,1,1,0,0,14,6,0,32,0,3,4,1,2,55,1,1,2,1,0,0,2,1,0,0,99,99,99,99,88,88,0,0,0,0,1,7,1,62619,1840,2009,0,30TH ST,AVENUE M 8,0000000,34.63849722,-118.1832,1,1
6,71,11,9,12,39,1,1,0,0,14,6,0,33,0,1,4,5,4,45,1,2,1,1,0,0,1,1,0,0,99,99,99,97,99,97,0,0,0,0,1,2,0,62620,4040,2009,0,NISQUALLI RD,99999999999999999999,0000000,34.485175,-117.306175,1,1
6,97,11,16,17,30,2,3,0,0,2,3,0,12,5,2,1,1,2,45,1,1,9,1,20,3,5,1,0,0,99,99,99,99,99,99,0,0,0,0,1,2,0,62621,883,2009,343,SR-116,MADRONE AVE,0000000,38.33298333,-122.7264139,2,1
6,73,11,24,17,56,1,2,1,0,14,6,0,15,0,3,1,2,2,35,1,1,1,1,0,0,3,1,0,0,99,99,99,99,88,88,0,0,0,0,1,3,0,62622,3499,2009,0,CARLTON HILLS BLVD,GORGE RD,0000000,32.83997222,-116.995975,1,1
6,37,12,15,4,0,2,2,0,0,13,6,0,33,0,1,4,5,4,35,1,1,2,1,0,0,3,1,0,0,99,99,99,99,88,88,0,0,0,0,1,3,1,62623,1980,2009,0,WASHINGTON BLVD,99999999999999999999,0000000,34.01691667,-118.2164528,1,1
6,111,12,15,3,49,1,1,0,0,14,6,0,33,0,1,4,2,3,45,2,1,2,1,0,0,2,1,0,0,99,99,99,99,88,88,0,0,0,0,1,3,1,62624,3860,2009,0,AVENIDA DE LOS ARBOL,99999999999999999999,0000000,34.21238333,-118.8305611,1,1
6,37,12,11,6,10,1,2,1,0,13,6,0,8,0,2,1,1,4,35,1,1,2,2,2,3,2,2,0,0,99,99,99,99,99,99,0,0,0,0,1,6,0,62625,1980,2009,0,WILSHIRE BLVD,NORMANDIE AVE,0000000,34.06171667,-118.3003861,1,2
6,19,12,12,2,30,1,1,0,1,12,3,0,25,0,1,3,3,3,65,1,2,2,2,0,0,3,2,0,0,99,99,99,99,88,88,0,0,0,0,1,7,1,62626,1370,2009,232,SR-99,99999999999999999999,0000000,36.75515,-119.8284389,1,2
6,13,12,17,8,2,2,2,0,0,14,6,0,12,5,2,1,1,2,45,1,2,1,2,20,3,1,1,0,0,99,99,99,99,88,88,0,0,0,0,1,5,0,62627,2485,2009,0,NEROLY RD,SADDLE DR,0000000,37.99285278,-121.7506306,2,1
6,37,12,1,13,21,1,2,1,0,16,6,0,15,0,1,1,1,2,25,1,1,1,1,0,0,1,1,0,0,99,99,99,99,88,88,0,0,0,0,1,3,0,62628,30,2009,0,6TH ST,99999999999999999999,0000000,34.07124444,-118.1287861,1,1
6,73,12,1,17,30,3,4,0,0,16,6,0,12,5,1,1,1,4,35,1,1,2,1,0,0,3,1,0,0,99,99,99,99,99,99,0,0,0,0,1,3,0,62629,710,2009,0,3RD AVE,99999999999999999999,0000000,32.64598889,-117.0816861,3,1
6,37,12,2,17,0,1,2,1,0,16,6,0,9,0,3,1,1,4,35,1,1,2,1,20,3,5,1,0,0,99,99,99,99,99,99,0,0,0,0,1,4,0,62630,1980,2009,0,LAUREL CANYON BLVD,ARCHWOOD ST,0000000,34.19208611,-118.3965111,1,1
6,71,12,2,19,59,1,2,1,0,14,6,0,8,0,1,1,5,4,40,1,1,2,1,0,0,3,1,0,0,99,99,99,99,99,99,0,0,0,0,1,4,0,62631,3210,2009,0,MILL ST,99999999999999999999,0000000,34.09206389,-117.3329556,1,1
6,37,12,3,2,15,1,1,0,0,14,6,0,33,0,1,3,2,4,35,1,2,2,1,0,0,3,1,0,0,99,99,99,99,99,99,0,0,0,0,1,5,1,62632,1980,2009,0,FLETCHER DR,99999999999999999999,0000000,34.10912222,-118.2526528,1,1
6,73,12,3,7,5,1,2,1,1,2,3,0,8,0,1,1,5,3,55,2,1,2,1,0,0,1,1,0,0,99,99,99,99,99,99,0,0,0,0,1,5,0,62633,0,2009,306,SR-94,99999999999999999999,0000000,32.62149167,-116.7640917,1,1
6,73,12,3,7,30,3,3,0,1,11,1,0,12,7,1,1,3,7,65,2,1,1,1,0,0,1,1,0,0,99,99,99,99,88,88,0,0,0,0,1,5,1,62634,3260,2009,54,I-8,99999999999999999999,0000000,32.77778611,-117.1190222,3,1
6,59,12,3,14,31,1,2,1,0,14,6,0,9,0,1,1,5,2,40,1,1,2,1,0,0,1,1,0,0,99,99,99,99,99,99,0,0,0,0,1,5,0,62635,80,2009,0,W ORANGEWOOD AVE,99999999999999999999,0000000,33.79591667,-117.9369083,1,1
6,37,12,3,17,25,1,3,2,0,13,6,0,8,0,3,1,3,4,35,1,1,2,1,3,3,3,1,0,0,99,99,99,99,99,99,0,0,0,0,1,5,0,62636,1980,2009,0,CRENSHAW BLVD,50TH ST,0000000,33.99774167,-118.3307028,1,1
6,71,12,4,8,5,1,2,1,0,16,6,0,8,0,3,1,9,9,25,9,9,9,1,99,9,1,1,0,0,99,99,99,99,99,99,0,0,0,0,1,6,0,62637,3210,2009,0,SHORELINE DR,LOMA ALTA DR,0000000,33.99570556,-117.7596028,1,1
6,13,12,4,13,45,1,3,0,0,13,6,0,33,0,1,3,3,2,40,2,2,2,1,0,0,1,1,0,0,99,99,99,99,99,99,0,0,0,0,1,6,0,62638,3010,2009,0,RICHMOND PKWY,99999999999999999999,0000000,37.99005833,-122.3270139,1,1
6,29,12,4,18,25,1,2,1,0,3,4,0,15,0,1,1,5,4,40,1,1,2,1,0,0,2,1,0,0,99,99,99,99,99,99,0,0,0,0,1,6,0,62639,0,2009,0,LAKE ISABELLA BLVD,99999999999999999999,0000000,35.62440833,-118.4747917,1,1
6,85,12,4,19,5,1,1,0,0,6,4,0,42,0,1,4,1,2,55,2,1,2,1,0,0,2,1,0,0,99,99,99,99,88,88,0,0,0,0,1,6,1,62640,0,2009,0,BOLSA RD,99999999999999999999,0000000,36.96940278,-121.54485,1,1
6,79,12,5,10,35,2,2,0,0,2,3,0,12,5,2,1,1,2,55,1,1,2,1,3,3,1,1,0,0,99,99,99,99,99,99,0,0,0,0,1,7,1,62641,0,2009,91,SR-227,LOS RANCHOS RD,0000000,35.22401944,-120.6254417,2,1
6,5,12,5,13,55,2,2,0,1,2,3,0,12,8,1,1,1,2,45,1,1,2,1,0,0,1,1,0,0,99,99,99,99,99,99,0,0,0,0,1,7,0,62642,0,2009,321,SR-88,99999999999999999999,0000000,38.44473333,-120.5321222,2,1
6,19,12,5,14,10,1,3,0,0,4,4,0,1,0,1,1,1,2,55,1,1,2,1,0,0,1,1,0,0,99,99,99,99,99,99,0,0,0,0,1,7,0,62643,0,2009,0,MANNING AVE,99999999999999999999,0000000,36.60450278,-119.8762889,1,1
6,83,12,5,18,0,1,1,0,0,14,6,0,33,0,1,4,1,4,45,1,1,2,1,0,0,3,1,0,0,99,99,99,99,99,99,0,0,0,0,1,7,1,62644,3460,2009,0,DEPOT ST,99999999999999999999,0000000,34.932025,-120.4445417,1,1
6,73,12,5,22,18,2,2,0,0,15,6,0,12,5,2,1,1,2,25,1,1,2,1,20,3,3,1,0,0,99,99,99,99,99,99,0,0,0,0,1,7,0,62645,3260,2009,0,W CEDAR ST,FRONT ST,0000000,32.72193611,-117.1647806,2,1
6,73,12,5,23,14,1,2,0,0,13,6,0,33,0,1,4,5,4,40,1,1,2,1,0,0,3,1,0,0,99,99,99,99,88,88,0,0,0,0,2,7,1,62646,1200,2009,0,EL NORTE PKWY,99999999999999999999,0000000,33.148,-117.0693583,1,1
6,71,12,5,23,40,2,3,0,0,2,3,0,12,4,1,1,1,2,55,2,2,2,1,0,0,2,1,0,0,99,99,99,99,99,99,0,0,0,0,1,7,1,62647,0,2009,771,SR-18,99999999999999999999,0000000,34.44924722,-117.0039667,2,1
6,85,12,6,4,25,1,1,0,1,12,2,0,39,0,1,4,3,4,65,1,1,2,1,0,0,2,1,0,0,99,99,99,99,88,88,0,0,0,0,1,1,1,62648,3340,2009,303,US-101,99999999999999999999,0000000,37.27815,-121.80645,1,1
6,65,12,6,8,46,2,2,0,0,2,3,0,12,2,1,1,1,2,55,1,1,2,1,0,0,1,1,0,0,99,99,99,99,88,88,0,0,0,0,1,1,0,62649,0,2009,10,SR-74,99999999999999999999,0000000,33.60210833,-117.4567639,2,1
6,61,12,6,11,5,1,2,0,1,1,1,0,1,0,1,4,3,2,65,1,2,1,3,0,0,1,4,0,0,99,99,99,99,99,99,0,0,0,0,1,1,0,62650,0,2009,510,I-80,99999999999999999999,0000000,39.25923889,-120.7322778,1,4
6,37,12,6,12,0,2,2,0,0,16,6,0,12,8,1,1,1,2,35,1,1,2,1,0,0,1,1,0,0,99,99,99,99,99,99,0,0,0,0,1,1,0,62651,1980,2009,0,TERRA BELLA ST,99999999999999999999,0000000,34.25741944,-118.4194528,2,1
6,1,12,7,0,25,2,3,0,1,11,1,0,12,2,1,1,3,3,65,2,1,2,2,0,0,2,2,0,0,99,99,99,99,88,88,0,0,0,0,1,2,1,62652,20,2009,8,I-580,99999999999999999999,0000000,37.71064722,-121.7182167,2,2