STATE,COUNTY,MONTH,DAY,HOUR,MINUTE,VE_TOTAL,PERSONS,PEDS,NHS,ROAD_FNC,ROUTE,SP_JUR,HARM_EV,MAN_COLL,REL_JUNC,REL_ROAD,TRAF_FLO,NO_LANES,SP_LIMIT,ALIGNMNT,PROFILE,PAVE_TYP,SUR_COND,TRA_CONT,T_CONT_F,LGT_COND,WEATHER1,WEATHER2,WRK_ZONE,NOT_HOUR,NOT_MIN,ARR_HOUR,ARR_MIN,HOSP_HR,HOSP_MN,SCH_BUS,CF1,CF2,CF3,FATALS,DAY_WEEK,DRUNK_DR,ST_CASE,CITY,YEAR,MILEPT,TWAY_ID,TWAY_ID2,RAIL,LATITUDE,LONGITUD,VE_FORMS,WEATHER
6,81,12,7,3,0,1,2,0,1,12,2,0,27,0,1,4,3,4,65,1,1,2,2,0,0,3,2,0,0,99,99,99,99,99,99,0,0,0,0,1,2,1,62653,2140,2009,28,US-101,99999999999999999999,0000000,37.47594722,-122.1678833,1,2
6,59,12,7,7,34,3,3,0,0,13,6,0,12,5,2,1,5,3,45,1,1,2,2,20,3,1,2,0,0,99,99,99,99,99,99,0,0,0,0,1,2,0,62654,80,2009,0,E LA PALMA AVE,N BRASHER ST,0000000,33.85946389,-117.799075,3,2
6,115,12,7,18,44,1,1,0,0,6,4,0,38,0,1,4,1,2,35,2,1,2,4,0,0,2,1,0,0,99,99,99,99,88,88,0,0,0,0,1,2,1,62655,0,2009,0,LA PORTE RD,99999999999999999999,0000000,39.46866667,-121.276275,1,1
6,75,12,8,2,28,2,2,1,1,11,1,0,8,0,1,1,3,4,65,1,2,1,1,0,0,2,1,0,0,99,99,99,99,88,88,0,19,0,0,1,3,0,62656,3290,2009,26,I-280,99999999999999999999,0000000,37.731625,-122.4328,2,1
6,65,12,8,13,22,1,2,1,0,4,4,0,8,0,1,1,1,2,45,2,1,2,1,0,0,1,1,0,0,99,99,99,99,88,88,0,0,0,0,1,3,0,62657,0,2009,0,GAVILAN RD,99999999999999999999,0000000,33.81381111,-117.358275,1,1
6,37,12,8,17,20,1,2,1,0,6,4,0,8,0,1,1,1,2,30,1,1,2,1,0,0,2,1,0,0,99,99,99,99,88,88,0,0,0,0,1,3,0,62658,0,2009,0,CORRAL CANYON RD,99999999999999999999,0000000,34.06035833,-118.7424444,1,1
6,19,12,8,18,25,2,3,0,0,2,3,0,12,2,1,1,1,2,55,1,1,2,1,0,0,2,1,0,0,99,99,99,99,99,99,0,0,0,0,1,3,1,62659,0,2009,515,SR-180,99999999999999999999,0000000,36.73527222,-119.891225,2,1
6,67,12,9,3,59,2,2,0,0,15,6,0,12,5,2,1,5,4,45,1,1,2,1,20,3,3,1,0,0,99,99,99,99,88,88,0,0,0,0,1,4,1,62660,3150,2009,0,FLORIN PERKINS,RAMOS CT,0000000,38.52788889,-121.3906861,2,1
6,59,12,9,5,59,1,2,1,0,13,6,0,9,0,1,2,3,3,50,1,1,2,1,0,0,3,1,0,0,99,99,99,99,99,99,0,0,0,0,1,4,0,62661,2400,2009,0,JAMBOREE RD,99999999999999999999,0000000,33.63475556,-117.8720778,1,1
6,65,12,9,7,15,2,2,0,0,4,4,0,12,5,2,1,1,2,55,1,1,2,1,20,3,1,1,0,0,99,99,99,99,88,88,0,0,0,0,1,4,0,62662,0,2009,0,GILMAN SPRINGS RD,BRIDGE ST,0000000,33.8018,-116.9720639,2,1
6,85,12,9,12,15,1,1,0,0,16,6,0,31,0,1,4,1,2,45,2,2,2,1,0,0,1,1,0,0,99,99,99,99,88,88,0,0,0,0,1,4,0,62663,3340,2009,0,MCKEAN RD,99999999999999999999,0000000,37.18613333,-121.7711722,1,1
6,37,12,9,16,5,2,3,0,0,6,4,0,12,5,2,1,1,4,40,1,1,1,1,3,3,5,1,0,0,99,99,99,99,99,99,0,0,0,0,1,4,0,62664,0,2009,0,1ST AVE,LAMBERT RD,0000000,33.92958889,-117.9854528,2,1
6,85,12,9,19,5,1,3,1,1,11,1,0,8,0,1,1,3,5,65,1,2,2,1,0,0,2,1,0,0,99,99,99,99,88,88,0,0,0,0,1,4,0,62665,3340,2009,11,I-280,99999999999999999999,0000000,37.32938056,-121.8689778,1,1
6,23,12,9,19,10,1,1,0,0,6,4,0,42,0,1,4,1,2,35,2,2,2,1,0,0,2,1,0,0,99,99,99,99,88,88,0,0,0,0,1,4,0,62666,0,2009,0,RIDGEWOOD DR,99999999999999999999,0000000,40.73652778,-124.1684667,1,1
6,89,12,10,7,8,1,1,0,1,1,1,0,52,0,1,4,2,2,70,1,1,2,1,0,0,4,1,0,0,99,99,99,99,99,99,0,0,0,0,1,5,0,62667,0,2009,9,I-5,99999999999999999999,0000000,40.38913611,-122.2850583,1,1
6,105,12,10,12,15,1,1,0,0,2,3,0,27,0,1,4,1,2,55,2,2,2,2,0,0,1,1,0,0,99,99,99,99,88,88,0,0,0,0,1,5,0,62668,0,2009,625,SR-3,99999999999999999999,0000000,41.01403611,-122.6936389,1,1
6,47,12,10,12,47,1,3,1,0,16,6,0,9,0,3,1,1,9,35,1,1,9,1,20,3,1,1,0,0,99,99,99,99,99,99,0,0,0,0,1,5,0,62669,190,2009,0,1ST ST,CEDAR AVE,0000000,37.34690556,-120.6065556,1,1
6,37,12,2,18,48,3,5,0,0,13,6,0,12,5,2,1,5,6,45,1,1,2,1,20,3,3,1,0,0,99,99,99,99,99,99,0,0,0,0,1,4,1,62670,3870,2009,0,CRENSHAW BLVD,229TH PL,0000000,33.817825,-118.3280444,3,1
6,99,12,3,7,45,3,4,0,0,3,4,0,12,5,2,1,1,2,55,1,1,2,1,20,3,1,5,0,0,99,99,99,99,99,99,0,0,0,0,1,5,0,62671,0,2009,0,GEER RD,JANTZEN RD,0000000,37.62611389,-120.8477806,3,5
6,111,12,4,17,41,1,2,1,0,16,6,0,8,0,3,1,1,2,45,1,2,2,1,20,3,3,1,0,0,99,99,99,99,88,88,0,16,0,0,1,6,0,62672,538,2009,0,WORTH WAY,UPLAND RD,0000000,34.23774444,-118.9942722,1,1
6,29,12,4,23,11,1,2,1,0,13,3,0,9,0,3,1,3,3,40,1,1,2,1,3,3,3,1,0,0,99,99,99,99,99,99,0,0,0,0,1,6,0,62673,240,2009,46,SR-204,M ST,0000000,35.38487222,-119.0152194,1,1
6,71,12,5,15,10,3,3,0,1,12,3,0,12,1,1,1,3,5,65,9,9,1,1,0,0,1,1,0,0,99,99,99,99,88,88,0,0,0,0,1,7,0,62674,2550,2009,74,SR-60,99999999999999999999,0000000,34.03018611,-117.6013472,3,1
6,107,12,9,1,15,1,3,0,1,2,3,0,38,0,1,4,3,2,70,1,1,2,1,0,0,2,1,0,0,99,99,99,99,99,99,0,0,0,0,2,4,1,62675,0,2009,42,SR-99,99999999999999999999,0000000,35.850275,-119.2661611,1,1
6,71,12,9,8,30,2,2,0,1,2,2,0,12,8,1,1,1,2,65,2,2,2,1,0,0,1,1,0,0,99,99,99,99,88,88,0,0,0,0,1,4,0,62676,0,2009,779,US-95,99999999999999999999,0000000,35.14145833,-114.8300889,2,1
6,73,12,18,21,15,1,6,0,0,16,6,0,5,0,4,1,1,2,15,1,1,1,1,0,0,3,1,0,0,99,99,99,99,99,99,0,4,0,0,1,6,0,62677,3260,2009,0,GARNET AVE,99999999999999999999,0000000,32.79684167,-117.2539917,1,1
6,75,12,21,6,40,1,2,1,0,16,6,0,8,0,3,1,1,2,25,1,1,2,2,20,3,3,2,0,0,99,99,99,99,99,99,0,0,0,0,1,2,0,62678,3290,2009,0,QUINT ST,PALOU AVE,0000000,37.73720278,-122.3965083,1,2
6,71,12,21,9,50,2,2,0,1,11,1,0,12,2,1,1,2,3,70,1,1,2,1,0,0,1,1,0,0,99,99,99,99,88,88,0,0,0,0,2,2,0,62679,0,2009,1620,I-15,99999999999999999999,0000000,35.43958889,-115.6860778,2,1
6,37,12,22,1,30,1,1,0,0,16,6,0,42,0,1,3,2,3,35,1,1,2,1,0,0,3,1,0,0,99,99,99,99,99,99,0,0,0,0,1,3,0,62680,1980,2009,0,SHERMAN WY,99999999999999999999,0000000,34.20088889,-118.5288972,1,1
6,37,12,22,11,20,2,1,0,0,13,6,0,1,0,1,1,5,6,35,1,1,2,1,0,0,1,1,0,0,99,99,99,99,88,88,0,0,0,0,1,3,0,62681,1980,2009,0,CRENSHAW BLVD,99999999999999999999,0000000,34.03756389,-118.3323444,1,1
6,37,12,22,14,11,1,1,0,0,16,6,0,33,0,3,4,1,2,25,1,1,2,1,0,0,1,1,0,0,99,99,99,99,99,99,0,0,0,0,1,3,0,62682,30,2009,0,CURTIS AVE,ST CHARLES,0000000,34.09558333,-118.13715,1,1
6,81,12,22,15,1,1,2,1,0,14,6,0,8,0,2,1,2,3,35,1,1,2,1,2,3,1,1,0,2,99,99,99,99,99,99,0,0,0,0,1,3,0,62683,2980,2009,0,MARINE PKWY,TWIN DOLPHIN DR,0000000,37.52846667,-122.2638861,1,1
6,37,12,22,21,15,1,2,1,0,16,6,0,8,0,1,1,1,4,40,1,1,2,1,0,0,3,1,0,0,99,99,99,99,99,99,0,0,0,0,1,3,0,62684,1980,2009,0,FOREST LAWN DR,99999999999999999999,0000000,34.15021111,-118.3279694,1,1
6,1,12,23,0,14,2,6,0,0,13,3,0,12,11,2,1,2,3,25,1,1,2,1,2,3,3,1,0,0,99,99,99,99,99,99,0,20,0,0,3,4,1,62685,1560,2009,131,SR-238,A ST,0000000,37.67520278,-122.0819306,2,1
6,29,12,23,3,35,1,3,0,1,1,1,0,1,0,1,3,2,2,70,1,1,2,1,0,0,2,1,0,0,99,99,99,99,99,99,0,0,0,0,1,4,1,62686,0,2009,623,I-5,99999999999999999999,0000000,35.49635,-119.5315944,1,1
6,37,12,23,8,5,2,5,0,1,11,1,0,54,11,1,1,3,4,65,1,1,1,1,0,0,1,1,0,0,99,99,99,99,99,99,0,14,0,0,1,4,0,62687,480,2009,311,I-5,99999999999999999999,0000000,34.19713611,-118.33565,2,1
6,73,12,23,14,7,3,2,1,0,16,6,0,8,0,1,2,1,2,25,1,1,2,1,0,0,1,1,0,0,99,99,99,99,99,99,0,4,0,0,1,4,0,62688,1200,2009,0,BEGONIA ST,99999999999999999999,0000000,33.14103611,-117.0600556,1,1
6,1,5,16,18,41,3,6,1,0,14,6,0,12,5,2,1,2,3,30,1,1,2,1,20,3,1,1,0,0,99,99,99,99,99,99,0,0,0,0,2,7,0,62689,2480,2009,0,MLK JR WAY,AILEEN ST,0000000,37.84133889,-122.2701472,3,1
6,73,12,15,17,20,1,2,1,0,14,6,0,8,0,1,1,1,4,45,1,1,2,1,0,0,3,1,0,0,99,99,99,99,99,99,0,0,0,0,1,3,0,62690,2510,2009,0,MISSION AVE,99999999999999999999,0000000,33.22355556,-117.3337917,1,1
6,65,12,16,7,35,2,9,0,0,15,6,0,12,5,2,1,1,2,55,1,1,1,1,20,3,1,1,0,0,99,99,99,99,99,99,0,0,0,0,1,4,0,62691,9997,2009,0,MENIFEE RD,MAPES RD,0000000,33.75755556,-117.1541472,2,1
6,59,12,16,15,14,4,6,0,1,11,1,0,12,5,13,1,6,2,45,1,2,1,1,3,3,1,1,0,0,99,99,99,99,99,99,0,0,0,0,1,4,0,62692,1345,2009,126,I-405 RAMP,EUCLID ST,0000000,33.69976667,-117.9367333,4,1
6,111,12,23,16,43,3,2,0,0,16,6,0,14,2,1,7,1,2,25,1,1,2,1,0,0,3,1,0,0,99,99,99,99,88,88,0,0,0,0,1,4,0,62693,2620,2009,0,HEMLOCK ST,99999999999999999999,0000000,34.181,-119.1905778,1,1
6,59,12,23,21,33,1,3,1,0,13,6,0,8,0,1,1,2,3,40,1,1,2,1,0,0,3,1,0,0,99,99,99,99,88,88,0,0,0,0,1,4,0,62694,80,2009,0,E LINCOLN AVE,99999999999999999999,0000000,33.83907222,-117.8837889,1,1
6,59,12,24,2,6,2,2,0,0,16,6,0,12,1,1,7,1,2,25,1,1,2,1,0,0,3,1,0,0,99,99,99,99,99,99,0,4,0,0,1,5,0,62695,1380,2009,0,BURNING TREE RD,99999999999999999999,0000000,33.87656667,-117.9735889,2,1
6,59,2,11,22,39,1,1,0,0,13,6,0,33,0,3,4,1,4,35,1,1,2,2,0,0,3,2,0,0,99,99,99,99,88,88,0,0,0,0,1,4,1,62696,3250,2009,0,EL CAMINO REAL,AVENIDA MAGDALENA,0000000,33.40960278,-117.5999278,1,2
6,67,4,16,19,43,2,3,1,0,13,6,0,12,5,2,1,1,4,45,1,1,2,1,2,3,5,1,0,0,9,99,99,99,99,99,0,20,0,0,1,5,0,62697,3150,2009,0,MADISON AVE,JACKSON ST,0000000,38.66124444,-121.3736583,2,1
6,65,7,16,16,15,3,8,0,1,11,1,0,12,5,1,1,3,6,65,1,1,1,1,0,0,1,1,0,0,99,99,99,99,99,99,0,0,0,0,1,5,0,62698,3070,2009,422,I-15,99999999999999999999,0000000,33.97948889,-117.3392639,3,1
6,59,7,31,5,12,2,2,0,0,14,6,0,12,2,2,1,1,6,45,1,1,2,1,2,3,3,1,0,0,99,99,99,99,99,99,0,0,0,0,1,6,0,62699,1660,2009,0,GARFIELD AVE,MAIN ST,0000000,33.68668333,-117.9978083,2,1
6,67,10,2,13,55,2,6,0,1,11,1,0,12,1,1,1,3,5,65,1,1,1,1,0,0,1,1,0,0,99,99,99,99,99,99,0,0,0,0,3,6,1,62700,712,2009,167,I-80,99999999999999999999,0000000,38.70742222,-121.3097972,2,1
6,37,10,7,15,30,3,5,0,0,14,6,0,12,5,2,1,1,4,35,1,1,2,1,3,3,1,1,0,0,99,99,99,99,99,99,0,14,0,0,1,4,0,62701,1980,2009,0,VERNON AVE,11TH AVE,0000000,34.00363611,-118.3293722,3,1
6,59,10,20,14,10,6,6,0,0,13,6,0,12,1,3,1,1,6,45,1,1,2,1,3,3,1,1,0,0,99,99,99,99,99,99,0,0,0,0,1,3,0,62702,1660,2009,0,BROOKHURST ST,ADAMS AVE,0000000,33.67227778,-117.9537583,6,1
6,65,12,24,2,10,1,8,0,0,13,6,0,25,0,1,99,1,4,35,1,1,2,1,29,3,2,1,0,1,99,99,99,99,88,88,0,0,0,0,1,5,1,62703,612,2009,0,EAST PALM CANYON DR,99999999999999999999,0000000,33.78208889,-116.4717306,1,1
6,29,12,24,9,43,1,2,0,1,2,3,0,1,0,1,3,2,2,70,1,1,2,1,0,0,1,1,0,0,99,99,99,99,99,99,0,0,0,0,1,5,0,62704,0,2009,1303,SR-58,99999999999999999999,0000000,35.00845278,-117.8705111,1,1
6,7,12,24,11,33,1,1,0,0,4,4,0,42,0,1,4,1,2,55,1,1,2,1,0,0,1,1,0,0,99,99,99,99,99,99,0,0,0,0,1,5,0,62705,0,2009,0,MIDWAY,99999999999999999999,0000000,39.66884444,-121.8036611,1,1
6,111,12,24,13,37,1,1,0,0,16,6,0,33,0,1,4,1,2,35,2,1,2,1,0,0,1,1,0,0,99,99,99,99,99,99,0,0,0,0,1,5,0,62706,3641,2009,0,LAKE PARK DR,99999999999999999999,0000000,34.24935833,-118.8083361,1,1
6,23,12,24,14,18,2,8,0,1,2,2,0,12,2,1,1,2,2,65,2,2,2,1,0,0,1,1,0,0,99,99,99,99,99,99,0,0,0,0,1,5,0,62707,0,2009,516,US-101,99999999999999999999,0000000,40.15932778,-123.7906833,2,1
6,59,8,4,10,25,1,5,0,1,11,1,0,33,0,1,4,3,6,65,1,1,1,1,0,0,1,1,0,0,99,99,99,99,88,88,0,0,0,0,5,3,1,62708,2199,2009,165,I-5,99999999999999999999,0000000,33.59761111,-117.6761472,1,1
6,71,8,9,0,37,1,2,1,0,15,6,0,8,0,1,1,1,2,50,1,1,2,1,0,0,2,1,0,0,99,99,99,99,88,88,0,0,0,0,1,1,0,62709,115,2009,0,KIOWA RD,99999999999999999999,0000000,34.45156389,-117.2076639,1,1
6,71,8,19,21,43,1,1,0,0,16,6,0,38,0,1,4,1,2,35,1,1,2,1,0,0,2,1,0,0,99,99,99,99,99,99,0,4,0,0,1,4,0,62710,115,2009,0,PECOS RD,99999999999999999999,0000000,34.46706667,-117.2038639,1,1
6,71,8,21,6,35,2,2,0,0,6,4,0,1,0,4,1,1,2,55,1,2,2,1,0,0,1,1,0,0,99,99,99,99,88,88,0,0,0,0,1,6,0,62711,0,2009,0,FT IRWIN RD,99999999999999999999,0000000,35.15475833,-116.7666444,2,1
6,97,9,10,11,50,2,5,0,0,14,6,0,12,2,1,1,1,2,50,1,1,2,1,0,0,1,1,0,0,99,99,99,99,99,99,0,0,0,0,1,5,1,62712,3490,2009,0,STONY POINT RD,99999999999999999999,0000000,38.38075833,-122.741575,2,1
6,61,9,14,13,13,1,1,0,0,15,6,0,1,0,1,4,1,2,40,2,2,2,1,0,0,1,1,0,0,99,99,99,99,88,88,0,0,0,0,1,2,1,62713,1972,2009,0,ROCKLIN RD,99999999999999999999,0000000,38.78841111,-121.1945417,1,1
6,65,12,22,10,48,1,2,0,0,13,3,0,5,0,2,1,2,3,50,1,1,2,1,2,3,1,1,0,0,99,99,99,99,99,99,0,0,0,0,1,3,0,62714,1690,2009,323,SR-111,JEFFERSON ST,0000000,33.70739167,-116.2688361,1,1
6,89,12,25,3,30,1,2,1,1,11,1,0,8,0,13,1,6,1,65,1,1,2,1,0,0,2,1,0,0,99,99,99,99,88,88,0,0,0,0,1,6,0,62715,0,2009,150,I-5 RAMP,99999999999999999999,0000000,40.58412222,-122.3562806,1,1
6,29,12,25,16,23,1,2,0,0,4,4,0,1,0,1,5,1,2,55,2,1,2,1,0,0,1,1,0,0,99,99,99,99,99,99,0,0,0,0,1,6,1,62716,0,2009,0,GRANITE RD,99999999999999999999,0000000,35.52712778,-118.9695306,1,1
6,13,12,25,19,31,1,2,1,0,16,6,0,8,0,3,1,1,4,40,1,1,2,1,28,3,3,1,0,0,99,99,99,99,99,99,0,0,0,0,1,6,1,62717,820,2009,0,OAK GROVE RD,SMITH LN,0000000,37.94104444,-122.0271972,1,1
6,29,12,25,99,99,1,1,0,0,2,3,0,27,0,1,4,1,2,55,2,1,2,1,40,3,2,1,0,0,99,99,99,99,88,88,0,0,0,0,1,6,1,62718,0,2009,304,SR-43,99999999999999999999,0000000,35.673675,-119.3304917,1,1
6,37,7,29,13,12,2,3,0,0,13,6,0,12,2,2,1,2,2,40,1,1,2,1,3,3,1,1,0,0,99,99,99,99,99,99,0,0,0,0,1,4,0,62719,3870,2009,0,WESTERN AVE,CARSON ST,0000000,33.83143611,-118.309025,2,1
6,37,9,27,1,52,1,2,1,1,12,3,0,8,0,5,1,6,1,65,1,1,2,1,0,0,2,1,0,0,99,99,99,99,88,88,0,0,0,0,1,1,0,62720,1980,2009,15,SR-60 RAMP,99999999999999999999,0000000,34.02844167,-118.2047917,1,1
6,1,10,17,4,31,4,6,1,0,14,6,0,33,0,3,3,2,2,30,1,1,1,1,0,0,3,1,0,0,99,99,99,99,99,99,0,0,0,0,3,7,1,62721,2480,2009,0,MACARTHUR BLVD,FOOTHILL BLVD,0000000,37.76911389,-122.1720861,1,1
6,85,11,10,9,16,1,2,1,0,13,6,0,9,0,1,1,2,3,35,1,1,2,1,0,0,1,1,0,0,99,99,99,99,99,98,0,0,0,0,1,3,0,62722,940,2009,0,STEVENS CREEK BLVD,99999999999999999999,0000000,37.32280278,-122.0501833,1,1
6,25,11,11,6,37,2,3,0,0,12,3,0,12,5,2,1,2,2,65,1,1,2,1,20,3,1,1,0,0,99,99,99,99,99,99,0,0,0,0,1,4,0,62723,1680,2009,123,SR-86,RALPH RD,0000000,32.86915,-115.5701444,2,1
6,37,11,22,5,10,2,6,0,1,11,1,0,14,1,1,2,3,4,55,1,1,1,1,0,0,3,1,0,0,99,99,99,99,99,99,0,0,0,0,3,1,0,62724,1980,2009,114,I-210,99999999999999999999,0000000,34.25381111,-118.3242556,1,1
6,73,11,25,17,35,2,3,0,0,14,6,0,12,5,2,1,1,4,40,1,1,2,1,3,3,3,1,0,0,99,99,99,99,99,99,0,0,0,0,1,4,0,62725,4060,2009,0,E VISTA WAY,BOBIER DR,0000000,33.21721389,-117.2262333,2,1
6,111,12,2,15,53,1,2,1,0,14,6,0,8,0,1,1,5,4,45,2,1,2,1,0,0,1,1,0,0,99,99,15,58,99,99,0,0,0,0,1,4,0,62726,3641,2009,0,YOSEMITE AVE,99999999999999999999,0000000,34.27358056,-118.6783972,1,1
6,59,12,12,7,59,1,1,0,0,14,6,0,33,0,1,3,2,2,50,1,1,1,2,0,0,1,2,0,0,99,99,99,99,88,88,0,0,0,0,1,7,0,62727,1713,2009,0,TRABUCO RD,99999999999999999999,0000000,33.69038056,-117.7538028,1,2
6,81,12,12,16,8,3,1,0,0,14,6,0,14,1,1,7,2,2,25,1,1,1,2,0,0,1,2,0,0,99,99,99,99,99,99,0,0,0,0,1,7,0,62728,3730,2009,0,HILLSIDE BLVD,99999999999999999999,0000000,37.67013333,-122.4337,1,2
6,97,11,26,7,55,2,3,0,0,3,4,0,12,2,1,1,1,2,50,2,1,2,1,0,0,1,1,0,0,99,99,99,99,99,99,0,0,0,0,1,5,0,62729,0,2009,0,ARNOLD DR,99999999999999999999,0000000,38.28588889,-122.4926917,2,1
6,65,11,26,8,20,1,1,0,0,2,3,0,1,0,1,1,1,2,55,2,2,2,1,40,3,1,1,0,0,99,99,99,99,88,88,0,0,0,0,1,5,0,62730,0,2009,82,SR-74,99999999999999999999,0000000,33.65085,-117.3937222,1,1
6,65,12,13,0,44,1,1,0,0,14,6,0,33,0,1,4,2,2,45,1,1,2,2,0,0,3,2,0,0,99,99,99,99,88,88,0,0,0,0,1,1,1,62731,3070,2009,0,CANYON CREST,99999999999999999999,0000000,33.95738611,-117.3302306,1,2
6,37,12,13,17,5,1,3,1,0,14,6,0,8,0,2,1,2,4,35,1,1,2,1,20,3,5,1,0,0,99,99,99,99,99,99,0,0,0,0,1,1,0,62732,1808,2009,0,CANDLEWOOD ST,HAYTER ST,0000000,33.85375,-118.1461222,1,1
6,37,12,14,6,35,1,2,1,0,13,6,0,8,0,3,1,2,2,35,1,1,2,1,0,0,3,1,0,0,99,99,99,99,88,88,0,0,0,0,1,2,0,62733,1970,2009,0,WILLOW ST,BALTIC AVE,0000000,33.80436389,-118.2132889,1,1
6,83,12,18,15,35,2,2,0,1,2,3,0,12,2,1,1,1,2,55,2,1,2,1,0,0,1,1,0,0,99,99,99,99,99,99,0,0,0,0,1,6,0,62734,0,2009,118,SR-1,99999999999999999999,0000000,34.56813889,-120.3687,2,1
6,59,10,13,13,18,1,1,0,1,11,1,0,31,0,1,4,9,9,65,1,1,2,1,0,0,1,1,0,0,99,99,99,99,99,99,0,0,0,0,1,3,0,62735,3351,2009,99999,I-5,99999999999999999999,0000000,33.46626389,-117.6682194,1,1
6,71,10,18,0,18,1,2,1,0,12,3,0,8,0,1,1,2,2,99,1,1,2,1,0,0,2,1,0,0,99,99,99,99,88,88,0,0,0,0,1,1,0,62736,115,2009,909,SR-18,99999999999999999999,0000000,34.52364167,-117.2168417,1,1
6,75,11,23,19,52,1,1,0,0,13,6,0,33,0,1,4,2,2,40,1,1,2,1,0,0,3,1,0,0,99,99,99,99,88,88,0,0,0,0,1,2,1,62737,3290,2009,0,BROADWAY ST,99999999999999999999,0000000,37.79708611,-122.4120278,1,1
6,73,11,24,17,28,2,4,0,0,14,6,0,12,2,3,1,2,2,40,1,2,2,1,0,0,3,1,0,0,99,99,99,99,99,99,0,0,0,0,1,3,0,62738,1200,2009,0,AUTO PARK WAY,DON LEE PLACE,0000000,33.12879444,-117.1231056,2,1
6,71,11,24,17,34,2,3,0,1,2,3,0,12,5,3,1,5,2,65,1,1,2,1,20,3,2,1,0,0,99,99,99,99,99,99,0,0,0,0,1,3,0,62739,0,2009,34,SR-62,GREEN TRAIL,0000000,34.06857778,-116.5526556,2,1
6,99,11,24,17,51,1,4,0,0,15,6,0,30,0,1,4,1,2,55,1,1,2,1,0,0,2,1,0,0,99,99,99,99,99,99,0,0,0,0,1,3,0,62740,3950,2009,0,WASHINGTON RD,99999999999999999999,0000000,37.49259722,-120.9035444,1,1
6,1,10,26,2,38,1,3,0,0,16,6,0,42,0,2,4,1,2,30,2,1,9,1,0,0,3,1,0,0,99,99,99,99,99,99,0,0,0,0,1,2,0,62741,2480,2009,0,GOLF LINKS RD,GLENLY RD,0000000,37.75935278,-122.1557111,1,1
6,37,10,28,5,30,2,3,0,0,16,6,0,12,5,2,1,1,4,35,1,1,2,1,3,1,2,1,0,0,99,99,99,99,99,99,0,0,0,0,1,4,0,62742,1980,2009,0,LINDLEY AVE,VANOWEN ST,0000000,34.19384722,-118.5272917,2,1
6,83,10,29,12,10,2,2,0,0,6,4,0,1,0,1,1,1,2,25,1,1,2,1,0,0,1,1,0,0,99,99,99,99,88,88,0,4,0,0,1,5,0,62743,0,2009,0,STEELE ST,99999999999999999999,0000000,34.66760556,-120.122825,2,1
6,75,11,9,3,30,1,1,0,1,11,1,0,25,0,1,4,3,5,40,1,1,1,1,0,0,3,1,0,0,99,99,99,99,88,88,0,0,0,0,1,2,0,62744,3290,2009,55,I-80,99999999999999999999,0000000,37.82405556,-122.31195,1,1
6,65,11,9,19,40,3,6,0,0,14,6,0,12,5,2,1,1,4,45,1,1,2,1,3,3,3,1,0,0,99,99,99,99,99,99,0,0,0,0,2,2,0,62745,2276,2009,0,PERRIS BLVD,JOHN F KENNEDY DR,0000000,33.90274722,-117.2262972,3,1
6,25,11,10,5,1,2,3,1,1,2,3,0,8,0,1,1,2,2,65,1,1,1,1,0,0,2,1,0,0,99,99,99,99,99,99,0,0,0,0,1,3,0,62746,0,2009,95,SR-111,99999999999999999999,0000000,32.80459167,-115.5015861,2,1
6,67,12,10,17,9,1,2,1,0,14,6,0,8,0,1,1,2,2,40,1,1,2,2,0,0,3,2,0,0,99,99,99,99,99,99,0,0,0,0,1,5,1,62747,3150,2009,0,RIVERSIDE BLVD,99999999999999999999,0000000,38.50479722,-121.545775,1,2
6,71,11,25,22,8,2,4,0,0,13,6,0,12,4,1,1,1,2,55,1,1,2,1,0,0,6,1,0,0,99,99,99,99,99,99,0,0,0,0,1,4,0,62748,4040,2009,0,PALMDALE RD,99999999999999999999,0000000,34.50659167,-117.4094722,2,1
6,87,11,27,7,20,2,3,0,0,2,3,0,12,2,1,1,1,2,55,1,1,2,2,0,0,1,1,0,0,99,99,99,99,99,99,0,0,0,0,1,6,0,62749,0,2009,77,SR-152,99999999999999999999,0000000,36.99024722,-121.7134528,2,1
6,29,12,21,18,30,2,3,0,0,12,3,0,12,5,2,1,2,2,65,1,1,2,2,3,3,3,2,0,0,99,99,99,99,99,99,0,0,0,0,1,2,1,62750,4080,2009,221,SR-43,KIMBERLINA RD,0000000,35.55798333,-119.3318667,2,2
6,19,12,21,23,12,1,2,0,0,4,4,0,35,0,1,5,1,2,50,2,2,2,2,0,0,2,2,0,0,99,99,99,99,88,88,0,0,0,0,2,2,0,62751,0,2009,0,MILLERTON RD,99999999999999999999,0000000,36.99321389,-119.7074611,1,2
6,67,12,26,2,28,1,1,0,0,2,4,0,25,0,3,3,2,2,40,1,1,2,1,2,3,3,1,0,0,99,99,99,99,99,99,0,20,0,0,1,7,0,62752,0,2009,0,ELSIE AVE,STOCKTON BLVD,0000000,38.47434722,-121.41895,1,1