STATE,COUNTY,MONTH,DAY,HOUR,MINUTE,VE_TOTAL,PERSONS,PEDS,NHS,ROAD_FNC,ROUTE,SP_JUR,HARM_EV,MAN_COLL,REL_JUNC,REL_ROAD,TRAF_FLO,NO_LANES,SP_LIMIT,ALIGNMNT,PROFILE,PAVE_TYP,SUR_COND,TRA_CONT,T_CONT_F,LGT_COND,WEATHER1,WEATHER2,WRK_ZONE,NOT_HOUR,NOT_MIN,ARR_HOUR,ARR_MIN,HOSP_HR,HOSP_MN,SCH_BUS,CF1,CF2,CF3,FATALS,DAY_WEEK,DRUNK_DR,ST_CASE,CITY,YEAR,MILEPT,TWAY_ID,TWAY_ID2,RAIL,LATITUDE,LONGITUD,VE_FORMS,WEATHER
6,73,12,26,3,0,1,3,1,1,11,1,0,8,0,1,1,3,5,65,1,1,2,1,0,0,3,1,0,0,99,99,99,99,88,88,0,0,0,0,1,7,0,62753,3260,2009,44,I-5,99999999999999999999,0000000,32.58088333,-117.0866639,1,1
6,37,12,26,12,10,3,9,0,1,11,1,0,12,5,1,1,3,6,65,1,1,1,1,0,0,1,1,0,0,99,99,99,99,99,99,0,0,0,0,1,7,0,62754,1980,2009,395,I-5,99999999999999999999,0000000,34.26931111,-118.4462639,3,1
6,71,12,26,13,10,1,2,0,0,6,4,0,34,0,1,5,1,2,0,1,1,5,1,0,0,1,1,0,0,99,99,99,99,99,99,0,4,0,0,1,7,0,62755,0,2009,0,WINTERGREEN RD,99999999999999999999,0000000,34.50285556,-117.62555,1,1
6,85,12,27,17,27,1,4,1,0,16,6,0,8,0,1,1,2,3,40,1,1,2,1,0,0,3,1,0,0,99,99,99,99,99,99,0,0,0,0,1,1,0,62756,3340,2009,0,BLOSSOM HILL RD,99999999999999999999,0000000,37.25136944,-121.8278111,1,1
6,17,11,29,0,40,1,4,0,0,3,4,0,42,0,1,4,1,2,55,9,1,2,1,0,0,2,1,0,0,99,99,99,99,99,99,0,0,0,0,3,1,0,62757,0,2009,0,SALMON FALLS RD,99999999999999999999,0000000,38.82453056,-121.0126889,1,1
6,13,12,5,2,10,1,1,0,0,12,3,0,31,0,1,4,1,2,65,1,1,2,1,0,0,3,1,0,0,99,99,99,99,88,88,0,0,0,0,1,7,1,62758,110,2009,45,SR-204,99999999999999999999,0000000,38.00448056,-121.8399028,1,1
6,19,12,24,19,30,1,2,1,0,13,6,0,9,0,3,1,3,2,40,1,1,2,1,3,3,3,1,0,0,99,99,99,99,99,99,0,0,0,0,1,5,0,62759,1370,2009,0,N CEDAR AVE,HWY 180,0000000,36.75515,-119.7546306,1,1
6,99,12,24,20,16,1,2,0,0,4,4,0,30,0,1,4,1,2,55,1,1,2,1,0,0,2,1,0,0,99,99,99,99,99,99,0,0,0,0,1,5,0,62760,0,2009,0,CLARIBEL RD,99999999999999999999,0000000,37.71094722,-120.9752167,1,1
6,15,12,11,10,55,1,1,0,1,2,2,0,42,0,1,4,1,2,55,2,1,2,3,0,0,1,2,0,0,99,99,99,99,88,88,0,0,0,0,1,6,0,62761,0,2009,356,US-199,99999999999999999999,0000000,41.93401944,-123.7562667,1,2
6,29,12,13,0,10,2,3,0,1,2,3,0,25,0,1,3,3,3,70,1,1,1,2,0,0,2,2,0,0,99,99,99,99,88,88,0,0,0,0,2,1,1,62762,0,2009,405,SR-99,99999999999999999999,0000000,35.55073333,-119.1962944,2,2
6,37,12,18,17,42,1,2,1,0,13,6,0,8,0,1,1,2,3,40,1,1,2,1,0,0,3,1,0,0,99,99,99,99,99,99,0,0,0,0,1,6,0,62763,1970,2009,0,CARSON ST,99999999999999999999,0000000,33.83206667,-118.1067611,1,1
6,19,12,18,20,35,1,3,0,1,1,1,0,1,0,1,2,2,2,70,1,1,2,1,0,0,2,1,0,0,99,99,99,99,99,99,0,0,0,0,1,6,0,62764,0,2009,179,I-5,99999999999999999999,0000000,36.29348889,-120.2684833,1,1
6,81,12,21,16,23,1,2,1,0,14,6,0,15,0,1,1,1,2,30,1,1,2,2,28,3,1,1,0,0,99,99,99,99,99,99,0,0,0,0,1,2,0,62765,2625,2009,0,OCEANA BLVD,99999999999999999999,0000000,37.633725,-122.4893194,1,1
6,75,12,21,17,30,1,2,1,0,16,6,0,8,0,3,1,2,2,25,1,1,2,2,20,3,3,1,0,0,99,99,99,99,99,99,0,0,0,0,1,2,0,62766,3290,2009,0,ALEMANY BLVD,CHARLES AVE,0000000,37.71061111,-122.4692944,1,1
6,67,12,21,17,40,2,5,0,0,2,4,0,12,5,2,1,5,2,45,1,1,2,1,0,0,2,1,0,0,99,99,99,99,99,99,0,0,0,0,1,2,0,62767,0,2009,0,ELKHORN BLVD,28TH ST,0000000,38.69048056,-121.4013417,2,1
6,59,3,23,99,99,1,3,0,0,13,6,0,5,0,3,1,2,3,40,1,1,2,9,3,3,9,9,0,0,99,99,99,99,99,99,0,0,0,0,1,2,0,62768,80,2009,0,LINCOLN AVE,BROOKHURST ST,0000000,33.83252222,-117.9589694,1,9
6,71,12,26,17,19,2,5,0,1,2,3,0,12,2,1,2,1,2,55,1,1,2,1,0,0,2,1,0,0,99,99,99,99,99,99,0,0,0,0,1,7,0,62769,0,2009,1134,SR-18,99999999999999999999,0000000,34.50616667,-117.6036,2,1
6,37,12,26,21,0,1,2,1,0,14,6,0,9,0,2,1,1,4,40,1,1,2,1,3,3,3,1,0,0,99,99,99,99,99,99,0,0,0,0,1,7,0,62770,1845,2009,0,TEMPLE AVE,PUENTE AVE,0000000,34.05051667,-117.9817333,1,1
6,13,12,27,14,30,1,2,1,0,16,6,0,8,0,1,1,1,2,25,1,1,2,1,0,0,1,1,0,0,99,99,99,99,88,88,0,0,0,0,1,1,0,62771,3010,2009,0,24TH ST,99999999999999999999,0000000,37.93593056,-122.3462389,1,1
6,37,12,27,13,49,1,3,1,0,13,6,0,9,0,2,1,1,4,35,1,1,2,1,3,3,1,1,0,0,99,99,99,99,99,99,0,0,0,0,1,1,0,62772,930,2009,0,WASHINGTON BLVD,JASMINE AVE,0000000,34.01989167,-118.4004722,1,1
6,37,12,27,23,15,1,1,0,0,16,6,0,33,0,3,4,1,2,35,1,2,2,1,3,3,3,1,0,0,99,99,99,99,99,99,0,0,0,0,1,1,0,62773,1980,2009,0,FOOTHILL BLVD,APPERSON ST,0000000,34.25596667,-118.2994806,1,1
6,37,12,12,10,19,1,2,1,1,11,1,0,8,0,13,1,6,2,65,2,1,1,2,0,0,1,2,0,0,99,99,99,99,88,88,0,19,0,0,1,7,0,62774,2700,2009,253,I-210 RAMP,99999999999999999999,0000000,34.15120556,-118.1520417,1,2
6,59,12,14,17,38,6,6,0,0,13,6,0,33,0,1,3,2,2,50,1,1,2,1,0,0,3,1,0,0,99,99,99,99,88,88,0,14,0,0,1,2,0,62775,1713,2009,0,UNIVERSITY DR,99999999999999999999,0000000,33.658075,-117.8034139,6,1
6,37,12,15,13,30,4,6,0,0,14,6,0,33,0,1,3,2,3,35,1,2,2,1,0,0,1,1,0,0,99,99,99,99,99,99,1,0,0,0,1,3,0,62776,639,2009,0,SOUTH ST,99999999999999999999,0000000,33.85829167,-118.0980167,4,1
6,37,12,23,7,0,2,4,0,0,14,6,0,12,1,1,1,1,4,35,1,1,2,1,0,0,4,1,0,0,99,99,99,99,99,99,0,0,0,0,1,4,0,62777,1980,2009,0,SAN FERNANDO RD,99999999999999999999,0000000,34.24593611,-118.4008389,2,1
6,71,12,28,15,40,2,2,0,0,14,6,0,12,5,1,1,5,4,45,1,1,2,9,0,0,1,1,0,0,99,99,99,99,99,99,0,0,0,0,1,2,0,62778,4040,2009,0,HESPERIA RD,99999999999999999999,0000000,34.47830278,-117.2910361,2,1
6,37,12,31,23,5,1,2,1,0,6,4,0,8,0,3,1,1,2,25,1,1,1,1,20,3,3,1,0,0,99,99,99,99,99,99,0,0,0,0,1,5,0,62779,0,2009,0,FISHER ST,DANGLER AVE,0000000,34.04328611,-118.1648722,1,1
6,73,12,24,20,38,1,2,1,0,13,6,0,8,0,1,1,1,4,35,1,1,2,1,0,0,3,1,0,0,99,99,99,99,99,99,0,0,0,0,1,5,0,62780,1200,2009,0,EL NORTE PKWY,99999999999999999999,0000000,33.13954444,-117.09015,1,1
6,19,12,26,21,45,1,1,0,1,1,1,0,1,0,1,3,2,2,70,1,1,2,2,0,0,2,2,0,0,99,99,99,99,88,88,0,0,0,0,1,7,1,62781,0,2009,212,I-5,99999999999999999999,0000000,36.33144444,-120.3011417,1,2
6,65,12,27,3,35,1,1,0,0,15,6,0,42,0,3,4,1,2,35,1,1,2,1,0,0,3,1,0,0,99,99,99,99,99,99,0,0,0,0,1,1,1,62782,1801,2009,0,LINCOLN ST,SUNSWEPT DR,0000000,33.69091389,-117.3947639,1,1
6,73,12,28,11,55,1,2,1,0,16,6,0,8,0,1,2,2,3,25,1,1,2,1,0,0,1,1,0,0,99,99,99,99,99,99,0,0,0,0,1,2,0,62783,3260,2009,0,6TH AVE,99999999999999999999,0000000,32.71376944,-117.1592139,1,1
6,59,12,24,17,12,2,4,0,0,13,3,0,33,0,1,3,2,4,50,1,1,2,1,0,0,5,1,0,0,99,99,99,99,99,99,0,0,0,0,1,5,0,62784,2400,2009,179,SR-1,99999999999999999999,0000000,33.59451389,-117.8685389,2,1
6,19,12,24,20,40,2,4,0,0,4,4,0,12,5,2,1,1,2,55,1,1,2,1,20,3,2,1,0,0,99,99,99,99,99,99,0,0,0,0,1,5,0,62785,0,2009,0,MANNING AVE,CLOVIS AVE,0000000,36.60542222,-119.7003194,2,1
6,47,12,24,21,40,2,5,0,0,4,4,0,12,5,2,1,1,2,55,1,1,2,1,20,3,2,1,0,0,99,99,99,99,99,99,0,0,0,0,2,5,1,62786,0,2009,0,DICKENSON FERRY RD,GURR RD,0000000,37.273125,-120.5602889,2,1
6,99,12,25,2,18,1,1,0,0,4,4,0,30,0,1,4,1,2,55,1,1,2,1,0,0,2,1,0,0,99,99,99,99,88,88,0,0,0,0,1,6,1,62787,0,2009,0,CENTRAL AVE,99999999999999999999,0000000,37.49004722,-120.9583556,1,1
6,73,12,25,3,6,1,1,0,1,12,3,0,42,0,1,4,2,3,65,2,1,1,1,0,0,2,1,0,0,99,99,99,99,88,88,0,0,0,0,1,6,1,62788,3260,2009,38,SR-15,99999999999999999999,0000000,32.73915,-117.1138389,1,1
6,67,12,28,0,58,2,6,0,1,12,3,0,12,5,1,1,3,3,65,2,1,1,1,0,0,2,1,0,0,99,99,99,99,99,99,0,23,19,0,1,2,0,62789,0,2009,172,SR-99,99999999999999999999,0000000,38.46968889,-121.4176611,2,1
6,13,12,29,0,59,2,2,0,1,11,1,0,12,5,1,1,3,4,65,1,1,2,1,0,0,3,1,0,0,99,99,99,99,88,88,0,0,0,0,1,3,1,62790,3010,2009,27,I-580,99999999999999999999,0000000,37.921925,-122.3514306,2,1
6,61,12,29,3,31,2,3,0,1,1,1,0,12,2,1,1,3,3,65,1,2,2,2,0,0,3,5,0,0,99,99,99,99,99,99,0,0,0,0,2,3,1,62791,0,2009,139,I-80,99999999999999999999,0000000,38.87381944,-121.1312,2,5
6,25,12,29,14,40,1,2,0,1,11,1,0,36,0,1,4,2,2,65,1,1,2,1,0,0,1,1,0,0,99,99,99,99,99,99,0,0,0,0,1,3,0,62792,0,2009,8,I-8,99999999999999999999,0000000,32.65461111,-116.0981111,1,1
6,65,12,29,16,15,1,1,0,0,13,6,0,1,0,1,1,2,2,45,1,1,2,1,0,0,1,1,0,1,99,99,99,99,99,99,0,0,0,0,1,3,0,62793,3070,2009,0,VAN BUREN BL,99999999999999999999,0000000,33.960375,-117.463675,1,1
6,59,12,29,18,16,2,2,0,0,14,6,0,12,5,2,1,1,2,35,1,1,2,1,20,3,3,1,0,0,99,99,99,99,88,88,0,0,0,0,1,3,0,62794,1410,2009,0,ORANGEWOOD AVE,MAC NAB ST,0000000,33.79572222,-117.9783972,2,1
6,25,12,29,19,10,2,6,0,0,3,4,0,12,5,2,1,1,2,55,1,1,2,9,20,3,6,9,0,0,99,99,99,99,99,99,0,0,0,0,3,3,0,62795,0,2009,0,HEBER RD,BOWKER RD,0000000,32.73035278,-115.4650389,2,9
6,29,12,29,19,15,1,3,0,0,4,4,0,1,0,1,4,1,2,55,2,2,2,1,0,0,2,1,0,0,99,99,99,99,99,99,0,0,0,0,1,3,1,62796,0,2009,0,SIERRA WY,99999999999999999999,0000000,35.67081944,-118.3360306,1,1
6,85,12,30,18,45,3,4,0,0,13,6,0,12,5,2,1,2,2,45,1,1,2,1,3,3,3,1,0,0,99,99,99,99,99,99,0,0,0,0,1,4,0,62797,1420,2009,0,MONTEREY ST,WELBURN AVE,0000000,37.01937222,-121.5747667,3,1
6,29,12,29,21,0,1,1,0,1,2,3,0,1,0,1,6,1,2,55,2,1,2,1,0,0,2,1,0,0,99,99,99,99,88,88,0,0,0,0,1,3,1,62798,0,2009,159,SR-178,99999999999999999999,0000000,35.46048056,-118.7727806,1,1
6,37,12,30,0,42,3,4,0,1,11,1,0,12,1,1,1,3,5,65,1,1,1,1,0,0,3,1,0,0,99,99,99,99,99,99,0,23,0,0,1,4,0,62799,0,2009,551,I-5,99999999999999999999,0000000,34.43988889,-118.59935,3,1
6,71,12,30,8,30,2,2,0,1,11,1,0,12,7,1,1,3,4,65,1,1,1,1,0,0,1,1,0,0,99,99,99,99,99,99,0,0,0,0,1,4,0,62800,0,2009,170,I-10,99999999999999999999,0000000,34.06753056,-117.4102889,2,1
6,67,12,31,0,5,1,1,0,1,11,1,0,29,0,1,4,3,3,65,1,1,2,1,0,0,3,1,0,0,99,99,99,99,88,88,0,0,0,0,1,5,1,62801,1108,2009,123,I-5,99999999999999999999,0000000,38.43433056,-121.4886694,1,1
6,99,12,30,8,49,1,2,1,0,13,3,0,8,0,3,1,1,2,35,1,1,2,1,2,3,1,1,0,0,99,99,99,99,88,88,0,0,0,0,1,4,0,62802,3060,2009,325,SR-108,1ST ST,0000000,37.73795556,-120.9389889,1,1
6,59,12,30,19,22,1,2,1,0,16,6,0,9,0,1,1,5,4,40,1,1,2,2,0,0,3,2,0,0,99,99,99,99,99,99,0,0,0,0,1,4,0,62803,80,2009,0,S KNOTT AVE,99999999999999999999,0000000,33.82963889,-118.0109611,1,2
6,37,12,30,99,99,1,2,0,0,2,4,0,33,0,1,5,1,2,55,1,1,2,1,0,0,2,1,0,0,99,99,99,99,88,88,0,0,0,0,2,4,0,62804,0,2009,0,AVENUE K,99999999999999999999,0000000,34.67528056,-118.0134611,1,1
6,65,12,31,14,20,2,2,0,1,11,1,0,12,1,1,1,3,2,70,1,2,2,1,0,0,1,1,0,0,99,99,99,99,88,88,0,0,0,0,1,5,0,62805,2327,2009,123,I-215,99999999999999999999,0000000,33.5951,-117.1772389,2,1
6,73,12,31,18,26,1,2,1,0,15,6,0,8,0,1,1,5,4,35,1,1,2,1,0,0,3,1,0,0,99,99,99,99,99,99,0,0,0,0,1,5,0,62806,710,2009,0,3RD AVE,99999999999999999999,0000000,32.62166667,-117.0722444,1,1
6,65,12,31,19,30,1,1,0,0,2,4,0,34,0,1,5,1,2,55,1,1,1,1,0,0,2,1,0,0,99,99,99,99,99,99,0,0,0,0,1,5,0,62807,0,2009,0,HARRISON ST,99999999999999999999,0000000,33.65070833,-116.1815361,1,1
6,65,12,27,4,0,2,2,0,1,12,3,0,12,7,1,1,3,6,65,1,1,1,1,0,0,2,1,0,0,99,99,99,99,99,99,0,0,0,0,1,1,1,62808,850,2009,78,SR-91,99999999999999999999,0000000,33.87901944,-117.5574806,2,1
6,65,12,29,12,34,2,2,0,0,14,6,0,1,0,1,99,1,2,50,1,1,2,1,0,0,1,1,0,0,99,99,99,99,99,99,0,0,0,0,1,3,0,62809,3851,2009,0,JEFFERSON AVE,99999999999999999999,0000000,33.52398333,-117.1681389,2,1
6,13,12,28,99,99,1,1,0,0,6,4,0,31,0,1,4,1,2,35,1,1,2,2,0,0,2,1,0,0,99,99,99,99,88,88,0,0,0,0,1,2,0,62810,0,2009,0,PINEHURST RD,99999999999999999999,0000000,37.82237778,-122.1554806,1,1
6,17,12,5,19,10,1,2,0,0,5,4,0,42,0,1,4,1,2,55,2,2,2,1,0,0,2,1,0,0,99,99,99,99,99,99,0,0,0,0,1,7,1,62811,0,2009,0,FAIRPLAY RD,99999999999999999999,0000000,38.60299444,-120.6999861,1,1
6,85,12,31,8,35,1,1,0,0,14,6,0,10,0,6,1,1,2,35,1,1,2,1,60,3,1,1,0,0,99,99,99,99,88,88,0,0,0,0,1,5,0,62812,3340,2009,0,AUZERAIS AVE,99999999999999999999,755097k,37.32200556,-121.9014056,1,1
6,65,9,20,17,25,1,3,1,0,12,3,0,8,0,1,1,5,4,99,1,1,1,1,0,0,1,1,0,0,99,99,99,99,88,88,0,0,0,0,1,1,0,62813,2730,2009,258,SR-74,99999999999999999999,0000000,33.77986944,-117.2442056,1,1
6,95,12,1,20,30,1,4,1,1,13,3,0,8,0,2,1,2,2,50,1,1,2,1,3,3,2,1,0,0,99,99,99,99,99,99,0,0,0,0,1,3,0,62814,4020,2009,47,SR-29,SR-37,0000000,38.13996667,-122.2561556,1,1
6,73,12,31,9,11,5,7,0,0,16,6,0,12,1,2,1,2,2,40,1,1,1,1,0,0,1,1,0,0,99,99,99,99,99,99,0,0,0,0,1,5,0,62815,3260,2009,0,SPORTS ARENA BL,W POINT LOMA BL,0000000,32.75485278,-117.2195944,5,1
6,25,10,9,14,35,1,1,0,1,1,1,0,1,0,1,2,2,2,65,1,1,1,1,0,0,1,1,0,0,99,99,99,99,88,88,0,0,0,0,1,6,0,62816,0,2009,2,I-8,99999999999999999999,0000000,32.64938889,-116.1024389,1,1
6,65,12,6,3,32,2,2,0,1,12,3,0,33,0,1,4,3,3,65,1,2,1,1,0,0,2,1,0,0,99,99,99,99,99,99,0,0,0,0,1,1,0,62817,3070,2009,192,SR-91,99999999999999999999,0000000,33.97145,-117.3745889,2,1
6,77,7,23,14,6,2,2,1,1,12,3,0,8,0,1,2,3,2,65,1,1,1,1,99,9,1,1,0,4,99,99,99,99,99,99,0,0,0,0,1,5,0,62818,1940,2009,295,SR-99,99999999999999999999,0000000,38.13294444,-121.2576056,1,1
6,73,10,16,7,7,1,2,1,0,15,6,0,9,0,4,1,5,2,35,1,2,2,1,0,0,1,1,0,0,99,99,99,99,99,99,0,0,0,0,1,6,0,62819,3260,2009,0,MURPHY CYN RD,99999999999999999999,0000000,32.80625,-117.1142694,1,1
6,37,12,1,10,52,1,2,0,1,11,1,0,33,0,1,4,3,4,65,2,2,1,1,0,0,1,1,0,0,99,99,99,99,99,99,0,0,0,0,1,3,0,62820,1716,2009,239,I-605,99999999999999999999,0000000,34.11397222,-117.9785722,1,1
6,71,9,16,7,25,1,4,2,0,15,6,0,8,0,2,1,1,4,35,1,1,2,1,0,0,1,1,0,0,99,99,99,99,99,99,0,0,0,0,1,4,0,62821,3000,2009,0,WALNUT AVE,ALICE AVE,0000000,34.12864167,-117.3730333,1,1
6,71,5,31,21,48,2,4,0,0,12,3,0,12,2,1,4,3,2,60,1,1,2,1,0,0,2,1,0,0,99,99,99,99,99,99,0,0,0,0,1,1,1,62822,115,2009,927,SR- 18,99999999999999999999,0000000,34.53475833,-117.2365444,2,1
6,1,12,31,10,33,3,7,0,0,14,6,0,12,5,2,1,1,4,25,1,1,2,1,0,0,1,1,0,0,99,99,99,99,99,99,0,20,0,0,1,5,0,62823,2480,2009,0,FOOTHILL BLVD,62ND AVE,0000000,37.77110556,-122.1866583,2,1
6,37,10,30,4,55,2,2,0,1,2,3,0,33,0,1,4,2,3,65,1,1,1,1,0,0,2,1,0,0,99,99,99,99,88,88,0,14,0,0,1,6,1,62824,0,2009,477,SR-14,99999999999999999999,0000000,34.49488611,-118.2143056,2,1
6,29,11,10,17,53,1,2,1,0,12,3,0,8,0,3,1,1,4,35,1,1,2,1,0,0,3,1,0,0,99,99,99,99,88,88,0,0,0,0,1,3,0,62825,3820,2009,185,SR-33,SECOND ST,0000000,35.14130556,-119.4538611,1,1
6,1,5,31,22,47,2,3,0,0,15,6,0,12,2,1,1,1,2,25,2,1,2,1,0,0,3,1,0,0,99,99,99,99,99,99,0,0,0,0,1,1,1,62826,2480,2009,0,SUNKIST DR,99999999999999999999,0000000,37.77387778,-122.1678306,2,1
6,37,8,16,21,7,1,2,1,0,2,3,0,8,0,1,1,5,6,35,1,1,2,1,0,0,3,1,0,0,99,99,99,99,99,99,0,0,0,0,1,1,0,62827,0,2009,20,SR-90,99999999999999999999,0000000,33.93095278,-118.2924417,1,1
6,1,12,1,18,49,1,1,0,0,13,6,0,10,0,6,1,1,4,30,1,1,2,1,60,3,3,1,0,0,99,99,99,99,99,99,0,0,0,0,1,3,0,62828,2480,2009,0,FRUITVALE AVE,99999999999999999999,749707c,37.77473333,-122.2272361,1,1
6,59,5,20,10,15,1,3,1,0,16,6,0,8,0,1,1,1,2,25,1,1,2,1,0,0,1,1,0,0,99,99,99,99,99,99,0,4,0,0,1,4,0,62829,3760,2009,0,SANTA CRUZ ST,99999999999999999999,0000000,33.79052222,-117.9965694,1,1
6,113,10,1,10,47,1,3,1,0,13,6,0,8,0,1,5,1,2,0,1,1,2,1,0,0,1,1,0,0,99,99,99,99,99,99,0,0,0,0,1,5,0,62830,4163,2009,0,W CAPITOL AVE,99999999999999999999,0000000,38.579575,-121.5293667,1,1
6,87,1,15,15,15,1,1,0,0,16,6,0,24,0,1,4,1,2,15,1,1,2,1,0,0,1,1,0,0,99,99,99,99,99,99,0,4,0,0,1,5,0,62831,3450,2009,0,SANTA CRUZ WHARF,99999999999999999999,0000000,36.959675,-122.0192778,1,1
32,3,1,3,7,41,2,3,0,1,1,1,0,14,1,1,4,2,2,75,1,1,2,1,0,0,1,1,0,0,7,42,7,56,88,88,0,0,0,0,1,7,0,320001,0,2009,790,I-15,99999999999999999999,0000000,36.55614444,-114.6904417,1,1
32,3,1,4,19,56,2,7,0,0,16,6,0,12,5,2,1,2,6,35,1,1,2,1,20,3,3,1,0,0,19,59,20,3,20,27,0,0,0,0,1,1,0,320002,0,2009,0,SHELBOURNE AVE,LAS VEGAS BLVD,0000000,36.03881389,-115.1723694,2,1
32,3,1,9,22,3,1,4,0,0,13,3,0,1,0,1,4,1,2,55,2,2,2,1,0,0,2,1,0,0,22,6,22,21,23,5,0,0,0,0,1,6,0,320003,0,2009,390,SR-147,99999999999999999999,0000000,36.20619167,-114.9476556,1,1
32,3,1,11,0,54,2,2,0,0,14,6,0,12,5,2,1,3,2,35,1,2,2,1,3,3,3,1,0,0,0,54,1,1,88,88,0,0,0,0,1,1,1,320004,110,2009,0,PECOS RD,WIGWAM PKWY,0000000,36.03423611,-115.1003139,2,1
32,7,1,13,4,13,1,1,0,1,2,2,0,31,0,1,4,1,2,70,1,2,2,1,0,0,2,1,0,0,5,7,5,27,88,88,0,0,0,0,1,3,0,320005,0,2009,1255,US-93,99999999999999999999,0000000,41.79730278,-114.73825,1,1
32,31,1,13,19,39,1,1,0,0,6,9,0,53,0,1,4,1,2,25,2,1,2,1,0,0,3,1,0,0,19,40,19,44,88,88,0,0,0,0,1,3,1,320006,0,2009,0,DIXON LANE,99999999999999999999,0000000,39.44337778,-119.7792583,1,1
32,19,1,15,21,44,1,2,1,1,2,2,0,8,0,1,1,1,2,65,1,2,2,1,0,0,2,1,0,0,21,43,21,49,88,88,0,0,0,0,1,5,0,320007,0,2009,530,US-95A,99999999999999999999,0000000,39.56741111,-119.2409444,1,1
32,11,1,16,2,30,1,1,0,0,4,3,0,1,0,1,1,1,2,60,2,2,2,1,0,0,2,1,0,0,2,56,3,19,88,88,0,0,0,0,1,6,0,320008,0,2009,20,SR-766,99999999999999999999,0000000,40.80096111,-116.1982722,1,1
32,3,1,17,0,50,1,2,1,0,14,6,0,8,0,1,1,2,5,35,1,1,2,1,0,0,3,1,0,0,0,50,99,99,88,88,0,20,0,0,1,7,0,320009,0,2009,0,NELLIS BLVD,99999999999999999999,0000000,36.10168333,-115.064025,1,1
32,31,1,9,17,21,1,3,2,0,16,6,0,8,0,3,1,1,2,25,1,2,2,1,0,0,5,1,0,0,17,21,17,25,17,48,0,0,0,0,1,6,0,320010,170,2009,0,MONTELLO ST,TRAINER WAY,0000000,39.54464167,-119.7949139,1,1
32,7,1,22,7,30,1,2,0,1,1,1,0,1,0,1,3,2,4,75,1,1,2,4,0,0,4,2,0,0,7,27,7,50,88,88,0,0,0,0,2,5,0,320011,0,2009,520,I-80,99999999999999999999,0000000,41.06270556,-115.3148611,1,2
32,3,1,28,0,46,1,1,0,0,15,6,0,42,0,1,5,1,4,35,2,1,2,1,0,0,3,1,0,0,0,47,0,53,1,15,0,0,0,0,1,4,1,320012,120,2009,0,CENTENIAL CENTER BLV,99999999999999999999,0000000,36.27122778,-115.2640167,1,1
32,3,1,31,13,50,1,1,0,1,11,1,0,27,0,13,8,6,1,70,2,2,2,1,0,0,1,1,0,0,13,52,13,57,88,88,0,0,0,0,1,7,1,320013,0,2009,270,I-15,99999999999999999999,0000000,35.96213333,-115.1800556,1,1
32,19,1,29,18,4,2,2,0,1,2,2,0,12,5,2,1,1,2,45,1,1,2,1,20,3,3,1,0,0,18,10,18,47,19,13,0,0,0,0,1,5,0,320014,0,2009,0,US-95A,US-50,0000000,39.41626667,-119.224925,2,1
32,3,2,3,23,45,1,1,0,1,2,2,0,1,0,1,4,2,2,70,1,1,2,1,0,0,2,1,0,0,23,48,0,2,88,88,0,0,0,0,1,3,1,320015,0,2009,960,US-95,99999999999999999999,0000000,36.31970556,-115.3050972,1,1
32,3,2,5,18,5,2,2,0,0,15,6,0,12,5,2,1,3,4,45,1,1,2,1,3,3,2,1,0,0,18,8,18,15,88,88,0,0,0,0,1,5,0,320016,110,2009,0,MOUNTAIN VISTA ST,RAMROD AVE,0000000,36.07634167,-115.0731778,2,1
32,3,2,8,9,30,1,1,0,0,16,6,0,5,0,2,1,1,2,35,1,1,2,2,0,0,1,1,0,0,9,40,9,50,10,8,0,0,0,0,1,1,0,320017,110,2009,0,GREYHOUND LN,MAGIC WAY,0000000,36.01635,-114.9409972,1,1
32,7,2,9,16,50,1,1,0,1,1,1,0,1,0,1,3,2,4,75,2,2,2,3,0,0,5,4,0,0,16,50,16,59,88,88,0,0,0,0,1,2,0,320018,0,2009,290,I-80,99999999999999999999,0000000,40.88119444,-115.7163667,1,4
32,3,2,9,19,36,1,2,1,0,14,6,0,8,0,1,1,2,7,45,1,1,2,1,0,0,3,1,0,0,19,36,19,41,88,88,0,0,0,0,1,2,0,320019,120,2009,0,SAHARA AVE,99999999999999999999,0000000,36.14444167,-115.1297889,1,1
32,3,2,17,5,40,1,1,0,0,14,6,0,38,0,1,5,1,5,35,1,1,2,1,0,0,3,1,0,0,5,41,5,49,6,30,0,0,0,0,1,3,0,320020,0,2009,0,NELLIS BLVD,99999999999999999999,0000000,36.10688056,-115.0643139,1,1
32,3,2,16,20,5,3,6,0,1,12,2,0,12,1,13,1,6,1,65,2,2,2,2,0,0,3,2,0,0,20,14,20,19,20,34,0,19,0,0,1,2,0,320021,0,2009,820,US-95,99999999999999999999,0000000,36.195725,-115.2437278,3,2