STATE,COUNTY,MONTH,DAY,HOUR,MINUTE,VE_TOTAL,PERSONS,PEDS,NHS,ROAD_FNC,ROUTE,SP_JUR,HARM_EV,MAN_COLL,REL_JUNC,REL_ROAD,TRAF_FLO,NO_LANES,SP_LIMIT,ALIGNMNT,PROFILE,PAVE_TYP,SUR_COND,TRA_CONT,T_CONT_F,LGT_COND,WEATHER1,WEATHER2,WRK_ZONE,NOT_HOUR,NOT_MIN,ARR_HOUR,ARR_MIN,HOSP_HR,HOSP_MN,SCH_BUS,CF1,CF2,CF3,FATALS,DAY_WEEK,DRUNK_DR,ST_CASE,CITY,YEAR,MILEPT,TWAY_ID,TWAY_ID2,RAIL,LATITUDE,LONGITUD,VE_FORMS,WEATHER
32,3,2,18,21,54,2,3,0,0,14,3,0,12,5,2,1,2,6,45,1,1,2,1,3,3,3,1,0,0,21,51,21,58,22,44,0,0,0,0,2,4,2,320022,0,2009,0,SR-564,FIESTA BLVD,0000000,36.03426667,-115.007825,2,1
32,3,2,20,5,12,2,2,1,0,15,6,0,8,0,1,1,2,6,35,1,1,2,1,0,0,3,1,0,2,5,12,99,99,88,88,0,0,0,0,1,6,0,320023,0,2009,0,CACTUS AVE,99999999999999999999,0000000,35.99860556,-115.2065,1,1
32,3,2,22,9,46,1,2,1,0,14,6,0,15,0,11,1,2,7,45,1,1,2,1,0,0,1,1,0,0,9,47,9,57,10,1,0,0,0,0,1,1,0,320024,120,2009,0,SAHARA AVE,MARONEY AVE,0000000,36.14436111,-115.1349583,1,1
32,7,2,24,8,10,1,5,0,1,2,2,0,27,0,1,4,1,2,70,1,2,2,1,0,0,1,1,0,0,8,13,8,45,10,6,0,0,0,0,3,3,0,320025,0,2009,460,US-93,99999999999999999999,0000000,40.72030556,-115.0279722,1,1
32,1,2,24,14,17,1,1,0,0,5,3,0,34,0,1,5,1,2,35,1,1,2,1,20,3,1,1,0,0,14,32,14,40,88,88,0,0,0,0,1,3,1,320026,0,2009,0,SR-122,99999999999999999999,0000000,39.35115278,-118.7821222,1,1
32,3,2,24,18,13,1,2,1,0,14,6,0,8,0,1,1,2,6,45,1,1,2,1,0,0,3,1,0,0,18,15,18,23,18,34,0,0,0,0,1,3,0,320027,120,2009,0,LAKE MEAD BLVD,99999999999999999999,0000000,36.19626111,-115.2623,1,1
32,3,2,26,2,40,1,2,0,0,16,6,0,33,0,2,4,1,2,35,1,1,2,1,20,3,3,1,0,0,2,44,2,46,3,21,0,0,0,0,2,5,1,320028,0,2009,0,WYOMING,SANDHILL,0000000,36.15181389,-115.0922,1,1
32,3,2,26,15,54,3,3,0,0,13,6,0,12,1,1,1,2,7,45,1,1,2,1,0,0,1,1,0,0,15,54,99,99,88,88,0,0,0,0,1,5,0,320029,0,2009,0,EASTERN AVE,99999999999999999999,0000000,36.06014167,-115.1184167,3,1
32,3,2,27,20,25,1,1,0,0,13,3,0,25,0,1,3,3,3,45,1,1,2,1,0,0,3,1,0,1,20,45,21,0,21,16,0,0,0,0,1,6,1,320030,0,2009,0,SR-160,99999999999999999999,0000000,36.0202,-115.2703778,1,1
32,3,3,7,4,44,2,3,0,1,13,3,0,12,1,1,1,2,3,45,1,2,2,1,0,0,3,1,0,0,4,48,4,59,5,10,0,0,0,0,1,7,1,320031,0,2009,0,SR-582,99999999999999999999,0000000,36.11653611,-115.0683861,2,1
32,3,3,8,9,5,3,4,0,1,13,3,0,12,1,3,1,2,7,55,1,1,2,1,3,3,1,1,0,0,9,7,9,12,9,29,0,0,0,0,1,1,0,320032,0,2009,0,SR-582,RUSSELL RD,0000000,36.08477778,-115.0325944,3,1
32,1,3,9,17,0,2,2,0,1,2,2,0,12,2,1,1,1,2,65,2,2,2,1,0,0,1,1,0,0,17,5,17,58,18,48,0,0,0,0,1,2,1,320033,0,2009,490,US-50,99999999999999999999,0000000,39.27480556,-118.3334833,2,1
32,3,3,11,2,1,1,1,0,0,14,6,0,29,0,1,3,2,3,45,1,1,2,1,0,0,3,1,0,0,2,4,2,8,2,27,0,0,0,0,1,4,1,320034,120,2009,0,RAMPART BLVD,99999999999999999999,0000000,36.17138611,-115.2869583,1,1
32,510,3,13,22,35,1,6,1,1,2,2,0,8,0,2,1,2,7,35,1,1,2,1,0,0,2,1,0,0,22,42,23,2,23,23,0,0,0,0,1,6,0,320035,0,2009,90,US-395,COLORADO ST,0000000,39.14651389,-119.7675,1,1
32,3,3,14,6,44,1,2,1,0,14,6,0,9,0,1,1,3,4,45,1,1,2,1,0,0,1,1,0,0,6,46,6,46,99,99,0,0,0,0,1,7,1,320036,0,2009,0,LAS VEGAS BLVD,99999999999999999999,0000000,36.07991389,-115.1728972,1,1
32,3,3,14,18,22,2,2,0,0,14,6,0,12,5,2,1,2,7,45,1,2,2,1,0,0,1,1,0,0,18,24,18,28,19,1,0,0,0,0,1,7,1,320037,0,2009,0,TROPICANA AVE,TITANIUM AVE,0000000,36.10020833,-115.0752,2,1
32,3,3,15,23,39,1,2,1,0,14,6,0,8,0,2,1,2,7,30,1,1,2,1,2,3,3,1,0,0,23,40,23,46,23,59,0,0,0,0,1,1,0,320038,0,2009,0,LAS VEGAS BLVD,CONVENTION CENTER DR,0000000,36.13252222,-115.1645861,1,1
32,27,3,16,12,10,1,2,0,1,1,1,0,1,0,1,3,2,4,75,2,1,2,1,0,0,1,1,0,0,12,3,12,14,12,32,0,0,0,0,1,2,0,320039,0,2009,60,I-80,99999999999999999999,0000000,40.07488611,-118.6326889,1,1
32,15,3,18,17,15,1,1,0,1,1,1,0,1,0,1,2,2,4,75,1,1,2,1,0,0,1,1,0,0,17,19,17,36,88,88,0,0,0,0,1,4,0,320040,0,2009,220,I-80,99999999999999999999,0000000,40.672875,-116.6799333,1,1
32,3,3,18,18,25,1,1,0,1,11,1,0,32,0,1,4,2,3,65,1,1,2,1,0,0,1,1,0,0,99,99,99,99,88,88,0,0,0,0,1,4,0,320041,0,2009,530,I-15,99999999999999999999,0000000,36.27985556,-115.0329444,1,1
32,3,3,23,14,11,4,6,0,0,15,6,0,12,5,2,1,1,2,35,1,1,2,1,3,3,1,1,0,0,14,13,14,17,14,43,0,0,0,0,1,2,0,320042,120,2009,0,VEGAS DR,DECATUR BLVD,0000000,36.1882,-115.2060778,4,1
32,3,3,27,10,37,2,3,0,0,13,3,0,12,5,4,1,1,2,65,1,1,2,1,0,0,1,1,0,0,10,44,10,53,11,42,0,0,0,0,2,6,1,320043,0,2009,110,SR-160,99999999999999999999,0000000,36.03493333,-115.358975,2,1
32,23,3,28,4,30,1,1,0,0,2,3,0,27,0,1,4,1,2,70,1,1,2,1,0,0,2,1,0,0,4,59,5,25,88,88,0,0,0,0,1,7,1,320044,0,2009,660,SR-376,99999999999999999999,0000000,38.96348056,-117.1988,1,1
32,3,4,1,17,33,1,1,0,0,16,6,0,42,0,1,4,1,2,25,2,1,2,1,0,0,5,1,0,0,17,33,17,43,18,16,0,0,0,0,1,4,0,320045,110,2009,0,OLIVIA PKWY,99999999999999999999,0000000,36.07944444,-114.9723667,1,1
32,1,4,2,8,32,2,2,0,1,2,2,0,12,5,2,1,1,5,45,1,1,2,1,0,0,1,1,0,0,8,29,8,32,88,88,0,0,0,0,1,5,0,320046,0,2009,190,US-50,BOTTOM RD,0000000,39.47911389,-118.8117111,2,1
32,3,4,3,13,0,2,2,0,0,14,6,0,12,5,2,1,2,7,35,2,1,2,1,3,3,1,1,0,0,13,2,13,8,13,39,0,0,0,0,1,6,0,320047,120,2009,0,DURANGO DR,BOSECK DR,0000000,36.16289722,-115.2780944,2,1
32,3,4,3,14,20,4,4,0,0,14,6,0,12,3,3,1,3,7,45,1,1,2,1,0,0,1,1,0,0,14,23,14,30,14,45,0,0,0,0,1,6,0,320048,120,2009,0,CHARLESTON BLVD,JONES BLVD,0000000,36.15914444,-115.2251361,4,1
32,13,4,3,19,45,2,3,0,1,1,1,0,12,1,1,1,2,2,75,1,1,1,1,0,0,5,1,0,0,19,51,19,53,20,21,0,0,0,0,1,6,0,320049,0,2009,110,I-80,99999999999999999999,0000000,40.94316667,-117.7732361,2,1
32,31,1,17,1,22,2,8,0,0,15,6,0,12,5,2,1,3,5,25,1,1,2,1,3,3,3,1,0,0,1,22,1,29,1,40,0,0,0,0,2,7,1,320050,170,2009,0,VILLANOVA LN,DURHAM RD,0000000,39.50944167,-119.7796278,2,1
32,3,4,4,9,16,1,2,1,0,14,6,0,8,0,2,1,2,7,35,1,1,2,1,3,3,1,1,0,0,9,16,9,19,88,88,0,0,0,0,1,7,0,320051,150,2009,0,CIVIC CENTER DR,LAKE MEAD BLVD,0000000,36.19587778,-115.1162528,1,1
32,3,4,6,20,50,1,2,1,0,14,6,0,8,0,1,1,2,5,45,1,1,2,1,0,0,3,1,0,0,20,51,20,56,21,18,0,0,0,0,1,2,0,320052,0,2009,0,LAS VEGAS BLVD,99999999999999999999,0000000,36.21727222,-115.0943194,1,1
32,3,4,9,12,11,2,2,0,0,16,6,0,12,5,8,1,1,4,35,1,1,2,1,0,0,1,1,0,0,12,13,12,21,12,51,0,0,0,0,1,5,0,320053,0,2009,0,SANDHILL RD,99999999999999999999,0000000,36.13018333,-115.0916306,2,1
32,3,4,9,15,31,2,4,0,0,15,6,0,12,1,2,1,1,4,45,1,2,2,1,3,3,1,1,0,0,15,31,15,36,88,88,0,0,0,0,1,5,0,320054,110,2009,0,RUSSELL RD,STEPHANIE ST,0000000,36.08390278,-115.0439222,2,1
32,3,4,11,22,4,1,2,1,0,14,6,0,8,0,1,1,1,7,45,1,1,2,1,0,0,3,1,0,0,22,4,22,28,88,88,0,0,0,0,1,7,0,320055,0,2009,0,LAKE MEAD BLVD,99999999999999999999,0000000,36.19618611,-115.0639556,1,1
32,3,4,15,3,9,1,3,0,1,1,1,0,1,0,1,3,2,2,75,1,1,2,1,0,0,2,1,0,0,3,14,3,46,4,37,0,0,0,0,1,4,0,320056,0,2009,774,I-15,99999999999999999999,0000000,36.52144722,-114.7359333,1,1
32,3,4,15,21,20,2,2,0,0,13,4,0,12,4,1,1,3,3,65,2,1,1,1,28,3,3,1,0,0,21,25,21,32,21,56,0,0,0,0,1,4,1,320057,0,2009,60,CR-215,99999999999999999999,0000000,36.04373056,-115.134225,2,1
32,3,4,16,4,55,2,8,0,1,1,1,0,12,1,1,1,2,2,75,1,1,2,1,0,0,2,1,0,0,4,57,5,37,6,34,0,0,0,0,2,5,0,320058,0,2009,733,I-15,99999999999999999999,0000000,36.50383333,-114.7588972,2,1
32,31,4,16,20,8,1,1,0,0,9,9,0,1,0,1,1,1,2,99,1,1,5,1,0,0,2,1,0,0,20,31,21,7,88,88,0,0,0,0,1,5,1,320059,0,2009,0,FISHSPRINGS RD,99999999999999999999,0000000,40.17138889,-119.815275,1,1
32,3,4,17,15,30,1,1,0,1,1,1,0,1,0,1,5,3,2,75,2,1,2,1,0,0,1,1,0,0,15,37,15,44,16,4,0,0,0,0,1,6,0,320060,0,2009,1155,I-15,99999999999999999999,0000000,36.76430833,-114.1753778,1,1
32,3,4,17,18,13,3,10,0,0,15,6,0,12,5,2,1,1,4,25,1,1,2,1,20,3,1,1,0,0,18,18,18,28,18,58,0,0,0,0,2,6,0,320061,0,2009,0,SPRING MOUNTAIN RD,ERVA ST,0000000,36.12606944,-115.2925028,3,1
32,3,4,17,19,24,2,3,0,0,14,6,0,12,5,2,1,1,4,45,1,1,2,1,0,0,5,1,0,0,19,24,99,99,99,99,0,0,0,0,1,6,1,320062,0,2009,0,BUFFALO DR,CACTUS,0000000,35.99824722,-115.2617861,2,1
32,3,4,19,1,25,1,1,0,0,14,6,0,29,0,3,4,2,4,45,1,2,2,1,3,3,3,1,0,0,1,26,1,36,88,88,0,0,0,0,1,1,1,320063,0,2009,0,RUSSELL RD,LAMB BLVD,0000000,36.08561389,-115.0820028,1,1
32,3,4,19,17,19,1,2,1,0,16,6,0,8,0,1,1,2,4,25,1,2,2,1,0,0,1,1,0,0,17,20,17,33,17,39,0,0,0,0,1,1,0,320064,120,2009,0,H ST,99999999999999999999,0000000,36.18813889,-115.1518889,1,1
32,23,4,22,14,15,1,1,0,0,2,3,0,31,0,1,4,1,2,70,2,2,2,1,0,0,1,1,0,0,14,21,14,45,88,88,0,0,0,0,1,4,1,320065,0,2009,120,SR-376,99999999999999999999,0000000,38.240775,-117.0765889,1,1
32,21,4,23,2,45,2,2,0,1,2,2,0,12,2,1,1,1,2,70,2,1,2,1,0,0,2,1,0,0,2,49,3,11,88,88,0,0,0,0,2,5,1,320066,0,2009,66,US-95,99999999999999999999,0000000,38.26534444,-118.0944444,2,1
32,3,4,24,21,9,3,3,0,0,14,6,0,12,2,2,1,1,5,35,1,1,2,1,0,0,3,1,0,0,21,9,21,14,21,26,0,0,0,0,1,6,1,320067,120,2009,0,VALLEY VIEW BLVD,SAN JOAQUIN AVE,0000000,36.14125556,-115.1907028,3,1
32,3,4,27,20,38,1,2,1,0,13,3,0,8,0,1,1,2,7,45,1,1,2,1,0,0,3,1,0,0,20,37,20,44,21,1,0,0,0,0,1,2,0,320069,0,2009,330,SR-160,99999999999999999999,0000000,36.04181944,-115.1875833,1,1
32,23,5,1,6,36,1,2,0,0,6,5,0,1,0,1,4,1,2,45,1,2,2,1,0,0,1,1,0,0,6,45,6,52,7,30,0,0,0,0,1,6,0,320070,0,2009,0,THORNE DR,99999999999999999999,0000000,36.08841944,-115.9708639,1,1
32,19,5,1,11,25,1,1,0,0,4,3,0,27,0,1,4,1,2,55,2,2,2,1,0,0,1,1,0,0,11,27,11,55,88,88,0,0,0,0,1,6,0,320071,0,2009,170,SR-338,99999999999999999999,0000000,38.60486389,-119.2377083,1,1
32,7,5,1,20,25,1,2,0,0,3,3,0,27,0,1,4,1,2,55,2,3,2,1,0,0,2,1,0,0,20,25,20,30,20,57,0,0,0,0,2,6,0,320072,0,2009,310,SR-225,99999999999999999999,0000000,40.85099167,-115.8396,1,1
32,19,5,1,21,59,1,1,0,0,4,3,0,31,0,1,4,1,2,55,2,2,2,1,0,0,2,1,0,0,21,59,22,3,88,88,0,0,0,0,1,6,1,320073,0,2009,10,SR-341,99999999999999999999,0000000,39.23365,-119.6440306,1,1
32,3,5,2,12,25,1,4,1,0,14,6,0,9,0,2,1,2,4,30,1,1,2,1,3,3,1,1,0,0,12,26,12,28,12,36,0,0,0,0,1,7,0,320074,120,2009,0,MAIN ST,BONANZA RD,0000000,36.17718611,-115.1427806,1,1
32,3,5,7,0,49,2,2,0,0,14,6,0,12,5,2,1,2,7,45,1,2,2,1,0,0,3,1,0,0,0,50,0,53,1,38,0,0,0,0,1,5,1,320076,0,2009,0,FLAMINGO RD,RAVENWOOD DR,0000000,36.11460278,-115.2490861,2,1
32,3,5,11,19,55,1,1,0,0,14,3,0,1,0,1,4,1,2,55,1,1,2,1,0,0,5,1,0,0,99,99,99,99,99,99,0,0,0,0,1,2,1,320077,0,2009,128,SR-604,99999999999999999999,0000000,35.82065833,-115.2937139,1,1
32,3,5,14,22,3,2,2,0,0,16,6,0,12,4,1,1,1,2,25,1,1,2,1,0,0,3,1,0,0,22,3,99,99,88,88,0,0,0,0,1,5,1,320078,0,2009,0,LINCOLN RD,99999999999999999999,0000000,36.21155556,-115.0847778,2,1
32,3,5,15,4,35,1,2,1,0,14,6,0,8,0,1,1,1,5,35,1,1,2,1,0,0,3,1,0,0,4,35,4,40,88,88,0,0,0,0,1,6,0,320079,0,2009,0,SWENSON ST,99999999999999999999,0000000,36.12224167,-115.1462028,1,1
32,33,5,16,16,45,1,1,0,1,2,2,0,42,0,1,4,1,2,70,1,2,2,1,0,0,1,1,0,0,88,88,88,88,88,88,0,0,0,0,1,7,1,320080,0,2009,860,US-6,99999999999999999999,0000000,39.15116389,-114.3457028,1,1
32,3,5,17,19,20,2,4,0,1,11,1,0,25,0,1,3,3,4,55,2,1,2,1,0,0,1,1,0,1,99,99,99,99,88,88,0,0,0,0,1,1,1,320081,0,2009,460,I-15,99999999999999999999,0000000,36.20266667,-115.1352583,2,1
32,3,5,22,11,34,2,2,0,0,13,6,0,12,1,2,1,2,7,45,1,2,2,1,3,3,1,1,0,0,11,36,11,41,12,16,0,0,0,0,1,6,0,320082,120,2009,0,CRAIG RD,CAMINO DEL ORO,0000000,36.23899444,-115.2196111,2,1
32,5,5,22,16,35,2,5,0,1,2,3,0,12,5,2,1,1,2,55,1,1,2,2,20,3,1,2,0,0,16,41,16,52,17,27,0,0,0,0,1,6,0,320083,0,2009,10,SR-88,DRESSLER LN,0000000,38.866975,-119.7790444,2,2
32,23,5,23,10,10,1,3,0,1,2,2,0,1,0,1,5,1,2,70,1,1,2,1,0,0,1,1,0,0,10,10,10,43,13,6,0,0,0,0,1,7,0,320084,0,2009,950,US-95,99999999999999999999,0000000,37.32025278,-117.0750556,1,1
32,3,5,27,8,25,1,1,0,0,4,3,0,30,0,1,4,1,2,45,1,1,2,1,0,0,1,1,0,0,99,99,99,99,99,99,0,0,0,0,1,4,0,320085,0,2009,190,SR-169,99999999999999999999,0000000,36.60274167,-114.4840472,1,1
32,23,5,31,20,38,2,2,0,0,6,9,0,12,1,2,1,1,2,35,1,1,2,1,0,0,2,1,0,0,20,39,20,43,88,88,0,0,0,0,1,1,0,320086,0,2009,0,VICKI ANN RD,MICKEY ST,0000000,36.14266944,-115.9749694,2,1
32,3,5,31,21,38,1,3,1,0,16,6,0,8,0,2,1,2,2,25,1,1,2,1,0,0,2,1,0,0,21,40,22,2,22,15,0,0,0,0,1,1,0,320087,0,2009,0,HOLLYWOOD BLVD,ROCHELLE,0000000,36.11331667,-115.0263944,1,1
32,21,6,3,17,5,2,5,0,1,2,2,0,12,7,1,1,1,2,70,1,1,2,1,0,0,1,1,0,0,16,57,17,25,18,18,0,0,0,0,1,4,0,320088,0,2009,750,US-95,99999999999999999999,0000000,38.85693611,-118.7832667,2,1
32,3,6,5,4,7,1,1,0,0,15,6,0,25,0,2,3,3,7,35,2,1,2,1,0,0,3,1,0,0,4,9,4,14,88,88,0,0,0,0,1,6,1,320089,0,2009,0,PEBBLE RD,MANALANG RD,0000000,36.02848611,-115.1489056,1,1
32,31,6,6,17,52,4,6,0,0,3,3,0,12,2,1,1,1,4,55,1,2,2,2,0,0,1,2,0,0,17,50,17,54,18,44,0,0,0,0,1,7,0,320090,0,2009,0,SR-445,99999999999999999999,0000000,39.56131111,-119.75165,4,2
32,510,6,7,23,26,1,2,1,1,2,2,0,8,0,1,1,2,7,45,1,2,2,1,0,0,3,1,0,0,23,26,23,30,88,88,0,0,0,0,1,1,1,320091,0,2009,80,US-395,99999999999999999999,0000000,39.12894722,-119.7706,1,1
32,3,6,9,10,20,1,5,0,1,11,1,0,1,0,1,3,2,2,75,2,1,2,1,0,0,1,1,0,0,10,24,10,27,10,42,0,0,0,0,2,3,0,320092,0,2009,1210,I-15,99999999999999999999,0000000,36.81388889,-114.0614417,1,1
32,7,6,9,12,44,1,1,0,0,5,9,3,38,0,1,4,1,2,35,2,1,2,2,0,0,1,2,0,0,12,47,13,1,88,88,0,0,0,0,1,3,1,320093,0,2009,0,SOUTH FORK RD,99999999999999999999,0000000,40.70453056,-115.7280444,1,2
32,3,6,9,18,59,1,1,0,1,12,2,0,39,0,1,4,3,3,65,1,2,1,1,0,0,1,1,0,0,19,1,99,97,99,97,0,0,0,0,1,3,1,320094,0,2009,720,US-95,99999999999999999999,0000000,36.16005278,-115.0916028,1,1
32,3,6,11,14,31,1,2,1,0,14,6,0,9,0,2,1,2,7,25,1,1,2,1,0,0,1,1,0,0,14,34,14,37,14,42,0,0,0,0,1,5,0,320095,120,2009,0,CHARLESTON BLVD,WESTWOOD DR,0000000,36.15882222,-115.167375,1,1
32,3,6,11,19,40,1,2,1,0,6,6,0,9,0,1,1,1,2,35,1,1,2,1,0,0,1,1,0,0,19,43,20,17,20,29,0,0,0,0,1,5,0,320096,0,2009,0,CICCHI ST,99999999999999999999,0000000,35.84214167,-115.6716361,1,1
32,3,6,12,0,45,1,1,0,0,16,6,0,33,0,3,4,2,4,35,1,1,2,1,0,0,3,1,0,0,0,46,0,50,1,4,0,0,0,0,1,6,1,320097,0,2009,0,DEAN MARTIN DR,TROPICANA AVE,0000000,36.10051389,-115.1830472,1,1
32,7,6,12,18,25,1,2,0,1,1,1,0,1,0,1,3,2,4,75,1,1,2,2,0,0,2,2,0,0,18,33,18,46,19,24,0,0,0,0,1,6,0,320098,0,2009,3140,I-80,99999999999999999999,0000000,40.94923889,-115.5642139,1,2
32,31,6,13,10,27,2,2,0,1,11,1,0,12,1,1,1,2,7,65,1,2,2,1,0,0,1,1,0,0,10,27,10,29,88,88,0,19,0,0,1,7,0,320099,0,2009,100,I-80,99999999999999999999,0000000,39.52378889,-119.8628556,2,1
32,3,6,14,3,5,1,6,1,1,11,1,0,8,0,1,1,3,3,65,1,1,2,1,0,0,3,1,0,0,3,8,3,29,3,54,0,0,0,0,1,1,0,320100,0,2009,380,I-15,99999999999999999999,0000000,36.114675,-115.1808028,1,1
32,3,6,15,5,17,2,2,0,0,16,6,0,12,1,3,1,1,6,35,1,1,2,1,3,3,4,1,0,0,5,17,5,22,5,52,0,0,0,0,1,2,1,320101,120,2009,0,SMOKE RANCH RD,DECATUR BLVD,0000000,36.202775,-115.2055806,2,1
32,3,6,19,17,28,1,4,1,0,14,6,0,8,0,1,1,2,6,45,1,1,2,1,0,0,1,1,0,0,17,32,17,41,17,52,0,0,0,0,1,6,0,320102,120,2009,0,CRAIG RD,99999999999999999999,0000000,36.23874444,-115.2129056,1,1
32,3,6,20,4,30,2,3,0,0,13,4,0,12,2,1,1,1,4,55,1,2,2,1,0,0,2,1,0,0,4,35,4,42,99,99,0,0,0,0,1,7,1,320103,0,2009,340,CR-215,99999999999999999999,0000000,36.26278889,-115.3270056,2,1
32,3,6,28,6,30,2,3,0,0,15,6,0,12,5,2,1,1,5,25,1,1,2,1,20,3,1,1,0,0,6,31,6,39,6,53,0,0,0,0,1,1,1,320104,0,2009,0,SPRING MOUNTAIN RD,PROCYON ST,0000000,36.12645556,-115.1878583,2,1
32,13,6,29,2,45,1,4,0,1,1,1,0,27,0,1,4,2,2,75,1,1,1,1,0,0,2,1,0,0,4,40,5,52,6,57,0,0,0,0,1,2,0,320105,0,2009,590,I-80,99999999999999999999,0000000,40.74211944,-117.0655,1,1
32,3,6,29,4,28,2,2,0,0,13,3,0,12,5,2,1,1,4,55,1,1,2,1,20,3,3,1,0,0,4,30,5,4,88,88,0,0,0,0,1,2,1,320106,0,2009,60,SR-160,EL CAPITAN WAY,0000000,36.02035556,-115.2885444,2,1
32,3,6,29,15,14,1,3,1,0,14,6,0,9,0,1,5,1,7,45,1,1,2,1,0,0,1,1,0,0,15,16,15,27,15,33,0,0,0,0,1,2,1,320107,0,2009,0,DESERT INN RD,99999999999999999999,0000000,36.12964167,-115.0926389,1,1
32,3,6,30,20,30,3,3,0,0,14,6,0,12,5,8,1,1,7,45,1,1,2,1,0,0,5,1,0,0,20,34,20,38,20,51,0,0,0,0,1,3,0,320108,0,2009,0,DESERT INN RD,99999999999999999999,0000000,36.12968333,-115.2885278,3,1
32,3,7,1,7,40,2,2,0,0,14,6,0,12,5,2,1,2,7,45,1,1,2,1,3,3,1,1,0,0,7,39,7,43,8,15,0,0,0,0,1,4,0,320109,120,2009,0,DURANGO RD,SAHARA AVE,0000000,36.1442,-115.2790056,2,1
32,3,7,2,8,7,4,5,0,0,14,6,0,12,1,2,1,2,7,45,1,1,2,1,3,3,1,1,0,0,8,7,8,12,88,88,0,0,0,0,1,5,1,320110,0,2009,0,DESERT INN RD,PECOS-MCLEOD DR,0000000,36.12978611,-115.1098472,4,1
32,3,7,5,2,47,2,2,0,0,14,6,0,12,3,3,1,1,7,45,1,1,2,1,0,0,3,1,0,0,2,48,2,53,3,9,0,0,0,0,1,1,1,320111,0,2009,0,DURANGO DR,UNIVERSITY AVE,0000000,36.10938056,-115.2791278,2,1
32,7,7,5,6,47,1,3,0,1,1,1,0,52,0,1,4,2,2,75,1,1,2,1,0,0,1,1,0,0,6,45,7,1,7,49,0,0,0,0,2,1,0,320112,0,2009,364,I-80,99999999999999999999,0000000,40.94964722,-115.5877278,1,1
32,3,7,6,0,39,1,1,0,0,16,6,0,29,0,2,4,1,7,35,1,1,2,1,0,0,3,1,0,0,0,39,0,49,88,88,0,0,0,0,1,2,1,320113,0,2009,0,OAKEY BLVD,WESTWIND RD,0000000,36.15181389,-115.2189972,1,1
32,33,7,6,16,55,1,1,0,1,2,2,0,27,0,1,4,1,2,70,2,2,2,1,0,0,1,1,0,0,17,1,99,97,99,97,0,0,0,0,1,2,0,320114,0,2009,770,US-6,99999999999999999999,0000000,39.12973889,-114.4205639,1,1
32,3,7,7,7,47,1,3,1,0,14,6,0,8,0,3,5,1,4,35,1,1,2,1,0,0,1,1,0,0,7,49,7,56,8,6,0,0,0,0,1,3,0,320115,120,2009,0,RAINBOW BLVD,LIGHT BREEZE DR,0000000,36.21536944,-115.242275,1,1
32,31,7,9,12,43,1,3,1,0,16,6,0,9,0,2,1,1,2,25,1,2,2,1,0,0,1,1,0,0,12,44,12,48,13,9,0,0,0,0,1,5,0,320116,170,2009,0,STARDUST ST,ELGIN AVE,0000000,39.52868889,-119.8332583,1,1
32,31,7,9,19,25,3,5,0,0,13,6,0,12,5,2,1,1,2,35,1,1,2,1,0,0,1,1,0,0,19,25,19,27,19,41,0,0,0,0,1,5,1,320117,170,2009,0,2ND ST,KIRMAN AVE,0000000,39.52741111,-119.7983667,3,1
32,7,7,11,17,20,1,2,0,1,1,1,0,18,0,1,1,2,2,65,1,1,2,7,0,0,1,1,0,1,17,19,17,38,19,5,0,0,0,0,1,7,1,320118,0,2009,451,I-80,99999999999999999999,0000000,41.09240833,-114.7173528,1,1
32,3,7,13,10,49,2,2,0,0,14,6,0,29,0,1,3,3,4,45,1,1,2,1,0,0,1,1,0,0,10,50,10,52,11,16,0,14,0,0,1,2,0,320119,120,2009,0,CHARLESTON BLVD,99999999999999999999,0000000,36.15892222,-115.3007139,2,1
32,5,7,15,17,45,1,3,0,0,9,9,0,24,0,1,4,1,2,25,2,1,2,1,0,0,1,1,0,0,17,30,17,41,17,55,0,0,0,0,1,4,1,320120,0,2009,0,WASHOE RD,99999999999999999999,0000000,38.87563333,-119.6895222,1,1
32,9,7,18,11,25,2,6,0,1,2,2,0,12,2,1,1,1,2,70,1,1,2,1,0,0,1,1,0,0,11,28,11,31,11,50,0,0,0,0,2,7,0,320121,0,2009,417,US-95,99999999999999999999,0000000,38.08800833,-117.29065,2,1
32,3,7,18,23,30,1,1,0,1,11,1,0,25,0,1,2,3,3,65,2,1,1,2,0,0,3,2,0,0,23,35,23,44,0,1,0,0,0,0,1,7,0,320122,0,2009,100,I-215,99999999999999999999,0000000,36.06052778,-115.14425,1,2
32,3,7,20,15,7,2,3,0,0,14,6,0,12,5,2,1,2,7,45,1,2,2,1,3,3,1,1,0,0,15,8,15,13,15,44,0,0,0,0,1,2,0,320123,120,2009,0,SAHARA AVE,COMMERCIAL CENTER DR,0000000,36.14415,-115.1424028,2,1
32,3,7,23,11,30,1,3,0,0,5,3,0,1,0,1,4,1,2,55,1,1,2,1,0,0,1,1,0,0,11,42,11,57,12,22,0,0,0,0,1,5,0,320124,0,2009,90,SR-604,99999999999999999999,0000000,35.92781111,-115.1935111,1,1