STATE,COUNTY,MONTH,DAY,HOUR,MINUTE,VE_TOTAL,PERSONS,PEDS,NHS,ROAD_FNC,ROUTE,SP_JUR,HARM_EV,MAN_COLL,REL_JUNC,REL_ROAD,TRAF_FLO,NO_LANES,SP_LIMIT,ALIGNMNT,PROFILE,PAVE_TYP,SUR_COND,TRA_CONT,T_CONT_F,LGT_COND,WEATHER1,WEATHER2,WRK_ZONE,NOT_HOUR,NOT_MIN,ARR_HOUR,ARR_MIN,HOSP_HR,HOSP_MN,SCH_BUS,CF1,CF2,CF3,FATALS,DAY_WEEK,DRUNK_DR,ST_CASE,CITY,YEAR,MILEPT,TWAY_ID,TWAY_ID2,RAIL,LATITUDE,LONGITUD,VE_FORMS,WEATHER
32,3,7,25,10,52,1,5,0,1,1,1,0,24,0,1,4,3,3,70,2,2,1,1,0,0,1,1,0,0,10,53,11,20,11,53,0,0,0,0,1,7,0,320125,0,2009,220,I-15,99999999999999999999,0000000,35.88817222,-115.2230639,1,1
32,19,7,26,13,15,3,4,0,1,2,2,0,12,2,1,1,1,2,65,1,1,2,1,0,0,1,1,0,0,13,16,13,25,15,5,0,0,0,0,1,1,0,320126,0,2009,552,US-95A,99999999999999999999,0000000,39.56913333,-119.2416361,3,1
32,3,8,3,2,19,1,12,0,1,1,1,0,1,0,1,4,3,3,70,1,1,1,1,0,0,2,1,0,0,2,33,2,46,3,25,0,0,0,0,1,2,0,320127,0,2009,241,I-15,99999999999999999999,0000000,35.91398056,-115.2045222,1,1
32,31,8,4,17,59,3,7,0,1,11,1,0,16,0,1,3,3,6,65,1,1,1,1,0,0,1,1,0,0,18,0,18,8,18,51,0,14,0,0,3,3,0,320128,0,2009,253,I-580,99999999999999999999,0000000,39.52918889,-119.7843694,3,1
32,23,8,5,11,50,1,4,0,0,2,3,0,27,0,1,4,1,2,70,1,1,2,1,0,0,1,6,0,0,11,58,12,17,12,49,0,0,0,0,1,4,0,320129,0,2009,331,SR-376,99999999999999999999,0000000,38.52320556,-117.2026861,1,6
32,15,8,6,6,45,1,3,0,1,2,2,0,1,0,1,2,1,2,70,2,2,2,1,0,0,1,1,0,0,6,55,8,0,9,0,0,0,0,0,1,5,0,320130,0,2009,96,US-50,99999999999999999999,0000000,39.47486111,-117.3361167,1,1
32,7,8,6,14,0,1,2,0,0,4,3,0,1,0,1,5,1,2,55,2,2,2,5,0,0,1,1,0,1,13,53,14,25,15,25,0,0,0,0,1,5,0,320131,0,2009,150,SR-229,99999999999999999999,0000000,40.86356667,-115.2480417,1,1
32,23,8,6,22,20,1,1,0,0,4,3,0,1,0,1,4,1,2,55,1,1,2,1,0,0,2,1,0,0,22,24,22,26,88,88,0,0,0,0,1,5,1,320132,0,2009,143,SR-160,99999999999999999999,0000000,36.32158611,-116.0280861,1,1
32,3,8,7,22,45,1,1,0,0,6,9,0,1,0,1,5,1,2,25,1,2,2,1,0,0,2,1,0,0,22,52,23,18,23,56,0,0,0,0,1,6,1,320133,154,2009,0,MORMON MESA RD,99999999999999999999,0000000,36.56488056,-114.4335667,1,1
32,3,8,8,3,0,1,1,0,0,4,3,0,31,0,1,4,1,2,55,1,2,2,1,0,0,2,1,0,0,88,88,88,88,88,88,0,0,0,0,1,7,1,320134,0,2009,86,SR-165,99999999999999999999,0000000,35.73433056,-114.8329583,1,1
32,13,8,9,5,15,1,4,0,1,1,1,0,27,0,1,4,2,4,75,1,1,2,1,0,0,1,1,0,0,5,23,5,29,6,9,0,0,0,0,1,1,0,320135,0,2009,262,I-80,99999999999999999999,0000000,40.98661944,-117.5451444,1,1
32,3,8,10,9,30,2,2,0,0,14,6,0,12,6,8,1,3,7,45,1,1,2,1,0,0,1,1,0,0,9,32,9,36,9,54,0,0,0,0,1,2,0,320136,120,2009,0,NELLIS BLVD,99999999999999999999,0000000,36.16831667,-115.0620417,2,1
32,7,8,10,16,50,1,1,0,1,1,1,0,35,0,1,5,2,4,75,2,1,2,1,0,0,1,1,0,0,16,46,16,56,18,15,0,0,0,0,1,2,0,320137,0,2009,104,I-80,99999999999999999999,0000000,40.77301111,-115.9072583,1,1
32,27,8,11,16,30,1,2,0,1,1,1,0,1,0,1,3,2,4,75,1,1,2,1,0,0,1,1,0,0,16,36,16,37,17,19,0,0,0,0,1,3,0,320138,0,2009,647,I-80,99999999999999999999,0000000,40.709075,-118.0452944,1,1
32,23,8,18,6,49,1,2,0,1,2,3,0,31,0,1,4,1,2,70,1,1,2,1,0,0,1,1,0,0,6,41,7,29,9,24,0,0,0,0,1,3,0,320139,0,2009,100,SR-318,99999999999999999999,0000000,38.30143889,-115.030525,1,1
32,7,8,19,17,55,1,1,0,0,3,3,0,31,0,1,4,1,2,70,1,2,2,1,0,0,1,1,0,0,17,57,18,18,88,88,0,0,0,0,1,4,1,320140,0,2009,586,SR-225,99999999999999999999,0000000,41.61128056,-115.8038389,1,1
32,17,8,21,6,0,1,5,0,1,2,2,0,1,0,1,4,1,2,70,2,2,2,1,0,0,1,1,0,0,6,0,6,25,6,57,0,0,0,0,2,6,1,320141,0,2009,823,US-93,99999999999999999999,0000000,37.59284444,-114.6812806,1,1
32,31,8,24,18,56,1,2,1,0,16,6,0,8,0,1,1,3,5,35,1,2,2,1,0,0,5,1,0,0,18,56,19,1,19,23,0,0,0,0,1,2,0,320142,170,2009,0,MAE ANNE AVE,99999999999999999999,0000000,39.53350556,-119.8692306,1,1
32,3,8,26,4,25,1,2,0,1,2,2,0,27,0,1,4,2,3,45,1,2,2,1,0,0,3,1,0,0,4,41,5,2,5,25,0,0,0,0,1,4,1,320143,0,2009,40,US-93,99999999999999999999,0000000,36.00925,-114.7966139,1,1
32,11,8,28,4,50,1,1,0,1,1,1,0,1,0,1,3,2,4,75,1,1,1,1,0,0,2,1,0,0,4,55,5,31,88,88,0,0,0,0,1,6,0,320144,0,2009,100,I-80,99999999999999999999,0000000,40.66097778,-116.4258528,1,1
32,7,8,30,7,55,1,8,0,1,1,1,0,27,0,1,4,2,2,75,2,2,2,1,0,0,1,1,0,0,9,2,9,16,11,30,0,0,0,0,1,1,0,320145,0,2009,1300,I-80,99999999999999999999,0000000,40.74413889,-114.0911306,1,1
32,3,9,1,20,6,1,2,1,0,13,4,0,8,0,1,1,3,3,65,1,1,1,1,0,0,3,1,0,0,20,6,20,12,88,88,0,0,0,0,1,3,0,320146,0,2009,160,CR-215,99999999999999999999,0000000,36.06619444,-115.2542,1,1
32,3,9,2,17,56,1,2,0,0,14,6,0,1,0,1,4,1,2,45,1,2,2,1,0,0,1,1,0,0,17,57,18,7,18,33,0,0,0,0,1,4,1,320147,0,2009,0,CHARLESTON BLVD,99999999999999999999,0000000,36.15890833,-115.355175,1,1
32,3,9,3,3,7,1,2,1,0,14,6,0,8,0,1,5,3,3,45,1,1,2,1,0,0,3,1,0,0,3,8,3,12,3,27,0,0,0,0,1,5,0,320148,0,2009,0,TROPICANA AVE,99999999999999999999,0000000,36.10043889,-115.0604917,1,1
32,5,9,3,13,55,2,2,0,1,2,2,0,12,1,3,1,2,6,55,1,1,2,1,1,3,1,1,0,0,14,1,14,2,88,88,0,0,0,0,1,5,0,320149,0,2009,330,US-395,JACKS VALLEY RD,0000000,39.10201667,-119.7748917,2,1
32,13,9,3,17,0,1,3,0,0,4,3,0,1,0,1,1,1,2,70,1,1,2,1,0,0,1,1,0,0,17,15,19,4,19,35,0,0,0,0,1,5,0,320150,0,2009,295,SR-140,99999999999999999999,0000000,41.50845,-118.3396417,1,1
32,31,9,3,22,20,1,2,0,0,3,3,0,1,0,1,5,1,2,70,1,2,2,1,0,0,2,1,0,0,22,25,23,1,0,22,0,0,0,0,1,5,1,320151,0,2009,358,SR-447,99999999999999999999,0000000,40.06993611,-119.3752,1,1
32,3,9,4,9,0,2,2,0,0,14,3,0,12,4,1,1,1,2,55,1,2,2,1,0,0,1,1,0,0,9,4,9,36,99,99,0,0,0,0,1,6,0,320152,0,2009,554,SR-604,99999999999999999999,0000000,36.27964722,-114.9874056,2,1
32,23,9,5,0,20,1,2,0,1,2,2,0,35,0,1,4,1,2,70,2,2,2,1,0,0,2,1,0,0,0,20,1,8,1,59,0,0,0,0,2,7,0,320153,0,2009,501,US-6,99999999999999999999,0000000,38.17555278,-116.3761083,1,1
32,510,9,8,16,55,2,3,0,1,2,2,0,12,5,2,1,1,4,35,1,1,2,1,3,3,1,1,0,0,17,0,17,4,17,18,0,0,0,0,1,3,0,320154,0,2009,129,US-50,AIRPORT RD,0000000,39.17660556,-119.7332222,2,1
32,3,9,8,20,15,1,2,1,0,16,6,0,8,0,2,1,1,4,35,1,1,2,1,0,0,3,1,0,0,20,16,20,19,20,36,0,0,0,0,1,3,0,320155,120,2009,0,OAKEY BLVD,VERDE JARDIN WAY,0000000,36.15178889,-115.2276667,1,1
32,3,9,9,18,29,1,5,0,0,16,6,0,39,0,3,5,1,4,35,1,1,2,1,0,0,1,1,0,0,18,50,19,6,19,33,0,0,0,0,1,4,1,320156,120,2009,0,TROPICAL PKWY,KYLIE ST,0000000,36.26935278,-115.2391667,1,1
32,510,9,11,17,54,1,1,0,0,14,6,0,33,0,1,4,1,5,35,2,1,2,1,0,0,1,1,0,0,17,54,17,59,88,88,0,0,0,0,1,6,1,320157,50,2009,0,COLLEGE PKWY,99999999999999999999,0000000,39.18928333,-119.7253889,1,1
32,17,9,12,5,0,1,4,0,1,2,2,0,1,0,1,2,1,2,65,1,1,2,1,0,0,2,1,0,0,5,6,6,9,7,12,0,0,0,0,1,7,0,320158,0,2009,1674,US-93,99999999999999999999,0000000,38.6233,-114.6434222,1,1
32,31,9,12,20,10,2,3,1,1,11,1,0,8,0,1,1,3,4,65,1,1,2,1,0,0,2,1,0,0,20,30,20,35,88,88,0,0,0,0,1,7,0,320159,0,2009,130,I-80,99999999999999999999,0000000,39.53279722,-119.8216056,2,1
32,3,9,12,21,47,1,2,1,1,13,3,0,8,0,1,1,3,6,45,1,1,2,1,0,0,3,1,0,0,21,47,99,99,88,88,0,0,0,0,1,7,0,320160,0,2009,0,SR-582,99999999999999999999,0000000,36.14146944,-115.0964528,1,1
32,23,9,18,9,35,2,3,0,0,2,3,0,12,2,1,1,1,2,55,1,1,2,1,0,0,1,1,0,0,9,53,10,3,10,31,0,0,0,0,2,6,0,320161,0,2009,125,SR-160,99999999999999999999,0000000,36.24704167,-116.0035222,2,1
32,3,9,20,15,2,1,1,0,0,16,6,0,39,0,2,5,1,2,25,1,1,2,1,0,0,1,1,0,0,15,4,15,7,15,19,0,0,0,0,1,1,0,320162,0,2009,0,BRENTMEAD DR,PARKHAVEN DR,0000000,36.09439167,-115.0891444,1,1
32,1,9,20,16,0,2,3,0,1,1,1,0,12,1,1,1,2,2,75,1,1,2,1,0,0,1,1,0,0,16,14,16,46,17,17,0,0,0,0,1,1,0,320163,0,2009,136,I-80,99999999999999999999,0000000,39.85746667,-118.9144611,2,1
32,3,9,23,3,29,1,1,0,0,13,6,0,46,0,2,4,2,2,35,2,1,2,1,3,3,2,1,0,0,3,29,3,38,88,88,0,0,0,0,1,4,1,320164,110,2009,0,ST ROSE PKWY,CORONADO CENTER DR,0000000,36.01581667,-115.1019139,1,1
32,31,9,23,6,43,2,2,0,0,14,6,0,12,5,2,1,1,2,45,1,2,2,1,0,0,4,1,0,0,6,44,6,47,7,10,0,0,0,0,1,4,0,320165,0,2009,0,VIRGINIA ST,LEMMON DR,0000000,39.60435556,-119.8544306,2,1
32,3,9,24,7,2,3,3,0,0,13,6,0,12,5,3,1,2,4,45,1,1,2,1,0,0,1,1,0,0,7,2,7,11,88,88,0,0,0,0,1,5,0,320166,0,2009,0,RAINBOW BLVD,DEWEY DR,0000000,36.08701944,-115.2428694,3,1
32,3,9,25,13,41,1,3,0,0,16,6,0,39,0,1,5,1,2,25,1,1,2,1,0,0,1,1,0,0,13,43,13,51,14,16,0,0,0,0,1,6,0,320167,0,2009,0,GATEWAY RD,99999999999999999999,0000000,36.08593056,-115.084325,1,1
32,510,9,25,14,12,1,2,0,1,2,2,0,35,0,1,4,3,2,50,2,2,2,1,0,0,1,1,0,0,14,12,14,29,14,45,0,0,0,0,1,6,0,320168,0,2009,10,US-50,99999999999999999999,0000000,39.11984444,-119.8755556,1,1
32,3,9,25,20,48,2,2,0,0,15,6,0,12,5,2,1,2,7,35,1,1,2,1,3,3,3,1,0,0,20,49,20,53,21,10,0,0,0,0,1,6,1,320169,150,2009,0,ALIANTE PKWY,CENTENNIAL RD,0000000,36.27660556,-115.1797361,2,1
32,3,9,26,14,41,2,3,0,0,14,6,0,12,4,3,1,2,5,45,1,2,2,1,0,0,1,1,0,0,14,36,14,37,14,52,0,0,0,0,1,7,1,320170,110,2009,0,LAKE MEAD PKWY,WATER ST,0000000,36.03695278,-114.9869167,2,1
32,3,9,27,17,13,2,5,0,0,14,6,0,12,5,2,1,2,7,30,1,1,2,1,3,3,1,1,0,0,17,14,17,19,17,45,0,0,0,0,1,1,0,320171,120,2009,0,LAS VEGAS BLVD,BRIDGER AVE,0000000,36.16689167,-115.1421417,2,1
32,3,9,29,5,21,2,2,0,0,13,6,0,12,5,8,1,2,7,45,1,1,2,1,0,0,4,1,0,0,5,21,5,27,5,36,0,0,0,0,1,3,0,320172,110,2009,0,EASTERN AVE,99999999999999999999,0000000,35.99415,-115.10105,2,1
32,23,9,29,22,45,1,1,0,0,2,3,0,1,0,1,5,1,2,70,1,2,2,1,0,0,2,1,0,0,22,43,22,57,88,88,0,0,0,0,1,3,1,320173,0,2009,463,SR-376,99999999999999999999,0000000,38.70148611,-117.1226472,1,1
32,3,10,6,20,2,1,2,0,0,15,6,0,43,0,1,5,2,5,35,1,1,2,1,0,0,3,1,0,0,20,3,20,4,20,35,0,0,0,0,1,3,0,320174,120,2009,0,CENTENNIAL PKWY,99999999999999999999,0000000,36.26403333,-115.2568389,1,1
32,7,10,7,17,1,1,4,0,0,3,4,0,1,0,1,4,1,2,25,1,3,4,1,0,0,1,1,0,0,17,1,17,8,17,47,0,0,0,0,1,4,1,320175,0,2009,0,CR-741,99999999999999999999,0000000,40.85838889,-115.7996333,1,1
32,3,10,7,21,10,1,2,0,0,14,6,0,31,0,3,5,2,4,45,1,1,2,1,0,0,3,1,0,0,21,11,21,17,21,27,0,0,0,0,1,4,0,320176,0,2009,0,NELLIS BLVD,WASHINGTON AVE,0000000,36.18139722,-115.0621361,1,1
32,3,10,9,23,30,2,3,0,0,14,6,0,12,3,1,11,5,5,35,1,1,2,1,0,0,3,1,0,0,23,32,23,37,23,54,0,0,0,0,1,6,1,320177,0,2009,0,BONANZA RD,99999999999999999999,0000000,36.1741,-115.0545306,2,1
32,3,10,10,4,33,1,2,1,0,15,6,0,8,0,1,2,3,2,45,1,2,2,1,0,0,2,1,0,0,4,33,4,44,88,88,0,0,0,0,1,7,1,320178,110,2009,0,HORIZON RIDGE PKWY,99999999999999999999,0000000,36.02193333,-115.0243833,1,1
32,3,10,11,1,11,2,4,0,0,14,6,0,12,4,1,1,1,7,35,1,1,2,1,0,0,3,1,0,0,1,15,1,29,2,0,0,0,0,0,1,1,1,320179,150,2009,0,LAKE MEAD BLVD,99999999999999999999,0000000,36.19591389,-115.1081639,2,1
32,3,10,13,19,13,1,4,1,0,14,6,0,8,0,1,1,3,3,45,1,1,2,1,0,0,3,1,0,0,19,13,99,99,88,88,0,0,0,0,1,3,0,320180,120,2009,0,CHARLESTON BLVD,99999999999999999999,0000000,36.15894444,-115.0703972,1,1
32,5,10,15,22,8,2,3,0,1,2,2,0,12,1,3,1,3,3,65,1,1,2,1,1,3,3,1,0,0,22,8,22,9,88,88,0,0,0,0,1,5,1,320181,0,2009,289,US-395,STEPHANIE LANE,0000000,39.04131944,-119.7797833,2,1
32,3,10,16,21,37,1,1,0,0,14,6,0,43,0,1,4,1,7,45,1,1,2,1,0,0,3,1,0,0,21,38,21,42,22,8,0,0,0,0,1,6,1,320182,0,2009,0,LAKE MEAD BLVD,99999999999999999999,0000000,36.19590556,-115.0717333,1,1
32,3,10,17,0,6,2,4,0,0,14,6,0,12,1,3,1,2,7,45,2,1,2,1,20,3,3,1,0,0,0,8,0,14,0,34,0,0,0,0,1,7,1,320183,0,2009,0,NELLIS BLVD,NEW WORLD AVE,0000000,36.14969167,-115.0655361,2,1
32,3,10,19,14,39,3,4,0,0,14,6,0,12,5,2,1,2,4,45,1,1,2,1,3,3,1,1,0,0,14,39,14,45,99,99,0,0,0,0,1,2,0,320184,150,2009,0,CRAIG RD,COMMERCE ST,0000000,36.2395,-115.1437167,3,1
32,31,10,22,15,50,1,1,0,1,11,1,0,25,0,1,4,3,3,65,2,2,1,1,0,0,1,1,0,0,15,51,15,55,16,15,0,0,0,0,1,5,1,320185,0,2009,165,I-580,99999999999999999999,0000000,39.42027222,-119.7485833,1,1
32,1,10,24,6,6,1,3,0,1,2,2,0,1,0,1,5,1,2,70,2,1,2,1,0,0,2,1,0,0,6,8,6,35,7,23,0,0,0,0,1,7,1,320186,0,2009,540,US-95,99999999999999999999,0000000,39.87830833,-118.7639889,1,1
32,23,10,27,9,25,1,1,0,0,4,3,0,1,0,1,2,1,2,65,1,1,2,1,0,0,1,1,0,0,9,25,10,13,88,88,0,0,0,0,1,3,1,320187,0,2009,57,SR-379,99999999999999999999,0000000,38.81663889,-115.5658667,1,1
32,23,10,29,19,45,1,1,0,0,5,3,0,1,0,1,5,1,2,55,1,1,2,1,0,0,2,1,0,0,19,49,20,0,88,88,0,0,0,0,1,5,0,320188,0,2009,130,SR-160,99999999999999999999,0000000,36.25685278,-116.0048222,1,1
32,31,10,31,2,36,1,1,0,0,16,6,0,29,0,2,3,2,2,40,1,1,2,1,0,0,3,1,0,0,2,39,2,46,88,88,0,0,0,0,1,7,1,320189,190,2009,0,VISTA BLVD,ALPLAND LN,0000000,39.5612,-119.7055194,1,1
32,3,10,31,17,50,1,1,0,0,14,6,0,25,0,2,4,2,4,35,1,1,2,1,20,3,5,1,0,0,17,51,17,55,18,37,0,0,0,0,1,7,1,320190,120,2009,0,HUALAPAI WAY,GRAND TETON DR,0000000,36.30678333,-115.3150111,1,1
32,3,11,1,21,7,1,2,1,0,16,6,0,8,0,4,1,1,2,25,1,1,2,1,0,0,3,1,0,0,21,7,21,10,88,88,0,0,0,0,1,1,0,320191,120,2009,0,PELHAM CT,99999999999999999999,0000000,36.16577778,-115.0883528,1,1
32,3,11,2,6,35,1,1,0,1,1,1,0,24,0,1,4,2,2,75,1,1,2,1,0,0,4,1,0,0,6,36,6,50,88,88,0,0,0,0,1,2,0,320192,0,2009,1090,I-15,99999999999999999999,0000000,36.77714722,-114.2719972,1,1
32,3,11,2,17,33,2,3,0,0,14,6,0,12,5,8,1,2,7,45,1,1,2,1,0,0,3,1,0,0,17,33,17,33,88,88,0,0,0,0,1,2,0,320193,0,2009,0,NELLIS BLVD,99999999999999999999,0000000,36.16831111,-115.0620472,2,1
32,31,11,3,19,43,1,1,1,0,3,6,0,8,0,1,1,1,2,40,1,2,2,1,0,0,2,1,0,0,19,43,20,15,88,88,0,0,0,0,1,3,0,320194,0,2009,0,RED ROCK RD,99999999999999999999,0000000,39.793975,-119.901825,1,1
32,3,11,3,20,1,4,4,0,0,14,6,0,12,5,2,1,1,7,45,1,2,2,1,0,0,3,1,0,0,20,3,20,8,20,28,0,0,0,0,1,3,0,320195,120,2009,0,SAHARA AVE,EDMOND ST,0000000,36.14454722,-115.2123944,4,1
32,3,11,8,1,30,3,1,0,0,14,6,0,14,1,1,2,1,2,35,1,2,2,1,0,0,2,1,0,0,1,30,1,34,88,88,0,0,0,0,1,1,1,320196,150,2009,0,CAREY AVE,99999999999999999999,0000000,36.20321944,-115.0992972,1,1
32,3,11,8,10,42,3,4,0,0,14,6,0,12,5,8,1,2,7,45,1,2,2,1,0,0,1,1,0,0,10,42,10,49,88,88,0,0,0,0,1,1,0,320197,120,2009,0,LAKE MEAD BLVD,99999999999999999999,0000000,36.20621389,-115.3025306,3,1
32,3,11,9,21,20,1,2,1,1,11,1,0,8,0,1,1,3,5,55,1,1,1,1,0,0,3,1,0,4,21,21,21,25,88,88,0,0,0,0,1,2,0,320198,0,2009,373,I-15,99999999999999999999,0000000,36.10133611,-115.1808667,1,1
32,31,11,11,19,57,3,8,0,0,14,3,0,12,5,2,1,1,2,45,1,1,2,1,3,3,3,1,0,0,19,59,20,8,20,57,0,0,0,0,1,4,0,320199,0,2009,21,SR-341,TOLL RD,0000000,39.39771944,-119.7356139,3,1
32,3,11,13,17,40,1,1,0,0,4,3,0,1,0,1,4,1,2,55,2,1,2,1,0,0,2,1,0,0,17,46,17,59,88,88,0,0,0,0,1,6,0,320200,0,2009,43,SR-161,99999999999999999999,0000000,35.82381667,-115.4169083,1,1
32,3,11,15,14,55,1,2,0,0,4,3,0,1,0,1,5,1,2,55,2,2,2,1,0,0,1,1,0,0,15,2,15,23,88,88,0,0,0,0,2,1,1,320201,0,2009,50,SR-168,99999999999999999999,0000000,36.70510556,-114.6641361,1,1
32,27,11,16,18,55,1,2,0,1,1,1,0,1,0,1,2,2,4,75,1,1,2,1,0,0,2,1,0,0,18,55,19,20,19,49,0,0,0,0,1,2,0,320202,0,2009,470,I-80,99999999999999999999,0000000,40.57638333,-118.2658472,1,1
32,13,11,18,13,25,1,2,0,0,4,3,0,1,0,1,5,1,2,70,1,1,2,1,0,0,1,1,0,0,99,99,99,99,99,99,0,0,0,0,1,4,0,320203,0,2009,233,SR-140,99999999999999999999,0000000,41.45440556,-118.2382778,1,1
32,3,11,18,23,54,2,2,0,1,11,1,0,12,1,1,1,3,7,55,1,1,1,1,0,0,3,1,0,1,23,57,0,2,88,88,0,0,0,0,1,4,1,320204,0,2009,388,I-15,99999999999999999999,0000000,36.11450833,-115.180475,2,1
32,1,11,20,12,15,5,10,0,1,1,1,0,12,1,1,1,2,4,65,2,2,2,1,0,0,1,7,0,0,12,34,13,14,15,0,0,19,0,0,1,6,0,320205,0,2009,65,I-80,99999999999999999999,0000000,39.78863056,-119.023625,5,7
32,3,11,21,5,43,3,4,0,1,2,2,0,12,5,8,1,1,4,65,2,2,2,1,0,0,2,1,0,0,5,38,5,51,88,88,0,0,0,0,1,7,0,320206,0,2009,230,US-95,99999999999999999999,0000000,35.48281389,-114.9228611,2,1
32,3,11,23,1,0,4,4,0,0,13,4,0,12,1,1,1,3,4,65,1,1,1,1,0,0,3,1,0,0,1,6,1,6,88,88,0,0,0,0,1,2,1,320207,0,2009,50,CR-215,99999999999999999999,0000000,36.02348889,-115.0909917,4,1
32,3,11,23,9,6,2,2,0,0,16,6,0,12,5,2,1,1,2,35,1,1,2,1,3,3,1,1,0,0,9,6,9,11,9,30,0,0,0,0,1,2,0,320208,120,2009,0,ST. LOUIS,FREMONT ST,0000000,36.14853611,-115.1048389,2,1
32,3,11,26,1,8,1,3,1,1,1,1,0,8,0,1,1,2,2,75,1,1,2,1,0,0,2,1,0,0,1,13,1,18,88,88,0,0,0,0,1,5,0,320209,0,2009,1200,I-15,99999999999999999999,0000000,36.80350278,-114.106,1,1
32,3,11,27,0,20,3,5,0,0,14,6,0,12,1,1,1,2,7,45,1,1,2,1,0,0,3,1,0,0,0,20,0,25,88,88,0,0,0,0,1,6,1,320210,150,2009,0,CRAIG RD,99999999999999999999,0000000,36.23962222,-115.1341083,3,1
32,3,11,29,1,13,2,3,0,0,14,6,0,12,5,2,1,2,7,45,1,1,2,1,3,3,3,1,0,0,1,14,1,26,1,49,0,0,0,0,1,1,1,320211,0,2009,0,RAINBOW BLVD,FLAMINGO RD,0000000,36.11445,-115.2430333,2,1
32,3,12,2,17,3,2,2,0,0,14,6,0,12,5,2,1,2,7,45,1,2,2,1,0,0,3,1,0,0,17,4,17,6,17,29,0,0,0,0,1,4,0,320212,0,2009,0,FLAMINGO RD,PEARL ST,0000000,36.11531389,-115.0966722,2,1
32,5,12,3,7,45,2,2,0,1,2,2,0,12,2,1,1,1,2,55,1,1,2,1,0,0,1,1,0,0,8,32,8,32,8,51,0,0,0,0,1,5,0,320213,0,2009,180,US-395,99999999999999999999,0000000,38.90774722,-119.7078917,2,1
32,3,12,3,10,33,1,2,1,0,14,6,0,8,0,2,1,2,4,45,1,2,2,1,0,0,1,1,0,0,10,37,10,39,10,56,0,0,0,0,1,5,0,320214,120,2009,0,CHARLESTON BLVD,MOHAWK ST,0000000,36.15921944,-115.2148694,1,1
32,3,12,5,17,54,2,2,0,1,1,1,0,12,4,1,1,2,4,75,1,1,2,1,0,0,2,1,0,0,17,55,18,19,18,40,0,0,0,0,1,7,0,320215,0,2009,838,I-15,99999999999999999999,0000000,36.60869722,-114.6317222,2,1
32,7,12,7,8,35,1,2,0,1,1,1,0,1,0,1,3,2,4,75,1,2,2,3,0,0,1,4,0,0,8,32,8,55,9,49,0,0,0,0,1,2,0,320216,0,2009,433,I-80,99999999999999999999,0000000,40.95928056,-115.4639278,1,4
32,3,12,9,17,22,1,3,2,0,14,6,0,8,0,1,5,3,3,45,1,1,2,1,0,0,3,1,0,0,17,22,99,99,99,99,0,0,0,0,1,4,0,320217,0,2009,0,DESERT INN RD,99999999999999999999,0000000,36.12966111,-115.161775,1,1
32,3,12,14,6,0,1,3,1,1,11,1,0,8,0,1,1,3,5,55,1,1,1,1,0,0,3,1,0,0,6,5,6,9,88,88,0,0,0,0,1,2,0,320218,0,2009,360,I-15,99999999999999999999,0000000,36.09223056,-115.1808583,1,1
32,3,12,16,7,21,2,2,0,0,13,6,0,12,5,2,1,3,4,55,1,1,2,1,0,0,1,1,0,0,7,21,7,29,8,1,0,0,0,0,1,4,1,320219,110,2009,0,ST. ROSE PKWY,GILLESPIE,0000000,35.97271944,-115.1625861,2,1
32,3,12,17,5,30,2,2,0,1,2,2,0,12,1,1,1,2,2,65,1,2,2,1,0,0,2,1,0,0,5,48,5,58,88,88,0,0,0,0,1,5,0,320220,0,2009,132,US-95,99999999999999999999,0000000,35.37087778,-114.8957444,2,1
32,3,12,19,18,31,1,2,1,1,12,2,0,18,0,1,1,3,7,65,1,1,2,1,0,0,3,1,0,0,18,31,18,38,88,88,0,0,0,0,1,7,0,320221,0,2009,771,US-95,99999999999999999999,0000000,36.17511944,-115.1811694,1,1
32,3,12,24,11,0,1,1,0,0,5,9,0,33,0,1,4,2,2,50,2,2,2,1,0,0,1,1,0,0,12,30,12,40,88,88,0,0,0,0,1,5,1,320222,0,2009,261,NORTH SHORE ROAD,99999999999999999999,0000000,36.24196389,-114.5299333,1,1
32,3,12,26,17,6,2,5,0,1,12,2,0,12,5,10,1,3,4,45,1,2,2,1,20,3,3,1,0,0,17,7,17,12,17,58,0,0,0,0,1,7,1,320223,21,2009,0,US-93,LAKE MOUNTAIN DR,0000000,35.98808333,-114.8340306,2,1
32,31,12,29,22,12,2,3,0,0,13,6,0,12,5,2,1,2,4,45,1,1,2,1,20,3,2,1,0,0,22,14,22,23,22,51,0,0,0,0,1,3,0,320224,170,2009,0,DOUBLE R BLVD,TRADEMARK DR,0000000,39.44850833,-119.7594944,2,1
32,3,12,31,13,8,1,4,0,1,1,1,0,1,0,1,5,2,4,75,1,2,2,1,0,0,1,1,0,0,13,13,13,47,15,19,0,0,0,0,1,5,0,320225,0,2009,687,I-15,99999999999999999999,0000000,36.45369722,-114.8416972,1,1